               X               Y            VELX            VELY            PRES            TEMP            PS 1            PS 2  1.01000000E+02
 -9.40000000E-01  5.00000000E-01 -7.97863631E-02  2.76273189E-01  1.23580876E+00  0.00000000E+00  5.38504154E-03  3.87831580E-02
 -9.38120000E-01  5.00000000E-01 -7.91101572E-02  2.74979789E-01  1.23574617E+00  0.00000000E+00  6.20924071E-03  4.77314966E-02
 -9.36240000E-01  5.00000000E-01 -7.81893155E-02  2.72864442E-01  1.23569626E+00  0.00000000E+00  6.93474685E-03  5.58403640E-02
 -9.34360000E-01  5.00000000E-01 -7.71358721E-02  2.70277909E-01  1.23562618E+00  0.00000000E+00  7.58597309E-03  6.32597428E-02
 -9.32480000E-01  5.00000000E-01 -7.60034839E-02  2.67362352E-01  1.23553089E+00  0.00000000E+00  8.17895448E-03  7.00920272E-02
 -9.30600000E-01  5.00000000E-01 -7.47855072E-02  2.64267896E-01  1.23549196E+00  0.00000000E+00  8.72276565E-03  7.63705960E-02
 -9.28720000E-01  5.00000000E-01 -7.35117701E-02  2.61070267E-01  1.23535932E+00  0.00000000E+00  9.22949148E-03  8.22072560E-02
 -9.26840000E-01  5.00000000E-01 -7.21854918E-02  2.57776922E-01  1.23526967E+00  0.00000000E+00  9.70421846E-03  8.76470805E-02
 -9.24960000E-01  5.00000000E-01 -7.08155818E-02  2.54403972E-01  1.23520433E+00  0.00000000E+00  1.01505137E-02  9.27164544E-02
 -9.23080000E-01  5.00000000E-01 -6.94094019E-02  2.50964967E-01  1.23514888E+00  0.00000000E+00  1.05715653E-02  9.74399705E-02
 -9.21200000E-01  5.00000000E-01 -6.79729029E-02  2.47471112E-01  1.23509269E+00  0.00000000E+00  1.09702053E-02  1.01840522E-01
 -9.19320000E-01  5.00000000E-01 -6.65107607E-02  2.43931491E-01  1.23502853E+00  0.00000000E+00  1.13489328E-02  1.05939393E-01
 -9.17440000E-01  5.00000000E-01 -6.50265128E-02  2.40353288E-01  1.23495206E+00  0.00000000E+00  1.17099373E-02  1.09756352E-01
 -9.15560000E-01  5.00000000E-01 -6.35226945E-02  2.36742008E-01  1.23486143E+00  0.00000000E+00  1.20551215E-02  1.13309739E-01
 -9.13680000E-01  5.00000000E-01 -6.20009756E-02  2.33101697E-01  1.23475680E+00  0.00000000E+00  1.23861247E-02  1.16616565E-01
 -9.11800000E-01  5.00000000E-01 -6.04622959E-02  2.29435166E-01  1.23463994E+00  0.00000000E+00  1.27043456E-02  1.19692592E-01
 -9.09920000E-01  5.00000000E-01 -5.89070026E-02  2.25744208E-01  1.23451375E+00  0.00000000E+00  1.30109657E-02  1.22552437E-01
 -9.08040000E-01  5.00000000E-01 -5.73349856E-02  2.22029824E-01  1.23438182E+00  0.00000000E+00  1.33069722E-02  1.25209652E-01
 -9.06160000E-01  5.00000000E-01 -5.57458146E-02  2.18292439E-01  1.23424800E+00  0.00000000E+00  1.35931811E-02  1.27676823E-01
 -9.04280000E-01  5.00000000E-01 -5.41388749E-02  2.14532129E-01  1.23411594E+00  0.00000000E+00  1.38702605E-02  1.29965657E-01
 -9.02400000E-01  5.00000000E-01 -5.25135041E-02  2.10748836E-01  1.23398864E+00  0.00000000E+00  1.41387533E-02  1.32087076E-01
 -9.00520000E-01  5.00000000E-01 -5.08691279E-02  2.06942595E-01  1.23386804E+00  0.00000000E+00  1.43991007E-02  1.34051306E-01
 -8.98640000E-01  5.00000000E-01 -4.92053972E-02  2.03113750E-01  1.23375453E+00  0.00000000E+00  1.46516650E-02  1.35867970E-01
 -8.96760000E-01  5.00000000E-01 -4.75223235E-02  1.99263180E-01  1.23364654E+00  0.00000000E+00  1.48967530E-02  1.37546178E-01
 -8.94880000E-01  5.00000000E-01 -4.58204161E-02  1.95392516E-01  1.23354007E+00  0.00000000E+00  1.51346388E-02  1.39094619E-01
 -8.93000000E-01  5.00000000E-01 -4.41008176E-02  1.91504363E-01  1.23342827E+00  0.00000000E+00  1.53655870E-02  1.40521651E-01
 -8.91120000E-01  5.00000000E-01 -4.23654408E-02  1.87602525E-01  1.23330096E+00  0.00000000E+00  1.55898757E-02  1.41835395E-01
 -8.89240000E-01  5.00000000E-01 -4.06171046E-02  1.83692221E-01  1.23314422E+00  0.00000000E+00  1.58078200E-02  1.43043821E-01
 -8.87360000E-01  5.00000000E-01 -3.88596708E-02  1.79780308E-01  1.23293994E+00  0.00000000E+00  1.60197944E-02  1.44154846E-01
 -8.85480000E-01  5.00000000E-01 -3.70981798E-02  1.75875504E-01  1.23266534E+00  0.00000000E+00  1.62262564E-02  1.45176419E-01
 -8.83600000E-01  5.00000000E-01 -3.53135053E-02  1.71937324E-01  1.23264105E+00  0.00000000E+00  1.64273444E-02  1.46108252E-01
 -8.81720000E-01  5.00000000E-01 -3.35197491E-02  1.67997042E-01  1.23254727E+00  0.00000000E+00  1.66232280E-02  1.46959238E-01
 -8.79840000E-01  5.00000000E-01 -3.17169501E-02  1.64053686E-01  1.23240417E+00  0.00000000E+00  1.68140866E-02  1.47734552E-01
 -8.77960000E-01  5.00000000E-01 -2.99050071E-02  1.60106354E-01  1.23223137E+00  0.00000000E+00  1.70000837E-02  1.48439033E-01
 -8.76080000E-01  5.00000000E-01 -2.80839154E-02  1.56154679E-01  1.23204398E+00  0.00000000E+00  1.71813703E-02  1.49077267E-01
 -8.74200000E-01  5.00000000E-01 -2.62537577E-02  1.52198773E-01  1.23185307E+00  0.00000000E+00  1.73580858E-02  1.49653587E-01
 -8.72320000E-01  5.00000000E-01 -2.44146952E-02  1.48239163E-01  1.23166615E+00  0.00000000E+00  1.75303587E-02  1.50172081E-01
 -8.70440000E-01  5.00000000E-01 -2.25669585E-02  1.44276739E-01  1.23148770E+00  0.00000000E+00  1.76983082E-02  1.50636598E-01
 -8.68560000E-01  5.00000000E-01 -2.07108385E-02  1.40312687E-01  1.23131957E+00  0.00000000E+00  1.78620451E-02  1.51050754E-01
 -8.66680000E-01  5.00000000E-01 -1.88466774E-02  1.36348435E-01  1.23116151E+00  0.00000000E+00  1.80216725E-02  1.51417934E-01
 -8.64800000E-01  5.00000000E-01 -1.69748600E-02  1.32385594E-01  1.23101163E+00  0.00000000E+00  1.81772874E-02  1.51741302E-01
 -8.62920000E-01  5.00000000E-01 -1.50958042E-02  1.28425897E-01  1.23086692E+00  0.00000000E+00  1.83289816E-02  1.52023807E-01
 -8.61040000E-01  5.00000000E-01 -1.32099522E-02  1.24471138E-01  1.23072365E+00  0.00000000E+00  1.84768426E-02  1.52268184E-01
 -8.59160000E-01  5.00000000E-01 -1.13177618E-02  1.20523120E-01  1.23057794E+00  0.00000000E+00  1.86209549E-02  1.52476966E-01
 -8.57280000E-01  5.00000000E-01 -9.41969689E-03  1.16583587E-01  1.23042617E+00  0.00000000E+00  1.87614009E-02  1.52652484E-01
 -8.55400000E-01  5.00000000E-01 -7.51621884E-03  1.12654173E-01  1.23026550E+00  0.00000000E+00  1.88982622E-02  1.52796878E-01
 -8.53520000E-01  5.00000000E-01 -5.60777738E-03  1.08736336E-01  1.23009433E+00  0.00000000E+00  1.90316206E-02  1.52912100E-01
 -8.51640000E-01  5.00000000E-01 -3.69480161E-03  1.04831306E-01  1.22991279E+00  0.00000000E+00  1.91615591E-02  1.52999920E-01
 -8.49760000E-01  5.00000000E-01 -1.77769104E-03  1.00940020E-01  1.22972322E+00  0.00000000E+00  1.92881630E-02  1.53061933E-01
 -8.47880000E-01  5.00000000E-01  1.43193391E-04  9.70630640E-02  1.22953064E+00  0.00000000E+00  1.94115213E-02  1.53099565E-01
 -8.46000000E-01  5.00000000E-01  2.06753832E-03  9.32006171E-02  1.22934323E+00  0.00000000E+00  1.95317272E-02  1.53114077E-01
 -8.44120000E-01  5.00000000E-01  3.99508694E-03  8.93523894E-02  1.22917283E+00  0.00000000E+00  1.96488799E-02  1.53106574E-01
 -8.42240000E-01  5.00000000E-01  5.92564797E-03  8.55175635E-02  1.22903539E+00  0.00000000E+00  1.97630850E-02  1.53078006E-01
 -8.40360000E-01  5.00000000E-01  7.85910466E-03  8.16947357E-02  1.22895148E+00  0.00000000E+00  1.98744562E-02  1.53029181E-01
 -8.38480000E-01  5.00000000E-01  9.79661200E-03  7.78858823E-02  1.22888056E+00  0.00000000E+00  1.99830701E-02  1.52960959E-01
 -8.36600000E-01  5.00000000E-01  1.17410336E-02  7.41052717E-02  1.22862640E+00  0.00000000E+00  2.00887697E-02  1.52875196E-01
 -8.34720000E-01  5.00000000E-01  1.36873370E-02  7.03407308E-02  1.22843115E+00  0.00000000E+00  2.01917227E-02  1.52772242E-01
 -8.32840000E-01  5.00000000E-01  1.56358430E-02  6.65943286E-02  1.22827544E+00  0.00000000E+00  2.02919900E-02  1.52652758E-01
 -8.30960000E-01  5.00000000E-01  1.75867989E-02  6.28678131E-02  1.22814391E+00  0.00000000E+00  2.03896318E-02  1.52517346E-01
 -8.29080000E-01  5.00000000E-01  1.95403868E-02  5.91626391E-02  1.22802484E+00  0.00000000E+00  2.04847073E-02  1.52366549E-01
 -8.27200000E-01  5.00000000E-01  2.14967327E-02  5.54799962E-02  1.22790972E+00  0.00000000E+00  2.05772748E-02  1.52200859E-01
 -8.25320000E-01  5.00000000E-01  2.34559147E-02  5.18208361E-02  1.22779291E+00  0.00000000E+00  2.06673915E-02  1.52020716E-01
 -8.23440000E-01  5.00000000E-01  2.54179722E-02  4.81859012E-02  1.22767121E+00  0.00000000E+00  2.07551134E-02  1.51826513E-01
 -8.21560000E-01  5.00000000E-01  2.73829142E-02  4.45757515E-02  1.22754348E+00  0.00000000E+00  2.08404955E-02  1.51618599E-01
 -8.19680000E-01  5.00000000E-01  2.93507284E-02  4.09907931E-02  1.22741028E+00  0.00000000E+00  2.09235913E-02  1.51397282E-01
 -8.17800000E-01  5.00000000E-01  3.13213895E-02  3.74313056E-02  1.22727342E+00  0.00000000E+00  2.10044531E-02  1.51162832E-01
 -8.15920000E-01  5.00000000E-01  3.32948681E-02  3.38974698E-02  1.22713562E+00  0.00000000E+00  2.10831319E-02  1.50915483E-01
 -8.14040000E-01  5.00000000E-01  3.52711397E-02  3.03893960E-02  1.22700010E+00  0.00000000E+00  2.11596769E-02  1.50655439E-01
 -8.12160000E-01  5.00000000E-01  3.72501925E-02  2.69071511E-02  1.22687021E+00  0.00000000E+00  2.12341362E-02  1.50382873E-01
 -8.10280000E-01  5.00000000E-01  3.92320374E-02  2.34507871E-02  1.22674899E+00  0.00000000E+00  2.13065559E-02  1.50097934E-01
 -8.08400000E-01  5.00000000E-01  4.12167154E-02  2.00203684E-02  1.22663884E+00  0.00000000E+00  2.13769806E-02  1.49800749E-01
 -8.06520000E-01  5.00000000E-01  4.32043072E-02  1.66159998E-02  1.22654110E+00  0.00000000E+00  2.14454531E-02  1.49491424E-01
 -8.04640000E-01  5.00000000E-01  4.51949417E-02  1.32378543E-02  1.22645563E+00  0.00000000E+00  2.15120143E-02  1.49170049E-01
 -8.02760000E-01  5.00000000E-01  4.71888044E-02  9.88620092E-03  1.22638050E+00  0.00000000E+00  2.15767035E-02  1.48836703E-01
 -8.00880000E-01  5.00000000E-01  4.91861465E-02  6.56143248E-03  1.22631152E+00  0.00000000E+00  2.16395576E-02  1.48491451E-01
 -7.99000000E-01  5.00000000E-01  5.11872933E-02  3.26409347E-03  1.22624189E+00  0.00000000E+00  2.17006117E-02  1.48134354E-01
 -7.97120000E-01  5.00000000E-01  5.31926530E-02 -5.09219183E-06  1.22616179E+00  0.00000000E+00  2.17598987E-02  1.47765469E-01
 -7.95240000E-01  5.00000000E-01  5.52027257E-02 -3.24519328E-03  1.22605802E+00  0.00000000E+00  2.18174495E-02  1.47384849E-01
 -7.93360000E-01  5.00000000E-01  5.72181115E-02 -6.45504346E-03  1.22591357E+00  0.00000000E+00  2.18732925E-02  1.46992553E-01
 -7.91480000E-01  5.00000000E-01  5.92360385E-02 -9.63746383E-03  1.22581198E+00  0.00000000E+00  2.19274656E-02  1.46588560E-01
 -7.89600000E-01  5.00000000E-01  6.12551496E-02 -1.27951791E-02  1.22580594E+00  0.00000000E+00  2.19800327E-02  1.46172690E-01
 -7.87720000E-01  5.00000000E-01  6.32800556E-02 -1.59234472E-02  1.22576549E+00  0.00000000E+00  2.20310230E-02  1.45744973E-01
 -7.85840000E-01  5.00000000E-01  6.53104677E-02 -1.90229887E-02  1.22570405E+00  0.00000000E+00  2.20804700E-02  1.45305377E-01
 -7.83960000E-01  5.00000000E-01  6.73462020E-02 -2.20944006E-02  1.22563222E+00  0.00000000E+00  2.21284074E-02  1.44853864E-01
 -7.82080000E-01  5.00000000E-01  6.93871691E-02 -2.51381696E-02  1.22555806E+00  0.00000000E+00  2.21748686E-02  1.44390391E-01
 -7.80200000E-01  5.00000000E-01  7.14333649E-02 -2.81546859E-02  1.22548732E+00  0.00000000E+00  2.22198871E-02  1.43914908E-01
 -7.78320000E-01  5.00000000E-01  7.34848604E-02 -3.11442576E-02  1.22542379E+00  0.00000000E+00  2.22634963E-02  1.43427361E-01
 -7.76440000E-01  5.00000000E-01  7.55417924E-02 -3.41071235E-02  1.22536953E+00  0.00000000E+00  2.23057297E-02  1.42927691E-01
 -7.74560000E-01  5.00000000E-01  7.76043537E-02 -3.70434675E-02  1.22532514E+00  0.00000000E+00  2.23466206E-02  1.42415837E-01
 -7.72680000E-01  5.00000000E-01  7.96727834E-02 -3.99534321E-02  1.22529010E+00  0.00000000E+00  2.23862027E-02  1.41891736E-01
 -7.70800000E-01  5.00000000E-01  8.17473569E-02 -4.28371319E-02  1.22526301E+00  0.00000000E+00  2.24245096E-02  1.41355322E-01
 -7.68920000E-01  5.00000000E-01  8.38283767E-02 -4.56946678E-02  1.22524184E+00  0.00000000E+00  2.24615750E-02  1.40806530E-01
 -7.67040000E-01  5.00000000E-01  8.59161622E-02 -4.85261403E-02  1.22522428E+00  0.00000000E+00  2.24974327E-02  1.40245295E-01
 -7.65160000E-01  5.00000000E-01  8.80110405E-02 -5.13316633E-02  1.22520797E+00  0.00000000E+00  2.25321168E-02  1.39671553E-01
 -7.63280000E-01  5.00000000E-01  9.01133363E-02 -5.41113779E-02  1.22519080E+00  0.00000000E+00  2.25656614E-02  1.39085239E-01
 -7.61400000E-01  5.00000000E-01  9.22233623E-02 -5.68654659E-02  1.22517116E+00  0.00000000E+00  2.25981010E-02  1.38486296E-01
 -7.59520000E-01  5.00000000E-01  9.43414096E-02 -5.95941637E-02  1.22514828E+00  0.00000000E+00  2.26294701E-02  1.37874665E-01
 -7.57640000E-01  5.00000000E-01  9.64677380E-02 -6.22977759E-02  1.22512244E+00  0.00000000E+00  2.26598036E-02  1.37250295E-01
 -7.55760000E-01  5.00000000E-01  9.86025661E-02 -6.49766889E-02  1.22509530E+00  0.00000000E+00  2.26891366E-02  1.36613138E-01
 -7.53880000E-01  5.00000000E-01  1.00746062E-01 -6.76313846E-02  1.22507017E+00  0.00000000E+00  2.27175045E-02  1.35963153E-01
 -7.52000000E-01  5.00000000E-01  1.02898333E-01 -7.02624542E-02  1.22505227E+00  0.00000000E+00  2.27449431E-02  1.35300304E-01
 -7.50120000E-01  5.00000000E-01  1.05059417E-01 -7.28706117E-02  1.22504902E+00  0.00000000E+00  2.27714883E-02  1.34624563E-01
 -7.48240000E-01  5.00000000E-01  1.07229271E-01 -7.54567076E-02  1.22507034E+00  0.00000000E+00  2.27971766E-02  1.33935912E-01
 -7.46360000E-01  5.00000000E-01  1.09407763E-01 -7.80217427E-02  1.22512889E+00  0.00000000E+00  2.28220447E-02  1.33234339E-01
 -7.44480000E-01  5.00000000E-01  1.11599011E-01 -8.05632350E-02  1.22512606E+00  0.00000000E+00  2.28461360E-02  1.32519816E-01
 -7.42600000E-01  5.00000000E-01  1.13801986E-01 -8.30823802E-02  1.22509529E+00  0.00000000E+00  2.28694833E-02  1.31792380E-01
 -7.40720000E-01  5.00000000E-01  1.16014904E-01 -8.55811880E-02  1.22509220E+00  0.00000000E+00  2.28921206E-02  1.31052066E-01
 -7.38840000E-01  5.00000000E-01  1.18238478E-01 -8.80597144E-02  1.22510756E+00  0.00000000E+00  2.29140862E-02  1.30298904E-01
 -7.36960000E-01  5.00000000E-01  1.20473350E-01 -9.05181067E-02  1.22513417E+00  0.00000000E+00  2.29354186E-02  1.29532937E-01
 -7.35080000E-01  5.00000000E-01  1.22720104E-01 -9.29565948E-02  1.22516658E+00  0.00000000E+00  2.29561563E-02  1.28754226E-01
 -7.33200000E-01  5.00000000E-01  1.24979268E-01 -9.53754828E-02  1.22520094E+00  0.00000000E+00  2.29763378E-02  1.27962848E-01
 -7.31320000E-01  5.00000000E-01  1.27251325E-01 -9.77751400E-02  1.22523477E+00  0.00000000E+00  2.29960018E-02  1.27158895E-01
 -7.29440000E-01  5.00000000E-01  1.29536721E-01 -1.00155992E-01  1.22526680E+00  0.00000000E+00  2.30151869E-02  1.26342479E-01
 -7.27560000E-01  5.00000000E-01  1.31835872E-01 -1.02518514E-01  1.22529671E+00  0.00000000E+00  2.30339316E-02  1.25513726E-01
 -7.25680000E-01  5.00000000E-01  1.34149174E-01 -1.04863218E-01  1.22532498E+00  0.00000000E+00  2.30522746E-02  1.24672781E-01
 -7.23800000E-01  5.00000000E-01  1.36477009E-01 -1.07190649E-01  1.22535268E+00  0.00000000E+00  2.30702546E-02  1.23819806E-01
 -7.21920000E-01  5.00000000E-01  1.38819752E-01 -1.09501372E-01  1.22538125E+00  0.00000000E+00  2.30879100E-02  1.22954983E-01
 -7.20040000E-01  5.00000000E-01  1.41177784E-01 -1.11795969E-01  1.22541232E+00  0.00000000E+00  2.31052796E-02  1.22078509E-01
 -7.18160000E-01  5.00000000E-01  1.43551494E-01 -1.14075023E-01  1.22544750E+00  0.00000000E+00  2.31224018E-02  1.21190603E-01
 -7.16280000E-01  5.00000000E-01  1.45941290E-01 -1.16339114E-01  1.22548818E+00  0.00000000E+00  2.31393152E-02  1.20291500E-01
 -7.14400000E-01  5.00000000E-01  1.48347609E-01 -1.18588811E-01  1.22553534E+00  0.00000000E+00  2.31560580E-02  1.19381456E-01
 -7.12520000E-01  5.00000000E-01  1.50770920E-01 -1.20824661E-01  1.22558933E+00  0.00000000E+00  2.31726688E-02  1.18460747E-01
 -7.10640000E-01  5.00000000E-01  1.53211736E-01 -1.23047182E-01  1.22564969E+00  0.00000000E+00  2.31891857E-02  1.17529668E-01
 -7.08760000E-01  5.00000000E-01  1.55670622E-01 -1.25256851E-01  1.22571494E+00  0.00000000E+00  2.32056469E-02  1.16588533E-01
 -7.06880000E-01  5.00000000E-01  1.58148200E-01 -1.27454102E-01  1.22578237E+00  0.00000000E+00  2.32220905E-02  1.15637679E-01
 -7.05000000E-01  5.00000000E-01  1.60645159E-01 -1.29639310E-01  1.22584788E+00  0.00000000E+00  2.32385544E-02  1.14677461E-01
 -7.03120000E-01  5.00000000E-01  1.63162264E-01 -1.31812786E-01  1.22590572E+00  0.00000000E+00  2.32550765E-02  1.13708257E-01
 -7.01240000E-01  5.00000000E-01  1.65700362E-01 -1.33974771E-01  1.22594834E+00  0.00000000E+00  2.32716945E-02  1.12730466E-01
 -6.99360000E-01  5.00000000E-01  1.68260392E-01 -1.36125421E-01  1.22596616E+00  0.00000000E+00  2.32884459E-02  1.11744508E-01
 -6.97480000E-01  5.00000000E-01  1.70838522E-01 -1.38267788E-01  1.22605934E+00  0.00000000E+00  2.33053514E-02  1.10750834E-01
 -6.95600000E-01  5.00000000E-01  1.73438728E-01 -1.40400411E-01  1.22615159E+00  0.00000000E+00  2.33224525E-02  1.09749913E-01
 -6.93720000E-01  5.00000000E-01  1.76062154E-01 -1.42523547E-01  1.22622928E+00  0.00000000E+00  2.33397830E-02  1.08742218E-01
 -6.91840000E-01  5.00000000E-01  1.78709075E-01 -1.44637962E-01  1.22629870E+00  0.00000000E+00  2.33573732E-02  1.07728239E-01
 -6.89960000E-01  5.00000000E-01  1.81379842E-01 -1.46744360E-01  1.22636474E+00  0.00000000E+00  2.33752527E-02  1.06708490E-01
 -6.88080000E-01  5.00000000E-01  1.84074870E-01 -1.48843388E-01  1.22643099E+00  0.00000000E+00  2.33934504E-02  1.05683499E-01
 -6.86200000E-01  5.00000000E-01  1.86794632E-01 -1.50935645E-01  1.22649999E+00  0.00000000E+00  2.34119940E-02  1.04653813E-01
 -6.84320000E-01  5.00000000E-01  1.89539647E-01 -1.53021687E-01  1.22657327E+00  0.00000000E+00  2.34309102E-02  1.03619994E-01
 -6.82440000E-01  5.00000000E-01  1.92310480E-01 -1.55102026E-01  1.22665154E+00  0.00000000E+00  2.34502243E-02  1.02582619E-01
 -6.80560000E-01  5.00000000E-01  1.95107726E-01 -1.57177141E-01  1.22673484E+00  0.00000000E+00  2.34699599E-02  1.01542278E-01
 -6.78680000E-01  5.00000000E-01  1.97932006E-01 -1.59247479E-01  1.22682269E+00  0.00000000E+00  2.34901393E-02  1.00499573E-01
 -6.76800000E-01  5.00000000E-01  2.00783960E-01 -1.61313463E-01  1.22691418E+00  0.00000000E+00  2.35107826E-02  9.94551150E-02
 -6.74920000E-01  5.00000000E-01  2.03664238E-01 -1.63375494E-01  1.22700820E+00  0.00000000E+00  2.35319079E-02  9.84095266E-02
 -6.73040000E-01  5.00000000E-01  2.06573490E-01 -1.65433957E-01  1.22710351E+00  0.00000000E+00  2.35535312E-02  9.73634373E-02
 -6.71160000E-01  5.00000000E-01  2.09512363E-01 -1.67489228E-01  1.22719893E+00  0.00000000E+00  2.35756661E-02  9.63174838E-02
 -6.69280000E-01  5.00000000E-01  2.12481488E-01 -1.69541675E-01  1.22729346E+00  0.00000000E+00  2.35983235E-02  9.52723083E-02
 -6.67400000E-01  5.00000000E-01  2.15481477E-01 -1.71591664E-01  1.22738643E+00  0.00000000E+00  2.36215118E-02  9.42285576E-02
 -6.65520000E-01  5.00000000E-01  2.18512909E-01 -1.73639568E-01  1.22747766E+00  0.00000000E+00  2.36452364E-02  9.31868813E-02
 -6.63640000E-01  5.00000000E-01  2.21576331E-01 -1.75685766E-01  1.22756759E+00  0.00000000E+00  2.36694996E-02  9.21479310E-02
 -6.61760000E-01  5.00000000E-01  2.24672240E-01 -1.77730650E-01  1.22765743E+00  0.00000000E+00  2.36943003E-02  9.11123590E-02
 -6.59880000E-01  5.00000000E-01  2.27801084E-01 -1.79774633E-01  1.22774929E+00  0.00000000E+00  2.37196344E-02  9.00808169E-02
 -6.58000000E-01  5.00000000E-01  2.30963248E-01 -1.81818148E-01  1.22784634E+00  0.00000000E+00  2.37454938E-02  8.90539543E-02
 -6.56120000E-01  5.00000000E-01  2.34159051E-01 -1.83861658E-01  1.22795297E+00  0.00000000E+00  2.37718668E-02  8.80324180E-02
 -6.54240000E-01  5.00000000E-01  2.37388733E-01 -1.85905659E-01  1.22807490E+00  0.00000000E+00  2.37987379E-02  8.70168501E-02
 -6.52360000E-01  5.00000000E-01  2.40652649E-01 -1.87950575E-01  1.22821525E+00  0.00000000E+00  2.38260884E-02  8.60078882E-02
 -6.50480000E-01  5.00000000E-01  2.43955252E-01 -1.89994545E-01  1.22829017E+00  0.00000000E+00  2.38539155E-02  8.50061398E-02
 -6.48600000E-01  5.00000000E-01  2.47292930E-01 -1.92040010E-01  1.22838335E+00  0.00000000E+00  2.38821729E-02  8.40121669E-02
 -6.46720000E-01  5.00000000E-01  2.50666410E-01 -1.94086945E-01  1.22848908E+00  0.00000000E+00  2.39108373E-02  8.30265768E-02
 -6.44840000E-01  5.00000000E-01  2.54076332E-01 -1.96135345E-01  1.22860282E+00  0.00000000E+00  2.39398804E-02  8.20499587E-02
 -6.42960000E-01  5.00000000E-01  2.57523253E-01 -1.98185220E-01  1.22872105E+00  0.00000000E+00  2.39692688E-02  8.10828827E-02
 -6.41080000E-01  5.00000000E-01  2.61007656E-01 -2.00236589E-01  1.22884119E+00  0.00000000E+00  2.39989639E-02  8.01259000E-02
 -6.39200000E-01  5.00000000E-01  2.64529948E-01 -2.02289477E-01  1.22896144E+00  0.00000000E+00  2.40289225E-02  7.91795416E-02
 -6.37320000E-01  5.00000000E-01  2.68090471E-01 -2.04343911E-01  1.22908075E+00  0.00000000E+00  2.40590968E-02  7.82443187E-02
 -6.35440000E-01  5.00000000E-01  2.71689501E-01 -2.06399915E-01  1.22919863E+00  0.00000000E+00  2.40894344E-02  7.73207220E-02
 -6.33560000E-01  5.00000000E-01  2.75327258E-01 -2.08457504E-01  1.22931511E+00  0.00000000E+00  2.41198791E-02  7.64092210E-02
 -6.31680000E-01  5.00000000E-01  2.79003906E-01 -2.10516682E-01  1.22943056E+00  0.00000000E+00  2.41503705E-02  7.55102638E-02
 -6.29800000E-01  5.00000000E-01  2.82719558E-01 -2.12577435E-01  1.22954566E+00  0.00000000E+00  2.41808444E-02  7.46242767E-02
 -6.27920000E-01  5.00000000E-01  2.86474282E-01 -2.14639729E-01  1.22966120E+00  0.00000000E+00  2.42112330E-02  7.37516637E-02
 -6.26040000E-01  5.00000000E-01  2.90268107E-01 -2.16703505E-01  1.22977807E+00  0.00000000E+00  2.42414651E-02  7.28928061E-02
 -6.24160000E-01  5.00000000E-01  2.94101024E-01 -2.18768671E-01  1.22989707E+00  0.00000000E+00  2.42714664E-02  7.20480619E-02
 -6.22280000E-01  5.00000000E-01  2.97972992E-01 -2.20835103E-01  1.23001883E+00  0.00000000E+00  2.43011594E-02  7.12177655E-02
 -6.20400000E-01  5.00000000E-01  3.01883942E-01 -2.22902636E-01  1.23014372E+00  0.00000000E+00  2.43304641E-02  7.04022275E-02
 -6.18520000E-01  5.00000000E-01  3.05833785E-01 -2.24971063E-01  1.23027170E+00  0.00000000E+00  2.43592975E-02  6.96017338E-02
 -6.16640000E-01  5.00000000E-01  3.09822409E-01 -2.27040127E-01  1.23040225E+00  0.00000000E+00  2.43875743E-02  6.88165455E-02
 -6.14760000E-01  5.00000000E-01  3.13849692E-01 -2.29109521E-01  1.23053423E+00  0.00000000E+00  2.44152072E-02  6.80468981E-02
 -6.12880000E-01  5.00000000E-01  3.17915501E-01 -2.31178878E-01  1.23066579E+00  0.00000000E+00  2.44421067E-02  6.72930016E-02
 -6.11000000E-01  5.00000000E-01  3.22019698E-01 -2.33247770E-01  1.23079426E+00  0.00000000E+00  2.44681812E-02  6.65550397E-02
 -6.09120000E-01  5.00000000E-01  3.26162144E-01 -2.35315705E-01  1.23091603E+00  0.00000000E+00  2.44933380E-02  6.58331693E-02
 -6.07240000E-01  5.00000000E-01  3.30342706E-01 -2.37382118E-01  1.23102644E+00  0.00000000E+00  2.45174825E-02  6.51275203E-02
 -6.05360000E-01  5.00000000E-01  3.34560308E-01 -2.39446961E-01  1.23113834E+00  0.00000000E+00  2.45405144E-02  6.44381907E-02
 -6.03480000E-01  5.00000000E-01  3.38812701E-01 -2.41510714E-01  1.23128715E+00  0.00000000E+00  2.45623341E-02  6.37652928E-02
 -6.01600000E-01  5.00000000E-01  3.43101880E-01 -2.43571318E-01  1.23142382E+00  0.00000000E+00  2.45828582E-02  6.31089267E-02
 -5.99720000E-01  5.00000000E-01  3.47427083E-01 -2.45628490E-01  1.23155252E+00  0.00000000E+00  2.46019851E-02  6.24691349E-02
 -5.97840000E-01  5.00000000E-01  3.51787547E-01 -2.47681881E-01  1.23167654E+00  0.00000000E+00  2.46196148E-02  6.18459414E-02
 -5.95960000E-01  5.00000000E-01  3.56182506E-01 -2.49731079E-01  1.23179834E+00  0.00000000E+00  2.46356484E-02  6.12393524E-02
 -5.94080000E-01  5.00000000E-01  3.60611189E-01 -2.51775617E-01  1.23191972E+00  0.00000000E+00  2.46499888E-02  6.06493572E-02
 -5.92200000E-01  5.00000000E-01  3.65072814E-01 -2.53814977E-01  1.23204183E+00  0.00000000E+00  2.46625407E-02  6.00759292E-02
 -5.90320000E-01  5.00000000E-01  3.69566588E-01 -2.55848596E-01  1.23216528E+00  0.00000000E+00  2.46732110E-02  5.95190270E-02
 -5.88440000E-01  5.00000000E-01  3.74091703E-01 -2.57875872E-01  1.23229025E+00  0.00000000E+00  2.46819086E-02  5.89785947E-02
 -5.86560000E-01  5.00000000E-01  3.78647329E-01 -2.59896168E-01  1.23241652E+00  0.00000000E+00  2.46885450E-02  5.84545634E-02
 -5.84680000E-01  5.00000000E-01  3.83232620E-01 -2.61908818E-01  1.23254364E+00  0.00000000E+00  2.46930344E-02  5.79468517E-02
 -5.82800000E-01  5.00000000E-01  3.87846700E-01 -2.63913135E-01  1.23267092E+00  0.00000000E+00  2.46952936E-02  5.74553668E-02
 -5.80920000E-01  5.00000000E-01  3.92488668E-01 -2.65908412E-01  1.23279759E+00  0.00000000E+00  2.46952428E-02  5.69800055E-02
 -5.79040000E-01  5.00000000E-01  3.97157591E-01 -2.67893932E-01  1.23292287E+00  0.00000000E+00  2.46928051E-02  5.65206546E-02
 -5.77160000E-01  5.00000000E-01  4.01852504E-01 -2.69868971E-01  1.23304600E+00  0.00000000E+00  2.46879074E-02  5.60771926E-02
 -5.75280000E-01  5.00000000E-01  4.06572401E-01 -2.71832803E-01  1.23316643E+00  0.00000000E+00  2.46804800E-02  5.56494896E-02
 -5.73400000E-01  5.00000000E-01  4.11316239E-01 -2.73784706E-01  1.23328380E+00  0.00000000E+00  2.46704573E-02  5.52374092E-02
 -5.71520000E-01  5.00000000E-01  4.16082930E-01 -2.75723971E-01  1.23339810E+00  0.00000000E+00  2.46577774E-02  5.48408088E-02
 -5.69640000E-01  5.00000000E-01  4.20871341E-01 -2.77649901E-01  1.23350973E+00  0.00000000E+00  2.46423829E-02  5.44595404E-02
 -5.67760000E-01  5.00000000E-01  4.25680288E-01 -2.79561822E-01  1.23361956E+00  0.00000000E+00  2.46242210E-02  5.40934520E-02
 -5.65880000E-01  5.00000000E-01  4.30508535E-01 -2.81459086E-01  1.23372907E+00  0.00000000E+00  2.46032433E-02  5.37423881E-02
 -5.64000000E-01  5.00000000E-01  4.35354790E-01 -2.83341078E-01  1.23384041E+00  0.00000000E+00  2.45794063E-02  5.34061907E-02
 -5.62120000E-01  5.00000000E-01  4.40217702E-01 -2.85207218E-01  1.23395645E+00  0.00000000E+00  2.45526718E-02  5.30847001E-02
 -5.60240000E-01  5.00000000E-01  4.45095857E-01 -2.87056971E-01  1.23408094E+00  0.00000000E+00  2.45230067E-02  5.27777563E-02
 -5.58360000E-01  5.00000000E-01  4.49989260E-01 -2.88888687E-01  1.23419093E+00  0.00000000E+00  2.44903832E-02  5.24851715E-02
 -5.56480000E-01  5.00000000E-01  4.54896982E-01 -2.90701663E-01  1.23428123E+00  0.00000000E+00  2.44547770E-02  5.22067845E-02
 -5.54600000E-01  5.00000000E-01  4.59816337E-01 -2.92496357E-01  1.23437877E+00  0.00000000E+00  2.44161694E-02  5.19424519E-02
 -5.52720000E-01  5.00000000E-01  4.64746248E-01 -2.94271890E-01  1.23448019E+00  0.00000000E+00  2.43745472E-02  5.16919964E-02
 -5.50840000E-01  5.00000000E-01  4.69685592E-01 -2.96027432E-01  1.23458282E+00  0.00000000E+00  2.43299030E-02  5.14552428E-02
 -5.48960000E-01  5.00000000E-01  4.74633212E-01 -2.97762202E-01  1.23468464E+00  0.00000000E+00  2.42822350E-02  5.12320186E-02
 -5.47080000E-01  5.00000000E-01  4.79587917E-01 -2.99475466E-01  1.23478418E+00  0.00000000E+00  2.42315465E-02  5.10221532E-02
 -5.45200000E-01  5.00000000E-01  4.84548486E-01 -3.01166529E-01  1.23488047E+00  0.00000000E+00  2.41778463E-02  5.08254784E-02
 -5.43320000E-01  5.00000000E-01  4.89513681E-01 -3.02834738E-01  1.23497297E+00  0.00000000E+00  2.41211481E-02  5.06418284E-02
 -5.41440000E-01  5.00000000E-01  4.94482241E-01 -3.04479471E-01  1.23506150E+00  0.00000000E+00  2.40614711E-02  5.04710395E-02
 -5.39560000E-01  5.00000000E-01  4.99452899E-01 -3.06100141E-01  1.23514613E+00  0.00000000E+00  2.39988390E-02  5.03129503E-02
 -5.37680000E-01  5.00000000E-01  5.04424375E-01 -3.07696186E-01  1.23522719E+00  0.00000000E+00  2.39332807E-02  5.01674017E-02
 -5.35800000E-01  5.00000000E-01  5.09395392E-01 -3.09267071E-01  1.23530513E+00  0.00000000E+00  2.38648297E-02  5.00342370E-02
 -5.33920000E-01  5.00000000E-01  5.14364673E-01 -3.10812281E-01  1.23538046E+00  0.00000000E+00  2.37935243E-02  4.99133015E-02
 -5.32040000E-01  5.00000000E-01  5.19330951E-01 -3.12331318E-01  1.23545371E+00  0.00000000E+00  2.37194073E-02  4.98044429E-02
 -5.30160000E-01  5.00000000E-01  5.24292973E-01 -3.13823700E-01  1.23552535E+00  0.00000000E+00  2.36425260E-02  4.97075112E-02
 -5.28280000E-01  5.00000000E-01  5.29249503E-01 -3.15288954E-01  1.23559567E+00  0.00000000E+00  2.35629321E-02  4.96223586E-02
 -5.26400000E-01  5.00000000E-01  5.34199330E-01 -3.16726614E-01  1.23566480E+00  0.00000000E+00  2.34806814E-02  4.95488394E-02
 -5.24520000E-01  5.00000000E-01  5.39141271E-01 -3.18136219E-01  1.23573255E+00  0.00000000E+00  2.33958343E-02  4.94868104E-02
 -5.22640000E-01  5.00000000E-01  5.44074177E-01 -3.19517308E-01  1.23579842E+00  0.00000000E+00  2.33084549E-02  4.94361303E-02
 -5.20760000E-01  5.00000000E-01  5.48996938E-01 -3.20869417E-01  1.23586144E+00  0.00000000E+00  2.32186115E-02  4.93966604E-02
 -5.18880000E-01  5.00000000E-01  5.53908488E-01 -3.22192075E-01  1.23592018E+00  0.00000000E+00  2.31263761E-02  4.93682640E-02
 -5.17000000E-01  5.00000000E-01  5.58807812E-01 -3.23484801E-01  1.23597265E+00  0.00000000E+00  2.30318248E-02  4.93508065E-02
 -5.15120000E-01  5.00000000E-01  5.63693946E-01 -3.24747100E-01  1.23601621E+00  0.00000000E+00  2.29350370E-02  4.93441557E-02
 -5.13240000E-01  5.00000000E-01  5.68565988E-01 -3.25978462E-01  1.23604753E+00  0.00000000E+00  2.28360960E-02  4.93481815E-02
 -5.11360000E-01  5.00000000E-01  5.73421170E-01 -3.27179955E-01  1.23609610E+00  0.00000000E+00  2.27350782E-02  4.93628153E-02
 -5.09480000E-01  5.00000000E-01  5.78259291E-01 -3.28350469E-01  1.23614677E+00  0.00000000E+00  2.26320778E-02  4.93878758E-02
 -5.07600000E-01  5.00000000E-01  5.83080031E-01 -3.29489131E-01  1.23618720E+00  0.00000000E+00  2.25271889E-02  4.94232148E-02
 -5.05720000E-01  5.00000000E-01  5.87882233E-01 -3.30595815E-01  1.23621998E+00  0.00000000E+00  2.24205035E-02  4.94687190E-02
 -5.03840000E-01  5.00000000E-01  5.92664799E-01 -3.31670389E-01  1.23624714E+00  0.00000000E+00  2.23121158E-02  4.95242758E-02
 -5.01960000E-01  5.00000000E-01  5.97426681E-01 -3.32712712E-01  1.23627019E+00  0.00000000E+00  2.22021225E-02  4.95897726E-02
 -5.00080000E-01  5.00000000E-01  6.02166881E-01 -3.33722640E-01  1.23629016E+00  0.00000000E+00  2.20906225E-02  4.96650974E-02
 -4.98200000E-01  5.00000000E-01  6.06884447E-01 -3.34700030E-01  1.23630771E+00  0.00000000E+00  2.19777161E-02  4.97501378E-02
 -4.96320000E-01  5.00000000E-01  6.11578474E-01 -3.35644739E-01  1.23632314E+00  0.00000000E+00  2.18635055E-02  4.98447813E-02
 -4.94440000E-01  5.00000000E-01  6.16248093E-01 -3.36556628E-01  1.23633646E+00  0.00000000E+00  2.17480943E-02  4.99489149E-02
 -4.92560000E-01  5.00000000E-01  6.20892478E-01 -3.37435567E-01  1.23634749E+00  0.00000000E+00  2.16315871E-02  5.00624250E-02
 -4.90680000E-01  5.00000000E-01  6.25510833E-01 -3.38281434E-01  1.23635586E+00  0.00000000E+00  2.15140894E-02  5.01851971E-02
 -4.88800000E-01  5.00000000E-01  6.30102397E-01 -3.39094119E-01  1.23636110E+00  0.00000000E+00  2.13957074E-02  5.03171153E-02
 -4.86920000E-01  5.00000000E-01  6.34666437E-01 -3.39873530E-01  1.23636270E+00  0.00000000E+00  2.12765476E-02  5.04580629E-02
 -4.85040000E-01  5.00000000E-01  6.39202245E-01 -3.40619588E-01  1.23636018E+00  0.00000000E+00  2.11567168E-02  5.06079213E-02
 -4.83160000E-01  5.00000000E-01  6.43709138E-01 -3.41332238E-01  1.23635310E+00  0.00000000E+00  2.10363218E-02  5.07665704E-02
 -4.81280000E-01  5.00000000E-01  6.48186450E-01 -3.42011447E-01  1.23634120E+00  0.00000000E+00  2.09154689E-02  5.09338881E-02
 -4.79400000E-01  5.00000000E-01  6.52633536E-01 -3.42657205E-01  1.23632437E+00  0.00000000E+00  2.07942642E-02  5.11097500E-02
 -4.77520000E-01  5.00000000E-01  6.57049762E-01 -3.43269535E-01  1.23630278E+00  0.00000000E+00  2.06728127E-02  5.12940295E-02
 -4.75640000E-01  5.00000000E-01  6.61434505E-01 -3.43848487E-01  1.23627691E+00  0.00000000E+00  2.05512187E-02  5.14865974E-02
 -4.73760000E-01  5.00000000E-01  6.65787152E-01 -3.44394146E-01  1.23624759E+00  0.00000000E+00  2.04295851E-02  5.16873219E-02
 -4.71880000E-01  5.00000000E-01  6.70107095E-01 -3.44906633E-01  1.23621611E+00  0.00000000E+00  2.03080134E-02  5.18960678E-02
 -4.70000000E-01  5.00000000E-01  6.74393726E-01 -3.45386107E-01  1.23618423E+00  0.00000000E+00  2.01866034E-02  5.21126971E-02
 -4.68120000E-01  5.00000000E-01  6.78646439E-01 -3.45832771E-01  1.23615428E+00  0.00000000E+00  2.00654530E-02  5.23370681E-02
 -4.66240000E-01  5.00000000E-01  6.82864622E-01 -3.46246868E-01  1.23612917E+00  0.00000000E+00  1.99446580E-02  5.25690358E-02
 -4.64360000E-01  5.00000000E-01  6.87049885E-01 -3.46627273E-01  1.23607442E+00  0.00000000E+00  1.98243326E-02  5.28084476E-02
 -4.62480000E-01  5.00000000E-01  6.91200044E-01 -3.46975293E-01  1.23601965E+00  0.00000000E+00  1.97045487E-02  5.30551475E-02
 -4.60600000E-01  5.00000000E-01  6.95314628E-01 -3.47291156E-01  1.23596683E+00  0.00000000E+00  1.95853972E-02  5.33089798E-02
 -4.58720000E-01  5.00000000E-01  6.99393436E-01 -3.47574953E-01  1.23591383E+00  0.00000000E+00  1.94669686E-02  5.35697838E-02
 -4.56840000E-01  5.00000000E-01  7.03436264E-01 -3.47826809E-01  1.23585902E+00  0.00000000E+00  1.93493502E-02  5.38373938E-02
 -4.54960000E-01  5.00000000E-01  7.07442912E-01 -3.48046885E-01  1.23580120E+00  0.00000000E+00  1.92326259E-02  5.41116395E-02
 -4.53080000E-01  5.00000000E-01  7.11413184E-01 -3.48235367E-01  1.23573953E+00  0.00000000E+00  1.91168765E-02  5.43923463E-02
 -4.51200000E-01  5.00000000E-01  7.15346890E-01 -3.48392470E-01  1.23567354E+00  0.00000000E+00  1.90021792E-02  5.46793353E-02
 -4.49320000E-01  5.00000000E-01  7.19243850E-01 -3.48518435E-01  1.23560300E+00  0.00000000E+00  1.88886083E-02  5.49724235E-02
 -4.47440000E-01  5.00000000E-01  7.23103897E-01 -3.48613523E-01  1.23552795E+00  0.00000000E+00  1.87762344E-02  5.52714242E-02
 -4.45560000E-01  5.00000000E-01  7.26926877E-01 -3.48678015E-01  1.23544859E+00  0.00000000E+00  1.86651250E-02  5.55761473E-02
 -4.43680000E-01  5.00000000E-01  7.30712656E-01 -3.48712209E-01  1.23536524E+00  0.00000000E+00  1.85553443E-02  5.58863990E-02
 -4.41800000E-01  5.00000000E-01  7.34461119E-01 -3.48716416E-01  1.23527834E+00  0.00000000E+00  1.84469531E-02  5.62019826E-02
 -4.39920000E-01  5.00000000E-01  7.38172174E-01 -3.48690959E-01  1.23518832E+00  0.00000000E+00  1.83400088E-02  5.65226984E-02
 -4.38040000E-01  5.00000000E-01  7.41845757E-01 -3.48636173E-01  1.23509561E+00  0.00000000E+00  1.82345656E-02  5.68483440E-02
 -4.36160000E-01  5.00000000E-01  7.45481828E-01 -3.48552394E-01  1.23500058E+00  0.00000000E+00  1.81306743E-02  5.71787145E-02
 -4.34280000E-01  5.00000000E-01  7.49080383E-01 -3.48439967E-01  1.23490345E+00  0.00000000E+00  1.80283824E-02  5.75136026E-02
 -4.32400000E-01  5.00000000E-01  7.52641449E-01 -3.48299235E-01  1.23480430E+00  0.00000000E+00  1.79277340E-02  5.78527990E-02
 -4.30520000E-01  5.00000000E-01  7.56165090E-01 -3.48130542E-01  1.23470297E+00  0.00000000E+00  1.78287698E-02  5.81960926E-02
 -4.28640000E-01  5.00000000E-01  7.59651408E-01 -3.47934226E-01  1.23459904E+00  0.00000000E+00  1.77315271E-02  5.85432705E-02
 -4.26760000E-01  5.00000000E-01  7.63100550E-01 -3.47710620E-01  1.23449177E+00  0.00000000E+00  1.76360401E-02  5.88941186E-02
 -4.24880000E-01  5.00000000E-01  7.66512705E-01 -3.47460047E-01  1.23438004E+00  0.00000000E+00  1.75423393E-02  5.92484211E-02
 -4.23000000E-01  5.00000000E-01  7.69888111E-01 -3.47182820E-01  1.23426232E+00  0.00000000E+00  1.74504519E-02  5.96059617E-02
 -4.21120000E-01  5.00000000E-01  7.73227054E-01 -3.46879238E-01  1.23413659E+00  0.00000000E+00  1.73604019E-02  5.99665230E-02
 -4.19240000E-01  5.00000000E-01  7.76529656E-01 -3.46549711E-01  1.23400373E+00  0.00000000E+00  1.72722091E-02  6.03298868E-02
 -4.17360000E-01  5.00000000E-01  7.79794410E-01 -3.46195582E-01  1.23389025E+00  0.00000000E+00  1.71858879E-02  6.06958391E-02
 -4.15480000E-01  5.00000000E-01  7.83023341E-01 -3.45816096E-01  1.23376772E+00  0.00000000E+00  1.71014580E-02  6.10641698E-02
 -4.13600000E-01  5.00000000E-01  7.86216539E-01 -3.45411740E-01  1.23363829E+00  0.00000000E+00  1.70189304E-02  6.14346634E-02
 -4.11720000E-01  5.00000000E-01  7.89374132E-01 -3.44982986E-01  1.23350365E+00  0.00000000E+00  1.69383136E-02  6.18071066E-02
 -4.09840000E-01  5.00000000E-01  7.92496288E-01 -3.44530288E-01  1.23336512E+00  0.00000000E+00  1.68596130E-02  6.21812886E-02
 -4.07960000E-01  5.00000000E-01  7.95583212E-01 -3.44054083E-01  1.23322366E+00  0.00000000E+00  1.67828316E-02  6.25570010E-02
 -4.06080000E-01  5.00000000E-01  7.98635140E-01 -3.43554796E-01  1.23307995E+00  0.00000000E+00  1.67079698E-02  6.29340382E-02
 -4.04200000E-01  5.00000000E-01  8.01652334E-01 -3.43032838E-01  1.23293439E+00  0.00000000E+00  1.66350255E-02  6.33121978E-02
 -4.02320000E-01  5.00000000E-01  8.04635085E-01 -3.42488611E-01  1.23278716E+00  0.00000000E+00  1.65639944E-02  6.36912802E-02
 -4.00440000E-01  5.00000000E-01  8.07583703E-01 -3.41922506E-01  1.23263826E+00  0.00000000E+00  1.64948699E-02  6.40710896E-02
 -3.98560000E-01  5.00000000E-01  8.10498519E-01 -3.41334906E-01  1.23248756E+00  0.00000000E+00  1.64276432E-02  6.44514337E-02
 -3.96680000E-01  5.00000000E-01  8.13379876E-01 -3.40726189E-01  1.23233482E+00  0.00000000E+00  1.63623036E-02  6.48321240E-02
 -3.94800000E-01  5.00000000E-01  8.16228131E-01 -3.40096728E-01  1.23217975E+00  0.00000000E+00  1.62988383E-02  6.52129763E-02
 -3.92920000E-01  5.00000000E-01  8.19043648E-01 -3.39446890E-01  1.23202204E+00  0.00000000E+00  1.62372329E-02  6.55938105E-02
 -3.91040000E-01  5.00000000E-01  8.21826795E-01 -3.38777044E-01  1.23186142E+00  0.00000000E+00  1.61774709E-02  6.59744510E-02
 -3.89160000E-01  5.00000000E-01  8.24577945E-01 -3.38087555E-01  1.23169767E+00  0.00000000E+00  1.61195344E-02  6.63547271E-02
 -3.87280000E-01  5.00000000E-01  8.27297466E-01 -3.37378792E-01  1.23153068E+00  0.00000000E+00  1.60634040E-02  6.67344730E-02
 -3.85400000E-01  5.00000000E-01  8.29985722E-01 -3.36651124E-01  1.23136050E+00  0.00000000E+00  1.60090588E-02  6.71135279E-02
 -3.83520000E-01  5.00000000E-01  8.32643067E-01 -3.35904928E-01  1.23118737E+00  0.00000000E+00  1.59564764E-02  6.74917366E-02
 -3.81640000E-01  5.00000000E-01  8.35269844E-01 -3.35140582E-01  1.23101174E+00  0.00000000E+00  1.59056333E-02  6.78689493E-02
 -3.79760000E-01  5.00000000E-01  8.37866382E-01 -3.34358475E-01  1.23083436E+00  0.00000000E+00  1.58565049E-02  6.82450223E-02
 -3.77880000E-01  5.00000000E-01  8.40432990E-01 -3.33559002E-01  1.23065628E+00  0.00000000E+00  1.58090653E-02  6.86198178E-02
 -3.76000000E-01  5.00000000E-01  8.42969954E-01 -3.32742570E-01  1.23047892E+00  0.00000000E+00  1.57632880E-02  6.89932041E-02
 -3.74120000E-01  5.00000000E-01  8.45477536E-01 -3.31909597E-01  1.23030408E+00  0.00000000E+00  1.57191454E-02  6.93650562E-02
 -3.72240000E-01  5.00000000E-01  8.47956572E-01 -3.31060218E-01  1.23012520E+00  0.00000000E+00  1.56766098E-02  6.97352503E-02
 -3.70360000E-01  5.00000000E-01  8.50408147E-01 -3.30194446E-01  1.22993167E+00  0.00000000E+00  1.56356540E-02  7.01036634E-02
 -3.68480000E-01  5.00000000E-01  8.52831438E-01 -3.29313200E-01  1.22974087E+00  0.00000000E+00  1.55962476E-02  7.04701947E-02
 -3.66600000E-01  5.00000000E-01  8.55226944E-01 -3.28416749E-01  1.22955122E+00  0.00000000E+00  1.55583607E-02  7.08347389E-02
 -3.64720000E-01  5.00000000E-01  8.57595136E-01 -3.27505368E-01  1.22936148E+00  0.00000000E+00  1.55219630E-02  7.11971967E-02
 -3.62840000E-01  5.00000000E-01  8.59936462E-01 -3.26579341E-01  1.22917070E+00  0.00000000E+00  1.54870242E-02  7.15574748E-02
 -3.60960000E-01  5.00000000E-01  8.62251347E-01 -3.25638957E-01  1.22897821E+00  0.00000000E+00  1.54535134E-02  7.19154855E-02
 -3.59080000E-01  5.00000000E-01  8.64540195E-01 -3.24684510E-01  1.22878359E+00  0.00000000E+00  1.54213999E-02  7.22711469E-02
 -3.57200000E-01  5.00000000E-01  8.66803394E-01 -3.23716298E-01  1.22858662E+00  0.00000000E+00  1.53906527E-02  7.26243825E-02
 -3.55320000E-01  5.00000000E-01  8.69041315E-01 -3.22734619E-01  1.22838724E+00  0.00000000E+00  1.53612406E-02  7.29751211E-02
 -3.53440000E-01  5.00000000E-01  8.71254315E-01 -3.21739774E-01  1.22818554E+00  0.00000000E+00  1.53331327E-02  7.33232969E-02
 -3.51560000E-01  5.00000000E-01  8.73442742E-01 -3.20732061E-01  1.22798174E+00  0.00000000E+00  1.53062978E-02  7.36688489E-02
 -3.49680000E-01  5.00000000E-01  8.75606932E-01 -3.19711777E-01  1.22777608E+00  0.00000000E+00  1.52807047E-02  7.40117213E-02
 -3.47800000E-01  5.00000000E-01  8.77747218E-01 -3.18679216E-01  1.22756890E+00  0.00000000E+00  1.52563227E-02  7.43518631E-02
 -3.45920000E-01  5.00000000E-01  8.79863925E-01 -3.17634666E-01  1.22736050E+00  0.00000000E+00  1.52331208E-02  7.46892278E-02
 -3.44040000E-01  5.00000000E-01  8.81957380E-01 -3.16578411E-01  1.22715117E+00  0.00000000E+00  1.52110683E-02  7.50237736E-02
 -3.42160000E-01  5.00000000E-01  8.84027907E-01 -3.15510724E-01  1.22694115E+00  0.00000000E+00  1.51901349E-02  7.53554631E-02
 -3.40280000E-01  5.00000000E-01  8.86075833E-01 -3.14431873E-01  1.22673057E+00  0.00000000E+00  1.51702904E-02  7.56842631E-02
 -3.38400000E-01  5.00000000E-01  8.88101491E-01 -3.13342114E-01  1.22651945E+00  0.00000000E+00  1.51515050E-02  7.60101446E-02
 -3.36520000E-01  5.00000000E-01  8.90105220E-01 -3.12241691E-01  1.22630763E+00  0.00000000E+00  1.51337490E-02  7.63330827E-02
 -3.34640000E-01  5.00000000E-01  8.92087369E-01 -3.11130836E-01  1.22609477E+00  0.00000000E+00  1.51169934E-02  7.66530561E-02
 -3.32760000E-01  5.00000000E-01  8.94048299E-01 -3.10009767E-01  1.22588030E+00  0.00000000E+00  1.51012095E-02  7.69700477E-02
 -3.30880000E-01  5.00000000E-01  8.95988383E-01 -3.08878686E-01  1.22566340E+00  0.00000000E+00  1.50863690E-02  7.72840436E-02
 -3.29000000E-01  5.00000000E-01  8.97908013E-01 -3.07737780E-01  1.22544293E+00  0.00000000E+00  1.50724443E-02  7.75950336E-02
 -3.27120000E-01  5.00000000E-01  8.99807598E-01 -3.06587215E-01  1.22521745E+00  0.00000000E+00  1.50594083E-02  7.79030108E-02
 -3.25240000E-01  5.00000000E-01  9.01686700E-01 -3.05427569E-01  1.22499690E+00  0.00000000E+00  1.50472318E-02  7.82079632E-02
 -3.23360000E-01  5.00000000E-01  9.03545630E-01 -3.04259047E-01  1.22478104E+00  0.00000000E+00  1.50358884E-02  7.85098913E-02
 -3.21480000E-01  5.00000000E-01  9.05385336E-01 -3.03081529E-01  1.22456092E+00  0.00000000E+00  1.50253540E-02  7.88088031E-02
 -3.19600000E-01  5.00000000E-01  9.07206010E-01 -3.01895266E-01  1.22433779E+00  0.00000000E+00  1.50156023E-02  7.91047013E-02
 -3.17720000E-01  5.00000000E-01  9.09007856E-01 -3.00700495E-01  1.22411263E+00  0.00000000E+00  1.50066080E-02  7.93975910E-02
 -3.15840000E-01  5.00000000E-01  9.10791089E-01 -2.99497441E-01  1.22388621E+00  0.00000000E+00  1.49983460E-02  7.96874800E-02
 -3.13960000E-01  5.00000000E-01  9.12555937E-01 -2.98286316E-01  1.22365906E+00  0.00000000E+00  1.49907921E-02  7.99743781E-02
 -3.12080000E-01  5.00000000E-01  9.14302633E-01 -2.97067323E-01  1.22343154E+00  0.00000000E+00  1.49839223E-02  8.02582974E-02
 -3.10200000E-01  5.00000000E-01  9.16031419E-01 -2.95840654E-01  1.22320388E+00  0.00000000E+00  1.49777134E-02  8.05392523E-02
 -3.08320000E-01  5.00000000E-01  9.17742538E-01 -2.94606494E-01  1.22297614E+00  0.00000000E+00  1.49721426E-02  8.08172590E-02
 -3.06440000E-01  5.00000000E-01  9.19436239E-01 -2.93365018E-01  1.22274829E+00  0.00000000E+00  1.49671876E-02  8.10923355E-02
 -3.04560000E-01  5.00000000E-01  9.21112770E-01 -2.92116395E-01  1.22252024E+00  0.00000000E+00  1.49628266E-02  8.13645018E-02
 -3.02680000E-01  5.00000000E-01  9.22772379E-01 -2.90860788E-01  1.22229182E+00  0.00000000E+00  1.49590384E-02  8.16337793E-02
 -3.00800000E-01  5.00000000E-01  9.24415309E-01 -2.89598353E-01  1.22206286E+00  0.00000000E+00  1.49558023E-02  8.19001911E-02
 -2.98920000E-01  5.00000000E-01  9.26041800E-01 -2.88329244E-01  1.22183318E+00  0.00000000E+00  1.49530979E-02  8.21637617E-02
 -2.97040000E-01  5.00000000E-01  9.27652085E-01 -2.87053611E-01  1.22160262E+00  0.00000000E+00  1.49509054E-02  8.24245167E-02
 -2.95160000E-01  5.00000000E-01  9.29246387E-01 -2.85771600E-01  1.22137108E+00  0.00000000E+00  1.49492055E-02  8.26824832E-02
 -2.93280000E-01  5.00000000E-01  9.30824920E-01 -2.84483356E-01  1.22113856E+00  0.00000000E+00  1.49479794E-02  8.29376891E-02
 -2.91400000E-01  5.00000000E-01  9.32387886E-01 -2.83189024E-01  1.22090512E+00  0.00000000E+00  1.49472085E-02  8.31901635E-02
 -2.89520000E-01  5.00000000E-01  9.33935470E-01 -2.81888749E-01  1.22067099E+00  0.00000000E+00  1.49468750E-02  8.34399362E-02
 -2.87640000E-01  5.00000000E-01  9.35467845E-01 -2.80582675E-01  1.22043655E+00  0.00000000E+00  1.49469612E-02  8.36870377E-02
 -2.85760000E-01  5.00000000E-01  9.36985161E-01 -2.79270950E-01  1.22020235E+00  0.00000000E+00  1.49474501E-02  8.39314992E-02
 -2.83880000E-01  5.00000000E-01  9.38487554E-01 -2.77953724E-01  1.21996917E+00  0.00000000E+00  1.49483250E-02  8.41733523E-02
 -2.82000000E-01  5.00000000E-01  9.39975133E-01 -2.76631151E-01  1.21973800E+00  0.00000000E+00  1.49495696E-02  8.44126291E-02
 -2.80120000E-01  5.00000000E-01  9.41447986E-01 -2.75303388E-01  1.21951012E+00  0.00000000E+00  1.49511681E-02  8.46493620E-02
 -2.78240000E-01  5.00000000E-01  9.42907179E-01 -2.73970326E-01  1.21927379E+00  0.00000000E+00  1.49531061E-02  8.48835709E-02
 -2.76360000E-01  5.00000000E-01  9.44352313E-01 -2.72632233E-01  1.21903626E+00  0.00000000E+00  1.49553680E-02  8.51152979E-02
 -2.74480000E-01  5.00000000E-01  9.45783289E-01 -2.71289299E-01  1.21880110E+00  0.00000000E+00  1.49579391E-02  8.53445788E-02
 -2.72600000E-01  5.00000000E-01  9.47200344E-01 -2.69941620E-01  1.21856742E+00  0.00000000E+00  1.49608054E-02  8.55714451E-02
 -2.70720000E-01  5.00000000E-01  9.48603693E-01 -2.68589293E-01  1.21833457E+00  0.00000000E+00  1.49639532E-02  8.57959284E-02
 -2.68840000E-01  5.00000000E-01  9.49993534E-01 -2.67232416E-01  1.21810204E+00  0.00000000E+00  1.49673693E-02  8.60180607E-02
 -2.66960000E-01  5.00000000E-01  9.51370048E-01 -2.65871087E-01  1.21786949E+00  0.00000000E+00  1.49710408E-02  8.62378741E-02
 -2.65080000E-01  5.00000000E-01  9.52733401E-01 -2.64505406E-01  1.21763673E+00  0.00000000E+00  1.49749551E-02  8.64554009E-02
 -2.63200000E-01  5.00000000E-01  9.54083746E-01 -2.63135471E-01  1.21740368E+00  0.00000000E+00  1.49791000E-02  8.66706735E-02
 -2.61320000E-01  5.00000000E-01  9.55421223E-01 -2.61761382E-01  1.21717036E+00  0.00000000E+00  1.49834636E-02  8.68837244E-02
 -2.59440000E-01  5.00000000E-01  9.56745966E-01 -2.60383236E-01  1.21693686E+00  0.00000000E+00  1.49880344E-02  8.70945860E-02
 -2.57560000E-01  5.00000000E-01  9.58058098E-01 -2.59001132E-01  1.21670334E+00  0.00000000E+00  1.49928012E-02  8.73032909E-02
 -2.55680000E-01  5.00000000E-01  9.59357736E-01 -2.57615164E-01  1.21646998E+00  0.00000000E+00  1.49977530E-02  8.75098714E-02
 -2.53800000E-01  5.00000000E-01  9.60644994E-01 -2.56225429E-01  1.21623699E+00  0.00000000E+00  1.50028793E-02  8.77143599E-02
 -2.51920000E-01  5.00000000E-01  9.61919982E-01 -2.54832018E-01  1.21600457E+00  0.00000000E+00  1.50081697E-02  8.79167884E-02
 -2.50040000E-01  5.00000000E-01  9.63182811E-01 -2.53435023E-01  1.21577290E+00  0.00000000E+00  1.50136145E-02  8.81171890E-02
 -2.48160000E-01  5.00000000E-01  9.64433590E-01 -2.52034532E-01  1.21554209E+00  0.00000000E+00  1.50192038E-02  8.83155932E-02
 -2.46280000E-01  5.00000000E-01  9.65672434E-01 -2.50630631E-01  1.21531222E+00  0.00000000E+00  1.50249283E-02  8.85120326E-02
 -2.44400000E-01  5.00000000E-01  9.66899461E-01 -2.49223402E-01  1.21508325E+00  0.00000000E+00  1.50307791E-02  8.87065382E-02
 -2.42520000E-01  5.00000000E-01  9.68114793E-01 -2.47812924E-01  1.21485506E+00  0.00000000E+00  1.50367471E-02  8.88991407E-02
 -2.40640000E-01  5.00000000E-01  9.69318564E-01 -2.46399275E-01  1.21462739E+00  0.00000000E+00  1.50428241E-02  8.90898704E-02
 -2.38760000E-01  5.00000000E-01  9.70510914E-01 -2.44982524E-01  1.21439983E+00  0.00000000E+00  1.50490017E-02  8.92787571E-02
 -2.36880000E-01  5.00000000E-01  9.71691998E-01 -2.43562741E-01  1.21417179E+00  0.00000000E+00  1.50552720E-02  8.94658301E-02
 -2.35000000E-01  5.00000000E-01  9.72861980E-01 -2.42139988E-01  1.21394252E+00  0.00000000E+00  1.50616273E-02  8.96511183E-02
 -2.33120000E-01  5.00000000E-01  9.74021043E-01 -2.40714323E-01  1.21371104E+00  0.00000000E+00  1.50680602E-02  8.98346497E-02
 -2.31240000E-01  5.00000000E-01  9.75168202E-01 -2.39285943E-01  1.21348939E+00  0.00000000E+00  1.50745629E-02  9.00164568E-02
 -2.29360000E-01  5.00000000E-01  9.76304559E-01 -2.37854789E-01  1.21326684E+00  0.00000000E+00  1.50811287E-02  9.01965645E-02
 -2.27480000E-01  5.00000000E-01  9.77430191E-01 -2.36420931E-01  1.21304345E+00  0.00000000E+00  1.50877509E-02  9.03750007E-02
 -2.25600000E-01  5.00000000E-01  9.78545122E-01 -2.34984442E-01  1.21281988E+00  0.00000000E+00  1.50944228E-02  9.05517933E-02
 -2.23720000E-01  5.00000000E-01  9.79649390E-01 -2.33545391E-01  1.21259666E+00  0.00000000E+00  1.51011380E-02  9.07269694E-02
 -2.21840000E-01  5.00000000E-01  9.80743042E-01 -2.32103848E-01  1.21237418E+00  0.00000000E+00  1.51078903E-02  9.09005559E-02
 -2.19960000E-01  5.00000000E-01  9.81826134E-01 -2.30659875E-01  1.21215271E+00  0.00000000E+00  1.51146736E-02  9.10725792E-02
 -2.18080000E-01  5.00000000E-01  9.82898733E-01 -2.29213537E-01  1.21193245E+00  0.00000000E+00  1.51214822E-02  9.12430653E-02
 -2.16200000E-01  5.00000000E-01  9.83960910E-01 -2.27764892E-01  1.21171347E+00  0.00000000E+00  1.51283104E-02  9.14120396E-02
 -2.14320000E-01  5.00000000E-01  9.85012742E-01 -2.26313999E-01  1.21149583E+00  0.00000000E+00  1.51351529E-02  9.15795274E-02
 -2.12440000E-01  5.00000000E-01  9.86054309E-01 -2.24860913E-01  1.21127949E+00  0.00000000E+00  1.51420043E-02  9.17455534E-02
 -2.10560000E-01  5.00000000E-01  9.87085694E-01 -2.23405689E-01  1.21106439E+00  0.00000000E+00  1.51488597E-02  9.19101419E-02
 -2.08680000E-01  5.00000000E-01  9.88106979E-01 -2.21948381E-01  1.21085044E+00  0.00000000E+00  1.51557141E-02  9.20733168E-02
 -2.06800000E-01  5.00000000E-01  9.89118247E-01 -2.20489038E-01  1.21063756E+00  0.00000000E+00  1.51625629E-02  9.22351017E-02
 -2.04920000E-01  5.00000000E-01  9.90119576E-01 -2.19027711E-01  1.21042564E+00  0.00000000E+00  1.51694015E-02  9.23955198E-02
 -2.03040000E-01  5.00000000E-01  9.91111043E-01 -2.17564450E-01  1.21021462E+00  0.00000000E+00  1.51762255E-02  9.25545938E-02
 -2.01160000E-01  5.00000000E-01  9.92092716E-01 -2.16099302E-01  1.21000447E+00  0.00000000E+00  1.51830307E-02  9.27123462E-02
 -1.99280000E-01  5.00000000E-01  9.93064659E-01 -2.14632317E-01  1.20979520E+00  0.00000000E+00  1.51898130E-02  9.28687990E-02
 -1.97400000E-01  5.00000000E-01  9.94026926E-01 -2.13163540E-01  1.20958689E+00  0.00000000E+00  1.51965684E-02  9.30239740E-02
 -1.95520000E-01  5.00000000E-01  9.94979561E-01 -2.11693019E-01  1.20937971E+00  0.00000000E+00  1.52032931E-02  9.31778924E-02
 -1.93640000E-01  5.00000000E-01  9.95922598E-01 -2.10220802E-01  1.20917391E+00  0.00000000E+00  1.52099834E-02  9.33305754E-02
 -1.91760000E-01  5.00000000E-01  9.96856055E-01 -2.08746934E-01  1.20896984E+00  0.00000000E+00  1.52166359E-02  9.34820435E-02
 -1.89880000E-01  5.00000000E-01  9.97779938E-01 -2.07271465E-01  1.20876801E+00  0.00000000E+00  1.52232469E-02  9.36323172E-02
 -1.88000000E-01  5.00000000E-01  9.98694236E-01 -2.05794442E-01  1.20856904E+00  0.00000000E+00  1.52298133E-02  9.37814165E-02
 -1.86120000E-01  5.00000000E-01  9.99599097E-01 -2.04315890E-01  1.20837232E+00  0.00000000E+00  1.52363318E-02  9.39293608E-02
 -1.84240000E-01  5.00000000E-01  1.00049531E+00 -2.02835765E-01  1.20817171E+00  0.00000000E+00  1.52427994E-02  9.40761689E-02
 -1.82360000E-01  5.00000000E-01  1.00138205E+00 -2.01354229E-01  1.20797396E+00  0.00000000E+00  1.52492130E-02  9.42218605E-02
 -1.80480000E-01  5.00000000E-01  1.00225945E+00 -1.99871308E-01  1.20777865E+00  0.00000000E+00  1.52555698E-02  9.43664540E-02
 -1.78600000E-01  5.00000000E-01  1.00312759E+00 -1.98387030E-01  1.20758542E+00  0.00000000E+00  1.52618671E-02  9.45099674E-02
 -1.76720000E-01  5.00000000E-01  1.00398658E+00 -1.96901427E-01  1.20739403E+00  0.00000000E+00  1.52681022E-02  9.46524184E-02
 -1.74840000E-01  5.00000000E-01  1.00483648E+00 -1.95414529E-01  1.20720428E+00  0.00000000E+00  1.52742727E-02  9.47938245E-02
 -1.72960000E-01  5.00000000E-01  1.00567738E+00 -1.93926370E-01  1.20701606E+00  0.00000000E+00  1.52803762E-02  9.49342026E-02
 -1.71080000E-01  5.00000000E-01  1.00650931E+00 -1.92436984E-01  1.20682931E+00  0.00000000E+00  1.52864103E-02  9.50735696E-02
 -1.69200000E-01  5.00000000E-01  1.00733234E+00 -1.90946404E-01  1.20664402E+00  0.00000000E+00  1.52923728E-02  9.52119421E-02
 -1.67320000E-01  5.00000000E-01  1.00814649E+00 -1.89454667E-01  1.20646022E+00  0.00000000E+00  1.52982616E-02  9.53493360E-02
 -1.65440000E-01  5.00000000E-01  1.00895180E+00 -1.87961807E-01  1.20627796E+00  0.00000000E+00  1.53040746E-02  9.54857674E-02
 -1.63560000E-01  5.00000000E-01  1.00974830E+00 -1.86467858E-01  1.20609733E+00  0.00000000E+00  1.53098098E-02  9.56212519E-02
 -1.61680000E-01  5.00000000E-01  1.01053602E+00 -1.84972856E-01  1.20591843E+00  0.00000000E+00  1.53154655E-02  9.57558046E-02
 -1.59800000E-01  5.00000000E-01  1.01131498E+00 -1.83476833E-01  1.20574135E+00  0.00000000E+00  1.53210397E-02  9.58894407E-02
 -1.57920000E-01  5.00000000E-01  1.01208520E+00 -1.81979824E-01  1.20556619E+00  0.00000000E+00  1.53265307E-02  9.60221748E-02
 -1.56040000E-01  5.00000000E-01  1.01284672E+00 -1.80481859E-01  1.20539305E+00  0.00000000E+00  1.53319369E-02  9.61540214E-02
 -1.54160000E-01  5.00000000E-01  1.01359957E+00 -1.78982968E-01  1.20522196E+00  0.00000000E+00  1.53372567E-02  9.62849947E-02
 -1.52280000E-01  5.00000000E-01  1.01434378E+00 -1.77483180E-01  1.20505298E+00  0.00000000E+00  1.53424886E-02  9.64151085E-02
 -1.50400000E-01  5.00000000E-01  1.01507939E+00 -1.75982522E-01  1.20488609E+00  0.00000000E+00  1.53476311E-02  9.65443764E-02
 -1.48520000E-01  5.00000000E-01  1.01580645E+00 -1.74481017E-01  1.20472123E+00  0.00000000E+00  1.53526829E-02  9.66728118E-02
 -1.46640000E-01  5.00000000E-01  1.01652502E+00 -1.72978687E-01  1.20455829E+00  0.00000000E+00  1.53576427E-02  9.68004276E-02
 -1.44760000E-01  5.00000000E-01  1.01723518E+00 -1.71475551E-01  1.20439708E+00  0.00000000E+00  1.53625091E-02  9.69272368E-02
 -1.42880000E-01  5.00000000E-01  1.01793699E+00 -1.69971624E-01  1.20423736E+00  0.00000000E+00  1.53672811E-02  9.70532518E-02
 -1.41000000E-01  5.00000000E-01  1.01863057E+00 -1.68466919E-01  1.20407878E+00  0.00000000E+00  1.53719575E-02  9.71784849E-02
 -1.39120000E-01  5.00000000E-01  1.01931561E+00 -1.66961539E-01  1.20392254E+00  0.00000000E+00  1.53765370E-02  9.73029493E-02
 -1.37240000E-01  5.00000000E-01  1.01999187E+00 -1.65455574E-01  1.20377025E+00  0.00000000E+00  1.53810187E-02  9.74266569E-02
 -1.35360000E-01  5.00000000E-01  1.02065997E+00 -1.63948904E-01  1.20361958E+00  0.00000000E+00  1.53854020E-02  9.75496170E-02
 -1.33480000E-01  5.00000000E-01  1.02131989E+00 -1.62441562E-01  1.20347071E+00  0.00000000E+00  1.53896859E-02  9.76718412E-02
 -1.31600000E-01  5.00000000E-01  1.02197159E+00 -1.60933582E-01  1.20332381E+00  0.00000000E+00  1.53938697E-02  9.77933409E-02
 -1.29720000E-01  5.00000000E-01  1.02261507E+00 -1.59424994E-01  1.20317898E+00  0.00000000E+00  1.53979524E-02  9.79141272E-02
 -1.27840000E-01  5.00000000E-01  1.02325033E+00 -1.57915827E-01  1.20303633E+00  0.00000000E+00  1.54019332E-02  9.80342108E-02
 -1.25960000E-01  5.00000000E-01  1.02387736E+00 -1.56406107E-01  1.20289593E+00  0.00000000E+00  1.54058114E-02  9.81536022E-02
 -1.24080000E-01  5.00000000E-01  1.02449620E+00 -1.54895859E-01  1.20275783E+00  0.00000000E+00  1.54095865E-02  9.82723116E-02
 -1.22200000E-01  5.00000000E-01  1.02510685E+00 -1.53385106E-01  1.20262207E+00  0.00000000E+00  1.54132577E-02  9.83903491E-02
 -1.20320000E-01  5.00000000E-01  1.02570935E+00 -1.51873871E-01  1.20248866E+00  0.00000000E+00  1.54168245E-02  9.85077244E-02
 -1.18440000E-01  5.00000000E-01  1.02630372E+00 -1.50362174E-01  1.20235761E+00  0.00000000E+00  1.54202863E-02  9.86244469E-02
 -1.16560000E-01  5.00000000E-01  1.02688999E+00 -1.48850035E-01  1.20222894E+00  0.00000000E+00  1.54236428E-02  9.87405259E-02
 -1.14680000E-01  5.00000000E-01  1.02746821E+00 -1.47337475E-01  1.20210262E+00  0.00000000E+00  1.54268934E-02  9.88559705E-02
 -1.12800000E-01  5.00000000E-01  1.02803839E+00 -1.45824510E-01  1.20197867E+00  0.00000000E+00  1.54300379E-02  9.89707895E-02
 -1.10920000E-01  5.00000000E-01  1.02860058E+00 -1.44311161E-01  1.20185706E+00  0.00000000E+00  1.54330758E-02  9.90849915E-02
 -1.09040000E-01  5.00000000E-01  1.02915479E+00 -1.42797446E-01  1.20173780E+00  0.00000000E+00  1.54360068E-02  9.91985850E-02
 -1.07160000E-01  5.00000000E-01  1.02970106E+00 -1.41283382E-01  1.20162090E+00  0.00000000E+00  1.54388307E-02  9.93115782E-02
 -1.05280000E-01  5.00000000E-01  1.03023939E+00 -1.39768989E-01  1.20150637E+00  0.00000000E+00  1.54415472E-02  9.94239791E-02
 -1.03400000E-01  5.00000000E-01  1.03076980E+00 -1.38254286E-01  1.20139424E+00  0.00000000E+00  1.54441561E-02  9.95357957E-02
 -1.01520000E-01  5.00000000E-01  1.03129229E+00 -1.36739292E-01  1.20128455E+00  0.00000000E+00  1.54466573E-02  9.96470356E-02
 -9.96400000E-02  5.00000000E-01  1.03180686E+00 -1.35224028E-01  1.20117736E+00  0.00000000E+00  1.54490504E-02  9.97577064E-02
 -9.77600000E-02  5.00000000E-01  1.03231347E+00 -1.33708516E-01  1.20107276E+00  0.00000000E+00  1.54513355E-02  9.98678157E-02
 -9.58800000E-02  5.00000000E-01  1.03281210E+00 -1.32192779E-01  1.20097086E+00  0.00000000E+00  1.54535124E-02  9.99773705E-02
 -9.40000000E-02  5.00000000E-01  1.03330271E+00 -1.30676841E-01  1.20087179E+00  0.00000000E+00  1.54555810E-02  1.00086378E-01
 -9.21200000E-02  5.00000000E-01  1.03378580E+00 -1.29160645E-01  1.20077549E+00  0.00000000E+00  1.54575415E-02  1.00194844E-01
 -9.02400000E-02  5.00000000E-01  1.03426127E+00 -1.27644207E-01  1.20068153E+00  0.00000000E+00  1.54593939E-02  1.00302775E-01
 -8.83600000E-02  5.00000000E-01  1.03472878E+00 -1.26127596E-01  1.20059003E+00  0.00000000E+00  1.54611377E-02  1.00410180E-01
 -8.64800000E-02  5.00000000E-01  1.03518842E+00 -1.24610824E-01  1.20050110E+00  0.00000000E+00  1.54627731E-02  1.00517064E-01
 -8.46000000E-02  5.00000000E-01  1.03564023E+00 -1.23093905E-01  1.20041479E+00  0.00000000E+00  1.54643002E-02  1.00623434E-01
 -8.27200000E-02  5.00000000E-01  1.03608426E+00 -1.21576852E-01  1.20033117E+00  0.00000000E+00  1.54657190E-02  1.00729295E-01
 -8.08400000E-02  5.00000000E-01  1.03652057E+00 -1.20059680E-01  1.20025028E+00  0.00000000E+00  1.54670297E-02  1.00834654E-01
 -7.89600000E-02  5.00000000E-01  1.03694917E+00 -1.18542402E-01  1.20017215E+00  0.00000000E+00  1.54682324E-02  1.00939516E-01
 -7.70800000E-02  5.00000000E-01  1.03737008E+00 -1.17025033E-01  1.20009680E+00  0.00000000E+00  1.54693273E-02  1.01043886E-01
 -7.52000000E-02  5.00000000E-01  1.03778332E+00 -1.15507588E-01  1.20002423E+00  0.00000000E+00  1.54703145E-02  1.01147770E-01
 -7.33200000E-02  5.00000000E-01  1.03818890E+00 -1.13990080E-01  1.19995445E+00  0.00000000E+00  1.54711944E-02  1.01251173E-01
 -7.14400000E-02  5.00000000E-01  1.03858682E+00 -1.12472523E-01  1.19988747E+00  0.00000000E+00  1.54719670E-02  1.01354100E-01
 -6.95600000E-02  5.00000000E-01  1.03897709E+00 -1.10954932E-01  1.19982327E+00  0.00000000E+00  1.54726327E-02  1.01456555E-01
 -6.76800000E-02  5.00000000E-01  1.03935971E+00 -1.09437319E-01  1.19976185E+00  0.00000000E+00  1.54731916E-02  1.01558545E-01
 -6.58000000E-02  5.00000000E-01  1.03973467E+00 -1.07919697E-01  1.19970322E+00  0.00000000E+00  1.54736442E-02  1.01660072E-01
 -6.39200000E-02  5.00000000E-01  1.04010198E+00 -1.06402079E-01  1.19964739E+00  0.00000000E+00  1.54739906E-02  1.01761142E-01
 -6.20400000E-02  5.00000000E-01  1.04046164E+00 -1.04884476E-01  1.19959436E+00  0.00000000E+00  1.54742311E-02  1.01861759E-01
 -6.01600000E-02  5.00000000E-01  1.04081367E+00 -1.03366899E-01  1.19954416E+00  0.00000000E+00  1.54743661E-02  1.01961927E-01
 -5.82800000E-02  5.00000000E-01  1.04115809E+00 -1.01849358E-01  1.19949682E+00  0.00000000E+00  1.54743959E-02  1.02061651E-01
 -5.64000000E-02  5.00000000E-01  1.04149490E+00 -1.00331861E-01  1.19945239E+00  0.00000000E+00  1.54743209E-02  1.02160933E-01
 -5.45200000E-02  5.00000000E-01  1.04182415E+00 -9.88144172E-02  1.19941094E+00  0.00000000E+00  1.54741412E-02  1.02259779E-01
 -5.26400000E-02  5.00000000E-01  1.04214588E+00 -9.72970329E-02  1.19937254E+00  0.00000000E+00  1.54738574E-02  1.02358192E-01
 -5.07600000E-02  5.00000000E-01  1.04246014E+00 -9.57797137E-02  1.19933729E+00  0.00000000E+00  1.54734697E-02  1.02456176E-01
 -4.88800000E-02  5.00000000E-01  1.04276698E+00 -9.42624638E-02  1.19930534E+00  0.00000000E+00  1.54729785E-02  1.02553733E-01
 -4.70000000E-02  5.00000000E-01  1.04306650E+00 -9.27452861E-02  1.19927681E+00  0.00000000E+00  1.54723842E-02  1.02650869E-01
 -4.51200000E-02  5.00000000E-01  1.04335794E+00 -9.12283613E-02  1.19924888E+00  0.00000000E+00  1.54716870E-02  1.02747586E-01
 -4.32400000E-02  5.00000000E-01  1.04364187E+00 -8.97115705E-02  1.19922428E+00  0.00000000E+00  1.54708880E-02  1.02843885E-01
 -4.13600000E-02  5.00000000E-01  1.04391844E+00 -8.81948850E-02  1.19920349E+00  0.00000000E+00  1.54699874E-02  1.02939770E-01
 -3.94800000E-02  5.00000000E-01  1.04418760E+00 -8.66783230E-02  1.19918621E+00  0.00000000E+00  1.54689858E-02  1.03035244E-01
 -3.76000000E-02  5.00000000E-01  1.04444933E+00 -8.51619013E-02  1.19917219E+00  0.00000000E+00  1.54678835E-02  1.03130309E-01
 -3.57200000E-02  5.00000000E-01  1.04470360E+00 -8.36456357E-02  1.19916127E+00  0.00000000E+00  1.54666810E-02  1.03224967E-01
 -3.38400000E-02  5.00000000E-01  1.04495039E+00 -8.21295408E-02  1.19915332E+00  0.00000000E+00  1.54653787E-02  1.03319223E-01
 -3.19600000E-02  5.00000000E-01  1.04518971E+00 -8.06136299E-02  1.19914830E+00  0.00000000E+00  1.54639772E-02  1.03413077E-01
 -3.00800000E-02  5.00000000E-01  1.04542155E+00 -7.90979158E-02  1.19914618E+00  0.00000000E+00  1.54624768E-02  1.03506533E-01
 -2.82000000E-02  5.00000000E-01  1.04564592E+00 -7.75824098E-02  1.19914697E+00  0.00000000E+00  1.54608782E-02  1.03599592E-01
 -2.63200000E-02  5.00000000E-01  1.04586283E+00 -7.60671229E-02  1.19915073E+00  0.00000000E+00  1.54591818E-02  1.03692257E-01
 -2.44400000E-02  5.00000000E-01  1.04607230E+00 -7.45520648E-02  1.19915752E+00  0.00000000E+00  1.54573882E-02  1.03784529E-01
 -2.25600000E-02  5.00000000E-01  1.04627434E+00 -7.30372450E-02  1.19916741E+00  0.00000000E+00  1.54554980E-02  1.03876409E-01
 -2.06800000E-02  5.00000000E-01  1.04646898E+00 -7.15226718E-02  1.19918047E+00  0.00000000E+00  1.54535118E-02  1.03967900E-01
 -1.88000000E-02  5.00000000E-01  1.04665623E+00 -7.00083534E-02  1.19919679E+00  0.00000000E+00  1.54514300E-02  1.04059003E-01
 -1.69200000E-02  5.00000000E-01  1.04683611E+00 -6.84942972E-02  1.19921641E+00  0.00000000E+00  1.54492534E-02  1.04149720E-01
 -1.50400000E-02  5.00000000E-01  1.04700862E+00 -6.69805102E-02  1.19923939E+00  0.00000000E+00  1.54469825E-02  1.04240050E-01
 -1.31600000E-02  5.00000000E-01  1.04717377E+00 -6.54669990E-02  1.19926574E+00  0.00000000E+00  1.54446178E-02  1.04329997E-01
 -1.12800000E-02  5.00000000E-01  1.04733157E+00 -6.39537701E-02  1.19929542E+00  0.00000000E+00  1.54421601E-02  1.04419560E-01
 -9.40000000E-03  5.00000000E-01  1.04748201E+00 -6.24408294E-02  1.19932838E+00  0.00000000E+00  1.54396098E-02  1.04508741E-01
 -7.52000000E-03  5.00000000E-01  1.04762507E+00 -6.09281828E-02  1.19936448E+00  0.00000000E+00  1.54369677E-02  1.04597541E-01
 -5.64000000E-03  5.00000000E-01  1.04776074E+00 -5.94158362E-02  1.19940356E+00  0.00000000E+00  1.54342342E-02  1.04685961E-01
 -3.76000000E-03  5.00000000E-01  1.04788897E+00 -5.79037953E-02  1.19944536E+00  0.00000000E+00  1.54314101E-02  1.04774001E-01
 -1.88000000E-03  5.00000000E-01  1.04800972E+00 -5.63920659E-02  1.19948955E+00  0.00000000E+00  1.54284958E-02  1.04861663E-01
 -2.85839061E-15  5.00000000E-01  1.04812293E+00 -5.48806538E-02  1.19953572E+00  0.00000000E+00  1.54254919E-02  1.04948946E-01
  1.88000000E-03  5.00000000E-01  1.04822959E+00 -5.33696096E-02  1.19959094E+00  0.00000000E+00  1.54223994E-02  1.05035850E-01
  3.76000000E-03  5.00000000E-01  1.04832871E+00 -5.18589056E-02  1.19964756E+00  0.00000000E+00  1.54192186E-02  1.05122378E-01
  5.64000000E-03  5.00000000E-01  1.04842035E+00 -5.03485562E-02  1.19970623E+00  0.00000000E+00  1.54159500E-02  1.05208530E-01
  7.52000000E-03  5.00000000E-01  1.04850458E+00 -4.88385739E-02  1.19976747E+00  0.00000000E+00  1.54125945E-02  1.05294304E-01
  9.40000000E-03  5.00000000E-01  1.04858146E+00 -4.73289693E-02  1.19983169E+00  0.00000000E+00  1.54091528E-02  1.05379702E-01
  1.12800000E-02  5.00000000E-01  1.04865101E+00 -4.58197512E-02  1.19989917E+00  0.00000000E+00  1.54056256E-02  1.05464723E-01
  1.31600000E-02  5.00000000E-01  1.04871326E+00 -4.43109273E-02  1.19997012E+00  0.00000000E+00  1.54020137E-02  1.05549366E-01
  1.50400000E-02  5.00000000E-01  1.04876823E+00 -4.28025040E-02  1.20004464E+00  0.00000000E+00  1.53983176E-02  1.05633631E-01
  1.69200000E-02  5.00000000E-01  1.04881593E+00 -4.12944868E-02  1.20012278E+00  0.00000000E+00  1.53945381E-02  1.05717519E-01
  1.88000000E-02  5.00000000E-01  1.04885637E+00 -3.97868808E-02  1.20020453E+00  0.00000000E+00  1.53906759E-02  1.05801028E-01
  2.06800000E-02  5.00000000E-01  1.04888953E+00 -3.82796905E-02  1.20028985E+00  0.00000000E+00  1.53867316E-02  1.05884159E-01
  2.25600000E-02  5.00000000E-01  1.04891542E+00 -3.67729203E-02  1.20037863E+00  0.00000000E+00  1.53827059E-02  1.05966910E-01
  2.44400000E-02  5.00000000E-01  1.04893403E+00 -3.52665749E-02  1.20047079E+00  0.00000000E+00  1.53785995E-02  1.06049282E-01
  2.63200000E-02  5.00000000E-01  1.04894534E+00 -3.37606593E-02  1.20056622E+00  0.00000000E+00  1.53744131E-02  1.06131275E-01
  2.82000000E-02  5.00000000E-01  1.04894936E+00 -3.22551789E-02  1.20066483E+00  0.00000000E+00  1.53701474E-02  1.06212886E-01
  3.00800000E-02  5.00000000E-01  1.04894608E+00 -3.07501402E-02  1.20076654E+00  0.00000000E+00  1.53658030E-02  1.06294116E-01
  3.19600000E-02  5.00000000E-01  1.04893549E+00 -2.92455509E-02  1.20087131E+00  0.00000000E+00  1.53613807E-02  1.06374964E-01
  3.38400000E-02  5.00000000E-01  1.04891761E+00 -2.77414197E-02  1.20097916E+00  0.00000000E+00  1.53568811E-02  1.06455429E-01
  3.57200000E-02  5.00000000E-01  1.04889243E+00 -2.62377574E-02  1.20109016E+00  0.00000000E+00  1.53523050E-02  1.06535510E-01
  3.76000000E-02  5.00000000E-01  1.04885997E+00 -2.47345762E-02  1.20120445E+00  0.00000000E+00  1.53476532E-02  1.06615205E-01
  3.94800000E-02  5.00000000E-01  1.04882027E+00 -2.32318906E-02  1.20132227E+00  0.00000000E+00  1.53429263E-02  1.06694514E-01
  4.13600000E-02  5.00000000E-01  1.04877335E+00 -2.17297176E-02  1.20144394E+00  0.00000000E+00  1.53381253E-02  1.06773435E-01
  4.32400000E-02  5.00000000E-01  1.04871928E+00 -2.02280767E-02  1.20156992E+00  0.00000000E+00  1.53332508E-02  1.06851967E-01
  4.51200000E-02  5.00000000E-01  1.04865810E+00 -1.87269901E-02  1.20170079E+00  0.00000000E+00  1.53283037E-02  1.06930107E-01
  4.70000000E-02  5.00000000E-01  1.04858965E+00 -1.72264142E-02  1.20183478E+00  0.00000000E+00  1.53232850E-02  1.07007855E-01
  4.88800000E-02  5.00000000E-01  1.04851331E+00 -1.57261690E-02  1.20196603E+00  0.00000000E+00  1.53181951E-02  1.07085208E-01
  5.07600000E-02  5.00000000E-01  1.04842996E+00 -1.42265010E-02  1.20210319E+00  0.00000000E+00  1.53130346E-02  1.07162167E-01
  5.26400000E-02  5.00000000E-01  1.04833952E+00 -1.27274028E-02  1.20224533E+00  0.00000000E+00  1.53078044E-02  1.07238729E-01
  5.45200000E-02  5.00000000E-01  1.04824192E+00 -1.12288696E-02  1.20239176E+00  0.00000000E+00  1.53025051E-02  1.07314894E-01
  5.64000000E-02  5.00000000E-01  1.04813711E+00 -9.73089921E-03  1.20254192E+00  0.00000000E+00  1.52971377E-02  1.07390658E-01
  5.82800000E-02  5.00000000E-01  1.04802505E+00 -8.23349135E-03  1.20269545E+00  0.00000000E+00  1.52917029E-02  1.07466020E-01
  6.01600000E-02  5.00000000E-01  1.04790572E+00 -6.73664783E-03  1.20285210E+00  0.00000000E+00  1.52862014E-02  1.07540979E-01
  6.20400000E-02  5.00000000E-01  1.04777912E+00 -5.24037212E-03  1.20301173E+00  0.00000000E+00  1.52806342E-02  1.07615532E-01
  6.39200000E-02  5.00000000E-01  1.04764522E+00 -3.74466914E-03  1.20317432E+00  0.00000000E+00  1.52750020E-02  1.07689677E-01
  6.58000000E-02  5.00000000E-01  1.04750405E+00 -2.24954504E-03  1.20333992E+00  0.00000000E+00  1.52693056E-02  1.07763412E-01
  6.76800000E-02  5.00000000E-01  1.04735560E+00 -7.55006965E-04  1.20350862E+00  0.00000000E+00  1.52635458E-02  1.07836736E-01
  6.95600000E-02  5.00000000E-01  1.04719990E+00  7.38937194E-04  1.20368057E+00  0.00000000E+00  1.52577235E-02  1.07909644E-01
  7.14400000E-02  5.00000000E-01  1.04703695E+00  2.23227904E-03  1.20385593E+00  0.00000000E+00  1.52518394E-02  1.07982136E-01
  7.33200000E-02  5.00000000E-01  1.04686676E+00  3.72500988E-03  1.20403488E+00  0.00000000E+00  1.52458945E-02  1.08054210E-01
  7.52000000E-02  5.00000000E-01  1.04668937E+00  5.21712100E-03  1.20421754E+00  0.00000000E+00  1.52398894E-02  1.08125862E-01
  7.70800000E-02  5.00000000E-01  1.04650476E+00  6.70860388E-03  1.20440402E+00  0.00000000E+00  1.52338251E-02  1.08197090E-01
  7.89600000E-02  5.00000000E-01  1.04631295E+00  8.19945041E-03  1.20459438E+00  0.00000000E+00  1.52277023E-02  1.08267892E-01
  8.08400000E-02  5.00000000E-01  1.04611394E+00  9.68965318E-03  1.20478857E+00  0.00000000E+00  1.52215218E-02  1.08338266E-01
  8.27200000E-02  5.00000000E-01  1.04590772E+00  1.11792057E-02  1.20498647E+00  0.00000000E+00  1.52152845E-02  1.08408208E-01
  8.46000000E-02  5.00000000E-01  1.04569426E+00  1.26681025E-02  1.20518782E+00  0.00000000E+00  1.52089913E-02  1.08477717E-01
  8.64800000E-02  5.00000000E-01  1.04547354E+00  1.41563396E-02  1.20539226E+00  0.00000000E+00  1.52026428E-02  1.08546790E-01
  8.83600000E-02  5.00000000E-01  1.04524550E+00  1.56439147E-02  1.20559923E+00  0.00000000E+00  1.51962400E-02  1.08615424E-01
  9.02400000E-02  5.00000000E-01  1.04501008E+00  1.71308271E-02  1.20580802E+00  0.00000000E+00  1.51897836E-02  1.08683617E-01
  9.21200000E-02  5.00000000E-01  1.04476722E+00  1.86170786E-02  1.20601772E+00  0.00000000E+00  1.51832744E-02  1.08751367E-01
  9.40000000E-02  5.00000000E-01  1.04451737E+00  2.01025549E-02  1.20623446E+00  0.00000000E+00  1.51767137E-02  1.08818668E-01
  9.58800000E-02  5.00000000E-01  1.04426071E+00  2.15872294E-02  1.20646009E+00  0.00000000E+00  1.51701026E-02  1.08885517E-01
  9.77600000E-02  5.00000000E-01  1.04399654E+00  2.30712452E-02  1.20668587E+00  0.00000000E+00  1.51634415E-02  1.08951912E-01
  9.96400000E-02  5.00000000E-01  1.04372497E+00  2.45545763E-02  1.20691301E+00  0.00000000E+00  1.51567313E-02  1.09017851E-01
  1.01520000E-01  5.00000000E-01  1.04344605E+00  2.60372006E-02  1.20714246E+00  0.00000000E+00  1.51499731E-02  1.09083330E-01
  1.03400000E-01  5.00000000E-01  1.04315985E+00  2.75190991E-02  1.20737492E+00  0.00000000E+00  1.51431676E-02  1.09148346E-01
  1.05280000E-01  5.00000000E-01  1.04286639E+00  2.90002559E-02  1.20761089E+00  0.00000000E+00  1.51363159E-02  1.09212896E-01
  1.07160000E-01  5.00000000E-01  1.04256569E+00  3.04806577E-02  1.20785069E+00  0.00000000E+00  1.51294188E-02  1.09276976E-01
  1.09040000E-01  5.00000000E-01  1.04225778E+00  3.19602933E-02  1.20809447E+00  0.00000000E+00  1.51224772E-02  1.09340582E-01
  1.10920000E-01  5.00000000E-01  1.04194264E+00  3.34391532E-02  1.20834225E+00  0.00000000E+00  1.51154921E-02  1.09403712E-01
  1.12800000E-01  5.00000000E-01  1.04162028E+00  3.49172293E-02  1.20859395E+00  0.00000000E+00  1.51084643E-02  1.09466363E-01
  1.14680000E-01  5.00000000E-01  1.04129067E+00  3.63945143E-02  1.20884942E+00  0.00000000E+00  1.51013949E-02  1.09528530E-01
  1.16560000E-01  5.00000000E-01  1.04095379E+00  3.78710018E-02  1.20910844E+00  0.00000000E+00  1.50942846E-02  1.09590210E-01
  1.18440000E-01  5.00000000E-01  1.04060964E+00  3.93466853E-02  1.20937079E+00  0.00000000E+00  1.50871345E-02  1.09651400E-01
  1.20320000E-01  5.00000000E-01  1.04025818E+00  4.08215581E-02  1.20963623E+00  0.00000000E+00  1.50799456E-02  1.09712097E-01
  1.22200000E-01  5.00000000E-01  1.03989941E+00  4.22956128E-02  1.20990458E+00  0.00000000E+00  1.50727186E-02  1.09772295E-01
  1.24080000E-01  5.00000000E-01  1.03953329E+00  4.37688413E-02  1.21017569E+00  0.00000000E+00  1.50654548E-02  1.09831992E-01
  1.25960000E-01  5.00000000E-01  1.03915984E+00  4.52412337E-02  1.21044951E+00  0.00000000E+00  1.50581549E-02  1.09891184E-01
  1.27840000E-01  5.00000000E-01  1.03877904E+00  4.67127784E-02  1.21072609E+00  0.00000000E+00  1.50508201E-02  1.09949866E-01
  1.29720000E-01  5.00000000E-01  1.03839091E+00  4.81834617E-02  1.21100564E+00  0.00000000E+00  1.50434513E-02  1.10008035E-01
  1.31600000E-01  5.00000000E-01  1.03799547E+00  4.96532671E-02  1.21128851E+00  0.00000000E+00  1.50360497E-02  1.10065687E-01
  1.33480000E-01  5.00000000E-01  1.03759275E+00  5.11221752E-02  1.21157527E+00  0.00000000E+00  1.50286162E-02  1.10122816E-01
  1.35360000E-01  5.00000000E-01  1.03718280E+00  5.25901632E-02  1.21186668E+00  0.00000000E+00  1.50211520E-02  1.10179419E-01
  1.37240000E-01  5.00000000E-01  1.03676570E+00  5.40572044E-02  1.21216377E+00  0.00000000E+00  1.50136582E-02  1.10235490E-01
  1.39120000E-01  5.00000000E-01  1.03634153E+00  5.55232679E-02  1.21246783E+00  0.00000000E+00  1.50061360E-02  1.10291026E-01
  1.41000000E-01  5.00000000E-01  1.03590936E+00  5.69885832E-02  1.21276577E+00  0.00000000E+00  1.49985858E-02  1.10346024E-01
  1.42880000E-01  5.00000000E-01  1.03546965E+00  5.84530164E-02  1.21306423E+00  0.00000000E+00  1.49910086E-02  1.10400480E-01
  1.44760000E-01  5.00000000E-01  1.03502287E+00  5.99164304E-02  1.21336996E+00  0.00000000E+00  1.49834060E-02  1.10454387E-01
  1.46640000E-01  5.00000000E-01  1.03456890E+00  6.13788395E-02  1.21368141E+00  0.00000000E+00  1.49757789E-02  1.10507742E-01
  1.48520000E-01  5.00000000E-01  1.03410765E+00  6.28402524E-02  1.21399736E+00  0.00000000E+00  1.49681284E-02  1.10560539E-01
  1.50400000E-01  5.00000000E-01  1.03363907E+00  6.43006731E-02  1.21431692E+00  0.00000000E+00  1.49604556E-02  1.10612775E-01
  1.52280000E-01  5.00000000E-01  1.03316309E+00  6.57601012E-02  1.21463946E+00  0.00000000E+00  1.49527616E-02  1.10664444E-01
  1.54160000E-01  5.00000000E-01  1.03267969E+00  6.72185325E-02  1.21496460E+00  0.00000000E+00  1.49450476E-02  1.10715542E-01
  1.56040000E-01  5.00000000E-01  1.03218885E+00  6.86759592E-02  1.21529216E+00  0.00000000E+00  1.49373146E-02  1.10766063E-01
  1.57920000E-01  5.00000000E-01  1.03169056E+00  7.01323709E-02  1.21562212E+00  0.00000000E+00  1.49295638E-02  1.10816004E-01
  1.59800000E-01  5.00000000E-01  1.03118482E+00  7.15877547E-02  1.21595460E+00  0.00000000E+00  1.49217964E-02  1.10865357E-01
  1.61680000E-01  5.00000000E-01  1.03067163E+00  7.30420957E-02  1.21628982E+00  0.00000000E+00  1.49140136E-02  1.10914120E-01
  1.63560000E-01  5.00000000E-01  1.03015101E+00  7.44953779E-02  1.21662804E+00  0.00000000E+00  1.49062165E-02  1.10962285E-01
  1.65440000E-01  5.00000000E-01  1.02962297E+00  7.59475842E-02  1.21696957E+00  0.00000000E+00  1.48984065E-02  1.11009848E-01
  1.67320000E-01  5.00000000E-01  1.02908753E+00  7.73986971E-02  1.21731469E+00  0.00000000E+00  1.48905847E-02  1.11056803E-01
  1.69200000E-01  5.00000000E-01  1.02854468E+00  7.88486994E-02  1.21766362E+00  0.00000000E+00  1.48827523E-02  1.11103144E-01
  1.71080000E-01  5.00000000E-01  1.02799443E+00  8.02975744E-02  1.21801652E+00  0.00000000E+00  1.48749106E-02  1.11148867E-01
  1.72960000E-01  5.00000000E-01  1.02743677E+00  8.17453065E-02  1.21837340E+00  0.00000000E+00  1.48670609E-02  1.11193965E-01
  1.74840000E-01  5.00000000E-01  1.02687170E+00  8.31918818E-02  1.21873414E+00  0.00000000E+00  1.48592044E-02  1.11238433E-01
  1.76720000E-01  5.00000000E-01  1.02629917E+00  8.46372884E-02  1.21909841E+00  0.00000000E+00  1.48513423E-02  1.11282265E-01
  1.78600000E-01  5.00000000E-01  1.02571914E+00  8.60815171E-02  1.21946564E+00  0.00000000E+00  1.48434760E-02  1.11325456E-01
  1.80480000E-01  5.00000000E-01  1.02513155E+00  8.75245618E-02  1.21983503E+00  0.00000000E+00  1.48356067E-02  1.11367999E-01
  1.82360000E-01  5.00000000E-01  1.02453632E+00  8.89664199E-02  1.22020543E+00  0.00000000E+00  1.48277357E-02  1.11409890E-01
  1.84240000E-01  5.00000000E-01  1.02393334E+00  9.04070930E-02  1.22057540E+00  0.00000000E+00  1.48198642E-02  1.11451121E-01
  1.86120000E-01  5.00000000E-01  1.02332247E+00  9.18465873E-02  1.22094308E+00  0.00000000E+00  1.48119935E-02  1.11491688E-01
  1.88000000E-01  5.00000000E-01  1.02270521E+00  9.32846002E-02  1.22133247E+00  0.00000000E+00  1.48041265E-02  1.11531576E-01
  1.89880000E-01  5.00000000E-01  1.02208026E+00  9.47213756E-02  1.22172256E+00  0.00000000E+00  1.47962634E-02  1.11570786E-01
  1.91760000E-01  5.00000000E-01  1.02144746E+00  9.61569275E-02  1.22211090E+00  0.00000000E+00  1.47884055E-02  1.11609311E-01
  1.93640000E-01  5.00000000E-01  1.02080690E+00  9.75912163E-02  1.22249943E+00  0.00000000E+00  1.47805542E-02  1.11647144E-01
  1.95520000E-01  5.00000000E-01  1.02015866E+00  9.90242074E-02  1.22288963E+00  0.00000000E+00  1.47727112E-02  1.11684279E-01
  1.97400000E-01  5.00000000E-01  1.01950281E+00  1.00455870E-01  1.22328256E+00  0.00000000E+00  1.47648778E-02  1.11720709E-01
  1.99280000E-01  5.00000000E-01  1.01883936E+00  1.01886178E-01  1.22367897E+00  0.00000000E+00  1.47570558E-02  1.11756425E-01
  2.01160000E-01  5.00000000E-01  1.01816834E+00  1.03315107E-01  1.22407927E+00  0.00000000E+00  1.47492466E-02  1.11791421E-01
  2.03040000E-01  5.00000000E-01  1.01748973E+00  1.04742637E-01  1.22448365E+00  0.00000000E+00  1.47414517E-02  1.11825691E-01
  2.04920000E-01  5.00000000E-01  1.01680354E+00  1.06168749E-01  1.22489204E+00  0.00000000E+00  1.47336727E-02  1.11859226E-01
  2.06800000E-01  5.00000000E-01  1.01610972E+00  1.07593426E-01  1.22530426E+00  0.00000000E+00  1.47259112E-02  1.11892020E-01
  2.08680000E-01  5.00000000E-01  1.01540826E+00  1.09016652E-01  1.22571998E+00  0.00000000E+00  1.47181687E-02  1.11924066E-01
  2.10560000E-01  5.00000000E-01  1.01469910E+00  1.10438412E-01  1.22613881E+00  0.00000000E+00  1.47104468E-02  1.11955355E-01
  2.12440000E-01  5.00000000E-01  1.01398221E+00  1.11858691E-01  1.22656035E+00  0.00000000E+00  1.47027472E-02  1.11985881E-01
  2.14320000E-01  5.00000000E-01  1.01325756E+00  1.13277473E-01  1.22698421E+00  0.00000000E+00  1.46950715E-02  1.12015635E-01
  2.16200000E-01  5.00000000E-01  1.01252511E+00  1.14694743E-01  1.22741009E+00  0.00000000E+00  1.46874213E-02  1.12044611E-01
  2.18080000E-01  5.00000000E-01  1.01178483E+00  1.16110481E-01  1.22783779E+00  0.00000000E+00  1.46797985E-02  1.12072800E-01
  2.19960000E-01  5.00000000E-01  1.01103671E+00  1.17524670E-01  1.22826729E+00  0.00000000E+00  1.46722047E-02  1.12100195E-01
  2.21840000E-01  5.00000000E-01  1.01028074E+00  1.18937286E-01  1.22869878E+00  0.00000000E+00  1.46646418E-02  1.12126786E-01
  2.23720000E-01  5.00000000E-01  1.00951694E+00  1.20348304E-01  1.22913273E+00  0.00000000E+00  1.46571116E-02  1.12152565E-01
  2.25600000E-01  5.00000000E-01  1.00874532E+00  1.21757695E-01  1.22956988E+00  0.00000000E+00  1.46496160E-02  1.12177525E-01
  2.27480000E-01  5.00000000E-01  1.00796595E+00  1.23165428E-01  1.23001137E+00  0.00000000E+00  1.46421569E-02  1.12201655E-01
  2.29360000E-01  5.00000000E-01  1.00717889E+00  1.24571464E-01  1.23045870E+00  0.00000000E+00  1.46347363E-02  1.12224947E-01
  2.31240000E-01  5.00000000E-01  1.00638425E+00  1.25975762E-01  1.23091386E+00  0.00000000E+00  1.46273564E-02  1.12247391E-01
  2.33120000E-01  5.00000000E-01  1.00558202E+00  1.27378299E-01  1.23137708E+00  0.00000000E+00  1.46200189E-02  1.12268978E-01
  2.35000000E-01  5.00000000E-01  1.00477027E+00  1.28779409E-01  1.23181557E+00  0.00000000E+00  1.46127230E-02  1.12289714E-01
  2.36880000E-01  5.00000000E-01  1.00395107E+00  1.30178639E-01  1.23226531E+00  0.00000000E+00  1.46054738E-02  1.12309574E-01
  2.38760000E-01  5.00000000E-01  1.00312422E+00  1.31576008E-01  1.23272332E+00  0.00000000E+00  1.45982731E-02  1.12328550E-01
  2.40640000E-01  5.00000000E-01  1.00228957E+00  1.32971523E-01  1.23318727E+00  0.00000000E+00  1.45911228E-02  1.12346634E-01
  2.42520000E-01  5.00000000E-01  1.00144699E+00  1.34365186E-01  1.23365536E+00  0.00000000E+00  1.45840248E-02  1.12363818E-01
  2.44400000E-01  5.00000000E-01  1.00059640E+00  1.35756990E-01  1.23412629E+00  0.00000000E+00  1.45769810E-02  1.12380091E-01
  2.46280000E-01  5.00000000E-01  9.99737728E-01  1.37146921E-01  1.23459918E+00  0.00000000E+00  1.45699936E-02  1.12395446E-01
  2.48160000E-01  5.00000000E-01  9.98870918E-01  1.38534963E-01  1.23507353E+00  0.00000000E+00  1.45630648E-02  1.12409873E-01
  2.50040000E-01  5.00000000E-01  9.97995941E-01  1.39921090E-01  1.23554917E+00  0.00000000E+00  1.45561967E-02  1.12423361E-01
  2.51920000E-01  5.00000000E-01  9.97112779E-01  1.41305275E-01  1.23602615E+00  0.00000000E+00  1.45493916E-02  1.12435901E-01
  2.53800000E-01  5.00000000E-01  9.96221425E-01  1.42687487E-01  1.23650474E+00  0.00000000E+00  1.45426518E-02  1.12447483E-01
  2.55680000E-01  5.00000000E-01  9.95321879E-01  1.44067693E-01  1.23698533E+00  0.00000000E+00  1.45359796E-02  1.12458095E-01
  2.57560000E-01  5.00000000E-01  9.94414144E-01  1.45445858E-01  1.23746840E+00  0.00000000E+00  1.45293776E-02  1.12467729E-01
  2.59440000E-01  5.00000000E-01  9.93498224E-01  1.46821946E-01  1.23795442E+00  0.00000000E+00  1.45228481E-02  1.12476372E-01
  2.61320000E-01  5.00000000E-01  9.92574119E-01  1.48195921E-01  1.23844384E+00  0.00000000E+00  1.45163936E-02  1.12484015E-01
  2.63200000E-01  5.00000000E-01  9.91641824E-01  1.49567749E-01  1.23893699E+00  0.00000000E+00  1.45100166E-02  1.12490646E-01
  2.65080000E-01  5.00000000E-01  9.90701323E-01  1.50937397E-01  1.23943405E+00  0.00000000E+00  1.45037197E-02  1.12496256E-01
  2.66960000E-01  5.00000000E-01  9.89752588E-01  1.52304834E-01  1.23993495E+00  0.00000000E+00  1.44975053E-02  1.12500832E-01
  2.68840000E-01  5.00000000E-01  9.88795572E-01  1.53670033E-01  1.24043936E+00  0.00000000E+00  1.44913760E-02  1.12504365E-01
  2.70720000E-01  5.00000000E-01  9.87830210E-01  1.55032970E-01  1.24094661E+00  0.00000000E+00  1.44853344E-02  1.12506844E-01
  2.72600000E-01  5.00000000E-01  9.86856413E-01  1.56393627E-01  1.24145560E+00  0.00000000E+00  1.44793830E-02  1.12508258E-01
  2.74480000E-01  5.00000000E-01  9.85874065E-01  1.57751993E-01  1.24196480E+00  0.00000000E+00  1.44735244E-02  1.12508596E-01
  2.76360000E-01  5.00000000E-01  9.84883019E-01  1.59108060E-01  1.24247213E+00  0.00000000E+00  1.44677611E-02  1.12507850E-01
  2.78240000E-01  5.00000000E-01  9.83883097E-01  1.60461831E-01  1.24297495E+00  0.00000000E+00  1.44620956E-02  1.12506007E-01
  2.80120000E-01  5.00000000E-01  9.82874829E-01  1.61813110E-01  1.24348330E+00  0.00000000E+00  1.44565321E-02  1.12503050E-01
  2.82000000E-01  5.00000000E-01  9.81859363E-01  1.63161594E-01  1.24401791E+00  0.00000000E+00  1.44510759E-02  1.12498956E-01
  2.83880000E-01  5.00000000E-01  9.80834787E-01  1.64507780E-01  1.24454514E+00  0.00000000E+00  1.44457259E-02  1.12493733E-01
  2.85760000E-01  5.00000000E-01  9.79801264E-01  1.65851564E-01  1.24506849E+00  0.00000000E+00  1.44404856E-02  1.12487366E-01
  2.87640000E-01  5.00000000E-01  9.78758916E-01  1.67192859E-01  1.24559071E+00  0.00000000E+00  1.44353582E-02  1.12479842E-01
  2.89520000E-01  5.00000000E-01  9.77707824E-01  1.68531585E-01  1.24611387E+00  0.00000000E+00  1.44303471E-02  1.12471147E-01
  2.91400000E-01  5.00000000E-01  9.76648039E-01  1.69867678E-01  1.24663944E+00  0.00000000E+00  1.44254556E-02  1.12461269E-01
  2.93280000E-01  5.00000000E-01  9.75579580E-01  1.71201080E-01  1.24716838E+00  0.00000000E+00  1.44206871E-02  1.12450194E-01
  2.95160000E-01  5.00000000E-01  9.74502440E-01  1.72531745E-01  1.24770117E+00  0.00000000E+00  1.44160448E-02  1.12437910E-01
  2.97040000E-01  5.00000000E-01  9.73416592E-01  1.73859630E-01  1.24823795E+00  0.00000000E+00  1.44115319E-02  1.12424404E-01
  2.98920000E-01  5.00000000E-01  9.72321990E-01  1.75184699E-01  1.24877855E+00  0.00000000E+00  1.44071519E-02  1.12409663E-01
  3.00800000E-01  5.00000000E-01  9.71218578E-01  1.76506921E-01  1.24932256E+00  0.00000000E+00  1.44029081E-02  1.12393676E-01
  3.02680000E-01  5.00000000E-01  9.70106286E-01  1.77826266E-01  1.24986943E+00  0.00000000E+00  1.43988038E-02  1.12376430E-01
  3.04560000E-01  5.00000000E-01  9.68985045E-01  1.79142706E-01  1.25041853E+00  0.00000000E+00  1.43948424E-02  1.12357912E-01
  3.06440000E-01  5.00000000E-01  9.67854781E-01  1.80456211E-01  1.25096922E+00  0.00000000E+00  1.43910275E-02  1.12338110E-01
  3.08320000E-01  5.00000000E-01  9.66715425E-01  1.81766751E-01  1.25152094E+00  0.00000000E+00  1.43873626E-02  1.12317011E-01
  3.10200000E-01  5.00000000E-01  9.65566917E-01  1.83074292E-01  1.25207328E+00  0.00000000E+00  1.43838512E-02  1.12294602E-01
  3.12080000E-01  5.00000000E-01  9.64409207E-01  1.84378795E-01  1.25262604E+00  0.00000000E+00  1.43804973E-02  1.12270871E-01
  3.13960000E-01  5.00000000E-01  9.63242262E-01  1.85680216E-01  1.25317931E+00  0.00000000E+00  1.43773045E-02  1.12245804E-01
  3.15840000E-01  5.00000000E-01  9.62066069E-01  1.86978501E-01  1.25373356E+00  0.00000000E+00  1.43742767E-02  1.12219388E-01
  3.17720000E-01  5.00000000E-01  9.60880640E-01  1.88273591E-01  1.25428971E+00  0.00000000E+00  1.43714181E-02  1.12191609E-01
  3.19600000E-01  5.00000000E-01  9.59686014E-01  1.89565413E-01  1.25484918E+00  0.00000000E+00  1.43687328E-02  1.12162452E-01
  3.21480000E-01  5.00000000E-01  9.58482264E-01  1.90853884E-01  1.25541398E+00  0.00000000E+00  1.43662251E-02  1.12131903E-01
  3.23360000E-01  5.00000000E-01  9.57269499E-01  1.92138906E-01  1.25598681E+00  0.00000000E+00  1.43638995E-02  1.12099947E-01
  3.25240000E-01  5.00000000E-01  9.56047871E-01  1.93420368E-01  1.25657109E+00  0.00000000E+00  1.43617606E-02  1.12066568E-01
  3.27120000E-01  5.00000000E-01  9.54815894E-01  1.94698769E-01  1.25714132E+00  0.00000000E+00  1.43598092E-02  1.12031768E-01
  3.29000000E-01  5.00000000E-01  9.53573470E-01  1.95974010E-01  1.25769663E+00  0.00000000E+00  1.43580491E-02  1.11995535E-01
  3.30880000E-01  5.00000000E-01  9.52322135E-01  1.97245433E-01  1.25826508E+00  0.00000000E+00  1.43564884E-02  1.11957840E-01
  3.32760000E-01  5.00000000E-01  9.51061603E-01  1.98513087E-01  1.25884245E+00  0.00000000E+00  1.43551309E-02  1.11918670E-01
  3.34640000E-01  5.00000000E-01  9.49791644E-01  1.99777002E-01  1.25942546E+00  0.00000000E+00  1.43539809E-02  1.11878013E-01
  3.36520000E-01  5.00000000E-01  9.48512071E-01  2.01037185E-01  1.26001164E+00  0.00000000E+00  1.43530426E-02  1.11835859E-01
  3.38400000E-01  5.00000000E-01  9.47222738E-01  2.02293628E-01  1.26059927E+00  0.00000000E+00  1.43523203E-02  1.11792194E-01
  3.40280000E-01  5.00000000E-01  9.45923535E-01  2.03546306E-01  1.26118724E+00  0.00000000E+00  1.43518188E-02  1.11747005E-01
  3.42160000E-01  5.00000000E-01  9.44614382E-01  2.04795181E-01  1.26177500E+00  0.00000000E+00  1.43515426E-02  1.11700280E-01
  3.44040000E-01  5.00000000E-01  9.43295223E-01  2.06040204E-01  1.26236245E+00  0.00000000E+00  1.43514965E-02  1.11652005E-01
  3.45920000E-01  5.00000000E-01  9.41966024E-01  2.07281314E-01  1.26294984E+00  0.00000000E+00  1.43516855E-02  1.11602168E-01
  3.47800000E-01  5.00000000E-01  9.40626761E-01  2.08518445E-01  1.26353768E+00  0.00000000E+00  1.43521146E-02  1.11550756E-01
  3.49680000E-01  5.00000000E-01  9.39277423E-01  2.09751526E-01  1.26412666E+00  0.00000000E+00  1.43527889E-02  1.11497754E-01
  3.51560000E-01  5.00000000E-01  9.37917999E-01  2.10980480E-01  1.26471754E+00  0.00000000E+00  1.43537134E-02  1.11443151E-01
  3.53440000E-01  5.00000000E-01  9.36548477E-01  2.12205229E-01  1.26531106E+00  0.00000000E+00  1.43548935E-02  1.11386933E-01
  3.55320000E-01  5.00000000E-01  9.35168840E-01  2.13425698E-01  1.26590785E+00  0.00000000E+00  1.43563345E-02  1.11329088E-01
  3.57200000E-01  5.00000000E-01  9.33779055E-01  2.14641813E-01  1.26650835E+00  0.00000000E+00  1.43580415E-02  1.11269604E-01
  3.59080000E-01  5.00000000E-01  9.32379072E-01  2.15853504E-01  1.26711268E+00  0.00000000E+00  1.43600200E-02  1.11208468E-01
  3.60960000E-01  5.00000000E-01  9.30968821E-01  2.17060709E-01  1.26772058E+00  0.00000000E+00  1.43622754E-02  1.11145669E-01
  3.62840000E-01  5.00000000E-01  9.29548198E-01  2.18263373E-01  1.26833131E+00  0.00000000E+00  1.43648130E-02  1.11081196E-01
  3.64720000E-01  5.00000000E-01  9.28117069E-01  2.19461453E-01  1.26894354E+00  0.00000000E+00  1.43676381E-02  1.11015039E-01
  3.66600000E-01  5.00000000E-01  9.26675260E-01  2.20654920E-01  1.26955529E+00  0.00000000E+00  1.43707562E-02  1.10947187E-01
  3.68480000E-01  5.00000000E-01  9.25222552E-01  2.21843757E-01  1.27016380E+00  0.00000000E+00  1.43741725E-02  1.10877631E-01
  3.70360000E-01  5.00000000E-01  9.23758676E-01  2.23027966E-01  1.27076545E+00  0.00000000E+00  1.43778923E-02  1.10806363E-01
  3.72240000E-01  5.00000000E-01  9.22283307E-01  2.24207566E-01  1.27135567E+00  0.00000000E+00  1.43819209E-02  1.10733375E-01
  3.74120000E-01  5.00000000E-01  9.20799095E-01  2.25381476E-01  1.27198319E+00  0.00000000E+00  1.43862712E-02  1.10658624E-01
  3.76000000E-01  5.00000000E-01  9.19304344E-01  2.26550368E-01  1.27261780E+00  0.00000000E+00  1.43909451E-02  1.10582119E-01
  3.77880000E-01  5.00000000E-01  9.17797961E-01  2.27714547E-01  1.27324099E+00  0.00000000E+00  1.43959460E-02  1.10503862E-01
  3.79760000E-01  5.00000000E-01  9.16280152E-01  2.28873814E-01  1.27385777E+00  0.00000000E+00  1.44012807E-02  1.10423841E-01
  3.81640000E-01  5.00000000E-01  9.14751060E-01  2.30027994E-01  1.27447201E+00  0.00000000E+00  1.44069557E-02  1.10342046E-01
  3.83520000E-01  5.00000000E-01  9.13210775E-01  2.31176937E-01  1.27508656E+00  0.00000000E+00  1.44129776E-02  1.10258468E-01
  3.85400000E-01  5.00000000E-01  9.11659334E-01  2.32320515E-01  1.27570341E+00  0.00000000E+00  1.44193530E-02  1.10173098E-01
  3.87280000E-01  5.00000000E-01  9.10096734E-01  2.33458619E-01  1.27632372E+00  0.00000000E+00  1.44260883E-02  1.10085928E-01
  3.89160000E-01  5.00000000E-01  9.08522933E-01  2.34591154E-01  1.27694804E+00  0.00000000E+00  1.44331900E-02  1.09996952E-01
  3.91040000E-01  5.00000000E-01  9.06937861E-01  2.35718039E-01  1.27757635E+00  0.00000000E+00  1.44406647E-02  1.09906162E-01
  3.92920000E-01  5.00000000E-01  9.05341424E-01  2.36839202E-01  1.27820822E+00  0.00000000E+00  1.44485187E-02  1.09813553E-01
  3.94800000E-01  5.00000000E-01  9.03733508E-01  2.37954581E-01  1.27884289E+00  0.00000000E+00  1.44567587E-02  1.09719121E-01
  3.96680000E-01  5.00000000E-01  9.02113993E-01  2.39064116E-01  1.27947943E+00  0.00000000E+00  1.44653911E-02  1.09622861E-01
  3.98560000E-01  5.00000000E-01  9.00482750E-01  2.40167749E-01  1.28011684E+00  0.00000000E+00  1.44744227E-02  1.09524770E-01
  4.00440000E-01  5.00000000E-01  8.98839655E-01  2.41265421E-01  1.28075416E+00  0.00000000E+00  1.44838599E-02  1.09424845E-01
  4.02320000E-01  5.00000000E-01  8.97184592E-01  2.42357070E-01  1.28139058E+00  0.00000000E+00  1.44937097E-02  1.09323082E-01
  4.04200000E-01  5.00000000E-01  8.95517459E-01  2.43442625E-01  1.28202559E+00  0.00000000E+00  1.45039788E-02  1.09219480E-01
  4.06080000E-01  5.00000000E-01  8.93838177E-01  2.44522008E-01  1.28265906E+00  0.00000000E+00  1.45146742E-02  1.09114038E-01
  4.07960000E-01  5.00000000E-01  8.92146694E-01  2.45595126E-01  1.28329139E+00  0.00000000E+00  1.45258030E-02  1.09006753E-01
  4.09840000E-01  5.00000000E-01  8.90442992E-01  2.46661873E-01  1.28392360E+00  0.00000000E+00  1.45373723E-02  1.08897624E-01
  4.11720000E-01  5.00000000E-01  8.88727094E-01  2.47722123E-01  1.28455747E+00  0.00000000E+00  1.45493895E-02  1.08786652E-01
  4.13600000E-01  5.00000000E-01  8.86999071E-01  2.48775731E-01  1.28519565E+00  0.00000000E+00  1.45618621E-02  1.08673834E-01
  4.15480000E-01  5.00000000E-01  8.85259047E-01  2.49822526E-01  1.28584175E+00  0.00000000E+00  1.45747978E-02  1.08559172E-01
  4.17360000E-01  5.00000000E-01  8.83507207E-01  2.50862313E-01  1.28650051E+00  0.00000000E+00  1.45882045E-02  1.08442664E-01
  4.19240000E-01  5.00000000E-01  8.81743801E-01  2.51894865E-01  1.28717789E+00  0.00000000E+00  1.46020901E-02  1.08324310E-01
  4.21120000E-01  5.00000000E-01  8.79964269E-01  2.52921912E-01  1.28779196E+00  0.00000000E+00  1.46164483E-02  1.08204173E-01
  4.23000000E-01  5.00000000E-01  8.78172687E-01  2.53941521E-01  1.28841931E+00  0.00000000E+00  1.46312990E-02  1.08082206E-01
  4.24880000E-01  5.00000000E-01  8.76369104E-01  2.54953564E-01  1.28906223E+00  0.00000000E+00  1.46466498E-02  1.07958412E-01
  4.26760000E-01  5.00000000E-01  8.74553114E-01  2.55958099E-01  1.28971476E+00  0.00000000E+00  1.46625071E-02  1.07832803E-01
  4.28640000E-01  5.00000000E-01  8.72724390E-01  2.56955150E-01  1.29037227E+00  0.00000000E+00  1.46788774E-02  1.07705390E-01
  4.30520000E-01  5.00000000E-01  8.70882668E-01  2.57944705E-01  1.29103140E+00  0.00000000E+00  1.46957677E-02  1.07576183E-01
  4.32400000E-01  5.00000000E-01  8.69027745E-01  2.58926725E-01  1.29168986E+00  0.00000000E+00  1.47131847E-02  1.07445196E-01
  4.34280000E-01  5.00000000E-01  8.67159470E-01  2.59901146E-01  1.29234630E+00  0.00000000E+00  1.47311357E-02  1.07312439E-01
  4.36160000E-01  5.00000000E-01  8.65277731E-01  2.60867883E-01  1.29300018E+00  0.00000000E+00  1.47496280E-02  1.07177926E-01
  4.38040000E-01  5.00000000E-01  8.63382456E-01  2.61826829E-01  1.29365158E+00  0.00000000E+00  1.47686687E-02  1.07041669E-01
  4.39920000E-01  5.00000000E-01  8.61473594E-01  2.62777867E-01  1.29430109E+00  0.00000000E+00  1.47882654E-02  1.06903682E-01
  4.41800000E-01  5.00000000E-01  8.59551118E-01  2.63720865E-01  1.29494967E+00  0.00000000E+00  1.48084253E-02  1.06763981E-01
  4.43680000E-01  5.00000000E-01  8.57615007E-01  2.64655687E-01  1.29559845E+00  0.00000000E+00  1.48291560E-02  1.06622581E-01
  4.45560000E-01  5.00000000E-01  8.55665248E-01  2.65582188E-01  1.29624865E+00  0.00000000E+00  1.48504647E-02  1.06479500E-01
  4.47440000E-01  5.00000000E-01  8.53701816E-01  2.66500228E-01  1.29690139E+00  0.00000000E+00  1.48723588E-02  1.06334756E-01
  4.49320000E-01  5.00000000E-01  8.51724679E-01  2.67409666E-01  1.29755754E+00  0.00000000E+00  1.48948455E-02  1.06188369E-01
  4.51200000E-01  5.00000000E-01  8.49733779E-01  2.68310370E-01  1.29821762E+00  0.00000000E+00  1.49179318E-02  1.06040359E-01
  4.53080000E-01  5.00000000E-01  8.47729031E-01  2.69202215E-01  1.29888160E+00  0.00000000E+00  1.49416248E-02  1.05890751E-01
  4.54960000E-01  5.00000000E-01  8.45710312E-01  2.70085094E-01  1.29954877E+00  0.00000000E+00  1.49659311E-02  1.05739568E-01
  4.56840000E-01  5.00000000E-01  8.43677451E-01  2.70958913E-01  1.30021762E+00  0.00000000E+00  1.49908574E-02  1.05586838E-01
  4.58720000E-01  5.00000000E-01  8.41630228E-01  2.71823602E-01  1.30088564E+00  0.00000000E+00  1.50164098E-02  1.05432588E-01
  4.60600000E-01  5.00000000E-01  8.39568357E-01  2.72679113E-01  1.30154923E+00  0.00000000E+00  1.50425944E-02  1.05276850E-01
  4.62480000E-01  5.00000000E-01  8.37491485E-01  2.73525428E-01  1.30220352E+00  0.00000000E+00  1.50694169E-02  1.05119657E-01
  4.64360000E-01  5.00000000E-01  8.35399181E-01  2.74362558E-01  1.30284223E+00  0.00000000E+00  1.50968828E-02  1.04961044E-01
  4.66240000E-01  5.00000000E-01  8.33291677E-01  2.75190205E-01  1.30347133E+00  0.00000000E+00  1.51249994E-02  1.04801039E-01
  4.68120000E-01  5.00000000E-01  8.31173722E-01  2.76006203E-01  1.30417889E+00  0.00000000E+00  1.51537900E-02  1.04639606E-01
  4.70000000E-01  5.00000000E-01  8.29039632E-01  2.76813125E-01  1.30486120E+00  0.00000000E+00  1.51832424E-02  1.04476853E-01
  4.71880000E-01  5.00000000E-01  8.26889806E-01  2.77610570E-01  1.30552722E+00  0.00000000E+00  1.52133638E-02  1.04312813E-01
  4.73760000E-01  5.00000000E-01  8.24724539E-01  2.78398194E-01  1.30618401E+00  0.00000000E+00  1.52441612E-02  1.04147517E-01
  4.75640000E-01  5.00000000E-01  8.22544039E-01  2.79175699E-01  1.30683695E+00  0.00000000E+00  1.52756411E-02  1.03981001E-01
  4.77520000E-01  5.00000000E-01  8.20348433E-01  2.79942831E-01  1.30748991E+00  0.00000000E+00  1.53078095E-02  1.03813304E-01
  4.79400000E-01  5.00000000E-01  8.18137778E-01  2.80699377E-01  1.30814543E+00  0.00000000E+00  1.53406723E-02  1.03644464E-01
  4.81280000E-01  5.00000000E-01  8.15912071E-01  2.81445155E-01  1.30880493E+00  0.00000000E+00  1.53742349E-02  1.03474525E-01
  4.83160000E-01  5.00000000E-01  8.13671259E-01  2.82180012E-01  1.30946886E+00  0.00000000E+00  1.54085025E-02  1.03303530E-01
  4.85040000E-01  5.00000000E-01  8.11415249E-01  2.82903818E-01  1.31013692E+00  0.00000000E+00  1.54434799E-02  1.03131524E-01
  4.86920000E-01  5.00000000E-01  8.09143918E-01  2.83616460E-01  1.31080819E+00  0.00000000E+00  1.54791716E-02  1.02958555E-01
  4.88800000E-01  5.00000000E-01  8.06857123E-01  2.84317838E-01  1.31148137E+00  0.00000000E+00  1.55155821E-02  1.02784671E-01
  4.90680000E-01  5.00000000E-01  8.04554711E-01  2.85007860E-01  1.31215493E+00  0.00000000E+00  1.55527155E-02  1.02609922E-01
  4.92560000E-01  5.00000000E-01  8.02236528E-01  2.85686435E-01  1.31282732E+00  0.00000000E+00  1.55905755E-02  1.02434361E-01
  4.94440000E-01  5.00000000E-01  7.99902430E-01  2.86353468E-01  1.31349713E+00  0.00000000E+00  1.56291660E-02  1.02258038E-01
  4.96320000E-01  5.00000000E-01  7.97552294E-01  2.87008858E-01  1.31416327E+00  0.00000000E+00  1.56684904E-02  1.02081008E-01
  4.98200000E-01  5.00000000E-01  7.95186026E-01  2.87652490E-01  1.31482517E+00  0.00000000E+00  1.57085521E-02  1.01903324E-01
  5.00080000E-01  5.00000000E-01  7.92803571E-01  2.88284228E-01  1.31548298E+00  0.00000000E+00  1.57493543E-02  1.01725043E-01
  5.01960000E-01  5.00000000E-01  7.90404926E-01  2.88903914E-01  1.31613772E+00  0.00000000E+00  1.57909002E-02  1.01546219E-01
  5.03840000E-01  5.00000000E-01  7.87990146E-01  2.89511360E-01  1.31679145E+00  0.00000000E+00  1.58331927E-02  1.01366908E-01
  5.05720000E-01  5.00000000E-01  7.85559355E-01  2.90106345E-01  1.31744753E+00  0.00000000E+00  1.58762348E-02  1.01187168E-01
  5.07600000E-01  5.00000000E-01  7.83112759E-01  2.90688607E-01  1.31811073E+00  0.00000000E+00  1.59200293E-02  1.01007055E-01
  5.09480000E-01  5.00000000E-01  7.80650652E-01  2.91257840E-01  1.31878743E+00  0.00000000E+00  1.59645791E-02  1.00826625E-01
  5.11360000E-01  5.00000000E-01  7.78173429E-01  2.91813687E-01  1.31948582E+00  0.00000000E+00  1.60098870E-02  1.00645936E-01
  5.13240000E-01  5.00000000E-01  7.75678907E-01  2.92357135E-01  1.32016636E+00  0.00000000E+00  1.60559462E-02  1.00465079E-01
  5.15120000E-01  5.00000000E-01  7.73164425E-01  2.92889133E-01  1.32078168E+00  0.00000000E+00  1.61027472E-02  1.00284155E-01
  5.17000000E-01  5.00000000E-01  7.70635022E-01  2.93406812E-01  1.32142621E+00  0.00000000E+00  1.61503081E-02  1.00103166E-01
  5.18880000E-01  5.00000000E-01  7.68090081E-01  2.93910385E-01  1.32208919E+00  0.00000000E+00  1.61986274E-02  9.99221826E-02
  5.20760000E-01  5.00000000E-01  7.65529109E-01  2.94399991E-01  1.32276218E+00  0.00000000E+00  1.62477039E-02  9.97412761E-02
  5.22640000E-01  5.00000000E-01  7.62951730E-01  2.94875704E-01  1.32343880E+00  0.00000000E+00  1.62975360E-02  9.95605169E-02
  5.24520000E-01  5.00000000E-01  7.60357665E-01  2.95337536E-01  1.32411452E+00  0.00000000E+00  1.63481221E-02  9.93799754E-02
  5.26400000E-01  5.00000000E-01  7.57746725E-01  2.95785445E-01  1.32478640E+00  0.00000000E+00  1.63994604E-02  9.91997222E-02
  5.28280000E-01  5.00000000E-01  7.55118799E-01  2.96219346E-01  1.32545290E+00  0.00000000E+00  1.64515489E-02  9.90198278E-02
  5.30160000E-01  5.00000000E-01  7.52473836E-01  2.96639113E-01  1.32611363E+00  0.00000000E+00  1.65043854E-02  9.88403628E-02
  5.32040000E-01  5.00000000E-01  7.49811839E-01  2.97044590E-01  1.32676909E+00  0.00000000E+00  1.65579673E-02  9.86613978E-02
  5.33920000E-01  5.00000000E-01  7.47132848E-01  2.97435594E-01  1.32742050E+00  0.00000000E+00  1.66122919E-02  9.84830040E-02
  5.35800000E-01  5.00000000E-01  7.44436932E-01  2.97811927E-01  1.32806952E+00  0.00000000E+00  1.66673559E-02  9.83052525E-02
  5.37680000E-01  5.00000000E-01  7.41724173E-01  2.98173381E-01  1.32871804E+00  0.00000000E+00  1.67231557E-02  9.81282149E-02
  5.39560000E-01  5.00000000E-01  7.38994653E-01  2.98519742E-01  1.32936793E+00  0.00000000E+00  1.67796874E-02  9.79519633E-02
  5.41440000E-01  5.00000000E-01  7.36248446E-01  2.98850804E-01  1.33002086E+00  0.00000000E+00  1.68369464E-02  9.77765701E-02
  5.43320000E-01  5.00000000E-01  7.33485603E-01  2.99166369E-01  1.33067799E+00  0.00000000E+00  1.68949278E-02  9.76021085E-02
  5.45200000E-01  5.00000000E-01  7.30706138E-01  2.99466258E-01  1.33133980E+00  0.00000000E+00  1.69536261E-02  9.74286519E-02
  5.47080000E-01  5.00000000E-01  7.27910019E-01  2.99750318E-01  1.33200587E+00  0.00000000E+00  1.70130351E-02  9.72562748E-02
  5.48960000E-01  5.00000000E-01  7.25097153E-01  3.00018430E-01  1.33267457E+00  0.00000000E+00  1.70731481E-02  9.70850522E-02
  5.50840000E-01  5.00000000E-01  7.22267376E-01  3.00270511E-01  1.33334291E+00  0.00000000E+00  1.71339578E-02  9.69150599E-02
  5.52720000E-01  5.00000000E-01  7.19420436E-01  3.00506528E-01  1.33400628E+00  0.00000000E+00  1.71954560E-02  9.67463745E-02
  5.54600000E-01  5.00000000E-01  7.16555989E-01  3.00726500E-01  1.33465820E+00  0.00000000E+00  1.72576339E-02  9.65790738E-02
  5.56480000E-01  5.00000000E-01  7.13673578E-01  3.00930509E-01  1.33529014E+00  0.00000000E+00  1.73204820E-02  9.64132362E-02
  5.58360000E-01  5.00000000E-01  7.10772624E-01  3.01118705E-01  1.33589122E+00  0.00000000E+00  1.73839898E-02  9.62489416E-02
  5.60240000E-01  5.00000000E-01  7.07857978E-01  3.01288385E-01  1.33655194E+00  0.00000000E+00  1.74481689E-02  9.60861966E-02
  5.62120000E-01  5.00000000E-01  7.04928792E-01  3.01440297E-01  1.33725404E+00  0.00000000E+00  1.75130067E-02  9.59250833E-02
  5.64000000E-01  5.00000000E-01  7.01981013E-01  3.01576471E-01  1.33792104E+00  0.00000000E+00  1.75784761E-02  9.57657298E-02
  5.65880000E-01  5.00000000E-01  6.99015344E-01  3.01696307E-01  1.33856588E+00  0.00000000E+00  1.76445692E-02  9.56082013E-02
  5.67760000E-01  5.00000000E-01  6.96032342E-01  3.01799299E-01  1.33919864E+00  0.00000000E+00  1.77112768E-02  9.54525638E-02
  5.69640000E-01  5.00000000E-01  6.93032431E-01  3.01885032E-01  1.33982684E+00  0.00000000E+00  1.77785890E-02  9.52988844E-02
  5.71520000E-01  5.00000000E-01  6.90015919E-01  3.01953167E-01  1.34045571E+00  0.00000000E+00  1.78464953E-02  9.51472305E-02
  5.73400000E-01  5.00000000E-01  6.86983016E-01  3.02003434E-01  1.34108853E+00  0.00000000E+00  1.79149841E-02  9.49976702E-02
  5.75280000E-01  5.00000000E-01  6.83933845E-01  3.02035625E-01  1.34172687E+00  0.00000000E+00  1.79840434E-02  9.48502715E-02
  5.77160000E-01  5.00000000E-01  6.80868461E-01  3.02049580E-01  1.34237090E+00  0.00000000E+00  1.80536603E-02  9.47051026E-02
  5.79040000E-01  5.00000000E-01  6.77786865E-01  3.02045182E-01  1.34301971E+00  0.00000000E+00  1.81238217E-02  9.45622315E-02
  5.80920000E-01  5.00000000E-01  6.74689021E-01  3.02022344E-01  1.34367155E+00  0.00000000E+00  1.81945136E-02  9.44217256E-02
  5.82800000E-01  5.00000000E-01  6.71574870E-01  3.01981004E-01  1.34432420E+00  0.00000000E+00  1.82657218E-02  9.42836519E-02
  5.84680000E-01  5.00000000E-01  6.68444346E-01  3.01921109E-01  1.34497517E+00  0.00000000E+00  1.83374316E-02  9.41480764E-02
  5.86560000E-01  5.00000000E-01  6.65297392E-01  3.01842614E-01  1.34562206E+00  0.00000000E+00  1.84096279E-02  9.40150641E-02
  5.88440000E-01  5.00000000E-01  6.62133976E-01  3.01745466E-01  1.34626286E+00  0.00000000E+00  1.84822955E-02  9.38846788E-02
  5.90320000E-01  5.00000000E-01  6.58954105E-01  3.01629597E-01  1.34689618E+00  0.00000000E+00  1.85554189E-02  9.37569830E-02
  5.92200000E-01  5.00000000E-01  6.55757844E-01  3.01494916E-01  1.34752160E+00  0.00000000E+00  1.86289822E-02  9.36320372E-02
  5.94080000E-01  5.00000000E-01  6.52545326E-01  3.01341296E-01  1.34813993E+00  0.00000000E+00  1.87029697E-02  9.35099002E-02
  5.95960000E-01  5.00000000E-01  6.49316773E-01  3.01168569E-01  1.34875354E+00  0.00000000E+00  1.87773655E-02  9.33906290E-02
  5.97840000E-01  5.00000000E-01  6.46072510E-01  3.00976515E-01  1.34936661E+00  0.00000000E+00  1.88521539E-02  9.32742779E-02
  5.99720000E-01  5.00000000E-01  6.42812977E-01  3.00764851E-01  1.34998544E+00  0.00000000E+00  1.89273188E-02  9.31608990E-02
  6.01600000E-01  5.00000000E-01  6.39538751E-01  3.00533222E-01  1.35061878E+00  0.00000000E+00  1.90028448E-02  9.30505417E-02
  6.03480000E-01  5.00000000E-01  6.36250557E-01  3.00281196E-01  1.35127804E+00  0.00000000E+00  1.90787162E-02  9.29432524E-02
  6.05360000E-01  5.00000000E-01  6.32949283E-01  3.00008247E-01  1.35197767E+00  0.00000000E+00  1.91549179E-02  9.28390744E-02
  6.07240000E-01  5.00000000E-01  6.29626093E-01  2.99718998E-01  1.35254916E+00  0.00000000E+00  1.92313869E-02  9.27381950E-02
  6.09120000E-01  5.00000000E-01  6.26287427E-01  2.99409243E-01  1.35311530E+00  0.00000000E+00  1.93081373E-02  9.26405655E-02
  6.11000000E-01  5.00000000E-01  6.22935769E-01  2.99077689E-01  1.35372043E+00  0.00000000E+00  1.93851631E-02  9.25461961E-02
  6.12880000E-01  5.00000000E-01  6.19570425E-01  2.98724821E-01  1.35434862E+00  0.00000000E+00  1.94624420E-02  9.24551443E-02
  6.14760000E-01  5.00000000E-01  6.16190892E-01  2.98350994E-01  1.35498753E+00  0.00000000E+00  1.95399523E-02  9.23674636E-02
  6.16640000E-01  5.00000000E-01  6.12796838E-01  2.97956451E-01  1.35562808E+00  0.00000000E+00  1.96176727E-02  9.22832041E-02
  6.18520000E-01  5.00000000E-01  6.09388082E-01  2.97541330E-01  1.35626405E+00  0.00000000E+00  1.96955823E-02  9.22024125E-02
  6.20400000E-01  5.00000000E-01  6.05964573E-01  2.97105681E-01  1.35689168E+00  0.00000000E+00  1.97736607E-02  9.21251322E-02
  6.22280000E-01  5.00000000E-01  6.02526374E-01  2.96649477E-01  1.35750933E+00  0.00000000E+00  1.98518877E-02  9.20514040E-02
  6.24160000E-01  5.00000000E-01  5.99073637E-01  2.96172628E-01  1.35811708E+00  0.00000000E+00  1.99302431E-02  9.19812658E-02
  6.26040000E-01  5.00000000E-01  5.95606586E-01  2.95674991E-01  1.35871635E+00  0.00000000E+00  2.00087072E-02  9.19147530E-02
  6.27920000E-01  5.00000000E-01  5.92125497E-01  2.95156388E-01  1.35930952E+00  0.00000000E+00  2.00872602E-02  9.18518989E-02
  6.29800000E-01  5.00000000E-01  5.88630678E-01  2.94616614E-01  1.35989955E+00  0.00000000E+00  2.01658823E-02  9.17927346E-02
  6.31680000E-01  5.00000000E-01  5.85122447E-01  2.94055451E-01  1.36048963E+00  0.00000000E+00  2.02445538E-02  9.17372894E-02
  6.33560000E-01  5.00000000E-01  5.81601116E-01  2.93472683E-01  1.36108275E+00  0.00000000E+00  2.03232549E-02  9.16855910E-02
  6.35440000E-01  5.00000000E-01  5.78066970E-01  2.92868106E-01  1.36168134E+00  0.00000000E+00  2.04019656E-02  9.16376659E-02
  6.37320000E-01  5.00000000E-01  5.74520243E-01  2.92241545E-01  1.36228692E+00  0.00000000E+00  2.04806658E-02  9.15935391E-02
  6.39200000E-01  5.00000000E-01  5.70961104E-01  2.91592861E-01  1.36289969E+00  0.00000000E+00  2.05593349E-02  9.15532348E-02
  6.41080000E-01  5.00000000E-01  5.67389633E-01  2.90921969E-01  1.36351815E+00  0.00000000E+00  2.06379522E-02  9.15167765E-02
  6.42960000E-01  5.00000000E-01  5.63805805E-01  2.90228846E-01  1.36413873E+00  0.00000000E+00  2.07164966E-02  9.14841870E-02
  6.44840000E-01  5.00000000E-01  5.60209464E-01  2.89513551E-01  1.36475542E+00  0.00000000E+00  2.07949464E-02  9.14554891E-02
  6.46720000E-01  5.00000000E-01  5.56600311E-01  2.88776230E-01  1.36535937E+00  0.00000000E+00  2.08732796E-02  9.14307051E-02
  6.48600000E-01  5.00000000E-01  5.52977878E-01  2.88017134E-01  1.36593851E+00  0.00000000E+00  2.09514734E-02  9.14098578E-02
  6.50480000E-01  5.00000000E-01  5.49341510E-01  2.87236629E-01  1.36647721E+00  0.00000000E+00  2.10295046E-02  9.13929701E-02
  6.52360000E-01  5.00000000E-01  5.45690345E-01  2.86435212E-01  1.36695585E+00  0.00000000E+00  2.11073492E-02  9.13800655E-02
  6.54240000E-01  5.00000000E-01  5.42039664E-01  2.85604471E-01  1.36766403E+00  0.00000000E+00  2.11850719E-02  9.13709092E-02
  6.56120000E-01  5.00000000E-01  5.38374919E-01  2.84753862E-01  1.36831169E+00  0.00000000E+00  2.12625647E-02  9.13657631E-02
  6.58000000E-01  5.00000000E-01  5.34696808E-01  2.83882701E-01  1.36890974E+00  0.00000000E+00  2.13398101E-02  9.13646270E-02
  6.59880000E-01  5.00000000E-01  5.31006500E-01  2.82990073E-01  1.36947807E+00  0.00000000E+00  2.14167937E-02  9.13674908E-02
  6.61760000E-01  5.00000000E-01  5.27304938E-01  2.82075256E-01  1.37003192E+00  0.00000000E+00  2.14935001E-02  9.13743456E-02
  6.63640000E-01  5.00000000E-01  5.23592861E-01  2.81137703E-01  1.37058238E+00  0.00000000E+00  2.15699131E-02  9.13851840E-02
  6.65520000E-01  5.00000000E-01  5.19870830E-01  2.80177019E-01  1.37113688E+00  0.00000000E+00  2.16460158E-02  9.13999991E-02
  6.67400000E-01  5.00000000E-01  5.16139252E-01  2.79192946E-01  1.37169969E+00  0.00000000E+00  2.17217904E-02  9.14187849E-02
  6.69280000E-01  5.00000000E-01  5.12398407E-01  2.78185341E-01  1.37227243E+00  0.00000000E+00  2.17972191E-02  9.14415351E-02
  6.71160000E-01  5.00000000E-01  5.08648472E-01  2.77154156E-01  1.37285455E+00  0.00000000E+00  2.18722832E-02  9.14682436E-02
  6.73040000E-01  5.00000000E-01  5.04889545E-01  2.76099423E-01  1.37344385E+00  0.00000000E+00  2.19469642E-02  9.14989033E-02
  6.74920000E-01  5.00000000E-01  5.01121673E-01  2.75021231E-01  1.37403697E+00  0.00000000E+00  2.20212431E-02  9.15335067E-02
  6.76800000E-01  5.00000000E-01  4.97344873E-01  2.73919707E-01  1.37462989E+00  0.00000000E+00  2.20951012E-02  9.15720447E-02
  6.78680000E-01  5.00000000E-01  4.93559162E-01  2.72794999E-01  1.37521843E+00  0.00000000E+00  2.21685198E-02  9.16145067E-02
  6.80560000E-01  5.00000000E-01  4.89764578E-01  2.71647257E-01  1.37579875E+00  0.00000000E+00  2.22414803E-02  9.16608802E-02
  6.82440000E-01  5.00000000E-01  4.85961207E-01  2.70476609E-01  1.37636786E+00  0.00000000E+00  2.23139646E-02  9.17111505E-02
  6.84320000E-01  5.00000000E-01  4.82149208E-01  2.69283148E-01  1.37692408E+00  0.00000000E+00  2.23859552E-02  9.17653002E-02
  6.86200000E-01  5.00000000E-01  4.78328838E-01  2.68066911E-01  1.37746760E+00  0.00000000E+00  2.24574349E-02  9.18233089E-02
  6.88080000E-01  5.00000000E-01  4.74500476E-01  2.66827855E-01  1.37800093E+00  0.00000000E+00  2.25283876E-02  9.18851530E-02
  6.89960000E-01  5.00000000E-01  4.70664650E-01  2.65565845E-01  1.37852943E+00  0.00000000E+00  2.25987978E-02  9.19508053E-02
  6.91840000E-01  5.00000000E-01  4.66822061E-01  2.64280630E-01  1.37906179E+00  0.00000000E+00  2.26686510E-02  9.20202345E-02
  6.93720000E-01  5.00000000E-01  4.62973608E-01  2.62971827E-01  1.37961053E+00  0.00000000E+00  2.27379338E-02  9.20934049E-02
  6.95600000E-01  5.00000000E-01  4.59120413E-01  2.61638897E-01  1.38019253E+00  0.00000000E+00  2.28066342E-02  9.21702764E-02
  6.97480000E-01  5.00000000E-01  4.55263848E-01  2.60281133E-01  1.38082947E+00  0.00000000E+00  2.28747412E-02  9.22508037E-02
  6.99360000E-01  5.00000000E-01  4.51401902E-01  2.58900069E-01  1.38147537E+00  0.00000000E+00  2.29422240E-02  9.23349942E-02
  7.01240000E-01  5.00000000E-01  4.47521380E-01  2.57503104E-01  1.38186959E+00  0.00000000E+00  2.30089984E-02  9.24229997E-02
  7.03120000E-01  5.00000000E-01  4.43639373E-01  2.56078394E-01  1.38235279E+00  0.00000000E+00  2.30751555E-02  9.25144976E-02
  7.05000000E-01  5.00000000E-01  4.39754650E-01  2.54627531E-01  1.38289276E+00  0.00000000E+00  2.31406704E-02  9.26094772E-02
  7.06880000E-01  5.00000000E-01  4.35866299E-01  2.53151782E-01  1.38346414E+00  0.00000000E+00  2.32055208E-02  9.27079203E-02
  7.08760000E-01  5.00000000E-01  4.31973693E-01  2.51652121E-01  1.38404764E+00  0.00000000E+00  2.32696865E-02  9.28098010E-02
  7.10640000E-01  5.00000000E-01  4.28076460E-01  2.50129263E-01  1.38462948E+00  0.00000000E+00  2.33331499E-02  9.29150872E-02
  7.12520000E-01  5.00000000E-01  4.24174447E-01  2.48583691E-01  1.38520061E+00  0.00000000E+00  2.33958953E-02  9.30237402E-02
  7.14400000E-01  5.00000000E-01  4.20267696E-01  2.47015688E-01  1.38575614E+00  0.00000000E+00  2.34579088E-02  9.31357163E-02
  7.16280000E-01  5.00000000E-01  4.16356404E-01  2.45425368E-01  1.38629457E+00  0.00000000E+00  2.35191784E-02  9.32509662E-02
  7.18160000E-01  5.00000000E-01  4.12440897E-01  2.43812708E-01  1.38681718E+00  0.00000000E+00  2.35796936E-02  9.33694367E-02
  7.20040000E-01  5.00000000E-01  4.08521593E-01  2.42177574E-01  1.38732734E+00  0.00000000E+00  2.36394452E-02  9.34910705E-02
  7.21920000E-01  5.00000000E-01  4.04598978E-01  2.40519760E-01  1.38782983E+00  0.00000000E+00  2.36984253E-02  9.36158071E-02
  7.23800000E-01  5.00000000E-01  4.00673565E-01  2.38839009E-01  1.38833017E+00  0.00000000E+00  2.37566269E-02  9.37435833E-02
  7.25680000E-01  5.00000000E-01  3.96745870E-01  2.37135052E-01  1.38883395E+00  0.00000000E+00  2.38140441E-02  9.38743338E-02
  7.27560000E-01  5.00000000E-01  3.92816374E-01  2.35407634E-01  1.38934614E+00  0.00000000E+00  2.38706714E-02  9.40079915E-02
  7.29440000E-01  5.00000000E-01  3.88885497E-01  2.33656546E-01  1.38987047E+00  0.00000000E+00  2.39265039E-02  9.41444885E-02
  7.31320000E-01  5.00000000E-01  3.84953563E-01  2.31881657E-01  1.39040868E+00  0.00000000E+00  2.39815372E-02  9.42837566E-02
  7.33200000E-01  5.00000000E-01  3.81020766E-01  2.30082942E-01  1.39095990E+00  0.00000000E+00  2.40357667E-02  9.44257274E-02
  7.35080000E-01  5.00000000E-01  3.77087145E-01  2.28260516E-01  1.39151995E+00  0.00000000E+00  2.40891883E-02  9.45703334E-02
  7.36960000E-01  5.00000000E-01  3.73152544E-01  2.26414662E-01  1.39208071E+00  0.00000000E+00  2.41417972E-02  9.47175083E-02
  7.38840000E-01  5.00000000E-01  3.69216588E-01  2.24545865E-01  1.39262937E+00  0.00000000E+00  2.41935886E-02  9.48671876E-02
  7.40720000E-01  5.00000000E-01  3.65278646E-01  2.22654838E-01  1.39314784E+00  0.00000000E+00  2.42445569E-02  9.50193093E-02
  7.42600000E-01  5.00000000E-01  3.61337800E-01  2.20742557E-01  1.39361201E+00  0.00000000E+00  2.42946961E-02  9.51738143E-02
  7.44480000E-01  5.00000000E-01  3.57392816E-01  2.18810291E-01  1.39399113E+00  0.00000000E+00  2.43439991E-02  9.53306469E-02
  7.46360000E-01  5.00000000E-01  3.53452670E-01  2.16851080E-01  1.39447046E+00  0.00000000E+00  2.43925105E-02  9.54896168E-02
  7.48240000E-01  5.00000000E-01  3.49523715E-01  2.14863203E-01  1.39516284E+00  0.00000000E+00  2.44402580E-02  9.56505930E-02
  7.50120000E-01  5.00000000E-01  3.45590807E-01  2.12859503E-01  1.39573991E+00  0.00000000E+00  2.44871710E-02  9.58136966E-02
  7.52000000E-01  5.00000000E-01  3.41655955E-01  2.10837477E-01  1.39624367E+00  0.00000000E+00  2.45332681E-02  9.59788099E-02
  7.53880000E-01  5.00000000E-01  3.37720783E-01  2.08795175E-01  1.39670698E+00  0.00000000E+00  2.45785667E-02  9.61458222E-02
  7.55760000E-01  5.00000000E-01  3.33786573E-01  2.06731147E-01  1.39715454E+00  0.00000000E+00  2.46230833E-02  9.63146289E-02
  7.57640000E-01  5.00000000E-01  3.29854306E-01  2.04644393E-01  1.39760375E+00  0.00000000E+00  2.46668334E-02  9.64851311E-02
  7.59520000E-01  5.00000000E-01  3.25924696E-01  2.02534304E-01  1.39806568E+00  0.00000000E+00  2.47098322E-02  9.66572348E-02
  7.61400000E-01  5.00000000E-01  3.21998235E-01  2.00400614E-01  1.39854595E+00  0.00000000E+00  2.47520942E-02  9.68308503E-02
  7.63280000E-01  5.00000000E-01  3.18075229E-01  1.98243345E-01  1.39904569E+00  0.00000000E+00  2.47936345E-02  9.70058916E-02
  7.65160000E-01  5.00000000E-01  3.14155836E-01  1.96062753E-01  1.39956244E+00  0.00000000E+00  2.48344677E-02  9.71822754E-02
  7.67040000E-01  5.00000000E-01  3.10240108E-01  1.93859279E-01  1.40009109E+00  0.00000000E+00  2.48746094E-02  9.73599208E-02
  7.68920000E-01  5.00000000E-01  3.06328029E-01  1.91633489E-01  1.40062479E+00  0.00000000E+00  2.49140755E-02  9.75387484E-02
  7.70800000E-01  5.00000000E-01  3.02419553E-01  1.89386027E-01  1.40115585E+00  0.00000000E+00  2.49528830E-02  9.77186798E-02
  7.72680000E-01  5.00000000E-01  2.98514647E-01  1.87117561E-01  1.40167670E+00  0.00000000E+00  2.49910501E-02  9.78996368E-02
  7.74560000E-01  5.00000000E-01  2.94613323E-01  1.84828725E-01  1.40218082E+00  0.00000000E+00  2.50285962E-02  9.80815406E-02
  7.76440000E-01  5.00000000E-01  2.90715687E-01  1.82520074E-01  1.40266360E+00  0.00000000E+00  2.50655426E-02  9.82643117E-02
  7.78320000E-01  5.00000000E-01  2.86821968E-01  1.80192023E-01  1.40312333E+00  0.00000000E+00  2.51019123E-02  9.84478683E-02
  7.80200000E-01  5.00000000E-01  2.82932564E-01  1.77844798E-01  1.40356208E+00  0.00000000E+00  2.51377305E-02  9.86321266E-02
  7.82080000E-01  5.00000000E-01  2.79048081E-01  1.75478385E-01  1.40398665E+00  0.00000000E+00  2.51730247E-02  9.88169995E-02
  7.83960000E-01  5.00000000E-01  2.75169367E-01  1.73092470E-01  1.40440947E+00  0.00000000E+00  2.52078252E-02  9.90023961E-02
  7.85840000E-01  5.00000000E-01  2.71297556E-01  1.70686394E-01  1.40484953E+00  0.00000000E+00  2.52421648E-02  9.91882210E-02
  7.87720000E-01  5.00000000E-01  2.67434107E-01  1.68259093E-01  1.40533330E+00  0.00000000E+00  2.52760798E-02  9.93743738E-02
  7.89600000E-01  5.00000000E-01  2.63580839E-01  1.65809050E-01  1.40589567E+00  0.00000000E+00  2.53096096E-02  9.95607482E-02
  7.91480000E-01  5.00000000E-01  2.59739976E-01  1.63334238E-01  1.40658084E+00  0.00000000E+00  2.53427971E-02  9.97472316E-02
  7.93360000E-01  5.00000000E-01  2.55893740E-01  1.60854552E-01  1.40696391E+00  0.00000000E+00  2.53756382E-02  9.99337456E-02
  7.95240000E-01  5.00000000E-01  2.52048028E-01  1.58357066E-01  1.40721583E+00  0.00000000E+00  2.54081002E-02  1.00120451E-01
  7.97120000E-01  5.00000000E-01  2.48214982E-01  1.55829981E-01  1.40760973E+00  0.00000000E+00  2.54402190E-02  1.00307282E-01
  7.99000000E-01  5.00000000E-01  2.44393144E-01  1.53278119E-01  1.40809026E+00  0.00000000E+00  2.54720158E-02  1.00494144E-01
  8.00880000E-01  5.00000000E-01  2.40581443E-01  1.50705320E-01  1.40861441E+00  0.00000000E+00  2.55035107E-02  1.00680956E-01
  8.02760000E-01  5.00000000E-01  2.36779159E-01  1.48114544E-01  1.40915019E+00  0.00000000E+00  2.55347216E-02  1.00867652E-01
  8.04640000E-01  5.00000000E-01  2.32985881E-01  1.45507976E-01  1.40967541E+00  0.00000000E+00  2.55656631E-02  1.01054178E-01
  8.06520000E-01  5.00000000E-01  2.29201472E-01  1.42887122E-01  1.41017637E+00  0.00000000E+00  2.55963462E-02  1.01240487E-01
  8.08400000E-01  5.00000000E-01  2.25426028E-01  1.40252916E-01  1.41064663E+00  0.00000000E+00  2.56267772E-02  1.01426546E-01
  8.10280000E-01  5.00000000E-01  2.21659836E-01  1.37605821E-01  1.41108567E+00  0.00000000E+00  2.56569567E-02  1.01612324E-01
  8.12160000E-01  5.00000000E-01  2.17903342E-01  1.34945929E-01  1.41149771E+00  0.00000000E+00  2.56868790E-02  1.01797798E-01
  8.14040000E-01  5.00000000E-01  2.14157104E-01  1.32273065E-01  1.41189036E+00  0.00000000E+00  2.57165312E-02  1.01982947E-01
  8.15920000E-01  5.00000000E-01  2.10421760E-01  1.29586888E-01  1.41227338E+00  0.00000000E+00  2.57458925E-02  1.02167754E-01
  8.17800000E-01  5.00000000E-01  2.06697985E-01  1.26886993E-01  1.41265742E+00  0.00000000E+00  2.57749330E-02  1.02352199E-01
  8.19680000E-01  5.00000000E-01  2.02986454E-01  1.24173015E-01  1.41305273E+00  0.00000000E+00  2.58036132E-02  1.02536262E-01
  8.21560000E-01  5.00000000E-01  1.99287801E-01  1.21444728E-01  1.41346789E+00  0.00000000E+00  2.58318830E-02  1.02719922E-01
  8.23440000E-01  5.00000000E-01  1.95602583E-01  1.18702148E-01  1.41390853E+00  0.00000000E+00  2.58596809E-02  1.02903150E-01
  8.25320000E-01  5.00000000E-01  1.91931237E-01  1.15945636E-01  1.41437611E+00  0.00000000E+00  2.58869333E-02  1.03085912E-01
  8.27200000E-01  5.00000000E-01  1.88274045E-01  1.13176000E-01  1.41486657E+00  0.00000000E+00  2.59135535E-02  1.03268165E-01
  8.29080000E-01  5.00000000E-01  1.84631094E-01  1.10394593E-01  1.41536911E+00  0.00000000E+00  2.59394408E-02  1.03449857E-01
  8.30960000E-01  5.00000000E-01  1.81002236E-01  1.07603423E-01  1.41586493E+00  0.00000000E+00  2.59644798E-02  1.03630924E-01
  8.32840000E-01  5.00000000E-01  1.77387050E-01  1.04805246E-01  1.41632589E+00  0.00000000E+00  2.59885397E-02  1.03811289E-01
  8.34720000E-01  5.00000000E-01  1.73784801E-01  1.02003675E-01  1.41671332E+00  0.00000000E+00  2.60114729E-02  1.03990860E-01
  8.36600000E-01  5.00000000E-01  1.70194404E-01  9.92032784E-02  1.41697669E+00  0.00000000E+00  2.60331151E-02  1.04169528E-01
  8.38480000E-01  5.00000000E-01  1.66614386E-01  9.64096820E-02  1.41705238E+00  0.00000000E+00  2.60532835E-02  1.04347166E-01
  8.40360000E-01  5.00000000E-01  1.63067965E-01  9.35721316E-02  1.41774365E+00  0.00000000E+00  2.60714706E-02  1.04523439E-01
  8.42240000E-01  5.00000000E-01  1.59541639E-01  9.07484189E-02  1.41839310E+00  0.00000000E+00  2.60881688E-02  1.04697666E-01
  8.44120000E-01  5.00000000E-01  1.56030376E-01  8.79448742E-02  1.41886666E+00  0.00000000E+00  2.61031552E-02  1.04869288E-01
  8.46000000E-01  5.00000000E-01  1.52534768E-01  8.51538815E-02  1.41923325E+00  0.00000000E+00  2.61160740E-02  1.05037730E-01
  8.47880000E-01  5.00000000E-01  1.49055461E-01  8.23699427E-02  1.41954620E+00  0.00000000E+00  2.61265726E-02  1.05202366E-01
  8.49760000E-01  5.00000000E-01  1.45593136E-01  7.95894617E-02  1.41984487E+00  0.00000000E+00  2.61342981E-02  1.05362485E-01
  8.51640000E-01  5.00000000E-01  1.42148491E-01  7.68105285E-02  1.42015629E+00  0.00000000E+00  2.61388955E-02  1.05517263E-01
  8.53520000E-01  5.00000000E-01  1.38722228E-01  7.40327029E-02  1.42049677E+00  0.00000000E+00  2.61400045E-02  1.05665732E-01
  8.55400000E-01  5.00000000E-01  1.35315033E-01  7.12567977E-02  1.42087359E+00  0.00000000E+00  2.61372574E-02  1.05806742E-01
  8.57280000E-01  5.00000000E-01  1.31927564E-01  6.84846632E-02  1.42128656E+00  0.00000000E+00  2.61302765E-02  1.05938938E-01
  8.59160000E-01  5.00000000E-01  1.28560429E-01  6.57189700E-02  1.42172968E+00  0.00000000E+00  2.61186710E-02  1.06060721E-01
  8.61040000E-01  5.00000000E-01  1.25214171E-01  6.29629935E-02  1.42219279E+00  0.00000000E+00  2.61020351E-02  1.06170218E-01
  8.62920000E-01  5.00000000E-01  1.21889257E-01  6.02203972E-02  1.42266319E+00  0.00000000E+00  2.60799450E-02  1.06265252E-01
  8.64800000E-01  5.00000000E-01  1.18586051E-01  5.74950166E-02  1.42312725E+00  0.00000000E+00  2.60519563E-02  1.06343312E-01
  8.66680000E-01  5.00000000E-01  1.15304808E-01  5.47906429E-02  1.42357208E+00  0.00000000E+00  2.60176019E-02  1.06401514E-01
  8.68560000E-01  5.00000000E-01  1.12045651E-01  5.21108068E-02  1.42398713E+00  0.00000000E+00  2.59763887E-02  1.06436576E-01
  8.70440000E-01  5.00000000E-01  1.08808555E-01  4.94585621E-02  1.42436582E+00  0.00000000E+00  2.59277956E-02  1.06444783E-01
  8.72320000E-01  5.00000000E-01  1.05593333E-01  4.68362696E-02  1.42470722E+00  0.00000000E+00  2.58712709E-02  1.06421958E-01
  8.74200000E-01  5.00000000E-01  1.02399616E-01  4.42453806E-02  1.42501761E+00  0.00000000E+00  2.58062293E-02  1.06363427E-01
  8.76080000E-01  5.00000000E-01  9.92268408E-02  4.16862205E-02  1.42531216E+00  0.00000000E+00  2.57320499E-02  1.06263988E-01
  8.77960000E-01  5.00000000E-01  9.60742285E-02  3.91577723E-02  1.42561657E+00  0.00000000E+00  2.56480732E-02  1.06117882E-01
  8.79840000E-01  5.00000000E-01  9.29407707E-02  3.66574605E-02  1.42596864E+00  0.00000000E+00  2.55535991E-02  1.05918759E-01
  8.81720000E-01  5.00000000E-01  8.98252124E-02  3.41809345E-02  1.42641999E+00  0.00000000E+00  2.54478838E-02  1.05659645E-01
  8.83600000E-01  5.00000000E-01  8.67260347E-02  3.17218524E-02  1.42703759E+00  0.00000000E+00  2.53301377E-02  1.05332916E-01
  8.85480000E-01  5.00000000E-01  8.36422486E-02  2.92745369E-02  1.42788979E+00  0.00000000E+00  2.51989232E-02  1.04932335E-01
  8.87360000E-01  5.00000000E-01  8.06121795E-02  2.69990448E-02  1.42784796E+00  0.00000000E+00  2.50291173E-02  1.04535817E-01
  8.89240000E-01  5.00000000E-01  7.75656408E-02  2.46565063E-02  1.42805542E+00  0.00000000E+00  2.48734833E-02  1.03944551E-01
  8.91120000E-01  5.00000000E-01  7.45189668E-02  2.22875791E-02  1.42843041E+00  0.00000000E+00  2.47152722E-02  1.03196133E-01
  8.93000000E-01  5.00000000E-01  7.14840724E-02  1.99241081E-02  1.42890802E+00  0.00000000E+00  2.45423333E-02  1.02314481E-01
  8.94880000E-01  5.00000000E-01  6.84689369E-02  1.75899450E-02  1.42943854E+00  0.00000000E+00  2.43464652E-02  1.01311134E-01
  8.96760000E-01  5.00000000E-01  6.54780874E-02  1.53017686E-02  1.42998586E+00  0.00000000E+00  2.41227656E-02  1.00186551E-01
  8.98640000E-01  5.00000000E-01  6.25130830E-02  1.30699053E-02  1.43052584E+00  0.00000000E+00  2.38689825E-02  9.89314094E-02
  9.00520000E-01  5.00000000E-01  5.95729986E-02  1.08991486E-02  1.43104470E+00  0.00000000E+00  2.35848644E-02  9.75279052E-02
  9.02400000E-01  5.00000000E-01  5.66549081E-02  8.78957939E-03  1.43153739E+00  0.00000000E+00  2.32715110E-02  9.59510500E-02
  9.04280000E-01  5.00000000E-01  5.37543686E-02  6.73738613E-03  1.43200596E+00  0.00000000E+00  2.29307237E-02  9.41699709E-02
  9.06160000E-01  5.00000000E-01  5.08659044E-02  4.73568483E-03  1.43245797E+00  0.00000000E+00  2.25643560E-02  9.21492090E-02
  9.08040000E-01  5.00000000E-01  4.79834899E-02  2.77533919E-03  1.43290484E+00  0.00000000E+00  2.21736645E-02  8.98500184E-02
  9.09920000E-01  5.00000000E-01  4.51010346E-02  8.45780740E-04  1.43336023E+00  0.00000000E+00  2.17586586E-02  8.72316649E-02
  9.11800000E-01  5.00000000E-01  4.22128659E-02 -1.06417099E-03  1.43383844E+00  0.00000000E+00  2.13174519E-02  8.42527253E-02
  9.13680000E-01  5.00000000E-01  3.93142132E-02 -2.96548835E-03  1.43435277E+00  0.00000000E+00  2.08456123E-02  8.08723854E-02
  9.15560000E-01  5.00000000E-01  3.64016921E-02 -4.86811541E-03  1.43491392E+00  0.00000000E+00  2.03355124E-02  7.70517398E-02
  9.17440000E-01  5.00000000E-01  3.34737875E-02 -6.78014786E-03  1.43552834E+00  0.00000000E+00  1.97756804E-02  7.27550898E-02
  9.19320000E-01  5.00000000E-01  3.05313378E-02 -8.70701286E-03  1.43619663E+00  0.00000000E+00  1.91501505E-02  6.79512424E-02
  9.21200000E-01  5.00000000E-01  2.75780184E-02 -1.06506490E-02  1.43691192E+00  0.00000000E+00  1.84378134E-02  6.26148085E-02
  9.23080000E-01  5.00000000E-01  2.46208259E-02 -1.26086862E-02  1.43765823E+00  0.00000000E+00  1.76117669E-02  5.67275017E-02
  9.24960000E-01  5.00000000E-01  2.16705611E-02 -1.45736256E-02  1.43840888E+00  0.00000000E+00  1.66386663E-02  5.02794366E-02
  9.26840000E-01  5.00000000E-01  1.87423135E-02 -1.65320195E-02  1.43912484E+00  0.00000000E+00  1.54780751E-02  4.32704268E-02
  9.28720000E-01  5.00000000E-01  1.58559447E-02 -1.84636514E-02  1.43975314E+00  0.00000000E+00  1.40818148E-02  3.57112832E-02
  9.30600000E-01  5.00000000E-01  1.30365726E-02 -2.03407152E-02  1.44022519E+00  0.00000000E+00  1.23933152E-02  2.76251130E-02
  9.32480000E-01  5.00000000E-01  1.01254683E-02 -2.20626927E-02  1.44093492E+00  0.00000000E+00  1.05074317E-02  1.97217755E-02
  9.34360000E-01  5.00000000E-01  5.79801143E-03 -2.91197693E-02  1.44172910E+00  0.00000000E+00  2.50421397E-03 -2.80968423E-03
  9.36240000E-01  5.00000000E-01 -6.12002036E-03 -6.28578442E-02  1.44178086E+00  0.00000000E+00  2.29029016E-03  2.00754505E-02
  9.38120000E-01  5.00000000E-01 -9.73480760E-03 -6.84608370E-02  1.44212167E+00  0.00000000E+00  5.71764935E-07  3.19582216E-03
  9.40000000E-01  5.00000000E-01 -1.91440014E-02 -9.31863593E-02  1.44231676E+00  0.00000000E+00  8.54923335E-05  1.24927877E-02
