               X               Y            VELX            VELY            PRES            TEMP            PS 1            PS 2  1.01000000E+02
  0.00000000E+00  0.00000000E+00 -4.22493212E-02  0.00000000E+00  1.32775699E+00  0.00000000E+00  8.51877151E-03  2.08496920E-01
  0.00000000E+00  1.05400000E-03 -4.14102073E-02 -2.79085724E-05  1.32802524E+00  0.00000000E+00  8.52062230E-03  2.08362325E-01
  0.00000000E+00  2.10800000E-03 -4.05705161E-02 -5.58460069E-05  1.32829319E+00  0.00000000E+00  8.52246955E-03  2.08227703E-01
  0.00000000E+00  3.16200000E-03 -3.97302267E-02 -8.38139133E-05  1.32856080E+00  0.00000000E+00  8.52431315E-03  2.08093053E-01
  0.00000000E+00  4.21600000E-03 -3.88893168E-02 -1.11814030E-04  1.32882808E+00  0.00000000E+00  8.52615297E-03  2.07958374E-01
  0.00000000E+00  5.27000000E-03 -3.80477624E-02 -1.39848237E-04  1.32909501E+00  0.00000000E+00  8.52798888E-03  2.07823665E-01
  0.00000000E+00  6.32400000E-03 -3.72055380E-02 -1.67918573E-04  1.32936157E+00  0.00000000E+00  8.52982072E-03  2.07688924E-01
  0.00000000E+00  7.37800000E-03 -3.63626161E-02 -1.96027252E-04  1.32962775E+00  0.00000000E+00  8.53164836E-03  2.07554149E-01
  0.00000000E+00  8.43200000E-03 -3.55189673E-02 -2.24176687E-04  1.32989354E+00  0.00000000E+00  8.53347163E-03  2.07419339E-01
  0.00000000E+00  9.48600000E-03 -3.46745598E-02 -2.52369510E-04  1.33015890E+00  0.00000000E+00  8.53529035E-03  2.07284492E-01
  0.00000000E+00  1.05400000E-02 -3.38293594E-02 -2.80608605E-04  1.33042383E+00  0.00000000E+00  8.53710434E-03  2.07149607E-01
  0.00000000E+00  1.15940000E-02 -3.29833289E-02 -3.08897134E-04  1.33068830E+00  0.00000000E+00  8.53891340E-03  2.07014680E-01
  0.00000000E+00  1.26480000E-02 -3.21364280E-02 -3.37238581E-04  1.33095229E+00  0.00000000E+00  8.54071731E-03  2.06879709E-01
  0.00000000E+00  1.37020000E-02 -3.12886130E-02 -3.65636795E-04  1.33121577E+00  0.00000000E+00  8.54251584E-03  2.06744692E-01
  0.00000000E+00  1.47560000E-02 -3.04398358E-02 -3.94096041E-04  1.33147871E+00  0.00000000E+00  8.54430873E-03  2.06609626E-01
  0.00000000E+00  1.58100000E-02 -2.95900438E-02 -4.22621065E-04  1.33174109E+00  0.00000000E+00  8.54609570E-03  2.06474508E-01
  0.00000000E+00  1.68640000E-02 -2.87391794E-02 -4.51217167E-04  1.33200287E+00  0.00000000E+00  8.54787646E-03  2.06339334E-01
  0.00000000E+00  1.79180000E-02 -1.28870973E-02 -1.47494518E-03  1.33456991E+00  0.00000000E+00  8.58986017E-03  2.03637592E-01
  0.00000000E+00  1.89720000E-02 -1.28870973E-02 -1.47494518E-03  1.33456991E+00  0.00000000E+00  8.58986017E-03  2.03637592E-01
  0.00000000E+00  2.00260000E-02 -1.28870973E-02 -1.47494518E-03  1.33456991E+00  0.00000000E+00  8.58986017E-03  2.03637592E-01
  0.00000000E+00  2.10800000E-02 -1.28870973E-02 -1.47494518E-03  1.33456991E+00  0.00000000E+00  8.58986017E-03  2.03637592E-01
  0.00000000E+00  2.21340000E-02 -1.28870973E-02 -1.47494518E-03  1.33456991E+00  0.00000000E+00  8.58986017E-03  2.03637592E-01
  0.00000000E+00  2.31880000E-02 -1.28870973E-02 -1.47494518E-03  1.33456991E+00  0.00000000E+00  8.58986017E-03  2.03637592E-01
  0.00000000E+00  2.42420000E-02 -1.28870972E-02 -1.47494511E-03  1.33456991E+00  0.00000000E+00  8.58986017E-03  2.03637592E-01
  0.00000000E+00  2.52960000E-02 -1.28870972E-02 -1.47494511E-03  1.33456991E+00  0.00000000E+00  8.58986017E-03  2.03637592E-01
  0.00000000E+00  2.63500000E-02 -1.28870971E-02 -1.47494510E-03  1.33456991E+00  0.00000000E+00  8.58986016E-03  2.03637592E-01
  0.00000000E+00  2.74040000E-02 -1.28870975E-02 -1.47494528E-03  1.33456991E+00  0.00000000E+00  8.58986018E-03  2.03637592E-01
  0.00000000E+00  2.84580000E-02 -1.28870971E-02 -1.47494509E-03  1.33456991E+00  0.00000000E+00  8.58986016E-03  2.03637592E-01
  0.00000000E+00  2.95120000E-02 -1.28870971E-02 -1.47494505E-03  1.33456991E+00  0.00000000E+00  8.58986016E-03  2.03637592E-01
  0.00000000E+00  3.05660000E-02 -1.28870973E-02 -1.47494519E-03  1.33456991E+00  0.00000000E+00  8.58986017E-03  2.03637592E-01
  0.00000000E+00  3.16200000E-02 -1.28870959E-02 -1.47494441E-03  1.33456991E+00  0.00000000E+00  8.58986010E-03  2.03637593E-01
  0.00000000E+00  3.26740000E-02 -1.28870971E-02 -1.47494506E-03  1.33456991E+00  0.00000000E+00  8.58986016E-03  2.03637592E-01
  0.00000000E+00  3.37280000E-02 -1.28870971E-02 -1.47494510E-03  1.33456991E+00  0.00000000E+00  8.58986016E-03  2.03637592E-01
  0.00000000E+00  3.47820000E-02 -1.25355397E-02 -1.40819436E-03  1.33478810E+00  0.00000000E+00  8.58449446E-03  2.03678767E-01
  0.00000000E+00  3.58360000E-02 -1.16453314E-02 -1.35156360E-03  1.33522765E+00  0.00000000E+00  8.58102734E-03  2.03623716E-01
  0.00000000E+00  3.68900000E-02 -1.21805121E-02 -1.02824978E-03  1.33674655E+00  0.00000000E+00  8.57964799E-03  2.03746936E-01
  0.00000000E+00  3.79440000E-02 -1.12562198E-02 -1.06434785E-03  1.33696349E+00  0.00000000E+00  8.58108002E-03  2.03606617E-01
  0.00000000E+00  3.89980000E-02 -1.03113129E-02 -1.10312183E-03  1.33716694E+00  0.00000000E+00  8.58243383E-03  2.03464521E-01
  0.00000000E+00  4.00520000E-02 -9.32721045E-03 -1.14732647E-03  1.33734413E+00  0.00000000E+00  8.58365247E-03  2.03318820E-01
  0.00000000E+00  4.11060000E-02 -8.14123059E-03 -1.22516660E-03  1.33736150E+00  0.00000000E+00  8.58423361E-03  2.03153117E-01
  0.00000000E+00  4.21600000E-02 -8.14123062E-03 -1.22516659E-03  1.33736150E+00  0.00000000E+00  8.58423361E-03  2.03153117E-01
  0.00000000E+00  4.32140000E-02 -6.99990926E-03 -2.14250077E-03  1.33569201E+00  0.00000000E+00  8.66125305E-03  2.01779158E-01
  0.00000000E+00  4.42680000E-02 -6.21008191E-03 -2.20163850E-03  1.33583291E+00  0.00000000E+00  8.66854948E-03  2.01565499E-01
  0.00000000E+00  4.53220000E-02 -5.40770009E-03 -2.26076616E-03  1.33596332E+00  0.00000000E+00  8.67603195E-03  2.01347259E-01
  0.00000000E+00  4.63760000E-02 -4.59072306E-03 -2.32041215E-03  1.33607997E+00  0.00000000E+00  8.68379392E-03  2.01122694E-01
  0.00000000E+00  4.74300000E-02 -3.75562926E-03 -2.38128215E-03  1.33617796E+00  0.00000000E+00  8.69197114E-03  2.00889205E-01
  0.00000000E+00  4.84840000E-02 -7.06214856E-04 -2.86916756E-03  1.33463115E+00  0.00000000E+00  8.76776890E-03  1.99313224E-01
  0.00000000E+00  4.95380000E-02 -4.21716119E-04 -2.80084661E-03  1.33467456E+00  0.00000000E+00  8.76263039E-03  1.99353567E-01
  0.00000000E+00  5.05920000E-02  7.90018692E-04 -3.03524364E-03  1.33608738E+00  0.00000000E+00  8.77197568E-03  1.99073861E-01
  0.00000000E+00  5.16460000E-02  1.58781312E-03 -3.09618371E-03  1.33610863E+00  0.00000000E+00  8.78751065E-03  1.98738547E-01
  0.00000000E+00  5.27000000E-02  2.43067732E-03 -3.16966220E-03  1.33583689E+00  0.00000000E+00  8.81286099E-03  1.98248534E-01
  0.00000000E+00  5.37540000E-02  3.28088057E-03 -3.25392110E-03  1.33564132E+00  0.00000000E+00  8.83929010E-03  1.97744182E-01
  0.00000000E+00  5.48080000E-02  4.13836440E-03 -3.34729274E-03  1.33550877E+00  0.00000000E+00  8.86678767E-03  1.97225941E-01
  0.00000000E+00  5.58620000E-02  5.00308316E-03 -3.44826973E-03  1.33542745E+00  0.00000000E+00  8.89534311E-03  1.96694261E-01
  0.00000000E+00  5.69160000E-02  5.87500338E-03 -3.55549792E-03  1.33538680E+00  0.00000000E+00  8.92494555E-03  1.96149591E-01
  0.00000000E+00  5.79700000E-02  6.75410305E-03 -3.66776923E-03  1.33537744E+00  0.00000000E+00  8.95558384E-03  1.95592378E-01
  0.00000000E+00  5.90240000E-02  7.64037107E-03 -3.78401466E-03  1.33539112E+00  0.00000000E+00  8.98724659E-03  1.95023070E-01
  0.00000000E+00  6.00780000E-02  8.53380654E-03 -3.90329711E-03  1.33542066E+00  0.00000000E+00  9.01992212E-03  1.94442111E-01
  0.00000000E+00  6.11320000E-02  9.43441811E-03 -4.02480433E-03  1.33545991E+00  0.00000000E+00  9.05359853E-03  1.93849945E-01
  0.00000000E+00  6.21860000E-02  1.03422234E-02 -4.14784183E-03  1.33550363E+00  0.00000000E+00  9.08826365E-03  1.93247012E-01
  0.00000000E+00  6.32400000E-02  1.12572482E-02 -4.27182574E-03  1.33554751E+00  0.00000000E+00  9.12390508E-03  1.92633751E-01
  0.00000000E+00  6.42940000E-02  1.21795261E-02 -4.39627579E-03  1.33558805E+00  0.00000000E+00  9.16051020E-03  1.92010597E-01
  0.00000000E+00  6.53480000E-02  1.31090976E-02 -4.52080816E-03  1.33562252E+00  0.00000000E+00  9.19806615E-03  1.91377984E-01
  0.00000000E+00  6.64020000E-02  1.40460094E-02 -4.64512840E-03  1.33564892E+00  0.00000000E+00  9.23655985E-03  1.90736340E-01
  0.00000000E+00  6.74560000E-02  1.49903140E-02 -4.76902435E-03  1.33566588E+00  0.00000000E+00  9.27597804E-03  1.90086092E-01
  0.00000000E+00  6.85100000E-02  1.59420690E-02 -4.89235905E-03  1.33567264E+00  0.00000000E+00  9.31630722E-03  1.89427662E-01
  0.00000000E+00  6.95640000E-02  1.69013364E-02 -5.01506361E-03  1.33566896E+00  0.00000000E+00  9.35753371E-03  1.88761467E-01
  0.00000000E+00  7.06180000E-02  1.78681817E-02 -5.13713014E-03  1.33565508E+00  0.00000000E+00  9.39964363E-03  1.88087922E-01
  0.00000000E+00  7.16720000E-02  1.88426737E-02 -5.25860470E-03  1.33563167E+00  0.00000000E+00  9.44262292E-03  1.87407434E-01
  0.00000000E+00  7.27260000E-02  1.98248838E-02 -5.37958011E-03  1.33559974E+00  0.00000000E+00  9.48645735E-03  1.86720407E-01
  0.00000000E+00  7.37800000E-02  2.08148848E-02 -5.50018895E-03  1.33556059E+00  0.00000000E+00  9.53113251E-03  1.86027241E-01
  0.00000000E+00  7.48340000E-02  2.18127511E-02 -5.62059642E-03  1.33551576E+00  0.00000000E+00  9.57663382E-03  1.85328329E-01
  0.00000000E+00  7.58880000E-02  2.28185572E-02 -5.74099324E-03  1.33546699E+00  0.00000000E+00  9.62294656E-03  1.84624056E-01
  0.00000000E+00  7.69420000E-02  2.38323778E-02 -5.86158859E-03  1.33541610E+00  0.00000000E+00  9.67005584E-03  1.83914806E-01
  0.00000000E+00  7.79960000E-02  2.48542865E-02 -5.98260299E-03  1.33536499E+00  0.00000000E+00  9.71794664E-03  1.83200951E-01
  0.00000000E+00  7.90500000E-02  2.58843558E-02 -6.10426122E-03  1.33531557E+00  0.00000000E+00  9.76660381E-03  1.82482862E-01
  0.00000000E+00  8.01040000E-02  2.69226559E-02 -6.22678522E-03  1.33526966E+00  0.00000000E+00  9.81601203E-03  1.81760898E-01
  0.00000000E+00  8.11580000E-02  2.79692543E-02 -6.35038700E-03  1.33522897E+00  0.00000000E+00  9.86615590E-03  1.81035413E-01
  0.00000000E+00  8.22120000E-02  2.90242152E-02 -6.47526155E-03  1.33519505E+00  0.00000000E+00  9.91701988E-03  1.80306755E-01
  0.00000000E+00  8.32660000E-02  3.00875987E-02 -6.60157973E-03  1.33516918E+00  0.00000000E+00  9.96858832E-03  1.79575261E-01
  0.00000000E+00  8.43200000E-02  3.11594602E-02 -6.72948121E-03  1.33515237E+00  0.00000000E+00  1.00208455E-02  1.78841264E-01
  0.00000000E+00  8.53740000E-02  3.22398499E-02 -6.85906734E-03  1.33514524E+00  0.00000000E+00  1.00737755E-02  1.78105084E-01
  0.00000000E+00  8.64280000E-02  3.33288120E-02 -6.99039407E-03  1.33514803E+00  0.00000000E+00  1.01273624E-02  1.77367035E-01
  0.00000000E+00  8.74820000E-02  3.44263840E-02 -7.12346489E-03  1.33516046E+00  0.00000000E+00  1.01815903E-02  1.76627423E-01
  0.00000000E+00  8.85360000E-02  3.55325963E-02 -7.25822366E-03  1.33518176E+00  0.00000000E+00  1.02364429E-02  1.75886543E-01
  0.00000000E+00  8.95900000E-02  3.66474711E-02 -7.39454760E-03  1.33521052E+00  0.00000000E+00  1.02919042E-02  1.75144682E-01
  0.00000000E+00  9.06440000E-02  3.77710224E-02 -7.53224014E-03  1.33524471E+00  0.00000000E+00  1.03479578E-02  1.74402115E-01
  0.00000000E+00  9.16980000E-02  3.89032548E-02 -7.67102386E-03  1.33528155E+00  0.00000000E+00  1.04045876E-02  1.73659110E-01
  0.00000000E+00  9.27520000E-02  4.00441631E-02 -7.81053337E-03  1.33531753E+00  0.00000000E+00  1.04617771E-02  1.72915922E-01
  0.00000000E+00  9.38060000E-02  4.11937315E-02 -7.95030824E-03  1.33534826E+00  0.00000000E+00  1.05195099E-02  1.72172797E-01
  0.00000000E+00  9.48600000E-02  4.23519331E-02 -8.08978588E-03  1.33536848E+00  0.00000000E+00  1.05777697E-02  1.71429970E-01
  0.00000000E+00  9.59140000E-02  4.35187294E-02 -8.22829448E-03  1.33537198E+00  0.00000000E+00  1.06365399E-02  1.70687665E-01
  0.00000000E+00  9.69680000E-02  4.46940692E-02 -8.36504590E-03  1.33535153E+00  0.00000000E+00  1.06958041E-02  1.69946094E-01
  0.00000000E+00  9.80220000E-02  4.58778883E-02 -8.49912858E-03  1.33529884E+00  0.00000000E+00  1.07555458E-02  1.69205456E-01
  0.00000000E+00  9.90760000E-02  4.70701088E-02 -8.62950042E-03  1.33520446E+00  0.00000000E+00  1.08157485E-02  1.68465942E-01
  0.00000000E+00  1.00130000E-01  4.82706383E-02 -8.75498176E-03  1.33505777E+00  0.00000000E+00  1.08763956E-02  1.67727727E-01
  0.00000000E+00  1.01184000E-01  4.94793696E-02 -8.87424820E-03  1.33484691E+00  0.00000000E+00  1.09374707E-02  1.66990975E-01
  0.00000000E+00  1.02238000E-01  5.06968989E-02 -8.99806145E-03  1.33468089E+00  0.00000000E+00  1.09989730E-02  1.66255730E-01
  0.00000000E+00  1.03292000E-01  5.19252664E-02 -9.15587235E-03  1.33485044E+00  0.00000000E+00  1.10609337E-02  1.65521903E-01
  0.00000000E+00  1.04346000E-01  5.31624278E-02 -9.30900354E-03  1.33496703E+00  0.00000000E+00  1.11232933E-02  1.64789996E-01
  0.00000000E+00  1.05400000E-01  5.44084622E-02 -9.45829576E-03  1.33503951E+00  0.00000000E+00  1.11860388E-02  1.64060134E-01
  0.00000000E+00  1.06454000E-01  5.56634441E-02 -9.60450844E-03  1.33507584E+00  0.00000000E+00  1.12491576E-02  1.63332438E-01
  0.00000000E+00  1.07508000E-01  5.69274438E-02 -9.74832331E-03  1.33508315E+00  0.00000000E+00  1.13126371E-02  1.62607024E-01
  0.00000000E+00  1.08562000E-01  5.82005272E-02 -9.89034797E-03  1.33506779E+00  0.00000000E+00  1.13764648E-02  1.61884001E-01
  0.00000000E+00  1.09616000E-01  5.94827563E-02 -1.00311195E-02  1.33503537E+00  0.00000000E+00  1.14406286E-02  1.61163474E-01
  0.00000000E+00  1.10670000E-01  6.07741891E-02 -1.01711081E-02  1.33499077E+00  0.00000000E+00  1.15051164E-02  1.60445541E-01
  0.00000000E+00  1.11724000E-01  6.20748805E-02 -1.03107205E-02  1.33493821E+00  0.00000000E+00  1.15699163E-02  1.59730297E-01
  0.00000000E+00  1.12778000E-01  6.33848815E-02 -1.04503038E-02  1.33488127E+00  0.00000000E+00  1.16350164E-02  1.59017830E-01
  0.00000000E+00  1.13832000E-01  6.47042401E-02 -1.05901490E-02  1.33482294E+00  0.00000000E+00  1.17004053E-02  1.58308224E-01
  0.00000000E+00  1.14886000E-01  6.60330015E-02 -1.07304944E-02  1.33476567E+00  0.00000000E+00  1.17660715E-02  1.57601558E-01
  0.00000000E+00  1.15940000E-01  6.73712078E-02 -1.08715295E-02  1.33471136E+00  0.00000000E+00  1.18320038E-02  1.56897907E-01
  0.00000000E+00  1.16994000E-01  6.87188987E-02 -1.10133983E-02  1.33466146E+00  0.00000000E+00  1.18981910E-02  1.56197339E-01
  0.00000000E+00  1.18048000E-01  7.00761115E-02 -1.11562031E-02  1.33461696E+00  0.00000000E+00  1.19646224E-02  1.55499921E-01
  0.00000000E+00  1.19102000E-01  7.14428812E-02 -1.13000080E-02  1.33457848E+00  0.00000000E+00  1.20312872E-02  1.54805713E-01
  0.00000000E+00  1.20156000E-01  7.28192410E-02 -1.14448425E-02  1.33454625E+00  0.00000000E+00  1.20981747E-02  1.54114771E-01
  0.00000000E+00  1.21210000E-01  7.42052220E-02 -1.15907052E-02  1.33452019E+00  0.00000000E+00  1.21652748E-02  1.53427148E-01
  0.00000000E+00  1.22264000E-01  7.56008539E-02 -1.17375672E-02  1.33449994E+00  0.00000000E+00  1.22325772E-02  1.52742893E-01
  0.00000000E+00  1.23318000E-01  7.70061652E-02 -1.18853759E-02  1.33448489E+00  0.00000000E+00  1.23000719E-02  1.52062050E-01
  0.00000000E+00  1.24372000E-01  7.84211827E-02 -1.20340584E-02  1.33447422E+00  0.00000000E+00  1.23677490E-02  1.51384658E-01
  0.00000000E+00  1.25426000E-01  7.98459328E-02 -1.21835253E-02  1.33446696E+00  0.00000000E+00  1.24355990E-02  1.50710757E-01
  0.00000000E+00  1.26480000E-01  8.12804406E-02 -1.23336740E-02  1.33446199E+00  0.00000000E+00  1.25036125E-02  1.50040377E-01
  0.00000000E+00  1.27534000E-01  8.27247309E-02 -1.24843926E-02  1.33445812E+00  0.00000000E+00  1.25717802E-02  1.49373551E-01
  0.00000000E+00  1.28588000E-01  8.41788280E-02 -1.26355635E-02  1.33445411E+00  0.00000000E+00  1.26400929E-02  1.48710303E-01
  0.00000000E+00  1.29642000E-01  8.56427560E-02 -1.27870667E-02  1.33444868E+00  0.00000000E+00  1.27085420E-02  1.48050658E-01
  0.00000000E+00  1.30696000E-01  8.71165390E-02 -1.29387835E-02  1.33444062E+00  0.00000000E+00  1.27771187E-02  1.47394635E-01
  0.00000000E+00  1.31750000E-01  8.86002013E-02 -1.30906003E-02  1.33442876E+00  0.00000000E+00  1.28458145E-02  1.46742251E-01
  0.00000000E+00  1.32804000E-01  9.00937678E-02 -1.32424121E-02  1.33441203E+00  0.00000000E+00  1.29146212E-02  1.46093522E-01
  0.00000000E+00  1.33858000E-01  9.15972636E-02 -1.33941258E-02  1.33438953E+00  0.00000000E+00  1.29835307E-02  1.45448457E-01
  0.00000000E+00  1.34912000E-01  9.31107149E-02 -1.35456643E-02  1.33436052E+00  0.00000000E+00  1.30525352E-02  1.44807067E-01
  0.00000000E+00  1.35966000E-01  9.46341488E-02 -1.36969696E-02  1.33432450E+00  0.00000000E+00  1.31216271E-02  1.44169357E-01
  0.00000000E+00  1.37020000E-01  9.61675937E-02 -1.38480068E-02  1.33428121E+00  0.00000000E+00  1.31907988E-02  1.43535331E-01
  0.00000000E+00  1.38074000E-01  9.77110793E-02 -1.39987676E-02  1.33423071E+00  0.00000000E+00  1.32600431E-02  1.42904990E-01
  0.00000000E+00  1.39128000E-01  9.92646368E-02 -1.41492734E-02  1.33417338E+00  0.00000000E+00  1.33293530E-02  1.42278333E-01
  0.00000000E+00  1.40182000E-01  1.00828300E-01 -1.42995799E-02  1.33411000E+00  0.00000000E+00  1.33987218E-02  1.41655358E-01
  0.00000000E+00  1.41236000E-01  1.02402102E-01 -1.44497795E-02  1.33404175E+00  0.00000000E+00  1.34681427E-02  1.41036060E-01
  0.00000000E+00  1.42290000E-01  1.03986083E-01 -1.46000060E-02  1.33397027E+00  0.00000000E+00  1.35376095E-02  1.40420432E-01
  0.00000000E+00  1.43344000E-01  1.05580281E-01 -1.47504375E-02  1.33389768E+00  0.00000000E+00  1.36071159E-02  1.39808466E-01
  0.00000000E+00  1.44398000E-01  1.07184738E-01 -1.49013000E-02  1.33382667E+00  0.00000000E+00  1.36766560E-02  1.39200150E-01
  0.00000000E+00  1.45452000E-01  1.08799500E-01 -1.50528714E-02  1.33376046E+00  0.00000000E+00  1.37462241E-02  1.38595474E-01
  0.00000000E+00  1.46506000E-01  1.10424615E-01 -1.52054849E-02  1.33370291E+00  0.00000000E+00  1.38158147E-02  1.37994424E-01
  0.00000000E+00  1.47560000E-01  1.12060134E-01 -1.53595325E-02  1.33365850E+00  0.00000000E+00  1.38854225E-02  1.37396986E-01
  0.00000000E+00  1.48614000E-01  1.13706111E-01 -1.55154685E-02  1.33363244E+00  0.00000000E+00  1.39550425E-02  1.36803144E-01
  0.00000000E+00  1.49668000E-01  1.15362606E-01 -1.56738136E-02  1.33363063E+00  0.00000000E+00  1.40246698E-02  1.36212881E-01
  0.00000000E+00  1.50722000E-01  1.17029680E-01 -1.58351580E-02  1.33365976E+00  0.00000000E+00  1.40942999E-02  1.35626180E-01
  0.00000000E+00  1.51776000E-01  1.18707399E-01 -1.60001649E-02  1.33372730E+00  0.00000000E+00  1.41639285E-02  1.35043022E-01
  0.00000000E+00  1.52830000E-01  1.20395834E-01 -1.61695748E-02  1.33384159E+00  0.00000000E+00  1.42335513E-02  1.34463387E-01
  0.00000000E+00  1.53884000E-01  1.22094470E-01 -1.63182220E-02  1.33370728E+00  0.00000000E+00  1.43031279E-02  1.33887447E-01
  0.00000000E+00  1.54938000E-01  1.23803537E-01 -1.64659074E-02  1.33355701E+00  0.00000000E+00  1.43726766E-02  1.33315048E-01
  0.00000000E+00  1.55992000E-01  1.25523147E-01 -1.66166587E-02  1.33343801E+00  0.00000000E+00  1.44421973E-02  1.32746143E-01
  0.00000000E+00  1.57046000E-01  1.27253332E-01 -1.67699960E-02  1.33334463E+00  0.00000000E+00  1.45116842E-02  1.32180717E-01
  0.00000000E+00  1.58100000E-01  1.28994122E-01 -1.69254874E-02  1.33327176E+00  0.00000000E+00  1.45811316E-02  1.31618753E-01
  0.00000000E+00  1.59154000E-01  1.30745547E-01 -1.70827471E-02  1.33321487E+00  0.00000000E+00  1.46505339E-02  1.31060235E-01
  0.00000000E+00  1.60208000E-01  1.32507636E-01 -1.72414333E-02  1.33316995E+00  0.00000000E+00  1.47198856E-02  1.30505142E-01
  0.00000000E+00  1.61262000E-01  1.34280415E-01 -1.74012459E-02  1.33313345E+00  0.00000000E+00  1.47891814E-02  1.29953457E-01
  0.00000000E+00  1.62316000E-01  1.36063913E-01 -1.75619241E-02  1.33310233E+00  0.00000000E+00  1.48584159E-02  1.29405159E-01
  0.00000000E+00  1.63370000E-01  1.37858156E-01 -1.77232444E-02  1.33307398E+00  0.00000000E+00  1.49275841E-02  1.28860228E-01
  0.00000000E+00  1.64424000E-01  1.39663168E-01 -1.78850186E-02  1.33304619E+00  0.00000000E+00  1.49966809E-02  1.28318642E-01
  0.00000000E+00  1.65478000E-01  1.41478976E-01 -1.80470911E-02  1.33301716E+00  0.00000000E+00  1.50657012E-02  1.27780378E-01
  0.00000000E+00  1.66532000E-01  1.43305603E-01 -1.82093371E-02  1.33298544E+00  0.00000000E+00  1.51346401E-02  1.27245415E-01
  0.00000000E+00  1.67586000E-01  1.45143073E-01 -1.83716601E-02  1.33294992E+00  0.00000000E+00  1.52034929E-02  1.26713729E-01
  0.00000000E+00  1.68640000E-01  1.46991411E-01 -1.85339902E-02  1.33290979E+00  0.00000000E+00  1.52722547E-02  1.26185296E-01
  0.00000000E+00  1.69694000E-01  1.48850638E-01 -1.86962812E-02  1.33286455E+00  0.00000000E+00  1.53409209E-02  1.25660091E-01
  0.00000000E+00  1.70748000E-01  1.50720776E-01 -1.88585089E-02  1.33281392E+00  0.00000000E+00  1.54094868E-02  1.25138090E-01
  0.00000000E+00  1.71802000E-01  1.52601849E-01 -1.90206687E-02  1.33275787E+00  0.00000000E+00  1.54779478E-02  1.24619266E-01
  0.00000000E+00  1.72856000E-01  1.54493878E-01 -1.91827736E-02  1.33269658E+00  0.00000000E+00  1.55462994E-02  1.24103595E-01
  0.00000000E+00  1.73910000E-01  1.56396883E-01 -1.93448517E-02  1.33263039E+00  0.00000000E+00  1.56145370E-02  1.23591049E-01
  0.00000000E+00  1.74964000E-01  1.58310887E-01 -1.95069442E-02  1.33255979E+00  0.00000000E+00  1.56826562E-02  1.23081603E-01
  0.00000000E+00  1.76018000E-01  1.60235911E-01 -1.96691030E-02  1.33248541E+00  0.00000000E+00  1.57506525E-02  1.22575229E-01
  0.00000000E+00  1.77072000E-01  1.62171974E-01 -1.98313890E-02  1.33240796E+00  0.00000000E+00  1.58185215E-02  1.22071900E-01
  0.00000000E+00  1.78126000E-01  1.64119098E-01 -1.99938691E-02  1.33232823E+00  0.00000000E+00  1.58862588E-02  1.21571589E-01
  0.00000000E+00  1.79180000E-01  1.66077303E-01 -2.01566147E-02  1.33224705E+00  0.00000000E+00  1.59538600E-02  1.21074268E-01
  0.00000000E+00  1.80234000E-01  1.68046610E-01 -2.03196993E-02  1.33216527E+00  0.00000000E+00  1.60213206E-02  1.20579909E-01
  0.00000000E+00  1.81288000E-01  1.70027039E-01 -2.04831959E-02  1.33208372E+00  0.00000000E+00  1.60886364E-02  1.20088485E-01
  0.00000000E+00  1.82342000E-01  1.72018611E-01 -2.06471755E-02  1.33200320E+00  0.00000000E+00  1.61558028E-02  1.19599967E-01
  0.00000000E+00  1.83396000E-01  1.74021346E-01 -2.08117042E-02  1.33192446E+00  0.00000000E+00  1.62228155E-02  1.19114328E-01
  0.00000000E+00  1.84450000E-01  1.76035266E-01 -2.09768417E-02  1.33184814E+00  0.00000000E+00  1.62896700E-02  1.18631539E-01
  0.00000000E+00  1.85504000E-01  1.78060391E-01 -2.11426383E-02  1.33177477E+00  0.00000000E+00  1.63563618E-02  1.18151573E-01
  0.00000000E+00  1.86558000E-01  1.80096743E-01 -2.13091334E-02  1.33170476E+00  0.00000000E+00  1.64228864E-02  1.17674402E-01
  0.00000000E+00  1.87612000E-01  1.82144343E-01 -2.14763530E-02  1.33163831E+00  0.00000000E+00  1.64892394E-02  1.17199997E-01
  0.00000000E+00  1.88666000E-01  1.84203212E-01 -2.16443074E-02  1.33157546E+00  0.00000000E+00  1.65554161E-02  1.16728332E-01
  0.00000000E+00  1.89720000E-01  1.86273374E-01 -2.18129892E-02  1.33151600E+00  0.00000000E+00  1.66214119E-02  1.16259379E-01
  0.00000000E+00  1.90774000E-01  1.88354850E-01 -2.19823709E-02  1.33145951E+00  0.00000000E+00  1.66872221E-02  1.15793110E-01
  0.00000000E+00  1.91828000E-01  1.90447663E-01 -2.21524030E-02  1.33140525E+00  0.00000000E+00  1.67528420E-02  1.15329499E-01
  0.00000000E+00  1.92882000E-01  1.92551837E-01 -2.23230114E-02  1.33135220E+00  0.00000000E+00  1.68182668E-02  1.14868519E-01
  0.00000000E+00  1.93936000E-01  1.94667396E-01 -2.24940955E-02  1.33129902E+00  0.00000000E+00  1.68834915E-02  1.14410143E-01
  0.00000000E+00  1.94990000E-01  1.96794364E-01 -2.26655260E-02  1.33124400E+00  0.00000000E+00  1.69485113E-02  1.13954346E-01
  0.00000000E+00  1.96044000E-01  1.98932767E-01 -2.28371424E-02  1.33118505E+00  0.00000000E+00  1.70133210E-02  1.13501103E-01
  0.00000000E+00  1.97098000E-01  2.01082631E-01 -2.30087511E-02  1.33111968E+00  0.00000000E+00  1.70779155E-02  1.13050387E-01
  0.00000000E+00  1.98152000E-01  2.03243981E-01 -2.31801231E-02  1.33104496E+00  0.00000000E+00  1.71422897E-02  1.12602175E-01
  0.00000000E+00  1.99206000E-01  2.05416846E-01 -2.33509918E-02  1.33095750E+00  0.00000000E+00  1.72064381E-02  1.12156442E-01
  0.00000000E+00  2.00260000E-01  2.07601252E-01 -2.35210507E-02  1.33085342E+00  0.00000000E+00  1.72703554E-02  1.11713165E-01
  0.00000000E+00  2.01314000E-01  2.09797231E-01 -2.36899515E-02  1.33072832E+00  0.00000000E+00  1.73340359E-02  1.11272321E-01
  0.00000000E+00  2.02368000E-01  2.12004810E-01 -2.38573013E-02  1.33057727E+00  0.00000000E+00  1.73974740E-02  1.10833888E-01
  0.00000000E+00  2.03422000E-01  2.14224021E-01 -2.40226612E-02  1.33039478E+00  0.00000000E+00  1.74606639E-02  1.10397844E-01
  0.00000000E+00  2.04476000E-01  2.16454655E-01 -2.41945526E-02  1.33028850E+00  0.00000000E+00  1.75236109E-02  1.09964114E-01
  0.00000000E+00  2.05530000E-01  2.18696792E-01 -2.43748095E-02  1.33028205E+00  0.00000000E+00  1.75863105E-02  1.09532666E-01
  0.00000000E+00  2.06584000E-01  2.20950741E-01 -2.45535298E-02  1.33025046E+00  0.00000000E+00  1.76487448E-02  1.09103534E-01
  0.00000000E+00  2.07638000E-01  2.23216500E-01 -2.47310453E-02  1.33019784E+00  0.00000000E+00  1.77109090E-02  1.08676692E-01
  0.00000000E+00  2.08692000E-01  2.25494068E-01 -2.49076552E-02  1.33012787E+00  0.00000000E+00  1.77727986E-02  1.08252111E-01
  0.00000000E+00  2.09746000E-01  2.27783450E-01 -2.50836275E-02  1.33004386E+00  0.00000000E+00  1.78344087E-02  1.07829766E-01
  0.00000000E+00  2.10800000E-01  2.30084652E-01 -2.52592007E-02  1.32994873E+00  0.00000000E+00  1.78957343E-02  1.07409631E-01
  0.00000000E+00  2.11854000E-01  2.32397685E-01 -2.54345850E-02  1.32984507E+00  0.00000000E+00  1.79567704E-02  1.06991682E-01
  0.00000000E+00  2.12908000E-01  2.34722561E-01 -2.56099639E-02  1.32973509E+00  0.00000000E+00  1.80175115E-02  1.06575894E-01
  0.00000000E+00  2.13962000E-01  2.37059295E-01 -2.57854956E-02  1.32962074E+00  0.00000000E+00  1.80779525E-02  1.06162245E-01
  0.00000000E+00  2.15016000E-01  2.39407907E-01 -2.59613144E-02  1.32950363E+00  0.00000000E+00  1.81380879E-02  1.05750710E-01
  0.00000000E+00  2.16070000E-01  2.41768417E-01 -2.61375324E-02  1.32938511E+00  0.00000000E+00  1.81979119E-02  1.05341269E-01
  0.00000000E+00  2.17124000E-01  2.44140847E-01 -2.63142407E-02  1.32926626E+00  0.00000000E+00  1.82574190E-02  1.04933901E-01
  0.00000000E+00  2.18178000E-01  2.46525222E-01 -2.64915110E-02  1.32914792E+00  0.00000000E+00  1.83166032E-02  1.04528584E-01
  0.00000000E+00  2.19232000E-01  2.48921571E-01 -2.66693969E-02  1.32903071E+00  0.00000000E+00  1.83754585E-02  1.04125299E-01
  0.00000000E+00  2.20286000E-01  2.51329921E-01 -2.68479357E-02  1.32891504E+00  0.00000000E+00  1.84339790E-02  1.03724026E-01
  0.00000000E+00  2.21340000E-01  2.53750303E-01 -2.70271494E-02  1.32880114E+00  0.00000000E+00  1.84921583E-02  1.03324748E-01
  0.00000000E+00  2.22394000E-01  2.56182750E-01 -2.72070465E-02  1.32868907E+00  0.00000000E+00  1.85499902E-02  1.02927447E-01
  0.00000000E+00  2.23448000E-01  2.58627294E-01 -2.73876235E-02  1.32857873E+00  0.00000000E+00  1.86074681E-02  1.02532105E-01
  0.00000000E+00  2.24502000E-01  2.61083971E-01 -2.75688659E-02  1.32846991E+00  0.00000000E+00  1.86645857E-02  1.02138707E-01
  0.00000000E+00  2.25556000E-01  2.63552815E-01 -2.77507502E-02  1.32836227E+00  0.00000000E+00  1.87213360E-02  1.01747238E-01
  0.00000000E+00  2.26610000E-01  2.66033865E-01 -2.79332450E-02  1.32825538E+00  0.00000000E+00  1.87777125E-02  1.01357681E-01
  0.00000000E+00  2.27664000E-01  2.68527157E-01 -2.81163128E-02  1.32814875E+00  0.00000000E+00  1.88337082E-02  1.00970024E-01
  0.00000000E+00  2.28718000E-01  2.71032728E-01 -2.82999110E-02  1.32804181E+00  0.00000000E+00  1.88893160E-02  1.00584252E-01
  0.00000000E+00  2.29772000E-01  2.73550619E-01 -2.84839937E-02  1.32793397E+00  0.00000000E+00  1.89445289E-02  1.00200354E-01
  0.00000000E+00  2.30826000E-01  2.76080866E-01 -2.86685132E-02  1.32782462E+00  0.00000000E+00  1.89993397E-02  9.98183169E-02
  0.00000000E+00  2.31880000E-01  2.78623510E-01 -2.88534211E-02  1.32771314E+00  0.00000000E+00  1.90537410E-02  9.94381301E-02
  0.00000000E+00  2.32934000E-01  2.81178589E-01 -2.90386702E-02  1.32759894E+00  0.00000000E+00  1.91077254E-02  9.90597829E-02
  0.00000000E+00  2.33988000E-01  2.83746141E-01 -2.92242156E-02  1.32748146E+00  0.00000000E+00  1.91612853E-02  9.86832655E-02
  0.00000000E+00  2.35042000E-01  2.86326206E-01 -2.94100163E-02  1.32736019E+00  0.00000000E+00  1.92144130E-02  9.83085691E-02
  0.00000000E+00  2.36096000E-01  2.88918820E-01 -2.95960368E-02  1.32723471E+00  0.00000000E+00  1.92671010E-02  9.79356853E-02
  0.00000000E+00  2.37150000E-01  2.91524022E-01 -2.97822483E-02  1.32710468E+00  0.00000000E+00  1.93193412E-02  9.75646065E-02
  0.00000000E+00  2.38204000E-01  2.94141847E-01 -2.99686304E-02  1.32696988E+00  0.00000000E+00  1.93711258E-02  9.71953258E-02
  0.00000000E+00  2.39258000E-01  2.96772332E-01 -3.01551722E-02  1.32683020E+00  0.00000000E+00  1.94224467E-02  9.68278371E-02
  0.00000000E+00  2.40312000E-01  2.99415510E-01 -3.03418744E-02  1.32668571E+00  0.00000000E+00  1.94732957E-02  9.64621351E-02
  0.00000000E+00  2.41366000E-01  3.02071416E-01 -3.05287500E-02  1.32653662E+00  0.00000000E+00  1.95236647E-02  9.60982151E-02
  0.00000000E+00  2.42420000E-01  3.04740080E-01 -3.07158263E-02  1.32638335E+00  0.00000000E+00  1.95735452E-02  9.57360731E-02
  0.00000000E+00  2.43474000E-01  3.07421534E-01 -3.09031461E-02  1.32622650E+00  0.00000000E+00  1.96229288E-02  9.53757058E-02
  0.00000000E+00  2.44528000E-01  3.10115805E-01 -3.10907692E-02  1.32606691E+00  0.00000000E+00  1.96718071E-02  9.50171109E-02
  0.00000000E+00  2.45582000E-01  3.12822921E-01 -3.12787742E-02  1.32590565E+00  0.00000000E+00  1.97201713E-02  9.46602865E-02
  0.00000000E+00  2.46636000E-01  3.15542906E-01 -3.14672592E-02  1.32574406E+00  0.00000000E+00  1.97680128E-02  9.43052316E-02
  0.00000000E+00  2.47690000E-01  3.18275784E-01 -3.16563441E-02  1.32558376E+00  0.00000000E+00  1.98153228E-02  9.39519460E-02
  0.00000000E+00  2.48744000E-01  3.21021573E-01 -3.18461715E-02  1.32542666E+00  0.00000000E+00  1.98620924E-02  9.36004300E-02
  0.00000000E+00  2.49798000E-01  3.23780293E-01 -3.20369083E-02  1.32527498E+00  0.00000000E+00  1.99083125E-02  9.32506847E-02
  0.00000000E+00  2.50852000E-01  3.26551958E-01 -3.22287473E-02  1.32513130E+00  0.00000000E+00  1.99539742E-02  9.29027122E-02
  0.00000000E+00  2.51906000E-01  3.29336581E-01 -3.24219085E-02  1.32499853E+00  0.00000000E+00  1.99990683E-02  9.25565150E-02
  0.00000000E+00  2.52960000E-01  3.32134172E-01 -3.26166406E-02  1.32487996E+00  0.00000000E+00  2.00435856E-02  9.22120966E-02
  0.00000000E+00  2.54014000E-01  3.34944736E-01 -3.28132226E-02  1.32477927E+00  0.00000000E+00  2.00875167E-02  9.18694608E-02
  0.00000000E+00  2.55068000E-01  3.37768358E-01 -3.30109225E-02  1.32468692E+00  0.00000000E+00  2.01308513E-02  9.15286166E-02
  0.00000000E+00  2.56122000E-01  3.40605889E-01 -3.31986059E-02  1.32445709E+00  0.00000000E+00  2.01735729E-02  9.11896035E-02
  0.00000000E+00  2.57176000E-01  3.43456427E-01 -3.33880656E-02  1.32424369E+00  0.00000000E+00  2.02156840E-02  9.08523805E-02
  0.00000000E+00  2.58230000E-01  3.46320039E-01 -3.35790568E-02  1.32404362E+00  0.00000000E+00  2.02571740E-02  9.05169592E-02
  0.00000000E+00  2.59284000E-01  3.49196790E-01 -3.37713576E-02  1.32385410E+00  0.00000000E+00  2.02980322E-02  9.01833521E-02
  0.00000000E+00  2.60338000E-01  3.52086736E-01 -3.39647677E-02  1.32367261E+00  0.00000000E+00  2.03382477E-02  8.98515723E-02
  0.00000000E+00  2.61392000E-01  3.54989933E-01 -3.41591076E-02  1.32349693E+00  0.00000000E+00  2.03778098E-02  8.95216337E-02
  0.00000000E+00  2.62446000E-01  3.57906432E-01 -3.43542176E-02  1.32332508E+00  0.00000000E+00  2.04167073E-02  8.91935509E-02
  0.00000000E+00  2.63500000E-01  3.60836277E-01 -3.45499565E-02  1.32315535E+00  0.00000000E+00  2.04549292E-02  8.88673392E-02
  0.00000000E+00  2.64554000E-01  3.63779512E-01 -3.47462008E-02  1.32298622E+00  0.00000000E+00  2.04924643E-02  8.85430148E-02
  0.00000000E+00  2.65608000E-01  3.66736174E-01 -3.49428438E-02  1.32281644E+00  0.00000000E+00  2.05293013E-02  8.82205946E-02
  0.00000000E+00  2.66662000E-01  3.69706297E-01 -3.51397943E-02  1.32264493E+00  0.00000000E+00  2.05654290E-02  8.79000961E-02
  0.00000000E+00  2.67716000E-01  3.72689913E-01 -3.53369755E-02  1.32247081E+00  0.00000000E+00  2.06008359E-02  8.75815377E-02
  0.00000000E+00  2.68770000E-01  3.75687049E-01 -3.55343245E-02  1.32229339E+00  0.00000000E+00  2.06355106E-02  8.72649386E-02
  0.00000000E+00  2.69824000E-01  3.78697727E-01 -3.57317906E-02  1.32211214E+00  0.00000000E+00  2.06694414E-02  8.69503187E-02
  0.00000000E+00  2.70878000E-01  3.81721967E-01 -3.59293349E-02  1.32192667E+00  0.00000000E+00  2.07026167E-02  8.66376987E-02
  0.00000000E+00  2.71932000E-01  3.84759786E-01 -3.61269287E-02  1.32173675E+00  0.00000000E+00  2.07350249E-02  8.63271002E-02
  0.00000000E+00  2.72986000E-01  3.87811198E-01 -3.63245529E-02  1.32154226E+00  0.00000000E+00  2.07666541E-02  8.60185455E-02
  0.00000000E+00  2.74040000E-01  3.90876211E-01 -3.65221970E-02  1.32134320E+00  0.00000000E+00  2.07974926E-02  8.57120577E-02
  0.00000000E+00  2.75094000E-01  3.93954833E-01 -3.67198574E-02  1.32113966E+00  0.00000000E+00  2.08275285E-02  8.54076607E-02
  0.00000000E+00  2.76148000E-01  3.97047067E-01 -3.69175375E-02  1.32093182E+00  0.00000000E+00  2.08567499E-02  8.51053794E-02
  0.00000000E+00  2.77202000E-01  4.00152915E-01 -3.71152456E-02  1.32071993E+00  0.00000000E+00  2.08851447E-02  8.48052392E-02
  0.00000000E+00  2.78256000E-01  4.03272374E-01 -3.73129946E-02  1.32050431E+00  0.00000000E+00  2.09127010E-02  8.45072666E-02
  0.00000000E+00  2.79310000E-01  4.06405439E-01 -3.75108004E-02  1.32028531E+00  0.00000000E+00  2.09394067E-02  8.42114889E-02
  0.00000000E+00  2.80364000E-01  4.09552103E-01 -3.77086816E-02  1.32006331E+00  0.00000000E+00  2.09652496E-02  8.39179342E-02
  0.00000000E+00  2.81418000E-01  4.12712355E-01 -3.79066576E-02  1.31983873E+00  0.00000000E+00  2.09902177E-02  8.36266314E-02
  0.00000000E+00  2.82472000E-01  4.15886184E-01 -3.81047485E-02  1.31961196E+00  0.00000000E+00  2.10142987E-02  8.33376103E-02
  0.00000000E+00  2.83526000E-01  4.19073573E-01 -3.83029731E-02  1.31938342E+00  0.00000000E+00  2.10374805E-02  8.30509017E-02
  0.00000000E+00  2.84580000E-01  4.22274507E-01 -3.85013488E-02  1.31915347E+00  0.00000000E+00  2.10597507E-02  8.27665372E-02
  0.00000000E+00  2.85634000E-01  4.25488963E-01 -3.86998899E-02  1.31892247E+00  0.00000000E+00  2.10810972E-02  8.24845490E-02
  0.00000000E+00  2.86688000E-01  4.28716922E-01 -3.88986070E-02  1.31869070E+00  0.00000000E+00  2.11015076E-02  8.22049707E-02
  0.00000000E+00  2.87742000E-01  4.31958360E-01 -3.90975057E-02  1.31845841E+00  0.00000000E+00  2.11209696E-02  8.19278364E-02
  0.00000000E+00  2.88796000E-01  4.35213249E-01 -3.92965856E-02  1.31822574E+00  0.00000000E+00  2.11394708E-02  8.16531812E-02
  0.00000000E+00  2.89850000E-01  4.38481563E-01 -3.94958396E-02  1.31799276E+00  0.00000000E+00  2.11569991E-02  8.13810411E-02
  0.00000000E+00  2.90904000E-01  4.41763272E-01 -3.96952525E-02  1.31775944E+00  0.00000000E+00  2.11735419E-02  8.11114532E-02
  0.00000000E+00  2.91958000E-01  4.45058345E-01 -3.98947999E-02  1.31752563E+00  0.00000000E+00  2.11890869E-02  8.08444552E-02
  0.00000000E+00  2.93012000E-01  4.48366748E-01 -4.00944477E-02  1.31729104E+00  0.00000000E+00  2.12036219E-02  8.05800860E-02
  0.00000000E+00  2.94066000E-01  4.51688448E-01 -4.02941506E-02  1.31705525E+00  0.00000000E+00  2.12171343E-02  8.03183853E-02
  0.00000000E+00  2.95120000E-01  4.55023409E-01 -4.04938513E-02  1.31681769E+00  0.00000000E+00  2.12296119E-02  8.00593937E-02
  0.00000000E+00  2.96174000E-01  4.58371593E-01 -4.06934792E-02  1.31657760E+00  0.00000000E+00  2.12410422E-02  7.98031529E-02
  0.00000000E+00  2.97228000E-01  4.61732961E-01 -4.08929499E-02  1.31633405E+00  0.00000000E+00  2.12514130E-02  7.95497054E-02
  0.00000000E+00  2.98282000E-01  4.65107475E-01 -4.10921635E-02  1.31608591E+00  0.00000000E+00  2.12607119E-02  7.92990947E-02
  0.00000000E+00  2.99336000E-01  4.68495093E-01 -4.12910043E-02  1.31583185E+00  0.00000000E+00  2.12689266E-02  7.90513653E-02
  0.00000000E+00  3.00390000E-01  4.71895774E-01 -4.14893391E-02  1.31557030E+00  0.00000000E+00  2.12760447E-02  7.88065628E-02
  0.00000000E+00  3.01444000E-01  4.75309474E-01 -4.16870166E-02  1.31529947E+00  0.00000000E+00  2.12820540E-02  7.85647335E-02
  0.00000000E+00  3.02498000E-01  4.78736151E-01 -4.18838663E-02  1.31501731E+00  0.00000000E+00  2.12869422E-02  7.83259248E-02
  0.00000000E+00  3.03552000E-01  4.82175760E-01 -4.20796973E-02  1.31472151E+00  0.00000000E+00  2.12906972E-02  7.80901852E-02
  0.00000000E+00  3.04606000E-01  4.85628256E-01 -4.22742975E-02  1.31440947E+00  0.00000000E+00  2.12933066E-02  7.78575641E-02
  0.00000000E+00  3.05660000E-01  4.89093593E-01 -4.24674324E-02  1.31407833E+00  0.00000000E+00  2.12947583E-02  7.76281120E-02
  0.00000000E+00  3.06714000E-01  4.92570814E-01 -4.26654408E-02  1.31381407E+00  0.00000000E+00  2.12950441E-02  7.74018650E-02
  0.00000000E+00  3.07768000E-01  4.96060284E-01 -4.28648786E-02  1.31357059E+00  0.00000000E+00  2.12941436E-02  7.71788997E-02
  0.00000000E+00  3.08822000E-01  4.99562252E-01 -4.30630522E-02  1.31331175E+00  0.00000000E+00  2.12920438E-02  7.69592758E-02
  0.00000000E+00  3.09876000E-01  5.03076571E-01 -4.32601000E-02  1.31303970E+00  0.00000000E+00  2.12887351E-02  7.67430437E-02
  0.00000000E+00  3.10930000E-01  5.06603091E-01 -4.34561439E-02  1.31275634E+00  0.00000000E+00  2.12842079E-02  7.65302552E-02
  0.00000000E+00  3.11984000E-01  5.10141661E-01 -4.36512901E-02  1.31246339E+00  0.00000000E+00  2.12784527E-02  7.63209627E-02
  0.00000000E+00  3.13038000E-01  5.13692125E-01 -4.38456296E-02  1.31216235E+00  0.00000000E+00  2.12714604E-02  7.61152200E-02
  0.00000000E+00  3.14092000E-01  5.17254327E-01 -4.40392396E-02  1.31185455E+00  0.00000000E+00  2.12632217E-02  7.59130812E-02
  0.00000000E+00  3.15146000E-01  5.20828105E-01 -4.42321834E-02  1.31154112E+00  0.00000000E+00  2.12537278E-02  7.57146019E-02
  0.00000000E+00  3.16200000E-01  5.24413295E-01 -4.44245119E-02  1.31122304E+00  0.00000000E+00  2.12429701E-02  7.55198381E-02
  0.00000000E+00  3.17254000E-01  5.28009730E-01 -4.46162636E-02  1.31090112E+00  0.00000000E+00  2.12309401E-02  7.53288467E-02
  0.00000000E+00  3.18308000E-01  5.31617237E-01 -4.48074661E-02  1.31057603E+00  0.00000000E+00  2.12176298E-02  7.51416855E-02
  0.00000000E+00  3.19362000E-01  5.35235641E-01 -4.49981364E-02  1.31024829E+00  0.00000000E+00  2.12030313E-02  7.49584129E-02
  0.00000000E+00  3.20416000E-01  5.38864760E-01 -4.51882817E-02  1.30991831E+00  0.00000000E+00  2.11871373E-02  7.47790881E-02
  0.00000000E+00  3.21470000E-01  5.42504411E-01 -4.53779001E-02  1.30958636E+00  0.00000000E+00  2.11699406E-02  7.46037707E-02
  0.00000000E+00  3.22524000E-01  5.46154402E-01 -4.55669816E-02  1.30925262E+00  0.00000000E+00  2.11514345E-02  7.44325213E-02
  0.00000000E+00  3.23578000E-01  5.49814539E-01 -4.57555086E-02  1.30891717E+00  0.00000000E+00  2.11316129E-02  7.42654008E-02
  0.00000000E+00  3.24632000E-01  5.53484620E-01 -4.59434565E-02  1.30858000E+00  0.00000000E+00  2.11104699E-02  7.41024708E-02
  0.00000000E+00  3.25686000E-01  5.57164438E-01 -4.61307950E-02  1.30824100E+00  0.00000000E+00  2.10880003E-02  7.39437935E-02
  0.00000000E+00  3.26740000E-01  5.60853783E-01 -4.63174883E-02  1.30790004E+00  0.00000000E+00  2.10641991E-02  7.37894313E-02
  0.00000000E+00  3.27794000E-01  5.64552433E-01 -4.65034961E-02  1.30755689E+00  0.00000000E+00  2.10390621E-02  7.36394473E-02
  0.00000000E+00  3.28848000E-01  5.68260165E-01 -4.66887742E-02  1.30721128E+00  0.00000000E+00  2.10125855E-02  7.34939050E-02
  0.00000000E+00  3.29902000E-01  5.71976746E-01 -4.68732755E-02  1.30686293E+00  0.00000000E+00  2.09847663E-02  7.33528683E-02
  0.00000000E+00  3.30956000E-01  5.75701938E-01 -4.70569504E-02  1.30651151E+00  0.00000000E+00  2.09556019E-02  7.32164012E-02
  0.00000000E+00  3.32010000E-01  5.79435493E-01 -4.72397478E-02  1.30615667E+00  0.00000000E+00  2.09250903E-02  7.30845683E-02
  0.00000000E+00  3.33064000E-01  5.83177158E-01 -4.74216159E-02  1.30579806E+00  0.00000000E+00  2.08932304E-02  7.29574345E-02
  0.00000000E+00  3.34118000E-01  5.86926671E-01 -4.76025024E-02  1.30543534E+00  0.00000000E+00  2.08600217E-02  7.28350646E-02
  0.00000000E+00  3.35172000E-01  5.90683763E-01 -4.77823562E-02  1.30506817E+00  0.00000000E+00  2.08254642E-02  7.27175240E-02
  0.00000000E+00  3.36226000E-01  5.94448157E-01 -4.79611271E-02  1.30469624E+00  0.00000000E+00  2.07895590E-02  7.26048781E-02
  0.00000000E+00  3.37280000E-01  5.98219564E-01 -4.81387674E-02  1.30431928E+00  0.00000000E+00  2.07523077E-02  7.24971924E-02
  0.00000000E+00  3.38334000E-01  6.01997691E-01 -4.83152321E-02  1.30393705E+00  0.00000000E+00  2.07137129E-02  7.23945326E-02
  0.00000000E+00  3.39388000E-01  6.05782232E-01 -4.84904799E-02  1.30354938E+00  0.00000000E+00  2.06737778E-02  7.22969643E-02
  0.00000000E+00  3.40442000E-01  6.09572875E-01 -4.86644737E-02  1.30315614E+00  0.00000000E+00  2.06325067E-02  7.22045535E-02
  0.00000000E+00  3.41496000E-01  6.13369296E-01 -4.88371818E-02  1.30275730E+00  0.00000000E+00  2.05899046E-02  7.21173657E-02
  0.00000000E+00  3.42550000E-01  6.17171161E-01 -4.90085782E-02  1.30235289E+00  0.00000000E+00  2.05459775E-02  7.20354668E-02
  0.00000000E+00  3.43604000E-01  6.20978129E-01 -4.91786435E-02  1.30194306E+00  0.00000000E+00  2.05007323E-02  7.19589224E-02
  0.00000000E+00  3.44658000E-01  6.24789846E-01 -4.93473657E-02  1.30152805E+00  0.00000000E+00  2.04541768E-02  7.18877980E-02
  0.00000000E+00  3.45712000E-01  6.28605947E-01 -4.95147408E-02  1.30110820E+00  0.00000000E+00  2.04063200E-02  7.18221590E-02
  0.00000000E+00  3.46766000E-01  6.32426058E-01 -4.96807738E-02  1.30068401E+00  0.00000000E+00  2.03571717E-02  7.17620707E-02
  0.00000000E+00  3.47820000E-01  6.36249793E-01 -4.98454791E-02  1.30025607E+00  0.00000000E+00  2.03067427E-02  7.17075980E-02
  0.00000000E+00  3.48874000E-01  6.40076755E-01 -5.00088816E-02  1.29982516E+00  0.00000000E+00  2.02550452E-02  7.16588058E-02
  0.00000000E+00  3.49928000E-01  6.43906534E-01 -5.01710171E-02  1.29939218E+00  0.00000000E+00  2.02020922E-02  7.16157584E-02
  0.00000000E+00  3.50982000E-01  6.47738710E-01 -5.03319335E-02  1.29895822E+00  0.00000000E+00  2.01478978E-02  7.15785200E-02
  0.00000000E+00  3.52036000E-01  6.51572851E-01 -5.04916908E-02  1.29852452E+00  0.00000000E+00  2.00924776E-02  7.15471543E-02
  0.00000000E+00  3.53090000E-01  6.55408510E-01 -5.06503627E-02  1.29809252E+00  0.00000000E+00  2.00358479E-02  7.15217249E-02
  0.00000000E+00  3.54144000E-01  6.59245231E-01 -5.08080369E-02  1.29766385E+00  0.00000000E+00  1.99780266E-02  7.15022946E-02
  0.00000000E+00  3.55198000E-01  6.63082541E-01 -5.09648156E-02  1.29724036E+00  0.00000000E+00  1.99190326E-02  7.14889259E-02
  0.00000000E+00  3.56252000E-01  6.66919959E-01 -5.11208170E-02  1.29682410E+00  0.00000000E+00  1.98588862E-02  7.14816808E-02
  0.00000000E+00  3.57306000E-01  6.70757489E-01 -5.12740846E-02  1.29638684E+00  0.00000000E+00  1.97976040E-02  7.14806189E-02
  0.00000000E+00  3.58360000E-01  6.74595320E-01 -5.14219817E-02  1.29589066E+00  0.00000000E+00  1.97352188E-02  7.14857714E-02
  0.00000000E+00  3.59414000E-01  6.78431957E-01 -5.15689412E-02  1.29540070E+00  0.00000000E+00  1.96717701E-02  7.14971919E-02
  0.00000000E+00  3.60468000E-01  6.82267003E-01 -5.17148157E-02  1.29491517E+00  0.00000000E+00  1.96072781E-02  7.15149446E-02
  0.00000000E+00  3.61522000E-01  6.86100047E-01 -5.18594700E-02  1.29443245E+00  0.00000000E+00  1.95417648E-02  7.15390924E-02
  0.00000000E+00  3.62576000E-01  6.89930667E-01 -5.20027805E-02  1.29395109E+00  0.00000000E+00  1.94752544E-02  7.15696961E-02
  0.00000000E+00  3.63630000E-01  6.93758431E-01 -5.21446347E-02  1.29346980E+00  0.00000000E+00  1.94077725E-02  7.16068146E-02
  0.00000000E+00  3.64684000E-01  6.97582893E-01 -5.22849308E-02  1.29298745E+00  0.00000000E+00  1.93393469E-02  7.16505049E-02
  0.00000000E+00  3.65738000E-01  7.01403601E-01 -5.24235771E-02  1.29250305E+00  0.00000000E+00  1.92700067E-02  7.17008214E-02
  0.00000000E+00  3.66792000E-01  7.05220092E-01 -5.25604913E-02  1.29201575E+00  0.00000000E+00  1.91997830E-02  7.17578163E-02
  0.00000000E+00  3.67846000E-01  7.09031896E-01 -5.26956005E-02  1.29152483E+00  0.00000000E+00  1.91287081E-02  7.18215392E-02
  0.00000000E+00  3.68900000E-01  7.12838535E-01 -5.28288401E-02  1.29102969E+00  0.00000000E+00  1.90568161E-02  7.18920366E-02
  0.00000000E+00  3.69954000E-01  7.16639523E-01 -5.29601537E-02  1.29052984E+00  0.00000000E+00  1.89841424E-02  7.19693525E-02
  0.00000000E+00  3.71008000E-01  7.20434370E-01 -5.30894926E-02  1.29002492E+00  0.00000000E+00  1.89107240E-02  7.20535275E-02
  0.00000000E+00  3.72062000E-01  7.24222579E-01 -5.32168150E-02  1.28951462E+00  0.00000000E+00  1.88365989E-02  7.21445990E-02
  0.00000000E+00  3.73116000E-01  7.28003650E-01 -5.33420858E-02  1.28899877E+00  0.00000000E+00  1.87618066E-02  7.22426010E-02
  0.00000000E+00  3.74170000E-01  7.31777079E-01 -5.34652757E-02  1.28847725E+00  0.00000000E+00  1.86863880E-02  7.23475639E-02
  0.00000000E+00  3.75224000E-01  7.35542357E-01 -5.35863614E-02  1.28795002E+00  0.00000000E+00  1.86103848E-02  7.24595142E-02
  0.00000000E+00  3.76278000E-01  7.39298974E-01 -5.37053241E-02  1.28741711E+00  0.00000000E+00  1.85338400E-02  7.25784747E-02
  0.00000000E+00  3.77332000E-01  7.43046419E-01 -5.38221501E-02  1.28687861E+00  0.00000000E+00  1.84567976E-02  7.27044639E-02
  0.00000000E+00  3.78386000E-01  7.46784179E-01 -5.39368292E-02  1.28633466E+00  0.00000000E+00  1.83793026E-02  7.28374961E-02
  0.00000000E+00  3.79440000E-01  7.50511741E-01 -5.40493552E-02  1.28578542E+00  0.00000000E+00  1.83014009E-02  7.29775813E-02
  0.00000000E+00  3.80494000E-01  7.54228593E-01 -5.41597246E-02  1.28523111E+00  0.00000000E+00  1.82231394E-02  7.31247247E-02
  0.00000000E+00  3.81548000E-01  7.57934223E-01 -5.42679366E-02  1.28467196E+00  0.00000000E+00  1.81445657E-02  7.32789269E-02
  0.00000000E+00  3.82602000E-01  7.61628124E-01 -5.43739922E-02  1.28410822E+00  0.00000000E+00  1.80657280E-02  7.34401835E-02
  0.00000000E+00  3.83656000E-01  7.65309788E-01 -5.44778942E-02  1.28354016E+00  0.00000000E+00  1.79866755E-02  7.36084850E-02
  0.00000000E+00  3.84710000E-01  7.68978712E-01 -5.45796462E-02  1.28296804E+00  0.00000000E+00  1.79074578E-02  7.37838168E-02
  0.00000000E+00  3.85764000E-01  7.72634398E-01 -5.46792522E-02  1.28239212E+00  0.00000000E+00  1.78281252E-02  7.39661586E-02
  0.00000000E+00  3.86818000E-01  7.76276353E-01 -5.47767166E-02  1.28181263E+00  0.00000000E+00  1.77487285E-02  7.41554849E-02
  0.00000000E+00  3.87872000E-01  7.79904088E-01 -5.48720427E-02  1.28122980E+00  0.00000000E+00  1.76693188E-02  7.43517640E-02
  0.00000000E+00  3.88926000E-01  7.83517121E-01 -5.49652333E-02  1.28064380E+00  0.00000000E+00  1.75899479E-02  7.45549587E-02
  0.00000000E+00  3.89980000E-01  7.87114978E-01 -5.50562893E-02  1.28005480E+00  0.00000000E+00  1.75106676E-02  7.47650255E-02
  0.00000000E+00  3.91034000E-01  7.90697193E-01 -5.51452098E-02  1.27946289E+00  0.00000000E+00  1.74315302E-02  7.49819147E-02
  0.00000000E+00  3.92088000E-01  7.94263306E-01 -5.52319912E-02  1.27886811E+00  0.00000000E+00  1.73525882E-02  7.52055702E-02
  0.00000000E+00  3.93142000E-01  7.97812870E-01 -5.53166270E-02  1.27827045E+00  0.00000000E+00  1.72738942E-02  7.54359293E-02
  0.00000000E+00  3.94196000E-01  8.01345445E-01 -5.53991071E-02  1.27766983E+00  0.00000000E+00  1.71955009E-02  7.56729226E-02
  0.00000000E+00  3.95250000E-01  8.04860604E-01 -5.54794172E-02  1.27706607E+00  0.00000000E+00  1.71174610E-02  7.59164738E-02
  0.00000000E+00  3.96304000E-01  8.08357929E-01 -5.55575385E-02  1.27645893E+00  0.00000000E+00  1.70398275E-02  7.61664994E-02
  0.00000000E+00  3.97358000E-01  8.11837017E-01 -5.56334473E-02  1.27584804E+00  0.00000000E+00  1.69626528E-02  7.64229089E-02
  0.00000000E+00  3.98412000E-01  8.15297476E-01 -5.57071141E-02  1.27523297E+00  0.00000000E+00  1.68859896E-02  7.66856043E-02
  0.00000000E+00  3.99466000E-01  8.18738929E-01 -5.57785035E-02  1.27461315E+00  0.00000000E+00  1.68098903E-02  7.69544799E-02
  0.00000000E+00  4.00520000E-01  8.22161012E-01 -5.58475733E-02  1.27398789E+00  0.00000000E+00  1.67344069E-02  7.72294224E-02
  0.00000000E+00  4.01574000E-01  8.25563378E-01 -5.59142744E-02  1.27335638E+00  0.00000000E+00  1.66595912E-02  7.75103107E-02
  0.00000000E+00  4.02628000E-01  8.28945694E-01 -5.59785500E-02  1.27271768E+00  0.00000000E+00  1.65854947E-02  7.77970153E-02
  0.00000000E+00  4.03682000E-01  8.32307644E-01 -5.60403352E-02  1.27207071E+00  0.00000000E+00  1.65121683E-02  7.80893989E-02
  0.00000000E+00  4.04736000E-01  8.35648931E-01 -5.60995565E-02  1.27141421E+00  0.00000000E+00  1.64396626E-02  7.83873154E-02
  0.00000000E+00  4.05790000E-01  8.38969274E-01 -5.61561313E-02  1.27074680E+00  0.00000000E+00  1.63680275E-02  7.86906105E-02
  0.00000000E+00  4.06844000E-01  8.42268412E-01 -5.62099673E-02  1.27006690E+00  0.00000000E+00  1.62973124E-02  7.89991210E-02
  0.00000000E+00  4.07898000E-01  8.45546103E-01 -5.62609621E-02  1.26937277E+00  0.00000000E+00  1.62275660E-02  7.93126748E-02
  0.00000000E+00  4.08952000E-01  8.48800602E-01 -5.63135282E-02  1.26873742E+00  0.00000000E+00  1.61588260E-02  7.96310899E-02
  0.00000000E+00  4.10006000E-01  8.52032999E-01 -5.63637171E-02  1.26809476E+00  0.00000000E+00  1.60911111E-02  7.99542757E-02
  0.00000000E+00  4.11060000E-01  8.55243094E-01 -5.64112769E-02  1.26744047E+00  0.00000000E+00  1.60244701E-02  8.02820382E-02
  0.00000000E+00  4.12114000E-01  8.58430591E-01 -5.64563012E-02  1.26677598E+00  0.00000000E+00  1.59589502E-02  8.06141735E-02
  0.00000000E+00  4.13168000E-01  8.61595215E-01 -5.64988764E-02  1.26610255E+00  0.00000000E+00  1.58945961E-02  8.09504728E-02
  0.00000000E+00  4.14222000E-01  8.64736719E-01 -5.65390820E-02  1.26542131E+00  0.00000000E+00  1.58314505E-02  8.12907225E-02
  0.00000000E+00  4.15276000E-01  8.67854875E-01 -5.65769910E-02  1.26473327E+00  0.00000000E+00  1.57695539E-02  8.16347041E-02
  0.00000000E+00  4.16330000E-01  8.70949479E-01 -5.66126705E-02  1.26403931E+00  0.00000000E+00  1.57089443E-02  8.19821957E-02
  0.00000000E+00  4.17384000E-01  8.74020351E-01 -5.66461814E-02  1.26334020E+00  0.00000000E+00  1.56496578E-02  8.23329713E-02
  0.00000000E+00  4.18438000E-01  8.77067329E-01 -5.66775796E-02  1.26263659E+00  0.00000000E+00  1.55917284E-02  8.26868019E-02
  0.00000000E+00  4.19492000E-01  8.80090273E-01 -5.67069156E-02  1.26192904E+00  0.00000000E+00  1.55351879E-02  8.30434556E-02
  0.00000000E+00  4.20546000E-01  8.83089065E-01 -5.67342353E-02  1.26121800E+00  0.00000000E+00  1.54800660E-02  8.34026980E-02
  0.00000000E+00  4.21600000E-01  8.86063603E-01 -5.67595799E-02  1.26050385E+00  0.00000000E+00  1.54263905E-02  8.37642928E-02
  0.00000000E+00  4.22654000E-01  8.89013807E-01 -5.67829870E-02  1.25978687E+00  0.00000000E+00  1.53741871E-02  8.41280020E-02
  0.00000000E+00  4.23708000E-01  8.91939615E-01 -5.68044900E-02  1.25906727E+00  0.00000000E+00  1.53234796E-02  8.44935865E-02
  0.00000000E+00  4.24762000E-01  8.94840982E-01 -5.68241192E-02  1.25834520E+00  0.00000000E+00  1.52742897E-02  8.48608062E-02
  0.00000000E+00  4.25816000E-01  8.97717880E-01 -5.68419018E-02  1.25762072E+00  0.00000000E+00  1.52266375E-02  8.52294207E-02
  0.00000000E+00  4.26870000E-01  9.00570299E-01 -5.68578622E-02  1.25689387E+00  0.00000000E+00  1.51805409E-02  8.55991896E-02
  0.00000000E+00  4.27924000E-01  9.03398246E-01 -5.68720225E-02  1.25616461E+00  0.00000000E+00  1.51360162E-02  8.59698727E-02
  0.00000000E+00  4.28978000E-01  9.06201741E-01 -5.68844029E-02  1.25543288E+00  0.00000000E+00  1.50930776E-02  8.63412308E-02
  0.00000000E+00  4.30032000E-01  9.08980821E-01 -5.68950218E-02  1.25469858E+00  0.00000000E+00  1.50517379E-02  8.67130257E-02
  0.00000000E+00  4.31086000E-01  9.11735538E-01 -5.69038963E-02  1.25396155E+00  0.00000000E+00  1.50120079E-02  8.70850211E-02
  0.00000000E+00  4.32140000E-01  9.14465956E-01 -5.69110425E-02  1.25322166E+00  0.00000000E+00  1.49738967E-02  8.74569822E-02
  0.00000000E+00  4.33194000E-01  9.17172153E-01 -5.69164758E-02  1.25247873E+00  0.00000000E+00  1.49374117E-02  8.78286771E-02
  0.00000000E+00  4.34248000E-01  9.19854221E-01 -5.69202116E-02  1.25173256E+00  0.00000000E+00  1.49025588E-02  8.81998763E-02
  0.00000000E+00  4.35302000E-01  9.22512263E-01 -5.69222650E-02  1.25098298E+00  0.00000000E+00  1.48693421E-02  8.85703537E-02
  0.00000000E+00  4.36356000E-01  9.25146394E-01 -5.69226517E-02  1.25022981E+00  0.00000000E+00  1.48377641E-02  8.89398867E-02
  0.00000000E+00  4.37410000E-01  9.27756742E-01 -5.69213879E-02  1.24947288E+00  0.00000000E+00  1.48078259E-02  8.93082567E-02
  0.00000000E+00  4.38464000E-01  9.30343441E-01 -5.69184912E-02  1.24871202E+00  0.00000000E+00  1.47795269E-02  8.96752496E-02
  0.00000000E+00  4.39518000E-01  9.32906640E-01 -5.69139805E-02  1.24794712E+00  0.00000000E+00  1.47528652E-02  9.00406560E-02
  0.00000000E+00  4.40572000E-01  9.35446495E-01 -5.69078762E-02  1.24717807E+00  0.00000000E+00  1.47278371E-02  9.04042717E-02
  0.00000000E+00  4.41626000E-01  9.37963169E-01 -5.69002013E-02  1.24640481E+00  0.00000000E+00  1.47044378E-02  9.07658981E-02
  0.00000000E+00  4.42680000E-01  9.40456838E-01 -5.68909808E-02  1.24562732E+00  0.00000000E+00  1.46826609E-02  9.11253426E-02
  0.00000000E+00  4.43734000E-01  9.42927682E-01 -5.68802428E-02  1.24484564E+00  0.00000000E+00  1.46624987E-02  9.14824191E-02
  0.00000000E+00  4.44788000E-01  9.45375888E-01 -5.68680184E-02  1.24405986E+00  0.00000000E+00  1.46439421E-02  9.18369480E-02
  0.00000000E+00  4.45842000E-01  9.47801653E-01 -5.68543421E-02  1.24327012E+00  0.00000000E+00  1.46269807E-02  9.21887574E-02
  0.00000000E+00  4.46896000E-01  9.50205176E-01 -5.68392525E-02  1.24247666E+00  0.00000000E+00  1.46116028E-02  9.25376825E-02
  0.00000000E+00  4.47950000E-01  9.52586665E-01 -5.68227921E-02  1.24167978E+00  0.00000000E+00  1.45977956E-02  9.28835668E-02
  0.00000000E+00  4.49004000E-01  9.54946329E-01 -5.68050081E-02  1.24087986E+00  0.00000000E+00  1.45855449E-02  9.32262622E-02
  0.00000000E+00  4.50058000E-01  9.57284386E-01 -5.67859524E-02  1.24007738E+00  0.00000000E+00  1.45748354E-02  9.35656292E-02
  0.00000000E+00  4.51112000E-01  9.59601053E-01 -5.67656821E-02  1.23927291E+00  0.00000000E+00  1.45656505E-02  9.39015378E-02
  0.00000000E+00  4.52166000E-01  9.61896553E-01 -5.67442601E-02  1.23846713E+00  0.00000000E+00  1.45579727E-02  9.42338674E-02
  0.00000000E+00  4.53220000E-01  9.64171112E-01 -5.67217550E-02  1.23766083E+00  0.00000000E+00  1.45517832E-02  9.45625074E-02
  0.00000000E+00  4.54274000E-01  9.66424957E-01 -5.66982414E-02  1.23685491E+00  0.00000000E+00  1.45470623E-02  9.48873579E-02
  0.00000000E+00  4.55328000E-01  9.68658315E-01 -5.66738010E-02  1.23605040E+00  0.00000000E+00  1.45437891E-02  9.52083294E-02
  0.00000000E+00  4.56382000E-01  9.70871417E-01 -5.66485220E-02  1.23524847E+00  0.00000000E+00  1.45419418E-02  9.55253439E-02
  0.00000000E+00  4.57436000E-01  9.73064493E-01 -5.66225000E-02  1.23445040E+00  0.00000000E+00  1.45414976E-02  9.58383350E-02
  0.00000000E+00  4.58490000E-01  9.75237772E-01 -5.65958382E-02  1.23365765E+00  0.00000000E+00  1.45424329E-02  9.61472482E-02
  0.00000000E+00  4.59544000E-01  9.77392162E-01 -5.65667666E-02  1.23283532E+00  0.00000000E+00  1.45447331E-02  9.64519699E-02
  0.00000000E+00  4.60598000E-01  9.79527819E-01 -5.65355286E-02  1.23198818E+00  0.00000000E+00  1.45483915E-02  9.67523721E-02
  0.00000000E+00  4.61652000E-01  9.81644484E-01 -5.65036477E-02  1.23114543E+00  0.00000000E+00  1.45533802E-02  9.70484477E-02
  0.00000000E+00  4.62706000E-01  9.83742472E-01 -5.64710888E-02  1.23030588E+00  0.00000000E+00  1.45596735E-02  9.73401653E-02
  0.00000000E+00  4.63760000E-01  9.85822090E-01 -5.64378217E-02  1.22946846E+00  0.00000000E+00  1.45672460E-02  9.76274987E-02
  0.00000000E+00  4.64814000E-01  9.87883643E-01 -5.64038219E-02  1.22863221E+00  0.00000000E+00  1.45760720E-02  9.79104275E-02
  0.00000000E+00  4.65868000E-01  9.89927429E-01 -5.63690698E-02  1.22779630E+00  0.00000000E+00  1.45861263E-02  9.81889365E-02
  0.00000000E+00  4.66922000E-01  9.91953741E-01 -5.63335503E-02  1.22695999E+00  0.00000000E+00  1.45973834E-02  9.84630156E-02
  0.00000000E+00  4.67976000E-01  9.93962870E-01 -5.62972528E-02  1.22612263E+00  0.00000000E+00  1.46098182E-02  9.87326598E-02
  0.00000000E+00  4.69030000E-01  9.95955099E-01 -5.62601711E-02  1.22528369E+00  0.00000000E+00  1.46234056E-02  9.89978687E-02
  0.00000000E+00  4.70084000E-01  9.97930708E-01 -5.62223027E-02  1.22444272E+00  0.00000000E+00  1.46381203E-02  9.92586466E-02
  0.00000000E+00  4.71138000E-01  9.99889973E-01 -5.61836486E-02  1.22359934E+00  0.00000000E+00  1.46539376E-02  9.95150024E-02
  0.00000000E+00  4.72192000E-01  1.00183316E+00 -5.61442135E-02  1.22275325E+00  0.00000000E+00  1.46708325E-02  9.97669491E-02
  0.00000000E+00  4.73246000E-01  1.00376055E+00 -5.61040049E-02  1.22190425E+00  0.00000000E+00  1.46887805E-02  1.00014504E-01
  0.00000000E+00  4.74300000E-01  1.00567239E+00 -5.60630333E-02  1.22105217E+00  0.00000000E+00  1.47077569E-02  1.00257688E-01
  0.00000000E+00  4.75354000E-01  1.00756894E+00 -5.60213117E-02  1.22019692E+00  0.00000000E+00  1.47277374E-02  1.00496527E-01
  0.00000000E+00  4.76408000E-01  1.00945046E+00 -5.59788553E-02  1.21933845E+00  0.00000000E+00  1.47486978E-02  1.00731049E-01
  0.00000000E+00  4.77462000E-01  1.01131719E+00 -5.59356816E-02  1.21847679E+00  0.00000000E+00  1.47706138E-02  1.00961286E-01
  0.00000000E+00  4.78516000E-01  1.01316939E+00 -5.58918095E-02  1.21761197E+00  0.00000000E+00  1.47934618E-02  1.01187273E-01
  0.00000000E+00  4.79570000E-01  1.01500729E+00 -5.58472596E-02  1.21674409E+00  0.00000000E+00  1.48172178E-02  1.01409050E-01
  0.00000000E+00  4.80624000E-01  1.01683114E+00 -5.58020538E-02  1.21587327E+00  0.00000000E+00  1.48418585E-02  1.01626657E-01
  0.00000000E+00  4.81678000E-01  1.01864117E+00 -5.57562146E-02  1.21499967E+00  0.00000000E+00  1.48673605E-02  1.01840140E-01
  0.00000000E+00  4.82732000E-01  1.02043761E+00 -5.57097657E-02  1.21412345E+00  0.00000000E+00  1.48937007E-02  1.02049545E-01
  0.00000000E+00  4.83786000E-01  1.02222069E+00 -5.56627308E-02  1.21324480E+00  0.00000000E+00  1.49208562E-02  1.02254921E-01
  0.00000000E+00  4.84840000E-01  1.02399063E+00 -5.56151338E-02  1.21236391E+00  0.00000000E+00  1.49488044E-02  1.02456321E-01
  0.00000000E+00  4.85894000E-01  1.02574766E+00 -5.55669987E-02  1.21148098E+00  0.00000000E+00  1.49775228E-02  1.02653798E-01
  0.00000000E+00  4.86948000E-01  1.02749199E+00 -5.55183490E-02  1.21059622E+00  0.00000000E+00  1.50069893E-02  1.02847408E-01
  0.00000000E+00  4.88002000E-01  1.02922384E+00 -5.54692074E-02  1.20970981E+00  0.00000000E+00  1.50371820E-02  1.03037209E-01
  0.00000000E+00  4.89056000E-01  1.03094343E+00 -5.54195958E-02  1.20882193E+00  0.00000000E+00  1.50680792E-02  1.03223261E-01
  0.00000000E+00  4.90110000E-01  1.03265095E+00 -5.53695351E-02  1.20793274E+00  0.00000000E+00  1.50996597E-02  1.03405624E-01
  0.00000000E+00  4.91164000E-01  1.03434662E+00 -5.53190444E-02  1.20704238E+00  0.00000000E+00  1.51319022E-02  1.03584360E-01
  0.00000000E+00  4.92218000E-01  1.03603064E+00 -5.52681412E-02  1.20615095E+00  0.00000000E+00  1.51647860E-02  1.03759534E-01
  0.00000000E+00  4.93272000E-01  1.03770322E+00 -5.52168412E-02  1.20525852E+00  0.00000000E+00  1.51982907E-02  1.03931208E-01
  0.00000000E+00  4.94326000E-01  1.03936455E+00 -5.51651575E-02  1.20436512E+00  0.00000000E+00  1.52323960E-02  1.04099449E-01
  0.00000000E+00  4.95380000E-01  1.04101483E+00 -5.51131009E-02  1.20347074E+00  0.00000000E+00  1.52670822E-02  1.04264322E-01
  0.00000000E+00  4.96434000E-01  1.04265425E+00 -5.50606794E-02  1.20257530E+00  0.00000000E+00  1.53023296E-02  1.04425894E-01
  0.00000000E+00  4.97488000E-01  1.04428300E+00 -5.50078979E-02  1.20167868E+00  0.00000000E+00  1.53381192E-02  1.04584230E-01
  0.00000000E+00  4.98542000E-01  1.04590128E+00 -5.49547579E-02  1.20078068E+00  0.00000000E+00  1.53744320E-02  1.04739399E-01
  0.00000000E+00  4.99596000E-01  1.04750927E+00 -5.49012573E-02  1.19988105E+00  0.00000000E+00  1.54112496E-02  1.04891467E-01
  0.00000000E+00  5.00650000E-01  1.04910716E+00 -5.48473903E-02  1.19897946E+00  0.00000000E+00  1.54485540E-02  1.05040499E-01
  0.00000000E+00  5.01704000E-01  1.05069513E+00 -5.47931467E-02  1.19807547E+00  0.00000000E+00  1.54863273E-02  1.05186564E-01
  0.00000000E+00  5.02758000E-01  1.05227337E+00 -5.47385122E-02  1.19716861E+00  0.00000000E+00  1.55245522E-02  1.05329726E-01
  0.00000000E+00  5.03812000E-01  1.05384204E+00 -5.46834676E-02  1.19625826E+00  0.00000000E+00  1.55632117E-02  1.05470051E-01
  0.00000000E+00  5.04866000E-01  1.05540135E+00 -5.46279888E-02  1.19534374E+00  0.00000000E+00  1.56022894E-02  1.05607602E-01
  0.00000000E+00  5.05920000E-01  1.05695145E+00 -5.45720466E-02  1.19442426E+00  0.00000000E+00  1.56417690E-02  1.05742444E-01
  0.00000000E+00  5.06974000E-01  1.05849252E+00 -5.45156062E-02  1.19349892E+00  0.00000000E+00  1.56816349E-02  1.05874638E-01
  0.00000000E+00  5.08028000E-01  1.06002475E+00 -5.44586271E-02  1.19256669E+00  0.00000000E+00  1.57218717E-02  1.06004246E-01
  0.00000000E+00  5.09082000E-01  1.06154830E+00 -5.44010628E-02  1.19162644E+00  0.00000000E+00  1.57624646E-02  1.06131325E-01
  0.00000000E+00  5.10136000E-01  1.06306317E+00 -5.43433846E-02  1.19068893E+00  0.00000000E+00  1.58033974E-02  1.06255945E-01
  0.00000000E+00  5.11190000E-01  1.06456885E+00 -5.42875285E-02  1.18979779E+00  0.00000000E+00  1.58446438E-02  1.06378222E-01
  0.00000000E+00  5.12244000E-01  1.06606636E+00 -5.42306769E-02  1.18888782E+00  0.00000000E+00  1.58861972E-02  1.06498178E-01
  0.00000000E+00  5.13298000E-01  1.06755574E+00 -5.41730679E-02  1.18796449E+00  0.00000000E+00  1.59280436E-02  1.06615873E-01
  0.00000000E+00  5.14352000E-01  1.06903706E+00 -5.41148948E-02  1.18703223E+00  0.00000000E+00  1.59701693E-02  1.06731364E-01
  0.00000000E+00  5.15406000E-01  1.07051038E+00 -5.40563102E-02  1.18609451E+00  0.00000000E+00  1.60125610E-02  1.06844710E-01
  0.00000000E+00  5.16460000E-01  1.07197577E+00 -5.39974300E-02  1.18515394E+00  0.00000000E+00  1.60552054E-02  1.06955968E-01
  0.00000000E+00  5.17514000E-01  1.07343334E+00 -5.39383376E-02  1.18421239E+00  0.00000000E+00  1.60980897E-02  1.07065193E-01
  0.00000000E+00  5.18568000E-01  1.07488317E+00 -5.38790878E-02  1.18327103E+00  0.00000000E+00  1.61412010E-02  1.07172442E-01
  0.00000000E+00  5.19622000E-01  1.07632538E+00 -5.38197108E-02  1.18233047E+00  0.00000000E+00  1.61845270E-02  1.07277770E-01
  0.00000000E+00  5.20676000E-01  1.07776007E+00 -5.37602161E-02  1.18139083E+00  0.00000000E+00  1.62280555E-02  1.07381229E-01
  0.00000000E+00  5.21730000E-01  1.07918736E+00 -5.37005967E-02  1.18045185E+00  0.00000000E+00  1.62717743E-02  1.07482873E-01
  0.00000000E+00  5.22784000E-01  1.08060738E+00 -5.36408331E-02  1.17951298E+00  0.00000000E+00  1.63156718E-02  1.07582754E-01
  0.00000000E+00  5.23838000E-01  1.08202022E+00 -5.35808971E-02  1.17857345E+00  0.00000000E+00  1.63597364E-02  1.07680924E-01
  0.00000000E+00  5.24892000E-01  1.08342603E+00 -5.35207563E-02  1.17763240E+00  0.00000000E+00  1.64039568E-02  1.07777432E-01
  0.00000000E+00  5.25946000E-01  1.08482489E+00 -5.34603775E-02  1.17668896E+00  0.00000000E+00  1.64483219E-02  1.07872328E-01
  0.00000000E+00  5.27000000E-01  1.08621693E+00 -5.33997311E-02  1.17574234E+00  0.00000000E+00  1.64928207E-02  1.07965660E-01
  0.00000000E+00  5.28054000E-01  1.08760226E+00 -5.33387951E-02  1.17479190E+00  0.00000000E+00  1.65374426E-02  1.08057477E-01
  0.00000000E+00  5.29108000E-01  1.08898095E+00 -5.32775589E-02  1.17383731E+00  0.00000000E+00  1.65821770E-02  1.08147825E-01
  0.00000000E+00  5.30162000E-01  1.09035311E+00 -5.32160277E-02  1.17287859E+00  0.00000000E+00  1.66270138E-02  1.08236749E-01
  0.00000000E+00  5.31216000E-01  1.09171880E+00 -5.31542260E-02  1.17191620E+00  0.00000000E+00  1.66719428E-02  1.08324294E-01
  0.00000000E+00  5.32270000E-01  1.09307810E+00 -5.30922020E-02  1.17095117E+00  0.00000000E+00  1.67169542E-02  1.08410505E-01
  0.00000000E+00  5.33324000E-01  1.09443104E+00 -5.30300316E-02  1.16998516E+00  0.00000000E+00  1.67620382E-02  1.08495423E-01
  0.00000000E+00  5.34378000E-01  1.09577766E+00 -5.29678223E-02  1.16902060E+00  0.00000000E+00  1.68071854E-02  1.08579091E-01
  0.00000000E+00  5.35432000E-01  1.09711799E+00 -5.29057171E-02  1.16806072E+00  0.00000000E+00  1.68523864E-02  1.08661549E-01
  0.00000000E+00  5.36486000E-01  1.09845200E+00 -5.28438987E-02  1.16710969E+00  0.00000000E+00  1.68976322E-02  1.08742838E-01
  0.00000000E+00  5.37540000E-01  1.09977969E+00 -5.27825935E-02  1.16617271E+00  0.00000000E+00  1.69429138E-02  1.08822995E-01
  0.00000000E+00  5.38594000E-01  1.10110174E+00 -5.27191181E-02  1.16518688E+00  0.00000000E+00  1.69882258E-02  1.08902046E-01
  0.00000000E+00  5.39648000E-01  1.10241783E+00 -5.26556369E-02  1.16420347E+00  0.00000000E+00  1.70335582E-02  1.08980034E-01
  0.00000000E+00  5.40702000E-01  1.10372797E+00 -5.25923851E-02  1.16322785E+00  0.00000000E+00  1.70789020E-02  1.09056997E-01
  0.00000000E+00  5.41756000E-01  1.10503225E+00 -5.25292270E-02  1.16225668E+00  0.00000000E+00  1.71242494E-02  1.09132969E-01
  0.00000000E+00  5.42810000E-01  1.10633074E+00 -5.24660552E-02  1.16128733E+00  0.00000000E+00  1.71695924E-02  1.09207983E-01
  0.00000000E+00  5.43864000E-01  1.10762352E+00 -5.24027884E-02  1.16031777E+00  0.00000000E+00  1.72149233E-02  1.09282073E-01
  0.00000000E+00  5.44918000E-01  1.10891065E+00 -5.23393681E-02  1.15934655E+00  0.00000000E+00  1.72602343E-02  1.09355270E-01
  0.00000000E+00  5.45972000E-01  1.11019219E+00 -5.22757565E-02  1.15837271E+00  0.00000000E+00  1.73055181E-02  1.09427606E-01
  0.00000000E+00  5.47026000E-01  1.11146819E+00 -5.22119331E-02  1.15739572E+00  0.00000000E+00  1.73507674E-02  1.09499110E-01
  0.00000000E+00  5.48080000E-01  1.11273870E+00 -5.21478923E-02  1.15641540E+00  0.00000000E+00  1.73959750E-02  1.09569813E-01
  0.00000000E+00  5.49134000E-01  1.11400376E+00 -5.20836406E-02  1.15543189E+00  0.00000000E+00  1.74411338E-02  1.09639742E-01
  0.00000000E+00  5.50188000E-01  1.11526342E+00 -5.20191937E-02  1.15444552E+00  0.00000000E+00  1.74862371E-02  1.09708925E-01
  0.00000000E+00  5.51242000E-01  1.11651772E+00 -5.19545741E-02  1.15345682E+00  0.00000000E+00  1.75312782E-02  1.09777390E-01
  0.00000000E+00  5.52296000E-01  1.11776668E+00 -5.18898079E-02  1.15246639E+00  0.00000000E+00  1.75762503E-02  1.09845162E-01
  0.00000000E+00  5.53350000E-01  1.11901034E+00 -5.18249222E-02  1.15147486E+00  0.00000000E+00  1.76211471E-02  1.09912267E-01
  0.00000000E+00  5.54404000E-01  1.12024875E+00 -5.17599425E-02  1.15048284E+00  0.00000000E+00  1.76659623E-02  1.09978729E-01
  0.00000000E+00  5.55458000E-01  1.12148192E+00 -5.16948899E-02  1.14949082E+00  0.00000000E+00  1.77106897E-02  1.10044573E-01
  0.00000000E+00  5.56512000E-01  1.12270989E+00 -5.16297782E-02  1.14849911E+00  0.00000000E+00  1.77553233E-02  1.10109820E-01
  0.00000000E+00  5.57566000E-01  1.12393269E+00 -5.15646110E-02  1.14750780E+00  0.00000000E+00  1.77998571E-02  1.10174494E-01
  0.00000000E+00  5.58620000E-01  1.12515036E+00 -5.14993796E-02  1.14651667E+00  0.00000000E+00  1.78442853E-02  1.10238615E-01
  0.00000000E+00  5.59674000E-01  1.12636294E+00 -5.14340594E-02  1.14552511E+00  0.00000000E+00  1.78886024E-02  1.10302206E-01
  0.00000000E+00  5.60728000E-01  1.12757047E+00 -5.13686077E-02  1.14453209E+00  0.00000000E+00  1.79328027E-02  1.10365285E-01
  0.00000000E+00  5.61782000E-01  1.12877298E+00 -5.13029610E-02  1.14353608E+00  0.00000000E+00  1.79768809E-02  1.10427873E-01
  0.00000000E+00  5.62836000E-01  1.12997052E+00 -5.12370317E-02  1.14253496E+00  0.00000000E+00  1.80208316E-02  1.10489988E-01
  0.00000000E+00  5.63890000E-01  1.13116315E+00 -5.11707058E-02  1.14152599E+00  0.00000000E+00  1.80646497E-02  1.10551648E-01
  0.00000000E+00  5.64944000E-01  1.13235092E+00 -5.11038402E-02  1.14050570E+00  0.00000000E+00  1.81083302E-02  1.10612870E-01
  0.00000000E+00  5.65998000E-01  1.13353375E+00 -5.10375849E-02  1.13950218E+00  0.00000000E+00  1.81518675E-02  1.10673674E-01
  0.00000000E+00  5.67052000E-01  1.13471167E+00 -5.09716701E-02  1.13850851E+00  0.00000000E+00  1.81952556E-02  1.10734081E-01
  0.00000000E+00  5.68106000E-01  1.13588478E+00 -5.09053356E-02  1.13750615E+00  0.00000000E+00  1.82384899E-02  1.10794104E-01
  0.00000000E+00  5.69160000E-01  1.13705307E+00 -5.08386808E-02  1.13649760E+00  0.00000000E+00  1.82815659E-02  1.10853760E-01
  0.00000000E+00  5.70214000E-01  1.13821657E+00 -5.07717852E-02  1.13548485E+00  0.00000000E+00  1.83244788E-02  1.10913063E-01
  0.00000000E+00  5.71268000E-01  1.13937527E+00 -5.07047101E-02  1.13446946E+00  0.00000000E+00  1.83672241E-02  1.10972028E-01
  0.00000000E+00  5.72322000E-01  1.14052920E+00 -5.06375005E-02  1.13345256E+00  0.00000000E+00  1.84097974E-02  1.11030669E-01
  0.00000000E+00  5.73376000E-01  1.14167836E+00 -5.05701871E-02  1.13243492E+00  0.00000000E+00  1.84521941E-02  1.11088998E-01
  0.00000000E+00  5.74430000E-01  1.14282277E+00 -5.05027879E-02  1.13141701E+00  0.00000000E+00  1.84944100E-02  1.11147030E-01
  0.00000000E+00  5.75484000E-01  1.14396245E+00 -5.04353104E-02  1.13039903E+00  0.00000000E+00  1.85364408E-02  1.11204777E-01
  0.00000000E+00  5.76538000E-01  1.14509742E+00 -5.03677530E-02  1.12938094E+00  0.00000000E+00  1.85782822E-02  1.11262252E-01
  0.00000000E+00  5.77592000E-01  1.14622770E+00 -5.03001075E-02  1.12836257E+00  0.00000000E+00  1.86199301E-02  1.11319466E-01
  0.00000000E+00  5.78646000E-01  1.14735331E+00 -5.02323603E-02  1.12734357E+00  0.00000000E+00  1.86613804E-02  1.11376431E-01
  0.00000000E+00  5.79700000E-01  1.14847427E+00 -5.01644948E-02  1.12632354E+00  0.00000000E+00  1.87026290E-02  1.11433159E-01
  0.00000000E+00  5.80754000E-01  1.14959059E+00 -5.00964929E-02  1.12530206E+00  0.00000000E+00  1.87436721E-02  1.11489660E-01
  0.00000000E+00  5.81808000E-01  1.15070230E+00 -5.00283370E-02  1.12427869E+00  0.00000000E+00  1.87845055E-02  1.11545945E-01
  0.00000000E+00  5.82862000E-01  1.15180940E+00 -4.99600120E-02  1.12325307E+00  0.00000000E+00  1.88251257E-02  1.11602023E-01
  0.00000000E+00  5.83916000E-01  1.15291192E+00 -4.98915069E-02  1.12222495E+00  0.00000000E+00  1.88655287E-02  1.11657906E-01
  0.00000000E+00  5.84970000E-01  1.15400987E+00 -4.98228169E-02  1.12119423E+00  0.00000000E+00  1.89057108E-02  1.11713602E-01
  0.00000000E+00  5.86024000E-01  1.15510325E+00 -4.97539451E-02  1.12016101E+00  0.00000000E+00  1.89456685E-02  1.11769120E-01
  0.00000000E+00  5.87078000E-01  1.15619208E+00 -4.96849043E-02  1.11912563E+00  0.00000000E+00  1.89853981E-02  1.11824470E-01
  0.00000000E+00  5.88132000E-01  1.15727636E+00 -4.96157192E-02  1.11808874E+00  0.00000000E+00  1.90248961E-02  1.11879659E-01
  0.00000000E+00  5.89186000E-01  1.15835608E+00 -4.95464280E-02  1.11705133E+00  0.00000000E+00  1.90641591E-02  1.11934696E-01
  0.00000000E+00  5.90240000E-01  1.15943125E+00 -4.94770843E-02  1.11601476E+00  0.00000000E+00  1.91031837E-02  1.11989589E-01
  0.00000000E+00  5.91294000E-01  1.16050185E+00 -4.94077589E-02  1.11498085E+00  0.00000000E+00  1.91419666E-02  1.12044345E-01
  0.00000000E+00  5.92348000E-01  1.16156787E+00 -4.93385419E-02  1.11395188E+00  0.00000000E+00  1.91805044E-02  1.12098971E-01
  0.00000000E+00  5.93402000E-01  1.16262941E+00 -4.92691040E-02  1.11291906E+00  0.00000000E+00  1.92187939E-02  1.12153475E-01
  0.00000000E+00  5.94456000E-01  1.16368658E+00 -4.91988508E-02  1.11186722E+00  0.00000000E+00  1.92568317E-02  1.12207864E-01
  0.00000000E+00  5.95510000E-01  1.16473911E+00 -4.91286607E-02  1.11081987E+00  0.00000000E+00  1.92946154E-02  1.12262142E-01
  0.00000000E+00  5.96564000E-01  1.16578707E+00 -4.90584644E-02  1.10977512E+00  0.00000000E+00  1.93321418E-02  1.12316315E-01
  0.00000000E+00  5.97618000E-01  1.16683048E+00 -4.89882061E-02  1.10873148E+00  0.00000000E+00  1.93694078E-02  1.12370391E-01
  0.00000000E+00  5.98672000E-01  1.16786938E+00 -4.89178423E-02  1.10768777E+00  0.00000000E+00  1.94064103E-02  1.12424375E-01
  0.00000000E+00  5.99726000E-01  1.16890379E+00 -4.88473407E-02  1.10664311E+00  0.00000000E+00  1.94431465E-02  1.12478272E-01
  0.00000000E+00  6.00780000E-01  1.16993374E+00 -4.87766788E-02  1.10559689E+00  0.00000000E+00  1.94796133E-02  1.12532088E-01
  0.00000000E+00  6.01834000E-01  1.17095921E+00 -4.87058426E-02  1.10454872E+00  0.00000000E+00  1.95158079E-02  1.12585829E-01
  0.00000000E+00  6.02888000E-01  1.17198023E+00 -4.86348256E-02  1.10349843E+00  0.00000000E+00  1.95517274E-02  1.12639499E-01
  0.00000000E+00  6.03942000E-01  1.17299679E+00 -4.85636270E-02  1.10244601E+00  0.00000000E+00  1.95873692E-02  1.12693102E-01
  0.00000000E+00  6.04996000E-01  1.17400889E+00 -4.84922511E-02  1.10139156E+00  0.00000000E+00  1.96227304E-02  1.12746644E-01
  0.00000000E+00  6.06050000E-01  1.17501651E+00 -4.84207056E-02  1.10033530E+00  0.00000000E+00  1.96578085E-02  1.12800129E-01
  0.00000000E+00  6.07104000E-01  1.17601966E+00 -4.83490004E-02  1.09927752E+00  0.00000000E+00  1.96926008E-02  1.12853561E-01
  0.00000000E+00  6.08158000E-01  1.17701832E+00 -4.82771463E-02  1.09821853E+00  0.00000000E+00  1.97271048E-02  1.12906943E-01
  0.00000000E+00  6.09212000E-01  1.17801249E+00 -4.82051541E-02  1.09715864E+00  0.00000000E+00  1.97613178E-02  1.12960279E-01
  0.00000000E+00  6.10266000E-01  1.17900214E+00 -4.81330326E-02  1.09609814E+00  0.00000000E+00  1.97952374E-02  1.13013574E-01
  0.00000000E+00  6.11320000E-01  1.17998729E+00 -4.80607883E-02  1.09503724E+00  0.00000000E+00  1.98288612E-02  1.13066829E-01
  0.00000000E+00  6.12374000E-01  1.18096791E+00 -4.79884231E-02  1.09397605E+00  0.00000000E+00  1.98621866E-02  1.13120049E-01
  0.00000000E+00  6.13428000E-01  1.18194402E+00 -4.79159341E-02  1.09291456E+00  0.00000000E+00  1.98952113E-02  1.13173236E-01
  0.00000000E+00  6.14482000E-01  1.18291561E+00 -4.78433113E-02  1.09185258E+00  0.00000000E+00  1.99279329E-02  1.13226394E-01
  0.00000000E+00  6.15536000E-01  1.18388269E+00 -4.77705371E-02  1.09078973E+00  0.00000000E+00  1.99603490E-02  1.13279524E-01
  0.00000000E+00  6.16590000E-01  1.18484528E+00 -4.76975847E-02  1.08972539E+00  0.00000000E+00  1.99924574E-02  1.13332630E-01
  0.00000000E+00  6.17644000E-01  1.18580339E+00 -4.76244169E-02  1.08865869E+00  0.00000000E+00  2.00242557E-02  1.13385715E-01
  0.00000000E+00  6.18698000E-01  1.18675706E+00 -4.75509848E-02  1.08758843E+00  0.00000000E+00  2.00557416E-02  1.13438780E-01
  0.00000000E+00  6.19752000E-01  1.18770633E+00 -4.74772266E-02  1.08651312E+00  0.00000000E+00  2.00869129E-02  1.13491829E-01
  0.00000000E+00  6.20806000E-01  1.18865123E+00 -4.74030883E-02  1.08543145E+00  0.00000000E+00  2.01177673E-02  1.13544863E-01
  0.00000000E+00  6.21860000E-01  1.18959115E+00 -4.73295199E-02  1.08436799E+00  0.00000000E+00  2.01483026E-02  1.13597884E-01
  0.00000000E+00  6.22914000E-01  1.19052669E+00 -4.72556347E-02  1.08329897E+00  0.00000000E+00  2.01785171E-02  1.13650893E-01
  0.00000000E+00  6.23968000E-01  1.19145780E+00 -4.71814797E-02  1.08222577E+00  0.00000000E+00  2.02084084E-02  1.13703892E-01
  0.00000000E+00  6.25022000E-01  1.19238443E+00 -4.71070926E-02  1.08114953E+00  0.00000000E+00  2.02379746E-02  1.13756882E-01
  0.00000000E+00  6.26076000E-01  1.19330656E+00 -4.70325027E-02  1.08007111E+00  0.00000000E+00  2.02672136E-02  1.13809865E-01
  0.00000000E+00  6.27130000E-01  1.19422416E+00 -4.69577317E-02  1.07899120E+00  0.00000000E+00  2.02961232E-02  1.13862842E-01
  0.00000000E+00  6.28184000E-01  1.19513721E+00 -4.68827945E-02  1.07791027E+00  0.00000000E+00  2.03247016E-02  1.13915815E-01
  0.00000000E+00  6.29238000E-01  1.19604569E+00 -4.68077001E-02  1.07682865E+00  0.00000000E+00  2.03529466E-02  1.13968784E-01
  0.00000000E+00  6.30292000E-01  1.19694959E+00 -4.67324526E-02  1.07574651E+00  0.00000000E+00  2.03808563E-02  1.14021750E-01
  0.00000000E+00  6.31346000E-01  1.19784892E+00 -4.66570517E-02  1.07466388E+00  0.00000000E+00  2.04084288E-02  1.14074714E-01
  0.00000000E+00  6.32400000E-01  1.19874366E+00 -4.65814938E-02  1.07358074E+00  0.00000000E+00  2.04356623E-02  1.14127677E-01
  0.00000000E+00  6.33454000E-01  1.19963382E+00 -4.65057727E-02  1.07249695E+00  0.00000000E+00  2.04625547E-02  1.14180640E-01
  0.00000000E+00  6.34508000E-01  1.20051940E+00 -4.64298806E-02  1.07141233E+00  0.00000000E+00  2.04891042E-02  1.14233602E-01
  0.00000000E+00  6.35562000E-01  1.20140039E+00 -4.63538088E-02  1.07032669E+00  0.00000000E+00  2.05153091E-02  1.14286564E-01
  0.00000000E+00  6.36616000E-01  1.20227681E+00 -4.62775488E-02  1.06923981E+00  0.00000000E+00  2.05411675E-02  1.14339526E-01
  0.00000000E+00  6.37670000E-01  1.20314864E+00 -4.62010927E-02  1.06815149E+00  0.00000000E+00  2.05666776E-02  1.14392488E-01
  0.00000000E+00  6.38724000E-01  1.20401590E+00 -4.61244343E-02  1.06706158E+00  0.00000000E+00  2.05918376E-02  1.14445450E-01
  0.00000000E+00  6.39778000E-01  1.20487858E+00 -4.60475703E-02  1.06596998E+00  0.00000000E+00  2.06166459E-02  1.14498412E-01
  0.00000000E+00  6.40832000E-01  1.20573667E+00 -4.59705002E-02  1.06487669E+00  0.00000000E+00  2.06411005E-02  1.14551374E-01
  0.00000000E+00  6.41886000E-01  1.20659016E+00 -4.58932283E-02  1.06378180E+00  0.00000000E+00  2.06651999E-02  1.14604335E-01
  0.00000000E+00  6.42940000E-01  1.20743904E+00 -4.58157637E-02  1.06268555E+00  0.00000000E+00  2.06889424E-02  1.14657295E-01
  0.00000000E+00  6.43994000E-01  1.20828329E+00 -4.57381213E-02  1.06158831E+00  0.00000000E+00  2.07123262E-02  1.14710253E-01
  0.00000000E+00  6.45048000E-01  1.20912288E+00 -4.56603231E-02  1.06049065E+00  0.00000000E+00  2.07353497E-02  1.14763208E-01
  0.00000000E+00  6.46102000E-01  1.20995778E+00 -4.55823985E-02  1.05939333E+00  0.00000000E+00  2.07580112E-02  1.14816161E-01
  0.00000000E+00  6.47156000E-01  1.21078794E+00 -4.55043852E-02  1.05829733E+00  0.00000000E+00  2.07803090E-02  1.14869110E-01
  0.00000000E+00  6.48210000E-01  1.21161332E+00 -4.54263306E-02  1.05720388E+00  0.00000000E+00  2.08022416E-02  1.14922054E-01
  0.00000000E+00  6.49264000E-01  1.21243423E+00 -4.53477719E-02  1.05610070E+00  0.00000000E+00  2.08238080E-02  1.14974989E-01
  0.00000000E+00  6.50318000E-01  1.21325050E+00 -4.52689599E-02  1.05499512E+00  0.00000000E+00  2.08450061E-02  1.15027918E-01
  0.00000000E+00  6.51372000E-01  1.21406203E+00 -4.51900319E-02  1.05389082E+00  0.00000000E+00  2.08658341E-02  1.15080838E-01
  0.00000000E+00  6.52426000E-01  1.21486883E+00 -4.51109610E-02  1.05278700E+00  0.00000000E+00  2.08862905E-02  1.15133748E-01
  0.00000000E+00  6.53480000E-01  1.21567090E+00 -4.50317256E-02  1.05168303E+00  0.00000000E+00  2.09063738E-02  1.15186648E-01
  0.00000000E+00  6.54534000E-01  1.21646826E+00 -4.49523095E-02  1.05057843E+00  0.00000000E+00  2.09260825E-02  1.15239535E-01
  0.00000000E+00  6.55588000E-01  1.21726089E+00 -4.48727009E-02  1.04947284E+00  0.00000000E+00  2.09454152E-02  1.15292407E-01
  0.00000000E+00  6.56642000E-01  1.21804879E+00 -4.47928921E-02  1.04836602E+00  0.00000000E+00  2.09643703E-02  1.15345263E-01
  0.00000000E+00  6.57696000E-01  1.21883196E+00 -4.47128788E-02  1.04725785E+00  0.00000000E+00  2.09829466E-02  1.15398100E-01
  0.00000000E+00  6.58750000E-01  1.21961039E+00 -4.46326598E-02  1.04614828E+00  0.00000000E+00  2.10011424E-02  1.15450918E-01
  0.00000000E+00  6.59804000E-01  1.22038406E+00 -4.45522361E-02  1.04503733E+00  0.00000000E+00  2.10189565E-02  1.15503712E-01
  0.00000000E+00  6.60858000E-01  1.22115298E+00 -4.44716103E-02  1.04392508E+00  0.00000000E+00  2.10363873E-02  1.15556482E-01
  0.00000000E+00  6.61912000E-01  1.22191712E+00 -4.43907866E-02  1.04281165E+00  0.00000000E+00  2.10534335E-02  1.15609226E-01
  0.00000000E+00  6.62966000E-01  1.22267648E+00 -4.43097696E-02  1.04169718E+00  0.00000000E+00  2.10700937E-02  1.15661940E-01
  0.00000000E+00  6.64020000E-01  1.22343104E+00 -4.42285642E-02  1.04058182E+00  0.00000000E+00  2.10863664E-02  1.15714623E-01
  0.00000000E+00  6.65074000E-01  1.22418079E+00 -4.41471746E-02  1.03946572E+00  0.00000000E+00  2.11022503E-02  1.15767272E-01
  0.00000000E+00  6.66128000E-01  1.22492571E+00 -4.40656043E-02  1.03834899E+00  0.00000000E+00  2.11177441E-02  1.15819884E-01
  0.00000000E+00  6.67182000E-01  1.22566580E+00 -4.39838550E-02  1.03723174E+00  0.00000000E+00  2.11328463E-02  1.15872458E-01
  0.00000000E+00  6.68236000E-01  1.22640104E+00 -4.39019264E-02  1.03611398E+00  0.00000000E+00  2.11475555E-02  1.15924990E-01
  0.00000000E+00  6.69290000E-01  1.22713143E+00 -4.38198156E-02  1.03499569E+00  0.00000000E+00  2.11618706E-02  1.15977478E-01
  0.00000000E+00  6.70344000E-01  1.22785696E+00 -4.37375161E-02  1.03387674E+00  0.00000000E+00  2.11757900E-02  1.16029918E-01
  0.00000000E+00  6.71398000E-01  1.22857762E+00 -4.36550181E-02  1.03275692E+00  0.00000000E+00  2.11893124E-02  1.16082308E-01
  0.00000000E+00  6.72452000E-01  1.22929342E+00 -4.35723070E-02  1.03163589E+00  0.00000000E+00  2.12024367E-02  1.16134646E-01
  0.00000000E+00  6.73506000E-01  1.23000435E+00 -4.34893637E-02  1.03051319E+00  0.00000000E+00  2.12151613E-02  1.16186927E-01
  0.00000000E+00  6.74560000E-01  1.23071042E+00 -4.34061634E-02  1.02938820E+00  0.00000000E+00  2.12274851E-02  1.16239150E-01
  0.00000000E+00  6.75614000E-01  1.23141163E+00 -4.33226751E-02  1.02826017E+00  0.00000000E+00  2.12394067E-02  1.16291310E-01
  0.00000000E+00  6.76668000E-01  1.23210783E+00 -4.32390642E-02  1.02713381E+00  0.00000000E+00  2.12509252E-02  1.16343404E-01
  0.00000000E+00  6.77722000E-01  1.23279901E+00 -4.31554112E-02  1.02601067E+00  0.00000000E+00  2.12620394E-02  1.16395427E-01
  0.00000000E+00  6.78776000E-01  1.23348534E+00 -4.30715124E-02  1.02488490E+00  0.00000000E+00  2.12727479E-02  1.16447378E-01
  0.00000000E+00  6.79830000E-01  1.23416680E+00 -4.29873846E-02  1.02375708E+00  0.00000000E+00  2.12830494E-02  1.16499252E-01
  0.00000000E+00  6.80884000E-01  1.23484333E+00 -4.29030409E-02  1.02262770E+00  0.00000000E+00  2.12929427E-02  1.16551046E-01
  0.00000000E+00  6.81938000E-01  1.23551490E+00 -4.28184911E-02  1.02149714E+00  0.00000000E+00  2.13024266E-02  1.16602756E-01
  0.00000000E+00  6.82992000E-01  1.23618150E+00 -4.27337422E-02  1.02036567E+00  0.00000000E+00  2.13114998E-02  1.16654380E-01
  0.00000000E+00  6.84046000E-01  1.23684311E+00 -4.26487986E-02  1.01923349E+00  0.00000000E+00  2.13201612E-02  1.16705912E-01
  0.00000000E+00  6.85100000E-01  1.23749969E+00 -4.25636622E-02  1.01810072E+00  0.00000000E+00  2.13284095E-02  1.16757351E-01
  0.00000000E+00  6.86154000E-01  1.23815125E+00 -4.24783333E-02  1.01696742E+00  0.00000000E+00  2.13362437E-02  1.16808691E-01
  0.00000000E+00  6.87208000E-01  1.23879778E+00 -4.23928108E-02  1.01583359E+00  0.00000000E+00  2.13436624E-02  1.16859930E-01
  0.00000000E+00  6.88262000E-01  1.23943926E+00 -4.23070923E-02  1.01469920E+00  0.00000000E+00  2.13506646E-02  1.16911063E-01
  0.00000000E+00  6.89316000E-01  1.24007569E+00 -4.22211747E-02  1.01356419E+00  0.00000000E+00  2.13572491E-02  1.16962088E-01
  0.00000000E+00  6.90370000E-01  1.24070708E+00 -4.21350543E-02  1.01242846E+00  0.00000000E+00  2.13634147E-02  1.17012999E-01
  0.00000000E+00  6.91424000E-01  1.24133340E+00 -4.20487276E-02  1.01129192E+00  0.00000000E+00  2.13691603E-02  1.17063794E-01
  0.00000000E+00  6.92478000E-01  1.24195467E+00 -4.19621913E-02  1.01015447E+00  0.00000000E+00  2.13744848E-02  1.17114468E-01
  0.00000000E+00  6.93532000E-01  1.24257087E+00 -4.18754428E-02  1.00901604E+00  0.00000000E+00  2.13793870E-02  1.17165018E-01
  0.00000000E+00  6.94586000E-01  1.24318200E+00 -4.17884805E-02  1.00787656E+00  0.00000000E+00  2.13838658E-02  1.17215439E-01
  0.00000000E+00  6.95640000E-01  1.24378805E+00 -4.17013041E-02  1.00673601E+00  0.00000000E+00  2.13879201E-02  1.17265728E-01
  0.00000000E+00  6.96694000E-01  1.24438901E+00 -4.16139153E-02  1.00559442E+00  0.00000000E+00  2.13915487E-02  1.17315880E-01
  0.00000000E+00  6.97748000E-01  1.24498487E+00 -4.15263177E-02  1.00445185E+00  0.00000000E+00  2.13947507E-02  1.17365892E-01
  0.00000000E+00  6.98802000E-01  1.24557560E+00 -4.14385173E-02  1.00330845E+00  0.00000000E+00  2.13975247E-02  1.17415759E-01
  0.00000000E+00  6.99856000E-01  1.24616118E+00 -4.13505232E-02  1.00216444E+00  0.00000000E+00  2.13998699E-02  1.17465478E-01
  0.00000000E+00  7.00910000E-01  1.24674158E+00 -4.12623475E-02  1.00102013E+00  0.00000000E+00  2.14017851E-02  1.17515043E-01
  0.00000000E+00  7.01964000E-01  1.24731676E+00 -4.11740059E-02  9.99875920E-01  0.00000000E+00  2.14032692E-02  1.17564452E-01
  0.00000000E+00  7.03018000E-01  1.24788669E+00 -4.10855180E-02  9.98732337E-01  0.00000000E+00  2.14043211E-02  1.17613698E-01
  0.00000000E+00  7.04072000E-01  1.24845137E+00 -4.09968579E-02  9.97588574E-01  0.00000000E+00  2.14049399E-02  1.17662779E-01
  0.00000000E+00  7.05126000E-01  1.24901107E+00 -4.09078148E-02  9.96439062E-01  0.00000000E+00  2.14051249E-02  1.17711687E-01
  0.00000000E+00  7.06180000E-01  1.24956550E+00 -4.08185977E-02  9.95290171E-01  0.00000000E+00  2.14048743E-02  1.17760423E-01
  0.00000000E+00  7.07234000E-01  1.25011468E+00 -4.07291951E-02  9.94141485E-01  0.00000000E+00  2.14041872E-02  1.17808980E-01
  0.00000000E+00  7.08288000E-01  1.25065859E+00 -4.06395979E-02  9.92992670E-01  0.00000000E+00  2.14030625E-02  1.17857354E-01
  0.00000000E+00  7.09342000E-01  1.25119725E+00 -4.05497994E-02  9.91843463E-01  0.00000000E+00  2.14014992E-02  1.17905541E-01
  0.00000000E+00  7.10396000E-01  1.25173064E+00 -4.04597947E-02  9.90693671E-01  0.00000000E+00  2.13994963E-02  1.17953537E-01
  0.00000000E+00  7.11450000E-01  1.25225875E+00 -4.03695807E-02  9.89543156E-01  0.00000000E+00  2.13970528E-02  1.18001336E-01
  0.00000000E+00  7.12504000E-01  1.25278158E+00 -4.02791558E-02  9.88391835E-01  0.00000000E+00  2.13941676E-02  1.18048935E-01
  0.00000000E+00  7.13558000E-01  1.25329911E+00 -4.01885194E-02  9.87239668E-01  0.00000000E+00  2.13908398E-02  1.18096329E-01
  0.00000000E+00  7.14612000E-01  1.25381134E+00 -4.00976723E-02  9.86086652E-01  0.00000000E+00  2.13870683E-02  1.18143513E-01
  0.00000000E+00  7.15666000E-01  1.25431824E+00 -4.00066156E-02  9.84932815E-01  0.00000000E+00  2.13828521E-02  1.18190483E-01
  0.00000000E+00  7.16720000E-01  1.25481981E+00 -3.99153513E-02  9.83778208E-01  0.00000000E+00  2.13781903E-02  1.18237234E-01
  0.00000000E+00  7.17774000E-01  1.25531602E+00 -3.98238813E-02  9.82622897E-01  0.00000000E+00  2.13730819E-02  1.18283762E-01
  0.00000000E+00  7.18828000E-01  1.25580686E+00 -3.97322077E-02  9.81466956E-01  0.00000000E+00  2.13675258E-02  1.18330062E-01
  0.00000000E+00  7.19882000E-01  1.25629232E+00 -3.96403322E-02  9.80310461E-01  0.00000000E+00  2.13615210E-02  1.18376130E-01
  0.00000000E+00  7.20936000E-01  1.25677238E+00 -3.95482564E-02  9.79153480E-01  0.00000000E+00  2.13550665E-02  1.18421961E-01
  0.00000000E+00  7.21990000E-01  1.25724702E+00 -3.94559807E-02  9.77996070E-01  0.00000000E+00  2.13481613E-02  1.18467551E-01
  0.00000000E+00  7.23044000E-01  1.25771622E+00 -3.93635048E-02  9.76838266E-01  0.00000000E+00  2.13408045E-02  1.18512895E-01
  0.00000000E+00  7.24098000E-01  1.25817998E+00 -3.92708270E-02  9.75680075E-01  0.00000000E+00  2.13329950E-02  1.18557989E-01
  0.00000000E+00  7.25152000E-01  1.25863828E+00 -3.91779445E-02  9.74521468E-01  0.00000000E+00  2.13247318E-02  1.18602828E-01
  0.00000000E+00  7.26206000E-01  1.25909110E+00 -3.90848523E-02  9.73362376E-01  0.00000000E+00  2.13160140E-02  1.18647408E-01
  0.00000000E+00  7.27260000E-01  1.25953845E+00 -3.89915438E-02  9.72202678E-01  0.00000000E+00  2.13068404E-02  1.18691724E-01
  0.00000000E+00  7.28314000E-01  1.25998031E+00 -3.88980101E-02  9.71042197E-01  0.00000000E+00  2.12972102E-02  1.18735772E-01
  0.00000000E+00  7.29368000E-01  1.26041668E+00 -3.88042399E-02  9.69880692E-01  0.00000000E+00  2.12871224E-02  1.18779548E-01
  0.00000000E+00  7.30422000E-01  1.26084755E+00 -3.87102190E-02  9.68717849E-01  0.00000000E+00  2.12765759E-02  1.18823047E-01
  0.00000000E+00  7.31476000E-01  1.26127292E+00 -3.86159307E-02  9.67553277E-01  0.00000000E+00  2.12655697E-02  1.18866265E-01
  0.00000000E+00  7.32530000E-01  1.26169248E+00 -3.85215620E-02  9.66391866E-01  0.00000000E+00  2.12541036E-02  1.18909194E-01
  0.00000000E+00  7.33584000E-01  1.26210653E+00 -3.84269814E-02  9.65229561E-01  0.00000000E+00  2.12421761E-02  1.18951833E-01
  0.00000000E+00  7.34638000E-01  1.26251505E+00 -3.83321727E-02  9.64066032E-01  0.00000000E+00  2.12297864E-02  1.18994176E-01
  0.00000000E+00  7.35692000E-01  1.26291802E+00 -3.82371415E-02  9.62901547E-01  0.00000000E+00  2.12169335E-02  1.19036218E-01
  0.00000000E+00  7.36746000E-01  1.26331537E+00 -3.81418918E-02  9.61736317E-01  0.00000000E+00  2.12036164E-02  1.19077956E-01
  0.00000000E+00  7.37800000E-01  1.26370708E+00 -3.80464264E-02  9.60570507E-01  0.00000000E+00  2.11898343E-02  1.19119385E-01
  0.00000000E+00  7.38854000E-01  1.26409311E+00 -3.79507469E-02  9.59404235E-01  0.00000000E+00  2.11755862E-02  1.19160500E-01
  0.00000000E+00  7.39908000E-01  1.26447345E+00 -3.78548538E-02  9.58237585E-01  0.00000000E+00  2.11608711E-02  1.19201297E-01
  0.00000000E+00  7.40962000E-01  1.26484807E+00 -3.77587469E-02  9.57070604E-01  0.00000000E+00  2.11456883E-02  1.19241772E-01
  0.00000000E+00  7.42016000E-01  1.26521694E+00 -3.76624251E-02  9.55903314E-01  0.00000000E+00  2.11300367E-02  1.19281919E-01
  0.00000000E+00  7.43070000E-01  1.26558006E+00 -3.75658870E-02  9.54735713E-01  0.00000000E+00  2.11139156E-02  1.19321734E-01
  0.00000000E+00  7.44124000E-01  1.26593740E+00 -3.74691307E-02  9.53567782E-01  0.00000000E+00  2.10973239E-02  1.19361214E-01
  0.00000000E+00  7.45178000E-01  1.26628895E+00 -3.73721539E-02  9.52399487E-01  0.00000000E+00  2.10802609E-02  1.19400352E-01
  0.00000000E+00  7.46232000E-01  1.26663471E+00 -3.72749544E-02  9.51230791E-01  0.00000000E+00  2.10627257E-02  1.19439146E-01
  0.00000000E+00  7.47286000E-01  1.26697464E+00 -3.71775302E-02  9.50061653E-01  0.00000000E+00  2.10447173E-02  1.19477590E-01
  0.00000000E+00  7.48340000E-01  1.26730875E+00 -3.70798792E-02  9.48892033E-01  0.00000000E+00  2.10262350E-02  1.19515680E-01
  0.00000000E+00  7.49394000E-01  1.26763701E+00 -3.69820000E-02  9.47721903E-01  0.00000000E+00  2.10072779E-02  1.19553412E-01
  0.00000000E+00  7.50448000E-01  1.26795940E+00 -3.68838915E-02  9.46551247E-01  0.00000000E+00  2.09878451E-02  1.19590780E-01
  0.00000000E+00  7.51502000E-01  1.26827590E+00 -3.67855536E-02  9.45380067E-01  0.00000000E+00  2.09679359E-02  1.19627780E-01
  0.00000000E+00  7.52556000E-01  1.26858649E+00 -3.66869868E-02  9.44208390E-01  0.00000000E+00  2.09475495E-02  1.19664409E-01
  0.00000000E+00  7.53610000E-01  1.26889114E+00 -3.65881928E-02  9.43036270E-01  0.00000000E+00  2.09266850E-02  1.19700660E-01
  0.00000000E+00  7.54664000E-01  1.26918980E+00 -3.64891743E-02  9.41863799E-01  0.00000000E+00  2.09053417E-02  1.19736531E-01
  0.00000000E+00  7.55718000E-01  1.26948245E+00 -3.63899354E-02  9.40691104E-01  0.00000000E+00  2.08835188E-02  1.19772015E-01
  0.00000000E+00  7.56772000E-01  1.26976904E+00 -3.62904818E-02  9.39518361E-01  0.00000000E+00  2.08612156E-02  1.19807108E-01
  0.00000000E+00  7.57826000E-01  1.27004950E+00 -3.61908207E-02  9.38345792E-01  0.00000000E+00  2.08384313E-02  1.19841807E-01
  0.00000000E+00  7.58880000E-01  1.27032379E+00 -3.60909613E-02  9.37173676E-01  0.00000000E+00  2.08151653E-02  1.19876105E-01
  0.00000000E+00  7.59934000E-01  1.27059215E+00 -3.59908350E-02  9.35999806E-01  0.00000000E+00  2.07914169E-02  1.19909998E-01
  0.00000000E+00  7.60988000E-01  1.27085447E+00 -3.58904379E-02  9.34824821E-01  0.00000000E+00  2.07671852E-02  1.19943483E-01
  0.00000000E+00  7.62042000E-01  1.27111055E+00 -3.57898094E-02  9.33650107E-01  0.00000000E+00  2.07424694E-02  1.19976554E-01
  0.00000000E+00  7.63096000E-01  1.27136039E+00 -3.56889460E-02  9.32475479E-01  0.00000000E+00  2.07172690E-02  1.20009207E-01
  0.00000000E+00  7.64150000E-01  1.27160398E+00 -3.55878450E-02  9.31300789E-01  0.00000000E+00  2.06915833E-02  1.20041436E-01
  0.00000000E+00  7.65204000E-01  1.27184131E+00 -3.54865039E-02  9.30125928E-01  0.00000000E+00  2.06654117E-02  1.20073238E-01
  0.00000000E+00  7.66258000E-01  1.27207235E+00 -3.53849210E-02  9.28950816E-01  0.00000000E+00  2.06387535E-02  1.20104607E-01
  0.00000000E+00  7.67312000E-01  1.27229709E+00 -3.52830948E-02  9.27775402E-01  0.00000000E+00  2.06116084E-02  1.20135537E-01
  0.00000000E+00  7.68366000E-01  1.27251550E+00 -3.51810240E-02  9.26599662E-01  0.00000000E+00  2.05839757E-02  1.20166025E-01
  0.00000000E+00  7.69420000E-01  1.27272755E+00 -3.50787079E-02  9.25423591E-01  0.00000000E+00  2.05558548E-02  1.20196064E-01
  0.00000000E+00  7.70474000E-01  1.27293320E+00 -3.49761454E-02  9.24247201E-01  0.00000000E+00  2.05272454E-02  1.20225649E-01
  0.00000000E+00  7.71528000E-01  1.27313241E+00 -3.48733360E-02  9.23070519E-01  0.00000000E+00  2.04981469E-02  1.20254776E-01
  0.00000000E+00  7.72582000E-01  1.27332515E+00 -3.47702787E-02  9.21893581E-01  0.00000000E+00  2.04685590E-02  1.20283439E-01
  0.00000000E+00  7.73636000E-01  1.27351137E+00 -3.46669728E-02  9.20716430E-01  0.00000000E+00  2.04384811E-02  1.20311633E-01
  0.00000000E+00  7.74690000E-01  1.27369103E+00 -3.45634169E-02  9.19539110E-01  0.00000000E+00  2.04079129E-02  1.20339351E-01
  0.00000000E+00  7.75744000E-01  1.27386409E+00 -3.44596099E-02  9.18361666E-01  0.00000000E+00  2.03768541E-02  1.20366589E-01
  0.00000000E+00  7.76798000E-01  1.27403051E+00 -3.43555498E-02  9.17184136E-01  0.00000000E+00  2.03453044E-02  1.20393340E-01
  0.00000000E+00  7.77852000E-01  1.27419024E+00 -3.42512344E-02  9.16006549E-01  0.00000000E+00  2.03132635E-02  1.20419599E-01
  0.00000000E+00  7.78906000E-01  1.27434323E+00 -3.41466611E-02  9.14828926E-01  0.00000000E+00  2.02807311E-02  1.20445359E-01
  0.00000000E+00  7.79960000E-01  1.27448945E+00 -3.40418263E-02  9.13651266E-01  0.00000000E+00  2.02477071E-02  1.20470614E-01
  0.00000000E+00  7.81014000E-01  1.27462886E+00 -3.39367260E-02  9.12473553E-01  0.00000000E+00  2.02141914E-02  1.20495357E-01
  0.00000000E+00  7.82068000E-01  1.27476142E+00 -3.38313554E-02  9.11295745E-01  0.00000000E+00  2.01801839E-02  1.20519583E-01
  0.00000000E+00  7.83122000E-01  1.27488709E+00 -3.37257086E-02  9.10117774E-01  0.00000000E+00  2.01456844E-02  1.20543284E-01
  0.00000000E+00  7.84176000E-01  1.27500584E+00 -3.36197790E-02  9.08939541E-01  0.00000000E+00  2.01106931E-02  1.20566454E-01
  0.00000000E+00  7.85230000E-01  1.27511764E+00 -3.35135588E-02  9.07760912E-01  0.00000000E+00  2.00752100E-02  1.20589084E-01
  0.00000000E+00  7.86284000E-01  1.27522247E+00 -3.34070391E-02  9.06581716E-01  0.00000000E+00  2.00392352E-02  1.20611169E-01
  0.00000000E+00  7.87338000E-01  1.27532017E+00 -3.33002333E-02  9.05402706E-01  0.00000000E+00  2.00027691E-02  1.20632698E-01
  0.00000000E+00  7.88392000E-01  1.27541055E+00 -3.31931864E-02  9.04225016E-01  0.00000000E+00  1.99658118E-02  1.20653665E-01
  0.00000000E+00  7.89446000E-01  1.27549384E+00 -3.30858588E-02  9.03046816E-01  0.00000000E+00  1.99283637E-02  1.20674061E-01
  0.00000000E+00  7.90500000E-01  1.27556994E+00 -3.29782480E-02  9.01868274E-01  0.00000000E+00  1.98904251E-02  1.20693878E-01
  0.00000000E+00  7.91554000E-01  1.27563876E+00 -3.28703510E-02  9.00689527E-01  0.00000000E+00  1.98519966E-02  1.20713106E-01
  0.00000000E+00  7.92608000E-01  1.27570024E+00 -3.27621643E-02  8.99510683E-01  0.00000000E+00  1.98130787E-02  1.20731736E-01
  0.00000000E+00  7.93662000E-01  1.27575429E+00 -3.26536842E-02  8.98331828E-01  0.00000000E+00  1.97736721E-02  1.20749758E-01
  0.00000000E+00  7.94716000E-01  1.27580085E+00 -3.25449070E-02  8.97153023E-01  0.00000000E+00  1.97337775E-02  1.20767161E-01
  0.00000000E+00  7.95770000E-01  1.27583984E+00 -3.24358284E-02  8.95974310E-01  0.00000000E+00  1.96933957E-02  1.20783936E-01
  0.00000000E+00  7.96824000E-01  1.27587120E+00 -3.23264442E-02  8.94795717E-01  0.00000000E+00  1.96525276E-02  1.20800071E-01
  0.00000000E+00  7.97878000E-01  1.27589487E+00 -3.22167501E-02  8.93617255E-01  0.00000000E+00  1.96111744E-02  1.20815554E-01
  0.00000000E+00  7.98932000E-01  1.27591078E+00 -3.21067417E-02  8.92438927E-01  0.00000000E+00  1.95693370E-02  1.20830374E-01
  0.00000000E+00  7.99986000E-01  1.27591886E+00 -3.19964145E-02  8.91260725E-01  0.00000000E+00  1.95270167E-02  1.20844517E-01
  0.00000000E+00  8.01040000E-01  1.27591906E+00 -3.18857644E-02  8.90082638E-01  0.00000000E+00  1.94842149E-02  1.20857971E-01
  0.00000000E+00  8.02094000E-01  1.27591130E+00 -3.17747869E-02  8.88904652E-01  0.00000000E+00  1.94409331E-02  1.20870721E-01
  0.00000000E+00  8.03148000E-01  1.27589551E+00 -3.16634780E-02  8.87726752E-01  0.00000000E+00  1.93971729E-02  1.20882753E-01
  0.00000000E+00  8.04202000E-01  1.27587162E+00 -3.15518338E-02  8.86548927E-01  0.00000000E+00  1.93529360E-02  1.20894051E-01
  0.00000000E+00  8.05256000E-01  1.27583957E+00 -3.14398506E-02  8.85371173E-01  0.00000000E+00  1.93082243E-02  1.20904600E-01
  0.00000000E+00  8.06310000E-01  1.27579926E+00 -3.13275251E-02  8.84193493E-01  0.00000000E+00  1.92630399E-02  1.20914383E-01
  0.00000000E+00  8.07364000E-01  1.27575061E+00 -3.12148541E-02  8.83015902E-01  0.00000000E+00  1.92173850E-02  1.20923381E-01
  0.00000000E+00  8.08418000E-01  1.27569354E+00 -3.11018351E-02  8.81838430E-01  0.00000000E+00  1.91712619E-02  1.20931576E-01
  0.00000000E+00  8.09472000E-01  1.27562794E+00 -3.09884659E-02  8.80661124E-01  0.00000000E+00  1.91246732E-02  1.20938948E-01
  0.00000000E+00  8.10526000E-01  1.27555372E+00 -3.08747447E-02  8.79484051E-01  0.00000000E+00  1.90776216E-02  1.20945477E-01
  0.00000000E+00  8.11580000E-01  1.27547076E+00 -3.07606702E-02  8.78307299E-01  0.00000000E+00  1.90301100E-02  1.20951142E-01
  0.00000000E+00  8.12634000E-01  1.27537895E+00 -3.06462421E-02  8.77130984E-01  0.00000000E+00  1.89821415E-02  1.20955919E-01
  0.00000000E+00  8.13688000E-01  1.27527816E+00 -3.05314601E-02  8.75955249E-01  0.00000000E+00  1.89337194E-02  1.20959786E-01
  0.00000000E+00  8.14742000E-01  1.27516825E+00 -3.04163235E-02  8.74780187E-01  0.00000000E+00  1.88848473E-02  1.20962716E-01
  0.00000000E+00  8.15796000E-01  1.27504949E+00 -3.03007707E-02  8.73603687E-01  0.00000000E+00  1.88355292E-02  1.20964682E-01
  0.00000000E+00  8.16850000E-01  1.27492142E+00 -3.01848226E-02  8.72427913E-01  0.00000000E+00  1.87857686E-02  1.20965659E-01
  0.00000000E+00  8.17904000E-01  1.27478394E+00 -3.00684752E-02  8.71252739E-01  0.00000000E+00  1.87355700E-02  1.20965618E-01
  0.00000000E+00  8.18958000E-01  1.27463698E+00 -2.99517241E-02  8.70078068E-01  0.00000000E+00  1.86849378E-02  1.20964526E-01
  0.00000000E+00  8.20012000E-01  1.27448043E+00 -2.98345649E-02  8.68903824E-01  0.00000000E+00  1.86338770E-02  1.20962352E-01
  0.00000000E+00  8.21066000E-01  1.27431417E+00 -2.97169927E-02  8.67729956E-01  0.00000000E+00  1.85823926E-02  1.20959060E-01
  0.00000000E+00  8.22120000E-01  1.27413809E+00 -2.95990026E-02  8.66556433E-01  0.00000000E+00  1.85304900E-02  1.20954615E-01
  0.00000000E+00  8.23174000E-01  1.27395208E+00 -2.94805892E-02  8.65383240E-01  0.00000000E+00  1.84781749E-02  1.20948980E-01
  0.00000000E+00  8.24228000E-01  1.27375598E+00 -2.93617470E-02  8.64210377E-01  0.00000000E+00  1.84254533E-02  1.20942114E-01
  0.00000000E+00  8.25282000E-01  1.27354968E+00 -2.92424701E-02  8.63037859E-01  0.00000000E+00  1.83723316E-02  1.20933977E-01
  0.00000000E+00  8.26336000E-01  1.27333303E+00 -2.91227523E-02  8.61865709E-01  0.00000000E+00  1.83188166E-02  1.20924525E-01
  0.00000000E+00  8.27390000E-01  1.27310587E+00 -2.90025872E-02  8.60693958E-01  0.00000000E+00  1.82649152E-02  1.20913712E-01
  0.00000000E+00  8.28444000E-01  1.27286806E+00 -2.88819677E-02  8.59522643E-01  0.00000000E+00  1.82106351E-02  1.20901492E-01
  0.00000000E+00  8.29498000E-01  1.27261943E+00 -2.87608868E-02  8.58351805E-01  0.00000000E+00  1.81559841E-02  1.20887812E-01
  0.00000000E+00  8.30552000E-01  1.27235982E+00 -2.86393368E-02  8.57181483E-01  0.00000000E+00  1.81009707E-02  1.20872622E-01
  0.00000000E+00  8.31606000E-01  1.27208906E+00 -2.85173097E-02  8.56011716E-01  0.00000000E+00  1.80456036E-02  1.20855864E-01
  0.00000000E+00  8.32660000E-01  1.27180699E+00 -2.83947971E-02  8.54842539E-01  0.00000000E+00  1.79898922E-02  1.20837481E-01
  0.00000000E+00  8.33714000E-01  1.27151342E+00 -2.82717901E-02  8.53673978E-01  0.00000000E+00  1.79338463E-02  1.20817411E-01
  0.00000000E+00  8.34768000E-01  1.27120818E+00 -2.81482796E-02  8.52506053E-01  0.00000000E+00  1.78774763E-02  1.20795589E-01
  0.00000000E+00  8.35822000E-01  1.27089108E+00 -2.80242558E-02  8.51338770E-01  0.00000000E+00  1.78207931E-02  1.20771949E-01
  0.00000000E+00  8.36876000E-01  1.27056195E+00 -2.78997085E-02  8.50172123E-01  0.00000000E+00  1.77638080E-02  1.20746420E-01
  0.00000000E+00  8.37930000E-01  1.27022058E+00 -2.77746270E-02  8.49006088E-01  0.00000000E+00  1.77065332E-02  1.20718926E-01
  0.00000000E+00  8.38984000E-01  1.26986681E+00 -2.76490001E-02  8.47840623E-01  0.00000000E+00  1.76489812E-02  1.20689391E-01
  0.00000000E+00  8.40038000E-01  1.26950042E+00 -2.75228162E-02  8.46675664E-01  0.00000000E+00  1.75911654E-02  1.20657732E-01
  0.00000000E+00  8.41092000E-01  1.26912125E+00 -2.73960631E-02  8.45511125E-01  0.00000000E+00  1.75330997E-02  1.20623865E-01
  0.00000000E+00  8.42146000E-01  1.26872908E+00 -2.72687279E-02  8.44346893E-01  0.00000000E+00  1.74747986E-02  1.20587700E-01
  0.00000000E+00  8.43200000E-01  1.26832351E+00 -2.71408310E-02  8.43184489E-01  0.00000000E+00  1.74162779E-02  1.20549141E-01
  0.00000000E+00  8.44254000E-01  1.26790439E+00 -2.70123534E-02  8.42022948E-01  0.00000000E+00  1.73575534E-02  1.20508088E-01
  0.00000000E+00  8.45308000E-01  1.26747154E+00 -2.68832755E-02  8.40861885E-01  0.00000000E+00  1.72986422E-02  1.20464437E-01
  0.00000000E+00  8.46362000E-01  1.26702470E+00 -2.67535864E-02  8.39701428E-01  0.00000000E+00  1.72395624E-02  1.20418080E-01
  0.00000000E+00  8.47416000E-01  1.26656360E+00 -2.66232746E-02  8.38541683E-01  0.00000000E+00  1.71803326E-02  1.20368901E-01
  0.00000000E+00  8.48470000E-01  1.26608798E+00 -2.64923282E-02  8.37382738E-01  0.00000000E+00  1.71209728E-02  1.20316783E-01
  0.00000000E+00  8.49524000E-01  1.26559756E+00 -2.63607351E-02  8.36224662E-01  0.00000000E+00  1.70615033E-02  1.20261600E-01
  0.00000000E+00  8.50578000E-01  1.26509205E+00 -2.62284828E-02  8.35067511E-01  0.00000000E+00  1.70019460E-02  1.20203220E-01
  0.00000000E+00  8.51632000E-01  1.26457117E+00 -2.60955583E-02  8.33911328E-01  0.00000000E+00  1.69423234E-02  1.20141507E-01
  0.00000000E+00  8.52686000E-01  1.26403462E+00 -2.59619482E-02  8.32756142E-01  0.00000000E+00  1.68826592E-02  1.20076317E-01
  0.00000000E+00  8.53740000E-01  1.26348210E+00 -2.58276392E-02  8.31601978E-01  0.00000000E+00  1.68229782E-02  1.20007500E-01
  0.00000000E+00  8.54794000E-01  1.26291329E+00 -2.56926173E-02  8.30448851E-01  0.00000000E+00  1.67633065E-02  1.19934900E-01
  0.00000000E+00  8.55848000E-01  1.26232787E+00 -2.55568684E-02  8.29296772E-01  0.00000000E+00  1.67036713E-02  1.19858354E-01
  0.00000000E+00  8.56902000E-01  1.26172550E+00 -2.54203780E-02  8.28145749E-01  0.00000000E+00  1.66441013E-02  1.19777690E-01
  0.00000000E+00  8.57956000E-01  1.26110586E+00 -2.52831316E-02  8.26995792E-01  0.00000000E+00  1.65846262E-02  1.19692732E-01
  0.00000000E+00  8.59010000E-01  1.26046857E+00 -2.51451142E-02  8.25846909E-01  0.00000000E+00  1.65252774E-02  1.19603294E-01
  0.00000000E+00  8.60064000E-01  1.25981328E+00 -2.50063108E-02  8.24699116E-01  0.00000000E+00  1.64660876E-02  1.19509184E-01
  0.00000000E+00  8.61118000E-01  1.25913961E+00 -2.48667061E-02  8.23552430E-01  0.00000000E+00  1.64070911E-02  1.19410200E-01
  0.00000000E+00  8.62172000E-01  1.25844717E+00 -2.47262847E-02  8.22406880E-01  0.00000000E+00  1.63483236E-02  1.19306135E-01
  0.00000000E+00  8.63226000E-01  1.25773557E+00 -2.45850311E-02  8.21262503E-01  0.00000000E+00  1.62898226E-02  1.19196770E-01
  0.00000000E+00  8.64280000E-01  1.25700437E+00 -2.44429294E-02  8.20119348E-01  0.00000000E+00  1.62316271E-02  1.19081882E-01
  0.00000000E+00  8.65334000E-01  1.25625317E+00 -2.42999639E-02  8.18977480E-01  0.00000000E+00  1.61737779E-02  1.18961236E-01
  0.00000000E+00  8.66388000E-01  1.25548150E+00 -2.41561187E-02  8.17836977E-01  0.00000000E+00  1.61163176E-02  1.18834590E-01
  0.00000000E+00  8.67442000E-01  1.25468892E+00 -2.40113778E-02  8.16697939E-01  0.00000000E+00  1.60592905E-02  1.18701692E-01
  0.00000000E+00  8.68496000E-01  1.25387495E+00 -2.38657250E-02  8.15560484E-01  0.00000000E+00  1.60027428E-02  1.18562281E-01
  0.00000000E+00  8.69550000E-01  1.25303909E+00 -2.37191445E-02  8.14424754E-01  0.00000000E+00  1.59467227E-02  1.18416087E-01
  0.00000000E+00  8.70604000E-01  1.25218090E+00 -2.35715969E-02  8.13290116E-01  0.00000000E+00  1.58912793E-02  1.18262850E-01
  0.00000000E+00  8.71658000E-01  1.25129990E+00 -2.34230548E-02  8.12156435E-01  0.00000000E+00  1.58364674E-02  1.18102262E-01
  0.00000000E+00  8.72712000E-01  1.25039549E+00 -2.32735218E-02  8.11024534E-01  0.00000000E+00  1.57823425E-02  1.17934012E-01
  0.00000000E+00  8.73766000E-01  1.24946717E+00 -2.31229768E-02  8.09894371E-01  0.00000000E+00  1.57289603E-02  1.17757812E-01
  0.00000000E+00  8.74820000E-01  1.24851437E+00 -2.29713985E-02  8.08765921E-01  0.00000000E+00  1.56763793E-02  1.17573359E-01
  0.00000000E+00  8.75874000E-01  1.24753654E+00 -2.28187653E-02  8.07639176E-01  0.00000000E+00  1.56246606E-02  1.17380338E-01
  0.00000000E+00  8.76928000E-01  1.24653310E+00 -2.26650558E-02  8.06514139E-01  0.00000000E+00  1.55738679E-02  1.17178422E-01
  0.00000000E+00  8.77982000E-01  1.24550343E+00 -2.25102480E-02  8.05390828E-01  0.00000000E+00  1.55240677E-02  1.16967276E-01
  0.00000000E+00  8.79036000E-01  1.24444693E+00 -2.23543199E-02  8.04269270E-01  0.00000000E+00  1.54753290E-02  1.16746557E-01
  0.00000000E+00  8.80090000E-01  1.24336296E+00 -2.21972495E-02  8.03149503E-01  0.00000000E+00  1.54277234E-02  1.16515912E-01
  0.00000000E+00  8.81144000E-01  1.24225087E+00 -2.20390145E-02  8.02031572E-01  0.00000000E+00  1.53813255E-02  1.16274986E-01
  0.00000000E+00  8.82198000E-01  1.24110998E+00 -2.18795924E-02  8.00915529E-01  0.00000000E+00  1.53362120E-02  1.16023415E-01
  0.00000000E+00  8.83252000E-01  1.23993961E+00 -2.17189608E-02  7.99801432E-01  0.00000000E+00  1.52924626E-02  1.15760836E-01
  0.00000000E+00  8.84306000E-01  1.23873905E+00 -2.15570971E-02  7.98689341E-01  0.00000000E+00  1.52501596E-02  1.15486880E-01
  0.00000000E+00  8.85360000E-01  1.23750759E+00 -2.13939786E-02  7.97579320E-01  0.00000000E+00  1.52093877E-02  1.15201179E-01
  0.00000000E+00  8.86414000E-01  1.23624449E+00 -2.12295825E-02  7.96471432E-01  0.00000000E+00  1.51702343E-02  1.14903365E-01
  0.00000000E+00  8.87468000E-01  1.23494900E+00 -2.10638860E-02  7.95365742E-01  0.00000000E+00  1.51327896E-02  1.14593071E-01
  0.00000000E+00  8.88522000E-01  1.23362033E+00 -2.08968662E-02  7.94262311E-01  0.00000000E+00  1.50971461E-02  1.14269934E-01
  0.00000000E+00  8.89576000E-01  1.23225772E+00 -2.07285003E-02  7.93161197E-01  0.00000000E+00  1.50633991E-02  1.13933593E-01
  0.00000000E+00  8.90630000E-01  1.23086035E+00 -2.05587652E-02  7.92062453E-01  0.00000000E+00  1.50316462E-02  1.13583694E-01
  0.00000000E+00  8.91684000E-01  1.22942741E+00 -2.03876381E-02  7.90966126E-01  0.00000000E+00  1.50019879E-02  1.13219890E-01
  0.00000000E+00  8.92738000E-01  1.22795807E+00 -2.02150961E-02  7.89872255E-01  0.00000000E+00  1.49745272E-02  1.12841838E-01
  0.00000000E+00  8.93792000E-01  1.22645147E+00 -2.00411161E-02  7.88780870E-01  0.00000000E+00  1.49493694E-02  1.12449209E-01
  0.00000000E+00  8.94846000E-01  1.22490676E+00 -1.98656755E-02  7.87691989E-01  0.00000000E+00  1.49266226E-02  1.12041681E-01
  0.00000000E+00  8.95900000E-01  1.22332306E+00 -1.96887512E-02  7.86605619E-01  0.00000000E+00  1.49063973E-02  1.11618945E-01
  0.00000000E+00  8.96954000E-01  1.22169946E+00 -1.95103206E-02  7.85521754E-01  0.00000000E+00  1.48888067E-02  1.11180703E-01
  0.00000000E+00  8.98008000E-01  1.22003508E+00 -1.93303678E-02  7.84440602E-01  0.00000000E+00  1.48739639E-02  1.10726661E-01
  0.00000000E+00  8.99062000E-01  1.21832899E+00 -1.91488958E-02  7.83363014E-01  0.00000000E+00  1.48619786E-02  1.10256623E-01
  0.00000000E+00  9.00116000E-01  1.21658027E+00 -1.89658558E-02  7.82288116E-01  0.00000000E+00  1.48529757E-02  1.09770454E-01
  0.00000000E+00  9.01170000E-01  1.21478800E+00 -1.87812307E-02  7.81216041E-01  0.00000000E+00  1.48470691E-02  1.09267926E-01
  0.00000000E+00  9.02224000E-01  1.21295124E+00 -1.85950046E-02  7.80146911E-01  0.00000000E+00  1.48443746E-02  1.08748864E-01
  0.00000000E+00  9.03278000E-01  1.21106905E+00 -1.84071625E-02  7.79080836E-01  0.00000000E+00  1.48450095E-02  1.08213148E-01
  0.00000000E+00  9.04332000E-01  1.20914050E+00 -1.82176911E-02  7.78017919E-01  0.00000000E+00  1.48490916E-02  1.07660712E-01
  0.00000000E+00  9.05386000E-01  1.20716462E+00 -1.80265782E-02  7.76958255E-01  0.00000000E+00  1.48567388E-02  1.07091545E-01
  0.00000000E+00  9.06440000E-01  1.20514047E+00 -1.78338133E-02  7.75901933E-01  0.00000000E+00  1.48680685E-02  1.06505691E-01
  0.00000000E+00  9.07494000E-01  1.20306712E+00 -1.76393877E-02  7.74849036E-01  0.00000000E+00  1.48831965E-02  1.05903249E-01
  0.00000000E+00  9.08548000E-01  1.20094361E+00 -1.74432946E-02  7.73799641E-01  0.00000000E+00  1.49022371E-02  1.05284374E-01
  0.00000000E+00  9.09602000E-01  1.19876903E+00 -1.72455292E-02  7.72753824E-01  0.00000000E+00  1.49253019E-02  1.04649276E-01
  0.00000000E+00  9.10656000E-01  1.19654246E+00 -1.70460888E-02  7.71711658E-01  0.00000000E+00  1.49524990E-02  1.03998221E-01
  0.00000000E+00  9.11710000E-01  1.19426299E+00 -1.68449731E-02  7.70673214E-01  0.00000000E+00  1.49839331E-02  1.03331533E-01
  0.00000000E+00  9.12764000E-01  1.19192975E+00 -1.66421844E-02  7.69638563E-01  0.00000000E+00  1.50197041E-02  1.02649590E-01
  0.00000000E+00  9.13818000E-01  1.18954187E+00 -1.64377273E-02  7.68607778E-01  0.00000000E+00  1.50599070E-02  1.01952827E-01
  0.00000000E+00  9.14872000E-01  1.18709851E+00 -1.62316095E-02  7.67580931E-01  0.00000000E+00  1.51046306E-02  1.01241738E-01
  0.00000000E+00  9.15926000E-01  1.18459886E+00 -1.60238414E-02  7.66558102E-01  0.00000000E+00  1.51539578E-02  1.00516873E-01
  0.00000000E+00  9.16980000E-01  1.18204213E+00 -1.58144365E-02  7.65539370E-01  0.00000000E+00  1.52079639E-02  9.97788376E-02
  0.00000000E+00  9.18034000E-01  1.17942758E+00 -1.56034116E-02  7.64524823E-01  0.00000000E+00  1.52667168E-02  9.90282985E-02
  0.00000000E+00  9.19088000E-01  1.17675448E+00 -1.53907868E-02  7.63514552E-01  0.00000000E+00  1.53302758E-02  9.82659785E-02
  0.00000000E+00  9.20142000E-01  1.17402216E+00 -1.51765855E-02  7.62508659E-01  0.00000000E+00  1.53986912E-02  9.74926589E-02
  0.00000000E+00  9.21196000E-01  1.17122999E+00 -1.49608351E-02  7.61507251E-01  0.00000000E+00  1.54720037E-02  9.67091797E-02
  0.00000000E+00  9.22250000E-01  1.16837736E+00 -1.47435666E-02  7.60510446E-01  0.00000000E+00  1.55502435E-02  9.59164397E-02
  0.00000000E+00  9.23304000E-01  1.16546374E+00 -1.45248150E-02  7.59518372E-01  0.00000000E+00  1.56334298E-02  9.51153966E-02
  0.00000000E+00  9.24358000E-01  1.16248862E+00 -1.43046193E-02  7.58531171E-01  0.00000000E+00  1.57215704E-02  9.43070677E-02
  0.00000000E+00  9.25412000E-01  1.15945156E+00 -1.40830228E-02  7.57548993E-01  0.00000000E+00  1.58146603E-02  9.34925299E-02
  0.00000000E+00  9.26466000E-01  1.15635211E+00 -1.38600744E-02  7.56570936E-01  0.00000000E+00  1.59126862E-02  9.26727392E-02
  0.00000000E+00  9.27520000E-01  1.15319013E+00 -1.36358493E-02  7.55597984E-01  0.00000000E+00  1.60155858E-02  9.18486268E-02
  0.00000000E+00  9.28574000E-01  1.14996533E+00 -1.34104054E-02  7.54630270E-01  0.00000000E+00  1.61233202E-02  9.10213405E-02
  0.00000000E+00  9.29628000E-01  1.14667751E+00 -1.31838037E-02  7.53667824E-01  0.00000000E+00  1.62358341E-02  9.01920239E-02
  0.00000000E+00  9.30682000E-01  1.14332651E+00 -1.29561105E-02  7.52710684E-01  0.00000000E+00  1.63530538E-02  8.93618131E-02
  0.00000000E+00  9.31736000E-01  1.13991228E+00 -1.27273964E-02  7.51758901E-01  0.00000000E+00  1.64748875E-02  8.85318336E-02
  0.00000000E+00  9.32790000E-01  1.13643482E+00 -1.24977367E-02  7.50812534E-01  0.00000000E+00  1.66012263E-02  8.77031976E-02
  0.00000000E+00  9.33844000E-01  1.13289424E+00 -1.22672112E-02  7.49871647E-01  0.00000000E+00  1.67319443E-02  8.68770010E-02
  0.00000000E+00  9.34898000E-01  1.12929069E+00 -1.20359037E-02  7.48936314E-01  0.00000000E+00  1.68668991E-02  8.60543205E-02
  0.00000000E+00  9.35952000E-01  1.12562443E+00 -1.18039026E-02  7.48006613E-01  0.00000000E+00  1.70059326E-02  8.52362104E-02
  0.00000000E+00  9.37006000E-01  1.12189575E+00 -1.15713002E-02  7.47082623E-01  0.00000000E+00  1.71488713E-02  8.44236999E-02
  0.00000000E+00  9.38060000E-01  1.11810506E+00 -1.13381928E-02  7.46164428E-01  0.00000000E+00  1.72955265E-02  8.36177902E-02
  0.00000000E+00  9.39114000E-01  1.11425280E+00 -1.11046806E-02  7.45252114E-01  0.00000000E+00  1.74456953E-02  8.28194514E-02
  0.00000000E+00  9.40168000E-01  1.11033950E+00 -1.08708676E-02  7.44345765E-01  0.00000000E+00  1.75991610E-02  8.20296198E-02
  0.00000000E+00  9.41222000E-01  1.10636576E+00 -1.06368614E-02  7.43445465E-01  0.00000000E+00  1.77556932E-02  8.12491945E-02
  0.00000000E+00  9.42276000E-01  1.10233223E+00 -1.04027732E-02  7.42551294E-01  0.00000000E+00  1.79150487E-02  8.04790351E-02
  0.00000000E+00  9.43330000E-01  1.09823966E+00 -1.01687177E-02  7.41663330E-01  0.00000000E+00  1.80769718E-02  7.97199582E-02
  0.00000000E+00  9.44384000E-01  1.09408882E+00 -9.93481280E-03  7.40781645E-01  0.00000000E+00  1.82411947E-02  7.89727350E-02
  0.00000000E+00  9.45438000E-01  1.08988059E+00 -9.70117978E-03  7.39906304E-01  0.00000000E+00  1.84074383E-02  7.82380879E-02
  0.00000000E+00  9.46492000E-01  1.08561589E+00 -9.46794296E-03  7.39037365E-01  0.00000000E+00  1.85754126E-02  7.75166877E-02
  0.00000000E+00  9.47546000E-01  1.08129569E+00 -9.23522968E-03  7.38174878E-01  0.00000000E+00  1.87448167E-02  7.68091508E-02
  0.00000000E+00  9.48600000E-01  1.07692105E+00 -9.00317020E-03  7.37318881E-01  0.00000000E+00  1.89153400E-02  7.61160361E-02
  0.00000000E+00  9.49654000E-01  1.07249307E+00 -8.77189756E-03  7.36469402E-01  0.00000000E+00  1.90866622E-02  7.54378422E-02
  0.00000000E+00  9.50708000E-01  1.06801292E+00 -8.54154751E-03  7.35626456E-01  0.00000000E+00  1.92584541E-02  7.47750043E-02
  0.00000000E+00  9.51762000E-01  1.06348182E+00 -8.31225835E-03  7.34790044E-01  0.00000000E+00  1.94303779E-02  7.41278913E-02
  0.00000000E+00  9.52816000E-01  1.05890106E+00 -8.08417087E-03  7.33960152E-01  0.00000000E+00  1.96020875E-02  7.34968029E-02
  0.00000000E+00  9.53870000E-01  1.05427234E+00 -7.85734476E-03  7.33137453E-01  0.00000000E+00  1.97732512E-02  7.28820799E-02
  0.00000000E+00  9.54924000E-01  1.04959662E+00 -7.63191901E-03  7.32321715E-01  0.00000000E+00  1.99435519E-02  7.22840737E-02
  0.00000000E+00  9.55978000E-01  1.04487510E+00 -7.40806331E-03  7.31512617E-01  0.00000000E+00  2.01126341E-02  7.17029550E-02
  0.00000000E+00  9.57032000E-01  1.04010927E+00 -7.18590249E-03  7.30710264E-01  0.00000000E+00  2.02801463E-02  7.11388812E-02
  0.00000000E+00  9.58086000E-01  1.03530068E+00 -6.96556255E-03  7.29914747E-01  0.00000000E+00  2.04457394E-02  7.05919716E-02
  0.00000000E+00  9.59140000E-01  1.03045084E+00 -6.74717018E-03  7.29126138E-01  0.00000000E+00  2.06090670E-02  7.00623091E-02
  0.00000000E+00  9.60194000E-01  1.02556133E+00 -6.53085233E-03  7.28344494E-01  0.00000000E+00  2.07697862E-02  6.95499412E-02
  0.00000000E+00  9.61248000E-01  1.02063370E+00 -6.31673580E-03  7.27569860E-01  0.00000000E+00  2.09275577E-02  6.90548818E-02
  0.00000000E+00  9.62302000E-01  1.01566954E+00 -6.10494676E-03  7.26802268E-01  0.00000000E+00  2.10820471E-02  6.85771123E-02
  0.00000000E+00  9.63356000E-01  1.01067044E+00 -5.89561032E-03  7.26041740E-01  0.00000000E+00  2.12329248E-02  6.81165829E-02
  0.00000000E+00  9.64410000E-01  1.00563800E+00 -5.68885008E-03  7.25288290E-01  0.00000000E+00  2.13798671E-02  6.76732142E-02
  0.00000000E+00  9.65464000E-01  1.00057382E+00 -5.48478772E-03  7.24541923E-01  0.00000000E+00  2.15225562E-02  6.72468986E-02
  0.00000000E+00  9.66518000E-01  9.95479513E-01 -5.28354252E-03  7.23802639E-01  0.00000000E+00  2.16606812E-02  6.68375013E-02
  0.00000000E+00  9.67572000E-01  9.90356708E-01 -5.08523092E-03  7.23070434E-01  0.00000000E+00  2.17939388E-02  6.64448619E-02
  0.00000000E+00  9.68626000E-01  9.85207024E-01 -4.88996612E-03  7.22345302E-01  0.00000000E+00  2.19220331E-02  6.60687961E-02
  0.00000000E+00  9.69680000E-01  9.80032090E-01 -4.69785759E-03  7.21627233E-01  0.00000000E+00  2.20446773E-02  6.57090963E-02
  0.00000000E+00  9.70734000E-01  9.74833534E-01 -4.50901064E-03  7.20916220E-01  0.00000000E+00  2.21615930E-02  6.53655336E-02
  0.00000000E+00  9.71788000E-01  9.69612987E-01 -4.32352600E-03  7.20212256E-01  0.00000000E+00  2.22725120E-02  6.50378590E-02
  0.00000000E+00  9.72842000E-01  9.64372080E-01 -4.14149934E-03  7.19515339E-01  0.00000000E+00  2.23771759E-02  6.47258043E-02
  0.00000000E+00  9.73896000E-01  9.59112439E-01 -3.96302085E-03  7.18825471E-01  0.00000000E+00  2.24753372E-02  6.44290843E-02
  0.00000000E+00  9.74950000E-01  9.53835693E-01 -3.78817478E-03  7.18142659E-01  0.00000000E+00  2.25667599E-02  6.41473974E-02
  0.00000000E+00  9.76004000E-01  9.48543461E-01 -3.61703901E-03  7.17466919E-01  0.00000000E+00  2.26512195E-02  6.38804272E-02
  0.00000000E+00  9.77058000E-01  9.43237360E-01 -3.44968460E-03  7.16798277E-01  0.00000000E+00  2.27285044E-02  6.36278441E-02
  0.00000000E+00  9.78112000E-01  9.37919003E-01 -3.28617534E-03  7.16136769E-01  0.00000000E+00  2.27984158E-02  6.33893062E-02
  0.00000000E+00  9.79166000E-01  9.32589990E-01 -3.12656729E-03  7.15482443E-01  0.00000000E+00  2.28607686E-02  6.31644608E-02
  0.00000000E+00  9.80220000E-01  9.27251917E-01 -2.97090834E-03  7.14835361E-01  0.00000000E+00  2.29153920E-02  6.29529459E-02
  0.00000000E+00  9.81274000E-01  9.21905960E-01 -2.81932549E-03  7.14194822E-01  0.00000000E+00  2.29621192E-02  6.27543421E-02
  0.00000000E+00  9.82328000E-01  9.16553149E-01 -2.67199358E-03  7.13560235E-01  0.00000000E+00  2.30007829E-02  6.25682347E-02
  0.00000000E+00  9.83382000E-01  9.11195655E-01 -2.52881900E-03  7.12933074E-01  0.00000000E+00  2.30312549E-02  6.23942820E-02
  0.00000000E+00  9.84436000E-01  9.05834827E-01 -2.38985991E-03  7.12313128E-01  0.00000000E+00  2.30534022E-02  6.22320148E-02
  0.00000000E+00  9.85490000E-01  9.00471999E-01 -2.25516658E-03  7.11700224E-01  0.00000000E+00  2.30671051E-02  6.20809596E-02
  0.00000000E+00  9.86544000E-01  8.95108481E-01 -2.12478170E-03  7.11094219E-01  0.00000000E+00  2.30722562E-02  6.19406357E-02
  0.00000000E+00  9.87598000E-01  8.89745561E-01 -1.99874070E-03  7.10494997E-01  0.00000000E+00  2.30687607E-02  6.18105517E-02
  0.00000000E+00  9.88652000E-01  8.84384498E-01 -1.87707201E-03  7.09902467E-01  0.00000000E+00  2.30565353E-02  6.16902024E-02
  0.00000000E+00  9.89706000E-01  8.79026519E-01 -1.75979738E-03  7.09316560E-01  0.00000000E+00  2.30355081E-02  6.15790656E-02
  0.00000000E+00  9.90760000E-01  8.73672817E-01 -1.64693216E-03  7.08737224E-01  0.00000000E+00  2.30056182E-02  6.14765987E-02
  0.00000000E+00  9.91814000E-01  8.68324547E-01 -1.53848562E-03  7.08164423E-01  0.00000000E+00  2.29668149E-02  6.13822359E-02
  0.00000000E+00  9.92868000E-01  8.62982823E-01 -1.43446119E-03  7.07598130E-01  0.00000000E+00  2.29190576E-02  6.12953842E-02
  0.00000000E+00  9.93922000E-01  8.57648711E-01 -1.33485677E-03  7.07038328E-01  0.00000000E+00  2.28623152E-02  6.12154211E-02
  0.00000000E+00  9.94976000E-01  8.52323231E-01 -1.23966504E-03  7.06485005E-01  0.00000000E+00  2.27965659E-02  6.11416903E-02
  0.00000000E+00  9.96030000E-01  8.47007350E-01 -1.14887371E-03  7.05938147E-01  0.00000000E+00  2.27217963E-02  6.10734994E-02
  0.00000000E+00  9.97084000E-01  8.41701979E-01 -1.06246581E-03  7.05397742E-01  0.00000000E+00  2.26380016E-02  6.10101160E-02
  0.00000000E+00  9.98138000E-01  8.36407972E-01 -9.80419965E-04  7.04863770E-01  0.00000000E+00  2.25451845E-02  6.09507647E-02
  0.00000000E+00  9.99192000E-01  8.31126117E-01 -9.02710688E-04  7.04336203E-01  0.00000000E+00  2.24433554E-02  6.08946238E-02
  0.00000000E+00  1.00024600E+00  8.25857141E-01 -8.29308633E-04  7.03815001E-01  0.00000000E+00  2.23325317E-02  6.08408218E-02
  0.00000000E+00  1.00130000E+00  8.20601696E-01 -7.60180882E-04  7.03300109E-01  0.00000000E+00  2.22127373E-02  6.07884347E-02
  0.00000000E+00  1.00235400E+00  8.15360365E-01 -6.95291212E-04  7.02791452E-01  0.00000000E+00  2.20840023E-02  6.07364820E-02
  0.00000000E+00  1.00340800E+00  8.10133654E-01 -6.34600363E-04  7.02288935E-01  0.00000000E+00  2.19463628E-02  6.06839241E-02
  0.00000000E+00  1.00446200E+00  8.04921987E-01 -5.78066306E-04  7.01792434E-01  0.00000000E+00  2.17998602E-02  6.06296586E-02
  0.00000000E+00  1.00551600E+00  7.99725707E-01 -5.25644512E-04  7.01301799E-01  0.00000000E+00  2.16445410E-02  6.05725172E-02
  0.00000000E+00  1.00657000E+00  7.94545068E-01 -4.77288212E-04  7.00816847E-01  0.00000000E+00  2.14804562E-02  6.05112626E-02
  0.00000000E+00  1.00762400E+00  7.89380236E-01 -4.32948666E-04  7.00337359E-01  0.00000000E+00  2.13076613E-02  6.04445854E-02
  0.00000000E+00  1.00867800E+00  7.84231161E-01 -3.92563750E-04  6.99863234E-01  0.00000000E+00  2.11261993E-02  6.03710793E-02
  0.00000000E+00  1.00973200E+00  7.79097371E-01 -3.55823178E-04  6.99397320E-01  0.00000000E+00  2.09359560E-02  6.02889752E-02
  0.00000000E+00  1.01078600E+00  7.73981795E-01 -3.22858048E-04  6.98936552E-01  0.00000000E+00  2.07373686E-02  6.01970516E-02
  0.00000000E+00  1.01184000E+00  7.68882925E-01 -2.93577704E-04  6.98481076E-01  0.00000000E+00  2.05304068E-02  6.00934122E-02
  0.00000000E+00  1.01289400E+00  7.63799525E-01 -2.67889499E-04  6.98031003E-01  0.00000000E+00  2.03150628E-02  5.99760880E-02
  0.00000000E+00  1.01394800E+00  7.58730561E-01 -2.45698374E-04  6.97586407E-01  0.00000000E+00  2.00913473E-02  5.98430159E-02
  0.00000000E+00  1.01500200E+00  7.53675134E-01 -2.26906415E-04  6.97147333E-01  0.00000000E+00  1.98592853E-02  5.96920169E-02
  0.00000000E+00  1.01605600E+00  7.48632402E-01 -2.11412423E-04  6.96713801E-01  0.00000000E+00  1.96189120E-02  5.95207749E-02
  0.00000000E+00  1.01711000E+00  7.43601517E-01 -1.99111471E-04  6.96285804E-01  0.00000000E+00  1.93702691E-02  5.93268151E-02
  0.00000000E+00  1.01816400E+00  7.38581550E-01 -1.89894454E-04  6.95863318E-01  0.00000000E+00  1.91134005E-02  5.91074821E-02
  0.00000000E+00  1.01921800E+00  7.33571420E-01 -1.83647644E-04  6.95446303E-01  0.00000000E+00  1.88483485E-02  5.88599189E-02
  0.00000000E+00  1.02027200E+00  7.28569824E-01 -1.80252233E-04  6.95034704E-01  0.00000000E+00  1.85751497E-02  5.85810447E-02
  0.00000000E+00  1.02132600E+00  7.23575169E-01 -1.79583874E-04  6.94628460E-01  0.00000000E+00  1.82938310E-02  5.82675340E-02
  0.00000000E+00  1.02238000E+00  7.18585496E-01 -1.81512227E-04  6.94227504E-01  0.00000000E+00  1.80044058E-02  5.79157944E-02
  0.00000000E+00  1.02343400E+00  7.13598411E-01 -1.85900486E-04  6.93831765E-01  0.00000000E+00  1.77068698E-02  5.75219456E-02
  0.00000000E+00  1.02448800E+00  7.08611018E-01 -1.92604919E-04  6.93441177E-01  0.00000000E+00  1.74011973E-02  5.70817973E-02
  0.00000000E+00  1.02554200E+00  7.03619842E-01 -2.01474399E-04  6.93055677E-01  0.00000000E+00  1.70873369E-02  5.65908282E-02
  0.00000000E+00  1.02659600E+00  6.98620762E-01 -2.12349928E-04  6.92675212E-01  0.00000000E+00  1.67652078E-02  5.60441642E-02
  0.00000000E+00  1.02765000E+00  6.93608939E-01 -2.25064171E-04  6.92299741E-01  0.00000000E+00  1.64346960E-02  5.54365571E-02
  0.00000000E+00  1.02870400E+00  6.88578746E-01 -2.39440980E-04  6.91929238E-01  0.00000000E+00  1.60956499E-02  5.47623631E-02
  0.00000000E+00  1.02975800E+00  6.83523695E-01 -2.55294921E-04  6.91563700E-01  0.00000000E+00  1.57478768E-02  5.40155218E-02
  0.00000000E+00  1.03081200E+00  6.78436368E-01 -2.72430799E-04  6.91203143E-01  0.00000000E+00  1.53911388E-02  5.31895347E-02
  0.00000000E+00  1.03186600E+00  6.73308347E-01 -2.90643191E-04  6.90847612E-01  0.00000000E+00  1.50251489E-02  5.22774447E-02
  0.00000000E+00  1.03292000E+00  6.68130141E-01 -3.09715975E-04  6.90497181E-01  0.00000000E+00  1.46495672E-02  5.12718147E-02
  0.00000000E+00  1.03397400E+00  6.62891117E-01 -3.29421860E-04  6.90151958E-01  0.00000000E+00  1.42639968E-02  5.01647075E-02
  0.00000000E+00  1.03502800E+00  6.57579433E-01 -3.49521932E-04  6.89812088E-01  0.00000000E+00  1.38679801E-02  4.89476650E-02
  0.00000000E+00  1.03608200E+00  6.52181963E-01 -3.69765189E-04  6.89477757E-01  0.00000000E+00  1.34609952E-02  4.76116890E-02
  0.00000000E+00  1.03713600E+00  6.46671267E-01 -3.89614777E-04  6.89146026E-01  0.00000000E+00  1.30424514E-02  4.61452679E-02
  0.00000000E+00  1.03819000E+00  6.41022664E-01 -4.09035408E-04  6.88821445E-01  0.00000000E+00  1.26114616E-02  4.45379329E-02
  0.00000000E+00  1.03924400E+00  6.35207235E-01 -4.27378365E-04  6.88501185E-01  0.00000000E+00  1.21670545E-02  4.27786197E-02
  0.00000000E+00  1.04029800E+00  6.29185578E-01 -4.44237572E-04  6.88185955E-01  0.00000000E+00  1.17080881E-02  4.08551232E-02
  0.00000000E+00  1.04135200E+00  6.22906392E-01 -4.59174488E-04  6.87877116E-01  0.00000000E+00  1.12331769E-02  3.87545009E-02
  0.00000000E+00  1.04240600E+00  6.16302683E-01 -4.71369460E-04  6.87572634E-01  0.00000000E+00  1.07406557E-02  3.64632626E-02
  0.00000000E+00  1.04346000E+00  6.09283819E-01 -4.80262559E-04  6.87274559E-01  0.00000000E+00  1.02285263E-02  3.39674406E-02
  0.00000000E+00  1.04451400E+00  6.01723604E-01 -4.84864959E-04  6.86982462E-01  0.00000000E+00  9.69436781E-03  3.12530752E-02
  0.00000000E+00  1.04556800E+00  5.93440154E-01 -4.83962121E-04  6.86696538E-01  0.00000000E+00  9.13527137E-03  2.83068143E-02
  0.00000000E+00  1.04662200E+00  5.84159611E-01 -4.76103758E-04  6.86417806E-01  0.00000000E+00  8.54774747E-03  2.51174190E-02
  0.00000000E+00  1.04767600E+00  5.73446669E-01 -4.59240999E-04  6.86146919E-01  0.00000000E+00  7.92771047E-03  2.16783124E-02
  0.00000000E+00  1.04873000E+00  5.60560017E-01 -4.30611452E-04  6.85885198E-01  0.00000000E+00  7.27058357E-03  1.79930846E-02
  0.00000000E+00  1.04978400E+00  5.44112244E-01 -3.86312416E-04  6.85634727E-01  0.00000000E+00  6.57163930E-03  1.40870041E-02
  0.00000000E+00  1.05083800E+00  5.21146460E-01 -3.21023153E-04  6.85399245E-01  0.00000000E+00  5.82586806E-03  1.00323083E-02
  0.00000000E+00  1.05189200E+00  4.83960707E-01 -2.28126268E-04  6.85186368E-01  0.00000000E+00  5.01432851E-03  6.00316419E-03
  0.00000000E+00  1.05294600E+00  4.02957016E-01 -1.05250852E-04  6.85014195E-01  0.00000000E+00  3.88040480E-03  2.37098486E-03
  0.00000000E+00  1.05400000E+00  1.29763289E-05  2.05502656E-11  6.84944261E-01  0.00000000E+00  1.14374329E-11  2.19711763E-11
