               X               Y            VELX            VELY            PRES            TEMP            PS 1            PS 2  1.26100000E+01
 -5.00000000E-01  1.93500000E+00 -8.65489181E-01 -1.06674028E-13  1.30608524E+00  0.00000000E+00  4.56290955E-02  1.38069936E-02
 -5.00000000E-01  1.93523500E+00 -8.68170116E-01 -1.76724873E-04  1.30605481E+00  0.00000000E+00  4.56397037E-02  1.42330076E-02
 -5.00000000E-01  1.93547000E+00 -8.70814756E-01 -3.53566372E-04  1.30602287E+00  0.00000000E+00  4.56699433E-02  1.46669120E-02
 -5.00000000E-01  1.93570500E+00 -8.73422877E-01 -5.30454946E-04  1.30598942E+00  0.00000000E+00  4.57176625E-02  1.51086175E-02
 -5.00000000E-01  1.93594000E+00 -8.75994380E-01 -7.07325903E-04  1.30595446E+00  0.00000000E+00  4.57808803E-02  1.55580323E-02
 -5.00000000E-01  1.93617500E+00 -8.78529283E-01 -8.84119069E-04  1.30591800E+00  0.00000000E+00  4.58577760E-02  1.60150620E-02
 -5.00000000E-01  1.93641000E+00 -8.81027704E-01 -1.06077847E-03  1.30588006E+00  0.00000000E+00  4.59466785E-02  1.64796105E-02
 -5.00000000E-01  1.93664500E+00 -8.83489851E-01 -1.23725205E-03  1.30584063E+00  0.00000000E+00  4.60460563E-02  1.69515804E-02
 -5.00000000E-01  1.93688000E+00 -8.85916016E-01 -1.41349133E-03  1.30579976E+00  0.00000000E+00  4.61545081E-02  1.74308729E-02
 -5.00000000E-01  1.93711500E+00 -8.88306559E-01 -1.58945122E-03  1.30575745E+00  0.00000000E+00  4.62707539E-02  1.79173885E-02
 -5.00000000E-01  1.93735000E+00 -8.90661904E-01 -1.76508970E-03  1.30571373E+00  0.00000000E+00  4.63936261E-02  1.84110272E-02
 -5.00000000E-01  1.93758500E+00 -8.92982529E-01 -1.94036764E-03  1.30566862E+00  0.00000000E+00  4.65220618E-02  1.89116886E-02
 -5.00000000E-01  1.93782000E+00 -8.95268956E-01 -2.11524853E-03  1.30562216E+00  0.00000000E+00  4.66550947E-02  1.94192725E-02
 -5.00000000E-01  1.93805500E+00 -8.97521747E-01 -2.28969830E-03  1.30557436E+00  0.00000000E+00  4.67918485E-02  1.99336786E-02
 -5.00000000E-01  1.93829000E+00 -8.99741497E-01 -2.46368514E-03  1.30552525E+00  0.00000000E+00  4.69315292E-02  2.04548071E-02
 -5.00000000E-01  1.93852500E+00 -9.01928825E-01 -2.63717931E-03  1.30547487E+00  0.00000000E+00  4.70734194E-02  2.09825588E-02
 -5.00000000E-01  1.93876000E+00 -9.04084371E-01 -2.81015295E-03  1.30542325E+00  0.00000000E+00  4.72168717E-02  2.15168351E-02
 -5.00000000E-01  1.93899500E+00 -9.06208793E-01 -2.98257999E-03  1.30537040E+00  0.00000000E+00  4.73613035E-02  2.20575383E-02
 -5.00000000E-01  1.93923000E+00 -9.08302756E-01 -3.15443593E-03  1.30531637E+00  0.00000000E+00  4.75061913E-02  2.26045716E-02
 -5.00000000E-01  1.93946500E+00 -9.10366936E-01 -3.32569779E-03  1.30526118E+00  0.00000000E+00  4.76510659E-02  2.31578392E-02
 -5.00000000E-01  1.93970000E+00 -9.12402009E-01 -3.49634394E-03  1.30520487E+00  0.00000000E+00  4.77955075E-02  2.37172465E-02
 -5.00000000E-01  1.93993500E+00 -9.14408652E-01 -3.66635399E-03  1.30514745E+00  0.00000000E+00  4.79391417E-02  2.42826999E-02
 -5.00000000E-01  1.94017000E+00 -9.16387539E-01 -3.83570874E-03  1.30508897E+00  0.00000000E+00  4.80816353E-02  2.48541072E-02
 -5.00000000E-01  1.94040500E+00 -9.18339339E-01 -4.00439004E-03  1.30502944E+00  0.00000000E+00  4.82226927E-02  2.54313773E-02
 -5.00000000E-01  1.94064000E+00 -9.20264714E-01 -4.17238074E-03  1.30496891E+00  0.00000000E+00  4.83620520E-02  2.60144205E-02
 -5.00000000E-01  1.94087500E+00 -9.22164316E-01 -4.33966458E-03  1.30490739E+00  0.00000000E+00  4.84994826E-02  2.66031483E-02
 -5.00000000E-01  1.94111000E+00 -9.24038785E-01 -4.50622618E-03  1.30484491E+00  0.00000000E+00  4.86347814E-02  2.71974736E-02
 -5.00000000E-01  1.94134500E+00 -9.25888752E-01 -4.67205094E-03  1.30478150E+00  0.00000000E+00  4.87677709E-02  2.77973103E-02
 -5.00000000E-01  1.94158000E+00 -9.27714831E-01 -4.83712500E-03  1.30471719E+00  0.00000000E+00  4.88982961E-02  2.84025738E-02
 -5.00000000E-01  1.94181500E+00 -9.29517626E-01 -5.00143521E-03  1.30465201E+00  0.00000000E+00  4.90262228E-02  2.90131807E-02
 -5.00000000E-01  1.94205000E+00 -9.31297724E-01 -5.16496906E-03  1.30458598E+00  0.00000000E+00  4.91514351E-02  2.96290487E-02
 -5.00000000E-01  1.94228500E+00 -9.33055700E-01 -5.32771466E-03  1.30451912E+00  0.00000000E+00  4.92738340E-02  3.02500966E-02
 -5.00000000E-01  1.94252000E+00 -9.34792112E-01 -5.48966070E-03  1.30445147E+00  0.00000000E+00  4.93933353E-02  3.08762445E-02
 -5.00000000E-01  1.94275500E+00 -9.36507504E-01 -5.65079644E-03  1.30438305E+00  0.00000000E+00  4.95098687E-02  3.15074133E-02
 -5.00000000E-01  1.94299000E+00 -9.38202406E-01 -5.81111168E-03  1.30431388E+00  0.00000000E+00  4.96233756E-02  3.21435252E-02
 -5.00000000E-01  1.94322500E+00 -9.39877333E-01 -5.97059672E-03  1.30424398E+00  0.00000000E+00  4.97338088E-02  3.27845030E-02
 -5.00000000E-01  1.94346000E+00 -9.41532786E-01 -6.12924235E-03  1.30417340E+00  0.00000000E+00  4.98411310E-02  3.34302706E-02
 -5.00000000E-01  1.94369500E+00 -9.43169253E-01 -6.28703983E-03  1.30410214E+00  0.00000000E+00  4.99453136E-02  3.40807529E-02
 -5.00000000E-01  1.94393000E+00 -9.44787207E-01 -6.44398089E-03  1.30403023E+00  0.00000000E+00  5.00463365E-02  3.47358751E-02
 -5.00000000E-01  1.94416500E+00 -9.46387111E-01 -6.60005769E-03  1.30395770E+00  0.00000000E+00  5.01441867E-02  3.53955637E-02
 -5.00000000E-01  1.94440000E+00 -9.47969412E-01 -6.75526278E-03  1.30388457E+00  0.00000000E+00  5.02388580E-02  3.60597455E-02
 -5.00000000E-01  1.94463500E+00 -9.49534547E-01 -6.90958916E-03  1.30381087E+00  0.00000000E+00  5.03303503E-02  3.67283480E-02
 -5.00000000E-01  1.94487000E+00 -9.51082942E-01 -7.06303017E-03  1.30373661E+00  0.00000000E+00  5.04186689E-02  3.74012994E-02
 -5.00000000E-01  1.94510500E+00 -9.52615010E-01 -7.21557952E-03  1.30366182E+00  0.00000000E+00  5.05038243E-02  3.80785285E-02
 -5.00000000E-01  1.94534000E+00 -9.54131153E-01 -7.36723125E-03  1.30358653E+00  0.00000000E+00  5.05858313E-02  3.87599644E-02
 -5.00000000E-01  1.94557500E+00 -9.55631761E-01 -7.51797972E-03  1.30351075E+00  0.00000000E+00  5.06647088E-02  3.94455370E-02
 -5.00000000E-01  1.94581000E+00 -9.57117215E-01 -7.66781954E-03  1.30343450E+00  0.00000000E+00  5.07404790E-02  4.01351766E-02
 -5.00000000E-01  1.94604500E+00 -9.58587883E-01 -7.81674559E-03  1.30335781E+00  0.00000000E+00  5.08131675E-02  4.08288139E-02
 -5.00000000E-01  1.94628000E+00 -9.60044119E-01 -7.96475293E-03  1.30328068E+00  0.00000000E+00  5.08828021E-02  4.15263803E-02
 -5.00000000E-01  1.94651500E+00 -9.61486267E-01 -8.11183679E-03  1.30320315E+00  0.00000000E+00  5.09494125E-02  4.22278077E-02
 -5.00000000E-01  1.94675000E+00 -9.62914656E-01 -8.25799249E-03  1.30312522E+00  0.00000000E+00  5.10130300E-02  4.29330285E-02
 -5.00000000E-01  1.94698500E+00 -9.64329602E-01 -8.40321541E-03  1.30304691E+00  0.00000000E+00  5.10736864E-02  4.36419758E-02
 -5.00000000E-01  1.94722000E+00 -9.65731401E-01 -8.54750093E-03  1.30296823E+00  0.00000000E+00  5.11314133E-02  4.43545833E-02
 -5.00000000E-01  1.94745500E+00 -9.67120336E-01 -8.69084432E-03  1.30288919E+00  0.00000000E+00  5.11862416E-02  4.50707857E-02
 -5.00000000E-01  1.94769000E+00 -9.68496743E-01 -8.83324734E-03  1.30280986E+00  0.00000000E+00  5.12382099E-02  4.57905332E-02
 -5.00000000E-01  1.94792500E+00 -9.69860914E-01 -8.97470481E-03  1.30273023E+00  0.00000000E+00  5.12873559E-02  4.65137214E-02
 -5.00000000E-01  1.94816000E+00 -9.71213114E-01 -9.11521259E-03  1.30265033E+00  0.00000000E+00  5.13337168E-02  4.72402899E-02
 -5.00000000E-01  1.94839500E+00 -9.72553613E-01 -9.25476789E-03  1.30257015E+00  0.00000000E+00  5.13773308E-02  4.79701822E-02
 -5.00000000E-01  1.94863000E+00 -9.73882671E-01 -9.39336812E-03  1.30248971E+00  0.00000000E+00  5.14182366E-02  4.87033391E-02
 -5.00000000E-01  1.94886500E+00 -9.75200542E-01 -9.53101085E-03  1.30240904E+00  0.00000000E+00  5.14564732E-02  4.94396992E-02
 -5.00000000E-01  1.94910000E+00 -9.76507472E-01 -9.66769381E-03  1.30232814E+00  0.00000000E+00  5.14920795E-02  5.01791991E-02
 -5.00000000E-01  1.94933500E+00 -9.77803700E-01 -9.80341491E-03  1.30224704E+00  0.00000000E+00  5.15250946E-02  5.09217739E-02
 -5.00000000E-01  1.94957000E+00 -9.79089458E-01 -9.93817222E-03  1.30216574E+00  0.00000000E+00  5.15555575E-02  5.16673578E-02
 -5.00000000E-01  1.94980500E+00 -9.80364972E-01 -1.00719639E-02  1.30208427E+00  0.00000000E+00  5.15835074E-02  5.24158841E-02
 -5.00000000E-01  1.95004000E+00 -9.81630463E-01 -1.02047884E-02  1.30200263E+00  0.00000000E+00  5.16089830E-02  5.31672857E-02
 -5.00000000E-01  1.95027500E+00 -9.82886143E-01 -1.03366442E-02  1.30192084E+00  0.00000000E+00  5.16320232E-02  5.39214954E-02
 -5.00000000E-01  1.95051000E+00 -9.84132220E-01 -1.04675299E-02  1.30183892E+00  0.00000000E+00  5.16526664E-02  5.46784457E-02
 -5.00000000E-01  1.95074500E+00 -9.85368895E-01 -1.05974443E-02  1.30175687E+00  0.00000000E+00  5.16709510E-02  5.54380696E-02
 -5.00000000E-01  1.95098000E+00 -9.86596365E-01 -1.07263864E-02  1.30167471E+00  0.00000000E+00  5.16869150E-02  5.62003005E-02
 -5.00000000E-01  1.95121500E+00 -9.87814821E-01 -1.08543552E-02  1.30159246E+00  0.00000000E+00  5.17005959E-02  5.69650719E-02
 -5.00000000E-01  1.95145000E+00 -9.89024448E-01 -1.09813498E-02  1.30151012E+00  0.00000000E+00  5.17120312E-02  5.77323183E-02
 -5.00000000E-01  1.95168500E+00 -9.90225427E-01 -1.11073696E-02  1.30142772E+00  0.00000000E+00  5.17212577E-02  5.85019745E-02
 -5.00000000E-01  1.95192000E+00 -9.91417934E-01 -1.12324139E-02  1.30134525E+00  0.00000000E+00  5.17283118E-02  5.92739763E-02
 -5.00000000E-01  1.95215500E+00 -9.92602139E-01 -1.13564824E-02  1.30126273E+00  0.00000000E+00  5.17332298E-02  6.00482601E-02
 -5.00000000E-01  1.95239000E+00 -9.93778209E-01 -1.14795746E-02  1.30118017E+00  0.00000000E+00  5.17360471E-02  6.08247630E-02
 -5.00000000E-01  1.95262500E+00 -9.94946306E-01 -1.16016904E-02  1.30109758E+00  0.00000000E+00  5.17367990E-02  6.16034228E-02
 -5.00000000E-01  1.95286000E+00 -9.96106587E-01 -1.17228296E-02  1.30101498E+00  0.00000000E+00  5.17355200E-02  6.23841781E-02
 -5.00000000E-01  1.95309500E+00 -9.97259207E-01 -1.18429921E-02  1.30093238E+00  0.00000000E+00  5.17322444E-02  6.31669682E-02
 -5.00000000E-01  1.95333000E+00 -9.98404315E-01 -1.19621781E-02  1.30084977E+00  0.00000000E+00  5.17270057E-02  6.39517327E-02
 -5.00000000E-01  1.95356500E+00 -9.99542057E-01 -1.20803877E-02  1.30076718E+00  0.00000000E+00  5.17198372E-02  6.47384121E-02
 -5.00000000E-01  1.95380000E+00 -1.00067257E+00 -1.21976212E-02  1.30068462E+00  0.00000000E+00  5.17107715E-02  6.55269472E-02
 -5.00000000E-01  1.95403500E+00 -1.00179601E+00 -1.23138790E-02  1.30060208E+00  0.00000000E+00  5.16998406E-02  6.63172790E-02
 -5.00000000E-01  1.95427000E+00 -1.00291249E+00 -1.24291615E-02  1.30051958E+00  0.00000000E+00  5.16870761E-02  6.71093491E-02
 -5.00000000E-01  1.95450500E+00 -1.00402215E+00 -1.25434693E-02  1.30043714E+00  0.00000000E+00  5.16725091E-02  6.79030991E-02
 -5.00000000E-01  1.95474000E+00 -1.00512511E+00 -1.26568031E-02  1.30035475E+00  0.00000000E+00  5.16561702E-02  6.86984708E-02
 -5.00000000E-01  1.95497500E+00 -1.00622152E+00 -1.27691636E-02  1.30027243E+00  0.00000000E+00  5.16380893E-02  6.94954059E-02
 -5.00000000E-01  1.95521000E+00 -1.00731147E+00 -1.28805516E-02  1.30019018E+00  0.00000000E+00  5.16182960E-02  7.02938460E-02
 -5.00000000E-01  1.95544500E+00 -1.00839510E+00 -1.29909680E-02  1.30010801E+00  0.00000000E+00  5.15968193E-02  7.10937329E-02
 -5.00000000E-01  1.95568000E+00 -1.00947252E+00 -1.31004138E-02  1.30002593E+00  0.00000000E+00  5.15736876E-02  7.18950075E-02
 -5.00000000E-01  1.95591500E+00 -1.01054385E+00 -1.32088901E-02  1.29994394E+00  0.00000000E+00  5.15489289E-02  7.26976110E-02
 -5.00000000E-01  1.95615000E+00 -1.01160919E+00 -1.33163980E-02  1.29986206E+00  0.00000000E+00  5.15225707E-02  7.35014839E-02
 -5.00000000E-01  1.95638500E+00 -1.01266864E+00 -1.34229387E-02  1.29978028E+00  0.00000000E+00  5.14946401E-02  7.43065662E-02
 -5.00000000E-01  1.95662000E+00 -1.01372233E+00 -1.35285137E-02  1.29969863E+00  0.00000000E+00  5.14651636E-02  7.51127976E-02
 -5.00000000E-01  1.95685500E+00 -1.01477035E+00 -1.36331242E-02  1.29961709E+00  0.00000000E+00  5.14341671E-02  7.59201172E-02
 -5.00000000E-01  1.95709000E+00 -1.01581279E+00 -1.37367717E-02  1.29953568E+00  0.00000000E+00  5.14016763E-02  7.67284635E-02
 -5.00000000E-01  1.95732500E+00 -1.01684977E+00 -1.38394577E-02  1.29945441E+00  0.00000000E+00  5.13677164E-02  7.75377747E-02
 -5.00000000E-01  1.95756000E+00 -1.01788137E+00 -1.39411838E-02  1.29937328E+00  0.00000000E+00  5.13323119E-02  7.83479883E-02
 -5.00000000E-01  1.95779500E+00 -1.01890769E+00 -1.40419517E-02  1.29929229E+00  0.00000000E+00  5.12954871E-02  7.91590414E-02
 -5.00000000E-01  1.95803000E+00 -1.01992882E+00 -1.41417631E-02  1.29921145E+00  0.00000000E+00  5.12572657E-02  7.99708709E-02
 -5.00000000E-01  1.95826500E+00 -1.02094485E+00 -1.42406198E-02  1.29913078E+00  0.00000000E+00  5.12176710E-02  8.07834133E-02
 -5.00000000E-01  1.95850000E+00 -1.02195587E+00 -1.43385238E-02  1.29905026E+00  0.00000000E+00  5.11767260E-02  8.15966050E-02
 -5.00000000E-01  1.95873500E+00 -1.02296196E+00 -1.44354768E-02  1.29896991E+00  0.00000000E+00  5.11344530E-02  8.24103824E-02
 -5.00000000E-01  1.95897000E+00 -1.02396322E+00 -1.45314809E-02  1.29888973E+00  0.00000000E+00  5.10908740E-02  8.32246822E-02
 -5.00000000E-01  1.95920500E+00 -1.02495972E+00 -1.46265381E-02  1.29880973E+00  0.00000000E+00  5.10460106E-02  8.40394414E-02
 -5.00000000E-01  1.95944000E+00 -1.02595154E+00 -1.47206506E-02  1.29872991E+00  0.00000000E+00  5.09998838E-02  8.48545979E-02
 -5.00000000E-01  1.95967500E+00 -1.02693877E+00 -1.48138206E-02  1.29865028E+00  0.00000000E+00  5.09525142E-02  8.56700903E-02
 -5.00000000E-01  1.95991000E+00 -1.02792147E+00 -1.49060502E-02  1.29857084E+00  0.00000000E+00  5.09039219E-02  8.64858589E-02
 -5.00000000E-01  1.96014500E+00 -1.02889974E+00 -1.49973416E-02  1.29849159E+00  0.00000000E+00  5.08541273E-02  8.73018309E-02
 -5.00000000E-01  1.96038000E+00 -1.02987364E+00 -1.50876972E-02  1.29841253E+00  0.00000000E+00  5.08031501E-02  8.81179347E-02
 -5.00000000E-01  1.96061500E+00 -1.03084324E+00 -1.51771193E-02  1.29833368E+00  0.00000000E+00  5.07510093E-02  8.89341093E-02
 -5.00000000E-01  1.96085000E+00 -1.03180863E+00 -1.52656105E-02  1.29825503E+00  0.00000000E+00  5.06977237E-02  8.97502884E-02
 -5.00000000E-01  1.96108500E+00 -1.03276986E+00 -1.53531732E-02  1.29817660E+00  0.00000000E+00  5.06433118E-02  9.05664052E-02
 -5.00000000E-01  1.96132000E+00 -1.03372701E+00 -1.54398099E-02  1.29809837E+00  0.00000000E+00  5.05877916E-02  9.13823925E-02
 -5.00000000E-01  1.96155500E+00 -1.03468015E+00 -1.55255231E-02  1.29802036E+00  0.00000000E+00  5.05311809E-02  9.21981828E-02
 -5.00000000E-01  1.96179000E+00 -1.03562934E+00 -1.56103156E-02  1.29794257E+00  0.00000000E+00  5.04734970E-02  9.30137081E-02
 -5.00000000E-01  1.96202500E+00 -1.03657465E+00 -1.56941900E-02  1.29786499E+00  0.00000000E+00  5.04147570E-02  9.38289001E-02
 -5.00000000E-01  1.96226000E+00 -1.03751614E+00 -1.57771490E-02  1.29778765E+00  0.00000000E+00  5.03549775E-02  9.46436901E-02
 -5.00000000E-01  1.96249500E+00 -1.03845389E+00 -1.58591954E-02  1.29771053E+00  0.00000000E+00  5.02941750E-02  9.54580089E-02
 -5.00000000E-01  1.96273000E+00 -1.03938794E+00 -1.59403319E-02  1.29763363E+00  0.00000000E+00  5.02323655E-02  9.62717871E-02
 -5.00000000E-01  1.96296500E+00 -1.04031836E+00 -1.60205614E-02  1.29755697E+00  0.00000000E+00  5.01695646E-02  9.70849548E-02
 -5.00000000E-01  1.96320000E+00 -1.04124522E+00 -1.60998869E-02  1.29748055E+00  0.00000000E+00  5.01057879E-02  9.78974416E-02
 -5.00000000E-01  1.96343500E+00 -1.04216857E+00 -1.61783112E-02  1.29740436E+00  0.00000000E+00  5.00410504E-02  9.87091769E-02
 -5.00000000E-01  1.96367000E+00 -1.04308847E+00 -1.62558373E-02  1.29732841E+00  0.00000000E+00  4.99753668E-02  9.95200895E-02
 -5.00000000E-01  1.96390500E+00 -1.04400498E+00 -1.63324683E-02  1.29725269E+00  0.00000000E+00  4.99087517E-02  1.00330108E-01
 -5.00000000E-01  1.96414000E+00 -1.04491815E+00 -1.64082071E-02  1.29717722E+00  0.00000000E+00  4.98412193E-02  1.01139161E-01
 -5.00000000E-01  1.96437500E+00 -1.04582805E+00 -1.64830569E-02  1.29710200E+00  0.00000000E+00  4.97727835E-02  1.01947175E-01
 -5.00000000E-01  1.96461000E+00 -1.04673472E+00 -1.65570208E-02  1.29702702E+00  0.00000000E+00  4.97034579E-02  1.02754078E-01
 -5.00000000E-01  1.96484500E+00 -1.04763822E+00 -1.66301019E-02  1.29695229E+00  0.00000000E+00  4.96332559E-02  1.03559797E-01
 -5.00000000E-01  1.96508000E+00 -1.04853860E+00 -1.67023034E-02  1.29687780E+00  0.00000000E+00  4.95621905E-02  1.04364259E-01
 -5.00000000E-01  1.96531500E+00 -1.04943593E+00 -1.67736287E-02  1.29680357E+00  0.00000000E+00  4.94902745E-02  1.05167389E-01
 -5.00000000E-01  1.96555000E+00 -1.05033024E+00 -1.68440808E-02  1.29672959E+00  0.00000000E+00  4.94175204E-02  1.05969114E-01
 -5.00000000E-01  1.96578500E+00 -1.05122159E+00 -1.69136632E-02  1.29665586E+00  0.00000000E+00  4.93439406E-02  1.06769358E-01
 -5.00000000E-01  1.96602000E+00 -1.05211004E+00 -1.69823792E-02  1.29658239E+00  0.00000000E+00  4.92695470E-02  1.07568048E-01
 -5.00000000E-01  1.96625500E+00 -1.05299562E+00 -1.70502320E-02  1.29650917E+00  0.00000000E+00  4.91943515E-02  1.08365106E-01
 -5.00000000E-01  1.96649000E+00 -1.05387840E+00 -1.71172252E-02  1.29643620E+00  0.00000000E+00  4.91183654E-02  1.09160459E-01
 -5.00000000E-01  1.96672500E+00 -1.05475841E+00 -1.71833621E-02  1.29636350E+00  0.00000000E+00  4.90416002E-02  1.09954029E-01
 -5.00000000E-01  1.96696000E+00 -1.05563572E+00 -1.72486461E-02  1.29629105E+00  0.00000000E+00  4.89640667E-02  1.10745741E-01
 -5.00000000E-01  1.96719500E+00 -1.05651036E+00 -1.73130808E-02  1.29621886E+00  0.00000000E+00  4.88857758E-02  1.11535517E-01
 -5.00000000E-01  1.96743000E+00 -1.05738238E+00 -1.73766697E-02  1.29614692E+00  0.00000000E+00  4.88067381E-02  1.12323280E-01
 -5.00000000E-01  1.96766500E+00 -1.05825184E+00 -1.74394162E-02  1.29607525E+00  0.00000000E+00  4.87269639E-02  1.13108953E-01
 -5.00000000E-01  1.96790000E+00 -1.05911877E+00 -1.75013239E-02  1.29600384E+00  0.00000000E+00  4.86464632E-02  1.13892457E-01
 -5.00000000E-01  1.96813500E+00 -1.05998322E+00 -1.75623964E-02  1.29593269E+00  0.00000000E+00  4.85652460E-02  1.14673716E-01
 -5.00000000E-01  1.96837000E+00 -1.06084524E+00 -1.76226374E-02  1.29586180E+00  0.00000000E+00  4.84833218E-02  1.15452650E-01
 -5.00000000E-01  1.96860500E+00 -1.06170487E+00 -1.76820503E-02  1.29579117E+00  0.00000000E+00  4.84007002E-02  1.16229180E-01
 -5.00000000E-01  1.96884000E+00 -1.06256215E+00 -1.77406390E-02  1.29572080E+00  0.00000000E+00  4.83173904E-02  1.17003228E-01
 -5.00000000E-01  1.96907500E+00 -1.06341714E+00 -1.77984070E-02  1.29565070E+00  0.00000000E+00  4.82334013E-02  1.17774714E-01
 -5.00000000E-01  1.96931000E+00 -1.06426987E+00 -1.78553581E-02  1.29558085E+00  0.00000000E+00  4.81487417E-02  1.18543559E-01
 -5.00000000E-01  1.96954500E+00 -1.06512038E+00 -1.79114959E-02  1.29551127E+00  0.00000000E+00  4.80634204E-02  1.19309682E-01
 -5.00000000E-01  1.96978000E+00 -1.06596873E+00 -1.79668242E-02  1.29544195E+00  0.00000000E+00  4.79774456E-02  1.20073003E-01
 -5.00000000E-01  1.97001500E+00 -1.06681495E+00 -1.80213467E-02  1.29537289E+00  0.00000000E+00  4.78908255E-02  1.20833441E-01
 -5.00000000E-01  1.97025000E+00 -1.06765908E+00 -1.80750673E-02  1.29530410E+00  0.00000000E+00  4.78035682E-02  1.21590917E-01
 -5.00000000E-01  1.97048500E+00 -1.06850116E+00 -1.81279896E-02  1.29523557E+00  0.00000000E+00  4.77156815E-02  1.22345349E-01
 -5.00000000E-01  1.97072000E+00 -1.06934124E+00 -1.81801176E-02  1.29516730E+00  0.00000000E+00  4.76271730E-02  1.23096656E-01
 -5.00000000E-01  1.97095500E+00 -1.07017936E+00 -1.82314550E-02  1.29509929E+00  0.00000000E+00  4.75380501E-02  1.23844756E-01
 -5.00000000E-01  1.97119000E+00 -1.07101556E+00 -1.82820056E-02  1.29503154E+00  0.00000000E+00  4.74483200E-02  1.24589568E-01
 -5.00000000E-01  1.97142500E+00 -1.07184988E+00 -1.83317733E-02  1.29496405E+00  0.00000000E+00  4.73579898E-02  1.25331010E-01
 -5.00000000E-01  1.97166000E+00 -1.07268236E+00 -1.83807619E-02  1.29489683E+00  0.00000000E+00  4.72670664E-02  1.26069001E-01
 -5.00000000E-01  1.97189500E+00 -1.07351303E+00 -1.84289754E-02  1.29482986E+00  0.00000000E+00  4.71755565E-02  1.26803457E-01
 -5.00000000E-01  1.97213000E+00 -1.07434195E+00 -1.84764177E-02  1.29476316E+00  0.00000000E+00  4.70834665E-02  1.27534298E-01
 -5.00000000E-01  1.97236500E+00 -1.07516914E+00 -1.85230925E-02  1.29469672E+00  0.00000000E+00  4.69908029E-02  1.28261439E-01
 -5.00000000E-01  1.97260000E+00 -1.07599465E+00 -1.85690038E-02  1.29463053E+00  0.00000000E+00  4.68975718E-02  1.28984800E-01
 -5.00000000E-01  1.97283500E+00 -1.07681852E+00 -1.86141556E-02  1.29456461E+00  0.00000000E+00  4.68037792E-02  1.29704297E-01
 -5.00000000E-01  1.97307000E+00 -1.07764078E+00 -1.86585517E-02  1.29449894E+00  0.00000000E+00  4.67094309E-02  1.30419848E-01
 -5.00000000E-01  1.97330500E+00 -1.07846148E+00 -1.87021961E-02  1.29443354E+00  0.00000000E+00  4.66145326E-02  1.31131369E-01
 -5.00000000E-01  1.97354000E+00 -1.07928065E+00 -1.87450928E-02  1.29436839E+00  0.00000000E+00  4.65190897E-02  1.31838779E-01
 -5.00000000E-01  1.97377500E+00 -1.08009834E+00 -1.87872456E-02  1.29430350E+00  0.00000000E+00  4.64231076E-02  1.32541994E-01
 -5.00000000E-01  1.97401000E+00 -1.08091457E+00 -1.88286586E-02  1.29423886E+00  0.00000000E+00  4.63265915E-02  1.33240931E-01
 -5.00000000E-01  1.97424500E+00 -1.08172939E+00 -1.88693356E-02  1.29417448E+00  0.00000000E+00  4.62295463E-02  1.33935508E-01
 -5.00000000E-01  1.97448000E+00 -1.08254283E+00 -1.89092807E-02  1.29411036E+00  0.00000000E+00  4.61319770E-02  1.34625642E-01
 -5.00000000E-01  1.97471500E+00 -1.08335495E+00 -1.89484978E-02  1.29404650E+00  0.00000000E+00  4.60338881E-02  1.35311249E-01
 -5.00000000E-01  1.97495000E+00 -1.08416576E+00 -1.89869908E-02  1.29398289E+00  0.00000000E+00  4.59352843E-02  1.35992248E-01
 -5.00000000E-01  1.97518500E+00 -1.08497531E+00 -1.90247638E-02  1.29391953E+00  0.00000000E+00  4.58361698E-02  1.36668555E-01
 -5.00000000E-01  1.97542000E+00 -1.08578364E+00 -1.90618206E-02  1.29385643E+00  0.00000000E+00  4.57365490E-02  1.37340088E-01
 -5.00000000E-01  1.97565500E+00 -1.08659078E+00 -1.90981654E-02  1.29379358E+00  0.00000000E+00  4.56364258E-02  1.38006764E-01
 -5.00000000E-01  1.97589000E+00 -1.08739677E+00 -1.91338019E-02  1.29373099E+00  0.00000000E+00  4.55358042E-02  1.38668502E-01
 -5.00000000E-01  1.97612500E+00 -1.08820165E+00 -1.91687343E-02  1.29366865E+00  0.00000000E+00  4.54346880E-02  1.39325219E-01
 -5.00000000E-01  1.97636000E+00 -1.08900546E+00 -1.92029663E-02  1.29360656E+00  0.00000000E+00  4.53330807E-02  1.39976834E-01
 -5.00000000E-01  1.97659500E+00 -1.08980824E+00 -1.92365021E-02  1.29354473E+00  0.00000000E+00  4.52309859E-02  1.40623263E-01
 -5.00000000E-01  1.97683000E+00 -1.09061001E+00 -1.92693455E-02  1.29348314E+00  0.00000000E+00  4.51284068E-02  1.41264427E-01
 -5.00000000E-01  1.97706500E+00 -1.09141082E+00 -1.93015005E-02  1.29342181E+00  0.00000000E+00  4.50253466E-02  1.41900244E-01
 -5.00000000E-01  1.97730000E+00 -1.09221071E+00 -1.93329710E-02  1.29336072E+00  0.00000000E+00  4.49218084E-02  1.42530632E-01
 -5.00000000E-01  1.97753500E+00 -1.09300971E+00 -1.93637609E-02  1.29329989E+00  0.00000000E+00  4.48177950E-02  1.43155512E-01
 -5.00000000E-01  1.97777000E+00 -1.09380786E+00 -1.93938742E-02  1.29323931E+00  0.00000000E+00  4.47133093E-02  1.43774802E-01
 -5.00000000E-01  1.97800500E+00 -1.09460520E+00 -1.94233148E-02  1.29317898E+00  0.00000000E+00  4.46083536E-02  1.44388424E-01
 -5.00000000E-01  1.97824000E+00 -1.09540176E+00 -1.94520864E-02  1.29311889E+00  0.00000000E+00  4.45029307E-02  1.44996296E-01
 -5.00000000E-01  1.97847500E+00 -1.09619758E+00 -1.94801932E-02  1.29305906E+00  0.00000000E+00  4.43970426E-02  1.45598341E-01
 -5.00000000E-01  1.97871000E+00 -1.09699270E+00 -1.95076388E-02  1.29299947E+00  0.00000000E+00  4.42906917E-02  1.46194480E-01
 -5.00000000E-01  1.97894500E+00 -1.09778716E+00 -1.95344272E-02  1.29294014E+00  0.00000000E+00  4.41838799E-02  1.46784634E-01
 -5.00000000E-01  1.97918000E+00 -1.09858099E+00 -1.95605621E-02  1.29288105E+00  0.00000000E+00  4.40766092E-02  1.47368725E-01
 -5.00000000E-01  1.97941500E+00 -1.09937423E+00 -1.95860475E-02  1.29282221E+00  0.00000000E+00  4.39688813E-02  1.47946676E-01
 -5.00000000E-01  1.97965000E+00 -1.10016692E+00 -1.96108871E-02  1.29276362E+00  0.00000000E+00  4.38606978E-02  1.48518412E-01
 -5.00000000E-01  1.97988500E+00 -1.10095910E+00 -1.96350847E-02  1.29270528E+00  0.00000000E+00  4.37520601E-02  1.49083855E-01
 -5.00000000E-01  1.98012000E+00 -1.10175079E+00 -1.96586441E-02  1.29264719E+00  0.00000000E+00  4.36429698E-02  1.49642929E-01
 -5.00000000E-01  1.98035500E+00 -1.10254206E+00 -1.96815689E-02  1.29258934E+00  0.00000000E+00  4.35334278E-02  1.50195562E-01
 -5.00000000E-01  1.98059000E+00 -1.10333292E+00 -1.97038630E-02  1.29253174E+00  0.00000000E+00  4.34234354E-02  1.50741677E-01
 -5.00000000E-01  1.98082500E+00 -1.10412341E+00 -1.97255300E-02  1.29247440E+00  0.00000000E+00  4.33129935E-02  1.51281202E-01
 -5.00000000E-01  1.98106000E+00 -1.10491359E+00 -1.97465736E-02  1.29241730E+00  0.00000000E+00  4.32021027E-02  1.51814064E-01
 -5.00000000E-01  1.98129500E+00 -1.10570347E+00 -1.97669974E-02  1.29236045E+00  0.00000000E+00  4.30907639E-02  1.52340191E-01
 -5.00000000E-01  1.98153000E+00 -1.10649311E+00 -1.97868051E-02  1.29230385E+00  0.00000000E+00  4.29789775E-02  1.52859512E-01
 -5.00000000E-01  1.98176500E+00 -1.10728254E+00 -1.98060002E-02  1.29224749E+00  0.00000000E+00  4.28667439E-02  1.53371957E-01
 -5.00000000E-01  1.98200000E+00 -1.10807180E+00 -1.98245863E-02  1.29219139E+00  0.00000000E+00  4.27540633E-02  1.53877456E-01
 -5.00000000E-01  1.98223500E+00 -1.10886092E+00 -1.98425670E-02  1.29213554E+00  0.00000000E+00  4.26409360E-02  1.54375941E-01
 -5.00000000E-01  1.98247000E+00 -1.10964995E+00 -1.98599456E-02  1.29207994E+00  0.00000000E+00  4.25273618E-02  1.54867344E-01
 -5.00000000E-01  1.98270500E+00 -1.11043893E+00 -1.98767257E-02  1.29202460E+00  0.00000000E+00  4.24133406E-02  1.55351599E-01
 -5.00000000E-01  1.98294000E+00 -1.11122789E+00 -1.98929107E-02  1.29196950E+00  0.00000000E+00  4.22988721E-02  1.55828640E-01
 -5.00000000E-01  1.98317500E+00 -1.11201688E+00 -1.99085039E-02  1.29191466E+00  0.00000000E+00  4.21839559E-02  1.56298402E-01
 -5.00000000E-01  1.98341000E+00 -1.11280593E+00 -1.99235088E-02  1.29186007E+00  0.00000000E+00  4.20685915E-02  1.56760823E-01
 -5.00000000E-01  1.98364500E+00 -1.11359508E+00 -1.99379285E-02  1.29180574E+00  0.00000000E+00  4.19527780E-02  1.57215840E-01
 -5.00000000E-01  1.98388000E+00 -1.11438438E+00 -1.99517665E-02  1.29175166E+00  0.00000000E+00  4.18365148E-02  1.57663391E-01
 -5.00000000E-01  1.98411500E+00 -1.11517386E+00 -1.99650258E-02  1.29169784E+00  0.00000000E+00  4.17198009E-02  1.58103418E-01
 -5.00000000E-01  1.98435000E+00 -1.11596356E+00 -1.99777097E-02  1.29164428E+00  0.00000000E+00  4.16026350E-02  1.58535860E-01
 -5.00000000E-01  1.98458500E+00 -1.11675353E+00 -1.99898213E-02  1.29159098E+00  0.00000000E+00  4.14850161E-02  1.58960662E-01
 -5.00000000E-01  1.98482000E+00 -1.11754381E+00 -2.00013636E-02  1.29153793E+00  0.00000000E+00  4.13669426E-02  1.59377766E-01
 -5.00000000E-01  1.98505500E+00 -1.11833443E+00 -2.00123398E-02  1.29148515E+00  0.00000000E+00  4.12484132E-02  1.59787119E-01
 -5.00000000E-01  1.98529000E+00 -1.11912544E+00 -2.00227527E-02  1.29143263E+00  0.00000000E+00  4.11294261E-02  1.60188666E-01
 -5.00000000E-01  1.98552500E+00 -1.11991688E+00 -2.00326052E-02  1.29138037E+00  0.00000000E+00  4.10099795E-02  1.60582356E-01
 -5.00000000E-01  1.98576000E+00 -1.12070880E+00 -2.00419003E-02  1.29132838E+00  0.00000000E+00  4.08900716E-02  1.60968139E-01
 -5.00000000E-01  1.98599500E+00 -1.12150122E+00 -2.00506407E-02  1.29127666E+00  0.00000000E+00  4.07697001E-02  1.61345966E-01
 -5.00000000E-01  1.98623000E+00 -1.12229420E+00 -2.00588292E-02  1.29122521E+00  0.00000000E+00  4.06488631E-02  1.61715789E-01
 -5.00000000E-01  1.98646500E+00 -1.12308778E+00 -2.00664685E-02  1.29117402E+00  0.00000000E+00  4.05275580E-02  1.62077563E-01
 -5.00000000E-01  1.98670000E+00 -1.12388201E+00 -2.00735611E-02  1.29112311E+00  0.00000000E+00  4.04057824E-02  1.62431244E-01
 -5.00000000E-01  1.98693500E+00 -1.12467691E+00 -2.00801096E-02  1.29107248E+00  0.00000000E+00  4.02835336E-02  1.62776789E-01
 -5.00000000E-01  1.98717000E+00 -1.12547255E+00 -2.00861166E-02  1.29102212E+00  0.00000000E+00  4.01608089E-02  1.63114158E-01
 -5.00000000E-01  1.98740500E+00 -1.12626895E+00 -2.00915844E-02  1.29097203E+00  0.00000000E+00  4.00376054E-02  1.63443312E-01
 -5.00000000E-01  1.98764000E+00 -1.12706618E+00 -2.00965153E-02  1.29092223E+00  0.00000000E+00  3.99139199E-02  1.63764215E-01
 -5.00000000E-01  1.98787500E+00 -1.12786426E+00 -2.01009116E-02  1.29087271E+00  0.00000000E+00  3.97897494E-02  1.64076831E-01
 -5.00000000E-01  1.98811000E+00 -1.12866325E+00 -2.01047756E-02  1.29082348E+00  0.00000000E+00  3.96650903E-02  1.64381127E-01
 -5.00000000E-01  1.98834500E+00 -1.12946319E+00 -2.01081092E-02  1.29077454E+00  0.00000000E+00  3.95399393E-02  1.64677071E-01
 -5.00000000E-01  1.98858000E+00 -1.13026412E+00 -2.01109146E-02  1.29072588E+00  0.00000000E+00  3.94142927E-02  1.64964636E-01
 -5.00000000E-01  1.98881500E+00 -1.13106610E+00 -2.01131936E-02  1.29067752E+00  0.00000000E+00  3.92881466E-02  1.65243793E-01
 -5.00000000E-01  1.98905000E+00 -1.13186916E+00 -2.01149481E-02  1.29062945E+00  0.00000000E+00  3.91614972E-02  1.65514518E-01
 -5.00000000E-01  1.98928500E+00 -1.13267336E+00 -2.01161800E-02  1.29058168E+00  0.00000000E+00  3.90343404E-02  1.65776787E-01
 -5.00000000E-01  1.98952000E+00 -1.13347874E+00 -2.01168907E-02  1.29053422E+00  0.00000000E+00  3.89066718E-02  1.66030581E-01
 -5.00000000E-01  1.98975500E+00 -1.13428535E+00 -2.01170820E-02  1.29048705E+00  0.00000000E+00  3.87784872E-02  1.66275881E-01
 -5.00000000E-01  1.98999000E+00 -1.13509323E+00 -2.01167553E-02  1.29044020E+00  0.00000000E+00  3.86497819E-02  1.66512671E-01
 -5.00000000E-01  1.99022500E+00 -1.13590244E+00 -2.01159120E-02  1.29039365E+00  0.00000000E+00  3.85205512E-02  1.66740937E-01
 -5.00000000E-01  1.99046000E+00 -1.13671301E+00 -2.01145533E-02  1.29034742E+00  0.00000000E+00  3.83907904E-02  1.66960667E-01
 -5.00000000E-01  1.99069500E+00 -1.13752501E+00 -2.01126804E-02  1.29030150E+00  0.00000000E+00  3.82604943E-02  1.67171854E-01
 -5.00000000E-01  1.99093000E+00 -1.13833848E+00 -2.01102944E-02  1.29025591E+00  0.00000000E+00  3.81296578E-02  1.67374491E-01
 -5.00000000E-01  1.99116500E+00 -1.13915346E+00 -2.01073962E-02  1.29021064E+00  0.00000000E+00  3.79982757E-02  1.67568573E-01
 -5.00000000E-01  1.99140000E+00 -1.13997001E+00 -2.01039866E-02  1.29016569E+00  0.00000000E+00  3.78663423E-02  1.67754100E-01
 -5.00000000E-01  1.99163500E+00 -1.14078818E+00 -2.01000664E-02  1.29012108E+00  0.00000000E+00  3.77338521E-02  1.67931074E-01
 -5.00000000E-01  1.99187000E+00 -1.14160802E+00 -2.00956361E-02  1.29007680E+00  0.00000000E+00  3.76007992E-02  1.68099498E-01
 -5.00000000E-01  1.99210500E+00 -1.14242958E+00 -2.00906962E-02  1.29003285E+00  0.00000000E+00  3.74671777E-02  1.68259379E-01
 -5.00000000E-01  1.99234000E+00 -1.14325292E+00 -2.00852471E-02  1.28998925E+00  0.00000000E+00  3.73329814E-02  1.68410727E-01
 -5.00000000E-01  1.99257500E+00 -1.14407807E+00 -2.00792889E-02  1.28994600E+00  0.00000000E+00  3.71982041E-02  1.68553555E-01
 -5.00000000E-01  1.99281000E+00 -1.14490510E+00 -2.00728216E-02  1.28990310E+00  0.00000000E+00  3.70628393E-02  1.68687879E-01
 -5.00000000E-01  1.99304500E+00 -1.14573406E+00 -2.00658453E-02  1.28986055E+00  0.00000000E+00  3.69268802E-02  1.68813716E-01
 -5.00000000E-01  1.99328000E+00 -1.14656500E+00 -2.00583597E-02  1.28981835E+00  0.00000000E+00  3.67903203E-02  1.68931088E-01
 -5.00000000E-01  1.99351500E+00 -1.14739797E+00 -2.00503644E-02  1.28977653E+00  0.00000000E+00  3.66531524E-02  1.69040021E-01
 -5.00000000E-01  1.99375000E+00 -1.14823304E+00 -2.00418590E-02  1.28973506E+00  0.00000000E+00  3.65153695E-02  1.69140541E-01
 -5.00000000E-01  1.99398500E+00 -1.14907024E+00 -2.00328427E-02  1.28969397E+00  0.00000000E+00  3.63769641E-02  1.69232679E-01
 -5.00000000E-01  1.99422000E+00 -1.14990965E+00 -2.00233147E-02  1.28965326E+00  0.00000000E+00  3.62379290E-02  1.69316471E-01
 -5.00000000E-01  1.99445500E+00 -1.15075130E+00 -2.00132741E-02  1.28961292E+00  0.00000000E+00  3.60982563E-02  1.69391953E-01
 -5.00000000E-01  1.99469000E+00 -1.15159527E+00 -2.00027196E-02  1.28957297E+00  0.00000000E+00  3.59579383E-02  1.69459166E-01
 -5.00000000E-01  1.99492500E+00 -1.15244160E+00 -1.99916500E-02  1.28953341E+00  0.00000000E+00  3.58169670E-02  1.69518154E-01
 -5.00000000E-01  1.99516000E+00 -1.15329036E+00 -1.99800637E-02  1.28949425E+00  0.00000000E+00  3.56753341E-02  1.69568965E-01
 -5.00000000E-01  1.99539500E+00 -1.15414159E+00 -1.99679591E-02  1.28945548E+00  0.00000000E+00  3.55330314E-02  1.69611651E-01
 -5.00000000E-01  1.99563000E+00 -1.15499535E+00 -1.99553343E-02  1.28941712E+00  0.00000000E+00  3.53900503E-02  1.69646266E-01
 -5.00000000E-01  1.99586500E+00 -1.15585172E+00 -1.99421872E-02  1.28937916E+00  0.00000000E+00  3.52463821E-02  1.69672868E-01
 -5.00000000E-01  1.99610000E+00 -1.15671073E+00 -1.99285156E-02  1.28934162E+00  0.00000000E+00  3.51020178E-02  1.69691521E-01
 -5.00000000E-01  1.99633500E+00 -1.15757245E+00 -1.99143171E-02  1.28930450E+00  0.00000000E+00  3.49569485E-02  1.69702289E-01
 -5.00000000E-01  1.99657000E+00 -1.15843695E+00 -1.98995889E-02  1.28926780E+00  0.00000000E+00  3.48111648E-02  1.69705242E-01
 -5.00000000E-01  1.99680500E+00 -1.15930427E+00 -1.98843283E-02  1.28923153E+00  0.00000000E+00  3.46646574E-02  1.69700454E-01
 -5.00000000E-01  1.99704000E+00 -1.16017449E+00 -1.98685323E-02  1.28919569E+00  0.00000000E+00  3.45174166E-02  1.69688005E-01
 -5.00000000E-01  1.99727500E+00 -1.16104765E+00 -1.98521975E-02  1.28916029E+00  0.00000000E+00  3.43694327E-02  1.69667986E-01
 -5.00000000E-01  1.99751000E+00 -1.16192382E+00 -1.98353203E-02  1.28912534E+00  0.00000000E+00  3.42206956E-02  1.69640488E-01
 -5.00000000E-01  1.99774500E+00 -1.16280307E+00 -1.98178972E-02  1.28909083E+00  0.00000000E+00  3.40711953E-02  1.69605608E-01
 -5.00000000E-01  1.99798000E+00 -1.16368545E+00 -1.97999242E-02  1.28905678E+00  0.00000000E+00  3.39209213E-02  1.69563447E-01
 -5.00000000E-01  1.99821500E+00 -1.16457103E+00 -1.97813971E-02  1.28902318E+00  0.00000000E+00  3.37698633E-02  1.69514112E-01
 -5.00000000E-01  1.99845000E+00 -1.16545986E+00 -1.97623115E-02  1.28899005E+00  0.00000000E+00  3.36180106E-02  1.69457712E-01
 -5.00000000E-01  1.99868500E+00 -1.16635201E+00 -1.97426628E-02  1.28895739E+00  0.00000000E+00  3.34653523E-02  1.69394362E-01
 -5.00000000E-01  1.99892000E+00 -1.16724755E+00 -1.97224461E-02  1.28892520E+00  0.00000000E+00  3.33118775E-02  1.69324181E-01
 -5.00000000E-01  1.99915500E+00 -1.16814653E+00 -1.97016562E-02  1.28889348E+00  0.00000000E+00  3.31575749E-02  1.69247291E-01
 -5.00000000E-01  1.99939000E+00 -1.16904902E+00 -1.96802879E-02  1.28886225E+00  0.00000000E+00  3.30024333E-02  1.69163820E-01
 -5.00000000E-01  1.99962500E+00 -1.16995508E+00 -1.96583354E-02  1.28883151E+00  0.00000000E+00  3.28464410E-02  1.69073899E-01
 -5.00000000E-01  1.99986000E+00 -1.17086478E+00 -1.96357928E-02  1.28880126E+00  0.00000000E+00  3.26895865E-02  1.68977665E-01
 -5.00000000E-01  2.00009500E+00 -1.17177819E+00 -1.96126539E-02  1.28877150E+00  0.00000000E+00  3.25318578E-02  1.68875259E-01
 -5.00000000E-01  2.00033000E+00 -1.17269536E+00 -1.95889123E-02  1.28874225E+00  0.00000000E+00  3.23732430E-02  1.68766826E-01
 -5.00000000E-01  2.00056500E+00 -1.17361636E+00 -1.95645613E-02  1.28871350E+00  0.00000000E+00  3.22137298E-02  1.68652518E-01
 -5.00000000E-01  2.00080000E+00 -1.17454125E+00 -1.95395938E-02  1.28868527E+00  0.00000000E+00  3.20533060E-02  1.68532489E-01
 -5.00000000E-01  2.00103500E+00 -1.17547011E+00 -1.95140026E-02  1.28865755E+00  0.00000000E+00  3.18919590E-02  1.68406900E-01
 -5.00000000E-01  2.00127000E+00 -1.17640299E+00 -1.94877800E-02  1.28863036E+00  0.00000000E+00  3.17296763E-02  1.68275915E-01
 -5.00000000E-01  2.00150500E+00 -1.17733997E+00 -1.94609181E-02  1.28860368E+00  0.00000000E+00  3.15664449E-02  1.68139705E-01
 -5.00000000E-01  2.00174000E+00 -1.17828110E+00 -1.94334088E-02  1.28857754E+00  0.00000000E+00  3.14022521E-02  1.67998445E-01
 -5.00000000E-01  2.00197500E+00 -1.17922646E+00 -1.94052434E-02  1.28855194E+00  0.00000000E+00  3.12370848E-02  1.67852315E-01
 -5.00000000E-01  2.00221000E+00 -1.18017610E+00 -1.93764132E-02  1.28852687E+00  0.00000000E+00  3.10709296E-02  1.67701501E-01
 -5.00000000E-01  2.00244500E+00 -1.18113010E+00 -1.93469091E-02  1.28850234E+00  0.00000000E+00  3.09037734E-02  1.67546192E-01
 -5.00000000E-01  2.00268000E+00 -1.18208852E+00 -1.93167215E-02  1.28847837E+00  0.00000000E+00  3.07356026E-02  1.67386586E-01
 -5.00000000E-01  2.00291500E+00 -1.18305143E+00 -1.92858406E-02  1.28845494E+00  0.00000000E+00  3.05664037E-02  1.67222884E-01
 -5.00000000E-01  2.00315000E+00 -1.18401889E+00 -1.92542564E-02  1.28843207E+00  0.00000000E+00  3.03961630E-02  1.67055293E-01
 -5.00000000E-01  2.00338500E+00 -1.18499096E+00 -1.92219582E-02  1.28840976E+00  0.00000000E+00  3.02248666E-02  1.66884024E-01
 -5.00000000E-01  2.00362000E+00 -1.18596772E+00 -1.91889354E-02  1.28838801E+00  0.00000000E+00  3.00525008E-02  1.66709298E-01
 -5.00000000E-01  2.00385500E+00 -1.18694923E+00 -1.91551767E-02  1.28836683E+00  0.00000000E+00  2.98790515E-02  1.66531336E-01
 -5.00000000E-01  2.00409000E+00 -1.18793555E+00 -1.91206706E-02  1.28834622E+00  0.00000000E+00  2.97045046E-02  1.66350369E-01
 -5.00000000E-01  2.00432500E+00 -1.18892674E+00 -1.90854052E-02  1.28832618E+00  0.00000000E+00  2.95288462E-02  1.66166632E-01
 -5.00000000E-01  2.00456000E+00 -1.18992289E+00 -1.90493684E-02  1.28830672E+00  0.00000000E+00  2.93520618E-02  1.65980367E-01
 -5.00000000E-01  2.00479500E+00 -1.19092403E+00 -1.90125475E-02  1.28828784E+00  0.00000000E+00  2.91741374E-02  1.65791821E-01
 -5.00000000E-01  2.00503000E+00 -1.19193025E+00 -1.89749295E-02  1.28826954E+00  0.00000000E+00  2.89950587E-02  1.65601248E-01
 -5.00000000E-01  2.00526500E+00 -1.19294160E+00 -1.89365012E-02  1.28825183E+00  0.00000000E+00  2.88148114E-02  1.65408907E-01
 -5.00000000E-01  2.00550000E+00 -1.19395815E+00 -1.88972489E-02  1.28823471E+00  0.00000000E+00  2.86333811E-02  1.65215065E-01
 -5.00000000E-01  2.00573500E+00 -1.19497996E+00 -1.88571584E-02  1.28821818E+00  0.00000000E+00  2.84507536E-02  1.65019994E-01
 -5.00000000E-01  2.00597000E+00 -1.19600709E+00 -1.88162154E-02  1.28820224E+00  0.00000000E+00  2.82669146E-02  1.64823974E-01
 -5.00000000E-01  2.00620500E+00 -1.19703960E+00 -1.87744050E-02  1.28818689E+00  0.00000000E+00  2.80818499E-02  1.64627289E-01
 -5.00000000E-01  2.00644000E+00 -1.19807755E+00 -1.87317121E-02  1.28817214E+00  0.00000000E+00  2.78955453E-02  1.64430234E-01
 -5.00000000E-01  2.00667500E+00 -1.19912100E+00 -1.86881210E-02  1.28815799E+00  0.00000000E+00  2.77079867E-02  1.64233106E-01
 -5.00000000E-01  2.00691000E+00 -1.20017002E+00 -1.86436160E-02  1.28814444E+00  0.00000000E+00  2.75191600E-02  1.64036212E-01
 -5.00000000E-01  2.00714500E+00 -1.20122464E+00 -1.85981806E-02  1.28813149E+00  0.00000000E+00  2.73290513E-02  1.63839866E-01
 -5.00000000E-01  2.00738000E+00 -1.20228494E+00 -1.85517982E-02  1.28811914E+00  0.00000000E+00  2.71376469E-02  1.63644388E-01
 -5.00000000E-01  2.00761500E+00 -1.20335097E+00 -1.85044517E-02  1.28810739E+00  0.00000000E+00  2.69449332E-02  1.63450107E-01
 -5.00000000E-01  2.00785000E+00 -1.20442278E+00 -1.84561236E-02  1.28809625E+00  0.00000000E+00  2.67508966E-02  1.63257358E-01
 -5.00000000E-01  2.00808500E+00 -1.20550042E+00 -1.84067963E-02  1.28808571E+00  0.00000000E+00  2.65555240E-02  1.63066484E-01
 -5.00000000E-01  2.00832000E+00 -1.20658395E+00 -1.83564515E-02  1.28807577E+00  0.00000000E+00  2.63588024E-02  1.62877837E-01
 -5.00000000E-01  2.00855500E+00 -1.20767341E+00 -1.83050707E-02  1.28806643E+00  0.00000000E+00  2.61607189E-02  1.62691776E-01
 -5.00000000E-01  2.00879000E+00 -1.20876886E+00 -1.82526349E-02  1.28805769E+00  0.00000000E+00  2.59612612E-02  1.62508668E-01
 -5.00000000E-01  2.00902500E+00 -1.20987033E+00 -1.81991250E-02  1.28804955E+00  0.00000000E+00  2.57604170E-02  1.62328888E-01
 -5.00000000E-01  2.00926000E+00 -1.21097788E+00 -1.81445214E-02  1.28804201E+00  0.00000000E+00  2.55581746E-02  1.62152820E-01
 -5.00000000E-01  2.00949500E+00 -1.21209155E+00 -1.80888041E-02  1.28803507E+00  0.00000000E+00  2.53545224E-02  1.61980938E-01
 -5.00000000E-01  2.00973000E+00 -1.21321137E+00 -1.80319531E-02  1.28802873E+00  0.00000000E+00  2.51494498E-02  1.61813495E-01
 -5.00000000E-01  2.00996500E+00 -1.21433738E+00 -1.79739476E-02  1.28802297E+00  0.00000000E+00  2.49429463E-02  1.61650901E-01
 -5.00000000E-01  2.01020000E+00 -1.21546963E+00 -1.79147668E-02  1.28801781E+00  0.00000000E+00  2.47350015E-02  1.61493621E-01
 -5.00000000E-01  2.01043500E+00 -1.21660815E+00 -1.78543895E-02  1.28801323E+00  0.00000000E+00  2.45256059E-02  1.61342118E-01
 -5.00000000E-01  2.01067000E+00 -1.21775296E+00 -1.77927942E-02  1.28800924E+00  0.00000000E+00  2.43147505E-02  1.61196850E-01
 -5.00000000E-01  2.01090500E+00 -1.21890409E+00 -1.77299592E-02  1.28800583E+00  0.00000000E+00  2.41024272E-02  1.61058274E-01
 -5.00000000E-01  2.01114000E+00 -1.22006157E+00 -1.76658626E-02  1.28800299E+00  0.00000000E+00  2.38886283E-02  1.60926854E-01
 -5.00000000E-01  2.01137500E+00 -1.22122543E+00 -1.76004820E-02  1.28800073E+00  0.00000000E+00  2.36733469E-02  1.60803054E-01
 -5.00000000E-01  2.01161000E+00 -1.22239568E+00 -1.75337951E-02  1.28799903E+00  0.00000000E+00  2.34565770E-02  1.60687349E-01
 -5.00000000E-01  2.01184500E+00 -1.22357233E+00 -1.74657792E-02  1.28799789E+00  0.00000000E+00  2.32383134E-02  1.60580220E-01
 -5.00000000E-01  2.01208000E+00 -1.22475541E+00 -1.73964115E-02  1.28799731E+00  0.00000000E+00  2.30185516E-02  1.60482159E-01
 -5.00000000E-01  2.01231500E+00 -1.22594492E+00 -1.73256691E-02  1.28799728E+00  0.00000000E+00  2.27972881E-02  1.60393671E-01
 -5.00000000E-01  2.01255000E+00 -1.22714086E+00 -1.72535287E-02  1.28799779E+00  0.00000000E+00  2.25745203E-02  1.60315273E-01
 -5.00000000E-01  2.01278500E+00 -1.22834324E+00 -1.71799672E-02  1.28799884E+00  0.00000000E+00  2.23502467E-02  1.60247500E-01
 -5.00000000E-01  2.01302000E+00 -1.22955206E+00 -1.71049613E-02  1.28800042E+00  0.00000000E+00  2.21244670E-02  1.60190899E-01
 -5.00000000E-01  2.01325500E+00 -1.23076731E+00 -1.70284874E-02  1.28800252E+00  0.00000000E+00  2.18971817E-02  1.60146037E-01
 -5.00000000E-01  2.01349000E+00 -1.23198898E+00 -1.69505223E-02  1.28800513E+00  0.00000000E+00  2.16683929E-02  1.60113499E-01
 -5.00000000E-01  2.01372500E+00 -1.23321706E+00 -1.68710424E-02  1.28800825E+00  0.00000000E+00  2.14381038E-02  1.60093889E-01
 -5.00000000E-01  2.01396000E+00 -1.23445152E+00 -1.67900243E-02  1.28801187E+00  0.00000000E+00  2.12063189E-02  1.60087832E-01
 -5.00000000E-01  2.01419500E+00 -1.23569234E+00 -1.67074447E-02  1.28801597E+00  0.00000000E+00  2.09730445E-02  1.60095974E-01
 -5.00000000E-01  2.01443000E+00 -1.23693949E+00 -1.66232804E-02  1.28802056E+00  0.00000000E+00  2.07382880E-02  1.60118981E-01
 -5.00000000E-01  2.01466500E+00 -1.23819294E+00 -1.65375080E-02  1.28802561E+00  0.00000000E+00  2.05020587E-02  1.60157546E-01
 -5.00000000E-01  2.01490000E+00 -1.23945265E+00 -1.64501049E-02  1.28803113E+00  0.00000000E+00  2.02643676E-02  1.60212381E-01
 -5.00000000E-01  2.01513500E+00 -1.24071856E+00 -1.63610480E-02  1.28803709E+00  0.00000000E+00  2.00252275E-02  1.60284226E-01
 -5.00000000E-01  2.01537000E+00 -1.24199063E+00 -1.62703151E-02  1.28804350E+00  0.00000000E+00  1.97846529E-02  1.60373844E-01
 -5.00000000E-01  2.01560500E+00 -1.24326879E+00 -1.61778840E-02  1.28805034E+00  0.00000000E+00  1.95426605E-02  1.60482025E-01
 -5.00000000E-01  2.01584000E+00 -1.24455298E+00 -1.60837327E-02  1.28805760E+00  0.00000000E+00  1.92992690E-02  1.60609583E-01
 -5.00000000E-01  2.01607500E+00 -1.24584313E+00 -1.59878401E-02  1.28806527E+00  0.00000000E+00  1.90544993E-02  1.60757362E-01
 -5.00000000E-01  2.01631000E+00 -1.24713915E+00 -1.58901850E-02  1.28807333E+00  0.00000000E+00  1.88083746E-02  1.60926234E-01
 -5.00000000E-01  2.01654500E+00 -1.24844096E+00 -1.57907471E-02  1.28808177E+00  0.00000000E+00  1.85609203E-02  1.61117097E-01
 -5.00000000E-01  2.01678000E+00 -1.24974846E+00 -1.56895067E-02  1.28809059E+00  0.00000000E+00  1.83121646E-02  1.61330882E-01
 -5.00000000E-01  2.01701500E+00 -1.25106155E+00 -1.55864445E-02  1.28809977E+00  0.00000000E+00  1.80621378E-02  1.61568549E-01
 -5.00000000E-01  2.01725000E+00 -1.25238012E+00 -1.54815422E-02  1.28810929E+00  0.00000000E+00  1.78108734E-02  1.61831091E-01
 -5.00000000E-01  2.01748500E+00 -1.25370404E+00 -1.53747820E-02  1.28811915E+00  0.00000000E+00  1.75584072E-02  1.62119531E-01
 -5.00000000E-01  2.01772000E+00 -1.25503319E+00 -1.52661472E-02  1.28812932E+00  0.00000000E+00  1.73047781E-02  1.62434929E-01
 -5.00000000E-01  2.01795500E+00 -1.25636743E+00 -1.51556219E-02  1.28813980E+00  0.00000000E+00  1.70500279E-02  1.62778379E-01
 -5.00000000E-01  2.01819000E+00 -1.25770661E+00 -1.50431914E-02  1.28815057E+00  0.00000000E+00  1.67942015E-02  1.63151011E-01
 -5.00000000E-01  2.01842500E+00 -1.25905057E+00 -1.49288418E-02  1.28816161E+00  0.00000000E+00  1.65373469E-02  1.63553993E-01
 -5.00000000E-01  2.01866000E+00 -1.26039914E+00 -1.48125606E-02  1.28817291E+00  0.00000000E+00  1.62795154E-02  1.63988535E-01
 -5.00000000E-01  2.01889500E+00 -1.26175216E+00 -1.46943365E-02  1.28818445E+00  0.00000000E+00  1.60207615E-02  1.64455885E-01
 -5.00000000E-01  2.01913000E+00 -1.26310943E+00 -1.45741597E-02  1.28819622E+00  0.00000000E+00  1.57611434E-02  1.64957337E-01
 -5.00000000E-01  2.01936500E+00 -1.26447075E+00 -1.44520216E-02  1.28820820E+00  0.00000000E+00  1.55007225E-02  1.65494229E-01
 -5.00000000E-01  2.01960000E+00 -1.26583592E+00 -1.43279155E-02  1.28822038E+00  0.00000000E+00  1.52395641E-02  1.66067948E-01
 -5.00000000E-01  2.01983500E+00 -1.26720471E+00 -1.42018360E-02  1.28823272E+00  0.00000000E+00  1.49777371E-02  1.66679928E-01
 -5.00000000E-01  2.02007000E+00 -1.26857689E+00 -1.40737798E-02  1.28824523E+00  0.00000000E+00  1.47153141E-02  1.67331659E-01
 -5.00000000E-01  2.02030500E+00 -1.26995222E+00 -1.39437453E-02  1.28825787E+00  0.00000000E+00  1.44523716E-02  1.68024684E-01
 -5.00000000E-01  2.02054000E+00 -1.27133044E+00 -1.38117329E-02  1.28827064E+00  0.00000000E+00  1.41889902E-02  1.68760607E-01
 -5.00000000E-01  2.02077500E+00 -1.27271129E+00 -1.36777452E-02  1.28828351E+00  0.00000000E+00  1.39252544E-02  1.69541090E-01
 -5.00000000E-01  2.02101000E+00 -1.27409449E+00 -1.35417871E-02  1.28829646E+00  0.00000000E+00  1.36612528E-02  1.70367862E-01
 -5.00000000E-01  2.02124500E+00 -1.27547974E+00 -1.34038656E-02  1.28830947E+00  0.00000000E+00  1.33970781E-02  1.71242720E-01
 -5.00000000E-01  2.02148000E+00 -1.27686674E+00 -1.32639906E-02  1.28832253E+00  0.00000000E+00  1.31328275E-02  1.72167534E-01
 -5.00000000E-01  2.02171500E+00 -1.27825518E+00 -1.31221713E-02  1.28833564E+00  0.00000000E+00  1.28686056E-02  1.73145370E-01
 -5.00000000E-01  2.02195000E+00 -1.27964472E+00 -1.29784188E-02  1.28834884E+00  0.00000000E+00  1.26045171E-02  1.74178233E-01
 -5.00000000E-01  2.02218500E+00 -1.28103499E+00 -1.28327621E-02  1.28836197E+00  0.00000000E+00  1.23406573E-02  1.75263569E-01
 -5.00000000E-01  2.02242000E+00 -1.28242565E+00 -1.26852180E-02  1.28837505E+00  0.00000000E+00  1.20771459E-02  1.76405400E-01
 -5.00000000E-01  2.02265500E+00 -1.28381633E+00 -1.25358077E-02  1.28838806E+00  0.00000000E+00  1.18141047E-02  1.77607205E-01
 -5.00000000E-01  2.02289000E+00 -1.28520664E+00 -1.23845568E-02  1.28840099E+00  0.00000000E+00  1.15516583E-02  1.78872042E-01
 -5.00000000E-01  2.02312500E+00 -1.28659619E+00 -1.22314947E-02  1.28841383E+00  0.00000000E+00  1.12899342E-02  1.80202660E-01
 -5.00000000E-01  2.02336000E+00 -1.28798456E+00 -1.20766551E-02  1.28842657E+00  0.00000000E+00  1.10290631E-02  1.81601588E-01
 -5.00000000E-01  2.02359500E+00 -1.28937132E+00 -1.19200754E-02  1.28843919E+00  0.00000000E+00  1.07691788E-02  1.83071223E-01
 -5.00000000E-01  2.02383000E+00 -1.29075602E+00 -1.17617967E-02  1.28845168E+00  0.00000000E+00  1.05104190E-02  1.84613895E-01
 -5.00000000E-01  2.02406500E+00 -1.29213819E+00 -1.16018641E-02  1.28846401E+00  0.00000000E+00  1.02529244E-02  1.86231930E-01
 -5.00000000E-01  2.02430000E+00 -1.29351737E+00 -1.14403267E-02  1.28847616E+00  0.00000000E+00  9.99683955E-03  1.87927686E-01
 -5.00000000E-01  2.02453500E+00 -1.29489305E+00 -1.12772374E-02  1.28848813E+00  0.00000000E+00  9.74231253E-03  1.89703600E-01
 -5.00000000E-01  2.02477000E+00 -1.29626474E+00 -1.11126532E-02  1.28849988E+00  0.00000000E+00  9.48949470E-03  1.91562202E-01
 -5.00000000E-01  2.02500500E+00 -1.29763192E+00 -1.09466352E-02  1.28851139E+00  0.00000000E+00  9.23854077E-03  1.93506139E-01
 -5.00000000E-01  2.02524000E+00 -1.29899404E+00 -1.07792487E-02  1.28852266E+00  0.00000000E+00  8.98960857E-03  1.95538172E-01
 -5.00000000E-01  2.02547500E+00 -1.30035058E+00 -1.06105636E-02  1.28853365E+00  0.00000000E+00  8.74285879E-03  1.97661181E-01
 -5.00000000E-01  2.02571000E+00 -1.30170096E+00 -1.04406541E-02  1.28854436E+00  0.00000000E+00  8.49845478E-03  1.99878147E-01
 -5.00000000E-01  2.02594500E+00 -1.30304460E+00 -1.02695993E-02  1.28855475E+00  0.00000000E+00  8.25656216E-03  2.02192140E-01
 -5.00000000E-01  2.02618000E+00 -1.30438092E+00 -1.00974828E-02  1.28856483E+00  0.00000000E+00  8.01734857E-03  2.04606289E-01
 -5.00000000E-01  2.02641500E+00 -1.30570931E+00 -9.92439356E-03  1.28857457E+00  0.00000000E+00  7.78098317E-03  2.07123749E-01
 -5.00000000E-01  2.02665000E+00 -1.30702915E+00 -9.75042537E-03  1.28858396E+00  0.00000000E+00  7.54763634E-03  2.09747669E-01
 -5.00000000E-01  2.02688500E+00 -1.30833980E+00 -9.57567734E-03  1.28859298E+00  0.00000000E+00  7.31747909E-03  2.12481143E-01
 -5.00000000E-01  2.02712000E+00 -1.30964062E+00 -9.40025392E-03  1.28860162E+00  0.00000000E+00  7.09068269E-03  2.15327165E-01
 -5.00000000E-01  2.02735500E+00 -1.31093095E+00 -9.22426496E-03  1.28860987E+00  0.00000000E+00  6.86741803E-03  2.18288576E-01
 -5.00000000E-01  2.02759000E+00 -1.31221010E+00 -9.04782582E-03  1.28861772E+00  0.00000000E+00  6.64785515E-03  2.21368010E-01
 -5.00000000E-01  2.02782500E+00 -1.31347738E+00 -8.87105739E-03  1.28862517E+00  0.00000000E+00  6.43216261E-03  2.24567833E-01
 -5.00000000E-01  2.02806000E+00 -1.31473210E+00 -8.69408614E-03  1.28863220E+00  0.00000000E+00  6.22050686E-03  2.27890085E-01
 -5.00000000E-01  2.02829500E+00 -1.31597353E+00 -8.51704404E-03  1.28863880E+00  0.00000000E+00  6.01305161E-03  2.31336413E-01
 -5.00000000E-01  2.02853000E+00 -1.31720095E+00 -8.34006855E-03  1.28864498E+00  0.00000000E+00  5.80995720E-03  2.34908009E-01
 -5.00000000E-01  2.02876500E+00 -1.31841362E+00 -8.16330250E-03  1.28865073E+00  0.00000000E+00  5.61137982E-03  2.38605545E-01
 -5.00000000E-01  2.02900000E+00 -1.31961079E+00 -7.98689395E-03  1.28865604E+00  0.00000000E+00  5.41747087E-03  2.42429107E-01
 -5.00000000E-01  2.02923500E+00 -1.32079171E+00 -7.81099600E-03  1.28866092E+00  0.00000000E+00  5.22837618E-03  2.46378129E-01
 -5.00000000E-01  2.02947000E+00 -1.32195562E+00 -7.63576655E-03  1.28866537E+00  0.00000000E+00  5.04423527E-03  2.50451330E-01
 -5.00000000E-01  2.02970500E+00 -1.32310174E+00 -7.46136796E-03  1.28866938E+00  0.00000000E+00  4.86518057E-03  2.54646650E-01
 -5.00000000E-01  2.02994000E+00 -1.32422931E+00 -7.28796673E-03  1.28867297E+00  0.00000000E+00  4.69133662E-03  2.58961189E-01
 -5.00000000E-01  2.03017500E+00 -1.32533756E+00 -7.11573306E-03  1.28867612E+00  0.00000000E+00  4.52281929E-03  2.63391153E-01
 -5.00000000E-01  2.03041000E+00 -1.32642573E+00 -6.94484035E-03  1.28867887E+00  0.00000000E+00  4.35973491E-03  2.67931790E-01
 -5.00000000E-01  2.03064500E+00 -1.32749305E+00 -6.77546463E-03  1.28868120E+00  0.00000000E+00  4.20217948E-03  2.72577347E-01
 -5.00000000E-01  2.03088000E+00 -1.32853877E+00 -6.60778392E-03  1.28868313E+00  0.00000000E+00  4.05023781E-03  2.77321019E-01
 -5.00000000E-01  2.03111500E+00 -1.32956215E+00 -6.44197752E-03  1.28868467E+00  0.00000000E+00  3.90398266E-03  2.82154906E-01
 -5.00000000E-01  2.03135000E+00 -1.33056246E+00 -6.27822518E-03  1.28868584E+00  0.00000000E+00  3.76347389E-03  2.87069978E-01
 -5.00000000E-01  2.03158500E+00 -1.33153899E+00 -6.11670622E-03  1.28868665E+00  0.00000000E+00  3.62875758E-03  2.92056041E-01
 -5.00000000E-01  2.03182000E+00 -1.33249107E+00 -5.95759856E-03  1.28868713E+00  0.00000000E+00  3.49986517E-03  2.97101715E-01
 -5.00000000E-01  2.03205500E+00 -1.33341804E+00 -5.80107763E-03  1.28868730E+00  0.00000000E+00  3.37681259E-03  3.02194416E-01
 -5.00000000E-01  2.03229000E+00 -1.33431928E+00 -5.64731518E-03  1.28868717E+00  0.00000000E+00  3.25959935E-03  3.07320342E-01
 -5.00000000E-01  2.03252500E+00 -1.33519422E+00 -5.49647801E-03  1.28868679E+00  0.00000000E+00  3.14820769E-03  3.12464477E-01
 -5.00000000E-01  2.03276000E+00 -1.33604232E+00 -5.34872662E-03  1.28868618E+00  0.00000000E+00  3.04260170E-03  3.17610594E-01
 -5.00000000E-01  2.03299500E+00 -1.33686310E+00 -5.20421365E-03  1.28868538E+00  0.00000000E+00  2.94272644E-03  3.22741272E-01
 -5.00000000E-01  2.03323000E+00 -1.33765615E+00 -5.06308233E-03  1.28868444E+00  0.00000000E+00  2.84850707E-03  3.27837921E-01
 -5.00000000E-01  2.03346500E+00 -1.33842110E+00 -4.92546470E-03  1.28868341E+00  0.00000000E+00  2.75984798E-03  3.32880820E-01
 -5.00000000E-01  2.03370000E+00 -1.33915768E+00 -4.79147984E-03  1.28868232E+00  0.00000000E+00  2.67663193E-03  3.37849164E-01
 -5.00000000E-01  2.03393500E+00 -1.33986570E+00 -4.66123180E-03  1.28868126E+00  0.00000000E+00  2.59871923E-03  3.42721120E-01
 -5.00000000E-01  2.03417000E+00 -1.34054508E+00 -4.53488292E-03  1.28867936E+00  0.00000000E+00  2.52596841E-03  3.47478024E-01
 -5.00000000E-01  2.03440500E+00 -1.34119603E+00 -4.41240453E-03  1.28867746E+00  0.00000000E+00  2.45825874E-03  3.52122512E-01
 -5.00000000E-01  2.03464000E+00 -1.34181853E+00 -4.29384623E-03  1.28867583E+00  0.00000000E+00  2.39541535E-03  3.56634657E-01
 -5.00000000E-01  2.03487500E+00 -1.34241271E+00 -4.17926915E-03  1.28867437E+00  0.00000000E+00  2.33724796E-03  3.60995425E-01
 -5.00000000E-01  2.03511000E+00 -1.34297882E+00 -4.06870709E-03  1.28867300E+00  0.00000000E+00  2.28355576E-03  3.65189556E-01
 -5.00000000E-01  2.03534500E+00 -1.34351722E+00 -3.96216918E-03  1.28867167E+00  0.00000000E+00  2.23413017E-03  3.69205197E-01
 -5.00000000E-01  2.03558000E+00 -1.34402840E+00 -3.85964233E-03  1.28867037E+00  0.00000000E+00  2.18875729E-03  3.73033562E-01
 -5.00000000E-01  2.03581500E+00 -1.34451293E+00 -3.76109360E-03  1.28866906E+00  0.00000000E+00  2.14722017E-03  3.76668608E-01
 -5.00000000E-01  2.03605000E+00 -1.34497146E+00 -3.66647245E-03  1.28866776E+00  0.00000000E+00  2.10930087E-03  3.80106725E-01
 -5.00000000E-01  2.03628500E+00 -1.34540473E+00 -3.57571284E-03  1.28866646E+00  0.00000000E+00  2.07478227E-03  3.83346459E-01
 -5.00000000E-01  2.03652000E+00 -1.34581352E+00 -3.48873522E-03  1.28866519E+00  0.00000000E+00  2.04344967E-03  3.86388239E-01
 -5.00000000E-01  2.03675500E+00 -1.34619865E+00 -3.40544840E-03  1.28866395E+00  0.00000000E+00  2.01509228E-03  3.89234131E-01
 -5.00000000E-01  2.03699000E+00 -1.34656100E+00 -3.32575131E-03  1.28866276E+00  0.00000000E+00  1.98950445E-03  3.91887606E-01
 -5.00000000E-01  2.03722500E+00 -1.34690145E+00 -3.24953467E-03  1.28866166E+00  0.00000000E+00  1.96648670E-03  3.94353327E-01
 -5.00000000E-01  2.03746000E+00 -1.34722092E+00 -3.17668246E-03  1.28866065E+00  0.00000000E+00  1.94584670E-03  3.96636948E-01
 -5.00000000E-01  2.03769500E+00 -1.34752034E+00 -3.10707342E-03  1.28865976E+00  0.00000000E+00  1.92739994E-03  3.98744934E-01
 -5.00000000E-01  2.03793000E+00 -1.34780063E+00 -3.04058231E-03  1.28865900E+00  0.00000000E+00  1.91097042E-03  4.00684393E-01
 -5.00000000E-01  2.03816500E+00 -1.34806272E+00 -2.97708118E-03  1.28865838E+00  0.00000000E+00  1.89639102E-03  4.02462922E-01
 -5.00000000E-01  2.03840000E+00 -1.34830755E+00 -2.91644047E-03  1.28865792E+00  0.00000000E+00  1.88350390E-03  4.04088473E-01
 -5.00000000E-01  2.03863500E+00 -1.34853601E+00 -2.85853002E-03  1.28865761E+00  0.00000000E+00  1.87216069E-03  4.05569222E-01
 -5.00000000E-01  2.03887000E+00 -1.34874900E+00 -2.80322002E-03  1.28865747E+00  0.00000000E+00  1.86222257E-03  4.06913463E-01
 -5.00000000E-01  2.03910500E+00 -1.34894740E+00 -2.75038186E-03  1.28865749E+00  0.00000000E+00  1.85356029E-03  4.08129502E-01
 -5.00000000E-01  2.03934000E+00 -1.34913205E+00 -2.69988885E-03  1.28865766E+00  0.00000000E+00  1.84605403E-03  4.09225576E-01
 -5.00000000E-01  2.03957500E+00 -1.34930377E+00 -2.65161690E-03  1.28865799E+00  0.00000000E+00  1.83959328E-03  4.10209776E-01
 -5.00000000E-01  2.03981000E+00 -1.34946337E+00 -2.60544511E-03  1.28865845E+00  0.00000000E+00  1.83407649E-03  4.11089975E-01
 -5.00000000E-01  2.04004500E+00 -1.34961159E+00 -2.56125624E-03  1.28865905E+00  0.00000000E+00  1.82941080E-03  4.11873781E-01
 -5.00000000E-01  2.04028000E+00 -1.34974918E+00 -2.51893718E-03  1.28865977E+00  0.00000000E+00  1.82551165E-03  4.12568490E-01
 -5.00000000E-01  2.04051500E+00 -1.34987682E+00 -2.47837926E-03  1.28866059E+00  0.00000000E+00  1.82230228E-03  4.13181044E-01
 -5.00000000E-01  2.04075000E+00 -1.34999517E+00 -2.43947854E-03  1.28866151E+00  0.00000000E+00  1.81971332E-03  4.13718013E-01
 -5.00000000E-01  2.04098500E+00 -1.35010487E+00 -2.40213602E-03  1.28866252E+00  0.00000000E+00  1.81768223E-03  4.14185565E-01
 -5.00000000E-01  2.04122000E+00 -1.35020651E+00 -2.36625776E-03  1.28866360E+00  0.00000000E+00  1.81615278E-03  4.14589465E-01
 -5.00000000E-01  2.04145500E+00 -1.35030063E+00 -2.33175497E-03  1.28866475E+00  0.00000000E+00  1.81507450E-03  4.14935060E-01
 -5.00000000E-01  2.04169000E+00 -1.35038777E+00 -2.29854402E-03  1.28866597E+00  0.00000000E+00  1.81440210E-03  4.15227288E-01
 -5.00000000E-01  2.04192500E+00 -1.35046841E+00 -2.26654638E-03  1.28866724E+00  0.00000000E+00  1.81409495E-03  4.15470683E-01
 -5.00000000E-01  2.04216000E+00 -1.35054302E+00 -2.23568854E-03  1.28866858E+00  0.00000000E+00  1.81411652E-03  4.15669384E-01
 -5.00000000E-01  2.04239500E+00 -1.35061200E+00 -2.20590182E-03  1.28866999E+00  0.00000000E+00  1.81443387E-03  4.15827158E-01
 -5.00000000E-01  2.04263000E+00 -1.35067578E+00 -2.17712220E-03  1.28867147E+00  0.00000000E+00  1.81501715E-03  4.15947419E-01
 -5.00000000E-01  2.04286500E+00 -1.35073470E+00 -2.14929002E-03  1.28867303E+00  0.00000000E+00  1.81583915E-03  4.16033255E-01
 -5.00000000E-01  2.04310000E+00 -1.35078913E+00 -2.12234972E-03  1.28867469E+00  0.00000000E+00  1.81687492E-03  4.16087454E-01
 -5.00000000E-01  2.04333500E+00 -1.35083936E+00 -2.09624947E-03  1.28867645E+00  0.00000000E+00  1.81810141E-03  4.16112536E-01
 -5.00000000E-01  2.04357000E+00 -1.35088571E+00 -2.07094076E-03  1.28867833E+00  0.00000000E+00  1.81949721E-03  4.16110789E-01
 -5.00000000E-01  2.04380500E+00 -1.35092845E+00 -2.04637804E-03  1.28868035E+00  0.00000000E+00  1.82104229E-03  4.16084298E-01
 -5.00000000E-01  2.04404000E+00 -1.35096784E+00 -2.02251819E-03  1.28868251E+00  0.00000000E+00  1.82271799E-03  4.16034989E-01
 -5.00000000E-01  2.04427500E+00 -1.35100411E+00 -1.99932010E-03  1.28868483E+00  0.00000000E+00  1.82450687E-03  4.15964655E-01
 -5.00000000E-01  2.04451000E+00 -1.35103750E+00 -1.97674406E-03  1.28868730E+00  0.00000000E+00  1.82639291E-03  4.15875000E-01
 -5.00000000E-01  2.04474500E+00 -1.35106823E+00 -1.95475131E-03  1.28868992E+00  0.00000000E+00  1.82836160E-03  4.15767671E-01
 -5.00000000E-01  2.04498000E+00 -1.35109650E+00 -1.93330338E-03  1.28869267E+00  0.00000000E+00  1.83040029E-03  4.15644292E-01
 -5.00000000E-01  2.04521500E+00 -1.35112250E+00 -1.91236156E-03  1.28869552E+00  0.00000000E+00  1.83249865E-03  4.15506494E-01
 -5.00000000E-01  2.04545000E+00 -1.35114644E+00 -1.89188625E-03  1.28869842E+00  0.00000000E+00  1.83464920E-03  4.15355949E-01
 -5.00000000E-01  2.04568500E+00 -1.35116849E+00 -1.87183634E-03  1.28870129E+00  0.00000000E+00  1.83684807E-03  4.15194395E-01
 -5.00000000E-01  2.04592000E+00 -1.35118884E+00 -1.85216857E-03  1.28870404E+00  0.00000000E+00  1.83909585E-03  4.15023659E-01
 -5.00000000E-01  2.04615500E+00 -1.35120768E+00 -1.83283686E-03  1.28870654E+00  0.00000000E+00  1.84139865E-03  4.14845675E-01
 -5.00000000E-01  2.04639000E+00 -1.35122511E+00 -1.81386010E-03  1.28870896E+00  0.00000000E+00  1.84375632E-03  4.14661046E-01
 -5.00000000E-01  2.04662500E+00 -1.35124101E+00 -1.79538453E-03  1.28871225E+00  0.00000000E+00  1.84611793E-03  4.14465880E-01
 -5.00000000E-01  2.04686000E+00 -1.35125566E+00 -1.77720603E-03  1.28871558E+00  0.00000000E+00  1.84850043E-03  4.14264105E-01
 -5.00000000E-01  2.04709500E+00 -1.35126915E+00 -1.75931412E-03  1.28871896E+00  0.00000000E+00  1.85089957E-03  4.14056461E-01
 -5.00000000E-01  2.04733000E+00 -1.35128157E+00 -1.74169741E-03  1.28872239E+00  0.00000000E+00  1.85331140E-03  4.13843642E-01
 -5.00000000E-01  2.04756500E+00 -1.35129302E+00 -1.72434386E-03  1.28872588E+00  0.00000000E+00  1.85573227E-03  4.13626294E-01
 -5.00000000E-01  2.04780000E+00 -1.35130356E+00 -1.70724097E-03  1.28872944E+00  0.00000000E+00  1.85815874E-03  4.13405022E-01
 -5.00000000E-01  2.04803500E+00 -1.35131328E+00 -1.69037596E-03  1.28873306E+00  0.00000000E+00  1.86058765E-03  4.13180389E-01
 -5.00000000E-01  2.04827000E+00 -1.35132223E+00 -1.67373591E-03  1.28873676E+00  0.00000000E+00  1.86301606E-03  4.12952921E-01
 -5.00000000E-01  2.04850500E+00 -1.35133049E+00 -1.65730789E-03  1.28874053E+00  0.00000000E+00  1.86544125E-03  4.12723102E-01
 -5.00000000E-01  2.04874000E+00 -1.35133810E+00 -1.64107910E-03  1.28874438E+00  0.00000000E+00  1.86786070E-03  4.12491385E-01
 -5.00000000E-01  2.04897500E+00 -1.35134513E+00 -1.62503694E-03  1.28874832E+00  0.00000000E+00  1.87027207E-03  4.12258185E-01
 -5.00000000E-01  2.04921000E+00 -1.35135162E+00 -1.60916908E-03  1.28875234E+00  0.00000000E+00  1.87267322E-03  4.12023888E-01
 -5.00000000E-01  2.04944500E+00 -1.35135760E+00 -1.59346355E-03  1.28875645E+00  0.00000000E+00  1.87506217E-03  4.11788846E-01
 -5.00000000E-01  2.04968000E+00 -1.35136313E+00 -1.57790873E-03  1.28876065E+00  0.00000000E+00  1.87743708E-03  4.11553383E-01
 -5.00000000E-01  2.04991500E+00 -1.35136823E+00 -1.56249343E-03  1.28876493E+00  0.00000000E+00  1.87979626E-03  4.11317794E-01
 -5.00000000E-01  2.05015000E+00 -1.35137293E+00 -1.54720688E-03  1.28876931E+00  0.00000000E+00  1.88213817E-03  4.11082348E-01
 -5.00000000E-01  2.05038500E+00 -1.35137726E+00 -1.53203872E-03  1.28877378E+00  0.00000000E+00  1.88446138E-03  4.10847287E-01
 -5.00000000E-01  2.05062000E+00 -1.35138125E+00 -1.51697901E-03  1.28877834E+00  0.00000000E+00  1.88676457E-03  4.10612829E-01
 -5.00000000E-01  2.05085500E+00 -1.35138491E+00 -1.50201819E-03  1.28878299E+00  0.00000000E+00  1.88904655E-03  4.10379168E-01
 -5.00000000E-01  2.05109000E+00 -1.35138825E+00 -1.48714706E-03  1.28878773E+00  0.00000000E+00  1.89130622E-03  4.10146477E-01
 -5.00000000E-01  2.05132500E+00 -1.35139130E+00 -1.47235674E-03  1.28879256E+00  0.00000000E+00  1.89354257E-03  4.09914905E-01
 -5.00000000E-01  2.05156000E+00 -1.35139406E+00 -1.45763860E-03  1.28879747E+00  0.00000000E+00  1.89575470E-03  4.09684579E-01
 -5.00000000E-01  2.05179500E+00 -1.35139653E+00 -1.44298424E-03  1.28880247E+00  0.00000000E+00  1.89794176E-03  4.09455610E-01
 -5.00000000E-01  2.05203000E+00 -1.35139873E+00 -1.42838541E-03  1.28880756E+00  0.00000000E+00  1.90010302E-03  4.09228084E-01
 -5.00000000E-01  2.05226500E+00 -1.35140065E+00 -1.41383394E-03  1.28881274E+00  0.00000000E+00  1.90223782E-03  4.09002070E-01
 -5.00000000E-01  2.05250000E+00 -1.35140229E+00 -1.39932169E-03  1.28881800E+00  0.00000000E+00  1.90434556E-03  4.08777619E-01
 -5.00000000E-01  2.05273500E+00 -1.35140363E+00 -1.38484044E-03  1.28882334E+00  0.00000000E+00  1.90642575E-03  4.08554761E-01
 -5.00000000E-01  2.05297000E+00 -1.35140469E+00 -1.37038188E-03  1.28882877E+00  0.00000000E+00  1.90847796E-03  4.08333509E-01
 -5.00000000E-01  2.05320500E+00 -1.35140543E+00 -1.35593749E-03  1.28883428E+00  0.00000000E+00  1.91050185E-03  4.08113855E-01
 -5.00000000E-01  2.05344000E+00 -1.35140585E+00 -1.34149847E-03  1.28883988E+00  0.00000000E+00  1.91249715E-03  4.07895776E-01
 -5.00000000E-01  2.05367500E+00 -1.35140593E+00 -1.32705568E-03  1.28884556E+00  0.00000000E+00  1.91446370E-03  4.07679226E-01
 -5.00000000E-01  2.05391000E+00 -1.35140565E+00 -1.31259960E-03  1.28885133E+00  0.00000000E+00  1.91640143E-03  4.07464144E-01
 -5.00000000E-01  2.05414500E+00 -1.35140498E+00 -1.29812020E-03  1.28885719E+00  0.00000000E+00  1.91831036E-03  4.07250445E-01
 -5.00000000E-01  2.05438000E+00 -1.35140389E+00 -1.28360695E-03  1.28886313E+00  0.00000000E+00  1.92019063E-03  4.07038028E-01
 -5.00000000E-01  2.05461500E+00 -1.35140235E+00 -1.26904873E-03  1.28886917E+00  0.00000000E+00  1.92204250E-03  4.06826768E-01
 -5.00000000E-01  2.05485000E+00 -1.35140032E+00 -1.25443377E-03  1.28887529E+00  0.00000000E+00  1.92386637E-03  4.06616521E-01
 -5.00000000E-01  2.05508500E+00 -1.35139777E+00 -1.23974965E-03  1.28888151E+00  0.00000000E+00  1.92566277E-03  4.06407118E-01
 -5.00000000E-01  2.05532000E+00 -1.35139465E+00 -1.22498326E-03  1.28888783E+00  0.00000000E+00  1.92743238E-03  4.06198370E-01
 -5.00000000E-01  2.05555500E+00 -1.35139090E+00 -1.21012074E-03  1.28889424E+00  0.00000000E+00  1.92917609E-03  4.05990061E-01
 -5.00000000E-01  2.05579000E+00 -1.35138648E+00 -1.19514755E-03  1.28890075E+00  0.00000000E+00  1.93089493E-03  4.05781948E-01
 -5.00000000E-01  2.05602500E+00 -1.35138132E+00 -1.18004837E-03  1.28890736E+00  0.00000000E+00  1.93259018E-03  4.05573763E-01
 -5.00000000E-01  2.05626000E+00 -1.35137536E+00 -1.16480724E-03  1.28891406E+00  0.00000000E+00  1.93426333E-03  4.05365209E-01
 -5.00000000E-01  2.05649500E+00 -1.35136854E+00 -1.14940746E-03  1.28892086E+00  0.00000000E+00  1.93591613E-03  4.05155958E-01
 -5.00000000E-01  2.05673000E+00 -1.35136076E+00 -1.13383175E-03  1.28892775E+00  0.00000000E+00  1.93755060E-03  4.04945648E-01
 -5.00000000E-01  2.05696500E+00 -1.35135196E+00 -1.11806224E-03  1.28893473E+00  0.00000000E+00  1.93916905E-03  4.04733885E-01
 -5.00000000E-01  2.05720000E+00 -1.35134203E+00 -1.10208058E-03  1.28894179E+00  0.00000000E+00  1.94077414E-03  4.04520238E-01
 -5.00000000E-01  2.05743500E+00 -1.35133089E+00 -1.08586803E-03  1.28894892E+00  0.00000000E+00  1.94236887E-03  4.04304236E-01
 -5.00000000E-01  2.05767000E+00 -1.35131843E+00 -1.06940557E-03  1.28895612E+00  0.00000000E+00  1.94395663E-03  4.04085368E-01
 -5.00000000E-01  2.05790500E+00 -1.35130453E+00 -1.05267405E-03  1.28896337E+00  0.00000000E+00  1.94554123E-03  4.03863080E-01
 -5.00000000E-01  2.05814000E+00 -1.35128907E+00 -1.03565435E-03  1.28897064E+00  0.00000000E+00  1.94712693E-03  4.03636769E-01
 -5.00000000E-01  2.05837500E+00 -1.35127193E+00 -1.01832754E-03  1.28897792E+00  0.00000000E+00  1.94871850E-03  4.03405786E-01
 -5.00000000E-01  2.05861000E+00 -1.35125296E+00 -1.00067513E-03  1.28898518E+00  0.00000000E+00  1.95032121E-03  4.03169427E-01
 -5.00000000E-01  2.05884500E+00 -1.35123177E+00 -9.82428973E-04  1.28899374E+00  0.00000000E+00  1.95194612E-03  4.02921564E-01
 -5.00000000E-01  2.05908000E+00 -1.35120861E+00 -9.63791142E-04  1.28900219E+00  0.00000000E+00  1.95359946E-03  4.02670547E-01
 -5.00000000E-01  2.05931500E+00 -1.35118330E+00 -9.44776390E-04  1.28901023E+00  0.00000000E+00  1.95528408E-03  4.02415284E-01
 -5.00000000E-01  2.05955000E+00 -1.35115558E+00 -9.25315437E-04  1.28901807E+00  0.00000000E+00  1.95700682E-03  4.02152623E-01
 -5.00000000E-01  2.05978500E+00 -1.35112516E+00 -9.05344843E-04  1.28902583E+00  0.00000000E+00  1.95877722E-03  4.01879966E-01
 -5.00000000E-01  2.06002000E+00 -1.35109180E+00 -8.84805533E-04  1.28903364E+00  0.00000000E+00  1.96060711E-03  4.01595145E-01
 -5.00000000E-01  2.06025500E+00 -1.35105524E+00 -8.63641438E-04  1.28904155E+00  0.00000000E+00  1.96251030E-03  4.01296306E-01
 -5.00000000E-01  2.06049000E+00 -1.35101521E+00 -8.41798238E-04  1.28904962E+00  0.00000000E+00  1.96450238E-03  4.00981805E-01
 -5.00000000E-01  2.06072500E+00 -1.35097146E+00 -8.19222225E-04  1.28905787E+00  0.00000000E+00  1.96660058E-03  4.00650116E-01
 -5.00000000E-01  2.06096000E+00 -1.35092372E+00 -7.95859265E-04  1.28906631E+00  0.00000000E+00  1.96882384E-03  4.00299741E-01
 -5.00000000E-01  2.06119500E+00 -1.35087168E+00 -7.71653862E-04  1.28907493E+00  0.00000000E+00  1.97119277E-03  3.99929136E-01
 -5.00000000E-01  2.06143000E+00 -1.35081506E+00 -7.46548333E-04  1.28908374E+00  0.00000000E+00  1.97372988E-03  3.99536641E-01
 -5.00000000E-01  2.06166500E+00 -1.35075352E+00 -7.20482074E-04  1.28909270E+00  0.00000000E+00  1.97645972E-03  3.99120422E-01
 -5.00000000E-01  2.06190000E+00 -1.35068672E+00 -6.93390935E-04  1.28910180E+00  0.00000000E+00  1.97940919E-03  3.98678421E-01
 -5.00000000E-01  2.06213500E+00 -1.35061429E+00 -6.65206680E-04  1.28911101E+00  0.00000000E+00  1.98260783E-03  3.98208311E-01
 -5.00000000E-01  2.06237000E+00 -1.35053581E+00 -6.35856555E-04  1.28912033E+00  0.00000000E+00  1.98608818E-03  3.97707463E-01
 -5.00000000E-01  2.06260500E+00 -1.35045087E+00 -6.05262936E-04  1.28912971E+00  0.00000000E+00  1.98988619E-03  3.97172919E-01
 -5.00000000E-01  2.06284000E+00 -1.35035901E+00 -5.73343081E-04  1.28913916E+00  0.00000000E+00  1.99404165E-03  3.96601377E-01
 -5.00000000E-01  2.06307500E+00 -1.35025972E+00 -5.40008958E-04  1.28914866E+00  0.00000000E+00  1.99859860E-03  3.95989171E-01
 -5.00000000E-01  2.06331000E+00 -1.35015250E+00 -5.05167175E-04  1.28915819E+00  0.00000000E+00  2.00360582E-03  3.95332276E-01
 -5.00000000E-01  2.06354500E+00 -1.35003677E+00 -4.68718981E-04  1.28916776E+00  0.00000000E+00  2.00911728E-03  3.94626308E-01
 -5.00000000E-01  2.06378000E+00 -1.34991196E+00 -4.30560364E-04  1.28917736E+00  0.00000000E+00  2.01519262E-03  3.93866532E-01
 -5.00000000E-01  2.06401500E+00 -1.34977743E+00 -3.90582219E-04  1.28918700E+00  0.00000000E+00  2.02189755E-03  3.93047884E-01
 -5.00000000E-01  2.06425000E+00 -1.34963255E+00 -3.48670605E-04  1.28919668E+00  0.00000000E+00  2.02930437E-03  3.92164990E-01
 -5.00000000E-01  2.06448500E+00 -1.34947662E+00 -3.04707076E-04  1.28920641E+00  0.00000000E+00  2.03749230E-03  3.91212199E-01
 -5.00000000E-01  2.06472000E+00 -1.34930893E+00 -2.58569087E-04  1.28921621E+00  0.00000000E+00  2.04654790E-03  3.90183618E-01
 -5.00000000E-01  2.06495500E+00 -1.34912874E+00 -2.10130478E-04  1.28922608E+00  0.00000000E+00  2.05656540E-03  3.89073158E-01
 -5.00000000E-01  2.06519000E+00 -1.34893529E+00 -1.59262027E-04  1.28923604E+00  0.00000000E+00  2.06764699E-03  3.87874575E-01
 -5.00000000E-01  2.06542500E+00 -1.34872779E+00 -1.05832076E-04  1.28924609E+00  0.00000000E+00  2.07990306E-03  3.86581533E-01
 -5.00000000E-01  2.06566000E+00 -1.34850543E+00 -4.97072224E-05  1.28925625E+00  0.00000000E+00  2.09345237E-03  3.85187657E-01
 -5.00000000E-01  2.06589500E+00 -1.34826738E+00  9.24691803E-06  1.28926653E+00  0.00000000E+00  2.10842214E-03  3.83686602E-01
 -5.00000000E-01  2.06613000E+00 -1.34801280E+00  7.11648878E-05  1.28927692E+00  0.00000000E+00  2.12494809E-03  3.82072118E-01
 -5.00000000E-01  2.06636500E+00 -1.34774085E+00  1.36180499E-04  1.28928743E+00  0.00000000E+00  2.14317439E-03  3.80338132E-01
 -5.00000000E-01  2.06660000E+00 -1.34745067E+00  2.04425884E-04  1.28929805E+00  0.00000000E+00  2.16325349E-03  3.78478822E-01
 -5.00000000E-01  2.06683500E+00 -1.34714140E+00  2.76030488E-04  1.28930877E+00  0.00000000E+00  2.18534586E-03  3.76488704E-01
 -5.00000000E-01  2.06707000E+00 -1.34681220E+00  3.51120002E-04  1.28931959E+00  0.00000000E+00  2.20961965E-03  3.74362722E-01
 -5.00000000E-01  2.06730500E+00 -1.34646222E+00  4.29815240E-04  1.28933048E+00  0.00000000E+00  2.23625018E-03  3.72096336E-01
 -5.00000000E-01  2.06754000E+00 -1.34609063E+00  5.12230969E-04  1.28934142E+00  0.00000000E+00  2.26541938E-03  3.69685625E-01
 -5.00000000E-01  2.06777500E+00 -1.34569663E+00  5.98474679E-04  1.28935238E+00  0.00000000E+00  2.29731503E-03  3.67127384E-01
 -5.00000000E-01  2.06801000E+00 -1.34527945E+00  6.88645305E-04  1.28936334E+00  0.00000000E+00  2.33212991E-03  3.64419231E-01
 -5.00000000E-01  2.06824500E+00 -1.34483832E+00  7.82831907E-04  1.28937426E+00  0.00000000E+00  2.37006073E-03  3.61559711E-01
 -5.00000000E-01  2.06848000E+00 -1.34437256E+00  8.81112297E-04  1.28938510E+00  0.00000000E+00  2.41130705E-03  3.58548413E-01
 -5.00000000E-01  2.06871500E+00 -1.34388151E+00  9.83551625E-04  1.28939585E+00  0.00000000E+00  2.45606986E-03  3.55386080E-01
 -5.00000000E-01  2.06895000E+00 -1.34336457E+00  1.09020092E-03  1.28940646E+00  0.00000000E+00  2.50455014E-03  3.52074727E-01
 -5.00000000E-01  2.06918500E+00 -1.34282121E+00  1.20109560E-03  1.28941694E+00  0.00000000E+00  2.55694714E-03  3.48617762E-01
 -5.00000000E-01  2.06942000E+00 -1.34225097E+00  1.31625393E-03  1.28942725E+00  0.00000000E+00  2.61345657E-03  3.45020111E-01
 -5.00000000E-01  2.06965500E+00 -1.34165348E+00  1.43567545E-03  1.28943742E+00  0.00000000E+00  2.67426849E-03  3.41288335E-01
 -5.00000000E-01  2.06989000E+00 -1.34102844E+00  1.55933935E-03  1.28944747E+00  0.00000000E+00  2.73956510E-03  3.37430767E-01
 -5.00000000E-01  2.07012500E+00 -1.34037569E+00  1.68720289E-03  1.28945744E+00  0.00000000E+00  2.80951826E-03  3.33457633E-01
 -5.00000000E-01  2.07036000E+00 -1.33969514E+00  1.81919966E-03  1.28946742E+00  0.00000000E+00  2.88428683E-03  3.29381190E-01
 -5.00000000E-01  2.07059500E+00 -1.33898686E+00  1.95523789E-03  1.28947752E+00  0.00000000E+00  2.96401376E-03  3.25215850E-01
 -5.00000000E-01  2.07083000E+00 -1.33825104E+00  2.09519879E-03  1.28948789E+00  0.00000000E+00  3.04882297E-03  3.20978323E-01
 -5.00000000E-01  2.07106500E+00 -1.33748788E+00  2.23899814E-03  1.28949810E+00  0.00000000E+00  3.13882945E-03  3.16684085E-01
 -5.00000000E-01  2.07130000E+00 -1.33669723E+00  2.38667628E-03  1.28950687E+00  0.00000000E+00  3.23415396E-03  3.12330598E-01
 -5.00000000E-01  2.07153500E+00 -1.33587949E+00  2.53798593E-03  1.28951558E+00  0.00000000E+00  3.33486299E-03  3.07935140E-01
 -5.00000000E-01  2.07177000E+00 -1.33503505E+00  2.69278485E-03  1.28952414E+00  0.00000000E+00  3.44103572E-03  3.03513463E-01
 -5.00000000E-01  2.07200500E+00 -1.33416433E+00  2.85092088E-03  1.28953247E+00  0.00000000E+00  3.55273152E-03  2.99080306E-01
 -5.00000000E-01  2.07224000E+00 -1.33326783E+00  3.01223347E-03  1.28954051E+00  0.00000000E+00  3.66999092E-03  2.94649403E-01
 -5.00000000E-01  2.07247500E+00 -1.33234608E+00  3.17655516E-03  1.28954821E+00  0.00000000E+00  3.79283662E-03  2.90233484E-01
 -5.00000000E-01  2.07271000E+00 -1.33139964E+00  3.34371288E-03  1.28955552E+00  0.00000000E+00  3.92127443E-03  2.85844297E-01
 -5.00000000E-01  2.07294500E+00 -1.33042913E+00  3.51352924E-03  1.28956240E+00  0.00000000E+00  4.05529423E-03  2.81492617E-01
 -5.00000000E-01  2.07318000E+00 -1.32943518E+00  3.68582365E-03  1.28956884E+00  0.00000000E+00  4.19487091E-03  2.77188270E-01
 -5.00000000E-01  2.07341500E+00 -1.32841843E+00  3.86041339E-03  1.28957480E+00  0.00000000E+00  4.33996525E-03  2.72940152E-01
 -5.00000000E-01  2.07365000E+00 -1.32737957E+00  4.03711463E-03  1.28958027E+00  0.00000000E+00  4.49052485E-03  2.68756261E-01
 -5.00000000E-01  2.07388500E+00 -1.32631930E+00  4.21574329E-03  1.28958523E+00  0.00000000E+00  4.64648498E-03  2.64643718E-01
 -5.00000000E-01  2.07412000E+00 -1.32523832E+00  4.39611587E-03  1.28958968E+00  0.00000000E+00  4.80776945E-03  2.60608806E-01
 -5.00000000E-01  2.07435500E+00 -1.32413735E+00  4.57805018E-03  1.28959361E+00  0.00000000E+00  4.97429145E-03  2.56656996E-01
 -5.00000000E-01  2.07459000E+00 -1.32301711E+00  4.76136604E-03  1.28959701E+00  0.00000000E+00  5.14595436E-03  2.52792990E-01
 -5.00000000E-01  2.07482500E+00 -1.32187834E+00  4.94588586E-03  1.28959988E+00  0.00000000E+00  5.32265254E-03  2.49020750E-01
 -5.00000000E-01  2.07506000E+00 -1.32072176E+00  5.13143517E-03  1.28960222E+00  0.00000000E+00  5.50427211E-03  2.45343544E-01
 -5.00000000E-01  2.07529500E+00 -1.31954809E+00  5.31784308E-03  1.28960403E+00  0.00000000E+00  5.69069174E-03  2.41763983E-01
 -5.00000000E-01  2.07553000E+00 -1.31835808E+00  5.50494272E-03  1.28960530E+00  0.00000000E+00  5.88178334E-03  2.38284061E-01
 -5.00000000E-01  2.07576500E+00 -1.31715244E+00  5.69257157E-03  1.28960605E+00  0.00000000E+00  6.07741278E-03  2.34905199E-01
 -5.00000000E-01  2.07600000E+00 -1.31593189E+00  5.88057175E-03  1.28960626E+00  0.00000000E+00  6.27744059E-03  2.31628287E-01
 -5.00000000E-01  2.07623500E+00 -1.31469713E+00  6.06879030E-03  1.28960595E+00  0.00000000E+00  6.48172264E-03  2.28453725E-01
 -5.00000000E-01  2.07647000E+00 -1.31344887E+00  6.25707933E-03  1.28960511E+00  0.00000000E+00  6.69011076E-03  2.25381469E-01
 -5.00000000E-01  2.07670500E+00 -1.31218781E+00  6.44529623E-03  1.28960375E+00  0.00000000E+00  6.90245338E-03  2.22411072E-01
 -5.00000000E-01  2.07694000E+00 -1.31091461E+00  6.63330374E-03  1.28960187E+00  0.00000000E+00  7.11859611E-03  2.19541726E-01
 -5.00000000E-01  2.07717500E+00 -1.30962995E+00  6.82097005E-03  1.28959948E+00  0.00000000E+00  7.33838232E-03  2.16772304E-01
 -5.00000000E-01  2.07741000E+00 -1.30833449E+00  7.00816885E-03  1.28959659E+00  0.00000000E+00  7.56165371E-03  2.14101400E-01
 -5.00000000E-01  2.07764500E+00 -1.30702888E+00  7.19477931E-03  1.28959320E+00  0.00000000E+00  7.78825078E-03  2.11527373E-01
 -5.00000000E-01  2.07788000E+00 -1.30571373E+00  7.38068609E-03  1.28958931E+00  0.00000000E+00  8.01801340E-03  2.09048379E-01
 -5.00000000E-01  2.07811500E+00 -1.30438968E+00  7.56577928E-03  1.28958495E+00  0.00000000E+00  8.25078122E-03  2.06662411E-01
 -5.00000000E-01  2.07835000E+00 -1.30305732E+00  7.74995436E-03  1.28958012E+00  0.00000000E+00  8.48639414E-03  2.04367335E-01
 -5.00000000E-01  2.07858500E+00 -1.30171724E+00  7.93311207E-03  1.28957484E+00  0.00000000E+00  8.72469272E-03  2.02160920E-01
 -5.00000000E-01  2.07882000E+00 -1.30037004E+00  8.11515837E-03  1.28956911E+00  0.00000000E+00  8.96551861E-03  2.00040871E-01
 -5.00000000E-01  2.07905500E+00 -1.29901626E+00  8.29600429E-03  1.28956296E+00  0.00000000E+00  9.20871483E-03  1.98004855E-01
 -5.00000000E-01  2.07929000E+00 -1.29765646E+00  8.47556582E-03  1.28955640E+00  0.00000000E+00  9.45412622E-03  1.96050526E-01
 -5.00000000E-01  2.07952500E+00 -1.29629117E+00  8.65376379E-03  1.28954945E+00  0.00000000E+00  9.70159963E-03  1.94175549E-01
 -5.00000000E-01  2.07976000E+00 -1.29492092E+00  8.83052375E-03  1.28954214E+00  0.00000000E+00  9.95098430E-03  1.92377618E-01
 -5.00000000E-01  2.07999500E+00 -1.29354622E+00  9.00577581E-03  1.28953448E+00  0.00000000E+00  1.02021320E-02  1.90654467E-01
 -5.00000000E-01  2.08023000E+00 -1.29216756E+00  9.17945457E-03  1.28952650E+00  0.00000000E+00  1.04548975E-02  1.89003888E-01
 -5.00000000E-01  2.08046500E+00 -1.29078543E+00  9.35149893E-03  1.28951823E+00  0.00000000E+00  1.07091382E-02  1.87423735E-01
 -5.00000000E-01  2.08070000E+00 -1.28940029E+00  9.52185207E-03  1.28950968E+00  0.00000000E+00  1.09647151E-02  1.85911926E-01
 -5.00000000E-01  2.08093500E+00 -1.28801260E+00  9.69046129E-03  1.28950089E+00  0.00000000E+00  1.12214922E-02  1.84466444E-01
 -5.00000000E-01  2.08117000E+00 -1.28662280E+00  9.85727797E-03  1.28949188E+00  0.00000000E+00  1.14793371E-02  1.83085329E-01
 -5.00000000E-01  2.08140500E+00 -1.28523133E+00  1.00222575E-02  1.28948268E+00  0.00000000E+00  1.17381206E-02  1.81766667E-01
 -5.00000000E-01  2.08164000E+00 -1.28383860E+00  1.01853593E-02  1.28947330E+00  0.00000000E+00  1.19977172E-02  1.80508575E-01
 -5.00000000E-01  2.08187500E+00 -1.28244500E+00  1.03465466E-02  1.28946376E+00  0.00000000E+00  1.22580048E-02  1.79309177E-01
 -5.00000000E-01  2.08211000E+00 -1.28105094E+00  1.05057870E-02  1.28945408E+00  0.00000000E+00  1.25188648E-02  1.78166578E-01
 -5.00000000E-01  2.08234500E+00 -1.27965679E+00  1.06630516E-02  1.28944427E+00  0.00000000E+00  1.27801820E-02  1.77078830E-01
 -5.00000000E-01  2.08258000E+00 -1.27826289E+00  1.08183162E-02  1.28943434E+00  0.00000000E+00  1.30418445E-02  1.76043892E-01
 -5.00000000E-01  2.08281500E+00 -1.27686961E+00  1.09715605E-02  1.28942428E+00  0.00000000E+00  1.33037435E-02  1.75059583E-01
 -5.00000000E-01  2.08305000E+00 -1.27547726E+00  1.11227689E-02  1.28941408E+00  0.00000000E+00  1.35657733E-02  1.74123531E-01
 -5.00000000E-01  2.08328500E+00 -1.27408616E+00  1.12719303E-02  1.28940372E+00  0.00000000E+00  1.38278309E-02  1.73233112E-01
 -5.00000000E-01  2.08352000E+00 -1.27269663E+00  1.14190061E-02  1.28939350E+00  0.00000000E+00  1.40898283E-02  1.72388965E-01
 -5.00000000E-01  2.08375500E+00 -1.27130899E+00  1.15639939E-02  1.28938333E+00  0.00000000E+00  1.43516741E-02  1.71589518E-01
 -5.00000000E-01  2.08399000E+00 -1.26992351E+00  1.17068913E-02  1.28937318E+00  0.00000000E+00  1.46132778E-02  1.70832655E-01
 -5.00000000E-01  2.08422500E+00 -1.26854047E+00  1.18476920E-02  1.28936307E+00  0.00000000E+00  1.48745550E-02  1.70116867E-01
 -5.00000000E-01  2.08446000E+00 -1.26716012E+00  1.19863924E-02  1.28935302E+00  0.00000000E+00  1.51354249E-02  1.69440697E-01
 -5.00000000E-01  2.08469500E+00 -1.26578271E+00  1.21229911E-02  1.28934306E+00  0.00000000E+00  1.53958104E-02  1.68802738E-01
 -5.00000000E-01  2.08493000E+00 -1.26440850E+00  1.22574890E-02  1.28933321E+00  0.00000000E+00  1.56556383E-02  1.68201632E-01
 -5.00000000E-01  2.08516500E+00 -1.26303769E+00  1.23898890E-02  1.28932348E+00  0.00000000E+00  1.59148386E-02  1.67636066E-01
 -5.00000000E-01  2.08540000E+00 -1.26167052E+00  1.25201960E-02  1.28931390E+00  0.00000000E+00  1.61733451E-02  1.67104770E-01
 -5.00000000E-01  2.08563500E+00 -1.26030719E+00  1.26484167E-02  1.28930449E+00  0.00000000E+00  1.64310949E-02  1.66606517E-01
 -5.00000000E-01  2.08587000E+00 -1.25894790E+00  1.27745596E-02  1.28929527E+00  0.00000000E+00  1.66880285E-02  1.66140116E-01
 -5.00000000E-01  2.08610500E+00 -1.25759283E+00  1.28986348E-02  1.28928627E+00  0.00000000E+00  1.69440896E-02  1.65704415E-01
 -5.00000000E-01  2.08634000E+00 -1.25624216E+00  1.30206538E-02  1.28927749E+00  0.00000000E+00  1.71992252E-02  1.65298300E-01
 -5.00000000E-01  2.08657500E+00 -1.25489605E+00  1.31406296E-02  1.28926896E+00  0.00000000E+00  1.74533854E-02  1.64920686E-01
 -5.00000000E-01  2.08681000E+00 -1.25355468E+00  1.32585766E-02  1.28926070E+00  0.00000000E+00  1.77065232E-02  1.64570526E-01
 -5.00000000E-01  2.08704500E+00 -1.25221818E+00  1.33745103E-02  1.28925272E+00  0.00000000E+00  1.79585946E-02  1.64246801E-01
 -5.00000000E-01  2.08728000E+00 -1.25088669E+00  1.34884474E-02  1.28924504E+00  0.00000000E+00  1.82095584E-02  1.63948524E-01
 -5.00000000E-01  2.08751500E+00 -1.24956035E+00  1.36004057E-02  1.28923768E+00  0.00000000E+00  1.84593763E-02  1.63674736E-01
 -5.00000000E-01  2.08775000E+00 -1.24823928E+00  1.37104038E-02  1.28923065E+00  0.00000000E+00  1.87080126E-02  1.63424507E-01
 -5.00000000E-01  2.08798500E+00 -1.24692359E+00  1.38184614E-02  1.28922398E+00  0.00000000E+00  1.89554341E-02  1.63196933E-01
 -5.00000000E-01  2.08822000E+00 -1.24561339E+00  1.39245988E-02  1.28921767E+00  0.00000000E+00  1.92016103E-02  1.62991139E-01
 -5.00000000E-01  2.08845500E+00 -1.24430878E+00  1.40288373E-02  1.28921174E+00  0.00000000E+00  1.94465129E-02  1.62806272E-01
 -5.00000000E-01  2.08869000E+00 -1.24300986E+00  1.41311985E-02  1.28920620E+00  0.00000000E+00  1.96901162E-02  1.62641505E-01
 -5.00000000E-01  2.08892500E+00 -1.24171670E+00  1.42317051E-02  1.28920108E+00  0.00000000E+00  1.99323964E-02  1.62496038E-01
 -5.00000000E-01  2.08916000E+00 -1.24042938E+00  1.43303798E-02  1.28919638E+00  0.00000000E+00  2.01733321E-02  1.62369091E-01
 -5.00000000E-01  2.08939500E+00 -1.23914797E+00  1.44272463E-02  1.28919212E+00  0.00000000E+00  2.04129039E-02  1.62259908E-01
 -5.00000000E-01  2.08963000E+00 -1.23787254E+00  1.45223284E-02  1.28918830E+00  0.00000000E+00  2.06510944E-02  1.62167756E-01
 -5.00000000E-01  2.08986500E+00 -1.23660315E+00  1.46156502E-02  1.28918495E+00  0.00000000E+00  2.08878881E-02  1.62091923E-01
 -5.00000000E-01  2.09010000E+00 -1.23533984E+00  1.47072365E-02  1.28918208E+00  0.00000000E+00  2.11232712E-02  1.62031720E-01
 -5.00000000E-01  2.09033500E+00 -1.23408267E+00  1.47971120E-02  1.28917969E+00  0.00000000E+00  2.13572319E-02  1.61986476E-01
 -5.00000000E-01  2.09057000E+00 -1.23283167E+00  1.48853018E-02  1.28917780E+00  0.00000000E+00  2.15897598E-02  1.61955542E-01
 -5.00000000E-01  2.09080500E+00 -1.23158687E+00  1.49718312E-02  1.28917642E+00  0.00000000E+00  2.18208462E-02  1.61938290E-01
 -5.00000000E-01  2.09104000E+00 -1.23034831E+00  1.50567254E-02  1.28917556E+00  0.00000000E+00  2.20504839E-02  1.61934110E-01
 -5.00000000E-01  2.09127500E+00 -1.22911602E+00  1.51400100E-02  1.28917523E+00  0.00000000E+00  2.22786669E-02  1.61942409E-01
 -5.00000000E-01  2.09151000E+00 -1.22789000E+00  1.52217106E-02  1.28917544E+00  0.00000000E+00  2.25053910E-02  1.61962614E-01
 -5.00000000E-01  2.09174500E+00 -1.22667028E+00  1.53018526E-02  1.28917620E+00  0.00000000E+00  2.27306528E-02  1.61994171E-01
 -5.00000000E-01  2.09198000E+00 -1.22545687E+00  1.53804615E-02  1.28917751E+00  0.00000000E+00  2.29544505E-02  1.62036539E-01
 -5.00000000E-01  2.09221500E+00 -1.22424977E+00  1.54575630E-02  1.28917940E+00  0.00000000E+00  2.31767831E-02  1.62089196E-01
 -5.00000000E-01  2.09245000E+00 -1.22304899E+00  1.55331823E-02  1.28918186E+00  0.00000000E+00  2.33976510E-02  1.62151634E-01
 -5.00000000E-01  2.09268500E+00 -1.22185452E+00  1.56073448E-02  1.28918491E+00  0.00000000E+00  2.36170553E-02  1.62223359E-01
 -5.00000000E-01  2.09292000E+00 -1.22066636E+00  1.56800757E-02  1.28918854E+00  0.00000000E+00  2.38349983E-02  1.62303893E-01
 -5.00000000E-01  2.09315500E+00 -1.21948451E+00  1.57513999E-02  1.28919278E+00  0.00000000E+00  2.40514830E-02  1.62392767E-01
 -5.00000000E-01  2.09339000E+00 -1.21830894E+00  1.58213424E-02  1.28919762E+00  0.00000000E+00  2.42665135E-02  1.62489525E-01
 -5.00000000E-01  2.09362500E+00 -1.21713965E+00  1.58899278E-02  1.28920307E+00  0.00000000E+00  2.44800945E-02  1.62593721E-01
 -5.00000000E-01  2.09386000E+00 -1.21597661E+00  1.59571804E-02  1.28920914E+00  0.00000000E+00  2.46922316E-02  1.62704918E-01
 -5.00000000E-01  2.09409500E+00 -1.21481982E+00  1.60231245E-02  1.28921583E+00  0.00000000E+00  2.49029308E-02  1.62822686E-01
 -5.00000000E-01  2.09433000E+00 -1.21366923E+00  1.60877840E-02  1.28922315E+00  0.00000000E+00  2.51121992E-02  1.62946601E-01
 -5.00000000E-01  2.09456500E+00 -1.21252483E+00  1.61511826E-02  1.28923110E+00  0.00000000E+00  2.53200442E-02  1.63076242E-01
 -5.00000000E-01  2.09480000E+00 -1.21138658E+00  1.62133434E-02  1.28923969E+00  0.00000000E+00  2.55264740E-02  1.63211192E-01
 -5.00000000E-01  2.09503500E+00 -1.21025446E+00  1.62742897E-02  1.28924891E+00  0.00000000E+00  2.57314974E-02  1.63351033E-01
 -5.00000000E-01  2.09527000E+00 -1.20912843E+00  1.63340441E-02  1.28925879E+00  0.00000000E+00  2.59351236E-02  1.63495346E-01
 -5.00000000E-01  2.09550500E+00 -1.20800846E+00  1.63926289E-02  1.28926930E+00  0.00000000E+00  2.61373624E-02  1.63643707E-01
 -5.00000000E-01  2.09574000E+00 -1.20689450E+00  1.64500662E-02  1.28928047E+00  0.00000000E+00  2.63382242E-02  1.63795741E-01
 -5.00000000E-01  2.09597500E+00 -1.20578652E+00  1.65063779E-02  1.28929228E+00  0.00000000E+00  2.65377191E-02  1.63951210E-01
 -5.00000000E-01  2.09621000E+00 -1.20468447E+00  1.65615849E-02  1.28930474E+00  0.00000000E+00  2.67358581E-02  1.64109682E-01
 -5.00000000E-01  2.09644500E+00 -1.20358830E+00  1.66157084E-02  1.28931786E+00  0.00000000E+00  2.69326525E-02  1.64270807E-01
 -5.00000000E-01  2.09668000E+00 -1.20249798E+00  1.66687688E-02  1.28933163E+00  0.00000000E+00  2.71281139E-02  1.64434240E-01
 -5.00000000E-01  2.09691500E+00 -1.20141346E+00  1.67207863E-02  1.28934605E+00  0.00000000E+00  2.73222541E-02  1.64599644E-01
 -5.00000000E-01  2.09715000E+00 -1.20033468E+00  1.67717808E-02  1.28936112E+00  0.00000000E+00  2.75150852E-02  1.64766688E-01
 -5.00000000E-01  2.09738500E+00 -1.19926160E+00  1.68217715E-02  1.28937685E+00  0.00000000E+00  2.77066195E-02  1.64935050E-01
 -5.00000000E-01  2.09762000E+00 -1.19819416E+00  1.68707774E-02  1.28939324E+00  0.00000000E+00  2.78968696E-02  1.65104414E-01
 -5.00000000E-01  2.09785500E+00 -1.19713231E+00  1.69188171E-02  1.28941027E+00  0.00000000E+00  2.80858482E-02  1.65274472E-01
 -5.00000000E-01  2.09809000E+00 -1.19607600E+00  1.69659088E-02  1.28942796E+00  0.00000000E+00  2.82735681E-02  1.65444921E-01
 -5.00000000E-01  2.09832500E+00 -1.19502517E+00  1.70120702E-02  1.28944629E+00  0.00000000E+00  2.84600424E-02  1.65615465E-01
 -5.00000000E-01  2.09856000E+00 -1.19397977E+00  1.70573187E-02  1.28946528E+00  0.00000000E+00  2.86452841E-02  1.65785816E-01
 -5.00000000E-01  2.09879500E+00 -1.19293974E+00  1.71016711E-02  1.28948491E+00  0.00000000E+00  2.88293064E-02  1.65955691E-01
 -5.00000000E-01  2.09903000E+00 -1.19190501E+00  1.71451441E-02  1.28950519E+00  0.00000000E+00  2.90121226E-02  1.66124814E-01
 -5.00000000E-01  2.09926500E+00 -1.19087554E+00  1.71877538E-02  1.28952610E+00  0.00000000E+00  2.91937462E-02  1.66292915E-01
 -5.00000000E-01  2.09950000E+00 -1.18985126E+00  1.72295159E-02  1.28954766E+00  0.00000000E+00  2.93741904E-02  1.66459730E-01
 -5.00000000E-01  2.09973500E+00 -1.18883211E+00  1.72704457E-02  1.28956986E+00  0.00000000E+00  2.95534687E-02  1.66625002E-01
 -5.00000000E-01  2.09997000E+00 -1.18781804E+00  1.73105582E-02  1.28959268E+00  0.00000000E+00  2.97315945E-02  1.66788479E-01
 -5.00000000E-01  2.10020500E+00 -1.18680897E+00  1.73498678E-02  1.28961614E+00  0.00000000E+00  2.99085813E-02  1.66949915E-01
 -5.00000000E-01  2.10044000E+00 -1.18580485E+00  1.73883887E-02  1.28964023E+00  0.00000000E+00  3.00844426E-02  1.67109070E-01
 -5.00000000E-01  2.10067500E+00 -1.18480562E+00  1.74261346E-02  1.28966493E+00  0.00000000E+00  3.02591916E-02  1.67265709E-01
 -5.00000000E-01  2.10091000E+00 -1.18381121E+00  1.74631188E-02  1.28969026E+00  0.00000000E+00  3.04328418E-02  1.67419605E-01
 -5.00000000E-01  2.10114500E+00 -1.18282156E+00  1.74993544E-02  1.28971620E+00  0.00000000E+00  3.06054065E-02  1.67570534E-01
 -5.00000000E-01  2.10138000E+00 -1.18183661E+00  1.75348538E-02  1.28974275E+00  0.00000000E+00  3.07768989E-02  1.67718279E-01
 -5.00000000E-01  2.10161500E+00 -1.18085629E+00  1.75696293E-02  1.28976991E+00  0.00000000E+00  3.09473324E-02  1.67862627E-01
 -5.00000000E-01  2.10185000E+00 -1.17988054E+00  1.76036926E-02  1.28979767E+00  0.00000000E+00  3.11167199E-02  1.68003372E-01
 -5.00000000E-01  2.10208500E+00 -1.17890930E+00  1.76370553E-02  1.28982603E+00  0.00000000E+00  3.12850745E-02  1.68140311E-01
 -5.00000000E-01  2.10232000E+00 -1.17794250E+00  1.76697284E-02  1.28985498E+00  0.00000000E+00  3.14524093E-02  1.68273250E-01
 -5.00000000E-01  2.10255500E+00 -1.17698008E+00  1.77017226E-02  1.28988452E+00  0.00000000E+00  3.16187370E-02  1.68401996E-01
 -5.00000000E-01  2.10279000E+00 -1.17602197E+00  1.77330483E-02  1.28991464E+00  0.00000000E+00  3.17840704E-02  1.68526364E-01
 -5.00000000E-01  2.10302500E+00 -1.17506811E+00  1.77637155E-02  1.28994534E+00  0.00000000E+00  3.19484221E-02  1.68646172E-01
 -5.00000000E-01  2.10326000E+00 -1.17411844E+00  1.77937338E-02  1.28997661E+00  0.00000000E+00  3.21118047E-02  1.68761245E-01
 -5.00000000E-01  2.10349500E+00 -1.17317289E+00  1.78231126E-02  1.29000845E+00  0.00000000E+00  3.22742305E-02  1.68871411E-01
 -5.00000000E-01  2.10373000E+00 -1.17223139E+00  1.78518609E-02  1.29004085E+00  0.00000000E+00  3.24357119E-02  1.68976504E-01
 -5.00000000E-01  2.10396500E+00 -1.17129389E+00  1.78799874E-02  1.29007381E+00  0.00000000E+00  3.25962611E-02  1.69076362E-01
 -5.00000000E-01  2.10420000E+00 -1.17036032E+00  1.79075003E-02  1.29010731E+00  0.00000000E+00  3.27558899E-02  1.69170829E-01
 -5.00000000E-01  2.10443500E+00 -1.16943061E+00  1.79344078E-02  1.29014137E+00  0.00000000E+00  3.29146103E-02  1.69259753E-01
 -5.00000000E-01  2.10467000E+00 -1.16850470E+00  1.79607175E-02  1.29017596E+00  0.00000000E+00  3.30724340E-02  1.69342985E-01
 -5.00000000E-01  2.10490500E+00 -1.16758254E+00  1.79864368E-02  1.29021108E+00  0.00000000E+00  3.32293726E-02  1.69420383E-01
 -5.00000000E-01  2.10514000E+00 -1.16666404E+00  1.80115729E-02  1.29024674E+00  0.00000000E+00  3.33854376E-02  1.69491808E-01
 -5.00000000E-01  2.10537500E+00 -1.16574916E+00  1.80361325E-02  1.29028291E+00  0.00000000E+00  3.35406403E-02  1.69557127E-01
 -5.00000000E-01  2.10561000E+00 -1.16483783E+00  1.80601222E-02  1.29031960E+00  0.00000000E+00  3.36949917E-02  1.69616209E-01
 -5.00000000E-01  2.10584500E+00 -1.16392999E+00  1.80835482E-02  1.29035681E+00  0.00000000E+00  3.38485030E-02  1.69668929E-01
 -5.00000000E-01  2.10608000E+00 -1.16302557E+00  1.81064165E-02  1.29039451E+00  0.00000000E+00  3.40011848E-02  1.69715166E-01
 -5.00000000E-01  2.10631500E+00 -1.16212451E+00  1.81287327E-02  1.29043272E+00  0.00000000E+00  3.41530480E-02  1.69754803E-01
 -5.00000000E-01  2.10655000E+00 -1.16122676E+00  1.81505024E-02  1.29047142E+00  0.00000000E+00  3.43041029E-02  1.69787727E-01
 -5.00000000E-01  2.10678500E+00 -1.16033224E+00  1.81717305E-02  1.29051060E+00  0.00000000E+00  3.44543600E-02  1.69813830E-01
 -5.00000000E-01  2.10702000E+00 -1.15944090E+00  1.81924221E-02  1.29055027E+00  0.00000000E+00  3.46038294E-02  1.69833007E-01
 -5.00000000E-01  2.10725500E+00 -1.15855268E+00  1.82125818E-02  1.29059041E+00  0.00000000E+00  3.47525213E-02  1.69845157E-01
 -5.00000000E-01  2.10749000E+00 -1.15766752E+00  1.82322139E-02  1.29063102E+00  0.00000000E+00  3.49004453E-02  1.69850183E-01
 -5.00000000E-01  2.10772500E+00 -1.15678535E+00  1.82513226E-02  1.29067210E+00  0.00000000E+00  3.50476113E-02  1.69847993E-01
 -5.00000000E-01  2.10796000E+00 -1.15590612E+00  1.82699119E-02  1.29071363E+00  0.00000000E+00  3.51940288E-02  1.69838498E-01
 -5.00000000E-01  2.10819500E+00 -1.15502976E+00  1.82879853E-02  1.29075561E+00  0.00000000E+00  3.53397071E-02  1.69821640E-01
 -5.00000000E-01  2.10843000E+00 -1.15415623E+00  1.83055465E-02  1.29079803E+00  0.00000000E+00  3.54846555E-02  1.69797342E-01
 -5.00000000E-01  2.10866500E+00 -1.15328545E+00  1.83225986E-02  1.29084090E+00  0.00000000E+00  3.56288829E-02  1.69765532E-01
 -5.00000000E-01  2.10890000E+00 -1.15241738E+00  1.83391445E-02  1.29088419E+00  0.00000000E+00  3.57723982E-02  1.69726144E-01
 -5.00000000E-01  2.10913500E+00 -1.15155195E+00  1.83551871E-02  1.29092791E+00  0.00000000E+00  3.59152101E-02  1.69679114E-01
 -5.00000000E-01  2.10937000E+00 -1.15068911E+00  1.83707289E-02  1.29097206E+00  0.00000000E+00  3.60573271E-02  1.69624384E-01
 -5.00000000E-01  2.10960500E+00 -1.14982880E+00  1.83857724E-02  1.29101661E+00  0.00000000E+00  3.61987575E-02  1.69561898E-01
 -5.00000000E-01  2.10984000E+00 -1.14897095E+00  1.84003196E-02  1.29106158E+00  0.00000000E+00  3.63395095E-02  1.69491605E-01
 -5.00000000E-01  2.11007500E+00 -1.14811553E+00  1.84143726E-02  1.29110695E+00  0.00000000E+00  3.64795911E-02  1.69413456E-01
 -5.00000000E-01  2.11031000E+00 -1.14726247E+00  1.84279332E-02  1.29115271E+00  0.00000000E+00  3.66190102E-02  1.69327405E-01
 -5.00000000E-01  2.11054500E+00 -1.14641171E+00  1.84410028E-02  1.29119887E+00  0.00000000E+00  3.67577743E-02  1.69233411E-01
 -5.00000000E-01  2.11078000E+00 -1.14556321E+00  1.84535830E-02  1.29124541E+00  0.00000000E+00  3.68958911E-02  1.69131434E-01
 -5.00000000E-01  2.11101500E+00 -1.14471690E+00  1.84656749E-02  1.29129233E+00  0.00000000E+00  3.70333678E-02  1.69021441E-01
 -5.00000000E-01  2.11125000E+00 -1.14387273E+00  1.84772797E-02  1.29133962E+00  0.00000000E+00  3.71702116E-02  1.68903397E-01
 -5.00000000E-01  2.11148500E+00 -1.14303065E+00  1.84883982E-02  1.29138729E+00  0.00000000E+00  3.73064295E-02  1.68777275E-01
 -5.00000000E-01  2.11172000E+00 -1.14219061E+00  1.84990312E-02  1.29143532E+00  0.00000000E+00  3.74420284E-02  1.68643048E-01
 -5.00000000E-01  2.11195500E+00 -1.14135255E+00  1.85091792E-02  1.29148370E+00  0.00000000E+00  3.75770149E-02  1.68500692E-01
 -5.00000000E-01  2.11219000E+00 -1.14051642E+00  1.85188426E-02  1.29153244E+00  0.00000000E+00  3.77113955E-02  1.68350187E-01
 -5.00000000E-01  2.11242500E+00 -1.13968217E+00  1.85280217E-02  1.29158153E+00  0.00000000E+00  3.78451766E-02  1.68191517E-01
 -5.00000000E-01  2.11266000E+00 -1.13884974E+00  1.85367167E-02  1.29163096E+00  0.00000000E+00  3.79783645E-02  1.68024666E-01
 -5.00000000E-01  2.11289500E+00 -1.13801909E+00  1.85449274E-02  1.29168073E+00  0.00000000E+00  3.81109650E-02  1.67849623E-01
 -5.00000000E-01  2.11313000E+00 -1.13719016E+00  1.85526537E-02  1.29173084E+00  0.00000000E+00  3.82429842E-02  1.67666378E-01
 -5.00000000E-01  2.11336500E+00 -1.13636291E+00  1.85598953E-02  1.29178127E+00  0.00000000E+00  3.83744277E-02  1.67474927E-01
 -5.00000000E-01  2.11360000E+00 -1.13553729E+00  1.85666518E-02  1.29183203E+00  0.00000000E+00  3.85053012E-02  1.67275263E-01
 -5.00000000E-01  2.11383500E+00 -1.13471323E+00  1.85729226E-02  1.29188310E+00  0.00000000E+00  3.86356099E-02  1.67067388E-01
 -5.00000000E-01  2.11407000E+00 -1.13389071E+00  1.85787070E-02  1.29193449E+00  0.00000000E+00  3.87653592E-02  1.66851302E-01
 -5.00000000E-01  2.11430500E+00 -1.13306966E+00  1.85840042E-02  1.29198619E+00  0.00000000E+00  3.88945541E-02  1.66627008E-01
 -5.00000000E-01  2.11454000E+00 -1.13225004E+00  1.85888133E-02  1.29203820E+00  0.00000000E+00  3.90231997E-02  1.66394514E-01
 -5.00000000E-01  2.11477500E+00 -1.13143179E+00  1.85931332E-02  1.29209051E+00  0.00000000E+00  3.91513007E-02  1.66153829E-01
 -5.00000000E-01  2.11501000E+00 -1.13061488E+00  1.85969627E-02  1.29214312E+00  0.00000000E+00  3.92788617E-02  1.65904962E-01
 -5.00000000E-01  2.11524500E+00 -1.12979926E+00  1.86003006E-02  1.29219602E+00  0.00000000E+00  3.94058873E-02  1.65647928E-01
 -5.00000000E-01  2.11548000E+00 -1.12898487E+00  1.86031455E-02  1.29224921E+00  0.00000000E+00  3.95323818E-02  1.65382742E-01
 -5.00000000E-01  2.11571500E+00 -1.12817168E+00  1.86054959E-02  1.29230269E+00  0.00000000E+00  3.96583495E-02  1.65109423E-01
 -5.00000000E-01  2.11595000E+00 -1.12735963E+00  1.86073503E-02  1.29235645E+00  0.00000000E+00  3.97837942E-02  1.64827989E-01
 -5.00000000E-01  2.11618500E+00 -1.12654868E+00  1.86087069E-02  1.29241049E+00  0.00000000E+00  3.99087201E-02  1.64538464E-01
 -5.00000000E-01  2.11642000E+00 -1.12573878E+00  1.86095641E-02  1.29246480E+00  0.00000000E+00  4.00331308E-02  1.64240871E-01
 -5.00000000E-01  2.11665500E+00 -1.12492989E+00  1.86099199E-02  1.29251939E+00  0.00000000E+00  4.01570299E-02  1.63935237E-01
 -5.00000000E-01  2.11689000E+00 -1.12412196E+00  1.86097724E-02  1.29257424E+00  0.00000000E+00  4.02804210E-02  1.63621589E-01
 -5.00000000E-01  2.11712500E+00 -1.12331496E+00  1.86091196E-02  1.29262936E+00  0.00000000E+00  4.04033073E-02  1.63299958E-01
 -5.00000000E-01  2.11736000E+00 -1.12250883E+00  1.86079593E-02  1.29268474E+00  0.00000000E+00  4.05256920E-02  1.62970375E-01
 -5.00000000E-01  2.11759500E+00 -1.12170352E+00  1.86062894E-02  1.29274038E+00  0.00000000E+00  4.06475783E-02  1.62632875E-01
 -5.00000000E-01  2.11783000E+00 -1.12089901E+00  1.86041075E-02  1.29279628E+00  0.00000000E+00  4.07689689E-02  1.62287493E-01
 -5.00000000E-01  2.11806500E+00 -1.12009524E+00  1.86014114E-02  1.29285243E+00  0.00000000E+00  4.08898668E-02  1.61934267E-01
 -5.00000000E-01  2.11830000E+00 -1.11929217E+00  1.85981986E-02  1.29290883E+00  0.00000000E+00  4.10102744E-02  1.61573234E-01
 -5.00000000E-01  2.11853500E+00 -1.11848975E+00  1.85944666E-02  1.29296547E+00  0.00000000E+00  4.11301943E-02  1.61204437E-01
 -5.00000000E-01  2.11877000E+00 -1.11768796E+00  1.85902128E-02  1.29302237E+00  0.00000000E+00  4.12496288E-02  1.60827917E-01
 -5.00000000E-01  2.11900500E+00 -1.11688673E+00  1.85854346E-02  1.29307950E+00  0.00000000E+00  4.13685802E-02  1.60443719E-01
 -5.00000000E-01  2.11924000E+00 -1.11608604E+00  1.85801294E-02  1.29313688E+00  0.00000000E+00  4.14870505E-02  1.60051887E-01
 -5.00000000E-01  2.11947500E+00 -1.11528583E+00  1.85742944E-02  1.29319449E+00  0.00000000E+00  4.16050416E-02  1.59652469E-01
 -5.00000000E-01  2.11971000E+00 -1.11448608E+00  1.85679267E-02  1.29325234E+00  0.00000000E+00  4.17225554E-02  1.59245513E-01
 -5.00000000E-01  2.11994500E+00 -1.11368673E+00  1.85610235E-02  1.29331042E+00  0.00000000E+00  4.18395936E-02  1.58831068E-01
 -5.00000000E-01  2.12018000E+00 -1.11288775E+00  1.85535818E-02  1.29336874E+00  0.00000000E+00  4.19561576E-02  1.58409187E-01
 -5.00000000E-01  2.12041500E+00 -1.11208909E+00  1.85455987E-02  1.29342728E+00  0.00000000E+00  4.20722488E-02  1.57979921E-01
 -5.00000000E-01  2.12065000E+00 -1.11129071E+00  1.85370712E-02  1.29348605E+00  0.00000000E+00  4.21878686E-02  1.57543324E-01
 -5.00000000E-01  2.12088500E+00 -1.11049259E+00  1.85279961E-02  1.29354505E+00  0.00000000E+00  4.23030180E-02  1.57099452E-01
 -5.00000000E-01  2.12112000E+00 -1.10969466E+00  1.85183703E-02  1.29360427E+00  0.00000000E+00  4.24176981E-02  1.56648361E-01
 -5.00000000E-01  2.12135500E+00 -1.10889690E+00  1.85081906E-02  1.29366371E+00  0.00000000E+00  4.25319097E-02  1.56190107E-01
 -5.00000000E-01  2.12159000E+00 -1.10809927E+00  1.84974539E-02  1.29372338E+00  0.00000000E+00  4.26456535E-02  1.55724750E-01
 -5.00000000E-01  2.12182500E+00 -1.10730172E+00  1.84861568E-02  1.29378326E+00  0.00000000E+00  4.27589301E-02  1.55252350E-01
 -5.00000000E-01  2.12206000E+00 -1.10650422E+00  1.84742961E-02  1.29384336E+00  0.00000000E+00  4.28717400E-02  1.54772967E-01
 -5.00000000E-01  2.12229500E+00 -1.10570672E+00  1.84618684E-02  1.29390368E+00  0.00000000E+00  4.29840836E-02  1.54286663E-01
 -5.00000000E-01  2.12253000E+00 -1.10490920E+00  1.84488703E-02  1.29396421E+00  0.00000000E+00  4.30959609E-02  1.53793500E-01
 -5.00000000E-01  2.12276500E+00 -1.10411160E+00  1.84352983E-02  1.29402496E+00  0.00000000E+00  4.32073722E-02  1.53293544E-01
 -5.00000000E-01  2.12300000E+00 -1.10331390E+00  1.84211492E-02  1.29408592E+00  0.00000000E+00  4.33183172E-02  1.52786858E-01
 -5.00000000E-01  2.12323500E+00 -1.10251605E+00  1.84064192E-02  1.29414709E+00  0.00000000E+00  4.34287959E-02  1.52273507E-01
 -5.00000000E-01  2.12347000E+00 -1.10171801E+00  1.83911050E-02  1.29420848E+00  0.00000000E+00  4.35388078E-02  1.51753560E-01
 -5.00000000E-01  2.12370500E+00 -1.10091975E+00  1.83752030E-02  1.29427007E+00  0.00000000E+00  4.36483525E-02  1.51227082E-01
 -5.00000000E-01  2.12394000E+00 -1.10012123E+00  1.83587096E-02  1.29433187E+00  0.00000000E+00  4.37574294E-02  1.50694142E-01
 -5.00000000E-01  2.12417500E+00 -1.09932241E+00  1.83416211E-02  1.29439388E+00  0.00000000E+00  4.38660378E-02  1.50154808E-01
 -5.00000000E-01  2.12441000E+00 -1.09852326E+00  1.83239340E-02  1.29445610E+00  0.00000000E+00  4.39741768E-02  1.49609151E-01
 -5.00000000E-01  2.12464500E+00 -1.09772373E+00  1.83056447E-02  1.29451853E+00  0.00000000E+00  4.40818454E-02  1.49057241E-01
 -5.00000000E-01  2.12488000E+00 -1.09692379E+00  1.82867493E-02  1.29458116E+00  0.00000000E+00  4.41890425E-02  1.48499148E-01
 -5.00000000E-01  2.12511500E+00 -1.09612340E+00  1.82672443E-02  1.29464400E+00  0.00000000E+00  4.42957668E-02  1.47934945E-01
 -5.00000000E-01  2.12535000E+00 -1.09532253E+00  1.82471258E-02  1.29470705E+00  0.00000000E+00  4.44020169E-02  1.47364703E-01
 -5.00000000E-01  2.12558500E+00 -1.09452113E+00  1.82263902E-02  1.29477030E+00  0.00000000E+00  4.45077913E-02  1.46788495E-01
 -5.00000000E-01  2.12582000E+00 -1.09371918E+00  1.82050337E-02  1.29483375E+00  0.00000000E+00  4.46130882E-02  1.46206395E-01
 -5.00000000E-01  2.12605500E+00 -1.09291662E+00  1.81830526E-02  1.29489741E+00  0.00000000E+00  4.47179060E-02  1.45618477E-01
 -5.00000000E-01  2.12629000E+00 -1.09211344E+00  1.81604429E-02  1.29496127E+00  0.00000000E+00  4.48222426E-02  1.45024814E-01
 -5.00000000E-01  2.12652500E+00 -1.09130958E+00  1.81372010E-02  1.29502534E+00  0.00000000E+00  4.49260960E-02  1.44425483E-01
 -5.00000000E-01  2.12676000E+00 -1.09050501E+00  1.81133229E-02  1.29508961E+00  0.00000000E+00  4.50294639E-02  1.43820557E-01
 -5.00000000E-01  2.12699500E+00 -1.08969970E+00  1.80888049E-02  1.29515408E+00  0.00000000E+00  4.51323441E-02  1.43210113E-01
 -5.00000000E-01  2.12723000E+00 -1.08889361E+00  1.80636432E-02  1.29521876E+00  0.00000000E+00  4.52347339E-02  1.42594227E-01
 -5.00000000E-01  2.12746500E+00 -1.08808670E+00  1.80378337E-02  1.29528363E+00  0.00000000E+00  4.53366308E-02  1.41972975E-01
 -5.00000000E-01  2.12770000E+00 -1.08727893E+00  1.80113728E-02  1.29534872E+00  0.00000000E+00  4.54380321E-02  1.41346434E-01
 -5.00000000E-01  2.12793500E+00 -1.08647028E+00  1.79842565E-02  1.29541400E+00  0.00000000E+00  4.55389347E-02  1.40714681E-01
 -5.00000000E-01  2.12817000E+00 -1.08566069E+00  1.79564810E-02  1.29547949E+00  0.00000000E+00  4.56393357E-02  1.40077794E-01
 -5.00000000E-01  2.12840500E+00 -1.08485014E+00  1.79280423E-02  1.29554518E+00  0.00000000E+00  4.57392319E-02  1.39435850E-01
 -5.00000000E-01  2.12864000E+00 -1.08403859E+00  1.78989365E-02  1.29561108E+00  0.00000000E+00  4.58386199E-02  1.38788927E-01
 -5.00000000E-01  2.12887500E+00 -1.08322600E+00  1.78691599E-02  1.29567718E+00  0.00000000E+00  4.59374962E-02  1.38137104E-01
 -5.00000000E-01  2.12911000E+00 -1.08241234E+00  1.78387084E-02  1.29574348E+00  0.00000000E+00  4.60358572E-02  1.37480457E-01
 -5.00000000E-01  2.12934500E+00 -1.08159756E+00  1.78075782E-02  1.29580998E+00  0.00000000E+00  4.61336992E-02  1.36819067E-01
 -5.00000000E-01  2.12958000E+00 -1.08078163E+00  1.77757654E-02  1.29587669E+00  0.00000000E+00  4.62310182E-02  1.36153012E-01
 -5.00000000E-01  2.12981500E+00 -1.07996452E+00  1.77432660E-02  1.29594360E+00  0.00000000E+00  4.63278102E-02  1.35482369E-01
 -5.00000000E-01  2.13005000E+00 -1.07914619E+00  1.77100763E-02  1.29601072E+00  0.00000000E+00  4.64240709E-02  1.34807219E-01
 -5.00000000E-01  2.13028500E+00 -1.07832659E+00  1.76761922E-02  1.29607804E+00  0.00000000E+00  4.65197960E-02  1.34127641E-01
 -5.00000000E-01  2.13052000E+00 -1.07750570E+00  1.76416099E-02  1.29614556E+00  0.00000000E+00  4.66149810E-02  1.33443712E-01
 -5.00000000E-01  2.13075500E+00 -1.07668347E+00  1.76063256E-02  1.29621329E+00  0.00000000E+00  4.67096212E-02  1.32755513E-01
 -5.00000000E-01  2.13099000E+00 -1.07585987E+00  1.75703352E-02  1.29628122E+00  0.00000000E+00  4.68037117E-02  1.32063123E-01
 -5.00000000E-01  2.13122500E+00 -1.07503486E+00  1.75336350E-02  1.29634936E+00  0.00000000E+00  4.68972476E-02  1.31366620E-01
 -5.00000000E-01  2.13146000E+00 -1.07420841E+00  1.74962210E-02  1.29641770E+00  0.00000000E+00  4.69902238E-02  1.30666083E-01
 -5.00000000E-01  2.13169500E+00 -1.07338046E+00  1.74580894E-02  1.29648625E+00  0.00000000E+00  4.70826349E-02  1.29961593E-01
 -5.00000000E-01  2.13193000E+00 -1.07255100E+00  1.74192364E-02  1.29655501E+00  0.00000000E+00  4.71744756E-02  1.29253228E-01
 -5.00000000E-01  2.13216500E+00 -1.07171997E+00  1.73796581E-02  1.29662397E+00  0.00000000E+00  4.72657401E-02  1.28541066E-01
 -5.00000000E-01  2.13240000E+00 -1.07088735E+00  1.73393506E-02  1.29669313E+00  0.00000000E+00  4.73564227E-02  1.27825188E-01
 -5.00000000E-01  2.13263500E+00 -1.07005309E+00  1.72983101E-02  1.29676250E+00  0.00000000E+00  4.74465175E-02  1.27105671E-01
 -5.00000000E-01  2.13287000E+00 -1.06921715E+00  1.72565328E-02  1.29683208E+00  0.00000000E+00  4.75360183E-02  1.26382595E-01
 -5.00000000E-01  2.13310500E+00 -1.06837949E+00  1.72140149E-02  1.29690186E+00  0.00000000E+00  4.76249189E-02  1.25656038E-01
 -5.00000000E-01  2.13334000E+00 -1.06754008E+00  1.71707525E-02  1.29697185E+00  0.00000000E+00  4.77132128E-02  1.24926079E-01
 -5.00000000E-01  2.13357500E+00 -1.06669888E+00  1.71267420E-02  1.29704205E+00  0.00000000E+00  4.78008933E-02  1.24192797E-01
 -5.00000000E-01  2.13381000E+00 -1.06585584E+00  1.70819796E-02  1.29711245E+00  0.00000000E+00  4.78879538E-02  1.23456268E-01
 -5.00000000E-01  2.13404500E+00 -1.06501093E+00  1.70364615E-02  1.29718306E+00  0.00000000E+00  4.79743871E-02  1.22716573E-01
 -5.00000000E-01  2.13428000E+00 -1.06416411E+00  1.69901839E-02  1.29725387E+00  0.00000000E+00  4.80601862E-02  1.21973787E-01
 -5.00000000E-01  2.13451500E+00 -1.06331533E+00  1.69431431E-02  1.29732490E+00  0.00000000E+00  4.81453437E-02  1.21227990E-01
 -5.00000000E-01  2.13475000E+00 -1.06246456E+00  1.68953355E-02  1.29739613E+00  0.00000000E+00  4.82298520E-02  1.20479258E-01
 -5.00000000E-01  2.13498500E+00 -1.06161176E+00  1.68467574E-02  1.29746756E+00  0.00000000E+00  4.83137036E-02  1.19727669E-01
 -5.00000000E-01  2.13522000E+00 -1.06075687E+00  1.67974051E-02  1.29753920E+00  0.00000000E+00  4.83968904E-02  1.18973300E-01
 -5.00000000E-01  2.13545500E+00 -1.05989987E+00  1.67472749E-02  1.29761105E+00  0.00000000E+00  4.84794044E-02  1.18216228E-01
 -5.00000000E-01  2.13569000E+00 -1.05904071E+00  1.66963633E-02  1.29768311E+00  0.00000000E+00  4.85612373E-02  1.17456529E-01
 -5.00000000E-01  2.13592500E+00 -1.05817935E+00  1.66446667E-02  1.29775537E+00  0.00000000E+00  4.86423806E-02  1.16694280E-01
 -5.00000000E-01  2.13616000E+00 -1.05731574E+00  1.65921813E-02  1.29782783E+00  0.00000000E+00  4.87228257E-02  1.15929557E-01
 -5.00000000E-01  2.13639500E+00 -1.05644985E+00  1.65389038E-02  1.29790050E+00  0.00000000E+00  4.88025637E-02  1.15162434E-01
 -5.00000000E-01  2.13663000E+00 -1.05558162E+00  1.64848306E-02  1.29797338E+00  0.00000000E+00  4.88815855E-02  1.14392989E-01
 -5.00000000E-01  2.13686500E+00 -1.05471102E+00  1.64299581E-02  1.29804646E+00  0.00000000E+00  4.89598818E-02  1.13621296E-01
 -5.00000000E-01  2.13710000E+00 -1.05383800E+00  1.63742830E-02  1.29811974E+00  0.00000000E+00  4.90374432E-02  1.12847430E-01
 -5.00000000E-01  2.13733500E+00 -1.05296252E+00  1.63178016E-02  1.29819323E+00  0.00000000E+00  4.91142598E-02  1.12071466E-01
 -5.00000000E-01  2.13757000E+00 -1.05208452E+00  1.62605107E-02  1.29826692E+00  0.00000000E+00  4.91903218E-02  1.11293477E-01
 -5.00000000E-01  2.13780500E+00 -1.05120397E+00  1.62024067E-02  1.29834082E+00  0.00000000E+00  4.92656191E-02  1.10513539E-01
 -5.00000000E-01  2.13804000E+00 -1.05032082E+00  1.61434864E-02  1.29841491E+00  0.00000000E+00  4.93401413E-02  1.09731723E-01
 -5.00000000E-01  2.13827500E+00 -1.04943502E+00  1.60837464E-02  1.29848921E+00  0.00000000E+00  4.94138777E-02  1.08948105E-01
 -5.00000000E-01  2.13851000E+00 -1.04854653E+00  1.60231833E-02  1.29856370E+00  0.00000000E+00  4.94868175E-02  1.08162757E-01
 -5.00000000E-01  2.13874500E+00 -1.04765529E+00  1.59617940E-02  1.29863840E+00  0.00000000E+00  4.95589498E-02  1.07375750E-01
 -5.00000000E-01  2.13898000E+00 -1.04676126E+00  1.58995750E-02  1.29871329E+00  0.00000000E+00  4.96302632E-02  1.06587159E-01
 -5.00000000E-01  2.13921500E+00 -1.04586439E+00  1.58365233E-02  1.29878838E+00  0.00000000E+00  4.97007461E-02  1.05797054E-01
 -5.00000000E-01  2.13945000E+00 -1.04496463E+00  1.57726356E-02  1.29886367E+00  0.00000000E+00  4.97703868E-02  1.05005508E-01
 -5.00000000E-01  2.13968500E+00 -1.04406193E+00  1.57079087E-02  1.29893915E+00  0.00000000E+00  4.98391733E-02  1.04212591E-01
 -5.00000000E-01  2.13992000E+00 -1.04315624E+00  1.56423396E-02  1.29901483E+00  0.00000000E+00  4.99070933E-02  1.03418374E-01
 -5.00000000E-01  2.14015500E+00 -1.04224750E+00  1.55759252E-02  1.29909070E+00  0.00000000E+00  4.99741342E-02  1.02622928E-01
 -5.00000000E-01  2.14039000E+00 -1.04133567E+00  1.55086623E-02  1.29916675E+00  0.00000000E+00  5.00402832E-02  1.01826322E-01
 -5.00000000E-01  2.14062500E+00 -1.04042069E+00  1.54405481E-02  1.29924300E+00  0.00000000E+00  5.01055274E-02  1.01028628E-01
 -5.00000000E-01  2.14086000E+00 -1.03950251E+00  1.53715795E-02  1.29931944E+00  0.00000000E+00  5.01698533E-02  1.00229914E-01
 -5.00000000E-01  2.14109500E+00 -1.03858107E+00  1.53017535E-02  1.29939606E+00  0.00000000E+00  5.02332473E-02  9.94302481E-02
 -5.00000000E-01  2.14133000E+00 -1.03765632E+00  1.52310674E-02  1.29947286E+00  0.00000000E+00  5.02956956E-02  9.86297005E-02
 -5.00000000E-01  2.14156500E+00 -1.03672820E+00  1.51595182E-02  1.29954985E+00  0.00000000E+00  5.03571840E-02  9.78283388E-02
 -5.00000000E-01  2.14180000E+00 -1.03579665E+00  1.50871031E-02  1.29962702E+00  0.00000000E+00  5.04176980E-02  9.70262311E-02
 -5.00000000E-01  2.14203500E+00 -1.03486162E+00  1.50138193E-02  1.29970436E+00  0.00000000E+00  5.04772230E-02  9.62234447E-02
 -5.00000000E-01  2.14227000E+00 -1.03392304E+00  1.49396641E-02  1.29978188E+00  0.00000000E+00  5.05357438E-02  9.54200468E-02
 -5.00000000E-01  2.14250500E+00 -1.03298086E+00  1.48646349E-02  1.29985958E+00  0.00000000E+00  5.05932451E-02  9.46161043E-02
 -5.00000000E-01  2.14274000E+00 -1.03203502E+00  1.47887289E-02  1.29993745E+00  0.00000000E+00  5.06497112E-02  9.38116835E-02
 -5.00000000E-01  2.14297500E+00 -1.03108545E+00  1.47119435E-02  1.30001548E+00  0.00000000E+00  5.07051263E-02  9.30068505E-02
 -5.00000000E-01  2.14321000E+00 -1.03013209E+00  1.46342763E-02  1.30009368E+00  0.00000000E+00  5.07594739E-02  9.22016708E-02
 -5.00000000E-01  2.14344500E+00 -1.02917488E+00  1.45557247E-02  1.30017204E+00  0.00000000E+00  5.08127376E-02  9.13962098E-02
 -5.00000000E-01  2.14368000E+00 -1.02821375E+00  1.44762862E-02  1.30025057E+00  0.00000000E+00  5.08649002E-02  9.05905324E-02
 -5.00000000E-01  2.14391500E+00 -1.02724864E+00  1.43959584E-02  1.30032925E+00  0.00000000E+00  5.09159447E-02  8.97847031E-02
 -5.00000000E-01  2.14415000E+00 -1.02627947E+00  1.43147390E-02  1.30040809E+00  0.00000000E+00  5.09658533E-02  8.89787862E-02
 -5.00000000E-01  2.14438500E+00 -1.02530618E+00  1.42326257E-02  1.30048707E+00  0.00000000E+00  5.10146082E-02  8.81728455E-02
 -5.00000000E-01  2.14462000E+00 -1.02432870E+00  1.41496161E-02  1.30056621E+00  0.00000000E+00  5.10621909E-02  8.73669444E-02
 -5.00000000E-01  2.14485500E+00 -1.02334695E+00  1.40657081E-02  1.30064548E+00  0.00000000E+00  5.11085828E-02  8.65611460E-02
 -5.00000000E-01  2.14509000E+00 -1.02236087E+00  1.39808995E-02  1.30072490E+00  0.00000000E+00  5.11537652E-02  8.57555124E-02
 -5.00000000E-01  2.14532500E+00 -1.02137038E+00  1.38951882E-02  1.30080446E+00  0.00000000E+00  5.11977183E-02  8.49501070E-02
 -5.00000000E-01  2.14556000E+00 -1.02037540E+00  1.38085722E-02  1.30088414E+00  0.00000000E+00  5.12404220E-02  8.41449928E-02
 -5.00000000E-01  2.14579500E+00 -1.01937586E+00  1.37210496E-02  1.30096396E+00  0.00000000E+00  5.12818565E-02  8.33402309E-02
 -5.00000000E-01  2.14603000E+00 -1.01837168E+00  1.36326183E-02  1.30104390E+00  0.00000000E+00  5.13220012E-02  8.25358822E-02
 -5.00000000E-01  2.14626500E+00 -1.01736278E+00  1.35432765E-02  1.30112396E+00  0.00000000E+00  5.13608354E-02  8.17320075E-02
 -5.00000000E-01  2.14650000E+00 -1.01634907E+00  1.34530224E-02  1.30120414E+00  0.00000000E+00  5.13983376E-02  8.09286676E-02
 -5.00000000E-01  2.14673500E+00 -1.01533047E+00  1.33618543E-02  1.30128442E+00  0.00000000E+00  5.14344862E-02  8.01259231E-02
 -5.00000000E-01  2.14697000E+00 -1.01430689E+00  1.32697703E-02  1.30136482E+00  0.00000000E+00  5.14692590E-02  7.93238341E-02
 -5.00000000E-01  2.14720500E+00 -1.01327826E+00  1.31767690E-02  1.30144531E+00  0.00000000E+00  5.15026333E-02  7.85224608E-02
 -5.00000000E-01  2.14744000E+00 -1.01224447E+00  1.30828487E-02  1.30152590E+00  0.00000000E+00  5.15345861E-02  7.77218627E-02
 -5.00000000E-01  2.14767500E+00 -1.01120545E+00  1.29880080E-02  1.30160658E+00  0.00000000E+00  5.15650940E-02  7.69220993E-02
 -5.00000000E-01  2.14791000E+00 -1.01016108E+00  1.28922454E-02  1.30168735E+00  0.00000000E+00  5.15941330E-02  7.61232295E-02
 -5.00000000E-01  2.14814500E+00 -1.00911129E+00  1.27955595E-02  1.30176819E+00  0.00000000E+00  5.16216788E-02  7.53253122E-02
 -5.00000000E-01  2.14838000E+00 -1.00805597E+00  1.26979492E-02  1.30184911E+00  0.00000000E+00  5.16477065E-02  7.45284056E-02
 -5.00000000E-01  2.14861500E+00 -1.00699502E+00  1.25994131E-02  1.30193009E+00  0.00000000E+00  5.16721910E-02  7.37325681E-02
 -5.00000000E-01  2.14885000E+00 -1.00592834E+00  1.24999502E-02  1.30201114E+00  0.00000000E+00  5.16951066E-02  7.29378573E-02
 -5.00000000E-01  2.14908500E+00 -1.00485582E+00  1.23995594E-02  1.30209225E+00  0.00000000E+00  5.17164270E-02  7.21443311E-02
 -5.00000000E-01  2.14932000E+00 -1.00377737E+00  1.22982396E-02  1.30217340E+00  0.00000000E+00  5.17361258E-02  7.13520468E-02
 -5.00000000E-01  2.14955500E+00 -1.00269286E+00  1.21959901E-02  1.30225459E+00  0.00000000E+00  5.17541757E-02  7.05610617E-02
 -5.00000000E-01  2.14979000E+00 -1.00160219E+00  1.20928099E-02  1.30233582E+00  0.00000000E+00  5.17705493E-02  6.97714332E-02
 -5.00000000E-01  2.15002500E+00 -1.00050524E+00  1.19886983E-02  1.30241708E+00  0.00000000E+00  5.17852186E-02  6.89832182E-02
 -5.00000000E-01  2.15026000E+00 -9.99401889E-01  1.18836547E-02  1.30249836E+00  0.00000000E+00  5.17981549E-02  6.81964741E-02
 -5.00000000E-01  2.15049500E+00 -9.98292026E-01  1.17776784E-02  1.30257965E+00  0.00000000E+00  5.18093294E-02  6.74112579E-02
 -5.00000000E-01  2.15073000E+00 -9.97175521E-01  1.16707691E-02  1.30266094E+00  0.00000000E+00  5.18187124E-02  6.66276271E-02
 -5.00000000E-01  2.15096500E+00 -9.96052248E-01  1.15629262E-02  1.30274224E+00  0.00000000E+00  5.18262740E-02  6.58456390E-02
 -5.00000000E-01  2.15120000E+00 -9.94922077E-01  1.14541495E-02  1.30282352E+00  0.00000000E+00  5.18319838E-02  6.50653513E-02
 -5.00000000E-01  2.15143500E+00 -9.93784875E-01  1.13444387E-02  1.30290479E+00  0.00000000E+00  5.18358107E-02  6.42868220E-02
 -5.00000000E-01  2.15167000E+00 -9.92640504E-01  1.12337937E-02  1.30298602E+00  0.00000000E+00  5.18377232E-02  6.35101091E-02
 -5.00000000E-01  2.15190500E+00 -9.91488825E-01  1.11222145E-02  1.30306722E+00  0.00000000E+00  5.18376894E-02  6.27352713E-02
 -5.00000000E-01  2.15214000E+00 -9.90329692E-01  1.10097011E-02  1.30314837E+00  0.00000000E+00  5.18356769E-02  6.19623674E-02
 -5.00000000E-01  2.15237500E+00 -9.89162959E-01  1.08962537E-02  1.30322947E+00  0.00000000E+00  5.18316526E-02  6.11914568E-02
 -5.00000000E-01  2.15261000E+00 -9.87988472E-01  1.07818726E-02  1.30331050E+00  0.00000000E+00  5.18255832E-02  6.04225992E-02
 -5.00000000E-01  2.15284500E+00 -9.86806077E-01  1.06665580E-02  1.30339145E+00  0.00000000E+00  5.18174348E-02  5.96558547E-02
 -5.00000000E-01  2.15308000E+00 -9.85615613E-01  1.05503106E-02  1.30347232E+00  0.00000000E+00  5.18071731E-02  5.88912841E-02
 -5.00000000E-01  2.15331500E+00 -9.84416916E-01  1.04331307E-02  1.30355309E+00  0.00000000E+00  5.17947633E-02  5.81289484E-02
 -5.00000000E-01  2.15355000E+00 -9.83209817E-01  1.03150193E-02  1.30363375E+00  0.00000000E+00  5.17801703E-02  5.73689093E-02
 -5.00000000E-01  2.15378500E+00 -9.81994142E-01  1.01959770E-02  1.30371429E+00  0.00000000E+00  5.17633585E-02  5.66112289E-02
 -5.00000000E-01  2.15402000E+00 -9.80769714E-01  1.00760047E-02  1.30379471E+00  0.00000000E+00  5.17442919E-02  5.58559695E-02
 -5.00000000E-01  2.15425500E+00 -9.79536348E-01  9.95510355E-03  1.30387498E+00  0.00000000E+00  5.17229344E-02  5.51031942E-02
 -5.00000000E-01  2.15449000E+00 -9.78293858E-01  9.83327466E-03  1.30395509E+00  0.00000000E+00  5.16992493E-02  5.43529660E-02
 -5.00000000E-01  2.15472500E+00 -9.77042048E-01  9.71051933E-03  1.30403504E+00  0.00000000E+00  5.16731997E-02  5.36053487E-02
 -5.00000000E-01  2.15496000E+00 -9.75780721E-01  9.58683898E-03  1.30411481E+00  0.00000000E+00  5.16447486E-02  5.28604058E-02
 -5.00000000E-01  2.15519500E+00 -9.74509671E-01  9.46223514E-03  1.30419438E+00  0.00000000E+00  5.16138587E-02  5.21182014E-02
 -5.00000000E-01  2.15543000E+00 -9.73228689E-01  9.33670952E-03  1.30427375E+00  0.00000000E+00  5.15804925E-02  5.13787994E-02
 -5.00000000E-01  2.15566500E+00 -9.71937557E-01  9.21026393E-03  1.30435291E+00  0.00000000E+00  5.15446125E-02  5.06422635E-02
 -5.00000000E-01  2.15590000E+00 -9.70636054E-01  9.08290036E-03  1.30443182E+00  0.00000000E+00  5.15061810E-02  4.99086575E-02
 -5.00000000E-01  2.15613500E+00 -9.69323949E-01  8.95462092E-03  1.30451049E+00  0.00000000E+00  5.14651605E-02  4.91780445E-02
 -5.00000000E-01  2.15637000E+00 -9.68001007E-01  8.82542788E-03  1.30458890E+00  0.00000000E+00  5.14215134E-02  4.84504875E-02
 -5.00000000E-01  2.15660500E+00 -9.66666987E-01  8.69532368E-03  1.30466703E+00  0.00000000E+00  5.13752023E-02  4.77260483E-02
 -5.00000000E-01  2.15684000E+00 -9.65321637E-01  8.56431091E-03  1.30474487E+00  0.00000000E+00  5.13261901E-02  4.70047881E-02
 -5.00000000E-01  2.15707500E+00 -9.63964701E-01  8.43239234E-03  1.30482241E+00  0.00000000E+00  5.12744398E-02  4.62867669E-02
 -5.00000000E-01  2.15731000E+00 -9.62595914E-01  8.29957089E-03  1.30489962E+00  0.00000000E+00  5.12199149E-02  4.55720432E-02
 -5.00000000E-01  2.15754500E+00 -9.61215013E-01  8.16585083E-03  1.30497650E+00  0.00000000E+00  5.11625802E-02  4.48606777E-02
 -5.00000000E-01  2.15778000E+00 -9.59821715E-01  8.03123747E-03  1.30505307E+00  0.00000000E+00  5.11023996E-02  4.41527553E-02
 -5.00000000E-01  2.15801500E+00 -9.58415688E-01  7.89572926E-03  1.30512924E+00  0.00000000E+00  5.10393380E-02  4.34483328E-02
 -5.00000000E-01  2.15825000E+00 -9.56996655E-01  7.75933102E-03  1.30520500E+00  0.00000000E+00  5.09733660E-02  4.27474735E-02
 -5.00000000E-01  2.15848500E+00 -9.55564323E-01  7.62204748E-03  1.30528035E+00  0.00000000E+00  5.09044541E-02  4.20502419E-02
 -5.00000000E-01  2.15872000E+00 -9.54118381E-01  7.48388334E-03  1.30535528E+00  0.00000000E+00  5.08325724E-02  4.13567029E-02
 -5.00000000E-01  2.15895500E+00 -9.52658508E-01  7.34484337E-03  1.30542977E+00  0.00000000E+00  5.07576924E-02  4.06669223E-02
 -5.00000000E-01  2.15919000E+00 -9.51184365E-01  7.20493242E-03  1.30550381E+00  0.00000000E+00  5.06797867E-02  3.99809663E-02
 -5.00000000E-01  2.15942500E+00 -9.49695603E-01  7.06415551E-03  1.30557737E+00  0.00000000E+00  5.05988303E-02  3.92989019E-02
 -5.00000000E-01  2.15966000E+00 -9.48191863E-01  6.92251782E-03  1.30565044E+00  0.00000000E+00  5.05148007E-02  3.86207966E-02
 -5.00000000E-01  2.15989500E+00 -9.46672772E-01  6.78002478E-03  1.30572300E+00  0.00000000E+00  5.04276786E-02  3.79467182E-02
 -5.00000000E-01  2.16013000E+00 -9.45137948E-01  6.63668209E-03  1.30579503E+00  0.00000000E+00  5.03374483E-02  3.72767352E-02
 -5.00000000E-01  2.16036500E+00 -9.43586996E-01  6.49249571E-03  1.30586651E+00  0.00000000E+00  5.02440981E-02  3.66109169E-02
 -5.00000000E-01  2.16060000E+00 -9.42019512E-01  6.34747196E-03  1.30593741E+00  0.00000000E+00  5.01476211E-02  3.59493328E-02
 -5.00000000E-01  2.16083500E+00 -9.40435079E-01  6.20161745E-03  1.30600772E+00  0.00000000E+00  5.00480155E-02  3.52920531E-02
 -5.00000000E-01  2.16107000E+00 -9.38833272E-01  6.05493920E-03  1.30607742E+00  0.00000000E+00  4.99452849E-02  3.46391488E-02
 -5.00000000E-01  2.16130500E+00 -9.37213652E-01  5.90744458E-03  1.30614648E+00  0.00000000E+00  4.98394393E-02  3.39906914E-02
 -5.00000000E-01  2.16154000E+00 -9.35575767E-01  5.75914137E-03  1.30621487E+00  0.00000000E+00  4.97304955E-02  3.33467531E-02
 -5.00000000E-01  2.16177500E+00 -9.33919155E-01  5.61003776E-03  1.30628258E+00  0.00000000E+00  4.96184775E-02  3.27074070E-02
 -5.00000000E-01  2.16201000E+00 -9.32243340E-01  5.46014236E-03  1.30634958E+00  0.00000000E+00  4.95034181E-02  3.20727269E-02
 -5.00000000E-01  2.16224500E+00 -9.30547834E-01  5.30946424E-03  1.30641585E+00  0.00000000E+00  4.93853587E-02  3.14427876E-02
 -5.00000000E-01  2.16248000E+00 -9.28832134E-01  5.15801295E-03  1.30648137E+00  0.00000000E+00  4.92643511E-02  3.08176647E-02
 -5.00000000E-01  2.16271500E+00 -9.27095726E-01  5.00579849E-03  1.30654611E+00  0.00000000E+00  4.91404581E-02  3.01974349E-02
 -5.00000000E-01  2.16295000E+00 -9.25338079E-01  4.85283138E-03  1.30661005E+00  0.00000000E+00  4.90137549E-02  2.95821757E-02
 -5.00000000E-01  2.16318500E+00 -9.23558651E-01  4.69912267E-03  1.30667316E+00  0.00000000E+00  4.88843304E-02  2.89719660E-02
 -5.00000000E-01  2.16342000E+00 -9.21756885E-01  4.54468398E-03  1.30673542E+00  0.00000000E+00  4.87522887E-02  2.83668857E-02
 -5.00000000E-01  2.16365500E+00 -9.19932209E-01  4.38952747E-03  1.30679681E+00  0.00000000E+00  4.86177505E-02  2.77670157E-02
 -5.00000000E-01  2.16389000E+00 -9.18084040E-01  4.23366596E-03  1.30685729E+00  0.00000000E+00  4.84808555E-02  2.71724385E-02
 -5.00000000E-01  2.16412500E+00 -9.16211782E-01  4.07711292E-03  1.30691685E+00  0.00000000E+00  4.83417637E-02  2.65832376E-02
 -5.00000000E-01  2.16436000E+00 -9.14314826E-01  3.91988249E-03  1.30697546E+00  0.00000000E+00  4.82006584E-02  2.59994977E-02
 -5.00000000E-01  2.16459500E+00 -9.12392554E-01  3.76198958E-03  1.30703310E+00  0.00000000E+00  4.80577478E-02  2.54213052E-02
 -5.00000000E-01  2.16483000E+00 -9.10444337E-01  3.60344992E-03  1.30708973E+00  0.00000000E+00  4.79132683E-02  2.48487473E-02
 -5.00000000E-01  2.16506500E+00 -9.08469538E-01  3.44428007E-03  1.30714533E+00  0.00000000E+00  4.77674870E-02  2.42819130E-02
 -5.00000000E-01  2.16530000E+00 -9.06467515E-01  3.28449755E-03  1.30719988E+00  0.00000000E+00  4.76207052E-02  2.37208923E-02
 -5.00000000E-01  2.16553500E+00 -9.04437621E-01  3.12412088E-03  1.30725335E+00  0.00000000E+00  4.74732615E-02  2.31657766E-02
 -5.00000000E-01  2.16577000E+00 -9.02379209E-01  2.96316968E-03  1.30730570E+00  0.00000000E+00  4.73255354E-02  2.26166587E-02
 -5.00000000E-01  2.16600500E+00 -9.00291630E-01  2.80166476E-03  1.30735692E+00  0.00000000E+00  4.71779516E-02  2.20736323E-02
 -5.00000000E-01  2.16624000E+00 -8.98174245E-01  2.63962823E-03  1.30740697E+00  0.00000000E+00  4.70309841E-02  2.15367925E-02
 -5.00000000E-01  2.16647500E+00 -8.96026419E-01  2.47708360E-03  1.30745583E+00  0.00000000E+00  4.68851607E-02  2.10062355E-02
 -5.00000000E-01  2.16671000E+00 -8.93847531E-01  2.31405591E-03  1.30750347E+00  0.00000000E+00  4.67410678E-02  2.04820584E-02
 -5.00000000E-01  2.16694500E+00 -8.91636978E-01  2.15057187E-03  1.30754987E+00  0.00000000E+00  4.65993561E-02  1.99643592E-02
 -5.00000000E-01  2.16718000E+00 -8.89394177E-01  1.98666001E-03  1.30759499E+00  0.00000000E+00  4.64607456E-02  1.94532367E-02
 -5.00000000E-01  2.16741500E+00 -8.87118574E-01  1.82235081E-03  1.30763882E+00  0.00000000E+00  4.63260318E-02  1.89487901E-02
 -5.00000000E-01  2.16765000E+00 -8.84809650E-01  1.65767691E-03  1.30768132E+00  0.00000000E+00  4.61960920E-02  1.84511194E-02
 -5.00000000E-01  2.16788500E+00 -8.82466923E-01  1.49267327E-03  1.30772247E+00  0.00000000E+00  4.60718921E-02  1.79603247E-02
 -5.00000000E-01  2.16812000E+00 -8.80089961E-01  1.32737735E-03  1.30776226E+00  0.00000000E+00  4.59544933E-02  1.74765059E-02
 -5.00000000E-01  2.16835500E+00 -8.77678385E-01  1.16182938E-03  1.30780065E+00  0.00000000E+00  4.58450601E-02  1.69997631E-02
 -5.00000000E-01  2.16859000E+00 -8.75231881E-01  9.96072539E-04  1.30783764E+00  0.00000000E+00  4.57448677E-02  1.65301958E-02
 -5.00000000E-01  2.16882500E+00 -8.72750207E-01  8.30153189E-04  1.30787320E+00  0.00000000E+00  4.56553110E-02  1.60679026E-02
 -5.00000000E-01  2.16906000E+00 -8.70233203E-01  6.64121172E-04  1.30790732E+00  0.00000000E+00  4.55779126E-02  1.56129814E-02
 -5.00000000E-01  2.16929500E+00 -8.67680799E-01  4.98030054E-04  1.30794000E+00  0.00000000E+00  4.55143328E-02  1.51655285E-02
 -5.00000000E-01  2.16953000E+00 -8.65093032E-01  3.31937427E-04  1.30797122E+00  0.00000000E+00  4.54663786E-02  1.47256385E-02
 -5.00000000E-01  2.16976500E+00 -8.62470051E-01  1.65905216E-04  1.30800099E+00  0.00000000E+00  4.54360146E-02  1.42934040E-02
 -5.00000000E-01  2.17000000E+00 -8.59812132E-01 -8.95623797E-14  1.30802930E+00  0.00000000E+00  4.54253732E-02  1.38689148E-02
