               X               Y            VELX            VELY            PRES            TEMP            PS 1            PS 2  1.01000000E+01
  5.00000000E-01  1.93500000E+00 -5.55269793E-01  6.92068507E-14 -1.65806721E-02  0.00000000E+00  1.42471139E-14  4.84556169E-02
  5.00000000E-01  1.93523500E+00 -5.57412015E-01 -2.15443326E-04 -1.69703819E-02  0.00000000E+00  4.34123782E-03  4.84940581E-02
  5.00000000E-01  1.93547000E+00 -5.59097397E-01 -4.31594655E-04 -1.72658411E-02  0.00000000E+00  7.63681554E-03  4.85238612E-02
  5.00000000E-01  1.93570500E+00 -5.60441569E-01 -6.48251382E-04 -1.74895015E-02  0.00000000E+00  1.01348091E-02  4.85464406E-02
  5.00000000E-01  1.93594000E+00 -5.61539255E-01 -8.65247604E-04 -1.76598011E-02  0.00000000E+00  1.20391506E-02  4.85630077E-02
  5.00000000E-01  1.93617500E+00 -5.62466903E-01 -1.08244902E-03 -1.77916662E-02  0.00000000E+00  1.35151361E-02  4.85745926E-02
  5.00000000E-01  1.93641000E+00 -5.63285104E-01 -1.29974830E-03 -1.78969744E-02  0.00000000E+00  1.46944996E-02  4.85820647E-02
  5.00000000E-01  1.93664500E+00 -5.64040817E-01 -1.51706082E-03 -1.79849797E-02  0.00000000E+00  1.56800691E-02  4.85861512E-02
  5.00000000E-01  1.93688000E+00 -5.64769394E-01 -1.73432090E-03 -1.80627000E-02  0.00000000E+00  1.65500209E-02  4.85874548E-02
  5.00000000E-01  1.93711500E+00 -5.65496428E-01 -1.95147839E-03 -1.81352700E-02  0.00000000E+00  1.73617497E-02  4.85864698E-02
  5.00000000E-01  1.93735000E+00 -5.66239416E-01 -2.16849555E-03 -1.82062603E-02  0.00000000E+00  1.81553694E-02  4.85835966E-02
  5.00000000E-01  1.93758500E+00 -5.67009259E-01 -2.38534446E-03 -1.82779644E-02  0.00000000E+00  1.89568622E-02  4.85791553E-02
  5.00000000E-01  1.93782000E+00 -5.67811598E-01 -2.60200458E-03 -1.83516545E-02  0.00000000E+00  1.97808926E-02  4.85733978E-02
  5.00000000E-01  1.93805500E+00 -5.68647999E-01 -2.81846077E-03 -1.84278087E-02  0.00000000E+00  2.06333010E-02  4.85665193E-02
  5.00000000E-01  1.93829000E+00 -5.69516991E-01 -3.03470151E-03 -1.85063104E-02  0.00000000E+00  2.15132961E-02  4.85586678E-02
  5.00000000E-01  1.93852500E+00 -5.70414969E-01 -3.25071745E-03 -1.85866211E-02  0.00000000E+00  2.24153593E-02  4.85499533E-02
  5.00000000E-01  1.93876000E+00 -5.71336965E-01 -3.46650024E-03 -1.86679292E-02  0.00000000E+00  2.33308809E-02  4.85404556E-02
  5.00000000E-01  1.93899500E+00 -5.72277300E-01 -3.68204151E-03 -1.87492751E-02  0.00000000E+00  2.42495415E-02  4.85302315E-02
  5.00000000E-01  1.93923000E+00 -5.73230122E-01 -3.89733221E-03 -1.88296552E-02  0.00000000E+00  2.51604575E-02  4.85193205E-02
  5.00000000E-01  1.93946500E+00 -5.74189836E-01 -4.11236200E-03 -1.89081047E-02  0.00000000E+00  2.60531051E-02  4.85077503E-02
  5.00000000E-01  1.93970000E+00 -5.75151442E-01 -4.32711898E-03 -1.89837635E-02  0.00000000E+00  2.69180412E-02  4.84955408E-02
  5.00000000E-01  1.93993500E+00 -5.76110778E-01 -4.54158947E-03 -1.90559229E-02  0.00000000E+00  2.77474354E-02  4.84827086E-02
  5.00000000E-01  1.94017000E+00 -5.77064685E-01 -4.75575801E-03 -1.91240587E-02  0.00000000E+00  2.85354323E-02  4.84692690E-02
  5.00000000E-01  1.94040500E+00 -5.78011094E-01 -4.96960743E-03 -1.91878484E-02  0.00000000E+00  2.92783575E-02  4.84552389E-02
  5.00000000E-01  1.94064000E+00 -5.78949052E-01 -5.18311911E-03 -1.92471773E-02  0.00000000E+00  2.99747861E-02  4.84406384E-02
  5.00000000E-01  1.94087500E+00 -5.79878688E-01 -5.39627324E-03 -1.93021325E-02  0.00000000E+00  3.06254894E-02  4.84254920E-02
  5.00000000E-01  1.94111000E+00 -5.80801127E-01 -5.60904925E-03 -1.93529874E-02  0.00000000E+00  3.12332755E-02  4.84098292E-02
  5.00000000E-01  1.94134500E+00 -5.81718366E-01 -5.82142621E-03 -1.94001788E-02  0.00000000E+00  3.18027415E-02  4.83936851E-02
  5.00000000E-01  1.94158000E+00 -5.82633114E-01 -6.03338334E-03 -1.94442767E-02  0.00000000E+00  3.23399525E-02  4.83770999E-02
  5.00000000E-01  1.94181500E+00 -5.83548603E-01 -6.24490047E-03 -1.94859494E-02  0.00000000E+00  3.28520651E-02  4.83601186E-02
  5.00000000E-01  1.94205000E+00 -5.84468384E-01 -6.45595857E-03 -1.95259247E-02  0.00000000E+00  3.33469106E-02  4.83427902E-02
  5.00000000E-01  1.94228500E+00 -5.85396116E-01 -6.66654018E-03 -1.95649498E-02  0.00000000E+00  3.38325554E-02  4.83251672E-02
  5.00000000E-01  1.94252000E+00 -5.86335342E-01 -6.87662989E-03 -1.96037492E-02  0.00000000E+00  3.43168542E-02  4.83073039E-02
  5.00000000E-01  1.94275500E+00 -5.87289283E-01 -7.08621470E-03 -1.96429857E-02  0.00000000E+00  3.48070128E-02  4.82892552E-02
  5.00000000E-01  1.94299000E+00 -5.88260635E-01 -7.29528434E-03 -1.96832214E-02  0.00000000E+00  3.53091774E-02  4.82710758E-02
  5.00000000E-01  1.94322500E+00 -5.89251397E-01 -7.50383146E-03 -1.97248849E-02  0.00000000E+00  3.58280659E-02  4.82528183E-02
  5.00000000E-01  1.94346000E+00 -5.90262716E-01 -7.71185174E-03 -1.97682422E-02  0.00000000E+00  3.63666584E-02  4.82345321E-02
  5.00000000E-01  1.94369500E+00 -5.91294785E-01 -7.91934389E-03 -1.98133762E-02  0.00000000E+00  3.69259626E-02  4.82162623E-02
  5.00000000E-01  1.94393000E+00 -5.92346771E-01 -8.12630941E-03 -1.98601729E-02  0.00000000E+00  3.75048718E-02  4.81980485E-02
  5.00000000E-01  1.94416500E+00 -5.93416806E-01 -8.33275230E-03 -1.99083195E-02  0.00000000E+00  3.81001302E-02  4.81799236E-02
  5.00000000E-01  1.94440000E+00 -5.94502033E-01 -8.53867850E-03 -1.99573123E-02  0.00000000E+00  3.87064238E-02  4.81619137E-02
  5.00000000E-01  1.94463500E+00 -5.95598728E-01 -8.74409515E-03 -2.00064790E-02  0.00000000E+00  3.93166117E-02  4.81440374E-02
  5.00000000E-01  1.94487000E+00 -5.96702491E-01 -8.94900962E-03 -2.00550145E-02  0.00000000E+00  3.99221154E-02  4.81263057E-02
  5.00000000E-01  1.94510500E+00 -5.97808526E-01 -9.15342831E-03 -2.01020331E-02  0.00000000E+00  4.05134815E-02  4.81087227E-02
  5.00000000E-01  1.94534000E+00 -5.98912014E-01 -9.35735520E-03 -2.01466387E-02  0.00000000E+00  4.10811357E-02  4.80912860E-02
  5.00000000E-01  1.94557500E+00 -6.00008585E-01 -9.56079006E-03 -2.01880130E-02  0.00000000E+00  4.16163431E-02  4.80739883E-02
  5.00000000E-01  1.94581000E+00 -6.01094901E-01 -9.76372645E-03 -2.02255252E-02  0.00000000E+00  4.21123918E-02  4.80568191E-02
  5.00000000E-01  1.94604500E+00 -6.02169352E-01 -9.96614932E-03 -2.02588637E-02  0.00000000E+00  4.25660163E-02  4.80397674E-02
  5.00000000E-01  1.94628000E+00 -6.03232876E-01 -1.01680323E-02 -2.02881902E-02  0.00000000E+00  4.29790776E-02  4.80228245E-02
  5.00000000E-01  1.94651500E+00 -6.04289922E-01 -1.03693347E-02 -2.03143206E-02  0.00000000E+00  4.33605149E-02  4.80059881E-02
  5.00000000E-01  1.94675000E+00 -6.05349534E-01 -1.05699981E-02 -2.03389311E-02  0.00000000E+00  4.37285872E-02  4.79892668E-02
  5.00000000E-01  1.94698500E+00 -6.06426604E-01 -1.07699423E-02 -2.03647931E-02  0.00000000E+00  4.41134204E-02  4.79726854E-02
  5.00000000E-01  1.94722000E+00 -6.07543264E-01 -1.09690615E-02 -2.03960375E-02  0.00000000E+00  4.45598756E-02  4.79562912E-02
  5.00000000E-01  1.94745500E+00 -6.08730455E-01 -1.11672191E-02 -2.04384497E-02  0.00000000E+00  4.51307568E-02  4.79401612E-02
  5.00000000E-01  1.94769000E+00 -6.09888694E-01 -1.13651170E-02 -2.04785299E-02  0.00000000E+00  4.56287446E-02  4.79243916E-02
  5.00000000E-01  1.94792500E+00 -6.11031632E-01 -1.15625728E-02 -2.05134381E-02  0.00000000E+00  4.60801169E-02  4.79088967E-02
  5.00000000E-01  1.94816000E+00 -6.12180635E-01 -1.17594194E-02 -2.05463909E-02  0.00000000E+00  4.65275880E-02  4.78936753E-02
  5.00000000E-01  1.94839500E+00 -6.13335637E-01 -1.19556396E-02 -2.05778861E-02  0.00000000E+00  4.69712443E-02  4.78787384E-02
  5.00000000E-01  1.94863000E+00 -6.14496573E-01 -1.21512197E-02 -2.06083143E-02  0.00000000E+00  4.74111676E-02  4.78640969E-02
  5.00000000E-01  1.94886500E+00 -6.15663378E-01 -1.23461489E-02 -2.06379745E-02  0.00000000E+00  4.78474360E-02  4.78497609E-02
  5.00000000E-01  1.94910000E+00 -6.16835989E-01 -1.25404189E-02 -2.06670881E-02  0.00000000E+00  4.82801236E-02  4.78357405E-02
  5.00000000E-01  1.94933500E+00 -6.18014341E-01 -1.27340232E-02 -2.06958118E-02  0.00000000E+00  4.87093013E-02  4.78220455E-02
  5.00000000E-01  1.94957000E+00 -6.19198370E-01 -1.29269569E-02 -2.07242495E-02  0.00000000E+00  4.91350364E-02  4.78086850E-02
  5.00000000E-01  1.94980500E+00 -6.20388013E-01 -1.31192162E-02 -2.07524621E-02  0.00000000E+00  4.95573929E-02  4.77956683E-02
  5.00000000E-01  1.95004000E+00 -6.21583206E-01 -1.33107983E-02 -2.07804770E-02  0.00000000E+00  4.99764322E-02  4.77830040E-02
  5.00000000E-01  1.95027500E+00 -6.22783886E-01 -1.35017008E-02 -2.08082962E-02  0.00000000E+00  5.03922125E-02  4.77707005E-02
  5.00000000E-01  1.95051000E+00 -6.23989990E-01 -1.36919219E-02 -2.08359034E-02  0.00000000E+00  5.08047895E-02  4.77587660E-02
  5.00000000E-01  1.95074500E+00 -6.25201456E-01 -1.38814596E-02 -2.08632699E-02  0.00000000E+00  5.12142162E-02  4.77472084E-02
  5.00000000E-01  1.95098000E+00 -6.26418223E-01 -1.40703122E-02 -2.08903599E-02  0.00000000E+00  5.16205434E-02  4.77360351E-02
  5.00000000E-01  1.95121500E+00 -6.27640226E-01 -1.42584778E-02 -2.09171351E-02  0.00000000E+00  5.20238195E-02  4.77252536E-02
  5.00000000E-01  1.95145000E+00 -6.28867407E-01 -1.44459541E-02 -2.09435576E-02  0.00000000E+00  5.24240909E-02  4.77148709E-02
  5.00000000E-01  1.95168500E+00 -6.30099703E-01 -1.46327388E-02 -2.09695930E-02  0.00000000E+00  5.28214017E-02  4.77048938E-02
  5.00000000E-01  1.95192000E+00 -6.31337053E-01 -1.48188290E-02 -2.09952128E-02  0.00000000E+00  5.32157944E-02  4.76953287E-02
  5.00000000E-01  1.95215500E+00 -6.32579397E-01 -1.50042217E-02 -2.10203950E-02  0.00000000E+00  5.36073095E-02  4.76861821E-02
  5.00000000E-01  1.95239000E+00 -6.33826675E-01 -1.51889133E-02 -2.10451260E-02  0.00000000E+00  5.39959859E-02  4.76774601E-02
  5.00000000E-01  1.95262500E+00 -6.35078828E-01 -1.53729001E-02 -2.10694002E-02  0.00000000E+00  5.43818608E-02  4.76691684E-02
  5.00000000E-01  1.95286000E+00 -6.36335795E-01 -1.55561780E-02 -2.10932202E-02  0.00000000E+00  5.47649699E-02  4.76613128E-02
  5.00000000E-01  1.95309500E+00 -6.37597517E-01 -1.57387427E-02 -2.11165963E-02  0.00000000E+00  5.51453475E-02  4.76538987E-02
  5.00000000E-01  1.95333000E+00 -6.38863937E-01 -1.59205897E-02 -2.11395456E-02  0.00000000E+00  5.55230264E-02  4.76469313E-02
  5.00000000E-01  1.95356500E+00 -6.40134995E-01 -1.61017144E-02 -2.11620913E-02  0.00000000E+00  5.58980384E-02  4.76404158E-02
  5.00000000E-01  1.95380000E+00 -6.41410633E-01 -1.62821123E-02 -2.11842606E-02  0.00000000E+00  5.62704136E-02  4.76343570E-02
  5.00000000E-01  1.95403500E+00 -6.42690795E-01 -1.64617787E-02 -2.12060839E-02  0.00000000E+00  5.66401813E-02  4.76287596E-02
  5.00000000E-01  1.95427000E+00 -6.43975422E-01 -1.66407091E-02 -2.12275931E-02  0.00000000E+00  5.70073695E-02  4.76236281E-02
  5.00000000E-01  1.95450500E+00 -6.45264457E-01 -1.68188995E-02 -2.12488196E-02  0.00000000E+00  5.73720053E-02  4.76189670E-02
  5.00000000E-01  1.95474000E+00 -6.46557844E-01 -1.69963457E-02 -2.12697930E-02  0.00000000E+00  5.77341147E-02  4.76147806E-02
  5.00000000E-01  1.95497500E+00 -6.47855527E-01 -1.71730442E-02 -2.12905396E-02  0.00000000E+00  5.80937227E-02  4.76110727E-02
  5.00000000E-01  1.95521000E+00 -6.49157448E-01 -1.73489917E-02 -2.13110807E-02  0.00000000E+00  5.84508534E-02  4.76078475E-02
  5.00000000E-01  1.95544500E+00 -6.50463554E-01 -1.75241854E-02 -2.13314314E-02  0.00000000E+00  5.88055301E-02  4.76051088E-02
  5.00000000E-01  1.95568000E+00 -6.51773789E-01 -1.76986231E-02 -2.13516001E-02  0.00000000E+00  5.91577751E-02  4.76028602E-02
  5.00000000E-01  1.95591500E+00 -6.53088096E-01 -1.78723028E-02 -2.13715870E-02  0.00000000E+00  5.95076101E-02  4.76011054E-02
  5.00000000E-01  1.95615000E+00 -6.54406423E-01 -1.80452232E-02 -2.13913844E-02  0.00000000E+00  5.98550560E-02  4.75998478E-02
  5.00000000E-01  1.95638500E+00 -6.55728714E-01 -1.82173833E-02 -2.14109764E-02  0.00000000E+00  6.02001329E-02  4.75990907E-02
  5.00000000E-01  1.95662000E+00 -6.57054915E-01 -1.83887827E-02 -2.14303400E-02  0.00000000E+00  6.05428601E-02  4.75988375E-02
  5.00000000E-01  1.95685500E+00 -6.58384973E-01 -1.85594211E-02 -2.14494453E-02  0.00000000E+00  6.08832565E-02  4.75990913E-02
  5.00000000E-01  1.95709000E+00 -6.59718834E-01 -1.87292986E-02 -2.14682581E-02  0.00000000E+00  6.12213402E-02  4.75998552E-02
  5.00000000E-01  1.95732500E+00 -6.61056445E-01 -1.88984151E-02 -2.14867419E-02  0.00000000E+00  6.15571287E-02  4.76011322E-02
  5.00000000E-01  1.95756000E+00 -6.62397753E-01 -1.90667706E-02 -2.15048607E-02  0.00000000E+00  6.18906389E-02  4.76029252E-02
  5.00000000E-01  1.95779500E+00 -6.63742706E-01 -1.92343647E-02 -2.15225830E-02  0.00000000E+00  6.22218872E-02  4.76052371E-02
  5.00000000E-01  1.95803000E+00 -6.65091252E-01 -1.94011965E-02 -2.15398869E-02  0.00000000E+00  6.25508896E-02  4.76080707E-02
  5.00000000E-01  1.95826500E+00 -6.66443338E-01 -1.95672641E-02 -2.15567648E-02  0.00000000E+00  6.28776615E-02  4.76114286E-02
  5.00000000E-01  1.95850000E+00 -6.67798913E-01 -1.97325645E-02 -2.15732305E-02  0.00000000E+00  6.32022177E-02  4.76153136E-02
  5.00000000E-01  1.95873500E+00 -6.69157926E-01 -1.98970931E-02 -2.15893264E-02  0.00000000E+00  6.35245728E-02  4.76197282E-02
  5.00000000E-01  1.95897000E+00 -6.70520326E-01 -2.00608432E-02 -2.16051322E-02  0.00000000E+00  6.38447409E-02  4.76246749E-02
  5.00000000E-01  1.95920500E+00 -6.71886062E-01 -2.02238057E-02 -2.16207745E-02  0.00000000E+00  6.41627358E-02  4.76301564E-02
  5.00000000E-01  1.95944000E+00 -6.73255084E-01 -2.03859684E-02 -2.16364373E-02  0.00000000E+00  6.44785709E-02  4.76361749E-02
  5.00000000E-01  1.95967500E+00 -6.74627342E-01 -2.05473153E-02 -2.16523748E-02  0.00000000E+00  6.47922596E-02  4.76427329E-02
  5.00000000E-01  1.95991000E+00 -6.76002786E-01 -2.07078263E-02 -2.16689239E-02  0.00000000E+00  6.51038146E-02  4.76498328E-02
  5.00000000E-01  1.96014500E+00 -6.77381367E-01 -2.08675874E-02 -2.16847407E-02  0.00000000E+00  6.54132478E-02  4.76574759E-02
  5.00000000E-01  1.96038000E+00 -6.78763034E-01 -2.10266089E-02 -2.16995796E-02  0.00000000E+00  6.57205706E-02  4.76656636E-02
  5.00000000E-01  1.96061500E+00 -6.80147739E-01 -2.11848374E-02 -2.17142581E-02  0.00000000E+00  6.60257952E-02  4.76743981E-02
  5.00000000E-01  1.96085000E+00 -6.81535433E-01 -2.13422729E-02 -2.17287628E-02  0.00000000E+00  6.63289329E-02  4.76836808E-02
  5.00000000E-01  1.96108500E+00 -6.82926069E-01 -2.14989151E-02 -2.17430836E-02  0.00000000E+00  6.66299948E-02  4.76935134E-02
  5.00000000E-01  1.96132000E+00 -6.84319597E-01 -2.16547639E-02 -2.17572127E-02  0.00000000E+00  6.69289917E-02  4.77038973E-02
  5.00000000E-01  1.96155500E+00 -6.85715970E-01 -2.18098186E-02 -2.17711448E-02  0.00000000E+00  6.72259343E-02  4.77148339E-02
  5.00000000E-01  1.96179000E+00 -6.87115140E-01 -2.19640790E-02 -2.17848763E-02  0.00000000E+00  6.75208328E-02  4.77263244E-02
  5.00000000E-01  1.96202500E+00 -6.88517061E-01 -2.21175445E-02 -2.17984053E-02  0.00000000E+00  6.78136975E-02  4.77383700E-02
  5.00000000E-01  1.96226000E+00 -6.89921685E-01 -2.22702144E-02 -2.18117310E-02  0.00000000E+00  6.81045383E-02  4.77509718E-02
  5.00000000E-01  1.96249500E+00 -6.91328965E-01 -2.24220883E-02 -2.18248539E-02  0.00000000E+00  6.83933648E-02  4.77641308E-02
  5.00000000E-01  1.96273000E+00 -6.92738855E-01 -2.25731654E-02 -2.18377752E-02  0.00000000E+00  6.86801868E-02  4.77778480E-02
  5.00000000E-01  1.96296500E+00 -6.94151309E-01 -2.27234453E-02 -2.18504967E-02  0.00000000E+00  6.89650134E-02  4.77921242E-02
  5.00000000E-01  1.96320000E+00 -6.95566280E-01 -2.28729274E-02 -2.18630207E-02  0.00000000E+00  6.92478540E-02  4.78069602E-02
  5.00000000E-01  1.96343500E+00 -6.96983724E-01 -2.30216111E-02 -2.18753500E-02  0.00000000E+00  6.95287174E-02  4.78223567E-02
  5.00000000E-01  1.96367000E+00 -6.98403595E-01 -2.31694960E-02 -2.18874871E-02  0.00000000E+00  6.98076127E-02  4.78383143E-02
  5.00000000E-01  1.96390500E+00 -6.99825848E-01 -2.33165815E-02 -2.18994352E-02  0.00000000E+00  7.00845486E-02  4.78548337E-02
  5.00000000E-01  1.96414000E+00 -7.01250437E-01 -2.34628674E-02 -2.19111971E-02  0.00000000E+00  7.03595336E-02  4.78719152E-02
  5.00000000E-01  1.96437500E+00 -7.02677319E-01 -2.36083532E-02 -2.19227756E-02  0.00000000E+00  7.06325762E-02  4.78895594E-02
  5.00000000E-01  1.96461000E+00 -7.04106450E-01 -2.37530387E-02 -2.19341734E-02  0.00000000E+00  7.09036847E-02  4.79077666E-02
  5.00000000E-01  1.96484500E+00 -7.05537784E-01 -2.38969236E-02 -2.19453932E-02  0.00000000E+00  7.11728674E-02  4.79265370E-02
  5.00000000E-01  1.96508000E+00 -7.06971280E-01 -2.40400078E-02 -2.19564374E-02  0.00000000E+00  7.14401324E-02  4.79458710E-02
  5.00000000E-01  1.96531500E+00 -7.08406892E-01 -2.41822911E-02 -2.19673081E-02  0.00000000E+00  7.17054876E-02  4.79657687E-02
  5.00000000E-01  1.96555000E+00 -7.09844579E-01 -2.43237735E-02 -2.19780075E-02  0.00000000E+00  7.19689411E-02  4.79862302E-02
  5.00000000E-01  1.96578500E+00 -7.11284296E-01 -2.44644550E-02 -2.19885373E-02  0.00000000E+00  7.22305007E-02  4.80072556E-02
  5.00000000E-01  1.96602000E+00 -7.12726002E-01 -2.46043357E-02 -2.19988993E-02  0.00000000E+00  7.24901740E-02  4.80288447E-02
  5.00000000E-01  1.96625500E+00 -7.14169655E-01 -2.47434157E-02 -2.20090951E-02  0.00000000E+00  7.27479688E-02  4.80509977E-02
  5.00000000E-01  1.96649000E+00 -7.15615211E-01 -2.48816952E-02 -2.20191261E-02  0.00000000E+00  7.30038926E-02  4.80737143E-02
  5.00000000E-01  1.96672500E+00 -7.17062629E-01 -2.50191743E-02 -2.20289937E-02  0.00000000E+00  7.32579530E-02  4.80969944E-02
  5.00000000E-01  1.96696000E+00 -7.18511869E-01 -2.51558535E-02 -2.20386994E-02  0.00000000E+00  7.35101573E-02  4.81208378E-02
  5.00000000E-01  1.96719500E+00 -7.19962888E-01 -2.52917329E-02 -2.20482445E-02  0.00000000E+00  7.37605131E-02  4.81452441E-02
  5.00000000E-01  1.96743000E+00 -7.21415645E-01 -2.54268130E-02 -2.20576303E-02  0.00000000E+00  7.40090276E-02  4.81702130E-02
  5.00000000E-01  1.96766500E+00 -7.22870100E-01 -2.55610941E-02 -2.20668584E-02  0.00000000E+00  7.42557081E-02  4.81957442E-02
  5.00000000E-01  1.96790000E+00 -7.24326212E-01 -2.56945767E-02 -2.20759304E-02  0.00000000E+00  7.45005618E-02  4.82218372E-02
  5.00000000E-01  1.96813500E+00 -7.25783941E-01 -2.58272613E-02 -2.20848478E-02  0.00000000E+00  7.47435960E-02  4.82484914E-02
  5.00000000E-01  1.96837000E+00 -7.27243247E-01 -2.59591483E-02 -2.20936125E-02  0.00000000E+00  7.49848178E-02  4.82757065E-02
  5.00000000E-01  1.96860500E+00 -7.28704091E-01 -2.60902383E-02 -2.21022265E-02  0.00000000E+00  7.52242342E-02  4.83034818E-02
  5.00000000E-01  1.96884000E+00 -7.30166433E-01 -2.62205319E-02 -2.21106920E-02  0.00000000E+00  7.54618524E-02  4.83318166E-02
  5.00000000E-01  1.96907500E+00 -7.31630234E-01 -2.63500297E-02 -2.21190111E-02  0.00000000E+00  7.56976794E-02  4.83607104E-02
  5.00000000E-01  1.96931000E+00 -7.33095455E-01 -2.64787323E-02 -2.21271862E-02  0.00000000E+00  7.59317222E-02  4.83901623E-02
  5.00000000E-01  1.96954500E+00 -7.34562058E-01 -2.66066403E-02 -2.21352199E-02  0.00000000E+00  7.61639878E-02  4.84201716E-02
  5.00000000E-01  1.96978000E+00 -7.36030003E-01 -2.67337545E-02 -2.21431145E-02  0.00000000E+00  7.63944831E-02  4.84507376E-02
  5.00000000E-01  1.97001500E+00 -7.37499254E-01 -2.68600757E-02 -2.21508726E-02  0.00000000E+00  7.66232152E-02  4.84818593E-02
  5.00000000E-01  1.97025000E+00 -7.38969772E-01 -2.69856046E-02 -2.21584964E-02  0.00000000E+00  7.68501908E-02  4.85135359E-02
  5.00000000E-01  1.97048500E+00 -7.40441520E-01 -2.71103421E-02 -2.21659882E-02  0.00000000E+00  7.70754169E-02  4.85457665E-02
  5.00000000E-01  1.97072000E+00 -7.41914461E-01 -2.72342890E-02 -2.21733496E-02  0.00000000E+00  7.72989004E-02  4.85785501E-02
  5.00000000E-01  1.97095500E+00 -7.43388557E-01 -2.73574464E-02 -2.21805820E-02  0.00000000E+00  7.75206481E-02  4.86118856E-02
  5.00000000E-01  1.97119000E+00 -7.44863772E-01 -2.74798153E-02 -2.21876859E-02  0.00000000E+00  7.77406670E-02  4.86457721E-02
  5.00000000E-01  1.97142500E+00 -7.46340069E-01 -2.76013969E-02 -2.21946612E-02  0.00000000E+00  7.79589638E-02  4.86802084E-02
  5.00000000E-01  1.97166000E+00 -7.47817413E-01 -2.77221924E-02 -2.22015067E-02  0.00000000E+00  7.81755455E-02  4.87151935E-02
  5.00000000E-01  1.97189500E+00 -7.49295767E-01 -2.78422032E-02 -2.22082195E-02  0.00000000E+00  7.83904189E-02  4.87507261E-02
  5.00000000E-01  1.97213000E+00 -7.50775095E-01 -2.79614308E-02 -2.22147956E-02  0.00000000E+00  7.86035907E-02  4.87868051E-02
  5.00000000E-01  1.97236500E+00 -7.52255363E-01 -2.80798765E-02 -2.22212350E-02  0.00000000E+00  7.88150679E-02  4.88234293E-02
  5.00000000E-01  1.97260000E+00 -7.53736534E-01 -2.81975388E-02 -2.22275804E-02  0.00000000E+00  7.90248573E-02  4.88605973E-02
  5.00000000E-01  1.97283500E+00 -7.55218575E-01 -2.83144209E-02 -2.22338050E-02  0.00000000E+00  7.92329657E-02  4.88983080E-02
  5.00000000E-01  1.97307000E+00 -7.56701450E-01 -2.84305239E-02 -2.22399105E-02  0.00000000E+00  7.94393999E-02  4.89365599E-02
  5.00000000E-01  1.97330500E+00 -7.58185126E-01 -2.85458493E-02 -2.22458987E-02  0.00000000E+00  7.96441668E-02  4.89753517E-02
  5.00000000E-01  1.97354000E+00 -7.59669567E-01 -2.86603982E-02 -2.22517711E-02  0.00000000E+00  7.98472732E-02  4.90146819E-02
  5.00000000E-01  1.97377500E+00 -7.61154741E-01 -2.87741722E-02 -2.22575293E-02  0.00000000E+00  8.00487259E-02  4.90545493E-02
  5.00000000E-01  1.97401000E+00 -7.62640614E-01 -2.88871725E-02 -2.22631747E-02  0.00000000E+00  8.02485319E-02  4.90949522E-02
  5.00000000E-01  1.97424500E+00 -7.64127152E-01 -2.89994007E-02 -2.22687090E-02  0.00000000E+00  8.04466979E-02  4.91358893E-02
  5.00000000E-01  1.97448000E+00 -7.65614322E-01 -2.91108583E-02 -2.22741336E-02  0.00000000E+00  8.06432308E-02  4.91773589E-02
  5.00000000E-01  1.97471500E+00 -7.67102092E-01 -2.92215466E-02 -2.22794498E-02  0.00000000E+00  8.08381375E-02  4.92193596E-02
  5.00000000E-01  1.97495000E+00 -7.68590430E-01 -2.93314674E-02 -2.22846592E-02  0.00000000E+00  8.10314248E-02  4.92618897E-02
  5.00000000E-01  1.97518500E+00 -7.70079302E-01 -2.94406221E-02 -2.22897630E-02  0.00000000E+00  8.12230997E-02  4.93049477E-02
  5.00000000E-01  1.97542000E+00 -7.71568677E-01 -2.95490124E-02 -2.22947627E-02  0.00000000E+00  8.14131690E-02  4.93485318E-02
  5.00000000E-01  1.97565500E+00 -7.73058524E-01 -2.96566398E-02 -2.22996596E-02  0.00000000E+00  8.16016397E-02  4.93926405E-02
  5.00000000E-01  1.97589000E+00 -7.74548810E-01 -2.97635061E-02 -2.23044550E-02  0.00000000E+00  8.17885186E-02  4.94372720E-02
  5.00000000E-01  1.97612500E+00 -7.76039505E-01 -2.98696129E-02 -2.23091503E-02  0.00000000E+00  8.19738126E-02  4.94824245E-02
  5.00000000E-01  1.97636000E+00 -7.77530577E-01 -2.99749619E-02 -2.23137468E-02  0.00000000E+00  8.21575288E-02  4.95280964E-02
  5.00000000E-01  1.97659500E+00 -7.79021996E-01 -3.00795549E-02 -2.23182458E-02  0.00000000E+00  8.23396740E-02  4.95742859E-02
  5.00000000E-01  1.97683000E+00 -7.80513732E-01 -3.01833937E-02 -2.23226485E-02  0.00000000E+00  8.25202552E-02  4.96209911E-02
  5.00000000E-01  1.97706500E+00 -7.82005754E-01 -3.02864801E-02 -2.23269563E-02  0.00000000E+00  8.26992793E-02  4.96682102E-02
  5.00000000E-01  1.97730000E+00 -7.83498033E-01 -3.03888158E-02 -2.23311703E-02  0.00000000E+00  8.28767534E-02  4.97159414E-02
  5.00000000E-01  1.97753500E+00 -7.84990539E-01 -3.04904028E-02 -2.23352920E-02  0.00000000E+00  8.30526843E-02  4.97641827E-02
  5.00000000E-01  1.97777000E+00 -7.86483242E-01 -3.05912428E-02 -2.23393225E-02  0.00000000E+00  8.32270792E-02  4.98129323E-02
  5.00000000E-01  1.97800500E+00 -7.87976113E-01 -3.06913379E-02 -2.23432630E-02  0.00000000E+00  8.33999451E-02  4.98621882E-02
  5.00000000E-01  1.97824000E+00 -7.89469124E-01 -3.07906898E-02 -2.23471149E-02  0.00000000E+00  8.35712888E-02  4.99119485E-02
  5.00000000E-01  1.97847500E+00 -7.90962246E-01 -3.08893007E-02 -2.23508793E-02  0.00000000E+00  8.37411176E-02  4.99622111E-02
  5.00000000E-01  1.97871000E+00 -7.92455450E-01 -3.09871724E-02 -2.23545574E-02  0.00000000E+00  8.39094383E-02  5.00129741E-02
  5.00000000E-01  1.97894500E+00 -7.93948709E-01 -3.10843069E-02 -2.23581506E-02  0.00000000E+00  8.40762582E-02  5.00642354E-02
  5.00000000E-01  1.97918000E+00 -7.95441994E-01 -3.11807062E-02 -2.23616599E-02  0.00000000E+00  8.42415842E-02  5.01159929E-02
  5.00000000E-01  1.97941500E+00 -7.96935278E-01 -3.12763725E-02 -2.23650866E-02  0.00000000E+00  8.44054234E-02  5.01682447E-02
  5.00000000E-01  1.97965000E+00 -7.98428534E-01 -3.13713077E-02 -2.23684319E-02  0.00000000E+00  8.45677829E-02  5.02209885E-02
  5.00000000E-01  1.97988500E+00 -7.99921735E-01 -3.14655139E-02 -2.23716968E-02  0.00000000E+00  8.47286698E-02  5.02742224E-02
  5.00000000E-01  1.98012000E+00 -8.01414853E-01 -3.15589932E-02 -2.23748827E-02  0.00000000E+00  8.48880913E-02  5.03279440E-02
  5.00000000E-01  1.98035500E+00 -8.02907863E-01 -3.16517478E-02 -2.23779906E-02  0.00000000E+00  8.50460543E-02  5.03821512E-02
  5.00000000E-01  1.98059000E+00 -8.04400738E-01 -3.17437798E-02 -2.23810217E-02  0.00000000E+00  8.52025662E-02  5.04368419E-02
  5.00000000E-01  1.98082500E+00 -8.05893452E-01 -3.18350914E-02 -2.23839771E-02  0.00000000E+00  8.53576339E-02  5.04920139E-02
  5.00000000E-01  1.98106000E+00 -8.07385978E-01 -3.19256846E-02 -2.23868580E-02  0.00000000E+00  8.55112646E-02  5.05476649E-02
  5.00000000E-01  1.98129500E+00 -8.08878292E-01 -3.20155618E-02 -2.23896653E-02  0.00000000E+00  8.56634656E-02  5.06037926E-02
  5.00000000E-01  1.98153000E+00 -8.10370369E-01 -3.21047252E-02 -2.23924004E-02  0.00000000E+00  8.58142439E-02  5.06603947E-02
  5.00000000E-01  1.98176500E+00 -8.11862183E-01 -3.21931770E-02 -2.23950641E-02  0.00000000E+00  8.59636068E-02  5.07174691E-02
  5.00000000E-01  1.98200000E+00 -8.13353709E-01 -3.22809194E-02 -2.23976576E-02  0.00000000E+00  8.61115614E-02  5.07750133E-02
  5.00000000E-01  1.98223500E+00 -8.14844922E-01 -3.23679547E-02 -2.24001821E-02  0.00000000E+00  8.62581149E-02  5.08330250E-02
  5.00000000E-01  1.98247000E+00 -8.16335800E-01 -3.24542852E-02 -2.24026384E-02  0.00000000E+00  8.64032744E-02  5.08915019E-02
  5.00000000E-01  1.98270500E+00 -8.17826317E-01 -3.25399132E-02 -2.24050277E-02  0.00000000E+00  8.65470473E-02  5.09504416E-02
  5.00000000E-01  1.98294000E+00 -8.19316449E-01 -3.26248411E-02 -2.24073511E-02  0.00000000E+00  8.66894406E-02  5.10098417E-02
  5.00000000E-01  1.98317500E+00 -8.20806174E-01 -3.27090711E-02 -2.24096095E-02  0.00000000E+00  8.68304617E-02  5.10696998E-02
  5.00000000E-01  1.98341000E+00 -8.22295467E-01 -3.27926056E-02 -2.24118040E-02  0.00000000E+00  8.69701177E-02  5.11300134E-02
  5.00000000E-01  1.98364500E+00 -8.23784306E-01 -3.28754470E-02 -2.24139357E-02  0.00000000E+00  8.71084158E-02  5.11907801E-02
  5.00000000E-01  1.98388000E+00 -8.25272668E-01 -3.29575976E-02 -2.24160056E-02  0.00000000E+00  8.72453633E-02  5.12519974E-02
  5.00000000E-01  1.98411500E+00 -8.26760531E-01 -3.30390599E-02 -2.24180148E-02  0.00000000E+00  8.73809673E-02  5.13136628E-02
  5.00000000E-01  1.98435000E+00 -8.28247871E-01 -3.31198362E-02 -2.24199643E-02  0.00000000E+00  8.75152352E-02  5.13757739E-02
  5.00000000E-01  1.98458500E+00 -8.29734667E-01 -3.31999290E-02 -2.24218551E-02  0.00000000E+00  8.76481742E-02  5.14383281E-02
  5.00000000E-01  1.98482000E+00 -8.31220897E-01 -3.32793407E-02 -2.24236881E-02  0.00000000E+00  8.77797914E-02  5.15013228E-02
  5.00000000E-01  1.98505500E+00 -8.32706540E-01 -3.33580737E-02 -2.24254641E-02  0.00000000E+00  8.79100941E-02  5.15647555E-02
  5.00000000E-01  1.98529000E+00 -8.34191574E-01 -3.34361306E-02 -2.24271842E-02  0.00000000E+00  8.80390896E-02  5.16286237E-02
  5.00000000E-01  1.98552500E+00 -8.35675977E-01 -3.35135137E-02 -2.24288494E-02  0.00000000E+00  8.81667851E-02  5.16929247E-02
  5.00000000E-01  1.98576000E+00 -8.37159730E-01 -3.35902255E-02 -2.24304607E-02  0.00000000E+00  8.82931878E-02  5.17576559E-02
  5.00000000E-01  1.98599500E+00 -8.38642810E-01 -3.36662686E-02 -2.24320190E-02  0.00000000E+00  8.84183050E-02  5.18228146E-02
  5.00000000E-01  1.98623000E+00 -8.40125199E-01 -3.37416454E-02 -2.24335252E-02  0.00000000E+00  8.85421439E-02  5.18883984E-02
  5.00000000E-01  1.98646500E+00 -8.41606876E-01 -3.38163585E-02 -2.24349802E-02  0.00000000E+00  8.86647116E-02  5.19544043E-02
  5.00000000E-01  1.98670000E+00 -8.43087820E-01 -3.38904103E-02 -2.24363851E-02  0.00000000E+00  8.87860156E-02  5.20208299E-02
  5.00000000E-01  1.98693500E+00 -8.44568012E-01 -3.39638033E-02 -2.24377406E-02  0.00000000E+00  8.89060629E-02  5.20876725E-02
  5.00000000E-01  1.98717000E+00 -8.46047433E-01 -3.40365403E-02 -2.24390478E-02  0.00000000E+00  8.90248607E-02  5.21549292E-02
  5.00000000E-01  1.98740500E+00 -8.47526063E-01 -3.41086235E-02 -2.24403075E-02  0.00000000E+00  8.91424164E-02  5.22225973E-02
  5.00000000E-01  1.98764000E+00 -8.49003884E-01 -3.41800557E-02 -2.24415206E-02  0.00000000E+00  8.92587371E-02  5.22906743E-02
  5.00000000E-01  1.98787500E+00 -8.50480875E-01 -3.42508394E-02 -2.24426879E-02  0.00000000E+00  8.93738301E-02  5.23591572E-02
  5.00000000E-01  1.98811000E+00 -8.51957020E-01 -3.43209772E-02 -2.24438104E-02  0.00000000E+00  8.94877024E-02  5.24280433E-02
  5.00000000E-01  1.98834500E+00 -8.53432300E-01 -3.43904715E-02 -2.24448890E-02  0.00000000E+00  8.96003614E-02  5.24973298E-02
  5.00000000E-01  1.98858000E+00 -8.54906696E-01 -3.44593251E-02 -2.24459244E-02  0.00000000E+00  8.97118141E-02  5.25670140E-02
  5.00000000E-01  1.98881500E+00 -8.56380190E-01 -3.45275405E-02 -2.24469176E-02  0.00000000E+00  8.98220678E-02  5.26370929E-02
  5.00000000E-01  1.98905000E+00 -8.57852766E-01 -3.45951203E-02 -2.24478694E-02  0.00000000E+00  8.99311297E-02  5.27075639E-02
  5.00000000E-01  1.98928500E+00 -8.59324405E-01 -3.46620670E-02 -2.24487806E-02  0.00000000E+00  9.00390068E-02  5.27784240E-02
  5.00000000E-01  1.98952000E+00 -8.60795090E-01 -3.47283834E-02 -2.24496521E-02  0.00000000E+00  9.01457064E-02  5.28496704E-02
  5.00000000E-01  1.98975500E+00 -8.62264804E-01 -3.47940720E-02 -2.24504847E-02  0.00000000E+00  9.02512355E-02  5.29213002E-02
  5.00000000E-01  1.98999000E+00 -8.63733531E-01 -3.48591354E-02 -2.24512792E-02  0.00000000E+00  9.03556014E-02  5.29933105E-02
  5.00000000E-01  1.99022500E+00 -8.65201254E-01 -3.49235763E-02 -2.24520363E-02  0.00000000E+00  9.04588110E-02  5.30656985E-02
  5.00000000E-01  1.99046000E+00 -8.66667957E-01 -3.49873972E-02 -2.24527571E-02  0.00000000E+00  9.05608716E-02  5.31384612E-02
  5.00000000E-01  1.99069500E+00 -8.68133623E-01 -3.50506009E-02 -2.24534421E-02  0.00000000E+00  9.06617902E-02  5.32115957E-02
  5.00000000E-01  1.99093000E+00 -8.69598237E-01 -3.51131898E-02 -2.24540923E-02  0.00000000E+00  9.07615739E-02  5.32850990E-02
  5.00000000E-01  1.99116500E+00 -8.71061783E-01 -3.51751668E-02 -2.24547083E-02  0.00000000E+00  9.08602297E-02  5.33589683E-02
  5.00000000E-01  1.99140000E+00 -8.72524246E-01 -3.52365344E-02 -2.24552910E-02  0.00000000E+00  9.09577647E-02  5.34332005E-02
  5.00000000E-01  1.99163500E+00 -8.73985610E-01 -3.52972952E-02 -2.24558412E-02  0.00000000E+00  9.10541859E-02  5.35077927E-02
  5.00000000E-01  1.99187000E+00 -8.75445860E-01 -3.53574519E-02 -2.24563595E-02  0.00000000E+00  9.11495004E-02  5.35827419E-02
  5.00000000E-01  1.99210500E+00 -8.76904981E-01 -3.54170071E-02 -2.24568468E-02  0.00000000E+00  9.12437151E-02  5.36580450E-02
  5.00000000E-01  1.99234000E+00 -8.78362959E-01 -3.54759635E-02 -2.24573038E-02  0.00000000E+00  9.13368371E-02  5.37336992E-02
  5.00000000E-01  1.99257500E+00 -8.79819780E-01 -3.55343238E-02 -2.24577312E-02  0.00000000E+00  9.14288732E-02  5.38097013E-02
  5.00000000E-01  1.99281000E+00 -8.81275428E-01 -3.55920905E-02 -2.24581298E-02  0.00000000E+00  9.15198305E-02  5.38860484E-02
  5.00000000E-01  1.99304500E+00 -8.82729891E-01 -3.56492664E-02 -2.24585004E-02  0.00000000E+00  9.16097158E-02  5.39627373E-02
  5.00000000E-01  1.99328000E+00 -8.84183155E-01 -3.57058540E-02 -2.24588435E-02  0.00000000E+00  9.16985362E-02  5.40397650E-02
  5.00000000E-01  1.99351500E+00 -8.85635205E-01 -3.57618561E-02 -2.24591600E-02  0.00000000E+00  9.17862984E-02  5.41171285E-02
  5.00000000E-01  1.99375000E+00 -8.87086029E-01 -3.58172752E-02 -2.24594505E-02  0.00000000E+00  9.18730094E-02  5.41948247E-02
  5.00000000E-01  1.99398500E+00 -8.88535613E-01 -3.58721141E-02 -2.24597157E-02  0.00000000E+00  9.19586759E-02  5.42728505E-02
  5.00000000E-01  1.99422000E+00 -8.89983944E-01 -3.59263753E-02 -2.24599564E-02  0.00000000E+00  9.20433049E-02  5.43512027E-02
  5.00000000E-01  1.99445500E+00 -8.91431010E-01 -3.59800616E-02 -2.24601733E-02  0.00000000E+00  9.21269032E-02  5.44298784E-02
  5.00000000E-01  1.99469000E+00 -8.92876798E-01 -3.60331756E-02 -2.24603669E-02  0.00000000E+00  9.22094774E-02  5.45088743E-02
  5.00000000E-01  1.99492500E+00 -8.94321295E-01 -3.60857198E-02 -2.24605380E-02  0.00000000E+00  9.22910345E-02  5.45881873E-02
  5.00000000E-01  1.99516000E+00 -8.95764489E-01 -3.61376971E-02 -2.24606873E-02  0.00000000E+00  9.23715811E-02  5.46678143E-02
  5.00000000E-01  1.99539500E+00 -8.97206370E-01 -3.61891099E-02 -2.24608154E-02  0.00000000E+00  9.24511240E-02  5.47477522E-02
  5.00000000E-01  1.99563000E+00 -8.98646923E-01 -3.62399610E-02 -2.24609229E-02  0.00000000E+00  9.25296698E-02  5.48279977E-02
  5.00000000E-01  1.99586500E+00 -9.00086139E-01 -3.62902530E-02 -2.24610106E-02  0.00000000E+00  9.26072253E-02  5.49085478E-02
  5.00000000E-01  1.99610000E+00 -9.01524005E-01 -3.63399885E-02 -2.24610790E-02  0.00000000E+00  9.26837970E-02  5.49893992E-02
  5.00000000E-01  1.99633500E+00 -9.02960511E-01 -3.63891702E-02 -2.24611288E-02  0.00000000E+00  9.27593916E-02  5.50705487E-02
  5.00000000E-01  1.99657000E+00 -9.04395644E-01 -3.64378006E-02 -2.24611606E-02  0.00000000E+00  9.28340157E-02  5.51519932E-02
  5.00000000E-01  1.99680500E+00 -9.05829396E-01 -3.64858824E-02 -2.24611751E-02  0.00000000E+00  9.29076759E-02  5.52337295E-02
  5.00000000E-01  1.99704000E+00 -9.07261754E-01 -3.65334183E-02 -2.24611729E-02  0.00000000E+00  9.29803787E-02  5.53157542E-02
  5.00000000E-01  1.99727500E+00 -9.08692708E-01 -3.65804109E-02 -2.24611545E-02  0.00000000E+00  9.30521306E-02  5.53980643E-02
  5.00000000E-01  1.99751000E+00 -9.10122249E-01 -3.66268626E-02 -2.24611206E-02  0.00000000E+00  9.31229381E-02  5.54806565E-02
  5.00000000E-01  1.99774500E+00 -9.11550365E-01 -3.66727763E-02 -2.24610718E-02  0.00000000E+00  9.31928077E-02  5.55635275E-02
  5.00000000E-01  1.99798000E+00 -9.12977047E-01 -3.67181545E-02 -2.24610087E-02  0.00000000E+00  9.32617458E-02  5.56466742E-02
  5.00000000E-01  1.99821500E+00 -9.14402286E-01 -3.67629997E-02 -2.24609318E-02  0.00000000E+00  9.33297589E-02  5.57300931E-02
  5.00000000E-01  1.99845000E+00 -9.15826071E-01 -3.68073146E-02 -2.24608418E-02  0.00000000E+00  9.33968532E-02  5.58137812E-02
  5.00000000E-01  1.99868500E+00 -9.17248393E-01 -3.68511018E-02 -2.24607392E-02  0.00000000E+00  9.34630352E-02  5.58977351E-02
  5.00000000E-01  1.99892000E+00 -9.18669243E-01 -3.68943639E-02 -2.24606245E-02  0.00000000E+00  9.35283111E-02  5.59819515E-02
  5.00000000E-01  1.99915500E+00 -9.20088612E-01 -3.69371034E-02 -2.24604985E-02  0.00000000E+00  9.35926873E-02  5.60664273E-02
  5.00000000E-01  1.99939000E+00 -9.21506492E-01 -3.69793229E-02 -2.24603615E-02  0.00000000E+00  9.36561700E-02  5.61511589E-02
  5.00000000E-01  1.99962500E+00 -9.22922872E-01 -3.70210249E-02 -2.24602142E-02  0.00000000E+00  9.37187655E-02  5.62361433E-02
  5.00000000E-01  1.99986000E+00 -9.24337746E-01 -3.70622122E-02 -2.24600571E-02  0.00000000E+00  9.37804798E-02  5.63213771E-02
  5.00000000E-01  2.00009500E+00 -9.25751103E-01 -3.71028871E-02 -2.24598908E-02  0.00000000E+00  9.38413193E-02  5.64068569E-02
  5.00000000E-01  2.00033000E+00 -9.27162937E-01 -3.71430523E-02 -2.24597157E-02  0.00000000E+00  9.39012901E-02  5.64925795E-02
  5.00000000E-01  2.00056500E+00 -9.28573240E-01 -3.71827103E-02 -2.24595325E-02  0.00000000E+00  9.39603982E-02  5.65785416E-02
  5.00000000E-01  2.00080000E+00 -9.29982002E-01 -3.72218636E-02 -2.24593416E-02  0.00000000E+00  9.40186497E-02  5.66647397E-02
  5.00000000E-01  2.00103500E+00 -9.31389217E-01 -3.72605148E-02 -2.24591435E-02  0.00000000E+00  9.40760506E-02  5.67511707E-02
  5.00000000E-01  2.00127000E+00 -9.32794878E-01 -3.72986664E-02 -2.24589388E-02  0.00000000E+00  9.41326070E-02  5.68378310E-02
  5.00000000E-01  2.00150500E+00 -9.34198975E-01 -3.73363209E-02 -2.24587280E-02  0.00000000E+00  9.41883249E-02  5.69247176E-02
  5.00000000E-01  2.00174000E+00 -9.35601504E-01 -3.73734808E-02 -2.24585116E-02  0.00000000E+00  9.42432102E-02  5.70118268E-02
  5.00000000E-01  2.00197500E+00 -9.37002456E-01 -3.74101486E-02 -2.24582900E-02  0.00000000E+00  9.42972687E-02  5.70991555E-02
  5.00000000E-01  2.00221000E+00 -9.38401824E-01 -3.74463269E-02 -2.24580638E-02  0.00000000E+00  9.43505064E-02  5.71867002E-02
  5.00000000E-01  2.00244500E+00 -9.39799602E-01 -3.74820180E-02 -2.24578334E-02  0.00000000E+00  9.44029291E-02  5.72744576E-02
  5.00000000E-01  2.00268000E+00 -9.41195783E-01 -3.75172245E-02 -2.24575993E-02  0.00000000E+00  9.44545426E-02  5.73624244E-02
  5.00000000E-01  2.00291500E+00 -9.42590360E-01 -3.75519488E-02 -2.24573621E-02  0.00000000E+00  9.45053527E-02  5.74505971E-02
  5.00000000E-01  2.00315000E+00 -9.43983328E-01 -3.75861935E-02 -2.24571221E-02  0.00000000E+00  9.45553651E-02  5.75389724E-02
  5.00000000E-01  2.00338500E+00 -9.45374680E-01 -3.76199609E-02 -2.24568798E-02  0.00000000E+00  9.46045856E-02  5.76275469E-02
  5.00000000E-01  2.00362000E+00 -9.46764410E-01 -3.76532535E-02 -2.24566358E-02  0.00000000E+00  9.46530197E-02  5.77163172E-02
  5.00000000E-01  2.00385500E+00 -9.48152513E-01 -3.76860738E-02 -2.24563903E-02  0.00000000E+00  9.47006732E-02  5.78052800E-02
  5.00000000E-01  2.00409000E+00 -9.49538982E-01 -3.77184241E-02 -2.24561440E-02  0.00000000E+00  9.47475515E-02  5.78944318E-02
  5.00000000E-01  2.00432500E+00 -9.50923813E-01 -3.77503069E-02 -2.24558972E-02  0.00000000E+00  9.47936604E-02  5.79837693E-02
  5.00000000E-01  2.00456000E+00 -9.52306999E-01 -3.77817246E-02 -2.24556504E-02  0.00000000E+00  9.48390053E-02  5.80732891E-02
  5.00000000E-01  2.00479500E+00 -9.53688535E-01 -3.78126795E-02 -2.24554040E-02  0.00000000E+00  9.48835917E-02  5.81629877E-02
  5.00000000E-01  2.00503000E+00 -9.55068416E-01 -3.78431742E-02 -2.24551584E-02  0.00000000E+00  9.49274250E-02  5.82528618E-02
  5.00000000E-01  2.00526500E+00 -9.56446638E-01 -3.78732109E-02 -2.24549141E-02  0.00000000E+00  9.49705107E-02  5.83429079E-02
  5.00000000E-01  2.00550000E+00 -9.57823195E-01 -3.79027920E-02 -2.24546714E-02  0.00000000E+00  9.50128542E-02  5.84331228E-02
  5.00000000E-01  2.00573500E+00 -9.59198083E-01 -3.79319199E-02 -2.24544309E-02  0.00000000E+00  9.50544608E-02  5.85235029E-02
  5.00000000E-01  2.00597000E+00 -9.60571297E-01 -3.79605970E-02 -2.24541928E-02  0.00000000E+00  9.50953358E-02  5.86140448E-02
  5.00000000E-01  2.00620500E+00 -9.61942832E-01 -3.79888255E-02 -2.24539576E-02  0.00000000E+00  9.51354845E-02  5.87047452E-02
  5.00000000E-01  2.00644000E+00 -9.63312684E-01 -3.80166079E-02 -2.24537258E-02  0.00000000E+00  9.51749122E-02  5.87956006E-02
  5.00000000E-01  2.00667500E+00 -9.64680850E-01 -3.80439464E-02 -2.24534976E-02  0.00000000E+00  9.52136239E-02  5.88866076E-02
  5.00000000E-01  2.00691000E+00 -9.66047324E-01 -3.80708433E-02 -2.24532735E-02  0.00000000E+00  9.52516250E-02  5.89777628E-02
  5.00000000E-01  2.00714500E+00 -9.67412104E-01 -3.80973010E-02 -2.24530539E-02  0.00000000E+00  9.52889204E-02  5.90690628E-02
  5.00000000E-01  2.00738000E+00 -9.68775185E-01 -3.81233217E-02 -2.24528392E-02  0.00000000E+00  9.53255154E-02  5.91605041E-02
  5.00000000E-01  2.00761500E+00 -9.70136563E-01 -3.81489078E-02 -2.24526297E-02  0.00000000E+00  9.53614150E-02  5.92520834E-02
  5.00000000E-01  2.00785000E+00 -9.71496236E-01 -3.81740614E-02 -2.24524257E-02  0.00000000E+00  9.53966241E-02  5.93437972E-02
  5.00000000E-01  2.00808500E+00 -9.72854199E-01 -3.81987848E-02 -2.24522278E-02  0.00000000E+00  9.54311477E-02  5.94356421E-02
  5.00000000E-01  2.00832000E+00 -9.74210449E-01 -3.82230804E-02 -2.24520362E-02  0.00000000E+00  9.54649909E-02  5.95276147E-02
  5.00000000E-01  2.00855500E+00 -9.75564984E-01 -3.82469503E-02 -2.24518512E-02  0.00000000E+00  9.54981584E-02  5.96197116E-02
  5.00000000E-01  2.00879000E+00 -9.76917799E-01 -3.82703967E-02 -2.24516733E-02  0.00000000E+00  9.55306552E-02  5.97119293E-02
  5.00000000E-01  2.00902500E+00 -9.78268892E-01 -3.82934220E-02 -2.24515028E-02  0.00000000E+00  9.55624861E-02  5.98042644E-02
  5.00000000E-01  2.00926000E+00 -9.79618261E-01 -3.83160281E-02 -2.24513400E-02  0.00000000E+00  9.55936559E-02  5.98967135E-02
  5.00000000E-01  2.00949500E+00 -9.80965902E-01 -3.83382175E-02 -2.24511853E-02  0.00000000E+00  9.56241693E-02  5.99892732E-02
  5.00000000E-01  2.00973000E+00 -9.82311813E-01 -3.83599922E-02 -2.24510390E-02  0.00000000E+00  9.56540311E-02  6.00819401E-02
  5.00000000E-01  2.00996500E+00 -9.83655992E-01 -3.83813544E-02 -2.24509015E-02  0.00000000E+00  9.56832459E-02  6.01747107E-02
  5.00000000E-01  2.01020000E+00 -9.84998435E-01 -3.84023063E-02 -2.24507730E-02  0.00000000E+00  9.57118183E-02  6.02675817E-02
  5.00000000E-01  2.01043500E+00 -9.86339141E-01 -3.84228501E-02 -2.24506540E-02  0.00000000E+00  9.57397530E-02  6.03605495E-02
  5.00000000E-01  2.01067000E+00 -9.87678108E-01 -3.84429878E-02 -2.24505446E-02  0.00000000E+00  9.57670546E-02  6.04536109E-02
  5.00000000E-01  2.01090500E+00 -9.89015333E-01 -3.84627215E-02 -2.24504453E-02  0.00000000E+00  9.57937275E-02  6.05467623E-02
  5.00000000E-01  2.01114000E+00 -9.90350815E-01 -3.84820535E-02 -2.24503563E-02  0.00000000E+00  9.58197762E-02  6.06400004E-02
  5.00000000E-01  2.01137500E+00 -9.91684552E-01 -3.85009858E-02 -2.24502780E-02  0.00000000E+00  9.58452053E-02  6.07333217E-02
  5.00000000E-01  2.01161000E+00 -9.93016542E-01 -3.85195205E-02 -2.24502107E-02  0.00000000E+00  9.58700191E-02  6.08267229E-02
  5.00000000E-01  2.01184500E+00 -9.94346783E-01 -3.85376597E-02 -2.24501546E-02  0.00000000E+00  9.58942219E-02  6.09202006E-02
  5.00000000E-01  2.01208000E+00 -9.95675274E-01 -3.85554054E-02 -2.24501101E-02  0.00000000E+00  9.59178182E-02  6.10137513E-02
  5.00000000E-01  2.01231500E+00 -9.97002013E-01 -3.85727597E-02 -2.24500774E-02  0.00000000E+00  9.59408123E-02  6.11073716E-02
  5.00000000E-01  2.01255000E+00 -9.98327000E-01 -3.85897246E-02 -2.24500568E-02  0.00000000E+00  9.59632083E-02  6.12010582E-02
  5.00000000E-01  2.01278500E+00 -9.99650232E-01 -3.86063023E-02 -2.24500487E-02  0.00000000E+00  9.59850106E-02  6.12948075E-02
  5.00000000E-01  2.01302000E+00 -1.00097171E+00 -3.86224946E-02 -2.24500533E-02  0.00000000E+00  9.60062233E-02  6.13886164E-02
  5.00000000E-01  2.01325500E+00 -1.00229143E+00 -3.86383036E-02 -2.24500709E-02  0.00000000E+00  9.60268505E-02  6.14824813E-02
  5.00000000E-01  2.01349000E+00 -1.00360939E+00 -3.86537313E-02 -2.24501017E-02  0.00000000E+00  9.60468964E-02  6.15763988E-02
  5.00000000E-01  2.01372500E+00 -1.00492560E+00 -3.86687797E-02 -2.24501460E-02  0.00000000E+00  9.60663651E-02  6.16703656E-02
  5.00000000E-01  2.01396000E+00 -1.00624005E+00 -3.86834507E-02 -2.24502042E-02  0.00000000E+00  9.60852607E-02  6.17643783E-02
  5.00000000E-01  2.01419500E+00 -1.00755273E+00 -3.86977464E-02 -2.24502764E-02  0.00000000E+00  9.61035870E-02  6.18584335E-02
  5.00000000E-01  2.01443000E+00 -1.00886366E+00 -3.87116686E-02 -2.24503629E-02  0.00000000E+00  9.61213481E-02  6.19525279E-02
  5.00000000E-01  2.01466500E+00 -1.01017283E+00 -3.87252194E-02 -2.24504640E-02  0.00000000E+00  9.61385479E-02  6.20466580E-02
  5.00000000E-01  2.01490000E+00 -1.01148023E+00 -3.87384005E-02 -2.24505799E-02  0.00000000E+00  9.61551903E-02  6.21408205E-02
  5.00000000E-01  2.01513500E+00 -1.01278588E+00 -3.87512140E-02 -2.24507110E-02  0.00000000E+00  9.61712791E-02  6.22350121E-02
  5.00000000E-01  2.01537000E+00 -1.01408976E+00 -3.87636617E-02 -2.24508573E-02  0.00000000E+00  9.61868183E-02  6.23292293E-02
  5.00000000E-01  2.01560500E+00 -1.01539188E+00 -3.87757456E-02 -2.24510192E-02  0.00000000E+00  9.62018115E-02  6.24234688E-02
  5.00000000E-01  2.01584000E+00 -1.01669224E+00 -3.87874674E-02 -2.24511969E-02  0.00000000E+00  9.62162625E-02  6.25177273E-02
  5.00000000E-01  2.01607500E+00 -1.01799084E+00 -3.87988292E-02 -2.24513907E-02  0.00000000E+00  9.62301751E-02  6.26120014E-02
  5.00000000E-01  2.01631000E+00 -1.01928767E+00 -3.88098326E-02 -2.24516007E-02  0.00000000E+00  9.62435528E-02  6.27062878E-02
  5.00000000E-01  2.01654500E+00 -1.02058275E+00 -3.88204796E-02 -2.24518273E-02  0.00000000E+00  9.62563994E-02  6.28005831E-02
  5.00000000E-01  2.01678000E+00 -1.02187606E+00 -3.88307720E-02 -2.24520706E-02  0.00000000E+00  9.62687184E-02  6.28948840E-02
  5.00000000E-01  2.01701500E+00 -1.02316762E+00 -3.88407115E-02 -2.24523309E-02  0.00000000E+00  9.62805135E-02  6.29891872E-02
  5.00000000E-01  2.01725000E+00 -1.02445741E+00 -3.88503001E-02 -2.24526083E-02  0.00000000E+00  9.62917880E-02  6.30834894E-02
  5.00000000E-01  2.01748500E+00 -1.02574544E+00 -3.88595395E-02 -2.24529032E-02  0.00000000E+00  9.63025457E-02  6.31777872E-02
  5.00000000E-01  2.01772000E+00 -1.02703171E+00 -3.88684314E-02 -2.24532157E-02  0.00000000E+00  9.63127898E-02  6.32720773E-02
  5.00000000E-01  2.01795500E+00 -1.02831623E+00 -3.88769777E-02 -2.24535460E-02  0.00000000E+00  9.63225238E-02  6.33663564E-02
  5.00000000E-01  2.01819000E+00 -1.02959899E+00 -3.88851801E-02 -2.24538943E-02  0.00000000E+00  9.63317512E-02  6.34606212E-02
  5.00000000E-01  2.01842500E+00 -1.03087999E+00 -3.88930404E-02 -2.24542609E-02  0.00000000E+00  9.63404752E-02  6.35548685E-02
  5.00000000E-01  2.01866000E+00 -1.03215923E+00 -3.89005601E-02 -2.24546460E-02  0.00000000E+00  9.63486992E-02  6.36490949E-02
  5.00000000E-01  2.01889500E+00 -1.03343672E+00 -3.89077412E-02 -2.24550497E-02  0.00000000E+00  9.63564265E-02  6.37432971E-02
  5.00000000E-01  2.01913000E+00 -1.03471245E+00 -3.89145853E-02 -2.24554722E-02  0.00000000E+00  9.63636604E-02  6.38374719E-02
  5.00000000E-01  2.01936500E+00 -1.03598643E+00 -3.89210941E-02 -2.24559138E-02  0.00000000E+00  9.63704039E-02  6.39316161E-02
  5.00000000E-01  2.01960000E+00 -1.03725866E+00 -3.89272692E-02 -2.24563747E-02  0.00000000E+00  9.63766604E-02  6.40257262E-02
  5.00000000E-01  2.01983500E+00 -1.03852914E+00 -3.89331124E-02 -2.24568550E-02  0.00000000E+00  9.63824330E-02  6.41197991E-02
  5.00000000E-01  2.02007000E+00 -1.03979787E+00 -3.89386253E-02 -2.24573549E-02  0.00000000E+00  9.63877248E-02  6.42138316E-02
  5.00000000E-01  2.02030500E+00 -1.04106485E+00 -3.89438095E-02 -2.24578746E-02  0.00000000E+00  9.63925388E-02  6.43078203E-02
  5.00000000E-01  2.02054000E+00 -1.04233008E+00 -3.89486667E-02 -2.24584143E-02  0.00000000E+00  9.63968782E-02  6.44017621E-02
  5.00000000E-01  2.02077500E+00 -1.04359357E+00 -3.89531985E-02 -2.24589742E-02  0.00000000E+00  9.64007458E-02  6.44956537E-02
  5.00000000E-01  2.02101000E+00 -1.04485531E+00 -3.89574065E-02 -2.24595544E-02  0.00000000E+00  9.64041448E-02  6.45894919E-02
  5.00000000E-01  2.02124500E+00 -1.04611531E+00 -3.89612924E-02 -2.24601552E-02  0.00000000E+00  9.64070781E-02  6.46832735E-02
  5.00000000E-01  2.02148000E+00 -1.04737357E+00 -3.89648576E-02 -2.24607766E-02  0.00000000E+00  9.64095485E-02  6.47769952E-02
  5.00000000E-01  2.02171500E+00 -1.04863010E+00 -3.89681038E-02 -2.24614189E-02  0.00000000E+00  9.64115589E-02  6.48706539E-02
  5.00000000E-01  2.02195000E+00 -1.04988488E+00 -3.89710326E-02 -2.24620823E-02  0.00000000E+00  9.64131123E-02  6.49642464E-02
  5.00000000E-01  2.02218500E+00 -1.05113793E+00 -3.89736454E-02 -2.24627668E-02  0.00000000E+00  9.64142114E-02  6.50577694E-02
  5.00000000E-01  2.02242000E+00 -1.05238924E+00 -3.89759438E-02 -2.24634727E-02  0.00000000E+00  9.64148589E-02  6.51512196E-02
  5.00000000E-01  2.02265500E+00 -1.05363883E+00 -3.89779294E-02 -2.24642001E-02  0.00000000E+00  9.64150577E-02  6.52445941E-02
  5.00000000E-01  2.02289000E+00 -1.05488668E+00 -3.89796037E-02 -2.24649493E-02  0.00000000E+00  9.64148105E-02  6.53378897E-02
  5.00000000E-01  2.02312500E+00 -1.05613280E+00 -3.89809682E-02 -2.24657202E-02  0.00000000E+00  9.64141199E-02  6.54311033E-02
  5.00000000E-01  2.02336000E+00 -1.05737720E+00 -3.89820243E-02 -2.24665132E-02  0.00000000E+00  9.64129886E-02  6.55242320E-02
  5.00000000E-01  2.02359500E+00 -1.05861988E+00 -3.89827735E-02 -2.24673283E-02  0.00000000E+00  9.64114193E-02  6.56172726E-02
  5.00000000E-01  2.02383000E+00 -1.05986083E+00 -3.89832174E-02 -2.24681657E-02  0.00000000E+00  9.64094145E-02  6.57102221E-02
  5.00000000E-01  2.02406500E+00 -1.06110007E+00 -3.89833573E-02 -2.24690256E-02  0.00000000E+00  9.64069767E-02  6.58030774E-02
  5.00000000E-01  2.02430000E+00 -1.06233759E+00 -3.89831948E-02 -2.24699080E-02  0.00000000E+00  9.64041086E-02  6.58958357E-02
  5.00000000E-01  2.02453500E+00 -1.06357339E+00 -3.89827312E-02 -2.24708132E-02  0.00000000E+00  9.64008125E-02  6.59884938E-02
  5.00000000E-01  2.02477000E+00 -1.06480748E+00 -3.89819680E-02 -2.24717413E-02  0.00000000E+00  9.63970911E-02  6.60810487E-02
  5.00000000E-01  2.02500500E+00 -1.06603987E+00 -3.89809065E-02 -2.24726923E-02  0.00000000E+00  9.63929466E-02  6.61734975E-02
  5.00000000E-01  2.02524000E+00 -1.06727054E+00 -3.89795483E-02 -2.24736665E-02  0.00000000E+00  9.63883816E-02  6.62658371E-02
  5.00000000E-01  2.02547500E+00 -1.06849951E+00 -3.89778946E-02 -2.24746640E-02  0.00000000E+00  9.63833984E-02  6.63580647E-02
  5.00000000E-01  2.02571000E+00 -1.06972677E+00 -3.89759469E-02 -2.24756849E-02  0.00000000E+00  9.63779993E-02  6.64501772E-02
  5.00000000E-01  2.02594500E+00 -1.07095234E+00 -3.89737065E-02 -2.24767293E-02  0.00000000E+00  9.63721867E-02  6.65421717E-02
  5.00000000E-01  2.02618000E+00 -1.07217621E+00 -3.89711747E-02 -2.24777974E-02  0.00000000E+00  9.63659629E-02  6.66340452E-02
  5.00000000E-01  2.02641500E+00 -1.07339838E+00 -3.89683530E-02 -2.24788892E-02  0.00000000E+00  9.63593301E-02  6.67257949E-02
  5.00000000E-01  2.02665000E+00 -1.07461887E+00 -3.89652426E-02 -2.24800050E-02  0.00000000E+00  9.63522905E-02  6.68174177E-02
  5.00000000E-01  2.02688500E+00 -1.07583766E+00 -3.89618448E-02 -2.24811449E-02  0.00000000E+00  9.63448464E-02  6.69089107E-02
  5.00000000E-01  2.02712000E+00 -1.07705476E+00 -3.89581611E-02 -2.24823089E-02  0.00000000E+00  9.63369999E-02  6.70002711E-02
  5.00000000E-01  2.02735500E+00 -1.07827019E+00 -3.89541926E-02 -2.24834972E-02  0.00000000E+00  9.63287532E-02  6.70914959E-02
  5.00000000E-01  2.02759000E+00 -1.07948393E+00 -3.89499406E-02 -2.24847098E-02  0.00000000E+00  9.63201083E-02  6.71825823E-02
  5.00000000E-01  2.02782500E+00 -1.08069599E+00 -3.89454065E-02 -2.24859470E-02  0.00000000E+00  9.63110675E-02  6.72735273E-02
  5.00000000E-01  2.02806000E+00 -1.08190638E+00 -3.89405915E-02 -2.24872089E-02  0.00000000E+00  9.63016326E-02  6.73643281E-02
  5.00000000E-01  2.02829500E+00 -1.08311510E+00 -3.89354969E-02 -2.24884954E-02  0.00000000E+00  9.62918058E-02  6.74549817E-02
  5.00000000E-01  2.02853000E+00 -1.08432214E+00 -3.89301238E-02 -2.24898069E-02  0.00000000E+00  9.62815891E-02  6.75454854E-02
  5.00000000E-01  2.02876500E+00 -1.08552752E+00 -3.89244736E-02 -2.24911433E-02  0.00000000E+00  9.62709845E-02  6.76358364E-02
  5.00000000E-01  2.02900000E+00 -1.08673124E+00 -3.89185474E-02 -2.24925047E-02  0.00000000E+00  9.62599939E-02  6.77260316E-02
  5.00000000E-01  2.02923500E+00 -1.08793329E+00 -3.89123465E-02 -2.24938914E-02  0.00000000E+00  9.62486191E-02  6.78160684E-02
  5.00000000E-01  2.02947000E+00 -1.08913369E+00 -3.89058721E-02 -2.24953033E-02  0.00000000E+00  9.62368622E-02  6.79059439E-02
  5.00000000E-01  2.02970500E+00 -1.09033244E+00 -3.88991253E-02 -2.24967407E-02  0.00000000E+00  9.62247250E-02  6.79956552E-02
  5.00000000E-01  2.02994000E+00 -1.09152953E+00 -3.88921073E-02 -2.24982035E-02  0.00000000E+00  9.62122094E-02  6.80851996E-02
  5.00000000E-01  2.03017500E+00 -1.09272498E+00 -3.88848194E-02 -2.24996920E-02  0.00000000E+00  9.61993171E-02  6.81745743E-02
  5.00000000E-01  2.03041000E+00 -1.09391878E+00 -3.88772626E-02 -2.25012061E-02  0.00000000E+00  9.61860499E-02  6.82637764E-02
  5.00000000E-01  2.03064500E+00 -1.09511094E+00 -3.88694381E-02 -2.25027460E-02  0.00000000E+00  9.61724097E-02  6.83528033E-02
  5.00000000E-01  2.03088000E+00 -1.09630146E+00 -3.88613470E-02 -2.25043119E-02  0.00000000E+00  9.61583981E-02  6.84416522E-02
  5.00000000E-01  2.03111500E+00 -1.09749034E+00 -3.88529905E-02 -2.25059037E-02  0.00000000E+00  9.61440169E-02  6.85303202E-02
  5.00000000E-01  2.03135000E+00 -1.09867760E+00 -3.88443698E-02 -2.25075216E-02  0.00000000E+00  9.61292677E-02  6.86188046E-02
  5.00000000E-01  2.03158500E+00 -1.09986322E+00 -3.88354858E-02 -2.25091657E-02  0.00000000E+00  9.61141523E-02  6.87071028E-02
  5.00000000E-01  2.03182000E+00 -1.10104722E+00 -3.88263397E-02 -2.25108361E-02  0.00000000E+00  9.60986722E-02  6.87952119E-02
  5.00000000E-01  2.03205500E+00 -1.10222960E+00 -3.88169326E-02 -2.25125328E-02  0.00000000E+00  9.60828292E-02  6.88831293E-02
  5.00000000E-01  2.03229000E+00 -1.10341037E+00 -3.88072656E-02 -2.25142560E-02  0.00000000E+00  9.60666247E-02  6.89708523E-02
  5.00000000E-01  2.03252500E+00 -1.10458951E+00 -3.87973396E-02 -2.25160058E-02  0.00000000E+00  9.60500603E-02  6.90583781E-02
  5.00000000E-01  2.03276000E+00 -1.10576705E+00 -3.87871559E-02 -2.25177822E-02  0.00000000E+00  9.60331377E-02  6.91457041E-02
  5.00000000E-01  2.03299500E+00 -1.10694297E+00 -3.87767154E-02 -2.25195853E-02  0.00000000E+00  9.60158583E-02  6.92328276E-02
  5.00000000E-01  2.03323000E+00 -1.10811730E+00 -3.87660192E-02 -2.25214153E-02  0.00000000E+00  9.59982235E-02  6.93197458E-02
  5.00000000E-01  2.03346500E+00 -1.10929002E+00 -3.87550682E-02 -2.25232721E-02  0.00000000E+00  9.59802350E-02  6.94064563E-02
  5.00000000E-01  2.03370000E+00 -1.11046114E+00 -3.87438636E-02 -2.25251559E-02  0.00000000E+00  9.59618941E-02  6.94929562E-02
  5.00000000E-01  2.03393500E+00 -1.11163067E+00 -3.87324063E-02 -2.25270668E-02  0.00000000E+00  9.59432022E-02  6.95792430E-02
  5.00000000E-01  2.03417000E+00 -1.11279861E+00 -3.87206973E-02 -2.25290049E-02  0.00000000E+00  9.59241608E-02  6.96653141E-02
  5.00000000E-01  2.03440500E+00 -1.11396496E+00 -3.87087377E-02 -2.25309702E-02  0.00000000E+00  9.59047712E-02  6.97511668E-02
  5.00000000E-01  2.03464000E+00 -1.11512973E+00 -3.86965283E-02 -2.25329628E-02  0.00000000E+00  9.58850349E-02  6.98367985E-02
  5.00000000E-01  2.03487500E+00 -1.11629292E+00 -3.86840702E-02 -2.25349828E-02  0.00000000E+00  9.58649530E-02  6.99222066E-02
  5.00000000E-01  2.03511000E+00 -1.11745453E+00 -3.86713643E-02 -2.25370303E-02  0.00000000E+00  9.58445271E-02  7.00073885E-02
  5.00000000E-01  2.03534500E+00 -1.11861457E+00 -3.86584115E-02 -2.25391054E-02  0.00000000E+00  9.58237582E-02  7.00923417E-02
  5.00000000E-01  2.03558000E+00 -1.11977304E+00 -3.86452129E-02 -2.25412081E-02  0.00000000E+00  9.58026478E-02  7.01770636E-02
  5.00000000E-01  2.03581500E+00 -1.12092995E+00 -3.86317694E-02 -2.25433385E-02  0.00000000E+00  9.57811971E-02  7.02615516E-02
  5.00000000E-01  2.03605000E+00 -1.12208529E+00 -3.86180818E-02 -2.25454967E-02  0.00000000E+00  9.57594072E-02  7.03458032E-02
  5.00000000E-01  2.03628500E+00 -1.12323908E+00 -3.86041511E-02 -2.25476828E-02  0.00000000E+00  9.57372795E-02  7.04298158E-02
  5.00000000E-01  2.03652000E+00 -1.12439131E+00 -3.85899782E-02 -2.25498968E-02  0.00000000E+00  9.57148150E-02  7.05135870E-02
  5.00000000E-01  2.03675500E+00 -1.12554200E+00 -3.85755639E-02 -2.25521389E-02  0.00000000E+00  9.56920150E-02  7.05971141E-02
  5.00000000E-01  2.03699000E+00 -1.12669113E+00 -3.85609093E-02 -2.25544090E-02  0.00000000E+00  9.56688805E-02  7.06803947E-02
  5.00000000E-01  2.03722500E+00 -1.12783872E+00 -3.85460151E-02 -2.25567073E-02  0.00000000E+00  9.56454128E-02  7.07634263E-02
  5.00000000E-01  2.03746000E+00 -1.12898478E+00 -3.85308823E-02 -2.25590339E-02  0.00000000E+00  9.56216129E-02  7.08462064E-02
  5.00000000E-01  2.03769500E+00 -1.13012929E+00 -3.85155116E-02 -2.25613888E-02  0.00000000E+00  9.55974819E-02  7.09287326E-02
  5.00000000E-01  2.03793000E+00 -1.13127228E+00 -3.84999040E-02 -2.25637720E-02  0.00000000E+00  9.55730209E-02  7.10110023E-02
  5.00000000E-01  2.03816500E+00 -1.13241374E+00 -3.84840603E-02 -2.25661838E-02  0.00000000E+00  9.55482309E-02  7.10930131E-02
  5.00000000E-01  2.03840000E+00 -1.13355367E+00 -3.84679813E-02 -2.25686240E-02  0.00000000E+00  9.55231129E-02  7.11747626E-02
  5.00000000E-01  2.03863500E+00 -1.13469208E+00 -3.84516678E-02 -2.25710929E-02  0.00000000E+00  9.54976680E-02  7.12562483E-02
  5.00000000E-01  2.03887000E+00 -1.13582898E+00 -3.84351208E-02 -2.25735904E-02  0.00000000E+00  9.54718971E-02  7.13374679E-02
  5.00000000E-01  2.03910500E+00 -1.13696436E+00 -3.84183409E-02 -2.25761167E-02  0.00000000E+00  9.54458012E-02  7.14184188E-02
  5.00000000E-01  2.03934000E+00 -1.13809823E+00 -3.84013290E-02 -2.25786718E-02  0.00000000E+00  9.54193812E-02  7.14990987E-02
  5.00000000E-01  2.03957500E+00 -1.13923060E+00 -3.83840859E-02 -2.25812558E-02  0.00000000E+00  9.53926381E-02  7.15795052E-02
  5.00000000E-01  2.03981000E+00 -1.14036147E+00 -3.83666123E-02 -2.25838687E-02  0.00000000E+00  9.53655728E-02  7.16596359E-02
  5.00000000E-01  2.04004500E+00 -1.14149084E+00 -3.83489091E-02 -2.25865107E-02  0.00000000E+00  9.53381861E-02  7.17394885E-02
  5.00000000E-01  2.04028000E+00 -1.14261871E+00 -3.83309770E-02 -2.25891817E-02  0.00000000E+00  9.53104790E-02  7.18190605E-02
  5.00000000E-01  2.04051500E+00 -1.14374510E+00 -3.83128168E-02 -2.25918819E-02  0.00000000E+00  9.52824523E-02  7.18983497E-02
  5.00000000E-01  2.04075000E+00 -1.14486999E+00 -3.82944292E-02 -2.25946114E-02  0.00000000E+00  9.52541068E-02  7.19773536E-02
  5.00000000E-01  2.04098500E+00 -1.14599341E+00 -3.82758149E-02 -2.25973701E-02  0.00000000E+00  9.52254434E-02  7.20560700E-02
  5.00000000E-01  2.04122000E+00 -1.14711535E+00 -3.82569748E-02 -2.26001581E-02  0.00000000E+00  9.51964628E-02  7.21344965E-02
  5.00000000E-01  2.04145500E+00 -1.14823581E+00 -3.82379096E-02 -2.26029756E-02  0.00000000E+00  9.51671659E-02  7.22126308E-02
  5.00000000E-01  2.04169000E+00 -1.14935480E+00 -3.82186199E-02 -2.26058226E-02  0.00000000E+00  9.51375534E-02  7.22904707E-02
  5.00000000E-01  2.04192500E+00 -1.15047233E+00 -3.81991065E-02 -2.26086992E-02  0.00000000E+00  9.51076261E-02  7.23680137E-02
  5.00000000E-01  2.04216000E+00 -1.15158839E+00 -3.81793700E-02 -2.26116054E-02  0.00000000E+00  9.50773846E-02  7.24452577E-02
  5.00000000E-01  2.04239500E+00 -1.15270299E+00 -3.81594113E-02 -2.26145412E-02  0.00000000E+00  9.50468298E-02  7.25222004E-02
  5.00000000E-01  2.04263000E+00 -1.15381614E+00 -3.81392309E-02 -2.26175068E-02  0.00000000E+00  9.50159623E-02  7.25988394E-02
  5.00000000E-01  2.04286500E+00 -1.15492784E+00 -3.81188296E-02 -2.26205023E-02  0.00000000E+00  9.49847828E-02  7.26751726E-02
  5.00000000E-01  2.04310000E+00 -1.15603808E+00 -3.80982081E-02 -2.26235276E-02  0.00000000E+00  9.49532920E-02  7.27511977E-02
  5.00000000E-01  2.04333500E+00 -1.15714689E+00 -3.80773669E-02 -2.26265829E-02  0.00000000E+00  9.49214904E-02  7.28269126E-02
  5.00000000E-01  2.04357000E+00 -1.15825425E+00 -3.80563069E-02 -2.26296681E-02  0.00000000E+00  9.48893789E-02  7.29023148E-02
  5.00000000E-01  2.04380500E+00 -1.15936018E+00 -3.80350285E-02 -2.26327835E-02  0.00000000E+00  9.48569579E-02  7.29774023E-02
  5.00000000E-01  2.04404000E+00 -1.16046468E+00 -3.80135325E-02 -2.26359290E-02  0.00000000E+00  9.48242281E-02  7.30521729E-02
  5.00000000E-01  2.04427500E+00 -1.16156775E+00 -3.79918196E-02 -2.26391048E-02  0.00000000E+00  9.47911900E-02  7.31266243E-02
  5.00000000E-01  2.04451000E+00 -1.16266939E+00 -3.79698903E-02 -2.26423107E-02  0.00000000E+00  9.47578443E-02  7.32007544E-02
  5.00000000E-01  2.04474500E+00 -1.16376961E+00 -3.79477453E-02 -2.26455471E-02  0.00000000E+00  9.47241915E-02  7.32745610E-02
  5.00000000E-01  2.04498000E+00 -1.16486842E+00 -3.79253852E-02 -2.26488138E-02  0.00000000E+00  9.46902322E-02  7.33480419E-02
  5.00000000E-01  2.04521500E+00 -1.16596581E+00 -3.79028106E-02 -2.26521110E-02  0.00000000E+00  9.46559668E-02  7.34211950E-02
  5.00000000E-01  2.04545000E+00 -1.16706179E+00 -3.78800221E-02 -2.26554388E-02  0.00000000E+00  9.46213959E-02  7.34940181E-02
  5.00000000E-01  2.04568500E+00 -1.16815637E+00 -3.78570204E-02 -2.26587971E-02  0.00000000E+00  9.45865199E-02  7.35665092E-02
  5.00000000E-01  2.04592000E+00 -1.16924955E+00 -3.78338059E-02 -2.26621861E-02  0.00000000E+00  9.45513395E-02  7.36386660E-02
  5.00000000E-01  2.04615500E+00 -1.17034133E+00 -3.78103793E-02 -2.26656058E-02  0.00000000E+00  9.45158549E-02  7.37104865E-02
  5.00000000E-01  2.04639000E+00 -1.17143171E+00 -3.77867413E-02 -2.26690563E-02  0.00000000E+00  9.44800668E-02  7.37819686E-02
  5.00000000E-01  2.04662500E+00 -1.17252071E+00 -3.77628922E-02 -2.26725377E-02  0.00000000E+00  9.44439755E-02  7.38531102E-02
  5.00000000E-01  2.04686000E+00 -1.17360832E+00 -3.77388328E-02 -2.26760500E-02  0.00000000E+00  9.44075814E-02  7.39239091E-02
  5.00000000E-01  2.04709500E+00 -1.17469455E+00 -3.77145636E-02 -2.26795932E-02  0.00000000E+00  9.43708850E-02  7.39943634E-02
  5.00000000E-01  2.04733000E+00 -1.17577940E+00 -3.76900851E-02 -2.26831675E-02  0.00000000E+00  9.43338867E-02  7.40644709E-02
  5.00000000E-01  2.04756500E+00 -1.17686287E+00 -3.76653979E-02 -2.26867730E-02  0.00000000E+00  9.42965869E-02  7.41342296E-02
  5.00000000E-01  2.04780000E+00 -1.17794498E+00 -3.76405025E-02 -2.26904096E-02  0.00000000E+00  9.42589858E-02  7.42036375E-02
  5.00000000E-01  2.04803500E+00 -1.17902571E+00 -3.76153994E-02 -2.26940774E-02  0.00000000E+00  9.42210840E-02  7.42726924E-02
  5.00000000E-01  2.04827000E+00 -1.18010509E+00 -3.75900892E-02 -2.26977766E-02  0.00000000E+00  9.41828817E-02  7.43413925E-02
  5.00000000E-01  2.04850500E+00 -1.18118310E+00 -3.75645724E-02 -2.27015071E-02  0.00000000E+00  9.41443792E-02  7.44097356E-02
  5.00000000E-01  2.04874000E+00 -1.18225976E+00 -3.75388496E-02 -2.27052691E-02  0.00000000E+00  9.41055770E-02  7.44777197E-02
  5.00000000E-01  2.04897500E+00 -1.18333507E+00 -3.75129211E-02 -2.27090625E-02  0.00000000E+00  9.40664752E-02  7.45453429E-02
  5.00000000E-01  2.04921000E+00 -1.18440903E+00 -3.74867876E-02 -2.27128876E-02  0.00000000E+00  9.40270742E-02  7.46126031E-02
  5.00000000E-01  2.04944500E+00 -1.18548164E+00 -3.74604496E-02 -2.27167442E-02  0.00000000E+00  9.39873743E-02  7.46794984E-02
  5.00000000E-01  2.04968000E+00 -1.18655292E+00 -3.74339074E-02 -2.27206326E-02  0.00000000E+00  9.39473758E-02  7.47460268E-02
  5.00000000E-01  2.04991500E+00 -1.18762286E+00 -3.74071617E-02 -2.27245528E-02  0.00000000E+00  9.39070788E-02  7.48121864E-02
  5.00000000E-01  2.05015000E+00 -1.18869146E+00 -3.73802128E-02 -2.27285047E-02  0.00000000E+00  9.38664836E-02  7.48779751E-02
  5.00000000E-01  2.05038500E+00 -1.18975874E+00 -3.73530613E-02 -2.27324886E-02  0.00000000E+00  9.38255906E-02  7.49433911E-02
  5.00000000E-01  2.05062000E+00 -1.19082469E+00 -3.73257076E-02 -2.27365044E-02  0.00000000E+00  9.37843998E-02  7.50084323E-02
  5.00000000E-01  2.05085500E+00 -1.19188932E+00 -3.72981523E-02 -2.27405523E-02  0.00000000E+00  9.37429116E-02  7.50730969E-02
  5.00000000E-01  2.05109000E+00 -1.19295263E+00 -3.72703957E-02 -2.27446323E-02  0.00000000E+00  9.37011260E-02  7.51373829E-02
  5.00000000E-01  2.05132500E+00 -1.19401462E+00 -3.72424383E-02 -2.27487444E-02  0.00000000E+00  9.36590433E-02  7.52012885E-02
  5.00000000E-01  2.05156000E+00 -1.19507531E+00 -3.72142805E-02 -2.27528888E-02  0.00000000E+00  9.36166637E-02  7.52648117E-02
  5.00000000E-01  2.05179500E+00 -1.19613469E+00 -3.71859228E-02 -2.27570655E-02  0.00000000E+00  9.35739873E-02  7.53279506E-02
  5.00000000E-01  2.05203000E+00 -1.19719276E+00 -3.71573657E-02 -2.27612746E-02  0.00000000E+00  9.35310143E-02  7.53907033E-02
  5.00000000E-01  2.05226500E+00 -1.19824954E+00 -3.71286095E-02 -2.27655161E-02  0.00000000E+00  9.34877448E-02  7.54530681E-02
  5.00000000E-01  2.05250000E+00 -1.19930502E+00 -3.70996547E-02 -2.27697901E-02  0.00000000E+00  9.34441789E-02  7.55150429E-02
  5.00000000E-01  2.05273500E+00 -1.20035920E+00 -3.70705017E-02 -2.27740967E-02  0.00000000E+00  9.34003168E-02  7.55766259E-02
  5.00000000E-01  2.05297000E+00 -1.20141210E+00 -3.70411509E-02 -2.27784359E-02  0.00000000E+00  9.33561586E-02  7.56378153E-02
  5.00000000E-01  2.05320500E+00 -1.20246372E+00 -3.70116028E-02 -2.27828078E-02  0.00000000E+00  9.33117043E-02  7.56986092E-02
  5.00000000E-01  2.05344000E+00 -1.20351405E+00 -3.69818577E-02 -2.27872126E-02  0.00000000E+00  9.32669540E-02  7.57590059E-02
  5.00000000E-01  2.05367500E+00 -1.20456310E+00 -3.69519160E-02 -2.27916502E-02  0.00000000E+00  9.32219079E-02  7.58190034E-02
  5.00000000E-01  2.05391000E+00 -1.20561088E+00 -3.69217781E-02 -2.27961207E-02  0.00000000E+00  9.31765660E-02  7.58785999E-02
  5.00000000E-01  2.05414500E+00 -1.20665739E+00 -3.68914445E-02 -2.28006242E-02  0.00000000E+00  9.31309284E-02  7.59377937E-02
  5.00000000E-01  2.05438000E+00 -1.20770264E+00 -3.68609154E-02 -2.28051608E-02  0.00000000E+00  9.30849950E-02  7.59965829E-02
  5.00000000E-01  2.05461500E+00 -1.20874661E+00 -3.68301914E-02 -2.28097305E-02  0.00000000E+00  9.30387659E-02  7.60549657E-02
  5.00000000E-01  2.05485000E+00 -1.20978933E+00 -3.67992726E-02 -2.28143335E-02  0.00000000E+00  9.29922412E-02  7.61129403E-02
  5.00000000E-01  2.05508500E+00 -1.21083080E+00 -3.67681596E-02 -2.28189697E-02  0.00000000E+00  9.29454208E-02  7.61705050E-02
  5.00000000E-01  2.05532000E+00 -1.21187100E+00 -3.67368527E-02 -2.28236393E-02  0.00000000E+00  9.28983048E-02  7.62276580E-02
  5.00000000E-01  2.05555500E+00 -1.21290996E+00 -3.67053523E-02 -2.28283423E-02  0.00000000E+00  9.28508932E-02  7.62843975E-02
  5.00000000E-01  2.05579000E+00 -1.21394768E+00 -3.66736586E-02 -2.28330788E-02  0.00000000E+00  9.28031859E-02  7.63407217E-02
  5.00000000E-01  2.05602500E+00 -1.21498415E+00 -3.66417721E-02 -2.28378489E-02  0.00000000E+00  9.27551829E-02  7.63966290E-02
  5.00000000E-01  2.05626000E+00 -1.21601938E+00 -3.66096931E-02 -2.28426527E-02  0.00000000E+00  9.27068842E-02  7.64521174E-02
  5.00000000E-01  2.05649500E+00 -1.21705338E+00 -3.65774219E-02 -2.28474901E-02  0.00000000E+00  9.26582897E-02  7.65071854E-02
  5.00000000E-01  2.05673000E+00 -1.21808615E+00 -3.65449589E-02 -2.28523614E-02  0.00000000E+00  9.26093994E-02  7.65618312E-02
  5.00000000E-01  2.05696500E+00 -1.21911768E+00 -3.65123044E-02 -2.28572665E-02  0.00000000E+00  9.25602133E-02  7.66160531E-02
  5.00000000E-01  2.05720000E+00 -1.22014799E+00 -3.64794588E-02 -2.28622056E-02  0.00000000E+00  9.25107312E-02  7.66698492E-02
  5.00000000E-01  2.05743500E+00 -1.22117708E+00 -3.64464223E-02 -2.28671788E-02  0.00000000E+00  9.24609530E-02  7.67232181E-02
  5.00000000E-01  2.05767000E+00 -1.22220495E+00 -3.64131953E-02 -2.28721860E-02  0.00000000E+00  9.24108787E-02  7.67761578E-02
  5.00000000E-01  2.05790500E+00 -1.22323161E+00 -3.63797781E-02 -2.28772274E-02  0.00000000E+00  9.23605082E-02  7.68286668E-02
  5.00000000E-01  2.05814000E+00 -1.22425705E+00 -3.63461710E-02 -2.28823030E-02  0.00000000E+00  9.23098414E-02  7.68807433E-02
  5.00000000E-01  2.05837500E+00 -1.22528129E+00 -3.63123743E-02 -2.28874130E-02  0.00000000E+00  9.22588782E-02  7.69323857E-02
  5.00000000E-01  2.05861000E+00 -1.22630432E+00 -3.62783883E-02 -2.28925574E-02  0.00000000E+00  9.22076183E-02  7.69835922E-02
  5.00000000E-01  2.05884500E+00 -1.22732615E+00 -3.62442134E-02 -2.28977363E-02  0.00000000E+00  9.21560618E-02  7.70343613E-02
  5.00000000E-01  2.05908000E+00 -1.22834678E+00 -3.62098498E-02 -2.29029497E-02  0.00000000E+00  9.21042084E-02  7.70846912E-02
  5.00000000E-01  2.05931500E+00 -1.22936622E+00 -3.61752977E-02 -2.29081978E-02  0.00000000E+00  9.20520580E-02  7.71345804E-02
  5.00000000E-01  2.05955000E+00 -1.23038446E+00 -3.61405576E-02 -2.29134806E-02  0.00000000E+00  9.19996105E-02  7.71840270E-02
  5.00000000E-01  2.05978500E+00 -1.23140152E+00 -3.61056296E-02 -2.29187983E-02  0.00000000E+00  9.19468656E-02  7.72330296E-02
  5.00000000E-01  2.06002000E+00 -1.23241739E+00 -3.60705141E-02 -2.29241508E-02  0.00000000E+00  9.18938233E-02  7.72815865E-02
  5.00000000E-01  2.06025500E+00 -1.23343207E+00 -3.60352112E-02 -2.29295383E-02  0.00000000E+00  9.18404832E-02  7.73296959E-02
  5.00000000E-01  2.06049000E+00 -1.23444558E+00 -3.59997214E-02 -2.29349608E-02  0.00000000E+00  9.17868453E-02  7.73773564E-02
  5.00000000E-01  2.06072500E+00 -1.23545792E+00 -3.59640449E-02 -2.29404184E-02  0.00000000E+00  9.17329093E-02  7.74245662E-02
  5.00000000E-01  2.06096000E+00 -1.23646908E+00 -3.59281818E-02 -2.29459113E-02  0.00000000E+00  9.16786751E-02  7.74713239E-02
  5.00000000E-01  2.06119500E+00 -1.23747907E+00 -3.58921326E-02 -2.29514395E-02  0.00000000E+00  9.16241423E-02  7.75176276E-02
  5.00000000E-01  2.06143000E+00 -1.23848789E+00 -3.58558974E-02 -2.29570030E-02  0.00000000E+00  9.15693108E-02  7.75634760E-02
  5.00000000E-01  2.06166500E+00 -1.23949555E+00 -3.58194764E-02 -2.29626020E-02  0.00000000E+00  9.15141804E-02  7.76088673E-02
  5.00000000E-01  2.06190000E+00 -1.24050206E+00 -3.57828700E-02 -2.29682365E-02  0.00000000E+00  9.14587508E-02  7.76537999E-02
  5.00000000E-01  2.06213500E+00 -1.24150740E+00 -3.57460784E-02 -2.29739067E-02  0.00000000E+00  9.14030217E-02  7.76982724E-02
  5.00000000E-01  2.06237000E+00 -1.24251159E+00 -3.57091019E-02 -2.29796125E-02  0.00000000E+00  9.13469930E-02  7.77422830E-02
  5.00000000E-01  2.06260500E+00 -1.24351463E+00 -3.56719405E-02 -2.29853542E-02  0.00000000E+00  9.12906643E-02  7.77858303E-02
  5.00000000E-01  2.06284000E+00 -1.24451652E+00 -3.56345947E-02 -2.29911318E-02  0.00000000E+00  9.12340354E-02  7.78289126E-02
  5.00000000E-01  2.06307500E+00 -1.24551727E+00 -3.55970646E-02 -2.29969453E-02  0.00000000E+00  9.11771060E-02  7.78715284E-02
  5.00000000E-01  2.06331000E+00 -1.24651688E+00 -3.55593505E-02 -2.30027949E-02  0.00000000E+00  9.11198758E-02  7.79136761E-02
  5.00000000E-01  2.06354500E+00 -1.24751534E+00 -3.55214525E-02 -2.30086806E-02  0.00000000E+00  9.10623446E-02  7.79553542E-02
  5.00000000E-01  2.06378000E+00 -1.24851267E+00 -3.54833709E-02 -2.30146025E-02  0.00000000E+00  9.10045119E-02  7.79965611E-02
  5.00000000E-01  2.06401500E+00 -1.24950887E+00 -3.54451059E-02 -2.30205608E-02  0.00000000E+00  9.09463777E-02  7.80372953E-02
  5.00000000E-01  2.06425000E+00 -1.25050394E+00 -3.54066578E-02 -2.30265555E-02  0.00000000E+00  9.08879414E-02  7.80775552E-02
  5.00000000E-01  2.06448500E+00 -1.25149788E+00 -3.53680267E-02 -2.30325867E-02  0.00000000E+00  9.08292028E-02  7.81173393E-02
  5.00000000E-01  2.06472000E+00 -1.25249070E+00 -3.53292128E-02 -2.30386544E-02  0.00000000E+00  9.07701616E-02  7.81566460E-02
  5.00000000E-01  2.06495500E+00 -1.25348240E+00 -3.52902164E-02 -2.30447588E-02  0.00000000E+00  9.07108175E-02  7.81954739E-02
  5.00000000E-01  2.06519000E+00 -1.25447297E+00 -3.52510377E-02 -2.30509000E-02  0.00000000E+00  9.06511700E-02  7.82338213E-02
  5.00000000E-01  2.06542500E+00 -1.25546244E+00 -3.52116768E-02 -2.30570781E-02  0.00000000E+00  9.05912189E-02  7.82716869E-02
  5.00000000E-01  2.06566000E+00 -1.25645079E+00 -3.51721339E-02 -2.30632931E-02  0.00000000E+00  9.05309639E-02  7.83090690E-02
  5.00000000E-01  2.06589500E+00 -1.25743803E+00 -3.51324093E-02 -2.30695451E-02  0.00000000E+00  9.04704044E-02  7.83459662E-02
  5.00000000E-01  2.06613000E+00 -1.25842416E+00 -3.50925031E-02 -2.30758343E-02  0.00000000E+00  9.04095403E-02  7.83823769E-02
  5.00000000E-01  2.06636500E+00 -1.25940919E+00 -3.50524155E-02 -2.30821606E-02  0.00000000E+00  9.03483710E-02  7.84182996E-02
  5.00000000E-01  2.06660000E+00 -1.26039311E+00 -3.50121467E-02 -2.30885243E-02  0.00000000E+00  9.02868963E-02  7.84537329E-02
  5.00000000E-01  2.06683500E+00 -1.26137594E+00 -3.49716969E-02 -2.30949254E-02  0.00000000E+00  9.02251157E-02  7.84886752E-02
  5.00000000E-01  2.06707000E+00 -1.26235767E+00 -3.49310662E-02 -2.31013641E-02  0.00000000E+00  9.01630288E-02  7.85231250E-02
  5.00000000E-01  2.06730500E+00 -1.26333831E+00 -3.48902548E-02 -2.31078403E-02  0.00000000E+00  9.01006354E-02  7.85570809E-02
  5.00000000E-01  2.06754000E+00 -1.26431786E+00 -3.48492630E-02 -2.31143542E-02  0.00000000E+00  9.00379348E-02  7.85905414E-02
  5.00000000E-01  2.06777500E+00 -1.26529632E+00 -3.48080908E-02 -2.31209058E-02  0.00000000E+00  8.99749268E-02  7.86235049E-02
  5.00000000E-01  2.06801000E+00 -1.26627369E+00 -3.47667384E-02 -2.31274954E-02  0.00000000E+00  8.99116109E-02  7.86559700E-02
  5.00000000E-01  2.06824500E+00 -1.26724998E+00 -3.47252060E-02 -2.31341230E-02  0.00000000E+00  8.98479868E-02  7.86879353E-02
  5.00000000E-01  2.06848000E+00 -1.26822519E+00 -3.46834938E-02 -2.31407886E-02  0.00000000E+00  8.97840538E-02  7.87193991E-02
  5.00000000E-01  2.06871500E+00 -1.26919933E+00 -3.46416019E-02 -2.31474924E-02  0.00000000E+00  8.97198117E-02  7.87503602E-02
  5.00000000E-01  2.06895000E+00 -1.27017238E+00 -3.45995304E-02 -2.31542345E-02  0.00000000E+00  8.96552600E-02  7.87808169E-02
  5.00000000E-01  2.06918500E+00 -1.27114437E+00 -3.45572796E-02 -2.31610149E-02  0.00000000E+00  8.95903983E-02  7.88107679E-02
  5.00000000E-01  2.06942000E+00 -1.27211528E+00 -3.45148495E-02 -2.31678338E-02  0.00000000E+00  8.95252260E-02  7.88402116E-02
  5.00000000E-01  2.06965500E+00 -1.27308513E+00 -3.44722403E-02 -2.31746913E-02  0.00000000E+00  8.94597428E-02  7.88691467E-02
  5.00000000E-01  2.06989000E+00 -1.27405391E+00 -3.44294522E-02 -2.31815875E-02  0.00000000E+00  8.93939481E-02  7.88975715E-02
  5.00000000E-01  2.07012500E+00 -1.27502163E+00 -3.43864853E-02 -2.31885224E-02  0.00000000E+00  8.93278415E-02  7.89254848E-02
  5.00000000E-01  2.07036000E+00 -1.27598829E+00 -3.43433398E-02 -2.31954962E-02  0.00000000E+00  8.92614226E-02  7.89528849E-02
  5.00000000E-01  2.07059500E+00 -1.27695389E+00 -3.43000157E-02 -2.32025090E-02  0.00000000E+00  8.91946907E-02  7.89797705E-02
  5.00000000E-01  2.07083000E+00 -1.27791843E+00 -3.42565132E-02 -2.32095608E-02  0.00000000E+00  8.91276455E-02  7.90061402E-02
  5.00000000E-01  2.07106500E+00 -1.27888192E+00 -3.42128325E-02 -2.32166518E-02  0.00000000E+00  8.90602865E-02  7.90319924E-02
  5.00000000E-01  2.07130000E+00 -1.27984436E+00 -3.41689736E-02 -2.32237821E-02  0.00000000E+00  8.89926131E-02  7.90573257E-02
  5.00000000E-01  2.07153500E+00 -1.28080575E+00 -3.41249368E-02 -2.32309518E-02  0.00000000E+00  8.89246249E-02  7.90821386E-02
  5.00000000E-01  2.07177000E+00 -1.28176610E+00 -3.40807221E-02 -2.32381609E-02  0.00000000E+00  8.88563212E-02  7.91064298E-02
  5.00000000E-01  2.07200500E+00 -1.28272540E+00 -3.40363296E-02 -2.32454096E-02  0.00000000E+00  8.87877017E-02  7.91301977E-02
  5.00000000E-01  2.07224000E+00 -1.28368366E+00 -3.39917595E-02 -2.32526981E-02  0.00000000E+00  8.87187658E-02  7.91534409E-02
  5.00000000E-01  2.07247500E+00 -1.28464088E+00 -3.39470119E-02 -2.32600263E-02  0.00000000E+00  8.86495130E-02  7.91761580E-02
  5.00000000E-01  2.07271000E+00 -1.28559706E+00 -3.39020869E-02 -2.32673944E-02  0.00000000E+00  8.85799427E-02  7.91983476E-02
  5.00000000E-01  2.07294500E+00 -1.28655221E+00 -3.38569846E-02 -2.32748026E-02  0.00000000E+00  8.85100544E-02  7.92200082E-02
  5.00000000E-01  2.07318000E+00 -1.28750632E+00 -3.38117051E-02 -2.32822508E-02  0.00000000E+00  8.84398475E-02  7.92411383E-02
  5.00000000E-01  2.07341500E+00 -1.28845940E+00 -3.37662486E-02 -2.32897393E-02  0.00000000E+00  8.83693215E-02  7.92617365E-02
  5.00000000E-01  2.07365000E+00 -1.28941146E+00 -3.37206151E-02 -2.32972681E-02  0.00000000E+00  8.82984759E-02  7.92818014E-02
  5.00000000E-01  2.07388500E+00 -1.29036248E+00 -3.36748048E-02 -2.33048374E-02  0.00000000E+00  8.82273100E-02  7.93013315E-02
  5.00000000E-01  2.07412000E+00 -1.29131248E+00 -3.36288178E-02 -2.33124472E-02  0.00000000E+00  8.81558234E-02  7.93203254E-02
  5.00000000E-01  2.07435500E+00 -1.29226146E+00 -3.35826541E-02 -2.33200976E-02  0.00000000E+00  8.80840154E-02  7.93387816E-02
  5.00000000E-01  2.07459000E+00 -1.29320942E+00 -3.35363139E-02 -2.33277888E-02  0.00000000E+00  8.80118855E-02  7.93566987E-02
  5.00000000E-01  2.07482500E+00 -1.29415636E+00 -3.34897972E-02 -2.33355209E-02  0.00000000E+00  8.79394331E-02  7.93740752E-02
  5.00000000E-01  2.07506000E+00 -1.29510228E+00 -3.34431042E-02 -2.33432940E-02  0.00000000E+00  8.78666575E-02  7.93909098E-02
  5.00000000E-01  2.07529500E+00 -1.29604719E+00 -3.33962349E-02 -2.33511081E-02  0.00000000E+00  8.77935583E-02  7.94072009E-02
  5.00000000E-01  2.07553000E+00 -1.29699109E+00 -3.33491895E-02 -2.33589635E-02  0.00000000E+00  8.77201348E-02  7.94229472E-02
  5.00000000E-01  2.07576500E+00 -1.29793397E+00 -3.33019680E-02 -2.33668602E-02  0.00000000E+00  8.76463864E-02  7.94381471E-02
  5.00000000E-01  2.07600000E+00 -1.29887584E+00 -3.32545705E-02 -2.33747983E-02  0.00000000E+00  8.75723125E-02  7.94527993E-02
  5.00000000E-01  2.07623500E+00 -1.29981671E+00 -3.32069971E-02 -2.33827779E-02  0.00000000E+00  8.74979125E-02  7.94669023E-02
  5.00000000E-01  2.07647000E+00 -1.30075657E+00 -3.31592479E-02 -2.33907992E-02  0.00000000E+00  8.74231857E-02  7.94804546E-02
  5.00000000E-01  2.07670500E+00 -1.30169543E+00 -3.31113230E-02 -2.33988623E-02  0.00000000E+00  8.73481317E-02  7.94934548E-02
  5.00000000E-01  2.07694000E+00 -1.30263329E+00 -3.30632225E-02 -2.34069672E-02  0.00000000E+00  8.72727496E-02  7.95059015E-02
  5.00000000E-01  2.07717500E+00 -1.30357014E+00 -3.30149463E-02 -2.34151142E-02  0.00000000E+00  8.71970389E-02  7.95177932E-02
  5.00000000E-01  2.07741000E+00 -1.30450600E+00 -3.29664947E-02 -2.34233032E-02  0.00000000E+00  8.71209989E-02  7.95291285E-02
  5.00000000E-01  2.07764500E+00 -1.30544086E+00 -3.29178677E-02 -2.34315345E-02  0.00000000E+00  8.70446291E-02  7.95399059E-02
  5.00000000E-01  2.07788000E+00 -1.30637473E+00 -3.28690653E-02 -2.34398081E-02  0.00000000E+00  8.69679287E-02  7.95501239E-02
  5.00000000E-01  2.07811500E+00 -1.30730760E+00 -3.28200876E-02 -2.34481242E-02  0.00000000E+00  8.68908971E-02  7.95597811E-02
  5.00000000E-01  2.07835000E+00 -1.30823948E+00 -3.27709348E-02 -2.34564829E-02  0.00000000E+00  8.68135336E-02  7.95688760E-02
  5.00000000E-01  2.07858500E+00 -1.30917037E+00 -3.27216068E-02 -2.34648842E-02  0.00000000E+00  8.67358377E-02  7.95774072E-02
  5.00000000E-01  2.07882000E+00 -1.31010027E+00 -3.26721038E-02 -2.34733283E-02  0.00000000E+00  8.66578085E-02  7.95853731E-02
  5.00000000E-01  2.07905500E+00 -1.31102918E+00 -3.26224257E-02 -2.34818154E-02  0.00000000E+00  8.65794455E-02  7.95927724E-02
  5.00000000E-01  2.07929000E+00 -1.31195711E+00 -3.25725728E-02 -2.34903455E-02  0.00000000E+00  8.65007480E-02  7.95996035E-02
  5.00000000E-01  2.07952500E+00 -1.31288405E+00 -3.25225449E-02 -2.34989188E-02  0.00000000E+00  8.64217152E-02  7.96058650E-02
  5.00000000E-01  2.07976000E+00 -1.31381001E+00 -3.24723423E-02 -2.35075353E-02  0.00000000E+00  8.63423465E-02  7.96115553E-02
  5.00000000E-01  2.07999500E+00 -1.31473499E+00 -3.24219649E-02 -2.35161953E-02  0.00000000E+00  8.62626412E-02  7.96166730E-02
  5.00000000E-01  2.08023000E+00 -1.31565899E+00 -3.23714129E-02 -2.35248988E-02  0.00000000E+00  8.61825986E-02  7.96212166E-02
  5.00000000E-01  2.08046500E+00 -1.31658201E+00 -3.23206862E-02 -2.35336459E-02  0.00000000E+00  8.61022180E-02  7.96251847E-02
  5.00000000E-01  2.08070000E+00 -1.31750405E+00 -3.22697849E-02 -2.35424368E-02  0.00000000E+00  8.60214987E-02  7.96285756E-02
  5.00000000E-01  2.08093500E+00 -1.31842512E+00 -3.22187091E-02 -2.35512715E-02  0.00000000E+00  8.59404400E-02  7.96313880E-02
  5.00000000E-01  2.08117000E+00 -1.31934521E+00 -3.21674589E-02 -2.35601503E-02  0.00000000E+00  8.58590411E-02  7.96336204E-02
  5.00000000E-01  2.08140500E+00 -1.32026433E+00 -3.21160342E-02 -2.35690732E-02  0.00000000E+00  8.57773014E-02  7.96352712E-02
  5.00000000E-01  2.08164000E+00 -1.32118247E+00 -3.20644352E-02 -2.35780403E-02  0.00000000E+00  8.56952200E-02  7.96363391E-02
  5.00000000E-01  2.08187500E+00 -1.32209965E+00 -3.20126618E-02 -2.35870518E-02  0.00000000E+00  8.56127964E-02  7.96368225E-02
  5.00000000E-01  2.08211000E+00 -1.32301585E+00 -3.19607142E-02 -2.35961078E-02  0.00000000E+00  8.55300297E-02  7.96367199E-02
  5.00000000E-01  2.08234500E+00 -1.32393109E+00 -3.19085924E-02 -2.36052083E-02  0.00000000E+00  8.54469192E-02  7.96360299E-02
  5.00000000E-01  2.08258000E+00 -1.32484536E+00 -3.18562963E-02 -2.36143537E-02  0.00000000E+00  8.53634641E-02  7.96347511E-02
  5.00000000E-01  2.08281500E+00 -1.32575866E+00 -3.18038262E-02 -2.36235438E-02  0.00000000E+00  8.52796638E-02  7.96328821E-02
  5.00000000E-01  2.08305000E+00 -1.32667100E+00 -3.17511820E-02 -2.36327790E-02  0.00000000E+00  8.51955174E-02  7.96304213E-02
  5.00000000E-01  2.08328500E+00 -1.32758237E+00 -3.16983637E-02 -2.36420592E-02  0.00000000E+00  8.51110242E-02  7.96273674E-02
  5.00000000E-01  2.08352000E+00 -1.32849278E+00 -3.16453714E-02 -2.36513846E-02  0.00000000E+00  8.50261834E-02  7.96237191E-02
  5.00000000E-01  2.08375500E+00 -1.32940223E+00 -3.15922052E-02 -2.36607554E-02  0.00000000E+00  8.49409942E-02  7.96194749E-02
  5.00000000E-01  2.08399000E+00 -1.33031071E+00 -3.15388650E-02 -2.36701716E-02  0.00000000E+00  8.48554560E-02  7.96146334E-02
  5.00000000E-01  2.08422500E+00 -1.33121824E+00 -3.14853509E-02 -2.36796334E-02  0.00000000E+00  8.47695678E-02  7.96091933E-02
  5.00000000E-01  2.08446000E+00 -1.33212480E+00 -3.14316630E-02 -2.36891409E-02  0.00000000E+00  8.46833290E-02  7.96031530E-02
  5.00000000E-01  2.08469500E+00 -1.33303040E+00 -3.13778013E-02 -2.36986942E-02  0.00000000E+00  8.45967387E-02  7.95965111E-02
  5.00000000E-01  2.08493000E+00 -1.33393505E+00 -3.13237657E-02 -2.37082934E-02  0.00000000E+00  8.45097961E-02  7.95892663E-02
  5.00000000E-01  2.08516500E+00 -1.33483874E+00 -3.12695565E-02 -2.37179387E-02  0.00000000E+00  8.44225005E-02  7.95814170E-02
  5.00000000E-01  2.08540000E+00 -1.33574147E+00 -3.12151735E-02 -2.37276302E-02  0.00000000E+00  8.43348510E-02  7.95729619E-02
  5.00000000E-01  2.08563500E+00 -1.33664325E+00 -3.11606168E-02 -2.37373680E-02  0.00000000E+00  8.42468468E-02  7.95638995E-02
  5.00000000E-01  2.08587000E+00 -1.33754407E+00 -3.11058864E-02 -2.37471522E-02  0.00000000E+00  8.41584872E-02  7.95542283E-02
  5.00000000E-01  2.08610500E+00 -1.33844394E+00 -3.10509825E-02 -2.37569829E-02  0.00000000E+00  8.40697712E-02  7.95439469E-02
  5.00000000E-01  2.08634000E+00 -1.33934285E+00 -3.09959049E-02 -2.37668603E-02  0.00000000E+00  8.39806982E-02  7.95330538E-02
  5.00000000E-01  2.08657500E+00 -1.34024081E+00 -3.09406537E-02 -2.37767845E-02  0.00000000E+00  8.38912672E-02  7.95215476E-02
  5.00000000E-01  2.08681000E+00 -1.34113782E+00 -3.08852290E-02 -2.37867556E-02  0.00000000E+00  8.38014774E-02  7.95094267E-02
  5.00000000E-01  2.08704500E+00 -1.34203387E+00 -3.08296308E-02 -2.37967738E-02  0.00000000E+00  8.37113280E-02  7.94966896E-02
  5.00000000E-01  2.08728000E+00 -1.34292897E+00 -3.07738591E-02 -2.38068391E-02  0.00000000E+00  8.36208182E-02  7.94833350E-02
  5.00000000E-01  2.08751500E+00 -1.34382312E+00 -3.07179139E-02 -2.38169517E-02  0.00000000E+00  8.35299471E-02  7.94693612E-02
  5.00000000E-01  2.08775000E+00 -1.34471632E+00 -3.06617953E-02 -2.38271117E-02  0.00000000E+00  8.34387138E-02  7.94547668E-02
  5.00000000E-01  2.08798500E+00 -1.34560856E+00 -3.06055032E-02 -2.38373193E-02  0.00000000E+00  8.33471176E-02  7.94395502E-02
  5.00000000E-01  2.08822000E+00 -1.34649986E+00 -3.05490377E-02 -2.38475745E-02  0.00000000E+00  8.32551575E-02  7.94237100E-02
  5.00000000E-01  2.08845500E+00 -1.34739020E+00 -3.04923988E-02 -2.38578775E-02  0.00000000E+00  8.31628327E-02  7.94072445E-02
  5.00000000E-01  2.08869000E+00 -1.34827960E+00 -3.04355866E-02 -2.38682284E-02  0.00000000E+00  8.30701423E-02  7.93901523E-02
  5.00000000E-01  2.08892500E+00 -1.34916805E+00 -3.03786011E-02 -2.38786273E-02  0.00000000E+00  8.29770854E-02  7.93724318E-02
  5.00000000E-01  2.08916000E+00 -1.35005554E+00 -3.03214422E-02 -2.38890744E-02  0.00000000E+00  8.28836613E-02  7.93540814E-02
  5.00000000E-01  2.08939500E+00 -1.35094209E+00 -3.02641099E-02 -2.38995698E-02  0.00000000E+00  8.27898689E-02  7.93350996E-02
  5.00000000E-01  2.08963000E+00 -1.35182768E+00 -3.02066044E-02 -2.39101136E-02  0.00000000E+00  8.26957074E-02  7.93154848E-02
  5.00000000E-01  2.08986500E+00 -1.35271233E+00 -3.01489257E-02 -2.39207059E-02  0.00000000E+00  8.26011760E-02  7.92952355E-02
  5.00000000E-01  2.09010000E+00 -1.35359603E+00 -3.00910736E-02 -2.39313469E-02  0.00000000E+00  8.25062736E-02  7.92743499E-02
  5.00000000E-01  2.09033500E+00 -1.35447877E+00 -3.00330483E-02 -2.39420367E-02  0.00000000E+00  8.24109995E-02  7.92528266E-02
  5.00000000E-01  2.09057000E+00 -1.35536057E+00 -2.99748498E-02 -2.39527754E-02  0.00000000E+00  8.23153527E-02  7.92306638E-02
  5.00000000E-01  2.09080500E+00 -1.35624142E+00 -2.99164781E-02 -2.39635631E-02  0.00000000E+00  8.22193323E-02  7.92078600E-02
  5.00000000E-01  2.09104000E+00 -1.35712132E+00 -2.98579332E-02 -2.39744000E-02  0.00000000E+00  8.21229373E-02  7.91844136E-02
  5.00000000E-01  2.09127500E+00 -1.35800027E+00 -2.97992151E-02 -2.39852862E-02  0.00000000E+00  8.20261670E-02  7.91603229E-02
  5.00000000E-01  2.09151000E+00 -1.35887826E+00 -2.97403238E-02 -2.39962218E-02  0.00000000E+00  8.19290203E-02  7.91355861E-02
  5.00000000E-01  2.09174500E+00 -1.35975531E+00 -2.96812593E-02 -2.40072070E-02  0.00000000E+00  8.18314963E-02  7.91102018E-02
  5.00000000E-01  2.09198000E+00 -1.36063141E+00 -2.96220217E-02 -2.40182418E-02  0.00000000E+00  8.17335941E-02  7.90841681E-02
  5.00000000E-01  2.09221500E+00 -1.36150655E+00 -2.95626110E-02 -2.40293264E-02  0.00000000E+00  8.16353127E-02  7.90574834E-02
  5.00000000E-01  2.09245000E+00 -1.36238074E+00 -2.95030271E-02 -2.40404609E-02  0.00000000E+00  8.15366512E-02  7.90301461E-02
  5.00000000E-01  2.09268500E+00 -1.36325398E+00 -2.94432702E-02 -2.40516455E-02  0.00000000E+00  8.14376087E-02  7.90021543E-02
  5.00000000E-01  2.09292000E+00 -1.36412627E+00 -2.93833401E-02 -2.40628803E-02  0.00000000E+00  8.13381841E-02  7.89735063E-02
  5.00000000E-01  2.09315500E+00 -1.36499761E+00 -2.93232369E-02 -2.40741654E-02  0.00000000E+00  8.12383766E-02  7.89442004E-02
  5.00000000E-01  2.09339000E+00 -1.36586799E+00 -2.92629606E-02 -2.40855009E-02  0.00000000E+00  8.11381852E-02  7.89142349E-02
  5.00000000E-01  2.09362500E+00 -1.36673742E+00 -2.92025112E-02 -2.40968870E-02  0.00000000E+00  8.10376089E-02  7.88836080E-02
  5.00000000E-01  2.09386000E+00 -1.36760589E+00 -2.91418888E-02 -2.41083238E-02  0.00000000E+00  8.09366467E-02  7.88523178E-02
  5.00000000E-01  2.09409500E+00 -1.36847340E+00 -2.90810933E-02 -2.41198114E-02  0.00000000E+00  8.08352977E-02  7.88203627E-02
  5.00000000E-01  2.09433000E+00 -1.36933996E+00 -2.90201247E-02 -2.41313499E-02  0.00000000E+00  8.07335608E-02  7.87877408E-02
  5.00000000E-01  2.09456500E+00 -1.37020557E+00 -2.89589831E-02 -2.41429395E-02  0.00000000E+00  8.06314351E-02  7.87544502E-02
  5.00000000E-01  2.09480000E+00 -1.37107021E+00 -2.88976685E-02 -2.41545803E-02  0.00000000E+00  8.05289196E-02  7.87204892E-02
  5.00000000E-01  2.09503500E+00 -1.37193390E+00 -2.88361808E-02 -2.41662724E-02  0.00000000E+00  8.04260133E-02  7.86858559E-02
  5.00000000E-01  2.09527000E+00 -1.37279662E+00 -2.87745201E-02 -2.41780160E-02  0.00000000E+00  8.03227152E-02  7.86505483E-02
  5.00000000E-01  2.09550500E+00 -1.37365839E+00 -2.87126863E-02 -2.41898111E-02  0.00000000E+00  8.02190242E-02  7.86145648E-02
  5.00000000E-01  2.09574000E+00 -1.37451919E+00 -2.86506796E-02 -2.42016580E-02  0.00000000E+00  8.01149394E-02  7.85779032E-02
  5.00000000E-01  2.09597500E+00 -1.37537903E+00 -2.85884998E-02 -2.42135567E-02  0.00000000E+00  8.00104597E-02  7.85405618E-02
  5.00000000E-01  2.09621000E+00 -1.37623791E+00 -2.85261471E-02 -2.42255073E-02  0.00000000E+00  7.99055842E-02  7.85025385E-02
  5.00000000E-01  2.09644500E+00 -1.37709582E+00 -2.84636213E-02 -2.42375101E-02  0.00000000E+00  7.98003117E-02  7.84638315E-02
  5.00000000E-01  2.09668000E+00 -1.37795276E+00 -2.84009226E-02 -2.42495650E-02  0.00000000E+00  7.96946413E-02  7.84244388E-02
  5.00000000E-01  2.09691500E+00 -1.37880874E+00 -2.83380509E-02 -2.42616723E-02  0.00000000E+00  7.95885719E-02  7.83843583E-02
  5.00000000E-01  2.09715000E+00 -1.37966374E+00 -2.82750062E-02 -2.42738321E-02  0.00000000E+00  7.94821025E-02  7.83435882E-02
  5.00000000E-01  2.09738500E+00 -1.38051778E+00 -2.82117885E-02 -2.42860445E-02  0.00000000E+00  7.93752320E-02  7.83021263E-02
  5.00000000E-01  2.09762000E+00 -1.38137085E+00 -2.81483979E-02 -2.42983096E-02  0.00000000E+00  7.92679593E-02  7.82599706E-02
  5.00000000E-01  2.09785500E+00 -1.38222294E+00 -2.80848343E-02 -2.43106275E-02  0.00000000E+00  7.91602834E-02  7.82171192E-02
  5.00000000E-01  2.09809000E+00 -1.38307406E+00 -2.80210977E-02 -2.43229984E-02  0.00000000E+00  7.90522033E-02  7.81735698E-02
  5.00000000E-01  2.09832500E+00 -1.38392420E+00 -2.79571882E-02 -2.43354225E-02  0.00000000E+00  7.89437178E-02  7.81293205E-02
  5.00000000E-01  2.09856000E+00 -1.38477336E+00 -2.78931058E-02 -2.43478997E-02  0.00000000E+00  7.88348259E-02  7.80843691E-02
  5.00000000E-01  2.09879500E+00 -1.38562154E+00 -2.78288504E-02 -2.43604304E-02  0.00000000E+00  7.87255264E-02  7.80387134E-02
  5.00000000E-01  2.09903000E+00 -1.38646874E+00 -2.77644221E-02 -2.43730145E-02  0.00000000E+00  7.86158184E-02  7.79923513E-02
  5.00000000E-01  2.09926500E+00 -1.38731496E+00 -2.76998208E-02 -2.43856522E-02  0.00000000E+00  7.85057006E-02  7.79452807E-02
  5.00000000E-01  2.09950000E+00 -1.38816019E+00 -2.76350467E-02 -2.43983436E-02  0.00000000E+00  7.83951721E-02  7.78974994E-02
  5.00000000E-01  2.09973500E+00 -1.38900444E+00 -2.75700996E-02 -2.44110890E-02  0.00000000E+00  7.82842316E-02  7.78490051E-02
  5.00000000E-01  2.09997000E+00 -1.38984769E+00 -2.75049796E-02 -2.44238883E-02  0.00000000E+00  7.81728782E-02  7.77997955E-02
  5.00000000E-01  2.10020500E+00 -1.39068996E+00 -2.74396867E-02 -2.44367417E-02  0.00000000E+00  7.80611105E-02  7.77498685E-02
  5.00000000E-01  2.10044000E+00 -1.39153123E+00 -2.73742209E-02 -2.44496493E-02  0.00000000E+00  7.79489277E-02  7.76992218E-02
  5.00000000E-01  2.10067500E+00 -1.39237151E+00 -2.73085822E-02 -2.44626114E-02  0.00000000E+00  7.78363284E-02  7.76478530E-02
  5.00000000E-01  2.10091000E+00 -1.39321079E+00 -2.72427707E-02 -2.44756279E-02  0.00000000E+00  7.77233116E-02  7.75957598E-02
  5.00000000E-01  2.10114500E+00 -1.39404907E+00 -2.71767863E-02 -2.44886990E-02  0.00000000E+00  7.76098761E-02  7.75429399E-02
  5.00000000E-01  2.10138000E+00 -1.39488634E+00 -2.71106290E-02 -2.45018249E-02  0.00000000E+00  7.74960208E-02  7.74893909E-02
  5.00000000E-01  2.10161500E+00 -1.39572262E+00 -2.70442988E-02 -2.45150056E-02  0.00000000E+00  7.73817445E-02  7.74351104E-02
  5.00000000E-01  2.10185000E+00 -1.39655788E+00 -2.69777958E-02 -2.45282413E-02  0.00000000E+00  7.72670460E-02  7.73800959E-02
  5.00000000E-01  2.10208500E+00 -1.39739214E+00 -2.69111199E-02 -2.45415322E-02  0.00000000E+00  7.71519243E-02  7.73243450E-02
  5.00000000E-01  2.10232000E+00 -1.39822538E+00 -2.68442712E-02 -2.45548782E-02  0.00000000E+00  7.70363780E-02  7.72678553E-02
  5.00000000E-01  2.10255500E+00 -1.39905761E+00 -2.67772497E-02 -2.45682797E-02  0.00000000E+00  7.69204061E-02  7.72106242E-02
  5.00000000E-01  2.10279000E+00 -1.39988882E+00 -2.67100554E-02 -2.45817366E-02  0.00000000E+00  7.68040074E-02  7.71526492E-02
  5.00000000E-01  2.10302500E+00 -1.40071901E+00 -2.66426883E-02 -2.45952491E-02  0.00000000E+00  7.66871806E-02  7.70939278E-02
  5.00000000E-01  2.10326000E+00 -1.40154818E+00 -2.65751483E-02 -2.46088173E-02  0.00000000E+00  7.65699246E-02  7.70344573E-02
  5.00000000E-01  2.10349500E+00 -1.40237632E+00 -2.65074356E-02 -2.46224414E-02  0.00000000E+00  7.64522381E-02  7.69742351E-02
  5.00000000E-01  2.10373000E+00 -1.40320343E+00 -2.64395501E-02 -2.46361215E-02  0.00000000E+00  7.63341199E-02  7.69132587E-02
  5.00000000E-01  2.10396500E+00 -1.40402952E+00 -2.63714919E-02 -2.46498576E-02  0.00000000E+00  7.62155689E-02  7.68515253E-02
  5.00000000E-01  2.10420000E+00 -1.40485456E+00 -2.63032609E-02 -2.46636500E-02  0.00000000E+00  7.60965838E-02  7.67890322E-02
  5.00000000E-01  2.10443500E+00 -1.40567857E+00 -2.62348571E-02 -2.46774987E-02  0.00000000E+00  7.59771633E-02  7.67257768E-02
  5.00000000E-01  2.10467000E+00 -1.40650153E+00 -2.61662806E-02 -2.46914038E-02  0.00000000E+00  7.58573062E-02  7.66617562E-02
  5.00000000E-01  2.10490500E+00 -1.40732345E+00 -2.60975315E-02 -2.47053655E-02  0.00000000E+00  7.57370113E-02  7.65969676E-02
  5.00000000E-01  2.10514000E+00 -1.40814433E+00 -2.60286096E-02 -2.47193839E-02  0.00000000E+00  7.56162774E-02  7.65314083E-02
  5.00000000E-01  2.10537500E+00 -1.40896415E+00 -2.59595150E-02 -2.47334591E-02  0.00000000E+00  7.54951031E-02  7.64650754E-02
  5.00000000E-01  2.10561000E+00 -1.40978291E+00 -2.58902478E-02 -2.47475913E-02  0.00000000E+00  7.53734871E-02  7.63979660E-02
  5.00000000E-01  2.10584500E+00 -1.41060062E+00 -2.58208079E-02 -2.47617804E-02  0.00000000E+00  7.52514283E-02  7.63300772E-02
  5.00000000E-01  2.10608000E+00 -1.41141726E+00 -2.57511954E-02 -2.47760268E-02  0.00000000E+00  7.51289253E-02  7.62614060E-02
  5.00000000E-01  2.10631500E+00 -1.41223283E+00 -2.56814102E-02 -2.47903304E-02  0.00000000E+00  7.50059769E-02  7.61919495E-02
  5.00000000E-01  2.10655000E+00 -1.41304734E+00 -2.56114525E-02 -2.48046914E-02  0.00000000E+00  7.48825817E-02  7.61217046E-02
  5.00000000E-01  2.10678500E+00 -1.41386077E+00 -2.55413221E-02 -2.48191100E-02  0.00000000E+00  7.47587384E-02  7.60506682E-02
  5.00000000E-01  2.10702000E+00 -1.41467312E+00 -2.54710193E-02 -2.48335861E-02  0.00000000E+00  7.46344458E-02  7.59788374E-02
  5.00000000E-01  2.10725500E+00 -1.41548439E+00 -2.54005438E-02 -2.48481200E-02  0.00000000E+00  7.45097024E-02  7.59062089E-02
  5.00000000E-01  2.10749000E+00 -1.41629457E+00 -2.53298959E-02 -2.48627118E-02  0.00000000E+00  7.43845070E-02  7.58327796E-02
  5.00000000E-01  2.10772500E+00 -1.41710366E+00 -2.52590754E-02 -2.48773615E-02  0.00000000E+00  7.42588583E-02  7.57585463E-02
  5.00000000E-01  2.10796000E+00 -1.41791166E+00 -2.51880825E-02 -2.48920693E-02  0.00000000E+00  7.41327549E-02  7.56835058E-02
  5.00000000E-01  2.10819500E+00 -1.41871855E+00 -2.51169171E-02 -2.49068353E-02  0.00000000E+00  7.40061954E-02  7.56076548E-02
  5.00000000E-01  2.10843000E+00 -1.41952434E+00 -2.50455793E-02 -2.49216596E-02  0.00000000E+00  7.38791785E-02  7.55309899E-02
  5.00000000E-01  2.10866500E+00 -1.42032902E+00 -2.49740690E-02 -2.49365424E-02  0.00000000E+00  7.37517027E-02  7.54535079E-02
  5.00000000E-01  2.10890000E+00 -1.42113259E+00 -2.49023864E-02 -2.49514836E-02  0.00000000E+00  7.36237669E-02  7.53752053E-02
  5.00000000E-01  2.10913500E+00 -1.42193503E+00 -2.48305315E-02 -2.49664835E-02  0.00000000E+00  7.34953695E-02  7.52960786E-02
  5.00000000E-01  2.10937000E+00 -1.42273636E+00 -2.47585042E-02 -2.49815421E-02  0.00000000E+00  7.33665091E-02  7.52161245E-02
  5.00000000E-01  2.10960500E+00 -1.42353655E+00 -2.46863046E-02 -2.49966596E-02  0.00000000E+00  7.32371844E-02  7.51353394E-02
  5.00000000E-01  2.10984000E+00 -1.42433561E+00 -2.46139328E-02 -2.50118360E-02  0.00000000E+00  7.31073939E-02  7.50537197E-02
  5.00000000E-01  2.11007500E+00 -1.42513353E+00 -2.45413887E-02 -2.50270715E-02  0.00000000E+00  7.29771362E-02  7.49712619E-02
  5.00000000E-01  2.11031000E+00 -1.42593031E+00 -2.44686724E-02 -2.50423662E-02  0.00000000E+00  7.28464099E-02  7.48879622E-02
  5.00000000E-01  2.11054500E+00 -1.42672593E+00 -2.43957839E-02 -2.50577201E-02  0.00000000E+00  7.27152136E-02  7.48038171E-02
  5.00000000E-01  2.11078000E+00 -1.42752040E+00 -2.43227233E-02 -2.50731334E-02  0.00000000E+00  7.25835458E-02  7.47188227E-02
  5.00000000E-01  2.11101500E+00 -1.42831371E+00 -2.42494906E-02 -2.50886062E-02  0.00000000E+00  7.24514050E-02  7.46329752E-02
  5.00000000E-01  2.11125000E+00 -1.42910585E+00 -2.41760858E-02 -2.51041386E-02  0.00000000E+00  7.23187898E-02  7.45462709E-02
  5.00000000E-01  2.11148500E+00 -1.42989682E+00 -2.41025090E-02 -2.51197307E-02  0.00000000E+00  7.21856987E-02  7.44587059E-02
  5.00000000E-01  2.11172000E+00 -1.43068660E+00 -2.40287602E-02 -2.51353825E-02  0.00000000E+00  7.20521302E-02  7.43702762E-02
  5.00000000E-01  2.11195500E+00 -1.43147521E+00 -2.39548394E-02 -2.51510942E-02  0.00000000E+00  7.19180828E-02  7.42809779E-02
  5.00000000E-01  2.11219000E+00 -1.43226262E+00 -2.38807467E-02 -2.51668659E-02  0.00000000E+00  7.17835550E-02  7.41908069E-02
  5.00000000E-01  2.11242500E+00 -1.43304883E+00 -2.38064822E-02 -2.51826977E-02  0.00000000E+00  7.16485454E-02  7.40997591E-02
  5.00000000E-01  2.11266000E+00 -1.43383384E+00 -2.37320458E-02 -2.51985897E-02  0.00000000E+00  7.15130523E-02  7.40078306E-02
  5.00000000E-01  2.11289500E+00 -1.43461764E+00 -2.36574376E-02 -2.52145419E-02  0.00000000E+00  7.13770742E-02  7.39150169E-02
  5.00000000E-01  2.11313000E+00 -1.43540022E+00 -2.35826577E-02 -2.52305544E-02  0.00000000E+00  7.12406096E-02  7.38213140E-02
  5.00000000E-01  2.11336500E+00 -1.43618158E+00 -2.35077061E-02 -2.52466275E-02  0.00000000E+00  7.11036569E-02  7.37267176E-02
  5.00000000E-01  2.11360000E+00 -1.43696170E+00 -2.34325828E-02 -2.52627611E-02  0.00000000E+00  7.09662146E-02  7.36312233E-02
  5.00000000E-01  2.11383500E+00 -1.43774059E+00 -2.33572879E-02 -2.52789553E-02  0.00000000E+00  7.08282810E-02  7.35348266E-02
  5.00000000E-01  2.11407000E+00 -1.43851823E+00 -2.32818215E-02 -2.52952102E-02  0.00000000E+00  7.06898547E-02  7.34375233E-02
  5.00000000E-01  2.11430500E+00 -1.43929462E+00 -2.32061836E-02 -2.53115259E-02  0.00000000E+00  7.05509339E-02  7.33393087E-02
  5.00000000E-01  2.11454000E+00 -1.44006975E+00 -2.31303742E-02 -2.53279026E-02  0.00000000E+00  7.04115170E-02  7.32401783E-02
  5.00000000E-01  2.11477500E+00 -1.44084361E+00 -2.30543935E-02 -2.53443402E-02  0.00000000E+00  7.02716025E-02  7.31401275E-02
  5.00000000E-01  2.11501000E+00 -1.44161620E+00 -2.29782414E-02 -2.53608389E-02  0.00000000E+00  7.01311887E-02  7.30391517E-02
  5.00000000E-01  2.11524500E+00 -1.44238750E+00 -2.29019181E-02 -2.53773987E-02  0.00000000E+00  6.99902740E-02  7.29372459E-02
  5.00000000E-01  2.11548000E+00 -1.44315751E+00 -2.28254235E-02 -2.53940198E-02  0.00000000E+00  6.98488566E-02  7.28344056E-02
  5.00000000E-01  2.11571500E+00 -1.44392623E+00 -2.27487578E-02 -2.54107022E-02  0.00000000E+00  6.97069350E-02  7.27306257E-02
  5.00000000E-01  2.11595000E+00 -1.44469363E+00 -2.26719209E-02 -2.54274459E-02  0.00000000E+00  6.95645073E-02  7.26259014E-02
  5.00000000E-01  2.11618500E+00 -1.44545972E+00 -2.25949131E-02 -2.54442512E-02  0.00000000E+00  6.94215720E-02  7.25202277E-02
  5.00000000E-01  2.11642000E+00 -1.44622448E+00 -2.25177342E-02 -2.54611179E-02  0.00000000E+00  6.92781273E-02  7.24135995E-02
  5.00000000E-01  2.11665500E+00 -1.44698791E+00 -2.24403845E-02 -2.54780463E-02  0.00000000E+00  6.91341715E-02  7.23060117E-02
  5.00000000E-01  2.11689000E+00 -1.44774999E+00 -2.23628639E-02 -2.54950364E-02  0.00000000E+00  6.89897028E-02  7.21974592E-02
  5.00000000E-01  2.11712500E+00 -1.44851072E+00 -2.22851726E-02 -2.55120882E-02  0.00000000E+00  6.88447195E-02  7.20879366E-02
  5.00000000E-01  2.11736000E+00 -1.44927010E+00 -2.22073106E-02 -2.55292018E-02  0.00000000E+00  6.86992198E-02  7.19774387E-02
  5.00000000E-01  2.11759500E+00 -1.45002810E+00 -2.21292779E-02 -2.55463774E-02  0.00000000E+00  6.85532019E-02  7.18659600E-02
  5.00000000E-01  2.11783000E+00 -1.45078472E+00 -2.20510747E-02 -2.55636148E-02  0.00000000E+00  6.84066641E-02  7.17534952E-02
  5.00000000E-01  2.11806500E+00 -1.45153995E+00 -2.19727011E-02 -2.55809144E-02  0.00000000E+00  6.82596045E-02  7.16400386E-02
  5.00000000E-01  2.11830000E+00 -1.45229379E+00 -2.18941570E-02 -2.55982759E-02  0.00000000E+00  6.81120213E-02  7.15255847E-02
  5.00000000E-01  2.11853500E+00 -1.45304621E+00 -2.18154426E-02 -2.56156997E-02  0.00000000E+00  6.79639126E-02  7.14101277E-02
  5.00000000E-01  2.11877000E+00 -1.45379721E+00 -2.17365580E-02 -2.56331856E-02  0.00000000E+00  6.78152767E-02  7.12936620E-02
  5.00000000E-01  2.11900500E+00 -1.45454678E+00 -2.16575033E-02 -2.56507338E-02  0.00000000E+00  6.76661116E-02  7.11761816E-02
  5.00000000E-01  2.11924000E+00 -1.45529491E+00 -2.15782784E-02 -2.56683443E-02  0.00000000E+00  6.75164154E-02  7.10576808E-02
  5.00000000E-01  2.11947500E+00 -1.45604159E+00 -2.14988836E-02 -2.56860172E-02  0.00000000E+00  6.73661863E-02  7.09381535E-02
  5.00000000E-01  2.11971000E+00 -1.45678680E+00 -2.14193189E-02 -2.57037525E-02  0.00000000E+00  6.72154222E-02  7.08175936E-02
  5.00000000E-01  2.11994500E+00 -1.45753054E+00 -2.13395844E-02 -2.57215502E-02  0.00000000E+00  6.70641214E-02  7.06959950E-02
  5.00000000E-01  2.12018000E+00 -1.45827279E+00 -2.12596802E-02 -2.57394105E-02  0.00000000E+00  6.69122818E-02  7.05733515E-02
  5.00000000E-01  2.12041500E+00 -1.45901355E+00 -2.11796064E-02 -2.57573331E-02  0.00000000E+00  6.67599014E-02  7.04496568E-02
  5.00000000E-01  2.12065000E+00 -1.45975279E+00 -2.10993630E-02 -2.57753180E-02  0.00000000E+00  6.66069783E-02  7.03249044E-02
  5.00000000E-01  2.12088500E+00 -1.46049051E+00 -2.10189502E-02 -2.57933660E-02  0.00000000E+00  6.64535104E-02  7.01990880E-02
  5.00000000E-01  2.12112000E+00 -1.46122670E+00 -2.09383681E-02 -2.58114768E-02  0.00000000E+00  6.62994958E-02  7.00722008E-02
  5.00000000E-01  2.12135500E+00 -1.46196134E+00 -2.08576168E-02 -2.58296505E-02  0.00000000E+00  6.61449323E-02  6.99442364E-02
  5.00000000E-01  2.12159000E+00 -1.46269442E+00 -2.07766963E-02 -2.58478868E-02  0.00000000E+00  6.59898180E-02  6.98151880E-02
  5.00000000E-01  2.12182500E+00 -1.46342593E+00 -2.06956069E-02 -2.58661859E-02  0.00000000E+00  6.58341507E-02  6.96850486E-02
  5.00000000E-01  2.12206000E+00 -1.46415586E+00 -2.06143485E-02 -2.58845478E-02  0.00000000E+00  6.56779284E-02  6.95538115E-02
  5.00000000E-01  2.12229500E+00 -1.46488418E+00 -2.05329213E-02 -2.59029724E-02  0.00000000E+00  6.55211488E-02  6.94214696E-02
  5.00000000E-01  2.12253000E+00 -1.46561089E+00 -2.04513254E-02 -2.59214597E-02  0.00000000E+00  6.53638099E-02  6.92880158E-02
  5.00000000E-01  2.12276500E+00 -1.46633597E+00 -2.03695609E-02 -2.59400099E-02  0.00000000E+00  6.52059096E-02  6.91534429E-02
  5.00000000E-01  2.12300000E+00 -1.46705941E+00 -2.02876279E-02 -2.59586228E-02  0.00000000E+00  6.50474455E-02  6.90177436E-02
  5.00000000E-01  2.12323500E+00 -1.46778119E+00 -2.02055266E-02 -2.59772987E-02  0.00000000E+00  6.48884156E-02  6.88809105E-02
  5.00000000E-01  2.12347000E+00 -1.46850130E+00 -2.01232571E-02 -2.59960374E-02  0.00000000E+00  6.47288175E-02  6.87429362E-02
  5.00000000E-01  2.12370500E+00 -1.46921972E+00 -2.00408194E-02 -2.60148390E-02  0.00000000E+00  6.45686491E-02  6.86038130E-02
  5.00000000E-01  2.12394000E+00 -1.46993644E+00 -1.99582138E-02 -2.60337035E-02  0.00000000E+00  6.44079080E-02  6.84635332E-02
  5.00000000E-01  2.12417500E+00 -1.47065145E+00 -1.98754403E-02 -2.60526310E-02  0.00000000E+00  6.42465921E-02  6.83220890E-02
  5.00000000E-01  2.12441000E+00 -1.47136472E+00 -1.97924990E-02 -2.60716215E-02  0.00000000E+00  6.40846988E-02  6.81794726E-02
  5.00000000E-01  2.12464500E+00 -1.47207623E+00 -1.97093901E-02 -2.60906749E-02  0.00000000E+00  6.39222260E-02  6.80356760E-02
  5.00000000E-01  2.12488000E+00 -1.47278599E+00 -1.96261138E-02 -2.61097913E-02  0.00000000E+00  6.37591711E-02  6.78906910E-02
  5.00000000E-01  2.12511500E+00 -1.47349396E+00 -1.95426701E-02 -2.61289707E-02  0.00000000E+00  6.35955320E-02  6.77445093E-02
  5.00000000E-01  2.12535000E+00 -1.47420012E+00 -1.94590591E-02 -2.61482130E-02  0.00000000E+00  6.34313060E-02  6.75971228E-02
  5.00000000E-01  2.12558500E+00 -1.47490447E+00 -1.93752811E-02 -2.61675181E-02  0.00000000E+00  6.32664908E-02  6.74485229E-02
  5.00000000E-01  2.12582000E+00 -1.47560698E+00 -1.92913362E-02 -2.61868862E-02  0.00000000E+00  6.31010839E-02  6.72987010E-02
  5.00000000E-01  2.12605500E+00 -1.47630764E+00 -1.92072244E-02 -2.62063171E-02  0.00000000E+00  6.29350828E-02  6.71476485E-02
  5.00000000E-01  2.12629000E+00 -1.47700642E+00 -1.91229460E-02 -2.62258109E-02  0.00000000E+00  6.27684850E-02  6.69953567E-02
  5.00000000E-01  2.12652500E+00 -1.47770331E+00 -1.90385010E-02 -2.62453674E-02  0.00000000E+00  6.26012878E-02  6.68418165E-02
  5.00000000E-01  2.12676000E+00 -1.47839828E+00 -1.89538897E-02 -2.62649866E-02  0.00000000E+00  6.24334888E-02  6.66870190E-02
  5.00000000E-01  2.12699500E+00 -1.47909132E+00 -1.88691121E-02 -2.62846685E-02  0.00000000E+00  6.22650854E-02  6.65309551E-02
  5.00000000E-01  2.12723000E+00 -1.47978241E+00 -1.87841685E-02 -2.63044130E-02  0.00000000E+00  6.20960747E-02  6.63736153E-02
  5.00000000E-01  2.12746500E+00 -1.48047153E+00 -1.86990589E-02 -2.63242201E-02  0.00000000E+00  6.19264543E-02  6.62149905E-02
  5.00000000E-01  2.12770000E+00 -1.48115865E+00 -1.86137835E-02 -2.63440898E-02  0.00000000E+00  6.17562214E-02  6.60550709E-02
  5.00000000E-01  2.12793500E+00 -1.48184376E+00 -1.85283425E-02 -2.63640219E-02  0.00000000E+00  6.15853732E-02  6.58938471E-02
  5.00000000E-01  2.12817000E+00 -1.48252683E+00 -1.84427361E-02 -2.63840165E-02  0.00000000E+00  6.14139069E-02  6.57313091E-02
  5.00000000E-01  2.12840500E+00 -1.48320784E+00 -1.83569643E-02 -2.64040734E-02  0.00000000E+00  6.12418199E-02  6.55674472E-02
  5.00000000E-01  2.12864000E+00 -1.48388676E+00 -1.82710274E-02 -2.64241927E-02  0.00000000E+00  6.10691092E-02  6.54022512E-02
  5.00000000E-01  2.12887500E+00 -1.48456358E+00 -1.81849255E-02 -2.64443743E-02  0.00000000E+00  6.08957719E-02  6.52357110E-02
  5.00000000E-01  2.12911000E+00 -1.48523827E+00 -1.80986588E-02 -2.64646181E-02  0.00000000E+00  6.07218052E-02  6.50678162E-02
  5.00000000E-01  2.12934500E+00 -1.48591080E+00 -1.80122274E-02 -2.64849240E-02  0.00000000E+00  6.05472061E-02  6.48985564E-02
  5.00000000E-01  2.12958000E+00 -1.48658116E+00 -1.79256315E-02 -2.65052920E-02  0.00000000E+00  6.03719716E-02  6.47279210E-02
  5.00000000E-01  2.12981500E+00 -1.48724931E+00 -1.78388714E-02 -2.65257221E-02  0.00000000E+00  6.01960987E-02  6.45558994E-02
  5.00000000E-01  2.13005000E+00 -1.48791523E+00 -1.77519470E-02 -2.65462140E-02  0.00000000E+00  6.00195843E-02  6.43824805E-02
  5.00000000E-01  2.13028500E+00 -1.48857889E+00 -1.76648587E-02 -2.65667678E-02  0.00000000E+00  5.98424254E-02  6.42076534E-02
  5.00000000E-01  2.13052000E+00 -1.48924027E+00 -1.75776066E-02 -2.65873833E-02  0.00000000E+00  5.96646188E-02  6.40314068E-02
  5.00000000E-01  2.13075500E+00 -1.48989934E+00 -1.74901909E-02 -2.66080604E-02  0.00000000E+00  5.94861613E-02  6.38537296E-02
  5.00000000E-01  2.13099000E+00 -1.49055606E+00 -1.74026117E-02 -2.66287988E-02  0.00000000E+00  5.93070497E-02  6.36746102E-02
  5.00000000E-01  2.13122500E+00 -1.49121042E+00 -1.73148693E-02 -2.66495985E-02  0.00000000E+00  5.91272807E-02  6.34940370E-02
  5.00000000E-01  2.13146000E+00 -1.49186239E+00 -1.72269637E-02 -2.66704590E-02  0.00000000E+00  5.89468511E-02  6.33119981E-02
  5.00000000E-01  2.13169500E+00 -1.49251192E+00 -1.71388952E-02 -2.66913802E-02  0.00000000E+00  5.87657574E-02  6.31284818E-02
  5.00000000E-01  2.13193000E+00 -1.49315900E+00 -1.70506639E-02 -2.67123617E-02  0.00000000E+00  5.85839963E-02  6.29434758E-02
  5.00000000E-01  2.13216500E+00 -1.49380358E+00 -1.69622700E-02 -2.67334031E-02  0.00000000E+00  5.84015643E-02  6.27569679E-02
  5.00000000E-01  2.13240000E+00 -1.49444565E+00 -1.68737136E-02 -2.67545039E-02  0.00000000E+00  5.82184580E-02  6.25689458E-02
  5.00000000E-01  2.13263500E+00 -1.49508515E+00 -1.67849950E-02 -2.67756636E-02  0.00000000E+00  5.80346737E-02  6.23793968E-02
  5.00000000E-01  2.13287000E+00 -1.49572208E+00 -1.66961173E-02 -2.67969279E-02  0.00000000E+00  5.78502079E-02  6.21883082E-02
  5.00000000E-01  2.13310500E+00 -1.49635637E+00 -1.66070764E-02 -2.68182304E-02  0.00000000E+00  5.76650569E-02  6.19956670E-02
  5.00000000E-01  2.13334000E+00 -1.49698802E+00 -1.65178724E-02 -2.68395731E-02  0.00000000E+00  5.74792171E-02  6.18014602E-02
  5.00000000E-01  2.13357500E+00 -1.49761696E+00 -1.64285064E-02 -2.68609649E-02  0.00000000E+00  5.72926846E-02  6.16056745E-02
  5.00000000E-01  2.13381000E+00 -1.49824318E+00 -1.63389788E-02 -2.68824122E-02  0.00000000E+00  5.71054558E-02  6.14082965E-02
  5.00000000E-01  2.13404500E+00 -1.49886663E+00 -1.62492902E-02 -2.69039193E-02  0.00000000E+00  5.69175266E-02  6.12093125E-02
  5.00000000E-01  2.13428000E+00 -1.49948727E+00 -1.61594409E-02 -2.69254890E-02  0.00000000E+00  5.67288932E-02  6.10087089E-02
  5.00000000E-01  2.13451500E+00 -1.50010507E+00 -1.60694313E-02 -2.69471227E-02  0.00000000E+00  5.65395516E-02  6.08064716E-02
  5.00000000E-01  2.13475000E+00 -1.50071998E+00 -1.59792616E-02 -2.69688206E-02  0.00000000E+00  5.63494978E-02  6.06025865E-02
  5.00000000E-01  2.13498500E+00 -1.50133197E+00 -1.58889320E-02 -2.69905824E-02  0.00000000E+00  5.61587276E-02  6.03970392E-02
  5.00000000E-01  2.13522000E+00 -1.50194098E+00 -1.57984426E-02 -2.70124072E-02  0.00000000E+00  5.59672369E-02  6.01898152E-02
  5.00000000E-01  2.13545500E+00 -1.50254699E+00 -1.57077934E-02 -2.70342936E-02  0.00000000E+00  5.57750214E-02  5.99808999E-02
  5.00000000E-01  2.13569000E+00 -1.50314993E+00 -1.56169847E-02 -2.70562402E-02  0.00000000E+00  5.55820769E-02  5.97702783E-02
  5.00000000E-01  2.13592500E+00 -1.50374978E+00 -1.55260166E-02 -2.70782455E-02  0.00000000E+00  5.53883990E-02  5.95579353E-02
  5.00000000E-01  2.13616000E+00 -1.50434647E+00 -1.54348890E-02 -2.71003081E-02  0.00000000E+00  5.51939833E-02  5.93438556E-02
  5.00000000E-01  2.13639500E+00 -1.50493997E+00 -1.53436022E-02 -2.71224266E-02  0.00000000E+00  5.49988252E-02  5.91280238E-02
  5.00000000E-01  2.13663000E+00 -1.50553022E+00 -1.52521563E-02 -2.71445998E-02  0.00000000E+00  5.48029201E-02  5.89104243E-02
  5.00000000E-01  2.13686500E+00 -1.50611717E+00 -1.51605514E-02 -2.71668270E-02  0.00000000E+00  5.46062635E-02  5.86910410E-02
  5.00000000E-01  2.13710000E+00 -1.50670078E+00 -1.50687876E-02 -2.71891075E-02  0.00000000E+00  5.44088505E-02  5.84698580E-02
  5.00000000E-01  2.13733500E+00 -1.50728099E+00 -1.49768652E-02 -2.72114408E-02  0.00000000E+00  5.42106764E-02  5.82468589E-02
  5.00000000E-01  2.13757000E+00 -1.50785775E+00 -1.48847844E-02 -2.72338268E-02  0.00000000E+00  5.40117362E-02  5.80220274E-02
  5.00000000E-01  2.13780500E+00 -1.50843099E+00 -1.47925453E-02 -2.72562656E-02  0.00000000E+00  5.38120251E-02  5.77953466E-02
  5.00000000E-01  2.13804000E+00 -1.50900067E+00 -1.47001482E-02 -2.72787573E-02  0.00000000E+00  5.36115379E-02  5.75667998E-02
  5.00000000E-01  2.13827500E+00 -1.50956672E+00 -1.46075932E-02 -2.73013024E-02  0.00000000E+00  5.34102695E-02  5.73363697E-02
  5.00000000E-01  2.13851000E+00 -1.51012909E+00 -1.45148807E-02 -2.73239013E-02  0.00000000E+00  5.32082147E-02  5.71040391E-02
  5.00000000E-01  2.13874500E+00 -1.51068771E+00 -1.44220108E-02 -2.73465545E-02  0.00000000E+00  5.30053681E-02  5.68697905E-02
  5.00000000E-01  2.13898000E+00 -1.51124252E+00 -1.43289838E-02 -2.73692623E-02  0.00000000E+00  5.28017243E-02  5.66336060E-02
  5.00000000E-01  2.13921500E+00 -1.51179345E+00 -1.42357998E-02 -2.73920252E-02  0.00000000E+00  5.25972779E-02  5.63954678E-02
  5.00000000E-01  2.13945000E+00 -1.51234044E+00 -1.41424591E-02 -2.74148434E-02  0.00000000E+00  5.23920231E-02  5.61553577E-02
  5.00000000E-01  2.13968500E+00 -1.51288342E+00 -1.40489618E-02 -2.74377169E-02  0.00000000E+00  5.21859544E-02  5.59132572E-02
  5.00000000E-01  2.13992000E+00 -1.51342232E+00 -1.39553082E-02 -2.74606456E-02  0.00000000E+00  5.19790659E-02  5.56691478E-02
  5.00000000E-01  2.14015500E+00 -1.51395707E+00 -1.38614982E-02 -2.74836292E-02  0.00000000E+00  5.17713516E-02  5.54230105E-02
  5.00000000E-01  2.14039000E+00 -1.51448758E+00 -1.37675321E-02 -2.75066669E-02  0.00000000E+00  5.15628056E-02  5.51748264E-02
  5.00000000E-01  2.14062500E+00 -1.51501379E+00 -1.36734100E-02 -2.75297578E-02  0.00000000E+00  5.13534217E-02  5.49245761E-02
  5.00000000E-01  2.14086000E+00 -1.51553562E+00 -1.35791319E-02 -2.75529007E-02  0.00000000E+00  5.11431937E-02  5.46722402E-02
  5.00000000E-01  2.14109500E+00 -1.51605298E+00 -1.34846978E-02 -2.75760943E-02  0.00000000E+00  5.09321151E-02  5.44177989E-02
  5.00000000E-01  2.14133000E+00 -1.51656578E+00 -1.33901079E-02 -2.75993368E-02  0.00000000E+00  5.07201796E-02  5.41612323E-02
  5.00000000E-01  2.14156500E+00 -1.51707396E+00 -1.32953620E-02 -2.76226267E-02  0.00000000E+00  5.05073805E-02  5.39025201E-02
  5.00000000E-01  2.14180000E+00 -1.51757740E+00 -1.32004603E-02 -2.76459622E-02  0.00000000E+00  5.02937111E-02  5.36416420E-02
  5.00000000E-01  2.14203500E+00 -1.51807604E+00 -1.31054027E-02 -2.76693416E-02  0.00000000E+00  5.00791645E-02  5.33785773E-02
  5.00000000E-01  2.14227000E+00 -1.51856976E+00 -1.30101892E-02 -2.76927637E-02  0.00000000E+00  4.98637337E-02  5.31133052E-02
  5.00000000E-01  2.14250500E+00 -1.51905847E+00 -1.29148200E-02 -2.77162274E-02  0.00000000E+00  4.96474116E-02  5.28458045E-02
  5.00000000E-01  2.14274000E+00 -1.51954207E+00 -1.28192950E-02 -2.77397326E-02  0.00000000E+00  4.94301909E-02  5.25760540E-02
  5.00000000E-01  2.14297500E+00 -1.52002047E+00 -1.27236145E-02 -2.77632797E-02  0.00000000E+00  4.92120642E-02  5.23040322E-02
  5.00000000E-01  2.14321000E+00 -1.52049354E+00 -1.26277787E-02 -2.77868707E-02  0.00000000E+00  4.89930239E-02  5.20297172E-02
  5.00000000E-01  2.14344500E+00 -1.52096119E+00 -1.25317879E-02 -2.78105088E-02  0.00000000E+00  4.87730624E-02  5.17530871E-02
  5.00000000E-01  2.14368000E+00 -1.52142329E+00 -1.24356426E-02 -2.78341991E-02  0.00000000E+00  4.85521718E-02  5.14741197E-02
  5.00000000E-01  2.14391500E+00 -1.52187974E+00 -1.23393433E-02 -2.78579491E-02  0.00000000E+00  4.83303440E-02  5.11927925E-02
  5.00000000E-01  2.14415000E+00 -1.52233041E+00 -1.22428909E-02 -2.78817690E-02  0.00000000E+00  4.81075708E-02  5.09090830E-02
  5.00000000E-01  2.14438500E+00 -1.52277518E+00 -1.21462864E-02 -2.79056721E-02  0.00000000E+00  4.78838440E-02  5.06229682E-02
  5.00000000E-01  2.14462000E+00 -1.52321391E+00 -1.20495312E-02 -2.79296756E-02  0.00000000E+00  4.76591549E-02  5.03344250E-02
  5.00000000E-01  2.14485500E+00 -1.52364648E+00 -1.19526267E-02 -2.79538011E-02  0.00000000E+00  4.74334949E-02  5.00434303E-02
  5.00000000E-01  2.14509000E+00 -1.52407273E+00 -1.18555030E-02 -2.79772124E-02  0.00000000E+00  4.72068548E-02  4.97499607E-02
  5.00000000E-01  2.14532500E+00 -1.52449254E+00 -1.17581779E-02 -2.80000911E-02  0.00000000E+00  4.69792258E-02  4.94539923E-02
  5.00000000E-01  2.14556000E+00 -1.52490577E+00 -1.16607665E-02 -2.80238219E-02  0.00000000E+00  4.67505989E-02  4.91555008E-02
  5.00000000E-01  2.14579500E+00 -1.52531225E+00 -1.15632410E-02 -2.80480855E-02  0.00000000E+00  4.65209646E-02  4.88544623E-02
  5.00000000E-01  2.14603000E+00 -1.52571183E+00 -1.14655803E-02 -2.80726411E-02  0.00000000E+00  4.62903129E-02  4.85508528E-02
  5.00000000E-01  2.14626500E+00 -1.52610434E+00 -1.13677695E-02 -2.80973140E-02  0.00000000E+00  4.60586340E-02  4.82446478E-02
  5.00000000E-01  2.14650000E+00 -1.52648960E+00 -1.12697982E-02 -2.81219841E-02  0.00000000E+00  4.58259176E-02  4.79358229E-02
  5.00000000E-01  2.14673500E+00 -1.52686745E+00 -1.11716598E-02 -2.81465755E-02  0.00000000E+00  4.55921535E-02  4.76243532E-02
  5.00000000E-01  2.14697000E+00 -1.52723770E+00 -1.10733509E-02 -2.81710475E-02  0.00000000E+00  4.53573312E-02  4.73102137E-02
  5.00000000E-01  2.14720500E+00 -1.52760016E+00 -1.09748704E-02 -2.81953868E-02  0.00000000E+00  4.51214398E-02  4.69933793E-02
  5.00000000E-01  2.14744000E+00 -1.52795465E+00 -1.08762189E-02 -2.82196002E-02  0.00000000E+00  4.48844683E-02  4.66738247E-02
  5.00000000E-01  2.14767500E+00 -1.52830094E+00 -1.07773980E-02 -2.82437085E-02  0.00000000E+00  4.46464056E-02  4.63515244E-02
  5.00000000E-01  2.14791000E+00 -1.52863885E+00 -1.06784101E-02 -2.82677415E-02  0.00000000E+00  4.44072401E-02  4.60264528E-02
  5.00000000E-01  2.14814500E+00 -1.52896814E+00 -1.05792580E-02 -2.82917335E-02  0.00000000E+00  4.41669601E-02  4.56985844E-02
  5.00000000E-01  2.14838000E+00 -1.52928860E+00 -1.04799444E-02 -2.83157194E-02  0.00000000E+00  4.39255534E-02  4.53678933E-02
  5.00000000E-01  2.14861500E+00 -1.52959998E+00 -1.03804716E-02 -2.83397325E-02  0.00000000E+00  4.36830079E-02  4.50343537E-02
  5.00000000E-01  2.14885000E+00 -1.52990204E+00 -1.02808417E-02 -2.83638018E-02  0.00000000E+00  4.34393108E-02  4.46979398E-02
  5.00000000E-01  2.14908500E+00 -1.53019453E+00 -1.01810561E-02 -2.83879506E-02  0.00000000E+00  4.31944491E-02  4.43586256E-02
  5.00000000E-01  2.14932000E+00 -1.53047717E+00 -1.00811156E-02 -2.84121953E-02  0.00000000E+00  4.29484097E-02  4.40163851E-02
  5.00000000E-01  2.14955500E+00 -1.53074969E+00 -9.98102008E-03 -2.84365451E-02  0.00000000E+00  4.27011790E-02  4.36711924E-02
  5.00000000E-01  2.14979000E+00 -1.53101180E+00 -9.88076900E-03 -2.84610017E-02  0.00000000E+00  4.24527430E-02  4.33230216E-02
  5.00000000E-01  2.15002500E+00 -1.53126321E+00 -9.78036097E-03 -2.84855599E-02  0.00000000E+00  4.22030875E-02  4.29718468E-02
  5.00000000E-01  2.15026000E+00 -1.53150358E+00 -9.67979405E-03 -2.85102080E-02  0.00000000E+00  4.19521978E-02  4.26176421E-02
  5.00000000E-01  2.15049500E+00 -1.53173261E+00 -9.57906576E-03 -2.85349287E-02  0.00000000E+00  4.17000591E-02  4.22603818E-02
  5.00000000E-01  2.15073000E+00 -1.53194994E+00 -9.47817322E-03 -2.85597003E-02  0.00000000E+00  4.14466559E-02  4.19000401E-02
  5.00000000E-01  2.15096500E+00 -1.53215523E+00 -9.37711325E-03 -2.85844982E-02  0.00000000E+00  4.11919725E-02  4.15365916E-02
  5.00000000E-01  2.15120000E+00 -1.53234809E+00 -9.27588248E-03 -2.86092961E-02  0.00000000E+00  4.09359929E-02  4.11700109E-02
  5.00000000E-01  2.15143500E+00 -1.53252814E+00 -9.17447752E-03 -2.86340674E-02  0.00000000E+00  4.06787003E-02  4.08002728E-02
  5.00000000E-01  2.15167000E+00 -1.53269498E+00 -9.07289509E-03 -2.86587871E-02  0.00000000E+00  4.04200780E-02  4.04273526E-02
  5.00000000E-01  2.15190500E+00 -1.53284817E+00 -8.97113209E-03 -2.86834329E-02  0.00000000E+00  4.01601084E-02  4.00512254E-02
  5.00000000E-01  2.15214000E+00 -1.53298729E+00 -8.86918577E-03 -2.87079864E-02  0.00000000E+00  3.98987737E-02  3.96718671E-02
  5.00000000E-01  2.15237500E+00 -1.53311185E+00 -8.76705379E-03 -2.87324346E-02  0.00000000E+00  3.96360556E-02  3.92892538E-02
  5.00000000E-01  2.15261000E+00 -1.53322138E+00 -8.66473429E-03 -2.87567707E-02  0.00000000E+00  3.93719351E-02  3.89033620E-02
  5.00000000E-01  2.15284500E+00 -1.53331537E+00 -8.56222596E-03 -2.87809946E-02  0.00000000E+00  3.91063929E-02  3.85141687E-02
  5.00000000E-01  2.15308000E+00 -1.53339328E+00 -8.45952800E-03 -2.88051135E-02  0.00000000E+00  3.88394092E-02  3.81216516E-02
  5.00000000E-01  2.15331500E+00 -1.53345455E+00 -8.35664017E-03 -2.88291417E-02  0.00000000E+00  3.85709633E-02  3.77257888E-02
  5.00000000E-01  2.15355000E+00 -1.53349860E+00 -8.25356262E-03 -2.88530999E-02  0.00000000E+00  3.83010342E-02  3.73265593E-02
  5.00000000E-01  2.15378500E+00 -1.53352479E+00 -8.15029586E-03 -2.88770147E-02  0.00000000E+00  3.80296001E-02  3.69239428E-02
  5.00000000E-01  2.15402000E+00 -1.53353249E+00 -8.04684052E-03 -2.89009164E-02  0.00000000E+00  3.77566386E-02  3.65179199E-02
  5.00000000E-01  2.15425500E+00 -1.53352101E+00 -7.94319717E-03 -2.89248374E-02  0.00000000E+00  3.74821266E-02  3.61084722E-02
  5.00000000E-01  2.15449000E+00 -1.53348962E+00 -7.83936598E-03 -2.89488091E-02  0.00000000E+00  3.72060403E-02  3.56955824E-02
  5.00000000E-01  2.15472500E+00 -1.53343757E+00 -7.73534638E-03 -2.89728583E-02  0.00000000E+00  3.69283549E-02  3.52792342E-02
  5.00000000E-01  2.15496000E+00 -1.53336405E+00 -7.63113663E-03 -2.89970030E-02  0.00000000E+00  3.66490450E-02  3.48594127E-02
  5.00000000E-01  2.15519500E+00 -1.53326822E+00 -7.52673325E-03 -2.90212472E-02  0.00000000E+00  3.63680843E-02  3.44361044E-02
  5.00000000E-01  2.15543000E+00 -1.53314918E+00 -7.42213051E-03 -2.90455748E-02  0.00000000E+00  3.60854453E-02  3.40092975E-02
  5.00000000E-01  2.15566500E+00 -1.53300599E+00 -7.31731962E-03 -2.90699427E-02  0.00000000E+00  3.58010999E-02  3.35789815E-02
  5.00000000E-01  2.15590000E+00 -1.53283767E+00 -7.21228805E-03 -2.90942726E-02  0.00000000E+00  3.55150187E-02  3.31451480E-02
  5.00000000E-01  2.15613500E+00 -1.53264314E+00 -7.10701857E-03 -2.91184424E-02  0.00000000E+00  3.52271713E-02  3.27077906E-02
  5.00000000E-01  2.15637000E+00 -1.53242130E+00 -7.00148829E-03 -2.91422753E-02  0.00000000E+00  3.49375259E-02  3.22669048E-02
  5.00000000E-01  2.15660500E+00 -1.53217098E+00 -6.89566755E-03 -2.91655294E-02  0.00000000E+00  3.46460499E-02  3.18224887E-02
  5.00000000E-01  2.15684000E+00 -1.53189093E+00 -6.78951870E-03 -2.91878845E-02  0.00000000E+00  3.43527090E-02  3.13745425E-02
  5.00000000E-01  2.15707500E+00 -1.53157983E+00 -6.68299474E-03 -2.92089283E-02  0.00000000E+00  3.40574676E-02  3.09230695E-02
  5.00000000E-01  2.15731000E+00 -1.53123628E+00 -6.57603791E-03 -2.92281416E-02  0.00000000E+00  3.37602887E-02  3.04680755E-02
  5.00000000E-01  2.15754500E+00 -1.53081531E+00 -6.46923023E-03 -2.92502430E-02  0.00000000E+00  3.34544483E-02  3.00097927E-02
  5.00000000E-01  2.15778000E+00 -1.53030124E+00 -6.36392954E-03 -2.92872086E-02  0.00000000E+00  3.31377576E-02  2.95481336E-02
  5.00000000E-01  2.15801500E+00 -1.52988867E+00 -6.25726515E-03 -2.93156966E-02  0.00000000E+00  3.28403730E-02  2.90821892E-02
  5.00000000E-01  2.15825000E+00 -1.52949910E+00 -6.14963358E-03 -2.93386359E-02  0.00000000E+00  3.25504552E-02  2.86125587E-02
  5.00000000E-01  2.15848500E+00 -1.52907841E+00 -6.04133336E-03 -2.93582786E-02  0.00000000E+00  3.22598998E-02  2.81396315E-02
  5.00000000E-01  2.15872000E+00 -1.52859196E+00 -5.93258053E-03 -2.93763029E-02  0.00000000E+00  3.19636060E-02  2.76636340E-02
  5.00000000E-01  2.15895500E+00 -1.52802035E+00 -5.82352270E-03 -2.93939064E-02  0.00000000E+00  3.16588295E-02  2.71846717E-02
  5.00000000E-01  2.15919000E+00 -1.52735565E+00 -5.71425155E-03 -2.94118907E-02  0.00000000E+00  3.13446156E-02  2.67027641E-02
  5.00000000E-01  2.15942500E+00 -1.52659819E+00 -5.60481402E-03 -2.94307365E-02  0.00000000E+00  3.10213059E-02  2.62178762E-02
  5.00000000E-01  2.15966000E+00 -1.52575374E+00 -5.49522214E-03 -2.94506712E-02  0.00000000E+00  3.06901168E-02  2.57299441E-02
  5.00000000E-01  2.15989500E+00 -1.52483118E+00 -5.38546168E-03 -2.94717279E-02  0.00000000E+00  3.03527835E-02  2.52388970E-02
  5.00000000E-01  2.16013000E+00 -1.52384058E+00 -5.27549955E-03 -2.94937977E-02  0.00000000E+00  3.00112656E-02  2.47446742E-02
  5.00000000E-01  2.16036500E+00 -1.52279165E+00 -5.16529015E-03 -2.95166739E-02  0.00000000E+00  2.96675099E-02  2.42472391E-02
  5.00000000E-01  2.16060000E+00 -1.52169249E+00 -5.05478068E-03 -2.95400907E-02  0.00000000E+00  2.93232660E-02  2.37465890E-02
  5.00000000E-01  2.16083500E+00 -1.52054875E+00 -4.94391547E-03 -2.95637545E-02  0.00000000E+00  2.89799496E-02  2.32427626E-02
  5.00000000E-01  2.16107000E+00 -1.51936303E+00 -4.83263944E-03 -2.95873707E-02  0.00000000E+00  2.86385504E-02  2.27358438E-02
  5.00000000E-01  2.16130500E+00 -1.51813447E+00 -4.72090069E-03 -2.96106639E-02  0.00000000E+00  2.82995781E-02  2.22259632E-02
  5.00000000E-01  2.16154000E+00 -1.51685872E+00 -4.60865244E-03 -2.96333936E-02  0.00000000E+00  2.79630440E-02  2.17132982E-02
  5.00000000E-01  2.16177500E+00 -1.51552797E+00 -4.49585418E-03 -2.96553659E-02  0.00000000E+00  2.76284728E-02  2.11980697E-02
  5.00000000E-01  2.16201000E+00 -1.51413121E+00 -4.38247224E-03 -2.96764400E-02  0.00000000E+00  2.72949396E-02  2.06805388E-02
  5.00000000E-01  2.16224500E+00 -1.51265464E+00 -4.26847987E-03 -2.96965319E-02  0.00000000E+00  2.69611293E-02  2.01610013E-02
  5.00000000E-01  2.16248000E+00 -1.51108212E+00 -4.15385681E-03 -2.97156141E-02  0.00000000E+00  2.66254118E-02  1.96397816E-02
  5.00000000E-01  2.16271500E+00 -1.50939577E+00 -4.03858843E-03 -2.97337131E-02  0.00000000E+00  2.62859306E-02  1.91172260E-02
  5.00000000E-01  2.16295000E+00 -1.50757658E+00 -3.92266457E-03 -2.97509040E-02  0.00000000E+00  2.59406984E-02  1.85936956E-02
  5.00000000E-01  2.16318500E+00 -1.50560506E+00 -3.80607817E-03 -2.97673030E-02  0.00000000E+00  2.55876969E-02  1.80695594E-02
  5.00000000E-01  2.16342000E+00 -1.50346183E+00 -3.68882359E-03 -2.97830586E-02  0.00000000E+00  2.52249750E-02  1.75451881E-02
  5.00000000E-01  2.16365500E+00 -1.50112822E+00 -3.57089493E-03 -2.97983412E-02  0.00000000E+00  2.48507424E-02  1.70209474E-02
  5.00000000E-01  2.16389000E+00 -1.49858676E+00 -3.45228425E-03 -2.98133325E-02  0.00000000E+00  2.44634522E-02  1.64971940E-02
  5.00000000E-01  2.16412500E+00 -1.49582160E+00 -3.33297976E-03 -2.98282140E-02  0.00000000E+00  2.40618698E-02  1.59742717E-02
  5.00000000E-01  2.16436000E+00 -1.49281874E+00 -3.21296421E-03 -2.98431554E-02  0.00000000E+00  2.36451228E-02  1.54525094E-02
  5.00000000E-01  2.16459500E+00 -1.48956619E+00 -3.09221334E-03 -2.98583044E-02  0.00000000E+00  2.32127270E-02  1.49322214E-02
  5.00000000E-01  2.16483000E+00 -1.48605380E+00 -2.97069464E-03 -2.98737762E-02  0.00000000E+00  2.27645857E-02  1.44137099E-02
  5.00000000E-01  2.16506500E+00 -1.48227301E+00 -2.84836634E-03 -2.98896453E-02  0.00000000E+00  2.23009554E-02  1.38972698E-02
  5.00000000E-01  2.16530000E+00 -1.47821626E+00 -2.72517681E-03 -2.99059383E-02  0.00000000E+00  2.18223756E-02  1.33831969E-02
  5.00000000E-01  2.16553500E+00 -1.47387610E+00 -2.60106441E-03 -2.99226293E-02  0.00000000E+00  2.13295572E-02  1.28717991E-02
  5.00000000E-01  2.16577000E+00 -1.46924409E+00 -2.47595785E-03 -2.99396376E-02  0.00000000E+00  2.08232249E-02  1.23634111E-02
  5.00000000E-01  2.16600500E+00 -1.46430921E+00 -2.34977708E-03 -2.99568287E-02  0.00000000E+00  2.03039095E-02  1.18584132E-02
  5.00000000E-01  2.16624000E+00 -1.45905602E+00 -2.22243489E-03 -2.99740182E-02  0.00000000E+00  1.97716861E-02  1.13572546E-02
  5.00000000E-01  2.16647500E+00 -1.45346234E+00 -2.09383925E-03 -2.99909799E-02  0.00000000E+00  1.92258524E-02  1.08604803E-02
  5.00000000E-01  2.16671000E+00 -1.44749653E+00 -1.96389634E-03 -3.00074581E-02  0.00000000E+00  1.86645434E-02  1.03687640E-02
  5.00000000E-01  2.16694500E+00 -1.44111431E+00 -1.83251458E-03 -3.00231843E-02  0.00000000E+00  1.80842791E-02  9.88294555E-03
  5.00000000E-01  2.16718000E+00 -1.43425503E+00 -1.69960945E-03 -3.00378994E-02  0.00000000E+00  1.74794383E-02  9.40407399E-03
  5.00000000E-01  2.16741500E+00 -1.42683749E+00 -1.56510945E-03 -3.00513809E-02  0.00000000E+00  1.68416563E-02  8.93345653E-03
  5.00000000E-01  2.16765000E+00 -1.41875515E+00 -1.42896303E-03 -3.00634762E-02  0.00000000E+00  1.61591407E-02  8.47271366E-03
  5.00000000E-01  2.16788500E+00 -1.40987079E+00 -1.29114670E-03 -3.00741427E-02  0.00000000E+00  1.54159013E-02  8.02384073E-03
  5.00000000E-01  2.16812000E+00 -1.40001051E+00 -1.15167440E-03 -3.00834937E-02  0.00000000E+00  1.45908898E-02  7.58927629E-03
  5.00000000E-01  2.16835500E+00 -1.38895712E+00 -1.01060803E-03 -3.00918522E-02  0.00000000E+00  1.36570442E-02  7.17197763E-03
  5.00000000E-01  2.16859000E+00 -1.37644287E+00 -8.68069497E-04 -3.00998120E-02  0.00000000E+00  1.25802346E-02  6.77550370E-03
  5.00000000E-01  2.16882500E+00 -1.36214141E+00 -7.24254035E-04 -3.01083071E-02  0.00000000E+00  1.13181039E-02  6.40410583E-03
  5.00000000E-01  2.16906000E+00 -1.34565908E+00 -5.79445124E-04 -3.01186887E-02  0.00000000E+00  9.81880139E-03  6.06282648E-03
  5.00000000E-01  2.16929500E+00 -1.32652539E+00 -4.34030922E-04 -3.01328122E-02  0.00000000E+00  8.01960303E-03  5.75760650E-03
  5.00000000E-01  2.16953000E+00 -1.30418270E+00 -2.88522344E-04 -3.01531326E-02  0.00000000E+00  5.84541448E-03  5.49540101E-03
  5.00000000E-01  2.16976500E+00 -1.27797516E+00 -1.43572850E-04 -3.01828098E-02  0.00000000E+00  3.20715247E-03  5.28430440E-03
  5.00000000E-01  2.17000000E+00 -1.24713664E+00  1.08532770E-13 -3.02258240E-02  0.00000000E+00  2.20021588E-13  5.13368467E-03
