               X               Y            VELX            VELY            PRES            TEMP            PS 1            PS 2  1.00000000E+01
 -9.40000000E-01  5.00000000E-01  1.38842867E-01 -4.11427046E-01  1.14702445E+00  0.00000000E+00  4.94910930E-03  2.52344193E-02
 -9.38120000E-01  5.00000000E-01  1.48152542E-01 -4.25389362E-01  1.14752488E+00  0.00000000E+00  5.82286334E-03  2.59185930E-02
 -9.36240000E-01  5.00000000E-01  1.57344294E-01 -4.38598536E-01  1.14793110E+00  0.00000000E+00  6.61875405E-03  2.66188144E-02
 -9.34360000E-01  5.00000000E-01  1.66458201E-01 -4.51073076E-01  1.14842161E+00  0.00000000E+00  7.35613574E-03  2.73315410E-02
 -9.32480000E-01  5.00000000E-01  1.75412457E-01 -4.62863413E-01  1.14874648E+00  0.00000000E+00  8.04776713E-03  2.80533076E-02
 -9.30600000E-01  5.00000000E-01  1.84303260E-01 -4.73977804E-01  1.14928593E+00  0.00000000E+00  8.70320449E-03  2.87817906E-02
 -9.28720000E-01  5.00000000E-01  1.92969526E-01 -4.84492332E-01  1.14943323E+00  0.00000000E+00  9.33078198E-03  2.95131431E-02
 -9.26840000E-01  5.00000000E-01  2.01575977E-01 -4.94430079E-01  1.14981837E+00  0.00000000E+00  9.93688139E-03  3.02436402E-02
 -9.24960000E-01  5.00000000E-01  2.10068061E-01 -5.03830782E-01  1.15020621E+00  0.00000000E+00  1.05231018E-02  3.09760152E-02
 -9.23080000E-01  5.00000000E-01  2.18391223E-01 -5.12734176E-01  1.15036162E+00  0.00000000E+00  1.10910423E-02  3.17130013E-02
 -9.21200000E-01  5.00000000E-01  2.26507943E-01 -5.20830886E-01  1.15041068E+00  0.00000000E+00  1.16400305E-02  3.24547340E-02
 -9.19320000E-01  5.00000000E-01  2.34485032E-01 -5.28112918E-01  1.15069564E+00  0.00000000E+00  1.21806533E-02  3.31862714E-02
 -9.17440000E-01  5.00000000E-01  2.42338489E-01 -5.35018235E-01  1.15093561E+00  0.00000000E+00  1.27194806E-02  3.39048741E-02
 -9.15560000E-01  5.00000000E-01  2.50070847E-01 -5.41557646E-01  1.15113223E+00  0.00000000E+00  1.32565958E-02  3.46106439E-02
 -9.13680000E-01  5.00000000E-01  2.57684641E-01 -5.47741958E-01  1.15128714E+00  0.00000000E+00  1.37920821E-02  3.53036831E-02
 -9.11800000E-01  5.00000000E-01  2.65182405E-01 -5.53581981E-01  1.15140197E+00  0.00000000E+00  1.43260231E-02  3.59840936E-02
 -9.09920000E-01  5.00000000E-01  2.72566673E-01 -5.59088521E-01  1.15147838E+00  0.00000000E+00  1.48585018E-02  3.66519775E-02
 -9.08040000E-01  5.00000000E-01  2.79839980E-01 -5.64272388E-01  1.15151800E+00  0.00000000E+00  1.53896018E-02  3.73074368E-02
 -9.06160000E-01  5.00000000E-01  2.87004860E-01 -5.69144390E-01  1.15152247E+00  0.00000000E+00  1.59194063E-02  3.79505737E-02
 -9.04280000E-01  5.00000000E-01  2.94063847E-01 -5.73715335E-01  1.15149344E+00  0.00000000E+00  1.64479987E-02  3.85814902E-02
 -9.02400000E-01  5.00000000E-01  3.01019475E-01 -5.77996031E-01  1.15143254E+00  0.00000000E+00  1.69754623E-02  3.92002882E-02
 -9.00520000E-01  5.00000000E-01  3.07874279E-01 -5.81997286E-01  1.15134141E+00  0.00000000E+00  1.75018803E-02  3.98070700E-02
 -8.98640000E-01  5.00000000E-01  3.14630793E-01 -5.85729909E-01  1.15122169E+00  0.00000000E+00  1.80273363E-02  4.04019375E-02
 -8.96760000E-01  5.00000000E-01  3.21291551E-01 -5.89204708E-01  1.15107503E+00  0.00000000E+00  1.85519134E-02  4.09849928E-02
 -8.94880000E-01  5.00000000E-01  3.27859088E-01 -5.92432491E-01  1.15090307E+00  0.00000000E+00  1.90756950E-02  4.15563380E-02
 -8.93000000E-01  5.00000000E-01  3.34335938E-01 -5.95424067E-01  1.15070744E+00  0.00000000E+00  1.95987645E-02  4.21160751E-02
 -8.91120000E-01  5.00000000E-01  3.40724635E-01 -5.98190243E-01  1.15048979E+00  0.00000000E+00  2.01212051E-02  4.26643062E-02
 -8.89240000E-01  5.00000000E-01  3.47027714E-01 -6.00741828E-01  1.15025176E+00  0.00000000E+00  2.06431002E-02  4.32011333E-02
 -8.87360000E-01  5.00000000E-01  3.53247708E-01 -6.03089631E-01  1.14999499E+00  0.00000000E+00  2.11645332E-02  4.37266585E-02
 -8.85480000E-01  5.00000000E-01  3.59387152E-01 -6.05244459E-01  1.14972111E+00  0.00000000E+00  2.16855874E-02  4.42409838E-02
 -8.83600000E-01  5.00000000E-01  3.65448580E-01 -6.07217120E-01  1.14943178E+00  0.00000000E+00  2.22063460E-02  4.47442114E-02
 -8.81720000E-01  5.00000000E-01  3.71434528E-01 -6.09018423E-01  1.14912862E+00  0.00000000E+00  2.27268925E-02  4.52364432E-02
 -8.79840000E-01  5.00000000E-01  3.77347528E-01 -6.10659177E-01  1.14881329E+00  0.00000000E+00  2.32473101E-02  4.57177813E-02
 -8.77960000E-01  5.00000000E-01  3.83190115E-01 -6.12150189E-01  1.14848742E+00  0.00000000E+00  2.37676822E-02  4.61883278E-02
 -8.76080000E-01  5.00000000E-01  3.88964824E-01 -6.13502267E-01  1.14815265E+00  0.00000000E+00  2.42880921E-02  4.66481848E-02
 -8.74200000E-01  5.00000000E-01  3.94694080E-01 -6.14780440E-01  1.14768047E+00  0.00000000E+00  2.48073513E-02  4.70979614E-02
 -8.72320000E-01  5.00000000E-01  4.00365970E-01 -6.15945706E-01  1.14718753E+00  0.00000000E+00  2.53253096E-02  4.75389932E-02
 -8.70440000E-01  5.00000000E-01  4.05980536E-01 -6.16998071E-01  1.14668219E+00  0.00000000E+00  2.58419367E-02  4.79715132E-02
 -8.68560000E-01  5.00000000E-01  4.11539061E-01 -6.17941199E-01  1.14616374E+00  0.00000000E+00  2.63571575E-02  4.83957341E-02
 -8.66680000E-01  5.00000000E-01  4.17042828E-01 -6.18778754E-01  1.14563149E+00  0.00000000E+00  2.68708967E-02  4.88118691E-02
 -8.64800000E-01  5.00000000E-01  4.22493121E-01 -6.19514400E-01  1.14508474E+00  0.00000000E+00  2.73830791E-02  4.92201311E-02
 -8.62920000E-01  5.00000000E-01  4.27891223E-01 -6.20151800E-01  1.14452279E+00  0.00000000E+00  2.78936292E-02  4.96207329E-02
 -8.61040000E-01  5.00000000E-01  4.33238417E-01 -6.20694617E-01  1.14394494E+00  0.00000000E+00  2.84024720E-02  5.00138877E-02
 -8.59160000E-01  5.00000000E-01  4.38535986E-01 -6.21146515E-01  1.14335050E+00  0.00000000E+00  2.89095321E-02  5.03998083E-02
 -8.57280000E-01  5.00000000E-01  4.43785213E-01 -6.21511157E-01  1.14273876E+00  0.00000000E+00  2.94147343E-02  5.07787076E-02
 -8.55400000E-01  5.00000000E-01  4.48987382E-01 -6.21792207E-01  1.14210902E+00  0.00000000E+00  2.99180033E-02  5.11507988E-02
 -8.53520000E-01  5.00000000E-01  4.54143775E-01 -6.21993329E-01  1.14146060E+00  0.00000000E+00  3.04192638E-02  5.15162946E-02
 -8.51640000E-01  5.00000000E-01  4.59255676E-01 -6.22118186E-01  1.14079278E+00  0.00000000E+00  3.09184406E-02  5.18754081E-02
 -8.49760000E-01  5.00000000E-01  4.64324369E-01 -6.22170441E-01  1.14010488E+00  0.00000000E+00  3.14154585E-02  5.22283522E-02
 -8.47880000E-01  5.00000000E-01  4.69351135E-01 -6.22153759E-01  1.13939619E+00  0.00000000E+00  3.19102421E-02  5.25753399E-02
 -8.46000000E-01  5.00000000E-01  4.74337259E-01 -6.22071801E-01  1.13866602E+00  0.00000000E+00  3.24027162E-02  5.29165842E-02
 -8.44120000E-01  5.00000000E-01  4.79284024E-01 -6.21928233E-01  1.13791366E+00  0.00000000E+00  3.28928055E-02  5.32522979E-02
 -8.42240000E-01  5.00000000E-01  4.84192712E-01 -6.21726718E-01  1.13713842E+00  0.00000000E+00  3.33804349E-02  5.35826941E-02
 -8.40360000E-01  5.00000000E-01  4.89064607E-01 -6.21470918E-01  1.13633960E+00  0.00000000E+00  3.38655289E-02  5.39079857E-02
 -8.38480000E-01  5.00000000E-01  4.93900993E-01 -6.21164498E-01  1.13551650E+00  0.00000000E+00  3.43480124E-02  5.42283857E-02
 -8.36600000E-01  5.00000000E-01  4.98703152E-01 -6.20811121E-01  1.13466842E+00  0.00000000E+00  3.48278101E-02  5.45441070E-02
 -8.34720000E-01  5.00000000E-01  5.03472367E-01 -6.20414450E-01  1.13379467E+00  0.00000000E+00  3.53048467E-02  5.48553626E-02
 -8.32840000E-01  5.00000000E-01  5.08209922E-01 -6.19978150E-01  1.13289454E+00  0.00000000E+00  3.57790470E-02  5.51623655E-02
 -8.30960000E-01  5.00000000E-01  5.12917100E-01 -6.19505883E-01  1.13196734E+00  0.00000000E+00  3.62503357E-02  5.54653285E-02
 -8.29080000E-01  5.00000000E-01  5.17585033E-01 -6.18972743E-01  1.13105086E+00  0.00000000E+00  3.67188689E-02  5.57638761E-02
 -8.27200000E-01  5.00000000E-01  5.22208755E-01 -6.18364597E-01  1.13016381E+00  0.00000000E+00  3.71847193E-02  5.60578901E-02
 -8.25320000E-01  5.00000000E-01  5.26802528E-01 -6.17721338E-01  1.12925275E+00  0.00000000E+00  3.76475502E-02  5.63482870E-02
 -8.23440000E-01  5.00000000E-01  5.31366669E-01 -6.17043625E-01  1.12831849E+00  0.00000000E+00  3.81073487E-02  5.66351459E-02
 -8.21560000E-01  5.00000000E-01  5.35901491E-01 -6.16332116E-01  1.12736185E+00  0.00000000E+00  3.85641017E-02  5.69185458E-02
 -8.19680000E-01  5.00000000E-01  5.40407310E-01 -6.15587468E-01  1.12638366E+00  0.00000000E+00  3.90177963E-02  5.71985658E-02
 -8.17800000E-01  5.00000000E-01  5.44884440E-01 -6.14810341E-01  1.12538473E+00  0.00000000E+00  3.94684195E-02  5.74752848E-02
 -8.15920000E-01  5.00000000E-01  5.49333196E-01 -6.14001392E-01  1.12436589E+00  0.00000000E+00  3.99159583E-02  5.77487820E-02
 -8.14040000E-01  5.00000000E-01  5.53753892E-01 -6.13161280E-01  1.12332797E+00  0.00000000E+00  4.03603998E-02  5.80191363E-02
 -8.12160000E-01  5.00000000E-01  5.58146844E-01 -6.12290662E-01  1.12227177E+00  0.00000000E+00  4.08017308E-02  5.82864269E-02
 -8.10280000E-01  5.00000000E-01  5.62512365E-01 -6.11390196E-01  1.12119812E+00  0.00000000E+00  4.12399385E-02  5.85507327E-02
 -8.08400000E-01  5.00000000E-01  5.66850771E-01 -6.10460541E-01  1.12010785E+00  0.00000000E+00  4.16750098E-02  5.88121328E-02
 -8.06520000E-01  5.00000000E-01  5.71162377E-01 -6.09502355E-01  1.11900178E+00  0.00000000E+00  4.21069318E-02  5.90707062E-02
 -8.04640000E-01  5.00000000E-01  5.75447496E-01 -6.08516296E-01  1.11788072E+00  0.00000000E+00  4.25356914E-02  5.93265319E-02
 -8.02760000E-01  5.00000000E-01  5.79706445E-01 -6.07503021E-01  1.11674549E+00  0.00000000E+00  4.29612757E-02  5.95796891E-02
 -8.00880000E-01  5.00000000E-01  5.83939536E-01 -6.06463190E-01  1.11559693E+00  0.00000000E+00  4.33836718E-02  5.98302567E-02
 -7.99000000E-01  5.00000000E-01  5.88147086E-01 -6.05397459E-01  1.11443584E+00  0.00000000E+00  4.38028665E-02  6.00783138E-02
 -7.97120000E-01  5.00000000E-01  5.92329408E-01 -6.04306488E-01  1.11326306E+00  0.00000000E+00  4.42188469E-02  6.03239394E-02
 -7.95240000E-01  5.00000000E-01  5.96486818E-01 -6.03190934E-01  1.11207940E+00  0.00000000E+00  4.46316001E-02  6.05672126E-02
 -7.93360000E-01  5.00000000E-01  6.00619630E-01 -6.02051456E-01  1.11088568E+00  0.00000000E+00  4.50411130E-02  6.08082123E-02
 -7.91480000E-01  5.00000000E-01  6.04728159E-01 -6.00888711E-01  1.10968272E+00  0.00000000E+00  4.54473727E-02  6.10470177E-02
 -7.89600000E-01  5.00000000E-01  6.08812719E-01 -5.99703358E-01  1.10847136E+00  0.00000000E+00  4.58503661E-02  6.12837078E-02
 -7.87720000E-01  5.00000000E-01  6.12873625E-01 -5.98496055E-01  1.10725239E+00  0.00000000E+00  4.62500803E-02  6.15183616E-02
 -7.85840000E-01  5.00000000E-01  6.16911193E-01 -5.97267459E-01  1.10602666E+00  0.00000000E+00  4.66465023E-02  6.17510582E-02
 -7.83960000E-01  5.00000000E-01  6.20925736E-01 -5.96018230E-01  1.10479498E+00  0.00000000E+00  4.70396191E-02  6.19818765E-02
 -7.82080000E-01  5.00000000E-01  6.24920509E-01 -5.94762476E-01  1.10349791E+00  0.00000000E+00  4.74295479E-02  6.22104565E-02
 -7.80200000E-01  5.00000000E-01  6.28893335E-01 -5.93489789E-01  1.10218665E+00  0.00000000E+00  4.78161999E-02  6.24371899E-02
 -7.78320000E-01  5.00000000E-01  6.32844078E-01 -5.92199032E-01  1.10086835E+00  0.00000000E+00  4.81995666E-02  6.26621631E-02
 -7.76440000E-01  5.00000000E-01  6.36772962E-01 -5.90890710E-01  1.09954266E+00  0.00000000E+00  4.85796539E-02  6.28854098E-02
 -7.74560000E-01  5.00000000E-01  6.40680212E-01 -5.89565329E-01  1.09820923E+00  0.00000000E+00  4.89564682E-02  6.31069637E-02
 -7.72680000E-01  5.00000000E-01  6.44566052E-01 -5.88223395E-01  1.09686773E+00  0.00000000E+00  4.93300155E-02  6.33268585E-02
 -7.70800000E-01  5.00000000E-01  6.48430706E-01 -5.86865413E-01  1.09551780E+00  0.00000000E+00  4.97003020E-02  6.35451279E-02
 -7.68920000E-01  5.00000000E-01  6.52274399E-01 -5.85491890E-01  1.09415910E+00  0.00000000E+00  5.00673339E-02  6.37618057E-02
 -7.67040000E-01  5.00000000E-01  6.56097356E-01 -5.84103332E-01  1.09279128E+00  0.00000000E+00  5.04311173E-02  6.39769256E-02
 -7.65160000E-01  5.00000000E-01  6.59899802E-01 -5.82700244E-01  1.09141400E+00  0.00000000E+00  5.07916585E-02  6.41905213E-02
 -7.63280000E-01  5.00000000E-01  6.63681960E-01 -5.81283132E-01  1.09002691E+00  0.00000000E+00  5.11489634E-02  6.44026264E-02
 -7.61400000E-01  5.00000000E-01  6.67444056E-01 -5.79852503E-01  1.08862967E+00  0.00000000E+00  5.15030384E-02  6.46132747E-02
 -7.59520000E-01  5.00000000E-01  6.71186313E-01 -5.78408862E-01  1.08722193E+00  0.00000000E+00  5.18538895E-02  6.48225000E-02
 -7.57640000E-01  5.00000000E-01  6.74908957E-01 -5.76952715E-01  1.08580335E+00  0.00000000E+00  5.22015230E-02  6.50303359E-02
 -7.55760000E-01  5.00000000E-01  6.78612211E-01 -5.75484568E-01  1.08437358E+00  0.00000000E+00  5.25459449E-02  6.52368162E-02
 -7.53880000E-01  5.00000000E-01  6.82296301E-01 -5.74004927E-01  1.08293227E+00  0.00000000E+00  5.28871615E-02  6.54419745E-02
 -7.52000000E-01  5.00000000E-01  6.85961452E-01 -5.72514298E-01  1.08147908E+00  0.00000000E+00  5.32251789E-02  6.56458446E-02
 -7.50120000E-01  5.00000000E-01  6.89607886E-01 -5.71013187E-01  1.08001366E+00  0.00000000E+00  5.35600032E-02  6.58484602E-02
 -7.48240000E-01  5.00000000E-01  6.93235830E-01 -5.69502100E-01  1.07853567E+00  0.00000000E+00  5.38916407E-02  6.60498550E-02
 -7.46360000E-01  5.00000000E-01  6.96845507E-01 -5.67981541E-01  1.07704477E+00  0.00000000E+00  5.42200974E-02  6.62500626E-02
 -7.44480000E-01  5.00000000E-01  7.00437142E-01 -5.66452019E-01  1.07554060E+00  0.00000000E+00  5.45453796E-02  6.64491170E-02
 -7.42600000E-01  5.00000000E-01  7.04010961E-01 -5.64914038E-01  1.07402282E+00  0.00000000E+00  5.48674933E-02  6.66470516E-02
 -7.40720000E-01  5.00000000E-01  7.07567186E-01 -5.63368104E-01  1.07249109E+00  0.00000000E+00  5.51864448E-02  6.68439004E-02
 -7.38840000E-01  5.00000000E-01  7.11106043E-01 -5.61814723E-01  1.07094506E+00  0.00000000E+00  5.55022402E-02  6.70396969E-02
 -7.36960000E-01  5.00000000E-01  7.14625885E-01 -5.60249862E-01  1.06940336E+00  0.00000000E+00  5.58149271E-02  6.72343869E-02
 -7.35080000E-01  5.00000000E-01  7.18125356E-01 -5.58670152E-01  1.06788083E+00  0.00000000E+00  5.61245513E-02  6.74279234E-02
 -7.33200000E-01  5.00000000E-01  7.21607718E-01 -5.57083437E-01  1.06634541E+00  0.00000000E+00  5.64310577E-02  6.76204713E-02
 -7.31320000E-01  5.00000000E-01  7.25073049E-01 -5.55489844E-01  1.06479760E+00  0.00000000E+00  5.67344606E-02  6.78120460E-02
 -7.29440000E-01  5.00000000E-01  7.28521430E-01 -5.53889497E-01  1.06323790E+00  0.00000000E+00  5.70347741E-02  6.80026630E-02
 -7.27560000E-01  5.00000000E-01  7.31952938E-01 -5.52282523E-01  1.06166679E+00  0.00000000E+00  5.73320125E-02  6.81923378E-02
 -7.25680000E-01  5.00000000E-01  7.35367652E-01 -5.50669048E-01  1.06008478E+00  0.00000000E+00  5.76261899E-02  6.83810860E-02
 -7.23800000E-01  5.00000000E-01  7.38765650E-01 -5.49049196E-01  1.05849236E+00  0.00000000E+00  5.79173205E-02  6.85689229E-02
 -7.21920000E-01  5.00000000E-01  7.42147012E-01 -5.47423095E-01  1.05689004E+00  0.00000000E+00  5.82054185E-02  6.87558641E-02
 -7.20040000E-01  5.00000000E-01  7.45511815E-01 -5.45790869E-01  1.05527830E+00  0.00000000E+00  5.84904981E-02  6.89419251E-02
 -7.18160000E-01  5.00000000E-01  7.48860139E-01 -5.44152644E-01  1.05365765E+00  0.00000000E+00  5.87725736E-02  6.91271214E-02
 -7.16280000E-01  5.00000000E-01  7.52192062E-01 -5.42508547E-01  1.05202858E+00  0.00000000E+00  5.90516591E-02  6.93114684E-02
 -7.14400000E-01  5.00000000E-01  7.55507663E-01 -5.40858702E-01  1.05039158E+00  0.00000000E+00  5.93277687E-02  6.94949818E-02
 -7.12520000E-01  5.00000000E-01  7.58807021E-01 -5.39203236E-01  1.04874716E+00  0.00000000E+00  5.96009168E-02  6.96776769E-02
 -7.10640000E-01  5.00000000E-01  7.62090213E-01 -5.37542275E-01  1.04709581E+00  0.00000000E+00  5.98711175E-02  6.98595693E-02
 -7.08760000E-01  5.00000000E-01  7.65357320E-01 -5.35875943E-01  1.04543803E+00  0.00000000E+00  6.01383850E-02  7.00406744E-02
 -7.06880000E-01  5.00000000E-01  7.68608418E-01 -5.34204367E-01  1.04377431E+00  0.00000000E+00  6.04027335E-02  7.02210079E-02
 -7.05000000E-01  5.00000000E-01  7.71843588E-01 -5.32527673E-01  1.04210516E+00  0.00000000E+00  6.06641772E-02  7.04005851E-02
 -7.03120000E-01  5.00000000E-01  7.75062907E-01 -5.30845986E-01  1.04043106E+00  0.00000000E+00  6.09227302E-02  7.05794215E-02
 -7.01240000E-01  5.00000000E-01  7.78266455E-01 -5.29159433E-01  1.03875252E+00  0.00000000E+00  6.11784069E-02  7.07575327E-02
 -6.99360000E-01  5.00000000E-01  7.81454309E-01 -5.27468138E-01  1.03707003E+00  0.00000000E+00  6.14312213E-02  7.09349341E-02
 -6.97480000E-01  5.00000000E-01  7.84626549E-01 -5.25772227E-01  1.03538409E+00  0.00000000E+00  6.16811878E-02  7.11116413E-02
 -6.95600000E-01  5.00000000E-01  7.87783254E-01 -5.24071827E-01  1.03369519E+00  0.00000000E+00  6.19283204E-02  7.12876697E-02
 -6.93720000E-01  5.00000000E-01  7.90924501E-01 -5.22367063E-01  1.03200384E+00  0.00000000E+00  6.21726333E-02  7.14630349E-02
 -6.91840000E-01  5.00000000E-01  7.94050370E-01 -5.20658061E-01  1.03031052E+00  0.00000000E+00  6.24141409E-02  7.16377523E-02
 -6.89960000E-01  5.00000000E-01  7.97162500E-01 -5.18948863E-01  1.02858242E+00  0.00000000E+00  6.26528578E-02  7.18117751E-02
 -6.88080000E-01  5.00000000E-01  8.00259761E-01 -5.17236662E-01  1.02684581E+00  0.00000000E+00  6.28887999E-02  7.19851617E-02
 -6.86200000E-01  5.00000000E-01  8.03341950E-01 -5.15520893E-01  1.02510666E+00  0.00000000E+00  6.31219831E-02  7.21579318E-02
 -6.84320000E-01  5.00000000E-01  8.06409151E-01 -5.13801702E-01  1.02336481E+00  0.00000000E+00  6.33524230E-02  7.23300940E-02
 -6.82440000E-01  5.00000000E-01  8.09461448E-01 -5.12079233E-01  1.02162007E+00  0.00000000E+00  6.35801353E-02  7.25016569E-02
 -6.80560000E-01  5.00000000E-01  8.12498927E-01 -5.10353633E-01  1.01987228E+00  0.00000000E+00  6.38051356E-02  7.26726289E-02
 -6.78680000E-01  5.00000000E-01  8.15521671E-01 -5.08625046E-01  1.01812125E+00  0.00000000E+00  6.40274397E-02  7.28430187E-02
 -6.76800000E-01  5.00000000E-01  8.18529765E-01 -5.06893619E-01  1.01636681E+00  0.00000000E+00  6.42470632E-02  7.30128347E-02
 -6.74920000E-01  5.00000000E-01  8.21523293E-01 -5.05159497E-01  1.01460880E+00  0.00000000E+00  6.44640219E-02  7.31820854E-02
 -6.73040000E-01  5.00000000E-01  8.24502340E-01 -5.03422826E-01  1.01284703E+00  0.00000000E+00  6.46783313E-02  7.33507795E-02
 -6.71160000E-01  5.00000000E-01  8.27466990E-01 -5.01683751E-01  1.01108134E+00  0.00000000E+00  6.48900073E-02  7.35189255E-02
 -6.69280000E-01  5.00000000E-01  8.30417327E-01 -4.99942417E-01  1.00931154E+00  0.00000000E+00  6.50990654E-02  7.36865318E-02
 -6.67400000E-01  5.00000000E-01  8.33353436E-01 -4.98198971E-01  1.00753746E+00  0.00000000E+00  6.53055215E-02  7.38536071E-02
 -6.65520000E-01  5.00000000E-01  8.36275401E-01 -4.96453557E-01  1.00575893E+00  0.00000000E+00  6.55093910E-02  7.40201598E-02
 -6.63640000E-01  5.00000000E-01  8.39183307E-01 -4.94706321E-01  1.00397578E+00  0.00000000E+00  6.57106898E-02  7.41861984E-02
 -6.61760000E-01  5.00000000E-01  8.42077237E-01 -4.92957409E-01  1.00218783E+00  0.00000000E+00  6.59094336E-02  7.43517316E-02
 -6.59880000E-01  5.00000000E-01  8.44957277E-01 -4.91206966E-01  1.00039490E+00  0.00000000E+00  6.61056379E-02  7.45167679E-02
 -6.58000000E-01  5.00000000E-01  8.47823510E-01 -4.89455138E-01  9.98596827E-01  0.00000000E+00  6.62993186E-02  7.46813158E-02
 -6.56120000E-01  5.00000000E-01  8.50676022E-01 -4.87702071E-01  9.96793430E-01  0.00000000E+00  6.64904912E-02  7.48453837E-02
 -6.54240000E-01  5.00000000E-01  8.53514896E-01 -4.85947909E-01  9.94984537E-01  0.00000000E+00  6.66791715E-02  7.50089804E-02
 -6.52360000E-01  5.00000000E-01  8.56340217E-01 -4.84192799E-01  9.93169974E-01  0.00000000E+00  6.68653751E-02  7.51721142E-02
 -6.50480000E-01  5.00000000E-01  8.59152069E-01 -4.82436885E-01  9.91349566E-01  0.00000000E+00  6.70491178E-02  7.53347938E-02
 -6.48600000E-01  5.00000000E-01  8.61950537E-01 -4.80680314E-01  9.89523139E-01  0.00000000E+00  6.72304152E-02  7.54970276E-02
 -6.46720000E-01  5.00000000E-01  8.64735705E-01 -4.78923231E-01  9.87690519E-01  0.00000000E+00  6.74092831E-02  7.56588242E-02
 -6.44840000E-01  5.00000000E-01  8.67507020E-01 -4.77164613E-01  9.85861000E-01  0.00000000E+00  6.75857393E-02  7.58201756E-02
 -6.42960000E-01  5.00000000E-01  8.70263789E-01 -4.75403184E-01  9.84045771E-01  0.00000000E+00  6.77598030E-02  7.59810700E-02
 -6.41080000E-01  5.00000000E-01  8.73007385E-01 -4.73641447E-01  9.82225244E-01  0.00000000E+00  6.79314853E-02  7.61415472E-02
 -6.39200000E-01  5.00000000E-01  8.75737844E-01 -4.71879446E-01  9.80399723E-01  0.00000000E+00  6.81008022E-02  7.63016120E-02
 -6.37320000E-01  5.00000000E-01  8.78455207E-01 -4.70117228E-01  9.78569515E-01  0.00000000E+00  6.82677694E-02  7.64612693E-02
 -6.35440000E-01  5.00000000E-01  8.81159509E-01 -4.68354839E-01  9.76734927E-01  0.00000000E+00  6.84324029E-02  7.66205238E-02
 -6.33560000E-01  5.00000000E-01  8.83850790E-01 -4.66592324E-01  9.74896264E-01  0.00000000E+00  6.85947185E-02  7.67793804E-02
 -6.31680000E-01  5.00000000E-01  8.86529087E-01 -4.64829730E-01  9.73053833E-01  0.00000000E+00  6.87547320E-02  7.69378438E-02
 -6.29800000E-01  5.00000000E-01  8.89194439E-01 -4.63067102E-01  9.71207939E-01  0.00000000E+00  6.89124593E-02  7.70959190E-02
 -6.27920000E-01  5.00000000E-01  8.91846884E-01 -4.61304486E-01  9.69358890E-01  0.00000000E+00  6.90679162E-02  7.72536107E-02
 -6.26040000E-01  5.00000000E-01  8.94486459E-01 -4.59541929E-01  9.67506990E-01  0.00000000E+00  6.92211186E-02  7.74109238E-02
 -6.24160000E-01  5.00000000E-01  8.97113202E-01 -4.57779475E-01  9.65652546E-01  0.00000000E+00  6.93720824E-02  7.75678630E-02
 -6.22280000E-01  5.00000000E-01  8.99727153E-01 -4.56017172E-01  9.63795865E-01  0.00000000E+00  6.95208233E-02  7.77244332E-02
 -6.20400000E-01  5.00000000E-01  9.02328348E-01 -4.54255064E-01  9.61937252E-01  0.00000000E+00  6.96673573E-02  7.78806391E-02
 -6.18520000E-01  5.00000000E-01  9.04916826E-01 -4.52493198E-01  9.60077014E-01  0.00000000E+00  6.98117002E-02  7.80364857E-02
 -6.16640000E-01  5.00000000E-01  9.07492624E-01 -4.50731620E-01  9.58215456E-01  0.00000000E+00  6.99538679E-02  7.81919776E-02
 -6.14760000E-01  5.00000000E-01  9.10055781E-01 -4.48970375E-01  9.56352886E-01  0.00000000E+00  7.00938762E-02  7.83471199E-02
 -6.12880000E-01  5.00000000E-01  9.12606336E-01 -4.47209509E-01  9.54489608E-01  0.00000000E+00  7.02317409E-02  7.85019171E-02
 -6.11000000E-01  5.00000000E-01  9.15144325E-01 -4.45449069E-01  9.52625929E-01  0.00000000E+00  7.03674779E-02  7.86563742E-02
 -6.09120000E-01  5.00000000E-01  9.17669787E-01 -4.43689100E-01  9.50762155E-01  0.00000000E+00  7.05011031E-02  7.88104960E-02
 -6.07240000E-01  5.00000000E-01  9.20182760E-01 -4.41929648E-01  9.48898593E-01  0.00000000E+00  7.06326323E-02  7.89642873E-02
 -6.05360000E-01  5.00000000E-01  9.22683282E-01 -4.40170759E-01  9.47035549E-01  0.00000000E+00  7.07620813E-02  7.91177530E-02
 -6.03480000E-01  5.00000000E-01  9.25171391E-01 -4.38412479E-01  9.45173328E-01  0.00000000E+00  7.08894661E-02  7.92708977E-02
 -6.01600000E-01  5.00000000E-01  9.27647125E-01 -4.36654853E-01  9.43312236E-01  0.00000000E+00  7.10148025E-02  7.94237264E-02
 -5.99720000E-01  5.00000000E-01  9.30110523E-01 -4.34897929E-01  9.41452581E-01  0.00000000E+00  7.11381062E-02  7.95762438E-02
 -5.97840000E-01  5.00000000E-01  9.32562409E-01 -4.33142989E-01  9.39576984E-01  0.00000000E+00  7.12593789E-02  7.97284380E-02
 -5.95960000E-01  5.00000000E-01  9.35002270E-01 -4.31389247E-01  9.37698155E-01  0.00000000E+00  7.13786463E-02  7.98803251E-02
 -5.94080000E-01  5.00000000E-01  9.37429958E-01 -4.29636450E-01  9.35820465E-01  0.00000000E+00  7.14959266E-02  8.00319125E-02
 -5.92200000E-01  5.00000000E-01  9.39845519E-01 -4.27884653E-01  9.33943838E-01  0.00000000E+00  7.16112346E-02  8.01832030E-02
 -5.90320000E-01  5.00000000E-01  9.42249003E-01 -4.26133912E-01  9.32068203E-01  0.00000000E+00  7.17245849E-02  8.03341998E-02
 -5.88440000E-01  5.00000000E-01  9.44640456E-01 -4.24384280E-01  9.30193484E-01  0.00000000E+00  7.18359922E-02  8.04849058E-02
 -5.86560000E-01  5.00000000E-01  9.47019928E-01 -4.22635813E-01  9.28319609E-01  0.00000000E+00  7.19454710E-02  8.06353239E-02
 -5.84680000E-01  5.00000000E-01  9.49387465E-01 -4.20888566E-01  9.26446504E-01  0.00000000E+00  7.20530361E-02  8.07854572E-02
 -5.82800000E-01  5.00000000E-01  9.51743116E-01 -4.19142593E-01  9.24574094E-01  0.00000000E+00  7.21587022E-02  8.09353087E-02
 -5.80920000E-01  5.00000000E-01  9.54086929E-01 -4.17397949E-01  9.22702307E-01  0.00000000E+00  7.22624837E-02  8.10848813E-02
 -5.79040000E-01  5.00000000E-01  9.56418953E-01 -4.15654689E-01  9.20831069E-01  0.00000000E+00  7.23643955E-02  8.12341781E-02
 -5.77160000E-01  5.00000000E-01  9.58739233E-01 -4.13912868E-01  9.18960305E-01  0.00000000E+00  7.24644522E-02  8.13832020E-02
 -5.75280000E-01  5.00000000E-01  9.61047820E-01 -4.12172539E-01  9.17089943E-01  0.00000000E+00  7.25626684E-02  8.15319560E-02
 -5.73400000E-01  5.00000000E-01  9.63344761E-01 -4.10433759E-01  9.15219908E-01  0.00000000E+00  7.26590588E-02  8.16804432E-02
 -5.71520000E-01  5.00000000E-01  9.65630103E-01 -4.08696582E-01  9.13350127E-01  0.00000000E+00  7.27536380E-02  8.18286664E-02
 -5.69640000E-01  5.00000000E-01  9.67903896E-01 -4.06961062E-01  9.11480526E-01  0.00000000E+00  7.28464207E-02  8.19766287E-02
 -5.67760000E-01  5.00000000E-01  9.70166185E-01 -4.05227255E-01  9.09611032E-01  0.00000000E+00  7.29374215E-02  8.21243331E-02
 -5.65880000E-01  5.00000000E-01  9.72417021E-01 -4.03495215E-01  9.07741570E-01  0.00000000E+00  7.30266552E-02  8.22717826E-02
 -5.64000000E-01  5.00000000E-01  9.74656451E-01 -4.01764997E-01  9.05872068E-01  0.00000000E+00  7.31141362E-02  8.24189801E-02
 -5.62120000E-01  5.00000000E-01  9.76884522E-01 -4.00036656E-01  9.04002451E-01  0.00000000E+00  7.31998794E-02  8.25659287E-02
 -5.60240000E-01  5.00000000E-01  9.79101283E-01 -3.98310246E-01  9.02132645E-01  0.00000000E+00  7.32838993E-02  8.27126313E-02
 -5.58360000E-01  5.00000000E-01  9.81306781E-01 -3.96585823E-01  9.00262577E-01  0.00000000E+00  7.33662106E-02  8.28590909E-02
 -5.56480000E-01  5.00000000E-01  9.83501066E-01 -3.94863440E-01  8.98392174E-01  0.00000000E+00  7.34468280E-02  8.30053106E-02
 -5.54600000E-01  5.00000000E-01  9.85684184E-01 -3.93143154E-01  8.96521361E-01  0.00000000E+00  7.35257661E-02  8.31512932E-02
 -5.52720000E-01  5.00000000E-01  9.87855934E-01 -3.91424646E-01  8.94654430E-01  0.00000000E+00  7.36030345E-02  8.32970374E-02
 -5.50840000E-01  5.00000000E-01  9.90015932E-01 -3.89707335E-01  8.92798875E-01  0.00000000E+00  7.36786396E-02  8.34425386E-02
 -5.48960000E-01  5.00000000E-01  9.92164854E-01 -3.87992220E-01  8.90943468E-01  0.00000000E+00  7.37526078E-02  8.35878106E-02
 -5.47080000E-01  5.00000000E-01  9.94302729E-01 -3.86279317E-01  8.89088391E-01  0.00000000E+00  7.38249525E-02  8.37328553E-02
 -5.45200000E-01  5.00000000E-01  9.96429587E-01 -3.84568645E-01  8.87233823E-01  0.00000000E+00  7.38956868E-02  8.38776745E-02
 -5.43320000E-01  5.00000000E-01  9.98545455E-01 -3.82860221E-01  8.85379947E-01  0.00000000E+00  7.39648239E-02  8.40222700E-02
 -5.41440000E-01  5.00000000E-01  1.00065036E+00 -3.81154064E-01  8.83526943E-01  0.00000000E+00  7.40323769E-02  8.41666437E-02
 -5.39560000E-01  5.00000000E-01  1.00274434E+00 -3.79450191E-01  8.81674992E-01  0.00000000E+00  7.40983589E-02  8.43107974E-02
 -5.37680000E-01  5.00000000E-01  1.00482742E+00 -3.77748620E-01  8.79824274E-01  0.00000000E+00  7.41627833E-02  8.44547329E-02
 -5.35800000E-01  5.00000000E-01  1.00689962E+00 -3.76049369E-01  8.77974971E-01  0.00000000E+00  7.42256630E-02  8.45984520E-02
 -5.33920000E-01  5.00000000E-01  1.00896098E+00 -3.74352455E-01  8.76127263E-01  0.00000000E+00  7.42870113E-02  8.47419567E-02
 -5.32040000E-01  5.00000000E-01  1.01101153E+00 -3.72657896E-01  8.74281331E-01  0.00000000E+00  7.43468414E-02  8.48852486E-02
 -5.30160000E-01  5.00000000E-01  1.01305128E+00 -3.70965711E-01  8.72437356E-01  0.00000000E+00  7.44051664E-02  8.50283297E-02
 -5.28280000E-01  5.00000000E-01  1.01508029E+00 -3.69275916E-01  8.70595519E-01  0.00000000E+00  7.44619995E-02  8.51712017E-02
 -5.26400000E-01  5.00000000E-01  1.01709856E+00 -3.67588530E-01  8.68756001E-01  0.00000000E+00  7.45173538E-02  8.53138665E-02
 -5.24520000E-01  5.00000000E-01  1.01910614E+00 -3.65903571E-01  8.66918983E-01  0.00000000E+00  7.45712426E-02  8.54563260E-02
 -5.22640000E-01  5.00000000E-01  1.02110304E+00 -3.64221056E-01  8.65084645E-01  0.00000000E+00  7.46236789E-02  8.55985819E-02
 -5.20760000E-01  5.00000000E-01  1.02308930E+00 -3.62541003E-01  8.63253168E-01  0.00000000E+00  7.46746760E-02  8.57406360E-02
 -5.18880000E-01  5.00000000E-01  1.02506496E+00 -3.60863429E-01  8.61424734E-01  0.00000000E+00  7.47242470E-02  8.58824903E-02
 -5.17000000E-01  5.00000000E-01  1.02703002E+00 -3.59188354E-01  8.59599523E-01  0.00000000E+00  7.47724051E-02  8.60241465E-02
 -5.15120000E-01  5.00000000E-01  1.02898454E+00 -3.57515794E-01  8.57777715E-01  0.00000000E+00  7.48191634E-02  8.61656064E-02
 -5.13240000E-01  5.00000000E-01  1.03092853E+00 -3.55845767E-01  8.55959492E-01  0.00000000E+00  7.48645351E-02  8.63068719E-02
 -5.11360000E-01  5.00000000E-01  1.03286202E+00 -3.54178291E-01  8.54145035E-01  0.00000000E+00  7.49085334E-02  8.64479449E-02
 -5.09480000E-01  5.00000000E-01  1.03478505E+00 -3.52513384E-01  8.52334524E-01  0.00000000E+00  7.49511715E-02  8.65888271E-02
 -5.07600000E-01  5.00000000E-01  1.03669764E+00 -3.50851063E-01  8.50528141E-01  0.00000000E+00  7.49924624E-02  8.67295203E-02
 -5.05720000E-01  5.00000000E-01  1.03860018E+00 -3.49191761E-01  8.48717173E-01  0.00000000E+00  7.50324017E-02  8.68700201E-02
 -5.03840000E-01  5.00000000E-01  1.04049249E+00 -3.47535255E-01  8.46907333E-01  0.00000000E+00  7.50710135E-02  8.70103323E-02
 -5.01960000E-01  5.00000000E-01  1.04237447E+00 -3.45881432E-01  8.45101495E-01  0.00000000E+00  7.51083151E-02  8.71504603E-02
 -5.00080000E-01  5.00000000E-01  1.04424616E+00 -3.44230312E-01  8.43299633E-01  0.00000000E+00  7.51443181E-02  8.72904051E-02
 -4.98200000E-01  5.00000000E-01  1.04610760E+00 -3.42581914E-01  8.41501721E-01  0.00000000E+00  7.51790337E-02  8.74301680E-02
 -4.96320000E-01  5.00000000E-01  1.04795881E+00 -3.40936256E-01  8.39707733E-01  0.00000000E+00  7.52124735E-02  8.75697501E-02
 -4.94440000E-01  5.00000000E-01  1.04979984E+00 -3.39293358E-01  8.37917641E-01  0.00000000E+00  7.52446487E-02  8.77091525E-02
 -4.92560000E-01  5.00000000E-01  1.05163072E+00 -3.37653238E-01  8.36131421E-01  0.00000000E+00  7.52755708E-02  8.78483764E-02
 -4.90680000E-01  5.00000000E-01  1.05345149E+00 -3.36015916E-01  8.34349044E-01  0.00000000E+00  7.53052511E-02  8.79874230E-02
 -4.88800000E-01  5.00000000E-01  1.05526217E+00 -3.34381410E-01  8.32570485E-01  0.00000000E+00  7.53337012E-02  8.81262934E-02
 -4.86920000E-01  5.00000000E-01  1.05706281E+00 -3.32749740E-01  8.30795717E-01  0.00000000E+00  7.53609323E-02  8.82649889E-02
 -4.85040000E-01  5.00000000E-01  1.05885344E+00 -3.31120924E-01  8.29024714E-01  0.00000000E+00  7.53869559E-02  8.84035104E-02
 -4.83160000E-01  5.00000000E-01  1.06063409E+00 -3.29494983E-01  8.27257450E-01  0.00000000E+00  7.54117833E-02  8.85418593E-02
 -4.81280000E-01  5.00000000E-01  1.06240480E+00 -3.27871933E-01  8.25493898E-01  0.00000000E+00  7.54354260E-02  8.86800366E-02
 -4.79400000E-01  5.00000000E-01  1.06416561E+00 -3.26251796E-01  8.23734031E-01  0.00000000E+00  7.54578954E-02  8.88180435E-02
 -4.77520000E-01  5.00000000E-01  1.06591654E+00 -3.24634589E-01  8.21977823E-01  0.00000000E+00  7.54792029E-02  8.89558811E-02
 -4.75640000E-01  5.00000000E-01  1.06765764E+00 -3.23020331E-01  8.20225248E-01  0.00000000E+00  7.54993598E-02  8.90935508E-02
 -4.73760000E-01  5.00000000E-01  1.06938894E+00 -3.21409042E-01  8.18476280E-01  0.00000000E+00  7.55183775E-02  8.92310534E-02
 -4.71880000E-01  5.00000000E-01  1.07111047E+00 -3.19800741E-01  8.16730891E-01  0.00000000E+00  7.55362675E-02  8.93683904E-02
 -4.70000000E-01  5.00000000E-01  1.07282227E+00 -3.18195446E-01  8.14989056E-01  0.00000000E+00  7.55530412E-02  8.95055627E-02
 -4.68120000E-01  5.00000000E-01  1.07452438E+00 -3.16593177E-01  8.13250748E-01  0.00000000E+00  7.55687099E-02  8.96425716E-02
 -4.66240000E-01  5.00000000E-01  1.07621682E+00 -3.14993953E-01  8.11515941E-01  0.00000000E+00  7.55832850E-02  8.97794182E-02
 -4.64360000E-01  5.00000000E-01  1.07789964E+00 -3.13397792E-01  8.09784608E-01  0.00000000E+00  7.55967780E-02  8.99161037E-02
 -4.62480000E-01  5.00000000E-01  1.07957286E+00 -3.11804714E-01  8.08056722E-01  0.00000000E+00  7.56092002E-02  9.00526291E-02
 -4.60600000E-01  5.00000000E-01  1.08123643E+00 -3.10214605E-01  8.06334128E-01  0.00000000E+00  7.56205577E-02  9.01889944E-02
 -4.58720000E-01  5.00000000E-01  1.08289013E+00 -3.08627163E-01  8.04621435E-01  0.00000000E+00  7.56308490E-02  9.03251973E-02
 -4.56840000E-01  5.00000000E-01  1.08453431E+00 -3.07042843E-01  8.02912518E-01  0.00000000E+00  7.56401023E-02  9.04612435E-02
 -4.54960000E-01  5.00000000E-01  1.08616901E+00 -3.05461645E-01  8.01207478E-01  0.00000000E+00  7.56483273E-02  9.05971335E-02
 -4.53080000E-01  5.00000000E-01  1.08779425E+00 -3.03883572E-01  7.99506415E-01  0.00000000E+00  7.56555336E-02  9.07328682E-02
 -4.51200000E-01  5.00000000E-01  1.08941005E+00 -3.02308626E-01  7.97809430E-01  0.00000000E+00  7.56617308E-02  9.08684483E-02
 -4.49320000E-01  5.00000000E-01  1.09101645E+00 -3.00736809E-01  7.96116624E-01  0.00000000E+00  7.56669286E-02  9.10038744E-02
 -4.47440000E-01  5.00000000E-01  1.09261347E+00 -2.99168124E-01  7.94428097E-01  0.00000000E+00  7.56711367E-02  9.11391473E-02
 -4.45560000E-01  5.00000000E-01  1.09420113E+00 -2.97602572E-01  7.92743950E-01  0.00000000E+00  7.56743647E-02  9.12742677E-02
 -4.43680000E-01  5.00000000E-01  1.09577946E+00 -2.96040155E-01  7.91064283E-01  0.00000000E+00  7.56766222E-02  9.14092362E-02
 -4.41800000E-01  5.00000000E-01  1.09734848E+00 -2.94480877E-01  7.89389197E-01  0.00000000E+00  7.56779190E-02  9.15440537E-02
 -4.39920000E-01  5.00000000E-01  1.09890823E+00 -2.92924738E-01  7.87718793E-01  0.00000000E+00  7.56782645E-02  9.16787207E-02
 -4.38040000E-01  5.00000000E-01  1.10045873E+00 -2.91371741E-01  7.86053171E-01  0.00000000E+00  7.56776686E-02  9.18132381E-02
 -4.36160000E-01  5.00000000E-01  1.10199999E+00 -2.89821888E-01  7.84392433E-01  0.00000000E+00  7.56761407E-02  9.19476065E-02
 -4.34280000E-01  5.00000000E-01  1.10353206E+00 -2.88275181E-01  7.82736678E-01  0.00000000E+00  7.56736907E-02  9.20818266E-02
 -4.32400000E-01  5.00000000E-01  1.10505495E+00 -2.86731623E-01  7.81086007E-01  0.00000000E+00  7.56703281E-02  9.22158992E-02
 -4.30520000E-01  5.00000000E-01  1.10656870E+00 -2.85191215E-01  7.79440522E-01  0.00000000E+00  7.56660625E-02  9.23498249E-02
 -4.28640000E-01  5.00000000E-01  1.10807332E+00 -2.83653960E-01  7.77800322E-01  0.00000000E+00  7.56609037E-02  9.24836045E-02
 -4.26760000E-01  5.00000000E-01  1.10956884E+00 -2.82119860E-01  7.76165508E-01  0.00000000E+00  7.56548612E-02  9.26172387E-02
 -4.24880000E-01  5.00000000E-01  1.11105529E+00 -2.80588916E-01  7.74536181E-01  0.00000000E+00  7.56479448E-02  9.27507282E-02
 -4.23000000E-01  5.00000000E-01  1.11253270E+00 -2.79061132E-01  7.72912442E-01  0.00000000E+00  7.56401640E-02  9.28840736E-02
 -4.21120000E-01  5.00000000E-01  1.11400108E+00 -2.77536508E-01  7.71294391E-01  0.00000000E+00  7.56315286E-02  9.30172758E-02
 -4.19240000E-01  5.00000000E-01  1.11546048E+00 -2.76015048E-01  7.69682129E-01  0.00000000E+00  7.56220481E-02  9.31503353E-02
 -4.17360000E-01  5.00000000E-01  1.11691090E+00 -2.74496754E-01  7.68075756E-01  0.00000000E+00  7.56117321E-02  9.32832530E-02
 -4.15480000E-01  5.00000000E-01  1.11835239E+00 -2.72981627E-01  7.66475374E-01  0.00000000E+00  7.56005905E-02  9.34160296E-02
 -4.13600000E-01  5.00000000E-01  1.11978511E+00 -2.71469810E-01  7.64876757E-01  0.00000000E+00  7.55886165E-02  9.35486632E-02
 -4.11720000E-01  5.00000000E-01  1.12120901E+00 -2.69961241E-01  7.63282322E-01  0.00000000E+00  7.55758289E-02  9.36811560E-02
 -4.09840000E-01  5.00000000E-01  1.12262405E+00 -2.68455865E-01  7.61693837E-01  0.00000000E+00  7.55622424E-02  9.38135095E-02
 -4.07960000E-01  5.00000000E-01  1.12403028E+00 -2.66953683E-01  7.60111294E-01  0.00000000E+00  7.55478649E-02  9.39457241E-02
 -4.06080000E-01  5.00000000E-01  1.12542771E+00 -2.65454696E-01  7.58534681E-01  0.00000000E+00  7.55327045E-02  9.40778003E-02
 -4.04200000E-01  5.00000000E-01  1.12681636E+00 -2.63958905E-01  7.56963988E-01  0.00000000E+00  7.55167691E-02  9.42097384E-02
 -4.02320000E-01  5.00000000E-01  1.12819628E+00 -2.62466311E-01  7.55399207E-01  0.00000000E+00  7.55000667E-02  9.43415389E-02
 -4.00440000E-01  5.00000000E-01  1.12956749E+00 -2.60976913E-01  7.53840325E-01  0.00000000E+00  7.54826052E-02  9.44732023E-02
 -3.98560000E-01  5.00000000E-01  1.13093001E+00 -2.59490714E-01  7.52287335E-01  0.00000000E+00  7.54643926E-02  9.46047290E-02
 -3.96680000E-01  5.00000000E-01  1.13228388E+00 -2.58007714E-01  7.50740224E-01  0.00000000E+00  7.54454369E-02  9.47361193E-02
 -3.94800000E-01  5.00000000E-01  1.13362912E+00 -2.56527914E-01  7.49198984E-01  0.00000000E+00  7.54257459E-02  9.48673739E-02
 -3.92920000E-01  5.00000000E-01  1.13496575E+00 -2.55051314E-01  7.47663605E-01  0.00000000E+00  7.54053278E-02  9.49984930E-02
 -3.91040000E-01  5.00000000E-01  1.13629382E+00 -2.53577915E-01  7.46134075E-01  0.00000000E+00  7.53841904E-02  9.51294772E-02
 -3.89160000E-01  5.00000000E-01  1.13761334E+00 -2.52107719E-01  7.44610386E-01  0.00000000E+00  7.53623417E-02  9.52603269E-02
 -3.87280000E-01  5.00000000E-01  1.13892435E+00 -2.50640726E-01  7.43092526E-01  0.00000000E+00  7.53397897E-02  9.53910424E-02
 -3.85400000E-01  5.00000000E-01  1.14022687E+00 -2.49176936E-01  7.41580487E-01  0.00000000E+00  7.53165424E-02  9.55216243E-02
 -3.83520000E-01  5.00000000E-01  1.14152093E+00 -2.47716351E-01  7.40074257E-01  0.00000000E+00  7.52926076E-02  9.56520730E-02
 -3.81640000E-01  5.00000000E-01  1.14280656E+00 -2.46258972E-01  7.38573828E-01  0.00000000E+00  7.52679934E-02  9.57823889E-02
 -3.79760000E-01  5.00000000E-01  1.14408379E+00 -2.44804798E-01  7.37079188E-01  0.00000000E+00  7.52427078E-02  9.59125724E-02
 -3.77880000E-01  5.00000000E-01  1.14535264E+00 -2.43353832E-01  7.35590328E-01  0.00000000E+00  7.52167586E-02  9.60426241E-02
 -3.76000000E-01  5.00000000E-01  1.14661315E+00 -2.41906074E-01  7.34107237E-01  0.00000000E+00  7.51901539E-02  9.61725442E-02
 -3.74120000E-01  5.00000000E-01  1.14786534E+00 -2.40461524E-01  7.32629907E-01  0.00000000E+00  7.51629016E-02  9.63023334E-02
 -3.72240000E-01  5.00000000E-01  1.14910923E+00 -2.39020183E-01  7.31158325E-01  0.00000000E+00  7.51350097E-02  9.64319919E-02
 -3.70360000E-01  5.00000000E-01  1.15034486E+00 -2.37582053E-01  7.29692483E-01  0.00000000E+00  7.51064861E-02  9.65615203E-02
 -3.68480000E-01  5.00000000E-01  1.15157222E+00 -2.36147084E-01  7.28233126E-01  0.00000000E+00  7.50773350E-02  9.66909185E-02
 -3.66600000E-01  5.00000000E-01  1.15279117E+00 -2.34715104E-01  7.26782966E-01  0.00000000E+00  7.50475508E-02  9.68201858E-02
 -3.64720000E-01  5.00000000E-01  1.15400193E+00 -2.33286330E-01  7.25338728E-01  0.00000000E+00  7.50171579E-02  9.69493241E-02
 -3.62840000E-01  5.00000000E-01  1.15520452E+00 -2.31860757E-01  7.23900465E-01  0.00000000E+00  7.49861626E-02  9.70783337E-02
 -3.60960000E-01  5.00000000E-01  1.15639896E+00 -2.30438375E-01  7.22468229E-01  0.00000000E+00  7.49545715E-02  9.72072148E-02
 -3.59080000E-01  5.00000000E-01  1.15758528E+00 -2.29019177E-01  7.21042070E-01  0.00000000E+00  7.49223908E-02  9.73359678E-02
 -3.57200000E-01  5.00000000E-01  1.15876351E+00 -2.27603155E-01  7.19622041E-01  0.00000000E+00  7.48896272E-02  9.74645929E-02
 -3.55320000E-01  5.00000000E-01  1.15993365E+00 -2.26190300E-01  7.18208194E-01  0.00000000E+00  7.48562869E-02  9.75930903E-02
 -3.53440000E-01  5.00000000E-01  1.16109574E+00 -2.24780607E-01  7.16800579E-01  0.00000000E+00  7.48223766E-02  9.77214604E-02
 -3.51560000E-01  5.00000000E-01  1.16224979E+00 -2.23374065E-01  7.15399250E-01  0.00000000E+00  7.47879025E-02  9.78497033E-02
 -3.49680000E-01  5.00000000E-01  1.16339584E+00 -2.21970668E-01  7.14004257E-01  0.00000000E+00  7.47528711E-02  9.79778194E-02
 -3.47800000E-01  5.00000000E-01  1.16453390E+00 -2.20570408E-01  7.12615652E-01  0.00000000E+00  7.47172889E-02  9.81058089E-02
 -3.45920000E-01  5.00000000E-01  1.16566399E+00 -2.19173276E-01  7.11233487E-01  0.00000000E+00  7.46811623E-02  9.82336720E-02
 -3.44040000E-01  5.00000000E-01  1.16678615E+00 -2.17779266E-01  7.09857813E-01  0.00000000E+00  7.46444977E-02  9.83614091E-02
 -3.42160000E-01  5.00000000E-01  1.16790038E+00 -2.16388368E-01  7.08488683E-01  0.00000000E+00  7.46073016E-02  9.84890204E-02
 -3.40280000E-01  5.00000000E-01  1.16900672E+00 -2.15000576E-01  7.07126147E-01  0.00000000E+00  7.45695804E-02  9.86165061E-02
 -3.38400000E-01  5.00000000E-01  1.17010519E+00 -2.13615882E-01  7.05770259E-01  0.00000000E+00  7.45313406E-02  9.87438665E-02
 -3.36520000E-01  5.00000000E-01  1.17119580E+00 -2.12234276E-01  7.04421068E-01  0.00000000E+00  7.44925886E-02  9.88711019E-02
 -3.34640000E-01  5.00000000E-01  1.17227859E+00 -2.10855753E-01  7.03078628E-01  0.00000000E+00  7.44533308E-02  9.89982125E-02
 -3.32760000E-01  5.00000000E-01  1.17335357E+00 -2.09480303E-01  7.01742989E-01  0.00000000E+00  7.44135737E-02  9.91251987E-02
 -3.30880000E-01  5.00000000E-01  1.17442076E+00 -2.08107920E-01  7.00414204E-01  0.00000000E+00  7.43733237E-02  9.92520605E-02
 -3.29000000E-01  5.00000000E-01  1.17548020E+00 -2.06738594E-01  6.99092324E-01  0.00000000E+00  7.43325873E-02  9.93787985E-02
 -3.27120000E-01  5.00000000E-01  1.17653190E+00 -2.05372319E-01  6.97777401E-01  0.00000000E+00  7.42913708E-02  9.95054126E-02
 -3.25240000E-01  5.00000000E-01  1.17757589E+00 -2.04009086E-01  6.96469486E-01  0.00000000E+00  7.42496808E-02  9.96319034E-02
 -3.23360000E-01  5.00000000E-01  1.17861218E+00 -2.02648888E-01  6.95168632E-01  0.00000000E+00  7.42075236E-02  9.97582709E-02
 -3.21480000E-01  5.00000000E-01  1.17964085E+00 -2.01291765E-01  6.93872815E-01  0.00000000E+00  7.41648934E-02  9.98845148E-02
 -3.19600000E-01  5.00000000E-01  1.18066190E+00 -1.99937695E-01  6.92583003E-01  0.00000000E+00  7.41218023E-02  1.00010636E-01
 -3.17720000E-01  5.00000000E-01  1.18167533E+00 -1.98586645E-01  6.91300246E-01  0.00000000E+00  7.40782620E-02  1.00136634E-01
 -3.15840000E-01  5.00000000E-01  1.18268116E+00 -1.97238605E-01  6.90024537E-01  0.00000000E+00  7.40342774E-02  1.00262510E-01
 -3.13960000E-01  5.00000000E-01  1.18367942E+00 -1.95893566E-01  6.88755869E-01  0.00000000E+00  7.39898538E-02  1.00388263E-01
 -3.12080000E-01  5.00000000E-01  1.18467012E+00 -1.94551518E-01  6.87494236E-01  0.00000000E+00  7.39449961E-02  1.00513895E-01
 -3.10200000E-01  5.00000000E-01  1.18565329E+00 -1.93212453E-01  6.86239630E-01  0.00000000E+00  7.38997094E-02  1.00639405E-01
 -3.08320000E-01  5.00000000E-01  1.18662895E+00 -1.91876360E-01  6.84992045E-01  0.00000000E+00  7.38539990E-02  1.00764793E-01
 -3.06440000E-01  5.00000000E-01  1.18759713E+00 -1.90543230E-01  6.83751474E-01  0.00000000E+00  7.38078698E-02  1.00890059E-01
 -3.04560000E-01  5.00000000E-01  1.18855784E+00 -1.89213054E-01  6.82517910E-01  0.00000000E+00  7.37613270E-02  1.01015204E-01
 -3.02680000E-01  5.00000000E-01  1.18951111E+00 -1.87885822E-01  6.81291346E-01  0.00000000E+00  7.37143756E-02  1.01140228E-01
 -3.00800000E-01  5.00000000E-01  1.19045696E+00 -1.86561524E-01  6.80071775E-01  0.00000000E+00  7.36670208E-02  1.01265130E-01
 -2.98920000E-01  5.00000000E-01  1.19139541E+00 -1.85240152E-01  6.78859191E-01  0.00000000E+00  7.36192676E-02  1.01389912E-01
 -2.97040000E-01  5.00000000E-01  1.19232648E+00 -1.83921696E-01  6.77653586E-01  0.00000000E+00  7.35711212E-02  1.01514572E-01
 -2.95160000E-01  5.00000000E-01  1.19325021E+00 -1.82606147E-01  6.76454953E-01  0.00000000E+00  7.35225866E-02  1.01639113E-01
 -2.93280000E-01  5.00000000E-01  1.19416660E+00 -1.81293495E-01  6.75263287E-01  0.00000000E+00  7.34736689E-02  1.01763532E-01
 -2.91400000E-01  5.00000000E-01  1.19507569E+00 -1.79983730E-01  6.74078579E-01  0.00000000E+00  7.34243733E-02  1.01887831E-01
 -2.89520000E-01  5.00000000E-01  1.19597749E+00 -1.78676843E-01  6.72900823E-01  0.00000000E+00  7.33747048E-02  1.02012011E-01
 -2.87640000E-01  5.00000000E-01  1.19687203E+00 -1.77372825E-01  6.71730013E-01  0.00000000E+00  7.33246685E-02  1.02136070E-01
 -2.85760000E-01  5.00000000E-01  1.19775932E+00 -1.76071666E-01  6.70566140E-01  0.00000000E+00  7.32742695E-02  1.02260009E-01
 -2.83880000E-01  5.00000000E-01  1.19863940E+00 -1.74773357E-01  6.69409200E-01  0.00000000E+00  7.32235129E-02  1.02383829E-01
 -2.82000000E-01  5.00000000E-01  1.19951228E+00 -1.73477889E-01  6.68259183E-01  0.00000000E+00  7.31724038E-02  1.02507529E-01
 -2.80120000E-01  5.00000000E-01  1.20037799E+00 -1.72185251E-01  6.67116085E-01  0.00000000E+00  7.31209473E-02  1.02631109E-01
 -2.78240000E-01  5.00000000E-01  1.20123655E+00 -1.70895435E-01  6.65979897E-01  0.00000000E+00  7.30691485E-02  1.02754571E-01
 -2.76360000E-01  5.00000000E-01  1.20208796E+00 -1.69608412E-01  6.64850904E-01  0.00000000E+00  7.30170103E-02  1.02877913E-01
 -2.74480000E-01  5.00000000E-01  1.20293213E+00 -1.68324075E-01  6.63730698E-01  0.00000000E+00  7.29645261E-02  1.03001136E-01
 -2.72600000E-01  5.00000000E-01  1.20376921E+00 -1.67042529E-01  6.62617502E-01  0.00000000E+00  7.29117143E-02  1.03124240E-01
 -2.70720000E-01  5.00000000E-01  1.20459921E+00 -1.65763760E-01  6.61511340E-01  0.00000000E+00  7.28585787E-02  1.03247226E-01
 -2.68840000E-01  5.00000000E-01  1.20542216E+00 -1.64487755E-01  6.60412235E-01  0.00000000E+00  7.28051234E-02  1.03370093E-01
 -2.66960000E-01  5.00000000E-01  1.20623807E+00 -1.63214499E-01  6.59320212E-01  0.00000000E+00  7.27513523E-02  1.03492841E-01
 -2.65080000E-01  5.00000000E-01  1.20704697E+00 -1.61943979E-01  6.58235294E-01  0.00000000E+00  7.26972693E-02  1.03615471E-01
 -2.63200000E-01  5.00000000E-01  1.20784886E+00 -1.60676180E-01  6.57157506E-01  0.00000000E+00  7.26428784E-02  1.03737983E-01
 -2.61320000E-01  5.00000000E-01  1.20864377E+00 -1.59411087E-01  6.56086871E-01  0.00000000E+00  7.25881835E-02  1.03860376E-01
 -2.59440000E-01  5.00000000E-01  1.20943171E+00 -1.58148688E-01  6.55023413E-01  0.00000000E+00  7.25331886E-02  1.03982651E-01
 -2.57560000E-01  5.00000000E-01  1.21021271E+00 -1.56888967E-01  6.53967156E-01  0.00000000E+00  7.24778977E-02  1.04104808E-01
 -2.55680000E-01  5.00000000E-01  1.21098678E+00 -1.55631912E-01  6.52918124E-01  0.00000000E+00  7.24223146E-02  1.04226848E-01
 -2.53800000E-01  5.00000000E-01  1.21175394E+00 -1.54377506E-01  6.51876341E-01  0.00000000E+00  7.23664434E-02  1.04348769E-01
 -2.51920000E-01  5.00000000E-01  1.21251420E+00 -1.53125738E-01  6.50841830E-01  0.00000000E+00  7.23102880E-02  1.04470573E-01
 -2.50040000E-01  5.00000000E-01  1.21326760E+00 -1.51876592E-01  6.49814616E-01  0.00000000E+00  7.22538523E-02  1.04592259E-01
 -2.48160000E-01  5.00000000E-01  1.21401414E+00 -1.50630054E-01  6.48794723E-01  0.00000000E+00  7.21971403E-02  1.04713827E-01
 -2.46280000E-01  5.00000000E-01  1.21475384E+00 -1.49386110E-01  6.47782174E-01  0.00000000E+00  7.21401560E-02  1.04835278E-01
 -2.44400000E-01  5.00000000E-01  1.21548672E+00 -1.48144747E-01  6.46776994E-01  0.00000000E+00  7.20829033E-02  1.04956612E-01
 -2.42520000E-01  5.00000000E-01  1.21621280E+00 -1.46905949E-01  6.45779205E-01  0.00000000E+00  7.20253861E-02  1.05077828E-01
 -2.40640000E-01  5.00000000E-01  1.21693210E+00 -1.45669704E-01  6.44788833E-01  0.00000000E+00  7.19676084E-02  1.05198927E-01
 -2.38760000E-01  5.00000000E-01  1.21764463E+00 -1.44435996E-01  6.43805900E-01  0.00000000E+00  7.19095741E-02  1.05319909E-01
 -2.36880000E-01  5.00000000E-01  1.21835042E+00 -1.43204812E-01  6.42830432E-01  0.00000000E+00  7.18512873E-02  1.05440774E-01
 -2.35000000E-01  5.00000000E-01  1.21904948E+00 -1.41976138E-01  6.41862451E-01  0.00000000E+00  7.17927518E-02  1.05561522E-01
 -2.33120000E-01  5.00000000E-01  1.21974183E+00 -1.40749960E-01  6.40901982E-01  0.00000000E+00  7.17339716E-02  1.05682153E-01
 -2.31240000E-01  5.00000000E-01  1.22042749E+00 -1.39526262E-01  6.39949048E-01  0.00000000E+00  7.16749506E-02  1.05802668E-01
 -2.29360000E-01  5.00000000E-01  1.22110648E+00 -1.38305053E-01  6.39002670E-01  0.00000000E+00  7.16156847E-02  1.05923066E-01
 -2.27480000E-01  5.00000000E-01  1.22177880E+00 -1.37086314E-01  6.38063213E-01  0.00000000E+00  7.15561807E-02  1.06043347E-01
 -2.25600000E-01  5.00000000E-01  1.22244449E+00 -1.35870018E-01  6.37131299E-01  0.00000000E+00  7.14964468E-02  1.06163511E-01
 -2.23720000E-01  5.00000000E-01  1.22310356E+00 -1.34656149E-01  6.36206920E-01  0.00000000E+00  7.14364860E-02  1.06283560E-01
 -2.21840000E-01  5.00000000E-01  1.22375603E+00 -1.33444693E-01  6.35290069E-01  0.00000000E+00  7.13763013E-02  1.06403491E-01
 -2.19960000E-01  5.00000000E-01  1.22440190E+00 -1.32235634E-01  6.34380739E-01  0.00000000E+00  7.13158958E-02  1.06523307E-01
 -2.18080000E-01  5.00000000E-01  1.22504120E+00 -1.31028957E-01  6.33478923E-01  0.00000000E+00  7.12552724E-02  1.06643006E-01
 -2.16200000E-01  5.00000000E-01  1.22567395E+00 -1.29824647E-01  6.32584613E-01  0.00000000E+00  7.11944341E-02  1.06762589E-01
 -2.14320000E-01  5.00000000E-01  1.22630016E+00 -1.28622689E-01  6.31697803E-01  0.00000000E+00  7.11333840E-02  1.06882056E-01
 -2.12440000E-01  5.00000000E-01  1.22691984E+00 -1.27423067E-01  6.30818486E-01  0.00000000E+00  7.10721250E-02  1.07001406E-01
 -2.10560000E-01  5.00000000E-01  1.22753302E+00 -1.26225767E-01  6.29946653E-01  0.00000000E+00  7.10106601E-02  1.07120641E-01
 -2.08680000E-01  5.00000000E-01  1.22813971E+00 -1.25030773E-01  6.29082298E-01  0.00000000E+00  7.09489923E-02  1.07239759E-01
 -2.06800000E-01  5.00000000E-01  1.22873992E+00 -1.23838069E-01  6.28225414E-01  0.00000000E+00  7.08871247E-02  1.07358762E-01
 -2.04920000E-01  5.00000000E-01  1.22933367E+00 -1.22647642E-01  6.27375993E-01  0.00000000E+00  7.08250602E-02  1.07477649E-01
 -2.03040000E-01  5.00000000E-01  1.22992099E+00 -1.21459475E-01  6.26534029E-01  0.00000000E+00  7.07628018E-02  1.07596419E-01
 -2.01160000E-01  5.00000000E-01  1.23050188E+00 -1.20273554E-01  6.25699513E-01  0.00000000E+00  7.07003525E-02  1.07715074E-01
 -1.99280000E-01  5.00000000E-01  1.23107636E+00 -1.19089864E-01  6.24872440E-01  0.00000000E+00  7.06377154E-02  1.07833613E-01
 -1.97400000E-01  5.00000000E-01  1.23164445E+00 -1.17908388E-01  6.24052801E-01  0.00000000E+00  7.05748934E-02  1.07952037E-01
 -1.95520000E-01  5.00000000E-01  1.23220616E+00 -1.16729112E-01  6.23240591E-01  0.00000000E+00  7.05118895E-02  1.08070345E-01
 -1.93640000E-01  5.00000000E-01  1.23276152E+00 -1.15552021E-01  6.22435800E-01  0.00000000E+00  7.04487067E-02  1.08188537E-01
 -1.91760000E-01  5.00000000E-01  1.23331053E+00 -1.14377100E-01  6.21638423E-01  0.00000000E+00  7.03853481E-02  1.08306614E-01
 -1.89880000E-01  5.00000000E-01  1.23385321E+00 -1.13204334E-01  6.20848452E-01  0.00000000E+00  7.03218166E-02  1.08424575E-01
 -1.88000000E-01  5.00000000E-01  1.23438959E+00 -1.12033706E-01  6.20065880E-01  0.00000000E+00  7.02581152E-02  1.08542420E-01
 -1.86120000E-01  5.00000000E-01  1.23491967E+00 -1.10865203E-01  6.19290699E-01  0.00000000E+00  7.01942469E-02  1.08660151E-01
 -1.84240000E-01  5.00000000E-01  1.23544346E+00 -1.09698802E-01  6.18523010E-01  0.00000000E+00  7.01302137E-02  1.08777766E-01
 -1.82360000E-01  5.00000000E-01  1.23596090E+00 -1.08534428E-01  6.17763797E-01  0.00000000E+00  7.00660099E-02  1.08895265E-01
 -1.80480000E-01  5.00000000E-01  1.23647209E+00 -1.07372133E-01  6.17012028E-01  0.00000000E+00  7.00016477E-02  1.09012650E-01
 -1.78600000E-01  5.00000000E-01  1.23697704E+00 -1.06211897E-01  6.16267715E-01  0.00000000E+00  6.99371296E-02  1.09129918E-01
 -1.76720000E-01  5.00000000E-01  1.23747576E+00 -1.05053703E-01  6.15530866E-01  0.00000000E+00  6.98724576E-02  1.09247072E-01
 -1.74840000E-01  5.00000000E-01  1.23796828E+00 -1.03897534E-01  6.14801492E-01  0.00000000E+00  6.98076340E-02  1.09364111E-01
 -1.72960000E-01  5.00000000E-01  1.23845459E+00 -1.02743372E-01  6.14079602E-01  0.00000000E+00  6.97426611E-02  1.09481034E-01
 -1.71080000E-01  5.00000000E-01  1.23893472E+00 -1.01591199E-01  6.13365206E-01  0.00000000E+00  6.96775411E-02  1.09597842E-01
 -1.69200000E-01  5.00000000E-01  1.23940868E+00 -1.00440998E-01  6.12658313E-01  0.00000000E+00  6.96122761E-02  1.09714535E-01
 -1.67320000E-01  5.00000000E-01  1.23987647E+00 -9.92927500E-02  6.11958934E-01  0.00000000E+00  6.95468685E-02  1.09831113E-01
 -1.65440000E-01  5.00000000E-01  1.24033812E+00 -9.81464383E-02  6.11267078E-01  0.00000000E+00  6.94813205E-02  1.09947575E-01
 -1.63560000E-01  5.00000000E-01  1.24079364E+00 -9.70020449E-02  6.10582754E-01  0.00000000E+00  6.94156342E-02  1.10063923E-01
 -1.61680000E-01  5.00000000E-01  1.24124303E+00 -9.58595522E-02  6.09905973E-01  0.00000000E+00  6.93498120E-02  1.10180155E-01
 -1.59800000E-01  5.00000000E-01  1.24168631E+00 -9.47189425E-02  6.09236744E-01  0.00000000E+00  6.92838560E-02  1.10296272E-01
 -1.57920000E-01  5.00000000E-01  1.24212350E+00 -9.35801979E-02  6.08575077E-01  0.00000000E+00  6.92177684E-02  1.10412274E-01
 -1.56040000E-01  5.00000000E-01  1.24255460E+00 -9.24433010E-02  6.07920982E-01  0.00000000E+00  6.91515516E-02  1.10528161E-01
 -1.54160000E-01  5.00000000E-01  1.24297963E+00 -9.13082338E-02  6.07274469E-01  0.00000000E+00  6.90852077E-02  1.10643933E-01
 -1.52280000E-01  5.00000000E-01  1.24339861E+00 -9.01749788E-02  6.06635546E-01  0.00000000E+00  6.90187390E-02  1.10759590E-01
 -1.50400000E-01  5.00000000E-01  1.24381154E+00 -8.90435183E-02  6.06004224E-01  0.00000000E+00  6.89521477E-02  1.10875132E-01
 -1.48520000E-01  5.00000000E-01  1.24421843E+00 -8.79138345E-02  6.05380513E-01  0.00000000E+00  6.88854359E-02  1.10990559E-01
 -1.46640000E-01  5.00000000E-01  1.24461931E+00 -8.67859097E-02  6.04764422E-01  0.00000000E+00  6.88186061E-02  1.11105871E-01
 -1.44760000E-01  5.00000000E-01  1.24501418E+00 -8.56597263E-02  6.04155962E-01  0.00000000E+00  6.87516603E-02  1.11221068E-01
 -1.42880000E-01  5.00000000E-01  1.24540306E+00 -8.45352665E-02  6.03555141E-01  0.00000000E+00  6.86846008E-02  1.11336149E-01
 -1.41000000E-01  5.00000000E-01  1.24578595E+00 -8.34125126E-02  6.02961969E-01  0.00000000E+00  6.86174298E-02  1.11451116E-01
 -1.39120000E-01  5.00000000E-01  1.24616288E+00 -8.22914470E-02  6.02376457E-01  0.00000000E+00  6.85501496E-02  1.11565968E-01
 -1.37240000E-01  5.00000000E-01  1.24653382E+00 -8.11720658E-02  6.01798100E-01  0.00000000E+00  6.84827576E-02  1.11680705E-01
 -1.35360000E-01  5.00000000E-01  1.24689881E+00 -8.00543491E-02  6.01227029E-01  0.00000000E+00  6.84152570E-02  1.11795327E-01
 -1.33480000E-01  5.00000000E-01  1.24725787E+00 -7.89382683E-02  6.00663630E-01  0.00000000E+00  6.83476533E-02  1.11909833E-01
 -1.31600000E-01  5.00000000E-01  1.24761100E+00 -7.78238054E-02  6.00107894E-01  0.00000000E+00  6.82799480E-02  1.12024225E-01
 -1.29720000E-01  5.00000000E-01  1.24795822E+00 -7.67109421E-02  5.99559815E-01  0.00000000E+00  6.82121428E-02  1.12138502E-01
 -1.27840000E-01  5.00000000E-01  1.24829954E+00 -7.55996603E-02  5.99019385E-01  0.00000000E+00  6.81442393E-02  1.12252663E-01
 -1.25960000E-01  5.00000000E-01  1.24863496E+00 -7.44899419E-02  5.98486597E-01  0.00000000E+00  6.80762391E-02  1.12366710E-01
 -1.24080000E-01  5.00000000E-01  1.24896451E+00 -7.33817685E-02  5.97961442E-01  0.00000000E+00  6.80081439E-02  1.12480641E-01
 -1.22200000E-01  5.00000000E-01  1.24928818E+00 -7.22751221E-02  5.97443915E-01  0.00000000E+00  6.79399551E-02  1.12594457E-01
 -1.20320000E-01  5.00000000E-01  1.24960599E+00 -7.11699844E-02  5.96934007E-01  0.00000000E+00  6.78716746E-02  1.12708158E-01
 -1.18440000E-01  5.00000000E-01  1.24991795E+00 -7.00663374E-02  5.96431712E-01  0.00000000E+00  6.78033038E-02  1.12821744E-01
 -1.16560000E-01  5.00000000E-01  1.25022407E+00 -6.89641628E-02  5.95937021E-01  0.00000000E+00  6.77348445E-02  1.12935214E-01
 -1.14680000E-01  5.00000000E-01  1.25052436E+00 -6.78634424E-02  5.95449927E-01  0.00000000E+00  6.76662981E-02  1.13048569E-01
 -1.12800000E-01  5.00000000E-01  1.25081883E+00 -6.67641581E-02  5.94970423E-01  0.00000000E+00  6.75976664E-02  1.13161809E-01
 -1.10920000E-01  5.00000000E-01  1.25110748E+00 -6.56662918E-02  5.94498501E-01  0.00000000E+00  6.75289510E-02  1.13274934E-01
 -1.09040000E-01  5.00000000E-01  1.25139034E+00 -6.45698251E-02  5.94034155E-01  0.00000000E+00  6.74601534E-02  1.13387942E-01
 -1.07160000E-01  5.00000000E-01  1.25166741E+00 -6.34747400E-02  5.93577376E-01  0.00000000E+00  6.73912753E-02  1.13500836E-01
 -1.05280000E-01  5.00000000E-01  1.25193870E+00 -6.23810182E-02  5.93128158E-01  0.00000000E+00  6.73223184E-02  1.13613614E-01
 -1.03400000E-01  5.00000000E-01  1.25220423E+00 -6.12886417E-02  5.92686492E-01  0.00000000E+00  6.72532842E-02  1.13726277E-01
 -1.01520000E-01  5.00000000E-01  1.25246399E+00 -6.01975922E-02  5.92252372E-01  0.00000000E+00  6.71841743E-02  1.13838824E-01
 -9.96400000E-02  5.00000000E-01  1.25271801E+00 -5.91078515E-02  5.91825789E-01  0.00000000E+00  6.71149904E-02  1.13951255E-01
 -9.77600000E-02  5.00000000E-01  1.25296628E+00 -5.80194015E-02  5.91406738E-01  0.00000000E+00  6.70457340E-02  1.14063571E-01
 -9.58800000E-02  5.00000000E-01  1.25320883E+00 -5.69322239E-02  5.90995209E-01  0.00000000E+00  6.69764069E-02  1.14175771E-01
 -9.40000000E-02  5.00000000E-01  1.25344566E+00 -5.58463008E-02  5.90591197E-01  0.00000000E+00  6.69070106E-02  1.14287855E-01
 -9.21200000E-02  5.00000000E-01  1.25367679E+00 -5.47616116E-02  5.90194726E-01  0.00000000E+00  6.68375465E-02  1.14399824E-01
 -9.02400000E-02  5.00000000E-01  1.25390213E+00 -5.36780968E-02  5.89806482E-01  0.00000000E+00  6.67680102E-02  1.14511676E-01
 -8.83600000E-02  5.00000000E-01  1.25412178E+00 -5.25957806E-02  5.89425785E-01  0.00000000E+00  6.66984093E-02  1.14623412E-01
 -8.64800000E-02  5.00000000E-01  1.25433575E+00 -5.15146435E-02  5.89052639E-01  0.00000000E+00  6.66287450E-02  1.14735033E-01
 -8.46000000E-02  5.00000000E-01  1.25454405E+00 -5.04346658E-02  5.88687046E-01  0.00000000E+00  6.65590184E-02  1.14846537E-01
 -8.27200000E-02  5.00000000E-01  1.25474667E+00 -4.93558280E-02  5.88329012E-01  0.00000000E+00  6.64892308E-02  1.14957925E-01
 -8.08400000E-02  5.00000000E-01  1.25494363E+00 -4.82781102E-02  5.87978539E-01  0.00000000E+00  6.64193831E-02  1.15069197E-01
 -7.89600000E-02  5.00000000E-01  1.25513494E+00 -4.72014931E-02  5.87635630E-01  0.00000000E+00  6.63494766E-02  1.15180352E-01
 -7.70800000E-02  5.00000000E-01  1.25532059E+00 -4.61259568E-02  5.87300290E-01  0.00000000E+00  6.62795124E-02  1.15291392E-01
 -7.52000000E-02  5.00000000E-01  1.25550061E+00 -4.50514819E-02  5.86972523E-01  0.00000000E+00  6.62094917E-02  1.15402314E-01
 -7.33200000E-02  5.00000000E-01  1.25567499E+00 -4.39780486E-02  5.86652330E-01  0.00000000E+00  6.61394156E-02  1.15513120E-01
 -7.14400000E-02  5.00000000E-01  1.25584374E+00 -4.29056374E-02  5.86339717E-01  0.00000000E+00  6.60692853E-02  1.15623809E-01
 -6.95600000E-02  5.00000000E-01  1.25600688E+00 -4.18342286E-02  5.86034687E-01  0.00000000E+00  6.59991019E-02  1.15734381E-01
 -6.76800000E-02  5.00000000E-01  1.25616439E+00 -4.07638026E-02  5.85737243E-01  0.00000000E+00  6.59288665E-02  1.15844836E-01
 -6.58000000E-02  5.00000000E-01  1.25631631E+00 -3.96943398E-02  5.85447389E-01  0.00000000E+00  6.58585803E-02  1.15955174E-01
 -6.39200000E-02  5.00000000E-01  1.25646262E+00 -3.86258206E-02  5.85165128E-01  0.00000000E+00  6.57882445E-02  1.16065395E-01
 -6.20400000E-02  5.00000000E-01  1.25660334E+00 -3.75582253E-02  5.84890465E-01  0.00000000E+00  6.57178601E-02  1.16175499E-01
 -6.01600000E-02  5.00000000E-01  1.25673847E+00 -3.64915343E-02  5.84623402E-01  0.00000000E+00  6.56474284E-02  1.16285485E-01
 -5.82800000E-02  5.00000000E-01  1.25686802E+00 -3.54257280E-02  5.84363943E-01  0.00000000E+00  6.55769505E-02  1.16395353E-01
 -5.64000000E-02  5.00000000E-01  1.25699201E+00 -3.43607867E-02  5.84112092E-01  0.00000000E+00  6.55064276E-02  1.16505104E-01
 -5.45200000E-02  5.00000000E-01  1.25711043E+00 -3.32966909E-02  5.83867852E-01  0.00000000E+00  6.54358607E-02  1.16614737E-01
 -5.26400000E-02  5.00000000E-01  1.25722329E+00 -3.22334209E-02  5.83631228E-01  0.00000000E+00  6.53652510E-02  1.16724252E-01
 -5.07600000E-02  5.00000000E-01  1.25733060E+00 -3.11709570E-02  5.83402221E-01  0.00000000E+00  6.52945997E-02  1.16833650E-01
 -4.88800000E-02  5.00000000E-01  1.25743236E+00 -3.01092798E-02  5.83180837E-01  0.00000000E+00  6.52239080E-02  1.16942929E-01
 -4.70000000E-02  5.00000000E-01  1.25752859E+00 -2.90483695E-02  5.82967078E-01  0.00000000E+00  6.51531769E-02  1.17052090E-01
 -4.51200000E-02  5.00000000E-01  1.25761926E+00 -2.79882208E-02  5.82760650E-01  0.00000000E+00  6.50824052E-02  1.17161132E-01
 -4.32400000E-02  5.00000000E-01  1.25770438E+00 -2.69288126E-02  5.82561591E-01  0.00000000E+00  6.50115941E-02  1.17270055E-01
 -4.13600000E-02  5.00000000E-01  1.25778399E+00 -2.58701116E-02  5.82370174E-01  0.00000000E+00  6.49407467E-02  1.17378859E-01
 -3.94800000E-02  5.00000000E-01  1.25785808E+00 -2.48120985E-02  5.82186390E-01  0.00000000E+00  6.48698639E-02  1.17487544E-01
 -3.76000000E-02  5.00000000E-01  1.25792665E+00 -2.37547535E-02  5.82010234E-01  0.00000000E+00  6.47989464E-02  1.17596110E-01
 -3.57200000E-02  5.00000000E-01  1.25798972E+00 -2.26980569E-02  5.81841697E-01  0.00000000E+00  6.47279950E-02  1.17704557E-01
 -3.38400000E-02  5.00000000E-01  1.25804729E+00 -2.16419893E-02  5.81680773E-01  0.00000000E+00  6.46570105E-02  1.17812885E-01
 -3.19600000E-02  5.00000000E-01  1.25809936E+00 -2.05865309E-02  5.81527455E-01  0.00000000E+00  6.45859938E-02  1.17921093E-01
 -3.00800000E-02  5.00000000E-01  1.25814593E+00 -1.95316622E-02  5.81381735E-01  0.00000000E+00  6.45149455E-02  1.18029181E-01
 -2.82000000E-02  5.00000000E-01  1.25818702E+00 -1.84773635E-02  5.81243607E-01  0.00000000E+00  6.44438666E-02  1.18137149E-01
 -2.63200000E-02  5.00000000E-01  1.25822262E+00 -1.74236152E-02  5.81113064E-01  0.00000000E+00  6.43727577E-02  1.18244997E-01
 -2.44400000E-02  5.00000000E-01  1.25825274E+00 -1.63703976E-02  5.80990099E-01  0.00000000E+00  6.43016198E-02  1.18352724E-01
 -2.25600000E-02  5.00000000E-01  1.25827738E+00 -1.53176912E-02  5.80874704E-01  0.00000000E+00  6.42304535E-02  1.18460330E-01
 -2.06800000E-02  5.00000000E-01  1.25829655E+00 -1.42654762E-02  5.80766873E-01  0.00000000E+00  6.41592597E-02  1.18567816E-01
 -1.88000000E-02  5.00000000E-01  1.25831025E+00 -1.32137332E-02  5.80666599E-01  0.00000000E+00  6.40880391E-02  1.18675180E-01
 -1.69200000E-02  5.00000000E-01  1.25831849E+00 -1.21624425E-02  5.80573874E-01  0.00000000E+00  6.40167927E-02  1.18782423E-01
 -1.50400000E-02  5.00000000E-01  1.25832126E+00 -1.11115844E-02  5.80488691E-01  0.00000000E+00  6.39455211E-02  1.18889544E-01
 -1.31600000E-02  5.00000000E-01  1.25831858E+00 -1.00611393E-02  5.80411044E-01  0.00000000E+00  6.38742251E-02  1.18996543E-01
 -1.12800000E-02  5.00000000E-01  1.25831045E+00 -9.01108762E-03  5.80340926E-01  0.00000000E+00  6.38029056E-02  1.19103420E-01
 -9.40000000E-03  5.00000000E-01  1.25829687E+00 -7.96140972E-03  5.80278329E-01  0.00000000E+00  6.37315634E-02  1.19210175E-01
 -7.52000000E-03  5.00000000E-01  1.25827785E+00 -6.91208597E-03  5.80223247E-01  0.00000000E+00  6.36601991E-02  1.19316808E-01
 -5.64000000E-03  5.00000000E-01  1.25825339E+00 -5.86309674E-03  5.80175671E-01  0.00000000E+00  6.35888138E-02  1.19423317E-01
 -3.76000000E-03  5.00000000E-01  1.25822350E+00 -4.81442242E-03  5.80135597E-01  0.00000000E+00  6.35174080E-02  1.19529704E-01
 -1.88000000E-03  5.00000000E-01  1.25818817E+00 -3.76604337E-03  5.80103015E-01  0.00000000E+00  6.34459827E-02  1.19635968E-01
 -2.85839061E-15  5.00000000E-01  1.25814742E+00 -2.71793999E-03  5.80077920E-01  0.00000000E+00  6.33745386E-02  1.19742108E-01
  1.88000000E-03  5.00000000E-01  1.25810118E+00 -1.67005320E-03  5.80060863E-01  0.00000000E+00  6.33030732E-02  1.19848122E-01
  3.76000000E-03  5.00000000E-01  1.25804951E+00 -6.22401433E-04  5.80051320E-01  0.00000000E+00  6.32315904E-02  1.19954012E-01
  5.64000000E-03  5.00000000E-01  1.25799242E+00  4.25035948E-04  5.80049295E-01  0.00000000E+00  6.31600909E-02  1.20059778E-01
  7.52000000E-03  5.00000000E-01  1.25792992E+00  1.47227959E-03  5.80054787E-01  0.00000000E+00  6.30885750E-02  1.20165420E-01
  9.40000000E-03  5.00000000E-01  1.25786200E+00  2.51935013E-03  5.80067799E-01  0.00000000E+00  6.30170434E-02  1.20270936E-01
  1.12800000E-02  5.00000000E-01  1.25778866E+00  3.56626821E-03  5.80088332E-01  0.00000000E+00  6.29454966E-02  1.20376327E-01
  1.31600000E-02  5.00000000E-01  1.25770990E+00  4.61305448E-03  5.80116386E-01  0.00000000E+00  6.28739351E-02  1.20481593E-01
  1.50400000E-02  5.00000000E-01  1.25762574E+00  5.65972958E-03  5.80151963E-01  0.00000000E+00  6.28023595E-02  1.20586732E-01
  1.69200000E-02  5.00000000E-01  1.25753616E+00  6.70631416E-03  5.80195065E-01  0.00000000E+00  6.27307704E-02  1.20691745E-01
  1.88000000E-02  5.00000000E-01  1.25744117E+00  7.75282884E-03  5.80245692E-01  0.00000000E+00  6.26591682E-02  1.20796631E-01
  2.06800000E-02  5.00000000E-01  1.25734077E+00  8.79929428E-03  5.80303846E-01  0.00000000E+00  6.25875535E-02  1.20901390E-01
  2.25600000E-02  5.00000000E-01  1.25723496E+00  9.84573113E-03  5.80369528E-01  0.00000000E+00  6.25159269E-02  1.21006022E-01
  2.44400000E-02  5.00000000E-01  1.25712374E+00  1.08921600E-02  5.80442739E-01  0.00000000E+00  6.24442888E-02  1.21110525E-01
  2.63200000E-02  5.00000000E-01  1.25700712E+00  1.19386016E-02  5.80523481E-01  0.00000000E+00  6.23726399E-02  1.21214900E-01
  2.82000000E-02  5.00000000E-01  1.25688509E+00  1.29850765E-02  5.80611754E-01  0.00000000E+00  6.23009807E-02  1.21319146E-01
  3.00800000E-02  5.00000000E-01  1.25675766E+00  1.40316053E-02  5.80707561E-01  0.00000000E+00  6.22293116E-02  1.21423263E-01
  3.19600000E-02  5.00000000E-01  1.25662482E+00  1.50782088E-02  5.80810902E-01  0.00000000E+00  6.21576333E-02  1.21527250E-01
  3.38400000E-02  5.00000000E-01  1.25648658E+00  1.61249075E-02  5.80921778E-01  0.00000000E+00  6.20859464E-02  1.21631108E-01
  3.57200000E-02  5.00000000E-01  1.25634294E+00  1.71717222E-02  5.81040192E-01  0.00000000E+00  6.20142512E-02  1.21734835E-01
  3.76000000E-02  5.00000000E-01  1.25619390E+00  1.82186733E-02  5.81166143E-01  0.00000000E+00  6.19425484E-02  1.21838432E-01
  3.94800000E-02  5.00000000E-01  1.25603946E+00  1.92657817E-02  5.81299633E-01  0.00000000E+00  6.18708386E-02  1.21941898E-01
  4.13600000E-02  5.00000000E-01  1.25587963E+00  2.03130678E-02  5.81440664E-01  0.00000000E+00  6.17991222E-02  1.22045232E-01
  4.32400000E-02  5.00000000E-01  1.25571440E+00  2.13605525E-02  5.81589237E-01  0.00000000E+00  6.17273998E-02  1.22148434E-01
  4.51200000E-02  5.00000000E-01  1.25554377E+00  2.24082562E-02  5.81745353E-01  0.00000000E+00  6.16556719E-02  1.22251504E-01
  4.70000000E-02  5.00000000E-01  1.25536773E+00  2.34561810E-02  5.81908812E-01  0.00000000E+00  6.15839383E-02  1.22354440E-01
  4.88800000E-02  5.00000000E-01  1.25518626E+00  2.45043471E-02  5.82079611E-01  0.00000000E+00  6.15121991E-02  1.22457241E-01
  5.07600000E-02  5.00000000E-01  1.25499939E+00  2.55527961E-02  5.82257968E-01  0.00000000E+00  6.14404558E-02  1.22559909E-01
  5.26400000E-02  5.00000000E-01  1.25480713E+00  2.66015480E-02  5.82443879E-01  0.00000000E+00  6.13687089E-02  1.22662443E-01
  5.45200000E-02  5.00000000E-01  1.25460947E+00  2.76506232E-02  5.82637335E-01  0.00000000E+00  6.12969586E-02  1.22764842E-01
  5.64000000E-02  5.00000000E-01  1.25440641E+00  2.87000417E-02  5.82838332E-01  0.00000000E+00  6.12252054E-02  1.22867105E-01
  5.82800000E-02  5.00000000E-01  1.25419794E+00  2.97498240E-02  5.83046861E-01  0.00000000E+00  6.11534495E-02  1.22969233E-01
  6.01600000E-02  5.00000000E-01  1.25398408E+00  3.07999901E-02  5.83262917E-01  0.00000000E+00  6.10816915E-02  1.23071225E-01
  6.20400000E-02  5.00000000E-01  1.25376481E+00  3.18505602E-02  5.83486493E-01  0.00000000E+00  6.10099316E-02  1.23173079E-01
  6.39200000E-02  5.00000000E-01  1.25354013E+00  3.29015547E-02  5.83717583E-01  0.00000000E+00  6.09381702E-02  1.23274796E-01
  6.58000000E-02  5.00000000E-01  1.25331005E+00  3.39529936E-02  5.83956179E-01  0.00000000E+00  6.08664078E-02  1.23376375E-01
  6.76800000E-02  5.00000000E-01  1.25307455E+00  3.50048973E-02  5.84202276E-01  0.00000000E+00  6.07946446E-02  1.23477814E-01
  6.95600000E-02  5.00000000E-01  1.25283365E+00  3.60572859E-02  5.84455866E-01  0.00000000E+00  6.07228810E-02  1.23579114E-01
  7.14400000E-02  5.00000000E-01  1.25258733E+00  3.71101797E-02  5.84716944E-01  0.00000000E+00  6.06511175E-02  1.23680274E-01
  7.33200000E-02  5.00000000E-01  1.25233560E+00  3.81635989E-02  5.84985502E-01  0.00000000E+00  6.05793544E-02  1.23781294E-01
  7.52000000E-02  5.00000000E-01  1.25207845E+00  3.92175636E-02  5.85261535E-01  0.00000000E+00  6.05075920E-02  1.23882172E-01
  7.70800000E-02  5.00000000E-01  1.25181588E+00  4.02720942E-02  5.85545035E-01  0.00000000E+00  6.04358308E-02  1.23982908E-01
  7.89600000E-02  5.00000000E-01  1.25154789E+00  4.13272107E-02  5.85835996E-01  0.00000000E+00  6.03640711E-02  1.24083501E-01
  8.08400000E-02  5.00000000E-01  1.25127449E+00  4.23829335E-02  5.86134411E-01  0.00000000E+00  6.02923132E-02  1.24183952E-01
  8.27200000E-02  5.00000000E-01  1.25099566E+00  4.34392828E-02  5.86440274E-01  0.00000000E+00  6.02205576E-02  1.24284258E-01
  8.46000000E-02  5.00000000E-01  1.25071141E+00  4.44962787E-02  5.86753579E-01  0.00000000E+00  6.01488047E-02  1.24384420E-01
  8.64800000E-02  5.00000000E-01  1.25042173E+00  4.55539415E-02  5.87074318E-01  0.00000000E+00  6.00770547E-02  1.24484437E-01
  8.83600000E-02  5.00000000E-01  1.25012662E+00  4.66122914E-02  5.87402485E-01  0.00000000E+00  6.00053081E-02  1.24584309E-01
  9.02400000E-02  5.00000000E-01  1.24982609E+00  4.76713486E-02  5.87738074E-01  0.00000000E+00  5.99335652E-02  1.24684034E-01
  9.21200000E-02  5.00000000E-01  1.24952012E+00  4.87311333E-02  5.88081078E-01  0.00000000E+00  5.98618265E-02  1.24783612E-01
  9.40000000E-02  5.00000000E-01  1.24920865E+00  4.97917112E-02  5.88431900E-01  0.00000000E+00  5.97900913E-02  1.24883038E-01
  9.58800000E-02  5.00000000E-01  1.24889175E+00  5.08530606E-02  5.88790183E-01  0.00000000E+00  5.97183608E-02  1.24982316E-01
  9.77600000E-02  5.00000000E-01  1.24856940E+00  5.19152008E-02  5.89155909E-01  0.00000000E+00  5.96466352E-02  1.25081445E-01
  9.96400000E-02  5.00000000E-01  1.24824161E+00  5.29781527E-02  5.89529076E-01  0.00000000E+00  5.95749149E-02  1.25180424E-01
  1.01520000E-01  5.00000000E-01  1.24790837E+00  5.40419376E-02  5.89909684E-01  0.00000000E+00  5.95032001E-02  1.25279253E-01
  1.03400000E-01  5.00000000E-01  1.24756967E+00  5.51065767E-02  5.90297732E-01  0.00000000E+00  5.94314911E-02  1.25377929E-01
  1.05280000E-01  5.00000000E-01  1.24722551E+00  5.61720911E-02  5.90693221E-01  0.00000000E+00  5.93597882E-02  1.25476453E-01
  1.07160000E-01  5.00000000E-01  1.24687589E+00  5.72385019E-02  5.91096148E-01  0.00000000E+00  5.92880916E-02  1.25574824E-01
  1.09040000E-01  5.00000000E-01  1.24652080E+00  5.83058303E-02  5.91506515E-01  0.00000000E+00  5.92164017E-02  1.25673040E-01
  1.10920000E-01  5.00000000E-01  1.24616024E+00  5.93740975E-02  5.91924320E-01  0.00000000E+00  5.91447186E-02  1.25771100E-01
  1.12800000E-01  5.00000000E-01  1.24579420E+00  6.04433247E-02  5.92349562E-01  0.00000000E+00  5.90730427E-02  1.25869005E-01
  1.14680000E-01  5.00000000E-01  1.24542268E+00  6.15135330E-02  5.92782242E-01  0.00000000E+00  5.90013742E-02  1.25966752E-01
  1.16560000E-01  5.00000000E-01  1.24504567E+00  6.25847435E-02  5.93222358E-01  0.00000000E+00  5.89297135E-02  1.26064341E-01
  1.18440000E-01  5.00000000E-01  1.24466317E+00  6.36569774E-02  5.93669910E-01  0.00000000E+00  5.88580607E-02  1.26161770E-01
  1.20320000E-01  5.00000000E-01  1.24427517E+00  6.47302560E-02  5.94124897E-01  0.00000000E+00  5.87864161E-02  1.26259040E-01
  1.22200000E-01  5.00000000E-01  1.24388167E+00  6.58046002E-02  5.94587320E-01  0.00000000E+00  5.87147801E-02  1.26356149E-01
  1.24080000E-01  5.00000000E-01  1.24348266E+00  6.68800314E-02  5.95057176E-01  0.00000000E+00  5.86431529E-02  1.26453096E-01
  1.25960000E-01  5.00000000E-01  1.24307814E+00  6.79565707E-02  5.95534467E-01  0.00000000E+00  5.85715348E-02  1.26549880E-01
  1.27840000E-01  5.00000000E-01  1.24266811E+00  6.90342391E-02  5.96019191E-01  0.00000000E+00  5.84999260E-02  1.26646500E-01
  1.29720000E-01  5.00000000E-01  1.24225256E+00  7.01130580E-02  5.96511347E-01  0.00000000E+00  5.84283268E-02  1.26742956E-01
  1.31600000E-01  5.00000000E-01  1.24183148E+00  7.11930484E-02  5.97010935E-01  0.00000000E+00  5.83567375E-02  1.26839245E-01
  1.33480000E-01  5.00000000E-01  1.24140488E+00  7.22742315E-02  5.97517955E-01  0.00000000E+00  5.82851583E-02  1.26935369E-01
  1.35360000E-01  5.00000000E-01  1.24097273E+00  7.33566285E-02  5.98032406E-01  0.00000000E+00  5.82135896E-02  1.27031325E-01
  1.37240000E-01  5.00000000E-01  1.24053506E+00  7.44402605E-02  5.98554287E-01  0.00000000E+00  5.81420316E-02  1.27127112E-01
  1.39120000E-01  5.00000000E-01  1.24009181E+00  7.55251210E-02  5.99083477E-01  0.00000000E+00  5.80704846E-02  1.27222727E-01
  1.41000000E-01  5.00000000E-01  1.23964299E+00  7.66112248E-02  5.99619947E-01  0.00000000E+00  5.79989489E-02  1.27318168E-01
  1.42880000E-01  5.00000000E-01  1.23918861E+00  7.76986298E-02  6.00163857E-01  0.00000000E+00  5.79274245E-02  1.27413438E-01
  1.44760000E-01  5.00000000E-01  1.23872867E+00  7.87873561E-02  6.00715202E-01  0.00000000E+00  5.78559118E-02  1.27508534E-01
  1.46640000E-01  5.00000000E-01  1.23826315E+00  7.98774238E-02  6.01273975E-01  0.00000000E+00  5.77844108E-02  1.27603457E-01
  1.48520000E-01  5.00000000E-01  1.23779206E+00  8.09688530E-02  6.01840169E-01  0.00000000E+00  5.77129219E-02  1.27698205E-01
  1.50400000E-01  5.00000000E-01  1.23731538E+00  8.20616637E-02  6.02413778E-01  0.00000000E+00  5.76414452E-02  1.27792776E-01
  1.52280000E-01  5.00000000E-01  1.23683311E+00  8.31558760E-02  6.02994795E-01  0.00000000E+00  5.75699811E-02  1.27887169E-01
  1.54160000E-01  5.00000000E-01  1.23634523E+00  8.42515100E-02  6.03583215E-01  0.00000000E+00  5.74985298E-02  1.27981382E-01
  1.56040000E-01  5.00000000E-01  1.23585175E+00  8.53485858E-02  6.04179031E-01  0.00000000E+00  5.74270914E-02  1.28075415E-01
  1.57920000E-01  5.00000000E-01  1.23535265E+00  8.64471234E-02  6.04782236E-01  0.00000000E+00  5.73556663E-02  1.28169265E-01
  1.59800000E-01  5.00000000E-01  1.23484793E+00  8.75471430E-02  6.05392824E-01  0.00000000E+00  5.72842546E-02  1.28262932E-01
  1.61680000E-01  5.00000000E-01  1.23433758E+00  8.86486645E-02  6.06010789E-01  0.00000000E+00  5.72128567E-02  1.28356414E-01
  1.63560000E-01  5.00000000E-01  1.23382159E+00  8.97517082E-02  6.06636124E-01  0.00000000E+00  5.71414727E-02  1.28449710E-01
  1.65440000E-01  5.00000000E-01  1.23329996E+00  9.08562940E-02  6.07268824E-01  0.00000000E+00  5.70701028E-02  1.28542819E-01
  1.67320000E-01  5.00000000E-01  1.23277268E+00  9.19624420E-02  6.07908881E-01  0.00000000E+00  5.69987474E-02  1.28635738E-01
  1.69200000E-01  5.00000000E-01  1.23223973E+00  9.30701724E-02  6.08556289E-01  0.00000000E+00  5.69274067E-02  1.28728467E-01
  1.71080000E-01  5.00000000E-01  1.23170112E+00  9.41795051E-02  6.09211042E-01  0.00000000E+00  5.68560808E-02  1.28821004E-01
  1.72960000E-01  5.00000000E-01  1.23115683E+00  9.52904603E-02  6.09873133E-01  0.00000000E+00  5.67847700E-02  1.28913348E-01
  1.74840000E-01  5.00000000E-01  1.23060687E+00  9.64030581E-02  6.10542556E-01  0.00000000E+00  5.67134746E-02  1.29005498E-01
  1.76720000E-01  5.00000000E-01  1.23005121E+00  9.75173185E-02  6.11219305E-01  0.00000000E+00  5.66421948E-02  1.29097452E-01
  1.78600000E-01  5.00000000E-01  1.22948986E+00  9.86332616E-02  6.11903374E-01  0.00000000E+00  5.65709308E-02  1.29189209E-01
  1.80480000E-01  5.00000000E-01  1.22892280E+00  9.97509075E-02  6.12594755E-01  0.00000000E+00  5.64996829E-02  1.29280767E-01
  1.82360000E-01  5.00000000E-01  1.22835004E+00  1.00870276E-01  6.13293443E-01  0.00000000E+00  5.64284512E-02  1.29372126E-01
  1.84240000E-01  5.00000000E-01  1.22777155E+00  1.01991388E-01  6.13999431E-01  0.00000000E+00  5.63572362E-02  1.29463283E-01
  1.86120000E-01  5.00000000E-01  1.22718726E+00  1.03114326E-01  6.14712880E-01  0.00000000E+00  5.62860384E-02  1.29554230E-01
  1.88000000E-01  5.00000000E-01  1.22659723E+00  1.04239055E-01  6.15433679E-01  0.00000000E+00  5.62148576E-02  1.29644971E-01
  1.89880000E-01  5.00000000E-01  1.22600145E+00  1.05365590E-01  6.16161806E-01  0.00000000E+00  5.61436938E-02  1.29735508E-01
  1.91760000E-01  5.00000000E-01  1.22539991E+00  1.06493951E-01  6.16897257E-01  0.00000000E+00  5.60725474E-02  1.29825836E-01
  1.93640000E-01  5.00000000E-01  1.22479261E+00  1.07624161E-01  6.17640026E-01  0.00000000E+00  5.60014186E-02  1.29915955E-01
  1.95520000E-01  5.00000000E-01  1.22417952E+00  1.08756239E-01  6.18390108E-01  0.00000000E+00  5.59303076E-02  1.30005863E-01
  1.97400000E-01  5.00000000E-01  1.22356066E+00  1.09890207E-01  6.19147497E-01  0.00000000E+00  5.58592147E-02  1.30095557E-01
  1.99280000E-01  5.00000000E-01  1.22293599E+00  1.11026086E-01  6.19912188E-01  0.00000000E+00  5.57881402E-02  1.30185035E-01
  2.01160000E-01  5.00000000E-01  1.22230551E+00  1.12163897E-01  6.20684175E-01  0.00000000E+00  5.57170842E-02  1.30274297E-01
  2.03040000E-01  5.00000000E-01  1.22166921E+00  1.13303661E-01  6.21463454E-01  0.00000000E+00  5.56460470E-02  1.30363339E-01
  2.04920000E-01  5.00000000E-01  1.22102708E+00  1.14445399E-01  6.22250019E-01  0.00000000E+00  5.55750288E-02  1.30452160E-01
  2.06800000E-01  5.00000000E-01  1.22037911E+00  1.15589133E-01  6.23043864E-01  0.00000000E+00  5.55040300E-02  1.30540759E-01
  2.08680000E-01  5.00000000E-01  1.21972528E+00  1.16734883E-01  6.23844985E-01  0.00000000E+00  5.54330508E-02  1.30629132E-01
  2.10560000E-01  5.00000000E-01  1.21906559E+00  1.17882670E-01  6.24653375E-01  0.00000000E+00  5.53620913E-02  1.30717278E-01
  2.12440000E-01  5.00000000E-01  1.21840003E+00  1.19032516E-01  6.25469030E-01  0.00000000E+00  5.52911519E-02  1.30805195E-01
  2.14320000E-01  5.00000000E-01  1.21772858E+00  1.20184442E-01  6.26291943E-01  0.00000000E+00  5.52202328E-02  1.30892882E-01
  2.16200000E-01  5.00000000E-01  1.21705123E+00  1.21338468E-01  6.27122111E-01  0.00000000E+00  5.51493342E-02  1.30980336E-01
  2.18080000E-01  5.00000000E-01  1.21636798E+00  1.22494617E-01  6.27959527E-01  0.00000000E+00  5.50784564E-02  1.31067555E-01
  2.19960000E-01  5.00000000E-01  1.21567881E+00  1.23652907E-01  6.28804185E-01  0.00000000E+00  5.50075996E-02  1.31154537E-01
  2.21840000E-01  5.00000000E-01  1.21498371E+00  1.24813362E-01  6.29656082E-01  0.00000000E+00  5.49367641E-02  1.31241281E-01
  2.23720000E-01  5.00000000E-01  1.21428268E+00  1.25976002E-01  6.30515210E-01  0.00000000E+00  5.48659501E-02  1.31327785E-01
  2.25600000E-01  5.00000000E-01  1.21357569E+00  1.27140848E-01  6.31381565E-01  0.00000000E+00  5.47951579E-02  1.31414046E-01
  2.27480000E-01  5.00000000E-01  1.21286274E+00  1.28307921E-01  6.32255142E-01  0.00000000E+00  5.47243877E-02  1.31500063E-01
  2.29360000E-01  5.00000000E-01  1.21214382E+00  1.29477242E-01  6.33135935E-01  0.00000000E+00  5.46536397E-02  1.31585834E-01
  2.31240000E-01  5.00000000E-01  1.21141891E+00  1.30648788E-01  6.34023976E-01  0.00000000E+00  5.45829150E-02  1.31671351E-01
  2.33120000E-01  5.00000000E-01  1.21068799E+00  1.31822558E-01  6.34919283E-01  0.00000000E+00  5.45122142E-02  1.31756611E-01
  2.35000000E-01  5.00000000E-01  1.20995106E+00  1.32998643E-01  6.35821791E-01  0.00000000E+00  5.44415361E-02  1.31841619E-01
  2.36880000E-01  5.00000000E-01  1.20920811E+00  1.34177062E-01  6.36731495E-01  0.00000000E+00  5.43708812E-02  1.31926371E-01
  2.38760000E-01  5.00000000E-01  1.20845912E+00  1.35357834E-01  6.37648389E-01  0.00000000E+00  5.43002498E-02  1.32010867E-01
  2.40640000E-01  5.00000000E-01  1.20770408E+00  1.36540977E-01  6.38572467E-01  0.00000000E+00  5.42296421E-02  1.32095102E-01
  2.42520000E-01  5.00000000E-01  1.20694299E+00  1.37726510E-01  6.39503723E-01  0.00000000E+00  5.41590585E-02  1.32179074E-01
  2.44400000E-01  5.00000000E-01  1.20617582E+00  1.38914452E-01  6.40442152E-01  0.00000000E+00  5.40884993E-02  1.32262781E-01
  2.46280000E-01  5.00000000E-01  1.20540256E+00  1.40104821E-01  6.41387748E-01  0.00000000E+00  5.40179648E-02  1.32346219E-01
  2.48160000E-01  5.00000000E-01  1.20462321E+00  1.41297636E-01  6.42340504E-01  0.00000000E+00  5.39474552E-02  1.32429387E-01
  2.50040000E-01  5.00000000E-01  1.20383774E+00  1.42492916E-01  6.43300417E-01  0.00000000E+00  5.38769710E-02  1.32512280E-01
  2.51920000E-01  5.00000000E-01  1.20304614E+00  1.43690679E-01  6.44267478E-01  0.00000000E+00  5.38065124E-02  1.32594898E-01
  2.53800000E-01  5.00000000E-01  1.20224840E+00  1.44890943E-01  6.45241684E-01  0.00000000E+00  5.37360797E-02  1.32677236E-01
  2.55680000E-01  5.00000000E-01  1.20144451E+00  1.46093729E-01  6.46223027E-01  0.00000000E+00  5.36656733E-02  1.32759293E-01
  2.57560000E-01  5.00000000E-01  1.20063446E+00  1.47299053E-01  6.47211503E-01  0.00000000E+00  5.35952934E-02  1.32841065E-01
  2.59440000E-01  5.00000000E-01  1.19981822E+00  1.48506935E-01  6.48207106E-01  0.00000000E+00  5.35249403E-02  1.32922550E-01
  2.61320000E-01  5.00000000E-01  1.19899580E+00  1.49717394E-01  6.49209829E-01  0.00000000E+00  5.34546144E-02  1.33003745E-01
  2.63200000E-01  5.00000000E-01  1.19816717E+00  1.50930448E-01  6.50219667E-01  0.00000000E+00  5.33843159E-02  1.33084648E-01
  2.65080000E-01  5.00000000E-01  1.19733232E+00  1.52146115E-01  6.51236614E-01  0.00000000E+00  5.33140453E-02  1.33165256E-01
  2.66960000E-01  5.00000000E-01  1.19649124E+00  1.53364415E-01  6.52260665E-01  0.00000000E+00  5.32438027E-02  1.33245565E-01
  2.68840000E-01  5.00000000E-01  1.19564392E+00  1.54585367E-01  6.53291814E-01  0.00000000E+00  5.31735885E-02  1.33325574E-01
  2.70720000E-01  5.00000000E-01  1.19479034E+00  1.55808988E-01  6.54330055E-01  0.00000000E+00  5.31034030E-02  1.33405280E-01
  2.72600000E-01  5.00000000E-01  1.19393049E+00  1.57035297E-01  6.55375381E-01  0.00000000E+00  5.30332465E-02  1.33484679E-01
  2.74480000E-01  5.00000000E-01  1.19306435E+00  1.58264313E-01  6.56427789E-01  0.00000000E+00  5.29631193E-02  1.33563770E-01
  2.76360000E-01  5.00000000E-01  1.19219192E+00  1.59496055E-01  6.57487271E-01  0.00000000E+00  5.28930217E-02  1.33642550E-01
  2.78240000E-01  5.00000000E-01  1.19131305E+00  1.60730642E-01  6.58553361E-01  0.00000000E+00  5.28229552E-02  1.33721003E-01
  2.80120000E-01  5.00000000E-01  1.19042784E+00  1.61968007E-01  6.59626505E-01  0.00000000E+00  5.27529190E-02  1.33799137E-01
  2.82000000E-01  5.00000000E-01  1.18953629E+00  1.63208156E-01  6.60706763E-01  0.00000000E+00  5.26829133E-02  1.33876951E-01
  2.83880000E-01  5.00000000E-01  1.18863838E+00  1.64451109E-01  6.61794115E-01  0.00000000E+00  5.26129384E-02  1.33954442E-01
  2.85760000E-01  5.00000000E-01  1.18773409E+00  1.65696884E-01  6.62888544E-01  0.00000000E+00  5.25429948E-02  1.34031605E-01
  2.87640000E-01  5.00000000E-01  1.18682341E+00  1.66945501E-01  6.63990031E-01  0.00000000E+00  5.24730828E-02  1.34108437E-01
  2.89520000E-01  5.00000000E-01  1.18590632E+00  1.68196981E-01  6.65098556E-01  0.00000000E+00  5.24032028E-02  1.34184935E-01
  2.91400000E-01  5.00000000E-01  1.18498280E+00  1.69451343E-01  6.66214102E-01  0.00000000E+00  5.23333552E-02  1.34261094E-01
  2.93280000E-01  5.00000000E-01  1.18405284E+00  1.70708607E-01  6.67336650E-01  0.00000000E+00  5.22635404E-02  1.34336911E-01
  2.95160000E-01  5.00000000E-01  1.18311641E+00  1.71968792E-01  6.68466182E-01  0.00000000E+00  5.21937588E-02  1.34412383E-01
  2.97040000E-01  5.00000000E-01  1.18217349E+00  1.73231917E-01  6.69602678E-01  0.00000000E+00  5.21240108E-02  1.34487506E-01
  2.98920000E-01  5.00000000E-01  1.18122408E+00  1.74498004E-01  6.70746120E-01  0.00000000E+00  5.20542967E-02  1.34562275E-01
  3.00800000E-01  5.00000000E-01  1.18026815E+00  1.75767071E-01  6.71896490E-01  0.00000000E+00  5.19846170E-02  1.34636688E-01
  3.02680000E-01  5.00000000E-01  1.17930569E+00  1.77039138E-01  6.73053769E-01  0.00000000E+00  5.19149719E-02  1.34710741E-01
  3.04560000E-01  5.00000000E-01  1.17833667E+00  1.78314225E-01  6.74217939E-01  0.00000000E+00  5.18453620E-02  1.34784430E-01
  3.06440000E-01  5.00000000E-01  1.17736108E+00  1.79592352E-01  6.75388980E-01  0.00000000E+00  5.17757876E-02  1.34857751E-01
  3.08320000E-01  5.00000000E-01  1.17637891E+00  1.80873538E-01  6.76566875E-01  0.00000000E+00  5.17062491E-02  1.34930701E-01
  3.10200000E-01  5.00000000E-01  1.17539012E+00  1.82157802E-01  6.77751604E-01  0.00000000E+00  5.16367469E-02  1.35003277E-01
  3.12080000E-01  5.00000000E-01  1.17439472E+00  1.83445166E-01  6.78943149E-01  0.00000000E+00  5.15672813E-02  1.35075474E-01
  3.13960000E-01  5.00000000E-01  1.17339267E+00  1.84735648E-01  6.80141492E-01  0.00000000E+00  5.14978527E-02  1.35147288E-01
  3.15840000E-01  5.00000000E-01  1.17238396E+00  1.86029267E-01  6.81346614E-01  0.00000000E+00  5.14284616E-02  1.35218717E-01
  3.17720000E-01  5.00000000E-01  1.17136858E+00  1.87326045E-01  6.82558496E-01  0.00000000E+00  5.13591084E-02  1.35289757E-01
  3.19600000E-01  5.00000000E-01  1.17034650E+00  1.88626000E-01  6.83777119E-01  0.00000000E+00  5.12897933E-02  1.35360404E-01
  3.21480000E-01  5.00000000E-01  1.16931771E+00  1.89929152E-01  6.85002466E-01  0.00000000E+00  5.12205168E-02  1.35430654E-01
  3.23360000E-01  5.00000000E-01  1.16828221E+00  1.91235447E-01  6.86234947E-01  0.00000000E+00  5.11512806E-02  1.35500496E-01
  3.25240000E-01  5.00000000E-01  1.16724000E+00  1.92544843E-01  6.87474919E-01  0.00000000E+00  5.10820860E-02  1.35569920E-01
  3.27120000E-01  5.00000000E-01  1.16619101E+00  1.93857500E-01  6.88721531E-01  0.00000000E+00  5.10129310E-02  1.35638937E-01
  3.29000000E-01  5.00000000E-01  1.16513523E+00  1.95173434E-01  6.89974784E-01  0.00000000E+00  5.09438162E-02  1.35707540E-01
  3.30880000E-01  5.00000000E-01  1.16407265E+00  1.96492659E-01  6.91234676E-01  0.00000000E+00  5.08747420E-02  1.35775727E-01
  3.32760000E-01  5.00000000E-01  1.16300323E+00  1.97815190E-01  6.92501207E-01  0.00000000E+00  5.08057090E-02  1.35843491E-01
  3.34640000E-01  5.00000000E-01  1.16192697E+00  1.99141041E-01  6.93774375E-01  0.00000000E+00  5.07367176E-02  1.35910827E-01
  3.36520000E-01  5.00000000E-01  1.16084384E+00  2.00470227E-01  6.95054180E-01  0.00000000E+00  5.06677685E-02  1.35977731E-01
  3.38400000E-01  5.00000000E-01  1.15975382E+00  2.01802761E-01  6.96340621E-01  0.00000000E+00  5.05988620E-02  1.36044198E-01
  3.40280000E-01  5.00000000E-01  1.15865690E+00  2.03138660E-01  6.97633698E-01  0.00000000E+00  5.05299989E-02  1.36110223E-01
  3.42160000E-01  5.00000000E-01  1.15755306E+00  2.04477936E-01  6.98933409E-01  0.00000000E+00  5.04611794E-02  1.36175801E-01
  3.44040000E-01  5.00000000E-01  1.15644227E+00  2.05820605E-01  7.00239753E-01  0.00000000E+00  5.03924043E-02  1.36240927E-01
  3.45920000E-01  5.00000000E-01  1.15532453E+00  2.07166680E-01  7.01552731E-01  0.00000000E+00  5.03236740E-02  1.36305596E-01
  3.47800000E-01  5.00000000E-01  1.15419980E+00  2.08516178E-01  7.02872340E-01  0.00000000E+00  5.02549890E-02  1.36369803E-01
  3.49680000E-01  5.00000000E-01  1.15306807E+00  2.09869111E-01  7.04198581E-01  0.00000000E+00  5.01863498E-02  1.36433543E-01
  3.51560000E-01  5.00000000E-01  1.15192933E+00  2.11225495E-01  7.05531452E-01  0.00000000E+00  5.01177570E-02  1.36496812E-01
  3.53440000E-01  5.00000000E-01  1.15078355E+00  2.12585343E-01  7.06870952E-01  0.00000000E+00  5.00492110E-02  1.36559604E-01
  3.55320000E-01  5.00000000E-01  1.14963072E+00  2.13948671E-01  7.08217082E-01  0.00000000E+00  4.99807125E-02  1.36621914E-01
  3.57200000E-01  5.00000000E-01  1.14847081E+00  2.15315493E-01  7.09569839E-01  0.00000000E+00  4.99122619E-02  1.36683738E-01
  3.59080000E-01  5.00000000E-01  1.14730381E+00  2.16685823E-01  7.10929224E-01  0.00000000E+00  4.98438597E-02  1.36745071E-01
  3.60960000E-01  5.00000000E-01  1.14612969E+00  2.18059676E-01  7.12295235E-01  0.00000000E+00  4.97755065E-02  1.36805907E-01
  3.62840000E-01  5.00000000E-01  1.14494845E+00  2.19437066E-01  7.13667871E-01  0.00000000E+00  4.97072027E-02  1.36866242E-01
  3.64720000E-01  5.00000000E-01  1.14376005E+00  2.20818008E-01  7.15047132E-01  0.00000000E+00  4.96389490E-02  1.36926071E-01
  3.66600000E-01  5.00000000E-01  1.14256448E+00  2.22202517E-01  7.16433017E-01  0.00000000E+00  4.95707458E-02  1.36985389E-01
  3.68480000E-01  5.00000000E-01  1.14136173E+00  2.23590606E-01  7.17825526E-01  0.00000000E+00  4.95025936E-02  1.37044191E-01
  3.70360000E-01  5.00000000E-01  1.14015152E+00  2.24982464E-01  7.19222555E-01  0.00000000E+00  4.94344930E-02  1.37102456E-01
  3.72240000E-01  5.00000000E-01  1.13893403E+00  2.26377970E-01  7.20625852E-01  0.00000000E+00  4.93664444E-02  1.37160192E-01
  3.74120000E-01  5.00000000E-01  1.13770929E+00  2.27777099E-01  7.22035848E-01  0.00000000E+00  4.92984485E-02  1.37217396E-01
  3.76000000E-01  5.00000000E-01  1.13647728E+00  2.29179866E-01  7.23452494E-01  0.00000000E+00  4.92305057E-02  1.37274062E-01
  3.77880000E-01  5.00000000E-01  1.13523797E+00  2.30586288E-01  7.24875739E-01  0.00000000E+00  4.91626166E-02  1.37330184E-01
  3.79760000E-01  5.00000000E-01  1.13399132E+00  2.31996381E-01  7.26305532E-01  0.00000000E+00  4.90947820E-02  1.37385754E-01
  3.81640000E-01  5.00000000E-01  1.13273733E+00  2.33410159E-01  7.27741823E-01  0.00000000E+00  4.90270023E-02  1.37440767E-01
  3.83520000E-01  5.00000000E-01  1.13147595E+00  2.34827639E-01  7.29184559E-01  0.00000000E+00  4.89592782E-02  1.37495217E-01
  3.85400000E-01  5.00000000E-01  1.13020716E+00  2.36248836E-01  7.30633692E-01  0.00000000E+00  4.88916103E-02  1.37549096E-01
  3.87280000E-01  5.00000000E-01  1.12893093E+00  2.37673765E-01  7.32089170E-01  0.00000000E+00  4.88239991E-02  1.37602398E-01
  3.89160000E-01  5.00000000E-01  1.12764725E+00  2.39102443E-01  7.33550942E-01  0.00000000E+00  4.87564453E-02  1.37655118E-01
  3.91040000E-01  5.00000000E-01  1.12635607E+00  2.40534885E-01  7.35018957E-01  0.00000000E+00  4.86889495E-02  1.37707249E-01
  3.92920000E-01  5.00000000E-01  1.12505738E+00  2.41971106E-01  7.36493166E-01  0.00000000E+00  4.86215122E-02  1.37758783E-01
  3.94800000E-01  5.00000000E-01  1.12375115E+00  2.43411123E-01  7.37973516E-01  0.00000000E+00  4.85541340E-02  1.37809716E-01
  3.96680000E-01  5.00000000E-01  1.12243734E+00  2.44854951E-01  7.39459958E-01  0.00000000E+00  4.84868157E-02  1.37860040E-01
  3.98560000E-01  5.00000000E-01  1.12111594E+00  2.46302605E-01  7.40952440E-01  0.00000000E+00  4.84195576E-02  1.37909749E-01
  4.00440000E-01  5.00000000E-01  1.11978692E+00  2.47754101E-01  7.42450913E-01  0.00000000E+00  4.83523606E-02  1.37958837E-01
  4.02320000E-01  5.00000000E-01  1.11845025E+00  2.49209455E-01  7.43955324E-01  0.00000000E+00  4.82852250E-02  1.38007297E-01
  4.04200000E-01  5.00000000E-01  1.11710590E+00  2.50668682E-01  7.45465624E-01  0.00000000E+00  4.82181516E-02  1.38055123E-01
  4.06080000E-01  5.00000000E-01  1.11575385E+00  2.52131799E-01  7.46981762E-01  0.00000000E+00  4.81511410E-02  1.38102308E-01
  4.07960000E-01  5.00000000E-01  1.11439407E+00  2.53598820E-01  7.48503686E-01  0.00000000E+00  4.80841937E-02  1.38148847E-01
  4.09840000E-01  5.00000000E-01  1.11302653E+00  2.55069761E-01  7.50031347E-01  0.00000000E+00  4.80173103E-02  1.38194732E-01
  4.11720000E-01  5.00000000E-01  1.11165121E+00  2.56544639E-01  7.51564693E-01  0.00000000E+00  4.79504915E-02  1.38239958E-01
  4.13600000E-01  5.00000000E-01  1.11026807E+00  2.58023467E-01  7.53103674E-01  0.00000000E+00  4.78837378E-02  1.38284517E-01
  4.15480000E-01  5.00000000E-01  1.10887719E+00  2.59506136E-01  7.54649575E-01  0.00000000E+00  4.78170516E-02  1.38328393E-01
  4.17360000E-01  5.00000000E-01  1.10747862E+00  2.60992492E-01  7.56204116E-01  0.00000000E+00  4.77504360E-02  1.38371566E-01
  4.19240000E-01  5.00000000E-01  1.10607216E+00  2.62482857E-01  7.57764048E-01  0.00000000E+00  4.76838871E-02  1.38414053E-01
  4.21120000E-01  5.00000000E-01  1.10465776E+00  2.63977236E-01  7.59329390E-01  0.00000000E+00  4.76174057E-02  1.38455846E-01
  4.23000000E-01  5.00000000E-01  1.10323542E+00  2.65475632E-01  7.60900162E-01  0.00000000E+00  4.75509926E-02  1.38496937E-01
  4.24880000E-01  5.00000000E-01  1.10180509E+00  2.66978051E-01  7.62476386E-01  0.00000000E+00  4.74846485E-02  1.38537318E-01
  4.26760000E-01  5.00000000E-01  1.10036677E+00  2.68484496E-01  7.64058083E-01  0.00000000E+00  4.74183742E-02  1.38576979E-01
  4.28640000E-01  5.00000000E-01  1.09892042E+00  2.69994972E-01  7.65645271E-01  0.00000000E+00  4.73521704E-02  1.38615913E-01
  4.30520000E-01  5.00000000E-01  1.09746601E+00  2.71509483E-01  7.67237973E-01  0.00000000E+00  4.72860379E-02  1.38654111E-01
  4.32400000E-01  5.00000000E-01  1.09600353E+00  2.73028035E-01  7.68836208E-01  0.00000000E+00  4.72199775E-02  1.38691565E-01
  4.34280000E-01  5.00000000E-01  1.09453295E+00  2.74550630E-01  7.70439998E-01  0.00000000E+00  4.71539899E-02  1.38728266E-01
  4.36160000E-01  5.00000000E-01  1.09305424E+00  2.76077274E-01  7.72049362E-01  0.00000000E+00  4.70880759E-02  1.38764206E-01
  4.38040000E-01  5.00000000E-01  1.09156738E+00  2.77607972E-01  7.73664321E-01  0.00000000E+00  4.70222363E-02  1.38799376E-01
  4.39920000E-01  5.00000000E-01  1.09007235E+00  2.79142727E-01  7.75284897E-01  0.00000000E+00  4.69564717E-02  1.38833768E-01
  4.41800000E-01  5.00000000E-01  1.08856911E+00  2.80681544E-01  7.76911108E-01  0.00000000E+00  4.68907830E-02  1.38867374E-01
  4.43680000E-01  5.00000000E-01  1.08705765E+00  2.82224427E-01  7.78542977E-01  0.00000000E+00  4.68251709E-02  1.38900184E-01
  4.45560000E-01  5.00000000E-01  1.08553794E+00  2.83771381E-01  7.80180523E-01  0.00000000E+00  4.67596362E-02  1.38932192E-01
  4.47440000E-01  5.00000000E-01  1.08400995E+00  2.85322411E-01  7.81823768E-01  0.00000000E+00  4.66941797E-02  1.38963387E-01
  4.49320000E-01  5.00000000E-01  1.08247366E+00  2.86877520E-01  7.83472731E-01  0.00000000E+00  4.66288020E-02  1.38993763E-01
  4.51200000E-01  5.00000000E-01  1.08092904E+00  2.88436714E-01  7.85127433E-01  0.00000000E+00  4.65635040E-02  1.39023309E-01
  4.53080000E-01  5.00000000E-01  1.07937607E+00  2.89999996E-01  7.86787895E-01  0.00000000E+00  4.64982863E-02  1.39052019E-01
  4.54960000E-01  5.00000000E-01  1.07781473E+00  2.91567371E-01  7.88454137E-01  0.00000000E+00  4.64331499E-02  1.39079883E-01
  4.56840000E-01  5.00000000E-01  1.07624499E+00  2.93138843E-01  7.90126180E-01  0.00000000E+00  4.63680954E-02  1.39106893E-01
  4.58720000E-01  5.00000000E-01  1.07466682E+00  2.94714417E-01  7.91804044E-01  0.00000000E+00  4.63031236E-02  1.39133041E-01
  4.60600000E-01  5.00000000E-01  1.07308020E+00  2.96294098E-01  7.93487750E-01  0.00000000E+00  4.62382352E-02  1.39158318E-01
  4.62480000E-01  5.00000000E-01  1.07148454E+00  2.97878233E-01  7.95171159E-01  0.00000000E+00  4.61734261E-02  1.39182702E-01
  4.64360000E-01  5.00000000E-01  1.06988023E+00  2.99466575E-01  7.96858871E-01  0.00000000E+00  4.61087007E-02  1.39206195E-01
  4.66240000E-01  5.00000000E-01  1.06826739E+00  3.01059028E-01  7.98552628E-01  0.00000000E+00  4.60440611E-02  1.39228789E-01
  4.68120000E-01  5.00000000E-01  1.06664598E+00  3.02655598E-01  8.00252305E-01  0.00000000E+00  4.59795080E-02  1.39250475E-01
  4.70000000E-01  5.00000000E-01  1.06501597E+00  3.04256289E-01  8.01957778E-01  0.00000000E+00  4.59150420E-02  1.39271243E-01
  4.71880000E-01  5.00000000E-01  1.06337730E+00  3.05861110E-01  8.03668921E-01  0.00000000E+00  4.58506639E-02  1.39291080E-01
  4.73760000E-01  5.00000000E-01  1.06172994E+00  3.07470065E-01  8.05385609E-01  0.00000000E+00  4.57863743E-02  1.39309978E-01
  4.75640000E-01  5.00000000E-01  1.06007385E+00  3.09083162E-01  8.07107718E-01  0.00000000E+00  4.57221739E-02  1.39327926E-01
  4.77520000E-01  5.00000000E-01  1.05840898E+00  3.10700405E-01  8.08835122E-01  0.00000000E+00  4.56580633E-02  1.39344913E-01
  4.79400000E-01  5.00000000E-01  1.05673529E+00  3.12321802E-01  8.10567698E-01  0.00000000E+00  4.55940433E-02  1.39360929E-01
  4.81280000E-01  5.00000000E-01  1.05505275E+00  3.13947358E-01  8.12305320E-01  0.00000000E+00  4.55301145E-02  1.39375962E-01
  4.83160000E-01  5.00000000E-01  1.05336131E+00  3.15577079E-01  8.14047863E-01  0.00000000E+00  4.54662775E-02  1.39390004E-01
  4.85040000E-01  5.00000000E-01  1.05166092E+00  3.17210972E-01  8.15795203E-01  0.00000000E+00  4.54025331E-02  1.39403043E-01
  4.86920000E-01  5.00000000E-01  1.04995156E+00  3.18849042E-01  8.17547214E-01  0.00000000E+00  4.53388818E-02  1.39415069E-01
  4.88800000E-01  5.00000000E-01  1.04823317E+00  3.20491297E-01  8.19303772E-01  0.00000000E+00  4.52753245E-02  1.39426071E-01
  4.90680000E-01  5.00000000E-01  1.04650572E+00  3.22137741E-01  8.21064752E-01  0.00000000E+00  4.52118617E-02  1.39436039E-01
  4.92560000E-01  5.00000000E-01  1.04476916E+00  3.23788381E-01  8.22830030E-01  0.00000000E+00  4.51484941E-02  1.39444963E-01
  4.94440000E-01  5.00000000E-01  1.04302346E+00  3.25443224E-01  8.24599479E-01  0.00000000E+00  4.50852225E-02  1.39452831E-01
  4.96320000E-01  5.00000000E-01  1.04126856E+00  3.27102275E-01  8.26372976E-01  0.00000000E+00  4.50220474E-02  1.39459634E-01
  4.98200000E-01  5.00000000E-01  1.03950444E+00  3.28765540E-01  8.28150396E-01  0.00000000E+00  4.49589695E-02  1.39465360E-01
  5.00080000E-01  5.00000000E-01  1.03773104E+00  3.30433026E-01  8.29931613E-01  0.00000000E+00  4.48959895E-02  1.39470001E-01
  5.01960000E-01  5.00000000E-01  1.03594833E+00  3.32104738E-01  8.31716503E-01  0.00000000E+00  4.48331082E-02  1.39473544E-01
  5.03840000E-01  5.00000000E-01  1.03415627E+00  3.33780684E-01  8.33504942E-01  0.00000000E+00  4.47703260E-02  1.39475980E-01
  5.05720000E-01  5.00000000E-01  1.03235481E+00  3.35460868E-01  8.35296803E-01  0.00000000E+00  4.47076438E-02  1.39477298E-01
  5.07600000E-01  5.00000000E-01  1.03054413E+00  3.37145061E-01  8.37095237E-01  0.00000000E+00  4.46450654E-02  1.39477471E-01
  5.09480000E-01  5.00000000E-01  1.02872459E+00  3.38832818E-01  8.38906474E-01  0.00000000E+00  4.45825977E-02  1.39476458E-01
  5.11360000E-01  5.00000000E-01  1.02689551E+00  3.40524856E-01  8.40720510E-01  0.00000000E+00  4.45202315E-02  1.39474295E-01
  5.13240000E-01  5.00000000E-01  1.02505684E+00  3.42221155E-01  8.42537435E-01  0.00000000E+00  4.44579678E-02  1.39470970E-01
  5.15120000E-01  5.00000000E-01  1.02320858E+00  3.43921696E-01  8.44357339E-01  0.00000000E+00  4.43958073E-02  1.39466467E-01
  5.17000000E-01  5.00000000E-01  1.02135067E+00  3.45626459E-01  8.46180312E-01  0.00000000E+00  4.43337508E-02  1.39460775E-01
  5.18880000E-01  5.00000000E-01  1.01948309E+00  3.47335427E-01  8.48006444E-01  0.00000000E+00  4.42717992E-02  1.39453878E-01
  5.20760000E-01  5.00000000E-01  1.01760581E+00  3.49048579E-01  8.49835826E-01  0.00000000E+00  4.42099533E-02  1.39445763E-01
  5.22640000E-01  5.00000000E-01  1.01571879E+00  3.50765897E-01  8.51668547E-01  0.00000000E+00  4.41482138E-02  1.39436417E-01
  5.24520000E-01  5.00000000E-01  1.01382200E+00  3.52487361E-01  8.53504697E-01  0.00000000E+00  4.40865817E-02  1.39425826E-01
  5.26400000E-01  5.00000000E-01  1.01191542E+00  3.54212952E-01  8.55344366E-01  0.00000000E+00  4.40250576E-02  1.39413976E-01
  5.28280000E-01  5.00000000E-01  1.00999901E+00  3.55942651E-01  8.57187645E-01  0.00000000E+00  4.39636425E-02  1.39400853E-01
  5.30160000E-01  5.00000000E-01  1.00807274E+00  3.57676440E-01  8.59034624E-01  0.00000000E+00  4.39023370E-02  1.39386444E-01
  5.32040000E-01  5.00000000E-01  1.00613658E+00  3.59414298E-01  8.60885392E-01  0.00000000E+00  4.38411421E-02  1.39370735E-01
  5.33920000E-01  5.00000000E-01  1.00419049E+00  3.61156207E-01  8.62740040E-01  0.00000000E+00  4.37800586E-02  1.39353712E-01
  5.35800000E-01  5.00000000E-01  1.00223444E+00  3.62902147E-01  8.64598657E-01  0.00000000E+00  4.37190872E-02  1.39335362E-01
  5.37680000E-01  5.00000000E-01  1.00026841E+00  3.64652100E-01  8.66461335E-01  0.00000000E+00  4.36582288E-02  1.39315671E-01
  5.39560000E-01  5.00000000E-01  9.98292361E-01  3.66406046E-01  8.68328162E-01  0.00000000E+00  4.35974842E-02  1.39294625E-01
  5.41440000E-01  5.00000000E-01  9.96306259E-01  3.68163966E-01  8.70199229E-01  0.00000000E+00  4.35368542E-02  1.39272210E-01
  5.43320000E-01  5.00000000E-01  9.94310076E-01  3.69925841E-01  8.72074626E-01  0.00000000E+00  4.34763396E-02  1.39248413E-01
  5.45200000E-01  5.00000000E-01  9.92303778E-01  3.71691652E-01  8.73954443E-01  0.00000000E+00  4.34159412E-02  1.39223221E-01
  5.47080000E-01  5.00000000E-01  9.90287335E-01  3.73461380E-01  8.75838771E-01  0.00000000E+00  4.33556598E-02  1.39196619E-01
  5.48960000E-01  5.00000000E-01  9.88260715E-01  3.75235005E-01  8.77727698E-01  0.00000000E+00  4.32954963E-02  1.39168593E-01
  5.50840000E-01  5.00000000E-01  9.86223887E-01  3.77012509E-01  8.79621316E-01  0.00000000E+00  4.32354514E-02  1.39139131E-01
  5.52720000E-01  5.00000000E-01  9.84176818E-01  3.78793872E-01  8.81519715E-01  0.00000000E+00  4.31755260E-02  1.39108218E-01
  5.54600000E-01  5.00000000E-01  9.82118148E-01  3.80579844E-01  8.83407182E-01  0.00000000E+00  4.31157005E-02  1.39075847E-01
  5.56480000E-01  5.00000000E-01  9.80048707E-01  3.82369894E-01  8.85294202E-01  0.00000000E+00  4.30559892E-02  1.39042000E-01
  5.58360000E-01  5.00000000E-01  9.77968933E-01  3.84163710E-01  8.87186571E-01  0.00000000E+00  4.29964002E-02  1.39006658E-01
  5.60240000E-01  5.00000000E-01  9.75878757E-01  3.85961276E-01  8.89083993E-01  0.00000000E+00  4.29369335E-02  1.38969804E-01
  5.62120000E-01  5.00000000E-01  9.73778108E-01  3.87762577E-01  8.90986173E-01  0.00000000E+00  4.28775894E-02  1.38931422E-01
  5.64000000E-01  5.00000000E-01  9.71666914E-01  3.89567596E-01  8.92892817E-01  0.00000000E+00  4.28183680E-02  1.38891496E-01
  5.65880000E-01  5.00000000E-01  9.69545107E-01  3.91376318E-01  8.94803631E-01  0.00000000E+00  4.27592693E-02  1.38850010E-01
  5.67760000E-01  5.00000000E-01  9.67412614E-01  3.93188727E-01  8.96718318E-01  0.00000000E+00  4.27002936E-02  1.38806948E-01
  5.69640000E-01  5.00000000E-01  9.65269366E-01  3.95004808E-01  8.98636586E-01  0.00000000E+00  4.26414409E-02  1.38762293E-01
  5.71520000E-01  5.00000000E-01  9.63115292E-01  3.96824545E-01  9.00558138E-01  0.00000000E+00  4.25827114E-02  1.38716030E-01
  5.73400000E-01  5.00000000E-01  9.60950322E-01  3.98647922E-01  9.02482680E-01  0.00000000E+00  4.25241052E-02  1.38668142E-01
  5.75280000E-01  5.00000000E-01  9.58774384E-01  4.00474923E-01  9.04409917E-01  0.00000000E+00  4.24656225E-02  1.38618614E-01
  5.77160000E-01  5.00000000E-01  9.56587408E-01  4.02305533E-01  9.06339555E-01  0.00000000E+00  4.24072634E-02  1.38567428E-01
  5.79040000E-01  5.00000000E-01  9.54389324E-01  4.04139736E-01  9.08271298E-01  0.00000000E+00  4.23490280E-02  1.38514569E-01
  5.80920000E-01  5.00000000E-01  9.52180061E-01  4.05977516E-01  9.10204852E-01  0.00000000E+00  4.22909165E-02  1.38460020E-01
  5.82800000E-01  5.00000000E-01  9.49959549E-01  4.07818857E-01  9.12139923E-01  0.00000000E+00  4.22329290E-02  1.38403766E-01
  5.84680000E-01  5.00000000E-01  9.47727716E-01  4.09663744E-01  9.14076215E-01  0.00000000E+00  4.21750656E-02  1.38345790E-01
  5.86560000E-01  5.00000000E-01  9.45484493E-01  4.11512161E-01  9.16013433E-01  0.00000000E+00  4.21173264E-02  1.38286076E-01
  5.88440000E-01  5.00000000E-01  9.43229808E-01  4.13364093E-01  9.17951284E-01  0.00000000E+00  4.20597117E-02  1.38224607E-01
  5.90320000E-01  5.00000000E-01  9.40963592E-01  4.15219523E-01  9.19889471E-01  0.00000000E+00  4.20022215E-02  1.38161369E-01
  5.92200000E-01  5.00000000E-01  9.38685773E-01  4.17078435E-01  9.21827701E-01  0.00000000E+00  4.19448559E-02  1.38096344E-01
  5.94080000E-01  5.00000000E-01  9.36396282E-01  4.18940815E-01  9.23765678E-01  0.00000000E+00  4.18876151E-02  1.38029517E-01
  5.95960000E-01  5.00000000E-01  9.34095047E-01  4.20806646E-01  9.25703108E-01  0.00000000E+00  4.18304993E-02  1.37960870E-01
  5.97840000E-01  5.00000000E-01  9.31781997E-01  4.22675913E-01  9.27639696E-01  0.00000000E+00  4.17735085E-02  1.37890389E-01
  5.99720000E-01  5.00000000E-01  9.29457541E-01  4.24548116E-01  9.29582232E-01  0.00000000E+00  4.17166506E-02  1.37818027E-01
  6.01600000E-01  5.00000000E-01  9.27122955E-01  4.26421897E-01  9.31550508E-01  0.00000000E+00  4.16599476E-02  1.37743684E-01
  6.03480000E-01  5.00000000E-01  9.24776281E-01  4.28299136E-01  9.33516428E-01  0.00000000E+00  4.16033688E-02  1.37667460E-01
  6.05360000E-01  5.00000000E-01  9.22417480E-01  4.30179752E-01  9.35480278E-01  0.00000000E+00  4.15469146E-02  1.37589331E-01
  6.07240000E-01  5.00000000E-01  9.20046511E-01  4.32063665E-01  9.37442341E-01  0.00000000E+00  4.14905853E-02  1.37509276E-01
  6.09120000E-01  5.00000000E-01  9.17663334E-01  4.33950793E-01  9.39402901E-01  0.00000000E+00  4.14343812E-02  1.37427272E-01
  6.11000000E-01  5.00000000E-01  9.15267906E-01  4.35841055E-01  9.41362243E-01  0.00000000E+00  4.13783025E-02  1.37343299E-01
  6.12880000E-01  5.00000000E-01  9.12860189E-01  4.37734371E-01  9.43320651E-01  0.00000000E+00  4.13223497E-02  1.37257334E-01
  6.14760000E-01  5.00000000E-01  9.10440140E-01  4.39630660E-01  9.45278409E-01  0.00000000E+00  4.12665229E-02  1.37169354E-01
  6.16640000E-01  5.00000000E-01  9.08007720E-01  4.41529841E-01  9.47235801E-01  0.00000000E+00  4.12108226E-02  1.37079338E-01
  6.18520000E-01  5.00000000E-01  9.05562888E-01  4.43431832E-01  9.49193112E-01  0.00000000E+00  4.11552490E-02  1.36987265E-01
  6.20400000E-01  5.00000000E-01  9.03105603E-01  4.45336553E-01  9.51150626E-01  0.00000000E+00  4.10998025E-02  1.36893111E-01
  6.22280000E-01  5.00000000E-01  9.00635824E-01  4.47243924E-01  9.53108627E-01  0.00000000E+00  4.10444833E-02  1.36796855E-01
  6.24160000E-01  5.00000000E-01  8.98153510E-01  4.49153862E-01  9.55067399E-01  0.00000000E+00  4.09892917E-02  1.36698475E-01
  6.26040000E-01  5.00000000E-01  8.95658622E-01  4.51066288E-01  9.57027227E-01  0.00000000E+00  4.09342281E-02  1.36597949E-01
  6.27920000E-01  5.00000000E-01  8.93151118E-01  4.52981120E-01  9.58988394E-01  0.00000000E+00  4.08792927E-02  1.36495255E-01
  6.29800000E-01  5.00000000E-01  8.90630957E-01  4.54898277E-01  9.60951185E-01  0.00000000E+00  4.08244859E-02  1.36390372E-01
  6.31680000E-01  5.00000000E-01  8.88098100E-01  4.56817679E-01  9.62915885E-01  0.00000000E+00  4.07698080E-02  1.36283276E-01
  6.33560000E-01  5.00000000E-01  8.85552504E-01  4.58739245E-01  9.64882776E-01  0.00000000E+00  4.07152593E-02  1.36173946E-01
  6.35440000E-01  5.00000000E-01  8.82994130E-01  4.60662893E-01  9.66852145E-01  0.00000000E+00  4.06608401E-02  1.36062360E-01
  6.37320000E-01  5.00000000E-01  8.80422937E-01  4.62588543E-01  9.68824274E-01  0.00000000E+00  4.06065507E-02  1.35948496E-01
  6.39200000E-01  5.00000000E-01  8.77838884E-01  4.64516114E-01  9.70799448E-01  0.00000000E+00  4.05523914E-02  1.35832333E-01
  6.41080000E-01  5.00000000E-01  8.75241930E-01  4.66445525E-01  9.72777952E-01  0.00000000E+00  4.04983625E-02  1.35713847E-01
  6.42960000E-01  5.00000000E-01  8.72632036E-01  4.68376695E-01  9.74760069E-01  0.00000000E+00  4.04444643E-02  1.35593018E-01
  6.44840000E-01  5.00000000E-01  8.70009159E-01  4.70309544E-01  9.76746083E-01  0.00000000E+00  4.03906971E-02  1.35469822E-01
  6.46720000E-01  5.00000000E-01  8.67370065E-01  4.72245929E-01  9.78698258E-01  0.00000000E+00  4.03369977E-02  1.35344309E-01
  6.48600000E-01  5.00000000E-01  8.64716493E-01  4.74184633E-01  9.80638328E-01  0.00000000E+00  4.02834025E-02  1.35216415E-01
  6.50480000E-01  5.00000000E-01  8.62049833E-01  4.76124647E-01  9.82583828E-01  0.00000000E+00  4.02299402E-02  1.35086082E-01
  6.52360000E-01  5.00000000E-01  8.59369943E-01  4.78065892E-01  9.84534068E-01  0.00000000E+00  4.01766089E-02  1.34953284E-01
  6.54240000E-01  5.00000000E-01  8.56676686E-01  4.80008290E-01  9.86488357E-01  0.00000000E+00  4.01234066E-02  1.34817997E-01
  6.56120000E-01  5.00000000E-01  8.53969921E-01  4.81951765E-01  9.88446006E-01  0.00000000E+00  4.00703315E-02  1.34680196E-01
  6.58000000E-01  5.00000000E-01  8.51249508E-01  4.83896237E-01  9.90406323E-01  0.00000000E+00  4.00173818E-02  1.34539855E-01
  6.59880000E-01  5.00000000E-01  8.48515309E-01  4.85841630E-01  9.92368619E-01  0.00000000E+00  3.99645554E-02  1.34396948E-01
  6.61760000E-01  5.00000000E-01  8.45767183E-01  4.87787865E-01  9.94332203E-01  0.00000000E+00  3.99118505E-02  1.34251452E-01
  6.63640000E-01  5.00000000E-01  8.43004990E-01  4.89734864E-01  9.96296385E-01  0.00000000E+00  3.98592653E-02  1.34103340E-01
  6.65520000E-01  5.00000000E-01  8.40228592E-01  4.91682551E-01  9.98260475E-01  0.00000000E+00  3.98067977E-02  1.33952587E-01
  6.67400000E-01  5.00000000E-01  8.37437849E-01  4.93630847E-01  1.00022378E+00  0.00000000E+00  3.97544460E-02  1.33799169E-01
  6.69280000E-01  5.00000000E-01  8.34632621E-01  4.95579674E-01  1.00218561E+00  0.00000000E+00  3.97022082E-02  1.33643060E-01
  6.71160000E-01  5.00000000E-01  8.31812768E-01  4.97528955E-01  1.00414528E+00  0.00000000E+00  3.96500825E-02  1.33484234E-01
  6.73040000E-01  5.00000000E-01  8.28978151E-01  4.99478612E-01  1.00610210E+00  0.00000000E+00  3.95980669E-02  1.33322668E-01
  6.74920000E-01  5.00000000E-01  8.26128630E-01  5.01428566E-01  1.00805537E+00  0.00000000E+00  3.95461595E-02  1.33158334E-01
  6.76800000E-01  5.00000000E-01  8.23264065E-01  5.03378742E-01  1.01000441E+00  0.00000000E+00  3.94943585E-02  1.32991209E-01
  6.78680000E-01  5.00000000E-01  8.20384318E-01  5.05329060E-01  1.01194852E+00  0.00000000E+00  3.94426620E-02  1.32821267E-01
  6.80560000E-01  5.00000000E-01  8.17489248E-01  5.07279442E-01  1.01388701E+00  0.00000000E+00  3.93910680E-02  1.32648483E-01
  6.82440000E-01  5.00000000E-01  8.14578716E-01  5.09229812E-01  1.01581920E+00  0.00000000E+00  3.93395747E-02  1.32472831E-01
  6.84320000E-01  5.00000000E-01  8.11652582E-01  5.11180091E-01  1.01774440E+00  0.00000000E+00  3.92881802E-02  1.32294287E-01
  6.86200000E-01  5.00000000E-01  8.08710707E-01  5.13130201E-01  1.01966190E+00  0.00000000E+00  3.92368826E-02  1.32112825E-01
  6.88080000E-01  5.00000000E-01  8.05752950E-01  5.15080066E-01  1.02157104E+00  0.00000000E+00  3.91856799E-02  1.31928420E-01
  6.89960000E-01  5.00000000E-01  8.02779173E-01  5.17029606E-01  1.02347110E+00  0.00000000E+00  3.91345704E-02  1.31741048E-01
  6.91840000E-01  5.00000000E-01  7.99790197E-01  5.18977596E-01  1.02537524E+00  0.00000000E+00  3.90835774E-02  1.31550609E-01
  6.93720000E-01  5.00000000E-01  7.96789952E-01  5.20919219E-01  1.02734154E+00  0.00000000E+00  3.90328038E-02  1.31356775E-01
  6.95600000E-01  5.00000000E-01  7.93773123E-01  5.22860580E-01  1.02929517E+00  0.00000000E+00  3.89821093E-02  1.31159911E-01
  6.97480000E-01  5.00000000E-01  7.90739645E-01  5.24801384E-01  1.03123693E+00  0.00000000E+00  3.89314942E-02  1.30959973E-01
  6.99360000E-01  5.00000000E-01  7.87689454E-01  5.26741337E-01  1.03316758E+00  0.00000000E+00  3.88809590E-02  1.30756921E-01
  7.01240000E-01  5.00000000E-01  7.84622486E-01  5.28680143E-01  1.03508790E+00  0.00000000E+00  3.88305039E-02  1.30550714E-01
  7.03120000E-01  5.00000000E-01  7.81538675E-01  5.30617506E-01  1.03699867E+00  0.00000000E+00  3.87801293E-02  1.30341310E-01
  7.05000000E-01  5.00000000E-01  7.78437957E-01  5.32553132E-01  1.03890066E+00  0.00000000E+00  3.87298357E-02  1.30128668E-01
  7.06880000E-01  5.00000000E-01  7.75320268E-01  5.34486726E-01  1.04079465E+00  0.00000000E+00  3.86796232E-02  1.29912746E-01
  7.08760000E-01  5.00000000E-01  7.72185542E-01  5.36417991E-01  1.04268141E+00  0.00000000E+00  3.86294924E-02  1.29693503E-01
  7.10640000E-01  5.00000000E-01  7.69033716E-01  5.38346634E-01  1.04456172E+00  0.00000000E+00  3.85794435E-02  1.29470897E-01
  7.12520000E-01  5.00000000E-01  7.65864724E-01  5.40272359E-01  1.04643635E+00  0.00000000E+00  3.85294769E-02  1.29244888E-01
  7.14400000E-01  5.00000000E-01  7.62678502E-01  5.42194870E-01  1.04830608E+00  0.00000000E+00  3.84795930E-02  1.29015434E-01
  7.16280000E-01  5.00000000E-01  7.59474985E-01  5.44113872E-01  1.05017168E+00  0.00000000E+00  3.84297920E-02  1.28782494E-01
  7.18160000E-01  5.00000000E-01  7.56254108E-01  5.46029071E-01  1.05203393E+00  0.00000000E+00  3.83800744E-02  1.28546025E-01
  7.20040000E-01  5.00000000E-01  7.53015807E-01  5.47940171E-01  1.05389361E+00  0.00000000E+00  3.83304406E-02  1.28305988E-01
  7.21920000E-01  5.00000000E-01  7.49760018E-01  5.49846877E-01  1.05575149E+00  0.00000000E+00  3.82808908E-02  1.28062340E-01
  7.23800000E-01  5.00000000E-01  7.46486675E-01  5.51748893E-01  1.05760834E+00  0.00000000E+00  3.82314254E-02  1.27815040E-01
  7.25680000E-01  5.00000000E-01  7.43195715E-01  5.53645925E-01  1.05946495E+00  0.00000000E+00  3.81820449E-02  1.27564046E-01
  7.27560000E-01  5.00000000E-01  7.39887071E-01  5.55537677E-01  1.06132208E+00  0.00000000E+00  3.81327494E-02  1.27309318E-01
  7.29440000E-01  5.00000000E-01  7.36560681E-01  5.57423855E-01  1.06318052E+00  0.00000000E+00  3.80835395E-02  1.27050815E-01
  7.31320000E-01  5.00000000E-01  7.33216478E-01  5.59304162E-01  1.06504103E+00  0.00000000E+00  3.80344154E-02  1.26788493E-01
  7.33200000E-01  5.00000000E-01  7.29854399E-01  5.61178304E-01  1.06690440E+00  0.00000000E+00  3.79853775E-02  1.26522313E-01
  7.35080000E-01  5.00000000E-01  7.26474379E-01  5.63045985E-01  1.06877139E+00  0.00000000E+00  3.79364261E-02  1.26252233E-01
  7.36960000E-01  5.00000000E-01  7.23076353E-01  5.64906911E-01  1.07064279E+00  0.00000000E+00  3.78875617E-02  1.25978212E-01
  7.38840000E-01  5.00000000E-01  7.19652436E-01  5.66766044E-01  1.07243182E+00  0.00000000E+00  3.78386725E-02  1.25700347E-01
  7.40720000E-01  5.00000000E-01  7.16206098E-01  5.68620581E-01  1.07417938E+00  0.00000000E+00  3.77897990E-02  1.25418543E-01
  7.42600000E-01  5.00000000E-01  7.12741584E-01  5.70467065E-01  1.07593523E+00  0.00000000E+00  3.77410056E-02  1.25132666E-01
  7.44480000E-01  5.00000000E-01  7.09258554E-01  5.72305117E-01  1.07769776E+00  0.00000000E+00  3.76922940E-02  1.24842658E-01
  7.46360000E-01  5.00000000E-01  7.05756668E-01  5.74134359E-01  1.07946535E+00  0.00000000E+00  3.76436659E-02  1.24548463E-01
  7.48240000E-01  5.00000000E-01  7.02235586E-01  5.75954413E-01  1.08123640E+00  0.00000000E+00  3.75951230E-02  1.24250023E-01
  7.50120000E-01  5.00000000E-01  6.98694966E-01  5.77764902E-01  1.08300928E+00  0.00000000E+00  3.75466670E-02  1.23947282E-01
  7.52000000E-01  5.00000000E-01  6.95134470E-01  5.79565447E-01  1.08478239E+00  0.00000000E+00  3.74982997E-02  1.23640183E-01
  7.53880000E-01  5.00000000E-01  6.91553755E-01  5.81355670E-01  1.08655410E+00  0.00000000E+00  3.74500227E-02  1.23328667E-01
  7.55760000E-01  5.00000000E-01  6.87952483E-01  5.83135194E-01  1.08832280E+00  0.00000000E+00  3.74018378E-02  1.23012679E-01
  7.57640000E-01  5.00000000E-01  6.84330313E-01  5.84903641E-01  1.09008688E+00  0.00000000E+00  3.73537467E-02  1.22692160E-01
  7.59520000E-01  5.00000000E-01  6.80686904E-01  5.86660632E-01  1.09184471E+00  0.00000000E+00  3.73057510E-02  1.22367054E-01
  7.61400000E-01  5.00000000E-01  6.77021915E-01  5.88405789E-01  1.09359470E+00  0.00000000E+00  3.72578526E-02  1.22037305E-01
  7.63280000E-01  5.00000000E-01  6.73335008E-01  5.90138735E-01  1.09533521E+00  0.00000000E+00  3.72100531E-02  1.21702854E-01
  7.65160000E-01  5.00000000E-01  6.69625841E-01  5.91859092E-01  1.09706464E+00  0.00000000E+00  3.71623543E-02  1.21363644E-01
  7.67040000E-01  5.00000000E-01  6.65894074E-01  5.93566482E-01  1.09878137E+00  0.00000000E+00  3.71147578E-02  1.21019619E-01
  7.68920000E-01  5.00000000E-01  6.62139367E-01  5.95260527E-01  1.10048379E+00  0.00000000E+00  3.70672653E-02  1.20670722E-01
  7.70800000E-01  5.00000000E-01  6.58361379E-01  5.96940848E-01  1.10217027E+00  0.00000000E+00  3.70198787E-02  1.20316895E-01
  7.72680000E-01  5.00000000E-01  6.54559770E-01  5.98607068E-01  1.10383921E+00  0.00000000E+00  3.69725995E-02  1.19958081E-01
  7.74560000E-01  5.00000000E-01  6.50734199E-01  6.00258810E-01  1.10548900E+00  0.00000000E+00  3.69254296E-02  1.19594223E-01
  7.76440000E-01  5.00000000E-01  6.46884327E-01  6.01895694E-01  1.10711801E+00  0.00000000E+00  3.68783705E-02  1.19225264E-01
  7.78320000E-01  5.00000000E-01  6.43009813E-01  6.03517343E-01  1.10872462E+00  0.00000000E+00  3.68314241E-02  1.18851147E-01
  7.80200000E-01  5.00000000E-01  6.39110317E-01  6.05123380E-01  1.11030724E+00  0.00000000E+00  3.67845921E-02  1.18471815E-01
  7.82080000E-01  5.00000000E-01  6.35185498E-01  6.06713425E-01  1.11186423E+00  0.00000000E+00  3.67378761E-02  1.18087210E-01
  7.83960000E-01  5.00000000E-01  6.31236549E-01  6.08283749E-01  1.11341753E+00  0.00000000E+00  3.66914902E-02  1.17696988E-01
  7.85840000E-01  5.00000000E-01  6.27273658E-01  6.09812201E-01  1.11512605E+00  0.00000000E+00  3.66467393E-02  1.17299254E-01
  7.87720000E-01  5.00000000E-01  6.23284253E-01  6.11325462E-01  1.11680101E+00  0.00000000E+00  3.66018548E-02  1.16896303E-01
  7.89600000E-01  5.00000000E-01  6.19268071E-01  6.12821985E-01  1.11844427E+00  0.00000000E+00  3.65569171E-02  1.16487971E-01
  7.91480000E-01  5.00000000E-01  6.15224851E-01  6.14300222E-01  1.12005772E+00  0.00000000E+00  3.65120066E-02  1.16074094E-01
  7.93360000E-01  5.00000000E-01  6.11154331E-01  6.15758622E-01  1.12164323E+00  0.00000000E+00  3.64672034E-02  1.15654506E-01
  7.95240000E-01  5.00000000E-01  6.07056250E-01  6.17195639E-01  1.12320268E+00  0.00000000E+00  3.64225879E-02  1.15229045E-01
  7.97120000E-01  5.00000000E-01  6.02930347E-01  6.18609722E-01  1.12473793E+00  0.00000000E+00  3.63782405E-02  1.14797544E-01
  7.99000000E-01  5.00000000E-01  5.98776359E-01  6.19999323E-01  1.12625088E+00  0.00000000E+00  3.63342414E-02  1.14359841E-01
  8.00880000E-01  5.00000000E-01  5.94594025E-01  6.21362894E-01  1.12774338E+00  0.00000000E+00  3.62906709E-02  1.13915769E-01
  8.02760000E-01  5.00000000E-01  5.90383085E-01  6.22698886E-01  1.12921732E+00  0.00000000E+00  3.62476093E-02  1.13465166E-01
  8.04640000E-01  5.00000000E-01  5.86143275E-01  6.24005751E-01  1.13067458E+00  0.00000000E+00  3.62051369E-02  1.13007867E-01
  8.06520000E-01  5.00000000E-01  5.81874336E-01  6.25281939E-01  1.13211702E+00  0.00000000E+00  3.61633340E-02  1.12543706E-01
  8.08400000E-01  5.00000000E-01  5.77576004E-01  6.26525902E-01  1.13354653E+00  0.00000000E+00  3.61222810E-02  1.12072521E-01
  8.10280000E-01  5.00000000E-01  5.73248020E-01  6.27736091E-01  1.13496498E+00  0.00000000E+00  3.60820581E-02  1.11594146E-01
  8.12160000E-01  5.00000000E-01  5.68890121E-01  6.28910957E-01  1.13637424E+00  0.00000000E+00  3.60427456E-02  1.11108417E-01
  8.14040000E-01  5.00000000E-01  5.64502045E-01  6.30048953E-01  1.13777620E+00  0.00000000E+00  3.60044239E-02  1.10615169E-01
  8.15920000E-01  5.00000000E-01  5.60083532E-01  6.31148529E-01  1.13917272E+00  0.00000000E+00  3.59671732E-02  1.10114238E-01
  8.17800000E-01  5.00000000E-01  5.55634319E-01  6.32208136E-01  1.14056569E+00  0.00000000E+00  3.59310739E-02  1.09605461E-01
  8.19680000E-01  5.00000000E-01  5.51154146E-01  6.33226226E-01  1.14195697E+00  0.00000000E+00  3.58962062E-02  1.09088671E-01
  8.21560000E-01  5.00000000E-01  5.46642751E-01  6.34201250E-01  1.14334845E+00  0.00000000E+00  3.58626504E-02  1.08563706E-01
  8.23440000E-01  5.00000000E-01  5.42099872E-01  6.35131660E-01  1.14474199E+00  0.00000000E+00  3.58304869E-02  1.08030400E-01
  8.25320000E-01  5.00000000E-01  5.37525247E-01  6.36015907E-01  1.14613948E+00  0.00000000E+00  3.57997960E-02  1.07488589E-01
  8.27200000E-01  5.00000000E-01  5.32918616E-01  6.36852442E-01  1.14754280E+00  0.00000000E+00  3.57706579E-02  1.06938109E-01
  8.29080000E-01  5.00000000E-01  5.28279716E-01  6.37639716E-01  1.14895380E+00  0.00000000E+00  3.57431529E-02  1.06378795E-01
  8.30960000E-01  5.00000000E-01  5.23591194E-01  6.38402864E-01  1.15018496E+00  0.00000000E+00  3.57175800E-02  1.05815251E-01
  8.32840000E-01  5.00000000E-01  5.18857124E-01  6.39125104E-01  1.15130169E+00  0.00000000E+00  3.56940905E-02  1.05243992E-01
  8.34720000E-01  5.00000000E-01  5.14088357E-01  6.39784108E-01  1.15243489E+00  0.00000000E+00  3.56728641E-02  1.04661210E-01
  8.36600000E-01  5.00000000E-01  5.09283923E-01  6.40377992E-01  1.15358084E+00  0.00000000E+00  3.56542320E-02  1.04066941E-01
  8.38480000E-01  5.00000000E-01  5.04442854E-01  6.40904870E-01  1.15473576E+00  0.00000000E+00  3.56385253E-02  1.03461221E-01
  8.40360000E-01  5.00000000E-01  4.99564182E-01  6.41362856E-01  1.15589591E+00  0.00000000E+00  3.56260751E-02  1.02844086E-01
  8.42240000E-01  5.00000000E-01  4.94646939E-01  6.41750066E-01  1.15705754E+00  0.00000000E+00  3.56172126E-02  1.02215573E-01
  8.44120000E-01  5.00000000E-01  4.89690155E-01  6.42064614E-01  1.15821689E+00  0.00000000E+00  3.56122687E-02  1.01575717E-01
  8.46000000E-01  5.00000000E-01  4.84692861E-01  6.42304615E-01  1.15937021E+00  0.00000000E+00  3.56115747E-02  1.00924556E-01
  8.47880000E-01  5.00000000E-01  4.79654091E-01  6.42468184E-01  1.16051375E+00  0.00000000E+00  3.56154617E-02  1.00262124E-01
  8.49760000E-01  5.00000000E-01  4.74572874E-01  6.42553435E-01  1.16164375E+00  0.00000000E+00  3.56242608E-02  9.95884590E-02
  8.51640000E-01  5.00000000E-01  4.69448243E-01  6.42558484E-01  1.16275647E+00  0.00000000E+00  3.56383031E-02  9.89035963E-02
  8.53520000E-01  5.00000000E-01  4.64279229E-01  6.42481444E-01  1.16384816E+00  0.00000000E+00  3.56579198E-02  9.82075723E-02
  8.55400000E-01  5.00000000E-01  4.59064863E-01  6.42320432E-01  1.16491505E+00  0.00000000E+00  3.56834419E-02  9.75004231E-02
  8.57280000E-01  5.00000000E-01  4.53804177E-01  6.42073561E-01  1.16595340E+00  0.00000000E+00  3.57152005E-02  9.67821849E-02
  8.59160000E-01  5.00000000E-01  4.48496202E-01  6.41738946E-01  1.16695946E+00  0.00000000E+00  3.57535269E-02  9.60528940E-02
  8.61040000E-01  5.00000000E-01  4.43139970E-01  6.41314703E-01  1.16792946E+00  0.00000000E+00  3.57987520E-02  9.53125865E-02
  8.62920000E-01  5.00000000E-01  4.37734512E-01  6.40798945E-01  1.16885967E+00  0.00000000E+00  3.58512071E-02  9.45612985E-02
  8.64800000E-01  5.00000000E-01  4.32278859E-01  6.40189788E-01  1.16974633E+00  0.00000000E+00  3.59112232E-02  9.37990664E-02
  8.66680000E-01  5.00000000E-01  4.26772044E-01  6.39485346E-01  1.17058568E+00  0.00000000E+00  3.59791315E-02  9.30259262E-02
  8.68560000E-01  5.00000000E-01  4.21213097E-01  6.38683735E-01  1.17137398E+00  0.00000000E+00  3.60552631E-02  9.22419141E-02
  8.70440000E-01  5.00000000E-01  4.15601050E-01  6.37783068E-01  1.17210747E+00  0.00000000E+00  3.61399490E-02  9.14470664E-02
  8.72320000E-01  5.00000000E-01  4.09934935E-01  6.36781461E-01  1.17278239E+00  0.00000000E+00  3.62335205E-02  9.06414192E-02
  8.74200000E-01  5.00000000E-01  4.04213782E-01  6.35677028E-01  1.17339500E+00  0.00000000E+00  3.63363086E-02  8.98250088E-02
  8.76080000E-01  5.00000000E-01  3.98440415E-01  6.34464395E-01  1.17397596E+00  0.00000000E+00  3.64441359E-02  8.89971889E-02
  8.77960000E-01  5.00000000E-01  3.92661542E-01  6.33088731E-01  1.17496323E+00  0.00000000E+00  3.65084950E-02  8.81537757E-02
  8.79840000E-01  5.00000000E-01  3.86823312E-01  6.31596873E-01  1.17586378E+00  0.00000000E+00  3.65989761E-02  8.73099928E-02
  8.81720000E-01  5.00000000E-01  3.80928571E-01  6.29994999E-01  1.17668378E+00  0.00000000E+00  3.67105839E-02  8.64678684E-02
  8.83600000E-01  5.00000000E-01  3.74980167E-01  6.28289288E-01  1.17742941E+00  0.00000000E+00  3.68383228E-02  8.56294307E-02
  8.85480000E-01  5.00000000E-01  3.68980946E-01  6.26485916E-01  1.17810684E+00  0.00000000E+00  3.69771975E-02  8.47967082E-02
  8.87360000E-01  5.00000000E-01  3.62933756E-01  6.24591062E-01  1.17872225E+00  0.00000000E+00  3.71222125E-02  8.39717289E-02
  8.89240000E-01  5.00000000E-01  3.56841443E-01  6.22610903E-01  1.17928179E+00  0.00000000E+00  3.72683726E-02  8.31565213E-02
  8.91120000E-01  5.00000000E-01  3.50706855E-01  6.20551618E-01  1.17979166E+00  0.00000000E+00  3.74106822E-02  8.23531137E-02
  8.93000000E-01  5.00000000E-01  3.44532838E-01  6.18419384E-01  1.18025802E+00  0.00000000E+00  3.75441459E-02  8.15635342E-02
  8.94880000E-01  5.00000000E-01  3.38322239E-01  6.16220379E-01  1.18068704E+00  0.00000000E+00  3.76637684E-02  8.07898112E-02
  8.96760000E-01  5.00000000E-01  3.32077905E-01  6.13960780E-01  1.18108489E+00  0.00000000E+00  3.77645542E-02  8.00339730E-02
  8.98640000E-01  5.00000000E-01  3.25802683E-01  6.11646767E-01  1.18145776E+00  0.00000000E+00  3.78415079E-02  7.92980478E-02
  9.00520000E-01  5.00000000E-01  3.19499421E-01  6.09284516E-01  1.18181181E+00  0.00000000E+00  3.78896342E-02  7.85840640E-02
  9.02400000E-01  5.00000000E-01  3.13170964E-01  6.06880205E-01  1.18215321E+00  0.00000000E+00  3.79039375E-02  7.78940498E-02
  9.04280000E-01  5.00000000E-01  3.06820161E-01  6.04440013E-01  1.18248815E+00  0.00000000E+00  3.78794226E-02  7.72300335E-02
  9.06160000E-01  5.00000000E-01  3.00449857E-01  6.01970117E-01  1.18282278E+00  0.00000000E+00  3.78110939E-02  7.65940434E-02
  9.08040000E-01  5.00000000E-01  2.94062901E-01  5.99476695E-01  1.18316329E+00  0.00000000E+00  3.76939562E-02  7.59881078E-02
  9.09920000E-01  5.00000000E-01  2.87662138E-01  5.96965924E-01  1.18351585E+00  0.00000000E+00  3.75230139E-02  7.54142549E-02
  9.11800000E-01  5.00000000E-01  2.81250416E-01  5.94443983E-01  1.18388662E+00  0.00000000E+00  3.72932717E-02  7.48745131E-02
  9.13680000E-01  5.00000000E-01  2.74830582E-01  5.91917050E-01  1.18428179E+00  0.00000000E+00  3.69997341E-02  7.43709106E-02
  9.15560000E-01  5.00000000E-01  2.68405482E-01  5.89391302E-01  1.18470752E+00  0.00000000E+00  3.66374058E-02  7.39054757E-02
  9.17440000E-01  5.00000000E-01  2.61977964E-01  5.86872917E-01  1.18517000E+00  0.00000000E+00  3.62012913E-02  7.34802367E-02
  9.19320000E-01  5.00000000E-01  2.55550875E-01  5.84368073E-01  1.18567538E+00  0.00000000E+00  3.56863953E-02  7.30972220E-02
  9.21200000E-01  5.00000000E-01  2.49127061E-01  5.81882947E-01  1.18622985E+00  0.00000000E+00  3.50877223E-02  7.27584596E-02
  9.23080000E-01  5.00000000E-01  2.42765738E-01  5.79491366E-01  1.18633778E+00  0.00000000E+00  3.43767511E-02  7.24540932E-02
  9.24960000E-01  5.00000000E-01  2.36428136E-01  5.77232779E-01  1.18648351E+00  0.00000000E+00  3.35373992E-02  7.21754151E-02
  9.26840000E-01  5.00000000E-01  2.30082655E-01  5.75061834E-01  1.18695455E+00  0.00000000E+00  3.25723976E-02  7.19266429E-02
  9.28720000E-01  5.00000000E-01  2.23758838E-01  5.72975661E-01  1.18745198E+00  0.00000000E+00  3.14677029E-02  7.17050051E-02
  9.30600000E-01  5.00000000E-01  2.17486224E-01  5.70971391E-01  1.18767693E+00  0.00000000E+00  3.02092722E-02  7.15077303E-02
  9.32480000E-01  5.00000000E-01  2.11214307E-01  5.69067666E-01  1.18827084E+00  0.00000000E+00  2.87784354E-02  7.13292562E-02
  9.34360000E-01  5.00000000E-01  2.04986415E-01  5.67251939E-01  1.18876446E+00  0.00000000E+00  2.71508450E-02  7.11640116E-02
  9.36240000E-01  5.00000000E-01  1.98785194E-01  5.65524279E-01  1.18937125E+00  0.00000000E+00  2.52929170E-02  7.10040335E-02
  9.38120000E-01  5.00000000E-01  1.92616511E-01  5.63871681E-01  1.19004015E+00  0.00000000E+00  2.31604839E-02  7.08398383E-02
  9.40000000E-01  5.00000000E-01  1.86471229E-01  5.62266930E-01  1.19083994E+00  0.00000000E+00  2.06785543E-02  7.06573409E-02
