               X               Y            VELX            VELY            PRES            TEMP            PS 1            PS 2  1.00000000E+01
  5.00000000E-01  1.93500000E+00 -1.10550700E-01 -1.01278410E-15 -9.44677485E-02  0.00000000E+00  5.91380149E-02  1.06530618E-02
  5.00000000E-01  1.93523500E+00 -1.10983287E-01 -3.87929474E-04 -9.45351394E-02  0.00000000E+00  5.91685418E-02  1.09719399E-02
  5.00000000E-01  1.93547000E+00 -1.11493007E-01 -7.77111862E-04 -9.46050028E-02  0.00000000E+00  5.92567513E-02  1.12907901E-02
  5.00000000E-01  1.93570500E+00 -1.12075233E-01 -1.16747294E-03 -9.46772632E-02  0.00000000E+00  5.93978090E-02  1.16092189E-02
  5.00000000E-01  1.93594000E+00 -1.12725529E-01 -1.55894133E-03 -9.47518339E-02  0.00000000E+00  5.95872256E-02  1.19268510E-02
  5.00000000E-01  1.93617500E+00 -1.13439723E-01 -1.95144956E-03 -9.48286291E-02  0.00000000E+00  5.98209211E-02  1.22433380E-02
  5.00000000E-01  1.93641000E+00 -1.14213799E-01 -2.34493283E-03 -9.49075652E-02  0.00000000E+00  6.00950265E-02  1.25583469E-02
  5.00000000E-01  1.93664500E+00 -1.15043827E-01 -2.73932724E-03 -9.49885361E-02  0.00000000E+00  6.04058415E-02  1.28715521E-02
  5.00000000E-01  1.93688000E+00 -1.15926382E-01 -3.13457490E-03 -9.50714448E-02  0.00000000E+00  6.07502654E-02  1.31826799E-02
  5.00000000E-01  1.93711500E+00 -1.16858183E-01 -3.53062006E-03 -9.51561999E-02  0.00000000E+00  6.11253683E-02  1.34914713E-02
  5.00000000E-01  1.93735000E+00 -1.17835949E-01 -3.92740696E-03 -9.52427099E-02  0.00000000E+00  6.15282200E-02  1.37976670E-02
  5.00000000E-01  1.93758500E+00 -1.18856914E-01 -4.32488911E-03 -9.53308990E-02  0.00000000E+00  6.19564397E-02  1.41010606E-02
  5.00000000E-01  1.93782000E+00 -1.19917893E-01 -4.72301110E-03 -9.54206273E-02  0.00000000E+00  6.24072795E-02  1.44014013E-02
  5.00000000E-01  1.93805500E+00 -1.21016531E-01 -5.12172773E-03 -9.55117987E-02  0.00000000E+00  6.28787873E-02  1.46985247E-02
  5.00000000E-01  1.93829000E+00 -1.22150690E-01 -5.52099727E-03 -9.56043289E-02  0.00000000E+00  6.33692255E-02  1.49922885E-02
  5.00000000E-01  1.93852500E+00 -1.23318231E-01 -5.92077803E-03 -9.56981334E-02  0.00000000E+00  6.38768563E-02  1.52825499E-02
  5.00000000E-01  1.93876000E+00 -1.24517016E-01 -6.32102828E-03 -9.57931278E-02  0.00000000E+00  6.43999422E-02  1.55691667E-02
  5.00000000E-01  1.93899500E+00 -1.25744905E-01 -6.72170632E-03 -9.58892278E-02  0.00000000E+00  6.49367452E-02  1.58519963E-02
  5.00000000E-01  1.93923000E+00 -1.27000425E-01 -7.12278386E-03 -9.59863873E-02  0.00000000E+00  6.54861137E-02  1.61309617E-02
  5.00000000E-01  1.93946500E+00 -1.28281812E-01 -7.52422629E-03 -9.60844806E-02  0.00000000E+00  6.60467133E-02  1.64059613E-02
  5.00000000E-01  1.93970000E+00 -1.29587100E-01 -7.92598876E-03 -9.61833763E-02  0.00000000E+00  6.66169917E-02  1.66768740E-02
  5.00000000E-01  1.93993500E+00 -1.30915237E-01 -8.32804360E-03 -9.62830120E-02  0.00000000E+00  6.71961768E-02  1.69436680E-02
  5.00000000E-01  1.94017000E+00 -1.32265174E-01 -8.73036318E-03 -9.63833255E-02  0.00000000E+00  6.77834963E-02  1.72063115E-02
  5.00000000E-01  1.94040500E+00 -1.33635857E-01 -9.13291984E-03 -9.64842544E-02  0.00000000E+00  6.83781779E-02  1.74647727E-02
  5.00000000E-01  1.94064000E+00 -1.35026238E-01 -9.53568593E-03 -9.65857366E-02  0.00000000E+00  6.89794495E-02  1.77190197E-02
  5.00000000E-01  1.94087500E+00 -1.36435263E-01 -9.93863380E-03 -9.66877098E-02  0.00000000E+00  6.95865386E-02  1.79690208E-02
  5.00000000E-01  1.94111000E+00 -1.37861882E-01 -1.03417358E-02 -9.67901116E-02  0.00000000E+00  7.01986732E-02  1.82147442E-02
  5.00000000E-01  1.94134500E+00 -1.39305043E-01 -1.07449643E-02 -9.68928798E-02  0.00000000E+00  7.08150809E-02  1.84561581E-02
  5.00000000E-01  1.94158000E+00 -1.40763696E-01 -1.11482916E-02 -9.69959522E-02  0.00000000E+00  7.14349895E-02  1.86932306E-02
  5.00000000E-01  1.94181500E+00 -1.42237854E-01 -1.15517182E-02 -9.70993542E-02  0.00000000E+00  7.20584461E-02  1.89260228E-02
  5.00000000E-01  1.94205000E+00 -1.43726720E-01 -1.19552204E-02 -9.72029594E-02  0.00000000E+00  7.26849343E-02  1.91545428E-02
  5.00000000E-01  1.94228500E+00 -1.45228942E-01 -1.23587553E-02 -9.73066300E-02  0.00000000E+00  7.33134747E-02  1.93787425E-02
  5.00000000E-01  1.94252000E+00 -1.46744166E-01 -1.27623061E-02 -9.74103326E-02  0.00000000E+00  7.39438343E-02  1.95986557E-02
  5.00000000E-01  1.94275500E+00 -1.48272039E-01 -1.31658560E-02 -9.75140336E-02  0.00000000E+00  7.45757803E-02  1.98143162E-02
  5.00000000E-01  1.94299000E+00 -1.49812207E-01 -1.35693881E-02 -9.76176997E-02  0.00000000E+00  7.52090798E-02  2.00257577E-02
  5.00000000E-01  1.94322500E+00 -1.51364316E-01 -1.39728855E-02 -9.77212972E-02  0.00000000E+00  7.58435001E-02  2.02330142E-02
  5.00000000E-01  1.94346000E+00 -1.52928011E-01 -1.43763316E-02 -9.78247927E-02  0.00000000E+00  7.64788083E-02  2.04361192E-02
  5.00000000E-01  1.94369500E+00 -1.54502939E-01 -1.47797093E-02 -9.79281528E-02  0.00000000E+00  7.71147715E-02  2.06351067E-02
  5.00000000E-01  1.94393000E+00 -1.56088745E-01 -1.51830019E-02 -9.80313440E-02  0.00000000E+00  7.77511568E-02  2.08300104E-02
  5.00000000E-01  1.94416500E+00 -1.57685076E-01 -1.55861926E-02 -9.81343328E-02  0.00000000E+00  7.83877316E-02  2.10208642E-02
  5.00000000E-01  1.94440000E+00 -1.59291578E-01 -1.59892644E-02 -9.82370857E-02  0.00000000E+00  7.90242628E-02  2.12077016E-02
  5.00000000E-01  1.94463500E+00 -1.60907897E-01 -1.63922007E-02 -9.83395692E-02  0.00000000E+00  7.96605177E-02  2.13905567E-02
  5.00000000E-01  1.94487000E+00 -1.62533678E-01 -1.67949845E-02 -9.84417499E-02  0.00000000E+00  8.02962634E-02  2.15694631E-02
  5.00000000E-01  1.94510500E+00 -1.64168568E-01 -1.71975989E-02 -9.85435942E-02  0.00000000E+00  8.09312671E-02  2.17444546E-02
  5.00000000E-01  1.94534000E+00 -1.65812213E-01 -1.76000273E-02 -9.86450688E-02  0.00000000E+00  8.15652959E-02  2.19155651E-02
  5.00000000E-01  1.94557500E+00 -1.67464472E-01 -1.80022606E-02 -9.87461642E-02  0.00000000E+00  8.21982552E-02  2.20828363E-02
  5.00000000E-01  1.94581000E+00 -1.69126535E-01 -1.84043364E-02 -9.88469651E-02  0.00000000E+00  8.28309482E-02  2.22463876E-02
  5.00000000E-01  1.94604500E+00 -1.70796798E-01 -1.88061858E-02 -9.89472456E-02  0.00000000E+00  8.34623617E-02  2.24062308E-02
  5.00000000E-01  1.94628000E+00 -1.72475197E-01 -1.92077980E-02 -9.90469944E-02  0.00000000E+00  8.40924535E-02  2.25624153E-02
  5.00000000E-01  1.94651500E+00 -1.74161666E-01 -1.96091622E-02 -9.91462002E-02  0.00000000E+00  8.47211812E-02  2.27149904E-02
  5.00000000E-01  1.94675000E+00 -1.75856141E-01 -2.00102674E-02 -9.92448517E-02  0.00000000E+00  8.53485026E-02  2.28640055E-02
  5.00000000E-01  1.94698500E+00 -1.77558556E-01 -2.04111028E-02 -9.93429376E-02  0.00000000E+00  8.59743755E-02  2.30095099E-02
  5.00000000E-01  1.94722000E+00 -1.79268848E-01 -2.08116575E-02 -9.94404466E-02  0.00000000E+00  8.65987576E-02  2.31515529E-02
  5.00000000E-01  1.94745500E+00 -1.80986950E-01 -2.12119207E-02 -9.95373674E-02  0.00000000E+00  8.72216067E-02  2.32901839E-02
  5.00000000E-01  1.94769000E+00 -1.82712799E-01 -2.16118815E-02 -9.96336887E-02  0.00000000E+00  8.78428805E-02  2.34254521E-02
  5.00000000E-01  1.94792500E+00 -1.84446330E-01 -2.20115290E-02 -9.97293992E-02  0.00000000E+00  8.84625367E-02  2.35574071E-02
  5.00000000E-01  1.94816000E+00 -1.86187476E-01 -2.24108524E-02 -9.98244877E-02  0.00000000E+00  8.90805331E-02  2.36860980E-02
  5.00000000E-01  1.94839500E+00 -1.87936175E-01 -2.28098408E-02 -9.99189427E-02  0.00000000E+00  8.96968275E-02  2.38115742E-02
  5.00000000E-01  1.94863000E+00 -1.89692360E-01 -2.32084833E-02 -1.00012753E-01  0.00000000E+00  9.03113776E-02  2.39338851E-02
  5.00000000E-01  1.94886500E+00 -1.91455967E-01 -2.36067691E-02 -1.00105908E-01  0.00000000E+00  9.09241411E-02  2.40530800E-02
  5.00000000E-01  1.94910000E+00 -1.93226932E-01 -2.40046874E-02 -1.00198395E-01  0.00000000E+00  9.15350759E-02  2.41692082E-02
  5.00000000E-01  1.94933500E+00 -1.95005188E-01 -2.44022271E-02 -1.00290203E-01  0.00000000E+00  9.21441395E-02  2.42823191E-02
  5.00000000E-01  1.94957000E+00 -1.96790672E-01 -2.47993776E-02 -1.00381322E-01  0.00000000E+00  9.27512898E-02  2.43924620E-02
  5.00000000E-01  1.94980500E+00 -1.98583318E-01 -2.51961279E-02 -1.00471739E-01  0.00000000E+00  9.33564846E-02  2.44996863E-02
  5.00000000E-01  1.95004000E+00 -2.00383062E-01 -2.55924672E-02 -1.00561444E-01  0.00000000E+00  9.39596816E-02  2.46040412E-02
  5.00000000E-01  1.95027500E+00 -2.02189839E-01 -2.59883845E-02 -1.00650426E-01  0.00000000E+00  9.45608384E-02  2.47055762E-02
  5.00000000E-01  1.95051000E+00 -2.04003584E-01 -2.63838691E-02 -1.00738672E-01  0.00000000E+00  9.51599130E-02  2.48043406E-02
  5.00000000E-01  1.95074500E+00 -2.05824232E-01 -2.67789101E-02 -1.00826172E-01  0.00000000E+00  9.57568630E-02  2.49003836E-02
  5.00000000E-01  1.95098000E+00 -2.07651718E-01 -2.71734965E-02 -1.00912914E-01  0.00000000E+00  9.63516461E-02  2.49937547E-02
  5.00000000E-01  1.95121500E+00 -2.09485977E-01 -2.75676176E-02 -1.00998887E-01  0.00000000E+00  9.69442202E-02  2.50845032E-02
  5.00000000E-01  1.95145000E+00 -2.11327430E-01 -2.79612970E-02 -1.01084199E-01  0.00000000E+00  9.75347833E-02  2.51725795E-02
  5.00000000E-01  1.95168500E+00 -2.13176161E-01 -2.83545251E-02 -1.01168802E-01  0.00000000E+00  9.81233944E-02  2.52580726E-02
  5.00000000E-01  1.95192000E+00 -2.15031771E-01 -2.87472621E-02 -1.01252578E-01  0.00000000E+00  9.87098532E-02  2.53411240E-02
  5.00000000E-01  1.95215500E+00 -2.16894265E-01 -2.91394995E-02 -1.01335527E-01  0.00000000E+00  9.92941514E-02  2.54217709E-02
  5.00000000E-01  1.95239000E+00 -2.18763649E-01 -2.95312285E-02 -1.01417651E-01  0.00000000E+00  9.98762806E-02  2.55000507E-02
  5.00000000E-01  1.95262500E+00 -2.20639929E-01 -2.99224407E-02 -1.01498951E-01  0.00000000E+00  1.00456233E-01  2.55760006E-02
  5.00000000E-01  1.95286000E+00 -2.22523110E-01 -3.03131273E-02 -1.01579431E-01  0.00000000E+00  1.01033999E-01  2.56496579E-02
  5.00000000E-01  1.95309500E+00 -2.24413200E-01 -3.07032798E-02 -1.01659090E-01  0.00000000E+00  1.01609572E-01  2.57210598E-02
  5.00000000E-01  1.95333000E+00 -2.26310202E-01 -3.10928897E-02 -1.01737932E-01  0.00000000E+00  1.02182942E-01  2.57902436E-02
  5.00000000E-01  1.95356500E+00 -2.28214124E-01 -3.14819482E-02 -1.01815957E-01  0.00000000E+00  1.02754101E-01  2.58572466E-02
  5.00000000E-01  1.95380000E+00 -2.30124970E-01 -3.18704468E-02 -1.01893167E-01  0.00000000E+00  1.03323042E-01  2.59221061E-02
  5.00000000E-01  1.95403500E+00 -2.32042748E-01 -3.22583769E-02 -1.01969563E-01  0.00000000E+00  1.03889756E-01  2.59848592E-02
  5.00000000E-01  1.95427000E+00 -2.33967462E-01 -3.26457299E-02 -1.02045148E-01  0.00000000E+00  1.04454234E-01  2.60455434E-02
  5.00000000E-01  1.95450500E+00 -2.35899118E-01 -3.30324972E-02 -1.02119923E-01  0.00000000E+00  1.05016468E-01  2.61041958E-02
  5.00000000E-01  1.95474000E+00 -2.37837723E-01 -3.34186702E-02 -1.02193890E-01  0.00000000E+00  1.05576450E-01  2.61608537E-02
  5.00000000E-01  1.95497500E+00 -2.39783281E-01 -3.38042402E-02 -1.02267050E-01  0.00000000E+00  1.06134171E-01  2.62155544E-02
  5.00000000E-01  1.95521000E+00 -2.41735800E-01 -3.41891988E-02 -1.02339405E-01  0.00000000E+00  1.06689623E-01  2.62683351E-02
  5.00000000E-01  1.95544500E+00 -2.43695284E-01 -3.45735372E-02 -1.02410956E-01  0.00000000E+00  1.07242798E-01  2.63192332E-02
  5.00000000E-01  1.95568000E+00 -2.45661739E-01 -3.49572469E-02 -1.02481706E-01  0.00000000E+00  1.07793688E-01  2.63682858E-02
  5.00000000E-01  1.95591500E+00 -2.47635172E-01 -3.53403193E-02 -1.02551656E-01  0.00000000E+00  1.08342283E-01  2.64155303E-02
  5.00000000E-01  1.95615000E+00 -2.49615588E-01 -3.57227458E-02 -1.02620807E-01  0.00000000E+00  1.08888577E-01  2.64610040E-02
  5.00000000E-01  1.95638500E+00 -2.51602993E-01 -3.61045177E-02 -1.02689161E-01  0.00000000E+00  1.09432560E-01  2.65047440E-02
  5.00000000E-01  1.95662000E+00 -2.53597392E-01 -3.64856266E-02 -1.02756721E-01  0.00000000E+00  1.09974224E-01  2.65467877E-02
  5.00000000E-01  1.95685500E+00 -2.55598792E-01 -3.68660637E-02 -1.02823486E-01  0.00000000E+00  1.10513561E-01  2.65871723E-02
  5.00000000E-01  1.95709000E+00 -2.57607198E-01 -3.72458204E-02 -1.02889460E-01  0.00000000E+00  1.11050562E-01  2.66259351E-02
  5.00000000E-01  1.95732500E+00 -2.59622617E-01 -3.76248883E-02 -1.02954644E-01  0.00000000E+00  1.11585219E-01  2.66631133E-02
  5.00000000E-01  1.95756000E+00 -2.61645053E-01 -3.80032586E-02 -1.03019039E-01  0.00000000E+00  1.12117524E-01  2.66987443E-02
  5.00000000E-01  1.95779500E+00 -2.63674513E-01 -3.83809227E-02 -1.03082647E-01  0.00000000E+00  1.12647469E-01  2.67328653E-02
  5.00000000E-01  1.95803000E+00 -2.65711003E-01 -3.87578722E-02 -1.03145470E-01  0.00000000E+00  1.13175045E-01  2.67655135E-02
  5.00000000E-01  1.95826500E+00 -2.67754528E-01 -3.91340983E-02 -1.03207509E-01  0.00000000E+00  1.13700244E-01  2.67967263E-02
  5.00000000E-01  1.95850000E+00 -2.69805094E-01 -3.95095925E-02 -1.03268766E-01  0.00000000E+00  1.14223057E-01  2.68265409E-02
  5.00000000E-01  1.95873500E+00 -2.71862708E-01 -3.98843461E-02 -1.03329243E-01  0.00000000E+00  1.14743476E-01  2.68549945E-02
  5.00000000E-01  1.95897000E+00 -2.73927374E-01 -4.02583506E-02 -1.03388941E-01  0.00000000E+00  1.15261493E-01  2.68821244E-02
  5.00000000E-01  1.95920500E+00 -2.75999099E-01 -4.06315973E-02 -1.03447862E-01  0.00000000E+00  1.15777100E-01  2.69079680E-02
  5.00000000E-01  1.95944000E+00 -2.78077888E-01 -4.10040777E-02 -1.03506008E-01  0.00000000E+00  1.16290287E-01  2.69325624E-02
  5.00000000E-01  1.95967500E+00 -2.80163747E-01 -4.13757832E-02 -1.03563380E-01  0.00000000E+00  1.16801048E-01  2.69559450E-02
  5.00000000E-01  1.95991000E+00 -2.82256683E-01 -4.17467051E-02 -1.03619979E-01  0.00000000E+00  1.17309373E-01  2.69781530E-02
  5.00000000E-01  1.96014500E+00 -2.84356437E-01 -4.21168286E-02 -1.03675594E-01  0.00000000E+00  1.17815189E-01  2.69988834E-02
  5.00000000E-01  1.96038000E+00 -2.86463250E-01 -4.24861484E-02 -1.03730311E-01  0.00000000E+00  1.18318538E-01  2.70183027E-02
  5.00000000E-01  1.96061500E+00 -2.88577317E-01 -4.28546602E-02 -1.03784268E-01  0.00000000E+00  1.18819453E-01  2.70366439E-02
  5.00000000E-01  1.96085000E+00 -2.90698638E-01 -4.32223554E-02 -1.03837469E-01  0.00000000E+00  1.19317923E-01  2.70539267E-02
  5.00000000E-01  1.96108500E+00 -2.92827211E-01 -4.35892255E-02 -1.03889917E-01  0.00000000E+00  1.19813933E-01  2.70701711E-02
  5.00000000E-01  1.96132000E+00 -2.94963035E-01 -4.39552619E-02 -1.03941616E-01  0.00000000E+00  1.20307471E-01  2.70853968E-02
  5.00000000E-01  1.96155500E+00 -2.97106108E-01 -4.43204561E-02 -1.03992569E-01  0.00000000E+00  1.20798524E-01  2.70996235E-02
  5.00000000E-01  1.96179000E+00 -2.99256430E-01 -4.46847994E-02 -1.04042779E-01  0.00000000E+00  1.21287077E-01  2.71128711E-02
  5.00000000E-01  1.96202500E+00 -3.01413999E-01 -4.50482835E-02 -1.04092252E-01  0.00000000E+00  1.21773119E-01  2.71251594E-02
  5.00000000E-01  1.96226000E+00 -3.03578814E-01 -4.54108997E-02 -1.04140988E-01  0.00000000E+00  1.22256636E-01  2.71365082E-02
  5.00000000E-01  1.96249500E+00 -3.05750874E-01 -4.57726394E-02 -1.04188994E-01  0.00000000E+00  1.22737614E-01  2.71469372E-02
  5.00000000E-01  1.96273000E+00 -3.07930177E-01 -4.61334942E-02 -1.04236271E-01  0.00000000E+00  1.23216041E-01  2.71564662E-02
  5.00000000E-01  1.96296500E+00 -3.10116723E-01 -4.64934555E-02 -1.04282824E-01  0.00000000E+00  1.23691904E-01  2.71651151E-02
  5.00000000E-01  1.96320000E+00 -3.12310510E-01 -4.68525148E-02 -1.04328655E-01  0.00000000E+00  1.24165189E-01  2.71729036E-02
  5.00000000E-01  1.96343500E+00 -3.14511537E-01 -4.72106634E-02 -1.04373769E-01  0.00000000E+00  1.24635883E-01  2.71798516E-02
  5.00000000E-01  1.96367000E+00 -3.16719802E-01 -4.75678928E-02 -1.04418169E-01  0.00000000E+00  1.25103974E-01  2.71859787E-02
  5.00000000E-01  1.96390500E+00 -3.18935305E-01 -4.79241946E-02 -1.04461859E-01  0.00000000E+00  1.25569447E-01  2.71913048E-02
  5.00000000E-01  1.96414000E+00 -3.21158045E-01 -4.82795601E-02 -1.04504841E-01  0.00000000E+00  1.26032290E-01  2.71958498E-02
  5.00000000E-01  1.96437500E+00 -3.23388019E-01 -4.86339809E-02 -1.04547120E-01  0.00000000E+00  1.26492489E-01  2.71996333E-02
  5.00000000E-01  1.96461000E+00 -3.25625228E-01 -4.89874483E-02 -1.04588699E-01  0.00000000E+00  1.26950032E-01  2.72026752E-02
  5.00000000E-01  1.96484500E+00 -3.27869669E-01 -4.93399538E-02 -1.04629582E-01  0.00000000E+00  1.27404906E-01  2.72049952E-02
  5.00000000E-01  1.96508000E+00 -3.30121341E-01 -4.96914888E-02 -1.04669772E-01  0.00000000E+00  1.27857096E-01  2.72066133E-02
  5.00000000E-01  1.96531500E+00 -3.32380244E-01 -5.00420449E-02 -1.04709272E-01  0.00000000E+00  1.28306591E-01  2.72075490E-02
  5.00000000E-01  1.96555000E+00 -3.34646376E-01 -5.03916135E-02 -1.04748087E-01  0.00000000E+00  1.28753376E-01  2.72078223E-02
  5.00000000E-01  1.96578500E+00 -3.36919736E-01 -5.07401860E-02 -1.04786219E-01  0.00000000E+00  1.29197439E-01  2.72074530E-02
  5.00000000E-01  1.96602000E+00 -3.39200322E-01 -5.10877539E-02 -1.04823672E-01  0.00000000E+00  1.29638767E-01  2.72064608E-02
  5.00000000E-01  1.96625500E+00 -3.41488134E-01 -5.14343086E-02 -1.04860451E-01  0.00000000E+00  1.30077346E-01  2.72048655E-02
  5.00000000E-01  1.96649000E+00 -3.43783170E-01 -5.17798416E-02 -1.04896557E-01  0.00000000E+00  1.30513163E-01  2.72026869E-02
  5.00000000E-01  1.96672500E+00 -3.46085429E-01 -5.21243443E-02 -1.04931995E-01  0.00000000E+00  1.30946205E-01  2.71999448E-02
  5.00000000E-01  1.96696000E+00 -3.48394910E-01 -5.24678082E-02 -1.04966769E-01  0.00000000E+00  1.31376460E-01  2.71966590E-02
  5.00000000E-01  1.96719500E+00 -3.50711612E-01 -5.28102248E-02 -1.05000881E-01  0.00000000E+00  1.31803913E-01  2.71928493E-02
  5.00000000E-01  1.96743000E+00 -3.53035532E-01 -5.31515854E-02 -1.05034336E-01  0.00000000E+00  1.32228551E-01  2.71885354E-02
  5.00000000E-01  1.96766500E+00 -3.55366671E-01 -5.34918817E-02 -1.05067137E-01  0.00000000E+00  1.32650363E-01  2.71837372E-02
  5.00000000E-01  1.96790000E+00 -3.57705027E-01 -5.38311049E-02 -1.05099287E-01  0.00000000E+00  1.33069333E-01  2.71784745E-02
  5.00000000E-01  1.96813500E+00 -3.60050599E-01 -5.41692466E-02 -1.05130790E-01  0.00000000E+00  1.33485450E-01  2.71727671E-02
  5.00000000E-01  1.96837000E+00 -3.62403385E-01 -5.45062982E-02 -1.05161649E-01  0.00000000E+00  1.33898700E-01  2.71666347E-02
  5.00000000E-01  1.96860500E+00 -3.64763385E-01 -5.48422511E-02 -1.05191869E-01  0.00000000E+00  1.34309069E-01  2.71600971E-02
  5.00000000E-01  1.96884000E+00 -3.67130597E-01 -5.51770969E-02 -1.05221451E-01  0.00000000E+00  1.34716546E-01  2.71531741E-02
  5.00000000E-01  1.96907500E+00 -3.69505019E-01 -5.55108270E-02 -1.05250401E-01  0.00000000E+00  1.35121116E-01  2.71458856E-02
  5.00000000E-01  1.96931000E+00 -3.71886652E-01 -5.58434327E-02 -1.05278722E-01  0.00000000E+00  1.35522766E-01  2.71382513E-02
  5.00000000E-01  1.96954500E+00 -3.74275492E-01 -5.61749057E-02 -1.05306416E-01  0.00000000E+00  1.35921484E-01  2.71302910E-02
  5.00000000E-01  1.96978000E+00 -3.76671540E-01 -5.65052373E-02 -1.05333488E-01  0.00000000E+00  1.36317256E-01  2.71220244E-02
  5.00000000E-01  1.97001500E+00 -3.79074795E-01 -5.68344190E-02 -1.05359941E-01  0.00000000E+00  1.36710068E-01  2.71134715E-02
  5.00000000E-01  1.97025000E+00 -3.81485253E-01 -5.71624422E-02 -1.05385779E-01  0.00000000E+00  1.37099909E-01  2.71046519E-02
  5.00000000E-01  1.97048500E+00 -3.83902916E-01 -5.74892984E-02 -1.05411005E-01  0.00000000E+00  1.37486764E-01  2.70955856E-02
  5.00000000E-01  1.97072000E+00 -3.86327781E-01 -5.78149790E-02 -1.05435623E-01  0.00000000E+00  1.37870621E-01  2.70862921E-02
  5.00000000E-01  1.97095500E+00 -3.88759847E-01 -5.81394756E-02 -1.05459636E-01  0.00000000E+00  1.38251466E-01  2.70767914E-02
  5.00000000E-01  1.97119000E+00 -3.91199114E-01 -5.84627795E-02 -1.05483047E-01  0.00000000E+00  1.38629287E-01  2.70671033E-02
  5.00000000E-01  1.97142500E+00 -3.93645579E-01 -5.87848822E-02 -1.05505861E-01  0.00000000E+00  1.39004069E-01  2.70572475E-02
  5.00000000E-01  1.97166000E+00 -3.96099242E-01 -5.91057751E-02 -1.05528081E-01  0.00000000E+00  1.39375800E-01  2.70472438E-02
  5.00000000E-01  1.97189500E+00 -3.98560101E-01 -5.94254498E-02 -1.05549710E-01  0.00000000E+00  1.39744468E-01  2.70371121E-02
  5.00000000E-01  1.97213000E+00 -4.01028155E-01 -5.97438976E-02 -1.05570752E-01  0.00000000E+00  1.40110057E-01  2.70268721E-02
  5.00000000E-01  1.97236500E+00 -4.03503220E-01 -6.00611146E-02 -1.05591285E-01  0.00000000E+00  1.40472550E-01  2.70164690E-02
  5.00000000E-01  1.97260000E+00 -4.05984318E-01 -6.03771155E-02 -1.05611725E-01  0.00000000E+00  1.40831863E-01  2.70054918E-02
  5.00000000E-01  1.97283500E+00 -4.08472614E-01 -6.06918619E-02 -1.05631596E-01  0.00000000E+00  1.41187994E-01  2.69944102E-02
  5.00000000E-01  1.97307000E+00 -4.10968077E-01 -6.10053460E-02 -1.05650903E-01  0.00000000E+00  1.41540929E-01  2.69832329E-02
  5.00000000E-01  1.97330500E+00 -4.13470676E-01 -6.13175599E-02 -1.05669651E-01  0.00000000E+00  1.41890654E-01  2.69719689E-02
  5.00000000E-01  1.97354000E+00 -4.15980379E-01 -6.16284956E-02 -1.05687843E-01  0.00000000E+00  1.42237155E-01  2.69606269E-02
  5.00000000E-01  1.97377500E+00 -4.18497154E-01 -6.19381452E-02 -1.05705485E-01  0.00000000E+00  1.42580417E-01  2.69492158E-02
  5.00000000E-01  1.97401000E+00 -4.21020972E-01 -6.22465010E-02 -1.05722581E-01  0.00000000E+00  1.42920427E-01  2.69377444E-02
  5.00000000E-01  1.97424500E+00 -4.23551799E-01 -6.25535549E-02 -1.05739135E-01  0.00000000E+00  1.43257169E-01  2.69262214E-02
  5.00000000E-01  1.97448000E+00 -4.26089605E-01 -6.28592991E-02 -1.05755152E-01  0.00000000E+00  1.43590631E-01  2.69146558E-02
  5.00000000E-01  1.97471500E+00 -4.28634359E-01 -6.31637256E-02 -1.05770637E-01  0.00000000E+00  1.43920797E-01  2.69030563E-02
  5.00000000E-01  1.97495000E+00 -4.31186029E-01 -6.34668267E-02 -1.05785595E-01  0.00000000E+00  1.44247653E-01  2.68914318E-02
  5.00000000E-01  1.97518500E+00 -4.33744583E-01 -6.37685943E-02 -1.05800029E-01  0.00000000E+00  1.44571186E-01  2.68797911E-02
  5.00000000E-01  1.97542000E+00 -4.36309990E-01 -6.40690207E-02 -1.05813944E-01  0.00000000E+00  1.44891380E-01  2.68681430E-02
  5.00000000E-01  1.97565500E+00 -4.38882219E-01 -6.43680979E-02 -1.05827345E-01  0.00000000E+00  1.45208223E-01  2.68564963E-02
  5.00000000E-01  1.97589000E+00 -4.41461239E-01 -6.46658179E-02 -1.05840237E-01  0.00000000E+00  1.45521698E-01  2.68448598E-02
  5.00000000E-01  1.97612500E+00 -4.44047018E-01 -6.49621730E-02 -1.05852624E-01  0.00000000E+00  1.45831793E-01  2.68332425E-02
  5.00000000E-01  1.97636000E+00 -4.46639525E-01 -6.52571552E-02 -1.05864511E-01  0.00000000E+00  1.46138493E-01  2.68216530E-02
  5.00000000E-01  1.97659500E+00 -4.49238728E-01 -6.55507566E-02 -1.05875901E-01  0.00000000E+00  1.46441784E-01  2.68101002E-02
  5.00000000E-01  1.97683000E+00 -4.51844596E-01 -6.58429694E-02 -1.05886801E-01  0.00000000E+00  1.46741651E-01  2.67985929E-02
  5.00000000E-01  1.97706500E+00 -4.54457097E-01 -6.61337856E-02 -1.05897213E-01  0.00000000E+00  1.47038081E-01  2.67871400E-02
  5.00000000E-01  1.97730000E+00 -4.57076201E-01 -6.64231973E-02 -1.05907144E-01  0.00000000E+00  1.47331058E-01  2.67757502E-02
  5.00000000E-01  1.97753500E+00 -4.59701876E-01 -6.67111967E-02 -1.05916597E-01  0.00000000E+00  1.47620570E-01  2.67644325E-02
  5.00000000E-01  1.97777000E+00 -4.62334090E-01 -6.69977758E-02 -1.05925577E-01  0.00000000E+00  1.47906601E-01  2.67531955E-02
  5.00000000E-01  1.97800500E+00 -4.64972812E-01 -6.72829268E-02 -1.05934088E-01  0.00000000E+00  1.48189138E-01  2.67420482E-02
  5.00000000E-01  1.97824000E+00 -4.67618011E-01 -6.75666417E-02 -1.05942135E-01  0.00000000E+00  1.48468166E-01  2.67309993E-02
  5.00000000E-01  1.97847500E+00 -4.70269656E-01 -6.78489127E-02 -1.05949724E-01  0.00000000E+00  1.48743671E-01  2.67200577E-02
  5.00000000E-01  1.97871000E+00 -4.72927714E-01 -6.81297318E-02 -1.05956857E-01  0.00000000E+00  1.49015639E-01  2.67092322E-02
  5.00000000E-01  1.97894500E+00 -4.75592155E-01 -6.84090913E-02 -1.05963540E-01  0.00000000E+00  1.49284055E-01  2.66985316E-02
  5.00000000E-01  1.97918000E+00 -4.78262947E-01 -6.86869831E-02 -1.05969777E-01  0.00000000E+00  1.49548905E-01  2.66879648E-02
  5.00000000E-01  1.97941500E+00 -4.80940059E-01 -6.89633993E-02 -1.05975574E-01  0.00000000E+00  1.49810176E-01  2.66775404E-02
  5.00000000E-01  1.97965000E+00 -4.83623460E-01 -6.92383322E-02 -1.05980934E-01  0.00000000E+00  1.50067853E-01  2.66672675E-02
  5.00000000E-01  1.97988500E+00 -4.86313117E-01 -6.95117738E-02 -1.05985861E-01  0.00000000E+00  1.50321921E-01  2.66571547E-02
  5.00000000E-01  1.98012000E+00 -4.89009000E-01 -6.97837161E-02 -1.05990362E-01  0.00000000E+00  1.50572366E-01  2.66472110E-02
  5.00000000E-01  1.98035500E+00 -4.91711078E-01 -7.00541514E-02 -1.05994439E-01  0.00000000E+00  1.50819175E-01  2.66374451E-02
  5.00000000E-01  1.98059000E+00 -4.94419319E-01 -7.03230716E-02 -1.05998098E-01  0.00000000E+00  1.51062333E-01  2.66278658E-02
  5.00000000E-01  1.98082500E+00 -4.97133691E-01 -7.05904690E-02 -1.06001344E-01  0.00000000E+00  1.51301825E-01  2.66184820E-02
  5.00000000E-01  1.98106000E+00 -4.99854163E-01 -7.08563356E-02 -1.06004180E-01  0.00000000E+00  1.51537638E-01  2.66093026E-02
  5.00000000E-01  1.98129500E+00 -5.02580704E-01 -7.11206635E-02 -1.06006612E-01  0.00000000E+00  1.51769757E-01  2.66003362E-02
  5.00000000E-01  1.98153000E+00 -5.05313283E-01 -7.13834448E-02 -1.06008643E-01  0.00000000E+00  1.51998169E-01  2.65915918E-02
  5.00000000E-01  1.98176500E+00 -5.08051868E-01 -7.16446717E-02 -1.06010279E-01  0.00000000E+00  1.52222858E-01  2.65830781E-02
  5.00000000E-01  1.98200000E+00 -5.10796427E-01 -7.19043362E-02 -1.06011525E-01  0.00000000E+00  1.52443810E-01  2.65748040E-02
  5.00000000E-01  1.98223500E+00 -5.13546930E-01 -7.21624304E-02 -1.06012383E-01  0.00000000E+00  1.52661012E-01  2.65667783E-02
  5.00000000E-01  1.98247000E+00 -5.16303345E-01 -7.24189465E-02 -1.06012860E-01  0.00000000E+00  1.52874450E-01  2.65590098E-02
  5.00000000E-01  1.98270500E+00 -5.19065640E-01 -7.26738765E-02 -1.06012960E-01  0.00000000E+00  1.53084108E-01  2.65515073E-02
  5.00000000E-01  1.98294000E+00 -5.21833784E-01 -7.29272126E-02 -1.06012687E-01  0.00000000E+00  1.53289973E-01  2.65442797E-02
  5.00000000E-01  1.98317500E+00 -5.24607747E-01 -7.31789468E-02 -1.06012046E-01  0.00000000E+00  1.53492030E-01  2.65373358E-02
  5.00000000E-01  1.98341000E+00 -5.27387495E-01 -7.34290713E-02 -1.06011041E-01  0.00000000E+00  1.53690266E-01  2.65306844E-02
  5.00000000E-01  1.98364500E+00 -5.30172999E-01 -7.36775781E-02 -1.06009678E-01  0.00000000E+00  1.53884665E-01  2.65243343E-02
  5.00000000E-01  1.98388000E+00 -5.32964227E-01 -7.39244595E-02 -1.06007959E-01  0.00000000E+00  1.54075215E-01  2.65182943E-02
  5.00000000E-01  1.98411500E+00 -5.35761147E-01 -7.41697074E-02 -1.06005891E-01  0.00000000E+00  1.54261900E-01  2.65125733E-02
  5.00000000E-01  1.98435000E+00 -5.38563727E-01 -7.44133140E-02 -1.06003478E-01  0.00000000E+00  1.54444706E-01  2.65071801E-02
  5.00000000E-01  1.98458500E+00 -5.41371938E-01 -7.46552714E-02 -1.06000724E-01  0.00000000E+00  1.54623620E-01  2.65021235E-02
  5.00000000E-01  1.98482000E+00 -5.44184804E-01 -7.48957438E-02 -1.05998174E-01  0.00000000E+00  1.54798973E-01  2.64972903E-02
  5.00000000E-01  1.98505500E+00 -5.47002704E-01 -7.51346411E-02 -1.05995507E-01  0.00000000E+00  1.54970544E-01  2.64927303E-02
  5.00000000E-01  1.98529000E+00 -5.49826076E-01 -7.53718658E-02 -1.05992422E-01  0.00000000E+00  1.55138133E-01  2.64885110E-02
  5.00000000E-01  1.98552500E+00 -5.52654854E-01 -7.56074133E-02 -1.05988927E-01  0.00000000E+00  1.55301740E-01  2.64846374E-02
  5.00000000E-01  1.98576000E+00 -5.55488976E-01 -7.58412788E-02 -1.05985028E-01  0.00000000E+00  1.55461362E-01  2.64811148E-02
  5.00000000E-01  1.98599500E+00 -5.58328378E-01 -7.60734575E-02 -1.05980729E-01  0.00000000E+00  1.55616999E-01  2.64779483E-02
  5.00000000E-01  1.98623000E+00 -5.61172996E-01 -7.63039446E-02 -1.05976039E-01  0.00000000E+00  1.55768648E-01  2.64751431E-02
  5.00000000E-01  1.98646500E+00 -5.64022767E-01 -7.65327354E-02 -1.05970961E-01  0.00000000E+00  1.55916308E-01  2.64727045E-02
  5.00000000E-01  1.98670000E+00 -5.66877627E-01 -7.67598250E-02 -1.05965503E-01  0.00000000E+00  1.56059978E-01  2.64706376E-02
  5.00000000E-01  1.98693500E+00 -5.69737513E-01 -7.69852087E-02 -1.05959670E-01  0.00000000E+00  1.56199655E-01  2.64689476E-02
  5.00000000E-01  1.98717000E+00 -5.72602360E-01 -7.72088818E-02 -1.05953468E-01  0.00000000E+00  1.56335338E-01  2.64676396E-02
  5.00000000E-01  1.98740500E+00 -5.75472106E-01 -7.74308394E-02 -1.05946904E-01  0.00000000E+00  1.56467026E-01  2.64667190E-02
  5.00000000E-01  1.98764000E+00 -5.78346686E-01 -7.76510768E-02 -1.05939982E-01  0.00000000E+00  1.56594717E-01  2.64661908E-02
  5.00000000E-01  1.98787500E+00 -5.81226038E-01 -7.78695892E-02 -1.05932710E-01  0.00000000E+00  1.56718409E-01  2.64660603E-02
  5.00000000E-01  1.98811000E+00 -5.84110097E-01 -7.80863719E-02 -1.05925094E-01  0.00000000E+00  1.56838101E-01  2.64663327E-02
  5.00000000E-01  1.98834500E+00 -5.86998800E-01 -7.83014199E-02 -1.05917138E-01  0.00000000E+00  1.56953792E-01  2.64670131E-02
  5.00000000E-01  1.98858000E+00 -5.89892084E-01 -7.85147287E-02 -1.05908850E-01  0.00000000E+00  1.57065478E-01  2.64681068E-02
  5.00000000E-01  1.98881500E+00 -5.92789884E-01 -7.87262934E-02 -1.05900235E-01  0.00000000E+00  1.57173160E-01  2.64696188E-02
  5.00000000E-01  1.98905000E+00 -5.95692138E-01 -7.89361092E-02 -1.05891299E-01  0.00000000E+00  1.57276835E-01  2.64715545E-02
  5.00000000E-01  1.98928500E+00 -5.98598781E-01 -7.91441713E-02 -1.05882048E-01  0.00000000E+00  1.57376501E-01  2.64739190E-02
  5.00000000E-01  1.98952000E+00 -6.01509750E-01 -7.93504751E-02 -1.05872488E-01  0.00000000E+00  1.57472158E-01  2.64767176E-02
  5.00000000E-01  1.98975500E+00 -6.04424981E-01 -7.95550156E-02 -1.05862625E-01  0.00000000E+00  1.57563804E-01  2.64799552E-02
  5.00000000E-01  1.98999000E+00 -6.07344411E-01 -7.97577882E-02 -1.05852465E-01  0.00000000E+00  1.57651436E-01  2.64836373E-02
  5.00000000E-01  1.99022500E+00 -6.10267977E-01 -7.99587880E-02 -1.05842015E-01  0.00000000E+00  1.57735053E-01  2.64877690E-02
  5.00000000E-01  1.99046000E+00 -6.13195614E-01 -8.01580104E-02 -1.05831279E-01  0.00000000E+00  1.57814655E-01  2.64923554E-02
  5.00000000E-01  1.99069500E+00 -6.16127259E-01 -8.03554504E-02 -1.05820265E-01  0.00000000E+00  1.57890238E-01  2.64974017E-02
  5.00000000E-01  1.99093000E+00 -6.19062849E-01 -8.05511034E-02 -1.05808977E-01  0.00000000E+00  1.57961802E-01  2.65029132E-02
  5.00000000E-01  1.99116500E+00 -6.22002319E-01 -8.07449645E-02 -1.05797423E-01  0.00000000E+00  1.58029345E-01  2.65088951E-02
  5.00000000E-01  1.99140000E+00 -6.24945607E-01 -8.09370290E-02 -1.05785607E-01  0.00000000E+00  1.58092865E-01  2.65153524E-02
  5.00000000E-01  1.99163500E+00 -6.27892648E-01 -8.11272921E-02 -1.05773537E-01  0.00000000E+00  1.58152361E-01  2.65222905E-02
  5.00000000E-01  1.99187000E+00 -6.30843380E-01 -8.13157491E-02 -1.05761217E-01  0.00000000E+00  1.58207831E-01  2.65297145E-02
  5.00000000E-01  1.99210500E+00 -6.33797737E-01 -8.15023951E-02 -1.05748655E-01  0.00000000E+00  1.58259273E-01  2.65376296E-02
  5.00000000E-01  1.99234000E+00 -6.36755658E-01 -8.16872254E-02 -1.05735855E-01  0.00000000E+00  1.58306687E-01  2.65460409E-02
  5.00000000E-01  1.99257500E+00 -6.39717078E-01 -8.18702352E-02 -1.05722824E-01  0.00000000E+00  1.58350069E-01  2.65549537E-02
  5.00000000E-01  1.99281000E+00 -6.42681934E-01 -8.20514198E-02 -1.05709568E-01  0.00000000E+00  1.58389420E-01  2.65643732E-02
  5.00000000E-01  1.99304500E+00 -6.45650162E-01 -8.22307743E-02 -1.05696093E-01  0.00000000E+00  1.58424736E-01  2.65743046E-02
  5.00000000E-01  1.99328000E+00 -6.48621698E-01 -8.24082940E-02 -1.05682405E-01  0.00000000E+00  1.58456017E-01  2.65847530E-02
  5.00000000E-01  1.99351500E+00 -6.51596479E-01 -8.25839741E-02 -1.05668510E-01  0.00000000E+00  1.58483261E-01  2.65957236E-02
  5.00000000E-01  1.99375000E+00 -6.54574442E-01 -8.27578099E-02 -1.05654413E-01  0.00000000E+00  1.58506467E-01  2.66072217E-02
  5.00000000E-01  1.99398500E+00 -6.57555522E-01 -8.29297965E-02 -1.05640121E-01  0.00000000E+00  1.58525631E-01  2.66192524E-02
  5.00000000E-01  1.99422000E+00 -6.60539657E-01 -8.30999292E-02 -1.05625640E-01  0.00000000E+00  1.58540754E-01  2.66318209E-02
  5.00000000E-01  1.99445500E+00 -6.63526782E-01 -8.32682032E-02 -1.05610976E-01  0.00000000E+00  1.58551834E-01  2.66449324E-02
  5.00000000E-01  1.99469000E+00 -6.66516834E-01 -8.34346138E-02 -1.05596135E-01  0.00000000E+00  1.58558868E-01  2.66585920E-02
  5.00000000E-01  1.99492500E+00 -6.69509749E-01 -8.35991561E-02 -1.05581122E-01  0.00000000E+00  1.58561856E-01  2.66728051E-02
  5.00000000E-01  1.99516000E+00 -6.72505464E-01 -8.37618254E-02 -1.05565944E-01  0.00000000E+00  1.58560795E-01  2.66875767E-02
  5.00000000E-01  1.99539500E+00 -6.75503915E-01 -8.39226170E-02 -1.05550607E-01  0.00000000E+00  1.58555685E-01  2.67029121E-02
  5.00000000E-01  1.99563000E+00 -6.78505039E-01 -8.40815260E-02 -1.05535116E-01  0.00000000E+00  1.58546523E-01  2.67188165E-02
  5.00000000E-01  1.99586500E+00 -6.81508772E-01 -8.42385476E-02 -1.05519478E-01  0.00000000E+00  1.58533307E-01  2.67352949E-02
  5.00000000E-01  1.99610000E+00 -6.84515050E-01 -8.43936772E-02 -1.05503699E-01  0.00000000E+00  1.58516037E-01  2.67523528E-02
  5.00000000E-01  1.99633500E+00 -6.87523810E-01 -8.45469098E-02 -1.05487785E-01  0.00000000E+00  1.58494711E-01  2.67699951E-02
  5.00000000E-01  1.99657000E+00 -6.90534989E-01 -8.46982408E-02 -1.05471741E-01  0.00000000E+00  1.58469327E-01  2.67882272E-02
  5.00000000E-01  1.99680500E+00 -6.93548522E-01 -8.48476654E-02 -1.05455573E-01  0.00000000E+00  1.58439883E-01  2.68070541E-02
  5.00000000E-01  1.99704000E+00 -6.96564198E-01 -8.49952696E-02 -1.05439452E-01  0.00000000E+00  1.58406543E-01  2.68264732E-02
  5.00000000E-01  1.99727500E+00 -6.99581330E-01 -8.51413997E-02 -1.05423896E-01  0.00000000E+00  1.58369934E-01  2.68464581E-02
  5.00000000E-01  1.99751000E+00 -7.02600516E-01 -8.52856117E-02 -1.05408028E-01  0.00000000E+00  1.58329267E-01  2.68670512E-02
  5.00000000E-01  1.99774500E+00 -7.05621673E-01 -8.54279071E-02 -1.05391857E-01  0.00000000E+00  1.58284563E-01  2.68882568E-02
  5.00000000E-01  1.99798000E+00 -7.08644717E-01 -8.55682870E-02 -1.05375392E-01  0.00000000E+00  1.58235842E-01  2.69100791E-02
  5.00000000E-01  1.99821500E+00 -7.11669565E-01 -8.57067527E-02 -1.05358641E-01  0.00000000E+00  1.58183125E-01  2.69325225E-02
  5.00000000E-01  1.99845000E+00 -7.14696133E-01 -8.58433056E-02 -1.05341611E-01  0.00000000E+00  1.58126435E-01  2.69555913E-02
  5.00000000E-01  1.99868500E+00 -7.17724337E-01 -8.59779469E-02 -1.05324312E-01  0.00000000E+00  1.58065791E-01  2.69792897E-02
  5.00000000E-01  1.99892000E+00 -7.20754094E-01 -8.61106779E-02 -1.05306752E-01  0.00000000E+00  1.58001215E-01  2.70036220E-02
  5.00000000E-01  1.99915500E+00 -7.23785320E-01 -8.62414999E-02 -1.05288939E-01  0.00000000E+00  1.57932729E-01  2.70285925E-02
  5.00000000E-01  1.99939000E+00 -7.26817932E-01 -8.63704142E-02 -1.05270881E-01  0.00000000E+00  1.57860353E-01  2.70542055E-02
  5.00000000E-01  1.99962500E+00 -7.29851846E-01 -8.64974220E-02 -1.05252586E-01  0.00000000E+00  1.57784108E-01  2.70804653E-02
  5.00000000E-01  1.99986000E+00 -7.32886978E-01 -8.66225246E-02 -1.05234064E-01  0.00000000E+00  1.57704016E-01  2.71073762E-02
  5.00000000E-01  2.00009500E+00 -7.35923244E-01 -8.67457233E-02 -1.05215322E-01  0.00000000E+00  1.57620098E-01  2.71349425E-02
  5.00000000E-01  2.00033000E+00 -7.38960562E-01 -8.68670195E-02 -1.05196368E-01  0.00000000E+00  1.57532374E-01  2.71631683E-02
  5.00000000E-01  2.00056500E+00 -7.41998848E-01 -8.69864143E-02 -1.05177212E-01  0.00000000E+00  1.57440866E-01  2.71920582E-02
  5.00000000E-01  2.00080000E+00 -7.45038017E-01 -8.71039091E-02 -1.05157860E-01  0.00000000E+00  1.57345596E-01  2.72216162E-02
  5.00000000E-01  2.00103500E+00 -7.48077986E-01 -8.72195051E-02 -1.05138323E-01  0.00000000E+00  1.57246584E-01  2.72518468E-02
  5.00000000E-01  2.00127000E+00 -7.51118672E-01 -8.73332036E-02 -1.05118607E-01  0.00000000E+00  1.57143851E-01  2.72827541E-02
  5.00000000E-01  2.00150500E+00 -7.54159992E-01 -8.74450060E-02 -1.05098721E-01  0.00000000E+00  1.57037418E-01  2.73143425E-02
  5.00000000E-01  2.00174000E+00 -7.57201860E-01 -8.75549135E-02 -1.05078674E-01  0.00000000E+00  1.56927308E-01  2.73466163E-02
  5.00000000E-01  2.00197500E+00 -7.60244195E-01 -8.76629273E-02 -1.05058473E-01  0.00000000E+00  1.56813540E-01  2.73795798E-02
  5.00000000E-01  2.00221000E+00 -7.63286911E-01 -8.77690488E-02 -1.05038128E-01  0.00000000E+00  1.56696135E-01  2.74132372E-02
  5.00000000E-01  2.00244500E+00 -7.66329926E-01 -8.78732792E-02 -1.05017646E-01  0.00000000E+00  1.56575116E-01  2.74475928E-02
  5.00000000E-01  2.00268000E+00 -7.69373157E-01 -8.79756199E-02 -1.04997036E-01  0.00000000E+00  1.56450503E-01  2.74826510E-02
  5.00000000E-01  2.00291500E+00 -7.72416518E-01 -8.80760720E-02 -1.04976306E-01  0.00000000E+00  1.56322317E-01  2.75184159E-02
  5.00000000E-01  2.00315000E+00 -7.75459928E-01 -8.81746370E-02 -1.04955465E-01  0.00000000E+00  1.56190580E-01  2.75548920E-02
  5.00000000E-01  2.00338500E+00 -7.78503301E-01 -8.82713160E-02 -1.04934520E-01  0.00000000E+00  1.56055312E-01  2.75920834E-02
  5.00000000E-01  2.00362000E+00 -7.81546555E-01 -8.83661104E-02 -1.04913480E-01  0.00000000E+00  1.55916535E-01  2.76299945E-02
  5.00000000E-01  2.00385500E+00 -7.84589606E-01 -8.84590214E-02 -1.04892354E-01  0.00000000E+00  1.55774270E-01  2.76686296E-02
  5.00000000E-01  2.00409000E+00 -7.87632370E-01 -8.85500504E-02 -1.04871149E-01  0.00000000E+00  1.55628538E-01  2.77079929E-02
  5.00000000E-01  2.00432500E+00 -7.90674764E-01 -8.86391985E-02 -1.04849875E-01  0.00000000E+00  1.55479359E-01  2.77480887E-02
  5.00000000E-01  2.00456000E+00 -7.93716704E-01 -8.87264672E-02 -1.04828539E-01  0.00000000E+00  1.55326756E-01  2.77889214E-02
  5.00000000E-01  2.00479500E+00 -7.96758106E-01 -8.88118576E-02 -1.04807149E-01  0.00000000E+00  1.55170750E-01  2.78304952E-02
  5.00000000E-01  2.00503000E+00 -7.99798887E-01 -8.88953710E-02 -1.04785714E-01  0.00000000E+00  1.55011360E-01  2.78728143E-02
  5.00000000E-01  2.00526500E+00 -8.02838964E-01 -8.89770088E-02 -1.04764243E-01  0.00000000E+00  1.54848609E-01  2.79158831E-02
  5.00000000E-01  2.00550000E+00 -8.05878252E-01 -8.90567723E-02 -1.04742743E-01  0.00000000E+00  1.54682518E-01  2.79597059E-02
  5.00000000E-01  2.00573500E+00 -8.08916668E-01 -8.91346626E-02 -1.04721224E-01  0.00000000E+00  1.54513108E-01  2.80042870E-02
  5.00000000E-01  2.00597000E+00 -8.11954128E-01 -8.92106811E-02 -1.04699692E-01  0.00000000E+00  1.54340400E-01  2.80496306E-02
  5.00000000E-01  2.00620500E+00 -8.14990549E-01 -8.92848291E-02 -1.04678157E-01  0.00000000E+00  1.54164415E-01  2.80957410E-02
  5.00000000E-01  2.00644000E+00 -8.18025848E-01 -8.93571078E-02 -1.04656627E-01  0.00000000E+00  1.53985174E-01  2.81426226E-02
  5.00000000E-01  2.00667500E+00 -8.21059939E-01 -8.94275186E-02 -1.04635110E-01  0.00000000E+00  1.53802699E-01  2.81902795E-02
  5.00000000E-01  2.00691000E+00 -8.24092741E-01 -8.94960627E-02 -1.04613615E-01  0.00000000E+00  1.53617010E-01  2.82387161E-02
  5.00000000E-01  2.00714500E+00 -8.27124169E-01 -8.95627414E-02 -1.04592149E-01  0.00000000E+00  1.53428129E-01  2.82879368E-02
  5.00000000E-01  2.00738000E+00 -8.30154140E-01 -8.96275559E-02 -1.04570722E-01  0.00000000E+00  1.53236076E-01  2.83379456E-02
  5.00000000E-01  2.00761500E+00 -8.33182570E-01 -8.96905077E-02 -1.04549341E-01  0.00000000E+00  1.53040873E-01  2.83887471E-02
  5.00000000E-01  2.00785000E+00 -8.36209376E-01 -8.97515978E-02 -1.04528015E-01  0.00000000E+00  1.52842542E-01  2.84403453E-02
  5.00000000E-01  2.00808500E+00 -8.39234473E-01 -8.98108277E-02 -1.04506752E-01  0.00000000E+00  1.52641102E-01  2.84927447E-02
  5.00000000E-01  2.00832000E+00 -8.42257778E-01 -8.98681987E-02 -1.04485561E-01  0.00000000E+00  1.52436576E-01  2.85459496E-02
  5.00000000E-01  2.00855500E+00 -8.45279209E-01 -8.99237119E-02 -1.04464449E-01  0.00000000E+00  1.52228984E-01  2.85999641E-02
  5.00000000E-01  2.00879000E+00 -8.48298680E-01 -8.99773687E-02 -1.04443426E-01  0.00000000E+00  1.52018348E-01  2.86547926E-02
  5.00000000E-01  2.00902500E+00 -8.51316108E-01 -9.00291704E-02 -1.04422498E-01  0.00000000E+00  1.51804689E-01  2.87104394E-02
  5.00000000E-01  2.00926000E+00 -8.54331411E-01 -9.00791182E-02 -1.04401676E-01  0.00000000E+00  1.51588027E-01  2.87669087E-02
  5.00000000E-01  2.00949500E+00 -8.57344782E-01 -9.01276476E-02 -1.04380828E-01  0.00000000E+00  1.51368885E-01  2.88241539E-02
  5.00000000E-01  2.00973000E+00 -8.60355872E-01 -9.01745289E-02 -1.04359814E-01  0.00000000E+00  1.51147085E-01  2.88822162E-02
  5.00000000E-01  2.00996500E+00 -8.63364455E-01 -9.02195737E-02 -1.04338661E-01  0.00000000E+00  1.50922450E-01  2.89411230E-02
  5.00000000E-01  2.01020000E+00 -8.66370459E-01 -9.02627902E-02 -1.04317377E-01  0.00000000E+00  1.50695018E-01  2.90008767E-02
  5.00000000E-01  2.01043500E+00 -8.69373809E-01 -9.03041867E-02 -1.04295970E-01  0.00000000E+00  1.50464828E-01  2.90614800E-02
  5.00000000E-01  2.01067000E+00 -8.72374430E-01 -9.03437714E-02 -1.04274448E-01  0.00000000E+00  1.50231916E-01  2.91229352E-02
  5.00000000E-01  2.01090500E+00 -8.75372248E-01 -9.03815525E-02 -1.04252819E-01  0.00000000E+00  1.49996323E-01  2.91852448E-02
  5.00000000E-01  2.01114000E+00 -8.78367188E-01 -9.04175382E-02 -1.04231091E-01  0.00000000E+00  1.49758085E-01  2.92484114E-02
  5.00000000E-01  2.01137500E+00 -8.81359177E-01 -9.04517369E-02 -1.04209271E-01  0.00000000E+00  1.49517241E-01  2.93124375E-02
  5.00000000E-01  2.01161000E+00 -8.84348139E-01 -9.04841566E-02 -1.04187368E-01  0.00000000E+00  1.49273830E-01  2.93773255E-02
  5.00000000E-01  2.01184500E+00 -8.87334001E-01 -9.05148057E-02 -1.04165389E-01  0.00000000E+00  1.49027889E-01  2.94430779E-02
  5.00000000E-01  2.01208000E+00 -8.90316688E-01 -9.05436923E-02 -1.04143342E-01  0.00000000E+00  1.48779457E-01  2.95096971E-02
  5.00000000E-01  2.01231500E+00 -8.93296125E-01 -9.05708248E-02 -1.04121235E-01  0.00000000E+00  1.48528571E-01  2.95771858E-02
  5.00000000E-01  2.01255000E+00 -8.96272238E-01 -9.05962112E-02 -1.04099076E-01  0.00000000E+00  1.48275270E-01  2.96455464E-02
  5.00000000E-01  2.01278500E+00 -8.99244953E-01 -9.06198599E-02 -1.04076873E-01  0.00000000E+00  1.48019593E-01  2.97147813E-02
  5.00000000E-01  2.01302000E+00 -9.02214196E-01 -9.06417791E-02 -1.04054633E-01  0.00000000E+00  1.47761577E-01  2.97848930E-02
  5.00000000E-01  2.01325500E+00 -9.05179891E-01 -9.06619770E-02 -1.04032365E-01  0.00000000E+00  1.47501261E-01  2.98558842E-02
  5.00000000E-01  2.01349000E+00 -9.08141965E-01 -9.06804619E-02 -1.04010076E-01  0.00000000E+00  1.47238682E-01  2.99277571E-02
  5.00000000E-01  2.01372500E+00 -9.11100342E-01 -9.06972419E-02 -1.03987775E-01  0.00000000E+00  1.46973879E-01  3.00005143E-02
  5.00000000E-01  2.01396000E+00 -9.14054950E-01 -9.07123254E-02 -1.03965468E-01  0.00000000E+00  1.46706891E-01  3.00741584E-02
  5.00000000E-01  2.01419500E+00 -9.17005713E-01 -9.07257204E-02 -1.03943164E-01  0.00000000E+00  1.46437754E-01  3.01486918E-02
  5.00000000E-01  2.01443000E+00 -9.19952556E-01 -9.07374353E-02 -1.03920871E-01  0.00000000E+00  1.46166509E-01  3.02241169E-02
  5.00000000E-01  2.01466500E+00 -9.22895406E-01 -9.07474783E-02 -1.03898597E-01  0.00000000E+00  1.45893192E-01  3.03004363E-02
  5.00000000E-01  2.01490000E+00 -9.25834189E-01 -9.07558576E-02 -1.03876349E-01  0.00000000E+00  1.45617842E-01  3.03776525E-02
  5.00000000E-01  2.01513500E+00 -9.28768828E-01 -9.07625815E-02 -1.03854136E-01  0.00000000E+00  1.45340497E-01  3.04557679E-02
  5.00000000E-01  2.01537000E+00 -9.31699251E-01 -9.07676581E-02 -1.03831964E-01  0.00000000E+00  1.45061195E-01  3.05347851E-02
  5.00000000E-01  2.01560500E+00 -9.34625383E-01 -9.07710958E-02 -1.03809843E-01  0.00000000E+00  1.44779975E-01  3.06147064E-02
  5.00000000E-01  2.01584000E+00 -9.37547150E-01 -9.07729027E-02 -1.03787780E-01  0.00000000E+00  1.44496874E-01  3.06955345E-02
  5.00000000E-01  2.01607500E+00 -9.40464476E-01 -9.07730870E-02 -1.03765782E-01  0.00000000E+00  1.44211932E-01  3.07772718E-02
  5.00000000E-01  2.01631000E+00 -9.43377288E-01 -9.07716570E-02 -1.03743858E-01  0.00000000E+00  1.43925185E-01  3.08599208E-02
  5.00000000E-01  2.01654500E+00 -9.46285511E-01 -9.07686210E-02 -1.03722016E-01  0.00000000E+00  1.43636673E-01  3.09434839E-02
  5.00000000E-01  2.01678000E+00 -9.49189071E-01 -9.07639871E-02 -1.03700263E-01  0.00000000E+00  1.43346433E-01  3.10279638E-02
  5.00000000E-01  2.01701500E+00 -9.52087894E-01 -9.07577636E-02 -1.03678607E-01  0.00000000E+00  1.43054504E-01  3.11133627E-02
  5.00000000E-01  2.01725000E+00 -9.54981904E-01 -9.07499587E-02 -1.03657056E-01  0.00000000E+00  1.42760923E-01  3.11996833E-02
  5.00000000E-01  2.01748500E+00 -9.57871028E-01 -9.07405806E-02 -1.03635618E-01  0.00000000E+00  1.42465730E-01  3.12869281E-02
  5.00000000E-01  2.01772000E+00 -9.60755191E-01 -9.07296376E-02 -1.03614301E-01  0.00000000E+00  1.42168962E-01  3.13750994E-02
  5.00000000E-01  2.01795500E+00 -9.63634319E-01 -9.07171379E-02 -1.03593113E-01  0.00000000E+00  1.41870657E-01  3.14641999E-02
  5.00000000E-01  2.01819000E+00 -9.66508338E-01 -9.07030897E-02 -1.03572061E-01  0.00000000E+00  1.41570854E-01  3.15542320E-02
  5.00000000E-01  2.01842500E+00 -9.69377172E-01 -9.06875013E-02 -1.03551154E-01  0.00000000E+00  1.41269590E-01  3.16451981E-02
  5.00000000E-01  2.01866000E+00 -9.72240748E-01 -9.06703808E-02 -1.03530399E-01  0.00000000E+00  1.40966905E-01  3.17371008E-02
  5.00000000E-01  2.01889500E+00 -9.75098991E-01 -9.06517366E-02 -1.03509804E-01  0.00000000E+00  1.40662836E-01  3.18299426E-02
  5.00000000E-01  2.01913000E+00 -9.77951827E-01 -9.06315768E-02 -1.03489377E-01  0.00000000E+00  1.40357421E-01  3.19237259E-02
  5.00000000E-01  2.01936500E+00 -9.80799181E-01 -9.06099096E-02 -1.03469125E-01  0.00000000E+00  1.40050698E-01  3.20184533E-02
  5.00000000E-01  2.01960000E+00 -9.83640980E-01 -9.05867434E-02 -1.03449058E-01  0.00000000E+00  1.39742707E-01  3.21141272E-02
  5.00000000E-01  2.01983500E+00 -9.86477147E-01 -9.05620863E-02 -1.03429182E-01  0.00000000E+00  1.39433484E-01  3.22107501E-02
  5.00000000E-01  2.02007000E+00 -9.89307610E-01 -9.05359466E-02 -1.03409505E-01  0.00000000E+00  1.39123069E-01  3.23083245E-02
  5.00000000E-01  2.02030500E+00 -9.92132294E-01 -9.05083324E-02 -1.03390036E-01  0.00000000E+00  1.38811498E-01  3.24068529E-02
  5.00000000E-01  2.02054000E+00 -9.94951124E-01 -9.04792521E-02 -1.03370782E-01  0.00000000E+00  1.38498812E-01  3.25063377E-02
  5.00000000E-01  2.02077500E+00 -9.97764026E-01 -9.04487138E-02 -1.03351750E-01  0.00000000E+00  1.38185047E-01  3.26067816E-02
  5.00000000E-01  2.02101000E+00 -1.00057092E+00 -9.04167258E-02 -1.03332950E-01  0.00000000E+00  1.37870242E-01  3.27081868E-02
  5.00000000E-01  2.02124500E+00 -1.00337175E+00 -9.03832963E-02 -1.03314389E-01  0.00000000E+00  1.37554435E-01  3.28105561E-02
  5.00000000E-01  2.02148000E+00 -1.00616642E+00 -9.03484335E-02 -1.03296074E-01  0.00000000E+00  1.37237664E-01  3.29138917E-02
  5.00000000E-01  2.02171500E+00 -1.00895523E+00 -9.03122094E-02 -1.03277616E-01  0.00000000E+00  1.36919920E-01  3.30181450E-02
  5.00000000E-01  2.02195000E+00 -1.01173910E+00 -9.02748216E-02 -1.03257801E-01  0.00000000E+00  1.36601172E-01  3.31231794E-02
  5.00000000E-01  2.02218500E+00 -1.01451655E+00 -9.02360393E-02 -1.03238109E-01  0.00000000E+00  1.36281683E-01  3.32291961E-02
  5.00000000E-01  2.02242000E+00 -1.01728755E+00 -9.01958741E-02 -1.03218541E-01  0.00000000E+00  1.35961486E-01  3.33361916E-02
  5.00000000E-01  2.02265500E+00 -1.02005206E+00 -9.01543377E-02 -1.03199100E-01  0.00000000E+00  1.35640613E-01  3.34441626E-02
  5.00000000E-01  2.02289000E+00 -1.02281004E+00 -9.01114415E-02 -1.03179786E-01  0.00000000E+00  1.35319096E-01  3.35531056E-02
  5.00000000E-01  2.02312500E+00 -1.02556147E+00 -9.00671973E-02 -1.03160603E-01  0.00000000E+00  1.34996969E-01  3.36630170E-02
  5.00000000E-01  2.02336000E+00 -1.02830631E+00 -9.00216166E-02 -1.03141552E-01  0.00000000E+00  1.34674264E-01  3.37738934E-02
  5.00000000E-01  2.02359500E+00 -1.03104452E+00 -8.99747110E-02 -1.03122635E-01  0.00000000E+00  1.34351013E-01  3.38857314E-02
  5.00000000E-01  2.02383000E+00 -1.03377607E+00 -8.99264921E-02 -1.03103854E-01  0.00000000E+00  1.34027249E-01  3.39985274E-02
  5.00000000E-01  2.02406500E+00 -1.03650092E+00 -8.98769716E-02 -1.03085210E-01  0.00000000E+00  1.33703004E-01  3.41122780E-02
  5.00000000E-01  2.02430000E+00 -1.03921905E+00 -8.98261609E-02 -1.03066707E-01  0.00000000E+00  1.33378311E-01  3.42269798E-02
  5.00000000E-01  2.02453500E+00 -1.04193041E+00 -8.97740718E-02 -1.03048346E-01  0.00000000E+00  1.33053202E-01  3.43426292E-02
  5.00000000E-01  2.02477000E+00 -1.04463497E+00 -8.97207157E-02 -1.03030128E-01  0.00000000E+00  1.32727711E-01  3.44592228E-02
  5.00000000E-01  2.02500500E+00 -1.04733271E+00 -8.96661044E-02 -1.03012056E-01  0.00000000E+00  1.32401868E-01  3.45767571E-02
  5.00000000E-01  2.02524000E+00 -1.05002358E+00 -8.96102494E-02 -1.02994132E-01  0.00000000E+00  1.32075708E-01  3.46952287E-02
  5.00000000E-01  2.02547500E+00 -1.05270754E+00 -8.95531624E-02 -1.02976358E-01  0.00000000E+00  1.31749262E-01  3.48146340E-02
  5.00000000E-01  2.02571000E+00 -1.05538457E+00 -8.94948548E-02 -1.02958735E-01  0.00000000E+00  1.31422563E-01  3.49349697E-02
  5.00000000E-01  2.02594500E+00 -1.05805464E+00 -8.94353383E-02 -1.02941265E-01  0.00000000E+00  1.31095644E-01  3.50562322E-02
  5.00000000E-01  2.02618000E+00 -1.06071770E+00 -8.93746246E-02 -1.02923952E-01  0.00000000E+00  1.30768537E-01  3.51784181E-02
  5.00000000E-01  2.02641500E+00 -1.06337372E+00 -8.93127252E-02 -1.02906795E-01  0.00000000E+00  1.30441274E-01  3.53015239E-02
  5.00000000E-01  2.02665000E+00 -1.06602267E+00 -8.92496517E-02 -1.02889798E-01  0.00000000E+00  1.30113889E-01  3.54255461E-02
  5.00000000E-01  2.02688500E+00 -1.06866452E+00 -8.91854157E-02 -1.02872962E-01  0.00000000E+00  1.29786413E-01  3.55504813E-02
  5.00000000E-01  2.02712000E+00 -1.07129922E+00 -8.91200288E-02 -1.02856290E-01  0.00000000E+00  1.29458880E-01  3.56763260E-02
  5.00000000E-01  2.02735500E+00 -1.07392675E+00 -8.90535026E-02 -1.02839782E-01  0.00000000E+00  1.29131321E-01  3.58030767E-02
  5.00000000E-01  2.02759000E+00 -1.07654707E+00 -8.89858488E-02 -1.02823442E-01  0.00000000E+00  1.28803769E-01  3.59307300E-02
  5.00000000E-01  2.02782500E+00 -1.07916015E+00 -8.89170788E-02 -1.02807271E-01  0.00000000E+00  1.28476257E-01  3.60592823E-02
  5.00000000E-01  2.02806000E+00 -1.08176595E+00 -8.88472044E-02 -1.02791271E-01  0.00000000E+00  1.28148818E-01  3.61887303E-02
  5.00000000E-01  2.02829500E+00 -1.08436444E+00 -8.87762371E-02 -1.02775444E-01  0.00000000E+00  1.27821483E-01  3.63190704E-02
  5.00000000E-01  2.02853000E+00 -1.08695558E+00 -8.87041885E-02 -1.02759793E-01  0.00000000E+00  1.27494285E-01  3.64502992E-02
  5.00000000E-01  2.02876500E+00 -1.08953934E+00 -8.86310702E-02 -1.02744317E-01  0.00000000E+00  1.27167258E-01  3.65824133E-02
  5.00000000E-01  2.02900000E+00 -1.09211569E+00 -8.85568938E-02 -1.02729021E-01  0.00000000E+00  1.26840433E-01  3.67154090E-02
  5.00000000E-01  2.02923500E+00 -1.09468459E+00 -8.84816710E-02 -1.02713906E-01  0.00000000E+00  1.26513842E-01  3.68492831E-02
  5.00000000E-01  2.02947000E+00 -1.09724600E+00 -8.84054132E-02 -1.02698973E-01  0.00000000E+00  1.26187520E-01  3.69840319E-02
  5.00000000E-01  2.02970500E+00 -1.09979990E+00 -8.83281322E-02 -1.02684225E-01  0.00000000E+00  1.25861497E-01  3.71196521E-02
  5.00000000E-01  2.02994000E+00 -1.10234624E+00 -8.82498395E-02 -1.02669664E-01  0.00000000E+00  1.25535806E-01  3.72561402E-02
  5.00000000E-01  2.03017500E+00 -1.10488500E+00 -8.81705467E-02 -1.02655291E-01  0.00000000E+00  1.25210481E-01  3.73934926E-02
  5.00000000E-01  2.03041000E+00 -1.10741614E+00 -8.80902654E-02 -1.02641109E-01  0.00000000E+00  1.24885553E-01  3.75317060E-02
  5.00000000E-01  2.03064500E+00 -1.10993963E+00 -8.80090073E-02 -1.02627120E-01  0.00000000E+00  1.24561056E-01  3.76707768E-02
  5.00000000E-01  2.03088000E+00 -1.11245542E+00 -8.79267838E-02 -1.02613324E-01  0.00000000E+00  1.24237021E-01  3.78107016E-02
  5.00000000E-01  2.03111500E+00 -1.11496350E+00 -8.78436067E-02 -1.02599726E-01  0.00000000E+00  1.23913481E-01  3.79514770E-02
  5.00000000E-01  2.03135000E+00 -1.11746381E+00 -8.77594874E-02 -1.02586325E-01  0.00000000E+00  1.23590469E-01  3.80930994E-02
  5.00000000E-01  2.03158500E+00 -1.11995633E+00 -8.76744377E-02 -1.02573125E-01  0.00000000E+00  1.23268016E-01  3.82355653E-02
  5.00000000E-01  2.03182000E+00 -1.12244103E+00 -8.75884691E-02 -1.02560127E-01  0.00000000E+00  1.22946157E-01  3.83788714E-02
  5.00000000E-01  2.03205500E+00 -1.12491787E+00 -8.75015932E-02 -1.02547333E-01  0.00000000E+00  1.22624923E-01  3.85230141E-02
  5.00000000E-01  2.03229000E+00 -1.12738681E+00 -8.74138217E-02 -1.02534745E-01  0.00000000E+00  1.22304347E-01  3.86679900E-02
  5.00000000E-01  2.03252500E+00 -1.12984782E+00 -8.73251660E-02 -1.02522366E-01  0.00000000E+00  1.21984461E-01  3.88137956E-02
  5.00000000E-01  2.03276000E+00 -1.13230087E+00 -8.72356379E-02 -1.02510196E-01  0.00000000E+00  1.21665297E-01  3.89604274E-02
  5.00000000E-01  2.03299500E+00 -1.13474592E+00 -8.71452489E-02 -1.02498238E-01  0.00000000E+00  1.21346890E-01  3.91078820E-02
  5.00000000E-01  2.03323000E+00 -1.13718294E+00 -8.70540105E-02 -1.02486495E-01  0.00000000E+00  1.21029270E-01  3.92561559E-02
  5.00000000E-01  2.03346500E+00 -1.13961190E+00 -8.69619345E-02 -1.02474967E-01  0.00000000E+00  1.20712470E-01  3.94052457E-02
  5.00000000E-01  2.03370000E+00 -1.14203275E+00 -8.68690325E-02 -1.02463657E-01  0.00000000E+00  1.20396523E-01  3.95551477E-02
  5.00000000E-01  2.03393500E+00 -1.14444547E+00 -8.67753159E-02 -1.02452567E-01  0.00000000E+00  1.20081462E-01  3.97058587E-02
  5.00000000E-01  2.03417000E+00 -1.14685146E+00 -8.66806477E-02 -1.02440367E-01  0.00000000E+00  1.19766669E-01  3.98571167E-02
  5.00000000E-01  2.03440500E+00 -1.14924987E+00 -8.65851373E-02 -1.02427962E-01  0.00000000E+00  1.19452588E-01  4.00090611E-02
  5.00000000E-01  2.03464000E+00 -1.15164016E+00 -8.64888522E-02 -1.02415871E-01  0.00000000E+00  1.19139480E-01  4.01617772E-02
  5.00000000E-01  2.03487500E+00 -1.15402235E+00 -8.63918015E-02 -1.02404089E-01  0.00000000E+00  1.18827358E-01  4.03152531E-02
  5.00000000E-01  2.03511000E+00 -1.15639645E+00 -8.62939945E-02 -1.02392612E-01  0.00000000E+00  1.18516232E-01  4.04694773E-02
  5.00000000E-01  2.03534500E+00 -1.15876247E+00 -8.61954405E-02 -1.02381437E-01  0.00000000E+00  1.18206113E-01  4.06244378E-02
  5.00000000E-01  2.03558000E+00 -1.16112042E+00 -8.60961488E-02 -1.02370558E-01  0.00000000E+00  1.17897012E-01  4.07801231E-02
  5.00000000E-01  2.03581500E+00 -1.16347030E+00 -8.59961285E-02 -1.02359973E-01  0.00000000E+00  1.17588940E-01  4.09365213E-02
  5.00000000E-01  2.03605000E+00 -1.16581214E+00 -8.58953890E-02 -1.02349676E-01  0.00000000E+00  1.17281908E-01  4.10936207E-02
  5.00000000E-01  2.03628500E+00 -1.16814594E+00 -8.57939395E-02 -1.02339665E-01  0.00000000E+00  1.16975926E-01  4.12514097E-02
  5.00000000E-01  2.03652000E+00 -1.17047171E+00 -8.56917893E-02 -1.02329934E-01  0.00000000E+00  1.16671006E-01  4.14098764E-02
  5.00000000E-01  2.03675500E+00 -1.17278946E+00 -8.55889476E-02 -1.02320480E-01  0.00000000E+00  1.16367159E-01  4.15690091E-02
  5.00000000E-01  2.03699000E+00 -1.17509921E+00 -8.54854237E-02 -1.02311298E-01  0.00000000E+00  1.16064394E-01  4.17287960E-02
  5.00000000E-01  2.03722500E+00 -1.17740096E+00 -8.53812269E-02 -1.02302385E-01  0.00000000E+00  1.15762724E-01  4.18892256E-02
  5.00000000E-01  2.03746000E+00 -1.17969472E+00 -8.52763664E-02 -1.02293736E-01  0.00000000E+00  1.15462159E-01  4.20502859E-02
  5.00000000E-01  2.03769500E+00 -1.18198051E+00 -8.51708515E-02 -1.02285348E-01  0.00000000E+00  1.15162711E-01  4.22119654E-02
  5.00000000E-01  2.03793000E+00 -1.18425834E+00 -8.50646914E-02 -1.02277216E-01  0.00000000E+00  1.14864389E-01  4.23742521E-02
  5.00000000E-01  2.03816500E+00 -1.18652821E+00 -8.49578955E-02 -1.02269336E-01  0.00000000E+00  1.14567205E-01  4.25371345E-02
  5.00000000E-01  2.03840000E+00 -1.18879014E+00 -8.48504729E-02 -1.02261704E-01  0.00000000E+00  1.14271170E-01  4.27006008E-02
  5.00000000E-01  2.03863500E+00 -1.19104414E+00 -8.47424329E-02 -1.02254316E-01  0.00000000E+00  1.13976294E-01  4.28646392E-02
  5.00000000E-01  2.03887000E+00 -1.19329022E+00 -8.46337848E-02 -1.02247168E-01  0.00000000E+00  1.13682589E-01  4.30292380E-02
  5.00000000E-01  2.03910500E+00 -1.19552839E+00 -8.45245379E-02 -1.02240255E-01  0.00000000E+00  1.13390066E-01  4.31943854E-02
  5.00000000E-01  2.03934000E+00 -1.19775866E+00 -8.44147013E-02 -1.02233575E-01  0.00000000E+00  1.13098734E-01  4.33600699E-02
  5.00000000E-01  2.03957500E+00 -1.19998104E+00 -8.43042845E-02 -1.02227122E-01  0.00000000E+00  1.12808607E-01  4.35262795E-02
  5.00000000E-01  2.03981000E+00 -1.20219555E+00 -8.41932965E-02 -1.02220893E-01  0.00000000E+00  1.12519693E-01  4.36930025E-02
  5.00000000E-01  2.04004500E+00 -1.20440219E+00 -8.40817468E-02 -1.02214883E-01  0.00000000E+00  1.12232004E-01  4.38602273E-02
  5.00000000E-01  2.04028000E+00 -1.20660097E+00 -8.39696445E-02 -1.02209088E-01  0.00000000E+00  1.11945552E-01  4.40279421E-02
  5.00000000E-01  2.04051500E+00 -1.20879190E+00 -8.38569989E-02 -1.02203505E-01  0.00000000E+00  1.11660346E-01  4.41961352E-02
  5.00000000E-01  2.04075000E+00 -1.21097500E+00 -8.37438193E-02 -1.02198129E-01  0.00000000E+00  1.11376398E-01  4.43647947E-02
  5.00000000E-01  2.04098500E+00 -1.21315027E+00 -8.36301149E-02 -1.02192957E-01  0.00000000E+00  1.11093719E-01  4.45339091E-02
  5.00000000E-01  2.04122000E+00 -1.21531774E+00 -8.35158950E-02 -1.02187983E-01  0.00000000E+00  1.10812319E-01  4.47034665E-02
  5.00000000E-01  2.04145500E+00 -1.21747740E+00 -8.34011688E-02 -1.02183204E-01  0.00000000E+00  1.10532210E-01  4.48734553E-02
  5.00000000E-01  2.04169000E+00 -1.21962926E+00 -8.32859457E-02 -1.02178616E-01  0.00000000E+00  1.10253403E-01  4.50438636E-02
  5.00000000E-01  2.04192500E+00 -1.22177335E+00 -8.31702349E-02 -1.02174215E-01  0.00000000E+00  1.09975907E-01  4.52146798E-02
  5.00000000E-01  2.04216000E+00 -1.22390966E+00 -8.30540455E-02 -1.02169996E-01  0.00000000E+00  1.09699735E-01  4.53858921E-02
  5.00000000E-01  2.04239500E+00 -1.22603822E+00 -8.29373870E-02 -1.02165956E-01  0.00000000E+00  1.09424897E-01  4.55574887E-02
  5.00000000E-01  2.04263000E+00 -1.22815903E+00 -8.28202685E-02 -1.02162091E-01  0.00000000E+00  1.09151404E-01  4.57294581E-02
  5.00000000E-01  2.04286500E+00 -1.23027209E+00 -8.27026994E-02 -1.02158396E-01  0.00000000E+00  1.08879267E-01  4.59017883E-02
  5.00000000E-01  2.04310000E+00 -1.23237743E+00 -8.25846888E-02 -1.02154868E-01  0.00000000E+00  1.08608496E-01  4.60744677E-02
  5.00000000E-01  2.04333500E+00 -1.23447506E+00 -8.24662461E-02 -1.02151501E-01  0.00000000E+00  1.08339104E-01  4.62474845E-02
  5.00000000E-01  2.04357000E+00 -1.23656497E+00 -8.23473804E-02 -1.02148293E-01  0.00000000E+00  1.08071100E-01  4.64208271E-02
  5.00000000E-01  2.04380500E+00 -1.23864720E+00 -8.22281012E-02 -1.02145239E-01  0.00000000E+00  1.07804495E-01  4.65944836E-02
  5.00000000E-01  2.04404000E+00 -1.24072173E+00 -8.21084175E-02 -1.02142335E-01  0.00000000E+00  1.07539301E-01  4.67684423E-02
  5.00000000E-01  2.04427500E+00 -1.24278859E+00 -8.19883387E-02 -1.02139577E-01  0.00000000E+00  1.07275528E-01  4.69426916E-02
  5.00000000E-01  2.04451000E+00 -1.24484779E+00 -8.18678741E-02 -1.02136961E-01  0.00000000E+00  1.07013188E-01  4.71172196E-02
  5.00000000E-01  2.04474500E+00 -1.24689934E+00 -8.17470329E-02 -1.02134482E-01  0.00000000E+00  1.06752290E-01  4.72920146E-02
  5.00000000E-01  2.04498000E+00 -1.24894325E+00 -8.16258243E-02 -1.02132138E-01  0.00000000E+00  1.06492847E-01  4.74670650E-02
  5.00000000E-01  2.04521500E+00 -1.25097952E+00 -8.15042577E-02 -1.02129922E-01  0.00000000E+00  1.06234869E-01  4.76423589E-02
  5.00000000E-01  2.04545000E+00 -1.25300817E+00 -8.13823422E-02 -1.02127833E-01  0.00000000E+00  1.05978366E-01  4.78178846E-02
  5.00000000E-01  2.04568500E+00 -1.25502922E+00 -8.12600872E-02 -1.02125864E-01  0.00000000E+00  1.05723350E-01  4.79936304E-02
  5.00000000E-01  2.04592000E+00 -1.25704266E+00 -8.11375019E-02 -1.02124013E-01  0.00000000E+00  1.05469832E-01  4.81695846E-02
  5.00000000E-01  2.04615500E+00 -1.25904852E+00 -8.10145955E-02 -1.02122275E-01  0.00000000E+00  1.05217822E-01  4.83457354E-02
  5.00000000E-01  2.04639000E+00 -1.26104705E+00 -8.08912764E-02 -1.02120655E-01  0.00000000E+00  1.04967159E-01  4.85220397E-02
  5.00000000E-01  2.04662500E+00 -1.26303887E+00 -8.07673351E-02 -1.02119293E-01  0.00000000E+00  1.04717447E-01  4.86983928E-02
  5.00000000E-01  2.04686000E+00 -1.26502328E+00 -8.06430944E-02 -1.02118235E-01  0.00000000E+00  1.04469209E-01  4.88748644E-02
  5.00000000E-01  2.04709500E+00 -1.26700030E+00 -8.05185587E-02 -1.02117476E-01  0.00000000E+00  1.04222441E-01  4.90514404E-02
  5.00000000E-01  2.04733000E+00 -1.26896997E+00 -8.03937324E-02 -1.02117011E-01  0.00000000E+00  1.03977137E-01  4.92281066E-02
  5.00000000E-01  2.04756500E+00 -1.27093232E+00 -8.02686202E-02 -1.02116838E-01  0.00000000E+00  1.03733291E-01  4.94048488E-02
  5.00000000E-01  2.04780000E+00 -1.27288739E+00 -8.01432264E-02 -1.02116950E-01  0.00000000E+00  1.03490899E-01  4.95816528E-02
  5.00000000E-01  2.04803500E+00 -1.27483521E+00 -8.00175557E-02 -1.02117345E-01  0.00000000E+00  1.03249955E-01  4.97585045E-02
  5.00000000E-01  2.04827000E+00 -1.27677582E+00 -7.98916124E-02 -1.02118016E-01  0.00000000E+00  1.03010453E-01  4.99353897E-02
  5.00000000E-01  2.04850500E+00 -1.27870924E+00 -7.97654011E-02 -1.02118961E-01  0.00000000E+00  1.02772389E-01  5.01122943E-02
  5.00000000E-01  2.04874000E+00 -1.28063550E+00 -7.96389262E-02 -1.02120174E-01  0.00000000E+00  1.02535757E-01  5.02892040E-02
  5.00000000E-01  2.04897500E+00 -1.28255466E+00 -7.95121923E-02 -1.02121651E-01  0.00000000E+00  1.02300552E-01  5.04661047E-02
  5.00000000E-01  2.04921000E+00 -1.28446672E+00 -7.93852039E-02 -1.02123388E-01  0.00000000E+00  1.02066767E-01  5.06429822E-02
  5.00000000E-01  2.04944500E+00 -1.28637174E+00 -7.92579654E-02 -1.02125380E-01  0.00000000E+00  1.01834399E-01  5.08198225E-02
  5.00000000E-01  2.04968000E+00 -1.28826974E+00 -7.91304813E-02 -1.02127623E-01  0.00000000E+00  1.01603442E-01  5.09966112E-02
  5.00000000E-01  2.04991500E+00 -1.29016076E+00 -7.90027562E-02 -1.02130113E-01  0.00000000E+00  1.01373890E-01  5.11733342E-02
  5.00000000E-01  2.05015000E+00 -1.29204483E+00 -7.88747945E-02 -1.02132844E-01  0.00000000E+00  1.01145738E-01  5.13499774E-02
  5.00000000E-01  2.05038500E+00 -1.29392198E+00 -7.87466007E-02 -1.02135813E-01  0.00000000E+00  1.00918981E-01  5.15265266E-02
  5.00000000E-01  2.05062000E+00 -1.29579224E+00 -7.86181794E-02 -1.02139016E-01  0.00000000E+00  1.00693614E-01  5.17029676E-02
  5.00000000E-01  2.05085500E+00 -1.29765566E+00 -7.84895349E-02 -1.02142447E-01  0.00000000E+00  1.00469630E-01  5.18792863E-02
  5.00000000E-01  2.05109000E+00 -1.29951226E+00 -7.83606718E-02 -1.02146103E-01  0.00000000E+00  1.00247026E-01  5.20554685E-02
  5.00000000E-01  2.05132500E+00 -1.30136207E+00 -7.82315946E-02 -1.02149979E-01  0.00000000E+00  1.00025795E-01  5.22315000E-02
  5.00000000E-01  2.05156000E+00 -1.30320514E+00 -7.81023079E-02 -1.02154070E-01  0.00000000E+00  9.98059317E-02  5.24073666E-02
  5.00000000E-01  2.05179500E+00 -1.30504149E+00 -7.79728159E-02 -1.02158373E-01  0.00000000E+00  9.95874316E-02  5.25830543E-02
  5.00000000E-01  2.05203000E+00 -1.30687115E+00 -7.78431234E-02 -1.02162883E-01  0.00000000E+00  9.93702890E-02  5.27585487E-02
  5.00000000E-01  2.05226500E+00 -1.30869417E+00 -7.77132347E-02 -1.02167594E-01  0.00000000E+00  9.91544986E-02  5.29338358E-02
  5.00000000E-01  2.05250000E+00 -1.31051057E+00 -7.75831544E-02 -1.02172504E-01  0.00000000E+00  9.89400551E-02  5.31089014E-02
  5.00000000E-01  2.05273500E+00 -1.31232039E+00 -7.74528870E-02 -1.02177608E-01  0.00000000E+00  9.87269531E-02  5.32837313E-02
  5.00000000E-01  2.05297000E+00 -1.31412365E+00 -7.73224368E-02 -1.02182901E-01  0.00000000E+00  9.85151874E-02  5.34583113E-02
  5.00000000E-01  2.05320500E+00 -1.31592040E+00 -7.71918086E-02 -1.02188378E-01  0.00000000E+00  9.83047526E-02  5.36326273E-02
  5.00000000E-01  2.05344000E+00 -1.31771067E+00 -7.70610066E-02 -1.02194036E-01  0.00000000E+00  9.80956433E-02  5.38066651E-02
  5.00000000E-01  2.05367500E+00 -1.31949449E+00 -7.69300355E-02 -1.02199870E-01  0.00000000E+00  9.78878544E-02  5.39804106E-02
  5.00000000E-01  2.05391000E+00 -1.32127189E+00 -7.67988997E-02 -1.02205875E-01  0.00000000E+00  9.76813803E-02  5.41538495E-02
  5.00000000E-01  2.05414500E+00 -1.32304291E+00 -7.66676037E-02 -1.02212047E-01  0.00000000E+00  9.74762160E-02  5.43269678E-02
  5.00000000E-01  2.05438000E+00 -1.32480757E+00 -7.65361521E-02 -1.02218383E-01  0.00000000E+00  9.72723559E-02  5.44997512E-02
  5.00000000E-01  2.05461500E+00 -1.32656593E+00 -7.64045492E-02 -1.02224876E-01  0.00000000E+00  9.70697947E-02  5.46721855E-02
  5.00000000E-01  2.05485000E+00 -1.32831800E+00 -7.62727996E-02 -1.02231524E-01  0.00000000E+00  9.68685273E-02  5.48442567E-02
  5.00000000E-01  2.05508500E+00 -1.33006381E+00 -7.61409078E-02 -1.02238321E-01  0.00000000E+00  9.66685482E-02  5.50159504E-02
  5.00000000E-01  2.05532000E+00 -1.33180342E+00 -7.60088783E-02 -1.02245263E-01  0.00000000E+00  9.64698521E-02  5.51872527E-02
  5.00000000E-01  2.05555500E+00 -1.33353684E+00 -7.58767156E-02 -1.02252346E-01  0.00000000E+00  9.62724337E-02  5.53581492E-02
  5.00000000E-01  2.05579000E+00 -1.33526411E+00 -7.57444241E-02 -1.02259565E-01  0.00000000E+00  9.60762876E-02  5.55286259E-02
  5.00000000E-01  2.05602500E+00 -1.33698526E+00 -7.56120084E-02 -1.02266916E-01  0.00000000E+00  9.58814086E-02  5.56986685E-02
  5.00000000E-01  2.05626000E+00 -1.33870034E+00 -7.54794730E-02 -1.02274395E-01  0.00000000E+00  9.56877914E-02  5.58682630E-02
  5.00000000E-01  2.05649500E+00 -1.34040936E+00 -7.53468223E-02 -1.02281996E-01  0.00000000E+00  9.54954305E-02  5.60373950E-02
  5.00000000E-01  2.05673000E+00 -1.34211237E+00 -7.52140608E-02 -1.02289716E-01  0.00000000E+00  9.53043207E-02  5.62060505E-02
  5.00000000E-01  2.05696500E+00 -1.34380939E+00 -7.50811931E-02 -1.02297551E-01  0.00000000E+00  9.51144567E-02  5.63742153E-02
  5.00000000E-01  2.05720000E+00 -1.34550046E+00 -7.49482236E-02 -1.02305495E-01  0.00000000E+00  9.49258331E-02  5.65418752E-02
  5.00000000E-01  2.05743500E+00 -1.34718562E+00 -7.48151568E-02 -1.02313545E-01  0.00000000E+00  9.47384447E-02  5.67090161E-02
  5.00000000E-01  2.05767000E+00 -1.34886490E+00 -7.46819973E-02 -1.02321696E-01  0.00000000E+00  9.45522860E-02  5.68756238E-02
  5.00000000E-01  2.05790500E+00 -1.35053833E+00 -7.45487494E-02 -1.02329944E-01  0.00000000E+00  9.43673518E-02  5.70416840E-02
  5.00000000E-01  2.05814000E+00 -1.35220594E+00 -7.44154178E-02 -1.02338283E-01  0.00000000E+00  9.41836368E-02  5.72071827E-02
  5.00000000E-01  2.05837500E+00 -1.35386777E+00 -7.42820068E-02 -1.02346711E-01  0.00000000E+00  9.40011356E-02  5.73721057E-02
  5.00000000E-01  2.05861000E+00 -1.35552385E+00 -7.41485211E-02 -1.02355222E-01  0.00000000E+00  9.38198429E-02  5.75364389E-02
  5.00000000E-01  2.05884500E+00 -1.35717426E+00 -7.40147418E-02 -1.02364451E-01  0.00000000E+00  9.36395720E-02  5.77003242E-02
  5.00000000E-01  2.05908000E+00 -1.35881907E+00 -7.38808197E-02 -1.02374082E-01  0.00000000E+00  9.34604047E-02  5.78636296E-02
  5.00000000E-01  2.05931500E+00 -1.36045830E+00 -7.37468260E-02 -1.02383925E-01  0.00000000E+00  9.32823841E-02  5.80262945E-02
  5.00000000E-01  2.05955000E+00 -1.36209198E+00 -7.36127618E-02 -1.02393979E-01  0.00000000E+00  9.31055002E-02  5.81883100E-02
  5.00000000E-01  2.05978500E+00 -1.36372014E+00 -7.34786283E-02 -1.02404239E-01  0.00000000E+00  9.29297432E-02  5.83496673E-02
  5.00000000E-01  2.06002000E+00 -1.36534282E+00 -7.33444264E-02 -1.02414705E-01  0.00000000E+00  9.27551032E-02  5.85103575E-02
  5.00000000E-01  2.06025500E+00 -1.36696004E+00 -7.32101574E-02 -1.02425374E-01  0.00000000E+00  9.25815701E-02  5.86703716E-02
  5.00000000E-01  2.06049000E+00 -1.36857186E+00 -7.30758221E-02 -1.02436244E-01  0.00000000E+00  9.24091343E-02  5.88297009E-02
  5.00000000E-01  2.06072500E+00 -1.37017829E+00 -7.29414219E-02 -1.02447311E-01  0.00000000E+00  9.22377856E-02  5.89883363E-02
  5.00000000E-01  2.06096000E+00 -1.37177937E+00 -7.28069576E-02 -1.02458575E-01  0.00000000E+00  9.20675143E-02  5.91462690E-02
  5.00000000E-01  2.06119500E+00 -1.37337513E+00 -7.26724304E-02 -1.02470032E-01  0.00000000E+00  9.18983103E-02  5.93034902E-02
  5.00000000E-01  2.06143000E+00 -1.37496562E+00 -7.25378414E-02 -1.02481680E-01  0.00000000E+00  9.17301639E-02  5.94599908E-02
  5.00000000E-01  2.06166500E+00 -1.37655085E+00 -7.24031916E-02 -1.02493516E-01  0.00000000E+00  9.15630650E-02  5.96157622E-02
  5.00000000E-01  2.06190000E+00 -1.37813087E+00 -7.22684822E-02 -1.02505540E-01  0.00000000E+00  9.13970038E-02  5.97707952E-02
  5.00000000E-01  2.06213500E+00 -1.37970571E+00 -7.21337141E-02 -1.02517747E-01  0.00000000E+00  9.12319704E-02  5.99250812E-02
  5.00000000E-01  2.06237000E+00 -1.38127540E+00 -7.19988886E-02 -1.02530136E-01  0.00000000E+00  9.10679549E-02  6.00786111E-02
  5.00000000E-01  2.06260500E+00 -1.38283998E+00 -7.18640066E-02 -1.02542704E-01  0.00000000E+00  9.09049473E-02  6.02313760E-02
  5.00000000E-01  2.06284000E+00 -1.38439948E+00 -7.17290693E-02 -1.02555449E-01  0.00000000E+00  9.07429378E-02  6.03833672E-02
  5.00000000E-01  2.06307500E+00 -1.38595392E+00 -7.15940777E-02 -1.02568368E-01  0.00000000E+00  9.05819164E-02  6.05345757E-02
  5.00000000E-01  2.06331000E+00 -1.38750336E+00 -7.14590329E-02 -1.02581460E-01  0.00000000E+00  9.04218732E-02  6.06849926E-02
  5.00000000E-01  2.06354500E+00 -1.38904782E+00 -7.13239359E-02 -1.02594722E-01  0.00000000E+00  9.02627984E-02  6.08346091E-02
  5.00000000E-01  2.06378000E+00 -1.39058733E+00 -7.11887880E-02 -1.02608151E-01  0.00000000E+00  9.01046820E-02  6.09834162E-02
  5.00000000E-01  2.06401500E+00 -1.39212192E+00 -7.10535900E-02 -1.02621745E-01  0.00000000E+00  8.99475141E-02  6.11314050E-02
  5.00000000E-01  2.06425000E+00 -1.39365164E+00 -7.09183432E-02 -1.02635502E-01  0.00000000E+00  8.97912848E-02  6.12785667E-02
  5.00000000E-01  2.06448500E+00 -1.39517651E+00 -7.07830486E-02 -1.02649420E-01  0.00000000E+00  8.96359841E-02  6.14248924E-02
  5.00000000E-01  2.06472000E+00 -1.39669657E+00 -7.06477073E-02 -1.02663495E-01  0.00000000E+00  8.94816023E-02  6.15703731E-02
  5.00000000E-01  2.06495500E+00 -1.39821185E+00 -7.05123203E-02 -1.02677726E-01  0.00000000E+00  8.93281293E-02  6.17150001E-02
  5.00000000E-01  2.06519000E+00 -1.39972238E+00 -7.03768888E-02 -1.02692111E-01  0.00000000E+00  8.91755553E-02  6.18587644E-02
  5.00000000E-01  2.06542500E+00 -1.40122820E+00 -7.02414138E-02 -1.02706646E-01  0.00000000E+00  8.90238704E-02  6.20016571E-02
  5.00000000E-01  2.06566000E+00 -1.40272934E+00 -7.01058963E-02 -1.02721330E-01  0.00000000E+00  8.88730646E-02  6.21436693E-02
  5.00000000E-01  2.06589500E+00 -1.40422584E+00 -6.99703376E-02 -1.02736160E-01  0.00000000E+00  8.87231280E-02  6.22847921E-02
  5.00000000E-01  2.06613000E+00 -1.40571773E+00 -6.98347386E-02 -1.02751134E-01  0.00000000E+00  8.85740508E-02  6.24250167E-02
  5.00000000E-01  2.06636500E+00 -1.40720504E+00 -6.96991004E-02 -1.02766250E-01  0.00000000E+00  8.84258230E-02  6.25643342E-02
  5.00000000E-01  2.06660000E+00 -1.40868780E+00 -6.95634242E-02 -1.02781505E-01  0.00000000E+00  8.82784347E-02  6.27027357E-02
  5.00000000E-01  2.06683500E+00 -1.41016606E+00 -6.94277109E-02 -1.02796896E-01  0.00000000E+00  8.81318760E-02  6.28402122E-02
  5.00000000E-01  2.06707000E+00 -1.41163984E+00 -6.92919617E-02 -1.02812422E-01  0.00000000E+00  8.79861370E-02  6.29767549E-02
  5.00000000E-01  2.06730500E+00 -1.41310917E+00 -6.91561776E-02 -1.02828081E-01  0.00000000E+00  8.78412078E-02  6.31123550E-02
  5.00000000E-01  2.06754000E+00 -1.41457409E+00 -6.90203598E-02 -1.02843868E-01  0.00000000E+00  8.76970785E-02  6.32470034E-02
  5.00000000E-01  2.06777500E+00 -1.41603464E+00 -6.88845093E-02 -1.02859783E-01  0.00000000E+00  8.75537392E-02  6.33806914E-02
  5.00000000E-01  2.06801000E+00 -1.41749084E+00 -6.87486272E-02 -1.02875824E-01  0.00000000E+00  8.74111799E-02  6.35134101E-02
  5.00000000E-01  2.06824500E+00 -1.41894274E+00 -6.86127145E-02 -1.02891986E-01  0.00000000E+00  8.72693908E-02  6.36451505E-02
  5.00000000E-01  2.06848000E+00 -1.42039036E+00 -6.84767724E-02 -1.02908269E-01  0.00000000E+00  8.71283620E-02  6.37759037E-02
  5.00000000E-01  2.06871500E+00 -1.42183373E+00 -6.83408019E-02 -1.02924670E-01  0.00000000E+00  8.69880834E-02  6.39056610E-02
  5.00000000E-01  2.06895000E+00 -1.42327290E+00 -6.82048041E-02 -1.02941187E-01  0.00000000E+00  8.68485454E-02  6.40344133E-02
  5.00000000E-01  2.06918500E+00 -1.42470789E+00 -6.80687801E-02 -1.02957816E-01  0.00000000E+00  8.67097378E-02  6.41621518E-02
  5.00000000E-01  2.06942000E+00 -1.42613874E+00 -6.79327309E-02 -1.02974557E-01  0.00000000E+00  8.65716509E-02  6.42888676E-02
  5.00000000E-01  2.06965500E+00 -1.42756548E+00 -6.77966577E-02 -1.02991405E-01  0.00000000E+00  8.64342746E-02  6.44145519E-02
  5.00000000E-01  2.06989000E+00 -1.42898814E+00 -6.76605615E-02 -1.03008360E-01  0.00000000E+00  8.62975992E-02  6.45391957E-02
  5.00000000E-01  2.07012500E+00 -1.43040677E+00 -6.75244434E-02 -1.03025419E-01  0.00000000E+00  8.61616147E-02  6.46627901E-02
  5.00000000E-01  2.07036000E+00 -1.43182139E+00 -6.73883045E-02 -1.03042579E-01  0.00000000E+00  8.60263111E-02  6.47853263E-02
  5.00000000E-01  2.07059500E+00 -1.43323203E+00 -6.72521458E-02 -1.03059838E-01  0.00000000E+00  8.58916786E-02  6.49067953E-02
  5.00000000E-01  2.07083000E+00 -1.43463873E+00 -6.71159685E-02 -1.03077194E-01  0.00000000E+00  8.57577073E-02  6.50271883E-02
  5.00000000E-01  2.07106500E+00 -1.43604142E+00 -6.69797402E-02 -1.03094798E-01  0.00000000E+00  8.56243982E-02  6.51465741E-02
  5.00000000E-01  2.07130000E+00 -1.43743998E+00 -6.68434056E-02 -1.03112930E-01  0.00000000E+00  8.54917522E-02  6.52650794E-02
  5.00000000E-01  2.07153500E+00 -1.43883470E+00 -6.67070509E-02 -1.03131207E-01  0.00000000E+00  8.53597278E-02  6.53825026E-02
  5.00000000E-01  2.07177000E+00 -1.44022561E+00 -6.65706756E-02 -1.03149627E-01  0.00000000E+00  8.52283163E-02  6.54988412E-02
  5.00000000E-01  2.07200500E+00 -1.44161273E+00 -6.64342794E-02 -1.03168189E-01  0.00000000E+00  8.50975089E-02  6.56140923E-02
  5.00000000E-01  2.07224000E+00 -1.44299608E+00 -6.62978619E-02 -1.03186894E-01  0.00000000E+00  8.49672970E-02  6.57282534E-02
  5.00000000E-01  2.07247500E+00 -1.44437570E+00 -6.61614227E-02 -1.03205739E-01  0.00000000E+00  8.48376719E-02  6.58413218E-02
  5.00000000E-01  2.07271000E+00 -1.44575159E+00 -6.60249615E-02 -1.03224724E-01  0.00000000E+00  8.47086247E-02  6.59532947E-02
  5.00000000E-01  2.07294500E+00 -1.44712380E+00 -6.58884779E-02 -1.03243848E-01  0.00000000E+00  8.45801468E-02  6.60641695E-02
  5.00000000E-01  2.07318000E+00 -1.44849235E+00 -6.57519716E-02 -1.03263111E-01  0.00000000E+00  8.44522295E-02  6.61739434E-02
  5.00000000E-01  2.07341500E+00 -1.44985725E+00 -6.56154421E-02 -1.03282511E-01  0.00000000E+00  8.43248639E-02  6.62826139E-02
  5.00000000E-01  2.07365000E+00 -1.45121854E+00 -6.54788892E-02 -1.03302047E-01  0.00000000E+00  8.41980415E-02  6.63901783E-02
  5.00000000E-01  2.07388500E+00 -1.45257624E+00 -6.53423124E-02 -1.03321719E-01  0.00000000E+00  8.40717534E-02  6.64966338E-02
  5.00000000E-01  2.07412000E+00 -1.45393037E+00 -6.52057114E-02 -1.03341526E-01  0.00000000E+00  8.39459910E-02  6.66019778E-02
  5.00000000E-01  2.07435500E+00 -1.45528097E+00 -6.50690858E-02 -1.03361466E-01  0.00000000E+00  8.38207455E-02  6.67062076E-02
  5.00000000E-01  2.07459000E+00 -1.45662804E+00 -6.49324353E-02 -1.03381540E-01  0.00000000E+00  8.36960082E-02  6.68093205E-02
  5.00000000E-01  2.07482500E+00 -1.45797163E+00 -6.47957595E-02 -1.03401745E-01  0.00000000E+00  8.35717704E-02  6.69113138E-02
  5.00000000E-01  2.07506000E+00 -1.45931175E+00 -6.46590580E-02 -1.03422082E-01  0.00000000E+00  8.34480233E-02  6.70121849E-02
  5.00000000E-01  2.07529500E+00 -1.46064843E+00 -6.45223305E-02 -1.03442550E-01  0.00000000E+00  8.33247582E-02  6.71119310E-02
  5.00000000E-01  2.07553000E+00 -1.46198170E+00 -6.43855765E-02 -1.03463147E-01  0.00000000E+00  8.32019664E-02  6.72105496E-02
  5.00000000E-01  2.07576500E+00 -1.46331157E+00 -6.42487958E-02 -1.03483872E-01  0.00000000E+00  8.30796392E-02  6.73080378E-02
  5.00000000E-01  2.07600000E+00 -1.46463808E+00 -6.41119880E-02 -1.03504726E-01  0.00000000E+00  8.29577678E-02  6.74043931E-02
  5.00000000E-01  2.07623500E+00 -1.46596125E+00 -6.39751527E-02 -1.03525706E-01  0.00000000E+00  8.28363435E-02  6.74996127E-02
  5.00000000E-01  2.07647000E+00 -1.46728110E+00 -6.38382895E-02 -1.03546812E-01  0.00000000E+00  8.27153577E-02  6.75936940E-02
  5.00000000E-01  2.07670500E+00 -1.46859766E+00 -6.37013980E-02 -1.03568043E-01  0.00000000E+00  8.25948015E-02  6.76866343E-02
  5.00000000E-01  2.07694000E+00 -1.46991095E+00 -6.35644780E-02 -1.03589399E-01  0.00000000E+00  8.24746662E-02  6.77784309E-02
  5.00000000E-01  2.07717500E+00 -1.47122100E+00 -6.34275290E-02 -1.03610878E-01  0.00000000E+00  8.23549431E-02  6.78690811E-02
  5.00000000E-01  2.07741000E+00 -1.47252784E+00 -6.32905507E-02 -1.03632480E-01  0.00000000E+00  8.22356236E-02  6.79585822E-02
  5.00000000E-01  2.07764500E+00 -1.47383148E+00 -6.31535427E-02 -1.03654203E-01  0.00000000E+00  8.21166988E-02  6.80469316E-02
  5.00000000E-01  2.07788000E+00 -1.47513196E+00 -6.30165047E-02 -1.03676048E-01  0.00000000E+00  8.19981600E-02  6.81341266E-02
  5.00000000E-01  2.07811500E+00 -1.47642929E+00 -6.28794362E-02 -1.03698012E-01  0.00000000E+00  8.18799986E-02  6.82201644E-02
  5.00000000E-01  2.07835000E+00 -1.47772351E+00 -6.27423370E-02 -1.03720095E-01  0.00000000E+00  8.17622057E-02  6.83050425E-02
  5.00000000E-01  2.07858500E+00 -1.47901463E+00 -6.26052066E-02 -1.03742296E-01  0.00000000E+00  8.16447727E-02  6.83887581E-02
  5.00000000E-01  2.07882000E+00 -1.48030269E+00 -6.24680447E-02 -1.03764615E-01  0.00000000E+00  8.15276908E-02  6.84713086E-02
  5.00000000E-01  2.07905500E+00 -1.48158770E+00 -6.23308509E-02 -1.03787050E-01  0.00000000E+00  8.14109514E-02  6.85526912E-02
  5.00000000E-01  2.07929000E+00 -1.48286970E+00 -6.21936249E-02 -1.03809601E-01  0.00000000E+00  8.12945456E-02  6.86329034E-02
  5.00000000E-01  2.07952500E+00 -1.48414871E+00 -6.20563663E-02 -1.03832267E-01  0.00000000E+00  8.11784648E-02  6.87119423E-02
  5.00000000E-01  2.07976000E+00 -1.48542474E+00 -6.19190747E-02 -1.03855046E-01  0.00000000E+00  8.10627002E-02  6.87898054E-02
  5.00000000E-01  2.07999500E+00 -1.48669784E+00 -6.17817498E-02 -1.03877938E-01  0.00000000E+00  8.09472431E-02  6.88664899E-02
  5.00000000E-01  2.08023000E+00 -1.48796801E+00 -6.16443911E-02 -1.03900943E-01  0.00000000E+00  8.08320848E-02  6.89419932E-02
  5.00000000E-01  2.08046500E+00 -1.48923530E+00 -6.15069984E-02 -1.03924058E-01  0.00000000E+00  8.07172166E-02  6.90163125E-02
  5.00000000E-01  2.08070000E+00 -1.49049971E+00 -6.13695713E-02 -1.03947284E-01  0.00000000E+00  8.06026297E-02  6.90894453E-02
  5.00000000E-01  2.08093500E+00 -1.49176129E+00 -6.12321093E-02 -1.03970620E-01  0.00000000E+00  8.04883154E-02  6.91613888E-02
  5.00000000E-01  2.08117000E+00 -1.49302004E+00 -6.10946122E-02 -1.03994064E-01  0.00000000E+00  8.03742650E-02  6.92321403E-02
  5.00000000E-01  2.08140500E+00 -1.49427600E+00 -6.09570796E-02 -1.04017615E-01  0.00000000E+00  8.02604698E-02  6.93016972E-02
  5.00000000E-01  2.08164000E+00 -1.49552919E+00 -6.08195111E-02 -1.04041274E-01  0.00000000E+00  8.01469210E-02  6.93700567E-02
  5.00000000E-01  2.08187500E+00 -1.49677964E+00 -6.06819063E-02 -1.04065039E-01  0.00000000E+00  8.00336099E-02  6.94372163E-02
  5.00000000E-01  2.08211000E+00 -1.49802737E+00 -6.05442649E-02 -1.04088909E-01  0.00000000E+00  7.99205278E-02  6.95031731E-02
  5.00000000E-01  2.08234500E+00 -1.49927241E+00 -6.04065865E-02 -1.04112883E-01  0.00000000E+00  7.98076659E-02  6.95679246E-02
  5.00000000E-01  2.08258000E+00 -1.50051477E+00 -6.02688708E-02 -1.04136960E-01  0.00000000E+00  7.96950155E-02  6.96314681E-02
  5.00000000E-01  2.08281500E+00 -1.50175450E+00 -6.01311173E-02 -1.04161140E-01  0.00000000E+00  7.95825680E-02  6.96938008E-02
  5.00000000E-01  2.08305000E+00 -1.50299160E+00 -5.99933258E-02 -1.04185422E-01  0.00000000E+00  7.94703146E-02  6.97549201E-02
  5.00000000E-01  2.08328500E+00 -1.50422611E+00 -5.98554958E-02 -1.04209804E-01  0.00000000E+00  7.93582465E-02  6.98148233E-02
  5.00000000E-01  2.08352000E+00 -1.50545774E+00 -5.97176061E-02 -1.04234468E-01  0.00000000E+00  7.92464302E-02  6.98736164E-02
  5.00000000E-01  2.08375500E+00 -1.50668673E+00 -5.95796705E-02 -1.04259287E-01  0.00000000E+00  7.91348039E-02  6.99312337E-02
  5.00000000E-01  2.08399000E+00 -1.50791317E+00 -5.94416936E-02 -1.04284214E-01  0.00000000E+00  7.90233415E-02  6.99876490E-02
  5.00000000E-01  2.08422500E+00 -1.50913709E+00 -5.93036746E-02 -1.04309249E-01  0.00000000E+00  7.89120366E-02  7.00428623E-02
  5.00000000E-01  2.08446000E+00 -1.51035849E+00 -5.91656130E-02 -1.04334393E-01  0.00000000E+00  7.88008825E-02  7.00968736E-02
  5.00000000E-01  2.08469500E+00 -1.51157740E+00 -5.90275081E-02 -1.04359645E-01  0.00000000E+00  7.86898728E-02  7.01496827E-02
  5.00000000E-01  2.08493000E+00 -1.51279384E+00 -5.88893591E-02 -1.04385004E-01  0.00000000E+00  7.85790008E-02  7.02012896E-02
  5.00000000E-01  2.08516500E+00 -1.51400781E+00 -5.87511654E-02 -1.04410470E-01  0.00000000E+00  7.84682600E-02  7.02516945E-02
  5.00000000E-01  2.08540000E+00 -1.51521933E+00 -5.86129263E-02 -1.04436044E-01  0.00000000E+00  7.83576437E-02  7.03008971E-02
  5.00000000E-01  2.08563500E+00 -1.51642842E+00 -5.84746411E-02 -1.04461725E-01  0.00000000E+00  7.82471456E-02  7.03488975E-02
  5.00000000E-01  2.08587000E+00 -1.51763510E+00 -5.83363091E-02 -1.04487513E-01  0.00000000E+00  7.81367589E-02  7.03956956E-02
  5.00000000E-01  2.08610500E+00 -1.51883938E+00 -5.81979298E-02 -1.04513408E-01  0.00000000E+00  7.80264771E-02  7.04412914E-02
  5.00000000E-01  2.08634000E+00 -1.52004128E+00 -5.80595023E-02 -1.04539409E-01  0.00000000E+00  7.79162936E-02  7.04856849E-02
  5.00000000E-01  2.08657500E+00 -1.52124081E+00 -5.79210260E-02 -1.04565516E-01  0.00000000E+00  7.78062020E-02  7.05288761E-02
  5.00000000E-01  2.08681000E+00 -1.52243800E+00 -5.77825002E-02 -1.04591730E-01  0.00000000E+00  7.76961955E-02  7.05708648E-02
  5.00000000E-01  2.08704500E+00 -1.52363285E+00 -5.76439242E-02 -1.04618049E-01  0.00000000E+00  7.75862677E-02  7.06116512E-02
  5.00000000E-01  2.08728000E+00 -1.52482538E+00 -5.75052974E-02 -1.04644474E-01  0.00000000E+00  7.74764120E-02  7.06512351E-02
  5.00000000E-01  2.08751500E+00 -1.52601562E+00 -5.73666191E-02 -1.04671004E-01  0.00000000E+00  7.73666219E-02  7.06896165E-02
  5.00000000E-01  2.08775000E+00 -1.52720357E+00 -5.72278886E-02 -1.04697640E-01  0.00000000E+00  7.72568906E-02  7.07267954E-02
  5.00000000E-01  2.08798500E+00 -1.52838925E+00 -5.70891052E-02 -1.04724381E-01  0.00000000E+00  7.71472118E-02  7.07627717E-02
  5.00000000E-01  2.08822000E+00 -1.52957268E+00 -5.69502682E-02 -1.04751226E-01  0.00000000E+00  7.70375788E-02  7.07975455E-02
  5.00000000E-01  2.08845500E+00 -1.53075388E+00 -5.68113770E-02 -1.04778177E-01  0.00000000E+00  7.69279850E-02  7.08311167E-02
  5.00000000E-01  2.08869000E+00 -1.53193285E+00 -5.66724309E-02 -1.04805231E-01  0.00000000E+00  7.68184240E-02  7.08634852E-02
  5.00000000E-01  2.08892500E+00 -1.53310963E+00 -5.65334292E-02 -1.04832390E-01  0.00000000E+00  7.67088891E-02  7.08946510E-02
  5.00000000E-01  2.08916000E+00 -1.53428422E+00 -5.63943712E-02 -1.04859653E-01  0.00000000E+00  7.65993737E-02  7.09246142E-02
  5.00000000E-01  2.08939500E+00 -1.53545663E+00 -5.62552562E-02 -1.04887020E-01  0.00000000E+00  7.64898714E-02  7.09533746E-02
  5.00000000E-01  2.08963000E+00 -1.53662689E+00 -5.61160835E-02 -1.04914490E-01  0.00000000E+00  7.63803754E-02  7.09809322E-02
  5.00000000E-01  2.08986500E+00 -1.53779502E+00 -5.59768526E-02 -1.04942064E-01  0.00000000E+00  7.62708794E-02  7.10072871E-02
  5.00000000E-01  2.09010000E+00 -1.53896102E+00 -5.58375626E-02 -1.04969741E-01  0.00000000E+00  7.61613766E-02  7.10324391E-02
  5.00000000E-01  2.09033500E+00 -1.54012492E+00 -5.56982129E-02 -1.04997521E-01  0.00000000E+00  7.60518606E-02  7.10563883E-02
  5.00000000E-01  2.09057000E+00 -1.54128672E+00 -5.55588029E-02 -1.05025404E-01  0.00000000E+00  7.59423248E-02  7.10791345E-02
  5.00000000E-01  2.09080500E+00 -1.54244646E+00 -5.54193318E-02 -1.05053389E-01  0.00000000E+00  7.58327625E-02  7.11006778E-02
  5.00000000E-01  2.09104000E+00 -1.54360414E+00 -5.52797990E-02 -1.05081477E-01  0.00000000E+00  7.57231674E-02  7.11210182E-02
  5.00000000E-01  2.09127500E+00 -1.54475977E+00 -5.51402038E-02 -1.05109667E-01  0.00000000E+00  7.56135327E-02  7.11401556E-02
  5.00000000E-01  2.09151000E+00 -1.54591339E+00 -5.50005455E-02 -1.05137959E-01  0.00000000E+00  7.55038519E-02  7.11580900E-02
  5.00000000E-01  2.09174500E+00 -1.54706499E+00 -5.48608234E-02 -1.05166353E-01  0.00000000E+00  7.53941184E-02  7.11748213E-02
  5.00000000E-01  2.09198000E+00 -1.54821460E+00 -5.47210369E-02 -1.05194849E-01  0.00000000E+00  7.52843257E-02  7.11903495E-02
  5.00000000E-01  2.09221500E+00 -1.54936224E+00 -5.45811852E-02 -1.05223445E-01  0.00000000E+00  7.51744673E-02  7.12046747E-02
  5.00000000E-01  2.09245000E+00 -1.55050792E+00 -5.44412678E-02 -1.05252144E-01  0.00000000E+00  7.50645365E-02  7.12177966E-02
  5.00000000E-01  2.09268500E+00 -1.55165165E+00 -5.43012838E-02 -1.05280943E-01  0.00000000E+00  7.49545268E-02  7.12297154E-02
  5.00000000E-01  2.09292000E+00 -1.55279346E+00 -5.41612327E-02 -1.05309842E-01  0.00000000E+00  7.48444316E-02  7.12404310E-02
  5.00000000E-01  2.09315500E+00 -1.55393335E+00 -5.40211137E-02 -1.05338843E-01  0.00000000E+00  7.47342444E-02  7.12499434E-02
  5.00000000E-01  2.09339000E+00 -1.55507135E+00 -5.38809261E-02 -1.05367943E-01  0.00000000E+00  7.46239585E-02  7.12582524E-02
  5.00000000E-01  2.09362500E+00 -1.55620748E+00 -5.37406694E-02 -1.05397144E-01  0.00000000E+00  7.45135675E-02  7.12653582E-02
  5.00000000E-01  2.09386000E+00 -1.55734174E+00 -5.36003428E-02 -1.05426445E-01  0.00000000E+00  7.44030648E-02  7.12712606E-02
  5.00000000E-01  2.09409500E+00 -1.55847415E+00 -5.34599455E-02 -1.05455846E-01  0.00000000E+00  7.42924437E-02  7.12759597E-02
  5.00000000E-01  2.09433000E+00 -1.55960474E+00 -5.33194771E-02 -1.05485346E-01  0.00000000E+00  7.41816978E-02  7.12794554E-02
  5.00000000E-01  2.09456500E+00 -1.56073351E+00 -5.31789367E-02 -1.05514945E-01  0.00000000E+00  7.40708204E-02  7.12817476E-02
  5.00000000E-01  2.09480000E+00 -1.56186048E+00 -5.30383236E-02 -1.05544644E-01  0.00000000E+00  7.39598051E-02  7.12828364E-02
  5.00000000E-01  2.09503500E+00 -1.56298568E+00 -5.28976373E-02 -1.05574442E-01  0.00000000E+00  7.38486451E-02  7.12827217E-02
  5.00000000E-01  2.09527000E+00 -1.56410911E+00 -5.27568770E-02 -1.05604338E-01  0.00000000E+00  7.37373341E-02  7.12814034E-02
  5.00000000E-01  2.09550500E+00 -1.56523079E+00 -5.26160421E-02 -1.05634333E-01  0.00000000E+00  7.36258653E-02  7.12788816E-02
  5.00000000E-01  2.09574000E+00 -1.56635064E+00 -5.24751359E-02 -1.05664455E-01  0.00000000E+00  7.35142530E-02  7.12751513E-02
  5.00000000E-01  2.09597500E+00 -1.56746855E+00 -5.23341627E-02 -1.05694735E-01  0.00000000E+00  7.34025188E-02  7.12702138E-02
  5.00000000E-01  2.09621000E+00 -1.56858475E+00 -5.21931126E-02 -1.05725105E-01  0.00000000E+00  7.32906133E-02  7.12640839E-02
  5.00000000E-01  2.09644500E+00 -1.56969925E+00 -5.20519849E-02 -1.05755566E-01  0.00000000E+00  7.31785315E-02  7.12567614E-02
  5.00000000E-01  2.09668000E+00 -1.57081204E+00 -5.19107793E-02 -1.05786118E-01  0.00000000E+00  7.30662683E-02  7.12482460E-02
  5.00000000E-01  2.09691500E+00 -1.57192315E+00 -5.17694951E-02 -1.05816760E-01  0.00000000E+00  7.29538185E-02  7.12385373E-02
  5.00000000E-01  2.09715000E+00 -1.57303258E+00 -5.16281318E-02 -1.05847494E-01  0.00000000E+00  7.28411770E-02  7.12276351E-02
  5.00000000E-01  2.09738500E+00 -1.57414033E+00 -5.14866888E-02 -1.05878318E-01  0.00000000E+00  7.27283387E-02  7.12155392E-02
  5.00000000E-01  2.09762000E+00 -1.57524643E+00 -5.13451657E-02 -1.05909234E-01  0.00000000E+00  7.26152986E-02  7.12022493E-02
  5.00000000E-01  2.09785500E+00 -1.57635088E+00 -5.12035619E-02 -1.05940242E-01  0.00000000E+00  7.25020514E-02  7.11877651E-02
  5.00000000E-01  2.09809000E+00 -1.57745369E+00 -5.10618768E-02 -1.05971340E-01  0.00000000E+00  7.23885921E-02  7.11720863E-02
  5.00000000E-01  2.09832500E+00 -1.57855487E+00 -5.09201099E-02 -1.06002530E-01  0.00000000E+00  7.22749156E-02  7.11552127E-02
  5.00000000E-01  2.09856000E+00 -1.57965443E+00 -5.07782607E-02 -1.06033812E-01  0.00000000E+00  7.21610167E-02  7.11371439E-02
  5.00000000E-01  2.09879500E+00 -1.58075237E+00 -5.06363286E-02 -1.06065185E-01  0.00000000E+00  7.20468904E-02  7.11178798E-02
  5.00000000E-01  2.09903000E+00 -1.58184871E+00 -5.04943131E-02 -1.06096651E-01  0.00000000E+00  7.19325316E-02  7.10974200E-02
  5.00000000E-01  2.09926500E+00 -1.58294346E+00 -5.03522137E-02 -1.06128208E-01  0.00000000E+00  7.18179351E-02  7.10757643E-02
  5.00000000E-01  2.09950000E+00 -1.58403663E+00 -5.02100297E-02 -1.06159857E-01  0.00000000E+00  7.17030958E-02  7.10529124E-02
  5.00000000E-01  2.09973500E+00 -1.58512823E+00 -5.00677608E-02 -1.06191598E-01  0.00000000E+00  7.15880086E-02  7.10288640E-02
  5.00000000E-01  2.09997000E+00 -1.58621826E+00 -4.99254063E-02 -1.06223431E-01  0.00000000E+00  7.14726684E-02  7.10036189E-02
  5.00000000E-01  2.10020500E+00 -1.58730673E+00 -4.97829656E-02 -1.06255356E-01  0.00000000E+00  7.13570701E-02  7.09771768E-02
  5.00000000E-01  2.10044000E+00 -1.58839367E+00 -4.96404383E-02 -1.06287374E-01  0.00000000E+00  7.12412086E-02  7.09495374E-02
  5.00000000E-01  2.10067500E+00 -1.58947906E+00 -4.94978239E-02 -1.06319484E-01  0.00000000E+00  7.11250787E-02  7.09207005E-02
  5.00000000E-01  2.10091000E+00 -1.59056294E+00 -4.93551217E-02 -1.06351687E-01  0.00000000E+00  7.10086754E-02  7.08906657E-02
  5.00000000E-01  2.10114500E+00 -1.59164529E+00 -4.92123312E-02 -1.06383983E-01  0.00000000E+00  7.08919935E-02  7.08594328E-02
  5.00000000E-01  2.10138000E+00 -1.59272614E+00 -4.90694519E-02 -1.06416371E-01  0.00000000E+00  7.07750280E-02  7.08270016E-02
  5.00000000E-01  2.10161500E+00 -1.59380549E+00 -4.89264833E-02 -1.06448852E-01  0.00000000E+00  7.06577737E-02  7.07933717E-02
  5.00000000E-01  2.10185000E+00 -1.59488336E+00 -4.87834248E-02 -1.06481426E-01  0.00000000E+00  7.05402256E-02  7.07585429E-02
  5.00000000E-01  2.10208500E+00 -1.59595975E+00 -4.86402759E-02 -1.06514093E-01  0.00000000E+00  7.04223784E-02  7.07225149E-02
  5.00000000E-01  2.10232000E+00 -1.59703467E+00 -4.84970360E-02 -1.06546853E-01  0.00000000E+00  7.03042271E-02  7.06852875E-02
  5.00000000E-01  2.10255500E+00 -1.59810813E+00 -4.83537046E-02 -1.06579706E-01  0.00000000E+00  7.01857666E-02  7.06468603E-02
  5.00000000E-01  2.10279000E+00 -1.59918014E+00 -4.82102812E-02 -1.06612652E-01  0.00000000E+00  7.00669918E-02  7.06072331E-02
  5.00000000E-01  2.10302500E+00 -1.60025072E+00 -4.80667652E-02 -1.06645692E-01  0.00000000E+00  6.99478975E-02  7.05664057E-02
  5.00000000E-01  2.10326000E+00 -1.60131986E+00 -4.79231561E-02 -1.06678826E-01  0.00000000E+00  6.98284787E-02  7.05243778E-02
  5.00000000E-01  2.10349500E+00 -1.60238759E+00 -4.77794533E-02 -1.06712053E-01  0.00000000E+00  6.97087302E-02  7.04811490E-02
  5.00000000E-01  2.10373000E+00 -1.60345390E+00 -4.76356564E-02 -1.06745373E-01  0.00000000E+00  6.95886470E-02  7.04367191E-02
  5.00000000E-01  2.10396500E+00 -1.60451882E+00 -4.74917647E-02 -1.06778788E-01  0.00000000E+00  6.94682239E-02  7.03910879E-02
  5.00000000E-01  2.10420000E+00 -1.60558234E+00 -4.73477777E-02 -1.06812296E-01  0.00000000E+00  6.93474558E-02  7.03442551E-02
  5.00000000E-01  2.10443500E+00 -1.60664448E+00 -4.72036949E-02 -1.06845899E-01  0.00000000E+00  6.92263376E-02  7.02962203E-02
  5.00000000E-01  2.10467000E+00 -1.60770525E+00 -4.70595157E-02 -1.06879595E-01  0.00000000E+00  6.91048641E-02  7.02469834E-02
  5.00000000E-01  2.10490500E+00 -1.60876466E+00 -4.69152397E-02 -1.06913385E-01  0.00000000E+00  6.89830304E-02  7.01965440E-02
  5.00000000E-01  2.10514000E+00 -1.60982271E+00 -4.67708662E-02 -1.06947270E-01  0.00000000E+00  6.88608312E-02  7.01449020E-02
  5.00000000E-01  2.10537500E+00 -1.61087942E+00 -4.66263947E-02 -1.06981249E-01  0.00000000E+00  6.87382615E-02  7.00920569E-02
  5.00000000E-01  2.10561000E+00 -1.61193480E+00 -4.64818248E-02 -1.07015323E-01  0.00000000E+00  6.86153161E-02  7.00380086E-02
  5.00000000E-01  2.10584500E+00 -1.61298885E+00 -4.63371558E-02 -1.07049491E-01  0.00000000E+00  6.84919900E-02  6.99827568E-02
  5.00000000E-01  2.10608000E+00 -1.61404159E+00 -4.61923871E-02 -1.07083754E-01  0.00000000E+00  6.83682779E-02  6.99263012E-02
  5.00000000E-01  2.10631500E+00 -1.61509302E+00 -4.60475184E-02 -1.07118111E-01  0.00000000E+00  6.82441749E-02  6.98686415E-02
  5.00000000E-01  2.10655000E+00 -1.61614316E+00 -4.59025490E-02 -1.07152564E-01  0.00000000E+00  6.81196758E-02  6.98097774E-02
  5.00000000E-01  2.10678500E+00 -1.61719201E+00 -4.57574784E-02 -1.07187111E-01  0.00000000E+00  6.79947755E-02  6.97497088E-02
  5.00000000E-01  2.10702000E+00 -1.61823958E+00 -4.56123060E-02 -1.07221753E-01  0.00000000E+00  6.78694689E-02  6.96884352E-02
  5.00000000E-01  2.10725500E+00 -1.61928589E+00 -4.54670314E-02 -1.07256490E-01  0.00000000E+00  6.77437508E-02  6.96259565E-02
  5.00000000E-01  2.10749000E+00 -1.62033094E+00 -4.53216539E-02 -1.07291323E-01  0.00000000E+00  6.76176163E-02  6.95622724E-02
  5.00000000E-01  2.10772500E+00 -1.62137475E+00 -4.51761731E-02 -1.07326251E-01  0.00000000E+00  6.74910600E-02  6.94973826E-02
  5.00000000E-01  2.10796000E+00 -1.62241731E+00 -4.50305883E-02 -1.07361274E-01  0.00000000E+00  6.73640770E-02  6.94312868E-02
  5.00000000E-01  2.10819500E+00 -1.62345843E+00 -4.48849141E-02 -1.07396323E-01  0.00000000E+00  6.72366712E-02  6.93638860E-02
  5.00000000E-01  2.10843000E+00 -1.62449828E+00 -4.47391383E-02 -1.07431447E-01  0.00000000E+00  6.71088362E-02  6.92952613E-02
  5.00000000E-01  2.10866500E+00 -1.62553691E+00 -4.45932576E-02 -1.07466661E-01  0.00000000E+00  6.69805657E-02  6.92254306E-02
  5.00000000E-01  2.10890000E+00 -1.62657432E+00 -4.44472718E-02 -1.07501964E-01  0.00000000E+00  6.68518550E-02  6.91543908E-02
  5.00000000E-01  2.10913500E+00 -1.62761051E+00 -4.43011804E-02 -1.07537355E-01  0.00000000E+00  6.67226989E-02  6.90821391E-02
  5.00000000E-01  2.10937000E+00 -1.62864550E+00 -4.41549833E-02 -1.07572835E-01  0.00000000E+00  6.65930927E-02  6.90086725E-02
  5.00000000E-01  2.10960500E+00 -1.62967929E+00 -4.40086801E-02 -1.07608404E-01  0.00000000E+00  6.64630313E-02  6.89339880E-02
  5.00000000E-01  2.10984000E+00 -1.63071187E+00 -4.38622705E-02 -1.07644060E-01  0.00000000E+00  6.63325098E-02  6.88580826E-02
  5.00000000E-01  2.11007500E+00 -1.63174326E+00 -4.37157543E-02 -1.07679803E-01  0.00000000E+00  6.62015234E-02  6.87809535E-02
  5.00000000E-01  2.11031000E+00 -1.63277345E+00 -4.35691310E-02 -1.07715635E-01  0.00000000E+00  6.60700670E-02  6.87025976E-02
  5.00000000E-01  2.11054500E+00 -1.63380246E+00 -4.34224005E-02 -1.07751553E-01  0.00000000E+00  6.59381358E-02  6.86230119E-02
  5.00000000E-01  2.11078000E+00 -1.63483028E+00 -4.32755624E-02 -1.07787557E-01  0.00000000E+00  6.58057249E-02  6.85421936E-02
  5.00000000E-01  2.11101500E+00 -1.63585692E+00 -4.31286164E-02 -1.07823648E-01  0.00000000E+00  6.56728292E-02  6.84601397E-02
  5.00000000E-01  2.11125000E+00 -1.63688239E+00 -4.29815623E-02 -1.07859826E-01  0.00000000E+00  6.55394439E-02  6.83768471E-02
  5.00000000E-01  2.11148500E+00 -1.63790668E+00 -4.28343997E-02 -1.07896089E-01  0.00000000E+00  6.54055640E-02  6.82923130E-02
  5.00000000E-01  2.11172000E+00 -1.63892980E+00 -4.26871283E-02 -1.07932437E-01  0.00000000E+00  6.52711846E-02  6.82065345E-02
  5.00000000E-01  2.11195500E+00 -1.63995176E+00 -4.25397479E-02 -1.07968871E-01  0.00000000E+00  6.51363009E-02  6.81195084E-02
  5.00000000E-01  2.11219000E+00 -1.64097256E+00 -4.23922580E-02 -1.08005390E-01  0.00000000E+00  6.50009077E-02  6.80312319E-02
  5.00000000E-01  2.11242500E+00 -1.64199221E+00 -4.22446586E-02 -1.08041994E-01  0.00000000E+00  6.48650003E-02  6.79417021E-02
  5.00000000E-01  2.11266000E+00 -1.64301070E+00 -4.20969491E-02 -1.08078682E-01  0.00000000E+00  6.47285737E-02  6.78509159E-02
  5.00000000E-01  2.11289500E+00 -1.64402804E+00 -4.19491294E-02 -1.08115454E-01  0.00000000E+00  6.45916230E-02  6.77588704E-02
  5.00000000E-01  2.11313000E+00 -1.64504424E+00 -4.18011991E-02 -1.08152309E-01  0.00000000E+00  6.44541432E-02  6.76655626E-02
  5.00000000E-01  2.11336500E+00 -1.64605930E+00 -4.16531580E-02 -1.08189248E-01  0.00000000E+00  6.43161294E-02  6.75709897E-02
  5.00000000E-01  2.11360000E+00 -1.64707322E+00 -4.15050057E-02 -1.08226271E-01  0.00000000E+00  6.41775767E-02  6.74751485E-02
  5.00000000E-01  2.11383500E+00 -1.64808601E+00 -4.13567419E-02 -1.08263376E-01  0.00000000E+00  6.40384801E-02  6.73780363E-02
  5.00000000E-01  2.11407000E+00 -1.64909768E+00 -4.12083664E-02 -1.08300564E-01  0.00000000E+00  6.38988348E-02  6.72796499E-02
  5.00000000E-01  2.11430500E+00 -1.65010822E+00 -4.10598788E-02 -1.08337834E-01  0.00000000E+00  6.37586358E-02  6.71799865E-02
  5.00000000E-01  2.11454000E+00 -1.65111764E+00 -4.09112789E-02 -1.08375187E-01  0.00000000E+00  6.36178781E-02  6.70790432E-02
  5.00000000E-01  2.11477500E+00 -1.65212594E+00 -4.07625663E-02 -1.08412621E-01  0.00000000E+00  6.34765569E-02  6.69768168E-02
  5.00000000E-01  2.11501000E+00 -1.65313314E+00 -4.06137408E-02 -1.08450136E-01  0.00000000E+00  6.33346671E-02  6.68733045E-02
  5.00000000E-01  2.11524500E+00 -1.65413922E+00 -4.04648020E-02 -1.08487733E-01  0.00000000E+00  6.31922040E-02  6.67685034E-02
  5.00000000E-01  2.11548000E+00 -1.65514420E+00 -4.03157497E-02 -1.08525410E-01  0.00000000E+00  6.30491625E-02  6.66624104E-02
  5.00000000E-01  2.11571500E+00 -1.65614808E+00 -4.01665835E-02 -1.08563168E-01  0.00000000E+00  6.29055377E-02  6.65550227E-02
  5.00000000E-01  2.11595000E+00 -1.65715087E+00 -4.00173032E-02 -1.08601006E-01  0.00000000E+00  6.27613248E-02  6.64463372E-02
  5.00000000E-01  2.11618500E+00 -1.65815256E+00 -3.98679084E-02 -1.08638924E-01  0.00000000E+00  6.26165187E-02  6.63363509E-02
  5.00000000E-01  2.11642000E+00 -1.65915317E+00 -3.97183989E-02 -1.08676922E-01  0.00000000E+00  6.24711145E-02  6.62250611E-02
  5.00000000E-01  2.11665500E+00 -1.66015269E+00 -3.95687743E-02 -1.08714999E-01  0.00000000E+00  6.23251073E-02  6.61124646E-02
  5.00000000E-01  2.11689000E+00 -1.66115114E+00 -3.94190344E-02 -1.08753156E-01  0.00000000E+00  6.21784923E-02  6.59985585E-02
  5.00000000E-01  2.11712500E+00 -1.66214851E+00 -3.92691788E-02 -1.08791391E-01  0.00000000E+00  6.20312643E-02  6.58833399E-02
  5.00000000E-01  2.11736000E+00 -1.66314480E+00 -3.91192073E-02 -1.08829704E-01  0.00000000E+00  6.18834186E-02  6.57668058E-02
  5.00000000E-01  2.11759500E+00 -1.66414003E+00 -3.89691196E-02 -1.08868096E-01  0.00000000E+00  6.17349502E-02  6.56489532E-02
  5.00000000E-01  2.11783000E+00 -1.66513420E+00 -3.88189153E-02 -1.08906566E-01  0.00000000E+00  6.15858542E-02  6.55297792E-02
  5.00000000E-01  2.11806500E+00 -1.66612731E+00 -3.86685942E-02 -1.08945113E-01  0.00000000E+00  6.14361256E-02  6.54092809E-02
  5.00000000E-01  2.11830000E+00 -1.66711936E+00 -3.85181559E-02 -1.08983738E-01  0.00000000E+00  6.12857595E-02  6.52874552E-02
  5.00000000E-01  2.11853500E+00 -1.66811036E+00 -3.83676002E-02 -1.09022440E-01  0.00000000E+00  6.11347510E-02  6.51642992E-02
  5.00000000E-01  2.11877000E+00 -1.66910032E+00 -3.82169268E-02 -1.09061218E-01  0.00000000E+00  6.09830951E-02  6.50398100E-02
  5.00000000E-01  2.11900500E+00 -1.67008923E+00 -3.80661354E-02 -1.09100073E-01  0.00000000E+00  6.08307870E-02  6.49139846E-02
  5.00000000E-01  2.11924000E+00 -1.67107710E+00 -3.79152256E-02 -1.09139004E-01  0.00000000E+00  6.06778216E-02  6.47868201E-02
  5.00000000E-01  2.11947500E+00 -1.67206394E+00 -3.77641972E-02 -1.09178011E-01  0.00000000E+00  6.05241941E-02  6.46583134E-02
  5.00000000E-01  2.11971000E+00 -1.67304975E+00 -3.76130498E-02 -1.09217094E-01  0.00000000E+00  6.03698996E-02  6.45284617E-02
  5.00000000E-01  2.11994500E+00 -1.67403453E+00 -3.74617833E-02 -1.09256251E-01  0.00000000E+00  6.02149331E-02  6.43972619E-02
  5.00000000E-01  2.12018000E+00 -1.67501828E+00 -3.73103972E-02 -1.09295484E-01  0.00000000E+00  6.00592896E-02  6.42647111E-02
  5.00000000E-01  2.12041500E+00 -1.67600087E+00 -3.71589039E-02 -1.09334855E-01  0.00000000E+00  5.99029307E-02  6.41307333E-02
  5.00000000E-01  2.12065000E+00 -1.67698217E+00 -3.70073140E-02 -1.09374409E-01  0.00000000E+00  5.97458295E-02  6.39952641E-02
  5.00000000E-01  2.12088500E+00 -1.67796248E+00 -3.68556037E-02 -1.09414024E-01  0.00000000E+00  5.95880466E-02  6.38584355E-02
  5.00000000E-01  2.12112000E+00 -1.67894180E+00 -3.67037729E-02 -1.09453699E-01  0.00000000E+00  5.94295746E-02  6.37202397E-02
  5.00000000E-01  2.12135500E+00 -1.67992011E+00 -3.65518218E-02 -1.09493435E-01  0.00000000E+00  5.92704066E-02  6.35806690E-02
  5.00000000E-01  2.12159000E+00 -1.68089742E+00 -3.63997502E-02 -1.09533231E-01  0.00000000E+00  5.91105355E-02  6.34397158E-02
  5.00000000E-01  2.12182500E+00 -1.68187372E+00 -3.62475583E-02 -1.09573089E-01  0.00000000E+00  5.89499540E-02  6.32973723E-02
  5.00000000E-01  2.12206000E+00 -1.68284901E+00 -3.60952459E-02 -1.09613007E-01  0.00000000E+00  5.87886550E-02  6.31536309E-02
  5.00000000E-01  2.12229500E+00 -1.68382327E+00 -3.59428131E-02 -1.09652987E-01  0.00000000E+00  5.86266316E-02  6.30084839E-02
  5.00000000E-01  2.12253000E+00 -1.68479651E+00 -3.57902599E-02 -1.09693029E-01  0.00000000E+00  5.84638764E-02  6.28619235E-02
  5.00000000E-01  2.12276500E+00 -1.68576872E+00 -3.56375864E-02 -1.09733133E-01  0.00000000E+00  5.83003825E-02  6.27139421E-02
  5.00000000E-01  2.12300000E+00 -1.68673990E+00 -3.54847924E-02 -1.09773298E-01  0.00000000E+00  5.81361427E-02  6.25645319E-02
  5.00000000E-01  2.12323500E+00 -1.68771004E+00 -3.53318780E-02 -1.09813526E-01  0.00000000E+00  5.79711499E-02  6.24136853E-02
  5.00000000E-01  2.12347000E+00 -1.68867913E+00 -3.51788433E-02 -1.09853816E-01  0.00000000E+00  5.78053969E-02  6.22613945E-02
  5.00000000E-01  2.12370500E+00 -1.68964718E+00 -3.50256882E-02 -1.09894169E-01  0.00000000E+00  5.76388768E-02  6.21076520E-02
  5.00000000E-01  2.12394000E+00 -1.69061417E+00 -3.48724126E-02 -1.09934584E-01  0.00000000E+00  5.74715822E-02  6.19524498E-02
  5.00000000E-01  2.12417500E+00 -1.69158010E+00 -3.47190167E-02 -1.09975063E-01  0.00000000E+00  5.73035062E-02  6.17957805E-02
  5.00000000E-01  2.12441000E+00 -1.69254497E+00 -3.45655005E-02 -1.10015604E-01  0.00000000E+00  5.71346415E-02  6.16376362E-02
  5.00000000E-01  2.12464500E+00 -1.69350877E+00 -3.44118638E-02 -1.10056209E-01  0.00000000E+00  5.69649812E-02  6.14780093E-02
  5.00000000E-01  2.12488000E+00 -1.69447149E+00 -3.42581068E-02 -1.10096878E-01  0.00000000E+00  5.67945180E-02  6.13168921E-02
  5.00000000E-01  2.12511500E+00 -1.69543314E+00 -3.41042294E-02 -1.10137610E-01  0.00000000E+00  5.66232449E-02  6.11542768E-02
  5.00000000E-01  2.12535000E+00 -1.69639371E+00 -3.39502316E-02 -1.10178406E-01  0.00000000E+00  5.64511547E-02  6.09901558E-02
  5.00000000E-01  2.12558500E+00 -1.69735319E+00 -3.37961135E-02 -1.10219266E-01  0.00000000E+00  5.62782403E-02  6.08245214E-02
  5.00000000E-01  2.12582000E+00 -1.69831157E+00 -3.36418750E-02 -1.10260191E-01  0.00000000E+00  5.61044946E-02  6.06573658E-02
  5.00000000E-01  2.12605500E+00 -1.69926886E+00 -3.34875162E-02 -1.10301180E-01  0.00000000E+00  5.59299105E-02  6.04886815E-02
  5.00000000E-01  2.12629000E+00 -1.70022505E+00 -3.33330370E-02 -1.10342234E-01  0.00000000E+00  5.57544809E-02  6.03184606E-02
  5.00000000E-01  2.12652500E+00 -1.70118012E+00 -3.31784374E-02 -1.10383353E-01  0.00000000E+00  5.55781986E-02  6.01466955E-02
  5.00000000E-01  2.12676000E+00 -1.70213409E+00 -3.30237175E-02 -1.10424537E-01  0.00000000E+00  5.54010566E-02  5.99733785E-02
  5.00000000E-01  2.12699500E+00 -1.70308694E+00 -3.28688773E-02 -1.10465786E-01  0.00000000E+00  5.52230476E-02  5.97985019E-02
  5.00000000E-01  2.12723000E+00 -1.70403867E+00 -3.27139167E-02 -1.10507101E-01  0.00000000E+00  5.50441647E-02  5.96220579E-02
  5.00000000E-01  2.12746500E+00 -1.70498927E+00 -3.25588357E-02 -1.10548481E-01  0.00000000E+00  5.48644006E-02  5.94440390E-02
  5.00000000E-01  2.12770000E+00 -1.70593873E+00 -3.24036345E-02 -1.10589927E-01  0.00000000E+00  5.46837484E-02  5.92644373E-02
  5.00000000E-01  2.12793500E+00 -1.70688707E+00 -3.22483129E-02 -1.10631440E-01  0.00000000E+00  5.45022007E-02  5.90832453E-02
  5.00000000E-01  2.12817000E+00 -1.70783426E+00 -3.20928709E-02 -1.10673018E-01  0.00000000E+00  5.43197506E-02  5.89004551E-02
  5.00000000E-01  2.12840500E+00 -1.70878030E+00 -3.19373086E-02 -1.10714664E-01  0.00000000E+00  5.41363909E-02  5.87160591E-02
  5.00000000E-01  2.12864000E+00 -1.70972520E+00 -3.17816260E-02 -1.10756375E-01  0.00000000E+00  5.39521145E-02  5.85300496E-02
  5.00000000E-01  2.12887500E+00 -1.71066894E+00 -3.16258231E-02 -1.10798154E-01  0.00000000E+00  5.37669142E-02  5.83424189E-02
  5.00000000E-01  2.12911000E+00 -1.71161151E+00 -3.14698999E-02 -1.10840000E-01  0.00000000E+00  5.35807831E-02  5.81531594E-02
  5.00000000E-01  2.12934500E+00 -1.71255293E+00 -3.13138563E-02 -1.10881913E-01  0.00000000E+00  5.33937138E-02  5.79622632E-02
  5.00000000E-01  2.12958000E+00 -1.71349317E+00 -3.11576924E-02 -1.10923893E-01  0.00000000E+00  5.32056994E-02  5.77697227E-02
  5.00000000E-01  2.12981500E+00 -1.71443224E+00 -3.10014082E-02 -1.10965941E-01  0.00000000E+00  5.30167328E-02  5.75755302E-02
  5.00000000E-01  2.13005000E+00 -1.71537012E+00 -3.08450037E-02 -1.11008057E-01  0.00000000E+00  5.28268067E-02  5.73796781E-02
  5.00000000E-01  2.13028500E+00 -1.71630682E+00 -3.06884789E-02 -1.11050241E-01  0.00000000E+00  5.26359140E-02  5.71821585E-02
  5.00000000E-01  2.13052000E+00 -1.71724233E+00 -3.05318338E-02 -1.11092493E-01  0.00000000E+00  5.24440478E-02  5.69829638E-02
  5.00000000E-01  2.13075500E+00 -1.71817665E+00 -3.03750684E-02 -1.11134814E-01  0.00000000E+00  5.22512007E-02  5.67820864E-02
  5.00000000E-01  2.13099000E+00 -1.71910977E+00 -3.02181827E-02 -1.11177203E-01  0.00000000E+00  5.20573658E-02  5.65795185E-02
  5.00000000E-01  2.13122500E+00 -1.72004168E+00 -3.00611766E-02 -1.11219661E-01  0.00000000E+00  5.18625360E-02  5.63752524E-02
  5.00000000E-01  2.13146000E+00 -1.72097239E+00 -2.99040503E-02 -1.11262188E-01  0.00000000E+00  5.16667040E-02  5.61692804E-02
  5.00000000E-01  2.13169500E+00 -1.72190187E+00 -2.97468037E-02 -1.11304784E-01  0.00000000E+00  5.14698627E-02  5.59615948E-02
  5.00000000E-01  2.13193000E+00 -1.72283015E+00 -2.95894368E-02 -1.11347450E-01  0.00000000E+00  5.12720052E-02  5.57521879E-02
  5.00000000E-01  2.13216500E+00 -1.72375719E+00 -2.94319497E-02 -1.11390185E-01  0.00000000E+00  5.10731241E-02  5.55410521E-02
  5.00000000E-01  2.13240000E+00 -1.72468301E+00 -2.92743422E-02 -1.11432990E-01  0.00000000E+00  5.08732125E-02  5.53281796E-02
  5.00000000E-01  2.13263500E+00 -1.72560759E+00 -2.91166145E-02 -1.11475865E-01  0.00000000E+00  5.06722632E-02  5.51135627E-02
  5.00000000E-01  2.13287000E+00 -1.72652905E+00 -2.89587370E-02 -1.11518253E-01  0.00000000E+00  5.04699279E-02  5.48968820E-02
  5.00000000E-01  2.13310500E+00 -1.72744922E+00 -2.88007368E-02 -1.11560640E-01  0.00000000E+00  5.02665188E-02  5.46783919E-02
  5.00000000E-01  2.13334000E+00 -1.72836837E+00 -2.86426184E-02 -1.11603111E-01  0.00000000E+00  5.00620750E-02  5.44581241E-02
  5.00000000E-01  2.13357500E+00 -1.72928646E+00 -2.84843816E-02 -1.11645663E-01  0.00000000E+00  4.98565797E-02  5.42360613E-02
  5.00000000E-01  2.13381000E+00 -1.73020343E+00 -2.83260261E-02 -1.11688293E-01  0.00000000E+00  4.96500161E-02  5.40121863E-02
  5.00000000E-01  2.13404500E+00 -1.73111925E+00 -2.81675517E-02 -1.11730999E-01  0.00000000E+00  4.94423674E-02  5.37864818E-02
  5.00000000E-01  2.13428000E+00 -1.73203386E+00 -2.80089583E-02 -1.11773776E-01  0.00000000E+00  4.92336168E-02  5.35589307E-02
  5.00000000E-01  2.13451500E+00 -1.73294720E+00 -2.78502455E-02 -1.11816624E-01  0.00000000E+00  4.90237475E-02  5.33295156E-02
  5.00000000E-01  2.13475000E+00 -1.73385925E+00 -2.76914131E-02 -1.11859537E-01  0.00000000E+00  4.88127427E-02  5.30982195E-02
  5.00000000E-01  2.13498500E+00 -1.73476993E+00 -2.75324610E-02 -1.11902514E-01  0.00000000E+00  4.86005856E-02  5.28650249E-02
  5.00000000E-01  2.13522000E+00 -1.73567922E+00 -2.73733889E-02 -1.11945552E-01  0.00000000E+00  4.83872594E-02  5.26299148E-02
  5.00000000E-01  2.13545500E+00 -1.73658705E+00 -2.72141966E-02 -1.11988647E-01  0.00000000E+00  4.81727473E-02  5.23928719E-02
  5.00000000E-01  2.13569000E+00 -1.73749338E+00 -2.70548839E-02 -1.12031797E-01  0.00000000E+00  4.79570324E-02  5.21538790E-02
  5.00000000E-01  2.13592500E+00 -1.73839816E+00 -2.68954505E-02 -1.12074999E-01  0.00000000E+00  4.77400981E-02  5.19129187E-02
  5.00000000E-01  2.13616000E+00 -1.73930135E+00 -2.67358962E-02 -1.12118250E-01  0.00000000E+00  4.75219275E-02  5.16699740E-02
  5.00000000E-01  2.13639500E+00 -1.74020289E+00 -2.65762208E-02 -1.12161546E-01  0.00000000E+00  4.73025037E-02  5.14250275E-02
  5.00000000E-01  2.13663000E+00 -1.74110274E+00 -2.64164241E-02 -1.12204886E-01  0.00000000E+00  4.70818101E-02  5.11780621E-02
  5.00000000E-01  2.13686500E+00 -1.74200084E+00 -2.62565058E-02 -1.12248265E-01  0.00000000E+00  4.68598298E-02  5.09290605E-02
  5.00000000E-01  2.13710000E+00 -1.74289716E+00 -2.60964658E-02 -1.12291681E-01  0.00000000E+00  4.66365459E-02  5.06780055E-02
  5.00000000E-01  2.13733500E+00 -1.74379163E+00 -2.59363038E-02 -1.12335132E-01  0.00000000E+00  4.64119418E-02  5.04248799E-02
  5.00000000E-01  2.13757000E+00 -1.74468422E+00 -2.57760195E-02 -1.12378614E-01  0.00000000E+00  4.61860005E-02  5.01696664E-02
  5.00000000E-01  2.13780500E+00 -1.74557487E+00 -2.56156128E-02 -1.12422124E-01  0.00000000E+00  4.59587053E-02  4.99123477E-02
  5.00000000E-01  2.13804000E+00 -1.74646354E+00 -2.54550835E-02 -1.12465659E-01  0.00000000E+00  4.57300395E-02  4.96529068E-02
  5.00000000E-01  2.13827500E+00 -1.74735017E+00 -2.52944312E-02 -1.12509217E-01  0.00000000E+00  4.54999861E-02  4.93913263E-02
  5.00000000E-01  2.13851000E+00 -1.74823472E+00 -2.51336559E-02 -1.12552794E-01  0.00000000E+00  4.52685284E-02  4.91275890E-02
  5.00000000E-01  2.13874500E+00 -1.74911715E+00 -2.49727572E-02 -1.12596388E-01  0.00000000E+00  4.50356496E-02  4.88616777E-02
  5.00000000E-01  2.13898000E+00 -1.74999739E+00 -2.48117350E-02 -1.12639995E-01  0.00000000E+00  4.48013329E-02  4.85935751E-02
  5.00000000E-01  2.13921500E+00 -1.75087541E+00 -2.46505890E-02 -1.12683613E-01  0.00000000E+00  4.45655615E-02  4.83232641E-02
  5.00000000E-01  2.13945000E+00 -1.75175115E+00 -2.44893190E-02 -1.12727239E-01  0.00000000E+00  4.43283186E-02  4.80507274E-02
  5.00000000E-01  2.13968500E+00 -1.75262457E+00 -2.43279248E-02 -1.12770869E-01  0.00000000E+00  4.40895874E-02  4.77759477E-02
  5.00000000E-01  2.13992000E+00 -1.75349562E+00 -2.41664061E-02 -1.12814501E-01  0.00000000E+00  4.38493511E-02  4.74989079E-02
  5.00000000E-01  2.14015500E+00 -1.75436425E+00 -2.40047628E-02 -1.12858132E-01  0.00000000E+00  4.36075929E-02  4.72195907E-02
  5.00000000E-01  2.14039000E+00 -1.75523041E+00 -2.38429946E-02 -1.12901759E-01  0.00000000E+00  4.33642959E-02  4.69379789E-02
  5.00000000E-01  2.14062500E+00 -1.75609405E+00 -2.36811012E-02 -1.12945380E-01  0.00000000E+00  4.31194435E-02  4.66540553E-02
  5.00000000E-01  2.14086000E+00 -1.75695513E+00 -2.35190826E-02 -1.12988990E-01  0.00000000E+00  4.28730187E-02  4.63678026E-02
  5.00000000E-01  2.14109500E+00 -1.75781359E+00 -2.33569383E-02 -1.13032587E-01  0.00000000E+00  4.26250049E-02  4.60792035E-02
  5.00000000E-01  2.14133000E+00 -1.75866939E+00 -2.31946683E-02 -1.13076169E-01  0.00000000E+00  4.23753851E-02  4.57882410E-02
  5.00000000E-01  2.14156500E+00 -1.75952248E+00 -2.30322723E-02 -1.13119731E-01  0.00000000E+00  4.21241426E-02  4.54948977E-02
  5.00000000E-01  2.14180000E+00 -1.76037281E+00 -2.28697501E-02 -1.13163272E-01  0.00000000E+00  4.18712606E-02  4.51991564E-02
  5.00000000E-01  2.14203500E+00 -1.76122033E+00 -2.27071014E-02 -1.13206789E-01  0.00000000E+00  4.16167223E-02  4.49009999E-02
  5.00000000E-01  2.14227000E+00 -1.76206499E+00 -2.25443260E-02 -1.13250278E-01  0.00000000E+00  4.13605109E-02  4.46004109E-02
  5.00000000E-01  2.14250500E+00 -1.76290676E+00 -2.23814238E-02 -1.13293736E-01  0.00000000E+00  4.11026096E-02  4.42973723E-02
  5.00000000E-01  2.14274000E+00 -1.76374556E+00 -2.22183944E-02 -1.13337161E-01  0.00000000E+00  4.08430016E-02  4.39918668E-02
  5.00000000E-01  2.14297500E+00 -1.76458137E+00 -2.20552377E-02 -1.13380550E-01  0.00000000E+00  4.05816701E-02  4.36838771E-02
  5.00000000E-01  2.14321000E+00 -1.76541413E+00 -2.18919535E-02 -1.13423900E-01  0.00000000E+00  4.03185982E-02  4.33733861E-02
  5.00000000E-01  2.14344500E+00 -1.76624378E+00 -2.17285414E-02 -1.13467207E-01  0.00000000E+00  4.00537693E-02  4.30603765E-02
  5.00000000E-01  2.14368000E+00 -1.76707030E+00 -2.15650014E-02 -1.13510469E-01  0.00000000E+00  3.97871664E-02  4.27448311E-02
  5.00000000E-01  2.14391500E+00 -1.76789361E+00 -2.14013331E-02 -1.13553683E-01  0.00000000E+00  3.95187729E-02  4.24267327E-02
  5.00000000E-01  2.14415000E+00 -1.76871369E+00 -2.12375363E-02 -1.13596846E-01  0.00000000E+00  3.92485718E-02  4.21060639E-02
  5.00000000E-01  2.14438500E+00 -1.76953047E+00 -2.10736109E-02 -1.13639955E-01  0.00000000E+00  3.89765464E-02  4.17828077E-02
  5.00000000E-01  2.14462000E+00 -1.77034391E+00 -2.09095566E-02 -1.13683007E-01  0.00000000E+00  3.87026799E-02  4.14569467E-02
  5.00000000E-01  2.14485500E+00 -1.77115396E+00 -2.07453732E-02 -1.13725999E-01  0.00000000E+00  3.84269555E-02  4.11284638E-02
  5.00000000E-01  2.14509000E+00 -1.77195606E+00 -2.05810212E-02 -1.13769149E-01  0.00000000E+00  3.81490071E-02  4.07970936E-02
  5.00000000E-01  2.14532500E+00 -1.77274854E+00 -2.04164787E-02 -1.13812585E-01  0.00000000E+00  3.78685806E-02  4.04625674E-02
  5.00000000E-01  2.14556000E+00 -1.77353882E+00 -2.02518071E-02 -1.13855950E-01  0.00000000E+00  3.75861838E-02  4.01252079E-02
  5.00000000E-01  2.14579500E+00 -1.77432644E+00 -2.00870035E-02 -1.13899240E-01  0.00000000E+00  3.73017651E-02  3.97849785E-02
  5.00000000E-01  2.14603000E+00 -1.77511094E+00 -1.99220649E-02 -1.13942454E-01  0.00000000E+00  3.70152732E-02  3.94418425E-02
  5.00000000E-01  2.14626500E+00 -1.77589185E+00 -1.97569884E-02 -1.13985590E-01  0.00000000E+00  3.67266565E-02  3.90957635E-02
  5.00000000E-01  2.14650000E+00 -1.77666871E+00 -1.95917708E-02 -1.14028645E-01  0.00000000E+00  3.64358636E-02  3.87467047E-02
  5.00000000E-01  2.14673500E+00 -1.77744108E+00 -1.94264093E-02 -1.14071618E-01  0.00000000E+00  3.61428430E-02  3.83946298E-02
  5.00000000E-01  2.14697000E+00 -1.77820848E+00 -1.92609008E-02 -1.14114506E-01  0.00000000E+00  3.58475432E-02  3.80395020E-02
  5.00000000E-01  2.14720500E+00 -1.77897045E+00 -1.90952424E-02 -1.14157308E-01  0.00000000E+00  3.55499127E-02  3.76812848E-02
  5.00000000E-01  2.14744000E+00 -1.77972654E+00 -1.89294309E-02 -1.14200021E-01  0.00000000E+00  3.52499002E-02  3.73199416E-02
  5.00000000E-01  2.14767500E+00 -1.78047629E+00 -1.87634635E-02 -1.14242643E-01  0.00000000E+00  3.49474540E-02  3.69554359E-02
  5.00000000E-01  2.14791000E+00 -1.78121924E+00 -1.85973371E-02 -1.14285172E-01  0.00000000E+00  3.46425228E-02  3.65877310E-02
  5.00000000E-01  2.14814500E+00 -1.78195492E+00 -1.84310488E-02 -1.14327605E-01  0.00000000E+00  3.43350551E-02  3.62167904E-02
  5.00000000E-01  2.14838000E+00 -1.78268288E+00 -1.82645955E-02 -1.14369942E-01  0.00000000E+00  3.40249993E-02  3.58425774E-02
  5.00000000E-01  2.14861500E+00 -1.78340265E+00 -1.80979742E-02 -1.14412179E-01  0.00000000E+00  3.37123041E-02  3.54650557E-02
  5.00000000E-01  2.14885000E+00 -1.78411378E+00 -1.79311819E-02 -1.14454315E-01  0.00000000E+00  3.33969179E-02  3.50841884E-02
  5.00000000E-01  2.14908500E+00 -1.78481581E+00 -1.77642158E-02 -1.14496347E-01  0.00000000E+00  3.30787893E-02  3.46999391E-02
  5.00000000E-01  2.14932000E+00 -1.78550828E+00 -1.75970726E-02 -1.14538274E-01  0.00000000E+00  3.27578668E-02  3.43122712E-02
  5.00000000E-01  2.14955500E+00 -1.78619072E+00 -1.74297495E-02 -1.14580093E-01  0.00000000E+00  3.24340989E-02  3.39211481E-02
  5.00000000E-01  2.14979000E+00 -1.78686268E+00 -1.72622435E-02 -1.14621802E-01  0.00000000E+00  3.21074341E-02  3.35265333E-02
  5.00000000E-01  2.15002500E+00 -1.78752369E+00 -1.70945515E-02 -1.14663399E-01  0.00000000E+00  3.17778211E-02  3.31283900E-02
  5.00000000E-01  2.15026000E+00 -1.78817331E+00 -1.69266705E-02 -1.14704882E-01  0.00000000E+00  3.14452083E-02  3.27266819E-02
  5.00000000E-01  2.15049500E+00 -1.78881105E+00 -1.67585977E-02 -1.14746249E-01  0.00000000E+00  3.11095442E-02  3.23213722E-02
  5.00000000E-01  2.15073000E+00 -1.78943648E+00 -1.65903298E-02 -1.14787498E-01  0.00000000E+00  3.07707773E-02  3.19124245E-02
  5.00000000E-01  2.15096500E+00 -1.79004912E+00 -1.64218641E-02 -1.14828626E-01  0.00000000E+00  3.04288563E-02  3.14998020E-02
  5.00000000E-01  2.15120000E+00 -1.79064852E+00 -1.62531974E-02 -1.14869632E-01  0.00000000E+00  3.00837296E-02  3.10834684E-02
  5.00000000E-01  2.15143500E+00 -1.79123422E+00 -1.60843268E-02 -1.14910514E-01  0.00000000E+00  2.97353458E-02  3.06633869E-02
  5.00000000E-01  2.15167000E+00 -1.79180575E+00 -1.59152492E-02 -1.14951269E-01  0.00000000E+00  2.93836533E-02  3.02395210E-02
  5.00000000E-01  2.15190500E+00 -1.79236266E+00 -1.57459618E-02 -1.14991895E-01  0.00000000E+00  2.90286007E-02  2.98118341E-02
  5.00000000E-01  2.15214000E+00 -1.79290449E+00 -1.55764614E-02 -1.15032390E-01  0.00000000E+00  2.86701366E-02  2.93802896E-02
  5.00000000E-01  2.15237500E+00 -1.79343078E+00 -1.54067450E-02 -1.15072752E-01  0.00000000E+00  2.83082094E-02  2.89448510E-02
  5.00000000E-01  2.15261000E+00 -1.79394106E+00 -1.52368098E-02 -1.15112979E-01  0.00000000E+00  2.79427677E-02  2.85054817E-02
  5.00000000E-01  2.15284500E+00 -1.79443488E+00 -1.50666526E-02 -1.15153070E-01  0.00000000E+00  2.75737600E-02  2.80621450E-02
  5.00000000E-01  2.15308000E+00 -1.79491177E+00 -1.48962706E-02 -1.15193020E-01  0.00000000E+00  2.72011349E-02  2.76148045E-02
  5.00000000E-01  2.15331500E+00 -1.79537129E+00 -1.47256606E-02 -1.15232830E-01  0.00000000E+00  2.68248408E-02  2.71634236E-02
  5.00000000E-01  2.15355000E+00 -1.79581296E+00 -1.45548197E-02 -1.15272496E-01  0.00000000E+00  2.64448263E-02  2.67079656E-02
  5.00000000E-01  2.15378500E+00 -1.79620701E+00 -1.43832180E-02 -1.15310501E-01  0.00000000E+00  2.60609671E-02  2.62486835E-02
  5.00000000E-01  2.15402000E+00 -1.79656006E+00 -1.42108894E-02 -1.15347083E-01  0.00000000E+00  2.56727367E-02  2.57847977E-02
  5.00000000E-01  2.15425500E+00 -1.79690214E+00 -1.40383902E-02 -1.15383935E-01  0.00000000E+00  2.52799909E-02  2.53157931E-02
  5.00000000E-01  2.15449000E+00 -1.79722765E+00 -1.38656776E-02 -1.15420994E-01  0.00000000E+00  2.48826700E-02  2.48417532E-02
  5.00000000E-01  2.15472500E+00 -1.79753103E+00 -1.36927089E-02 -1.15458192E-01  0.00000000E+00  2.44807142E-02  2.43627616E-02
  5.00000000E-01  2.15496000E+00 -1.79780669E+00 -1.35194415E-02 -1.15495465E-01  0.00000000E+00  2.40740638E-02  2.38789018E-02
  5.00000000E-01  2.15519500E+00 -1.79804904E+00 -1.33458324E-02 -1.15532746E-01  0.00000000E+00  2.36626590E-02  2.33902576E-02
  5.00000000E-01  2.15543000E+00 -1.79825251E+00 -1.31718391E-02 -1.15569971E-01  0.00000000E+00  2.32464401E-02  2.28969124E-02
  5.00000000E-01  2.15566500E+00 -1.79841152E+00 -1.29974187E-02 -1.15607073E-01  0.00000000E+00  2.28253473E-02  2.23989499E-02
  5.00000000E-01  2.15590000E+00 -1.79852048E+00 -1.28225285E-02 -1.15643988E-01  0.00000000E+00  2.23993208E-02  2.18964536E-02
  5.00000000E-01  2.15613500E+00 -1.79857381E+00 -1.26471258E-02 -1.15680650E-01  0.00000000E+00  2.19683009E-02  2.13895071E-02
  5.00000000E-01  2.15637000E+00 -1.79856593E+00 -1.24711678E-02 -1.15716992E-01  0.00000000E+00  2.15322279E-02  2.08781940E-02
  5.00000000E-01  2.15660500E+00 -1.79849126E+00 -1.22946118E-02 -1.15752950E-01  0.00000000E+00  2.10910419E-02  2.03625979E-02
  5.00000000E-01  2.15684000E+00 -1.79834423E+00 -1.21174151E-02 -1.15788458E-01  0.00000000E+00  2.06446833E-02  1.98428023E-02
  5.00000000E-01  2.15707500E+00 -1.79811924E+00 -1.19395348E-02 -1.15823450E-01  0.00000000E+00  2.01930922E-02  1.93188909E-02
  5.00000000E-01  2.15731000E+00 -1.79781071E+00 -1.17609283E-02 -1.15857861E-01  0.00000000E+00  1.97362090E-02  1.87909472E-02
  5.00000000E-01  2.15754500E+00 -1.79741307E+00 -1.15815529E-02 -1.15891625E-01  0.00000000E+00  1.92739738E-02  1.82590548E-02
  5.00000000E-01  2.15778000E+00 -1.79692074E+00 -1.14013657E-02 -1.15924677E-01  0.00000000E+00  1.88063269E-02  1.77232973E-02
  5.00000000E-01  2.15801500E+00 -1.79632813E+00 -1.12203240E-02 -1.15956950E-01  0.00000000E+00  1.83332085E-02  1.71837583E-02
  5.00000000E-01  2.15825000E+00 -1.79562966E+00 -1.10383852E-02 -1.15988381E-01  0.00000000E+00  1.78545590E-02  1.66405213E-02
  5.00000000E-01  2.15848500E+00 -1.79481975E+00 -1.08555064E-02 -1.16018902E-01  0.00000000E+00  1.73703185E-02  1.60936700E-02
  5.00000000E-01  2.15872000E+00 -1.79389281E+00 -1.06716449E-02 -1.16048449E-01  0.00000000E+00  1.68804273E-02  1.55432879E-02
  5.00000000E-01  2.15895500E+00 -1.79284328E+00 -1.04867580E-02 -1.16076955E-01  0.00000000E+00  1.63848255E-02  1.49894586E-02
  5.00000000E-01  2.15919000E+00 -1.79166556E+00 -1.03008029E-02 -1.16104356E-01  0.00000000E+00  1.58834536E-02  1.44322658E-02
  5.00000000E-01  2.15942500E+00 -1.79035408E+00 -1.01137369E-02 -1.16130586E-01  0.00000000E+00  1.53762517E-02  1.38717929E-02
  5.00000000E-01  2.15966000E+00 -1.78872172E+00 -9.92376376E-03 -1.16160661E-01  0.00000000E+00  1.48636225E-02  1.33112203E-02
  5.00000000E-01  2.15989500E+00 -1.78689532E+00 -9.73220782E-03 -1.16189909E-01  0.00000000E+00  1.43467978E-02  1.27501685E-02
  5.00000000E-01  2.16013000E+00 -1.78485073E+00 -9.53908703E-03 -1.16217703E-01  0.00000000E+00  1.38260947E-02  1.21896672E-02
  5.00000000E-01  2.16036500E+00 -1.78253926E+00 -9.34418658E-03 -1.16244119E-01  0.00000000E+00  1.33017995E-02  1.16310724E-02
  5.00000000E-01  2.16060000E+00 -1.77991223E+00 -9.14729164E-03 -1.16269229E-01  0.00000000E+00  1.27741986E-02  1.10757401E-02
  5.00000000E-01  2.16083500E+00 -1.77692097E+00 -8.94818740E-03 -1.16293110E-01  0.00000000E+00  1.22435783E-02  1.05250263E-02
  5.00000000E-01  2.16107000E+00 -1.77351680E+00 -8.74665906E-03 -1.16315836E-01  0.00000000E+00  1.17102250E-02  9.98028709E-03
  5.00000000E-01  2.16130500E+00 -1.76965105E+00 -8.54249180E-03 -1.16337482E-01  0.00000000E+00  1.11744249E-02  9.44287850E-03
  5.00000000E-01  2.16154000E+00 -1.76527503E+00 -8.33547081E-03 -1.16358121E-01  0.00000000E+00  1.06364645E-02  8.91415654E-03
  5.00000000E-01  2.16177500E+00 -1.76034007E+00 -8.12538128E-03 -1.16377829E-01  0.00000000E+00  1.00966301E-02  8.39547726E-03
  5.00000000E-01  2.16201000E+00 -1.75479749E+00 -7.91200838E-03 -1.16396681E-01  0.00000000E+00  9.55520807E-03  7.88819668E-03
  5.00000000E-01  2.16224500E+00 -1.74859861E+00 -7.69513732E-03 -1.16414751E-01  0.00000000E+00  9.01248469E-03  7.39367084E-03
  5.00000000E-01  2.16248000E+00 -1.74169475E+00 -7.47455328E-03 -1.16432113E-01  0.00000000E+00  8.46874634E-03  6.91325576E-03
  5.00000000E-01  2.16271500E+00 -1.73403724E+00 -7.25004144E-03 -1.16448843E-01  0.00000000E+00  7.92427935E-03  6.44830748E-03
  5.00000000E-01  2.16295000E+00 -1.72557740E+00 -7.02138699E-03 -1.16465015E-01  0.00000000E+00  7.37937008E-03  6.00018203E-03
  5.00000000E-01  2.16318500E+00 -1.71626655E+00 -6.78837513E-03 -1.16480703E-01  0.00000000E+00  6.83430486E-03  5.57023545E-03
  5.00000000E-01  2.16342000E+00 -1.70598125E+00 -6.55228631E-03 -1.16494798E-01  0.00000000E+00  6.29615474E-03  5.16050038E-03
  5.00000000E-01  2.16365500E+00 -1.69450005E+00 -6.31326507E-03 -1.16507077E-01  0.00000000E+00  5.76435006E-03  4.77193167E-03
  5.00000000E-01  2.16389000E+00 -1.68184484E+00 -6.07017744E-03 -1.16518735E-01  0.00000000E+00  5.23463913E-03  4.40294941E-03
  5.00000000E-01  2.16412500E+00 -1.66802555E+00 -5.82354289E-03 -1.16529740E-01  0.00000000E+00  4.71124869E-03  4.05243380E-03
  5.00000000E-01  2.16436000E+00 -1.65305208E+00 -5.57388091E-03 -1.16540062E-01  0.00000000E+00  4.19840547E-03  3.71926501E-03
  5.00000000E-01  2.16459500E+00 -1.63693435E+00 -5.32171100E-03 -1.16549670E-01  0.00000000E+00  3.70033623E-03  3.40232321E-03
  5.00000000E-01  2.16483000E+00 -1.61968227E+00 -5.06755264E-03 -1.16558534E-01  0.00000000E+00  3.22126768E-03  3.10048860E-03
  5.00000000E-01  2.16506500E+00 -1.60130575E+00 -4.81192531E-03 -1.16566622E-01  0.00000000E+00  2.76542658E-03  2.81264135E-03
  5.00000000E-01  2.16530000E+00 -1.58181471E+00 -4.55534850E-03 -1.16573906E-01  0.00000000E+00  2.33703965E-03  2.53766165E-03
  5.00000000E-01  2.16553500E+00 -1.56121906E+00 -4.29834171E-03 -1.16580353E-01  0.00000000E+00  1.94033364E-03  2.27442967E-03
  5.00000000E-01  2.16577000E+00 -1.53952872E+00 -4.04142441E-03 -1.16585933E-01  0.00000000E+00  1.57953528E-03  2.02182560E-03
  5.00000000E-01  2.16600500E+00 -1.51690180E+00 -3.78512815E-03 -1.16590854E-01  0.00000000E+00  1.25687327E-03  1.78054474E-03
  5.00000000E-01  2.16624000E+00 -1.49354719E+00 -3.52980926E-03 -1.16595276E-01  0.00000000E+00  9.77148354E-04  1.55143540E-03
  5.00000000E-01  2.16647500E+00 -1.46947258E+00 -3.27594534E-03 -1.16599157E-01  0.00000000E+00  7.40311589E-04  1.33394706E-03
  5.00000000E-01  2.16671000E+00 -1.44475200E+00 -3.02407365E-03 -1.16602601E-01  0.00000000E+00  5.43534352E-04  1.12860922E-03
  5.00000000E-01  2.16694500E+00 -1.41945951E+00 -2.77473150E-03 -1.16605714E-01  0.00000000E+00  3.83988021E-04  9.35951347E-04
  5.00000000E-01  2.16718000E+00 -1.39366914E+00 -2.52845615E-03 -1.16608601E-01  0.00000000E+00  2.58843973E-04  7.56502945E-04
  5.00000000E-01  2.16741500E+00 -1.36745494E+00 -2.28578490E-03 -1.16611366E-01  0.00000000E+00  1.65273584E-04  5.90793500E-04
  5.00000000E-01  2.16765000E+00 -1.34088250E+00 -2.04727898E-03 -1.16614025E-01  0.00000000E+00  9.96654492E-05  4.38925989E-04
  5.00000000E-01  2.16788500E+00 -1.31397529E+00 -1.81353447E-03 -1.16616456E-01  0.00000000E+00  5.43152489E-05  3.05658327E-04
  5.00000000E-01  2.16812000E+00 -1.28678496E+00 -1.58500254E-03 -1.16618873E-01  0.00000000E+00  2.57279495E-05  1.96825990E-04
  5.00000000E-01  2.16835500E+00 -1.25935088E+00 -1.36218626E-03 -1.16621236E-01  0.00000000E+00  9.88145790E-06  1.14451764E-04
  5.00000000E-01  2.16859000E+00 -1.23171242E+00 -1.14558872E-03 -1.16623505E-01  0.00000000E+00  2.75368096E-06  6.05584323E-05
  5.00000000E-01  2.16882500E+00 -1.20390825E+00 -9.35663976E-04 -1.16625701E-01  0.00000000E+00  5.45525420E-07  4.39343909E-05
  5.00000000E-01  2.16906000E+00 -1.17597548E+00 -7.32818232E-04 -1.16627881E-01  0.00000000E+00  3.75597823E-08  4.14567906E-05
  5.00000000E-01  2.16929500E+00 -1.14795423E+00 -5.37480865E-04 -1.16629995E-01  0.00000000E+00  5.94777968E-09  1.82099268E-05
  5.00000000E-01  2.16953000E+00 -1.11988455E+00 -3.50009335E-04 -1.16632066E-01  0.00000000E+00  6.50006451E-10  7.08188008E-04
  5.00000000E-01  2.16976500E+00 -1.09180738E+00 -1.70750147E-04 -1.16634089E-01  0.00000000E+00  5.78425188E-10 -1.01885019E-03
  5.00000000E-01  2.17000000E+00 -1.06376407E+00 -7.98570511E-15 -1.16636066E-01  0.00000000E+00  3.52735688E-10  3.27182719E-02
