               X               Y            VELX            VELY            PRES            TEMP            PS 1            PS 2  1.01000000E+02
  5.00000000E-01  1.93500000E+00 -1.11119998E-04 -3.93081220E-11  5.81563630E-01  0.00000000E+00 -5.59093772E-10  1.79117310E-10
  5.00000000E-01  1.93523500E+00 -3.71936180E-01 -3.79804955E-05  5.81562795E-01  0.00000000E+00  3.33170377E-03  3.56558195E-04
  5.00000000E-01  1.93547000E+00 -4.96337229E-01 -1.21203565E-04  5.81559287E-01  0.00000000E+00  5.18656449E-03  9.30331900E-04
  5.00000000E-01  1.93570500E+00 -5.53343317E-01 -2.30362253E-04  5.81552849E-01  0.00000000E+00  5.88745733E-03  1.61892043E-03
  5.00000000E-01  1.93594000E+00 -5.87866089E-01 -3.56523082E-04  5.81543774E-01  0.00000000E+00  6.38540075E-03  2.37585213E-03
  5.00000000E-01  1.93617500E+00 -6.11704488E-01 -4.94491006E-04  5.81532362E-01  0.00000000E+00  6.83005765E-03  3.16897422E-03
  5.00000000E-01  1.93641000E+00 -6.29535716E-01 -6.41210710E-04  5.81518917E-01  0.00000000E+00  7.25279857E-03  3.97433459E-03
  5.00000000E-01  1.93664500E+00 -6.43633729E-01 -7.94717197E-04  5.81503744E-01  0.00000000E+00  7.66072652E-03  4.77488544E-03
  5.00000000E-01  1.93688000E+00 -6.55246655E-01 -9.53640567E-04  5.81487122E-01  0.00000000E+00  8.05541687E-03  5.55895935E-03
  5.00000000E-01  1.93711500E+00 -6.65119472E-01 -1.11696632E-03  5.81469317E-01  0.00000000E+00  8.43729958E-03  6.31885549E-03
  5.00000000E-01  1.93735000E+00 -6.73725442E-01 -1.28390667E-03  5.81450557E-01  0.00000000E+00  8.80671814E-03  7.04966396E-03
  5.00000000E-01  1.93758500E+00 -6.81379323E-01 -1.45383178E-03  5.81431054E-01  0.00000000E+00  9.16409794E-03  7.74843134E-03
  5.00000000E-01  1.93782000E+00 -6.88300069E-01 -1.62622529E-03  5.81410988E-01  0.00000000E+00  9.50997074E-03  8.41358479E-03
  5.00000000E-01  1.93805500E+00 -6.94643949E-01 -1.80065623E-03  5.81390513E-01  0.00000000E+00  9.84490287E-03  9.04448806E-03
  5.00000000E-01  1.93829000E+00 -7.00525748E-01 -1.97676104E-03  5.81369771E-01  0.00000000E+00  1.01694623E-02  9.64112310E-03
  5.00000000E-01  1.93852500E+00 -7.06032811E-01 -2.15422815E-03  5.81348874E-01  0.00000000E+00  1.04842237E-02  1.02040101E-02
  5.00000000E-01  1.93876000E+00 -7.11231329E-01 -2.33279015E-03  5.81327924E-01  0.00000000E+00  1.07896987E-02  1.07338856E-02
  5.00000000E-01  1.93899500E+00 -7.16173717E-01 -2.51221006E-03  5.81307008E-01  0.00000000E+00  1.10863822E-02  1.12317250E-02
  5.00000000E-01  1.93923000E+00 -7.20901644E-01 -2.69228604E-03  5.81286191E-01  0.00000000E+00  1.13747225E-02  1.16986689E-02
  5.00000000E-01  1.93946500E+00 -7.25448357E-01 -2.87284094E-03  5.81265489E-01  0.00000000E+00  1.16551138E-02  1.21358784E-02
  5.00000000E-01  1.93970000E+00 -7.29841365E-01 -3.05368795E-03  5.81245125E-01  0.00000000E+00  1.19279229E-02  1.25446123E-02
  5.00000000E-01  1.93993500E+00 -7.34103194E-01 -3.23471532E-03  5.81224916E-01  0.00000000E+00  1.21934688E-02  1.29261156E-02
  5.00000000E-01  1.94017000E+00 -7.38252718E-01 -3.41578327E-03  5.81204962E-01  0.00000000E+00  1.24520393E-02  1.32816534E-02
  5.00000000E-01  1.94040500E+00 -7.42305793E-01 -3.59675606E-03  5.81185397E-01  0.00000000E+00  1.27038862E-02  1.36124688E-02
  5.00000000E-01  1.94064000E+00 -7.46275869E-01 -3.77753458E-03  5.81166175E-01  0.00000000E+00  1.29492299E-02  1.39197774E-02
  5.00000000E-01  1.94087500E+00 -7.50174477E-01 -3.95803329E-03  5.81147222E-01  0.00000000E+00  1.31882644E-02  1.42047707E-02
  5.00000000E-01  1.94111000E+00 -7.54011560E-01 -4.13815082E-03  5.81128621E-01  0.00000000E+00  1.34211589E-02  1.44686093E-02
  5.00000000E-01  1.94134500E+00 -7.57795713E-01 -4.31778322E-03  5.81110494E-01  0.00000000E+00  1.36480575E-02  1.47124097E-02
  5.00000000E-01  1.94158000E+00 -7.61534432E-01 -4.49692972E-03  5.81092250E-01  0.00000000E+00  1.38690822E-02  1.49372473E-02
  5.00000000E-01  1.94181500E+00 -7.65234322E-01 -4.67529379E-03  5.81075626E-01  0.00000000E+00  1.40843389E-02  1.51441655E-02
  5.00000000E-01  1.94205000E+00 -7.68901174E-01 -4.85314844E-03  5.81057907E-01  0.00000000E+00  1.42939130E-02  1.53341606E-02
  5.00000000E-01  1.94228500E+00 -7.72540125E-01 -5.03019077E-03  5.81040969E-01  0.00000000E+00  1.44978742E-02  1.55081868E-02
  5.00000000E-01  1.94252000E+00 -7.76155751E-01 -5.20633798E-03  5.81024940E-01  0.00000000E+00  1.46962783E-02  1.56671623E-02
  5.00000000E-01  1.94275500E+00 -7.79752132E-01 -5.38159461E-03  5.81009284E-01  0.00000000E+00  1.48891671E-02  1.58119651E-02
  5.00000000E-01  1.94299000E+00 -7.83332921E-01 -5.55594973E-03  5.80993618E-01  0.00000000E+00  1.50765700E-02  1.59434327E-02
  5.00000000E-01  1.94322500E+00 -7.86901398E-01 -5.72934366E-03  5.80977968E-01  0.00000000E+00  1.52585043E-02  1.60623638E-02
  5.00000000E-01  1.94346000E+00 -7.90460526E-01 -5.90168123E-03  5.80962651E-01  0.00000000E+00  1.54349774E-02  1.61695214E-02
  5.00000000E-01  1.94369500E+00 -7.94012985E-01 -6.07286825E-03  5.80947983E-01  0.00000000E+00  1.56059871E-02  1.62656338E-02
  5.00000000E-01  1.94393000E+00 -7.97561204E-01 -6.24284834E-03  5.80933975E-01  0.00000000E+00  1.57715224E-02  1.63513959E-02
  5.00000000E-01  1.94416500E+00 -8.01107387E-01 -6.41161692E-03  5.80920233E-01  0.00000000E+00  1.59315644E-02  1.64274695E-02
  5.00000000E-01  1.94440000E+00 -8.04653537E-01 -6.57918928E-03  5.80906228E-01  0.00000000E+00  1.60860859E-02  1.64944836E-02
  5.00000000E-01  1.94463500E+00 -8.08201478E-01 -6.74549971E-03  5.80892144E-01  0.00000000E+00  1.62350527E-02  1.65530360E-02
  5.00000000E-01  1.94487000E+00 -8.11752877E-01 -6.91020878E-03  5.80880468E-01  0.00000000E+00  1.63784246E-02  1.66036966E-02
  5.00000000E-01  1.94510500E+00 -8.15309253E-01 -7.07399367E-03  5.80864615E-01  0.00000000E+00  1.65161594E-02  1.66470126E-02
  5.00000000E-01  1.94534000E+00 -8.18872041E-01 -7.23608906E-03  5.80851272E-01  0.00000000E+00  1.66481956E-02  1.66834911E-02
  5.00000000E-01  1.94557500E+00 -8.22442490E-01 -7.39633394E-03  5.80841344E-01  0.00000000E+00  1.67744840E-02  1.67136299E-02
  5.00000000E-01  1.94581000E+00 -8.26021750E-01 -7.55511834E-03  5.80830903E-01  0.00000000E+00  1.68949670E-02  1.67378975E-02
  5.00000000E-01  1.94604500E+00 -8.29610889E-01 -7.71251496E-03  5.80818898E-01  0.00000000E+00  1.70095780E-02  1.67567358E-02
  5.00000000E-01  1.94628000E+00 -8.33210897E-01 -7.86843206E-03  5.80805769E-01  0.00000000E+00  1.71182457E-02  1.67705644E-02
  5.00000000E-01  1.94651500E+00 -8.36822678E-01 -8.02272042E-03  5.80792478E-01  0.00000000E+00  1.72208960E-02  1.67797836E-02
  5.00000000E-01  1.94675000E+00 -8.40447059E-01 -8.17524102E-03  5.80779898E-01  0.00000000E+00  1.73174531E-02  1.67847756E-02
  5.00000000E-01  1.94698500E+00 -8.44084788E-01 -8.32590035E-03  5.80768491E-01  0.00000000E+00  1.74078396E-02  1.67859052E-02
  5.00000000E-01  1.94722000E+00 -8.47736543E-01 -8.47465998E-03  5.80758223E-01  0.00000000E+00  1.74919763E-02  1.67835203E-02
  5.00000000E-01  1.94745500E+00 -8.51402937E-01 -8.62152710E-03  5.80748651E-01  0.00000000E+00  1.75697814E-02  1.67779521E-02
  5.00000000E-01  1.94769000E+00 -8.55084525E-01 -8.76653277E-03  5.80739125E-01  0.00000000E+00  1.76411710E-02  1.67695158E-02
  5.00000000E-01  1.94792500E+00 -8.58781811E-01 -8.90970462E-03  5.80729031E-01  0.00000000E+00  1.77060581E-02  1.67585111E-02
  5.00000000E-01  1.94816000E+00 -8.62495250E-01 -9.05104047E-03  5.80718042E-01  0.00000000E+00  1.77643538E-02  1.67452229E-02
  5.00000000E-01  1.94839500E+00 -8.66225252E-01 -9.19048979E-03  5.80706277E-01  0.00000000E+00  1.78159675E-02  1.67299223E-02
  5.00000000E-01  1.94863000E+00 -8.69972185E-01 -9.32794925E-03  5.80694348E-01  0.00000000E+00  1.78608079E-02  1.67128675E-02
  5.00000000E-01  1.94886500E+00 -8.73736371E-01 -9.46327933E-03  5.80683203E-01  0.00000000E+00  1.78987840E-02  1.66943045E-02
  5.00000000E-01  1.94910000E+00 -8.77518094E-01 -9.59634836E-03  5.80673717E-01  0.00000000E+00  1.79298057E-02  1.66744683E-02
  5.00000000E-01  1.94933500E+00 -8.81317592E-01 -9.72711045E-03  5.80665977E-01  0.00000000E+00  1.79537839E-02  1.66535834E-02
  5.00000000E-01  1.94957000E+00 -8.85135064E-01 -9.85572375E-03  5.80658181E-01  0.00000000E+00  1.79706294E-02  1.66318647E-02
  5.00000000E-01  1.94980500E+00 -8.88970673E-01 -9.98271536E-03  5.80645114E-01  0.00000000E+00  1.79802496E-02  1.66095176E-02
  5.00000000E-01  1.95004000E+00 -8.92824602E-01 -1.01082894E-02  5.80624649E-01  0.00000000E+00  1.79825444E-02  1.65867399E-02
  5.00000000E-01  1.95027500E+00 -8.96697002E-01 -1.02290018E-02  5.80628677E-01  0.00000000E+00  1.79774303E-02  1.65637254E-02
  5.00000000E-01  1.95051000E+00 -9.00587699E-01 -1.03483125E-02  5.80624420E-01  0.00000000E+00  1.79648211E-02  1.65406540E-02
  5.00000000E-01  1.95074500E+00 -9.04496823E-01 -1.04658529E-02  5.80615098E-01  0.00000000E+00  1.79446277E-02  1.65177072E-02
  5.00000000E-01  1.95098000E+00 -9.08424446E-01 -1.05813433E-02  5.80603087E-01  0.00000000E+00  1.79167623E-02  1.64950611E-02
  5.00000000E-01  1.95121500E+00 -9.12370592E-01 -1.06945782E-02  5.80590073E-01  0.00000000E+00  1.78811386E-02  1.64728874E-02
  5.00000000E-01  1.95145000E+00 -9.16335237E-01 -1.08054122E-02  5.80577175E-01  0.00000000E+00  1.78376720E-02  1.64513533E-02
  5.00000000E-01  1.95168500E+00 -9.20318317E-01 -1.09137480E-02  5.80565069E-01  0.00000000E+00  1.77862800E-02  1.64306225E-02
  5.00000000E-01  1.95192000E+00 -9.24319735E-01 -1.10195256E-02  5.80554085E-01  0.00000000E+00  1.77268822E-02  1.64108555E-02
  5.00000000E-01  1.95215500E+00 -9.28339362E-01 -1.11227135E-02  5.80544298E-01  0.00000000E+00  1.76594009E-02  1.63922102E-02
  5.00000000E-01  1.95239000E+00 -9.32377039E-01 -1.12233002E-02  5.80535603E-01  0.00000000E+00  1.75837611E-02  1.63748423E-02
  5.00000000E-01  1.95262500E+00 -9.36432583E-01 -1.13212882E-02  5.80527778E-01  0.00000000E+00  1.74998907E-02  1.63589067E-02
  5.00000000E-01  1.95286000E+00 -9.40505786E-01 -1.14166877E-02  5.80520539E-01  0.00000000E+00  1.74077206E-02  1.63445575E-02
  5.00000000E-01  1.95309500E+00 -9.44596418E-01 -1.15095128E-02  5.80513583E-01  0.00000000E+00  1.73071851E-02  1.63319490E-02
  5.00000000E-01  1.95333000E+00 -9.48704227E-01 -1.15997776E-02  5.80506619E-01  0.00000000E+00  1.71982221E-02  1.63212370E-02
  5.00000000E-01  1.95356500E+00 -9.52828939E-01 -1.16874936E-02  5.80499394E-01  0.00000000E+00  1.70807734E-02  1.63125788E-02
  5.00000000E-01  1.95380000E+00 -9.56970262E-01 -1.17726681E-02  5.80491711E-01  0.00000000E+00  1.69547847E-02  1.63061349E-02
  5.00000000E-01  1.95403500E+00 -9.61127880E-01 -1.18553030E-02  5.80483440E-01  0.00000000E+00  1.68202060E-02  1.63020696E-02
  5.00000000E-01  1.95427000E+00 -9.65301455E-01 -1.19353944E-02  5.80474518E-01  0.00000000E+00  1.66769921E-02  1.63005521E-02
  5.00000000E-01  1.95450500E+00 -9.69490628E-01 -1.20129329E-02  5.80464951E-01  0.00000000E+00  1.65251028E-02  1.63017572E-02
  5.00000000E-01  1.95474000E+00 -9.73695014E-01 -1.20879037E-02  5.80454807E-01  0.00000000E+00  1.63645031E-02  1.63058670E-02
  5.00000000E-01  1.95497500E+00 -9.77914205E-01 -1.21602882E-02  5.80444208E-01  0.00000000E+00  1.61951641E-02  1.63130713E-02
  5.00000000E-01  1.95521000E+00 -9.82147764E-01 -1.22300648E-02  5.80433315E-01  0.00000000E+00  1.60170629E-02  1.63235691E-02
  5.00000000E-01  1.95544500E+00 -9.86395227E-01 -1.22972108E-02  5.80422313E-01  0.00000000E+00  1.58301835E-02  1.63375697E-02
  5.00000000E-01  1.95568000E+00 -9.90656101E-01 -1.23617038E-02  5.80411401E-01  0.00000000E+00  1.56345173E-02  1.63552935E-02
  5.00000000E-01  1.95591500E+00 -9.94929861E-01 -1.24235235E-02  5.80400767E-01  0.00000000E+00  1.54300635E-02  1.63769738E-02
  5.00000000E-01  1.95615000E+00 -9.99215949E-01 -1.24826531E-02  5.80390578E-01  0.00000000E+00  1.52168299E-02  1.64028574E-02
  5.00000000E-01  1.95638500E+00 -1.00351378E+00 -1.25390812E-02  5.80380965E-01  0.00000000E+00  1.49948336E-02  1.64332059E-02
  5.00000000E-01  1.95662000E+00 -1.00782271E+00 -1.25928029E-02  5.80372006E-01  0.00000000E+00  1.47641017E-02  1.64682971E-02
  5.00000000E-01  1.95685500E+00 -1.01214210E+00 -1.26438210E-02  5.80363720E-01  0.00000000E+00  1.45246722E-02  1.65084262E-02
  5.00000000E-01  1.95709000E+00 -1.01647124E+00 -1.26921463E-02  5.80356060E-01  0.00000000E+00  1.42765945E-02  1.65539067E-02
  5.00000000E-01  1.95732500E+00 -1.02080940E+00 -1.27377982E-02  5.80348907E-01  0.00000000E+00  1.40199307E-02  1.66050719E-02
  5.00000000E-01  1.95756000E+00 -1.02515580E+00 -1.27808040E-02  5.80342078E-01  0.00000000E+00  1.37547563E-02  1.66622761E-02
  5.00000000E-01  1.95779500E+00 -1.02950965E+00 -1.28211979E-02  5.80335333E-01  0.00000000E+00  1.34811610E-02  1.67258956E-02
  5.00000000E-01  1.95803000E+00 -1.03387010E+00 -1.28590197E-02  5.80328391E-01  0.00000000E+00  1.31992499E-02  1.67963302E-02
  5.00000000E-01  1.95826500E+00 -1.03823628E+00 -1.28943115E-02  5.80320953E-01  0.00000000E+00  1.29091445E-02  1.68740042E-02
  5.00000000E-01  1.95850000E+00 -1.04260729E+00 -1.29271149E-02  5.80312735E-01  0.00000000E+00  1.26109838E-02  1.69593679E-02
  5.00000000E-01  1.95873500E+00 -1.04698221E+00 -1.29574663E-02  5.80303508E-01  0.00000000E+00  1.23049249E-02  1.70528985E-02
  5.00000000E-01  1.95897000E+00 -1.05136008E+00 -1.29853912E-02  5.80293151E-01  0.00000000E+00  1.19911447E-02  1.71551016E-02
  5.00000000E-01  1.95920500E+00 -1.05573995E+00 -1.30108980E-02  5.80281713E-01  0.00000000E+00  1.16698406E-02  1.72665125E-02
  5.00000000E-01  1.95944000E+00 -1.06012082E+00 -1.30339694E-02  5.80269485E-01  0.00000000E+00  1.13412316E-02  1.73876972E-02
  5.00000000E-01  1.95967500E+00 -1.06450172E+00 -1.30545538E-02  5.80257089E-01  0.00000000E+00  1.10055596E-02  1.75192541E-02
  5.00000000E-01  1.95991000E+00 -1.06888167E+00 -1.30725544E-02  5.80245576E-01  0.00000000E+00  1.06630904E-02  1.76618155E-02
  5.00000000E-01  1.96014500E+00 -1.07325970E+00 -1.30878167E-02  5.80236541E-01  0.00000000E+00  1.03141147E-02  1.78160487E-02
  5.00000000E-01  1.96038000E+00 -1.07763486E+00 -1.31001150E-02  5.80232251E-01  0.00000000E+00  9.95894948E-03  1.79826577E-02
  5.00000000E-01  1.96061500E+00 -1.08200624E+00 -1.31091369E-02  5.80235791E-01  0.00000000E+00  9.59793885E-03  1.81623853E-02
  5.00000000E-01  1.96085000E+00 -1.08636190E+00 -1.31162108E-02  5.80235814E-01  0.00000000E+00  9.23068135E-03  1.82632884E-02
  5.00000000E-01  1.96108500E+00 -1.09072170E+00 -1.31236700E-02  5.80207124E-01  0.00000000E+00  8.85695829E-03  1.83636747E-02
  5.00000000E-01  1.96132000E+00 -1.09509836E+00 -1.31271562E-02  5.80190462E-01  0.00000000E+00  8.48099749E-03  1.87161692E-02
  5.00000000E-01  1.96155500E+00 -1.09945640E+00 -1.31276748E-02  5.80181299E-01  0.00000000E+00  8.10353544E-03  1.91610011E-02
  5.00000000E-01  1.96179000E+00 -1.10378149E+00 -1.31258268E-02  5.80176265E-01  0.00000000E+00  7.72433350E-03  1.95973245E-02
  5.00000000E-01  1.96202500E+00 -1.10807421E+00 -1.31218997E-02  5.80172954E-01  0.00000000E+00  7.34259292E-03  1.99710753E-02
  5.00000000E-01  1.96226000E+00 -1.11234475E+00 -1.31159472E-02  5.80169740E-01  0.00000000E+00  6.95729962E-03  2.02642007E-02
  5.00000000E-01  1.96249500E+00 -1.11660840E+00 -1.31078597E-02  5.80165620E-01  0.00000000E+00  6.56750308E-03  2.04852036E-02
  5.00000000E-01  1.96273000E+00 -1.12088185E+00 -1.30974247E-02  5.80160072E-01  0.00000000E+00  6.17253395E-03  2.06609345E-02
  5.00000000E-01  1.96296500E+00 -1.12518020E+00 -1.30843781E-02  5.80152934E-01  0.00000000E+00  5.77216503E-03  2.08295663E-02
  5.00000000E-01  1.96320000E+00 -1.12951468E+00 -1.30684477E-02  5.80144300E-01  0.00000000E+00  5.36672030E-03  2.10346803E-02
  5.00000000E-01  1.96343500E+00 -1.13389098E+00 -1.30493875E-02  5.80134431E-01  0.00000000E+00  4.95713678E-03  2.13203930E-02
  5.00000000E-01  1.96367000E+00 -1.13830815E+00 -1.30270059E-02  5.80123681E-01  0.00000000E+00  4.54498377E-03  2.17274525E-02
  5.00000000E-01  1.96390500E+00 -1.14275802E+00 -1.30011860E-02  5.80112441E-01  0.00000000E+00  4.13244431E-03  2.22902327E-02
  5.00000000E-01  1.96414000E+00 -1.14722507E+00 -1.29719001E-02  5.80101090E-01  0.00000000E+00  3.72226340E-03  2.30345529E-02
  5.00000000E-01  1.96437500E+00 -1.15168678E+00 -1.29392181E-02  5.80089959E-01  0.00000000E+00  3.31766787E-03  2.39762529E-02
  5.00000000E-01  1.96461000E+00 -1.15611424E+00 -1.29033109E-02  5.80079311E-01  0.00000000E+00  2.92226229E-03  2.51204500E-02
  5.00000000E-01  1.96484500E+00 -1.16047316E+00 -1.28644492E-02  5.80069327E-01  0.00000000E+00  2.53990582E-03  2.64614084E-02
  5.00000000E-01  1.96508000E+00 -1.16472507E+00 -1.28229975E-02  5.80060094E-01  0.00000000E+00  2.17457464E-03  2.79829492E-02
  5.00000000E-01  1.96531500E+00 -1.16882875E+00 -1.27794050E-02  5.80051614E-01  0.00000000E+00  1.83021451E-03  2.96593297E-02
  5.00000000E-01  1.96555000E+00 -1.17274182E+00 -1.27341935E-02  5.80043807E-01  0.00000000E+00  1.51058833E-03  3.14565205E-02
  5.00000000E-01  1.96578500E+00 -1.17642237E+00 -1.26879427E-02  5.80036524E-01  0.00000000E+00  1.21912325E-03  3.33338099E-02
  5.00000000E-01  1.96602000E+00 -1.17983071E+00 -1.26412728E-02  5.80029566E-01  0.00000000E+00  9.58762161E-04  3.52456637E-02
  5.00000000E-01  1.96625500E+00 -1.18293107E+00 -1.25948267E-02  5.80022699E-01  0.00000000E+00  7.31824165E-04  3.71437691E-02
  5.00000000E-01  1.96649000E+00 -1.18569319E+00 -1.25492508E-02  5.80015681E-01  0.00000000E+00  5.39878787E-04  3.89791903E-02
  5.00000000E-01  1.96672500E+00 -1.18809387E+00 -1.25051753E-02  5.80008281E-01  0.00000000E+00  3.83638617E-04  4.07045664E-02
  5.00000000E-01  1.96696000E+00 -1.19011831E+00 -1.24631950E-02  5.80000296E-01  0.00000000E+00  2.62875075E-04  4.22762766E-02
  5.00000000E-01  1.96719500E+00 -1.19176123E+00 -1.24238506E-02  5.79991579E-01  0.00000000E+00  1.76361986E-04  4.36565044E-02
  5.00000000E-01  1.96743000E+00 -1.19302771E+00 -1.23876115E-02  5.79982048E-01  0.00000000E+00  1.21851632E-04  4.48151273E-02
  5.00000000E-01  1.96766500E+00 -1.19393369E+00 -1.23548604E-02  5.79971706E-01  0.00000000E+00  9.60879524E-05  4.57313612E-02
  5.00000000E-01  1.96790000E+00 -1.19450610E+00 -1.23258799E-02  5.79960643E-01  0.00000000E+00  9.48615477E-05  4.63950880E-02
  5.00000000E-01  1.96813500E+00 -1.19478258E+00 -1.23008427E-02  5.79949040E-01  0.00000000E+00  1.13111126E-04  4.68077954E-02
  5.00000000E-01  1.96837000E+00 -1.19481065E+00 -1.22798045E-02  5.79937165E-01  0.00000000E+00  1.45076056E-04  4.69830586E-02
  5.00000000E-01  1.96860500E+00 -1.19464637E+00 -1.22627018E-02  5.79925358E-01  0.00000000E+00  1.84504672E-04  4.69464909E-02
  5.00000000E-01  1.96884000E+00 -1.19435244E+00 -1.22493531E-02  5.79914009E-01  0.00000000E+00  2.24923015E-04  4.67350948E-02
  5.00000000E-01  1.96907500E+00 -1.19399557E+00 -1.22394662E-02  5.79903523E-01  0.00000000E+00  2.59968681E-04  4.63959401E-02
  5.00000000E-01  1.96931000E+00 -1.19364324E+00 -1.22326508E-02  5.79894274E-01  0.00000000E+00  2.83794518E-04  4.59840999E-02
  5.00000000E-01  1.96954500E+00 -1.19335964E+00 -1.22284368E-02  5.79886551E-01  0.00000000E+00  2.91546903E-04  4.55597710E-02
  5.00000000E-01  1.96978000E+00 -1.19320085E+00 -1.22263001E-02  5.79880481E-01  0.00000000E+00  2.79923368E-04  4.51845088E-02
  5.00000000E-01  1.97001500E+00 -1.19320908E+00 -1.22256952E-02  5.79875945E-01  0.00000000E+00  2.47814381E-04  4.49165022E-02
  5.00000000E-01  1.97025000E+00 -1.19340613E+00 -1.22260953E-02  5.79872473E-01  0.00000000E+00  1.97034045E-04  4.48048187E-02
  5.00000000E-01  1.97048500E+00 -1.19378570E+00 -1.22270418E-02  5.79869126E-01  0.00000000E+00  1.33144458E-04  4.48825448E-02
  5.00000000E-01  1.97072000E+00 -1.19430485E+00 -1.22282015E-02  5.79864353E-01  0.00000000E+00  6.63784010E-05  4.51587509E-02
  5.00000000E-01  1.97095500E+00 -1.19487427E+00 -1.22294343E-02  5.79855837E-01  0.00000000E+00  1.26648072E-05  4.56092088E-02
  5.00000000E-01  1.97119000E+00 -1.19534749E+00 -1.22308700E-02  5.79840313E-01  0.00000000E+00 -5.23875803E-06  4.61657920E-02
  5.00000000E-01  1.97142500E+00 -1.19550882E+00 -1.22329965E-02  5.79813368E-01  0.00000000E+00  4.34971771E-05  4.67044923E-02
  5.00000000E-01  1.97166000E+00 -1.19510134E+00 -1.22465888E-02  5.79795576E-01  0.00000000E+00  1.25901728E-04  4.69874966E-02
  5.00000000E-01  1.97189500E+00 -1.19465808E+00 -1.22772790E-02  5.79808823E-01  0.00000000E+00  1.15752395E-04  4.70724407E-02
  5.00000000E-01  1.97213000E+00 -1.19439039E+00 -1.23061724E-02  5.79808878E-01  0.00000000E+00  1.09408222E-04  4.71571502E-02
  5.00000000E-01  1.97236500E+00 -1.19424781E+00 -1.23348903E-02  5.79800745E-01  0.00000000E+00  1.06066904E-04  4.72410402E-02
  5.00000000E-01  1.97260000E+00 -1.19419223E+00 -1.23644989E-02  5.79788139E-01  0.00000000E+00  1.04994333E-04  4.73235590E-02
  5.00000000E-01  1.97283500E+00 -1.19419559E+00 -1.23956107E-02  5.79773705E-01  0.00000000E+00  1.05531995E-04  4.74041669E-02
  5.00000000E-01  1.97307000E+00 -1.19423793E+00 -1.24284755E-02  5.79759223E-01  0.00000000E+00  1.07101910E-04  4.74823230E-02
  5.00000000E-01  1.97330500E+00 -1.19430555E+00 -1.24630614E-02  5.79745780E-01  0.00000000E+00  1.09209320E-04  4.75574779E-02
  5.00000000E-01  1.97354000E+00 -1.19438957E+00 -1.24991251E-02  5.79733931E-01  0.00000000E+00  1.11443317E-04  4.76290718E-02
  5.00000000E-01  1.97377500E+00 -1.19448459E+00 -1.25362745E-02  5.79723833E-01  0.00000000E+00  1.13475628E-04  4.76965382E-02
  5.00000000E-01  1.97401000E+00 -1.19458761E+00 -1.25740210E-02  5.79715357E-01  0.00000000E+00  1.15057741E-04  4.77593112E-02
  5.00000000E-01  1.97424500E+00 -1.19469711E+00 -1.26118250E-02  5.79708194E-01  0.00000000E+00  1.16016568E-04  4.78168373E-02
  5.00000000E-01  1.97448000E+00 -1.19481239E+00 -1.26491329E-02  5.79701929E-01  0.00000000E+00  1.16248829E-04  4.78685900E-02
  5.00000000E-01  1.97471500E+00 -1.19493296E+00 -1.26854081E-02  5.79696112E-01  0.00000000E+00  1.15714355E-04  4.79140865E-02
  5.00000000E-01  1.97495000E+00 -1.19505817E+00 -1.27201541E-02  5.79690308E-01  0.00000000E+00  1.14428495E-04  4.79529069E-02
  5.00000000E-01  1.97518500E+00 -1.19518690E+00 -1.27529330E-02  5.79684136E-01  0.00000000E+00  1.12453805E-04  4.79847140E-02
  5.00000000E-01  1.97542000E+00 -1.19531746E+00 -1.27833779E-02  5.79677294E-01  0.00000000E+00  1.09891213E-04  4.80092737E-02
  5.00000000E-01  1.97565500E+00 -1.19544751E+00 -1.28112003E-02  5.79669577E-01  0.00000000E+00  1.06870842E-04  4.80264753E-02
  5.00000000E-01  1.97589000E+00 -1.19557410E+00 -1.28361938E-02  5.79660886E-01  0.00000000E+00  1.03542685E-04  4.80363515E-02
  5.00000000E-01  1.97612500E+00 -1.19569380E+00 -1.28582336E-02  5.79651222E-01  0.00000000E+00  1.00067304E-04  4.80390957E-02
  5.00000000E-01  1.97636000E+00 -1.19580287E+00 -1.28772724E-02  5.79640680E-01  0.00000000E+00  9.66067549E-05  4.80350788E-02
  5.00000000E-01  1.97659500E+00 -1.19589750E+00 -1.28933344E-02  5.79629438E-01  0.00000000E+00  9.33159203E-05  4.80248620E-02
  5.00000000E-01  1.97683000E+00 -1.19597402E+00 -1.29065060E-02  5.79617732E-01  0.00000000E+00  9.03344384E-05  4.80092067E-02
  5.00000000E-01  1.97706500E+00 -1.19602924E+00 -1.29169262E-02  5.79605842E-01  0.00000000E+00  8.77794169E-05  4.79890807E-02
  5.00000000E-01  1.97730000E+00 -1.19606064E+00 -1.29247747E-02  5.79594063E-01  0.00000000E+00  8.57391226E-05  4.79656586E-02
  5.00000000E-01  1.97753500E+00 -1.19606671E+00 -1.29302597E-02  5.79582680E-01  0.00000000E+00  8.42678329E-05  4.79403184E-02
  5.00000000E-01  1.97777000E+00 -1.19604710E+00 -1.29336061E-02  5.79571948E-01  0.00000000E+00  8.33820398E-05  4.79146308E-02
  5.00000000E-01  1.97800500E+00 -1.19600287E+00 -1.29350439E-02  5.79562068E-01  0.00000000E+00  8.30581942E-05  4.78903424E-02
  5.00000000E-01  1.97824000E+00 -1.19593658E+00 -1.29347972E-02  5.79553165E-01  0.00000000E+00  8.32321775E-05  4.78693518E-02
  5.00000000E-01  1.97847500E+00 -1.19585236E+00 -1.29330756E-02  5.79545273E-01  0.00000000E+00  8.38006887E-05  4.78536773E-02
  5.00000000E-01  1.97871000E+00 -1.19575588E+00 -1.29300670E-02  5.79538330E-01  0.00000000E+00  8.46247350E-05  4.78454168E-02
  5.00000000E-01  1.97894500E+00 -1.19565421E+00 -1.29259336E-02  5.79532165E-01  0.00000000E+00  8.55354113E-05  4.78466975E-02
  5.00000000E-01  1.97918000E+00 -1.19555557E+00 -1.29208103E-02  5.79526512E-01  0.00000000E+00  8.63421573E-05  4.78596165E-02
  5.00000000E-01  1.97941500E+00 -1.19546896E+00 -1.29148075E-02  5.79521014E-01  0.00000000E+00  8.68436790E-05  4.78861709E-02
  5.00000000E-01  1.97965000E+00 -1.19540360E+00 -1.29080184E-02  5.79515253E-01  0.00000000E+00  8.68417219E-05  4.79281762E-02
  5.00000000E-01  1.97988500E+00 -1.19536829E+00 -1.29005297E-02  5.79508781E-01  0.00000000E+00  8.61578861E-05  4.79871734E-02
  5.00000000E-01  1.98012000E+00 -1.19537049E+00 -1.28924394E-02  5.79501168E-01  0.00000000E+00  8.46536702E-05  4.80643235E-02
  5.00000000E-01  1.98035500E+00 -1.19541529E+00 -1.28838791E-02  5.79492065E-01  0.00000000E+00  8.22539345E-05  4.81602888E-02
  5.00000000E-01  1.98059000E+00 -1.19550417E+00 -1.28750434E-02  5.79481276E-01  0.00000000E+00  7.89739726E-05  4.82751004E-02
  5.00000000E-01  1.98082500E+00 -1.19563348E+00 -1.28662259E-02  5.79468856E-01  0.00000000E+00  7.49503777E-05  4.84080117E-02
  5.00000000E-01  1.98106000E+00 -1.19579274E+00 -1.28578629E-02  5.79455215E-01  0.00000000E+00  7.04758898E-05  4.85573358E-02
  5.00000000E-01  1.98129500E+00 -1.19596267E+00 -1.28505851E-02  5.79441253E-01  0.00000000E+00  6.60384014E-05  4.87202685E-02
  5.00000000E-01  1.98153000E+00 -1.19611297E+00 -1.28452773E-02  5.79428504E-01  0.00000000E+00  6.23642916E-05  4.88926942E-02
  5.00000000E-01  1.98176500E+00 -1.19619981E+00 -1.28431481E-02  5.79419309E-01  0.00000000E+00  6.04662468E-05  4.90689752E-02
  5.00000000E-01  1.98200000E+00 -1.19616300E+00 -1.28458077E-02  5.79417006E-01  0.00000000E+00  6.16957019E-05  4.92417244E-02
  5.00000000E-01  1.98223500E+00 -1.19592297E+00 -1.28553572E-02  5.79426145E-01  0.00000000E+00  6.78000135E-05  4.94015601E-02
  5.00000000E-01  1.98247000E+00 -1.19571869E+00 -1.28601965E-02  5.79421733E-01  0.00000000E+00  7.23405522E-05  4.95383599E-02
  5.00000000E-01  1.98270500E+00 -1.19585334E+00 -1.28560531E-02  5.79394245E-01  0.00000000E+00  6.90365629E-05  4.96580704E-02
  5.00000000E-01  1.98294000E+00 -1.19598383E+00 -1.28587356E-02  5.79378453E-01  0.00000000E+00  6.68449266E-05  4.97645541E-02
  5.00000000E-01  1.98317500E+00 -1.19611322E+00 -1.28658192E-02  5.79369856E-01  0.00000000E+00  6.53091114E-05  4.98585118E-02
  5.00000000E-01  1.98341000E+00 -1.19624330E+00 -1.28754419E-02  5.79365128E-01  0.00000000E+00  6.40941523E-05  4.99402463E-02
  5.00000000E-01  1.98364500E+00 -1.19637480E+00 -1.28862108E-02  5.79361914E-01  0.00000000E+00  6.29652523E-05  5.00098094E-02
  5.00000000E-01  1.98388000E+00 -1.19650755E+00 -1.28971209E-02  5.79358643E-01  0.00000000E+00  6.17687389E-05  5.00671267E-02
  5.00000000E-01  1.98411500E+00 -1.19664067E+00 -1.29074813E-02  5.79354368E-01  0.00000000E+00  6.04152330E-05  5.01121026E-02
  5.00000000E-01  1.98435000E+00 -1.19677270E+00 -1.29168517E-02  5.79348622E-01  0.00000000E+00  5.88648942E-05  5.01447068E-02
  5.00000000E-01  1.98458500E+00 -1.19690177E+00 -1.29249864E-02  5.79341295E-01  0.00000000E+00  5.71146173E-05  5.01650423E-02
  5.00000000E-01  1.98482000E+00 -1.19702569E+00 -1.29317860E-02  5.79332528E-01  0.00000000E+00  5.51870569E-05  5.01733975E-02
  5.00000000E-01  1.98505500E+00 -1.19714215E+00 -1.29372570E-02  5.79322626E-01  0.00000000E+00  5.31213643E-05  5.01702825E-02
  5.00000000E-01  1.98529000E+00 -1.19724873E+00 -1.29414772E-02  5.79311978E-01  0.00000000E+00  5.09655163E-05  5.01564519E-02
  5.00000000E-01  1.98552500E+00 -1.19734311E+00 -1.29445685E-02  5.79301005E-01  0.00000000E+00  4.87701224E-05  5.01329134E-02
  5.00000000E-01  1.98576000E+00 -1.19742307E+00 -1.29466737E-02  5.79290108E-01  0.00000000E+00  4.65835925E-05  5.01009259E-02
  5.00000000E-01  1.98599500E+00 -1.19748664E+00 -1.29479405E-02  5.79279633E-01  0.00000000E+00  4.44485474E-05  5.00619856E-02
  5.00000000E-01  1.98623000E+00 -1.19753211E+00 -1.29485087E-02  5.79269852E-01  0.00000000E+00  4.23993578E-05  5.00178039E-02
  5.00000000E-01  1.98646500E+00 -1.19755813E+00 -1.29485019E-02  5.79260945E-01  0.00000000E+00  4.04606905E-05  4.99702762E-02
  5.00000000E-01  1.98670000E+00 -1.19756377E+00 -1.29480235E-02  5.79252996E-01  0.00000000E+00  3.86469470E-05  4.99214434E-02
  5.00000000E-01  1.98693500E+00 -1.19754849E+00 -1.29471554E-02  5.79245992E-01  0.00000000E+00  3.69624755E-05  4.98734484E-02
  5.00000000E-01  1.98717000E+00 -1.19751225E+00 -1.29459589E-02  5.79239838E-01  0.00000000E+00  3.54024376E-05  4.98284869E-02
  5.00000000E-01  1.98740500E+00 -1.19745547E+00 -1.29444790E-02  5.79234363E-01  0.00000000E+00  3.39542132E-05  4.97887551E-02
  5.00000000E-01  1.98764000E+00 -1.19737904E+00 -1.29427488E-02  5.79229343E-01  0.00000000E+00  3.25992250E-05  4.97563947E-02
  5.00000000E-01  1.98787500E+00 -1.19728434E+00 -1.29407963E-02  5.79224517E-01  0.00000000E+00  3.13150652E-05  4.97334369E-02
  5.00000000E-01  1.98811000E+00 -1.19717322E+00 -1.29386514E-02  5.79219614E-01  0.00000000E+00  3.00778078E-05  4.97217461E-02
  5.00000000E-01  1.98834500E+00 -1.19704793E+00 -1.29363525E-02  5.79214370E-01  0.00000000E+00  2.88643874E-05  4.97229646E-02
  5.00000000E-01  1.98858000E+00 -1.19691114E+00 -1.29339536E-02  5.79208557E-01  0.00000000E+00  2.76549302E-05  4.97384593E-02
  5.00000000E-01  1.98881500E+00 -1.19676586E+00 -1.29315297E-02  5.79201996E-01  0.00000000E+00  2.64349165E-05  4.97692727E-02
  5.00000000E-01  1.98905000E+00 -1.19661535E+00 -1.29291814E-02  5.79194582E-01  0.00000000E+00  2.51970602E-05  4.98160768E-02
  5.00000000E-01  1.98928500E+00 -1.19646313E+00 -1.29270371E-02  5.79186294E-01  0.00000000E+00  2.39427866E-05  4.98791344E-02
  5.00000000E-01  1.98952000E+00 -1.19631282E+00 -1.29252533E-02  5.79177203E-01  0.00000000E+00  2.26831904E-05  4.99582661E-02
  5.00000000E-01  1.98975500E+00 -1.19616808E+00 -1.29240112E-02  5.79167478E-01  0.00000000E+00  2.14393577E-05  5.00528256E-02
  5.00000000E-01  1.98999000E+00 -1.19603250E+00 -1.29235107E-02  5.79157379E-01  0.00000000E+00  2.02419317E-05  5.01616847E-02
  5.00000000E-01  1.99022500E+00 -1.19590949E+00 -1.29239595E-02  5.79147245E-01  0.00000000E+00  1.91298071E-05  5.02832282E-02
  5.00000000E-01  1.99046000E+00 -1.19580215E+00 -1.29255590E-02  5.79137470E-01  0.00000000E+00  1.81478329E-05  5.04153606E-02
  5.00000000E-01  1.99069500E+00 -1.19571311E+00 -1.29284839E-02  5.79128473E-01  0.00000000E+00  1.73434070E-05  5.05555258E-02
  5.00000000E-01  1.99093000E+00 -1.19564442E+00 -1.29328569E-02  5.79120647E-01  0.00000000E+00  1.67618465E-05  5.07007401E-02
  5.00000000E-01  1.99116500E+00 -1.19559737E+00 -1.29387178E-02  5.79114305E-01  0.00000000E+00  1.64404150E-05  5.08476414E-02
  5.00000000E-01  1.99140000E+00 -1.19557231E+00 -1.29459853E-02  5.79109608E-01  0.00000000E+00  1.64008912E-05  5.09925536E-02
  5.00000000E-01  1.99163500E+00 -1.19556847E+00 -1.29544123E-02  5.79106473E-01  0.00000000E+00  1.66405633E-05  5.11315693E-02
  5.00000000E-01  1.99187000E+00 -1.19558380E+00 -1.29635339E-02  5.79104474E-01  0.00000000E+00  1.71215309E-05  5.12606502E-02
  5.00000000E-01  1.99210500E+00 -1.19561470E+00 -1.29726065E-02  5.79102717E-01  0.00000000E+00  1.77581962E-05  5.13757479E-02
  5.00000000E-01  1.99234000E+00 -1.19565587E+00 -1.29805395E-02  5.79099701E-01  0.00000000E+00  1.84028246E-05  5.14729449E-02
  5.00000000E-01  1.99257500E+00 -1.19570004E+00 -1.29858169E-02  5.79093156E-01  0.00000000E+00  1.88290476E-05  5.15486178E-02
  5.00000000E-01  1.99281000E+00 -1.19573775E+00 -1.29864097E-02  5.79079865E-01  0.00000000E+00  1.87131753E-05  5.15996231E-02
  5.00000000E-01  1.99304500E+00 -1.19575708E+00 -1.29796777E-02  5.79055458E-01  0.00000000E+00  1.76131735E-05  5.16235079E-02
  5.00000000E-01  1.99328000E+00 -1.19579057E+00 -1.29816709E-02  5.79049639E-01  0.00000000E+00  1.71313722E-05  5.16858272E-02
  5.00000000E-01  1.99351500E+00 -1.19587009E+00 -1.29924083E-02  5.79060215E-01  0.00000000E+00  1.76321710E-05  5.17845396E-02
  5.00000000E-01  1.99375000E+00 -1.19595928E+00 -1.29973264E-02  5.79060107E-01  0.00000000E+00  1.75785550E-05  5.18615229E-02
  5.00000000E-01  1.99398500E+00 -1.19605175E+00 -1.29985808E-02  5.79053511E-01  0.00000000E+00  1.71682642E-05  5.19199434E-02
  5.00000000E-01  1.99422000E+00 -1.19614255E+00 -1.29977640E-02  5.79043516E-01  0.00000000E+00  1.65493464E-05  5.19627955E-02
  5.00000000E-01  1.99445500E+00 -1.19622797E+00 -1.29960046E-02  5.79032304E-01  0.00000000E+00  1.58287654E-05  5.19928840E-02
  5.00000000E-01  1.99469000E+00 -1.19630533E+00 -1.29940561E-02  5.79021320E-01  0.00000000E+00  1.50800989E-05  5.20128106E-02
  5.00000000E-01  1.99492500E+00 -1.19637284E+00 -1.29923755E-02  5.79011426E-01  0.00000000E+00  1.43503601E-05  5.20249639E-02
  5.00000000E-01  1.99516000E+00 -1.19642944E+00 -1.29911920E-02  5.79003034E-01  0.00000000E+00  1.36659825E-05  5.20315141E-02
  5.00000000E-01  1.99539500E+00 -1.19647466E+00 -1.29905663E-02  5.78996225E-01  0.00000000E+00  1.30380143E-05  5.20344098E-02
  5.00000000E-01  1.99563000E+00 -1.19650852E+00 -1.29904417E-02  5.78990847E-01  0.00000000E+00  1.24665655E-05  5.20353785E-02
  5.00000000E-01  1.99586500E+00 -1.19653141E+00 -1.29906864E-02  5.78986601E-01  0.00000000E+00  1.19445576E-05  5.20359297E-02
  5.00000000E-01  1.99610000E+00 -1.19654400E+00 -1.29911288E-02  5.78983108E-01  0.00000000E+00  1.14608222E-05  5.20373603E-02
  5.00000000E-01  1.99633500E+00 -1.19654717E+00 -1.29915856E-02  5.78979968E-01  0.00000000E+00  1.10025988E-05  5.20407620E-02
  5.00000000E-01  1.99657000E+00 -1.19654193E+00 -1.29918834E-02  5.78976800E-01  0.00000000E+00  1.05574785E-05  5.20470306E-02
  5.00000000E-01  1.99680500E+00 -1.19652936E+00 -1.29918749E-02  5.78973278E-01  0.00000000E+00  1.01148441E-05  5.20568772E-02
  5.00000000E-01  1.99704000E+00 -1.19651060E+00 -1.29914490E-02  5.78969150E-01  0.00000000E+00  9.66685326E-06  5.20708403E-02
  5.00000000E-01  1.99727500E+00 -1.19648676E+00 -1.29905372E-02  5.78964252E-01  0.00000000E+00  9.20901423E-06  5.20892990E-02
  5.00000000E-01  1.99751000E+00 -1.19645894E+00 -1.29891153E-02  5.78958512E-01  0.00000000E+00  8.74040185E-06  5.21124876E-02
  5.00000000E-01  1.99774500E+00 -1.19642816E+00 -1.29872015E-02  5.78951948E-01  0.00000000E+00  8.26356237E-06  5.21405098E-02
  5.00000000E-01  1.99798000E+00 -1.19639538E+00 -1.29848519E-02  5.78944660E-01  0.00000000E+00  7.78415515E-06  5.21733538E-02
  5.00000000E-01  1.99821500E+00 -1.19636149E+00 -1.29821535E-02  5.78936814E-01  0.00000000E+00  7.31037976E-06  5.22109079E-02
  5.00000000E-01  1.99845000E+00 -1.19632729E+00 -1.29792152E-02  5.78928630E-01  0.00000000E+00  6.85223677E-06  5.22529745E-02
  5.00000000E-01  1.99868500E+00 -1.19629347E+00 -1.29761574E-02  5.78920359E-01  0.00000000E+00  6.42067072E-06  5.22992852E-02
  5.00000000E-01  1.99892000E+00 -1.19626068E+00 -1.29731018E-02  5.78912260E-01  0.00000000E+00  6.02664382E-06  5.23495141E-02
  5.00000000E-01  1.99915500E+00 -1.19622947E+00 -1.29701599E-02  5.78904583E-01  0.00000000E+00  5.68018871E-06  5.24032903E-02
  5.00000000E-01  1.99939000E+00 -1.19620031E+00 -1.29674230E-02  5.78897544E-01  0.00000000E+00  5.38948905E-06  5.24602097E-02
  5.00000000E-01  1.99962500E+00 -1.19617363E+00 -1.29649526E-02  5.78891306E-01  0.00000000E+00  5.16003599E-06  5.25198445E-02
  5.00000000E-01  1.99986000E+00 -1.19614979E+00 -1.29627725E-02  5.78885966E-01  0.00000000E+00  4.99390925E-06  5.25817514E-02
  5.00000000E-01  2.00009500E+00 -1.19612911E+00 -1.29608636E-02  5.78881535E-01  0.00000000E+00  4.88923081E-06  5.26454778E-02
  5.00000000E-01  2.00033000E+00 -1.19611186E+00 -1.29591611E-02  5.78877936E-01  0.00000000E+00  4.83983942E-06  5.27105650E-02
  5.00000000E-01  2.00056500E+00 -1.19609827E+00 -1.29575547E-02  5.78875001E-01  0.00000000E+00  4.83523423E-06  5.27765501E-02
  5.00000000E-01  2.00080000E+00 -1.19608853E+00 -1.29558935E-02  5.78872472E-01  0.00000000E+00  4.86083548E-06  5.28429636E-02
  5.00000000E-01  2.00103500E+00 -1.19608277E+00 -1.29539945E-02  5.78870021E-01  0.00000000E+00  4.89861053E-06  5.29093250E-02
  5.00000000E-01  2.00127000E+00 -1.19608109E+00 -1.29516571E-02  5.78867267E-01  0.00000000E+00  4.92811365E-06  5.29751348E-02
  5.00000000E-01  2.00150500E+00 -1.19608349E+00 -1.29486825E-02  5.78863810E-01  0.00000000E+00  4.92798793E-06  5.30398624E-02
  5.00000000E-01  2.00174000E+00 -1.19608988E+00 -1.29448995E-02  5.78859277E-01  0.00000000E+00  4.87797830E-06  5.31029306E-02
  5.00000000E-01  2.00197500E+00 -1.19610004E+00 -1.29401973E-02  5.78853378E-01  0.00000000E+00  4.76150458E-06  5.31636963E-02
  5.00000000E-01  2.00221000E+00 -1.19611358E+00 -1.29345655E-02  5.78845975E-01  0.00000000E+00  4.56884373E-06  5.32214258E-02
  5.00000000E-01  2.00244500E+00 -1.19612990E+00 -1.29281419E-02  5.78837172E-01  0.00000000E+00  4.30097064E-06  5.32752664E-02
  5.00000000E-01  2.00268000E+00 -1.19614813E+00 -1.29212695E-02  5.78827407E-01  0.00000000E+00  3.97410592E-06  5.33242125E-02
  5.00000000E-01  2.00291500E+00 -1.19616703E+00 -1.29145616E-02  5.78817581E-01  0.00000000E+00  3.62501873E-06  5.33670674E-02
  5.00000000E-01  2.00315000E+00 -1.19618495E+00 -1.29089773E-02  5.78809185E-01  0.00000000E+00  3.31713030E-06  5.34023985E-02
  5.00000000E-01  2.00338500E+00 -1.19619974E+00 -1.29059071E-02  5.78804459E-01  0.00000000E+00  3.14746104E-06  5.34284884E-02
  5.00000000E-01  2.00362000E+00 -1.19620858E+00 -1.29072684E-02  5.78806568E-01  0.00000000E+00  3.25445914E-06  5.34432789E-02
  5.00000000E-01  2.00385500E+00 -1.19620795E+00 -1.29156126E-02  5.78819793E-01  0.00000000E+00  3.82674167E-06  5.34443110E-02
  5.00000000E-01  2.00409000E+00 -1.19622802E+00 -1.29052735E-02  5.78809948E-01  0.00000000E+00  3.73347816E-06  5.34901977E-02
  5.00000000E-01  2.00432500E+00 -1.19625239E+00 -1.28882529E-02  5.78789751E-01  0.00000000E+00  3.18718959E-06  5.35565078E-02
  5.00000000E-01  2.00456000E+00 -1.19626419E+00 -1.28794793E-02  5.78779476E-01  0.00000000E+00  2.89059016E-06  5.36088416E-02
  5.00000000E-01  2.00479500E+00 -1.19626877E+00 -1.28755579E-02  5.78775191E-01  0.00000000E+00  2.76127364E-06  5.36524494E-02
  5.00000000E-01  2.00503000E+00 -1.19627006E+00 -1.28740057E-02  5.78774006E-01  0.00000000E+00  2.73578032E-06  5.36913544E-02
  5.00000000E-01  2.00526500E+00 -1.19627082E+00 -1.28730912E-02  5.78773891E-01  0.00000000E+00  2.76660243E-06  5.37285273E-02
  5.00000000E-01  2.00550000E+00 -1.19627287E+00 -1.28716891E-02  5.78773516E-01  0.00000000E+00  2.81946592E-06  5.37660491E-02
  5.00000000E-01  2.00573500E+00 -1.19627726E+00 -1.28691518E-02  5.78772096E-01  0.00000000E+00  2.87088952E-06  5.38052600E-02
  5.00000000E-01  2.00597000E+00 -1.19628449E+00 -1.28651966E-02  5.78769273E-01  0.00000000E+00  2.90601624E-06  5.38468956E-02
  5.00000000E-01  2.00620500E+00 -1.19629462E+00 -1.28598079E-02  5.78764995E-01  0.00000000E+00  2.91670799E-06  5.38912096E-02
  5.00000000E-01  2.00644000E+00 -1.19630743E+00 -1.28531537E-02  5.78759428E-01  0.00000000E+00  2.89989129E-06  5.39380847E-02
  5.00000000E-01  2.00667500E+00 -1.19632247E+00 -1.28455156E-02  5.78752873E-01  0.00000000E+00  2.85614029E-06  5.39871299E-02
  5.00000000E-01  2.00691000E+00 -1.19633923E+00 -1.28372309E-02  5.78745698E-01  0.00000000E+00  2.78848174E-06  5.40377667E-02
  5.00000000E-01  2.00714500E+00 -1.19635712E+00 -1.28286472E-02  5.78738292E-01  0.00000000E+00  2.70140645E-06  5.40893044E-02
  5.00000000E-01  2.00738000E+00 -1.19637561E+00 -1.28200861E-02  5.78731015E-01  0.00000000E+00  2.60007106E-06  5.41410037E-02
  5.00000000E-01  2.00761500E+00 -1.19639419E+00 -1.28118180E-02  5.78724177E-01  0.00000000E+00  2.48967429E-06  5.41921313E-02
  5.00000000E-01  2.00785000E+00 -1.19641245E+00 -1.28040446E-02  5.78718011E-01  0.00000000E+00  2.37499152E-06  5.42420041E-02
  5.00000000E-01  2.00808500E+00 -1.19643008E+00 -1.27968897E-02  5.78712664E-01  0.00000000E+00  2.26005198E-06  5.42900255E-02
  5.00000000E-01  2.00832000E+00 -1.19644685E+00 -1.27903964E-02  5.78708196E-01  0.00000000E+00  2.14794273E-06  5.43357120E-02
  5.00000000E-01  2.00855500E+00 -1.19646264E+00 -1.27845305E-02  5.78704579E-01  0.00000000E+00  2.04072394E-06  5.43787133E-02
  5.00000000E-01  2.00879000E+00 -1.19647743E+00 -1.27791885E-02  5.78701709E-01  0.00000000E+00  1.93943970E-06  5.44188241E-02
  5.00000000E-01  2.00902500E+00 -1.19649122E+00 -1.27742103E-02  5.78699415E-01  0.00000000E+00  1.84420904E-06  5.44559900E-02
  5.00000000E-01  2.00926000E+00 -1.19650412E+00 -1.27693943E-02  5.78697481E-01  0.00000000E+00  1.75438138E-06  5.44903060E-02
  5.00000000E-01  2.00949500E+00 -1.19651620E+00 -1.27645151E-02  5.78695661E-01  0.00000000E+00  1.66874099E-06  5.45220111E-02
  5.00000000E-01  2.00973000E+00 -1.19652759E+00 -1.27593422E-02  5.78693705E-01  0.00000000E+00  1.58574474E-06  5.45514757E-02
  5.00000000E-01  2.00996500E+00 -1.19653835E+00 -1.27536596E-02  5.78691372E-01  0.00000000E+00  1.50377744E-06  5.45791863E-02
  5.00000000E-01  2.01020000E+00 -1.19654853E+00 -1.27472835E-02  5.78688458E-01  0.00000000E+00  1.42140909E-06  5.46057247E-02
  5.00000000E-01  2.01043500E+00 -1.19655810E+00 -1.27400800E-02  5.78684810E-01  0.00000000E+00  1.33763828E-06  5.46317446E-02
  5.00000000E-01  2.01067000E+00 -1.19656697E+00 -1.27319794E-02  5.78680347E-01  0.00000000E+00  1.25210599E-06  5.46579449E-02
  5.00000000E-01  2.01090500E+00 -1.19657496E+00 -1.27229870E-02  5.78675065E-01  0.00000000E+00  1.16526416E-06  5.46850408E-02
  5.00000000E-01  2.01114000E+00 -1.19658183E+00 -1.27131900E-02  5.78669050E-01  0.00000000E+00  1.07848320E-06  5.47137331E-02
  5.00000000E-01  2.01137500E+00 -1.19658727E+00 -1.27027586E-02  5.78662475E-01  0.00000000E+00  9.94083063E-07  5.47446758E-02
  5.00000000E-01  2.01161000E+00 -1.19659094E+00 -1.26919416E-02  5.78655600E-01  0.00000000E+00  9.15272026E-07  5.47784442E-02
  5.00000000E-01  2.01184500E+00 -1.19659251E+00 -1.26810539E-02  5.78648750E-01  0.00000000E+00  8.45977945E-07  5.48155010E-02
  5.00000000E-01  2.01208000E+00 -1.19659167E+00 -1.26704567E-02  5.78642300E-01  0.00000000E+00  7.90556210E-07  5.48561651E-02
  5.00000000E-01  2.01231500E+00 -1.19658828E+00 -1.26605286E-02  5.78636635E-01  0.00000000E+00  7.53358969E-07  5.49005791E-02
  5.00000000E-01  2.01255000E+00 -1.19658237E+00 -1.26516263E-02  5.78632111E-01  0.00000000E+00  7.38149952E-07  5.49486801E-02
  5.00000000E-01  2.01278500E+00 -1.19657430E+00 -1.26440350E-02  5.78628997E-01  0.00000000E+00  7.47349126E-07  5.50001714E-02
  5.00000000E-01  2.01302000E+00 -1.19656485E+00 -1.26379067E-02  5.78627403E-01  0.00000000E+00  7.81091323E-07  5.50544969E-02
  5.00000000E-01  2.01325500E+00 -1.19655540E+00 -1.26331859E-02  5.78627200E-01  0.00000000E+00  8.36082800E-07  5.51108192E-02
  5.00000000E-01  2.01349000E+00 -1.19654808E+00 -1.26295215E-02  5.78627914E-01  0.00000000E+00  9.04239644E-07  5.51680005E-02
  5.00000000E-01  2.01372500E+00 -1.19654597E+00 -1.26261640E-02  5.78628617E-01  0.00000000E+00  9.71091975E-07  5.52245881E-02
  5.00000000E-01  2.01396000E+00 -1.19655331E+00 -1.26218472E-02  5.78627789E-01  0.00000000E+00  1.01393819E-06  5.52788047E-02
  5.00000000E-01  2.01419500E+00 -1.19657579E+00 -1.26146531E-02  5.78623165E-01  0.00000000E+00  9.99734158E-07  5.53285437E-02
  5.00000000E-01  2.01443000E+00 -1.19662079E+00 -1.26018598E-02  5.78611565E-01  0.00000000E+00  8.82703395E-07  5.53713710E-02
  5.00000000E-01  2.01466500E+00 -1.19669769E+00 -1.25797712E-02  5.78588702E-01  0.00000000E+00  6.01656434E-07  5.54045333E-02
  5.00000000E-01  2.01490000E+00 -1.19669589E+00 -1.25775258E-02  5.78593917E-01  0.00000000E+00  5.33386336E-07  5.54364959E-02
  5.00000000E-01  2.01513500E+00 -1.19666788E+00 -1.25798250E-02  5.78604274E-01  0.00000000E+00  6.07499408E-07  5.54715046E-02
  5.00000000E-01  2.01537000E+00 -1.19665768E+00 -1.25756674E-02  5.78605262E-01  0.00000000E+00  6.58780162E-07  5.55066537E-02
  5.00000000E-01  2.01560500E+00 -1.19665977E+00 -1.25675346E-02  5.78600668E-01  0.00000000E+00  6.85484728E-07  5.55419773E-02
  5.00000000E-01  2.01584000E+00 -1.19666976E+00 -1.25572528E-02  5.78593262E-01  0.00000000E+00  6.88666242E-07  5.55775425E-02
  5.00000000E-01  2.01607500E+00 -1.19668422E+00 -1.25461092E-02  5.78584980E-01  0.00000000E+00  6.71341530E-07  5.56134337E-02
  5.00000000E-01  2.01631000E+00 -1.19670055E+00 -1.25349557E-02  5.78577086E-01  0.00000000E+00  6.37778728E-07  5.56497389E-02
  5.00000000E-01  2.01654500E+00 -1.19671689E+00 -1.25242996E-02  5.78570314E-01  0.00000000E+00  5.92898504E-07  5.56865396E-02
  5.00000000E-01  2.01678000E+00 -1.19673198E+00 -1.25143847E-02  5.78564990E-01  0.00000000E+00  5.41781489E-07  5.57239025E-02
  5.00000000E-01  2.01701500E+00 -1.19674506E+00 -1.25052594E-02  5.78561144E-01  0.00000000E+00  4.89274462E-07  5.57618735E-02
  5.00000000E-01  2.01725000E+00 -1.19675575E+00 -1.24968372E-02  5.78558602E-01  0.00000000E+00  4.39687827E-07  5.58004741E-02
  5.00000000E-01  2.01748500E+00 -1.19676403E+00 -1.24889452E-02  5.78557060E-01  0.00000000E+00  3.96576792E-07  5.58396994E-02
  5.00000000E-01  2.01772000E+00 -1.19677010E+00 -1.24813664E-02  5.78556150E-01  0.00000000E+00  3.62598682E-07  5.58795175E-02
  5.00000000E-01  2.01795500E+00 -1.19677434E+00 -1.24738714E-02  5.78555492E-01  0.00000000E+00  3.39438757E-07  5.59198707E-02
  5.00000000E-01  2.01819000E+00 -1.19677724E+00 -1.24662447E-02  5.78554732E-01  0.00000000E+00  3.27796908E-07  5.59606781E-02
  5.00000000E-01  2.01842500E+00 -1.19677936E+00 -1.24583028E-02  5.78553570E-01  0.00000000E+00  3.27427596E-07  5.60018388E-02
  5.00000000E-01  2.01866000E+00 -1.19678126E+00 -1.24499069E-02  5.78551781E-01  0.00000000E+00  3.37225443E-07  5.60432362E-02
  5.00000000E-01  2.01889500E+00 -1.19678350E+00 -1.24409699E-02  5.78549224E-01  0.00000000E+00  3.55348870E-07  5.60847429E-02
  5.00000000E-01  2.01913000E+00 -1.19678655E+00 -1.24314584E-02  5.78545845E-01  0.00000000E+00  3.79374221E-07  5.61262267E-02
  5.00000000E-01  2.01936500E+00 -1.19679084E+00 -1.24213912E-02  5.78541676E-01  0.00000000E+00  4.06472850E-07  5.61675555E-02
  5.00000000E-01  2.01960000E+00 -1.19679666E+00 -1.24108334E-02  5.78536825E-01  0.00000000E+00  4.33603627E-07  5.62086038E-02
  5.00000000E-01  2.01983500E+00 -1.19680423E+00 -1.23998886E-02  5.78531459E-01  0.00000000E+00  4.57713378E-07  5.62492584E-02
  5.00000000E-01  2.02007000E+00 -1.19681363E+00 -1.23886880E-02  5.78525794E-01  0.00000000E+00  4.75937737E-07  5.62894234E-02
  5.00000000E-01  2.02030500E+00 -1.19682482E+00 -1.23773791E-02  5.78520070E-01  0.00000000E+00  4.85794906E-07  5.63290259E-02
  5.00000000E-01  2.02054000E+00 -1.19683765E+00 -1.23661123E-02  5.78514535E-01  0.00000000E+00  4.85364797E-07  5.63680198E-02
  5.00000000E-01  2.02077500E+00 -1.19685185E+00 -1.23550283E-02  5.78509422E-01  0.00000000E+00  4.73446005E-07  5.64063895E-02
  5.00000000E-01  2.02101000E+00 -1.19686707E+00 -1.23442456E-02  5.78504930E-01  0.00000000E+00  4.49683042E-07  5.64441523E-02
  5.00000000E-01  2.02124500E+00 -1.19688287E+00 -1.23338490E-02  5.78501204E-01  0.00000000E+00  4.14656229E-07  5.64813594E-02
  5.00000000E-01  2.02148000E+00 -1.19689878E+00 -1.23238801E-02  5.78498322E-01  0.00000000E+00  3.69926641E-07  5.65180960E-02
  5.00000000E-01  2.02171500E+00 -1.19691425E+00 -1.23143300E-02  5.78496282E-01  0.00000000E+00  3.18028461E-07  5.65544790E-02
  5.00000000E-01  2.02195000E+00 -1.19692876E+00 -1.23051353E-02  5.78494998E-01  0.00000000E+00  2.62401128E-07  5.65906535E-02
  5.00000000E-01  2.02218500E+00 -1.19694182E+00 -1.22961782E-02  5.78494292E-01  0.00000000E+00  2.07253667E-07  5.66267866E-02
  5.00000000E-01  2.02242000E+00 -1.19695298E+00 -1.22872902E-02  5.78493909E-01  0.00000000E+00  1.57353608E-07  5.66630600E-02
  5.00000000E-01  2.02265500E+00 -1.19696191E+00 -1.22782615E-02  5.78493526E-01  0.00000000E+00  1.17732994E-07  5.66996590E-02
  5.00000000E-01  2.02289000E+00 -1.19696838E+00 -1.22688564E-02  5.78492774E-01  0.00000000E+00  9.33039777E-08  5.67367599E-02
  5.00000000E-01  2.02312500E+00 -1.19697238E+00 -1.22588341E-02  5.78491276E-01  0.00000000E+00  8.83766126E-08  5.67745136E-02
  5.00000000E-01  2.02336000E+00 -1.19697409E+00 -1.22479779E-02  5.78488687E-01  0.00000000E+00  1.06071475E-07  5.68130273E-02
  5.00000000E-01  2.02359500E+00 -1.19697397E+00 -1.22361310E-02  5.78484749E-01  0.00000000E+00  1.47619763E-07  5.68523423E-02
  5.00000000E-01  2.02383000E+00 -1.19697277E+00 -1.22232414E-02  5.78479367E-01  0.00000000E+00  2.11543478E-07  5.68924085E-02
  5.00000000E-01  2.02406500E+00 -1.19697159E+00 -1.22094151E-02  5.78472683E-01  0.00000000E+00  2.92708160E-07  5.69330558E-02
  5.00000000E-01  2.02430000E+00 -1.19697196E+00 -1.21949797E-02  5.78465183E-01  0.00000000E+00  3.81240330E-07  5.69739609E-02
  5.00000000E-01  2.02453500E+00 -1.19697580E+00 -1.21805581E-02  5.78457805E-01  0.00000000E+00  4.61301348E-07  5.70146114E-02
  5.00000000E-01  2.02477000E+00 -1.19698557E+00 -1.21671531E-02  5.78452076E-01  0.00000000E+00  5.09708588E-07  5.70542642E-02
  5.00000000E-01  2.02500500E+00 -1.19700424E+00 -1.21562440E-02  5.78450258E-01  0.00000000E+00  4.94393728E-07  5.70919006E-02
  5.00000000E-01  2.02524000E+00 -1.19703535E+00 -1.21498964E-02  5.78455522E-01  0.00000000E+00  3.72686364E-07  5.71261760E-02
  5.00000000E-01  2.02547500E+00 -1.19708310E+00 -1.21508849E-02  5.78472137E-01  0.00000000E+00  8.94089566E-08  5.71553644E-02
  5.00000000E-01  2.02571000E+00 -1.19707579E+00 -1.21310356E-02  5.78456677E-01  0.00000000E+00  9.92543537E-08  5.71848520E-02
  5.00000000E-01  2.02594500E+00 -1.19705953E+00 -1.21110902E-02  5.78441234E-01  0.00000000E+00  1.78288326E-07  5.72189426E-02
  5.00000000E-01  2.02618000E+00 -1.19705212E+00 -1.20966925E-02  5.78434466E-01  0.00000000E+00  2.17287255E-07  5.72558537E-02
  5.00000000E-01  2.02641500E+00 -1.19705152E+00 -1.20855632E-02  5.78432816E-01  0.00000000E+00  2.28802672E-07  5.72946947E-02
  5.00000000E-01  2.02665000E+00 -1.19705600E+00 -1.20760398E-02  5.78433694E-01  0.00000000E+00  2.22666035E-07  5.73347410E-02
  5.00000000E-01  2.02688500E+00 -1.19706409E+00 -1.20669652E-02  5.78435302E-01  0.00000000E+00  2.06392970E-07  5.73754152E-02
  5.00000000E-01  2.02712000E+00 -1.19707461E+00 -1.20575882E-02  5.78436476E-01  0.00000000E+00  1.85548220E-07  5.74162689E-02
  5.00000000E-01  2.02735500E+00 -1.19708658E+00 -1.20474768E-02  5.78436553E-01  0.00000000E+00  1.64074130E-07  5.74569662E-02
  5.00000000E-01  2.02759000E+00 -1.19709923E+00 -1.20364421E-02  5.78435250E-01  0.00000000E+00  1.44585035E-07  5.74972681E-02
  5.00000000E-01  2.02782500E+00 -1.19711198E+00 -1.20244726E-02  5.78432563E-01  0.00000000E+00  1.28629662E-07  5.75370181E-02
  5.00000000E-01  2.02806000E+00 -1.19712439E+00 -1.20116787E-02  5.78428678E-01  0.00000000E+00  1.16923367E-07  5.75761290E-02
  5.00000000E-01  2.02829500E+00 -1.19713617E+00 -1.19982457E-02  5.78423895E-01  0.00000000E+00  1.09551939E-07  5.76145704E-02
  5.00000000E-01  2.02853000E+00 -1.19714713E+00 -1.19843955E-02  5.78418574E-01  0.00000000E+00  1.06148572E-07  5.76523576E-02
  5.00000000E-01  2.02876500E+00 -1.19715719E+00 -1.19703558E-02  5.78413081E-01  0.00000000E+00  1.06045571E-07  5.76895410E-02
  5.00000000E-01  2.02900000E+00 -1.19716635E+00 -1.19563369E-02  5.78407754E-01  0.00000000E+00  1.08402311E-07  5.77261969E-02
  5.00000000E-01  2.02923500E+00 -1.19717465E+00 -1.19425146E-02  5.78402875E-01  0.00000000E+00  1.12310994E-07  5.77624189E-02
  5.00000000E-01  2.02947000E+00 -1.19718220E+00 -1.19290189E-02  5.78398653E-01  0.00000000E+00  1.16881708E-07  5.77983108E-02
  5.00000000E-01  2.02970500E+00 -1.19718913E+00 -1.19159285E-02  5.78395213E-01  0.00000000E+00  1.21308345E-07  5.78339792E-02
  5.00000000E-01  2.02994000E+00 -1.19719562E+00 -1.19032690E-02  5.78392596E-01  0.00000000E+00  1.24916918E-07  5.78695288E-02
  5.00000000E-01  2.03017500E+00 -1.19720181E+00 -1.18910159E-02  5.78390763E-01  0.00000000E+00  1.27197844E-07  5.79050566E-02
  5.00000000E-01  2.03041000E+00 -1.19720789E+00 -1.18791005E-02  5.78389601E-01  0.00000000E+00  1.27823760E-07  5.79406486E-02
  5.00000000E-01  2.03064500E+00 -1.19721400E+00 -1.18674182E-02  5.78388939E-01  0.00000000E+00  1.26654454E-07  5.79763761E-02
  5.00000000E-01  2.03088000E+00 -1.19722029E+00 -1.18558389E-02  5.78388566E-01  0.00000000E+00  1.23730483E-07  5.80122937E-02
  5.00000000E-01  2.03111500E+00 -1.19722687E+00 -1.18442193E-02  5.78388244E-01  0.00000000E+00  1.19257075E-07  5.80484378E-02
  5.00000000E-01  2.03135000E+00 -1.19723383E+00 -1.18324152E-02  5.78387735E-01  0.00000000E+00  1.13579866E-07  5.80848253E-02
  5.00000000E-01  2.03158500E+00 -1.19724124E+00 -1.18202941E-02  5.78386816E-01  0.00000000E+00  1.07154072E-07  5.81214540E-02
  5.00000000E-01  2.03182000E+00 -1.19724912E+00 -1.18077470E-02  5.78385299E-01  0.00000000E+00  1.00508648E-07  5.81583033E-02
  5.00000000E-01  2.03205500E+00 -1.19725747E+00 -1.17946996E-02  5.78383051E-01  0.00000000E+00  9.42070045E-08  5.81953349E-02
  5.00000000E-01  2.03229000E+00 -1.19726624E+00 -1.17811210E-02  5.78380004E-01  0.00000000E+00  8.88058306E-08  5.82324959E-02
  5.00000000E-01  2.03252500E+00 -1.19727536E+00 -1.17670296E-02  5.78376170E-01  0.00000000E+00  8.48135977E-08  5.82697203E-02
  5.00000000E-01  2.03276000E+00 -1.19728473E+00 -1.17524973E-02  5.78371646E-01  0.00000000E+00  8.26502836E-08  5.83069336E-02
  5.00000000E-01  2.03299500E+00 -1.19729424E+00 -1.17376478E-02  5.78366610E-01  0.00000000E+00  8.26098827E-08  5.83440555E-02
  5.00000000E-01  2.03323000E+00 -1.19730375E+00 -1.17226524E-02  5.78361322E-01  0.00000000E+00  8.48272591E-08  5.83810057E-02
  5.00000000E-01  2.03346500E+00 -1.19731311E+00 -1.17077194E-02  5.78356102E-01  0.00000000E+00  8.92509074E-08  5.84177080E-02
  5.00000000E-01  2.03370000E+00 -1.19732217E+00 -1.16930782E-02  5.78351310E-01  0.00000000E+00  9.56231903E-08  5.84540967E-02
  5.00000000E-01  2.03393500E+00 -1.19733081E+00 -1.16789575E-02  5.78347312E-01  0.00000000E+00  1.03469628E-07  5.84901226E-02
  5.00000000E-01  2.03417000E+00 -1.19733891E+00 -1.16655550E-02  5.78344437E-01  0.00000000E+00  1.12098815E-07  5.85257598E-02
  5.00000000E-01  2.03440500E+00 -1.19734639E+00 -1.16530015E-02  5.78342921E-01  0.00000000E+00  1.20614551E-07  5.85610130E-02
  5.00000000E-01  2.03464000E+00 -1.19735324E+00 -1.16413145E-02  5.78342835E-01  0.00000000E+00  1.27941762E-07  5.85959254E-02
  5.00000000E-01  2.03487500E+00 -1.19735950E+00 -1.16303444E-02  5.78344006E-01  0.00000000E+00  1.32867792E-07  5.86305866E-02
  5.00000000E-01  2.03511000E+00 -1.19736529E+00 -1.16197105E-02  5.78345919E-01  0.00000000E+00  1.34100640E-07  5.86651416E-02
  5.00000000E-01  2.03534500E+00 -1.19737086E+00 -1.16087266E-02  5.78347602E-01  0.00000000E+00  1.30345700E-07  5.86997998E-02
  5.00000000E-01  2.03558000E+00 -1.19737657E+00 -1.15963158E-02  5.78347497E-01  0.00000000E+00  1.20402557E-07  5.87348444E-02
  5.00000000E-01  2.03581500E+00 -1.19738293E+00 -1.15809141E-02  5.78343311E-01  0.00000000E+00  1.03283378E-07  5.87706423E-02
  5.00000000E-01  2.03605000E+00 -1.19739062E+00 -1.15603616E-02  5.78331851E-01  0.00000000E+00  7.83544232E-08  5.88076541E-02
  5.00000000E-01  2.03628500E+00 -1.19740052E+00 -1.15317810E-02  5.78308836E-01  0.00000000E+00  4.55021929E-08  5.88464450E-02
  5.00000000E-01  2.03652000E+00 -1.19740296E+00 -1.15295879E-02  5.78322708E-01  0.00000000E+00  4.33772137E-08  5.88793805E-02
  5.00000000E-01  2.03675500E+00 -1.19740868E+00 -1.15238655E-02  5.78331723E-01  0.00000000E+00  4.44739302E-08  5.89120886E-02
  5.00000000E-01  2.03699000E+00 -1.19741771E+00 -1.15122315E-02  5.78332528E-01  0.00000000E+00  4.41893985E-08  5.89455083E-02
  5.00000000E-01  2.03722500E+00 -1.19742863E+00 -1.14971204E-02  5.78328541E-01  0.00000000E+00  4.31446821E-08  5.89794792E-02
  5.00000000E-01  2.03746000E+00 -1.19744036E+00 -1.14803035E-02  5.78322248E-01  0.00000000E+00  4.17761233E-08  5.90138734E-02
  5.00000000E-01  2.03769500E+00 -1.19745210E+00 -1.14630075E-02  5.78315368E-01  0.00000000E+00  4.03711916E-08  5.90485899E-02
  5.00000000E-01  2.03793000E+00 -1.19746329E+00 -1.14460207E-02  5.78309006E-01  0.00000000E+00  3.91003398E-08  5.90835494E-02
  5.00000000E-01  2.03816500E+00 -1.19747358E+00 -1.14297873E-02  5.78303781E-01  0.00000000E+00  3.80449565E-08  5.91186901E-02
  5.00000000E-01  2.03840000E+00 -1.19748278E+00 -1.14144899E-02  5.78299947E-01  0.00000000E+00  3.72215616E-08  5.91539633E-02
  5.00000000E-01  2.03863500E+00 -1.19749084E+00 -1.14001208E-02  5.78297490E-01  0.00000000E+00  3.66024351E-08  5.91893307E-02
  5.00000000E-01  2.03887000E+00 -1.19749782E+00 -1.13865430E-02  5.78296214E-01  0.00000000E+00  3.61328890E-08  5.92247614E-02
  5.00000000E-01  2.03910500E+00 -1.19750384E+00 -1.13735407E-02  5.78295815E-01  0.00000000E+00  3.57454126E-08  5.92602297E-02
  5.00000000E-01  2.03934000E+00 -1.19750910E+00 -1.13608611E-02  5.78295937E-01  0.00000000E+00  3.53709265E-08  5.92957130E-02
  5.00000000E-01  2.03957500E+00 -1.19751382E+00 -1.13482478E-02  5.78296218E-01  0.00000000E+00  3.49473830E-08  5.93311911E-02
  5.00000000E-01  2.03981000E+00 -1.19751824E+00 -1.13354657E-02  5.78296329E-01  0.00000000E+00  3.44259527E-08  5.93666448E-02
  5.00000000E-01  2.04004500E+00 -1.19752260E+00 -1.13223199E-02  5.78295996E-01  0.00000000E+00  3.37750345E-08  5.94020552E-02
  5.00000000E-01  2.04028000E+00 -1.19752714E+00 -1.13086670E-02  5.78295018E-01  0.00000000E+00  3.29823232E-08  5.94374038E-02
  5.00000000E-01  2.04051500E+00 -1.19753204E+00 -1.12944219E-02  5.78293277E-01  0.00000000E+00  3.20551706E-08  5.94726721E-02
  5.00000000E-01  2.04075000E+00 -1.19753748E+00 -1.12795592E-02  5.78290739E-01  0.00000000E+00  3.10194704E-08  5.95078419E-02
  5.00000000E-01  2.04098500E+00 -1.19754359E+00 -1.12641095E-02  5.78287448E-01  0.00000000E+00  2.99172993E-08  5.95428957E-02
  5.00000000E-01  2.04122000E+00 -1.19755045E+00 -1.12481539E-02  5.78283518E-01  0.00000000E+00  2.88035468E-08  5.95778172E-02
  5.00000000E-01  2.04145500E+00 -1.19755810E+00 -1.12318138E-02  5.78279122E-01  0.00000000E+00  2.77417652E-08  5.96125919E-02
  5.00000000E-01  2.04169000E+00 -1.19756652E+00 -1.12152396E-02  5.78274471E-01  0.00000000E+00  2.67994719E-08  5.96472077E-02
  5.00000000E-01  2.04192500E+00 -1.19757565E+00 -1.11985976E-02  5.78269798E-01  0.00000000E+00  2.60431407E-08  5.96816558E-02
  5.00000000E-01  2.04216000E+00 -1.19758540E+00 -1.11820561E-02  5.78265338E-01  0.00000000E+00  2.55331137E-08  5.97159310E-02
  5.00000000E-01  2.04239500E+00 -1.19759561E+00 -1.11657712E-02  5.78261310E-01  0.00000000E+00  2.53186715E-08  5.97500328E-02
  5.00000000E-01  2.04263000E+00 -1.19760612E+00 -1.11498735E-02  5.78257895E-01  0.00000000E+00  2.54334962E-08  5.97839657E-02
  5.00000000E-01  2.04286500E+00 -1.19761673E+00 -1.11344564E-02  5.78255220E-01  0.00000000E+00  2.58917637E-08  5.98177395E-02
  5.00000000E-01  2.04310000E+00 -1.19762721E+00 -1.11195653E-02  5.78253346E-01  0.00000000E+00  2.66850985E-08  5.98513694E-02
  5.00000000E-01  2.04333500E+00 -1.19763735E+00 -1.11051906E-02  5.78252255E-01  0.00000000E+00  2.77806274E-08  5.98848765E-02
  5.00000000E-01  2.04357000E+00 -1.19764694E+00 -1.10912639E-02  5.78251847E-01  0.00000000E+00  2.91203622E-08  5.99182868E-02
  5.00000000E-01  2.04380500E+00 -1.19765577E+00 -1.10776579E-02  5.78251939E-01  0.00000000E+00  3.06221464E-08  5.99516311E-02
  5.00000000E-01  2.04404000E+00 -1.19766371E+00 -1.10641910E-02  5.78252270E-01  0.00000000E+00  3.21823936E-08  5.99849441E-02
  5.00000000E-01  2.04427500E+00 -1.19767062E+00 -1.10506385E-02  5.78252521E-01  0.00000000E+00  3.36808513E-08  6.00182627E-02
  5.00000000E-01  2.04451000E+00 -1.19767648E+00 -1.10367485E-02  5.78252337E-01  0.00000000E+00  3.49876184E-08  6.00516246E-02
  5.00000000E-01  2.04474500E+00 -1.19768132E+00 -1.10222656E-02  5.78251357E-01  0.00000000E+00  3.59726504E-08  6.00850660E-02
  5.00000000E-01  2.04498000E+00 -1.19768528E+00 -1.10069618E-02  5.78249262E-01  0.00000000E+00  3.65179848E-08  6.01186188E-02
  5.00000000E-01  2.04521500E+00 -1.19768864E+00 -1.09906759E-02  5.78245831E-01  0.00000000E+00  3.65329242E-08  6.01523077E-02
  5.00000000E-01  2.04545000E+00 -1.19769178E+00 -1.09733616E-02  5.78241007E-01  0.00000000E+00  3.59724144E-08  6.01861460E-02
  5.00000000E-01  2.04568500E+00 -1.19769527E+00 -1.09551455E-02  5.78234982E-01  0.00000000E+00  3.48588617E-08  6.02201312E-02
  5.00000000E-01  2.04592000E+00 -1.19769984E+00 -1.09363956E-02  5.78228292E-01  0.00000000E+00  3.33076300E-08  6.02542403E-02
  5.00000000E-01  2.04615500E+00 -1.19770645E+00 -1.09178003E-02  5.78221932E-01  0.00000000E+00  3.15564598E-08  6.02884235E-02
  5.00000000E-01  2.04639000E+00 -1.19771624E+00 -1.09004603E-02  5.78217483E-01  0.00000000E+00  2.99990435E-08  6.03225975E-02
  5.00000000E-01  2.04662500E+00 -1.19773063E+00 -1.08859921E-02  5.78217262E-01  0.00000000E+00  2.92229785E-08  6.03566389E-02
  5.00000000E-01  2.04686000E+00 -1.19775128E+00 -1.08766446E-02  5.78224487E-01  0.00000000E+00  3.00522944E-08  6.03903752E-02
  5.00000000E-01  2.04709500E+00 -1.19778015E+00 -1.08754303E-02  5.78243460E-01  0.00000000E+00  3.35947132E-08  6.04235762E-02
  5.00000000E-01  2.04733000E+00 -1.19778444E+00 -1.08463654E-02  5.78221356E-01  0.00000000E+00  1.54429170E-08  6.04537298E-02
  5.00000000E-01  2.04756500E+00 -1.19778611E+00 -1.08234822E-02  5.78208696E-01  0.00000000E+00  5.34700446E-09  6.04847220E-02
  5.00000000E-01  2.04780000E+00 -1.19778732E+00 -1.08056538E-02  5.78203732E-01  0.00000000E+00  1.45910483E-09  6.05163908E-02
  5.00000000E-01  2.04803500E+00 -1.19778872E+00 -1.07907204E-02  5.78203205E-01  0.00000000E+00  1.35391997E-09  6.05484995E-02
  5.00000000E-01  2.04827000E+00 -1.19779076E+00 -1.07771236E-02  5.78204757E-01  0.00000000E+00  3.24648055E-09  6.05808733E-02
  5.00000000E-01  2.04850500E+00 -1.19779374E+00 -1.07637956E-02  5.78206768E-01  0.00000000E+00  5.87890343E-09  6.06133879E-02
  5.00000000E-01  2.04874000E+00 -1.19779784E+00 -1.07500611E-02  5.78208206E-01  0.00000000E+00  8.41946340E-09  6.06459591E-02
  5.00000000E-01  2.04897500E+00 -1.19780313E+00 -1.07355511E-02  5.78208503E-01  0.00000000E+00  1.03733515E-08  6.06785342E-02
  5.00000000E-01  2.04921000E+00 -1.19780956E+00 -1.07201275E-02  5.78207437E-01  0.00000000E+00  1.15044980E-08  6.07110844E-02
  5.00000000E-01  2.04944500E+00 -1.19781706E+00 -1.07038182E-02  5.78205043E-01  0.00000000E+00  1.17678376E-08  6.07435976E-02
  5.00000000E-01  2.04968000E+00 -1.19782549E+00 -1.06867623E-02  5.78201523E-01  0.00000000E+00  1.12513927E-08  6.07760735E-02
  5.00000000E-01  2.04991500E+00 -1.19783466E+00 -1.06691642E-02  5.78197182E-01  0.00000000E+00  1.01275450E-08  6.08085184E-02
  5.00000000E-01  2.05015000E+00 -1.19784438E+00 -1.06512562E-02  5.78192370E-01  0.00000000E+00  8.61286056E-09  6.08409419E-02
  5.00000000E-01  2.05038500E+00 -1.19785445E+00 -1.06332688E-02  5.78187440E-01  0.00000000E+00  6.93582999E-09  6.08733535E-02
  5.00000000E-01  2.05062000E+00 -1.19786466E+00 -1.06154088E-02  5.78182708E-01  0.00000000E+00  5.31188203E-09  6.09057611E-02
  5.00000000E-01  2.05085500E+00 -1.19787482E+00 -1.05978432E-02  5.78178437E-01  0.00000000E+00  3.92502645E-09  6.09381688E-02
  5.00000000E-01  2.05109000E+00 -1.19788476E+00 -1.05806894E-02  5.78174814E-01  0.00000000E+00  2.91548206E-09  6.09705763E-02
  5.00000000E-01  2.05132500E+00 -1.19789434E+00 -1.05640104E-02  5.78171947E-01  0.00000000E+00  2.37264574E-09  6.10029788E-02
  5.00000000E-01  2.05156000E+00 -1.19790343E+00 -1.05478145E-02  5.78169863E-01  0.00000000E+00  2.33275969E-09  6.10353667E-02
  5.00000000E-01  2.05179500E+00 -1.19791197E+00 -1.05320590E-02  5.78168510E-01  0.00000000E+00  2.78063560E-09  6.10677263E-02
  5.00000000E-01  2.05203000E+00 -1.19791989E+00 -1.05166571E-02  5.78167769E-01  0.00000000E+00  3.65479642E-09  6.11000407E-02
  5.00000000E-01  2.05226500E+00 -1.19792720E+00 -1.05014872E-02  5.78167469E-01  0.00000000E+00  4.85539780E-09  6.11322908E-02
  5.00000000E-01  2.05250000E+00 -1.19793392E+00 -1.04864043E-02  5.78167399E-01  0.00000000E+00  6.25429243E-09  6.11644565E-02
  5.00000000E-01  2.05273500E+00 -1.19794010E+00 -1.04712524E-02  5.78167331E-01  0.00000000E+00  7.70660135E-09  6.11965181E-02
  5.00000000E-01  2.05297000E+00 -1.19794585E+00 -1.04558778E-02  5.78167034E-01  0.00000000E+00  9.06315601E-09  6.12284581E-02
  5.00000000E-01  2.05320500E+00 -1.19795128E+00 -1.04401417E-02  5.78166297E-01  0.00000000E+00  1.01831742E-08  6.12602618E-02
  5.00000000E-01  2.05344000E+00 -1.19795653E+00 -1.04239331E-02  5.78164948E-01  0.00000000E+00  1.09465320E-08  6.12919196E-02
  5.00000000E-01  2.05367500E+00 -1.19796177E+00 -1.04071794E-02  5.78162866E-01  0.00000000E+00  1.12649920E-08  6.13234272E-02
  5.00000000E-01  2.05391000E+00 -1.19796716E+00 -1.03898550E-02  5.78160000E-01  0.00000000E+00  1.10917464E-08  6.13547872E-02
  5.00000000E-01  2.05414500E+00 -1.19797288E+00 -1.03719880E-02  5.78156373E-01  0.00000000E+00  1.04286334E-08  6.13860093E-02
  5.00000000E-01  2.05438000E+00 -1.19797907E+00 -1.03536624E-02  5.78152092E-01  0.00000000E+00  9.33038192E-09  6.14171104E-02
  5.00000000E-01  2.05461500E+00 -1.19798590E+00 -1.03350172E-02  5.78147345E-01  0.00000000E+00  7.90524239E-09  6.14481150E-02
  5.00000000E-01  2.05485000E+00 -1.19799348E+00 -1.03162400E-02  5.78142389E-01  0.00000000E+00  6.31136073E-09  6.14790537E-02
  5.00000000E-01  2.05508500E+00 -1.19800188E+00 -1.02975562E-02  5.78137544E-01  0.00000000E+00  4.74825495E-09  6.15099620E-02
  5.00000000E-01  2.05532000E+00 -1.19801114E+00 -1.02792111E-02  5.78133160E-01  0.00000000E+00  3.44275720E-09  6.15408786E-02
  5.00000000E-01  2.05555500E+00 -1.19802122E+00 -1.02614457E-02  5.78129588E-01  0.00000000E+00  2.62878770E-09  6.15718424E-02
  5.00000000E-01  2.05579000E+00 -1.19803200E+00 -1.02444660E-02  5.78127133E-01  0.00000000E+00  2.52033024E-09  6.16028888E-02
  5.00000000E-01  2.05602500E+00 -1.19804330E+00 -1.02284030E-02  5.78126000E-01  0.00000000E+00  3.27698182E-09  6.16340455E-02
  5.00000000E-01  2.05626000E+00 -1.19805479E+00 -1.02132648E-02  5.78126224E-01  0.00000000E+00  4.96144807E-09  6.16653271E-02
  5.00000000E-01  2.05649500E+00 -1.19806605E+00 -1.01988797E-02  5.78127592E-01  0.00000000E+00  7.48835102E-09  6.16967284E-02
  5.00000000E-01  2.05673000E+00 -1.19807653E+00 -1.01848284E-02  5.78129540E-01  0.00000000E+00  1.05637017E-08  6.17282175E-02
  5.00000000E-01  2.05696500E+00 -1.19808550E+00 -1.01703665E-02  5.78131046E-01  0.00000000E+00  1.36143656E-08  6.17597265E-02
  5.00000000E-01  2.05720000E+00 -1.19809209E+00 -1.01543354E-02  5.78130501E-01  0.00000000E+00  1.57068064E-08  6.17911422E-02
  5.00000000E-01  2.05743500E+00 -1.19809524E+00 -1.01350603E-02  5.78125562E-01  0.00000000E+00  1.54543303E-08  6.18222943E-02
  5.00000000E-01  2.05767000E+00 -1.19809368E+00 -1.01102358E-02  5.78112989E-01  0.00000000E+00  1.09119597E-08  6.18529435E-02
  5.00000000E-01  2.05790500E+00 -1.19808647E+00 -1.00786388E-02  5.78090996E-01  0.00000000E+00  1.44625837E-10  6.18828133E-02
  5.00000000E-01  2.05814000E+00 -1.19809063E+00 -1.00763927E-02  5.78109369E-01  0.00000000E+00  4.52204971E-10  6.19133482E-02
  5.00000000E-01  2.05837500E+00 -1.19809934E+00 -1.00659417E-02  5.78116336E-01  0.00000000E+00  1.22954719E-09  6.19440834E-02
  5.00000000E-01  2.05861000E+00 -1.19811091E+00 -1.00502642E-02  5.78116064E-01  0.00000000E+00  2.17005809E-09  6.19748718E-02
  5.00000000E-01  2.05884500E+00 -1.19812400E+00 -1.00315870E-02  5.78111668E-01  0.00000000E+00  3.06583972E-09  6.20056077E-02
  5.00000000E-01  2.05908000E+00 -1.19813758E+00 -1.00115156E-02  5.78105391E-01  0.00000000E+00  3.78827358E-09  6.20362204E-02
  5.00000000E-01  2.05931500E+00 -1.19815091E+00 -9.99114868E-03  5.78098768E-01  0.00000000E+00  4.27092722E-09  6.20666678E-02
  5.00000000E-01  2.05955000E+00 -1.19816346E+00 -9.97117954E-03  5.78092768E-01  0.00000000E+00  4.49461570E-09  6.20969313E-02
  5.00000000E-01  2.05978500E+00 -1.19817492E+00 -9.95198567E-03  5.78087914E-01  0.00000000E+00  4.47446876E-09  6.21270107E-02
  5.00000000E-01  2.06002000E+00 -1.19818511E+00 -9.93370613E-03  5.78084397E-01  0.00000000E+00  4.24886840E-09  6.21569199E-02
  5.00000000E-01  2.06025500E+00 -1.19819401E+00 -9.91630846E-03  5.78082169E-01  0.00000000E+00  3.87013044E-09  6.21866827E-02
  5.00000000E-01  2.06049000E+00 -1.19820169E+00 -9.89964538E-03  5.78081018E-01  0.00000000E+00  3.39680944E-09  6.22163298E-02
  5.00000000E-01  2.06072500E+00 -1.19820828E+00 -9.88350208E-03  5.78080639E-01  0.00000000E+00  2.88750923E-09  6.22458957E-02
  5.00000000E-01  2.06096000E+00 -1.19821400E+00 -9.86763487E-03  5.78080686E-01  0.00000000E+00  2.39608274E-09  6.22754157E-02
  5.00000000E-01  2.06119500E+00 -1.19821907E+00 -9.85180164E-03  5.78080817E-01  0.00000000E+00  1.96810503E-09  6.23049242E-02
  5.00000000E-01  2.06143000E+00 -1.19822374E+00 -9.83578508E-03  5.78080722E-01  0.00000000E+00  1.63850313E-09  6.23344527E-02
  5.00000000E-01  2.06166500E+00 -1.19822828E+00 -9.81940901E-03  5.78080150E-01  0.00000000E+00  1.43022523E-09  6.23640284E-02
  5.00000000E-01  2.06190000E+00 -1.19823290E+00 -9.80254879E-03  5.78078924E-01  0.00000000E+00  1.35383140E-09  6.23936728E-02
  5.00000000E-01  2.06213500E+00 -1.19823783E+00 -9.78513632E-03  5.78076943E-01  0.00000000E+00  1.40788703E-09  6.24234018E-02
  5.00000000E-01  2.06237000E+00 -1.19824325E+00 -9.76716030E-03  5.78074191E-01  0.00000000E+00  1.58003971E-09  6.24532240E-02
  5.00000000E-01  2.06260500E+00 -1.19824930E+00 -9.74866252E-03  5.78070721E-01  0.00000000E+00  1.84866012E-09  6.24831416E-02
  5.00000000E-01  2.06284000E+00 -1.19825608E+00 -9.72973085E-03  5.78066657E-01  0.00000000E+00  2.18492730E-09  6.25131496E-02
  5.00000000E-01  2.06307500E+00 -1.19826365E+00 -9.71048954E-03  5.78062171E-01  0.00000000E+00  2.55523887E-09  6.25432369E-02
  5.00000000E-01  2.06331000E+00 -1.19827202E+00 -9.69108756E-03  5.78057470E-01  0.00000000E+00  2.92382697E-09  6.25733859E-02
  5.00000000E-01  2.06354500E+00 -1.19828115E+00 -9.67168572E-03  5.78052783E-01  0.00000000E+00  3.25546110E-09  6.26035741E-02
  5.00000000E-01  2.06378000E+00 -1.19829096E+00 -9.65244312E-03  5.78048331E-01  0.00000000E+00  3.51811935E-09  6.26337743E-02
  5.00000000E-01  2.06401500E+00 -1.19830132E+00 -9.63350375E-03  5.78044321E-01  0.00000000E+00  3.68550969E-09  6.26639558E-02
  5.00000000E-01  2.06425000E+00 -1.19831209E+00 -9.61498376E-03  5.78040916E-01  0.00000000E+00  3.73932344E-09  6.26940858E-02
  5.00000000E-01  2.06448500E+00 -1.19832309E+00 -9.59696030E-03  5.78038230E-01  0.00000000E+00  3.67110288E-09  6.27241302E-02
  5.00000000E-01  2.06472000E+00 -1.19833410E+00 -9.57946230E-03  5.78036306E-01  0.00000000E+00  3.48360511E-09  6.27540553E-02
  5.00000000E-01  2.06495500E+00 -1.19834494E+00 -9.56246419E-03  5.78035113E-01  0.00000000E+00  3.19154390E-09  6.27838289E-02
  5.00000000E-01  2.06519000E+00 -1.19835538E+00 -9.54588300E-03  5.78034541E-01  0.00000000E+00  2.82159110E-09  6.28134219E-02
  5.00000000E-01  2.06542500E+00 -1.19836524E+00 -9.52957961E-03  5.78034397E-01  0.00000000E+00  2.41151897E-09  6.28428099E-02
  5.00000000E-01  2.06566000E+00 -1.19837434E+00 -9.51336488E-03  5.78034423E-01  0.00000000E+00  2.00836394E-09  6.28719744E-02
  5.00000000E-01  2.06589500E+00 -1.19838256E+00 -9.49701119E-03  5.78034301E-01  0.00000000E+00  1.66549268E-09  6.29009042E-02
  5.00000000E-01  2.06613000E+00 -1.19838982E+00 -9.48027031E-03  5.78033687E-01  0.00000000E+00  1.43845047E-09  6.29295971E-02
  5.00000000E-01  2.06636500E+00 -1.19839611E+00 -9.46289801E-03  5.78032237E-01  0.00000000E+00  1.37947236E-09  6.29580611E-02
  5.00000000E-01  2.06660000E+00 -1.19840151E+00 -9.44468634E-03  5.78029658E-01  0.00000000E+00  1.53053746E-09  6.29863153E-02
  5.00000000E-01  2.06683500E+00 -1.19840619E+00 -9.42550408E-03  5.78025759E-01  0.00000000E+00  1.91484733E-09  6.30143917E-02
  5.00000000E-01  2.06707000E+00 -1.19841045E+00 -9.40534615E-03  5.78020524E-01  0.00000000E+00  2.52661008E-09  6.30423358E-02
  5.00000000E-01  2.06730500E+00 -1.19841471E+00 -9.38439264E-03  5.78014191E-01  0.00000000E+00  3.31901272E-09  6.30702075E-02
  5.00000000E-01  2.06754000E+00 -1.19841955E+00 -9.36307807E-03  5.78007346E-01  0.00000000E+00  4.19026532E-09  6.30980818E-02
  5.00000000E-01  2.06777500E+00 -1.19842571E+00 -9.34217159E-03  5.78001040E-01  0.00000000E+00  4.96760139E-09  6.31260495E-02
  5.00000000E-01  2.06801000E+00 -1.19843413E+00 -9.32286881E-03  5.77996912E-01  0.00000000E+00  5.38911962E-09  6.31542173E-02
  5.00000000E-01  2.06824500E+00 -1.19844595E+00 -9.30689581E-03  5.77997335E-01  0.00000000E+00  5.08335170E-09  6.31827077E-02
  5.00000000E-01  2.06848000E+00 -1.19846251E+00 -9.29662620E-03  5.78005577E-01  0.00000000E+00  3.54643989E-09  6.32116593E-02
  5.00000000E-01  2.06871500E+00 -1.19848448E+00 -9.28979934E-03  5.78018485E-01  0.00000000E+00  7.47584521E-10  6.32412143E-02
  5.00000000E-01  2.06895000E+00 -1.19849964E+00 -9.25778832E-03  5.77996610E-01  0.00000000E+00  9.17702391E-10  6.32707840E-02
  5.00000000E-01  2.06918500E+00 -1.19850951E+00 -9.23338723E-03  5.77985521E-01  0.00000000E+00  8.86842129E-10  6.32999815E-02
  5.00000000E-01  2.06942000E+00 -1.19851586E+00 -9.21377825E-03  5.77981234E-01  0.00000000E+00  7.50331051E-10  6.33288378E-02
  5.00000000E-01  2.06965500E+00 -1.19852011E+00 -9.19685796E-03  5.77980769E-01  0.00000000E+00  5.76136749E-10  6.33573888E-02
  5.00000000E-01  2.06989000E+00 -1.19852339E+00 -9.18111652E-03  5.77981985E-01  0.00000000E+00  4.09839543E-10  6.33856730E-02
  5.00000000E-01  2.07012500E+00 -1.19852653E+00 -9.16552852E-03  5.77983425E-01  0.00000000E+00  2.79097814E-10  6.34137298E-02
  5.00000000E-01  2.07036000E+00 -1.19853015E+00 -9.14945541E-03  5.77984181E-01  0.00000000E+00  1.97609705E-10  6.34415977E-02
  5.00000000E-01  2.07059500E+00 -1.19853465E+00 -9.13255945E-03  5.77983767E-01  0.00000000E+00  1.68584366E-10  6.34693139E-02
  5.00000000E-01  2.07083000E+00 -1.19854028E+00 -9.11472859E-03  5.77982021E-01  0.00000000E+00  1.87742644E-10  6.34969125E-02
  5.00000000E-01  2.07106500E+00 -1.19854714E+00 -9.09601194E-03  5.77979008E-01  0.00000000E+00  2.45871667E-10  6.35244243E-02
  5.00000000E-01  2.07130000E+00 -1.19855522E+00 -9.07656499E-03  5.77974946E-01  0.00000000E+00  3.30960572E-10  6.35518760E-02
  5.00000000E-01  2.07153500E+00 -1.19856441E+00 -9.05660419E-03  5.77970140E-01  0.00000000E+00  4.29946241E-10  6.35792899E-02
  5.00000000E-01  2.07177000E+00 -1.19857457E+00 -9.03637005E-03  5.77964931E-01  0.00000000E+00  5.30098675E-10  6.36066841E-02
  5.00000000E-01  2.07200500E+00 -1.19858547E+00 -9.01609809E-03  5.77959656E-01  0.00000000E+00  6.20075859E-10  6.36340718E-02
  5.00000000E-01  2.07224000E+00 -1.19859689E+00 -8.99599706E-03  5.77954612E-01  0.00000000E+00  6.90677867E-10  6.36614622E-02
  5.00000000E-01  2.07247500E+00 -1.19860859E+00 -8.97623361E-03  5.77950040E-01  0.00000000E+00  7.35329742E-10  6.36888601E-02
  5.00000000E-01  2.07271000E+00 -1.19862032E+00 -8.95692284E-03  5.77946110E-01  0.00000000E+00  7.50322380E-10  6.37162665E-02
  5.00000000E-01  2.07294500E+00 -1.19863188E+00 -8.93812400E-03  5.77942911E-01  0.00000000E+00  7.34840422E-10  6.37436793E-02
  5.00000000E-01  2.07318000E+00 -1.19864305E+00 -8.91984077E-03  5.77940454E-01  0.00000000E+00  6.90805995E-10  6.37710932E-02
  5.00000000E-01  2.07341500E+00 -1.19865368E+00 -8.90202527E-03  5.77938680E-01  0.00000000E+00  6.22567048E-10  6.37985010E-02
  5.00000000E-01  2.07365000E+00 -1.19866364E+00 -8.88458538E-03  5.77937463E-01  0.00000000E+00  5.36459043E-10  6.38258936E-02
  5.00000000E-01  2.07388500E+00 -1.19867287E+00 -8.86739446E-03  5.77936630E-01  0.00000000E+00  4.40268827E-10  6.38532608E-02
  5.00000000E-01  2.07412000E+00 -1.19868132E+00 -8.85030308E-03  5.77935973E-01  0.00000000E+00  3.42629629E-10  6.38805920E-02
  5.00000000E-01  2.07435500E+00 -1.19868902E+00 -8.83315177E-03  5.77935268E-01  0.00000000E+00  2.52376220E-10  6.39078769E-02
  5.00000000E-01  2.07459000E+00 -1.19869602E+00 -8.81578443E-03  5.77934297E-01  0.00000000E+00  1.77889432E-10  6.39351057E-02
  5.00000000E-01  2.07482500E+00 -1.19870244E+00 -8.79806151E-03  5.77932861E-01  0.00000000E+00  1.26459275E-10  6.39622704E-02
  5.00000000E-01  2.07506000E+00 -1.19870841E+00 -8.77987240E-03  5.77930801E-01  0.00000000E+00  1.03695947E-10  6.39893642E-02
  5.00000000E-01  2.07529500E+00 -1.19871411E+00 -8.76114629E-03  5.77928012E-01  0.00000000E+00  1.13017986E-10  6.40163829E-02
  5.00000000E-01  2.07553000E+00 -1.19871976E+00 -8.74186096E-03  5.77924455E-01  0.00000000E+00  1.55246796E-10  6.40433248E-02
  5.00000000E-01  2.07576500E+00 -1.19872556E+00 -8.72204856E-03  5.77920170E-01  0.00000000E+00  2.28336595E-10  6.40701907E-02
  5.00000000E-01  2.07600000E+00 -1.19873174E+00 -8.70179809E-03  5.77915271E-01  0.00000000E+00  3.27268763E-10  6.40969845E-02
  5.00000000E-01  2.07623500E+00 -1.19873851E+00 -8.68125353E-03  5.77909953E-01  0.00000000E+00  4.44139407E-10  6.41237125E-02
  5.00000000E-01  2.07647000E+00 -1.19874608E+00 -8.66060731E-03  5.77904477E-01  0.00000000E+00  5.68468864E-10  6.41503838E-02
  5.00000000E-01  2.07670500E+00 -1.19875461E+00 -8.64008813E-03  5.77899159E-01  0.00000000E+00  6.87761821E-10  6.41770095E-02
  5.00000000E-01  2.07694000E+00 -1.19876420E+00 -8.61994278E-03  5.77894337E-01  0.00000000E+00  7.88346782E-10  6.42036021E-02
  5.00000000E-01  2.07717500E+00 -1.19877490E+00 -8.60041104E-03  5.77890348E-01  0.00000000E+00  8.56523712E-10  6.42301749E-02
  5.00000000E-01  2.07741000E+00 -1.19878666E+00 -8.58169314E-03  5.77887472E-01  0.00000000E+00  8.80048960E-10  6.42567410E-02
  5.00000000E-01  2.07764500E+00 -1.19879932E+00 -8.56390907E-03  5.77885884E-01  0.00000000E+00  8.49986838E-10  6.42833119E-02
  5.00000000E-01  2.07788000E+00 -1.19881262E+00 -8.54704906E-03  5.77885583E-01  0.00000000E+00  7.62957574E-10  6.43098958E-02
  5.00000000E-01  2.07811500E+00 -1.19882611E+00 -8.53091446E-03  5.77886308E-01  0.00000000E+00  6.23811623E-10  6.43364962E-02
  5.00000000E-01  2.07835000E+00 -1.19883920E+00 -8.51504851E-03  5.77887447E-01  0.00000000E+00  4.48760422E-10  6.43631096E-02
  5.00000000E-01  2.07858500E+00 -1.19885107E+00 -8.49865613E-03  5.77887924E-01  0.00000000E+00  2.68993384E-10  6.43897231E-02
  5.00000000E-01  2.07882000E+00 -1.19886072E+00 -8.48051220E-03  5.77886069E-01  0.00000000E+00  1.34810002E-10  6.44163117E-02
  5.00000000E-01  2.07905500E+00 -1.19886686E+00 -8.45885763E-03  5.77879481E-01  0.00000000E+00  1.20294117E-10  6.44428354E-02
  5.00000000E-01  2.07929000E+00 -1.19886795E+00 -8.43128274E-03  5.77864859E-01  0.00000000E+00  3.28554161E-10  6.44692355E-02
  5.00000000E-01  2.07952500E+00 -1.19886325E+00 -8.40350391E-03  5.77850085E-01  0.00000000E+00  6.92031616E-10  6.44952697E-02
  5.00000000E-01  2.07976000E+00 -1.19886376E+00 -8.39727823E-03  5.77864789E-01  0.00000000E+00  5.10341577E-10  6.45207419E-02
  5.00000000E-01  2.07999500E+00 -1.19886998E+00 -8.38379667E-03  5.77869240E-01  0.00000000E+00  3.54644666E-10  6.45463820E-02
  5.00000000E-01  2.08023000E+00 -1.19888014E+00 -8.36575335E-03  5.77867273E-01  0.00000000E+00  2.30057389E-10  6.45721572E-02
  5.00000000E-01  2.08046500E+00 -1.19889279E+00 -8.34515466E-03  5.77861744E-01  0.00000000E+00  1.38131551E-10  6.45980388E-02
  5.00000000E-01  2.08070000E+00 -1.19890678E+00 -8.32343779E-03  5.77854692E-01  0.00000000E+00  7.77215629E-11  6.46240015E-02
  5.00000000E-01  2.08093500E+00 -1.19892124E+00 -8.30157651E-03  5.77847499E-01  0.00000000E+00  4.57411436E-11  6.46500228E-02
  5.00000000E-01  2.08117000E+00 -1.19893550E+00 -8.28017512E-03  5.77841017E-01  0.00000000E+00  3.78155120E-11  6.46760821E-02
  5.00000000E-01  2.08140500E+00 -1.19894911E+00 -8.25955091E-03  5.77835689E-01  0.00000000E+00  4.88351658E-11  6.47021608E-02
  5.00000000E-01  2.08164000E+00 -1.19896177E+00 -8.23980606E-03  5.77831654E-01  0.00000000E+00  7.34173748E-11  6.47282414E-02
  5.00000000E-01  2.08187500E+00 -1.19897334E+00 -8.22088935E-03  5.77828830E-01  0.00000000E+00  1.06281565E-10  6.47543075E-02
  5.00000000E-01  2.08211000E+00 -1.19898377E+00 -8.20264848E-03  5.77826993E-01  0.00000000E+00  1.42544826E-10  6.47803438E-02
  5.00000000E-01  2.08234500E+00 -1.19899314E+00 -8.18487349E-03  5.77825837E-01  0.00000000E+00  1.77943824E-10  6.48063357E-02
  5.00000000E-01  2.08258000E+00 -1.19900155E+00 -8.16733204E-03  5.77825025E-01  0.00000000E+00  2.08989446E-10  6.48322695E-02
  5.00000000E-01  2.08281500E+00 -1.19900920E+00 -8.14979717E-03  5.77824229E-01  0.00000000E+00  2.33060500E-10  6.48581326E-02
  5.00000000E-01  2.08305000E+00 -1.19901628E+00 -8.13206811E-03  5.77823159E-01  0.00000000E+00  2.48442859E-10  6.48839134E-02
  5.00000000E-01  2.08328500E+00 -1.19902304E+00 -8.11398483E-03  5.77821584E-01  0.00000000E+00  2.54320359E-10  6.49096013E-02
  5.00000000E-01  2.08352000E+00 -1.19902968E+00 -8.09543704E-03  5.77819344E-01  0.00000000E+00  2.50723823E-10  6.49351872E-02
  5.00000000E-01  2.08375500E+00 -1.19903644E+00 -8.07636818E-03  5.77816358E-01  0.00000000E+00  2.38444507E-10  6.49606635E-02
  5.00000000E-01  2.08399000E+00 -1.19904351E+00 -8.05677509E-03  5.77812621E-01  0.00000000E+00  2.18918275E-10  6.49860245E-02
  5.00000000E-01  2.08422500E+00 -1.19905107E+00 -8.03670403E-03  5.77808199E-01  0.00000000E+00  1.94086775E-10  6.50112661E-02
  5.00000000E-01  2.08446000E+00 -1.19905924E+00 -8.01624365E-03  5.77803219E-01  0.00000000E+00  1.66241879E-10  6.50363865E-02
  5.00000000E-01  2.08469500E+00 -1.19906812E+00 -7.99551556E-03  5.77797856E-01  0.00000000E+00  1.37859621E-10  6.50613860E-02
  5.00000000E-01  2.08493000E+00 -1.19907776E+00 -7.97466313E-03  5.77792316E-01  0.00000000E+00  1.11429897E-10  6.50862672E-02
  5.00000000E-01  2.08516500E+00 -1.19908817E+00 -7.95383920E-03  5.77786818E-01  0.00000000E+00  8.92881521E-11  6.51110352E-02
  5.00000000E-01  2.08540000E+00 -1.19909930E+00 -7.93319327E-03  5.77781578E-01  0.00000000E+00  7.34553316E-11  6.51356972E-02
  5.00000000E-01  2.08563500E+00 -1.19911108E+00 -7.91285889E-03  5.77776787E-01  0.00000000E+00  6.54923625E-11  6.51602629E-02
  5.00000000E-01  2.08587000E+00 -1.19912337E+00 -7.89294178E-03  5.77772597E-01  0.00000000E+00  6.63754628E-11  6.51847440E-02
  5.00000000E-01  2.08610500E+00 -1.19913602E+00 -7.87350947E-03  5.77769107E-01  0.00000000E+00  7.63985972E-11  6.52091541E-02
  5.00000000E-01  2.08634000E+00 -1.19914883E+00 -7.85458294E-03  5.77766348E-01  0.00000000E+00  9.51094112E-11  6.52335084E-02
  5.00000000E-01  2.08657500E+00 -1.19916161E+00 -7.83613105E-03  5.77764274E-01  0.00000000E+00  1.21284987E-10  6.52578228E-02
  5.00000000E-01  2.08681000E+00 -1.19917412E+00 -7.81806834E-03  5.77762765E-01  0.00000000E+00  1.52953770E-10  6.52821139E-02
  5.00000000E-01  2.08704500E+00 -1.19918616E+00 -7.80025675E-03  5.77761623E-01  0.00000000E+00  1.87469983E-10  6.53063980E-02
  5.00000000E-01  2.08728000E+00 -1.19919751E+00 -7.78251216E-03  5.77760585E-01  0.00000000E+00  2.21646863E-10  6.53306903E-02
  5.00000000E-01  2.08751500E+00 -1.19920800E+00 -7.76461610E-03  5.77759338E-01  0.00000000E+00  2.51954953E-10  6.53550035E-02
  5.00000000E-01  2.08775000E+00 -1.19921751E+00 -7.74633345E-03  5.77757545E-01  0.00000000E+00  2.74791704E-10  6.53793471E-02
  5.00000000E-01  2.08798500E+00 -1.19922596E+00 -7.72743674E-03  5.77754879E-01  0.00000000E+00  2.86828540E-10  6.54037260E-02
  5.00000000E-01  2.08822000E+00 -1.19923337E+00 -7.70773758E-03  5.77751070E-01  0.00000000E+00  2.85441546E-10  6.54281383E-02
  5.00000000E-01  2.08845500E+00 -1.19923985E+00 -7.68712599E-03  5.77745957E-01  0.00000000E+00  2.69231891E-10  6.54525744E-02
  5.00000000E-01  2.08869000E+00 -1.19924564E+00 -7.66561816E-03  5.77739564E-01  0.00000000E+00  2.38642174E-10  6.54770144E-02
  5.00000000E-01  2.08892500E+00 -1.19925113E+00 -7.64341334E-03  5.77732170E-01  0.00000000E+00  1.96674985E-10  6.55014263E-02
  5.00000000E-01  2.08916000E+00 -1.19925687E+00 -7.62096046E-03  5.77724417E-01  0.00000000E+00  1.49720216E-10  6.55257633E-02
  5.00000000E-01  2.08939500E+00 -1.19926363E+00 -7.59903521E-03  5.77717410E-01  0.00000000E+00  1.08498090E-10  6.55499612E-02
  5.00000000E-01  2.08963000E+00 -1.19927238E+00 -7.57882831E-03  5.77712848E-01  0.00000000E+00  8.91254660E-11  6.55739356E-02
  5.00000000E-01  2.08986500E+00 -1.19928437E+00 -7.56204581E-03  5.77713170E-01  0.00000000E+00  1.14313986E-10  6.55975786E-02
  5.00000000E-01  2.09010000E+00 -1.19930110E+00 -7.55102227E-03  5.77721709E-01  0.00000000E+00  2.14709888E-10  6.56207551E-02
  5.00000000E-01  2.09033500E+00 -1.19932387E+00 -7.53714506E-03  5.77725908E-01  0.00000000E+00  2.85156860E-10  6.56438739E-02
  5.00000000E-01  2.09057000E+00 -1.19934363E+00 -7.50631995E-03  5.77705659E-01  0.00000000E+00  1.32259971E-10  6.56679197E-02
  5.00000000E-01  2.09080500E+00 -1.19935797E+00 -7.48202845E-03  5.77695132E-01  0.00000000E+00  4.65588733E-11  6.56918229E-02
  5.00000000E-01  2.09104000E+00 -1.19936846E+00 -7.46178740E-03  5.77690625E-01  0.00000000E+00  6.57721555E-12  6.57156246E-02
  5.00000000E-01  2.09127500E+00 -1.19937640E+00 -7.44375773E-03  5.77689395E-01  0.00000000E+00 -4.21103493E-12  6.57393522E-02
  5.00000000E-01  2.09151000E+00 -1.19938285E+00 -7.42663123E-03  5.77689492E-01  0.00000000E+00  1.82081370E-12  6.57630225E-02
  5.00000000E-01  2.09174500E+00 -1.19938866E+00 -7.40953015E-03  5.77689603E-01  0.00000000E+00  1.57393135E-11  6.57866442E-02
  5.00000000E-01  2.09198000E+00 -1.19939448E+00 -7.39191849E-03  5.77688927E-01  0.00000000E+00  3.14164428E-11  6.58102198E-02
  5.00000000E-01  2.09221500E+00 -1.19940077E+00 -7.37352447E-03  5.77687056E-01  0.00000000E+00  4.49681787E-11  6.58337477E-02
  5.00000000E-01  2.09245000E+00 -1.19940788E+00 -7.35427313E-03  5.77683877E-01  0.00000000E+00  5.42612806E-11  6.58572235E-02
  5.00000000E-01  2.09268500E+00 -1.19941600E+00 -7.33422866E-03  5.77679486E-01  0.00000000E+00  5.84839324E-11  6.58806416E-02
  5.00000000E-01  2.09292000E+00 -1.19942522E+00 -7.31354557E-03  5.77674113E-01  0.00000000E+00  5.77761773E-11  6.59039961E-02
  5.00000000E-01  2.09315500E+00 -1.19943554E+00 -7.29242827E-03  5.77668065E-01  0.00000000E+00  5.29162667E-11  6.59272814E-02
  5.00000000E-01  2.09339000E+00 -1.19944689E+00 -7.27109838E-03  5.77661676E-01  0.00000000E+00  4.50591447E-11  6.59504933E-02
  5.00000000E-01  2.09362500E+00 -1.19945913E+00 -7.24976916E-03  5.77655269E-01  0.00000000E+00  3.55233393E-11  6.59736288E-02
  5.00000000E-01  2.09386000E+00 -1.19947210E+00 -7.22862639E-03  5.77649125E-01  0.00000000E+00  2.56225430E-11  6.59966868E-02
  5.00000000E-01  2.09409500E+00 -1.19948560E+00 -7.20781529E-03  5.77643467E-01  0.00000000E+00  1.65381575E-11  6.60196682E-02
  5.00000000E-01  2.09433000E+00 -1.19949941E+00 -7.18743262E-03  5.77638445E-01  0.00000000E+00  9.22905429E-12  6.60425753E-02
  5.00000000E-01  2.09456500E+00 -1.19951333E+00 -7.16752354E-03  5.77634133E-01  0.00000000E+00  4.37478448E-12  6.60654122E-02
  5.00000000E-01  2.09480000E+00 -1.19952716E+00 -7.14808251E-03  5.77630528E-01  0.00000000E+00  2.34844800E-12  6.60881846E-02
  5.00000000E-01  2.09503500E+00 -1.19954071E+00 -7.12905762E-03  5.77627560E-01  0.00000000E+00  3.21541806E-12  6.61108989E-02
  5.00000000E-01  2.09527000E+00 -1.19955383E+00 -7.11035782E-03  5.77625097E-01  0.00000000E+00  6.75410846E-12  6.61335621E-02
  5.00000000E-01  2.09550500E+00 -1.19956640E+00 -7.09186221E-03  5.77622962E-01  0.00000000E+00  1.24949686E-11  6.61561817E-02
  5.00000000E-01  2.09574000E+00 -1.19957834E+00 -7.07343113E-03  5.77620950E-01  0.00000000E+00  1.97738946E-11  6.61787648E-02
  5.00000000E-01  2.09597500E+00 -1.19958960E+00 -7.05491801E-03  5.77618842E-01  0.00000000E+00  2.77962509E-11  6.62013177E-02
  5.00000000E-01  2.09621000E+00 -1.19960019E+00 -7.03618171E-03  5.77616426E-01  0.00000000E+00  3.57077072E-11  6.62238456E-02
  5.00000000E-01  2.09644500E+00 -1.19961017E+00 -7.01709856E-03  5.77613516E-01  0.00000000E+00  4.26681043E-11  6.62463523E-02
  5.00000000E-01  2.09668000E+00 -1.19961961E+00 -6.99757349E-03  5.77609965E-01  0.00000000E+00  4.79245695E-11  6.62688397E-02
  5.00000000E-01  2.09691500E+00 -1.19962867E+00 -6.97754978E-03  5.77605681E-01  0.00000000E+00  5.08801091E-11  6.62913076E-02
  5.00000000E-01  2.09715000E+00 -1.19963750E+00 -6.95701653E-03  5.77600640E-01  0.00000000E+00  5.11539067E-11  6.63137534E-02
  5.00000000E-01  2.09738500E+00 -1.19964630E+00 -6.93601364E-03  5.77594892E-01  0.00000000E+00  4.86295547E-11  6.63361723E-02
  5.00000000E-01  2.09762000E+00 -1.19965529E+00 -6.91463326E-03  5.77588563E-01  0.00000000E+00  4.34874393E-11  6.63585574E-02
  5.00000000E-01  2.09785500E+00 -1.19966470E+00 -6.89301741E-03  5.77581855E-01  0.00000000E+00  3.62174938E-11  6.63808995E-02
  5.00000000E-01  2.09809000E+00 -1.19967475E+00 -6.87135101E-03  5.77575034E-01  0.00000000E+00  2.76085222E-11  6.64031881E-02
  5.00000000E-01  2.09832500E+00 -1.19968563E+00 -6.84984972E-03  5.77568410E-01  0.00000000E+00  1.87102890E-11  6.64254117E-02
  5.00000000E-01  2.09856000E+00 -1.19969754E+00 -6.82874196E-03  5.77562319E-01  0.00000000E+00  1.07645587E-11  6.64475585E-02
  5.00000000E-01  2.09879500E+00 -1.19971057E+00 -6.80824457E-03  5.77557080E-01  0.00000000E+00  5.10126913E-12  6.64696179E-02
  5.00000000E-01  2.09903000E+00 -1.19972478E+00 -6.78853130E-03  5.77552953E-01  0.00000000E+00  2.99602096E-12  6.64915811E-02
  5.00000000E-01  2.09926500E+00 -1.19974010E+00 -6.76969379E-03  5.77550085E-01  0.00000000E+00  5.48507524E-12  6.65134434E-02
  5.00000000E-01  2.09950000E+00 -1.19975637E+00 -6.75169413E-03  5.77548434E-01  0.00000000E+00  1.31340659E-11  6.65352057E-02
  5.00000000E-01  2.09973500E+00 -1.19977325E+00 -6.73430864E-03  5.77547695E-01  0.00000000E+00  2.57566558E-11  6.65568765E-02
  5.00000000E-01  2.09997000E+00 -1.19979024E+00 -6.71706210E-03  5.77547199E-01  0.00000000E+00  4.20793917E-11  6.65784748E-02
  5.00000000E-01  2.10020500E+00 -1.19980661E+00 -6.69915185E-03  5.77545806E-01  0.00000000E+00  5.93490375E-11  6.66000324E-02
  5.00000000E-01  2.10044000E+00 -1.19982138E+00 -6.67936129E-03  5.77541775E-01  0.00000000E+00  7.28786866E-11  6.66215978E-02
  5.00000000E-01  2.10067500E+00 -1.19983331E+00 -6.65596201E-03  5.77532626E-01  0.00000000E+00  7.55289551E-11  6.66432392E-02
  5.00000000E-01  2.10091000E+00 -1.19984080E+00 -6.62660401E-03  5.77514974E-01  0.00000000E+00  5.71205298E-11  6.66650485E-02
  5.00000000E-01  2.10114500E+00 -1.19984124E+00 -6.60322609E-03  5.77505976E-01  0.00000000E+00  2.07752321E-11  6.66868755E-02
  5.00000000E-01  2.10138000E+00 -1.19984335E+00 -6.59359875E-03  5.77516568E-01  0.00000000E+00  6.10068292E-12  6.67082117E-02
  5.00000000E-01  2.10161500E+00 -1.19985111E+00 -6.57766571E-03  5.77517888E-01  0.00000000E+00  4.71761648E-13  6.67293508E-02
  5.00000000E-01  2.10185000E+00 -1.19986296E+00 -6.55784149E-03  5.77513492E-01  0.00000000E+00  3.67550952E-13  6.67503623E-02
  5.00000000E-01  2.10208500E+00 -1.19987757E+00 -6.53591250E-03  5.77506012E-01  0.00000000E+00  3.18522265E-12  6.67713003E-02
  5.00000000E-01  2.10232000E+00 -1.19989390E+00 -6.51314560E-03  5.77497315E-01  0.00000000E+00  7.08207929E-12  6.67922048E-02
  5.00000000E-01  2.10255500E+00 -1.19991108E+00 -6.49038578E-03  5.77488648E-01  0.00000000E+00  1.08331110E-11  6.68131040E-02
  5.00000000E-01  2.10279000E+00 -1.19992846E+00 -6.46814329E-03  5.77480766E-01  0.00000000E+00  1.37040083E-11  6.68340159E-02
  5.00000000E-01  2.10302500E+00 -1.19994557E+00 -6.44667015E-03  5.77474040E-01  0.00000000E+00  1.53392689E-11  6.68549498E-02
  5.00000000E-01  2.10326000E+00 -1.19996205E+00 -6.42602685E-03  5.77468561E-01  0.00000000E+00  1.56648203E-11  6.68759078E-02
  5.00000000E-01  2.10349500E+00 -1.19997771E+00 -6.40613931E-03  5.77464220E-01  0.00000000E+00  1.48044386E-11  6.68968862E-02
  5.00000000E-01  2.10373000E+00 -1.19999245E+00 -6.38684704E-03  5.77460777E-01  0.00000000E+00  1.30091499E-11  6.69178769E-02
  5.00000000E-01  2.10396500E+00 -1.20000625E+00 -6.36794286E-03  5.77457927E-01  0.00000000E+00  1.05987488E-11  6.69388685E-02
  5.00000000E-01  2.10420000E+00 -1.20001917E+00 -6.34920496E-03  5.77455338E-01  0.00000000E+00  7.91454170E-12  6.69598474E-02
  5.00000000E-01  2.10443500E+00 -1.20003133E+00 -6.33042181E-03  5.77452695E-01  0.00000000E+00  5.28241228E-12  6.69807987E-02
  5.00000000E-01  2.10467000E+00 -1.20004289E+00 -6.31141065E-03  5.77449723E-01  0.00000000E+00  2.98530950E-12  6.70017070E-02
  5.00000000E-01  2.10490500E+00 -1.20005402E+00 -6.29203009E-03  5.77446208E-01  0.00000000E+00  1.24426215E-12  6.70225575E-02
  5.00000000E-01  2.10514000E+00 -1.20006492E+00 -6.27218754E-03  5.77442007E-01  0.00000000E+00  2.07033637E-13  6.70433361E-02
  5.00000000E-01  2.10537500E+00 -1.20007579E+00 -6.25184200E-03  5.77437055E-01  0.00000000E+00 -5.64631725E-14  6.70640305E-02
  5.00000000E-01  2.10561000E+00 -1.20008682E+00 -6.23100285E-03  5.77431359E-01  0.00000000E+00  4.47134049E-13  6.70846305E-02
  5.00000000E-01  2.10584500E+00 -1.20009817E+00 -6.20972530E-03  5.77424995E-01  0.00000000E+00  1.64095006E-12  6.71051279E-02
  5.00000000E-01  2.10608000E+00 -1.20010999E+00 -6.18810305E-03  5.77418097E-01  0.00000000E+00  3.38832590E-12  6.71255177E-02
  5.00000000E-01  2.10631500E+00 -1.20012241E+00 -6.16625872E-03  5.77410842E-01  0.00000000E+00  5.50653988E-12  6.71457973E-02
  5.00000000E-01  2.10655000E+00 -1.20013549E+00 -6.14433285E-03  5.77403435E-01  0.00000000E+00  7.78291909E-12  6.71659672E-02
  5.00000000E-01  2.10678500E+00 -1.20014929E+00 -6.12247190E-03  5.77396090E-01  0.00000000E+00  9.99246121E-12  6.71860308E-02
  5.00000000E-01  2.10702000E+00 -1.20016380E+00 -6.10081589E-03  5.77389016E-01  0.00000000E+00  1.19160834E-11  6.72059942E-02
  5.00000000E-01  2.10725500E+00 -1.20017900E+00 -6.07948647E-03  5.77382394E-01  0.00000000E+00  1.33586127E-11  6.72258661E-02
  5.00000000E-01  2.10749000E+00 -1.20019479E+00 -6.05857578E-03  5.77376364E-01  0.00000000E+00  1.41656310E-11  6.72456574E-02
  5.00000000E-01  2.10772500E+00 -1.20021108E+00 -6.03813695E-03  5.77371010E-01  0.00000000E+00  1.42382892E-11  6.72653809E-02
  5.00000000E-01  2.10796000E+00 -1.20022771E+00 -6.01817673E-03  5.77366348E-01  0.00000000E+00  1.35452055E-11  6.72850510E-02
  5.00000000E-01  2.10819500E+00 -1.20024451E+00 -5.99865085E-03  5.77362323E-01  0.00000000E+00  1.21305675E-11  6.73046825E-02
  5.00000000E-01  2.10843000E+00 -1.20026131E+00 -5.97946286E-03  5.77358802E-01  0.00000000E+00  1.01175601E-11  6.73242908E-02
  5.00000000E-01  2.10866500E+00 -1.20027789E+00 -5.96046692E-03  5.77355577E-01  0.00000000E+00  7.70624583E-12  6.73438906E-02
  5.00000000E-01  2.10890000E+00 -1.20029406E+00 -5.94147519E-03  5.77352383E-01  0.00000000E+00  5.16502639E-12  6.73634951E-02
  5.00000000E-01  2.10913500E+00 -1.20030965E+00 -5.92227047E-03  5.77348905E-01  0.00000000E+00  2.81481484E-12  6.73831153E-02
  5.00000000E-01  2.10937000E+00 -1.20032449E+00 -5.90262465E-03  5.77344815E-01  0.00000000E+00  1.00504754E-12  6.74027590E-02
  5.00000000E-01  2.10960500E+00 -1.20033849E+00 -5.88232363E-03  5.77339797E-01  0.00000000E+00  8.06599152E-14  6.74224296E-02
  5.00000000E-01  2.10984000E+00 -1.20035159E+00 -5.86119926E-03  5.77333603E-01  0.00000000E+00  3.39143831E-13  6.74421248E-02
  5.00000000E-01  2.11007500E+00 -1.20036383E+00 -5.83916899E-03  5.77326101E-01  0.00000000E+00  1.97679573E-12  6.74618360E-02
  5.00000000E-01  2.11031000E+00 -1.20037536E+00 -5.81628386E-03  5.77317352E-01  0.00000000E+00  5.02325524E-12  6.74815463E-02
  5.00000000E-01  2.11054500E+00 -1.20038644E+00 -5.79278537E-03  5.77307683E-01  0.00000000E+00  9.26342744E-12  6.75012294E-02
  5.00000000E-01  2.11078000E+00 -1.20039749E+00 -5.76917201E-03  5.77297794E-01  0.00000000E+00  1.41458808E-11  6.75208481E-02
  5.00000000E-01  2.11101500E+00 -1.20040910E+00 -5.74627594E-03  5.77288857E-01  0.00000000E+00  1.86768244E-11  6.75403529E-02
  5.00000000E-01  2.11125000E+00 -1.20042208E+00 -5.72535055E-03  5.77282650E-01  0.00000000E+00  2.12987986E-11  6.75596802E-02
  5.00000000E-01  2.11148500E+00 -1.20043748E+00 -5.70816928E-03  5.77281699E-01  0.00000000E+00  1.97532733E-11  6.75787506E-02
  5.00000000E-01  2.11172000E+00 -1.20045662E+00 -5.69713636E-03  5.77289435E-01  0.00000000E+00  1.09264506E-11  6.75974674E-02
  5.00000000E-01  2.11195500E+00 -1.20048295E+00 -5.67713076E-03  5.77284163E-01  0.00000000E+00 -5.07291353E-13  6.76160556E-02
  5.00000000E-01  2.11219000E+00 -1.20050865E+00 -5.64639293E-03  5.77263828E-01  0.00000000E+00 -2.33533354E-12  6.76349860E-02
  5.00000000E-01  2.11242500E+00 -1.20052972E+00 -5.62157164E-03  5.77252284E-01  0.00000000E+00 -1.00018128E-12  6.76539923E-02
  5.00000000E-01  2.11266000E+00 -1.20054735E+00 -5.60038042E-03  5.77246081E-01  0.00000000E+00  1.84481721E-12  6.76730046E-02
  5.00000000E-01  2.11289500E+00 -1.20056257E+00 -5.58112909E-03  5.77242677E-01  0.00000000E+00  5.05116293E-12  6.76919736E-02
  5.00000000E-01  2.11313000E+00 -1.20057624E+00 -5.56261937E-03  5.77240275E-01  0.00000000E+00  7.87760961E-12  6.77108671E-02
  5.00000000E-01  2.11336500E+00 -1.20058909E+00 -5.54405180E-03  5.77237685E-01  0.00000000E+00  9.90384414E-12  6.77296662E-02
  5.00000000E-01  2.11360000E+00 -1.20060169E+00 -5.52494323E-03  5.77234198E-01  0.00000000E+00  1.09548434E-11  6.77483626E-02
  5.00000000E-01  2.11383500E+00 -1.20061450E+00 -5.50505454E-03  5.77229470E-01  0.00000000E+00  1.10353117E-11  6.77669561E-02
  5.00000000E-01  2.11407000E+00 -1.20062786E+00 -5.48432776E-03  5.77223435E-01  0.00000000E+00  1.02736039E-11  6.77854518E-02
  5.00000000E-01  2.11430500E+00 -1.20064200E+00 -5.46283236E-03  5.77216213E-01  0.00000000E+00  8.87453359E-12  6.78038587E-02
  5.00000000E-01  2.11454000E+00 -1.20065708E+00 -5.44071982E-03  5.77208049E-01  0.00000000E+00  7.08046606E-12  6.78221878E-02
  5.00000000E-01  2.11477500E+00 -1.20067315E+00 -5.41818604E-03  5.77199251E-01  0.00000000E+00  5.14008539E-12  6.78404508E-02
  5.00000000E-01  2.11501000E+00 -1.20069021E+00 -5.39544114E-03  5.77190148E-01  0.00000000E+00  3.28422651E-12  6.78586590E-02
  5.00000000E-01  2.11524500E+00 -1.20070820E+00 -5.37268580E-03  5.77181049E-01  0.00000000E+00  1.70815729E-12  6.78768224E-02
  5.00000000E-01  2.11548000E+00 -1.20072701E+00 -5.35009378E-03  5.77172221E-01  0.00000000E+00  5.59695098E-13  6.78949494E-02
  5.00000000E-01  2.11571500E+00 -1.20074650E+00 -5.32779994E-03  5.77163870E-01  0.00000000E+00 -6.74578154E-14  6.79130462E-02
  5.00000000E-01  2.11595000E+00 -1.20076652E+00 -5.30589318E-03  5.77156130E-01  0.00000000E+00 -1.35775573E-13  6.79311163E-02
  5.00000000E-01  2.11618500E+00 -1.20078689E+00 -5.28441376E-03  5.77149058E-01  0.00000000E+00  3.38019484E-13  6.79491611E-02
  5.00000000E-01  2.11642000E+00 -1.20080743E+00 -5.26335435E-03  5.77142639E-01  0.00000000E+00  1.28826200E-12  6.79671796E-02
  5.00000000E-01  2.11665500E+00 -1.20082798E+00 -5.24266431E-03  5.77136790E-01  0.00000000E+00  2.60841523E-12  6.79851685E-02
  5.00000000E-01  2.11689000E+00 -1.20084838E+00 -5.22225655E-03  5.77131372E-01  0.00000000E+00  4.16129991E-12  6.80031229E-02
  5.00000000E-01  2.11712500E+00 -1.20086850E+00 -5.20201640E-03  5.77126205E-01  0.00000000E+00  5.79087229E-12  6.80210364E-02
  5.00000000E-01  2.11736000E+00 -1.20088824E+00 -5.18181204E-03  5.77121083E-01  0.00000000E+00  7.33494360E-12  6.80389019E-02
  5.00000000E-01  2.11759500E+00 -1.20090752E+00 -5.16150566E-03  5.77115790E-01  0.00000000E+00  8.63823311E-12  6.80567116E-02
  5.00000000E-01  2.11783000E+00 -1.20092632E+00 -5.14096508E-03  5.77110120E-01  0.00000000E+00  9.56514614E-12  6.80744583E-02
  5.00000000E-01  2.11806500E+00 -1.20094463E+00 -5.12007494E-03  5.77103896E-01  0.00000000E+00  1.00116670E-11  6.80921350E-02
  5.00000000E-01  2.11830000E+00 -1.20096251E+00 -5.09874718E-03  5.77096980E-01  0.00000000E+00  9.91575505E-12  6.81097362E-02
  5.00000000E-01  2.11853500E+00 -1.20098004E+00 -5.07692998E-03  5.77089293E-01  0.00000000E+00  9.26563139E-12  6.81272580E-02
  5.00000000E-01  2.11877000E+00 -1.20099734E+00 -5.05461474E-03  5.77080823E-01  0.00000000E+00  8.10534041E-12  6.81446986E-02
  5.00000000E-01  2.11900500E+00 -1.20101457E+00 -5.03184046E-03  5.77071632E-01  0.00000000E+00  6.53697197E-12  6.81620585E-02
  5.00000000E-01  2.11924000E+00 -1.20103192E+00 -5.00869488E-03  5.77061858E-01  0.00000000E+00  4.71892823E-12  6.81793410E-02
  5.00000000E-01  2.11947500E+00 -1.20104959E+00 -4.98531194E-03  5.77051709E-01  0.00000000E+00  2.85962115E-12  6.81965519E-02
  5.00000000E-01  2.11971000E+00 -1.20106779E+00 -4.96186484E-03  5.77041456E-01  0.00000000E+00  1.20598863E-12  6.82137000E-02
  5.00000000E-01  2.11994500E+00 -1.20108674E+00 -4.93855418E-03  5.77031410E-01  0.00000000E+00  2.62205703E-14  6.82307961E-02
  5.00000000E-01  2.12018000E+00 -1.20110661E+00 -4.91559062E-03  5.77021899E-01  0.00000000E+00 -4.13909969E-13  6.82478536E-02
  5.00000000E-01  2.12041500E+00 -1.20112758E+00 -4.89317144E-03  5.77013230E-01  0.00000000E+00  1.18288336E-13  6.82648868E-02
  5.00000000E-01  2.12065000E+00 -1.20114974E+00 -4.87145050E-03  5.77005642E-01  0.00000000E+00  1.78416572E-12  6.82819111E-02
  5.00000000E-01  2.12088500E+00 -1.20117312E+00 -4.85050093E-03  5.76999249E-01  0.00000000E+00  4.62727892E-12  6.82989410E-02
  5.00000000E-01  2.12112000E+00 -1.20119764E+00 -4.83027011E-03  5.76993971E-01  0.00000000E+00  8.51814191E-12  6.83159893E-02
  5.00000000E-01  2.12135500E+00 -1.20122310E+00 -4.81052624E-03  5.76989448E-01  0.00000000E+00  1.30895633E-11  6.83330655E-02
  5.00000000E-01  2.12159000E+00 -1.20124914E+00 -4.79079593E-03  5.76984950E-01  0.00000000E+00  1.76619294E-11  6.83501734E-02
  5.00000000E-01  2.12182500E+00 -1.20127519E+00 -4.77029226E-03  5.76979260E-01  0.00000000E+00  2.11577511E-11  6.83673091E-02
  5.00000000E-01  2.12206000E+00 -1.20130047E+00 -4.74783251E-03  5.76970548E-01  0.00000000E+00  2.20047319E-11  6.83844585E-02
  5.00000000E-01  2.12229500E+00 -1.20132391E+00 -4.72174485E-03  5.76956229E-01  0.00000000E+00  1.80265221E-11  6.84015939E-02
  5.00000000E-01  2.12253000E+00 -1.20134415E+00 -4.68976315E-03  5.76932802E-01  0.00000000E+00  6.32019732E-12  6.84186708E-02
  5.00000000E-01  2.12276500E+00 -1.20135656E+00 -4.66854165E-03  5.76926598E-01  0.00000000E+00  9.46306815E-11  6.84364183E-02
  5.00000000E-01  2.12300000E+00 -1.20136999E+00 -4.65417605E-03  5.76930858E-01  0.00000000E+00  1.76743570E-10  6.84538551E-02
  5.00000000E-01  2.12323500E+00 -1.20138810E+00 -4.63460942E-03  5.76926585E-01  0.00000000E+00  1.85012786E-10  6.84704970E-02
  5.00000000E-01  2.12347000E+00 -1.20140980E+00 -4.61185944E-03  5.76917128E-01  0.00000000E+00  1.53646233E-10  6.84866466E-02
  5.00000000E-01  2.12370500E+00 -1.20143415E+00 -4.58740897E-03  5.76904941E-01  0.00000000E+00  1.06715757E-10  6.85025287E-02
  5.00000000E-01  2.12394000E+00 -1.20146036E+00 -4.56230153E-03  5.76891750E-01  0.00000000E+00  6.01313174E-11  6.85183033E-02
  5.00000000E-01  2.12417500E+00 -1.20148775E+00 -4.53722586E-03  5.76878688E-01  0.00000000E+00  2.33748737E-11  6.85340775E-02
  5.00000000E-01  2.12441000E+00 -1.20151579E+00 -4.51259042E-03  5.76866423E-01  0.00000000E+00  1.01141516E-12  6.85499156E-02
  5.00000000E-01  2.12464500E+00 -1.20154403E+00 -4.48858859E-03  5.76855264E-01  0.00000000E+00 -6.00729705E-12  6.85658480E-02
  5.00000000E-01  2.12488000E+00 -1.20157215E+00 -4.46525496E-03  5.76845260E-01  0.00000000E+00  7.68039359E-13  6.85818801E-02
  5.00000000E-01  2.12511500E+00 -1.20159992E+00 -4.44251364E-03  5.76836271E-01  0.00000000E+00  1.82155435E-11  6.85979983E-02
  5.00000000E-01  2.12535000E+00 -1.20162721E+00 -4.42021873E-03  5.76828044E-01  0.00000000E+00  4.24069122E-11  6.86141768E-02
  5.00000000E-01  2.12558500E+00 -1.20165393E+00 -4.39818785E-03  5.76820267E-01  0.00000000E+00  6.92183748E-11  6.86303822E-02
  5.00000000E-01  2.12582000E+00 -1.20168008E+00 -4.37622904E-03  5.76812611E-01  0.00000000E+00  9.48004381E-11  6.86465784E-02
  5.00000000E-01  2.12605500E+00 -1.20170571E+00 -4.35416160E-03  5.76804767E-01  0.00000000E+00  1.15919003E-10  6.86627293E-02
  5.00000000E-01  2.12629000E+00 -1.20173093E+00 -4.33183144E-03  5.76796471E-01  0.00000000E+00  1.30180481E-10  6.86788021E-02
  5.00000000E-01  2.12652500E+00 -1.20175585E+00 -4.30912142E-03  5.76787522E-01  0.00000000E+00  1.36153604E-10  6.86947689E-02
  5.00000000E-01  2.12676000E+00 -1.20178063E+00 -4.28595719E-03  5.76777791E-01  0.00000000E+00  1.33400689E-10  6.87106086E-02
  5.00000000E-01  2.12699500E+00 -1.20180544E+00 -4.26230915E-03  5.76767223E-01  0.00000000E+00  1.22431180E-10  6.87263071E-02
  5.00000000E-01  2.12723000E+00 -1.20183045E+00 -4.23819102E-03  5.76755838E-01  0.00000000E+00  1.04590326E-10  6.87418583E-02
  5.00000000E-01  2.12746500E+00 -1.20185582E+00 -4.21365544E-03  5.76743720E-01  0.00000000E+00  8.18958759E-11  6.87572633E-02
  5.00000000E-01  2.12770000E+00 -1.20188173E+00 -4.18878740E-03  5.76731008E-01  0.00000000E+00  5.68356559E-11  6.87725301E-02
  5.00000000E-01  2.12793500E+00 -1.20190830E+00 -4.16369574E-03  5.76717881E-01  0.00000000E+00  3.21388964E-11  6.87876731E-02
  5.00000000E-01  2.12817000E+00 -1.20193567E+00 -4.13850350E-03  5.76704544E-01  0.00000000E+00  1.05341309E-11  6.88027112E-02
  5.00000000E-01  2.12840500E+00 -1.20196390E+00 -4.11333747E-03  5.76691207E-01  0.00000000E+00 -5.49353203E-12  6.88176671E-02
  5.00000000E-01  2.12864000E+00 -1.20199306E+00 -4.08831764E-03  5.76678068E-01  0.00000000E+00 -1.39329956E-11  6.88325653E-02
  5.00000000E-01  2.12887500E+00 -1.20202317E+00 -4.06354688E-03  5.76665300E-01  0.00000000E+00 -1.34528756E-11  6.88474307E-02
  5.00000000E-01  2.12911000E+00 -1.20205421E+00 -4.03910163E-03  5.76653028E-01  0.00000000E+00 -3.56957891E-12  6.88622870E-02
  5.00000000E-01  2.12934500E+00 -1.20208612E+00 -4.01502388E-03  5.76641322E-01  0.00000000E+00  1.52349748E-11  6.88771546E-02
  5.00000000E-01  2.12958000E+00 -1.20211882E+00 -3.99131513E-03  5.76630184E-01  0.00000000E+00  4.14587378E-11  6.88920496E-02
  5.00000000E-01  2.12981500E+00 -1.20215218E+00 -3.96793286E-03  5.76619540E-01  0.00000000E+00  7.26008004E-11  6.89069816E-02
  5.00000000E-01  2.13005000E+00 -1.20218605E+00 -3.94478994E-03  5.76609243E-01  0.00000000E+00  1.05271345E-10  6.89219534E-02
  5.00000000E-01  2.13028500E+00 -1.20222027E+00 -3.92175757E-03  5.76599075E-01  0.00000000E+00  1.35403129E-10  6.89369589E-02
  5.00000000E-01  2.13052000E+00 -1.20225465E+00 -3.89867235E-03  5.76588757E-01  0.00000000E+00  1.58577377E-10  6.89519831E-02
  5.00000000E-01  2.13075500E+00 -1.20228901E+00 -3.87534791E-03  5.76577971E-01  0.00000000E+00  1.70476969E-10  6.89670015E-02
  5.00000000E-01  2.13099000E+00 -1.20232318E+00 -3.85159168E-03  5.76566387E-01  0.00000000E+00  1.67479832E-10  6.89819804E-02
  5.00000000E-01  2.13122500E+00 -1.20235704E+00 -3.82722739E-03  5.76553699E-01  0.00000000E+00  1.47405423E-10  6.89968768E-02
  5.00000000E-01  2.13146000E+00 -1.20239047E+00 -3.80212369E-03  5.76539671E-01  0.00000000E+00  1.10427142E-10  6.90116403E-02
  5.00000000E-01  2.13169500E+00 -1.20242347E+00 -3.77622965E-03  5.76524200E-01  0.00000000E+00  6.01634439E-11  6.90262143E-02
  5.00000000E-01  2.13193000E+00 -1.20245608E+00 -3.74961742E-03  5.76507381E-01  0.00000000E+00  4.96034952E-12  6.90405383E-02
  5.00000000E-01  2.13216500E+00 -1.20248850E+00 -3.72253279E-03  5.76489594E-01  0.00000000E+00 -4.06220796E-11  6.90545514E-02
  5.00000000E-01  2.13240000E+00 -1.20252104E+00 -3.69545402E-03  5.76471603E-01  0.00000000E+00 -5.41068076E-11  6.90681956E-02
  5.00000000E-01  2.13263500E+00 -1.20255421E+00 -3.66915956E-03  5.76454664E-01  0.00000000E+00 -3.16801840E-12  6.90814211E-02
  5.00000000E-01  2.13287000E+00 -1.20258871E+00 -3.64480513E-03  5.76440653E-01  0.00000000E+00  1.56541985E-10  6.90941912E-02
  5.00000000E-01  2.13310500E+00 -1.20262551E+00 -3.62401069E-03  5.76432216E-01  0.00000000E+00  4.83819723E-10  6.91064893E-02
  5.00000000E-01  2.13334000E+00 -1.20266585E+00 -3.60895783E-03  5.76432922E-01  0.00000000E+00  1.05460416E-09  6.91183262E-02
  5.00000000E-01  2.13357500E+00 -1.20271388E+00 -3.58076191E-03  5.76411686E-01  0.00000000E+00  1.30610574E-09  6.91335406E-02
  5.00000000E-01  2.13381000E+00 -1.20276176E+00 -3.54854608E-03  5.76384063E-01  0.00000000E+00  1.16974644E-09  6.91488522E-02
  5.00000000E-01  2.13404500E+00 -1.20280709E+00 -3.52106439E-03  5.76364322E-01  0.00000000E+00  9.84228351E-10  6.91626650E-02
  5.00000000E-01  2.13428000E+00 -1.20285043E+00 -3.49646117E-03  5.76349199E-01  0.00000000E+00  8.11106248E-10  6.91755906E-02
  5.00000000E-01  2.13451500E+00 -1.20289234E+00 -3.47337309E-03  5.76336299E-01  0.00000000E+00  6.84921011E-10  6.91880649E-02
  5.00000000E-01  2.13475000E+00 -1.20293334E+00 -3.45084309E-03  5.76323946E-01  0.00000000E+00  6.19863555E-10  6.92003815E-02
  5.00000000E-01  2.13498500E+00 -1.20297394E+00 -3.42824299E-03  5.76311042E-01  0.00000000E+00  6.15528533E-10  6.92127213E-02
  5.00000000E-01  2.13522000E+00 -1.20301460E+00 -3.40520479E-03  5.76296947E-01  0.00000000E+00  6.61796555E-10  6.92251781E-02
  5.00000000E-01  2.13545500E+00 -1.20305570E+00 -3.38156028E-03  5.76281371E-01  0.00000000E+00  7.42893713E-10  6.92377821E-02
  5.00000000E-01  2.13569000E+00 -1.20309759E+00 -3.35728869E-03  5.76264279E-01  0.00000000E+00  8.40683502E-10  6.92505180E-02
  5.00000000E-01  2.13592500E+00 -1.20314054E+00 -3.33247197E-03  5.76245814E-01  0.00000000E+00  9.37250054E-10  6.92633421E-02
  5.00000000E-01  2.13616000E+00 -1.20318476E+00 -3.30725719E-03  5.76226229E-01  0.00000000E+00  1.01683346E-09  6.92761948E-02
  5.00000000E-01  2.13639500E+00 -1.20323041E+00 -3.28182556E-03  5.76205833E-01  0.00000000E+00  1.06717871E-09  6.92890118E-02
  5.00000000E-01  2.13663000E+00 -1.20327759E+00 -3.25636766E-03  5.76184944E-01  0.00000000E+00  1.08035987E-09  6.93017317E-02
  5.00000000E-01  2.13686500E+00 -1.20332633E+00 -3.23106424E-03  5.76163860E-01  0.00000000E+00  1.05314048E-09  6.93143025E-02
  5.00000000E-01  2.13710000E+00 -1.20337662E+00 -3.20607215E-03  5.76142829E-01  0.00000000E+00  9.86931086E-10  6.93266849E-02
  5.00000000E-01  2.13733500E+00 -1.20342844E+00 -3.18151494E-03  5.76122037E-01  0.00000000E+00  8.87404077E-10  6.93388551E-02
  5.00000000E-01  2.13757000E+00 -1.20348168E+00 -3.15747754E-03  5.76101596E-01  0.00000000E+00  7.63825694E-10  6.93508048E-02
  5.00000000E-01  2.13780500E+00 -1.20353626E+00 -3.13400458E-03  5.76081542E-01  0.00000000E+00  6.28165133E-10  6.93625409E-02
  5.00000000E-01  2.13804000E+00 -1.20359205E+00 -3.11110184E-03  5.76061840E-01  0.00000000E+00  4.94040443E-10  6.93740835E-02
  5.00000000E-01  2.13827500E+00 -1.20364893E+00 -3.08874035E-03  5.76042388E-01  0.00000000E+00  3.75561162E-10  6.93854634E-02
  5.00000000E-01  2.13851000E+00 -1.20370678E+00 -3.06686266E-03  5.76023029E-01  0.00000000E+00  2.86127800E-10  6.93967182E-02
  5.00000000E-01  2.13874500E+00 -1.20376548E+00 -3.04539070E-03  5.76003570E-01  0.00000000E+00  2.37248505E-10  6.94078889E-02
  5.00000000E-01  2.13898000E+00 -1.20382493E+00 -3.02423490E-03  5.75983791E-01  0.00000000E+00  2.37433474E-10  6.94190159E-02
  5.00000000E-01  2.13921500E+00 -1.20388508E+00 -3.00330387E-03  5.75963469E-01  0.00000000E+00  2.91227766E-10  6.94301342E-02
  5.00000000E-01  2.13945000E+00 -1.20394589E+00 -2.98251436E-03  5.75942393E-01  0.00000000E+00  3.98443290E-10  6.94412706E-02
  5.00000000E-01  2.13968500E+00 -1.20400735E+00 -2.96180078E-03  5.75920380E-01  0.00000000E+00  5.53650607E-10  6.94524392E-02
  5.00000000E-01  2.13992000E+00 -1.20406950E+00 -2.94112397E-03  5.75897294E-01  0.00000000E+00  7.45991087E-10  6.94636392E-02
  5.00000000E-01  2.14015500E+00 -1.20413244E+00 -2.92047859E-03  5.75873056E-01  0.00000000E+00  9.59369694E-10  6.94748528E-02
  5.00000000E-01  2.14039000E+00 -1.20419629E+00 -2.89989871E-03  5.75847657E-01  0.00000000E+00  1.17308842E-09  6.94860447E-02
  5.00000000E-01  2.14062500E+00 -1.20426122E+00 -2.87946106E-03  5.75821160E-01  0.00000000E+00  1.36298015E-09  6.94971619E-02
  5.00000000E-01  2.14086000E+00 -1.20432743E+00 -2.85928548E-03  5.75793705E-01  0.00000000E+00  1.50310246E-09  6.95081364E-02
  5.00000000E-01  2.14109500E+00 -1.20439516E+00 -2.83953201E-03  5.75765501E-01  0.00000000E+00  1.56805093E-09  6.95188888E-02
  5.00000000E-01  2.14133000E+00 -1.20446466E+00 -2.82039427E-03  5.75736812E-01  0.00000000E+00  1.53595166E-09  6.95293337E-02
  5.00000000E-01  2.14156500E+00 -1.20453621E+00 -2.80208844E-03  5.75707943E-01  0.00000000E+00  1.39219276E-09  6.95393883E-02
  5.00000000E-01  2.14180000E+00 -1.20461006E+00 -2.78483753E-03  5.75679207E-01  0.00000000E+00  1.13395550E-09  6.95489822E-02
  5.00000000E-01  2.14203500E+00 -1.20468643E+00 -2.76885035E-03  5.75650888E-01  0.00000000E+00  7.75606287E-10  6.95580707E-02
  5.00000000E-01  2.14227000E+00 -1.20476553E+00 -2.75429468E-03  5.75623192E-01  0.00000000E+00  3.55011315E-10  6.95666505E-02
  5.00000000E-01  2.14250500E+00 -1.20484744E+00 -2.74126417E-03  5.75596191E-01  0.00000000E+00 -5.91633807E-11  6.95747789E-02
  5.00000000E-01  2.14274000E+00 -1.20493217E+00 -2.72973843E-03  5.75569745E-01  0.00000000E+00 -3.59103617E-10  6.95825957E-02
  5.00000000E-01  2.14297500E+00 -1.20501959E+00 -2.71953582E-03  5.75543425E-01  0.00000000E+00 -3.88388109E-10  6.95903493E-02
  5.00000000E-01  2.14321000E+00 -1.20510938E+00 -2.71025841E-03  5.75516406E-01  0.00000000E+00  6.86417889E-11  6.95984259E-02
  5.00000000E-01  2.14344500E+00 -1.20520099E+00 -2.70122865E-03  5.75487359E-01  0.00000000E+00  1.29874059E-09  6.96073836E-02
  5.00000000E-01  2.14368000E+00 -1.20529360E+00 -2.69141711E-03  5.75454319E-01  0.00000000E+00  3.67289586E-09  6.96179895E-02
  5.00000000E-01  2.14391500E+00 -1.20538607E+00 -2.67936117E-03  5.75414539E-01  0.00000000E+00  7.66078405E-09  6.96312625E-02
  5.00000000E-01  2.14415000E+00 -1.20547687E+00 -2.66307389E-03  5.75364328E-01  0.00000000E+00  1.38465695E-08  6.96485192E-02
  5.00000000E-01  2.14438500E+00 -1.20556540E+00 -2.66256050E-03  5.75339616E-01  0.00000000E+00  9.27111739E-09  6.96519610E-02
  5.00000000E-01  2.14462000E+00 -1.20565802E+00 -2.66487867E-03  5.75316020E-01  0.00000000E+00  3.29343320E-09  6.96542620E-02
  5.00000000E-01  2.14485500E+00 -1.20575533E+00 -2.66461012E-03  5.75283838E-01  0.00000000E+00  2.44022333E-10  6.96602818E-02
  5.00000000E-01  2.14509000E+00 -1.20585712E+00 -2.66345552E-03  5.75246246E-01  0.00000000E+00 -4.41755068E-10  6.96684865E-02
  5.00000000E-01  2.14532500E+00 -1.20596311E+00 -2.66269643E-03  5.75205550E-01  0.00000000E+00  6.28381838E-10  6.96777186E-02
  5.00000000E-01  2.14556000E+00 -1.20607302E+00 -2.66327105E-03  5.75163349E-01  0.00000000E+00  2.85008462E-09  6.96871348E-02
  5.00000000E-01  2.14579500E+00 -1.20618656E+00 -2.66584172E-03  5.75120667E-01  0.00000000E+00  5.65908499E-09  6.96961497E-02
  5.00000000E-01  2.14603000E+00 -1.20630348E+00 -2.67085460E-03  5.75078076E-01  0.00000000E+00  8.55891729E-09  6.97043867E-02
  5.00000000E-01  2.14626500E+00 -1.20642354E+00 -2.67859198E-03  5.75035808E-01  0.00000000E+00  1.11404137E-08  6.97116333E-02
  5.00000000E-01  2.14650000E+00 -1.20654656E+00 -2.68921763E-03  5.74993840E-01  0.00000000E+00  1.30937374E-08  6.97178021E-02
  5.00000000E-01  2.14673500E+00 -1.20667241E+00 -2.70281564E-03  5.74951980E-01  0.00000000E+00  1.42137234E-08  6.97228974E-02
  5.00000000E-01  2.14697000E+00 -1.20680104E+00 -2.71942309E-03  5.74909928E-01  0.00000000E+00  1.43993021E-08  6.97269854E-02
  5.00000000E-01  2.14720500E+00 -1.20693243E+00 -2.73905709E-03  5.74867330E-01  0.00000000E+00  1.36477781E-08  6.97301700E-02
  5.00000000E-01  2.14744000E+00 -1.20706665E+00 -2.76173657E-03  5.74823826E-01  0.00000000E+00  1.20447426E-08  6.97325722E-02
  5.00000000E-01  2.14767500E+00 -1.20720382E+00 -2.78749920E-03  5.74779077E-01  0.00000000E+00  9.75039162E-09  6.97343128E-02
  5.00000000E-01  2.14791000E+00 -1.20734410E+00 -2.81641401E-03  5.74732795E-01  0.00000000E+00  6.98302347E-09  6.97354995E-02
  5.00000000E-01  2.14814500E+00 -1.20748772E+00 -2.84859002E-03  5.74684755E-01  0.00000000E+00  4.00048519E-09  6.97362167E-02
  5.00000000E-01  2.14838000E+00 -1.20763494E+00 -2.88418135E-03  5.74634803E-01  0.00000000E+00  1.08033531E-09  6.97365182E-02
  5.00000000E-01  2.14861500E+00 -1.20778607E+00 -2.92338927E-03  5.74582861E-01  0.00000000E+00 -1.50051137E-09  6.97364225E-02
  5.00000000E-01  2.14885000E+00 -1.20794143E+00 -2.96646164E-03  5.74528922E-01  0.00000000E+00 -3.48589320E-09  6.97359104E-02
  5.00000000E-01  2.14908500E+00 -1.20810135E+00 -3.01369011E-03  5.74473042E-01  0.00000000E+00 -4.65950187E-09  6.97349243E-02
  5.00000000E-01  2.14932000E+00 -1.20826619E+00 -3.06540555E-03  5.74415326E-01  0.00000000E+00 -4.86220979E-09  6.97333696E-02
  5.00000000E-01  2.14955500E+00 -1.20843628E+00 -3.12197210E-03  5.74355918E-01  0.00000000E+00 -4.00685974E-09  6.97311168E-02
  5.00000000E-01  2.14979000E+00 -1.20861197E+00 -3.18378043E-03  5.74294979E-01  0.00000000E+00 -2.08975004E-09  6.97280050E-02
  5.00000000E-01  2.15002500E+00 -1.20879356E+00 -3.25124032E-03  5.74232673E-01  0.00000000E+00  8.01953946E-10  6.97238464E-02
  5.00000000E-01  2.15026000E+00 -1.20898134E+00 -3.32477339E-03  5.74169147E-01  0.00000000E+00  4.48765373E-09  6.97184304E-02
  5.00000000E-01  2.15049500E+00 -1.20917558E+00 -3.40480607E-03  5.74104512E-01  0.00000000E+00  8.69637091E-09  6.97115281E-02
  5.00000000E-01  2.15073000E+00 -1.20937650E+00 -3.49176343E-03  5.74038834E-01  0.00000000E+00  1.30761951E-08  6.97028972E-02
  5.00000000E-01  2.15096500E+00 -1.20958429E+00 -3.58606429E-03  5.73972112E-01  0.00000000E+00  1.72109026E-08  6.96922854E-02
  5.00000000E-01  2.15120000E+00 -1.20979911E+00 -3.68811795E-03  5.73904274E-01  0.00000000E+00  2.06445193E-08  6.96794339E-02
  5.00000000E-01  2.15143500E+00 -1.21002108E+00 -3.79832312E-03  5.73835169E-01  0.00000000E+00  2.29146015E-08  6.96640784E-02
  5.00000000E-01  2.15167000E+00 -1.21025030E+00 -3.91706935E-03  5.73764567E-01  0.00000000E+00  2.35949997E-08  6.96459505E-02
  5.00000000E-01  2.15190500E+00 -1.21048686E+00 -4.04474152E-03  5.73692165E-01  0.00000000E+00  2.23488680E-08  6.96247756E-02
  5.00000000E-01  2.15214000E+00 -1.21073084E+00 -4.18172773E-03  5.73617601E-01  0.00000000E+00  1.89926733E-08  6.96002696E-02
  5.00000000E-01  2.15237500E+00 -1.21098235E+00 -4.32843110E-03  5.73540471E-01  0.00000000E+00  1.35719532E-08  6.95721333E-02
  5.00000000E-01  2.15261000E+00 -1.21124152E+00 -4.48528592E-03  5.73460360E-01  0.00000000E+00  6.44956805E-09  6.95400434E-02
  5.00000000E-01  2.15284500E+00 -1.21150854E+00 -4.65277849E-03  5.73376883E-01  0.00000000E+00 -1.59280680E-09  6.95036409E-02
  5.00000000E-01  2.15308000E+00 -1.21178372E+00 -4.83147327E-03  5.73289730E-01  0.00000000E+00 -9.23919262E-09  6.94625165E-02
  5.00000000E-01  2.15331500E+00 -1.21206748E+00 -5.02204461E-03  5.73198732E-01  0.00000000E+00 -1.45090449E-08  6.94161916E-02
  5.00000000E-01  2.15355000E+00 -1.21236039E+00 -5.22531461E-03  5.73103929E-01  0.00000000E+00 -1.46113995E-08  6.93640959E-02
  5.00000000E-01  2.15378500E+00 -1.21266328E+00 -5.44229760E-03  5.73005660E-01  0.00000000E+00 -5.78254565E-09  6.93055400E-02
  5.00000000E-01  2.15402000E+00 -1.21297720E+00 -5.67425159E-03  5.72904661E-01  0.00000000E+00  1.68937536E-08  6.92396847E-02
  5.00000000E-01  2.15425500E+00 -1.21330356E+00 -5.92273744E-03  5.72802179E-01  0.00000000E+00  5.96846102E-08  6.91655035E-02
  5.00000000E-01  2.15449000E+00 -1.21364415E+00 -6.18968611E-03  5.72700110E-01  0.00000000E+00  1.30426243E-07  6.90817410E-02
  5.00000000E-01  2.15472500E+00 -1.21400123E+00 -6.47747479E-03  5.72601140E-01  0.00000000E+00  2.38763667E-07  6.89868651E-02
  5.00000000E-01  2.15496000E+00 -1.21437760E+00 -6.78901253E-03  5.72508916E-01  0.00000000E+00  3.96413760E-07  6.88790122E-02
  5.00000000E-01  2.15519500E+00 -1.21472952E+00 -7.10155292E-03  5.72372096E-01  0.00000000E+00  8.99041346E-09  6.86973760E-02
  5.00000000E-01  2.15543000E+00 -1.21512046E+00 -7.44248571E-03  5.72252629E-01  0.00000000E+00  1.15661472E-07  6.86055474E-02
  5.00000000E-01  2.15566500E+00 -1.21553170E+00 -7.81103506E-03  5.72139159E-01  0.00000000E+00  4.16808487E-07  6.85001223E-02
  5.00000000E-01  2.15590000E+00 -1.21595226E+00 -8.20389234E-03  5.72019488E-01  0.00000000E+00  6.30618262E-07  6.83395119E-02
  5.00000000E-01  2.15613500E+00 -1.21638314E+00 -8.62045710E-03  5.71890138E-01  0.00000000E+00  6.53967637E-07  6.81313707E-02
  5.00000000E-01  2.15637000E+00 -1.21682974E+00 -9.06186847E-03  5.71752168E-01  0.00000000E+00  5.06940267E-07  6.78991415E-02
  5.00000000E-01  2.15660500E+00 -1.21729729E+00 -9.53025766E-03  5.71608248E-01  0.00000000E+00  2.79437306E-07  6.76618573E-02
  5.00000000E-01  2.15684000E+00 -1.21778858E+00 -1.00281965E-02  5.71460806E-01  0.00000000E+00  8.26254045E-08  6.74246765E-02
  5.00000000E-01  2.15707500E+00 -1.21830355E+00 -1.05583204E-02  5.71311045E-01  0.00000000E+00  8.18799883E-09  6.71776937E-02
  5.00000000E-01  2.15731000E+00 -1.21884016E+00 -1.11231046E-02  5.71158673E-01  0.00000000E+00  9.84652515E-08  6.69005655E-02
  5.00000000E-01  2.15754500E+00 -1.21939592E+00 -1.17247744E-02  5.71002140E-01  0.00000000E+00  3.30591702E-07  6.65704720E-02
  5.00000000E-01  2.15778000E+00 -1.21996968E+00 -1.23653262E-02  5.70839232E-01  0.00000000E+00  6.17698346E-07  6.61709138E-02
  5.00000000E-01  2.15801500E+00 -1.22056299E+00 -1.30466392E-02  5.70667798E-01  0.00000000E+00  8.30181143E-07  6.56988450E-02
  5.00000000E-01  2.15825000E+00 -1.22118056E+00 -1.37706552E-02  5.70486459E-01  0.00000000E+00  8.39997484E-07  6.51676555E-02
  5.00000000E-01  2.15848500E+00 -1.22182922E+00 -1.45396027E-02  5.70295106E-01  0.00000000E+00  5.90970103E-07  6.46035302E-02
  5.00000000E-01  2.15872000E+00 -1.22251487E+00 -1.53562443E-02  5.70094990E-01  0.00000000E+00  1.98158506E-07  6.40327134E-02
  5.00000000E-01  2.15895500E+00 -1.22323689E+00 -1.62241225E-02  5.69888248E-01  0.00000000E+00  7.94547724E-08  6.34571868E-02
  5.00000000E-01  2.15919000E+00 -1.22397936E+00 -1.71477817E-02  5.69676666E-01  0.00000000E+00  1.12255254E-06  6.28162448E-02
  5.00000000E-01  2.15942500E+00 -1.22469865E+00 -1.81329396E-02  5.69459490E-01  0.00000000E+00  4.89010151E-06  6.19314645E-02
  5.00000000E-01  2.15966000E+00 -1.22530672E+00 -1.91865813E-02  5.69230124E-01  0.00000000E+00  1.38648377E-05  6.04327335E-02
  5.00000000E-01  2.15989500E+00 -1.22564999E+00 -2.03169427E-02  5.68971518E-01  0.00000000E+00  3.17342554E-05  5.76634800E-02
  5.00000000E-01  2.16013000E+00 -1.22534543E+00 -2.15376513E-02  5.68644698E-01  0.00000000E+00  1.87321681E-04  5.36049494E-02
  5.00000000E-01  2.16036500E+00 -1.22451799E+00 -2.28195402E-02  5.68337585E-01  0.00000000E+00  2.33322872E-04  4.98848251E-02
  5.00000000E-01  2.16060000E+00 -1.22331299E+00 -2.41474087E-02  5.68051319E-01  0.00000000E+00  2.67113679E-04  4.48601099E-02
  5.00000000E-01  2.16083500E+00 -1.22164303E+00 -2.55284396E-02  5.67751220E-01  0.00000000E+00  4.18927533E-04  3.87236034E-02
  5.00000000E-01  2.16107000E+00 -1.21954183E+00 -2.69666047E-02  5.67432590E-01  0.00000000E+00  6.22729761E-04  3.22192665E-02
  5.00000000E-01  2.16130500E+00 -1.21706361E+00 -2.84637643E-02  5.67105862E-01  0.00000000E+00  8.09594983E-04  2.60549986E-02
  5.00000000E-01  2.16154000E+00 -1.21422516E+00 -3.00213417E-02  5.66785775E-01  0.00000000E+00  9.78154444E-04  2.06359158E-02
  5.00000000E-01  2.16177500E+00 -1.21098093E+00 -3.16419406E-02  5.66484197E-01  0.00000000E+00  1.18059436E-03  1.60342781E-02
  5.00000000E-01  2.16201000E+00 -1.20722113E+00 -3.33302737E-02  5.66206301E-01  0.00000000E+00  1.46277082E-03  1.21107884E-02
  5.00000000E-01  2.16224500E+00 -1.20278276E+00 -3.50927829E-02  5.65949726E-01  0.00000000E+00  1.79704928E-03  8.70137196E-03
  5.00000000E-01  2.16248000E+00 -1.19746343E+00 -3.69353435E-02  5.65706399E-01  0.00000000E+00  2.04642797E-03  5.78396939E-03
  5.00000000E-01  2.16271500E+00 -1.19102798E+00 -3.88584577E-02  5.65466669E-01  0.00000000E+00  1.99860612E-03  3.53999563E-03
  5.00000000E-01  2.16295000E+00 -1.18319712E+00 -4.08493731E-02  5.65225441E-01  0.00000000E+00  1.50854277E-03  2.22513063E-03
  5.00000000E-01  2.16318500E+00 -1.17360726E+00 -4.28705587E-02  5.64989945E-01  0.00000000E+00  7.87658773E-04  1.76479303E-03
  5.00000000E-01  2.16342000E+00 -1.16175273E+00 -4.48508333E-02  5.64770450E-01  0.00000000E+00  8.06402262E-04  1.12474698E-03
  5.00000000E-01  2.16365500E+00 -1.14822666E+00 -4.67355306E-02  5.64535430E-01  0.00000000E+00  9.96909234E-04  8.49260042E-04
  5.00000000E-01  2.16389000E+00 -1.13140387E+00 -4.84489880E-02  5.64366161E-01  0.00000000E+00  5.26446679E-04  6.14031835E-04
  5.00000000E-01  2.16412500E+00 -1.11087879E+00 -4.98834206E-02  5.64208580E-01  0.00000000E+00  5.64600171E-04  5.41297103E-04
  5.00000000E-01  2.16436000E+00 -1.08853434E+00 -5.08839365E-02  5.64102171E-01  0.00000000E+00  1.99920340E-03  7.17323502E-04
  5.00000000E-01  2.16459500E+00 -1.06697842E+00 -5.13515943E-02  5.64076099E-01  0.00000000E+00  4.32521559E-03  1.19977767E-03
  5.00000000E-01  2.16483000E+00 -1.04805789E+00 -5.12791183E-02  5.64127836E-01  0.00000000E+00  6.27444274E-03  1.94370648E-03
  5.00000000E-01  2.16506500E+00 -1.03188756E+00 -5.07334154E-02  5.64243379E-01  0.00000000E+00  7.07490450E-03  2.74603928E-03
  5.00000000E-01  2.16530000E+00 -1.01685380E+00 -4.97990163E-02  5.64418230E-01  0.00000000E+00  7.22674583E-03  3.30851996E-03
  5.00000000E-01  2.16553500E+00 -1.00104483E+00 -4.84980771E-02  5.64638059E-01  0.00000000E+00  7.67968698E-03  3.51774756E-03
  5.00000000E-01  2.16577000E+00 -9.84544857E-01 -4.67814731E-02  5.64882408E-01  0.00000000E+00  7.76328456E-03  3.68642982E-03
  5.00000000E-01  2.16600500E+00 -9.67027719E-01 -4.46414463E-02  5.65160081E-01  0.00000000E+00  7.80243476E-03  3.71722340E-03
  5.00000000E-01  2.16624000E+00 -9.48176699E-01 -4.20749187E-02  5.65429064E-01  0.00000000E+00  7.74135544E-03  3.67265219E-03
  5.00000000E-01  2.16647500E+00 -9.27876001E-01 -3.91952874E-02  5.65643907E-01  0.00000000E+00  7.62361091E-03  3.59763076E-03
  5.00000000E-01  2.16671000E+00 -9.06430979E-01 -3.61074466E-02  5.65836694E-01  0.00000000E+00  7.49653728E-03  3.51622069E-03
  5.00000000E-01  2.16694500E+00 -8.84192142E-01 -3.28647650E-02  5.66006764E-01  0.00000000E+00  7.38280079E-03  3.43470463E-03
  5.00000000E-01  2.16718000E+00 -8.61317535E-01 -2.95228205E-02  5.66152403E-01  0.00000000E+00  7.28087708E-03  3.35386250E-03
  5.00000000E-01  2.16741500E+00 -8.37908867E-01 -2.61364915E-02  5.66275250E-01  0.00000000E+00  7.18716259E-03  3.27154692E-03
  5.00000000E-01  2.16765000E+00 -8.13999327E-01 -2.27579742E-02  5.66372550E-01  0.00000000E+00  7.09570008E-03  3.18218644E-03
  5.00000000E-01  2.16788500E+00 -7.89553681E-01 -1.94385541E-02  5.66443063E-01  0.00000000E+00  7.00115003E-03  3.07713933E-03
  5.00000000E-01  2.16812000E+00 -7.64438103E-01 -1.62275337E-02  5.66486351E-01  0.00000000E+00  6.89896459E-03  2.94493554E-03
  5.00000000E-01  2.16835500E+00 -7.38360147E-01 -1.31712484E-02  5.66502487E-01  0.00000000E+00  6.78455918E-03  2.77179543E-03
  5.00000000E-01  2.16859000E+00 -7.10768393E-01 -1.03126045E-02  5.66491317E-01  0.00000000E+00  6.65193055E-03  2.54274710E-03
  5.00000000E-01  2.16882500E+00 -6.80651793E-01 -7.69196617E-03  5.66456423E-01  0.00000000E+00  6.49104258E-03  2.24349762E-03
  5.00000000E-01  2.16906000E+00 -6.46073151E-01 -5.34807447E-03  5.66402603E-01  0.00000000E+00  6.28170985E-03  1.86358604E-03
  5.00000000E-01  2.16929500E+00 -6.02874320E-01 -3.32240120E-03  5.66337375E-01  0.00000000E+00  5.97526924E-03  1.40142600E-03
  5.00000000E-01  2.16953000E+00 -5.40002944E-01 -1.66978346E-03  5.66271332E-01  0.00000000E+00  5.41162442E-03  8.74414876E-04
  5.00000000E-01  2.16976500E+00 -4.12277340E-01 -4.92884989E-04  5.66219745E-01  0.00000000E+00  3.66145762E-03  3.47043173E-04
  5.00000000E-01  2.17000000E+00 -1.80807250E-04 -1.42918461E-09  5.66203159E-01  0.00000000E+00  3.66234329E-09  9.65067499E-10
