               X               Y            VELX            VELY            PRES            TEMP            PS 1            PS 2  4.16000000E+03
  6.00000000E+00 -1.00000000E+00 -8.50382613E-03 -2.71306053E-18 -1.78933146E-02  0.00000000E+00  5.35606300E-03  8.02502458E-02
  6.00000000E+00 -9.97000000E-01 -7.71008871E-03 -2.80077146E-04 -1.80569245E-02  0.00000000E+00  5.77696512E-03  9.25165749E-02
  6.00000000E+00 -9.94000000E-01 -6.89792130E-03 -5.63215910E-04 -1.82115663E-02  0.00000000E+00  6.19241197E-03  1.04553849E-01
  6.00000000E+00 -9.91000000E-01 -6.06763365E-03 -8.49337512E-04 -1.83575118E-02  0.00000000E+00  6.60246001E-03  1.16363341E-01
  6.00000000E+00 -9.88000000E-01 -5.21953550E-03 -1.13836317E-03 -1.84950326E-02  0.00000000E+00  7.00716570E-03  1.27946325E-01
  6.00000000E+00 -9.85000000E-01 -4.35393660E-03 -1.43021412E-03 -1.86244003E-02  0.00000000E+00  7.40658548E-03  1.39304074E-01
  6.00000000E+00 -9.82000000E-01 -3.47114669E-03 -1.72481156E-03 -1.87458865E-02  0.00000000E+00  7.80077581E-03  1.50437860E-01
  6.00000000E+00 -9.79000000E-01 -2.57147552E-03 -2.02207673E-03 -1.88597628E-02  0.00000000E+00  8.18979315E-03  1.61348957E-01
  6.00000000E+00 -9.76000000E-01 -1.65523281E-03 -2.32193084E-03 -1.89663009E-02  0.00000000E+00  8.57369395E-03  1.72038638E-01
  6.00000000E+00 -9.73000000E-01 -7.22728331E-04 -2.62429512E-03 -1.90657723E-02  0.00000000E+00  8.95253466E-03  1.82508177E-01
  6.00000000E+00 -9.70000000E-01  2.25728194E-04 -2.92909078E-03 -1.91584487E-02  0.00000000E+00  9.32637173E-03  1.92758846E-01
  6.00000000E+00 -9.67000000E-01  1.18982702E-03 -3.23623906E-03 -1.92446018E-02  0.00000000E+00  9.69526162E-03  2.02791920E-01
  6.00000000E+00 -9.64000000E-01  2.16925840E-03 -3.54566116E-03 -1.93245030E-02  0.00000000E+00  1.00592608E-02  2.12608670E-01
  6.00000000E+00 -9.61000000E-01  3.16371259E-03 -3.85727831E-03 -1.93984241E-02  0.00000000E+00  1.04184257E-02  2.22210370E-01
  6.00000000E+00 -9.58000000E-01  4.17287985E-03 -4.17101174E-03 -1.94666367E-02  0.00000000E+00  1.07728127E-02  2.31598294E-01
  6.00000000E+00 -9.55000000E-01  5.19645045E-03 -4.48678266E-03 -1.95294124E-02  0.00000000E+00  1.11224784E-02  2.40773714E-01
  6.00000000E+00 -9.52000000E-01  6.23411463E-03 -4.80451229E-03 -1.95870228E-02  0.00000000E+00  1.14674792E-02  2.49737904E-01
  6.00000000E+00 -9.49000000E-01  7.28556266E-03 -5.12412187E-03 -1.96397395E-02  0.00000000E+00  1.18078715E-02  2.58492137E-01
  6.00000000E+00 -9.46000000E-01  8.35048479E-03 -5.44553260E-03 -1.96878341E-02  0.00000000E+00  1.21437118E-02  2.67037686E-01
  6.00000000E+00 -9.43000000E-01  9.42857128E-03 -5.76866571E-03 -1.97315783E-02  0.00000000E+00  1.24750566E-02  2.75375824E-01
  6.00000000E+00 -9.40000000E-01  1.05195124E-02 -6.09344242E-03 -1.97712437E-02  0.00000000E+00  1.28019622E-02  2.83507825E-01
  6.00000000E+00 -9.37000000E-01  1.16229984E-02 -6.41978395E-03 -1.98071019E-02  0.00000000E+00  1.31244852E-02  2.91434961E-01
  6.00000000E+00 -9.34000000E-01  1.27387195E-02 -6.74761153E-03 -1.98394246E-02  0.00000000E+00  1.34426820E-02  2.99158507E-01
  6.00000000E+00 -9.31000000E-01  1.38663661E-02 -7.07684637E-03 -1.98684833E-02  0.00000000E+00  1.37566091E-02  3.06679734E-01
  6.00000000E+00 -9.28000000E-01  1.50056282E-02 -7.40740969E-03 -1.98945496E-02  0.00000000E+00  1.40663229E-02  3.13999917E-01
  6.00000000E+00 -9.25000000E-01  1.61561963E-02 -7.73922273E-03 -1.99178952E-02  0.00000000E+00  1.43718798E-02  3.21120327E-01
  6.00000000E+00 -9.22000000E-01  1.73177606E-02 -8.07220669E-03 -1.99387918E-02  0.00000000E+00  1.46733364E-02  3.28042240E-01
  6.00000000E+00 -9.19000000E-01  1.84900113E-02 -8.40628281E-03 -1.99575108E-02  0.00000000E+00  1.49707490E-02  3.34766927E-01
  6.00000000E+00 -9.16000000E-01  1.96726387E-02 -8.74137230E-03 -1.99743240E-02  0.00000000E+00  1.52641741E-02  3.41295662E-01
  6.00000000E+00 -9.13000000E-01  2.08653330E-02 -9.07739638E-03 -1.99895030E-02  0.00000000E+00  1.55536682E-02  3.47629719E-01
  6.00000000E+00 -9.10000000E-01  2.20677846E-02 -9.41427628E-03 -2.00033193E-02  0.00000000E+00  1.58392878E-02  3.53770369E-01
  6.00000000E+00 -9.07000000E-01  2.32796836E-02 -9.75193321E-03 -2.00160447E-02  0.00000000E+00  1.61210892E-02  3.59718887E-01
  6.00000000E+00 -9.04000000E-01  2.45007203E-02 -1.00902884E-02 -2.00279507E-02  0.00000000E+00  1.63991290E-02  3.65476546E-01
  6.00000000E+00 -9.01000000E-01  2.57305851E-02 -1.04292631E-02 -2.00393089E-02  0.00000000E+00  1.66734635E-02  3.71044618E-01
  6.00000000E+00 -8.98000000E-01  2.69689680E-02 -1.07687784E-02 -2.00503910E-02  0.00000000E+00  1.69441493E-02  3.76424378E-01
  6.00000000E+00 -8.95000000E-01  2.82155595E-02 -1.11087557E-02 -2.00614685E-02  0.00000000E+00  1.72112428E-02  3.81617097E-01
  6.00000000E+00 -8.92000000E-01  2.94700497E-02 -1.14491162E-02 -2.00728132E-02  0.00000000E+00  1.74748004E-02  3.86624050E-01
  6.00000000E+00 -8.89000000E-01  3.07321290E-02 -1.17897810E-02 -2.00846965E-02  0.00000000E+00  1.77348786E-02  3.91446509E-01
  6.00000000E+00 -8.86000000E-01  3.20014875E-02 -1.21306714E-02 -2.00973903E-02  0.00000000E+00  1.79915339E-02  3.96085748E-01
  6.00000000E+00 -8.83000000E-01  3.32778155E-02 -1.24717086E-02 -2.01111659E-02  0.00000000E+00  1.82448226E-02  4.00543040E-01
  6.00000000E+00 -8.80000000E-01  3.45608034E-02 -1.28128138E-02 -2.01262952E-02  0.00000000E+00  1.84948014E-02  4.04819658E-01
  6.00000000E+00 -8.77000000E-01  3.58501413E-02 -1.31539083E-02 -2.01430497E-02  0.00000000E+00  1.87415265E-02  4.08916875E-01
  6.00000000E+00 -8.74000000E-01  3.71455195E-02 -1.34949132E-02 -2.01617010E-02  0.00000000E+00  1.89850545E-02  4.12835964E-01
  6.00000000E+00 -8.71000000E-01  3.84466283E-02 -1.38357498E-02 -2.01825207E-02  0.00000000E+00  1.92254418E-02  4.16578198E-01
  6.00000000E+00 -8.68000000E-01  3.97531579E-02 -1.41763394E-02 -2.02057805E-02  0.00000000E+00  1.94627449E-02  4.20144852E-01
  6.00000000E+00 -8.65000000E-01  4.10647986E-02 -1.45166031E-02 -2.02317519E-02  0.00000000E+00  1.96970202E-02  4.23537197E-01
  6.00000000E+00 -8.62000000E-01  4.23812407E-02 -1.48564621E-02 -2.02607067E-02  0.00000000E+00  1.99283242E-02  4.26756507E-01
  6.00000000E+00 -8.59000000E-01  4.37021743E-02 -1.51958378E-02 -2.02929164E-02  0.00000000E+00  2.01567133E-02  4.29804055E-01
  6.00000000E+00 -8.56000000E-01  4.50272899E-02 -1.55346512E-02 -2.03286526E-02  0.00000000E+00  2.03822440E-02  4.32681115E-01
  6.00000000E+00 -8.53000000E-01  4.63562775E-02 -1.58728236E-02 -2.03681870E-02  0.00000000E+00  2.06049727E-02  4.35388959E-01
  6.00000000E+00 -8.50000000E-01  4.76888275E-02 -1.62102763E-02 -2.04117912E-02  0.00000000E+00  2.08249559E-02  4.37928861E-01
  6.00000000E+00 -8.47000000E-01  4.90246302E-02 -1.65469304E-02 -2.04597368E-02  0.00000000E+00  2.10422501E-02  4.40302093E-01
  6.00000000E+00 -8.44000000E-01  5.03633758E-02 -1.68827073E-02 -2.05122954E-02  0.00000000E+00  2.12569116E-02  4.42509930E-01
  6.00000000E+00 -8.41000000E-01  5.17047545E-02 -1.72175280E-02 -2.05697387E-02  0.00000000E+00  2.14689970E-02  4.44553643E-01
  6.00000000E+00 -8.38000000E-01  5.30484566E-02 -1.75513139E-02 -2.06323382E-02  0.00000000E+00  2.16785627E-02  4.46434507E-01
  6.00000000E+00 -8.35000000E-01  5.43941724E-02 -1.78839861E-02 -2.07003656E-02  0.00000000E+00  2.18856651E-02  4.48153794E-01
  6.00000000E+00 -8.32000000E-01  5.57415921E-02 -1.82154659E-02 -2.07740926E-02  0.00000000E+00  2.20903608E-02  4.49712778E-01
  6.00000000E+00 -8.29000000E-01  5.70904061E-02 -1.85456744E-02 -2.08537906E-02  0.00000000E+00  2.22927060E-02  4.51112732E-01
  6.00000000E+00 -8.26000000E-01  5.84403044E-02 -1.88745330E-02 -2.09397315E-02  0.00000000E+00  2.24927574E-02  4.52354928E-01
  6.00000000E+00 -8.23000000E-01  5.97909775E-02 -1.92019628E-02 -2.10321867E-02  0.00000000E+00  2.26905714E-02  4.53440641E-01
  6.00000000E+00 -8.20000000E-01  6.11421155E-02 -1.95278851E-02 -2.11314278E-02  0.00000000E+00  2.28862044E-02  4.54371143E-01
  6.00000000E+00 -8.17000000E-01  6.24934087E-02 -1.98522210E-02 -2.12377267E-02  0.00000000E+00  2.30797128E-02  4.55147707E-01
  6.00000000E+00 -8.14000000E-01  6.38445475E-02 -2.01748918E-02 -2.13513547E-02  0.00000000E+00  2.32711532E-02  4.55771607E-01
  6.00000000E+00 -8.11000000E-01  6.51952219E-02 -2.04958188E-02 -2.14725836E-02  0.00000000E+00  2.34605819E-02  4.56244115E-01
  6.00000000E+00 -8.08000000E-01  6.65451223E-02 -2.08149230E-02 -2.16016850E-02  0.00000000E+00  2.36480555E-02  4.56566505E-01
  6.00000000E+00 -8.05000000E-01  6.78939390E-02 -2.11321259E-02 -2.17389305E-02  0.00000000E+00  2.38336303E-02  4.56740051E-01
  6.00000000E+00 -8.02000000E-01  6.92413622E-02 -2.14473485E-02 -2.18845918E-02  0.00000000E+00  2.40173629E-02  4.56766024E-01
  6.00000000E+00 -7.99000000E-01  7.06150907E-02 -2.17738606E-02 -2.19606853E-02  0.00000000E+00  2.42027518E-02  4.56829741E-01
  6.00000000E+00 -7.96000000E-01  7.20502758E-02 -2.21254641E-02 -2.18879359E-02  0.00000000E+00  2.43936722E-02  4.57174098E-01
  6.00000000E+00 -7.93000000E-01  7.34945900E-02 -2.24757346E-02 -2.18220971E-02  0.00000000E+00  2.45834348E-02  4.57460973E-01
  6.00000000E+00 -7.90000000E-01  7.49480721E-02 -2.28247022E-02 -2.17629537E-02  0.00000000E+00  2.47720324E-02  4.57691492E-01
  6.00000000E+00 -7.87000000E-01  7.64107609E-02 -2.31723972E-02 -2.17102910E-02  0.00000000E+00  2.49594580E-02  4.57866782E-01
  6.00000000E+00 -7.84000000E-01  7.78826953E-02 -2.35188497E-02 -2.16638940E-02  0.00000000E+00  2.51457042E-02  4.57987970E-01
  6.00000000E+00 -7.81000000E-01  7.93639142E-02 -2.38640900E-02 -2.16235479E-02  0.00000000E+00  2.53307641E-02  4.58056182E-01
  6.00000000E+00 -7.78000000E-01  8.08544565E-02 -2.42081481E-02 -2.15890377E-02  0.00000000E+00  2.55146303E-02  4.58072546E-01
  6.00000000E+00 -7.75000000E-01  8.23543611E-02 -2.45510542E-02 -2.15601486E-02  0.00000000E+00  2.56972958E-02  4.58038189E-01
  6.00000000E+00 -7.72000000E-01  8.38636667E-02 -2.48928386E-02 -2.15366656E-02  0.00000000E+00  2.58787533E-02  4.57954236E-01
  6.00000000E+00 -7.69000000E-01  8.53824124E-02 -2.52335315E-02 -2.15183738E-02  0.00000000E+00  2.60589957E-02  4.57821815E-01
  6.00000000E+00 -7.66000000E-01  8.69106369E-02 -2.55731629E-02 -2.15050583E-02  0.00000000E+00  2.62380159E-02  4.57642053E-01
  6.00000000E+00 -7.63000000E-01  8.84483792E-02 -2.59117631E-02 -2.14965043E-02  0.00000000E+00  2.64158066E-02  4.57416076E-01
  6.00000000E+00 -7.60000000E-01  8.99956781E-02 -2.62493623E-02 -2.14924969E-02  0.00000000E+00  2.65923608E-02  4.57145011E-01
  6.00000000E+00 -7.57000000E-01  9.15525725E-02 -2.65859907E-02 -2.14928210E-02  0.00000000E+00  2.67676711E-02  4.56829986E-01
  6.00000000E+00 -7.54000000E-01  9.31191012E-02 -2.69216783E-02 -2.14972619E-02  0.00000000E+00  2.69417305E-02  4.56472126E-01
  6.00000000E+00 -7.51000000E-01  9.46953032E-02 -2.72564555E-02 -2.15056047E-02  0.00000000E+00  2.71145318E-02  4.56072559E-01
  6.00000000E+00 -7.48000000E-01  9.62812173E-02 -2.75903523E-02 -2.15176344E-02  0.00000000E+00  2.72860679E-02  4.55632411E-01
  6.00000000E+00 -7.45000000E-01  9.78768824E-02 -2.79233990E-02 -2.15331361E-02  0.00000000E+00  2.74563314E-02  4.55152809E-01
  6.00000000E+00 -7.42000000E-01  9.94823374E-02 -2.82556258E-02 -2.15518949E-02  0.00000000E+00  2.76253154E-02  4.54634880E-01
  6.00000000E+00 -7.39000000E-01  1.01097621E-01 -2.85870627E-02 -2.15736960E-02  0.00000000E+00  2.77930127E-02  4.54079751E-01
  6.00000000E+00 -7.36000000E-01  1.02722773E-01 -2.89177401E-02 -2.15983244E-02  0.00000000E+00  2.79594159E-02  4.53488548E-01
  6.00000000E+00 -7.33000000E-01  1.04357830E-01 -2.92476881E-02 -2.16255653E-02  0.00000000E+00  2.81245181E-02  4.52862399E-01
  6.00000000E+00 -7.30000000E-01  1.06002834E-01 -2.95769368E-02 -2.16552037E-02  0.00000000E+00  2.82883120E-02  4.52202430E-01
  6.00000000E+00 -7.27000000E-01  1.07657821E-01 -2.99055164E-02 -2.16870247E-02  0.00000000E+00  2.84507905E-02  4.51509767E-01
  6.00000000E+00 -7.24000000E-01  1.09322832E-01 -3.02334572E-02 -2.17208135E-02  0.00000000E+00  2.86119463E-02  4.50785539E-01
  6.00000000E+00 -7.21000000E-01  1.10997904E-01 -3.05607893E-02 -2.17563551E-02  0.00000000E+00  2.87717724E-02  4.50030871E-01
  6.00000000E+00 -7.18000000E-01  1.12683078E-01 -3.08875429E-02 -2.17934346E-02  0.00000000E+00  2.89302616E-02  4.49246890E-01
  6.00000000E+00 -7.15000000E-01  1.14378391E-01 -3.12137481E-02 -2.18318372E-02  0.00000000E+00  2.90874066E-02  4.48434723E-01
  6.00000000E+00 -7.12000000E-01  1.16083883E-01 -3.15394352E-02 -2.18713479E-02  0.00000000E+00  2.92432004E-02  4.47595497E-01
  6.00000000E+00 -7.09000000E-01  1.17799592E-01 -3.18646343E-02 -2.19117518E-02  0.00000000E+00  2.93976357E-02  4.46730339E-01
  6.00000000E+00 -7.06000000E-01  1.19525558E-01 -3.21893756E-02 -2.19528341E-02  0.00000000E+00  2.95507054E-02  4.45840375E-01
  6.00000000E+00 -7.03000000E-01  1.21261819E-01 -3.25136892E-02 -2.19943798E-02  0.00000000E+00  2.97024023E-02  4.44926732E-01
  6.00000000E+00 -7.00000000E-01  1.23008414E-01 -3.28376055E-02 -2.20361740E-02  0.00000000E+00  2.98527193E-02  4.43990537E-01
  6.00000000E+00 -6.97000000E-01  1.24765382E-01 -3.31611544E-02 -2.20780019E-02  0.00000000E+00  3.00016492E-02  4.43032917E-01
  6.00000000E+00 -6.94000000E-01  1.26532762E-01 -3.34843663E-02 -2.21196485E-02  0.00000000E+00  3.01491848E-02  4.42054999E-01
  6.00000000E+00 -6.91000000E-01  1.28310593E-01 -3.38072713E-02 -2.21608989E-02  0.00000000E+00  3.02953190E-02  4.41057909E-01
  6.00000000E+00 -6.88000000E-01  1.30098913E-01 -3.41298996E-02 -2.22015383E-02  0.00000000E+00  3.04400445E-02  4.40042774E-01
  6.00000000E+00 -6.85000000E-01  1.31897762E-01 -3.44522814E-02 -2.22413517E-02  0.00000000E+00  3.05833543E-02  4.39010721E-01
  6.00000000E+00 -6.82000000E-01  1.33707178E-01 -3.47744467E-02 -2.22801242E-02  0.00000000E+00  3.07252412E-02  4.37962877E-01
  6.00000000E+00 -6.79000000E-01  1.35527201E-01 -3.50964259E-02 -2.23176410E-02  0.00000000E+00  3.08656979E-02  4.36900369E-01
  6.00000000E+00 -6.76000000E-01  1.37357869E-01 -3.54182491E-02 -2.23536871E-02  0.00000000E+00  3.10047173E-02  4.35824322E-01
  6.00000000E+00 -6.73000000E-01  1.39199220E-01 -3.57399465E-02 -2.23880476E-02  0.00000000E+00  3.11422923E-02  4.34735865E-01
  6.00000000E+00 -6.70000000E-01  1.41051295E-01 -3.60615483E-02 -2.24205077E-02  0.00000000E+00  3.12784157E-02  4.33636124E-01
  6.00000000E+00 -6.67000000E-01  1.42914131E-01 -3.63830845E-02 -2.24508524E-02  0.00000000E+00  3.14130803E-02  4.32526225E-01
  6.00000000E+00 -6.64000000E-01  1.44787768E-01 -3.67045855E-02 -2.24788668E-02  0.00000000E+00  3.15462790E-02  4.31407296E-01
  6.00000000E+00 -6.61000000E-01  1.46672245E-01 -3.70260815E-02 -2.25043360E-02  0.00000000E+00  3.16780045E-02  4.30280463E-01
  6.00000000E+00 -6.58000000E-01  1.48567600E-01 -3.73476024E-02 -2.25270452E-02  0.00000000E+00  3.18082498E-02  4.29146854E-01
  6.00000000E+00 -6.55000000E-01  1.50473872E-01 -3.76691787E-02 -2.25467794E-02  0.00000000E+00  3.19370076E-02  4.28007594E-01
  6.00000000E+00 -6.52000000E-01  1.52391100E-01 -3.79908404E-02 -2.25633237E-02  0.00000000E+00  3.20642708E-02  4.26863811E-01
  6.00000000E+00 -6.49000000E-01  1.54319324E-01 -3.83126177E-02 -2.25764633E-02  0.00000000E+00  3.21900322E-02  4.25716631E-01
  6.00000000E+00 -6.46000000E-01  1.56258581E-01 -3.86345408E-02 -2.25859831E-02  0.00000000E+00  3.23142847E-02  4.24567181E-01
  6.00000000E+00 -6.43000000E-01  1.58208911E-01 -3.89566398E-02 -2.25916684E-02  0.00000000E+00  3.24370211E-02  4.23416589E-01
  6.00000000E+00 -6.40000000E-01  1.60170353E-01 -3.92789451E-02 -2.25933042E-02  0.00000000E+00  3.25582341E-02  4.22265980E-01
  6.00000000E+00 -6.37000000E-01  1.62142945E-01 -3.96014866E-02 -2.25906757E-02  0.00000000E+00  3.26779168E-02  4.21116482E-01
  6.00000000E+00 -6.34000000E-01  1.64126727E-01 -3.99242947E-02 -2.25835678E-02  0.00000000E+00  3.27960618E-02  4.19969221E-01
  6.00000000E+00 -6.31000000E-01  1.66121737E-01 -4.02473995E-02 -2.25717658E-02  0.00000000E+00  3.29126620E-02  4.18825324E-01
  6.00000000E+00 -6.28000000E-01  1.68128014E-01 -4.05708312E-02 -2.25550547E-02  0.00000000E+00  3.30277103E-02  4.17685919E-01
  6.00000000E+00 -6.25000000E-01  1.70145597E-01 -4.08946200E-02 -2.25332196E-02  0.00000000E+00  3.31411994E-02  4.16552131E-01
  6.00000000E+00 -6.22000000E-01  1.72174525E-01 -4.12187959E-02 -2.25060456E-02  0.00000000E+00  3.32531223E-02  4.15425088E-01
  6.00000000E+00 -6.19000000E-01  1.74214837E-01 -4.15433893E-02 -2.24733178E-02  0.00000000E+00  3.33634717E-02  4.14305916E-01
  6.00000000E+00 -6.16000000E-01  1.76266572E-01 -4.18684303E-02 -2.24348213E-02  0.00000000E+00  3.34722404E-02  4.13195743E-01
  6.00000000E+00 -6.13000000E-01  1.78329768E-01 -4.21939491E-02 -2.23903413E-02  0.00000000E+00  3.35794214E-02  4.12095694E-01
  6.00000000E+00 -6.10000000E-01  1.80404465E-01 -4.25199758E-02 -2.23396627E-02  0.00000000E+00  3.36850075E-02  4.11006897E-01
  6.00000000E+00 -6.07000000E-01  1.82490701E-01 -4.28465407E-02 -2.22825707E-02  0.00000000E+00  3.37889914E-02  4.09930479E-01
  6.00000000E+00 -6.04000000E-01  1.84588515E-01 -4.31736739E-02 -2.22188505E-02  0.00000000E+00  3.38913660E-02  4.08867566E-01
  6.00000000E+00 -6.01000000E-01  1.86697946E-01 -4.35014056E-02 -2.21482870E-02  0.00000000E+00  3.39921242E-02  4.07819285E-01
  6.00000000E+00 -5.98000000E-01  1.88813828E-01 -4.38134293E-02 -2.21737746E-02  0.00000000E+00  3.40905753E-02  4.06715860E-01
  6.00000000E+00 -5.95000000E-01  1.90938920E-01 -4.41176050E-02 -2.22457568E-02  0.00000000E+00  3.41868619E-02  4.05583706E-01
  6.00000000E+00 -5.92000000E-01  1.93075813E-01 -4.44220097E-02 -2.23132204E-02  0.00000000E+00  3.42812738E-02  4.04456535E-01
  6.00000000E+00 -5.89000000E-01  1.95224463E-01 -4.47266138E-02 -2.23763011E-02  0.00000000E+00  3.43737965E-02  4.03334537E-01
  6.00000000E+00 -5.86000000E-01  1.97384824E-01 -4.50313874E-02 -2.24351344E-02  0.00000000E+00  3.44644155E-02  4.02217902E-01
  6.00000000E+00 -5.83000000E-01  1.99556852E-01 -4.53363008E-02 -2.24898560E-02  0.00000000E+00  3.45531164E-02  4.01106820E-01
  6.00000000E+00 -5.80000000E-01  2.01740504E-01 -4.56413241E-02 -2.25406015E-02  0.00000000E+00  3.46398846E-02  4.00001481E-01
  6.00000000E+00 -5.77000000E-01  2.03935733E-01 -4.59464275E-02 -2.25875066E-02  0.00000000E+00  3.47247058E-02  3.98902075E-01
  6.00000000E+00 -5.74000000E-01  2.06142496E-01 -4.62515813E-02 -2.26307068E-02  0.00000000E+00  3.48075655E-02  3.97808791E-01
  6.00000000E+00 -5.71000000E-01  2.08360747E-01 -4.65567556E-02 -2.26703378E-02  0.00000000E+00  3.48884492E-02  3.96721819E-01
  6.00000000E+00 -5.68000000E-01  2.10590444E-01 -4.68619207E-02 -2.27065351E-02  0.00000000E+00  3.49673424E-02  3.95641350E-01
  6.00000000E+00 -5.65000000E-01  2.12831540E-01 -4.71670468E-02 -2.27394345E-02  0.00000000E+00  3.50442307E-02  3.94567573E-01
  6.00000000E+00 -5.62000000E-01  2.15083991E-01 -4.74721041E-02 -2.27691715E-02  0.00000000E+00  3.51190996E-02  3.93500679E-01
  6.00000000E+00 -5.59000000E-01  2.17347753E-01 -4.77770627E-02 -2.27958817E-02  0.00000000E+00  3.51919347E-02  3.92440856E-01
  6.00000000E+00 -5.56000000E-01  2.19622781E-01 -4.80818930E-02 -2.28197008E-02  0.00000000E+00  3.52627214E-02  3.91388296E-01
  6.00000000E+00 -5.53000000E-01  2.21909031E-01 -4.83865650E-02 -2.28407643E-02  0.00000000E+00  3.53314454E-02  3.90343188E-01
  6.00000000E+00 -5.50000000E-01  2.24206458E-01 -4.86910491E-02 -2.28592080E-02  0.00000000E+00  3.53980921E-02  3.89305721E-01
  6.00000000E+00 -5.47000000E-01  2.26515017E-01 -4.89953154E-02 -2.28751673E-02  0.00000000E+00  3.54626471E-02  3.88276087E-01
  6.00000000E+00 -5.44000000E-01  2.28834664E-01 -4.92993341E-02 -2.28887780E-02  0.00000000E+00  3.55250959E-02  3.87254474E-01
  6.00000000E+00 -5.41000000E-01  2.31165354E-01 -4.96030755E-02 -2.29001757E-02  0.00000000E+00  3.55854241E-02  3.86241072E-01
  6.00000000E+00 -5.38000000E-01  2.33507043E-01 -4.99065097E-02 -2.29094959E-02  0.00000000E+00  3.56436172E-02  3.85236073E-01
  6.00000000E+00 -5.35000000E-01  2.35859686E-01 -5.02096070E-02 -2.29168743E-02  0.00000000E+00  3.56996608E-02  3.84239664E-01
  6.00000000E+00 -5.32000000E-01  2.38223239E-01 -5.05123375E-02 -2.29224465E-02  0.00000000E+00  3.57535402E-02  3.83252038E-01
  6.00000000E+00 -5.29000000E-01  2.40597657E-01 -5.08146714E-02 -2.29263481E-02  0.00000000E+00  3.58052412E-02  3.82273382E-01
  6.00000000E+00 -5.26000000E-01  2.42982896E-01 -5.11165791E-02 -2.29287148E-02  0.00000000E+00  3.58547493E-02  3.81303888E-01
  6.00000000E+00 -5.23000000E-01  2.45378910E-01 -5.14180306E-02 -2.29296821E-02  0.00000000E+00  3.59020499E-02  3.80343744E-01
  6.00000000E+00 -5.20000000E-01  2.47785656E-01 -5.17189962E-02 -2.29293857E-02  0.00000000E+00  3.59471286E-02  3.79393142E-01
  6.00000000E+00 -5.17000000E-01  2.50203088E-01 -5.20194461E-02 -2.29279612E-02  0.00000000E+00  3.59899710E-02  3.78452271E-01
  6.00000000E+00 -5.14000000E-01  2.52631163E-01 -5.23193505E-02 -2.29255442E-02  0.00000000E+00  3.60305625E-02  3.77521321E-01
  6.00000000E+00 -5.11000000E-01  2.55069835E-01 -5.26186796E-02 -2.29222704E-02  0.00000000E+00  3.60688888E-02  3.76600481E-01
  6.00000000E+00 -5.08000000E-01  2.57519060E-01 -5.29174037E-02 -2.29182753E-02  0.00000000E+00  3.61049353E-02  3.75689942E-01
  6.00000000E+00 -5.05000000E-01  2.59978794E-01 -5.32154928E-02 -2.29136946E-02  0.00000000E+00  3.61386877E-02  3.74789894E-01
  6.00000000E+00 -5.02000000E-01  2.62448992E-01 -5.35129173E-02 -2.29086639E-02  0.00000000E+00  3.61701313E-02  3.73900526E-01
  6.00000000E+00 -4.99000000E-01  2.64929609E-01 -5.38096474E-02 -2.29033187E-02  0.00000000E+00  3.61992518E-02  3.73022029E-01
  6.00000000E+00 -4.96000000E-01  2.67420601E-01 -5.41056531E-02 -2.28977948E-02  0.00000000E+00  3.62260347E-02  3.72154592E-01
  6.00000000E+00 -4.93000000E-01  2.69921924E-01 -5.44009049E-02 -2.28922278E-02  0.00000000E+00  3.62504655E-02  3.71298405E-01
  6.00000000E+00 -4.90000000E-01  2.72433531E-01 -5.46953728E-02 -2.28867532E-02  0.00000000E+00  3.62725298E-02  3.70453658E-01
  6.00000000E+00 -4.87000000E-01  2.74955381E-01 -5.49890270E-02 -2.28815067E-02  0.00000000E+00  3.62922131E-02  3.69620542E-01
  6.00000000E+00 -4.84000000E-01  2.77487426E-01 -5.52818378E-02 -2.28766239E-02  0.00000000E+00  3.63095010E-02  3.68799246E-01
  6.00000000E+00 -4.81000000E-01  2.80029624E-01 -5.55737755E-02 -2.28722404E-02  0.00000000E+00  3.63243789E-02  3.67989959E-01
  6.00000000E+00 -4.78000000E-01  2.82581929E-01 -5.58648101E-02 -2.28684919E-02  0.00000000E+00  3.63368324E-02  3.67192873E-01
  6.00000000E+00 -4.75000000E-01  2.85144297E-01 -5.61549119E-02 -2.28655139E-02  0.00000000E+00  3.63468471E-02  3.66408176E-01
  6.00000000E+00 -4.72000000E-01  2.87716683E-01 -5.64440511E-02 -2.28634421E-02  0.00000000E+00  3.63544084E-02  3.65636058E-01
  6.00000000E+00 -4.69000000E-01  2.90299043E-01 -5.67321979E-02 -2.28624121E-02  0.00000000E+00  3.63595020E-02  3.64876711E-01
  6.00000000E+00 -4.66000000E-01  2.92891332E-01 -5.70193226E-02 -2.28625595E-02  0.00000000E+00  3.63621133E-02  3.64130323E-01
  6.00000000E+00 -4.63000000E-01  2.95493505E-01 -5.73053952E-02 -2.28640199E-02  0.00000000E+00  3.63622279E-02  3.63397084E-01
  6.00000000E+00 -4.60000000E-01  2.98105519E-01 -5.75903861E-02 -2.28669290E-02  0.00000000E+00  3.63598314E-02  3.62677185E-01
  6.00000000E+00 -4.57000000E-01  3.00727328E-01 -5.78742655E-02 -2.28714223E-02  0.00000000E+00  3.63549092E-02  3.61970815E-01
  6.00000000E+00 -4.54000000E-01  3.03358888E-01 -5.81570035E-02 -2.28776356E-02  0.00000000E+00  3.63474468E-02  3.61278164E-01
  6.00000000E+00 -4.51000000E-01  3.06000155E-01 -5.84385703E-02 -2.28857043E-02  0.00000000E+00  3.63374300E-02  3.60599422E-01
  6.00000000E+00 -4.48000000E-01  3.08651083E-01 -5.87189363E-02 -2.28957642E-02  0.00000000E+00  3.63248440E-02  3.59934779E-01
  6.00000000E+00 -4.45000000E-01  3.11311628E-01 -5.89980715E-02 -2.29079508E-02  0.00000000E+00  3.63096746E-02  3.59284425E-01
  6.00000000E+00 -4.42000000E-01  3.13981746E-01 -5.92759461E-02 -2.29223998E-02  0.00000000E+00  3.62919073E-02  3.58648550E-01
  6.00000000E+00 -4.39000000E-01  3.16661392E-01 -5.95525305E-02 -2.29392467E-02  0.00000000E+00  3.62715274E-02  3.58027343E-01
  6.00000000E+00 -4.36000000E-01  3.19350521E-01 -5.98277947E-02 -2.29586273E-02  0.00000000E+00  3.62485207E-02  3.57420996E-01
  6.00000000E+00 -4.33000000E-01  3.22049090E-01 -6.01017091E-02 -2.29806771E-02  0.00000000E+00  3.62228727E-02  3.56829696E-01
  6.00000000E+00 -4.30000000E-01  3.24757053E-01 -6.03742438E-02 -2.30055317E-02  0.00000000E+00  3.61945688E-02  3.56253636E-01
  6.00000000E+00 -4.27000000E-01  3.27474365E-01 -6.06453689E-02 -2.30333268E-02  0.00000000E+00  3.61635947E-02  3.55693003E-01
  6.00000000E+00 -4.24000000E-01  3.30200983E-01 -6.09150548E-02 -2.30641979E-02  0.00000000E+00  3.61299358E-02  3.55147989E-01
  6.00000000E+00 -4.21000000E-01  3.32936862E-01 -6.11832717E-02 -2.30982808E-02  0.00000000E+00  3.60935776E-02  3.54618784E-01
  6.00000000E+00 -4.18000000E-01  3.35681956E-01 -6.14499896E-02 -2.31357109E-02  0.00000000E+00  3.60545058E-02  3.54105576E-01
  6.00000000E+00 -4.15000000E-01  3.38436222E-01 -6.17151789E-02 -2.31766240E-02  0.00000000E+00  3.60127059E-02  3.53608557E-01
  6.00000000E+00 -4.12000000E-01  3.41199615E-01 -6.19788098E-02 -2.32211557E-02  0.00000000E+00  3.59681633E-02  3.53127915E-01
  6.00000000E+00 -4.09000000E-01  3.43972091E-01 -6.22408524E-02 -2.32694415E-02  0.00000000E+00  3.59208637E-02  3.52663841E-01
  6.00000000E+00 -4.06000000E-01  3.46753604E-01 -6.25012770E-02 -2.33216171E-02  0.00000000E+00  3.58707926E-02  3.52216525E-01
  6.00000000E+00 -4.03000000E-01  3.49544111E-01 -6.27600538E-02 -2.33778181E-02  0.00000000E+00  3.58179354E-02  3.51786157E-01
  6.00000000E+00 -4.00000000E-01  3.52343566E-01 -6.30171530E-02 -2.34381799E-02  0.00000000E+00  3.57622778E-02  3.51372927E-01
  6.00000000E+00 -3.97000000E-01  3.55142908E-01 -6.32857691E-02 -2.34060487E-02  0.00000000E+00  3.57057785E-02  3.50992813E-01
  6.00000000E+00 -3.94000000E-01  3.57951209E-01 -6.35528862E-02 -2.33768962E-02  0.00000000E+00  3.56461980E-02  3.50627490E-01
  6.00000000E+00 -3.91000000E-01  3.60768276E-01 -6.38185018E-02 -2.33506356E-02  0.00000000E+00  3.55835523E-02  3.50277408E-01
  6.00000000E+00 -3.88000000E-01  3.63593916E-01 -6.40826135E-02 -2.33271798E-02  0.00000000E+00  3.55178575E-02  3.49943022E-01
  6.00000000E+00 -3.85000000E-01  3.66427935E-01 -6.43452188E-02 -2.33064419E-02  0.00000000E+00  3.54491297E-02  3.49624785E-01
  6.00000000E+00 -3.82000000E-01  3.69270142E-01 -6.46063154E-02 -2.32883349E-02  0.00000000E+00  3.53773850E-02  3.49323147E-01
  6.00000000E+00 -3.79000000E-01  3.72120341E-01 -6.48659008E-02 -2.32727719E-02  0.00000000E+00  3.53026394E-02  3.49038564E-01
  6.00000000E+00 -3.76000000E-01  3.74978341E-01 -6.51239726E-02 -2.32596658E-02  0.00000000E+00  3.52249090E-02  3.48771486E-01
  6.00000000E+00 -3.73000000E-01  3.77843948E-01 -6.53805283E-02 -2.32489298E-02  0.00000000E+00  3.51442099E-02  3.48522368E-01
  6.00000000E+00 -3.70000000E-01  3.80716968E-01 -6.56355656E-02 -2.32404769E-02  0.00000000E+00  3.50605583E-02  3.48291661E-01
  6.00000000E+00 -3.67000000E-01  3.83597209E-01 -6.58890819E-02 -2.32342201E-02  0.00000000E+00  3.49739700E-02  3.48079819E-01
  6.00000000E+00 -3.64000000E-01  3.86484476E-01 -6.61410748E-02 -2.32300724E-02  0.00000000E+00  3.48844613E-02  3.47887294E-01
  6.00000000E+00 -3.61000000E-01  3.89378578E-01 -6.63915421E-02 -2.32279469E-02  0.00000000E+00  3.47920482E-02  3.47714539E-01
  6.00000000E+00 -3.58000000E-01  3.92279321E-01 -6.66404810E-02 -2.32277566E-02  0.00000000E+00  3.46967468E-02  3.47562007E-01
  6.00000000E+00 -3.55000000E-01  3.95186511E-01 -6.68878894E-02 -2.32294146E-02  0.00000000E+00  3.45985732E-02  3.47430151E-01
  6.00000000E+00 -3.52000000E-01  3.98099956E-01 -6.71337647E-02 -2.32328338E-02  0.00000000E+00  3.44975434E-02  3.47319422E-01
  6.00000000E+00 -3.49000000E-01  4.01019462E-01 -6.73781045E-02 -2.32379274E-02  0.00000000E+00  3.43936736E-02  3.47230275E-01
  6.00000000E+00 -3.46000000E-01  4.03944836E-01 -6.76209064E-02 -2.32446083E-02  0.00000000E+00  3.42869797E-02  3.47163162E-01
  6.00000000E+00 -3.43000000E-01  4.06875884E-01 -6.78621680E-02 -2.32527896E-02  0.00000000E+00  3.41774779E-02  3.47118535E-01
  6.00000000E+00 -3.40000000E-01  4.09812414E-01 -6.81018867E-02 -2.32623844E-02  0.00000000E+00  3.40651843E-02  3.47096847E-01
  6.00000000E+00 -3.37000000E-01  4.12754233E-01 -6.83400602E-02 -2.32733056E-02  0.00000000E+00  3.39501150E-02  3.47098551E-01
  6.00000000E+00 -3.34000000E-01  4.15701146E-01 -6.85766861E-02 -2.32854663E-02  0.00000000E+00  3.38322859E-02  3.47124100E-01
  6.00000000E+00 -3.31000000E-01  4.18652962E-01 -6.88117620E-02 -2.32987796E-02  0.00000000E+00  3.37117133E-02  3.47173946E-01
  6.00000000E+00 -3.28000000E-01  4.21609486E-01 -6.90452853E-02 -2.33131584E-02  0.00000000E+00  3.35884131E-02  3.47248543E-01
  6.00000000E+00 -3.25000000E-01  4.24570525E-01 -6.92772537E-02 -2.33285158E-02  0.00000000E+00  3.34624015E-02  3.47348343E-01
  6.00000000E+00 -3.22000000E-01  4.27535887E-01 -6.95076647E-02 -2.33447649E-02  0.00000000E+00  3.33336945E-02  3.47473798E-01
  6.00000000E+00 -3.19000000E-01  4.30505377E-01 -6.97365160E-02 -2.33618187E-02  0.00000000E+00  3.32023082E-02  3.47625362E-01
  6.00000000E+00 -3.16000000E-01  4.33478804E-01 -6.99638050E-02 -2.33795901E-02  0.00000000E+00  3.30682587E-02  3.47803488E-01
  6.00000000E+00 -3.13000000E-01  4.36455973E-01 -7.01895294E-02 -2.33979924E-02  0.00000000E+00  3.29315621E-02  3.48008627E-01
  6.00000000E+00 -3.10000000E-01  4.39436691E-01 -7.04136867E-02 -2.34169384E-02  0.00000000E+00  3.27922344E-02  3.48241233E-01
  6.00000000E+00 -3.07000000E-01  4.42420766E-01 -7.06362745E-02 -2.34363412E-02  0.00000000E+00  3.26502918E-02  3.48501758E-01
  6.00000000E+00 -3.04000000E-01  4.45408003E-01 -7.08572904E-02 -2.34561139E-02  0.00000000E+00  3.25057502E-02  3.48790656E-01
  6.00000000E+00 -3.01000000E-01  4.48398211E-01 -7.10767319E-02 -2.34761695E-02  0.00000000E+00  3.23586259E-02  3.49108379E-01
  6.00000000E+00 -2.98000000E-01  4.51391195E-01 -7.12945966E-02 -2.34964210E-02  0.00000000E+00  3.22089348E-02  3.49455379E-01
  6.00000000E+00 -2.95000000E-01  4.54386762E-01 -7.15108820E-02 -2.35167815E-02  0.00000000E+00  3.20566930E-02  3.49832110E-01
  6.00000000E+00 -2.92000000E-01  4.57384719E-01 -7.17255858E-02 -2.35371640E-02  0.00000000E+00  3.19019167E-02  3.50239024E-01
  6.00000000E+00 -2.89000000E-01  4.60384873E-01 -7.19387056E-02 -2.35574815E-02  0.00000000E+00  3.17446218E-02  3.50676574E-01
  6.00000000E+00 -2.86000000E-01  4.63387031E-01 -7.21502388E-02 -2.35776471E-02  0.00000000E+00  3.15848246E-02  3.51145213E-01
  6.00000000E+00 -2.83000000E-01  4.66390999E-01 -7.23601831E-02 -2.35975738E-02  0.00000000E+00  3.14225409E-02  3.51645394E-01
  6.00000000E+00 -2.80000000E-01  4.69396584E-01 -7.25685360E-02 -2.36171746E-02  0.00000000E+00  3.12577871E-02  3.52177568E-01
  6.00000000E+00 -2.77000000E-01  4.72403593E-01 -7.27752951E-02 -2.36363627E-02  0.00000000E+00  3.10905790E-02  3.52742190E-01
  6.00000000E+00 -2.74000000E-01  4.75411834E-01 -7.29804579E-02 -2.36550509E-02  0.00000000E+00  3.09209328E-02  3.53339711E-01
  6.00000000E+00 -2.71000000E-01  4.78421111E-01 -7.31840221E-02 -2.36731524E-02  0.00000000E+00  3.07488646E-02  3.53970585E-01
  6.00000000E+00 -2.68000000E-01  4.81431233E-01 -7.33859852E-02 -2.36905802E-02  0.00000000E+00  3.05743905E-02  3.54635264E-01
  6.00000000E+00 -2.65000000E-01  4.84442007E-01 -7.35863448E-02 -2.37072473E-02  0.00000000E+00  3.03975265E-02  3.55334200E-01
  6.00000000E+00 -2.62000000E-01  4.87453238E-01 -7.37850985E-02 -2.37230668E-02  0.00000000E+00  3.02182887E-02  3.56067848E-01
  6.00000000E+00 -2.59000000E-01  4.90464734E-01 -7.39822437E-02 -2.37379516E-02  0.00000000E+00  3.00366931E-02  3.56836659E-01
  6.00000000E+00 -2.56000000E-01  4.93476301E-01 -7.41777782E-02 -2.37518149E-02  0.00000000E+00  2.98527560E-02  3.57641086E-01
  6.00000000E+00 -2.53000000E-01  4.96487747E-01 -7.43716994E-02 -2.37645697E-02  0.00000000E+00  2.96664933E-02  3.58481583E-01
  6.00000000E+00 -2.50000000E-01  4.99498877E-01 -7.45640049E-02 -2.37761290E-02  0.00000000E+00  2.94779211E-02  3.59358600E-01
  6.00000000E+00 -2.47000000E-01  5.02509500E-01 -7.47546924E-02 -2.37864058E-02  0.00000000E+00  2.92870555E-02  3.60272593E-01
  6.00000000E+00 -2.44000000E-01  5.05519421E-01 -7.49437593E-02 -2.37953131E-02  0.00000000E+00  2.90939126E-02  3.61224012E-01
  6.00000000E+00 -2.41000000E-01  5.08528448E-01 -7.51312032E-02 -2.38027641E-02  0.00000000E+00  2.88985084E-02  3.62213311E-01
  6.00000000E+00 -2.38000000E-01  5.11536387E-01 -7.53170218E-02 -2.38086717E-02  0.00000000E+00  2.87008591E-02  3.63240943E-01
  6.00000000E+00 -2.35000000E-01  5.14543045E-01 -7.55012126E-02 -2.38129490E-02  0.00000000E+00  2.85009807E-02  3.64307361E-01
  6.00000000E+00 -2.32000000E-01  5.17548228E-01 -7.56837731E-02 -2.38155091E-02  0.00000000E+00  2.82988893E-02  3.65413016E-01
  6.00000000E+00 -2.29000000E-01  5.20551744E-01 -7.58647010E-02 -2.38162649E-02  0.00000000E+00  2.80946010E-02  3.66558363E-01
  6.00000000E+00 -2.26000000E-01  5.23553400E-01 -7.60439937E-02 -2.38151294E-02  0.00000000E+00  2.78881318E-02  3.67743853E-01
  6.00000000E+00 -2.23000000E-01  5.26553002E-01 -7.62216489E-02 -2.38120158E-02  0.00000000E+00  2.76794979E-02  3.68969939E-01
  6.00000000E+00 -2.20000000E-01  5.29550356E-01 -7.63976642E-02 -2.38068371E-02  0.00000000E+00  2.74687153E-02  3.70237075E-01
  6.00000000E+00 -2.17000000E-01  5.32545271E-01 -7.65720370E-02 -2.37995062E-02  0.00000000E+00  2.72558001E-02  3.71545712E-01
  6.00000000E+00 -2.14000000E-01  5.35537551E-01 -7.67447651E-02 -2.37899363E-02  0.00000000E+00  2.70407683E-02  3.72896304E-01
  6.00000000E+00 -2.11000000E-01  5.38527006E-01 -7.69158458E-02 -2.37780404E-02  0.00000000E+00  2.68236361E-02  3.74289304E-01
  6.00000000E+00 -2.08000000E-01  5.41513440E-01 -7.70852770E-02 -2.37637314E-02  0.00000000E+00  2.66044196E-02  3.75725163E-01
  6.00000000E+00 -2.05000000E-01  5.44496661E-01 -7.72530560E-02 -2.37469226E-02  0.00000000E+00  2.63831347E-02  3.77204335E-01
  6.00000000E+00 -2.02000000E-01  5.47476475E-01 -7.74191804E-02 -2.37275267E-02  0.00000000E+00  2.61597976E-02  3.78727273E-01
  6.00000000E+00 -1.99000000E-01  5.50452192E-01 -7.75815213E-02 -2.37284880E-02  0.00000000E+00  2.59351001E-02  3.80328675E-01
  6.00000000E+00 -1.96000000E-01  5.53421690E-01 -7.77378163E-02 -2.37731849E-02  0.00000000E+00  2.57100006E-02  3.82042322E-01
  6.00000000E+00 -1.93000000E-01  5.56385008E-01 -7.78922482E-02 -2.38158067E-02  0.00000000E+00  2.54833381E-02  3.83800992E-01
  6.00000000E+00 -1.90000000E-01  5.59341893E-01 -7.80448128E-02 -2.38564218E-02  0.00000000E+00  2.52551816E-02  3.85606778E-01
  6.00000000E+00 -1.87000000E-01  5.62292092E-01 -7.81955055E-02 -2.38950983E-02  0.00000000E+00  2.50255998E-02  3.87461772E-01
  6.00000000E+00 -1.84000000E-01  5.65235349E-01 -7.83443221E-02 -2.39319045E-02  0.00000000E+00  2.47946615E-02  3.89368066E-01
  6.00000000E+00 -1.81000000E-01  5.68171411E-01 -7.84912582E-02 -2.39669088E-02  0.00000000E+00  2.45624355E-02  3.91327753E-01
  6.00000000E+00 -1.78000000E-01  5.71100025E-01 -7.86363095E-02 -2.40001793E-02  0.00000000E+00  2.43289907E-02  3.93342924E-01
  6.00000000E+00 -1.75000000E-01  5.74020936E-01 -7.87794716E-02 -2.40317843E-02  0.00000000E+00  2.40943958E-02  3.95415672E-01
  6.00000000E+00 -1.72000000E-01  5.76933891E-01 -7.89207402E-02 -2.40617921E-02  0.00000000E+00  2.38587196E-02  3.97548089E-01
  6.00000000E+00 -1.69000000E-01  5.79838636E-01 -7.90601109E-02 -2.40902709E-02  0.00000000E+00  2.36220310E-02  3.99742267E-01
  6.00000000E+00 -1.66000000E-01  5.82734916E-01 -7.91975793E-02 -2.41172891E-02  0.00000000E+00  2.33843988E-02  4.02000299E-01
  6.00000000E+00 -1.63000000E-01  5.85622478E-01 -7.93331412E-02 -2.41429148E-02  0.00000000E+00  2.31458918E-02  4.04324277E-01
  6.00000000E+00 -1.60000000E-01  5.88501068E-01 -7.94667921E-02 -2.41672164E-02  0.00000000E+00  2.29065787E-02  4.06716292E-01
  6.00000000E+00 -1.57000000E-01  5.91370433E-01 -7.95985276E-02 -2.41902620E-02  0.00000000E+00  2.26665285E-02  4.09178438E-01
  6.00000000E+00 -1.54000000E-01  5.94230317E-01 -7.97283436E-02 -2.42121200E-02  0.00000000E+00  2.24258098E-02  4.11712807E-01
  6.00000000E+00 -1.51000000E-01  5.97080468E-01 -7.98562355E-02 -2.42328587E-02  0.00000000E+00  2.21844916E-02  4.14321490E-01
  6.00000000E+00 -1.48000000E-01  5.99920632E-01 -7.99821991E-02 -2.42525462E-02  0.00000000E+00  2.19426425E-02  4.17006580E-01
  6.00000000E+00 -1.45000000E-01  6.02750553E-01 -8.01062299E-02 -2.42712508E-02  0.00000000E+00  2.17003315E-02  4.19770169E-01
  6.00000000E+00 -1.42000000E-01  6.05569980E-01 -8.02283237E-02 -2.42890409E-02  0.00000000E+00  2.14576273E-02  4.22614350E-01
  6.00000000E+00 -1.39000000E-01  6.08378657E-01 -8.03484761E-02 -2.43059846E-02  0.00000000E+00  2.12145988E-02  4.25541214E-01
  6.00000000E+00 -1.36000000E-01  6.11176332E-01 -8.04666827E-02 -2.43221502E-02  0.00000000E+00  2.09713147E-02  4.28552854E-01
  6.00000000E+00 -1.33000000E-01  6.13962749E-01 -8.05829392E-02 -2.43376060E-02  0.00000000E+00  2.07278439E-02  4.31651362E-01
  6.00000000E+00 -1.30000000E-01  6.16737655E-01 -8.06972412E-02 -2.43524203E-02  0.00000000E+00  2.04842551E-02  4.34838831E-01
  6.00000000E+00 -1.27000000E-01  6.19500797E-01 -8.08095843E-02 -2.43666613E-02  0.00000000E+00  2.02406172E-02  4.38117352E-01
  6.00000000E+00 -1.24000000E-01  6.22251920E-01 -8.09199643E-02 -2.43803973E-02  0.00000000E+00  1.99969990E-02  4.41489017E-01
  6.00000000E+00 -1.21000000E-01  6.24990771E-01 -8.10283768E-02 -2.43936965E-02  0.00000000E+00  1.97534693E-02  4.44955920E-01
  6.00000000E+00 -1.18000000E-01  6.27717095E-01 -8.11348174E-02 -2.44066272E-02  0.00000000E+00  1.95100969E-02  4.48520152E-01
  6.00000000E+00 -1.15000000E-01  6.30430638E-01 -8.12392817E-02 -2.44192576E-02  0.00000000E+00  1.92669506E-02  4.52183806E-01
  6.00000000E+00 -1.12000000E-01  6.33131148E-01 -8.13417655E-02 -2.44316561E-02  0.00000000E+00  1.90240992E-02  4.55948973E-01
  6.00000000E+00 -1.09000000E-01  6.35818370E-01 -8.14422643E-02 -2.44438909E-02  0.00000000E+00  1.87816115E-02  4.59817747E-01
  6.00000000E+00 -1.06000000E-01  6.38492049E-01 -8.15407738E-02 -2.44560302E-02  0.00000000E+00  1.85395563E-02  4.63792218E-01
  6.00000000E+00 -1.03000000E-01  6.41151933E-01 -8.16372896E-02 -2.44681423E-02  0.00000000E+00  1.82980025E-02  4.67874480E-01
  6.00000000E+00 -1.00000000E-01  6.43797767E-01 -8.17318075E-02 -2.44802955E-02  0.00000000E+00  1.80570188E-02  4.72066625E-01
  6.00000000E+00 -9.70000000E-02  6.46429297E-01 -8.18243230E-02 -2.44925580E-02  0.00000000E+00  1.78166741E-02  4.76370744E-01
  6.00000000E+00 -9.40000000E-02  6.49046270E-01 -8.19148318E-02 -2.45049982E-02  0.00000000E+00  1.75770372E-02  4.80788931E-01
  6.00000000E+00 -9.10000000E-02  6.51648431E-01 -8.20033296E-02 -2.45176841E-02  0.00000000E+00  1.73381768E-02  4.85323276E-01
  6.00000000E+00 -8.80000000E-02  6.54235527E-01 -8.20898119E-02 -2.45306842E-02  0.00000000E+00  1.71001618E-02  4.89975874E-01
  6.00000000E+00 -8.50000000E-02  6.56807304E-01 -8.21742745E-02 -2.45440667E-02  0.00000000E+00  1.68630610E-02  4.94748815E-01
  6.00000000E+00 -8.20000000E-02  6.59363507E-01 -8.22567129E-02 -2.45578998E-02  0.00000000E+00  1.66269431E-02  4.99644192E-01
  6.00000000E+00 -7.90000000E-02  6.61903884E-01 -8.23371229E-02 -2.45722519E-02  0.00000000E+00  1.63918771E-02  5.04664098E-01
  6.00000000E+00 -7.60000000E-02  6.64428180E-01 -8.24155001E-02 -2.45871911E-02  0.00000000E+00  1.61579317E-02  5.09810624E-01
  6.00000000E+00 -7.30000000E-02  6.66936141E-01 -8.24918401E-02 -2.46027857E-02  0.00000000E+00  1.59251757E-02  5.15085863E-01
  6.00000000E+00 -7.00000000E-02  6.69427514E-01 -8.25661386E-02 -2.46191040E-02  0.00000000E+00  1.56936779E-02  5.20491907E-01
  6.00000000E+00 -6.70000000E-02  6.71902044E-01 -8.26383912E-02 -2.46362142E-02  0.00000000E+00  1.54635072E-02  5.26030848E-01
  6.00000000E+00 -6.40000000E-02  6.74359478E-01 -8.27085935E-02 -2.46541847E-02  0.00000000E+00  1.52347323E-02  5.31704778E-01
  6.00000000E+00 -6.10000000E-02  6.76799561E-01 -8.27767413E-02 -2.46730837E-02  0.00000000E+00  1.50074221E-02  5.37515790E-01
  6.00000000E+00 -5.80000000E-02  6.79222040E-01 -8.28428302E-02 -2.46929794E-02  0.00000000E+00  1.47816453E-02  5.43465976E-01
  6.00000000E+00 -5.50000000E-02  6.81626661E-01 -8.29068557E-02 -2.47139400E-02  0.00000000E+00  1.45574708E-02  5.49557428E-01
  6.00000000E+00 -5.20000000E-02  6.84013170E-01 -8.29688136E-02 -2.47360340E-02  0.00000000E+00  1.43349673E-02  5.55792238E-01
  6.00000000E+00 -4.90000000E-02  6.86381314E-01 -8.30286996E-02 -2.47593295E-02  0.00000000E+00  1.41142038E-02  5.62172499E-01
  6.00000000E+00 -4.60000000E-02  6.88730837E-01 -8.30865091E-02 -2.47838947E-02  0.00000000E+00  1.38952489E-02  5.68700303E-01
  6.00000000E+00 -4.30000000E-02  6.91061487E-01 -8.31422380E-02 -2.48097980E-02  0.00000000E+00  1.36781715E-02  5.75377742E-01
  6.00000000E+00 -4.00000000E-02  6.93373010E-01 -8.31958818E-02 -2.48371077E-02  0.00000000E+00  1.34630405E-02  5.82206908E-01
  6.00000000E+00 -3.70000000E-02  6.95665151E-01 -8.32474363E-02 -2.48658919E-02  0.00000000E+00  1.32499245E-02  5.89189893E-01
  6.00000000E+00 -3.40000000E-02  6.97937657E-01 -8.32968969E-02 -2.48962189E-02  0.00000000E+00  1.30388925E-02  5.96328791E-01
  6.00000000E+00 -3.10000000E-02  7.00190273E-01 -8.33442595E-02 -2.49281570E-02  0.00000000E+00  1.28300132E-02  6.03625692E-01
  6.00000000E+00 -2.80000000E-02  7.02422747E-01 -8.33895196E-02 -2.49617745E-02  0.00000000E+00  1.26233554E-02  6.11082689E-01
  6.00000000E+00 -2.50000000E-02  7.04634823E-01 -8.34326729E-02 -2.49971396E-02  0.00000000E+00  1.24189880E-02  6.18701875E-01
  6.00000000E+00 -2.20000000E-02  7.06826249E-01 -8.34737150E-02 -2.50343206E-02  0.00000000E+00  1.22169798E-02  6.26485342E-01
  6.00000000E+00 -1.90000000E-02  7.08996770E-01 -8.35126416E-02 -2.50733857E-02  0.00000000E+00  1.20173995E-02  6.34435181E-01
  6.00000000E+00 -1.60000000E-02  7.11146133E-01 -8.35494483E-02 -2.51144032E-02  0.00000000E+00  1.18203160E-02  6.42553485E-01
  6.00000000E+00 -1.30000000E-02  7.13274083E-01 -8.35841308E-02 -2.51574414E-02  0.00000000E+00  1.16257980E-02  6.50842347E-01
  6.00000000E+00 -1.00000000E-02  7.15380366E-01 -8.36166848E-02 -2.52025686E-02  0.00000000E+00  1.14339145E-02  6.59303859E-01
  6.00000000E+00 -7.00000000E-03  7.17464730E-01 -8.36471058E-02 -2.52498529E-02  0.00000000E+00  1.12447341E-02  6.67940112E-01
  6.00000000E+00 -4.00000000E-03  7.19526919E-01 -8.36753895E-02 -2.52993627E-02  0.00000000E+00  1.10583258E-02  6.76753199E-01
  6.00000000E+00 -1.00000000E-03  7.21566680E-01 -8.37015316E-02 -2.53511662E-02  0.00000000E+00  1.08747582E-02  6.85745213E-01
  6.00000000E+00  2.00000000E-03  7.23598012E-01 -8.37332246E-02 -2.53676556E-02  0.00000000E+00  1.06920560E-02  6.94844155E-01
  6.00000000E+00  5.00000000E-03  7.25613733E-01 -8.37666668E-02 -2.53677228E-02  0.00000000E+00  1.05114834E-02  7.04134590E-01
  6.00000000E+00  8.00000000E-03  7.27606849E-01 -8.37980541E-02 -2.53701358E-02  0.00000000E+00  1.03340829E-02  7.13659017E-01
  6.00000000E+00  1.10000000E-02  7.29577496E-01 -8.38274253E-02 -2.53748103E-02  0.00000000E+00  1.01598290E-02  7.23413089E-01
  6.00000000E+00  1.40000000E-02  7.31525810E-01 -8.38548192E-02 -2.53816620E-02  0.00000000E+00  9.98869681E-03  7.33392458E-01
  6.00000000E+00  1.70000000E-02  7.33451927E-01 -8.38802746E-02 -2.53906069E-02  0.00000000E+00  9.82066102E-03  7.43592779E-01
  6.00000000E+00  2.00000000E-02  7.35355984E-01 -8.39038303E-02 -2.54015605E-02  0.00000000E+00  9.65569651E-03  7.54009706E-01
  6.00000000E+00  2.30000000E-02  7.37238117E-01 -8.39255251E-02 -2.54144389E-02  0.00000000E+00  9.49377812E-03  7.64638891E-01
  6.00000000E+00  2.60000000E-02  7.39098461E-01 -8.39453979E-02 -2.54291576E-02  0.00000000E+00  9.33488069E-03  7.75475987E-01
  6.00000000E+00  2.90000000E-02  7.40937154E-01 -8.39634874E-02 -2.54456325E-02  0.00000000E+00  9.17897905E-03  7.86516649E-01
  6.00000000E+00  3.20000000E-02  7.42754330E-01 -8.39798324E-02 -2.54637794E-02  0.00000000E+00  9.02604805E-03  7.97756530E-01
  6.00000000E+00  3.50000000E-02  7.44550127E-01 -8.39944718E-02 -2.54835141E-02  0.00000000E+00  8.87606252E-03  8.09191283E-01
  6.00000000E+00  3.80000000E-02  7.46324681E-01 -8.40074444E-02 -2.55047523E-02  0.00000000E+00  8.72899730E-03  8.20816561E-01
  6.00000000E+00  4.10000000E-02  7.48078127E-01 -8.40187890E-02 -2.55274098E-02  0.00000000E+00  8.58482724E-03  8.32628019E-01
  6.00000000E+00  4.40000000E-02  7.49810601E-01 -8.40285444E-02 -2.55514024E-02  0.00000000E+00  8.44352717E-03  8.44621308E-01
  6.00000000E+00  4.70000000E-02  7.51522241E-01 -8.40367494E-02 -2.55766459E-02  0.00000000E+00  8.30507194E-03  8.56792084E-01
  6.00000000E+00  5.00000000E-02  7.53213182E-01 -8.40434427E-02 -2.56030561E-02  0.00000000E+00  8.16943637E-03  8.69135998E-01
  6.00000000E+00  5.30000000E-02  7.54883560E-01 -8.40486633E-02 -2.56305487E-02  0.00000000E+00  8.03659531E-03  8.81648705E-01
  6.00000000E+00  5.60000000E-02  7.56533511E-01 -8.40524500E-02 -2.56590396E-02  0.00000000E+00  7.90652361E-03  8.94325858E-01
  6.00000000E+00  5.90000000E-02  7.58163172E-01 -8.40548415E-02 -2.56884445E-02  0.00000000E+00  7.77919609E-03  9.07163111E-01
  6.00000000E+00  6.20000000E-02  7.59772679E-01 -8.40558766E-02 -2.57186791E-02  0.00000000E+00  7.65458759E-03  9.20156116E-01
  6.00000000E+00  6.50000000E-02  7.61362168E-01 -8.40555942E-02 -2.57496594E-02  0.00000000E+00  7.53267297E-03  9.33300527E-01
  6.00000000E+00  6.80000000E-02  7.62931774E-01 -8.40540331E-02 -2.57813010E-02  0.00000000E+00  7.41342705E-03  9.46591998E-01
  6.00000000E+00  7.10000000E-02  7.64481635E-01 -8.40512320E-02 -2.58135197E-02  0.00000000E+00  7.29682468E-03  9.60026182E-01
  6.00000000E+00  7.40000000E-02  7.66011886E-01 -8.40472299E-02 -2.58462313E-02  0.00000000E+00  7.18284069E-03  9.73598732E-01
  6.00000000E+00  7.70000000E-02  7.67522664E-01 -8.40420654E-02 -2.58793517E-02  0.00000000E+00  7.07144992E-03  9.87305302E-01
  6.00000000E+00  8.00000000E-02  7.69014104E-01 -8.40357775E-02 -2.59127965E-02  0.00000000E+00  6.96262721E-03  1.00114154E+00
  6.00000000E+00  8.30000000E-02  7.70486343E-01 -8.40284049E-02 -2.59464816E-02  0.00000000E+00  6.85634741E-03  1.01510311E+00
  6.00000000E+00  8.60000000E-02  7.71939517E-01 -8.40199864E-02 -2.59803228E-02  0.00000000E+00  6.75258535E-03  1.02918566E+00
  6.00000000E+00  8.90000000E-02  7.73373762E-01 -8.40105609E-02 -2.60142358E-02  0.00000000E+00  6.65131586E-03  1.04338485E+00
  6.00000000E+00  9.20000000E-02  7.74789215E-01 -8.40001671E-02 -2.60481364E-02  0.00000000E+00  6.55251380E-03  1.05769632E+00
  6.00000000E+00  9.50000000E-02  7.76186011E-01 -8.39888439E-02 -2.60819403E-02  0.00000000E+00  6.45615399E-03  1.07211573E+00
  6.00000000E+00  9.80000000E-02  7.77564286E-01 -8.39766300E-02 -2.61155635E-02  0.00000000E+00  6.36221129E-03  1.08663873E+00
  6.00000000E+00  1.01000000E-01  7.78924177E-01 -8.39635644E-02 -2.61489216E-02  0.00000000E+00  6.27066051E-03  1.10126098E+00
  6.00000000E+00  1.04000000E-01  7.80265820E-01 -8.39496857E-02 -2.61819304E-02  0.00000000E+00  6.18147652E-03  1.11597813E+00
  6.00000000E+00  1.07000000E-01  7.81589351E-01 -8.39350328E-02 -2.62145058E-02  0.00000000E+00  6.09463413E-03  1.13078584E+00
  6.00000000E+00  1.10000000E-01  7.82894907E-01 -8.39196446E-02 -2.62465635E-02  0.00000000E+00  6.01010820E-03  1.14567975E+00
  6.00000000E+00  1.13000000E-01  7.84182623E-01 -8.39035598E-02 -2.62780192E-02  0.00000000E+00  5.92787357E-03  1.16065552E+00
  6.00000000E+00  1.16000000E-01  7.85452635E-01 -8.38868172E-02 -2.63087888E-02  0.00000000E+00  5.84790506E-03  1.17570881E+00
  6.00000000E+00  1.19000000E-01  7.86705080E-01 -8.38694556E-02 -2.63387881E-02  0.00000000E+00  5.77017753E-03  1.19083526E+00
  6.00000000E+00  1.22000000E-01  7.87940094E-01 -8.38515139E-02 -2.63679328E-02  0.00000000E+00  5.69466580E-03  1.20603054E+00
  6.00000000E+00  1.25000000E-01  7.89157812E-01 -8.38330309E-02 -2.63961386E-02  0.00000000E+00  5.62134472E-03  1.22129028E+00
  6.00000000E+00  1.28000000E-01  7.90358372E-01 -8.38140453E-02 -2.64233215E-02  0.00000000E+00  5.55018914E-03  1.23661016E+00
  6.00000000E+00  1.31000000E-01  7.91541910E-01 -8.37945961E-02 -2.64493972E-02  0.00000000E+00  5.48117387E-03  1.25198582E+00
  6.00000000E+00  1.34000000E-01  7.92708560E-01 -8.37747219E-02 -2.64742814E-02  0.00000000E+00  5.41427378E-03  1.26741291E+00
  6.00000000E+00  1.37000000E-01  7.93858461E-01 -8.37544616E-02 -2.64978899E-02  0.00000000E+00  5.34946369E-03  1.28288709E+00
  6.00000000E+00  1.40000000E-01  7.94991747E-01 -8.37338541E-02 -2.65201386E-02  0.00000000E+00  5.28671844E-03  1.29840401E+00
  6.00000000E+00  1.43000000E-01  7.96108555E-01 -8.37129380E-02 -2.65409431E-02  0.00000000E+00  5.22601288E-03  1.31395932E+00
  6.00000000E+00  1.46000000E-01  7.97209021E-01 -8.36917523E-02 -2.65602194E-02  0.00000000E+00  5.16732184E-03  1.32954869E+00
  6.00000000E+00  1.49000000E-01  7.98293282E-01 -8.36703358E-02 -2.65778831E-02  0.00000000E+00  5.11062016E-03  1.34516775E+00
  6.00000000E+00  1.52000000E-01  7.99361473E-01 -8.36487272E-02 -2.65938500E-02  0.00000000E+00  5.05588268E-03  1.36081217E+00
  6.00000000E+00  1.55000000E-01  8.00413730E-01 -8.36269653E-02 -2.66080360E-02  0.00000000E+00  5.00308424E-03  1.37647760E+00
  6.00000000E+00  1.58000000E-01  8.01450191E-01 -8.36050891E-02 -2.66203567E-02  0.00000000E+00  4.95219968E-03  1.39215969E+00
  6.00000000E+00  1.61000000E-01  8.02470990E-01 -8.35831372E-02 -2.66307281E-02  0.00000000E+00  4.90320383E-03  1.40785409E+00
  6.00000000E+00  1.64000000E-01  8.03476264E-01 -8.35611485E-02 -2.66390658E-02  0.00000000E+00  4.85607155E-03  1.42355646E+00
  6.00000000E+00  1.67000000E-01  8.04466516E-01 -8.35380816E-02 -2.66498095E-02  0.00000000E+00  4.81065948E-03  1.43924116E+00
  6.00000000E+00  1.70000000E-01  8.05445927E-01 -8.35063358E-02 -2.66949589E-02  0.00000000E+00  4.76581392E-03  1.45471026E+00
  6.00000000E+00  1.73000000E-01  8.06412908E-01 -8.34744981E-02 -2.67386677E-02  0.00000000E+00  4.72221571E-03  1.47009724E+00
  6.00000000E+00  1.76000000E-01  8.07367630E-01 -8.34425639E-02 -2.67809871E-02  0.00000000E+00  4.67984217E-03  1.48540220E+00
  6.00000000E+00  1.79000000E-01  8.08310264E-01 -8.34105284E-02 -2.68219684E-02  0.00000000E+00  4.63867062E-03  1.50062521E+00
  6.00000000E+00  1.82000000E-01  8.09240979E-01 -8.33783869E-02 -2.68616625E-02  0.00000000E+00  4.59867839E-03  1.51576638E+00
  6.00000000E+00  1.85000000E-01  8.10159946E-01 -8.33461345E-02 -2.69001207E-02  0.00000000E+00  4.55984279E-03  1.53082577E+00
  6.00000000E+00  1.88000000E-01  8.11067336E-01 -8.33137666E-02 -2.69373941E-02  0.00000000E+00  4.52214116E-03  1.54580348E+00
  6.00000000E+00  1.91000000E-01  8.11963318E-01 -8.32812783E-02 -2.69735339E-02  0.00000000E+00  4.48555081E-03  1.56069958E+00
  6.00000000E+00  1.94000000E-01  8.12848064E-01 -8.32486651E-02 -2.70085913E-02  0.00000000E+00  4.45004907E-03  1.57551417E+00
  6.00000000E+00  1.97000000E-01  8.13721743E-01 -8.32159220E-02 -2.70426173E-02  0.00000000E+00  4.41561325E-03  1.59024733E+00
  6.00000000E+00  2.00000000E-01  8.14584526E-01 -8.31830443E-02 -2.70756631E-02  0.00000000E+00  4.38222069E-03  1.60489914E+00
  6.00000000E+00  2.03000000E-01  8.15436584E-01 -8.31500274E-02 -2.71077800E-02  0.00000000E+00  4.34984870E-03  1.61946968E+00
  6.00000000E+00  2.06000000E-01  8.16278087E-01 -8.31168664E-02 -2.71390190E-02  0.00000000E+00  4.31847461E-03  1.63395905E+00
  6.00000000E+00  2.09000000E-01  8.17109204E-01 -8.30835565E-02 -2.71694313E-02  0.00000000E+00  4.28807574E-03  1.64836732E+00
  6.00000000E+00  2.12000000E-01  8.17930108E-01 -8.30500932E-02 -2.71990681E-02  0.00000000E+00  4.25862942E-03  1.66269458E+00
  6.00000000E+00  2.15000000E-01  8.18740967E-01 -8.30164715E-02 -2.72279804E-02  0.00000000E+00  4.23011296E-03  1.67694092E+00
  6.00000000E+00  2.18000000E-01  8.19541953E-01 -8.29826867E-02 -2.72562195E-02  0.00000000E+00  4.20250368E-03  1.69110642E+00
  6.00000000E+00  2.21000000E-01  8.20333236E-01 -8.29487341E-02 -2.72838366E-02  0.00000000E+00  4.17577892E-03  1.70519116E+00
  6.00000000E+00  2.24000000E-01  8.21114986E-01 -8.29146090E-02 -2.73108827E-02  0.00000000E+00  4.14991599E-03  1.71919524E+00
  6.00000000E+00  2.27000000E-01  8.21887374E-01 -8.28803066E-02 -2.73374090E-02  0.00000000E+00  4.12489222E-03  1.73311872E+00
  6.00000000E+00  2.30000000E-01  8.22650569E-01 -8.28458221E-02 -2.73634667E-02  0.00000000E+00  4.10068493E-03  1.74696171E+00
  6.00000000E+00  2.33000000E-01  8.23404743E-01 -8.28111507E-02 -2.73891069E-02  0.00000000E+00  4.07727144E-03  1.76072427E+00
  6.00000000E+00  2.36000000E-01  8.24150066E-01 -8.27762879E-02 -2.74143808E-02  0.00000000E+00  4.05462907E-03  1.77440650E+00
  6.00000000E+00  2.39000000E-01  8.24886708E-01 -8.27412287E-02 -2.74393395E-02  0.00000000E+00  4.03273515E-03  1.78800849E+00
  6.00000000E+00  2.42000000E-01  8.25614840E-01 -8.27059684E-02 -2.74640342E-02  0.00000000E+00  4.01156700E-03  1.80153031E+00
  6.00000000E+00  2.45000000E-01  8.26334632E-01 -8.26705023E-02 -2.74885161E-02  0.00000000E+00  3.99110195E-03  1.81497205E+00
  6.00000000E+00  2.48000000E-01  8.27046254E-01 -8.26348256E-02 -2.75128362E-02  0.00000000E+00  3.97131731E-03  1.82833380E+00
  6.00000000E+00  2.51000000E-01  8.27749877E-01 -8.25989337E-02 -2.75370458E-02  0.00000000E+00  3.95219041E-03  1.84161564E+00
  6.00000000E+00  2.54000000E-01  8.28445672E-01 -8.25628216E-02 -2.75611960E-02  0.00000000E+00  3.93369857E-03  1.85481765E+00
  6.00000000E+00  2.57000000E-01  8.29133808E-01 -8.25264848E-02 -2.75853379E-02  0.00000000E+00  3.91581911E-03  1.86793992E+00
  6.00000000E+00  2.60000000E-01  8.29814456E-01 -8.24899183E-02 -2.76095227E-02  0.00000000E+00  3.89852936E-03  1.88098253E+00
  6.00000000E+00  2.63000000E-01  8.30487786E-01 -8.24531176E-02 -2.76338016E-02  0.00000000E+00  3.88180664E-03  1.89394558E+00
  6.00000000E+00  2.66000000E-01  8.31153970E-01 -8.24160777E-02 -2.76582258E-02  0.00000000E+00  3.86562828E-03  1.90682913E+00
  6.00000000E+00  2.69000000E-01  8.31813176E-01 -8.23787941E-02 -2.76828462E-02  0.00000000E+00  3.84997159E-03  1.91963328E+00
  6.00000000E+00  2.72000000E-01  8.32465576E-01 -8.23412619E-02 -2.77077142E-02  0.00000000E+00  3.83481389E-03  1.93235812E+00
  6.00000000E+00  2.75000000E-01  8.33111340E-01 -8.23034763E-02 -2.77328809E-02  0.00000000E+00  3.82013252E-03  1.94500372E+00
  6.00000000E+00  2.78000000E-01  8.33750639E-01 -8.22654327E-02 -2.77583974E-02  0.00000000E+00  3.80590480E-03  1.95757017E+00
  6.00000000E+00  2.81000000E-01  8.34383643E-01 -8.22271262E-02 -2.77843148E-02  0.00000000E+00  3.79210803E-03  1.97005756E+00
  6.00000000E+00  2.84000000E-01  8.35010521E-01 -8.21885522E-02 -2.78106844E-02  0.00000000E+00  3.77871956E-03  1.98246597E+00
  6.00000000E+00  2.87000000E-01  8.35631446E-01 -8.21497059E-02 -2.78375573E-02  0.00000000E+00  3.76571670E-03  1.99479548E+00
  6.00000000E+00  2.90000000E-01  8.36246586E-01 -8.21105824E-02 -2.78649846E-02  0.00000000E+00  3.75307678E-03  2.00704618E+00
  6.00000000E+00  2.93000000E-01  8.36856113E-01 -8.20711772E-02 -2.78930175E-02  0.00000000E+00  3.74077711E-03  2.01921816E+00
  6.00000000E+00  2.96000000E-01  8.37460197E-01 -8.20314853E-02 -2.79217072E-02  0.00000000E+00  3.72879503E-03  2.03131149E+00
  6.00000000E+00  2.99000000E-01  8.38059008E-01 -8.19915022E-02 -2.79511047E-02  0.00000000E+00  3.71710784E-03  2.04332627E+00
  6.00000000E+00  3.02000000E-01  8.38652716E-01 -8.19512229E-02 -2.79812613E-02  0.00000000E+00  3.70569289E-03  2.05526258E+00
  6.00000000E+00  3.05000000E-01  8.39241493E-01 -8.19106428E-02 -2.80122281E-02  0.00000000E+00  3.69452748E-03  2.06712049E+00
  6.00000000E+00  3.08000000E-01  8.39825508E-01 -8.18697571E-02 -2.80440563E-02  0.00000000E+00  3.68358894E-03  2.07890011E+00
  6.00000000E+00  3.11000000E-01  8.40404931E-01 -8.18285611E-02 -2.80767969E-02  0.00000000E+00  3.67285460E-03  2.09060150E+00
  6.00000000E+00  3.14000000E-01  8.40979935E-01 -8.17870501E-02 -2.81105013E-02  0.00000000E+00  3.66230178E-03  2.10222476E+00
  6.00000000E+00  3.17000000E-01  8.41550687E-01 -8.17452191E-02 -2.81452204E-02  0.00000000E+00  3.65190780E-03  2.11376997E+00
  6.00000000E+00  3.20000000E-01  8.42117360E-01 -8.17030636E-02 -2.81810055E-02  0.00000000E+00  3.64164998E-03  2.12523722E+00
  6.00000000E+00  3.23000000E-01  8.42680123E-01 -8.16605788E-02 -2.82179078E-02  0.00000000E+00  3.63150565E-03  2.13662658E+00
  6.00000000E+00  3.26000000E-01  8.43239147E-01 -8.16177599E-02 -2.82559783E-02  0.00000000E+00  3.62145212E-03  2.14793815E+00
  6.00000000E+00  3.29000000E-01  8.43794602E-01 -8.15746021E-02 -2.82952682E-02  0.00000000E+00  3.61146673E-03  2.15917201E+00
  6.00000000E+00  3.32000000E-01  8.44346659E-01 -8.15311008E-02 -2.83358288E-02  0.00000000E+00  3.60152679E-03  2.17032824E+00
  6.00000000E+00  3.35000000E-01  8.44892215E-01 -8.14898191E-02 -2.83631337E-02  0.00000000E+00  3.59231687E-03  2.18149910E+00
  6.00000000E+00  3.38000000E-01  8.45431559E-01 -8.14502998E-02 -2.83797931E-02  0.00000000E+00  3.58380428E-03  2.19269227E+00
  6.00000000E+00  3.41000000E-01  8.45967220E-01 -8.14105113E-02 -2.83973455E-02  0.00000000E+00  3.57545489E-03  2.20384203E+00
  6.00000000E+00  3.44000000E-01  8.46499241E-01 -8.13704609E-02 -2.84157564E-02  0.00000000E+00  3.56726575E-03  2.21494908E+00
  6.00000000E+00  3.47000000E-01  8.47027667E-01 -8.13301561E-02 -2.84349914E-02  0.00000000E+00  3.55923390E-03  2.22601413E+00
  6.00000000E+00  3.50000000E-01  8.47552539E-01 -8.12896042E-02 -2.84550162E-02  0.00000000E+00  3.55135640E-03  2.23703786E+00
  6.00000000E+00  3.53000000E-01  8.48073903E-01 -8.12488127E-02 -2.84757964E-02  0.00000000E+00  3.54363027E-03  2.24802097E+00
  6.00000000E+00  3.56000000E-01  8.48591801E-01 -8.12077887E-02 -2.84972975E-02  0.00000000E+00  3.53605257E-03  2.25896416E+00
  6.00000000E+00  3.59000000E-01  8.49106276E-01 -8.11665398E-02 -2.85194853E-02  0.00000000E+00  3.52862035E-03  2.26986812E+00
  6.00000000E+00  3.62000000E-01  8.49617373E-01 -8.11250733E-02 -2.85423253E-02  0.00000000E+00  3.52133064E-03  2.28073355E+00
  6.00000000E+00  3.65000000E-01  8.50125135E-01 -8.10833966E-02 -2.85657831E-02  0.00000000E+00  3.51418049E-03  2.29156114E+00
  6.00000000E+00  3.68000000E-01  8.50629606E-01 -8.10415170E-02 -2.85898243E-02  0.00000000E+00  3.50716696E-03  2.30235159E+00
  6.00000000E+00  3.71000000E-01  8.51130828E-01 -8.09994418E-02 -2.86144146E-02  0.00000000E+00  3.50028707E-03  2.31310559E+00
  6.00000000E+00  3.74000000E-01  8.51628846E-01 -8.09571786E-02 -2.86395195E-02  0.00000000E+00  3.49353788E-03  2.32382384E+00
  6.00000000E+00  3.77000000E-01  8.52123702E-01 -8.09147346E-02 -2.86651047E-02  0.00000000E+00  3.48691642E-03  2.33450704E+00
  6.00000000E+00  3.80000000E-01  8.52615441E-01 -8.08721173E-02 -2.86911358E-02  0.00000000E+00  3.48041976E-03  2.34515587E+00
  6.00000000E+00  3.83000000E-01  8.53104106E-01 -8.08293339E-02 -2.87175784E-02  0.00000000E+00  3.47404492E-03  2.35577104E+00
  6.00000000E+00  3.86000000E-01  8.53589740E-01 -8.07863918E-02 -2.87443980E-02  0.00000000E+00  3.46778896E-03  2.36635325E+00
  6.00000000E+00  3.89000000E-01  8.54072387E-01 -8.07432985E-02 -2.87715604E-02  0.00000000E+00  3.46164892E-03  2.37690318E+00
  6.00000000E+00  3.92000000E-01  8.54552090E-01 -8.07000613E-02 -2.87990312E-02  0.00000000E+00  3.45562185E-03  2.38742153E+00
  6.00000000E+00  3.95000000E-01  8.55028893E-01 -8.06566875E-02 -2.88267758E-02  0.00000000E+00  3.44970478E-03  2.39790899E+00
  6.00000000E+00  3.98000000E-01  8.55502840E-01 -8.06131846E-02 -2.88547600E-02  0.00000000E+00  3.44389477E-03  2.40836628E+00
  6.00000000E+00  4.01000000E-01  8.55973974E-01 -8.05695598E-02 -2.88829494E-02  0.00000000E+00  3.43818886E-03  2.41879407E+00
  6.00000000E+00  4.04000000E-01  8.56442338E-01 -8.05258206E-02 -2.89113096E-02  0.00000000E+00  3.43258409E-03  2.42919306E+00
  6.00000000E+00  4.07000000E-01  8.56907976E-01 -8.04819744E-02 -2.89398061E-02  0.00000000E+00  3.42707751E-03  2.43956395E+00
  6.00000000E+00  4.10000000E-01  8.57370931E-01 -8.04380285E-02 -2.89684047E-02  0.00000000E+00  3.42166616E-03  2.44990744E+00
  6.00000000E+00  4.13000000E-01  8.57831247E-01 -8.03939902E-02 -2.89970708E-02  0.00000000E+00  3.41634709E-03  2.46022422E+00
  6.00000000E+00  4.16000000E-01  8.58288968E-01 -8.03498670E-02 -2.90257702E-02  0.00000000E+00  3.41111734E-03  2.47051498E+00
  6.00000000E+00  4.19000000E-01  8.58744136E-01 -8.03056662E-02 -2.90544684E-02  0.00000000E+00  3.40597396E-03  2.48078042E+00
  6.00000000E+00  4.22000000E-01  8.59196796E-01 -8.02613952E-02 -2.90831311E-02  0.00000000E+00  3.40091399E-03  2.49102124E+00
  6.00000000E+00  4.25000000E-01  8.59646991E-01 -8.02170613E-02 -2.91117238E-02  0.00000000E+00  3.39593448E-03  2.50123814E+00
  6.00000000E+00  4.28000000E-01  8.60094765E-01 -8.01726720E-02 -2.91402122E-02  0.00000000E+00  3.39103247E-03  2.51143180E+00
  6.00000000E+00  4.31000000E-01  8.60540160E-01 -8.01282346E-02 -2.91685619E-02  0.00000000E+00  3.38620501E-03  2.52160292E+00
  6.00000000E+00  4.34000000E-01  8.60983221E-01 -8.00837564E-02 -2.91967384E-02  0.00000000E+00  3.38144914E-03  2.53175220E+00
  6.00000000E+00  4.37000000E-01  8.61423990E-01 -8.00392448E-02 -2.92247075E-02  0.00000000E+00  3.37676190E-03  2.54188034E+00
  6.00000000E+00  4.40000000E-01  8.61862512E-01 -7.99947073E-02 -2.92524347E-02  0.00000000E+00  3.37214035E-03  2.55198802E+00
  6.00000000E+00  4.43000000E-01  8.62298830E-01 -7.99501511E-02 -2.92798856E-02  0.00000000E+00  3.36758152E-03  2.56207595E+00
  6.00000000E+00  4.46000000E-01  8.62732988E-01 -7.99055837E-02 -2.93070259E-02  0.00000000E+00  3.36308246E-03  2.57214482E+00
  6.00000000E+00  4.49000000E-01  8.63165028E-01 -7.98610123E-02 -2.93338211E-02  0.00000000E+00  3.35864021E-03  2.58219533E+00
  6.00000000E+00  4.52000000E-01  8.63594995E-01 -7.98164445E-02 -2.93602369E-02  0.00000000E+00  3.35425183E-03  2.59222816E+00
  6.00000000E+00  4.55000000E-01  8.64022932E-01 -7.97718875E-02 -2.93862388E-02  0.00000000E+00  3.34991435E-03  2.60224402E+00
  6.00000000E+00  4.58000000E-01  8.64448882E-01 -7.97273487E-02 -2.94117926E-02  0.00000000E+00  3.34562482E-03  2.61224361E+00
  6.00000000E+00  4.61000000E-01  8.64872889E-01 -7.96828355E-02 -2.94368637E-02  0.00000000E+00  3.34138029E-03  2.62222761E+00
  6.00000000E+00  4.64000000E-01  8.65294997E-01 -7.96383552E-02 -2.94614179E-02  0.00000000E+00  3.33717779E-03  2.63219673E+00
  6.00000000E+00  4.67000000E-01  8.65715248E-01 -7.95939153E-02 -2.94854207E-02  0.00000000E+00  3.33301438E-03  2.64215165E+00
  6.00000000E+00  4.70000000E-01  8.66133688E-01 -7.95495230E-02 -2.95088377E-02  0.00000000E+00  3.32888709E-03  2.65209308E+00
  6.00000000E+00  4.73000000E-01  8.66550358E-01 -7.95051859E-02 -2.95316346E-02  0.00000000E+00  3.32479298E-03  2.66202170E+00
  6.00000000E+00  4.76000000E-01  8.66965302E-01 -7.94609111E-02 -2.95537769E-02  0.00000000E+00  3.32072909E-03  2.67193823E+00
  6.00000000E+00  4.79000000E-01  8.67378564E-01 -7.94167062E-02 -2.95752303E-02  0.00000000E+00  3.31669246E-03  2.68184334E+00
  6.00000000E+00  4.82000000E-01  8.67790188E-01 -7.93725784E-02 -2.95959604E-02  0.00000000E+00  3.31268013E-03  2.69173773E+00
  6.00000000E+00  4.85000000E-01  8.68200217E-01 -7.93285352E-02 -2.96159328E-02  0.00000000E+00  3.30868916E-03  2.70162211E+00
  6.00000000E+00  4.88000000E-01  8.68608695E-01 -7.92845839E-02 -2.96351131E-02  0.00000000E+00  3.30471659E-03  2.71149717E+00
  6.00000000E+00  4.91000000E-01  8.69015664E-01 -7.92407318E-02 -2.96534670E-02  0.00000000E+00  3.30075946E-03  2.72136360E+00
  6.00000000E+00  4.94000000E-01  8.69421169E-01 -7.91969865E-02 -2.96709599E-02  0.00000000E+00  3.29681482E-03  2.73122209E+00
  6.00000000E+00  4.97000000E-01  8.69825253E-01 -7.91533551E-02 -2.96875576E-02  0.00000000E+00  3.29287970E-03  2.74107335E+00
  6.00000000E+00  5.00000000E-01  8.70227959E-01 -7.91098451E-02 -2.97032257E-02  0.00000000E+00  3.28895117E-03  2.75091806E+00
  6.00000000E+00  5.03000000E-01  8.70626450E-01 -7.90637183E-02 -2.97326138E-02  0.00000000E+00  3.28524634E-03  2.76071567E+00
  6.00000000E+00  5.06000000E-01  8.71023469E-01 -7.90175948E-02 -2.97617174E-02  0.00000000E+00  3.28156366E-03  2.77050617E+00
  6.00000000E+00  5.09000000E-01  8.71419023E-01 -7.89714742E-02 -2.97905417E-02  0.00000000E+00  3.27790287E-03  2.78028964E+00
  6.00000000E+00  5.12000000E-01  8.71813121E-01 -7.89253561E-02 -2.98190919E-02  0.00000000E+00  3.27426373E-03  2.79006620E+00
  6.00000000E+00  5.15000000E-01  8.72205773E-01 -7.88792399E-02 -2.98473733E-02  0.00000000E+00  3.27064599E-03  2.79983593E+00
  6.00000000E+00  5.18000000E-01  8.72596986E-01 -7.88331252E-02 -2.98753912E-02  0.00000000E+00  3.26704941E-03  2.80959893E+00
  6.00000000E+00  5.21000000E-01  8.72986768E-01 -7.87870115E-02 -2.99031506E-02  0.00000000E+00  3.26347374E-03  2.81935531E+00
  6.00000000E+00  5.24000000E-01  8.73375129E-01 -7.87408984E-02 -2.99306570E-02  0.00000000E+00  3.25991872E-03  2.82910516E+00
  6.00000000E+00  5.27000000E-01  8.73762078E-01 -7.86947853E-02 -2.99579155E-02  0.00000000E+00  3.25638413E-03  2.83884858E+00
  6.00000000E+00  5.30000000E-01  8.74147622E-01 -7.86486719E-02 -2.99849314E-02  0.00000000E+00  3.25286970E-03  2.84858566E+00
  6.00000000E+00  5.33000000E-01  8.74531770E-01 -7.86025577E-02 -3.00117098E-02  0.00000000E+00  3.24937519E-03  2.85831651E+00
  6.00000000E+00  5.36000000E-01  8.74914531E-01 -7.85564421E-02 -3.00382561E-02  0.00000000E+00  3.24590036E-03  2.86804122E+00
  6.00000000E+00  5.39000000E-01  8.75295913E-01 -7.85103248E-02 -3.00645755E-02  0.00000000E+00  3.24244495E-03  2.87775989E+00
  6.00000000E+00  5.42000000E-01  8.75675925E-01 -7.84642053E-02 -3.00906732E-02  0.00000000E+00  3.23900872E-03  2.88747262E+00
  6.00000000E+00  5.45000000E-01  8.76054576E-01 -7.84180830E-02 -3.01165544E-02  0.00000000E+00  3.23559143E-03  2.89717950E+00
  6.00000000E+00  5.48000000E-01  8.76431873E-01 -7.83719575E-02 -3.01422244E-02  0.00000000E+00  3.23219283E-03  2.90688064E+00
  6.00000000E+00  5.51000000E-01  8.76807827E-01 -7.83258285E-02 -3.01676885E-02  0.00000000E+00  3.22881267E-03  2.91657614E+00
  6.00000000E+00  5.54000000E-01  8.77182444E-01 -7.82796953E-02 -3.01929518E-02  0.00000000E+00  3.22545070E-03  2.92626608E+00
  6.00000000E+00  5.57000000E-01  8.77555734E-01 -7.82335575E-02 -3.02180196E-02  0.00000000E+00  3.22210668E-03  2.93595057E+00
  6.00000000E+00  5.60000000E-01  8.77927705E-01 -7.81874147E-02 -3.02428972E-02  0.00000000E+00  3.21878036E-03  2.94562971E+00
  6.00000000E+00  5.63000000E-01  8.78298366E-01 -7.81412664E-02 -3.02675897E-02  0.00000000E+00  3.21547149E-03  2.95530359E+00
  6.00000000E+00  5.66000000E-01  8.78667726E-01 -7.80951122E-02 -3.02921024E-02  0.00000000E+00  3.21217983E-03  2.96497231E+00
  6.00000000E+00  5.69000000E-01  8.79035792E-01 -7.80489515E-02 -3.03164406E-02  0.00000000E+00  3.20890513E-03  2.97463597E+00
  6.00000000E+00  5.72000000E-01  8.79402574E-01 -7.80027838E-02 -3.03406095E-02  0.00000000E+00  3.20564714E-03  2.98429468E+00
  6.00000000E+00  5.75000000E-01  8.79768080E-01 -7.79566089E-02 -3.03646143E-02  0.00000000E+00  3.20240562E-03  2.99394851E+00
  6.00000000E+00  5.78000000E-01  8.80132319E-01 -7.79104260E-02 -3.03884602E-02  0.00000000E+00  3.19918032E-03  3.00359758E+00
  6.00000000E+00  5.81000000E-01  8.80495299E-01 -7.78642349E-02 -3.04121526E-02  0.00000000E+00  3.19597099E-03  3.01324199E+00
  6.00000000E+00  5.84000000E-01  8.80857029E-01 -7.78180350E-02 -3.04356965E-02  0.00000000E+00  3.19277738E-03  3.02288182E+00
  6.00000000E+00  5.87000000E-01  8.81217517E-01 -7.77718259E-02 -3.04590974E-02  0.00000000E+00  3.18959926E-03  3.03251718E+00
  6.00000000E+00  5.90000000E-01  8.81576772E-01 -7.77256071E-02 -3.04823604E-02  0.00000000E+00  3.18643637E-03  3.04214817E+00
  6.00000000E+00  5.93000000E-01  8.81934802E-01 -7.76793780E-02 -3.05054907E-02  0.00000000E+00  3.18328847E-03  3.05177488E+00
  6.00000000E+00  5.96000000E-01  8.82291616E-01 -7.76331384E-02 -3.05284936E-02  0.00000000E+00  3.18015530E-03  3.06139741E+00
  6.00000000E+00  5.99000000E-01  8.82647223E-01 -7.75868877E-02 -3.05513743E-02  0.00000000E+00  3.17703663E-03  3.07101587E+00
  6.00000000E+00  6.02000000E-01  8.83001631E-01 -7.75406254E-02 -3.05741381E-02  0.00000000E+00  3.17393220E-03  3.08063034E+00
  6.00000000E+00  6.05000000E-01  8.83354849E-01 -7.74943510E-02 -3.05967902E-02  0.00000000E+00  3.17084177E-03  3.09024092E+00
  6.00000000E+00  6.08000000E-01  8.83706885E-01 -7.74480642E-02 -3.06193358E-02  0.00000000E+00  3.16776509E-03  3.09984772E+00
  6.00000000E+00  6.11000000E-01  8.84057747E-01 -7.74017643E-02 -3.06417802E-02  0.00000000E+00  3.16470192E-03  3.10945084E+00
  6.00000000E+00  6.14000000E-01  8.84407446E-01 -7.73554511E-02 -3.06641285E-02  0.00000000E+00  3.16165201E-03  3.11905036E+00
  6.00000000E+00  6.17000000E-01  8.84755988E-01 -7.73091239E-02 -3.06863862E-02  0.00000000E+00  3.15861510E-03  3.12864639E+00
  6.00000000E+00  6.20000000E-01  8.85103382E-01 -7.72627824E-02 -3.07085583E-02  0.00000000E+00  3.15559097E-03  3.13823902E+00
  6.00000000E+00  6.23000000E-01  8.85449638E-01 -7.72164261E-02 -3.07306501E-02  0.00000000E+00  3.15257935E-03  3.14782836E+00
  6.00000000E+00  6.26000000E-01  8.85794763E-01 -7.71700544E-02 -3.07526669E-02  0.00000000E+00  3.14958000E-03  3.15741450E+00
  6.00000000E+00  6.29000000E-01  8.86138767E-01 -7.71236670E-02 -3.07746139E-02  0.00000000E+00  3.14659267E-03  3.16699754E+00
  6.00000000E+00  6.32000000E-01  8.86481657E-01 -7.70772633E-02 -3.07964964E-02  0.00000000E+00  3.14361713E-03  3.17657757E+00
  6.00000000E+00  6.35000000E-01  8.86823442E-01 -7.70308430E-02 -3.08183195E-02  0.00000000E+00  3.14065311E-03  3.18615471E+00
  6.00000000E+00  6.38000000E-01  8.87164132E-01 -7.69844055E-02 -3.08400885E-02  0.00000000E+00  3.13770038E-03  3.19572903E+00
  6.00000000E+00  6.41000000E-01  8.87503734E-01 -7.69379503E-02 -3.08618086E-02  0.00000000E+00  3.13475869E-03  3.20530065E+00
  6.00000000E+00  6.44000000E-01  8.87842257E-01 -7.68914771E-02 -3.08834852E-02  0.00000000E+00  3.13182779E-03  3.21486965E+00
  6.00000000E+00  6.47000000E-01  8.88179709E-01 -7.68449852E-02 -3.09051233E-02  0.00000000E+00  3.12890743E-03  3.22443615E+00
  6.00000000E+00  6.50000000E-01  8.88516099E-01 -7.67984744E-02 -3.09267283E-02  0.00000000E+00  3.12599737E-03  3.23400023E+00
  6.00000000E+00  6.53000000E-01  8.88851437E-01 -7.67519440E-02 -3.09483054E-02  0.00000000E+00  3.12309736E-03  3.24356199E+00
  6.00000000E+00  6.56000000E-01  8.89185729E-01 -7.67053937E-02 -3.09698598E-02  0.00000000E+00  3.12020715E-03  3.25312153E+00
  6.00000000E+00  6.59000000E-01  8.89518985E-01 -7.66588230E-02 -3.09913968E-02  0.00000000E+00  3.11732650E-03  3.26267895E+00
  6.00000000E+00  6.62000000E-01  8.89851214E-01 -7.66122313E-02 -3.10129217E-02  0.00000000E+00  3.11445516E-03  3.27223435E+00
  6.00000000E+00  6.65000000E-01  8.90182423E-01 -7.65656183E-02 -3.10344395E-02  0.00000000E+00  3.11159288E-03  3.28178783E+00
  6.00000000E+00  6.68000000E-01  8.90512622E-01 -7.65189835E-02 -3.10559556E-02  0.00000000E+00  3.10873942E-03  3.29133948E+00
  6.00000000E+00  6.71000000E-01  8.90841820E-01 -7.64723263E-02 -3.10774753E-02  0.00000000E+00  3.10589453E-03  3.30088940E+00
  6.00000000E+00  6.74000000E-01  8.91170023E-01 -7.64256464E-02 -3.10990037E-02  0.00000000E+00  3.10305796E-03  3.31043768E+00
  6.00000000E+00  6.77000000E-01  8.91497242E-01 -7.63789433E-02 -3.11205461E-02  0.00000000E+00  3.10022947E-03  3.31998444E+00
  6.00000000E+00  6.80000000E-01  8.91823485E-01 -7.63322165E-02 -3.11421077E-02  0.00000000E+00  3.09740880E-03  3.32952976E+00
  6.00000000E+00  6.83000000E-01  8.92148760E-01 -7.62854655E-02 -3.11636938E-02  0.00000000E+00  3.09459572E-03  3.33907374E+00
  6.00000000E+00  6.86000000E-01  8.92473076E-01 -7.62386899E-02 -3.11853096E-02  0.00000000E+00  3.09178998E-03  3.34861648E+00
  6.00000000E+00  6.89000000E-01  8.92796441E-01 -7.61918892E-02 -3.12069603E-02  0.00000000E+00  3.08899132E-03  3.35815809E+00
  6.00000000E+00  6.92000000E-01  8.93118864E-01 -7.61450629E-02 -3.12286513E-02  0.00000000E+00  3.08619951E-03  3.36769865E+00
  6.00000000E+00  6.95000000E-01  8.93440354E-01 -7.60982106E-02 -3.12503876E-02  0.00000000E+00  3.08341429E-03  3.37723826E+00
  6.00000000E+00  6.98000000E-01  8.93760919E-01 -7.60513318E-02 -3.12721746E-02  0.00000000E+00  3.08063542E-03  3.38677703E+00
  6.00000000E+00  7.01000000E-01  8.94080567E-01 -7.60044260E-02 -3.12940175E-02  0.00000000E+00  3.07786266E-03  3.39631505E+00
  6.00000000E+00  7.04000000E-01  8.94399308E-01 -7.59574928E-02 -3.13159215E-02  0.00000000E+00  3.07509574E-03  3.40585241E+00
  6.00000000E+00  7.07000000E-01  8.94717149E-01 -7.59105317E-02 -3.13378919E-02  0.00000000E+00  3.07233444E-03  3.41538923E+00
  6.00000000E+00  7.10000000E-01  8.95034100E-01 -7.58635423E-02 -3.13599338E-02  0.00000000E+00  3.06957850E-03  3.42492558E+00
  6.00000000E+00  7.13000000E-01  8.95350169E-01 -7.58165240E-02 -3.13820526E-02  0.00000000E+00  3.06682767E-03  3.43446158E+00
  6.00000000E+00  7.16000000E-01  8.95665364E-01 -7.57694764E-02 -3.14042535E-02  0.00000000E+00  3.06408171E-03  3.44399733E+00
  6.00000000E+00  7.19000000E-01  8.95979695E-01 -7.57223991E-02 -3.14265418E-02  0.00000000E+00  3.06134038E-03  3.45353291E+00
  6.00000000E+00  7.22000000E-01  8.96293169E-01 -7.56752915E-02 -3.14489225E-02  0.00000000E+00  3.05860341E-03  3.46306842E+00
  6.00000000E+00  7.25000000E-01  8.96605795E-01 -7.56281532E-02 -3.14714011E-02  0.00000000E+00  3.05587058E-03  3.47260397E+00
  6.00000000E+00  7.28000000E-01  8.96917582E-01 -7.55809838E-02 -3.14939826E-02  0.00000000E+00  3.05314162E-03  3.48213966E+00
  6.00000000E+00  7.31000000E-01  8.97228538E-01 -7.55337828E-02 -3.15166725E-02  0.00000000E+00  3.05041630E-03  3.49167557E+00
  6.00000000E+00  7.34000000E-01  8.97538672E-01 -7.54865496E-02 -3.15394758E-02  0.00000000E+00  3.04769437E-03  3.50121181E+00
  6.00000000E+00  7.37000000E-01  8.97847992E-01 -7.54392839E-02 -3.15623979E-02  0.00000000E+00  3.04497558E-03  3.51074848E+00
  6.00000000E+00  7.40000000E-01  8.98156508E-01 -7.53919852E-02 -3.15854440E-02  0.00000000E+00  3.04225968E-03  3.52028567E+00
  6.00000000E+00  7.43000000E-01  8.98464227E-01 -7.53446530E-02 -3.16086193E-02  0.00000000E+00  3.03954643E-03  3.52982349E+00
  6.00000000E+00  7.46000000E-01  8.98771158E-01 -7.52972868E-02 -3.16319290E-02  0.00000000E+00  3.03683558E-03  3.53936202E+00
  6.00000000E+00  7.49000000E-01  8.99077310E-01 -7.52498862E-02 -3.16553784E-02  0.00000000E+00  3.03412688E-03  3.54890138E+00
  6.00000000E+00  7.52000000E-01  8.99382690E-01 -7.52024507E-02 -3.16789727E-02  0.00000000E+00  3.03142009E-03  3.55844165E+00
  6.00000000E+00  7.55000000E-01  8.99687309E-01 -7.51549799E-02 -3.17027172E-02  0.00000000E+00  3.02871496E-03  3.56798293E+00
  6.00000000E+00  7.58000000E-01  8.99991174E-01 -7.51074732E-02 -3.17266171E-02  0.00000000E+00  3.02601125E-03  3.57752533E+00
  6.00000000E+00  7.61000000E-01  9.00294294E-01 -7.50599303E-02 -3.17506777E-02  0.00000000E+00  3.02330870E-03  3.58706894E+00
  6.00000000E+00  7.64000000E-01  9.00596678E-01 -7.50123505E-02 -3.17749041E-02  0.00000000E+00  3.02060707E-03  3.59661385E+00
  6.00000000E+00  7.67000000E-01  9.00898333E-01 -7.49647336E-02 -3.17993016E-02  0.00000000E+00  3.01790611E-03  3.60616017E+00
  6.00000000E+00  7.70000000E-01  9.01199269E-01 -7.49170789E-02 -3.18238755E-02  0.00000000E+00  3.01520558E-03  3.61570799E+00
  6.00000000E+00  7.73000000E-01  9.01499494E-01 -7.48693861E-02 -3.18486309E-02  0.00000000E+00  3.01250522E-03  3.62525742E+00
  6.00000000E+00  7.76000000E-01  9.01798976E-01 -7.48217082E-02 -3.18732224E-02  0.00000000E+00  3.00980667E-03  3.63480835E+00
  6.00000000E+00  7.79000000E-01  9.02096861E-01 -7.47751053E-02 -3.18906980E-02  0.00000000E+00  3.00714851E-03  3.64435659E+00
  6.00000000E+00  7.82000000E-01  9.02393974E-01 -7.47284738E-02 -3.19083116E-02  0.00000000E+00  3.00449375E-03  3.65390597E+00
  6.00000000E+00  7.85000000E-01  9.02690317E-01 -7.46818145E-02 -3.19260594E-02  0.00000000E+00  3.00184237E-03  3.66345654E+00
  6.00000000E+00  7.88000000E-01  9.02985893E-01 -7.46351282E-02 -3.19439377E-02  0.00000000E+00  2.99919435E-03  3.67300832E+00
  6.00000000E+00  7.91000000E-01  9.03280705E-01 -7.45884156E-02 -3.19619425E-02  0.00000000E+00  2.99654965E-03  3.68256133E+00
  6.00000000E+00  7.94000000E-01  9.03574757E-01 -7.45416775E-02 -3.19800702E-02  0.00000000E+00  2.99390827E-03  3.69211560E+00
  6.00000000E+00  7.97000000E-01  9.03868050E-01 -7.44949148E-02 -3.19983167E-02  0.00000000E+00  2.99127016E-03  3.70167115E+00
  6.00000000E+00  8.00000000E-01  9.04160589E-01 -7.44481282E-02 -3.20166784E-02  0.00000000E+00  2.98863531E-03  3.71122802E+00
  6.00000000E+00  8.03000000E-01  9.04452375E-01 -7.44013185E-02 -3.20351514E-02  0.00000000E+00  2.98600370E-03  3.72078623E+00
  6.00000000E+00  8.06000000E-01  9.04743413E-01 -7.43544865E-02 -3.20537319E-02  0.00000000E+00  2.98337529E-03  3.73034581E+00
  6.00000000E+00  8.09000000E-01  9.05033704E-01 -7.43076330E-02 -3.20724160E-02  0.00000000E+00  2.98075007E-03  3.73990678E+00
  6.00000000E+00  8.12000000E-01  9.05323253E-01 -7.42607588E-02 -3.20911999E-02  0.00000000E+00  2.97812801E-03  3.74946917E+00
  6.00000000E+00  8.15000000E-01  9.05612061E-01 -7.42138646E-02 -3.21100798E-02  0.00000000E+00  2.97550908E-03  3.75903301E+00
  6.00000000E+00  8.18000000E-01  9.05900131E-01 -7.41669513E-02 -3.21290520E-02  0.00000000E+00  2.97289327E-03  3.76859832E+00
  6.00000000E+00  8.21000000E-01  9.06187468E-01 -7.41200197E-02 -3.21481124E-02  0.00000000E+00  2.97028054E-03  3.77816513E+00
  6.00000000E+00  8.24000000E-01  9.06474073E-01 -7.40730705E-02 -3.21672574E-02  0.00000000E+00  2.96767087E-03  3.78773347E+00
  6.00000000E+00  8.27000000E-01  9.06759950E-01 -7.40261045E-02 -3.21864831E-02  0.00000000E+00  2.96506424E-03  3.79730337E+00
  6.00000000E+00  8.30000000E-01  9.07045101E-01 -7.39791226E-02 -3.22057857E-02  0.00000000E+00  2.96246062E-03  3.80687484E+00
  6.00000000E+00  8.33000000E-01  9.07329530E-01 -7.39321255E-02 -3.22251614E-02  0.00000000E+00  2.95985999E-03  3.81644793E+00
  6.00000000E+00  8.36000000E-01  9.07613240E-01 -7.38851139E-02 -3.22446063E-02  0.00000000E+00  2.95726233E-03  3.82602265E+00
  6.00000000E+00  8.39000000E-01  9.07896233E-01 -7.38380888E-02 -3.22641166E-02  0.00000000E+00  2.95466760E-03  3.83559902E+00
  6.00000000E+00  8.42000000E-01  9.08178512E-01 -7.37910509E-02 -3.22836885E-02  0.00000000E+00  2.95207579E-03  3.84517709E+00
  6.00000000E+00  8.45000000E-01  9.08460081E-01 -7.37440009E-02 -3.23033181E-02  0.00000000E+00  2.94948687E-03  3.85475687E+00
  6.00000000E+00  8.48000000E-01  9.08740941E-01 -7.36969397E-02 -3.23230017E-02  0.00000000E+00  2.94690082E-03  3.86433840E+00
  6.00000000E+00  8.51000000E-01  9.09021098E-01 -7.36498681E-02 -3.23427354E-02  0.00000000E+00  2.94431761E-03  3.87392169E+00
  6.00000000E+00  8.54000000E-01  9.09300552E-01 -7.36027868E-02 -3.23625154E-02  0.00000000E+00  2.94173722E-03  3.88350677E+00
  6.00000000E+00  8.57000000E-01  9.09579307E-01 -7.35556967E-02 -3.23823379E-02  0.00000000E+00  2.93915962E-03  3.89309368E+00
  6.00000000E+00  8.60000000E-01  9.09857367E-01 -7.35085984E-02 -3.24021990E-02  0.00000000E+00  2.93658478E-03  3.90268244E+00
  6.00000000E+00  8.63000000E-01  9.10134734E-01 -7.34614929E-02 -3.24220949E-02  0.00000000E+00  2.93401269E-03  3.91227307E+00
  6.00000000E+00  8.66000000E-01  9.10411410E-01 -7.34143809E-02 -3.24420219E-02  0.00000000E+00  2.93144333E-03  3.92186560E+00
  6.00000000E+00  8.69000000E-01  9.10687400E-01 -7.33672633E-02 -3.24619760E-02  0.00000000E+00  2.92887665E-03  3.93146006E+00
  6.00000000E+00  8.72000000E-01  9.10962705E-01 -7.33201407E-02 -3.24819534E-02  0.00000000E+00  2.92631265E-03  3.94105648E+00
  6.00000000E+00  8.75000000E-01  9.11237330E-01 -7.32730139E-02 -3.25019504E-02  0.00000000E+00  2.92375129E-03  3.95065487E+00
  6.00000000E+00  8.78000000E-01  9.11511276E-01 -7.32258839E-02 -3.25219631E-02  0.00000000E+00  2.92119256E-03  3.96025528E+00
  6.00000000E+00  8.81000000E-01  9.11784547E-01 -7.31787513E-02 -3.25419876E-02  0.00000000E+00  2.91863642E-03  3.96985772E+00
  6.00000000E+00  8.84000000E-01  9.12057146E-01 -7.31316169E-02 -3.25620202E-02  0.00000000E+00  2.91608285E-03  3.97946223E+00
  6.00000000E+00  8.87000000E-01  9.12329075E-01 -7.30844816E-02 -3.25820571E-02  0.00000000E+00  2.91353184E-03  3.98906882E+00
  6.00000000E+00  8.90000000E-01  9.12600338E-01 -7.30373462E-02 -3.26020943E-02  0.00000000E+00  2.91098334E-03  3.99867753E+00
  6.00000000E+00  8.93000000E-01  9.12870938E-01 -7.29902113E-02 -3.26221282E-02  0.00000000E+00  2.90843735E-03  4.00828838E+00
  6.00000000E+00  8.96000000E-01  9.13140877E-01 -7.29430779E-02 -3.26421548E-02  0.00000000E+00  2.90589383E-03  4.01790140E+00
  6.00000000E+00  8.99000000E-01  9.13410159E-01 -7.28959467E-02 -3.26621703E-02  0.00000000E+00  2.90335276E-03  4.02751662E+00
  6.00000000E+00  9.02000000E-01  9.13678786E-01 -7.28488185E-02 -3.26821709E-02  0.00000000E+00  2.90081412E-03  4.03713406E+00
  6.00000000E+00  9.05000000E-01  9.13946762E-01 -7.28016940E-02 -3.27021528E-02  0.00000000E+00  2.89827788E-03  4.04675375E+00
  6.00000000E+00  9.08000000E-01  9.14214089E-01 -7.27545741E-02 -3.27221122E-02  0.00000000E+00  2.89574402E-03  4.05637571E+00
  6.00000000E+00  9.11000000E-01  9.14480770E-01 -7.27074596E-02 -3.27420452E-02  0.00000000E+00  2.89321251E-03  4.06599998E+00
  6.00000000E+00  9.14000000E-01  9.14746809E-01 -7.26603513E-02 -3.27619481E-02  0.00000000E+00  2.89068333E-03  4.07562657E+00
  6.00000000E+00  9.17000000E-01  9.15012207E-01 -7.26132499E-02 -3.27818169E-02  0.00000000E+00  2.88815645E-03  4.08525553E+00
  6.00000000E+00  9.20000000E-01  9.15276969E-01 -7.25661562E-02 -3.28016479E-02  0.00000000E+00  2.88563185E-03  4.09488686E+00
  6.00000000E+00  9.23000000E-01  9.15541097E-01 -7.25190711E-02 -3.28214372E-02  0.00000000E+00  2.88310951E-03  4.10452061E+00
  6.00000000E+00  9.26000000E-01  9.15804594E-01 -7.24719952E-02 -3.28411811E-02  0.00000000E+00  2.88058940E-03  4.11415679E+00
  6.00000000E+00  9.29000000E-01  9.16067463E-01 -7.24249295E-02 -3.28608757E-02  0.00000000E+00  2.87807149E-03  4.12379543E+00
  6.00000000E+00  9.32000000E-01  9.16329708E-01 -7.23778747E-02 -3.28805171E-02  0.00000000E+00  2.87555577E-03  4.13343657E+00
  6.00000000E+00  9.35000000E-01  9.16591330E-01 -7.23308316E-02 -3.29001016E-02  0.00000000E+00  2.87304220E-03  4.14308022E+00
  6.00000000E+00  9.38000000E-01  9.16852333E-01 -7.22838009E-02 -3.29196253E-02  0.00000000E+00  2.87053077E-03  4.15272641E+00
  6.00000000E+00  9.41000000E-01  9.17112719E-01 -7.22367835E-02 -3.29390844E-02  0.00000000E+00  2.86802144E-03  4.16237518E+00
  6.00000000E+00  9.44000000E-01  9.17372493E-01 -7.21897802E-02 -3.29584750E-02  0.00000000E+00  2.86551420E-03  4.17202654E+00
  6.00000000E+00  9.47000000E-01  9.17631656E-01 -7.21427918E-02 -3.29777935E-02  0.00000000E+00  2.86300901E-03  4.18168053E+00
  6.00000000E+00  9.50000000E-01  9.17890212E-01 -7.20958189E-02 -3.29970358E-02  0.00000000E+00  2.86050586E-03  4.19133716E+00
  6.00000000E+00  9.53000000E-01  9.18148164E-01 -7.20488625E-02 -3.30161983E-02  0.00000000E+00  2.85800473E-03  4.20099647E+00
  6.00000000E+00  9.56000000E-01  9.18405514E-01 -7.20019233E-02 -3.30352770E-02  0.00000000E+00  2.85550558E-03  4.21065849E+00
  6.00000000E+00  9.59000000E-01  9.18662266E-01 -7.19550022E-02 -3.30542682E-02  0.00000000E+00  2.85300838E-03  4.22032324E+00
  6.00000000E+00  9.62000000E-01  9.18918423E-01 -7.19080998E-02 -3.30731681E-02  0.00000000E+00  2.85051313E-03  4.22999074E+00
  6.00000000E+00  9.65000000E-01  9.19173986E-01 -7.18612171E-02 -3.30919727E-02  0.00000000E+00  2.84801979E-03  4.23966103E+00
  6.00000000E+00  9.68000000E-01  9.19428961E-01 -7.18143547E-02 -3.31106784E-02  0.00000000E+00  2.84552834E-03  4.24933413E+00
  6.00000000E+00  9.71000000E-01  9.19683348E-01 -7.17675134E-02 -3.31292812E-02  0.00000000E+00  2.84303875E-03  4.25901007E+00
  6.00000000E+00  9.74000000E-01  9.19937152E-01 -7.17206942E-02 -3.31477773E-02  0.00000000E+00  2.84055100E-03  4.26868887E+00
  6.00000000E+00  9.77000000E-01  9.20190376E-01 -7.16738977E-02 -3.31661629E-02  0.00000000E+00  2.83806507E-03  4.27837056E+00
  6.00000000E+00  9.80000000E-01  9.20443021E-01 -7.16271248E-02 -3.31844343E-02  0.00000000E+00  2.83558092E-03  4.28805517E+00
  6.00000000E+00  9.83000000E-01  9.20695092E-01 -7.15803761E-02 -3.32025875E-02  0.00000000E+00  2.83309855E-03  4.29774272E+00
  6.00000000E+00  9.86000000E-01  9.20946591E-01 -7.15336526E-02 -3.32206187E-02  0.00000000E+00  2.83061791E-03  4.30743325E+00
  6.00000000E+00  9.89000000E-01  9.21197520E-01 -7.14869551E-02 -3.32385242E-02  0.00000000E+00  2.82813899E-03  4.31712677E+00
  6.00000000E+00  9.92000000E-01  9.21447884E-01 -7.14402842E-02 -3.32563001E-02  0.00000000E+00  2.82566176E-03  4.32682332E+00
  6.00000000E+00  9.95000000E-01  9.21697685E-01 -7.13936408E-02 -3.32739425E-02  0.00000000E+00  2.82318621E-03  4.33652291E+00
  6.00000000E+00  9.98000000E-01  9.21946926E-01 -7.13470258E-02 -3.32914477E-02  0.00000000E+00  2.82071229E-03  4.34622559E+00
  6.00000000E+00  1.00100000E+00  9.22195610E-01 -7.13004397E-02 -3.33088118E-02  0.00000000E+00  2.81824000E-03  4.35593137E+00
  6.00000000E+00  1.00400000E+00  9.22443740E-01 -7.12538836E-02 -3.33260310E-02  0.00000000E+00  2.81576930E-03  4.36564028E+00
  6.00000000E+00  1.00700000E+00  9.22691318E-01 -7.12073581E-02 -3.33431015E-02  0.00000000E+00  2.81330017E-03  4.37535236E+00
  6.00000000E+00  1.01000000E+00  9.22938349E-01 -7.11608641E-02 -3.33600194E-02  0.00000000E+00  2.81083258E-03  4.38506761E+00
  6.00000000E+00  1.01300000E+00  9.23184834E-01 -7.11144023E-02 -3.33767810E-02  0.00000000E+00  2.80836652E-03  4.39478608E+00
  6.00000000E+00  1.01600000E+00  9.23430776E-01 -7.10679735E-02 -3.33933824E-02  0.00000000E+00  2.80590195E-03  4.40450779E+00
  6.00000000E+00  1.01900000E+00  9.23676179E-01 -7.10215786E-02 -3.34098197E-02  0.00000000E+00  2.80343886E-03  4.41423276E+00
  6.00000000E+00  1.02200000E+00  9.23921046E-01 -7.09752183E-02 -3.34260892E-02  0.00000000E+00  2.80097721E-03  4.42396102E+00
  6.00000000E+00  1.02500000E+00  9.24165380E-01 -7.09288933E-02 -3.34421871E-02  0.00000000E+00  2.79851699E-03  4.43369260E+00
  6.00000000E+00  1.02800000E+00  9.24409183E-01 -7.08826046E-02 -3.34581094E-02  0.00000000E+00  2.79605817E-03  4.44342753E+00
  6.00000000E+00  1.03100000E+00  9.24652458E-01 -7.08363529E-02 -3.34738524E-02  0.00000000E+00  2.79360072E-03  4.45316583E+00
  6.00000000E+00  1.03400000E+00  9.24895209E-01 -7.07901389E-02 -3.34894123E-02  0.00000000E+00  2.79114463E-03  4.46290753E+00
  6.00000000E+00  1.03700000E+00  9.25137438E-01 -7.07439634E-02 -3.35047853E-02  0.00000000E+00  2.78868986E-03  4.47265265E+00
  6.00000000E+00  1.04000000E+00  9.25379148E-01 -7.06978274E-02 -3.35199674E-02  0.00000000E+00  2.78623639E-03  4.48240123E+00
  6.00000000E+00  1.04300000E+00  9.25620343E-01 -7.06517315E-02 -3.35349550E-02  0.00000000E+00  2.78378419E-03  4.49215328E+00
  6.00000000E+00  1.04600000E+00  9.25861025E-01 -7.06056765E-02 -3.35497441E-02  0.00000000E+00  2.78133325E-03  4.50190884E+00
  6.00000000E+00  1.04900000E+00  9.26101197E-01 -7.05596632E-02 -3.35643309E-02  0.00000000E+00  2.77888354E-03  4.51166794E+00
  6.00000000E+00  1.05200000E+00  9.26340833E-01 -7.05136118E-02 -3.35792281E-02  0.00000000E+00  2.77643526E-03  4.52143057E+00
  6.00000000E+00  1.05500000E+00  9.26579680E-01 -7.04668030E-02 -3.35990401E-02  0.00000000E+00  2.77399049E-03  4.53119659E+00
  6.00000000E+00  1.05800000E+00  9.26818014E-01 -7.04200300E-02 -3.36186875E-02  0.00000000E+00  2.77154699E-03  4.54096629E+00
  6.00000000E+00  1.06100000E+00  9.27055837E-01 -7.03732926E-02 -3.36381732E-02  0.00000000E+00  2.76910477E-03  4.55073969E+00
  6.00000000E+00  1.06400000E+00  9.27293151E-01 -7.03265902E-02 -3.36575000E-02  0.00000000E+00  2.76666381E-03  4.56051681E+00
  6.00000000E+00  1.06700000E+00  9.27529956E-01 -7.02799227E-02 -3.36766708E-02  0.00000000E+00  2.76422412E-03  4.57029766E+00
  6.00000000E+00  1.07000000E+00  9.27766256E-01 -7.02332896E-02 -3.36956884E-02  0.00000000E+00  2.76178568E-03  4.58008227E+00
  6.00000000E+00  1.07300000E+00  9.28002050E-01 -7.01866906E-02 -3.37145557E-02  0.00000000E+00  2.75934850E-03  4.58987066E+00
  6.00000000E+00  1.07600000E+00  9.28237341E-01 -7.01401254E-02 -3.37332756E-02  0.00000000E+00  2.75691256E-03  4.59966284E+00
  6.00000000E+00  1.07900000E+00  9.28472130E-01 -7.00935937E-02 -3.37518508E-02  0.00000000E+00  2.75447786E-03  4.60945884E+00
  6.00000000E+00  1.08200000E+00  9.28706419E-01 -7.00470950E-02 -3.37702843E-02  0.00000000E+00  2.75204439E-03  4.61925867E+00
  6.00000000E+00  1.08500000E+00  9.28940209E-01 -7.00006290E-02 -3.37885790E-02  0.00000000E+00  2.74961216E-03  4.62906235E+00
  6.00000000E+00  1.08800000E+00  9.29173501E-01 -6.99541955E-02 -3.38067376E-02  0.00000000E+00  2.74718115E-03  4.63886990E+00
  6.00000000E+00  1.09100000E+00  9.29406298E-01 -6.99077940E-02 -3.38247630E-02  0.00000000E+00  2.74475136E-03  4.64868134E+00
  6.00000000E+00  1.09400000E+00  9.29638600E-01 -6.98614242E-02 -3.38426581E-02  0.00000000E+00  2.74232279E-03  4.65849669E+00
  6.00000000E+00  1.09700000E+00  9.29870409E-01 -6.98150858E-02 -3.38604257E-02  0.00000000E+00  2.73989543E-03  4.66831597E+00
  6.00000000E+00  1.10000000E+00  9.30101727E-01 -6.97687784E-02 -3.38780688E-02  0.00000000E+00  2.73746927E-03  4.67813920E+00
  6.00000000E+00  1.10300000E+00  9.30332555E-01 -6.97225017E-02 -3.38955901E-02  0.00000000E+00  2.73504431E-03  4.68796639E+00
  6.00000000E+00  1.10600000E+00  9.30562894E-01 -6.96762553E-02 -3.39129925E-02  0.00000000E+00  2.73262054E-03  4.69779757E+00
  6.00000000E+00  1.10900000E+00  9.30792747E-01 -6.96300389E-02 -3.39302789E-02  0.00000000E+00  2.73019796E-03  4.70763275E+00
  6.00000000E+00  1.11200000E+00  9.31022114E-01 -6.95838522E-02 -3.39474521E-02  0.00000000E+00  2.72777656E-03  4.71747195E+00
  6.00000000E+00  1.11500000E+00  9.31250997E-01 -6.95376948E-02 -3.39645150E-02  0.00000000E+00  2.72535635E-03  4.72731520E+00
  6.00000000E+00  1.11800000E+00  9.31479398E-01 -6.94915664E-02 -3.39814705E-02  0.00000000E+00  2.72293730E-03  4.73716251E+00
  6.00000000E+00  1.12100000E+00  9.31707318E-01 -6.94454666E-02 -3.39983213E-02  0.00000000E+00  2.72051942E-03  4.74701390E+00
  6.00000000E+00  1.12400000E+00  9.31934758E-01 -6.93993950E-02 -3.40150704E-02  0.00000000E+00  2.71810271E-03  4.75686939E+00
  6.00000000E+00  1.12700000E+00  9.32161721E-01 -6.93533514E-02 -3.40317206E-02  0.00000000E+00  2.71568715E-03  4.76672899E+00
  6.00000000E+00  1.13000000E+00  9.32388207E-01 -6.93073354E-02 -3.40482748E-02  0.00000000E+00  2.71327274E-03  4.77659274E+00
  6.00000000E+00  1.13300000E+00  9.32614218E-01 -6.92613467E-02 -3.40647358E-02  0.00000000E+00  2.71085948E-03  4.78646064E+00
  6.00000000E+00  1.13600000E+00  9.32839756E-01 -6.92153849E-02 -3.40811065E-02  0.00000000E+00  2.70844736E-03  4.79633271E+00
  6.00000000E+00  1.13900000E+00  9.33064822E-01 -6.91694496E-02 -3.40973898E-02  0.00000000E+00  2.70603638E-03  4.80620898E+00
  6.00000000E+00  1.14200000E+00  9.33289418E-01 -6.91235406E-02 -3.41135884E-02  0.00000000E+00  2.70362652E-03  4.81608947E+00
  6.00000000E+00  1.14500000E+00  9.33513545E-01 -6.90776574E-02 -3.41297053E-02  0.00000000E+00  2.70121780E-03  4.82597419E+00
  6.00000000E+00  1.14800000E+00  9.33737204E-01 -6.90317998E-02 -3.41457433E-02  0.00000000E+00  2.69881019E-03  4.83586316E+00
  6.00000000E+00  1.15100000E+00  9.33960397E-01 -6.89859673E-02 -3.41617053E-02  0.00000000E+00  2.69640370E-03  4.84575640E+00
  6.00000000E+00  1.15400000E+00  9.34183126E-01 -6.89401598E-02 -3.41775941E-02  0.00000000E+00  2.69399831E-03  4.85565393E+00
  6.00000000E+00  1.15700000E+00  9.34405393E-01 -6.88943767E-02 -3.41934126E-02  0.00000000E+00  2.69159404E-03  4.86555577E+00
  6.00000000E+00  1.16000000E+00  9.34627197E-01 -6.88486178E-02 -3.42091637E-02  0.00000000E+00  2.68919086E-03  4.87546193E+00
  6.00000000E+00  1.16300000E+00  9.34848542E-01 -6.88028827E-02 -3.42248501E-02  0.00000000E+00  2.68678877E-03  4.88537245E+00
  6.00000000E+00  1.16600000E+00  9.35069429E-01 -6.87571711E-02 -3.42404748E-02  0.00000000E+00  2.68438777E-03  4.89528733E+00
  6.00000000E+00  1.16900000E+00  9.35289859E-01 -6.87114827E-02 -3.42560406E-02  0.00000000E+00  2.68198786E-03  4.90520659E+00
  6.00000000E+00  1.17200000E+00  9.35509833E-01 -6.86658170E-02 -3.42715504E-02  0.00000000E+00  2.67958903E-03  4.91513026E+00
  6.00000000E+00  1.17500000E+00  9.35729353E-01 -6.86201738E-02 -3.42870069E-02  0.00000000E+00  2.67719126E-03  4.92505836E+00
  6.00000000E+00  1.17800000E+00  9.35948421E-01 -6.85745527E-02 -3.43024132E-02  0.00000000E+00  2.67479457E-03  4.93499089E+00
  6.00000000E+00  1.18100000E+00  9.36167038E-01 -6.85289534E-02 -3.43177721E-02  0.00000000E+00  2.67239894E-03  4.94492789E+00
  6.00000000E+00  1.18400000E+00  9.36385206E-01 -6.84833755E-02 -3.43330863E-02  0.00000000E+00  2.67000436E-03  4.95486937E+00
  6.00000000E+00  1.18700000E+00  9.36602926E-01 -6.84378186E-02 -3.43483587E-02  0.00000000E+00  2.66761084E-03  4.96481534E+00
  6.00000000E+00  1.19000000E+00  9.36820199E-01 -6.83922825E-02 -3.43635923E-02  0.00000000E+00  2.66521836E-03  4.97476584E+00
  6.00000000E+00  1.19300000E+00  9.37037028E-01 -6.83467668E-02 -3.43787899E-02  0.00000000E+00  2.66282693E-03  4.98472087E+00
  6.00000000E+00  1.19600000E+00  9.37253413E-01 -6.83012712E-02 -3.43939543E-02  0.00000000E+00  2.66043653E-03  4.99468046E+00
  6.00000000E+00  1.19900000E+00  9.37469357E-01 -6.82557952E-02 -3.44090883E-02  0.00000000E+00  2.65804716E-03  5.00464462E+00
  6.00000000E+00  1.20200000E+00  9.37684860E-01 -6.82103387E-02 -3.44241949E-02  0.00000000E+00  2.65565882E-03  5.01461338E+00
  6.00000000E+00  1.20500000E+00  9.37899924E-01 -6.81649011E-02 -3.44392769E-02  0.00000000E+00  2.65327150E-03  5.02458676E+00
  6.00000000E+00  1.20800000E+00  9.38114551E-01 -6.81194822E-02 -3.44543372E-02  0.00000000E+00  2.65088519E-03  5.03456476E+00
  6.00000000E+00  1.21100000E+00  9.38328742E-01 -6.80740817E-02 -3.44693786E-02  0.00000000E+00  2.64849990E-03  5.04454742E+00
  6.00000000E+00  1.21400000E+00  9.38542498E-01 -6.80286992E-02 -3.44844039E-02  0.00000000E+00  2.64611560E-03  5.05453475E+00
  6.00000000E+00  1.21700000E+00  9.38755822E-01 -6.79833343E-02 -3.44994161E-02  0.00000000E+00  2.64373231E-03  5.06452677E+00
  6.00000000E+00  1.22000000E+00  9.38968714E-01 -6.79379867E-02 -3.45144179E-02  0.00000000E+00  2.64135001E-03  5.07452350E+00
  6.00000000E+00  1.22300000E+00  9.39181176E-01 -6.78926561E-02 -3.45294123E-02  0.00000000E+00  2.63896870E-03  5.08452495E+00
  6.00000000E+00  1.22600000E+00  9.39393211E-01 -6.78473421E-02 -3.45444021E-02  0.00000000E+00  2.63658838E-03  5.09453116E+00
  6.00000000E+00  1.22900000E+00  9.39604818E-01 -6.78020443E-02 -3.45593901E-02  0.00000000E+00  2.63420903E-03  5.10454213E+00
  6.00000000E+00  1.23200000E+00  9.39816000E-01 -6.77567626E-02 -3.45743793E-02  0.00000000E+00  2.63183066E-03  5.11455788E+00
  6.00000000E+00  1.23500000E+00  9.40026758E-01 -6.77114964E-02 -3.45893724E-02  0.00000000E+00  2.62945325E-03  5.12457844E+00
  6.00000000E+00  1.23800000E+00  9.40237093E-01 -6.76662454E-02 -3.46043723E-02  0.00000000E+00  2.62707681E-03  5.13460382E+00
  6.00000000E+00  1.24100000E+00  9.40447008E-01 -6.76210094E-02 -3.46193820E-02  0.00000000E+00  2.62470132E-03  5.14463405E+00
  6.00000000E+00  1.24400000E+00  9.40656503E-01 -6.75757879E-02 -3.46344041E-02  0.00000000E+00  2.62232679E-03  5.15466913E+00
  6.00000000E+00  1.24700000E+00  9.40865581E-01 -6.75305807E-02 -3.46494417E-02  0.00000000E+00  2.61995320E-03  5.16470910E+00
  6.00000000E+00  1.25000000E+00  9.41074242E-01 -6.74853873E-02 -3.46644975E-02  0.00000000E+00  2.61758056E-03  5.17475396E+00
  6.00000000E+00  1.25300000E+00  9.41282489E-01 -6.74402074E-02 -3.46795744E-02  0.00000000E+00  2.61520885E-03  5.18480375E+00
  6.00000000E+00  1.25600000E+00  9.41490322E-01 -6.73950408E-02 -3.46946753E-02  0.00000000E+00  2.61283807E-03  5.19485847E+00
  6.00000000E+00  1.25900000E+00  9.41697743E-01 -6.73498870E-02 -3.47098030E-02  0.00000000E+00  2.61046822E-03  5.20491815E+00
  6.00000000E+00  1.26200000E+00  9.41904754E-01 -6.73047457E-02 -3.47249604E-02  0.00000000E+00  2.60809929E-03  5.21498280E+00
  6.00000000E+00  1.26500000E+00  9.42111356E-01 -6.72596166E-02 -3.47401504E-02  0.00000000E+00  2.60573128E-03  5.22505245E+00
  6.00000000E+00  1.26800000E+00  9.42317550E-01 -6.72144993E-02 -3.47553757E-02  0.00000000E+00  2.60336417E-03  5.23512712E+00
  6.00000000E+00  1.27100000E+00  9.42523339E-01 -6.71693935E-02 -3.47706393E-02  0.00000000E+00  2.60099797E-03  5.24520681E+00
  6.00000000E+00  1.27400000E+00  9.42728724E-01 -6.71242988E-02 -3.47859440E-02  0.00000000E+00  2.59863267E-03  5.25529156E+00
  6.00000000E+00  1.27700000E+00  9.42933705E-01 -6.70792149E-02 -3.48012926E-02  0.00000000E+00  2.59626827E-03  5.26538138E+00
  6.00000000E+00  1.28000000E+00  9.43138285E-01 -6.70341414E-02 -3.48166881E-02  0.00000000E+00  2.59390475E-03  5.27547628E+00
  6.00000000E+00  1.28300000E+00  9.43342466E-01 -6.69890780E-02 -3.48321333E-02  0.00000000E+00  2.59154212E-03  5.28557630E+00
  6.00000000E+00  1.28600000E+00  9.43546248E-01 -6.69440245E-02 -3.48476310E-02  0.00000000E+00  2.58918036E-03  5.29568145E+00
  6.00000000E+00  1.28900000E+00  9.43749633E-01 -6.68989803E-02 -3.48631841E-02  0.00000000E+00  2.58681948E-03  5.30579174E+00
  6.00000000E+00  1.29200000E+00  9.43952623E-01 -6.68539452E-02 -3.48787954E-02  0.00000000E+00  2.58445947E-03  5.31590720E+00
  6.00000000E+00  1.29500000E+00  9.44155219E-01 -6.68089188E-02 -3.48944679E-02  0.00000000E+00  2.58210032E-03  5.32602784E+00
  6.00000000E+00  1.29800000E+00  9.44357423E-01 -6.67639009E-02 -3.49102043E-02  0.00000000E+00  2.57974203E-03  5.33615369E+00
  6.00000000E+00  1.30100000E+00  9.44559236E-01 -6.67188910E-02 -3.49260076E-02  0.00000000E+00  2.57738459E-03  5.34628476E+00
  6.00000000E+00  1.30400000E+00  9.44760659E-01 -6.66738887E-02 -3.49418805E-02  0.00000000E+00  2.57502800E-03  5.35642108E+00
  6.00000000E+00  1.30700000E+00  9.44961695E-01 -6.66288939E-02 -3.49578260E-02  0.00000000E+00  2.57267225E-03  5.36656265E+00
  6.00000000E+00  1.31000000E+00  9.45162345E-01 -6.65839061E-02 -3.49738469E-02  0.00000000E+00  2.57031734E-03  5.37670951E+00
  6.00000000E+00  1.31300000E+00  9.45362609E-01 -6.65389249E-02 -3.49899460E-02  0.00000000E+00  2.56796326E-03  5.38686166E+00
  6.00000000E+00  1.31600000E+00  9.45562490E-01 -6.64939501E-02 -3.50061262E-02  0.00000000E+00  2.56561000E-03  5.39701914E+00
  6.00000000E+00  1.31900000E+00  9.45761990E-01 -6.64489813E-02 -3.50223904E-02  0.00000000E+00  2.56325757E-03  5.40718195E+00
  6.00000000E+00  1.32200000E+00  9.45961109E-01 -6.64040181E-02 -3.50387414E-02  0.00000000E+00  2.56090595E-03  5.41735012E+00
  6.00000000E+00  1.32500000E+00  9.46159849E-01 -6.63590602E-02 -3.50551821E-02  0.00000000E+00  2.55855514E-03  5.42752366E+00
  6.00000000E+00  1.32800000E+00  9.46358207E-01 -6.63141857E-02 -3.50711612E-02  0.00000000E+00  2.55620517E-03  5.43770270E+00
  6.00000000E+00  1.33100000E+00  9.46556156E-01 -6.62698086E-02 -3.50837544E-02  0.00000000E+00  2.55385618E-03  5.44788779E+00
  6.00000000E+00  1.33400000E+00  9.46753726E-01 -6.62254412E-02 -3.50964094E-02  0.00000000E+00  2.55150800E-03  5.45807836E+00
  6.00000000E+00  1.33700000E+00  9.46950919E-01 -6.61810840E-02 -3.51091246E-02  0.00000000E+00  2.54916064E-03  5.46827444E+00
  6.00000000E+00  1.34000000E+00  9.47147734E-01 -6.61367372E-02 -3.51218978E-02  0.00000000E+00  2.54681409E-03  5.47847604E+00
  6.00000000E+00  1.34300000E+00  9.47344174E-01 -6.60924011E-02 -3.51347272E-02  0.00000000E+00  2.54446835E-03  5.48868317E+00
  6.00000000E+00  1.34600000E+00  9.47540239E-01 -6.60480760E-02 -3.51476109E-02  0.00000000E+00  2.54212343E-03  5.49889585E+00
  6.00000000E+00  1.34900000E+00  9.47735930E-01 -6.60037623E-02 -3.51605468E-02  0.00000000E+00  2.53977933E-03  5.50911410E+00
  6.00000000E+00  1.35200000E+00  9.47931248E-01 -6.59594602E-02 -3.51735331E-02  0.00000000E+00  2.53743604E-03  5.51933793E+00
  6.00000000E+00  1.35500000E+00  9.48126194E-01 -6.59151700E-02 -3.51865678E-02  0.00000000E+00  2.53509357E-03  5.52956735E+00
  6.00000000E+00  1.35800000E+00  9.48320768E-01 -6.58708922E-02 -3.51996490E-02  0.00000000E+00  2.53275192E-03  5.53980239E+00
  6.00000000E+00  1.36100000E+00  9.48514973E-01 -6.58266269E-02 -3.52127747E-02  0.00000000E+00  2.53041110E-03  5.55004305E+00
  6.00000000E+00  1.36400000E+00  9.48708808E-01 -6.57823745E-02 -3.52259431E-02  0.00000000E+00  2.52807109E-03  5.56028936E+00
  6.00000000E+00  1.36700000E+00  9.48902275E-01 -6.57381353E-02 -3.52391521E-02  0.00000000E+00  2.52573190E-03  5.57054133E+00
  6.00000000E+00  1.37000000E+00  9.49095375E-01 -6.56939096E-02 -3.52523998E-02  0.00000000E+00  2.52339354E-03  5.58079897E+00
  6.00000000E+00  1.37300000E+00  9.49288108E-01 -6.56496977E-02 -3.52656843E-02  0.00000000E+00  2.52105601E-03  5.59106231E+00
  6.00000000E+00  1.37600000E+00  9.49480476E-01 -6.56054999E-02 -3.52790037E-02  0.00000000E+00  2.51871930E-03  5.60133135E+00
  6.00000000E+00  1.37900000E+00  9.49672480E-01 -6.55613166E-02 -3.52923560E-02  0.00000000E+00  2.51638341E-03  5.61160611E+00
  6.00000000E+00  1.38200000E+00  9.49864119E-01 -6.55171480E-02 -3.53057392E-02  0.00000000E+00  2.51404836E-03  5.62188661E+00
  6.00000000E+00  1.38500000E+00  9.50055397E-01 -6.54729945E-02 -3.53191515E-02  0.00000000E+00  2.51171413E-03  5.63217287E+00
  6.00000000E+00  1.38800000E+00  9.50246312E-01 -6.54288564E-02 -3.53325909E-02  0.00000000E+00  2.50938073E-03  5.64246490E+00
  6.00000000E+00  1.39100000E+00  9.50436867E-01 -6.53847339E-02 -3.53460555E-02  0.00000000E+00  2.50704816E-03  5.65276271E+00
  6.00000000E+00  1.39400000E+00  9.50627062E-01 -6.53406275E-02 -3.53595433E-02  0.00000000E+00  2.50471643E-03  5.66306632E+00
  6.00000000E+00  1.39700000E+00  9.50816898E-01 -6.52965373E-02 -3.53730523E-02  0.00000000E+00  2.50238553E-03  5.67337575E+00
  6.00000000E+00  1.40000000E+00  9.51006377E-01 -6.52524638E-02 -3.53865807E-02  0.00000000E+00  2.50005546E-03  5.68369101E+00
  6.00000000E+00  1.40300000E+00  9.51195498E-01 -6.52084072E-02 -3.54001266E-02  0.00000000E+00  2.49772622E-03  5.69401212E+00
  6.00000000E+00  1.40600000E+00  9.51384264E-01 -6.51643678E-02 -3.54136879E-02  0.00000000E+00  2.49539782E-03  5.70433909E+00
  6.00000000E+00  1.40900000E+00  9.51572674E-01 -6.51203459E-02 -3.54272627E-02  0.00000000E+00  2.49307026E-03  5.71467195E+00
  6.00000000E+00  1.41200000E+00  9.51760730E-01 -6.50763419E-02 -3.54408492E-02  0.00000000E+00  2.49074354E-03  5.72501069E+00
  6.00000000E+00  1.41500000E+00  9.51948434E-01 -6.50323561E-02 -3.54544453E-02  0.00000000E+00  2.48841765E-03  5.73535535E+00
  6.00000000E+00  1.41800000E+00  9.52135785E-01 -6.49883887E-02 -3.54680491E-02  0.00000000E+00  2.48609261E-03  5.74570594E+00
  6.00000000E+00  1.42100000E+00  9.52322784E-01 -6.49444402E-02 -3.54816587E-02  0.00000000E+00  2.48376840E-03  5.75606247E+00
  6.00000000E+00  1.42400000E+00  9.52509434E-01 -6.49005107E-02 -3.54952721E-02  0.00000000E+00  2.48144504E-03  5.76642495E+00
  6.00000000E+00  1.42700000E+00  9.52695734E-01 -6.48566006E-02 -3.55088875E-02  0.00000000E+00  2.47912252E-03  5.77679341E+00
  6.00000000E+00  1.43000000E+00  9.52881685E-01 -6.48127103E-02 -3.55225028E-02  0.00000000E+00  2.47680084E-03  5.78716786E+00
  6.00000000E+00  1.43300000E+00  9.53067289E-01 -6.47688399E-02 -3.55361161E-02  0.00000000E+00  2.47448001E-03  5.79754832E+00
  6.00000000E+00  1.43600000E+00  9.53252547E-01 -6.47249899E-02 -3.55497256E-02  0.00000000E+00  2.47216002E-03  5.80793480E+00
  6.00000000E+00  1.43900000E+00  9.53437459E-01 -6.46811606E-02 -3.55633292E-02  0.00000000E+00  2.46984088E-03  5.81832731E+00
  6.00000000E+00  1.44200000E+00  9.53622026E-01 -6.46373522E-02 -3.55769250E-02  0.00000000E+00  2.46752259E-03  5.82872587E+00
  6.00000000E+00  1.44500000E+00  9.53806250E-01 -6.45935651E-02 -3.55905111E-02  0.00000000E+00  2.46520515E-03  5.83913051E+00
  6.00000000E+00  1.44800000E+00  9.53990131E-01 -6.45497995E-02 -3.56040855E-02  0.00000000E+00  2.46288856E-03  5.84954123E+00
  6.00000000E+00  1.45100000E+00  9.54173670E-01 -6.45060559E-02 -3.56176464E-02  0.00000000E+00  2.46057282E-03  5.85995804E+00
  6.00000000E+00  1.45400000E+00  9.54356868E-01 -6.44623344E-02 -3.56311917E-02  0.00000000E+00  2.45825793E-03  5.87038097E+00
  6.00000000E+00  1.45700000E+00  9.54539727E-01 -6.44186355E-02 -3.56447195E-02  0.00000000E+00  2.45594389E-03  5.88081004E+00
  6.00000000E+00  1.46000000E+00  9.54722246E-01 -6.43749594E-02 -3.56582279E-02  0.00000000E+00  2.45363071E-03  5.89124525E+00
  6.00000000E+00  1.46300000E+00  9.54904428E-01 -6.43313064E-02 -3.56717150E-02  0.00000000E+00  2.45131838E-03  5.90168662E+00
  6.00000000E+00  1.46600000E+00  9.55086272E-01 -6.42876768E-02 -3.56851788E-02  0.00000000E+00  2.44900691E-03  5.91213417E+00
  6.00000000E+00  1.46900000E+00  9.55267780E-01 -6.42440710E-02 -3.56986174E-02  0.00000000E+00  2.44669630E-03  5.92258792E+00
  6.00000000E+00  1.47200000E+00  9.55448953E-01 -6.42004893E-02 -3.57120288E-02  0.00000000E+00  2.44438654E-03  5.93304787E+00
  6.00000000E+00  1.47500000E+00  9.55629792E-01 -6.41569319E-02 -3.57254111E-02  0.00000000E+00  2.44207764E-03  5.94351405E+00
  6.00000000E+00  1.47800000E+00  9.55810297E-01 -6.41133992E-02 -3.57387624E-02  0.00000000E+00  2.43976961E-03  5.95398647E+00
  6.00000000E+00  1.48100000E+00  9.55990470E-01 -6.40698916E-02 -3.57520807E-02  0.00000000E+00  2.43746243E-03  5.96446515E+00
  6.00000000E+00  1.48400000E+00  9.56170312E-01 -6.40264092E-02 -3.57653640E-02  0.00000000E+00  2.43515612E-03  5.97495010E+00
  6.00000000E+00  1.48700000E+00  9.56349823E-01 -6.39829524E-02 -3.57786106E-02  0.00000000E+00  2.43285066E-03  5.98544133E+00
  6.00000000E+00  1.49000000E+00  9.56529005E-01 -6.39395215E-02 -3.57918183E-02  0.00000000E+00  2.43054608E-03  5.99593888E+00
  6.00000000E+00  1.49300000E+00  9.56707858E-01 -6.38961169E-02 -3.58049853E-02  0.00000000E+00  2.42824236E-03  6.00644274E+00
  6.00000000E+00  1.49600000E+00  9.56886384E-01 -6.38527389E-02 -3.58181097E-02  0.00000000E+00  2.42593950E-03  6.01695293E+00
  6.00000000E+00  1.49900000E+00  9.57064583E-01 -6.38093876E-02 -3.58311894E-02  0.00000000E+00  2.42363751E-03  6.02746948E+00
  6.00000000E+00  1.50200000E+00  9.57242456E-01 -6.37660636E-02 -3.58442226E-02  0.00000000E+00  2.42133639E-03  6.03799239E+00
  6.00000000E+00  1.50500000E+00  9.57420004E-01 -6.37227670E-02 -3.58572073E-02  0.00000000E+00  2.41903614E-03  6.04852169E+00
  6.00000000E+00  1.50800000E+00  9.57597229E-01 -6.36794982E-02 -3.58701416E-02  0.00000000E+00  2.41673676E-03  6.05905739E+00
  6.00000000E+00  1.51100000E+00  9.57774130E-01 -6.36362575E-02 -3.58830236E-02  0.00000000E+00  2.41443825E-03  6.06959949E+00
  6.00000000E+00  1.51400000E+00  9.57950710E-01 -6.35930452E-02 -3.58958513E-02  0.00000000E+00  2.41214061E-03  6.08014803E+00
  6.00000000E+00  1.51700000E+00  9.58126969E-01 -6.35498617E-02 -3.59086227E-02  0.00000000E+00  2.40984385E-03  6.09070301E+00
  6.00000000E+00  1.52000000E+00  9.58302908E-01 -6.35067071E-02 -3.59213359E-02  0.00000000E+00  2.40754796E-03  6.10126446E+00
  6.00000000E+00  1.52300000E+00  9.58478527E-01 -6.34635819E-02 -3.59339891E-02  0.00000000E+00  2.40525294E-03  6.11183238E+00
  6.00000000E+00  1.52600000E+00  9.58653828E-01 -6.34204864E-02 -3.59465802E-02  0.00000000E+00  2.40295881E-03  6.12240679E+00
  6.00000000E+00  1.52900000E+00  9.58828813E-01 -6.33774208E-02 -3.59591073E-02  0.00000000E+00  2.40066555E-03  6.13298771E+00
  6.00000000E+00  1.53200000E+00  9.59003481E-01 -6.33343855E-02 -3.59715685E-02  0.00000000E+00  2.39837316E-03  6.14357516E+00
  6.00000000E+00  1.53500000E+00  9.59177833E-01 -6.32913807E-02 -3.59839619E-02  0.00000000E+00  2.39608166E-03  6.15416914E+00
  6.00000000E+00  1.53800000E+00  9.59351871E-01 -6.32484069E-02 -3.59962854E-02  0.00000000E+00  2.39379104E-03  6.16476968E+00
  6.00000000E+00  1.54100000E+00  9.59525596E-01 -6.32054642E-02 -3.60085372E-02  0.00000000E+00  2.39150130E-03  6.17537680E+00
  6.00000000E+00  1.54400000E+00  9.59699008E-01 -6.31625531E-02 -3.60207154E-02  0.00000000E+00  2.38921244E-03  6.18599049E+00
  6.00000000E+00  1.54700000E+00  9.59872109E-01 -6.31196737E-02 -3.60328179E-02  0.00000000E+00  2.38692446E-03  6.19661079E+00
  6.00000000E+00  1.55000000E+00  9.60044899E-01 -6.30768265E-02 -3.60448429E-02  0.00000000E+00  2.38463737E-03  6.20723771E+00
  6.00000000E+00  1.55300000E+00  9.60217380E-01 -6.30340118E-02 -3.60567884E-02  0.00000000E+00  2.38235116E-03  6.21787126E+00
  6.00000000E+00  1.55600000E+00  9.60389551E-01 -6.29912298E-02 -3.60686525E-02  0.00000000E+00  2.38006584E-03  6.22851147E+00
  6.00000000E+00  1.55900000E+00  9.60561415E-01 -6.29484809E-02 -3.60804332E-02  0.00000000E+00  2.37778141E-03  6.23915833E+00
  6.00000000E+00  1.56200000E+00  9.60732972E-01 -6.29057653E-02 -3.60921286E-02  0.00000000E+00  2.37549787E-03  6.24981188E+00
  6.00000000E+00  1.56500000E+00  9.60904224E-01 -6.28630834E-02 -3.61037368E-02  0.00000000E+00  2.37321521E-03  6.26047213E+00
  6.00000000E+00  1.56800000E+00  9.61075170E-01 -6.28204355E-02 -3.61152558E-02  0.00000000E+00  2.37093345E-03  6.27113908E+00
  6.00000000E+00  1.57100000E+00  9.61245813E-01 -6.27778220E-02 -3.61266837E-02  0.00000000E+00  2.36865258E-03  6.28181277E+00
  6.00000000E+00  1.57400000E+00  9.61416152E-01 -6.27352430E-02 -3.61380185E-02  0.00000000E+00  2.36637260E-03  6.29249320E+00
  6.00000000E+00  1.57700000E+00  9.61586189E-01 -6.26926990E-02 -3.61492583E-02  0.00000000E+00  2.36409351E-03  6.30318039E+00
  6.00000000E+00  1.58000000E+00  9.61755925E-01 -6.26501902E-02 -3.61604013E-02  0.00000000E+00  2.36181532E-03  6.31387435E+00
  6.00000000E+00  1.58300000E+00  9.61925361E-01 -6.26077169E-02 -3.61714453E-02  0.00000000E+00  2.35953802E-03  6.32457511E+00
  6.00000000E+00  1.58600000E+00  9.62094498E-01 -6.25652795E-02 -3.61823886E-02  0.00000000E+00  2.35726162E-03  6.33528267E+00
  6.00000000E+00  1.58900000E+00  9.62263336E-01 -6.25228783E-02 -3.61932291E-02  0.00000000E+00  2.35498612E-03  6.34599705E+00
  6.00000000E+00  1.59200000E+00  9.62431877E-01 -6.24805135E-02 -3.62039649E-02  0.00000000E+00  2.35271152E-03  6.35671827E+00
  6.00000000E+00  1.59500000E+00  9.62600122E-01 -6.24381856E-02 -3.62145941E-02  0.00000000E+00  2.35043782E-03  6.36744635E+00
  6.00000000E+00  1.59800000E+00  9.62768071E-01 -6.23958947E-02 -3.62251147E-02  0.00000000E+00  2.34816501E-03  6.37818130E+00
  6.00000000E+00  1.60100000E+00  9.62935726E-01 -6.23536412E-02 -3.62355249E-02  0.00000000E+00  2.34589311E-03  6.38892313E+00
  6.00000000E+00  1.60400000E+00  9.63103072E-01 -6.23113513E-02 -3.62463426E-02  0.00000000E+00  2.34362214E-03  6.39967185E+00
  6.00000000E+00  1.60700000E+00  9.63270062E-01 -6.22687682E-02 -3.62593680E-02  0.00000000E+00  2.34135218E-03  6.41042747E+00
  6.00000000E+00  1.61000000E+00  9.63436758E-01 -6.22262194E-02 -3.62723044E-02  0.00000000E+00  2.33908312E-03  6.42119007E+00
  6.00000000E+00  1.61300000E+00  9.63603161E-01 -6.21837048E-02 -3.62851531E-02  0.00000000E+00  2.33681495E-03  6.43195967E+00
  6.00000000E+00  1.61600000E+00  9.63769272E-01 -6.21412242E-02 -3.62979156E-02  0.00000000E+00  2.33454767E-03  6.44273628E+00
  6.00000000E+00  1.61900000E+00  9.63935091E-01 -6.20987774E-02 -3.63105934E-02  0.00000000E+00  2.33228129E-03  6.45351993E+00
  6.00000000E+00  1.62200000E+00  9.64100619E-01 -6.20563642E-02 -3.63231877E-02  0.00000000E+00  2.33001580E-03  6.46431062E+00
  6.00000000E+00  1.62500000E+00  9.64265857E-01 -6.20139844E-02 -3.63357002E-02  0.00000000E+00  2.32775122E-03  6.47510838E+00
  6.00000000E+00  1.62800000E+00  9.64430805E-01 -6.19716379E-02 -3.63481322E-02  0.00000000E+00  2.32548753E-03  6.48591322E+00
  6.00000000E+00  1.63100000E+00  9.64595463E-01 -6.19293244E-02 -3.63604852E-02  0.00000000E+00  2.32322475E-03  6.49672516E+00
  6.00000000E+00  1.63400000E+00  9.64759833E-01 -6.18870437E-02 -3.63727605E-02  0.00000000E+00  2.32096287E-03  6.50754420E+00
  6.00000000E+00  1.63700000E+00  9.64923914E-01 -6.18447957E-02 -3.63849596E-02  0.00000000E+00  2.31870190E-03  6.51837038E+00
  6.00000000E+00  1.64000000E+00  9.65087708E-01 -6.18025801E-02 -3.63970840E-02  0.00000000E+00  2.31644183E-03  6.52920370E+00
  6.00000000E+00  1.64300000E+00  9.65251215E-01 -6.17603968E-02 -3.64091350E-02  0.00000000E+00  2.31418267E-03  6.54004419E+00
  6.00000000E+00  1.64600000E+00  9.65414436E-01 -6.17182456E-02 -3.64211141E-02  0.00000000E+00  2.31192442E-03  6.55089185E+00
  6.00000000E+00  1.64900000E+00  9.65577371E-01 -6.16761262E-02 -3.64330227E-02  0.00000000E+00  2.30966709E-03  6.56174670E+00
  6.00000000E+00  1.65200000E+00  9.65740021E-01 -6.16340385E-02 -3.64448623E-02  0.00000000E+00  2.30741066E-03  6.57260877E+00
  6.00000000E+00  1.65500000E+00  9.65902387E-01 -6.15919823E-02 -3.64566342E-02  0.00000000E+00  2.30515515E-03  6.58347806E+00
  6.00000000E+00  1.65800000E+00  9.66064468E-01 -6.15499574E-02 -3.64683400E-02  0.00000000E+00  2.30290056E-03  6.59435460E+00
  6.00000000E+00  1.66100000E+00  9.66226266E-01 -6.15079636E-02 -3.64799810E-02  0.00000000E+00  2.30064688E-03  6.60523839E+00
  6.00000000E+00  1.66400000E+00  9.66387782E-01 -6.14660007E-02 -3.64915587E-02  0.00000000E+00  2.29839413E-03  6.61612946E+00
  6.00000000E+00  1.66700000E+00  9.66549015E-01 -6.14240685E-02 -3.65030744E-02  0.00000000E+00  2.29614229E-03  6.62702783E+00
  6.00000000E+00  1.67000000E+00  9.66709967E-01 -6.13821669E-02 -3.65145297E-02  0.00000000E+00  2.29389138E-03  6.63793350E+00
  6.00000000E+00  1.67300000E+00  9.66870637E-01 -6.13402956E-02 -3.65259260E-02  0.00000000E+00  2.29164139E-03  6.64884649E+00
  6.00000000E+00  1.67600000E+00  9.67031028E-01 -6.12984544E-02 -3.65372646E-02  0.00000000E+00  2.28939232E-03  6.65976683E+00
  6.00000000E+00  1.67900000E+00  9.67191138E-01 -6.12566431E-02 -3.65485471E-02  0.00000000E+00  2.28714419E-03  6.67069453E+00
  6.00000000E+00  1.68200000E+00  9.67350970E-01 -6.12148617E-02 -3.65597748E-02  0.00000000E+00  2.28489698E-03  6.68162959E+00
  6.00000000E+00  1.68500000E+00  9.67510523E-01 -6.11731098E-02 -3.65709491E-02  0.00000000E+00  2.28265070E-03  6.69257205E+00
  6.00000000E+00  1.68800000E+00  9.67669798E-01 -6.11313872E-02 -3.65820716E-02  0.00000000E+00  2.28040535E-03  6.70352191E+00
  6.00000000E+00  1.69100000E+00  9.67828795E-01 -6.10896938E-02 -3.65931436E-02  0.00000000E+00  2.27816094E-03  6.71447920E+00
  6.00000000E+00  1.69400000E+00  9.67987516E-01 -6.10480294E-02 -3.66041666E-02  0.00000000E+00  2.27591746E-03  6.72544392E+00
  6.00000000E+00  1.69700000E+00  9.68145960E-01 -6.10063938E-02 -3.66151419E-02  0.00000000E+00  2.27367492E-03  6.73641610E+00
  6.00000000E+00  1.70000000E+00  9.68304129E-01 -6.09647868E-02 -3.66260711E-02  0.00000000E+00  2.27143331E-03  6.74739575E+00
  6.00000000E+00  1.70300000E+00  9.68462023E-01 -6.09232082E-02 -3.66369555E-02  0.00000000E+00  2.26919265E-03  6.75838289E+00
  6.00000000E+00  1.70600000E+00  9.68619643E-01 -6.08816578E-02 -3.66477967E-02  0.00000000E+00  2.26695292E-03  6.76937753E+00
  6.00000000E+00  1.70900000E+00  9.68776988E-01 -6.08401354E-02 -3.66585959E-02  0.00000000E+00  2.26471414E-03  6.78037969E+00
  6.00000000E+00  1.71200000E+00  9.68934061E-01 -6.07986409E-02 -3.66693546E-02  0.00000000E+00  2.26247630E-03  6.79138939E+00
  6.00000000E+00  1.71500000E+00  9.69090861E-01 -6.07571740E-02 -3.66800744E-02  0.00000000E+00  2.26023941E-03  6.80240664E+00
  6.00000000E+00  1.71800000E+00  9.69247389E-01 -6.07157345E-02 -3.66907565E-02  0.00000000E+00  2.25800347E-03  6.81343146E+00
  6.00000000E+00  1.72100000E+00  9.69403645E-01 -6.06743223E-02 -3.67014024E-02  0.00000000E+00  2.25576847E-03  6.82446386E+00
  6.00000000E+00  1.72400000E+00  9.69559631E-01 -6.06329371E-02 -3.67120136E-02  0.00000000E+00  2.25353442E-03  6.83550387E+00
  6.00000000E+00  1.72700000E+00  9.69715346E-01 -6.05915788E-02 -3.67225915E-02  0.00000000E+00  2.25130133E-03  6.84655149E+00
  6.00000000E+00  1.73000000E+00  9.69870792E-01 -6.05502471E-02 -3.67331375E-02  0.00000000E+00  2.24906919E-03  6.85760675E+00
  6.00000000E+00  1.73300000E+00  9.70025968E-01 -6.05089419E-02 -3.67436531E-02  0.00000000E+00  2.24683800E-03  6.86866965E+00
  6.00000000E+00  1.73600000E+00  9.70180877E-01 -6.04676631E-02 -3.67541396E-02  0.00000000E+00  2.24460777E-03  6.87974023E+00
  6.00000000E+00  1.73900000E+00  9.70335517E-01 -6.04264103E-02 -3.67645985E-02  0.00000000E+00  2.24237850E-03  6.89081849E+00
  6.00000000E+00  1.74200000E+00  9.70489890E-01 -6.03851834E-02 -3.67750313E-02  0.00000000E+00  2.24015019E-03  6.90190444E+00
  6.00000000E+00  1.74500000E+00  9.70643997E-01 -6.03439822E-02 -3.67854393E-02  0.00000000E+00  2.23792284E-03  6.91299812E+00
  6.00000000E+00  1.74800000E+00  9.70797837E-01 -6.03028065E-02 -3.67958240E-02  0.00000000E+00  2.23569645E-03  6.92409952E+00
  6.00000000E+00  1.75100000E+00  9.70951412E-01 -6.02616561E-02 -3.68061869E-02  0.00000000E+00  2.23347102E-03  6.93520867E+00
  6.00000000E+00  1.75400000E+00  9.71104722E-01 -6.02205308E-02 -3.68165293E-02  0.00000000E+00  2.23124656E-03  6.94632559E+00
  6.00000000E+00  1.75700000E+00  9.71257768E-01 -6.01794305E-02 -3.68268526E-02  0.00000000E+00  2.22902307E-03  6.95745029E+00
  6.00000000E+00  1.76000000E+00  9.71410550E-01 -6.01383550E-02 -3.68371584E-02  0.00000000E+00  2.22680055E-03  6.96858278E+00
  6.00000000E+00  1.76300000E+00  9.71563069E-01 -6.00973039E-02 -3.68474480E-02  0.00000000E+00  2.22457900E-03  6.97972309E+00
  6.00000000E+00  1.76600000E+00  9.71715326E-01 -6.00562773E-02 -3.68577229E-02  0.00000000E+00  2.22235842E-03  6.99087122E+00
  6.00000000E+00  1.76900000E+00  9.71867321E-01 -6.00152748E-02 -3.68679845E-02  0.00000000E+00  2.22013881E-03  7.00202721E+00
  6.00000000E+00  1.77200000E+00  9.72019054E-01 -5.99742962E-02 -3.68782342E-02  0.00000000E+00  2.21792018E-03  7.01319105E+00
  6.00000000E+00  1.77500000E+00  9.72170527E-01 -5.99333415E-02 -3.68884734E-02  0.00000000E+00  2.21570253E-03  7.02436278E+00
  6.00000000E+00  1.77800000E+00  9.72321739E-01 -5.98924103E-02 -3.68987037E-02  0.00000000E+00  2.21348585E-03  7.03554239E+00
  6.00000000E+00  1.78100000E+00  9.72472692E-01 -5.98515025E-02 -3.69089263E-02  0.00000000E+00  2.21127015E-03  7.04672992E+00
  6.00000000E+00  1.78400000E+00  9.72623387E-01 -5.98106179E-02 -3.69191428E-02  0.00000000E+00  2.20905544E-03  7.05792538E+00
  6.00000000E+00  1.78700000E+00  9.72773822E-01 -5.97697563E-02 -3.69293546E-02  0.00000000E+00  2.20684171E-03  7.06912878E+00
  6.00000000E+00  1.79000000E+00  9.72924001E-01 -5.97289175E-02 -3.69395631E-02  0.00000000E+00  2.20462896E-03  7.08034014E+00
  6.00000000E+00  1.79300000E+00  9.73073922E-01 -5.96881014E-02 -3.69497697E-02  0.00000000E+00  2.20241720E-03  7.09155948E+00
  6.00000000E+00  1.79600000E+00  9.73223586E-01 -5.96473076E-02 -3.69599759E-02  0.00000000E+00  2.20020642E-03  7.10278681E+00
  6.00000000E+00  1.79900000E+00  9.73372995E-01 -5.96065361E-02 -3.69701831E-02  0.00000000E+00  2.19799663E-03  7.11402214E+00
  6.00000000E+00  1.80200000E+00  9.73522148E-01 -5.95657867E-02 -3.69803926E-02  0.00000000E+00  2.19578784E-03  7.12526551E+00
  6.00000000E+00  1.80500000E+00  9.73671047E-01 -5.95250591E-02 -3.69906061E-02  0.00000000E+00  2.19358004E-03  7.13651691E+00
  6.00000000E+00  1.80800000E+00  9.73819691E-01 -5.94843531E-02 -3.70008248E-02  0.00000000E+00  2.19137323E-03  7.14777637E+00
  6.00000000E+00  1.81100000E+00  9.73968082E-01 -5.94436686E-02 -3.70110502E-02  0.00000000E+00  2.18916741E-03  7.15904391E+00
  6.00000000E+00  1.81400000E+00  9.74116220E-01 -5.94030054E-02 -3.70212838E-02  0.00000000E+00  2.18696260E-03  7.17031953E+00
  6.00000000E+00  1.81700000E+00  9.74264105E-01 -5.93623633E-02 -3.70315269E-02  0.00000000E+00  2.18475878E-03  7.18160327E+00
  6.00000000E+00  1.82000000E+00  9.74411739E-01 -5.93217420E-02 -3.70417811E-02  0.00000000E+00  2.18255596E-03  7.19289512E+00
  6.00000000E+00  1.82300000E+00  9.74559122E-01 -5.92811414E-02 -3.70520476E-02  0.00000000E+00  2.18035414E-03  7.20419511E+00
  6.00000000E+00  1.82600000E+00  9.74706254E-01 -5.92405614E-02 -3.70623280E-02  0.00000000E+00  2.17815332E-03  7.21550326E+00
  6.00000000E+00  1.82900000E+00  9.74853136E-01 -5.92000016E-02 -3.70726237E-02  0.00000000E+00  2.17595351E-03  7.22681959E+00
  6.00000000E+00  1.83200000E+00  9.74999769E-01 -5.91594619E-02 -3.70829361E-02  0.00000000E+00  2.17375471E-03  7.23814410E+00
  6.00000000E+00  1.83500000E+00  9.75146153E-01 -5.91189422E-02 -3.70932667E-02  0.00000000E+00  2.17155691E-03  7.24947681E+00
  6.00000000E+00  1.83800000E+00  9.75292288E-01 -5.90784422E-02 -3.71036168E-02  0.00000000E+00  2.16936013E-03  7.26081774E+00
  6.00000000E+00  1.84100000E+00  9.75438176E-01 -5.90379617E-02 -3.71139880E-02  0.00000000E+00  2.16716435E-03  7.27216692E+00
  6.00000000E+00  1.84400000E+00  9.75583818E-01 -5.89975006E-02 -3.71243815E-02  0.00000000E+00  2.16496959E-03  7.28352434E+00
  6.00000000E+00  1.84700000E+00  9.75729212E-01 -5.89570586E-02 -3.71347990E-02  0.00000000E+00  2.16277584E-03  7.29489003E+00
  6.00000000E+00  1.85000000E+00  9.75874361E-01 -5.89166356E-02 -3.71452417E-02  0.00000000E+00  2.16058310E-03  7.30626401E+00
  6.00000000E+00  1.85300000E+00  9.76019265E-01 -5.88762313E-02 -3.71557111E-02  0.00000000E+00  2.15839138E-03  7.31764630E+00
  6.00000000E+00  1.85600000E+00  9.76163924E-01 -5.88358456E-02 -3.71662087E-02  0.00000000E+00  2.15620068E-03  7.32903690E+00
  6.00000000E+00  1.85900000E+00  9.76308340E-01 -5.87954783E-02 -3.71767359E-02  0.00000000E+00  2.15401101E-03  7.34043583E+00
  6.00000000E+00  1.86200000E+00  9.76452511E-01 -5.87551291E-02 -3.71872941E-02  0.00000000E+00  2.15182235E-03  7.35184312E+00
  6.00000000E+00  1.86500000E+00  9.76596440E-01 -5.87147980E-02 -3.71978847E-02  0.00000000E+00  2.14963471E-03  7.36325877E+00
  6.00000000E+00  1.86800000E+00  9.76740127E-01 -5.86744846E-02 -3.72085092E-02  0.00000000E+00  2.14744810E-03  7.37468281E+00
  6.00000000E+00  1.87100000E+00  9.76883572E-01 -5.86341889E-02 -3.72191690E-02  0.00000000E+00  2.14526252E-03  7.38611524E+00
  6.00000000E+00  1.87400000E+00  9.77026776E-01 -5.85939106E-02 -3.72298655E-02  0.00000000E+00  2.14307796E-03  7.39755610E+00
  6.00000000E+00  1.87700000E+00  9.77169740E-01 -5.85536495E-02 -3.72406001E-02  0.00000000E+00  2.14089444E-03  7.40900538E+00
  6.00000000E+00  1.88000000E+00  9.77312460E-01 -5.85134663E-02 -3.72509241E-02  0.00000000E+00  2.13871193E-03  7.42046309E+00
  6.00000000E+00  1.88300000E+00  9.77454930E-01 -5.84735057E-02 -3.72597697E-02  0.00000000E+00  2.13653042E-03  7.43192925E+00
  6.00000000E+00  1.88600000E+00  9.77597160E-01 -5.84335643E-02 -3.72686385E-02  0.00000000E+00  2.13434992E-03  7.44340396E+00
  6.00000000E+00  1.88900000E+00  9.77739150E-01 -5.83936424E-02 -3.72775296E-02  0.00000000E+00  2.13217045E-03  7.45488724E+00
  6.00000000E+00  1.89200000E+00  9.77880902E-01 -5.83537400E-02 -3.72864419E-02  0.00000000E+00  2.12999201E-03  7.46637909E+00
  6.00000000E+00  1.89500000E+00  9.78022414E-01 -5.83138572E-02 -3.72953747E-02  0.00000000E+00  2.12781460E-03  7.47787952E+00
  6.00000000E+00  1.89800000E+00  9.78163689E-01 -5.82739943E-02 -3.73043269E-02  0.00000000E+00  2.12563822E-03  7.48938856E+00
  6.00000000E+00  1.90100000E+00  9.78304725E-01 -5.82341512E-02 -3.73132978E-02  0.00000000E+00  2.12346288E-03  7.50090620E+00
  6.00000000E+00  1.90400000E+00  9.78445524E-01 -5.81943282E-02 -3.73222862E-02  0.00000000E+00  2.12128858E-03  7.51243247E+00
  6.00000000E+00  1.90700000E+00  9.78586086E-01 -5.81545253E-02 -3.73312914E-02  0.00000000E+00  2.11911532E-03  7.52396736E+00
  6.00000000E+00  1.91000000E+00  9.78726412E-01 -5.81147427E-02 -3.73403125E-02  0.00000000E+00  2.11694310E-03  7.53551091E+00
  6.00000000E+00  1.91300000E+00  9.78866501E-01 -5.80749804E-02 -3.73493484E-02  0.00000000E+00  2.11477194E-03  7.54706311E+00
  6.00000000E+00  1.91600000E+00  9.79006354E-01 -5.80352386E-02 -3.73583983E-02  0.00000000E+00  2.11260182E-03  7.55862398E+00
  6.00000000E+00  1.91900000E+00  9.79145972E-01 -5.79955174E-02 -3.73674613E-02  0.00000000E+00  2.11043276E-03  7.57019353E+00
  6.00000000E+00  1.92200000E+00  9.79285355E-01 -5.79558170E-02 -3.73765365E-02  0.00000000E+00  2.10826475E-03  7.58177177E+00
  6.00000000E+00  1.92500000E+00  9.79424503E-01 -5.79161374E-02 -3.73856229E-02  0.00000000E+00  2.10609780E-03  7.59335871E+00
  6.00000000E+00  1.92800000E+00  9.79563417E-01 -5.78764788E-02 -3.73947196E-02  0.00000000E+00  2.10393192E-03  7.60495437E+00
  6.00000000E+00  1.93100000E+00  9.79702097E-01 -5.78368413E-02 -3.74038258E-02  0.00000000E+00  2.10176710E-03  7.61655876E+00
  6.00000000E+00  1.93400000E+00  9.79840544E-01 -5.77972249E-02 -3.74129404E-02  0.00000000E+00  2.09960335E-03  7.62817188E+00
  6.00000000E+00  1.93700000E+00  9.79978758E-01 -5.77576299E-02 -3.74220626E-02  0.00000000E+00  2.09744067E-03  7.63979376E+00
  6.00000000E+00  1.94000000E+00  9.80116739E-01 -5.77180564E-02 -3.74311915E-02  0.00000000E+00  2.09527907E-03  7.65142440E+00
  6.00000000E+00  1.94300000E+00  9.80254488E-01 -5.76785044E-02 -3.74403261E-02  0.00000000E+00  2.09311854E-03  7.66306381E+00
  6.00000000E+00  1.94600000E+00  9.80392005E-01 -5.76389741E-02 -3.74494656E-02  0.00000000E+00  2.09095909E-03  7.67471200E+00
  6.00000000E+00  1.94900000E+00  9.80529290E-01 -5.75994655E-02 -3.74586089E-02  0.00000000E+00  2.08880073E-03  7.68636900E+00
  6.00000000E+00  1.95200000E+00  9.80666345E-01 -5.75599790E-02 -3.74677553E-02  0.00000000E+00  2.08664345E-03  7.69803480E+00
  6.00000000E+00  1.95500000E+00  9.80803169E-01 -5.75205144E-02 -3.74769038E-02  0.00000000E+00  2.08448725E-03  7.70970942E+00
  6.00000000E+00  1.95800000E+00  9.80939763E-01 -5.74810720E-02 -3.74860534E-02  0.00000000E+00  2.08233215E-03  7.72139288E+00
  6.00000000E+00  1.96100000E+00  9.81076127E-01 -5.74416519E-02 -3.74952033E-02  0.00000000E+00  2.08017815E-03  7.73308518E+00
  6.00000000E+00  1.96400000E+00  9.81212262E-01 -5.74022541E-02 -3.75043525E-02  0.00000000E+00  2.07802524E-03  7.74478633E+00
  6.00000000E+00  1.96700000E+00  9.81348167E-01 -5.73628789E-02 -3.75135001E-02  0.00000000E+00  2.07587343E-03  7.75649635E+00
  6.00000000E+00  1.97000000E+00  9.81483844E-01 -5.73235263E-02 -3.75226453E-02  0.00000000E+00  2.07372273E-03  7.76821526E+00
  6.00000000E+00  1.97300000E+00  9.81619293E-01 -5.72841965E-02 -3.75317870E-02  0.00000000E+00  2.07157313E-03  7.77994305E+00
  6.00000000E+00  1.97600000E+00  9.81754514E-01 -5.72448895E-02 -3.75409244E-02  0.00000000E+00  2.06942464E-03  7.79167974E+00
  6.00000000E+00  1.97900000E+00  9.81889508E-01 -5.72056056E-02 -3.75500565E-02  0.00000000E+00  2.06727726E-03  7.80342535E+00
  6.00000000E+00  1.98200000E+00  9.82024275E-01 -5.71663447E-02 -3.75591825E-02  0.00000000E+00  2.06513100E-03  7.81517988E+00
  6.00000000E+00  1.98500000E+00  9.82158815E-01 -5.71271071E-02 -3.75683015E-02  0.00000000E+00  2.06298585E-03  7.82694336E+00
  6.00000000E+00  1.98800000E+00  9.82293129E-01 -5.70878928E-02 -3.75774124E-02  0.00000000E+00  2.06084182E-03  7.83871578E+00
  6.00000000E+00  1.99100000E+00  9.82427218E-01 -5.70487019E-02 -3.75865144E-02  0.00000000E+00  2.05869892E-03  7.85049716E+00
  6.00000000E+00  1.99400000E+00  9.82561081E-01 -5.70095347E-02 -3.75956066E-02  0.00000000E+00  2.05655715E-03  7.86228751E+00
  6.00000000E+00  1.99700000E+00  9.82694719E-01 -5.69703912E-02 -3.76046881E-02  0.00000000E+00  2.05441650E-03  7.87408685E+00
  6.00000000E+00  2.00000000E+00  9.82828132E-01 -5.69312714E-02 -3.76137579E-02  0.00000000E+00  2.05227698E-03  7.88589519E+00
