               X               Y            VELX            VELY            PRES            TEMP            PS 1            PS 2  4.16000000E+03
  1.50000000E+00 -1.00000000E+00 -1.41811448E-01  7.92915386E-17 -1.32456955E-01  0.00000000E+00  1.06812244E-03  1.32000048E-01
  1.50000000E+00 -9.97000000E-01 -1.42667580E-01  2.48326992E-04 -1.32631897E-01  0.00000000E+00  1.18001881E-03  1.51046667E-01
  1.50000000E+00 -9.94000000E-01 -1.43453409E-01  4.93049048E-04 -1.32793289E-01  0.00000000E+00  1.29096083E-03  1.69678682E-01
  1.50000000E+00 -9.91000000E-01 -1.44170503E-01  7.34262915E-04 -1.32941549E-01  0.00000000E+00  1.40094477E-03  1.87901566E-01
  1.50000000E+00 -9.88000000E-01 -1.44820428E-01  9.72065338E-04 -1.33077093E-01  0.00000000E+00  1.50996689E-03  2.05720788E-01
  1.50000000E+00 -9.85000000E-01 -1.45404753E-01  1.20655307E-03 -1.33200337E-01  0.00000000E+00  1.61802348E-03  2.23141819E-01
  1.50000000E+00 -9.82000000E-01 -1.45925045E-01  1.43782285E-03 -1.33311697E-01  0.00000000E+00  1.72511080E-03  2.40170130E-01
  1.50000000E+00 -9.79000000E-01 -1.46382871E-01  1.66597142E-03 -1.33411592E-01  0.00000000E+00  1.83122511E-03  2.56811191E-01
  1.50000000E+00 -9.76000000E-01 -1.46779800E-01  1.89109554E-03 -1.33500436E-01  0.00000000E+00  1.93636269E-03  2.73070473E-01
  1.50000000E+00 -9.73000000E-01 -1.47117399E-01  2.11329196E-03 -1.33578648E-01  0.00000000E+00  2.04051982E-03  2.88953448E-01
  1.50000000E+00 -9.70000000E-01 -1.47397236E-01  2.33265741E-03 -1.33646642E-01  0.00000000E+00  2.14369275E-03  3.04465584E-01
  1.50000000E+00 -9.67000000E-01 -1.47620877E-01  2.54928865E-03 -1.33704836E-01  0.00000000E+00  2.24587777E-03  3.19612354E-01
  1.50000000E+00 -9.64000000E-01 -1.47789891E-01  2.76328242E-03 -1.33753647E-01  0.00000000E+00  2.34707113E-03  3.34399228E-01
  1.50000000E+00 -9.61000000E-01 -1.47905846E-01  2.97473546E-03 -1.33793491E-01  0.00000000E+00  2.44726912E-03  3.48831676E-01
  1.50000000E+00 -9.58000000E-01 -1.47970308E-01  3.18374454E-03 -1.33824784E-01  0.00000000E+00  2.54646800E-03  3.62915169E-01
  1.50000000E+00 -9.55000000E-01 -1.47984845E-01  3.39040638E-03 -1.33847944E-01  0.00000000E+00  2.64466404E-03  3.76655178E-01
  1.50000000E+00 -9.52000000E-01 -1.47951026E-01  3.59481775E-03 -1.33863386E-01  0.00000000E+00  2.74185351E-03  3.90057173E-01
  1.50000000E+00 -9.49000000E-01 -1.47870418E-01  3.79707538E-03 -1.33871527E-01  0.00000000E+00  2.83803268E-03  4.03126626E-01
  1.50000000E+00 -9.46000000E-01 -1.47744587E-01  3.99727602E-03 -1.33872784E-01  0.00000000E+00  2.93319783E-03  4.15869007E-01
  1.50000000E+00 -9.43000000E-01 -1.47575103E-01  4.19551642E-03 -1.33867574E-01  0.00000000E+00  3.02734522E-03  4.28289785E-01
  1.50000000E+00 -9.40000000E-01 -1.47363531E-01  4.39189333E-03 -1.33856313E-01  0.00000000E+00  3.12047112E-03  4.40394433E-01
  1.50000000E+00 -9.37000000E-01 -1.47111441E-01  4.58650348E-03 -1.33839417E-01  0.00000000E+00  3.21257180E-03  4.52188421E-01
  1.50000000E+00 -9.34000000E-01 -1.46820399E-01  4.77944364E-03 -1.33817303E-01  0.00000000E+00  3.30364354E-03  4.63677219E-01
  1.50000000E+00 -9.31000000E-01 -1.46491974E-01  4.97081054E-03 -1.33790388E-01  0.00000000E+00  3.39368260E-03  4.74866298E-01
  1.50000000E+00 -9.28000000E-01 -1.46127732E-01  5.16070094E-03 -1.33759089E-01  0.00000000E+00  3.48268526E-03  4.85761129E-01
  1.50000000E+00 -9.25000000E-01 -1.45729242E-01  5.34921157E-03 -1.33723821E-01  0.00000000E+00  3.57064778E-03  4.96367183E-01
  1.50000000E+00 -9.22000000E-01 -1.45298071E-01  5.53643919E-03 -1.33685002E-01  0.00000000E+00  3.65756643E-03  5.06689929E-01
  1.50000000E+00 -9.19000000E-01 -1.44835786E-01  5.72248054E-03 -1.33643048E-01  0.00000000E+00  3.74343748E-03  5.16734839E-01
  1.50000000E+00 -9.16000000E-01 -1.44343955E-01  5.90743237E-03 -1.33598375E-01  0.00000000E+00  3.82825721E-03  5.26507383E-01
  1.50000000E+00 -9.13000000E-01 -1.43824146E-01  6.09139143E-03 -1.33551400E-01  0.00000000E+00  3.91202189E-03  5.36013032E-01
  1.50000000E+00 -9.10000000E-01 -1.43277926E-01  6.27445446E-03 -1.33502541E-01  0.00000000E+00  3.99472778E-03  5.45257257E-01
  1.50000000E+00 -9.07000000E-01 -1.42706863E-01  6.45671820E-03 -1.33452212E-01  0.00000000E+00  4.07637115E-03  5.54245528E-01
  1.50000000E+00 -9.04000000E-01 -1.42112525E-01  6.63827941E-03 -1.33400832E-01  0.00000000E+00  4.15694828E-03  5.62983316E-01
  1.50000000E+00 -9.01000000E-01 -1.41496479E-01  6.81923484E-03 -1.33348815E-01  0.00000000E+00  4.23645544E-03  5.71476091E-01
  1.50000000E+00 -8.98000000E-01 -1.40860292E-01  6.99968122E-03 -1.33296580E-01  0.00000000E+00  4.31488889E-03  5.79729324E-01
  1.50000000E+00 -8.95000000E-01 -1.40205533E-01  7.17971531E-03 -1.33244543E-01  0.00000000E+00  4.39224490E-03  5.87748487E-01
  1.50000000E+00 -8.92000000E-01 -1.39533768E-01  7.35943384E-03 -1.33193119E-01  0.00000000E+00  4.46851976E-03  5.95539048E-01
  1.50000000E+00 -8.89000000E-01 -1.38846566E-01  7.53893358E-03 -1.33142727E-01  0.00000000E+00  4.54370971E-03  6.03106480E-01
  1.50000000E+00 -8.86000000E-01 -1.38145494E-01  7.71831127E-03 -1.33093781E-01  0.00000000E+00  4.61781105E-03  6.10456253E-01
  1.50000000E+00 -8.83000000E-01 -1.37432120E-01  7.89766364E-03 -1.33046700E-01  0.00000000E+00  4.69082002E-03  6.17593837E-01
  1.50000000E+00 -8.80000000E-01 -1.36708011E-01  8.07708746E-03 -1.33001899E-01  0.00000000E+00  4.76273292E-03  6.24524702E-01
  1.50000000E+00 -8.77000000E-01 -1.35974734E-01  8.25667946E-03 -1.32959795E-01  0.00000000E+00  4.83354600E-03  6.31254321E-01
  1.50000000E+00 -8.74000000E-01 -1.35233858E-01  8.43653639E-03 -1.32920805E-01  0.00000000E+00  4.90325554E-03  6.37788163E-01
  1.50000000E+00 -8.71000000E-01 -1.34486950E-01  8.61675500E-03 -1.32885345E-01  0.00000000E+00  4.97185780E-03  6.44131698E-01
  1.50000000E+00 -8.68000000E-01 -1.33735578E-01  8.79743204E-03 -1.32853832E-01  0.00000000E+00  5.03934906E-03  6.50290399E-01
  1.50000000E+00 -8.65000000E-01 -1.32981309E-01  8.97866426E-03 -1.32826682E-01  0.00000000E+00  5.10572559E-03  6.56269734E-01
  1.50000000E+00 -8.62000000E-01 -1.32225710E-01  9.16054839E-03 -1.32804312E-01  0.00000000E+00  5.17098365E-03  6.62075176E-01
  1.50000000E+00 -8.59000000E-01 -1.31470350E-01  9.34318119E-03 -1.32787138E-01  0.00000000E+00  5.23511952E-03  6.67712193E-01
  1.50000000E+00 -8.56000000E-01 -1.30716796E-01  9.52665940E-03 -1.32775577E-01  0.00000000E+00  5.29812947E-03  6.73186258E-01
  1.50000000E+00 -8.53000000E-01 -1.29966615E-01  9.71107977E-03 -1.32770047E-01  0.00000000E+00  5.36000976E-03  6.78502841E-01
  1.50000000E+00 -8.50000000E-01 -1.29221376E-01  9.89653906E-03 -1.32770962E-01  0.00000000E+00  5.42075667E-03  6.83667412E-01
  1.50000000E+00 -8.47000000E-01 -1.28482645E-01  1.00831340E-02 -1.32778740E-01  0.00000000E+00  5.48036647E-03  6.88685442E-01
  1.50000000E+00 -8.44000000E-01 -1.27751991E-01  1.02709613E-02 -1.32793797E-01  0.00000000E+00  5.53883542E-03  6.93562402E-01
  1.50000000E+00 -8.41000000E-01 -1.27030980E-01  1.04601178E-02 -1.32816551E-01  0.00000000E+00  5.59615980E-03  6.98303762E-01
  1.50000000E+00 -8.38000000E-01 -1.26321181E-01  1.06507002E-02 -1.32847417E-01  0.00000000E+00  5.65233588E-03  7.02914993E-01
  1.50000000E+00 -8.35000000E-01 -1.25624161E-01  1.08428052E-02 -1.32886812E-01  0.00000000E+00  5.70735993E-03  7.07401566E-01
  1.50000000E+00 -8.32000000E-01 -1.24941488E-01  1.10365296E-02 -1.32935153E-01  0.00000000E+00  5.76122821E-03  7.11768951E-01
  1.50000000E+00 -8.29000000E-01 -1.24274729E-01  1.12319702E-02 -1.32992855E-01  0.00000000E+00  5.81393700E-03  7.16022619E-01
  1.50000000E+00 -8.26000000E-01 -1.23625452E-01  1.14292236E-02 -1.33060337E-01  0.00000000E+00  5.86548256E-03  7.20168041E-01
  1.50000000E+00 -8.23000000E-01 -1.22995225E-01  1.16283867E-02 -1.33138014E-01  0.00000000E+00  5.91586118E-03  7.24210686E-01
  1.50000000E+00 -8.20000000E-01 -1.22385615E-01  1.18295562E-02 -1.33226303E-01  0.00000000E+00  5.96506911E-03  7.28156027E-01
  1.50000000E+00 -8.17000000E-01 -1.21798189E-01  1.20328287E-02 -1.33325621E-01  0.00000000E+00  6.01310262E-03  7.32009533E-01
  1.50000000E+00 -8.14000000E-01 -1.21234516E-01  1.22383012E-02 -1.33436384E-01  0.00000000E+00  6.05995800E-03  7.35776676E-01
  1.50000000E+00 -8.11000000E-01 -1.20696162E-01  1.24460703E-02 -1.33559008E-01  0.00000000E+00  6.10563150E-03  7.39462925E-01
  1.50000000E+00 -8.08000000E-01 -1.20184696E-01  1.26562327E-02 -1.33693911E-01  0.00000000E+00  6.15011939E-03  7.43073752E-01
  1.50000000E+00 -8.05000000E-01 -1.19701686E-01  1.28688853E-02 -1.33841509E-01  0.00000000E+00  6.19341796E-03  7.46614626E-01
  1.50000000E+00 -8.02000000E-01 -1.19248698E-01  1.30841247E-02 -1.34002218E-01  0.00000000E+00  6.23552346E-03  7.50091020E-01
  1.50000000E+00 -7.99000000E-01 -1.18707784E-01  1.32684658E-02 -1.34069633E-01  0.00000000E+00  6.27908086E-03  7.53495413E-01
  1.50000000E+00 -7.96000000E-01 -1.17940620E-01  1.33882768E-02 -1.33934708E-01  0.00000000E+00  6.32719172E-03  7.56816169E-01
  1.50000000E+00 -7.93000000E-01 -1.17176268E-01  1.35105727E-02 -1.33809627E-01  0.00000000E+00  6.37478972E-03  7.60078829E-01
  1.50000000E+00 -7.90000000E-01 -1.16414561E-01  1.36352316E-02 -1.33694099E-01  0.00000000E+00  6.42187931E-03  7.63283908E-01
  1.50000000E+00 -7.87000000E-01 -1.15655338E-01  1.37621314E-02 -1.33587834E-01  0.00000000E+00  6.46846493E-03  7.66431922E-01
  1.50000000E+00 -7.84000000E-01 -1.14898433E-01  1.38911500E-02 -1.33490539E-01  0.00000000E+00  6.51455104E-03  7.69523388E-01
  1.50000000E+00 -7.81000000E-01 -1.14143683E-01  1.40221653E-02 -1.33401924E-01  0.00000000E+00  6.56014206E-03  7.72558821E-01
  1.50000000E+00 -7.78000000E-01 -1.13390924E-01  1.41550554E-02 -1.33321699E-01  0.00000000E+00  6.60524245E-03  7.75538738E-01
  1.50000000E+00 -7.75000000E-01 -1.12639992E-01  1.42896981E-02 -1.33249572E-01  0.00000000E+00  6.64985665E-03  7.78463654E-01
  1.50000000E+00 -7.72000000E-01 -1.11890723E-01  1.44259715E-02 -1.33185252E-01  0.00000000E+00  6.69398910E-03  7.81334086E-01
  1.50000000E+00 -7.69000000E-01 -1.11142953E-01  1.45637533E-02 -1.33128449E-01  0.00000000E+00  6.73764425E-03  7.84150549E-01
  1.50000000E+00 -7.66000000E-01 -1.10396519E-01  1.47029217E-02 -1.33078871E-01  0.00000000E+00  6.78082655E-03  7.86913560E-01
  1.50000000E+00 -7.63000000E-01 -1.09651256E-01  1.48433546E-02 -1.33036228E-01  0.00000000E+00  6.82354043E-03  7.89623635E-01
  1.50000000E+00 -7.60000000E-01 -1.08907001E-01  1.49849298E-02 -1.33000228E-01  0.00000000E+00  6.86579034E-03  7.92281289E-01
  1.50000000E+00 -7.57000000E-01 -1.08163589E-01  1.51275253E-02 -1.32970581E-01  0.00000000E+00  6.90758073E-03  7.94887039E-01
  1.50000000E+00 -7.54000000E-01 -1.07420858E-01  1.52710191E-02 -1.32946996E-01  0.00000000E+00  6.94891603E-03  7.97441401E-01
  1.50000000E+00 -7.51000000E-01 -1.06678642E-01  1.54152891E-02 -1.32929181E-01  0.00000000E+00  6.98980070E-03  7.99944890E-01
  1.50000000E+00 -7.48000000E-01 -1.05936778E-01  1.55602133E-02 -1.32916847E-01  0.00000000E+00  7.03023918E-03  8.02398024E-01
  1.50000000E+00 -7.45000000E-01 -1.05195102E-01  1.57056696E-02 -1.32909701E-01  0.00000000E+00  7.07023590E-03  8.04801317E-01
  1.50000000E+00 -7.42000000E-01 -1.04453451E-01  1.58515359E-02 -1.32907453E-01  0.00000000E+00  7.10979533E-03  8.07155286E-01
  1.50000000E+00 -7.39000000E-01 -1.03711659E-01  1.59976903E-02 -1.32909813E-01  0.00000000E+00  7.14892189E-03  8.09460448E-01
  1.50000000E+00 -7.36000000E-01 -1.02969565E-01  1.61440106E-02 -1.32916488E-01  0.00000000E+00  7.18762004E-03  8.11717317E-01
  1.50000000E+00 -7.33000000E-01 -1.02227002E-01  1.62903747E-02 -1.32927189E-01  0.00000000E+00  7.22589421E-03  8.13926410E-01
  1.50000000E+00 -7.30000000E-01 -1.01483809E-01  1.64366607E-02 -1.32941623E-01  0.00000000E+00  7.26374886E-03  8.16088243E-01
  1.50000000E+00 -7.27000000E-01 -1.00739820E-01  1.65827465E-02 -1.32959501E-01  0.00000000E+00  7.30118842E-03  8.18203332E-01
  1.50000000E+00 -7.24000000E-01 -9.99948719E-02  1.67285100E-02 -1.32980532E-01  0.00000000E+00  7.33821735E-03  8.20272194E-01
  1.50000000E+00 -7.21000000E-01 -9.92488009E-02  1.68738292E-02 -1.33004424E-01  0.00000000E+00  7.37484008E-03  8.22295343E-01
  1.50000000E+00 -7.18000000E-01 -9.85014430E-02  1.70185820E-02 -1.33030886E-01  0.00000000E+00  7.41106106E-03  8.24273297E-01
  1.50000000E+00 -7.15000000E-01 -9.77526342E-02  1.71626463E-02 -1.33059628E-01  0.00000000E+00  7.44688473E-03  8.26206571E-01
  1.50000000E+00 -7.12000000E-01 -9.70022108E-02  1.73059001E-02 -1.33090358E-01  0.00000000E+00  7.48231553E-03  8.28095681E-01
  1.50000000E+00 -7.09000000E-01 -9.62500087E-02  1.74482214E-02 -1.33122787E-01  0.00000000E+00  7.51735792E-03  8.29941143E-01
  1.50000000E+00 -7.06000000E-01 -9.54958641E-02  1.75894881E-02 -1.33156621E-01  0.00000000E+00  7.55201634E-03  8.31743473E-01
  1.50000000E+00 -7.03000000E-01 -9.47396131E-02  1.77295781E-02 -1.33191572E-01  0.00000000E+00  7.58629522E-03  8.33503188E-01
  1.50000000E+00 -7.00000000E-01 -9.39810919E-02  1.78683694E-02 -1.33227348E-01  0.00000000E+00  7.62019902E-03  8.35220804E-01
  1.50000000E+00 -6.97000000E-01 -9.32201364E-02  1.80057399E-02 -1.33263657E-01  0.00000000E+00  7.65373217E-03  8.36896835E-01
  1.50000000E+00 -6.94000000E-01 -9.24565829E-02  1.81415675E-02 -1.33300210E-01  0.00000000E+00  7.68689913E-03  8.38531799E-01
  1.50000000E+00 -6.91000000E-01 -9.16902674E-02  1.82757303E-02 -1.33336714E-01  0.00000000E+00  7.71970433E-03  8.40126212E-01
  1.50000000E+00 -6.88000000E-01 -9.09210260E-02  1.84081062E-02 -1.33372880E-01  0.00000000E+00  7.75215222E-03  8.41680589E-01
  1.50000000E+00 -6.85000000E-01 -9.01486949E-02  1.85385730E-02 -1.33408415E-01  0.00000000E+00  7.78424725E-03  8.43195446E-01
  1.50000000E+00 -6.82000000E-01 -8.93731102E-02  1.86670088E-02 -1.33443030E-01  0.00000000E+00  7.81599385E-03  8.44671301E-01
  1.50000000E+00 -6.79000000E-01 -8.85941079E-02  1.87932915E-02 -1.33476434E-01  0.00000000E+00  7.84739648E-03  8.46108667E-01
  1.50000000E+00 -6.76000000E-01 -8.78115241E-02  1.89172990E-02 -1.33508334E-01  0.00000000E+00  7.87845957E-03  8.47508062E-01
  1.50000000E+00 -6.73000000E-01 -8.70251950E-02  1.90389093E-02 -1.33538441E-01  0.00000000E+00  7.90918757E-03  8.48870002E-01
  1.50000000E+00 -6.70000000E-01 -8.62349567E-02  1.91580003E-02 -1.33566464E-01  0.00000000E+00  7.93958493E-03  8.50195003E-01
  1.50000000E+00 -6.67000000E-01 -8.54406453E-02  1.92744500E-02 -1.33592111E-01  0.00000000E+00  7.96965609E-03  8.51483580E-01
  1.50000000E+00 -6.64000000E-01 -8.46420969E-02  1.93881363E-02 -1.33615092E-01  0.00000000E+00  7.99940549E-03  8.52736250E-01
  1.50000000E+00 -6.61000000E-01 -8.38391475E-02  1.94989371E-02 -1.33635115E-01  0.00000000E+00  8.02883757E-03  8.53953528E-01
  1.50000000E+00 -6.58000000E-01 -8.30316334E-02  1.96067305E-02 -1.33651890E-01  0.00000000E+00  8.05795679E-03  8.55135932E-01
  1.50000000E+00 -6.55000000E-01 -8.22193905E-02  1.97113943E-02 -1.33665126E-01  0.00000000E+00  8.08676758E-03  8.56283976E-01
  1.50000000E+00 -6.52000000E-01 -8.14022551E-02  1.98128065E-02 -1.33674532E-01  0.00000000E+00  8.11527439E-03  8.57398177E-01
  1.50000000E+00 -6.49000000E-01 -8.05800631E-02  1.99108450E-02 -1.33679816E-01  0.00000000E+00  8.14348167E-03  8.58479051E-01
  1.50000000E+00 -6.46000000E-01 -7.97526508E-02  2.00053878E-02 -1.33680689E-01  0.00000000E+00  8.17139385E-03  8.59527114E-01
  1.50000000E+00 -6.43000000E-01 -7.89198542E-02  2.00963129E-02 -1.33676859E-01  0.00000000E+00  8.19901538E-03  8.60542882E-01
  1.50000000E+00 -6.40000000E-01 -7.80815095E-02  2.01834980E-02 -1.33668034E-01  0.00000000E+00  8.22635071E-03  8.61526870E-01
  1.50000000E+00 -6.37000000E-01 -7.72374527E-02  2.02668213E-02 -1.33653925E-01  0.00000000E+00  8.25340428E-03  8.62479596E-01
  1.50000000E+00 -6.34000000E-01 -7.63875199E-02  2.03461607E-02 -1.33634240E-01  0.00000000E+00  8.28018054E-03  8.63401575E-01
  1.50000000E+00 -6.31000000E-01 -7.55315473E-02  2.04213940E-02 -1.33608689E-01  0.00000000E+00  8.30668392E-03  8.64293322E-01
  1.50000000E+00 -6.28000000E-01 -7.46693709E-02  2.04923993E-02 -1.33576980E-01  0.00000000E+00  8.33291887E-03  8.65155355E-01
  1.50000000E+00 -6.25000000E-01 -7.38008269E-02  2.05590545E-02 -1.33538822E-01  0.00000000E+00  8.35888984E-03  8.65988189E-01
  1.50000000E+00 -6.22000000E-01 -7.29257513E-02  2.06212375E-02 -1.33493924E-01  0.00000000E+00  8.38460127E-03  8.66792340E-01
  1.50000000E+00 -6.19000000E-01 -7.20439803E-02  2.06788263E-02 -1.33441997E-01  0.00000000E+00  8.41005761E-03  8.67568324E-01
  1.50000000E+00 -6.16000000E-01 -7.11553500E-02  2.07316988E-02 -1.33382747E-01  0.00000000E+00  8.43526329E-03  8.68316658E-01
  1.50000000E+00 -6.13000000E-01 -7.02596965E-02  2.07797329E-02 -1.33315886E-01  0.00000000E+00  8.46022276E-03  8.69037856E-01
  1.50000000E+00 -6.10000000E-01 -6.93568558E-02  2.08228066E-02 -1.33241121E-01  0.00000000E+00  8.48494048E-03  8.69732436E-01
  1.50000000E+00 -6.07000000E-01 -6.84466641E-02  2.08607979E-02 -1.33158162E-01  0.00000000E+00  8.50942087E-03  8.70400913E-01
  1.50000000E+00 -6.04000000E-01 -6.75289575E-02  2.08935847E-02 -1.33066717E-01  0.00000000E+00  8.53366839E-03  8.71043804E-01
  1.50000000E+00 -6.01000000E-01 -6.66035721E-02  2.09210449E-02 -1.32966497E-01  0.00000000E+00  8.55768748E-03  8.71661624E-01
  1.50000000E+00 -5.98000000E-01 -6.57272015E-02  2.10122628E-02 -1.32972308E-01  0.00000000E+00  8.58115531E-03  8.72207005E-01
  1.50000000E+00 -5.95000000E-01 -6.48739571E-02  2.11327050E-02 -1.33031284E-01  0.00000000E+00  8.60415250E-03  8.72707535E-01
  1.50000000E+00 -5.92000000E-01 -6.40159638E-02  2.12478899E-02 -1.33086914E-01  0.00000000E+00  8.62683192E-03  8.73187169E-01
  1.50000000E+00 -5.89000000E-01 -6.31532549E-02  2.13579247E-02 -1.33139283E-01  0.00000000E+00  8.64920058E-03  8.73645151E-01
  1.50000000E+00 -5.86000000E-01 -6.22858635E-02  2.14629164E-02 -1.33188476E-01  0.00000000E+00  8.67126551E-03  8.74080729E-01
  1.50000000E+00 -5.83000000E-01 -6.14138231E-02  2.15629723E-02 -1.33234578E-01  0.00000000E+00  8.69303371E-03  8.74493147E-01
  1.50000000E+00 -5.80000000E-01 -6.05371668E-02  2.16581993E-02 -1.33277672E-01  0.00000000E+00  8.71451220E-03  8.74881652E-01
  1.50000000E+00 -5.77000000E-01 -5.96559280E-02  2.17487045E-02 -1.33317844E-01  0.00000000E+00  8.73570800E-03  8.75245490E-01
  1.50000000E+00 -5.74000000E-01 -5.87701399E-02  2.18345952E-02 -1.33355178E-01  0.00000000E+00  8.75662812E-03  8.75583907E-01
  1.50000000E+00 -5.71000000E-01 -5.78798359E-02  2.19159784E-02 -1.33389759E-01  0.00000000E+00  8.77727958E-03  8.75896149E-01
  1.50000000E+00 -5.68000000E-01 -5.69850492E-02  2.19929612E-02 -1.33421672E-01  0.00000000E+00  8.79766939E-03  8.76181462E-01
  1.50000000E+00 -5.65000000E-01 -5.60858130E-02  2.20656508E-02 -1.33451001E-01  0.00000000E+00  8.81780457E-03  8.76439092E-01
  1.50000000E+00 -5.62000000E-01 -5.51821607E-02  2.21341541E-02 -1.33477830E-01  0.00000000E+00  8.83769213E-03  8.76668285E-01
  1.50000000E+00 -5.59000000E-01 -5.42741256E-02  2.21985785E-02 -1.33502245E-01  0.00000000E+00  8.85733910E-03  8.76868287E-01
  1.50000000E+00 -5.56000000E-01 -5.33617410E-02  2.22590308E-02 -1.33524330E-01  0.00000000E+00  8.87675248E-03  8.77038343E-01
  1.50000000E+00 -5.53000000E-01 -5.24450400E-02  2.23156183E-02 -1.33544170E-01  0.00000000E+00  8.89593929E-03  8.77177701E-01
  1.50000000E+00 -5.50000000E-01 -5.15240561E-02  2.23684481E-02 -1.33561849E-01  0.00000000E+00  8.91490654E-03  8.77285605E-01
  1.50000000E+00 -5.47000000E-01 -5.05988224E-02  2.24176273E-02 -1.33577452E-01  0.00000000E+00  8.93366126E-03  8.77361303E-01
  1.50000000E+00 -5.44000000E-01 -4.96693724E-02  2.24632630E-02 -1.33591063E-01  0.00000000E+00  8.95221046E-03  8.77404039E-01
  1.50000000E+00 -5.41000000E-01 -4.87357392E-02  2.25054623E-02 -1.33602767E-01  0.00000000E+00  8.97056115E-03  8.77413060E-01
  1.50000000E+00 -5.38000000E-01 -4.77979561E-02  2.25443322E-02 -1.33612650E-01  0.00000000E+00  8.98872035E-03  8.77387612E-01
  1.50000000E+00 -5.35000000E-01 -4.68560564E-02  2.25799800E-02 -1.33620794E-01  0.00000000E+00  9.00669507E-03  8.77326941E-01
  1.50000000E+00 -5.32000000E-01 -4.59100735E-02  2.26125128E-02 -1.33627286E-01  0.00000000E+00  9.02449233E-03  8.77230292E-01
  1.50000000E+00 -5.29000000E-01 -4.49600405E-02  2.26420375E-02 -1.33632210E-01  0.00000000E+00  9.04211915E-03  8.77096913E-01
  1.50000000E+00 -5.26000000E-01 -4.40059909E-02  2.26686614E-02 -1.33635649E-01  0.00000000E+00  9.05958254E-03  8.76926048E-01
  1.50000000E+00 -5.23000000E-01 -4.30479577E-02  2.26924916E-02 -1.33637690E-01  0.00000000E+00  9.07688952E-03  8.76716945E-01
  1.50000000E+00 -5.20000000E-01 -4.20859745E-02  2.27136351E-02 -1.33638416E-01  0.00000000E+00  9.09404709E-03  8.76468848E-01
  1.50000000E+00 -5.17000000E-01 -4.11200743E-02  2.27321991E-02 -1.33637913E-01  0.00000000E+00  9.11106229E-03  8.76181004E-01
  1.50000000E+00 -5.14000000E-01 -4.01502905E-02  2.27482906E-02 -1.33636264E-01  0.00000000E+00  9.12794212E-03  8.75852659E-01
  1.50000000E+00 -5.11000000E-01 -3.91766565E-02  2.27620169E-02 -1.33633555E-01  0.00000000E+00  9.14469360E-03  8.75483058E-01
  1.50000000E+00 -5.08000000E-01 -3.81992054E-02  2.27734850E-02 -1.33629869E-01  0.00000000E+00  9.16132374E-03  8.75071449E-01
  1.50000000E+00 -5.05000000E-01 -3.72179705E-02  2.27828020E-02 -1.33625293E-01  0.00000000E+00  9.17783956E-03  8.74617076E-01
  1.50000000E+00 -5.02000000E-01 -3.62329852E-02  2.27900749E-02 -1.33619910E-01  0.00000000E+00  9.19424808E-03  8.74119186E-01
  1.50000000E+00 -4.99000000E-01 -3.52442827E-02  2.27954111E-02 -1.33613804E-01  0.00000000E+00  9.21055630E-03  8.73577025E-01
  1.50000000E+00 -4.96000000E-01 -3.42518963E-02  2.27989174E-02 -1.33607062E-01  0.00000000E+00  9.22677126E-03  8.72989839E-01
  1.50000000E+00 -4.93000000E-01 -3.32558593E-02  2.28007011E-02 -1.33599766E-01  0.00000000E+00  9.24289996E-03  8.72356873E-01
  1.50000000E+00 -4.90000000E-01 -3.22562050E-02  2.28008693E-02 -1.33592003E-01  0.00000000E+00  9.25894941E-03  8.71677374E-01
  1.50000000E+00 -4.87000000E-01 -3.12529666E-02  2.27995290E-02 -1.33583856E-01  0.00000000E+00  9.27492664E-03  8.70950588E-01
  1.50000000E+00 -4.84000000E-01 -3.02461774E-02  2.27967874E-02 -1.33575410E-01  0.00000000E+00  9.29083866E-03  8.70175761E-01
  1.50000000E+00 -4.81000000E-01 -2.92358708E-02  2.27927516E-02 -1.33566750E-01  0.00000000E+00  9.30669248E-03  8.69352139E-01
  1.50000000E+00 -4.78000000E-01 -2.82220800E-02  2.27875287E-02 -1.33557960E-01  0.00000000E+00  9.32249512E-03  8.68478967E-01
  1.50000000E+00 -4.75000000E-01 -2.72048382E-02  2.27812258E-02 -1.33549125E-01  0.00000000E+00  9.33825359E-03  8.67555492E-01
  1.50000000E+00 -4.72000000E-01 -2.61841789E-02  2.27739500E-02 -1.33540329E-01  0.00000000E+00  9.35397492E-03  8.66580960E-01
  1.50000000E+00 -4.69000000E-01 -2.51601351E-02  2.27658084E-02 -1.33531658E-01  0.00000000E+00  9.36966612E-03  8.65554617E-01
  1.50000000E+00 -4.66000000E-01 -2.41327403E-02  2.27569081E-02 -1.33523196E-01  0.00000000E+00  9.38533419E-03  8.64475708E-01
  1.50000000E+00 -4.63000000E-01 -2.31020278E-02  2.27473563E-02 -1.33515028E-01  0.00000000E+00  9.40098617E-03  8.63343480E-01
  1.50000000E+00 -4.60000000E-01 -2.20680307E-02  2.27372600E-02 -1.33507237E-01  0.00000000E+00  9.41662906E-03  8.62157179E-01
  1.50000000E+00 -4.57000000E-01 -2.10307824E-02  2.27267264E-02 -1.33499909E-01  0.00000000E+00  9.43226987E-03  8.60916050E-01
  1.50000000E+00 -4.54000000E-01 -1.99903162E-02  2.27158626E-02 -1.33493129E-01  0.00000000E+00  9.44791563E-03  8.59619340E-01
  1.50000000E+00 -4.51000000E-01 -1.89466653E-02  2.27047756E-02 -1.33486980E-01  0.00000000E+00  9.46357336E-03  8.58266295E-01
  1.50000000E+00 -4.48000000E-01 -1.78998630E-02  2.26935727E-02 -1.33481549E-01  0.00000000E+00  9.47925005E-03  8.56856161E-01
  1.50000000E+00 -4.45000000E-01 -1.68499427E-02  2.26823608E-02 -1.33476918E-01  0.00000000E+00  9.49495274E-03  8.55388183E-01
  1.50000000E+00 -4.42000000E-01 -1.57969376E-02  2.26712471E-02 -1.33473174E-01  0.00000000E+00  9.51068844E-03  8.53861608E-01
  1.50000000E+00 -4.39000000E-01 -1.47408809E-02  2.26603387E-02 -1.33470400E-01  0.00000000E+00  9.52646415E-03  8.52275681E-01
  1.50000000E+00 -4.36000000E-01 -1.36818060E-02  2.26497428E-02 -1.33468681E-01  0.00000000E+00  9.54228691E-03  8.50629649E-01
  1.50000000E+00 -4.33000000E-01 -1.26197462E-02  2.26395664E-02 -1.33468102E-01  0.00000000E+00  9.55816372E-03  8.48922758E-01
  1.50000000E+00 -4.30000000E-01 -1.15547346E-02  2.26299166E-02 -1.33468747E-01  0.00000000E+00  9.57410160E-03  8.47154254E-01
  1.50000000E+00 -4.27000000E-01 -1.04868047E-02  2.26209006E-02 -1.33470701E-01  0.00000000E+00  9.59010756E-03  8.45323382E-01
  1.50000000E+00 -4.24000000E-01 -9.41598972E-03  2.26126255E-02 -1.33474049E-01  0.00000000E+00  9.60618862E-03  8.43429389E-01
  1.50000000E+00 -4.21000000E-01 -8.34232289E-03  2.26051983E-02 -1.33478876E-01  0.00000000E+00  9.62235180E-03  8.41471520E-01
  1.50000000E+00 -4.18000000E-01 -7.26583752E-03  2.25987262E-02 -1.33485265E-01  0.00000000E+00  9.63860411E-03  8.39449022E-01
  1.50000000E+00 -4.15000000E-01 -6.18656690E-03  2.25933163E-02 -1.33493302E-01  0.00000000E+00  9.65495257E-03  8.37361140E-01
  1.50000000E+00 -4.12000000E-01 -5.10454430E-03  2.25890757E-02 -1.33503071E-01  0.00000000E+00  9.67140419E-03  8.35207121E-01
  1.50000000E+00 -4.09000000E-01 -4.01980302E-03  2.25861115E-02 -1.33514657E-01  0.00000000E+00  9.68796599E-03  8.32986211E-01
  1.50000000E+00 -4.06000000E-01 -2.93237632E-03  2.25845309E-02 -1.33528144E-01  0.00000000E+00  9.70464498E-03  8.30697655E-01
  1.50000000E+00 -4.03000000E-01 -1.84229751E-03  2.25844408E-02 -1.33543617E-01  0.00000000E+00  9.72144818E-03  8.28340700E-01
  1.50000000E+00 -4.00000000E-01 -7.49599688E-04  2.25859483E-02 -1.33561162E-01  0.00000000E+00  9.73838261E-03  8.25914592E-01
  1.50000000E+00 -3.97000000E-01  4.29162829E-04  2.24736164E-02 -1.33606284E-01  0.00000000E+00  9.75817882E-03  8.23677706E-01
  1.50000000E+00 -3.94000000E-01  1.60730932E-03  2.23631298E-02 -1.33647119E-01  0.00000000E+00  9.77793324E-03  8.21310407E-01
  1.50000000E+00 -3.91000000E-01  2.78539237E-03  2.22543091E-02 -1.33683809E-01  0.00000000E+00  9.79768976E-03  8.18813871E-01
  1.50000000E+00 -3.88000000E-01  3.96396456E-03  2.21469750E-02 -1.33716497E-01  0.00000000E+00  9.81749230E-03  8.16189275E-01
  1.50000000E+00 -3.85000000E-01  5.14357849E-03  2.20409483E-02 -1.33745325E-01  0.00000000E+00  9.83738473E-03  8.13437794E-01
  1.50000000E+00 -3.82000000E-01  6.32478674E-03  2.19360495E-02 -1.33770436E-01  0.00000000E+00  9.85741099E-03  8.10560606E-01
  1.50000000E+00 -3.79000000E-01  7.50814189E-03  2.18320996E-02 -1.33791972E-01  0.00000000E+00  9.87761495E-03  8.07558885E-01
  1.50000000E+00 -3.76000000E-01  8.69419653E-03  2.17289190E-02 -1.33810077E-01  0.00000000E+00  9.89804052E-03  8.04433810E-01
  1.50000000E+00 -3.73000000E-01  9.88350325E-03  2.16263285E-02 -1.33824892E-01  0.00000000E+00  9.91873162E-03  8.01186554E-01
  1.50000000E+00 -3.70000000E-01  1.10766146E-02  2.15241489E-02 -1.33836561E-01  0.00000000E+00  9.93973213E-03  7.97818296E-01
  1.50000000E+00 -3.67000000E-01  1.22740833E-02  2.14222008E-02 -1.33845226E-01  0.00000000E+00  9.96108596E-03  7.94330211E-01
  1.50000000E+00 -3.64000000E-01  1.34764617E-02  2.13203049E-02 -1.33851030E-01  0.00000000E+00  9.98283701E-03  7.90723475E-01
  1.50000000E+00 -3.61000000E-01  1.46843026E-02  2.12182819E-02 -1.33854115E-01  0.00000000E+00  1.00050292E-02  7.86999264E-01
  1.50000000E+00 -3.58000000E-01  1.58981586E-02  2.11159525E-02 -1.33854624E-01  0.00000000E+00  1.00277064E-02  7.83158756E-01
  1.50000000E+00 -3.55000000E-01  1.71185821E-02  2.10131374E-02 -1.33852699E-01  0.00000000E+00  1.00509125E-02  7.79203125E-01
  1.50000000E+00 -3.52000000E-01  1.83461258E-02  2.09096572E-02 -1.33848483E-01  0.00000000E+00  1.00746915E-02  7.75133548E-01
  1.50000000E+00 -3.49000000E-01  1.95813423E-02  2.08053328E-02 -1.33842120E-01  0.00000000E+00  1.00990871E-02  7.70951202E-01
  1.50000000E+00 -3.46000000E-01  2.08247841E-02  2.06999848E-02 -1.33833750E-01  0.00000000E+00  1.01241435E-02  7.66657262E-01
  1.50000000E+00 -3.43000000E-01  2.20770039E-02  2.05934339E-02 -1.33823518E-01  0.00000000E+00  1.01499043E-02  7.62252905E-01
  1.50000000E+00 -3.40000000E-01  2.33385542E-02  2.04855007E-02 -1.33811565E-01  0.00000000E+00  1.01764136E-02  7.57739307E-01
  1.50000000E+00 -3.37000000E-01  2.46099877E-02  2.03760060E-02 -1.33798035E-01  0.00000000E+00  1.02037152E-02  7.53117644E-01
  1.50000000E+00 -3.34000000E-01  2.58918569E-02  2.02647705E-02 -1.33783070E-01  0.00000000E+00  1.02318531E-02  7.48389093E-01
  1.50000000E+00 -3.31000000E-01  2.71847144E-02  2.01516149E-02 -1.33766812E-01  0.00000000E+00  1.02608711E-02  7.43554829E-01
  1.50000000E+00 -3.28000000E-01  2.84891127E-02  2.00363598E-02 -1.33749404E-01  0.00000000E+00  1.02908131E-02  7.38616030E-01
  1.50000000E+00 -3.25000000E-01  2.98056046E-02  1.99188260E-02 -1.33730989E-01  0.00000000E+00  1.03217231E-02  7.33573870E-01
  1.50000000E+00 -3.22000000E-01  3.11347425E-02  1.97988342E-02 -1.33711709E-01  0.00000000E+00  1.03536450E-02  7.28429527E-01
  1.50000000E+00 -3.19000000E-01  3.24770791E-02  1.96762050E-02 -1.33691707E-01  0.00000000E+00  1.03866226E-02  7.23184177E-01
  1.50000000E+00 -3.16000000E-01  3.38331669E-02  1.95507592E-02 -1.33671126E-01  0.00000000E+00  1.04206998E-02  7.17838995E-01
  1.50000000E+00 -3.13000000E-01  3.52035585E-02  1.94223174E-02 -1.33650108E-01  0.00000000E+00  1.04559206E-02  7.12395158E-01
  1.50000000E+00 -3.10000000E-01  3.65888066E-02  1.92907003E-02 -1.33628796E-01  0.00000000E+00  1.04923289E-02  7.06853843E-01
  1.50000000E+00 -3.07000000E-01  3.79894637E-02  1.91557288E-02 -1.33607332E-01  0.00000000E+00  1.05299685E-02  7.01216225E-01
  1.50000000E+00 -3.04000000E-01  3.94060823E-02  1.90172233E-02 -1.33585860E-01  0.00000000E+00  1.05688833E-02  6.95483481E-01
  1.50000000E+00 -3.01000000E-01  4.08392151E-02  1.88750047E-02 -1.33564521E-01  0.00000000E+00  1.06091173E-02  6.89656787E-01
  1.50000000E+00 -2.98000000E-01  4.22894147E-02  1.87288936E-02 -1.33543459E-01  0.00000000E+00  1.06507144E-02  6.83737319E-01
  1.50000000E+00 -2.95000000E-01  4.37572337E-02  1.85787108E-02 -1.33522815E-01  0.00000000E+00  1.06937185E-02  6.77726254E-01
  1.50000000E+00 -2.92000000E-01  4.52432246E-02  1.84242768E-02 -1.33502734E-01  0.00000000E+00  1.07381734E-02  6.71624767E-01
  1.50000000E+00 -2.89000000E-01  4.67479400E-02  1.82654125E-02 -1.33483356E-01  0.00000000E+00  1.07841231E-02  6.65434035E-01
  1.50000000E+00 -2.86000000E-01  4.82719326E-02  1.81019386E-02 -1.33464825E-01  0.00000000E+00  1.08316114E-02  6.59155235E-01
  1.50000000E+00 -2.83000000E-01  4.98157548E-02  1.79336756E-02 -1.33447284E-01  0.00000000E+00  1.08806823E-02  6.52789542E-01
  1.50000000E+00 -2.80000000E-01  5.13799594E-02  1.77604443E-02 -1.33430875E-01  0.00000000E+00  1.09313797E-02  6.46338132E-01
  1.50000000E+00 -2.77000000E-01  5.29650988E-02  1.75820655E-02 -1.33415740E-01  0.00000000E+00  1.09837475E-02  6.39802182E-01
  1.50000000E+00 -2.74000000E-01  5.45717257E-02  1.73983597E-02 -1.33402023E-01  0.00000000E+00  1.10378295E-02  6.33182869E-01
  1.50000000E+00 -2.71000000E-01  5.62003926E-02  1.72091478E-02 -1.33389866E-01  0.00000000E+00  1.10936698E-02  6.26481367E-01
  1.50000000E+00 -2.68000000E-01  5.78516522E-02  1.70142504E-02 -1.33379411E-01  0.00000000E+00  1.11513121E-02  6.19698855E-01
  1.50000000E+00 -2.65000000E-01  5.95260569E-02  1.68134881E-02 -1.33370801E-01  0.00000000E+00  1.12108003E-02  6.12836507E-01
  1.50000000E+00 -2.62000000E-01  6.12241595E-02  1.66066818E-02 -1.33364180E-01  0.00000000E+00  1.12721785E-02  6.05895500E-01
  1.50000000E+00 -2.59000000E-01  6.29465125E-02  1.63936520E-02 -1.33359688E-01  0.00000000E+00  1.13354905E-02  5.98877010E-01
  1.50000000E+00 -2.56000000E-01  6.46936685E-02  1.61742195E-02 -1.33357470E-01  0.00000000E+00  1.14007801E-02  5.91782214E-01
  1.50000000E+00 -2.53000000E-01  6.64661800E-02  1.59482050E-02 -1.33357668E-01  0.00000000E+00  1.14680913E-02  5.84612288E-01
  1.50000000E+00 -2.50000000E-01  6.82645997E-02  1.57154292E-02 -1.33360423E-01  0.00000000E+00  1.15374680E-02  5.77368408E-01
  1.50000000E+00 -2.47000000E-01  7.00894801E-02  1.54757128E-02 -1.33365880E-01  0.00000000E+00  1.16089541E-02  5.70051750E-01
  1.50000000E+00 -2.44000000E-01  7.19413739E-02  1.52288764E-02 -1.33374180E-01  0.00000000E+00  1.16825935E-02  5.62663490E-01
  1.50000000E+00 -2.41000000E-01  7.38208335E-02  1.49747408E-02 -1.33385466E-01  0.00000000E+00  1.17584301E-02  5.55204806E-01
  1.50000000E+00 -2.38000000E-01  7.57284116E-02  1.47131267E-02 -1.33399882E-01  0.00000000E+00  1.18365078E-02  5.47676872E-01
  1.50000000E+00 -2.35000000E-01  7.76646608E-02  1.44438548E-02 -1.33417568E-01  0.00000000E+00  1.19168705E-02  5.40080865E-01
  1.50000000E+00 -2.32000000E-01  7.96301337E-02  1.41667457E-02 -1.33438669E-01  0.00000000E+00  1.19995621E-02  5.32417962E-01
  1.50000000E+00 -2.29000000E-01  8.16253827E-02  1.38816202E-02 -1.33463326E-01  0.00000000E+00  1.20846265E-02  5.24689339E-01
  1.50000000E+00 -2.26000000E-01  8.36509607E-02  1.35882989E-02 -1.33491682E-01  0.00000000E+00  1.21721076E-02  5.16896171E-01
  1.50000000E+00 -2.23000000E-01  8.57074200E-02  1.32866026E-02 -1.33523881E-01  0.00000000E+00  1.22620493E-02  5.09039636E-01
  1.50000000E+00 -2.20000000E-01  8.77953133E-02  1.29763520E-02 -1.33560064E-01  0.00000000E+00  1.23544954E-02  5.01120909E-01
  1.50000000E+00 -2.17000000E-01  8.99151931E-02  1.26573677E-02 -1.33600374E-01  0.00000000E+00  1.24494900E-02  4.93141167E-01
  1.50000000E+00 -2.14000000E-01  9.20676122E-02  1.23294704E-02 -1.33644954E-01  0.00000000E+00  1.25470770E-02  4.85101586E-01
  1.50000000E+00 -2.11000000E-01  9.42531229E-02  1.19924809E-02 -1.33693946E-01  0.00000000E+00  1.26473001E-02  4.77003342E-01
  1.50000000E+00 -2.08000000E-01  9.64722780E-02  1.16462199E-02 -1.33747493E-01  0.00000000E+00  1.27502033E-02  4.68847611E-01
  1.50000000E+00 -2.05000000E-01  9.87256299E-02  1.12905080E-02 -1.33805738E-01  0.00000000E+00  1.28558305E-02  4.60635570E-01
  1.50000000E+00 -2.02000000E-01  1.01013731E-01  1.09251659E-02 -1.33868823E-01  0.00000000E+00  1.29642257E-02  4.52368395E-01
  1.50000000E+00 -1.99000000E-01  1.03306518E-01  1.05908940E-02 -1.33864957E-01  0.00000000E+00  1.30681304E-02  4.43937349E-01
  1.50000000E+00 -1.96000000E-01  1.05590996E-01  1.03271251E-02 -1.33725140E-01  0.00000000E+00  1.31645190E-02  4.35338653E-01
  1.50000000E+00 -1.93000000E-01  1.07937955E-01  1.00516633E-02 -1.33594428E-01  0.00000000E+00  1.32698970E-02  4.26845175E-01
  1.50000000E+00 -1.90000000E-01  1.10348549E-01  9.76481225E-03 -1.33472515E-01  0.00000000E+00  1.33839754E-02  4.18457301E-01
  1.50000000E+00 -1.87000000E-01  1.12823932E-01  9.46687558E-03 -1.33359096E-01  0.00000000E+00  1.35064650E-02  4.10175420E-01
  1.50000000E+00 -1.84000000E-01  1.15365259E-01  9.15815698E-03 -1.33253864E-01  0.00000000E+00  1.36370766E-02  4.01999919E-01
  1.50000000E+00 -1.81000000E-01  1.17973684E-01  8.83896013E-03 -1.33156514E-01  0.00000000E+00  1.37755212E-02  3.93931186E-01
  1.50000000E+00 -1.78000000E-01  1.20650361E-01  8.50958867E-03 -1.33066740E-01  0.00000000E+00  1.39215096E-02  3.85969608E-01
  1.50000000E+00 -1.75000000E-01  1.23396445E-01  8.17034629E-03 -1.32984235E-01  0.00000000E+00  1.40747527E-02  3.78115574E-01
  1.50000000E+00 -1.72000000E-01  1.26213091E-01  7.82153664E-03 -1.32908695E-01  0.00000000E+00  1.42349613E-02  3.70369471E-01
  1.50000000E+00 -1.69000000E-01  1.29101451E-01  7.46346339E-03 -1.32839813E-01  0.00000000E+00  1.44018464E-02  3.62731687E-01
  1.50000000E+00 -1.66000000E-01  1.32062681E-01  7.09643021E-03 -1.32777284E-01  0.00000000E+00  1.45751187E-02  3.55202609E-01
  1.50000000E+00 -1.63000000E-01  1.35097935E-01  6.72074076E-03 -1.32720802E-01  0.00000000E+00  1.47544891E-02  3.47782626E-01
  1.50000000E+00 -1.60000000E-01  1.38208368E-01  6.33669872E-03 -1.32670060E-01  0.00000000E+00  1.49396686E-02  3.40472124E-01
  1.50000000E+00 -1.57000000E-01  1.41395133E-01  5.94460774E-03 -1.32624753E-01  0.00000000E+00  1.51303680E-02  3.33271492E-01
  1.50000000E+00 -1.54000000E-01  1.44659385E-01  5.54477149E-03 -1.32584576E-01  0.00000000E+00  1.53262982E-02  3.26181117E-01
  1.50000000E+00 -1.51000000E-01  1.48002279E-01  5.13749364E-03 -1.32549222E-01  0.00000000E+00  1.55271700E-02  3.19201387E-01
  1.50000000E+00 -1.48000000E-01  1.51424968E-01  4.72307785E-03 -1.32518386E-01  0.00000000E+00  1.57326942E-02  3.12332690E-01
  1.50000000E+00 -1.45000000E-01  1.54928607E-01  4.30182779E-03 -1.32491761E-01  0.00000000E+00  1.59425819E-02  3.05575413E-01
  1.50000000E+00 -1.42000000E-01  1.58514350E-01  3.87404713E-03 -1.32469042E-01  0.00000000E+00  1.61565438E-02  2.98929945E-01
  1.50000000E+00 -1.39000000E-01  1.62183352E-01  3.44003954E-03 -1.32449924E-01  0.00000000E+00  1.63742907E-02  2.92396672E-01
  1.50000000E+00 -1.36000000E-01  1.65936767E-01  3.00010867E-03 -1.32434100E-01  0.00000000E+00  1.65955337E-02  2.85975983E-01
  1.50000000E+00 -1.33000000E-01  1.69775749E-01  2.55455820E-03 -1.32421264E-01  0.00000000E+00  1.68199835E-02  2.79668265E-01
  1.50000000E+00 -1.30000000E-01  1.73701453E-01  2.10369179E-03 -1.32411111E-01  0.00000000E+00  1.70473510E-02  2.73473906E-01
  1.50000000E+00 -1.27000000E-01  1.77715033E-01  1.64781310E-03 -1.32403334E-01  0.00000000E+00  1.72773471E-02  2.67393293E-01
  1.50000000E+00 -1.24000000E-01  1.81817643E-01  1.18722581E-03 -1.32397629E-01  0.00000000E+00  1.75096826E-02  2.61426815E-01
  1.50000000E+00 -1.21000000E-01  1.86010437E-01  7.22233581E-04 -1.32393688E-01  0.00000000E+00  1.77440685E-02  2.55574859E-01
  1.50000000E+00 -1.18000000E-01  1.90294571E-01  2.53140077E-04 -1.32391207E-01  0.00000000E+00  1.79802155E-02  2.49837813E-01
  1.50000000E+00 -1.15000000E-01  1.94671198E-01 -2.19751036E-04 -1.32389880E-01  0.00000000E+00  1.82178346E-02  2.44216064E-01
  1.50000000E+00 -1.12000000E-01  1.99141472E-01 -6.96136090E-04 -1.32389400E-01  0.00000000E+00  1.84566366E-02  2.38710001E-01
  1.50000000E+00 -1.09000000E-01  2.03706548E-01 -1.17571142E-03 -1.32389462E-01  0.00000000E+00  1.86963324E-02  2.33320010E-01
  1.50000000E+00 -1.06000000E-01  2.08367580E-01 -1.65817336E-03 -1.32389760E-01  0.00000000E+00  1.89366329E-02  2.28046480E-01
  1.50000000E+00 -1.03000000E-01  2.13125723E-01 -2.14321824E-03 -1.32389988E-01  0.00000000E+00  1.91772489E-02  2.22889798E-01
  1.50000000E+00 -1.00000000E-01  2.17982131E-01 -2.63054240E-03 -1.32389841E-01  0.00000000E+00  1.94178913E-02  2.17850353E-01
  1.50000000E+00 -9.70000000E-02  2.22937958E-01 -3.11984217E-03 -1.32389012E-01  0.00000000E+00  1.96582710E-02  2.12928531E-01
  1.50000000E+00 -9.40000000E-02  2.27994358E-01 -3.61081388E-03 -1.32387196E-01  0.00000000E+00  1.98980988E-02  2.08124720E-01
  1.50000000E+00 -9.10000000E-02  2.33152487E-01 -4.10315387E-03 -1.32384086E-01  0.00000000E+00  2.01370856E-02  2.03439309E-01
  1.50000000E+00 -8.80000000E-02  2.38413497E-01 -4.59655847E-03 -1.32379378E-01  0.00000000E+00  2.03749423E-02  1.98872684E-01
  1.50000000E+00 -8.50000000E-02  2.43778544E-01 -5.09072402E-03 -1.32372765E-01  0.00000000E+00  2.06113797E-02  1.94425234E-01
  1.50000000E+00 -8.20000000E-02  2.49248782E-01 -5.58534685E-03 -1.32363941E-01  0.00000000E+00  2.08461088E-02  1.90097346E-01
  1.50000000E+00 -7.90000000E-02  2.54825365E-01 -6.08012329E-03 -1.32352601E-01  0.00000000E+00  2.10788403E-02  1.85889409E-01
  1.50000000E+00 -7.60000000E-02  2.60509447E-01 -6.57474967E-03 -1.32338439E-01  0.00000000E+00  2.13092852E-02  1.81801808E-01
  1.50000000E+00 -7.30000000E-02  2.66302183E-01 -7.06892234E-03 -1.32321149E-01  0.00000000E+00  2.15371542E-02  1.77834934E-01
  1.50000000E+00 -7.00000000E-02  2.72204728E-01 -7.56233762E-03 -1.32300424E-01  0.00000000E+00  2.17621584E-02  1.73989172E-01
  1.50000000E+00 -6.70000000E-02  2.78218234E-01 -8.05469185E-03 -1.32275960E-01  0.00000000E+00  2.19840085E-02  1.70264911E-01
  1.50000000E+00 -6.40000000E-02  2.84343858E-01 -8.54568136E-03 -1.32247451E-01  0.00000000E+00  2.22024155E-02  1.66662538E-01
  1.50000000E+00 -6.10000000E-02  2.90582752E-01 -9.03500249E-03 -1.32214590E-01  0.00000000E+00  2.24170901E-02  1.63182442E-01
  1.50000000E+00 -5.80000000E-02  2.96936072E-01 -9.52235156E-03 -1.32177071E-01  0.00000000E+00  2.26277434E-02  1.59825010E-01
  1.50000000E+00 -5.50000000E-02  3.03404972E-01 -1.00074249E-02 -1.32134590E-01  0.00000000E+00  2.28340860E-02  1.56590629E-01
  1.50000000E+00 -5.20000000E-02  3.09990606E-01 -1.04899189E-02 -1.32086840E-01  0.00000000E+00  2.30358289E-02  1.53479687E-01
  1.50000000E+00 -4.90000000E-02  3.16694128E-01 -1.09695298E-02 -1.32033515E-01  0.00000000E+00  2.32326830E-02  1.50492573E-01
  1.50000000E+00 -4.60000000E-02  3.23516693E-01 -1.14459540E-02 -1.31974310E-01  0.00000000E+00  2.34243592E-02  1.47629673E-01
  1.50000000E+00 -4.30000000E-02  3.30459455E-01 -1.19188879E-02 -1.31908919E-01  0.00000000E+00  2.36105682E-02  1.44891376E-01
  1.50000000E+00 -4.00000000E-02  3.37523569E-01 -1.23880276E-02 -1.31837035E-01  0.00000000E+00  2.37910210E-02  1.42278068E-01
  1.50000000E+00 -3.70000000E-02  3.44710188E-01 -1.28530697E-02 -1.31758353E-01  0.00000000E+00  2.39654285E-02  1.39790139E-01
  1.50000000E+00 -3.40000000E-02  3.52020467E-01 -1.33137104E-02 -1.31672567E-01  0.00000000E+00  2.41335015E-02  1.37427975E-01
  1.50000000E+00 -3.10000000E-02  3.59455560E-01 -1.37696460E-02 -1.31579372E-01  0.00000000E+00  2.42949508E-02  1.35191964E-01
  1.50000000E+00 -2.80000000E-02  3.67016622E-01 -1.42205729E-02 -1.31478461E-01  0.00000000E+00  2.44494874E-02  1.33082495E-01
  1.50000000E+00 -2.50000000E-02  3.74704808E-01 -1.46661875E-02 -1.31369529E-01  0.00000000E+00  2.45968222E-02  1.31099953E-01
  1.50000000E+00 -2.20000000E-02  3.82521270E-01 -1.51061860E-02 -1.31252270E-01  0.00000000E+00  2.47366659E-02  1.29244729E-01
  1.50000000E+00 -1.90000000E-02  3.90467164E-01 -1.55402648E-02 -1.31126378E-01  0.00000000E+00  2.48687295E-02  1.27517208E-01
  1.50000000E+00 -1.60000000E-02  3.98543644E-01 -1.59681202E-02 -1.30991547E-01  0.00000000E+00  2.49927237E-02  1.25917779E-01
  1.50000000E+00 -1.30000000E-02  4.06751865E-01 -1.63894485E-02 -1.30847472E-01  0.00000000E+00  2.51083596E-02  1.24446830E-01
  1.50000000E+00 -1.00000000E-02  4.15092980E-01 -1.68039462E-02 -1.30693846E-01  0.00000000E+00  2.52153480E-02  1.23104747E-01
  1.50000000E+00 -7.00000000E-03  4.23568144E-01 -1.72113095E-02 -1.30530364E-01  0.00000000E+00  2.53133997E-02  1.21891920E-01
  1.50000000E+00 -4.00000000E-03  4.32178511E-01 -1.76112347E-02 -1.30356719E-01  0.00000000E+00  2.54022255E-02  1.20808735E-01
  1.50000000E+00 -1.00000000E-03  4.40925236E-01 -1.80034182E-02 -1.30172607E-01  0.00000000E+00  2.54815365E-02  1.19855580E-01
  1.50000000E+00  2.00000000E-03  4.49767941E-01 -1.83155960E-02 -1.30167987E-01  0.00000000E+00  2.54152061E-02  1.19557195E-01
  1.50000000E+00  5.00000000E-03  4.58589026E-01 -1.85823224E-02 -1.30246416E-01  0.00000000E+00  2.52642546E-02  1.19564872E-01
  1.50000000E+00  8.00000000E-03  4.67378724E-01 -1.88394451E-02 -1.30312916E-01  0.00000000E+00  2.50957853E-02  1.19605954E-01
  1.50000000E+00  1.10000000E-02  4.76133936E-01 -1.90871059E-02 -1.30367926E-01  0.00000000E+00  2.49104043E-02  1.19688159E-01
  1.50000000E+00  1.40000000E-02  4.84851563E-01 -1.93254464E-02 -1.30411884E-01  0.00000000E+00  2.47087178E-02  1.19819204E-01
  1.50000000E+00  1.70000000E-02  4.93528503E-01 -1.95546082E-02 -1.30445230E-01  0.00000000E+00  2.44913318E-02  1.20006806E-01
  1.50000000E+00  2.00000000E-02  5.02161658E-01 -1.97747330E-02 -1.30468401E-01  0.00000000E+00  2.42588525E-02  1.20258682E-01
  1.50000000E+00  2.30000000E-02  5.10747927E-01 -1.99859623E-02 -1.30481836E-01  0.00000000E+00  2.40118859E-02  1.20582549E-01
  1.50000000E+00  2.60000000E-02  5.19284210E-01 -2.01884379E-02 -1.30485975E-01  0.00000000E+00  2.37510382E-02  1.20986124E-01
  1.50000000E+00  2.90000000E-02  5.27767409E-01 -2.03823014E-02 -1.30481255E-01  0.00000000E+00  2.34769154E-02  1.21477125E-01
  1.50000000E+00  3.20000000E-02  5.36194422E-01 -2.05676944E-02 -1.30468116E-01  0.00000000E+00  2.31901238E-02  1.22063268E-01
  1.50000000E+00  3.50000000E-02  5.44562150E-01 -2.07447586E-02 -1.30446997E-01  0.00000000E+00  2.28912693E-02  1.22752272E-01
  1.50000000E+00  3.80000000E-02  5.52867493E-01 -2.09136355E-02 -1.30418335E-01  0.00000000E+00  2.25809581E-02  1.23551852E-01
  1.50000000E+00  4.10000000E-02  5.61107352E-01 -2.10744670E-02 -1.30382570E-01  0.00000000E+00  2.22597962E-02  1.24469726E-01
  1.50000000E+00  4.40000000E-02  5.69278625E-01 -2.12273945E-02 -1.30340140E-01  0.00000000E+00  2.19283899E-02  1.25513612E-01
  1.50000000E+00  4.70000000E-02  5.77378215E-01 -2.13725597E-02 -1.30291485E-01  0.00000000E+00  2.15873452E-02  1.26691226E-01
  1.50000000E+00  5.00000000E-02  5.85403020E-01 -2.15101044E-02 -1.30237042E-01  0.00000000E+00  2.12372681E-02  1.28010285E-01
  1.50000000E+00  5.30000000E-02  5.93349941E-01 -2.16401700E-02 -1.30177251E-01  0.00000000E+00  2.08787649E-02  1.29478507E-01
  1.50000000E+00  5.60000000E-02  6.01215878E-01 -2.17628983E-02 -1.30112550E-01  0.00000000E+00  2.05124416E-02  1.31103609E-01
  1.50000000E+00  5.90000000E-02  6.08997731E-01 -2.18784308E-02 -1.30043377E-01  0.00000000E+00  2.01389043E-02  1.32893308E-01
  1.50000000E+00  6.20000000E-02  6.16692400E-01 -2.19869093E-02 -1.29970172E-01  0.00000000E+00  1.97587591E-02  1.34855321E-01
  1.50000000E+00  6.50000000E-02  6.24296786E-01 -2.20884754E-02 -1.29893374E-01  0.00000000E+00  1.93726122E-02  1.36997365E-01
  1.50000000E+00  6.80000000E-02  6.31807788E-01 -2.21832707E-02 -1.29813420E-01  0.00000000E+00  1.89810696E-02  1.39327158E-01
  1.50000000E+00  7.10000000E-02  6.39222307E-01 -2.22714369E-02 -1.29730750E-01  0.00000000E+00  1.85847374E-02  1.41852415E-01
  1.50000000E+00  7.40000000E-02  6.46537242E-01 -2.23531155E-02 -1.29645803E-01  0.00000000E+00  1.81842218E-02  1.44580856E-01
  1.50000000E+00  7.70000000E-02  6.53749495E-01 -2.24284483E-02 -1.29559016E-01  0.00000000E+00  1.77801288E-02  1.47520197E-01
  1.50000000E+00  8.00000000E-02  6.60855965E-01 -2.24975769E-02 -1.29470829E-01  0.00000000E+00  1.73730646E-02  1.50678154E-01
  1.50000000E+00  8.30000000E-02  6.67853551E-01 -2.25606429E-02 -1.29381681E-01  0.00000000E+00  1.69636352E-02  1.54062445E-01
  1.50000000E+00  8.60000000E-02  6.74739156E-01 -2.26177880E-02 -1.29292009E-01  0.00000000E+00  1.65524469E-02  1.57680788E-01
  1.50000000E+00  8.90000000E-02  6.81509678E-01 -2.26691538E-02 -1.29202254E-01  0.00000000E+00  1.61401056E-02  1.61540899E-01
  1.50000000E+00  9.20000000E-02  6.88162017E-01 -2.27148819E-02 -1.29112853E-01  0.00000000E+00  1.57272174E-02  1.65650495E-01
  1.50000000E+00  9.50000000E-02  6.94693074E-01 -2.27551140E-02 -1.29024245E-01  0.00000000E+00  1.53143886E-02  1.70017294E-01
  1.50000000E+00  9.80000000E-02  7.01099750E-01 -2.27899917E-02 -1.28936870E-01  0.00000000E+00  1.49022251E-02  1.74649013E-01
  1.50000000E+00  1.01000000E-01  7.07378943E-01 -2.28196567E-02 -1.28851164E-01  0.00000000E+00  1.44913332E-02  1.79553369E-01
  1.50000000E+00  1.04000000E-01  7.13527555E-01 -2.28442506E-02 -1.28767569E-01  0.00000000E+00  1.40823189E-02  1.84738078E-01
  1.50000000E+00  1.07000000E-01  7.19542485E-01 -2.28639151E-02 -1.28686521E-01  0.00000000E+00  1.36757882E-02  1.90210859E-01
  1.50000000E+00  1.10000000E-01  7.25420633E-01 -2.28787918E-02 -1.28608460E-01  0.00000000E+00  1.32723474E-02  1.95979428E-01
  1.50000000E+00  1.13000000E-01  7.31158901E-01 -2.28890223E-02 -1.28533824E-01  0.00000000E+00  1.28726025E-02  2.02051503E-01
  1.50000000E+00  1.16000000E-01  7.36754187E-01 -2.28947483E-02 -1.28463052E-01  0.00000000E+00  1.24771596E-02  2.08434800E-01
  1.50000000E+00  1.19000000E-01  7.42203392E-01 -2.28961114E-02 -1.28396584E-01  0.00000000E+00  1.20866248E-02  2.15137037E-01
  1.50000000E+00  1.22000000E-01  7.47503416E-01 -2.28932532E-02 -1.28334856E-01  0.00000000E+00  1.17016043E-02  2.22165931E-01
  1.50000000E+00  1.25000000E-01  7.52651160E-01 -2.28863155E-02 -1.28278309E-01  0.00000000E+00  1.13227041E-02  2.29529198E-01
  1.50000000E+00  1.28000000E-01  7.57643523E-01 -2.28754398E-02 -1.28227381E-01  0.00000000E+00  1.09505304E-02  2.37234557E-01
  1.50000000E+00  1.31000000E-01  7.62477405E-01 -2.28607678E-02 -1.28182511E-01  0.00000000E+00  1.05856892E-02  2.45289724E-01
  1.50000000E+00  1.34000000E-01  7.67149707E-01 -2.28424411E-02 -1.28144136E-01  0.00000000E+00  1.02287867E-02  2.53702416E-01
  1.50000000E+00  1.37000000E-01  7.71657329E-01 -2.28206013E-02 -1.28112697E-01  0.00000000E+00  9.88042892E-03  2.62480350E-01
  1.50000000E+00  1.40000000E-01  7.75997172E-01 -2.27953902E-02 -1.28088631E-01  0.00000000E+00  9.54122202E-03  2.71631244E-01
  1.50000000E+00  1.43000000E-01  7.80166134E-01 -2.27669493E-02 -1.28072378E-01  0.00000000E+00  9.21177209E-03  2.81162815E-01
  1.50000000E+00  1.46000000E-01  7.84161116E-01 -2.27354204E-02 -1.28064376E-01  0.00000000E+00  8.89268523E-03  2.91082780E-01
  1.50000000E+00  1.49000000E-01  7.87979020E-01 -2.27009449E-02 -1.28065064E-01  0.00000000E+00  8.58456755E-03  3.01398855E-01
  1.50000000E+00  1.52000000E-01  7.91616743E-01 -2.26636646E-02 -1.28074880E-01  0.00000000E+00  8.28802516E-03  3.12118759E-01
  1.50000000E+00  1.55000000E-01  7.95071188E-01 -2.26237212E-02 -1.28094263E-01  0.00000000E+00  8.00366416E-03  3.23250208E-01
  1.50000000E+00  1.58000000E-01  7.98339253E-01 -2.25812562E-02 -1.28123652E-01  0.00000000E+00  7.73209066E-03  3.34800919E-01
  1.50000000E+00  1.61000000E-01  8.01417840E-01 -2.25364113E-02 -1.28163486E-01  0.00000000E+00  7.47391075E-03  3.46778609E-01
  1.50000000E+00  1.64000000E-01  8.04303848E-01 -2.24893281E-02 -1.28214203E-01  0.00000000E+00  7.22973054E-03  3.59190996E-01
  1.50000000E+00  1.67000000E-01  8.07031642E-01 -2.24481730E-02 -1.28249298E-01  0.00000000E+00  7.00604798E-03  3.72079472E-01
  1.50000000E+00  1.70000000E-01  8.09925107E-01 -2.24696013E-02 -1.28079328E-01  0.00000000E+00  6.84058282E-03  3.85378287E-01
  1.50000000E+00  1.73000000E-01  8.12736591E-01 -2.24897772E-02 -1.27918731E-01  0.00000000E+00  6.68293607E-03  3.98574081E-01
  1.50000000E+00  1.76000000E-01  8.15467810E-01 -2.25087703E-02 -1.27767161E-01  0.00000000E+00  6.53291011E-03  4.11668454E-01
  1.50000000E+00  1.79000000E-01  8.18120479E-01 -2.25266504E-02 -1.27624275E-01  0.00000000E+00  6.39030731E-03  4.24663009E-01
  1.50000000E+00  1.82000000E-01  8.20696313E-01 -2.25434872E-02 -1.27489727E-01  0.00000000E+00  6.25493007E-03  4.37559348E-01
  1.50000000E+00  1.85000000E-01  8.23197030E-01 -2.25593503E-02 -1.27363173E-01  0.00000000E+00  6.12658077E-03  4.50359071E-01
  1.50000000E+00  1.88000000E-01  8.25624343E-01 -2.25743095E-02 -1.27244268E-01  0.00000000E+00  6.00506178E-03  4.63063782E-01
  1.50000000E+00  1.91000000E-01  8.27979968E-01 -2.25884345E-02 -1.27132668E-01  0.00000000E+00  5.89017551E-03  4.75675081E-01
  1.50000000E+00  1.94000000E-01  8.30265622E-01 -2.26017950E-02 -1.27028028E-01  0.00000000E+00  5.78172431E-03  4.88194570E-01
  1.50000000E+00  1.97000000E-01  8.32483020E-01 -2.26144606E-02 -1.26930005E-01  0.00000000E+00  5.67951059E-03  5.00623852E-01
  1.50000000E+00  2.00000000E-01  8.34633877E-01 -2.26265011E-02 -1.26838252E-01  0.00000000E+00  5.58333673E-03  5.12964527E-01
  1.50000000E+00  2.03000000E-01  8.36719910E-01 -2.26379862E-02 -1.26752426E-01  0.00000000E+00  5.49300510E-03  5.25218197E-01
  1.50000000E+00  2.06000000E-01  8.38742833E-01 -2.26489855E-02 -1.26672181E-01  0.00000000E+00  5.40831809E-03  5.37386465E-01
  1.50000000E+00  2.09000000E-01  8.40704362E-01 -2.26595688E-02 -1.26597174E-01  0.00000000E+00  5.32907809E-03  5.49470931E-01
  1.50000000E+00  2.12000000E-01  8.42606214E-01 -2.26698058E-02 -1.26527060E-01  0.00000000E+00  5.25508748E-03  5.61473198E-01
  1.50000000E+00  2.15000000E-01  8.44450103E-01 -2.26797662E-02 -1.26461495E-01  0.00000000E+00  5.18614864E-03  5.73394867E-01
  1.50000000E+00  2.18000000E-01  8.46237745E-01 -2.26895196E-02 -1.26400133E-01  0.00000000E+00  5.12206395E-03  5.85237540E-01
  1.50000000E+00  2.21000000E-01  8.47970855E-01 -2.26991358E-02 -1.26342630E-01  0.00000000E+00  5.06263581E-03  5.97002819E-01
  1.50000000E+00  2.24000000E-01  8.49651151E-01 -2.27086845E-02 -1.26288641E-01  0.00000000E+00  5.00766659E-03  6.08692306E-01
  1.50000000E+00  2.27000000E-01  8.51280346E-01 -2.27182353E-02 -1.26237823E-01  0.00000000E+00  4.95695868E-03  6.20307601E-01
  1.50000000E+00  2.30000000E-01  8.52860157E-01 -2.27278580E-02 -1.26189830E-01  0.00000000E+00  4.91031446E-03  6.31850307E-01
  1.50000000E+00  2.33000000E-01  8.54392298E-01 -2.27376223E-02 -1.26144318E-01  0.00000000E+00  4.86753631E-03  6.43322026E-01
  1.50000000E+00  2.36000000E-01  8.55878487E-01 -2.27475979E-02 -1.26100943E-01  0.00000000E+00  4.82842663E-03  6.54724359E-01
  1.50000000E+00  2.39000000E-01  8.57320438E-01 -2.27578544E-02 -1.26059359E-01  0.00000000E+00  4.79278778E-03  6.66058908E-01
  1.50000000E+00  2.42000000E-01  8.58719868E-01 -2.27684616E-02 -1.26019222E-01  0.00000000E+00  4.76042217E-03  6.77327274E-01
  1.50000000E+00  2.45000000E-01  8.60078491E-01 -2.27794891E-02 -1.25980188E-01  0.00000000E+00  4.73113217E-03  6.88531060E-01
  1.50000000E+00  2.48000000E-01  8.61398023E-01 -2.27910068E-02 -1.25941912E-01  0.00000000E+00  4.70472016E-03  6.99671867E-01
  1.50000000E+00  2.51000000E-01  8.62680180E-01 -2.28030842E-02 -1.25904049E-01  0.00000000E+00  4.68098853E-03  7.10751297E-01
  1.50000000E+00  2.54000000E-01  8.63926677E-01 -2.28157911E-02 -1.25866255E-01  0.00000000E+00  4.65973967E-03  7.21770951E-01
  1.50000000E+00  2.57000000E-01  8.65139231E-01 -2.28291971E-02 -1.25828186E-01  0.00000000E+00  4.64077595E-03  7.32732432E-01
  1.50000000E+00  2.60000000E-01  8.66319556E-01 -2.28433720E-02 -1.25789496E-01  0.00000000E+00  4.62389977E-03  7.43637340E-01
  1.50000000E+00  2.63000000E-01  8.67469368E-01 -2.28583855E-02 -1.25749842E-01  0.00000000E+00  4.60891350E-03  7.54487278E-01
  1.50000000E+00  2.66000000E-01  8.68590384E-01 -2.28743073E-02 -1.25708878E-01  0.00000000E+00  4.59561954E-03  7.65283847E-01
  1.50000000E+00  2.69000000E-01  8.69684318E-01 -2.28912070E-02 -1.25666260E-01  0.00000000E+00  4.58382025E-03  7.76028649E-01
  1.50000000E+00  2.72000000E-01  8.70752886E-01 -2.29091544E-02 -1.25621644E-01  0.00000000E+00  4.57331804E-03  7.86723286E-01
  1.50000000E+00  2.75000000E-01  8.71797803E-01 -2.29282192E-02 -1.25574684E-01  0.00000000E+00  4.56391528E-03  7.97369360E-01
  1.50000000E+00  2.78000000E-01  8.72820786E-01 -2.29484710E-02 -1.25525037E-01  0.00000000E+00  4.55541436E-03  8.07968471E-01
  1.50000000E+00  2.81000000E-01  8.73823550E-01 -2.29699797E-02 -1.25472358E-01  0.00000000E+00  4.54761766E-03  8.18522222E-01
  1.50000000E+00  2.84000000E-01  8.74807811E-01 -2.29928147E-02 -1.25416302E-01  0.00000000E+00  4.54032756E-03  8.29032215E-01
  1.50000000E+00  2.87000000E-01  8.75775283E-01 -2.30170460E-02 -1.25356525E-01  0.00000000E+00  4.53334646E-03  8.39500051E-01
  1.50000000E+00  2.90000000E-01  8.76727684E-01 -2.30427431E-02 -1.25292682E-01  0.00000000E+00  4.52647673E-03  8.49927332E-01
  1.50000000E+00  2.93000000E-01  8.77666727E-01 -2.30699758E-02 -1.25224428E-01  0.00000000E+00  4.51952075E-03  8.60315660E-01
  1.50000000E+00  2.96000000E-01  8.78594130E-01 -2.30988138E-02 -1.25151419E-01  0.00000000E+00  4.51228092E-03  8.70666636E-01
  1.50000000E+00  2.99000000E-01  8.79511607E-01 -2.31293267E-02 -1.25073311E-01  0.00000000E+00  4.50455962E-03  8.80981862E-01
  1.50000000E+00  3.02000000E-01  8.80420875E-01 -2.31615843E-02 -1.24989758E-01  0.00000000E+00  4.49615923E-03  8.91262940E-01
  1.50000000E+00  3.05000000E-01  8.81323648E-01 -2.31956563E-02 -1.24900417E-01  0.00000000E+00  4.48688213E-03  9.01511471E-01
  1.50000000E+00  3.08000000E-01  8.82221642E-01 -2.32316124E-02 -1.24804942E-01  0.00000000E+00  4.47653071E-03  9.11729058E-01
  1.50000000E+00  3.11000000E-01  8.83116574E-01 -2.32695222E-02 -1.24702990E-01  0.00000000E+00  4.46490736E-03  9.21917301E-01
  1.50000000E+00  3.14000000E-01  8.84010158E-01 -2.33094555E-02 -1.24594215E-01  0.00000000E+00  4.45181445E-03  9.32077803E-01
  1.50000000E+00  3.17000000E-01  8.84904110E-01 -2.33514819E-02 -1.24478273E-01  0.00000000E+00  4.43705438E-03  9.42212165E-01
  1.50000000E+00  3.20000000E-01  8.85800146E-01 -2.33956713E-02 -1.24354819E-01  0.00000000E+00  4.42042952E-03  9.52321989E-01
  1.50000000E+00  3.23000000E-01  8.86699982E-01 -2.34420932E-02 -1.24223510E-01  0.00000000E+00  4.40174226E-03  9.62408877E-01
  1.50000000E+00  3.26000000E-01  8.87605332E-01 -2.34908173E-02 -1.24083999E-01  0.00000000E+00  4.38079499E-03  9.72474430E-01
  1.50000000E+00  3.29000000E-01  8.88517914E-01 -2.35419135E-02 -1.23935944E-01  0.00000000E+00  4.35739008E-03  9.82520251E-01
  1.50000000E+00  3.32000000E-01  8.89439441E-01 -2.35954513E-02 -1.23778998E-01  0.00000000E+00  4.33132992E-03  9.92547940E-01
  1.50000000E+00  3.35000000E-01  8.90328006E-01 -2.36203374E-02 -1.23712942E-01  0.00000000E+00  4.31157133E-03  1.00301362E+00
  1.50000000E+00  3.38000000E-01  8.91177070E-01 -2.36223187E-02 -1.23719727E-01  0.00000000E+00  4.29859258E-03  1.01386431E+00
  1.50000000E+00  3.41000000E-01  8.92017041E-01 -2.36261151E-02 -1.23720065E-01  0.00000000E+00  4.28575592E-03  1.02474619E+00
  1.50000000E+00  3.44000000E-01  8.92848046E-01 -2.36316529E-02 -1.23714191E-01  0.00000000E+00  4.27306019E-03  1.03565833E+00
  1.50000000E+00  3.47000000E-01  8.93670210E-01 -2.36388585E-02 -1.23702342E-01  0.00000000E+00  4.26050418E-03  1.04659980E+00
  1.50000000E+00  3.50000000E-01  8.94483658E-01 -2.36476581E-02 -1.23684752E-01  0.00000000E+00  4.24808670E-03  1.05756967E+00
  1.50000000E+00  3.53000000E-01  8.95288517E-01 -2.36579782E-02 -1.23661659E-01  0.00000000E+00  4.23580658E-03  1.06856701E+00
  1.50000000E+00  3.56000000E-01  8.96084910E-01 -2.36697449E-02 -1.23633297E-01  0.00000000E+00  4.22366261E-03  1.07959087E+00
  1.50000000E+00  3.59000000E-01  8.96872965E-01 -2.36828848E-02 -1.23599903E-01  0.00000000E+00  4.21165361E-03  1.09064034E+00
  1.50000000E+00  3.62000000E-01  8.97652806E-01 -2.36973241E-02 -1.23561711E-01  0.00000000E+00  4.19977839E-03  1.10171448E+00
  1.50000000E+00  3.65000000E-01  8.98424560E-01 -2.37129891E-02 -1.23518959E-01  0.00000000E+00  4.18803576E-03  1.11281235E+00
  1.50000000E+00  3.68000000E-01  8.99188350E-01 -2.37298062E-02 -1.23471881E-01  0.00000000E+00  4.17642453E-03  1.12393303E+00
  1.50000000E+00  3.71000000E-01  8.99944304E-01 -2.37477017E-02 -1.23420713E-01  0.00000000E+00  4.16494352E-03  1.13507557E+00
  1.50000000E+00  3.74000000E-01  9.00692546E-01 -2.37666020E-02 -1.23365691E-01  0.00000000E+00  4.15359153E-03  1.14623906E+00
  1.50000000E+00  3.77000000E-01  9.01433202E-01 -2.37864333E-02 -1.23307051E-01  0.00000000E+00  4.14236737E-03  1.15742255E+00
  1.50000000E+00  3.80000000E-01  9.02166397E-01 -2.38071221E-02 -1.23245029E-01  0.00000000E+00  4.13126985E-03  1.16862511E+00
  1.50000000E+00  3.83000000E-01  9.02892258E-01 -2.38285946E-02 -1.23179860E-01  0.00000000E+00  4.12029780E-03  1.17984582E+00
  1.50000000E+00  3.86000000E-01  9.03610908E-01 -2.38507772E-02 -1.23111780E-01  0.00000000E+00  4.10945000E-03  1.19108373E+00
  1.50000000E+00  3.89000000E-01  9.04322475E-01 -2.38735963E-02 -1.23041025E-01  0.00000000E+00  4.09872529E-03  1.20233792E+00
  1.50000000E+00  3.92000000E-01  9.05027083E-01 -2.38969781E-02 -1.22967830E-01  0.00000000E+00  4.08812246E-03  1.21360745E+00
  1.50000000E+00  3.95000000E-01  9.05724858E-01 -2.39208490E-02 -1.22892431E-01  0.00000000E+00  4.07764033E-03  1.22489140E+00
  1.50000000E+00  3.98000000E-01  9.06415926E-01 -2.39451353E-02 -1.22815065E-01  0.00000000E+00  4.06727771E-03  1.23618882E+00
  1.50000000E+00  4.01000000E-01  9.07100411E-01 -2.39697634E-02 -1.22735966E-01  0.00000000E+00  4.05703340E-03  1.24749879E+00
  1.50000000E+00  4.04000000E-01  9.07778440E-01 -2.39946596E-02 -1.22655371E-01  0.00000000E+00  4.04690623E-03  1.25882037E+00
  1.50000000E+00  4.07000000E-01  9.08450138E-01 -2.40197503E-02 -1.22573515E-01  0.00000000E+00  4.03689501E-03  1.27015264E+00
  1.50000000E+00  4.10000000E-01  9.09115630E-01 -2.40449617E-02 -1.22490634E-01  0.00000000E+00  4.02699853E-03  1.28149465E+00
  1.50000000E+00  4.13000000E-01  9.09775042E-01 -2.40702202E-02 -1.22406964E-01  0.00000000E+00  4.01721562E-03  1.29284548E+00
  1.50000000E+00  4.16000000E-01  9.10428499E-01 -2.40954521E-02 -1.22322740E-01  0.00000000E+00  4.00754508E-03  1.30420420E+00
  1.50000000E+00  4.19000000E-01  9.11076127E-01 -2.41205839E-02 -1.22238198E-01  0.00000000E+00  3.99798572E-03  1.31556987E+00
  1.50000000E+00  4.22000000E-01  9.11718052E-01 -2.41455417E-02 -1.22153574E-01  0.00000000E+00  3.98853636E-03  1.32694155E+00
  1.50000000E+00  4.25000000E-01  9.12354399E-01 -2.41702520E-02 -1.22069104E-01  0.00000000E+00  3.97919581E-03  1.33831833E+00
  1.50000000E+00  4.28000000E-01  9.12985293E-01 -2.41946410E-02 -1.21985024E-01  0.00000000E+00  3.96996287E-03  1.34969925E+00
  1.50000000E+00  4.31000000E-01  9.13610859E-01 -2.42186352E-02 -1.21901568E-01  0.00000000E+00  3.96083636E-03  1.36108340E+00
  1.50000000E+00  4.34000000E-01  9.14231225E-01 -2.42421608E-02 -1.21818974E-01  0.00000000E+00  3.95181509E-03  1.37246984E+00
  1.50000000E+00  4.37000000E-01  9.14846514E-01 -2.42651443E-02 -1.21737476E-01  0.00000000E+00  3.94289787E-03  1.38385764E+00
  1.50000000E+00  4.40000000E-01  9.15456852E-01 -2.42875118E-02 -1.21657311E-01  0.00000000E+00  3.93408351E-03  1.39524586E+00
  1.50000000E+00  4.43000000E-01  9.16062365E-01 -2.43091898E-02 -1.21578714E-01  0.00000000E+00  3.92537082E-03  1.40663357E+00
  1.50000000E+00  4.46000000E-01  9.16663179E-01 -2.43301046E-02 -1.21501920E-01  0.00000000E+00  3.91675861E-03  1.41801985E+00
  1.50000000E+00  4.49000000E-01  9.17259418E-01 -2.43501825E-02 -1.21427167E-01  0.00000000E+00  3.90824570E-03  1.42940375E+00
  1.50000000E+00  4.52000000E-01  9.17851209E-01 -2.43693499E-02 -1.21354688E-01  0.00000000E+00  3.89983089E-03  1.44078434E+00
  1.50000000E+00  4.55000000E-01  9.18438677E-01 -2.43875330E-02 -1.21284721E-01  0.00000000E+00  3.89151299E-03  1.45216070E+00
  1.50000000E+00  4.58000000E-01  9.19021947E-01 -2.44046583E-02 -1.21217501E-01  0.00000000E+00  3.88329081E-03  1.46353189E+00
  1.50000000E+00  4.61000000E-01  9.19601144E-01 -2.44206521E-02 -1.21153263E-01  0.00000000E+00  3.87516318E-03  1.47489698E+00
  1.50000000E+00  4.64000000E-01  9.20176396E-01 -2.44354407E-02 -1.21092244E-01  0.00000000E+00  3.86712889E-03  1.48625503E+00
  1.50000000E+00  4.67000000E-01  9.20747826E-01 -2.44489504E-02 -1.21034678E-01  0.00000000E+00  3.85918675E-03  1.49760512E+00
  1.50000000E+00  4.70000000E-01  9.21315560E-01 -2.44611076E-02 -1.20980803E-01  0.00000000E+00  3.85133559E-03  1.50894630E+00
  1.50000000E+00  4.73000000E-01  9.21879724E-01 -2.44718385E-02 -1.20930853E-01  0.00000000E+00  3.84357420E-03  1.52027766E+00
  1.50000000E+00  4.76000000E-01  9.22440443E-01 -2.44810697E-02 -1.20885065E-01  0.00000000E+00  3.83590141E-03  1.53159824E+00
  1.50000000E+00  4.79000000E-01  9.22997843E-01 -2.44887273E-02 -1.20843673E-01  0.00000000E+00  3.82831601E-03  1.54290714E+00
  1.50000000E+00  4.82000000E-01  9.23552050E-01 -2.44947377E-02 -1.20806915E-01  0.00000000E+00  3.82081683E-03  1.55420340E+00
  1.50000000E+00  4.85000000E-01  9.24103188E-01 -2.44990272E-02 -1.20775024E-01  0.00000000E+00  3.81340266E-03  1.56548610E+00
  1.50000000E+00  4.88000000E-01  9.24651384E-01 -2.45015223E-02 -1.20748239E-01  0.00000000E+00  3.80607233E-03  1.57675431E+00
  1.50000000E+00  4.91000000E-01  9.25196762E-01 -2.45021491E-02 -1.20726793E-01  0.00000000E+00  3.79882465E-03  1.58800709E+00
  1.50000000E+00  4.94000000E-01  9.25739449E-01 -2.45008341E-02 -1.20710923E-01  0.00000000E+00  3.79165842E-03  1.59924351E+00
  1.50000000E+00  4.97000000E-01  9.26279569E-01 -2.44975036E-02 -1.20700865E-01  0.00000000E+00  3.78457245E-03  1.61046264E+00
  1.50000000E+00  5.00000000E-01  9.26817249E-01 -2.44920839E-02 -1.20696854E-01  0.00000000E+00  3.77756556E-03  1.62166355E+00
  1.50000000E+00  5.03000000E-01  9.27322636E-01 -2.45175143E-02 -1.20601904E-01  0.00000000E+00  3.77083262E-03  1.63288898E+00
  1.50000000E+00  5.06000000E-01  9.27825445E-01 -2.45423199E-02 -1.20508462E-01  0.00000000E+00  3.76416677E-03  1.64409713E+00
  1.50000000E+00  5.09000000E-01  9.28325680E-01 -2.45665126E-02 -1.20416497E-01  0.00000000E+00  3.75756730E-03  1.65528816E+00
  1.50000000E+00  5.12000000E-01  9.28823347E-01 -2.45901038E-02 -1.20325976E-01  0.00000000E+00  3.75103347E-03  1.66646224E+00
  1.50000000E+00  5.15000000E-01  9.29318451E-01 -2.46131054E-02 -1.20236869E-01  0.00000000E+00  3.74456456E-03  1.67761954E+00
  1.50000000E+00  5.18000000E-01  9.29810998E-01 -2.46355290E-02 -1.20149144E-01  0.00000000E+00  3.73815984E-03  1.68876023E+00
  1.50000000E+00  5.21000000E-01  9.30300994E-01 -2.46573862E-02 -1.20062769E-01  0.00000000E+00  3.73181858E-03  1.69988448E+00
  1.50000000E+00  5.24000000E-01  9.30788444E-01 -2.46786888E-02 -1.19977713E-01  0.00000000E+00  3.72554006E-03  1.71099246E+00
  1.50000000E+00  5.27000000E-01  9.31273353E-01 -2.46994483E-02 -1.19893945E-01  0.00000000E+00  3.71932354E-03  1.72208433E+00
  1.50000000E+00  5.30000000E-01  9.31755728E-01 -2.47196765E-02 -1.19811433E-01  0.00000000E+00  3.71316830E-03  1.73316027E+00
  1.50000000E+00  5.33000000E-01  9.32235573E-01 -2.47393851E-02 -1.19730145E-01  0.00000000E+00  3.70707361E-03  1.74422045E+00
  1.50000000E+00  5.36000000E-01  9.32712895E-01 -2.47585857E-02 -1.19650051E-01  0.00000000E+00  3.70103874E-03  1.75526503E+00
  1.50000000E+00  5.39000000E-01  9.33187698E-01 -2.47772899E-02 -1.19571117E-01  0.00000000E+00  3.69506297E-03  1.76629418E+00
  1.50000000E+00  5.42000000E-01  9.33659988E-01 -2.47955095E-02 -1.19493315E-01  0.00000000E+00  3.68914556E-03  1.77730808E+00
  1.50000000E+00  5.45000000E-01  9.34129772E-01 -2.48132561E-02 -1.19416610E-01  0.00000000E+00  3.68328580E-03  1.78830690E+00
  1.50000000E+00  5.48000000E-01  9.34597053E-01 -2.48305413E-02 -1.19340973E-01  0.00000000E+00  3.67748294E-03  1.79929079E+00
  1.50000000E+00  5.51000000E-01  9.35061839E-01 -2.48473770E-02 -1.19266372E-01  0.00000000E+00  3.67173627E-03  1.81025994E+00
  1.50000000E+00  5.54000000E-01  9.35524134E-01 -2.48637746E-02 -1.19192774E-01  0.00000000E+00  3.66604506E-03  1.82121450E+00
  1.50000000E+00  5.57000000E-01  9.35983944E-01 -2.48797460E-02 -1.19120150E-01  0.00000000E+00  3.66040857E-03  1.83215466E+00
  1.50000000E+00  5.60000000E-01  9.36441275E-01 -2.48953027E-02 -1.19048467E-01  0.00000000E+00  3.65482608E-03  1.84308058E+00
  1.50000000E+00  5.63000000E-01  9.36896131E-01 -2.49104565E-02 -1.18977693E-01  0.00000000E+00  3.64929687E-03  1.85399242E+00
  1.50000000E+00  5.66000000E-01  9.37348520E-01 -2.49252189E-02 -1.18907798E-01  0.00000000E+00  3.64382020E-03  1.86489036E+00
  1.50000000E+00  5.69000000E-01  9.37798445E-01 -2.49396018E-02 -1.18838749E-01  0.00000000E+00  3.63839534E-03  1.87577457E+00
  1.50000000E+00  5.72000000E-01  9.38245913E-01 -2.49536167E-02 -1.18770516E-01  0.00000000E+00  3.63302158E-03  1.88664522E+00
  1.50000000E+00  5.75000000E-01  9.38690930E-01 -2.49672753E-02 -1.18703067E-01  0.00000000E+00  3.62769817E-03  1.89750247E+00
  1.50000000E+00  5.78000000E-01  9.39133500E-01 -2.49805893E-02 -1.18636371E-01  0.00000000E+00  3.62242440E-03  1.90834650E+00
  1.50000000E+00  5.81000000E-01  9.39573630E-01 -2.49935703E-02 -1.18570395E-01  0.00000000E+00  3.61719954E-03  1.91917747E+00
  1.50000000E+00  5.84000000E-01  9.40011324E-01 -2.50062301E-02 -1.18505108E-01  0.00000000E+00  3.61202285E-03  1.92999556E+00
  1.50000000E+00  5.87000000E-01  9.40446589E-01 -2.50185802E-02 -1.18440480E-01  0.00000000E+00  3.60689361E-03  1.94080093E+00
  1.50000000E+00  5.90000000E-01  9.40879430E-01 -2.50306325E-02 -1.18376478E-01  0.00000000E+00  3.60181109E-03  1.95159375E+00
  1.50000000E+00  5.93000000E-01  9.41309852E-01 -2.50423984E-02 -1.18313071E-01  0.00000000E+00  3.59677457E-03  1.96237419E+00
  1.50000000E+00  5.96000000E-01  9.41737861E-01 -2.50538898E-02 -1.18250228E-01  0.00000000E+00  3.59178332E-03  1.97314243E+00
  1.50000000E+00  5.99000000E-01  9.42163463E-01 -2.50651182E-02 -1.18187917E-01  0.00000000E+00  3.58683660E-03  1.98389862E+00
  1.50000000E+00  6.02000000E-01  9.42586663E-01 -2.50760954E-02 -1.18126106E-01  0.00000000E+00  3.58193369E-03  1.99464294E+00
  1.50000000E+00  6.05000000E-01  9.43007467E-01 -2.50868330E-02 -1.18064764E-01  0.00000000E+00  3.57707387E-03  2.00537556E+00
  1.50000000E+00  6.08000000E-01  9.43425879E-01 -2.50973427E-02 -1.18003860E-01  0.00000000E+00  3.57225639E-03  2.01609665E+00
  1.50000000E+00  6.11000000E-01  9.43841907E-01 -2.51076362E-02 -1.17943363E-01  0.00000000E+00  3.56748055E-03  2.02680638E+00
  1.50000000E+00  6.14000000E-01  9.44255555E-01 -2.51177250E-02 -1.17883240E-01  0.00000000E+00  3.56274561E-03  2.03750491E+00
  1.50000000E+00  6.17000000E-01  9.44666828E-01 -2.51276210E-02 -1.17823460E-01  0.00000000E+00  3.55805084E-03  2.04819242E+00
  1.50000000E+00  6.20000000E-01  9.45075733E-01 -2.51373357E-02 -1.17763992E-01  0.00000000E+00  3.55339551E-03  2.05886908E+00
  1.50000000E+00  6.23000000E-01  9.45482275E-01 -2.51468809E-02 -1.17704804E-01  0.00000000E+00  3.54877889E-03  2.06953505E+00
  1.50000000E+00  6.26000000E-01  9.45886459E-01 -2.51562682E-02 -1.17645865E-01  0.00000000E+00  3.54420027E-03  2.08019050E+00
  1.50000000E+00  6.29000000E-01  9.46288292E-01 -2.51655092E-02 -1.17587143E-01  0.00000000E+00  3.53965890E-03  2.09083561E+00
  1.50000000E+00  6.32000000E-01  9.46687777E-01 -2.51746157E-02 -1.17528607E-01  0.00000000E+00  3.53515407E-03  2.10147053E+00
  1.50000000E+00  6.35000000E-01  9.47084922E-01 -2.51835993E-02 -1.17470225E-01  0.00000000E+00  3.53068504E-03  2.11209545E+00
  1.50000000E+00  6.38000000E-01  9.47479732E-01 -2.51924717E-02 -1.17411966E-01  0.00000000E+00  3.52625109E-03  2.12271054E+00
  1.50000000E+00  6.41000000E-01  9.47872211E-01 -2.52012446E-02 -1.17353799E-01  0.00000000E+00  3.52185149E-03  2.13331595E+00
  1.50000000E+00  6.44000000E-01  9.48262366E-01 -2.52099295E-02 -1.17295692E-01  0.00000000E+00  3.51748550E-03  2.14391186E+00
  1.50000000E+00  6.47000000E-01  9.48650203E-01 -2.52185383E-02 -1.17237613E-01  0.00000000E+00  3.51315242E-03  2.15449843E+00
  1.50000000E+00  6.50000000E-01  9.49035726E-01 -2.52270825E-02 -1.17179531E-01  0.00000000E+00  3.50885149E-03  2.16507585E+00
  1.50000000E+00  6.53000000E-01  9.49418941E-01 -2.52355739E-02 -1.17121414E-01  0.00000000E+00  3.50458201E-03  2.17564428E+00
  1.50000000E+00  6.56000000E-01  9.49799855E-01 -2.52440241E-02 -1.17063231E-01  0.00000000E+00  3.50034323E-03  2.18620388E+00
  1.50000000E+00  6.59000000E-01  9.50178471E-01 -2.52524447E-02 -1.17004951E-01  0.00000000E+00  3.49613443E-03  2.19675482E+00
  1.50000000E+00  6.62000000E-01  9.50554797E-01 -2.52608475E-02 -1.16946543E-01  0.00000000E+00  3.49195489E-03  2.20729728E+00
  1.50000000E+00  6.65000000E-01  9.50928837E-01 -2.52692441E-02 -1.16887973E-01  0.00000000E+00  3.48780388E-03  2.21783143E+00
  1.50000000E+00  6.68000000E-01  9.51300597E-01 -2.52776462E-02 -1.16829212E-01  0.00000000E+00  3.48368066E-03  2.22835743E+00
  1.50000000E+00  6.71000000E-01  9.51670083E-01 -2.52860655E-02 -1.16770227E-01  0.00000000E+00  3.47958452E-03  2.23887545E+00
  1.50000000E+00  6.74000000E-01  9.52037300E-01 -2.52945135E-02 -1.16710988E-01  0.00000000E+00  3.47551471E-03  2.24938567E+00
  1.50000000E+00  6.77000000E-01  9.52402253E-01 -2.53030021E-02 -1.16651462E-01  0.00000000E+00  3.47147052E-03  2.25988825E+00
  1.50000000E+00  6.80000000E-01  9.52764948E-01 -2.53115428E-02 -1.16591619E-01  0.00000000E+00  3.46745122E-03  2.27038335E+00
  1.50000000E+00  6.83000000E-01  9.53125391E-01 -2.53201474E-02 -1.16531426E-01  0.00000000E+00  3.46345608E-03  2.28087116E+00
  1.50000000E+00  6.86000000E-01  9.53483588E-01 -2.53288274E-02 -1.16470852E-01  0.00000000E+00  3.45948437E-03  2.29135184E+00
  1.50000000E+00  6.89000000E-01  9.53839543E-01 -2.53375947E-02 -1.16409867E-01  0.00000000E+00  3.45553536E-03  2.30182555E+00
  1.50000000E+00  6.92000000E-01  9.54193263E-01 -2.53464608E-02 -1.16348437E-01  0.00000000E+00  3.45160833E-03  2.31229248E+00
  1.50000000E+00  6.95000000E-01  9.54544752E-01 -2.53554374E-02 -1.16286533E-01  0.00000000E+00  3.44770255E-03  2.32275278E+00
  1.50000000E+00  6.98000000E-01  9.54894017E-01 -2.53645362E-02 -1.16224121E-01  0.00000000E+00  3.44381729E-03  2.33320663E+00
  1.50000000E+00  7.01000000E-01  9.55241062E-01 -2.53737688E-02 -1.16161172E-01  0.00000000E+00  3.43995181E-03  2.34365419E+00
  1.50000000E+00  7.04000000E-01  9.55585895E-01 -2.53831470E-02 -1.16097653E-01  0.00000000E+00  3.43610541E-03  2.35409564E+00
  1.50000000E+00  7.07000000E-01  9.55928519E-01 -2.53926823E-02 -1.16033533E-01  0.00000000E+00  3.43227734E-03  2.36453114E+00
  1.50000000E+00  7.10000000E-01  9.56268941E-01 -2.54023865E-02 -1.15968780E-01  0.00000000E+00  3.42846688E-03  2.37496087E+00
  1.50000000E+00  7.13000000E-01  9.56607166E-01 -2.54122713E-02 -1.15903364E-01  0.00000000E+00  3.42467330E-03  2.38538499E+00
  1.50000000E+00  7.16000000E-01  9.56943199E-01 -2.54223482E-02 -1.15837251E-01  0.00000000E+00  3.42089587E-03  2.39580367E+00
  1.50000000E+00  7.19000000E-01  9.57277047E-01 -2.54326291E-02 -1.15770412E-01  0.00000000E+00  3.41713387E-03  2.40621709E+00
  1.50000000E+00  7.22000000E-01  9.57608714E-01 -2.54431255E-02 -1.15702815E-01  0.00000000E+00  3.41338656E-03  2.41662540E+00
  1.50000000E+00  7.25000000E-01  9.57938207E-01 -2.54538490E-02 -1.15634427E-01  0.00000000E+00  3.40965323E-03  2.42702879E+00
  1.50000000E+00  7.28000000E-01  9.58265531E-01 -2.54648115E-02 -1.15565218E-01  0.00000000E+00  3.40593314E-03  2.43742741E+00
  1.50000000E+00  7.31000000E-01  9.58590690E-01 -2.54760245E-02 -1.15495156E-01  0.00000000E+00  3.40222556E-03  2.44782145E+00
  1.50000000E+00  7.34000000E-01  9.58913692E-01 -2.54874998E-02 -1.15424210E-01  0.00000000E+00  3.39852976E-03  2.45821106E+00
  1.50000000E+00  7.37000000E-01  9.59234541E-01 -2.54992489E-02 -1.15352348E-01  0.00000000E+00  3.39484503E-03  2.46859642E+00
  1.50000000E+00  7.40000000E-01  9.59553244E-01 -2.55112836E-02 -1.15279539E-01  0.00000000E+00  3.39117063E-03  2.47897769E+00
  1.50000000E+00  7.43000000E-01  9.59869804E-01 -2.55236156E-02 -1.15205750E-01  0.00000000E+00  3.38750583E-03  2.48935505E+00
  1.50000000E+00  7.46000000E-01  9.60184229E-01 -2.55362564E-02 -1.15130952E-01  0.00000000E+00  3.38384990E-03  2.49972867E+00
  1.50000000E+00  7.49000000E-01  9.60496523E-01 -2.55492179E-02 -1.15055112E-01  0.00000000E+00  3.38020212E-03  2.51009871E+00
  1.50000000E+00  7.52000000E-01  9.60806693E-01 -2.55625115E-02 -1.14978198E-01  0.00000000E+00  3.37656176E-03  2.52046534E+00
  1.50000000E+00  7.55000000E-01  9.61114743E-01 -2.55761491E-02 -1.14900180E-01  0.00000000E+00  3.37292809E-03  2.53082874E+00
  1.50000000E+00  7.58000000E-01  9.61420679E-01 -2.55901422E-02 -1.14821026E-01  0.00000000E+00  3.36930039E-03  2.54118907E+00
  1.50000000E+00  7.61000000E-01  9.61724507E-01 -2.56045026E-02 -1.14740704E-01  0.00000000E+00  3.36567792E-03  2.55154650E+00
  1.50000000E+00  7.64000000E-01  9.62026233E-01 -2.56192420E-02 -1.14659183E-01  0.00000000E+00  3.36205996E-03  2.56190121E+00
  1.50000000E+00  7.67000000E-01  9.62325861E-01 -2.56343719E-02 -1.14576431E-01  0.00000000E+00  3.35844578E-03  2.57225335E+00
  1.50000000E+00  7.70000000E-01  9.62623398E-01 -2.56499041E-02 -1.14492418E-01  0.00000000E+00  3.35483465E-03  2.58260310E+00
  1.50000000E+00  7.73000000E-01  9.62918848E-01 -2.56658502E-02 -1.14407110E-01  0.00000000E+00  3.35122584E-03  2.59295063E+00
  1.50000000E+00  7.76000000E-01  9.63213173E-01 -2.56815915E-02 -1.14322457E-01  0.00000000E+00  3.34762378E-03  2.60329559E+00
  1.50000000E+00  7.79000000E-01  9.63525371E-01 -2.56845783E-02 -1.14277776E-01  0.00000000E+00  3.34413271E-03  2.61362913E+00
  1.50000000E+00  7.82000000E-01  9.63835751E-01 -2.56877948E-02 -1.14232231E-01  0.00000000E+00  3.34064875E-03  2.62396342E+00
  1.50000000E+00  7.85000000E-01  9.64144332E-01 -2.56912352E-02 -1.14185842E-01  0.00000000E+00  3.33717189E-03  2.63429843E+00
  1.50000000E+00  7.88000000E-01  9.64451133E-01 -2.56948939E-02 -1.14138629E-01  0.00000000E+00  3.33370210E-03  2.64463413E+00
  1.50000000E+00  7.91000000E-01  9.64756172E-01 -2.56987649E-02 -1.14090612E-01  0.00000000E+00  3.33023939E-03  2.65497050E+00
  1.50000000E+00  7.94000000E-01  9.65059467E-01 -2.57028424E-02 -1.14041809E-01  0.00000000E+00  3.32678371E-03  2.66530753E+00
  1.50000000E+00  7.97000000E-01  9.65361036E-01 -2.57071206E-02 -1.13992242E-01  0.00000000E+00  3.32333507E-03  2.67564518E+00
  1.50000000E+00  8.00000000E-01  9.65660899E-01 -2.57115937E-02 -1.13941928E-01  0.00000000E+00  3.31989344E-03  2.68598344E+00
  1.50000000E+00  8.03000000E-01  9.65959073E-01 -2.57162559E-02 -1.13890889E-01  0.00000000E+00  3.31645881E-03  2.69632227E+00
  1.50000000E+00  8.06000000E-01  9.66255576E-01 -2.57211014E-02 -1.13839143E-01  0.00000000E+00  3.31303116E-03  2.70666167E+00
  1.50000000E+00  8.09000000E-01  9.66550428E-01 -2.57261243E-02 -1.13786711E-01  0.00000000E+00  3.30961046E-03  2.71700160E+00
  1.50000000E+00  8.12000000E-01  9.66843646E-01 -2.57313188E-02 -1.13733611E-01  0.00000000E+00  3.30619672E-03  2.72734204E+00
  1.50000000E+00  8.15000000E-01  9.67135249E-01 -2.57366792E-02 -1.13679864E-01  0.00000000E+00  3.30278991E-03  2.73768297E+00
  1.50000000E+00  8.18000000E-01  9.67425255E-01 -2.57421996E-02 -1.13625488E-01  0.00000000E+00  3.29939000E-03  2.74802437E+00
  1.50000000E+00  8.21000000E-01  9.67713684E-01 -2.57478741E-02 -1.13570505E-01  0.00000000E+00  3.29599700E-03  2.75836622E+00
  1.50000000E+00  8.24000000E-01  9.68000552E-01 -2.57536971E-02 -1.13514932E-01  0.00000000E+00  3.29261087E-03  2.76870848E+00
  1.50000000E+00  8.27000000E-01  9.68285878E-01 -2.57596625E-02 -1.13458791E-01  0.00000000E+00  3.28923161E-03  2.77905114E+00
  1.50000000E+00  8.30000000E-01  9.68569682E-01 -2.57657648E-02 -1.13402100E-01  0.00000000E+00  3.28585919E-03  2.78939418E+00
  1.50000000E+00  8.33000000E-01  9.68851980E-01 -2.57719979E-02 -1.13344879E-01  0.00000000E+00  3.28249360E-03  2.79973758E+00
  1.50000000E+00  8.36000000E-01  9.69132792E-01 -2.57783562E-02 -1.13287148E-01  0.00000000E+00  3.27913482E-03  2.81008130E+00
  1.50000000E+00  8.39000000E-01  9.69412136E-01 -2.57848338E-02 -1.13228926E-01  0.00000000E+00  3.27578284E-03  2.82042533E+00
  1.50000000E+00  8.42000000E-01  9.69690031E-01 -2.57914248E-02 -1.13170233E-01  0.00000000E+00  3.27243764E-03  2.83076964E+00
  1.50000000E+00  8.45000000E-01  9.69966494E-01 -2.57981235E-02 -1.13111089E-01  0.00000000E+00  3.26909920E-03  2.84111421E+00
  1.50000000E+00  8.48000000E-01  9.70241545E-01 -2.58049241E-02 -1.13051513E-01  0.00000000E+00  3.26576751E-03  2.85145903E+00
  1.50000000E+00  8.51000000E-01  9.70515201E-01 -2.58118207E-02 -1.12991525E-01  0.00000000E+00  3.26244254E-03  2.86180406E+00
  1.50000000E+00  8.54000000E-01  9.70787480E-01 -2.58188075E-02 -1.12931145E-01  0.00000000E+00  3.25912429E-03  2.87214928E+00
  1.50000000E+00  8.57000000E-01  9.71058402E-01 -2.58258787E-02 -1.12870391E-01  0.00000000E+00  3.25581273E-03  2.88249467E+00
  1.50000000E+00  8.60000000E-01  9.71327985E-01 -2.58330285E-02 -1.12809284E-01  0.00000000E+00  3.25250785E-03  2.89284021E+00
  1.50000000E+00  8.63000000E-01  9.71596247E-01 -2.58402511E-02 -1.12747844E-01  0.00000000E+00  3.24920963E-03  2.90318588E+00
  1.50000000E+00  8.66000000E-01  9.71863206E-01 -2.58475406E-02 -1.12686089E-01  0.00000000E+00  3.24591806E-03  2.91353164E+00
  1.50000000E+00  8.69000000E-01  9.72128881E-01 -2.58548913E-02 -1.12624040E-01  0.00000000E+00  3.24263312E-03  2.92387749E+00
  1.50000000E+00  8.72000000E-01  9.72393290E-01 -2.58622973E-02 -1.12561716E-01  0.00000000E+00  3.23935479E-03  2.93422339E+00
  1.50000000E+00  8.75000000E-01  9.72656452E-01 -2.58697528E-02 -1.12499137E-01  0.00000000E+00  3.23608305E-03  2.94456932E+00
  1.50000000E+00  8.78000000E-01  9.72918385E-01 -2.58772519E-02 -1.12436323E-01  0.00000000E+00  3.23281789E-03  2.95491526E+00
  1.50000000E+00  8.81000000E-01  9.73179107E-01 -2.58847890E-02 -1.12373292E-01  0.00000000E+00  3.22955929E-03  2.96526119E+00
  1.50000000E+00  8.84000000E-01  9.73438637E-01 -2.58923581E-02 -1.12310065E-01  0.00000000E+00  3.22630724E-03  2.97560709E+00
  1.50000000E+00  8.87000000E-01  9.73696993E-01 -2.58999535E-02 -1.12246662E-01  0.00000000E+00  3.22306172E-03  2.98595292E+00
  1.50000000E+00  8.90000000E-01  9.73954194E-01 -2.59075693E-02 -1.12183101E-01  0.00000000E+00  3.21982271E-03  2.99629868E+00
  1.50000000E+00  8.93000000E-01  9.74210257E-01 -2.59151998E-02 -1.12119403E-01  0.00000000E+00  3.21659019E-03  3.00664433E+00
  1.50000000E+00  8.96000000E-01  9.74465202E-01 -2.59228390E-02 -1.12055586E-01  0.00000000E+00  3.21336415E-03  3.01698986E+00
  1.50000000E+00  8.99000000E-01  9.74719046E-01 -2.59304812E-02 -1.11991672E-01  0.00000000E+00  3.21014457E-03  3.02733523E+00
  1.50000000E+00  9.02000000E-01  9.74971809E-01 -2.59381206E-02 -1.11927679E-01  0.00000000E+00  3.20693144E-03  3.03768044E+00
  1.50000000E+00  9.05000000E-01  9.75223507E-01 -2.59457513E-02 -1.11863627E-01  0.00000000E+00  3.20372473E-03  3.04802544E+00
  1.50000000E+00  9.08000000E-01  9.75474161E-01 -2.59533676E-02 -1.11799536E-01  0.00000000E+00  3.20052444E-03  3.05837023E+00
  1.50000000E+00  9.11000000E-01  9.75723788E-01 -2.59609636E-02 -1.11735424E-01  0.00000000E+00  3.19733054E-03  3.06871478E+00
  1.50000000E+00  9.14000000E-01  9.75972406E-01 -2.59685335E-02 -1.11671313E-01  0.00000000E+00  3.19414301E-03  3.07905907E+00
  1.50000000E+00  9.17000000E-01  9.76220035E-01 -2.59760715E-02 -1.11607221E-01  0.00000000E+00  3.19096185E-03  3.08940306E+00
  1.50000000E+00  9.20000000E-01  9.76466692E-01 -2.59835718E-02 -1.11543168E-01  0.00000000E+00  3.18778704E-03  3.09974675E+00
  1.50000000E+00  9.23000000E-01  9.76712395E-01 -2.59910285E-02 -1.11479174E-01  0.00000000E+00  3.18461855E-03  3.11009011E+00
  1.50000000E+00  9.26000000E-01  9.76957164E-01 -2.59984359E-02 -1.11415259E-01  0.00000000E+00  3.18145637E-03  3.12043311E+00
  1.50000000E+00  9.29000000E-01  9.77201016E-01 -2.60057881E-02 -1.11351441E-01  0.00000000E+00  3.17830048E-03  3.13077573E+00
  1.50000000E+00  9.32000000E-01  9.77443970E-01 -2.60130794E-02 -1.11287740E-01  0.00000000E+00  3.17515087E-03  3.14111795E+00
  1.50000000E+00  9.35000000E-01  9.77686044E-01 -2.60203038E-02 -1.11224177E-01  0.00000000E+00  3.17200753E-03  3.15145975E+00
  1.50000000E+00  9.38000000E-01  9.77927257E-01 -2.60274556E-02 -1.11160771E-01  0.00000000E+00  3.16887042E-03  3.16180110E+00
  1.50000000E+00  9.41000000E-01  9.78167627E-01 -2.60345290E-02 -1.11097541E-01  0.00000000E+00  3.16573955E-03  3.17214198E+00
  1.50000000E+00  9.44000000E-01  9.78407173E-01 -2.60415181E-02 -1.11034507E-01  0.00000000E+00  3.16261488E-03  3.18248237E+00
  1.50000000E+00  9.47000000E-01  9.78645912E-01 -2.60484172E-02 -1.10971689E-01  0.00000000E+00  3.15949641E-03  3.19282225E+00
  1.50000000E+00  9.50000000E-01  9.78883863E-01 -2.60552204E-02 -1.10909106E-01  0.00000000E+00  3.15638412E-03  3.20316159E+00
  1.50000000E+00  9.53000000E-01  9.79121045E-01 -2.60619219E-02 -1.10846778E-01  0.00000000E+00  3.15327798E-03  3.21350036E+00
  1.50000000E+00  9.56000000E-01  9.79357476E-01 -2.60685159E-02 -1.10784724E-01  0.00000000E+00  3.15017799E-03  3.22383856E+00
  1.50000000E+00  9.59000000E-01  9.79593175E-01 -2.60749965E-02 -1.10722965E-01  0.00000000E+00  3.14708413E-03  3.23417614E+00
  1.50000000E+00  9.62000000E-01  9.79828159E-01 -2.60813581E-02 -1.10661519E-01  0.00000000E+00  3.14399637E-03  3.24451310E+00
  1.50000000E+00  9.65000000E-01  9.80062447E-01 -2.60875946E-02 -1.10600407E-01  0.00000000E+00  3.14091471E-03  3.25484940E+00
  1.50000000E+00  9.68000000E-01  9.80296058E-01 -2.60937004E-02 -1.10539647E-01  0.00000000E+00  3.13783913E-03  3.26518503E+00
  1.50000000E+00  9.71000000E-01  9.80529009E-01 -2.60996696E-02 -1.10479261E-01  0.00000000E+00  3.13476961E-03  3.27551996E+00
  1.50000000E+00  9.74000000E-01  9.80761320E-01 -2.61054964E-02 -1.10419266E-01  0.00000000E+00  3.13170613E-03  3.28585418E+00
  1.50000000E+00  9.77000000E-01  9.80993009E-01 -2.61111750E-02 -1.10359683E-01  0.00000000E+00  3.12864867E-03  3.29618764E+00
  1.50000000E+00  9.80000000E-01  9.81224093E-01 -2.61166996E-02 -1.10300532E-01  0.00000000E+00  3.12559723E-03  3.30652035E+00
  1.50000000E+00  9.83000000E-01  9.81454592E-01 -2.61220643E-02 -1.10241832E-01  0.00000000E+00  3.12255178E-03  3.31685226E+00
  1.50000000E+00  9.86000000E-01  9.81684524E-01 -2.61272633E-02 -1.10183602E-01  0.00000000E+00  3.11951231E-03  3.32718336E+00
  1.50000000E+00  9.89000000E-01  9.81913907E-01 -2.61322909E-02 -1.10125863E-01  0.00000000E+00  3.11647879E-03  3.33751362E+00
  1.50000000E+00  9.92000000E-01  9.82142759E-01 -2.61371412E-02 -1.10068634E-01  0.00000000E+00  3.11345122E-03  3.34784303E+00
  1.50000000E+00  9.95000000E-01  9.82371100E-01 -2.61418083E-02 -1.10011934E-01  0.00000000E+00  3.11042957E-03  3.35817156E+00
  1.50000000E+00  9.98000000E-01  9.82598947E-01 -2.61462866E-02 -1.09955784E-01  0.00000000E+00  3.10741384E-03  3.36849918E+00
  1.50000000E+00  1.00100000E+00  9.82826318E-01 -2.61505701E-02 -1.09900202E-01  0.00000000E+00  3.10440399E-03  3.37882588E+00
  1.50000000E+00  1.00400000E+00  9.83053233E-01 -2.61546530E-02 -1.09845209E-01  0.00000000E+00  3.10140003E-03  3.38915163E+00
  1.50000000E+00  1.00700000E+00  9.83279709E-01 -2.61585295E-02 -1.09790823E-01  0.00000000E+00  3.09840192E-03  3.39947641E+00
  1.50000000E+00  1.01000000E+00  9.83505765E-01 -2.61621939E-02 -1.09737066E-01  0.00000000E+00  3.09540965E-03  3.40980019E+00
  1.50000000E+00  1.01300000E+00  9.83731420E-01 -2.61656403E-02 -1.09683955E-01  0.00000000E+00  3.09242321E-03  3.42012295E+00
  1.50000000E+00  1.01600000E+00  9.83956691E-01 -2.61688628E-02 -1.09631512E-01  0.00000000E+00  3.08944258E-03  3.43044468E+00
  1.50000000E+00  1.01900000E+00  9.84181597E-01 -2.61718557E-02 -1.09579755E-01  0.00000000E+00  3.08646775E-03  3.44076534E+00
  1.50000000E+00  1.02200000E+00  9.84406156E-01 -2.61746132E-02 -1.09528704E-01  0.00000000E+00  3.08349868E-03  3.45108491E+00
  1.50000000E+00  1.02500000E+00  9.84630387E-01 -2.61771294E-02 -1.09478379E-01  0.00000000E+00  3.08053538E-03  3.46140338E+00
  1.50000000E+00  1.02800000E+00  9.84854309E-01 -2.61793985E-02 -1.09428799E-01  0.00000000E+00  3.07757782E-03  3.47172072E+00
  1.50000000E+00  1.03100000E+00  9.85077939E-01 -2.61814148E-02 -1.09379984E-01  0.00000000E+00  3.07462599E-03  3.48203690E+00
  1.50000000E+00  1.03400000E+00  9.85301296E-01 -2.61831723E-02 -1.09331954E-01  0.00000000E+00  3.07167986E-03  3.49235190E+00
  1.50000000E+00  1.03700000E+00  9.85524398E-01 -2.61846652E-02 -1.09284728E-01  0.00000000E+00  3.06873943E-03  3.50266570E+00
  1.50000000E+00  1.04000000E+00  9.85747264E-01 -2.61858879E-02 -1.09238326E-01  0.00000000E+00  3.06580467E-03  3.51297828E+00
  1.50000000E+00  1.04300000E+00  9.85969912E-01 -2.61868344E-02 -1.09192767E-01  0.00000000E+00  3.06287557E-03  3.52328961E+00
  1.50000000E+00  1.04600000E+00  9.86192361E-01 -2.61874989E-02 -1.09148071E-01  0.00000000E+00  3.05995211E-03  3.53359968E+00
  1.50000000E+00  1.04900000E+00  9.86414629E-01 -2.61878756E-02 -1.09104259E-01  0.00000000E+00  3.05703428E-03  3.54390845E+00
  1.50000000E+00  1.05200000E+00  9.86635347E-01 -2.61886450E-02 -1.09059022E-01  0.00000000E+00  3.05412035E-03  3.55421765E+00
  1.50000000E+00  1.05500000E+00  9.86842106E-01 -2.61959557E-02 -1.08991552E-01  0.00000000E+00  3.05119418E-03  3.56454367E+00
  1.50000000E+00  1.05800000E+00  9.87048503E-01 -2.62030820E-02 -1.08924659E-01  0.00000000E+00  3.04827162E-03  3.57487022E+00
  1.50000000E+00  1.06100000E+00  9.87254534E-01 -2.62100270E-02 -1.08858334E-01  0.00000000E+00  3.04535264E-03  3.58519735E+00
  1.50000000E+00  1.06400000E+00  9.87460195E-01 -2.62167940E-02 -1.08792565E-01  0.00000000E+00  3.04243720E-03  3.59552511E+00
  1.50000000E+00  1.06700000E+00  9.87665482E-01 -2.62233862E-02 -1.08727341E-01  0.00000000E+00  3.03952526E-03  3.60585356E+00
  1.50000000E+00  1.07000000E+00  9.87870391E-01 -2.62298069E-02 -1.08662652E-01  0.00000000E+00  3.03661678E-03  3.61618275E+00
  1.50000000E+00  1.07300000E+00  9.88074918E-01 -2.62360593E-02 -1.08598487E-01  0.00000000E+00  3.03371174E-03  3.62651274E+00
  1.50000000E+00  1.07600000E+00  9.88279057E-01 -2.62421468E-02 -1.08534835E-01  0.00000000E+00  3.03081007E-03  3.63684357E+00
  1.50000000E+00  1.07900000E+00  9.88482806E-01 -2.62480725E-02 -1.08471684E-01  0.00000000E+00  3.02791176E-03  3.64717531E+00
  1.50000000E+00  1.08200000E+00  9.88686160E-01 -2.62538396E-02 -1.08409025E-01  0.00000000E+00  3.02501677E-03  3.65750800E+00
  1.50000000E+00  1.08500000E+00  9.88889114E-01 -2.62594516E-02 -1.08346846E-01  0.00000000E+00  3.02212504E-03  3.66784171E+00
  1.50000000E+00  1.08800000E+00  9.89091666E-01 -2.62649115E-02 -1.08285136E-01  0.00000000E+00  3.01923655E-03  3.67817647E+00
  1.50000000E+00  1.09100000E+00  9.89293809E-01 -2.62702227E-02 -1.08223885E-01  0.00000000E+00  3.01635127E-03  3.68851236E+00
  1.50000000E+00  1.09400000E+00  9.89495541E-01 -2.62753884E-02 -1.08163081E-01  0.00000000E+00  3.01346914E-03  3.69884941E+00
  1.50000000E+00  1.09700000E+00  9.89696858E-01 -2.62804118E-02 -1.08102713E-01  0.00000000E+00  3.01059014E-03  3.70918769E+00
  1.50000000E+00  1.10000000E+00  9.89897754E-01 -2.62852962E-02 -1.08042772E-01  0.00000000E+00  3.00771422E-03  3.71952726E+00
  1.50000000E+00  1.10300000E+00  9.90098226E-01 -2.62900449E-02 -1.07983245E-01  0.00000000E+00  3.00484135E-03  3.72986815E+00
  1.50000000E+00  1.10600000E+00  9.90298269E-01 -2.62946612E-02 -1.07924122E-01  0.00000000E+00  3.00197149E-03  3.74021043E+00
  1.50000000E+00  1.10900000E+00  9.90497880E-01 -2.62991481E-02 -1.07865393E-01  0.00000000E+00  2.99910460E-03  3.75055415E+00
  1.50000000E+00  1.11200000E+00  9.90697055E-01 -2.63035091E-02 -1.07807045E-01  0.00000000E+00  2.99624064E-03  3.76089937E+00
  1.50000000E+00  1.11500000E+00  9.90895788E-01 -2.63077474E-02 -1.07749069E-01  0.00000000E+00  2.99337958E-03  3.77124614E+00
  1.50000000E+00  1.11800000E+00  9.91094077E-01 -2.63118661E-02 -1.07691453E-01  0.00000000E+00  2.99052138E-03  3.78159450E+00
  1.50000000E+00  1.12100000E+00  9.91291916E-01 -2.63158687E-02 -1.07634187E-01  0.00000000E+00  2.98766600E-03  3.79194453E+00
  1.50000000E+00  1.12400000E+00  9.91489302E-01 -2.63197583E-02 -1.07577259E-01  0.00000000E+00  2.98481340E-03  3.80229626E+00
  1.50000000E+00  1.12700000E+00  9.91686230E-01 -2.63235381E-02 -1.07520659E-01  0.00000000E+00  2.98196355E-03  3.81264976E+00
  1.50000000E+00  1.13000000E+00  9.91882697E-01 -2.63272115E-02 -1.07464376E-01  0.00000000E+00  2.97911640E-03  3.82300508E+00
  1.50000000E+00  1.13300000E+00  9.92078697E-01 -2.63307816E-02 -1.07408399E-01  0.00000000E+00  2.97627192E-03  3.83336226E+00
  1.50000000E+00  1.13600000E+00  9.92274228E-01 -2.63342518E-02 -1.07352717E-01  0.00000000E+00  2.97343007E-03  3.84372138E+00
  1.50000000E+00  1.13900000E+00  9.92469284E-01 -2.63376252E-02 -1.07297319E-01  0.00000000E+00  2.97059082E-03  3.85408247E+00
  1.50000000E+00  1.14200000E+00  9.92663862E-01 -2.63409052E-02 -1.07242194E-01  0.00000000E+00  2.96775412E-03  3.86444560E+00
  1.50000000E+00  1.14500000E+00  9.92857957E-01 -2.63440950E-02 -1.07187332E-01  0.00000000E+00  2.96491994E-03  3.87481081E+00
  1.50000000E+00  1.14800000E+00  9.93051566E-01 -2.63471978E-02 -1.07132721E-01  0.00000000E+00  2.96208823E-03  3.88517817E+00
  1.50000000E+00  1.15100000E+00  9.93244684E-01 -2.63502168E-02 -1.07078351E-01  0.00000000E+00  2.95925897E-03  3.89554771E+00
  1.50000000E+00  1.15400000E+00  9.93437306E-01 -2.63531555E-02 -1.07024211E-01  0.00000000E+00  2.95643212E-03  3.90591951E+00
  1.50000000E+00  1.15700000E+00  9.93629430E-01 -2.63560169E-02 -1.06970289E-01  0.00000000E+00  2.95360763E-03  3.91629361E+00
  1.50000000E+00  1.16000000E+00  9.93821050E-01 -2.63588044E-02 -1.06916576E-01  0.00000000E+00  2.95078546E-03  3.92667007E+00
  1.50000000E+00  1.16300000E+00  9.94012162E-01 -2.63615211E-02 -1.06863059E-01  0.00000000E+00  2.94796559E-03  3.93704894E+00
  1.50000000E+00  1.16600000E+00  9.94202762E-01 -2.63641704E-02 -1.06809729E-01  0.00000000E+00  2.94514797E-03  3.94743027E+00
  1.50000000E+00  1.16900000E+00  9.94392847E-01 -2.63667555E-02 -1.06756574E-01  0.00000000E+00  2.94233256E-03  3.95781412E+00
  1.50000000E+00  1.17200000E+00  9.94582412E-01 -2.63692797E-02 -1.06703584E-01  0.00000000E+00  2.93951934E-03  3.96820054E+00
  1.50000000E+00  1.17500000E+00  9.94771452E-01 -2.63717461E-02 -1.06650747E-01  0.00000000E+00  2.93670824E-03  3.97858958E+00
  1.50000000E+00  1.17800000E+00  9.94959964E-01 -2.63741582E-02 -1.06598052E-01  0.00000000E+00  2.93389926E-03  3.98898131E+00
  1.50000000E+00  1.18100000E+00  9.95147943E-01 -2.63765190E-02 -1.06545490E-01  0.00000000E+00  2.93109233E-03  3.99937577E+00
  1.50000000E+00  1.18400000E+00  9.95335385E-01 -2.63788318E-02 -1.06493048E-01  0.00000000E+00  2.92828743E-03  4.00977302E+00
  1.50000000E+00  1.18700000E+00  9.95522287E-01 -2.63811000E-02 -1.06440716E-01  0.00000000E+00  2.92548451E-03  4.02017310E+00
  1.50000000E+00  1.19000000E+00  9.95708643E-01 -2.63833268E-02 -1.06388484E-01  0.00000000E+00  2.92268355E-03  4.03057609E+00
  1.50000000E+00  1.19300000E+00  9.95894450E-01 -2.63855153E-02 -1.06336339E-01  0.00000000E+00  2.91988450E-03  4.04098202E+00
  1.50000000E+00  1.19600000E+00  9.96079703E-01 -2.63876690E-02 -1.06284272E-01  0.00000000E+00  2.91708732E-03  4.05139095E+00
  1.50000000E+00  1.19900000E+00  9.96264399E-01 -2.63897909E-02 -1.06232271E-01  0.00000000E+00  2.91429197E-03  4.06180294E+00
  1.50000000E+00  1.20200000E+00  9.96448533E-01 -2.63918844E-02 -1.06180326E-01  0.00000000E+00  2.91149843E-03  4.07221804E+00
  1.50000000E+00  1.20500000E+00  9.96632101E-01 -2.63939528E-02 -1.06128425E-01  0.00000000E+00  2.90870664E-03  4.08263631E+00
  1.50000000E+00  1.20800000E+00  9.96815099E-01 -2.63959992E-02 -1.06076558E-01  0.00000000E+00  2.90591658E-03  4.09305779E+00
  1.50000000E+00  1.21100000E+00  9.96997523E-01 -2.63980269E-02 -1.06024715E-01  0.00000000E+00  2.90312820E-03  4.10348254E+00
  1.50000000E+00  1.21400000E+00  9.97179368E-01 -2.64000392E-02 -1.05972883E-01  0.00000000E+00  2.90034147E-03  4.11391062E+00
  1.50000000E+00  1.21700000E+00  9.97360631E-01 -2.64020393E-02 -1.05921052E-01  0.00000000E+00  2.89755634E-03  4.12434208E+00
  1.50000000E+00  1.22000000E+00  9.97541306E-01 -2.64040305E-02 -1.05869211E-01  0.00000000E+00  2.89477279E-03  4.13477698E+00
  1.50000000E+00  1.22300000E+00  9.97721391E-01 -2.64060161E-02 -1.05817350E-01  0.00000000E+00  2.89199077E-03  4.14521536E+00
  1.50000000E+00  1.22600000E+00  9.97900881E-01 -2.64079992E-02 -1.05765457E-01  0.00000000E+00  2.88921024E-03  4.15565728E+00
  1.50000000E+00  1.22900000E+00  9.98079771E-01 -2.64099832E-02 -1.05713521E-01  0.00000000E+00  2.88643118E-03  4.16610279E+00
  1.50000000E+00  1.23200000E+00  9.98258057E-01 -2.64119712E-02 -1.05661532E-01  0.00000000E+00  2.88365353E-03  4.17655196E+00
  1.50000000E+00  1.23500000E+00  9.98435736E-01 -2.64139666E-02 -1.05609479E-01  0.00000000E+00  2.88087726E-03  4.18700483E+00
  1.50000000E+00  1.23800000E+00  9.98612804E-01 -2.64159726E-02 -1.05557351E-01  0.00000000E+00  2.87810234E-03  4.19746145E+00
  1.50000000E+00  1.24100000E+00  9.98789255E-01 -2.64179924E-02 -1.05505137E-01  0.00000000E+00  2.87532872E-03  4.20792189E+00
  1.50000000E+00  1.24400000E+00  9.98965086E-01 -2.64200293E-02 -1.05452826E-01  0.00000000E+00  2.87255637E-03  4.21838619E+00
  1.50000000E+00  1.24700000E+00  9.99140292E-01 -2.64220866E-02 -1.05400407E-01  0.00000000E+00  2.86978525E-03  4.22885440E+00
  1.50000000E+00  1.25000000E+00  9.99314870E-01 -2.64241674E-02 -1.05347870E-01  0.00000000E+00  2.86701532E-03  4.23932659E+00
  1.50000000E+00  1.25300000E+00  9.99488816E-01 -2.64262751E-02 -1.05295202E-01  0.00000000E+00  2.86424655E-03  4.24980281E+00
  1.50000000E+00  1.25600000E+00  9.99662124E-01 -2.64284130E-02 -1.05242395E-01  0.00000000E+00  2.86147889E-03  4.26028310E+00
  1.50000000E+00  1.25900000E+00  9.99834792E-01 -2.64305841E-02 -1.05189436E-01  0.00000000E+00  2.85871232E-03  4.27076753E+00
  1.50000000E+00  1.26200000E+00  1.00000681E+00 -2.64327919E-02 -1.05136315E-01  0.00000000E+00  2.85594678E-03  4.28125614E+00
  1.50000000E+00  1.26500000E+00  1.00017819E+00 -2.64350395E-02 -1.05083021E-01  0.00000000E+00  2.85318224E-03  4.29174900E+00
  1.50000000E+00  1.26800000E+00  1.00034891E+00 -2.64373303E-02 -1.05029542E-01  0.00000000E+00  2.85041868E-03  4.30224615E+00
  1.50000000E+00  1.27100000E+00  1.00051897E+00 -2.64396673E-02 -1.04975869E-01  0.00000000E+00  2.84765603E-03  4.31274765E+00
  1.50000000E+00  1.27400000E+00  1.00068837E+00 -2.64420541E-02 -1.04921990E-01  0.00000000E+00  2.84489428E-03  4.32325355E+00
  1.50000000E+00  1.27700000E+00  1.00085710E+00 -2.64444936E-02 -1.04867894E-01  0.00000000E+00  2.84213338E-03  4.33376391E+00
  1.50000000E+00  1.28000000E+00  1.00102516E+00 -2.64469893E-02 -1.04813571E-01  0.00000000E+00  2.83937329E-03  4.34427878E+00
  1.50000000E+00  1.28300000E+00  1.00119255E+00 -2.64495444E-02 -1.04759010E-01  0.00000000E+00  2.83661398E-03  4.35479822E+00
  1.50000000E+00  1.28600000E+00  1.00135926E+00 -2.64521621E-02 -1.04704199E-01  0.00000000E+00  2.83385540E-03  4.36532227E+00
  1.50000000E+00  1.28900000E+00  1.00152529E+00 -2.64548456E-02 -1.04649127E-01  0.00000000E+00  2.83109753E-03  4.37585099E+00
  1.50000000E+00  1.29200000E+00  1.00169063E+00 -2.64575983E-02 -1.04593785E-01  0.00000000E+00  2.82834031E-03  4.38638444E+00
  1.50000000E+00  1.29500000E+00  1.00185528E+00 -2.64604233E-02 -1.04538161E-01  0.00000000E+00  2.82558373E-03  4.39692267E+00
  1.50000000E+00  1.29800000E+00  1.00201924E+00 -2.64633240E-02 -1.04482243E-01  0.00000000E+00  2.82282772E-03  4.40746574E+00
  1.50000000E+00  1.30100000E+00  1.00218249E+00 -2.64663035E-02 -1.04426022E-01  0.00000000E+00  2.82007227E-03  4.41801369E+00
  1.50000000E+00  1.30400000E+00  1.00234504E+00 -2.64693652E-02 -1.04369487E-01  0.00000000E+00  2.81731733E-03  4.42856658E+00
  1.50000000E+00  1.30700000E+00  1.00250689E+00 -2.64725123E-02 -1.04312626E-01  0.00000000E+00  2.81456286E-03  4.43912446E+00
  1.50000000E+00  1.31000000E+00  1.00266802E+00 -2.64757480E-02 -1.04255428E-01  0.00000000E+00  2.81180882E-03  4.44968740E+00
  1.50000000E+00  1.31300000E+00  1.00282843E+00 -2.64790756E-02 -1.04197883E-01  0.00000000E+00  2.80905518E-03  4.46025544E+00
  1.50000000E+00  1.31600000E+00  1.00298813E+00 -2.64824983E-02 -1.04139980E-01  0.00000000E+00  2.80630190E-03  4.47082863E+00
  1.50000000E+00  1.31900000E+00  1.00314710E+00 -2.64860194E-02 -1.04081707E-01  0.00000000E+00  2.80354894E-03  4.48140704E+00
  1.50000000E+00  1.32200000E+00  1.00330534E+00 -2.64896422E-02 -1.04023055E-01  0.00000000E+00  2.80079627E-03  4.49199071E+00
  1.50000000E+00  1.32500000E+00  1.00346285E+00 -2.64933698E-02 -1.03964012E-01  0.00000000E+00  2.79804384E-03  4.50257970E+00
  1.50000000E+00  1.32800000E+00  1.00362089E+00 -2.64966653E-02 -1.03906425E-01  0.00000000E+00  2.79529360E-03  4.51317218E+00
  1.50000000E+00  1.33100000E+00  1.00378618E+00 -2.64966582E-02 -1.03860164E-01  0.00000000E+00  2.79255639E-03  4.52375793E+00
  1.50000000E+00  1.33400000E+00  1.00395085E+00 -2.64966965E-02 -1.03813702E-01  0.00000000E+00  2.78982020E-03  4.53434840E+00
  1.50000000E+00  1.33700000E+00  1.00411490E+00 -2.64967786E-02 -1.03767045E-01  0.00000000E+00  2.78708502E-03  4.54494360E+00
  1.50000000E+00  1.34000000E+00  1.00427833E+00 -2.64969029E-02 -1.03720199E-01  0.00000000E+00  2.78435087E-03  4.55554351E+00
  1.50000000E+00  1.34300000E+00  1.00444117E+00 -2.64970679E-02 -1.03673169E-01  0.00000000E+00  2.78161777E-03  4.56614814E+00
  1.50000000E+00  1.34600000E+00  1.00460340E+00 -2.64972720E-02 -1.03625961E-01  0.00000000E+00  2.77888572E-03  4.57675749E+00
  1.50000000E+00  1.34900000E+00  1.00476504E+00 -2.64975136E-02 -1.03578580E-01  0.00000000E+00  2.77615474E-03  4.58737156E+00
  1.50000000E+00  1.35200000E+00  1.00492609E+00 -2.64977911E-02 -1.03531031E-01  0.00000000E+00  2.77342484E-03  4.59799034E+00
  1.50000000E+00  1.35500000E+00  1.00508656E+00 -2.64981029E-02 -1.03483319E-01  0.00000000E+00  2.77069603E-03  4.60861383E+00
  1.50000000E+00  1.35800000E+00  1.00524645E+00 -2.64984476E-02 -1.03435451E-01  0.00000000E+00  2.76796833E-03  4.61924204E+00
  1.50000000E+00  1.36100000E+00  1.00540578E+00 -2.64988235E-02 -1.03387432E-01  0.00000000E+00  2.76524174E-03  4.62987496E+00
  1.50000000E+00  1.36400000E+00  1.00556455E+00 -2.64992290E-02 -1.03339266E-01  0.00000000E+00  2.76251629E-03  4.64051259E+00
  1.50000000E+00  1.36700000E+00  1.00572276E+00 -2.64996626E-02 -1.03290960E-01  0.00000000E+00  2.75979197E-03  4.65115493E+00
  1.50000000E+00  1.37000000E+00  1.00588042E+00 -2.65001226E-02 -1.03242519E-01  0.00000000E+00  2.75706880E-03  4.66180198E+00
  1.50000000E+00  1.37300000E+00  1.00603753E+00 -2.65006076E-02 -1.03193948E-01  0.00000000E+00  2.75434680E-03  4.67245374E+00
  1.50000000E+00  1.37600000E+00  1.00619411E+00 -2.65011159E-02 -1.03145253E-01  0.00000000E+00  2.75162598E-03  4.68311020E+00
  1.50000000E+00  1.37900000E+00  1.00635016E+00 -2.65016460E-02 -1.03096439E-01  0.00000000E+00  2.74890635E-03  4.69377137E+00
  1.50000000E+00  1.38200000E+00  1.00650568E+00 -2.65021963E-02 -1.03047511E-01  0.00000000E+00  2.74618791E-03  4.70443725E+00
  1.50000000E+00  1.38500000E+00  1.00666068E+00 -2.65027651E-02 -1.02998475E-01  0.00000000E+00  2.74347069E-03  4.71510783E+00
  1.50000000E+00  1.38800000E+00  1.00681517E+00 -2.65033511E-02 -1.02949336E-01  0.00000000E+00  2.74075469E-03  4.72578311E+00
  1.50000000E+00  1.39100000E+00  1.00696916E+00 -2.65039525E-02 -1.02900101E-01  0.00000000E+00  2.73803993E-03  4.73646309E+00
  1.50000000E+00  1.39400000E+00  1.00712264E+00 -2.65045678E-02 -1.02850773E-01  0.00000000E+00  2.73532642E-03  4.74714777E+00
  1.50000000E+00  1.39700000E+00  1.00727563E+00 -2.65051954E-02 -1.02801359E-01  0.00000000E+00  2.73261418E-03  4.75783715E+00
  1.50000000E+00  1.40000000E+00  1.00742813E+00 -2.65058337E-02 -1.02751863E-01  0.00000000E+00  2.72990320E-03  4.76853123E+00
  1.50000000E+00  1.40300000E+00  1.00758014E+00 -2.65064813E-02 -1.02702293E-01  0.00000000E+00  2.72719351E-03  4.77923001E+00
  1.50000000E+00  1.40600000E+00  1.00773169E+00 -2.65071364E-02 -1.02652652E-01  0.00000000E+00  2.72448511E-03  4.78993349E+00
  1.50000000E+00  1.40900000E+00  1.00788276E+00 -2.65077975E-02 -1.02602946E-01  0.00000000E+00  2.72177803E-03  4.80064165E+00
  1.50000000E+00  1.41200000E+00  1.00803337E+00 -2.65084631E-02 -1.02553180E-01  0.00000000E+00  2.71907227E-03  4.81135452E+00
  1.50000000E+00  1.41500000E+00  1.00818352E+00 -2.65091316E-02 -1.02503361E-01  0.00000000E+00  2.71636784E-03  4.82207207E+00
  1.50000000E+00  1.41800000E+00  1.00833322E+00 -2.65098014E-02 -1.02453493E-01  0.00000000E+00  2.71366476E-03  4.83279432E+00
  1.50000000E+00  1.42100000E+00  1.00848247E+00 -2.65104709E-02 -1.02403582E-01  0.00000000E+00  2.71096303E-03  4.84352126E+00
  1.50000000E+00  1.42400000E+00  1.00863129E+00 -2.65111385E-02 -1.02353634E-01  0.00000000E+00  2.70826267E-03  4.85425288E+00
  1.50000000E+00  1.42700000E+00  1.00877967E+00 -2.65118027E-02 -1.02303653E-01  0.00000000E+00  2.70556370E-03  4.86498920E+00
  1.50000000E+00  1.43000000E+00  1.00892763E+00 -2.65124619E-02 -1.02253645E-01  0.00000000E+00  2.70286612E-03  4.87573020E+00
  1.50000000E+00  1.43300000E+00  1.00907516E+00 -2.65131146E-02 -1.02203615E-01  0.00000000E+00  2.70016994E-03  4.88647589E+00
  1.50000000E+00  1.43600000E+00  1.00922229E+00 -2.65137591E-02 -1.02153570E-01  0.00000000E+00  2.69747519E-03  4.89722627E+00
  1.50000000E+00  1.43900000E+00  1.00936900E+00 -2.65143939E-02 -1.02103514E-01  0.00000000E+00  2.69478186E-03  4.90798133E+00
  1.50000000E+00  1.44200000E+00  1.00951531E+00 -2.65150174E-02 -1.02053452E-01  0.00000000E+00  2.69208998E-03  4.91874107E+00
  1.50000000E+00  1.44500000E+00  1.00966123E+00 -2.65156280E-02 -1.02003391E-01  0.00000000E+00  2.68939955E-03  4.92950550E+00
  1.50000000E+00  1.44800000E+00  1.00980675E+00 -2.65162241E-02 -1.01953335E-01  0.00000000E+00  2.68671058E-03  4.94027461E+00
  1.50000000E+00  1.45100000E+00  1.00995190E+00 -2.65168043E-02 -1.01903290E-01  0.00000000E+00  2.68402310E-03  4.95104839E+00
  1.50000000E+00  1.45400000E+00  1.01009666E+00 -2.65173668E-02 -1.01853262E-01  0.00000000E+00  2.68133710E-03  4.96182686E+00
  1.50000000E+00  1.45700000E+00  1.01024106E+00 -2.65179102E-02 -1.01803255E-01  0.00000000E+00  2.67865261E-03  4.97261000E+00
  1.50000000E+00  1.46000000E+00  1.01038509E+00 -2.65184329E-02 -1.01753276E-01  0.00000000E+00  2.67596963E-03  4.98339783E+00
  1.50000000E+00  1.46300000E+00  1.01052876E+00 -2.65189332E-02 -1.01703329E-01  0.00000000E+00  2.67328818E-03  4.99419032E+00
  1.50000000E+00  1.46600000E+00  1.01067208E+00 -2.65194097E-02 -1.01653420E-01  0.00000000E+00  2.67060826E-03  5.00498750E+00
  1.50000000E+00  1.46900000E+00  1.01081505E+00 -2.65198606E-02 -1.01603555E-01  0.00000000E+00  2.66792990E-03  5.01578934E+00
  1.50000000E+00  1.47200000E+00  1.01095768E+00 -2.65202846E-02 -1.01553739E-01  0.00000000E+00  2.66525310E-03  5.02659586E+00
  1.50000000E+00  1.47500000E+00  1.01109998E+00 -2.65206799E-02 -1.01503977E-01  0.00000000E+00  2.66257787E-03  5.03740705E+00
  1.50000000E+00  1.47800000E+00  1.01124195E+00 -2.65210450E-02 -1.01454274E-01  0.00000000E+00  2.65990424E-03  5.04822291E+00
  1.50000000E+00  1.48100000E+00  1.01138360E+00 -2.65213784E-02 -1.01404637E-01  0.00000000E+00  2.65723220E-03  5.05904344E+00
  1.50000000E+00  1.48400000E+00  1.01152493E+00 -2.65216784E-02 -1.01355070E-01  0.00000000E+00  2.65456177E-03  5.06986864E+00
  1.50000000E+00  1.48700000E+00  1.01166595E+00 -2.65219435E-02 -1.01305579E-01  0.00000000E+00  2.65189296E-03  5.08069851E+00
  1.50000000E+00  1.49000000E+00  1.01180667E+00 -2.65221722E-02 -1.01256170E-01  0.00000000E+00  2.64922579E-03  5.09153304E+00
  1.50000000E+00  1.49300000E+00  1.01194710E+00 -2.65223628E-02 -1.01206847E-01  0.00000000E+00  2.64656027E-03  5.10237224E+00
  1.50000000E+00  1.49600000E+00  1.01208723E+00 -2.65225137E-02 -1.01157616E-01  0.00000000E+00  2.64389641E-03  5.11321610E+00
  1.50000000E+00  1.49900000E+00  1.01222708E+00 -2.65226234E-02 -1.01108483E-01  0.00000000E+00  2.64123421E-03  5.12406463E+00
  1.50000000E+00  1.50200000E+00  1.01236665E+00 -2.65226904E-02 -1.01059453E-01  0.00000000E+00  2.63857370E-03  5.13491782E+00
  1.50000000E+00  1.50500000E+00  1.01250594E+00 -2.65227130E-02 -1.01010532E-01  0.00000000E+00  2.63591489E-03  5.14577567E+00
  1.50000000E+00  1.50800000E+00  1.01264497E+00 -2.65226897E-02 -1.00961724E-01  0.00000000E+00  2.63325779E-03  5.15663818E+00
  1.50000000E+00  1.51100000E+00  1.01278374E+00 -2.65226188E-02 -1.00913035E-01  0.00000000E+00  2.63060240E-03  5.16750534E+00
  1.50000000E+00  1.51400000E+00  1.01292226E+00 -2.65224989E-02 -1.00864471E-01  0.00000000E+00  2.62794874E-03  5.17837717E+00
  1.50000000E+00  1.51700000E+00  1.01306053E+00 -2.65223283E-02 -1.00816037E-01  0.00000000E+00  2.62529683E-03  5.18925365E+00
  1.50000000E+00  1.52000000E+00  1.01319855E+00 -2.65221055E-02 -1.00767739E-01  0.00000000E+00  2.62264668E-03  5.20013479E+00
  1.50000000E+00  1.52300000E+00  1.01333634E+00 -2.65218289E-02 -1.00719581E-01  0.00000000E+00  2.61999829E-03  5.21102058E+00
  1.50000000E+00  1.52600000E+00  1.01347391E+00 -2.65214969E-02 -1.00671570E-01  0.00000000E+00  2.61735168E-03  5.22191103E+00
  1.50000000E+00  1.52900000E+00  1.01361125E+00 -2.65211080E-02 -1.00623710E-01  0.00000000E+00  2.61470687E-03  5.23280613E+00
  1.50000000E+00  1.53200000E+00  1.01374837E+00 -2.65206605E-02 -1.00576008E-01  0.00000000E+00  2.61206386E-03  5.24370588E+00
  1.50000000E+00  1.53500000E+00  1.01388528E+00 -2.65201529E-02 -1.00528468E-01  0.00000000E+00  2.60942266E-03  5.25461028E+00
  1.50000000E+00  1.53800000E+00  1.01402199E+00 -2.65195837E-02 -1.00481096E-01  0.00000000E+00  2.60678329E-03  5.26551933E+00
  1.50000000E+00  1.54100000E+00  1.01415850E+00 -2.65189512E-02 -1.00433898E-01  0.00000000E+00  2.60414577E-03  5.27643303E+00
  1.50000000E+00  1.54400000E+00  1.01429481E+00 -2.65182539E-02 -1.00386878E-01  0.00000000E+00  2.60151009E-03  5.28735138E+00
  1.50000000E+00  1.54700000E+00  1.01443094E+00 -2.65174902E-02 -1.00340042E-01  0.00000000E+00  2.59887628E-03  5.29827437E+00
  1.50000000E+00  1.55000000E+00  1.01456689E+00 -2.65166585E-02 -1.00293396E-01  0.00000000E+00  2.59624435E-03  5.30920201E+00
  1.50000000E+00  1.55300000E+00  1.01470267E+00 -2.65157572E-02 -1.00246945E-01  0.00000000E+00  2.59361430E-03  5.32013429E+00
  1.50000000E+00  1.55600000E+00  1.01483828E+00 -2.65147849E-02 -1.00200694E-01  0.00000000E+00  2.59098616E-03  5.33107121E+00
  1.50000000E+00  1.55900000E+00  1.01497373E+00 -2.65137398E-02 -1.00154650E-01  0.00000000E+00  2.58835993E-03  5.34201278E+00
  1.50000000E+00  1.56200000E+00  1.01510902E+00 -2.65126205E-02 -1.00108816E-01  0.00000000E+00  2.58573562E-03  5.35295899E+00
  1.50000000E+00  1.56500000E+00  1.01524416E+00 -2.65114253E-02 -1.00063199E-01  0.00000000E+00  2.58311325E-03  5.36390984E+00
  1.50000000E+00  1.56800000E+00  1.01537916E+00 -2.65101527E-02 -1.00017804E-01  0.00000000E+00  2.58049283E-03  5.37486532E+00
  1.50000000E+00  1.57100000E+00  1.01551402E+00 -2.65088012E-02 -9.99726371E-02  0.00000000E+00  2.57787437E-03  5.38582545E+00
  1.50000000E+00  1.57400000E+00  1.01564876E+00 -2.65073690E-02 -9.99277027E-02  0.00000000E+00  2.57525788E-03  5.39679021E+00
  1.50000000E+00  1.57700000E+00  1.01578337E+00 -2.65058547E-02 -9.98830066E-02  0.00000000E+00  2.57264338E-03  5.40775960E+00
  1.50000000E+00  1.58000000E+00  1.01591786E+00 -2.65042567E-02 -9.98385542E-02  0.00000000E+00  2.57003087E-03  5.41873363E+00
  1.50000000E+00  1.58300000E+00  1.01605224E+00 -2.65025734E-02 -9.97943510E-02  0.00000000E+00  2.56742038E-03  5.42971230E+00
  1.50000000E+00  1.58600000E+00  1.01618651E+00 -2.65008033E-02 -9.97504023E-02  0.00000000E+00  2.56481190E-03  5.44069560E+00
  1.50000000E+00  1.58900000E+00  1.01632068E+00 -2.64989447E-02 -9.97067136E-02  0.00000000E+00  2.56220546E-03  5.45168352E+00
  1.50000000E+00  1.59200000E+00  1.01645476E+00 -2.64969960E-02 -9.96632902E-02  0.00000000E+00  2.55960106E-03  5.46267608E+00
  1.50000000E+00  1.59500000E+00  1.01658875E+00 -2.64949558E-02 -9.96201377E-02  0.00000000E+00  2.55699872E-03  5.47367327E+00
  1.50000000E+00  1.59800000E+00  1.01672266E+00 -2.64928225E-02 -9.95772613E-02  0.00000000E+00  2.55439846E-03  5.48467509E+00
  1.50000000E+00  1.60100000E+00  1.01685650E+00 -2.64905944E-02 -9.95346666E-02  0.00000000E+00  2.55180027E-03  5.49568153E+00
  1.50000000E+00  1.60400000E+00  1.01698912E+00 -2.64886257E-02 -9.94911754E-02  0.00000000E+00  2.54920298E-03  5.50669431E+00
  1.50000000E+00  1.60700000E+00  1.01711652E+00 -2.64881595E-02 -9.94426544E-02  0.00000000E+00  2.54660235E-03  5.51771954E+00
  1.50000000E+00  1.61000000E+00  1.01724378E+00 -2.64876325E-02 -9.93943060E-02  0.00000000E+00  2.54400350E-03  5.52874982E+00
  1.50000000E+00  1.61300000E+00  1.01737088E+00 -2.64870455E-02 -9.93461277E-02  0.00000000E+00  2.54140644E-03  5.53978520E+00
  1.50000000E+00  1.61600000E+00  1.01749782E+00 -2.64863992E-02 -9.92981171E-02  0.00000000E+00  2.53881116E-03  5.55082569E+00
  1.50000000E+00  1.61900000E+00  1.01762461E+00 -2.64856945E-02 -9.92502717E-02  0.00000000E+00  2.53621764E-03  5.56187135E+00
  1.50000000E+00  1.62200000E+00  1.01775124E+00 -2.64849322E-02 -9.92025890E-02  0.00000000E+00  2.53362589E-03  5.57292219E+00
  1.50000000E+00  1.62500000E+00  1.01787770E+00 -2.64841131E-02 -9.91550665E-02  0.00000000E+00  2.53103589E-03  5.58397825E+00
  1.50000000E+00  1.62800000E+00  1.01800400E+00 -2.64832381E-02 -9.91077018E-02  0.00000000E+00  2.52844763E-03  5.59503957E+00
  1.50000000E+00  1.63100000E+00  1.01813013E+00 -2.64823079E-02 -9.90604924E-02  0.00000000E+00  2.52586111E-03  5.60610617E+00
  1.50000000E+00  1.63400000E+00  1.01825610E+00 -2.64813234E-02 -9.90134358E-02  0.00000000E+00  2.52327632E-03  5.61717810E+00
  1.50000000E+00  1.63700000E+00  1.01838189E+00 -2.64802853E-02 -9.89665295E-02  0.00000000E+00  2.52069325E-03  5.62825539E+00
  1.50000000E+00  1.64000000E+00  1.01850751E+00 -2.64791946E-02 -9.89197711E-02  0.00000000E+00  2.51811189E-03  5.63933806E+00
  1.50000000E+00  1.64300000E+00  1.01863295E+00 -2.64780519E-02 -9.88731581E-02  0.00000000E+00  2.51553224E-03  5.65042615E+00
  1.50000000E+00  1.64600000E+00  1.01875821E+00 -2.64768582E-02 -9.88266880E-02  0.00000000E+00  2.51295429E-03  5.66151970E+00
  1.50000000E+00  1.64900000E+00  1.01888330E+00 -2.64756143E-02 -9.87803583E-02  0.00000000E+00  2.51037802E-03  5.67261874E+00
  1.50000000E+00  1.65200000E+00  1.01900820E+00 -2.64743209E-02 -9.87341666E-02  0.00000000E+00  2.50780344E-03  5.68372330E+00
  1.50000000E+00  1.65500000E+00  1.01913292E+00 -2.64729788E-02 -9.86881104E-02  0.00000000E+00  2.50523054E-03  5.69483341E+00
  1.50000000E+00  1.65800000E+00  1.01925745E+00 -2.64715890E-02 -9.86421872E-02  0.00000000E+00  2.50265930E-03  5.70594911E+00
  1.50000000E+00  1.66100000E+00  1.01938180E+00 -2.64701522E-02 -9.85963946E-02  0.00000000E+00  2.50008972E-03  5.71707043E+00
  1.50000000E+00  1.66400000E+00  1.01950595E+00 -2.64686691E-02 -9.85507300E-02  0.00000000E+00  2.49752179E-03  5.72819741E+00
  1.50000000E+00  1.66700000E+00  1.01962991E+00 -2.64671408E-02 -9.85051910E-02  0.00000000E+00  2.49495550E-03  5.73933007E+00
  1.50000000E+00  1.67000000E+00  1.01975367E+00 -2.64655679E-02 -9.84597751E-02  0.00000000E+00  2.49239085E-03  5.75046846E+00
  1.50000000E+00  1.67300000E+00  1.01987724E+00 -2.64639512E-02 -9.84144799E-02  0.00000000E+00  2.48982783E-03  5.76161260E+00
  1.50000000E+00  1.67600000E+00  1.02000061E+00 -2.64622917E-02 -9.83693028E-02  0.00000000E+00  2.48726642E-03  5.77276253E+00
  1.50000000E+00  1.67900000E+00  1.02012377E+00 -2.64605900E-02 -9.83242415E-02  0.00000000E+00  2.48470663E-03  5.78391828E+00
  1.50000000E+00  1.68200000E+00  1.02024673E+00 -2.64588471E-02 -9.82792933E-02  0.00000000E+00  2.48214844E-03  5.79507988E+00
  1.50000000E+00  1.68500000E+00  1.02036949E+00 -2.64570637E-02 -9.82344559E-02  0.00000000E+00  2.47959185E-03  5.80624737E+00
  1.50000000E+00  1.68800000E+00  1.02049203E+00 -2.64552406E-02 -9.81897268E-02  0.00000000E+00  2.47703685E-03  5.81742078E+00
  1.50000000E+00  1.69100000E+00  1.02061437E+00 -2.64533787E-02 -9.81451034E-02  0.00000000E+00  2.47448343E-03  5.82860015E+00
  1.50000000E+00  1.69400000E+00  1.02073649E+00 -2.64514788E-02 -9.81005834E-02  0.00000000E+00  2.47193158E-03  5.83978550E+00
  1.50000000E+00  1.69700000E+00  1.02085840E+00 -2.64495417E-02 -9.80561642E-02  0.00000000E+00  2.46938129E-03  5.85097687E+00
  1.50000000E+00  1.70000000E+00  1.02098009E+00 -2.64475682E-02 -9.80118434E-02  0.00000000E+00  2.46683256E-03  5.86217430E+00
  1.50000000E+00  1.70300000E+00  1.02110156E+00 -2.64455592E-02 -9.79676185E-02  0.00000000E+00  2.46428539E-03  5.87337782E+00
  1.50000000E+00  1.70600000E+00  1.02122281E+00 -2.64435153E-02 -9.79234870E-02  0.00000000E+00  2.46173975E-03  5.88458745E+00
  1.50000000E+00  1.70900000E+00  1.02134384E+00 -2.64414376E-02 -9.78794464E-02  0.00000000E+00  2.45919565E-03  5.89580324E+00
  1.50000000E+00  1.71200000E+00  1.02146464E+00 -2.64393267E-02 -9.78354943E-02  0.00000000E+00  2.45665307E-03  5.90702522E+00
  1.50000000E+00  1.71500000E+00  1.02158521E+00 -2.64371835E-02 -9.77916282E-02  0.00000000E+00  2.45411201E-03  5.91825341E+00
  1.50000000E+00  1.71800000E+00  1.02170555E+00 -2.64350088E-02 -9.77478457E-02  0.00000000E+00  2.45157246E-03  5.92948786E+00
  1.50000000E+00  1.72100000E+00  1.02182566E+00 -2.64328035E-02 -9.77041442E-02  0.00000000E+00  2.44903441E-03  5.94072860E+00
  1.50000000E+00  1.72400000E+00  1.02194554E+00 -2.64305682E-02 -9.76605212E-02  0.00000000E+00  2.44649786E-03  5.95197565E+00
  1.50000000E+00  1.72700000E+00  1.02206518E+00 -2.64283040E-02 -9.76169744E-02  0.00000000E+00  2.44396279E-03  5.96322906E+00
  1.50000000E+00  1.73000000E+00  1.02218458E+00 -2.64260115E-02 -9.75735011E-02  0.00000000E+00  2.44142921E-03  5.97448886E+00
  1.50000000E+00  1.73300000E+00  1.02230373E+00 -2.64236916E-02 -9.75300991E-02  0.00000000E+00  2.43889709E-03  5.98575508E+00
  1.50000000E+00  1.73600000E+00  1.02242265E+00 -2.64213451E-02 -9.74867657E-02  0.00000000E+00  2.43636644E-03  5.99702775E+00
  1.50000000E+00  1.73900000E+00  1.02254132E+00 -2.64189728E-02 -9.74434985E-02  0.00000000E+00  2.43383724E-03  6.00830690E+00
  1.50000000E+00  1.74200000E+00  1.02265974E+00 -2.64165756E-02 -9.74002950E-02  0.00000000E+00  2.43130949E-03  6.01959258E+00
  1.50000000E+00  1.74500000E+00  1.02277791E+00 -2.64141542E-02 -9.73571528E-02  0.00000000E+00  2.42878318E-03  6.03088481E+00
  1.50000000E+00  1.74800000E+00  1.02289583E+00 -2.64117094E-02 -9.73140693E-02  0.00000000E+00  2.42625830E-03  6.04218362E+00
  1.50000000E+00  1.75100000E+00  1.02301349E+00 -2.64092422E-02 -9.72710422E-02  0.00000000E+00  2.42373485E-03  6.05348906E+00
  1.50000000E+00  1.75400000E+00  1.02313090E+00 -2.64067532E-02 -9.72280689E-02  0.00000000E+00  2.42121281E-03  6.06480114E+00
  1.50000000E+00  1.75700000E+00  1.02324805E+00 -2.64042434E-02 -9.71851469E-02  0.00000000E+00  2.41869218E-03  6.07611992E+00
  1.50000000E+00  1.76000000E+00  1.02336494E+00 -2.64017135E-02 -9.71422738E-02  0.00000000E+00  2.41617295E-03  6.08744541E+00
  1.50000000E+00  1.76300000E+00  1.02348156E+00 -2.63991643E-02 -9.70994471E-02  0.00000000E+00  2.41365512E-03  6.09877766E+00
  1.50000000E+00  1.76600000E+00  1.02359792E+00 -2.63965967E-02 -9.70566643E-02  0.00000000E+00  2.41113867E-03  6.11011669E+00
  1.50000000E+00  1.76900000E+00  1.02371401E+00 -2.63940115E-02 -9.70139230E-02  0.00000000E+00  2.40862359E-03  6.12146254E+00
  1.50000000E+00  1.77200000E+00  1.02382984E+00 -2.63914095E-02 -9.69712207E-02  0.00000000E+00  2.40610989E-03  6.13281524E+00
  1.50000000E+00  1.77500000E+00  1.02394539E+00 -2.63887915E-02 -9.69285549E-02  0.00000000E+00  2.40359755E-03  6.14417483E+00
  1.50000000E+00  1.77800000E+00  1.02406067E+00 -2.63861583E-02 -9.68859231E-02  0.00000000E+00  2.40108656E-03  6.15554134E+00
  1.50000000E+00  1.78100000E+00  1.02417567E+00 -2.63835107E-02 -9.68433228E-02  0.00000000E+00  2.39857692E-03  6.16691480E+00
  1.50000000E+00  1.78400000E+00  1.02429039E+00 -2.63808496E-02 -9.68007517E-02  0.00000000E+00  2.39606861E-03  6.17829525E+00
  1.50000000E+00  1.78700000E+00  1.02440483E+00 -2.63781758E-02 -9.67582071E-02  0.00000000E+00  2.39356164E-03  6.18968271E+00
  1.50000000E+00  1.79000000E+00  1.02451899E+00 -2.63754901E-02 -9.67156867E-02  0.00000000E+00  2.39105599E-03  6.20107723E+00
  1.50000000E+00  1.79300000E+00  1.02463286E+00 -2.63727932E-02 -9.66731879E-02  0.00000000E+00  2.38855165E-03  6.21247883E+00
  1.50000000E+00  1.79600000E+00  1.02474645E+00 -2.63700861E-02 -9.66307083E-02  0.00000000E+00  2.38604862E-03  6.22388756E+00
  1.50000000E+00  1.79900000E+00  1.02485975E+00 -2.63673695E-02 -9.65882454E-02  0.00000000E+00  2.38354689E-03  6.23530343E+00
  1.50000000E+00  1.80200000E+00  1.02497275E+00 -2.63646443E-02 -9.65457968E-02  0.00000000E+00  2.38104645E-03  6.24672649E+00
  1.50000000E+00  1.80500000E+00  1.02508547E+00 -2.63619112E-02 -9.65033599E-02  0.00000000E+00  2.37854729E-03  6.25815677E+00
  1.50000000E+00  1.80800000E+00  1.02519788E+00 -2.63591712E-02 -9.64609323E-02  0.00000000E+00  2.37604941E-03  6.26959429E+00
  1.50000000E+00  1.81100000E+00  1.02531000E+00 -2.63564249E-02 -9.64185114E-02  0.00000000E+00  2.37355279E-03  6.28103911E+00
  1.50000000E+00  1.81400000E+00  1.02542182E+00 -2.63536732E-02 -9.63760950E-02  0.00000000E+00  2.37105744E-03  6.29249124E+00
  1.50000000E+00  1.81700000E+00  1.02553334E+00 -2.63509170E-02 -9.63336804E-02  0.00000000E+00  2.36856334E-03  6.30395073E+00
  1.50000000E+00  1.82000000E+00  1.02564455E+00 -2.63481570E-02 -9.62912651E-02  0.00000000E+00  2.36607048E-03  6.31541760E+00
  1.50000000E+00  1.82300000E+00  1.02575545E+00 -2.63453941E-02 -9.62488468E-02  0.00000000E+00  2.36357886E-03  6.32689188E+00
  1.50000000E+00  1.82600000E+00  1.02586605E+00 -2.63426290E-02 -9.62064229E-02  0.00000000E+00  2.36108847E-03  6.33837362E+00
  1.50000000E+00  1.82900000E+00  1.02597633E+00 -2.63398627E-02 -9.61639910E-02  0.00000000E+00  2.35859929E-03  6.34986285E+00
  1.50000000E+00  1.83200000E+00  1.02608630E+00 -2.63370958E-02 -9.61215485E-02  0.00000000E+00  2.35611133E-03  6.36135959E+00
  1.50000000E+00  1.83500000E+00  1.02619596E+00 -2.63343293E-02 -9.60790931E-02  0.00000000E+00  2.35362458E-03  6.37286388E+00
  1.50000000E+00  1.83800000E+00  1.02630529E+00 -2.63315639E-02 -9.60366222E-02  0.00000000E+00  2.35113902E-03  6.38437576E+00
  1.50000000E+00  1.84100000E+00  1.02641431E+00 -2.63288005E-02 -9.59941334E-02  0.00000000E+00  2.34865466E-03  6.39589526E+00
  1.50000000E+00  1.84400000E+00  1.02652301E+00 -2.63260399E-02 -9.59516241E-02  0.00000000E+00  2.34617147E-03  6.40742240E+00
  1.50000000E+00  1.84700000E+00  1.02663138E+00 -2.63232828E-02 -9.59090920E-02  0.00000000E+00  2.34368946E-03  6.41895724E+00
  1.50000000E+00  1.85000000E+00  1.02673942E+00 -2.63205302E-02 -9.58665345E-02  0.00000000E+00  2.34120861E-03  6.43049978E+00
  1.50000000E+00  1.85300000E+00  1.02684714E+00 -2.63177827E-02 -9.58239491E-02  0.00000000E+00  2.33872893E-03  6.44205008E+00
  1.50000000E+00  1.85600000E+00  1.02695452E+00 -2.63150413E-02 -9.57813335E-02  0.00000000E+00  2.33625039E-03  6.45360817E+00
  1.50000000E+00  1.85900000E+00  1.02706157E+00 -2.63123068E-02 -9.57386850E-02  0.00000000E+00  2.33377299E-03  6.46517407E+00
  1.50000000E+00  1.86200000E+00  1.02716829E+00 -2.63095799E-02 -9.56960013E-02  0.00000000E+00  2.33129673E-03  6.47674782E+00
  1.50000000E+00  1.86500000E+00  1.02727467E+00 -2.63068615E-02 -9.56532799E-02  0.00000000E+00  2.32882160E-03  6.48832946E+00
  1.50000000E+00  1.86800000E+00  1.02738071E+00 -2.63041524E-02 -9.56105183E-02  0.00000000E+00  2.32634759E-03  6.49991902E+00
  1.50000000E+00  1.87100000E+00  1.02748641E+00 -2.63014534E-02 -9.55677139E-02  0.00000000E+00  2.32387468E-03  6.51151652E+00
  1.50000000E+00  1.87400000E+00  1.02759176E+00 -2.62987654E-02 -9.55248644E-02  0.00000000E+00  2.32140288E-03  6.52312201E+00
  1.50000000E+00  1.87700000E+00  1.02769677E+00 -2.62960891E-02 -9.54819673E-02  0.00000000E+00  2.31893218E-03  6.53473552E+00
  1.50000000E+00  1.88000000E+00  1.02780233E+00 -2.62932218E-02 -9.54396159E-02  0.00000000E+00  2.31646337E-03  6.54635569E+00
  1.50000000E+00  1.88300000E+00  1.02791059E+00 -2.62896736E-02 -9.53992457E-02  0.00000000E+00  2.31399837E-03  6.55797927E+00
  1.50000000E+00  1.88600000E+00  1.02801855E+00 -2.62861189E-02 -9.53588839E-02  0.00000000E+00  2.31153454E-03  6.56961085E+00
  1.50000000E+00  1.88900000E+00  1.02812622E+00 -2.62825574E-02 -9.53185313E-02  0.00000000E+00  2.30907189E-03  6.58125045E+00
  1.50000000E+00  1.89200000E+00  1.02823360E+00 -2.62789887E-02 -9.52781886E-02  0.00000000E+00  2.30661040E-03  6.59289808E+00
  1.50000000E+00  1.89500000E+00  1.02834070E+00 -2.62754125E-02 -9.52378567E-02  0.00000000E+00  2.30415010E-03  6.60455375E+00
  1.50000000E+00  1.89800000E+00  1.02844751E+00 -2.62718286E-02 -9.51975363E-02  0.00000000E+00  2.30169099E-03  6.61621746E+00
  1.50000000E+00  1.90100000E+00  1.02855403E+00 -2.62682366E-02 -9.51572281E-02  0.00000000E+00  2.29923307E-03  6.62788924E+00
  1.50000000E+00  1.90400000E+00  1.02866028E+00 -2.62646364E-02 -9.51169328E-02  0.00000000E+00  2.29677634E-03  6.63956909E+00
  1.50000000E+00  1.90700000E+00  1.02876624E+00 -2.62610275E-02 -9.50766513E-02  0.00000000E+00  2.29432082E-03  6.65125702E+00
  1.50000000E+00  1.91000000E+00  1.02887194E+00 -2.62574098E-02 -9.50363843E-02  0.00000000E+00  2.29186650E-03  6.66295305E+00
  1.50000000E+00  1.91300000E+00  1.02897735E+00 -2.62537828E-02 -9.49961325E-02  0.00000000E+00  2.28941339E-03  6.67465718E+00
  1.50000000E+00  1.91600000E+00  1.02908250E+00 -2.62501464E-02 -9.49558968E-02  0.00000000E+00  2.28696150E-03  6.68636942E+00
  1.50000000E+00  1.91900000E+00  1.02918738E+00 -2.62465002E-02 -9.49156778E-02  0.00000000E+00  2.28451083E-03  6.69808979E+00
  1.50000000E+00  1.92200000E+00  1.02929199E+00 -2.62428440E-02 -9.48754763E-02  0.00000000E+00  2.28206139E-03  6.70981830E+00
  1.50000000E+00  1.92500000E+00  1.02939634E+00 -2.62391774E-02 -9.48352931E-02  0.00000000E+00  2.27961318E-03  6.72155496E+00
  1.50000000E+00  1.92800000E+00  1.02950043E+00 -2.62355002E-02 -9.47951288E-02  0.00000000E+00  2.27716620E-03  6.73329978E+00
  1.50000000E+00  1.93100000E+00  1.02960425E+00 -2.62318120E-02 -9.47549844E-02  0.00000000E+00  2.27472047E-03  6.74505276E+00
  1.50000000E+00  1.93400000E+00  1.02970783E+00 -2.62281126E-02 -9.47148605E-02  0.00000000E+00  2.27227598E-03  6.75681393E+00
  1.50000000E+00  1.93700000E+00  1.02981114E+00 -2.62244017E-02 -9.46747579E-02  0.00000000E+00  2.26983275E-03  6.76858329E+00
  1.50000000E+00  1.94000000E+00  1.02991421E+00 -2.62206791E-02 -9.46346773E-02  0.00000000E+00  2.26739077E-03  6.78036085E+00
  1.50000000E+00  1.94300000E+00  1.03001702E+00 -2.62169443E-02 -9.45946195E-02  0.00000000E+00  2.26495006E-03  6.79214663E+00
  1.50000000E+00  1.94600000E+00  1.03011959E+00 -2.62131971E-02 -9.45545853E-02  0.00000000E+00  2.26251061E-03  6.80394063E+00
  1.50000000E+00  1.94900000E+00  1.03022192E+00 -2.62094373E-02 -9.45145753E-02  0.00000000E+00  2.26007243E-03  6.81574287E+00
  1.50000000E+00  1.95200000E+00  1.03032400E+00 -2.62056645E-02 -9.44745905E-02  0.00000000E+00  2.25763553E-03  6.82755335E+00
  1.50000000E+00  1.95500000E+00  1.03042584E+00 -2.62018785E-02 -9.44346314E-02  0.00000000E+00  2.25519992E-03  6.83937210E+00
  1.50000000E+00  1.95800000E+00  1.03052745E+00 -2.61980789E-02 -9.43946989E-02  0.00000000E+00  2.25276559E-03  6.85119911E+00
  1.50000000E+00  1.96100000E+00  1.03062882E+00 -2.61942655E-02 -9.43547937E-02  0.00000000E+00  2.25033255E-03  6.86303440E+00
  1.50000000E+00  1.96400000E+00  1.03072995E+00 -2.61904379E-02 -9.43149166E-02  0.00000000E+00  2.24790081E-03  6.87487798E+00
  1.50000000E+00  1.96700000E+00  1.03083086E+00 -2.61865960E-02 -9.42750684E-02  0.00000000E+00  2.24547038E-03  6.88672986E+00
  1.50000000E+00  1.97000000E+00  1.03093154E+00 -2.61827394E-02 -9.42352497E-02  0.00000000E+00  2.24304125E-03  6.89859006E+00
  1.50000000E+00  1.97300000E+00  1.03103199E+00 -2.61788677E-02 -9.41954614E-02  0.00000000E+00  2.24061343E-03  6.91045858E+00
  1.50000000E+00  1.97600000E+00  1.03113222E+00 -2.61749808E-02 -9.41557042E-02  0.00000000E+00  2.23818693E-03  6.92233543E+00
  1.50000000E+00  1.97900000E+00  1.03123223E+00 -2.61710783E-02 -9.41159788E-02  0.00000000E+00  2.23576175E-03  6.93422063E+00
  1.50000000E+00  1.98200000E+00  1.03133202E+00 -2.61671599E-02 -9.40762860E-02  0.00000000E+00  2.23333790E-03  6.94611418E+00
  1.50000000E+00  1.98500000E+00  1.03143160E+00 -2.61632254E-02 -9.40366266E-02  0.00000000E+00  2.23091539E-03  6.95801611E+00
  1.50000000E+00  1.98800000E+00  1.03153096E+00 -2.61592745E-02 -9.39970013E-02  0.00000000E+00  2.22849421E-03  6.96992641E+00
  1.50000000E+00  1.99100000E+00  1.03163011E+00 -2.61553068E-02 -9.39574109E-02  0.00000000E+00  2.22607437E-03  6.98184510E+00
  1.50000000E+00  1.99400000E+00  1.03172905E+00 -2.61513221E-02 -9.39178561E-02  0.00000000E+00  2.22365589E-03  6.99377219E+00
  1.50000000E+00  1.99700000E+00  1.03182779E+00 -2.61473201E-02 -9.38783377E-02  0.00000000E+00  2.22123875E-03  7.00570769E+00
  1.50000000E+00  2.00000000E+00  1.03192632E+00 -2.61433004E-02 -9.38388564E-02  0.00000000E+00  2.21882298E-03  7.01765161E+00
