               X               Y            VELX            VELY            PRES            TEMP            PS 1            PS 2  4.16000000E+03
  0.00000000E+00  0.00000000E+00  0.00000000E+00  0.00000000E+00 -1.43266549E-01  1.00000005E-03  0.00000000E+00  0.00000000E+00
  0.00000000E+00  2.00000000E-03  4.12778534E-02  6.11981194E-04 -1.41557465E-01  1.00000005E-03  7.42177428E-04 -7.74857749E-04
  0.00000000E+00  4.00000000E-03  8.11890577E-02  1.29567469E-03 -1.39929413E-01  1.00000005E-03  1.44478536E-03 -1.09196471E-03
  0.00000000E+00  6.00000000E-03  1.19755114E-01  2.04798913E-03 -1.38380359E-01  1.00000005E-03  2.10870146E-03 -9.63281707E-04
  0.00000000E+00  8.00000000E-03  1.56997524E-01  2.86583317E-03 -1.36908274E-01  1.00000005E-03  2.73480338E-03 -4.00769579E-04
  0.00000000E+00  1.00000000E-02  1.92937789E-01  3.74611545E-03 -1.35511124E-01  1.00000005E-03  3.32396881E-03  5.83610844E-04
  0.00000000E+00  1.20000000E-02  2.27597410E-01  4.68574462E-03 -1.34186880E-01  1.00000005E-03  3.87707539E-03  1.97789873E-03
  0.00000000E+00  1.40000000E-02  2.60997888E-01  5.68162932E-03 -1.32933508E-01  1.00000005E-03  4.39500079E-03  3.77013324E-03
  0.00000000E+00  1.60000000E-02  2.93160724E-01  6.73067819E-03 -1.31748979E-01  1.00000005E-03  4.87862269E-03  5.94835354E-03
  0.00000000E+00  1.80000000E-02  3.24107421E-01  7.82979989E-03 -1.30631259E-01  1.00000005E-03  5.32881873E-03  8.50059880E-03
  0.00000000E+00  2.00000000E-02  3.53859478E-01  8.97590305E-03 -1.29578318E-01  1.00000005E-03  5.74646659E-03  1.14149082E-02
  0.00000000E+00  2.20000000E-02  3.82438398E-01  1.01658963E-02 -1.28588124E-01  1.00000005E-03  6.13244393E-03  1.46793208E-02
  0.00000000E+00  2.40000000E-02  4.09865682E-01  1.13966884E-02 -1.27658645E-01  1.00000005E-03  6.48762842E-03  1.82818759E-02
  0.00000000E+00  2.60000000E-02  4.36162830E-01  1.26651878E-02 -1.26787851E-01  1.00000005E-03  6.81289772E-03  2.22106126E-02
  0.00000000E+00  2.80000000E-02  4.61351345E-01  1.39683033E-02 -1.25973708E-01  1.00000005E-03  7.10912949E-03  2.64535701E-02
  0.00000000E+00  3.00000000E-02  4.85452728E-01  1.53029434E-02 -1.25214187E-01  1.00000005E-03  7.37720140E-03  3.09987874E-02
  0.00000000E+00  3.20000000E-02  5.08488479E-01  1.66660169E-02 -1.24507255E-01  1.00000005E-03  7.61799112E-03  3.58343039E-02
  0.00000000E+00  3.40000000E-02  5.30480101E-01  1.80544324E-02 -1.23850881E-01  1.00000005E-03  7.83237631E-03  4.09481586E-02
  0.00000000E+00  3.60000000E-02  5.51449093E-01  1.94650985E-02 -1.23243032E-01  1.00000005E-03  8.02123463E-03  4.63283906E-02
  0.00000000E+00  3.80000000E-02  5.71416959E-01  2.08949239E-02 -1.22681679E-01  1.00000005E-03  8.18544375E-03  5.19630393E-02
  0.00000000E+00  4.00000000E-02  5.90405199E-01  2.23408171E-02 -1.22164789E-01  1.00000005E-03  8.32588134E-03  5.78401436E-02
  0.00000000E+00  4.20000000E-02  6.08435314E-01  2.37996869E-02 -1.21690330E-01  1.00000005E-03  8.44342505E-03  6.39477428E-02
  0.00000000E+00  4.40000000E-02  6.25528806E-01  2.52684419E-02 -1.21256271E-01  1.00000005E-03  8.53895256E-03  7.02738759E-02
  0.00000000E+00  4.60000000E-02  6.41707175E-01  2.67439908E-02 -1.20860581E-01  1.00000005E-03  8.61334153E-03  7.68065823E-02
  0.00000000E+00  4.80000000E-02  6.56991924E-01  2.82232421E-02 -1.20501227E-01  1.00000005E-03  8.66746963E-03  8.35339010E-02
  0.00000000E+00  5.00000000E-02  6.71404554E-01  2.97031046E-02 -1.20176180E-01  1.00000005E-03  8.70221452E-03  9.04438711E-02
  0.00000000E+00  5.20000000E-02  6.84966565E-01  3.11804868E-02 -1.19883405E-01  1.00000005E-03  8.71845386E-03  9.75245318E-02
  0.00000000E+00  5.40000000E-02  6.97699460E-01  3.26522974E-02 -1.19620874E-01  1.00000005E-03  8.71706532E-03  1.04763922E-01
  0.00000000E+00  5.60000000E-02  7.09624739E-01  3.41154451E-02 -1.19386553E-01  1.00000005E-03  8.69892657E-03  1.12150082E-01
  0.00000000E+00  5.80000000E-02  7.20763904E-01  3.55668385E-02 -1.19178411E-01  1.00000005E-03  8.66491528E-03  1.19671049E-01
  0.00000000E+00  6.00000000E-02  7.31138456E-01  3.70033862E-02 -1.18994417E-01  1.00000005E-03  8.61590910E-03  1.27314864E-01
  0.00000000E+00  6.20000000E-02  7.40769896E-01  3.84219969E-02 -1.18832539E-01  1.00000005E-03  8.55278570E-03  1.35069565E-01
  0.00000000E+00  6.40000000E-02  7.49679726E-01  3.98195792E-02 -1.18690745E-01  1.00000005E-03  8.47642275E-03  1.42923192E-01
  0.00000000E+00  6.60000000E-02  7.57889447E-01  4.11930418E-02 -1.18567005E-01  1.00000005E-03  8.38769792E-03  1.50863783E-01
  0.00000000E+00  6.80000000E-02  7.65420561E-01  4.25392933E-02 -1.18459286E-01  1.00000005E-03  8.28748886E-03  1.58879379E-01
  0.00000000E+00  7.00000000E-02  7.72294568E-01  4.38552424E-02 -1.18365557E-01  1.00000005E-03  8.17667325E-03  1.66958017E-01
  0.00000000E+00  7.20000000E-02  7.78532971E-01  4.51377976E-02 -1.18283786E-01  1.00000005E-03  8.05612875E-03  1.75087737E-01
  0.00000000E+00  7.40000000E-02  7.84157269E-01  4.63838677E-02 -1.18211942E-01  1.00000005E-03  7.92673303E-03  1.83256579E-01
  0.00000000E+00  7.60000000E-02  7.89188966E-01  4.75903613E-02 -1.18147994E-01  1.00000005E-03  7.78936375E-03  1.91452581E-01
  0.00000000E+00  7.80000000E-02  7.93649561E-01  4.87541869E-02 -1.18089909E-01  1.00000005E-03  7.64489858E-03  1.99663782E-01
  0.00000000E+00  8.00000000E-02  7.97560557E-01  4.98722534E-02 -1.18035657E-01  1.00000005E-03  7.49421518E-03  2.07878222E-01
  0.00000000E+00  8.20000000E-02  8.00943454E-01  5.09414693E-02 -1.17983205E-01  1.00000005E-03  7.33819122E-03  2.16083941E-01
  0.00000000E+00  8.40000000E-02  8.03819754E-01  5.19587432E-02 -1.17930522E-01  1.00000005E-03  7.17770436E-03  2.24268976E-01
  0.00000000E+00  8.60000000E-02  8.06210959E-01  5.29209838E-02 -1.17875577E-01  1.00000005E-03  7.01363227E-03  2.32421367E-01
  0.00000000E+00  8.80000000E-02  8.08138569E-01  5.38250998E-02 -1.17816338E-01  1.00000005E-03  6.84685262E-03  2.40529154E-01
  0.00000000E+00  9.00000000E-02  8.09624086E-01  5.46679997E-02 -1.17750773E-01  1.00000005E-03  6.67824307E-03  2.48580375E-01
  0.00000000E+00  9.20000000E-02  8.10689011E-01  5.54465923E-02 -1.17676851E-01  1.00000005E-03  6.50868128E-03  2.56563070E-01
  0.00000000E+00  9.40000000E-02  8.11354846E-01  5.61577861E-02 -1.17592541E-01  1.00000005E-03  6.33904493E-03  2.64465278E-01
  0.00000000E+00  9.60000000E-02  8.11643091E-01  5.67984899E-02 -1.17495811E-01  1.00000005E-03  6.17021167E-03  2.72275037E-01
  0.00000000E+00  9.80000000E-02  8.11575249E-01  5.73656122E-02 -1.17384628E-01  1.00000005E-03  6.00305918E-03  2.79980388E-01
  0.00000000E+00  1.00000000E-01  8.11172821E-01  5.78560617E-02 -1.17256963E-01  1.00000005E-03  5.83846512E-03  2.87569369E-01
  0.00000000E+00  1.02000000E-01  8.10457307E-01  5.82667470E-02 -1.17110783E-01  1.00000005E-03  5.67730715E-03  2.95030019E-01
  0.00000000E+00  1.04000000E-01  8.09450209E-01  5.85945769E-02 -1.16944056E-01  1.00000005E-03  5.52046294E-03  3.02350378E-01
  0.00000000E+00  1.06000000E-01  8.08173029E-01  5.88364599E-02 -1.16754752E-01  1.00000005E-03  5.36881016E-03  3.09518485E-01
  0.00000000E+00  1.08000000E-01  8.06647268E-01  5.89893046E-02 -1.16540838E-01  1.00000005E-03  5.22322646E-03  3.16522378E-01
  0.00000000E+00  1.10000000E-01  8.04894427E-01  5.90500198E-02 -1.16300283E-01  1.00000005E-03  5.08458953E-03  3.23350097E-01
  0.00000000E+00  1.12000000E-01  8.02936007E-01  5.90155141E-02 -1.16031056E-01  1.00000005E-03  4.95377701E-03  3.29989682E-01
  0.00000000E+00  1.14000000E-01  8.00793510E-01  5.88826961E-02 -1.15731124E-01  1.00000005E-03  4.83166658E-03  3.36429171E-01
  0.00000000E+00  1.16000000E-01  7.98488437E-01  5.86484744E-02 -1.15398457E-01  1.00000005E-03  4.71913590E-03  3.42656603E-01
  0.00000000E+00  1.18000000E-01  7.96042290E-01  5.83097577E-02 -1.15031023E-01  1.00000005E-03  4.61706264E-03  3.48660018E-01
  0.00000000E+00  1.20000000E-01  7.93476569E-01  5.78634547E-02 -1.14626790E-01  1.00000005E-03  4.52632446E-03  3.54427455E-01
  0.00000000E+00  1.22000000E-01  7.90812777E-01  5.73064740E-02 -1.14183727E-01  1.00000005E-03  4.44779903E-03  3.59946952E-01
  0.00000000E+00  1.24000000E-01  7.88072413E-01  5.66357242E-02 -1.13699802E-01  1.00000005E-03  4.38236401E-03  3.65206550E-01
  0.00000000E+00  1.26000000E-01  7.85276981E-01  5.58481140E-02 -1.13172984E-01  1.00000005E-03  4.33089707E-03  3.70194287E-01
  0.00000000E+00  1.28000000E-01  7.82447981E-01  5.49405521E-02 -1.12601240E-01  1.00000005E-03  4.29427588E-03  3.74898203E-01
  0.00000000E+00  1.30000000E-01  7.79606913E-01  5.39099470E-02 -1.11982541E-01  1.00000005E-03  4.27337809E-03  3.79306336E-01
  0.00000000E+00  1.32000000E-01  7.76775281E-01  5.27532075E-02 -1.11314853E-01  1.00000005E-03  4.26908137E-03  3.83406725E-01
  0.00000000E+00  1.34000000E-01  7.73974584E-01  5.14672421E-02 -1.10596146E-01  1.00000005E-03  4.28226339E-03  3.87187411E-01
  0.00000000E+00  1.36000000E-01  7.71226325E-01  5.00489596E-02 -1.09824388E-01  1.00000005E-03  4.31380182E-03  3.90636431E-01
  0.00000000E+00  1.38000000E-01  7.68552004E-01  4.84952685E-02 -1.08997547E-01  1.00000005E-03  4.36457431E-03  3.93741826E-01
  0.00000000E+00  1.40000000E-01  7.65973124E-01  4.68030775E-02 -1.08113592E-01  1.00000005E-03  4.43545853E-03  3.96491635E-01
  0.00000000E+00  1.42000000E-01  7.63511184E-01  4.49692954E-02 -1.07170492E-01  1.00000005E-03  4.52733215E-03  3.98873895E-01
  0.00000000E+00  1.44000000E-01  7.61187687E-01  4.29908306E-02 -1.06166214E-01  1.00000005E-03  4.64107283E-03  4.00876648E-01
  0.00000000E+00  1.46000000E-01  7.59024134E-01  4.08645919E-02 -1.05098728E-01  1.00000005E-03  4.77755824E-03  4.02487931E-01
  0.00000000E+00  1.48000000E-01  7.57042026E-01  3.85874879E-02 -1.03966001E-01  1.00000005E-03  4.93766604E-03  4.03695785E-01
  0.00000000E+00  1.50000000E-01  7.55262864E-01  3.61564273E-02 -1.02766002E-01  1.00000005E-03  5.12227389E-03  4.04488248E-01
  0.00000000E+00  1.52000000E-01  7.53708150E-01  3.35683187E-02 -1.01496700E-01  1.00000005E-03  5.33225946E-03  4.04853359E-01
  0.00000000E+00  1.54000000E-01  7.52399385E-01  3.08200708E-02 -1.00156063E-01  1.00000005E-03  5.56850042E-03  4.04779157E-01
  0.00000000E+00  1.56000000E-01  7.51358071E-01  2.79085922E-02 -9.87420593E-02  1.00000005E-03  5.83187442E-03  4.04253683E-01
  0.00000000E+00  1.58000000E-01  7.50605708E-01  2.48307916E-02 -9.72526578E-02  1.00000005E-03  6.12325913E-03  4.03264974E-01
  0.00000000E+00  1.60000000E-01  7.50163798E-01  2.15835775E-02 -9.56858266E-02  1.00000005E-03  6.44353222E-03  4.01801070E-01
  0.00000000E+00  1.62000000E-01  7.50053843E-01  1.81638588E-02 -9.40395344E-02  1.00000005E-03  6.79357134E-03  3.99850011E-01
  0.00000000E+00  1.64000000E-01  7.50297342E-01  1.45685440E-02 -9.23117495E-02  1.00000005E-03  7.17425417E-03  3.97399835E-01
  0.00000000E+00  1.66000000E-01  7.50915799E-01  1.07945417E-02 -9.05004404E-02  1.00000005E-03  7.58645837E-03  3.94438582E-01
  0.00000000E+00  1.68000000E-01  7.55147640E-01  1.05656109E-02 -9.05290306E-02  1.00000005E-03  7.62352532E-03  3.98447143E-01
  0.00000000E+00  1.70000000E-01  7.60838882E-01  1.20977634E-02 -9.14701504E-02  1.00000005E-03  7.46704557E-03  4.06098535E-01
  0.00000000E+00  1.72000000E-01  7.66275039E-01  1.35453481E-02 -9.23690494E-02  1.00000005E-03  7.31618784E-03  4.13730988E-01
  0.00000000E+00  1.74000000E-01  7.71461749E-01  1.49102062E-02 -9.32265577E-02  1.00000005E-03  7.17085245E-03  4.21344227E-01
  0.00000000E+00  1.76000000E-01  7.76404653E-01  1.61941788E-02 -9.40435053E-02  1.00000005E-03  7.03093971E-03  4.28937974E-01
  0.00000000E+00  1.78000000E-01  7.81109391E-01  1.73991072E-02 -9.48207223E-02  1.00000005E-03  6.89634996E-03  4.36511953E-01
  0.00000000E+00  1.80000000E-01  7.85581603E-01  1.85268325E-02 -9.55590388E-02  1.00000005E-03  6.76698351E-03  4.44065887E-01
  0.00000000E+00  1.82000000E-01  7.89826928E-01  1.95791958E-02 -9.62592848E-02  1.00000005E-03  6.64274068E-03  4.51599501E-01
  0.00000000E+00  1.84000000E-01  7.93851006E-01  2.05580384E-02 -9.69222904E-02  1.00000005E-03  6.52352181E-03  4.59112517E-01
  0.00000000E+00  1.86000000E-01  7.97659477E-01  2.14652014E-02 -9.75488856E-02  1.00000005E-03  6.40922720E-03  4.66604659E-01
  0.00000000E+00  1.88000000E-01  8.01257982E-01  2.23025260E-02 -9.81399004E-02  1.00000005E-03  6.29975719E-03  4.74075650E-01
  0.00000000E+00  1.90000000E-01  8.04652160E-01  2.30718533E-02 -9.86961650E-02  1.00000005E-03  6.19501209E-03  4.81525215E-01
  0.00000000E+00  1.92000000E-01  8.07847651E-01  2.37750245E-02 -9.92185095E-02  1.00000005E-03  6.09489223E-03  4.88953075E-01
  0.00000000E+00  1.94000000E-01  8.10850095E-01  2.44138807E-02 -9.97077637E-02  1.00000005E-03  5.99929793E-03  4.96358956E-01
  0.00000000E+00  1.96000000E-01  8.13665131E-01  2.49902632E-02 -1.00164758E-01  1.00000005E-03  5.90812952E-03  5.03742580E-01
  0.00000000E+00  1.98000000E-01  8.16298400E-01  2.55060132E-02 -1.00590322E-01  1.00000005E-03  5.82128731E-03  5.11103671E-01
  0.00000000E+00  2.00000000E-01  8.18755541E-01  2.59629717E-02 -1.00985286E-01  1.00000005E-03  5.73867162E-03  5.18441953E-01
  0.00000000E+00  2.02000000E-01  8.21042195E-01  2.63629799E-02 -1.01350481E-01  1.00000005E-03  5.66018279E-03  5.25757148E-01
  0.00000000E+00  2.04000000E-01  8.23164002E-01  2.67078791E-02 -1.01686735E-01  1.00000005E-03  5.58572114E-03  5.33048981E-01
  0.00000000E+00  2.06000000E-01  8.25126600E-01  2.69995103E-02 -1.01994880E-01  1.00000005E-03  5.51518697E-03  5.40317175E-01
  0.00000000E+00  2.08000000E-01  8.26935631E-01  2.72397148E-02 -1.02275744E-01  1.00000005E-03  5.44848063E-03  5.47561453E-01
  0.00000000E+00  2.10000000E-01  8.28596733E-01  2.74303337E-02 -1.02530160E-01  1.00000005E-03  5.38550243E-03  5.54781539E-01
  0.00000000E+00  2.12000000E-01  8.30115547E-01  2.75732082E-02 -1.02758955E-01  1.00000005E-03  5.32615269E-03  5.61977157E-01
  0.00000000E+00  2.14000000E-01  8.31497713E-01  2.76701794E-02 -1.02962961E-01  1.00000005E-03  5.27033174E-03  5.69148029E-01
  0.00000000E+00  2.16000000E-01  8.32748871E-01  2.77230885E-02 -1.03143008E-01  1.00000005E-03  5.21793990E-03  5.76293880E-01
  0.00000000E+00  2.18000000E-01  8.33874660E-01  2.77337766E-02 -1.03299925E-01  1.00000005E-03  5.16887749E-03  5.83414432E-01
  0.00000000E+00  2.20000000E-01  8.34880720E-01  2.77040850E-02 -1.03434542E-01  1.00000005E-03  5.12304484E-03  5.90509410E-01
  0.00000000E+00  2.22000000E-01  8.35772692E-01  2.76358548E-02 -1.03547691E-01  1.00000005E-03  5.08034226E-03  5.97578537E-01
  0.00000000E+00  2.24000000E-01  8.36556215E-01  2.75309272E-02 -1.03640199E-01  1.00000005E-03  5.04067009E-03  6.04621536E-01
  0.00000000E+00  2.26000000E-01  8.37236929E-01  2.73911433E-02 -1.03712899E-01  1.00000005E-03  5.00392863E-03  6.11638131E-01
  0.00000000E+00  2.28000000E-01  8.37820473E-01  2.72183443E-02 -1.03766620E-01  1.00000005E-03  4.97001822E-03  6.18628045E-01
  0.00000000E+00  2.30000000E-01  8.38312489E-01  2.70143713E-02 -1.03802191E-01  1.00000005E-03  4.93883919E-03  6.25591002E-01
  0.00000000E+00  2.32000000E-01  8.38718615E-01  2.67810656E-02 -1.03820443E-01  1.00000005E-03  4.91029184E-03  6.32526726E-01
  0.00000000E+00  2.34000000E-01  8.39044492E-01  2.65202682E-02 -1.03822207E-01  1.00000005E-03  4.88427650E-03  6.39434939E-01
  0.00000000E+00  2.36000000E-01  8.39295759E-01  2.62338204E-02 -1.03808311E-01  1.00000005E-03  4.86069351E-03  6.46315365E-01
  0.00000000E+00  2.38000000E-01  8.39478056E-01  2.59235632E-02 -1.03779586E-01  1.00000005E-03  4.83944317E-03  6.53167729E-01
  0.00000000E+00  2.40000000E-01  8.39597023E-01  2.55913380E-02 -1.03736863E-01  1.00000005E-03  4.82042582E-03  6.59991752E-01
  0.00000000E+00  2.42000000E-01  8.39658301E-01  2.52389858E-02 -1.03680971E-01  1.00000005E-03  4.80354177E-03  6.66787160E-01
  0.00000000E+00  2.44000000E-01  8.39667528E-01  2.48683478E-02 -1.03612740E-01  1.00000005E-03  4.78869135E-03  6.73553674E-01
  0.00000000E+00  2.46000000E-01  8.39630346E-01  2.44812651E-02 -1.03533000E-01  1.00000005E-03  4.77577488E-03  6.80291020E-01
  0.00000000E+00  2.48000000E-01  8.39552392E-01  2.40795789E-02 -1.03442582E-01  1.00000005E-03  4.76469268E-03  6.86998919E-01
  0.00000000E+00  2.50000000E-01  8.39439309E-01  2.36651305E-02 -1.03342315E-01  1.00000005E-03  4.75534508E-03  6.93677097E-01
  0.00000000E+00  2.52000000E-01  8.39296735E-01  2.32397609E-02 -1.03233029E-01  1.00000005E-03  4.74763241E-03  7.00325275E-01
  0.00000000E+00  2.54000000E-01  8.39130310E-01  2.28053113E-02 -1.03115556E-01  1.00000005E-03  4.74145497E-03  7.06943179E-01
  0.00000000E+00  2.56000000E-01  8.38945674E-01  2.23636228E-02 -1.02990723E-01  1.00000005E-03  4.73671310E-03  7.13530530E-01
  0.00000000E+00  2.58000000E-01  8.38748467E-01  2.19165367E-02 -1.02859363E-01  1.00000005E-03  4.73330712E-03  7.20087054E-01
  0.00000000E+00  2.60000000E-01  8.38544329E-01  2.14658941E-02 -1.02722304E-01  1.00000005E-03  4.73113734E-03  7.26612472E-01
  0.00000000E+00  2.62000000E-01  8.38338900E-01  2.10135361E-02 -1.02580376E-01  1.00000005E-03  4.73010411E-03  7.33106509E-01
  0.00000000E+00  2.64000000E-01  8.38137820E-01  2.05613040E-02 -1.02434411E-01  1.00000005E-03  4.73010773E-03  7.39568889E-01
  0.00000000E+00  2.66000000E-01  8.37946728E-01  2.01110388E-02 -1.02285237E-01  1.00000005E-03  4.73104853E-03  7.45999334E-01
  0.00000000E+00  2.68000000E-01  8.37771264E-01  1.96645818E-02 -1.02133686E-01  1.00000005E-03  4.73282683E-03  7.52397568E-01
  0.00000000E+00  2.70000000E-01  8.37617069E-01  1.92237741E-02 -1.01980586E-01  1.00000005E-03  4.73534296E-03  7.58763315E-01
  0.00000000E+00  2.72000000E-01  8.37489782E-01  1.87904568E-02 -1.01826768E-01  1.00000005E-03  4.73849723E-03  7.65096298E-01
  0.00000000E+00  2.74000000E-01  8.37395043E-01  1.83664712E-02 -1.01673063E-01  1.00000005E-03  4.74218998E-03  7.71396241E-01
  0.00000000E+00  2.76000000E-01  8.37338492E-01  1.79536584E-02 -1.01520299E-01  1.00000005E-03  4.74632152E-03  7.77662867E-01
  0.00000000E+00  2.78000000E-01  8.37325768E-01  1.75538595E-02 -1.01369308E-01  1.00000005E-03  4.75079218E-03  7.83895900E-01
  0.00000000E+00  2.80000000E-01  8.37362513E-01  1.71689157E-02 -1.01220919E-01  1.00000005E-03  4.75550228E-03  7.90095062E-01
  0.00000000E+00  2.82000000E-01  8.37454364E-01  1.68006682E-02 -1.01075962E-01  1.00000005E-03  4.76035215E-03  7.96260079E-01
  0.00000000E+00  2.84000000E-01  8.37606964E-01  1.64509582E-02 -1.00935268E-01  1.00000005E-03  4.76524209E-03  8.02390672E-01
  0.00000000E+00  2.86000000E-01  8.37825950E-01  1.61216267E-02 -1.00799666E-01  1.00000005E-03  4.77007245E-03  8.08486566E-01
  0.00000000E+00  2.88000000E-01  8.38116964E-01  1.58145150E-02 -1.00669986E-01  1.00000005E-03  4.77474354E-03  8.14547484E-01
  0.00000000E+00  2.90000000E-01  8.38485644E-01  1.55314643E-02 -1.00547059E-01  1.00000005E-03  4.77915569E-03  8.20573150E-01
  0.00000000E+00  2.92000000E-01  8.38937632E-01  1.52743156E-02 -1.00431715E-01  1.00000005E-03  4.78320921E-03  8.26563287E-01
  0.00000000E+00  2.94000000E-01  8.39478566E-01  1.50449102E-02 -1.00324783E-01  1.00000005E-03  4.78680443E-03  8.32517618E-01
  0.00000000E+00  2.96000000E-01  8.40114087E-01  1.48450891E-02 -1.00227094E-01  1.00000005E-03  4.78984168E-03  8.38435868E-01
  0.00000000E+00  2.98000000E-01  8.40849834E-01  1.46766937E-02 -1.00139477E-01  1.00000005E-03  4.79222127E-03  8.44317759E-01
  0.00000000E+00  3.00000000E-01  8.41691448E-01  1.45415650E-02 -1.00062763E-01  1.00000005E-03  4.79384353E-03  8.50163015E-01
  0.00000000E+00  3.02000000E-01  8.42644568E-01  1.44415441E-02 -9.99977826E-02  1.00000005E-03  4.79460879E-03  8.55971360E-01
  0.00000000E+00  3.04000000E-01  8.43714834E-01  1.43784724E-02 -9.99453646E-02  1.00000005E-03  4.79441736E-03  8.61742517E-01
  0.00000000E+00  3.06000000E-01  8.44907886E-01  1.43541909E-02 -9.99063396E-02  1.00000005E-03  4.79316956E-03  8.67476209E-01
  0.00000000E+00  3.08000000E-01  8.46229364E-01  1.43705407E-02 -9.98815376E-02  1.00000005E-03  4.79076573E-03  8.73172160E-01
  0.00000000E+00  3.10000000E-01  8.47684908E-01  1.44293631E-02 -9.98717886E-02  1.00000005E-03  4.78710618E-03  8.78830094E-01
  0.00000000E+00  3.12000000E-01  8.49280157E-01  1.45324992E-02 -9.98779228E-02  1.00000005E-03  4.78209124E-03  8.84449733E-01
  0.00000000E+00  3.14000000E-01  8.51020752E-01  1.46817902E-02 -9.99007701E-02  1.00000005E-03  4.77562123E-03  8.90030803E-01
  0.00000000E+00  3.16000000E-01  8.52912333E-01  1.48790773E-02 -9.99411606E-02  1.00000005E-03  4.76759646E-03  8.95573025E-01
  0.00000000E+00  3.18000000E-01  8.54960538E-01  1.51262015E-02 -9.99999244E-02  1.00000005E-03  4.75791728E-03  9.01076124E-01
  0.00000000E+00  3.20000000E-01  8.57171009E-01  1.54250041E-02 -1.00077892E-01  1.00000005E-03  4.74648399E-03  9.06539822E-01
  0.00000000E+00  3.22000000E-01  8.59549385E-01  1.57773262E-02 -1.00175892E-01  1.00000005E-03  4.73319692E-03  9.11963844E-01
  0.00000000E+00  3.24000000E-01  8.62101306E-01  1.61850091E-02 -1.00294756E-01  1.00000005E-03  4.71795640E-03  9.17347913E-01
  0.00000000E+00  3.26000000E-01  8.64832412E-01  1.66498938E-02 -1.00435313E-01  1.00000005E-03  4.70066274E-03  9.22691753E-01
  0.00000000E+00  3.28000000E-01  8.67748342E-01  1.71738215E-02 -1.00598394E-01  1.00000005E-03  4.68121628E-03  9.27995086E-01
  0.00000000E+00  3.30000000E-01  8.70854737E-01  1.77586334E-02 -1.00784829E-01  1.00000005E-03  4.65951732E-03  9.33257637E-01
  0.00000000E+00  3.32000000E-01  8.74157236E-01  1.84061707E-02 -1.00995447E-01  1.00000005E-03  4.63546620E-03  9.38479129E-01
  0.00000000E+00  3.34000000E-01  8.76237653E-01  1.87862451E-02 -1.01162599E-01  1.00000005E-03  4.60873149E-03  9.45304874E-01
  0.00000000E+00  3.36000000E-01  8.75581053E-01  1.85276291E-02 -1.01197376E-01  1.00000005E-03  4.58132880E-03  9.55326500E-01
  0.00000000E+00  3.38000000E-01  8.74986930E-01  1.82742427E-02 -1.01226440E-01  1.00000005E-03  4.55485872E-03  9.65227730E-01
  0.00000000E+00  3.40000000E-01  8.74453820E-01  1.80260213E-02 -1.01249975E-01  1.00000005E-03  4.52930290E-03  9.75011024E-01
  0.00000000E+00  3.42000000E-01  8.73980260E-01  1.77829007E-02 -1.01268163E-01  1.00000005E-03  4.50464296E-03  9.84678843E-01
  0.00000000E+00  3.44000000E-01  8.73564789E-01  1.75448163E-02 -1.01281188E-01  1.00000005E-03  4.48086053E-03  9.94233649E-01
  0.00000000E+00  3.46000000E-01  8.73205943E-01  1.73117038E-02 -1.01289232E-01  1.00000005E-03  4.45793724E-03  1.00367790E+00
  0.00000000E+00  3.48000000E-01  8.72902260E-01  1.70834987E-02 -1.01292480E-01  1.00000005E-03  4.43585473E-03  1.01301406E+00
  0.00000000E+00  3.50000000E-01  8.72652277E-01  1.68601367E-02 -1.01291113E-01  1.00000005E-03  4.41459462E-03  1.02224459E+00
  0.00000000E+00  3.52000000E-01  8.72454531E-01  1.66415531E-02 -1.01285316E-01  1.00000005E-03  4.39413855E-03  1.03137196E+00
  0.00000000E+00  3.54000000E-01  8.72307560E-01  1.64276838E-02 -1.01275270E-01  1.00000005E-03  4.37446815E-03  1.04039861E+00
  0.00000000E+00  3.56000000E-01  8.72209900E-01  1.62184642E-02 -1.01261161E-01  1.00000005E-03  4.35556504E-03  1.04932701E+00
  0.00000000E+00  3.58000000E-01  8.72160091E-01  1.60138299E-02 -1.01243169E-01  1.00000005E-03  4.33741087E-03  1.05815963E+00
  0.00000000E+00  3.60000000E-01  8.72156667E-01  1.58137164E-02 -1.01221479E-01  1.00000005E-03  4.31998727E-03  1.06689892E+00
  0.00000000E+00  3.62000000E-01  8.72198168E-01  1.56180594E-02 -1.01196274E-01  1.00000005E-03  4.30327585E-03  1.07554735E+00
  0.00000000E+00  3.64000000E-01  8.72283131E-01  1.54267945E-02 -1.01167737E-01  1.00000005E-03  4.28725826E-03  1.08410738E+00
  0.00000000E+00  3.66000000E-01  8.72410092E-01  1.52398572E-02 -1.01136050E-01  1.00000005E-03  4.27191613E-03  1.09258146E+00
  0.00000000E+00  3.68000000E-01  8.72577589E-01  1.50571830E-02 -1.01101398E-01  1.00000005E-03  4.25723108E-03  1.10097206E+00
  0.00000000E+00  3.70000000E-01  8.72784159E-01  1.48787077E-02 -1.01063962E-01  1.00000005E-03  4.24318476E-03  1.10928164E+00
  0.00000000E+00  3.72000000E-01  8.73028340E-01  1.47043666E-02 -1.01023927E-01  1.00000005E-03  4.22975878E-03  1.11751266E+00
  0.00000000E+00  3.74000000E-01  8.73308670E-01  1.45340955E-02 -1.00981475E-01  1.00000005E-03  4.21693479E-03  1.12566758E+00
  0.00000000E+00  3.76000000E-01  8.73623684E-01  1.43678299E-02 -1.00936790E-01  1.00000005E-03  4.20469441E-03  1.13374886E+00
  0.00000000E+00  3.78000000E-01  8.73971921E-01  1.42055053E-02 -1.00890054E-01  1.00000005E-03  4.19301927E-03  1.14175897E+00
  0.00000000E+00  3.80000000E-01  8.74351919E-01  1.40470574E-02 -1.00841451E-01  1.00000005E-03  4.18189101E-03  1.14970036E+00
  0.00000000E+00  3.82000000E-01  8.74762214E-01  1.38924217E-02 -1.00791163E-01  1.00000005E-03  4.17129126E-03  1.15757550E+00
  0.00000000E+00  3.84000000E-01  8.75201343E-01  1.37415338E-02 -1.00739375E-01  1.00000005E-03  4.16120164E-03  1.16538684E+00
  0.00000000E+00  3.86000000E-01  8.75667845E-01  1.35943293E-02 -1.00686268E-01  1.00000005E-03  4.15160380E-03  1.17313685E+00
  0.00000000E+00  3.88000000E-01  8.76160256E-01  1.34507437E-02 -1.00632027E-01  1.00000005E-03  4.14247935E-03  1.18082799E+00
  0.00000000E+00  3.90000000E-01  8.76677114E-01  1.33107126E-02 -1.00576834E-01  1.00000005E-03  4.13380995E-03  1.18846272E+00
  0.00000000E+00  3.92000000E-01  8.77216956E-01  1.31741717E-02 -1.00520872E-01  1.00000005E-03  4.12557720E-03  1.19604350E+00
  0.00000000E+00  3.94000000E-01  8.77778320E-01  1.30410564E-02 -1.00464325E-01  1.00000005E-03  4.11776275E-03  1.20357279E+00
  0.00000000E+00  3.96000000E-01  8.78359742E-01  1.29113024E-02 -1.00407375E-01  1.00000005E-03  4.11034823E-03  1.21105305E+00
  0.00000000E+00  3.98000000E-01  8.78959760E-01  1.27848453E-02 -1.00350206E-01  1.00000005E-03  4.10331526E-03  1.21848674E+00
  0.00000000E+00  4.00000000E-01  8.79576912E-01  1.26616205E-02 -1.00293001E-01  1.00000005E-03  4.09664549E-03  1.22587633E+00
  0.00000000E+00  4.02000000E-01  8.80209735E-01  1.25415637E-02 -1.00235942E-01  1.00000005E-03  4.09032054E-03  1.23322428E+00
  0.00000000E+00  4.04000000E-01  8.80856766E-01  1.24246105E-02 -1.00179214E-01  1.00000005E-03  4.08432204E-03  1.24053304E+00
  0.00000000E+00  4.06000000E-01  8.81516542E-01  1.23106965E-02 -1.00122999E-01  1.00000005E-03  4.07863162E-03  1.24780508E+00
  0.00000000E+00  4.08000000E-01  8.82187602E-01  1.21997571E-02 -1.00067480E-01  1.00000005E-03  4.07323092E-03  1.25504285E+00
  0.00000000E+00  4.10000000E-01  8.82868481E-01  1.20917281E-02 -1.00012840E-01  1.00000005E-03  4.06810157E-03  1.26224883E+00
  0.00000000E+00  4.12000000E-01  8.83557718E-01  1.19865449E-02 -9.99592627E-02  1.00000005E-03  4.06322519E-03  1.26942546E+00
  0.00000000E+00  4.14000000E-01  8.84253850E-01  1.18841431E-02 -9.99069310E-02  1.00000005E-03  4.05858343E-03  1.27657522E+00
  0.00000000E+00  4.16000000E-01  8.84955414E-01  1.17844584E-02 -9.98560280E-02  1.00000005E-03  4.05415790E-03  1.28370056E+00
  0.00000000E+00  4.18000000E-01  8.85660948E-01  1.16874263E-02 -9.98067368E-02  1.00000005E-03  4.04993025E-03  1.29080394E+00
  0.00000000E+00  4.20000000E-01  8.86368989E-01  1.15929824E-02 -9.97592405E-02  1.00000005E-03  4.04588210E-03  1.29788783E+00
  0.00000000E+00  4.22000000E-01  8.87078074E-01  1.15010622E-02 -9.97137222E-02  1.00000005E-03  4.04199509E-03  1.30495468E+00
  0.00000000E+00  4.24000000E-01  8.87786740E-01  1.14116013E-02 -9.96703650E-02  1.00000005E-03  4.03825085E-03  1.31200695E+00
  0.00000000E+00  4.26000000E-01  8.88493526E-01  1.13245354E-02 -9.96293521E-02  1.00000005E-03  4.03463100E-03  1.31904712E+00
  0.00000000E+00  4.28000000E-01  8.89196967E-01  1.12397999E-02 -9.95908665E-02  1.00000005E-03  4.03111719E-03  1.32607763E+00
  0.00000000E+00  4.30000000E-01  8.89895603E-01  1.11573306E-02 -9.95550913E-02  1.00000005E-03  4.02769103E-03  1.33310095E+00
  0.00000000E+00  4.32000000E-01  8.90587969E-01  1.10770628E-02 -9.95222098E-02  1.00000005E-03  4.02433417E-03  1.34011954E+00
  0.00000000E+00  4.34000000E-01  8.91272604E-01  1.09989323E-02 -9.94924048E-02  1.00000005E-03  4.02102824E-03  1.34713586E+00
  0.00000000E+00  4.36000000E-01  8.91948044E-01  1.09228745E-02 -9.94658597E-02  1.00000005E-03  4.01775486E-03  1.35415238E+00
  0.00000000E+00  4.38000000E-01  8.92612828E-01  1.08488251E-02 -9.94427575E-02  1.00000005E-03  4.01449566E-03  1.36117155E+00
  0.00000000E+00  4.40000000E-01  8.93265492E-01  1.07767197E-02 -9.94232813E-02  1.00000005E-03  4.01123229E-03  1.36819583E+00
  0.00000000E+00  4.42000000E-01  8.93904573E-01  1.07064938E-02 -9.94076142E-02  1.00000005E-03  4.00794636E-03  1.37522768E+00
  0.00000000E+00  4.44000000E-01  8.94528610E-01  1.06380830E-02 -9.93959393E-02  1.00000005E-03  4.00461952E-03  1.38226957E+00
  0.00000000E+00  4.46000000E-01  8.95136139E-01  1.05714228E-02 -9.93884398E-02  1.00000005E-03  4.00123339E-03  1.38932396E+00
  0.00000000E+00  4.48000000E-01  8.95725697E-01  1.05064489E-02 -9.93852987E-02  1.00000005E-03  3.99776960E-03  1.39639331E+00
  0.00000000E+00  4.50000000E-01  8.96295823E-01  1.04430969E-02 -9.93866992E-02  1.00000005E-03  3.99420979E-03  1.40348007E+00
  0.00000000E+00  4.52000000E-01  8.96845053E-01  1.03813022E-02 -9.93928244E-02  1.00000005E-03  3.99053559E-03  1.41058672E+00
  0.00000000E+00  4.54000000E-01  8.97371925E-01  1.03210006E-02 -9.94038573E-02  1.00000005E-03  3.98672863E-03  1.41771570E+00
  0.00000000E+00  4.56000000E-01  8.97874977E-01  1.02621275E-02 -9.94199812E-02  1.00000005E-03  3.98277053E-03  1.42486949E+00
  0.00000000E+00  4.58000000E-01  8.98352744E-01  1.02046185E-02 -9.94413791E-02  1.00000005E-03  3.97864294E-03  1.43205054E+00
  0.00000000E+00  4.60000000E-01  8.98803765E-01  1.01484093E-02 -9.94682341E-02  1.00000005E-03  3.97432748E-03  1.43926132E+00
  0.00000000E+00  4.62000000E-01  8.99226578E-01  1.00934353E-02 -9.95007293E-02  1.00000005E-03  3.96980579E-03  1.44650427E+00
  0.00000000E+00  4.64000000E-01  8.99619719E-01  1.00396322E-02 -9.95390478E-02  1.00000005E-03  3.96505949E-03  1.45378188E+00
  0.00000000E+00  4.66000000E-01  8.99981726E-01  9.98693558E-03 -9.95833728E-02  1.00000005E-03  3.96007022E-03  1.46109659E+00
  0.00000000E+00  4.68000000E-01  9.00311136E-01  9.93528096E-03 -9.96338874E-02  1.00000005E-03  3.95481961E-03  1.46845087E+00
  0.00000000E+00  4.70000000E-01  9.00606486E-01  9.88460394E-03 -9.96907747E-02  1.00000005E-03  3.94928929E-03  1.47584718E+00
  0.00000000E+00  4.72000000E-01  9.00866315E-01  9.83484010E-03 -9.97542177E-02  1.00000005E-03  3.94346089E-03  1.48328797E+00
  0.00000000E+00  4.74000000E-01  9.01089158E-01  9.78592501E-03 -9.98243997E-02  1.00000005E-03  3.93731605E-03  1.49077572E+00
  0.00000000E+00  4.76000000E-01  9.01273555E-01  9.73779424E-03 -9.99015036E-02  1.00000005E-03  3.93083639E-03  1.49831288E+00
  0.00000000E+00  4.78000000E-01  9.01418041E-01  9.69038339E-03 -9.99857127E-02  1.00000005E-03  3.92400354E-03  1.50590191E+00
  0.00000000E+00  4.80000000E-01  9.01521154E-01  9.64362802E-03 -1.00077210E-01  1.00000005E-03  3.91679914E-03  1.51354528E+00
  0.00000000E+00  4.82000000E-01  9.01581432E-01  9.59746371E-03 -1.00176179E-01  1.00000005E-03  3.90920482E-03  1.52124544E+00
  0.00000000E+00  4.84000000E-01  9.01597411E-01  9.55182603E-03 -1.00282802E-01  1.00000005E-03  3.90120222E-03  1.52900485E+00
  0.00000000E+00  4.86000000E-01  9.01567630E-01  9.50665058E-03 -1.00397262E-01  1.00000005E-03  3.89277295E-03  1.53682599E+00
  0.00000000E+00  4.88000000E-01  9.01490626E-01  9.46187291E-03 -1.00519744E-01  1.00000005E-03  3.88389866E-03  1.54471130E+00
  0.00000000E+00  4.90000000E-01  9.01364936E-01  9.41742861E-03 -1.00650429E-01  1.00000005E-03  3.87456097E-03  1.55266324E+00
  0.00000000E+00  4.92000000E-01  9.01189096E-01  9.37325326E-03 -1.00789501E-01  1.00000005E-03  3.86474152E-03  1.56068429E+00
  0.00000000E+00  4.94000000E-01  9.00961646E-01  9.32928243E-03 -1.00937143E-01  1.00000005E-03  3.85442193E-03  1.56877690E+00
  0.00000000E+00  4.96000000E-01  9.00681121E-01  9.28545169E-03 -1.01093538E-01  1.00000005E-03  3.84358385E-03  1.57694353E+00
  0.00000000E+00  4.98000000E-01  9.00346060E-01  9.24169664E-03 -1.01258870E-01  1.00000005E-03  3.83220889E-03  1.58518664E+00
  0.00000000E+00  5.00000000E-01  8.99954999E-01  9.19795283E-03 -1.01433321E-01  1.00000005E-03  3.82027870E-03  1.59350870E+00
  0.00000000E+00  5.02000000E-01  9.00683019E-01  9.06345144E-03 -1.01304112E-01  1.00000005E-03  3.81843067E-03  1.60009837E+00
  0.00000000E+00  5.04000000E-01  9.01397955E-01  8.93125895E-03 -1.01179522E-01  1.00000005E-03  3.81654118E-03  1.60669474E+00
  0.00000000E+00  5.06000000E-01  9.02099976E-01  8.80134826E-03 -1.01059482E-01  1.00000005E-03  3.81461088E-03  1.61329769E+00
  0.00000000E+00  5.08000000E-01  9.02789250E-01  8.67369230E-03 -1.00943923E-01  1.00000005E-03  3.81264040E-03  1.61990712E+00
  0.00000000E+00  5.10000000E-01  9.03465946E-01  8.54826399E-03 -1.00832774E-01  1.00000005E-03  3.81063039E-03  1.62652292E+00
  0.00000000E+00  5.12000000E-01  9.04130232E-01  8.42503623E-03 -1.00725967E-01  1.00000005E-03  3.80858150E-03  1.63314496E+00
  0.00000000E+00  5.14000000E-01  9.04782277E-01  8.30398196E-03 -1.00623433E-01  1.00000005E-03  3.80649437E-03  1.63977314E+00
  0.00000000E+00  5.16000000E-01  9.05422250E-01  8.18507408E-03 -1.00525102E-01  1.00000005E-03  3.80436965E-03  1.64640734E+00
  0.00000000E+00  5.18000000E-01  9.06050318E-01  8.06828552E-03 -1.00430906E-01  1.00000005E-03  3.80220799E-03  1.65304745E+00
  0.00000000E+00  5.20000000E-01  9.06666650E-01  7.95358918E-03 -1.00340774E-01  1.00000005E-03  3.80001002E-03  1.65969337E+00
  0.00000000E+00  5.22000000E-01  9.07271416E-01  7.84095800E-03 -1.00254638E-01  1.00000005E-03  3.79777640E-03  1.66634497E+00
  0.00000000E+00  5.24000000E-01  9.07864783E-01  7.73036487E-03 -1.00172428E-01  1.00000005E-03  3.79550777E-03  1.67300215E+00
  0.00000000E+00  5.26000000E-01  9.08446919E-01  7.62178274E-03 -1.00094075E-01  1.00000005E-03  3.79320478E-03  1.67966479E+00
  0.00000000E+00  5.28000000E-01  9.09017994E-01  7.51518450E-03 -1.00019510E-01  1.00000005E-03  3.79086807E-03  1.68633278E+00
  0.00000000E+00  5.30000000E-01  9.09578176E-01  7.41054308E-03 -9.99486631E-02  1.00000005E-03  3.78849828E-03  1.69300601E+00
  0.00000000E+00  5.32000000E-01  9.10127633E-01  7.30783139E-03 -9.98814659E-02  1.00000005E-03  3.78609607E-03  1.69968437E+00
  0.00000000E+00  5.34000000E-01  9.10666535E-01  7.20702236E-03 -9.98178487E-02  1.00000005E-03  3.78366208E-03  1.70636773E+00
  0.00000000E+00  5.36000000E-01  9.11195048E-01  7.10808890E-03 -9.97577424E-02  1.00000005E-03  3.78119695E-03  1.71305600E+00
  0.00000000E+00  5.38000000E-01  9.11713343E-01  7.01100392E-03 -9.97010775E-02  1.00000005E-03  3.77870132E-03  1.71974905E+00
  0.00000000E+00  5.40000000E-01  9.12221586E-01  6.91574035E-03 -9.96477850E-02  1.00000005E-03  3.77617585E-03  1.72644679E+00
  0.00000000E+00  5.42000000E-01  9.12719948E-01  6.82227110E-03 -9.95977954E-02  1.00000005E-03  3.77362119E-03  1.73314908E+00
  0.00000000E+00  5.44000000E-01  9.13208596E-01  6.73056909E-03 -9.95510397E-02  1.00000005E-03  3.77103796E-03  1.73985582E+00
  0.00000000E+00  5.46000000E-01  9.13687699E-01  6.64060723E-03 -9.95074484E-02  1.00000005E-03  3.76842683E-03  1.74656691E+00
  0.00000000E+00  5.48000000E-01  9.14157426E-01  6.55235845E-03 -9.94669524E-02  1.00000005E-03  3.76578843E-03  1.75328222E+00
  0.00000000E+00  5.50000000E-01  9.14617944E-01  6.46579566E-03 -9.94294824E-02  1.00000005E-03  3.76312342E-03  1.76000164E+00
  0.00000000E+00  5.52000000E-01  9.15069423E-01  6.38089177E-03 -9.93949692E-02  1.00000005E-03  3.76043243E-03  1.76672506E+00
  0.00000000E+00  5.54000000E-01  9.15512031E-01  6.29761972E-03 -9.93633434E-02  1.00000005E-03  3.75771611E-03  1.77345237E+00
  0.00000000E+00  5.56000000E-01  9.15945936E-01  6.21595240E-03 -9.93345359E-02  1.00000005E-03  3.75497512E-03  1.78018346E+00
  0.00000000E+00  5.58000000E-01  9.16371308E-01  6.13586275E-03 -9.93084773E-02  1.00000005E-03  3.75221008E-03  1.78691821E+00
  0.00000000E+00  5.60000000E-01  9.16788313E-01  6.05732367E-03 -9.92850985E-02  1.00000005E-03  3.74942166E-03  1.79365651E+00
  0.00000000E+00  5.62000000E-01  9.17197122E-01  5.98030809E-03 -9.92643301E-02  1.00000005E-03  3.74661049E-03  1.80039826E+00
  0.00000000E+00  5.64000000E-01  9.17597902E-01  5.90478892E-03 -9.92461029E-02  1.00000005E-03  3.74377722E-03  1.80714332E+00
  0.00000000E+00  5.66000000E-01  9.17990823E-01  5.83073908E-03 -9.92303477E-02  1.00000005E-03  3.74092249E-03  1.81389161E+00
  0.00000000E+00  5.68000000E-01  9.18376051E-01  5.75813149E-03 -9.92169952E-02  1.00000005E-03  3.73804696E-03  1.82064299E+00
  0.00000000E+00  5.70000000E-01  9.18753757E-01  5.68693906E-03 -9.92059762E-02  1.00000005E-03  3.73515126E-03  1.82739736E+00
  0.00000000E+00  5.72000000E-01  9.19124108E-01  5.61713471E-03 -9.91972213E-02  1.00000005E-03  3.73223604E-03  1.83415461E+00
  0.00000000E+00  5.74000000E-01  9.19487274E-01  5.54869136E-03 -9.91906614E-02  1.00000005E-03  3.72930195E-03  1.84091463E+00
  0.00000000E+00  5.76000000E-01  9.19843421E-01  5.48158193E-03 -9.91862271E-02  1.00000005E-03  3.72634964E-03  1.84767729E+00
  0.00000000E+00  5.78000000E-01  9.20192720E-01  5.41577933E-03 -9.91838493E-02  1.00000005E-03  3.72337974E-03  1.85444250E+00
  0.00000000E+00  5.80000000E-01  9.20535339E-01  5.35125648E-03 -9.91834586E-02  1.00000005E-03  3.72039290E-03  1.86121013E+00
  0.00000000E+00  5.82000000E-01  9.20871445E-01  5.28798630E-03 -9.91849859E-02  1.00000005E-03  3.71738978E-03  1.86798008E+00
  0.00000000E+00  5.84000000E-01  9.21201208E-01  5.22594171E-03 -9.91883618E-02  1.00000005E-03  3.71437101E-03  1.87475222E+00
  0.00000000E+00  5.86000000E-01  9.21524796E-01  5.16509562E-03 -9.91935171E-02  1.00000005E-03  3.71133724E-03  1.88152646E+00
  0.00000000E+00  5.88000000E-01  9.21842377E-01  5.10542095E-03 -9.92003825E-02  1.00000005E-03  3.70828911E-03  1.88830268E+00
  0.00000000E+00  5.90000000E-01  9.22154121E-01  5.04689062E-03 -9.92088888E-02  1.00000005E-03  3.70522728E-03  1.89508076E+00
  0.00000000E+00  5.92000000E-01  9.22460195E-01  4.98947754E-03 -9.92189668E-02  1.00000005E-03  3.70215238E-03  1.90186059E+00
  0.00000000E+00  5.94000000E-01  9.22760769E-01  4.93315464E-03 -9.92305471E-02  1.00000005E-03  3.69906506E-03  1.90864206E+00
  0.00000000E+00  5.96000000E-01  9.23056009E-01  4.87789482E-03 -9.92435606E-02  1.00000005E-03  3.69596597E-03  1.91542506E+00
  0.00000000E+00  5.98000000E-01  9.23346086E-01  4.82367102E-03 -9.92579379E-02  1.00000005E-03  3.69285576E-03  1.92220948E+00
  0.00000000E+00  6.00000000E-01  9.23631168E-01  4.77045613E-03 -9.92736098E-02  1.00000005E-03  3.68973506E-03  1.92899520E+00
  0.00000000E+00  6.02000000E-01  9.23911423E-01  4.71822309E-03 -9.92905071E-02  1.00000005E-03  3.68660452E-03  1.93578211E+00
  0.00000000E+00  6.04000000E-01  9.24187019E-01  4.66694481E-03 -9.93085605E-02  1.00000005E-03  3.68346480E-03  1.94257009E+00
  0.00000000E+00  6.06000000E-01  9.24458125E-01  4.61659421E-03 -9.93277007E-02  1.00000005E-03  3.68031653E-03  1.94935904E+00
  0.00000000E+00  6.08000000E-01  9.24724911E-01  4.56714420E-03 -9.93478586E-02  1.00000005E-03  3.67716036E-03  1.95614885E+00
  0.00000000E+00  6.10000000E-01  9.24987543E-01  4.51856770E-03 -9.93689647E-02  1.00000005E-03  3.67399693E-03  1.96293939E+00
  0.00000000E+00  6.12000000E-01  9.25246191E-01  4.47083763E-03 -9.93909499E-02  1.00000005E-03  3.67082690E-03  1.96973057E+00
  0.00000000E+00  6.14000000E-01  9.25501023E-01  4.42392690E-03 -9.94137450E-02  1.00000005E-03  3.66765090E-03  1.97652225E+00
  0.00000000E+00  6.16000000E-01  9.25752207E-01  4.37780844E-03 -9.94372806E-02  1.00000005E-03  3.66446959E-03  1.98331435E+00
  0.00000000E+00  6.18000000E-01  9.25999913E-01  4.33245516E-03 -9.94614875E-02  1.00000005E-03  3.66128360E-03  1.99010673E+00
  0.00000000E+00  6.20000000E-01  9.26244308E-01  4.28783998E-03 -9.94862965E-02  1.00000005E-03  3.65809359E-03  1.99689929E+00
  0.00000000E+00  6.22000000E-01  9.26485562E-01  4.24393581E-03 -9.95116383E-02  1.00000005E-03  3.65490019E-03  2.00369192E+00
  0.00000000E+00  6.24000000E-01  9.26723842E-01  4.20071557E-03 -9.95374436E-02  1.00000005E-03  3.65170406E-03  2.01048450E+00
  0.00000000E+00  6.26000000E-01  9.26959318E-01  4.15815219E-03 -9.95636432E-02  1.00000005E-03  3.64850584E-03  2.01727692E+00
  0.00000000E+00  6.28000000E-01  9.27192157E-01  4.11621857E-03 -9.95901678E-02  1.00000005E-03  3.64530617E-03  2.02406907E+00
  0.00000000E+00  6.30000000E-01  9.27422529E-01  4.07488764E-03 -9.96169482E-02  1.00000005E-03  3.64210570E-03  2.03086084E+00
  0.00000000E+00  6.32000000E-01  9.27650601E-01  4.03413231E-03 -9.96439152E-02  1.00000005E-03  3.63890508E-03  2.03765211E+00
  0.00000000E+00  6.34000000E-01  9.27876542E-01  3.99392550E-03 -9.96709994E-02  1.00000005E-03  3.63570495E-03  2.04444277E+00
  0.00000000E+00  6.36000000E-01  9.28100521E-01  3.95424013E-03 -9.96981316E-02  1.00000005E-03  3.63250596E-03  2.05123271E+00
  0.00000000E+00  6.38000000E-01  9.28322706E-01  3.91504911E-03 -9.97252425E-02  1.00000005E-03  3.62930874E-03  2.05802182E+00
  0.00000000E+00  6.40000000E-01  9.28543266E-01  3.87632537E-03 -9.97522630E-02  1.00000005E-03  3.62611396E-03  2.06480998E+00
  0.00000000E+00  6.42000000E-01  9.28762370E-01  3.83804181E-03 -9.97791237E-02  1.00000005E-03  3.62292225E-03  2.07159708E+00
  0.00000000E+00  6.44000000E-01  9.28980184E-01  3.80017136E-03 -9.98057554E-02  1.00000005E-03  3.61973426E-03  2.07838301E+00
  0.00000000E+00  6.46000000E-01  9.29196880E-01  3.76268694E-03 -9.98320888E-02  1.00000005E-03  3.61655063E-03  2.08516766E+00
  0.00000000E+00  6.48000000E-01  9.29412624E-01  3.72556145E-03 -9.98580547E-02  1.00000005E-03  3.61337201E-03  2.09195092E+00
  0.00000000E+00  6.50000000E-01  9.29627585E-01  3.68876783E-03 -9.98835838E-02  1.00000005E-03  3.61019905E-03  2.09873266E+00
  0.00000000E+00  6.52000000E-01  9.29841932E-01  3.65227898E-03 -9.99086069E-02  1.00000005E-03  3.60703238E-03  2.10551279E+00
  0.00000000E+00  6.54000000E-01  9.30055833E-01  3.61606782E-03 -9.99330547E-02  1.00000005E-03  3.60387267E-03  2.11229118E+00
  0.00000000E+00  6.56000000E-01  9.30269457E-01  3.58010728E-03 -9.99568580E-02  1.00000005E-03  3.60072054E-03  2.11906773E+00
  0.00000000E+00  6.58000000E-01  9.30482973E-01  3.54437026E-03 -9.99799474E-02  1.00000005E-03  3.59757665E-03  2.12584231E+00
  0.00000000E+00  6.60000000E-01  9.30696548E-01  3.50882969E-03 -1.00002254E-01  1.00000005E-03  3.59444164E-03  2.13261483E+00
  0.00000000E+00  6.62000000E-01  9.30910351E-01  3.47345848E-03 -1.00023708E-01  1.00000005E-03  3.59131616E-03  2.13938517E+00
  0.00000000E+00  6.64000000E-01  9.31124552E-01  3.43822955E-03 -1.00044240E-01  1.00000005E-03  3.58820086E-03  2.14615321E+00
  0.00000000E+00  6.66000000E-01  9.31339317E-01  3.40311582E-03 -1.00063782E-01  1.00000005E-03  3.58509637E-03  2.15291884E+00
  0.00000000E+00  6.68000000E-01  9.31554816E-01  3.36809021E-03 -1.00082264E-01  1.00000005E-03  3.58200335E-03  2.15968196E+00
  0.00000000E+00  6.70000000E-01  9.31771218E-01  3.33312563E-03 -1.00099616E-01  1.00000005E-03  3.57892244E-03  2.16644244E+00
  0.00000000E+00  6.72000000E-01  9.31988691E-01  3.29819499E-03 -1.00115770E-01  1.00000005E-03  3.57585428E-03  2.17320017E+00
  0.00000000E+00  6.74000000E-01  9.32207403E-01  3.26327123E-03 -1.00130656E-01  1.00000005E-03  3.57279952E-03  2.17995505E+00
  0.00000000E+00  6.76000000E-01  9.32427522E-01  3.22832725E-03 -1.00144204E-01  1.00000005E-03  3.56975881E-03  2.18670696E+00
  0.00000000E+00  6.78000000E-01  9.32649218E-01  3.19333597E-03 -1.00156347E-01  1.00000005E-03  3.56673279E-03  2.19345579E+00
  0.00000000E+00  6.80000000E-01  9.32872659E-01  3.15827032E-03 -1.00167013E-01  1.00000005E-03  3.56372210E-03  2.20020142E+00
  0.00000000E+00  6.82000000E-01  9.33098014E-01  3.12310320E-03 -1.00176135E-01  1.00000005E-03  3.56072740E-03  2.20694375E+00
  0.00000000E+00  6.84000000E-01  9.33325450E-01  3.08780753E-03 -1.00183643E-01  1.00000005E-03  3.55774933E-03  2.21368266E+00
  0.00000000E+00  6.86000000E-01  9.33555136E-01  3.05235624E-03 -1.00189468E-01  1.00000005E-03  3.55478853E-03  2.22041803E+00
  0.00000000E+00  6.88000000E-01  9.33787242E-01  3.01672223E-03 -1.00193539E-01  1.00000005E-03  3.55184565E-03  2.22714976E+00
  0.00000000E+00  6.90000000E-01  9.34021935E-01  2.98087843E-03 -1.00195789E-01  1.00000005E-03  3.54892133E-03  2.23387773E+00
  0.00000000E+00  6.92000000E-01  9.34259383E-01  2.94479776E-03 -1.00196148E-01  1.00000005E-03  3.54601623E-03  2.24060184E+00
  0.00000000E+00  6.94000000E-01  9.34499756E-01  2.90845313E-03 -1.00194546E-01  1.00000005E-03  3.54313098E-03  2.24732196E+00
  0.00000000E+00  6.96000000E-01  9.34743222E-01  2.87181745E-03 -1.00190915E-01  1.00000005E-03  3.54026623E-03  2.25403799E+00
  0.00000000E+00  6.98000000E-01  9.34989950E-01  2.83486365E-03 -1.00185185E-01  1.00000005E-03  3.53742262E-03  2.26074982E+00
  0.00000000E+00  7.00000000E-01  9.35240107E-01  2.79756465E-03 -1.00177286E-01  1.00000005E-03  3.53460081E-03  2.26745732E+00
  0.00000000E+00  7.02000000E-01  9.35493863E-01  2.75989336E-03 -1.00167151E-01  1.00000005E-03  3.53180143E-03  2.27416039E+00
  0.00000000E+00  7.04000000E-01  9.35751386E-01  2.72182269E-03 -1.00154708E-01  1.00000005E-03  3.52902514E-03  2.28085892E+00
  0.00000000E+00  7.06000000E-01  9.36012844E-01  2.68332558E-03 -1.00139890E-01  1.00000005E-03  3.52627257E-03  2.28755279E+00
  0.00000000E+00  7.08000000E-01  9.36278406E-01  2.64437492E-03 -1.00122626E-01  1.00000005E-03  3.52354438E-03  2.29424190E+00
  0.00000000E+00  7.10000000E-01  9.36548240E-01  2.60494365E-03 -1.00102848E-01  1.00000005E-03  3.52084121E-03  2.30092612E+00
  0.00000000E+00  7.12000000E-01  9.36822516E-01  2.56500467E-03 -1.00080486E-01  1.00000005E-03  3.51816370E-03  2.30760535E+00
  0.00000000E+00  7.14000000E-01  9.37101401E-01  2.52453091E-03 -1.00055472E-01  1.00000005E-03  3.51551250E-03  2.31427948E+00
  0.00000000E+00  7.16000000E-01  9.37385064E-01  2.48349529E-03 -1.00027735E-01  1.00000005E-03  3.51288826E-03  2.32094838E+00
  0.00000000E+00  7.18000000E-01  9.37673673E-01  2.44187071E-03 -9.99972064E-02  1.00000005E-03  3.51029162E-03  2.32761196E+00
  0.00000000E+00  7.20000000E-01  9.37967397E-01  2.39963011E-03 -9.99638173E-02  1.00000005E-03  3.50772322E-03  2.33427009E+00
  0.00000000E+00  7.22000000E-01  9.38266405E-01  2.35674638E-03 -9.99274982E-02  1.00000005E-03  3.50518372E-03  2.34092267E+00
  0.00000000E+00  7.24000000E-01  9.38570865E-01  2.31319246E-03 -9.98881799E-02  1.00000005E-03  3.50267375E-03  2.34756958E+00
  0.00000000E+00  7.26000000E-01  9.38880945E-01  2.26894127E-03 -9.98457932E-02  1.00000005E-03  3.50019397E-03  2.35421071E+00
  0.00000000E+00  7.28000000E-01  9.39196815E-01  2.22396570E-03 -9.98002686E-02  1.00000005E-03  3.49774501E-03  2.36084594E+00
  0.00000000E+00  7.30000000E-01  9.39518641E-01  2.17823870E-03 -9.97515371E-02  1.00000005E-03  3.49532753E-03  2.36747517E+00
  0.00000000E+00  7.32000000E-01  9.39846594E-01  2.13173317E-03 -9.96995294E-02  1.00000005E-03  3.49294216E-03  2.37409829E+00
  0.00000000E+00  7.34000000E-01  9.40180842E-01  2.08442202E-03 -9.96441761E-02  1.00000005E-03  3.49058957E-03  2.38071517E+00
  0.00000000E+00  7.36000000E-01  9.40521552E-01  2.03627819E-03 -9.95854080E-02  1.00000005E-03  3.48827038E-03  2.38732571E+00
  0.00000000E+00  7.38000000E-01  9.40868894E-01  1.98727458E-03 -9.95231560E-02  1.00000005E-03  3.48598524E-03  2.39392980E+00
  0.00000000E+00  7.40000000E-01  9.41223036E-01  1.93738411E-03 -9.94573507E-02  1.00000005E-03  3.48373481E-03  2.40052731E+00
  0.00000000E+00  7.42000000E-01  9.41584146E-01  1.88657970E-03 -9.93879228E-02  1.00000005E-03  3.48151972E-03  2.40711815E+00
  0.00000000E+00  7.44000000E-01  9.41952394E-01  1.83483427E-03 -9.93148032E-02  1.00000005E-03  3.47934063E-03  2.41370220E+00
  0.00000000E+00  7.46000000E-01  9.42327947E-01  1.78212073E-03 -9.92379225E-02  1.00000005E-03  3.47719817E-03  2.42027934E+00
  0.00000000E+00  7.48000000E-01  9.42710974E-01  1.72841201E-03 -9.91572115E-02  1.00000005E-03  3.47509300E-03  2.42684946E+00
  0.00000000E+00  7.50000000E-01  9.43101644E-01  1.67368102E-03 -9.90726010E-02  1.00000005E-03  3.47302575E-03  2.43341246E+00
  0.00000000E+00  7.52000000E-01  9.43500125E-01  1.61790067E-03 -9.89840217E-02  1.00000005E-03  3.47099708E-03  2.43996821E+00
  0.00000000E+00  7.54000000E-01  9.43906585E-01  1.56104389E-03 -9.88914043E-02  1.00000005E-03  3.46900763E-03  2.44651661E+00
  0.00000000E+00  7.56000000E-01  9.44321193E-01  1.50308359E-03 -9.87946796E-02  1.00000005E-03  3.46705804E-03  2.45305754E+00
  0.00000000E+00  7.58000000E-01  9.44744118E-01  1.44399269E-03 -9.86937783E-02  1.00000005E-03  3.46514896E-03  2.45959089E+00
  0.00000000E+00  7.60000000E-01  9.45175529E-01  1.38374410E-03 -9.85886312E-02  1.00000005E-03  3.46328104E-03  2.46611655E+00
  0.00000000E+00  7.62000000E-01  9.45615592E-01  1.32231076E-03 -9.84791690E-02  1.00000005E-03  3.46145492E-03  2.47263441E+00
  0.00000000E+00  7.64000000E-01  9.46064478E-01  1.25966556E-03 -9.83653225E-02  1.00000005E-03  3.45967124E-03  2.47914435E+00
  0.00000000E+00  7.66000000E-01  9.46522355E-01  1.19578143E-03 -9.82470224E-02  1.00000005E-03  3.45793066E-03  2.48564626E+00
  0.00000000E+00  7.68000000E-01  9.46989390E-01  1.13063129E-03 -9.81241994E-02  1.00000005E-03  3.45623381E-03  2.49214003E+00
  0.00000000E+00  7.70000000E-01  9.47465753E-01  1.06418806E-03 -9.79967844E-02  1.00000005E-03  3.45458135E-03  2.49862555E+00
  0.00000000E+00  7.72000000E-01  9.47951613E-01  9.96424644E-04 -9.78647079E-02  1.00000005E-03  3.45297392E-03  2.50510270E+00
  0.00000000E+00  7.74000000E-01  9.48447137E-01  9.27313971E-04 -9.77279009E-02  1.00000005E-03  3.45141216E-03  2.51157137E+00
  0.00000000E+00  7.76000000E-01  9.48922387E-01  8.61157300E-04 -9.76037173E-02  1.00000005E-03  3.44975825E-03  2.51808002E+00
  0.00000000E+00  7.78000000E-01  9.48998247E-01  8.52297448E-04 -9.77102963E-02  1.00000005E-03  3.44627492E-03  2.52523414E+00
  0.00000000E+00  7.80000000E-01  9.49078763E-01  8.42509728E-04 -9.78127072E-02  1.00000005E-03  3.44282602E-03  2.53237629E+00
  0.00000000E+00  7.82000000E-01  9.49163864E-01  8.31808029E-04 -9.79110103E-02  1.00000005E-03  3.43941116E-03  2.53950663E+00
  0.00000000E+00  7.84000000E-01  9.49253481E-01  8.20206240E-04 -9.80052656E-02  1.00000005E-03  3.43602996E-03  2.54662530E+00
  0.00000000E+00  7.86000000E-01  9.49347543E-01  8.07718252E-04 -9.80955335E-02  1.00000005E-03  3.43268203E-03  2.55373245E+00
  0.00000000E+00  7.88000000E-01  9.49445980E-01  7.94357953E-04 -9.81818741E-02  1.00000005E-03  3.42936697E-03  2.56082824E+00
  0.00000000E+00  7.90000000E-01  9.49548721E-01  7.80139233E-04 -9.82643476E-02  1.00000005E-03  3.42608441E-03  2.56791279E+00
  0.00000000E+00  7.92000000E-01  9.49655696E-01  7.65075983E-04 -9.83430142E-02  1.00000005E-03  3.42283396E-03  2.57498628E+00
  0.00000000E+00  7.94000000E-01  9.49766834E-01  7.49182091E-04 -9.84179342E-02  1.00000005E-03  3.41961523E-03  2.58204884E+00
  0.00000000E+00  7.96000000E-01  9.49882066E-01  7.32471447E-04 -9.84891676E-02  1.00000005E-03  3.41642783E-03  2.58910062E+00
  0.00000000E+00  7.98000000E-01  9.50001320E-01  7.14957940E-04 -9.85567747E-02  1.00000005E-03  3.41327138E-03  2.59614177E+00
  0.00000000E+00  8.00000000E-01  9.50124527E-01  6.96655461E-04 -9.86208158E-02  1.00000005E-03  3.41014549E-03  2.60317244E+00
  0.00000000E+00  8.02000000E-01  9.50251616E-01  6.77577898E-04 -9.86813509E-02  1.00000005E-03  3.40704977E-03  2.61019278E+00
  0.00000000E+00  8.04000000E-01  9.50382516E-01  6.57739141E-04 -9.87384403E-02  1.00000005E-03  3.40398384E-03  2.61720293E+00
  0.00000000E+00  8.06000000E-01  9.50517158E-01  6.37153080E-04 -9.87921443E-02  1.00000005E-03  3.40094731E-03  2.62420304E+00
  0.00000000E+00  8.08000000E-01  9.50655471E-01  6.15833605E-04 -9.88425229E-02  1.00000005E-03  3.39793979E-03  2.63119327E+00
  0.00000000E+00  8.10000000E-01  9.50797385E-01  5.93794604E-04 -9.88896364E-02  1.00000005E-03  3.39496090E-03  2.63817376E+00
  0.00000000E+00  8.12000000E-01  9.50942829E-01  5.71049968E-04 -9.89335450E-02  1.00000005E-03  3.39201024E-03  2.64514465E+00
  0.00000000E+00  8.14000000E-01  9.51091733E-01  5.47613586E-04 -9.89743089E-02  1.00000005E-03  3.38908744E-03  2.65210610E+00
  0.00000000E+00  8.16000000E-01  9.51244026E-01  5.23499347E-04 -9.90119882E-02  1.00000005E-03  3.38619211E-03  2.65905825E+00
  0.00000000E+00  8.18000000E-01  9.51399638E-01  4.98721142E-04 -9.90466433E-02  1.00000005E-03  3.38332385E-03  2.66600126E+00
  0.00000000E+00  8.20000000E-01  9.51558500E-01  4.73292859E-04 -9.90783342E-02  1.00000005E-03  3.38048228E-03  2.67293527E+00
  0.00000000E+00  8.22000000E-01  9.51720540E-01  4.47228389E-04 -9.91071212E-02  1.00000005E-03  3.37766702E-03  2.67986042E+00
  0.00000000E+00  8.24000000E-01  9.51885688E-01  4.20541620E-04 -9.91330644E-02  1.00000005E-03  3.37487768E-03  2.68677688E+00
  0.00000000E+00  8.26000000E-01  9.52053873E-01  3.93246443E-04 -9.91562242E-02  1.00000005E-03  3.37211387E-03  2.69368478E+00
  0.00000000E+00  8.28000000E-01  9.52225026E-01  3.65356747E-04 -9.91766606E-02  1.00000005E-03  3.36937520E-03  2.70058427E+00
  0.00000000E+00  8.30000000E-01  9.52399076E-01  3.36886421E-04 -9.91944338E-02  1.00000005E-03  3.36666130E-03  2.70747550E+00
  0.00000000E+00  8.32000000E-01  9.52575953E-01  3.07849355E-04 -9.92096041E-02  1.00000005E-03  3.36397176E-03  2.71435862E+00
  0.00000000E+00  8.34000000E-01  9.52755586E-01  2.78259439E-04 -9.92222317E-02  1.00000005E-03  3.36130621E-03  2.72123379E+00
  0.00000000E+00  8.36000000E-01  9.52937905E-01  2.48130562E-04 -9.92323768E-02  1.00000005E-03  3.35866425E-03  2.72810113E+00
  0.00000000E+00  8.38000000E-01  9.53122840E-01  2.17476614E-04 -9.92400995E-02  1.00000005E-03  3.35604550E-03  2.73496082E+00
  0.00000000E+00  8.40000000E-01  9.53310319E-01  1.86311484E-04 -9.92454600E-02  1.00000005E-03  3.35344958E-03  2.74181298E+00
  0.00000000E+00  8.42000000E-01  9.53500274E-01  1.54649061E-04 -9.92485186E-02  1.00000005E-03  3.35087610E-03  2.74865778E+00
  0.00000000E+00  8.44000000E-01  9.53692633E-01  1.22503236E-04 -9.92493355E-02  1.00000005E-03  3.34832466E-03  2.75549536E+00
  0.00000000E+00  8.46000000E-01  9.53887326E-01  8.98878986E-05 -9.92479708E-02  1.00000005E-03  3.34579489E-03  2.76232586E+00
  0.00000000E+00  8.48000000E-01  9.54084283E-01  5.68169372E-05 -9.92444847E-02  1.00000005E-03  3.34328640E-03  2.76914944E+00
  0.00000000E+00  8.50000000E-01  9.54283433E-01  2.33042418E-05 -9.92389375E-02  1.00000005E-03  3.34079879E-03  2.77596624E+00
  0.00000000E+00  8.52000000E-01  9.54484707E-01 -1.06362979E-05 -9.92313893E-02  1.00000005E-03  3.33833169E-03  2.78277641E+00
  0.00000000E+00  8.54000000E-01  9.54688033E-01 -4.49907926E-05 -9.92219003E-02  1.00000005E-03  3.33588470E-03  2.78958011E+00
  0.00000000E+00  8.56000000E-01  9.54893341E-01 -7.97453525E-05 -9.92105308E-02  1.00000005E-03  3.33345744E-03  2.79637747E+00
  0.00000000E+00  8.58000000E-01  9.55100561E-01 -1.14886088E-04 -9.91973409E-02  1.00000005E-03  3.33104953E-03  2.80316865E+00
  0.00000000E+00  8.60000000E-01  9.55309623E-01 -1.50399110E-04 -9.91823909E-02  1.00000005E-03  3.32866057E-03  2.80995379E+00
  0.00000000E+00  8.62000000E-01  9.55520456E-01 -1.86270529E-04 -9.91657408E-02  1.00000005E-03  3.32629018E-03  2.81673305E+00
  0.00000000E+00  8.64000000E-01  9.55732990E-01 -2.22486454E-04 -9.91474510E-02  1.00000005E-03  3.32393797E-03  2.82350657E+00
  0.00000000E+00  8.66000000E-01  9.55947154E-01 -2.59032997E-04 -9.91275816E-02  1.00000005E-03  3.32160355E-03  2.83027450E+00
  0.00000000E+00  8.68000000E-01  9.56162879E-01 -2.95896268E-04 -9.91061928E-02  1.00000005E-03  3.31928655E-03  2.83703698E+00
  0.00000000E+00  8.70000000E-01  9.56380093E-01 -3.33062378E-04 -9.90833449E-02  1.00000005E-03  3.31698656E-03  2.84379418E+00
  0.00000000E+00  8.72000000E-01  9.56598727E-01 -3.70517437E-04 -9.90590979E-02  1.00000005E-03  3.31470321E-03  2.85054622E+00
  0.00000000E+00  8.74000000E-01  9.56818710E-01 -4.08247554E-04 -9.90335122E-02  1.00000005E-03  3.31243611E-03  2.85729327E+00
  0.00000000E+00  8.76000000E-01  9.57039971E-01 -4.46238842E-04 -9.90066479E-02  1.00000005E-03  3.31018487E-03  2.86403547E+00
  0.00000000E+00  8.78000000E-01  9.57262441E-01 -4.84477410E-04 -9.89785651E-02  1.00000005E-03  3.30794910E-03  2.87077296E+00
  0.00000000E+00  8.80000000E-01  9.57486049E-01 -5.22949369E-04 -9.89493242E-02  1.00000005E-03  3.30572842E-03  2.87750591E+00
  0.00000000E+00  8.82000000E-01  9.57710724E-01 -5.61640829E-04 -9.89189853E-02  1.00000005E-03  3.30352244E-03  2.88423445E+00
  0.00000000E+00  8.84000000E-01  9.57936397E-01 -6.00537900E-04 -9.88876086E-02  1.00000005E-03  3.30133077E-03  2.89095873E+00
  0.00000000E+00  8.86000000E-01  9.58162996E-01 -6.39626693E-04 -9.88552543E-02  1.00000005E-03  3.29915303E-03  2.89767890E+00
  0.00000000E+00  8.88000000E-01  9.58390452E-01 -6.78893319E-04 -9.88219825E-02  1.00000005E-03  3.29698883E-03  2.90439512E+00
  0.00000000E+00  8.90000000E-01  9.58618694E-01 -7.18323889E-04 -9.87878536E-02  1.00000005E-03  3.29483779E-03  2.91110752E+00
  0.00000000E+00  8.92000000E-01  9.58847652E-01 -7.57904511E-04 -9.87529276E-02  1.00000005E-03  3.29269951E-03  2.91781626E+00
  0.00000000E+00  8.94000000E-01  9.59077255E-01 -7.97621297E-04 -9.87172649E-02  1.00000005E-03  3.29057361E-03  2.92452148E+00
  0.00000000E+00  8.96000000E-01  9.59307433E-01 -8.37460358E-04 -9.86809255E-02  1.00000005E-03  3.28845970E-03  2.93122333E+00
  0.00000000E+00  8.98000000E-01  9.59538117E-01 -8.77407804E-04 -9.86439697E-02  1.00000005E-03  3.28635740E-03  2.93792197E+00
  0.00000000E+00  9.00000000E-01  9.59769234E-01 -9.17449744E-04 -9.86064576E-02  1.00000005E-03  3.28426631E-03  2.94461753E+00
  0.00000000E+00  9.02000000E-01  9.60000715E-01 -9.57572291E-04 -9.85684496E-02  1.00000005E-03  3.28218606E-03  2.95131017E+00
  0.00000000E+00  9.04000000E-01  9.60232490E-01 -9.97761554E-04 -9.85300057E-02  1.00000005E-03  3.28011626E-03  2.95800004E+00
  0.00000000E+00  9.06000000E-01  9.60464488E-01 -1.03800364E-03 -9.84911862E-02  1.00000005E-03  3.27805651E-03  2.96468728E+00
  0.00000000E+00  9.08000000E-01  9.60696640E-01 -1.07828467E-03 -9.84520512E-02  1.00000005E-03  3.27600644E-03  2.97137204E+00
  0.00000000E+00  9.10000000E-01  9.60928873E-01 -1.11859074E-03 -9.84126611E-02  1.00000005E-03  3.27396565E-03  2.97805447E+00
  0.00000000E+00  9.12000000E-01  9.61161119E-01 -1.15890798E-03 -9.83730758E-02  1.00000005E-03  3.27193375E-03  2.98473472E+00
  0.00000000E+00  9.14000000E-01  9.61393307E-01 -1.19922248E-03 -9.83333558E-02  1.00000005E-03  3.26991037E-03  2.99141294E+00
  0.00000000E+00  9.16000000E-01  9.61625366E-01 -1.23952036E-03 -9.82935611E-02  1.00000005E-03  3.26789512E-03  2.99808927E+00
  0.00000000E+00  9.18000000E-01  9.61857226E-01 -1.27978773E-03 -9.82537519E-02  1.00000005E-03  3.26588760E-03  3.00476387E+00
  0.00000000E+00  9.20000000E-01  9.62088816E-01 -1.32001069E-03 -9.82139886E-02  1.00000005E-03  3.26388743E-03  3.01143687E+00
  0.00000000E+00  9.22000000E-01  9.62320068E-01 -1.36017537E-03 -9.81743311E-02  1.00000005E-03  3.26189423E-03  3.01810844E+00
  0.00000000E+00  9.24000000E-01  9.62550909E-01 -1.40026787E-03 -9.81348398E-02  1.00000005E-03  3.25990760E-03  3.02477871E+00
  0.00000000E+00  9.26000000E-01  9.62781270E-01 -1.44027431E-03 -9.80955749E-02  1.00000005E-03  3.25792716E-03  3.03144784E+00
  0.00000000E+00  9.28000000E-01  9.63011080E-01 -1.48018078E-03 -9.80565965E-02  1.00000005E-03  3.25595253E-03  3.03811597E+00
  0.00000000E+00  9.30000000E-01  9.63240269E-01 -1.51997340E-03 -9.80179648E-02  1.00000005E-03  3.25398332E-03  3.04478325E+00
  0.00000000E+00  9.32000000E-01  9.63468766E-01 -1.55963829E-03 -9.79797401E-02  1.00000005E-03  3.25201913E-03  3.05144983E+00
  0.00000000E+00  9.34000000E-01  9.63696502E-01 -1.59916155E-03 -9.79419825E-02  1.00000005E-03  3.25005959E-03  3.05811587E+00
  0.00000000E+00  9.36000000E-01  9.63923405E-01 -1.63852930E-03 -9.79047522E-02  1.00000005E-03  3.24810430E-03  3.06478150E+00
  0.00000000E+00  9.38000000E-01  9.64149406E-01 -1.67772764E-03 -9.78681095E-02  1.00000005E-03  3.24615288E-03  3.07144687E+00
  0.00000000E+00  9.40000000E-01  9.64374434E-01 -1.71674268E-03 -9.78321145E-02  1.00000005E-03  3.24420495E-03  3.07811214E+00
  0.00000000E+00  9.42000000E-01  9.64598419E-01 -1.75556054E-03 -9.77968274E-02  1.00000005E-03  3.24226011E-03  3.08477745E+00
  0.00000000E+00  9.44000000E-01  9.64821290E-01 -1.79416733E-03 -9.77623084E-02  1.00000005E-03  3.24031798E-03  3.09144294E+00
  0.00000000E+00  9.46000000E-01  9.65042977E-01 -1.83254915E-03 -9.77286178E-02  1.00000005E-03  3.23837818E-03  3.09810878E+00
  0.00000000E+00  9.48000000E-01  9.65263410E-01 -1.87069211E-03 -9.76958157E-02  1.00000005E-03  3.23644030E-03  3.10477510E+00
  0.00000000E+00  9.50000000E-01  9.65482518E-01 -1.90858234E-03 -9.76639623E-02  1.00000005E-03  3.23450398E-03  3.11144206E+00
  0.00000000E+00  9.52000000E-01  9.65700231E-01 -1.94620593E-03 -9.76331178E-02  1.00000005E-03  3.23256882E-03  3.11810979E+00
  0.00000000E+00  9.54000000E-01  9.65916478E-01 -1.98354900E-03 -9.76033424E-02  1.00000005E-03  3.23063443E-03  3.12477846E+00
  0.00000000E+00  9.56000000E-01  9.66131190E-01 -2.02059766E-03 -9.75746963E-02  1.00000005E-03  3.22870043E-03  3.13144821E+00
  0.00000000E+00  9.58000000E-01  9.66344296E-01 -2.05733801E-03 -9.75472397E-02  1.00000005E-03  3.22676644E-03  3.13811918E+00
  0.00000000E+00  9.60000000E-01  9.66555725E-01 -2.09375618E-03 -9.75210328E-02  1.00000005E-03  3.22483205E-03  3.14479153E+00
  0.00000000E+00  9.62000000E-01  9.66765407E-01 -2.12983826E-03 -9.74961359E-02  1.00000005E-03  3.22289690E-03  3.15146540E+00
  0.00000000E+00  9.64000000E-01  9.66973272E-01 -2.16557038E-03 -9.74726090E-02  1.00000005E-03  3.22096058E-03  3.15814095E+00
  0.00000000E+00  9.66000000E-01  9.67179249E-01 -2.20093864E-03 -9.74505124E-02  1.00000005E-03  3.21902272E-03  3.16481831E+00
  0.00000000E+00  9.68000000E-01  9.67383268E-01 -2.23592915E-03 -9.74299063E-02  1.00000005E-03  3.21708293E-03  3.17149765E+00
  0.00000000E+00  9.70000000E-01  9.67585259E-01 -2.27052802E-03 -9.74108509E-02  1.00000005E-03  3.21514082E-03  3.17817909E+00
  0.00000000E+00  9.72000000E-01  9.67785151E-01 -2.30472136E-03 -9.73934063E-02  1.00000005E-03  3.21319600E-03  3.18486281E+00
  0.00000000E+00  9.74000000E-01  9.67982874E-01 -2.33849528E-03 -9.73776329E-02  1.00000005E-03  3.21124808E-03  3.19154893E+00
  0.00000000E+00  9.76000000E-01  9.68178358E-01 -2.37183590E-03 -9.73635907E-02  1.00000005E-03  3.20929669E-03  3.19823762E+00
  0.00000000E+00  9.78000000E-01  9.68371532E-01 -2.40472932E-03 -9.73513400E-02  1.00000005E-03  3.20734143E-03  3.20492901E+00
  0.00000000E+00  9.80000000E-01  9.68562326E-01 -2.43716166E-03 -9.73409410E-02  1.00000005E-03  3.20538192E-03  3.21162327E+00
  0.00000000E+00  9.82000000E-01  9.68750669E-01 -2.46911902E-03 -9.73324539E-02  1.00000005E-03  3.20341776E-03  3.21832052E+00
  0.00000000E+00  9.84000000E-01  9.68936491E-01 -2.50058752E-03 -9.73259388E-02  1.00000005E-03  3.20144858E-03  3.22502093E+00
  0.00000000E+00  9.86000000E-01  9.69119723E-01 -2.53155326E-03 -9.73214560E-02  1.00000005E-03  3.19947399E-03  3.23172465E+00
  0.00000000E+00  9.88000000E-01  9.69300292E-01 -2.56200236E-03 -9.73190657E-02  1.00000005E-03  3.19749359E-03  3.23843181E+00
  0.00000000E+00  9.90000000E-01  9.69478130E-01 -2.59192092E-03 -9.73188280E-02  1.00000005E-03  3.19550701E-03  3.24514257E+00
  0.00000000E+00  9.92000000E-01  9.69653165E-01 -2.62129506E-03 -9.73208032E-02  1.00000005E-03  3.19351385E-03  3.25185708E+00
  0.00000000E+00  9.94000000E-01  9.69825328E-01 -2.65011089E-03 -9.73250514E-02  1.00000005E-03  3.19151373E-03  3.25857548E+00
  0.00000000E+00  9.96000000E-01  9.69994547E-01 -2.67835452E-03 -9.73316329E-02  1.00000005E-03  3.18950626E-03  3.26529793E+00
  0.00000000E+00  9.98000000E-01  9.70160753E-01 -2.70601206E-03 -9.73406078E-02  1.00000005E-03  3.18749105E-03  3.27202457E+00
  0.00000000E+00  1.00000000E+00  9.70323876E-01 -2.73306961E-03 -9.73520364E-02  1.00000005E-03  3.18546773E-03  3.27875554E+00
  0.00000000E+00  1.00200000E+00  9.70483844E-01 -2.75951330E-03 -9.73659788E-02  1.00000005E-03  3.18343589E-03  3.28549101E+00
  0.00000000E+00  1.00400000E+00  9.70640588E-01 -2.78532922E-03 -9.73824953E-02  1.00000005E-03  3.18139516E-03  3.29223111E+00
  0.00000000E+00  1.00600000E+00  9.70794036E-01 -2.81050350E-03 -9.74016460E-02  1.00000005E-03  3.17934515E-03  3.29897599E+00
  0.00000000E+00  1.00800000E+00  9.70944120E-01 -2.83502223E-03 -9.74234912E-02  1.00000005E-03  3.17728547E-03  3.30572580E+00
  0.00000000E+00  1.01000000E+00  9.71090768E-01 -2.85887154E-03 -9.74480910E-02  1.00000005E-03  3.17521573E-03  3.31248070E+00
  0.00000000E+00  1.01200000E+00  9.71233910E-01 -2.88203753E-03 -9.74755056E-02  1.00000005E-03  3.17313555E-03  3.31924082E+00
  0.00000000E+00  1.01400000E+00  9.71373476E-01 -2.90450632E-03 -9.75057952E-02  1.00000005E-03  3.17104454E-03  3.32600633E+00
  0.00000000E+00  1.01600000E+00  9.71509395E-01 -2.92626400E-03 -9.75390201E-02  1.00000005E-03  3.16894231E-03  3.33277735E+00
  0.00000000E+00  1.01800000E+00  9.71641597E-01 -2.94729670E-03 -9.75752404E-02  1.00000005E-03  3.16682848E-03  3.33955405E+00
  0.00000000E+00  1.02000000E+00  9.71770012E-01 -2.96759053E-03 -9.76145163E-02  1.00000005E-03  3.16470266E-03  3.34633657E+00
  0.00000000E+00  1.02200000E+00  9.71894569E-01 -2.98713159E-03 -9.76569081E-02  1.00000005E-03  3.16256446E-03  3.35312506E+00
  0.00000000E+00  1.02400000E+00  9.72015198E-01 -3.00590599E-03 -9.77024758E-02  1.00000005E-03  3.16041350E-03  3.35991967E+00
  0.00000000E+00  1.02600000E+00  9.72131828E-01 -3.02389985E-03 -9.77512798E-02  1.00000005E-03  3.15824939E-03  3.36672054E+00
  0.00000000E+00  1.02800000E+00  9.72244390E-01 -3.04109928E-03 -9.78033802E-02  1.00000005E-03  3.15607174E-03  3.37352783E+00
  0.00000000E+00  1.03000000E+00  9.72352812E-01 -3.05749038E-03 -9.78588371E-02  1.00000005E-03  3.15388016E-03  3.38034168E+00
  0.00000000E+00  1.03200000E+00  9.72457025E-01 -3.07305927E-03 -9.79177109E-02  1.00000005E-03  3.15167428E-03  3.38716224E+00
  0.00000000E+00  1.03400000E+00  9.72556958E-01 -3.08779206E-03 -9.79800617E-02  1.00000005E-03  3.14945369E-03  3.39398966E+00
  0.00000000E+00  1.03600000E+00  9.72652540E-01 -3.10167486E-03 -9.80459497E-02  1.00000005E-03  3.14721803E-03  3.40082409E+00
  0.00000000E+00  1.03800000E+00  9.72743702E-01 -3.11469377E-03 -9.81154351E-02  1.00000005E-03  3.14496689E-03  3.40766567E+00
  0.00000000E+00  1.04000000E+00  9.72830373E-01 -3.12683492E-03 -9.81885781E-02  1.00000005E-03  3.14269989E-03  3.41451456E+00
  0.00000000E+00  1.04200000E+00  9.72912482E-01 -3.13808440E-03 -9.82654388E-02  1.00000005E-03  3.14041665E-03  3.42137090E+00
  0.00000000E+00  1.04400000E+00  9.72989960E-01 -3.14842834E-03 -9.83460776E-02  1.00000005E-03  3.13811677E-03  3.42823483E+00
  0.00000000E+00  1.04600000E+00  9.73062736E-01 -3.15785283E-03 -9.84305545E-02  1.00000005E-03  3.13579988E-03  3.43510652E+00
  0.00000000E+00  1.04800000E+00  9.73130739E-01 -3.16634400E-03 -9.85189299E-02  1.00000005E-03  3.13346558E-03  3.44198610E+00
  0.00000000E+00  1.05000000E+00  9.73193899E-01 -3.17388795E-03 -9.86112638E-02  1.00000005E-03  3.13111349E-03  3.44887373E+00
  0.00000000E+00  1.05200000E+00  9.73277442E-01 -3.18614192E-03 -9.86798713E-02  1.00000005E-03  3.12883944E-03  3.45571702E+00
  0.00000000E+00  1.05400000E+00  9.73515476E-01 -3.23299966E-03 -9.85785792E-02  1.00000005E-03  3.12715427E-03  3.46223945E+00
  0.00000000E+00  1.05600000E+00  9.73750889E-01 -3.27910600E-03 -9.84804206E-02  1.00000005E-03  3.12546097E-03  3.46876875E+00
  0.00000000E+00  1.05800000E+00  9.73983714E-01 -3.32447046E-03 -9.83853503E-02  1.00000005E-03  3.12375966E-03  3.47530487E+00
  0.00000000E+00  1.06000000E+00  9.74213984E-01 -3.36910253E-03 -9.82933231E-02  1.00000005E-03  3.12205042E-03  3.48184774E+00
  0.00000000E+00  1.06200000E+00  9.74441730E-01 -3.41301172E-03 -9.82042938E-02  1.00000005E-03  3.12033338E-03  3.48839731E+00
  0.00000000E+00  1.06400000E+00  9.74666986E-01 -3.45620755E-03 -9.81182171E-02  1.00000005E-03  3.11860863E-03  3.49495351E+00
  0.00000000E+00  1.06600000E+00  9.74889784E-01 -3.49869951E-03 -9.80350478E-02  1.00000005E-03  3.11687628E-03  3.50151629E+00
  0.00000000E+00  1.06800000E+00  9.75110156E-01 -3.54049711E-03 -9.79547407E-02  1.00000005E-03  3.11513642E-03  3.50808559E+00
  0.00000000E+00  1.07000000E+00  9.75328135E-01 -3.58160987E-03 -9.78772505E-02  1.00000005E-03  3.11338917E-03  3.51466134E+00
  0.00000000E+00  1.07200000E+00  9.75543754E-01 -3.62204728E-03 -9.78025320E-02  1.00000005E-03  3.11163464E-03  3.52124349E+00
  0.00000000E+00  1.07400000E+00  9.75757044E-01 -3.66181885E-03 -9.77305400E-02  1.00000005E-03  3.10987291E-03  3.52783199E+00
  0.00000000E+00  1.07600000E+00  9.75968039E-01 -3.70093408E-03 -9.76612292E-02  1.00000005E-03  3.10810411E-03  3.53442676E+00
  0.00000000E+00  1.07800000E+00  9.76176772E-01 -3.73940250E-03 -9.75945545E-02  1.00000005E-03  3.10632833E-03  3.54102776E+00
  0.00000000E+00  1.08000000E+00  9.76383274E-01 -3.77723359E-03 -9.75304706E-02  1.00000005E-03  3.10454567E-03  3.54763492E+00
  0.00000000E+00  1.08200000E+00  9.76587578E-01 -3.81443687E-03 -9.74689322E-02  1.00000005E-03  3.10275625E-03  3.55424819E+00
  0.00000000E+00  1.08400000E+00  9.76789717E-01 -3.85102185E-03 -9.74098942E-02  1.00000005E-03  3.10096016E-03  3.56086749E+00
  0.00000000E+00  1.08600000E+00  9.76989723E-01 -3.88699802E-03 -9.73533113E-02  1.00000005E-03  3.09915752E-03  3.56749279E+00
  0.00000000E+00  1.08800000E+00  9.77187629E-01 -3.92237490E-03 -9.72991383E-02  1.00000005E-03  3.09734842E-03  3.57412401E+00
  0.00000000E+00  1.09000000E+00  9.77383467E-01 -3.95716199E-03 -9.72473299E-02  1.00000005E-03  3.09553296E-03  3.58076110E+00
  0.00000000E+00  1.09200000E+00  9.77577270E-01 -3.99136881E-03 -9.71978410E-02  1.00000005E-03  3.09371127E-03  3.58740399E+00
  0.00000000E+00  1.09400000E+00  9.77769070E-01 -4.02500485E-03 -9.71506262E-02  1.00000005E-03  3.09188343E-03  3.59405264E+00
  0.00000000E+00  1.09600000E+00  9.77958900E-01 -4.05807962E-03 -9.71056404E-02  1.00000005E-03  3.09004955E-03  3.60070697E+00
  0.00000000E+00  1.09800000E+00  9.78146793E-01 -4.09060262E-03 -9.70628384E-02  1.00000005E-03  3.08820974E-03  3.60736693E+00
  0.00000000E+00  1.10000000E+00  9.78332781E-01 -4.12258338E-03 -9.70221748E-02  1.00000005E-03  3.08636410E-03  3.61403247E+00
  0.00000000E+00  1.10200000E+00  9.78516896E-01 -4.15403138E-03 -9.69836046E-02  1.00000005E-03  3.08451273E-03  3.62070352E+00
  0.00000000E+00  1.10400000E+00  9.78699171E-01 -4.18495614E-03 -9.69470824E-02  1.00000005E-03  3.08265575E-03  3.62738002E+00
  0.00000000E+00  1.10600000E+00  9.78879638E-01 -4.21536717E-03 -9.69125630E-02  1.00000005E-03  3.08079325E-03  3.63406192E+00
  0.00000000E+00  1.10800000E+00  9.79058331E-01 -4.24527396E-03 -9.68800012E-02  1.00000005E-03  3.07892533E-03  3.64074915E+00
  0.00000000E+00  1.11000000E+00  9.79235281E-01 -4.27468603E-03 -9.68493518E-02  1.00000005E-03  3.07705211E-03  3.64744166E+00
  0.00000000E+00  1.11200000E+00  9.79410522E-01 -4.30361289E-03 -9.68205695E-02  1.00000005E-03  3.07517369E-03  3.65413938E+00
  0.00000000E+00  1.11400000E+00  9.79584085E-01 -4.33206403E-03 -9.67936092E-02  1.00000005E-03  3.07329017E-03  3.66084226E+00
  0.00000000E+00  1.11600000E+00  9.79756003E-01 -4.36004897E-03 -9.67684255E-02  1.00000005E-03  3.07140166E-03  3.66755024E+00
  0.00000000E+00  1.11800000E+00  9.79926309E-01 -4.38757721E-03 -9.67449732E-02  1.00000005E-03  3.06950825E-03  3.67426326E+00
  0.00000000E+00  1.12000000E+00  9.80095036E-01 -4.41465827E-03 -9.67232072E-02  1.00000005E-03  3.06761006E-03  3.68098126E+00
  0.00000000E+00  1.12200000E+00  9.80262215E-01 -4.44130163E-03 -9.67030822E-02  1.00000005E-03  3.06570719E-03  3.68770418E+00
  0.00000000E+00  1.12400000E+00  9.80427879E-01 -4.46751682E-03 -9.66845530E-02  1.00000005E-03  3.06379975E-03  3.69443197E+00
  0.00000000E+00  1.12600000E+00  9.80592061E-01 -4.49331333E-03 -9.66675742E-02  1.00000005E-03  3.06188783E-03  3.70116455E+00
  0.00000000E+00  1.12800000E+00  9.80754794E-01 -4.51870068E-03 -9.66521008E-02  1.00000005E-03  3.05997154E-03  3.70790188E+00
  0.00000000E+00  1.13000000E+00  9.80916110E-01 -4.54368837E-03 -9.66380875E-02  1.00000005E-03  3.05805099E-03  3.71464390E+00
  0.00000000E+00  1.13200000E+00  9.81076041E-01 -4.56828590E-03 -9.66254890E-02  1.00000005E-03  3.05612628E-03  3.72139054E+00
  0.00000000E+00  1.13400000E+00  9.81234620E-01 -4.59250279E-03 -9.66142601E-02  1.00000005E-03  3.05419752E-03  3.72814174E+00
  0.00000000E+00  1.13600000E+00  9.81391879E-01 -4.61634854E-03 -9.66043557E-02  1.00000005E-03  3.05226481E-03  3.73489746E+00
  0.00000000E+00  1.13800000E+00  9.81547852E-01 -4.63983265E-03 -9.65957304E-02  1.00000005E-03  3.05032825E-03  3.74165762E+00
  0.00000000E+00  1.14000000E+00  9.81702570E-01 -4.66296464E-03 -9.65883390E-02  1.00000005E-03  3.04838794E-03  3.74842217E+00
  0.00000000E+00  1.14200000E+00  9.81856066E-01 -4.68575401E-03 -9.65821364E-02  1.00000005E-03  3.04644401E-03  3.75519105E+00
  0.00000000E+00  1.14400000E+00  9.82008373E-01 -4.70821026E-03 -9.65770772E-02  1.00000005E-03  3.04449653E-03  3.76196420E+00
  0.00000000E+00  1.14600000E+00  9.82159523E-01 -4.73034290E-03 -9.65731162E-02  1.00000005E-03  3.04254563E-03  3.76874157E+00
  0.00000000E+00  1.14800000E+00  9.82309549E-01 -4.75216144E-03 -9.65702083E-02  1.00000005E-03  3.04059141E-03  3.77552308E+00
  0.00000000E+00  1.15000000E+00  9.82458483E-01 -4.77367538E-03 -9.65683082E-02  1.00000005E-03  3.03863397E-03  3.78230869E+00
  0.00000000E+00  1.15200000E+00  9.82606358E-01 -4.79489424E-03 -9.65673706E-02  1.00000005E-03  3.03667341E-03  3.78909833E+00
  0.00000000E+00  1.15400000E+00  9.82753206E-01 -4.81582751E-03 -9.65673504E-02  1.00000005E-03  3.03470984E-03  3.79589195E+00
  0.00000000E+00  1.15600000E+00  9.82899059E-01 -4.83648471E-03 -9.65682023E-02  1.00000005E-03  3.03274336E-03  3.80268949E+00
  0.00000000E+00  1.15800000E+00  9.83043952E-01 -4.85687533E-03 -9.65698810E-02  1.00000005E-03  3.03077408E-03  3.80949088E+00
  0.00000000E+00  1.16000000E+00  9.83187915E-01 -4.87700890E-03 -9.65723415E-02  1.00000005E-03  3.02880211E-03  3.81629607E+00
  0.00000000E+00  1.16200000E+00  9.83330981E-01 -4.89689490E-03 -9.65755383E-02  1.00000005E-03  3.02682754E-03  3.82310499E+00
  0.00000000E+00  1.16400000E+00  9.83473184E-01 -4.91654285E-03 -9.65794263E-02  1.00000005E-03  3.02485048E-03  3.82991760E+00
  0.00000000E+00  1.16600000E+00  9.83614555E-01 -4.93596226E-03 -9.65839603E-02  1.00000005E-03  3.02287103E-03  3.83673383E+00
  0.00000000E+00  1.16800000E+00  9.83755127E-01 -4.95516264E-03 -9.65890950E-02  1.00000005E-03  3.02088931E-03  3.84355362E+00
  0.00000000E+00  1.17000000E+00  9.83894932E-01 -4.97415348E-03 -9.65947852E-02  1.00000005E-03  3.01890541E-03  3.85037691E+00
  0.00000000E+00  1.17200000E+00  9.84034004E-01 -4.99294429E-03 -9.66009857E-02  1.00000005E-03  3.01691944E-03  3.85720364E+00
  0.00000000E+00  1.17400000E+00  9.84172374E-01 -5.01154459E-03 -9.66076512E-02  1.00000005E-03  3.01493150E-03  3.86403376E+00
  0.00000000E+00  1.17600000E+00  9.84310075E-01 -5.02996387E-03 -9.66147366E-02  1.00000005E-03  3.01294170E-03  3.87086720E+00
  0.00000000E+00  1.17800000E+00  9.84447140E-01 -5.04821165E-03 -9.66221965E-02  1.00000005E-03  3.01095014E-03  3.87770391E+00
  0.00000000E+00  1.18000000E+00  9.84583601E-01 -5.06629742E-03 -9.66299858E-02  1.00000005E-03  3.00895692E-03  3.88454382E+00
  0.00000000E+00  1.18200000E+00  9.84719491E-01 -5.08423071E-03 -9.66380592E-02  1.00000005E-03  3.00696216E-03  3.89138688E+00
  0.00000000E+00  1.18400000E+00  9.84854842E-01 -5.10202100E-03 -9.66463716E-02  1.00000005E-03  3.00496595E-03  3.89823303E+00
  0.00000000E+00  1.18600000E+00  9.84989687E-01 -5.11967782E-03 -9.66548776E-02  1.00000005E-03  3.00296840E-03  3.90508221E+00
  0.00000000E+00  1.18800000E+00  9.85124058E-01 -5.13721066E-03 -9.66635320E-02  1.00000005E-03  3.00096961E-03  3.91193436E+00
  0.00000000E+00  1.19000000E+00  9.85257989E-01 -5.15462904E-03 -9.66722897E-02  1.00000005E-03  2.99896969E-03  3.91878942E+00
  0.00000000E+00  1.19200000E+00  9.85391510E-01 -5.17194245E-03 -9.66811054E-02  1.00000005E-03  2.99696874E-03  3.92564733E+00
  0.00000000E+00  1.19400000E+00  9.85524656E-01 -5.18916041E-03 -9.66899338E-02  1.00000005E-03  2.99496687E-03  3.93250803E+00
  0.00000000E+00  1.19600000E+00  9.85657457E-01 -5.20629242E-03 -9.66987297E-02  1.00000005E-03  2.99296418E-03  3.93937147E+00
  0.00000000E+00  1.19800000E+00  9.85789948E-01 -5.22334799E-03 -9.67074480E-02  1.00000005E-03  2.99096077E-03  3.94623758E+00
  0.00000000E+00  1.20000000E+00  9.85922161E-01 -5.24033662E-03 -9.67160433E-02  1.00000005E-03  2.98895676E-03  3.95310631E+00
  0.00000000E+00  1.20200000E+00  9.86054127E-01 -5.25726782E-03 -9.67244704E-02  1.00000005E-03  2.98695224E-03  3.95997759E+00
  0.00000000E+00  1.20400000E+00  9.86185880E-01 -5.27415110E-03 -9.67326842E-02  1.00000005E-03  2.98494731E-03  3.96685137E+00
  0.00000000E+00  1.20600000E+00  9.86317452E-01 -5.29099596E-03 -9.67406394E-02  1.00000005E-03  2.98294209E-03  3.97372759E+00
  0.00000000E+00  1.20800000E+00  9.86448876E-01 -5.30781192E-03 -9.67482907E-02  1.00000005E-03  2.98093668E-03  3.98060619E+00
  0.00000000E+00  1.21000000E+00  9.86580184E-01 -5.32460847E-03 -9.67555930E-02  1.00000005E-03  2.97893117E-03  3.98748710E+00
  0.00000000E+00  1.21200000E+00  9.86711408E-01 -5.34139512E-03 -9.67625009E-02  1.00000005E-03  2.97692569E-03  3.99437028E+00
  0.00000000E+00  1.21400000E+00  9.86842582E-01 -5.35818138E-03 -9.67689693E-02  1.00000005E-03  2.97492032E-03  4.00125566E+00
  0.00000000E+00  1.21600000E+00  9.86973738E-01 -5.37497675E-03 -9.67749530E-02  1.00000005E-03  2.97291518E-03  4.00814318E+00
  0.00000000E+00  1.21800000E+00  9.87104907E-01 -5.39179075E-03 -9.67804067E-02  1.00000005E-03  2.97091036E-03  4.01503278E+00
  0.00000000E+00  1.22000000E+00  9.87236124E-01 -5.40863288E-03 -9.67852851E-02  1.00000005E-03  2.96890598E-03  4.02192440E+00
  0.00000000E+00  1.22200000E+00  9.87367420E-01 -5.42551264E-03 -9.67895431E-02  1.00000005E-03  2.96690214E-03  4.02881800E+00
  0.00000000E+00  1.22400000E+00  9.87498828E-01 -5.44243954E-03 -9.67931355E-02  1.00000005E-03  2.96489894E-03  4.03571349E+00
  0.00000000E+00  1.22600000E+00  9.87630380E-01 -5.45942309E-03 -9.67960169E-02  1.00000005E-03  2.96289649E-03  4.04261084E+00
  0.00000000E+00  1.22800000E+00  9.87762110E-01 -5.47647279E-03 -9.67981422E-02  1.00000005E-03  2.96089488E-03  4.04950997E+00
  0.00000000E+00  1.23000000E+00  9.87894048E-01 -5.49359816E-03 -9.67994662E-02  1.00000005E-03  2.95889423E-03  4.05641083E+00
  0.00000000E+00  1.23200000E+00  9.88026229E-01 -5.51080869E-03 -9.67999436E-02  1.00000005E-03  2.95689465E-03  4.06331335E+00
  0.00000000E+00  1.23400000E+00  9.88158684E-01 -5.52811389E-03 -9.67995291E-02  1.00000005E-03  2.95489622E-03  4.07021749E+00
  0.00000000E+00  1.23600000E+00  9.88291447E-01 -5.54552327E-03 -9.67981776E-02  1.00000005E-03  2.95289906E-03  4.07712318E+00
  0.00000000E+00  1.23800000E+00  9.88424549E-01 -5.56304634E-03 -9.67958439E-02  1.00000005E-03  2.95090328E-03  4.08403036E+00
  0.00000000E+00  1.24000000E+00  9.88558023E-01 -5.58069260E-03 -9.67924826E-02  1.00000005E-03  2.94890897E-03  4.09093898E+00
  0.00000000E+00  1.24200000E+00  9.88691902E-01 -5.59847156E-03 -9.67880486E-02  1.00000005E-03  2.94691624E-03  4.09784896E+00
  0.00000000E+00  1.24400000E+00  9.88826218E-01 -5.61639273E-03 -9.67824966E-02  1.00000005E-03  2.94492520E-03  4.10476027E+00
  0.00000000E+00  1.24600000E+00  9.88961003E-01 -5.63446560E-03 -9.67757815E-02  1.00000005E-03  2.94293595E-03  4.11167282E+00
  0.00000000E+00  1.24800000E+00  9.89096291E-01 -5.65269970E-03 -9.67678579E-02  1.00000005E-03  2.94094860E-03  4.11858658E+00
  0.00000000E+00  1.25000000E+00  9.89232114E-01 -5.67110451E-03 -9.67586807E-02  1.00000005E-03  2.93896324E-03  4.12550147E+00
  0.00000000E+00  1.25200000E+00  9.89368504E-01 -5.68968956E-03 -9.67482046E-02  1.00000005E-03  2.93697998E-03  4.13241743E+00
  0.00000000E+00  1.25400000E+00  9.89505494E-01 -5.70846435E-03 -9.67363844E-02  1.00000005E-03  2.93499894E-03  4.13933442E+00
  0.00000000E+00  1.25600000E+00  9.89643116E-01 -5.72743838E-03 -9.67231748E-02  1.00000005E-03  2.93302020E-03  4.14625237E+00
  0.00000000E+00  1.25800000E+00  9.89781403E-01 -5.74662115E-03 -9.67085308E-02  1.00000005E-03  2.93104388E-03  4.15317121E+00
  0.00000000E+00  1.26000000E+00  9.89920388E-01 -5.76602219E-03 -9.66924069E-02  1.00000005E-03  2.92907008E-03  4.16009090E+00
  0.00000000E+00  1.26200000E+00  9.90060103E-01 -5.78565098E-03 -9.66747580E-02  1.00000005E-03  2.92709891E-03  4.16701137E+00
  0.00000000E+00  1.26400000E+00  9.90200580E-01 -5.80551705E-03 -9.66555388E-02  1.00000005E-03  2.92513047E-03  4.17393256E+00
  0.00000000E+00  1.26600000E+00  9.90341852E-01 -5.82562989E-03 -9.66347042E-02  1.00000005E-03  2.92316486E-03  4.18085442E+00
  0.00000000E+00  1.26800000E+00  9.90483952E-01 -5.84599901E-03 -9.66122089E-02  1.00000005E-03  2.92120218E-03  4.18777688E+00
  0.00000000E+00  1.27000000E+00  9.90626912E-01 -5.86663393E-03 -9.65880076E-02  1.00000005E-03  2.91924255E-03  4.19469989E+00
  0.00000000E+00  1.27200000E+00  9.90770764E-01 -5.88754413E-03 -9.65620552E-02  1.00000005E-03  2.91728607E-03  4.20162338E+00
  0.00000000E+00  1.27400000E+00  9.90915542E-01 -5.90873914E-03 -9.65343064E-02  1.00000005E-03  2.91533284E-03  4.20854731E+00
  0.00000000E+00  1.27600000E+00  9.91061277E-01 -5.93022845E-03 -9.65047159E-02  1.00000005E-03  2.91338296E-03  4.21547160E+00
  0.00000000E+00  1.27800000E+00  9.91208003E-01 -5.95202158E-03 -9.64732386E-02  1.00000005E-03  2.91143655E-03  4.22239620E+00
  0.00000000E+00  1.28000000E+00  9.91355751E-01 -5.97412803E-03 -9.64398293E-02  1.00000005E-03  2.90949370E-03  4.22932105E+00
  0.00000000E+00  1.28200000E+00  9.91504555E-01 -5.99655730E-03 -9.64044426E-02  1.00000005E-03  2.90755451E-03  4.23624609E+00
  0.00000000E+00  1.28400000E+00  9.91654446E-01 -6.01931891E-03 -9.63670334E-02  1.00000005E-03  2.90561910E-03  4.24317126E+00
  0.00000000E+00  1.28600000E+00  9.91805458E-01 -6.04242235E-03 -9.63275564E-02  1.00000005E-03  2.90368757E-03  4.25009650E+00
  0.00000000E+00  1.28800000E+00  9.91957623E-01 -6.06587714E-03 -9.62859665E-02  1.00000005E-03  2.90176002E-03  4.25702176E+00
  0.00000000E+00  1.29000000E+00  9.92110973E-01 -6.08969279E-03 -9.62422183E-02  1.00000005E-03  2.89983655E-03  4.26394698E+00
  0.00000000E+00  1.29200000E+00  9.92265541E-01 -6.11387879E-03 -9.61962667E-02  1.00000005E-03  2.89791728E-03  4.27087208E+00
  0.00000000E+00  1.29400000E+00  9.92421359E-01 -6.13844465E-03 -9.61480663E-02  1.00000005E-03  2.89600230E-03  4.27779703E+00
  0.00000000E+00  1.29600000E+00  9.92578461E-01 -6.16339989E-03 -9.60975721E-02  1.00000005E-03  2.89409172E-03  4.28472175E+00
  0.00000000E+00  1.29800000E+00  9.92736878E-01 -6.18875401E-03 -9.60447388E-02  1.00000005E-03  2.89218564E-03  4.29164619E+00
  0.00000000E+00  1.30000000E+00  9.92896643E-01 -6.21451651E-03 -9.59895211E-02  1.00000005E-03  2.89028417E-03  4.29857029E+00
  0.00000000E+00  1.30200000E+00  9.93057789E-01 -6.24069689E-03 -9.59318737E-02  1.00000005E-03  2.88838742E-03  4.30549399E+00
  0.00000000E+00  1.30400000E+00  9.93220348E-01 -6.26730468E-03 -9.58717516E-02  1.00000005E-03  2.88649548E-03  4.31241722E+00
  0.00000000E+00  1.30600000E+00  9.93384352E-01 -6.29434937E-03 -9.58091094E-02  1.00000005E-03  2.88460846E-03  4.31933994E+00
  0.00000000E+00  1.30800000E+00  9.93549835E-01 -6.32184047E-03 -9.57439020E-02  1.00000005E-03  2.88272647E-03  4.32626209E+00
  0.00000000E+00  1.31000000E+00  9.93716828E-01 -6.34978748E-03 -9.56760840E-02  1.00000005E-03  2.88084960E-03  4.33318359E+00
  0.00000000E+00  1.31200000E+00  9.93885365E-01 -6.37819992E-03 -9.56056103E-02  1.00000005E-03  2.87897797E-03  4.34010440E+00
  0.00000000E+00  1.31400000E+00  9.94055477E-01 -6.40708728E-03 -9.55324356E-02  1.00000005E-03  2.87711168E-03  4.34702446E+00
  0.00000000E+00  1.31600000E+00  9.94227198E-01 -6.43645908E-03 -9.54565148E-02  1.00000005E-03  2.87525084E-03  4.35394370E+00
  0.00000000E+00  1.31800000E+00  9.94400560E-01 -6.46632482E-03 -9.53778025E-02  1.00000005E-03  2.87339554E-03  4.36086206E+00
  0.00000000E+00  1.32000000E+00  9.94575595E-01 -6.49669401E-03 -9.52962535E-02  1.00000005E-03  2.87154589E-03  4.36777950E+00
  0.00000000E+00  1.32200000E+00  9.94752336E-01 -6.52757616E-03 -9.52118227E-02  1.00000005E-03  2.86970200E-03  4.37469594E+00
  0.00000000E+00  1.32400000E+00  9.94930815E-01 -6.55898076E-03 -9.51244648E-02  1.00000005E-03  2.86786396E-03  4.38161133E+00
  0.00000000E+00  1.32600000E+00  9.95111066E-01 -6.59091733E-03 -9.50341345E-02  1.00000005E-03  2.86603190E-03  4.38852561E+00
  0.00000000E+00  1.32800000E+00  9.95275686E-01 -6.61777848E-03 -9.49712184E-02  1.00000005E-03  2.86416256E-03  4.39547526E+00
  0.00000000E+00  1.33000000E+00  9.95374737E-01 -6.62356510E-03 -9.50223605E-02  1.00000005E-03  2.86213206E-03  4.40256374E+00
  0.00000000E+00  1.33200000E+00  9.95474649E-01 -6.62974143E-03 -9.50712435E-02  1.00000005E-03  2.86010577E-03  4.40965108E+00
  0.00000000E+00  1.33400000E+00  9.95575408E-01 -6.63630159E-03 -9.51178997E-02  1.00000005E-03  2.85808364E-03  4.41673732E+00
  0.00000000E+00  1.33600000E+00  9.95677000E-01 -6.64323971E-03 -9.51623614E-02  1.00000005E-03  2.85606564E-03  4.42382249E+00
  0.00000000E+00  1.33800000E+00  9.95779410E-01 -6.65054993E-03 -9.52046610E-02  1.00000005E-03  2.85405173E-03  4.43090663E+00
  0.00000000E+00  1.34000000E+00  9.95882622E-01 -6.65822636E-03 -9.52448309E-02  1.00000005E-03  2.85204187E-03  4.43798977E+00
  0.00000000E+00  1.34200000E+00  9.95986622E-01 -6.66626313E-03 -9.52829033E-02  1.00000005E-03  2.85003602E-03  4.44507195E+00
  0.00000000E+00  1.34400000E+00  9.96091395E-01 -6.67465439E-03 -9.53189105E-02  1.00000005E-03  2.84803414E-03  4.45215321E+00
  0.00000000E+00  1.34600000E+00  9.96196927E-01 -6.68339424E-03 -9.53528850E-02  1.00000005E-03  2.84603620E-03  4.45923358E+00
  0.00000000E+00  1.34800000E+00  9.96303202E-01 -6.69247683E-03 -9.53848590E-02  1.00000005E-03  2.84404216E-03  4.46631310E+00
  0.00000000E+00  1.35000000E+00  9.96410205E-01 -6.70189627E-03 -9.54148649E-02  1.00000005E-03  2.84205198E-03  4.47339180E+00
  0.00000000E+00  1.35200000E+00  9.96517922E-01 -6.71164670E-03 -9.54429349E-02  1.00000005E-03  2.84006563E-03  4.48046972E+00
  0.00000000E+00  1.35400000E+00  9.96626339E-01 -6.72172225E-03 -9.54691015E-02  1.00000005E-03  2.83808306E-03  4.48754690E+00
  0.00000000E+00  1.35600000E+00  9.96735439E-01 -6.73211704E-03 -9.54933970E-02  1.00000005E-03  2.83610424E-03  4.49462337E+00
  0.00000000E+00  1.35800000E+00  9.96845208E-01 -6.74282520E-03 -9.55158537E-02  1.00000005E-03  2.83412912E-03  4.50169916E+00
  0.00000000E+00  1.36000000E+00  9.96955632E-01 -6.75384087E-03 -9.55365038E-02  1.00000005E-03  2.83215768E-03  4.50877433E+00
  0.00000000E+00  1.36200000E+00  9.97066696E-01 -6.76515816E-03 -9.55553799E-02  1.00000005E-03  2.83018988E-03  4.51584888E+00
  0.00000000E+00  1.36400000E+00  9.97178384E-01 -6.77677121E-03 -9.55725141E-02  1.00000005E-03  2.82822566E-03  4.52292288E+00
  0.00000000E+00  1.36600000E+00  9.97290683E-01 -6.78867414E-03 -9.55879389E-02  1.00000005E-03  2.82626501E-03  4.52999635E+00
  0.00000000E+00  1.36800000E+00  9.97403576E-01 -6.80086109E-03 -9.56016865E-02  1.00000005E-03  2.82430788E-03  4.53706932E+00
  0.00000000E+00  1.37000000E+00  9.97517050E-01 -6.81332618E-03 -9.56137892E-02  1.00000005E-03  2.82235423E-03  4.54414184E+00
  0.00000000E+00  1.37200000E+00  9.97631089E-01 -6.82606354E-03 -9.56242795E-02  1.00000005E-03  2.82040402E-03  4.55121393E+00
  0.00000000E+00  1.37400000E+00  9.97745679E-01 -6.83906730E-03 -9.56331897E-02  1.00000005E-03  2.81845722E-03  4.55828564E+00
  0.00000000E+00  1.37600000E+00  9.97860805E-01 -6.85233158E-03 -9.56405520E-02  1.00000005E-03  2.81651379E-03  4.56535701E+00
  0.00000000E+00  1.37800000E+00  9.97976451E-01 -6.86585052E-03 -9.56463988E-02  1.00000005E-03  2.81457369E-03  4.57242806E+00
  0.00000000E+00  1.38000000E+00  9.98092604E-01 -6.87961824E-03 -9.56507625E-02  1.00000005E-03  2.81263689E-03  4.57949883E+00
  0.00000000E+00  1.38200000E+00  9.98209249E-01 -6.89362887E-03 -9.56536753E-02  1.00000005E-03  2.81070333E-03  4.58656936E+00
  0.00000000E+00  1.38400000E+00  9.98326369E-01 -6.90787654E-03 -9.56551697E-02  1.00000005E-03  2.80877300E-03  4.59363969E+00
  0.00000000E+00  1.38600000E+00  9.98443952E-01 -6.92235538E-03 -9.56552778E-02  1.00000005E-03  2.80684584E-03  4.60070984E+00
  0.00000000E+00  1.38800000E+00  9.98561981E-01 -6.93705952E-03 -9.56540321E-02  1.00000005E-03  2.80492183E-03  4.60777987E+00
  0.00000000E+00  1.39000000E+00  9.98680442E-01 -6.95198308E-03 -9.56514650E-02  1.00000005E-03  2.80300092E-03  4.61484979E+00
  0.00000000E+00  1.39200000E+00  9.98799320E-01 -6.96712019E-03 -9.56476086E-02  1.00000005E-03  2.80108308E-03  4.62191966E+00
  0.00000000E+00  1.39400000E+00  9.98918601E-01 -6.98246498E-03 -9.56424954E-02  1.00000005E-03  2.79916826E-03  4.62898950E+00
  0.00000000E+00  1.39600000E+00  9.99038269E-01 -6.99801158E-03 -9.56361577E-02  1.00000005E-03  2.79725643E-03  4.63605935E+00
  0.00000000E+00  1.39800000E+00  9.99158310E-01 -7.01375412E-03 -9.56286278E-02  1.00000005E-03  2.79534756E-03  4.64312924E+00
  0.00000000E+00  1.40000000E+00  9.99278709E-01 -7.02968672E-03 -9.56199381E-02  1.00000005E-03  2.79344160E-03  4.65019922E+00
  0.00000000E+00  1.40200000E+00  9.99399451E-01 -7.04580352E-03 -9.56101208E-02  1.00000005E-03  2.79153852E-03  4.65726932E+00
  0.00000000E+00  1.40400000E+00  9.99520521E-01 -7.06209864E-03 -9.55992084E-02  1.00000005E-03  2.78963827E-03  4.66433957E+00
  0.00000000E+00  1.40600000E+00  9.99641905E-01 -7.07856621E-03 -9.55872331E-02  1.00000005E-03  2.78774083E-03  4.67141001E+00
  0.00000000E+00  1.40800000E+00  9.99763587E-01 -7.09520036E-03 -9.55742273E-02  1.00000005E-03  2.78584615E-03  4.67848068E+00
  0.00000000E+00  1.41000000E+00  9.99885553E-01 -7.11199522E-03 -9.55602233E-02  1.00000005E-03  2.78395419E-03  4.68555161E+00
  0.00000000E+00  1.41200000E+00  1.00000779E+00 -7.12894491E-03 -9.55452534E-02  1.00000005E-03  2.78206492E-03  4.69262284E+00
  0.00000000E+00  1.41400000E+00  1.00013028E+00 -7.14604356E-03 -9.55293500E-02  1.00000005E-03  2.78017830E-03  4.69969440E+00
  0.00000000E+00  1.41600000E+00  1.00025300E+00 -7.16328531E-03 -9.55125454E-02  1.00000005E-03  2.77829429E-03  4.70676633E+00
  0.00000000E+00  1.41800000E+00  1.00037596E+00 -7.18066427E-03 -9.54948719E-02  1.00000005E-03  2.77641286E-03  4.71383867E+00
  0.00000000E+00  1.42000000E+00  1.00049912E+00 -7.19817459E-03 -9.54763619E-02  1.00000005E-03  2.77453396E-03  4.72091145E+00
  0.00000000E+00  1.42200000E+00  1.00062248E+00 -7.21581038E-03 -9.54570476E-02  1.00000005E-03  2.77265756E-03  4.72798470E+00
  0.00000000E+00  1.42400000E+00  1.00074601E+00 -7.23356578E-03 -9.54369615E-02  1.00000005E-03  2.77078362E-03  4.73505847E+00
  0.00000000E+00  1.42600000E+00  1.00086971E+00 -7.25143491E-03 -9.54161359E-02  1.00000005E-03  2.76891210E-03  4.74213279E+00
  0.00000000E+00  1.42800000E+00  1.00099357E+00 -7.26941190E-03 -9.53946030E-02  1.00000005E-03  2.76704296E-03  4.74920770E+00
  0.00000000E+00  1.43000000E+00  1.00111755E+00 -7.28749088E-03 -9.53723953E-02  1.00000005E-03  2.76517617E-03  4.75628323E+00
  0.00000000E+00  1.43200000E+00  1.00124166E+00 -7.30566598E-03 -9.53495450E-02  1.00000005E-03  2.76331169E-03  4.76335941E+00
  0.00000000E+00  1.43400000E+00  1.00136587E+00 -7.32393132E-03 -9.53260845E-02  1.00000005E-03  2.76144948E-03  4.77043629E+00
  0.00000000E+00  1.43600000E+00  1.00149018E+00 -7.34228104E-03 -9.53020461E-02  1.00000005E-03  2.75958950E-03  4.77751390E+00
  0.00000000E+00  1.43800000E+00  1.00161456E+00 -7.36070927E-03 -9.52774621E-02  1.00000005E-03  2.75773172E-03  4.78459227E+00
  0.00000000E+00  1.44000000E+00  1.00173900E+00 -7.37921012E-03 -9.52523649E-02  1.00000005E-03  2.75587609E-03  4.79167145E+00
  0.00000000E+00  1.44200000E+00  1.00186349E+00 -7.39777774E-03 -9.52267868E-02  1.00000005E-03  2.75402258E-03  4.79875146E+00
  0.00000000E+00  1.44400000E+00  1.00198801E+00 -7.41640624E-03 -9.52007601E-02  1.00000005E-03  2.75217116E-03  4.80583234E+00
  0.00000000E+00  1.44600000E+00  1.00211255E+00 -7.43508976E-03 -9.51743172E-02  1.00000005E-03  2.75032177E-03  4.81291413E+00
  0.00000000E+00  1.44800000E+00  1.00223709E+00 -7.45382242E-03 -9.51474904E-02  1.00000005E-03  2.74847440E-03  4.81999687E+00
  0.00000000E+00  1.45000000E+00  1.00236161E+00 -7.47259835E-03 -9.51203121E-02  1.00000005E-03  2.74662899E-03  4.82708059E+00
  0.00000000E+00  1.45200000E+00  1.00248611E+00 -7.49141169E-03 -9.50928145E-02  1.00000005E-03  2.74478551E-03  4.83416533E+00
  0.00000000E+00  1.45400000E+00  1.00261057E+00 -7.51025656E-03 -9.50650299E-02  1.00000005E-03  2.74294392E-03  4.84125112E+00
  0.00000000E+00  1.45600000E+00  1.00273497E+00 -7.52912708E-03 -9.50369908E-02  1.00000005E-03  2.74110418E-03  4.84833800E+00
  0.00000000E+00  1.45800000E+00  1.00285929E+00 -7.54801739E-03 -9.50087295E-02  1.00000005E-03  2.73926627E-03  4.85542600E+00
  0.00000000E+00  1.46000000E+00  1.00298353E+00 -7.56692161E-03 -9.49802782E-02  1.00000005E-03  2.73743013E-03  4.86251516E+00
  0.00000000E+00  1.46200000E+00  1.00310767E+00 -7.58583388E-03 -9.49516694E-02  1.00000005E-03  2.73559573E-03  4.86960552E+00
  0.00000000E+00  1.46400000E+00  1.00323169E+00 -7.60474832E-03 -9.49229352E-02  1.00000005E-03  2.73376303E-03  4.87669711E+00
  0.00000000E+00  1.46600000E+00  1.00335558E+00 -7.62365905E-03 -9.48941082E-02  1.00000005E-03  2.73193199E-03  4.88378997E+00
  0.00000000E+00  1.46800000E+00  1.00347933E+00 -7.64256022E-03 -9.48652206E-02  1.00000005E-03  2.73010259E-03  4.89088414E+00
  0.00000000E+00  1.47000000E+00  1.00360291E+00 -7.66144594E-03 -9.48363047E-02  1.00000005E-03  2.72827477E-03  4.89797965E+00
  0.00000000E+00  1.47200000E+00  1.00372631E+00 -7.68031034E-03 -9.48073929E-02  1.00000005E-03  2.72644850E-03  4.90507653E+00
  0.00000000E+00  1.47400000E+00  1.00384953E+00 -7.69914756E-03 -9.47785174E-02  1.00000005E-03  2.72462375E-03  4.91217482E+00
  0.00000000E+00  1.47600000E+00  1.00397254E+00 -7.71795171E-03 -9.47497107E-02  1.00000005E-03  2.72280047E-03  4.91927456E+00
  0.00000000E+00  1.47800000E+00  1.00409533E+00 -7.73671694E-03 -9.47210051E-02  1.00000005E-03  2.72097863E-03  4.92637579E+00
  0.00000000E+00  1.48000000E+00  1.00421788E+00 -7.75543736E-03 -9.46924329E-02  1.00000005E-03  2.71915819E-03  4.93347854E+00
  0.00000000E+00  1.48200000E+00  1.00434019E+00 -7.77410711E-03 -9.46640263E-02  1.00000005E-03  2.71733911E-03  4.94058284E+00
  0.00000000E+00  1.48400000E+00  1.00446223E+00 -7.79272031E-03 -9.46358179E-02  1.00000005E-03  2.71552136E-03  4.94768873E+00
  0.00000000E+00  1.48600000E+00  1.00458399E+00 -7.81127110E-03 -9.46078398E-02  1.00000005E-03  2.71370489E-03  4.95479626E+00
  0.00000000E+00  1.48800000E+00  1.00470545E+00 -7.82975359E-03 -9.45801244E-02  1.00000005E-03  2.71188966E-03  4.96190544E+00
  0.00000000E+00  1.49000000E+00  1.00482661E+00 -7.84816193E-03 -9.45527041E-02  1.00000005E-03  2.71007565E-03  4.96901633E+00
  0.00000000E+00  1.49200000E+00  1.00494744E+00 -7.86649023E-03 -9.45256112E-02  1.00000005E-03  2.70826281E-03  4.97612895E+00
  0.00000000E+00  1.49400000E+00  1.00506793E+00 -7.88473263E-03 -9.44988779E-02  1.00000005E-03  2.70645111E-03  4.98324334E+00
  0.00000000E+00  1.49600000E+00  1.00518807E+00 -7.90288325E-03 -9.44725368E-02  1.00000005E-03  2.70464050E-03  4.99035954E+00
  0.00000000E+00  1.49800000E+00  1.00530784E+00 -7.92093622E-03 -9.44466199E-02  1.00000005E-03  2.70283095E-03  4.99747759E+00
  0.00000000E+00  1.50000000E+00  1.00542722E+00 -7.93888567E-03 -9.44211598E-02  1.00000005E-03  2.70102242E-03  5.00459751E+00
  0.00000000E+00  1.50200000E+00  1.00554621E+00 -7.95672573E-03 -9.43961887E-02  1.00000005E-03  2.69921487E-03  5.01171935E+00
  0.00000000E+00  1.50400000E+00  1.00566478E+00 -7.97445053E-03 -9.43717390E-02  1.00000005E-03  2.69740827E-03  5.01884314E+00
  0.00000000E+00  1.50600000E+00  1.00578293E+00 -7.99205419E-03 -9.43478430E-02  1.00000005E-03  2.69560258E-03  5.02596892E+00
  0.00000000E+00  1.50800000E+00  1.00590063E+00 -8.00953085E-03 -9.43245330E-02  1.00000005E-03  2.69379775E-03  5.03309672E+00
  0.00000000E+00  1.51000000E+00  1.00601788E+00 -8.02687462E-03 -9.43018414E-02  1.00000005E-03  2.69199376E-03  5.04022658E+00
  0.00000000E+00  1.51200000E+00  1.00613465E+00 -8.04407965E-03 -9.42798004E-02  1.00000005E-03  2.69019056E-03  5.04735854E+00
  0.00000000E+00  1.51400000E+00  1.00625094E+00 -8.06114006E-03 -9.42584425E-02  1.00000005E-03  2.68838811E-03  5.05449263E+00
  0.00000000E+00  1.51600000E+00  1.00636672E+00 -8.07804997E-03 -9.42377999E-02  1.00000005E-03  2.68658639E-03  5.06162888E+00
  0.00000000E+00  1.51800000E+00  1.00648199E+00 -8.09480352E-03 -9.42179050E-02  1.00000005E-03  2.68478534E-03  5.06876734E+00
  0.00000000E+00  1.52000000E+00  1.00659672E+00 -8.11139483E-03 -9.41987901E-02  1.00000005E-03  2.68298494E-03  5.07590803E+00
  0.00000000E+00  1.52200000E+00  1.00671091E+00 -8.12781803E-03 -9.41804876E-02  1.00000005E-03  2.68118514E-03  5.08305100E+00
  0.00000000E+00  1.52400000E+00  1.00682454E+00 -8.14406725E-03 -9.41630297E-02  1.00000005E-03  2.67938590E-03  5.09019628E+00
  0.00000000E+00  1.52600000E+00  1.00693759E+00 -8.16013662E-03 -9.41464489E-02  1.00000005E-03  2.67758720E-03  5.09734391E+00
  0.00000000E+00  1.52800000E+00  1.00705004E+00 -8.17602027E-03 -9.41307774E-02  1.00000005E-03  2.67578898E-03  5.10449392E+00
  0.00000000E+00  1.53000000E+00  1.00716190E+00 -8.19171232E-03 -9.41160475E-02  1.00000005E-03  2.67399122E-03  5.11164635E+00
  0.00000000E+00  1.53200000E+00  1.00727313E+00 -8.20720690E-03 -9.41022917E-02  1.00000005E-03  2.67219388E-03  5.11880124E+00
  0.00000000E+00  1.53400000E+00  1.00738373E+00 -8.22249815E-03 -9.40895421E-02  1.00000005E-03  2.67039690E-03  5.12595861E+00
  0.00000000E+00  1.53600000E+00  1.00749367E+00 -8.23758018E-03 -9.40778313E-02  1.00000005E-03  2.66860027E-03  5.13311851E+00
  0.00000000E+00  1.53800000E+00  1.00760295E+00 -8.25244713E-03 -9.40671914E-02  1.00000005E-03  2.66680394E-03  5.14028098E+00
  0.00000000E+00  1.54000000E+00  1.00771155E+00 -8.26709313E-03 -9.40576549E-02  1.00000005E-03  2.66500788E-03  5.14744604E+00
  0.00000000E+00  1.54200000E+00  1.00781946E+00 -8.28151230E-03 -9.40492540E-02  1.00000005E-03  2.66321204E-03  5.15461373E+00
  0.00000000E+00  1.54400000E+00  1.00792665E+00 -8.29569877E-03 -9.40420211E-02  1.00000005E-03  2.66141638E-03  5.16178410E+00
  0.00000000E+00  1.54600000E+00  1.00803313E+00 -8.30964668E-03 -9.40359885E-02  1.00000005E-03  2.65962088E-03  5.16895717E+00
  0.00000000E+00  1.54800000E+00  1.00813886E+00 -8.32335014E-03 -9.40311886E-02  1.00000005E-03  2.65782549E-03  5.17613299E+00
  0.00000000E+00  1.55000000E+00  1.00824383E+00 -8.33680329E-03 -9.40276536E-02  1.00000005E-03  2.65603017E-03  5.18331158E+00
  0.00000000E+00  1.55200000E+00  1.00834804E+00 -8.35000026E-03 -9.40254160E-02  1.00000005E-03  2.65423489E-03  5.19049299E+00
  0.00000000E+00  1.55400000E+00  1.00845147E+00 -8.36293517E-03 -9.40245080E-02  1.00000005E-03  2.65243961E-03  5.19767724E+00
  0.00000000E+00  1.55600000E+00  1.00855409E+00 -8.37560215E-03 -9.40249619E-02  1.00000005E-03  2.65064428E-03  5.20486439E+00
  0.00000000E+00  1.55800000E+00  1.00865590E+00 -8.38799533E-03 -9.40268102E-02  1.00000005E-03  2.64884888E-03  5.21205445E+00
  0.00000000E+00  1.56000000E+00  1.00875689E+00 -8.40010885E-03 -9.40300851E-02  1.00000005E-03  2.64705337E-03  5.21924747E+00
  0.00000000E+00  1.56200000E+00  1.00885703E+00 -8.41193681E-03 -9.40348190E-02  1.00000005E-03  2.64525770E-03  5.22644349E+00
  0.00000000E+00  1.56400000E+00  1.00895631E+00 -8.42347337E-03 -9.40410442E-02  1.00000005E-03  2.64346184E-03  5.23364253E+00
  0.00000000E+00  1.56600000E+00  1.00905472E+00 -8.43471263E-03 -9.40487930E-02  1.00000005E-03  2.64166575E-03  5.24084464E+00
  0.00000000E+00  1.56800000E+00  1.00915224E+00 -8.44564874E-03 -9.40580978E-02  1.00000005E-03  2.63986940E-03  5.24804986E+00
  0.00000000E+00  1.57000000E+00  1.00924886E+00 -8.45627582E-03 -9.40689908E-02  1.00000005E-03  2.63807274E-03  5.25525821E+00
  0.00000000E+00  1.57200000E+00  1.00934456E+00 -8.46658799E-03 -9.40815045E-02  1.00000005E-03  2.63627573E-03  5.26246973E+00
  0.00000000E+00  1.57400000E+00  1.00943933E+00 -8.47657940E-03 -9.40956711E-02  1.00000005E-03  2.63447835E-03  5.26968446E+00
  0.00000000E+00  1.57600000E+00  1.00953315E+00 -8.48624415E-03 -9.41115231E-02  1.00000005E-03  2.63268055E-03  5.27690244E+00
  0.00000000E+00  1.57800000E+00  1.00962601E+00 -8.49557639E-03 -9.41290926E-02  1.00000005E-03  2.63088229E-03  5.28412370E+00
  0.00000000E+00  1.58000000E+00  1.00971790E+00 -8.50457024E-03 -9.41484121E-02  1.00000005E-03  2.62908354E-03  5.29134828E+00
  0.00000000E+00  1.58200000E+00  1.00980879E+00 -8.51321983E-03 -9.41695139E-02  1.00000005E-03  2.62728426E-03  5.29857621E+00
  0.00000000E+00  1.58400000E+00  1.00989867E+00 -8.52151929E-03 -9.41924303E-02  1.00000005E-03  2.62548440E-03  5.30580753E+00
  0.00000000E+00  1.58600000E+00  1.00998754E+00 -8.52946274E-03 -9.42171936E-02  1.00000005E-03  2.62368394E-03  5.31304227E+00
  0.00000000E+00  1.58800000E+00  1.01007537E+00 -8.53704432E-03 -9.42438362E-02  1.00000005E-03  2.62188284E-03  5.32028048E+00
  0.00000000E+00  1.59000000E+00  1.01016215E+00 -8.54425815E-03 -9.42723904E-02  1.00000005E-03  2.62008105E-03  5.32752218E+00
  0.00000000E+00  1.59200000E+00  1.01024786E+00 -8.55109835E-03 -9.43028886E-02  1.00000005E-03  2.61827854E-03  5.33476741E+00
  0.00000000E+00  1.59400000E+00  1.01033249E+00 -8.55755907E-03 -9.43353630E-02  1.00000005E-03  2.61647527E-03  5.34201622E+00
  0.00000000E+00  1.59600000E+00  1.01041603E+00 -8.56363443E-03 -9.43698460E-02  1.00000005E-03  2.61467120E-03  5.34926862E+00
  0.00000000E+00  1.59800000E+00  1.01049845E+00 -8.56931855E-03 -9.44063699E-02  1.00000005E-03  2.61286630E-03  5.35652467E+00
  0.00000000E+00  1.60000000E+00  1.01057975E+00 -8.57460556E-03 -9.44449671E-02  1.00000005E-03  2.61106052E-03  5.36378440E+00
  0.00000000E+00  1.60200000E+00  1.01065991E+00 -8.57948959E-03 -9.44856700E-02  1.00000005E-03  2.60925384E-03  5.37104784E+00
  0.00000000E+00  1.60400000E+00  1.01075050E+00 -8.58878623E-03 -9.45000359E-02  1.00000005E-03  2.60746618E-03  5.37829210E+00
  0.00000000E+00  1.60600000E+00  1.01087061E+00 -8.61039180E-03 -9.44414436E-02  1.00000005E-03  2.60573020E-03  5.38548020E+00
  0.00000000E+00  1.60800000E+00  1.01099001E+00 -8.63168994E-03 -9.43844125E-02  1.00000005E-03  2.60399360E-03  5.39267244E+00
  0.00000000E+00  1.61000000E+00  1.01110870E+00 -8.65268451E-03 -9.43289201E-02  1.00000005E-03  2.60225640E-03  5.39986880E+00
  0.00000000E+00  1.61200000E+00  1.01122669E+00 -8.67337940E-03 -9.42749441E-02  1.00000005E-03  2.60051861E-03  5.40706928E+00
  0.00000000E+00  1.61400000E+00  1.01134399E+00 -8.69377846E-03 -9.42224621E-02  1.00000005E-03  2.59878023E-03  5.41427386E+00
  0.00000000E+00  1.61600000E+00  1.01146062E+00 -8.71388557E-03 -9.41714517E-02  1.00000005E-03  2.59704129E-03  5.42148255E+00
  0.00000000E+00  1.61800000E+00  1.01157657E+00 -8.73370458E-03 -9.41218906E-02  1.00000005E-03  2.59530180E-03  5.42869532E+00
  0.00000000E+00  1.62000000E+00  1.01169186E+00 -8.75323938E-03 -9.40737563E-02  1.00000005E-03  2.59356177E-03  5.43591218E+00
  0.00000000E+00  1.62200000E+00  1.01180649E+00 -8.77249384E-03 -9.40270266E-02  1.00000005E-03  2.59182122E-03  5.44313310E+00
  0.00000000E+00  1.62400000E+00  1.01192048E+00 -8.79147181E-03 -9.39816789E-02  1.00000005E-03  2.59008015E-03  5.45035809E+00
  0.00000000E+00  1.62600000E+00  1.01203383E+00 -8.81017717E-03 -9.39376911E-02  1.00000005E-03  2.58833859E-03  5.45758712E+00
  0.00000000E+00  1.62800000E+00  1.01214654E+00 -8.82861378E-03 -9.38950406E-02  1.00000005E-03  2.58659654E-03  5.46482020E+00
  0.00000000E+00  1.63000000E+00  1.01225863E+00 -8.84678552E-03 -9.38537052E-02  1.00000005E-03  2.58485403E-03  5.47205732E+00
  0.00000000E+00  1.63200000E+00  1.01237011E+00 -8.86469626E-03 -9.38136624E-02  1.00000005E-03  2.58311105E-03  5.47929846E+00
  0.00000000E+00  1.63400000E+00  1.01248098E+00 -8.88234985E-03 -9.37748898E-02  1.00000005E-03  2.58136764E-03  5.48654361E+00
  0.00000000E+00  1.63600000E+00  1.01259126E+00 -8.89975018E-03 -9.37373652E-02  1.00000005E-03  2.57962379E-03  5.49379277E+00
  0.00000000E+00  1.63800000E+00  1.01270094E+00 -8.91690111E-03 -9.37010661E-02  1.00000005E-03  2.57787953E-03  5.50104593E+00
  0.00000000E+00  1.64000000E+00  1.01281004E+00 -8.93380651E-03 -9.36659701E-02  1.00000005E-03  2.57613486E-03  5.50830307E+00
  0.00000000E+00  1.64200000E+00  1.01291857E+00 -8.95047025E-03 -9.36320550E-02  1.00000005E-03  2.57438981E-03  5.51556420E+00
  0.00000000E+00  1.64400000E+00  1.01302653E+00 -8.96689619E-03 -9.35992982E-02  1.00000005E-03  2.57264438E-03  5.52282929E+00
  0.00000000E+00  1.64600000E+00  1.01313394E+00 -8.98308820E-03 -9.35676775E-02  1.00000005E-03  2.57089858E-03  5.53009834E+00
  0.00000000E+00  1.64800000E+00  1.01324079E+00 -8.99905016E-03 -9.35371704E-02  1.00000005E-03  2.56915244E-03  5.53737134E+00
  0.00000000E+00  1.65000000E+00  1.01334711E+00 -9.01478593E-03 -9.35077546E-02  1.00000005E-03  2.56740597E-03  5.54464828E+00
  0.00000000E+00  1.65200000E+00  1.01345289E+00 -9.03029939E-03 -9.34794077E-02  1.00000005E-03  2.56565917E-03  5.55192916E+00
  0.00000000E+00  1.65400000E+00  1.01355815E+00 -9.04559439E-03 -9.34521074E-02  1.00000005E-03  2.56391207E-03  5.55921395E+00
  0.00000000E+00  1.65600000E+00  1.01366290E+00 -9.06067481E-03 -9.34258312E-02  1.00000005E-03  2.56216467E-03  5.56650266E+00
  0.00000000E+00  1.65800000E+00  1.01376713E+00 -9.07554451E-03 -9.34005569E-02  1.00000005E-03  2.56041699E-03  5.57379528E+00
  0.00000000E+00  1.66000000E+00  1.01387087E+00 -9.09020738E-03 -9.33762620E-02  1.00000005E-03  2.55866905E-03  5.58109179E+00
  0.00000000E+00  1.66200000E+00  1.01397412E+00 -9.10466726E-03 -9.33529241E-02  1.00000005E-03  2.55692085E-03  5.58839218E+00
  0.00000000E+00  1.66400000E+00  1.01407688E+00 -9.11892804E-03 -9.33305209E-02  1.00000005E-03  2.55517241E-03  5.59569645E+00
  0.00000000E+00  1.66600000E+00  1.01417916E+00 -9.13299358E-03 -9.33090300E-02  1.00000005E-03  2.55342375E-03  5.60300459E+00
  0.00000000E+00  1.66800000E+00  1.01428099E+00 -9.14686775E-03 -9.32884291E-02  1.00000005E-03  2.55167487E-03  5.61031659E+00
  0.00000000E+00  1.67000000E+00  1.01438235E+00 -9.16055442E-03 -9.32686957E-02  1.00000005E-03  2.54992579E-03  5.61763243E+00
  0.00000000E+00  1.67200000E+00  1.01448326E+00 -9.17405746E-03 -9.32498075E-02  1.00000005E-03  2.54817653E-03  5.62495212E+00
  0.00000000E+00  1.67400000E+00  1.01458373E+00 -9.18738073E-03 -9.32317421E-02  1.00000005E-03  2.54642710E-03  5.63227563E+00
  0.00000000E+00  1.67600000E+00  1.01468377E+00 -9.20052811E-03 -9.32144772E-02  1.00000005E-03  2.54467750E-03  5.63960297E+00
  0.00000000E+00  1.67800000E+00  1.01478338E+00 -9.21350346E-03 -9.31979903E-02  1.00000005E-03  2.54292777E-03  5.64693412E+00
  0.00000000E+00  1.68000000E+00  1.01488257E+00 -9.22631065E-03 -9.31822591E-02  1.00000005E-03  2.54117790E-03  5.65426907E+00
  0.00000000E+00  1.68200000E+00  1.01498136E+00 -9.23895355E-03 -9.31672613E-02  1.00000005E-03  2.53942791E-03  5.66160781E+00
  0.00000000E+00  1.68400000E+00  1.01507974E+00 -9.25143603E-03 -9.31529744E-02  1.00000005E-03  2.53767782E-03  5.66895034E+00
  0.00000000E+00  1.68600000E+00  1.01517773E+00 -9.26376196E-03 -9.31393761E-02  1.00000005E-03  2.53592764E-03  5.67629664E+00
  0.00000000E+00  1.68800000E+00  1.01527534E+00 -9.27593521E-03 -9.31264441E-02  1.00000005E-03  2.53417738E-03  5.68364670E+00
  0.00000000E+00  1.69000000E+00  1.01537257E+00 -9.28795964E-03 -9.31141558E-02  1.00000005E-03  2.53242706E-03  5.69100053E+00
  0.00000000E+00  1.69200000E+00  1.01546943E+00 -9.29983913E-03 -9.31024890E-02  1.00000005E-03  2.53067668E-03  5.69835810E+00
  0.00000000E+00  1.69400000E+00  1.01556593E+00 -9.31157753E-03 -9.30914213E-02  1.00000005E-03  2.52892627E-03  5.70571940E+00
  0.00000000E+00  1.69600000E+00  1.01566208E+00 -9.32317873E-03 -9.30809304E-02  1.00000005E-03  2.52717584E-03  5.71308444E+00
  0.00000000E+00  1.69800000E+00  1.01575789E+00 -9.33464659E-03 -9.30709937E-02  1.00000005E-03  2.52542540E-03  5.72045319E+00
  0.00000000E+00  1.70000000E+00  1.01585336E+00 -9.34598498E-03 -9.30615891E-02  1.00000005E-03  2.52367497E-03  5.72782566E+00
  0.00000000E+00  1.70200000E+00  1.01594851E+00 -9.35719776E-03 -9.30526941E-02  1.00000005E-03  2.52192455E-03  5.73520183E+00
  0.00000000E+00  1.70400000E+00  1.01604334E+00 -9.36828881E-03 -9.30442862E-02  1.00000005E-03  2.52017416E-03  5.74258168E+00
  0.00000000E+00  1.70600000E+00  1.01613785E+00 -9.37926199E-03 -9.30363433E-02  1.00000005E-03  2.51842382E-03  5.74996522E+00
  0.00000000E+00  1.70800000E+00  1.01623207E+00 -9.39012118E-03 -9.30288428E-02  1.00000005E-03  2.51667353E-03  5.75735243E+00
  0.00000000E+00  1.71000000E+00  1.01632599E+00 -9.40087024E-03 -9.30217624E-02  1.00000005E-03  2.51492332E-03  5.76474331E+00
  0.00000000E+00  1.71200000E+00  1.01641963E+00 -9.41151304E-03 -9.30150798E-02  1.00000005E-03  2.51317319E-03  5.77213784E+00
  0.00000000E+00  1.71400000E+00  1.01651298E+00 -9.42205344E-03 -9.30087726E-02  1.00000005E-03  2.51142316E-03  5.77953602E+00
  0.00000000E+00  1.71600000E+00  1.01660607E+00 -9.43249533E-03 -9.30028183E-02  1.00000005E-03  2.50967325E-03  5.78693783E+00
  0.00000000E+00  1.71800000E+00  1.01669890E+00 -9.44284256E-03 -9.29971947E-02  1.00000005E-03  2.50792346E-03  5.79434326E+00
  0.00000000E+00  1.72000000E+00  1.01679147E+00 -9.45309900E-03 -9.29918793E-02  1.00000005E-03  2.50617381E-03  5.80175232E+00
  0.00000000E+00  1.72200000E+00  1.01688380E+00 -9.46326853E-03 -9.29868498E-02  1.00000005E-03  2.50442432E-03  5.80916498E+00
  0.00000000E+00  1.72400000E+00  1.01697589E+00 -9.47335501E-03 -9.29820838E-02  1.00000005E-03  2.50267499E-03  5.81658125E+00
  0.00000000E+00  1.72600000E+00  1.01706776E+00 -9.48336231E-03 -9.29775589E-02  1.00000005E-03  2.50092584E-03  5.82400110E+00
  0.00000000E+00  1.72800000E+00  1.01715940E+00 -9.49329431E-03 -9.29732528E-02  1.00000005E-03  2.49917689E-03  5.83142453E+00
  0.00000000E+00  1.73000000E+00  1.01725084E+00 -9.50315485E-03 -9.29691431E-02  1.00000005E-03  2.49742814E-03  5.83885153E+00
  0.00000000E+00  1.73200000E+00  1.01734207E+00 -9.51294783E-03 -9.29652074E-02  1.00000005E-03  2.49567961E-03  5.84628210E+00
  0.00000000E+00  1.73400000E+00  1.01743310E+00 -9.52267710E-03 -9.29614233E-02  1.00000005E-03  2.49393132E-03  5.85371622E+00
  0.00000000E+00  1.73600000E+00  1.01752395E+00 -9.53234653E-03 -9.29577685E-02  1.00000005E-03  2.49218328E-03  5.86115388E+00
  0.00000000E+00  1.73800000E+00  1.01761462E+00 -9.54196000E-03 -9.29542206E-02  1.00000005E-03  2.49043550E-03  5.86859508E+00
  0.00000000E+00  1.74000000E+00  1.01770511E+00 -9.55152136E-03 -9.29507573E-02  1.00000005E-03  2.48868800E-03  5.87603980E+00
  0.00000000E+00  1.74200000E+00  1.01779545E+00 -9.56103450E-03 -9.29473560E-02  1.00000005E-03  2.48694078E-03  5.88348803E+00
  0.00000000E+00  1.74400000E+00  1.01788563E+00 -9.57050328E-03 -9.29439946E-02  1.00000005E-03  2.48519387E-03  5.89093978E+00
  0.00000000E+00  1.74600000E+00  1.01797567E+00 -9.57993156E-03 -9.29406506E-02  1.00000005E-03  2.48344727E-03  5.89839502E+00
  0.00000000E+00  1.74800000E+00  1.01806556E+00 -9.58932321E-03 -9.29373016E-02  1.00000005E-03  2.48170100E-03  5.90585374E+00
  0.00000000E+00  1.75000000E+00  1.01815533E+00 -9.59868212E-03 -9.29339252E-02  1.00000005E-03  2.47995508E-03  5.91331595E+00
  0.00000000E+00  1.75200000E+00  1.01824498E+00 -9.60801213E-03 -9.29304992E-02  1.00000005E-03  2.47820951E-03  5.92078163E+00
  0.00000000E+00  1.75400000E+00  1.01833451E+00 -9.61731713E-03 -9.29270011E-02  1.00000005E-03  2.47646431E-03  5.92825076E+00
  0.00000000E+00  1.75600000E+00  1.01842394E+00 -9.62660097E-03 -9.29234085E-02  1.00000005E-03  2.47471950E-03  5.93572335E+00
  0.00000000E+00  1.75800000E+00  1.01851327E+00 -9.63586754E-03 -9.29196991E-02  1.00000005E-03  2.47297508E-03  5.94319938E+00
  0.00000000E+00  1.76000000E+00  1.01860251E+00 -9.64512069E-03 -9.29158505E-02  1.00000005E-03  2.47123108E-03  5.95067884E+00
  0.00000000E+00  1.76200000E+00  1.01869168E+00 -9.65436429E-03 -9.29118403E-02  1.00000005E-03  2.46948750E-03  5.95816172E+00
  0.00000000E+00  1.76400000E+00  1.01878077E+00 -9.66360223E-03 -9.29076462E-02  1.00000005E-03  2.46774436E-03  5.96564802E+00
  0.00000000E+00  1.76600000E+00  1.01886979E+00 -9.67283835E-03 -9.29032458E-02  1.00000005E-03  2.46600167E-03  5.97313772E+00
  0.00000000E+00  1.76800000E+00  1.01895876E+00 -9.68207654E-03 -9.28986166E-02  1.00000005E-03  2.46425944E-03  5.98063082E+00
  0.00000000E+00  1.77000000E+00  1.01904769E+00 -9.69132066E-03 -9.28937364E-02  1.00000005E-03  2.46251770E-03  5.98812731E+00
  0.00000000E+00  1.77200000E+00  1.01913657E+00 -9.70057457E-03 -9.28885828E-02  1.00000005E-03  2.46077644E-03  5.99562717E+00
  0.00000000E+00  1.77400000E+00  1.01922543E+00 -9.70984216E-03 -9.28831334E-02  1.00000005E-03  2.45903569E-03  6.00313040E+00
  0.00000000E+00  1.77600000E+00  1.01931426E+00 -9.71912728E-03 -9.28773658E-02  1.00000005E-03  2.45729547E-03  6.01063699E+00
  0.00000000E+00  1.77800000E+00  1.01940308E+00 -9.72843380E-03 -9.28712576E-02  1.00000005E-03  2.45555577E-03  6.01814692E+00
  0.00000000E+00  1.78000000E+00  1.01949189E+00 -9.73776560E-03 -9.28647865E-02  1.00000005E-03  2.45381662E-03  6.02566020E+00
  0.00000000E+00  1.78200000E+00  1.01958070E+00 -9.74712654E-03 -9.28579302E-02  1.00000005E-03  2.45207803E-03  6.03317681E+00
  0.00000000E+00  1.78400000E+00  1.01966952E+00 -9.75652049E-03 -9.28506661E-02  1.00000005E-03  2.45034002E-03  6.04069673E+00
  0.00000000E+00  1.78600000E+00  1.01975836E+00 -9.76595133E-03 -9.28429720E-02  1.00000005E-03  2.44860259E-03  6.04821998E+00
  0.00000000E+00  1.78800000E+00  1.01984723E+00 -9.77542290E-03 -9.28348255E-02  1.00000005E-03  2.44686576E-03  6.05574652E+00
  0.00000000E+00  1.79000000E+00  1.01993614E+00 -9.78493910E-03 -9.28262042E-02  1.00000005E-03  2.44512955E-03  6.06327636E+00
  0.00000000E+00  1.79200000E+00  1.02002508E+00 -9.79450378E-03 -9.28170858E-02  1.00000005E-03  2.44339397E-03  6.07080948E+00
  0.00000000E+00  1.79400000E+00  1.02011408E+00 -9.80412082E-03 -9.28074478E-02  1.00000005E-03  2.44165903E-03  6.07834588E+00
  0.00000000E+00  1.79600000E+00  1.02020314E+00 -9.81379408E-03 -9.27972679E-02  1.00000005E-03  2.43992474E-03  6.08588554E+00
  0.00000000E+00  1.79800000E+00  1.02029226E+00 -9.82352743E-03 -9.27865237E-02  1.00000005E-03  2.43819112E-03  6.09342846E+00
  0.00000000E+00  1.80000000E+00  1.02038146E+00 -9.83332474E-03 -9.27751929E-02  1.00000005E-03  2.43645818E-03  6.10097462E+00
  0.00000000E+00  1.80200000E+00  1.02047075E+00 -9.84318987E-03 -9.27632531E-02  1.00000005E-03  2.43472594E-03  6.10852403E+00
  0.00000000E+00  1.80400000E+00  1.02056012E+00 -9.85312671E-03 -9.27506819E-02  1.00000005E-03  2.43299441E-03  6.11607666E+00
  0.00000000E+00  1.80600000E+00  1.02064960E+00 -9.86313911E-03 -9.27374569E-02  1.00000005E-03  2.43126360E-03  6.12363252E+00
  0.00000000E+00  1.80800000E+00  1.02073919E+00 -9.87323095E-03 -9.27235557E-02  1.00000005E-03  2.42953353E-03  6.13119158E+00
  0.00000000E+00  1.81000000E+00  1.02082889E+00 -9.88340609E-03 -9.27089561E-02  1.00000005E-03  2.42780421E-03  6.13875385E+00
  0.00000000E+00  1.81200000E+00  1.02091872E+00 -9.89366840E-03 -9.26936355E-02  1.00000005E-03  2.42607565E-03  6.14631931E+00
  0.00000000E+00  1.81400000E+00  1.02100868E+00 -9.90402175E-03 -9.26775718E-02  1.00000005E-03  2.42434787E-03  6.15388795E+00
  0.00000000E+00  1.81600000E+00  1.02109879E+00 -9.91447001E-03 -9.26607423E-02  1.00000005E-03  2.42262088E-03  6.16145976E+00
  0.00000000E+00  1.81800000E+00  1.02118904E+00 -9.92501704E-03 -9.26431249E-02  1.00000005E-03  2.42089469E-03  6.16903474E+00
  0.00000000E+00  1.82000000E+00  1.02127945E+00 -9.93566673E-03 -9.26246971E-02  1.00000005E-03  2.41916932E-03  6.17661287E+00
  0.00000000E+00  1.82200000E+00  1.02137003E+00 -9.94642293E-03 -9.26054366E-02  1.00000005E-03  2.41744478E-03  6.18419415E+00
  0.00000000E+00  1.82400000E+00  1.02146079E+00 -9.95728951E-03 -9.25853209E-02  1.00000005E-03  2.41572109E-03  6.19177856E+00
  0.00000000E+00  1.82600000E+00  1.02155172E+00 -9.96827034E-03 -9.25643278E-02  1.00000005E-03  2.41399826E-03  6.19936610E+00
  0.00000000E+00  1.82800000E+00  1.02164285E+00 -9.97936930E-03 -9.25424347E-02  1.00000005E-03  2.41227630E-03  6.20695676E+00
  0.00000000E+00  1.83000000E+00  1.02173418E+00 -9.99059024E-03 -9.25196195E-02  1.00000005E-03  2.41055522E-03  6.21455053E+00
  0.00000000E+00  1.83200000E+00  1.02182571E+00 -1.00019370E-02 -9.24958596E-02  1.00000005E-03  2.40883504E-03  6.22214740E+00
  0.00000000E+00  1.83400000E+00  1.02191746E+00 -1.00134136E-02 -9.24711327E-02  1.00000005E-03  2.40711578E-03  6.22974736E+00
  0.00000000E+00  1.83600000E+00  1.02200944E+00 -1.00250237E-02 -9.24454165E-02  1.00000005E-03  2.40539744E-03  6.23735040E+00
  0.00000000E+00  1.83800000E+00  1.02210164E+00 -1.00367713E-02 -9.24186886E-02  1.00000005E-03  2.40368004E-03  6.24495651E+00
  0.00000000E+00  1.84000000E+00  1.02219409E+00 -1.00486602E-02 -9.23909266E-02  1.00000005E-03  2.40196360E-03  6.25256568E+00
  0.00000000E+00  1.84200000E+00  1.02228678E+00 -1.00606943E-02 -9.23621081E-02  1.00000005E-03  2.40024812E-03  6.26017791E+00
  0.00000000E+00  1.84400000E+00  1.02237973E+00 -1.00728775E-02 -9.23322107E-02  1.00000005E-03  2.39853362E-03  6.26779318E+00
  0.00000000E+00  1.84600000E+00  1.02247295E+00 -1.00852137E-02 -9.23012121E-02  1.00000005E-03  2.39682012E-03  6.27541148E+00
  0.00000000E+00  1.84800000E+00  1.02256644E+00 -1.00977066E-02 -9.22690899E-02  1.00000005E-03  2.39510762E-03  6.28303282E+00
  0.00000000E+00  1.85000000E+00  1.02266021E+00 -1.01103602E-02 -9.22358218E-02  1.00000005E-03  2.39339615E-03  6.29065716E+00
  0.00000000E+00  1.85200000E+00  1.02275428E+00 -1.01231784E-02 -9.22013853E-02  1.00000005E-03  2.39168571E-03  6.29828452E+00
  0.00000000E+00  1.85400000E+00  1.02284863E+00 -1.01361650E-02 -9.21657582E-02  1.00000005E-03  2.38997632E-03  6.30591487E+00
  0.00000000E+00  1.85600000E+00  1.02294330E+00 -1.01493238E-02 -9.21289179E-02  1.00000005E-03  2.38826799E-03  6.31354821E+00
  0.00000000E+00  1.85800000E+00  1.02303828E+00 -1.01626588E-02 -9.20908422E-02  1.00000005E-03  2.38656074E-03  6.32118453E+00
  0.00000000E+00  1.86000000E+00  1.02313358E+00 -1.01761739E-02 -9.20515086E-02  1.00000005E-03  2.38485457E-03  6.32882382E+00
  0.00000000E+00  1.86200000E+00  1.02322922E+00 -1.01898728E-02 -9.20108949E-02  1.00000005E-03  2.38314951E-03  6.33646607E+00
  0.00000000E+00  1.86400000E+00  1.02332519E+00 -1.02037594E-02 -9.19689786E-02  1.00000005E-03  2.38144556E-03  6.34411127E+00
  0.00000000E+00  1.86600000E+00  1.02342151E+00 -1.02178377E-02 -9.19257373E-02  1.00000005E-03  2.37974275E-03  6.35175941E+00
  0.00000000E+00  1.86800000E+00  1.02351818E+00 -1.02321115E-02 -9.18811487E-02  1.00000005E-03  2.37804107E-03  6.35941049E+00
  0.00000000E+00  1.87000000E+00  1.02361522E+00 -1.02465847E-02 -9.18351905E-02  1.00000005E-03  2.37634056E-03  6.36706449E+00
  0.00000000E+00  1.87200000E+00  1.02371263E+00 -1.02612611E-02 -9.17878401E-02  1.00000005E-03  2.37464121E-03  6.37472140E+00
  0.00000000E+00  1.87400000E+00  1.02381042E+00 -1.02761446E-02 -9.17390753E-02  1.00000005E-03  2.37294305E-03  6.38238122E+00
  0.00000000E+00  1.87600000E+00  1.02390860E+00 -1.02912390E-02 -9.16888738E-02  1.00000005E-03  2.37124608E-03  6.39004394E+00
  0.00000000E+00  1.87800000E+00  1.02400718E+00 -1.03065483E-02 -9.16372130E-02  1.00000005E-03  2.36955033E-03  6.39770954E+00
  0.00000000E+00  1.88000000E+00  1.02409852E+00 -1.03181789E-02 -9.16084857E-02  1.00000005E-03  2.36784590E-03  6.40539325E+00
  0.00000000E+00  1.88200000E+00  1.02417559E+00 -1.03225800E-02 -9.16249387E-02  1.00000005E-03  2.36612389E-03  6.41310855E+00
  0.00000000E+00  1.88400000E+00  1.02425285E+00 -1.03271336E-02 -9.16403305E-02  1.00000005E-03  2.36440308E-03  6.42082640E+00
  0.00000000E+00  1.88600000E+00  1.02433028E+00 -1.03318371E-02 -9.16546764E-02  1.00000005E-03  2.36268348E-03  6.42854682E+00
  0.00000000E+00  1.88800000E+00  1.02440788E+00 -1.03366883E-02 -9.16679916E-02  1.00000005E-03  2.36096508E-03  6.43626982E+00
  0.00000000E+00  1.89000000E+00  1.02448566E+00 -1.03416848E-02 -9.16802913E-02  1.00000005E-03  2.35924787E-03  6.44399542E+00
  0.00000000E+00  1.89200000E+00  1.02456360E+00 -1.03468240E-02 -9.16915907E-02  1.00000005E-03  2.35753185E-03  6.45172363E+00
  0.00000000E+00  1.89400000E+00  1.02464169E+00 -1.03521036E-02 -9.17019049E-02  1.00000005E-03  2.35581701E-03  6.45945446E+00
  0.00000000E+00  1.89600000E+00  1.02471995E+00 -1.03575213E-02 -9.17112493E-02  1.00000005E-03  2.35410336E-03  6.46718793E+00
  0.00000000E+00  1.89800000E+00  1.02479836E+00 -1.03630745E-02 -9.17196390E-02  1.00000005E-03  2.35239087E-03  6.47492405E+00
  0.00000000E+00  1.90000000E+00  1.02487691E+00 -1.03687609E-02 -9.17270893E-02  1.00000005E-03  2.35067955E-03  6.48266284E+00
  0.00000000E+00  1.90200000E+00  1.02495561E+00 -1.03745781E-02 -9.17336153E-02  1.00000005E-03  2.34896939E-03  6.49040430E+00
  0.00000000E+00  1.90400000E+00  1.02503445E+00 -1.03805237E-02 -9.17392322E-02  1.00000005E-03  2.34726039E-03  6.49814846E+00
  0.00000000E+00  1.90600000E+00  1.02511343E+00 -1.03865953E-02 -9.17439553E-02  1.00000005E-03  2.34555253E-03  6.50589532E+00
  0.00000000E+00  1.90800000E+00  1.02519254E+00 -1.03927905E-02 -9.17477997E-02  1.00000005E-03  2.34384582E-03  6.51364490E+00
  0.00000000E+00  1.91000000E+00  1.02527177E+00 -1.03991068E-02 -9.17507807E-02  1.00000005E-03  2.34214025E-03  6.52139721E+00
  0.00000000E+00  1.91200000E+00  1.02535113E+00 -1.04055419E-02 -9.17529135E-02  1.00000005E-03  2.34043582E-03  6.52915228E+00
  0.00000000E+00  1.91400000E+00  1.02543061E+00 -1.04120933E-02 -9.17542133E-02  1.00000005E-03  2.33873251E-03  6.53691010E+00
  0.00000000E+00  1.91600000E+00  1.02551020E+00 -1.04187587E-02 -9.17546952E-02  1.00000005E-03  2.33703033E-03  6.54467070E+00
  0.00000000E+00  1.91800000E+00  1.02558991E+00 -1.04255357E-02 -9.17543746E-02  1.00000005E-03  2.33532926E-03  6.55243408E+00
  0.00000000E+00  1.92000000E+00  1.02566972E+00 -1.04324218E-02 -9.17532665E-02  1.00000005E-03  2.33362931E-03  6.56020027E+00
  0.00000000E+00  1.92200000E+00  1.02574964E+00 -1.04394147E-02 -9.17513863E-02  1.00000005E-03  2.33193046E-03  6.56796927E+00
  0.00000000E+00  1.92400000E+00  1.02582965E+00 -1.04465119E-02 -9.17487490E-02  1.00000005E-03  2.33023271E-03  6.57574111E+00
  0.00000000E+00  1.92600000E+00  1.02590976E+00 -1.04537110E-02 -9.17453701E-02  1.00000005E-03  2.32853606E-03  6.58351578E+00
  0.00000000E+00  1.92800000E+00  1.02598996E+00 -1.04610097E-02 -9.17412645E-02  1.00000005E-03  2.32684050E-03  6.59129332E+00
  0.00000000E+00  1.93000000E+00  1.02607025E+00 -1.04684055E-02 -9.17364476E-02  1.00000005E-03  2.32514602E-03  6.59907372E+00
  0.00000000E+00  1.93200000E+00  1.02615062E+00 -1.04758960E-02 -9.17309345E-02  1.00000005E-03  2.32345263E-03  6.60685701E+00
  0.00000000E+00  1.93400000E+00  1.02623107E+00 -1.04834788E-02 -9.17247405E-02  1.00000005E-03  2.32176030E-03  6.61464320E+00
  0.00000000E+00  1.93600000E+00  1.02631159E+00 -1.04911516E-02 -9.17178808E-02  1.00000005E-03  2.32006905E-03  6.62243230E+00
  0.00000000E+00  1.93800000E+00  1.02639218E+00 -1.04989118E-02 -9.17103705E-02  1.00000005E-03  2.31837886E-03  6.63022433E+00
  0.00000000E+00  1.94000000E+00  1.02647284E+00 -1.05067572E-02 -9.17022249E-02  1.00000005E-03  2.31668972E-03  6.63801929E+00
  0.00000000E+00  1.94200000E+00  1.02655356E+00 -1.05146853E-02 -9.16934592E-02  1.00000005E-03  2.31500164E-03  6.64581721E+00
  0.00000000E+00  1.94400000E+00  1.02663434E+00 -1.05226936E-02 -9.16840886E-02  1.00000005E-03  2.31331460E-03  6.65361810E+00
  0.00000000E+00  1.94600000E+00  1.02671518E+00 -1.05307799E-02 -9.16741283E-02  1.00000005E-03  2.31162861E-03  6.66142196E+00
  0.00000000E+00  1.94800000E+00  1.02679606E+00 -1.05389416E-02 -9.16635935E-02  1.00000005E-03  2.30994365E-03  6.66922883E+00
  0.00000000E+00  1.95000000E+00  1.02687699E+00 -1.05471765E-02 -9.16524994E-02  1.00000005E-03  2.30825972E-03  6.67703870E+00
  0.00000000E+00  1.95200000E+00  1.02695796E+00 -1.05554820E-02 -9.16408612E-02  1.00000005E-03  2.30657682E-03  6.68485159E+00
  0.00000000E+00  1.95400000E+00  1.02703897E+00 -1.05638558E-02 -9.16286942E-02  1.00000005E-03  2.30489493E-03  6.69266752E+00
  0.00000000E+00  1.95600000E+00  1.02712001E+00 -1.05722955E-02 -9.16160135E-02  1.00000005E-03  2.30321406E-03  6.70048650E+00
  0.00000000E+00  1.95800000E+00  1.02720108E+00 -1.05807986E-02 -9.16028343E-02  1.00000005E-03  2.30153420E-03  6.70830854E+00
  0.00000000E+00  1.96000000E+00  1.02728218E+00 -1.05893628E-02 -9.15891719E-02  1.00000005E-03  2.29985534E-03  6.71613366E+00
  0.00000000E+00  1.96200000E+00  1.02736330E+00 -1.05979856E-02 -9.15750415E-02  1.00000005E-03  2.29817748E-03  6.72396187E+00
  0.00000000E+00  1.96400000E+00  1.02744443E+00 -1.06066647E-02 -9.15604582E-02  1.00000005E-03  2.29650061E-03  6.73179318E+00
  0.00000000E+00  1.96600000E+00  1.02752558E+00 -1.06153977E-02 -9.15454373E-02  1.00000005E-03  2.29482472E-03  6.73962762E+00
  0.00000000E+00  1.96800000E+00  1.02760674E+00 -1.06241821E-02 -9.15299940E-02  1.00000005E-03  2.29314982E-03  6.74746518E+00
  0.00000000E+00  1.97000000E+00  1.02768790E+00 -1.06330155E-02 -9.15141435E-02  1.00000005E-03  2.29147590E-03  6.75530589E+00
  0.00000000E+00  1.97200000E+00  1.02776906E+00 -1.06418956E-02 -9.14979010E-02  1.00000005E-03  2.28980294E-03  6.76314976E+00
  0.00000000E+00  1.97400000E+00  1.02785022E+00 -1.06508199E-02 -9.14812817E-02  1.00000005E-03  2.28813095E-03  6.77099681E+00
  0.00000000E+00  1.97600000E+00  1.02793137E+00 -1.06597861E-02 -9.14643008E-02  1.00000005E-03  2.28645991E-03  6.77884704E+00
  0.00000000E+00  1.97800000E+00  1.02801251E+00 -1.06687917E-02 -9.14469735E-02  1.00000005E-03  2.28478984E-03  6.78670047E+00
  0.00000000E+00  1.98000000E+00  1.02809364E+00 -1.06778342E-02 -9.14293150E-02  1.00000005E-03  2.28312071E-03  6.79455712E+00
  0.00000000E+00  1.98200000E+00  1.02817474E+00 -1.06869115E-02 -9.14113406E-02  1.00000005E-03  2.28145252E-03  6.80241700E+00
  0.00000000E+00  1.98400000E+00  1.02825582E+00 -1.06960209E-02 -9.13930654E-02  1.00000005E-03  2.27978527E-03  6.81028012E+00
  0.00000000E+00  1.98600000E+00  1.02833687E+00 -1.07051601E-02 -9.13745047E-02  1.00000005E-03  2.27811895E-03  6.81814649E+00
  0.00000000E+00  1.98800000E+00  1.02841789E+00 -1.07143267E-02 -9.13556736E-02  1.00000005E-03  2.27645356E-03  6.82601613E+00
  0.00000000E+00  1.99000000E+00  1.02849888E+00 -1.07235183E-02 -9.13365874E-02  1.00000005E-03  2.27478909E-03  6.83388906E+00
  0.00000000E+00  1.99200000E+00  1.02857982E+00 -1.07327326E-02 -9.13172612E-02  1.00000005E-03  2.27312554E-03  6.84176529E+00
  0.00000000E+00  1.99400000E+00  1.02866072E+00 -1.07419670E-02 -9.12977103E-02  1.00000005E-03  2.27146289E-03  6.84964482E+00
  0.00000000E+00  1.99600000E+00  1.02874157E+00 -1.07512192E-02 -9.12779499E-02  1.00000005E-03  2.26980115E-03  6.85752768E+00
  0.00000000E+00  1.99800000E+00  1.02882237E+00 -1.07604868E-02 -9.12579953E-02  1.00000005E-03  2.26814031E-03  6.86541388E+00
  0.00000000E+00  2.00000000E+00  1.02890311E+00 -1.07697673E-02 -9.12378615E-02  1.00000005E-03  2.26648037E-03  6.87330343E+00
