               X               Y            VELX            VELY            PRES            TEMP            PS 1            PS 2  2.12500000E+03
  6.00000000E+00 -1.00000000E+00  0.00000000E+00  0.00000000E+00 -1.36066740E-02  9.99999975E-05  0.00000000E+00  0.00000000E+00
  6.00000000E+00 -9.97000000E-01 -2.02184805E-02 -1.83905900E-04 -1.36120090E-02  9.99999975E-05  1.53147129E-03  1.59941397E-02
  6.00000000E+00 -9.94000000E-01 -1.91068989E-02 -5.04467643E-04 -1.36366487E-02  9.99999975E-05  3.28409331E-03  4.11338181E-02
  6.00000000E+00 -9.91000000E-01 -1.73674356E-02 -8.44362537E-04 -1.36702681E-02  9.99999975E-05  4.44692470E-03  6.27656645E-02
  6.00000000E+00 -9.88000000E-01 -1.56461162E-02 -1.19224037E-03 -1.37088237E-02  9.99999975E-05  5.36603663E-03  8.21518121E-02
  6.00000000E+00 -9.85000000E-01 -1.39811667E-02 -1.54478534E-03 -1.37507631E-02  9.99999975E-05  6.14703492E-03  9.99557406E-02
  6.00000000E+00 -9.82000000E-01 -1.23690890E-02 -1.90047071E-03 -1.37952118E-02  9.99999975E-05  6.83679567E-03  1.16530122E-01
  6.00000000E+00 -9.79000000E-01 -1.08018614E-02 -2.25843806E-03 -1.38415930E-02  9.99999975E-05  7.46078521E-03  1.32088884E-01
  6.00000000E+00 -9.76000000E-01 -9.27203053E-03 -2.61814647E-03 -1.38894909E-02  9.99999975E-05  8.03461042E-03  1.46774731E-01
  6.00000000E+00 -9.73000000E-01 -7.77339076E-03 -2.97922834E-03 -1.39385876E-02  9.99999975E-05  8.56863542E-03  1.60689530E-01
  6.00000000E+00 -9.70000000E-01 -6.30087395E-03 -3.34142004E-03 -1.39886302E-02  9.99999975E-05  9.07015303E-03  1.73909879E-01
  6.00000000E+00 -9.67000000E-01 -4.85032794E-03 -3.70452481E-03 -1.40394124E-02  9.99999975E-05  9.54451373E-03  1.86495672E-01
  6.00000000E+00 -9.64000000E-01 -3.41831829E-03 -4.06839096E-03 -1.40907623E-02  9.99999975E-05  9.99578227E-03  1.98495308E-01
  6.00000000E+00 -9.61000000E-01 -2.00197176E-03 -4.43289868E-03 -1.41425340E-02  9.99999975E-05  1.04271274E-02  2.09948944E-01
  6.00000000E+00 -9.58000000E-01 -5.98857578E-04 -4.79795121E-03 -1.41946027E-02  9.99999975E-05  1.08410749E-02  2.20890610E-01
  6.00000000E+00 -9.55000000E-01  7.93103107E-04 -5.16346914E-03 -1.42468601E-02  9.99999975E-05  1.12396754E-02  2.31349704E-01
  6.00000000E+00 -9.52000000E-01  2.17570533E-03 -5.52938626E-03 -1.42992120E-02  9.99999975E-05  1.16246190E-02  2.41351996E-01
  6.00000000E+00 -9.49000000E-01  3.55051382E-03 -5.89564668E-03 -1.43515756E-02  9.99999975E-05  1.19973185E-02  2.50920400E-01
  6.00000000E+00 -9.46000000E-01  4.91890322E-03 -6.26220265E-03 -1.44038779E-02  9.99999975E-05  1.23589672E-02  2.60075509E-01
  6.00000000E+00 -9.43000000E-01  6.28209039E-03 -6.62901301E-03 -1.44560543E-02  9.99999975E-05  1.27105836E-02  2.68836013E-01
  6.00000000E+00 -9.40000000E-01  7.64116016E-03 -6.99604194E-03 -1.45080476E-02  9.99999975E-05  1.30530446E-02  2.77219015E-01
  6.00000000E+00 -9.37000000E-01  8.99708582E-03 -7.36325802E-03 -1.45598067E-02  9.99999975E-05  1.33871117E-02  2.85240291E-01
  6.00000000E+00 -9.34000000E-01  1.03507455E-02 -7.73063349E-03 -1.46112862E-02  9.99999975E-05  1.37134502E-02  2.92914475E-01
  6.00000000E+00 -9.31000000E-01  1.17029356E-02 -8.09814368E-03 -1.46624456E-02  9.99999975E-05  1.40326446E-02  3.00255218E-01
  6.00000000E+00 -9.28000000E-01  1.30543824E-02 -8.46576648E-03 -1.47132490E-02  9.99999975E-05  1.43452122E-02  3.07275311E-01
  6.00000000E+00 -9.25000000E-01  1.44057508E-02 -8.83348205E-03 -1.47636640E-02  9.99999975E-05  1.46516131E-02  3.13986814E-01
  6.00000000E+00 -9.22000000E-01  1.57576525E-02 -9.20127242E-03 -1.48136621E-02  9.99999975E-05  1.49522573E-02  3.20401093E-01
  6.00000000E+00 -9.19000000E-01  1.71106524E-02 -9.56912124E-03 -1.48632178E-02  9.99999975E-05  1.52475127E-02  3.26528923E-01
  6.00000000E+00 -9.16000000E-01  1.84652740E-02 -9.93701363E-03 -1.49123085E-02  9.99999975E-05  1.55377107E-02  3.32380556E-01
  6.00000000E+00 -9.13000000E-01  1.98220041E-02 -1.03049359E-02 -1.49609142E-02  9.99999975E-05  1.58231506E-02  3.37965763E-01
  6.00000000E+00 -9.10000000E-01  2.11812970E-02 -1.06728755E-02 -1.50090173E-02  9.99999975E-05  1.61041032E-02  3.43293863E-01
  6.00000000E+00 -9.07000000E-01  2.25435778E-02 -1.10408208E-02 -1.50566023E-02  9.99999975E-05  1.63808149E-02  3.48373769E-01
  6.00000000E+00 -9.04000000E-01  2.39092458E-02 -1.14087610E-02 -1.51036558E-02  9.99999975E-05  1.66535096E-02  3.53214018E-01
  6.00000000E+00 -9.01000000E-01  2.52786765E-02 -1.17766861E-02 -1.51501659E-02  9.99999975E-05  1.69223923E-02  3.57822803E-01
  6.00000000E+00 -8.98000000E-01  2.66522245E-02 -1.21445867E-02 -1.51961226E-02  9.99999975E-05  1.71876506E-02  3.62208003E-01
  6.00000000E+00 -8.95000000E-01  2.80302250E-02 -1.25124541E-02 -1.52415176E-02  9.99999975E-05  1.74494563E-02  3.66377197E-01
  6.00000000E+00 -8.92000000E-01  2.94129957E-02 -1.28802800E-02 -1.52863435E-02  9.99999975E-05  1.77079677E-02  3.70337684E-01
  6.00000000E+00 -8.89000000E-01  3.08008385E-02 -1.32480565E-02 -1.53305946E-02  9.99999975E-05  1.79633301E-02  3.74096497E-01
  6.00000000E+00 -8.86000000E-01  3.21940407E-02 -1.36157765E-02 -1.53742662E-02  9.99999975E-05  1.82156774E-02  3.77660414E-01
  6.00000000E+00 -8.83000000E-01  3.35928764E-02 -1.39834329E-02 -1.54173546E-02  9.99999975E-05  1.84651331E-02  3.81035978E-01
  6.00000000E+00 -8.80000000E-01  3.49976075E-02 -1.43510191E-02 -1.54598572E-02  9.99999975E-05  1.87118117E-02  3.84229519E-01
  6.00000000E+00 -8.77000000E-01  3.64084845E-02 -1.47185287E-02 -1.55017725E-02  9.99999975E-05  1.89558191E-02  3.87247160E-01
  6.00000000E+00 -8.74000000E-01  3.78257477E-02 -1.50859559E-02 -1.55430993E-02  9.99999975E-05  1.91972530E-02  3.90094802E-01
  6.00000000E+00 -8.71000000E-01  3.92496276E-02 -1.54532947E-02 -1.55838378E-02  9.99999975E-05  1.94362042E-02  3.92778170E-01
  6.00000000E+00 -8.68000000E-01  4.06803457E-02 -1.58205397E-02 -1.56239885E-02  9.99999975E-05  1.96727568E-02  3.95302800E-01
  6.00000000E+00 -8.65000000E-01  4.21181155E-02 -1.61876854E-02 -1.56635528E-02  9.99999975E-05  1.99069889E-02  3.97674054E-01
  6.00000000E+00 -8.62000000E-01  4.35631425E-02 -1.65547269E-02 -1.57025326E-02  9.99999975E-05  2.01389730E-02  3.99897122E-01
  6.00000000E+00 -8.59000000E-01  4.50156254E-02 -1.69216590E-02 -1.57409304E-02  9.99999975E-05  2.03687763E-02  4.01977035E-01
  6.00000000E+00 -8.56000000E-01  4.64757558E-02 -1.72884770E-02 -1.57787490E-02  9.99999975E-05  2.05964613E-02  4.03918666E-01
  6.00000000E+00 -8.53000000E-01  4.79437192E-02 -1.76551762E-02 -1.58159920E-02  9.99999975E-05  2.08220860E-02  4.05726741E-01
  6.00000000E+00 -8.50000000E-01  4.94196951E-02 -1.80217520E-02 -1.58526632E-02  9.99999975E-05  2.10457044E-02  4.07405841E-01
  6.00000000E+00 -8.47000000E-01  5.09038573E-02 -1.83882000E-02 -1.58887668E-02  9.99999975E-05  2.12673664E-02  4.08960406E-01
  6.00000000E+00 -8.44000000E-01  5.23963744E-02 -1.87545158E-02 -1.59243076E-02  9.99999975E-05  2.14871184E-02  4.10394746E-01
  6.00000000E+00 -8.41000000E-01  5.38974102E-02 -1.91206952E-02 -1.59592903E-02  9.99999975E-05  2.17050034E-02  4.11713038E-01
  6.00000000E+00 -8.38000000E-01  5.54071237E-02 -1.94867340E-02 -1.59937204E-02  9.99999975E-05  2.19210613E-02  4.12919334E-01
  6.00000000E+00 -8.35000000E-01  5.69256693E-02 -1.98526282E-02 -1.60276033E-02  9.99999975E-05  2.21353290E-02  4.14017567E-01
  6.00000000E+00 -8.32000000E-01  5.84531975E-02 -2.02183736E-02 -1.60609448E-02  9.99999975E-05  2.23478406E-02  4.15011551E-01
  6.00000000E+00 -8.29000000E-01  5.99898546E-02 -2.05839664E-02 -1.60937509E-02  9.99999975E-05  2.25586276E-02  4.15904987E-01
  6.00000000E+00 -8.26000000E-01  6.15357830E-02 -2.09494026E-02 -1.61260277E-02  9.99999975E-05  2.27677191E-02  4.16701466E-01
  6.00000000E+00 -8.23000000E-01  6.30911217E-02 -2.13146783E-02 -1.61577816E-02  9.99999975E-05  2.29751417E-02  4.17404474E-01
  6.00000000E+00 -8.20000000E-01  6.46560060E-02 -2.16797896E-02 -1.61890191E-02  9.99999975E-05  2.31809201E-02  4.18017393E-01
  6.00000000E+00 -8.17000000E-01  6.62305678E-02 -2.20447328E-02 -1.62197468E-02  9.99999975E-05  2.33850765E-02  4.18543505E-01
  6.00000000E+00 -8.14000000E-01  6.78149359E-02 -2.24095041E-02 -1.62499715E-02  9.99999975E-05  2.35876314E-02  4.18985996E-01
  6.00000000E+00 -8.11000000E-01  6.94092359E-02 -2.27740997E-02 -1.62797000E-02  9.99999975E-05  2.37886035E-02  4.19347959E-01
  6.00000000E+00 -8.08000000E-01  7.10135905E-02 -2.31385159E-02 -1.63089395E-02  9.99999975E-05  2.39880095E-02  4.19632392E-01
  6.00000000E+00 -8.05000000E-01  7.26281197E-02 -2.35027489E-02 -1.63376971E-02  9.99999975E-05  2.41858646E-02  4.19842206E-01
  6.00000000E+00 -8.02000000E-01  7.42529403E-02 -2.38667950E-02 -1.63659801E-02  9.99999975E-05  2.43821824E-02  4.19980293E-01
  6.00000000E+00 -7.99000000E-01  7.58881671E-02 -2.42306504E-02 -1.63937945E-02  9.99999975E-05  2.45769747E-02  4.20049207E-01
  6.00000000E+00 -7.96000000E-01  7.75339123E-02 -2.45943115E-02 -1.64211478E-02  9.99999975E-05  2.47702523E-02  4.20051660E-01
  6.00000000E+00 -7.93000000E-01  7.91902850E-02 -2.49577744E-02 -1.64480482E-02  9.99999975E-05  2.49620243E-02  4.19990364E-01
  6.00000000E+00 -7.90000000E-01  8.08573917E-02 -2.53210355E-02 -1.64745035E-02  9.99999975E-05  2.51522986E-02  4.19867941E-01
  6.00000000E+00 -7.87000000E-01  8.25353358E-02 -2.56840910E-02 -1.65005219E-02  9.99999975E-05  2.53410815E-02  4.19686930E-01
  6.00000000E+00 -7.84000000E-01  8.42242183E-02 -2.60469371E-02 -1.65261112E-02  9.99999975E-05  2.55283783E-02  4.19449782E-01
  6.00000000E+00 -7.81000000E-01  8.59241375E-02 -2.64095700E-02 -1.65512792E-02  9.99999975E-05  2.57141931E-02  4.19158874E-01
  6.00000000E+00 -7.78000000E-01  8.76351892E-02 -2.67719861E-02 -1.65760338E-02  9.99999975E-05  2.58985287E-02  4.18816502E-01
  6.00000000E+00 -7.75000000E-01  8.93574666E-02 -2.71341813E-02 -1.66003827E-02  9.99999975E-05  2.60813870E-02  4.18424887E-01
  6.00000000E+00 -7.72000000E-01  9.10910606E-02 -2.74961519E-02 -1.66243334E-02  9.99999975E-05  2.62627686E-02  4.17986179E-01
  6.00000000E+00 -7.69000000E-01  9.28360597E-02 -2.78578941E-02 -1.66478937E-02  9.99999975E-05  2.64426734E-02  4.17502459E-01
  6.00000000E+00 -7.66000000E-01  9.45925502E-02 -2.82194038E-02 -1.66710709E-02  9.99999975E-05  2.66211002E-02  4.16975737E-01
  6.00000000E+00 -7.63000000E-01  9.63606162E-02 -2.85806772E-02 -1.66938727E-02  9.99999975E-05  2.67980468E-02  4.16407960E-01
  6.00000000E+00 -7.60000000E-01  9.81403395E-02 -2.89417103E-02 -1.67163062E-02  9.99999975E-05  2.69735102E-02  4.15801011E-01
  6.00000000E+00 -7.57000000E-01  9.99317998E-02 -2.93024991E-02 -1.67383788E-02  9.99999975E-05  2.71474867E-02  4.15156711E-01
  6.00000000E+00 -7.54000000E-01  1.01735075E-01 -2.96630396E-02 -1.67600976E-02  9.99999975E-05  2.73199715E-02  4.14476822E-01
  6.00000000E+00 -7.51000000E-01  1.03550241E-01 -3.00233275E-02 -1.67814698E-02  9.99999975E-05  2.74909593E-02  4.13763047E-01
  6.00000000E+00 -7.48000000E-01  1.05377371E-01 -3.03833589E-02 -1.68025023E-02  9.99999975E-05  2.76604439E-02  4.13017036E-01
  6.00000000E+00 -7.45000000E-01  1.07216537E-01 -3.07431296E-02 -1.68232020E-02  9.99999975E-05  2.78284184E-02  4.12240382E-01
  6.00000000E+00 -7.42000000E-01  1.09067809E-01 -3.11026352E-02 -1.68435759E-02  9.99999975E-05  2.79948753E-02  4.11434628E-01
  6.00000000E+00 -7.39000000E-01  1.10931255E-01 -3.14618715E-02 -1.68636305E-02  9.99999975E-05  2.81598063E-02  4.10601266E-01
  6.00000000E+00 -7.36000000E-01  1.12806941E-01 -3.18208342E-02 -1.68833725E-02  9.99999975E-05  2.83232025E-02  4.09741739E-01
  6.00000000E+00 -7.33000000E-01  1.14694932E-01 -3.21795189E-02 -1.69028084E-02  9.99999975E-05  2.84850544E-02  4.08857441E-01
  6.00000000E+00 -7.30000000E-01  1.16595290E-01 -3.25379210E-02 -1.69219447E-02  9.99999975E-05  2.86453521E-02  4.07949722E-01
  6.00000000E+00 -7.27000000E-01  1.18508076E-01 -3.28960361E-02 -1.69407877E-02  9.99999975E-05  2.88040847E-02  4.07019889E-01
  6.00000000E+00 -7.24000000E-01  1.20433348E-01 -3.32538597E-02 -1.69593435E-02  9.99999975E-05  2.89612412E-02  4.06069202E-01
  6.00000000E+00 -7.21000000E-01  1.22371166E-01 -3.36113869E-02 -1.69776184E-02  9.99999975E-05  2.91168098E-02  4.05098882E-01
  6.00000000E+00 -7.18000000E-01  1.24321582E-01 -3.39686132E-02 -1.69956184E-02  9.99999975E-05  2.92707783E-02  4.04110111E-01
  6.00000000E+00 -7.15000000E-01  1.26284653E-01 -3.43255337E-02 -1.70133494E-02  9.99999975E-05  2.94231340E-02  4.03104030E-01
  6.00000000E+00 -7.12000000E-01  1.28260429E-01 -3.46821436E-02 -1.70308173E-02  9.99999975E-05  2.95738637E-02  4.02081743E-01
  6.00000000E+00 -7.09000000E-01  1.30248961E-01 -3.50384379E-02 -1.70480279E-02  9.99999975E-05  2.97229537E-02  4.01044318E-01
  6.00000000E+00 -7.06000000E-01  1.32250299E-01 -3.53944116E-02 -1.70649868E-02  9.99999975E-05  2.98703900E-02  3.99992787E-01
  6.00000000E+00 -7.03000000E-01  1.34264489E-01 -3.57500597E-02 -1.70816997E-02  9.99999975E-05  3.00161582E-02  3.98928148E-01
  6.00000000E+00 -7.00000000E-01  1.36291576E-01 -3.61053769E-02 -1.70981721E-02  9.99999975E-05  3.01602431E-02  3.97851367E-01
  6.00000000E+00 -6.97000000E-01  1.38331606E-01 -3.64603581E-02 -1.71144086E-02  9.99999975E-05  3.03026297E-02  3.96763378E-01
  6.00000000E+00 -6.94000000E-01  1.40384619E-01 -3.68149977E-02 -1.71304152E-02  9.99999975E-05  3.04433022E-02  3.95665084E-01
  6.00000000E+00 -6.91000000E-01  1.42450657E-01 -3.71692906E-02 -1.71461973E-02  9.99999975E-05  3.05822447E-02  3.94557357E-01
  6.00000000E+00 -6.88000000E-01  1.44529759E-01 -3.75232311E-02 -1.71617599E-02  9.99999975E-05  3.07194406E-02  3.93441042E-01
  6.00000000E+00 -6.85000000E-01  1.46621961E-01 -3.78768136E-02 -1.71771080E-02  9.99999975E-05  3.08548735E-02  3.92316956E-01
  6.00000000E+00 -6.82000000E-01  1.48727301E-01 -3.82300324E-02 -1.71922463E-02  9.99999975E-05  3.09885261E-02  3.91185889E-01
  6.00000000E+00 -6.79000000E-01  1.50845811E-01 -3.85828817E-02 -1.72071798E-02  9.99999975E-05  3.11203812E-02  3.90048604E-01
  6.00000000E+00 -6.76000000E-01  1.52977525E-01 -3.89353557E-02 -1.72219131E-02  9.99999975E-05  3.12504211E-02  3.88905840E-01
  6.00000000E+00 -6.73000000E-01  1.55122474E-01 -3.92874483E-02 -1.72364510E-02  9.99999975E-05  3.13786280E-02  3.87758312E-01
  6.00000000E+00 -6.70000000E-01  1.57280686E-01 -3.96391535E-02 -1.72507981E-02  9.99999975E-05  3.15049836E-02  3.86606711E-01
  6.00000000E+00 -6.67000000E-01  1.59452190E-01 -3.99904650E-02 -1.72649590E-02  9.99999975E-05  3.16294696E-02  3.85451705E-01
  6.00000000E+00 -6.64000000E-01  1.61637011E-01 -4.03413765E-02 -1.72789380E-02  9.99999975E-05  3.17520673E-02  3.84293943E-01
  6.00000000E+00 -6.61000000E-01  1.63835174E-01 -4.06918817E-02 -1.72927397E-02  9.99999975E-05  3.18727577E-02  3.83134048E-01
  6.00000000E+00 -6.58000000E-01  1.66046702E-01 -4.10419740E-02 -1.73063683E-02  9.99999975E-05  3.19915217E-02  3.81972628E-01
  6.00000000E+00 -6.55000000E-01  1.68271616E-01 -4.13916468E-02 -1.73198281E-02  9.99999975E-05  3.21083400E-02  3.80810269E-01
  6.00000000E+00 -6.52000000E-01  1.70509935E-01 -4.17408933E-02 -1.73331231E-02  9.99999975E-05  3.22231930E-02  3.79647537E-01
  6.00000000E+00 -6.49000000E-01  1.72761678E-01 -4.20897067E-02 -1.73462576E-02  9.99999975E-05  3.23360609E-02  3.78484983E-01
  6.00000000E+00 -6.46000000E-01  1.75026860E-01 -4.24380800E-02 -1.73592356E-02  9.99999975E-05  3.24469237E-02  3.77323137E-01
  6.00000000E+00 -6.43000000E-01  1.77305497E-01 -4.27860060E-02 -1.73720610E-02  9.99999975E-05  3.25557615E-02  3.76162515E-01
  6.00000000E+00 -6.40000000E-01  1.79597600E-01 -4.31334777E-02 -1.73847376E-02  9.99999975E-05  3.26625538E-02  3.75003615E-01
  6.00000000E+00 -6.37000000E-01  1.81903183E-01 -4.34804876E-02 -1.73972693E-02  9.99999975E-05  3.27672803E-02  3.73846921E-01
  6.00000000E+00 -6.34000000E-01  1.84222253E-01 -4.38270282E-02 -1.74096599E-02  9.99999975E-05  3.28699203E-02  3.72692901E-01
  6.00000000E+00 -6.31000000E-01  1.86554818E-01 -4.41730920E-02 -1.74219130E-02  9.99999975E-05  3.29704533E-02  3.71542009E-01
  6.00000000E+00 -6.28000000E-01  1.88900886E-01 -4.45186712E-02 -1.74340323E-02  9.99999975E-05  3.30688582E-02  3.70394685E-01
  6.00000000E+00 -6.25000000E-01  1.91260460E-01 -4.48637580E-02 -1.74460214E-02  9.99999975E-05  3.31651142E-02  3.69251354E-01
  6.00000000E+00 -6.22000000E-01  1.93633543E-01 -4.52083444E-02 -1.74578838E-02  9.99999975E-05  3.32592003E-02  3.68112432E-01
  6.00000000E+00 -6.19000000E-01  1.96020135E-01 -4.55524221E-02 -1.74696229E-02  9.99999975E-05  3.33510952E-02  3.66978320E-01
  6.00000000E+00 -6.16000000E-01  1.98420236E-01 -4.58959830E-02 -1.74812422E-02  9.99999975E-05  3.34407777E-02  3.65849407E-01
  6.00000000E+00 -6.13000000E-01  2.00833843E-01 -4.62390187E-02 -1.74927451E-02  9.99999975E-05  3.35282265E-02  3.64726073E-01
  6.00000000E+00 -6.10000000E-01  2.03260951E-01 -4.65815205E-02 -1.75041350E-02  9.99999975E-05  3.36134202E-02  3.63608685E-01
  6.00000000E+00 -6.07000000E-01  2.05701555E-01 -4.69234799E-02 -1.75154150E-02  9.99999975E-05  3.36963374E-02  3.62497601E-01
  6.00000000E+00 -6.04000000E-01  2.08155645E-01 -4.72648879E-02 -1.75265885E-02  9.99999975E-05  3.37769564E-02  3.61393167E-01
  6.00000000E+00 -6.01000000E-01  2.10623213E-01 -4.76057355E-02 -1.75376587E-02  9.99999975E-05  3.38552559E-02  3.60295724E-01
  6.00000000E+00 -5.98000000E-01  2.13104245E-01 -4.79460136E-02 -1.75486287E-02  9.99999975E-05  3.39312141E-02  3.59205600E-01
  6.00000000E+00 -5.95000000E-01  2.15598729E-01 -4.82857129E-02 -1.75595016E-02  9.99999975E-05  3.40048095E-02  3.58123115E-01
  6.00000000E+00 -5.92000000E-01  2.18106648E-01 -4.86248240E-02 -1.75702806E-02  9.99999975E-05  3.40760204E-02  3.57048583E-01
  6.00000000E+00 -5.89000000E-01  2.20627985E-01 -4.89633373E-02 -1.75809687E-02  9.99999975E-05  3.41448252E-02  3.55982308E-01
  6.00000000E+00 -5.86000000E-01  2.23162720E-01 -4.93012429E-02 -1.75915688E-02  9.99999975E-05  3.42112021E-02  3.54924589E-01
  6.00000000E+00 -5.83000000E-01  2.25710832E-01 -4.96385310E-02 -1.76020840E-02  9.99999975E-05  3.42751297E-02  3.53875715E-01
  6.00000000E+00 -5.80000000E-01  2.28272297E-01 -4.99751915E-02 -1.76125170E-02  9.99999975E-05  3.43365862E-02  3.52835970E-01
  6.00000000E+00 -5.77000000E-01  2.30847089E-01 -5.03112141E-02 -1.76228707E-02  9.99999975E-05  3.43955501E-02  3.51805633E-01
  6.00000000E+00 -5.74000000E-01  2.33435180E-01 -5.06465885E-02 -1.76331478E-02  9.99999975E-05  3.44519998E-02  3.50784976E-01
  6.00000000E+00 -5.71000000E-01  2.36036541E-01 -5.09813040E-02 -1.76433510E-02  9.99999975E-05  3.45059138E-02  3.49774265E-01
  6.00000000E+00 -5.68000000E-01  2.38651138E-01 -5.13153500E-02 -1.76534847E-02  9.99999975E-05  3.45572708E-02  3.48773783E-01
  6.00000000E+00 -5.65000000E-01  2.41278939E-01 -5.16487154E-02 -1.76635507E-02  9.99999975E-05  3.46060492E-02  3.47783744E-01
  6.00000000E+00 -5.62000000E-01  2.43919909E-01 -5.19813893E-02 -1.76735509E-02  9.99999975E-05  3.46522277E-02  3.46804399E-01
  6.00000000E+00 -5.59000000E-01  2.46574008E-01 -5.23133602E-02 -1.76834883E-02  9.99999975E-05  3.46957852E-02  3.45836012E-01
  6.00000000E+00 -5.56000000E-01  2.49241195E-01 -5.26446169E-02 -1.76933660E-02  9.99999975E-05  3.47367004E-02  3.44878840E-01
  6.00000000E+00 -5.53000000E-01  2.51921426E-01 -5.29751477E-02 -1.77031867E-02  9.99999975E-05  3.47749523E-02  3.43933128E-01
  6.00000000E+00 -5.50000000E-01  2.54614657E-01 -5.33049408E-02 -1.77129532E-02  9.99999975E-05  3.48105201E-02  3.42999114E-01
  6.00000000E+00 -5.47000000E-01  2.57320840E-01 -5.36339843E-02 -1.77226682E-02  9.99999975E-05  3.48433829E-02  3.42077032E-01
  6.00000000E+00 -5.44000000E-01  2.60039925E-01 -5.39622660E-02 -1.77323344E-02  9.99999975E-05  3.48735201E-02  3.41167109E-01
  6.00000000E+00 -5.41000000E-01  2.62771860E-01 -5.42897736E-02 -1.77419542E-02  9.99999975E-05  3.49009111E-02  3.40269570E-01
  6.00000000E+00 -5.38000000E-01  2.65516589E-01 -5.46164945E-02 -1.77515304E-02  9.99999975E-05  3.49255355E-02  3.39384637E-01
  6.00000000E+00 -5.35000000E-01  2.68274056E-01 -5.49424163E-02 -1.77610654E-02  9.99999975E-05  3.49473731E-02  3.38512531E-01
  6.00000000E+00 -5.32000000E-01  2.71044202E-01 -5.52675258E-02 -1.77705617E-02  9.99999975E-05  3.49664040E-02  3.37653471E-01
  6.00000000E+00 -5.29000000E-01  2.73826964E-01 -5.55918101E-02 -1.77800219E-02  9.99999975E-05  3.49826081E-02  3.36807677E-01
  6.00000000E+00 -5.26000000E-01  2.76622277E-01 -5.59152560E-02 -1.77894485E-02  9.99999975E-05  3.49959660E-02  3.35975371E-01
  6.00000000E+00 -5.23000000E-01  2.79430074E-01 -5.62378500E-02 -1.77988440E-02  9.99999975E-05  3.50064580E-02  3.35156771E-01
  6.00000000E+00 -5.20000000E-01  2.82250286E-01 -5.65595785E-02 -1.78082110E-02  9.99999975E-05  3.50140651E-02  3.34352102E-01
  6.00000000E+00 -5.17000000E-01  2.85082839E-01 -5.68804277E-02 -1.78175520E-02  9.99999975E-05  3.50187681E-02  3.33561587E-01
  6.00000000E+00 -5.14000000E-01  2.87927659E-01 -5.72003836E-02 -1.78268695E-02  9.99999975E-05  3.50205484E-02  3.32785451E-01
  6.00000000E+00 -5.11000000E-01  2.90784666E-01 -5.75194320E-02 -1.78361662E-02  9.99999975E-05  3.50193874E-02  3.32023923E-01
  6.00000000E+00 -5.08000000E-01  2.93653780E-01 -5.78375585E-02 -1.78454446E-02  9.99999975E-05  3.50152669E-02  3.31277233E-01
  6.00000000E+00 -5.05000000E-01  2.96534917E-01 -5.81547487E-02 -1.78547073E-02  9.99999975E-05  3.50081690E-02  3.30545611E-01
  6.00000000E+00 -5.02000000E-01  2.99427989E-01 -5.84709876E-02 -1.78639569E-02  9.99999975E-05  3.49980761E-02  3.29829293E-01
  6.00000000E+00 -4.99000000E-01  3.02332906E-01 -5.87862605E-02 -1.78731960E-02  9.99999975E-05  3.49849707E-02  3.29128514E-01
  6.00000000E+00 -4.96000000E-01  3.05249577E-01 -5.91005521E-02 -1.78824270E-02  9.99999975E-05  3.49688360E-02  3.28443512E-01
  6.00000000E+00 -4.93000000E-01  3.08177904E-01 -5.94138471E-02 -1.78916528E-02  9.99999975E-05  3.49496551E-02  3.27774529E-01
  6.00000000E+00 -4.90000000E-01  3.11117787E-01 -5.97261300E-02 -1.79008758E-02  9.99999975E-05  3.49274118E-02  3.27121805E-01
  6.00000000E+00 -4.87000000E-01  3.14069126E-01 -6.00373851E-02 -1.79100986E-02  9.99999975E-05  3.49020902E-02  3.26485586E-01
  6.00000000E+00 -4.84000000E-01  3.17031813E-01 -6.03475965E-02 -1.79193238E-02  9.99999975E-05  3.48736746E-02  3.25866117E-01
  6.00000000E+00 -4.81000000E-01  3.20005740E-01 -6.06567481E-02 -1.79285540E-02  9.99999975E-05  3.48421500E-02  3.25263647E-01
  6.00000000E+00 -4.78000000E-01  3.22990795E-01 -6.09648236E-02 -1.79377917E-02  9.99999975E-05  3.48075014E-02  3.24678425E-01
  6.00000000E+00 -4.75000000E-01  3.25986862E-01 -6.12718066E-02 -1.79470394E-02  9.99999975E-05  3.47697146E-02  3.24110703E-01
  6.00000000E+00 -4.72000000E-01  3.28993822E-01 -6.15776804E-02 -1.79562998E-02  9.99999975E-05  3.47287758E-02  3.23560735E-01
  6.00000000E+00 -4.69000000E-01  3.32011552E-01 -6.18824283E-02 -1.79655752E-02  9.99999975E-05  3.46846714E-02  3.23028777E-01
  6.00000000E+00 -4.66000000E-01  3.35039926E-01 -6.21860331E-02 -1.79748683E-02  9.99999975E-05  3.46373886E-02  3.22515088E-01
  6.00000000E+00 -4.63000000E-01  3.38078816E-01 -6.24884777E-02 -1.79841816E-02  9.99999975E-05  3.45869149E-02  3.22019928E-01
  6.00000000E+00 -4.60000000E-01  3.41128088E-01 -6.27897448E-02 -1.79935174E-02  9.99999975E-05  3.45332384E-02  3.21543561E-01
  6.00000000E+00 -4.57000000E-01  3.44187606E-01 -6.30898168E-02 -1.80028785E-02  9.99999975E-05  3.44763476E-02  3.21086254E-01
  6.00000000E+00 -4.54000000E-01  3.47257229E-01 -6.33886761E-02 -1.80122672E-02  9.99999975E-05  3.44162319E-02  3.20648280E-01
  6.00000000E+00 -4.51000000E-01  3.50336814E-01 -6.36863046E-02 -1.80216861E-02  9.99999975E-05  3.43528809E-02  3.20229914E-01
  6.00000000E+00 -4.48000000E-01  3.53426214E-01 -6.39826845E-02 -1.80311377E-02  9.99999975E-05  3.42862849E-02  3.19831437E-01
  6.00000000E+00 -4.45000000E-01  3.56525278E-01 -6.42777975E-02 -1.80406248E-02  9.99999975E-05  3.42164348E-02  3.19453137E-01
  6.00000000E+00 -4.42000000E-01  3.59633851E-01 -6.45716253E-02 -1.80501499E-02  9.99999975E-05  3.41433223E-02  3.19095309E-01
  6.00000000E+00 -4.39000000E-01  3.62751775E-01 -6.48641493E-02 -1.80597157E-02  9.99999975E-05  3.40669395E-02  3.18758255E-01
  6.00000000E+00 -4.36000000E-01  3.65878889E-01 -6.51553509E-02 -1.80693251E-02  9.99999975E-05  3.39872794E-02  3.18442288E-01
  6.00000000E+00 -4.33000000E-01  3.69015026E-01 -6.54452113E-02 -1.80789809E-02  9.99999975E-05  3.39043354E-02  3.18147732E-01
  6.00000000E+00 -4.30000000E-01  3.72160019E-01 -6.57337116E-02 -1.80886860E-02  9.99999975E-05  3.38181019E-02  3.17874919E-01
  6.00000000E+00 -4.27000000E-01  3.75313690E-01 -6.60208326E-02 -1.80984383E-02  9.99999975E-05  3.37285738E-02  3.17624108E-01
  6.00000000E+00 -4.24000000E-01  3.78475863E-01 -6.63065553E-02 -1.81082457E-02  9.99999975E-05  3.36357470E-02  3.17395702E-01
  6.00000000E+00 -4.21000000E-01  3.81646356E-01 -6.65908603E-02 -1.81181101E-02  9.99999975E-05  3.35396179E-02  3.17190018E-01
  6.00000000E+00 -4.18000000E-01  3.84824985E-01 -6.68737280E-02 -1.81280338E-02  9.99999975E-05  3.34401839E-02  3.17007389E-01
  6.00000000E+00 -4.15000000E-01  3.88011560E-01 -6.71551390E-02 -1.81380189E-02  9.99999975E-05  3.33374431E-02  3.16848159E-01
  6.00000000E+00 -4.12000000E-01  3.91205888E-01 -6.74350736E-02 -1.81480679E-02  9.99999975E-05  3.32313946E-02  3.16712687E-01
  6.00000000E+00 -4.09000000E-01  3.94407771E-01 -6.77135118E-02 -1.81581833E-02  9.99999975E-05  3.31220380E-02  3.16601344E-01
  6.00000000E+00 -4.06000000E-01  3.97617009E-01 -6.79904340E-02 -1.81683678E-02  9.99999975E-05  3.30093743E-02  3.16514514E-01
  6.00000000E+00 -4.03000000E-01  4.00833396E-01 -6.82658200E-02 -1.81786240E-02  9.99999975E-05  3.28934050E-02  3.16452595E-01
  6.00000000E+00 -4.00000000E-01  4.04056723E-01 -6.85396499E-02 -1.81889547E-02  9.99999975E-05  3.27741327E-02  3.16415996E-01
  6.00000000E+00 -3.97000000E-01  4.07286775E-01 -6.88119035E-02 -1.81993625E-02  9.99999975E-05  3.26515610E-02  3.16405142E-01
  6.00000000E+00 -3.94000000E-01  4.10523335E-01 -6.90825606E-02 -1.82098501E-02  9.99999975E-05  3.25256944E-02  3.16420469E-01
  6.00000000E+00 -3.91000000E-01  4.13766180E-01 -6.93516008E-02 -1.82204204E-02  9.99999975E-05  3.23965385E-02  3.16462427E-01
  6.00000000E+00 -3.88000000E-01  4.17015085E-01 -6.96190038E-02 -1.82310760E-02  9.99999975E-05  3.22640998E-02  3.16531482E-01
  6.00000000E+00 -3.85000000E-01  4.20269817E-01 -6.98847492E-02 -1.82418196E-02  9.99999975E-05  3.21283861E-02  3.16628111E-01
  6.00000000E+00 -3.82000000E-01  4.23530142E-01 -7.01488165E-02 -1.82526540E-02  9.99999975E-05  3.19894060E-02  3.16752806E-01
  6.00000000E+00 -3.79000000E-01  4.26795820E-01 -7.04111850E-02 -1.82635818E-02  9.99999975E-05  3.18471695E-02  3.16906074E-01
  6.00000000E+00 -3.76000000E-01  4.30066606E-01 -7.06718343E-02 -1.82746056E-02  9.99999975E-05  3.17016876E-02  3.17088437E-01
  6.00000000E+00 -3.73000000E-01  4.33342251E-01 -7.09307435E-02 -1.82857282E-02  9.99999975E-05  3.15529725E-02  3.17300432E-01
  6.00000000E+00 -3.70000000E-01  4.36622503E-01 -7.11878922E-02 -1.82969521E-02  9.99999975E-05  3.14010376E-02  3.17542610E-01
  6.00000000E+00 -3.67000000E-01  4.39907103E-01 -7.14432595E-02 -1.83082799E-02  9.99999975E-05  3.12458976E-02  3.17815542E-01
  6.00000000E+00 -3.64000000E-01  4.43195789E-01 -7.16968247E-02 -1.83197143E-02  9.99999975E-05  3.10875684E-02  3.18119811E-01
  6.00000000E+00 -3.61000000E-01  4.46488294E-01 -7.19485672E-02 -1.83312578E-02  9.99999975E-05  3.09260671E-02  3.18456020E-01
  6.00000000E+00 -3.58000000E-01  4.49784348E-01 -7.21984662E-02 -1.83429130E-02  9.99999975E-05  3.07614124E-02  3.18824789E-01
  6.00000000E+00 -3.55000000E-01  4.53083673E-01 -7.24465011E-02 -1.83546826E-02  9.99999975E-05  3.05936240E-02  3.19226754E-01
  6.00000000E+00 -3.52000000E-01  4.56385989E-01 -7.26926510E-02 -1.83665690E-02  9.99999975E-05  3.04227232E-02  3.19662571E-01
  6.00000000E+00 -3.49000000E-01  4.59691012E-01 -7.29368955E-02 -1.83785749E-02  9.99999975E-05  3.02487327E-02  3.20132917E-01
  6.00000000E+00 -3.46000000E-01  4.62998452E-01 -7.31792139E-02 -1.83907029E-02  9.99999975E-05  3.00716765E-02  3.20638486E-01
  6.00000000E+00 -3.43000000E-01  4.66308015E-01 -7.34195856E-02 -1.84029556E-02  9.99999975E-05  2.98915800E-02  3.21179993E-01
  6.00000000E+00 -3.40000000E-01  4.69619402E-01 -7.36579903E-02 -1.84153356E-02  9.99999975E-05  2.97084704E-02  3.21758175E-01
  6.00000000E+00 -3.37000000E-01  4.72932311E-01 -7.38944075E-02 -1.84278456E-02  9.99999975E-05  2.95223762E-02  3.22373789E-01
  6.00000000E+00 -3.34000000E-01  4.76246434E-01 -7.41288169E-02 -1.84404882E-02  9.99999975E-05  2.93333272E-02  3.23027618E-01
  6.00000000E+00 -3.31000000E-01  4.79561459E-01 -7.43611983E-02 -1.84532659E-02  9.99999975E-05  2.91413551E-02  3.23720464E-01
  6.00000000E+00 -3.28000000E-01  4.82877071E-01 -7.45915317E-02 -1.84661815E-02  9.99999975E-05  2.89464932E-02  3.24453155E-01
  6.00000000E+00 -3.25000000E-01  4.86192948E-01 -7.48197972E-02 -1.84792374E-02  9.99999975E-05  2.87487760E-02  3.25226543E-01
  6.00000000E+00 -3.22000000E-01  4.89508767E-01 -7.50459749E-02 -1.84924363E-02  9.99999975E-05  2.85482400E-02  3.26041505E-01
  6.00000000E+00 -3.19000000E-01  4.92824198E-01 -7.52700453E-02 -1.85057806E-02  9.99999975E-05  2.83449233E-02  3.26898946E-01
  6.00000000E+00 -3.16000000E-01  4.96138908E-01 -7.54919888E-02 -1.85192727E-02  9.99999975E-05  2.81388654E-02  3.27799796E-01
  6.00000000E+00 -3.13000000E-01  4.99452561E-01 -7.57117863E-02 -1.85329149E-02  9.99999975E-05  2.79301079E-02  3.28745012E-01
  6.00000000E+00 -3.10000000E-01  5.02764814E-01 -7.59294187E-02 -1.85467095E-02  9.99999975E-05  2.77186938E-02  3.29735582E-01
  6.00000000E+00 -3.07000000E-01  5.06075323E-01 -7.61448671E-02 -1.85606584E-02  9.99999975E-05  2.75046679E-02  3.30772522E-01
  6.00000000E+00 -3.04000000E-01  5.09383738E-01 -7.63581130E-02 -1.85747635E-02  9.99999975E-05  2.72880768E-02  3.31856877E-01
  6.00000000E+00 -3.01000000E-01  5.12689707E-01 -7.65691380E-02 -1.85890265E-02  9.99999975E-05  2.70689689E-02  3.32989724E-01
  6.00000000E+00 -2.98000000E-01  5.15992872E-01 -7.67779236E-02 -1.86034545E-02  9.99999975E-05  2.68473941E-02  3.34172175E-01
  6.00000000E+00 -2.95000000E-01  5.19292874E-01 -7.69844522E-02 -1.86180464E-02  9.99999975E-05  2.66234045E-02  3.35405374E-01
  6.00000000E+00 -2.92000000E-01  5.22589348E-01 -7.71887063E-02 -1.86328038E-02  9.99999975E-05  2.63970536E-02  3.36690498E-01
  6.00000000E+00 -2.89000000E-01  5.25881928E-01 -7.73906685E-02 -1.86477294E-02  9.99999975E-05  2.61683969E-02  3.38028757E-01
  6.00000000E+00 -2.86000000E-01  5.29170241E-01 -7.75903219E-02 -1.86628255E-02  9.99999975E-05  2.59374917E-02  3.39421400E-01
  6.00000000E+00 -2.83000000E-01  5.32453915E-01 -7.77876499E-02 -1.86780942E-02  9.99999975E-05  2.57043971E-02  3.40869712E-01
  6.00000000E+00 -2.80000000E-01  5.35732573E-01 -7.79826362E-02 -1.86935378E-02  9.99999975E-05  2.54691741E-02  3.42375017E-01
  6.00000000E+00 -2.77000000E-01  5.39005833E-01 -7.81752649E-02 -1.87091582E-02  9.99999975E-05  2.52318852E-02  3.43938677E-01
  6.00000000E+00 -2.74000000E-01  5.42273314E-01 -7.83655204E-02 -1.87249574E-02  9.99999975E-05  2.49925952E-02  3.45562095E-01
  6.00000000E+00 -2.71000000E-01  5.45534630E-01 -7.85533876E-02 -1.87409373E-02  9.99999975E-05  2.47513703E-02  3.47246716E-01
  6.00000000E+00 -2.68000000E-01  5.48789392E-01 -7.87388518E-02 -1.87570998E-02  9.99999975E-05  2.45082787E-02  3.48994025E-01
  6.00000000E+00 -2.65000000E-01  5.52037210E-01 -7.89218986E-02 -1.87734466E-02  9.99999975E-05  2.42633905E-02  3.50805553E-01
  6.00000000E+00 -2.62000000E-01  5.55277690E-01 -7.91025143E-02 -1.87899796E-02  9.99999975E-05  2.40167772E-02  3.52682874E-01
  6.00000000E+00 -2.59000000E-01  5.58510439E-01 -7.92806854E-02 -1.88067003E-02  9.99999975E-05  2.37685126E-02  3.54627609E-01
  6.00000000E+00 -2.56000000E-01  5.61735058E-01 -7.94563990E-02 -1.88236105E-02  9.99999975E-05  2.35186718E-02  3.56641423E-01
  6.00000000E+00 -2.53000000E-01  5.64951150E-01 -7.96296427E-02 -1.88407119E-02  9.99999975E-05  2.32673319E-02  3.58726032E-01
  6.00000000E+00 -2.50000000E-01  5.68158314E-01 -7.98004045E-02 -1.88580059E-02  9.99999975E-05  2.30145716E-02  3.60883199E-01
  6.00000000E+00 -2.47000000E-01  5.71356147E-01 -7.99686731E-02 -1.88754941E-02  9.99999975E-05  2.27604714E-02  3.63114739E-01
  6.00000000E+00 -2.44000000E-01  5.74544249E-01 -8.01344375E-02 -1.88931780E-02  9.99999975E-05  2.25051132E-02  3.65422517E-01
  6.00000000E+00 -2.41000000E-01  5.77722213E-01 -8.02976874E-02 -1.89110590E-02  9.99999975E-05  2.22485809E-02  3.67808450E-01
  6.00000000E+00 -2.38000000E-01  5.80889637E-01 -8.04584132E-02 -1.89291383E-02  9.99999975E-05  2.19909595E-02  3.70274510E-01
  6.00000000E+00 -2.35000000E-01  5.84046114E-01 -8.06166055E-02 -1.89474172E-02  9.99999975E-05  2.17323361E-02  3.72822721E-01
  6.00000000E+00 -2.32000000E-01  5.87191240E-01 -8.07722559E-02 -1.89658970E-02  9.99999975E-05  2.14727988E-02  3.75455164E-01
  6.00000000E+00 -2.29000000E-01  5.90324608E-01 -8.09253564E-02 -1.89845786E-02  9.99999975E-05  2.12124375E-02  3.78173976E-01
  6.00000000E+00 -2.26000000E-01  5.93445813E-01 -8.10758997E-02 -1.90034632E-02  9.99999975E-05  2.09513433E-02  3.80981351E-01
  6.00000000E+00 -2.23000000E-01  5.96554449E-01 -8.12238790E-02 -1.90225517E-02  9.99999975E-05  2.06896087E-02  3.83879541E-01
  6.00000000E+00 -2.20000000E-01  5.99650112E-01 -8.13692883E-02 -1.90418448E-02  9.99999975E-05  2.04273274E-02  3.86870856E-01
  6.00000000E+00 -2.17000000E-01  6.02732399E-01 -8.15121224E-02 -1.90613435E-02  9.99999975E-05  2.01645945E-02  3.89957665E-01
  6.00000000E+00 -2.14000000E-01  6.05800906E-01 -8.16523764E-02 -1.90810483E-02  9.99999975E-05  1.99015061E-02  3.93142400E-01
  6.00000000E+00 -2.11000000E-01  6.08855232E-01 -8.17900464E-02 -1.91009599E-02  9.99999975E-05  1.96381595E-02  3.96427548E-01
  6.00000000E+00 -2.08000000E-01  6.11894978E-01 -8.19251290E-02 -1.91210790E-02  9.99999975E-05  1.93746528E-02  3.99815663E-01
  6.00000000E+00 -2.05000000E-01  6.14919745E-01 -8.20576218E-02 -1.91414061E-02  9.99999975E-05  1.91110852E-02  4.03309355E-01
  6.00000000E+00 -2.02000000E-01  6.17929139E-01 -8.21875229E-02 -1.91619416E-02  9.99999975E-05  1.88475566E-02  4.06911298E-01
  6.00000000E+00 -1.99000000E-01  6.20922764E-01 -8.23148310E-02 -1.91826862E-02  9.99999975E-05  1.85841679E-02  4.10624229E-01
  6.00000000E+00 -1.96000000E-01  6.23900233E-01 -8.24395459E-02 -1.92036404E-02  9.99999975E-05  1.83210202E-02  4.14450944E-01
  6.00000000E+00 -1.93000000E-01  6.26861155E-01 -8.25616680E-02 -1.92248026E-02  9.99999975E-05  1.80582156E-02  4.18394296E-01
  6.00000000E+00 -1.90000000E-01  6.29805149E-01 -8.26811985E-02 -1.92461743E-02  9.99999975E-05  1.77958565E-02  4.22457204E-01
  6.00000000E+00 -1.87000000E-01  6.32731832E-01 -8.27981392E-02 -1.92677553E-02  9.99999975E-05  1.75340455E-02  4.26642642E-01
  6.00000000E+00 -1.84000000E-01  6.35640829E-01 -8.29124929E-02 -1.92895455E-02  9.99999975E-05  1.72728856E-02  4.30953645E-01
  6.00000000E+00 -1.81000000E-01  6.38531766E-01 -8.30242631E-02 -1.93115446E-02  9.99999975E-05  1.70124800E-02  4.35393302E-01
  6.00000000E+00 -1.78000000E-01  6.41404276E-01 -8.31334541E-02 -1.93337523E-02  9.99999975E-05  1.67529317E-02  4.39964758E-01
  6.00000000E+00 -1.75000000E-01  6.44257996E-01 -8.32400710E-02 -1.93561682E-02  9.99999975E-05  1.64943438E-02  4.44671213E-01
  6.00000000E+00 -1.72000000E-01  6.47092567E-01 -8.33441198E-02 -1.93787919E-02  9.99999975E-05  1.62368190E-02  4.49515915E-01
  6.00000000E+00 -1.69000000E-01  6.49907638E-01 -8.34456070E-02 -1.94016229E-02  9.99999975E-05  1.59804598E-02  4.54502161E-01
  6.00000000E+00 -1.66000000E-01  6.52702860E-01 -8.35445403E-02 -1.94246605E-02  9.99999975E-05  1.57253680E-02  4.59633295E-01
  6.00000000E+00 -1.63000000E-01  6.55477893E-01 -8.36409280E-02 -1.94479039E-02  9.99999975E-05  1.54716452E-02  4.64912699E-01
  6.00000000E+00 -1.60000000E-01  6.58232403E-01 -8.37347793E-02 -1.94713525E-02  9.99999975E-05  1.52193917E-02  4.70343795E-01
  6.00000000E+00 -1.57000000E-01  6.60966062E-01 -8.38261042E-02 -1.94950051E-02  9.99999975E-05  1.49687075E-02  4.75930038E-01
  6.00000000E+00 -1.54000000E-01  6.63678549E-01 -8.39149134E-02 -1.95188609E-02  9.99999975E-05  1.47196911E-02  4.81674911E-01
  6.00000000E+00 -1.51000000E-01  6.66369550E-01 -8.40012187E-02 -1.95429186E-02  9.99999975E-05  1.44724402E-02  4.87581919E-01
  6.00000000E+00 -1.48000000E-01  6.69038759E-01 -8.40850323E-02 -1.95671772E-02  9.99999975E-05  1.42270509E-02  4.93654585E-01
  6.00000000E+00 -1.45000000E-01  6.71685879E-01 -8.41663677E-02 -1.95916352E-02  9.99999975E-05  1.39836182E-02  4.99896440E-01
  6.00000000E+00 -1.42000000E-01  6.74310620E-01 -8.42452387E-02 -1.96162914E-02  9.99999975E-05  1.37422353E-02  5.06311020E-01
  6.00000000E+00 -1.39000000E-01  6.76912700E-01 -8.43216604E-02 -1.96411442E-02  9.99999975E-05  1.35029937E-02  5.12901855E-01
  6.00000000E+00 -1.36000000E-01  6.79491846E-01 -8.43956483E-02 -1.96661922E-02  9.99999975E-05  1.32659832E-02  5.19672459E-01
  6.00000000E+00 -1.33000000E-01  6.82047796E-01 -8.44672189E-02 -1.96914336E-02  9.99999975E-05  1.30312915E-02  5.26626328E-01
  6.00000000E+00 -1.30000000E-01  6.84580296E-01 -8.45363894E-02 -1.97168668E-02  9.99999975E-05  1.27990041E-02  5.33766920E-01
  6.00000000E+00 -1.27000000E-01  6.87089101E-01 -8.46031779E-02 -1.97424899E-02  9.99999975E-05  1.25692044E-02  5.41097651E-01
  6.00000000E+00 -1.24000000E-01  6.89573976E-01 -8.46676030E-02 -1.97683009E-02  9.99999975E-05  1.23419734E-02  5.48621883E-01
  6.00000000E+00 -1.21000000E-01  6.92034699E-01 -8.47296845E-02 -1.97942978E-02  9.99999975E-05  1.21173895E-02  5.56342908E-01
  6.00000000E+00 -1.18000000E-01  6.94471055E-01 -8.47894424E-02 -1.98204788E-02  9.99999975E-05  1.18955283E-02  5.64263940E-01
  6.00000000E+00 -1.15000000E-01  6.96882841E-01 -8.48468978E-02 -1.98468414E-02  9.99999975E-05  1.16764629E-02  5.72388097E-01
  6.00000000E+00 -1.12000000E-01  6.99269867E-01 -8.49020725E-02 -1.98733835E-02  9.99999975E-05  1.14602633E-02  5.80718387E-01
  6.00000000E+00 -1.09000000E-01  7.01631951E-01 -8.49549888E-02 -1.99001029E-02  9.99999975E-05  1.12469966E-02  5.89257698E-01
  6.00000000E+00 -1.06000000E-01  7.03968925E-01 -8.50056699E-02 -1.99269970E-02  9.99999975E-05  1.10367268E-02  5.98008775E-01
  6.00000000E+00 -1.03000000E-01  7.06280632E-01 -8.50541394E-02 -1.99540634E-02  9.99999975E-05  1.08295145E-02  6.06974207E-01
  6.00000000E+00 -1.00000000E-01  7.08566927E-01 -8.51004220E-02 -1.99812996E-02  9.99999975E-05  1.06254172E-02  6.16156411E-01
  6.00000000E+00 -9.70000000E-02  7.10827677E-01 -8.51445425E-02 -2.00087029E-02  9.99999975E-05  1.04244886E-02  6.25557611E-01
  6.00000000E+00 -9.40000000E-02  7.13062761E-01 -8.51865267E-02 -2.00362706E-02  9.99999975E-05  1.02267794E-02  6.35179824E-01
  6.00000000E+00 -9.10000000E-02  7.15272072E-01 -8.52264008E-02 -2.00640000E-02  9.99999975E-05  1.00323362E-02  6.45024835E-01
  6.00000000E+00 -8.80000000E-02  7.17455514E-01 -8.52641917E-02 -2.00918884E-02  9.99999975E-05  9.84120230E-03  6.55094188E-01
  6.00000000E+00 -8.50000000E-02  7.19613005E-01 -8.52999268E-02 -2.01199327E-02  9.99999975E-05  9.65341715E-03  6.65389156E-01
  6.00000000E+00 -8.20000000E-02  7.21744477E-01 -8.53336339E-02 -2.01481302E-02  9.99999975E-05  9.46901641E-03  6.75910730E-01
  6.00000000E+00 -7.90000000E-02  7.23849872E-01 -8.53653414E-02 -2.01764777E-02  9.99999975E-05  9.28803191E-03  6.86659598E-01
  6.00000000E+00 -7.60000000E-02  7.25929149E-01 -8.53950783E-02 -2.02049722E-02  9.99999975E-05  9.11049162E-03  6.97636122E-01
  6.00000000E+00 -7.30000000E-02  7.27982278E-01 -8.54228739E-02 -2.02336106E-02  9.99999975E-05  8.93641964E-03  7.08840324E-01
  6.00000000E+00 -7.00000000E-02  7.30009243E-01 -8.54487579E-02 -2.02623900E-02  9.99999975E-05  8.76583616E-03  7.20271870E-01
  6.00000000E+00 -6.70000000E-02  7.32010042E-01 -8.54727605E-02 -2.02913070E-02  9.99999975E-05  8.59875741E-03  7.31930046E-01
  6.00000000E+00 -6.40000000E-02  7.33984686E-01 -8.54949122E-02 -2.03203584E-02  9.99999975E-05  8.43519577E-03  7.43813748E-01
  6.00000000E+00 -6.10000000E-02  7.35933200E-01 -8.55152438E-02 -2.03495409E-02  9.99999975E-05  8.27515968E-03  7.55921461E-01
  6.00000000E+00 -5.80000000E-02  7.37855623E-01 -8.55337866E-02 -2.03788514E-02  9.99999975E-05  8.11865370E-03  7.68251253E-01
  6.00000000E+00 -5.50000000E-02  7.39752006E-01 -8.55505719E-02 -2.04082865E-02  9.99999975E-05  7.96567855E-03  7.80800754E-01
  6.00000000E+00 -5.20000000E-02  7.41622416E-01 -8.55656314E-02 -2.04378428E-02  9.99999975E-05  7.81623115E-03  7.93567153E-01
  6.00000000E+00 -4.90000000E-02  7.43466931E-01 -8.55789971E-02 -2.04675171E-02  9.99999975E-05  7.67030466E-03  8.06547184E-01
  6.00000000E+00 -4.60000000E-02  7.45285643E-01 -8.55907010E-02 -2.04973059E-02  9.99999975E-05  7.52788854E-03  8.19737121E-01
  6.00000000E+00 -4.30000000E-02  7.47078658E-01 -8.56007754E-02 -2.05272058E-02  9.99999975E-05  7.38896867E-03  8.33132775E-01
  6.00000000E+00 -4.00000000E-02  7.48846096E-01 -8.56092527E-02 -2.05572136E-02  9.99999975E-05  7.25352734E-03  8.46729491E-01
  6.00000000E+00 -3.70000000E-02  7.50588087E-01 -8.56161653E-02 -2.05873257E-02  9.99999975E-05  7.12154346E-03  8.60522149E-01
  6.00000000E+00 -3.40000000E-02  7.52304776E-01 -8.56215457E-02 -2.06175388E-02  9.99999975E-05  6.99299253E-03  8.74505168E-01
  6.00000000E+00 -3.10000000E-02  7.53996321E-01 -8.56254265E-02 -2.06478495E-02  9.99999975E-05  6.86784685E-03  8.88672511E-01
  6.00000000E+00 -2.80000000E-02  7.55662890E-01 -8.56278402E-02 -2.06782544E-02  9.99999975E-05  6.74607558E-03  9.03017697E-01
  6.00000000E+00 -2.50000000E-02  7.57304666E-01 -8.56288194E-02 -2.07087501E-02  9.99999975E-05  6.62764490E-03  9.17533811E-01
  6.00000000E+00 -2.20000000E-02  7.58921840E-01 -8.56283964E-02 -2.07393333E-02  9.99999975E-05  6.51251811E-03  9.32213523E-01
  6.00000000E+00 -1.90000000E-02  7.60514619E-01 -8.56266036E-02 -2.07700006E-02  9.99999975E-05  6.40065577E-03  9.47049101E-01
  6.00000000E+00 -1.60000000E-02  7.62083218E-01 -8.56234731E-02 -2.08007488E-02  9.99999975E-05  6.29201586E-03  9.62032438E-01
  6.00000000E+00 -1.30000000E-02  7.63627864E-01 -8.56190371E-02 -2.08315744E-02  9.99999975E-05  6.18655391E-03  9.77155072E-01
  6.00000000E+00 -1.00000000E-02  7.65148794E-01 -8.56133273E-02 -2.08624743E-02  9.99999975E-05  6.08422317E-03  9.92408217E-01
  6.00000000E+00 -7.00000000E-03  7.66646254E-01 -8.56063754E-02 -2.08934451E-02  9.99999975E-05  5.98497475E-03  1.00778279E+00
  6.00000000E+00 -4.00000000E-03  7.68120502E-01 -8.55982127E-02 -2.09244838E-02  9.99999975E-05  5.88875773E-03  1.02326944E+00
  6.00000000E+00 -1.00000000E-03  7.69571804E-01 -8.55888704E-02 -2.09555870E-02  9.99999975E-05  5.79551941E-03  1.03885860E+00
  6.00000000E+00  2.00000000E-03  7.71000433E-01 -8.55783791E-02 -2.09867517E-02  9.99999975E-05  5.70520539E-03  1.05454048E+00
  6.00000000E+00  5.00000000E-03  7.72406673E-01 -8.55667694E-02 -2.10179746E-02  9.99999975E-05  5.61775980E-03  1.07030517E+00
  6.00000000E+00  8.00000000E-03  7.73790815E-01 -8.55540713E-02 -2.10492529E-02  9.99999975E-05  5.53312542E-03  1.08614263E+00
  6.00000000E+00  1.10000000E-02  7.75153156E-01 -8.55403146E-02 -2.10805836E-02  9.99999975E-05  5.45124385E-03  1.10204272E+00
  6.00000000E+00  1.40000000E-02  7.76494001E-01 -8.55255286E-02 -2.11119636E-02  9.99999975E-05  5.37205566E-03  1.11799528E+00
  6.00000000E+00  1.70000000E-02  7.77813660E-01 -8.55097421E-02 -2.11433901E-02  9.99999975E-05  5.29550055E-03  1.13399017E+00
  6.00000000E+00  2.00000000E-02  7.79112451E-01 -8.54929837E-02 -2.11748601E-02  9.99999975E-05  5.22151750E-03  1.15001728E+00
  6.00000000E+00  2.30000000E-02  7.80390695E-01 -8.54752812E-02 -2.12063710E-02  9.99999975E-05  5.15004491E-03  1.16606656E+00
  6.00000000E+00  2.60000000E-02  7.81648718E-01 -8.54566622E-02 -2.12379199E-02  9.99999975E-05  5.08102076E-03  1.18212812E+00
  6.00000000E+00  2.90000000E-02  7.82886850E-01 -8.54371537E-02 -2.12695041E-02  9.99999975E-05  5.01438277E-03  1.19819222E+00
  6.00000000E+00  3.20000000E-02  7.84105427E-01 -8.54167822E-02 -2.13011211E-02  9.99999975E-05  4.95006850E-03  1.21424930E+00
  6.00000000E+00  3.50000000E-02  7.85304784E-01 -8.53955736E-02 -2.13327682E-02  9.99999975E-05  4.88801548E-03  1.23029004E+00
  6.00000000E+00  3.80000000E-02  7.86485262E-01 -8.53735535E-02 -2.13644429E-02  9.99999975E-05  4.82816139E-03  1.24630540E+00
  6.00000000E+00  4.10000000E-02  7.87647203E-01 -8.53507467E-02 -2.13961427E-02  9.99999975E-05  4.77044411E-03  1.26228660E+00
  6.00000000E+00  4.40000000E-02  7.88790949E-01 -8.53271775E-02 -2.14278652E-02  9.99999975E-05  4.71480185E-03  1.27822522E+00
  6.00000000E+00  4.70000000E-02  7.89916845E-01 -8.53028698E-02 -2.14596080E-02  9.99999975E-05  4.66117330E-03  1.29411315E+00
  6.00000000E+00  5.00000000E-02  7.91025236E-01 -8.52778467E-02 -2.14913690E-02  9.99999975E-05  4.60949768E-03  1.30994266E+00
  6.00000000E+00  5.30000000E-02  7.92116467E-01 -8.52521310E-02 -2.15231457E-02  9.99999975E-05  4.55971484E-03  1.32570641E+00
  6.00000000E+00  5.60000000E-02  7.93190881E-01 -8.52257447E-02 -2.15549361E-02  9.99999975E-05  4.51176538E-03  1.34139746E+00
  6.00000000E+00  5.90000000E-02  7.94248823E-01 -8.51987092E-02 -2.15867380E-02  9.99999975E-05  4.46559068E-03  1.35700929E+00
  6.00000000E+00  6.20000000E-02  7.95290635E-01 -8.51710456E-02 -2.16185493E-02  9.99999975E-05  4.42113300E-03  1.37253578E+00
  6.00000000E+00  6.50000000E-02  7.96316658E-01 -8.51427742E-02 -2.16503681E-02  9.99999975E-05  4.37833557E-03  1.38797127E+00
  6.00000000E+00  6.80000000E-02  7.97327230E-01 -8.51139148E-02 -2.16821923E-02  9.99999975E-05  4.33714258E-03  1.40331052E+00
  6.00000000E+00  7.10000000E-02  7.98322688E-01 -8.50844866E-02 -2.17140202E-02  9.99999975E-05  4.29749930E-03  1.41854874E+00
  6.00000000E+00  7.40000000E-02  7.99303364E-01 -8.50545083E-02 -2.17458497E-02  9.99999975E-05  4.25935210E-03  1.43368155E+00
  6.00000000E+00  7.70000000E-02  8.00269590E-01 -8.50239979E-02 -2.17776792E-02  9.99999975E-05  4.22264848E-03  1.44870503E+00
  6.00000000E+00  8.00000000E-02  8.01221693E-01 -8.49929731E-02 -2.18095069E-02  9.99999975E-05  4.18733710E-03  1.46361567E+00
  6.00000000E+00  8.30000000E-02  8.02159995E-01 -8.49614507E-02 -2.18413311E-02  9.99999975E-05  4.15336786E-03  1.47841039E+00
  6.00000000E+00  8.60000000E-02  8.03084816E-01 -8.49294474E-02 -2.18731502E-02  9.99999975E-05  4.12069185E-03  1.49308651E+00
  6.00000000E+00  8.90000000E-02  8.03996472E-01 -8.48969789E-02 -2.19049625E-02  9.99999975E-05  4.08926144E-03  1.50764174E+00
  6.00000000E+00  9.20000000E-02  8.04895272E-01 -8.48640607E-02 -2.19367666E-02  9.99999975E-05  4.05903023E-03  1.52207420E+00
  6.00000000E+00  9.50000000E-02  8.05781524E-01 -8.48307078E-02 -2.19685609E-02  9.99999975E-05  4.02995308E-03  1.53638236E+00
  6.00000000E+00  9.80000000E-02  8.06655528E-01 -8.47969344E-02 -2.20003441E-02  9.99999975E-05  4.00198616E-03  1.55056504E+00
  6.00000000E+00  1.01000000E-01  8.07517581E-01 -8.47627546E-02 -2.20321146E-02  9.99999975E-05  3.97508689E-03  1.56462142E+00
  6.00000000E+00  1.04000000E-01  8.08367975E-01 -8.47281817E-02 -2.20638711E-02  9.99999975E-05  3.94921394E-03  1.57855098E+00
  6.00000000E+00  1.07000000E-01  8.09206995E-01 -8.46932286E-02 -2.20956124E-02  9.99999975E-05  3.92432729E-03  1.59235351E+00
  6.00000000E+00  1.10000000E-01  8.10034922E-01 -8.46579080E-02 -2.21273371E-02  9.99999975E-05  3.90038813E-03  1.60602909E+00
  6.00000000E+00  1.13000000E-01  8.10852031E-01 -8.46222318E-02 -2.21590441E-02  9.99999975E-05  3.87735893E-03  1.61957808E+00
  6.00000000E+00  1.16000000E-01  8.11658593E-01 -8.45862116E-02 -2.21907321E-02  9.99999975E-05  3.85520336E-03  1.63300106E+00
  6.00000000E+00  1.19000000E-01  8.12454872E-01 -8.45498587E-02 -2.22223999E-02  9.99999975E-05  3.83388631E-03  1.64629887E+00
  6.00000000E+00  1.22000000E-01  8.13241126E-01 -8.45131838E-02 -2.22540466E-02  9.99999975E-05  3.81337389E-03  1.65947255E+00
  6.00000000E+00  1.25000000E-01  8.14017609E-01 -8.44761973E-02 -2.22856709E-02  9.99999975E-05  3.79363333E-03  1.67252333E+00
  6.00000000E+00  1.28000000E-01  8.14784568E-01 -8.44389092E-02 -2.23172718E-02  9.99999975E-05  3.77463306E-03  1.68545265E+00
  6.00000000E+00  1.31000000E-01  8.15542244E-01 -8.44013291E-02 -2.23488485E-02  9.99999975E-05  3.75634261E-03  1.69826208E+00
  6.00000000E+00  1.34000000E-01  8.16290875E-01 -8.43634664E-02 -2.23803998E-02  9.99999975E-05  3.73873263E-03  1.71095336E+00
  6.00000000E+00  1.37000000E-01  8.17030690E-01 -8.43253298E-02 -2.24119248E-02  9.99999975E-05  3.72177483E-03  1.72352834E+00
  6.00000000E+00  1.40000000E-01  8.17761916E-01 -8.42869280E-02 -2.24434226E-02  9.99999975E-05  3.70544197E-03  1.73598901E+00
  6.00000000E+00  1.43000000E-01  8.18484770E-01 -8.42482692E-02 -2.24748925E-02  9.99999975E-05  3.68970786E-03  1.74833744E+00
  6.00000000E+00  1.46000000E-01  8.19199467E-01 -8.42093613E-02 -2.25063334E-02  9.99999975E-05  3.67454729E-03  1.76057581E+00
  6.00000000E+00  1.49000000E-01  8.19906216E-01 -8.41702120E-02 -2.25377446E-02  9.99999975E-05  3.65993601E-03  1.77270636E+00
  6.00000000E+00  1.52000000E-01  8.20605219E-01 -8.41308286E-02 -2.25691253E-02  9.99999975E-05  3.64585073E-03  1.78473139E+00
  6.00000000E+00  1.55000000E-01  8.21296675E-01 -8.40912182E-02 -2.26004748E-02  9.99999975E-05  3.63226906E-03  1.79665328E+00
  6.00000000E+00  1.58000000E-01  8.21980775E-01 -8.40513874E-02 -2.26317923E-02  9.99999975E-05  3.61916950E-03  1.80847443E+00
  6.00000000E+00  1.61000000E-01  8.22657708E-01 -8.40113428E-02 -2.26630771E-02  9.99999975E-05  3.60653140E-03  1.82019726E+00
  6.00000000E+00  1.64000000E-01  8.23327655E-01 -8.39710908E-02 -2.26943285E-02  9.99999975E-05  3.59433496E-03  1.83182425E+00
  6.00000000E+00  1.67000000E-01  8.23990794E-01 -8.39306372E-02 -2.27255459E-02  9.99999975E-05  3.58256117E-03  1.84335787E+00
  6.00000000E+00  1.70000000E-01  8.24647296E-01 -8.38899879E-02 -2.27567287E-02  9.99999975E-05  3.57119178E-03  1.85480059E+00
  6.00000000E+00  1.73000000E-01  8.25297330E-01 -8.38491484E-02 -2.27878761E-02  9.99999975E-05  3.56020931E-03  1.86615491E+00
  6.00000000E+00  1.76000000E-01  8.25941057E-01 -8.38081241E-02 -2.28189877E-02  9.99999975E-05  3.54959700E-03  1.87742328E+00
  6.00000000E+00  1.79000000E-01  8.26578637E-01 -8.37669201E-02 -2.28500629E-02  9.99999975E-05  3.53933877E-03  1.88860817E+00
  6.00000000E+00  1.82000000E-01  8.27210222E-01 -8.37255413E-02 -2.28811011E-02  9.99999975E-05  3.52941922E-03  1.89971203E+00
  6.00000000E+00  1.85000000E-01  8.27835962E-01 -8.36839925E-02 -2.29121017E-02  9.99999975E-05  3.51982362E-03  1.91073728E+00
  6.00000000E+00  1.88000000E-01  8.28456001E-01 -8.36422783E-02 -2.29430644E-02  9.99999975E-05  3.51053781E-03  1.92168629E+00
  6.00000000E+00  1.91000000E-01  8.29070480E-01 -8.36004031E-02 -2.29739885E-02  9.99999975E-05  3.50154828E-03  1.93256144E+00
  6.00000000E+00  1.94000000E-01  8.29679536E-01 -8.35583710E-02 -2.30048737E-02  9.99999975E-05  3.49284206E-03  1.94336505E+00
  6.00000000E+00  1.97000000E-01  8.30283299E-01 -8.35161862E-02 -2.30357195E-02  9.99999975E-05  3.48440676E-03  1.95409941E+00
  6.00000000E+00  2.00000000E-01  8.30881899E-01 -8.34738525E-02 -2.30665254E-02  9.99999975E-05  3.47623049E-03  1.96476676E+00
  6.00000000E+00  2.03000000E-01  8.31475461E-01 -8.34313738E-02 -2.30972910E-02  9.99999975E-05  3.46830190E-03  1.97536931E+00
  6.00000000E+00  2.06000000E-01  8.32064104E-01 -8.33887536E-02 -2.31280159E-02  9.99999975E-05  3.46061012E-03  1.98590922E+00
  6.00000000E+00  2.09000000E-01  8.32647946E-01 -8.33459954E-02 -2.31586998E-02  9.99999975E-05  3.45314475E-03  1.99638860E+00
  6.00000000E+00  2.12000000E-01  8.33227101E-01 -8.33031026E-02 -2.31893422E-02  9.99999975E-05  3.44589582E-03  2.00680953E+00
  6.00000000E+00  2.15000000E-01  8.33801679E-01 -8.32600785E-02 -2.32199429E-02  9.99999975E-05  3.43885383E-03  2.01717401E+00
  6.00000000E+00  2.18000000E-01  8.34371786E-01 -8.32169262E-02 -2.32505014E-02  9.99999975E-05  3.43200967E-03  2.02748402E+00
  6.00000000E+00  2.21000000E-01  8.34937526E-01 -8.31736486E-02 -2.32810173E-02  9.99999975E-05  3.42535464E-03  2.03774148E+00
  6.00000000E+00  2.24000000E-01  8.35498999E-01 -8.31302487E-02 -2.33114905E-02  9.99999975E-05  3.41888041E-03  2.04794826E+00
  6.00000000E+00  2.27000000E-01  8.36056302E-01 -8.30867293E-02 -2.33419207E-02  9.99999975E-05  3.41257901E-03  2.05810617E+00
  6.00000000E+00  2.30000000E-01  8.36609531E-01 -8.30430931E-02 -2.33723074E-02  9.99999975E-05  3.40644284E-03  2.06821700E+00
  6.00000000E+00  2.33000000E-01  8.37158775E-01 -8.29993427E-02 -2.34026505E-02  9.99999975E-05  3.40046463E-03  2.07828245E+00
  6.00000000E+00  2.36000000E-01  8.37704124E-01 -8.29554805E-02 -2.34329496E-02  9.99999975E-05  3.39463740E-03  2.08830421E+00
  6.00000000E+00  2.39000000E-01  8.38245663E-01 -8.29115092E-02 -2.34632045E-02  9.99999975E-05  3.38895452E-03  2.09828389E+00
  6.00000000E+00  2.42000000E-01  8.38783476E-01 -8.28674309E-02 -2.34934150E-02  9.99999975E-05  3.38340963E-03  2.10822306E+00
  6.00000000E+00  2.45000000E-01  8.39317643E-01 -8.28232479E-02 -2.35235807E-02  9.99999975E-05  3.37799665E-03  2.11812326E+00
  6.00000000E+00  2.48000000E-01  8.39848242E-01 -8.27789626E-02 -2.35537015E-02  9.99999975E-05  3.37270977E-03  2.12798595E+00
  6.00000000E+00  2.51000000E-01  8.40375349E-01 -8.27345769E-02 -2.35837773E-02  9.99999975E-05  3.36754345E-03  2.13781257E+00
  6.00000000E+00  2.54000000E-01  8.40899037E-01 -8.26900930E-02 -2.36138076E-02  9.99999975E-05  3.36249237E-03  2.14760450E+00
  6.00000000E+00  2.57000000E-01  8.41419378E-01 -8.26455129E-02 -2.36437925E-02  9.99999975E-05  3.35755147E-03  2.15736309E+00
  6.00000000E+00  2.60000000E-01  8.41936440E-01 -8.26008385E-02 -2.36737316E-02  9.99999975E-05  3.35271591E-03  2.16708963E+00
  6.00000000E+00  2.63000000E-01  8.42450290E-01 -8.25560716E-02 -2.37036249E-02  9.99999975E-05  3.34798104E-03  2.17678537E+00
  6.00000000E+00  2.66000000E-01  8.42960992E-01 -8.25112141E-02 -2.37334721E-02  9.99999975E-05  3.34334244E-03  2.18645153E+00
  6.00000000E+00  2.69000000E-01  8.43468611E-01 -8.24662678E-02 -2.37632731E-02  9.99999975E-05  3.33879589E-03  2.19608928E+00
  6.00000000E+00  2.72000000E-01  8.43973205E-01 -8.24212344E-02 -2.37930277E-02  9.99999975E-05  3.33433735E-03  2.20569975E+00
  6.00000000E+00  2.75000000E-01  8.44474835E-01 -8.23761155E-02 -2.38227358E-02  9.99999975E-05  3.32996294E-03  2.21528402E+00
  6.00000000E+00  2.78000000E-01  8.44973558E-01 -8.23309128E-02 -2.38523971E-02  9.99999975E-05  3.32566897E-03  2.22484317E+00
  6.00000000E+00  2.81000000E-01  8.45469428E-01 -8.22856278E-02 -2.38820117E-02  9.99999975E-05  3.32145193E-03  2.23437819E+00
  6.00000000E+00  2.84000000E-01  8.45962500E-01 -8.22402620E-02 -2.39115793E-02  9.99999975E-05  3.31730843E-03  2.24389008E+00
  6.00000000E+00  2.87000000E-01  8.46452826E-01 -8.21948170E-02 -2.39410997E-02  9.99999975E-05  3.31323525E-03  2.25337977E+00
  6.00000000E+00  2.90000000E-01  8.46940456E-01 -8.21492941E-02 -2.39705730E-02  9.99999975E-05  3.30922931E-03  2.26284819E+00
  6.00000000E+00  2.93000000E-01  8.47425440E-01 -8.21036949E-02 -2.39999990E-02  9.99999975E-05  3.30528767E-03  2.27229622E+00
  6.00000000E+00  2.96000000E-01  8.47907824E-01 -8.20580206E-02 -2.40293775E-02  9.99999975E-05  3.30140752E-03  2.28172469E+00
  6.00000000E+00  2.99000000E-01  8.48387656E-01 -8.20122726E-02 -2.40587086E-02  9.99999975E-05  3.29758616E-03  2.29113443E+00
  6.00000000E+00  3.02000000E-01  8.48864979E-01 -8.19664522E-02 -2.40879920E-02  9.99999975E-05  3.29382102E-03  2.30052623E+00
  6.00000000E+00  3.05000000E-01  8.49339837E-01 -8.19205607E-02 -2.41172277E-02  9.99999975E-05  3.29010965E-03  2.30990085E+00
  6.00000000E+00  3.08000000E-01  8.49812273E-01 -8.18745993E-02 -2.41464157E-02  9.99999975E-05  3.28644970E-03  2.31925902E+00
  6.00000000E+00  3.11000000E-01  8.50282326E-01 -8.18285693E-02 -2.41755558E-02  9.99999975E-05  3.28283893E-03  2.32860145E+00
  6.00000000E+00  3.14000000E-01  8.50750037E-01 -8.17824718E-02 -2.42046480E-02  9.99999975E-05  3.27927518E-03  2.33792880E+00
  6.00000000E+00  3.17000000E-01  8.51215445E-01 -8.17363080E-02 -2.42336923E-02  9.99999975E-05  3.27575642E-03  2.34724175E+00
  6.00000000E+00  3.20000000E-01  8.51678586E-01 -8.16900790E-02 -2.42626884E-02  9.99999975E-05  3.27228066E-03  2.35654092E+00
  6.00000000E+00  3.23000000E-01  8.52139498E-01 -8.16437859E-02 -2.42916365E-02  9.99999975E-05  3.26884606E-03  2.36582691E+00
  6.00000000E+00  3.26000000E-01  8.52598214E-01 -8.15974299E-02 -2.43205364E-02  9.99999975E-05  3.26545080E-03  2.37510030E+00
  6.00000000E+00  3.29000000E-01  8.53054770E-01 -8.15510119E-02 -2.43493879E-02  9.99999975E-05  3.26209317E-03  2.38436167E+00
  6.00000000E+00  3.32000000E-01  8.53509199E-01 -8.15045331E-02 -2.43781911E-02  9.99999975E-05  3.25877155E-03  2.39361155E+00
  6.00000000E+00  3.35000000E-01  8.53961532E-01 -8.14579944E-02 -2.44069461E-02  9.99999975E-05  3.25548436E-03  2.40285046E+00
  6.00000000E+00  3.38000000E-01  8.54411802E-01 -8.14113969E-02 -2.44356528E-02  9.99999975E-05  3.25223011E-03  2.41207891E+00
  6.00000000E+00  3.41000000E-01  8.54860039E-01 -8.13647415E-02 -2.44643110E-02  9.99999975E-05  3.24900735E-03  2.42129738E+00
  6.00000000E+00  3.44000000E-01  8.55306273E-01 -8.13180292E-02 -2.44929208E-02  9.99999975E-05  3.24581473E-03  2.43050632E+00
  6.00000000E+00  3.47000000E-01  8.55750532E-01 -8.12712610E-02 -2.45214821E-02  9.99999975E-05  3.24265093E-03  2.43970620E+00
  6.00000000E+00  3.50000000E-01  8.56192844E-01 -8.12244377E-02 -2.45499949E-02  9.99999975E-05  3.23951470E-03  2.44889744E+00
  6.00000000E+00  3.53000000E-01  8.56633237E-01 -8.11775604E-02 -2.45784592E-02  9.99999975E-05  3.23640485E-03  2.45808046E+00
  6.00000000E+00  3.56000000E-01  8.57071737E-01 -8.11306298E-02 -2.46068749E-02  9.99999975E-05  3.23332023E-03  2.46725565E+00
  6.00000000E+00  3.59000000E-01  8.57508370E-01 -8.10836469E-02 -2.46352421E-02  9.99999975E-05  3.23025975E-03  2.47642339E+00
  6.00000000E+00  3.62000000E-01  8.57943161E-01 -8.10366125E-02 -2.46635607E-02  9.99999975E-05  3.22722235E-03  2.48558407E+00
  6.00000000E+00  3.65000000E-01  8.58376135E-01 -8.09895276E-02 -2.46918307E-02  9.99999975E-05  3.22420704E-03  2.49473803E+00
  6.00000000E+00  3.68000000E-01  8.58807314E-01 -8.09423928E-02 -2.47200521E-02  9.99999975E-05  3.22121286E-03  2.50388562E+00
  6.00000000E+00  3.71000000E-01  8.59236723E-01 -8.08952092E-02 -2.47482248E-02  9.99999975E-05  3.21823888E-03  2.51302717E+00
  6.00000000E+00  3.74000000E-01  8.59664384E-01 -8.08479774E-02 -2.47763490E-02  9.99999975E-05  3.21528424E-03  2.52216299E+00
  6.00000000E+00  3.77000000E-01  8.60090318E-01 -8.08006983E-02 -2.48044246E-02  9.99999975E-05  3.21234809E-03  2.53129339E+00
  6.00000000E+00  3.80000000E-01  8.60514548E-01 -8.07533726E-02 -2.48324515E-02  9.99999975E-05  3.20942963E-03  2.54041866E+00
  6.00000000E+00  3.83000000E-01  8.60937094E-01 -8.07060013E-02 -2.48604298E-02  9.99999975E-05  3.20652809E-03  2.54953910E+00
  6.00000000E+00  3.86000000E-01  8.61357975E-01 -8.06585849E-02 -2.48883595E-02  9.99999975E-05  3.20364274E-03  2.55865497E+00
  6.00000000E+00  3.89000000E-01  8.61777213E-01 -8.06111243E-02 -2.49162406E-02  9.99999975E-05  3.20077287E-03  2.56776653E+00
  6.00000000E+00  3.92000000E-01  8.62194826E-01 -8.05636202E-02 -2.49440730E-02  9.99999975E-05  3.19791782E-03  2.57687404E+00
  6.00000000E+00  3.95000000E-01  8.62610833E-01 -8.05160734E-02 -2.49718569E-02  9.99999975E-05  3.19507694E-03  2.58597774E+00
  6.00000000E+00  3.98000000E-01  8.63025253E-01 -8.04684846E-02 -2.49995922E-02  9.99999975E-05  3.19224962E-03  2.59507787E+00
  6.00000000E+00  4.01000000E-01  8.63438102E-01 -8.04208544E-02 -2.50272789E-02  9.99999975E-05  3.18943526E-03  2.60417465E+00
  6.00000000E+00  4.04000000E-01  8.63849399E-01 -8.03731837E-02 -2.50549171E-02  9.99999975E-05  3.18663330E-03  2.61326831E+00
  6.00000000E+00  4.07000000E-01  8.64259161E-01 -8.03254731E-02 -2.50825067E-02  9.99999975E-05  3.18384321E-03  2.62235904E+00
  6.00000000E+00  4.10000000E-01  8.64667404E-01 -8.02777233E-02 -2.51100478E-02  9.99999975E-05  3.18106446E-03  2.63144706E+00
  6.00000000E+00  4.13000000E-01  8.65074145E-01 -8.02299349E-02 -2.51375404E-02  9.99999975E-05  3.17829657E-03  2.64053256E+00
  6.00000000E+00  4.16000000E-01  8.65479399E-01 -8.01821087E-02 -2.51649845E-02  9.99999975E-05  3.17553906E-03  2.64961573E+00
  6.00000000E+00  4.19000000E-01  8.65883181E-01 -8.01342454E-02 -2.51923801E-02  9.99999975E-05  3.17279147E-03  2.65869674E+00
  6.00000000E+00  4.22000000E-01  8.66285508E-01 -8.00863455E-02 -2.52197274E-02  9.99999975E-05  3.17005339E-03  2.66777578E+00
  6.00000000E+00  4.25000000E-01  8.66686393E-01 -8.00384097E-02 -2.52470262E-02  9.99999975E-05  3.16732438E-03  2.67685301E+00
  6.00000000E+00  4.28000000E-01  8.67085851E-01 -7.99904387E-02 -2.52742766E-02  9.99999975E-05  3.16460405E-03  2.68592860E+00
  6.00000000E+00  4.31000000E-01  8.67483896E-01 -7.99424331E-02 -2.53014787E-02  9.99999975E-05  3.16189203E-03  2.69500269E+00
  6.00000000E+00  4.34000000E-01  8.67880542E-01 -7.98943935E-02 -2.53286324E-02  9.99999975E-05  3.15918795E-03  2.70407545E+00
  6.00000000E+00  4.37000000E-01  8.68275802E-01 -7.98463205E-02 -2.53557379E-02  9.99999975E-05  3.15649146E-03  2.71314702E+00
  6.00000000E+00  4.40000000E-01  8.68669690E-01 -7.97982149E-02 -2.53827951E-02  9.99999975E-05  3.15380223E-03  2.72221754E+00
  6.00000000E+00  4.43000000E-01  8.69062218E-01 -7.97500771E-02 -2.54098041E-02  9.99999975E-05  3.15111994E-03  2.73128714E+00
  6.00000000E+00  4.46000000E-01  8.69453399E-01 -7.97019077E-02 -2.54367649E-02  9.99999975E-05  3.14844429E-03  2.74035597E+00
  6.00000000E+00  4.49000000E-01  8.69843245E-01 -7.96537075E-02 -2.54636775E-02  9.99999975E-05  3.14577497E-03  2.74942413E+00
  6.00000000E+00  4.52000000E-01  8.70231769E-01 -7.96054768E-02 -2.54905420E-02  9.99999975E-05  3.14311172E-03  2.75849177E+00
  6.00000000E+00  4.55000000E-01  8.70618982E-01 -7.95572164E-02 -2.55173584E-02  9.99999975E-05  3.14045427E-03  2.76755899E+00
  6.00000000E+00  4.58000000E-01  8.71004896E-01 -7.95089269E-02 -2.55441268E-02  9.99999975E-05  3.13780235E-03  2.77662590E+00
  6.00000000E+00  4.61000000E-01  8.71389522E-01 -7.94606086E-02 -2.55708472E-02  9.99999975E-05  3.13515573E-03  2.78569263E+00
  6.00000000E+00  4.64000000E-01  8.71772871E-01 -7.94122624E-02 -2.55975196E-02  9.99999975E-05  3.13251417E-03  2.79475928E+00
  6.00000000E+00  4.67000000E-01  8.72154955E-01 -7.93638886E-02 -2.56241441E-02  9.99999975E-05  3.12987745E-03  2.80382594E+00
  6.00000000E+00  4.70000000E-01  8.72535784E-01 -7.93154879E-02 -2.56507207E-02  9.99999975E-05  3.12724534E-03  2.81289272E+00
  6.00000000E+00  4.73000000E-01  8.72915367E-01 -7.92670608E-02 -2.56772495E-02  9.99999975E-05  3.12461765E-03  2.82195972E+00
  6.00000000E+00  4.76000000E-01  8.73293717E-01 -7.92186078E-02 -2.57037305E-02  9.99999975E-05  3.12199417E-03  2.83102703E+00
  6.00000000E+00  4.79000000E-01  8.73670842E-01 -7.91701295E-02 -2.57301637E-02  9.99999975E-05  3.11937472E-03  2.84009474E+00
  6.00000000E+00  4.82000000E-01  8.74046753E-01 -7.91216264E-02 -2.57565492E-02  9.99999975E-05  3.11675913E-03  2.84916294E+00
  6.00000000E+00  4.85000000E-01  8.74421459E-01 -7.90730990E-02 -2.57828871E-02  9.99999975E-05  3.11414720E-03  2.85823171E+00
  6.00000000E+00  4.88000000E-01  8.74794970E-01 -7.90245479E-02 -2.58091774E-02  9.99999975E-05  3.11153879E-03  2.86730113E+00
  6.00000000E+00  4.91000000E-01  8.75167295E-01 -7.89759736E-02 -2.58354201E-02  9.99999975E-05  3.10893373E-03  2.87637129E+00
  6.00000000E+00  4.94000000E-01  8.75538443E-01 -7.89273765E-02 -2.58616153E-02  9.99999975E-05  3.10633186E-03  2.88544226E+00
  6.00000000E+00  4.97000000E-01  8.75908424E-01 -7.88787572E-02 -2.58877631E-02  9.99999975E-05  3.10373304E-03  2.89451411E+00
  6.00000000E+00  5.00000000E-01  8.76277246E-01 -7.88301162E-02 -2.59138635E-02  9.99999975E-05  3.10113713E-03  2.90358692E+00
  6.00000000E+00  5.03000000E-01  8.76644917E-01 -7.87814540E-02 -2.59399164E-02  9.99999975E-05  3.09854401E-03  2.91266076E+00
  6.00000000E+00  5.06000000E-01  8.77011447E-01 -7.87327710E-02 -2.59659221E-02  9.99999975E-05  3.09595354E-03  2.92173570E+00
  6.00000000E+00  5.09000000E-01  8.77376844E-01 -7.86840678E-02 -2.59918805E-02  9.99999975E-05  3.09336560E-03  2.93081180E+00
  6.00000000E+00  5.12000000E-01  8.77741116E-01 -7.86353449E-02 -2.60177917E-02  9.99999975E-05  3.09078007E-03  2.93988913E+00
  6.00000000E+00  5.15000000E-01  8.78104271E-01 -7.85866026E-02 -2.60436557E-02  9.99999975E-05  3.08819685E-03  2.94896774E+00
  6.00000000E+00  5.18000000E-01  8.78466317E-01 -7.85378416E-02 -2.60694727E-02  9.99999975E-05  3.08561581E-03  2.95804771E+00
  6.00000000E+00  5.21000000E-01  8.78827263E-01 -7.84890622E-02 -2.60952426E-02  9.99999975E-05  3.08303688E-03  2.96712908E+00
  6.00000000E+00  5.24000000E-01  8.79187114E-01 -7.84402649E-02 -2.61209656E-02  9.99999975E-05  3.08045993E-03  2.97621192E+00
  6.00000000E+00  5.27000000E-01  8.79545881E-01 -7.83914502E-02 -2.61466416E-02  9.99999975E-05  3.07788489E-03  2.98529629E+00
  6.00000000E+00  5.30000000E-01  8.79903568E-01 -7.83426186E-02 -2.61722707E-02  9.99999975E-05  3.07531166E-03  2.99438222E+00
  6.00000000E+00  5.33000000E-01  8.80260185E-01 -7.82937704E-02 -2.61978530E-02  9.99999975E-05  3.07274015E-03  3.00346979E+00
  6.00000000E+00  5.36000000E-01  8.80615739E-01 -7.82449062E-02 -2.62233886E-02  9.99999975E-05  3.07017029E-03  3.01255904E+00
  6.00000000E+00  5.39000000E-01  8.80970236E-01 -7.81960263E-02 -2.62488774E-02  9.99999975E-05  3.06760200E-03  3.02165001E+00
  6.00000000E+00  5.42000000E-01  8.81323683E-01 -7.81471313E-02 -2.62743196E-02  9.99999975E-05  3.06503519E-03  3.03074276E+00
  6.00000000E+00  5.45000000E-01  8.81676088E-01 -7.80982215E-02 -2.62997152E-02  9.99999975E-05  3.06246980E-03  3.03983734E+00
  6.00000000E+00  5.48000000E-01  8.82027457E-01 -7.80492974E-02 -2.63250643E-02  9.99999975E-05  3.05990576E-03  3.04893379E+00
  6.00000000E+00  5.51000000E-01  8.82377797E-01 -7.80003594E-02 -2.63503668E-02  9.99999975E-05  3.05734300E-03  3.05803216E+00
  6.00000000E+00  5.54000000E-01  8.82727114E-01 -7.79514080E-02 -2.63756230E-02  9.99999975E-05  3.05478146E-03  3.06713249E+00
  6.00000000E+00  5.57000000E-01  8.83075416E-01 -7.79024435E-02 -2.64008328E-02  9.99999975E-05  3.05222108E-03  3.07623483E+00
  6.00000000E+00  5.60000000E-01  8.83422708E-01 -7.78534664E-02 -2.64259963E-02  9.99999975E-05  3.04966179E-03  3.08533921E+00
  6.00000000E+00  5.63000000E-01  8.83768997E-01 -7.78044770E-02 -2.64511136E-02  9.99999975E-05  3.04710356E-03  3.09444568E+00
  6.00000000E+00  5.66000000E-01  8.84114289E-01 -7.77554758E-02 -2.64761847E-02  9.99999975E-05  3.04454632E-03  3.10355427E+00
  6.00000000E+00  5.69000000E-01  8.84458590E-01 -7.77064632E-02 -2.65012097E-02  9.99999975E-05  3.04199002E-03  3.11266503E+00
  6.00000000E+00  5.72000000E-01  8.84801907E-01 -7.76574397E-02 -2.65261886E-02  9.99999975E-05  3.03943462E-03  3.12177800E+00
  6.00000000E+00  5.75000000E-01  8.85144245E-01 -7.76084055E-02 -2.65511215E-02  9.99999975E-05  3.03688006E-03  3.13089321E+00
  6.00000000E+00  5.78000000E-01  8.85485610E-01 -7.75593610E-02 -2.65760086E-02  9.99999975E-05  3.03432631E-03  3.14001070E+00
  6.00000000E+00  5.81000000E-01  8.85826008E-01 -7.75103068E-02 -2.66008497E-02  9.99999975E-05  3.03177332E-03  3.14913050E+00
  6.00000000E+00  5.84000000E-01  8.86165446E-01 -7.74612431E-02 -2.66256451E-02  9.99999975E-05  3.02922106E-03  3.15825266E+00
  6.00000000E+00  5.87000000E-01  8.86503927E-01 -7.74121703E-02 -2.66503947E-02  9.99999975E-05  3.02666948E-03  3.16737720E+00
  6.00000000E+00  5.90000000E-01  8.86841459E-01 -7.73630889E-02 -2.66750986E-02  9.99999975E-05  3.02411854E-03  3.17650416E+00
  6.00000000E+00  5.93000000E-01  8.87178047E-01 -7.73139991E-02 -2.66997569E-02  9.99999975E-05  3.02156822E-03  3.18563357E+00
  6.00000000E+00  5.96000000E-01  8.87513696E-01 -7.72649014E-02 -2.67243697E-02  9.99999975E-05  3.01901848E-03  3.19476546E+00
  6.00000000E+00  5.99000000E-01  8.87848412E-01 -7.72157961E-02 -2.67489369E-02  9.99999975E-05  3.01646928E-03  3.20389987E+00
  6.00000000E+00  6.02000000E-01  8.88182199E-01 -7.71666837E-02 -2.67734588E-02  9.99999975E-05  3.01392061E-03  3.21303683E+00
  6.00000000E+00  6.05000000E-01  8.88515064E-01 -7.71175643E-02 -2.67979353E-02  9.99999975E-05  3.01137242E-03  3.22217637E+00
  6.00000000E+00  6.08000000E-01  8.88847011E-01 -7.70684385E-02 -2.68223665E-02  9.99999975E-05  3.00882469E-03  3.23131852E+00
  6.00000000E+00  6.11000000E-01  8.89178045E-01 -7.70193066E-02 -2.68467525E-02  9.99999975E-05  3.00627739E-03  3.24046330E+00
  6.00000000E+00  6.14000000E-01  8.89508173E-01 -7.69701689E-02 -2.68710933E-02  9.99999975E-05  3.00373051E-03  3.24961076E+00
  6.00000000E+00  6.17000000E-01  8.89837398E-01 -7.69210257E-02 -2.68953890E-02  9.99999975E-05  3.00118401E-03  3.25876091E+00
  6.00000000E+00  6.20000000E-01  8.90165726E-01 -7.68718775E-02 -2.69196397E-02  9.99999975E-05  2.99863787E-03  3.26791379E+00
  6.00000000E+00  6.23000000E-01  8.90493161E-01 -7.68227245E-02 -2.69438454E-02  9.99999975E-05  2.99609207E-03  3.27706942E+00
  6.00000000E+00  6.26000000E-01  8.90819709E-01 -7.67735672E-02 -2.69680062E-02  9.99999975E-05  2.99354658E-03  3.28622784E+00
  6.00000000E+00  6.29000000E-01  8.91145374E-01 -7.67244057E-02 -2.69921222E-02  9.99999975E-05  2.99100140E-03  3.29538906E+00
  6.00000000E+00  6.32000000E-01  8.91470161E-01 -7.66752405E-02 -2.70161934E-02  9.99999975E-05  2.98845650E-03  3.30455312E+00
  6.00000000E+00  6.35000000E-01  8.91794075E-01 -7.66260719E-02 -2.70402199E-02  9.99999975E-05  2.98591186E-03  3.31372004E+00
  6.00000000E+00  6.38000000E-01  8.92117121E-01 -7.65769003E-02 -2.70642018E-02  9.99999975E-05  2.98336747E-03  3.32288985E+00
  6.00000000E+00  6.41000000E-01  8.92439302E-01 -7.65277258E-02 -2.70881391E-02  9.99999975E-05  2.98082330E-03  3.33206257E+00
  6.00000000E+00  6.44000000E-01  8.92760624E-01 -7.64785490E-02 -2.71120319E-02  9.99999975E-05  2.97827935E-03  3.34123823E+00
  6.00000000E+00  6.47000000E-01  8.93081091E-01 -7.64293700E-02 -2.71358802E-02  9.99999975E-05  2.97573560E-03  3.35041686E+00
  6.00000000E+00  6.50000000E-01  8.93400708E-01 -7.63801892E-02 -2.71596842E-02  9.99999975E-05  2.97319204E-03  3.35959848E+00
  6.00000000E+00  6.53000000E-01  8.93719478E-01 -7.63310069E-02 -2.71834439E-02  9.99999975E-05  2.97064864E-03  3.36878311E+00
  6.00000000E+00  6.56000000E-01  8.94037407E-01 -7.62818234E-02 -2.72071594E-02  9.99999975E-05  2.96810540E-03  3.37797078E+00
  6.00000000E+00  6.59000000E-01  8.94354499E-01 -7.62326390E-02 -2.72308307E-02  9.99999975E-05  2.96556232E-03  3.38716151E+00
  6.00000000E+00  6.62000000E-01  8.94670757E-01 -7.61834541E-02 -2.72544579E-02  9.99999975E-05  2.96301936E-03  3.39635533E+00
  6.00000000E+00  6.65000000E-01  8.94986186E-01 -7.61342689E-02 -2.72780410E-02  9.99999975E-05  2.96047654E-03  3.40555227E+00
  6.00000000E+00  6.68000000E-01  8.95300791E-01 -7.60850837E-02 -2.73015802E-02  9.99999975E-05  2.95793383E-03  3.41475233E+00
  6.00000000E+00  6.71000000E-01  8.95614576E-01 -7.60358988E-02 -2.73250755E-02  9.99999975E-05  2.95539122E-03  3.42395555E+00
  6.00000000E+00  6.74000000E-01  8.95927544E-01 -7.59867145E-02 -2.73485270E-02  9.99999975E-05  2.95284871E-03  3.43316195E+00
  6.00000000E+00  6.77000000E-01  8.96239699E-01 -7.59375311E-02 -2.73719347E-02  9.99999975E-05  2.95030629E-03  3.44237156E+00
  6.00000000E+00  6.80000000E-01  8.96551047E-01 -7.58883489E-02 -2.73952987E-02  9.99999975E-05  2.94776395E-03  3.45158439E+00
  6.00000000E+00  6.83000000E-01  8.96861590E-01 -7.58391682E-02 -2.74186192E-02  9.99999975E-05  2.94522169E-03  3.46080047E+00
  6.00000000E+00  6.86000000E-01  8.97171332E-01 -7.57899892E-02 -2.74418960E-02  9.99999975E-05  2.94267949E-03  3.47001982E+00
  6.00000000E+00  6.89000000E-01  8.97480279E-01 -7.57408122E-02 -2.74651294E-02  9.99999975E-05  2.94013735E-03  3.47924245E+00
  6.00000000E+00  6.92000000E-01  8.97788432E-01 -7.56916375E-02 -2.74883194E-02  9.99999975E-05  2.93759526E-03  3.48846841E+00
  6.00000000E+00  6.95000000E-01  8.98095797E-01 -7.56424654E-02 -2.75114660E-02  9.99999975E-05  2.93505322E-03  3.49769770E+00
  6.00000000E+00  6.98000000E-01  8.98402378E-01 -7.55932962E-02 -2.75345693E-02  9.99999975E-05  2.93251122E-03  3.50693034E+00
  6.00000000E+00  7.01000000E-01  8.98708177E-01 -7.55441300E-02 -2.75576295E-02  9.99999975E-05  2.92996926E-03  3.51616637E+00
  6.00000000E+00  7.04000000E-01  8.99013198E-01 -7.54949672E-02 -2.75806465E-02  9.99999975E-05  2.92742733E-03  3.52540579E+00
  6.00000000E+00  7.07000000E-01  8.99317447E-01 -7.54458081E-02 -2.76036204E-02  9.99999975E-05  2.92488544E-03  3.53464864E+00
  6.00000000E+00  7.10000000E-01  8.99620925E-01 -7.53966528E-02 -2.76265514E-02  9.99999975E-05  2.92234356E-03  3.54389492E+00
  6.00000000E+00  7.13000000E-01  8.99923636E-01 -7.53475017E-02 -2.76494394E-02  9.99999975E-05  2.91980171E-03  3.55314467E+00
  6.00000000E+00  7.16000000E-01  9.00225585E-01 -7.52983550E-02 -2.76722846E-02  9.99999975E-05  2.91725987E-03  3.56239790E+00
  6.00000000E+00  7.19000000E-01  9.00526775E-01 -7.52492130E-02 -2.76950869E-02  9.99999975E-05  2.91471805E-03  3.57165464E+00
  6.00000000E+00  7.22000000E-01  9.00827210E-01 -7.52000759E-02 -2.77178466E-02  9.99999975E-05  2.91217624E-03  3.58091490E+00
  6.00000000E+00  7.25000000E-01  9.01126892E-01 -7.51509439E-02 -2.77405636E-02  9.99999975E-05  2.90963443E-03  3.59017871E+00
  6.00000000E+00  7.28000000E-01  9.01425826E-01 -7.51018173E-02 -2.77632380E-02  9.99999975E-05  2.90709264E-03  3.59944608E+00
  6.00000000E+00  7.31000000E-01  9.01724014E-01 -7.50526964E-02 -2.77858699E-02  9.99999975E-05  2.90455084E-03  3.60871704E+00
  6.00000000E+00  7.34000000E-01  9.02021461E-01 -7.50035814E-02 -2.78084593E-02  9.99999975E-05  2.90200905E-03  3.61799161E+00
  6.00000000E+00  7.37000000E-01  9.02318170E-01 -7.49544725E-02 -2.78310064E-02  9.99999975E-05  2.89946726E-03  3.62726980E+00
  6.00000000E+00  7.40000000E-01  9.02614143E-01 -7.49053700E-02 -2.78535111E-02  9.99999975E-05  2.89692546E-03  3.63655164E+00
  6.00000000E+00  7.43000000E-01  9.02909385E-01 -7.48562740E-02 -2.78759736E-02  9.99999975E-05  2.89438366E-03  3.64583715E+00
  6.00000000E+00  7.46000000E-01  9.03203899E-01 -7.48071849E-02 -2.78983941E-02  9.99999975E-05  2.89184186E-03  3.65512635E+00
  6.00000000E+00  7.49000000E-01  9.03497688E-01 -7.47581029E-02 -2.79207724E-02  9.99999975E-05  2.88930005E-03  3.66441925E+00
  6.00000000E+00  7.52000000E-01  9.03790755E-01 -7.47090281E-02 -2.79431086E-02  9.99999975E-05  2.88675824E-03  3.67371587E+00
  6.00000000E+00  7.55000000E-01  9.04083104E-01 -7.46599609E-02 -2.79654030E-02  9.99999975E-05  2.88421642E-03  3.68301625E+00
  6.00000000E+00  7.58000000E-01  9.04374737E-01 -7.46109013E-02 -2.79876554E-02  9.99999975E-05  2.88167459E-03  3.69232038E+00
  6.00000000E+00  7.61000000E-01  9.04665659E-01 -7.45618498E-02 -2.80098660E-02  9.99999975E-05  2.87913276E-03  3.70162831E+00
  6.00000000E+00  7.64000000E-01  9.04955871E-01 -7.45128064E-02 -2.80320349E-02  9.99999975E-05  2.87659092E-03  3.71094004E+00
  6.00000000E+00  7.67000000E-01  9.05245378E-01 -7.44637714E-02 -2.80541621E-02  9.99999975E-05  2.87404908E-03  3.72025559E+00
  6.00000000E+00  7.70000000E-01  9.05534182E-01 -7.44147450E-02 -2.80762477E-02  9.99999975E-05  2.87150723E-03  3.72957499E+00
  6.00000000E+00  7.73000000E-01  9.05822286E-01 -7.43657274E-02 -2.80982918E-02  9.99999975E-05  2.86896537E-03  3.73889825E+00
  6.00000000E+00  7.76000000E-01  9.06109694E-01 -7.43167188E-02 -2.81202944E-02  9.99999975E-05  2.86642350E-03  3.74822540E+00
  6.00000000E+00  7.79000000E-01  9.06396408E-01 -7.42677195E-02 -2.81422556E-02  9.99999975E-05  2.86388164E-03  3.75755645E+00
  6.00000000E+00  7.82000000E-01  9.06682432E-01 -7.42187296E-02 -2.81641755E-02  9.99999975E-05  2.86133976E-03  3.76689142E+00
  6.00000000E+00  7.85000000E-01  9.06967769E-01 -7.41697494E-02 -2.81860542E-02  9.99999975E-05  2.85879789E-03  3.77623033E+00
  6.00000000E+00  7.88000000E-01  9.07252420E-01 -7.41207790E-02 -2.82078917E-02  9.99999975E-05  2.85625601E-03  3.78557320E+00
  6.00000000E+00  7.91000000E-01  9.07536391E-01 -7.40718186E-02 -2.82296880E-02  9.99999975E-05  2.85371413E-03  3.79492005E+00
  6.00000000E+00  7.94000000E-01  9.07819682E-01 -7.40228685E-02 -2.82514434E-02  9.99999975E-05  2.85117225E-03  3.80427090E+00
  6.00000000E+00  7.97000000E-01  9.08102298E-01 -7.39739288E-02 -2.82731577E-02  9.99999975E-05  2.84863037E-03  3.81362577E+00
  6.00000000E+00  8.00000000E-01  9.08384241E-01 -7.39249998E-02 -2.82948312E-02  9.99999975E-05  2.84608850E-03  3.82298467E+00
  6.00000000E+00  8.03000000E-01  9.08665514E-01 -7.38760816E-02 -2.83164638E-02  9.99999975E-05  2.84354662E-03  3.83234763E+00
  6.00000000E+00  8.06000000E-01  9.08946120E-01 -7.38271744E-02 -2.83380557E-02  9.99999975E-05  2.84100476E-03  3.84171467E+00
  6.00000000E+00  8.09000000E-01  9.09226062E-01 -7.37782784E-02 -2.83596069E-02  9.99999975E-05  2.83846290E-03  3.85108580E+00
  6.00000000E+00  8.12000000E-01  9.09505342E-01 -7.37293938E-02 -2.83811175E-02  9.99999975E-05  2.83592105E-03  3.86046104E+00
  6.00000000E+00  8.15000000E-01  9.09783963E-01 -7.36805207E-02 -2.84025875E-02  9.99999975E-05  2.83337921E-03  3.86984042E+00
  6.00000000E+00  8.18000000E-01  9.10061928E-01 -7.36316595E-02 -2.84240170E-02  9.99999975E-05  2.83083738E-03  3.87922395E+00
  6.00000000E+00  8.21000000E-01  9.10339240E-01 -7.35828101E-02 -2.84454062E-02  9.99999975E-05  2.82829556E-03  3.88861165E+00
  6.00000000E+00  8.24000000E-01  9.10615901E-01 -7.35339729E-02 -2.84667550E-02  9.99999975E-05  2.82575376E-03  3.89800354E+00
  6.00000000E+00  8.27000000E-01  9.10891914E-01 -7.34851480E-02 -2.84880635E-02  9.99999975E-05  2.82321198E-03  3.90739964E+00
  6.00000000E+00  8.30000000E-01  9.11167282E-01 -7.34363356E-02 -2.85093318E-02  9.99999975E-05  2.82067022E-03  3.91679997E+00
  6.00000000E+00  8.33000000E-01  9.11442008E-01 -7.33875358E-02 -2.85305601E-02  9.99999975E-05  2.81812849E-03  3.92620454E+00
  6.00000000E+00  8.36000000E-01  9.11716093E-01 -7.33387488E-02 -2.85517482E-02  9.99999975E-05  2.81558677E-03  3.93561338E+00
  6.00000000E+00  8.39000000E-01  9.11989542E-01 -7.32899748E-02 -2.85728964E-02  9.99999975E-05  2.81304509E-03  3.94502651E+00
  6.00000000E+00  8.42000000E-01  9.12262355E-01 -7.32412140E-02 -2.85940046E-02  9.99999975E-05  2.81050343E-03  3.95444393E+00
  6.00000000E+00  8.45000000E-01  9.12534537E-01 -7.31924665E-02 -2.86150731E-02  9.99999975E-05  2.80796180E-03  3.96386568E+00
  6.00000000E+00  8.48000000E-01  9.12806088E-01 -7.31437325E-02 -2.86361017E-02  9.99999975E-05  2.80542021E-03  3.97329178E+00
  6.00000000E+00  8.51000000E-01  9.13077013E-01 -7.30950121E-02 -2.86570906E-02  9.99999975E-05  2.80287866E-03  3.98272223E+00
  6.00000000E+00  8.54000000E-01  9.13347314E-01 -7.30463056E-02 -2.86780399E-02  9.99999975E-05  2.80033714E-03  3.99215707E+00
  6.00000000E+00  8.57000000E-01  9.13616992E-01 -7.29976131E-02 -2.86989496E-02  9.99999975E-05  2.79779567E-03  4.00159630E+00
  6.00000000E+00  8.60000000E-01  9.13886051E-01 -7.29489346E-02 -2.87198199E-02  9.99999975E-05  2.79525424E-03  4.01103995E+00
  6.00000000E+00  8.63000000E-01  9.14154493E-01 -7.29002705E-02 -2.87406507E-02  9.99999975E-05  2.79271286E-03  4.02048803E+00
  6.00000000E+00  8.66000000E-01  9.14422320E-01 -7.28516208E-02 -2.87614421E-02  9.99999975E-05  2.79017152E-03  4.02994058E+00
  6.00000000E+00  8.69000000E-01  9.14689535E-01 -7.28029857E-02 -2.87821943E-02  9.99999975E-05  2.78763024E-03  4.03939759E+00
  6.00000000E+00  8.72000000E-01  9.14956140E-01 -7.27543654E-02 -2.88029072E-02  9.99999975E-05  2.78508901E-03  4.04885910E+00
  6.00000000E+00  8.75000000E-01  9.15222139E-01 -7.27057600E-02 -2.88235810E-02  9.99999975E-05  2.78254785E-03  4.05832513E+00
  6.00000000E+00  8.78000000E-01  9.15487532E-01 -7.26571697E-02 -2.88442157E-02  9.99999975E-05  2.78000674E-03  4.06779568E+00
  6.00000000E+00  8.81000000E-01  9.15752323E-01 -7.26085945E-02 -2.88648115E-02  9.99999975E-05  2.77746569E-03  4.07727078E+00
  6.00000000E+00  8.84000000E-01  9.16016513E-01 -7.25600347E-02 -2.88853682E-02  9.99999975E-05  2.77492471E-03  4.08675046E+00
  6.00000000E+00  8.87000000E-01  9.16280106E-01 -7.25114904E-02 -2.89058861E-02  9.99999975E-05  2.77238380E-03  4.09623472E+00
  6.00000000E+00  8.90000000E-01  9.16543103E-01 -7.24629617E-02 -2.89263653E-02  9.99999975E-05  2.76984297E-03  4.10572359E+00
  6.00000000E+00  8.93000000E-01  9.16805507E-01 -7.24144488E-02 -2.89468057E-02  9.99999975E-05  2.76730221E-03  4.11521709E+00
  6.00000000E+00  8.96000000E-01  9.17067320E-01 -7.23659519E-02 -2.89672074E-02  9.99999975E-05  2.76476152E-03  4.12471523E+00
  6.00000000E+00  8.99000000E-01  9.17328545E-01 -7.23174710E-02 -2.89875705E-02  9.99999975E-05  2.76222092E-03  4.13421803E+00
  6.00000000E+00  9.02000000E-01  9.17589183E-01 -7.22690063E-02 -2.90078951E-02  9.99999975E-05  2.75968040E-03  4.14372552E+00
  6.00000000E+00  9.05000000E-01  9.17849238E-01 -7.22205579E-02 -2.90281813E-02  9.99999975E-05  2.75713997E-03  4.15323771E+00
  6.00000000E+00  9.08000000E-01  9.18108710E-01 -7.21721260E-02 -2.90484291E-02  9.99999975E-05  2.75459963E-03  4.16275463E+00
  6.00000000E+00  9.11000000E-01  9.18367603E-01 -7.21237107E-02 -2.90686386E-02  9.99999975E-05  2.75205938E-03  4.17227628E+00
  6.00000000E+00  9.14000000E-01  9.18625918E-01 -7.20753122E-02 -2.90888098E-02  9.99999975E-05  2.74951923E-03  4.18180269E+00
  6.00000000E+00  9.17000000E-01  9.18883658E-01 -7.20269305E-02 -2.91089429E-02  9.99999975E-05  2.74697918E-03  4.19133389E+00
  6.00000000E+00  9.20000000E-01  9.19140825E-01 -7.19785658E-02 -2.91290378E-02  9.99999975E-05  2.74443923E-03  4.20086987E+00
  6.00000000E+00  9.23000000E-01  9.19397422E-01 -7.19302182E-02 -2.91490948E-02  9.99999975E-05  2.74189939E-03  4.21041068E+00
  6.00000000E+00  9.26000000E-01  9.19653449E-01 -7.18818879E-02 -2.91691137E-02  9.99999975E-05  2.73935966E-03  4.21995632E+00
  6.00000000E+00  9.29000000E-01  9.19908910E-01 -7.18335749E-02 -2.91890948E-02  9.99999975E-05  2.73682003E-03  4.22950682E+00
  6.00000000E+00  9.32000000E-01  9.20163806E-01 -7.17852795E-02 -2.92090380E-02  9.99999975E-05  2.73428053E-03  4.23906219E+00
  6.00000000E+00  9.35000000E-01  9.20418141E-01 -7.17370017E-02 -2.92289435E-02  9.99999975E-05  2.73174114E-03  4.24862245E+00
  6.00000000E+00  9.38000000E-01  9.20671914E-01 -7.16887416E-02 -2.92488113E-02  9.99999975E-05  2.72920188E-03  4.25818763E+00
  6.00000000E+00  9.41000000E-01  9.20925130E-01 -7.16404994E-02 -2.92686414E-02  9.99999975E-05  2.72666274E-03  4.26775774E+00
  6.00000000E+00  9.44000000E-01  9.21177790E-01 -7.15922752E-02 -2.92884340E-02  9.99999975E-05  2.72412373E-03  4.27733280E+00
  6.00000000E+00  9.47000000E-01  9.21429895E-01 -7.15440691E-02 -2.93081891E-02  9.99999975E-05  2.72158486E-03  4.28691282E+00
  6.00000000E+00  9.50000000E-01  9.21681449E-01 -7.14958811E-02 -2.93279068E-02  9.99999975E-05  2.71904611E-03  4.29649784E+00
  6.00000000E+00  9.53000000E-01  9.21932452E-01 -7.14477116E-02 -2.93475872E-02  9.99999975E-05  2.71650751E-03  4.30608787E+00
  6.00000000E+00  9.56000000E-01  9.22182908E-01 -7.13995605E-02 -2.93672302E-02  9.99999975E-05  2.71396905E-03  4.31568292E+00
  6.00000000E+00  9.59000000E-01  9.22432818E-01 -7.13514279E-02 -2.93868361E-02  9.99999975E-05  2.71143073E-03  4.32528302E+00
  6.00000000E+00  9.62000000E-01  9.22682183E-01 -7.13033140E-02 -2.94064048E-02  9.99999975E-05  2.70889257E-03  4.33488818E+00
  6.00000000E+00  9.65000000E-01  9.22931007E-01 -7.12552189E-02 -2.94259364E-02  9.99999975E-05  2.70635455E-03  4.34449843E+00
  6.00000000E+00  9.68000000E-01  9.23179291E-01 -7.12071427E-02 -2.94454311E-02  9.99999975E-05  2.70381670E-03  4.35411378E+00
  6.00000000E+00  9.71000000E-01  9.23427036E-01 -7.11590854E-02 -2.94648888E-02  9.99999975E-05  2.70127900E-03  4.36373426E+00
  6.00000000E+00  9.74000000E-01  9.23674246E-01 -7.11110473E-02 -2.94843096E-02  9.99999975E-05  2.69874146E-03  4.37335988E+00
  6.00000000E+00  9.77000000E-01  9.23920921E-01 -7.10630284E-02 -2.95036936E-02  9.99999975E-05  2.69620409E-03  4.38299066E+00
  6.00000000E+00  9.80000000E-01  9.24167064E-01 -7.10150288E-02 -2.95230409E-02  9.99999975E-05  2.69366689E-03  4.39262663E+00
  6.00000000E+00  9.83000000E-01  9.24412677E-01 -7.09670487E-02 -2.95423516E-02  9.99999975E-05  2.69112986E-03  4.40226779E+00
  6.00000000E+00  9.86000000E-01  9.24657761E-01 -7.09190880E-02 -2.95616256E-02  9.99999975E-05  2.68859301E-03  4.41191418E+00
  6.00000000E+00  9.89000000E-01  9.24902319E-01 -7.08711470E-02 -2.95808631E-02  9.99999975E-05  2.68605633E-03  4.42156580E+00
  6.00000000E+00  9.92000000E-01  9.25146352E-01 -7.08232257E-02 -2.96000641E-02  9.99999975E-05  2.68351984E-03  4.43122268E+00
  6.00000000E+00  9.95000000E-01  9.25389862E-01 -7.07753243E-02 -2.96192288E-02  9.99999975E-05  2.68098354E-03  4.44088484E+00
  6.00000000E+00  9.98000000E-01  9.25632851E-01 -7.07274427E-02 -2.96383571E-02  9.99999975E-05  2.67844743E-03  4.45055230E+00
  6.00000000E+00  1.00100000E+00  9.25875322E-01 -7.06795812E-02 -2.96574491E-02  9.99999975E-05  2.67591151E-03  4.46022508E+00
  6.00000000E+00  1.00400000E+00  9.26117274E-01 -7.06317398E-02 -2.96765050E-02  9.99999975E-05  2.67337579E-03  4.46990319E+00
  6.00000000E+00  1.00700000E+00  9.26358711E-01 -7.05839186E-02 -2.96955247E-02  9.99999975E-05  2.67084027E-03  4.47958665E+00
  6.00000000E+00  1.01000000E+00  9.26599635E-01 -7.05361177E-02 -2.97145083E-02  9.99999975E-05  2.66830495E-03  4.48927550E+00
  6.00000000E+00  1.01300000E+00  9.26840046E-01 -7.04883372E-02 -2.97334560E-02  9.99999975E-05  2.66576984E-03  4.49896973E+00
  6.00000000E+00  1.01600000E+00  9.27079948E-01 -7.04405772E-02 -2.97523678E-02  9.99999975E-05  2.66323494E-03  4.50866938E+00
  6.00000000E+00  1.01900000E+00  9.27319341E-01 -7.03928378E-02 -2.97712437E-02  9.99999975E-05  2.66070026E-03  4.51837447E+00
  6.00000000E+00  1.02200000E+00  9.27558228E-01 -7.03451190E-02 -2.97900838E-02  9.99999975E-05  2.65816580E-03  4.52808501E+00
  6.00000000E+00  1.02500000E+00  9.27796609E-01 -7.02974210E-02 -2.98088881E-02  9.99999975E-05  2.65563156E-03  4.53780102E+00
  6.00000000E+00  1.02800000E+00  9.28034488E-01 -7.02497439E-02 -2.98276569E-02  9.99999975E-05  2.65309754E-03  4.54752252E+00
  6.00000000E+00  1.03100000E+00  9.28271865E-01 -7.02020877E-02 -2.98463900E-02  9.99999975E-05  2.65056375E-03  4.55724953E+00
  6.00000000E+00  1.03400000E+00  9.28508742E-01 -7.01544525E-02 -2.98650876E-02  9.99999975E-05  2.64803020E-03  4.56698208E+00
  6.00000000E+00  1.03700000E+00  9.28745122E-01 -7.01068384E-02 -2.98837497E-02  9.99999975E-05  2.64549688E-03  4.57672017E+00
  6.00000000E+00  1.04000000E+00  9.28981005E-01 -7.00592455E-02 -2.99023765E-02  9.99999975E-05  2.64296380E-03  4.58646384E+00
  6.00000000E+00  1.04300000E+00  9.29216394E-01 -7.00116738E-02 -2.99209679E-02  9.99999975E-05  2.64043096E-03  4.59621310E+00
  6.00000000E+00  1.04600000E+00  9.29451290E-01 -6.99641235E-02 -2.99395241E-02  9.99999975E-05  2.63789838E-03  4.60596796E+00
  6.00000000E+00  1.04900000E+00  9.29685695E-01 -6.99165947E-02 -2.99580451E-02  9.99999975E-05  2.63536604E-03  4.61572846E+00
  6.00000000E+00  1.05200000E+00  9.29919610E-01 -6.98690874E-02 -2.99765309E-02  9.99999975E-05  2.63283396E-03  4.62549460E+00
  6.00000000E+00  1.05500000E+00  9.30153037E-01 -6.98216016E-02 -2.99949817E-02  9.99999975E-05  2.63030213E-03  4.63526641E+00
  6.00000000E+00  1.05800000E+00  9.30385978E-01 -6.97741376E-02 -3.00133975E-02  9.99999975E-05  2.62777057E-03  4.64504391E+00
  6.00000000E+00  1.06100000E+00  9.30618435E-01 -6.97266953E-02 -3.00317784E-02  9.99999975E-05  2.62523927E-03  4.65482712E+00
  6.00000000E+00  1.06400000E+00  9.30850408E-01 -6.96792748E-02 -3.00501244E-02  9.99999975E-05  2.62270824E-03  4.66461606E+00
  6.00000000E+00  1.06700000E+00  9.31081900E-01 -6.96318762E-02 -3.00684356E-02  9.99999975E-05  2.62017748E-03  4.67441074E+00
  6.00000000E+00  1.07000000E+00  9.31312913E-01 -6.95844996E-02 -3.00867121E-02  9.99999975E-05  2.61764700E-03  4.68421119E+00
  6.00000000E+00  1.07300000E+00  9.31543447E-01 -6.95371450E-02 -3.01049539E-02  9.99999975E-05  2.61511680E-03  4.69401743E+00
  6.00000000E+00  1.07600000E+00  9.31773504E-01 -6.94898126E-02 -3.01231612E-02  9.99999975E-05  2.61258688E-03  4.70382947E+00
  6.00000000E+00  1.07900000E+00  9.32003087E-01 -6.94425024E-02 -3.01413338E-02  9.99999975E-05  2.61005725E-03  4.71364734E+00
  6.00000000E+00  1.08200000E+00  9.32232196E-01 -6.93952144E-02 -3.01594721E-02  9.99999975E-05  2.60752791E-03  4.72347105E+00
  6.00000000E+00  1.08500000E+00  9.32460833E-01 -6.93479488E-02 -3.01775759E-02  9.99999975E-05  2.60499886E-03  4.73330063E+00
  6.00000000E+00  1.08800000E+00  9.32688999E-01 -6.93007056E-02 -3.01956453E-02  9.99999975E-05  2.60247011E-03  4.74313610E+00
  6.00000000E+00  1.09100000E+00  9.32916697E-01 -6.92534848E-02 -3.02136805E-02  9.99999975E-05  2.59994167E-03  4.75297747E+00
  6.00000000E+00  1.09400000E+00  9.33143928E-01 -6.92062866E-02 -3.02316815E-02  9.99999975E-05  2.59741353E-03  4.76282477E+00
  6.00000000E+00  1.09700000E+00  9.33370693E-01 -6.91591111E-02 -3.02496483E-02  9.99999975E-05  2.59488569E-03  4.77267801E+00
  6.00000000E+00  1.10000000E+00  9.33596993E-01 -6.91119582E-02 -3.02675811E-02  9.99999975E-05  2.59235817E-03  4.78253722E+00
  6.00000000E+00  1.10300000E+00  9.33822831E-01 -6.90648280E-02 -3.02854798E-02  9.99999975E-05  2.58983097E-03  4.79240241E+00
  6.00000000E+00  1.10600000E+00  9.34048207E-01 -6.90177207E-02 -3.03033446E-02  9.99999975E-05  2.58730409E-03  4.80227361E+00
  6.00000000E+00  1.10900000E+00  9.34273124E-01 -6.89706362E-02 -3.03211755E-02  9.99999975E-05  2.58477753E-03  4.81215083E+00
  6.00000000E+00  1.11200000E+00  9.34497583E-01 -6.89235747E-02 -3.03389726E-02  9.99999975E-05  2.58225130E-03  4.82203409E+00
  6.00000000E+00  1.11500000E+00  9.34721584E-01 -6.88765362E-02 -3.03567359E-02  9.99999975E-05  2.57972540E-03  4.83192342E+00
  6.00000000E+00  1.11800000E+00  9.34945131E-01 -6.88295208E-02 -3.03744656E-02  9.99999975E-05  2.57719983E-03  4.84181883E+00
  6.00000000E+00  1.12100000E+00  9.35168223E-01 -6.87825284E-02 -3.03921616E-02  9.99999975E-05  2.57467461E-03  4.85172035E+00
  6.00000000E+00  1.12400000E+00  9.35390863E-01 -6.87355593E-02 -3.04098240E-02  9.99999975E-05  2.57214972E-03  4.86162799E+00
  6.00000000E+00  1.12700000E+00  9.35613052E-01 -6.86886134E-02 -3.04274530E-02  9.99999975E-05  2.56962518E-03  4.87154178E+00
  6.00000000E+00  1.13000000E+00  9.35834791E-01 -6.86416908E-02 -3.04450485E-02  9.99999975E-05  2.56710100E-03  4.88146173E+00
  6.00000000E+00  1.13300000E+00  9.36056082E-01 -6.85947916E-02 -3.04626106E-02  9.99999975E-05  2.56457716E-03  4.89138786E+00
  6.00000000E+00  1.13600000E+00  9.36276926E-01 -6.85479158E-02 -3.04801394E-02  9.99999975E-05  2.56205368E-03  4.90132020E+00
  6.00000000E+00  1.13900000E+00  9.36497325E-01 -6.85010635E-02 -3.04976350E-02  9.99999975E-05  2.55953057E-03  4.91125876E+00
  6.00000000E+00  1.14200000E+00  9.36717280E-01 -6.84542347E-02 -3.05150974E-02  9.99999975E-05  2.55700782E-03  4.92120357E+00
  6.00000000E+00  1.14500000E+00  9.36936793E-01 -6.84074295E-02 -3.05325267E-02  9.99999975E-05  2.55448543E-03  4.93115464E+00
  6.00000000E+00  1.14800000E+00  9.37155864E-01 -6.83606480E-02 -3.05499229E-02  9.99999975E-05  2.55196342E-03  4.94111199E+00
  6.00000000E+00  1.15100000E+00  9.37374496E-01 -6.83138901E-02 -3.05672861E-02  9.99999975E-05  2.54944179E-03  4.95107565E+00
  6.00000000E+00  1.15400000E+00  9.37592689E-01 -6.82671560E-02 -3.05846164E-02  9.99999975E-05  2.54692053E-03  4.96104563E+00
  6.00000000E+00  1.15700000E+00  9.37810444E-01 -6.82204457E-02 -3.06019139E-02  9.99999975E-05  2.54439966E-03  4.97102196E+00
  6.00000000E+00  1.16000000E+00  9.38027765E-01 -6.81737593E-02 -3.06191785E-02  9.99999975E-05  2.54187918E-03  4.98100465E+00
  6.00000000E+00  1.16300000E+00  9.38244650E-01 -6.81270968E-02 -3.06364104E-02  9.99999975E-05  2.53935909E-03  4.99099372E+00
  6.00000000E+00  1.16600000E+00  9.38461103E-01 -6.80804582E-02 -3.06536096E-02  9.99999975E-05  2.53683939E-03  5.00098920E+00
  6.00000000E+00  1.16900000E+00  9.38677124E-01 -6.80338437E-02 -3.06707762E-02  9.99999975E-05  2.53432009E-03  5.01099111E+00
  6.00000000E+00  1.17200000E+00  9.38892714E-01 -6.79872532E-02 -3.06879102E-02  9.99999975E-05  2.53180119E-03  5.02099945E+00
  6.00000000E+00  1.17500000E+00  9.39107876E-01 -6.79406868E-02 -3.07050118E-02  9.99999975E-05  2.52928270E-03  5.03101427E+00
  6.00000000E+00  1.17800000E+00  9.39322610E-01 -6.78941445E-02 -3.07220809E-02  9.99999975E-05  2.52676462E-03  5.04103557E+00
  6.00000000E+00  1.18100000E+00  9.39536917E-01 -6.78476265E-02 -3.07391177E-02  9.99999975E-05  2.52424696E-03  5.05106337E+00
  6.00000000E+00  1.18400000E+00  9.39750799E-01 -6.78011327E-02 -3.07561222E-02  9.99999975E-05  2.52172971E-03  5.06109770E+00
  6.00000000E+00  1.18700000E+00  9.39964257E-01 -6.77546632E-02 -3.07730944E-02  9.99999975E-05  2.51921288E-03  5.07113857E+00
  6.00000000E+00  1.19000000E+00  9.40177292E-01 -6.77082181E-02 -3.07900344E-02  9.99999975E-05  2.51669648E-03  5.08118601E+00
  6.00000000E+00  1.19300000E+00  9.40389906E-01 -6.76617973E-02 -3.08069423E-02  9.99999975E-05  2.51418051E-03  5.09124004E+00
  6.00000000E+00  1.19600000E+00  9.40602100E-01 -6.76154010E-02 -3.08238182E-02  9.99999975E-05  2.51166497E-03  5.10130067E+00
  6.00000000E+00  1.19900000E+00  9.40813875E-01 -6.75690292E-02 -3.08406621E-02  9.99999975E-05  2.50914986E-03  5.11136793E+00
  6.00000000E+00  1.20200000E+00  9.41025233E-01 -6.75226819E-02 -3.08574740E-02  9.99999975E-05  2.50663520E-03  5.12144183E+00
  6.00000000E+00  1.20500000E+00  9.41236174E-01 -6.74763591E-02 -3.08742541E-02  9.99999975E-05  2.50412098E-03  5.13152240E+00
  6.00000000E+00  1.20800000E+00  9.41446700E-01 -6.74300609E-02 -3.08910024E-02  9.99999975E-05  2.50160721E-03  5.14160966E+00
  6.00000000E+00  1.21100000E+00  9.41656812E-01 -6.73837874E-02 -3.09077189E-02  9.99999975E-05  2.49909390E-03  5.15170363E+00
  6.00000000E+00  1.21400000E+00  9.41866512E-01 -6.73375386E-02 -3.09244037E-02  9.99999975E-05  2.49658104E-03  5.16180432E+00
  6.00000000E+00  1.21700000E+00  9.42075800E-01 -6.72913145E-02 -3.09410569E-02  9.99999975E-05  2.49406863E-03  5.17191176E+00
  6.00000000E+00  1.22000000E+00  9.42284678E-01 -6.72451151E-02 -3.09576786E-02  9.99999975E-05  2.49155670E-03  5.18202596E+00
  6.00000000E+00  1.22300000E+00  9.42493147E-01 -6.71989406E-02 -3.09742688E-02  9.99999975E-05  2.48904522E-03  5.19214696E+00
  6.00000000E+00  1.22600000E+00  9.42701208E-01 -6.71527909E-02 -3.09908275E-02  9.99999975E-05  2.48653423E-03  5.20227476E+00
  6.00000000E+00  1.22900000E+00  9.42908862E-01 -6.71066661E-02 -3.10073548E-02  9.99999975E-05  2.48402370E-03  5.21240939E+00
  6.00000000E+00  1.23200000E+00  9.43116111E-01 -6.70605662E-02 -3.10238507E-02  9.99999975E-05  2.48151366E-03  5.22255087E+00
  6.00000000E+00  1.23500000E+00  9.43322956E-01 -6.70144913E-02 -3.10403155E-02  9.99999975E-05  2.47900409E-03  5.23269922E+00
  6.00000000E+00  1.23800000E+00  9.43529398E-01 -6.69684414E-02 -3.10567490E-02  9.99999975E-05  2.47649502E-03  5.24285446E+00
  6.00000000E+00  1.24100000E+00  9.43735437E-01 -6.69224165E-02 -3.10731514E-02  9.99999975E-05  2.47398643E-03  5.25301660E+00
  6.00000000E+00  1.24400000E+00  9.43941076E-01 -6.68764166E-02 -3.10895228E-02  9.99999975E-05  2.47147834E-03  5.26318568E+00
  6.00000000E+00  1.24700000E+00  9.44146316E-01 -6.68304419E-02 -3.11058631E-02  9.99999975E-05  2.46897075E-03  5.27336171E+00
  6.00000000E+00  1.25000000E+00  9.44351156E-01 -6.67844923E-02 -3.11221724E-02  9.99999975E-05  2.46646366E-03  5.28354471E+00
  6.00000000E+00  1.25300000E+00  9.44555600E-01 -6.67385678E-02 -3.11384509E-02  9.99999975E-05  2.46395708E-03  5.29373469E+00
  6.00000000E+00  1.25600000E+00  9.44759647E-01 -6.66926686E-02 -3.11546985E-02  9.99999975E-05  2.46145101E-03  5.30393169E+00
  6.00000000E+00  1.25900000E+00  9.44963300E-01 -6.66467946E-02 -3.11709153E-02  9.99999975E-05  2.45894545E-03  5.31413572E+00
  6.00000000E+00  1.26200000E+00  9.45166558E-01 -6.66009458E-02 -3.11871015E-02  9.99999975E-05  2.45644041E-03  5.32434680E+00
  6.00000000E+00  1.26500000E+00  9.45369424E-01 -6.65551224E-02 -3.12032569E-02  9.99999975E-05  2.45393589E-03  5.33456496E+00
  6.00000000E+00  1.26800000E+00  9.45571897E-01 -6.65093243E-02 -3.12193818E-02  9.99999975E-05  2.45143190E-03  5.34479020E+00
  6.00000000E+00  1.27100000E+00  9.45773981E-01 -6.64635515E-02 -3.12354761E-02  9.99999975E-05  2.44892844E-03  5.35502256E+00
  6.00000000E+00  1.27400000E+00  9.45975674E-01 -6.64178042E-02 -3.12515399E-02  9.99999975E-05  2.44642551E-03  5.36526205E+00
  6.00000000E+00  1.27700000E+00  9.46176980E-01 -6.63720822E-02 -3.12675734E-02  9.99999975E-05  2.44392312E-03  5.37550870E+00
  6.00000000E+00  1.28000000E+00  9.46377898E-01 -6.63263858E-02 -3.12835764E-02  9.99999975E-05  2.44142127E-03  5.38576251E+00
  6.00000000E+00  1.28300000E+00  9.46578430E-01 -6.62807147E-02 -3.12995491E-02  9.99999975E-05  2.43891996E-03  5.39602352E+00
  6.00000000E+00  1.28600000E+00  9.46778576E-01 -6.62350692E-02 -3.13154916E-02  9.99999975E-05  2.43641921E-03  5.40629175E+00
  6.00000000E+00  1.28900000E+00  9.46978339E-01 -6.61894493E-02 -3.13314040E-02  9.99999975E-05  2.43391901E-03  5.41656721E+00
  6.00000000E+00  1.29200000E+00  9.47177719E-01 -6.61438549E-02 -3.13472861E-02  9.99999975E-05  2.43141936E-03  5.42684992E+00
  6.00000000E+00  1.29500000E+00  9.47376716E-01 -6.60982861E-02 -3.13631383E-02  9.99999975E-05  2.42892028E-03  5.43713991E+00
  6.00000000E+00  1.29800000E+00  9.47575333E-01 -6.60527429E-02 -3.13789604E-02  9.99999975E-05  2.42642176E-03  5.44743719E+00
  6.00000000E+00  1.30100000E+00  9.47773570E-01 -6.60072253E-02 -3.13947525E-02  9.99999975E-05  2.42392382E-03  5.45774179E+00
  6.00000000E+00  1.30400000E+00  9.47971428E-01 -6.59617334E-02 -3.14105148E-02  9.99999975E-05  2.42142644E-03  5.46805373E+00
  6.00000000E+00  1.30700000E+00  9.48168908E-01 -6.59162672E-02 -3.14262472E-02  9.99999975E-05  2.41892964E-03  5.47837302E+00
  6.00000000E+00  1.31000000E+00  9.48366012E-01 -6.58708267E-02 -3.14419499E-02  9.99999975E-05  2.41643343E-03  5.48869969E+00
  6.00000000E+00  1.31300000E+00  9.48562740E-01 -6.58254120E-02 -3.14576228E-02  9.99999975E-05  2.41393780E-03  5.49903375E+00
  6.00000000E+00  1.31600000E+00  9.48759093E-01 -6.57800231E-02 -3.14732661E-02  9.99999975E-05  2.41144276E-03  5.50937524E+00
  6.00000000E+00  1.31900000E+00  9.48955072E-01 -6.57346599E-02 -3.14888797E-02  9.99999975E-05  2.40894831E-03  5.51972415E+00
  6.00000000E+00  1.32200000E+00  9.49150679E-01 -6.56893225E-02 -3.15044639E-02  9.99999975E-05  2.40645446E-03  5.53008053E+00
  6.00000000E+00  1.32500000E+00  9.49345914E-01 -6.56440110E-02 -3.15200185E-02  9.99999975E-05  2.40396121E-03  5.54044439E+00
  6.00000000E+00  1.32800000E+00  9.49540779E-01 -6.55987253E-02 -3.15355437E-02  9.99999975E-05  2.40146856E-03  5.55081574E+00
  6.00000000E+00  1.33100000E+00  9.49735274E-01 -6.55534655E-02 -3.15510396E-02  9.99999975E-05  2.39897653E-03  5.56119461E+00
  6.00000000E+00  1.33400000E+00  9.49929400E-01 -6.55082317E-02 -3.15665061E-02  9.99999975E-05  2.39648511E-03  5.57158102E+00
  6.00000000E+00  1.33700000E+00  9.50123159E-01 -6.54630237E-02 -3.15819433E-02  9.99999975E-05  2.39399430E-03  5.58197499E+00
  6.00000000E+00  1.34000000E+00  9.50316551E-01 -6.54178417E-02 -3.15973514E-02  9.99999975E-05  2.39150412E-03  5.59237654E+00
  6.00000000E+00  1.34300000E+00  9.50509577E-01 -6.53726856E-02 -3.16127303E-02  9.99999975E-05  2.38901456E-03  5.60278569E+00
  6.00000000E+00  1.34600000E+00  9.50702238E-01 -6.53275555E-02 -3.16280802E-02  9.99999975E-05  2.38652563E-03  5.61320246E+00
  6.00000000E+00  1.34900000E+00  9.50894536E-01 -6.52824515E-02 -3.16434010E-02  9.99999975E-05  2.38403734E-03  5.62362687E+00
  6.00000000E+00  1.35200000E+00  9.51086471E-01 -6.52373734E-02 -3.16586928E-02  9.99999975E-05  2.38154968E-03  5.63405894E+00
  6.00000000E+00  1.35500000E+00  9.51278044E-01 -6.51923214E-02 -3.16739557E-02  9.99999975E-05  2.37906267E-03  5.64449869E+00
  6.00000000E+00  1.35800000E+00  9.51469256E-01 -6.51472955E-02 -3.16891897E-02  9.99999975E-05  2.37657630E-03  5.65494614E+00
  6.00000000E+00  1.36100000E+00  9.51660108E-01 -6.51022956E-02 -3.17043950E-02  9.99999975E-05  2.37409058E-03  5.66540131E+00
  6.00000000E+00  1.36400000E+00  9.51850601E-01 -6.50573218E-02 -3.17195715E-02  9.99999975E-05  2.37160551E-03  5.67586422E+00
  6.00000000E+00  1.36700000E+00  9.52040736E-01 -6.50123741E-02 -3.17347193E-02  9.99999975E-05  2.36912111E-03  5.68633490E+00
  6.00000000E+00  1.37000000E+00  9.52230514E-01 -6.49674526E-02 -3.17498385E-02  9.99999975E-05  2.36663736E-03  5.69681335E+00
  6.00000000E+00  1.37300000E+00  9.52419936E-01 -6.49225572E-02 -3.17649290E-02  9.99999975E-05  2.36415428E-03  5.70729961E+00
  6.00000000E+00  1.37600000E+00  9.52609002E-01 -6.48776880E-02 -3.17799911E-02  9.99999975E-05  2.36167187E-03  5.71779369E+00
  6.00000000E+00  1.37900000E+00  9.52797714E-01 -6.48328449E-02 -3.17950247E-02  9.99999975E-05  2.35919014E-03  5.72829561E+00
  6.00000000E+00  1.38200000E+00  9.52986073E-01 -6.47880280E-02 -3.18100299E-02  9.99999975E-05  2.35670908E-03  5.73880540E+00
  6.00000000E+00  1.38500000E+00  9.53174078E-01 -6.47432374E-02 -3.18250067E-02  9.99999975E-05  2.35422871E-03  5.74932307E+00
  6.00000000E+00  1.38800000E+00  9.53361733E-01 -6.46984729E-02 -3.18399552E-02  9.99999975E-05  2.35174902E-03  5.75984864E+00
  6.00000000E+00  1.39100000E+00  9.53549036E-01 -6.46537347E-02 -3.18548755E-02  9.99999975E-05  2.34927002E-03  5.77038213E+00
  6.00000000E+00  1.39400000E+00  9.53735990E-01 -6.46090228E-02 -3.18697676E-02  9.99999975E-05  2.34679172E-03  5.78092357E+00
  6.00000000E+00  1.39700000E+00  9.53922595E-01 -6.45643371E-02 -3.18846315E-02  9.99999975E-05  2.34431412E-03  5.79147297E+00
  6.00000000E+00  1.40000000E+00  9.54108851E-01 -6.45196776E-02 -3.18994674E-02  9.99999975E-05  2.34183722E-03  5.80203035E+00
  6.00000000E+00  1.40300000E+00  9.54294761E-01 -6.44750445E-02 -3.19142753E-02  9.99999975E-05  2.33936103E-03  5.81259574E+00
  6.00000000E+00  1.40600000E+00  9.54480324E-01 -6.44304377E-02 -3.19290551E-02  9.99999975E-05  2.33688555E-03  5.82316914E+00
  6.00000000E+00  1.40900000E+00  9.54665542E-01 -6.43858571E-02 -3.19438071E-02  9.99999975E-05  2.33441079E-03  5.83375060E+00
  6.00000000E+00  1.41200000E+00  9.54850415E-01 -6.43413030E-02 -3.19585312E-02  9.99999975E-05  2.33193674E-03  5.84434011E+00
  6.00000000E+00  1.41500000E+00  9.55034944E-01 -6.42967751E-02 -3.19732275E-02  9.99999975E-05  2.32946342E-03  5.85493771E+00
  6.00000000E+00  1.41800000E+00  9.55219131E-01 -6.42522736E-02 -3.19878961E-02  9.99999975E-05  2.32699083E-03  5.86554342E+00
  6.00000000E+00  1.42100000E+00  9.55402975E-01 -6.42077984E-02 -3.20025369E-02  9.99999975E-05  2.32451897E-03  5.87615724E+00
  6.00000000E+00  1.42400000E+00  9.55586479E-01 -6.41633496E-02 -3.20171501E-02  9.99999975E-05  2.32204785E-03  5.88677921E+00
  6.00000000E+00  1.42700000E+00  9.55769642E-01 -6.41189272E-02 -3.20317358E-02  9.99999975E-05  2.31957747E-03  5.89740935E+00
  6.00000000E+00  1.43000000E+00  9.55952465E-01 -6.40745312E-02 -3.20462938E-02  9.99999975E-05  2.31710783E-03  5.90804766E+00
  6.00000000E+00  1.43300000E+00  9.56134950E-01 -6.40301616E-02 -3.20608245E-02  9.99999975E-05  2.31463895E-03  5.91869418E+00
  6.00000000E+00  1.43600000E+00  9.56317097E-01 -6.39858184E-02 -3.20753277E-02  9.99999975E-05  2.31217081E-03  5.92934892E+00
  6.00000000E+00  1.43900000E+00  9.56498908E-01 -6.39415016E-02 -3.20898035E-02  9.99999975E-05  2.30970344E-03  5.94001191E+00
  6.00000000E+00  1.44200000E+00  9.56680382E-01 -6.38972112E-02 -3.21042520E-02  9.99999975E-05  2.30723682E-03  5.95068316E+00
  6.00000000E+00  1.44500000E+00  9.56861521E-01 -6.38529472E-02 -3.21186732E-02  9.99999975E-05  2.30477097E-03  5.96136269E+00
  6.00000000E+00  1.44800000E+00  9.57042325E-01 -6.38087097E-02 -3.21330672E-02  9.99999975E-05  2.30230589E-03  5.97205053E+00
  6.00000000E+00  1.45100000E+00  9.57222796E-01 -6.37644987E-02 -3.21474341E-02  9.99999975E-05  2.29984159E-03  5.98274668E+00
  6.00000000E+00  1.45400000E+00  9.57402933E-01 -6.37203141E-02 -3.21617738E-02  9.99999975E-05  2.29737807E-03  5.99345118E+00
  6.00000000E+00  1.45700000E+00  9.57582739E-01 -6.36761560E-02 -3.21760865E-02  9.99999975E-05  2.29491533E-03  6.00416404E+00
  6.00000000E+00  1.46000000E+00  9.57762214E-01 -6.36320243E-02 -3.21903722E-02  9.99999975E-05  2.29245337E-03  6.01488528E+00
  6.00000000E+00  1.46300000E+00  9.57941358E-01 -6.35879191E-02 -3.22046309E-02  9.99999975E-05  2.28999221E-03  6.02561493E+00
  6.00000000E+00  1.46600000E+00  9.58120172E-01 -6.35438404E-02 -3.22188628E-02  9.99999975E-05  2.28753184E-03  6.03635299E+00
  6.00000000E+00  1.46900000E+00  9.58298658E-01 -6.34997882E-02 -3.22330679E-02  9.99999975E-05  2.28507228E-03  6.04709950E+00
  6.00000000E+00  1.47200000E+00  9.58476815E-01 -6.34557625E-02 -3.22472461E-02  9.99999975E-05  2.28261352E-03  6.05785446E+00
  6.00000000E+00  1.47500000E+00  9.58654645E-01 -6.34117633E-02 -3.22613977E-02  9.99999975E-05  2.28015557E-03  6.06861791E+00
  6.00000000E+00  1.47800000E+00  9.58832149E-01 -6.33677905E-02 -3.22755225E-02  9.99999975E-05  2.27769843E-03  6.07938985E+00
  6.00000000E+00  1.48100000E+00  9.59009327E-01 -6.33238443E-02 -3.22896207E-02  9.99999975E-05  2.27524210E-03  6.09017032E+00
  6.00000000E+00  1.48400000E+00  9.59186179E-01 -6.32799247E-02 -3.23036923E-02  9.99999975E-05  2.27278660E-03  6.10095932E+00
  6.00000000E+00  1.48700000E+00  9.59362708E-01 -6.32360315E-02 -3.23177374E-02  9.99999975E-05  2.27033193E-03  6.11175688E+00
  6.00000000E+00  1.49000000E+00  9.59538913E-01 -6.31921648E-02 -3.23317560E-02  9.99999975E-05  2.26787809E-03  6.12256302E+00
  6.00000000E+00  1.49300000E+00  9.59714796E-01 -6.31483247E-02 -3.23457482E-02  9.99999975E-05  2.26542508E-03  6.13337776E+00
  6.00000000E+00  1.49600000E+00  9.59890356E-01 -6.31045111E-02 -3.23597141E-02  9.99999975E-05  2.26297291E-03  6.14420111E+00
  6.00000000E+00  1.49900000E+00  9.60065596E-01 -6.30607241E-02 -3.23736536E-02  9.99999975E-05  2.26052158E-03  6.15503310E+00
  6.00000000E+00  1.50200000E+00  9.60240515E-01 -6.30169635E-02 -3.23875668E-02  9.99999975E-05  2.25807110E-03  6.16587374E+00
  6.00000000E+00  1.50500000E+00  9.60415114E-01 -6.29732296E-02 -3.24014539E-02  9.99999975E-05  2.25562148E-03  6.17672306E+00
  6.00000000E+00  1.50800000E+00  9.60589394E-01 -6.29295221E-02 -3.24153147E-02  9.99999975E-05  2.25317271E-03  6.18758108E+00
  6.00000000E+00  1.51100000E+00  9.60763356E-01 -6.28858412E-02 -3.24291495E-02  9.99999975E-05  2.25072480E-03  6.19844780E+00
  6.00000000E+00  1.51400000E+00  9.60937001E-01 -6.28421869E-02 -3.24429582E-02  9.99999975E-05  2.24827775E-03  6.20932326E+00
  6.00000000E+00  1.51700000E+00  9.61110329E-01 -6.27985591E-02 -3.24567409E-02  9.99999975E-05  2.24583158E-03  6.22020747E+00
  6.00000000E+00  1.52000000E+00  9.61283341E-01 -6.27549578E-02 -3.24704977E-02  9.99999975E-05  2.24338628E-03  6.23110045E+00
  6.00000000E+00  1.52300000E+00  9.61456037E-01 -6.27113831E-02 -3.24842285E-02  9.99999975E-05  2.24094186E-03  6.24200223E+00
  6.00000000E+00  1.52600000E+00  9.61628419E-01 -6.26678350E-02 -3.24979335E-02  9.99999975E-05  2.23849832E-03  6.25291281E+00
  6.00000000E+00  1.52900000E+00  9.61800487E-01 -6.26243134E-02 -3.25116127E-02  9.99999975E-05  2.23605567E-03  6.26383222E+00
  6.00000000E+00  1.53200000E+00  9.61972242E-01 -6.25808183E-02 -3.25252662E-02  9.99999975E-05  2.23361391E-03  6.27476047E+00
  6.00000000E+00  1.53500000E+00  9.62143685E-01 -6.25373498E-02 -3.25388939E-02  9.99999975E-05  2.23117305E-03  6.28569760E+00
  6.00000000E+00  1.53800000E+00  9.62314816E-01 -6.24939079E-02 -3.25524960E-02  9.99999975E-05  2.22873308E-03  6.29664360E+00
  6.00000000E+00  1.54100000E+00  9.62485636E-01 -6.24504925E-02 -3.25660725E-02  9.99999975E-05  2.22629403E-03  6.30759852E+00
  6.00000000E+00  1.54400000E+00  9.62656145E-01 -6.24071037E-02 -3.25796234E-02  9.99999975E-05  2.22385588E-03  6.31856235E+00
  6.00000000E+00  1.54700000E+00  9.62826345E-01 -6.23637414E-02 -3.25931489E-02  9.99999975E-05  2.22141864E-03  6.32953513E+00
  6.00000000E+00  1.55000000E+00  9.62996236E-01 -6.23204057E-02 -3.26066489E-02  9.99999975E-05  2.21898233E-03  6.34051687E+00
  6.00000000E+00  1.55300000E+00  9.63165819E-01 -6.22770965E-02 -3.26201235E-02  9.99999975E-05  2.21654693E-03  6.35150759E+00
  6.00000000E+00  1.55600000E+00  9.63335094E-01 -6.22338138E-02 -3.26335727E-02  9.99999975E-05  2.21411247E-03  6.36250730E+00
  6.00000000E+00  1.55900000E+00  9.63504062E-01 -6.21905578E-02 -3.26469966E-02  9.99999975E-05  2.21167894E-03  6.37351604E+00
  6.00000000E+00  1.56200000E+00  9.63672724E-01 -6.21473282E-02 -3.26603953E-02  9.99999975E-05  2.20924634E-03  6.38453381E+00
  6.00000000E+00  1.56500000E+00  9.63841081E-01 -6.21041252E-02 -3.26737688E-02  9.99999975E-05  2.20681468E-03  6.39556063E+00
  6.00000000E+00  1.56800000E+00  9.64009133E-01 -6.20609487E-02 -3.26871172E-02  9.99999975E-05  2.20438397E-03  6.40659652E+00
  6.00000000E+00  1.57100000E+00  9.64176880E-01 -6.20177988E-02 -3.27004404E-02  9.99999975E-05  2.20195421E-03  6.41764151E+00
  6.00000000E+00  1.57400000E+00  9.64344324E-01 -6.19746754E-02 -3.27137386E-02  9.99999975E-05  2.19952540E-03  6.42869561E+00
  6.00000000E+00  1.57700000E+00  9.64511465E-01 -6.19315786E-02 -3.27270117E-02  9.99999975E-05  2.19709755E-03  6.43975883E+00
  6.00000000E+00  1.58000000E+00  9.64678304E-01 -6.18885083E-02 -3.27402600E-02  9.99999975E-05  2.19467067E-03  6.45083121E+00
  6.00000000E+00  1.58300000E+00  9.64844841E-01 -6.18454645E-02 -3.27534833E-02  9.99999975E-05  2.19224475E-03  6.46191274E+00
  6.00000000E+00  1.58600000E+00  9.65011078E-01 -6.18024472E-02 -3.27666817E-02  9.99999975E-05  2.18981981E-03  6.47300346E+00
  6.00000000E+00  1.58900000E+00  9.65177014E-01 -6.17594564E-02 -3.27798554E-02  9.99999975E-05  2.18739584E-03  6.48410338E+00
  6.00000000E+00  1.59200000E+00  9.65342651E-01 -6.17164922E-02 -3.27930043E-02  9.99999975E-05  2.18497286E-03  6.49521253E+00
  6.00000000E+00  1.59500000E+00  9.65507989E-01 -6.16735544E-02 -3.28061285E-02  9.99999975E-05  2.18255086E-03  6.50633090E+00
  6.00000000E+00  1.59800000E+00  9.65673028E-01 -6.16306432E-02 -3.28192280E-02  9.99999975E-05  2.18012985E-03  6.51745854E+00
  6.00000000E+00  1.60100000E+00  9.65837770E-01 -6.15877585E-02 -3.28323029E-02  9.99999975E-05  2.17770984E-03  6.52859545E+00
  6.00000000E+00  1.60400000E+00  9.66002215E-01 -6.15449003E-02 -3.28453533E-02  9.99999975E-05  2.17529083E-03  6.53974165E+00
  6.00000000E+00  1.60700000E+00  9.66166363E-01 -6.15020685E-02 -3.28583791E-02  9.99999975E-05  2.17287282E-03  6.55089716E+00
  6.00000000E+00  1.61000000E+00  9.66330216E-01 -6.14592633E-02 -3.28713805E-02  9.99999975E-05  2.17045582E-03  6.56206200E+00
  6.00000000E+00  1.61300000E+00  9.66493773E-01 -6.14164845E-02 -3.28843575E-02  9.99999975E-05  2.16803983E-03  6.57323618E+00
  6.00000000E+00  1.61600000E+00  9.66657036E-01 -6.13737322E-02 -3.28973101E-02  9.99999975E-05  2.16562487E-03  6.58441973E+00
  6.00000000E+00  1.61900000E+00  9.66820005E-01 -6.13310064E-02 -3.29102383E-02  9.99999975E-05  2.16321093E-03  6.59561265E+00
  6.00000000E+00  1.62200000E+00  9.66982681E-01 -6.12883070E-02 -3.29231423E-02  9.99999975E-05  2.16079801E-03  6.60681498E+00
  6.00000000E+00  1.62500000E+00  9.67145064E-01 -6.12456341E-02 -3.29360221E-02  9.99999975E-05  2.15838613E-03  6.61802672E+00
  6.00000000E+00  1.62800000E+00  9.67307155E-01 -6.12029877E-02 -3.29488777E-02  9.99999975E-05  2.15597528E-03  6.62924790E+00
  6.00000000E+00  1.63100000E+00  9.67468955E-01 -6.11603677E-02 -3.29617092E-02  9.99999975E-05  2.15356548E-03  6.64047852E+00
  6.00000000E+00  1.63400000E+00  9.67630463E-01 -6.11177741E-02 -3.29745166E-02  9.99999975E-05  2.15115672E-03  6.65171862E+00
  6.00000000E+00  1.63700000E+00  9.67791682E-01 -6.10752070E-02 -3.29872999E-02  9.99999975E-05  2.14874902E-03  6.66296820E+00
  6.00000000E+00  1.64000000E+00  9.67952611E-01 -6.10326663E-02 -3.30000593E-02  9.99999975E-05  2.14634237E-03  6.67422728E+00
  6.00000000E+00  1.64300000E+00  9.68113251E-01 -6.09901520E-02 -3.30127947E-02  9.99999975E-05  2.14393678E-03  6.68549589E+00
  6.00000000E+00  1.64600000E+00  9.68273602E-01 -6.09476642E-02 -3.30255062E-02  9.99999975E-05  2.14153225E-03  6.69677403E+00
  6.00000000E+00  1.64900000E+00  9.68433666E-01 -6.09052027E-02 -3.30381939E-02  9.99999975E-05  2.13912880E-03  6.70806172E+00
  6.00000000E+00  1.65200000E+00  9.68593442E-01 -6.08627676E-02 -3.30508578E-02  9.99999975E-05  2.13672642E-03  6.71935899E+00
  6.00000000E+00  1.65500000E+00  9.68752931E-01 -6.08203589E-02 -3.30634979E-02  9.99999975E-05  2.13432512E-03  6.73066585E+00
  6.00000000E+00  1.65800000E+00  9.68912135E-01 -6.07779766E-02 -3.30761143E-02  9.99999975E-05  2.13192490E-03  6.74198231E+00
  6.00000000E+00  1.66100000E+00  9.69071053E-01 -6.07356207E-02 -3.30887071E-02  9.99999975E-05  2.12952577E-03  6.75330839E+00
  6.00000000E+00  1.66400000E+00  9.69229686E-01 -6.06932911E-02 -3.31012762E-02  9.99999975E-05  2.12712774E-03  6.76464411E+00
  6.00000000E+00  1.66700000E+00  9.69388034E-01 -6.06509879E-02 -3.31138218E-02  9.99999975E-05  2.12473081E-03  6.77598949E+00
  6.00000000E+00  1.67000000E+00  9.69546099E-01 -6.06087111E-02 -3.31263438E-02  9.99999975E-05  2.12233497E-03  6.78734454E+00
  6.00000000E+00  1.67300000E+00  9.69703881E-01 -6.05664605E-02 -3.31388424E-02  9.99999975E-05  2.11994025E-03  6.79870928E+00
  6.00000000E+00  1.67600000E+00  9.69861380E-01 -6.05242363E-02 -3.31513175E-02  9.99999975E-05  2.11754664E-03  6.81008373E+00
  6.00000000E+00  1.67900000E+00  9.70018597E-01 -6.04820385E-02 -3.31637693E-02  9.99999975E-05  2.11515415E-03  6.82146789E+00
  6.00000000E+00  1.68200000E+00  9.70175532E-01 -6.04398669E-02 -3.31761977E-02  9.99999975E-05  2.11276278E-03  6.83286180E+00
  6.00000000E+00  1.68500000E+00  9.70332186E-01 -6.03977216E-02 -3.31886029E-02  9.99999975E-05  2.11037253E-03  6.84426545E+00
  6.00000000E+00  1.68800000E+00  9.70488560E-01 -6.03556026E-02 -3.32009847E-02  9.99999975E-05  2.10798342E-03  6.85567888E+00
  6.00000000E+00  1.69100000E+00  9.70644654E-01 -6.03135099E-02 -3.32133434E-02  9.99999975E-05  2.10559545E-03  6.86710210E+00
  6.00000000E+00  1.69400000E+00  9.70800469E-01 -6.02714435E-02 -3.32256790E-02  9.99999975E-05  2.10320861E-03  6.87853511E+00
  6.00000000E+00  1.69700000E+00  9.70956004E-01 -6.02294033E-02 -3.32379914E-02  9.99999975E-05  2.10082293E-03  6.88997795E+00
  6.00000000E+00  1.70000000E+00  9.71111262E-01 -6.01873894E-02 -3.32502808E-02  9.99999975E-05  2.09843839E-03  6.90143062E+00
  6.00000000E+00  1.70300000E+00  9.71266242E-01 -6.01454018E-02 -3.32625472E-02  9.99999975E-05  2.09605501E-03  6.91289314E+00
  6.00000000E+00  1.70600000E+00  9.71420945E-01 -6.01034403E-02 -3.32747906E-02  9.99999975E-05  2.09367280E-03  6.92436552E+00
  6.00000000E+00  1.70900000E+00  9.71575371E-01 -6.00615051E-02 -3.32870111E-02  9.99999975E-05  2.09129175E-03  6.93584778E+00
  6.00000000E+00  1.71200000E+00  9.71729521E-01 -6.00195961E-02 -3.32992087E-02  9.99999975E-05  2.08891186E-03  6.94733995E+00
  6.00000000E+00  1.71500000E+00  9.71883396E-01 -5.99777133E-02 -3.33113835E-02  9.99999975E-05  2.08653316E-03  6.95884202E+00
  6.00000000E+00  1.71800000E+00  9.72036995E-01 -5.99358566E-02 -3.33235354E-02  9.99999975E-05  2.08415564E-03  6.97035402E+00
  6.00000000E+00  1.72100000E+00  9.72190320E-01 -5.98940262E-02 -3.33356646E-02  9.99999975E-05  2.08177930E-03  6.98187597E+00
  6.00000000E+00  1.72400000E+00  9.72343371E-01 -5.98522219E-02 -3.33477711E-02  9.99999975E-05  2.07940415E-03  6.99340787E+00
  6.00000000E+00  1.72700000E+00  9.72496149E-01 -5.98104437E-02 -3.33598550E-02  9.99999975E-05  2.07703020E-03  7.00494974E+00
  6.00000000E+00  1.73000000E+00  9.72648654E-01 -5.97686917E-02 -3.33719162E-02  9.99999975E-05  2.07465745E-03  7.01650160E+00
  6.00000000E+00  1.73300000E+00  9.72800886E-01 -5.97269658E-02 -3.33839549E-02  9.99999975E-05  2.07228590E-03  7.02806347E+00
  6.00000000E+00  1.73600000E+00  9.72952846E-01 -5.96852661E-02 -3.33959711E-02  9.99999975E-05  2.06991557E-03  7.03963535E+00
  6.00000000E+00  1.73900000E+00  9.73104535E-01 -5.96435924E-02 -3.34079647E-02  9.99999975E-05  2.06754645E-03  7.05121726E+00
  6.00000000E+00  1.74200000E+00  9.73255954E-01 -5.96019449E-02 -3.34199360E-02  9.99999975E-05  2.06517855E-03  7.06280922E+00
  6.00000000E+00  1.74500000E+00  9.73407101E-01 -5.95603234E-02 -3.34318848E-02  9.99999975E-05  2.06281187E-03  7.07441124E+00
  6.00000000E+00  1.74800000E+00  9.73557979E-01 -5.95187280E-02 -3.34438113E-02  9.99999975E-05  2.06044643E-03  7.08602334E+00
  6.00000000E+00  1.75100000E+00  9.73708588E-01 -5.94771586E-02 -3.34557155E-02  9.99999975E-05  2.05808222E-03  7.09764552E+00
  6.00000000E+00  1.75400000E+00  9.73858928E-01 -5.94356153E-02 -3.34675975E-02  9.99999975E-05  2.05571925E-03  7.10927781E+00
  6.00000000E+00  1.75700000E+00  9.74008999E-01 -5.93940980E-02 -3.34794572E-02  9.99999975E-05  2.05335753E-03  7.12092022E+00
  6.00000000E+00  1.76000000E+00  9.74158803E-01 -5.93526067E-02 -3.34912948E-02  9.99999975E-05  2.05099706E-03  7.13257276E+00
  6.00000000E+00  1.76300000E+00  9.74308339E-01 -5.93111414E-02 -3.35031102E-02  9.99999975E-05  2.04863784E-03  7.14423545E+00
  6.00000000E+00  1.76600000E+00  9.74457608E-01 -5.92697021E-02 -3.35149036E-02  9.99999975E-05  2.04627988E-03  7.15590829E+00
  6.00000000E+00  1.76900000E+00  9.74606611E-01 -5.92282888E-02 -3.35266749E-02  9.99999975E-05  2.04392319E-03  7.16759131E+00
  6.00000000E+00  1.77200000E+00  9.74755348E-01 -5.91869015E-02 -3.35384242E-02  9.99999975E-05  2.04156777E-03  7.17928452E+00
  6.00000000E+00  1.77500000E+00  9.74903819E-01 -5.91455401E-02 -3.35501516E-02  9.99999975E-05  2.03921363E-03  7.19098792E+00
  6.00000000E+00  1.77800000E+00  9.75052026E-01 -5.91042046E-02 -3.35618570E-02  9.99999975E-05  2.03686076E-03  7.20270154E+00
  6.00000000E+00  1.78100000E+00  9.75199968E-01 -5.90628951E-02 -3.35735406E-02  9.99999975E-05  2.03450919E-03  7.21442539E+00
  6.00000000E+00  1.78400000E+00  9.75347646E-01 -5.90216115E-02 -3.35852024E-02  9.99999975E-05  2.03215890E-03  7.22615948E+00
  6.00000000E+00  1.78700000E+00  9.75495061E-01 -5.89803537E-02 -3.35968423E-02  9.99999975E-05  2.02980991E-03  7.23790382E+00
  6.00000000E+00  1.79000000E+00  9.75642213E-01 -5.89391218E-02 -3.36084606E-02  9.99999975E-05  2.02746222E-03  7.24965842E+00
  6.00000000E+00  1.79300000E+00  9.75789102E-01 -5.88979158E-02 -3.36200571E-02  9.99999975E-05  2.02511584E-03  7.26142331E+00
  6.00000000E+00  1.79600000E+00  9.75935729E-01 -5.88567357E-02 -3.36316320E-02  9.99999975E-05  2.02277077E-03  7.27319848E+00
  6.00000000E+00  1.79900000E+00  9.76082094E-01 -5.88155814E-02 -3.36431852E-02  9.99999975E-05  2.02042701E-03  7.28498396E+00
  6.00000000E+00  1.80200000E+00  9.76228198E-01 -5.87744529E-02 -3.36547169E-02  9.99999975E-05  2.01808458E-03  7.29677976E+00
  6.00000000E+00  1.80500000E+00  9.76374042E-01 -5.87333502E-02 -3.36662271E-02  9.99999975E-05  2.01574347E-03  7.30858588E+00
  6.00000000E+00  1.80800000E+00  9.76519625E-01 -5.86922733E-02 -3.36777158E-02  9.99999975E-05  2.01340370E-03  7.32040234E+00
  6.00000000E+00  1.81100000E+00  9.76664948E-01 -5.86512222E-02 -3.36891830E-02  9.99999975E-05  2.01106527E-03  7.33222916E+00
  6.00000000E+00  1.81400000E+00  9.76810013E-01 -5.86101968E-02 -3.37006289E-02  9.99999975E-05  2.00872817E-03  7.34406634E+00
  6.00000000E+00  1.81700000E+00  9.76954818E-01 -5.85691972E-02 -3.37120534E-02  9.99999975E-05  2.00639243E-03  7.35591390E+00
  6.00000000E+00  1.82000000E+00  9.77099365E-01 -5.85282233E-02 -3.37234565E-02  9.99999975E-05  2.00405803E-03  7.36777185E+00
  6.00000000E+00  1.82300000E+00  9.77243653E-01 -5.84872751E-02 -3.37348384E-02  9.99999975E-05  2.00172500E-03  7.37964020E+00
  6.00000000E+00  1.82600000E+00  9.77387685E-01 -5.84463526E-02 -3.37461991E-02  9.99999975E-05  1.99939333E-03  7.39151895E+00
  6.00000000E+00  1.82900000E+00  9.77531459E-01 -5.84054558E-02 -3.37575386E-02  9.99999975E-05  1.99706303E-03  7.40340813E+00
  6.00000000E+00  1.83200000E+00  9.77674977E-01 -5.83645847E-02 -3.37688569E-02  9.99999975E-05  1.99473410E-03  7.41530774E+00
  6.00000000E+00  1.83500000E+00  9.77818238E-01 -5.83237392E-02 -3.37801541E-02  9.99999975E-05  1.99240655E-03  7.42721780E+00
  6.00000000E+00  1.83800000E+00  9.77961244E-01 -5.82829193E-02 -3.37914303E-02  9.99999975E-05  1.99008039E-03  7.43913831E+00
  6.00000000E+00  1.84100000E+00  9.78103994E-01 -5.82421251E-02 -3.38026854E-02  9.99999975E-05  1.98775561E-03  7.45106929E+00
  6.00000000E+00  1.84400000E+00  9.78246489E-01 -5.82013565E-02 -3.38139195E-02  9.99999975E-05  1.98543223E-03  7.46301075E+00
  6.00000000E+00  1.84700000E+00  9.78388730E-01 -5.81606134E-02 -3.38251327E-02  9.99999975E-05  1.98311026E-03  7.47496269E+00
  6.00000000E+00  1.85000000E+00  9.78530717E-01 -5.81198960E-02 -3.38363250E-02  9.99999975E-05  1.98078968E-03  7.48692513E+00
  6.00000000E+00  1.85300000E+00  9.78672450E-01 -5.80792041E-02 -3.38474965E-02  9.99999975E-05  1.97847052E-03  7.49889808E+00
  6.00000000E+00  1.85600000E+00  9.78813930E-01 -5.80385377E-02 -3.38586471E-02  9.99999975E-05  1.97615278E-03  7.51088154E+00
  6.00000000E+00  1.85900000E+00  9.78955158E-01 -5.79978968E-02 -3.38697769E-02  9.99999975E-05  1.97383645E-03  7.52287554E+00
  6.00000000E+00  1.86200000E+00  9.79096133E-01 -5.79572815E-02 -3.38808860E-02  9.99999975E-05  1.97152156E-03  7.53488006E+00
  6.00000000E+00  1.86500000E+00  9.79236856E-01 -5.79166916E-02 -3.38919744E-02  9.99999975E-05  1.96920809E-03  7.54689514E+00
  6.00000000E+00  1.86800000E+00  9.79377327E-01 -5.78761272E-02 -3.39030421E-02  9.99999975E-05  1.96689607E-03  7.55892077E+00
  6.00000000E+00  1.87100000E+00  9.79517548E-01 -5.78355882E-02 -3.39140893E-02  9.99999975E-05  1.96458548E-03  7.57095697E+00
  6.00000000E+00  1.87400000E+00  9.79657517E-01 -5.77950747E-02 -3.39251158E-02  9.99999975E-05  1.96227635E-03  7.58300374E+00
  6.00000000E+00  1.87700000E+00  9.79797237E-01 -5.77545866E-02 -3.39361218E-02  9.99999975E-05  1.95996867E-03  7.59506110E+00
  6.00000000E+00  1.88000000E+00  9.79936707E-01 -5.77141239E-02 -3.39471073E-02  9.99999975E-05  1.95766245E-03  7.60712905E+00
  6.00000000E+00  1.88300000E+00  9.80075927E-01 -5.76736866E-02 -3.39580724E-02  9.99999975E-05  1.95535769E-03  7.61920760E+00
  6.00000000E+00  1.88600000E+00  9.80214898E-01 -5.76332746E-02 -3.39690170E-02  9.99999975E-05  1.95305441E-03  7.63129675E+00
  6.00000000E+00  1.88900000E+00  9.80353621E-01 -5.75928880E-02 -3.39799413E-02  9.99999975E-05  1.95075260E-03  7.64339653E+00
  6.00000000E+00  1.89200000E+00  9.80492095E-01 -5.75525268E-02 -3.39908452E-02  9.99999975E-05  1.94845227E-03  7.65550693E+00
  6.00000000E+00  1.89500000E+00  9.80630321E-01 -5.75121908E-02 -3.40017289E-02  9.99999975E-05  1.94615343E-03  7.66762797E+00
  6.00000000E+00  1.89800000E+00  9.80768300E-01 -5.74718801E-02 -3.40125922E-02  9.99999975E-05  1.94385608E-03  7.67975965E+00
  6.00000000E+00  1.90100000E+00  9.80906032E-01 -5.74315947E-02 -3.40234354E-02  9.99999975E-05  1.94156022E-03  7.69190197E+00
  6.00000000E+00  1.90400000E+00  9.81043518E-01 -5.73913346E-02 -3.40342584E-02  9.99999975E-05  1.93926587E-03  7.70405496E+00
  6.00000000E+00  1.90700000E+00  9.81180757E-01 -5.73510997E-02 -3.40450612E-02  9.99999975E-05  1.93697303E-03  7.71621861E+00
  6.00000000E+00  1.91000000E+00  9.81317750E-01 -5.73108900E-02 -3.40558440E-02  9.99999975E-05  1.93468171E-03  7.72839293E+00
  6.00000000E+00  1.91300000E+00  9.81454498E-01 -5.72707055E-02 -3.40666066E-02  9.99999975E-05  1.93239190E-03  7.74057792E+00
  6.00000000E+00  1.91600000E+00  9.81591001E-01 -5.72305462E-02 -3.40773493E-02  9.99999975E-05  1.93010362E-03  7.75277361E+00
  6.00000000E+00  1.91900000E+00  9.81727259E-01 -5.71904121E-02 -3.40880720E-02  9.99999975E-05  1.92781687E-03  7.76497998E+00
  6.00000000E+00  1.92200000E+00  9.81863273E-01 -5.71503031E-02 -3.40987747E-02  9.99999975E-05  1.92553165E-03  7.77719705E+00
  6.00000000E+00  1.92500000E+00  9.81999042E-01 -5.71102193E-02 -3.41094575E-02  9.99999975E-05  1.92324798E-03  7.78942483E+00
  6.00000000E+00  1.92800000E+00  9.82134569E-01 -5.70701605E-02 -3.41201205E-02  9.99999975E-05  1.92096585E-03  7.80166332E+00
  6.00000000E+00  1.93100000E+00  9.82269852E-01 -5.70301269E-02 -3.41307637E-02  9.99999975E-05  1.91868528E-03  7.81391252E+00
  6.00000000E+00  1.93400000E+00  9.82404892E-01 -5.69901183E-02 -3.41413871E-02  9.99999975E-05  1.91640627E-03  7.82617245E+00
  6.00000000E+00  1.93700000E+00  9.82539690E-01 -5.69501348E-02 -3.41519907E-02  9.99999975E-05  1.91412882E-03  7.83844310E+00
  6.00000000E+00  1.94000000E+00  9.82674245E-01 -5.69101763E-02 -3.41625746E-02  9.99999975E-05  1.91185294E-03  7.85072448E+00
  6.00000000E+00  1.94300000E+00  9.82808559E-01 -5.68702428E-02 -3.41731389E-02  9.99999975E-05  1.90957863E-03  7.86301661E+00
  6.00000000E+00  1.94600000E+00  9.82942632E-01 -5.68303344E-02 -3.41836836E-02  9.99999975E-05  1.90730591E-03  7.87531948E+00
  6.00000000E+00  1.94900000E+00  9.83076464E-01 -5.67904509E-02 -3.41942086E-02  9.99999975E-05  1.90503477E-03  7.88763309E+00
  6.00000000E+00  1.95200000E+00  9.83210055E-01 -5.67505923E-02 -3.42047139E-02  9.99999975E-05  1.90276523E-03  7.89995746E+00
  6.00000000E+00  1.95500000E+00  9.83343406E-01 -5.67107587E-02 -3.42151997E-02  9.99999975E-05  1.90049728E-03  7.91229258E+00
  6.00000000E+00  1.95800000E+00  9.83476517E-01 -5.66709500E-02 -3.42256661E-02  9.99999975E-05  1.89823094E-03  7.92463846E+00
  6.00000000E+00  1.96100000E+00  9.83609389E-01 -5.66311662E-02 -3.42361131E-02  9.99999975E-05  1.89596620E-03  7.93699511E+00
  6.00000000E+00  1.96400000E+00  9.83742022E-01 -5.65914073E-02 -3.42465407E-02  9.99999975E-05  1.89370308E-03  7.94936253E+00
  6.00000000E+00  1.96700000E+00  9.83874415E-01 -5.65516732E-02 -3.42569490E-02  9.99999975E-05  1.89144159E-03  7.96174072E+00
  6.00000000E+00  1.97000000E+00  9.84006571E-01 -5.65119640E-02 -3.42673379E-02  9.99999975E-05  1.88918172E-03  7.97412968E+00
  6.00000000E+00  1.97300000E+00  9.84138488E-01 -5.64722797E-02 -3.42777076E-02  9.99999975E-05  1.88692348E-03  7.98652943E+00
  6.00000000E+00  1.97600000E+00  9.84270167E-01 -5.64326201E-02 -3.42880580E-02  9.99999975E-05  1.88466688E-03  7.99893995E+00
  6.00000000E+00  1.97900000E+00  9.84401609E-01 -5.63929853E-02 -3.42983892E-02  9.99999975E-05  1.88241192E-03  8.01136126E+00
  6.00000000E+00  1.98200000E+00  9.84532814E-01 -5.63533752E-02 -3.43087013E-02  9.99999975E-05  1.88015861E-03  8.02379335E+00
  6.00000000E+00  1.98500000E+00  9.84663783E-01 -5.63137899E-02 -3.43189941E-02  9.99999975E-05  1.87790696E-03  8.03623623E+00
  6.00000000E+00  1.98800000E+00  9.84794515E-01 -5.62742293E-02 -3.43292679E-02  9.99999975E-05  1.87565696E-03  8.04868990E+00
  6.00000000E+00  1.99100000E+00  9.84925011E-01 -5.62346934E-02 -3.43395226E-02  9.99999975E-05  1.87340864E-03  8.06115437E+00
  6.00000000E+00  1.99400000E+00  9.85055272E-01 -5.61951822E-02 -3.43497582E-02  9.99999975E-05  1.87116199E-03  8.07362963E+00
  6.00000000E+00  1.99700000E+00  9.85185297E-01 -5.61556956E-02 -3.43599749E-02  9.99999975E-05  1.86891701E-03  8.08611568E+00
  6.00000000E+00  2.00000000E+00  9.85315087E-01 -5.61162337E-02 -3.43701726E-02  9.99999975E-05  1.86667372E-03  8.09861253E+00
