               X               Y            VELX            VELY            PRES            TEMP            PS 1            PS 2  2.12500000E+03
  5.00000000E+00 -1.00000000E+00 -1.92702136E-16  3.56640653E-22 -5.18256433E-02  9.99999975E-05  1.48910145E-21 -3.25556527E-19
  5.00000000E+00 -9.97000000E-01 -1.10478428E-01 -1.26424255E-04 -5.18288327E-02  9.99999975E-05  1.32947478E-03  1.42778721E-02
  5.00000000E+00 -9.94000000E-01 -1.22005586E-01 -3.74332775E-04 -5.18460383E-02  9.99999975E-05  2.90836278E-03  3.97957539E-02
  5.00000000E+00 -9.91000000E-01 -1.23941150E-01 -6.43638969E-04 -5.18709172E-02  9.99999975E-05  3.98410631E-03  6.24224091E-02
  5.00000000E+00 -9.88000000E-01 -1.24118668E-01 -9.20837804E-04 -5.18999207E-02  9.99999975E-05  4.83967709E-03  8.27055014E-02
  5.00000000E+00 -9.85000000E-01 -1.23657889E-01 -1.20245393E-03 -5.19316992E-02  9.99999975E-05  5.56885933E-03  1.01282055E-01
  5.00000000E+00 -9.82000000E-01 -1.22893474E-01 -1.48700021E-03 -5.19655142E-02  9.99999975E-05  6.21411118E-03  1.18523079E-01
  5.00000000E+00 -9.79000000E-01 -1.21961949E-01 -1.77367732E-03 -5.20008905E-02  9.99999975E-05  6.79868922E-03  1.34661559E-01
  5.00000000E+00 -9.76000000E-01 -1.20929495E-01 -2.06199749E-03 -5.20374937E-02  9.99999975E-05  7.33690897E-03  1.49855672E-01
  5.00000000E+00 -9.73000000E-01 -1.19831973E-01 -2.35163481E-03 -5.20750675E-02  9.99999975E-05  7.83830240E-03  1.64219451E-01
  5.00000000E+00 -9.70000000E-01 -1.18690395E-01 -2.64236075E-03 -5.21134133E-02  9.99999975E-05  8.30958893E-03  1.77839112E-01
  5.00000000E+00 -9.67000000E-01 -1.17517728E-01 -2.93400639E-03 -5.21523698E-02  9.99999975E-05  8.75570509E-03  1.90782243E-01
  5.00000000E+00 -9.64000000E-01 -1.16322347E-01 -3.22644337E-03 -5.21918036E-02  9.99999975E-05  9.18040508E-03  2.03103485E-01
  5.00000000E+00 -9.61000000E-01 -1.15109813E-01 -3.51957130E-03 -5.22316022E-02  9.99999975E-05  9.58661831E-03  2.14848121E-01
  5.00000000E+00 -9.58000000E-01 -1.13883913E-01 -3.81331004E-03 -5.22716698E-02  9.99999975E-05  9.97668167E-03  2.26054433E-01
  5.00000000E+00 -9.55000000E-01 -1.12647265E-01 -4.10759454E-03 -5.23119239E-02  9.99999975E-05  1.03524940E-02  2.36755380E-01
  5.00000000E+00 -9.52000000E-01 -1.11401699E-01 -4.40237126E-03 -5.23522927E-02  9.99999975E-05  1.07156212E-02  2.46979735E-01
  5.00000000E+00 -9.49000000E-01 -1.10148505E-01 -4.69759556E-03 -5.23927133E-02  9.99999975E-05  1.10673735E-02  2.56752964E-01
  5.00000000E+00 -9.46000000E-01 -1.08888587E-01 -4.99322990E-03 -5.24331307E-02  9.99999975E-05  1.14088584E-02  2.66097836E-01
  5.00000000E+00 -9.43000000E-01 -1.07622573E-01 -5.28924244E-03 -5.24734958E-02  9.99999975E-05  1.17410216E-02  2.75034905E-01
  5.00000000E+00 -9.40000000E-01 -1.06350891E-01 -5.58560598E-03 -5.25137657E-02  9.99999975E-05  1.20646784E-02  2.83582879E-01
  5.00000000E+00 -9.37000000E-01 -1.05073825E-01 -5.88229718E-03 -5.25539017E-02  9.99999975E-05  1.23805370E-02  2.91758914E-01
  5.00000000E+00 -9.34000000E-01 -1.03791549E-01 -6.17929590E-03 -5.25938698E-02  9.99999975E-05  1.26892168E-02  2.99578841E-01
  5.00000000E+00 -9.31000000E-01 -1.02504152E-01 -6.47658470E-03 -5.26336394E-02  9.99999975E-05  1.29912628E-02  3.07057341E-01
  5.00000000E+00 -9.28000000E-01 -1.01211666E-01 -6.77414845E-03 -5.26731833E-02  9.99999975E-05  1.32871574E-02  3.14208097E-01
  5.00000000E+00 -9.25000000E-01 -9.99140756E-02 -7.07197399E-03 -5.27124773E-02  9.99999975E-05  1.35773304E-02  3.21043944E-01
  5.00000000E+00 -9.22000000E-01 -9.86113277E-02 -7.37004987E-03 -5.27514995E-02  9.99999975E-05  1.38621650E-02  3.27576915E-01
  5.00000000E+00 -9.19000000E-01 -9.73033444E-02 -7.66836614E-03 -5.27902309E-02  9.99999975E-05  1.41420057E-02  3.33818359E-01
  5.00000000E+00 -9.16000000E-01 -9.59900278E-02 -7.96691413E-03 -5.28286542E-02  9.99999975E-05  1.44171629E-02  3.39779027E-01
  5.00000000E+00 -9.13000000E-01 -9.46712647E-02 -8.26568634E-03 -5.28667541E-02  9.99999975E-05  1.46879176E-02  3.45469115E-01
  5.00000000E+00 -9.10000000E-01 -9.33469303E-02 -8.56467625E-03 -5.29045171E-02  9.99999975E-05  1.49545245E-02  3.50898308E-01
  5.00000000E+00 -9.07000000E-01 -9.20168915E-02 -8.86387828E-03 -5.29419313E-02  9.99999975E-05  1.52172153E-02  3.56075828E-01
  5.00000000E+00 -9.04000000E-01 -9.06810086E-02 -9.16328765E-03 -5.29789861E-02  9.99999975E-05  1.54762014E-02  3.61010475E-01
  5.00000000E+00 -9.01000000E-01 -8.93391383E-02 -9.46290029E-03 -5.30156724E-02  9.99999975E-05  1.57316762E-02  3.65710662E-01
  5.00000000E+00 -8.98000000E-01 -8.79911342E-02 -9.76271281E-03 -5.30519821E-02  9.99999975E-05  1.59838173E-02  3.70184452E-01
  5.00000000E+00 -8.95000000E-01 -8.66368486E-02 -1.00627224E-02 -5.30879085E-02  9.99999975E-05  1.62327879E-02  3.74439573E-01
  5.00000000E+00 -8.92000000E-01 -8.52761326E-02 -1.03629268E-02 -5.31234456E-02  9.99999975E-05  1.64787382E-02  3.78483445E-01
  5.00000000E+00 -8.89000000E-01 -8.39088372E-02 -1.06633241E-02 -5.31585884E-02  9.99999975E-05  1.67218067E-02  3.82323196E-01
  5.00000000E+00 -8.86000000E-01 -8.25348134E-02 -1.09639132E-02 -5.31933327E-02  9.99999975E-05  1.69621214E-02  3.85965677E-01
  5.00000000E+00 -8.83000000E-01 -8.11539129E-02 -1.12646930E-02 -5.32276752E-02  9.99999975E-05  1.71998006E-02  3.89417483E-01
  5.00000000E+00 -8.80000000E-01 -7.97659890E-02 -1.15656631E-02 -5.32616134E-02  9.99999975E-05  1.74349543E-02  3.92684976E-01
  5.00000000E+00 -8.77000000E-01 -7.83708964E-02 -1.18668232E-02 -5.32951454E-02  9.99999975E-05  1.76676846E-02  3.95774300E-01
  5.00000000E+00 -8.74000000E-01 -7.69684903E-02 -1.21681735E-02 -5.33282694E-02  9.99999975E-05  1.78980861E-02  3.98691360E-01
  5.00000000E+00 -8.71000000E-01 -7.55586283E-02 -1.24697144E-02 -5.33609849E-02  9.99999975E-05  1.81262467E-02  4.01441873E-01
  5.00000000E+00 -8.68000000E-01 -7.41411695E-02 -1.27714467E-02 -5.33932914E-02  9.99999975E-05  1.83522487E-02  4.04031359E-01
  5.00000000E+00 -8.65000000E-01 -7.27159749E-02 -1.30733713E-02 -5.34251892E-02  9.99999975E-05  1.85761683E-02  4.06465151E-01
  5.00000000E+00 -8.62000000E-01 -7.12829069E-02 -1.33754894E-02 -5.34566788E-02  9.99999975E-05  1.87980770E-02  4.08748405E-01
  5.00000000E+00 -8.59000000E-01 -6.98418301E-02 -1.36778025E-02 -5.34877611E-02  9.99999975E-05  1.90180411E-02  4.10886109E-01
  5.00000000E+00 -8.56000000E-01 -6.83926108E-02 -1.39803123E-02 -5.35184375E-02  9.99999975E-05  1.92361230E-02  4.12883090E-01
  5.00000000E+00 -8.53000000E-01 -6.69351170E-02 -1.42830206E-02 -5.35487096E-02  9.99999975E-05  1.94523805E-02  4.14744019E-01
  5.00000000E+00 -8.50000000E-01 -6.54692186E-02 -1.45859295E-02 -5.35785793E-02  9.99999975E-05  1.96668679E-02  4.16473420E-01
  5.00000000E+00 -8.47000000E-01 -6.39947875E-02 -1.48890412E-02 -5.36080488E-02  9.99999975E-05  1.98796359E-02  4.18075674E-01
  5.00000000E+00 -8.44000000E-01 -6.25116971E-02 -1.51923580E-02 -5.36371206E-02  9.99999975E-05  2.00907319E-02  4.19555025E-01
  5.00000000E+00 -8.41000000E-01 -6.10198225E-02 -1.54958827E-02 -5.36657973E-02  9.99999975E-05  2.03002003E-02  4.20915584E-01
  5.00000000E+00 -8.38000000E-01 -5.95190409E-02 -1.57996177E-02 -5.36940820E-02  9.99999975E-05  2.05080824E-02  4.22161338E-01
  5.00000000E+00 -8.35000000E-01 -5.80092305E-02 -1.61035660E-02 -5.37219775E-02  9.99999975E-05  2.07144171E-02  4.23296148E-01
  5.00000000E+00 -8.32000000E-01 -5.64902718E-02 -1.64077306E-02 -5.37494873E-02  9.99999975E-05  2.09192405E-02  4.24323758E-01
  5.00000000E+00 -8.29000000E-01 -5.49620464E-02 -1.67121144E-02 -5.37766145E-02  9.99999975E-05  2.11225866E-02  4.25247798E-01
  5.00000000E+00 -8.26000000E-01 -5.34244376E-02 -1.70167209E-02 -5.38033629E-02  9.99999975E-05  2.13244868E-02  4.26071790E-01
  5.00000000E+00 -8.23000000E-01 -5.18773303E-02 -1.73215531E-02 -5.38297358E-02  9.99999975E-05  2.15249708E-02  4.26799145E-01
  5.00000000E+00 -8.20000000E-01 -5.03206106E-02 -1.76266147E-02 -5.38557372E-02  9.99999975E-05  2.17240660E-02  4.27433177E-01
  5.00000000E+00 -8.17000000E-01 -4.87541665E-02 -1.79319091E-02 -5.38813707E-02  9.99999975E-05  2.19217981E-02  4.27977097E-01
  5.00000000E+00 -8.14000000E-01 -4.71778870E-02 -1.82374398E-02 -5.39066403E-02  9.99999975E-05  2.21181910E-02  4.28434021E-01
  5.00000000E+00 -8.11000000E-01 -4.55916626E-02 -1.85432108E-02 -5.39315500E-02  9.99999975E-05  2.23132668E-02  4.28806971E-01
  5.00000000E+00 -8.08000000E-01 -4.39953852E-02 -1.88492256E-02 -5.39561038E-02  9.99999975E-05  2.25070463E-02  4.29098880E-01
  5.00000000E+00 -8.05000000E-01 -4.23889478E-02 -1.91554882E-02 -5.39803058E-02  9.99999975E-05  2.26995484E-02  4.29312591E-01
  5.00000000E+00 -8.02000000E-01 -4.07722451E-02 -1.94620026E-02 -5.40041600E-02  9.99999975E-05  2.28907909E-02  4.29450932E-01
  5.00000000E+00 -7.99000000E-01 -3.91451722E-02 -1.97687727E-02 -5.40276699E-02  9.99999975E-05  2.30807901E-02  4.29516395E-01
  5.00000000E+00 -7.96000000E-01 -3.75076256E-02 -2.00758027E-02 -5.40508402E-02  9.99999975E-05  2.32695611E-02  4.29511640E-01
  5.00000000E+00 -7.93000000E-01 -3.58595036E-02 -2.03830966E-02 -5.40736754E-02  9.99999975E-05  2.34571176E-02  4.29439331E-01
  5.00000000E+00 -7.90000000E-01 -3.42007058E-02 -2.06906587E-02 -5.40961803E-02  9.99999975E-05  2.36434723E-02  4.29302042E-01
  5.00000000E+00 -7.87000000E-01 -3.25311335E-02 -2.09984931E-02 -5.41183596E-02  9.99999975E-05  2.38286364E-02  4.29102263E-01
  5.00000000E+00 -7.84000000E-01 -3.08506896E-02 -2.13066043E-02 -5.41402178E-02  9.99999975E-05  2.40126203E-02  4.28842404E-01
  5.00000000E+00 -7.81000000E-01 -2.91592781E-02 -2.16149964E-02 -5.41617595E-02  9.99999975E-05  2.41954332E-02  4.28524796E-01
  5.00000000E+00 -7.78000000E-01 -2.74568048E-02 -2.19236739E-02 -5.41829893E-02  9.99999975E-05  2.43770832E-02  4.28151693E-01
  5.00000000E+00 -7.75000000E-01 -2.57431767E-02 -2.22326412E-02 -5.42039117E-02  9.99999975E-05  2.45575776E-02  4.27725276E-01
  5.00000000E+00 -7.72000000E-01 -2.40183021E-02 -2.25419026E-02 -5.42245312E-02  9.99999975E-05  2.47369228E-02  4.27247655E-01
  5.00000000E+00 -7.69000000E-01 -2.22820907E-02 -2.28514628E-02 -5.42448520E-02  9.99999975E-05  2.49151240E-02  4.26720871E-01
  5.00000000E+00 -7.66000000E-01 -2.05344533E-02 -2.31613260E-02 -5.42648785E-02  9.99999975E-05  2.50921860E-02  4.26146900E-01
  5.00000000E+00 -7.63000000E-01 -1.87753019E-02 -2.34714970E-02 -5.42846149E-02  9.99999975E-05  2.52681124E-02  4.25527652E-01
  5.00000000E+00 -7.60000000E-01 -1.70045499E-02 -2.37819801E-02 -5.43040654E-02  9.99999975E-05  2.54429063E-02  4.24864975E-01
  5.00000000E+00 -7.57000000E-01 -1.52221115E-02 -2.40927799E-02 -5.43232340E-02  9.99999975E-05  2.56165700E-02  4.24160659E-01
  5.00000000E+00 -7.54000000E-01 -1.34279022E-02 -2.44039010E-02 -5.43421247E-02  9.99999975E-05  2.57891049E-02  4.23416433E-01
  5.00000000E+00 -7.51000000E-01 -1.16218384E-02 -2.47153480E-02 -5.43607414E-02  9.99999975E-05  2.59605120E-02  4.22633970E-01
  5.00000000E+00 -7.48000000E-01 -9.80383759E-03 -2.50271253E-02 -5.43790879E-02  9.99999975E-05  2.61307915E-02  4.21814891E-01
  5.00000000E+00 -7.45000000E-01 -7.97381824E-03 -2.53392377E-02 -5.43971679E-02  9.99999975E-05  2.62999429E-02  4.20960761E-01
  5.00000000E+00 -7.42000000E-01 -6.13169973E-03 -2.56516896E-02 -5.44149852E-02  9.99999975E-05  2.64679651E-02  4.20073095E-01
  5.00000000E+00 -7.39000000E-01 -4.27740238E-03 -2.59644857E-02 -5.44325434E-02  9.99999975E-05  2.66348567E-02  4.19153360E-01
  5.00000000E+00 -7.36000000E-01 -2.41084744E-03 -2.62776304E-02 -5.44498458E-02  9.99999975E-05  2.68006154E-02  4.18202974E-01
  5.00000000E+00 -7.33000000E-01 -5.31957005E-04 -2.65911285E-02 -5.44668960E-02  9.99999975E-05  2.69652385E-02  4.17223306E-01
  5.00000000E+00 -7.30000000E-01  1.35934592E-03 -2.69049844E-02 -5.44836973E-02  9.99999975E-05  2.71287227E-02  4.16215685E-01
  5.00000000E+00 -7.27000000E-01  3.26313752E-03 -2.72192026E-02 -5.45002529E-02  9.99999975E-05  2.72910643E-02  4.15181394E-01
  5.00000000E+00 -7.24000000E-01  5.17949310E-03 -2.75337877E-02 -5.45165662E-02  9.99999975E-05  2.74522592E-02  4.14121672E-01
  5.00000000E+00 -7.21000000E-01  7.10848719E-03 -2.78487441E-02 -5.45326401E-02  9.99999975E-05  2.76123025E-02  4.13037721E-01
  5.00000000E+00 -7.18000000E-01  9.05019351E-03 -2.81640764E-02 -5.45484777E-02  9.99999975E-05  2.77711891E-02  4.11930702E-01
  5.00000000E+00 -7.15000000E-01  1.10046850E-02 -2.84797890E-02 -5.45640819E-02  9.99999975E-05  2.79289135E-02  4.10801736E-01
  5.00000000E+00 -7.12000000E-01  1.29720338E-02 -2.87958862E-02 -5.45794556E-02  9.99999975E-05  2.80854696E-02  4.09651910E-01
  5.00000000E+00 -7.09000000E-01  1.49523115E-02 -2.91123725E-02 -5.45946015E-02  9.99999975E-05  2.82408510E-02  4.08482273E-01
  5.00000000E+00 -7.06000000E-01  1.69455888E-02 -2.94292522E-02 -5.46095222E-02  9.99999975E-05  2.83950509E-02  4.07293841E-01
  5.00000000E+00 -7.03000000E-01  1.89519359E-02 -2.97465296E-02 -5.46242202E-02  9.99999975E-05  2.85480621E-02  4.06087595E-01
  5.00000000E+00 -7.00000000E-01  2.09714224E-02 -3.00642090E-02 -5.46386978E-02  9.99999975E-05  2.86998770E-02  4.04864485E-01
  5.00000000E+00 -6.97000000E-01  2.30041171E-02 -3.03822946E-02 -5.46529588E-02  9.99999975E-05  2.88504877E-02  4.03625428E-01
  5.00000000E+00 -6.94000000E-01  2.50500873E-02 -3.07007905E-02 -5.46670044E-02  9.99999975E-05  2.89998858E-02  4.02371312E-01
  5.00000000E+00 -6.91000000E-01  2.71094008E-02 -3.10197009E-02 -5.46808368E-02  9.99999975E-05  2.91480628E-02  4.01102995E-01
  5.00000000E+00 -6.88000000E-01  2.91821243E-02 -3.13390297E-02 -5.46944582E-02  9.99999975E-05  2.92950097E-02  3.99821307E-01
  5.00000000E+00 -6.85000000E-01  3.12683241E-02 -3.16587811E-02 -5.47078710E-02  9.99999975E-05  2.94407171E-02  3.98527049E-01
  5.00000000E+00 -6.82000000E-01  3.33680657E-02 -3.19789588E-02 -5.47210773E-02  9.99999975E-05  2.95851755E-02  3.97220997E-01
  5.00000000E+00 -6.79000000E-01  3.54814140E-02 -3.22995669E-02 -5.47340790E-02  9.99999975E-05  2.97283750E-02  3.95903902E-01
  5.00000000E+00 -6.76000000E-01  3.76084332E-02 -3.26206091E-02 -5.47468781E-02  9.99999975E-05  2.98703054E-02  3.94576487E-01
  5.00000000E+00 -6.73000000E-01  3.97491870E-02 -3.29420891E-02 -5.47594763E-02  9.99999975E-05  3.00109561E-02  3.93239454E-01
  5.00000000E+00 -6.70000000E-01  4.19037384E-02 -3.32640105E-02 -5.47718756E-02  9.99999975E-05  3.01503164E-02  3.91893481E-01
  5.00000000E+00 -6.67000000E-01  4.40721499E-02 -3.35863769E-02 -5.47840775E-02  9.99999975E-05  3.02883753E-02  3.90539221E-01
  5.00000000E+00 -6.64000000E-01  4.62544833E-02 -3.39091918E-02 -5.47960836E-02  9.99999975E-05  3.04251215E-02  3.89177309E-01
  5.00000000E+00 -6.61000000E-01  4.84508001E-02 -3.42324586E-02 -5.48078955E-02  9.99999975E-05  3.05605433E-02  3.87808357E-01
  5.00000000E+00 -6.58000000E-01  5.06611608E-02 -3.45561806E-02 -5.48195146E-02  9.99999975E-05  3.06946290E-02  3.86432957E-01
  5.00000000E+00 -6.55000000E-01  5.28856258E-02 -3.48803609E-02 -5.48309424E-02  9.99999975E-05  3.08273664E-02  3.85051680E-01
  5.00000000E+00 -6.52000000E-01  5.51242547E-02 -3.52050026E-02 -5.48421802E-02  9.99999975E-05  3.09587433E-02  3.83665081E-01
  5.00000000E+00 -6.49000000E-01  5.73771065E-02 -3.55301088E-02 -5.48532293E-02  9.99999975E-05  3.10887470E-02  3.82273694E-01
  5.00000000E+00 -6.46000000E-01  5.96442398E-02 -3.58556824E-02 -5.48640908E-02  9.99999975E-05  3.12173647E-02  3.80878037E-01
  5.00000000E+00 -6.43000000E-01  6.19257125E-02 -3.61817260E-02 -5.48747661E-02  9.99999975E-05  3.13445833E-02  3.79478609E-01
  5.00000000E+00 -6.40000000E-01  6.42215819E-02 -3.65082424E-02 -5.48852562E-02  9.99999975E-05  3.14703897E-02  3.78075896E-01
  5.00000000E+00 -6.37000000E-01  6.65319050E-02 -3.68352341E-02 -5.48955621E-02  9.99999975E-05  3.15947703E-02  3.76670364E-01
  5.00000000E+00 -6.34000000E-01  6.88567379E-02 -3.71627036E-02 -5.49056849E-02  9.99999975E-05  3.17177114E-02  3.75262467E-01
  5.00000000E+00 -6.31000000E-01  7.11961363E-02 -3.74906530E-02 -5.49156256E-02  9.99999975E-05  3.18391991E-02  3.73852643E-01
  5.00000000E+00 -6.28000000E-01  7.35501553E-02 -3.78190846E-02 -5.49253850E-02  9.99999975E-05  3.19592192E-02  3.72441315E-01
  5.00000000E+00 -6.25000000E-01  7.59188495E-02 -3.81480004E-02 -5.49349641E-02  9.99999975E-05  3.20777573E-02  3.71028893E-01
  5.00000000E+00 -6.22000000E-01  7.83022727E-02 -3.84774022E-02 -5.49443635E-02  9.99999975E-05  3.21947990E-02  3.69615774E-01
  5.00000000E+00 -6.19000000E-01  8.07004783E-02 -3.88072917E-02 -5.49535840E-02  9.99999975E-05  3.23103294E-02  3.68202342E-01
  5.00000000E+00 -6.16000000E-01  8.31135190E-02 -3.91376706E-02 -5.49626264E-02  9.99999975E-05  3.24243336E-02  3.66788970E-01
  5.00000000E+00 -6.13000000E-01  8.55414471E-02 -3.94685403E-02 -5.49714913E-02  9.99999975E-05  3.25367964E-02  3.65376016E-01
  5.00000000E+00 -6.10000000E-01  8.79843141E-02 -3.97999019E-02 -5.49801792E-02  9.99999975E-05  3.26477024E-02  3.63963830E-01
  5.00000000E+00 -6.07000000E-01  9.04421708E-02 -4.01317566E-02 -5.49886908E-02  9.99999975E-05  3.27570361E-02  3.62552750E-01
  5.00000000E+00 -6.04000000E-01  9.29150677E-02 -4.04641054E-02 -5.49970265E-02  9.99999975E-05  3.28647817E-02  3.61143103E-01
  5.00000000E+00 -6.01000000E-01  9.54030544E-02 -4.07969489E-02 -5.50051868E-02  9.99999975E-05  3.29709233E-02  3.59735206E-01
  5.00000000E+00 -5.98000000E-01  9.79061800E-02 -4.11302877E-02 -5.50131721E-02  9.99999975E-05  3.30754447E-02  3.58329368E-01
  5.00000000E+00 -5.95000000E-01  1.00424493E-01 -4.14641222E-02 -5.50209827E-02  9.99999975E-05  3.31783296E-02  3.56925886E-01
  5.00000000E+00 -5.92000000E-01  1.02958041E-01 -4.17984527E-02 -5.50286191E-02  9.99999975E-05  3.32795614E-02  3.55525051E-01
  5.00000000E+00 -5.89000000E-01  1.05506871E-01 -4.21332790E-02 -5.50360817E-02  9.99999975E-05  3.33791235E-02  3.54127143E-01
  5.00000000E+00 -5.86000000E-01  1.08071030E-01 -4.24686010E-02 -5.50433706E-02  9.99999975E-05  3.34769989E-02  3.52732435E-01
  5.00000000E+00 -5.83000000E-01  1.10650563E-01 -4.28044183E-02 -5.50504862E-02  9.99999975E-05  3.35731705E-02  3.51341194E-01
  5.00000000E+00 -5.80000000E-01  1.13245515E-01 -4.31407302E-02 -5.50574288E-02  9.99999975E-05  3.36676211E-02  3.49953676E-01
  5.00000000E+00 -5.77000000E-01  1.15855930E-01 -4.34775359E-02 -5.50641987E-02  9.99999975E-05  3.37603331E-02  3.48570133E-01
  5.00000000E+00 -5.74000000E-01  1.18481851E-01 -4.38148344E-02 -5.50707963E-02  9.99999975E-05  3.38512890E-02  3.47190810E-01
  5.00000000E+00 -5.71000000E-01  1.21123321E-01 -4.41526244E-02 -5.50772219E-02  9.99999975E-05  3.39404709E-02  3.45815943E-01
  5.00000000E+00 -5.68000000E-01  1.23780382E-01 -4.44909042E-02 -5.50834738E-02  9.99999975E-05  3.40278609E-02  3.44445767E-01
  5.00000000E+00 -5.65000000E-01  1.26453074E-01 -4.48296721E-02 -5.50895530E-02  9.99999975E-05  3.41134406E-02  3.43080503E-01
  5.00000000E+00 -5.62000000E-01  1.29141439E-01 -4.51689263E-02 -5.50954607E-02  9.99999975E-05  3.41971916E-02  3.41720370E-01
  5.00000000E+00 -5.59000000E-01  1.31845515E-01 -4.55086644E-02 -5.51011968E-02  9.99999975E-05  3.42790954E-02  3.40365586E-01
  5.00000000E+00 -5.56000000E-01  1.34565339E-01 -4.58488839E-02 -5.51067610E-02  9.99999975E-05  3.43591332E-02  3.39016363E-01
  5.00000000E+00 -5.53000000E-01  1.37300950E-01 -4.61895819E-02 -5.51121532E-02  9.99999975E-05  3.44372861E-02  3.37672907E-01
  5.00000000E+00 -5.50000000E-01  1.40052383E-01 -4.65307555E-02 -5.51173735E-02  9.99999975E-05  3.45135349E-02  3.36335419E-01
  5.00000000E+00 -5.47000000E-01  1.42819674E-01 -4.68724013E-02 -5.51224216E-02  9.99999975E-05  3.45878603E-02  3.35004096E-01
  5.00000000E+00 -5.44000000E-01  1.45602858E-01 -4.72145157E-02 -5.51272977E-02  9.99999975E-05  3.46602428E-02  3.33679132E-01
  5.00000000E+00 -5.41000000E-01  1.48401966E-01 -4.75570949E-02 -5.51320016E-02  9.99999975E-05  3.47306626E-02  3.32360714E-01
  5.00000000E+00 -5.38000000E-01  1.51217032E-01 -4.79001345E-02 -5.51365335E-02  9.99999975E-05  3.47990999E-02  3.31049030E-01
  5.00000000E+00 -5.35000000E-01  1.54048086E-01 -4.82436301E-02 -5.51408931E-02  9.99999975E-05  3.48655345E-02  3.29744262E-01
  5.00000000E+00 -5.32000000E-01  1.56895158E-01 -4.85875770E-02 -5.51450807E-02  9.99999975E-05  3.49299463E-02  3.28446590E-01
  5.00000000E+00 -5.29000000E-01  1.59758277E-01 -4.89319700E-02 -5.51490960E-02  9.99999975E-05  3.49923146E-02  3.27156191E-01
  5.00000000E+00 -5.26000000E-01  1.62637469E-01 -4.92768036E-02 -5.51529392E-02  9.99999975E-05  3.50526189E-02  3.25873242E-01
  5.00000000E+00 -5.23000000E-01  1.65532762E-01 -4.96220722E-02 -5.51566102E-02  9.99999975E-05  3.51108383E-02  3.24597915E-01
  5.00000000E+00 -5.20000000E-01  1.68444178E-01 -4.99677696E-02 -5.51601089E-02  9.99999975E-05  3.51669518E-02  3.23330383E-01
  5.00000000E+00 -5.17000000E-01  1.71371742E-01 -5.03138894E-02 -5.51634353E-02  9.99999975E-05  3.52209380E-02  3.22070815E-01
  5.00000000E+00 -5.14000000E-01  1.74315475E-01 -5.06604247E-02 -5.51665894E-02  9.99999975E-05  3.52727757E-02  3.20819380E-01
  5.00000000E+00 -5.11000000E-01  1.77275397E-01 -5.10073686E-02 -5.51695711E-02  9.99999975E-05  3.53224432E-02  3.19576244E-01
  5.00000000E+00 -5.08000000E-01  1.80251527E-01 -5.13547133E-02 -5.51723804E-02  9.99999975E-05  3.53699187E-02  3.18341576E-01
  5.00000000E+00 -5.05000000E-01  1.83243881E-01 -5.17024512E-02 -5.51750173E-02  9.99999975E-05  3.54151802E-02  3.17115539E-01
  5.00000000E+00 -5.02000000E-01  1.86252475E-01 -5.20505739E-02 -5.51774816E-02  9.99999975E-05  3.54582055E-02  3.15898299E-01
  5.00000000E+00 -4.99000000E-01  1.89277323E-01 -5.23990727E-02 -5.51797734E-02  9.99999975E-05  3.54989723E-02  3.14690019E-01
  5.00000000E+00 -4.96000000E-01  1.92318435E-01 -5.27479387E-02 -5.51818927E-02  9.99999975E-05  3.55374579E-02  3.13490863E-01
  5.00000000E+00 -4.93000000E-01  1.95375822E-01 -5.30971625E-02 -5.51838393E-02  9.99999975E-05  3.55736396E-02  3.12300995E-01
  5.00000000E+00 -4.90000000E-01  1.98449492E-01 -5.34467341E-02 -5.51856133E-02  9.99999975E-05  3.56074945E-02  3.11120577E-01
  5.00000000E+00 -4.87000000E-01  2.01539451E-01 -5.37966434E-02 -5.51872147E-02  9.99999975E-05  3.56389995E-02  3.09949774E-01
  5.00000000E+00 -4.84000000E-01  2.04645703E-01 -5.41468797E-02 -5.51886436E-02  9.99999975E-05  3.56681312E-02  3.08788748E-01
  5.00000000E+00 -4.81000000E-01  2.07768249E-01 -5.44974319E-02 -5.51898999E-02  9.99999975E-05  3.56948661E-02  3.07637665E-01
  5.00000000E+00 -4.78000000E-01  2.10907089E-01 -5.48482885E-02 -5.51909839E-02  9.99999975E-05  3.57191806E-02  3.06496688E-01
  5.00000000E+00 -4.75000000E-01  2.14062220E-01 -5.51994375E-02 -5.51918955E-02  9.99999975E-05  3.57410508E-02  3.05365985E-01
  5.00000000E+00 -4.72000000E-01  2.17233638E-01 -5.55508664E-02 -5.51926349E-02  9.99999975E-05  3.57604527E-02  3.04245723E-01
  5.00000000E+00 -4.69000000E-01  2.20421335E-01 -5.59025625E-02 -5.51932023E-02  9.99999975E-05  3.57773621E-02  3.03136070E-01
  5.00000000E+00 -4.66000000E-01  2.23625301E-01 -5.62545124E-02 -5.51935978E-02  9.99999975E-05  3.57917545E-02  3.02037197E-01
  5.00000000E+00 -4.63000000E-01  2.26845522E-01 -5.66067022E-02 -5.51938217E-02  9.99999975E-05  3.58036056E-02  3.00949278E-01
  5.00000000E+00 -4.60000000E-01  2.30081985E-01 -5.69591177E-02 -5.51938742E-02  9.99999975E-05  3.58128905E-02  2.99872489E-01
  5.00000000E+00 -4.57000000E-01  2.33334670E-01 -5.73117441E-02 -5.51937556E-02  9.99999975E-05  3.58195844E-02  2.98807009E-01
  5.00000000E+00 -4.54000000E-01  2.36603556E-01 -5.76645661E-02 -5.51934663E-02  9.99999975E-05  3.58236624E-02  2.97753019E-01
  5.00000000E+00 -4.51000000E-01  2.39888620E-01 -5.80175679E-02 -5.51930064E-02  9.99999975E-05  3.58250993E-02  2.96710707E-01
  5.00000000E+00 -4.48000000E-01  2.43189834E-01 -5.83707333E-02 -5.51923765E-02  9.99999975E-05  3.58238698E-02  2.95680265E-01
  5.00000000E+00 -4.45000000E-01  2.46507167E-01 -5.87240453E-02 -5.51915768E-02  9.99999975E-05  3.58199486E-02  2.94661888E-01
  5.00000000E+00 -4.42000000E-01  2.49840586E-01 -5.90774868E-02 -5.51906077E-02  9.99999975E-05  3.58133100E-02  2.93655779E-01
  5.00000000E+00 -4.39000000E-01  2.53190053E-01 -5.94310398E-02 -5.51894696E-02  9.99999975E-05  3.58039285E-02  2.92662147E-01
  5.00000000E+00 -4.36000000E-01  2.56555528E-01 -5.97846859E-02 -5.51881629E-02  9.99999975E-05  3.57917782E-02  2.91681208E-01
  5.00000000E+00 -4.33000000E-01  2.59936965E-01 -6.01384061E-02 -5.51866879E-02  9.99999975E-05  3.57768334E-02  2.90713187E-01
  5.00000000E+00 -4.30000000E-01  2.63334316E-01 -6.04921809E-02 -5.51850451E-02  9.99999975E-05  3.57590681E-02  2.89758314E-01
  5.00000000E+00 -4.27000000E-01  2.66747527E-01 -6.08459899E-02 -5.51832367E-02  9.99999975E-05  3.57384562E-02  2.88816777E-01
  5.00000000E+00 -4.24000000E-01  2.70176542E-01 -6.11998126E-02 -5.51812619E-02  9.99999975E-05  3.57149718E-02  2.87888810E-01
  5.00000000E+00 -4.21000000E-01  2.73621299E-01 -6.15536277E-02 -5.51791214E-02  9.99999975E-05  3.56885887E-02  2.86974645E-01
  5.00000000E+00 -4.18000000E-01  2.77081733E-01 -6.19074132E-02 -5.51768160E-02  9.99999975E-05  3.56592808E-02  2.86074517E-01
  5.00000000E+00 -4.15000000E-01  2.80557774E-01 -6.22611467E-02 -5.51743464E-02  9.99999975E-05  3.56270219E-02  2.85188665E-01
  5.00000000E+00 -4.12000000E-01  2.84049347E-01 -6.26148051E-02 -5.51717134E-02  9.99999975E-05  3.55917858E-02  2.84317330E-01
  5.00000000E+00 -4.09000000E-01  2.87556375E-01 -6.29683646E-02 -5.51689179E-02  9.99999975E-05  3.55535464E-02  2.83460759E-01
  5.00000000E+00 -4.06000000E-01  2.91078771E-01 -6.33218011E-02 -5.51659608E-02  9.99999975E-05  3.55122775E-02  2.82619204E-01
  5.00000000E+00 -4.03000000E-01  2.94616447E-01 -6.36750895E-02 -5.51628430E-02  9.99999975E-05  3.54679531E-02  2.81792920E-01
  5.00000000E+00 -4.00000000E-01  2.98169310E-01 -6.40282043E-02 -5.51595654E-02  9.99999975E-05  3.54205472E-02  2.80982169E-01
  5.00000000E+00 -3.97000000E-01  3.01737259E-01 -6.43811195E-02 -5.51561290E-02  9.99999975E-05  3.53700338E-02  2.80187215E-01
  5.00000000E+00 -3.94000000E-01  3.05320190E-01 -6.47338082E-02 -5.51525350E-02  9.99999975E-05  3.53163872E-02  2.79408332E-01
  5.00000000E+00 -3.91000000E-01  3.08917994E-01 -6.50862430E-02 -5.51487843E-02  9.99999975E-05  3.52595816E-02  2.78645795E-01
  5.00000000E+00 -3.88000000E-01  3.12530553E-01 -6.54383958E-02 -5.51448781E-02  9.99999975E-05  3.51995915E-02  2.77899889E-01
  5.00000000E+00 -3.85000000E-01  3.16157748E-01 -6.57902382E-02 -5.51408177E-02  9.99999975E-05  3.51363916E-02  2.77170903E-01
  5.00000000E+00 -3.82000000E-01  3.19799450E-01 -6.61417407E-02 -5.51366042E-02  9.99999975E-05  3.50699566E-02  2.76459134E-01
  5.00000000E+00 -3.79000000E-01  3.23455527E-01 -6.64928734E-02 -5.51322389E-02  9.99999975E-05  3.50002617E-02  2.75764884E-01
  5.00000000E+00 -3.76000000E-01  3.27125839E-01 -6.68436057E-02 -5.51277232E-02  9.99999975E-05  3.49272823E-02  2.75088463E-01
  5.00000000E+00 -3.73000000E-01  3.30810241E-01 -6.71939065E-02 -5.51230584E-02  9.99999975E-05  3.48509938E-02  2.74430188E-01
  5.00000000E+00 -3.70000000E-01  3.34508580E-01 -6.75437440E-02 -5.51182460E-02  9.99999975E-05  3.47713723E-02  2.73790385E-01
  5.00000000E+00 -3.67000000E-01  3.38220698E-01 -6.78930856E-02 -5.51132876E-02  9.99999975E-05  3.46883941E-02  2.73169386E-01
  5.00000000E+00 -3.64000000E-01  3.41946430E-01 -6.82418982E-02 -5.51081845E-02  9.99999975E-05  3.46020358E-02  2.72567532E-01
  5.00000000E+00 -3.61000000E-01  3.45685604E-01 -6.85901482E-02 -5.51029385E-02  9.99999975E-05  3.45122744E-02  2.71985173E-01
  5.00000000E+00 -3.58000000E-01  3.49438041E-01 -6.89378010E-02 -5.50975511E-02  9.99999975E-05  3.44190876E-02  2.71422666E-01
  5.00000000E+00 -3.55000000E-01  3.53203555E-01 -6.92848219E-02 -5.50920241E-02  9.99999975E-05  3.43224534E-02  2.70880379E-01
  5.00000000E+00 -3.52000000E-01  3.56981953E-01 -6.96311750E-02 -5.50863592E-02  9.99999975E-05  3.42223503E-02  2.70358687E-01
  5.00000000E+00 -3.49000000E-01  3.60773034E-01 -6.99768242E-02 -5.50805583E-02  9.99999975E-05  3.41187575E-02  2.69857978E-01
  5.00000000E+00 -3.46000000E-01  3.64576591E-01 -7.03217326E-02 -5.50746232E-02  9.99999975E-05  3.40116547E-02  2.69378647E-01
  5.00000000E+00 -3.43000000E-01  3.68392407E-01 -7.06658628E-02 -5.50685558E-02  9.99999975E-05  3.39010223E-02  2.68921102E-01
  5.00000000E+00 -3.40000000E-01  3.72220259E-01 -7.10091767E-02 -5.50623580E-02  9.99999975E-05  3.37868413E-02  2.68485758E-01
  5.00000000E+00 -3.37000000E-01  3.76059917E-01 -7.13516356E-02 -5.50560320E-02  9.99999975E-05  3.36690937E-02  2.68073046E-01
  5.00000000E+00 -3.34000000E-01  3.79911141E-01 -7.16932002E-02 -5.50495797E-02  9.99999975E-05  3.35477621E-02  2.67683405E-01
  5.00000000E+00 -3.31000000E-01  3.83773685E-01 -7.20338307E-02 -5.50430032E-02  9.99999975E-05  3.34228298E-02  2.67317287E-01
  5.00000000E+00 -3.28000000E-01  3.87647291E-01 -7.23734867E-02 -5.50363049E-02  9.99999975E-05  3.32942813E-02  2.66975156E-01
  5.00000000E+00 -3.25000000E-01  3.91531698E-01 -7.27121273E-02 -5.50294867E-02  9.99999975E-05  3.31621019E-02  2.66657490E-01
  5.00000000E+00 -3.22000000E-01  3.95426633E-01 -7.30497107E-02 -5.50225511E-02  9.99999975E-05  3.30262777E-02  2.66364779E-01
  5.00000000E+00 -3.19000000E-01  3.99331815E-01 -7.33861951E-02 -5.50155003E-02  9.99999975E-05  3.28867962E-02  2.66097527E-01
  5.00000000E+00 -3.16000000E-01  4.03246955E-01 -7.37215377E-02 -5.50083367E-02  9.99999975E-05  3.27436458E-02  2.65856252E-01
  5.00000000E+00 -3.13000000E-01  4.07171755E-01 -7.40556955E-02 -5.50010626E-02  9.99999975E-05  3.25968160E-02  2.65641489E-01
  5.00000000E+00 -3.10000000E-01  4.11105907E-01 -7.43886248E-02 -5.49936806E-02  9.99999975E-05  3.24462978E-02  2.65453785E-01
  5.00000000E+00 -3.07000000E-01  4.15049097E-01 -7.47202815E-02 -5.49861930E-02  9.99999975E-05  3.22920832E-02  2.65293704E-01
  5.00000000E+00 -3.04000000E-01  4.19000999E-01 -7.50506209E-02 -5.49786024E-02  9.99999975E-05  3.21341656E-02  2.65161826E-01
  5.00000000E+00 -3.01000000E-01  4.22961280E-01 -7.53795981E-02 -5.49709115E-02  9.99999975E-05  3.19725401E-02  2.65058750E-01
  5.00000000E+00 -2.98000000E-01  4.26929596E-01 -7.57071676E-02 -5.49631236E-02  9.99999975E-05  3.18072027E-02  2.64985091E-01
  5.00000000E+00 -2.95000000E-01  4.30905595E-01 -7.60332834E-02 -5.49552402E-02  9.99999975E-05  3.16381515E-02  2.64941472E-01
  5.00000000E+00 -2.92000000E-01  4.34888916E-01 -7.63578992E-02 -5.49472643E-02  9.99999975E-05  3.14653858E-02  2.64928566E-01
  5.00000000E+00 -2.89000000E-01  4.38879187E-01 -7.66809683E-02 -5.49391987E-02  9.99999975E-05  3.12889067E-02  2.64947072E-01
  5.00000000E+00 -2.86000000E-01  4.42876028E-01 -7.70024436E-02 -5.49310464E-02  9.99999975E-05  3.11087173E-02  2.64997717E-01
  5.00000000E+00 -2.83000000E-01  4.46879048E-01 -7.73222776E-02 -5.49228101E-02  9.99999975E-05  3.09248222E-02  2.65081252E-01
  5.00000000E+00 -2.80000000E-01  4.50887846E-01 -7.76404224E-02 -5.49144927E-02  9.99999975E-05  3.07372280E-02  2.65198457E-01
  5.00000000E+00 -2.77000000E-01  4.54902010E-01 -7.79568297E-02 -5.49060969E-02  9.99999975E-05  3.05459434E-02  2.65350138E-01
  5.00000000E+00 -2.74000000E-01  4.58921120E-01 -7.82714510E-02 -5.48976255E-02  9.99999975E-05  3.03509790E-02  2.65537131E-01
  5.00000000E+00 -2.71000000E-01  4.62944743E-01 -7.85842372E-02 -5.48890813E-02  9.99999975E-05  3.01523478E-02  2.65760299E-01
  5.00000000E+00 -2.68000000E-01  4.66972438E-01 -7.88951392E-02 -5.48804671E-02  9.99999975E-05  2.99500646E-02  2.66020536E-01
  5.00000000E+00 -2.65000000E-01  4.71003752E-01 -7.92041075E-02 -5.48717858E-02  9.99999975E-05  2.97441470E-02  2.66318763E-01
  5.00000000E+00 -2.62000000E-01  4.75038224E-01 -7.95110923E-02 -5.48630402E-02  9.99999975E-05  2.95346146E-02  2.66655936E-01
  5.00000000E+00 -2.59000000E-01  4.79075379E-01 -7.98160437E-02 -5.48542332E-02  9.99999975E-05  2.93214896E-02  2.67033042E-01
  5.00000000E+00 -2.56000000E-01  4.83114735E-01 -8.01189116E-02 -5.48453680E-02  9.99999975E-05  2.91047967E-02  2.67451102E-01
  5.00000000E+00 -2.53000000E-01  4.87155799E-01 -8.04196457E-02 -5.48364474E-02  9.99999975E-05  2.88845632E-02  2.67911168E-01
  5.00000000E+00 -2.50000000E-01  4.91198065E-01 -8.07181955E-02 -5.48274745E-02  9.99999975E-05  2.86608192E-02  2.68414333E-01
  5.00000000E+00 -2.47000000E-01  4.95241021E-01 -8.10145106E-02 -5.48184523E-02  9.99999975E-05  2.84335976E-02  2.68961724E-01
  5.00000000E+00 -2.44000000E-01  4.99284141E-01 -8.13085403E-02 -5.48093840E-02  9.99999975E-05  2.82029338E-02  2.69554507E-01
  5.00000000E+00 -2.41000000E-01  5.03326892E-01 -8.16002342E-02 -5.48002725E-02  9.99999975E-05  2.79688665E-02  2.70193889E-01
  5.00000000E+00 -2.38000000E-01  5.07368728E-01 -8.18895416E-02 -5.47911210E-02  9.99999975E-05  2.77314373E-02  2.70881117E-01
  5.00000000E+00 -2.35000000E-01  5.11409096E-01 -8.21764121E-02 -5.47819325E-02  9.99999975E-05  2.74906908E-02  2.71617481E-01
  5.00000000E+00 -2.32000000E-01  5.15447432E-01 -8.24607952E-02 -5.47727101E-02  9.99999975E-05  2.72466748E-02  2.72404319E-01
  5.00000000E+00 -2.29000000E-01  5.19483161E-01 -8.27426407E-02 -5.47634568E-02  9.99999975E-05  2.69994402E-02  2.73243011E-01
  5.00000000E+00 -2.26000000E-01  5.23515702E-01 -8.30218984E-02 -5.47541757E-02  9.99999975E-05  2.67490413E-02  2.74134989E-01
  5.00000000E+00 -2.23000000E-01  5.27544460E-01 -8.32985184E-02 -5.47448698E-02  9.99999975E-05  2.64955357E-02  2.75081733E-01
  5.00000000E+00 -2.20000000E-01  5.31568836E-01 -8.35724512E-02 -5.47355420E-02  9.99999975E-05  2.62389844E-02  2.76084777E-01
  5.00000000E+00 -2.17000000E-01  5.35588217E-01 -8.38436474E-02 -5.47261954E-02  9.99999975E-05  2.59794518E-02  2.77145706E-01
  5.00000000E+00 -2.14000000E-01  5.39601987E-01 -8.41120580E-02 -5.47168329E-02  9.99999975E-05  2.57170059E-02  2.78266164E-01
  5.00000000E+00 -2.11000000E-01  5.43609516E-01 -8.43776344E-02 -5.47074576E-02  9.99999975E-05  2.54517181E-02  2.79447851E-01
  5.00000000E+00 -2.08000000E-01  5.47610169E-01 -8.46403285E-02 -5.46980726E-02  9.99999975E-05  2.51836636E-02  2.80692530E-01
  5.00000000E+00 -2.05000000E-01  5.51603304E-01 -8.49000926E-02 -5.46886808E-02  9.99999975E-05  2.49129211E-02  2.82002024E-01
  5.00000000E+00 -2.02000000E-01  5.55588268E-01 -8.51568796E-02 -5.46792856E-02  9.99999975E-05  2.46395729E-02  2.83378220E-01
  5.00000000E+00 -1.99000000E-01  5.59564403E-01 -8.54106428E-02 -5.46698901E-02  9.99999975E-05  2.43637052E-02  2.84823075E-01
  5.00000000E+00 -1.96000000E-01  5.63531045E-01 -8.56613364E-02 -5.46604978E-02  9.99999975E-05  2.40854079E-02  2.86338613E-01
  5.00000000E+00 -1.93000000E-01  5.67487521E-01 -8.59089155E-02 -5.46511089E-02  9.99999975E-05  2.38047744E-02  2.87926926E-01
  5.00000000E+00 -1.90000000E-01  5.71433154E-01 -8.61533353E-02 -5.46417285E-02  9.99999975E-05  2.35219021E-02  2.89590183E-01
  5.00000000E+00 -1.87000000E-01  5.75367260E-01 -8.63945521E-02 -5.46323591E-02  9.99999975E-05  2.32368919E-02  2.91330629E-01
  5.00000000E+00 -1.84000000E-01  5.79289151E-01 -8.66325232E-02 -5.46230035E-02  9.99999975E-05  2.29498486E-02  2.93150586E-01
  5.00000000E+00 -1.81000000E-01  5.83198132E-01 -8.68672066E-02 -5.46136642E-02  9.99999975E-05  2.26608808E-02  2.95052458E-01
  5.00000000E+00 -1.78000000E-01  5.87093505E-01 -8.70985613E-02 -5.46043441E-02  9.99999975E-05  2.23701005E-02  2.97038732E-01
  5.00000000E+00 -1.75000000E-01  5.90974570E-01 -8.73265473E-02 -5.45950459E-02  9.99999975E-05  2.20776236E-02  2.99111981E-01
  5.00000000E+00 -1.72000000E-01  5.94840619E-01 -8.75511256E-02 -5.45857720E-02  9.99999975E-05  2.17835695E-02  3.01274864E-01
  5.00000000E+00 -1.69000000E-01  5.98690946E-01 -8.77722584E-02 -5.45765253E-02  9.99999975E-05  2.14880612E-02  3.03530135E-01
  5.00000000E+00 -1.66000000E-01  6.02524840E-01 -8.79899089E-02 -5.45673082E-02  9.99999975E-05  2.11912251E-02  3.05880636E-01
  5.00000000E+00 -1.63000000E-01  6.06341589E-01 -8.82040418E-02 -5.45581232E-02  9.99999975E-05  2.08931910E-02  3.08329309E-01
  5.00000000E+00 -1.60000000E-01  6.10140480E-01 -8.84146227E-02 -5.45489727E-02  9.99999975E-05  2.05940923E-02  3.10879189E-01
  5.00000000E+00 -1.57000000E-01  6.13920798E-01 -8.86216188E-02 -5.45398591E-02  9.99999975E-05  2.02940653E-02  3.13533413E-01
  5.00000000E+00 -1.54000000E-01  6.17681832E-01 -8.88249984E-02 -5.45307846E-02  9.99999975E-05  1.99932495E-02  3.16295221E-01
  5.00000000E+00 -1.51000000E-01  6.21422867E-01 -8.90247315E-02 -5.45217515E-02  9.99999975E-05  1.96917875E-02  3.19167955E-01
  5.00000000E+00 -1.48000000E-01  6.25143193E-01 -8.92207893E-02 -5.45127619E-02  9.99999975E-05  1.93898247E-02  3.22155061E-01
  5.00000000E+00 -1.45000000E-01  6.28842102E-01 -8.94131447E-02 -5.45038178E-02  9.99999975E-05  1.90875090E-02  3.25260096E-01
  5.00000000E+00 -1.42000000E-01  6.32518886E-01 -8.96017721E-02 -5.44949214E-02  9.99999975E-05  1.87849912E-02  3.28486722E-01
  5.00000000E+00 -1.39000000E-01  6.36172844E-01 -8.97866474E-02 -5.44860745E-02  9.99999975E-05  1.84824243E-02  3.31838711E-01
  5.00000000E+00 -1.36000000E-01  6.39803278E-01 -8.99677484E-02 -5.44772791E-02  9.99999975E-05  1.81799633E-02  3.35319944E-01
  5.00000000E+00 -1.33000000E-01  6.43409495E-01 -9.01450542E-02 -5.44685369E-02  9.99999975E-05  1.78777655E-02  3.38934414E-01
  5.00000000E+00 -1.30000000E-01  6.46990807E-01 -9.03185461E-02 -5.44598496E-02  9.99999975E-05  1.75759897E-02  3.42686224E-01
  5.00000000E+00 -1.27000000E-01  6.50546535E-01 -9.04882069E-02 -5.44512189E-02  9.99999975E-05  1.72747965E-02  3.46579584E-01
  5.00000000E+00 -1.24000000E-01  6.54076006E-01 -9.06540211E-02 -5.44426461E-02  9.99999975E-05  1.69743475E-02  3.50618817E-01
  5.00000000E+00 -1.21000000E-01  6.57578555E-01 -9.08159755E-02 -5.44341324E-02  9.99999975E-05  1.66748057E-02  3.54808351E-01
  5.00000000E+00 -1.18000000E-01  6.61053528E-01 -9.09740584E-02 -5.44256799E-02  9.99999975E-05  1.63763344E-02  3.59152718E-01
  5.00000000E+00 -1.15000000E-01  6.64500277E-01 -9.11282600E-02 -5.44172892E-02  9.99999975E-05  1.60790980E-02  3.63656553E-01
  5.00000000E+00 -1.12000000E-01  6.67918170E-01 -9.12785728E-02 -5.44089616E-02  9.99999975E-05  1.57832605E-02  3.68324589E-01
  5.00000000E+00 -1.09000000E-01  6.71306582E-01 -9.14249910E-02 -5.44006983E-02  9.99999975E-05  1.54889864E-02  3.73161654E-01
  5.00000000E+00 -1.06000000E-01  6.74664904E-01 -9.15675109E-02 -5.43925001E-02  9.99999975E-05  1.51964395E-02  3.78172661E-01
  5.00000000E+00 -1.03000000E-01  6.77992538E-01 -9.17061308E-02 -5.43843680E-02  9.99999975E-05  1.49057828E-02  3.83362608E-01
  5.00000000E+00 -1.00000000E-01  6.81288900E-01 -9.18408512E-02 -5.43763025E-02  9.99999975E-05  1.46171786E-02  3.88736565E-01
  5.00000000E+00 -9.70000000E-02  6.84553424E-01 -9.19716743E-02 -5.43683044E-02  9.99999975E-05  1.43307875E-02  3.94299667E-01
  5.00000000E+00 -9.40000000E-02  6.87785556E-01 -9.20986049E-02 -5.43603742E-02  9.99999975E-05  1.40467687E-02  4.00057104E-01
  5.00000000E+00 -9.10000000E-02  6.90984761E-01 -9.22216496E-02 -5.43525123E-02  9.99999975E-05  1.37652791E-02  4.06014111E-01
  5.00000000E+00 -8.80000000E-02  6.94150521E-01 -9.23408170E-02 -5.43447192E-02  9.99999975E-05  1.34864734E-02  4.12175950E-01
  5.00000000E+00 -8.50000000E-02  6.97282337E-01 -9.24561182E-02 -5.43369950E-02  9.99999975E-05  1.32105035E-02  4.18547904E-01
  5.00000000E+00 -8.20000000E-02  7.00379727E-01 -9.25675660E-02 -5.43293399E-02  9.99999975E-05  1.29375180E-02  4.25135252E-01
  5.00000000E+00 -7.90000000E-02  7.03442232E-01 -9.26751757E-02 -5.43217539E-02  9.99999975E-05  1.26676624E-02  4.31943255E-01
  5.00000000E+00 -7.60000000E-02  7.06469411E-01 -9.27789644E-02 -5.43142367E-02  9.99999975E-05  1.24010782E-02  4.38977137E-01
  5.00000000E+00 -7.30000000E-02  7.09460847E-01 -9.28789515E-02 -5.43067884E-02  9.99999975E-05  1.21379028E-02  4.46242063E-01
  5.00000000E+00 -7.00000000E-02  7.12416143E-01 -9.29751584E-02 -5.42994087E-02  9.99999975E-05  1.18782690E-02  4.53743117E-01
  5.00000000E+00 -6.70000000E-02  7.15334927E-01 -9.30676087E-02 -5.42920970E-02  9.99999975E-05  1.16223049E-02  4.61485271E-01
  5.00000000E+00 -6.40000000E-02  7.18216850E-01 -9.31563279E-02 -5.42848530E-02  9.99999975E-05  1.13701334E-02  4.69473366E-01
  5.00000000E+00 -6.10000000E-02  7.21061587E-01 -9.32413438E-02 -5.42776761E-02  9.99999975E-05  1.11218720E-02  4.77712076E-01
  5.00000000E+00 -5.80000000E-02  7.23868838E-01 -9.33226858E-02 -5.42705656E-02  9.99999975E-05  1.08776324E-02  4.86205883E-01
  5.00000000E+00 -5.50000000E-02  7.26638331E-01 -9.34003858E-02 -5.42635208E-02  9.99999975E-05  1.06375202E-02  4.94959038E-01
  5.00000000E+00 -5.20000000E-02  7.29369817E-01 -9.34744772E-02 -5.42565407E-02  9.99999975E-05  1.04016347E-02  5.03975532E-01
  5.00000000E+00 -4.90000000E-02  7.32063077E-01 -9.35449957E-02 -5.42496244E-02  9.99999975E-05  1.01700686E-02  5.13259057E-01
  5.00000000E+00 -4.60000000E-02  7.34717916E-01 -9.36119785E-02 -5.42427710E-02  9.99999975E-05  9.94290764E-03  5.22812970E-01
  5.00000000E+00 -4.30000000E-02  7.37334171E-01 -9.36754649E-02 -5.42359793E-02  9.99999975E-05  9.72023082E-03  5.32640255E-01
  5.00000000E+00 -4.00000000E-02  7.39911703E-01 -9.37354959E-02 -5.42292481E-02  9.99999975E-05  9.50210969E-03  5.42743481E-01
  5.00000000E+00 -3.70000000E-02  7.42450405E-01 -9.37921142E-02 -5.42225762E-02  9.99999975E-05  9.28860845E-03  5.53124765E-01
  5.00000000E+00 -3.40000000E-02  7.44950198E-01 -9.38453643E-02 -5.42159622E-02  9.99999975E-05  9.07978378E-03  5.63785731E-01
  5.00000000E+00 -3.10000000E-02  7.47411032E-01 -9.38952921E-02 -5.42094048E-02  9.99999975E-05  8.87568467E-03  5.74727469E-01
  5.00000000E+00 -2.80000000E-02  7.49832886E-01 -9.39419451E-02 -5.42029026E-02  9.99999975E-05  8.67635239E-03  5.85950497E-01
  5.00000000E+00 -2.50000000E-02  7.52215770E-01 -9.39853725E-02 -5.41964540E-02  9.99999975E-05  8.48182042E-03  5.97454723E-01
  5.00000000E+00 -2.20000000E-02  7.54559723E-01 -9.40256246E-02 -5.41900575E-02  9.99999975E-05  8.29211441E-03  6.09239407E-01
  5.00000000E+00 -1.90000000E-02  7.56864813E-01 -9.40627532E-02 -5.41837116E-02  9.99999975E-05  8.10725218E-03  6.21303128E-01
  5.00000000E+00 -1.60000000E-02  7.59131139E-01 -9.40968113E-02 -5.41774146E-02  9.99999975E-05  7.92724380E-03  6.33643753E-01
  5.00000000E+00 -1.30000000E-02  7.61358829E-01 -9.41278531E-02 -5.41711649E-02  9.99999975E-05  7.75209161E-03  6.46258409E-01
  5.00000000E+00 -1.00000000E-02  7.63548041E-01 -9.41559339E-02 -5.41649608E-02  9.99999975E-05  7.58179031E-03  6.59143454E-01
  5.00000000E+00 -7.00000000E-03  7.65698959E-01 -9.41811100E-02 -5.41588007E-02  9.99999975E-05  7.41632714E-03  6.72294467E-01
  5.00000000E+00 -4.00000000E-03  7.67811801E-01 -9.42034386E-02 -5.41526831E-02  9.99999975E-05  7.25568198E-03  6.85706225E-01
  5.00000000E+00 -1.00000000E-03  7.69886809E-01 -9.42229776E-02 -5.41466055E-02  9.99999975E-05  7.09982754E-03  6.99372698E-01
  5.00000000E+00  2.00000000E-03  7.71924253E-01 -9.42397858E-02 -5.41405669E-02  9.99999975E-05  6.94872961E-03  7.13287050E-01
  5.00000000E+00  5.00000000E-03  7.73924434E-01 -9.42539226E-02 -5.41345657E-02  9.99999975E-05  6.80234728E-03  7.27441637E-01
  5.00000000E+00  8.00000000E-03  7.75887674E-01 -9.42654478E-02 -5.41286003E-02  9.99999975E-05  6.66063327E-03  7.41828022E-01
  5.00000000E+00  1.10000000E-02  7.77814325E-01 -9.42744218E-02 -5.41226688E-02  9.99999975E-05  6.52353414E-03  7.56436992E-01
  5.00000000E+00  1.40000000E-02  7.79704761E-01 -9.42809052E-02 -5.41167696E-02  9.99999975E-05  6.39099060E-03  7.71258588E-01
  5.00000000E+00  1.70000000E-02  7.81559383E-01 -9.42849590E-02 -5.41109009E-02  9.99999975E-05  6.26293787E-03  7.86282131E-01
  5.00000000E+00  2.00000000E-02  7.83378611E-01 -9.42866441E-02 -5.41050614E-02  9.99999975E-05  6.13930600E-03  8.01496269E-01
  5.00000000E+00  2.30000000E-02  7.85162890E-01 -9.42860218E-02 -5.40992494E-02  9.99999975E-05  6.02002025E-03  8.16889024E-01
  5.00000000E+00  2.60000000E-02  7.86912685E-01 -9.42831530E-02 -5.40934633E-02  9.99999975E-05  5.90500143E-03  8.32447842E-01
  5.00000000E+00  2.90000000E-02  7.88628480E-01 -9.42780985E-02 -5.40877018E-02  9.99999975E-05  5.79416635E-03  8.48159658E-01
  5.00000000E+00  3.20000000E-02  7.90310778E-01 -9.42709191E-02 -5.40819635E-02  9.99999975E-05  5.68742814E-03  8.64010961E-01
  5.00000000E+00  3.50000000E-02  7.91960098E-01 -9.42616751E-02 -5.40762469E-02  9.99999975E-05  5.58469665E-03  8.79987867E-01
  5.00000000E+00  3.80000000E-02  7.93576976E-01 -9.42504263E-02 -5.40705509E-02  9.99999975E-05  5.48587885E-03  8.96076188E-01
  5.00000000E+00  4.10000000E-02  7.95161963E-01 -9.42372321E-02 -5.40648741E-02  9.99999975E-05  5.39087923E-03  9.12261520E-01
  5.00000000E+00  4.40000000E-02  7.96715621E-01 -9.42221514E-02 -5.40592153E-02  9.99999975E-05  5.29960015E-03  9.28529316E-01
  5.00000000E+00  4.70000000E-02  7.98238524E-01 -9.42052423E-02 -5.40535733E-02  9.99999975E-05  5.21194223E-03  9.44864969E-01
  5.00000000E+00  5.00000000E-02  7.99731259E-01 -9.41865621E-02 -5.40479472E-02  9.99999975E-05  5.12780472E-03  9.61253899E-01
  5.00000000E+00  5.30000000E-02  8.01194418E-01 -9.41661674E-02 -5.40423357E-02  9.99999975E-05  5.04708588E-03  9.77681627E-01
  5.00000000E+00  5.60000000E-02  8.02628603E-01 -9.41441140E-02 -5.40367380E-02  9.99999975E-05  4.96968328E-03  9.94133860E-01
  5.00000000E+00  5.90000000E-02  8.04034422E-01 -9.41204566E-02 -5.40311531E-02  9.99999975E-05  4.89549414E-03  1.01059656E+00
  5.00000000E+00  6.20000000E-02  8.05412486E-01 -9.40952491E-02 -5.40255801E-02  9.99999975E-05  4.82441569E-03  1.02705604E+00
  5.00000000E+00  6.50000000E-02  8.06763411E-01 -9.40685440E-02 -5.40200181E-02  9.99999975E-05  4.75634539E-03  1.04349897E+00
  5.00000000E+00  6.80000000E-02  8.08087815E-01 -9.40403932E-02 -5.40144664E-02  9.99999975E-05  4.69118124E-03  1.05991254E+00
  5.00000000E+00  7.10000000E-02  8.09386315E-01 -9.40108472E-02 -5.40089243E-02  9.99999975E-05  4.62882210E-03  1.07628442E+00
  5.00000000E+00  7.40000000E-02  8.10659530E-01 -9.39799552E-02 -5.40033910E-02  9.99999975E-05  4.56916782E-03  1.09260286E+00
  5.00000000E+00  7.70000000E-02  8.11908075E-01 -9.39477656E-02 -5.39978658E-02  9.99999975E-05  4.51211953E-03  1.10885672E+00
  5.00000000E+00  8.00000000E-02  8.13132566E-01 -9.39143252E-02 -5.39923482E-02  9.99999975E-05  4.45757982E-03  1.12503552E+00
  5.00000000E+00  8.30000000E-02  8.14333612E-01 -9.38796798E-02 -5.39868377E-02  9.99999975E-05  4.40545294E-03  1.14112946E+00
  5.00000000E+00  8.60000000E-02  8.15511817E-01 -9.38438740E-02 -5.39813337E-02  9.99999975E-05  4.35564495E-03  1.15712943E+00
  5.00000000E+00  8.90000000E-02  8.16667782E-01 -9.38069508E-02 -5.39758356E-02  9.99999975E-05  4.30806383E-03  1.17302706E+00
  5.00000000E+00  9.20000000E-02  8.17802101E-01 -9.37689523E-02 -5.39703429E-02  9.99999975E-05  4.26261964E-03  1.18881468E+00
  5.00000000E+00  9.50000000E-02  8.18915357E-01 -9.37299192E-02 -5.39648554E-02  9.99999975E-05  4.21922463E-03  1.20448538E+00
  5.00000000E+00  9.80000000E-02  8.20008131E-01 -9.36898908E-02 -5.39593726E-02  9.99999975E-05  4.17779331E-03  1.22003295E+00
  5.00000000E+00  1.01000000E-01  8.21080990E-01 -9.36489054E-02 -5.39538940E-02  9.99999975E-05  4.13824254E-03  1.23545193E+00
  5.00000000E+00  1.04000000E-01  8.22134494E-01 -9.36069999E-02 -5.39484193E-02  9.99999975E-05  4.10049155E-03  1.25073753E+00
  5.00000000E+00  1.07000000E-01  8.23169195E-01 -9.35642099E-02 -5.39429482E-02  9.99999975E-05  4.06446202E-03  1.26588568E+00
  5.00000000E+00  1.10000000E-01  8.24185630E-01 -9.35205699E-02 -5.39374804E-02  9.99999975E-05  4.03007812E-03  1.28089295E+00
  5.00000000E+00  1.13000000E-01  8.25184331E-01 -9.34761131E-02 -5.39320156E-02  9.99999975E-05  3.99726646E-03  1.29575656E+00
  5.00000000E+00  1.16000000E-01  8.26165813E-01 -9.34308715E-02 -5.39265534E-02  9.99999975E-05  3.96595619E-03  1.31047434E+00
  5.00000000E+00  1.19000000E-01  8.27130586E-01 -9.33848762E-02 -5.39210937E-02  9.99999975E-05  3.93607891E-03  1.32504470E+00
  5.00000000E+00  1.22000000E-01  8.28079143E-01 -9.33381567E-02 -5.39156362E-02  9.99999975E-05  3.90756870E-03  1.33946661E+00
  5.00000000E+00  1.25000000E-01  8.29011968E-01 -9.32907418E-02 -5.39101807E-02  9.99999975E-05  3.88036211E-03  1.35373952E+00
  5.00000000E+00  1.28000000E-01  8.29929532E-01 -9.32426589E-02 -5.39047269E-02  9.99999975E-05  3.85439808E-03  1.36786340E+00
  5.00000000E+00  1.31000000E-01  8.30832296E-01 -9.31939345E-02 -5.38992747E-02  9.99999975E-05  3.82961796E-03  1.38183863E+00
  5.00000000E+00  1.34000000E-01  8.31720706E-01 -9.31445941E-02 -5.38938238E-02  9.99999975E-05  3.80596542E-03  1.39566602E+00
  5.00000000E+00  1.37000000E-01  8.32595199E-01 -9.30946621E-02 -5.38883740E-02  9.99999975E-05  3.78338643E-03  1.40934674E+00
  5.00000000E+00  1.40000000E-01  8.33456197E-01 -9.30441620E-02 -5.38829253E-02  9.99999975E-05  3.76182921E-03  1.42288232E+00
  5.00000000E+00  1.43000000E-01  8.34304112E-01 -9.29931162E-02 -5.38774773E-02  9.99999975E-05  3.74124417E-03  1.43627458E+00
  5.00000000E+00  1.46000000E-01  8.35139343E-01 -9.29415463E-02 -5.38720301E-02  9.99999975E-05  3.72158383E-03  1.44952561E+00
  5.00000000E+00  1.49000000E-01  8.35962279E-01 -9.28894732E-02 -5.38665833E-02  9.99999975E-05  3.70280279E-03  1.46263775E+00
  5.00000000E+00  1.52000000E-01  8.36773295E-01 -9.28369165E-02 -5.38611369E-02  9.99999975E-05  3.68485767E-03  1.47561355E+00
  5.00000000E+00  1.55000000E-01  8.37572756E-01 -9.27838954E-02 -5.38556906E-02  9.99999975E-05  3.66770701E-03  1.48845576E+00
  5.00000000E+00  1.58000000E-01  8.38361015E-01 -9.27304281E-02 -5.38502445E-02  9.99999975E-05  3.65131123E-03  1.50116727E+00
  5.00000000E+00  1.61000000E-01  8.39138414E-01 -9.26765320E-02 -5.38447984E-02  9.99999975E-05  3.63563259E-03  1.51375110E+00
  5.00000000E+00  1.64000000E-01  8.39905284E-01 -9.26222238E-02 -5.38393521E-02  9.99999975E-05  3.62063508E-03  1.52621040E+00
  5.00000000E+00  1.67000000E-01  8.40661946E-01 -9.25675197E-02 -5.38339055E-02  9.99999975E-05  3.60628438E-03  1.53854838E+00
  5.00000000E+00  1.70000000E-01  8.41408710E-01 -9.25124349E-02 -5.38284585E-02  9.99999975E-05  3.59254779E-03  1.55076834E+00
  5.00000000E+00  1.73000000E-01  8.42145874E-01 -9.24569842E-02 -5.38230111E-02  9.99999975E-05  3.57939417E-03  1.56287363E+00
  5.00000000E+00  1.76000000E-01  8.42873729E-01 -9.24011815E-02 -5.38175630E-02  9.99999975E-05  3.56679386E-03  1.57486760E+00
  5.00000000E+00  1.79000000E-01  8.43592554E-01 -9.23450404E-02 -5.38121142E-02  9.99999975E-05  3.55471866E-03  1.58675366E+00
  5.00000000E+00  1.82000000E-01  8.44302620E-01 -9.22885736E-02 -5.38066647E-02  9.99999975E-05  3.54314173E-03  1.59853519E+00
  5.00000000E+00  1.85000000E-01  8.45004188E-01 -9.22317937E-02 -5.38012142E-02  9.99999975E-05  3.53203753E-03  1.61021558E+00
  5.00000000E+00  1.88000000E-01  8.45697509E-01 -9.21747123E-02 -5.37957628E-02  9.99999975E-05  3.52138182E-03  1.62179818E+00
  5.00000000E+00  1.91000000E-01  8.46382826E-01 -9.21173408E-02 -5.37903104E-02  9.99999975E-05  3.51115153E-03  1.63328632E+00
  5.00000000E+00  1.94000000E-01  8.47060375E-01 -9.20596900E-02 -5.37848568E-02  9.99999975E-05  3.50132474E-03  1.64468330E+00
  5.00000000E+00  1.97000000E-01  8.47730382E-01 -9.20017702E-02 -5.37794020E-02  9.99999975E-05  3.49188065E-03  1.65599235E+00
  5.00000000E+00  2.00000000E-01  8.48393065E-01 -9.19435914E-02 -5.37739460E-02  9.99999975E-05  3.48279949E-03  1.66721665E+00
  5.00000000E+00  2.03000000E-01  8.49048634E-01 -9.18851630E-02 -5.37684886E-02  9.99999975E-05  3.47406249E-03  1.67835935E+00
  5.00000000E+00  2.06000000E-01  8.49697294E-01 -9.18264942E-02 -5.37630298E-02  9.99999975E-05  3.46565182E-03  1.68942348E+00
  5.00000000E+00  2.09000000E-01  8.50339239E-01 -9.17675936E-02 -5.37575695E-02  9.99999975E-05  3.45755058E-03  1.70041205E+00
  5.00000000E+00  2.12000000E-01  8.50974659E-01 -9.17084696E-02 -5.37521077E-02  9.99999975E-05  3.44974271E-03  1.71132797E+00
  5.00000000E+00  2.15000000E-01  8.51603735E-01 -9.16491302E-02 -5.37466443E-02  9.99999975E-05  3.44221299E-03  1.72217410E+00
  5.00000000E+00  2.18000000E-01  8.52226643E-01 -9.15895830E-02 -5.37411793E-02  9.99999975E-05  3.43494697E-03  1.73295318E+00
  5.00000000E+00  2.21000000E-01  8.52843553E-01 -9.15298354E-02 -5.37357126E-02  9.99999975E-05  3.42793096E-03  1.74366792E+00
  5.00000000E+00  2.24000000E-01  8.53454627E-01 -9.14698945E-02 -5.37302442E-02  9.99999975E-05  3.42115195E-03  1.75432091E+00
  5.00000000E+00  2.27000000E-01  8.54060023E-01 -9.14097669E-02 -5.37247740E-02  9.99999975E-05  3.41459761E-03  1.76491468E+00
  5.00000000E+00  2.30000000E-01  8.54659891E-01 -9.13494591E-02 -5.37193020E-02  9.99999975E-05  3.40825625E-03  1.77545169E+00
  5.00000000E+00  2.33000000E-01  8.55254379E-01 -9.12889774E-02 -5.37138281E-02  9.99999975E-05  3.40211681E-03  1.78593429E+00
  5.00000000E+00  2.36000000E-01  8.55843626E-01 -9.12283278E-02 -5.37083524E-02  9.99999975E-05  3.39616876E-03  1.79636478E+00
  5.00000000E+00  2.39000000E-01  8.56427768E-01 -9.11675158E-02 -5.37028747E-02  9.99999975E-05  3.39040215E-03  1.80674537E+00
  5.00000000E+00  2.42000000E-01  8.57006936E-01 -9.11065472E-02 -5.36973950E-02  9.99999975E-05  3.38480753E-03  1.81707818E+00
  5.00000000E+00  2.45000000E-01  8.57581256E-01 -9.10454270E-02 -5.36919133E-02  9.99999975E-05  3.37937595E-03  1.82736526E+00
  5.00000000E+00  2.48000000E-01  8.58150849E-01 -9.09841604E-02 -5.36864297E-02  9.99999975E-05  3.37409893E-03  1.83760859E+00
  5.00000000E+00  2.51000000E-01  8.58715833E-01 -9.09227523E-02 -5.36809439E-02  9.99999975E-05  3.36896842E-03  1.84781008E+00
  5.00000000E+00  2.54000000E-01  8.59276319E-01 -9.08612074E-02 -5.36754561E-02  9.99999975E-05  3.36397679E-03  1.85797155E+00
  5.00000000E+00  2.57000000E-01  8.59832418E-01 -9.07995301E-02 -5.36699663E-02  9.99999975E-05  3.35911683E-03  1.86809477E+00
  5.00000000E+00  2.60000000E-01  8.60384233E-01 -9.07377249E-02 -5.36644743E-02  9.99999975E-05  3.35438168E-03  1.87818142E+00
  5.00000000E+00  2.63000000E-01  8.60931867E-01 -9.06757959E-02 -5.36589801E-02  9.99999975E-05  3.34976486E-03  1.88823314E+00
  5.00000000E+00  2.66000000E-01  8.61475415E-01 -9.06137472E-02 -5.36534839E-02  9.99999975E-05  3.34526021E-03  1.89825147E+00
  5.00000000E+00  2.69000000E-01  8.62014974E-01 -9.05515825E-02 -5.36479855E-02  9.99999975E-05  3.34086190E-03  1.90823793E+00
  5.00000000E+00  2.72000000E-01  8.62550632E-01 -9.04893057E-02 -5.36424849E-02  9.99999975E-05  3.33656442E-03  1.91819394E+00
  5.00000000E+00  2.75000000E-01  8.63082478E-01 -9.04269204E-02 -5.36369821E-02  9.99999975E-05  3.33236251E-03  1.92812088E+00
  5.00000000E+00  2.78000000E-01  8.63610596E-01 -9.03644301E-02 -5.36314772E-02  9.99999975E-05  3.32825123E-03  1.93802006E+00
  5.00000000E+00  2.81000000E-01  8.64135068E-01 -9.03018381E-02 -5.36259700E-02  9.99999975E-05  3.32422586E-03  1.94789276E+00
  5.00000000E+00  2.84000000E-01  8.64655972E-01 -9.02391477E-02 -5.36204607E-02  9.99999975E-05  3.32028195E-03  1.95774018E+00
  5.00000000E+00  2.87000000E-01  8.65173384E-01 -9.01763619E-02 -5.36149491E-02  9.99999975E-05  3.31641527E-03  1.96756348E+00
  5.00000000E+00  2.90000000E-01  8.65687377E-01 -9.01134840E-02 -5.36094354E-02  9.99999975E-05  3.31262181E-03  1.97736378E+00
  5.00000000E+00  2.93000000E-01  8.66198022E-01 -9.00505167E-02 -5.36039194E-02  9.99999975E-05  3.30889779E-03  1.98714212E+00
  5.00000000E+00  2.96000000E-01  8.66705387E-01 -8.99874629E-02 -5.35984012E-02  9.99999975E-05  3.30523959E-03  1.99689953E+00
  5.00000000E+00  2.99000000E-01  8.67209539E-01 -8.99243254E-02 -5.35928808E-02  9.99999975E-05  3.30164381E-03  2.00663698E+00
  5.00000000E+00  3.02000000E-01  8.67710540E-01 -8.98611068E-02 -5.35873582E-02  9.99999975E-05  3.29810722E-03  2.01635540E+00
  5.00000000E+00  3.05000000E-01  8.68208453E-01 -8.97978097E-02 -5.35818334E-02  9.99999975E-05  3.29462675E-03  2.02605567E+00
  5.00000000E+00  3.08000000E-01  8.68703336E-01 -8.97344366E-02 -5.35763064E-02  9.99999975E-05  3.29119949E-03  2.03573866E+00
  5.00000000E+00  3.11000000E-01  8.69195248E-01 -8.96709899E-02 -5.35707772E-02  9.99999975E-05  3.28782269E-03  2.04540517E+00
  5.00000000E+00  3.14000000E-01  8.69684244E-01 -8.96074720E-02 -5.35652458E-02  9.99999975E-05  3.28449374E-03  2.05505598E+00
  5.00000000E+00  3.17000000E-01  8.70170378E-01 -8.95438851E-02 -5.35597122E-02  9.99999975E-05  3.28121016E-03  2.06469183E+00
  5.00000000E+00  3.20000000E-01  8.70653701E-01 -8.94802316E-02 -5.35541765E-02  9.99999975E-05  3.27796961E-03  2.07431343E+00
  5.00000000E+00  3.23000000E-01  8.71134264E-01 -8.94165134E-02 -5.35486386E-02  9.99999975E-05  3.27476985E-03  2.08392146E+00
  5.00000000E+00  3.26000000E-01  8.71612116E-01 -8.93527328E-02 -5.35430985E-02  9.99999975E-05  3.27160878E-03  2.09351658E+00
  5.00000000E+00  3.29000000E-01  8.72087303E-01 -8.92888917E-02 -5.35375564E-02  9.99999975E-05  3.26848440E-03  2.10309939E+00
  5.00000000E+00  3.32000000E-01  8.72559871E-01 -8.92249922E-02 -5.35320121E-02  9.99999975E-05  3.26539480E-03  2.11267048E+00
  5.00000000E+00  3.35000000E-01  8.73029864E-01 -8.91610361E-02 -5.35264655E-02  9.99999975E-05  3.26233818E-03  2.12223043E+00
  5.00000000E+00  3.38000000E-01  8.73497326E-01 -8.90970254E-02 -5.35209169E-02  9.99999975E-05  3.25931284E-03  2.13177978E+00
  5.00000000E+00  3.41000000E-01  8.73962297E-01 -8.90329618E-02 -5.35153663E-02  9.99999975E-05  3.25631715E-03  2.14131904E+00
  5.00000000E+00  3.44000000E-01  8.74424817E-01 -8.89688472E-02 -5.35098135E-02  9.99999975E-05  3.25334958E-03  2.15084871E+00
  5.00000000E+00  3.47000000E-01  8.74884926E-01 -8.89046833E-02 -5.35042588E-02  9.99999975E-05  3.25040867E-03  2.16036926E+00
  5.00000000E+00  3.50000000E-01  8.75342661E-01 -8.88404717E-02 -5.34987019E-02  9.99999975E-05  3.24749305E-03  2.16988113E+00
  5.00000000E+00  3.53000000E-01  8.75798058E-01 -8.87762142E-02 -5.34931431E-02  9.99999975E-05  3.24460139E-03  2.17938476E+00
  5.00000000E+00  3.56000000E-01  8.76251153E-01 -8.87119123E-02 -5.34875822E-02  9.99999975E-05  3.24173247E-03  2.18888056E+00
  5.00000000E+00  3.59000000E-01  8.76701980E-01 -8.86475677E-02 -5.34820193E-02  9.99999975E-05  3.23888510E-03  2.19836892E+00
  5.00000000E+00  3.62000000E-01  8.77150574E-01 -8.85831818E-02 -5.34764544E-02  9.99999975E-05  3.23605815E-03  2.20785022E+00
  5.00000000E+00  3.65000000E-01  8.77596965E-01 -8.85187562E-02 -5.34708875E-02  9.99999975E-05  3.23325057E-03  2.21732481E+00
  5.00000000E+00  3.68000000E-01  8.78041185E-01 -8.84542923E-02 -5.34653187E-02  9.99999975E-05  3.23046134E-03  2.22679304E+00
  5.00000000E+00  3.71000000E-01  8.78483266E-01 -8.83897916E-02 -5.34597479E-02  9.99999975E-05  3.22768951E-03  2.23625525E+00
  5.00000000E+00  3.74000000E-01  8.78923236E-01 -8.83252555E-02 -5.34541752E-02  9.99999975E-05  3.22493417E-03  2.24571173E+00
  5.00000000E+00  3.77000000E-01  8.79361125E-01 -8.82606853E-02 -5.34486006E-02  9.99999975E-05  3.22219445E-03  2.25516280E+00
  5.00000000E+00  3.80000000E-01  8.79796960E-01 -8.81960825E-02 -5.34430242E-02  9.99999975E-05  3.21946955E-03  2.26460873E+00
  5.00000000E+00  3.83000000E-01  8.80230769E-01 -8.81314483E-02 -5.34374458E-02  9.99999975E-05  3.21675867E-03  2.27404981E+00
  5.00000000E+00  3.86000000E-01  8.80662578E-01 -8.80667840E-02 -5.34318657E-02  9.99999975E-05  3.21406110E-03  2.28348629E+00
  5.00000000E+00  3.89000000E-01  8.81092413E-01 -8.80020909E-02 -5.34262837E-02  9.99999975E-05  3.21137612E-03  2.29291844E+00
  5.00000000E+00  3.92000000E-01  8.81520300E-01 -8.79373703E-02 -5.34206999E-02  9.99999975E-05  3.20870308E-03  2.30234647E+00
  5.00000000E+00  3.95000000E-01  8.81946261E-01 -8.78726233E-02 -5.34151143E-02  9.99999975E-05  3.20604134E-03  2.31177064E+00
  5.00000000E+00  3.98000000E-01  8.82370322E-01 -8.78078511E-02 -5.34095270E-02  9.99999975E-05  3.20339032E-03  2.32119115E+00
  5.00000000E+00  4.01000000E-01  8.82792505E-01 -8.77430550E-02 -5.34039379E-02  9.99999975E-05  3.20074943E-03  2.33060821E+00
  5.00000000E+00  4.04000000E-01  8.83212834E-01 -8.76782360E-02 -5.33983471E-02  9.99999975E-05  3.19811814E-03  2.34002204E+00
  5.00000000E+00  4.07000000E-01  8.83631329E-01 -8.76133954E-02 -5.33927547E-02  9.99999975E-05  3.19549595E-03  2.34943282E+00
  5.00000000E+00  4.10000000E-01  8.84048012E-01 -8.75485342E-02 -5.33871605E-02  9.99999975E-05  3.19288236E-03  2.35884073E+00
  5.00000000E+00  4.13000000E-01  8.84462904E-01 -8.74836534E-02 -5.33815647E-02  9.99999975E-05  3.19027692E-03  2.36824596E+00
  5.00000000E+00  4.16000000E-01  8.84876026E-01 -8.74187542E-02 -5.33759673E-02  9.99999975E-05  3.18767919E-03  2.37764867E+00
  5.00000000E+00  4.19000000E-01  8.85287398E-01 -8.73538377E-02 -5.33703683E-02  9.99999975E-05  3.18508874E-03  2.38704903E+00
  5.00000000E+00  4.22000000E-01  8.85697038E-01 -8.72889048E-02 -5.33647677E-02  9.99999975E-05  3.18250520E-03  2.39644719E+00
  5.00000000E+00  4.25000000E-01  8.86104966E-01 -8.72239565E-02 -5.33591655E-02  9.99999975E-05  3.17992817E-03  2.40584331E+00
  5.00000000E+00  4.28000000E-01  8.86511200E-01 -8.71589939E-02 -5.33535617E-02  9.99999975E-05  3.17735732E-03  2.41523752E+00
  5.00000000E+00  4.31000000E-01  8.86915758E-01 -8.70940180E-02 -5.33479564E-02  9.99999975E-05  3.17479229E-03  2.42462996E+00
  5.00000000E+00  4.34000000E-01  8.87318658E-01 -8.70290296E-02 -5.33423496E-02  9.99999975E-05  3.17223276E-03  2.43402078E+00
  5.00000000E+00  4.37000000E-01  8.87719917E-01 -8.69640298E-02 -5.33367414E-02  9.99999975E-05  3.16967844E-03  2.44341009E+00
  5.00000000E+00  4.40000000E-01  8.88119552E-01 -8.68990195E-02 -5.33311316E-02  9.99999975E-05  3.16712903E-03  2.45279801E+00
  5.00000000E+00  4.43000000E-01  8.88517580E-01 -8.68339996E-02 -5.33255205E-02  9.99999975E-05  3.16458425E-03  2.46218467E+00
  5.00000000E+00  4.46000000E-01  8.88914016E-01 -8.67689710E-02 -5.33199079E-02  9.99999975E-05  3.16204385E-03  2.47157018E+00
  5.00000000E+00  4.49000000E-01  8.89308876E-01 -8.67039345E-02 -5.33142939E-02  9.99999975E-05  3.15950758E-03  2.48095464E+00
  5.00000000E+00  4.52000000E-01  8.89702176E-01 -8.66388912E-02 -5.33086785E-02  9.99999975E-05  3.15697520E-03  2.49033816E+00
  5.00000000E+00  4.55000000E-01  8.90093930E-01 -8.65738417E-02 -5.33030618E-02  9.99999975E-05  3.15444649E-03  2.49972085E+00
  5.00000000E+00  4.58000000E-01  8.90484154E-01 -8.65087871E-02 -5.32974438E-02  9.99999975E-05  3.15192123E-03  2.50910279E+00
  5.00000000E+00  4.61000000E-01  8.90872862E-01 -8.64437280E-02 -5.32918244E-02  9.99999975E-05  3.14939923E-03  2.51848408E+00
  5.00000000E+00  4.64000000E-01  8.91260069E-01 -8.63786654E-02 -5.32862038E-02  9.99999975E-05  3.14688030E-03  2.52786481E+00
  5.00000000E+00  4.67000000E-01  8.91645787E-01 -8.63136000E-02 -5.32805820E-02  9.99999975E-05  3.14436425E-03  2.53724507E+00
  5.00000000E+00  4.70000000E-01  8.92030031E-01 -8.62485327E-02 -5.32749589E-02  9.99999975E-05  3.14185091E-03  2.54662494E+00
  5.00000000E+00  4.73000000E-01  8.92412814E-01 -8.61834641E-02 -5.32693346E-02  9.99999975E-05  3.13934012E-03  2.55600449E+00
  5.00000000E+00  4.76000000E-01  8.92794148E-01 -8.61183952E-02 -5.32637091E-02  9.99999975E-05  3.13683172E-03  2.56538382E+00
  5.00000000E+00  4.79000000E-01  8.93174048E-01 -8.60533266E-02 -5.32580824E-02  9.99999975E-05  3.13432557E-03  2.57476299E+00
  5.00000000E+00  4.82000000E-01  8.93552526E-01 -8.59882591E-02 -5.32524546E-02  9.99999975E-05  3.13182153E-03  2.58414207E+00
  5.00000000E+00  4.85000000E-01  8.93929593E-01 -8.59231935E-02 -5.32468257E-02  9.99999975E-05  3.12931946E-03  2.59352114E+00
  5.00000000E+00  4.88000000E-01  8.94305262E-01 -8.58581304E-02 -5.32411956E-02  9.99999975E-05  3.12681923E-03  2.60290026E+00
  5.00000000E+00  4.91000000E-01  8.94679544E-01 -8.57930706E-02 -5.32355645E-02  9.99999975E-05  3.12432073E-03  2.61227950E+00
  5.00000000E+00  4.94000000E-01  8.95052453E-01 -8.57280149E-02 -5.32299323E-02  9.99999975E-05  3.12182384E-03  2.62165893E+00
  5.00000000E+00  4.97000000E-01  8.95423998E-01 -8.56629638E-02 -5.32242990E-02  9.99999975E-05  3.11932845E-03  2.63103859E+00
  5.00000000E+00  5.00000000E-01  8.95794192E-01 -8.55979182E-02 -5.32186646E-02  9.99999975E-05  3.11683444E-03  2.64041857E+00
  5.00000000E+00  5.03000000E-01  8.96163045E-01 -8.55328785E-02 -5.32130293E-02  9.99999975E-05  3.11434175E-03  2.64979890E+00
  5.00000000E+00  5.06000000E-01  8.96530568E-01 -8.54678456E-02 -5.32073930E-02  9.99999975E-05  3.11185027E-03  2.65917964E+00
  5.00000000E+00  5.09000000E-01  8.96896772E-01 -8.54028201E-02 -5.32017558E-02  9.99999975E-05  3.10935991E-03  2.66856086E+00
  5.00000000E+00  5.12000000E-01  8.97261668E-01 -8.53378027E-02 -5.31961177E-02  9.99999975E-05  3.10687059E-03  2.67794260E+00
  5.00000000E+00  5.15000000E-01  8.97625266E-01 -8.52727939E-02 -5.31904786E-02  9.99999975E-05  3.10438222E-03  2.68732492E+00
  5.00000000E+00  5.18000000E-01  8.97987575E-01 -8.52077945E-02 -5.31848387E-02  9.99999975E-05  3.10189474E-03  2.69670786E+00
  5.00000000E+00  5.21000000E-01  8.98348607E-01 -8.51428050E-02 -5.31791979E-02  9.99999975E-05  3.09940808E-03  2.70609148E+00
  5.00000000E+00  5.24000000E-01  8.98708370E-01 -8.50778260E-02 -5.31735562E-02  9.99999975E-05  3.09692216E-03  2.71547581E+00
  5.00000000E+00  5.27000000E-01  8.99066876E-01 -8.50128582E-02 -5.31679137E-02  9.99999975E-05  3.09443692E-03  2.72486091E+00
  5.00000000E+00  5.30000000E-01  8.99424132E-01 -8.49479022E-02 -5.31622704E-02  9.99999975E-05  3.09195231E-03  2.73424682E+00
  5.00000000E+00  5.33000000E-01  8.99780148E-01 -8.48829585E-02 -5.31566263E-02  9.99999975E-05  3.08946826E-03  2.74363358E+00
  5.00000000E+00  5.36000000E-01  9.00134935E-01 -8.48180277E-02 -5.31509814E-02  9.99999975E-05  3.08698472E-03  2.75302124E+00
  5.00000000E+00  5.39000000E-01  9.00488500E-01 -8.47531104E-02 -5.31453358E-02  9.99999975E-05  3.08450164E-03  2.76240984E+00
  5.00000000E+00  5.42000000E-01  9.00840854E-01 -8.46882072E-02 -5.31396895E-02  9.99999975E-05  3.08201897E-03  2.77179942E+00
  5.00000000E+00  5.45000000E-01  9.01192004E-01 -8.46233187E-02 -5.31340424E-02  9.99999975E-05  3.07953666E-03  2.78119001E+00
  5.00000000E+00  5.48000000E-01  9.01541959E-01 -8.45584452E-02 -5.31283947E-02  9.99999975E-05  3.07705468E-03  2.79058166E+00
  5.00000000E+00  5.51000000E-01  9.01890729E-01 -8.44935875E-02 -5.31227463E-02  9.99999975E-05  3.07457296E-03  2.79997441E+00
  5.00000000E+00  5.54000000E-01  9.02238321E-01 -8.44287461E-02 -5.31170972E-02  9.99999975E-05  3.07209149E-03  2.80936828E+00
  5.00000000E+00  5.57000000E-01  9.02584744E-01 -8.43639214E-02 -5.31114476E-02  9.99999975E-05  3.06961022E-03  2.81876333E+00
  5.00000000E+00  5.60000000E-01  9.02930006E-01 -8.42991140E-02 -5.31057973E-02  9.99999975E-05  3.06712911E-03  2.82815958E+00
  5.00000000E+00  5.63000000E-01  9.03274115E-01 -8.42343244E-02 -5.31001464E-02  9.99999975E-05  3.06464813E-03  2.83755706E+00
  5.00000000E+00  5.66000000E-01  9.03617080E-01 -8.41695532E-02 -5.30944950E-02  9.99999975E-05  3.06216725E-03  2.84695582E+00
  5.00000000E+00  5.69000000E-01  9.03958908E-01 -8.41048007E-02 -5.30888431E-02  9.99999975E-05  3.05968644E-03  2.85635588E+00
  5.00000000E+00  5.72000000E-01  9.04299607E-01 -8.40400676E-02 -5.30831906E-02  9.99999975E-05  3.05720567E-03  2.86575728E+00
  5.00000000E+00  5.75000000E-01  9.04639185E-01 -8.39753542E-02 -5.30775376E-02  9.99999975E-05  3.05472492E-03  2.87516006E+00
  5.00000000E+00  5.78000000E-01  9.04977648E-01 -8.39106611E-02 -5.30718841E-02  9.99999975E-05  3.05224416E-03  2.88456423E+00
  5.00000000E+00  5.81000000E-01  9.05315006E-01 -8.38459888E-02 -5.30662301E-02  9.99999975E-05  3.04976336E-03  2.89396984E+00
  5.00000000E+00  5.84000000E-01  9.05651265E-01 -8.37813377E-02 -5.30605757E-02  9.99999975E-05  3.04728251E-03  2.90337692E+00
  5.00000000E+00  5.87000000E-01  9.05986432E-01 -8.37167082E-02 -5.30549209E-02  9.99999975E-05  3.04480158E-03  2.91278549E+00
  5.00000000E+00  5.90000000E-01  9.06320516E-01 -8.36521009E-02 -5.30492657E-02  9.99999975E-05  3.04232055E-03  2.92219558E+00
  5.00000000E+00  5.93000000E-01  9.06653522E-01 -8.35875161E-02 -5.30436101E-02  9.99999975E-05  3.03983941E-03  2.93160723E+00
  5.00000000E+00  5.96000000E-01  9.06985458E-01 -8.35229543E-02 -5.30379541E-02  9.99999975E-05  3.03735813E-03  2.94102047E+00
  5.00000000E+00  5.99000000E-01  9.07316330E-01 -8.34584160E-02 -5.30322977E-02  9.99999975E-05  3.03487670E-03  2.95043531E+00
  5.00000000E+00  6.02000000E-01  9.07646147E-01 -8.33939016E-02 -5.30266410E-02  9.99999975E-05  3.03239511E-03  2.95985179E+00
  5.00000000E+00  6.05000000E-01  9.07974914E-01 -8.33294114E-02 -5.30209840E-02  9.99999975E-05  3.02991334E-03  2.96926994E+00
  5.00000000E+00  6.08000000E-01  9.08302638E-01 -8.32649460E-02 -5.30153267E-02  9.99999975E-05  3.02743137E-03  2.97868979E+00
  5.00000000E+00  6.11000000E-01  9.08629326E-01 -8.32005057E-02 -5.30096691E-02  9.99999975E-05  3.02494919E-03  2.98811136E+00
  5.00000000E+00  6.14000000E-01  9.08954985E-01 -8.31360909E-02 -5.30040113E-02  9.99999975E-05  3.02246680E-03  2.99753468E+00
  5.00000000E+00  6.17000000E-01  9.09279620E-01 -8.30717021E-02 -5.29983532E-02  9.99999975E-05  3.01998417E-03  3.00695977E+00
  5.00000000E+00  6.20000000E-01  9.09603239E-01 -8.30073396E-02 -5.29926949E-02  9.99999975E-05  3.01750130E-03  3.01638667E+00
  5.00000000E+00  6.23000000E-01  9.09925847E-01 -8.29430038E-02 -5.29870364E-02  9.99999975E-05  3.01501819E-03  3.02581539E+00
  5.00000000E+00  6.26000000E-01  9.10247451E-01 -8.28786951E-02 -5.29813776E-02  9.99999975E-05  3.01253481E-03  3.03524597E+00
  5.00000000E+00  6.29000000E-01  9.10568058E-01 -8.28144138E-02 -5.29757188E-02  9.99999975E-05  3.01005116E-03  3.04467843E+00
  5.00000000E+00  6.32000000E-01  9.10887672E-01 -8.27501605E-02 -5.29700597E-02  9.99999975E-05  3.00756723E-03  3.05411279E+00
  5.00000000E+00  6.35000000E-01  9.11206301E-01 -8.26859353E-02 -5.29644005E-02  9.99999975E-05  3.00508302E-03  3.06354908E+00
  5.00000000E+00  6.38000000E-01  9.11523950E-01 -8.26217387E-02 -5.29587412E-02  9.99999975E-05  3.00259852E-03  3.07298733E+00
  5.00000000E+00  6.41000000E-01  9.11840625E-01 -8.25575711E-02 -5.29530818E-02  9.99999975E-05  3.00011372E-03  3.08242756E+00
  5.00000000E+00  6.44000000E-01  9.12156332E-01 -8.24934328E-02 -5.29474224E-02  9.99999975E-05  2.99762862E-03  3.09186979E+00
  5.00000000E+00  6.47000000E-01  9.12471077E-01 -8.24293241E-02 -5.29417628E-02  9.99999975E-05  2.99514321E-03  3.10131404E+00
  5.00000000E+00  6.50000000E-01  9.12784866E-01 -8.23652454E-02 -5.29361032E-02  9.99999975E-05  2.99265748E-03  3.11076036E+00
  5.00000000E+00  6.53000000E-01  9.13097704E-01 -8.23011970E-02 -5.29304435E-02  9.99999975E-05  2.99017144E-03  3.12020874E+00
  5.00000000E+00  6.56000000E-01  9.13409597E-01 -8.22371792E-02 -5.29247839E-02  9.99999975E-05  2.98768507E-03  3.12965923E+00
  5.00000000E+00  6.59000000E-01  9.13720550E-01 -8.21731925E-02 -5.29191242E-02  9.99999975E-05  2.98519838E-03  3.13911184E+00
  5.00000000E+00  6.62000000E-01  9.14030569E-01 -8.21092371E-02 -5.29134645E-02  9.99999975E-05  2.98271135E-03  3.14856660E+00
  5.00000000E+00  6.65000000E-01  9.14339660E-01 -8.20453133E-02 -5.29078049E-02  9.99999975E-05  2.98022399E-03  3.15802352E+00
  5.00000000E+00  6.68000000E-01  9.14647827E-01 -8.19814214E-02 -5.29021453E-02  9.99999975E-05  2.97773630E-03  3.16748265E+00
  5.00000000E+00  6.71000000E-01  9.14955076E-01 -8.19175618E-02 -5.28964858E-02  9.99999975E-05  2.97524827E-03  3.17694399E+00
  5.00000000E+00  6.74000000E-01  9.15261413E-01 -8.18537347E-02 -5.28908264E-02  9.99999975E-05  2.97275989E-03  3.18640756E+00
  5.00000000E+00  6.77000000E-01  9.15566843E-01 -8.17899406E-02 -5.28851671E-02  9.99999975E-05  2.97027118E-03  3.19587341E+00
  5.00000000E+00  6.80000000E-01  9.15871370E-01 -8.17261795E-02 -5.28795079E-02  9.99999975E-05  2.96778212E-03  3.20534153E+00
  5.00000000E+00  6.83000000E-01  9.16175000E-01 -8.16624520E-02 -5.28738488E-02  9.99999975E-05  2.96529272E-03  3.21481197E+00
  5.00000000E+00  6.86000000E-01  9.16477738E-01 -8.15987582E-02 -5.28681898E-02  9.99999975E-05  2.96280297E-03  3.22428473E+00
  5.00000000E+00  6.89000000E-01  9.16779590E-01 -8.15350984E-02 -5.28625310E-02  9.99999975E-05  2.96031288E-03  3.23375985E+00
  5.00000000E+00  6.92000000E-01  9.17080559E-01 -8.14714729E-02 -5.28568724E-02  9.99999975E-05  2.95782244E-03  3.24323735E+00
  5.00000000E+00  6.95000000E-01  9.17380652E-01 -8.14078820E-02 -5.28512140E-02  9.99999975E-05  2.95533166E-03  3.25271724E+00
  5.00000000E+00  6.98000000E-01  9.17679872E-01 -8.13443260E-02 -5.28455558E-02  9.99999975E-05  2.95284052E-03  3.26219955E+00
  5.00000000E+00  7.01000000E-01  9.17978225E-01 -8.12808051E-02 -5.28398978E-02  9.99999975E-05  2.95034904E-03  3.27168431E+00
  5.00000000E+00  7.04000000E-01  9.18275715E-01 -8.12173196E-02 -5.28342401E-02  9.99999975E-05  2.94785722E-03  3.28117153E+00
  5.00000000E+00  7.07000000E-01  9.18572348E-01 -8.11538697E-02 -5.28285826E-02  9.99999975E-05  2.94536505E-03  3.29066123E+00
  5.00000000E+00  7.10000000E-01  9.18868128E-01 -8.10904558E-02 -5.28229254E-02  9.99999975E-05  2.94287254E-03  3.30015345E+00
  5.00000000E+00  7.13000000E-01  9.19163059E-01 -8.10270780E-02 -5.28172684E-02  9.99999975E-05  2.94037968E-03  3.30964819E+00
  5.00000000E+00  7.16000000E-01  9.19457146E-01 -8.09637366E-02 -5.28116118E-02  9.99999975E-05  2.93788648E-03  3.31914549E+00
  5.00000000E+00  7.19000000E-01  9.19750395E-01 -8.09004319E-02 -5.28059555E-02  9.99999975E-05  2.93539294E-03  3.32864536E+00
  5.00000000E+00  7.22000000E-01  9.20042809E-01 -8.08371641E-02 -5.28002995E-02  9.99999975E-05  2.93289906E-03  3.33814782E+00
  5.00000000E+00  7.25000000E-01  9.20334392E-01 -8.07739335E-02 -5.27946438E-02  9.99999975E-05  2.93040484E-03  3.34765291E+00
  5.00000000E+00  7.28000000E-01  9.20625150E-01 -8.07107402E-02 -5.27889885E-02  9.99999975E-05  2.92791028E-03  3.35716063E+00
  5.00000000E+00  7.31000000E-01  9.20915087E-01 -8.06475846E-02 -5.27833336E-02  9.99999975E-05  2.92541538E-03  3.36667101E+00
  5.00000000E+00  7.34000000E-01  9.21204207E-01 -8.05844668E-02 -5.27776790E-02  9.99999975E-05  2.92292015E-03  3.37618407E+00
  5.00000000E+00  7.37000000E-01  9.21492514E-01 -8.05213870E-02 -5.27720248E-02  9.99999975E-05  2.92042459E-03  3.38569984E+00
  5.00000000E+00  7.40000000E-01  9.21780013E-01 -8.04583456E-02 -5.27663711E-02  9.99999975E-05  2.91792869E-03  3.39521833E+00
  5.00000000E+00  7.43000000E-01  9.22066708E-01 -8.03953426E-02 -5.27607178E-02  9.99999975E-05  2.91543247E-03  3.40473957E+00
  5.00000000E+00  7.46000000E-01  9.22352604E-01 -8.03323784E-02 -5.27550650E-02  9.99999975E-05  2.91293592E-03  3.41426358E+00
  5.00000000E+00  7.49000000E-01  9.22637703E-01 -8.02694531E-02 -5.27494126E-02  9.99999975E-05  2.91043905E-03  3.42379038E+00
  5.00000000E+00  7.52000000E-01  9.22922012E-01 -8.02065669E-02 -5.27437607E-02  9.99999975E-05  2.90794185E-03  3.43331999E+00
  5.00000000E+00  7.55000000E-01  9.23205533E-01 -8.01437201E-02 -5.27381092E-02  9.99999975E-05  2.90544434E-03  3.44285243E+00
  5.00000000E+00  7.58000000E-01  9.23488271E-01 -8.00809128E-02 -5.27324583E-02  9.99999975E-05  2.90294651E-03  3.45238772E+00
  5.00000000E+00  7.61000000E-01  9.23770229E-01 -8.00181453E-02 -5.27268078E-02  9.99999975E-05  2.90044837E-03  3.46192589E+00
  5.00000000E+00  7.64000000E-01  9.24051413E-01 -7.99554177E-02 -5.27211579E-02  9.99999975E-05  2.89794991E-03  3.47146695E+00
  5.00000000E+00  7.67000000E-01  9.24331825E-01 -7.98927303E-02 -5.27155086E-02  9.99999975E-05  2.89545115E-03  3.48101093E+00
  5.00000000E+00  7.70000000E-01  9.24611470E-01 -7.98300831E-02 -5.27098598E-02  9.99999975E-05  2.89295208E-03  3.49055785E+00
  5.00000000E+00  7.73000000E-01  9.24890352E-01 -7.97674765E-02 -5.27042115E-02  9.99999975E-05  2.89045271E-03  3.50010773E+00
  5.00000000E+00  7.76000000E-01  9.25168475E-01 -7.97049106E-02 -5.26985638E-02  9.99999975E-05  2.88795303E-03  3.50966059E+00
  5.00000000E+00  7.79000000E-01  9.25445841E-01 -7.96423856E-02 -5.26929168E-02  9.99999975E-05  2.88545306E-03  3.51921645E+00
  5.00000000E+00  7.82000000E-01  9.25722456E-01 -7.95799017E-02 -5.26872703E-02  9.99999975E-05  2.88295280E-03  3.52877533E+00
  5.00000000E+00  7.85000000E-01  9.25998323E-01 -7.95174589E-02 -5.26816244E-02  9.99999975E-05  2.88045225E-03  3.53833726E+00
  5.00000000E+00  7.88000000E-01  9.26273446E-01 -7.94550576E-02 -5.26759792E-02  9.99999975E-05  2.87795140E-03  3.54790225E+00
  5.00000000E+00  7.91000000E-01  9.26547828E-01 -7.93926978E-02 -5.26703347E-02  9.99999975E-05  2.87545028E-03  3.55747033E+00
  5.00000000E+00  7.94000000E-01  9.26821474E-01 -7.93303798E-02 -5.26646908E-02  9.99999975E-05  2.87294887E-03  3.56704152E+00
  5.00000000E+00  7.97000000E-01  9.27094386E-01 -7.92681037E-02 -5.26590475E-02  9.99999975E-05  2.87044718E-03  3.57661583E+00
  5.00000000E+00  8.00000000E-01  9.27366568E-01 -7.92058697E-02 -5.26534050E-02  9.99999975E-05  2.86794522E-03  3.58619330E+00
  5.00000000E+00  8.03000000E-01  9.27638025E-01 -7.91436779E-02 -5.26477631E-02  9.99999975E-05  2.86544299E-03  3.59577394E+00
  5.00000000E+00  8.06000000E-01  9.27908759E-01 -7.90815285E-02 -5.26421220E-02  9.99999975E-05  2.86294049E-03  3.60535776E+00
  5.00000000E+00  8.09000000E-01  9.28178775E-01 -7.90194216E-02 -5.26364815E-02  9.99999975E-05  2.86043772E-03  3.61494480E+00
  5.00000000E+00  8.12000000E-01  9.28448075E-01 -7.89573575E-02 -5.26308419E-02  9.99999975E-05  2.85793469E-03  3.62453508E+00
  5.00000000E+00  8.15000000E-01  9.28716663E-01 -7.88953361E-02 -5.26252029E-02  9.99999975E-05  2.85543141E-03  3.63412861E+00
  5.00000000E+00  8.18000000E-01  9.28984543E-01 -7.88333578E-02 -5.26195647E-02  9.99999975E-05  2.85292787E-03  3.64372541E+00
  5.00000000E+00  8.21000000E-01  9.29251718E-01 -7.87714226E-02 -5.26139273E-02  9.99999975E-05  2.85042408E-03  3.65332551E+00
  5.00000000E+00  8.24000000E-01  9.29518191E-01 -7.87095306E-02 -5.26082907E-02  9.99999975E-05  2.84792004E-03  3.66292893E+00
  5.00000000E+00  8.27000000E-01  9.29783967E-01 -7.86476821E-02 -5.26026548E-02  9.99999975E-05  2.84541576E-03  3.67253569E+00
  5.00000000E+00  8.30000000E-01  9.30049047E-01 -7.85858771E-02 -5.25970198E-02  9.99999975E-05  2.84291123E-03  3.68214581E+00
  5.00000000E+00  8.33000000E-01  9.30313436E-01 -7.85241158E-02 -5.25913856E-02  9.99999975E-05  2.84040648E-03  3.69175932E+00
  5.00000000E+00  8.36000000E-01  9.30577137E-01 -7.84623984E-02 -5.25857522E-02  9.99999975E-05  2.83790149E-03  3.70137622E+00
  5.00000000E+00  8.39000000E-01  9.30840152E-01 -7.84007248E-02 -5.25801196E-02  9.99999975E-05  2.83539627E-03  3.71099655E+00
  5.00000000E+00  8.42000000E-01  9.31102486E-01 -7.83390954E-02 -5.25744880E-02  9.99999975E-05  2.83289082E-03  3.72062032E+00
  5.00000000E+00  8.45000000E-01  9.31364142E-01 -7.82775101E-02 -5.25688571E-02  9.99999975E-05  2.83038515E-03  3.73024755E+00
  5.00000000E+00  8.48000000E-01  9.31625122E-01 -7.82159692E-02 -5.25632272E-02  9.99999975E-05  2.82787927E-03  3.73987828E+00
  5.00000000E+00  8.51000000E-01  9.31885431E-01 -7.81544727E-02 -5.25575981E-02  9.99999975E-05  2.82537317E-03  3.74951251E+00
  5.00000000E+00  8.54000000E-01  9.32145070E-01 -7.80930208E-02 -5.25519700E-02  9.99999975E-05  2.82286686E-03  3.75915026E+00
  5.00000000E+00  8.57000000E-01  9.32404043E-01 -7.80316136E-02 -5.25463427E-02  9.99999975E-05  2.82036034E-03  3.76879157E+00
  5.00000000E+00  8.60000000E-01  9.32662354E-01 -7.79702512E-02 -5.25407164E-02  9.99999975E-05  2.81785362E-03  3.77843645E+00
  5.00000000E+00  8.63000000E-01  9.32920005E-01 -7.79089337E-02 -5.25350910E-02  9.99999975E-05  2.81534670E-03  3.78808492E+00
  5.00000000E+00  8.66000000E-01  9.33177000E-01 -7.78476612E-02 -5.25294666E-02  9.99999975E-05  2.81283959E-03  3.79773701E+00
  5.00000000E+00  8.69000000E-01  9.33433341E-01 -7.77864339E-02 -5.25238431E-02  9.99999975E-05  2.81033228E-03  3.80739272E+00
  5.00000000E+00  8.72000000E-01  9.33689031E-01 -7.77252517E-02 -5.25182205E-02  9.99999975E-05  2.80782479E-03  3.81705210E+00
  5.00000000E+00  8.75000000E-01  9.33944074E-01 -7.76641150E-02 -5.25125990E-02  9.99999975E-05  2.80531711E-03  3.82671514E+00
  5.00000000E+00  8.78000000E-01  9.34198472E-01 -7.76030236E-02 -5.25069785E-02  9.99999975E-05  2.80280926E-03  3.83638189E+00
  5.00000000E+00  8.81000000E-01  9.34452229E-01 -7.75419779E-02 -5.25013589E-02  9.99999975E-05  2.80030123E-03  3.84605235E+00
  5.00000000E+00  8.84000000E-01  9.34705346E-01 -7.74809777E-02 -5.24957404E-02  9.99999975E-05  2.79779302E-03  3.85572656E+00
  5.00000000E+00  8.87000000E-01  9.34957828E-01 -7.74200233E-02 -5.24901228E-02  9.99999975E-05  2.79528465E-03  3.86540452E+00
  5.00000000E+00  8.90000000E-01  9.35209677E-01 -7.73591148E-02 -5.24845064E-02  9.99999975E-05  2.79277611E-03  3.87508626E+00
  5.00000000E+00  8.93000000E-01  9.35460896E-01 -7.72982522E-02 -5.24788909E-02  9.99999975E-05  2.79026742E-03  3.88477181E+00
  5.00000000E+00  8.96000000E-01  9.35711487E-01 -7.72374356E-02 -5.24732765E-02  9.99999975E-05  2.78775856E-03  3.89446118E+00
  5.00000000E+00  8.99000000E-01  9.35961454E-01 -7.71766651E-02 -5.24676632E-02  9.99999975E-05  2.78524956E-03  3.90415440E+00
  5.00000000E+00  9.02000000E-01  9.36210800E-01 -7.71159409E-02 -5.24620510E-02  9.99999975E-05  2.78274041E-03  3.91385148E+00
  5.00000000E+00  9.05000000E-01  9.36459526E-01 -7.70552629E-02 -5.24564398E-02  9.99999975E-05  2.78023111E-03  3.92355244E+00
  5.00000000E+00  9.08000000E-01  9.36707636E-01 -7.69946313E-02 -5.24508298E-02  9.99999975E-05  2.77772167E-03  3.93325732E+00
  5.00000000E+00  9.11000000E-01  9.36955133E-01 -7.69340461E-02 -5.24452208E-02  9.99999975E-05  2.77521210E-03  3.94296613E+00
  5.00000000E+00  9.14000000E-01  9.37202019E-01 -7.68735075E-02 -5.24396130E-02  9.99999975E-05  2.77270239E-03  3.95267888E+00
  5.00000000E+00  9.17000000E-01  9.37448297E-01 -7.68130155E-02 -5.24340063E-02  9.99999975E-05  2.77019256E-03  3.96239561E+00
  5.00000000E+00  9.20000000E-01  9.37693969E-01 -7.67525702E-02 -5.24284007E-02  9.99999975E-05  2.76768260E-03  3.97211633E+00
  5.00000000E+00  9.23000000E-01  9.37939039E-01 -7.66921717E-02 -5.24227963E-02  9.99999975E-05  2.76517252E-03  3.98184107E+00
  5.00000000E+00  9.26000000E-01  9.38183509E-01 -7.66318200E-02 -5.24171930E-02  9.99999975E-05  2.76266232E-03  3.99156984E+00
  5.00000000E+00  9.29000000E-01  9.38427381E-01 -7.65715153E-02 -5.24115909E-02  9.99999975E-05  2.76015201E-03  4.00130266E+00
  5.00000000E+00  9.32000000E-01  9.38670659E-01 -7.65112575E-02 -5.24059900E-02  9.99999975E-05  2.75764160E-03  4.01103957E+00
  5.00000000E+00  9.35000000E-01  9.38913344E-01 -7.64510468E-02 -5.24003902E-02  9.99999975E-05  2.75513107E-03  4.02078057E+00
  5.00000000E+00  9.38000000E-01  9.39155439E-01 -7.63908833E-02 -5.23947917E-02  9.99999975E-05  2.75262045E-03  4.03052570E+00
  5.00000000E+00  9.41000000E-01  9.39396947E-01 -7.63307669E-02 -5.23891944E-02  9.99999975E-05  2.75010974E-03  4.04027496E+00
  5.00000000E+00  9.44000000E-01  9.39637870E-01 -7.62706978E-02 -5.23835982E-02  9.99999975E-05  2.74759893E-03  4.05002839E+00
  5.00000000E+00  9.47000000E-01  9.39878212E-01 -7.62106760E-02 -5.23780033E-02  9.99999975E-05  2.74508803E-03  4.05978600E+00
  5.00000000E+00  9.50000000E-01  9.40117973E-01 -7.61507016E-02 -5.23724097E-02  9.99999975E-05  2.74257705E-03  4.06954782E+00
  5.00000000E+00  9.53000000E-01  9.40357157E-01 -7.60907747E-02 -5.23668172E-02  9.99999975E-05  2.74006599E-03  4.07931386E+00
  5.00000000E+00  9.56000000E-01  9.40595767E-01 -7.60308953E-02 -5.23612261E-02  9.99999975E-05  2.73755485E-03  4.08908415E+00
  5.00000000E+00  9.59000000E-01  9.40833804E-01 -7.59710635E-02 -5.23556362E-02  9.99999975E-05  2.73504364E-03  4.09885871E+00
  5.00000000E+00  9.62000000E-01  9.41071271E-01 -7.59112792E-02 -5.23500475E-02  9.99999975E-05  2.73253236E-03  4.10863756E+00
  5.00000000E+00  9.65000000E-01  9.41308171E-01 -7.58515427E-02 -5.23444602E-02  9.99999975E-05  2.73002102E-03  4.11842072E+00
  5.00000000E+00  9.68000000E-01  9.41544505E-01 -7.57918539E-02 -5.23388741E-02  9.99999975E-05  2.72750962E-03  4.12820822E+00
  5.00000000E+00  9.71000000E-01  9.41780277E-01 -7.57322129E-02 -5.23332893E-02  9.99999975E-05  2.72499817E-03  4.13800007E+00
  5.00000000E+00  9.74000000E-01  9.42015488E-01 -7.56726197E-02 -5.23277059E-02  9.99999975E-05  2.72248666E-03  4.14779629E+00
  5.00000000E+00  9.77000000E-01  9.42250141E-01 -7.56130744E-02 -5.23221238E-02  9.99999975E-05  2.71997511E-03  4.15759691E+00
  5.00000000E+00  9.80000000E-01  9.42484238E-01 -7.55535771E-02 -5.23165430E-02  9.99999975E-05  2.71746351E-03  4.16740195E+00
  5.00000000E+00  9.83000000E-01  9.42717782E-01 -7.54941277E-02 -5.23109635E-02  9.99999975E-05  2.71495188E-03  4.17721143E+00
  5.00000000E+00  9.86000000E-01  9.42950775E-01 -7.54347264E-02 -5.23053854E-02  9.99999975E-05  2.71244020E-03  4.18702537E+00
  5.00000000E+00  9.89000000E-01  9.43183219E-01 -7.53753732E-02 -5.22998087E-02  9.99999975E-05  2.70992850E-03  4.19684380E+00
  5.00000000E+00  9.92000000E-01  9.43415116E-01 -7.53160681E-02 -5.22942333E-02  9.99999975E-05  2.70741677E-03  4.20666673E+00
  5.00000000E+00  9.95000000E-01  9.43646468E-01 -7.52568111E-02 -5.22886593E-02  9.99999975E-05  2.70490502E-03  4.21649418E+00
  5.00000000E+00  9.98000000E-01  9.43877279E-01 -7.51976024E-02 -5.22830866E-02  9.99999975E-05  2.70239325E-03  4.22632618E+00
  5.00000000E+00  1.00100000E+00  9.44107549E-01 -7.51384419E-02 -5.22775154E-02  9.99999975E-05  2.69988147E-03  4.23616275E+00
  5.00000000E+00  1.00400000E+00  9.44337282E-01 -7.50793297E-02 -5.22719455E-02  9.99999975E-05  2.69736967E-03  4.24600390E+00
  5.00000000E+00  1.00700000E+00  9.44566479E-01 -7.50202658E-02 -5.22663770E-02  9.99999975E-05  2.69485787E-03  4.25584967E+00
  5.00000000E+00  1.01000000E+00  9.44795142E-01 -7.49612503E-02 -5.22608100E-02  9.99999975E-05  2.69234607E-03  4.26570007E+00
  5.00000000E+00  1.01300000E+00  9.45023275E-01 -7.49022831E-02 -5.22552444E-02  9.99999975E-05  2.68983427E-03  4.27555513E+00
  5.00000000E+00  1.01600000E+00  9.45250878E-01 -7.48433644E-02 -5.22496802E-02  9.99999975E-05  2.68732247E-03  4.28541486E+00
  5.00000000E+00  1.01900000E+00  9.45477954E-01 -7.47844942E-02 -5.22441174E-02  9.99999975E-05  2.68481069E-03  4.29527929E+00
  5.00000000E+00  1.02200000E+00  9.45704505E-01 -7.47256724E-02 -5.22385561E-02  9.99999975E-05  2.68229892E-03  4.30514844E+00
  5.00000000E+00  1.02500000E+00  9.45930533E-01 -7.46668992E-02 -5.22329963E-02  9.99999975E-05  2.67978717E-03  4.31502232E+00
  5.00000000E+00  1.02800000E+00  9.46156040E-01 -7.46081746E-02 -5.22274379E-02  9.99999975E-05  2.67727544E-03  4.32490097E+00
  5.00000000E+00  1.03100000E+00  9.46381029E-01 -7.45494985E-02 -5.22218810E-02  9.99999975E-05  2.67476373E-03  4.33478440E+00
  5.00000000E+00  1.03400000E+00  9.46605500E-01 -7.44908710E-02 -5.22163256E-02  9.99999975E-05  2.67225206E-03  4.34467264E+00
  5.00000000E+00  1.03700000E+00  9.46829458E-01 -7.44322922E-02 -5.22107717E-02  9.99999975E-05  2.66974043E-03  4.35456570E+00
  5.00000000E+00  1.04000000E+00  9.47052902E-01 -7.43737621E-02 -5.22052193E-02  9.99999975E-05  2.66722883E-03  4.36446362E+00
  5.00000000E+00  1.04300000E+00  9.47275837E-01 -7.43152806E-02 -5.21996684E-02  9.99999975E-05  2.66471728E-03  4.37436640E+00
  5.00000000E+00  1.04600000E+00  9.47498262E-01 -7.42568479E-02 -5.21941190E-02  9.99999975E-05  2.66220577E-03  4.38427407E+00
  5.00000000E+00  1.04900000E+00  9.47720181E-01 -7.41984639E-02 -5.21885711E-02  9.99999975E-05  2.65969432E-03  4.39418665E+00
  5.00000000E+00  1.05200000E+00  9.47941595E-01 -7.41401286E-02 -5.21830247E-02  9.99999975E-05  2.65718292E-03  4.40410417E+00
  5.00000000E+00  1.05500000E+00  9.48162507E-01 -7.40818422E-02 -5.21774799E-02  9.99999975E-05  2.65467158E-03  4.41402665E+00
  5.00000000E+00  1.05800000E+00  9.48382917E-01 -7.40236045E-02 -5.21719367E-02  9.99999975E-05  2.65216031E-03  4.42395410E+00
  5.00000000E+00  1.06100000E+00  9.48602829E-01 -7.39654156E-02 -5.21663950E-02  9.99999975E-05  2.64964910E-03  4.43388655E+00
  5.00000000E+00  1.06400000E+00  9.48822244E-01 -7.39072756E-02 -5.21608548E-02  9.99999975E-05  2.64713797E-03  4.44382402E+00
  5.00000000E+00  1.06700000E+00  9.49041164E-01 -7.38491845E-02 -5.21553162E-02  9.99999975E-05  2.64462691E-03  4.45376654E+00
  5.00000000E+00  1.07000000E+00  9.49259591E-01 -7.37911422E-02 -5.21497792E-02  9.99999975E-05  2.64211593E-03  4.46371412E+00
  5.00000000E+00  1.07300000E+00  9.49477527E-01 -7.37331488E-02 -5.21442438E-02  9.99999975E-05  2.63960504E-03  4.47366678E+00
  5.00000000E+00  1.07600000E+00  9.49694973E-01 -7.36752043E-02 -5.21387100E-02  9.99999975E-05  2.63709424E-03  4.48362455E+00
  5.00000000E+00  1.07900000E+00  9.49911932E-01 -7.36173087E-02 -5.21331777E-02  9.99999975E-05  2.63458353E-03  4.49358746E+00
  5.00000000E+00  1.08200000E+00  9.50128406E-01 -7.35594620E-02 -5.21276471E-02  9.99999975E-05  2.63207292E-03  4.50355551E+00
  5.00000000E+00  1.08500000E+00  9.50344395E-01 -7.35016643E-02 -5.21221181E-02  9.99999975E-05  2.62956241E-03  4.51352874E+00
  5.00000000E+00  1.08800000E+00  9.50559902E-01 -7.34439155E-02 -5.21165907E-02  9.99999975E-05  2.62705200E-03  4.52350716E+00
  5.00000000E+00  1.09100000E+00  9.50774930E-01 -7.33862157E-02 -5.21110649E-02  9.99999975E-05  2.62454171E-03  4.53349079E+00
  5.00000000E+00  1.09400000E+00  9.50989479E-01 -7.33285649E-02 -5.21055408E-02  9.99999975E-05  2.62203153E-03  4.54347967E+00
  5.00000000E+00  1.09700000E+00  9.51203551E-01 -7.32709630E-02 -5.21000183E-02  9.99999975E-05  2.61952147E-03  4.55347380E+00
  5.00000000E+00  1.10000000E+00  9.51417148E-01 -7.32134101E-02 -5.20944975E-02  9.99999975E-05  2.61701153E-03  4.56347322E+00
  5.00000000E+00  1.10300000E+00  9.51630273E-01 -7.31559062E-02 -5.20889783E-02  9.99999975E-05  2.61450171E-03  4.57347794E+00
  5.00000000E+00  1.10600000E+00  9.51842926E-01 -7.30984513E-02 -5.20834608E-02  9.99999975E-05  2.61199203E-03  4.58348798E+00
  5.00000000E+00  1.10900000E+00  9.52055109E-01 -7.30410454E-02 -5.20779449E-02  9.99999975E-05  2.60948248E-03  4.59350338E+00
  5.00000000E+00  1.11200000E+00  9.52266825E-01 -7.29836885E-02 -5.20724308E-02  9.99999975E-05  2.60697308E-03  4.60352414E+00
  5.00000000E+00  1.11500000E+00  9.52478075E-01 -7.29263806E-02 -5.20669183E-02  9.99999975E-05  2.60446381E-03  4.61355029E+00
  5.00000000E+00  1.11800000E+00  9.52688860E-01 -7.28691218E-02 -5.20614075E-02  9.99999975E-05  2.60195469E-03  4.62358185E+00
  5.00000000E+00  1.12100000E+00  9.52899183E-01 -7.28119119E-02 -5.20558984E-02  9.99999975E-05  2.59944573E-03  4.63361885E+00
  5.00000000E+00  1.12400000E+00  9.53109044E-01 -7.27547511E-02 -5.20503910E-02  9.99999975E-05  2.59693692E-03  4.64366131E+00
  5.00000000E+00  1.12700000E+00  9.53318446E-01 -7.26976392E-02 -5.20448854E-02  9.99999975E-05  2.59442827E-03  4.65370924E+00
  5.00000000E+00  1.13000000E+00  9.53527391E-01 -7.26405764E-02 -5.20393814E-02  9.99999975E-05  2.59191979E-03  4.66376267E+00
  5.00000000E+00  1.13300000E+00  9.53735879E-01 -7.25835626E-02 -5.20338792E-02  9.99999975E-05  2.58941147E-03  4.67382163E+00
  5.00000000E+00  1.13600000E+00  9.53943913E-01 -7.25265979E-02 -5.20283788E-02  9.99999975E-05  2.58690332E-03  4.68388613E+00
  5.00000000E+00  1.13900000E+00  9.54151495E-01 -7.24696821E-02 -5.20228800E-02  9.99999975E-05  2.58439536E-03  4.69395619E+00
  5.00000000E+00  1.14200000E+00  9.54358625E-01 -7.24128153E-02 -5.20173831E-02  9.99999975E-05  2.58188757E-03  4.70403184E+00
  5.00000000E+00  1.14500000E+00  9.54565306E-01 -7.23559976E-02 -5.20118878E-02  9.99999975E-05  2.57937997E-03  4.71411310E+00
  5.00000000E+00  1.14800000E+00  9.54771539E-01 -7.22992288E-02 -5.20063944E-02  9.99999975E-05  2.57687256E-03  4.72419999E+00
  5.00000000E+00  1.15100000E+00  9.54977325E-01 -7.22425091E-02 -5.20009027E-02  9.99999975E-05  2.57436534E-03  4.73429254E+00
  5.00000000E+00  1.15400000E+00  9.55182667E-01 -7.21858383E-02 -5.19954128E-02  9.99999975E-05  2.57185832E-03  4.74439076E+00
  5.00000000E+00  1.15700000E+00  9.55387566E-01 -7.21292166E-02 -5.19899246E-02  9.99999975E-05  2.56935150E-03  4.75449468E+00
  5.00000000E+00  1.16000000E+00  9.55592023E-01 -7.20726438E-02 -5.19844383E-02  9.99999975E-05  2.56684489E-03  4.76460432E+00
  5.00000000E+00  1.16300000E+00  9.55796040E-01 -7.20161199E-02 -5.19789537E-02  9.99999975E-05  2.56433849E-03  4.77471969E+00
  5.00000000E+00  1.16600000E+00  9.55999619E-01 -7.19596451E-02 -5.19734709E-02  9.99999975E-05  2.56183231E-03  4.78484084E+00
  5.00000000E+00  1.16900000E+00  9.56202761E-01 -7.19032192E-02 -5.19679900E-02  9.99999975E-05  2.55932634E-03  4.79496776E+00
  5.00000000E+00  1.17200000E+00  9.56405467E-01 -7.18468422E-02 -5.19625108E-02  9.99999975E-05  2.55682060E-03  4.80510050E+00
  5.00000000E+00  1.17500000E+00  9.56607739E-01 -7.17905142E-02 -5.19570335E-02  9.99999975E-05  2.55431508E-03  4.81523906E+00
  5.00000000E+00  1.17800000E+00  9.56809579E-01 -7.17342351E-02 -5.19515580E-02  9.99999975E-05  2.55180979E-03  4.82538347E+00
  5.00000000E+00  1.18100000E+00  9.57010989E-01 -7.16780049E-02 -5.19460843E-02  9.99999975E-05  2.54930475E-03  4.83553376E+00
  5.00000000E+00  1.18400000E+00  9.57211969E-01 -7.16218236E-02 -5.19406125E-02  9.99999975E-05  2.54679994E-03  4.84568994E+00
  5.00000000E+00  1.18700000E+00  9.57412520E-01 -7.15656912E-02 -5.19351425E-02  9.99999975E-05  2.54429537E-03  4.85585204E+00
  5.00000000E+00  1.19000000E+00  9.57612646E-01 -7.15096076E-02 -5.19296744E-02  9.99999975E-05  2.54179106E-03  4.86602008E+00
  5.00000000E+00  1.19300000E+00  9.57812346E-01 -7.14535730E-02 -5.19242081E-02  9.99999975E-05  2.53928699E-03  4.87619408E+00
  5.00000000E+00  1.19600000E+00  9.58011623E-01 -7.13975872E-02 -5.19187436E-02  9.99999975E-05  2.53678319E-03  4.88637406E+00
  5.00000000E+00  1.19900000E+00  9.58210478E-01 -7.13416502E-02 -5.19132811E-02  9.99999975E-05  2.53427964E-03  4.89656005E+00
  5.00000000E+00  1.20200000E+00  9.58408913E-01 -7.12857620E-02 -5.19078204E-02  9.99999975E-05  2.53177636E-03  4.90675206E+00
  5.00000000E+00  1.20500000E+00  9.58606928E-01 -7.12299227E-02 -5.19023616E-02  9.99999975E-05  2.52927335E-03  4.91695013E+00
  5.00000000E+00  1.20800000E+00  9.58804525E-01 -7.11741321E-02 -5.18969047E-02  9.99999975E-05  2.52677062E-03  4.92715426E+00
  5.00000000E+00  1.21100000E+00  9.59001706E-01 -7.11183903E-02 -5.18914496E-02  9.99999975E-05  2.52426816E-03  4.93736449E+00
  5.00000000E+00  1.21400000E+00  9.59198472E-01 -7.10626972E-02 -5.18859965E-02  9.99999975E-05  2.52176598E-03  4.94758084E+00
  5.00000000E+00  1.21700000E+00  9.59394824E-01 -7.10070529E-02 -5.18805453E-02  9.99999975E-05  2.51926410E-03  4.95780332E+00
  5.00000000E+00  1.22000000E+00  9.59590764E-01 -7.09514573E-02 -5.18750961E-02  9.99999975E-05  2.51676250E-03  4.96803196E+00
  5.00000000E+00  1.22300000E+00  9.59786293E-01 -7.08959104E-02 -5.18696487E-02  9.99999975E-05  2.51426120E-03  4.97826679E+00
  5.00000000E+00  1.22600000E+00  9.59981413E-01 -7.08404122E-02 -5.18642032E-02  9.99999975E-05  2.51176019E-03  4.98850781E+00
  5.00000000E+00  1.22900000E+00  9.60176125E-01 -7.07849626E-02 -5.18587596E-02  9.99999975E-05  2.50925949E-03  4.99875507E+00
  5.00000000E+00  1.23200000E+00  9.60370430E-01 -7.07295617E-02 -5.18533180E-02  9.99999975E-05  2.50675910E-03  5.00900857E+00
  5.00000000E+00  1.23500000E+00  9.60564330E-01 -7.06742094E-02 -5.18478783E-02  9.99999975E-05  2.50425903E-03  5.01926834E+00
  5.00000000E+00  1.23800000E+00  9.60757825E-01 -7.06189057E-02 -5.18424405E-02  9.99999975E-05  2.50175926E-03  5.02953441E+00
  5.00000000E+00  1.24100000E+00  9.60950918E-01 -7.05636506E-02 -5.18370047E-02  9.99999975E-05  2.49925982E-03  5.03980679E+00
  5.00000000E+00  1.24400000E+00  9.61143610E-01 -7.05084440E-02 -5.18315709E-02  9.99999975E-05  2.49676071E-03  5.05008551E+00
  5.00000000E+00  1.24700000E+00  9.61335901E-01 -7.04532859E-02 -5.18261391E-02  9.99999975E-05  2.49426192E-03  5.06037058E+00
  5.00000000E+00  1.25000000E+00  9.61527794E-01 -7.03981764E-02 -5.18207092E-02  9.99999975E-05  2.49176347E-03  5.07066204E+00
  5.00000000E+00  1.25300000E+00  9.61719289E-01 -7.03431154E-02 -5.18152813E-02  9.99999975E-05  2.48926535E-03  5.08095990E+00
  5.00000000E+00  1.25600000E+00  9.61910388E-01 -7.02881028E-02 -5.18098553E-02  9.99999975E-05  2.48676758E-03  5.09126418E+00
  5.00000000E+00  1.25900000E+00  9.62101092E-01 -7.02331386E-02 -5.18044313E-02  9.99999975E-05  2.48427015E-03  5.10157492E+00
  5.00000000E+00  1.26200000E+00  9.62291402E-01 -7.01782229E-02 -5.17990094E-02  9.99999975E-05  2.48177308E-03  5.11189212E+00
  5.00000000E+00  1.26500000E+00  9.62481320E-01 -7.01233555E-02 -5.17935894E-02  9.99999975E-05  2.47927636E-03  5.12221581E+00
  5.00000000E+00  1.26800000E+00  9.62670847E-01 -7.00685365E-02 -5.17881714E-02  9.99999975E-05  2.47677999E-03  5.13254602E+00
  5.00000000E+00  1.27100000E+00  9.62859984E-01 -7.00137658E-02 -5.17827554E-02  9.99999975E-05  2.47428400E-03  5.14288276E+00
  5.00000000E+00  1.27400000E+00  9.63048732E-01 -6.99590435E-02 -5.17773414E-02  9.99999975E-05  2.47178837E-03  5.15322606E+00
  5.00000000E+00  1.27700000E+00  9.63237093E-01 -6.99043694E-02 -5.17719294E-02  9.99999975E-05  2.46929311E-03  5.16357594E+00
  5.00000000E+00  1.28000000E+00  9.63425068E-01 -6.98497436E-02 -5.17665195E-02  9.99999975E-05  2.46679823E-03  5.17393243E+00
  5.00000000E+00  1.28300000E+00  9.63612658E-01 -6.97951660E-02 -5.17611115E-02  9.99999975E-05  2.46430373E-03  5.18429554E+00
  5.00000000E+00  1.28600000E+00  9.63799864E-01 -6.97406366E-02 -5.17557056E-02  9.99999975E-05  2.46180962E-03  5.19466529E+00
  5.00000000E+00  1.28900000E+00  9.63986688E-01 -6.96861554E-02 -5.17503017E-02  9.99999975E-05  2.45931589E-03  5.20504172E+00
  5.00000000E+00  1.29200000E+00  9.64173130E-01 -6.96317223E-02 -5.17448999E-02  9.99999975E-05  2.45682256E-03  5.21542483E+00
  5.00000000E+00  1.29500000E+00  9.64359193E-01 -6.95773373E-02 -5.17395001E-02  9.99999975E-05  2.45432963E-03  5.22581466E+00
  5.00000000E+00  1.29800000E+00  9.64544876E-01 -6.95230005E-02 -5.17341024E-02  9.99999975E-05  2.45183710E-03  5.23621123E+00
  5.00000000E+00  1.30100000E+00  9.64730182E-01 -6.94687116E-02 -5.17287067E-02  9.99999975E-05  2.44934497E-03  5.24661455E+00
  5.00000000E+00  1.30400000E+00  9.64915111E-01 -6.94144708E-02 -5.17233130E-02  9.99999975E-05  2.44685326E-03  5.25702465E+00
  5.00000000E+00  1.30700000E+00  9.65099665E-01 -6.93602780E-02 -5.17179215E-02  9.99999975E-05  2.44436197E-03  5.26744155E+00
  5.00000000E+00  1.31000000E+00  9.65283844E-01 -6.93061332E-02 -5.17125320E-02  9.99999975E-05  2.44187109E-03  5.27786528E+00
  5.00000000E+00  1.31300000E+00  9.65467651E-01 -6.92520362E-02 -5.17071445E-02  9.99999975E-05  2.43938064E-03  5.28829585E+00
  5.00000000E+00  1.31600000E+00  9.65651085E-01 -6.91979872E-02 -5.17017592E-02  9.99999975E-05  2.43689061E-03  5.29873330E+00
  5.00000000E+00  1.31900000E+00  9.65834149E-01 -6.91439861E-02 -5.16963759E-02  9.99999975E-05  2.43440102E-03  5.30917763E+00
  5.00000000E+00  1.32200000E+00  9.66016843E-01 -6.90900327E-02 -5.16909948E-02  9.99999975E-05  2.43191187E-03  5.31962887E+00
  5.00000000E+00  1.32500000E+00  9.66199169E-01 -6.90361272E-02 -5.16856157E-02  9.99999975E-05  2.42942316E-03  5.33008706E+00
  5.00000000E+00  1.32800000E+00  9.66381127E-01 -6.89822695E-02 -5.16802387E-02  9.99999975E-05  2.42693489E-03  5.34055219E+00
  5.00000000E+00  1.33100000E+00  9.66562719E-01 -6.89284595E-02 -5.16748638E-02  9.99999975E-05  2.42444707E-03  5.35102431E+00
  5.00000000E+00  1.33400000E+00  9.66743946E-01 -6.88746971E-02 -5.16694910E-02  9.99999975E-05  2.42195971E-03  5.36150343E+00
  5.00000000E+00  1.33700000E+00  9.66924808E-01 -6.88209825E-02 -5.16641204E-02  9.99999975E-05  2.41947281E-03  5.37198957E+00
  5.00000000E+00  1.34000000E+00  9.67105308E-01 -6.87673155E-02 -5.16587518E-02  9.99999975E-05  2.41698637E-03  5.38248275E+00
  5.00000000E+00  1.34300000E+00  9.67285446E-01 -6.87136961E-02 -5.16533854E-02  9.99999975E-05  2.41450040E-03  5.39298301E+00
  5.00000000E+00  1.34600000E+00  9.67465223E-01 -6.86601242E-02 -5.16480211E-02  9.99999975E-05  2.41201490E-03  5.40349035E+00
  5.00000000E+00  1.34900000E+00  9.67644640E-01 -6.86065999E-02 -5.16426590E-02  9.99999975E-05  2.40952988E-03  5.41400481E+00
  5.00000000E+00  1.35200000E+00  9.67823699E-01 -6.85531231E-02 -5.16372989E-02  9.99999975E-05  2.40704534E-03  5.42452640E+00
  5.00000000E+00  1.35500000E+00  9.68002400E-01 -6.84996937E-02 -5.16319410E-02  9.99999975E-05  2.40456128E-03  5.43505515E+00
  5.00000000E+00  1.35800000E+00  9.68180745E-01 -6.84463118E-02 -5.16265853E-02  9.99999975E-05  2.40207772E-03  5.44559107E+00
  5.00000000E+00  1.36100000E+00  9.68358734E-01 -6.83929772E-02 -5.16212317E-02  9.99999975E-05  2.39959464E-03  5.45613420E+00
  5.00000000E+00  1.36400000E+00  9.68536369E-01 -6.83396900E-02 -5.16158802E-02  9.99999975E-05  2.39711207E-03  5.46668454E+00
  5.00000000E+00  1.36700000E+00  9.68713650E-01 -6.82864501E-02 -5.16105309E-02  9.99999975E-05  2.39463000E-03  5.47724214E+00
  5.00000000E+00  1.37000000E+00  9.68890579E-01 -6.82332575E-02 -5.16051838E-02  9.99999975E-05  2.39214844E-03  5.48780700E+00
  5.00000000E+00  1.37300000E+00  9.69067157E-01 -6.81801121E-02 -5.15998388E-02  9.99999975E-05  2.38966738E-03  5.49837914E+00
  5.00000000E+00  1.37600000E+00  9.69243385E-01 -6.81270139E-02 -5.15944960E-02  9.99999975E-05  2.38718685E-03  5.50895860E+00
  5.00000000E+00  1.37900000E+00  9.69419263E-01 -6.80739629E-02 -5.15891554E-02  9.99999975E-05  2.38470684E-03  5.51954539E+00
  5.00000000E+00  1.38200000E+00  9.69594793E-01 -6.80209590E-02 -5.15838169E-02  9.99999975E-05  2.38222735E-03  5.53013954E+00
  5.00000000E+00  1.38500000E+00  9.69769976E-01 -6.79680022E-02 -5.15784806E-02  9.99999975E-05  2.37974839E-03  5.54074106E+00
  5.00000000E+00  1.38800000E+00  9.69944812E-01 -6.79150924E-02 -5.15731465E-02  9.99999975E-05  2.37726996E-03  5.55134999E+00
  5.00000000E+00  1.39100000E+00  9.70119304E-01 -6.78622297E-02 -5.15678146E-02  9.99999975E-05  2.37479207E-03  5.56196633E+00
  5.00000000E+00  1.39400000E+00  9.70293451E-01 -6.78094139E-02 -5.15624849E-02  9.99999975E-05  2.37231473E-03  5.57259012E+00
  5.00000000E+00  1.39700000E+00  9.70467255E-01 -6.77566450E-02 -5.15571574E-02  9.99999975E-05  2.36983793E-03  5.58322137E+00
  5.00000000E+00  1.40000000E+00  9.70640716E-01 -6.77039230E-02 -5.15518321E-02  9.99999975E-05  2.36736168E-03  5.59386011E+00
  5.00000000E+00  1.40300000E+00  9.70813836E-01 -6.76512479E-02 -5.15465090E-02  9.99999975E-05  2.36488599E-03  5.60450635E+00
  5.00000000E+00  1.40600000E+00  9.70986616E-01 -6.75986196E-02 -5.15411881E-02  9.99999975E-05  2.36241087E-03  5.61516013E+00
  5.00000000E+00  1.40900000E+00  9.71159057E-01 -6.75460381E-02 -5.15358694E-02  9.99999975E-05  2.35993630E-03  5.62582147E+00
  5.00000000E+00  1.41200000E+00  9.71331159E-01 -6.74935033E-02 -5.15305529E-02  9.99999975E-05  2.35746231E-03  5.63649037E+00
  5.00000000E+00  1.41500000E+00  9.71502923E-01 -6.74410151E-02 -5.15252387E-02  9.99999975E-05  2.35498889E-03  5.64716688E+00
  5.00000000E+00  1.41800000E+00  9.71674352E-01 -6.73885737E-02 -5.15199267E-02  9.99999975E-05  2.35251605E-03  5.65785100E+00
  5.00000000E+00  1.42100000E+00  9.71845444E-01 -6.73361788E-02 -5.15146169E-02  9.99999975E-05  2.35004379E-03  5.66854276E+00
  5.00000000E+00  1.42400000E+00  9.72016202E-01 -6.72838305E-02 -5.15093094E-02  9.99999975E-05  2.34757212E-03  5.67924219E+00
  5.00000000E+00  1.42700000E+00  9.72186626E-01 -6.72315287E-02 -5.15040041E-02  9.99999975E-05  2.34510104E-03  5.68994930E+00
  5.00000000E+00  1.43000000E+00  9.72356718E-01 -6.71792734E-02 -5.14987010E-02  9.99999975E-05  2.34263055E-03  5.70066412E+00
  5.00000000E+00  1.43300000E+00  9.72526478E-01 -6.71270645E-02 -5.14934002E-02  9.99999975E-05  2.34016067E-03  5.71138666E+00
  5.00000000E+00  1.43600000E+00  9.72695906E-01 -6.70749020E-02 -5.14881017E-02  9.99999975E-05  2.33769140E-03  5.72211696E+00
  5.00000000E+00  1.43900000E+00  9.72865005E-01 -6.70227859E-02 -5.14828054E-02  9.99999975E-05  2.33522273E-03  5.73285503E+00
  5.00000000E+00  1.44200000E+00  9.73033775E-01 -6.69707161E-02 -5.14775114E-02  9.99999975E-05  2.33275468E-03  5.74360089E+00
  5.00000000E+00  1.44500000E+00  9.73202216E-01 -6.69186926E-02 -5.14722196E-02  9.99999975E-05  2.33028725E-03  5.75435457E+00
  5.00000000E+00  1.44800000E+00  9.73370330E-01 -6.68667152E-02 -5.14669300E-02  9.99999975E-05  2.32782044E-03  5.76511608E+00
  5.00000000E+00  1.45100000E+00  9.73538118E-01 -6.68147841E-02 -5.14616428E-02  9.99999975E-05  2.32535426E-03  5.77588546E+00
  5.00000000E+00  1.45400000E+00  9.73705580E-01 -6.67628991E-02 -5.14563578E-02  9.99999975E-05  2.32288871E-03  5.78666271E+00
  5.00000000E+00  1.45700000E+00  9.73872717E-01 -6.67110602E-02 -5.14510751E-02  9.99999975E-05  2.32042380E-03  5.79744787E+00
  5.00000000E+00  1.46000000E+00  9.74039531E-01 -6.66592673E-02 -5.14457946E-02  9.99999975E-05  2.31795953E-03  5.80824095E+00
  5.00000000E+00  1.46300000E+00  9.74206022E-01 -6.66075205E-02 -5.14405164E-02  9.99999975E-05  2.31549590E-03  5.81904198E+00
  5.00000000E+00  1.46600000E+00  9.74372191E-01 -6.65558196E-02 -5.14352405E-02  9.99999975E-05  2.31303293E-03  5.82985098E+00
  5.00000000E+00  1.46900000E+00  9.74538039E-01 -6.65041646E-02 -5.14299670E-02  9.99999975E-05  2.31057062E-03  5.84066797E+00
  5.00000000E+00  1.47200000E+00  9.74703566E-01 -6.64525555E-02 -5.14246958E-02  9.99999975E-05  2.30810896E-03  5.85149296E+00
  5.00000000E+00  1.47500000E+00  9.74868774E-01 -6.64009922E-02 -5.14194268E-02  9.99999975E-05  2.30564797E-03  5.86232599E+00
  5.00000000E+00  1.47800000E+00  9.75033663E-01 -6.63494747E-02 -5.14141602E-02  9.99999975E-05  2.30318764E-03  5.87316708E+00
  5.00000000E+00  1.48100000E+00  9.75198235E-01 -6.62980030E-02 -5.14088958E-02  9.99999975E-05  2.30072799E-03  5.88401624E+00
  5.00000000E+00  1.48400000E+00  9.75362489E-01 -6.62465769E-02 -5.14036337E-02  9.99999975E-05  2.29826902E-03  5.89487350E+00
  5.00000000E+00  1.48700000E+00  9.75526428E-01 -6.61951965E-02 -5.13983740E-02  9.99999975E-05  2.29581073E-03  5.90573887E+00
  5.00000000E+00  1.49000000E+00  9.75690051E-01 -6.61438617E-02 -5.13931165E-02  9.99999975E-05  2.29335313E-03  5.91661239E+00
  5.00000000E+00  1.49300000E+00  9.75853360E-01 -6.60925724E-02 -5.13878614E-02  9.99999975E-05  2.29089622E-03  5.92749407E+00
  5.00000000E+00  1.49600000E+00  9.76016356E-01 -6.60413287E-02 -5.13826085E-02  9.99999975E-05  2.28844001E-03  5.93838393E+00
  5.00000000E+00  1.49900000E+00  9.76179038E-01 -6.59901304E-02 -5.13773580E-02  9.99999975E-05  2.28598450E-03  5.94928200E+00
  5.00000000E+00  1.50200000E+00  9.76341409E-01 -6.59389775E-02 -5.13721099E-02  9.99999975E-05  2.28352970E-03  5.96018830E+00
  5.00000000E+00  1.50500000E+00  9.76503468E-01 -6.58878700E-02 -5.13668640E-02  9.99999975E-05  2.28107560E-03  5.97110284E+00
  5.00000000E+00  1.50800000E+00  9.76665218E-01 -6.58368079E-02 -5.13616205E-02  9.99999975E-05  2.27862222E-03  5.98202565E+00
  5.00000000E+00  1.51100000E+00  9.76826657E-01 -6.57857910E-02 -5.13563794E-02  9.99999975E-05  2.27616957E-03  5.99295676E+00
  5.00000000E+00  1.51400000E+00  9.76987788E-01 -6.57348193E-02 -5.13511406E-02  9.99999975E-05  2.27371763E-03  6.00389617E+00
  5.00000000E+00  1.51700000E+00  9.77148611E-01 -6.56838928E-02 -5.13459041E-02  9.99999975E-05  2.27126643E-03  6.01484392E+00
  5.00000000E+00  1.52000000E+00  9.77309127E-01 -6.56330115E-02 -5.13406700E-02  9.99999975E-05  2.26881595E-03  6.02580002E+00
  5.00000000E+00  1.52300000E+00  9.77469336E-01 -6.55821752E-02 -5.13354383E-02  9.99999975E-05  2.26636622E-03  6.03676450E+00
  5.00000000E+00  1.52600000E+00  9.77629240E-01 -6.55313840E-02 -5.13302089E-02  9.99999975E-05  2.26391723E-03  6.04773737E+00
  5.00000000E+00  1.52900000E+00  9.77788839E-01 -6.54806378E-02 -5.13249819E-02  9.99999975E-05  2.26146899E-03  6.05871866E+00
  5.00000000E+00  1.53200000E+00  9.77948134E-01 -6.54299365E-02 -5.13197572E-02  9.99999975E-05  2.25902150E-03  6.06970840E+00
  5.00000000E+00  1.53500000E+00  9.78107125E-01 -6.53792802E-02 -5.13145349E-02  9.99999975E-05  2.25657476E-03  6.08070659E+00
  5.00000000E+00  1.53800000E+00  9.78265814E-01 -6.53286687E-02 -5.13093149E-02  9.99999975E-05  2.25412879E-03  6.09171326E+00
  5.00000000E+00  1.54100000E+00  9.78424201E-01 -6.52781019E-02 -5.13040974E-02  9.99999975E-05  2.25168359E-03  6.10272844E+00
  5.00000000E+00  1.54400000E+00  9.78582288E-01 -6.52275800E-02 -5.12988822E-02  9.99999975E-05  2.24923916E-03  6.11375214E+00
  5.00000000E+00  1.54700000E+00  9.78740074E-01 -6.51771027E-02 -5.12936693E-02  9.99999975E-05  2.24679550E-03  6.12478438E+00
  5.00000000E+00  1.55000000E+00  9.78897560E-01 -6.51266701E-02 -5.12884589E-02  9.99999975E-05  2.24435262E-03  6.13582519E+00
  5.00000000E+00  1.55300000E+00  9.79054748E-01 -6.50762822E-02 -5.12832508E-02  9.99999975E-05  2.24191053E-03  6.14687458E+00
  5.00000000E+00  1.55600000E+00  9.79211638E-01 -6.50259387E-02 -5.12780451E-02  9.99999975E-05  2.23946923E-03  6.15793259E+00
  5.00000000E+00  1.55900000E+00  9.79368230E-01 -6.49756398E-02 -5.12728418E-02  9.99999975E-05  2.23702872E-03  6.16899922E+00
  5.00000000E+00  1.56200000E+00  9.79524526E-01 -6.49253854E-02 -5.12676409E-02  9.99999975E-05  2.23458901E-03  6.18007449E+00
  5.00000000E+00  1.56500000E+00  9.79680526E-01 -6.48751754E-02 -5.12624424E-02  9.99999975E-05  2.23215011E-03  6.19115844E+00
  5.00000000E+00  1.56800000E+00  9.79836231E-01 -6.48250097E-02 -5.12572462E-02  9.99999975E-05  2.22971202E-03  6.20225108E+00
  5.00000000E+00  1.57100000E+00  9.79991642E-01 -6.47748884E-02 -5.12520525E-02  9.99999975E-05  2.22727474E-03  6.21335243E+00
  5.00000000E+00  1.57400000E+00  9.80146759E-01 -6.47248113E-02 -5.12468612E-02  9.99999975E-05  2.22483828E-03  6.22446252E+00
  5.00000000E+00  1.57700000E+00  9.80301583E-01 -6.46747785E-02 -5.12416723E-02  9.99999975E-05  2.22240264E-03  6.23558135E+00
  5.00000000E+00  1.58000000E+00  9.80456114E-01 -6.46247898E-02 -5.12364857E-02  9.99999975E-05  2.21996783E-03  6.24670896E+00
  5.00000000E+00  1.58300000E+00  9.80610355E-01 -6.45748452E-02 -5.12313016E-02  9.99999975E-05  2.21753385E-03  6.25784536E+00
  5.00000000E+00  1.58600000E+00  9.80764304E-01 -6.45249447E-02 -5.12261199E-02  9.99999975E-05  2.21510071E-03  6.26899057E+00
  5.00000000E+00  1.58900000E+00  9.80917963E-01 -6.44750883E-02 -5.12209406E-02  9.99999975E-05  2.21266841E-03  6.28014462E+00
  5.00000000E+00  1.59200000E+00  9.81071333E-01 -6.44252758E-02 -5.12157638E-02  9.99999975E-05  2.21023697E-03  6.29130753E+00
  5.00000000E+00  1.59500000E+00  9.81224414E-01 -6.43755072E-02 -5.12105893E-02  9.99999975E-05  2.20780637E-03  6.30247931E+00
  5.00000000E+00  1.59800000E+00  9.81377207E-01 -6.43257825E-02 -5.12054173E-02  9.99999975E-05  2.20537663E-03  6.31365998E+00
  5.00000000E+00  1.60100000E+00  9.81529712E-01 -6.42761016E-02 -5.12002477E-02  9.99999975E-05  2.20294775E-03  6.32484958E+00
  5.00000000E+00  1.60400000E+00  9.81681931E-01 -6.42264645E-02 -5.11950806E-02  9.99999975E-05  2.20051973E-03  6.33604810E+00
  5.00000000E+00  1.60700000E+00  9.81833863E-01 -6.41768711E-02 -5.11899158E-02  9.99999975E-05  2.19809259E-03  6.34725559E+00
  5.00000000E+00  1.61000000E+00  9.81985511E-01 -6.41273214E-02 -5.11847536E-02  9.99999975E-05  2.19566633E-03  6.35847205E+00
  5.00000000E+00  1.61300000E+00  9.82136874E-01 -6.40778152E-02 -5.11795937E-02  9.99999975E-05  2.19324094E-03  6.36969751E+00
  5.00000000E+00  1.61600000E+00  9.82287952E-01 -6.40283527E-02 -5.11744363E-02  9.99999975E-05  2.19081645E-03  6.38093198E+00
  5.00000000E+00  1.61900000E+00  9.82438747E-01 -6.39789337E-02 -5.11692814E-02  9.99999975E-05  2.18839284E-03  6.39217549E+00
  5.00000000E+00  1.62200000E+00  9.82589260E-01 -6.39295581E-02 -5.11641289E-02  9.99999975E-05  2.18597013E-03  6.40342806E+00
  5.00000000E+00  1.62500000E+00  9.82739491E-01 -6.38802260E-02 -5.11589788E-02  9.99999975E-05  2.18354832E-03  6.41468970E+00
  5.00000000E+00  1.62800000E+00  9.82889440E-01 -6.38309373E-02 -5.11538312E-02  9.99999975E-05  2.18112741E-03  6.42596045E+00
  5.00000000E+00  1.63100000E+00  9.83039108E-01 -6.37816918E-02 -5.11486860E-02  9.99999975E-05  2.17870741E-03  6.43724030E+00
  5.00000000E+00  1.63400000E+00  9.83188496E-01 -6.37324896E-02 -5.11435434E-02  9.99999975E-05  2.17628833E-03  6.44852930E+00
  5.00000000E+00  1.63700000E+00  9.83337605E-01 -6.36833307E-02 -5.11384031E-02  9.99999975E-05  2.17387017E-03  6.45982744E+00
  5.00000000E+00  1.64000000E+00  9.83486435E-01 -6.36342148E-02 -5.11332653E-02  9.99999975E-05  2.17145294E-03  6.47113477E+00
  5.00000000E+00  1.64300000E+00  9.83634987E-01 -6.35851422E-02 -5.11281300E-02  9.99999975E-05  2.16903663E-03  6.48245129E+00
  5.00000000E+00  1.64600000E+00  9.83783261E-01 -6.35361125E-02 -5.11229972E-02  9.99999975E-05  2.16662126E-03  6.49377702E+00
  5.00000000E+00  1.64900000E+00  9.83931258E-01 -6.34871259E-02 -5.11178668E-02  9.99999975E-05  2.16420683E-03  6.50511199E+00
  5.00000000E+00  1.65200000E+00  9.84078979E-01 -6.34381822E-02 -5.11127389E-02  9.99999975E-05  2.16179335E-03  6.51645621E+00
  5.00000000E+00  1.65500000E+00  9.84226425E-01 -6.33892815E-02 -5.11076135E-02  9.99999975E-05  2.15938081E-03  6.52780970E+00
  5.00000000E+00  1.65800000E+00  9.84373595E-01 -6.33404236E-02 -5.11024905E-02  9.99999975E-05  2.15696923E-03  6.53917249E+00
  5.00000000E+00  1.66100000E+00  9.84520491E-01 -6.32916084E-02 -5.10973700E-02  9.99999975E-05  2.15455860E-03  6.55054458E+00
  5.00000000E+00  1.66400000E+00  9.84667113E-01 -6.32428361E-02 -5.10922520E-02  9.99999975E-05  2.15214895E-03  6.56192601E+00
  5.00000000E+00  1.66700000E+00  9.84813461E-01 -6.31941064E-02 -5.10871364E-02  9.99999975E-05  2.14974026E-03  6.57331679E+00
  5.00000000E+00  1.67000000E+00  9.84959537E-01 -6.31454194E-02 -5.10820234E-02  9.99999975E-05  2.14733254E-03  6.58471693E+00
  5.00000000E+00  1.67300000E+00  9.85105341E-01 -6.30967750E-02 -5.10769128E-02  9.99999975E-05  2.14492581E-03  6.59612647E+00
  5.00000000E+00  1.67600000E+00  9.85250874E-01 -6.30481732E-02 -5.10718047E-02  9.99999975E-05  2.14252006E-03  6.60754541E+00
  5.00000000E+00  1.67900000E+00  9.85396136E-01 -6.29996138E-02 -5.10666991E-02  9.99999975E-05  2.14011530E-03  6.61897377E+00
  5.00000000E+00  1.68200000E+00  9.85541127E-01 -6.29510969E-02 -5.10615960E-02  9.99999975E-05  2.13771153E-03  6.63041159E+00
  5.00000000E+00  1.68500000E+00  9.85685849E-01 -6.29026224E-02 -5.10564954E-02  9.99999975E-05  2.13530876E-03  6.64185886E+00
  5.00000000E+00  1.68800000E+00  9.85830302E-01 -6.28541902E-02 -5.10513973E-02  9.99999975E-05  2.13290700E-03  6.65331562E+00
  5.00000000E+00  1.69100000E+00  9.85974486E-01 -6.28058002E-02 -5.10463016E-02  9.99999975E-05  2.13050625E-03  6.66478187E+00
  5.00000000E+00  1.69400000E+00  9.86118403E-01 -6.27574525E-02 -5.10412085E-02  9.99999975E-05  2.12810651E-03  6.67625765E+00
  5.00000000E+00  1.69700000E+00  9.86262052E-01 -6.27091470E-02 -5.10361180E-02  9.99999975E-05  2.12570779E-03  6.68774296E+00
  5.00000000E+00  1.70000000E+00  9.86405434E-01 -6.26608837E-02 -5.10310299E-02  9.99999975E-05  2.12331010E-03  6.69923783E+00
  5.00000000E+00  1.70300000E+00  9.86548551E-01 -6.26126624E-02 -5.10259444E-02  9.99999975E-05  2.12091343E-03  6.71074227E+00
  5.00000000E+00  1.70600000E+00  9.86691401E-01 -6.25644831E-02 -5.10208614E-02  9.99999975E-05  2.11851780E-03  6.72225631E+00
  5.00000000E+00  1.70900000E+00  9.86833987E-01 -6.25163458E-02 -5.10157809E-02  9.99999975E-05  2.11612321E-03  6.73377995E+00
  5.00000000E+00  1.71200000E+00  9.86976308E-01 -6.24682504E-02 -5.10107028E-02  9.99999975E-05  2.11372967E-03  6.74531322E+00
  5.00000000E+00  1.71500000E+00  9.87118365E-01 -6.24201969E-02 -5.10056273E-02  9.99999975E-05  2.11133717E-03  6.75685615E+00
  5.00000000E+00  1.71800000E+00  9.87260159E-01 -6.23721852E-02 -5.10005543E-02  9.99999975E-05  2.10894574E-03  6.76840873E+00
  5.00000000E+00  1.72100000E+00  9.87401690E-01 -6.23242152E-02 -5.09954838E-02  9.99999975E-05  2.10655536E-03  6.77997100E+00
  5.00000000E+00  1.72400000E+00  9.87542959E-01 -6.22762870E-02 -5.09904158E-02  9.99999975E-05  2.10416604E-03  6.79154297E+00
  5.00000000E+00  1.72700000E+00  9.87683966E-01 -6.22284004E-02 -5.09853504E-02  9.99999975E-05  2.10177780E-03  6.80312466E+00
  5.00000000E+00  1.73000000E+00  9.87824712E-01 -6.21805554E-02 -5.09802875E-02  9.99999975E-05  2.09939063E-03  6.81471608E+00
  5.00000000E+00  1.73300000E+00  9.87965198E-01 -6.21327520E-02 -5.09752271E-02  9.99999975E-05  2.09700455E-03  6.82631726E+00
  5.00000000E+00  1.73600000E+00  9.88105423E-01 -6.20849901E-02 -5.09701693E-02  9.99999975E-05  2.09461954E-03  6.83792820E+00
  5.00000000E+00  1.73900000E+00  9.88245389E-01 -6.20372696E-02 -5.09651140E-02  9.99999975E-05  2.09223563E-03  6.84954894E+00
  5.00000000E+00  1.74200000E+00  9.88385096E-01 -6.19895905E-02 -5.09600612E-02  9.99999975E-05  2.08985282E-03  6.86117948E+00
  5.00000000E+00  1.74500000E+00  9.88524544E-01 -6.19419528E-02 -5.09550110E-02  9.99999975E-05  2.08747111E-03  6.87281985E+00
  5.00000000E+00  1.74800000E+00  9.88663735E-01 -6.18943563E-02 -5.09499633E-02  9.99999975E-05  2.08509050E-03  6.88447005E+00
  5.00000000E+00  1.75100000E+00  9.88802668E-01 -6.18468011E-02 -5.09449181E-02  9.99999975E-05  2.08271101E-03  6.89613011E+00
  5.00000000E+00  1.75400000E+00  9.88941344E-01 -6.17992871E-02 -5.09398755E-02  9.99999975E-05  2.08033263E-03  6.90780004E+00
  5.00000000E+00  1.75700000E+00  9.89079764E-01 -6.17518141E-02 -5.09348355E-02  9.99999975E-05  2.07795538E-03  6.91947987E+00
  5.00000000E+00  1.76000000E+00  9.89217928E-01 -6.17043823E-02 -5.09297980E-02  9.99999975E-05  2.07557925E-03  6.93116960E+00
  5.00000000E+00  1.76300000E+00  9.89355836E-01 -6.16569915E-02 -5.09247630E-02  9.99999975E-05  2.07320426E-03  6.94286926E+00
  5.00000000E+00  1.76600000E+00  9.89493490E-01 -6.16096417E-02 -5.09197306E-02  9.99999975E-05  2.07083040E-03  6.95457886E+00
  5.00000000E+00  1.76900000E+00  9.89630890E-01 -6.15623327E-02 -5.09147007E-02  9.99999975E-05  2.06845769E-03  6.96629842E+00
  5.00000000E+00  1.77200000E+00  9.89768035E-01 -6.15150647E-02 -5.09096734E-02  9.99999975E-05  2.06608613E-03  6.97802795E+00
  5.00000000E+00  1.77500000E+00  9.89904928E-01 -6.14678374E-02 -5.09046487E-02  9.99999975E-05  2.06371571E-03  6.98976747E+00
  5.00000000E+00  1.77800000E+00  9.90041567E-01 -6.14206509E-02 -5.08996265E-02  9.99999975E-05  2.06134646E-03  7.00151699E+00
  5.00000000E+00  1.78100000E+00  9.90177955E-01 -6.13735051E-02 -5.08946068E-02  9.99999975E-05  2.05897837E-03  7.01327654E+00
  5.00000000E+00  1.78400000E+00  9.90314090E-01 -6.13264000E-02 -5.08895898E-02  9.99999975E-05  2.05661146E-03  7.02504613E+00
  5.00000000E+00  1.78700000E+00  9.90449975E-01 -6.12793355E-02 -5.08845752E-02  9.99999975E-05  2.05424571E-03  7.03682577E+00
  5.00000000E+00  1.79000000E+00  9.90585608E-01 -6.12323115E-02 -5.08795633E-02  9.99999975E-05  2.05188115E-03  7.04861548E+00
  5.00000000E+00  1.79300000E+00  9.90720991E-01 -6.11853280E-02 -5.08745539E-02  9.99999975E-05  2.04951777E-03  7.06041528E+00
  5.00000000E+00  1.79600000E+00  9.90856125E-01 -6.11383849E-02 -5.08695471E-02  9.99999975E-05  2.04715558E-03  7.07222518E+00
  5.00000000E+00  1.79900000E+00  9.90991009E-01 -6.10914823E-02 -5.08645428E-02  9.99999975E-05  2.04479459E-03  7.08404520E+00
  5.00000000E+00  1.80200000E+00  9.91125644E-01 -6.10446199E-02 -5.08595412E-02  9.99999975E-05  2.04243480E-03  7.09587535E+00
  5.00000000E+00  1.80500000E+00  9.91260031E-01 -6.09977979E-02 -5.08545420E-02  9.99999975E-05  2.04007622E-03  7.10771565E+00
  5.00000000E+00  1.80800000E+00  9.91394170E-01 -6.09510161E-02 -5.08495455E-02  9.99999975E-05  2.03771885E-03  7.11956611E+00
  5.00000000E+00  1.81100000E+00  9.91528061E-01 -6.09042744E-02 -5.08445516E-02  9.99999975E-05  2.03536269E-03  7.13142675E+00
  5.00000000E+00  1.81400000E+00  9.91661706E-01 -6.08575729E-02 -5.08395602E-02  9.99999975E-05  2.03300776E-03  7.14329758E+00
  5.00000000E+00  1.81700000E+00  9.91795104E-01 -6.08109114E-02 -5.08345714E-02  9.99999975E-05  2.03065406E-03  7.15517862E+00
  5.00000000E+00  1.82000000E+00  9.91928256E-01 -6.07642899E-02 -5.08295851E-02  9.99999975E-05  2.02830159E-03  7.16706988E+00
  5.00000000E+00  1.82300000E+00  9.92061162E-01 -6.07177085E-02 -5.08246015E-02  9.99999975E-05  2.02595036E-03  7.17897138E+00
  5.00000000E+00  1.82600000E+00  9.92193824E-01 -6.06711669E-02 -5.08196205E-02  9.99999975E-05  2.02360037E-03  7.19088313E+00
  5.00000000E+00  1.82900000E+00  9.92326241E-01 -6.06246651E-02 -5.08146420E-02  9.99999975E-05  2.02125163E-03  7.20280515E+00
  5.00000000E+00  1.83200000E+00  9.92458413E-01 -6.05782032E-02 -5.08096661E-02  9.99999975E-05  2.01890415E-03  7.21473745E+00
  5.00000000E+00  1.83500000E+00  9.92590342E-01 -6.05317810E-02 -5.08046928E-02  9.99999975E-05  2.01655793E-03  7.22668004E+00
  5.00000000E+00  1.83800000E+00  9.92722028E-01 -6.04853986E-02 -5.07997221E-02  9.99999975E-05  2.01421298E-03  7.23863294E+00
  5.00000000E+00  1.84100000E+00  9.92853471E-01 -6.04390557E-02 -5.07947540E-02  9.99999975E-05  2.01186929E-03  7.25059616E+00
  5.00000000E+00  1.84400000E+00  9.92984671E-01 -6.03927525E-02 -5.07897885E-02  9.99999975E-05  2.00952689E-03  7.26256972E+00
  5.00000000E+00  1.84700000E+00  9.93115630E-01 -6.03464887E-02 -5.07848256E-02  9.99999975E-05  2.00718576E-03  7.27455363E+00
  5.00000000E+00  1.85000000E+00  9.93246347E-01 -6.03002645E-02 -5.07798652E-02  9.99999975E-05  2.00484593E-03  7.28654791E+00
  5.00000000E+00  1.85300000E+00  9.93376823E-01 -6.02540797E-02 -5.07749075E-02  9.99999975E-05  2.00250738E-03  7.29855256E+00
  5.00000000E+00  1.85600000E+00  9.93507059E-01 -6.02079343E-02 -5.07699524E-02  9.99999975E-05  2.00017014E-03  7.31056760E+00
  5.00000000E+00  1.85900000E+00  9.93637054E-01 -6.01618282E-02 -5.07649999E-02  9.99999975E-05  1.99783420E-03  7.32259304E+00
  5.00000000E+00  1.86200000E+00  9.93766810E-01 -6.01157613E-02 -5.07600499E-02  9.99999975E-05  1.99549957E-03  7.33462890E+00
  5.00000000E+00  1.86500000E+00  9.93896326E-01 -6.00697337E-02 -5.07551026E-02  9.99999975E-05  1.99316625E-03  7.34667519E+00
  5.00000000E+00  1.86800000E+00  9.94025604E-01 -6.00237452E-02 -5.07501579E-02  9.99999975E-05  1.99083426E-03  7.35873193E+00
  5.00000000E+00  1.87100000E+00  9.94154643E-01 -5.99777959E-02 -5.07452158E-02  9.99999975E-05  1.98850359E-03  7.37079911E+00
  5.00000000E+00  1.87400000E+00  9.94283444E-01 -5.99318856E-02 -5.07402763E-02  9.99999975E-05  1.98617426E-03  7.38287677E+00
  5.00000000E+00  1.87700000E+00  9.94412008E-01 -5.98860143E-02 -5.07353394E-02  9.99999975E-05  1.98384626E-03  7.39496490E+00
  5.00000000E+00  1.88000000E+00  9.94540334E-01 -5.98401820E-02 -5.07304051E-02  9.99999975E-05  1.98151961E-03  7.40706352E+00
  5.00000000E+00  1.88300000E+00  9.94668424E-01 -5.97943885E-02 -5.07254734E-02  9.99999975E-05  1.97919430E-03  7.41917265E+00
  5.00000000E+00  1.88600000E+00  9.94796278E-01 -5.97486339E-02 -5.07205443E-02  9.99999975E-05  1.97687035E-03  7.43129230E+00
  5.00000000E+00  1.88900000E+00  9.94923895E-01 -5.97029181E-02 -5.07156179E-02  9.99999975E-05  1.97454776E-03  7.44342247E+00
  5.00000000E+00  1.89200000E+00  9.95051277E-01 -5.96572410E-02 -5.07106940E-02  9.99999975E-05  1.97222653E-03  7.45556318E+00
  5.00000000E+00  1.89500000E+00  9.95178424E-01 -5.96116026E-02 -5.07057728E-02  9.99999975E-05  1.96990668E-03  7.46771444E+00
  5.00000000E+00  1.89800000E+00  9.95305337E-01 -5.95660029E-02 -5.07008542E-02  9.99999975E-05  1.96758820E-03  7.47987626E+00
  5.00000000E+00  1.90100000E+00  9.95432015E-01 -5.95204417E-02 -5.06959382E-02  9.99999975E-05  1.96527110E-03  7.49204866E+00
  5.00000000E+00  1.90400000E+00  9.95558459E-01 -5.94749190E-02 -5.06910248E-02  9.99999975E-05  1.96295539E-03  7.50423163E+00
  5.00000000E+00  1.90700000E+00  9.95684670E-01 -5.94294348E-02 -5.06861141E-02  9.99999975E-05  1.96064108E-03  7.51642521E+00
  5.00000000E+00  1.91000000E+00  9.95810648E-01 -5.93839890E-02 -5.06812059E-02  9.99999975E-05  1.95832816E-03  7.52862939E+00
  5.00000000E+00  1.91300000E+00  9.95936393E-01 -5.93385816E-02 -5.06763004E-02  9.99999975E-05  1.95601665E-03  7.54084418E+00
  5.00000000E+00  1.91600000E+00  9.96061906E-01 -5.92932125E-02 -5.06713975E-02  9.99999975E-05  1.95370655E-03  7.55306960E+00
  5.00000000E+00  1.91900000E+00  9.96187187E-01 -5.92478817E-02 -5.06664973E-02  9.99999975E-05  1.95139787E-03  7.56530566E+00
  5.00000000E+00  1.92200000E+00  9.96312236E-01 -5.92025890E-02 -5.06615996E-02  9.99999975E-05  1.94909061E-03  7.57755237E+00
  5.00000000E+00  1.92500000E+00  9.96437055E-01 -5.91573345E-02 -5.06567046E-02  9.99999975E-05  1.94678478E-03  7.58980973E+00
  5.00000000E+00  1.92800000E+00  9.96561643E-01 -5.91121181E-02 -5.06518123E-02  9.99999975E-05  1.94448038E-03  7.60207776E+00
  5.00000000E+00  1.93100000E+00  9.96686000E-01 -5.90669398E-02 -5.06469226E-02  9.99999975E-05  1.94217742E-03  7.61435646E+00
  5.00000000E+00  1.93400000E+00  9.96810128E-01 -5.90217994E-02 -5.06420355E-02  9.99999975E-05  1.93987590E-03  7.62664585E+00
  5.00000000E+00  1.93700000E+00  9.96934026E-01 -5.89766970E-02 -5.06371510E-02  9.99999975E-05  1.93757584E-03  7.63894593E+00
  5.00000000E+00  1.94000000E+00  9.97057695E-01 -5.89316325E-02 -5.06322693E-02  9.99999975E-05  1.93527723E-03  7.65125672E+00
  5.00000000E+00  1.94300000E+00  9.97181135E-01 -5.88866058E-02 -5.06273901E-02  9.99999975E-05  1.93298008E-03  7.66357822E+00
  5.00000000E+00  1.94600000E+00  9.97304347E-01 -5.88416170E-02 -5.06225137E-02  9.99999975E-05  1.93068440E-03  7.67591044E+00
  5.00000000E+00  1.94900000E+00  9.97427330E-01 -5.87966658E-02 -5.06176397E-02  9.99999975E-05  1.92839020E-03  7.68825339E+00
  5.00000000E+00  1.95200000E+00  9.97550086E-01 -5.87517523E-02 -5.06127682E-02  9.99999975E-05  1.92609747E-03  7.70060707E+00
  5.00000000E+00  1.95500000E+00  9.97672615E-01 -5.87068764E-02 -5.06078993E-02  9.99999975E-05  1.92380623E-03  7.71297151E+00
  5.00000000E+00  1.95800000E+00  9.97794917E-01 -5.86620380E-02 -5.06030332E-02  9.99999975E-05  1.92151648E-03  7.72534670E+00
  5.00000000E+00  1.96100000E+00  9.97916993E-01 -5.86172372E-02 -5.05981698E-02  9.99999975E-05  1.91922823E-03  7.73773265E+00
  5.00000000E+00  1.96400000E+00  9.98038842E-01 -5.85724739E-02 -5.05933091E-02  9.99999975E-05  1.91694148E-03  7.75012937E+00
  5.00000000E+00  1.96700000E+00  9.98160465E-01 -5.85277480E-02 -5.05884511E-02  9.99999975E-05  1.91465624E-03  7.76253687E+00
  5.00000000E+00  1.97000000E+00  9.98281863E-01 -5.84830594E-02 -5.05835957E-02  9.99999975E-05  1.91237252E-03  7.77495515E+00
  5.00000000E+00  1.97300000E+00  9.98403036E-01 -5.84384082E-02 -5.05787430E-02  9.99999975E-05  1.91009031E-03  7.78738423E+00
  5.00000000E+00  1.97600000E+00  9.98523984E-01 -5.83937941E-02 -5.05738929E-02  9.99999975E-05  1.90780963E-03  7.79982410E+00
  5.00000000E+00  1.97900000E+00  9.98644707E-01 -5.83492173E-02 -5.05690454E-02  9.99999975E-05  1.90553049E-03  7.81227478E+00
  5.00000000E+00  1.98200000E+00  9.98765207E-01 -5.83046777E-02 -5.05642006E-02  9.99999975E-05  1.90325288E-03  7.82473626E+00
  5.00000000E+00  1.98500000E+00  9.98885483E-01 -5.82601751E-02 -5.05593585E-02  9.99999975E-05  1.90097681E-03  7.83720857E+00
  5.00000000E+00  1.98800000E+00  9.99005536E-01 -5.82157096E-02 -5.05545190E-02  9.99999975E-05  1.89870230E-03  7.84969170E+00
  5.00000000E+00  1.99100000E+00  9.99125366E-01 -5.81712810E-02 -5.05496821E-02  9.99999975E-05  1.89642934E-03  7.86218565E+00
  5.00000000E+00  1.99400000E+00  9.99244973E-01 -5.81268894E-02 -5.05448478E-02  9.99999975E-05  1.89415794E-03  7.87469045E+00
  5.00000000E+00  1.99700000E+00  9.99364357E-01 -5.80825347E-02 -5.05400162E-02  9.99999975E-05  1.89188811E-03  7.88720608E+00
  5.00000000E+00  2.00000000E+00  9.99483520E-01 -5.80382168E-02 -5.05351873E-02  9.99999975E-05  1.88961986E-03  7.89973256E+00
