               X               Y            VELX            VELY            PRES            TEMP            PS 1            PS 2  2.12500000E+03
 -4.00000000E+00  0.00000000E+00  0.00000000E+00  0.00000000E+00 -9.28135552E-02  1.00000005E-03  0.00000000E+00  0.00000000E+00
 -4.00000000E+00  2.00000000E-03  3.12072623E-01  0.00000000E+00 -9.25753431E-02  1.00000005E-03  2.24952376E-03  3.69446150E-03
 -4.00000000E+00  4.00000000E-03  4.18507785E-01 -7.98391038E-19 -9.23297242E-02  1.00000005E-03  3.38521701E-03  9.15013516E-03
 -4.00000000E+00  6.00000000E-03  4.70063783E-01  0.00000000E+00 -9.23496967E-02  1.00000005E-03  3.71955020E-03  1.52283309E-02
 -4.00000000E+00  8.00000000E-03  5.03587318E-01  0.00000000E+00 -9.24097122E-02  1.00000005E-03  3.86652404E-03  2.15176776E-02
 -4.00000000E+00  1.00000000E-02  5.28300309E-01  0.00000000E+00 -9.24397185E-02  1.00000005E-03  3.94766859E-03  2.79108756E-02
 -4.00000000E+00  1.20000000E-02  5.47827413E-01 -1.01911625E-20 -9.24434557E-02  1.00000005E-03  3.99844059E-03  3.43655738E-02
 -4.00000000E+00  1.40000000E-02  5.63950268E-01  0.00000000E+00 -9.24357020E-02  1.00000005E-03  4.03270711E-03  4.08607187E-02
 -4.00000000E+00  1.60000000E-02  5.77671043E-01 -1.93871815E-20 -9.24263810E-02  1.00000005E-03  4.05703773E-03  4.73843764E-02
 -4.00000000E+00  1.80000000E-02  5.89607947E-01  0.00000000E+00 -9.24196451E-02  1.00000005E-03  4.07493796E-03  5.39291556E-02
 -4.00000000E+00  2.00000000E-02  6.00168620E-01 -3.62635808E-20 -9.24161596E-02  1.00000005E-03  4.08844691E-03  6.04900866E-02
 -4.00000000E+00  2.20000000E-02  6.09635997E-01 -4.26055193E-20 -9.24151150E-02  1.00000005E-03  4.09883084E-03  6.70636158E-02
 -4.00000000E+00  2.40000000E-02  6.18214064E-01  0.00000000E+00 -9.24154892E-02  1.00000005E-03  4.10691353E-03  7.36471099E-02
 -4.00000000E+00  2.60000000E-02  6.26054809E-01  0.00000000E+00 -9.24164807E-02  1.00000005E-03  4.11325801E-03  8.02385031E-02
 -4.00000000E+00  2.80000000E-02  6.33274481E-01  0.00000000E+00 -9.24175843E-02  1.00000005E-03  4.11825829E-03  8.68361837E-02
 -4.00000000E+00  3.00000000E-02  6.39963977E-01  0.00000000E+00 -9.24185426E-02  1.00000005E-03  4.12219899E-03  9.34388435E-02
 -4.00000000E+00  3.20000000E-02  6.46195638E-01 -5.22747174E-20 -9.24192761E-02  1.00000005E-03  4.12529083E-03  1.00045411E-01
 -4.00000000E+00  3.40000000E-02  6.52027973E-01  0.00000000E+00 -9.24198028E-02  1.00000005E-03  4.12769260E-03  1.06655008E-01
 -4.00000000E+00  3.60000000E-02  6.57509020E-01  0.00000000E+00 -9.24201649E-02  1.00000005E-03  4.12952620E-03  1.13266899E-01
 -4.00000000E+00  3.80000000E-02  6.62678684E-01  0.00000000E+00 -9.24204003E-02  1.00000005E-03  4.13088660E-03  1.19880463E-01
 -4.00000000E+00  4.00000000E-02  6.67570411E-01  0.00000000E+00 -9.24205671E-02  1.00000005E-03  4.13184865E-03  1.26495188E-01
 -4.00000000E+00  4.20000000E-02  6.72212549E-01  0.00000000E+00 -9.24207081E-02  1.00000005E-03  4.13247230E-03  1.33110624E-01
 -4.00000000E+00  4.40000000E-02  6.76629345E-01  0.00000000E+00 -9.24208441E-02  1.00000005E-03  4.13280642E-03  1.39726386E-01
 -4.00000000E+00  4.60000000E-02  6.80841710E-01  0.00000000E+00 -9.24209720E-02  1.00000005E-03  4.13289050E-03  1.46342148E-01
 -4.00000000E+00  4.80000000E-02  6.84867772E-01  0.00000000E+00 -9.24210880E-02  1.00000005E-03  4.13275708E-03  1.52957658E-01
 -4.00000000E+00  5.00000000E-02  6.88723343E-01  0.00000000E+00 -9.24211954E-02  1.00000005E-03  4.13243350E-03  1.59572722E-01
 -4.00000000E+00  5.20000000E-02  6.92422301E-01  0.00000000E+00 -9.24213031E-02  1.00000005E-03  4.13194285E-03  1.66187191E-01
 -4.00000000E+00  5.40000000E-02  6.95976901E-01  0.00000000E+00 -9.24214188E-02  1.00000005E-03  4.13130468E-03  1.72800950E-01
 -4.00000000E+00  5.60000000E-02  6.99398025E-01  0.00000000E+00 -9.24215417E-02  1.00000005E-03  4.13053536E-03  1.79413895E-01
 -4.00000000E+00  5.80000000E-02  7.02695376E-01  0.00000000E+00 -9.24216618E-02  1.00000005E-03  4.12964868E-03  1.86025932E-01
 -4.00000000E+00  6.00000000E-02  7.05877636E-01  0.00000000E+00 -9.24217693E-02  1.00000005E-03  4.12865672E-03  1.92636978E-01
 -4.00000000E+00  6.20000000E-02  7.08952595E-01  0.00000000E+00 -9.24218644E-02  1.00000005E-03  4.12757056E-03  1.99246973E-01
 -4.00000000E+00  6.40000000E-02  7.11927291E-01  0.00000000E+00 -9.24219452E-02  1.00000005E-03  4.12639916E-03  2.05855859E-01
 -4.00000000E+00  6.60000000E-02  7.14808090E-01 -2.98399641E-20 -9.24220020E-02  1.00000005E-03  4.12515053E-03  2.12463585E-01
 -4.00000000E+00  6.80000000E-02  7.17600764E-01 -7.51993134E-20 -9.24220400E-02  1.00000005E-03  4.12383172E-03  2.19070107E-01
 -4.00000000E+00  7.00000000E-02  7.20310565E-01  0.00000000E+00 -9.24220720E-02  1.00000005E-03  4.12244897E-03  2.25675389E-01
 -4.00000000E+00  7.20000000E-02  7.22942288E-01  0.00000000E+00 -9.24221091E-02  1.00000005E-03  4.12100786E-03  2.32279398E-01
 -4.00000000E+00  7.40000000E-02  7.25500327E-01  0.00000000E+00 -9.24221563E-02  1.00000005E-03  4.11951332E-03  2.38882103E-01
 -4.00000000E+00  7.60000000E-02  7.27988719E-01  0.00000000E+00 -9.24222112E-02  1.00000005E-03  4.11796978E-03  2.45483476E-01
 -4.00000000E+00  7.80000000E-02  7.30411183E-01  0.00000000E+00 -9.24222661E-02  1.00000005E-03  4.11638116E-03  2.52083491E-01
 -4.00000000E+00  8.00000000E-02  7.32771149E-01  0.00000000E+00 -9.24223111E-02  1.00000005E-03  4.11475101E-03  2.58682125E-01
 -4.00000000E+00  8.20000000E-02  7.35071788E-01  0.00000000E+00 -9.24223379E-02  1.00000005E-03  4.11308251E-03  2.65279361E-01
 -4.00000000E+00  8.40000000E-02  7.37316031E-01  0.00000000E+00 -9.24223435E-02  1.00000005E-03  4.11137853E-03  2.71875182E-01
 -4.00000000E+00  8.60000000E-02  7.39506596E-01  0.00000000E+00 -9.24223314E-02  1.00000005E-03  4.10964170E-03  2.78469579E-01
 -4.00000000E+00  8.80000000E-02  7.41646001E-01 -4.06712194E-20 -9.24223115E-02  1.00000005E-03  4.10787439E-03  2.85062543E-01
 -4.00000000E+00  9.00000000E-02  7.43736592E-01  0.00000000E+00 -9.24222956E-02  1.00000005E-03  4.10607879E-03  2.91654063E-01
 -4.00000000E+00  9.20000000E-02  7.45780556E-01  0.00000000E+00 -9.24222883E-02  1.00000005E-03  4.10425688E-03  2.98244122E-01
 -4.00000000E+00  9.40000000E-02  7.47779954E-01  0.00000000E+00 -9.24222725E-02  1.00000005E-03  4.10241046E-03  3.04832691E-01
 -4.00000000E+00  9.60000000E-02  7.49736720E-01  0.00000000E+00 -9.24222401E-02  1.00000005E-03  4.10054098E-03  3.11419797E-01
 -4.00000000E+00  9.80000000E-02  7.51652639E-01  0.00000000E+00 -9.24221912E-02  1.00000005E-03  4.09865008E-03  3.18005442E-01
 -4.00000000E+00  1.00000000E-01  7.53529392E-01  0.00000000E+00 -9.24221296E-02  1.00000005E-03  4.09673917E-03  3.24589613E-01
 -4.00000000E+00  1.02000000E-01  7.55368561E-01 -1.03350924E-19 -9.24220580E-02  1.00000005E-03  4.09480953E-03  3.31172300E-01
 -4.00000000E+00  1.04000000E-01  7.57171634E-01  0.00000000E+00 -9.24219779E-02  1.00000005E-03  4.09286233E-03  3.37753499E-01
 -4.00000000E+00  1.06000000E-01  7.58940012E-01 -1.08943239E-19 -9.24218900E-02  1.00000005E-03  4.09089867E-03  3.44333205E-01
 -4.00000000E+00  1.08000000E-01  7.60675018E-01  0.00000000E+00 -9.24217947E-02  1.00000005E-03  4.08891954E-03  3.50911416E-01
 -4.00000000E+00  1.10000000E-01  7.62377898E-01  0.00000000E+00 -9.24216923E-02  1.00000005E-03  4.08692588E-03  3.57488134E-01
 -4.00000000E+00  1.12000000E-01  7.64049832E-01  0.00000000E+00 -9.24215834E-02  1.00000005E-03  4.08491854E-03  3.64063358E-01
 -4.00000000E+00  1.14000000E-01  7.65691934E-01  0.00000000E+00 -9.24214685E-02  1.00000005E-03  4.08289833E-03  3.70637090E-01
 -4.00000000E+00  1.16000000E-01  7.67305259E-01  0.00000000E+00 -9.24213481E-02  1.00000005E-03  4.08086598E-03  3.77209335E-01
 -4.00000000E+00  1.18000000E-01  7.68890809E-01  0.00000000E+00 -9.24212229E-02  1.00000005E-03  4.07882218E-03  3.83780093E-01
 -4.00000000E+00  1.20000000E-01  7.70449532E-01  0.00000000E+00 -9.24210933E-02  1.00000005E-03  4.07676757E-03  3.90349370E-01
 -4.00000000E+00  1.22000000E-01  7.71982330E-01  0.00000000E+00 -9.24209596E-02  1.00000005E-03  4.07470276E-03  3.96917168E-01
 -4.00000000E+00  1.24000000E-01  7.73490061E-01  0.00000000E+00 -9.24208216E-02  1.00000005E-03  4.07262830E-03  4.03483492E-01
 -4.00000000E+00  1.26000000E-01  7.74973540E-01  0.00000000E+00 -9.24206788E-02  1.00000005E-03  4.07054471E-03  4.10048345E-01
 -4.00000000E+00  1.28000000E-01  7.76433545E-01  0.00000000E+00 -9.24205298E-02  1.00000005E-03  4.06845249E-03  4.16611732E-01
 -4.00000000E+00  1.30000000E-01  7.77870814E-01  0.00000000E+00 -9.24203731E-02  1.00000005E-03  4.06635209E-03  4.23173656E-01
 -4.00000000E+00  1.32000000E-01  7.79286054E-01  0.00000000E+00 -9.24202064E-02  1.00000005E-03  4.06424396E-03  4.29734122E-01
 -4.00000000E+00  1.34000000E-01  7.80679938E-01 -7.23831507E-20 -9.24200274E-02  1.00000005E-03  4.06212849E-03  4.36293133E-01
 -4.00000000E+00  1.36000000E-01  7.82053109E-01  0.00000000E+00 -9.24198337E-02  1.00000005E-03  4.06000607E-03  4.42850696E-01
 -4.00000000E+00  1.38000000E-01  7.83406182E-01  0.00000000E+00 -9.24196234E-02  1.00000005E-03  4.05787706E-03  4.49406813E-01
 -4.00000000E+00  1.40000000E-01  7.84739742E-01  0.00000000E+00 -9.24193959E-02  1.00000005E-03  4.05574180E-03  4.55961491E-01
 -4.00000000E+00  1.42000000E-01  7.86054351E-01  0.00000000E+00 -9.24191522E-02  1.00000005E-03  4.05360060E-03  4.62514735E-01
 -4.00000000E+00  1.44000000E-01  7.87350546E-01  0.00000000E+00 -9.24188964E-02  1.00000005E-03  4.05145376E-03  4.69066550E-01
 -4.00000000E+00  1.46000000E-01  7.88628846E-01 -1.93156293E-19 -9.24186200E-02  1.00000005E-03  4.04930157E-03  4.75616947E-01
 -4.00000000E+00  1.48000000E-01  7.89889726E-01  0.00000000E+00 -9.24183644E-02  1.00000005E-03  4.04714429E-03  4.82165921E-01
 -4.00000000E+00  1.50000000E-01  7.91133663E-01  0.00000000E+00 -9.24181173E-02  1.00000005E-03  4.04498218E-03  4.88713485E-01
 -4.00000000E+00  1.52000000E-01  7.92361116E-01 -5.49907645E-20 -9.24178700E-02  1.00000005E-03  4.04281546E-03  4.95259647E-01
 -4.00000000E+00  1.54000000E-01  7.93572522E-01  0.00000000E+00 -9.24176163E-02  1.00000005E-03  4.04064435E-03  5.01804418E-01
 -4.00000000E+00  1.56000000E-01  7.94768303E-01  0.00000000E+00 -9.24173526E-02  1.00000005E-03  4.03846906E-03  5.08347805E-01
 -4.00000000E+00  1.58000000E-01  7.95948862E-01  0.00000000E+00 -9.24170771E-02  1.00000005E-03  4.03628980E-03  5.14889816E-01
 -4.00000000E+00  1.60000000E-01  7.97114587E-01 -4.13172866E-19 -9.24167892E-02  1.00000005E-03  4.03410675E-03  5.21430457E-01
 -4.00000000E+00  1.62000000E-01  7.98265850E-01 -1.97271261E-19 -9.24164891E-02  1.00000005E-03  4.03192010E-03  5.27969736E-01
 -4.00000000E+00  1.64000000E-01  7.99403011E-01  0.00000000E+00 -9.24161780E-02  1.00000005E-03  4.02973002E-03  5.34507658E-01
 -4.00000000E+00  1.66000000E-01  8.00526415E-01  0.00000000E+00 -9.24158569E-02  1.00000005E-03  4.02753666E-03  5.41044231E-01
 -4.00000000E+00  1.68000000E-01  8.01636393E-01 -5.85842518E-19 -9.24155272E-02  1.00000005E-03  4.02534019E-03  5.47579460E-01
 -4.00000000E+00  1.70000000E-01  8.02733268E-01  0.00000000E+00 -9.24151901E-02  1.00000005E-03  4.02314075E-03  5.54113354E-01
 -4.00000000E+00  1.72000000E-01  8.03817348E-01  0.00000000E+00 -9.24148467E-02  1.00000005E-03  4.02093849E-03  5.60645919E-01
 -4.00000000E+00  1.74000000E-01  8.04888933E-01  0.00000000E+00 -9.24144977E-02  1.00000005E-03  4.01873354E-03  5.67177161E-01
 -4.00000000E+00  1.76000000E-01  8.05948309E-01  0.00000000E+00 -9.24141436E-02  1.00000005E-03  4.01652602E-03  5.73707090E-01
 -4.00000000E+00  1.78000000E-01  8.06995757E-01  0.00000000E+00 -9.24137846E-02  1.00000005E-03  4.01431606E-03  5.80235712E-01
 -4.00000000E+00  1.80000000E-01  8.08031545E-01  0.00000000E+00 -9.24134203E-02  1.00000005E-03  4.01210377E-03  5.86763036E-01
 -4.00000000E+00  1.82000000E-01  8.09055934E-01  0.00000000E+00 -9.24130505E-02  1.00000005E-03  4.00988927E-03  5.93289069E-01
 -4.00000000E+00  1.84000000E-01  8.10069175E-01  0.00000000E+00 -9.24126745E-02  1.00000005E-03  4.00767265E-03  5.99813820E-01
 -4.00000000E+00  1.86000000E-01  8.11071513E-01  0.00000000E+00 -9.24122914E-02  1.00000005E-03  4.00545402E-03  6.06337298E-01
 -4.00000000E+00  1.88000000E-01  8.12063183E-01  0.00000000E+00 -9.24119005E-02  1.00000005E-03  4.00323348E-03  6.12859509E-01
 -4.00000000E+00  1.90000000E-01  8.13044413E-01  0.00000000E+00 -9.24115009E-02  1.00000005E-03  4.00101111E-03  6.19380464E-01
 -4.00000000E+00  1.92000000E-01  8.14015424E-01  0.00000000E+00 -9.24110919E-02  1.00000005E-03  3.99878700E-03  6.25900170E-01
 -4.00000000E+00  1.94000000E-01  8.14976430E-01  0.00000000E+00 -9.24106730E-02  1.00000005E-03  3.99656123E-03  6.32418634E-01
 -4.00000000E+00  1.96000000E-01  8.15927639E-01 -2.32480203E-19 -9.24102439E-02  1.00000005E-03  3.99433389E-03  6.38935867E-01
 -4.00000000E+00  1.98000000E-01  8.16869251E-01  0.00000000E+00 -9.24098044E-02  1.00000005E-03  3.99210505E-03  6.45451874E-01
 -4.00000000E+00  2.00000000E-01  8.17801460E-01  0.00000000E+00 -9.24093548E-02  1.00000005E-03  3.98987479E-03  6.51966664E-01
 -4.00000000E+00  2.02000000E-01  8.18724455E-01  0.00000000E+00 -9.24088956E-02  1.00000005E-03  3.98764317E-03  6.58480244E-01
 -4.00000000E+00  2.04000000E-01  8.19638418E-01 -2.68250638E-19 -9.24084275E-02  1.00000005E-03  3.98541026E-03  6.64992622E-01
 -4.00000000E+00  2.06000000E-01  8.20543527E-01 -2.71647054E-19 -9.24079515E-02  1.00000005E-03  3.98317612E-03  6.71503805E-01
 -4.00000000E+00  2.08000000E-01  8.21439954E-01  0.00000000E+00 -9.24074683E-02  1.00000005E-03  3.98094083E-03  6.78013801E-01
 -4.00000000E+00  2.10000000E-01  8.22327864E-01  0.00000000E+00 -9.24069789E-02  1.00000005E-03  3.97870442E-03  6.84522616E-01
 -4.00000000E+00  2.12000000E-01  8.23207422E-01  0.00000000E+00 -9.24064835E-02  1.00000005E-03  3.97646697E-03  6.91030259E-01
 -4.00000000E+00  2.14000000E-01  8.24078784E-01  0.00000000E+00 -9.24059821E-02  1.00000005E-03  3.97422853E-03  6.97536737E-01
 -4.00000000E+00  2.16000000E-01  8.24942105E-01  0.00000000E+00 -9.24054735E-02  1.00000005E-03  3.97198914E-03  7.04042060E-01
 -4.00000000E+00  2.18000000E-01  8.25797535E-01  0.00000000E+00 -9.24049551E-02  1.00000005E-03  3.96974886E-03  7.10546236E-01
 -4.00000000E+00  2.20000000E-01  8.26645220E-01  0.00000000E+00 -9.24044246E-02  1.00000005E-03  3.96750774E-03  7.17049274E-01
 -4.00000000E+00  2.22000000E-01  8.27485297E-01  0.00000000E+00 -9.24038912E-02  1.00000005E-03  3.96526582E-03  7.23551177E-01
 -4.00000000E+00  2.24000000E-01  8.28317904E-01  0.00000000E+00 -9.24033554E-02  1.00000005E-03  3.96302313E-03  7.30051956E-01
 -4.00000000E+00  2.26000000E-01  8.29143175E-01 -3.05358762E-19 -9.24028153E-02  1.00000005E-03  3.96077974E-03  7.36551619E-01
 -4.00000000E+00  2.28000000E-01  8.29961240E-01  0.00000000E+00 -9.24022698E-02  1.00000005E-03  3.95853567E-03  7.43050173E-01
 -4.00000000E+00  2.30000000E-01  8.30772226E-01  0.00000000E+00 -9.24017178E-02  1.00000005E-03  3.95629097E-03  7.49547626E-01
 -4.00000000E+00  2.32000000E-01  8.31576257E-01  0.00000000E+00 -9.24011586E-02  1.00000005E-03  3.95404568E-03  7.56043986E-01
 -4.00000000E+00  2.34000000E-01  8.32373453E-01  0.00000000E+00 -9.24005915E-02  1.00000005E-03  3.95179983E-03  7.62539261E-01
 -4.00000000E+00  2.36000000E-01  8.33163931E-01 -3.22126280E-19 -9.24000162E-02  1.00000005E-03  3.94955346E-03  7.69033461E-01
 -4.00000000E+00  2.38000000E-01  8.33947806E-01  0.00000000E+00 -9.23994325E-02  1.00000005E-03  3.94730660E-03  7.75526592E-01
 -4.00000000E+00  2.40000000E-01  8.34725189E-01  0.00000000E+00 -9.23988403E-02  1.00000005E-03  3.94505929E-03  7.82018662E-01
 -4.00000000E+00  2.42000000E-01  8.35496187E-01 -3.32173496E-19 -9.23982396E-02  1.00000005E-03  3.94281156E-03  7.88509681E-01
 -4.00000000E+00  2.44000000E-01  8.36260907E-01  0.00000000E+00 -9.23976303E-02  1.00000005E-03  3.94056344E-03  7.94999656E-01
 -4.00000000E+00  2.46000000E-01  8.37019451E-01  0.00000000E+00 -9.23970127E-02  1.00000005E-03  3.93831496E-03  8.01488595E-01
 -4.00000000E+00  2.48000000E-01  8.37771920E-01  0.00000000E+00 -9.23963868E-02  1.00000005E-03  3.93606614E-03  8.07976505E-01
 -4.00000000E+00  2.50000000E-01  8.38518412E-01  0.00000000E+00 -9.23957530E-02  1.00000005E-03  3.93381701E-03  8.14463396E-01
 -4.00000000E+00  2.52000000E-01  8.39259023E-01 -4.09532632E-19 -9.23951113E-02  1.00000005E-03  3.93156760E-03  8.20949275E-01
 -4.00000000E+00  2.54000000E-01  8.39993845E-01  0.00000000E+00 -9.23944621E-02  1.00000005E-03  3.92931793E-03  8.27434150E-01
 -4.00000000E+00  2.56000000E-01  8.40722971E-01  0.00000000E+00 -9.23938054E-02  1.00000005E-03  3.92706804E-03  8.33918028E-01
 -4.00000000E+00  2.58000000E-01  8.41446488E-01  0.00000000E+00 -9.23931414E-02  1.00000005E-03  3.92481793E-03  8.40400918E-01
 -4.00000000E+00  2.60000000E-01  8.42164484E-01  0.00000000E+00 -9.23924704E-02  1.00000005E-03  3.92256764E-03  8.46882826E-01
 -4.00000000E+00  2.62000000E-01  8.42877044E-01 -4.76675470E-20 -9.23917924E-02  1.00000005E-03  3.92031718E-03  8.53363761E-01
 -4.00000000E+00  2.64000000E-01  8.43584250E-01  0.00000000E+00 -9.23911076E-02  1.00000005E-03  3.91806658E-03  8.59843731E-01
 -4.00000000E+00  2.66000000E-01  8.44286185E-01  0.00000000E+00 -9.23904160E-02  1.00000005E-03  3.91581587E-03  8.66322743E-01
 -4.00000000E+00  2.68000000E-01  8.44982926E-01  0.00000000E+00 -9.23897176E-02  1.00000005E-03  3.91356504E-03  8.72800804E-01
 -4.00000000E+00  2.70000000E-01  8.45674551E-01  0.00000000E+00 -9.23890126E-02  1.00000005E-03  3.91131414E-03  8.79277922E-01
 -4.00000000E+00  2.72000000E-01  8.46361137E-01  0.00000000E+00 -9.23883008E-02  1.00000005E-03  3.90906318E-03  8.85754105E-01
 -4.00000000E+00  2.74000000E-01  8.47042757E-01  0.00000000E+00 -9.23875823E-02  1.00000005E-03  3.90681216E-03  8.92229359E-01
 -4.00000000E+00  2.76000000E-01  8.47719484E-01  0.00000000E+00 -9.23868570E-02  1.00000005E-03  3.90456112E-03  8.98703694E-01
 -4.00000000E+00  2.78000000E-01  8.48391388E-01  0.00000000E+00 -9.23861248E-02  1.00000005E-03  3.90231007E-03  9.05177115E-01
 -4.00000000E+00  2.80000000E-01  8.49058539E-01  0.00000000E+00 -9.23853855E-02  1.00000005E-03  3.90005902E-03  9.11649631E-01
 -4.00000000E+00  2.82000000E-01  8.49721005E-01  0.00000000E+00 -9.23846392E-02  1.00000005E-03  3.89780800E-03  9.18121250E-01
 -4.00000000E+00  2.84000000E-01  8.50378852E-01  0.00000000E+00 -9.23838856E-02  1.00000005E-03  3.89555701E-03  9.24591977E-01
 -4.00000000E+00  2.86000000E-01  8.51032145E-01  0.00000000E+00 -9.23831247E-02  1.00000005E-03  3.89330607E-03  9.31061823E-01
 -4.00000000E+00  2.88000000E-01  8.51680948E-01  0.00000000E+00 -9.23823564E-02  1.00000005E-03  3.89105519E-03  9.37530793E-01
 -4.00000000E+00  2.90000000E-01  8.52325323E-01  0.00000000E+00 -9.23815805E-02  1.00000005E-03  3.88880440E-03  9.43998895E-01
 -4.00000000E+00  2.92000000E-01  8.52965332E-01  0.00000000E+00 -9.23807970E-02  1.00000005E-03  3.88655369E-03  9.50466138E-01
 -4.00000000E+00  2.94000000E-01  8.53601033E-01 -4.17879814E-19 -9.23800058E-02  1.00000005E-03  3.88430309E-03  9.56932529E-01
 -4.00000000E+00  2.96000000E-01  8.54232486E-01 -1.28167781E-19 -9.23792068E-02  1.00000005E-03  3.88205260E-03  9.63398075E-01
 -4.00000000E+00  2.98000000E-01  8.54859747E-01 -4.24360600E-19 -9.23784000E-02  1.00000005E-03  3.87980224E-03  9.69862784E-01
 -4.00000000E+00  3.00000000E-01  8.55482873E-01  0.00000000E+00 -9.23775855E-02  1.00000005E-03  3.87755201E-03  9.76326664E-01
 -4.00000000E+00  3.02000000E-01  8.56101919E-01  0.00000000E+00 -9.23767631E-02  1.00000005E-03  3.87530194E-03  9.82789723E-01
 -4.00000000E+00  3.04000000E-01  8.56716939E-01  0.00000000E+00 -9.23759331E-02  1.00000005E-03  3.87305202E-03  9.89251969E-01
 -4.00000000E+00  3.06000000E-01  8.57327985E-01  0.00000000E+00 -9.23750955E-02  1.00000005E-03  3.87080228E-03  9.95713408E-01
 -4.00000000E+00  3.08000000E-01  8.57935109E-01  0.00000000E+00 -9.23742504E-02  1.00000005E-03  3.86855271E-03  1.00217405E+00
 -4.00000000E+00  3.10000000E-01  8.58538362E-01  0.00000000E+00 -9.23733979E-02  1.00000005E-03  3.86630333E-03  1.00863390E+00
 -4.00000000E+00  3.12000000E-01  8.59137794E-01 -4.46861017E-19 -9.23725383E-02  1.00000005E-03  3.86405415E-03  1.01509297E+00
 -4.00000000E+00  3.14000000E-01  8.59733453E-01 -2.15241036E-19 -9.23716717E-02  1.00000005E-03  3.86180517E-03  1.02155126E+00
 -4.00000000E+00  3.16000000E-01  8.60325387E-01  0.00000000E+00 -9.23707983E-02  1.00000005E-03  3.85955641E-03  1.02800878E+00
 -4.00000000E+00  3.18000000E-01  8.60913643E-01  0.00000000E+00 -9.23699185E-02  1.00000005E-03  3.85730787E-03  1.03446555E+00
 -4.00000000E+00  3.20000000E-01  8.61498268E-01  0.00000000E+00 -9.23690323E-02  1.00000005E-03  3.85505957E-03  1.04092155E+00
 -4.00000000E+00  3.22000000E-01  8.62079305E-01 -5.43221965E-19 -9.23681400E-02  1.00000005E-03  3.85281152E-03  1.04737681E+00
 -4.00000000E+00  3.24000000E-01  8.62656801E-01  0.00000000E+00 -9.23672418E-02  1.00000005E-03  3.85056371E-03  1.05383133E+00
 -4.00000000E+00  3.26000000E-01  8.63230798E-01  0.00000000E+00 -9.23663378E-02  1.00000005E-03  3.84831617E-03  1.06028512E+00
 -4.00000000E+00  3.28000000E-01  8.63801338E-01  0.00000000E+00 -9.23654281E-02  1.00000005E-03  3.84606890E-03  1.06673818E+00
 -4.00000000E+00  3.30000000E-01  8.64368465E-01  0.00000000E+00 -9.23645126E-02  1.00000005E-03  3.84382192E-03  1.07319051E+00
 -4.00000000E+00  3.32000000E-01  8.64932220E-01  0.00000000E+00 -9.23635911E-02  1.00000005E-03  3.84157522E-03  1.07964213E+00
 -4.00000000E+00  3.34000000E-01  8.65492642E-01  0.00000000E+00 -9.23626622E-02  1.00000005E-03  3.83932881E-03  1.08609305E+00
 -4.00000000E+00  3.36000000E-01  8.66049773E-01 -1.51771855E-18 -9.23617260E-02  1.00000005E-03  3.83708269E-03  1.09254327E+00
 -4.00000000E+00  3.38000000E-01  8.66603651E-01  0.00000000E+00 -9.23607826E-02  1.00000005E-03  3.83483687E-03  1.09899280E+00
 -4.00000000E+00  3.40000000E-01  8.67154314E-01  0.00000000E+00 -9.23598320E-02  1.00000005E-03  3.83259137E-03  1.10544165E+00
 -4.00000000E+00  3.42000000E-01  8.67701800E-01 -2.36377420E-19 -9.23588743E-02  1.00000005E-03  3.83034617E-03  1.11188982E+00
 -4.00000000E+00  3.44000000E-01  8.68246146E-01  0.00000000E+00 -9.23579094E-02  1.00000005E-03  3.82810130E-03  1.11833732E+00
 -4.00000000E+00  3.46000000E-01  8.68787389E-01  0.00000000E+00 -9.23569373E-02  1.00000005E-03  3.82585675E-03  1.12478416E+00
 -4.00000000E+00  3.48000000E-01  8.69325564E-01  0.00000000E+00 -9.23559581E-02  1.00000005E-03  3.82361254E-03  1.13123035E+00
 -4.00000000E+00  3.50000000E-01  8.69860707E-01  0.00000000E+00 -9.23549718E-02  1.00000005E-03  3.82136866E-03  1.13767588E+00
 -4.00000000E+00  3.52000000E-01  8.70392852E-01  0.00000000E+00 -9.23539783E-02  1.00000005E-03  3.81912512E-03  1.14412078E+00
 -4.00000000E+00  3.54000000E-01  8.70922033E-01  0.00000000E+00 -9.23529777E-02  1.00000005E-03  3.81688192E-03  1.15056505E+00
 -4.00000000E+00  3.56000000E-01  8.71448284E-01  0.00000000E+00 -9.23519698E-02  1.00000005E-03  3.81463908E-03  1.15700869E+00
 -4.00000000E+00  3.58000000E-01  8.71971636E-01  0.00000000E+00 -9.23509548E-02  1.00000005E-03  3.81239659E-03  1.16345171E+00
 -4.00000000E+00  3.60000000E-01  8.72492123E-01 -2.49850995E-19 -9.23499327E-02  1.00000005E-03  3.81015446E-03  1.16989412E+00
 -4.00000000E+00  3.62000000E-01  8.73009776E-01  0.00000000E+00 -9.23489033E-02  1.00000005E-03  3.80791269E-03  1.17633592E+00
 -4.00000000E+00  3.64000000E-01  8.73524626E-01 -5.28638226E-19 -9.23478668E-02  1.00000005E-03  3.80567129E-03  1.18277713E+00
 -4.00000000E+00  3.66000000E-01  8.74036704E-01  0.00000000E+00 -9.23468231E-02  1.00000005E-03  3.80343026E-03  1.18921775E+00
 -4.00000000E+00  3.68000000E-01  8.74546040E-01 -6.27858904E-19 -9.23457722E-02  1.00000005E-03  3.80118961E-03  1.19565778E+00
 -4.00000000E+00  3.70000000E-01  8.75052664E-01 -1.63720262E-19 -9.23447142E-02  1.00000005E-03  3.79894934E-03  1.20209724E+00
 -4.00000000E+00  3.72000000E-01  8.75556604E-01  0.00000000E+00 -9.23436490E-02  1.00000005E-03  3.79670945E-03  1.20853613E+00
 -4.00000000E+00  3.74000000E-01  8.76057890E-01  0.00000000E+00 -9.23425768E-02  1.00000005E-03  3.79446995E-03  1.21497446E+00
 -4.00000000E+00  3.76000000E-01  8.76556550E-01  0.00000000E+00 -9.23414974E-02  1.00000005E-03  3.79223083E-03  1.22141223E+00
 -4.00000000E+00  3.78000000E-01  8.77052610E-01 -1.05269126E-18 -9.23404109E-02  1.00000005E-03  3.78999211E-03  1.22784946E+00
 -4.00000000E+00  3.80000000E-01  8.77546100E-01  0.00000000E+00 -9.23393174E-02  1.00000005E-03  3.78775379E-03  1.23428614E+00
 -4.00000000E+00  3.82000000E-01  8.78037045E-01  0.00000000E+00 -9.23382168E-02  1.00000005E-03  3.78551587E-03  1.24072229E+00
 -4.00000000E+00  3.84000000E-01  8.78525472E-01  0.00000000E+00 -9.23371093E-02  1.00000005E-03  3.78327835E-03  1.24715791E+00
 -4.00000000E+00  3.86000000E-01  8.79011407E-01  0.00000000E+00 -9.23359948E-02  1.00000005E-03  3.78104124E-03  1.25359302E+00
 -4.00000000E+00  3.88000000E-01  8.79494876E-01  0.00000000E+00 -9.23348734E-02  1.00000005E-03  3.77880454E-03  1.26002761E+00
 -4.00000000E+00  3.90000000E-01  8.79975904E-01  0.00000000E+00 -9.23337451E-02  1.00000005E-03  3.77656825E-03  1.26646169E+00
 -4.00000000E+00  3.92000000E-01  8.80454515E-01  0.00000000E+00 -9.23326100E-02  1.00000005E-03  3.77433237E-03  1.27289528E+00
 -4.00000000E+00  3.94000000E-01  8.80930735E-01  0.00000000E+00 -9.23314681E-02  1.00000005E-03  3.77209692E-03  1.27932837E+00
 -4.00000000E+00  3.96000000E-01  8.81404587E-01  0.00000000E+00 -9.23303195E-02  1.00000005E-03  3.76986188E-03  1.28576097E+00
 -4.00000000E+00  3.98000000E-01  8.81876094E-01  0.00000000E+00 -9.23291642E-02  1.00000005E-03  3.76762727E-03  1.29219310E+00
 -4.00000000E+00  4.00000000E-01  8.82345281E-01  0.00000000E+00 -9.23280022E-02  1.00000005E-03  3.76539309E-03  1.29862476E+00
 -4.00000000E+00  4.02000000E-01  8.82812171E-01  0.00000000E+00 -9.23268336E-02  1.00000005E-03  3.76315933E-03  1.30505595E+00
 -4.00000000E+00  4.04000000E-01  8.83276786E-01  0.00000000E+00 -9.23256584E-02  1.00000005E-03  3.76092601E-03  1.31148668E+00
 -4.00000000E+00  4.06000000E-01  8.83739147E-01  0.00000000E+00 -9.23244766E-02  1.00000005E-03  3.75869311E-03  1.31791696E+00
 -4.00000000E+00  4.08000000E-01  8.84199279E-01  0.00000000E+00 -9.23232883E-02  1.00000005E-03  3.75646066E-03  1.32434680E+00
 -4.00000000E+00  4.10000000E-01  8.84657201E-01  0.00000000E+00 -9.23220935E-02  1.00000005E-03  3.75422864E-03  1.33077620E+00
 -4.00000000E+00  4.12000000E-01  8.85112936E-01  0.00000000E+00 -9.23208923E-02  1.00000005E-03  3.75199706E-03  1.33720516E+00
 -4.00000000E+00  4.14000000E-01  8.85566504E-01  0.00000000E+00 -9.23196846E-02  1.00000005E-03  3.74976593E-03  1.34363371E+00
 -4.00000000E+00  4.16000000E-01  8.86017926E-01  0.00000000E+00 -9.23184705E-02  1.00000005E-03  3.74753523E-03  1.35006183E+00
 -4.00000000E+00  4.18000000E-01  8.86467223E-01  0.00000000E+00 -9.23172499E-02  1.00000005E-03  3.74530499E-03  1.35648955E+00
 -4.00000000E+00  4.20000000E-01  8.86914415E-01  0.00000000E+00 -9.23160230E-02  1.00000005E-03  3.74307519E-03  1.36291686E+00
 -4.00000000E+00  4.22000000E-01  8.87359522E-01  0.00000000E+00 -9.23147896E-02  1.00000005E-03  3.74084584E-03  1.36934377E+00
 -4.00000000E+00  4.24000000E-01  8.87802563E-01 -6.19754299E-19 -9.23135498E-02  1.00000005E-03  3.73861694E-03  1.37577029E+00
 -4.00000000E+00  4.26000000E-01  8.88243558E-01  0.00000000E+00 -9.23123036E-02  1.00000005E-03  3.73638850E-03  1.38219643E+00
 -4.00000000E+00  4.28000000E-01  8.88682526E-01  0.00000000E+00 -9.23110509E-02  1.00000005E-03  3.73416050E-03  1.38862219E+00
 -4.00000000E+00  4.30000000E-01  8.89119485E-01  0.00000000E+00 -9.23097917E-02  1.00000005E-03  3.73193297E-03  1.39504758E+00
 -4.00000000E+00  4.32000000E-01  8.89554454E-01  0.00000000E+00 -9.23085260E-02  1.00000005E-03  3.72970589E-03  1.40147261E+00
 -4.00000000E+00  4.34000000E-01  8.89987452E-01  0.00000000E+00 -9.23072538E-02  1.00000005E-03  3.72747927E-03  1.40789728E+00
 -4.00000000E+00  4.36000000E-01  8.90418496E-01  0.00000000E+00 -9.23059750E-02  1.00000005E-03  3.72525311E-03  1.41432159E+00
 -4.00000000E+00  4.38000000E-01  8.90847604E-01  0.00000000E+00 -9.23046896E-02  1.00000005E-03  3.72302741E-03  1.42074557E+00
 -4.00000000E+00  4.40000000E-01  8.91274794E-01  0.00000000E+00 -9.23033975E-02  1.00000005E-03  3.72080218E-03  1.42716921E+00
 -4.00000000E+00  4.42000000E-01  8.91700083E-01  0.00000000E+00 -9.23020987E-02  1.00000005E-03  3.71857741E-03  1.43359251E+00
 -4.00000000E+00  4.44000000E-01  8.92123488E-01  0.00000000E+00 -9.23007931E-02  1.00000005E-03  3.71635310E-03  1.44001549E+00
 -4.00000000E+00  4.46000000E-01  8.92545026E-01 -6.52297572E-19 -9.22994806E-02  1.00000005E-03  3.71412925E-03  1.44643816E+00
 -4.00000000E+00  4.48000000E-01  8.92964713E-01  0.00000000E+00 -9.22981613E-02  1.00000005E-03  3.71190588E-03  1.45286051E+00
 -4.00000000E+00  4.50000000E-01  8.93382567E-01  0.00000000E+00 -9.22968350E-02  1.00000005E-03  3.70968297E-03  1.45928256E+00
 -4.00000000E+00  4.52000000E-01  8.93798602E-01 -5.46138767E-19 -9.22955017E-02  1.00000005E-03  3.70746052E-03  1.46570432E+00
 -4.00000000E+00  4.54000000E-01  8.94212836E-01 -6.64049574E-19 -9.22941613E-02  1.00000005E-03  3.70523855E-03  1.47212578E+00
 -4.00000000E+00  4.56000000E-01  8.94625284E-01 -6.66981303E-19 -9.22928138E-02  1.00000005E-03  3.70301704E-03  1.47854696E+00
 -4.00000000E+00  4.58000000E-01  8.95035960E-01  0.00000000E+00 -9.22914592E-02  1.00000005E-03  3.70079601E-03  1.48496786E+00
 -4.00000000E+00  4.60000000E-01  8.95444882E-01  0.00000000E+00 -9.22900973E-02  1.00000005E-03  3.69857545E-03  1.49138848E+00
 -4.00000000E+00  4.62000000E-01  8.95852063E-01  0.00000000E+00 -9.22887283E-02  1.00000005E-03  3.69635535E-03  1.49780885E+00
 -4.00000000E+00  4.64000000E-01  8.96257519E-01  0.00000000E+00 -9.22873520E-02  1.00000005E-03  3.69413573E-03  1.50422896E+00
 -4.00000000E+00  4.66000000E-01  8.96661264E-01 -3.25983461E-19 -9.22859686E-02  1.00000005E-03  3.69191658E-03  1.51064881E+00
 -4.00000000E+00  4.68000000E-01  8.97063314E-01  0.00000000E+00 -9.22845779E-02  1.00000005E-03  3.68969791E-03  1.51706843E+00
 -4.00000000E+00  4.70000000E-01  8.97463681E-01 -6.87431034E-19 -9.22831801E-02  1.00000005E-03  3.68747970E-03  1.52348780E+00
 -4.00000000E+00  4.72000000E-01  8.97862381E-01  0.00000000E+00 -9.22817753E-02  1.00000005E-03  3.68526197E-03  1.52990694E+00
 -4.00000000E+00  4.74000000E-01  8.98259427E-01  0.00000000E+00 -9.22803634E-02  1.00000005E-03  3.68304472E-03  1.53632586E+00
 -4.00000000E+00  4.76000000E-01  8.98654834E-01  0.00000000E+00 -9.22789447E-02  1.00000005E-03  3.68082794E-03  1.54274456E+00
 -4.00000000E+00  4.78000000E-01  8.99048614E-01 -6.99051332E-19 -9.22775194E-02  1.00000005E-03  3.67861164E-03  1.54916306E+00
 -4.00000000E+00  4.80000000E-01  8.99440781E-01  0.00000000E+00 -9.22760875E-02  1.00000005E-03  3.67639581E-03  1.55558134E+00
 -4.00000000E+00  4.82000000E-01  8.99831349E-01  0.00000000E+00 -9.22746494E-02  1.00000005E-03  3.67418046E-03  1.56199943E+00
 -4.00000000E+00  4.84000000E-01  9.00220329E-01  0.00000000E+00 -9.22732053E-02  1.00000005E-03  3.67196559E-03  1.56841733E+00
 -4.00000000E+00  4.86000000E-01  9.00607736E-01  0.00000000E+00 -9.22717556E-02  1.00000005E-03  3.66975119E-03  1.57483504E+00
 -4.00000000E+00  4.88000000E-01  9.00993582E-01  0.00000000E+00 -9.22703007E-02  1.00000005E-03  3.66753728E-03  1.58125257E+00
 -4.00000000E+00  4.90000000E-01  9.01377879E-01  0.00000000E+00 -9.22688410E-02  1.00000005E-03  3.66532385E-03  1.58766993E+00
 -4.00000000E+00  4.92000000E-01  9.01760640E-01  0.00000000E+00 -9.22673771E-02  1.00000005E-03  3.66311089E-03  1.59408713E+00
 -4.00000000E+00  4.94000000E-01  9.02141877E-01  0.00000000E+00 -9.22659095E-02  1.00000005E-03  3.66089842E-03  1.60050417E+00
 -4.00000000E+00  4.96000000E-01  9.02521602E-01  0.00000000E+00 -9.22644390E-02  1.00000005E-03  3.65868643E-03  1.60692106E+00
 -4.00000000E+00  4.98000000E-01  9.02899827E-01  0.00000000E+00 -9.22629663E-02  1.00000005E-03  3.65647493E-03  1.61333780E+00
 -4.00000000E+00  5.00000000E-01  9.03276563E-01  0.00000000E+00 -9.22614922E-02  1.00000005E-03  3.65426391E-03  1.61975441E+00
 -4.00000000E+00  5.02000000E-01  9.03651826E-01  0.00000000E+00 -9.22599990E-02  1.00000005E-03  3.65205338E-03  1.62617088E+00
 -4.00000000E+00  5.04000000E-01  9.04025627E-01  0.00000000E+00 -9.22584967E-02  1.00000005E-03  3.64984333E-03  1.63258722E+00
 -4.00000000E+00  5.06000000E-01  9.04397976E-01  0.00000000E+00 -9.22569858E-02  1.00000005E-03  3.64763376E-03  1.63900344E+00
 -4.00000000E+00  5.08000000E-01  9.04768885E-01  0.00000000E+00 -9.22554666E-02  1.00000005E-03  3.64542469E-03  1.64541955E+00
 -4.00000000E+00  5.10000000E-01  9.05138364E-01  0.00000000E+00 -9.22539395E-02  1.00000005E-03  3.64321610E-03  1.65183554E+00
 -4.00000000E+00  5.12000000E-01  9.05506425E-01  0.00000000E+00 -9.22524048E-02  1.00000005E-03  3.64100801E-03  1.65825143E+00
 -4.00000000E+00  5.14000000E-01  9.05873079E-01 -3.59041775E-19 -9.22508627E-02  1.00000005E-03  3.63880039E-03  1.66466723E+00
 -4.00000000E+00  5.16000000E-01  9.06238336E-01  0.00000000E+00 -9.22493135E-02  1.00000005E-03  3.63659327E-03  1.67108294E+00
 -4.00000000E+00  5.18000000E-01  9.06602206E-01 -7.56407176E-19 -9.22477573E-02  1.00000005E-03  3.63438663E-03  1.67749857E+00
 -4.00000000E+00  5.20000000E-01  9.06964701E-01  0.00000000E+00 -9.22461945E-02  1.00000005E-03  3.63218049E-03  1.68391412E+00
 -4.00000000E+00  5.22000000E-01  9.07325831E-01 -8.94601684E-19 -9.22446250E-02  1.00000005E-03  3.62997482E-03  1.69032960E+00
 -4.00000000E+00  5.24000000E-01  9.07685605E-01 -7.64891200E-19 -9.22430491E-02  1.00000005E-03  3.62776965E-03  1.69674502E+00
 -4.00000000E+00  5.26000000E-01  9.08044035E-01 -2.33650837E-19 -9.22414669E-02  1.00000005E-03  3.62556496E-03  1.70316038E+00
 -4.00000000E+00  5.28000000E-01  9.08401129E-01 -1.54104903E-18 -9.22398784E-02  1.00000005E-03  3.62336076E-03  1.70957569E+00
 -4.00000000E+00  5.30000000E-01  9.08756899E-01  0.00000000E+00 -9.22382837E-02  1.00000005E-03  3.62115704E-03  1.71599096E+00
 -4.00000000E+00  5.32000000E-01  9.09111353E-01  0.00000000E+00 -9.22366829E-02  1.00000005E-03  3.61895381E-03  1.72240619E+00
 -4.00000000E+00  5.34000000E-01  9.09464502E-01  0.00000000E+00 -9.22350761E-02  1.00000005E-03  3.61675107E-03  1.72882139E+00
 -4.00000000E+00  5.36000000E-01  9.09816355E-01 -3.73879446E-19 -9.22334632E-02  1.00000005E-03  3.61454882E-03  1.73523656E+00
 -4.00000000E+00  5.38000000E-01  9.10166922E-01 -7.84546173E-19 -9.22318443E-02  1.00000005E-03  3.61234705E-03  1.74165172E+00
 -4.00000000E+00  5.40000000E-01  9.10516212E-01  0.00000000E+00 -9.22302194E-02  1.00000005E-03  3.61014577E-03  1.74806687E+00
 -4.00000000E+00  5.42000000E-01  9.10864234E-01  0.00000000E+00 -9.22285885E-02  1.00000005E-03  3.60794498E-03  1.75448201E+00
 -4.00000000E+00  5.44000000E-01  9.11210998E-01  0.00000000E+00 -9.22269516E-02  1.00000005E-03  3.60574467E-03  1.76089715E+00
 -4.00000000E+00  5.46000000E-01  9.11556513E-01 -7.95713749E-19 -9.22253087E-02  1.00000005E-03  3.60354485E-03  1.76731230E+00
 -4.00000000E+00  5.48000000E-01  9.11900787E-01  0.00000000E+00 -9.22236597E-02  1.00000005E-03  3.60134552E-03  1.77372746E+00
 -4.00000000E+00  5.50000000E-01  9.12243831E-01  0.00000000E+00 -9.22220046E-02  1.00000005E-03  3.59914668E-03  1.78014264E+00
 -4.00000000E+00  5.52000000E-01  9.12585651E-01 -2.51707548E-18 -9.22203435E-02  1.00000005E-03  3.59694832E-03  1.78655785E+00
 -4.00000000E+00  5.54000000E-01  9.12926258E-01 -8.06845650E-19 -9.22186762E-02  1.00000005E-03  3.59475045E-03  1.79297309E+00
 -4.00000000E+00  5.56000000E-01  9.13265660E-01  0.00000000E+00 -9.22170027E-02  1.00000005E-03  3.59255307E-03  1.79938837E+00
 -4.00000000E+00  5.58000000E-01  9.13603866E-01  0.00000000E+00 -9.22153231E-02  1.00000005E-03  3.59035617E-03  1.80580370E+00
 -4.00000000E+00  5.60000000E-01  9.13940883E-01 -8.15173279E-19 -9.22136372E-02  1.00000005E-03  3.58815977E-03  1.81221908E+00
 -4.00000000E+00  5.62000000E-01  9.14276721E-01  0.00000000E+00 -9.22119451E-02  1.00000005E-03  3.58596385E-03  1.81863451E+00
 -4.00000000E+00  5.64000000E-01  9.14611387E-01  0.00000000E+00 -9.22102466E-02  1.00000005E-03  3.58376842E-03  1.82505001E+00
 -4.00000000E+00  5.66000000E-01  9.14944890E-01  0.00000000E+00 -9.22085418E-02  1.00000005E-03  3.58157347E-03  1.83146558E+00
 -4.00000000E+00  5.68000000E-01  9.15277237E-01  0.00000000E+00 -9.22068307E-02  1.00000005E-03  3.57937901E-03  1.83788123E+00
 -4.00000000E+00  5.70000000E-01  9.15608438E-01  0.00000000E+00 -9.22051131E-02  1.00000005E-03  3.57718504E-03  1.84429696E+00
 -4.00000000E+00  5.72000000E-01  9.15938499E-01  0.00000000E+00 -9.22033891E-02  1.00000005E-03  3.57499156E-03  1.85071278E+00
 -4.00000000E+00  5.74000000E-01  9.16267429E-01  0.00000000E+00 -9.22016586E-02  1.00000005E-03  3.57279857E-03  1.85712870E+00
 -4.00000000E+00  5.76000000E-01  9.16595235E-01  0.00000000E+00 -9.21999216E-02  1.00000005E-03  3.57060606E-03  1.86354471E+00
 -4.00000000E+00  5.78000000E-01  9.16921925E-01 -8.40046548E-19 -9.21981781E-02  1.00000005E-03  3.56841404E-03  1.86996084E+00
 -4.00000000E+00  5.80000000E-01  9.17247507E-01  0.00000000E+00 -9.21964280E-02  1.00000005E-03  3.56622251E-03  1.87637708E+00
 -4.00000000E+00  5.82000000E-01  9.17571989E-01  0.00000000E+00 -9.21946714E-02  1.00000005E-03  3.56403146E-03  1.88279344E+00
 -4.00000000E+00  5.84000000E-01  9.17895376E-01  0.00000000E+00 -9.21929083E-02  1.00000005E-03  3.56184091E-03  1.88920994E+00
 -4.00000000E+00  5.86000000E-01  9.18217678E-01  0.00000000E+00 -9.21911385E-02  1.00000005E-03  3.55965084E-03  1.89562656E+00
 -4.00000000E+00  5.88000000E-01  9.18538901E-01  0.00000000E+00 -9.21893622E-02  1.00000005E-03  3.55746125E-03  1.90204332E+00
 -4.00000000E+00  5.90000000E-01  9.18859052E-01  0.00000000E+00 -9.21875792E-02  1.00000005E-03  3.55527216E-03  1.90846023E+00
 -4.00000000E+00  5.92000000E-01  9.19178139E-01 -1.49437684E-19 -9.21857897E-02  1.00000005E-03  3.55308355E-03  1.91487730E+00
 -4.00000000E+00  5.94000000E-01  9.19496169E-01  0.00000000E+00 -9.21839936E-02  1.00000005E-03  3.55089542E-03  1.92129452E+00
 -4.00000000E+00  5.96000000E-01  9.19813148E-01  0.00000000E+00 -9.21821908E-02  1.00000005E-03  3.54870779E-03  1.92771191E+00
 -4.00000000E+00  5.98000000E-01  9.20129084E-01  0.00000000E+00 -9.21803815E-02  1.00000005E-03  3.54652064E-03  1.93412947E+00
 -4.00000000E+00  6.00000000E-01  9.20443984E-01  0.00000000E+00 -9.21785656E-02  1.00000005E-03  3.54433397E-03  1.94054720E+00
 -4.00000000E+00  6.02000000E-01  9.20757853E-01  0.00000000E+00 -9.21767432E-02  1.00000005E-03  3.54214779E-03  1.94696512E+00
 -4.00000000E+00  6.04000000E-01  9.21070699E-01  0.00000000E+00 -9.21749142E-02  1.00000005E-03  3.53996210E-03  1.95338323E+00
 -4.00000000E+00  6.06000000E-01  9.21382529E-01  0.00000000E+00 -9.21730786E-02  1.00000005E-03  3.53777690E-03  1.95980154E+00
 -4.00000000E+00  6.08000000E-01  9.21693349E-01  0.00000000E+00 -9.21712366E-02  1.00000005E-03  3.53559218E-03  1.96622005E+00
 -4.00000000E+00  6.10000000E-01  9.22003166E-01  0.00000000E+00 -9.21693880E-02  1.00000005E-03  3.53340794E-03  1.97263878E+00
 -4.00000000E+00  6.12000000E-01  9.22311986E-01  0.00000000E+00 -9.21675330E-02  1.00000005E-03  3.53122419E-03  1.97905771E+00
 -4.00000000E+00  6.14000000E-01  9.22619815E-01  0.00000000E+00 -9.21656715E-02  1.00000005E-03  3.52904093E-03  1.98547687E+00
 -4.00000000E+00  6.16000000E-01  9.22926660E-01  0.00000000E+00 -9.21638037E-02  1.00000005E-03  3.52685815E-03  1.99189626E+00
 -4.00000000E+00  6.18000000E-01  9.23232526E-01  0.00000000E+00 -9.21619294E-02  1.00000005E-03  3.52467585E-03  1.99831588E+00
 -4.00000000E+00  6.20000000E-01  9.23537421E-01  0.00000000E+00 -9.21600488E-02  1.00000005E-03  3.52249404E-03  2.00473574E+00
 -4.00000000E+00  6.22000000E-01  9.23841351E-01  0.00000000E+00 -9.21581618E-02  1.00000005E-03  3.52031272E-03  2.01115585E+00
 -4.00000000E+00  6.24000000E-01  9.24144320E-01  0.00000000E+00 -9.21562685E-02  1.00000005E-03  3.51813187E-03  2.01757622E+00
 -4.00000000E+00  6.26000000E-01  9.24446336E-01  0.00000000E+00 -9.21543689E-02  1.00000005E-03  3.51595151E-03  2.02399684E+00
 -4.00000000E+00  6.28000000E-01  9.24747405E-01  0.00000000E+00 -9.21524631E-02  1.00000005E-03  3.51377164E-03  2.03041773E+00
 -4.00000000E+00  6.30000000E-01  9.25047531E-01  0.00000000E+00 -9.21505511E-02  1.00000005E-03  3.51159225E-03  2.03683889E+00
 -4.00000000E+00  6.32000000E-01  9.25346722E-01  0.00000000E+00 -9.21486328E-02  1.00000005E-03  3.50941334E-03  2.04326033E+00
 -4.00000000E+00  6.34000000E-01  9.25644983E-01  0.00000000E+00 -9.21467084E-02  1.00000005E-03  3.50723491E-03  2.04968206E+00
 -4.00000000E+00  6.36000000E-01  9.25942319E-01  0.00000000E+00 -9.21447778E-02  1.00000005E-03  3.50505697E-03  2.05610407E+00
 -4.00000000E+00  6.38000000E-01  9.26238736E-01  0.00000000E+00 -9.21428411E-02  1.00000005E-03  3.50287951E-03  2.06252639E+00
 -4.00000000E+00  6.40000000E-01  9.26534241E-01  0.00000000E+00 -9.21408983E-02  1.00000005E-03  3.50070253E-03  2.06894900E+00
 -4.00000000E+00  6.42000000E-01  9.26828838E-01  0.00000000E+00 -9.21389494E-02  1.00000005E-03  3.49852603E-03  2.07537193E+00
 -4.00000000E+00  6.44000000E-01  9.27122532E-01  0.00000000E+00 -9.21369944E-02  1.00000005E-03  3.49635001E-03  2.08179517E+00
 -4.00000000E+00  6.46000000E-01  9.27415331E-01  0.00000000E+00 -9.21350333E-02  1.00000005E-03  3.49417448E-03  2.08821874E+00
 -4.00000000E+00  6.48000000E-01  9.27707238E-01  0.00000000E+00 -9.21330661E-02  1.00000005E-03  3.49199942E-03  2.09464263E+00
 -4.00000000E+00  6.50000000E-01  9.27998260E-01  0.00000000E+00 -9.21310930E-02  1.00000005E-03  3.48982485E-03  2.10106686E+00
 -4.00000000E+00  6.52000000E-01  9.28288401E-01  0.00000000E+00 -9.21291137E-02  1.00000005E-03  3.48765076E-03  2.10749143E+00
 -4.00000000E+00  6.54000000E-01  9.28577667E-01  0.00000000E+00 -9.21271285E-02  1.00000005E-03  3.48547715E-03  2.11391635E+00
 -4.00000000E+00  6.56000000E-01  9.28866063E-01  0.00000000E+00 -9.21251372E-02  1.00000005E-03  3.48330401E-03  2.12034162E+00
 -4.00000000E+00  6.58000000E-01  9.29153594E-01  0.00000000E+00 -9.21231398E-02  1.00000005E-03  3.48113136E-03  2.12676725E+00
 -4.00000000E+00  6.60000000E-01  9.29440266E-01  0.00000000E+00 -9.21211364E-02  1.00000005E-03  3.47895919E-03  2.13319325E+00
 -4.00000000E+00  6.62000000E-01  9.29726083E-01  0.00000000E+00 -9.21191270E-02  1.00000005E-03  3.47678750E-03  2.13961961E+00
 -4.00000000E+00  6.64000000E-01  9.30011051E-01 -1.91202260E-18 -9.21171114E-02  1.00000005E-03  3.47461628E-03  2.14604636E+00
 -4.00000000E+00  6.66000000E-01  9.30295174E-01 -2.91763450E-19 -9.21150898E-02  1.00000005E-03  3.47244555E-03  2.15247349E+00
 -4.00000000E+00  6.68000000E-01  9.30578458E-01 -8.77698922E-19 -9.21130621E-02  1.00000005E-03  3.47027529E-03  2.15890101E+00
 -4.00000000E+00  6.70000000E-01  9.30860907E-01  0.00000000E+00 -9.21110282E-02  1.00000005E-03  3.46810551E-03  2.16532893E+00
 -4.00000000E+00  6.72000000E-01  9.31142527E-01 -2.94170181E-19 -9.21089882E-02  1.00000005E-03  3.46593621E-03  2.17175725E+00
 -4.00000000E+00  6.74000000E-01  9.31423321E-01  0.00000000E+00 -9.21069420E-02  1.00000005E-03  3.46376739E-03  2.17818598E+00
 -4.00000000E+00  6.76000000E-01  9.31703296E-01  0.00000000E+00 -9.21048896E-02  1.00000005E-03  3.46159905E-03  2.18461513E+00
 -4.00000000E+00  6.78000000E-01  9.31982455E-01  0.00000000E+00 -9.21028310E-02  1.00000005E-03  3.45943118E-03  2.19104469E+00
 -4.00000000E+00  6.80000000E-01  9.32260804E-01  0.00000000E+00 -9.21007661E-02  1.00000005E-03  3.45726380E-03  2.19747469E+00
 -4.00000000E+00  6.82000000E-01  9.32538346E-01  0.00000000E+00 -9.20986950E-02  1.00000005E-03  3.45509689E-03  2.20390512E+00
 -4.00000000E+00  6.84000000E-01  9.32815087E-01  0.00000000E+00 -9.20966175E-02  1.00000005E-03  3.45293045E-03  2.21033598E+00
 -4.00000000E+00  6.86000000E-01  9.33091032E-01 -9.84943714E-19 -9.20945337E-02  1.00000005E-03  3.45076450E-03  2.21676730E+00
 -4.00000000E+00  6.88000000E-01  9.33366184E-01 -1.15931282E-18 -9.20924435E-02  1.00000005E-03  3.44859902E-03  2.22319906E+00
 -4.00000000E+00  6.90000000E-01  9.33640549E-01 -9.90180038E-19 -9.20903469E-02  1.00000005E-03  3.44643401E-03  2.22963129E+00
 -4.00000000E+00  6.92000000E-01  9.33914130E-01 -4.74815240E-19 -9.20882438E-02  1.00000005E-03  3.44426949E-03  2.23606398E+00
 -4.00000000E+00  6.94000000E-01  9.34186932E-01  0.00000000E+00 -9.20861344E-02  1.00000005E-03  3.44210544E-03  2.24249714E+00
 -4.00000000E+00  6.96000000E-01  9.34458960E-01  0.00000000E+00 -9.20840184E-02  1.00000005E-03  3.43994186E-03  2.24893078E+00
 -4.00000000E+00  6.98000000E-01  9.34730218E-01 -4.78562636E-19 -9.20818960E-02  1.00000005E-03  3.43777877E-03  2.25536490E+00
 -4.00000000E+00  7.00000000E-01  9.35000710E-01 -4.79809986E-19 -9.20797671E-02  1.00000005E-03  3.43561615E-03  2.26179951E+00
 -4.00000000E+00  7.02000000E-01  9.35270440E-01 -4.81056415E-19 -9.20776317E-02  1.00000005E-03  3.43345400E-03  2.26823461E+00
 -4.00000000E+00  7.04000000E-01  9.35539414E-01 -1.00844943E-18 -9.20754899E-02  1.00000005E-03  3.43129233E-03  2.27467022E+00
 -4.00000000E+00  7.06000000E-01  9.35807634E-01  0.00000000E+00 -9.20733416E-02  1.00000005E-03  3.42913113E-03  2.28110634E+00
 -4.00000000E+00  7.08000000E-01  9.36075105E-01 -1.01365166E-18 -9.20711868E-02  1.00000005E-03  3.42697041E-03  2.28754297E+00
 -4.00000000E+00  7.10000000E-01  9.36341831E-01  0.00000000E+00 -9.20690257E-02  1.00000005E-03  3.42481016E-03  2.29398012E+00
 -4.00000000E+00  7.12000000E-01  9.36607817E-01  0.00000000E+00 -9.20668582E-02  1.00000005E-03  3.42265039E-03  2.30041779E+00
 -4.00000000E+00  7.14000000E-01  9.36873066E-01  0.00000000E+00 -9.20646844E-02  1.00000005E-03  3.42049110E-03  2.30685600E+00
 -4.00000000E+00  7.16000000E-01  9.37137582E-01  0.00000000E+00 -9.20625045E-02  1.00000005E-03  3.41833227E-03  2.31329475E+00
 -4.00000000E+00  7.18000000E-01  9.37401369E-01  0.00000000E+00 -9.20603184E-02  1.00000005E-03  3.41617393E-03  2.31973404E+00
 -4.00000000E+00  7.20000000E-01  9.37664431E-01  0.00000000E+00 -9.20581263E-02  1.00000005E-03  3.41401605E-03  2.32617389E+00
 -4.00000000E+00  7.22000000E-01  9.37926773E-01  0.00000000E+00 -9.20559284E-02  1.00000005E-03  3.41185865E-03  2.33261430E+00
 -4.00000000E+00  7.24000000E-01  9.38188397E-01  0.00000000E+00 -9.20537248E-02  1.00000005E-03  3.40970172E-03  2.33905527E+00
 -4.00000000E+00  7.26000000E-01  9.38449309E-01  0.00000000E+00 -9.20515158E-02  1.00000005E-03  3.40754526E-03  2.34549681E+00
 -4.00000000E+00  7.28000000E-01  9.38709510E-01  0.00000000E+00 -9.20493014E-02  1.00000005E-03  3.40538928E-03  2.35193892E+00
 -4.00000000E+00  7.30000000E-01  9.38969006E-01  0.00000000E+00 -9.20470819E-02  1.00000005E-03  3.40323377E-03  2.35838163E+00
 -4.00000000E+00  7.32000000E-01  9.39227800E-01  0.00000000E+00 -9.20448577E-02  1.00000005E-03  3.40107873E-03  2.36482492E+00
 -4.00000000E+00  7.34000000E-01  9.39485895E-01  0.00000000E+00 -9.20426290E-02  1.00000005E-03  3.39892416E-03  2.37126881E+00
 -4.00000000E+00  7.36000000E-01  9.39743295E-01  0.00000000E+00 -9.20403962E-02  1.00000005E-03  3.39677007E-03  2.37771330E+00
 -4.00000000E+00  7.38000000E-01  9.40000004E-01 -5.03285260E-19 -9.20381595E-02  1.00000005E-03  3.39461644E-03  2.38415840E+00
 -4.00000000E+00  7.40000000E-01  9.40256025E-01  0.00000000E+00 -9.20359196E-02  1.00000005E-03  3.39246329E-03  2.39060412E+00
 -4.00000000E+00  7.42000000E-01  9.40511365E-01 -2.11484588E-18 -9.20336633E-02  1.00000005E-03  3.39031060E-03  2.39705047E+00
 -4.00000000E+00  7.44000000E-01  9.40766029E-01 -1.05998109E-18 -9.20313760E-02  1.00000005E-03  3.38815839E-03  2.40349744E+00
 -4.00000000E+00  7.46000000E-01  9.41020016E-01 -1.06253199E-18 -9.20290878E-02  1.00000005E-03  3.38600665E-03  2.40994504E+00
 -4.00000000E+00  7.48000000E-01  9.41273328E-01 -6.48307635E-19 -9.20267979E-02  1.00000005E-03  3.38385539E-03  2.41639328E+00
 -4.00000000E+00  7.50000000E-01  9.41525970E-01  0.00000000E+00 -9.20245058E-02  1.00000005E-03  3.38170459E-03  2.42284216E+00
 -4.00000000E+00  7.52000000E-01  9.41777944E-01  0.00000000E+00 -9.20222110E-02  1.00000005E-03  3.37955427E-03  2.42929170E+00
 -4.00000000E+00  7.54000000E-01  9.42029255E-01  0.00000000E+00 -9.20199131E-02  1.00000005E-03  3.37740443E-03  2.43574189E+00
 -4.00000000E+00  7.56000000E-01  9.42279907E-01  0.00000000E+00 -9.20176116E-02  1.00000005E-03  3.37525505E-03  2.44219275E+00
 -4.00000000E+00  7.58000000E-01  9.42529901E-01  0.00000000E+00 -9.20153060E-02  1.00000005E-03  3.37310614E-03  2.44864427E+00
 -4.00000000E+00  7.60000000E-01  9.42779243E-01  0.00000000E+00 -9.20129961E-02  1.00000005E-03  3.37095770E-03  2.45509647E+00
 -4.00000000E+00  7.62000000E-01  9.43027936E-01 -6.59091737E-19 -9.20106815E-02  1.00000005E-03  3.36880974E-03  2.46154936E+00
 -4.00000000E+00  7.64000000E-01  9.43275983E-01  0.00000000E+00 -9.20083619E-02  1.00000005E-03  3.36666224E-03  2.46800293E+00
 -4.00000000E+00  7.66000000E-01  9.43523386E-01 -1.08784140E-18 -9.20060370E-02  1.00000005E-03  3.36451521E-03  2.47445720E+00
 -4.00000000E+00  7.68000000E-01  9.43770151E-01  0.00000000E+00 -9.20037066E-02  1.00000005E-03  3.36236865E-03  2.48091217E+00
 -4.00000000E+00  7.70000000E-01  9.44016279E-01  0.00000000E+00 -9.20013705E-02  1.00000005E-03  3.36022255E-03  2.48736785E+00
 -4.00000000E+00  7.72000000E-01  9.44261775E-01  0.00000000E+00 -9.19990286E-02  1.00000005E-03  3.35807693E-03  2.49382424E+00
 -4.00000000E+00  7.74000000E-01  9.44506641E-01  0.00000000E+00 -9.19966806E-02  1.00000005E-03  3.35593177E-03  2.50028135E+00
 -4.00000000E+00  7.76000000E-01  9.44750881E-01 -1.10045507E-18 -9.19943264E-02  1.00000005E-03  3.35378708E-03  2.50673919E+00
 -4.00000000E+00  7.78000000E-01  9.44994498E-01  0.00000000E+00 -9.19919659E-02  1.00000005E-03  3.35164285E-03  2.51319776E+00
 -4.00000000E+00  7.80000000E-01  9.45237494E-01  0.00000000E+00 -9.19895991E-02  1.00000005E-03  3.34949909E-03  2.51965708E+00
 -4.00000000E+00  7.82000000E-01  9.45479874E-01  0.00000000E+00 -9.19872257E-02  1.00000005E-03  3.34735580E-03  2.52611713E+00
 -4.00000000E+00  7.84000000E-01  9.45721640E-01  0.00000000E+00 -9.19848458E-02  1.00000005E-03  3.34521297E-03  2.53257795E+00
 -4.00000000E+00  7.86000000E-01  9.45962794E-01 -5.32333201E-19 -9.19824593E-02  1.00000005E-03  3.34307061E-03  2.53903952E+00
 -4.00000000E+00  7.88000000E-01  9.46203341E-01  0.00000000E+00 -9.19800662E-02  1.00000005E-03  3.34092872E-03  2.54550185E+00
 -4.00000000E+00  7.90000000E-01  9.46443283E-01  0.00000000E+00 -9.19776665E-02  1.00000005E-03  3.33878729E-03  2.55196495E+00
 -4.00000000E+00  7.92000000E-01  9.46682623E-01  0.00000000E+00 -9.19752600E-02  1.00000005E-03  3.33664632E-03  2.55842884E+00
 -4.00000000E+00  7.94000000E-01  9.46921365E-01 -2.44158319E-18 -9.19728470E-02  1.00000005E-03  3.33450583E-03  2.56489350E+00
 -4.00000000E+00  7.96000000E-01  9.47159510E-01  0.00000000E+00 -9.19704272E-02  1.00000005E-03  3.33236579E-03  2.57135896E+00
 -4.00000000E+00  7.98000000E-01  9.47397062E-01 -1.12815279E-18 -9.19680009E-02  1.00000005E-03  3.33022623E-03  2.57782521E+00
 -4.00000000E+00  8.00000000E-01  9.47634023E-01  0.00000000E+00 -9.19655679E-02  1.00000005E-03  3.32808712E-03  2.58429226E+00
 -4.00000000E+00  8.02000000E-01  9.47870397E-01  0.00000000E+00 -9.19631283E-02  1.00000005E-03  3.32594848E-03  2.59076013E+00
 -4.00000000E+00  8.04000000E-01  9.48106187E-01  0.00000000E+00 -9.19606822E-02  1.00000005E-03  3.32381031E-03  2.59722880E+00
 -4.00000000E+00  8.06000000E-01  9.48341394E-01 -9.40231724E-19 -9.19582296E-02  1.00000005E-03  3.32167260E-03  2.60369830E+00
 -4.00000000E+00  8.08000000E-01  9.48576023E-01 -1.04148522E-18 -9.19557706E-02  1.00000005E-03  3.31953536E-03  2.61016863E+00
 -4.00000000E+00  8.10000000E-01  9.48810075E-01  0.00000000E+00 -9.19533051E-02  1.00000005E-03  3.31739858E-03  2.61663979E+00
 -4.00000000E+00  8.12000000E-01  9.49043553E-01  0.00000000E+00 -9.19508333E-02  1.00000005E-03  3.31526227E-03  2.62311179E+00
 -4.00000000E+00  8.14000000E-01  9.49276460E-01  0.00000000E+00 -9.19483552E-02  1.00000005E-03  3.31312642E-03  2.62958463E+00
 -4.00000000E+00  8.16000000E-01  9.49508799E-01  0.00000000E+00 -9.19458708E-02  1.00000005E-03  3.31099103E-03  2.63605833E+00
 -4.00000000E+00  8.18000000E-01  9.49740573E-01  0.00000000E+00 -9.19433802E-02  1.00000005E-03  3.30885611E-03  2.64253288E+00
 -4.00000000E+00  8.20000000E-01  9.49971783E-01  0.00000000E+00 -9.19408835E-02  1.00000005E-03  3.30672165E-03  2.64900830E+00
 -4.00000000E+00  8.22000000E-01  9.50202433E-01  0.00000000E+00 -9.19383807E-02  1.00000005E-03  3.30458766E-03  2.65548460E+00
 -4.00000000E+00  8.24000000E-01  9.50432526E-01  0.00000000E+00 -9.19358718E-02  1.00000005E-03  3.30245413E-03  2.66196176E+00
 -4.00000000E+00  8.26000000E-01  9.50662063E-01  0.00000000E+00 -9.19333570E-02  1.00000005E-03  3.30032106E-03  2.66843982E+00
 -4.00000000E+00  8.28000000E-01  9.50891047E-01  0.00000000E+00 -9.19308363E-02  1.00000005E-03  3.29818846E-03  2.67491876E+00
 -4.00000000E+00  8.30000000E-01  9.51119482E-01 -1.16794614E-18 -9.19283096E-02  1.00000005E-03  3.29605632E-03  2.68139860E+00
 -4.00000000E+00  8.32000000E-01  9.51347369E-01  0.00000000E+00 -9.19257772E-02  1.00000005E-03  3.29392465E-03  2.68787934E+00
 -4.00000000E+00  8.34000000E-01  9.51574710E-01  0.00000000E+00 -9.19232389E-02  1.00000005E-03  3.29179344E-03  2.69436099E+00
 -4.00000000E+00  8.36000000E-01  9.51801510E-01  0.00000000E+00 -9.19206949E-02  1.00000005E-03  3.28966269E-03  2.70084355E+00
 -4.00000000E+00  8.38000000E-01  9.52027769E-01  0.00000000E+00 -9.19181452E-02  1.00000005E-03  3.28753241E-03  2.70732703E+00
 -4.00000000E+00  8.40000000E-01  9.52253491E-01  0.00000000E+00 -9.19155899E-02  1.00000005E-03  3.28540259E-03  2.71381145E+00
 -4.00000000E+00  8.42000000E-01  9.52478677E-01  0.00000000E+00 -9.19130288E-02  1.00000005E-03  3.28327323E-03  2.72029679E+00
 -4.00000000E+00  8.44000000E-01  9.52703331E-01  0.00000000E+00 -9.19104622E-02  1.00000005E-03  3.28114434E-03  2.72678308E+00
 -4.00000000E+00  8.46000000E-01  9.52927455E-01  0.00000000E+00 -9.19078900E-02  1.00000005E-03  3.27901591E-03  2.73327031E+00
 -4.00000000E+00  8.48000000E-01  9.53151050E-01  0.00000000E+00 -9.19053123E-02  1.00000005E-03  3.27688794E-03  2.73975849E+00
 -4.00000000E+00  8.50000000E-01  9.53374120E-01  0.00000000E+00 -9.19027289E-02  1.00000005E-03  3.27476043E-03  2.74624764E+00
 -4.00000000E+00  8.52000000E-01  9.53596667E-01  0.00000000E+00 -9.19001401E-02  1.00000005E-03  3.27263339E-03  2.75273774E+00
 -4.00000000E+00  8.54000000E-01  9.53818693E-01  0.00000000E+00 -9.18975458E-02  1.00000005E-03  3.27050681E-03  2.75922882E+00
 -4.00000000E+00  8.56000000E-01  9.54040201E-01  0.00000000E+00 -9.18949459E-02  1.00000005E-03  3.26838069E-03  2.76572088E+00
 -4.00000000E+00  8.58000000E-01  9.54261193E-01  0.00000000E+00 -9.18923405E-02  1.00000005E-03  3.26625503E-03  2.77221392E+00
 -4.00000000E+00  8.60000000E-01  9.54481670E-01 -1.20447178E-18 -9.18897296E-02  1.00000005E-03  3.26412984E-03  2.77870795E+00
 -4.00000000E+00  8.62000000E-01  9.54701637E-01  0.00000000E+00 -9.18871132E-02  1.00000005E-03  3.26200511E-03  2.78520298E+00
 -4.00000000E+00  8.64000000E-01  9.54921094E-01  0.00000000E+00 -9.18844913E-02  1.00000005E-03  3.25988084E-03  2.79169901E+00
 -4.00000000E+00  8.66000000E-01  9.55140043E-01  0.00000000E+00 -9.18818639E-02  1.00000005E-03  3.25775703E-03  2.79819605E+00
 -4.00000000E+00  8.68000000E-01  9.55358489E-01  0.00000000E+00 -9.18792309E-02  1.00000005E-03  3.25563368E-03  2.80469411E+00
 -4.00000000E+00  8.70000000E-01  9.55576431E-01  0.00000000E+00 -9.18765924E-02  1.00000005E-03  3.25351079E-03  2.81119319E+00
 -4.00000000E+00  8.72000000E-01  9.55793874E-01  0.00000000E+00 -9.18739483E-02  1.00000005E-03  3.25138837E-03  2.81769330E+00
 -4.00000000E+00  8.74000000E-01  9.56010818E-01  0.00000000E+00 -9.18712986E-02  1.00000005E-03  3.24926640E-03  2.82419444E+00
 -4.00000000E+00  8.76000000E-01  9.56227266E-01  0.00000000E+00 -9.18686432E-02  1.00000005E-03  3.24714490E-03  2.83069662E+00
 -4.00000000E+00  8.78000000E-01  9.56443221E-01  0.00000000E+00 -9.18659823E-02  1.00000005E-03  3.24502385E-03  2.83719985E+00
 -4.00000000E+00  8.80000000E-01  9.56658684E-01  0.00000000E+00 -9.18633156E-02  1.00000005E-03  3.24290327E-03  2.84370413E+00
 -4.00000000E+00  8.82000000E-01  9.56873658E-01  0.00000000E+00 -9.18606432E-02  1.00000005E-03  3.24078315E-03  2.85020948E+00
 -4.00000000E+00  8.84000000E-01  9.57088145E-01  0.00000000E+00 -9.18579651E-02  1.00000005E-03  3.23866349E-03  2.85671589E+00
 -4.00000000E+00  8.86000000E-01  9.57302146E-01  0.00000000E+00 -9.18552812E-02  1.00000005E-03  3.23654428E-03  2.86322337E+00
 -4.00000000E+00  8.88000000E-01  9.57515664E-01 -1.23813127E-18 -9.18525916E-02  1.00000005E-03  3.23442554E-03  2.86973193E+00
 -4.00000000E+00  8.90000000E-01  9.57728702E-01  0.00000000E+00 -9.18498960E-02  1.00000005E-03  3.23230726E-03  2.87624158E+00
 -4.00000000E+00  8.92000000E-01  9.57941261E-01  0.00000000E+00 -9.18471946E-02  1.00000005E-03  3.23018944E-03  2.88275233E+00
 -4.00000000E+00  8.94000000E-01  9.58153342E-01  0.00000000E+00 -9.18444873E-02  1.00000005E-03  3.22807207E-03  2.88926416E+00
 -4.00000000E+00  8.96000000E-01  9.58364950E-01  0.00000000E+00 -9.18417741E-02  1.00000005E-03  3.22595517E-03  2.89577711E+00
 -4.00000000E+00  8.98000000E-01  9.58576084E-01  0.00000000E+00 -9.18390548E-02  1.00000005E-03  3.22383872E-03  2.90229117E+00
 -4.00000000E+00  9.00000000E-01  9.58786748E-01  0.00000000E+00 -9.18363296E-02  1.00000005E-03  3.22172274E-03  2.90880634E+00
 -4.00000000E+00  9.02000000E-01  9.58996943E-01  0.00000000E+00 -9.18335983E-02  1.00000005E-03  3.21960721E-03  2.91532264E+00
 -4.00000000E+00  9.04000000E-01  9.59206672E-01  0.00000000E+00 -9.18308609E-02  1.00000005E-03  3.21749214E-03  2.92184007E+00
 -4.00000000E+00  9.06000000E-01  9.59415936E-01  0.00000000E+00 -9.18281174E-02  1.00000005E-03  3.21537753E-03  2.92835863E+00
 -4.00000000E+00  9.08000000E-01  9.59624737E-01  0.00000000E+00 -9.18253678E-02  1.00000005E-03  3.21326338E-03  2.93487834E+00
 -4.00000000E+00  9.10000000E-01  9.59833078E-01 -1.20948623E-18 -9.18226120E-02  1.00000005E-03  3.21114969E-03  2.94139920E+00
 -4.00000000E+00  9.12000000E-01  9.60040960E-01  0.00000000E+00 -9.18198501E-02  1.00000005E-03  3.20903645E-03  2.94792122E+00
 -4.00000000E+00  9.14000000E-01  9.60248385E-01 -1.04850075E-18 -9.18170819E-02  1.00000005E-03  3.20692368E-03  2.95444440E+00
 -4.00000000E+00  9.16000000E-01  9.60455355E-01  0.00000000E+00 -9.18143075E-02  1.00000005E-03  3.20481136E-03  2.96096875E+00
 -4.00000000E+00  9.18000000E-01  9.60661872E-01  0.00000000E+00 -9.18115269E-02  1.00000005E-03  3.20269950E-03  2.96749427E+00
 -4.00000000E+00  9.20000000E-01  9.60867939E-01 -1.99782408E-18 -9.18087401E-02  1.00000005E-03  3.20058810E-03  2.97402098E+00
 -4.00000000E+00  9.22000000E-01  9.61073555E-01  0.00000000E+00 -9.18059470E-02  1.00000005E-03  3.19847716E-03  2.98054887E+00
 -4.00000000E+00  9.24000000E-01  9.61278725E-01  0.00000000E+00 -9.18031477E-02  1.00000005E-03  3.19636667E-03  2.98707796E+00
 -4.00000000E+00  9.26000000E-01  9.61483449E-01  0.00000000E+00 -9.18003421E-02  1.00000005E-03  3.19425665E-03  2.99360826E+00
 -4.00000000E+00  9.28000000E-01  9.61687729E-01  0.00000000E+00 -9.17975303E-02  1.00000005E-03  3.19214708E-03  3.00013976E+00
 -4.00000000E+00  9.30000000E-01  9.61891567E-01  0.00000000E+00 -9.17947123E-02  1.00000005E-03  3.19003797E-03  3.00667247E+00
 -4.00000000E+00  9.32000000E-01  9.62094966E-01 -2.58124693E-18 -9.17918882E-02  1.00000005E-03  3.18792932E-03  3.01320640E+00
 -4.00000000E+00  9.34000000E-01  9.62297926E-01  0.00000000E+00 -9.17890578E-02  1.00000005E-03  3.18582113E-03  3.01974157E+00
 -4.00000000E+00  9.36000000E-01  9.62500449E-01 -6.19512271E-19 -9.17862213E-02  1.00000005E-03  3.18371339E-03  3.02627796E+00
 -4.00000000E+00  9.38000000E-01  9.62702538E-01  0.00000000E+00 -9.17833787E-02  1.00000005E-03  3.18160611E-03  3.03281560E+00
 -4.00000000E+00  9.40000000E-01  9.62904194E-01  0.00000000E+00 -9.17805301E-02  1.00000005E-03  3.17949930E-03  3.03935448E+00
 -4.00000000E+00  9.42000000E-01  9.63105418E-01  0.00000000E+00 -9.17776755E-02  1.00000005E-03  3.17739294E-03  3.04589462E+00
 -4.00000000E+00  9.44000000E-01  9.63306213E-01  0.00000000E+00 -9.17748149E-02  1.00000005E-03  3.17528704E-03  3.05243601E+00
 -4.00000000E+00  9.46000000E-01  9.63506580E-01  0.00000000E+00 -9.17719484E-02  1.00000005E-03  3.17318159E-03  3.05897867E+00
 -4.00000000E+00  9.48000000E-01  9.63706521E-01 -1.30941021E-18 -9.17690762E-02  1.00000005E-03  3.17107661E-03  3.06552260E+00
 -4.00000000E+00  9.50000000E-01  9.63906038E-01 -1.31173964E-18 -9.17661982E-02  1.00000005E-03  3.16897209E-03  3.07206781E+00
 -4.00000000E+00  9.52000000E-01  9.64105131E-01 -6.85598985E-19 -9.17633146E-02  1.00000005E-03  3.16686803E-03  3.07861431E+00
 -4.00000000E+00  9.54000000E-01  9.64303804E-01  0.00000000E+00 -9.17604255E-02  1.00000005E-03  3.16476442E-03  3.08516210E+00
 -4.00000000E+00  9.56000000E-01  9.64502057E-01  0.00000000E+00 -9.17575309E-02  1.00000005E-03  3.16266128E-03  3.09171118E+00
 -4.00000000E+00  9.58000000E-01  9.64699892E-01 -4.02047987E-19 -9.17546310E-02  1.00000005E-03  3.16055859E-03  3.09826157E+00
 -4.00000000E+00  9.60000000E-01  9.64897311E-01  0.00000000E+00 -9.17517259E-02  1.00000005E-03  3.15845637E-03  3.10481327E+00
 -4.00000000E+00  9.62000000E-01  9.65094315E-01  0.00000000E+00 -9.17488157E-02  1.00000005E-03  3.15635461E-03  3.11136628E+00
 -4.00000000E+00  9.64000000E-01  9.65290906E-01 -1.50114035E-18 -9.17459006E-02  1.00000005E-03  3.15425331E-03  3.11792062E+00
 -4.00000000E+00  9.66000000E-01  9.65487085E-01  0.00000000E+00 -9.17429806E-02  1.00000005E-03  3.15215247E-03  3.12447629E+00
 -4.00000000E+00  9.68000000E-01  9.65682854E-01 -6.37296998E-19 -9.17400560E-02  1.00000005E-03  3.15005209E-03  3.13103329E+00
 -4.00000000E+00  9.70000000E-01  9.65878215E-01  0.00000000E+00 -9.17371268E-02  1.00000005E-03  3.14795217E-03  3.13759163E+00
 -4.00000000E+00  9.72000000E-01  9.66073169E-01  0.00000000E+00 -9.17341934E-02  1.00000005E-03  3.14585272E-03  3.14415133E+00
 -4.00000000E+00  9.74000000E-01  9.66267717E-01 -1.33942083E-18 -9.17312557E-02  1.00000005E-03  3.14375373E-03  3.15071237E+00
 -4.00000000E+00  9.76000000E-01  9.66461861E-01  0.00000000E+00 -9.17283140E-02  1.00000005E-03  3.14165520E-03  3.15727478E+00
 -4.00000000E+00  9.78000000E-01  9.66655603E-01  0.00000000E+00 -9.17253685E-02  1.00000005E-03  3.13955714E-03  3.16383855E+00
 -4.00000000E+00  9.80000000E-01  9.66848944E-01  0.00000000E+00 -9.17224194E-02  1.00000005E-03  3.13745954E-03  3.17040369E+00
 -4.00000000E+00  9.82000000E-01  9.67041885E-01 -1.34863877E-18 -9.17194668E-02  1.00000005E-03  3.13536240E-03  3.17697022E+00
 -4.00000000E+00  9.84000000E-01  9.67234430E-01 -5.87361441E-20 -9.17165063E-02  1.00000005E-03  3.13326575E-03  3.18353808E+00
 -4.00000000E+00  9.86000000E-01  9.67426580E-01  0.00000000E+00 -9.17135372E-02  1.00000005E-03  3.13116956E-03  3.19010733E+00
 -4.00000000E+00  9.88000000E-01  9.67618336E-01 -1.53229921E-18 -9.17105617E-02  1.00000005E-03  3.12907381E-03  3.19667799E+00
 -4.00000000E+00  9.90000000E-01  9.67809700E-01  0.00000000E+00 -9.17075799E-02  1.00000005E-03  3.12697850E-03  3.20325007E+00
 -4.00000000E+00  9.92000000E-01  9.68000673E-01  0.00000000E+00 -9.17045917E-02  1.00000005E-03  3.12488365E-03  3.20982358E+00
 -4.00000000E+00  9.94000000E-01  9.68191257E-01 -1.36235708E-18 -9.17015973E-02  1.00000005E-03  3.12278924E-03  3.21639852E+00
 -4.00000000E+00  9.96000000E-01  9.68381452E-01 -2.72929261E-18 -9.16985967E-02  1.00000005E-03  3.12069529E-03  3.22297490E+00
 -4.00000000E+00  9.98000000E-01  9.68571261E-01 -2.02068767E-18 -9.16955898E-02  1.00000005E-03  3.11860179E-03  3.22955272E+00
 -4.00000000E+00  1.00000000E+00  9.68760686E-01  0.00000000E+00 -9.16925768E-02  1.00000005E-03  3.11650875E-03  3.23613198E+00
 -4.00000000E+00  1.00200000E+00  9.68949726E-01  0.00000000E+00 -9.16895577E-02  1.00000005E-03  3.11441616E-03  3.24271270E+00
 -4.00000000E+00  1.00400000E+00  9.69138385E-01  0.00000000E+00 -9.16865324E-02  1.00000005E-03  3.11232402E-03  3.24929488E+00
 -4.00000000E+00  1.00600000E+00  9.69326663E-01 -1.67523857E-18 -9.16835012E-02  1.00000005E-03  3.11023235E-03  3.25587852E+00
 -4.00000000E+00  1.00800000E+00  9.69514561E-01  0.00000000E+00 -9.16804639E-02  1.00000005E-03  3.10814113E-03  3.26246362E+00
 -4.00000000E+00  1.01000000E+00  9.69702082E-01  0.00000000E+00 -9.16774207E-02  1.00000005E-03  3.10605038E-03  3.26905021E+00
 -4.00000000E+00  1.01200000E+00  9.69889227E-01  0.00000000E+00 -9.16743715E-02  1.00000005E-03  3.10396008E-03  3.27563827E+00
 -4.00000000E+00  1.01400000E+00  9.70075996E-01  0.00000000E+00 -9.16713165E-02  1.00000005E-03  3.10187024E-03  3.28222782E+00
 -4.00000000E+00  1.01600000E+00  9.70262392E-01  0.00000000E+00 -9.16682556E-02  1.00000005E-03  3.09978086E-03  3.28881887E+00
 -4.00000000E+00  1.01800000E+00  9.70448416E-01  0.00000000E+00 -9.16651890E-02  1.00000005E-03  3.09769195E-03  3.29541141E+00
 -4.00000000E+00  1.02000000E+00  9.70634069E-01 -1.39204673E-18 -9.16621166E-02  1.00000005E-03  3.09560349E-03  3.30200546E+00
 -4.00000000E+00  1.02200000E+00  9.70819352E-01  0.00000000E+00 -9.16590384E-02  1.00000005E-03  3.09351550E-03  3.30860102E+00
 -4.00000000E+00  1.02400000E+00  9.71004268E-01 -6.67932057E-19 -9.16559546E-02  1.00000005E-03  3.09142797E-03  3.31519810E+00
 -4.00000000E+00  1.02600000E+00  9.71188816E-01  0.00000000E+00 -9.16528651E-02  1.00000005E-03  3.08934091E-03  3.32179670E+00
 -4.00000000E+00  1.02800000E+00  9.71372999E-01 -1.40111295E-18 -9.16497700E-02  1.00000005E-03  3.08725430E-03  3.32839683E+00
 -4.00000000E+00  1.03000000E+00  9.71556818E-01 -2.07455092E-18 -9.16466693E-02  1.00000005E-03  3.08516816E-03  3.33499850E+00
 -4.00000000E+00  1.03200000E+00  9.71740274E-01  0.00000000E+00 -9.16435631E-02  1.00000005E-03  3.08308248E-03  3.34160172E+00
 -4.00000000E+00  1.03400000E+00  9.71923369E-01 -1.40788371E-18 -9.16404513E-02  1.00000005E-03  3.08099726E-03  3.34820648E+00
 -4.00000000E+00  1.03600000E+00  9.72106103E-01 -3.06551086E-19 -9.16373340E-02  1.00000005E-03  3.07891251E-03  3.35481280E+00
 -4.00000000E+00  1.03800000E+00  9.72288478E-01  0.00000000E+00 -9.16342112E-02  1.00000005E-03  3.07682822E-03  3.36142068E+00
 -4.00000000E+00  1.04000000E+00  9.72470496E-01  0.00000000E+00 -9.16310830E-02  1.00000005E-03  3.07474439E-03  3.36803014E+00
 -4.00000000E+00  1.04200000E+00  9.72652157E-01  0.00000000E+00 -9.16279493E-02  1.00000005E-03  3.07266103E-03  3.37464117E+00
 -4.00000000E+00  1.04400000E+00  9.72833464E-01 -1.41911221E-18 -9.16248102E-02  1.00000005E-03  3.07057812E-03  3.38125378E+00
 -4.00000000E+00  1.04600000E+00  9.73014416E-01 -1.05056279E-18 -9.16216656E-02  1.00000005E-03  3.06849568E-03  3.38786799E+00
 -4.00000000E+00  1.04800000E+00  9.73195016E-01  0.00000000E+00 -9.16185157E-02  1.00000005E-03  3.06641371E-03  3.39448379E+00
 -4.00000000E+00  1.05000000E+00  9.73375265E-01  0.00000000E+00 -9.16153604E-02  1.00000005E-03  3.06433219E-03  3.40110119E+00
 -4.00000000E+00  1.05200000E+00  9.73555163E-01  0.00000000E+00 -9.16121997E-02  1.00000005E-03  3.06225114E-03  3.40772020E+00
 -4.00000000E+00  1.05400000E+00  9.73734713E-01 -1.67901638E-18 -9.16090337E-02  1.00000005E-03  3.06017055E-03  3.41434084E+00
 -4.00000000E+00  1.05600000E+00  9.73913915E-01  0.00000000E+00 -9.16058622E-02  1.00000005E-03  3.05809042E-03  3.42096309E+00
 -4.00000000E+00  1.05800000E+00  9.74092771E-01 -1.30996169E-18 -9.16026855E-02  1.00000005E-03  3.05601076E-03  3.42758698E+00
 -4.00000000E+00  1.06000000E+00  9.74271281E-01  0.00000000E+00 -9.15995033E-02  1.00000005E-03  3.05393156E-03  3.43421250E+00
 -4.00000000E+00  1.06200000E+00  9.74449448E-01 -1.43915722E-18 -9.15963158E-02  1.00000005E-03  3.05185282E-03  3.44083967E+00
 -4.00000000E+00  1.06400000E+00  9.74627272E-01  0.00000000E+00 -9.15931230E-02  1.00000005E-03  3.04977454E-03  3.44746849E+00
 -4.00000000E+00  1.06600000E+00  9.74804754E-01  0.00000000E+00 -9.15899248E-02  1.00000005E-03  3.04769673E-03  3.45409896E+00
 -4.00000000E+00  1.06800000E+00  9.74981897E-01  0.00000000E+00 -9.15867212E-02  1.00000005E-03  3.04561937E-03  3.46073110E+00
 -4.00000000E+00  1.07000000E+00  9.75158700E-01 -1.44800519E-18 -9.15835123E-02  1.00000005E-03  3.04354248E-03  3.46736491E+00
 -4.00000000E+00  1.07200000E+00  9.75335165E-01 -2.90042392E-18 -9.15802980E-02  1.00000005E-03  3.04146605E-03  3.47400041E+00
 -4.00000000E+00  1.07400000E+00  9.75511293E-01  0.00000000E+00 -9.15770783E-02  1.00000005E-03  3.03939009E-03  3.48063758E+00
 -4.00000000E+00  1.07600000E+00  9.75687086E-01  0.00000000E+00 -9.15738533E-02  1.00000005E-03  3.03731459E-03  3.48727645E+00
 -4.00000000E+00  1.07800000E+00  9.75862544E-01  0.00000000E+00 -9.15706228E-02  1.00000005E-03  3.03523955E-03  3.49391701E+00
 -4.00000000E+00  1.08000000E+00  9.76037669E-01  0.00000000E+00 -9.15673870E-02  1.00000005E-03  3.03316497E-03  3.50055929E+00
 -4.00000000E+00  1.08200000E+00  9.76212462E-01  0.00000000E+00 -9.15641457E-02  1.00000005E-03  3.03109085E-03  3.50720327E+00
 -4.00000000E+00  1.08400000E+00  9.76386923E-01  0.00000000E+00 -9.15608990E-02  1.00000005E-03  3.02901720E-03  3.51384897E+00
 -4.00000000E+00  1.08600000E+00  9.76561056E-01  0.00000000E+00 -9.15576469E-02  1.00000005E-03  3.02694401E-03  3.52049640E+00
 -4.00000000E+00  1.08800000E+00  9.76734859E-01  0.00000000E+00 -9.15543894E-02  1.00000005E-03  3.02487128E-03  3.52714556E+00
 -4.00000000E+00  1.09000000E+00  9.76908335E-01  0.00000000E+00 -9.15511264E-02  1.00000005E-03  3.02279902E-03  3.53379646E+00
 -4.00000000E+00  1.09200000E+00  9.77081484E-01  0.00000000E+00 -9.15478580E-02  1.00000005E-03  3.02072722E-03  3.54044911E+00
 -4.00000000E+00  1.09400000E+00  9.77254308E-01  0.00000000E+00 -9.15445841E-02  1.00000005E-03  3.01865589E-03  3.54710351E+00
 -4.00000000E+00  1.09600000E+00  9.77426808E-01  0.00000000E+00 -9.15413047E-02  1.00000005E-03  3.01658501E-03  3.55375967E+00
 -4.00000000E+00  1.09800000E+00  9.77598985E-01  0.00000000E+00 -9.15380199E-02  1.00000005E-03  3.01451461E-03  3.56041759E+00
 -4.00000000E+00  1.10000000E+00  9.77770839E-01  0.00000000E+00 -9.15347295E-02  1.00000005E-03  3.01244466E-03  3.56707729E+00
 -4.00000000E+00  1.10200000E+00  9.77942373E-01  0.00000000E+00 -9.15314337E-02  1.00000005E-03  3.01037518E-03  3.57373877E+00
 -4.00000000E+00  1.10400000E+00  9.78113587E-01  0.00000000E+00 -9.15281323E-02  1.00000005E-03  3.00830617E-03  3.58040203E+00
 -4.00000000E+00  1.10600000E+00  9.78284482E-01  0.00000000E+00 -9.15248255E-02  1.00000005E-03  3.00623762E-03  3.58706709E+00
 -4.00000000E+00  1.10800000E+00  9.78455060E-01  0.00000000E+00 -9.15215131E-02  1.00000005E-03  3.00416953E-03  3.59373395E+00
 -4.00000000E+00  1.11000000E+00  9.78625321E-01  0.00000000E+00 -9.15181952E-02  1.00000005E-03  3.00210191E-03  3.60040261E+00
 -4.00000000E+00  1.11200000E+00  9.78795266E-01  0.00000000E+00 -9.15148718E-02  1.00000005E-03  3.00003476E-03  3.60707309E+00
 -4.00000000E+00  1.11400000E+00  9.78964897E-01  0.00000000E+00 -9.15115429E-02  1.00000005E-03  2.99796807E-03  3.61374539E+00
 -4.00000000E+00  1.11600000E+00  9.79134215E-01  0.00000000E+00 -9.15082084E-02  1.00000005E-03  2.99590185E-03  3.62041951E+00
 -4.00000000E+00  1.11800000E+00  9.79303220E-01  0.00000000E+00 -9.15048684E-02  1.00000005E-03  2.99383610E-03  3.62709547E+00
 -4.00000000E+00  1.12000000E+00  9.79471914E-01  0.00000000E+00 -9.15015229E-02  1.00000005E-03  2.99177081E-03  3.63377327E+00
 -4.00000000E+00  1.12200000E+00  9.79640298E-01  0.00000000E+00 -9.14981719E-02  1.00000005E-03  2.98970599E-03  3.64045291E+00
 -4.00000000E+00  1.12400000E+00  9.79808372E-01  0.00000000E+00 -9.14948154E-02  1.00000005E-03  2.98764164E-03  3.64713441E+00
 -4.00000000E+00  1.12600000E+00  9.79976138E-01 -1.50913116E-18 -9.14914533E-02  1.00000005E-03  2.98557775E-03  3.65381777E+00
 -4.00000000E+00  1.12800000E+00  9.80143597E-01  0.00000000E+00 -9.14880858E-02  1.00000005E-03  2.98351434E-03  3.66050299E+00
 -4.00000000E+00  1.13000000E+00  9.80310750E-01  0.00000000E+00 -9.14847128E-02  1.00000005E-03  2.98145139E-03  3.66719009E+00
 -4.00000000E+00  1.13200000E+00  9.80477598E-01  0.00000000E+00 -9.14813343E-02  1.00000005E-03  2.97938891E-03  3.67387907E+00
 -4.00000000E+00  1.13400000E+00  9.80644141E-01 -1.51775120E-18 -9.14779503E-02  1.00000005E-03  2.97732690E-03  3.68056994E+00
 -4.00000000E+00  1.13600000E+00  9.80810381E-01 -1.51990114E-18 -9.14745609E-02  1.00000005E-03  2.97526536E-03  3.68726269E+00
 -4.00000000E+00  1.13800000E+00  9.80976319E-01  0.00000000E+00 -9.14711661E-02  1.00000005E-03  2.97320429E-03  3.69395735E+00
 -4.00000000E+00  1.14000000E+00  9.81141955E-01  0.00000000E+00 -9.14677658E-02  1.00000005E-03  2.97114368E-03  3.70065392E+00
 -4.00000000E+00  1.14200000E+00  9.81307292E-01  0.00000000E+00 -9.14643601E-02  1.00000005E-03  2.96908355E-03  3.70735240E+00
 -4.00000000E+00  1.14400000E+00  9.81472329E-01  0.00000000E+00 -9.14609491E-02  1.00000005E-03  2.96702389E-03  3.71405280E+00
 -4.00000000E+00  1.14600000E+00  9.81637068E-01  0.00000000E+00 -9.14575326E-02  1.00000005E-03  2.96496470E-03  3.72075513E+00
 -4.00000000E+00  1.14800000E+00  9.81801509E-01  0.00000000E+00 -9.14541108E-02  1.00000005E-03  2.96290598E-03  3.72745939E+00
 -4.00000000E+00  1.15000000E+00  9.81965654E-01  0.00000000E+00 -9.14506837E-02  1.00000005E-03  2.96084773E-03  3.73416559E+00
 -4.00000000E+00  1.15200000E+00  9.82129503E-01  0.00000000E+00 -9.14472513E-02  1.00000005E-03  2.95878995E-03  3.74087374E+00
 -4.00000000E+00  1.15400000E+00  9.82293058E-01  0.00000000E+00 -9.14438136E-02  1.00000005E-03  2.95673265E-03  3.74758384E+00
 -4.00000000E+00  1.15600000E+00  9.82456319E-01  0.00000000E+00 -9.14403706E-02  1.00000005E-03  2.95467582E-03  3.75429590E+00
 -4.00000000E+00  1.15800000E+00  9.82619288E-01  0.00000000E+00 -9.14369224E-02  1.00000005E-03  2.95261945E-03  3.76100993E+00
 -4.00000000E+00  1.16000000E+00  9.82781964E-01  0.00000000E+00 -9.14334689E-02  1.00000005E-03  2.95056356E-03  3.76772594E+00
 -4.00000000E+00  1.16200000E+00  9.82944350E-01 -1.54764293E-18 -9.14300103E-02  1.00000005E-03  2.94850815E-03  3.77444393E+00
 -4.00000000E+00  1.16400000E+00  9.83106446E-01  0.00000000E+00 -9.14265464E-02  1.00000005E-03  2.94645320E-03  3.78116390E+00
 -4.00000000E+00  1.16600000E+00  9.83268253E-01  0.00000000E+00 -9.14230774E-02  1.00000005E-03  2.94439873E-03  3.78788587E+00
 -4.00000000E+00  1.16800000E+00  9.83429772E-01 -4.72952023E-19 -9.14196032E-02  1.00000005E-03  2.94234473E-03  3.79460984E+00
 -4.00000000E+00  1.17000000E+00  9.83591004E-01  0.00000000E+00 -9.14161239E-02  1.00000005E-03  2.94029121E-03  3.80133583E+00
 -4.00000000E+00  1.17200000E+00  9.83751949E-01  0.00000000E+00 -9.14126394E-02  1.00000005E-03  2.93823816E-03  3.80806382E+00
 -4.00000000E+00  1.17400000E+00  9.83912609E-01 -6.78392949E-20 -9.14091498E-02  1.00000005E-03  2.93618558E-03  3.81479384E+00
 -4.00000000E+00  1.17600000E+00  9.84072984E-01  0.00000000E+00 -9.14056551E-02  1.00000005E-03  2.93413347E-03  3.82152589E+00
 -4.00000000E+00  1.17800000E+00  9.84233075E-01 -1.56450294E-18 -9.14021552E-02  1.00000005E-03  2.93208184E-03  3.82825998E+00
 -4.00000000E+00  1.18000000E+00  9.84392884E-01 -1.56659859E-18 -9.13986502E-02  1.00000005E-03  2.93003068E-03  3.83499611E+00
 -4.00000000E+00  1.18200000E+00  9.84552411E-01 -1.56869163E-18 -9.13951401E-02  1.00000005E-03  2.92798000E-03  3.84173429E+00
 -4.00000000E+00  1.18400000E+00  9.84711657E-01 -1.57078210E-18 -9.13916249E-02  1.00000005E-03  2.92592979E-03  3.84847453E+00
 -4.00000000E+00  1.18600000E+00  9.84870622E-01 -1.57287003E-18 -9.13881045E-02  1.00000005E-03  2.92388005E-03  3.85521683E+00
 -4.00000000E+00  1.18800000E+00  9.85029309E-01 -1.57495546E-18 -9.13845789E-02  1.00000005E-03  2.92183079E-03  3.86196121E+00
 -4.00000000E+00  1.19000000E+00  9.85187716E-01  0.00000000E+00 -9.13810481E-02  1.00000005E-03  2.91978200E-03  3.86870766E+00
 -4.00000000E+00  1.19200000E+00  9.85345846E-01  0.00000000E+00 -9.13775120E-02  1.00000005E-03  2.91773369E-03  3.87545621E+00
 -4.00000000E+00  1.19400000E+00  9.85503700E-01  0.00000000E+00 -9.13739706E-02  1.00000005E-03  2.91568585E-03  3.88220684E+00
 -4.00000000E+00  1.19600000E+00  9.85661277E-01  0.00000000E+00 -9.13704238E-02  1.00000005E-03  2.91363848E-03  3.88895958E+00
 -4.00000000E+00  1.19800000E+00  9.85818580E-01  0.00000000E+00 -9.13668717E-02  1.00000005E-03  2.91159160E-03  3.89571443E+00
 -4.00000000E+00  1.20000000E+00  9.85975608E-01  0.00000000E+00 -9.13633140E-02  1.00000005E-03  2.90954518E-03  3.90247139E+00
 -4.00000000E+00  1.20200000E+00  9.86132363E-01  0.00000000E+00 -9.13597507E-02  1.00000005E-03  2.90749924E-03  3.90923047E+00
 -4.00000000E+00  1.20400000E+00  9.86288845E-01  0.00000000E+00 -9.13561818E-02  1.00000005E-03  2.90545378E-03  3.91599169E+00
 -4.00000000E+00  1.20600000E+00  9.86445055E-01  0.00000000E+00 -9.13526070E-02  1.00000005E-03  2.90340879E-03  3.92275504E+00
 -4.00000000E+00  1.20800000E+00  9.86600995E-01  0.00000000E+00 -9.13490263E-02  1.00000005E-03  2.90136428E-03  3.92952054E+00
 -4.00000000E+00  1.21000000E+00  9.86756665E-01  0.00000000E+00 -9.13454396E-02  1.00000005E-03  2.89932025E-03  3.93628819E+00
 -4.00000000E+00  1.21200000E+00  9.86912066E-01 -1.59981010E-18 -9.13418466E-02  1.00000005E-03  2.89727669E-03  3.94305800E+00
 -4.00000000E+00  1.21400000E+00  9.87067198E-01  0.00000000E+00 -9.13382473E-02  1.00000005E-03  2.89523361E-03  3.94982998E+00
 -4.00000000E+00  1.21600000E+00  9.87222063E-01  0.00000000E+00 -9.13346413E-02  1.00000005E-03  2.89319101E-03  3.95660413E+00
 -4.00000000E+00  1.21800000E+00  9.87376662E-01  0.00000000E+00 -9.13310286E-02  1.00000005E-03  2.89114888E-03  3.96338047E+00
 -4.00000000E+00  1.22000000E+00  9.87530995E-01  0.00000000E+00 -9.13274089E-02  1.00000005E-03  2.88910724E-03  3.97015900E+00
 -4.00000000E+00  1.22200000E+00  9.87685062E-01  0.00000000E+00 -9.13237819E-02  1.00000005E-03  2.88706607E-03  3.97693972E+00
 -4.00000000E+00  1.22400000E+00  9.87838866E-01  0.00000000E+00 -9.13201474E-02  1.00000005E-03  2.88502538E-03  3.98372265E+00
 -4.00000000E+00  1.22600000E+00  9.87992405E-01  0.00000000E+00 -9.13165169E-02  1.00000005E-03  2.88298521E-03  3.99050775E+00
 -4.00000000E+00  1.22800000E+00  9.88145680E-01  0.00000000E+00 -9.13128846E-02  1.00000005E-03  2.88094551E-03  3.99729505E+00
 -4.00000000E+00  1.23000000E+00  9.88298692E-01 -3.44747575E-18 -9.13092493E-02  1.00000005E-03  2.87890630E-03  4.00408457E+00
 -4.00000000E+00  1.23200000E+00  9.88451442E-01 -1.62022334E-18 -9.13056107E-02  1.00000005E-03  2.87686757E-03  4.01087631E+00
 -4.00000000E+00  1.23400000E+00  9.88603931E-01 -1.62224620E-18 -9.13019684E-02  1.00000005E-03  2.87482932E-03  4.01767028E+00
 -4.00000000E+00  1.23600000E+00  9.88756160E-01 -1.62427120E-18 -9.12983221E-02  1.00000005E-03  2.87279155E-03  4.02446650E+00
 -4.00000000E+00  1.23800000E+00  9.88908130E-01 -7.77794718E-19 -9.12946715E-02  1.00000005E-03  2.87075426E-03  4.03126496E+00
 -4.00000000E+00  1.24000000E+00  9.89059841E-01 -1.62832644E-18 -9.12910164E-02  1.00000005E-03  2.86871746E-03  4.03806567E+00
 -4.00000000E+00  1.24200000E+00  9.89211294E-01  0.00000000E+00 -9.12873565E-02  1.00000005E-03  2.86668114E-03  4.04486865E+00
 -4.00000000E+00  1.24400000E+00  9.89362491E-01 -9.93626701E-19 -9.12836918E-02  1.00000005E-03  2.86464531E-03  4.05167390E+00
 -4.00000000E+00  1.24600000E+00  9.89513432E-01 -1.91866466E-18 -9.12800219E-02  1.00000005E-03  2.86260995E-03  4.05848142E+00
 -4.00000000E+00  1.24800000E+00  9.89664117E-01 -1.99219972E-18 -9.12763467E-02  1.00000005E-03  2.86057509E-03  4.06529123E+00
 -4.00000000E+00  1.25000000E+00  9.89814549E-01  0.00000000E+00 -9.12726662E-02  1.00000005E-03  2.85854070E-03  4.07210332E+00
 -4.00000000E+00  1.25200000E+00  9.89964726E-01  0.00000000E+00 -9.12689802E-02  1.00000005E-03  2.85650680E-03  4.07891772E+00
 -4.00000000E+00  1.25400000E+00  9.90114651E-01  0.00000000E+00 -9.12652886E-02  1.00000005E-03  2.85447339E-03  4.08573441E+00
 -4.00000000E+00  1.25600000E+00  9.90264324E-01 -7.86536114E-19 -9.12615914E-02  1.00000005E-03  2.85244046E-03  4.09255342E+00
 -4.00000000E+00  1.25800000E+00  9.90413745E-01 -1.64660540E-18 -9.12578884E-02  1.00000005E-03  2.85040801E-03  4.09937475E+00
 -4.00000000E+00  1.26000000E+00  9.90562916E-01  0.00000000E+00 -9.12541798E-02  1.00000005E-03  2.84837606E-03  4.10619840E+00
 -4.00000000E+00  1.26200000E+00  9.90711837E-01  0.00000000E+00 -9.12504653E-02  1.00000005E-03  2.84634459E-03  4.11302439E+00
 -4.00000000E+00  1.26400000E+00  9.90860509E-01  0.00000000E+00 -9.12467451E-02  1.00000005E-03  2.84431360E-03  4.11985271E+00
 -4.00000000E+00  1.26600000E+00  9.91008932E-01  0.00000000E+00 -9.12430192E-02  1.00000005E-03  2.84228311E-03  4.12668338E+00
 -4.00000000E+00  1.26800000E+00  9.91157108E-01  0.00000000E+00 -9.12392874E-02  1.00000005E-03  2.84025310E-03  4.13351640E+00
 -4.00000000E+00  1.27000000E+00  9.91305037E-01  0.00000000E+00 -9.12355499E-02  1.00000005E-03  2.83822358E-03  4.14035179E+00
 -4.00000000E+00  1.27200000E+00  9.91452719E-01 -1.66077285E-18 -9.12318066E-02  1.00000005E-03  2.83619455E-03  4.14718953E+00
 -4.00000000E+00  1.27400000E+00  9.91600156E-01  0.00000000E+00 -9.12280577E-02  1.00000005E-03  2.83416601E-03  4.15402966E+00
 -4.00000000E+00  1.27600000E+00  9.91747348E-01 -1.01335769E-18 -9.12243030E-02  1.00000005E-03  2.83213796E-03  4.16087216E+00
 -4.00000000E+00  1.27800000E+00  9.91894295E-01 -1.66681260E-18 -9.12205428E-02  1.00000005E-03  2.83011039E-03  4.16771705E+00
 -4.00000000E+00  1.28000000E+00  9.92040999E-01  0.00000000E+00 -9.12167769E-02  1.00000005E-03  2.82808332E-03  4.17456433E+00
 -4.00000000E+00  1.28200000E+00  9.92187460E-01 -7.99090558E-19 -9.12130056E-02  1.00000005E-03  2.82605674E-03  4.18141402E+00
 -4.00000000E+00  1.28400000E+00  9.92333679E-01  0.00000000E+00 -9.12092287E-02  1.00000005E-03  2.82403065E-03  4.18826612E+00
 -4.00000000E+00  1.28600000E+00  9.92479656E-01 -1.67482725E-18 -9.12054464E-02  1.00000005E-03  2.82200506E-03  4.19512062E+00
 -4.00000000E+00  1.28800000E+00  9.92625392E-01  0.00000000E+00 -9.12016587E-02  1.00000005E-03  2.81997995E-03  4.20197756E+00
 -4.00000000E+00  1.29000000E+00  9.92770888E-01  0.00000000E+00 -9.11978657E-02  1.00000005E-03  2.81795534E-03  4.20883692E+00
 -4.00000000E+00  1.29200000E+00  9.92916144E-01  0.00000000E+00 -9.11940674E-02  1.00000005E-03  2.81593123E-03  4.21569871E+00
 -4.00000000E+00  1.29400000E+00  9.93061162E-01  0.00000000E+00 -9.11902640E-02  1.00000005E-03  2.81390760E-03  4.22256295E+00
 -4.00000000E+00  1.29600000E+00  9.93205940E-01  0.00000000E+00 -9.11864553E-02  1.00000005E-03  2.81188447E-03  4.22942964E+00
 -4.00000000E+00  1.29800000E+00  9.93350482E-01  0.00000000E+00 -9.11826416E-02  1.00000005E-03  2.80986184E-03  4.23629879E+00
 -4.00000000E+00  1.30000000E+00  9.93494786E-01  0.00000000E+00 -9.11788228E-02  1.00000005E-03  2.80783970E-03  4.24317040E+00
 -4.00000000E+00  1.30200000E+00  9.93638853E-01  0.00000000E+00 -9.11749990E-02  1.00000005E-03  2.80581805E-03  4.25004449E+00
 -4.00000000E+00  1.30400000E+00  9.93782685E-01  0.00000000E+00 -9.11711703E-02  1.00000005E-03  2.80379691E-03  4.25692105E+00
 -4.00000000E+00  1.30600000E+00  9.93926282E-01  0.00000000E+00 -9.11673367E-02  1.00000005E-03  2.80177625E-03  4.26380010E+00
 -4.00000000E+00  1.30800000E+00  9.94069644E-01  0.00000000E+00 -9.11634982E-02  1.00000005E-03  2.79975610E-03  4.27068164E+00
 -4.00000000E+00  1.31000000E+00  9.94212772E-01  0.00000000E+00 -9.11596549E-02  1.00000005E-03  2.79773644E-03  4.27756568E+00
 -4.00000000E+00  1.31200000E+00  9.94355667E-01  0.00000000E+00 -9.11558069E-02  1.00000005E-03  2.79571728E-03  4.28445223E+00
 -4.00000000E+00  1.31400000E+00  9.94498329E-01  0.00000000E+00 -9.11519541E-02  1.00000005E-03  2.79369862E-03  4.29134129E+00
 -4.00000000E+00  1.31600000E+00  9.94640760E-01  0.00000000E+00 -9.11480965E-02  1.00000005E-03  2.79168046E-03  4.29823287E+00
 -4.00000000E+00  1.31800000E+00  9.94782958E-01  0.00000000E+00 -9.11442344E-02  1.00000005E-03  2.78966279E-03  4.30512699E+00
 -4.00000000E+00  1.32000000E+00  9.94924926E-01  0.00000000E+00 -9.11403675E-02  1.00000005E-03  2.78764563E-03  4.31202363E+00
 -4.00000000E+00  1.32200000E+00  9.95066664E-01  0.00000000E+00 -9.11364960E-02  1.00000005E-03  2.78562897E-03  4.31892283E+00
 -4.00000000E+00  1.32400000E+00  9.95208172E-01  0.00000000E+00 -9.11326199E-02  1.00000005E-03  2.78361280E-03  4.32582457E+00
 -4.00000000E+00  1.32600000E+00  9.95349451E-01  0.00000000E+00 -9.11287392E-02  1.00000005E-03  2.78159714E-03  4.33272887E+00
 -4.00000000E+00  1.32800000E+00  9.95490502E-01  0.00000000E+00 -9.11248539E-02  1.00000005E-03  2.77958198E-03  4.33963574E+00
 -4.00000000E+00  1.33000000E+00  9.95631325E-01  0.00000000E+00 -9.11209640E-02  1.00000005E-03  2.77756732E-03  4.34654518E+00
 -4.00000000E+00  1.33200000E+00  9.95771921E-01  0.00000000E+00 -9.11170695E-02  1.00000005E-03  2.77555316E-03  4.35345719E+00
 -4.00000000E+00  1.33400000E+00  9.95912291E-01  0.00000000E+00 -9.11131705E-02  1.00000005E-03  2.77353950E-03  4.36037180E+00
 -4.00000000E+00  1.33600000E+00  9.96052434E-01  0.00000000E+00 -9.11092668E-02  1.00000005E-03  2.77152635E-03  4.36728900E+00
 -4.00000000E+00  1.33800000E+00  9.96192352E-01  0.00000000E+00 -9.11053586E-02  1.00000005E-03  2.76951370E-03  4.37420880E+00
 -4.00000000E+00  1.34000000E+00  9.96332046E-01  0.00000000E+00 -9.11014457E-02  1.00000005E-03  2.76750156E-03  4.38113122E+00
 -4.00000000E+00  1.34200000E+00  9.96471515E-01  0.00000000E+00 -9.10975283E-02  1.00000005E-03  2.76548992E-03  4.38805625E+00
 -4.00000000E+00  1.34400000E+00  9.96610761E-01  0.00000000E+00 -9.10936062E-02  1.00000005E-03  2.76347878E-03  4.39498390E+00
 -4.00000000E+00  1.34600000E+00  9.96749784E-01  0.00000000E+00 -9.10896794E-02  1.00000005E-03  2.76146815E-03  4.40191418E+00
 -4.00000000E+00  1.34800000E+00  9.96888585E-01  0.00000000E+00 -9.10857480E-02  1.00000005E-03  2.75945802E-03  4.40884711E+00
 -4.00000000E+00  1.35000000E+00  9.97027163E-01  0.00000000E+00 -9.10818119E-02  1.00000005E-03  2.75744840E-03  4.41578268E+00
 -4.00000000E+00  1.35200000E+00  9.97165521E-01  0.00000000E+00 -9.10778711E-02  1.00000005E-03  2.75543929E-03  4.42272091E+00
 -4.00000000E+00  1.35400000E+00  9.97303658E-01  0.00000000E+00 -9.10739255E-02  1.00000005E-03  2.75343068E-03  4.42966179E+00
 -4.00000000E+00  1.35600000E+00  9.97441576E-01  0.00000000E+00 -9.10699751E-02  1.00000005E-03  2.75142258E-03  4.43660535E+00
 -4.00000000E+00  1.35800000E+00  9.97579273E-01  0.00000000E+00 -9.10660200E-02  1.00000005E-03  2.74941499E-03  4.44355158E+00
 -4.00000000E+00  1.36000000E+00  9.97716752E-01  0.00000000E+00 -9.10620600E-02  1.00000005E-03  2.74740790E-03  4.45050049E+00
 -4.00000000E+00  1.36200000E+00  9.97854013E-01  0.00000000E+00 -9.10580952E-02  1.00000005E-03  2.74540133E-03  4.45745210E+00
 -4.00000000E+00  1.36400000E+00  9.97991057E-01  0.00000000E+00 -9.10541254E-02  1.00000005E-03  2.74339526E-03  4.46440640E+00
 -4.00000000E+00  1.36600000E+00  9.98127883E-01  0.00000000E+00 -9.10501508E-02  1.00000005E-03  2.74138970E-03  4.47136341E+00
 -4.00000000E+00  1.36800000E+00  9.98264492E-01  0.00000000E+00 -9.10461712E-02  1.00000005E-03  2.73938466E-03  4.47832314E+00
 -4.00000000E+00  1.37000000E+00  9.98400886E-01  0.00000000E+00 -9.10421866E-02  1.00000005E-03  2.73738012E-03  4.48528558E+00
 -4.00000000E+00  1.37200000E+00  9.98537065E-01  0.00000000E+00 -9.10381970E-02  1.00000005E-03  2.73537610E-03  4.49225076E+00
 -4.00000000E+00  1.37400000E+00  9.98673028E-01  0.00000000E+00 -9.10342023E-02  1.00000005E-03  2.73337258E-03  4.49921867E+00
 -4.00000000E+00  1.37600000E+00  9.98808778E-01  0.00000000E+00 -9.10302026E-02  1.00000005E-03  2.73136958E-03  4.50618932E+00
 -4.00000000E+00  1.37800000E+00  9.98944314E-01  0.00000000E+00 -9.10261978E-02  1.00000005E-03  2.72936709E-03  4.51316272E+00
 -4.00000000E+00  1.38000000E+00  9.99079636E-01  0.00000000E+00 -9.10221879E-02  1.00000005E-03  2.72736511E-03  4.52013888E+00
 -4.00000000E+00  1.38200000E+00  9.99214747E-01  0.00000000E+00 -9.10181728E-02  1.00000005E-03  2.72536365E-03  4.52711780E+00
 -4.00000000E+00  1.38400000E+00  9.99349645E-01  0.00000000E+00 -9.10141525E-02  1.00000005E-03  2.72336270E-03  4.53409950E+00
 -4.00000000E+00  1.38600000E+00  9.99484332E-01  0.00000000E+00 -9.10101271E-02  1.00000005E-03  2.72136227E-03  4.54108398E+00
 -4.00000000E+00  1.38800000E+00  9.99618808E-01  0.00000000E+00 -9.10060965E-02  1.00000005E-03  2.71936235E-03  4.54807124E+00
 -4.00000000E+00  1.39000000E+00  9.99753073E-01 -5.40334208E-19 -9.10020606E-02  1.00000005E-03  2.71736294E-03  4.55506130E+00
 -4.00000000E+00  1.39200000E+00  9.99887129E-01  0.00000000E+00 -9.09980196E-02  1.00000005E-03  2.71536406E-03  4.56205416E+00
 -4.00000000E+00  1.39400000E+00  1.00002098E+00  0.00000000E+00 -9.09939733E-02  1.00000005E-03  2.71336569E-03  4.56904983E+00
 -4.00000000E+00  1.39600000E+00  1.00015461E+00 -5.42057330E-19 -9.09899219E-02  1.00000005E-03  2.71136783E-03  4.57604831E+00
 -4.00000000E+00  1.39800000E+00  1.00028804E+00  0.00000000E+00 -9.09858652E-02  1.00000005E-03  2.70937050E-03  4.58304962E+00
 -4.00000000E+00  1.40000000E+00  1.00042126E+00  0.00000000E+00 -9.09818033E-02  1.00000005E-03  2.70737368E-03  4.59005376E+00
 -4.00000000E+00  1.40200000E+00  1.00055428E+00 -1.78668831E-18 -9.09777362E-02  1.00000005E-03  2.70537738E-03  4.59706074E+00
 -4.00000000E+00  1.40400000E+00  1.00068709E+00  0.00000000E+00 -9.09736639E-02  1.00000005E-03  2.70338160E-03  4.60407056E+00
 -4.00000000E+00  1.40600000E+00  1.00081969E+00  0.00000000E+00 -9.09695865E-02  1.00000005E-03  2.70138634E-03  4.61108323E+00
 -4.00000000E+00  1.40800000E+00  1.00095208E+00  0.00000000E+00 -9.09655040E-02  1.00000005E-03  2.69939161E-03  4.61809877E+00
 -4.00000000E+00  1.41000000E+00  1.00108427E+00  0.00000000E+00 -9.09614164E-02  1.00000005E-03  2.69739739E-03  4.62511717E+00
 -4.00000000E+00  1.41200000E+00  1.00121626E+00 -2.10839808E-18 -9.09573237E-02  1.00000005E-03  2.69540369E-03  4.63213844E+00
 -4.00000000E+00  1.41400000E+00  1.00134804E+00  0.00000000E+00 -9.09532260E-02  1.00000005E-03  2.69341052E-03  4.63916260E+00
 -4.00000000E+00  1.41600000E+00  1.00147962E+00  0.00000000E+00 -9.09491234E-02  1.00000005E-03  2.69141787E-03  4.64618964E+00
 -4.00000000E+00  1.41800000E+00  1.00161100E+00 -8.61644574E-19 -9.09450158E-02  1.00000005E-03  2.68942575E-03  4.65321958E+00
 -4.00000000E+00  1.42000000E+00  1.00174217E+00  0.00000000E+00 -9.09409035E-02  1.00000005E-03  2.68743415E-03  4.66025242E+00
 -4.00000000E+00  1.42200000E+00  1.00187314E+00  0.00000000E+00 -9.09367863E-02  1.00000005E-03  2.68544307E-03  4.66728817E+00
 -4.00000000E+00  1.42400000E+00  1.00200391E+00 -1.80716867E-18 -9.09326644E-02  1.00000005E-03  2.68345252E-03  4.67432684E+00
 -4.00000000E+00  1.42600000E+00  1.00213448E+00  0.00000000E+00 -9.09285380E-02  1.00000005E-03  2.68146250E-03  4.68136843E+00
 -4.00000000E+00  1.42800000E+00  1.00226484E+00  0.00000000E+00 -9.09244069E-02  1.00000005E-03  2.67947300E-03  4.68841295E+00
 -4.00000000E+00  1.43000000E+00  1.00239501E+00  0.00000000E+00 -9.09202715E-02  1.00000005E-03  2.67748403E-03  4.69546041E+00
 -4.00000000E+00  1.43200000E+00  1.00252497E+00  0.00000000E+00 -9.09161316E-02  1.00000005E-03  2.67549559E-03  4.70251082E+00
 -4.00000000E+00  1.43400000E+00  1.00265474E+00 -1.81634610E-18 -9.09119875E-02  1.00000005E-03  2.67350768E-03  4.70956417E+00
 -4.00000000E+00  1.43600000E+00  1.00278431E+00  0.00000000E+00 -9.09078393E-02  1.00000005E-03  2.67152030E-03  4.71662049E+00
 -4.00000000E+00  1.43800000E+00  1.00291368E+00  0.00000000E+00 -9.09036870E-02  1.00000005E-03  2.66953344E-03  4.72367977E+00
 -4.00000000E+00  1.44000000E+00  1.00304285E+00  0.00000000E+00 -9.08995308E-02  1.00000005E-03  2.66754712E-03  4.73074203E+00
 -4.00000000E+00  1.44200000E+00  1.00317182E+00 -1.82362644E-18 -9.08953707E-02  1.00000005E-03  2.66556133E-03  4.73780726E+00
 -4.00000000E+00  1.44400000E+00  1.00330060E+00 -3.96834517E-19 -9.08912070E-02  1.00000005E-03  2.66357607E-03  4.74487549E+00
 -4.00000000E+00  1.44600000E+00  1.00342918E+00  0.00000000E+00 -9.08870398E-02  1.00000005E-03  2.66159134E-03  4.75194671E+00
 -4.00000000E+00  1.44800000E+00  1.00355756E+00 -1.82905558E-18 -9.08828691E-02  1.00000005E-03  2.65960715E-03  4.75902093E+00
 -4.00000000E+00  1.45000000E+00  1.00368575E+00  0.00000000E+00 -9.08786951E-02  1.00000005E-03  2.65762348E-03  4.76609816E+00
 -4.00000000E+00  1.45200000E+00  1.00381374E+00 -1.83266385E-18 -9.08745179E-02  1.00000005E-03  2.65564036E-03  4.77317840E+00
 -4.00000000E+00  1.45400000E+00  1.00394154E+00 -1.83446571E-18 -9.08703377E-02  1.00000005E-03  2.65365776E-03  4.78026167E+00
 -4.00000000E+00  1.45600000E+00  1.00406914E+00  0.00000000E+00 -9.08661547E-02  1.00000005E-03  2.65167570E-03  4.78734797E+00
 -4.00000000E+00  1.45800000E+00  1.00419655E+00  0.00000000E+00 -9.08619689E-02  1.00000005E-03  2.64969418E-03  4.79443731E+00
 -4.00000000E+00  1.46000000E+00  1.00432376E+00  0.00000000E+00 -9.08577806E-02  1.00000005E-03  2.64771319E-03  4.80152970E+00
 -4.00000000E+00  1.46200000E+00  1.00445079E+00  0.00000000E+00 -9.08535898E-02  1.00000005E-03  2.64573274E-03  4.80862514E+00
 -4.00000000E+00  1.46400000E+00  1.00457761E+00  0.00000000E+00 -9.08493967E-02  1.00000005E-03  2.64375282E-03  4.81572364E+00
 -4.00000000E+00  1.46600000E+00  1.00470425E+00  0.00000000E+00 -9.08451877E-02  1.00000005E-03  2.64177344E-03  4.82282521E+00
 -4.00000000E+00  1.46800000E+00  1.00483071E+00 -1.84708240E-18 -9.08409353E-02  1.00000005E-03  2.63979462E-03  4.82992988E+00
 -4.00000000E+00  1.47000000E+00  1.00495697E+00  0.00000000E+00 -9.08366831E-02  1.00000005E-03  2.63781634E-03  4.83703763E+00
 -4.00000000E+00  1.47200000E+00  1.00508304E+00  0.00000000E+00 -9.08324306E-02  1.00000005E-03  2.63583859E-03  4.84414848E+00
 -4.00000000E+00  1.47400000E+00  1.00520892E+00  0.00000000E+00 -9.08281776E-02  1.00000005E-03  2.63386137E-03  4.85126243E+00
 -4.00000000E+00  1.47600000E+00  1.00533461E+00  0.00000000E+00 -9.08239235E-02  1.00000005E-03  2.63188470E-03  4.85837950E+00
 -4.00000000E+00  1.47800000E+00  1.00546011E+00 -1.85597972E-18 -9.08196681E-02  1.00000005E-03  2.62990856E-03  4.86549968E+00
 -4.00000000E+00  1.48000000E+00  1.00558542E+00  0.00000000E+00 -9.08154109E-02  1.00000005E-03  2.62793297E-03  4.87262299E+00
 -4.00000000E+00  1.48200000E+00  1.00571054E+00 -1.85950195E-18 -9.08111518E-02  1.00000005E-03  2.62595791E-03  4.87974944E+00
 -4.00000000E+00  1.48400000E+00  1.00583547E+00  0.00000000E+00 -9.08068903E-02  1.00000005E-03  2.62398340E-03  4.88687903E+00
 -4.00000000E+00  1.48600000E+00  1.00596021E+00  0.00000000E+00 -9.08026263E-02  1.00000005E-03  2.62200943E-03  4.89401176E+00
 -4.00000000E+00  1.48800000E+00  1.00608477E+00  0.00000000E+00 -9.07983594E-02  1.00000005E-03  2.62003601E-03  4.90114765E+00
 -4.00000000E+00  1.49000000E+00  1.00620914E+00 -1.86651590E-18 -9.07940895E-02  1.00000005E-03  2.61806313E-03  4.90828670E+00
 -4.00000000E+00  1.49200000E+00  1.00633332E+00 -2.43686875E-18 -9.07898163E-02  1.00000005E-03  2.61609080E-03  4.91542893E+00
 -4.00000000E+00  1.49400000E+00  1.00645732E+00  0.00000000E+00 -9.07855396E-02  1.00000005E-03  2.61411901E-03  4.92257433E+00
 -4.00000000E+00  1.49600000E+00  1.00658113E+00  0.00000000E+00 -9.07812593E-02  1.00000005E-03  2.61214777E-03  4.92972292E+00
 -4.00000000E+00  1.49800000E+00  1.00670476E+00 -8.96028543E-19 -9.07769752E-02  1.00000005E-03  2.61017708E-03  4.93687469E+00
 -4.00000000E+00  1.50000000E+00  1.00682820E+00  0.00000000E+00 -9.07726871E-02  1.00000005E-03  2.60820694E-03  4.94402967E+00
 -4.00000000E+00  1.50200000E+00  1.00695145E+00  0.00000000E+00 -9.07683949E-02  1.00000005E-03  2.60623735E-03  4.95118786E+00
 -4.00000000E+00  1.50400000E+00  1.00707453E+00  0.00000000E+00 -9.07640984E-02  1.00000005E-03  2.60426830E-03  4.95834926E+00
 -4.00000000E+00  1.50600000E+00  1.00719742E+00 -1.88051445E-18 -9.07597976E-02  1.00000005E-03  2.60229981E-03  4.96551389E+00
 -4.00000000E+00  1.50800000E+00  1.00732012E+00 -3.76453150E-18 -9.07554923E-02  1.00000005E-03  2.60033188E-03  4.97268174E+00
 -4.00000000E+00  1.51000000E+00  1.00744265E+00 -9.01051908E-19 -9.07511825E-02  1.00000005E-03  2.59836449E-03  4.97985283E+00
 -4.00000000E+00  1.51200000E+00  1.00756499E+00  0.00000000E+00 -9.07468681E-02  1.00000005E-03  2.59639766E-03  4.98702717E+00
 -4.00000000E+00  1.51400000E+00  1.00768715E+00  0.00000000E+00 -9.07425489E-02  1.00000005E-03  2.59443138E-03  4.99420476E+00
 -4.00000000E+00  1.51600000E+00  1.00780913E+00  0.00000000E+00 -9.07382250E-02  1.00000005E-03  2.59246565E-03  5.00138560E+00
 -4.00000000E+00  1.51800000E+00  1.00793093E+00 -3.28874815E-19 -9.07338963E-02  1.00000005E-03  2.59050049E-03  5.00856972E+00
 -4.00000000E+00  1.52000000E+00  1.00805255E+00  0.00000000E+00 -9.07295627E-02  1.00000005E-03  2.58853587E-03  5.01575710E+00
 -4.00000000E+00  1.52200000E+00  1.00817399E+00  0.00000000E+00 -9.07252242E-02  1.00000005E-03  2.58657182E-03  5.02294777E+00
 -4.00000000E+00  1.52400000E+00  1.00829525E+00  0.00000000E+00 -9.07208808E-02  1.00000005E-03  2.58460832E-03  5.03014173E+00
 -4.00000000E+00  1.52600000E+00  1.00841633E+00  0.00000000E+00 -9.07165324E-02  1.00000005E-03  2.58264538E-03  5.03733898E+00
 -4.00000000E+00  1.52800000E+00  1.00853724E+00 -1.89980052E-18 -9.07121790E-02  1.00000005E-03  2.58068300E-03  5.04453954E+00
 -4.00000000E+00  1.53000000E+00  1.00865796E+00 -1.57084887E-18 -9.07078206E-02  1.00000005E-03  2.57872118E-03  5.05174341E+00
 -4.00000000E+00  1.53200000E+00  1.00877851E+00 -1.73780173E-18 -9.07034573E-02  1.00000005E-03  2.57675992E-03  5.05895060E+00
 -4.00000000E+00  1.53400000E+00  1.00889888E+00  0.00000000E+00 -9.06990889E-02  1.00000005E-03  2.57479922E-03  5.06616112E+00
 -4.00000000E+00  1.53600000E+00  1.00901907E+00  0.00000000E+00 -9.06947155E-02  1.00000005E-03  2.57283908E-03  5.07337497E+00
 -4.00000000E+00  1.53800000E+00  1.00913909E+00  0.00000000E+00 -9.06903372E-02  1.00000005E-03  2.57087950E-03  5.08059216E+00
 -4.00000000E+00  1.54000000E+00  1.00925893E+00  0.00000000E+00 -9.06859538E-02  1.00000005E-03  2.56892049E-03  5.08781270E+00
 -4.00000000E+00  1.54200000E+00  1.00937859E+00  0.00000000E+00 -9.06815654E-02  1.00000005E-03  2.56696204E-03  5.09503659E+00
 -4.00000000E+00  1.54400000E+00  1.00949808E+00  0.00000000E+00 -9.06771721E-02  1.00000005E-03  2.56500415E-03  5.10226385E+00
 -4.00000000E+00  1.54600000E+00  1.00961740E+00  0.00000000E+00 -9.06727739E-02  1.00000005E-03  2.56304683E-03  5.10949449E+00
 -4.00000000E+00  1.54800000E+00  1.00973654E+00  0.00000000E+00 -9.06683707E-02  1.00000005E-03  2.56109008E-03  5.11672850E+00
 -4.00000000E+00  1.55000000E+00  1.00985550E+00  0.00000000E+00 -9.06639626E-02  1.00000005E-03  2.55913389E-03  5.12396589E+00
 -4.00000000E+00  1.55200000E+00  1.00997430E+00  0.00000000E+00 -9.06595496E-02  1.00000005E-03  2.55717827E-03  5.13120668E+00
 -4.00000000E+00  1.55400000E+00  1.01009291E+00 -5.85107752E-19 -9.06551318E-02  1.00000005E-03  2.55522321E-03  5.13845088E+00
 -4.00000000E+00  1.55600000E+00  1.01021136E+00 -4.18310619E-19 -9.06507091E-02  1.00000005E-03  2.55326873E-03  5.14569848E+00
 -4.00000000E+00  1.55800000E+00  1.01032963E+00  0.00000000E+00 -9.06462816E-02  1.00000005E-03  2.55131481E-03  5.15294949E+00
 -4.00000000E+00  1.56000000E+00  1.01044773E+00  0.00000000E+00 -9.06418494E-02  1.00000005E-03  2.54936147E-03  5.16020394E+00
 -4.00000000E+00  1.56200000E+00  1.01056566E+00  0.00000000E+00 -9.06374124E-02  1.00000005E-03  2.54740869E-03  5.16746181E+00
 -4.00000000E+00  1.56400000E+00  1.01068342E+00  0.00000000E+00 -9.06329707E-02  1.00000005E-03  2.54545649E-03  5.17472312E+00
 -4.00000000E+00  1.56600000E+00  1.01080101E+00  0.00000000E+00 -9.06285243E-02  1.00000005E-03  2.54350485E-03  5.18198788E+00
 -4.00000000E+00  1.56800000E+00  1.01091842E+00  0.00000000E+00 -9.06240733E-02  1.00000005E-03  2.54155379E-03  5.18925610E+00
 -4.00000000E+00  1.57000000E+00  1.01103566E+00  0.00000000E+00 -9.06196177E-02  1.00000005E-03  2.53960331E-03  5.19652777E+00
 -4.00000000E+00  1.57200000E+00  1.01115274E+00  0.00000000E+00 -9.06151575E-02  1.00000005E-03  2.53765340E-03  5.20380292E+00
 -4.00000000E+00  1.57400000E+00  1.01126964E+00  0.00000000E+00 -9.06106927E-02  1.00000005E-03  2.53570406E-03  5.21108154E+00
 -4.00000000E+00  1.57600000E+00  1.01138638E+00  0.00000000E+00 -9.06062234E-02  1.00000005E-03  2.53375530E-03  5.21836365E+00
 -4.00000000E+00  1.57800000E+00  1.01150294E+00  0.00000000E+00 -9.06017496E-02  1.00000005E-03  2.53180711E-03  5.22564924E+00
 -4.00000000E+00  1.58000000E+00  1.01161934E+00  0.00000000E+00 -9.05972714E-02  1.00000005E-03  2.52985951E-03  5.23293834E+00
 -4.00000000E+00  1.58200000E+00  1.01173557E+00  0.00000000E+00 -9.05927887E-02  1.00000005E-03  2.52791248E-03  5.24023095E+00
 -4.00000000E+00  1.58400000E+00  1.01185163E+00  0.00000000E+00 -9.05883017E-02  1.00000005E-03  2.52596603E-03  5.24752707E+00
 -4.00000000E+00  1.58600000E+00  1.01196752E+00  0.00000000E+00 -9.05838103E-02  1.00000005E-03  2.52402015E-03  5.25482671E+00
 -4.00000000E+00  1.58800000E+00  1.01208325E+00  0.00000000E+00 -9.05793145E-02  1.00000005E-03  2.52207486E-03  5.26212988E+00
 -4.00000000E+00  1.59000000E+00  1.01219880E+00  0.00000000E+00 -9.05748144E-02  1.00000005E-03  2.52013015E-03  5.26943659E+00
 -4.00000000E+00  1.59200000E+00  1.01231419E+00  0.00000000E+00 -9.05703101E-02  1.00000005E-03  2.51818603E-03  5.27674685E+00
 -4.00000000E+00  1.59400000E+00  1.01242942E+00  0.00000000E+00 -9.05658015E-02  1.00000005E-03  2.51624248E-03  5.28406065E+00
 -4.00000000E+00  1.59600000E+00  1.01254448E+00  0.00000000E+00 -9.05612886E-02  1.00000005E-03  2.51429952E-03  5.29137802E+00
 -4.00000000E+00  1.59800000E+00  1.01265937E+00  0.00000000E+00 -9.05567716E-02  1.00000005E-03  2.51235714E-03  5.29869896E+00
 -4.00000000E+00  1.60000000E+00  1.01277410E+00  0.00000000E+00 -9.05522504E-02  1.00000005E-03  2.51041535E-03  5.30602347E+00
 -4.00000000E+00  1.60200000E+00  1.01288866E+00  0.00000000E+00 -9.05477250E-02  1.00000005E-03  2.50847415E-03  5.31335156E+00
 -4.00000000E+00  1.60400000E+00  1.01300305E+00  0.00000000E+00 -9.05431955E-02  1.00000005E-03  2.50653353E-03  5.32068324E+00
 -4.00000000E+00  1.60600000E+00  1.01311729E+00  0.00000000E+00 -9.05386618E-02  1.00000005E-03  2.50459349E-03  5.32801852E+00
 -4.00000000E+00  1.60800000E+00  1.01323135E+00  0.00000000E+00 -9.05341241E-02  1.00000005E-03  2.50265405E-03  5.33535741E+00
 -4.00000000E+00  1.61000000E+00  1.01334526E+00  0.00000000E+00 -9.05295823E-02  1.00000005E-03  2.50071520E-03  5.34269991E+00
 -4.00000000E+00  1.61200000E+00  1.01345900E+00  0.00000000E+00 -9.05250364E-02  1.00000005E-03  2.49877693E-03  5.35004603E+00
 -4.00000000E+00  1.61400000E+00  1.01357257E+00  0.00000000E+00 -9.05204865E-02  1.00000005E-03  2.49683926E-03  5.35739577E+00
 -4.00000000E+00  1.61600000E+00  1.01368599E+00 -1.97460470E-18 -9.05159325E-02  1.00000005E-03  2.49490218E-03  5.36474916E+00
 -4.00000000E+00  1.61800000E+00  1.01379924E+00  0.00000000E+00 -9.05113746E-02  1.00000005E-03  2.49296569E-03  5.37210618E+00
 -4.00000000E+00  1.62000000E+00  1.01391233E+00  0.00000000E+00 -9.05068126E-02  1.00000005E-03  2.49102979E-03  5.37946686E+00
 -4.00000000E+00  1.62200000E+00  1.01402526E+00  0.00000000E+00 -9.05022467E-02  1.00000005E-03  2.48909449E-03  5.38683119E+00
 -4.00000000E+00  1.62400000E+00  1.01413802E+00  0.00000000E+00 -9.04976767E-02  1.00000005E-03  2.48715979E-03  5.39419919E+00
 -4.00000000E+00  1.62600000E+00  1.01425063E+00  0.00000000E+00 -9.04931028E-02  1.00000005E-03  2.48522568E-03  5.40157086E+00
 -4.00000000E+00  1.62800000E+00  1.01436307E+00  0.00000000E+00 -9.04885249E-02  1.00000005E-03  2.48329216E-03  5.40894622E+00
 -4.00000000E+00  1.63000000E+00  1.01447535E+00 -1.98594075E-18 -9.04839431E-02  1.00000005E-03  2.48135925E-03  5.41632526E+00
 -4.00000000E+00  1.63200000E+00  1.01458747E+00  0.00000000E+00 -9.04793573E-02  1.00000005E-03  2.47942693E-03  5.42370799E+00
 -4.00000000E+00  1.63400000E+00  1.01469944E+00  0.00000000E+00 -9.04747675E-02  1.00000005E-03  2.47749521E-03  5.43109443E+00
 -4.00000000E+00  1.63600000E+00  1.01481124E+00  0.00000000E+00 -9.04701738E-02  1.00000005E-03  2.47556409E-03  5.43848458E+00
 -4.00000000E+00  1.63800000E+00  1.01492288E+00 -6.06373892E-19 -9.04655761E-02  1.00000005E-03  2.47363358E-03  5.44587845E+00
 -4.00000000E+00  1.64000000E+00  1.01503436E+00  0.00000000E+00 -9.04609745E-02  1.00000005E-03  2.47170366E-03  5.45327605E+00
 -4.00000000E+00  1.64200000E+00  1.01514569E+00  0.00000000E+00 -9.04563689E-02  1.00000005E-03  2.46977435E-03  5.46067737E+00
 -4.00000000E+00  1.64400000E+00  1.01525685E+00  0.00000000E+00 -9.04517594E-02  1.00000005E-03  2.46784564E-03  5.46808244E+00
 -4.00000000E+00  1.64600000E+00  1.01536786E+00  0.00000000E+00 -9.04471459E-02  1.00000005E-03  2.46591754E-03  5.47549126E+00
 -4.00000000E+00  1.64800000E+00  1.01547871E+00 -7.82754870E-19 -9.04425285E-02  1.00000005E-03  2.46399004E-03  5.48290383E+00
 -4.00000000E+00  1.65000000E+00  1.01558941E+00 -6.09295238E-19 -9.04379070E-02  1.00000005E-03  2.46206315E-03  5.49032016E+00
 -4.00000000E+00  1.65200000E+00  1.01569994E+00 -4.35557706E-19 -9.04332816E-02  1.00000005E-03  2.46013686E-03  5.49774026E+00
 -4.00000000E+00  1.65400000E+00  1.01581032E+00  0.00000000E+00 -9.04286521E-02  1.00000005E-03  2.45821118E-03  5.50516415E+00
 -4.00000000E+00  1.65600000E+00  1.01592054E+00  0.00000000E+00 -9.04240186E-02  1.00000005E-03  2.45628611E-03  5.51259181E+00
 -4.00000000E+00  1.65800000E+00  1.01603061E+00 -2.00834538E-18 -9.04193811E-02  1.00000005E-03  2.45436166E-03  5.52002328E+00
 -4.00000000E+00  1.66000000E+00  1.01614052E+00 -2.00993680E-18 -9.04147395E-02  1.00000005E-03  2.45243781E-03  5.52745854E+00
 -4.00000000E+00  1.66200000E+00  1.01625028E+00 -2.01152733E-18 -9.04100939E-02  1.00000005E-03  2.45051457E-03  5.53489760E+00
 -4.00000000E+00  1.66400000E+00  1.01635988E+00 -2.01311702E-18 -9.04054441E-02  1.00000005E-03  2.44859195E-03  5.54234049E+00
 -4.00000000E+00  1.66600000E+00  1.01646932E+00  0.00000000E+00 -9.04007902E-02  1.00000005E-03  2.44666993E-03  5.54978720E+00
 -4.00000000E+00  1.66800000E+00  1.01657861E+00  0.00000000E+00 -9.03961321E-02  1.00000005E-03  2.44474854E-03  5.55723773E+00
 -4.00000000E+00  1.67000000E+00  1.01668775E+00  0.00000000E+00 -9.03914698E-02  1.00000005E-03  2.44282775E-03  5.56469211E+00
 -4.00000000E+00  1.67200000E+00  1.01679673E+00  0.00000000E+00 -9.03868033E-02  1.00000005E-03  2.44090759E-03  5.57215033E+00
 -4.00000000E+00  1.67400000E+00  1.01690556E+00  0.00000000E+00 -9.03821325E-02  1.00000005E-03  2.43898804E-03  5.57961240E+00
 -4.00000000E+00  1.67600000E+00  1.01701423E+00  0.00000000E+00 -9.03774574E-02  1.00000005E-03  2.43706910E-03  5.58707834E+00
 -4.00000000E+00  1.67800000E+00  1.01712275E+00  0.00000000E+00 -9.03727779E-02  1.00000005E-03  2.43515079E-03  5.59454814E+00
 -4.00000000E+00  1.68000000E+00  1.01723112E+00  0.00000000E+00 -9.03680940E-02  1.00000005E-03  2.43323309E-03  5.60202181E+00
 -4.00000000E+00  1.68200000E+00  1.01733934E+00 -6.17030852E-19 -9.03634056E-02  1.00000005E-03  2.43131602E-03  5.60949937E+00
 -4.00000000E+00  1.68400000E+00  1.01744741E+00  0.00000000E+00 -9.03587126E-02  1.00000005E-03  2.42939956E-03  5.61698082E+00
 -4.00000000E+00  1.68600000E+00  1.01755532E+00 -3.53138858E-19 -9.03540151E-02  1.00000005E-03  2.42748373E-03  5.62446617E+00
 -4.00000000E+00  1.68800000E+00  1.01766308E+00  0.00000000E+00 -9.03493129E-02  1.00000005E-03  2.42556852E-03  5.63195542E+00
 -4.00000000E+00  1.69000000E+00  1.01777069E+00  0.00000000E+00 -9.03446059E-02  1.00000005E-03  2.42365393E-03  5.63944859E+00
 -4.00000000E+00  1.69200000E+00  1.01787815E+00  0.00000000E+00 -9.03398941E-02  1.00000005E-03  2.42173997E-03  5.64694568E+00
 -4.00000000E+00  1.69400000E+00  1.01798546E+00 -2.03685792E-18 -9.03351774E-02  1.00000005E-03  2.41982664E-03  5.65444669E+00
 -4.00000000E+00  1.69600000E+00  1.01809262E+00  0.00000000E+00 -9.03304557E-02  1.00000005E-03  2.41791392E-03  5.66195164E+00
 -4.00000000E+00  1.69800000E+00  1.01819963E+00  0.00000000E+00 -9.03257288E-02  1.00000005E-03  2.41600184E-03  5.66946054E+00
 -4.00000000E+00  1.70000000E+00  1.01830649E+00  0.00000000E+00 -9.03209968E-02  1.00000005E-03  2.41409039E-03  5.67697338E+00
 -4.00000000E+00  1.70200000E+00  1.01841320E+00  0.00000000E+00 -9.03162594E-02  1.00000005E-03  2.41217956E-03  5.68449018E+00
 -4.00000000E+00  1.70400000E+00  1.01851976E+00  0.00000000E+00 -9.03115165E-02  1.00000005E-03  2.41026936E-03  5.69201095E+00
 -4.00000000E+00  1.70600000E+00  1.01862617E+00  0.00000000E+00 -9.03067681E-02  1.00000005E-03  2.40835980E-03  5.69953569E+00
 -4.00000000E+00  1.70800000E+00  1.01873244E+00  0.00000000E+00 -9.03019947E-02  1.00000005E-03  2.40645087E-03  5.70706440E+00
 -4.00000000E+00  1.71000000E+00  1.01883856E+00  0.00000000E+00 -9.02972096E-02  1.00000005E-03  2.40454257E-03  5.71459710E+00
 -4.00000000E+00  1.71200000E+00  1.01894453E+00  0.00000000E+00 -9.02924300E-02  1.00000005E-03  2.40263491E-03  5.72213380E+00
 -4.00000000E+00  1.71400000E+00  1.01905035E+00  0.00000000E+00 -9.02876546E-02  1.00000005E-03  2.40072787E-03  5.72967452E+00
 -4.00000000E+00  1.71600000E+00  1.01915602E+00  0.00000000E+00 -9.02828821E-02  1.00000005E-03  2.39882147E-03  5.73721925E+00
 -4.00000000E+00  1.71800000E+00  1.01926154E+00 -2.05541793E-18 -9.02781114E-02  1.00000005E-03  2.39691571E-03  5.74476800E+00
 -4.00000000E+00  1.72000000E+00  1.01936691E+00 -3.04068906E-18 -9.02733416E-02  1.00000005E-03  2.39501057E-03  5.75232079E+00
 -4.00000000E+00  1.72200000E+00  1.01947214E+00  0.00000000E+00 -9.02685717E-02  1.00000005E-03  2.39310608E-03  5.75987761E+00
 -4.00000000E+00  1.72400000E+00  1.01957722E+00  0.00000000E+00 -9.02638009E-02  1.00000005E-03  2.39120222E-03  5.76743847E+00
 -4.00000000E+00  1.72600000E+00  1.01968215E+00  0.00000000E+00 -9.02590285E-02  1.00000005E-03  2.38929901E-03  5.77500339E+00
 -4.00000000E+00  1.72800000E+00  1.01978694E+00 -2.06301542E-18 -9.02542539E-02  1.00000005E-03  2.38739643E-03  5.78257236E+00
 -4.00000000E+00  1.73000000E+00  1.01989158E+00 -4.48812178E-19 -9.02494764E-02  1.00000005E-03  2.38549449E-03  5.79014539E+00
 -4.00000000E+00  1.73200000E+00  1.01999607E+00  0.00000000E+00 -9.02446957E-02  1.00000005E-03  2.38359320E-03  5.79772249E+00
 -4.00000000E+00  1.73400000E+00  1.02010042E+00  0.00000000E+00 -9.02399112E-02  1.00000005E-03  2.38169256E-03  5.80530367E+00
 -4.00000000E+00  1.73600000E+00  1.02020463E+00  0.00000000E+00 -9.02351226E-02  1.00000005E-03  2.37979255E-03  5.81288894E+00
 -4.00000000E+00  1.73800000E+00  1.02030868E+00  0.00000000E+00 -9.02303296E-02  1.00000005E-03  2.37789320E-03  5.82047829E+00
 -4.00000000E+00  1.74000000E+00  1.02041260E+00  0.00000000E+00 -9.02255320E-02  1.00000005E-03  2.37599449E-03  5.82807174E+00
 -4.00000000E+00  1.74200000E+00  1.02051637E+00 -2.07366017E-18 -9.02207295E-02  1.00000005E-03  2.37409643E-03  5.83566930E+00
 -4.00000000E+00  1.74400000E+00  1.02062000E+00 -2.07517947E-18 -9.02159220E-02  1.00000005E-03  2.37219902E-03  5.84327097E+00
 -4.00000000E+00  1.74600000E+00  1.02072348E+00  0.00000000E+00 -9.02111094E-02  1.00000005E-03  2.37030227E-03  5.85087676E+00
 -4.00000000E+00  1.74800000E+00  1.02082682E+00  0.00000000E+00 -9.02062915E-02  1.00000005E-03  2.36840616E-03  5.85848667E+00
 -4.00000000E+00  1.75000000E+00  1.02093002E+00 -2.07973114E-18 -9.02014684E-02  1.00000005E-03  2.36651071E-03  5.86610072E+00
 -4.00000000E+00  1.75200000E+00  1.02103308E+00  0.00000000E+00 -9.01966399E-02  1.00000005E-03  2.36461591E-03  5.87371891E+00
 -4.00000000E+00  1.75400000E+00  1.02113599E+00  0.00000000E+00 -9.01918061E-02  1.00000005E-03  2.36272177E-03  5.88134125E+00
 -4.00000000E+00  1.75600000E+00  1.02123876E+00 -9.96824389E-19 -9.01869670E-02  1.00000005E-03  2.36082828E-03  5.88896775E+00
 -4.00000000E+00  1.75800000E+00  1.02134139E+00  0.00000000E+00 -9.01821227E-02  1.00000005E-03  2.35893545E-03  5.89659841E+00
 -4.00000000E+00  1.76000000E+00  1.02144388E+00 -4.62832612E-18 -9.01772732E-02  1.00000005E-03  2.35704327E-03  5.90423324E+00
 -4.00000000E+00  1.76200000E+00  1.02154623E+00  0.00000000E+00 -9.01724185E-02  1.00000005E-03  2.35515176E-03  5.91187226E+00
 -4.00000000E+00  1.76400000E+00  1.02164843E+00  0.00000000E+00 -9.01675589E-02  1.00000005E-03  2.35326091E-03  5.91951545E+00
 -4.00000000E+00  1.76600000E+00  1.02175049E+00 -1.09136776E-18 -9.01626942E-02  1.00000005E-03  2.35137071E-03  5.92716284E+00
 -4.00000000E+00  1.76800000E+00  1.02185242E+00  0.00000000E+00 -9.01578248E-02  1.00000005E-03  2.34948118E-03  5.93481444E+00
 -4.00000000E+00  1.77000000E+00  1.02195420E+00  0.00000000E+00 -9.01529506E-02  1.00000005E-03  2.34759231E-03  5.94247024E+00
 -4.00000000E+00  1.77200000E+00  1.02205584E+00 -6.37993972E-19 -9.01480718E-02  1.00000005E-03  2.34570411E-03  5.95013025E+00
 -4.00000000E+00  1.77400000E+00  1.02215735E+00  0.00000000E+00 -9.01431885E-02  1.00000005E-03  2.34381657E-03  5.95779449E+00
 -4.00000000E+00  1.77600000E+00  1.02225871E+00  0.00000000E+00 -9.01383008E-02  1.00000005E-03  2.34192969E-03  5.96546297E+00
 -4.00000000E+00  1.77800000E+00  1.02235993E+00 -2.46605610E-18 -9.01334089E-02  1.00000005E-03  2.34004349E-03  5.97313568E+00
 -4.00000000E+00  1.78000000E+00  1.02246101E+00  0.00000000E+00 -9.01285128E-02  1.00000005E-03  2.33815795E-03  5.98081263E+00
 -4.00000000E+00  1.78200000E+00  1.02256196E+00  0.00000000E+00 -9.01236126E-02  1.00000005E-03  2.33627307E-03  5.98849384E+00
 -4.00000000E+00  1.78400000E+00  1.02266276E+00  0.00000000E+00 -9.01187085E-02  1.00000005E-03  2.33438887E-03  5.99617931E+00
 -4.00000000E+00  1.78600000E+00  1.02276343E+00  0.00000000E+00 -9.01138006E-02  1.00000005E-03  2.33250534E-03  6.00386905E+00
 -4.00000000E+00  1.78800000E+00  1.02286396E+00  0.00000000E+00 -9.01088889E-02  1.00000005E-03  2.33062248E-03  6.01156307E+00
 -4.00000000E+00  1.79000000E+00  1.02296435E+00  0.00000000E+00 -9.01039736E-02  1.00000005E-03  2.32874029E-03  6.01926137E+00
 -4.00000000E+00  1.79200000E+00  1.02306460E+00  0.00000000E+00 -9.00990548E-02  1.00000005E-03  2.32685878E-03  6.02696396E+00
 -4.00000000E+00  1.79400000E+00  1.02316471E+00  0.00000000E+00 -9.00941324E-02  1.00000005E-03  2.32497794E-03  6.03467085E+00
 -4.00000000E+00  1.79600000E+00  1.02326469E+00  0.00000000E+00 -9.00892066E-02  1.00000005E-03  2.32309777E-03  6.04238204E+00
 -4.00000000E+00  1.79800000E+00  1.02336453E+00  0.00000000E+00 -9.00842775E-02  1.00000005E-03  2.32121828E-03  6.05009755E+00
 -4.00000000E+00  1.80000000E+00  1.02346423E+00  0.00000000E+00 -9.00793451E-02  1.00000005E-03  2.31933947E-03  6.05781737E+00
 -4.00000000E+00  1.80200000E+00  1.02356379E+00  0.00000000E+00 -9.00744094E-02  1.00000005E-03  2.31746134E-03  6.06554153E+00
 -4.00000000E+00  1.80400000E+00  1.02366322E+00  0.00000000E+00 -9.00694705E-02  1.00000005E-03  2.31558389E-03  6.07327002E+00
 -4.00000000E+00  1.80600000E+00  1.02376251E+00  0.00000000E+00 -9.00645284E-02  1.00000005E-03  2.31370711E-03  6.08100285E+00
 -4.00000000E+00  1.80800000E+00  1.02386166E+00  0.00000000E+00 -9.00595832E-02  1.00000005E-03  2.31183102E-03  6.08874003E+00
 -4.00000000E+00  1.81000000E+00  1.02396068E+00  0.00000000E+00 -9.00546347E-02  1.00000005E-03  2.30995561E-03  6.09648157E+00
 -4.00000000E+00  1.81200000E+00  1.02405956E+00  0.00000000E+00 -9.00496832E-02  1.00000005E-03  2.30808089E-03  6.10422747E+00
 -4.00000000E+00  1.81400000E+00  1.02415831E+00  0.00000000E+00 -9.00447284E-02  1.00000005E-03  2.30620685E-03  6.11197774E+00
 -4.00000000E+00  1.81600000E+00  1.02425692E+00  0.00000000E+00 -9.00397705E-02  1.00000005E-03  2.30433349E-03  6.11973239E+00
 -4.00000000E+00  1.81800000E+00  1.02435540E+00  0.00000000E+00 -9.00348094E-02  1.00000005E-03  2.30246083E-03  6.12749142E+00
 -4.00000000E+00  1.82000000E+00  1.02445374E+00  0.00000000E+00 -9.00298451E-02  1.00000005E-03  2.30058885E-03  6.13525485E+00
 -4.00000000E+00  1.82200000E+00  1.02455194E+00  0.00000000E+00 -9.00248776E-02  1.00000005E-03  2.29871756E-03  6.14302268E+00
 -4.00000000E+00  1.82400000E+00  1.02465002E+00  0.00000000E+00 -9.00199068E-02  1.00000005E-03  2.29684696E-03  6.15079491E+00
 -4.00000000E+00  1.82600000E+00  1.02474795E+00  0.00000000E+00 -9.00149326E-02  1.00000005E-03  2.29497705E-03  6.15857156E+00
 -4.00000000E+00  1.82800000E+00  1.02484576E+00  0.00000000E+00 -9.00099551E-02  1.00000005E-03  2.29310783E-03  6.16635263E+00
 -4.00000000E+00  1.83000000E+00  1.02494343E+00  0.00000000E+00 -9.00049742E-02  1.00000005E-03  2.29123931E-03  6.17413813E+00
 -4.00000000E+00  1.83200000E+00  1.02504096E+00  0.00000000E+00 -8.99999899E-02  1.00000005E-03  2.28937148E-03  6.18192806E+00
 -4.00000000E+00  1.83400000E+00  1.02513836E+00  0.00000000E+00 -8.99950020E-02  1.00000005E-03  2.28750434E-03  6.18972243E+00
 -4.00000000E+00  1.83600000E+00  1.02523563E+00  0.00000000E+00 -8.99900105E-02  1.00000005E-03  2.28563791E-03  6.19752125E+00
 -4.00000000E+00  1.83800000E+00  1.02533277E+00  0.00000000E+00 -8.99850155E-02  1.00000005E-03  2.28377217E-03  6.20532453E+00
 -4.00000000E+00  1.84000000E+00  1.02542977E+00  0.00000000E+00 -8.99800167E-02  1.00000005E-03  2.28190713E-03  6.21313227E+00
 -4.00000000E+00  1.84200000E+00  1.02552665E+00  0.00000000E+00 -8.99750142E-02  1.00000005E-03  2.28004279E-03  6.22094448E+00
 -4.00000000E+00  1.84400000E+00  1.02562338E+00  0.00000000E+00 -8.99700079E-02  1.00000005E-03  2.27817915E-03  6.22876117E+00
 -4.00000000E+00  1.84600000E+00  1.02571999E+00  0.00000000E+00 -8.99649977E-02  1.00000005E-03  2.27631622E-03  6.23658234E+00
 -4.00000000E+00  1.84800000E+00  1.02581647E+00  0.00000000E+00 -8.99599836E-02  1.00000005E-03  2.27445398E-03  6.24440800E+00
 -4.00000000E+00  1.85000000E+00  1.02591281E+00  0.00000000E+00 -8.99549656E-02  1.00000005E-03  2.27259246E-03  6.25223816E+00
 -4.00000000E+00  1.85200000E+00  1.02600902E+00  0.00000000E+00 -8.99499435E-02  1.00000005E-03  2.27073164E-03  6.26007282E+00
 -4.00000000E+00  1.85400000E+00  1.02610511E+00  0.00000000E+00 -8.99449174E-02  1.00000005E-03  2.26887152E-03  6.26791200E+00
 -4.00000000E+00  1.85600000E+00  1.02620106E+00  0.00000000E+00 -8.99398872E-02  1.00000005E-03  2.26701212E-03  6.27575569E+00
 -4.00000000E+00  1.85800000E+00  1.02629688E+00  0.00000000E+00 -8.99348528E-02  1.00000005E-03  2.26515342E-03  6.28360391E+00
 -4.00000000E+00  1.86000000E+00  1.02639257E+00  0.00000000E+00 -8.99298143E-02  1.00000005E-03  2.26329543E-03  6.29145666E+00
 -4.00000000E+00  1.86200000E+00  1.02648813E+00  0.00000000E+00 -8.99247716E-02  1.00000005E-03  2.26143816E-03  6.29931395E+00
 -4.00000000E+00  1.86400000E+00  1.02658356E+00  0.00000000E+00 -8.99197247E-02  1.00000005E-03  2.25958160E-03  6.30717578E+00
 -4.00000000E+00  1.86600000E+00  1.02667886E+00  0.00000000E+00 -8.99146736E-02  1.00000005E-03  2.25772575E-03  6.31504217E+00
 -4.00000000E+00  1.86800000E+00  1.02677403E+00  0.00000000E+00 -8.99096182E-02  1.00000005E-03  2.25587062E-03  6.32291311E+00
 -4.00000000E+00  1.87000000E+00  1.02686907E+00  0.00000000E+00 -8.99045586E-02  1.00000005E-03  2.25401621E-03  6.33078862E+00
 -4.00000000E+00  1.87200000E+00  1.02696398E+00  0.00000000E+00 -8.98994947E-02  1.00000005E-03  2.25216251E-03  6.33866871E+00
 -4.00000000E+00  1.87400000E+00  1.02705877E+00  0.00000000E+00 -8.98944267E-02  1.00000005E-03  2.25030953E-03  6.34655337E+00
 -4.00000000E+00  1.87600000E+00  1.02715342E+00  0.00000000E+00 -8.98893545E-02  1.00000005E-03  2.24845727E-03  6.35444262E+00
 -4.00000000E+00  1.87800000E+00  1.02724795E+00  0.00000000E+00 -8.98842781E-02  1.00000005E-03  2.24660574E-03  6.36233646E+00
 -4.00000000E+00  1.88000000E+00  1.02734235E+00  0.00000000E+00 -8.98791976E-02  1.00000005E-03  2.24475492E-03  6.37023491E+00
 -4.00000000E+00  1.88200000E+00  1.02743662E+00  0.00000000E+00 -8.98741129E-02  1.00000005E-03  2.24290483E-03  6.37813796E+00
 -4.00000000E+00  1.88400000E+00  1.02753076E+00  0.00000000E+00 -8.98690243E-02  1.00000005E-03  2.24105547E-03  6.38604562E+00
 -4.00000000E+00  1.88600000E+00  1.02762478E+00  0.00000000E+00 -8.98639317E-02  1.00000005E-03  2.23920683E-03  6.39395790E+00
 -4.00000000E+00  1.88800000E+00  1.02771866E+00  0.00000000E+00 -8.98588351E-02  1.00000005E-03  2.23735891E-03  6.40187481E+00
 -4.00000000E+00  1.89000000E+00  1.02781243E+00  0.00000000E+00 -8.98537347E-02  1.00000005E-03  2.23551173E-03  6.40979636E+00
 -4.00000000E+00  1.89200000E+00  1.02790606E+00  0.00000000E+00 -8.98486305E-02  1.00000005E-03  2.23366527E-03  6.41772255E+00
 -4.00000000E+00  1.89400000E+00  1.02799957E+00 -4.74488098E-19 -8.98435225E-02  1.00000005E-03  2.23181955E-03  6.42565338E+00
 -4.00000000E+00  1.89600000E+00  1.02809295E+00  0.00000000E+00 -8.98384109E-02  1.00000005E-03  2.22997456E-03  6.43358887E+00
 -4.00000000E+00  1.89800000E+00  1.02818620E+00  0.00000000E+00 -8.98332958E-02  1.00000005E-03  2.22813030E-03  6.44152901E+00
 -4.00000000E+00  1.90000000E+00  1.02827933E+00  0.00000000E+00 -8.98281771E-02  1.00000005E-03  2.22628677E-03  6.44947383E+00
 -4.00000000E+00  1.90200000E+00  1.02837233E+00 -2.18807303E-18 -8.98230550E-02  1.00000005E-03  2.22444398E-03  6.45742332E+00
 -4.00000000E+00  1.90400000E+00  1.02846520E+00 -4.37884050E-18 -8.98179296E-02  1.00000005E-03  2.22260193E-03  6.46537749E+00
 -4.00000000E+00  1.90600000E+00  1.02855795E+00  0.00000000E+00 -8.98128008E-02  1.00000005E-03  2.22076062E-03  6.47333635E+00
 -4.00000000E+00  1.90800000E+00  1.02865057E+00  0.00000000E+00 -8.98076689E-02  1.00000005E-03  2.21892004E-03  6.48129991E+00
 -4.00000000E+00  1.91000000E+00  1.02874307E+00  0.00000000E+00 -8.98025338E-02  1.00000005E-03  2.21708020E-03  6.48926817E+00
 -4.00000000E+00  1.91200000E+00  1.02883544E+00  0.00000000E+00 -8.97973956E-02  1.00000005E-03  2.21524111E-03  6.49724113E+00
 -4.00000000E+00  1.91400000E+00  1.02892769E+00 -1.05030571E-18 -8.97922543E-02  1.00000005E-03  2.21340276E-03  6.50521881E+00
 -4.00000000E+00  1.91600000E+00  1.02901981E+00  0.00000000E+00 -8.97871099E-02  1.00000005E-03  2.21156515E-03  6.51320121E+00
 -4.00000000E+00  1.91800000E+00  1.02911181E+00  0.00000000E+00 -8.97819625E-02  1.00000005E-03  2.20972829E-03  6.52118834E+00
 -4.00000000E+00  1.92000000E+00  1.02920368E+00  0.00000000E+00 -8.97768120E-02  1.00000005E-03  2.20789217E-03  6.52918021E+00
 -4.00000000E+00  1.92200000E+00  1.02929543E+00  0.00000000E+00 -8.97716584E-02  1.00000005E-03  2.20605680E-03  6.53717682E+00
 -4.00000000E+00  1.92400000E+00  1.02938706E+00 -2.87304530E-18 -8.97665017E-02  1.00000005E-03  2.20422218E-03  6.54517817E+00
 -4.00000000E+00  1.92600000E+00  1.02947856E+00 -4.79124650E-19 -8.97613417E-02  1.00000005E-03  2.20238831E-03  6.55318428E+00
 -4.00000000E+00  1.92800000E+00  1.02956993E+00 -3.83526351E-19 -8.97561784E-02  1.00000005E-03  2.20055519E-03  6.56119516E+00
 -4.00000000E+00  1.93000000E+00  1.02966119E+00  0.00000000E+00 -8.97510116E-02  1.00000005E-03  2.19872282E-03  6.56921080E+00
 -4.00000000E+00  1.93200000E+00  1.02975232E+00 -2.20787864E-18 -8.97458411E-02  1.00000005E-03  2.19689120E-03  6.57723121E+00
 -4.00000000E+00  1.93400000E+00  1.02984332E+00 -2.20917912E-18 -8.97406667E-02  1.00000005E-03  2.19506034E-03  6.58525641E+00
 -4.00000000E+00  1.93600000E+00  1.02993420E+00 -2.21048039E-18 -8.97354881E-02  1.00000005E-03  2.19323024E-03  6.59328640E+00
 -4.00000000E+00  1.93800000E+00  1.03002496E+00  0.00000000E+00 -8.97303049E-02  1.00000005E-03  2.19140089E-03  6.60132118E+00
 -4.00000000E+00  1.94000000E+00  1.03011560E+00 -1.05843413E-18 -8.97251170E-02  1.00000005E-03  2.18957231E-03  6.60936076E+00
 -4.00000000E+00  1.94200000E+00  1.03020612E+00  0.00000000E+00 -8.97199237E-02  1.00000005E-03  2.18774448E-03  6.61740515E+00
 -4.00000000E+00  1.94400000E+00  1.03029651E+00  0.00000000E+00 -8.97147246E-02  1.00000005E-03  2.18591741E-03  6.62545435E+00
 -4.00000000E+00  1.94600000E+00  1.03038678E+00  0.00000000E+00 -8.97095191E-02  1.00000005E-03  2.18409111E-03  6.63350838E+00
 -4.00000000E+00  1.94800000E+00  1.03047693E+00  0.00000000E+00 -8.97043067E-02  1.00000005E-03  2.18226557E-03  6.64156723E+00
 -4.00000000E+00  1.95000000E+00  1.03056696E+00  0.00000000E+00 -8.96990879E-02  1.00000005E-03  2.18044079E-03  6.64963091E+00
 -4.00000000E+00  1.95200000E+00  1.03065686E+00  0.00000000E+00 -8.96938702E-02  1.00000005E-03  2.17861678E-03  6.65769943E+00
 -4.00000000E+00  1.95400000E+00  1.03074664E+00  0.00000000E+00 -8.96886533E-02  1.00000005E-03  2.17679354E-03  6.66577280E+00
 -4.00000000E+00  1.95600000E+00  1.03083631E+00  0.00000000E+00 -8.96834365E-02  1.00000005E-03  2.17497106E-03  6.67385103E+00
 -4.00000000E+00  1.95800000E+00  1.03092584E+00  0.00000000E+00 -8.96782192E-02  1.00000005E-03  2.17314936E-03  6.68193412E+00
 -4.00000000E+00  1.96000000E+00  1.03101526E+00  0.00000000E+00 -8.96730009E-02  1.00000005E-03  2.17132842E-03  6.69002209E+00
 -4.00000000E+00  1.96200000E+00  1.03110456E+00  0.00000000E+00 -8.96677811E-02  1.00000005E-03  2.16950826E-03  6.69811493E+00
 -4.00000000E+00  1.96400000E+00  1.03119373E+00  0.00000000E+00 -8.96625592E-02  1.00000005E-03  2.16768887E-03  6.70621265E+00
 -4.00000000E+00  1.96600000E+00  1.03128279E+00 -2.22963679E-18 -8.96573350E-02  1.00000005E-03  2.16587025E-03  6.71431526E+00
 -4.00000000E+00  1.96800000E+00  1.03137172E+00  0.00000000E+00 -8.96521080E-02  1.00000005E-03  2.16405241E-03  6.72242276E+00
 -4.00000000E+00  1.97000000E+00  1.03146054E+00  0.00000000E+00 -8.96468780E-02  1.00000005E-03  2.16223535E-03  6.73053516E+00
 -4.00000000E+00  1.97200000E+00  1.03154923E+00 -4.85529364E-19 -8.96416447E-02  1.00000005E-03  2.16041906E-03  6.73865247E+00
 -4.00000000E+00  1.97400000E+00  1.03163781E+00  0.00000000E+00 -8.96364079E-02  1.00000005E-03  2.15860356E-03  6.74677468E+00
 -4.00000000E+00  1.97600000E+00  1.03172626E+00  0.00000000E+00 -8.96311674E-02  1.00000005E-03  2.15678883E-03  6.75490182E+00
 -4.00000000E+00  1.97800000E+00  1.03181460E+00  0.00000000E+00 -8.96259230E-02  1.00000005E-03  2.15497489E-03  6.76303387E+00
 -4.00000000E+00  1.98000000E+00  1.03190281E+00  0.00000000E+00 -8.96206747E-02  1.00000005E-03  2.15316173E-03  6.77117086E+00
 -4.00000000E+00  1.98200000E+00  1.03199091E+00  0.00000000E+00 -8.96154223E-02  1.00000005E-03  2.15134936E-03  6.77931278E+00
 -4.00000000E+00  1.98400000E+00  1.03207889E+00 -1.07179646E-18 -8.96101658E-02  1.00000005E-03  2.14953777E-03  6.78745964E+00
 -4.00000000E+00  1.98600000E+00  1.03216675E+00  0.00000000E+00 -8.96049051E-02  1.00000005E-03  2.14772697E-03  6.79561144E+00
 -4.00000000E+00  1.98800000E+00  1.03225449E+00  0.00000000E+00 -8.95996402E-02  1.00000005E-03  2.14591696E-03  6.80376820E+00
 -4.00000000E+00  1.99000000E+00  1.03234212E+00  0.00000000E+00 -8.95943711E-02  1.00000005E-03  2.14410774E-03  6.81192992E+00
 -4.00000000E+00  1.99200000E+00  1.03242962E+00  0.00000000E+00 -8.95890977E-02  1.00000005E-03  2.14229932E-03  6.82009660E+00
 -4.00000000E+00  1.99400000E+00  1.03251701E+00  0.00000000E+00 -8.95838202E-02  1.00000005E-03  2.14049168E-03  6.82826825E+00
 -4.00000000E+00  1.99600000E+00  1.03260428E+00  0.00000000E+00 -8.95785385E-02  1.00000005E-03  2.13868484E-03  6.83644488E+00
 -4.00000000E+00  1.99800000E+00  1.03269143E+00 -2.24981463E-18 -8.95732527E-02  1.00000005E-03  2.13687879E-03  6.84462649E+00
 -4.00000000E+00  2.00000000E+00  1.03277847E+00  0.00000000E+00 -8.95679628E-02  1.00000005E-03  2.13507354E-03  6.85281309E+00
