               X               Y            VELX            VELY            PRES            TEMP            PS 1            PS 2  2.12500000E+03
  2.50000000E+00 -1.00000000E+00 -3.26174822E-14  1.56801669E-20 -1.21612436E-01  9.99999975E-05 -2.98278594E-18  7.03868445E-17
  2.50000000E+00 -9.97000000E-01 -1.26350551E-01  9.25696751E-05 -1.21611762E-01  9.99999975E-05  4.29017452E-04  1.09538837E-02
  2.50000000E+00 -9.94000000E-01 -1.68512250E-01  2.37444670E-04 -1.21609605E-01  9.99999975E-05  9.53961325E-04  3.46113615E-02
  2.50000000E+00 -9.91000000E-01 -1.80774413E-01  3.68894383E-04 -1.21605762E-01  9.99999975E-05  1.34618332E-03  6.41231857E-02
  2.50000000E+00 -9.88000000E-01 -1.85794905E-01  4.92107046E-04 -1.21600781E-01  9.99999975E-05  1.69213505E-03  9.28298967E-02
  2.50000000E+00 -9.85000000E-01 -1.88269005E-01  6.10766822E-04 -1.21595121E-01  9.99999975E-05  2.00219643E-03  1.19388234E-01
  2.50000000E+00 -9.82000000E-01 -1.89567518E-01  7.26425571E-04 -1.21589051E-01  9.99999975E-05  2.28438931E-03  1.43838850E-01
  2.50000000E+00 -9.79000000E-01 -1.90222958E-01  8.39829550E-04 -1.21582731E-01  9.99999975E-05  2.54474439E-03  1.66439434E-01
  2.50000000E+00 -9.76000000E-01 -1.90485243E-01  9.51391264E-04 -1.21576263E-01  9.99999975E-05  2.78759963E-03  1.87443084E-01
  2.50000000E+00 -9.73000000E-01 -1.90487828E-01  1.06136426E-03 -1.21569718E-01  9.99999975E-05  3.01610371E-03  2.07062304E-01
  2.50000000E+00 -9.70000000E-01 -1.90308973E-01  1.16991750E-03 -1.21563144E-01  9.99999975E-05  3.23259559E-03  2.25470083E-01
  2.50000000E+00 -9.67000000E-01 -1.89997623E-01  1.27717039E-03 -1.21556578E-01  9.99999975E-05  3.43885471E-03  2.42807182E-01
  2.50000000E+00 -9.64000000E-01 -1.89586205E-01  1.38321137E-03 -1.21550048E-01  9.99999975E-05  3.63626680E-03  2.59189092E-01
  2.50000000E+00 -9.61000000E-01 -1.89097048E-01  1.48810826E-03 -1.21543575E-01  9.99999975E-05  3.82593274E-03  2.74711714E-01
  2.50000000E+00 -9.58000000E-01 -1.88546075E-01  1.59191460E-03 -1.21537176E-01  9.99999975E-05  4.00874257E-03  2.89455542E-01
  2.50000000E+00 -9.55000000E-01 -1.87944977E-01  1.69467355E-03 -1.21530863E-01  9.99999975E-05  4.18542731E-03  3.03488934E-01
  2.50000000E+00 -9.52000000E-01 -1.87302525E-01  1.79642053E-03 -1.21524649E-01  9.99999975E-05  4.35659524E-03  3.16870479E-01
  2.50000000E+00 -9.49000000E-01 -1.86625459E-01  1.89718505E-03 -1.21518541E-01  9.99999975E-05  4.52275904E-03  3.29650912E-01
  2.50000000E+00 -9.46000000E-01 -1.85919025E-01  1.99699189E-03 -1.21512547E-01  9.99999975E-05  4.68435502E-03  3.41874503E-01
  2.50000000E+00 -9.43000000E-01 -1.85187375E-01  2.09586213E-03 -1.21506674E-01  9.99999975E-05  4.84175797E-03  3.53580172E-01
  2.50000000E+00 -9.40000000E-01 -1.84433845E-01  2.19381375E-03 -1.21500924E-01  9.99999975E-05  4.99529273E-03  3.64802380E-01
  2.50000000E+00 -9.37000000E-01 -1.83661144E-01  2.29086218E-03 -1.21495304E-01  9.99999975E-05  5.14524299E-03  3.75571833E-01
  2.50000000E+00 -9.34000000E-01 -1.82871493E-01  2.38702070E-03 -1.21489816E-01  9.99999975E-05  5.29185806E-03  3.85916041E-01
  2.50000000E+00 -9.31000000E-01 -1.82066724E-01  2.48230077E-03 -1.21484463E-01  9.99999975E-05  5.43535830E-03  3.95859776E-01
  2.50000000E+00 -9.28000000E-01 -1.81248375E-01  2.57671231E-03 -1.21479248E-01  9.99999975E-05  5.57593978E-03  4.05425446E-01
  2.50000000E+00 -9.25000000E-01 -1.80417735E-01  2.67026370E-03 -1.21474172E-01  9.99999975E-05  5.71377792E-03  4.14633444E-01
  2.50000000E+00 -9.22000000E-01 -1.79575894E-01  2.76296243E-03 -1.21469236E-01  9.99999975E-05  5.84902998E-03  4.23502342E-01
  2.50000000E+00 -9.19000000E-01 -1.78723782E-01  2.85481463E-03 -1.21464442E-01  9.99999975E-05  5.98183782E-03  4.32049150E-01
  2.50000000E+00 -9.16000000E-01 -1.77862196E-01  2.94582558E-03 -1.21459791E-01  9.99999975E-05  6.11233010E-03  4.40289520E-01
  2.50000000E+00 -9.13000000E-01 -1.76991822E-01  3.03599973E-03 -1.21455284E-01  9.99999975E-05  6.24062372E-03  4.48237878E-01
  2.50000000E+00 -9.10000000E-01 -1.76113252E-01  3.12534077E-03 -1.21450921E-01  9.99999975E-05  6.36682525E-03  4.55907556E-01
  2.50000000E+00 -9.07000000E-01 -1.75227001E-01  3.21385169E-03 -1.21446703E-01  9.99999975E-05  6.49103214E-03  4.63310908E-01
  2.50000000E+00 -9.04000000E-01 -1.74333516E-01  3.30153481E-03 -1.21442629E-01  9.99999975E-05  6.61333378E-03  4.70459415E-01
  2.50000000E+00 -9.01000000E-01 -1.73433189E-01  3.38839188E-03 -1.21438700E-01  9.99999975E-05  6.73381245E-03  4.77363773E-01
  2.50000000E+00 -8.98000000E-01 -1.72526365E-01  3.47442414E-03 -1.21434915E-01  9.99999975E-05  6.85254412E-03  4.84033976E-01
  2.50000000E+00 -8.95000000E-01 -1.71613348E-01  3.55963229E-03 -1.21431276E-01  9.99999975E-05  6.96959903E-03  4.90479376E-01
  2.50000000E+00 -8.92000000E-01 -1.70694403E-01  3.64401662E-03 -1.21427781E-01  9.99999975E-05  7.08504231E-03  4.96708743E-01
  2.50000000E+00 -8.89000000E-01 -1.69769769E-01  3.72757697E-03 -1.21424429E-01  9.99999975E-05  7.19893441E-03  5.02730307E-01
  2.50000000E+00 -8.86000000E-01 -1.68839653E-01  3.81031279E-03 -1.21421222E-01  9.99999975E-05  7.31133154E-03  5.08551806E-01
  2.50000000E+00 -8.83000000E-01 -1.67904240E-01  3.89222316E-03 -1.21418156E-01  9.99999975E-05  7.42228613E-03  5.14180533E-01
  2.50000000E+00 -8.80000000E-01 -1.66963696E-01  3.97330692E-03 -1.21415234E-01  9.99999975E-05  7.53184724E-03  5.19623380E-01
  2.50000000E+00 -8.77000000E-01 -1.66018169E-01  4.05356190E-03 -1.21412454E-01  9.99999975E-05  7.64006085E-03  5.24886866E-01
  2.50000000E+00 -8.74000000E-01 -1.65067789E-01  4.13298713E-03 -1.21409815E-01  9.99999975E-05  7.74696988E-03  5.29977144E-01
  2.50000000E+00 -8.71000000E-01 -1.64112672E-01  4.21157977E-03 -1.21407317E-01  9.99999975E-05  7.85261474E-03  5.34900055E-01
  2.50000000E+00 -8.68000000E-01 -1.63152924E-01  4.28933740E-03 -1.21404958E-01  9.99999975E-05  7.95703341E-03  5.39661141E-01
  2.50000000E+00 -8.65000000E-01 -1.62188637E-01  4.36625730E-03 -1.21402739E-01  9.99999975E-05  8.06026164E-03  5.44265664E-01
  2.50000000E+00 -8.62000000E-01 -1.61219895E-01  4.44233649E-03 -1.21400657E-01  9.99999975E-05  8.16233316E-03  5.48718631E-01
  2.50000000E+00 -8.59000000E-01 -1.60246770E-01  4.51757172E-03 -1.21398713E-01  9.99999975E-05  8.26327983E-03  5.53024806E-01
  2.50000000E+00 -8.56000000E-01 -1.59269330E-01  4.59195952E-03 -1.21396906E-01  9.99999975E-05  8.36313174E-03  5.57188729E-01
  2.50000000E+00 -8.53000000E-01 -1.58287634E-01  4.66549618E-03 -1.21395234E-01  9.99999975E-05  8.46191741E-03  5.61214732E-01
  2.50000000E+00 -8.50000000E-01 -1.57301734E-01  4.73817778E-03 -1.21393696E-01  9.99999975E-05  8.55966384E-03  5.65106948E-01
  2.50000000E+00 -8.47000000E-01 -1.56311676E-01  4.81000020E-03 -1.21392293E-01  9.99999975E-05  8.65639667E-03  5.68869327E-01
  2.50000000E+00 -8.44000000E-01 -1.55317502E-01  4.88095911E-03 -1.21391021E-01  9.99999975E-05  8.75214024E-03  5.72505646E-01
  2.50000000E+00 -8.41000000E-01 -1.54319248E-01  4.95105001E-03 -1.21389882E-01  9.99999975E-05  8.84691769E-03  5.76019520E-01
  2.50000000E+00 -8.38000000E-01 -1.53316947E-01  5.02026821E-03 -1.21388873E-01  9.99999975E-05  8.94075108E-03  5.79414407E-01
  2.50000000E+00 -8.35000000E-01 -1.52310626E-01  5.08860884E-03 -1.21387994E-01  9.99999975E-05  9.03366139E-03  5.82693625E-01
  2.50000000E+00 -8.32000000E-01 -1.51300310E-01  5.15606685E-03 -1.21387243E-01  9.99999975E-05  9.12566866E-03  5.85860353E-01
  2.50000000E+00 -8.29000000E-01 -1.50286020E-01  5.22263705E-03 -1.21386620E-01  9.99999975E-05  9.21679201E-03  5.88917640E-01
  2.50000000E+00 -8.26000000E-01 -1.49267775E-01  5.28831407E-03 -1.21386123E-01  9.99999975E-05  9.30704973E-03  5.91868415E-01
  2.50000000E+00 -8.23000000E-01 -1.48245590E-01  5.35309238E-03 -1.21385751E-01  9.99999975E-05  9.39645928E-03  5.94715490E-01
  2.50000000E+00 -8.20000000E-01 -1.47219477E-01  5.41696630E-03 -1.21385504E-01  9.99999975E-05  9.48503742E-03  5.97461567E-01
  2.50000000E+00 -8.17000000E-01 -1.46189447E-01  5.47993001E-03 -1.21385379E-01  9.99999975E-05  9.57280018E-03  6.00109246E-01
  2.50000000E+00 -8.14000000E-01 -1.45155508E-01  5.54197751E-03 -1.21385376E-01  9.99999975E-05  9.65976296E-03  6.02661024E-01
  2.50000000E+00 -8.11000000E-01 -1.44117666E-01  5.60310269E-03 -1.21385494E-01  9.99999975E-05  9.74594051E-03  6.05119307E-01
  2.50000000E+00 -8.08000000E-01 -1.43075926E-01  5.66329925E-03 -1.21385731E-01  9.99999975E-05  9.83134703E-03  6.07486409E-01
  2.50000000E+00 -8.05000000E-01 -1.42030290E-01  5.72256077E-03 -1.21386087E-01  9.99999975E-05  9.91599619E-03  6.09764560E-01
  2.50000000E+00 -8.02000000E-01 -1.40980758E-01  5.78088089E-03 -1.21386558E-01  9.99999975E-05  9.99990111E-03  6.11955908E-01
  2.50000000E+00 -7.99000000E-01 -1.39927331E-01  5.83825281E-03 -1.21387146E-01  9.99999975E-05  1.00830745E-02  6.14062522E-01
  2.50000000E+00 -7.96000000E-01 -1.38870007E-01  5.89466967E-03 -1.21387849E-01  9.99999975E-05  1.01655284E-02  6.16086395E-01
  2.50000000E+00 -7.93000000E-01 -1.37808780E-01  5.95012459E-03 -1.21388666E-01  9.99999975E-05  1.02472748E-02  6.18029454E-01
  2.50000000E+00 -7.90000000E-01 -1.36743648E-01  6.00461053E-03 -1.21389594E-01  9.99999975E-05  1.03283249E-02  6.19893554E-01
  2.50000000E+00 -7.87000000E-01 -1.35674605E-01  6.05812034E-03 -1.21390634E-01  9.99999975E-05  1.04086898E-02  6.21680484E-01
  2.50000000E+00 -7.84000000E-01 -1.34601642E-01  6.11064672E-03 -1.21391783E-01  9.99999975E-05  1.04883802E-02  6.23391973E-01
  2.50000000E+00 -7.81000000E-01 -1.33524752E-01  6.16218225E-03 -1.21393040E-01  9.99999975E-05  1.05674062E-02  6.25029686E-01
  2.50000000E+00 -7.78000000E-01 -1.32443926E-01  6.21271938E-03 -1.21394404E-01  9.99999975E-05  1.06457779E-02  6.26595233E-01
  2.50000000E+00 -7.75000000E-01 -1.31359153E-01  6.26225044E-03 -1.21395873E-01  9.99999975E-05  1.07235050E-02  6.28090167E-01
  2.50000000E+00 -7.72000000E-01 -1.30270423E-01  6.31076766E-03 -1.21397447E-01  9.99999975E-05  1.08005968E-02  6.29515989E-01
  2.50000000E+00 -7.69000000E-01 -1.29177724E-01  6.35826315E-03 -1.21399125E-01  9.99999975E-05  1.08770626E-02  6.30874147E-01
  2.50000000E+00 -7.66000000E-01 -1.28081042E-01  6.40472888E-03 -1.21400904E-01  9.99999975E-05  1.09529111E-02  6.32166041E-01
  2.50000000E+00 -7.63000000E-01 -1.26980364E-01  6.45015675E-03 -1.21402783E-01  9.99999975E-05  1.10281511E-02  6.33393023E-01
  2.50000000E+00 -7.60000000E-01 -1.25875676E-01  6.49453852E-03 -1.21404762E-01  9.99999975E-05  1.11027909E-02  6.34556399E-01
  2.50000000E+00 -7.57000000E-01 -1.24766962E-01  6.53786584E-03 -1.21406839E-01  9.99999975E-05  1.11768387E-02  6.35657431E-01
  2.50000000E+00 -7.54000000E-01 -1.23654206E-01  6.58013025E-03 -1.21409012E-01  9.99999975E-05  1.12503026E-02  6.36697337E-01
  2.50000000E+00 -7.51000000E-01 -1.22537391E-01  6.62132320E-03 -1.21411280E-01  9.99999975E-05  1.13231904E-02  6.37677296E-01
  2.50000000E+00 -7.48000000E-01 -1.21416500E-01  6.66143599E-03 -1.21413642E-01  9.99999975E-05  1.13955098E-02  6.38598445E-01
  2.50000000E+00 -7.45000000E-01 -1.20291515E-01  6.70045985E-03 -1.21416096E-01  9.99999975E-05  1.14672682E-02  6.39461882E-01
  2.50000000E+00 -7.42000000E-01 -1.19162416E-01  6.73838586E-03 -1.21418640E-01  9.99999975E-05  1.15384729E-02  6.40268670E-01
  2.50000000E+00 -7.39000000E-01 -1.18029183E-01  6.77520502E-03 -1.21421275E-01  9.99999975E-05  1.16091312E-02  6.41019833E-01
  2.50000000E+00 -7.36000000E-01 -1.16891797E-01  6.81090821E-03 -1.21423997E-01  9.99999975E-05  1.16792501E-02  6.41716361E-01
  2.50000000E+00 -7.33000000E-01 -1.15750236E-01  6.84548620E-03 -1.21426805E-01  9.99999975E-05  1.17488365E-02  6.42359211E-01
  2.50000000E+00 -7.30000000E-01 -1.14604479E-01  6.87892965E-03 -1.21429699E-01  9.99999975E-05  1.18178972E-02  6.42949307E-01
  2.50000000E+00 -7.27000000E-01 -1.13454503E-01  6.91122911E-03 -1.21432676E-01  9.99999975E-05  1.18864390E-02  6.43487540E-01
  2.50000000E+00 -7.24000000E-01 -1.12300284E-01  6.94237501E-03 -1.21435736E-01  9.99999975E-05  1.19544684E-02  6.43974771E-01
  2.50000000E+00 -7.21000000E-01 -1.11141799E-01  6.97235771E-03 -1.21438876E-01  9.99999975E-05  1.20219919E-02  6.44411831E-01
  2.50000000E+00 -7.18000000E-01 -1.09979023E-01  7.00116741E-03 -1.21442096E-01  9.99999975E-05  1.20890159E-02  6.44799524E-01
  2.50000000E+00 -7.15000000E-01 -1.08811932E-01  7.02879424E-03 -1.21445393E-01  9.99999975E-05  1.21555469E-02  6.45138624E-01
  2.50000000E+00 -7.12000000E-01 -1.07640499E-01  7.05522822E-03 -1.21448767E-01  9.99999975E-05  1.22215909E-02  6.45429881E-01
  2.50000000E+00 -7.09000000E-01 -1.06464697E-01  7.08045923E-03 -1.21452216E-01  9.99999975E-05  1.22871543E-02  6.45674016E-01
  2.50000000E+00 -7.06000000E-01 -1.05284500E-01  7.10447708E-03 -1.21455738E-01  9.99999975E-05  1.23522431E-02  6.45871729E-01
  2.50000000E+00 -7.03000000E-01 -1.04099878E-01  7.12727143E-03 -1.21459331E-01  9.99999975E-05  1.24168634E-02  6.46023693E-01
  2.50000000E+00 -7.00000000E-01 -1.02910805E-01  7.14883187E-03 -1.21462993E-01  9.99999975E-05  1.24810213E-02  6.46130561E-01
  2.50000000E+00 -6.97000000E-01 -1.01717249E-01  7.16914771E-03 -1.21466726E-01  9.99999975E-05  1.25447227E-02  6.46193035E-01
  2.50000000E+00 -6.94000000E-01 -1.00519181E-01  7.18820852E-03 -1.21470525E-01  9.99999975E-05  1.26079735E-02  6.46211791E-01
  2.50000000E+00 -6.91000000E-01 -9.93165700E-02  7.20600355E-03 -1.21474389E-01  9.99999975E-05  1.26707797E-02  6.46187451E-01
  2.50000000E+00 -6.88000000E-01 -9.81093854E-02  7.22252194E-03 -1.21478316E-01  9.99999975E-05  1.27331471E-02  6.46120619E-01
  2.50000000E+00 -6.85000000E-01 -9.68975946E-02  7.23775271E-03 -1.21482304E-01  9.99999975E-05  1.27950815E-02  6.46011876E-01
  2.50000000E+00 -6.82000000E-01 -9.56811648E-02  7.25168481E-03 -1.21486353E-01  9.99999975E-05  1.28565887E-02  6.45861779E-01
  2.50000000E+00 -6.79000000E-01 -9.44600627E-02  7.26430708E-03 -1.21490460E-01  9.99999975E-05  1.29176745E-02  6.45670864E-01
  2.50000000E+00 -6.76000000E-01 -9.32342539E-02  7.27560825E-03 -1.21494624E-01  9.99999975E-05  1.29783447E-02  6.45439645E-01
  2.50000000E+00 -6.73000000E-01 -9.20037036E-02  7.28557696E-03 -1.21498843E-01  9.99999975E-05  1.30386051E-02  6.45168612E-01
  2.50000000E+00 -6.70000000E-01 -9.07683759E-02  7.29420172E-03 -1.21503115E-01  9.99999975E-05  1.30984613E-02  6.44858237E-01
  2.50000000E+00 -6.67000000E-01 -8.95282342E-02  7.30147097E-03 -1.21507440E-01  9.99999975E-05  1.31579192E-02  6.44508972E-01
  2.50000000E+00 -6.64000000E-01 -8.82832413E-02  7.30737300E-03 -1.21511814E-01  9.99999975E-05  1.32169846E-02  6.44121248E-01
  2.50000000E+00 -6.61000000E-01 -8.70333588E-02  7.31189602E-03 -1.21516235E-01  9.99999975E-05  1.32756631E-02  6.43695478E-01
  2.50000000E+00 -6.58000000E-01 -8.57785476E-02  7.31502812E-03 -1.21520704E-01  9.99999975E-05  1.33339607E-02  6.43232055E-01
  2.50000000E+00 -6.55000000E-01 -8.45187678E-02  7.31675727E-03 -1.21525216E-01  9.99999975E-05  1.33918831E-02  6.42731355E-01
  2.50000000E+00 -6.52000000E-01 -8.32539783E-02  7.31707134E-03 -1.21529771E-01  9.99999975E-05  1.34494361E-02  6.42193737E-01
  2.50000000E+00 -6.49000000E-01 -8.19841375E-02  7.31595806E-03 -1.21534366E-01  9.99999975E-05  1.35066255E-02  6.41619540E-01
  2.50000000E+00 -6.46000000E-01 -8.07092024E-02  7.31340508E-03 -1.21539001E-01  9.99999975E-05  1.35634573E-02  6.41009090E-01
  2.50000000E+00 -6.43000000E-01 -7.94291292E-02  7.30939991E-03 -1.21543672E-01  9.99999975E-05  1.36199374E-02  6.40362695E-01
  2.50000000E+00 -6.40000000E-01 -7.81438731E-02  7.30392995E-03 -1.21548378E-01  9.99999975E-05  1.36760718E-02  6.39680646E-01
  2.50000000E+00 -6.37000000E-01 -7.68533883E-02  7.29698249E-03 -1.21553117E-01  9.99999975E-05  1.37318663E-02  6.38963220E-01
  2.50000000E+00 -6.34000000E-01 -7.55576278E-02  7.28854468E-03 -1.21557888E-01  9.99999975E-05  1.37873270E-02  6.38210679E-01
  2.50000000E+00 -6.31000000E-01 -7.42565436E-02  7.27860357E-03 -1.21562687E-01  9.99999975E-05  1.38424601E-02  6.37423271E-01
  2.50000000E+00 -6.28000000E-01 -7.29500865E-02  7.26714609E-03 -1.21567514E-01  9.99999975E-05  1.38972716E-02  6.36601227E-01
  2.50000000E+00 -6.25000000E-01 -7.16382062E-02  7.25415903E-03 -1.21572367E-01  9.99999975E-05  1.39517677E-02  6.35744768E-01
  2.50000000E+00 -6.22000000E-01 -7.03208514E-02  7.23962908E-03 -1.21577243E-01  9.99999975E-05  1.40059546E-02  6.34854099E-01
  2.50000000E+00 -6.19000000E-01 -6.89979691E-02  7.22354278E-03 -1.21582140E-01  9.99999975E-05  1.40598388E-02  6.33929412E-01
  2.50000000E+00 -6.16000000E-01 -6.76695056E-02  7.20588657E-03 -1.21587057E-01  9.99999975E-05  1.41134264E-02  6.32970888E-01
  2.50000000E+00 -6.13000000E-01 -6.63354055E-02  7.18664675E-03 -1.21591991E-01  9.99999975E-05  1.41667239E-02  6.31978693E-01
  2.50000000E+00 -6.10000000E-01 -6.49956124E-02  7.16580948E-03 -1.21596940E-01  9.99999975E-05  1.42197379E-02  6.30952984E-01
  2.50000000E+00 -6.07000000E-01 -6.36500682E-02  7.14336082E-03 -1.21601902E-01  9.99999975E-05  1.42724749E-02  6.29893905E-01
  2.50000000E+00 -6.04000000E-01 -6.22987138E-02  7.11928666E-03 -1.21606875E-01  9.99999975E-05  1.43249416E-02  6.28801587E-01
  2.50000000E+00 -6.01000000E-01 -6.09414883E-02  7.09357279E-03 -1.21611857E-01  9.99999975E-05  1.43771446E-02  6.27676152E-01
  2.50000000E+00 -5.98000000E-01 -5.95783296E-02  7.06620485E-03 -1.21616845E-01  9.99999975E-05  1.44290907E-02  6.26517712E-01
  2.50000000E+00 -5.95000000E-01 -5.82091739E-02  7.03716834E-03 -1.21621837E-01  9.99999975E-05  1.44807870E-02  6.25326368E-01
  2.50000000E+00 -5.92000000E-01 -5.68339561E-02  7.00644863E-03 -1.21626831E-01  9.99999975E-05  1.45322403E-02  6.24102209E-01
  2.50000000E+00 -5.89000000E-01 -5.54526092E-02  6.97403095E-03 -1.21631825E-01  9.99999975E-05  1.45834576E-02  6.22845318E-01
  2.50000000E+00 -5.86000000E-01 -5.40650649E-02  6.93990039E-03 -1.21636816E-01  9.99999975E-05  1.46344463E-02  6.21555767E-01
  2.50000000E+00 -5.83000000E-01 -5.26712529E-02  6.90404189E-03 -1.21641802E-01  9.99999975E-05  1.46852135E-02  6.20233619E-01
  2.50000000E+00 -5.80000000E-01 -5.12711016E-02  6.86644027E-03 -1.21646782E-01  9.99999975E-05  1.47357665E-02  6.18878929E-01
  2.50000000E+00 -5.77000000E-01 -4.98645372E-02  6.82708020E-03 -1.21651751E-01  9.99999975E-05  1.47861130E-02  6.17491745E-01
  2.50000000E+00 -5.74000000E-01 -4.84514844E-02  6.78594620E-03 -1.21656710E-01  9.99999975E-05  1.48362603E-02  6.16072107E-01
  2.50000000E+00 -5.71000000E-01 -4.70318662E-02  6.74302267E-03 -1.21661655E-01  9.99999975E-05  1.48862162E-02  6.14620046E-01
  2.50000000E+00 -5.68000000E-01 -4.56056033E-02  6.69829384E-03 -1.21666582E-01  9.99999975E-05  1.49359885E-02  6.13135588E-01
  2.50000000E+00 -5.65000000E-01 -4.41726144E-02  6.65174368E-03 -1.21671488E-01  9.99999975E-05  1.49855851E-02  6.11618750E-01
  2.50000000E+00 -5.62000000E-01 -4.27328166E-02  6.60335612E-03 -1.21676374E-01  9.99999975E-05  1.50350140E-02  6.10069543E-01
  2.50000000E+00 -5.59000000E-01 -4.12861248E-02  6.55311493E-03 -1.21681235E-01  9.99999975E-05  1.50842834E-02  6.08487975E-01
  2.50000000E+00 -5.56000000E-01 -3.98324516E-02  6.50100374E-03 -1.21686070E-01  9.99999975E-05  1.51334014E-02  6.06874046E-01
  2.50000000E+00 -5.53000000E-01 -3.83717079E-02  6.44700601E-03 -1.21690875E-01  9.99999975E-05  1.51823766E-02  6.05227750E-01
  2.50000000E+00 -5.50000000E-01 -3.69038018E-02  6.39110503E-03 -1.21695649E-01  9.99999975E-05  1.52312173E-02  6.03549079E-01
  2.50000000E+00 -5.47000000E-01 -3.54286396E-02  6.33328395E-03 -1.21700387E-01  9.99999975E-05  1.52799323E-02  6.01838018E-01
  2.50000000E+00 -5.44000000E-01 -3.39461251E-02  6.27352573E-03 -1.21705087E-01  9.99999975E-05  1.53285303E-02  6.00094550E-01
  2.50000000E+00 -5.41000000E-01 -3.24561595E-02  6.21181318E-03 -1.21709746E-01  9.99999975E-05  1.53770203E-02  5.98318653E-01
  2.50000000E+00 -5.38000000E-01 -3.09586418E-02  6.14812894E-03 -1.21714363E-01  9.99999975E-05  1.54254113E-02  5.96510302E-01
  2.50000000E+00 -5.35000000E-01 -2.94534684E-02  6.08245549E-03 -1.21718933E-01  9.99999975E-05  1.54737124E-02  5.94669469E-01
  2.50000000E+00 -5.32000000E-01 -2.79405332E-02  6.01477515E-03 -1.21723454E-01  9.99999975E-05  1.55219332E-02  5.92796125E-01
  2.50000000E+00 -5.29000000E-01 -2.64197272E-02  5.94507005E-03 -1.21727924E-01  9.99999975E-05  1.55700829E-02  5.90890237E-01
  2.50000000E+00 -5.26000000E-01 -2.48909389E-02  5.87332217E-03 -1.21732338E-01  9.99999975E-05  1.56181713E-02  5.88951773E-01
  2.50000000E+00 -5.23000000E-01 -2.33540539E-02  5.79951331E-03 -1.21736695E-01  9.99999975E-05  1.56662083E-02  5.86980697E-01
  2.50000000E+00 -5.20000000E-01 -2.18089552E-02  5.72362511E-03 -1.21740992E-01  9.99999975E-05  1.57142036E-02  5.84976973E-01
  2.50000000E+00 -5.17000000E-01 -2.02555224E-02  5.64563902E-03 -1.21745224E-01  9.99999975E-05  1.57621674E-02  5.82940568E-01
  2.50000000E+00 -5.14000000E-01 -1.86936326E-02  5.56553632E-03 -1.21749390E-01  9.99999975E-05  1.58101101E-02  5.80871444E-01
  2.50000000E+00 -5.11000000E-01 -1.71231593E-02  5.48329814E-03 -1.21753485E-01  9.99999975E-05  1.58580419E-02  5.78769569E-01
  2.50000000E+00 -5.08000000E-01 -1.55439733E-02  5.39890540E-03 -1.21757508E-01  9.99999975E-05  1.59059736E-02  5.76634907E-01
  2.50000000E+00 -5.05000000E-01 -1.39559418E-02  5.31233885E-03 -1.21761454E-01  9.99999975E-05  1.59539159E-02  5.74467427E-01
  2.50000000E+00 -5.02000000E-01 -1.23589289E-02  5.22357908E-03 -1.21765320E-01  9.99999975E-05  1.60018796E-02  5.72267100E-01
  2.50000000E+00 -4.99000000E-01 -1.07527952E-02  5.13260648E-03 -1.21769103E-01  9.99999975E-05  1.60498760E-02  5.70033899E-01
  2.50000000E+00 -4.96000000E-01 -9.13739768E-03  5.03940128E-03 -1.21772800E-01  9.99999975E-05  1.60979162E-02  5.67767799E-01
  2.50000000E+00 -4.93000000E-01 -7.51258991E-03  4.94394350E-03 -1.21776407E-01  9.99999975E-05  1.61460118E-02  5.65468780E-01
  2.50000000E+00 -4.90000000E-01 -5.87822166E-03  4.84621301E-03 -1.21779920E-01  9.99999975E-05  1.61941744E-02  5.63136827E-01
  2.50000000E+00 -4.87000000E-01 -4.23413896E-03  4.74618948E-03 -1.21783336E-01  9.99999975E-05  1.62424157E-02  5.60771927E-01
  2.50000000E+00 -4.84000000E-01 -2.58018394E-03  4.64385241E-03 -1.21786653E-01  9.99999975E-05  1.62907478E-02  5.58374075E-01
  2.50000000E+00 -4.81000000E-01 -9.16194793E-04  4.53918111E-03 -1.21789865E-01  9.99999975E-05  1.63391829E-02  5.55943269E-01
  2.50000000E+00 -4.78000000E-01  7.57994394E-04  4.43215470E-03 -1.21792969E-01  9.99999975E-05  1.63877332E-02  5.53479517E-01
  2.50000000E+00 -4.75000000E-01  2.44255369E-03  4.32275215E-03 -1.21795962E-01  9.99999975E-05  1.64364115E-02  5.50982830E-01
  2.50000000E+00 -4.72000000E-01  4.13765744E-03  4.21095222E-03 -1.21798840E-01  9.99999975E-05  1.64852303E-02  5.48453229E-01
  2.50000000E+00 -4.69000000E-01  5.84348436E-03  4.09673351E-03 -1.21801599E-01  9.99999975E-05  1.65342027E-02  5.45890741E-01
  2.50000000E+00 -4.66000000E-01  7.56021769E-03  3.98007442E-03 -1.21804236E-01  9.99999975E-05  1.65833417E-02  5.43295404E-01
  2.50000000E+00 -4.63000000E-01  9.28804523E-03  3.86095319E-03 -1.21806746E-01  9.99999975E-05  1.66326607E-02  5.40667264E-01
  2.50000000E+00 -4.60000000E-01  1.10271595E-02  3.73934788E-03 -1.21809126E-01  9.99999975E-05  1.66821731E-02  5.38006376E-01
  2.50000000E+00 -4.57000000E-01  1.27777579E-02  3.61523637E-03 -1.21811372E-01  9.99999975E-05  1.67318927E-02  5.35312805E-01
  2.50000000E+00 -4.54000000E-01  1.45400428E-02  3.48859637E-03 -1.21813480E-01  9.99999975E-05  1.67818333E-02  5.32586629E-01
  2.50000000E+00 -4.51000000E-01  1.63142214E-02  3.35940542E-03 -1.21815446E-01  9.99999975E-05  1.68320090E-02  5.29827937E-01
  2.50000000E+00 -4.48000000E-01  1.81005064E-02  3.22764088E-03 -1.21817265E-01  9.99999975E-05  1.68824340E-02  5.27036828E-01
  2.50000000E+00 -4.45000000E-01  1.98991157E-02  3.09327995E-03 -1.21818934E-01  9.99999975E-05  1.69331228E-02  5.24213417E-01
  2.50000000E+00 -4.42000000E-01  2.17102726E-02  2.95629965E-03 -1.21820448E-01  9.99999975E-05  1.69840902E-02  5.21357828E-01
  2.50000000E+00 -4.39000000E-01  2.35342061E-02  2.81667684E-03 -1.21821803E-01  9.99999975E-05  1.70353508E-02  5.18470204E-01
  2.50000000E+00 -4.36000000E-01  2.53711508E-02  2.67438821E-03 -1.21822994E-01  9.99999975E-05  1.70869197E-02  5.15550700E-01
  2.50000000E+00 -4.33000000E-01  2.72213474E-02  2.52941031E-03 -1.21824017E-01  9.99999975E-05  1.71388122E-02  5.12599485E-01
  2.50000000E+00 -4.30000000E-01  2.90850423E-02  2.38171962E-03 -1.21824867E-01  9.99999975E-05  1.71910436E-02  5.09616746E-01
  2.50000000E+00 -4.27000000E-01  3.09624880E-02  2.23129237E-03 -1.21825545E-01  9.99999975E-05  1.72436294E-02  5.06602685E-01
  2.50000000E+00 -4.24000000E-01  3.28539435E-02  2.07810468E-03 -1.21826040E-01  9.99999975E-05  1.72965855E-02  5.03557523E-01
  2.50000000E+00 -4.21000000E-01  3.47596740E-02  1.92213253E-03 -1.21826350E-01  9.99999975E-05  1.73499278E-02  5.00481495E-01
  2.50000000E+00 -4.18000000E-01  3.66799514E-02  1.76335176E-03 -1.21826470E-01  9.99999975E-05  1.74036722E-02  4.97374858E-01
  2.50000000E+00 -4.15000000E-01  3.86150542E-02  1.60173812E-03 -1.21826395E-01  9.99999975E-05  1.74578351E-02  4.94237885E-01
  2.50000000E+00 -4.12000000E-01  4.05652678E-02  1.43726721E-03 -1.21826122E-01  9.99999975E-05  1.75124329E-02  4.91070870E-01
  2.50000000E+00 -4.09000000E-01  4.25308847E-02  1.26991454E-03 -1.21825645E-01  9.99999975E-05  1.75674821E-02  4.87874127E-01
  2.50000000E+00 -4.06000000E-01  4.45122045E-02  1.09965551E-03 -1.21824960E-01  9.99999975E-05  1.76229993E-02  4.84647988E-01
  2.50000000E+00 -4.03000000E-01  4.65095340E-02  9.26465444E-04 -1.21824062E-01  9.99999975E-05  1.76790015E-02  4.81392809E-01
  2.50000000E+00 -4.00000000E-01  4.85231878E-02  7.50319570E-04 -1.21822947E-01  9.99999975E-05  1.77355055E-02  4.78108967E-01
  2.50000000E+00 -3.97000000E-01  5.05534878E-02  5.71193050E-04 -1.21821610E-01  9.99999975E-05  1.77925285E-02  4.74796859E-01
  2.50000000E+00 -3.94000000E-01  5.26007639E-02  3.89060979E-04 -1.21820045E-01  9.99999975E-05  1.78500875E-02  4.71456908E-01
  2.50000000E+00 -3.91000000E-01  5.46653540E-02  2.03898405E-04 -1.21818249E-01  9.99999975E-05  1.79081999E-02  4.68089556E-01
  2.50000000E+00 -3.88000000E-01  5.67476039E-02  1.56803344E-05 -1.21816216E-01  9.99999975E-05  1.79668830E-02  4.64695271E-01
  2.50000000E+00 -3.85000000E-01  5.88478680E-02 -1.75618249E-04 -1.21813941E-01  9.99999975E-05  1.80261541E-02  4.61274544E-01
  2.50000000E+00 -3.82000000E-01  6.09665090E-02 -3.70022375E-04 -1.21811420E-01  9.99999975E-05  1.80860308E-02  4.57827893E-01
  2.50000000E+00 -3.79000000E-01  6.31038981E-02 -5.67557069E-04 -1.21808648E-01  9.99999975E-05  1.81465304E-02  4.54355856E-01
  2.50000000E+00 -3.76000000E-01  6.52604155E-02 -7.68247336E-04 -1.21805619E-01  9.99999975E-05  1.82076706E-02  4.50858999E-01
  2.50000000E+00 -3.73000000E-01  6.74364503E-02 -9.72118147E-04 -1.21802329E-01  9.99999975E-05  1.82694687E-02  4.47337913E-01
  2.50000000E+00 -3.70000000E-01  6.96324007E-02 -1.17919442E-03 -1.21798773E-01  9.99999975E-05  1.83319422E-02  4.43793216E-01
  2.50000000E+00 -3.67000000E-01  7.18486742E-02 -1.38950099E-03 -1.21794946E-01  9.99999975E-05  1.83951085E-02  4.40225548E-01
  2.50000000E+00 -3.64000000E-01  7.40856877E-02 -1.60306262E-03 -1.21790843E-01  9.99999975E-05  1.84589849E-02  4.36635580E-01
  2.50000000E+00 -3.61000000E-01  7.63438680E-02 -1.81990394E-03 -1.21786459E-01  9.99999975E-05  1.85235887E-02  4.33024005E-01
  2.50000000E+00 -3.58000000E-01  7.86236512E-02 -2.04004945E-03 -1.21781790E-01  9.99999975E-05  1.85889370E-02  4.29391546E-01
  2.50000000E+00 -3.55000000E-01  8.09254838E-02 -2.26352349E-03 -1.21776830E-01  9.99999975E-05  1.86550467E-02  4.25738951E-01
  2.50000000E+00 -3.52000000E-01  8.32498221E-02 -2.49035022E-03 -1.21771574E-01  9.99999975E-05  1.87219344E-02  4.22066993E-01
  2.50000000E+00 -3.49000000E-01  8.55971328E-02 -2.72055359E-03 -1.21766018E-01  9.99999975E-05  1.87896168E-02  4.18376476E-01
  2.50000000E+00 -3.46000000E-01  8.79678929E-02 -2.95415730E-03 -1.21760157E-01  9.99999975E-05  1.88581100E-02  4.14668226E-01
  2.50000000E+00 -3.43000000E-01  9.03625899E-02 -3.19118480E-03 -1.21753986E-01  9.99999975E-05  1.89274299E-02  4.10943097E-01
  2.50000000E+00 -3.40000000E-01  9.27817222E-02 -3.43165924E-03 -1.21747499E-01  9.99999975E-05  1.89975921E-02  4.07201972E-01
  2.50000000E+00 -3.37000000E-01  9.52257987E-02 -3.67560343E-03 -1.21740693E-01  9.99999975E-05  1.90686118E-02  4.03445757E-01
  2.50000000E+00 -3.34000000E-01  9.76953395E-02 -3.92303982E-03 -1.21733562E-01  9.99999975E-05  1.91405037E-02  3.99675385E-01
  2.50000000E+00 -3.31000000E-01  1.00190876E-01 -4.17399047E-03 -1.21726101E-01  9.99999975E-05  1.92132820E-02  3.95891814E-01
  2.50000000E+00 -3.28000000E-01  1.02712949E-01 -4.42847700E-03 -1.21718307E-01  9.99999975E-05  1.92869602E-02  3.92096030E-01
  2.50000000E+00 -3.25000000E-01  1.05262114E-01 -4.68652055E-03 -1.21710173E-01  9.99999975E-05  1.93615515E-02  3.88289041E-01
  2.50000000E+00 -3.22000000E-01  1.07838934E-01 -4.94814176E-03 -1.21701696E-01  9.99999975E-05  1.94370681E-02  3.84471880E-01
  2.50000000E+00 -3.19000000E-01  1.10443987E-01 -5.21336068E-03 -1.21692871E-01  9.99999975E-05  1.95135217E-02  3.80645606E-01
  2.50000000E+00 -3.16000000E-01  1.13077860E-01 -5.48219679E-03 -1.21683693E-01  9.99999975E-05  1.95909230E-02  3.76811299E-01
  2.50000000E+00 -3.13000000E-01  1.15741152E-01 -5.75466889E-03 -1.21674158E-01  9.99999975E-05  1.96692819E-02  3.72970062E-01
  2.50000000E+00 -3.10000000E-01  1.18434474E-01 -6.03079509E-03 -1.21664261E-01  9.99999975E-05  1.97486073E-02  3.69123022E-01
  2.50000000E+00 -3.07000000E-01  1.21158450E-01 -6.31059273E-03 -1.21653999E-01  9.99999975E-05  1.98289070E-02  3.65271324E-01
  2.50000000E+00 -3.04000000E-01  1.23913713E-01 -6.59407835E-03 -1.21643367E-01  9.99999975E-05  1.99101877E-02  3.61416136E-01
  2.50000000E+00 -3.01000000E-01  1.26700909E-01 -6.88126760E-03 -1.21632361E-01  9.99999975E-05  1.99924550E-02  3.57558645E-01
  2.50000000E+00 -2.98000000E-01  1.29520697E-01 -7.17217556E-03 -1.21620976E-01  9.99999975E-05  2.00757129E-02  3.53700056E-01
  2.50000000E+00 -2.95000000E-01  1.32373745E-01 -7.46681580E-03 -1.21609207E-01  9.99999975E-05  2.01599639E-02  3.49841592E-01
  2.50000000E+00 -2.92000000E-01  1.35260734E-01 -7.76520109E-03 -1.21597053E-01  9.99999975E-05  2.02452094E-02  3.45984493E-01
  2.50000000E+00 -2.89000000E-01  1.38182357E-01 -8.06734311E-03 -1.21584508E-01  9.99999975E-05  2.03314487E-02  3.42130012E-01
  2.50000000E+00 -2.86000000E-01  1.41139316E-01 -8.37325236E-03 -1.21571568E-01  9.99999975E-05  2.04186796E-02  3.38279421E-01
  2.50000000E+00 -2.83000000E-01  1.44132327E-01 -8.68293812E-03 -1.21558231E-01  9.99999975E-05  2.05068979E-02  3.34434000E-01
  2.50000000E+00 -2.80000000E-01  1.47162115E-01 -8.99640832E-03 -1.21544491E-01  9.99999975E-05  2.05960972E-02  3.30595044E-01
  2.50000000E+00 -2.77000000E-01  1.50229417E-01 -9.31366950E-03 -1.21530347E-01  9.99999975E-05  2.06862692E-02  3.26763856E-01
  2.50000000E+00 -2.74000000E-01  1.53334980E-01 -9.63472677E-03 -1.21515793E-01  9.99999975E-05  2.07774030E-02  3.22941752E-01
  2.50000000E+00 -2.71000000E-01  1.56479562E-01 -9.95958365E-03 -1.21500827E-01  9.99999975E-05  2.08694856E-02  3.19130052E-01
  2.50000000E+00 -2.68000000E-01  1.59663930E-01 -1.02882420E-02 -1.21485446E-01  9.99999975E-05  2.09625009E-02  3.15330083E-01
  2.50000000E+00 -2.65000000E-01  1.62888861E-01 -1.06207022E-02 -1.21469646E-01  9.99999975E-05  2.10564305E-02  3.11543179E-01
  2.50000000E+00 -2.62000000E-01  1.66155142E-01 -1.09569624E-02 -1.21453424E-01  9.99999975E-05  2.11512528E-02  3.07770675E-01
  2.50000000E+00 -2.59000000E-01  1.69463569E-01 -1.12970193E-02 -1.21436778E-01  9.99999975E-05  2.12469432E-02  3.04013910E-01
  2.50000000E+00 -2.56000000E-01  1.72814944E-01 -1.16408673E-02 -1.21419704E-01  9.99999975E-05  2.13434738E-02  3.00274222E-01
  2.50000000E+00 -2.53000000E-01  1.76210080E-01 -1.19884989E-02 -1.21402200E-01  9.99999975E-05  2.14408131E-02  2.96552947E-01
  2.50000000E+00 -2.50000000E-01  1.79649796E-01 -1.23399043E-02 -1.21384263E-01  9.99999975E-05  2.15389262E-02  2.92851421E-01
  2.50000000E+00 -2.47000000E-01  1.83134918E-01 -1.26950716E-02 -1.21365890E-01  9.99999975E-05  2.16377741E-02  2.89170974E-01
  2.50000000E+00 -2.44000000E-01  1.86666277E-01 -1.30539863E-02 -1.21347079E-01  9.99999975E-05  2.17373139E-02  2.85512930E-01
  2.50000000E+00 -2.41000000E-01  1.90244711E-01 -1.34166316E-02 -1.21327828E-01  9.99999975E-05  2.18374984E-02  2.81878608E-01
  2.50000000E+00 -2.38000000E-01  1.93871062E-01 -1.37829880E-02 -1.21308135E-01  9.99999975E-05  2.19382759E-02  2.78269315E-01
  2.50000000E+00 -2.35000000E-01  1.97546175E-01 -1.41530333E-02 -1.21287996E-01  9.99999975E-05  2.20395900E-02  2.74686350E-01
  2.50000000E+00 -2.32000000E-01  2.01270898E-01 -1.45267425E-02 -1.21267411E-01  9.99999975E-05  2.21413794E-02  2.71131001E-01
  2.50000000E+00 -2.29000000E-01  2.05046083E-01 -1.49040877E-02 -1.21246378E-01  9.99999975E-05  2.22435779E-02  2.67604541E-01
  2.50000000E+00 -2.26000000E-01  2.08872579E-01 -1.52850380E-02 -1.21224894E-01  9.99999975E-05  2.23461137E-02  2.64108229E-01
  2.50000000E+00 -2.23000000E-01  2.12751237E-01 -1.56695592E-02 -1.21202957E-01  9.99999975E-05  2.24489096E-02  2.60643311E-01
  2.50000000E+00 -2.20000000E-01  2.16682907E-01 -1.60576139E-02 -1.21180567E-01  9.99999975E-05  2.25518825E-02  2.57211013E-01
  2.50000000E+00 -2.17000000E-01  2.20668435E-01 -1.64491613E-02 -1.21157721E-01  9.99999975E-05  2.26549435E-02  2.53812546E-01
  2.50000000E+00 -2.14000000E-01  2.24708664E-01 -1.68441571E-02 -1.21134419E-01  9.99999975E-05  2.27579971E-02  2.50449098E-01
  2.50000000E+00 -2.11000000E-01  2.28804429E-01 -1.72425534E-02 -1.21110658E-01  9.99999975E-05  2.28609417E-02  2.47121840E-01
  2.50000000E+00 -2.08000000E-01  2.32956560E-01 -1.76442984E-02 -1.21086438E-01  9.99999975E-05  2.29636689E-02  2.43831922E-01
  2.50000000E+00 -2.05000000E-01  2.37165878E-01 -1.80493365E-02 -1.21061757E-01  9.99999975E-05  2.30660632E-02  2.40580471E-01
  2.50000000E+00 -2.02000000E-01  2.41433195E-01 -1.84576082E-02 -1.21036614E-01  9.99999975E-05  2.31680021E-02  2.37368592E-01
  2.50000000E+00 -1.99000000E-01  2.45759307E-01 -1.88690497E-02 -1.21011008E-01  9.99999975E-05  2.32693556E-02  2.34197367E-01
  2.50000000E+00 -1.96000000E-01  2.50145000E-01 -1.92835929E-02 -1.20984937E-01  9.99999975E-05  2.33699863E-02  2.31067853E-01
  2.50000000E+00 -1.93000000E-01  2.54591042E-01 -1.97011657E-02 -1.20958403E-01  9.99999975E-05  2.34697491E-02  2.27981086E-01
  2.50000000E+00 -1.90000000E-01  2.59098183E-01 -2.01216910E-02 -1.20931402E-01  9.99999975E-05  2.35684908E-02  2.24938077E-01
  2.50000000E+00 -1.87000000E-01  2.63667152E-01 -2.05450875E-02 -1.20903934E-01  9.99999975E-05  2.36660500E-02  2.21939810E-01
  2.50000000E+00 -1.84000000E-01  2.68298658E-01 -2.09712690E-02 -1.20875999E-01  9.99999975E-05  2.37622573E-02  2.18987248E-01
  2.50000000E+00 -1.81000000E-01  2.72993382E-01 -2.14001444E-02 -1.20847595E-01  9.99999975E-05  2.38569344E-02  2.16081330E-01
  2.50000000E+00 -1.78000000E-01  2.77751979E-01 -2.18316178E-02 -1.20818723E-01  9.99999975E-05  2.39498947E-02  2.13222969E-01
  2.50000000E+00 -1.75000000E-01  2.82575074E-01 -2.22655881E-02 -1.20789381E-01  9.99999975E-05  2.40409428E-02  2.10413058E-01
  2.50000000E+00 -1.72000000E-01  2.87463260E-01 -2.27019493E-02 -1.20759569E-01  9.99999975E-05  2.41298745E-02  2.07652465E-01
  2.50000000E+00 -1.69000000E-01  2.92417091E-01 -2.31405898E-02 -1.20729286E-01  9.99999975E-05  2.42164767E-02  2.04942037E-01
  2.50000000E+00 -1.66000000E-01  2.97437087E-01 -2.35813928E-02 -1.20698532E-01  9.99999975E-05  2.43005272E-02  2.02282602E-01
  2.50000000E+00 -1.63000000E-01  3.02523723E-01 -2.40242363E-02 -1.20667305E-01  9.99999975E-05  2.43817951E-02  1.99674967E-01
  2.50000000E+00 -1.60000000E-01  3.07677431E-01 -2.44689924E-02 -1.20635607E-01  9.99999975E-05  2.44600403E-02  1.97119923E-01
  2.50000000E+00 -1.57000000E-01  3.12898594E-01 -2.49155278E-02 -1.20603435E-01  9.99999975E-05  2.45350137E-02  1.94618241E-01
  2.50000000E+00 -1.54000000E-01  3.18187544E-01 -2.53637035E-02 -1.20570789E-01  9.99999975E-05  2.46064576E-02  1.92170680E-01
  2.50000000E+00 -1.51000000E-01  3.23544559E-01 -2.58133749E-02 -1.20537670E-01  9.99999975E-05  2.46741051E-02  1.89777988E-01
  2.50000000E+00 -1.48000000E-01  3.28969856E-01 -2.62643916E-02 -1.20504076E-01  9.99999975E-05  2.47376810E-02  1.87440898E-01
  2.50000000E+00 -1.45000000E-01  3.34463592E-01 -2.67165972E-02 -1.20470007E-01  9.99999975E-05  2.47969016E-02  1.85160139E-01
  2.50000000E+00 -1.42000000E-01  3.40025858E-01 -2.71698298E-02 -1.20435462E-01  9.99999975E-05  2.48514748E-02  1.82936433E-01
  2.50000000E+00 -1.39000000E-01  3.45656672E-01 -2.76239214E-02 -1.20400441E-01  9.99999975E-05  2.49011007E-02  1.80770498E-01
  2.50000000E+00 -1.36000000E-01  3.51355982E-01 -2.80786983E-02 -1.20364944E-01  9.99999975E-05  2.49454719E-02  1.78663053E-01
  2.50000000E+00 -1.33000000E-01  3.57123657E-01 -2.85339809E-02 -1.20328971E-01  9.99999975E-05  2.49842735E-02  1.76614822E-01
  2.50000000E+00 -1.30000000E-01  3.62959480E-01 -2.89895840E-02 -1.20292519E-01  9.99999975E-05  2.50171842E-02  1.74626534E-01
  2.50000000E+00 -1.27000000E-01  3.68863154E-01 -2.94453164E-02 -1.20255590E-01  9.99999975E-05  2.50438761E-02  1.72698927E-01
  2.50000000E+00 -1.24000000E-01  3.74834285E-01 -2.99009813E-02 -1.20218183E-01  9.99999975E-05  2.50640160E-02  1.70832757E-01
  2.50000000E+00 -1.21000000E-01  3.80872387E-01 -3.03563763E-02 -1.20180297E-01  9.99999975E-05  2.50772653E-02  1.69028794E-01
  2.50000000E+00 -1.18000000E-01  3.86976874E-01 -3.08112938E-02 -1.20141933E-01  9.99999975E-05  2.50832814E-02  1.67287853E-01
  2.50000000E+00 -1.15000000E-01  3.93147053E-01 -3.12655202E-02 -1.20103089E-01  9.99999975E-05  2.50817181E-02  1.65610806E-01
  2.50000000E+00 -1.12000000E-01  3.99382125E-01 -3.17188368E-02 -1.20063765E-01  9.99999975E-05  2.50722266E-02  1.63998541E-01
  2.50000000E+00 -1.09000000E-01  4.05681171E-01 -3.21710196E-02 -1.20023961E-01  9.99999975E-05  2.50544563E-02  1.62452059E-01
  2.50000000E+00 -1.06000000E-01  4.12043151E-01 -3.26218390E-02 -1.19983676E-01  9.99999975E-05  2.50280564E-02  1.60972430E-01
  2.50000000E+00 -1.03000000E-01  4.18466896E-01 -3.30710605E-02 -1.19942910E-01  9.99999975E-05  2.49926765E-02  1.59560783E-01
  2.50000000E+00 -1.00000000E-01  4.24951106E-01 -3.35184444E-02 -1.19901661E-01  9.99999975E-05  2.49479681E-02  1.58218288E-01
  2.50000000E+00 -9.70000000E-02  4.31494344E-01 -3.39637465E-02 -1.19859931E-01  9.99999975E-05  2.48935863E-02  1.56946162E-01
  2.50000000E+00 -9.40000000E-02  4.38095033E-01 -3.44067185E-02 -1.19817718E-01  9.99999975E-05  2.48291907E-02  1.55745677E-01
  2.50000000E+00 -9.10000000E-02  4.44751450E-01 -3.48471080E-02 -1.19775022E-01  9.99999975E-05  2.47544474E-02  1.54618168E-01
  2.50000000E+00 -8.80000000E-02  4.51461725E-01 -3.52846593E-02 -1.19731845E-01  9.99999975E-05  2.46690305E-02  1.53565054E-01
  2.50000000E+00 -8.50000000E-02  4.58223838E-01 -3.57191135E-02 -1.19688185E-01  9.99999975E-05  2.45726240E-02  1.52587847E-01
  2.50000000E+00 -8.20000000E-02  4.65035611E-01 -3.61502094E-02 -1.19644045E-01  9.99999975E-05  2.44649239E-02  1.51688170E-01
  2.50000000E+00 -7.90000000E-02  4.71894710E-01 -3.65776837E-02 -1.19599423E-01  9.99999975E-05  2.43456396E-02  1.50867755E-01
  2.50000000E+00 -7.60000000E-02  4.78798640E-01 -3.70012717E-02 -1.19554322E-01  9.99999975E-05  2.42144965E-02  1.50128450E-01
  2.50000000E+00 -7.30000000E-02  4.85744742E-01 -3.74207078E-02 -1.19508742E-01  9.99999975E-05  2.40712381E-02  1.49472202E-01
  2.50000000E+00 -7.00000000E-02  4.92730196E-01 -3.78357260E-02 -1.19462684E-01  9.99999975E-05  2.39156280E-02  1.48901063E-01
  2.50000000E+00 -6.70000000E-02  4.99752015E-01 -3.82460612E-02 -1.19416151E-01  9.99999975E-05  2.37474527E-02  1.48417310E-01
  2.50000000E+00 -6.40000000E-02  5.06807052E-01 -3.86514492E-02 -1.19369142E-01  9.99999975E-05  2.35665236E-02  1.48023310E-01
  2.50000000E+00 -6.10000000E-02  5.13891991E-01 -3.90516278E-02 -1.19321662E-01  9.99999975E-05  2.33726795E-02  1.47721649E-01
  2.50000000E+00 -5.80000000E-02  5.21003354E-01 -3.94463376E-02 -1.19273712E-01  9.99999975E-05  2.31657896E-02  1.47515085E-01
  2.50000000E+00 -5.50000000E-02  5.28137505E-01 -3.98353229E-02 -1.19225294E-01  9.99999975E-05  2.29457555E-02  1.47406548E-01
  2.50000000E+00 -5.20000000E-02  5.35290646E-01 -4.02183323E-02 -1.19176411E-01  9.99999975E-05  2.27125137E-02  1.47399215E-01
  2.50000000E+00 -4.90000000E-02  5.42458825E-01 -4.05951195E-02 -1.19127067E-01  9.99999975E-05  2.24660387E-02  1.47496599E-01
  2.50000000E+00 -4.60000000E-02  5.49637929E-01 -4.09654439E-02 -1.19077264E-01  9.99999975E-05  2.22063458E-02  1.47702616E-01
  2.50000000E+00 -4.30000000E-02  5.56823684E-01 -4.13290715E-02 -1.19027007E-01  9.99999975E-05  2.19334933E-02  1.48021577E-01
  2.50000000E+00 -4.00000000E-02  5.64011657E-01 -4.16857752E-02 -1.18976299E-01  9.99999975E-05  2.16475859E-02  1.48458070E-01
  2.50000000E+00 -3.70000000E-02  5.71197270E-01 -4.20353364E-02 -1.18925145E-01  9.99999975E-05  2.13487766E-02  1.49017012E-01
  2.50000000E+00 -3.40000000E-02  5.78375797E-01 -4.23775457E-02 -1.18873551E-01  9.99999975E-05  2.10372695E-02  1.49703759E-01
  2.50000000E+00 -3.10000000E-02  5.85542376E-01 -4.27122035E-02 -1.18821521E-01  9.99999975E-05  2.07133220E-02  1.50524068E-01
  2.50000000E+00 -2.80000000E-02  5.92692018E-01 -4.30391216E-02 -1.18769060E-01  9.99999975E-05  2.03772468E-02  1.51484135E-01
  2.50000000E+00 -2.50000000E-02  5.99819612E-01 -4.33581234E-02 -1.18716176E-01  9.99999975E-05  2.00294137E-02  1.52590632E-01
  2.50000000E+00 -2.20000000E-02  6.06919943E-01 -4.36690455E-02 -1.18662874E-01  9.99999975E-05  1.96702513E-02  1.53850735E-01
  2.50000000E+00 -1.90000000E-02  6.13987699E-01 -4.39717382E-02 -1.18609162E-01  9.99999975E-05  1.93002479E-02  1.55272156E-01
  2.50000000E+00 -1.60000000E-02  6.21017486E-01 -4.42660666E-02 -1.18555046E-01  9.99999975E-05  1.89199526E-02  1.56863176E-01
  2.50000000E+00 -1.30000000E-02  6.28003842E-01 -4.45519113E-02 -1.18500535E-01  9.99999975E-05  1.85299756E-02  1.58632676E-01
  2.50000000E+00 -1.00000000E-02  6.34941254E-01 -4.48291695E-02 -1.18445636E-01  9.99999975E-05  1.81309877E-02  1.60590172E-01
  2.50000000E+00 -7.00000000E-03  6.41824177E-01 -4.50977554E-02 -1.18390358E-01  9.99999975E-05  1.77237200E-02  1.62745839E-01
  2.50000000E+00 -4.00000000E-03  6.48647047E-01 -4.53576014E-02 -1.18334711E-01  9.99999975E-05  1.73089624E-02  1.65110548E-01
  2.50000000E+00 -1.00000000E-03  6.55404306E-01 -4.56086582E-02 -1.18278702E-01  9.99999975E-05  1.68875614E-02  1.67695884E-01
  2.50000000E+00  2.00000000E-03  6.62090420E-01 -4.58508958E-02 -1.18222343E-01  9.99999975E-05  1.64604178E-02  1.70514171E-01
  2.50000000E+00  5.00000000E-03  6.68699904E-01 -4.60843040E-02 -1.18165643E-01  9.99999975E-05  1.60284829E-02  1.73578485E-01
  2.50000000E+00  8.00000000E-03  6.75227339E-01 -4.63088925E-02 -1.18108613E-01  9.99999975E-05  1.55927543E-02  1.76902663E-01
  2.50000000E+00  1.10000000E-02  6.81667401E-01 -4.65246914E-02 -1.18051264E-01  9.99999975E-05  1.51542711E-02  1.80501299E-01
  2.50000000E+00  1.40000000E-02  6.88014885E-01 -4.67317513E-02 -1.17993607E-01  9.99999975E-05  1.47141078E-02  1.84389727E-01
  2.50000000E+00  1.70000000E-02  6.94264726E-01 -4.69301435E-02 -1.17935654E-01  9.99999975E-05  1.42733680E-02  1.88583996E-01
  2.50000000E+00  2.00000000E-02  7.00412030E-01 -4.71199597E-02 -1.17877416E-01  9.99999975E-05  1.38331765E-02  1.93100815E-01
  2.50000000E+00  2.30000000E-02  7.06452095E-01 -4.73013119E-02 -1.17818905E-01  9.99999975E-05  1.33946718E-02  1.97957490E-01
  2.50000000E+00  2.60000000E-02  7.12380442E-01 -4.74743320E-02 -1.17760134E-01  9.99999975E-05  1.29589971E-02  2.03171818E-01
  2.50000000E+00  2.90000000E-02  7.18192835E-01 -4.76391716E-02 -1.17701115E-01  9.99999975E-05  1.25272909E-02  2.08761974E-01
  2.50000000E+00  3.20000000E-02  7.23885310E-01 -4.77960008E-02 -1.17641861E-01  9.99999975E-05  1.21006775E-02  2.14746344E-01
  2.50000000E+00  3.50000000E-02  7.29454200E-01 -4.79450076E-02 -1.17582385E-01  9.99999975E-05  1.16802568E-02  2.21143333E-01
  2.50000000E+00  3.80000000E-02  7.34896156E-01 -4.80863974E-02 -1.17522699E-01  9.99999975E-05  1.12670944E-02  2.27971137E-01
  2.50000000E+00  4.10000000E-02  7.40208172E-01 -4.82203911E-02 -1.17462815E-01  9.99999975E-05  1.08622111E-02  2.35247461E-01
  2.50000000E+00  4.40000000E-02  7.45387606E-01 -4.83472246E-02 -1.17402748E-01  9.99999975E-05  1.04665733E-02  2.42989206E-01
  2.50000000E+00  4.70000000E-02  7.50432198E-01 -4.84671468E-02 -1.17342509E-01  9.99999975E-05  1.00810836E-02  2.51212110E-01
  2.50000000E+00  5.00000000E-02  7.55340086E-01 -4.85804185E-02 -1.17282110E-01  9.99999975E-05  9.70657153E-03  2.59930350E-01
  2.50000000E+00  5.30000000E-02  7.60109822E-01 -4.86873105E-02 -1.17221565E-01  9.99999975E-05  9.34378595E-03  2.69156114E-01
  2.50000000E+00  5.60000000E-02  7.64740384E-01 -4.87881022E-02 -1.17160884E-01  9.99999975E-05  8.99338805E-03  2.78899151E-01
  2.50000000E+00  5.90000000E-02  7.69231181E-01 -4.88830792E-02 -1.17100080E-01  9.99999975E-05  8.65594555E-03  2.89166299E-01
  2.50000000E+00  6.20000000E-02  7.73582059E-01 -4.89725321E-02 -1.17039163E-01  9.99999975E-05  8.33192844E-03  2.99961030E-01
  2.50000000E+00  6.50000000E-02  7.77793301E-01 -4.90567542E-02 -1.16978144E-01  9.99999975E-05  8.02170626E-03  3.11283015E-01
  2.50000000E+00  6.80000000E-02  7.81865625E-01 -4.91360395E-02 -1.16917034E-01  9.99999975E-05  7.72554651E-03  3.23127702E-01
  2.50000000E+00  7.10000000E-02  7.85800171E-01 -4.92106810E-02 -1.16855841E-01  9.99999975E-05  7.44361565E-03  3.35486030E-01
  2.50000000E+00  7.40000000E-02  7.89598493E-01 -4.92809688E-02 -1.16794575E-01  9.99999975E-05  7.17598076E-03  3.48344155E-01
  2.50000000E+00  7.70000000E-02  7.93262538E-01 -4.93471881E-02 -1.16733243E-01  9.99999975E-05  6.92261312E-03  3.61683319E-01
  2.50000000E+00  8.00000000E-02  7.96794629E-01 -4.94096178E-02 -1.16671854E-01  9.99999975E-05  6.68339335E-03  3.75479858E-01
  2.50000000E+00  8.30000000E-02  8.00197435E-01 -4.94685286E-02 -1.16610414E-01  9.99999975E-05  6.45811782E-03  3.89705346E-01
  2.50000000E+00  8.60000000E-02  8.03473943E-01 -4.95241819E-02 -1.16548930E-01  9.99999975E-05  6.24650604E-03  4.04326880E-01
  2.50000000E+00  8.90000000E-02  8.06627425E-01 -4.95768284E-02 -1.16487406E-01  9.99999975E-05  6.04820880E-03  4.19307504E-01
  2.50000000E+00  9.20000000E-02  8.09661407E-01 -4.96267071E-02 -1.16425847E-01  9.99999975E-05  5.86281700E-03  4.34606781E-01
  2.50000000E+00  9.50000000E-02  8.12579626E-01 -4.96740445E-02 -1.16364257E-01  9.99999975E-05  5.68987132E-03  4.50181530E-01
  2.50000000E+00  9.80000000E-02  8.15385999E-01 -4.97190539E-02 -1.16302640E-01  9.99999975E-05  5.52887081E-03  4.65986473E-01
  2.50000000E+00  1.01000000E-01  8.18084577E-01 -4.97619349E-02 -1.16240999E-01  9.99999975E-05  5.37928300E-03  4.81975314E-01
  2.50000000E+00  1.04000000E-01  8.20679515E-01 -4.98028735E-02 -1.16179335E-01  9.99999975E-05  5.24055213E-03  4.98101429E-01
  2.50000000E+00  1.07000000E-01  8.23175029E-01 -4.98420417E-02 -1.16117651E-01  9.99999975E-05  5.11210742E-03  5.14318700E-01
  2.50000000E+00  1.10000000E-01  8.25575369E-01 -4.98795978E-02 -1.16055948E-01  9.99999975E-05  4.99337096E-03  5.30582402E-01
  2.50000000E+00  1.13000000E-01  8.27884778E-01 -4.99156870E-02 -1.15994227E-01  9.99999975E-05  4.88376468E-03  5.46849960E-01
  2.50000000E+00  1.16000000E-01  8.30107470E-01 -4.99504411E-02 -1.15932488E-01  9.99999975E-05  4.78271635E-03  5.63081570E-01
  2.50000000E+00  1.19000000E-01  8.32247598E-01 -4.99839799E-02 -1.15870733E-01  9.99999975E-05  4.68966468E-03  5.79240691E-01
  2.50000000E+00  1.22000000E-01  8.34309234E-01 -5.00164111E-02 -1.15808962E-01  9.99999975E-05  4.60406365E-03  5.95294419E-01
  2.50000000E+00  1.25000000E-01  8.36296352E-01 -5.00478314E-02 -1.15747175E-01  9.99999975E-05  4.52538596E-03  6.11213739E-01
  2.50000000E+00  1.28000000E-01  8.38212805E-01 -5.00783274E-02 -1.15685373E-01  9.99999975E-05  4.45312580E-03  6.26973663E-01
  2.50000000E+00  1.31000000E-01  8.40062319E-01 -5.01079757E-02 -1.15623555E-01  9.99999975E-05  4.38680088E-03  6.42553267E-01
  2.50000000E+00  1.34000000E-01  8.41848476E-01 -5.01368442E-02 -1.15561721E-01  9.99999975E-05  4.32595389E-03  6.57935614E-01
  2.50000000E+00  1.37000000E-01  8.43574713E-01 -5.01649928E-02 -1.15499873E-01  9.99999975E-05  4.27015325E-03  6.73107587E-01
  2.50000000E+00  1.40000000E-01  8.45244312E-01 -5.01924740E-02 -1.15438009E-01  9.99999975E-05  4.21899338E-03  6.88059630E-01
  2.50000000E+00  1.43000000E-01  8.46860402E-01 -5.02193335E-02 -1.15376131E-01  9.99999975E-05  4.17209444E-03  7.02785392E-01
  2.50000000E+00  1.46000000E-01  8.48425958E-01 -5.02456113E-02 -1.15314237E-01  9.99999975E-05  4.12910192E-03  7.17281437E-01
  2.50000000E+00  1.49000000E-01  8.49943792E-01 -5.02713417E-02 -1.15252330E-01  9.99999975E-05  4.08968711E-03  7.31547099E-01
  2.50000000E+00  1.52000000E-01  8.51416573E-01 -5.02965546E-02 -1.15190408E-01  9.99999975E-05  4.05354422E-03  7.45583836E-01
  2.50000000E+00  1.55000000E-01  8.52846819E-01 -5.03212754E-02 -1.15128473E-01  9.99999975E-05  4.02039062E-03  7.59395078E-01
  2.50000000E+00  1.58000000E-01  8.54236900E-01 -5.03455260E-02 -1.15066525E-01  9.99999975E-05  3.98996576E-03  7.72985876E-01
  2.50000000E+00  1.61000000E-01  8.55589049E-01 -5.03693247E-02 -1.15004565E-01  9.99999975E-05  3.96202975E-03  7.86362593E-01
  2.50000000E+00  1.64000000E-01  8.56905363E-01 -5.03926874E-02 -1.14942592E-01  9.99999975E-05  3.93636213E-03  7.99532616E-01
  2.50000000E+00  1.67000000E-01  8.58187812E-01 -5.04156273E-02 -1.14880608E-01  9.99999975E-05  3.91276052E-03  8.12504110E-01
  2.50000000E+00  1.70000000E-01  8.59438244E-01 -5.04381553E-02 -1.14818613E-01  9.99999975E-05  3.89103950E-03  8.25285798E-01
  2.50000000E+00  1.73000000E-01  8.60658392E-01 -5.04602807E-02 -1.14756608E-01  9.99999975E-05  3.87102932E-03  8.37886770E-01
  2.50000000E+00  1.76000000E-01  8.61849879E-01 -5.04820112E-02 -1.14694594E-01  9.99999975E-05  3.85257488E-03  8.50316319E-01
  2.50000000E+00  1.79000000E-01  8.63014224E-01 -5.05033530E-02 -1.14632572E-01  9.99999975E-05  3.83553453E-03  8.62583802E-01
  2.50000000E+00  1.82000000E-01  8.64152848E-01 -5.05243114E-02 -1.14570541E-01  9.99999975E-05  3.81977913E-03  8.74698520E-01
  2.50000000E+00  1.85000000E-01  8.65267081E-01 -5.05448905E-02 -1.14508503E-01  9.99999975E-05  3.80519098E-03  8.86669628E-01
  2.50000000E+00  1.88000000E-01  8.66358166E-01 -5.05650939E-02 -1.14446460E-01  9.99999975E-05  3.79166296E-03  8.98506053E-01
  2.50000000E+00  1.91000000E-01  8.67427266E-01 -5.05849244E-02 -1.14384410E-01  9.99999975E-05  3.77909758E-03  9.10216435E-01
  2.50000000E+00  1.94000000E-01  8.68475467E-01 -5.06043842E-02 -1.14322356E-01  9.99999975E-05  3.76740616E-03  9.21809082E-01
  2.50000000E+00  1.97000000E-01  8.69503785E-01 -5.06234753E-02 -1.14260299E-01  9.99999975E-05  3.75650811E-03  9.33291940E-01
  2.50000000E+00  2.00000000E-01  8.70513172E-01 -5.06421991E-02 -1.14198238E-01  9.99999975E-05  3.74633014E-03  9.44672571E-01
  2.50000000E+00  2.03000000E-01  8.71504514E-01 -5.06605570E-02 -1.14136175E-01  9.99999975E-05  3.73680568E-03  9.55958141E-01
  2.50000000E+00  2.06000000E-01  8.72478646E-01 -5.06785502E-02 -1.14074112E-01  9.99999975E-05  3.72787422E-03  9.67155418E-01
  2.50000000E+00  2.09000000E-01  8.73436344E-01 -5.06961796E-02 -1.14012048E-01  9.99999975E-05  3.71948083E-03  9.78270773E-01
  2.50000000E+00  2.12000000E-01  8.74378338E-01 -5.07134462E-02 -1.13949984E-01  9.99999975E-05  3.71157566E-03  9.89310184E-01
  2.50000000E+00  2.15000000E-01  8.75305309E-01 -5.07303509E-02 -1.13887922E-01  9.99999975E-05  3.70411357E-03  1.00027925E+00
  2.50000000E+00  2.18000000E-01  8.76217893E-01 -5.07468948E-02 -1.13825862E-01  9.99999975E-05  3.69705380E-03  1.01118318E+00
  2.50000000E+00  2.21000000E-01  8.77116688E-01 -5.07630785E-02 -1.13763805E-01  9.99999975E-05  3.69035930E-03  1.02202684E+00
  2.50000000E+00  2.24000000E-01  8.78002257E-01 -5.07789032E-02 -1.13701752E-01  9.99999975E-05  3.68399582E-03  1.03281474E+00
  2.50000000E+00  2.27000000E-01  8.78875126E-01 -5.07943700E-02 -1.13639703E-01  9.99999975E-05  3.67793295E-03  1.04355109E+00
  2.50000000E+00  2.30000000E-01  8.79735788E-01 -5.08094799E-02 -1.13577661E-01  9.99999975E-05  3.67214309E-03  1.05423978E+00
  2.50000000E+00  2.33000000E-01  8.80584705E-01 -5.08242344E-02 -1.13515625E-01  9.99999975E-05  3.66660113E-03  1.06488441E+00
  2.50000000E+00  2.36000000E-01  8.81422314E-01 -5.08386346E-02 -1.13453596E-01  9.99999975E-05  3.66128428E-03  1.07548831E+00
  2.50000000E+00  2.39000000E-01  8.82249023E-01 -5.08526819E-02 -1.13391575E-01  9.99999975E-05  3.65617183E-03  1.08605455E+00
  2.50000000E+00  2.42000000E-01  8.83065218E-01 -5.08663781E-02 -1.13329563E-01  9.99999975E-05  3.65124500E-03  1.09658597E+00
  2.50000000E+00  2.45000000E-01  8.83871262E-01 -5.08797247E-02 -1.13267561E-01  9.99999975E-05  3.64648676E-03  1.10708519E+00
  2.50000000E+00  2.48000000E-01  8.84667496E-01 -5.08927234E-02 -1.13205568E-01  9.99999975E-05  3.64188167E-03  1.11755460E+00
  2.50000000E+00  2.51000000E-01  8.85454243E-01 -5.09053763E-02 -1.13143588E-01  9.99999975E-05  3.63741572E-03  1.12799644E+00
  2.50000000E+00  2.54000000E-01  8.86231806E-01 -5.09176853E-02 -1.13081619E-01  9.99999975E-05  3.63307623E-03  1.13841274E+00
  2.50000000E+00  2.57000000E-01  8.87000473E-01 -5.09296524E-02 -1.13019663E-01  9.99999975E-05  3.62885169E-03  1.14880538E+00
  2.50000000E+00  2.60000000E-01  8.87760515E-01 -5.09412798E-02 -1.12957720E-01  9.99999975E-05  3.62473168E-03  1.15917608E+00
  2.50000000E+00  2.63000000E-01  8.88512188E-01 -5.09525699E-02 -1.12895792E-01  9.99999975E-05  3.62070675E-03  1.16952644E+00
  2.50000000E+00  2.66000000E-01  8.89255735E-01 -5.09635250E-02 -1.12833879E-01  9.99999975E-05  3.61676832E-03  1.17985790E+00
  2.50000000E+00  2.69000000E-01  8.89991386E-01 -5.09741475E-02 -1.12771981E-01  9.99999975E-05  3.61290860E-03  1.19017181E+00
  2.50000000E+00  2.72000000E-01  8.90719359E-01 -5.09844399E-02 -1.12710101E-01  9.99999975E-05  3.60912054E-03  1.20046940E+00
  2.50000000E+00  2.75000000E-01  8.91439862E-01 -5.09944050E-02 -1.12648237E-01  9.99999975E-05  3.60539772E-03  1.21075179E+00
  2.50000000E+00  2.78000000E-01  8.92153091E-01 -5.10040452E-02 -1.12586391E-01  9.99999975E-05  3.60173431E-03  1.22102002E+00
  2.50000000E+00  2.81000000E-01  8.92859233E-01 -5.10133634E-02 -1.12524564E-01  9.99999975E-05  3.59812502E-03  1.23127505E+00
  2.50000000E+00  2.84000000E-01  8.93558467E-01 -5.10223624E-02 -1.12462756E-01  9.99999975E-05  3.59456504E-03  1.24151775E+00
  2.50000000E+00  2.87000000E-01  8.94250961E-01 -5.10310449E-02 -1.12400968E-01  9.99999975E-05  3.59104998E-03  1.25174891E+00
  2.50000000E+00  2.90000000E-01  8.94936877E-01 -5.10394139E-02 -1.12339201E-01  9.99999975E-05  3.58757588E-03  1.26196928E+00
  2.50000000E+00  2.93000000E-01  8.95616371E-01 -5.10474722E-02 -1.12277454E-01  9.99999975E-05  3.58413912E-03  1.27217954E+00
  2.50000000E+00  2.96000000E-01  8.96289589E-01 -5.10552229E-02 -1.12215730E-01  9.99999975E-05  3.58073643E-03  1.28238030E+00
  2.50000000E+00  2.99000000E-01  8.96956671E-01 -5.10626688E-02 -1.12154028E-01  9.99999975E-05  3.57736482E-03  1.29257215E+00
  2.50000000E+00  3.02000000E-01  8.97617753E-01 -5.10698131E-02 -1.12092350E-01  9.99999975E-05  3.57402159E-03  1.30275560E+00
  2.50000000E+00  3.05000000E-01  8.98272964E-01 -5.10766587E-02 -1.12030695E-01  9.99999975E-05  3.57070431E-03  1.31293114E+00
  2.50000000E+00  3.08000000E-01  8.98922427E-01 -5.10832087E-02 -1.11969065E-01  9.99999975E-05  3.56741075E-03  1.32309922E+00
  2.50000000E+00  3.11000000E-01  8.99566261E-01 -5.10894662E-02 -1.11907460E-01  9.99999975E-05  3.56413892E-03  1.33326026E+00
  2.50000000E+00  3.14000000E-01  9.00204579E-01 -5.10954342E-02 -1.11845881E-01  9.99999975E-05  3.56088699E-03  1.34341462E+00
  2.50000000E+00  3.17000000E-01  9.00837490E-01 -5.11011157E-02 -1.11784327E-01  9.99999975E-05  3.55765332E-03  1.35356266E+00
  2.50000000E+00  3.20000000E-01  9.01465100E-01 -5.11065139E-02 -1.11722801E-01  9.99999975E-05  3.55443639E-03  1.36370471E+00
  2.50000000E+00  3.23000000E-01  9.02087509E-01 -5.11116319E-02 -1.11661302E-01  9.99999975E-05  3.55123482E-03  1.37384105E+00
  2.50000000E+00  3.26000000E-01  9.02704816E-01 -5.11164727E-02 -1.11599831E-01  9.99999975E-05  3.54804731E-03  1.38397196E+00
  2.50000000E+00  3.29000000E-01  9.03317115E-01 -5.11210394E-02 -1.11538388E-01  9.99999975E-05  3.54487262E-03  1.39409769E+00
  2.50000000E+00  3.32000000E-01  9.03924496E-01 -5.11253350E-02 -1.11476974E-01  9.99999975E-05  3.54170964E-03  1.40421849E+00
  2.50000000E+00  3.35000000E-01  9.04527046E-01 -5.11293626E-02 -1.11415590E-01  9.99999975E-05  3.53855769E-03  1.41433455E+00
  2.50000000E+00  3.38000000E-01  9.05124850E-01 -5.11331252E-02 -1.11354237E-01  9.99999975E-05  3.53541575E-03  1.42444611E+00
  2.50000000E+00  3.41000000E-01  9.05717990E-01 -5.11366259E-02 -1.11292914E-01  9.99999975E-05  3.53228304E-03  1.43455334E+00
  2.50000000E+00  3.44000000E-01  9.06306545E-01 -5.11398675E-02 -1.11231621E-01  9.99999975E-05  3.52915888E-03  1.44465642E+00
  2.50000000E+00  3.47000000E-01  9.06890591E-01 -5.11428531E-02 -1.11170361E-01  9.99999975E-05  3.52604260E-03  1.45475550E+00
  2.50000000E+00  3.50000000E-01  9.07470202E-01 -5.11455857E-02 -1.11109132E-01  9.99999975E-05  3.52293364E-03  1.46485073E+00
  2.50000000E+00  3.53000000E-01  9.08045450E-01 -5.11480682E-02 -1.11047936E-01  9.99999975E-05  3.51983143E-03  1.47494226E+00
  2.50000000E+00  3.56000000E-01  9.08616404E-01 -5.11503035E-02 -1.10986773E-01  9.99999975E-05  3.51673551E-03  1.48503022E+00
  2.50000000E+00  3.59000000E-01  9.09183133E-01 -5.11522944E-02 -1.10925644E-01  9.99999975E-05  3.51364540E-03  1.49511473E+00
  2.50000000E+00  3.62000000E-01  9.09745702E-01 -5.11540439E-02 -1.10864548E-01  9.99999975E-05  3.51056070E-03  1.50519591E+00
  2.50000000E+00  3.65000000E-01  9.10304174E-01 -5.11555548E-02 -1.10803487E-01  9.99999975E-05  3.50748104E-03  1.51527386E+00
  2.50000000E+00  3.68000000E-01  9.10858613E-01 -5.11568298E-02 -1.10742461E-01  9.99999975E-05  3.50440608E-03  1.52534870E+00
  2.50000000E+00  3.71000000E-01  9.11409077E-01 -5.11578717E-02 -1.10681471E-01  9.99999975E-05  3.50133549E-03  1.53542051E+00
  2.50000000E+00  3.74000000E-01  9.11955626E-01 -5.11586834E-02 -1.10620516E-01  9.99999975E-05  3.49826900E-03  1.54548938E+00
  2.50000000E+00  3.77000000E-01  9.12498318E-01 -5.11592674E-02 -1.10559598E-01  9.99999975E-05  3.49520635E-03  1.55555541E+00
  2.50000000E+00  3.80000000E-01  9.13037207E-01 -5.11596265E-02 -1.10498716E-01  9.99999975E-05  3.49214730E-03  1.56561867E+00
  2.50000000E+00  3.83000000E-01  9.13572348E-01 -5.11597634E-02 -1.10437871E-01  9.99999975E-05  3.48909163E-03  1.57567924E+00
  2.50000000E+00  3.86000000E-01  9.14103794E-01 -5.11596806E-02 -1.10377064E-01  9.99999975E-05  3.48603916E-03  1.58573719E+00
  2.50000000E+00  3.89000000E-01  9.14631597E-01 -5.11593807E-02 -1.10316294E-01  9.99999975E-05  3.48298970E-03  1.59579259E+00
  2.50000000E+00  3.92000000E-01  9.15155806E-01 -5.11588664E-02 -1.10255563E-01  9.99999975E-05  3.47994309E-03  1.60584551E+00
  2.50000000E+00  3.95000000E-01  9.15676472E-01 -5.11581401E-02 -1.10194870E-01  9.99999975E-05  3.47689919E-03  1.61589601E+00
  2.50000000E+00  3.98000000E-01  9.16193641E-01 -5.11572043E-02 -1.10134217E-01  9.99999975E-05  3.47385785E-03  1.62594415E+00
  2.50000000E+00  4.01000000E-01  9.16707361E-01 -5.11560615E-02 -1.10073602E-01  9.99999975E-05  3.47081895E-03  1.63598998E+00
  2.50000000E+00  4.04000000E-01  9.17217678E-01 -5.11547141E-02 -1.10013028E-01  9.99999975E-05  3.46778238E-03  1.64603357E+00
  2.50000000E+00  4.07000000E-01  9.17724637E-01 -5.11531645E-02 -1.09952493E-01  9.99999975E-05  3.46474804E-03  1.65607496E+00
  2.50000000E+00  4.10000000E-01  9.18228280E-01 -5.11514150E-02 -1.09891999E-01  9.99999975E-05  3.46171583E-03  1.66611421E+00
  2.50000000E+00  4.13000000E-01  9.18728652E-01 -5.11494681E-02 -1.09831546E-01  9.99999975E-05  3.45868567E-03  1.67615137E+00
  2.50000000E+00  4.16000000E-01  9.19225794E-01 -5.11473260E-02 -1.09771133E-01  9.99999975E-05  3.45565747E-03  1.68618647E+00
  2.50000000E+00  4.19000000E-01  9.19719748E-01 -5.11449910E-02 -1.09710763E-01  9.99999975E-05  3.45263116E-03  1.69621958E+00
  2.50000000E+00  4.22000000E-01  9.20210552E-01 -5.11424653E-02 -1.09650434E-01  9.99999975E-05  3.44960666E-03  1.70625073E+00
  2.50000000E+00  4.25000000E-01  9.20698248E-01 -5.11397512E-02 -1.09590147E-01  9.99999975E-05  3.44658393E-03  1.71627997E+00
  2.50000000E+00  4.28000000E-01  9.21182873E-01 -5.11368507E-02 -1.09529903E-01  9.99999975E-05  3.44356290E-03  1.72630735E+00
  2.50000000E+00  4.31000000E-01  9.21664465E-01 -5.11337661E-02 -1.09469701E-01  9.99999975E-05  3.44054351E-03  1.73633289E+00
  2.50000000E+00  4.34000000E-01  9.22143061E-01 -5.11304995E-02 -1.09409543E-01  9.99999975E-05  3.43752572E-03  1.74635664E+00
  2.50000000E+00  4.37000000E-01  9.22618698E-01 -5.11270529E-02 -1.09349428E-01  9.99999975E-05  3.43450949E-03  1.75637865E+00
  2.50000000E+00  4.40000000E-01  9.23091412E-01 -5.11234284E-02 -1.09289356E-01  9.99999975E-05  3.43149476E-03  1.76639895E+00
  2.50000000E+00  4.43000000E-01  9.23561236E-01 -5.11196281E-02 -1.09229329E-01  9.99999975E-05  3.42848149E-03  1.77641757E+00
  2.50000000E+00  4.46000000E-01  9.24028207E-01 -5.11156539E-02 -1.09169346E-01  9.99999975E-05  3.42546967E-03  1.78643456E+00
  2.50000000E+00  4.49000000E-01  9.24492356E-01 -5.11115078E-02 -1.09109407E-01  9.99999975E-05  3.42245924E-03  1.79644995E+00
  2.50000000E+00  4.52000000E-01  9.24953718E-01 -5.11071917E-02 -1.09049513E-01  9.99999975E-05  3.41945019E-03  1.80646378E+00
  2.50000000E+00  4.55000000E-01  9.25412324E-01 -5.11027077E-02 -1.08989665E-01  9.99999975E-05  3.41644247E-03  1.81647608E+00
  2.50000000E+00  4.58000000E-01  9.25868207E-01 -5.10980574E-02 -1.08929861E-01  9.99999975E-05  3.41343608E-03  1.82648689E+00
  2.50000000E+00  4.61000000E-01  9.26321398E-01 -5.10932429E-02 -1.08870104E-01  9.99999975E-05  3.41043098E-03  1.83649623E+00
  2.50000000E+00  4.64000000E-01  9.26771927E-01 -5.10882659E-02 -1.08810392E-01  9.99999975E-05  3.40742715E-03  1.84650415E+00
  2.50000000E+00  4.67000000E-01  9.27219824E-01 -5.10831282E-02 -1.08750726E-01  9.99999975E-05  3.40442458E-03  1.85651068E+00
  2.50000000E+00  4.70000000E-01  9.27665120E-01 -5.10778317E-02 -1.08691107E-01  9.99999975E-05  3.40142325E-03  1.86651584E+00
  2.50000000E+00  4.73000000E-01  9.28107843E-01 -5.10723781E-02 -1.08631534E-01  9.99999975E-05  3.39842314E-03  1.87651967E+00
  2.50000000E+00  4.76000000E-01  9.28548021E-01 -5.10667690E-02 -1.08572008E-01  9.99999975E-05  3.39542424E-03  1.88652220E+00
  2.50000000E+00  4.79000000E-01  9.28985683E-01 -5.10610063E-02 -1.08512529E-01  9.99999975E-05  3.39242653E-03  1.89652347E+00
  2.50000000E+00  4.82000000E-01  9.29420857E-01 -5.10550915E-02 -1.08453098E-01  9.99999975E-05  3.38943000E-03  1.90652350E+00
  2.50000000E+00  4.85000000E-01  9.29853570E-01 -5.10490264E-02 -1.08393714E-01  9.99999975E-05  3.38643463E-03  1.91652232E+00
  2.50000000E+00  4.88000000E-01  9.30283848E-01 -5.10428126E-02 -1.08334378E-01  9.99999975E-05  3.38344041E-03  1.92651996E+00
  2.50000000E+00  4.91000000E-01  9.30711717E-01 -5.10364516E-02 -1.08275089E-01  9.99999975E-05  3.38044733E-03  1.93651646E+00
  2.50000000E+00  4.94000000E-01  9.31137204E-01 -5.10299451E-02 -1.08215850E-01  9.99999975E-05  3.37745536E-03  1.94651185E+00
  2.50000000E+00  4.97000000E-01  9.31560335E-01 -5.10232946E-02 -1.08156659E-01  9.99999975E-05  3.37446448E-03  1.95650616E+00
  2.50000000E+00  5.00000000E-01  9.31981134E-01 -5.10165016E-02 -1.08097516E-01  9.99999975E-05  3.37147468E-03  1.96649941E+00
  2.50000000E+00  5.03000000E-01  9.32399625E-01 -5.10095677E-02 -1.08038422E-01  9.99999975E-05  3.36848599E-03  1.97649163E+00
  2.50000000E+00  5.06000000E-01  9.32815832E-01 -5.10024945E-02 -1.07979377E-01  9.99999975E-05  3.36549839E-03  1.98648286E+00
  2.50000000E+00  5.09000000E-01  9.33229781E-01 -5.09952832E-02 -1.07920381E-01  9.99999975E-05  3.36251186E-03  1.99647312E+00
  2.50000000E+00  5.12000000E-01  9.33641494E-01 -5.09879355E-02 -1.07861435E-01  9.99999975E-05  3.35952639E-03  2.00646244E+00
  2.50000000E+00  5.15000000E-01  9.34050994E-01 -5.09804527E-02 -1.07802539E-01  9.99999975E-05  3.35654197E-03  2.01645085E+00
  2.50000000E+00  5.18000000E-01  9.34458303E-01 -5.09728363E-02 -1.07743692E-01  9.99999975E-05  3.35355861E-03  2.02643838E+00
  2.50000000E+00  5.21000000E-01  9.34863446E-01 -5.09650876E-02 -1.07684895E-01  9.99999975E-05  3.35057628E-03  2.03642505E+00
  2.50000000E+00  5.24000000E-01  9.35266442E-01 -5.09572080E-02 -1.07626149E-01  9.99999975E-05  3.34759499E-03  2.04641090E+00
  2.50000000E+00  5.27000000E-01  9.35667315E-01 -5.09491988E-02 -1.07567453E-01  9.99999975E-05  3.34461473E-03  2.05639595E+00
  2.50000000E+00  5.30000000E-01  9.36066085E-01 -5.09410615E-02 -1.07508807E-01  9.99999975E-05  3.34163548E-03  2.06638023E+00
  2.50000000E+00  5.33000000E-01  9.36462773E-01 -5.09327973E-02 -1.07450213E-01  9.99999975E-05  3.33865726E-03  2.07636376E+00
  2.50000000E+00  5.36000000E-01  9.36857401E-01 -5.09244075E-02 -1.07391669E-01  9.99999975E-05  3.33568004E-03  2.08634659E+00
  2.50000000E+00  5.39000000E-01  9.37249988E-01 -5.09158935E-02 -1.07333176E-01  9.99999975E-05  3.33270382E-03  2.09632872E+00
  2.50000000E+00  5.42000000E-01  9.37640555E-01 -5.09072564E-02 -1.07274734E-01  9.99999975E-05  3.32972861E-03  2.10631020E+00
  2.50000000E+00  5.45000000E-01  9.38029121E-01 -5.08984975E-02 -1.07216344E-01  9.99999975E-05  3.32675438E-03  2.11629105E+00
  2.50000000E+00  5.48000000E-01  9.38415707E-01 -5.08896181E-02 -1.07158005E-01  9.99999975E-05  3.32378114E-03  2.12627129E+00
  2.50000000E+00  5.51000000E-01  9.38800331E-01 -5.08806193E-02 -1.07099718E-01  9.99999975E-05  3.32080889E-03  2.13625095E+00
  2.50000000E+00  5.54000000E-01  9.39183012E-01 -5.08715024E-02 -1.07041483E-01  9.99999975E-05  3.31783761E-03  2.14623006E+00
  2.50000000E+00  5.57000000E-01  9.39563769E-01 -5.08622685E-02 -1.06983299E-01  9.99999975E-05  3.31486730E-03  2.15620865E+00
  2.50000000E+00  5.60000000E-01  9.39942621E-01 -5.08529188E-02 -1.06925168E-01  9.99999975E-05  3.31189796E-03  2.16618674E+00
  2.50000000E+00  5.63000000E-01  9.40319585E-01 -5.08434544E-02 -1.06867089E-01  9.99999975E-05  3.30892959E-03  2.17616436E+00
  2.50000000E+00  5.66000000E-01  9.40694680E-01 -5.08338766E-02 -1.06809063E-01  9.99999975E-05  3.30596217E-03  2.18614154E+00
  2.50000000E+00  5.69000000E-01  9.41067923E-01 -5.08241863E-02 -1.06751089E-01  9.99999975E-05  3.30299571E-03  2.19611830E+00
  2.50000000E+00  5.72000000E-01  9.41439332E-01 -5.08143848E-02 -1.06693168E-01  9.99999975E-05  3.30003020E-03  2.20609467E+00
  2.50000000E+00  5.75000000E-01  9.41808923E-01 -5.08044730E-02 -1.06635299E-01  9.99999975E-05  3.29706564E-03  2.21607068E+00
  2.50000000E+00  5.78000000E-01  9.42176714E-01 -5.07944522E-02 -1.06577484E-01  9.99999975E-05  3.29410201E-03  2.22604635E+00
  2.50000000E+00  5.81000000E-01  9.42542721E-01 -5.07843232E-02 -1.06519721E-01  9.99999975E-05  3.29113933E-03  2.23602171E+00
  2.50000000E+00  5.84000000E-01  9.42906961E-01 -5.07740873E-02 -1.06462012E-01  9.99999975E-05  3.28817759E-03  2.24599679E+00
  2.50000000E+00  5.87000000E-01  9.43269449E-01 -5.07637453E-02 -1.06404356E-01  9.99999975E-05  3.28521677E-03  2.25597160E+00
  2.50000000E+00  5.90000000E-01  9.43630203E-01 -5.07532984E-02 -1.06346753E-01  9.99999975E-05  3.28225688E-03  2.26594619E+00
  2.50000000E+00  5.93000000E-01  9.43989238E-01 -5.07427476E-02 -1.06289204E-01  9.99999975E-05  3.27929792E-03  2.27592057E+00
  2.50000000E+00  5.96000000E-01  9.44346569E-01 -5.07320937E-02 -1.06231709E-01  9.99999975E-05  3.27633988E-03  2.28589477E+00
  2.50000000E+00  5.99000000E-01  9.44702212E-01 -5.07213379E-02 -1.06174267E-01  9.99999975E-05  3.27338276E-03  2.29586881E+00
  2.50000000E+00  6.02000000E-01  9.45056182E-01 -5.07104811E-02 -1.06116879E-01  9.99999975E-05  3.27042655E-03  2.30584273E+00
  2.50000000E+00  6.05000000E-01  9.45408494E-01 -5.06995243E-02 -1.06059546E-01  9.99999975E-05  3.26747125E-03  2.31581655E+00
  2.50000000E+00  6.08000000E-01  9.45759162E-01 -5.06884683E-02 -1.06002266E-01  9.99999975E-05  3.26451686E-03  2.32579028E+00
  2.50000000E+00  6.11000000E-01  9.46108201E-01 -5.06773142E-02 -1.05945041E-01  9.99999975E-05  3.26156338E-03  2.33576397E+00
  2.50000000E+00  6.14000000E-01  9.46455626E-01 -5.06660628E-02 -1.05887869E-01  9.99999975E-05  3.25861080E-03  2.34573764E+00
  2.50000000E+00  6.17000000E-01  9.46801451E-01 -5.06547151E-02 -1.05830753E-01  9.99999975E-05  3.25565911E-03  2.35571130E+00
  2.50000000E+00  6.20000000E-01  9.47145690E-01 -5.06432719E-02 -1.05773690E-01  9.99999975E-05  3.25270833E-03  2.36568500E+00
  2.50000000E+00  6.23000000E-01  9.47488356E-01 -5.06317342E-02 -1.05716683E-01  9.99999975E-05  3.24975843E-03  2.37565874E+00
  2.50000000E+00  6.26000000E-01  9.47829463E-01 -5.06201028E-02 -1.05659730E-01  9.99999975E-05  3.24680943E-03  2.38563257E+00
  2.50000000E+00  6.29000000E-01  9.48169025E-01 -5.06083787E-02 -1.05602831E-01  9.99999975E-05  3.24386131E-03  2.39560649E+00
  2.50000000E+00  6.32000000E-01  9.48507055E-01 -5.05965625E-02 -1.05545988E-01  9.99999975E-05  3.24091408E-03  2.40558055E+00
  2.50000000E+00  6.35000000E-01  9.48843567E-01 -5.05846553E-02 -1.05489199E-01  9.99999975E-05  3.23796774E-03  2.41555476E+00
  2.50000000E+00  6.38000000E-01  9.49178572E-01 -5.05726578E-02 -1.05432466E-01  9.99999975E-05  3.23502227E-03  2.42552915E+00
  2.50000000E+00  6.41000000E-01  9.49512084E-01 -5.05605709E-02 -1.05375788E-01  9.99999975E-05  3.23207768E-03  2.43550375E+00
  2.50000000E+00  6.44000000E-01  9.49844115E-01 -5.05483953E-02 -1.05319165E-01  9.99999975E-05  3.22913396E-03  2.44547858E+00
  2.50000000E+00  6.47000000E-01  9.50174679E-01 -5.05361320E-02 -1.05262597E-01  9.99999975E-05  3.22619112E-03  2.45545366E+00
  2.50000000E+00  6.50000000E-01  9.50503786E-01 -5.05237816E-02 -1.05206084E-01  9.99999975E-05  3.22324914E-03  2.46542903E+00
  2.50000000E+00  6.53000000E-01  9.50831450E-01 -5.05113450E-02 -1.05149627E-01  9.99999975E-05  3.22030803E-03  2.47540470E+00
  2.50000000E+00  6.56000000E-01  9.51157683E-01 -5.04988229E-02 -1.05093225E-01  9.99999975E-05  3.21736779E-03  2.48538071E+00
  2.50000000E+00  6.59000000E-01  9.51482496E-01 -5.04862162E-02 -1.05036879E-01  9.99999975E-05  3.21442841E-03  2.49535707E+00
  2.50000000E+00  6.62000000E-01  9.51805900E-01 -5.04735255E-02 -1.04980589E-01  9.99999975E-05  3.21148989E-03  2.50533382E+00
  2.50000000E+00  6.65000000E-01  9.52127909E-01 -5.04607517E-02 -1.04924354E-01  9.99999975E-05  3.20855223E-03  2.51531097E+00
  2.50000000E+00  6.68000000E-01  9.52448532E-01 -5.04478954E-02 -1.04868175E-01  9.99999975E-05  3.20561542E-03  2.52528856E+00
  2.50000000E+00  6.71000000E-01  9.52767782E-01 -5.04349574E-02 -1.04812052E-01  9.99999975E-05  3.20267947E-03  2.53526660E+00
  2.50000000E+00  6.74000000E-01  9.53085669E-01 -5.04219385E-02 -1.04755985E-01  9.99999975E-05  3.19974437E-03  2.54524513E+00
  2.50000000E+00  6.77000000E-01  9.53402205E-01 -5.04088393E-02 -1.04699973E-01  9.99999975E-05  3.19681011E-03  2.55522417E+00
  2.50000000E+00  6.80000000E-01  9.53717400E-01 -5.03956606E-02 -1.04644018E-01  9.99999975E-05  3.19387671E-03  2.56520373E+00
  2.50000000E+00  6.83000000E-01  9.54031265E-01 -5.03824030E-02 -1.04588119E-01  9.99999975E-05  3.19094415E-03  2.57518386E+00
  2.50000000E+00  6.86000000E-01  9.54343811E-01 -5.03690673E-02 -1.04532276E-01  9.99999975E-05  3.18801244E-03  2.58516457E+00
  2.50000000E+00  6.89000000E-01  9.54655048E-01 -5.03556542E-02 -1.04476489E-01  9.99999975E-05  3.18508156E-03  2.59514589E+00
  2.50000000E+00  6.92000000E-01  9.54964986E-01 -5.03421642E-02 -1.04420758E-01  9.99999975E-05  3.18215153E-03  2.60512784E+00
  2.50000000E+00  6.95000000E-01  9.55273637E-01 -5.03285982E-02 -1.04365084E-01  9.99999975E-05  3.17922233E-03  2.61511045E+00
  2.50000000E+00  6.98000000E-01  9.55581010E-01 -5.03149567E-02 -1.04309466E-01  9.99999975E-05  3.17629397E-03  2.62509374E+00
  2.50000000E+00  7.01000000E-01  9.55887114E-01 -5.03012403E-02 -1.04253905E-01  9.99999975E-05  3.17336644E-03  2.63507774E+00
  2.50000000E+00  7.04000000E-01  9.56191961E-01 -5.02874499E-02 -1.04198400E-01  9.99999975E-05  3.17043975E-03  2.64506247E+00
  2.50000000E+00  7.07000000E-01  9.56495559E-01 -5.02735859E-02 -1.04142951E-01  9.99999975E-05  3.16751389E-03  2.65504796E+00
  2.50000000E+00  7.10000000E-01  9.56797919E-01 -5.02596491E-02 -1.04087559E-01  9.99999975E-05  3.16458885E-03  2.66503423E+00
  2.50000000E+00  7.13000000E-01  9.57099049E-01 -5.02456401E-02 -1.04032224E-01  9.99999975E-05  3.16166465E-03  2.67502131E+00
  2.50000000E+00  7.16000000E-01  9.57398960E-01 -5.02315594E-02 -1.03976945E-01  9.99999975E-05  3.15874127E-03  2.68500922E+00
  2.50000000E+00  7.19000000E-01  9.57697661E-01 -5.02174077E-02 -1.03921723E-01  9.99999975E-05  3.15581871E-03  2.69499799E+00
  2.50000000E+00  7.22000000E-01  9.57995161E-01 -5.02031856E-02 -1.03866558E-01  9.99999975E-05  3.15289698E-03  2.70498764E+00
  2.50000000E+00  7.25000000E-01  9.58291468E-01 -5.01888938E-02 -1.03811449E-01  9.99999975E-05  3.14997606E-03  2.71497819E+00
  2.50000000E+00  7.28000000E-01  9.58586593E-01 -5.01745327E-02 -1.03756397E-01  9.99999975E-05  3.14705597E-03  2.72496967E+00
  2.50000000E+00  7.31000000E-01  9.58880544E-01 -5.01601030E-02 -1.03701402E-01  9.99999975E-05  3.14413670E-03  2.73496211E+00
  2.50000000E+00  7.34000000E-01  9.59173330E-01 -5.01456053E-02 -1.03646464E-01  9.99999975E-05  3.14121824E-03  2.74495553E+00
  2.50000000E+00  7.37000000E-01  9.59464959E-01 -5.01310402E-02 -1.03591583E-01  9.99999975E-05  3.13830059E-03  2.75494995E+00
  2.50000000E+00  7.40000000E-01  9.59755441E-01 -5.01164081E-02 -1.03536758E-01  9.99999975E-05  3.13538377E-03  2.76494541E+00
  2.50000000E+00  7.43000000E-01  9.60044783E-01 -5.01017098E-02 -1.03481991E-01  9.99999975E-05  3.13246775E-03  2.77494191E+00
  2.50000000E+00  7.46000000E-01  9.60332995E-01 -5.00869456E-02 -1.03427281E-01  9.99999975E-05  3.12955254E-03  2.78493949E+00
  2.50000000E+00  7.49000000E-01  9.60620084E-01 -5.00721163E-02 -1.03372627E-01  9.99999975E-05  3.12663815E-03  2.79493818E+00
  2.50000000E+00  7.52000000E-01  9.60906059E-01 -5.00572223E-02 -1.03318031E-01  9.99999975E-05  3.12372456E-03  2.80493800E+00
  2.50000000E+00  7.55000000E-01  9.61190928E-01 -5.00422641E-02 -1.03263492E-01  9.99999975E-05  3.12081178E-03  2.81493896E+00
  2.50000000E+00  7.58000000E-01  9.61474698E-01 -5.00272424E-02 -1.03209010E-01  9.99999975E-05  3.11789981E-03  2.82494111E+00
  2.50000000E+00  7.61000000E-01  9.61757379E-01 -5.00121577E-02 -1.03154585E-01  9.99999975E-05  3.11498864E-03  2.83494445E+00
  2.50000000E+00  7.64000000E-01  9.62038978E-01 -4.99970104E-02 -1.03100217E-01  9.99999975E-05  3.11207828E-03  2.84494902E+00
  2.50000000E+00  7.67000000E-01  9.62319502E-01 -4.99818011E-02 -1.03045907E-01  9.99999975E-05  3.10916872E-03  2.85495484E+00
  2.50000000E+00  7.70000000E-01  9.62598960E-01 -4.99665303E-02 -1.02991653E-01  9.99999975E-05  3.10625996E-03  2.86496193E+00
  2.50000000E+00  7.73000000E-01  9.62877359E-01 -4.99511985E-02 -1.02937457E-01  9.99999975E-05  3.10335201E-03  2.87497033E+00
  2.50000000E+00  7.76000000E-01  9.63154707E-01 -4.99358062E-02 -1.02883318E-01  9.99999975E-05  3.10044485E-03  2.88498004E+00
  2.50000000E+00  7.79000000E-01  9.63431010E-01 -4.99203540E-02 -1.02829236E-01  9.99999975E-05  3.09753849E-03  2.89499111E+00
  2.50000000E+00  7.82000000E-01  9.63706277E-01 -4.99048422E-02 -1.02775212E-01  9.99999975E-05  3.09463293E-03  2.90500354E+00
  2.50000000E+00  7.85000000E-01  9.63980515E-01 -4.98892714E-02 -1.02721245E-01  9.99999975E-05  3.09172816E-03  2.91501738E+00
  2.50000000E+00  7.88000000E-01  9.64253731E-01 -4.98736422E-02 -1.02667335E-01  9.99999975E-05  3.08882420E-03  2.92503263E+00
  2.50000000E+00  7.91000000E-01  9.64525933E-01 -4.98579548E-02 -1.02613482E-01  9.99999975E-05  3.08592102E-03  2.93504934E+00
  2.50000000E+00  7.94000000E-01  9.64797126E-01 -4.98422100E-02 -1.02559687E-01  9.99999975E-05  3.08301864E-03  2.94506751E+00
  2.50000000E+00  7.97000000E-01  9.65067319E-01 -4.98264080E-02 -1.02505950E-01  9.99999975E-05  3.08011706E-03  2.95508717E+00
  2.50000000E+00  8.00000000E-01  9.65336519E-01 -4.98105494E-02 -1.02452269E-01  9.99999975E-05  3.07721626E-03  2.96510836E+00
  2.50000000E+00  8.03000000E-01  9.65604731E-01 -4.97946346E-02 -1.02398646E-01  9.99999975E-05  3.07431626E-03  2.97513109E+00
  2.50000000E+00  8.06000000E-01  9.65871964E-01 -4.97786641E-02 -1.02345081E-01  9.99999975E-05  3.07141705E-03  2.98515538E+00
  2.50000000E+00  8.09000000E-01  9.66138223E-01 -4.97626384E-02 -1.02291572E-01  9.99999975E-05  3.06851863E-03  2.99518127E+00
  2.50000000E+00  8.12000000E-01  9.66403515E-01 -4.97465578E-02 -1.02238121E-01  9.99999975E-05  3.06562100E-03  3.00520878E+00
  2.50000000E+00  8.15000000E-01  9.66667848E-01 -4.97304229E-02 -1.02184728E-01  9.99999975E-05  3.06272416E-03  3.01523792E+00
  2.50000000E+00  8.18000000E-01  9.66931227E-01 -4.97142340E-02 -1.02131392E-01  9.99999975E-05  3.05982811E-03  3.02526873E+00
  2.50000000E+00  8.21000000E-01  9.67193659E-01 -4.96979917E-02 -1.02078113E-01  9.99999975E-05  3.05693284E-03  3.03530124E+00
  2.50000000E+00  8.24000000E-01  9.67455150E-01 -4.96816962E-02 -1.02024892E-01  9.99999975E-05  3.05403836E-03  3.04533545E+00
  2.50000000E+00  8.27000000E-01  9.67715707E-01 -4.96653482E-02 -1.01971729E-01  9.99999975E-05  3.05114467E-03  3.05537140E+00
  2.50000000E+00  8.30000000E-01  9.67975336E-01 -4.96489479E-02 -1.01918622E-01  9.99999975E-05  3.04825176E-03  3.06540912E+00
  2.50000000E+00  8.33000000E-01  9.68234043E-01 -4.96324958E-02 -1.01865573E-01  9.99999975E-05  3.04535964E-03  3.07544862E+00
  2.50000000E+00  8.36000000E-01  9.68491834E-01 -4.96159924E-02 -1.01812582E-01  9.99999975E-05  3.04246830E-03  3.08548994E+00
  2.50000000E+00  8.39000000E-01  9.68748716E-01 -4.95994379E-02 -1.01759648E-01  9.99999975E-05  3.03957775E-03  3.09553309E+00
  2.50000000E+00  8.42000000E-01  9.69004694E-01 -4.95828330E-02 -1.01706772E-01  9.99999975E-05  3.03668798E-03  3.10557810E+00
  2.50000000E+00  8.45000000E-01  9.69259775E-01 -4.95661778E-02 -1.01653952E-01  9.99999975E-05  3.03379900E-03  3.11562499E+00
  2.50000000E+00  8.48000000E-01  9.69513963E-01 -4.95494729E-02 -1.01601191E-01  9.99999975E-05  3.03091079E-03  3.12567380E+00
  2.50000000E+00  8.51000000E-01  9.69767266E-01 -4.95327186E-02 -1.01548487E-01  9.99999975E-05  3.02802337E-03  3.13572454E+00
  2.50000000E+00  8.54000000E-01  9.70019688E-01 -4.95159154E-02 -1.01495840E-01  9.99999975E-05  3.02513673E-03  3.14577723E+00
  2.50000000E+00  8.57000000E-01  9.70271236E-01 -4.94990635E-02 -1.01443251E-01  9.99999975E-05  3.02225088E-03  3.15583191E+00
  2.50000000E+00  8.60000000E-01  9.70521916E-01 -4.94821635E-02 -1.01390719E-01  9.99999975E-05  3.01936580E-03  3.16588859E+00
  2.50000000E+00  8.63000000E-01  9.70771732E-01 -4.94652157E-02 -1.01338244E-01  9.99999975E-05  3.01648151E-03  3.17594730E+00
  2.50000000E+00  8.66000000E-01  9.71020690E-01 -4.94482204E-02 -1.01285827E-01  9.99999975E-05  3.01359799E-03  3.18600807E+00
  2.50000000E+00  8.69000000E-01  9.71268797E-01 -4.94311780E-02 -1.01233467E-01  9.99999975E-05  3.01071526E-03  3.19607091E+00
  2.50000000E+00  8.72000000E-01  9.71516057E-01 -4.94140890E-02 -1.01181165E-01  9.99999975E-05  3.00783330E-03  3.20613586E+00
  2.50000000E+00  8.75000000E-01  9.71762475E-01 -4.93969536E-02 -1.01128920E-01  9.99999975E-05  3.00495213E-03  3.21620294E+00
  2.50000000E+00  8.78000000E-01  9.72008058E-01 -4.93797723E-02 -1.01076733E-01  9.99999975E-05  3.00207174E-03  3.22627217E+00
  2.50000000E+00  8.81000000E-01  9.72252810E-01 -4.93625454E-02 -1.01024603E-01  9.99999975E-05  2.99919212E-03  3.23634357E+00
  2.50000000E+00  8.84000000E-01  9.72496737E-01 -4.93452732E-02 -1.00972530E-01  9.99999975E-05  2.99631329E-03  3.24641718E+00
  2.50000000E+00  8.87000000E-01  9.72739843E-01 -4.93279561E-02 -1.00920515E-01  9.99999975E-05  2.99343523E-03  3.25649301E+00
  2.50000000E+00  8.90000000E-01  9.72982134E-01 -4.93105946E-02 -1.00868557E-01  9.99999975E-05  2.99055795E-03  3.26657109E+00
  2.50000000E+00  8.93000000E-01  9.73223616E-01 -4.92931888E-02 -1.00816656E-01  9.99999975E-05  2.98768146E-03  3.27665144E+00
  2.50000000E+00  8.96000000E-01  9.73464293E-01 -4.92757392E-02 -1.00764812E-01  9.99999975E-05  2.98480574E-03  3.28673409E+00
  2.50000000E+00  8.99000000E-01  9.73704169E-01 -4.92582461E-02 -1.00713026E-01  9.99999975E-05  2.98193080E-03  3.29681906E+00
  2.50000000E+00  9.02000000E-01  9.73943251E-01 -4.92407098E-02 -1.00661298E-01  9.99999975E-05  2.97905664E-03  3.30690638E+00
  2.50000000E+00  9.05000000E-01  9.74181543E-01 -4.92231307E-02 -1.00609626E-01  9.99999975E-05  2.97618325E-03  3.31699607E+00
  2.50000000E+00  9.08000000E-01  9.74419050E-01 -4.92055092E-02 -1.00558012E-01  9.99999975E-05  2.97331065E-03  3.32708815E+00
  2.50000000E+00  9.11000000E-01  9.74655776E-01 -4.91878454E-02 -1.00506455E-01  9.99999975E-05  2.97043883E-03  3.33718266E+00
  2.50000000E+00  9.14000000E-01  9.74891727E-01 -4.91701399E-02 -1.00454955E-01  9.99999975E-05  2.96756778E-03  3.34727960E+00
  2.50000000E+00  9.17000000E-01  9.75126906E-01 -4.91523928E-02 -1.00403513E-01  9.99999975E-05  2.96469751E-03  3.35737902E+00
  2.50000000E+00  9.20000000E-01  9.75361320E-01 -4.91346046E-02 -1.00352127E-01  9.99999975E-05  2.96182802E-03  3.36748093E+00
  2.50000000E+00  9.23000000E-01  9.75594972E-01 -4.91167755E-02 -1.00300799E-01  9.99999975E-05  2.95895931E-03  3.37758535E+00
  2.50000000E+00  9.26000000E-01  9.75827867E-01 -4.90989059E-02 -1.00249528E-01  9.99999975E-05  2.95609138E-03  3.38769231E+00
  2.50000000E+00  9.29000000E-01  9.76060010E-01 -4.90809960E-02 -1.00198315E-01  9.99999975E-05  2.95322423E-03  3.39780184E+00
  2.50000000E+00  9.32000000E-01  9.76291405E-01 -4.90630463E-02 -1.00147158E-01  9.99999975E-05  2.95035786E-03  3.40791396E+00
  2.50000000E+00  9.35000000E-01  9.76522056E-01 -4.90450569E-02 -1.00096058E-01  9.99999975E-05  2.94749227E-03  3.41802870E+00
  2.50000000E+00  9.38000000E-01  9.76751968E-01 -4.90270282E-02 -1.00045016E-01  9.99999975E-05  2.94462746E-03  3.42814607E+00
  2.50000000E+00  9.41000000E-01  9.76981146E-01 -4.90089605E-02 -9.99940305E-02  9.99999975E-05  2.94176342E-03  3.43826610E+00
  2.50000000E+00  9.44000000E-01  9.77209593E-01 -4.89908541E-02 -9.99431021E-02  9.99999975E-05  2.93890017E-03  3.44838882E+00
  2.50000000E+00  9.47000000E-01  9.77437315E-01 -4.89727094E-02 -9.98922308E-02  9.99999975E-05  2.93603770E-03  3.45851425E+00
  2.50000000E+00  9.50000000E-01  9.77664315E-01 -4.89545265E-02 -9.98414164E-02  9.99999975E-05  2.93317601E-03  3.46864242E+00
  2.50000000E+00  9.53000000E-01  9.77890597E-01 -4.89363058E-02 -9.97906591E-02  9.99999975E-05  2.93031510E-03  3.47877335E+00
  2.50000000E+00  9.56000000E-01  9.78116166E-01 -4.89180476E-02 -9.97399586E-02  9.99999975E-05  2.92745497E-03  3.48890706E+00
  2.50000000E+00  9.59000000E-01  9.78341026E-01 -4.88997522E-02 -9.96893152E-02  9.99999975E-05  2.92459562E-03  3.49904358E+00
  2.50000000E+00  9.62000000E-01  9.78565181E-01 -4.88814198E-02 -9.96387286E-02  9.99999975E-05  2.92173705E-03  3.50918293E+00
  2.50000000E+00  9.65000000E-01  9.78788635E-01 -4.88630508E-02 -9.95881989E-02  9.99999975E-05  2.91887927E-03  3.51932514E+00
  2.50000000E+00  9.68000000E-01  9.79011393E-01 -4.88446454E-02 -9.95377261E-02  9.99999975E-05  2.91602227E-03  3.52947023E+00
  2.50000000E+00  9.71000000E-01  9.79233457E-01 -4.88262039E-02 -9.94873101E-02  9.99999975E-05  2.91316605E-03  3.53961823E+00
  2.50000000E+00  9.74000000E-01  9.79454832E-01 -4.88077266E-02 -9.94369510E-02  9.99999975E-05  2.91031062E-03  3.54976916E+00
  2.50000000E+00  9.77000000E-01  9.79675523E-01 -4.87892137E-02 -9.93866486E-02  9.99999975E-05  2.90745596E-03  3.55992305E+00
  2.50000000E+00  9.80000000E-01  9.79895533E-01 -4.87706656E-02 -9.93364030E-02  9.99999975E-05  2.90460210E-03  3.57007991E+00
  2.50000000E+00  9.83000000E-01  9.80114865E-01 -4.87520824E-02 -9.92862141E-02  9.99999975E-05  2.90174902E-03  3.58023977E+00
  2.50000000E+00  9.86000000E-01  9.80333524E-01 -4.87334646E-02 -9.92360819E-02  9.99999975E-05  2.89889672E-03  3.59040267E+00
  2.50000000E+00  9.89000000E-01  9.80551513E-01 -4.87148123E-02 -9.91860063E-02  9.99999975E-05  2.89604521E-03  3.60056862E+00
  2.50000000E+00  9.92000000E-01  9.80768837E-01 -4.86961257E-02 -9.91359874E-02  9.99999975E-05  2.89319448E-03  3.61073764E+00
  2.50000000E+00  9.95000000E-01  9.80985499E-01 -4.86774053E-02 -9.90860251E-02  9.99999975E-05  2.89034454E-03  3.62090977E+00
  2.50000000E+00  9.98000000E-01  9.81201502E-01 -4.86586511E-02 -9.90361194E-02  9.99999975E-05  2.88749539E-03  3.63108502E+00
  2.50000000E+00  1.00100000E+00  9.81416851E-01 -4.86398635E-02 -9.89862702E-02  9.99999975E-05  2.88464703E-03  3.64126342E+00
  2.50000000E+00  1.00400000E+00  9.81631549E-01 -4.86210428E-02 -9.89364776E-02  9.99999975E-05  2.88179945E-03  3.65144499E+00
  2.50000000E+00  1.00700000E+00  9.81845599E-01 -4.86021891E-02 -9.88867414E-02  9.99999975E-05  2.87895267E-03  3.66162977E+00
  2.50000000E+00  1.01000000E+00  9.82059006E-01 -4.85833028E-02 -9.88370618E-02  9.99999975E-05  2.87610667E-03  3.67181777E+00
  2.50000000E+00  1.01300000E+00  9.82271772E-01 -4.85643841E-02 -9.87874385E-02  9.99999975E-05  2.87326147E-03  3.68200901E+00
  2.50000000E+00  1.01600000E+00  9.82483902E-01 -4.85454332E-02 -9.87378717E-02  9.99999975E-05  2.87041705E-03  3.69220353E+00
  2.50000000E+00  1.01900000E+00  9.82695398E-01 -4.85264504E-02 -9.86883612E-02  9.99999975E-05  2.86757343E-03  3.70240135E+00
  2.50000000E+00  1.02200000E+00  9.82906265E-01 -4.85074359E-02 -9.86389071E-02  9.99999975E-05  2.86473059E-03  3.71260249E+00
  2.50000000E+00  1.02500000E+00  9.83116505E-01 -4.84883900E-02 -9.85895093E-02  9.99999975E-05  2.86188855E-03  3.72280697E+00
  2.50000000E+00  1.02800000E+00  9.83326122E-01 -4.84693129E-02 -9.85401677E-02  9.99999975E-05  2.85904731E-03  3.73301482E+00
  2.50000000E+00  1.03100000E+00  9.83535120E-01 -4.84502048E-02 -9.84908824E-02  9.99999975E-05  2.85620686E-03  3.74322607E+00
  2.50000000E+00  1.03400000E+00  9.83743501E-01 -4.84310660E-02 -9.84416533E-02  9.99999975E-05  2.85336720E-03  3.75344074E+00
  2.50000000E+00  1.03700000E+00  9.83951269E-01 -4.84118967E-02 -9.83924803E-02  9.99999975E-05  2.85052834E-03  3.76365885E+00
  2.50000000E+00  1.04000000E+00  9.84158428E-01 -4.83926972E-02 -9.83433635E-02  9.99999975E-05  2.84769028E-03  3.77388043E+00
  2.50000000E+00  1.04300000E+00  9.84364980E-01 -4.83734677E-02 -9.82943027E-02  9.99999975E-05  2.84485301E-03  3.78410550E+00
  2.50000000E+00  1.04600000E+00  9.84570929E-01 -4.83542083E-02 -9.82452981E-02  9.99999975E-05  2.84201654E-03  3.79433409E+00
  2.50000000E+00  1.04900000E+00  9.84776279E-01 -4.83349194E-02 -9.81963494E-02  9.99999975E-05  2.83918087E-03  3.80456622E+00
  2.50000000E+00  1.05200000E+00  9.84981031E-01 -4.83156012E-02 -9.81474568E-02  9.99999975E-05  2.83634600E-03  3.81480192E+00
  2.50000000E+00  1.05500000E+00  9.85185190E-01 -4.82962538E-02 -9.80986201E-02  9.99999975E-05  2.83351193E-03  3.82504121E+00
  2.50000000E+00  1.05800000E+00  9.85388758E-01 -4.82768776E-02 -9.80498393E-02  9.99999975E-05  2.83067866E-03  3.83528412E+00
  2.50000000E+00  1.06100000E+00  9.85591739E-01 -4.82574726E-02 -9.80011145E-02  9.99999975E-05  2.82784620E-03  3.84553066E+00
  2.50000000E+00  1.06400000E+00  9.85794135E-01 -4.82380392E-02 -9.79524454E-02  9.99999975E-05  2.82501454E-03  3.85578087E+00
  2.50000000E+00  1.06700000E+00  9.85995951E-01 -4.82185776E-02 -9.79038322E-02  9.99999975E-05  2.82218368E-03  3.86603477E+00
  2.50000000E+00  1.07000000E+00  9.86197188E-01 -4.81990880E-02 -9.78552747E-02  9.99999975E-05  2.81935363E-03  3.87629239E+00
  2.50000000E+00  1.07300000E+00  9.86397850E-01 -4.81795705E-02 -9.78067730E-02  9.99999975E-05  2.81652438E-03  3.88655374E+00
  2.50000000E+00  1.07600000E+00  9.86597939E-01 -4.81600255E-02 -9.77583270E-02  9.99999975E-05  2.81369594E-03  3.89681886E+00
  2.50000000E+00  1.07900000E+00  9.86797459E-01 -4.81404530E-02 -9.77099366E-02  9.99999975E-05  2.81086831E-03  3.90708776E+00
  2.50000000E+00  1.08200000E+00  9.86996413E-01 -4.81208534E-02 -9.76616019E-02  9.99999975E-05  2.80804148E-03  3.91736048E+00
  2.50000000E+00  1.08500000E+00  9.87194803E-01 -4.81012268E-02 -9.76133227E-02  9.99999975E-05  2.80521547E-03  3.92763703E+00
  2.50000000E+00  1.08800000E+00  9.87392633E-01 -4.80815734E-02 -9.75650991E-02  9.99999975E-05  2.80239027E-03  3.93791744E+00
  2.50000000E+00  1.09100000E+00  9.87589905E-01 -4.80618935E-02 -9.75169309E-02  9.99999975E-05  2.79956588E-03  3.94820175E+00
  2.50000000E+00  1.09400000E+00  9.87786622E-01 -4.80421873E-02 -9.74688182E-02  9.99999975E-05  2.79674230E-03  3.95848996E+00
  2.50000000E+00  1.09700000E+00  9.87982787E-01 -4.80224548E-02 -9.74207610E-02  9.99999975E-05  2.79391954E-03  3.96878211E+00
  2.50000000E+00  1.10000000E+00  9.88178403E-01 -4.80026964E-02 -9.73727591E-02  9.99999975E-05  2.79109759E-03  3.97907822E+00
  2.50000000E+00  1.10300000E+00  9.88373472E-01 -4.79829123E-02 -9.73248126E-02  9.99999975E-05  2.78827646E-03  3.98937831E+00
  2.50000000E+00  1.10600000E+00  9.88567997E-01 -4.79631026E-02 -9.72769213E-02  9.99999975E-05  2.78545614E-03  3.99968241E+00
  2.50000000E+00  1.10900000E+00  9.88761981E-01 -4.79432675E-02 -9.72290853E-02  9.99999975E-05  2.78263665E-03  4.00999055E+00
  2.50000000E+00  1.11200000E+00  9.88955427E-01 -4.79234073E-02 -9.71813046E-02  9.99999975E-05  2.77981797E-03  4.02030275E+00
  2.50000000E+00  1.11500000E+00  9.89148337E-01 -4.79035221E-02 -9.71335790E-02  9.99999975E-05  2.77700011E-03  4.03061903E+00
  2.50000000E+00  1.11800000E+00  9.89340714E-01 -4.78836120E-02 -9.70859085E-02  9.99999975E-05  2.77418308E-03  4.04093942E+00
  2.50000000E+00  1.12100000E+00  9.89532560E-01 -4.78636774E-02 -9.70382931E-02  9.99999975E-05  2.77136687E-03  4.05126394E+00
  2.50000000E+00  1.12400000E+00  9.89723879E-01 -4.78437184E-02 -9.69907328E-02  9.99999975E-05  2.76855148E-03  4.06159262E+00
  2.50000000E+00  1.12700000E+00  9.89914673E-01 -4.78237352E-02 -9.69432274E-02  9.99999975E-05  2.76573692E-03  4.07192549E+00
  2.50000000E+00  1.13000000E+00  9.90104944E-01 -4.78037279E-02 -9.68957771E-02  9.99999975E-05  2.76292319E-03  4.08226256E+00
  2.50000000E+00  1.13300000E+00  9.90294695E-01 -4.77836968E-02 -9.68483816E-02  9.99999975E-05  2.76011028E-03  4.09260386E+00
  2.50000000E+00  1.13600000E+00  9.90483928E-01 -4.77636420E-02 -9.68010410E-02  9.99999975E-05  2.75729820E-03  4.10294943E+00
  2.50000000E+00  1.13900000E+00  9.90672647E-01 -4.77435637E-02 -9.67537553E-02  9.99999975E-05  2.75448696E-03  4.11329927E+00
  2.50000000E+00  1.14200000E+00  9.90860853E-01 -4.77234621E-02 -9.67065243E-02  9.99999975E-05  2.75167654E-03  4.12365342E+00
  2.50000000E+00  1.14500000E+00  9.91048549E-01 -4.77033373E-02 -9.66593481E-02  9.99999975E-05  2.74886696E-03  4.13401190E+00
  2.50000000E+00  1.14800000E+00  9.91235737E-01 -4.76831896E-02 -9.66122265E-02  9.99999975E-05  2.74605821E-03  4.14437474E+00
  2.50000000E+00  1.15100000E+00  9.91422420E-01 -4.76630192E-02 -9.65651597E-02  9.99999975E-05  2.74325030E-03  4.15474196E+00
  2.50000000E+00  1.15400000E+00  9.91608600E-01 -4.76428261E-02 -9.65181474E-02  9.99999975E-05  2.74044323E-03  4.16511358E+00
  2.50000000E+00  1.15700000E+00  9.91794281E-01 -4.76226106E-02 -9.64711897E-02  9.99999975E-05  2.73763699E-03  4.17548964E+00
  2.50000000E+00  1.16000000E+00  9.91979463E-01 -4.76023729E-02 -9.64242865E-02  9.99999975E-05  2.73483159E-03  4.18587015E+00
  2.50000000E+00  1.16300000E+00  9.92164149E-01 -4.75821131E-02 -9.63774378E-02  9.99999975E-05  2.73202704E-03  4.19625515E+00
  2.50000000E+00  1.16600000E+00  9.92348343E-01 -4.75618313E-02 -9.63306436E-02  9.99999975E-05  2.72922332E-03  4.20664465E+00
  2.50000000E+00  1.16900000E+00  9.92532045E-01 -4.75415278E-02 -9.62839037E-02  9.99999975E-05  2.72642045E-03  4.21703868E+00
  2.50000000E+00  1.17200000E+00  9.92715259E-01 -4.75212028E-02 -9.62372181E-02  9.99999975E-05  2.72361843E-03  4.22743726E+00
  2.50000000E+00  1.17500000E+00  9.92897987E-01 -4.75008563E-02 -9.61905869E-02  9.99999975E-05  2.72081725E-03  4.23784042E+00
  2.50000000E+00  1.17800000E+00  9.93080231E-01 -4.74804886E-02 -9.61440099E-02  9.99999975E-05  2.71801692E-03  4.24824819E+00
  2.50000000E+00  1.18100000E+00  9.93261993E-01 -4.74600998E-02 -9.60974871E-02  9.99999975E-05  2.71521744E-03  4.25866059E+00
  2.50000000E+00  1.18400000E+00  9.93443275E-01 -4.74396901E-02 -9.60510185E-02  9.99999975E-05  2.71241881E-03  4.26907765E+00
  2.50000000E+00  1.18700000E+00  9.93624080E-01 -4.74192597E-02 -9.60046039E-02  9.99999975E-05  2.70962103E-03  4.27949938E+00
  2.50000000E+00  1.19000000E+00  9.93804410E-01 -4.73988086E-02 -9.59582435E-02  9.99999975E-05  2.70682411E-03  4.28992582E+00
  2.50000000E+00  1.19300000E+00  9.93984268E-01 -4.73783371E-02 -9.59119370E-02  9.99999975E-05  2.70402804E-03  4.30035699E+00
  2.50000000E+00  1.19600000E+00  9.94163654E-01 -4.73578454E-02 -9.58656845E-02  9.99999975E-05  2.70123283E-03  4.31079292E+00
  2.50000000E+00  1.19900000E+00  9.94342572E-01 -4.73373335E-02 -9.58194860E-02  9.99999975E-05  2.69843848E-03  4.32123362E+00
  2.50000000E+00  1.20200000E+00  9.94521024E-01 -4.73168016E-02 -9.57733413E-02  9.99999975E-05  2.69564499E-03  4.33167913E+00
  2.50000000E+00  1.20500000E+00  9.94699011E-01 -4.72962500E-02 -9.57272504E-02  9.99999975E-05  2.69285236E-03  4.34212947E+00
  2.50000000E+00  1.20800000E+00  9.94876536E-01 -4.72756787E-02 -9.56812133E-02  9.99999975E-05  2.69006059E-03  4.35258466E+00
  2.50000000E+00  1.21100000E+00  9.95053601E-01 -4.72550879E-02 -9.56352300E-02  9.99999975E-05  2.68726969E-03  4.36304473E+00
  2.50000000E+00  1.21400000E+00  9.95230208E-01 -4.72344778E-02 -9.55893003E-02  9.99999975E-05  2.68447966E-03  4.37350971E+00
  2.50000000E+00  1.21700000E+00  9.95406359E-01 -4.72138484E-02 -9.55434242E-02  9.99999975E-05  2.68169049E-03  4.38397961E+00
  2.50000000E+00  1.22000000E+00  9.95582056E-01 -4.71932001E-02 -9.54976017E-02  9.99999975E-05  2.67890219E-03  4.39445447E+00
  2.50000000E+00  1.22300000E+00  9.95757302E-01 -4.71725328E-02 -9.54518327E-02  9.99999975E-05  2.67611477E-03  4.40493432E+00
  2.50000000E+00  1.22600000E+00  9.95932097E-01 -4.71518468E-02 -9.54061173E-02  9.99999975E-05  2.67332821E-03  4.41541916E+00
  2.50000000E+00  1.22900000E+00  9.96106445E-01 -4.71311422E-02 -9.53604553E-02  9.99999975E-05  2.67054253E-03  4.42590904E+00
  2.50000000E+00  1.23200000E+00  9.96280347E-01 -4.71104191E-02 -9.53148467E-02  9.99999975E-05  2.66775773E-03  4.43640397E+00
  2.50000000E+00  1.23500000E+00  9.96453805E-01 -4.70896777E-02 -9.52692914E-02  9.99999975E-05  2.66497381E-03  4.44690398E+00
  2.50000000E+00  1.23800000E+00  9.96626821E-01 -4.70689181E-02 -9.52237894E-02  9.99999975E-05  2.66219076E-03  4.45740909E+00
  2.50000000E+00  1.24100000E+00  9.96799398E-01 -4.70481406E-02 -9.51783407E-02  9.99999975E-05  2.65940860E-03  4.46791934E+00
  2.50000000E+00  1.24400000E+00  9.96971536E-01 -4.70273451E-02 -9.51329451E-02  9.99999975E-05  2.65662732E-03  4.47843474E+00
  2.50000000E+00  1.24700000E+00  9.97143238E-01 -4.70065319E-02 -9.50876027E-02  9.99999975E-05  2.65384693E-03  4.48895532E+00
  2.50000000E+00  1.25000000E+00  9.97314506E-01 -4.69857011E-02 -9.50423134E-02  9.99999975E-05  2.65106742E-03  4.49948111E+00
  2.50000000E+00  1.25300000E+00  9.97485342E-01 -4.69648529E-02 -9.49970771E-02  9.99999975E-05  2.64828880E-03  4.51001212E+00
  2.50000000E+00  1.25600000E+00  9.97655747E-01 -4.69439873E-02 -9.49518938E-02  9.99999975E-05  2.64551107E-03  4.52054840E+00
  2.50000000E+00  1.25900000E+00  9.97825724E-01 -4.69231045E-02 -9.49067634E-02  9.99999975E-05  2.64273423E-03  4.53108995E+00
  2.50000000E+00  1.26200000E+00  9.97995274E-01 -4.69022047E-02 -9.48616860E-02  9.99999975E-05  2.63995829E-03  4.54163681E+00
  2.50000000E+00  1.26500000E+00  9.98164399E-01 -4.68812880E-02 -9.48166614E-02  9.99999975E-05  2.63718324E-03  4.55218900E+00
  2.50000000E+00  1.26800000E+00  9.98333101E-01 -4.68603545E-02 -9.47716896E-02  9.99999975E-05  2.63440909E-03  4.56274654E+00
  2.50000000E+00  1.27100000E+00  9.98501382E-01 -4.68394043E-02 -9.47267705E-02  9.99999975E-05  2.63163584E-03  4.57330947E+00
  2.50000000E+00  1.27400000E+00  9.98669243E-01 -4.68184377E-02 -9.46819041E-02  9.99999975E-05  2.62886349E-03  4.58387781E+00
  2.50000000E+00  1.27700000E+00  9.98836687E-01 -4.67974546E-02 -9.46370904E-02  9.99999975E-05  2.62609205E-03  4.59445157E+00
  2.50000000E+00  1.28000000E+00  9.99003714E-01 -4.67764553E-02 -9.45923292E-02  9.99999975E-05  2.62332151E-03  4.60503079E+00
  2.50000000E+00  1.28300000E+00  9.99170328E-01 -4.67554399E-02 -9.45476206E-02  9.99999975E-05  2.62055187E-03  4.61561550E+00
  2.50000000E+00  1.28600000E+00  9.99336530E-01 -4.67344085E-02 -9.45029645E-02  9.99999975E-05  2.61778315E-03  4.62620571E+00
  2.50000000E+00  1.28900000E+00  9.99502320E-01 -4.67133613E-02 -9.44583608E-02  9.99999975E-05  2.61501534E-03  4.63680145E+00
  2.50000000E+00  1.29200000E+00  9.99667702E-01 -4.66922983E-02 -9.44138095E-02  9.99999975E-05  2.61224843E-03  4.64740276E+00
  2.50000000E+00  1.29500000E+00  9.99832677E-01 -4.66712197E-02 -9.43693105E-02  9.99999975E-05  2.60948245E-03  4.65800964E+00
  2.50000000E+00  1.29800000E+00  9.99997246E-01 -4.66501256E-02 -9.43248639E-02  9.99999975E-05  2.60671738E-03  4.66862213E+00
  2.50000000E+00  1.30100000E+00  1.00016141E+00 -4.66290161E-02 -9.42804694E-02  9.99999975E-05  2.60395323E-03  4.67924026E+00
  2.50000000E+00  1.30400000E+00  1.00032517E+00 -4.66078914E-02 -9.42361272E-02  9.99999975E-05  2.60119000E-03  4.68986404E+00
  2.50000000E+00  1.30700000E+00  1.00048854E+00 -4.65867517E-02 -9.41918370E-02  9.99999975E-05  2.59842769E-03  4.70049351E+00
  2.50000000E+00  1.31000000E+00  1.00065150E+00 -4.65655969E-02 -9.41475990E-02  9.99999975E-05  2.59566630E-03  4.71112869E+00
  2.50000000E+00  1.31300000E+00  1.00081407E+00 -4.65444272E-02 -9.41034129E-02  9.99999975E-05  2.59290585E-03  4.72176960E+00
  2.50000000E+00  1.31600000E+00  1.00097624E+00 -4.65232429E-02 -9.40592788E-02  9.99999975E-05  2.59014632E-03  4.73241627E+00
  2.50000000E+00  1.31900000E+00  1.00113801E+00 -4.65020439E-02 -9.40151967E-02  9.99999975E-05  2.58738772E-03  4.74306873E+00
  2.50000000E+00  1.32200000E+00  1.00129940E+00 -4.64808303E-02 -9.39711664E-02  9.99999975E-05  2.58463006E-03  4.75372699E+00
  2.50000000E+00  1.32500000E+00  1.00146039E+00 -4.64596024E-02 -9.39271880E-02  9.99999975E-05  2.58187333E-03  4.76439109E+00
  2.50000000E+00  1.32800000E+00  1.00162100E+00 -4.64383603E-02 -9.38832612E-02  9.99999975E-05  2.57911754E-03  4.77506105E+00
  2.50000000E+00  1.33100000E+00  1.00178122E+00 -4.64171040E-02 -9.38393863E-02  9.99999975E-05  2.57636268E-03  4.78573690E+00
  2.50000000E+00  1.33400000E+00  1.00194105E+00 -4.63958336E-02 -9.37955629E-02  9.99999975E-05  2.57360877E-03  4.79641866E+00
  2.50000000E+00  1.33700000E+00  1.00210049E+00 -4.63745493E-02 -9.37517912E-02  9.99999975E-05  2.57085580E-03  4.80710635E+00
  2.50000000E+00  1.34000000E+00  1.00225956E+00 -4.63532513E-02 -9.37080710E-02  9.99999975E-05  2.56810378E-03  4.81780001E+00
  2.50000000E+00  1.34300000E+00  1.00241824E+00 -4.63319395E-02 -9.36644023E-02  9.99999975E-05  2.56535271E-03  4.82849965E+00
  2.50000000E+00  1.34600000E+00  1.00257654E+00 -4.63106142E-02 -9.36207851E-02  9.99999975E-05  2.56260258E-03  4.83920531E+00
  2.50000000E+00  1.34900000E+00  1.00273446E+00 -4.62892753E-02 -9.35772193E-02  9.99999975E-05  2.55985341E-03  4.84991700E+00
  2.50000000E+00  1.35200000E+00  1.00289201E+00 -4.62679232E-02 -9.35337048E-02  9.99999975E-05  2.55710519E-03  4.86063476E+00
  2.50000000E+00  1.35500000E+00  1.00304918E+00 -4.62465578E-02 -9.34902416E-02  9.99999975E-05  2.55435793E-03  4.87135860E+00
  2.50000000E+00  1.35800000E+00  1.00320598E+00 -4.62251792E-02 -9.34468296E-02  9.99999975E-05  2.55161162E-03  4.88208856E+00
  2.50000000E+00  1.36100000E+00  1.00336241E+00 -4.62037877E-02 -9.34034688E-02  9.99999975E-05  2.54886628E-03  4.89282465E+00
  2.50000000E+00  1.36400000E+00  1.00351846E+00 -4.61823832E-02 -9.33601591E-02  9.99999975E-05  2.54612190E-03  4.90356691E+00
  2.50000000E+00  1.36700000E+00  1.00367415E+00 -4.61609659E-02 -9.33169005E-02  9.99999975E-05  2.54337848E-03  4.91431536E+00
  2.50000000E+00  1.37000000E+00  1.00382946E+00 -4.61395360E-02 -9.32736930E-02  9.99999975E-05  2.54063604E-03  4.92507002E+00
  2.50000000E+00  1.37300000E+00  1.00398441E+00 -4.61180934E-02 -9.32305364E-02  9.99999975E-05  2.53789456E-03  4.93583093E+00
  2.50000000E+00  1.37600000E+00  1.00413900E+00 -4.60966383E-02 -9.31874307E-02  9.99999975E-05  2.53515406E-03  4.94659809E+00
  2.50000000E+00  1.37900000E+00  1.00429322E+00 -4.60751709E-02 -9.31443759E-02  9.99999975E-05  2.53241453E-03  4.95737155E+00
  2.50000000E+00  1.38200000E+00  1.00444707E+00 -4.60536912E-02 -9.31013719E-02  9.99999975E-05  2.52967597E-03  4.96815133E+00
  2.50000000E+00  1.38500000E+00  1.00460057E+00 -4.60321993E-02 -9.30584187E-02  9.99999975E-05  2.52693840E-03  4.97893745E+00
  2.50000000E+00  1.38800000E+00  1.00475371E+00 -4.60106954E-02 -9.30155161E-02  9.99999975E-05  2.52420181E-03  4.98972993E+00
  2.50000000E+00  1.39100000E+00  1.00490649E+00 -4.59891795E-02 -9.29726642E-02  9.99999975E-05  2.52146620E-03  5.00052880E+00
  2.50000000E+00  1.39400000E+00  1.00505891E+00 -4.59676517E-02 -9.29298629E-02  9.99999975E-05  2.51873158E-03  5.01133410E+00
  2.50000000E+00  1.39700000E+00  1.00521098E+00 -4.59461122E-02 -9.28871122E-02  9.99999975E-05  2.51599794E-03  5.02214583E+00
  2.50000000E+00  1.40000000E+00  1.00536269E+00 -4.59245610E-02 -9.28444119E-02  9.99999975E-05  2.51326530E-03  5.03296403E+00
  2.50000000E+00  1.40300000E+00  1.00551405E+00 -4.59029983E-02 -9.28017621E-02  9.99999975E-05  2.51053365E-03  5.04378873E+00
  2.50000000E+00  1.40600000E+00  1.00566506E+00 -4.58814241E-02 -9.27591626E-02  9.99999975E-05  2.50780300E-03  5.05461995E+00
  2.50000000E+00  1.40900000E+00  1.00581571E+00 -4.58598385E-02 -9.27166135E-02  9.99999975E-05  2.50507335E-03  5.06545770E+00
  2.50000000E+00  1.41200000E+00  1.00596602E+00 -4.58382417E-02 -9.26741146E-02  9.99999975E-05  2.50234469E-03  5.07630203E+00
  2.50000000E+00  1.41500000E+00  1.00611598E+00 -4.58166337E-02 -9.26316660E-02  9.99999975E-05  2.49961704E-03  5.08715295E+00
  2.50000000E+00  1.41800000E+00  1.00626560E+00 -4.57950146E-02 -9.25892675E-02  9.99999975E-05  2.49689040E-03  5.09801050E+00
  2.50000000E+00  1.42100000E+00  1.00641487E+00 -4.57733846E-02 -9.25469191E-02  9.99999975E-05  2.49416476E-03  5.10887468E+00
  2.50000000E+00  1.42400000E+00  1.00656379E+00 -4.57517437E-02 -9.25046208E-02  9.99999975E-05  2.49144013E-03  5.11974554E+00
  2.50000000E+00  1.42700000E+00  1.00671237E+00 -4.57300920E-02 -9.24623725E-02  9.99999975E-05  2.48871652E-03  5.13062310E+00
  2.50000000E+00  1.43000000E+00  1.00686061E+00 -4.57084296E-02 -9.24201741E-02  9.99999975E-05  2.48599392E-03  5.14150737E+00
  2.50000000E+00  1.43300000E+00  1.00700852E+00 -4.56867567E-02 -9.23780256E-02  9.99999975E-05  2.48327234E-03  5.15239839E+00
  2.50000000E+00  1.43600000E+00  1.00715608E+00 -4.56650732E-02 -9.23359270E-02  9.99999975E-05  2.48055179E-03  5.16329619E+00
  2.50000000E+00  1.43900000E+00  1.00730330E+00 -4.56433793E-02 -9.22938781E-02  9.99999975E-05  2.47783225E-03  5.17420078E+00
  2.50000000E+00  1.44200000E+00  1.00745019E+00 -4.56216752E-02 -9.22518789E-02  9.99999975E-05  2.47511374E-03  5.18511219E+00
  2.50000000E+00  1.44500000E+00  1.00759674E+00 -4.55999608E-02 -9.22099295E-02  9.99999975E-05  2.47239626E-03  5.19603045E+00
  2.50000000E+00  1.44800000E+00  1.00774296E+00 -4.55782362E-02 -9.21680296E-02  9.99999975E-05  2.46967981E-03  5.20695559E+00
  2.50000000E+00  1.45100000E+00  1.00788885E+00 -4.55565017E-02 -9.21261794E-02  9.99999975E-05  2.46696440E-03  5.21788762E+00
  2.50000000E+00  1.45400000E+00  1.00803441E+00 -4.55347571E-02 -9.20843786E-02  9.99999975E-05  2.46425002E-03  5.22882657E+00
  2.50000000E+00  1.45700000E+00  1.00817963E+00 -4.55130028E-02 -9.20426273E-02  9.99999975E-05  2.46153668E-03  5.23977248E+00
  2.50000000E+00  1.46000000E+00  1.00832453E+00 -4.54912386E-02 -9.20009254E-02  9.99999975E-05  2.45882438E-03  5.25072536E+00
  2.50000000E+00  1.46300000E+00  1.00846909E+00 -4.54694648E-02 -9.19592728E-02  9.99999975E-05  2.45611312E-03  5.26168524E+00
  2.50000000E+00  1.46600000E+00  1.00861333E+00 -4.54476814E-02 -9.19176696E-02  9.99999975E-05  2.45340291E-03  5.27265214E+00
  2.50000000E+00  1.46900000E+00  1.00875725E+00 -4.54258884E-02 -9.18761156E-02  9.99999975E-05  2.45069376E-03  5.28362609E+00
  2.50000000E+00  1.47200000E+00  1.00890084E+00 -4.54040861E-02 -9.18346107E-02  9.99999975E-05  2.44798565E-03  5.29460712E+00
  2.50000000E+00  1.47500000E+00  1.00904410E+00 -4.53822744E-02 -9.17931550E-02  9.99999975E-05  2.44527860E-03  5.30559525E+00
  2.50000000E+00  1.47800000E+00  1.00918705E+00 -4.53604534E-02 -9.17517483E-02  9.99999975E-05  2.44257260E-03  5.31659050E+00
  2.50000000E+00  1.48100000E+00  1.00932967E+00 -4.53386233E-02 -9.17103907E-02  9.99999975E-05  2.43986767E-03  5.32759291E+00
  2.50000000E+00  1.48400000E+00  1.00947198E+00 -4.53167842E-02 -9.16690820E-02  9.99999975E-05  2.43716380E-03  5.33860249E+00
  2.50000000E+00  1.48700000E+00  1.00961396E+00 -4.52949360E-02 -9.16278222E-02  9.99999975E-05  2.43446100E-03  5.34961927E+00
  2.50000000E+00  1.49000000E+00  1.00975563E+00 -4.52730789E-02 -9.15866113E-02  9.99999975E-05  2.43175926E-03  5.36064328E+00
  2.50000000E+00  1.49300000E+00  1.00989698E+00 -4.52512130E-02 -9.15454492E-02  9.99999975E-05  2.42905860E-03  5.37167455E+00
  2.50000000E+00  1.49600000E+00  1.01003801E+00 -4.52293383E-02 -9.15043359E-02  9.99999975E-05  2.42635901E-03  5.38271309E+00
  2.50000000E+00  1.49900000E+00  1.01017873E+00 -4.52074550E-02 -9.14632712E-02  9.99999975E-05  2.42366050E-03  5.39375893E+00
  2.50000000E+00  1.50200000E+00  1.01031913E+00 -4.51855630E-02 -9.14222552E-02  9.99999975E-05  2.42096306E-03  5.40481210E+00
  2.50000000E+00  1.50500000E+00  1.01045923E+00 -4.51636626E-02 -9.13812877E-02  9.99999975E-05  2.41826671E-03  5.41587262E+00
  2.50000000E+00  1.50800000E+00  1.01059901E+00 -4.51417538E-02 -9.13403688E-02  9.99999975E-05  2.41557145E-03  5.42694052E+00
  2.50000000E+00  1.51100000E+00  1.01073848E+00 -4.51198366E-02 -9.12994984E-02  9.99999975E-05  2.41287727E-03  5.43801582E+00
  2.50000000E+00  1.51400000E+00  1.01087764E+00 -4.50979112E-02 -9.12586763E-02  9.99999975E-05  2.41018419E-03  5.44909855E+00
  2.50000000E+00  1.51700000E+00  1.01101650E+00 -4.50759775E-02 -9.12179026E-02  9.99999975E-05  2.40749220E-03  5.46018873E+00
  2.50000000E+00  1.52000000E+00  1.01115504E+00 -4.50540358E-02 -9.11771773E-02  9.99999975E-05  2.40480130E-03  5.47128640E+00
  2.50000000E+00  1.52300000E+00  1.01129329E+00 -4.50320860E-02 -9.11365001E-02  9.99999975E-05  2.40211151E-03  5.48239156E+00
  2.50000000E+00  1.52600000E+00  1.01143122E+00 -4.50101283E-02 -9.10958712E-02  9.99999975E-05  2.39942282E-03  5.49350426E+00
  2.50000000E+00  1.52900000E+00  1.01156885E+00 -4.49881627E-02 -9.10552904E-02  9.99999975E-05  2.39673523E-03  5.50462450E+00
  2.50000000E+00  1.53200000E+00  1.01170618E+00 -4.49661893E-02 -9.10147577E-02  9.99999975E-05  2.39404876E-03  5.51575233E+00
  2.50000000E+00  1.53500000E+00  1.01184321E+00 -4.49442082E-02 -9.09742731E-02  9.99999975E-05  2.39136339E-03  5.52688776E+00
  2.50000000E+00  1.53800000E+00  1.01197993E+00 -4.49222195E-02 -9.09338364E-02  9.99999975E-05  2.38867914E-03  5.53803082E+00
  2.50000000E+00  1.54100000E+00  1.01211636E+00 -4.49002232E-02 -9.08934476E-02  9.99999975E-05  2.38599601E-03  5.54918153E+00
  2.50000000E+00  1.54400000E+00  1.01225248E+00 -4.48782194E-02 -9.08531067E-02  9.99999975E-05  2.38331400E-03  5.56033992E+00
  2.50000000E+00  1.54700000E+00  1.01238831E+00 -4.48562081E-02 -9.08128136E-02  9.99999975E-05  2.38063311E-03  5.57150602E+00
  2.50000000E+00  1.55000000E+00  1.01252384E+00 -4.48341896E-02 -9.07725683E-02  9.99999975E-05  2.37795335E-03  5.58267984E+00
  2.50000000E+00  1.55300000E+00  1.01265907E+00 -4.48121637E-02 -9.07323707E-02  9.99999975E-05  2.37527471E-03  5.59386142E+00
  2.50000000E+00  1.55600000E+00  1.01279401E+00 -4.47901307E-02 -9.06922207E-02  9.99999975E-05  2.37259722E-03  5.60505077E+00
  2.50000000E+00  1.55900000E+00  1.01292866E+00 -4.47680905E-02 -9.06521183E-02  9.99999975E-05  2.36992085E-03  5.61624793E+00
  2.50000000E+00  1.56200000E+00  1.01306301E+00 -4.47460432E-02 -9.06120635E-02  9.99999975E-05  2.36724563E-03  5.62745292E+00
  2.50000000E+00  1.56500000E+00  1.01319707E+00 -4.47239890E-02 -9.05720561E-02  9.99999975E-05  2.36457154E-03  5.63866576E+00
  2.50000000E+00  1.56800000E+00  1.01333083E+00 -4.47019279E-02 -9.05320962E-02  9.99999975E-05  2.36189861E-03  5.64988648E+00
  2.50000000E+00  1.57100000E+00  1.01346431E+00 -4.46798599E-02 -9.04921836E-02  9.99999975E-05  2.35922682E-03  5.66111510E+00
  2.50000000E+00  1.57400000E+00  1.01359749E+00 -4.46577852E-02 -9.04523183E-02  9.99999975E-05  2.35655618E-03  5.67235165E+00
  2.50000000E+00  1.57700000E+00  1.01373039E+00 -4.46357037E-02 -9.04125003E-02  9.99999975E-05  2.35388669E-03  5.68359616E+00
  2.50000000E+00  1.58000000E+00  1.01386300E+00 -4.46136156E-02 -9.03727296E-02  9.99999975E-05  2.35121837E-03  5.69484864E+00
  2.50000000E+00  1.58300000E+00  1.01399532E+00 -4.45915210E-02 -9.03330059E-02  9.99999975E-05  2.34855120E-03  5.70610912E+00
  2.50000000E+00  1.58600000E+00  1.01412736E+00 -4.45694198E-02 -9.02933294E-02  9.99999975E-05  2.34588520E-03  5.71737763E+00
  2.50000000E+00  1.58900000E+00  1.01425911E+00 -4.45473123E-02 -9.02536999E-02  9.99999975E-05  2.34322036E-03  5.72865419E+00
  2.50000000E+00  1.59200000E+00  1.01439058E+00 -4.45251983E-02 -9.02141174E-02  9.99999975E-05  2.34055670E-03  5.73993883E+00
  2.50000000E+00  1.59500000E+00  1.01452176E+00 -4.45030781E-02 -9.01745819E-02  9.99999975E-05  2.33789420E-03  5.75123157E+00
  2.50000000E+00  1.59800000E+00  1.01465267E+00 -4.44809516E-02 -9.01350932E-02  9.99999975E-05  2.33523289E-03  5.76253244E+00
  2.50000000E+00  1.60100000E+00  1.01478329E+00 -4.44588190E-02 -9.00956513E-02  9.99999975E-05  2.33257275E-03  5.77384145E+00
  2.50000000E+00  1.60400000E+00  1.01491362E+00 -4.44366803E-02 -9.00562562E-02  9.99999975E-05  2.32991380E-03  5.78515865E+00
  2.50000000E+00  1.60700000E+00  1.01504368E+00 -4.44145356E-02 -9.00169079E-02  9.99999975E-05  2.32725603E-03  5.79648404E+00
  2.50000000E+00  1.61000000E+00  1.01517346E+00 -4.43923849E-02 -8.99776061E-02  9.99999975E-05  2.32459946E-03  5.80781765E+00
  2.50000000E+00  1.61300000E+00  1.01530297E+00 -4.43702283E-02 -8.99383510E-02  9.99999975E-05  2.32194407E-03  5.81915952E+00
  2.50000000E+00  1.61600000E+00  1.01543219E+00 -4.43480659E-02 -8.98991424E-02  9.99999975E-05  2.31928988E-03  5.83050965E+00
  2.50000000E+00  1.61900000E+00  1.01556114E+00 -4.43258977E-02 -8.98599804E-02  9.99999975E-05  2.31663690E-03  5.84186809E+00
  2.50000000E+00  1.62200000E+00  1.01568981E+00 -4.43037238E-02 -8.98208647E-02  9.99999975E-05  2.31398511E-03  5.85323485E+00
  2.50000000E+00  1.62500000E+00  1.01581821E+00 -4.42815443E-02 -8.97817955E-02  9.99999975E-05  2.31133453E-03  5.86460995E+00
  2.50000000E+00  1.62800000E+00  1.01594633E+00 -4.42593592E-02 -8.97427726E-02  9.99999975E-05  2.30868516E-03  5.87599343E+00
  2.50000000E+00  1.63100000E+00  1.01607418E+00 -4.42371685E-02 -8.97037959E-02  9.99999975E-05  2.30603700E-03  5.88738530E+00
  2.50000000E+00  1.63400000E+00  1.01620176E+00 -4.42149724E-02 -8.96648655E-02  9.99999975E-05  2.30339006E-03  5.89878559E+00
  2.50000000E+00  1.63700000E+00  1.01632907E+00 -4.41927710E-02 -8.96259812E-02  9.99999975E-05  2.30074434E-03  5.91019432E+00
  2.50000000E+00  1.64000000E+00  1.01645610E+00 -4.41705641E-02 -8.95871431E-02  9.99999975E-05  2.29809984E-03  5.92161152E+00
  2.50000000E+00  1.64300000E+00  1.01658287E+00 -4.41483521E-02 -8.95483510E-02  9.99999975E-05  2.29545657E-03  5.93303722E+00
  2.50000000E+00  1.64600000E+00  1.01670936E+00 -4.41261348E-02 -8.95096049E-02  9.99999975E-05  2.29281452E-03  5.94447143E+00
  2.50000000E+00  1.64900000E+00  1.01683559E+00 -4.41039123E-02 -8.94709048E-02  9.99999975E-05  2.29017371E-03  5.95591418E+00
  2.50000000E+00  1.65200000E+00  1.01696155E+00 -4.40816848E-02 -8.94322505E-02  9.99999975E-05  2.28753414E-03  5.96736550E+00
  2.50000000E+00  1.65500000E+00  1.01708724E+00 -4.40594523E-02 -8.93936421E-02  9.99999975E-05  2.28489581E-03  5.97882541E+00
  2.50000000E+00  1.65800000E+00  1.01721267E+00 -4.40372147E-02 -8.93550795E-02  9.99999975E-05  2.28225872E-03  5.99029393E+00
  2.50000000E+00  1.66100000E+00  1.01733783E+00 -4.40149723E-02 -8.93165626E-02  9.99999975E-05  2.27962288E-03  6.00177108E+00
  2.50000000E+00  1.66400000E+00  1.01746273E+00 -4.39927250E-02 -8.92780914E-02  9.99999975E-05  2.27698828E-03  6.01325690E+00
  2.50000000E+00  1.66700000E+00  1.01758736E+00 -4.39704729E-02 -8.92396658E-02  9.99999975E-05  2.27435495E-03  6.02475141E+00
  2.50000000E+00  1.67000000E+00  1.01771173E+00 -4.39482161E-02 -8.92012857E-02  9.99999975E-05  2.27172287E-03  6.03625462E+00
  2.50000000E+00  1.67300000E+00  1.01783584E+00 -4.39259546E-02 -8.91629512E-02  9.99999975E-05  2.26909205E-03  6.04776657E+00
  2.50000000E+00  1.67600000E+00  1.01795969E+00 -4.39036885E-02 -8.91246622E-02  9.99999975E-05  2.26646249E-03  6.05928727E+00
  2.50000000E+00  1.67900000E+00  1.01808327E+00 -4.38814178E-02 -8.90864185E-02  9.99999975E-05  2.26383421E-03  6.07081676E+00
  2.50000000E+00  1.68200000E+00  1.01820660E+00 -4.38591426E-02 -8.90482202E-02  9.99999975E-05  2.26120719E-03  6.08235505E+00
  2.50000000E+00  1.68500000E+00  1.01832967E+00 -4.38368630E-02 -8.90100672E-02  9.99999975E-05  2.25858145E-03  6.09390217E+00
  2.50000000E+00  1.68800000E+00  1.01845248E+00 -4.38145790E-02 -8.89719594E-02  9.99999975E-05  2.25595699E-03  6.10545814E+00
  2.50000000E+00  1.69100000E+00  1.01857503E+00 -4.37922906E-02 -8.89338968E-02  9.99999975E-05  2.25333381E-03  6.11702298E+00
  2.50000000E+00  1.69400000E+00  1.01869732E+00 -4.37699979E-02 -8.88958794E-02  9.99999975E-05  2.25071192E-03  6.12859673E+00
  2.50000000E+00  1.69700000E+00  1.01881936E+00 -4.37477010E-02 -8.88579070E-02  9.99999975E-05  2.24809132E-03  6.14017940E+00
  2.50000000E+00  1.70000000E+00  1.01894114E+00 -4.37253999E-02 -8.88199796E-02  9.99999975E-05  2.24547201E-03  6.15177101E+00
  2.50000000E+00  1.70300000E+00  1.01906266E+00 -4.37030947E-02 -8.87820972E-02  9.99999975E-05  2.24285400E-03  6.16337160E+00
  2.50000000E+00  1.70600000E+00  1.01918393E+00 -4.36807855E-02 -8.87442597E-02  9.99999975E-05  2.24023729E-03  6.17498117E+00
  2.50000000E+00  1.70900000E+00  1.01930495E+00 -4.36584722E-02 -8.87064670E-02  9.99999975E-05  2.23762188E-03  6.18659977E+00
  2.50000000E+00  1.71200000E+00  1.01942572E+00 -4.36361549E-02 -8.86687192E-02  9.99999975E-05  2.23500778E-03  6.19822740E+00
  2.50000000E+00  1.71500000E+00  1.01954623E+00 -4.36138338E-02 -8.86310162E-02  9.99999975E-05  2.23239500E-03  6.20986410E+00
  2.50000000E+00  1.71800000E+00  1.01966649E+00 -4.35915088E-02 -8.85933578E-02  9.99999975E-05  2.22978353E-03  6.22150988E+00
  2.50000000E+00  1.72100000E+00  1.01978650E+00 -4.35691800E-02 -8.85557441E-02  9.99999975E-05  2.22717337E-03  6.23316478E+00
  2.50000000E+00  1.72400000E+00  1.01990626E+00 -4.35468474E-02 -8.85181749E-02  9.99999975E-05  2.22456455E-03  6.24482881E+00
  2.50000000E+00  1.72700000E+00  1.02002577E+00 -4.35245111E-02 -8.84806503E-02  9.99999975E-05  2.22195705E-03  6.25650199E+00
  2.50000000E+00  1.73000000E+00  1.02014504E+00 -4.35021712E-02 -8.84431702E-02  9.99999975E-05  2.21935087E-03  6.26818435E+00
  2.50000000E+00  1.73300000E+00  1.02026405E+00 -4.34798277E-02 -8.84057345E-02  9.99999975E-05  2.21674604E-03  6.27987592E+00
  2.50000000E+00  1.73600000E+00  1.02038282E+00 -4.34574806E-02 -8.83683432E-02  9.99999975E-05  2.21414254E-03  6.29157671E+00
  2.50000000E+00  1.73900000E+00  1.02050134E+00 -4.34351301E-02 -8.83309962E-02  9.99999975E-05  2.21154038E-03  6.30328674E+00
  2.50000000E+00  1.74200000E+00  1.02061961E+00 -4.34127760E-02 -8.82936934E-02  9.99999975E-05  2.20893957E-03  6.31500605E+00
  2.50000000E+00  1.74500000E+00  1.02073764E+00 -4.33904186E-02 -8.82564349E-02  9.99999975E-05  2.20634011E-03  6.32673465E+00
  2.50000000E+00  1.74800000E+00  1.02085542E+00 -4.33680579E-02 -8.82192205E-02  9.99999975E-05  2.20374201E-03  6.33847257E+00
  2.50000000E+00  1.75100000E+00  1.02097296E+00 -4.33456938E-02 -8.81820503E-02  9.99999975E-05  2.20114526E-03  6.35021983E+00
  2.50000000E+00  1.75400000E+00  1.02109025E+00 -4.33233265E-02 -8.81449241E-02  9.99999975E-05  2.19854987E-03  6.36197645E+00
  2.50000000E+00  1.75700000E+00  1.02120731E+00 -4.33009560E-02 -8.81078418E-02  9.99999975E-05  2.19595584E-03  6.37374245E+00
  2.50000000E+00  1.76000000E+00  1.02132412E+00 -4.32785823E-02 -8.80708036E-02  9.99999975E-05  2.19336319E-03  6.38551786E+00
  2.50000000E+00  1.76300000E+00  1.02144068E+00 -4.32562055E-02 -8.80338092E-02  9.99999975E-05  2.19077191E-03  6.39730270E+00
  2.50000000E+00  1.76600000E+00  1.02155701E+00 -4.32338257E-02 -8.79968587E-02  9.99999975E-05  2.18818200E-03  6.40909699E+00
  2.50000000E+00  1.76900000E+00  1.02167310E+00 -4.32114428E-02 -8.79599519E-02  9.99999975E-05  2.18559348E-03  6.42090075E+00
  2.50000000E+00  1.77200000E+00  1.02178894E+00 -4.31890570E-02 -8.79230889E-02  9.99999975E-05  2.18300634E-03  6.43271401E+00
  2.50000000E+00  1.77500000E+00  1.02190455E+00 -4.31666683E-02 -8.78862695E-02  9.99999975E-05  2.18042059E-03  6.44453678E+00
  2.50000000E+00  1.77800000E+00  1.02201992E+00 -4.31442767E-02 -8.78494938E-02  9.99999975E-05  2.17783624E-03  6.45636910E+00
  2.50000000E+00  1.78100000E+00  1.02213505E+00 -4.31218823E-02 -8.78127616E-02  9.99999975E-05  2.17525328E-03  6.46821098E+00
  2.50000000E+00  1.78400000E+00  1.02224995E+00 -4.30994851E-02 -8.77760730E-02  9.99999975E-05  2.17267172E-03  6.48006244E+00
  2.50000000E+00  1.78700000E+00  1.02236460E+00 -4.30770851E-02 -8.77394278E-02  9.99999975E-05  2.17009156E-03  6.49192351E+00
  2.50000000E+00  1.79000000E+00  1.02247902E+00 -4.30546825E-02 -8.77028260E-02  9.99999975E-05  2.16751282E-03  6.50379421E+00
  2.50000000E+00  1.79300000E+00  1.02259321E+00 -4.30322772E-02 -8.76662676E-02  9.99999975E-05  2.16493549E-03  6.51567456E+00
  2.50000000E+00  1.79600000E+00  1.02270716E+00 -4.30098694E-02 -8.76297525E-02  9.99999975E-05  2.16235957E-03  6.52756458E+00
  2.50000000E+00  1.79900000E+00  1.02282087E+00 -4.29874590E-02 -8.75932807E-02  9.99999975E-05  2.15978508E-03  6.53946429E+00
  2.50000000E+00  1.80200000E+00  1.02293435E+00 -4.29650460E-02 -8.75568520E-02  9.99999975E-05  2.15721201E-03  6.55137371E+00
  2.50000000E+00  1.80500000E+00  1.02304760E+00 -4.29426307E-02 -8.75204665E-02  9.99999975E-05  2.15464037E-03  6.56329288E+00
  2.50000000E+00  1.80800000E+00  1.02316061E+00 -4.29202128E-02 -8.74841240E-02  9.99999975E-05  2.15207016E-03  6.57522180E+00
  2.50000000E+00  1.81100000E+00  1.02327340E+00 -4.28977927E-02 -8.74478247E-02  9.99999975E-05  2.14950139E-03  6.58716050E+00
  2.50000000E+00  1.81400000E+00  1.02338595E+00 -4.28753701E-02 -8.74115682E-02  9.99999975E-05  2.14693406E-03  6.59910899E+00
  2.50000000E+00  1.81700000E+00  1.02349827E+00 -4.28529453E-02 -8.73753548E-02  9.99999975E-05  2.14436818E-03  6.61106731E+00
  2.50000000E+00  1.82000000E+00  1.02361036E+00 -4.28305183E-02 -8.73391842E-02  9.99999975E-05  2.14180375E-03  6.62303548E+00
  2.50000000E+00  1.82300000E+00  1.02372222E+00 -4.28080890E-02 -8.73030564E-02  9.99999975E-05  2.13924077E-03  6.63501350E+00
  2.50000000E+00  1.82600000E+00  1.02383385E+00 -4.27856575E-02 -8.72669714E-02  9.99999975E-05  2.13667925E-03  6.64700141E+00
  2.50000000E+00  1.82900000E+00  1.02394525E+00 -4.27632240E-02 -8.72309291E-02  9.99999975E-05  2.13411920E-03  6.65899923E+00
  2.50000000E+00  1.83200000E+00  1.02405642E+00 -4.27407884E-02 -8.71949295E-02  9.99999975E-05  2.13156061E-03  6.67100697E+00
  2.50000000E+00  1.83500000E+00  1.02416737E+00 -4.27183507E-02 -8.71589725E-02  9.99999975E-05  2.12900349E-03  6.68302465E+00
  2.50000000E+00  1.83800000E+00  1.02427809E+00 -4.26959110E-02 -8.71230581E-02  9.99999975E-05  2.12644784E-03  6.69505231E+00
  2.50000000E+00  1.84100000E+00  1.02438858E+00 -4.26734694E-02 -8.70871862E-02  9.99999975E-05  2.12389368E-03  6.70708995E+00
  2.50000000E+00  1.84400000E+00  1.02449884E+00 -4.26510259E-02 -8.70513567E-02  9.99999975E-05  2.12134100E-03  6.71913760E+00
  2.50000000E+00  1.84700000E+00  1.02460888E+00 -4.26285804E-02 -8.70155697E-02  9.99999975E-05  2.11878981E-03  6.73119528E+00
  2.50000000E+00  1.85000000E+00  1.02471870E+00 -4.26061332E-02 -8.69798249E-02  9.99999975E-05  2.11624011E-03  6.74326301E+00
  2.50000000E+00  1.85300000E+00  1.02482829E+00 -4.25836841E-02 -8.69441225E-02  9.99999975E-05  2.11369190E-03  6.75534080E+00
  2.50000000E+00  1.85600000E+00  1.02493765E+00 -4.25612333E-02 -8.69084624E-02  9.99999975E-05  2.11114520E-03  6.76742869E+00
  2.50000000E+00  1.85900000E+00  1.02504680E+00 -4.25387808E-02 -8.68728444E-02  9.99999975E-05  2.10860000E-03  6.77952668E+00
  2.50000000E+00  1.86200000E+00  1.02515571E+00 -4.25163266E-02 -8.68372686E-02  9.99999975E-05  2.10605632E-03  6.79163481E+00
  2.50000000E+00  1.86500000E+00  1.02526441E+00 -4.24938708E-02 -8.68017349E-02  9.99999975E-05  2.10351414E-03  6.80375308E+00
  2.50000000E+00  1.86800000E+00  1.02537289E+00 -4.24714134E-02 -8.67662432E-02  9.99999975E-05  2.10097349E-03  6.81588152E+00
  2.50000000E+00  1.87100000E+00  1.02548114E+00 -4.24489544E-02 -8.67307935E-02  9.99999975E-05  2.09843436E-03  6.82802015E+00
  2.50000000E+00  1.87400000E+00  1.02558917E+00 -4.24264939E-02 -8.66953858E-02  9.99999975E-05  2.09589675E-03  6.84016898E+00
  2.50000000E+00  1.87700000E+00  1.02569698E+00 -4.24040319E-02 -8.66600199E-02  9.99999975E-05  2.09336068E-03  6.85232804E+00
  2.50000000E+00  1.88000000E+00  1.02580458E+00 -4.23815684E-02 -8.66246958E-02  9.99999975E-05  2.09082614E-03  6.86449735E+00
  2.50000000E+00  1.88300000E+00  1.02591195E+00 -4.23591036E-02 -8.65894136E-02  9.99999975E-05  2.08829315E-03  6.87667693E+00
  2.50000000E+00  1.88600000E+00  1.02601910E+00 -4.23366374E-02 -8.65541730E-02  9.99999975E-05  2.08576170E-03  6.88886679E+00
  2.50000000E+00  1.88900000E+00  1.02612604E+00 -4.23141698E-02 -8.65189742E-02  9.99999975E-05  2.08323180E-03  6.90106695E+00
  2.50000000E+00  1.89200000E+00  1.02623275E+00 -4.22917010E-02 -8.64838169E-02  9.99999975E-05  2.08070345E-03  6.91327744E+00
  2.50000000E+00  1.89500000E+00  1.02633925E+00 -4.22692309E-02 -8.64487012E-02  9.99999975E-05  2.07817666E-03  6.92549826E+00
  2.50000000E+00  1.89800000E+00  1.02644553E+00 -4.22467595E-02 -8.64136271E-02  9.99999975E-05  2.07565143E-03  6.93772945E+00
  2.50000000E+00  1.90100000E+00  1.02655160E+00 -4.22242870E-02 -8.63785944E-02  9.99999975E-05  2.07312778E-03  6.94997101E+00
  2.50000000E+00  1.90400000E+00  1.02665745E+00 -4.22018133E-02 -8.63436031E-02  9.99999975E-05  2.07060569E-03  6.96222297E+00
  2.50000000E+00  1.90700000E+00  1.02676308E+00 -4.21793385E-02 -8.63086532E-02  9.99999975E-05  2.06808518E-03  6.97448535E+00
  2.50000000E+00  1.91000000E+00  1.02686850E+00 -4.21568627E-02 -8.62737446E-02  9.99999975E-05  2.06556625E-03  6.98675816E+00
  2.50000000E+00  1.91300000E+00  1.02697370E+00 -4.21343858E-02 -8.62388773E-02  9.99999975E-05  2.06304891E-03  6.99904142E+00
  2.50000000E+00  1.91600000E+00  1.02707869E+00 -4.21119079E-02 -8.62040512E-02  9.99999975E-05  2.06053316E-03  7.01133515E+00
  2.50000000E+00  1.91900000E+00  1.02718347E+00 -4.20894290E-02 -8.61692662E-02  9.99999975E-05  2.05801900E-03  7.02363937E+00
  2.50000000E+00  1.92200000E+00  1.02728803E+00 -4.20669491E-02 -8.61345224E-02  9.99999975E-05  2.05550644E-03  7.03595409E+00
  2.50000000E+00  1.92500000E+00  1.02739238E+00 -4.20444684E-02 -8.60998196E-02  9.99999975E-05  2.05299549E-03  7.04827934E+00
  2.50000000E+00  1.92800000E+00  1.02749652E+00 -4.20219868E-02 -8.60651578E-02  9.99999975E-05  2.05048614E-03  7.06061513E+00
  2.50000000E+00  1.93100000E+00  1.02760044E+00 -4.19995043E-02 -8.60305369E-02  9.99999975E-05  2.04797841E-03  7.07296147E+00
  2.50000000E+00  1.93400000E+00  1.02770415E+00 -4.19770211E-02 -8.59959570E-02  9.99999975E-05  2.04547230E-03  7.08531839E+00
  2.50000000E+00  1.93700000E+00  1.02780766E+00 -4.19545371E-02 -8.59614179E-02  9.99999975E-05  2.04296781E-03  7.09768590E+00
  2.50000000E+00  1.94000000E+00  1.02791095E+00 -4.19320523E-02 -8.59269196E-02  9.99999975E-05  2.04046495E-03  7.11006402E+00
  2.50000000E+00  1.94300000E+00  1.02801403E+00 -4.19095669E-02 -8.58924621E-02  9.99999975E-05  2.03796372E-03  7.12245277E+00
  2.50000000E+00  1.94600000E+00  1.02811690E+00 -4.18870807E-02 -8.58580453E-02  9.99999975E-05  2.03546412E-03  7.13485216E+00
  2.50000000E+00  1.94900000E+00  1.02821956E+00 -4.18645940E-02 -8.58236691E-02  9.99999975E-05  2.03296617E-03  7.14726221E+00
  2.50000000E+00  1.95200000E+00  1.02832201E+00 -4.18421066E-02 -8.57893335E-02  9.99999975E-05  2.03046987E-03  7.15968293E+00
  2.50000000E+00  1.95500000E+00  1.02842426E+00 -4.18196187E-02 -8.57550384E-02  9.99999975E-05  2.02797522E-03  7.17211435E+00
  2.50000000E+00  1.95800000E+00  1.02852629E+00 -4.17971302E-02 -8.57207838E-02  9.99999975E-05  2.02548222E-03  7.18455648E+00
  2.50000000E+00  1.96100000E+00  1.02862812E+00 -4.17746412E-02 -8.56865697E-02  9.99999975E-05  2.02299088E-03  7.19700933E+00
  2.50000000E+00  1.96400000E+00  1.02872974E+00 -4.17521518E-02 -8.56523960E-02  9.99999975E-05  2.02050121E-03  7.20947292E+00
  2.50000000E+00  1.96700000E+00  1.02883116E+00 -4.17296619E-02 -8.56182626E-02  9.99999975E-05  2.01801321E-03  7.22194727E+00
  2.50000000E+00  1.97000000E+00  1.02893236E+00 -4.17071716E-02 -8.55841696E-02  9.99999975E-05  2.01552689E-03  7.23443239E+00
  2.50000000E+00  1.97300000E+00  1.02903337E+00 -4.16846809E-02 -8.55501167E-02  9.99999975E-05  2.01304225E-03  7.24692830E+00
  2.50000000E+00  1.97600000E+00  1.02913416E+00 -4.16621898E-02 -8.55161041E-02  9.99999975E-05  2.01055929E-03  7.25943501E+00
  2.50000000E+00  1.97900000E+00  1.02923475E+00 -4.16396985E-02 -8.54821316E-02  9.99999975E-05  2.00807802E-03  7.27195254E+00
  2.50000000E+00  1.98200000E+00  1.02933514E+00 -4.16172068E-02 -8.54481992E-02  9.99999975E-05  2.00559845E-03  7.28448091E+00
  2.50000000E+00  1.98500000E+00  1.02943532E+00 -4.15947149E-02 -8.54143068E-02  9.99999975E-05  2.00312057E-03  7.29702012E+00
  2.50000000E+00  1.98800000E+00  1.02953530E+00 -4.15722228E-02 -8.53804544E-02  9.99999975E-05  2.00064440E-03  7.30957019E+00
  2.50000000E+00  1.99100000E+00  1.02963507E+00 -4.15497305E-02 -8.53466420E-02  9.99999975E-05  1.99816994E-03  7.32213114E+00
  2.50000000E+00  1.99400000E+00  1.02973464E+00 -4.15272380E-02 -8.53128694E-02  9.99999975E-05  1.99569720E-03  7.33470299E+00
  2.50000000E+00  1.99700000E+00  1.02983401E+00 -4.15047454E-02 -8.52791367E-02  9.99999975E-05  1.99322617E-03  7.34728574E+00
  2.50000000E+00  2.00000000E+00  1.02993318E+00 -4.14822526E-02 -8.52454438E-02  9.99999975E-05  1.99075687E-03  7.35987941E+00
