               X               Y            VELX            VELY            PRES            TEMP            PS 1            PS 2  2.12500000E+03
  1.50000000E+00 -1.00000000E+00  0.00000000E+00  0.00000000E+00 -1.22331428E-01  9.99999975E-05  0.00000000E+00  0.00000000E+00
  1.50000000E+00 -9.97000000E-01 -6.60202726E-02  1.20034787E-04 -1.22330790E-01  9.99999975E-05  1.16052285E-04  1.27751646E-02
  1.50000000E+00 -9.94000000E-01 -1.04106528E-01  3.68390285E-04 -1.22328939E-01  9.99999975E-05  3.78792668E-04  3.69764763E-02
  1.50000000E+00 -9.91000000E-01 -1.19172763E-01  6.26075603E-04 -1.22325430E-01  9.99999975E-05  5.53215951E-04  6.97892369E-02
  1.50000000E+00 -9.88000000E-01 -1.26182529E-01  8.76769316E-04 -1.22320460E-01  9.99999975E-05  7.04038118E-04  1.05292720E-01
  1.50000000E+00 -9.85000000E-01 -1.29978625E-01  1.12108562E-03 -1.22314426E-01  9.99999975E-05  8.44601985E-04  1.39691293E-01
  1.50000000E+00 -9.82000000E-01 -1.32244743E-01  1.36060953E-03 -1.22307687E-01  9.99999975E-05  9.76738388E-04  1.71813830E-01
  1.50000000E+00 -9.79000000E-01 -1.33671588E-01  1.59641508E-03 -1.22300492E-01  9.99999975E-05  1.10146719E-03  2.01522591E-01
  1.50000000E+00 -9.76000000E-01 -1.34587337E-01  1.82917734E-03 -1.22293008E-01  9.99999975E-05  1.21974508E-03  2.28989649E-01
  1.50000000E+00 -9.73000000E-01 -1.35166923E-01  2.05933420E-03 -1.22285351E-01  9.99999975E-05  1.33242098E-03  2.54455591E-01
  1.50000000E+00 -9.70000000E-01 -1.35512350E-01  2.28718396E-03 -1.22277604E-01  9.99999975E-05  1.44021058E-03  2.78154622E-01
  1.50000000E+00 -9.67000000E-01 -1.35687072E-01  2.51293886E-03 -1.22269826E-01  9.99999975E-05  1.54370533E-03  3.00294540E-01
  1.50000000E+00 -9.64000000E-01 -1.35732933E-01  2.73675591E-03 -1.22262059E-01  9.99999975E-05  1.64339247E-03  3.21053711E-01
  1.50000000E+00 -9.61000000E-01 -1.35678657E-01  2.95875494E-03 -1.22254338E-01  9.99999975E-05  1.73967512E-03  3.40584008E-01
  1.50000000E+00 -9.58000000E-01 -1.35544694E-01  3.17902999E-03 -1.22246688E-01  9.99999975E-05  1.83288918E-03  3.59014578E-01
  1.50000000E+00 -9.55000000E-01 -1.35346051E-01  3.39765640E-03 -1.22239128E-01  9.99999975E-05  1.92331694E-03  3.76455684E-01
  1.50000000E+00 -9.52000000E-01 -1.35094001E-01  3.61469570E-03 -1.22231675E-01  9.99999975E-05  2.01119758E-03  3.93001905E-01
  1.50000000E+00 -9.49000000E-01 -1.34797219E-01  3.83019892E-03 -1.22224341E-01  9.99999975E-05  2.09673566E-03  4.08734903E-01
  1.50000000E+00 -9.46000000E-01 -1.34462485E-01  4.04420892E-03 -1.22217135E-01  9.99999975E-05  2.18010735E-03  4.23725585E-01
  1.50000000E+00 -9.43000000E-01 -1.34095185E-01  4.25676211E-03 -1.22210065E-01  9.99999975E-05  2.26146555E-03  4.38035877E-01
  1.50000000E+00 -9.40000000E-01 -1.33699663E-01  4.46788971E-03 -1.22203138E-01  9.99999975E-05  2.34094393E-03  4.51720173E-01
  1.50000000E+00 -9.37000000E-01 -1.33279476E-01  4.67761869E-03 -1.22196358E-01  9.99999975E-05  2.41866007E-03  4.64826511E-01
  1.50000000E+00 -9.34000000E-01 -1.32837553E-01  4.88597245E-03 -1.22189728E-01  9.99999975E-05  2.49471799E-03  4.77397527E-01
  1.50000000E+00 -9.31000000E-01 -1.32376331E-01  5.09297149E-03 -1.22183253E-01  9.99999975E-05  2.56921024E-03  4.89471234E-01
  1.50000000E+00 -9.28000000E-01 -1.31897868E-01  5.29863384E-03 -1.22176935E-01  9.99999975E-05  2.64221956E-03  5.01081665E-01
  1.50000000E+00 -9.25000000E-01 -1.31403909E-01  5.50297527E-03 -1.22170774E-01  9.99999975E-05  2.71382037E-03  5.12259459E-01
  1.50000000E+00 -9.22000000E-01 -1.30895943E-01  5.70600996E-03 -1.22164772E-01  9.99999975E-05  2.78407971E-03  5.23032229E-01
  1.50000000E+00 -9.19000000E-01 -1.30375249E-01  5.90775019E-03 -1.22158931E-01  9.99999975E-05  2.85305829E-03  5.33424990E-01
  1.50000000E+00 -9.16000000E-01 -1.29842937E-01  6.10820699E-03 -1.22153250E-01  9.99999975E-05  2.92081142E-03  5.43460507E-01
  1.50000000E+00 -9.13000000E-01 -1.29299974E-01  6.30739019E-03 -1.22147729E-01  9.99999975E-05  2.98738959E-03  5.53159534E-01
  1.50000000E+00 -9.10000000E-01 -1.28747204E-01  6.50530851E-03 -1.22142368E-01  9.99999975E-05  3.05283898E-03  5.62541041E-01
  1.50000000E+00 -9.07000000E-01 -1.28185369E-01  6.70196968E-03 -1.22137168E-01  9.99999975E-05  3.11720198E-03  5.71622416E-01
  1.50000000E+00 -9.04000000E-01 -1.27615125E-01  6.89738056E-03 -1.22132126E-01  9.99999975E-05  3.18051765E-03  5.80419642E-01
  1.50000000E+00 -9.01000000E-01 -1.27037054E-01  7.09154723E-03 -1.22127243E-01  9.99999975E-05  3.24282205E-03  5.88947452E-01
  1.50000000E+00 -8.98000000E-01 -1.26451673E-01  7.28447510E-03 -1.22122518E-01  9.99999975E-05  3.30414860E-03  5.97219461E-01
  1.50000000E+00 -8.95000000E-01 -1.25859447E-01  7.47616892E-03 -1.22117949E-01  9.99999975E-05  3.36452834E-03  6.05248277E-01
  1.50000000E+00 -8.92000000E-01 -1.25260790E-01  7.66663289E-03 -1.22113536E-01  9.99999975E-05  3.42399015E-03  6.13045596E-01
  1.50000000E+00 -8.89000000E-01 -1.24656076E-01  7.85587065E-03 -1.22109277E-01  9.99999975E-05  3.48256093E-03  6.20622282E-01
  1.50000000E+00 -8.86000000E-01 -1.24045641E-01  8.04388537E-03 -1.22105170E-01  9.99999975E-05  3.54026580E-03  6.27988447E-01
  1.50000000E+00 -8.83000000E-01 -1.23429789E-01  8.23067976E-03 -1.22101215E-01  9.99999975E-05  3.59712826E-03  6.35153520E-01
  1.50000000E+00 -8.80000000E-01 -1.22808797E-01  8.41625621E-03 -1.22097410E-01  9.99999975E-05  3.65317041E-03  6.42126325E-01
  1.50000000E+00 -8.77000000E-01 -1.22182917E-01  8.60061667E-03 -1.22093753E-01  9.99999975E-05  3.70841303E-03  6.48915127E-01
  1.50000000E+00 -8.74000000E-01 -1.21552378E-01  8.78376269E-03 -1.22090243E-01  9.99999975E-05  3.76287558E-03  6.55527651E-01
  1.50000000E+00 -8.71000000E-01 -1.20917388E-01  8.96569561E-03 -1.22086878E-01  9.99999975E-05  3.81657650E-03  6.61971159E-01
  1.50000000E+00 -8.68000000E-01 -1.20278139E-01  9.14641642E-03 -1.22083657E-01  9.99999975E-05  3.86953314E-03  6.68252474E-01
  1.50000000E+00 -8.65000000E-01 -1.19634808E-01  9.32592583E-03 -1.22080577E-01  9.99999975E-05  3.92176194E-03  6.74378019E-01
  1.50000000E+00 -8.62000000E-01 -1.18987555E-01  9.50422430E-03 -1.22077638E-01  9.99999975E-05  3.97327846E-03  6.80353846E-01
  1.50000000E+00 -8.59000000E-01 -1.18336528E-01  9.68131204E-03 -1.22074837E-01  9.99999975E-05  4.02409744E-03  6.86185665E-01
  1.50000000E+00 -8.56000000E-01 -1.17681866E-01  9.85718907E-03 -1.22072172E-01  9.99999975E-05  4.07423290E-03  6.91878869E-01
  1.50000000E+00 -8.53000000E-01 -1.17023695E-01  1.00318552E-02 -1.22069642E-01  9.99999975E-05  4.12369816E-03  6.97438557E-01
  1.50000000E+00 -8.50000000E-01 -1.16362131E-01  1.02053099E-02 -1.22067244E-01  9.99999975E-05  4.17250589E-03  7.02869555E-01
  1.50000000E+00 -8.47000000E-01 -1.15697284E-01  1.03775528E-02 -1.22064978E-01  9.99999975E-05  4.22066819E-03  7.08176435E-01
  1.50000000E+00 -8.44000000E-01 -1.15029253E-01  1.05485829E-02 -1.22062841E-01  9.99999975E-05  4.26819658E-03  7.13363534E-01
  1.50000000E+00 -8.41000000E-01 -1.14358131E-01  1.07183994E-02 -1.22060832E-01  9.99999975E-05  4.31510207E-03  7.18434967E-01
  1.50000000E+00 -8.38000000E-01 -1.13684007E-01  1.08870012E-02 -1.22058947E-01  9.99999975E-05  4.36139522E-03  7.23394646E-01
  1.50000000E+00 -8.35000000E-01 -1.13006961E-01  1.10543871E-02 -1.22057187E-01  9.99999975E-05  4.40708609E-03  7.28246287E-01
  1.50000000E+00 -8.32000000E-01 -1.12327067E-01  1.12205556E-02 -1.22055548E-01  9.99999975E-05  4.45218435E-03  7.32993431E-01
  1.50000000E+00 -8.29000000E-01 -1.11644397E-01  1.13855052E-02 -1.22054028E-01  9.99999975E-05  4.49669929E-03  7.37639445E-01
  1.50000000E+00 -8.26000000E-01 -1.10959015E-01  1.15492344E-02 -1.22052627E-01  9.99999975E-05  4.54063980E-03  7.42187542E-01
  1.50000000E+00 -8.23000000E-01 -1.10270984E-01  1.17117414E-02 -1.22051342E-01  9.99999975E-05  4.58401444E-03  7.46640783E-01
  1.50000000E+00 -8.20000000E-01 -1.09580361E-01  1.18730243E-02 -1.22050170E-01  9.99999975E-05  4.62683145E-03  7.51002091E-01
  1.50000000E+00 -8.17000000E-01 -1.08887199E-01  1.20330812E-02 -1.22049111E-01  9.99999975E-05  4.66909876E-03  7.55274255E-01
  1.50000000E+00 -8.14000000E-01 -1.08191548E-01  1.21919100E-02 -1.22048163E-01  9.99999975E-05  4.71082401E-03  7.59459941E-01
  1.50000000E+00 -8.11000000E-01 -1.07493456E-01  1.23495085E-02 -1.22047323E-01  9.99999975E-05  4.75201459E-03  7.63561698E-01
  1.50000000E+00 -8.08000000E-01 -1.06792967E-01  1.25058744E-02 -1.22046589E-01  9.99999975E-05  4.79267762E-03  7.67581962E-01
  1.50000000E+00 -8.05000000E-01 -1.06090123E-01  1.26610053E-02 -1.22045960E-01  9.99999975E-05  4.83281997E-03  7.71523067E-01
  1.50000000E+00 -8.02000000E-01 -1.05384962E-01  1.28148991E-02 -1.22045434E-01  9.99999975E-05  4.87244832E-03  7.75387248E-01
  1.50000000E+00 -7.99000000E-01 -1.04677521E-01  1.29675529E-02 -1.22045008E-01  9.99999975E-05  4.91156909E-03  7.79176641E-01
  1.50000000E+00 -7.96000000E-01 -1.03967835E-01  1.31189642E-02 -1.22044682E-01  9.99999975E-05  4.95018854E-03  7.82893298E-01
  1.50000000E+00 -7.93000000E-01 -1.03255935E-01  1.32691302E-02 -1.22044453E-01  9.99999975E-05  4.98831273E-03  7.86539184E-01
  1.50000000E+00 -7.90000000E-01 -1.02541853E-01  1.34180483E-02 -1.22044320E-01  9.99999975E-05  5.02594754E-03  7.90116183E-01
  1.50000000E+00 -7.87000000E-01 -1.01825617E-01  1.35657156E-02 -1.22044280E-01  9.99999975E-05  5.06309868E-03  7.93626103E-01
  1.50000000E+00 -7.84000000E-01 -1.01107253E-01  1.37121293E-02 -1.22044332E-01  9.99999975E-05  5.09977170E-03  7.97070680E-01
  1.50000000E+00 -7.81000000E-01 -1.00386787E-01  1.38572863E-02 -1.22044473E-01  9.99999975E-05  5.13597200E-03  8.00451578E-01
  1.50000000E+00 -7.78000000E-01 -9.96642429E-02  1.40011836E-02 -1.22044703E-01  9.99999975E-05  5.17170483E-03  8.03770396E-01
  1.50000000E+00 -7.75000000E-01 -9.89396431E-02  1.41438181E-02 -1.22045018E-01  9.99999975E-05  5.20697532E-03  8.07028670E-01
  1.50000000E+00 -7.72000000E-01 -9.82130085E-02  1.42851866E-02 -1.22045418E-01  9.99999975E-05  5.24178847E-03  8.10227876E-01
  1.50000000E+00 -7.69000000E-01 -9.74843589E-02  1.44252859E-02 -1.22045901E-01  9.99999975E-05  5.27614914E-03  8.13369429E-01
  1.50000000E+00 -7.66000000E-01 -9.67537128E-02  1.45641126E-02 -1.22046464E-01  9.99999975E-05  5.31006211E-03  8.16454691E-01
  1.50000000E+00 -7.63000000E-01 -9.60210878E-02  1.47016635E-02 -1.22047107E-01  9.99999975E-05  5.34353202E-03  8.19484971E-01
  1.50000000E+00 -7.60000000E-01 -9.52865002E-02  1.48379350E-02 -1.22047827E-01  9.99999975E-05  5.37656344E-03  8.22461526E-01
  1.50000000E+00 -7.57000000E-01 -9.45499653E-02  1.49729238E-02 -1.22048622E-01  9.99999975E-05  5.40916080E-03  8.25385563E-01
  1.50000000E+00 -7.54000000E-01 -9.38114975E-02  1.51066263E-02 -1.22049491E-01  9.99999975E-05  5.44132850E-03  8.28258245E-01
  1.50000000E+00 -7.51000000E-01 -9.30711102E-02  1.52390390E-02 -1.22050432E-01  9.99999975E-05  5.47307079E-03  8.31080686E-01
  1.50000000E+00 -7.48000000E-01 -9.23288161E-02  1.53701581E-02 -1.22051444E-01  9.99999975E-05  5.50439189E-03  8.33853958E-01
  1.50000000E+00 -7.45000000E-01 -9.15846268E-02  1.54999800E-02 -1.22052524E-01  9.99999975E-05  5.53529592E-03  8.36579092E-01
  1.50000000E+00 -7.42000000E-01 -9.08385534E-02  1.56285009E-02 -1.22053670E-01  9.99999975E-05  5.56578693E-03  8.39257078E-01
  1.50000000E+00 -7.39000000E-01 -9.00906058E-02  1.57557170E-02 -1.22054882E-01  9.99999975E-05  5.59586889E-03  8.41888864E-01
  1.50000000E+00 -7.36000000E-01 -8.93407936E-02  1.58816245E-02 -1.22056158E-01  9.99999975E-05  5.62554574E-03  8.44475365E-01
  1.50000000E+00 -7.33000000E-01 -8.85891253E-02  1.60062195E-02 -1.22057495E-01  9.99999975E-05  5.65482133E-03  8.47017455E-01
  1.50000000E+00 -7.30000000E-01 -8.78356091E-02  1.61294979E-02 -1.22058892E-01  9.99999975E-05  5.68369946E-03  8.49515975E-01
  1.50000000E+00 -7.27000000E-01 -8.70802523E-02  1.62514558E-02 -1.22060348E-01  9.99999975E-05  5.71218389E-03  8.51971731E-01
  1.50000000E+00 -7.24000000E-01 -8.63230615E-02  1.63720891E-02 -1.22061860E-01  9.99999975E-05  5.74027832E-03  8.54385495E-01
  1.50000000E+00 -7.21000000E-01 -8.55640429E-02  1.64913936E-02 -1.22063428E-01  9.99999975E-05  5.76798641E-03  8.56758008E-01
  1.50000000E+00 -7.18000000E-01 -8.48032019E-02  1.66093651E-02 -1.22065050E-01  9.99999975E-05  5.79531178E-03  8.59089978E-01
  1.50000000E+00 -7.15000000E-01 -8.40405434E-02  1.67259994E-02 -1.22066723E-01  9.99999975E-05  5.82225801E-03  8.61382082E-01
  1.50000000E+00 -7.12000000E-01 -8.32760717E-02  1.68412923E-02 -1.22068448E-01  9.99999975E-05  5.84882862E-03  8.63634970E-01
  1.50000000E+00 -7.09000000E-01 -8.25097907E-02  1.69552394E-02 -1.22070221E-01  9.99999975E-05  5.87502714E-03  8.65849260E-01
  1.50000000E+00 -7.06000000E-01 -8.17417036E-02  1.70678362E-02 -1.22072041E-01  9.99999975E-05  5.90085704E-03  8.68025541E-01
  1.50000000E+00 -7.03000000E-01 -8.09718131E-02  1.71790783E-02 -1.22073907E-01  9.99999975E-05  5.92632176E-03  8.70164378E-01
  1.50000000E+00 -7.00000000E-01 -8.02001214E-02  1.72889612E-02 -1.22075816E-01  9.99999975E-05  5.95142472E-03  8.72266305E-01
  1.50000000E+00 -6.97000000E-01 -7.94266300E-02  1.73974801E-02 -1.22077769E-01  9.99999975E-05  5.97616932E-03  8.74331798E-01
  1.50000000E+00 -6.94000000E-01 -7.86513405E-02  1.75046307E-02 -1.22079764E-01  9.99999975E-05  6.00055896E-03  8.76361412E-01
  1.50000000E+00 -6.91000000E-01 -7.78742535E-02  1.76104081E-02 -1.22081798E-01  9.99999975E-05  6.02459699E-03  8.78355586E-01
  1.50000000E+00 -6.88000000E-01 -7.70953692E-02  1.77148077E-02 -1.22083869E-01  9.99999975E-05  6.04828676E-03  8.80314731E-01
  1.50000000E+00 -6.85000000E-01 -7.63146872E-02  1.78178246E-02 -1.22085977E-01  9.99999975E-05  6.07163159E-03  8.82239244E-01
  1.50000000E+00 -6.82000000E-01 -7.55322067E-02  1.79194539E-02 -1.22088120E-01  9.99999975E-05  6.09463482E-03  8.84129501E-01
  1.50000000E+00 -6.79000000E-01 -7.47479267E-02  1.80196906E-02 -1.22090297E-01  9.99999975E-05  6.11729976E-03  8.85985860E-01
  1.50000000E+00 -6.76000000E-01 -7.39618453E-02  1.81185297E-02 -1.22092507E-01  9.99999975E-05  6.13962973E-03  8.87808661E-01
  1.50000000E+00 -6.73000000E-01 -7.31739605E-02  1.82159662E-02 -1.22094747E-01  9.99999975E-05  6.16162801E-03  8.89598218E-01
  1.50000000E+00 -6.70000000E-01 -7.23842697E-02  1.83119950E-02 -1.22097018E-01  9.99999975E-05  6.18329793E-03  8.91354825E-01
  1.50000000E+00 -6.67000000E-01 -7.15927699E-02  1.84066108E-02 -1.22099316E-01  9.99999975E-05  6.20464279E-03  8.93078750E-01
  1.50000000E+00 -6.64000000E-01 -7.07994576E-02  1.84998083E-02 -1.22101641E-01  9.99999975E-05  6.22566589E-03  8.94770239E-01
  1.50000000E+00 -6.61000000E-01 -7.00043287E-02  1.85915822E-02 -1.22103991E-01  9.99999975E-05  6.24637054E-03  8.96429514E-01
  1.50000000E+00 -6.58000000E-01 -6.92073789E-02  1.86819272E-02 -1.22106365E-01  9.99999975E-05  6.26676008E-03  8.98056772E-01
  1.50000000E+00 -6.55000000E-01 -6.84086033E-02  1.87708376E-02 -1.22108762E-01  9.99999975E-05  6.28683781E-03  8.99652186E-01
  1.50000000E+00 -6.52000000E-01 -6.76079963E-02  1.88583080E-02 -1.22111180E-01  9.99999975E-05  6.30660709E-03  9.01215906E-01
  1.50000000E+00 -6.49000000E-01 -6.68055523E-02  1.89443326E-02 -1.22113618E-01  9.99999975E-05  6.32607126E-03  9.02748059E-01
  1.50000000E+00 -6.46000000E-01 -6.60012647E-02  1.90289058E-02 -1.22116074E-01  9.99999975E-05  6.34523369E-03  9.04248749E-01
  1.50000000E+00 -6.43000000E-01 -6.51951268E-02  1.91120218E-02 -1.22118548E-01  9.99999975E-05  6.36409777E-03  9.05718056E-01
  1.50000000E+00 -6.40000000E-01 -6.43871312E-02  1.91936746E-02 -1.22121037E-01  9.99999975E-05  6.38266690E-03  9.07156041E-01
  1.50000000E+00 -6.37000000E-01 -6.35772700E-02  1.92738584E-02 -1.22123541E-01  9.99999975E-05  6.40094451E-03  9.08562743E-01
  1.50000000E+00 -6.34000000E-01 -6.27655349E-02  1.93525670E-02 -1.22126059E-01  9.99999975E-05  6.41893403E-03  9.09938180E-01
  1.50000000E+00 -6.31000000E-01 -6.19519171E-02  1.94297943E-02 -1.22128589E-01  9.99999975E-05  6.43663896E-03  9.11282352E-01
  1.50000000E+00 -6.28000000E-01 -6.11364071E-02  1.95055340E-02 -1.22131130E-01  9.99999975E-05  6.45406278E-03  9.12595238E-01
  1.50000000E+00 -6.25000000E-01 -6.03189951E-02  1.95797799E-02 -1.22133680E-01  9.99999975E-05  6.47120903E-03  9.13876799E-01
  1.50000000E+00 -6.22000000E-01 -5.94996706E-02  1.96525255E-02 -1.22136239E-01  9.99999975E-05  6.48808127E-03  9.15126978E-01
  1.50000000E+00 -6.19000000E-01 -5.86784227E-02  1.97237644E-02 -1.22138805E-01  9.99999975E-05  6.50468310E-03  9.16345700E-01
  1.50000000E+00 -6.16000000E-01 -5.78552399E-02  1.97934898E-02 -1.22141378E-01  9.99999975E-05  6.52101815E-03  9.17532873E-01
  1.50000000E+00 -6.13000000E-01 -5.70301101E-02  1.98616951E-02 -1.22143955E-01  9.99999975E-05  6.53709008E-03  9.18688385E-01
  1.50000000E+00 -6.10000000E-01 -5.62030207E-02  1.99283735E-02 -1.22146536E-01  9.99999975E-05  6.55290262E-03  9.19812110E-01
  1.50000000E+00 -6.07000000E-01 -5.53739584E-02  1.99935181E-02 -1.22149119E-01  9.99999975E-05  6.56845950E-03  9.20903900E-01
  1.50000000E+00 -6.04000000E-01 -5.45429096E-02  2.00571217E-02 -1.22151704E-01  9.99999975E-05  6.58376452E-03  9.21963591E-01
  1.50000000E+00 -6.01000000E-01 -5.37098597E-02  2.01191773E-02 -1.22154289E-01  9.99999975E-05  6.59882153E-03  9.22990998E-01
  1.50000000E+00 -5.98000000E-01 -5.28747938E-02  2.01796776E-02 -1.22156872E-01  9.99999975E-05  6.61363441E-03  9.23985916E-01
  1.50000000E+00 -5.95000000E-01 -5.20376962E-02  2.02386153E-02 -1.22159453E-01  9.99999975E-05  6.62820710E-03  9.24948118E-01
  1.50000000E+00 -5.92000000E-01 -5.11985508E-02  2.02959828E-02 -1.22162031E-01  9.99999975E-05  6.64254360E-03  9.25877354E-01
  1.50000000E+00 -5.89000000E-01 -5.03573404E-02  2.03517725E-02 -1.22164604E-01  9.99999975E-05  6.65664796E-03  9.26773348E-01
  1.50000000E+00 -5.86000000E-01 -4.95140476E-02  2.04059766E-02 -1.22167172E-01  9.99999975E-05  6.67052429E-03  9.27635796E-01
  1.50000000E+00 -5.83000000E-01 -4.86686540E-02  2.04585873E-02 -1.22169733E-01  9.99999975E-05  6.68417675E-03  9.28464364E-01
  1.50000000E+00 -5.80000000E-01 -4.78211406E-02  2.05095966E-02 -1.22172286E-01  9.99999975E-05  6.69760957E-03  9.29258685E-01
  1.50000000E+00 -5.77000000E-01 -4.69714877E-02  2.05589963E-02 -1.22174830E-01  9.99999975E-05  6.71082706E-03  9.30018355E-01
  1.50000000E+00 -5.74000000E-01 -4.61196748E-02  2.06067781E-02 -1.22177365E-01  9.99999975E-05  6.72383359E-03  9.30742927E-01
  1.50000000E+00 -5.71000000E-01 -4.52656806E-02  2.06529337E-02 -1.22179890E-01  9.99999975E-05  6.73663358E-03  9.31431913E-01
  1.50000000E+00 -5.68000000E-01 -4.44094829E-02  2.06974543E-02 -1.22182401E-01  9.99999975E-05  6.74923157E-03  9.32084883E-01
  1.50000000E+00 -5.65000000E-01 -4.35510585E-02  2.07403312E-02 -1.22184898E-01  9.99999975E-05  6.76163214E-03  9.32701391E-01
  1.50000000E+00 -5.62000000E-01 -4.26903836E-02  2.07815555E-02 -1.22187382E-01  9.99999975E-05  6.77383995E-03  9.33280874E-01
  1.50000000E+00 -5.59000000E-01 -4.18274335E-02  2.08211182E-02 -1.22189851E-01  9.99999975E-05  6.78585977E-03  9.33822779E-01
  1.50000000E+00 -5.56000000E-01 -4.09621824E-02  2.08590100E-02 -1.22192304E-01  9.99999975E-05  6.79769643E-03  9.34326524E-01
  1.50000000E+00 -5.53000000E-01 -4.00946036E-02  2.08952215E-02 -1.22194740E-01  9.99999975E-05  6.80935488E-03  9.34791499E-01
  1.50000000E+00 -5.50000000E-01 -3.92246695E-02  2.09297432E-02 -1.22197157E-01  9.99999975E-05  6.82084014E-03  9.35217060E-01
  1.50000000E+00 -5.47000000E-01 -3.83523514E-02  2.09625651E-02 -1.22199555E-01  9.99999975E-05  6.83215732E-03  9.35602538E-01
  1.50000000E+00 -5.44000000E-01 -3.74776194E-02  2.09936775E-02 -1.22201932E-01  9.99999975E-05  6.84331165E-03  9.35947229E-01
  1.50000000E+00 -5.41000000E-01 -3.66004428E-02  2.10230701E-02 -1.22204288E-01  9.99999975E-05  6.85430845E-03  9.36250400E-01
  1.50000000E+00 -5.38000000E-01 -3.57207896E-02  2.10507326E-02 -1.22206622E-01  9.99999975E-05  6.86515315E-03  9.36511288E-01
  1.50000000E+00 -5.35000000E-01 -3.48386265E-02  2.10766544E-02 -1.22208932E-01  9.99999975E-05  6.87585129E-03  9.36729096E-01
  1.50000000E+00 -5.32000000E-01 -3.39539193E-02  2.11008248E-02 -1.22211218E-01  9.99999975E-05  6.88640853E-03  9.36902997E-01
  1.50000000E+00 -5.29000000E-01 -3.30666322E-02  2.11232327E-02 -1.22213478E-01  9.99999975E-05  6.89683064E-03  9.37032130E-01
  1.50000000E+00 -5.26000000E-01 -3.21767283E-02  2.11438670E-02 -1.22215712E-01  9.99999975E-05  6.90712352E-03  9.37115602E-01
  1.50000000E+00 -5.23000000E-01 -3.12841693E-02  2.11627162E-02 -1.22217919E-01  9.99999975E-05  6.91729320E-03  9.37152487E-01
  1.50000000E+00 -5.20000000E-01 -3.03889155E-02  2.11797686E-02 -1.22220097E-01  9.99999975E-05  6.92734582E-03  9.37141825E-01
  1.50000000E+00 -5.17000000E-01 -2.94909257E-02  2.11950124E-02 -1.22222246E-01  9.99999975E-05  6.93728768E-03  9.37082623E-01
  1.50000000E+00 -5.14000000E-01 -2.85901573E-02  2.12084353E-02 -1.22224364E-01  9.99999975E-05  6.94712522E-03  9.36973850E-01
  1.50000000E+00 -5.11000000E-01 -2.76865661E-02  2.12200250E-02 -1.22226451E-01  9.99999975E-05  6.95686500E-03  9.36814444E-01
  1.50000000E+00 -5.08000000E-01 -2.67801062E-02  2.12297688E-02 -1.22228506E-01  9.99999975E-05  6.96651376E-03  9.36603306E-01
  1.50000000E+00 -5.05000000E-01 -2.58707301E-02  2.12376536E-02 -1.22230527E-01  9.99999975E-05  6.97607838E-03  9.36339301E-01
  1.50000000E+00 -5.02000000E-01 -2.49583886E-02  2.12436663E-02 -1.22232513E-01  9.99999975E-05  6.98556589E-03  9.36021260E-01
  1.50000000E+00 -4.99000000E-01 -2.40430306E-02  2.12477934E-02 -1.22234464E-01  9.99999975E-05  6.99498352E-03  9.35647975E-01
  1.50000000E+00 -4.96000000E-01 -2.31246033E-02  2.12500209E-02 -1.22236379E-01  9.99999975E-05  7.00433862E-03  9.35218203E-01
  1.50000000E+00 -4.93000000E-01 -2.22030517E-02  2.12503348E-02 -1.22238255E-01  9.99999975E-05  7.01363877E-03  9.34730664E-01
  1.50000000E+00 -4.90000000E-01 -2.12783191E-02  2.12487206E-02 -1.22240092E-01  9.99999975E-05  7.02289170E-03  9.34184041E-01
  1.50000000E+00 -4.87000000E-01 -2.03503465E-02  2.12451636E-02 -1.22241890E-01  9.99999975E-05  7.03210534E-03  9.33576980E-01
  1.50000000E+00 -4.84000000E-01 -1.94190729E-02  2.12396487E-02 -1.22243646E-01  9.99999975E-05  7.04128781E-03  9.32908089E-01
  1.50000000E+00 -4.81000000E-01 -1.84844348E-02  2.12321603E-02 -1.22245360E-01  9.99999975E-05  7.05044743E-03  9.32175939E-01
  1.50000000E+00 -4.78000000E-01 -1.75463665E-02  2.12226828E-02 -1.22247031E-01  9.99999975E-05  7.05959275E-03  9.31379065E-01
  1.50000000E+00 -4.75000000E-01 -1.66048001E-02  2.12112000E-02 -1.22248657E-01  9.99999975E-05  7.06873251E-03  9.30515964E-01
  1.50000000E+00 -4.72000000E-01 -1.56596648E-02  2.11976953E-02 -1.22250237E-01  9.99999975E-05  7.07787569E-03  9.29585094E-01
  1.50000000E+00 -4.69000000E-01 -1.47108875E-02  2.11821518E-02 -1.22251770E-01  9.99999975E-05  7.08703150E-03  9.28584880E-01
  1.50000000E+00 -4.66000000E-01 -1.37583922E-02  2.11645523E-02 -1.22253255E-01  9.99999975E-05  7.09620939E-03  9.27513706E-01
  1.50000000E+00 -4.63000000E-01 -1.28021001E-02  2.11448790E-02 -1.22254691E-01  9.99999975E-05  7.10541904E-03  9.26369924E-01
  1.50000000E+00 -4.60000000E-01 -1.18419295E-02  2.11231138E-02 -1.22256075E-01  9.99999975E-05  7.11467042E-03  9.25151847E-01
  1.50000000E+00 -4.57000000E-01 -1.08777957E-02  2.10992381E-02 -1.22257408E-01  9.99999975E-05  7.12397374E-03  9.23857754E-01
  1.50000000E+00 -4.54000000E-01 -9.90961085E-03  2.10732331E-02 -1.22258686E-01  9.99999975E-05  7.13333950E-03  9.22485890E-01
  1.50000000E+00 -4.51000000E-01 -8.93728365E-03  2.10450791E-02 -1.22259910E-01  9.99999975E-05  7.14277847E-03  9.21034464E-01
  1.50000000E+00 -4.48000000E-01 -7.96071952E-03  2.10147564E-02 -1.22261078E-01  9.99999975E-05  7.15230172E-03  9.19501653E-01
  1.50000000E+00 -4.45000000E-01 -6.97982030E-03  2.09822445E-02 -1.22262187E-01  9.99999975E-05  7.16192063E-03  9.17885603E-01
  1.50000000E+00 -4.42000000E-01 -5.99448412E-03  2.09475225E-02 -1.22263237E-01  9.99999975E-05  7.17164690E-03  9.16184425E-01
  1.50000000E+00 -4.39000000E-01 -5.00460529E-03  2.09105690E-02 -1.22264225E-01  9.99999975E-05  7.18149253E-03  9.14396204E-01
  1.50000000E+00 -4.36000000E-01 -4.01007412E-03  2.08713622E-02 -1.22265151E-01  9.99999975E-05  7.19146989E-03  9.12518991E-01
  1.50000000E+00 -4.33000000E-01 -3.01077678E-03  2.08298795E-02 -1.22266012E-01  9.99999975E-05  7.20159168E-03  9.10550813E-01
  1.50000000E+00 -4.30000000E-01 -2.00659508E-03  2.07860980E-02 -1.22266805E-01  9.99999975E-05  7.21187097E-03  9.08489667E-01
  1.50000000E+00 -4.27000000E-01 -9.97406106E-04  2.07399944E-02 -1.22267532E-01  9.99999975E-05  7.22232120E-03  9.06333526E-01
  1.50000000E+00 -4.24000000E-01  1.69169919E-05  2.06915442E-02 -1.22268189E-01  9.99999975E-05  7.23295626E-03  9.04080378E-01
  1.50000000E+00 -4.21000000E-01  1.03650664E-03  2.06407228E-02 -1.22268773E-01  9.99999975E-05  7.24379037E-03  9.01728147E-01
  1.50000000E+00 -4.18000000E-01  2.06150027E-03  2.05875048E-02 -1.22269284E-01  9.99999975E-05  7.25483819E-03  8.99274743E-01
  1.50000000E+00 -4.15000000E-01  3.09204049E-03  2.05318644E-02 -1.22269718E-01  9.99999975E-05  7.26611481E-03  8.96718068E-01
  1.50000000E+00 -4.12000000E-01  4.12827540E-03  2.04737748E-02 -1.22270074E-01  9.99999975E-05  7.27763580E-03  8.94056014E-01
  1.50000000E+00 -4.09000000E-01  5.17035878E-03  2.04132088E-02 -1.22270349E-01  9.99999975E-05  7.28941716E-03  8.91286466E-01
  1.50000000E+00 -4.06000000E-01  6.21845034E-03  2.03501384E-02 -1.22270541E-01  9.99999975E-05  7.30147543E-03  8.88407306E-01
  1.50000000E+00 -4.03000000E-01  7.27271599E-03  2.02845351E-02 -1.22270648E-01  9.99999975E-05  7.31382760E-03  8.85416413E-01
  1.50000000E+00 -4.00000000E-01  8.33332808E-03  2.02163694E-02 -1.22270667E-01  9.99999975E-05  7.32649123E-03  8.82311669E-01
  1.50000000E+00 -3.97000000E-01  9.40046571E-03  2.01456113E-02 -1.22270596E-01  9.99999975E-05  7.33948441E-03  8.79090962E-01
  1.50000000E+00 -3.94000000E-01  1.04743150E-02  2.00722298E-02 -1.22270432E-01  9.99999975E-05  7.35282579E-03  8.75752189E-01
  1.50000000E+00 -3.91000000E-01  1.15550693E-02  1.99961934E-02 -1.22270172E-01  9.99999975E-05  7.36653460E-03  8.72293262E-01
  1.50000000E+00 -3.88000000E-01  1.26429296E-02  1.99174696E-02 -1.22269812E-01  9.99999975E-05  7.38063071E-03  8.68712110E-01
  1.50000000E+00 -3.85000000E-01  1.37381048E-02  1.98360252E-02 -1.22269351E-01  9.99999975E-05  7.39513460E-03  8.65006688E-01
  1.50000000E+00 -3.82000000E-01  1.48408121E-02  1.97518261E-02 -1.22268785E-01  9.99999975E-05  7.41006740E-03  8.61174980E-01
  1.50000000E+00 -3.79000000E-01  1.59512773E-02  1.96648374E-02 -1.22268111E-01  9.99999975E-05  7.42545096E-03  8.57215006E-01
  1.50000000E+00 -3.76000000E-01  1.70697351E-02  1.95750234E-02 -1.22267325E-01  9.99999975E-05  7.44130781E-03  8.53124827E-01
  1.50000000E+00 -3.73000000E-01  1.81964294E-02  1.94823472E-02 -1.22266424E-01  9.99999975E-05  7.45766123E-03  8.48902551E-01
  1.50000000E+00 -3.70000000E-01  1.93316140E-02  1.93867714E-02 -1.22265404E-01  9.99999975E-05  7.47453527E-03  8.44546342E-01
  1.50000000E+00 -3.67000000E-01  2.04755528E-02  1.92882574E-02 -1.22264262E-01  9.99999975E-05  7.49195479E-03  8.40054428E-01
  1.50000000E+00 -3.64000000E-01  2.16285203E-02  1.91867657E-02 -1.22262994E-01  9.99999975E-05  7.50994546E-03  8.35425101E-01
  1.50000000E+00 -3.61000000E-01  2.27908017E-02  1.90822558E-02 -1.22261596E-01  9.99999975E-05  7.52853385E-03  8.30656734E-01
  1.50000000E+00 -3.58000000E-01  2.39626940E-02  1.89746862E-02 -1.22260063E-01  9.99999975E-05  7.54774738E-03  8.25747783E-01
  1.50000000E+00 -3.55000000E-01  2.51445061E-02  1.88640144E-02 -1.22258392E-01  9.99999975E-05  7.56761446E-03  8.20696796E-01
  1.50000000E+00 -3.52000000E-01  2.63365591E-02  1.87501969E-02 -1.22256577E-01  9.99999975E-05  7.58816443E-03  8.15502423E-01
  1.50000000E+00 -3.49000000E-01  2.75391874E-02  1.86331890E-02 -1.22254615E-01  9.99999975E-05  7.60942767E-03  8.10163423E-01
  1.50000000E+00 -3.46000000E-01  2.87527387E-02  1.85129450E-02 -1.22252501E-01  9.99999975E-05  7.63143560E-03  8.04678674E-01
  1.50000000E+00 -3.43000000E-01  2.99775751E-02  1.83894182E-02 -1.22250230E-01  9.99999975E-05  7.65422073E-03  7.99047178E-01
  1.50000000E+00 -3.40000000E-01  3.12140730E-02  1.82625604E-02 -1.22247797E-01  9.99999975E-05  7.67781672E-03  7.93268077E-01
  1.50000000E+00 -3.37000000E-01  3.24626246E-02  1.81323227E-02 -1.22245197E-01  9.99999975E-05  7.70225839E-03  7.87340657E-01
  1.50000000E+00 -3.34000000E-01  3.37236378E-02  1.79986548E-02 -1.22242425E-01  9.99999975E-05  7.72758180E-03  7.81264359E-01
  1.50000000E+00 -3.31000000E-01  3.49975373E-02  1.78615051E-02 -1.22239475E-01  9.99999975E-05  7.75382429E-03  7.75038787E-01
  1.50000000E+00 -3.28000000E-01  3.62847650E-02  1.77208209E-02 -1.22236342E-01  9.99999975E-05  7.78102450E-03  7.68663723E-01
  1.50000000E+00 -3.25000000E-01  3.75857813E-02  1.75765484E-02 -1.22233019E-01  9.99999975E-05  7.80922247E-03  7.62139131E-01
  1.50000000E+00 -3.22000000E-01  3.89010652E-02  1.74286324E-02 -1.22229502E-01  9.99999975E-05  7.83845964E-03  7.55465170E-01
  1.50000000E+00 -3.19000000E-01  4.02311153E-02  1.72770164E-02 -1.22225784E-01  9.99999975E-05  7.86877896E-03  7.48642204E-01
  1.50000000E+00 -3.16000000E-01  4.15764510E-02  1.71216427E-02 -1.22221860E-01  9.99999975E-05  7.90022488E-03  7.41670812E-01
  1.50000000E+00 -3.13000000E-01  4.29376127E-02  1.69624523E-02 -1.22217722E-01  9.99999975E-05  7.93284347E-03  7.34551799E-01
  1.50000000E+00 -3.10000000E-01  4.43151634E-02  1.67993848E-02 -1.22213365E-01  9.99999975E-05  7.96668243E-03  7.27286207E-01
  1.50000000E+00 -3.07000000E-01  4.57096891E-02  1.66323786E-02 -1.22208783E-01  9.99999975E-05  8.00179118E-03  7.19875322E-01
  1.50000000E+00 -3.04000000E-01  4.71217996E-02  1.64613708E-02 -1.22203968E-01  9.99999975E-05  8.03822091E-03  7.12320692E-01
  1.50000000E+00 -3.01000000E-01  4.85521303E-02  1.62862968E-02 -1.22198914E-01  9.99999975E-05  8.07602464E-03  7.04624130E-01
  1.50000000E+00 -2.98000000E-01  5.00013423E-02  1.61070915E-02 -1.22193613E-01  9.99999975E-05  8.11525706E-03  6.96787696E-01
  1.50000000E+00 -2.95000000E-01  5.14701263E-02  1.59236875E-02 -1.22188059E-01  9.99999975E-05  8.15597541E-03  6.88813680E-01
  1.50000000E+00 -2.92000000E-01  5.29591985E-02  1.57360165E-02 -1.22182246E-01  9.99999975E-05  8.19823833E-03  6.80704740E-01
  1.50000000E+00 -2.89000000E-01  5.44693050E-02  1.55440089E-02 -1.22176167E-01  9.99999975E-05  8.24210658E-03  6.72463809E-01
  1.50000000E+00 -2.86000000E-01  5.60012230E-02  1.53475937E-02 -1.22169814E-01  9.99999975E-05  8.28764313E-03  6.64094109E-01
  1.50000000E+00 -2.83000000E-01  5.75557620E-02  1.51466987E-02 -1.22163179E-01  9.99999975E-05  8.33491317E-03  6.55599154E-01
  1.50000000E+00 -2.80000000E-01  5.91337646E-02  1.49412503E-02 -1.22156255E-01  9.99999975E-05  8.38398414E-03  6.46982759E-01
  1.50000000E+00 -2.77000000E-01  6.07361080E-02  1.47311735E-02 -1.22149036E-01  9.99999975E-05  8.43492576E-03  6.38249047E-01
  1.50000000E+00 -2.74000000E-01  6.23637053E-02  1.45163924E-02 -1.22141514E-01  9.99999975E-05  8.48781008E-03  6.29402448E-01
  1.50000000E+00 -2.71000000E-01  6.40175066E-02  1.42968296E-02 -1.22133682E-01  9.99999975E-05  8.54271149E-03  6.20447702E-01
  1.50000000E+00 -2.68000000E-01  6.56985008E-02  1.40724066E-02 -1.22125532E-01  9.99999975E-05  8.59970679E-03  6.11389860E-01
  1.50000000E+00 -2.65000000E-01  6.74077164E-02  1.38430438E-02 -1.22117057E-01  9.99999975E-05  8.65887518E-03  6.02234283E-01
  1.50000000E+00 -2.62000000E-01  6.91462236E-02  1.36086607E-02 -1.22108250E-01  9.99999975E-05  8.72029834E-03  5.92986631E-01
  1.50000000E+00 -2.59000000E-01  7.09151357E-02  1.33691755E-02 -1.22099104E-01  9.99999975E-05  8.78406039E-03  5.83652866E-01
  1.50000000E+00 -2.56000000E-01  7.27156101E-02  1.31245056E-02 -1.22089612E-01  9.99999975E-05  8.85024795E-03  5.74239240E-01
  1.50000000E+00 -2.53000000E-01  7.45488506E-02  1.28745676E-02 -1.22079767E-01  9.99999975E-05  8.91895014E-03  5.64752287E-01
  1.50000000E+00 -2.50000000E-01  7.64161087E-02  1.26192773E-02 -1.22069562E-01  9.99999975E-05  8.99025853E-03  5.55198815E-01
  1.50000000E+00 -2.47000000E-01  7.83186850E-02  1.23585499E-02 -1.22058989E-01  9.99999975E-05  9.06426713E-03  5.45585888E-01
  1.50000000E+00 -2.44000000E-01  8.02579310E-02  1.20922999E-02 -1.22048043E-01  9.99999975E-05  9.14107237E-03  5.35920819E-01
  1.50000000E+00 -2.41000000E-01  8.22352509E-02  1.18204415E-02 -1.22036717E-01  9.99999975E-05  9.22077299E-03  5.26211150E-01
  1.50000000E+00 -2.38000000E-01  8.42521026E-02  1.15428887E-02 -1.22025004E-01  9.99999975E-05  9.30346998E-03  5.16464639E-01
  1.50000000E+00 -2.35000000E-01  8.63099998E-02  1.12595552E-02 -1.22012898E-01  9.99999975E-05  9.38926646E-03  5.06689236E-01
  1.50000000E+00 -2.32000000E-01  8.84105137E-02  1.09703548E-02 -1.22000393E-01  9.99999975E-05  9.47826756E-03  4.96893071E-01
  1.50000000E+00 -2.29000000E-01  9.05552737E-02  1.06752016E-02 -1.21987484E-01  9.99999975E-05  9.57058023E-03  4.87084427E-01
  1.50000000E+00 -2.26000000E-01  9.27459699E-02  1.03740100E-02 -1.21974165E-01  9.99999975E-05  9.66631306E-03  4.77271718E-01
  1.50000000E+00 -2.23000000E-01  9.49843539E-02  1.00666951E-02 -1.21960431E-01  9.99999975E-05  9.76557604E-03  4.67463468E-01
  1.50000000E+00 -2.20000000E-01  9.72722405E-02  9.75317291E-03 -1.21946276E-01  9.99999975E-05  9.86848033E-03  4.57668280E-01
  1.50000000E+00 -2.17000000E-01  9.96115091E-02  9.43336053E-03 -1.21931696E-01  9.99999975E-05  9.97513793E-03  4.47894816E-01
  1.50000000E+00 -2.14000000E-01  1.02004105E-01  9.10717645E-03 -1.21916687E-01  9.99999975E-05  1.00856614E-02  4.38151762E-01
  1.50000000E+00 -2.11000000E-01  1.04452040E-01  8.77454086E-03 -1.21901244E-01  9.99999975E-05  1.02001633E-02  4.28447804E-01
  1.50000000E+00 -2.08000000E-01  1.06957396E-01  8.43537596E-03 -1.21885362E-01  9.99999975E-05  1.03187562E-02  4.18791591E-01
  1.50000000E+00 -2.05000000E-01  1.09522322E-01  8.08960625E-03 -1.21869039E-01  9.99999975E-05  1.04415517E-02  4.09191708E-01
  1.50000000E+00 -2.02000000E-01  1.12149039E-01  7.73715894E-03 -1.21852271E-01  9.99999975E-05  1.05686601E-02  3.99656641E-01
  1.50000000E+00 -1.99000000E-01  1.14839840E-01  7.37796429E-03 -1.21835053E-01  9.99999975E-05  1.07001903E-02  3.90194739E-01
  1.50000000E+00 -1.96000000E-01  1.17597089E-01  7.01195602E-03 -1.21817383E-01  9.99999975E-05  1.08362484E-02  3.80814185E-01
  1.50000000E+00 -1.93000000E-01  1.20423219E-01  6.63907209E-03 -1.21799261E-01  9.99999975E-05  1.09769364E-02  3.71523048E-01
  1.50000000E+00 -1.90000000E-01  1.23320739E-01  6.25925438E-03 -1.21780682E-01  9.99999975E-05  1.11223532E-02  3.62329130E-01
  1.50000000E+00 -1.87000000E-01  1.26292229E-01  5.87244978E-03 -1.21761644E-01  9.99999975E-05  1.12725927E-02  3.53239994E-01
  1.50000000E+00 -1.84000000E-01  1.29340341E-01  5.47861049E-03 -1.21742144E-01  9.99999975E-05  1.14277427E-02  3.44262940E-01
  1.50000000E+00 -1.81000000E-01  1.32467801E-01  5.07769464E-03 -1.21722183E-01  9.99999975E-05  1.15878844E-02  3.35404977E-01
  1.50000000E+00 -1.78000000E-01  1.35677403E-01  4.66966676E-03 -1.21701758E-01  9.99999975E-05  1.17530910E-02  3.26672798E-01
  1.50000000E+00 -1.75000000E-01  1.38972015E-01  4.25449837E-03 -1.21680868E-01  9.99999975E-05  1.19234265E-02  3.18072757E-01
  1.50000000E+00 -1.72000000E-01  1.42354571E-01  3.83216863E-03 -1.21659511E-01  9.99999975E-05  1.20989448E-02  3.09610850E-01
  1.50000000E+00 -1.69000000E-01  1.45828075E-01  3.40266491E-03 -1.21637686E-01  9.99999975E-05  1.22796884E-02  3.01292695E-01
  1.50000000E+00 -1.66000000E-01  1.49395595E-01  2.96598347E-03 -1.21615393E-01  9.99999975E-05  1.24656864E-02  2.93123520E-01
  1.50000000E+00 -1.63000000E-01  1.53060262E-01  2.52213014E-03 -1.21592630E-01  9.99999975E-05  1.26569541E-02  2.85108149E-01
  1.50000000E+00 -1.60000000E-01  1.56825270E-01  2.07112104E-03 -1.21569397E-01  9.99999975E-05  1.28534903E-02  2.77250994E-01
  1.50000000E+00 -1.57000000E-01  1.60693868E-01  1.61298329E-03 -1.21545693E-01  9.99999975E-05  1.30552765E-02  2.69556049E-01
  1.50000000E+00 -1.54000000E-01  1.64669361E-01  1.14775577E-03 -1.21521518E-01  9.99999975E-05  1.32622749E-02  2.62026884E-01
  1.50000000E+00 -1.51000000E-01  1.68755102E-01  6.75489861E-04 -1.21496870E-01  9.99999975E-05  1.34744268E-02  2.54666644E-01
  1.50000000E+00 -1.48000000E-01  1.72954491E-01  1.96250291E-04 -1.21471748E-01  9.99999975E-05  1.36916505E-02  2.47478053E-01
  1.50000000E+00 -1.45000000E-01  1.77270968E-01 -2.89884110E-04 -1.21446153E-01  9.99999975E-05  1.39138396E-02  2.40463414E-01
  1.50000000E+00 -1.42000000E-01  1.81708007E-01 -7.82819557E-04 -1.21420083E-01  9.99999975E-05  1.41408614E-02  2.33624617E-01
  1.50000000E+00 -1.39000000E-01  1.86269112E-01 -1.28244648E-03 -1.21393537E-01  9.99999975E-05  1.43725544E-02  2.26963151E-01
  1.50000000E+00 -1.36000000E-01  1.90957806E-01 -1.78863866E-03 -1.21366514E-01  9.99999975E-05  1.46087266E-02  2.20480109E-01
  1.50000000E+00 -1.33000000E-01  1.95777628E-01 -2.30125237E-03 -1.21339012E-01  9.99999975E-05  1.48491534E-02  2.14176208E-01
  1.50000000E+00 -1.30000000E-01  2.00732119E-01 -2.82012545E-03 -1.21311029E-01  9.99999975E-05  1.50935755E-02  2.08051802E-01
  1.50000000E+00 -1.27000000E-01  2.05824821E-01 -3.34507648E-03 -1.21282565E-01  9.99999975E-05  1.53416967E-02  2.02106901E-01
  1.50000000E+00 -1.24000000E-01  2.11059257E-01 -3.87590379E-03 -1.21253618E-01  9.99999975E-05  1.55931822E-02  1.96341196E-01
  1.50000000E+00 -1.21000000E-01  2.16438928E-01 -4.41238460E-03 -1.21224187E-01  9.99999975E-05  1.58476556E-02  1.90754076E-01
  1.50000000E+00 -1.18000000E-01  2.21967297E-01 -4.95427480E-03 -1.21194267E-01  9.99999975E-05  1.61046984E-02  1.85344642E-01
  1.50000000E+00 -1.15000000E-01  2.27647778E-01 -5.50130660E-03 -1.21163858E-01  9.99999975E-05  1.63638466E-02  1.80111740E-01
  1.50000000E+00 -1.12000000E-01  2.33483719E-01 -6.05318910E-03 -1.21132956E-01  9.99999975E-05  1.66245893E-02  1.75053988E-01
  1.50000000E+00 -1.09000000E-01  2.39478390E-01 -6.60960684E-03 -1.21101559E-01  9.99999975E-05  1.68863669E-02  1.70169792E-01
  1.50000000E+00 -1.06000000E-01  2.45634966E-01 -7.17021903E-03 -1.21069664E-01  9.99999975E-05  1.71485690E-02  1.65457378E-01
  1.50000000E+00 -1.03000000E-01  2.51956506E-01 -7.73465885E-03 -1.21037269E-01  9.99999975E-05  1.74105330E-02  1.60914819E-01
  1.50000000E+00 -1.00000000E-01  2.58445937E-01 -8.30253274E-03 -1.21004370E-01  9.99999975E-05  1.76715424E-02  1.56540057E-01
  1.50000000E+00 -9.70000000E-02  2.65106034E-01 -8.87341972E-03 -1.20970963E-01  9.99999975E-05  1.79308256E-02  1.52330931E-01
  1.50000000E+00 -9.40000000E-02  2.71939392E-01 -9.44687084E-03 -1.20937047E-01  9.99999975E-05  1.81875547E-02  1.48285205E-01
  1.50000000E+00 -9.10000000E-02  2.78948410E-01 -1.00224087E-02 -1.20902617E-01  9.99999975E-05  1.84408445E-02  1.44400596E-01
  1.50000000E+00 -8.80000000E-02  2.86135258E-01 -1.05995268E-02 -1.20867670E-01  9.99999975E-05  1.86897518E-02  1.40674796E-01
  1.50000000E+00 -8.50000000E-02  2.93501856E-01 -1.11776896E-02 -1.20832204E-01  9.99999975E-05  1.89332751E-02  1.37105502E-01
  1.50000000E+00 -8.20000000E-02  3.01049839E-01 -1.17563322E-02 -1.20796216E-01  9.99999975E-05  1.91703550E-02  1.33690442E-01
  1.50000000E+00 -7.90000000E-02  3.08780529E-01 -1.23348600E-02 -1.20759702E-01  9.99999975E-05  1.93998741E-02  1.30427399E-01
  1.50000000E+00 -7.60000000E-02  3.16694901E-01 -1.29126494E-02 -1.20722660E-01  9.99999975E-05  1.96206586E-02  1.27314240E-01
  1.50000000E+00 -7.30000000E-02  3.24793546E-01 -1.34890478E-02 -1.20685088E-01  9.99999975E-05  1.98314793E-02  1.24348940E-01
  1.50000000E+00 -7.00000000E-02  3.33076639E-01 -1.40633739E-02 -1.20646985E-01  9.99999975E-05  2.00310539E-02  1.21529613E-01
  1.50000000E+00 -6.70000000E-02  3.41543893E-01 -1.46349190E-02 -1.20608348E-01  9.99999975E-05  2.02180503E-02  1.18854533E-01
  1.50000000E+00 -6.40000000E-02  3.50194523E-01 -1.52029477E-02 -1.20569178E-01  9.99999975E-05  2.03910897E-02  1.16322165E-01
  1.50000000E+00 -6.10000000E-02  3.59027200E-01 -1.57666993E-02 -1.20529474E-01  9.99999975E-05  2.05487515E-02  1.13931196E-01
  1.50000000E+00 -5.80000000E-02  3.68040010E-01 -1.63253893E-02 -1.20489237E-01  9.99999975E-05  2.06895792E-02  1.11680560E-01
  1.50000000E+00 -5.50000000E-02  3.77230403E-01 -1.68782119E-02 -1.20448469E-01  9.99999975E-05  2.08120865E-02  1.09569470E-01
  1.50000000E+00 -5.20000000E-02  3.86595150E-01 -1.74243415E-02 -1.20407170E-01  9.99999975E-05  2.09147661E-02  1.07597454E-01
  1.50000000E+00 -4.90000000E-02  3.96130293E-01 -1.79629364E-02 -1.20365346E-01  9.99999975E-05  2.09960983E-02  1.05764389E-01
  1.50000000E+00 -4.60000000E-02  4.05831097E-01 -1.84931415E-02 -1.20323000E-01  9.99999975E-05  2.10545624E-02  1.04070539E-01
  1.50000000E+00 -4.30000000E-02  4.15692000E-01 -1.90140922E-02 -1.20280138E-01  9.99999975E-05  2.10886489E-02  1.02516596E-01
  1.50000000E+00 -4.00000000E-02  4.25706569E-01 -1.95249182E-02 -1.20236766E-01  9.99999975E-05  2.10968734E-02  1.01103722E-01
  1.50000000E+00 -3.70000000E-02  4.35867445E-01 -2.00247486E-02 -1.20192893E-01  9.99999975E-05  2.10777933E-02  9.98337192E-02
  1.50000000E+00 -3.40000000E-02  4.46166279E-01 -2.05127158E-02 -1.20148528E-01  9.99999975E-05  2.10300248E-02  9.87091912E-02
  1.50000000E+00 -3.10000000E-02  4.56593681E-01 -2.09879611E-02 -1.20103683E-01  9.99999975E-05  2.09522639E-02  9.77333343E-02
  1.50000000E+00 -2.80000000E-02  4.67139186E-01 -2.14496417E-02 -1.20058369E-01  9.99999975E-05  2.08433082E-02  9.69099522E-02
  1.50000000E+00 -2.50000000E-02  4.77791239E-01 -2.18969376E-02 -1.20012601E-01  9.99999975E-05  2.07020810E-02  9.62435330E-02
  1.50000000E+00 -2.20000000E-02  4.88537175E-01 -2.23290601E-02 -1.19966395E-01  9.99999975E-05  2.05276566E-02  9.57393172E-02
  1.50000000E+00 -1.90000000E-02  4.99363222E-01 -2.27452599E-02 -1.19919767E-01  9.99999975E-05  2.03192872E-02  9.54033784E-02
  1.50000000E+00 -1.60000000E-02  5.10254515E-01 -2.31448354E-02 -1.19872737E-01  9.99999975E-05  2.00764309E-02  9.52427119E-02
  1.50000000E+00 -1.30000000E-02  5.21195119E-01 -2.35271426E-02 -1.19825325E-01  9.99999975E-05  1.97987798E-02  9.52653450E-02
  1.50000000E+00 -1.00000000E-02  5.32168051E-01 -2.38916026E-02 -1.19777553E-01  9.99999975E-05  1.94862887E-02  9.54808266E-02
  1.50000000E+00 -7.00000000E-03  5.43155284E-01 -2.42377102E-02 -1.19729446E-01  9.99999975E-05  1.91392052E-02  9.59003939E-02
  1.50000000E+00 -4.00000000E-03  5.54137790E-01 -2.45650425E-02 -1.19681029E-01  9.99999975E-05  1.87580975E-02  9.65368749E-02
  1.50000000E+00 -1.00000000E-03  5.65095610E-01 -2.48732673E-02 -1.19632331E-01  9.99999975E-05  1.83438810E-02  9.74048617E-02
  1.50000000E+00  2.00000000E-03  5.76007949E-01 -2.51621516E-02 -1.19583381E-01  9.99999975E-05  1.78978407E-02  9.85208838E-02
  1.50000000E+00  5.00000000E-03  5.86853289E-01 -2.54315695E-02 -1.19534209E-01  9.99999975E-05  1.74216500E-02  9.99035901E-02
  1.50000000E+00  8.00000000E-03  5.97609523E-01 -2.56815087E-02 -1.19484849E-01  9.99999975E-05  1.69173820E-02  1.01573932E-01
  1.50000000E+00  1.10000000E-02  6.08254118E-01 -2.59120764E-02 -1.19435332E-01  9.99999975E-05  1.63875151E-02  1.03555343E-01
  1.50000000E+00  1.40000000E-02  6.18764295E-01 -2.61235037E-02 -1.19385694E-01  9.99999975E-05  1.58349275E-02  1.05873895E-01
  1.50000000E+00  1.70000000E-02  6.29117234E-01 -2.63161485E-02 -1.19335970E-01  9.99999975E-05  1.52628827E-02  1.08558434E-01
  1.50000000E+00  2.00000000E-02  6.39290301E-01 -2.64904963E-02 -1.19286195E-01  9.99999975E-05  1.46750014E-02  1.11640647E-01
  1.50000000E+00  2.30000000E-02  6.49261291E-01 -2.66471588E-02 -1.19236406E-01  9.99999975E-05  1.40752222E-02  1.15155061E-01
  1.50000000E+00  2.60000000E-02  6.59008691E-01 -2.67868705E-02 -1.19186639E-01  9.99999975E-05  1.34677466E-02  1.19138920E-01
  1.50000000E+00  2.90000000E-02  6.68511952E-01 -2.69104827E-02 -1.19136932E-01  9.99999975E-05  1.28569724E-02  1.23631907E-01
  1.50000000E+00  3.20000000E-02  6.77751769E-01 -2.70189545E-02 -1.19087319E-01  9.99999975E-05  1.22474126E-02  1.28675668E-01
  1.50000000E+00  3.50000000E-02  6.86710367E-01 -2.71133416E-02 -1.19037837E-01  9.99999975E-05  1.16436045E-02  1.34313065E-01
  1.50000000E+00  3.80000000E-02  6.95371772E-01 -2.71947824E-02 -1.18988520E-01  9.99999975E-05  1.10500098E-02  1.40587141E-01
  1.50000000E+00  4.10000000E-02  7.03722081E-01 -2.72644815E-02 -1.18939400E-01  9.99999975E-05  1.04709102E-02  1.47539725E-01
  1.50000000E+00  4.40000000E-02  7.11749698E-01 -2.73236913E-02 -1.18890508E-01  9.99999975E-05  9.91030272E-03  1.55209672E-01
  1.50000000E+00  4.70000000E-02  7.19445549E-01 -2.73736910E-02 -1.18841872E-01  9.99999975E-05  9.37180103E-03  1.63630740E-01
  1.50000000E+00  5.00000000E-02  7.26803245E-01 -2.74157656E-02 -1.18793517E-01  9.99999975E-05  8.85854626E-03  1.72829183E-01
  1.50000000E+00  5.30000000E-02  7.33819200E-01 -2.74511839E-02 -1.18745465E-01  9.99999975E-05  8.37313475E-03  1.82821159E-01
  1.50000000E+00  5.60000000E-02  7.40492682E-01 -2.74811757E-02 -1.18697733E-01  9.99999975E-05  7.91756658E-03  1.93610167E-01
  1.50000000E+00  5.90000000E-02  7.46825799E-01 -2.75069120E-02 -1.18650332E-01  9.99999975E-05  7.49321790E-03  2.05184763E-01
  1.50000000E+00  6.20000000E-02  7.52823406E-01 -2.75294855E-02 -1.18603270E-01  9.99999975E-05  7.10083986E-03  2.17516857E-01
  1.50000000E+00  6.50000000E-02  7.58492940E-01 -2.75498954E-02 -1.18556548E-01  9.99999975E-05  6.74058198E-03  2.30560842E-01
  1.50000000E+00  6.80000000E-02  7.63844180E-01 -2.75690346E-02 -1.18510162E-01  9.99999975E-05  6.41204262E-03  2.44253995E-01
  1.50000000E+00  7.10000000E-02  7.68888946E-01 -2.75876822E-02 -1.18464104E-01  9.99999975E-05  6.11433220E-03  2.58517884E-01
  1.50000000E+00  7.40000000E-02  7.73640757E-01 -2.76064989E-02 -1.18418358E-01  9.99999975E-05  5.84615580E-03  2.73261183E-01
  1.50000000E+00  7.70000000E-02  7.78114443E-01 -2.76260284E-02 -1.18372906E-01  9.99999975E-05  5.60590196E-03  2.88383526E-01
  1.50000000E+00  8.00000000E-02  7.82325763E-01 -2.76467013E-02 -1.18327726E-01  9.99999975E-05  5.39173082E-03  3.03779965E-01
  1.50000000E+00  8.30000000E-02  7.86291021E-01 -2.76688428E-02 -1.18282793E-01  9.99999975E-05  5.20165829E-03  3.19345610E-01
  1.50000000E+00  8.60000000E-02  7.90026717E-01 -2.76926826E-02 -1.18238081E-01  9.99999975E-05  5.03363260E-03  3.34980091E-01
  1.50000000E+00  8.90000000E-02  7.93549233E-01 -2.77183666E-02 -1.18193564E-01  9.99999975E-05  4.88560037E-03  3.50591449E-01
  1.50000000E+00  9.20000000E-02  7.96874566E-01 -2.77459691E-02 -1.18149213E-01  9.99999975E-05  4.75555910E-03  3.66099071E-01
  1.50000000E+00  9.50000000E-02  8.00018123E-01 -2.77755047E-02 -1.18105003E-01  9.99999975E-05  4.64159358E-03  3.81435276E-01
  1.50000000E+00  9.80000000E-02  8.02994552E-01 -2.78069410E-02 -1.18060909E-01  9.99999975E-05  4.54190933E-03  3.96546675E-01
  1.50000000E+00  1.01000000E-01  8.05817658E-01 -2.78402081E-02 -1.18016909E-01  9.99999975E-05  4.45484222E-03  4.11393082E-01
  1.50000000E+00  1.04000000E-01  8.08500320E-01 -2.78752082E-02 -1.17972981E-01  9.99999975E-05  4.37887221E-03  4.25947338E-01
  1.50000000E+00  1.07000000E-01  8.11054455E-01 -2.79118247E-02 -1.17929105E-01  9.99999975E-05  4.31262630E-03  4.40194021E-01
  1.50000000E+00  1.10000000E-01  8.13491031E-01 -2.79499282E-02 -1.17885265E-01  9.99999975E-05  4.25487305E-03  4.54127441E-01
  1.50000000E+00  1.13000000E-01  8.15820093E-01 -2.79893820E-02 -1.17841447E-01  9.99999975E-05  4.20451542E-03  4.67749784E-01
  1.50000000E+00  1.16000000E-01  8.18050800E-01 -2.80300468E-02 -1.17797637E-01  9.99999975E-05  4.16058224E-03  4.81069410E-01
  1.50000000E+00  1.19000000E-01  8.20191473E-01 -2.80717842E-02 -1.17753823E-01  9.99999975E-05  4.12221859E-03  4.94099316E-01
  1.50000000E+00  1.22000000E-01  8.22249648E-01 -2.81144588E-02 -1.17709997E-01  9.99999975E-05  4.08867556E-03  5.06855770E-01
  1.50000000E+00  1.25000000E-01  8.24232133E-01 -2.81579407E-02 -1.17666149E-01  9.99999975E-05  4.05929971E-03  5.19357114E-01
  1.50000000E+00  1.28000000E-01  8.26145072E-01 -2.82021063E-02 -1.17622272E-01  9.99999975E-05  4.03352247E-03  5.31622764E-01
  1.50000000E+00  1.31000000E-01  8.27994005E-01 -2.82468394E-02 -1.17578360E-01  9.99999975E-05  4.01085008E-03  5.43672386E-01
  1.50000000E+00  1.34000000E-01  8.29783924E-01 -2.82920318E-02 -1.17534408E-01  9.99999975E-05  3.99085420E-03  5.55525279E-01
  1.50000000E+00  1.37000000E-01  8.31519328E-01 -2.83375830E-02 -1.17490413E-01  9.99999975E-05  3.97316363E-03  5.67199959E-01
  1.50000000E+00  1.40000000E-01  8.33204269E-01 -2.83834007E-02 -1.17446369E-01  9.99999975E-05  3.95745757E-03  5.78713951E-01
  1.50000000E+00  1.43000000E-01  8.34842392E-01 -2.84294007E-02 -1.17402275E-01  9.99999975E-05  3.94346065E-03  5.90083800E-01
  1.50000000E+00  1.46000000E-01  8.36436974E-01 -2.84755061E-02 -1.17358127E-01  9.99999975E-05  3.93093658E-03  6.01324878E-01
  1.50000000E+00  1.49000000E-01  8.37990991E-01 -2.85216474E-02 -1.17313924E-01  9.99999975E-05  3.91967796E-03  6.12450826E-01
  1.50000000E+00  1.52000000E-01  8.39507113E-01 -2.85677620E-02 -1.17269664E-01  9.99999975E-05  3.90950938E-03  6.23474364E-01
  1.50000000E+00  1.55000000E-01  8.40987758E-01 -2.86137938E-02 -1.17225347E-01  9.99999975E-05  3.90027933E-03  6.34406895E-01
  1.50000000E+00  1.58000000E-01  8.42435112E-01 -2.86596924E-02 -1.17180971E-01  9.99999975E-05  3.89185717E-03  6.45258626E-01
  1.50000000E+00  1.61000000E-01  8.43851158E-01 -2.87054132E-02 -1.17136535E-01  9.99999975E-05  3.88413044E-03  6.56038668E-01
  1.50000000E+00  1.64000000E-01  8.45237695E-01 -2.87509169E-02 -1.17092039E-01  9.99999975E-05  3.87700240E-03  6.66755130E-01
  1.50000000E+00  1.67000000E-01  8.46596359E-01 -2.87961684E-02 -1.17047483E-01  9.99999975E-05  3.87038992E-03  6.77415212E-01
  1.50000000E+00  1.70000000E-01  8.47928636E-01 -2.88411376E-02 -1.17002866E-01  9.99999975E-05  3.86422163E-03  6.88025289E-01
  1.50000000E+00  1.73000000E-01  8.49235883E-01 -2.88857976E-02 -1.16958191E-01  9.99999975E-05  3.85843620E-03  6.98590993E-01
  1.50000000E+00  1.76000000E-01  8.50519341E-01 -2.89301257E-02 -1.16913455E-01  9.99999975E-05  3.85298092E-03  7.09117285E-01
  1.50000000E+00  1.79000000E-01  8.51780143E-01 -2.89741020E-02 -1.16868661E-01  9.99999975E-05  3.84781048E-03  7.19608531E-01
  1.50000000E+00  1.82000000E-01  8.53019331E-01 -2.90177097E-02 -1.16823807E-01  9.99999975E-05  3.84288586E-03  7.30068563E-01
  1.50000000E+00  1.85000000E-01  8.54237862E-01 -2.90609347E-02 -1.16778896E-01  9.99999975E-05  3.83817347E-03  7.40500742E-01
  1.50000000E+00  1.88000000E-01  8.55436617E-01 -2.91037650E-02 -1.16733927E-01  9.99999975E-05  3.83364433E-03  7.50908010E-01
  1.50000000E+00  1.91000000E-01  8.56616412E-01 -2.91461909E-02 -1.16688902E-01  9.99999975E-05  3.82927345E-03  7.61292948E-01
  1.50000000E+00  1.94000000E-01  8.57777999E-01 -2.91882048E-02 -1.16643820E-01  9.99999975E-05  3.82503928E-03  7.71657812E-01
  1.50000000E+00  1.97000000E-01  8.58922076E-01 -2.92298004E-02 -1.16598684E-01  9.99999975E-05  3.82092329E-03  7.82004583E-01
  1.50000000E+00  2.00000000E-01  8.60049294E-01 -2.92709732E-02 -1.16553493E-01  9.99999975E-05  3.81690951E-03  7.92334998E-01
  1.50000000E+00  2.03000000E-01  8.61160254E-01 -2.93117199E-02 -1.16508249E-01  9.99999975E-05  3.81298428E-03  8.02650581E-01
  1.50000000E+00  2.06000000E-01  8.62255520E-01 -2.93520384E-02 -1.16462953E-01  9.99999975E-05  3.80913587E-03  8.12952673E-01
  1.50000000E+00  2.09000000E-01  8.63335617E-01 -2.93919277E-02 -1.16417606E-01  9.99999975E-05  3.80535422E-03  8.23242449E-01
  1.50000000E+00  2.12000000E-01  8.64401039E-01 -2.94313877E-02 -1.16372208E-01  9.99999975E-05  3.80163065E-03  8.33520940E-01
  1.50000000E+00  2.15000000E-01  8.65452248E-01 -2.94704190E-02 -1.16326761E-01  9.99999975E-05  3.79795751E-03  8.43789039E-01
  1.50000000E+00  2.18000000E-01  8.66489683E-01 -2.95090231E-02 -1.16281265E-01  9.99999975E-05  3.79432785E-03  8.54047514E-01
  1.50000000E+00  2.21000000E-01  8.67513752E-01 -2.95472022E-02 -1.16235722E-01  9.99999975E-05  3.79073606E-03  8.64297054E-01
  1.50000000E+00  2.24000000E-01  8.68524843E-01 -2.95849586E-02 -1.16190134E-01  9.99999975E-05  3.78717748E-03  8.74538315E-01
  1.50000000E+00  2.27000000E-01  8.69523323E-01 -2.96222953E-02 -1.16144499E-01  9.99999975E-05  3.78364779E-03  8.84771822E-01
  1.50000000E+00  2.30000000E-01  8.70509538E-01 -2.96592157E-02 -1.16098820E-01  9.99999975E-05  3.78014339E-03  8.94998044E-01
  1.50000000E+00  2.33000000E-01  8.71483818E-01 -2.96957236E-02 -1.16053097E-01  9.99999975E-05  3.77666118E-03  9.05217401E-01
  1.50000000E+00  2.36000000E-01  8.72446475E-01 -2.97318230E-02 -1.16007332E-01  9.99999975E-05  3.77319841E-03  9.15430266E-01
  1.50000000E+00  2.39000000E-01  8.73397807E-01 -2.97675183E-02 -1.15961526E-01  9.99999975E-05  3.76975273E-03  9.25636974E-01
  1.50000000E+00  2.42000000E-01  8.74338100E-01 -2.98028137E-02 -1.15915679E-01  9.99999975E-05  3.76632208E-03  9.35837821E-01
  1.50000000E+00  2.45000000E-01  8.75267624E-01 -2.98377140E-02 -1.15869793E-01  9.99999975E-05  3.76290468E-03  9.46033074E-01
  1.50000000E+00  2.48000000E-01  8.76186639E-01 -2.98722238E-02 -1.15823869E-01  9.99999975E-05  3.75949900E-03  9.56222971E-01
  1.50000000E+00  2.51000000E-01  8.77095393E-01 -2.99063480E-02 -1.15777907E-01  9.99999975E-05  3.75610369E-03  9.66407726E-01
  1.50000000E+00  2.54000000E-01  8.77994125E-01 -2.99400915E-02 -1.15731909E-01  9.99999975E-05  3.75271762E-03  9.76587530E-01
  1.50000000E+00  2.57000000E-01  8.78883061E-01 -2.99734591E-02 -1.15685875E-01  9.99999975E-05  3.74933980E-03  9.86762555E-01
  1.50000000E+00  2.60000000E-01  8.79762423E-01 -3.00064558E-02 -1.15639806E-01  9.99999975E-05  3.74596938E-03  9.96932960E-01
  1.50000000E+00  2.63000000E-01  8.80632419E-01 -3.00390867E-02 -1.15593704E-01  9.99999975E-05  3.74260561E-03  1.00709888E+00
  1.50000000E+00  2.66000000E-01  8.81493253E-01 -3.00713566E-02 -1.15547568E-01  9.99999975E-05  3.73924786E-03  1.01726046E+00
  1.50000000E+00  2.69000000E-01  8.82345120E-01 -3.01032707E-02 -1.15501400E-01  9.99999975E-05  3.73589558E-03  1.02741780E+00
  1.50000000E+00  2.72000000E-01  8.83188209E-01 -3.01348336E-02 -1.15455200E-01  9.99999975E-05  3.73254829E-03  1.03757103E+00
  1.50000000E+00  2.75000000E-01  8.84022701E-01 -3.01660505E-02 -1.15408971E-01  9.99999975E-05  3.72920557E-03  1.04772023E+00
  1.50000000E+00  2.78000000E-01  8.84848771E-01 -3.01969261E-02 -1.15362711E-01  9.99999975E-05  3.72586705E-03  1.05786551E+00
  1.50000000E+00  2.81000000E-01  8.85666590E-01 -3.02274652E-02 -1.15316423E-01  9.99999975E-05  3.72253241E-03  1.06800695E+00
  1.50000000E+00  2.84000000E-01  8.86476321E-01 -3.02576725E-02 -1.15270108E-01  9.99999975E-05  3.71920138E-03  1.07814464E+00
  1.50000000E+00  2.87000000E-01  8.87278122E-01 -3.02875527E-02 -1.15223765E-01  9.99999975E-05  3.71587369E-03  1.08827866E+00
  1.50000000E+00  2.90000000E-01  8.88072149E-01 -3.03171105E-02 -1.15177395E-01  9.99999975E-05  3.71254915E-03  1.09840907E+00
  1.50000000E+00  2.93000000E-01  8.88858550E-01 -3.03463503E-02 -1.15131001E-01  9.99999975E-05  3.70922755E-03  1.10853595E+00
  1.50000000E+00  2.96000000E-01  8.89637468E-01 -3.03752766E-02 -1.15084581E-01  9.99999975E-05  3.70590873E-03  1.11865937E+00
  1.50000000E+00  2.99000000E-01  8.90409045E-01 -3.04038938E-02 -1.15038138E-01  9.99999975E-05  3.70259255E-03  1.12877939E+00
  1.50000000E+00  3.02000000E-01  8.91173416E-01 -3.04322062E-02 -1.14991671E-01  9.99999975E-05  3.69927889E-03  1.13889607E+00
  1.50000000E+00  3.05000000E-01  8.91930712E-01 -3.04602181E-02 -1.14945182E-01  9.99999975E-05  3.69596764E-03  1.14900946E+00
  1.50000000E+00  3.08000000E-01  8.92681063E-01 -3.04879336E-02 -1.14898670E-01  9.99999975E-05  3.69265873E-03  1.15911962E+00
  1.50000000E+00  3.11000000E-01  8.93424591E-01 -3.05153569E-02 -1.14852137E-01  9.99999975E-05  3.68935207E-03  1.16922661E+00
  1.50000000E+00  3.14000000E-01  8.94161418E-01 -3.05424918E-02 -1.14805584E-01  9.99999975E-05  3.68604760E-03  1.17933048E+00
  1.50000000E+00  3.17000000E-01  8.94891662E-01 -3.05693425E-02 -1.14759010E-01  9.99999975E-05  3.68274529E-03  1.18943127E+00
  1.50000000E+00  3.20000000E-01  8.95615436E-01 -3.05959126E-02 -1.14712417E-01  9.99999975E-05  3.67944506E-03  1.19952904E+00
  1.50000000E+00  3.23000000E-01  8.96332853E-01 -3.06222059E-02 -1.14665806E-01  9.99999975E-05  3.67614688E-03  1.20962383E+00
  1.50000000E+00  3.26000000E-01  8.97044020E-01 -3.06482262E-02 -1.14619176E-01  9.99999975E-05  3.67285068E-03  1.21971568E+00
  1.50000000E+00  3.29000000E-01  8.97749044E-01 -3.06739769E-02 -1.14572531E-01  9.99999975E-05  3.66955638E-03  1.22980466E+00
  1.50000000E+00  3.32000000E-01  8.98448028E-01 -3.06994617E-02 -1.14525869E-01  9.99999975E-05  3.66626392E-03  1.23989080E+00
  1.50000000E+00  3.35000000E-01  8.99141071E-01 -3.07246843E-02 -1.14479189E-01  9.99999975E-05  3.66297338E-03  1.24997414E+00
  1.50000000E+00  3.38000000E-01  8.99828271E-01 -3.07496480E-02 -1.14432494E-01  9.99999975E-05  3.65968468E-03  1.26005473E+00
  1.50000000E+00  3.41000000E-01  9.00509724E-01 -3.07743559E-02 -1.14385785E-01  9.99999975E-05  3.65639780E-03  1.27013261E+00
  1.50000000E+00  3.44000000E-01  9.01185522E-01 -3.07988115E-02 -1.14339061E-01  9.99999975E-05  3.65311271E-03  1.28020782E+00
  1.50000000E+00  3.47000000E-01  9.01855756E-01 -3.08230178E-02 -1.14292323E-01  9.99999975E-05  3.64982941E-03  1.29028040E+00
  1.50000000E+00  3.50000000E-01  9.02520514E-01 -3.08469781E-02 -1.14245573E-01  9.99999975E-05  3.64654786E-03  1.30035040E+00
  1.50000000E+00  3.53000000E-01  9.03179882E-01 -3.08706955E-02 -1.14198809E-01  9.99999975E-05  3.64326806E-03  1.31041784E+00
  1.50000000E+00  3.56000000E-01  9.03833945E-01 -3.08941728E-02 -1.14152034E-01  9.99999975E-05  3.63998999E-03  1.32048278E+00
  1.50000000E+00  3.59000000E-01  9.04482785E-01 -3.09174132E-02 -1.14105247E-01  9.99999975E-05  3.63671364E-03  1.33054524E+00
  1.50000000E+00  3.62000000E-01  9.05126482E-01 -3.09404195E-02 -1.14058449E-01  9.99999975E-05  3.63343899E-03  1.34060528E+00
  1.50000000E+00  3.65000000E-01  9.05765114E-01 -3.09631945E-02 -1.14011641E-01  9.99999975E-05  3.63016602E-03  1.35066291E+00
  1.50000000E+00  3.68000000E-01  9.06398759E-01 -3.09857409E-02 -1.13964822E-01  9.99999975E-05  3.62689474E-03  1.36071819E+00
  1.50000000E+00  3.71000000E-01  9.07027491E-01 -3.10080616E-02 -1.13917994E-01  9.99999975E-05  3.62362513E-03  1.37077115E+00
  1.50000000E+00  3.74000000E-01  9.07651384E-01 -3.10301591E-02 -1.13871157E-01  9.99999975E-05  3.62035717E-03  1.38082182E+00
  1.50000000E+00  3.77000000E-01  9.08270509E-01 -3.10520362E-02 -1.13824312E-01  9.99999975E-05  3.61709087E-03  1.39087024E+00
  1.50000000E+00  3.80000000E-01  9.08884935E-01 -3.10736952E-02 -1.13777458E-01  9.99999975E-05  3.61382620E-03  1.40091645E+00
  1.50000000E+00  3.83000000E-01  9.09494732E-01 -3.10951389E-02 -1.13730597E-01  9.99999975E-05  3.61056317E-03  1.41096048E+00
  1.50000000E+00  3.86000000E-01  9.10099966E-01 -3.11163695E-02 -1.13683729E-01  9.99999975E-05  3.60730177E-03  1.42100237E+00
  1.50000000E+00  3.89000000E-01  9.10700703E-01 -3.11373895E-02 -1.13636854E-01  9.99999975E-05  3.60404198E-03  1.43104216E+00
  1.50000000E+00  3.92000000E-01  9.11297007E-01 -3.11582013E-02 -1.13589973E-01  9.99999975E-05  3.60078380E-03  1.44107986E+00
  1.50000000E+00  3.95000000E-01  9.11888940E-01 -3.11788072E-02 -1.13543086E-01  9.99999975E-05  3.59752723E-03  1.45111553E+00
  1.50000000E+00  3.98000000E-01  9.12476565E-01 -3.11992095E-02 -1.13496194E-01  9.99999975E-05  3.59427225E-03  1.46114920E+00
  1.50000000E+00  4.01000000E-01  9.13059940E-01 -3.12194104E-02 -1.13449297E-01  9.99999975E-05  3.59101887E-03  1.47118089E+00
  1.50000000E+00  4.04000000E-01  9.13639126E-01 -3.12394121E-02 -1.13402396E-01  9.99999975E-05  3.58776707E-03  1.48121064E+00
  1.50000000E+00  4.07000000E-01  9.14214179E-01 -3.12592168E-02 -1.13355491E-01  9.99999975E-05  3.58451685E-03  1.49123848E+00
  1.50000000E+00  4.10000000E-01  9.14785155E-01 -3.12788265E-02 -1.13308582E-01  9.99999975E-05  3.58126820E-03  1.50126446E+00
  1.50000000E+00  4.13000000E-01  9.15352112E-01 -3.12982433E-02 -1.13261670E-01  9.99999975E-05  3.57802112E-03  1.51128859E+00
  1.50000000E+00  4.16000000E-01  9.15915101E-01 -3.13174692E-02 -1.13214755E-01  9.99999975E-05  3.57477560E-03  1.52131091E+00
  1.50000000E+00  4.19000000E-01  9.16474177E-01 -3.13365064E-02 -1.13167838E-01  9.99999975E-05  3.57153163E-03  1.53133146E+00
  1.50000000E+00  4.22000000E-01  9.17029391E-01 -3.13553566E-02 -1.13120918E-01  9.99999975E-05  3.56828922E-03  1.54135026E+00
  1.50000000E+00  4.25000000E-01  9.17580795E-01 -3.13740219E-02 -1.13073998E-01  9.99999975E-05  3.56504835E-03  1.55136735E+00
  1.50000000E+00  4.28000000E-01  9.18128439E-01 -3.13925041E-02 -1.13027075E-01  9.99999975E-05  3.56180902E-03  1.56138276E+00
  1.50000000E+00  4.31000000E-01  9.18672370E-01 -3.14108051E-02 -1.12980153E-01  9.99999975E-05  3.55857123E-03  1.57139651E+00
  1.50000000E+00  4.34000000E-01  9.19212639E-01 -3.14289266E-02 -1.12933229E-01  9.99999975E-05  3.55533496E-03  1.58140865E+00
  1.50000000E+00  4.37000000E-01  9.19749291E-01 -3.14468706E-02 -1.12886306E-01  9.99999975E-05  3.55210022E-03  1.59141920E+00
  1.50000000E+00  4.40000000E-01  9.20282372E-01 -3.14646387E-02 -1.12839382E-01  9.99999975E-05  3.54886700E-03  1.60142819E+00
  1.50000000E+00  4.43000000E-01  9.20811929E-01 -3.14822328E-02 -1.12792460E-01  9.99999975E-05  3.54563529E-03  1.61143565E+00
  1.50000000E+00  4.46000000E-01  9.21338005E-01 -3.14996543E-02 -1.12745538E-01  9.99999975E-05  3.54240509E-03  1.62144161E+00
  1.50000000E+00  4.49000000E-01  9.21860645E-01 -3.15169052E-02 -1.12698617E-01  9.99999975E-05  3.53917639E-03  1.63144611E+00
  1.50000000E+00  4.52000000E-01  9.22379891E-01 -3.15339869E-02 -1.12651699E-01  9.99999975E-05  3.53594920E-03  1.64144916E+00
  1.50000000E+00  4.55000000E-01  9.22895785E-01 -3.15509012E-02 -1.12604782E-01  9.99999975E-05  3.53272349E-03  1.65145081E+00
  1.50000000E+00  4.58000000E-01  9.23408368E-01 -3.15676495E-02 -1.12557867E-01  9.99999975E-05  3.52949928E-03  1.66145108E+00
  1.50000000E+00  4.61000000E-01  9.23917681E-01 -3.15842335E-02 -1.12510955E-01  9.99999975E-05  3.52627656E-03  1.67145001E+00
  1.50000000E+00  4.64000000E-01  9.24423763E-01 -3.16006547E-02 -1.12464047E-01  9.99999975E-05  3.52305531E-03  1.68144761E+00
  1.50000000E+00  4.67000000E-01  9.24926654E-01 -3.16169146E-02 -1.12417141E-01  9.99999975E-05  3.51983555E-03  1.69144392E+00
  1.50000000E+00  4.70000000E-01  9.25426392E-01 -3.16330147E-02 -1.12370239E-01  9.99999975E-05  3.51661725E-03  1.70143897E+00
  1.50000000E+00  4.73000000E-01  9.25923015E-01 -3.16489565E-02 -1.12323341E-01  9.99999975E-05  3.51340042E-03  1.71143278E+00
  1.50000000E+00  4.76000000E-01  9.26416559E-01 -3.16647413E-02 -1.12276448E-01  9.99999975E-05  3.51018506E-03  1.72142539E+00
  1.50000000E+00  4.79000000E-01  9.26907060E-01 -3.16803707E-02 -1.12229558E-01  9.99999975E-05  3.50697116E-03  1.73141683E+00
  1.50000000E+00  4.82000000E-01  9.27394555E-01 -3.16958459E-02 -1.12182674E-01  9.99999975E-05  3.50375871E-03  1.74140711E+00
  1.50000000E+00  4.85000000E-01  9.27879079E-01 -3.17111685E-02 -1.12135795E-01  9.99999975E-05  3.50054771E-03  1.75139628E+00
  1.50000000E+00  4.88000000E-01  9.28360665E-01 -3.17263397E-02 -1.12088922E-01  9.99999975E-05  3.49733816E-03  1.76138435E+00
  1.50000000E+00  4.91000000E-01  9.28839348E-01 -3.17413608E-02 -1.12042054E-01  9.99999975E-05  3.49413005E-03  1.77137136E+00
  1.50000000E+00  4.94000000E-01  9.29315162E-01 -3.17562332E-02 -1.11995192E-01  9.99999975E-05  3.49092337E-03  1.78135733E+00
  1.50000000E+00  4.97000000E-01  9.29788138E-01 -3.17709583E-02 -1.11948336E-01  9.99999975E-05  3.48771814E-03  1.79134230E+00
  1.50000000E+00  5.00000000E-01  9.30258309E-01 -3.17855371E-02 -1.11901486E-01  9.99999975E-05  3.48451433E-03  1.80132628E+00
  1.50000000E+00  5.03000000E-01  9.30725706E-01 -3.17999710E-02 -1.11854644E-01  9.99999975E-05  3.48131194E-03  1.81130932E+00
  1.50000000E+00  5.06000000E-01  9.31190361E-01 -3.18142612E-02 -1.11807809E-01  9.99999975E-05  3.47811098E-03  1.82129142E+00
  1.50000000E+00  5.09000000E-01  9.31652304E-01 -3.18284090E-02 -1.11760982E-01  9.99999975E-05  3.47491144E-03  1.83127263E+00
  1.50000000E+00  5.12000000E-01  9.32111565E-01 -3.18424155E-02 -1.11714162E-01  9.99999975E-05  3.47171331E-03  1.84125297E+00
  1.50000000E+00  5.15000000E-01  9.32568174E-01 -3.18562819E-02 -1.11667350E-01  9.99999975E-05  3.46851659E-03  1.85123246E+00
  1.50000000E+00  5.18000000E-01  9.33022159E-01 -3.18700094E-02 -1.11620546E-01  9.99999975E-05  3.46532127E-03  1.86121113E+00
  1.50000000E+00  5.21000000E-01  9.33473550E-01 -3.18835991E-02 -1.11573751E-01  9.99999975E-05  3.46212736E-03  1.87118902E+00
  1.50000000E+00  5.24000000E-01  9.33922374E-01 -3.18970522E-02 -1.11526964E-01  9.99999975E-05  3.45893485E-03  1.88116614E+00
  1.50000000E+00  5.27000000E-01  9.34368659E-01 -3.19103697E-02 -1.11480187E-01  9.99999975E-05  3.45574373E-03  1.89114252E+00
  1.50000000E+00  5.30000000E-01  9.34812432E-01 -3.19235528E-02 -1.11433418E-01  9.99999975E-05  3.45255400E-03  1.90111819E+00
  1.50000000E+00  5.33000000E-01  9.35253721E-01 -3.19366025E-02 -1.11386659E-01  9.99999975E-05  3.44936565E-03  1.91109318E+00
  1.50000000E+00  5.36000000E-01  9.35692550E-01 -3.19495200E-02 -1.11339910E-01  9.99999975E-05  3.44617869E-03  1.92106751E+00
  1.50000000E+00  5.39000000E-01  9.36128947E-01 -3.19623062E-02 -1.11293171E-01  9.99999975E-05  3.44299311E-03  1.93104121E+00
  1.50000000E+00  5.42000000E-01  9.36562937E-01 -3.19749623E-02 -1.11246442E-01  9.99999975E-05  3.43980891E-03  1.94101431E+00
  1.50000000E+00  5.45000000E-01  9.36994545E-01 -3.19874891E-02 -1.11199723E-01  9.99999975E-05  3.43662608E-03  1.95098683E+00
  1.50000000E+00  5.48000000E-01  9.37423796E-01 -3.19998878E-02 -1.11153016E-01  9.99999975E-05  3.43344462E-03  1.96095879E+00
  1.50000000E+00  5.51000000E-01  9.37850713E-01 -3.20121593E-02 -1.11106319E-01  9.99999975E-05  3.43026452E-03  1.97093023E+00
  1.50000000E+00  5.54000000E-01  9.38275322E-01 -3.20243047E-02 -1.11059633E-01  9.99999975E-05  3.42708578E-03  1.98090116E+00
  1.50000000E+00  5.57000000E-01  9.38697645E-01 -3.20363248E-02 -1.11012958E-01  9.99999975E-05  3.42390841E-03  1.99087163E+00
  1.50000000E+00  5.60000000E-01  9.39117707E-01 -3.20482207E-02 -1.10966295E-01  9.99999975E-05  3.42073238E-03  2.00084164E+00
  1.50000000E+00  5.63000000E-01  9.39535529E-01 -3.20599933E-02 -1.10919644E-01  9.99999975E-05  3.41755771E-03  2.01081123E+00
  1.50000000E+00  5.66000000E-01  9.39951134E-01 -3.20716435E-02 -1.10873005E-01  9.99999975E-05  3.41438439E-03  2.02078042E+00
  1.50000000E+00  5.69000000E-01  9.40364545E-01 -3.20831722E-02 -1.10826378E-01  9.99999975E-05  3.41121241E-03  2.03074924E+00
  1.50000000E+00  5.72000000E-01  9.40775784E-01 -3.20945804E-02 -1.10779764E-01  9.99999975E-05  3.40804177E-03  2.04071772E+00
  1.50000000E+00  5.75000000E-01  9.41184871E-01 -3.21058690E-02 -1.10733162E-01  9.99999975E-05  3.40487247E-03  2.05068587E+00
  1.50000000E+00  5.78000000E-01  9.41591829E-01 -3.21170388E-02 -1.10686573E-01  9.99999975E-05  3.40170450E-03  2.06065373E+00
  1.50000000E+00  5.81000000E-01  9.41996678E-01 -3.21280907E-02 -1.10639998E-01  9.99999975E-05  3.39853786E-03  2.07062132E+00
  1.50000000E+00  5.84000000E-01  9.42399438E-01 -3.21390255E-02 -1.10593435E-01  9.99999975E-05  3.39537255E-03  2.08058866E+00
  1.50000000E+00  5.87000000E-01  9.42800131E-01 -3.21498442E-02 -1.10546886E-01  9.99999975E-05  3.39220857E-03  2.09055579E+00
  1.50000000E+00  5.90000000E-01  9.43198776E-01 -3.21605476E-02 -1.10500351E-01  9.99999975E-05  3.38904590E-03  2.10052272E+00
  1.50000000E+00  5.93000000E-01  9.43595393E-01 -3.21711365E-02 -1.10453829E-01  9.99999975E-05  3.38588456E-03  2.11048948E+00
  1.50000000E+00  5.96000000E-01  9.43990001E-01 -3.21816116E-02 -1.10407322E-01  9.99999975E-05  3.38272453E-03  2.12045610E+00
  1.50000000E+00  5.99000000E-01  9.44382619E-01 -3.21919740E-02 -1.10360829E-01  9.99999975E-05  3.37956581E-03  2.13042260E+00
  1.50000000E+00  6.02000000E-01  9.44773267E-01 -3.22022242E-02 -1.10314351E-01  9.99999975E-05  3.37640840E-03  2.14038901E+00
  1.50000000E+00  6.05000000E-01  9.45161963E-01 -3.22123632E-02 -1.10267887E-01  9.99999975E-05  3.37325229E-03  2.15035535E+00
  1.50000000E+00  6.08000000E-01  9.45548725E-01 -3.22223917E-02 -1.10221438E-01  9.99999975E-05  3.37009749E-03  2.16032164E+00
  1.50000000E+00  6.11000000E-01  9.45933572E-01 -3.22323104E-02 -1.10175004E-01  9.99999975E-05  3.36694399E-03  2.17028791E+00
  1.50000000E+00  6.14000000E-01  9.46316521E-01 -3.22421202E-02 -1.10128585E-01  9.99999975E-05  3.36379178E-03  2.18025420E+00
  1.50000000E+00  6.17000000E-01  9.46697590E-01 -3.22518219E-02 -1.10082182E-01  9.99999975E-05  3.36064087E-03  2.19022051E+00
  1.50000000E+00  6.20000000E-01  9.47076796E-01 -3.22614160E-02 -1.10035794E-01  9.99999975E-05  3.35749124E-03  2.20018687E+00
  1.50000000E+00  6.23000000E-01  9.47454156E-01 -3.22709034E-02 -1.09989422E-01  9.99999975E-05  3.35434291E-03  2.21015332E+00
  1.50000000E+00  6.26000000E-01  9.47829688E-01 -3.22802849E-02 -1.09943066E-01  9.99999975E-05  3.35119586E-03  2.22011987E+00
  1.50000000E+00  6.29000000E-01  9.48203407E-01 -3.22895611E-02 -1.09896726E-01  9.99999975E-05  3.34805009E-03  2.23008656E+00
  1.50000000E+00  6.32000000E-01  9.48575331E-01 -3.22987327E-02 -1.09850403E-01  9.99999975E-05  3.34490560E-03  2.24005339E+00
  1.50000000E+00  6.35000000E-01  9.48945476E-01 -3.23078005E-02 -1.09804095E-01  9.99999975E-05  3.34176238E-03  2.25002041E+00
  1.50000000E+00  6.38000000E-01  9.49313857E-01 -3.23167651E-02 -1.09757805E-01  9.99999975E-05  3.33862044E-03  2.25998763E+00
  1.50000000E+00  6.41000000E-01  9.49680491E-01 -3.23256272E-02 -1.09711531E-01  9.99999975E-05  3.33547977E-03  2.26995507E+00
  1.50000000E+00  6.44000000E-01  9.50045392E-01 -3.23343876E-02 -1.09665275E-01  9.99999975E-05  3.33234036E-03  2.27992277E+00
  1.50000000E+00  6.47000000E-01  9.50408577E-01 -3.23430468E-02 -1.09619035E-01  9.99999975E-05  3.32920223E-03  2.28989075E+00
  1.50000000E+00  6.50000000E-01  9.50770060E-01 -3.23516056E-02 -1.09572813E-01  9.99999975E-05  3.32606535E-03  2.29985902E+00
  1.50000000E+00  6.53000000E-01  9.51129856E-01 -3.23600646E-02 -1.09526608E-01  9.99999975E-05  3.32292973E-03  2.30982762E+00
  1.50000000E+00  6.56000000E-01  9.51487981E-01 -3.23684244E-02 -1.09480421E-01  9.99999975E-05  3.31979537E-03  2.31979658E+00
  1.50000000E+00  6.59000000E-01  9.51844448E-01 -3.23766858E-02 -1.09434252E-01  9.99999975E-05  3.31666227E-03  2.32976590E+00
  1.50000000E+00  6.62000000E-01  9.52199272E-01 -3.23848493E-02 -1.09388101E-01  9.99999975E-05  3.31353041E-03  2.33973563E+00
  1.50000000E+00  6.65000000E-01  9.52552467E-01 -3.23929156E-02 -1.09341968E-01  9.99999975E-05  3.31039981E-03  2.34970577E+00
  1.50000000E+00  6.68000000E-01  9.52904048E-01 -3.24008852E-02 -1.09295853E-01  9.99999975E-05  3.30727045E-03  2.35967637E+00
  1.50000000E+00  6.71000000E-01  9.53254028E-01 -3.24087589E-02 -1.09249756E-01  9.99999975E-05  3.30414233E-03  2.36964743E+00
  1.50000000E+00  6.74000000E-01  9.53602421E-01 -3.24165372E-02 -1.09203678E-01  9.99999975E-05  3.30101546E-03  2.37961899E+00
  1.50000000E+00  6.77000000E-01  9.53949239E-01 -3.24242207E-02 -1.09157619E-01  9.99999975E-05  3.29788982E-03  2.38959107E+00
  1.50000000E+00  6.80000000E-01  9.54294497E-01 -3.24318100E-02 -1.09111579E-01  9.99999975E-05  3.29476542E-03  2.39956370E+00
  1.50000000E+00  6.83000000E-01  9.54638208E-01 -3.24393057E-02 -1.09065557E-01  9.99999975E-05  3.29164226E-03  2.40953689E+00
  1.50000000E+00  6.86000000E-01  9.54980385E-01 -3.24467085E-02 -1.09019555E-01  9.99999975E-05  3.28852032E-03  2.41951067E+00
  1.50000000E+00  6.89000000E-01  9.55321040E-01 -3.24540188E-02 -1.08973572E-01  9.99999975E-05  3.28539962E-03  2.42948507E+00
  1.50000000E+00  6.92000000E-01  9.55660185E-01 -3.24612372E-02 -1.08927609E-01  9.99999975E-05  3.28228014E-03  2.43946011E+00
  1.50000000E+00  6.95000000E-01  9.55997835E-01 -3.24683644E-02 -1.08881665E-01  9.99999975E-05  3.27916189E-03  2.44943581E+00
  1.50000000E+00  6.98000000E-01  9.56334000E-01 -3.24754008E-02 -1.08835741E-01  9.99999975E-05  3.27604485E-03  2.45941221E+00
  1.50000000E+00  7.01000000E-01  9.56668693E-01 -3.24823471E-02 -1.08789837E-01  9.99999975E-05  3.27292904E-03  2.46938931E+00
  1.50000000E+00  7.04000000E-01  9.57001927E-01 -3.24892037E-02 -1.08743952E-01  9.99999975E-05  3.26981444E-03  2.47936715E+00
  1.50000000E+00  7.07000000E-01  9.57333712E-01 -3.24959713E-02 -1.08698088E-01  9.99999975E-05  3.26670106E-03  2.48934575E+00
  1.50000000E+00  7.10000000E-01  9.57664061E-01 -3.25026503E-02 -1.08652245E-01  9.99999975E-05  3.26358889E-03  2.49932513E+00
  1.50000000E+00  7.13000000E-01  9.57992986E-01 -3.25092413E-02 -1.08606421E-01  9.99999975E-05  3.26047794E-03  2.50930532E+00
  1.50000000E+00  7.16000000E-01  9.58320497E-01 -3.25157449E-02 -1.08560618E-01  9.99999975E-05  3.25736819E-03  2.51928635E+00
  1.50000000E+00  7.19000000E-01  9.58646606E-01 -3.25221615E-02 -1.08514836E-01  9.99999975E-05  3.25425964E-03  2.52926823E+00
  1.50000000E+00  7.22000000E-01  9.58971324E-01 -3.25284916E-02 -1.08469075E-01  9.99999975E-05  3.25115230E-03  2.53925098E+00
  1.50000000E+00  7.25000000E-01  9.59294663E-01 -3.25347358E-02 -1.08423335E-01  9.99999975E-05  3.24804617E-03  2.54923464E+00
  1.50000000E+00  7.28000000E-01  9.59616633E-01 -3.25408947E-02 -1.08377615E-01  9.99999975E-05  3.24494123E-03  2.55921923E+00
  1.50000000E+00  7.31000000E-01  9.59937245E-01 -3.25469686E-02 -1.08331917E-01  9.99999975E-05  3.24183749E-03  2.56920477E+00
  1.50000000E+00  7.34000000E-01  9.60256510E-01 -3.25529581E-02 -1.08286240E-01  9.99999975E-05  3.23873494E-03  2.57919129E+00
  1.50000000E+00  7.37000000E-01  9.60574438E-01 -3.25588636E-02 -1.08240585E-01  9.99999975E-05  3.23563359E-03  2.58917880E+00
  1.50000000E+00  7.40000000E-01  9.60891040E-01 -3.25646858E-02 -1.08194951E-01  9.99999975E-05  3.23253343E-03  2.59916733E+00
  1.50000000E+00  7.43000000E-01  9.61206326E-01 -3.25704250E-02 -1.08149339E-01  9.99999975E-05  3.22943446E-03  2.60915692E+00
  1.50000000E+00  7.46000000E-01  9.61520305E-01 -3.25760817E-02 -1.08103749E-01  9.99999975E-05  3.22633668E-03  2.61914757E+00
  1.50000000E+00  7.49000000E-01  9.61832989E-01 -3.25816564E-02 -1.08058181E-01  9.99999975E-05  3.22324008E-03  2.62913931E+00
  1.50000000E+00  7.52000000E-01  9.62144387E-01 -3.25871496E-02 -1.08012634E-01  9.99999975E-05  3.22014467E-03  2.63913217E+00
  1.50000000E+00  7.55000000E-01  9.62454509E-01 -3.25925617E-02 -1.07967110E-01  9.99999975E-05  3.21705044E-03  2.64912618E+00
  1.50000000E+00  7.58000000E-01  9.62763365E-01 -3.25978933E-02 -1.07921608E-01  9.99999975E-05  3.21395738E-03  2.65912135E+00
  1.50000000E+00  7.61000000E-01  9.63070964E-01 -3.26031447E-02 -1.07876129E-01  9.99999975E-05  3.21086551E-03  2.66911770E+00
  1.50000000E+00  7.64000000E-01  9.63377315E-01 -3.26083164E-02 -1.07830672E-01  9.99999975E-05  3.20777481E-03  2.67911527E+00
  1.50000000E+00  7.67000000E-01  9.63682429E-01 -3.26134089E-02 -1.07785238E-01  9.99999975E-05  3.20468529E-03  2.68911408E+00
  1.50000000E+00  7.70000000E-01  9.63986314E-01 -3.26184226E-02 -1.07739826E-01  9.99999975E-05  3.20159694E-03  2.69911414E+00
  1.50000000E+00  7.73000000E-01  9.64288979E-01 -3.26233580E-02 -1.07694438E-01  9.99999975E-05  3.19850976E-03  2.70911549E+00
  1.50000000E+00  7.76000000E-01  9.64590435E-01 -3.26282154E-02 -1.07649072E-01  9.99999975E-05  3.19542375E-03  2.71911815E+00
  1.50000000E+00  7.79000000E-01  9.64890689E-01 -3.26329953E-02 -1.07603729E-01  9.99999975E-05  3.19233890E-03  2.72912213E+00
  1.50000000E+00  7.82000000E-01  9.65189750E-01 -3.26376982E-02 -1.07558410E-01  9.99999975E-05  3.18925522E-03  2.73912747E+00
  1.50000000E+00  7.85000000E-01  9.65487628E-01 -3.26423245E-02 -1.07513114E-01  9.99999975E-05  3.18617271E-03  2.74913419E+00
  1.50000000E+00  7.88000000E-01  9.65784330E-01 -3.26468746E-02 -1.07467841E-01  9.99999975E-05  3.18309136E-03  2.75914231E+00
  1.50000000E+00  7.91000000E-01  9.66079866E-01 -3.26513489E-02 -1.07422591E-01  9.99999975E-05  3.18001116E-03  2.76915186E+00
  1.50000000E+00  7.94000000E-01  9.66374244E-01 -3.26557478E-02 -1.07377366E-01  9.99999975E-05  3.17693213E-03  2.77916285E+00
  1.50000000E+00  7.97000000E-01  9.66667473E-01 -3.26600717E-02 -1.07332164E-01  9.99999975E-05  3.17385425E-03  2.78917532E+00
  1.50000000E+00  8.00000000E-01  9.66959560E-01 -3.26643211E-02 -1.07286986E-01  9.99999975E-05  3.17077753E-03  2.79918928E+00
  1.50000000E+00  8.03000000E-01  9.67250514E-01 -3.26684964E-02 -1.07241831E-01  9.99999975E-05  3.16770197E-03  2.80920476E+00
  1.50000000E+00  8.06000000E-01  9.67540343E-01 -3.26725979E-02 -1.07196701E-01  9.99999975E-05  3.16462755E-03  2.81922179E+00
  1.50000000E+00  8.09000000E-01  9.67829055E-01 -3.26766260E-02 -1.07151595E-01  9.99999975E-05  3.16155429E-03  2.82924038E+00
  1.50000000E+00  8.12000000E-01  9.68116658E-01 -3.26805812E-02 -1.07106513E-01  9.99999975E-05  3.15848218E-03  2.83926057E+00
  1.50000000E+00  8.15000000E-01  9.68403160E-01 -3.26844638E-02 -1.07061455E-01  9.99999975E-05  3.15541121E-03  2.84928236E+00
  1.50000000E+00  8.18000000E-01  9.68688568E-01 -3.26882742E-02 -1.07016422E-01  9.99999975E-05  3.15234139E-03  2.85930580E+00
  1.50000000E+00  8.21000000E-01  9.68972891E-01 -3.26920129E-02 -1.06971413E-01  9.99999975E-05  3.14927272E-03  2.86933090E+00
  1.50000000E+00  8.24000000E-01  9.69256136E-01 -3.26956801E-02 -1.06926429E-01  9.99999975E-05  3.14620519E-03  2.87935768E+00
  1.50000000E+00  8.27000000E-01  9.69538311E-01 -3.26992762E-02 -1.06881469E-01  9.99999975E-05  3.14313880E-03  2.88938617E+00
  1.50000000E+00  8.30000000E-01  9.69819422E-01 -3.27028017E-02 -1.06836535E-01  9.99999975E-05  3.14007356E-03  2.89941639E+00
  1.50000000E+00  8.33000000E-01  9.70099478E-01 -3.27062569E-02 -1.06791625E-01  9.99999975E-05  3.13700945E-03  2.90944837E+00
  1.50000000E+00  8.36000000E-01  9.70378485E-01 -3.27096422E-02 -1.06746740E-01  9.99999975E-05  3.13394648E-03  2.91948213E+00
  1.50000000E+00  8.39000000E-01  9.70656451E-01 -3.27129579E-02 -1.06701880E-01  9.99999975E-05  3.13088465E-03  2.92951769E+00
  1.50000000E+00  8.42000000E-01  9.70933384E-01 -3.27162043E-02 -1.06657046E-01  9.99999975E-05  3.12782396E-03  2.93955508E+00
  1.50000000E+00  8.45000000E-01  9.71209289E-01 -3.27193820E-02 -1.06612236E-01  9.99999975E-05  3.12476440E-03  2.94959432E+00
  1.50000000E+00  8.48000000E-01  9.71484174E-01 -3.27224911E-02 -1.06567452E-01  9.99999975E-05  3.12170597E-03  2.95963543E+00
  1.50000000E+00  8.51000000E-01  9.71758046E-01 -3.27255321E-02 -1.06522693E-01  9.99999975E-05  3.11864867E-03  2.96967844E+00
  1.50000000E+00  8.54000000E-01  9.72030913E-01 -3.27285053E-02 -1.06477960E-01  9.99999975E-05  3.11559251E-03  2.97972337E+00
  1.50000000E+00  8.57000000E-01  9.72302779E-01 -3.27314111E-02 -1.06433253E-01  9.99999975E-05  3.11253747E-03  2.98977025E+00
  1.50000000E+00  8.60000000E-01  9.72573654E-01 -3.27342497E-02 -1.06388571E-01  9.99999975E-05  3.10948356E-03  2.99981909E+00
  1.50000000E+00  8.63000000E-01  9.72843542E-01 -3.27370217E-02 -1.06343914E-01  9.99999975E-05  3.10643078E-03  3.00986993E+00
  1.50000000E+00  8.66000000E-01  9.73112451E-01 -3.27397271E-02 -1.06299284E-01  9.99999975E-05  3.10337913E-03  3.01992278E+00
  1.50000000E+00  8.69000000E-01  9.73380387E-01 -3.27423665E-02 -1.06254680E-01  9.99999975E-05  3.10032860E-03  3.02997767E+00
  1.50000000E+00  8.72000000E-01  9.73647356E-01 -3.27449402E-02 -1.06210101E-01  9.99999975E-05  3.09727919E-03  3.04003462E+00
  1.50000000E+00  8.75000000E-01  9.73913366E-01 -3.27474484E-02 -1.06165549E-01  9.99999975E-05  3.09423091E-03  3.05009366E+00
  1.50000000E+00  8.78000000E-01  9.74178422E-01 -3.27498916E-02 -1.06121023E-01  9.99999975E-05  3.09118375E-03  3.06015481E+00
  1.50000000E+00  8.81000000E-01  9.74442530E-01 -3.27522700E-02 -1.06076523E-01  9.99999975E-05  3.08813771E-03  3.07021810E+00
  1.50000000E+00  8.84000000E-01  9.74705697E-01 -3.27545839E-02 -1.06032049E-01  9.99999975E-05  3.08509279E-03  3.08028353E+00
  1.50000000E+00  8.87000000E-01  9.74967930E-01 -3.27568337E-02 -1.05987602E-01  9.99999975E-05  3.08204899E-03  3.09035115E+00
  1.50000000E+00  8.90000000E-01  9.75229233E-01 -3.27590197E-02 -1.05943181E-01  9.99999975E-05  3.07900631E-03  3.10042098E+00
  1.50000000E+00  8.93000000E-01  9.75489613E-01 -3.27611423E-02 -1.05898787E-01  9.99999975E-05  3.07596474E-03  3.11049303E+00
  1.50000000E+00  8.96000000E-01  9.75749076E-01 -3.27632016E-02 -1.05854419E-01  9.99999975E-05  3.07292429E-03  3.12056734E+00
  1.50000000E+00  8.99000000E-01  9.76007627E-01 -3.27651981E-02 -1.05810079E-01  9.99999975E-05  3.06988495E-03  3.13064392E+00
  1.50000000E+00  9.02000000E-01  9.76265274E-01 -3.27671320E-02 -1.05765764E-01  9.99999975E-05  3.06684673E-03  3.14072279E+00
  1.50000000E+00  9.05000000E-01  9.76522021E-01 -3.27690037E-02 -1.05721477E-01  9.99999975E-05  3.06380962E-03  3.15080399E+00
  1.50000000E+00  9.08000000E-01  9.76777874E-01 -3.27708134E-02 -1.05677217E-01  9.99999975E-05  3.06077362E-03  3.16088754E+00
  1.50000000E+00  9.11000000E-01  9.77032839E-01 -3.27725615E-02 -1.05632984E-01  9.99999975E-05  3.05773874E-03  3.17097346E+00
  1.50000000E+00  9.14000000E-01  9.77286922E-01 -3.27742483E-02 -1.05588777E-01  9.99999975E-05  3.05470496E-03  3.18106177E+00
  1.50000000E+00  9.17000000E-01  9.77540128E-01 -3.27758740E-02 -1.05544598E-01  9.99999975E-05  3.05167230E-03  3.19115249E+00
  1.50000000E+00  9.20000000E-01  9.77792462E-01 -3.27774389E-02 -1.05500446E-01  9.99999975E-05  3.04864074E-03  3.20124566E+00
  1.50000000E+00  9.23000000E-01  9.78043930E-01 -3.27789434E-02 -1.05456322E-01  9.99999975E-05  3.04561030E-03  3.21134129E+00
  1.50000000E+00  9.26000000E-01  9.78294538E-01 -3.27803877E-02 -1.05412224E-01  9.99999975E-05  3.04258096E-03  3.22143942E+00
  1.50000000E+00  9.29000000E-01  9.78544291E-01 -3.27817721E-02 -1.05368155E-01  9.99999975E-05  3.03955272E-03  3.23154005E+00
  1.50000000E+00  9.32000000E-01  9.78793193E-01 -3.27830970E-02 -1.05324112E-01  9.99999975E-05  3.03652560E-03  3.24164322E+00
  1.50000000E+00  9.35000000E-01  9.79041251E-01 -3.27843625E-02 -1.05280098E-01  9.99999975E-05  3.03349958E-03  3.25174894E+00
  1.50000000E+00  9.38000000E-01  9.79288470E-01 -3.27855690E-02 -1.05236110E-01  9.99999975E-05  3.03047466E-03  3.26185725E+00
  1.50000000E+00  9.41000000E-01  9.79534854E-01 -3.27867167E-02 -1.05192151E-01  9.99999975E-05  3.02745085E-03  3.27196817E+00
  1.50000000E+00  9.44000000E-01  9.79780410E-01 -3.27878060E-02 -1.05148219E-01  9.99999975E-05  3.02442814E-03  3.28208172E+00
  1.50000000E+00  9.47000000E-01  9.80025141E-01 -3.27888371E-02 -1.05104315E-01  9.99999975E-05  3.02140653E-03  3.29219792E+00
  1.50000000E+00  9.50000000E-01  9.80269053E-01 -3.27898102E-02 -1.05060439E-01  9.99999975E-05  3.01838603E-03  3.30231680E+00
  1.50000000E+00  9.53000000E-01  9.80512151E-01 -3.27907257E-02 -1.05016591E-01  9.99999975E-05  3.01536662E-03  3.31243838E+00
  1.50000000E+00  9.56000000E-01  9.80754440E-01 -3.27915838E-02 -1.04972771E-01  9.99999975E-05  3.01234832E-03  3.32256268E+00
  1.50000000E+00  9.59000000E-01  9.80995924E-01 -3.27923848E-02 -1.04928979E-01  9.99999975E-05  3.00933112E-03  3.33268974E+00
  1.50000000E+00  9.62000000E-01  9.81236609E-01 -3.27931290E-02 -1.04885215E-01  9.99999975E-05  3.00631502E-03  3.34281957E+00
  1.50000000E+00  9.65000000E-01  9.81476499E-01 -3.27938165E-02 -1.04841480E-01  9.99999975E-05  3.00330002E-03  3.35295219E+00
  1.50000000E+00  9.68000000E-01  9.81715600E-01 -3.27944478E-02 -1.04797772E-01  9.99999975E-05  3.00028612E-03  3.36308764E+00
  1.50000000E+00  9.71000000E-01  9.81953915E-01 -3.27950230E-02 -1.04754093E-01  9.99999975E-05  2.99727332E-03  3.37322592E+00
  1.50000000E+00  9.74000000E-01  9.82191449E-01 -3.27955424E-02 -1.04710442E-01  9.99999975E-05  2.99426161E-03  3.38336708E+00
  1.50000000E+00  9.77000000E-01  9.82428208E-01 -3.27960062E-02 -1.04666820E-01  9.99999975E-05  2.99125100E-03  3.39351113E+00
  1.50000000E+00  9.80000000E-01  9.82664195E-01 -3.27964148E-02 -1.04623226E-01  9.99999975E-05  2.98824149E-03  3.40365809E+00
  1.50000000E+00  9.83000000E-01  9.82899415E-01 -3.27967683E-02 -1.04579661E-01  9.99999975E-05  2.98523308E-03  3.41380800E+00
  1.50000000E+00  9.86000000E-01  9.83133873E-01 -3.27970670E-02 -1.04536124E-01  9.99999975E-05  2.98222576E-03  3.42396087E+00
  1.50000000E+00  9.89000000E-01  9.83367573E-01 -3.27973112E-02 -1.04492616E-01  9.99999975E-05  2.97921954E-03  3.43411672E+00
  1.50000000E+00  9.92000000E-01  9.83600520E-01 -3.27975011E-02 -1.04449137E-01  9.99999975E-05  2.97621442E-03  3.44427558E+00
  1.50000000E+00  9.95000000E-01  9.83832717E-01 -3.27976370E-02 -1.04405686E-01  9.99999975E-05  2.97321039E-03  3.45443748E+00
  1.50000000E+00  9.98000000E-01  9.84064170E-01 -3.27977190E-02 -1.04362265E-01  9.99999975E-05  2.97020746E-03  3.46460244E+00
  1.50000000E+00  1.00100000E+00  9.84294882E-01 -3.27977476E-02 -1.04318872E-01  9.99999975E-05  2.96720562E-03  3.47477048E+00
  1.50000000E+00  1.00400000E+00  9.84524858E-01 -3.27977228E-02 -1.04275508E-01  9.99999975E-05  2.96420487E-03  3.48494163E+00
  1.50000000E+00  1.00700000E+00  9.84754102E-01 -3.27976449E-02 -1.04232173E-01  9.99999975E-05  2.96120522E-03  3.49511591E+00
  1.50000000E+00  1.01000000E+00  9.84982618E-01 -3.27975142E-02 -1.04188867E-01  9.99999975E-05  2.95820666E-03  3.50529334E+00
  1.50000000E+00  1.01300000E+00  9.85210411E-01 -3.27973309E-02 -1.04145591E-01  9.99999975E-05  2.95520920E-03  3.51547395E+00
  1.50000000E+00  1.01600000E+00  9.85437483E-01 -3.27970953E-02 -1.04102343E-01  9.99999975E-05  2.95221283E-03  3.52565777E+00
  1.50000000E+00  1.01900000E+00  9.85663841E-01 -3.27968075E-02 -1.04059125E-01  9.99999975E-05  2.94921756E-03  3.53584480E+00
  1.50000000E+00  1.02200000E+00  9.85889487E-01 -3.27964678E-02 -1.04015935E-01  9.99999975E-05  2.94622338E-03  3.54603509E+00
  1.50000000E+00  1.02500000E+00  9.86114425E-01 -3.27960765E-02 -1.03972776E-01  9.99999975E-05  2.94323029E-03  3.55622866E+00
  1.50000000E+00  1.02800000E+00  9.86338660E-01 -3.27956337E-02 -1.03929645E-01  9.99999975E-05  2.94023829E-03  3.56642552E+00
  1.50000000E+00  1.03100000E+00  9.86562195E-01 -3.27951397E-02 -1.03886544E-01  9.99999975E-05  2.93724739E-03  3.57662570E+00
  1.50000000E+00  1.03400000E+00  9.86785035E-01 -3.27945947E-02 -1.03843472E-01  9.99999975E-05  2.93425758E-03  3.58682923E+00
  1.50000000E+00  1.03700000E+00  9.87007183E-01 -3.27939990E-02 -1.03800430E-01  9.99999975E-05  2.93126886E-03  3.59703613E+00
  1.50000000E+00  1.04000000E+00  9.87228643E-01 -3.27933527E-02 -1.03757417E-01  9.99999975E-05  2.92828124E-03  3.60724642E+00
  1.50000000E+00  1.04300000E+00  9.87449419E-01 -3.27926561E-02 -1.03714434E-01  9.99999975E-05  2.92529471E-03  3.61746013E+00
  1.50000000E+00  1.04600000E+00  9.87669515E-01 -3.27919094E-02 -1.03671481E-01  9.99999975E-05  2.92230927E-03  3.62767728E+00
  1.50000000E+00  1.04900000E+00  9.87888933E-01 -3.27911129E-02 -1.03628557E-01  9.99999975E-05  2.91932492E-03  3.63789790E+00
  1.50000000E+00  1.05200000E+00  9.88107679E-01 -3.27902666E-02 -1.03585663E-01  9.99999975E-05  2.91634167E-03  3.64812201E+00
  1.50000000E+00  1.05500000E+00  9.88325756E-01 -3.27893710E-02 -1.03542799E-01  9.99999975E-05  2.91335950E-03  3.65834963E+00
  1.50000000E+00  1.05800000E+00  9.88543167E-01 -3.27884261E-02 -1.03499964E-01  9.99999975E-05  2.91037843E-03  3.66858079E+00
  1.50000000E+00  1.06100000E+00  9.88759916E-01 -3.27874321E-02 -1.03457159E-01  9.99999975E-05  2.90739846E-03  3.67881552E+00
  1.50000000E+00  1.06400000E+00  9.88976007E-01 -3.27863894E-02 -1.03414385E-01  9.99999975E-05  2.90441957E-03  3.68905383E+00
  1.50000000E+00  1.06700000E+00  9.89191443E-01 -3.27852981E-02 -1.03371640E-01  9.99999975E-05  2.90144178E-03  3.69929575E+00
  1.50000000E+00  1.07000000E+00  9.89406227E-01 -3.27841584E-02 -1.03328925E-01  9.99999975E-05  2.89846508E-03  3.70954130E+00
  1.50000000E+00  1.07300000E+00  9.89620364E-01 -3.27829705E-02 -1.03286240E-01  9.99999975E-05  2.89548948E-03  3.71979052E+00
  1.50000000E+00  1.07600000E+00  9.89833856E-01 -3.27817346E-02 -1.03243585E-01  9.99999975E-05  2.89251497E-03  3.73004341E+00
  1.50000000E+00  1.07900000E+00  9.90046707E-01 -3.27804510E-02 -1.03200961E-01  9.99999975E-05  2.88954155E-03  3.74030002E+00
  1.50000000E+00  1.08200000E+00  9.90258921E-01 -3.27791198E-02 -1.03158366E-01  9.99999975E-05  2.88656922E-03  3.75056035E+00
  1.50000000E+00  1.08500000E+00  9.90470501E-01 -3.27777412E-02 -1.03115802E-01  9.99999975E-05  2.88359799E-03  3.76082444E+00
  1.50000000E+00  1.08800000E+00  9.90681449E-01 -3.27763155E-02 -1.03073268E-01  9.99999975E-05  2.88062785E-03  3.77109232E+00
  1.50000000E+00  1.09100000E+00  9.90891771E-01 -3.27748428E-02 -1.03030764E-01  9.99999975E-05  2.87765880E-03  3.78136399E+00
  1.50000000E+00  1.09400000E+00  9.91101468E-01 -3.27733233E-02 -1.02988291E-01  9.99999975E-05  2.87469085E-03  3.79163949E+00
  1.50000000E+00  1.09700000E+00  9.91310544E-01 -3.27717573E-02 -1.02945848E-01  9.99999975E-05  2.87172400E-03  3.80191885E+00
  1.50000000E+00  1.10000000E+00  9.91519002E-01 -3.27701449E-02 -1.02903435E-01  9.99999975E-05  2.86875824E-03  3.81220208E+00
  1.50000000E+00  1.10300000E+00  9.91726846E-01 -3.27684864E-02 -1.02861052E-01  9.99999975E-05  2.86579357E-03  3.82248922E+00
  1.50000000E+00  1.10600000E+00  9.91934079E-01 -3.27667818E-02 -1.02818701E-01  9.99999975E-05  2.86283000E-03  3.83278028E+00
  1.50000000E+00  1.10900000E+00  9.92140704E-01 -3.27650315E-02 -1.02776379E-01  9.99999975E-05  2.85986752E-03  3.84307528E+00
  1.50000000E+00  1.11200000E+00  9.92346723E-01 -3.27632355E-02 -1.02734088E-01  9.99999975E-05  2.85690614E-03  3.85337427E+00
  1.50000000E+00  1.11500000E+00  9.92552141E-01 -3.27613942E-02 -1.02691828E-01  9.99999975E-05  2.85394586E-03  3.86367725E+00
  1.50000000E+00  1.11800000E+00  9.92756960E-01 -3.27595077E-02 -1.02649598E-01  9.99999975E-05  2.85098667E-03  3.87398425E+00
  1.50000000E+00  1.12100000E+00  9.92961184E-01 -3.27575761E-02 -1.02607399E-01  9.99999975E-05  2.84802858E-03  3.88429530E+00
  1.50000000E+00  1.12400000E+00  9.93164814E-01 -3.27555996E-02 -1.02565231E-01  9.99999975E-05  2.84507159E-03  3.89461042E+00
  1.50000000E+00  1.12700000E+00  9.93367855E-01 -3.27535786E-02 -1.02523093E-01  9.99999975E-05  2.84211570E-03  3.90492964E+00
  1.50000000E+00  1.13000000E+00  9.93570310E-01 -3.27515130E-02 -1.02480986E-01  9.99999975E-05  2.83916090E-03  3.91525297E+00
  1.50000000E+00  1.13300000E+00  9.93772180E-01 -3.27494032E-02 -1.02438910E-01  9.99999975E-05  2.83620720E-03  3.92558045E+00
  1.50000000E+00  1.13600000E+00  9.93973470E-01 -3.27472492E-02 -1.02396865E-01  9.99999975E-05  2.83325460E-03  3.93591210E+00
  1.50000000E+00  1.13900000E+00  9.94174182E-01 -3.27450513E-02 -1.02354850E-01  9.99999975E-05  2.83030310E-03  3.94624795E+00
  1.50000000E+00  1.14200000E+00  9.94374319E-01 -3.27428097E-02 -1.02312867E-01  9.99999975E-05  2.82735270E-03  3.95658801E+00
  1.50000000E+00  1.14500000E+00  9.94573884E-01 -3.27405245E-02 -1.02270914E-01  9.99999975E-05  2.82440340E-03  3.96693231E+00
  1.50000000E+00  1.14800000E+00  9.94772880E-01 -3.27381959E-02 -1.02228992E-01  9.99999975E-05  2.82145520E-03  3.97728088E+00
  1.50000000E+00  1.15100000E+00  9.94971310E-01 -3.27358241E-02 -1.02187101E-01  9.99999975E-05  2.81850811E-03  3.98763374E+00
  1.50000000E+00  1.15400000E+00  9.95169176E-01 -3.27334093E-02 -1.02145241E-01  9.99999975E-05  2.81556211E-03  3.99799092E+00
  1.50000000E+00  1.15700000E+00  9.95366481E-01 -3.27309516E-02 -1.02103412E-01  9.99999975E-05  2.81261722E-03  4.00835243E+00
  1.50000000E+00  1.16000000E+00  9.95563228E-01 -3.27284512E-02 -1.02061615E-01  9.99999975E-05  2.80967343E-03  4.01871831E+00
  1.50000000E+00  1.16300000E+00  9.95759420E-01 -3.27259083E-02 -1.02019848E-01  9.99999975E-05  2.80673074E-03  4.02908858E+00
  1.50000000E+00  1.16600000E+00  9.95955059E-01 -3.27233231E-02 -1.01978112E-01  9.99999975E-05  2.80378916E-03  4.03946326E+00
  1.50000000E+00  1.16900000E+00  9.96150149E-01 -3.27206957E-02 -1.01936408E-01  9.99999975E-05  2.80084868E-03  4.04984238E+00
  1.50000000E+00  1.17200000E+00  9.96344691E-01 -3.27180263E-02 -1.01894735E-01  9.99999975E-05  2.79790931E-03  4.06022597E+00
  1.50000000E+00  1.17500000E+00  9.96538689E-01 -3.27153150E-02 -1.01853093E-01  9.99999975E-05  2.79497105E-03  4.07061404E+00
  1.50000000E+00  1.17800000E+00  9.96732145E-01 -3.27125621E-02 -1.01811482E-01  9.99999975E-05  2.79203389E-03  4.08100662E+00
  1.50000000E+00  1.18100000E+00  9.96925061E-01 -3.27097677E-02 -1.01769902E-01  9.99999975E-05  2.78909784E-03  4.09140374E+00
  1.50000000E+00  1.18400000E+00  9.97117441E-01 -3.27069320E-02 -1.01728354E-01  9.99999975E-05  2.78616290E-03  4.10180542E+00
  1.50000000E+00  1.18700000E+00  9.97309287E-01 -3.27040551E-02 -1.01686837E-01  9.99999975E-05  2.78322906E-03  4.11221169E+00
  1.50000000E+00  1.19000000E+00  9.97500601E-01 -3.27011372E-02 -1.01645351E-01  9.99999975E-05  2.78029634E-03  4.12262256E+00
  1.50000000E+00  1.19300000E+00  9.97691386E-01 -3.26981785E-02 -1.01603897E-01  9.99999975E-05  2.77736473E-03  4.13303807E+00
  1.50000000E+00  1.19600000E+00  9.97881645E-01 -3.26951791E-02 -1.01562474E-01  9.99999975E-05  2.77443422E-03  4.14345824E+00
  1.50000000E+00  1.19900000E+00  9.98071380E-01 -3.26921391E-02 -1.01521083E-01  9.99999975E-05  2.77150483E-03  4.15388310E+00
  1.50000000E+00  1.20200000E+00  9.98260593E-01 -3.26890588E-02 -1.01479723E-01  9.99999975E-05  2.76857656E-03  4.16431266E+00
  1.50000000E+00  1.20500000E+00  9.98449287E-01 -3.26859384E-02 -1.01438394E-01  9.99999975E-05  2.76564939E-03  4.17474696E+00
  1.50000000E+00  1.20800000E+00  9.98637465E-01 -3.26827779E-02 -1.01397097E-01  9.99999975E-05  2.76272334E-03  4.18518602E+00
  1.50000000E+00  1.21100000E+00  9.98825129E-01 -3.26795775E-02 -1.01355831E-01  9.99999975E-05  2.75979841E-03  4.19562986E+00
  1.50000000E+00  1.21400000E+00  9.99012280E-01 -3.26763373E-02 -1.01314597E-01  9.99999975E-05  2.75687459E-03  4.20607851E+00
  1.50000000E+00  1.21700000E+00  9.99198923E-01 -3.26730577E-02 -1.01273395E-01  9.99999975E-05  2.75395189E-03  4.21653199E+00
  1.50000000E+00  1.22000000E+00  9.99385058E-01 -3.26697386E-02 -1.01232224E-01  9.99999975E-05  2.75103030E-03  4.22699033E+00
  1.50000000E+00  1.22300000E+00  9.99570689E-01 -3.26663802E-02 -1.01191084E-01  9.99999975E-05  2.74810984E-03  4.23745355E+00
  1.50000000E+00  1.22600000E+00  9.99755817E-01 -3.26629828E-02 -1.01149976E-01  9.99999975E-05  2.74519049E-03  4.24792167E+00
  1.50000000E+00  1.22900000E+00  9.99940446E-01 -3.26595464E-02 -1.01108900E-01  9.99999975E-05  2.74227226E-03  4.25839473E+00
  1.50000000E+00  1.23200000E+00  1.00012458E+00 -3.26560712E-02 -1.01067856E-01  9.99999975E-05  2.73935516E-03  4.26887275E+00
  1.50000000E+00  1.23500000E+00  1.00030821E+00 -3.26525573E-02 -1.01026843E-01  9.99999975E-05  2.73643918E-03  4.27935575E+00
  1.50000000E+00  1.23800000E+00  1.00049135E+00 -3.26490050E-02 -1.00985862E-01  9.99999975E-05  2.73352432E-03  4.28984375E+00
  1.50000000E+00  1.24100000E+00  1.00067401E+00 -3.26454143E-02 -1.00944913E-01  9.99999975E-05  2.73061058E-03  4.30033678E+00
  1.50000000E+00  1.24400000E+00  1.00085617E+00 -3.26417854E-02 -1.00903995E-01  9.99999975E-05  2.72769797E-03  4.31083488E+00
  1.50000000E+00  1.24700000E+00  1.00103784E+00 -3.26381185E-02 -1.00863109E-01  9.99999975E-05  2.72478649E-03  4.32133805E+00
  1.50000000E+00  1.25000000E+00  1.00121904E+00 -3.26344136E-02 -1.00822255E-01  9.99999975E-05  2.72187613E-03  4.33184633E+00
  1.50000000E+00  1.25300000E+00  1.00139975E+00 -3.26306710E-02 -1.00781433E-01  9.99999975E-05  2.71896691E-03  4.34235974E+00
  1.50000000E+00  1.25600000E+00  1.00157998E+00 -3.26268908E-02 -1.00740643E-01  9.99999975E-05  2.71605881E-03  4.35287830E+00
  1.50000000E+00  1.25900000E+00  1.00175973E+00 -3.26230731E-02 -1.00699884E-01  9.99999975E-05  2.71315184E-03  4.36340205E+00
  1.50000000E+00  1.26200000E+00  1.00193900E+00 -3.26192181E-02 -1.00659157E-01  9.99999975E-05  2.71024600E-03  4.37393100E+00
  1.50000000E+00  1.26500000E+00  1.00211781E+00 -3.26153259E-02 -1.00618463E-01  9.99999975E-05  2.70734130E-03  4.38446518E+00
  1.50000000E+00  1.26800000E+00  1.00229614E+00 -3.26113967E-02 -1.00577800E-01  9.99999975E-05  2.70443772E-03  4.39500462E+00
  1.50000000E+00  1.27100000E+00  1.00247400E+00 -3.26074306E-02 -1.00537169E-01  9.99999975E-05  2.70153529E-03  4.40554934E+00
  1.50000000E+00  1.27400000E+00  1.00265140E+00 -3.26034277E-02 -1.00496570E-01  9.99999975E-05  2.69863399E-03  4.41609936E+00
  1.50000000E+00  1.27700000E+00  1.00282833E+00 -3.25993882E-02 -1.00456003E-01  9.99999975E-05  2.69573382E-03  4.42665471E+00
  1.50000000E+00  1.28000000E+00  1.00300480E+00 -3.25953122E-02 -1.00415467E-01  9.99999975E-05  2.69283480E-03  4.43721542E+00
  1.50000000E+00  1.28300000E+00  1.00318080E+00 -3.25911998E-02 -1.00374964E-01  9.99999975E-05  2.68993691E-03  4.44778151E+00
  1.50000000E+00  1.28600000E+00  1.00335635E+00 -3.25870513E-02 -1.00334493E-01  9.99999975E-05  2.68704017E-03  4.45835301E+00
  1.50000000E+00  1.28900000E+00  1.00353144E+00 -3.25828667E-02 -1.00294054E-01  9.99999975E-05  2.68414456E-03  4.46892994E+00
  1.50000000E+00  1.29200000E+00  1.00370607E+00 -3.25786462E-02 -1.00253647E-01  9.99999975E-05  2.68125010E-03  4.47951232E+00
  1.50000000E+00  1.29500000E+00  1.00388026E+00 -3.25743899E-02 -1.00213272E-01  9.99999975E-05  2.67835678E-03  4.49010018E+00
  1.50000000E+00  1.29800000E+00  1.00405399E+00 -3.25700979E-02 -1.00172928E-01  9.99999975E-05  2.67546461E-03  4.50069355E+00
  1.50000000E+00  1.30100000E+00  1.00422727E+00 -3.25657704E-02 -1.00132617E-01  9.99999975E-05  2.67257359E-03  4.51129245E+00
  1.50000000E+00  1.30400000E+00  1.00440010E+00 -3.25614075E-02 -1.00092339E-01  9.99999975E-05  2.66968371E-03  4.52189691E+00
  1.50000000E+00  1.30700000E+00  1.00457249E+00 -3.25570094E-02 -1.00052092E-01  9.99999975E-05  2.66679499E-03  4.53250695E+00
  1.50000000E+00  1.31000000E+00  1.00474444E+00 -3.25525761E-02 -1.00011877E-01  9.99999975E-05  2.66390741E-03  4.54312259E+00
  1.50000000E+00  1.31300000E+00  1.00491594E+00 -3.25481078E-02 -9.99716945E-02  9.99999975E-05  2.66102098E-03  4.55374387E+00
  1.50000000E+00  1.31600000E+00  1.00508701E+00 -3.25436047E-02 -9.99315441E-02  9.99999975E-05  2.65813571E-03  4.56437080E+00
  1.50000000E+00  1.31900000E+00  1.00525763E+00 -3.25390668E-02 -9.98914258E-02  9.99999975E-05  2.65525160E-03  4.57500342E+00
  1.50000000E+00  1.32200000E+00  1.00542782E+00 -3.25344944E-02 -9.98513397E-02  9.99999975E-05  2.65236863E-03  4.58564174E+00
  1.50000000E+00  1.32500000E+00  1.00559758E+00 -3.25298874E-02 -9.98112857E-02  9.99999975E-05  2.64948683E-03  4.59628579E+00
  1.50000000E+00  1.32800000E+00  1.00576690E+00 -3.25252461E-02 -9.97712640E-02  9.99999975E-05  2.64660619E-03  4.60693560E+00
  1.50000000E+00  1.33100000E+00  1.00593580E+00 -3.25205706E-02 -9.97312744E-02  9.99999975E-05  2.64372670E-03  4.61759120E+00
  1.50000000E+00  1.33400000E+00  1.00610426E+00 -3.25158610E-02 -9.96913170E-02  9.99999975E-05  2.64084838E-03  4.62825260E+00
  1.50000000E+00  1.33700000E+00  1.00627230E+00 -3.25111174E-02 -9.96513919E-02  9.99999975E-05  2.63797122E-03  4.63891983E+00
  1.50000000E+00  1.34000000E+00  1.00643992E+00 -3.25063400E-02 -9.96114990E-02  9.99999975E-05  2.63509522E-03  4.64959293E+00
  1.50000000E+00  1.34300000E+00  1.00660711E+00 -3.25015289E-02 -9.95716384E-02  9.99999975E-05  2.63222039E-03  4.66027191E+00
  1.50000000E+00  1.34600000E+00  1.00677387E+00 -3.24966842E-02 -9.95318100E-02  9.99999975E-05  2.62934673E-03  4.67095679E+00
  1.50000000E+00  1.34900000E+00  1.00694022E+00 -3.24918060E-02 -9.94920138E-02  9.99999975E-05  2.62647423E-03  4.68164761E+00
  1.50000000E+00  1.35200000E+00  1.00710615E+00 -3.24868945E-02 -9.94522500E-02  9.99999975E-05  2.62360291E-03  4.69234439E+00
  1.50000000E+00  1.35500000E+00  1.00727167E+00 -3.24819497E-02 -9.94125184E-02  9.99999975E-05  2.62073276E-03  4.70304715E+00
  1.50000000E+00  1.35800000E+00  1.00743677E+00 -3.24769718E-02 -9.93728191E-02  9.99999975E-05  2.61786378E-03  4.71375593E+00
  1.50000000E+00  1.36100000E+00  1.00760145E+00 -3.24719610E-02 -9.93331521E-02  9.99999975E-05  2.61499598E-03  4.72447074E+00
  1.50000000E+00  1.36400000E+00  1.00776573E+00 -3.24669173E-02 -9.92935175E-02  9.99999975E-05  2.61212935E-03  4.73519161E+00
  1.50000000E+00  1.36700000E+00  1.00792959E+00 -3.24618409E-02 -9.92539151E-02  9.99999975E-05  2.60926390E-03  4.74591856E+00
  1.50000000E+00  1.37000000E+00  1.00809305E+00 -3.24567318E-02 -9.92143451E-02  9.99999975E-05  2.60639963E-03  4.75665163E+00
  1.50000000E+00  1.37300000E+00  1.00825610E+00 -3.24515902E-02 -9.91748074E-02  9.99999975E-05  2.60353655E-03  4.76739083E+00
  1.50000000E+00  1.37600000E+00  1.00841875E+00 -3.24464163E-02 -9.91353021E-02  9.99999975E-05  2.60067464E-03  4.77813619E+00
  1.50000000E+00  1.37900000E+00  1.00858099E+00 -3.24412101E-02 -9.90958291E-02  9.99999975E-05  2.59781392E-03  4.78888775E+00
  1.50000000E+00  1.38200000E+00  1.00874284E+00 -3.24359717E-02 -9.90563885E-02  9.99999975E-05  2.59495439E-03  4.79964551E+00
  1.50000000E+00  1.38500000E+00  1.00890428E+00 -3.24307014E-02 -9.90169802E-02  9.99999975E-05  2.59209604E-03  4.81040951E+00
  1.50000000E+00  1.38800000E+00  1.00906532E+00 -3.24253991E-02 -9.89776043E-02  9.99999975E-05  2.58923888E-03  4.82117978E+00
  1.50000000E+00  1.39100000E+00  1.00922597E+00 -3.24200650E-02 -9.89382608E-02  9.99999975E-05  2.58638292E-03  4.83195633E+00
  1.50000000E+00  1.39400000E+00  1.00938622E+00 -3.24146992E-02 -9.88989497E-02  9.99999975E-05  2.58352815E-03  4.84273920E+00
  1.50000000E+00  1.39700000E+00  1.00954608E+00 -3.24093018E-02 -9.88596710E-02  9.99999975E-05  2.58067457E-03  4.85352841E+00
  1.50000000E+00  1.40000000E+00  1.00970555E+00 -3.24038730E-02 -9.88204247E-02  9.99999975E-05  2.57782219E-03  4.86432398E+00
  1.50000000E+00  1.40300000E+00  1.00986462E+00 -3.23984128E-02 -9.87812108E-02  9.99999975E-05  2.57497100E-03  4.87512594E+00
  1.50000000E+00  1.40600000E+00  1.01002331E+00 -3.23929214E-02 -9.87420293E-02  9.99999975E-05  2.57212102E-03  4.88593432E+00
  1.50000000E+00  1.40900000E+00  1.01018161E+00 -3.23873989E-02 -9.87028802E-02  9.99999975E-05  2.56927224E-03  4.89674913E+00
  1.50000000E+00  1.41200000E+00  1.01033952E+00 -3.23818454E-02 -9.86637635E-02  9.99999975E-05  2.56642466E-03  4.90757042E+00
  1.50000000E+00  1.41500000E+00  1.01049705E+00 -3.23762610E-02 -9.86246793E-02  9.99999975E-05  2.56357828E-03  4.91839820E+00
  1.50000000E+00  1.41800000E+00  1.01065420E+00 -3.23706458E-02 -9.85856275E-02  9.99999975E-05  2.56073312E-03  4.92923249E+00
  1.50000000E+00  1.42100000E+00  1.01081096E+00 -3.23649999E-02 -9.85466081E-02  9.99999975E-05  2.55788916E-03  4.94007333E+00
  1.50000000E+00  1.42400000E+00  1.01096735E+00 -3.23593234E-02 -9.85076212E-02  9.99999975E-05  2.55504641E-03  4.95092073E+00
  1.50000000E+00  1.42700000E+00  1.01112336E+00 -3.23536165E-02 -9.84686667E-02  9.99999975E-05  2.55220488E-03  4.96177473E+00
  1.50000000E+00  1.43000000E+00  1.01127898E+00 -3.23478793E-02 -9.84297446E-02  9.99999975E-05  2.54936456E-03  4.97263534E+00
  1.50000000E+00  1.43300000E+00  1.01143424E+00 -3.23421118E-02 -9.83908550E-02  9.99999975E-05  2.54652546E-03  4.98350261E+00
  1.50000000E+00  1.43600000E+00  1.01158912E+00 -3.23363141E-02 -9.83519979E-02  9.99999975E-05  2.54368757E-03  4.99437654E+00
  1.50000000E+00  1.43900000E+00  1.01174362E+00 -3.23304865E-02 -9.83131732E-02  9.99999975E-05  2.54085091E-03  5.00525716E+00
  1.50000000E+00  1.44200000E+00  1.01189776E+00 -3.23246289E-02 -9.82743810E-02  9.99999975E-05  2.53801546E-03  5.01614451E+00
  1.50000000E+00  1.44500000E+00  1.01205153E+00 -3.23187415E-02 -9.82356212E-02  9.99999975E-05  2.53518124E-03  5.02703860E+00
  1.50000000E+00  1.44800000E+00  1.01220492E+00 -3.23128244E-02 -9.81968939E-02  9.99999975E-05  2.53234825E-03  5.03793947E+00
  1.50000000E+00  1.45100000E+00  1.01235795E+00 -3.23068776E-02 -9.81581991E-02  9.99999975E-05  2.52951648E-03  5.04884713E+00
  1.50000000E+00  1.45400000E+00  1.01251062E+00 -3.23009014E-02 -9.81195368E-02  9.99999975E-05  2.52668595E-03  5.05976161E+00
  1.50000000E+00  1.45700000E+00  1.01266291E+00 -3.22948958E-02 -9.80809069E-02  9.99999975E-05  2.52385664E-03  5.07068294E+00
  1.50000000E+00  1.46000000E+00  1.01281485E+00 -3.22888609E-02 -9.80423095E-02  9.99999975E-05  2.52102858E-03  5.08161115E+00
  1.50000000E+00  1.46300000E+00  1.01296642E+00 -3.22827968E-02 -9.80037447E-02  9.99999975E-05  2.51820174E-03  5.09254626E+00
  1.50000000E+00  1.46600000E+00  1.01311764E+00 -3.22767036E-02 -9.79652123E-02  9.99999975E-05  2.51537615E-03  5.10348828E+00
  1.50000000E+00  1.46900000E+00  1.01326849E+00 -3.22705814E-02 -9.79267122E-02  9.99999975E-05  2.51255179E-03  5.11443726E+00
  1.50000000E+00  1.47200000E+00  1.01341899E+00 -3.22644303E-02 -9.78882447E-02  9.99999975E-05  2.50972868E-03  5.12539322E+00
  1.50000000E+00  1.47500000E+00  1.01356913E+00 -3.22582505E-02 -9.78498097E-02  9.99999975E-05  2.50690681E-03  5.13635617E+00
  1.50000000E+00  1.47800000E+00  1.01371892E+00 -3.22520420E-02 -9.78114072E-02  9.99999975E-05  2.50408618E-03  5.14732615E+00
  1.50000000E+00  1.48100000E+00  1.01386835E+00 -3.22458049E-02 -9.77730372E-02  9.99999975E-05  2.50126681E-03  5.15830319E+00
  1.50000000E+00  1.48400000E+00  1.01401743E+00 -3.22395393E-02 -9.77346996E-02  9.99999975E-05  2.49844868E-03  5.16928730E+00
  1.50000000E+00  1.48700000E+00  1.01416615E+00 -3.22332453E-02 -9.76963946E-02  9.99999975E-05  2.49563181E-03  5.18027851E+00
  1.50000000E+00  1.49000000E+00  1.01431453E+00 -3.22269230E-02 -9.76581220E-02  9.99999975E-05  2.49281619E-03  5.19127685E+00
  1.50000000E+00  1.49300000E+00  1.01446256E+00 -3.22205725E-02 -9.76198819E-02  9.99999975E-05  2.49000183E-03  5.20228235E+00
  1.50000000E+00  1.49600000E+00  1.01461024E+00 -3.22141940E-02 -9.75816743E-02  9.99999975E-05  2.48718873E-03  5.21329502E+00
  1.50000000E+00  1.49900000E+00  1.01475758E+00 -3.22077875E-02 -9.75434992E-02  9.99999975E-05  2.48437689E-03  5.22431490E+00
  1.50000000E+00  1.50200000E+00  1.01490457E+00 -3.22013530E-02 -9.75053566E-02  9.99999975E-05  2.48156631E-03  5.23534201E+00
  1.50000000E+00  1.50500000E+00  1.01505121E+00 -3.21948908E-02 -9.74672464E-02  9.99999975E-05  2.47875700E-03  5.24637637E+00
  1.50000000E+00  1.50800000E+00  1.01519752E+00 -3.21884009E-02 -9.74291687E-02  9.99999975E-05  2.47594896E-03  5.25741802E+00
  1.50000000E+00  1.51100000E+00  1.01534348E+00 -3.21818833E-02 -9.73911235E-02  9.99999975E-05  2.47314219E-03  5.26846697E+00
  1.50000000E+00  1.51400000E+00  1.01548910E+00 -3.21753383E-02 -9.73531108E-02  9.99999975E-05  2.47033669E-03  5.27952325E+00
  1.50000000E+00  1.51700000E+00  1.01563438E+00 -3.21687658E-02 -9.73151305E-02  9.99999975E-05  2.46753246E-03  5.29058689E+00
  1.50000000E+00  1.52000000E+00  1.01577933E+00 -3.21621660E-02 -9.72771828E-02  9.99999975E-05  2.46472951E-03  5.30165792E+00
  1.50000000E+00  1.52300000E+00  1.01592394E+00 -3.21555390E-02 -9.72392674E-02  9.99999975E-05  2.46192784E-03  5.31273635E+00
  1.50000000E+00  1.52600000E+00  1.01606821E+00 -3.21488848E-02 -9.72013846E-02  9.99999975E-05  2.45912746E-03  5.32382221E+00
  1.50000000E+00  1.52900000E+00  1.01621215E+00 -3.21422036E-02 -9.71635342E-02  9.99999975E-05  2.45632835E-03  5.33491554E+00
  1.50000000E+00  1.53200000E+00  1.01635575E+00 -3.21354955E-02 -9.71257163E-02  9.99999975E-05  2.45353054E-03  5.34601635E+00
  1.50000000E+00  1.53500000E+00  1.01649903E+00 -3.21287605E-02 -9.70879308E-02  9.99999975E-05  2.45073401E-03  5.35712466E+00
  1.50000000E+00  1.53800000E+00  1.01664197E+00 -3.21219987E-02 -9.70501778E-02  9.99999975E-05  2.44793877E-03  5.36824052E+00
  1.50000000E+00  1.54100000E+00  1.01678458E+00 -3.21152102E-02 -9.70124573E-02  9.99999975E-05  2.44514482E-03  5.37936393E+00
  1.50000000E+00  1.54400000E+00  1.01692687E+00 -3.21083952E-02 -9.69747692E-02  9.99999975E-05  2.44235218E-03  5.39049493E+00
  1.50000000E+00  1.54700000E+00  1.01706883E+00 -3.21015537E-02 -9.69371135E-02  9.99999975E-05  2.43956082E-03  5.40163354E+00
  1.50000000E+00  1.55000000E+00  1.01721046E+00 -3.20946858E-02 -9.68994903E-02  9.99999975E-05  2.43677077E-03  5.41277979E+00
  1.50000000E+00  1.55300000E+00  1.01735176E+00 -3.20877915E-02 -9.68618995E-02  9.99999975E-05  2.43398203E-03  5.42393370E+00
  1.50000000E+00  1.55600000E+00  1.01749275E+00 -3.20808711E-02 -9.68243412E-02  9.99999975E-05  2.43119459E-03  5.43509529E+00
  1.50000000E+00  1.55900000E+00  1.01763340E+00 -3.20739245E-02 -9.67868153E-02  9.99999975E-05  2.42840845E-03  5.44626460E+00
  1.50000000E+00  1.56200000E+00  1.01777374E+00 -3.20669519E-02 -9.67493219E-02  9.99999975E-05  2.42562363E-03  5.45744165E+00
  1.50000000E+00  1.56500000E+00  1.01791376E+00 -3.20599533E-02 -9.67118608E-02  9.99999975E-05  2.42284012E-03  5.46862646E+00
  1.50000000E+00  1.56800000E+00  1.01805345E+00 -3.20529288E-02 -9.66744322E-02  9.99999975E-05  2.42005793E-03  5.47981906E+00
  1.50000000E+00  1.57100000E+00  1.01819283E+00 -3.20458786E-02 -9.66370360E-02  9.99999975E-05  2.41727705E-03  5.49101948E+00
  1.50000000E+00  1.57400000E+00  1.01833189E+00 -3.20388027E-02 -9.65996723E-02  9.99999975E-05  2.41449749E-03  5.50222773E+00
  1.50000000E+00  1.57700000E+00  1.01847064E+00 -3.20317011E-02 -9.65623409E-02  9.99999975E-05  2.41171926E-03  5.51344385E+00
  1.50000000E+00  1.58000000E+00  1.01860906E+00 -3.20245741E-02 -9.65250419E-02  9.99999975E-05  2.40894235E-03  5.52466786E+00
  1.50000000E+00  1.58300000E+00  1.01874718E+00 -3.20174216E-02 -9.64877753E-02  9.99999975E-05  2.40616678E-03  5.53589978E+00
  1.50000000E+00  1.58600000E+00  1.01888498E+00 -3.20102437E-02 -9.64505412E-02  9.99999975E-05  2.40339253E-03  5.54713964E+00
  1.50000000E+00  1.58900000E+00  1.01902247E+00 -3.20030406E-02 -9.64133394E-02  9.99999975E-05  2.40061961E-03  5.55838747E+00
  1.50000000E+00  1.59200000E+00  1.01915964E+00 -3.19958124E-02 -9.63761699E-02  9.99999975E-05  2.39784804E-03  5.56964329E+00
  1.50000000E+00  1.59500000E+00  1.01929651E+00 -3.19885590E-02 -9.63390329E-02  9.99999975E-05  2.39507780E-03  5.58090713E+00
  1.50000000E+00  1.59800000E+00  1.01943307E+00 -3.19812806E-02 -9.63019282E-02  9.99999975E-05  2.39230890E-03  5.59217901E+00
  1.50000000E+00  1.60100000E+00  1.01956932E+00 -3.19739773E-02 -9.62648559E-02  9.99999975E-05  2.38954134E-03  5.60345895E+00
  1.50000000E+00  1.60400000E+00  1.01970526E+00 -3.19666491E-02 -9.62278159E-02  9.99999975E-05  2.38677514E-03  5.61474699E+00
  1.50000000E+00  1.60700000E+00  1.01984089E+00 -3.19592962E-02 -9.61908083E-02  9.99999975E-05  2.38401028E-03  5.62604314E+00
  1.50000000E+00  1.61000000E+00  1.01997622E+00 -3.19519186E-02 -9.61538330E-02  9.99999975E-05  2.38124677E-03  5.63734743E+00
  1.50000000E+00  1.61300000E+00  1.02011125E+00 -3.19445165E-02 -9.61168901E-02  9.99999975E-05  2.37848462E-03  5.64865989E+00
  1.50000000E+00  1.61600000E+00  1.02024597E+00 -3.19370898E-02 -9.60799794E-02  9.99999975E-05  2.37572383E-03  5.65998054E+00
  1.50000000E+00  1.61900000E+00  1.02038039E+00 -3.19296387E-02 -9.60431011E-02  9.99999975E-05  2.37296439E-03  5.67130941E+00
  1.50000000E+00  1.62200000E+00  1.02051451E+00 -3.19221632E-02 -9.60062551E-02  9.99999975E-05  2.37020632E-03  5.68264653E+00
  1.50000000E+00  1.62500000E+00  1.02064832E+00 -3.19146635E-02 -9.59694415E-02  9.99999975E-05  2.36744962E-03  5.69399190E+00
  1.50000000E+00  1.62800000E+00  1.02078184E+00 -3.19071395E-02 -9.59326601E-02  9.99999975E-05  2.36469428E-03  5.70534557E+00
  1.50000000E+00  1.63100000E+00  1.02091506E+00 -3.18995915E-02 -9.58959110E-02  9.99999975E-05  2.36194032E-03  5.71670756E+00
  1.50000000E+00  1.63400000E+00  1.02104798E+00 -3.18920195E-02 -9.58591942E-02  9.99999975E-05  2.35918773E-03  5.72807789E+00
  1.50000000E+00  1.63700000E+00  1.02118061E+00 -3.18844235E-02 -9.58225096E-02  9.99999975E-05  2.35643651E-03  5.73945659E+00
  1.50000000E+00  1.64000000E+00  1.02131294E+00 -3.18768036E-02 -9.57858573E-02  9.99999975E-05  2.35368668E-03  5.75084368E+00
  1.50000000E+00  1.64300000E+00  1.02144497E+00 -3.18691599E-02 -9.57492373E-02  9.99999975E-05  2.35093823E-03  5.76223918E+00
  1.50000000E+00  1.64600000E+00  1.02157671E+00 -3.18614926E-02 -9.57126496E-02  9.99999975E-05  2.34819117E-03  5.77364313E+00
  1.50000000E+00  1.64900000E+00  1.02170816E+00 -3.18538016E-02 -9.56760941E-02  9.99999975E-05  2.34544549E-03  5.78505554E+00
  1.50000000E+00  1.65200000E+00  1.02183932E+00 -3.18460870E-02 -9.56395708E-02  9.99999975E-05  2.34270121E-03  5.79647645E+00
  1.50000000E+00  1.65500000E+00  1.02197018E+00 -3.18383490E-02 -9.56030797E-02  9.99999975E-05  2.33995831E-03  5.80790587E+00
  1.50000000E+00  1.65800000E+00  1.02210075E+00 -3.18305876E-02 -9.55666209E-02  9.99999975E-05  2.33721682E-03  5.81934383E+00
  1.50000000E+00  1.66100000E+00  1.02223104E+00 -3.18228029E-02 -9.55301943E-02  9.99999975E-05  2.33447673E-03  5.83079035E+00
  1.50000000E+00  1.66400000E+00  1.02236103E+00 -3.18149949E-02 -9.54937999E-02  9.99999975E-05  2.33173804E-03  5.84224547E+00
  1.50000000E+00  1.66700000E+00  1.02249074E+00 -3.18071637E-02 -9.54574377E-02  9.99999975E-05  2.32900076E-03  5.85370920E+00
  1.50000000E+00  1.67000000E+00  1.02262016E+00 -3.17993095E-02 -9.54211076E-02  9.99999975E-05  2.32626488E-03  5.86518158E+00
  1.50000000E+00  1.67300000E+00  1.02274930E+00 -3.17914322E-02 -9.53848098E-02  9.99999975E-05  2.32353042E-03  5.87666261E+00
  1.50000000E+00  1.67600000E+00  1.02287815E+00 -3.17835320E-02 -9.53485441E-02  9.99999975E-05  2.32079737E-03  5.88815234E+00
  1.50000000E+00  1.67900000E+00  1.02300671E+00 -3.17756090E-02 -9.53123105E-02  9.99999975E-05  2.31806574E-03  5.89965078E+00
  1.50000000E+00  1.68200000E+00  1.02313499E+00 -3.17676631E-02 -9.52761091E-02  9.99999975E-05  2.31533554E-03  5.91115796E+00
  1.50000000E+00  1.68500000E+00  1.02326299E+00 -3.17596946E-02 -9.52399399E-02  9.99999975E-05  2.31260675E-03  5.92267390E+00
  1.50000000E+00  1.68800000E+00  1.02339071E+00 -3.17517034E-02 -9.52038027E-02  9.99999975E-05  2.30987940E-03  5.93419862E+00
  1.50000000E+00  1.69100000E+00  1.02351815E+00 -3.17436896E-02 -9.51676977E-02  9.99999975E-05  2.30715347E-03  5.94573216E+00
  1.50000000E+00  1.69400000E+00  1.02364531E+00 -3.17356533E-02 -9.51316248E-02  9.99999975E-05  2.30442898E-03  5.95727454E+00
  1.50000000E+00  1.69700000E+00  1.02377218E+00 -3.17275946E-02 -9.50955839E-02  9.99999975E-05  2.30170592E-03  5.96882577E+00
  1.50000000E+00  1.70000000E+00  1.02389878E+00 -3.17195136E-02 -9.50595752E-02  9.99999975E-05  2.29898431E-03  5.98038589E+00
  1.50000000E+00  1.70300000E+00  1.02402510E+00 -3.17114103E-02 -9.50235985E-02  9.99999975E-05  2.29626414E-03  5.99195492E+00
  1.50000000E+00  1.70600000E+00  1.02415115E+00 -3.17032848E-02 -9.49876538E-02  9.99999975E-05  2.29354541E-03  6.00353288E+00
  1.50000000E+00  1.70900000E+00  1.02427692E+00 -3.16951372E-02 -9.49517412E-02  9.99999975E-05  2.29082813E-03  6.01511980E+00
  1.50000000E+00  1.71200000E+00  1.02440241E+00 -3.16869675E-02 -9.49158607E-02  9.99999975E-05  2.28811231E-03  6.02671571E+00
  1.50000000E+00  1.71500000E+00  1.02452763E+00 -3.16787758E-02 -9.48800122E-02  9.99999975E-05  2.28539794E-03  6.03832061E+00
  1.50000000E+00  1.71800000E+00  1.02465258E+00 -3.16705622E-02 -9.48441957E-02  9.99999975E-05  2.28268503E-03  6.04993455E+00
  1.50000000E+00  1.72100000E+00  1.02477725E+00 -3.16623268E-02 -9.48084113E-02  9.99999975E-05  2.27997358E-03  6.06155754E+00
  1.50000000E+00  1.72400000E+00  1.02490165E+00 -3.16540696E-02 -9.47726588E-02  9.99999975E-05  2.27726360E-03  6.07318961E+00
  1.50000000E+00  1.72700000E+00  1.02502578E+00 -3.16457907E-02 -9.47369383E-02  9.99999975E-05  2.27455508E-03  6.08483079E+00
  1.50000000E+00  1.73000000E+00  1.02514964E+00 -3.16374901E-02 -9.47012498E-02  9.99999975E-05  2.27184804E-03  6.09648109E+00
  1.50000000E+00  1.73300000E+00  1.02527323E+00 -3.16291680E-02 -9.46655933E-02  9.99999975E-05  2.26914247E-03  6.10814054E+00
  1.50000000E+00  1.73600000E+00  1.02539655E+00 -3.16208245E-02 -9.46299687E-02  9.99999975E-05  2.26643838E-03  6.11980916E+00
  1.50000000E+00  1.73900000E+00  1.02551960E+00 -3.16124595E-02 -9.45943760E-02  9.99999975E-05  2.26373578E-03  6.13148698E+00
  1.50000000E+00  1.74200000E+00  1.02564239E+00 -3.16040731E-02 -9.45588153E-02  9.99999975E-05  2.26103465E-03  6.14317402E+00
  1.50000000E+00  1.74500000E+00  1.02576491E+00 -3.15956654E-02 -9.45232864E-02  9.99999975E-05  2.25833502E-03  6.15487031E+00
  1.50000000E+00  1.74800000E+00  1.02588716E+00 -3.15872366E-02 -9.44877895E-02  9.99999975E-05  2.25563688E-03  6.16657587E+00
  1.50000000E+00  1.75100000E+00  1.02600915E+00 -3.15787866E-02 -9.44523245E-02  9.99999975E-05  2.25294023E-03  6.17829072E+00
  1.50000000E+00  1.75400000E+00  1.02613087E+00 -3.15703155E-02 -9.44168913E-02  9.99999975E-05  2.25024508E-03  6.19001489E+00
  1.50000000E+00  1.75700000E+00  1.02625233E+00 -3.15618234E-02 -9.43814901E-02  9.99999975E-05  2.24755144E-03  6.20174840E+00
  1.50000000E+00  1.76000000E+00  1.02637353E+00 -3.15533103E-02 -9.43461206E-02  9.99999975E-05  2.24485930E-03  6.21349127E+00
  1.50000000E+00  1.76300000E+00  1.02649446E+00 -3.15447764E-02 -9.43107830E-02  9.99999975E-05  2.24216866E-03  6.22524353E+00
  1.50000000E+00  1.76600000E+00  1.02661513E+00 -3.15362217E-02 -9.42754773E-02  9.99999975E-05  2.23947954E-03  6.23700520E+00
  1.50000000E+00  1.76900000E+00  1.02673555E+00 -3.15276462E-02 -9.42402033E-02  9.99999975E-05  2.23679194E-03  6.24877630E+00
  1.50000000E+00  1.77200000E+00  1.02685570E+00 -3.15190500E-02 -9.42049612E-02  9.99999975E-05  2.23410586E-03  6.26055686E+00
  1.50000000E+00  1.77500000E+00  1.02697559E+00 -3.15104333E-02 -9.41697508E-02  9.99999975E-05  2.23142129E-03  6.27234690E+00
  1.50000000E+00  1.77800000E+00  1.02709522E+00 -3.15017959E-02 -9.41345722E-02  9.99999975E-05  2.22873826E-03  6.28414644E+00
  1.50000000E+00  1.78100000E+00  1.02721460E+00 -3.14931381E-02 -9.40994254E-02  9.99999975E-05  2.22605675E-03  6.29595552E+00
  1.50000000E+00  1.78400000E+00  1.02733372E+00 -3.14844599E-02 -9.40643104E-02  9.99999975E-05  2.22337678E-03  6.30777414E+00
  1.50000000E+00  1.78700000E+00  1.02745258E+00 -3.14757614E-02 -9.40292270E-02  9.99999975E-05  2.22069834E-03  6.31960233E+00
  1.50000000E+00  1.79000000E+00  1.02757119E+00 -3.14670425E-02 -9.39941754E-02  9.99999975E-05  2.21802144E-03  6.33144012E+00
  1.50000000E+00  1.79300000E+00  1.02768954E+00 -3.14583035E-02 -9.39591555E-02  9.99999975E-05  2.21534609E-03  6.34328753E+00
  1.50000000E+00  1.79600000E+00  1.02780763E+00 -3.14495443E-02 -9.39241674E-02  9.99999975E-05  2.21267228E-03  6.35514459E+00
  1.50000000E+00  1.79900000E+00  1.02792547E+00 -3.14407650E-02 -9.38892108E-02  9.99999975E-05  2.21000003E-03  6.36701130E+00
  1.50000000E+00  1.80200000E+00  1.02804306E+00 -3.14319656E-02 -9.38542860E-02  9.99999975E-05  2.20732933E-03  6.37888771E+00
  1.50000000E+00  1.80500000E+00  1.02816040E+00 -3.14231464E-02 -9.38193928E-02  9.99999975E-05  2.20466019E-03  6.39077382E+00
  1.50000000E+00  1.80800000E+00  1.02827748E+00 -3.14143072E-02 -9.37845313E-02  9.99999975E-05  2.20199261E-03  6.40266967E+00
  1.50000000E+00  1.81100000E+00  1.02839432E+00 -3.14054481E-02 -9.37497013E-02  9.99999975E-05  2.19932659E-03  6.41457527E+00
  1.50000000E+00  1.81400000E+00  1.02851090E+00 -3.13965693E-02 -9.37149030E-02  9.99999975E-05  2.19666215E-03  6.42649065E+00
  1.50000000E+00  1.81700000E+00  1.02862723E+00 -3.13876708E-02 -9.36801363E-02  9.99999975E-05  2.19399927E-03  6.43841583E+00
  1.50000000E+00  1.82000000E+00  1.02874332E+00 -3.13787526E-02 -9.36454012E-02  9.99999975E-05  2.19133798E-03  6.45035084E+00
  1.50000000E+00  1.82300000E+00  1.02885915E+00 -3.13698149E-02 -9.36106976E-02  9.99999975E-05  2.18867826E-03  6.46229569E+00
  1.50000000E+00  1.82600000E+00  1.02897474E+00 -3.13608576E-02 -9.35760256E-02  9.99999975E-05  2.18602013E-03  6.47425040E+00
  1.50000000E+00  1.82900000E+00  1.02909008E+00 -3.13518809E-02 -9.35413852E-02  9.99999975E-05  2.18336359E-03  6.48621501E+00
  1.50000000E+00  1.83200000E+00  1.02920517E+00 -3.13428847E-02 -9.35067762E-02  9.99999975E-05  2.18070863E-03  6.49818952E+00
  1.50000000E+00  1.83500000E+00  1.02932002E+00 -3.13338693E-02 -9.34721988E-02  9.99999975E-05  2.17805528E-03  6.51017397E+00
  1.50000000E+00  1.83800000E+00  1.02943462E+00 -3.13248345E-02 -9.34376529E-02  9.99999975E-05  2.17540352E-03  6.52216838E+00
  1.50000000E+00  1.84100000E+00  1.02954897E+00 -3.13157805E-02 -9.34031385E-02  9.99999975E-05  2.17275336E-03  6.53417276E+00
  1.50000000E+00  1.84400000E+00  1.02966308E+00 -3.13067074E-02 -9.33686555E-02  9.99999975E-05  2.17010481E-03  6.54618715E+00
  1.50000000E+00  1.84700000E+00  1.02977695E+00 -3.12976152E-02 -9.33342040E-02  9.99999975E-05  2.16745788E-03  6.55821155E+00
  1.50000000E+00  1.85000000E+00  1.02989058E+00 -3.12885039E-02 -9.32997839E-02  9.99999975E-05  2.16481255E-03  6.57024600E+00
  1.50000000E+00  1.85300000E+00  1.03000396E+00 -3.12793737E-02 -9.32653952E-02  9.99999975E-05  2.16216885E-03  6.58229051E+00
  1.50000000E+00  1.85600000E+00  1.03011710E+00 -3.12702245E-02 -9.32310380E-02  9.99999975E-05  2.15952676E-03  6.59434510E+00
  1.50000000E+00  1.85900000E+00  1.03023000E+00 -3.12610565E-02 -9.31967121E-02  9.99999975E-05  2.15688631E-03  6.60640981E+00
  1.50000000E+00  1.86200000E+00  1.03034266E+00 -3.12518696E-02 -9.31624176E-02  9.99999975E-05  2.15424748E-03  6.61848464E+00
  1.50000000E+00  1.86500000E+00  1.03045508E+00 -3.12426641E-02 -9.31281545E-02  9.99999975E-05  2.15161028E-03  6.63056962E+00
  1.50000000E+00  1.86800000E+00  1.03056726E+00 -3.12334398E-02 -9.30939227E-02  9.99999975E-05  2.14897473E-03  6.64266478E+00
  1.50000000E+00  1.87100000E+00  1.03067920E+00 -3.12241969E-02 -9.30597222E-02  9.99999975E-05  2.14634081E-03  6.65477012E+00
  1.50000000E+00  1.87400000E+00  1.03079090E+00 -3.12149355E-02 -9.30255531E-02  9.99999975E-05  2.14370854E-03  6.66688568E+00
  1.50000000E+00  1.87700000E+00  1.03090237E+00 -3.12056556E-02 -9.29914153E-02  9.99999975E-05  2.14107792E-03  6.67901147E+00
  1.50000000E+00  1.88000000E+00  1.03101360E+00 -3.11963572E-02 -9.29573087E-02  9.99999975E-05  2.13844896E-03  6.69114752E+00
  1.50000000E+00  1.88300000E+00  1.03112459E+00 -3.11870404E-02 -9.29232334E-02  9.99999975E-05  2.13582165E-03  6.70329385E+00
  1.50000000E+00  1.88600000E+00  1.03123534E+00 -3.11777053E-02 -9.28891894E-02  9.99999975E-05  2.13319600E-03  6.71545047E+00
  1.50000000E+00  1.88900000E+00  1.03134586E+00 -3.11683519E-02 -9.28551766E-02  9.99999975E-05  2.13057202E-03  6.72761740E+00
  1.50000000E+00  1.89200000E+00  1.03145615E+00 -3.11589803E-02 -9.28211950E-02  9.99999975E-05  2.12794971E-03  6.73979468E+00
  1.50000000E+00  1.89500000E+00  1.03156620E+00 -3.11495905E-02 -9.27872446E-02  9.99999975E-05  2.12532907E-03  6.75198231E+00
  1.50000000E+00  1.89800000E+00  1.03167602E+00 -3.11401826E-02 -9.27533254E-02  9.99999975E-05  2.12271011E-03  6.76418032E+00
  1.50000000E+00  1.90100000E+00  1.03178560E+00 -3.11307567E-02 -9.27194374E-02  9.99999975E-05  2.12009284E-03  6.77638873E+00
  1.50000000E+00  1.90400000E+00  1.03189495E+00 -3.11213127E-02 -9.26855805E-02  9.99999975E-05  2.11747724E-03  6.78860756E+00
  1.50000000E+00  1.90700000E+00  1.03200407E+00 -3.11118509E-02 -9.26517548E-02  9.99999975E-05  2.11486334E-03  6.80083682E+00
  1.50000000E+00  1.91000000E+00  1.03211296E+00 -3.11023711E-02 -9.26179602E-02  9.99999975E-05  2.11225113E-03  6.81307655E+00
  1.50000000E+00  1.91300000E+00  1.03222162E+00 -3.10928735E-02 -9.25841966E-02  9.99999975E-05  2.10964063E-03  6.82532675E+00
  1.50000000E+00  1.91600000E+00  1.03233004E+00 -3.10833582E-02 -9.25504642E-02  9.99999975E-05  2.10703182E-03  6.83758745E+00
  1.50000000E+00  1.91900000E+00  1.03243824E+00 -3.10738251E-02 -9.25167629E-02  9.99999975E-05  2.10442472E-03  6.84985867E+00
  1.50000000E+00  1.92200000E+00  1.03254621E+00 -3.10642744E-02 -9.24830925E-02  9.99999975E-05  2.10181933E-03  6.86214042E+00
  1.50000000E+00  1.92500000E+00  1.03265394E+00 -3.10547061E-02 -9.24494533E-02  9.99999975E-05  2.09921566E-03  6.87443274E+00
  1.50000000E+00  1.92800000E+00  1.03276145E+00 -3.10451202E-02 -9.24158450E-02  9.99999975E-05  2.09661370E-03  6.88673562E+00
  1.50000000E+00  1.93100000E+00  1.03286873E+00 -3.10355168E-02 -9.23822678E-02  9.99999975E-05  2.09401347E-03  6.89904911E+00
  1.50000000E+00  1.93400000E+00  1.03297579E+00 -3.10258960E-02 -9.23487215E-02  9.99999975E-05  2.09141497E-03  6.91137320E+00
  1.50000000E+00  1.93700000E+00  1.03308262E+00 -3.10162577E-02 -9.23152062E-02  9.99999975E-05  2.08881820E-03  6.92370793E+00
  1.50000000E+00  1.94000000E+00  1.03318922E+00 -3.10066022E-02 -9.22817218E-02  9.99999975E-05  2.08622316E-03  6.93605331E+00
  1.50000000E+00  1.94300000E+00  1.03329559E+00 -3.09969293E-02 -9.22482684E-02  9.99999975E-05  2.08362987E-03  6.94840937E+00
  1.50000000E+00  1.94600000E+00  1.03340174E+00 -3.09872393E-02 -9.22148459E-02  9.99999975E-05  2.08103832E-03  6.96077611E+00
  1.50000000E+00  1.94900000E+00  1.03350767E+00 -3.09775320E-02 -9.21814543E-02  9.99999975E-05  2.07844852E-03  6.97315356E+00
  1.50000000E+00  1.95200000E+00  1.03361337E+00 -3.09678077E-02 -9.21480937E-02  9.99999975E-05  2.07586048E-03  6.98554173E+00
  1.50000000E+00  1.95500000E+00  1.03371885E+00 -3.09580662E-02 -9.21147639E-02  9.99999975E-05  2.07327419E-03  6.99794065E+00
  1.50000000E+00  1.95800000E+00  1.03382410E+00 -3.09483078E-02 -9.20814650E-02  9.99999975E-05  2.07068966E-03  7.01035033E+00
  1.50000000E+00  1.96100000E+00  1.03392913E+00 -3.09385323E-02 -9.20481968E-02  9.99999975E-05  2.06810690E-03  7.02277080E+00
  1.50000000E+00  1.96400000E+00  1.03403394E+00 -3.09287400E-02 -9.20149595E-02  9.99999975E-05  2.06552592E-03  7.03520206E+00
  1.50000000E+00  1.96700000E+00  1.03413853E+00 -3.09189308E-02 -9.19817529E-02  9.99999975E-05  2.06294671E-03  7.04764414E+00
  1.50000000E+00  1.97000000E+00  1.03424289E+00 -3.09091048E-02 -9.19485771E-02  9.99999975E-05  2.06036927E-03  7.06009706E+00
  1.50000000E+00  1.97300000E+00  1.03434704E+00 -3.08992620E-02 -9.19154321E-02  9.99999975E-05  2.05779363E-03  7.07256082E+00
  1.50000000E+00  1.97600000E+00  1.03445096E+00 -3.08894025E-02 -9.18823178E-02  9.99999975E-05  2.05521977E-03  7.08503546E+00
  1.50000000E+00  1.97900000E+00  1.03455467E+00 -3.08795264E-02 -9.18492342E-02  9.99999975E-05  2.05264770E-03  7.09752098E+00
  1.50000000E+00  1.98200000E+00  1.03465815E+00 -3.08696336E-02 -9.18161813E-02  9.99999975E-05  2.05007744E-03  7.11001740E+00
  1.50000000E+00  1.98500000E+00  1.03476142E+00 -3.08597243E-02 -9.17831592E-02  9.99999975E-05  2.04750897E-03  7.12252474E+00
  1.50000000E+00  1.98800000E+00  1.03486447E+00 -3.08497985E-02 -9.17501677E-02  9.99999975E-05  2.04494231E-03  7.13504302E+00
  1.50000000E+00  1.99100000E+00  1.03496730E+00 -3.08398563E-02 -9.17172068E-02  9.99999975E-05  2.04237747E-03  7.14757226E+00
  1.50000000E+00  1.99400000E+00  1.03506991E+00 -3.08298976E-02 -9.16842766E-02  9.99999975E-05  2.03981444E-03  7.16011247E+00
  1.50000000E+00  1.99700000E+00  1.03517230E+00 -3.08199226E-02 -9.16513770E-02  9.99999975E-05  2.03725323E-03  7.17266366E+00
  1.50000000E+00  2.00000000E+00  1.03527448E+00 -3.08099313E-02 -9.16185081E-02  9.99999975E-05  2.03469384E-03  7.18522586E+00
