               X               Y            VELX            VELY            PRES            TEMP            PS 1            PS 2  2.00000000E+01
 -5.00000000E-01  1.93500000E+00 -3.04141498E-01 -1.18536532E-14  1.39300155E+00  1.00000005E-03  1.33042951E-05  1.53960811E-04
 -5.00000000E-01  1.93523500E+00 -3.20134893E-01 -2.14164221E-04  1.39297831E+00  1.00000005E-03 -4.55529967E-05  2.47506974E-04
 -5.00000000E-01  1.93547000E+00 -3.36374704E-01 -4.06953243E-04  1.39343017E+00  1.00000005E-03 -5.08449859E-05  3.66014807E-04
 -5.00000000E-01  1.93570500E+00 -3.52784454E-01 -5.81329091E-04  1.39428019E+00  1.00000005E-03 -6.39569018E-06  5.07710354E-04
 -5.00000000E-01  1.93594000E+00 -3.69293307E-01 -7.40006836E-04  1.39545776E+00  1.00000005E-03  8.40714008E-05  6.70883842E-04
 -5.00000000E-01  1.93617500E+00 -3.85835891E-01 -8.85463876E-04  1.39689836E+00  1.00000005E-03  2.16934152E-04  8.53889023E-04
 -5.00000000E-01  1.93641000E+00 -4.02352131E-01 -1.01994922E-03  1.39854335E+00  1.00000005E-03  3.88672612E-04  1.05514252E-03
 -5.00000000E-01  1.93664500E+00 -4.18787068E-01 -1.14549277E-03  1.40033972E+00  1.00000005E-03  5.95869839E-04  1.27312318E-03
 -5.00000000E-01  1.93688000E+00 -4.35090689E-01 -1.26391461E-03  1.40223990E+00  1.00000005E-03  8.35212728E-04  1.50637141E-03
 -5.00000000E-01  1.93711500E+00 -4.51217751E-01 -1.37683428E-03  1.40420146E+00  1.00000005E-03  1.10349284E-03  1.75348851E-03
 -5.00000000E-01  1.93735000E+00 -4.67127610E-01 -1.48568006E-03  1.40618692E+00  1.00000005E-03  1.39760723E-03  2.01313607E-03
 -5.00000000E-01  1.93758500E+00 -4.82784041E-01 -1.59169827E-03  1.40816354E+00  1.00000005E-03  1.71455927E-03  2.28403526E-03
 -5.00000000E-01  1.93782000E+00 -4.98155071E-01 -1.69596252E-03  1.41010303E+00  1.00000005E-03  2.05145948E-03  2.56496618E-03
 -5.00000000E-01  1.93805500E+00 -5.13212799E-01 -1.79938305E-03  1.41198139E+00  1.00000005E-03  2.40552636E-03  2.85476725E-03
 -5.00000000E-01  1.93829000E+00 -5.27933227E-01 -1.90271592E-03  1.41377859E+00  1.00000005E-03  2.77408721E-03  3.15233452E-03
 -5.00000000E-01  1.93852500E+00 -5.42296082E-01 -2.00657240E-03  1.41547844E+00  1.00000005E-03  3.15457895E-03  3.45662101E-03
 -5.00000000E-01  1.93876000E+00 -5.56284644E-01 -2.11142819E-03  1.41706828E+00  1.00000005E-03  3.54454898E-03  3.76663608E-03
 -5.00000000E-01  1.93899500E+00 -5.69885571E-01 -2.21763269E-03  1.41853878E+00  1.00000005E-03  3.94165596E-03  4.08144477E-03
 -5.00000000E-01  1.93923000E+00 -5.83088726E-01 -2.32541834E-03  1.41988371E+00  1.00000005E-03  4.34367068E-03  4.40016713E-03
 -5.00000000E-01  1.93946500E+00 -5.95887002E-01 -2.43490986E-03  1.42109970E+00  1.00000005E-03  4.74847686E-03  4.72197758E-03
 -5.00000000E-01  1.93970000E+00 -6.08276149E-01 -2.54613354E-03  1.42218602E+00  1.00000005E-03  5.15407199E-03  5.04610426E-03
 -5.00000000E-01  1.93993500E+00 -6.20254599E-01 -2.65902654E-03  1.42314434E+00  1.00000005E-03  5.55856817E-03  5.37182834E-03
 -5.00000000E-01  1.94017000E+00 -6.31823291E-01 -2.77344616E-03  1.42397848E+00  1.00000005E-03  5.96019290E-03  5.69848343E-03
 -5.00000000E-01  1.94040500E+00 -6.42985501E-01 -2.88917912E-03  1.42469424E+00  1.00000005E-03  6.35728994E-03  6.02545487E-03
 -5.00000000E-01  1.94064000E+00 -6.53746663E-01 -3.00595084E-03  1.42529909E+00  1.00000005E-03  6.74832013E-03  6.35217908E-03
 -5.00000000E-01  1.94087500E+00 -6.64114198E-01 -3.12343474E-03  1.42580200E+00  1.00000005E-03  7.13186221E-03  6.67814295E-03
 -5.00000000E-01  1.94111000E+00 -6.74097339E-01 -3.24126152E-03  1.42621318E+00  1.00000005E-03  7.50661365E-03  7.00288314E-03
 -5.00000000E-01  1.94134500E+00 -6.83706957E-01 -3.35902844E-03  1.42654384E+00  1.00000005E-03  7.87139149E-03  7.32598544E-03
 -5.00000000E-01  1.94158000E+00 -6.92955387E-01 -3.47630857E-03  1.42680599E+00  1.00000005E-03  8.22513315E-03  7.64708411E-03
 -5.00000000E-01  1.94181500E+00 -7.01856254E-01 -3.59266014E-03  1.42701219E+00  1.00000005E-03  8.56689727E-03  7.96586127E-03
 -5.00000000E-01  1.94205000E+00 -7.10424300E-01 -3.70763578E-03  1.42717531E+00  1.00000005E-03  8.89586452E-03  8.28204616E-03
 -5.00000000E-01  1.94228500E+00 -7.18675208E-01 -3.82079179E-03  1.42730833E+00  1.00000005E-03  9.21133847E-03  8.59541456E-03
 -5.00000000E-01  1.94252000E+00 -7.26625429E-01 -3.93169745E-03  1.42742406E+00  1.00000005E-03  9.51274634E-03  8.90578811E-03
 -5.00000000E-01  1.94275500E+00 -7.34292007E-01 -4.03994432E-03  1.42753496E+00  1.00000005E-03  9.79963993E-03  9.21303365E-03
 -5.00000000E-01  1.94299000E+00 -7.41692408E-01 -4.14515547E-03  1.42765288E+00  1.00000005E-03  1.00716963E-02  9.51706257E-03
 -5.00000000E-01  1.94322500E+00 -7.48844342E-01 -4.24699481E-03  1.42778882E+00  1.00000005E-03  1.03287189E-02  9.81783017E-03
 -5.00000000E-01  1.94346000E+00 -7.55765592E-01 -4.34517634E-03  1.42795272E+00  1.00000005E-03  1.05706379E-02  1.01153350E-02
 -5.00000000E-01  1.94369500E+00 -7.62473837E-01 -4.43947347E-03  1.42815325E+00  1.00000005E-03  1.07975115E-02  1.04096181E-02
 -5.00000000E-01  1.94393000E+00 -7.68986482E-01 -4.52972827E-03  1.42839750E+00  1.00000005E-03  1.10095265E-02  1.07007626E-02
 -5.00000000E-01  1.94416500E+00 -7.75320480E-01 -4.61586076E-03  1.42869085E+00  1.00000005E-03  1.12069991E-02  1.09888929E-02
 -5.00000000E-01  1.94440000E+00 -7.81492161E-01 -4.69787821E-03  1.42903664E+00  1.00000005E-03  1.13903762E-02  1.12741738E-02
 -5.00000000E-01  1.94463500E+00 -7.87517054E-01 -4.77588441E-03  1.42943603E+00  1.00000005E-03  1.15602352E-02  1.15568103E-02
 -5.00000000E-01  1.94487000E+00 -7.93409718E-01 -4.85008894E-03  1.42988770E+00  1.00000005E-03  1.17172861E-02  1.18370467E-02
 -5.00000000E-01  1.94510500E+00 -7.99183566E-01 -4.92081648E-03  1.43038764E+00  1.00000005E-03  1.18623714E-02  1.21151659E-02
 -5.00000000E-01  1.94534000E+00 -8.04850687E-01 -4.98851610E-03  1.43092895E+00  1.00000005E-03  1.19964671E-02  1.23914888E-02
 -5.00000000E-01  1.94557500E+00 -8.10421679E-01 -5.05377048E-03  1.43150155E+00  1.00000005E-03  1.21206840E-02  1.26663736E-02
 -5.00000000E-01  1.94581000E+00 -8.15905471E-01 -5.11730528E-03  1.43209201E+00  1.00000005E-03  1.22362679E-02  1.29402154E-02
 -5.00000000E-01  1.94604500E+00 -8.21309147E-01 -5.17999835E-03  1.43268327E+00  1.00000005E-03  1.23446009E-02  1.32134451E-02
 -5.00000000E-01  1.94628000E+00 -8.26637776E-01 -5.24288906E-03  1.43325442E+00  1.00000005E-03  1.24472018E-02  1.34865292E-02
 -5.00000000E-01  1.94651500E+00 -8.31894236E-01 -5.30718756E-03  1.43378051E+00  1.00000005E-03  1.25457274E-02  1.37599688E-02
 -5.00000000E-01  1.94675000E+00 -8.37079041E-01 -5.37428408E-03  1.43423226E+00  1.00000005E-03  1.26419729E-02  1.40342992E-02
 -5.00000000E-01  1.94698500E+00 -8.42190165E-01 -5.44575819E-03  1.43457585E+00  1.00000005E-03  1.27378732E-02  1.43100890E-02
 -5.00000000E-01  1.94722000E+00 -8.47222871E-01 -5.52338811E-03  1.43477272E+00  1.00000005E-03  1.28355032E-02  1.45879396E-02
 -5.00000000E-01  1.94745500E+00 -8.52169532E-01 -5.60915996E-03  1.43477927E+00  1.00000005E-03  1.29370789E-02  1.48684846E-02
 -5.00000000E-01  1.94769000E+00 -8.56954634E-01 -5.64373281E-03  1.43468204E+00  1.00000005E-03  1.30200048E-02  1.51465945E-02
 -5.00000000E-01  1.94792500E+00 -8.61648595E-01 -5.67083249E-03  1.43464208E+00  1.00000005E-03  1.30930169E-02  1.54239407E-02
 -5.00000000E-01  1.94816000E+00 -8.66270935E-01 -5.70347936E-03  1.43464988E+00  1.00000005E-03  1.31610391E-02  1.57016673E-02
 -5.00000000E-01  1.94839500E+00 -8.70823156E-01 -5.74058231E-03  1.43469788E+00  1.00000005E-03  1.32242865E-02  1.59798660E-02
 -5.00000000E-01  1.94863000E+00 -8.75306738E-01 -5.78115101E-03  1.43477920E+00  1.00000005E-03  1.32829670E-02  1.62586216E-02
 -5.00000000E-01  1.94886500E+00 -8.79723136E-01 -5.82429184E-03  1.43488756E+00  1.00000005E-03  1.33372813E-02  1.65380127E-02
 -5.00000000E-01  1.94910000E+00 -8.84073787E-01 -5.86920379E-03  1.43501728E+00  1.00000005E-03  1.33874234E-02  1.68181115E-02
 -5.00000000E-01  1.94933500E+00 -8.88360099E-01 -5.91517432E-03  1.43516326E+00  1.00000005E-03  1.34335802E-02  1.70989839E-02
 -5.00000000E-01  1.94957000E+00 -8.92583462E-01 -5.96157531E-03  1.43532094E+00  1.00000005E-03  1.34759322E-02  1.73806902E-02
 -5.00000000E-01  1.94980500E+00 -8.96745240E-01 -6.00785891E-03  1.43548628E+00  1.00000005E-03  1.35146533E-02  1.76632851E-02
 -5.00000000E-01  1.95004000E+00 -9.00846775E-01 -6.05355349E-03  1.43565573E+00  1.00000005E-03  1.35499112E-02  1.79468174E-02
 -5.00000000E-01  1.95027500E+00 -9.04889383E-01 -6.09825949E-03  1.43582621E+00  1.00000005E-03  1.35818671E-02  1.82313312E-02
 -5.00000000E-01  1.95051000E+00 -9.08874358E-01 -6.14164535E-03  1.43599509E+00  1.00000005E-03  1.36106762E-02  1.85168650E-02
 -5.00000000E-01  1.95074500E+00 -9.12802970E-01 -6.18344340E-03  1.43616017E+00  1.00000005E-03  1.36364877E-02  1.88034528E-02
 -5.00000000E-01  1.95098000E+00 -9.16676464E-01 -6.22344575E-03  1.43631963E+00  1.00000005E-03  1.36594451E-02  1.90911238E-02
 -5.00000000E-01  1.95121500E+00 -9.20496062E-01 -6.26150021E-03  1.43647202E+00  1.00000005E-03  1.36796861E-02  1.93799026E-02
 -5.00000000E-01  1.95145000E+00 -9.24262959E-01 -6.29750618E-03  1.43661624E+00  1.00000005E-03  1.36973429E-02  1.96698097E-02
 -5.00000000E-01  1.95168500E+00 -9.27978328E-01 -6.33141052E-03  1.43675150E+00  1.00000005E-03  1.37125421E-02  1.99608615E-02
 -5.00000000E-01  1.95192000E+00 -9.31643315E-01 -6.36320351E-03  1.43687732E+00  1.00000005E-03  1.37254052E-02  2.02530706E-02
 -5.00000000E-01  1.95215500E+00 -9.35259043E-01 -6.39291468E-03  1.43699347E+00  1.00000005E-03  1.37360485E-02  2.05464456E-02
 -5.00000000E-01  1.95239000E+00 -9.38826607E-01 -6.42060877E-03  1.43709999E+00  1.00000005E-03  1.37445833E-02  2.08409921E-02
 -5.00000000E-01  1.95262500E+00 -9.42347079E-01 -6.44638157E-03  1.43719711E+00  1.00000005E-03  1.37511159E-02  2.11367120E-02
 -5.00000000E-01  1.95286000E+00 -9.45821504E-01 -6.47035589E-03  1.43728527E+00  1.00000005E-03  1.37557481E-02  2.14336045E-02
 -5.00000000E-01  1.95309500E+00 -9.49250902E-01 -6.49267739E-03  1.43736508E+00  1.00000005E-03  1.37585767E-02  2.17316657E-02
 -5.00000000E-01  1.95333000E+00 -9.52636267E-01 -6.51351052E-03  1.43743728E+00  1.00000005E-03  1.37596945E-02  2.20308890E-02
 -5.00000000E-01  1.95356500E+00 -9.55978566E-01 -6.53303440E-03  1.43750274E+00  1.00000005E-03  1.37591895E-02  2.23312655E-02
 -5.00000000E-01  1.95380000E+00 -9.59278741E-01 -6.55143872E-03  1.43756243E+00  1.00000005E-03  1.37571459E-02  2.26327839E-02
 -5.00000000E-01  1.95403500E+00 -9.62537706E-01 -6.56891968E-03  1.43761737E+00  1.00000005E-03  1.37536436E-02  2.29354309E-02
 -5.00000000E-01  1.95427000E+00 -9.65756350E-01 -6.58567581E-03  1.43766862E+00  1.00000005E-03  1.37487585E-02  2.32391914E-02
 -5.00000000E-01  1.95450500E+00 -9.68935533E-01 -6.60190394E-03  1.43771729E+00  1.00000005E-03  1.37425630E-02  2.35440484E-02
 -5.00000000E-01  1.95474000E+00 -9.72076090E-01 -6.61779506E-03  1.43776445E+00  1.00000005E-03  1.37351256E-02  2.38499836E-02
 -5.00000000E-01  1.95497500E+00 -9.75178829E-01 -6.63353023E-03  1.43781116E+00  1.00000005E-03  1.37265114E-02  2.41569775E-02
 -5.00000000E-01  1.95521000E+00 -9.78244528E-01 -6.64927650E-03  1.43785839E+00  1.00000005E-03  1.37167819E-02  2.44650094E-02
 -5.00000000E-01  1.95544500E+00 -9.81273940E-01 -6.66518276E-03  1.43790707E+00  1.00000005E-03  1.37059956E-02  2.47740577E-02
 -5.00000000E-01  1.95568000E+00 -9.84267790E-01 -6.68137568E-03  1.43795799E+00  1.00000005E-03  1.36942079E-02  2.50841003E-02
 -5.00000000E-01  1.95591500E+00 -9.87226773E-01 -6.69795561E-03  1.43801183E+00  1.00000005E-03  1.36814709E-02  2.53951145E-02
 -5.00000000E-01  1.95615000E+00 -9.90151559E-01 -6.71499244E-03  1.43806908E+00  1.00000005E-03  1.36678342E-02  2.57070773E-02
 -5.00000000E-01  1.95638500E+00 -9.93042787E-01 -6.73252155E-03  1.43813009E+00  1.00000005E-03  1.36533445E-02  2.60199658E-02
 -5.00000000E-01  1.95662000E+00 -9.95901070E-01 -6.75053966E-03  1.43819497E+00  1.00000005E-03  1.36380460E-02  2.63337572E-02
 -5.00000000E-01  1.95685500E+00 -9.98726990E-01 -6.76900076E-03  1.43826360E+00  1.00000005E-03  1.36219804E-02  2.66484288E-02
 -5.00000000E-01  1.95709000E+00 -1.00152110E+00 -6.78781202E-03  1.43833561E+00  1.00000005E-03  1.36051872E-02  2.69639588E-02
 -5.00000000E-01  1.95732500E+00 -1.00428393E+00 -6.80682965E-03  1.43841034E+00  1.00000005E-03  1.35877037E-02  2.72803257E-02
 -5.00000000E-01  1.95756000E+00 -1.00701598E+00 -6.82585482E-03  1.43848684E+00  1.00000005E-03  1.35695651E-02  2.75975094E-02
 -5.00000000E-01  1.95779500E+00 -1.00971770E+00 -6.84462956E-03  1.43856379E+00  1.00000005E-03  1.35508047E-02  2.79154906E-02
 -5.00000000E-01  1.95803000E+00 -1.01238954E+00 -6.86283267E-03  1.43863955E+00  1.00000005E-03  1.35314543E-02  2.82342515E-02
 -5.00000000E-01  1.95826500E+00 -1.01503191E+00 -6.88007559E-03  1.43871206E+00  1.00000005E-03  1.35115436E-02  2.85537758E-02
 -5.00000000E-01  1.95850000E+00 -1.01764518E+00 -6.89589831E-03  1.43877888E+00  1.00000005E-03  1.34911013E-02  2.88740488E-02
 -5.00000000E-01  1.95873500E+00 -1.02022971E+00 -6.90976530E-03  1.43883712E+00  1.00000005E-03  1.34701544E-02  2.91950579E-02
 -5.00000000E-01  1.95897000E+00 -1.02278580E+00 -6.92106137E-03  1.43888343E+00  1.00000005E-03  1.34487289E-02  2.95167927E-02
 -5.00000000E-01  1.95920500E+00 -1.02531375E+00 -6.92908757E-03  1.43891399E+00  1.00000005E-03  1.34268497E-02  2.98392449E-02
 -5.00000000E-01  1.95944000E+00 -1.02781382E+00 -6.93305711E-03  1.43892446E+00  1.00000005E-03  1.34045405E-02  3.01624090E-02
 -5.00000000E-01  1.95967500E+00 -1.03028622E+00 -6.93209125E-03  1.43890995E+00  1.00000005E-03  1.33818246E-02  3.04862819E-02
 -5.00000000E-01  1.95991000E+00 -1.03273116E+00 -6.92521520E-03  1.43886503E+00  1.00000005E-03  1.33587243E-02  3.08108638E-02
 -5.00000000E-01  1.96014500E+00 -1.03515587E+00 -6.93419849E-03  1.43888460E+00  1.00000005E-03  1.33353031E-02  3.11360123E-02
 -5.00000000E-01  1.96038000E+00 -1.03755931E+00 -6.95376862E-03  1.43895123E+00  1.00000005E-03  1.33115438E-02  3.14617467E-02
 -5.00000000E-01  1.96061500E+00 -1.03993795E+00 -6.97096692E-03  1.43900905E+00  1.00000005E-03  1.32874325E-02  3.17881367E-02
 -5.00000000E-01  1.96085000E+00 -1.04229229E+00 -6.98610496E-03  1.43905924E+00  1.00000005E-03  1.32629852E-02  3.21151695E-02
 -5.00000000E-01  1.96108500E+00 -1.04462283E+00 -6.99946829E-03  1.43910288E+00  1.00000005E-03  1.32382174E-02  3.24428332E-02
 -5.00000000E-01  1.96132000E+00 -1.04693004E+00 -7.01131746E-03  1.43914094E+00  1.00000005E-03  1.32131440E-02  3.27711166E-02
 -5.00000000E-01  1.96155500E+00 -1.04921437E+00 -7.02188900E-03  1.43917431E+00  1.00000005E-03  1.31877790E-02  3.31000090E-02
 -5.00000000E-01  1.96179000E+00 -1.05147628E+00 -7.03139647E-03  1.43920380E+00  1.00000005E-03  1.31621358E-02  3.34295006E-02
 -5.00000000E-01  1.96202500E+00 -1.05371618E+00 -7.04003146E-03  1.43923013E+00  1.00000005E-03  1.31362274E-02  3.37595821E-02
 -5.00000000E-01  1.96226000E+00 -1.05593450E+00 -7.04796459E-03  1.43925392E+00  1.00000005E-03  1.31100659E-02  3.40902451E-02
 -5.00000000E-01  1.96249500E+00 -1.05813163E+00 -7.05534655E-03  1.43927574E+00  1.00000005E-03  1.30836628E-02  3.44214816E-02
 -5.00000000E-01  1.96273000E+00 -1.06030796E+00 -7.06230909E-03  1.43929608E+00  1.00000005E-03  1.30570294E-02  3.47532842E-02
 -5.00000000E-01  1.96296500E+00 -1.06246386E+00 -7.06896604E-03  1.43931536E+00  1.00000005E-03  1.30301760E-02  3.50856464E-02
 -5.00000000E-01  1.96320000E+00 -1.06459969E+00 -7.07541434E-03  1.43933393E+00  1.00000005E-03  1.30031126E-02  3.54185619E-02
 -5.00000000E-01  1.96343500E+00 -1.06671580E+00 -7.08173502E-03  1.43935209E+00  1.00000005E-03  1.29758487E-02  3.57520252E-02
 -5.00000000E-01  1.96367000E+00 -1.06881251E+00 -7.08799424E-03  1.43937008E+00  1.00000005E-03  1.29483931E-02  3.60860313E-02
 -5.00000000E-01  1.96390500E+00 -1.07089017E+00 -7.09424432E-03  1.43938809E+00  1.00000005E-03  1.29207544E-02  3.64205757E-02
 -5.00000000E-01  1.96414000E+00 -1.07294907E+00 -7.10052468E-03  1.43940624E+00  1.00000005E-03  1.28929404E-02  3.67556545E-02
 -5.00000000E-01  1.96437500E+00 -1.07498953E+00 -7.10686294E-03  1.43942465E+00  1.00000005E-03  1.28649588E-02  3.70912641E-02
 -5.00000000E-01  1.96461000E+00 -1.07701183E+00 -7.11327590E-03  1.43944336E+00  1.00000005E-03  1.28368167E-02  3.74274016E-02
 -5.00000000E-01  1.96484500E+00 -1.07901627E+00 -7.11977052E-03  1.43946238E+00  1.00000005E-03  1.28085208E-02  3.77640644E-02
 -5.00000000E-01  1.96508000E+00 -1.08100310E+00 -7.12634499E-03  1.43948170E+00  1.00000005E-03  1.27800775E-02  3.81012505E-02
 -5.00000000E-01  1.96531500E+00 -1.08297261E+00 -7.13298969E-03  1.43950128E+00  1.00000005E-03  1.27514927E-02  3.84389581E-02
 -5.00000000E-01  1.96555000E+00 -1.08492505E+00 -7.13968827E-03  1.43952105E+00  1.00000005E-03  1.27227719E-02  3.87771860E-02
 -5.00000000E-01  1.96578500E+00 -1.08686067E+00 -7.14641858E-03  1.43954091E+00  1.00000005E-03  1.26939206E-02  3.91159334E-02
 -5.00000000E-01  1.96602000E+00 -1.08877971E+00 -7.15315376E-03  1.43956076E+00  1.00000005E-03  1.26649437E-02  3.94551997E-02
 -5.00000000E-01  1.96625500E+00 -1.09068241E+00 -7.15986320E-03  1.43958048E+00  1.00000005E-03  1.26358459E-02  3.97949847E-02
 -5.00000000E-01  1.96649000E+00 -1.09256901E+00 -7.16651358E-03  1.43959993E+00  1.00000005E-03  1.26066316E-02  4.01352887E-02
 -5.00000000E-01  1.96672500E+00 -1.09443972E+00 -7.17306987E-03  1.43961899E+00  1.00000005E-03  1.25773050E-02  4.04761123E-02
 -5.00000000E-01  1.96696000E+00 -1.09629478E+00 -7.17949638E-03  1.43963753E+00  1.00000005E-03  1.25478699E-02  4.08174561E-02
 -5.00000000E-01  1.96719500E+00 -1.09813439E+00 -7.18575770E-03  1.43965540E+00  1.00000005E-03  1.25183302E-02  4.11593214E-02
 -5.00000000E-01  1.96743000E+00 -1.09995877E+00 -7.19181978E-03  1.43967249E+00  1.00000005E-03  1.24886892E-02  4.15017095E-02
 -5.00000000E-01  1.96766500E+00 -1.10176812E+00 -7.19765093E-03  1.43968867E+00  1.00000005E-03  1.24589505E-02  4.18446219E-02
 -5.00000000E-01  1.96790000E+00 -1.10356266E+00 -7.20322281E-03  1.43970386E+00  1.00000005E-03  1.24291170E-02  4.21880607E-02
 -5.00000000E-01  1.96813500E+00 -1.10534258E+00 -7.20851146E-03  1.43971796E+00  1.00000005E-03  1.23991920E-02  4.25320278E-02
 -5.00000000E-01  1.96837000E+00 -1.10710809E+00 -7.21349831E-03  1.43973093E+00  1.00000005E-03  1.23691782E-02  4.28765255E-02
 -5.00000000E-01  1.96860500E+00 -1.10885938E+00 -7.21817119E-03  1.43974272E+00  1.00000005E-03  1.23390785E-02  4.32215564E-02
 -5.00000000E-01  1.96884000E+00 -1.11059666E+00 -7.22252537E-03  1.43975335E+00  1.00000005E-03  1.23088957E-02  4.35671229E-02
 -5.00000000E-01  1.96907500E+00 -1.11232011E+00 -7.22656453E-03  1.43976284E+00  1.00000005E-03  1.22786323E-02  4.39132279E-02
 -5.00000000E-01  1.96931000E+00 -1.11402994E+00 -7.23030180E-03  1.43977127E+00  1.00000005E-03  1.22482911E-02  4.42598742E-02
 -5.00000000E-01  1.96954500E+00 -1.11572634E+00 -7.23376076E-03  1.43977875E+00  1.00000005E-03  1.22178746E-02  4.46070650E-02
 -5.00000000E-01  1.96978000E+00 -1.11740951E+00 -7.23697648E-03  1.43978545E+00  1.00000005E-03  1.21873853E-02  4.49548032E-02
 -5.00000000E-01  1.97001500E+00 -1.11907965E+00 -7.23999650E-03  1.43979157E+00  1.00000005E-03  1.21568259E-02  4.53030921E-02
 -5.00000000E-01  1.97025000E+00 -1.12073696E+00 -7.24288186E-03  1.43979738E+00  1.00000005E-03  1.21261991E-02  4.56519349E-02
 -5.00000000E-01  1.97048500E+00 -1.12238164E+00 -7.24570811E-03  1.43980321E+00  1.00000005E-03  1.20955074E-02  4.60013349E-02
 -5.00000000E-01  1.97072000E+00 -1.12401390E+00 -7.24856635E-03  1.43980945E+00  1.00000005E-03  1.20647536E-02  4.63512954E-02
 -5.00000000E-01  1.97095500E+00 -1.12563395E+00 -7.25156417E-03  1.43981654E+00  1.00000005E-03  1.20339406E-02  4.67018198E-02
 -5.00000000E-01  1.97119000E+00 -1.12724199E+00 -7.25482676E-03  1.43982502E+00  1.00000005E-03  1.20030712E-02  4.70529112E-02
 -5.00000000E-01  1.97142500E+00 -1.12883825E+00 -7.25849785E-03  1.43983548E+00  1.00000005E-03  1.19721486E-02  4.74045731E-02
 -5.00000000E-01  1.97166000E+00 -1.13042294E+00 -7.26274075E-03  1.43984859E+00  1.00000005E-03  1.19411759E-02  4.77568086E-02
 -5.00000000E-01  1.97189500E+00 -1.13199629E+00 -7.26773937E-03  1.43986512E+00  1.00000005E-03  1.19101564E-02  4.81096209E-02
 -5.00000000E-01  1.97213000E+00 -1.13355853E+00 -7.27369922E-03  1.43988590E+00  1.00000005E-03  1.18790938E-02  4.84630131E-02
 -5.00000000E-01  1.97236500E+00 -1.13510957E+00 -7.27992148E-03  1.43990806E+00  1.00000005E-03  1.18479875E-02  4.88169942E-02
 -5.00000000E-01  1.97260000E+00 -1.13664752E+00 -7.28098771E-03  1.43990910E+00  1.00000005E-03  1.18168133E-02  4.91715998E-02
 -5.00000000E-01  1.97283500E+00 -1.13817445E+00 -7.28238891E-03  1.43991156E+00  1.00000005E-03  1.17855975E-02  4.95267968E-02
 -5.00000000E-01  1.97307000E+00 -1.13969046E+00 -7.28406599E-03  1.43991523E+00  1.00000005E-03  1.17543416E-02  4.98825901E-02
 -5.00000000E-01  1.97330500E+00 -1.14119568E+00 -7.28596486E-03  1.43991990E+00  1.00000005E-03  1.17230472E-02  5.02389845E-02
 -5.00000000E-01  1.97354000E+00 -1.14269021E+00 -7.28803623E-03  1.43992538E+00  1.00000005E-03  1.16917155E-02  5.05959850E-02
 -5.00000000E-01  1.97377500E+00 -1.14417418E+00 -7.29023541E-03  1.43993150E+00  1.00000005E-03  1.16603481E-02  5.09535966E-02
 -5.00000000E-01  1.97401000E+00 -1.14564769E+00 -7.29252213E-03  1.43993813E+00  1.00000005E-03  1.16289464E-02  5.13118244E-02
 -5.00000000E-01  1.97424500E+00 -1.14711087E+00 -7.29486034E-03  1.43994511E+00  1.00000005E-03  1.15975118E-02  5.16706732E-02
 -5.00000000E-01  1.97448000E+00 -1.14856381E+00 -7.29721800E-03  1.43995233E+00  1.00000005E-03  1.15660456E-02  5.20301483E-02
 -5.00000000E-01  1.97471500E+00 -1.15000664E+00 -7.29956692E-03  1.43995968E+00  1.00000005E-03  1.15345492E-02  5.23902548E-02
 -5.00000000E-01  1.97495000E+00 -1.15143946E+00 -7.30188254E-03  1.43996709E+00  1.00000005E-03  1.15030240E-02  5.27509978E-02
 -5.00000000E-01  1.97518500E+00 -1.15286238E+00 -7.30414376E-03  1.43997446E+00  1.00000005E-03  1.14714711E-02  5.31123826E-02
 -5.00000000E-01  1.97542000E+00 -1.15427551E+00 -7.30633270E-03  1.43998175E+00  1.00000005E-03  1.14398920E-02  5.34744143E-02
 -5.00000000E-01  1.97565500E+00 -1.15567895E+00 -7.30843456E-03  1.43998888E+00  1.00000005E-03  1.14082879E-02  5.38370983E-02
 -5.00000000E-01  1.97589000E+00 -1.15707281E+00 -7.31043743E-03  1.43999583E+00  1.00000005E-03  1.13766601E-02  5.42004399E-02
 -5.00000000E-01  1.97612500E+00 -1.15845719E+00 -7.31233202E-03  1.44000256E+00  1.00000005E-03  1.13450097E-02  5.45644444E-02
 -5.00000000E-01  1.97636000E+00 -1.15983219E+00 -7.31411156E-03  1.44000905E+00  1.00000005E-03  1.13133380E-02  5.49291172E-02
 -5.00000000E-01  1.97659500E+00 -1.16119793E+00 -7.31577154E-03  1.44001529E+00  1.00000005E-03  1.12816462E-02  5.52944636E-02
 -5.00000000E-01  1.97683000E+00 -1.16255449E+00 -7.31730957E-03  1.44002127E+00  1.00000005E-03  1.12499354E-02  5.56604893E-02
 -5.00000000E-01  1.97706500E+00 -1.16390198E+00 -7.31872513E-03  1.44002699E+00  1.00000005E-03  1.12182069E-02  5.60271995E-02
 -5.00000000E-01  1.97730000E+00 -1.16524049E+00 -7.32001942E-03  1.44003247E+00  1.00000005E-03  1.11864618E-02  5.63946000E-02
 -5.00000000E-01  1.97753500E+00 -1.16657012E+00 -7.32119515E-03  1.44003772E+00  1.00000005E-03  1.11547011E-02  5.67626961E-02
 -5.00000000E-01  1.97777000E+00 -1.16789097E+00 -7.32225634E-03  1.44004275E+00  1.00000005E-03  1.11229260E-02  5.71314936E-02
 -5.00000000E-01  1.97800500E+00 -1.16920312E+00 -7.32320816E-03  1.44004759E+00  1.00000005E-03  1.10911376E-02  5.75009979E-02
 -5.00000000E-01  1.97824000E+00 -1.17050668E+00 -7.32405669E-03  1.44005227E+00  1.00000005E-03  1.10593370E-02  5.78712149E-02
 -5.00000000E-01  1.97847500E+00 -1.17180172E+00 -7.32480875E-03  1.44005681E+00  1.00000005E-03  1.10275252E-02  5.82421501E-02
 -5.00000000E-01  1.97871000E+00 -1.17308835E+00 -7.32547171E-03  1.44006125E+00  1.00000005E-03  1.09957033E-02  5.86138093E-02
 -5.00000000E-01  1.97894500E+00 -1.17436664E+00 -7.32605329E-03  1.44006561E+00  1.00000005E-03  1.09638723E-02  5.89861983E-02
 -5.00000000E-01  1.97918000E+00 -1.17563669E+00 -7.32656137E-03  1.44006993E+00  1.00000005E-03  1.09320331E-02  5.93593227E-02
 -5.00000000E-01  1.97941500E+00 -1.17689858E+00 -7.32700380E-03  1.44007425E+00  1.00000005E-03  1.09001868E-02  5.97331886E-02
 -5.00000000E-01  1.97965000E+00 -1.17815238E+00 -7.32738819E-03  1.44007858E+00  1.00000005E-03  1.08683344E-02  6.01078016E-02
 -5.00000000E-01  1.97988500E+00 -1.17939819E+00 -7.32772173E-03  1.44008295E+00  1.00000005E-03  1.08364769E-02  6.04831677E-02
 -5.00000000E-01  1.98012000E+00 -1.18063608E+00 -7.32801102E-03  1.44008740E+00  1.00000005E-03  1.08046151E-02  6.08592927E-02
 -5.00000000E-01  1.98035500E+00 -1.18186613E+00 -7.32826181E-03  1.44009195E+00  1.00000005E-03  1.07727500E-02  6.12361827E-02
 -5.00000000E-01  1.98059000E+00 -1.18308842E+00 -7.32847889E-03  1.44009660E+00  1.00000005E-03  1.07408826E-02  6.16138437E-02
 -5.00000000E-01  1.98082500E+00 -1.18430301E+00 -7.32866581E-03  1.44010137E+00  1.00000005E-03  1.07090138E-02  6.19922815E-02
 -5.00000000E-01  1.98106000E+00 -1.18550999E+00 -7.32882478E-03  1.44010627E+00  1.00000005E-03  1.06771444E-02  6.23715023E-02
 -5.00000000E-01  1.98129500E+00 -1.18670942E+00 -7.32895639E-03  1.44011130E+00  1.00000005E-03  1.06452753E-02  6.27515121E-02
 -5.00000000E-01  1.98153000E+00 -1.18790137E+00 -7.32905948E-03  1.44011644E+00  1.00000005E-03  1.06134074E-02  6.31323170E-02
 -5.00000000E-01  1.98176500E+00 -1.18908591E+00 -7.32913090E-03  1.44012168E+00  1.00000005E-03  1.05815415E-02  6.35139232E-02
 -5.00000000E-01  1.98200000E+00 -1.19026311E+00 -7.32916536E-03  1.44012699E+00  1.00000005E-03  1.05496786E-02  6.38963367E-02
 -5.00000000E-01  1.98223500E+00 -1.19143302E+00 -7.32915519E-03  1.44013234E+00  1.00000005E-03  1.05178193E-02  6.42795639E-02
 -5.00000000E-01  1.98247000E+00 -1.19259571E+00 -7.32909021E-03  1.44013768E+00  1.00000005E-03  1.04859646E-02  6.46636109E-02
 -5.00000000E-01  1.98270500E+00 -1.19375124E+00 -7.32895745E-03  1.44014296E+00  1.00000005E-03  1.04541153E-02  6.50484839E-02
 -5.00000000E-01  1.98294000E+00 -1.19489967E+00 -7.32874103E-03  1.44014809E+00  1.00000005E-03  1.04222721E-02  6.54341893E-02
 -5.00000000E-01  1.98317500E+00 -1.19604105E+00 -7.32842195E-03  1.44015301E+00  1.00000005E-03  1.03904359E-02  6.58207332E-02
 -5.00000000E-01  1.98341000E+00 -1.19717543E+00 -7.32797788E-03  1.44015760E+00  1.00000005E-03  1.03586073E-02  6.62081222E-02
 -5.00000000E-01  1.98364500E+00 -1.19830286E+00 -7.32738296E-03  1.44016177E+00  1.00000005E-03  1.03267872E-02  6.65963624E-02
 -5.00000000E-01  1.98388000E+00 -1.19942341E+00 -7.32660764E-03  1.44016538E+00  1.00000005E-03  1.02949763E-02  6.69854604E-02
 -5.00000000E-01  1.98411500E+00 -1.20053710E+00 -7.32561847E-03  1.44016829E+00  1.00000005E-03  1.02631754E-02  6.73754225E-02
 -5.00000000E-01  1.98435000E+00 -1.20164399E+00 -7.32437787E-03  1.44017035E+00  1.00000005E-03  1.02313852E-02  6.77662551E-02
 -5.00000000E-01  1.98458500E+00 -1.20274412E+00 -7.32284403E-03  1.44017137E+00  1.00000005E-03  1.01996064E-02  6.81579648E-02
 -5.00000000E-01  1.98482000E+00 -1.20383781E+00 -7.32188479E-03  1.44017537E+00  1.00000005E-03  1.01678410E-02  6.85505530E-02
 -5.00000000E-01  1.98505500E+00 -1.20492505E+00 -7.32122986E-03  1.44018106E+00  1.00000005E-03  1.01360889E-02  6.89440295E-02
 -5.00000000E-01  1.98529000E+00 -1.20600577E+00 -7.32044041E-03  1.44018641E+00  1.00000005E-03  1.01043503E-02  6.93384035E-02
 -5.00000000E-01  1.98552500E+00 -1.20708002E+00 -7.31952743E-03  1.44019148E+00  1.00000005E-03  1.00726259E-02  6.97336813E-02
 -5.00000000E-01  1.98576000E+00 -1.20814785E+00 -7.31850099E-03  1.44019630E+00  1.00000005E-03  1.00409164E-02  7.01298694E-02
 -5.00000000E-01  1.98599500E+00 -1.20920932E+00 -7.31737029E-03  1.44020091E+00  1.00000005E-03  1.00092226E-02  7.05269741E-02
 -5.00000000E-01  1.98623000E+00 -1.21026449E+00 -7.31614369E-03  1.44020537E+00  1.00000005E-03  9.97754509E-03  7.09250018E-02
 -5.00000000E-01  1.98646500E+00 -1.21131339E+00 -7.31482874E-03  1.44020969E+00  1.00000005E-03  9.94588463E-03  7.13239591E-02
 -5.00000000E-01  1.98670000E+00 -1.21235609E+00 -7.31343222E-03  1.44021391E+00  1.00000005E-03  9.91424192E-03  7.17238524E-02
 -5.00000000E-01  1.98693500E+00 -1.21339263E+00 -7.31196020E-03  1.44021806E+00  1.00000005E-03  9.88261764E-03  7.21246882E-02
 -5.00000000E-01  1.98717000E+00 -1.21442307E+00 -7.31041803E-03  1.44022216E+00  1.00000005E-03  9.85101247E-03  7.25264731E-02
 -5.00000000E-01  1.98740500E+00 -1.21544744E+00 -7.30881042E-03  1.44022624E+00  1.00000005E-03  9.81942710E-03  7.29292134E-02
 -5.00000000E-01  1.98764000E+00 -1.21646580E+00 -7.30714144E-03  1.44023030E+00  1.00000005E-03  9.78786221E-03  7.33329159E-02
 -5.00000000E-01  1.98787500E+00 -1.21747820E+00 -7.30541458E-03  1.44023438E+00  1.00000005E-03  9.75631844E-03  7.37375870E-02
 -5.00000000E-01  1.98811000E+00 -1.21848467E+00 -7.30363278E-03  1.44023847E+00  1.00000005E-03  9.72479648E-03  7.41432333E-02
 -5.00000000E-01  1.98834500E+00 -1.21948527E+00 -7.30179844E-03  1.44024259E+00  1.00000005E-03  9.69329699E-03  7.45498614E-02
 -5.00000000E-01  1.98858000E+00 -1.22048003E+00 -7.29991350E-03  1.44024675E+00  1.00000005E-03  9.66182060E-03  7.49574778E-02
 -5.00000000E-01  1.98881500E+00 -1.22146901E+00 -7.29797945E-03  1.44025095E+00  1.00000005E-03  9.63036798E-03  7.53660892E-02
 -5.00000000E-01  1.98905000E+00 -1.22245224E+00 -7.29599737E-03  1.44025521E+00  1.00000005E-03  9.59893977E-03  7.57757020E-02
 -5.00000000E-01  1.98928500E+00 -1.22342977E+00 -7.29396796E-03  1.44025951E+00  1.00000005E-03  9.56753661E-03  7.61863228E-02
 -5.00000000E-01  1.98952000E+00 -1.22440163E+00 -7.29189157E-03  1.44026387E+00  1.00000005E-03  9.53615914E-03  7.65979583E-02
 -5.00000000E-01  1.98975500E+00 -1.22536787E+00 -7.28976828E-03  1.44026828E+00  1.00000005E-03  9.50480799E-03  7.70106150E-02
 -5.00000000E-01  1.98999000E+00 -1.22632852E+00 -7.28759787E-03  1.44027274E+00  1.00000005E-03  9.47348379E-03  7.74242993E-02
 -5.00000000E-01  1.99022500E+00 -1.22728363E+00 -7.28537989E-03  1.44027725E+00  1.00000005E-03  9.44218718E-03  7.78390180E-02
 -5.00000000E-01  1.99046000E+00 -1.22823323E+00 -7.28311372E-03  1.44028180E+00  1.00000005E-03  9.41091877E-03  7.82547774E-02
 -5.00000000E-01  1.99069500E+00 -1.22917736E+00 -7.28079854E-03  1.44028640E+00  1.00000005E-03  9.37967919E-03  7.86715841E-02
 -5.00000000E-01  1.99093000E+00 -1.23011607E+00 -7.27843344E-03  1.44029103E+00  1.00000005E-03  9.34846906E-03  7.90894446E-02
 -5.00000000E-01  1.99116500E+00 -1.23104937E+00 -7.27601739E-03  1.44029569E+00  1.00000005E-03  9.31728899E-03  7.95083654E-02
 -5.00000000E-01  1.99140000E+00 -1.23197732E+00 -7.27354933E-03  1.44030037E+00  1.00000005E-03  9.28613960E-03  7.99283529E-02
 -5.00000000E-01  1.99163500E+00 -1.23289994E+00 -7.27102817E-03  1.44030508E+00  1.00000005E-03  9.25502150E-03  8.03494135E-02
 -5.00000000E-01  1.99187000E+00 -1.23381728E+00 -7.26845284E-03  1.44030980E+00  1.00000005E-03  9.22393530E-03  8.07715537E-02
 -5.00000000E-01  1.99210500E+00 -1.23472936E+00 -7.26582231E-03  1.44031453E+00  1.00000005E-03  9.19288162E-03  8.11947798E-02
 -5.00000000E-01  1.99234000E+00 -1.23563622E+00 -7.26313566E-03  1.44031927E+00  1.00000005E-03  9.16186104E-03  8.16190983E-02
 -5.00000000E-01  1.99257500E+00 -1.23653790E+00 -7.26039208E-03  1.44032400E+00  1.00000005E-03  9.13087420E-03  8.20445152E-02
 -5.00000000E-01  1.99281000E+00 -1.23743442E+00 -7.25759093E-03  1.44032874E+00  1.00000005E-03  9.09992168E-03  8.24710371E-02
 -5.00000000E-01  1.99304500E+00 -1.23832582E+00 -7.25473174E-03  1.44033347E+00  1.00000005E-03  9.06900410E-03  8.28986701E-02
 -5.00000000E-01  1.99328000E+00 -1.23921214E+00 -7.25181431E-03  1.44033820E+00  1.00000005E-03  9.03812205E-03  8.33274204E-02
 -5.00000000E-01  1.99351500E+00 -1.24009340E+00 -7.24883866E-03  1.44034292E+00  1.00000005E-03  9.00727614E-03  8.37572942E-02
 -5.00000000E-01  1.99375000E+00 -1.24096963E+00 -7.24580516E-03  1.44034764E+00  1.00000005E-03  8.97646698E-03  8.41882976E-02
 -5.00000000E-01  1.99398500E+00 -1.24184088E+00 -7.24271449E-03  1.44035236E+00  1.00000005E-03  8.94569516E-03  8.46204367E-02
 -5.00000000E-01  1.99422000E+00 -1.24270716E+00 -7.23956769E-03  1.44035708E+00  1.00000005E-03  8.91496130E-03  8.50537175E-02
 -5.00000000E-01  1.99445500E+00 -1.24356850E+00 -7.23636625E-03  1.44036181E+00  1.00000005E-03  8.88426598E-03  8.54881460E-02
 -5.00000000E-01  1.99469000E+00 -1.24442495E+00 -7.23311208E-03  1.44036657E+00  1.00000005E-03  8.85360983E-03  8.59237282E-02
 -5.00000000E-01  1.99492500E+00 -1.24527653E+00 -7.22980756E-03  1.44037136E+00  1.00000005E-03  8.82299343E-03  8.63604699E-02
 -5.00000000E-01  1.99516000E+00 -1.24612327E+00 -7.22645560E-03  1.44037619E+00  1.00000005E-03  8.79241740E-03  8.67983769E-02
 -5.00000000E-01  1.99539500E+00 -1.24696520E+00 -7.22305966E-03  1.44038109E+00  1.00000005E-03  8.76188235E-03  8.72374551E-02
 -5.00000000E-01  1.99563000E+00 -1.24780234E+00 -7.21962380E-03  1.44038607E+00  1.00000005E-03  8.73138888E-03  8.76777100E-02
 -5.00000000E-01  1.99586500E+00 -1.24863474E+00 -7.21615268E-03  1.44039115E+00  1.00000005E-03  8.70093759E-03  8.81191475E-02
 -5.00000000E-01  1.99610000E+00 -1.24946241E+00 -7.21265162E-03  1.44039636E+00  1.00000005E-03  8.67052911E-03  8.85617729E-02
 -5.00000000E-01  1.99633500E+00 -1.25028539E+00 -7.20912666E-03  1.44040173E+00  1.00000005E-03  8.64016405E-03  8.90055920E-02
 -5.00000000E-01  1.99657000E+00 -1.25110370E+00 -7.20558454E-03  1.44040729E+00  1.00000005E-03  8.60984301E-03  8.94506101E-02
 -5.00000000E-01  1.99680500E+00 -1.25191738E+00 -7.20203278E-03  1.44041307E+00  1.00000005E-03  8.57956662E-03  8.98968325E-02
 -5.00000000E-01  1.99704000E+00 -1.25272644E+00 -7.19843864E-03  1.44041892E+00  1.00000005E-03  8.54933544E-03  9.03442646E-02
 -5.00000000E-01  1.99727500E+00 -1.25353085E+00 -7.19462720E-03  1.44042398E+00  1.00000005E-03  8.51914980E-03  9.07929118E-02
 -5.00000000E-01  1.99751000E+00 -1.25433069E+00 -7.19078221E-03  1.44042914E+00  1.00000005E-03  8.48901061E-03  9.12427791E-02
 -5.00000000E-01  1.99774500E+00 -1.25512598E+00 -7.18690190E-03  1.44043440E+00  1.00000005E-03  8.45891848E-03  9.16938717E-02
 -5.00000000E-01  1.99798000E+00 -1.25591675E+00 -7.18298472E-03  1.44043973E+00  1.00000005E-03  8.42887400E-03  9.21461941E-02
 -5.00000000E-01  1.99821500E+00 -1.25670302E+00 -7.17902921E-03  1.44044515E+00  1.00000005E-03  8.39887779E-03  9.25997511E-02
 -5.00000000E-01  1.99845000E+00 -1.25748481E+00 -7.17503411E-03  1.44045064E+00  1.00000005E-03  8.36893046E-03  9.30545474E-02
 -5.00000000E-01  1.99868500E+00 -1.25826215E+00 -7.17099825E-03  1.44045619E+00  1.00000005E-03  8.33903260E-03  9.35105876E-02
 -5.00000000E-01  1.99892000E+00 -1.25903506E+00 -7.16692063E-03  1.44046181E+00  1.00000005E-03  8.30918485E-03  9.39678759E-02
 -5.00000000E-01  1.99915500E+00 -1.25980357E+00 -7.16280036E-03  1.44046748E+00  1.00000005E-03  8.27938780E-03  9.44264169E-02
 -5.00000000E-01  1.99939000E+00 -1.26056768E+00 -7.15863666E-03  1.44047320E+00  1.00000005E-03  8.24964208E-03  9.48862147E-02
 -5.00000000E-01  1.99962500E+00 -1.26132744E+00 -7.15442890E-03  1.44047898E+00  1.00000005E-03  8.21994829E-03  9.53472735E-02
 -5.00000000E-01  1.99986000E+00 -1.26208285E+00 -7.15017653E-03  1.44048480E+00  1.00000005E-03  8.19030706E-03  9.58095973E-02
 -5.00000000E-01  2.00009500E+00 -1.26283394E+00 -7.14587910E-03  1.44049066E+00  1.00000005E-03  8.16071901E-03  9.62731900E-02
 -5.00000000E-01  2.00033000E+00 -1.26358073E+00 -7.14153627E-03  1.44049657E+00  1.00000005E-03  8.13118475E-03  9.67380553E-02
 -5.00000000E-01  2.00056500E+00 -1.26432324E+00 -7.13714778E-03  1.44050251E+00  1.00000005E-03  8.10170492E-03  9.72041970E-02
 -5.00000000E-01  2.00080000E+00 -1.26506150E+00 -7.13271346E-03  1.44050850E+00  1.00000005E-03  8.07228012E-03  9.76716186E-02
 -5.00000000E-01  2.00103500E+00 -1.26579551E+00 -7.12823322E-03  1.44051452E+00  1.00000005E-03  8.04291100E-03  9.81403233E-02
 -5.00000000E-01  2.00127000E+00 -1.26652531E+00 -7.12370704E-03  1.44052059E+00  1.00000005E-03  8.01359817E-03  9.86103143E-02
 -5.00000000E-01  2.00150500E+00 -1.26725091E+00 -7.11913496E-03  1.44052669E+00  1.00000005E-03  7.98434227E-03  9.90815949E-02
 -5.00000000E-01  2.00174000E+00 -1.26797233E+00 -7.11451708E-03  1.44053283E+00  1.00000005E-03  7.95514393E-03  9.95541677E-02
 -5.00000000E-01  2.00197500E+00 -1.26868959E+00 -7.10985355E-03  1.44053901E+00  1.00000005E-03  7.92600378E-03  1.00028036E-01
 -5.00000000E-01  2.00221000E+00 -1.26940270E+00 -7.10514458E-03  1.44054523E+00  1.00000005E-03  7.89692246E-03  1.00503201E-01
 -5.00000000E-01  2.00244500E+00 -1.27011170E+00 -7.10039042E-03  1.44055148E+00  1.00000005E-03  7.86790060E-03  1.00979667E-01
 -5.00000000E-01  2.00268000E+00 -1.27081658E+00 -7.09559134E-03  1.44055778E+00  1.00000005E-03  7.83893885E-03  1.01457434E-01
 -5.00000000E-01  2.00291500E+00 -1.27151739E+00 -7.09074764E-03  1.44056412E+00  1.00000005E-03  7.81003784E-03  1.01936506E-01
 -5.00000000E-01  2.00315000E+00 -1.27221412E+00 -7.08585966E-03  1.44057051E+00  1.00000005E-03  7.78119822E-03  1.02416884E-01
 -5.00000000E-01  2.00338500E+00 -1.27290680E+00 -7.08092775E-03  1.44057693E+00  1.00000005E-03  7.75242063E-03  1.02898570E-01
 -5.00000000E-01  2.00362000E+00 -1.27359545E+00 -7.07595225E-03  1.44058341E+00  1.00000005E-03  7.72370572E-03  1.03381564E-01
 -5.00000000E-01  2.00385500E+00 -1.27428008E+00 -7.07093353E-03  1.44058992E+00  1.00000005E-03  7.69505414E-03  1.03865869E-01
 -5.00000000E-01  2.00409000E+00 -1.27496071E+00 -7.06587194E-03  1.44059649E+00  1.00000005E-03  7.66646654E-03  1.04351485E-01
 -5.00000000E-01  2.00432500E+00 -1.27563736E+00 -7.06076784E-03  1.44060311E+00  1.00000005E-03  7.63794358E-03  1.04838413E-01
 -5.00000000E-01  2.00456000E+00 -1.27631004E+00 -7.05562157E-03  1.44060977E+00  1.00000005E-03  7.60948590E-03  1.05326653E-01
 -5.00000000E-01  2.00479500E+00 -1.27697877E+00 -7.05043342E-03  1.44061649E+00  1.00000005E-03  7.58109418E-03  1.05816206E-01
 -5.00000000E-01  2.00503000E+00 -1.27764356E+00 -7.04520370E-03  1.44062325E+00  1.00000005E-03  7.55276906E-03  1.06307072E-01
 -5.00000000E-01  2.00526500E+00 -1.27830444E+00 -7.03993266E-03  1.44063007E+00  1.00000005E-03  7.52451122E-03  1.06799250E-01
 -5.00000000E-01  2.00550000E+00 -1.27896141E+00 -7.03462051E-03  1.44063694E+00  1.00000005E-03  7.49632131E-03  1.07292740E-01
 -5.00000000E-01  2.00573500E+00 -1.27961448E+00 -7.02926743E-03  1.44064387E+00  1.00000005E-03  7.46820001E-03  1.07787542E-01
 -5.00000000E-01  2.00597000E+00 -1.28026369E+00 -7.02387353E-03  1.44065085E+00  1.00000005E-03  7.44014798E-03  1.08283655E-01
 -5.00000000E-01  2.00620500E+00 -1.28090903E+00 -7.01843889E-03  1.44065788E+00  1.00000005E-03  7.41216590E-03  1.08781076E-01
 -5.00000000E-01  2.00644000E+00 -1.28155053E+00 -7.01296349E-03  1.44066496E+00  1.00000005E-03  7.38425445E-03  1.09279805E-01
 -5.00000000E-01  2.00667500E+00 -1.28218819E+00 -7.00744728E-03  1.44067210E+00  1.00000005E-03  7.35641429E-03  1.09779841E-01
 -5.00000000E-01  2.00691000E+00 -1.28282204E+00 -7.00189009E-03  1.44067929E+00  1.00000005E-03  7.32864610E-03  1.10281180E-01
 -5.00000000E-01  2.00714500E+00 -1.28345208E+00 -6.99629171E-03  1.44068652E+00  1.00000005E-03  7.30095058E-03  1.10783820E-01
 -5.00000000E-01  2.00738000E+00 -1.28407833E+00 -6.99065182E-03  1.44069380E+00  1.00000005E-03  7.27332841E-03  1.11287759E-01
 -5.00000000E-01  2.00761500E+00 -1.28470081E+00 -6.98497001E-03  1.44070113E+00  1.00000005E-03  7.24578026E-03  1.11792995E-01
 -5.00000000E-01  2.00785000E+00 -1.28531951E+00 -6.97924577E-03  1.44070850E+00  1.00000005E-03  7.21830684E-03  1.12299522E-01
 -5.00000000E-01  2.00808500E+00 -1.28593447E+00 -6.97347848E-03  1.44071590E+00  1.00000005E-03  7.19090884E-03  1.12807339E-01
 -5.00000000E-01  2.00832000E+00 -1.28654568E+00 -6.96766742E-03  1.44072334E+00  1.00000005E-03  7.16358695E-03  1.13316441E-01
 -5.00000000E-01  2.00855500E+00 -1.28715317E+00 -6.96181173E-03  1.44073081E+00  1.00000005E-03  7.13634186E-03  1.13826823E-01
 -5.00000000E-01  2.00879000E+00 -1.28775694E+00 -6.95591045E-03  1.44073831E+00  1.00000005E-03  7.10917429E-03  1.14338482E-01
 -5.00000000E-01  2.00902500E+00 -1.28835701E+00 -6.94996246E-03  1.44074582E+00  1.00000005E-03  7.08208493E-03  1.14851412E-01
 -5.00000000E-01  2.00926000E+00 -1.28895339E+00 -6.94396654E-03  1.44075335E+00  1.00000005E-03  7.05507449E-03  1.15365609E-01
 -5.00000000E-01  2.00949500E+00 -1.28954609E+00 -6.93795108E-03  1.44076102E+00  1.00000005E-03  7.02814368E-03  1.15881064E-01
 -5.00000000E-01  2.00973000E+00 -1.29013513E+00 -6.93190509E-03  1.44076880E+00  1.00000005E-03  7.00129321E-03  1.16397773E-01
 -5.00000000E-01  2.00996500E+00 -1.29072051E+00 -6.92581656E-03  1.44077662E+00  1.00000005E-03  6.97452378E-03  1.16915729E-01
 -5.00000000E-01  2.01020000E+00 -1.29130225E+00 -6.91968589E-03  1.44078447E+00  1.00000005E-03  6.94783611E-03  1.17434926E-01
 -5.00000000E-01  2.01043500E+00 -1.29188036E+00 -6.91351346E-03  1.44079237E+00  1.00000005E-03  6.92123093E-03  1.17955355E-01
 -5.00000000E-01  2.01067000E+00 -1.29245484E+00 -6.90729963E-03  1.44080031E+00  1.00000005E-03  6.89470894E-03  1.18477010E-01
 -5.00000000E-01  2.01090500E+00 -1.29302571E+00 -6.90104470E-03  1.44080829E+00  1.00000005E-03  6.86827088E-03  1.18999882E-01
 -5.00000000E-01  2.01114000E+00 -1.29359298E+00 -6.89474900E-03  1.44081632E+00  1.00000005E-03  6.84191746E-03  1.19523962E-01
 -5.00000000E-01  2.01137500E+00 -1.29415666E+00 -6.88841279E-03  1.44082439E+00  1.00000005E-03  6.81564942E-03  1.20049241E-01
 -5.00000000E-01  2.01161000E+00 -1.29471676E+00 -6.88203633E-03  1.44083251E+00  1.00000005E-03  6.78946749E-03  1.20575710E-01
 -5.00000000E-01  2.01184500E+00 -1.29527328E+00 -6.87561984E-03  1.44084068E+00  1.00000005E-03  6.76337239E-03  1.21103358E-01
 -5.00000000E-01  2.01208000E+00 -1.29582625E+00 -6.86916355E-03  1.44084889E+00  1.00000005E-03  6.73736488E-03  1.21632176E-01
 -5.00000000E-01  2.01231500E+00 -1.29637566E+00 -6.86266765E-03  1.44085716E+00  1.00000005E-03  6.71144568E-03  1.22162151E-01
 -5.00000000E-01  2.01255000E+00 -1.29692153E+00 -6.85613230E-03  1.44086547E+00  1.00000005E-03  6.68561554E-03  1.22693273E-01
 -5.00000000E-01  2.01278500E+00 -1.29746387E+00 -6.84955766E-03  1.44087383E+00  1.00000005E-03  6.65987521E-03  1.23225530E-01
 -5.00000000E-01  2.01302000E+00 -1.29800268E+00 -6.84294388E-03  1.44088224E+00  1.00000005E-03  6.63422542E-03  1.23758909E-01
 -5.00000000E-01  2.01325500E+00 -1.29853798E+00 -6.83629108E-03  1.44089070E+00  1.00000005E-03  6.60866694E-03  1.24293397E-01
 -5.00000000E-01  2.01349000E+00 -1.29906978E+00 -6.82959936E-03  1.44089921E+00  1.00000005E-03  6.58320051E-03  1.24828981E-01
 -5.00000000E-01  2.01372500E+00 -1.29959807E+00 -6.82286883E-03  1.44090777E+00  1.00000005E-03  6.55782688E-03  1.25365647E-01
 -5.00000000E-01  2.01396000E+00 -1.30012288E+00 -6.81609958E-03  1.44091638E+00  1.00000005E-03  6.53254682E-03  1.25903380E-01
 -5.00000000E-01  2.01419500E+00 -1.30064421E+00 -6.80929167E-03  1.44092504E+00  1.00000005E-03  6.50736109E-03  1.26442164E-01
 -5.00000000E-01  2.01443000E+00 -1.30116206E+00 -6.80244516E-03  1.44093375E+00  1.00000005E-03  6.48227044E-03  1.26981984E-01
 -5.00000000E-01  2.01466500E+00 -1.30167645E+00 -6.79556013E-03  1.44094251E+00  1.00000005E-03  6.45727565E-03  1.27522824E-01
 -5.00000000E-01  2.01490000E+00 -1.30218739E+00 -6.78863661E-03  1.44095132E+00  1.00000005E-03  6.43237748E-03  1.28064667E-01
 -5.00000000E-01  2.01513500E+00 -1.30269487E+00 -6.78167464E-03  1.44096018E+00  1.00000005E-03  6.40757669E-03  1.28607495E-01
 -5.00000000E-01  2.01537000E+00 -1.30319892E+00 -6.77467427E-03  1.44096909E+00  1.00000005E-03  6.38287407E-03  1.29151290E-01
 -5.00000000E-01  2.01560500E+00 -1.30369953E+00 -6.76763552E-03  1.44097805E+00  1.00000005E-03  6.35827039E-03  1.29696033E-01
 -5.00000000E-01  2.01584000E+00 -1.30419671E+00 -6.76055842E-03  1.44098705E+00  1.00000005E-03  6.33376642E-03  1.30241704E-01
 -5.00000000E-01  2.01607500E+00 -1.30469048E+00 -6.75344299E-03  1.44099611E+00  1.00000005E-03  6.30936294E-03  1.30788285E-01
 -5.00000000E-01  2.01631000E+00 -1.30518083E+00 -6.74628927E-03  1.44100521E+00  1.00000005E-03  6.28506074E-03  1.31335753E-01
 -5.00000000E-01  2.01654500E+00 -1.30566778E+00 -6.73909726E-03  1.44101437E+00  1.00000005E-03  6.26086059E-03  1.31884087E-01
 -5.00000000E-01  2.01678000E+00 -1.30615133E+00 -6.73186701E-03  1.44102357E+00  1.00000005E-03  6.23676329E-03  1.32433266E-01
 -5.00000000E-01  2.01701500E+00 -1.30663148E+00 -6.72459853E-03  1.44103281E+00  1.00000005E-03  6.21276962E-03  1.32983267E-01
 -5.00000000E-01  2.01725000E+00 -1.30710826E+00 -6.71729186E-03  1.44104211E+00  1.00000005E-03  6.18888037E-03  1.33534066E-01
 -5.00000000E-01  2.01748500E+00 -1.30758165E+00 -6.70994702E-03  1.44105145E+00  1.00000005E-03  6.16509634E-03  1.34085638E-01
 -5.00000000E-01  2.01772000E+00 -1.30805167E+00 -6.70256406E-03  1.44106085E+00  1.00000005E-03  6.14141831E-03  1.34637959E-01
 -5.00000000E-01  2.01795500E+00 -1.30851832E+00 -6.69514303E-03  1.44107028E+00  1.00000005E-03  6.11784710E-03  1.35191004E-01
 -5.00000000E-01  2.01819000E+00 -1.30898161E+00 -6.68768396E-03  1.44107977E+00  1.00000005E-03  6.09438348E-03  1.35744745E-01
 -5.00000000E-01  2.01842500E+00 -1.30944155E+00 -6.68018694E-03  1.44108930E+00  1.00000005E-03  6.07102828E-03  1.36299156E-01
 -5.00000000E-01  2.01866000E+00 -1.30989814E+00 -6.67265202E-03  1.44109889E+00  1.00000005E-03  6.04778228E-03  1.36854209E-01
 -5.00000000E-01  2.01889500E+00 -1.31035138E+00 -6.66507929E-03  1.44110851E+00  1.00000005E-03  6.02464630E-03  1.37409875E-01
 -5.00000000E-01  2.01913000E+00 -1.31080129E+00 -6.65746884E-03  1.44111819E+00  1.00000005E-03  6.00162114E-03  1.37966124E-01
 -5.00000000E-01  2.01936500E+00 -1.31124786E+00 -6.64982077E-03  1.44112791E+00  1.00000005E-03  5.97870761E-03  1.38522927E-01
 -5.00000000E-01  2.01960000E+00 -1.31169110E+00 -6.64213520E-03  1.44113769E+00  1.00000005E-03  5.95590652E-03  1.39080252E-01
 -5.00000000E-01  2.01983500E+00 -1.31213102E+00 -6.63441227E-03  1.44114751E+00  1.00000005E-03  5.93321868E-03  1.39638066E-01
 -5.00000000E-01  2.02007000E+00 -1.31256763E+00 -6.62665213E-03  1.44115738E+00  1.00000005E-03  5.91064491E-03  1.40196339E-01
 -5.00000000E-01  2.02030500E+00 -1.31300092E+00 -6.61885494E-03  1.44116730E+00  1.00000005E-03  5.88818603E-03  1.40755035E-01
 -5.00000000E-01  2.02054000E+00 -1.31343090E+00 -6.61102089E-03  1.44117727E+00  1.00000005E-03  5.86584285E-03  1.41314121E-01
 -5.00000000E-01  2.02077500E+00 -1.31385758E+00 -6.60315018E-03  1.44118729E+00  1.00000005E-03  5.84361620E-03  1.41873561E-01
 -5.00000000E-01  2.02101000E+00 -1.31428096E+00 -6.59524304E-03  1.44119736E+00  1.00000005E-03  5.82150689E-03  1.42433319E-01
 -5.00000000E-01  2.02124500E+00 -1.31470105E+00 -6.58729970E-03  1.44120748E+00  1.00000005E-03  5.79951575E-03  1.42993358E-01
 -5.00000000E-01  2.02148000E+00 -1.31511785E+00 -6.57932044E-03  1.44121766E+00  1.00000005E-03  5.77764360E-03  1.43553640E-01
 -5.00000000E-01  2.02171500E+00 -1.31553136E+00 -6.57130406E-03  1.44122788E+00  1.00000005E-03  5.75589127E-03  1.44114128E-01
 -5.00000000E-01  2.02195000E+00 -1.31594158E+00 -6.56324585E-03  1.44123813E+00  1.00000005E-03  5.73425956E-03  1.44674785E-01
 -5.00000000E-01  2.02218500E+00 -1.31634853E+00 -6.55515111E-03  1.44124843E+00  1.00000005E-03  5.71274932E-03  1.45235562E-01
 -5.00000000E-01  2.02242000E+00 -1.31675221E+00 -6.54701982E-03  1.44125877E+00  1.00000005E-03  5.69136139E-03  1.45796419E-01
 -5.00000000E-01  2.02265500E+00 -1.31715261E+00 -6.53885199E-03  1.44126917E+00  1.00000005E-03  5.67009658E-03  1.46357314E-01
 -5.00000000E-01  2.02289000E+00 -1.31754975E+00 -6.53064760E-03  1.44127961E+00  1.00000005E-03  5.64895574E-03  1.46918204E-01
 -5.00000000E-01  2.02312500E+00 -1.31794362E+00 -6.52240665E-03  1.44129010E+00  1.00000005E-03  5.62793969E-03  1.47479046E-01
 -5.00000000E-01  2.02336000E+00 -1.31833424E+00 -6.51412915E-03  1.44130064E+00  1.00000005E-03  5.60704925E-03  1.48039795E-01
 -5.00000000E-01  2.02359500E+00 -1.31872159E+00 -6.50581510E-03  1.44131123E+00  1.00000005E-03  5.58628528E-03  1.48600405E-01
 -5.00000000E-01  2.02383000E+00 -1.31910570E+00 -6.49746452E-03  1.44132186E+00  1.00000005E-03  5.56564858E-03  1.49160829E-01
 -5.00000000E-01  2.02406500E+00 -1.31948655E+00 -6.48907741E-03  1.44133254E+00  1.00000005E-03  5.54514001E-03  1.49721018E-01
 -5.00000000E-01  2.02430000E+00 -1.31986415E+00 -6.48065380E-03  1.44134327E+00  1.00000005E-03  5.52476040E-03  1.50280925E-01
 -5.00000000E-01  2.02453500E+00 -1.32023852E+00 -6.47219369E-03  1.44135405E+00  1.00000005E-03  5.50451057E-03  1.50840498E-01
 -5.00000000E-01  2.02477000E+00 -1.32060964E+00 -6.46369711E-03  1.44136487E+00  1.00000005E-03  5.48439138E-03  1.51399688E-01
 -5.00000000E-01  2.02500500E+00 -1.32097752E+00 -6.45516408E-03  1.44137574E+00  1.00000005E-03  5.46440365E-03  1.51958440E-01
 -5.00000000E-01  2.02524000E+00 -1.32134216E+00 -6.44659464E-03  1.44138666E+00  1.00000005E-03  5.44454822E-03  1.52516703E-01
 -5.00000000E-01  2.02547500E+00 -1.32170357E+00 -6.43798879E-03  1.44139762E+00  1.00000005E-03  5.42482593E-03  1.53074422E-01
 -5.00000000E-01  2.02571000E+00 -1.32206175E+00 -6.42934659E-03  1.44140863E+00  1.00000005E-03  5.40523762E-03  1.53631542E-01
 -5.00000000E-01  2.02594500E+00 -1.32241670E+00 -6.42066805E-03  1.44141968E+00  1.00000005E-03  5.38578412E-03  1.54188007E-01
 -5.00000000E-01  2.02618000E+00 -1.32276843E+00 -6.41195321E-03  1.44143078E+00  1.00000005E-03  5.36646627E-03  1.54743759E-01
 -5.00000000E-01  2.02641500E+00 -1.32311693E+00 -6.40320210E-03  1.44144193E+00  1.00000005E-03  5.34728491E-03  1.55298740E-01
 -5.00000000E-01  2.02665000E+00 -1.32346221E+00 -6.39441476E-03  1.44145312E+00  1.00000005E-03  5.32824088E-03  1.55852891E-01
 -5.00000000E-01  2.02688500E+00 -1.32380427E+00 -6.38559122E-03  1.44146436E+00  1.00000005E-03  5.30933500E-03  1.56406151E-01
 -5.00000000E-01  2.02712000E+00 -1.32414311E+00 -6.37673152E-03  1.44147564E+00  1.00000005E-03  5.29056812E-03  1.56958460E-01
 -5.00000000E-01  2.02735500E+00 -1.32447873E+00 -6.36783570E-03  1.44148697E+00  1.00000005E-03  5.27194108E-03  1.57509755E-01
 -5.00000000E-01  2.02759000E+00 -1.32481114E+00 -6.35890380E-03  1.44149834E+00  1.00000005E-03  5.25345469E-03  1.58059973E-01
 -5.00000000E-01  2.02782500E+00 -1.32514034E+00 -6.34993585E-03  1.44150976E+00  1.00000005E-03  5.23510981E-03  1.58609050E-01
 -5.00000000E-01  2.02806000E+00 -1.32546633E+00 -6.34093189E-03  1.44152123E+00  1.00000005E-03  5.21690726E-03  1.59156920E-01
 -5.00000000E-01  2.02829500E+00 -1.32578910E+00 -6.33189196E-03  1.44153274E+00  1.00000005E-03  5.19884787E-03  1.59703518E-01
 -5.00000000E-01  2.02853000E+00 -1.32610867E+00 -6.32281610E-03  1.44154430E+00  1.00000005E-03  5.18093247E-03  1.60248777E-01
 -5.00000000E-01  2.02876500E+00 -1.32642503E+00 -6.31370435E-03  1.44155590E+00  1.00000005E-03  5.16316189E-03  1.60792628E-01
 -5.00000000E-01  2.02900000E+00 -1.32673819E+00 -6.30455673E-03  1.44156755E+00  1.00000005E-03  5.14553696E-03  1.61335002E-01
 -5.00000000E-01  2.02923500E+00 -1.32704815E+00 -6.29537330E-03  1.44157924E+00  1.00000005E-03  5.12805851E-03  1.61875830E-01
 -5.00000000E-01  2.02947000E+00 -1.32735490E+00 -6.28615407E-03  1.44159098E+00  1.00000005E-03  5.11072735E-03  1.62415041E-01
 -5.00000000E-01  2.02970500E+00 -1.32765845E+00 -6.27689910E-03  1.44160276E+00  1.00000005E-03  5.09354431E-03  1.62952563E-01
 -5.00000000E-01  2.02994000E+00 -1.32795879E+00 -6.26760840E-03  1.44161459E+00  1.00000005E-03  5.07651021E-03  1.63488323E-01
 -5.00000000E-01  2.03017500E+00 -1.32825594E+00 -6.25828201E-03  1.44162646E+00  1.00000005E-03  5.05962587E-03  1.64022247E-01
 -5.00000000E-01  2.03041000E+00 -1.32854989E+00 -6.24891997E-03  1.44163838E+00  1.00000005E-03  5.04289211E-03  1.64554262E-01
 -5.00000000E-01  2.03064500E+00 -1.32884065E+00 -6.23952229E-03  1.44165034E+00  1.00000005E-03  5.02630973E-03  1.65084291E-01
 -5.00000000E-01  2.03088000E+00 -1.32912820E+00 -6.23008900E-03  1.44166234E+00  1.00000005E-03  5.00987956E-03  1.65612259E-01
 -5.00000000E-01  2.03111500E+00 -1.32941256E+00 -6.22062013E-03  1.44167440E+00  1.00000005E-03  4.99360239E-03  1.66138087E-01
 -5.00000000E-01  2.03135000E+00 -1.32969373E+00 -6.21111570E-03  1.44168649E+00  1.00000005E-03  4.97747904E-03  1.66661699E-01
 -5.00000000E-01  2.03158500E+00 -1.32997170E+00 -6.20157573E-03  1.44169863E+00  1.00000005E-03  4.96151031E-03  1.67183014E-01
 -5.00000000E-01  2.03182000E+00 -1.33024647E+00 -6.19200022E-03  1.44171081E+00  1.00000005E-03  4.94569701E-03  1.67701952E-01
 -5.00000000E-01  2.03205500E+00 -1.33051805E+00 -6.18238920E-03  1.44172304E+00  1.00000005E-03  4.93003992E-03  1.68218434E-01
 -5.00000000E-01  2.03229000E+00 -1.33078644E+00 -6.17274268E-03  1.44173531E+00  1.00000005E-03  4.91453985E-03  1.68732376E-01
 -5.00000000E-01  2.03252500E+00 -1.33105164E+00 -6.16306065E-03  1.44174763E+00  1.00000005E-03  4.89919759E-03  1.69243697E-01
 -5.00000000E-01  2.03276000E+00 -1.33131364E+00 -6.15334313E-03  1.44175999E+00  1.00000005E-03  4.88401393E-03  1.69752314E-01
 -5.00000000E-01  2.03299500E+00 -1.33157245E+00 -6.14359011E-03  1.44177239E+00  1.00000005E-03  4.86898965E-03  1.70258141E-01
 -5.00000000E-01  2.03323000E+00 -1.33182807E+00 -6.13380159E-03  1.44178483E+00  1.00000005E-03  4.85412553E-03  1.70761093E-01
 -5.00000000E-01  2.03346500E+00 -1.33208049E+00 -6.12397756E-03  1.44179732E+00  1.00000005E-03  4.83942236E-03  1.71261085E-01
 -5.00000000E-01  2.03370000E+00 -1.33232973E+00 -6.11411801E-03  1.44180985E+00  1.00000005E-03  4.82488091E-03  1.71758029E-01
 -5.00000000E-01  2.03393500E+00 -1.33257577E+00 -6.10422292E-03  1.44182242E+00  1.00000005E-03  4.81050196E-03  1.72251838E-01
 -5.00000000E-01  2.03417000E+00 -1.33281862E+00 -6.09429322E-03  1.44183504E+00  1.00000005E-03  4.79628625E-03  1.72742438E-01
 -5.00000000E-01  2.03440500E+00 -1.33305828E+00 -6.08432852E-03  1.44184770E+00  1.00000005E-03  4.78223454E-03  1.73229732E-01
 -5.00000000E-01  2.03464000E+00 -1.33329475E+00 -6.07432851E-03  1.44186040E+00  1.00000005E-03  4.76834759E-03  1.73713630E-01
 -5.00000000E-01  2.03487500E+00 -1.33352802E+00 -6.06429322E-03  1.44187315E+00  1.00000005E-03  4.75462616E-03  1.74194043E-01
 -5.00000000E-01  2.03511000E+00 -1.33375811E+00 -6.05422267E-03  1.44188594E+00  1.00000005E-03  4.74107098E-03  1.74670882E-01
 -5.00000000E-01  2.03534500E+00 -1.33398500E+00 -6.04411691E-03  1.44189877E+00  1.00000005E-03  4.72768281E-03  1.75144059E-01
 -5.00000000E-01  2.03558000E+00 -1.33420870E+00 -6.03397597E-03  1.44191164E+00  1.00000005E-03  4.71446237E-03  1.75613484E-01
 -5.00000000E-01  2.03581500E+00 -1.33442921E+00 -6.02379986E-03  1.44192456E+00  1.00000005E-03  4.70141040E-03  1.76079066E-01
 -5.00000000E-01  2.03605000E+00 -1.33464652E+00 -6.01358863E-03  1.44193752E+00  1.00000005E-03  4.68852762E-03  1.76540716E-01
 -5.00000000E-01  2.03628500E+00 -1.33486065E+00 -6.00334229E-03  1.44195052E+00  1.00000005E-03  4.67581476E-03  1.76998341E-01
 -5.00000000E-01  2.03652000E+00 -1.33507157E+00 -5.99306088E-03  1.44196356E+00  1.00000005E-03  4.66327253E-03  1.77451851E-01
 -5.00000000E-01  2.03675500E+00 -1.33527931E+00 -5.98274442E-03  1.44197665E+00  1.00000005E-03  4.65090162E-03  1.77901155E-01
 -5.00000000E-01  2.03699000E+00 -1.33548385E+00 -5.97239294E-03  1.44198977E+00  1.00000005E-03  4.63870276E-03  1.78346159E-01
 -5.00000000E-01  2.03722500E+00 -1.33568520E+00 -5.96200646E-03  1.44200294E+00  1.00000005E-03  4.62667662E-03  1.78786772E-01
 -5.00000000E-01  2.03746000E+00 -1.33588335E+00 -5.95158500E-03  1.44201615E+00  1.00000005E-03  4.61482391E-03  1.79222903E-01
 -5.00000000E-01  2.03769500E+00 -1.33607831E+00 -5.94112859E-03  1.44202940E+00  1.00000005E-03  4.60314529E-03  1.79654458E-01
 -5.00000000E-01  2.03793000E+00 -1.33627007E+00 -5.93063725E-03  1.44204269E+00  1.00000005E-03  4.59164145E-03  1.80081346E-01
 -5.00000000E-01  2.03816500E+00 -1.33645863E+00 -5.92011101E-03  1.44205603E+00  1.00000005E-03  4.58031305E-03  1.80503473E-01
 -5.00000000E-01  2.03840000E+00 -1.33664400E+00 -5.90954989E-03  1.44206940E+00  1.00000005E-03  4.56916076E-03  1.80920749E-01
 -5.00000000E-01  2.03863500E+00 -1.33682617E+00 -5.89895391E-03  1.44208282E+00  1.00000005E-03  4.55818523E-03  1.81333080E-01
 -5.00000000E-01  2.03887000E+00 -1.33700515E+00 -5.88832308E-03  1.44209628E+00  1.00000005E-03  4.54738710E-03  1.81740375E-01
 -5.00000000E-01  2.03910500E+00 -1.33718092E+00 -5.87765744E-03  1.44210978E+00  1.00000005E-03  4.53676702E-03  1.82142542E-01
 -5.00000000E-01  2.03934000E+00 -1.33735350E+00 -5.86695701E-03  1.44212331E+00  1.00000005E-03  4.52632560E-03  1.82539490E-01
 -5.00000000E-01  2.03957500E+00 -1.33752287E+00 -5.85622180E-03  1.44213689E+00  1.00000005E-03  4.51606349E-03  1.82931128E-01
 -5.00000000E-01  2.03981000E+00 -1.33768905E+00 -5.84545183E-03  1.44215051E+00  1.00000005E-03  4.50598129E-03  1.83317364E-01
 -5.00000000E-01  2.04004500E+00 -1.33785202E+00 -5.83464714E-03  1.44216418E+00  1.00000005E-03  4.49607961E-03  1.83698110E-01
 -5.00000000E-01  2.04028000E+00 -1.33801179E+00 -5.82380773E-03  1.44217788E+00  1.00000005E-03  4.48635905E-03  1.84073274E-01
 -5.00000000E-01  2.04051500E+00 -1.33816836E+00 -5.81293363E-03  1.44219162E+00  1.00000005E-03  4.47682019E-03  1.84442768E-01
 -5.00000000E-01  2.04075000E+00 -1.33832173E+00 -5.80202485E-03  1.44220540E+00  1.00000005E-03  4.46746362E-03  1.84806502E-01
 -5.00000000E-01  2.04098500E+00 -1.33847190E+00 -5.79108143E-03  1.44221922E+00  1.00000005E-03  4.45828992E-03  1.85164390E-01
 -5.00000000E-01  2.04122000E+00 -1.33861885E+00 -5.78010338E-03  1.44223308E+00  1.00000005E-03  4.44929964E-03  1.85516343E-01
 -5.00000000E-01  2.04145500E+00 -1.33876261E+00 -5.76909072E-03  1.44224698E+00  1.00000005E-03  4.44049335E-03  1.85862275E-01
 -5.00000000E-01  2.04169000E+00 -1.33890316E+00 -5.75804348E-03  1.44226092E+00  1.00000005E-03  4.43187157E-03  1.86202101E-01
 -5.00000000E-01  2.04192500E+00 -1.33904050E+00 -5.74696167E-03  1.44227491E+00  1.00000005E-03  4.42343487E-03  1.86535734E-01
 -5.00000000E-01  2.04216000E+00 -1.33917463E+00 -5.73584532E-03  1.44228893E+00  1.00000005E-03  4.41518375E-03  1.86863092E-01
 -5.00000000E-01  2.04239500E+00 -1.33930556E+00 -5.72469445E-03  1.44230298E+00  1.00000005E-03  4.40711873E-03  1.87184091E-01
 -5.00000000E-01  2.04263000E+00 -1.33943328E+00 -5.71350908E-03  1.44231708E+00  1.00000005E-03  4.39924033E-03  1.87498649E-01
 -5.00000000E-01  2.04286500E+00 -1.33955779E+00 -5.70228924E-03  1.44233122E+00  1.00000005E-03  4.39154904E-03  1.87806684E-01
 -5.00000000E-01  2.04310000E+00 -1.33967909E+00 -5.69103494E-03  1.44234540E+00  1.00000005E-03  4.38404534E-03  1.88108118E-01
 -5.00000000E-01  2.04333500E+00 -1.33979718E+00 -5.67974622E-03  1.44235961E+00  1.00000005E-03  4.37672972E-03  1.88402871E-01
 -5.00000000E-01  2.04357000E+00 -1.33991205E+00 -5.66842310E-03  1.44237387E+00  1.00000005E-03  4.36960263E-03  1.88690865E-01
 -5.00000000E-01  2.04380500E+00 -1.34002372E+00 -5.65706560E-03  1.44238816E+00  1.00000005E-03  4.36266454E-03  1.88972025E-01
 -5.00000000E-01  2.04404000E+00 -1.34013217E+00 -5.64567375E-03  1.44240249E+00  1.00000005E-03  4.35591589E-03  1.89246275E-01
 -5.00000000E-01  2.04427500E+00 -1.34023741E+00 -5.63424757E-03  1.44241686E+00  1.00000005E-03  4.34935712E-03  1.89513541E-01
 -5.00000000E-01  2.04451000E+00 -1.34033944E+00 -5.62278710E-03  1.44243127E+00  1.00000005E-03  4.34298864E-03  1.89773752E-01
 -5.00000000E-01  2.04474500E+00 -1.34043825E+00 -5.61129235E-03  1.44244572E+00  1.00000005E-03  4.33681087E-03  1.90026836E-01
 -5.00000000E-01  2.04498000E+00 -1.34053384E+00 -5.59976337E-03  1.44246021E+00  1.00000005E-03  4.33082421E-03  1.90272724E-01
 -5.00000000E-01  2.04521500E+00 -1.34062622E+00 -5.58820018E-03  1.44247473E+00  1.00000005E-03  4.32502904E-03  1.90511349E-01
 -5.00000000E-01  2.04545000E+00 -1.34071539E+00 -5.57660280E-03  1.44248929E+00  1.00000005E-03  4.31942575E-03  1.90742644E-01
 -5.00000000E-01  2.04568500E+00 -1.34080133E+00 -5.56497128E-03  1.44250389E+00  1.00000005E-03  4.31401470E-03  1.90966545E-01
 -5.00000000E-01  2.04592000E+00 -1.34088406E+00 -5.55330565E-03  1.44251853E+00  1.00000005E-03  4.30879624E-03  1.91182990E-01
 -5.00000000E-01  2.04615500E+00 -1.34096357E+00 -5.54160593E-03  1.44253321E+00  1.00000005E-03  4.30377072E-03  1.91391917E-01
 -5.00000000E-01  2.04639000E+00 -1.34103987E+00 -5.52987210E-03  1.44254792E+00  1.00000005E-03  4.29893848E-03  1.91593261E-01
 -5.00000000E-01  2.04662500E+00 -1.34111294E+00 -5.51810404E-03  1.44256267E+00  1.00000005E-03  4.29429986E-03  1.91786964E-01
 -5.00000000E-01  2.04686000E+00 -1.34118279E+00 -5.50630195E-03  1.44257746E+00  1.00000005E-03  4.28985512E-03  1.91972990E-01
 -5.00000000E-01  2.04709500E+00 -1.34124943E+00 -5.49446588E-03  1.44259228E+00  1.00000005E-03  4.28560455E-03  1.92151283E-01
 -5.00000000E-01  2.04733000E+00 -1.34131284E+00 -5.48259583E-03  1.44260714E+00  1.00000005E-03  4.28154845E-03  1.92321788E-01
 -5.00000000E-01  2.04756500E+00 -1.34137303E+00 -5.47069183E-03  1.44262204E+00  1.00000005E-03  4.27768708E-03  1.92484456E-01
 -5.00000000E-01  2.04780000E+00 -1.34143000E+00 -5.45875392E-03  1.44263698E+00  1.00000005E-03  4.27402072E-03  1.92639237E-01
 -5.00000000E-01  2.04803500E+00 -1.34148375E+00 -5.44678211E-03  1.44265195E+00  1.00000005E-03  4.27054961E-03  1.92786085E-01
 -5.00000000E-01  2.04827000E+00 -1.34153428E+00 -5.43477644E-03  1.44266696E+00  1.00000005E-03  4.26727398E-03  1.92924956E-01
 -5.00000000E-01  2.04850500E+00 -1.34158158E+00 -5.42273693E-03  1.44268200E+00  1.00000005E-03  4.26419406E-03  1.93055810E-01
 -5.00000000E-01  2.04874000E+00 -1.34162566E+00 -5.41066362E-03  1.44269709E+00  1.00000005E-03  4.26131005E-03  1.93178607E-01
 -5.00000000E-01  2.04897500E+00 -1.34166652E+00 -5.39855653E-03  1.44271221E+00  1.00000005E-03  4.25862215E-03  1.93293312E-01
 -5.00000000E-01  2.04921000E+00 -1.34170416E+00 -5.38641569E-03  1.44272736E+00  1.00000005E-03  4.25613055E-03  1.93399890E-01
 -5.00000000E-01  2.04944500E+00 -1.34173857E+00 -5.37424113E-03  1.44274255E+00  1.00000005E-03  4.25383540E-03  1.93498310E-01
 -5.00000000E-01  2.04968000E+00 -1.34176975E+00 -5.36203288E-03  1.44275778E+00  1.00000005E-03  4.25173687E-03  1.93588543E-01
 -5.00000000E-01  2.04991500E+00 -1.34179772E+00 -5.34979098E-03  1.44277304E+00  1.00000005E-03  4.24983510E-03  1.93670564E-01
 -5.00000000E-01  2.05015000E+00 -1.34182246E+00 -5.33751545E-03  1.44278834E+00  1.00000005E-03  4.24813022E-03  1.93744348E-01
 -5.00000000E-01  2.05038500E+00 -1.34184397E+00 -5.32520633E-03  1.44280368E+00  1.00000005E-03  4.24662234E-03  1.93809873E-01
 -5.00000000E-01  2.05062000E+00 -1.34186226E+00 -5.31286365E-03  1.44281905E+00  1.00000005E-03  4.24531156E-03  1.93867121E-01
 -5.00000000E-01  2.05085500E+00 -1.34187733E+00 -5.30048745E-03  1.44283445E+00  1.00000005E-03  4.24419799E-03  1.93916075E-01
 -5.00000000E-01  2.05109000E+00 -1.34188917E+00 -5.28807775E-03  1.44284989E+00  1.00000005E-03  4.24328168E-03  1.93956721E-01
 -5.00000000E-01  2.05132500E+00 -1.34189778E+00 -5.27563459E-03  1.44286537E+00  1.00000005E-03  4.24256271E-03  1.93989047E-01
 -5.00000000E-01  2.05156000E+00 -1.34190318E+00 -5.26315802E-03  1.44288088E+00  1.00000005E-03  4.24204112E-03  1.94013044E-01
 -5.00000000E-01  2.05179500E+00 -1.34190534E+00 -5.25064805E-03  1.44289643E+00  1.00000005E-03  4.24171695E-03  1.94028706E-01
 -5.00000000E-01  2.05203000E+00 -1.34190428E+00 -5.23810473E-03  1.44291201E+00  1.00000005E-03  4.24159023E-03  1.94036027E-01
 -5.00000000E-01  2.05226500E+00 -1.34190000E+00 -5.22552809E-03  1.44292763E+00  1.00000005E-03  4.24166096E-03  1.94035007E-01
 -5.00000000E-01  2.05250000E+00 -1.34189250E+00 -5.21291818E-03  1.44294328E+00  1.00000005E-03  4.24192915E-03  1.94025645E-01
 -5.00000000E-01  2.05273500E+00 -1.34188177E+00 -5.20027502E-03  1.44295896E+00  1.00000005E-03  4.24239477E-03  1.94007944E-01
 -5.00000000E-01  2.05297000E+00 -1.34186781E+00 -5.18759866E-03  1.44297468E+00  1.00000005E-03  4.24305780E-03  1.93981910E-01
 -5.00000000E-01  2.05320500E+00 -1.34185063E+00 -5.17488913E-03  1.44299044E+00  1.00000005E-03  4.24391819E-03  1.93947550E-01
 -5.00000000E-01  2.05344000E+00 -1.34183023E+00 -5.16214647E-03  1.44300623E+00  1.00000005E-03  4.24497589E-03  1.93904875E-01
 -5.00000000E-01  2.05367500E+00 -1.34180661E+00 -5.14937071E-03  1.44302205E+00  1.00000005E-03  4.24623083E-03  1.93853898E-01
 -5.00000000E-01  2.05391000E+00 -1.34177976E+00 -5.13656191E-03  1.44303791E+00  1.00000005E-03  4.24768294E-03  1.93794632E-01
 -5.00000000E-01  2.05414500E+00 -1.34174969E+00 -5.12372009E-03  1.44305380E+00  1.00000005E-03  4.24933210E-03  1.93727097E-01
 -5.00000000E-01  2.05438000E+00 -1.34171639E+00 -5.11084530E-03  1.44306972E+00  1.00000005E-03  4.25117823E-03  1.93651310E-01
 -5.00000000E-01  2.05461500E+00 -1.34167988E+00 -5.09793758E-03  1.44308568E+00  1.00000005E-03  4.25322119E-03  1.93567295E-01
 -5.00000000E-01  2.05485000E+00 -1.34164014E+00 -5.08499697E-03  1.44310168E+00  1.00000005E-03  4.25546085E-03  1.93475076E-01
 -5.00000000E-01  2.05508500E+00 -1.34159718E+00 -5.07202350E-03  1.44311770E+00  1.00000005E-03  4.25789706E-03  1.93374681E-01
 -5.00000000E-01  2.05532000E+00 -1.34155100E+00 -5.05901723E-03  1.44313376E+00  1.00000005E-03  4.26052967E-03  1.93266138E-01
 -5.00000000E-01  2.05555500E+00 -1.34150160E+00 -5.04597818E-03  1.44314986E+00  1.00000005E-03  4.26335850E-03  1.93149479E-01
 -5.00000000E-01  2.05579000E+00 -1.34144898E+00 -5.03290641E-03  1.44316598E+00  1.00000005E-03  4.26638337E-03  1.93024738E-01
 -5.00000000E-01  2.05602500E+00 -1.34139314E+00 -5.01980196E-03  1.44318214E+00  1.00000005E-03  4.26960407E-03  1.92891952E-01
 -5.00000000E-01  2.05626000E+00 -1.34133409E+00 -5.00666486E-03  1.44319833E+00  1.00000005E-03  4.27302039E-03  1.92751160E-01
 -5.00000000E-01  2.05649500E+00 -1.34127181E+00 -4.99349517E-03  1.44321456E+00  1.00000005E-03  4.27663211E-03  1.92602402E-01
 -5.00000000E-01  2.05673000E+00 -1.34120632E+00 -4.98029291E-03  1.44323082E+00  1.00000005E-03  4.28043899E-03  1.92445724E-01
 -5.00000000E-01  2.05696500E+00 -1.34113761E+00 -4.96705815E-03  1.44324711E+00  1.00000005E-03  4.28444077E-03  1.92281169E-01
 -5.00000000E-01  2.05720000E+00 -1.34106568E+00 -4.95379092E-03  1.44326343E+00  1.00000005E-03  4.28863720E-03  1.92108788E-01
 -5.00000000E-01  2.05743500E+00 -1.34099054E+00 -4.94049126E-03  1.44327979E+00  1.00000005E-03  4.29302799E-03  1.91928630E-01
 -5.00000000E-01  2.05767000E+00 -1.34091218E+00 -4.92715922E-03  1.44329618E+00  1.00000005E-03  4.29761285E-03  1.91740748E-01
 -5.00000000E-01  2.05790500E+00 -1.34083061E+00 -4.91379485E-03  1.44331260E+00  1.00000005E-03  4.30239149E-03  1.91545199E-01
 -5.00000000E-01  2.05814000E+00 -1.34074582E+00 -4.90039819E-03  1.44332905E+00  1.00000005E-03  4.30736358E-03  1.91342039E-01
 -5.00000000E-01  2.05837500E+00 -1.34065783E+00 -4.88696928E-03  1.44334554E+00  1.00000005E-03  4.31252879E-03  1.91131329E-01
 -5.00000000E-01  2.05861000E+00 -1.34056662E+00 -4.87350817E-03  1.44336206E+00  1.00000005E-03  4.31788678E-03  1.90913131E-01
 -5.00000000E-01  2.05884500E+00 -1.34047220E+00 -4.86001503E-03  1.44337861E+00  1.00000005E-03  4.32343726E-03  1.90687488E-01
 -5.00000000E-01  2.05908000E+00 -1.34037456E+00 -4.84648982E-03  1.44339519E+00  1.00000005E-03  4.32917984E-03  1.90454465E-01
 -5.00000000E-01  2.05931500E+00 -1.34027372E+00 -4.83293253E-03  1.44341180E+00  1.00000005E-03  4.33511414E-03  1.90214130E-01
 -5.00000000E-01  2.05955000E+00 -1.34016967E+00 -4.81934324E-03  1.44342844E+00  1.00000005E-03  4.34123977E-03  1.89966552E-01
 -5.00000000E-01  2.05978500E+00 -1.34006241E+00 -4.80572198E-03  1.44344512E+00  1.00000005E-03  4.34755636E-03  1.89711799E-01
 -5.00000000E-01  2.06002000E+00 -1.33995195E+00 -4.79206883E-03  1.44346183E+00  1.00000005E-03  4.35406348E-03  1.89449940E-01
 -5.00000000E-01  2.06025500E+00 -1.33983828E+00 -4.77838382E-03  1.44347857E+00  1.00000005E-03  4.36076072E-03  1.89181047E-01
 -5.00000000E-01  2.06049000E+00 -1.33972140E+00 -4.76466701E-03  1.44349534E+00  1.00000005E-03  4.36764766E-03  1.88905193E-01
 -5.00000000E-01  2.06072500E+00 -1.33960132E+00 -4.75091846E-03  1.44351214E+00  1.00000005E-03  4.37472385E-03  1.88622452E-01
 -5.00000000E-01  2.06096000E+00 -1.33947803E+00 -4.73713821E-03  1.44352897E+00  1.00000005E-03  4.38198885E-03  1.88332901E-01
 -5.00000000E-01  2.06119500E+00 -1.33935154E+00 -4.72332633E-03  1.44354583E+00  1.00000005E-03  4.38944220E-03  1.88036614E-01
 -5.00000000E-01  2.06143000E+00 -1.33922185E+00 -4.70948287E-03  1.44356273E+00  1.00000005E-03  4.39708341E-03  1.87733672E-01
 -5.00000000E-01  2.06166500E+00 -1.33908896E+00 -4.69560788E-03  1.44357965E+00  1.00000005E-03  4.40491203E-03  1.87424152E-01
 -5.00000000E-01  2.06190000E+00 -1.33895287E+00 -4.68170141E-03  1.44359661E+00  1.00000005E-03  4.41292754E-03  1.87108136E-01
 -5.00000000E-01  2.06213500E+00 -1.33881358E+00 -4.66776353E-03  1.44361359E+00  1.00000005E-03  4.42112945E-03  1.86785704E-01
 -5.00000000E-01  2.06237000E+00 -1.33867109E+00 -4.65379427E-03  1.44363061E+00  1.00000005E-03  4.42951725E-03  1.86456940E-01
 -5.00000000E-01  2.06260500E+00 -1.33852540E+00 -4.63979371E-03  1.44364765E+00  1.00000005E-03  4.43809041E-03  1.86121926E-01
 -5.00000000E-01  2.06284000E+00 -1.33837652E+00 -4.62576188E-03  1.44366473E+00  1.00000005E-03  4.44684841E-03  1.85780747E-01
 -5.00000000E-01  2.06307500E+00 -1.33822444E+00 -4.61169886E-03  1.44368184E+00  1.00000005E-03  4.45579069E-03  1.85433488E-01
 -5.00000000E-01  2.06331000E+00 -1.33806916E+00 -4.59760468E-03  1.44369897E+00  1.00000005E-03  4.46491672E-03  1.85080235E-01
 -5.00000000E-01  2.06354500E+00 -1.33791069E+00 -4.58347941E-03  1.44371614E+00  1.00000005E-03  4.47422593E-03  1.84721076E-01
 -5.00000000E-01  2.06378000E+00 -1.33774903E+00 -4.56932311E-03  1.44373334E+00  1.00000005E-03  4.48371775E-03  1.84356097E-01
 -5.00000000E-01  2.06401500E+00 -1.33758418E+00 -4.55513582E-03  1.44375056E+00  1.00000005E-03  4.49339160E-03  1.83985387E-01
 -5.00000000E-01  2.06425000E+00 -1.33741614E+00 -4.54091761E-03  1.44376782E+00  1.00000005E-03  4.50324690E-03  1.83609034E-01
 -5.00000000E-01  2.06448500E+00 -1.33724490E+00 -4.52666853E-03  1.44378510E+00  1.00000005E-03  4.51328305E-03  1.83227128E-01
 -5.00000000E-01  2.06472000E+00 -1.33707048E+00 -4.51238864E-03  1.44380242E+00  1.00000005E-03  4.52349945E-03  1.82839759E-01
 -5.00000000E-01  2.06495500E+00 -1.33689287E+00 -4.49807800E-03  1.44381976E+00  1.00000005E-03  4.53389549E-03  1.82447018E-01
 -5.00000000E-01  2.06519000E+00 -1.33671207E+00 -4.48373665E-03  1.44383713E+00  1.00000005E-03  4.54447054E-03  1.82048994E-01
 -5.00000000E-01  2.06542500E+00 -1.33652808E+00 -4.46936467E-03  1.44385454E+00  1.00000005E-03  4.55522397E-03  1.81645780E-01
 -5.00000000E-01  2.06566000E+00 -1.33634091E+00 -4.45496210E-03  1.44387197E+00  1.00000005E-03  4.56615516E-03  1.81237467E-01
 -5.00000000E-01  2.06589500E+00 -1.33615055E+00 -4.44052902E-03  1.44388943E+00  1.00000005E-03  4.57726345E-03  1.80824146E-01
 -5.00000000E-01  2.06613000E+00 -1.33595700E+00 -4.42606547E-03  1.44390692E+00  1.00000005E-03  4.58854820E-03  1.80405910E-01
 -5.00000000E-01  2.06636500E+00 -1.33576028E+00 -4.41157151E-03  1.44392444E+00  1.00000005E-03  4.60000874E-03  1.79982850E-01
 -5.00000000E-01  2.06660000E+00 -1.33556037E+00 -4.39704721E-03  1.44394198E+00  1.00000005E-03  4.61164441E-03  1.79555060E-01
 -5.00000000E-01  2.06683500E+00 -1.33535727E+00 -4.38249263E-03  1.44395956E+00  1.00000005E-03  4.62345454E-03  1.79122630E-01
 -5.00000000E-01  2.06707000E+00 -1.33515100E+00 -4.36790782E-03  1.44397717E+00  1.00000005E-03  4.63543844E-03  1.78685655E-01
 -5.00000000E-01  2.06730500E+00 -1.33494155E+00 -4.35329285E-03  1.44399480E+00  1.00000005E-03  4.64759543E-03  1.78244226E-01
 -5.00000000E-01  2.06754000E+00 -1.33472891E+00 -4.33864779E-03  1.44401246E+00  1.00000005E-03  4.65992481E-03  1.77798435E-01
 -5.00000000E-01  2.06777500E+00 -1.33451309E+00 -4.32397268E-03  1.44403015E+00  1.00000005E-03  4.67242589E-03  1.77348374E-01
 -5.00000000E-01  2.06801000E+00 -1.33429410E+00 -4.30926761E-03  1.44404787E+00  1.00000005E-03  4.68509796E-03  1.76894136E-01
 -5.00000000E-01  2.06824500E+00 -1.33407193E+00 -4.29453262E-03  1.44406561E+00  1.00000005E-03  4.69794030E-03  1.76435813E-01
 -5.00000000E-01  2.06848000E+00 -1.33384658E+00 -4.27976779E-03  1.44408339E+00  1.00000005E-03  4.71095219E-03  1.75973494E-01
 -5.00000000E-01  2.06871500E+00 -1.33361805E+00 -4.26497318E-03  1.44410119E+00  1.00000005E-03  4.72413292E-03  1.75507273E-01
 -5.00000000E-01  2.06895000E+00 -1.33338634E+00 -4.25014885E-03  1.44411902E+00  1.00000005E-03  4.73748174E-03  1.75037240E-01
 -5.00000000E-01  2.06918500E+00 -1.33315146E+00 -4.23529487E-03  1.44413688E+00  1.00000005E-03  4.75099793E-03  1.74563484E-01
 -5.00000000E-01  2.06942000E+00 -1.33291340E+00 -4.22041131E-03  1.44415476E+00  1.00000005E-03  4.76468074E-03  1.74086096E-01
 -5.00000000E-01  2.06965500E+00 -1.33267216E+00 -4.20549824E-03  1.44417267E+00  1.00000005E-03  4.77852943E-03  1.73605165E-01
 -5.00000000E-01  2.06989000E+00 -1.33242775E+00 -4.19055573E-03  1.44419061E+00  1.00000005E-03  4.79254324E-03  1.73120779E-01
 -5.00000000E-01  2.07012500E+00 -1.33218017E+00 -4.17558383E-03  1.44420858E+00  1.00000005E-03  4.80672142E-03  1.72633028E-01
 -5.00000000E-01  2.07036000E+00 -1.33192941E+00 -4.16058264E-03  1.44422658E+00  1.00000005E-03  4.82106320E-03  1.72141998E-01
 -5.00000000E-01  2.07059500E+00 -1.33167547E+00 -4.14555220E-03  1.44424460E+00  1.00000005E-03  4.83556782E-03  1.71647776E-01
 -5.00000000E-01  2.07083000E+00 -1.33141836E+00 -4.13049260E-03  1.44426265E+00  1.00000005E-03  4.85023451E-03  1.71150448E-01
 -5.00000000E-01  2.07106500E+00 -1.33115807E+00 -4.11540369E-03  1.44428072E+00  1.00000005E-03  4.86506249E-03  1.70650104E-01
 -5.00000000E-01  2.07130000E+00 -1.33089461E+00 -4.10028523E-03  1.44429883E+00  1.00000005E-03  4.88005098E-03  1.70146840E-01
 -5.00000000E-01  2.07153500E+00 -1.33062797E+00 -4.08513792E-03  1.44431696E+00  1.00000005E-03  4.89519921E-03  1.69640725E-01
 -5.00000000E-01  2.07177000E+00 -1.33035816E+00 -4.06996178E-03  1.44433512E+00  1.00000005E-03  4.91050639E-03  1.69131848E-01
 -5.00000000E-01  2.07200500E+00 -1.33008518E+00 -4.05475685E-03  1.44435331E+00  1.00000005E-03  4.92597174E-03  1.68620291E-01
 -5.00000000E-01  2.07224000E+00 -1.32980902E+00 -4.03952319E-03  1.44437152E+00  1.00000005E-03  4.94159444E-03  1.68106138E-01
 -5.00000000E-01  2.07247500E+00 -1.32952968E+00 -4.02426084E-03  1.44438976E+00  1.00000005E-03  4.95737371E-03  1.67589473E-01
 -5.00000000E-01  2.07271000E+00 -1.32924717E+00 -4.00896985E-03  1.44440802E+00  1.00000005E-03  4.97330875E-03  1.67070377E-01
 -5.00000000E-01  2.07294500E+00 -1.32896148E+00 -3.99365026E-03  1.44442631E+00  1.00000005E-03  4.98939874E-03  1.66548932E-01
 -5.00000000E-01  2.07318000E+00 -1.32867262E+00 -3.97830215E-03  1.44444463E+00  1.00000005E-03  5.00564288E-03  1.66025216E-01
 -5.00000000E-01  2.07341500E+00 -1.32838058E+00 -3.96292555E-03  1.44446297E+00  1.00000005E-03  5.02204036E-03  1.65499310E-01
 -5.00000000E-01  2.07365000E+00 -1.32808536E+00 -3.94752054E-03  1.44448134E+00  1.00000005E-03  5.03859036E-03  1.64971290E-01
 -5.00000000E-01  2.07388500E+00 -1.32778697E+00 -3.93208717E-03  1.44449974E+00  1.00000005E-03  5.05529208E-03  1.64441236E-01
 -5.00000000E-01  2.07412000E+00 -1.32748539E+00 -3.91662551E-03  1.44451816E+00  1.00000005E-03  5.07214468E-03  1.63909221E-01
 -5.00000000E-01  2.07435500E+00 -1.32718064E+00 -3.90113562E-03  1.44453661E+00  1.00000005E-03  5.08914736E-03  1.63375323E-01
 -5.00000000E-01  2.07459000E+00 -1.32687271E+00 -3.88561756E-03  1.44455508E+00  1.00000005E-03  5.10629929E-03  1.62839616E-01
 -5.00000000E-01  2.07482500E+00 -1.32656160E+00 -3.87007141E-03  1.44457359E+00  1.00000005E-03  5.12359964E-03  1.62302172E-01
 -5.00000000E-01  2.07506000E+00 -1.32624730E+00 -3.85449723E-03  1.44459211E+00  1.00000005E-03  5.14104759E-03  1.61763065E-01
 -5.00000000E-01  2.07529500E+00 -1.32592983E+00 -3.83889510E-03  1.44461067E+00  1.00000005E-03  5.15864231E-03  1.61222365E-01
 -5.00000000E-01  2.07553000E+00 -1.32560917E+00 -3.82326507E-03  1.44462924E+00  1.00000005E-03  5.17638297E-03  1.60680144E-01
 -5.00000000E-01  2.07576500E+00 -1.32528533E+00 -3.80760724E-03  1.44464785E+00  1.00000005E-03  5.19426874E-03  1.60136471E-01
 -5.00000000E-01  2.07600000E+00 -1.32495830E+00 -3.79192166E-03  1.44466648E+00  1.00000005E-03  5.21229878E-03  1.59591414E-01
 -5.00000000E-01  2.07623500E+00 -1.32462808E+00 -3.77620842E-03  1.44468513E+00  1.00000005E-03  5.23047226E-03  1.59045042E-01
 -5.00000000E-01  2.07647000E+00 -1.32429468E+00 -3.76046759E-03  1.44470382E+00  1.00000005E-03  5.24878835E-03  1.58497421E-01
 -5.00000000E-01  2.07670500E+00 -1.32395808E+00 -3.74469923E-03  1.44472252E+00  1.00000005E-03  5.26724620E-03  1.57948617E-01
 -5.00000000E-01  2.07694000E+00 -1.32361830E+00 -3.72890344E-03  1.44474126E+00  1.00000005E-03  5.28584497E-03  1.57398695E-01
 -5.00000000E-01  2.07717500E+00 -1.32327532E+00 -3.71308028E-03  1.44476001E+00  1.00000005E-03  5.30458384E-03  1.56847718E-01
 -5.00000000E-01  2.07741000E+00 -1.32292915E+00 -3.69722982E-03  1.44477880E+00  1.00000005E-03  5.32346195E-03  1.56295750E-01
 -5.00000000E-01  2.07764500E+00 -1.32257979E+00 -3.68135215E-03  1.44479760E+00  1.00000005E-03  5.34247847E-03  1.55742851E-01
 -5.00000000E-01  2.07788000E+00 -1.32222722E+00 -3.66544733E-03  1.44481644E+00  1.00000005E-03  5.36163255E-03  1.55189084E-01
 -5.00000000E-01  2.07811500E+00 -1.32187146E+00 -3.64951545E-03  1.44483529E+00  1.00000005E-03  5.38092336E-03  1.54634508E-01
 -5.00000000E-01  2.07835000E+00 -1.32151250E+00 -3.63355658E-03  1.44485418E+00  1.00000005E-03  5.40035004E-03  1.54079182E-01
 -5.00000000E-01  2.07858500E+00 -1.32115033E+00 -3.61757078E-03  1.44487308E+00  1.00000005E-03  5.41991175E-03  1.53523164E-01
 -5.00000000E-01  2.07882000E+00 -1.32078496E+00 -3.60155814E-03  1.44489202E+00  1.00000005E-03  5.43960766E-03  1.52966510E-01
 -5.00000000E-01  2.07905500E+00 -1.32041638E+00 -3.58551872E-03  1.44491097E+00  1.00000005E-03  5.45943691E-03  1.52409278E-01
 -5.00000000E-01  2.07929000E+00 -1.32004459E+00 -3.56945260E-03  1.44492996E+00  1.00000005E-03  5.47939867E-03  1.51851521E-01
 -5.00000000E-01  2.07952500E+00 -1.31966958E+00 -3.55335985E-03  1.44494896E+00  1.00000005E-03  5.49949208E-03  1.51293294E-01
 -5.00000000E-01  2.07976000E+00 -1.31929137E+00 -3.53724053E-03  1.44496799E+00  1.00000005E-03  5.51971631E-03  1.50734649E-01
 -5.00000000E-01  2.07999500E+00 -1.31890993E+00 -3.52109472E-03  1.44498705E+00  1.00000005E-03  5.54007050E-03  1.50175640E-01
 -5.00000000E-01  2.08023000E+00 -1.31852528E+00 -3.50492248E-03  1.44500613E+00  1.00000005E-03  5.56055383E-03  1.49616316E-01
 -5.00000000E-01  2.08046500E+00 -1.31813740E+00 -3.48872387E-03  1.44502523E+00  1.00000005E-03  5.58116543E-03  1.49056727E-01
 -5.00000000E-01  2.08070000E+00 -1.31774630E+00 -3.47249895E-03  1.44504436E+00  1.00000005E-03  5.60190448E-03  1.48496923E-01
 -5.00000000E-01  2.08093500E+00 -1.31735197E+00 -3.45624780E-03  1.44506351E+00  1.00000005E-03  5.62277013E-03  1.47936952E-01
 -5.00000000E-01  2.08117000E+00 -1.31695441E+00 -3.43997046E-03  1.44508269E+00  1.00000005E-03  5.64376153E-03  1.47376860E-01
 -5.00000000E-01  2.08140500E+00 -1.31655361E+00 -3.42366700E-03  1.44510189E+00  1.00000005E-03  5.66487786E-03  1.46816693E-01
 -5.00000000E-01  2.08164000E+00 -1.31614958E+00 -3.40733746E-03  1.44512112E+00  1.00000005E-03  5.68611826E-03  1.46256496E-01
 -5.00000000E-01  2.08187500E+00 -1.31574231E+00 -3.39098190E-03  1.44514037E+00  1.00000005E-03  5.70748190E-03  1.45696313E-01
 -5.00000000E-01  2.08211000E+00 -1.31533179E+00 -3.37460038E-03  1.44515965E+00  1.00000005E-03  5.72896794E-03  1.45136187E-01
 -5.00000000E-01  2.08234500E+00 -1.31491802E+00 -3.35819293E-03  1.44517895E+00  1.00000005E-03  5.75057555E-03  1.44576160E-01
 -5.00000000E-01  2.08258000E+00 -1.31450100E+00 -3.34175961E-03  1.44519827E+00  1.00000005E-03  5.77230390E-03  1.44016272E-01
 -5.00000000E-01  2.08281500E+00 -1.31408073E+00 -3.32530044E-03  1.44521762E+00  1.00000005E-03  5.79415214E-03  1.43456562E-01
 -5.00000000E-01  2.08305000E+00 -1.31365720E+00 -3.30881549E-03  1.44523700E+00  1.00000005E-03  5.81611946E-03  1.42897071E-01
 -5.00000000E-01  2.08328500E+00 -1.31323040E+00 -3.29230477E-03  1.44525640E+00  1.00000005E-03  5.83820501E-03  1.42337835E-01
 -5.00000000E-01  2.08352000E+00 -1.31280034E+00 -3.27577198E-03  1.44527581E+00  1.00000005E-03  5.86040793E-03  1.41778900E-01
 -5.00000000E-01  2.08375500E+00 -1.31236700E+00 -3.25921393E-03  1.44529524E+00  1.00000005E-03  5.88272742E-03  1.41220298E-01
 -5.00000000E-01  2.08399000E+00 -1.31193039E+00 -3.24262982E-03  1.44531470E+00  1.00000005E-03  5.90516266E-03  1.40662067E-01
 -5.00000000E-01  2.08422500E+00 -1.31149050E+00 -3.22601989E-03  1.44533418E+00  1.00000005E-03  5.92771281E-03  1.40104239E-01
 -5.00000000E-01  2.08446000E+00 -1.31104733E+00 -3.20938435E-03  1.44535369E+00  1.00000005E-03  5.95037705E-03  1.39546849E-01
 -5.00000000E-01  2.08469500E+00 -1.31060087E+00 -3.19272340E-03  1.44537323E+00  1.00000005E-03  5.97315456E-03  1.38989931E-01
 -5.00000000E-01  2.08493000E+00 -1.31015111E+00 -3.17603721E-03  1.44539279E+00  1.00000005E-03  5.99604450E-03  1.38433518E-01
 -5.00000000E-01  2.08516500E+00 -1.30969806E+00 -3.15932596E-03  1.44541238E+00  1.00000005E-03  6.01904607E-03  1.37877640E-01
 -5.00000000E-01  2.08540000E+00 -1.30924170E+00 -3.14258981E-03  1.44543199E+00  1.00000005E-03  6.04215844E-03  1.37322329E-01
 -5.00000000E-01  2.08563500E+00 -1.30878203E+00 -3.12582889E-03  1.44545162E+00  1.00000005E-03  6.06538079E-03  1.36767614E-01
 -5.00000000E-01  2.08587000E+00 -1.30831905E+00 -3.10904335E-03  1.44547128E+00  1.00000005E-03  6.08871231E-03  1.36213526E-01
 -5.00000000E-01  2.08610500E+00 -1.30785275E+00 -3.09223331E-03  1.44549096E+00  1.00000005E-03  6.11215218E-03  1.35660092E-01
 -5.00000000E-01  2.08634000E+00 -1.30738312E+00 -3.07539887E-03  1.44551066E+00  1.00000005E-03  6.13569960E-03  1.35107340E-01
 -5.00000000E-01  2.08657500E+00 -1.30691017E+00 -3.05854014E-03  1.44553039E+00  1.00000005E-03  6.15935375E-03  1.34555297E-01
 -5.00000000E-01  2.08681000E+00 -1.30643387E+00 -3.04165722E-03  1.44555014E+00  1.00000005E-03  6.18311383E-03  1.34003989E-01
 -5.00000000E-01  2.08704500E+00 -1.30595424E+00 -3.02475019E-03  1.44556991E+00  1.00000005E-03  6.20697903E-03  1.33453443E-01
 -5.00000000E-01  2.08728000E+00 -1.30547126E+00 -3.00781914E-03  1.44558970E+00  1.00000005E-03  6.23094854E-03  1.32903682E-01
 -5.00000000E-01  2.08751500E+00 -1.30498492E+00 -2.99086414E-03  1.44560952E+00  1.00000005E-03  6.25502158E-03  1.32354730E-01
 -5.00000000E-01  2.08775000E+00 -1.30449523E+00 -2.97388525E-03  1.44562936E+00  1.00000005E-03  6.27919733E-03  1.31806611E-01
 -5.00000000E-01  2.08798500E+00 -1.30400216E+00 -2.95688254E-03  1.44564922E+00  1.00000005E-03  6.30347500E-03  1.31259347E-01
 -5.00000000E-01  2.08822000E+00 -1.30350573E+00 -2.93985608E-03  1.44566910E+00  1.00000005E-03  6.32785381E-03  1.30712961E-01
 -5.00000000E-01  2.08845500E+00 -1.30300591E+00 -2.92280592E-03  1.44568900E+00  1.00000005E-03  6.35233294E-03  1.30167473E-01
 -5.00000000E-01  2.08869000E+00 -1.30250271E+00 -2.90573211E-03  1.44570893E+00  1.00000005E-03  6.37691163E-03  1.29622904E-01
 -5.00000000E-01  2.08892500E+00 -1.30199611E+00 -2.88863471E-03  1.44572888E+00  1.00000005E-03  6.40158907E-03  1.29079274E-01
 -5.00000000E-01  2.08916000E+00 -1.30148611E+00 -2.87151377E-03  1.44574885E+00  1.00000005E-03  6.42636448E-03  1.28536603E-01
 -5.00000000E-01  2.08939500E+00 -1.30097271E+00 -2.85436934E-03  1.44576885E+00  1.00000005E-03  6.45123708E-03  1.27994908E-01
 -5.00000000E-01  2.08963000E+00 -1.30045589E+00 -2.83720147E-03  1.44578887E+00  1.00000005E-03  6.47620609E-03  1.27454208E-01
 -5.00000000E-01  2.08986500E+00 -1.29993565E+00 -2.82001022E-03  1.44580891E+00  1.00000005E-03  6.50127073E-03  1.26914520E-01
 -5.00000000E-01  2.09010000E+00 -1.29941197E+00 -2.80279565E-03  1.44582897E+00  1.00000005E-03  6.52643022E-03  1.26375861E-01
 -5.00000000E-01  2.09033500E+00 -1.29888486E+00 -2.78555781E-03  1.44584906E+00  1.00000005E-03  6.55168380E-03  1.25838248E-01
 -5.00000000E-01  2.09057000E+00 -1.29835431E+00 -2.76829676E-03  1.44586917E+00  1.00000005E-03  6.57703068E-03  1.25301695E-01
 -5.00000000E-01  2.09080500E+00 -1.29782030E+00 -2.75101257E-03  1.44588930E+00  1.00000005E-03  6.60247010E-03  1.24766218E-01
 -5.00000000E-01  2.09104000E+00 -1.29728283E+00 -2.73370532E-03  1.44590945E+00  1.00000005E-03  6.62800129E-03  1.24231831E-01
 -5.00000000E-01  2.09127500E+00 -1.29674188E+00 -2.71637508E-03  1.44592963E+00  1.00000005E-03  6.65362349E-03  1.23698548E-01
 -5.00000000E-01  2.09151000E+00 -1.29619746E+00 -2.69902193E-03  1.44594983E+00  1.00000005E-03  6.67933594E-03  1.23166383E-01
 -5.00000000E-01  2.09174500E+00 -1.29564955E+00 -2.68164596E-03  1.44597006E+00  1.00000005E-03  6.70513787E-03  1.22635348E-01
 -5.00000000E-01  2.09198000E+00 -1.29509815E+00 -2.66424728E-03  1.44599030E+00  1.00000005E-03  6.73102854E-03  1.22105455E-01
 -5.00000000E-01  2.09221500E+00 -1.29454324E+00 -2.64682599E-03  1.44601057E+00  1.00000005E-03  6.75700718E-03  1.21576718E-01
 -5.00000000E-01  2.09245000E+00 -1.29398481E+00 -2.62938221E-03  1.44603087E+00  1.00000005E-03  6.78307305E-03  1.21049146E-01
 -5.00000000E-01  2.09268500E+00 -1.29342286E+00 -2.61191606E-03  1.44605118E+00  1.00000005E-03  6.80922539E-03  1.20522750E-01
 -5.00000000E-01  2.09292000E+00 -1.29285738E+00 -2.59442769E-03  1.44607152E+00  1.00000005E-03  6.83546346E-03  1.19997541E-01
 -5.00000000E-01  2.09315500E+00 -1.29228835E+00 -2.57691724E-03  1.44609187E+00  1.00000005E-03  6.86178652E-03  1.19473529E-01
 -5.00000000E-01  2.09339000E+00 -1.29171577E+00 -2.55938488E-03  1.44611225E+00  1.00000005E-03  6.88819382E-03  1.18950724E-01
 -5.00000000E-01  2.09362500E+00 -1.29113963E+00 -2.54183078E-03  1.44613265E+00  1.00000005E-03  6.91468463E-03  1.18429133E-01
 -5.00000000E-01  2.09386000E+00 -1.29055991E+00 -2.52425513E-03  1.44615307E+00  1.00000005E-03  6.94125821E-03  1.17908766E-01
 -5.00000000E-01  2.09409500E+00 -1.28997662E+00 -2.50665814E-03  1.44617351E+00  1.00000005E-03  6.96791382E-03  1.17389630E-01
 -5.00000000E-01  2.09433000E+00 -1.28938972E+00 -2.48904002E-03  1.44619397E+00  1.00000005E-03  6.99465074E-03  1.16871734E-01
 -5.00000000E-01  2.09456500E+00 -1.28879922E+00 -2.47140102E-03  1.44621444E+00  1.00000005E-03  7.02146824E-03  1.16355085E-01
 -5.00000000E-01  2.09480000E+00 -1.28820511E+00 -2.45374138E-03  1.44623494E+00  1.00000005E-03  7.04836559E-03  1.15839689E-01
 -5.00000000E-01  2.09503500E+00 -1.28760737E+00 -2.43606138E-03  1.44625545E+00  1.00000005E-03  7.07534207E-03  1.15325553E-01
 -5.00000000E-01  2.09527000E+00 -1.28700599E+00 -2.41836130E-03  1.44627597E+00  1.00000005E-03  7.10239697E-03  1.14812683E-01
 -5.00000000E-01  2.09550500E+00 -1.28640096E+00 -2.40064146E-03  1.44629651E+00  1.00000005E-03  7.12952955E-03  1.14301085E-01
 -5.00000000E-01  2.09574000E+00 -1.28579227E+00 -2.38289343E-03  1.44631711E+00  1.00000005E-03  7.15673912E-03  1.13790763E-01
 -5.00000000E-01  2.09597500E+00 -1.28517992E+00 -2.36510952E-03  1.44633780E+00  1.00000005E-03  7.18402497E-03  1.13281722E-01
 -5.00000000E-01  2.09621000E+00 -1.28456387E+00 -2.34730969E-03  1.44635848E+00  1.00000005E-03  7.21138637E-03  1.12773968E-01
 -5.00000000E-01  2.09644500E+00 -1.28394413E+00 -2.32949309E-03  1.44637917E+00  1.00000005E-03  7.23882262E-03  1.12267505E-01
 -5.00000000E-01  2.09668000E+00 -1.28332068E+00 -2.31165896E-03  1.44639986E+00  1.00000005E-03  7.26633302E-03  1.11762335E-01
 -5.00000000E-01  2.09691500E+00 -1.28269351E+00 -2.29380664E-03  1.44642056E+00  1.00000005E-03  7.29391685E-03  1.11258464E-01
 -5.00000000E-01  2.09715000E+00 -1.28206259E+00 -2.27593556E-03  1.44644127E+00  1.00000005E-03  7.32157342E-03  1.10755894E-01
 -5.00000000E-01  2.09738500E+00 -1.28142793E+00 -2.25804522E-03  1.44646200E+00  1.00000005E-03  7.34930202E-03  1.10254628E-01
 -5.00000000E-01  2.09762000E+00 -1.28078951E+00 -2.24013521E-03  1.44648274E+00  1.00000005E-03  7.37710197E-03  1.09754668E-01
 -5.00000000E-01  2.09785500E+00 -1.28014731E+00 -2.22220518E-03  1.44650349E+00  1.00000005E-03  7.40497257E-03  1.09256016E-01
 -5.00000000E-01  2.09809000E+00 -1.27950133E+00 -2.20425487E-03  1.44652427E+00  1.00000005E-03  7.43291312E-03  1.08758675E-01
 -5.00000000E-01  2.09832500E+00 -1.27885154E+00 -2.18628407E-03  1.44654507E+00  1.00000005E-03  7.46092294E-03  1.08262647E-01
 -5.00000000E-01  2.09856000E+00 -1.27819794E+00 -2.16829265E-03  1.44656589E+00  1.00000005E-03  7.48900134E-03  1.07767932E-01
 -5.00000000E-01  2.09879500E+00 -1.27754051E+00 -2.15028050E-03  1.44658674E+00  1.00000005E-03  7.51714764E-03  1.07274531E-01
 -5.00000000E-01  2.09903000E+00 -1.27687923E+00 -2.13224760E-03  1.44660761E+00  1.00000005E-03  7.54536116E-03  1.06782447E-01
 -5.00000000E-01  2.09926500E+00 -1.27621410E+00 -2.11419397E-03  1.44662850E+00  1.00000005E-03  7.57364122E-03  1.06291678E-01
 -5.00000000E-01  2.09950000E+00 -1.27554509E+00 -2.09611966E-03  1.44664942E+00  1.00000005E-03  7.60198713E-03  1.05802226E-01
 -5.00000000E-01  2.09973500E+00 -1.27487219E+00 -2.07802477E-03  1.44667036E+00  1.00000005E-03  7.63039823E-03  1.05314091E-01
 -5.00000000E-01  2.09997000E+00 -1.27419539E+00 -2.05990943E-03  1.44669133E+00  1.00000005E-03  7.65887385E-03  1.04827273E-01
 -5.00000000E-01  2.10020500E+00 -1.27351467E+00 -2.04177382E-03  1.44671232E+00  1.00000005E-03  7.68741331E-03  1.04341770E-01
 -5.00000000E-01  2.10044000E+00 -1.27283001E+00 -2.02361811E-03  1.44673333E+00  1.00000005E-03  7.71601594E-03  1.03857583E-01
 -5.00000000E-01  2.10067500E+00 -1.27214140E+00 -2.00544253E-03  1.44675436E+00  1.00000005E-03  7.74468108E-03  1.03374711E-01
 -5.00000000E-01  2.10091000E+00 -1.27144883E+00 -1.98724730E-03  1.44677542E+00  1.00000005E-03  7.77340807E-03  1.02893153E-01
 -5.00000000E-01  2.10114500E+00 -1.27075226E+00 -1.96903268E-03  1.44679650E+00  1.00000005E-03  7.80219625E-03  1.02412907E-01
 -5.00000000E-01  2.10138000E+00 -1.27005170E+00 -1.95079891E-03  1.44681760E+00  1.00000005E-03  7.83104494E-03  1.01933972E-01
 -5.00000000E-01  2.10161500E+00 -1.26934712E+00 -1.93254627E-03  1.44683872E+00  1.00000005E-03  7.85995351E-03  1.01456346E-01
 -5.00000000E-01  2.10185000E+00 -1.26863850E+00 -1.91427499E-03  1.44685986E+00  1.00000005E-03  7.88892129E-03  1.00980028E-01
 -5.00000000E-01  2.10208500E+00 -1.26792583E+00 -1.89598536E-03  1.44688101E+00  1.00000005E-03  7.91794762E-03  1.00505016E-01
 -5.00000000E-01  2.10232000E+00 -1.26720909E+00 -1.87767760E-03  1.44690218E+00  1.00000005E-03  7.94703186E-03  1.00031306E-01
 -5.00000000E-01  2.10255500E+00 -1.26648825E+00 -1.85935197E-03  1.44692337E+00  1.00000005E-03  7.97617335E-03  9.95588974E-02
 -5.00000000E-01  2.10279000E+00 -1.26576331E+00 -1.84100868E-03  1.44694458E+00  1.00000005E-03  8.00537145E-03  9.90877867E-02
 -5.00000000E-01  2.10302500E+00 -1.26503424E+00 -1.82264792E-03  1.44696580E+00  1.00000005E-03  8.03462551E-03  9.86179714E-02
 -5.00000000E-01  2.10326000E+00 -1.26430103E+00 -1.80426989E-03  1.44698703E+00  1.00000005E-03  8.06393488E-03  9.81494484E-02
 -5.00000000E-01  2.10349500E+00 -1.26356365E+00 -1.78587471E-03  1.44700828E+00  1.00000005E-03  8.09329893E-03  9.76822147E-02
 -5.00000000E-01  2.10373000E+00 -1.26282208E+00 -1.76746250E-03  1.44702955E+00  1.00000005E-03  8.12271700E-03  9.72162670E-02
 -5.00000000E-01  2.10396500E+00 -1.26207631E+00 -1.74903333E-03  1.44705082E+00  1.00000005E-03  8.15218847E-03  9.67516019E-02
 -5.00000000E-01  2.10420000E+00 -1.26132632E+00 -1.73058723E-03  1.44707212E+00  1.00000005E-03  8.18171269E-03  9.62882158E-02
 -5.00000000E-01  2.10443500E+00 -1.26057208E+00 -1.71212419E-03  1.44709342E+00  1.00000005E-03  8.21128902E-03  9.58261050E-02
 -5.00000000E-01  2.10467000E+00 -1.25981357E+00 -1.69364414E-03  1.44711474E+00  1.00000005E-03  8.24091684E-03  9.53652657E-02
 -5.00000000E-01  2.10490500E+00 -1.25905078E+00 -1.67514695E-03  1.44713608E+00  1.00000005E-03  8.27059550E-03  9.49056940E-02
 -5.00000000E-01  2.10514000E+00 -1.25828368E+00 -1.65663244E-03  1.44715744E+00  1.00000005E-03  8.30032438E-03  9.44473856E-02
 -5.00000000E-01  2.10537500E+00 -1.25751225E+00 -1.63810036E-03  1.44717881E+00  1.00000005E-03  8.33010284E-03  9.39903364E-02
 -5.00000000E-01  2.10561000E+00 -1.25673646E+00 -1.61955039E-03  1.44720020E+00  1.00000005E-03  8.35993025E-03  9.35345421E-02
 -5.00000000E-01  2.10584500E+00 -1.25595631E+00 -1.60098215E-03  1.44722162E+00  1.00000005E-03  8.38980599E-03  9.30799983E-02
 -5.00000000E-01  2.10608000E+00 -1.25517176E+00 -1.58239517E-03  1.44724306E+00  1.00000005E-03  8.41972943E-03  9.26267004E-02
 -5.00000000E-01  2.10631500E+00 -1.25438279E+00 -1.56378891E-03  1.44726452E+00  1.00000005E-03  8.44969994E-03  9.21746437E-02
 -5.00000000E-01  2.10655000E+00 -1.25358938E+00 -1.54516272E-03  1.44728602E+00  1.00000005E-03  8.47971690E-03  9.17238237E-02
 -5.00000000E-01  2.10678500E+00 -1.25279151E+00 -1.52651589E-03  1.44730755E+00  1.00000005E-03  8.50977969E-03  9.12742353E-02
 -5.00000000E-01  2.10702000E+00 -1.25198915E+00 -1.50784759E-03  1.44732911E+00  1.00000005E-03  8.53988768E-03  9.08258738E-02
 -5.00000000E-01  2.10725500E+00 -1.25118228E+00 -1.48915691E-03  1.44735072E+00  1.00000005E-03  8.57004025E-03  9.03787342E-02
 -5.00000000E-01  2.10749000E+00 -1.25037087E+00 -1.47044283E-03  1.44737238E+00  1.00000005E-03  8.60023679E-03  8.99328114E-02
 -5.00000000E-01  2.10772500E+00 -1.24955490E+00 -1.45170422E-03  1.44739409E+00  1.00000005E-03  8.63047668E-03  8.94881003E-02
 -5.00000000E-01  2.10796000E+00 -1.24873435E+00 -1.43293985E-03  1.44741585E+00  1.00000005E-03  8.66075929E-03  8.90445958E-02
 -5.00000000E-01  2.10819500E+00 -1.24790912E+00 -1.41427727E-03  1.44743706E+00  1.00000005E-03  8.69108363E-03  8.86022928E-02
 -5.00000000E-01  2.10843000E+00 -1.24707926E+00 -1.39559523E-03  1.44745831E+00  1.00000005E-03  8.72144942E-03  8.81611852E-02
 -5.00000000E-01  2.10866500E+00 -1.24624475E+00 -1.37687103E-03  1.44747970E+00  1.00000005E-03  8.75185610E-03  8.77212675E-02
 -5.00000000E-01  2.10890000E+00 -1.24540557E+00 -1.35810985E-03  1.44750120E+00  1.00000005E-03  8.78230303E-03  8.72825339E-02
 -5.00000000E-01  2.10913500E+00 -1.24456167E+00 -1.33931638E-03  1.44752280E+00  1.00000005E-03  8.81278959E-03  8.68449788E-02
 -5.00000000E-01  2.10937000E+00 -1.24371304E+00 -1.32049479E-03  1.44754448E+00  1.00000005E-03  8.84331515E-03  8.64085964E-02
 -5.00000000E-01  2.10960500E+00 -1.24285964E+00 -1.30164874E-03  1.44756622E+00  1.00000005E-03  8.87387907E-03  8.59733810E-02
 -5.00000000E-01  2.10984000E+00 -1.24200144E+00 -1.28278147E-03  1.44758800E+00  1.00000005E-03  8.90448072E-03  8.55393267E-02
 -5.00000000E-01  2.11007500E+00 -1.24113841E+00 -1.26389575E-03  1.44760981E+00  1.00000005E-03  8.93511949E-03  8.51064276E-02
 -5.00000000E-01  2.11031000E+00 -1.24027052E+00 -1.24499395E-03  1.44763165E+00  1.00000005E-03  8.96579474E-03  8.46746776E-02
 -5.00000000E-01  2.11054500E+00 -1.23939774E+00 -1.22607807E-03  1.44765349E+00  1.00000005E-03  8.99650585E-03  8.42440709E-02
 -5.00000000E-01  2.11078000E+00 -1.23852004E+00 -1.20714974E-03  1.44767534E+00  1.00000005E-03  9.02725220E-03  8.38146012E-02
 -5.00000000E-01  2.11101500E+00 -1.23763738E+00 -1.18821024E-03  1.44769719E+00  1.00000005E-03  9.05803317E-03  8.33862626E-02
 -5.00000000E-01  2.11125000E+00 -1.23674974E+00 -1.16926055E-03  1.44771903E+00  1.00000005E-03  9.08884812E-03  8.29590489E-02
 -5.00000000E-01  2.11148500E+00 -1.23585708E+00 -1.15030137E-03  1.44774086E+00  1.00000005E-03  9.11969644E-03  8.25329538E-02
 -5.00000000E-01  2.11172000E+00 -1.23495937E+00 -1.13133314E-03  1.44776268E+00  1.00000005E-03  9.15057750E-03  8.21079712E-02
 -5.00000000E-01  2.11195500E+00 -1.23405658E+00 -1.11235604E-03  1.44778448E+00  1.00000005E-03  9.18149068E-03  8.16840948E-02
 -5.00000000E-01  2.11219000E+00 -1.23314867E+00 -1.09337008E-03  1.44780627E+00  1.00000005E-03  9.21243535E-03  8.12613182E-02
 -5.00000000E-01  2.11242500E+00 -1.23223562E+00 -1.07437505E-03  1.44782805E+00  1.00000005E-03  9.24341088E-03  8.08396352E-02
 -5.00000000E-01  2.11266000E+00 -1.23131739E+00 -1.05537059E-03  1.44784982E+00  1.00000005E-03  9.27441666E-03  8.04190393E-02
 -5.00000000E-01  2.11289500E+00 -1.23039393E+00 -1.03635621E-03  1.44787157E+00  1.00000005E-03  9.30545204E-03  7.99995242E-02
 -5.00000000E-01  2.11313000E+00 -1.22946523E+00 -1.01733129E-03  1.44789332E+00  1.00000005E-03  9.33651640E-03  7.95810834E-02
 -5.00000000E-01  2.11336500E+00 -1.22853125E+00 -9.98295140E-04  1.44791507E+00  1.00000005E-03  9.36760911E-03  7.91637106E-02
 -5.00000000E-01  2.11360000E+00 -1.22759195E+00 -9.79247011E-04  1.44793681E+00  1.00000005E-03  9.39872954E-03  7.87473992E-02
 -5.00000000E-01  2.11383500E+00 -1.22664729E+00 -9.60186107E-04  1.44795856E+00  1.00000005E-03  9.42987704E-03  7.83321426E-02
 -5.00000000E-01  2.11407000E+00 -1.22569724E+00 -9.41111623E-04  1.44798031E+00  1.00000005E-03  9.46105097E-03  7.79179345E-02
 -5.00000000E-01  2.11430500E+00 -1.22474176E+00 -9.22022769E-04  1.44800207E+00  1.00000005E-03  9.49225070E-03  7.75047683E-02
 -5.00000000E-01  2.11454000E+00 -1.22378081E+00 -9.02918792E-04  1.44802385E+00  1.00000005E-03  9.52347558E-03  7.70926374E-02
 -5.00000000E-01  2.11477500E+00 -1.22281436E+00 -8.83799003E-04  1.44804564E+00  1.00000005E-03  9.55472496E-03  7.66815353E-02
 -5.00000000E-01  2.11501000E+00 -1.22184237E+00 -8.64662800E-04  1.44806746E+00  1.00000005E-03  9.58599820E-03  7.62714553E-02
 -5.00000000E-01  2.11524500E+00 -1.22086479E+00 -8.45509695E-04  1.44808929E+00  1.00000005E-03  9.61729463E-03  7.58623910E-02
 -5.00000000E-01  2.11548000E+00 -1.21988160E+00 -8.26339336E-04  1.44811115E+00  1.00000005E-03  9.64861360E-03  7.54543357E-02
 -5.00000000E-01  2.11571500E+00 -1.21889274E+00 -8.07151536E-04  1.44813303E+00  1.00000005E-03  9.67995444E-03  7.50472829E-02
 -5.00000000E-01  2.11595000E+00 -1.21789818E+00 -7.87946294E-04  1.44815494E+00  1.00000005E-03  9.71131649E-03  7.46412259E-02
 -5.00000000E-01  2.11618500E+00 -1.21689787E+00 -7.68723822E-04  1.44817687E+00  1.00000005E-03  9.74269908E-03  7.42361581E-02
 -5.00000000E-01  2.11642000E+00 -1.21589178E+00 -7.49484569E-04  1.44819883E+00  1.00000005E-03  9.77410152E-03  7.38320729E-02
 -5.00000000E-01  2.11665500E+00 -1.21487985E+00 -7.30229249E-04  1.44822080E+00  1.00000005E-03  9.80552315E-03  7.34289638E-02
 -5.00000000E-01  2.11689000E+00 -1.21386205E+00 -7.10958859E-04  1.44824279E+00  1.00000005E-03  9.83696327E-03  7.30268242E-02
 -5.00000000E-01  2.11712500E+00 -1.21283833E+00 -6.91674712E-04  1.44826479E+00  1.00000005E-03  9.86842119E-03  7.26256474E-02
 -5.00000000E-01  2.11736000E+00 -1.21180864E+00 -6.72378457E-04  1.44828679E+00  1.00000005E-03  9.89989622E-03  7.22254270E-02
 -5.00000000E-01  2.11759500E+00 -1.21077294E+00 -6.53072103E-04  1.44830879E+00  1.00000005E-03  9.93138765E-03  7.18261562E-02
 -5.00000000E-01  2.11783000E+00 -1.20973118E+00 -6.33758050E-04  1.44833077E+00  1.00000005E-03  9.96289477E-03  7.14278287E-02
 -5.00000000E-01  2.11806500E+00 -1.20868330E+00 -6.14439106E-04  1.44835272E+00  1.00000005E-03  9.99441687E-03  7.10304378E-02
 -5.00000000E-01  2.11830000E+00 -1.20762927E+00 -5.95118519E-04  1.44837464E+00  1.00000005E-03  1.00259532E-02  7.06339771E-02
 -5.00000000E-01  2.11853500E+00 -1.20656903E+00 -5.75799997E-04  1.44839649E+00  1.00000005E-03  1.00575031E-02  7.02384399E-02
 -5.00000000E-01  2.11877000E+00 -1.20550252E+00 -5.56487734E-04  1.44841827E+00  1.00000005E-03  1.00890658E-02  6.98438199E-02
 -5.00000000E-01  2.11900500E+00 -1.20442971E+00 -5.37186438E-04  1.44843995E+00  1.00000005E-03  1.01206405E-02  6.94501107E-02
 -5.00000000E-01  2.11924000E+00 -1.20335052E+00 -5.17901351E-04  1.44846151E+00  1.00000005E-03  1.01522266E-02  6.90573056E-02
 -5.00000000E-01  2.11947500E+00 -1.20226492E+00 -4.98638277E-04  1.44848293E+00  1.00000005E-03  1.01838232E-02  6.86653985E-02
 -5.00000000E-01  2.11971000E+00 -1.20117284E+00 -4.79403609E-04  1.44850417E+00  1.00000005E-03  1.02154296E-02  6.82743828E-02
 -5.00000000E-01  2.11994500E+00 -1.20007422E+00 -4.60204348E-04  1.44852521E+00  1.00000005E-03  1.02470449E-02  6.78842523E-02
 -5.00000000E-01  2.12018000E+00 -1.19896902E+00 -4.41048132E-04  1.44854602E+00  1.00000005E-03  1.02786686E-02  6.74950006E-02
 -5.00000000E-01  2.12041500E+00 -1.19785732E+00 -4.21627968E-04  1.44856802E+00  1.00000005E-03  1.03103005E-02  6.71066177E-02
 -5.00000000E-01  2.12065000E+00 -1.19673916E+00 -4.01753591E-04  1.44859207E+00  1.00000005E-03  1.03419408E-02  6.67190933E-02
 -5.00000000E-01  2.12088500E+00 -1.19561415E+00 -3.82031593E-04  1.44861534E+00  1.00000005E-03  1.03735871E-02  6.63324277E-02
 -5.00000000E-01  2.12112000E+00 -1.19448225E+00 -3.62432746E-04  1.44863798E+00  1.00000005E-03  1.04052386E-02  6.59466143E-02
 -5.00000000E-01  2.12135500E+00 -1.19334342E+00 -3.42930807E-04  1.44866009E+00  1.00000005E-03  1.04368945E-02  6.55616467E-02
 -5.00000000E-01  2.12159000E+00 -1.19219761E+00 -3.23502381E-04  1.44868179E+00  1.00000005E-03  1.04685541E-02  6.51775185E-02
 -5.00000000E-01  2.12182500E+00 -1.19104478E+00 -3.04126789E-04  1.44870317E+00  1.00000005E-03  1.05002165E-02  6.47942233E-02
 -5.00000000E-01  2.12206000E+00 -1.18988486E+00 -2.84785932E-04  1.44872432E+00  1.00000005E-03  1.05318809E-02  6.44117548E-02
 -5.00000000E-01  2.12229500E+00 -1.18871782E+00 -2.65464156E-04  1.44874530E+00  1.00000005E-03  1.05635465E-02  6.40301067E-02
 -5.00000000E-01  2.12253000E+00 -1.18754359E+00 -2.46148120E-04  1.44876619E+00  1.00000005E-03  1.05952125E-02  6.36492726E-02
 -5.00000000E-01  2.12276500E+00 -1.18636212E+00 -2.26826656E-04  1.44878703E+00  1.00000005E-03  1.06268780E-02  6.32692465E-02
 -5.00000000E-01  2.12300000E+00 -1.18517334E+00 -2.07490640E-04  1.44880787E+00  1.00000005E-03  1.06585421E-02  6.28900219E-02
 -5.00000000E-01  2.12323500E+00 -1.18397720E+00 -1.88132855E-04  1.44882874E+00  1.00000005E-03  1.06902040E-02  6.25115929E-02
 -5.00000000E-01  2.12347000E+00 -1.18277363E+00 -1.68747854E-04  1.44884966E+00  1.00000005E-03  1.07218627E-02  6.21339532E-02
 -5.00000000E-01  2.12370500E+00 -1.18156256E+00 -1.49331829E-04  1.44887066E+00  1.00000005E-03  1.07535174E-02  6.17570967E-02
 -5.00000000E-01  2.12394000E+00 -1.18034393E+00 -1.29882474E-04  1.44889175E+00  1.00000005E-03  1.07851672E-02  6.13810175E-02
 -5.00000000E-01  2.12417500E+00 -1.17911767E+00 -1.10398854E-04  1.44891293E+00  1.00000005E-03  1.08168110E-02  6.10057093E-02
 -5.00000000E-01  2.12441000E+00 -1.17788369E+00 -9.08812627E-05  1.44893420E+00  1.00000005E-03  1.08484480E-02  6.06311663E-02
 -5.00000000E-01  2.12464500E+00 -1.17664193E+00 -7.13310963E-05  1.44895555E+00  1.00000005E-03  1.08800772E-02  6.02573824E-02
 -5.00000000E-01  2.12488000E+00 -1.17539231E+00 -5.17507136E-05  1.44897698E+00  1.00000005E-03  1.09116976E-02  5.98843518E-02
 -5.00000000E-01  2.12511500E+00 -1.17413476E+00 -3.21433029E-05  1.44899848E+00  1.00000005E-03  1.09433082E-02  5.95120685E-02
 -5.00000000E-01  2.12535000E+00 -1.17286918E+00 -1.25127476E-05  1.44902001E+00  1.00000005E-03  1.09749080E-02  5.91405266E-02
 -5.00000000E-01  2.12558500E+00 -1.17159551E+00  7.13650928E-06  1.44904157E+00  1.00000005E-03  1.10064959E-02  5.87697203E-02
 -5.00000000E-01  2.12582000E+00 -1.17031364E+00  2.67995990E-05  1.44906314E+00  1.00000005E-03  1.10380710E-02  5.83996438E-02
 -5.00000000E-01  2.12605500E+00 -1.16902351E+00  4.64713624E-05  1.44908468E+00  1.00000005E-03  1.10696321E-02  5.80302914E-02
 -5.00000000E-01  2.12629000E+00 -1.16772501E+00  6.61464842E-05  1.44910618E+00  1.00000005E-03  1.11011781E-02  5.76616572E-02
 -5.00000000E-01  2.12652500E+00 -1.16641807E+00  8.58196277E-05  1.44912760E+00  1.00000005E-03  1.11327081E-02  5.72937357E-02
 -5.00000000E-01  2.12676000E+00 -1.16510259E+00  1.05485570E-04  1.44914894E+00  1.00000005E-03  1.11642208E-02  5.69265210E-02
 -5.00000000E-01  2.12699500E+00 -1.16377847E+00  1.25139335E-04  1.44917015E+00  1.00000005E-03  1.11957152E-02  5.65600076E-02
 -5.00000000E-01  2.12723000E+00 -1.16244563E+00  1.44776331E-04  1.44919123E+00  1.00000005E-03  1.12271901E-02  5.61941899E-02
 -5.00000000E-01  2.12746500E+00 -1.16110396E+00  1.64392482E-04  1.44921214E+00  1.00000005E-03  1.12586443E-02  5.58290622E-02
 -5.00000000E-01  2.12770000E+00 -1.15975338E+00  1.83984367E-04  1.44923288E+00  1.00000005E-03  1.12900766E-02  5.54646191E-02
 -5.00000000E-01  2.12793500E+00 -1.15839377E+00  2.03549347E-04  1.44925343E+00  1.00000005E-03  1.13214859E-02  5.51008550E-02
 -5.00000000E-01  2.12817000E+00 -1.15702505E+00  2.23085710E-04  1.44927378E+00  1.00000005E-03  1.13528710E-02  5.47377645E-02
 -5.00000000E-01  2.12840500E+00 -1.15564711E+00  2.42592795E-04  1.44929393E+00  1.00000005E-03  1.13842305E-02  5.43753421E-02
 -5.00000000E-01  2.12864000E+00 -1.15425985E+00  2.62071134E-04  1.44931387E+00  1.00000005E-03  1.14155633E-02  5.40135823E-02
 -5.00000000E-01  2.12887500E+00 -1.15286316E+00  2.81522587E-04  1.44933361E+00  1.00000005E-03  1.14468681E-02  5.36524799E-02
 -5.00000000E-01  2.12911000E+00 -1.15145693E+00  3.00950469E-04  1.44935317E+00  1.00000005E-03  1.14781435E-02  5.32920295E-02
 -5.00000000E-01  2.12934500E+00 -1.15004107E+00  3.20359695E-04  1.44937256E+00  1.00000005E-03  1.15093883E-02  5.29322257E-02
 -5.00000000E-01  2.12958000E+00 -1.14861546E+00  3.39756905E-04  1.44939180E+00  1.00000005E-03  1.15406012E-02  5.25730632E-02
 -5.00000000E-01  2.12981500E+00 -1.14718000E+00  3.59150607E-04  1.44941095E+00  1.00000005E-03  1.15717807E-02  5.22145369E-02
 -5.00000000E-01  2.13005000E+00 -1.14573457E+00  3.78551305E-04  1.44943003E+00  1.00000005E-03  1.16029256E-02  5.18566415E-02
 -5.00000000E-01  2.13028500E+00 -1.14427907E+00  3.97971638E-04  1.44944911E+00  1.00000005E-03  1.16340343E-02  5.14993718E-02
 -5.00000000E-01  2.13052000E+00 -1.14281338E+00  4.17426513E-04  1.44946824E+00  1.00000005E-03  1.16651057E-02  5.11427226E-02
 -5.00000000E-01  2.13075500E+00 -1.14133739E+00  4.36933241E-04  1.44948749E+00  1.00000005E-03  1.16961381E-02  5.07866889E-02
 -5.00000000E-01  2.13099000E+00 -1.13985099E+00  4.56511668E-04  1.44950697E+00  1.00000005E-03  1.17271301E-02  5.04312655E-02
 -5.00000000E-01  2.13122500E+00 -1.13835405E+00  4.76184314E-04  1.44952675E+00  1.00000005E-03  1.17580803E-02  5.00764474E-02
 -5.00000000E-01  2.13146000E+00 -1.13684647E+00  4.95976507E-04  1.44954695E+00  1.00000005E-03  1.17889872E-02  4.97222296E-02
 -5.00000000E-01  2.13169500E+00 -1.13532813E+00  5.15916514E-04  1.44956770E+00  1.00000005E-03  1.18198492E-02  4.93686070E-02
 -5.00000000E-01  2.13193000E+00 -1.13379892E+00  5.36035681E-04  1.44958913E+00  1.00000005E-03  1.18506649E-02  4.90155747E-02
 -5.00000000E-01  2.13216500E+00 -1.13225870E+00  5.56368564E-04  1.44961138E+00  1.00000005E-03  1.18814326E-02  4.86631278E-02
 -5.00000000E-01  2.13240000E+00 -1.13070737E+00  5.76953063E-04  1.44963463E+00  1.00000005E-03  1.19121509E-02  4.83112614E-02
 -5.00000000E-01  2.13263500E+00 -1.12914481E+00  5.97830561E-04  1.44965905E+00  1.00000005E-03  1.19428180E-02  4.79599705E-02
 -5.00000000E-01  2.13287000E+00 -1.12756861E+00  6.15394051E-04  1.44967011E+00  1.00000005E-03  1.19734037E-02  4.76092980E-02
 -5.00000000E-01  2.13310500E+00 -1.12598104E+00  6.33162346E-04  1.44968103E+00  1.00000005E-03  1.20039360E-02  4.72591981E-02
 -5.00000000E-01  2.13334000E+00 -1.12438224E+00  6.51597484E-04  1.44969382E+00  1.00000005E-03  1.20344159E-02  4.69096607E-02
 -5.00000000E-01  2.13357500E+00 -1.12277194E+00  6.70569863E-04  1.44970818E+00  1.00000005E-03  1.20648395E-02  4.65606833E-02
 -5.00000000E-01  2.13381000E+00 -1.12114989E+00  6.89963482E-04  1.44972381E+00  1.00000005E-03  1.20952032E-02  4.62122630E-02
 -5.00000000E-01  2.13404500E+00 -1.11951585E+00  7.09675302E-04  1.44974047E+00  1.00000005E-03  1.21255037E-02  4.58643969E-02
 -5.00000000E-01  2.13428000E+00 -1.11786958E+00  7.29614616E-04  1.44975791E+00  1.00000005E-03  1.21557376E-02  4.55170821E-02
 -5.00000000E-01  2.13451500E+00 -1.11621084E+00  7.49702411E-04  1.44977593E+00  1.00000005E-03  1.21859018E-02  4.51703156E-02
 -5.00000000E-01  2.13475000E+00 -1.11453942E+00  7.69870737E-04  1.44979434E+00  1.00000005E-03  1.22159932E-02  4.48240942E-02
 -5.00000000E-01  2.13498500E+00 -1.11285508E+00  7.90062067E-04  1.44981298E+00  1.00000005E-03  1.22460090E-02  4.44784150E-02
 -5.00000000E-01  2.13522000E+00 -1.11115761E+00  8.10228668E-04  1.44983169E+00  1.00000005E-03  1.22759462E-02  4.41332747E-02
 -5.00000000E-01  2.13545500E+00 -1.10944680E+00  8.30331965E-04  1.44985035E+00  1.00000005E-03  1.23058020E-02  4.37886704E-02
 -5.00000000E-01  2.13569000E+00 -1.10772243E+00  8.50341905E-04  1.44986886E+00  1.00000005E-03  1.23355738E-02  4.34445990E-02
 -5.00000000E-01  2.13592500E+00 -1.10598428E+00  8.70236323E-04  1.44988711E+00  1.00000005E-03  1.23652588E-02  4.31010574E-02
 -5.00000000E-01  2.13616000E+00 -1.10423217E+00  8.90000308E-04  1.44990504E+00  1.00000005E-03  1.23948541E-02  4.27580429E-02
 -5.00000000E-01  2.13639500E+00 -1.10246586E+00  9.09625568E-04  1.44992259E+00  1.00000005E-03  1.24243571E-02  4.24155525E-02
 -5.00000000E-01  2.13663000E+00 -1.10068517E+00  9.29109796E-04  1.44993970E+00  1.00000005E-03  1.24537650E-02  4.20735835E-02
 -5.00000000E-01  2.13686500E+00 -1.09888988E+00  9.48456036E-04  1.44995635E+00  1.00000005E-03  1.24830749E-02  4.17321333E-02
 -5.00000000E-01  2.13710000E+00 -1.09707979E+00  9.67672047E-04  1.44997251E+00  1.00000005E-03  1.25122838E-02  4.13911996E-02
 -5.00000000E-01  2.13733500E+00 -1.09525468E+00  9.86769668E-04  1.44998816E+00  1.00000005E-03  1.25413887E-02  4.10507799E-02
 -5.00000000E-01  2.13757000E+00 -1.09341435E+00  1.00576419E-03  1.45000332E+00  1.00000005E-03  1.25703865E-02  4.07108723E-02
 -5.00000000E-01  2.13780500E+00 -1.09155858E+00  1.02467370E-03  1.45001799E+00  1.00000005E-03  1.25992738E-02  4.03714748E-02
 -5.00000000E-01  2.13804000E+00 -1.08968716E+00  1.04351849E-03  1.45003217E+00  1.00000005E-03  1.26280473E-02  4.00325858E-02
 -5.00000000E-01  2.13827500E+00 -1.08779986E+00  1.06232037E-03  1.45004590E+00  1.00000005E-03  1.26567033E-02  3.96942039E-02
 -5.00000000E-01  2.13851000E+00 -1.08589647E+00  1.08110207E-03  1.45005919E+00  1.00000005E-03  1.26852380E-02  3.93563278E-02
 -5.00000000E-01  2.13874500E+00 -1.08397675E+00  1.09988660E-03  1.45007208E+00  1.00000005E-03  1.27136473E-02  3.90189567E-02
 -5.00000000E-01  2.13898000E+00 -1.08204047E+00  1.11869659E-03  1.45008460E+00  1.00000005E-03  1.27419270E-02  3.86820901E-02
 -5.00000000E-01  2.13921500E+00 -1.08008739E+00  1.13755369E-03  1.45009678E+00  1.00000005E-03  1.27700726E-02  3.83457275E-02
 -5.00000000E-01  2.13945000E+00 -1.07811726E+00  1.15647792E-03  1.45010867E+00  1.00000005E-03  1.27980792E-02  3.80098693E-02
 -5.00000000E-01  2.13968500E+00 -1.07612982E+00  1.17548703E-03  1.45012030E+00  1.00000005E-03  1.28259418E-02  3.76745156E-02
 -5.00000000E-01  2.13992000E+00 -1.07412482E+00  1.19459588E-03  1.45013171E+00  1.00000005E-03  1.28536551E-02  3.73396674E-02
 -5.00000000E-01  2.14015500E+00 -1.07210198E+00  1.21381579E-03  1.45014293E+00  1.00000005E-03  1.28812132E-02  3.70053258E-02
 -5.00000000E-01  2.14039000E+00 -1.07006103E+00  1.23315391E-03  1.45015398E+00  1.00000005E-03  1.29086101E-02  3.66714924E-02
 -5.00000000E-01  2.14062500E+00 -1.06800167E+00  1.25261260E-03  1.45016491E+00  1.00000005E-03  1.29358393E-02  3.63381694E-02
 -5.00000000E-01  2.14086000E+00 -1.06592361E+00  1.27218877E-03  1.45017572E+00  1.00000005E-03  1.29628940E-02  3.60053590E-02
 -5.00000000E-01  2.14109500E+00 -1.06382654E+00  1.29187326E-03  1.45018643E+00  1.00000005E-03  1.29897670E-02  3.56730644E-02
 -5.00000000E-01  2.14133000E+00 -1.06171012E+00  1.31165022E-03  1.45019705E+00  1.00000005E-03  1.30164506E-02  3.53412889E-02
 -5.00000000E-01  2.14156500E+00 -1.05957404E+00  1.33149643E-03  1.45020758E+00  1.00000005E-03  1.30429367E-02  3.50100366E-02
 -5.00000000E-01  2.14180000E+00 -1.05741793E+00  1.35138073E-03  1.45021801E+00  1.00000005E-03  1.30692166E-02  3.46793117E-02
 -5.00000000E-01  2.14203500E+00 -1.05524146E+00  1.37126333E-03  1.45022831E+00  1.00000005E-03  1.30952814E-02  3.43491195E-02
 -5.00000000E-01  2.14227000E+00 -1.05304423E+00  1.39109520E-03  1.45023845E+00  1.00000005E-03  1.31211214E-02  3.40194654E-02
 -5.00000000E-01  2.14250500E+00 -1.05082586E+00  1.41081744E-03  1.45024839E+00  1.00000005E-03  1.31467265E-02  3.36903556E-02
 -5.00000000E-01  2.14274000E+00 -1.04858596E+00  1.43036061E-03  1.45025807E+00  1.00000005E-03  1.31720861E-02  3.33617970E-02
 -5.00000000E-01  2.14297500E+00 -1.04632410E+00  1.44964416E-03  1.45026741E+00  1.00000005E-03  1.31971889E-02  3.30337967E-02
 -5.00000000E-01  2.14321000E+00 -1.04403984E+00  1.46857573E-03  1.45027631E+00  1.00000005E-03  1.32220232E-02  3.27063630E-02
 -5.00000000E-01  2.14344500E+00 -1.04173274E+00  1.48705056E-03  1.45028468E+00  1.00000005E-03  1.32465766E-02  3.23795045E-02
 -5.00000000E-01  2.14368000E+00 -1.03940233E+00  1.50495083E-03  1.45029239E+00  1.00000005E-03  1.32708360E-02  3.20532304E-02
 -5.00000000E-01  2.14391500E+00 -1.03704812E+00  1.52214504E-03  1.45029928E+00  1.00000005E-03  1.32947878E-02  3.17275510E-02
 -5.00000000E-01  2.14415000E+00 -1.03466961E+00  1.53848737E-03  1.45030520E+00  1.00000005E-03  1.33184176E-02  3.14024768E-02
 -5.00000000E-01  2.14438500E+00 -1.03226627E+00  1.55381704E-03  1.45030996E+00  1.00000005E-03  1.33417104E-02  3.10780195E-02
 -5.00000000E-01  2.14462000E+00 -1.02983755E+00  1.56795768E-03  1.45031335E+00  1.00000005E-03  1.33646506E-02  3.07541913E-02
 -5.00000000E-01  2.14485500E+00 -1.02738291E+00  1.58071671E-03  1.45031513E+00  1.00000005E-03  1.33872217E-02  3.04310052E-02
 -5.00000000E-01  2.14509000E+00 -1.02490656E+00  1.59958003E-03  1.45034034E+00  1.00000005E-03  1.34094356E-02  3.01084405E-02
 -5.00000000E-01  2.14532500E+00 -1.02240985E+00  1.62744248E-03  1.45038923E+00  1.00000005E-03  1.34313164E-02  2.97864655E-02
 -5.00000000E-01  2.14556000E+00 -1.01988430E+00  1.65171968E-03  1.45041793E+00  1.00000005E-03  1.34528047E-02  2.94651348E-02
 -5.00000000E-01  2.14579500E+00 -1.01732971E+00  1.67306456E-03  1.45043056E+00  1.00000005E-03  1.34738759E-02  2.91444590E-02
 -5.00000000E-01  2.14603000E+00 -1.01474586E+00  1.69206056E-03  1.45043082E+00  1.00000005E-03  1.34945049E-02  2.88244501E-02
 -5.00000000E-01  2.14626500E+00 -1.01213248E+00  1.70922488E-03  1.45042194E+00  1.00000005E-03  1.35146662E-02  2.85051220E-02
 -5.00000000E-01  2.14650000E+00 -1.00948927E+00  1.72501157E-03  1.45040680E+00  1.00000005E-03  1.35343334E-02  2.81864896E-02
 -5.00000000E-01  2.14673500E+00 -1.00681589E+00  1.73981474E-03  1.45038785E+00  1.00000005E-03  1.35534795E-02  2.78685695E-02
 -5.00000000E-01  2.14697000E+00 -1.00411197E+00  1.75397172E-03  1.45036721E+00  1.00000005E-03  1.35720764E-02  2.75513791E-02
 -5.00000000E-01  2.14720500E+00 -1.00137712E+00  1.76776623E-03  1.45034663E+00  1.00000005E-03  1.35900951E-02  2.72349370E-02
 -5.00000000E-01  2.14744000E+00 -9.98610895E-01  1.78143153E-03  1.45032757E+00  1.00000005E-03  1.36075050E-02  2.69192626E-02
 -5.00000000E-01  2.14767500E+00 -9.95812831E-01  1.79515361E-03  1.45031117E+00  1.00000005E-03  1.36242744E-02  2.66043758E-02
 -5.00000000E-01  2.14791000E+00 -9.92982423E-01  1.80907438E-03  1.45029830E+00  1.00000005E-03  1.36403700E-02  2.62902976E-02
 -5.00000000E-01  2.14814500E+00 -9.90119135E-01  1.82329477E-03  1.45028958E+00  1.00000005E-03  1.36557564E-02  2.59770489E-02
 -5.00000000E-01  2.14838000E+00 -9.87222397E-01  1.83787798E-03  1.45028537E+00  1.00000005E-03  1.36703969E-02  2.56646512E-02
 -5.00000000E-01  2.14861500E+00 -9.84291606E-01  1.85285257E-03  1.45028585E+00  1.00000005E-03  1.36842525E-02  2.53531261E-02
 -5.00000000E-01  2.14885000E+00 -9.81326123E-01  1.86821570E-03  1.45029097E+00  1.00000005E-03  1.36972818E-02  2.50424953E-02
 -5.00000000E-01  2.14908500E+00 -9.78325279E-01  1.88393625E-03  1.45030054E+00  1.00000005E-03  1.37094417E-02  2.47327803E-02
 -5.00000000E-01  2.14932000E+00 -9.75288369E-01  1.89995801E-03  1.45031421E+00  1.00000005E-03  1.37206860E-02  2.44240024E-02
 -5.00000000E-01  2.14955500E+00 -9.72214655E-01  1.91620284E-03  1.45033148E+00  1.00000005E-03  1.37309662E-02  2.41161824E-02
 -5.00000000E-01  2.14979000E+00 -9.69103367E-01  1.93257385E-03  1.45035175E+00  1.00000005E-03  1.37402311E-02  2.38093407E-02
 -5.00000000E-01  2.15002500E+00 -9.65953700E-01  1.94895856E-03  1.45037436E+00  1.00000005E-03  1.37484265E-02  2.35034972E-02
 -5.00000000E-01  2.15026000E+00 -9.62764817E-01  1.96523206E-03  1.45039854E+00  1.00000005E-03  1.37554950E-02  2.31986705E-02
 -5.00000000E-01  2.15049500E+00 -9.59535846E-01  1.98126019E-03  1.45042350E+00  1.00000005E-03  1.37613762E-02  2.28948789E-02
 -5.00000000E-01  2.15073000E+00 -9.56265882E-01  1.99690272E-03  1.45044842E+00  1.00000005E-03  1.37660062E-02  2.25921390E-02
 -5.00000000E-01  2.15096500E+00 -9.52953990E-01  2.01201650E-03  1.45047247E+00  1.00000005E-03  1.37693176E-02  2.22904667E-02
 -5.00000000E-01  2.15120000E+00 -9.49599198E-01  2.02645863E-03  1.45049485E+00  1.00000005E-03  1.37712395E-02  2.19898763E-02
 -5.00000000E-01  2.15143500E+00 -9.46200502E-01  2.04008963E-03  1.45051478E+00  1.00000005E-03  1.37716970E-02  2.16903806E-02
 -5.00000000E-01  2.15167000E+00 -9.42756865E-01  2.05277663E-03  1.45053156E+00  1.00000005E-03  1.37706113E-02  2.13919909E-02
 -5.00000000E-01  2.15190500E+00 -9.39267217E-01  2.06439649E-03  1.45054455E+00  1.00000005E-03  1.37678994E-02  2.10947165E-02
 -5.00000000E-01  2.15214000E+00 -9.35730456E-01  2.07483903E-03  1.45055322E+00  1.00000005E-03  1.37634743E-02  2.07985651E-02
 -5.00000000E-01  2.15237500E+00 -9.32145446E-01  2.08401015E-03  1.45055717E+00  1.00000005E-03  1.37572442E-02  2.05035421E-02
 -5.00000000E-01  2.15261000E+00 -9.28511017E-01  2.09183502E-03  1.45055613E+00  1.00000005E-03  1.37491131E-02  2.02096509E-02
 -5.00000000E-01  2.15284500E+00 -9.24825967E-01  2.09826125E-03  1.45055001E+00  1.00000005E-03  1.37389801E-02  1.99168925E-02
 -5.00000000E-01  2.15308000E+00 -9.21089062E-01  2.10326205E-03  1.45053889E+00  1.00000005E-03  1.37267395E-02  1.96252654E-02
 -5.00000000E-01  2.15331500E+00 -9.17299034E-01  2.10683940E-03  1.45052307E+00  1.00000005E-03  1.37122805E-02  1.93347656E-02
 -5.00000000E-01  2.15355000E+00 -9.13454583E-01  2.10902722E-03  1.45050307E+00  1.00000005E-03  1.36954873E-02  1.90453863E-02
 -5.00000000E-01  2.15378500E+00 -9.09554376E-01  2.10989454E-03  1.45047966E+00  1.00000005E-03  1.36762386E-02  1.87571179E-02
 -5.00000000E-01  2.15402000E+00 -9.05597046E-01  2.10954868E-03  1.45045387E+00  1.00000005E-03  1.36544078E-02  1.84699477E-02
 -5.00000000E-01  2.15425500E+00 -9.01581195E-01  2.10813840E-03  1.45042705E+00  1.00000005E-03  1.36298625E-02  1.81838598E-02
 -5.00000000E-01  2.15449000E+00 -8.97505391E-01  2.10585708E-03  1.45040083E+00  1.00000005E-03  1.36024649E-02  1.78988353E-02
 -5.00000000E-01  2.15472500E+00 -8.93368171E-01  2.10294586E-03  1.45037719E+00  1.00000005E-03  1.35720708E-02  1.76148515E-02
 -5.00000000E-01  2.15496000E+00 -8.89168038E-01  2.09969686E-03  1.45035847E+00  1.00000005E-03  1.35385303E-02  1.73318824E-02
 -5.00000000E-01  2.15519500E+00 -8.84903463E-01  2.09645631E-03  1.45034736E+00  1.00000005E-03  1.35016872E-02  1.70498982E-02
 -5.00000000E-01  2.15543000E+00 -8.80572883E-01  2.09362775E-03  1.45034697E+00  1.00000005E-03  1.34613789E-02  1.67688654E-02
 -5.00000000E-01  2.15566500E+00 -8.76174706E-01  2.09167515E-03  1.45036083E+00  1.00000005E-03  1.34174363E-02  1.64887462E-02
 -5.00000000E-01  2.15590000E+00 -8.71707305E-01  2.09112612E-03  1.45039288E+00  1.00000005E-03  1.33696836E-02  1.62094991E-02
 -5.00000000E-01  2.15613500E+00 -8.67169020E-01  2.09257507E-03  1.45044755E+00  1.00000005E-03  1.33179384E-02  1.59310779E-02
 -5.00000000E-01  2.15637000E+00 -8.62558159E-01  2.09668637E-03  1.45052974E+00  1.00000005E-03  1.32620110E-02  1.56534324E-02
 -5.00000000E-01  2.15660500E+00 -8.57873000E-01  2.10419753E-03  1.45064484E+00  1.00000005E-03  1.32017049E-02  1.53765078E-02
 -5.00000000E-01  2.15684000E+00 -8.53111787E-01  2.11592236E-03  1.45079878E+00  1.00000005E-03  1.31368161E-02  1.51002443E-02
 -5.00000000E-01  2.15707500E+00 -8.48272730E-01  2.13275413E-03  1.45099803E+00  1.00000005E-03  1.30671333E-02  1.48245778E-02
 -5.00000000E-01  2.15731000E+00 -8.43354010E-01  2.15566877E-03  1.45124962E+00  1.00000005E-03  1.29924378E-02  1.45494388E-02
 -5.00000000E-01  2.15754500E+00 -8.38322860E-01  2.16243897E-03  1.45144102E+00  1.00000005E-03  1.29082660E-02  1.42746167E-02
 -5.00000000E-01  2.15778000E+00 -8.33083393E-01  2.08531097E-03  1.45120824E+00  1.00000005E-03  1.28069496E-02  1.39994344E-02
 -5.00000000E-01  2.15801500E+00 -8.27772017E-01  2.02486117E-03  1.45106157E+00  1.00000005E-03  1.27089329E-02  1.37243843E-02
 -5.00000000E-01  2.15825000E+00 -8.22390311E-01  1.97822942E-03  1.45098917E+00  1.00000005E-03  1.26121283E-02  1.34494973E-02
 -5.00000000E-01  2.15848500E+00 -8.16937516E-01  1.94280815E-03  1.45098037E+00  1.00000005E-03  1.25145766E-02  1.31747666E-02
 -5.00000000E-01  2.15872000E+00 -8.11410683E-01  1.91623255E-03  1.45102557E+00  1.00000005E-03  1.24144469E-02  1.29001515E-02
 -5.00000000E-01  2.15895500E+00 -8.05804813E-01  1.89637085E-03  1.45111626E+00  1.00000005E-03  1.23100358E-02  1.26255813E-02
 -5.00000000E-01  2.15919000E+00 -8.00113009E-01  1.88131457E-03  1.45124497E+00  1.00000005E-03  1.21997681E-02  1.23509582E-02
 -5.00000000E-01  2.15942500E+00 -7.94326618E-01  1.86936871E-03  1.45140521E+00  1.00000005E-03  1.20821954E-02  1.20761618E-02
 -5.00000000E-01  2.15966000E+00 -7.88435380E-01  1.85904205E-03  1.45159145E+00  1.00000005E-03  1.19559967E-02  1.18010524E-02
 -5.00000000E-01  2.15989500E+00 -7.82427569E-01  1.84903735E-03  1.45179907E+00  1.00000005E-03  1.18199778E-02  1.15254745E-02
 -5.00000000E-01  2.16013000E+00 -7.76290147E-01  1.83824159E-03  1.45202432E+00  1.00000005E-03  1.16730709E-02  1.12492609E-02
 -5.00000000E-01  2.16036500E+00 -7.70008900E-01  1.82571624E-03  1.45226431E+00  1.00000005E-03  1.15143345E-02  1.09722359E-02
 -5.00000000E-01  2.16060000E+00 -7.63568595E-01  1.81068745E-03  1.45251693E+00  1.00000005E-03  1.13429532E-02  1.06942195E-02
 -5.00000000E-01  2.16083500E+00 -7.56953115E-01  1.79253636E-03  1.45278083E+00  1.00000005E-03  1.11582371E-02  1.04150305E-02
 -5.00000000E-01  2.16107000E+00 -7.50145613E-01  1.77078926E-03  1.45305540E+00  1.00000005E-03  1.09596220E-02  1.01344905E-02
 -5.00000000E-01  2.16130500E+00 -7.43128656E-01  1.74510788E-03  1.45334069E+00  1.00000005E-03  1.07466686E-02  9.85242753E-03
 -5.00000000E-01  2.16154000E+00 -7.35884369E-01  1.71527964E-03  1.45363742E+00  1.00000005E-03  1.05190627E-02  9.56867979E-03
 -5.00000000E-01  2.16177500E+00 -7.28394580E-01  1.68120782E-03  1.45394690E+00  1.00000005E-03  1.02766147E-02  9.28309909E-03
 -5.00000000E-01  2.16201000E+00 -7.20640973E-01  1.64290190E-03  1.45427100E+00  1.00000005E-03  1.00192591E-02  8.99555471E-03
 -5.00000000E-01  2.16224500E+00 -7.12605224E-01  1.60046771E-03  1.45461213E+00  1.00000005E-03  9.74705470E-03  8.70593701E-03
 -5.00000000E-01  2.16248000E+00 -7.04269157E-01  1.55409771E-03  1.45497319E+00  1.00000005E-03  9.46018415E-03  8.41416108E-03
 -5.00000000E-01  2.16271500E+00 -6.95614881E-01  1.50406124E-03  1.45535753E+00  1.00000005E-03  9.15895349E-03  8.12017044E-03
 -5.00000000E-01  2.16295000E+00 -6.86624942E-01  1.45069473E-03  1.45576891E+00  1.00000005E-03  8.84379203E-03  7.82394071E-03
 -5.00000000E-01  2.16318500E+00 -6.77282467E-01  1.39439198E-03  1.45621147E+00  1.00000005E-03  8.51525211E-03  7.52548324E-03
 -5.00000000E-01  2.16342000E+00 -6.67571310E-01  1.33559433E-03  1.45668968E+00  1.00000005E-03  8.17400872E-03  7.22484883E-03
 -5.00000000E-01  2.16365500E+00 -6.57476198E-01  1.27478099E-03  1.45720830E+00  1.00000005E-03  7.82085933E-03  6.92213136E-03
 -5.00000000E-01  2.16389000E+00 -6.46982876E-01  1.21245920E-03  1.45777236E+00  1.00000005E-03  7.45672354E-03  6.61747146E-03
 -5.00000000E-01  2.16412500E+00 -6.36078255E-01  1.14915452E-03  1.45838711E+00  1.00000005E-03  7.08264284E-03  6.31106022E-03
 -5.00000000E-01  2.16436000E+00 -6.24750557E-01  1.08540105E-03  1.45905797E+00  1.00000005E-03  6.69978034E-03  6.00314280E-03
 -5.00000000E-01  2.16459500E+00 -6.12989460E-01  1.02173167E-03  1.45979050E+00  1.00000005E-03  6.30942048E-03  5.69402215E-03
 -5.00000000E-01  2.16483000E+00 -6.00786247E-01  9.58668275E-04  1.46059038E+00  1.00000005E-03  5.91296878E-03  5.38406263E-03
 -5.00000000E-01  2.16506500E+00 -5.88133946E-01  8.96712033E-04  1.46146335E+00  1.00000005E-03  5.51195153E-03  5.07369373E-03
 -5.00000000E-01  2.16530000E+00 -5.75027484E-01  8.36333608E-04  1.46241515E+00  1.00000005E-03  5.10801556E-03  4.76341370E-03
 -5.00000000E-01  2.16553500E+00 -5.61463827E-01  7.77963402E-04  1.46345155E+00  1.00000005E-03  4.70292793E-03  4.45379324E-03
 -5.00000000E-01  2.16577000E+00 -5.47442128E-01  7.21981799E-04  1.46457823E+00  1.00000005E-03  4.29857568E-03  4.14547914E-03
 -5.00000000E-01  2.16600500E+00 -5.32963871E-01  6.68709402E-04  1.46580081E+00  1.00000005E-03  3.89696555E-03  3.83919800E-03
 -5.00000000E-01  2.16624000E+00 -5.18033023E-01  6.18397273E-04  1.46712476E+00  1.00000005E-03  3.50022370E-03  3.53575985E-03
 -5.00000000E-01  2.16647500E+00 -5.02656171E-01  5.71217174E-04  1.46855538E+00  1.00000005E-03  3.11059544E-03  3.23606183E-03
 -5.00000000E-01  2.16671000E+00 -4.86842676E-01  5.27251802E-04  1.47009780E+00  1.00000005E-03  2.73044497E-03  2.94109188E-03
 -5.00000000E-01  2.16694500E+00 -4.70604814E-01  4.86485035E-04  1.47175686E+00  1.00000005E-03  2.36225509E-03  2.65193238E-03
 -5.00000000E-01  2.16718000E+00 -4.53957925E-01  4.48792167E-04  1.47353713E+00  1.00000005E-03  2.00862693E-03  2.36976384E-03
 -5.00000000E-01  2.16741500E+00 -4.36920556E-01  4.13930149E-04  1.47544289E+00  1.00000005E-03  1.67227967E-03  2.09586857E-03
 -5.00000000E-01  2.16765000E+00 -4.19514611E-01  3.81527828E-04  1.47747800E+00  1.00000005E-03  1.35605029E-03  1.83163431E-03
 -5.00000000E-01  2.16788500E+00 -4.01765492E-01  3.51076187E-04  1.47964598E+00  1.00000005E-03  1.06289328E-03  1.57855797E-03
 -5.00000000E-01  2.16812000E+00 -3.83702250E-01  3.21918586E-04  1.48194988E+00  1.00000005E-03  7.95880367E-04  1.33824922E-03
 -5.00000000E-01  2.16835500E+00 -3.65357726E-01  2.93240999E-04  1.48439226E+00  1.00000005E-03  5.58200231E-04  1.11243420E-03
 -5.00000000E-01  2.16859000E+00 -3.46768702E-01  2.64062255E-04  1.48697521E+00  1.00000005E-03  3.53158260E-04  9.02959212E-04
 -5.00000000E-01  2.16882500E+00 -3.27976043E-01  2.33224278E-04  1.48970022E+00  1.00000005E-03  1.84176253E-04  7.11794329E-04
 -5.00000000E-01  2.16906000E+00 -3.09024845E-01  1.99382324E-04  1.49256822E+00  1.00000005E-03  5.47921569E-05  5.41037110E-04
 -5.00000000E-01  2.16929500E+00 -2.89964581E-01  1.60995226E-04  1.49557948E+00  1.00000005E-03 -3.13402109E-05  3.92916251E-04
 -5.00000000E-01  2.16953000E+00 -2.70849246E-01  1.16315626E-04  1.49873362E+00  1.00000005E-03 -7.04514343E-05  2.69795256E-04
 -5.00000000E-01  2.16976500E+00 -2.51737502E-01  6.33802207E-05  1.50202955E+00  1.00000005E-03 -5.86567721E-05  1.74176105E-04
 -5.00000000E-01  2.17000000E+00 -2.32692828E-01  4.49599846E-15  1.50546543E+00  1.00000005E-03  8.04356886E-06  1.08702926E-04
