               X               Y            VELX            VELY            PRES            TEMP            PS 1            PS 2  1.02100000E+01
 -3.39900000E-01  1.93500000E+00 -5.55308573E-01  0.00000000E+00  1.20546621E+00  0.00000000E+00  8.40576102E-03  7.49558156E-02
 -3.39900000E-01  1.93523500E+00 -5.59479588E-01  0.00000000E+00  1.21304757E+00  0.00000000E+00  8.40559636E-03  1.02072203E-01
 -3.39900000E-01  1.93547000E+00 -5.63639751E-01  0.00000000E+00  1.22018923E+00  0.00000000E+00  8.40511117E-03  1.25080951E-01
 -3.39900000E-01  1.93570500E+00 -5.67789059E-01  0.00000000E+00  1.22690053E+00  0.00000000E+00  8.40431347E-03  1.44453196E-01
 -3.39900000E-01  1.93594000E+00 -5.71927508E-01  0.00000000E+00  1.23319161E+00  0.00000000E+00  8.40321109E-03  1.60626922E-01
 -3.39900000E-01  1.93617500E+00 -5.76055096E-01  0.00000000E+00  1.23907341E+00  0.00000000E+00  8.40181169E-03  1.74008071E-01
 -3.39900000E-01  1.93641000E+00 -5.80171819E-01  0.00000000E+00  1.24455759E+00  0.00000000E+00  8.40012274E-03  1.84971627E-01
 -3.39900000E-01  1.93664500E+00 -5.84277677E-01  0.00000000E+00  1.24965646E+00  0.00000000E+00  8.39815154E-03  1.93862751E-01
 -3.39900000E-01  1.93688000E+00 -5.88372667E-01  0.00000000E+00  1.25438296E+00  0.00000000E+00  8.39590522E-03  2.00997866E-01
 -3.39900000E-01  1.93711500E+00 -5.92456788E-01  0.00000000E+00  1.25875055E+00  0.00000000E+00  8.39339073E-03  2.06665766E-01
 -3.39900000E-01  1.93735000E+00 -5.96530041E-01  0.00000000E+00  1.26277323E+00  0.00000000E+00  8.39061488E-03  2.11128731E-01
 -3.39900000E-01  1.93758500E+00 -6.00592423E-01  0.00000000E+00  1.26646544E+00  0.00000000E+00  8.38758428E-03  2.14623631E-01
 -3.39900000E-01  1.93782000E+00 -6.04643935E-01  0.00000000E+00  1.26984198E+00  0.00000000E+00  8.38430540E-03  2.17363032E-01
 -3.39900000E-01  1.93805500E+00 -6.08684578E-01  0.00000000E+00  1.27291802E+00  0.00000000E+00  8.38078456E-03  2.19536310E-01
 -3.39900000E-01  1.93829000E+00 -6.12714350E-01  0.00000000E+00  1.27570901E+00  0.00000000E+00  8.37702791E-03  2.21310757E-01
 -3.39900000E-01  1.93852500E+00 -6.16733254E-01  0.00000000E+00  1.27823061E+00  0.00000000E+00  8.37304145E-03  2.22832689E-01
 -3.39900000E-01  1.93876000E+00 -6.20741289E-01  0.00000000E+00  1.28049866E+00  0.00000000E+00  8.36883103E-03  2.24228558E-01
 -3.39900000E-01  1.93899500E+00 -6.24738457E-01  0.00000000E+00  1.28252913E+00  0.00000000E+00  8.36440238E-03  2.25606059E-01
 -3.39900000E-01  1.93923000E+00 -6.28724759E-01  0.00000000E+00  1.28433805E+00  0.00000000E+00  8.35976105E-03  2.27055241E-01
 -3.39900000E-01  1.93946500E+00 -6.32700195E-01  0.00000000E+00  1.28594145E+00  0.00000000E+00  8.35491248E-03  2.28649614E-01
 -3.39900000E-01  1.93970000E+00 -6.36664766E-01  0.00000000E+00  1.28735533E+00  0.00000000E+00  8.34986195E-03  2.30447259E-01
 -3.39900000E-01  1.93993500E+00 -6.40618475E-01  0.00000000E+00  1.28859558E+00  0.00000000E+00  8.34461462E-03  2.32491939E-01
 -3.39900000E-01  1.94017000E+00 -6.44561323E-01  0.00000000E+00  1.28967795E+00  0.00000000E+00  8.33917552E-03  2.34814203E-01
 -3.39900000E-01  1.94040500E+00 -6.48493309E-01  0.00000000E+00  1.29061796E+00  0.00000000E+00  8.33354955E-03  2.37432500E-01
 -3.39900000E-01  1.94064000E+00 -6.52414437E-01  0.00000000E+00  1.29143090E+00  0.00000000E+00  8.32774149E-03  2.40354286E-01
 -3.39900000E-01  1.94087500E+00 -6.56324708E-01  0.00000000E+00  1.29213172E+00  0.00000000E+00  8.32175599E-03  2.43577130E-01
 -3.39900000E-01  1.94111000E+00 -6.60224121E-01  0.00000000E+00  1.29273500E+00  0.00000000E+00  8.31559760E-03  2.47089828E-01
 -3.39900000E-01  1.94134500E+00 -6.64112680E-01  0.00000000E+00  1.29325491E+00  0.00000000E+00  8.30927072E-03  2.50873506E-01
 -3.39900000E-01  1.94158000E+00 -6.67990383E-01  0.00000000E+00  1.29370513E+00  0.00000000E+00  8.30277969E-03  2.54902731E-01
 -3.39900000E-01  1.94181500E+00 -6.71857234E-01  0.00000000E+00  1.29409881E+00  0.00000000E+00  8.29612869E-03  2.59146623E-01
 -3.39900000E-01  1.94205000E+00 -6.75713232E-01  0.00000000E+00  1.29444851E+00  0.00000000E+00  8.28932183E-03  2.63569955E-01
 -3.39900000E-01  1.94228500E+00 -6.79558377E-01  0.00000000E+00  1.29476615E+00  0.00000000E+00  8.28236310E-03  2.68134272E-01
 -3.39900000E-01  1.94252000E+00 -6.83392671E-01  0.00000000E+00  1.29506295E+00  0.00000000E+00  8.27525639E-03  2.72798990E-01
 -3.39900000E-01  1.94275500E+00 -6.87216114E-01  0.00000000E+00  1.29534939E+00  0.00000000E+00  8.26800552E-03  2.77522513E-01
 -3.39900000E-01  1.94299000E+00 -6.91028705E-01  0.00000000E+00  1.29563512E+00  0.00000000E+00  8.26061418E-03  2.82263336E-01
 -3.39900000E-01  1.94322500E+00 -6.94830444E-01  0.00000000E+00  1.29592895E+00  0.00000000E+00  8.25308599E-03  2.86981156E-01
 -3.39900000E-01  1.94346000E+00 -6.98621331E-01  0.00000000E+00  1.29623877E+00  0.00000000E+00  8.24542449E-03  2.91637980E-01
 -3.39900000E-01  1.94369500E+00 -7.02401365E-01  0.00000000E+00  1.29657151E+00  0.00000000E+00  8.23763312E-03  2.96199239E-01
 -3.39900000E-01  1.94393000E+00 -7.06170544E-01  0.00000000E+00  1.29693306E+00  0.00000000E+00  8.22971525E-03  3.00634888E-01
 -3.39900000E-01  1.94416500E+00 -7.09928869E-01  0.00000000E+00  1.29732824E+00  0.00000000E+00  8.22167417E-03  3.04920525E-01
 -3.39900000E-01  1.94440000E+00 -7.13676335E-01  0.00000000E+00  1.29776073E+00  0.00000000E+00  8.21351309E-03  3.09038492E-01
 -3.39900000E-01  1.94463500E+00 -7.17412943E-01  0.00000000E+00  1.29823305E+00  0.00000000E+00  8.20523516E-03  3.12978992E-01
 -3.39900000E-01  1.94487000E+00 -7.21138689E-01  0.00000000E+00  1.29874644E+00  0.00000000E+00  8.19684346E-03  3.16741190E-01
 -3.39900000E-01  1.94510500E+00 -7.24853570E-01  0.00000000E+00  1.29930088E+00  0.00000000E+00  8.18834100E-03  3.20334331E-01
 -3.39900000E-01  1.94534000E+00 -7.28557583E-01  0.00000000E+00  1.29989496E+00  0.00000000E+00  8.17973073E-03  3.23778842E-01
 -3.39900000E-01  1.94557500E+00 -7.32250725E-01  0.00000000E+00  1.30052591E+00  0.00000000E+00  8.17101555E-03  3.27107444E-01
 -3.39900000E-01  1.94581000E+00 -7.35932991E-01  0.00000000E+00  1.30118946E+00  0.00000000E+00  8.16219828E-03  3.30366262E-01
 -3.39900000E-01  1.94604500E+00 -7.39604377E-01  0.00000000E+00  1.30187986E+00  0.00000000E+00  8.15328173E-03  3.33615929E-01
 -3.39900000E-01  1.94628000E+00 -7.43264878E-01  0.00000000E+00  1.30258977E+00  0.00000000E+00  8.14426861E-03  3.36932699E-01
 -3.39900000E-01  1.94651500E+00 -7.46914488E-01  0.00000000E+00  1.30331023E+00  0.00000000E+00  8.13516163E-03  3.40409549E-01
 -3.39900000E-01  1.94675000E+00 -7.50553202E-01  0.00000000E+00  1.30403061E+00  0.00000000E+00  8.12596344E-03  3.44157290E-01
 -3.39900000E-01  1.94698500E+00 -7.54181013E-01  0.00000000E+00  1.30473856E+00  0.00000000E+00  8.11667663E-03  3.48305668E-01
 -3.39900000E-01  1.94722000E+00 -7.57797915E-01  0.00000000E+00  1.30541992E+00  0.00000000E+00  8.10730378E-03  3.53004472E-01
 -3.39900000E-01  1.94745500E+00 -7.61403899E-01  0.00000000E+00  1.30605870E+00  0.00000000E+00  8.09784744E-03  3.58424636E-01
 -3.39900000E-01  1.94769000E+00 -7.64999183E-01  0.00000000E+00  1.30669482E+00  0.00000000E+00  8.08830813E-03  3.63013717E-01
 -3.39900000E-01  1.94792500E+00 -7.68583601E-01  0.00000000E+00  1.30734240E+00  0.00000000E+00  8.07868914E-03  3.67307609E-01
 -3.39900000E-01  1.94816000E+00 -7.72157112E-01  0.00000000E+00  1.30799557E+00  0.00000000E+00  8.06899307E-03  3.71626694E-01
 -3.39900000E-01  1.94839500E+00 -7.75719724E-01  0.00000000E+00  1.30865518E+00  0.00000000E+00  8.05922202E-03  3.75970982E-01
 -3.39900000E-01  1.94863000E+00 -7.79271447E-01  0.00000000E+00  1.30932196E+00  0.00000000E+00  8.04937808E-03  3.80340485E-01
 -3.39900000E-01  1.94886500E+00 -7.82812288E-01  0.00000000E+00  1.30999657E+00  0.00000000E+00  8.03946330E-03  3.84735211E-01
 -3.39900000E-01  1.94910000E+00 -7.86342256E-01  0.00000000E+00  1.31067958E+00  0.00000000E+00  8.02947966E-03  3.89155169E-01
 -3.39900000E-01  1.94933500E+00 -7.89861355E-01  0.00000000E+00  1.31137147E+00  0.00000000E+00  8.01942912E-03  3.93600364E-01
 -3.39900000E-01  1.94957000E+00 -7.93369591E-01  0.00000000E+00  1.31207267E+00  0.00000000E+00  8.00931361E-03  3.98070805E-01
 -3.39900000E-01  1.94980500E+00 -7.96866968E-01  0.00000000E+00  1.31278351E+00  0.00000000E+00  7.99913501E-03  4.02566497E-01
 -3.39900000E-01  1.95004000E+00 -8.00353490E-01  0.00000000E+00  1.31350425E+00  0.00000000E+00  7.98889515E-03  4.07087443E-01
 -3.39900000E-01  1.95027500E+00 -8.03829160E-01  0.00000000E+00  1.31423511E+00  0.00000000E+00  7.97859583E-03  4.11633649E-01
 -3.39900000E-01  1.95051000E+00 -8.07293979E-01  0.00000000E+00  1.31497621E+00  0.00000000E+00  7.96823884E-03  4.16205118E-01
 -3.39900000E-01  1.95074500E+00 -8.10747949E-01  0.00000000E+00  1.31572765E+00  0.00000000E+00  7.95782589E-03  4.20801852E-01
 -3.39900000E-01  1.95098000E+00 -8.14191072E-01  0.00000000E+00  1.31648945E+00  0.00000000E+00  7.94735868E-03  4.25423853E-01
 -3.39900000E-01  1.95121500E+00 -8.17623348E-01  0.00000000E+00  1.31726159E+00  0.00000000E+00  7.93683888E-03  4.30071123E-01
 -3.39900000E-01  1.95145000E+00 -8.21044776E-01  0.00000000E+00  1.31804399E+00  0.00000000E+00  7.92626810E-03  4.34743661E-01
 -3.39900000E-01  1.95168500E+00 -8.24455357E-01  0.00000000E+00  1.31883655E+00  0.00000000E+00  7.91564795E-03  4.39441468E-01
 -3.39900000E-01  1.95192000E+00 -8.27855089E-01  0.00000000E+00  1.31963912E+00  0.00000000E+00  7.90497997E-03  4.44164543E-01
 -3.39900000E-01  1.95215500E+00 -8.31243971E-01  0.00000000E+00  1.32045150E+00  0.00000000E+00  7.89426569E-03  4.48912886E-01
 -3.39900000E-01  1.95239000E+00 -8.34622002E-01  0.00000000E+00  1.32127348E+00  0.00000000E+00  7.88350660E-03  4.53686494E-01
 -3.39900000E-01  1.95262500E+00 -8.37989181E-01  0.00000000E+00  1.32210481E+00  0.00000000E+00  7.87270417E-03  4.58485367E-01
 -3.39900000E-01  1.95286000E+00 -8.41345505E-01  0.00000000E+00  1.32294521E+00  0.00000000E+00  7.86185983E-03  4.63309501E-01
 -3.39900000E-01  1.95309500E+00 -8.44690972E-01  0.00000000E+00  1.32379440E+00  0.00000000E+00  7.85097496E-03  4.68158894E-01
 -3.39900000E-01  1.95333000E+00 -8.48025580E-01  0.00000000E+00  1.32465208E+00  0.00000000E+00  7.84005095E-03  4.73033543E-01
 -3.39900000E-01  1.95356500E+00 -8.51349327E-01  0.00000000E+00  1.32551791E+00  0.00000000E+00  7.82908912E-03  4.77933445E-01
 -3.39900000E-01  1.95380000E+00 -8.54662211E-01  0.00000000E+00  1.32639156E+00  0.00000000E+00  7.81809080E-03  4.82858597E-01
 -3.39900000E-01  1.95403500E+00 -8.57964229E-01  0.00000000E+00  1.32727271E+00  0.00000000E+00  7.80705725E-03  4.87808996E-01
 -3.39900000E-01  1.95427000E+00 -8.61255380E-01  0.00000000E+00  1.32816102E+00  0.00000000E+00  7.79598974E-03  4.92784637E-01
 -3.39900000E-01  1.95450500E+00 -8.64535660E-01  0.00000000E+00  1.32905615E+00  0.00000000E+00  7.78488948E-03  4.97785519E-01
 -3.39900000E-01  1.95474000E+00 -8.67805068E-01  0.00000000E+00  1.32995778E+00  0.00000000E+00  7.77375768E-03  5.02811636E-01
 -3.39900000E-01  1.95497500E+00 -8.71063602E-01  0.00000000E+00  1.33086559E+00  0.00000000E+00  7.76259550E-03  5.07862986E-01
 -3.39900000E-01  1.95521000E+00 -8.74311260E-01  0.00000000E+00  1.33177927E+00  0.00000000E+00  7.75140410E-03  5.12939567E-01
 -3.39900000E-01  1.95544500E+00 -8.77548041E-01  0.00000000E+00  1.33269854E+00  0.00000000E+00  7.74018458E-03  5.18041374E-01
 -3.39900000E-01  1.95568000E+00 -8.80773943E-01  0.00000000E+00  1.33362314E+00  0.00000000E+00  7.72893805E-03  5.23168406E-01
 -3.39900000E-01  1.95591500E+00 -8.83988965E-01  0.00000000E+00  1.33455282E+00  0.00000000E+00  7.71766558E-03  5.28320660E-01
 -3.39900000E-01  1.95615000E+00 -8.87193108E-01  0.00000000E+00  1.33548739E+00  0.00000000E+00  7.70636821E-03  5.33498136E-01
 -3.39900000E-01  1.95638500E+00 -8.90386370E-01  0.00000000E+00  1.33642665E+00  0.00000000E+00  7.69504696E-03  5.38700831E-01
 -3.39900000E-01  1.95662000E+00 -8.93568752E-01  0.00000000E+00  1.33737048E+00  0.00000000E+00  7.68370284E-03  5.43928745E-01
 -3.39900000E-01  1.95685500E+00 -8.96740254E-01  0.00000000E+00  1.33831877E+00  0.00000000E+00  7.67233681E-03  5.49181879E-01
 -3.39900000E-01  1.95709000E+00 -8.99900876E-01  0.00000000E+00  1.33927146E+00  0.00000000E+00  7.66094984E-03  5.54460233E-01
 -3.39900000E-01  1.95732500E+00 -9.03050622E-01  0.00000000E+00  1.34022856E+00  0.00000000E+00  7.64954286E-03  5.59763809E-01
 -3.39900000E-01  1.95756000E+00 -9.06189491E-01  0.00000000E+00  1.34119010E+00  0.00000000E+00  7.63811678E-03  5.65092610E-01
 -3.39900000E-01  1.95779500E+00 -9.09317487E-01  0.00000000E+00  1.34215619E+00  0.00000000E+00  7.62667249E-03  5.70446639E-01
 -3.39900000E-01  1.95803000E+00 -9.12434613E-01  0.00000000E+00  1.34312699E+00  0.00000000E+00  7.61521087E-03  5.75825901E-01
 -3.39900000E-01  1.95826500E+00 -9.15540872E-01  0.00000000E+00  1.34410272E+00  0.00000000E+00  7.60373276E-03  5.81230402E-01
 -3.39900000E-01  1.95850000E+00 -9.18636269E-01  0.00000000E+00  1.34508367E+00  0.00000000E+00  7.59223900E-03  5.86660150E-01
 -3.39900000E-01  1.95873500E+00 -9.21720807E-01  0.00000000E+00  1.34607021E+00  0.00000000E+00  7.58073040E-03  5.92115152E-01
 -3.39900000E-01  1.95897000E+00 -9.24794493E-01  0.00000000E+00  1.34706277E+00  0.00000000E+00  7.56920777E-03  5.97595418E-01
 -3.39900000E-01  1.95920500E+00 -9.27857333E-01  0.00000000E+00  1.34806187E+00  0.00000000E+00  7.55767188E-03  6.03100961E-01
 -3.39900000E-01  1.95944000E+00 -9.30909333E-01  0.00000000E+00  1.34906811E+00  0.00000000E+00  7.54612350E-03  6.08631793E-01
 -3.39900000E-01  1.95967500E+00 -9.33950501E-01  0.00000000E+00  1.35008217E+00  0.00000000E+00  7.53456336E-03  6.14187929E-01
 -3.39900000E-01  1.95991000E+00 -9.36980845E-01  0.00000000E+00  1.35110482E+00  0.00000000E+00  7.52299221E-03  6.19769385E-01
 -3.39900000E-01  1.96014500E+00 -9.40000489E-01  0.00000000E+00  1.35212898E+00  0.00000000E+00  7.51141013E-03  6.25376397E-01
 -3.39900000E-01  1.96038000E+00 -9.43009303E-01  0.00000000E+00  1.35315309E+00  0.00000000E+00  7.49981832E-03  6.31008723E-01
 -3.39900000E-01  1.96061500E+00 -9.46007201E-01  0.00000000E+00  1.35418088E+00  0.00000000E+00  7.48821792E-03  6.36666205E-01
 -3.39900000E-01  1.96085000E+00 -9.48994191E-01  0.00000000E+00  1.35521228E+00  0.00000000E+00  7.47660955E-03  6.42348856E-01
 -3.39900000E-01  1.96108500E+00 -9.51970282E-01  0.00000000E+00  1.35624725E+00  0.00000000E+00  7.46499386E-03  6.48056690E-01
 -3.39900000E-01  1.96132000E+00 -9.54935480E-01  0.00000000E+00  1.35728572E+00  0.00000000E+00  7.45337146E-03  6.53789718E-01
 -3.39900000E-01  1.96155500E+00 -9.57889791E-01  0.00000000E+00  1.35832762E+00  0.00000000E+00  7.44174296E-03  6.59547952E-01
 -3.39900000E-01  1.96179000E+00 -9.60833221E-01  0.00000000E+00  1.35937289E+00  0.00000000E+00  7.43010897E-03  6.65331399E-01
 -3.39900000E-01  1.96202500E+00 -9.63765774E-01  0.00000000E+00  1.36042144E+00  0.00000000E+00  7.41847008E-03  6.71140068E-01
 -3.39900000E-01  1.96226000E+00 -9.66687453E-01  0.00000000E+00  1.36147321E+00  0.00000000E+00  7.40682687E-03  6.76973966E-01
 -3.39900000E-01  1.96249500E+00 -9.69598262E-01  0.00000000E+00  1.36252811E+00  0.00000000E+00  7.39517991E-03  6.82833100E-01
 -3.39900000E-01  1.96273000E+00 -9.72498204E-01  0.00000000E+00  1.36358607E+00  0.00000000E+00  7.38352977E-03  6.88717473E-01
 -3.39900000E-01  1.96296500E+00 -9.75387280E-01  0.00000000E+00  1.36464700E+00  0.00000000E+00  7.37187699E-03  6.94627090E-01
 -3.39900000E-01  1.96320000E+00 -9.78265492E-01  0.00000000E+00  1.36571081E+00  0.00000000E+00  7.36022211E-03  7.00561954E-01
 -3.39900000E-01  1.96343500E+00 -9.81132840E-01  0.00000000E+00  1.36677741E+00  0.00000000E+00  7.34856568E-03  7.06522066E-01
 -3.39900000E-01  1.96367000E+00 -9.83989326E-01  0.00000000E+00  1.36784672E+00  0.00000000E+00  7.33690822E-03  7.12507429E-01
 -3.39900000E-01  1.96390500E+00 -9.86834950E-01  0.00000000E+00  1.36891864E+00  0.00000000E+00  7.32525023E-03  7.18518043E-01
 -3.39900000E-01  1.96414000E+00 -9.89669711E-01  0.00000000E+00  1.36999308E+00  0.00000000E+00  7.31359223E-03  7.24553907E-01
 -3.39900000E-01  1.96437500E+00 -9.92493610E-01  0.00000000E+00  1.37106994E+00  0.00000000E+00  7.30193470E-03  7.30615022E-01
 -3.39900000E-01  1.96461000E+00 -9.95306645E-01  0.00000000E+00  1.37214914E+00  0.00000000E+00  7.29027813E-03  7.36701385E-01
 -3.39900000E-01  1.96484500E+00 -9.98108816E-01  0.00000000E+00  1.37323057E+00  0.00000000E+00  7.27862299E-03  7.42812996E-01
 -3.39900000E-01  1.96508000E+00 -1.00090012E+00  0.00000000E+00  1.37431413E+00  0.00000000E+00  7.26696977E-03  7.48949848E-01
 -3.39900000E-01  1.96531500E+00 -1.00368056E+00  0.00000000E+00  1.37539974E+00  0.00000000E+00  7.25531889E-03  7.55111949E-01
 -3.39900000E-01  1.96555000E+00 -1.00645013E+00  0.00000000E+00  1.37648729E+00  0.00000000E+00  7.24367082E-03  7.61299290E-01
 -3.39900000E-01  1.96578500E+00 -1.00920884E+00  0.00000000E+00  1.37757669E+00  0.00000000E+00  7.23202600E-03  7.67511866E-01
 -3.39900000E-01  1.96602000E+00 -1.01195667E+00  0.00000000E+00  1.37866783E+00  0.00000000E+00  7.22038484E-03  7.73749677E-01
 -3.39900000E-01  1.96625500E+00 -1.01469363E+00  0.00000000E+00  1.37976064E+00  0.00000000E+00  7.20874777E-03  7.80012720E-01
 -3.39900000E-01  1.96649000E+00 -1.01741973E+00  0.00000000E+00  1.38085500E+00  0.00000000E+00  7.19711520E-03  7.86300991E-01
 -3.39900000E-01  1.96672500E+00 -1.02013494E+00  0.00000000E+00  1.38195084E+00  0.00000000E+00  7.18548753E-03  7.92614489E-01
 -3.39900000E-01  1.96696000E+00 -1.02283929E+00  0.00000000E+00  1.38304804E+00  0.00000000E+00  7.17386515E-03  7.98953211E-01
 -3.39900000E-01  1.96719500E+00 -1.02553276E+00  0.00000000E+00  1.38414654E+00  0.00000000E+00  7.16224843E-03  8.05317154E-01
 -3.39900000E-01  1.96743000E+00 -1.02821536E+00  0.00000000E+00  1.38524622E+00  0.00000000E+00  7.15063776E-03  8.11706318E-01
 -3.39900000E-01  1.96766500E+00 -1.03088708E+00  0.00000000E+00  1.38634702E+00  0.00000000E+00  7.13903349E-03  8.18120701E-01
 -3.39900000E-01  1.96790000E+00 -1.03354792E+00  0.00000000E+00  1.38744883E+00  0.00000000E+00  7.12743599E-03  8.24560302E-01
 -3.39900000E-01  1.96813500E+00 -1.03619790E+00  0.00000000E+00  1.38855159E+00  0.00000000E+00  7.11584558E-03  8.31025123E-01
 -3.39900000E-01  1.96837000E+00 -1.03883699E+00  0.00000000E+00  1.38965521E+00  0.00000000E+00  7.10426262E-03  8.37515163E-01
 -3.39900000E-01  1.96860500E+00 -1.04146522E+00  0.00000000E+00  1.39075961E+00  0.00000000E+00  7.09268742E-03  8.44030426E-01
 -3.39900000E-01  1.96884000E+00 -1.04408257E+00  0.00000000E+00  1.39186471E+00  0.00000000E+00  7.08112031E-03  8.50570913E-01
 -3.39900000E-01  1.96907500E+00 -1.04668906E+00  0.00000000E+00  1.39297046E+00  0.00000000E+00  7.06956159E-03  8.57136630E-01
 -3.39900000E-01  1.96931000E+00 -1.04928468E+00  0.00000000E+00  1.39407677E+00  0.00000000E+00  7.05801156E-03  8.63727582E-01
 -3.39900000E-01  1.96954500E+00 -1.05186943E+00  0.00000000E+00  1.39518359E+00  0.00000000E+00  7.04647052E-03  8.70343775E-01
 -3.39900000E-01  1.96978000E+00 -1.05444332E+00  0.00000000E+00  1.39629086E+00  0.00000000E+00  7.03493874E-03  8.76985218E-01
 -3.39900000E-01  1.97001500E+00 -1.05700635E+00  0.00000000E+00  1.39739851E+00  0.00000000E+00  7.02341650E-03  8.83651920E-01
 -3.39900000E-01  1.97025000E+00 -1.05955853E+00  0.00000000E+00  1.39850651E+00  0.00000000E+00  7.01190407E-03  8.90343893E-01
 -3.39900000E-01  1.97048500E+00 -1.06209987E+00  0.00000000E+00  1.39961480E+00  0.00000000E+00  7.00040169E-03  8.97061150E-01
 -3.39900000E-01  1.97072000E+00 -1.06463036E+00  0.00000000E+00  1.40072333E+00  0.00000000E+00  6.98890962E-03  9.03803706E-01
 -3.39900000E-01  1.97095500E+00 -1.06715001E+00  0.00000000E+00  1.40183208E+00  0.00000000E+00  6.97742810E-03  9.10571579E-01
 -3.39900000E-01  1.97119000E+00 -1.06965883E+00  0.00000000E+00  1.40294101E+00  0.00000000E+00  6.96595735E-03  9.17364789E-01
 -3.39900000E-01  1.97142500E+00 -1.07215682E+00  0.00000000E+00  1.40405010E+00  0.00000000E+00  6.95449759E-03  9.24183355E-01
 -3.39900000E-01  1.97166000E+00 -1.07464400E+00  0.00000000E+00  1.40515932E+00  0.00000000E+00  6.94304905E-03  9.31027304E-01
 -3.39900000E-01  1.97189500E+00 -1.07712038E+00  0.00000000E+00  1.40626867E+00  0.00000000E+00  6.93161192E-03  9.37896662E-01
 -3.39900000E-01  1.97213000E+00 -1.07958595E+00  0.00000000E+00  1.40737812E+00  0.00000000E+00  6.92018640E-03  9.44791457E-01
 -3.39900000E-01  1.97236500E+00 -1.08204067E+00  0.00000000E+00  1.40848744E+00  0.00000000E+00  6.90877300E-03  9.51711528E-01
 -3.39900000E-01  1.97260000E+00 -1.08448414E+00  0.00000000E+00  1.40959505E+00  0.00000000E+00  6.89737367E-03  9.58655777E-01
 -3.39900000E-01  1.97283500E+00 -1.08691679E+00  0.00000000E+00  1.41070213E+00  0.00000000E+00  6.88598676E-03  9.65625372E-01
 -3.39900000E-01  1.97307000E+00 -1.08933860E+00  0.00000000E+00  1.41180861E+00  0.00000000E+00  6.87461251E-03  9.72620300E-01
 -3.39900000E-01  1.97330500E+00 -1.09174958E+00  0.00000000E+00  1.41291440E+00  0.00000000E+00  6.86325115E-03  9.79640546E-01
 -3.39900000E-01  1.97354000E+00 -1.09414971E+00  0.00000000E+00  1.41401940E+00  0.00000000E+00  6.85190290E-03  9.86686099E-01
 -3.39900000E-01  1.97377500E+00 -1.09653900E+00  0.00000000E+00  1.41512352E+00  0.00000000E+00  6.84056799E-03  9.93756947E-01
 -3.39900000E-01  1.97401000E+00 -1.09891743E+00  0.00000000E+00  1.41622669E+00  0.00000000E+00  6.82924663E-03  1.00085308E+00
 -3.39900000E-01  1.97424500E+00 -1.10128501E+00  0.00000000E+00  1.41732883E+00  0.00000000E+00  6.81793901E-03  1.00797449E+00
 -3.39900000E-01  1.97448000E+00 -1.10364173E+00  0.00000000E+00  1.41842984E+00  0.00000000E+00  6.80664536E-03  1.01512117E+00
 -3.39900000E-01  1.97471500E+00 -1.10598759E+00  0.00000000E+00  1.41952965E+00  0.00000000E+00  6.79536584E-03  1.02229310E+00
 -3.39900000E-01  1.97495000E+00 -1.10832259E+00  0.00000000E+00  1.42062819E+00  0.00000000E+00  6.78410066E-03  1.02949029E+00
 -3.39900000E-01  1.97518500E+00 -1.11064673E+00  0.00000000E+00  1.42172538E+00  0.00000000E+00  6.77285000E-03  1.03671273E+00
 -3.39900000E-01  1.97542000E+00 -1.11296000E+00  0.00000000E+00  1.42282114E+00  0.00000000E+00  6.76161403E-03  1.04396042E+00
 -3.39900000E-01  1.97565500E+00 -1.11526240E+00  0.00000000E+00  1.42391540E+00  0.00000000E+00  6.75039292E-03  1.05123334E+00
 -3.39900000E-01  1.97589000E+00 -1.11755394E+00  0.00000000E+00  1.42500808E+00  0.00000000E+00  6.73918684E-03  1.05853150E+00
 -3.39900000E-01  1.97612500E+00 -1.11983461E+00  0.00000000E+00  1.42609913E+00  0.00000000E+00  6.72799596E-03  1.06585490E+00
 -3.39900000E-01  1.97636000E+00 -1.12210441E+00  0.00000000E+00  1.42718847E+00  0.00000000E+00  6.71682041E-03  1.07320354E+00
 -3.39900000E-01  1.97659500E+00 -1.12436334E+00  0.00000000E+00  1.42827602E+00  0.00000000E+00  6.70566036E-03  1.08057740E+00
 -3.39900000E-01  1.97683000E+00 -1.12661141E+00  0.00000000E+00  1.42936173E+00  0.00000000E+00  6.69451595E-03  1.08797650E+00
 -3.39900000E-01  1.97706500E+00 -1.12884860E+00  0.00000000E+00  1.43044553E+00  0.00000000E+00  6.68338733E-03  1.09540084E+00
 -3.39900000E-01  1.97730000E+00 -1.13107493E+00  0.00000000E+00  1.43152735E+00  0.00000000E+00  6.67227463E-03  1.10285041E+00
 -3.39900000E-01  1.97753500E+00 -1.13329039E+00  0.00000000E+00  1.43260713E+00  0.00000000E+00  6.66117798E-03  1.11032521E+00
 -3.39900000E-01  1.97777000E+00 -1.13549498E+00  0.00000000E+00  1.43368480E+00  0.00000000E+00  6.65009752E-03  1.11782525E+00
 -3.39900000E-01  1.97800500E+00 -1.13768871E+00  0.00000000E+00  1.43476031E+00  0.00000000E+00  6.63903336E-03  1.12535053E+00
 -3.39900000E-01  1.97824000E+00 -1.13987157E+00  0.00000000E+00  1.43583358E+00  0.00000000E+00  6.62798564E-03  1.13290105E+00
 -3.39900000E-01  1.97847500E+00 -1.14204356E+00  0.00000000E+00  1.43690456E+00  0.00000000E+00  6.61695447E-03  1.14047681E+00
 -3.39900000E-01  1.97871000E+00 -1.14420470E+00  0.00000000E+00  1.43797319E+00  0.00000000E+00  6.60593996E-03  1.14807782E+00
 -3.39900000E-01  1.97894500E+00 -1.14635496E+00  0.00000000E+00  1.43903940E+00  0.00000000E+00  6.59494223E-03  1.15570408E+00
 -3.39900000E-01  1.97918000E+00 -1.14849437E+00  0.00000000E+00  1.44010314E+00  0.00000000E+00  6.58396139E-03  1.16335558E+00
 -3.39900000E-01  1.97941500E+00 -1.15062291E+00  0.00000000E+00  1.44116434E+00  0.00000000E+00  6.57299754E-03  1.17103234E+00
 -3.39900000E-01  1.97965000E+00 -1.15274059E+00  0.00000000E+00  1.44222295E+00  0.00000000E+00  6.56205078E-03  1.17873435E+00
 -3.39900000E-01  1.97988500E+00 -1.15484740E+00  0.00000000E+00  1.44327890E+00  0.00000000E+00  6.55112122E-03  1.18646162E+00
 -3.39900000E-01  1.98012000E+00 -1.15694336E+00  0.00000000E+00  1.44433214E+00  0.00000000E+00  6.54020896E-03  1.19421414E+00
 -3.39900000E-01  1.98035500E+00 -1.15902846E+00  0.00000000E+00  1.44538260E+00  0.00000000E+00  6.52931408E-03  1.20199193E+00
 -3.39900000E-01  1.98059000E+00 -1.16110269E+00  0.00000000E+00  1.44643022E+00  0.00000000E+00  6.51843669E-03  1.20979497E+00
 -3.39900000E-01  1.98082500E+00 -1.16316606E+00  0.00000000E+00  1.44747495E+00  0.00000000E+00  6.50757688E-03  1.21762327E+00
 -3.39900000E-01  1.98106000E+00 -1.16521857E+00  0.00000000E+00  1.44851673E+00  0.00000000E+00  6.49673474E-03  1.22547683E+00
 -3.39900000E-01  1.98129500E+00 -1.16726022E+00  0.00000000E+00  1.44955549E+00  0.00000000E+00  6.48591035E-03  1.23335564E+00
 -3.39900000E-01  1.98153000E+00 -1.16929101E+00  0.00000000E+00  1.45059117E+00  0.00000000E+00  6.47510380E-03  1.24125971E+00
 -3.39900000E-01  1.98176500E+00 -1.17131093E+00  0.00000000E+00  1.45162371E+00  0.00000000E+00  6.46431519E-03  1.24918904E+00
 -3.39900000E-01  1.98200000E+00 -1.17331999E+00  0.00000000E+00  1.45265306E+00  0.00000000E+00  6.45354458E-03  1.25714361E+00
 -3.39900000E-01  1.98223500E+00 -1.17531819E+00  0.00000000E+00  1.45367914E+00  0.00000000E+00  6.44279208E-03  1.26512343E+00
 -3.39900000E-01  1.98247000E+00 -1.17730552E+00  0.00000000E+00  1.45470189E+00  0.00000000E+00  6.43205775E-03  1.27312849E+00
 -3.39900000E-01  1.98270500E+00 -1.17928198E+00  0.00000000E+00  1.45572125E+00  0.00000000E+00  6.42134168E-03  1.28115877E+00
 -3.39900000E-01  1.98294000E+00 -1.18124756E+00  0.00000000E+00  1.45673716E+00  0.00000000E+00  6.41064396E-03  1.28921429E+00
 -3.39900000E-01  1.98317500E+00 -1.18320228E+00  0.00000000E+00  1.45774955E+00  0.00000000E+00  6.39996465E-03  1.29729501E+00
 -3.39900000E-01  1.98341000E+00 -1.18514612E+00  0.00000000E+00  1.45875835E+00  0.00000000E+00  6.38930385E-03  1.30540094E+00
 -3.39900000E-01  1.98364500E+00 -1.18707909E+00  0.00000000E+00  1.45976350E+00  0.00000000E+00  6.37866163E-03  1.31353206E+00
 -3.39900000E-01  1.98388000E+00 -1.18900117E+00  0.00000000E+00  1.46076492E+00  0.00000000E+00  6.36803808E-03  1.32168836E+00
 -3.39900000E-01  1.98411500E+00 -1.19091238E+00  0.00000000E+00  1.46176256E+00  0.00000000E+00  6.35743326E-03  1.32986981E+00
 -3.39900000E-01  1.98435000E+00 -1.19281269E+00  0.00000000E+00  1.46275633E+00  0.00000000E+00  6.34684727E-03  1.33807641E+00
 -3.39900000E-01  1.98458500E+00 -1.19470211E+00  0.00000000E+00  1.46374617E+00  0.00000000E+00  6.33628018E-03  1.34630814E+00
 -3.39900000E-01  1.98482000E+00 -1.19658085E+00  0.00000000E+00  1.46473261E+00  0.00000000E+00  6.32573089E-03  1.35456588E+00
 -3.39900000E-01  1.98505500E+00 -1.19844879E+00  0.00000000E+00  1.46571529E+00  0.00000000E+00  6.31520002E-03  1.36284921E+00
 -3.39900000E-01  1.98529000E+00 -1.20030584E+00  0.00000000E+00  1.46669386E+00  0.00000000E+00  6.30468822E-03  1.37115764E+00
 -3.39900000E-01  1.98552500E+00 -1.20215200E+00  0.00000000E+00  1.46766828E+00  0.00000000E+00  6.29419553E-03  1.37949122E+00
 -3.39900000E-01  1.98576000E+00 -1.20398727E+00  0.00000000E+00  1.46863853E+00  0.00000000E+00  6.28372195E-03  1.38784994E+00
 -3.39900000E-01  1.98599500E+00 -1.20581166E+00  0.00000000E+00  1.46960457E+00  0.00000000E+00  6.27326750E-03  1.39623383E+00
 -3.39900000E-01  1.98623000E+00 -1.20762517E+00  0.00000000E+00  1.47056637E+00  0.00000000E+00  6.26283221E-03  1.40464291E+00
 -3.39900000E-01  1.98646500E+00 -1.20942780E+00  0.00000000E+00  1.47152388E+00  0.00000000E+00  6.25241610E-03  1.41307719E+00
 -3.39900000E-01  1.98670000E+00 -1.21121957E+00  0.00000000E+00  1.47247708E+00  0.00000000E+00  6.24201920E-03  1.42153668E+00
 -3.39900000E-01  1.98693500E+00 -1.21300046E+00  0.00000000E+00  1.47342592E+00  0.00000000E+00  6.23164152E-03  1.43002140E+00
 -3.39900000E-01  1.98717000E+00 -1.21477048E+00  0.00000000E+00  1.47437036E+00  0.00000000E+00  6.22128309E-03  1.43853134E+00
 -3.39900000E-01  1.98740500E+00 -1.21652964E+00  0.00000000E+00  1.47531036E+00  0.00000000E+00  6.21094395E-03  1.44706652E+00
 -3.39900000E-01  1.98764000E+00 -1.21827794E+00  0.00000000E+00  1.47624587E+00  0.00000000E+00  6.20062411E-03  1.45562695E+00
 -3.39900000E-01  1.98787500E+00 -1.22001537E+00  0.00000000E+00  1.47717686E+00  0.00000000E+00  6.19032360E-03  1.46421262E+00
 -3.39900000E-01  1.98811000E+00 -1.22174193E+00  0.00000000E+00  1.47810327E+00  0.00000000E+00  6.18004244E-03  1.47282354E+00
 -3.39900000E-01  1.98834500E+00 -1.22345763E+00  0.00000000E+00  1.47902506E+00  0.00000000E+00  6.16978067E-03  1.48145971E+00
 -3.39900000E-01  1.98858000E+00 -1.22516247E+00  0.00000000E+00  1.47994218E+00  0.00000000E+00  6.15953831E-03  1.49012114E+00
 -3.39900000E-01  1.98881500E+00 -1.22685645E+00  0.00000000E+00  1.48085458E+00  0.00000000E+00  6.14931539E-03  1.49880781E+00
 -3.39900000E-01  1.98905000E+00 -1.22853956E+00  0.00000000E+00  1.48176223E+00  0.00000000E+00  6.13911193E-03  1.50751975E+00
 -3.39900000E-01  1.98928500E+00 -1.23021181E+00  0.00000000E+00  1.48266507E+00  0.00000000E+00  6.12892795E-03  1.51625693E+00
 -3.39900000E-01  1.98952000E+00 -1.23187319E+00  0.00000000E+00  1.48356305E+00  0.00000000E+00  6.11876348E-03  1.52501936E+00
 -3.39900000E-01  1.98975500E+00 -1.23352371E+00  0.00000000E+00  1.48445613E+00  0.00000000E+00  6.10861855E-03  1.53380703E+00
 -3.39900000E-01  1.98999000E+00 -1.23516336E+00  0.00000000E+00  1.48534426E+00  0.00000000E+00  6.09849318E-03  1.54261995E+00
 -3.39900000E-01  1.99022500E+00 -1.23679215E+00  0.00000000E+00  1.48622739E+00  0.00000000E+00  6.08838739E-03  1.55145810E+00
 -3.39900000E-01  1.99046000E+00 -1.23841007E+00  0.00000000E+00  1.48710548E+00  0.00000000E+00  6.07830120E-03  1.56032148E+00
 -3.39900000E-01  1.99069500E+00 -1.24001712E+00  0.00000000E+00  1.48797848E+00  0.00000000E+00  6.06823462E-03  1.56921010E+00
 -3.39900000E-01  1.99093000E+00 -1.24161331E+00  0.00000000E+00  1.48884634E+00  0.00000000E+00  6.05818769E-03  1.57812394E+00
 -3.39900000E-01  1.99116500E+00 -1.24319862E+00  0.00000000E+00  1.48970903E+00  0.00000000E+00  6.04816041E-03  1.58706300E+00
 -3.39900000E-01  1.99140000E+00 -1.24477307E+00  0.00000000E+00  1.49056650E+00  0.00000000E+00  6.03815281E-03  1.59602728E+00
 -3.39900000E-01  1.99163500E+00 -1.24633664E+00  0.00000000E+00  1.49141871E+00  0.00000000E+00  6.02816488E-03  1.60501678E+00
 -3.39900000E-01  1.99187000E+00 -1.24788935E+00  0.00000000E+00  1.49226562E+00  0.00000000E+00  6.01819666E-03  1.61403149E+00
 -3.39900000E-01  1.99210500E+00 -1.24943119E+00  0.00000000E+00  1.49310718E+00  0.00000000E+00  6.00824814E-03  1.62307141E+00
 -3.39900000E-01  1.99234000E+00 -1.25096215E+00  0.00000000E+00  1.49394337E+00  0.00000000E+00  5.99831934E-03  1.63213653E+00
 -3.39900000E-01  1.99257500E+00 -1.25248225E+00  0.00000000E+00  1.49477414E+00  0.00000000E+00  5.98841026E-03  1.64122687E+00
 -3.39900000E-01  1.99281000E+00 -1.25399147E+00  0.00000000E+00  1.49559946E+00  0.00000000E+00  5.97852091E-03  1.65034241E+00
 -3.39900000E-01  1.99304500E+00 -1.25548983E+00  0.00000000E+00  1.49641931E+00  0.00000000E+00  5.96865128E-03  1.65948316E+00
 -3.39900000E-01  1.99328000E+00 -1.25697731E+00  0.00000000E+00  1.49723364E+00  0.00000000E+00  5.95880139E-03  1.66864913E+00
 -3.39900000E-01  1.99351500E+00 -1.25845393E+00  0.00000000E+00  1.49804243E+00  0.00000000E+00  5.94897121E-03  1.67784031E+00
 -3.39900000E-01  1.99375000E+00 -1.25991969E+00  0.00000000E+00  1.49884566E+00  0.00000000E+00  5.93916076E-03  1.68705672E+00
 -3.39900000E-01  1.99398500E+00 -1.26137457E+00  0.00000000E+00  1.49964330E+00  0.00000000E+00  5.92937002E-03  1.69629836E+00
 -3.39900000E-01  1.99422000E+00 -1.26281859E+00  0.00000000E+00  1.50043533E+00  0.00000000E+00  5.91959898E-03  1.70556524E+00
 -3.39900000E-01  1.99445500E+00 -1.26425175E+00  0.00000000E+00  1.50122173E+00  0.00000000E+00  5.90984763E-03  1.71485737E+00
 -3.39900000E-01  1.99469000E+00 -1.26567405E+00  0.00000000E+00  1.50200250E+00  0.00000000E+00  5.90011596E-03  1.72417477E+00
 -3.39900000E-01  1.99492500E+00 -1.26708550E+00  0.00000000E+00  1.50277760E+00  0.00000000E+00  5.89040393E-03  1.73351745E+00
 -3.39900000E-01  1.99516000E+00 -1.26848608E+00  0.00000000E+00  1.50354705E+00  0.00000000E+00  5.88071154E-03  1.74288543E+00
 -3.39900000E-01  1.99539500E+00 -1.26987582E+00  0.00000000E+00  1.50431082E+00  0.00000000E+00  5.87103875E-03  1.75227873E+00
 -3.39900000E-01  1.99563000E+00 -1.27125470E+00  0.00000000E+00  1.50506892E+00  0.00000000E+00  5.86138554E-03  1.76169738E+00
 -3.39900000E-01  1.99586500E+00 -1.27262274E+00  0.00000000E+00  1.50582134E+00  0.00000000E+00  5.85175188E-03  1.77114140E+00
 -3.39900000E-01  1.99610000E+00 -1.27397994E+00  0.00000000E+00  1.50656810E+00  0.00000000E+00  5.84213773E-03  1.78061083E+00
 -3.39900000E-01  1.99633500E+00 -1.27532629E+00  0.00000000E+00  1.50730919E+00  0.00000000E+00  5.83254305E-03  1.79010568E+00
 -3.39900000E-01  1.99657000E+00 -1.27666182E+00  0.00000000E+00  1.50804464E+00  0.00000000E+00  5.82296780E-03  1.79962602E+00
 -3.39900000E-01  1.99680500E+00 -1.27798651E+00  0.00000000E+00  1.50877444E+00  0.00000000E+00  5.81341194E-03  1.80917186E+00
 -3.39900000E-01  1.99704000E+00 -1.27930033E+00  0.00000000E+00  1.50949842E+00  0.00000000E+00  5.80387580E-03  1.81874286E+00
 -3.39900000E-01  1.99727500E+00 -1.28060306E+00  0.00000000E+00  1.51021570E+00  0.00000000E+00  5.79436088E-03  1.82833751E+00
 -3.39900000E-01  1.99751000E+00 -1.28189496E+00  0.00000000E+00  1.51092725E+00  0.00000000E+00  5.78486531E-03  1.83795766E+00
 -3.39900000E-01  1.99774500E+00 -1.28317603E+00  0.00000000E+00  1.51163302E+00  0.00000000E+00  5.77538912E-03  1.84760328E+00
 -3.39900000E-01  1.99798000E+00 -1.28444627E+00  0.00000000E+00  1.51233292E+00  0.00000000E+00  5.76593232E-03  1.85727434E+00
 -3.39900000E-01  1.99821500E+00 -1.28570566E+00  0.00000000E+00  1.51302690E+00  0.00000000E+00  5.75649494E-03  1.86697081E+00
 -3.39900000E-01  1.99845000E+00 -1.28695420E+00  0.00000000E+00  1.51371491E+00  0.00000000E+00  5.74707698E-03  1.87669267E+00
 -3.39900000E-01  1.99868500E+00 -1.28819189E+00  0.00000000E+00  1.51439689E+00  0.00000000E+00  5.73767847E-03  1.88643989E+00
 -3.39900000E-01  1.99892000E+00 -1.28941873E+00  0.00000000E+00  1.51507278E+00  0.00000000E+00  5.72829940E-03  1.89621244E+00
 -3.39900000E-01  1.99915500E+00 -1.29063471E+00  0.00000000E+00  1.51574254E+00  0.00000000E+00  5.71893978E-03  1.90601031E+00
 -3.39900000E-01  1.99939000E+00 -1.29183984E+00  0.00000000E+00  1.51640613E+00  0.00000000E+00  5.70959963E-03  1.91583348E+00
 -3.39900000E-01  1.99962500E+00 -1.29303410E+00  0.00000000E+00  1.51706349E+00  0.00000000E+00  5.70027892E-03  1.92568193E+00
 -3.39900000E-01  1.99986000E+00 -1.29421749E+00  0.00000000E+00  1.51771460E+00  0.00000000E+00  5.69097768E-03  1.93555564E+00
 -3.39900000E-01  2.00009500E+00 -1.29539002E+00  0.00000000E+00  1.51835941E+00  0.00000000E+00  5.68169588E-03  1.94545461E+00
 -3.39900000E-01  2.00033000E+00 -1.29655169E+00  0.00000000E+00  1.51899788E+00  0.00000000E+00  5.67243353E-03  1.95537881E+00
 -3.39900000E-01  2.00056500E+00 -1.29770248E+00  0.00000000E+00  1.51962998E+00  0.00000000E+00  5.66319061E-03  1.96532824E+00
 -3.39900000E-01  2.00080000E+00 -1.29884241E+00  0.00000000E+00  1.52025569E+00  0.00000000E+00  5.65396712E-03  1.97530288E+00
 -3.39900000E-01  2.00103500E+00 -1.29997147E+00  0.00000000E+00  1.52087497E+00  0.00000000E+00  5.64476304E-03  1.98530274E+00
 -3.39900000E-01  2.00127000E+00 -1.30108965E+00  0.00000000E+00  1.52148779E+00  0.00000000E+00  5.63557835E-03  1.99532780E+00
 -3.39900000E-01  2.00150500E+00 -1.30219697E+00  0.00000000E+00  1.52209412E+00  0.00000000E+00  5.62641305E-03  2.00537806E+00
 -3.39900000E-01  2.00174000E+00 -1.30329341E+00  0.00000000E+00  1.52269395E+00  0.00000000E+00  5.61726710E-03  2.01545351E+00
 -3.39900000E-01  2.00197500E+00 -1.30437899E+00  0.00000000E+00  1.52328725E+00  0.00000000E+00  5.60814050E-03  2.02555415E+00
 -3.39900000E-01  2.00221000E+00 -1.30545369E+00  0.00000000E+00  1.52387399E+00  0.00000000E+00  5.59903322E-03  2.03567999E+00
 -3.39900000E-01  2.00244500E+00 -1.30651752E+00  0.00000000E+00  1.52445416E+00  0.00000000E+00  5.58994524E-03  2.04583101E+00
 -3.39900000E-01  2.00268000E+00 -1.30757048E+00  0.00000000E+00  1.52502773E+00  0.00000000E+00  5.58087654E-03  2.05600722E+00
 -3.39900000E-01  2.00291500E+00 -1.30861257E+00  0.00000000E+00  1.52559468E+00  0.00000000E+00  5.57182708E-03  2.06620862E+00
 -3.39900000E-01  2.00315000E+00 -1.30964379E+00  0.00000000E+00  1.52615501E+00  0.00000000E+00  5.56279685E-03  2.07643521E+00
 -3.39900000E-01  2.00338500E+00 -1.31066414E+00  0.00000000E+00  1.52670868E+00  0.00000000E+00  5.55378581E-03  2.08668699E+00
 -3.39900000E-01  2.00362000E+00 -1.31167362E+00  0.00000000E+00  1.52725569E+00  0.00000000E+00  5.54479395E-03  2.09696398E+00
 -3.39900000E-01  2.00385500E+00 -1.31267223E+00  0.00000000E+00  1.52779601E+00  0.00000000E+00  5.53582123E-03  2.10726616E+00
 -3.39900000E-01  2.00409000E+00 -1.31365998E+00  0.00000000E+00  1.52832962E+00  0.00000000E+00  5.52686761E-03  2.11759354E+00
 -3.39900000E-01  2.00432500E+00 -1.31463685E+00  0.00000000E+00  1.52885652E+00  0.00000000E+00  5.51793308E-03  2.12794614E+00
 -3.39900000E-01  2.00456000E+00 -1.31560286E+00  0.00000000E+00  1.52937669E+00  0.00000000E+00  5.50901761E-03  2.13832394E+00
 -3.39900000E-01  2.00479500E+00 -1.31655801E+00  0.00000000E+00  1.52989010E+00  0.00000000E+00  5.50012115E-03  2.14872697E+00
 -3.39900000E-01  2.00503000E+00 -1.31750228E+00  0.00000000E+00  1.53039674E+00  0.00000000E+00  5.49124368E-03  2.15915521E+00
 -3.39900000E-01  2.00526500E+00 -1.31843570E+00  0.00000000E+00  1.53089659E+00  0.00000000E+00  5.48238517E-03  2.16960869E+00
 -3.39900000E-01  2.00550000E+00 -1.31935824E+00  0.00000000E+00  1.53138964E+00  0.00000000E+00  5.47354559E-03  2.18008739E+00
 -3.39900000E-01  2.00573500E+00 -1.32026993E+00  0.00000000E+00  1.53187587E+00  0.00000000E+00  5.46472491E-03  2.19059133E+00
 -3.39900000E-01  2.00597000E+00 -1.32117075E+00  0.00000000E+00  1.53235526E+00  0.00000000E+00  5.45592308E-03  2.20112052E+00
 -3.39900000E-01  2.00620500E+00 -1.32206070E+00  0.00000000E+00  1.53282778E+00  0.00000000E+00  5.44714009E-03  2.21167494E+00
 -3.39900000E-01  2.00644000E+00 -1.32293979E+00  0.00000000E+00  1.53329342E+00  0.00000000E+00  5.43837590E-03  2.22225462E+00
 -3.39900000E-01  2.00667500E+00 -1.32380802E+00  0.00000000E+00  1.53375215E+00  0.00000000E+00  5.42963048E-03  2.23285954E+00
 -3.39900000E-01  2.00691000E+00 -1.32466539E+00  0.00000000E+00  1.53420395E+00  0.00000000E+00  5.42090379E-03  2.24348972E+00
 -3.39900000E-01  2.00714500E+00 -1.32551189E+00  0.00000000E+00  1.53464880E+00  0.00000000E+00  5.41219581E-03  2.25414516E+00
 -3.39900000E-01  2.00738000E+00 -1.32634753E+00  0.00000000E+00  1.53508667E+00  0.00000000E+00  5.40350651E-03  2.26482585E+00
 -3.39900000E-01  2.00761500E+00 -1.32717230E+00  0.00000000E+00  1.53551753E+00  0.00000000E+00  5.39483586E-03  2.27553179E+00
 -3.39900000E-01  2.00785000E+00 -1.32798622E+00  0.00000000E+00  1.53594136E+00  0.00000000E+00  5.38618383E-03  2.28626299E+00
 -3.39900000E-01  2.00808500E+00 -1.32878927E+00  0.00000000E+00  1.53635811E+00  0.00000000E+00  5.37755038E-03  2.29701944E+00
 -3.39900000E-01  2.00832000E+00 -1.32958145E+00  0.00000000E+00  1.53676777E+00  0.00000000E+00  5.36893550E-03  2.30780114E+00
 -3.39900000E-01  2.00855500E+00 -1.33036278E+00  0.00000000E+00  1.53717028E+00  0.00000000E+00  5.36033916E-03  2.31860808E+00
 -3.39900000E-01  2.00879000E+00 -1.33113323E+00  0.00000000E+00  1.53756562E+00  0.00000000E+00  5.35176132E-03  2.32944026E+00
 -3.39900000E-01  2.00902500E+00 -1.33189283E+00  0.00000000E+00  1.53795375E+00  0.00000000E+00  5.34320197E-03  2.34029766E+00
 -3.39900000E-01  2.00926000E+00 -1.33264155E+00  0.00000000E+00  1.53833462E+00  0.00000000E+00  5.33466108E-03  2.35118029E+00
 -3.39900000E-01  2.00949500E+00 -1.33337939E+00  0.00000000E+00  1.53870965E+00  0.00000000E+00  5.32613896E-03  2.36208769E+00
 -3.39900000E-01  2.00973000E+00 -1.33410636E+00  0.00000000E+00  1.53907768E+00  0.00000000E+00  5.31763517E-03  2.37302039E+00
 -3.39900000E-01  2.00996500E+00 -1.33482249E+00  0.00000000E+00  1.53943800E+00  0.00000000E+00  5.30914951E-03  2.38397862E+00
 -3.39900000E-01  2.01020000E+00 -1.33552777E+00  0.00000000E+00  1.53979061E+00  0.00000000E+00  5.30068197E-03  2.39496233E+00
 -3.39900000E-01  2.01043500E+00 -1.33622220E+00  0.00000000E+00  1.54013551E+00  0.00000000E+00  5.29223255E-03  2.40597148E+00
 -3.39900000E-01  2.01067000E+00 -1.33690577E+00  0.00000000E+00  1.54047273E+00  0.00000000E+00  5.28380125E-03  2.41700606E+00
 -3.39900000E-01  2.01090500E+00 -1.33757849E+00  0.00000000E+00  1.54080230E+00  0.00000000E+00  5.27538805E-03  2.42806603E+00
 -3.39900000E-01  2.01114000E+00 -1.33824035E+00  0.00000000E+00  1.54112425E+00  0.00000000E+00  5.26699295E-03  2.43915136E+00
 -3.39900000E-01  2.01137500E+00 -1.33889135E+00  0.00000000E+00  1.54143862E+00  0.00000000E+00  5.25861592E-03  2.45026202E+00
 -3.39900000E-01  2.01161000E+00 -1.33953149E+00  0.00000000E+00  1.54174545E+00  0.00000000E+00  5.25025697E-03  2.46139800E+00
 -3.39900000E-01  2.01184500E+00 -1.34016076E+00  0.00000000E+00  1.54204476E+00  0.00000000E+00  5.24191606E-03  2.47255927E+00
 -3.39900000E-01  2.01208000E+00 -1.34077917E+00  0.00000000E+00  1.54233658E+00  0.00000000E+00  5.23359318E-03  2.48374582E+00
 -3.39900000E-01  2.01231500E+00 -1.34138672E+00  0.00000000E+00  1.54262094E+00  0.00000000E+00  5.22528831E-03  2.49495763E+00
 -3.39900000E-01  2.01255000E+00 -1.34198340E+00  0.00000000E+00  1.54289786E+00  0.00000000E+00  5.21700142E-03  2.50619468E+00
 -3.39900000E-01  2.01278500E+00 -1.34256921E+00  0.00000000E+00  1.54316733E+00  0.00000000E+00  5.20873248E-03  2.51745695E+00
 -3.39900000E-01  2.01302000E+00 -1.34314416E+00  0.00000000E+00  1.54342934E+00  0.00000000E+00  5.20048148E-03  2.52874445E+00
 -3.39900000E-01  2.01325500E+00 -1.34370824E+00  0.00000000E+00  1.54368388E+00  0.00000000E+00  5.19224839E-03  2.54005716E+00
 -3.39900000E-01  2.01349000E+00 -1.34426145E+00  0.00000000E+00  1.54393089E+00  0.00000000E+00  5.18403317E-03  2.55139507E+00
 -3.39900000E-01  2.01372500E+00 -1.34480379E+00  0.00000000E+00  1.54417032E+00  0.00000000E+00  5.17583579E-03  2.56275817E+00
 -3.39900000E-01  2.01396000E+00 -1.34533527E+00  0.00000000E+00  1.54440209E+00  0.00000000E+00  5.16765623E-03  2.57414646E+00
 -3.39900000E-01  2.01419500E+00 -1.34585587E+00  0.00000000E+00  1.54462610E+00  0.00000000E+00  5.15949445E-03  2.58555993E+00
 -3.39900000E-01  2.01443000E+00 -1.34636561E+00  0.00000000E+00  1.54484220E+00  0.00000000E+00  5.15135041E-03  2.59699859E+00
 -3.39900000E-01  2.01466500E+00 -1.34686448E+00  0.00000000E+00  1.54505025E+00  0.00000000E+00  5.14322408E-03  2.60846244E+00
 -3.39900000E-01  2.01490000E+00 -1.34735248E+00  0.00000000E+00  1.54525005E+00  0.00000000E+00  5.13511543E-03  2.61995146E+00
 -3.39900000E-01  2.01513500E+00 -1.34782962E+00  0.00000000E+00  1.54544139E+00  0.00000000E+00  5.12702442E-03  2.63146566E+00
 -3.39900000E-01  2.01537000E+00 -1.34829589E+00  0.00000000E+00  1.54562401E+00  0.00000000E+00  5.11895101E-03  2.64300505E+00
 -3.39900000E-01  2.01560500E+00 -1.34875129E+00  0.00000000E+00  1.54579762E+00  0.00000000E+00  5.11089516E-03  2.65456962E+00
 -3.39900000E-01  2.01584000E+00 -1.34919582E+00  0.00000000E+00  1.54596189E+00  0.00000000E+00  5.10285683E-03  2.66615938E+00
 -3.39900000E-01  2.01607500E+00 -1.34962949E+00  0.00000000E+00  1.54611646E+00  0.00000000E+00  5.09483599E-03  2.67777433E+00
 -3.39900000E-01  2.01631000E+00 -1.35005230E+00  0.00000000E+00  1.54626092E+00  0.00000000E+00  5.08683260E-03  2.68941448E+00
 -3.39900000E-01  2.01654500E+00 -1.35046423E+00  0.00000000E+00  1.54639480E+00  0.00000000E+00  5.07884661E-03  2.70107983E+00
 -3.39900000E-01  2.01678000E+00 -1.35086530E+00  0.00000000E+00  1.54651762E+00  0.00000000E+00  5.07087799E-03  2.71277039E+00
 -3.39900000E-01  2.01701500E+00 -1.35125551E+00  0.00000000E+00  1.54662881E+00  0.00000000E+00  5.06292669E-03  2.72448616E+00
 -3.39900000E-01  2.01725000E+00 -1.35163485E+00  0.00000000E+00  1.54672777E+00  0.00000000E+00  5.05499268E-03  2.73622714E+00
 -3.39900000E-01  2.01748500E+00 -1.35200333E+00  0.00000000E+00  1.54681386E+00  0.00000000E+00  5.04707592E-03  2.74799335E+00
 -3.39900000E-01  2.01772000E+00 -1.35236094E+00  0.00000000E+00  1.54688636E+00  0.00000000E+00  5.03917636E-03  2.75978478E+00
 -3.39900000E-01  2.01795500E+00 -1.35270769E+00  0.00000000E+00  1.54694450E+00  0.00000000E+00  5.03129397E-03  2.77160145E+00
 -3.39900000E-01  2.01819000E+00 -1.35304358E+00  0.00000000E+00  1.54698746E+00  0.00000000E+00  5.02342870E-03  2.78344336E+00
 -3.39900000E-01  2.01842500E+00 -1.35336860E+00  0.00000000E+00  1.54701435E+00  0.00000000E+00  5.01558051E-03  2.79531051E+00
 -3.39900000E-01  2.01866000E+00 -1.35368275E+00  0.00000000E+00  1.54702422E+00  0.00000000E+00  5.00774937E-03  2.80720290E+00
 -3.39900000E-01  2.01889500E+00 -1.35398605E+00  0.00000000E+00  1.54701604E+00  0.00000000E+00  4.99993524E-03  2.81912055E+00
 -3.39900000E-01  2.01913000E+00 -1.35427848E+00  0.00000000E+00  1.54698875E+00  0.00000000E+00  4.99213807E-03  2.83106345E+00
 -3.39900000E-01  2.01936500E+00 -1.35456004E+00  0.00000000E+00  1.54694118E+00  0.00000000E+00  4.98435783E-03  2.84303160E+00
 -3.39900000E-01  2.01960000E+00 -1.35483075E+00  0.00000000E+00  1.54687210E+00  0.00000000E+00  4.97659449E-03  2.85502502E+00
 -3.39900000E-01  2.01983500E+00 -1.35509059E+00  0.00000000E+00  1.54678022E+00  0.00000000E+00  4.96884799E-03  2.86704368E+00
 -3.39900000E-01  2.02007000E+00 -1.35533956E+00  0.00000000E+00  1.54666416E+00  0.00000000E+00  4.96111832E-03  2.87908761E+00
 -3.39900000E-01  2.02030500E+00 -1.35557767E+00  0.00000000E+00  1.54652246E+00  0.00000000E+00  4.95340543E-03  2.89115679E+00
 -3.39900000E-01  2.02054000E+00 -1.35580492E+00  0.00000000E+00  1.54635358E+00  0.00000000E+00  4.94570929E-03  2.90325122E+00
 -3.39900000E-01  2.02077500E+00 -1.35602131E+00  0.00000000E+00  1.54615591E+00  0.00000000E+00  4.93802986E-03  2.91537089E+00
 -3.39900000E-01  2.02101000E+00 -1.35622683E+00  0.00000000E+00  1.54592775E+00  0.00000000E+00  4.93036711E-03  2.92751581E+00
 -3.39900000E-01  2.02124500E+00 -1.35642148E+00  0.00000000E+00  1.54566730E+00  0.00000000E+00  4.92272101E-03  2.93968595E+00
 -3.39900000E-01  2.02148000E+00 -1.35660528E+00  0.00000000E+00  1.54537269E+00  0.00000000E+00  4.91509153E-03  2.95188131E+00
 -3.39900000E-01  2.02171500E+00 -1.35678240E+00  0.00000000E+00  1.54506533E+00  0.00000000E+00  4.90774195E-03  2.96362954E+00
 -3.39900000E-01  2.02195000E+00 -1.35695929E+00  0.00000000E+00  1.54472286E+00  0.00000000E+00  4.90100587E-03  2.97432679E+00
 -3.39900000E-01  2.02218500E+00 -1.35711713E+00  0.00000000E+00  1.54421188E+00  0.00000000E+00  4.89371714E-03  2.98606594E+00
 -3.39900000E-01  2.02242000E+00 -1.35725744E+00  0.00000000E+00  1.54355225E+00  0.00000000E+00  4.88604197E-03  2.99855421E+00
 -3.39900000E-01  2.02265500E+00 -1.35738166E+00  0.00000000E+00  1.54276267E+00  0.00000000E+00  4.87813038E-03  3.01152703E+00
 -3.39900000E-01  2.02289000E+00 -1.35749116E+00  0.00000000E+00  1.54186068E+00  0.00000000E+00  4.87011684E-03  3.02474688E+00
 -3.39900000E-01  2.02312500E+00 -1.35758722E+00  0.00000000E+00  1.54086268E+00  0.00000000E+00  4.86212096E-03  3.03800219E+00
 -3.39900000E-01  2.02336000E+00 -1.35767106E+00  0.00000000E+00  1.53978398E+00  0.00000000E+00  4.85424809E-03  3.05110616E+00
 -3.39900000E-01  2.02359500E+00 -1.35774382E+00  0.00000000E+00  1.53863886E+00  0.00000000E+00  4.84659002E-03  3.06389565E+00
 -3.39900000E-01  2.02383000E+00 -1.35780656E+00  0.00000000E+00  1.53744055E+00  0.00000000E+00  4.83922562E-03  3.07623007E+00
 -3.39900000E-01  2.02406500E+00 -1.35786028E+00  0.00000000E+00  1.53620130E+00  0.00000000E+00  4.83222146E-03  3.08799023E+00
 -3.39900000E-01  2.02430000E+00 -1.35790592E+00  0.00000000E+00  1.53493240E+00  0.00000000E+00  4.82563246E-03  3.09907727E+00
 -3.39900000E-01  2.02453500E+00 -1.35794436E+00  0.00000000E+00  1.53364422E+00  0.00000000E+00  4.81950256E-03  3.10941152E+00
 -3.39900000E-01  2.02477000E+00 -1.35797639E+00  0.00000000E+00  1.53234625E+00  0.00000000E+00  4.81386533E-03  3.11893138E+00
 -3.39900000E-01  2.02500500E+00 -1.35800279E+00  0.00000000E+00  1.53104709E+00  0.00000000E+00  4.80874461E-03  3.12759225E+00
 -3.39900000E-01  2.02524000E+00 -1.35802423E+00  0.00000000E+00  1.52975453E+00  0.00000000E+00  4.80415516E-03  3.13536538E+00
 -3.39900000E-01  2.02547500E+00 -1.35804135E+00  0.00000000E+00  1.52847556E+00  0.00000000E+00  4.80010332E-03  3.14223679E+00
 -3.39900000E-01  2.02571000E+00 -1.35805476E+00  0.00000000E+00  1.52721642E+00  0.00000000E+00  4.79658759E-03  3.14820616E+00
 -3.39900000E-01  2.02594500E+00 -1.35806497E+00  0.00000000E+00  1.52598259E+00  0.00000000E+00  4.79359934E-03  3.15328570E+00
 -3.39900000E-01  2.02618000E+00 -1.35807248E+00  0.00000000E+00  1.52477888E+00  0.00000000E+00  4.79112337E-03  3.15749908E+00
 -3.39900000E-01  2.02641500E+00 -1.35807773E+00  0.00000000E+00  1.52360941E+00  0.00000000E+00  4.78913863E-03  3.16088032E+00
 -3.39900000E-01  2.02665000E+00 -1.35808112E+00  0.00000000E+00  1.52247767E+00  0.00000000E+00  4.78761880E-03  3.16347262E+00
 -3.39900000E-01  2.02688500E+00 -1.35808300E+00  0.00000000E+00  1.52138656E+00  0.00000000E+00  4.78653295E-03  3.16532735E+00
 -3.39900000E-01  2.02712000E+00 -1.35808368E+00  0.00000000E+00  1.52033839E+00  0.00000000E+00  4.78584619E-03  3.16650287E+00
 -3.39900000E-01  2.02735500E+00 -1.35808345E+00  0.00000000E+00  1.51933492E+00  0.00000000E+00  4.78552028E-03  3.16706344E+00
 -3.39900000E-01  2.02759000E+00 -1.35808255E+00  0.00000000E+00  1.51837743E+00  0.00000000E+00  4.78551430E-03  3.16707812E+00
 -3.39900000E-01  2.02782500E+00 -1.35808117E+00  0.00000000E+00  1.51746671E+00  0.00000000E+00  4.78578529E-03  3.16661967E+00
 -3.39900000E-01  2.02806000E+00 -1.35807951E+00  0.00000000E+00  1.51660310E+00  0.00000000E+00  4.78628885E-03  3.16576340E+00
 -3.39900000E-01  2.02829500E+00 -1.35807771E+00  0.00000000E+00  1.51578652E+00  0.00000000E+00  4.78697985E-03  3.16458609E+00
 -3.39900000E-01  2.02853000E+00 -1.35807589E+00  0.00000000E+00  1.51501654E+00  0.00000000E+00  4.78781299E-03  3.16316489E+00
 -3.39900000E-01  2.02876500E+00 -1.35807413E+00  0.00000000E+00  1.51429235E+00  0.00000000E+00  4.78874350E-03  3.16157618E+00
 -3.39900000E-01  2.02900000E+00 -1.35807252E+00  0.00000000E+00  1.51361283E+00  0.00000000E+00  4.78972778E-03  3.15989449E+00
 -3.39900000E-01  2.02923500E+00 -1.35807111E+00  0.00000000E+00  1.51297659E+00  0.00000000E+00  4.79072398E-03  3.15819135E+00
 -3.39900000E-01  2.02947000E+00 -1.35806993E+00  0.00000000E+00  1.51238197E+00  0.00000000E+00  4.79169273E-03  3.15653423E+00
 -3.39900000E-01  2.02970500E+00 -1.35806899E+00  0.00000000E+00  1.51182709E+00  0.00000000E+00  4.79259769E-03  3.15498540E+00
 -3.39900000E-01  2.02994000E+00 -1.35806830E+00  0.00000000E+00  1.51130990E+00  0.00000000E+00  4.79340627E-03  3.15360081E+00
 -3.39900000E-01  2.03017500E+00 -1.35806784E+00  0.00000000E+00  1.51082817E+00  0.00000000E+00  4.79409021E-03  3.15242902E+00
 -3.39900000E-01  2.03041000E+00 -1.35806760E+00  0.00000000E+00  1.51037956E+00  0.00000000E+00  4.79462625E-03  3.15151006E+00
 -3.39900000E-01  2.03064500E+00 -1.35806755E+00  0.00000000E+00  1.50996163E+00  0.00000000E+00  4.79499676E-03  3.15087432E+00
 -3.39900000E-01  2.03088000E+00 -1.35806765E+00  0.00000000E+00  1.50957188E+00  0.00000000E+00  4.79519038E-03  3.15054148E+00
 -3.39900000E-01  2.03111500E+00 -1.35806786E+00  0.00000000E+00  1.50920779E+00  0.00000000E+00  4.79520267E-03  3.15051935E+00
 -3.39900000E-01  2.03135000E+00 -1.35806814E+00  0.00000000E+00  1.50886683E+00  0.00000000E+00  4.79503673E-03  3.15080281E+00
 -3.39900000E-01  2.03158500E+00 -1.35806846E+00  0.00000000E+00  1.50854651E+00  0.00000000E+00  4.79470385E-03  3.15137267E+00
 -3.39900000E-01  2.03182000E+00 -1.35806877E+00  0.00000000E+00  1.50824442E+00  0.00000000E+00  4.79422416E-03  3.15219456E+00
 -3.39900000E-01  2.03205500E+00 -1.35806905E+00  0.00000000E+00  1.50795823E+00  0.00000000E+00  4.79362724E-03  3.15321786E+00
 -3.39900000E-01  2.03229000E+00 -1.35806926E+00  0.00000000E+00  1.50768575E+00  0.00000000E+00  4.79295279E-03  3.15437452E+00
 -3.39900000E-01  2.03252500E+00 -1.35806940E+00  0.00000000E+00  1.50742495E+00  0.00000000E+00  4.79225128E-03  3.15557803E+00
 -3.39900000E-01  2.03276000E+00 -1.35806946E+00  0.00000000E+00  1.50717401E+00  0.00000000E+00  4.79158456E-03  3.15672224E+00
 -3.39900000E-01  2.03299500E+00 -1.35806944E+00  0.00000000E+00  1.50693132E+00  0.00000000E+00  4.79102652E-03  3.15768024E+00
 -3.39900000E-01  2.03323000E+00 -1.35806936E+00  0.00000000E+00  1.50669553E+00  0.00000000E+00  4.79066376E-03  3.15830329E+00
 -3.39900000E-01  2.03346500E+00 -1.35806928E+00  0.00000000E+00  1.50646558E+00  0.00000000E+00  4.79059621E-03  3.15841965E+00
 -3.39900000E-01  2.03370000E+00 -1.35806925E+00  0.00000000E+00  1.50624075E+00  0.00000000E+00  4.79093780E-03  3.15783344E+00
 -3.39900000E-01  2.03393500E+00 -1.35806935E+00  0.00000000E+00  1.50602067E+00  0.00000000E+00  4.79181713E-03  3.15632354E+00
 -3.39900000E-01  2.03417000E+00 -1.35806941E+00  0.00000000E+00  1.50581153E+00  0.00000000E+00  4.79217371E-03  3.15571113E+00
 -3.39900000E-01  2.03440500E+00 -1.35806941E+00  0.00000000E+00  1.50560962E+00  0.00000000E+00  4.79217371E-03  3.15571113E+00
 -3.39900000E-01  2.03464000E+00 -1.35806941E+00  0.00000000E+00  1.50541242E+00  0.00000000E+00  4.79217371E-03  3.15571113E+00
 -3.39900000E-01  2.03487500E+00 -1.35806941E+00  0.00000000E+00  1.50521977E+00  0.00000000E+00  4.79217371E-03  3.15571113E+00
 -3.39900000E-01  2.03511000E+00 -1.35806941E+00  0.00000000E+00  1.50503152E+00  0.00000000E+00  4.79217371E-03  3.15571113E+00
 -3.39900000E-01  2.03534500E+00 -1.35806941E+00  0.00000000E+00  1.50484751E+00  0.00000000E+00  4.79217371E-03  3.15571113E+00
 -3.39900000E-01  2.03558000E+00 -1.35806941E+00  0.00000000E+00  1.50466760E+00  0.00000000E+00  4.79217371E-03  3.15571113E+00
 -3.39900000E-01  2.03581500E+00 -1.35806941E+00  0.00000000E+00  1.50449168E+00  0.00000000E+00  4.79217371E-03  3.15571113E+00
 -3.39900000E-01  2.03605000E+00 -1.35806941E+00  0.00000000E+00  1.50431960E+00  0.00000000E+00  4.79217371E-03  3.15571113E+00
 -3.39900000E-01  2.03628500E+00 -1.35806941E+00  0.00000000E+00  1.50415127E+00  0.00000000E+00  4.79217371E-03  3.15571113E+00
 -3.39900000E-01  2.03652000E+00 -1.35806941E+00  0.00000000E+00  1.50398657E+00  0.00000000E+00  4.79217371E-03  3.15571113E+00
 -3.39900000E-01  2.03675500E+00 -1.35806941E+00  0.00000000E+00  1.50382541E+00  0.00000000E+00  4.79217371E-03  3.15571113E+00
 -3.39900000E-01  2.03699000E+00 -1.35806941E+00  0.00000000E+00  1.50366768E+00  0.00000000E+00  4.79217371E-03  3.15571113E+00
 -3.39900000E-01  2.03722500E+00 -1.35806941E+00  0.00000000E+00  1.50351330E+00  0.00000000E+00  4.79217371E-03  3.15571113E+00
 -3.39900000E-01  2.03746000E+00 -1.35806941E+00  0.00000000E+00  1.50336219E+00  0.00000000E+00  4.79217371E-03  3.15571113E+00
 -3.39900000E-01  2.03769500E+00 -1.35806941E+00  0.00000000E+00  1.50321428E+00  0.00000000E+00  4.79217371E-03  3.15571113E+00
 -3.39900000E-01  2.03793000E+00 -1.35806941E+00  0.00000000E+00  1.50306950E+00  0.00000000E+00  4.79217371E-03  3.15571113E+00
 -3.39900000E-01  2.03816500E+00 -1.35806941E+00  0.00000000E+00  1.50292778E+00  0.00000000E+00  4.79217371E-03  3.15571113E+00
 -3.39900000E-01  2.03840000E+00 -1.35806941E+00  0.00000000E+00  1.50278907E+00  0.00000000E+00  4.79217371E-03  3.15571113E+00
 -3.39900000E-01  2.03863500E+00 -1.35806941E+00  0.00000000E+00  1.50265331E+00  0.00000000E+00  4.79217371E-03  3.15571113E+00
 -3.39900000E-01  2.03887000E+00 -1.35806941E+00  0.00000000E+00  1.50252045E+00  0.00000000E+00  4.79217371E-03  3.15571113E+00
 -3.39900000E-01  2.03910500E+00 -1.35806941E+00  0.00000000E+00  1.50239045E+00  0.00000000E+00  4.79217371E-03  3.15571113E+00
 -3.39900000E-01  2.03934000E+00 -1.35806941E+00  0.00000000E+00  1.50226327E+00  0.00000000E+00  4.79217371E-03  3.15571113E+00
 -3.39900000E-01  2.03957500E+00 -1.35806941E+00  0.00000000E+00  1.50213887E+00  0.00000000E+00  4.79217371E-03  3.15571113E+00
 -3.39900000E-01  2.03981000E+00 -1.35806941E+00  0.00000000E+00  1.50201722E+00  0.00000000E+00  4.79217371E-03  3.15571113E+00
 -3.39900000E-01  2.04004500E+00 -1.35806941E+00  0.00000000E+00  1.50189829E+00  0.00000000E+00  4.79217371E-03  3.15571113E+00
 -3.39900000E-01  2.04028000E+00 -1.35806941E+00  0.00000000E+00  1.50178206E+00  0.00000000E+00  4.79217371E-03  3.15571113E+00
 -3.39900000E-01  2.04051500E+00 -1.35806941E+00  0.00000000E+00  1.50166849E+00  0.00000000E+00  4.79217371E-03  3.15571113E+00
 -3.39900000E-01  2.04075000E+00 -1.35806941E+00  0.00000000E+00  1.50155758E+00  0.00000000E+00  4.79217371E-03  3.15571113E+00
 -3.39900000E-01  2.04098500E+00 -1.35806941E+00  0.00000000E+00  1.50144929E+00  0.00000000E+00  4.79217371E-03  3.15571113E+00
 -3.39900000E-01  2.04122000E+00 -1.35806941E+00  0.00000000E+00  1.50134362E+00  0.00000000E+00  4.79217371E-03  3.15571113E+00
 -3.39900000E-01  2.04145500E+00 -1.35806941E+00  0.00000000E+00  1.50124054E+00  0.00000000E+00  4.79217371E-03  3.15571113E+00
 -3.39900000E-01  2.04169000E+00 -1.35806941E+00  0.00000000E+00  1.50114005E+00  0.00000000E+00  4.79217371E-03  3.15571113E+00
 -3.39900000E-01  2.04192500E+00 -1.35806941E+00  0.00000000E+00  1.50104213E+00  0.00000000E+00  4.79217371E-03  3.15571113E+00
 -3.39900000E-01  2.04216000E+00 -1.35806941E+00  0.00000000E+00  1.50094677E+00  0.00000000E+00  4.79217371E-03  3.15571113E+00
 -3.39900000E-01  2.04239500E+00 -1.35806941E+00  0.00000000E+00  1.50085396E+00  0.00000000E+00  4.79217371E-03  3.15571113E+00
 -3.39900000E-01  2.04263000E+00 -1.35806941E+00  0.00000000E+00  1.50076368E+00  0.00000000E+00  4.79217371E-03  3.15571113E+00
 -3.39900000E-01  2.04286500E+00 -1.35806941E+00  0.00000000E+00  1.50067593E+00  0.00000000E+00  4.79217371E-03  3.15571113E+00
 -3.39900000E-01  2.04310000E+00 -1.35806941E+00  0.00000000E+00  1.50059070E+00  0.00000000E+00  4.79217371E-03  3.15571113E+00
 -3.39900000E-01  2.04333500E+00 -1.35806941E+00  0.00000000E+00  1.50050797E+00  0.00000000E+00  4.79217371E-03  3.15571113E+00
 -3.39900000E-01  2.04357000E+00 -1.35806941E+00  0.00000000E+00  1.50042774E+00  0.00000000E+00  4.79217371E-03  3.15571113E+00
 -3.39900000E-01  2.04380500E+00 -1.35806941E+00  0.00000000E+00  1.50034998E+00  0.00000000E+00  4.79217371E-03  3.15571113E+00
 -3.39900000E-01  2.04404000E+00 -1.35806941E+00  0.00000000E+00  1.50027469E+00  0.00000000E+00  4.79217371E-03  3.15571113E+00
 -3.39900000E-01  2.04427500E+00 -1.35806941E+00  0.00000000E+00  1.50020185E+00  0.00000000E+00  4.79217371E-03  3.15571113E+00
 -3.39900000E-01  2.04451000E+00 -1.35806941E+00  0.00000000E+00  1.50013144E+00  0.00000000E+00  4.79217371E-03  3.15571113E+00
 -3.39900000E-01  2.04474500E+00 -1.35806941E+00  0.00000000E+00  1.50006344E+00  0.00000000E+00  4.79217371E-03  3.15571113E+00
 -3.39900000E-01  2.04498000E+00 -1.35806941E+00  0.00000000E+00  1.49999782E+00  0.00000000E+00  4.79217371E-03  3.15571113E+00
 -3.39900000E-01  2.04521500E+00 -1.35806941E+00  0.00000000E+00  1.49993458E+00  0.00000000E+00  4.79217371E-03  3.15571113E+00
 -3.39900000E-01  2.04545000E+00 -1.35806941E+00  0.00000000E+00  1.49987367E+00  0.00000000E+00  4.79217371E-03  3.15571113E+00
 -3.39900000E-01  2.04568500E+00 -1.35806941E+00  0.00000000E+00  1.49981506E+00  0.00000000E+00  4.79217371E-03  3.15571113E+00
 -3.39900000E-01  2.04592000E+00 -1.35806941E+00  0.00000000E+00  1.49975872E+00  0.00000000E+00  4.79217371E-03  3.15571113E+00
 -3.39900000E-01  2.04615500E+00 -1.35806941E+00  0.00000000E+00  1.49970462E+00  0.00000000E+00  4.79217371E-03  3.15571113E+00
 -3.39900000E-01  2.04639000E+00 -1.35806941E+00  0.00000000E+00  1.49965272E+00  0.00000000E+00  4.79217371E-03  3.15571113E+00
 -3.39900000E-01  2.04662500E+00 -1.35806941E+00  0.00000000E+00  1.49960305E+00  0.00000000E+00  4.79217371E-03  3.15571113E+00
 -3.39900000E-01  2.04686000E+00 -1.35806941E+00  0.00000000E+00  1.49955561E+00  0.00000000E+00  4.79217371E-03  3.15571113E+00
 -3.39900000E-01  2.04709500E+00 -1.35806941E+00  0.00000000E+00  1.49951039E+00  0.00000000E+00  4.79217371E-03  3.15571113E+00
 -3.39900000E-01  2.04733000E+00 -1.35806941E+00  0.00000000E+00  1.49946736E+00  0.00000000E+00  4.79217371E-03  3.15571113E+00
 -3.39900000E-01  2.04756500E+00 -1.35806941E+00  0.00000000E+00  1.49942652E+00  0.00000000E+00  4.79217371E-03  3.15571113E+00
 -3.39900000E-01  2.04780000E+00 -1.35806941E+00  0.00000000E+00  1.49938785E+00  0.00000000E+00  4.79217371E-03  3.15571113E+00
 -3.39900000E-01  2.04803500E+00 -1.35806941E+00  0.00000000E+00  1.49935134E+00  0.00000000E+00  4.79217371E-03  3.15571113E+00
 -3.39900000E-01  2.04827000E+00 -1.35806941E+00  0.00000000E+00  1.49931697E+00  0.00000000E+00  4.79217371E-03  3.15571113E+00
 -3.39900000E-01  2.04850500E+00 -1.35806941E+00  0.00000000E+00  1.49928473E+00  0.00000000E+00  4.79217371E-03  3.15571113E+00
 -3.39900000E-01  2.04874000E+00 -1.35806941E+00  0.00000000E+00  1.49925462E+00  0.00000000E+00  4.79217371E-03  3.15571113E+00
 -3.39900000E-01  2.04897500E+00 -1.35806941E+00  0.00000000E+00  1.49922662E+00  0.00000000E+00  4.79217371E-03  3.15571113E+00
 -3.39900000E-01  2.04921000E+00 -1.35806941E+00  0.00000000E+00  1.49920073E+00  0.00000000E+00  4.79217371E-03  3.15571113E+00
 -3.39900000E-01  2.04944500E+00 -1.35806941E+00  0.00000000E+00  1.49917692E+00  0.00000000E+00  4.79217371E-03  3.15571113E+00
 -3.39900000E-01  2.04968000E+00 -1.35806941E+00  0.00000000E+00  1.49915521E+00  0.00000000E+00  4.79217371E-03  3.15571113E+00
 -3.39900000E-01  2.04991500E+00 -1.35806941E+00  0.00000000E+00  1.49913557E+00  0.00000000E+00  4.79217371E-03  3.15571113E+00
 -3.39900000E-01  2.05015000E+00 -1.35806941E+00  0.00000000E+00  1.49911800E+00  0.00000000E+00  4.79217371E-03  3.15571113E+00
 -3.39900000E-01  2.05038500E+00 -1.35806941E+00  0.00000000E+00  1.49910250E+00  0.00000000E+00  4.79217371E-03  3.15571113E+00
 -3.39900000E-01  2.05062000E+00 -1.35806941E+00  0.00000000E+00  1.49908905E+00  0.00000000E+00  4.79217371E-03  3.15571113E+00
 -3.39900000E-01  2.05085500E+00 -1.35806941E+00  0.00000000E+00  1.49907766E+00  0.00000000E+00  4.79217371E-03  3.15571113E+00
 -3.39900000E-01  2.05109000E+00 -1.35806941E+00  0.00000000E+00  1.49906831E+00  0.00000000E+00  4.79217371E-03  3.15571113E+00
 -3.39900000E-01  2.05132500E+00 -1.35806941E+00  0.00000000E+00  1.49906101E+00  0.00000000E+00  4.79217371E-03  3.15571113E+00
 -3.39900000E-01  2.05156000E+00 -1.35806941E+00  0.00000000E+00  1.49905575E+00  0.00000000E+00  4.79217371E-03  3.15571113E+00
 -3.39900000E-01  2.05179500E+00 -1.35806941E+00  0.00000000E+00  1.49905253E+00  0.00000000E+00  4.79217371E-03  3.15571113E+00
 -3.39900000E-01  2.05203000E+00 -1.35806941E+00  0.00000000E+00  1.49905135E+00  0.00000000E+00  4.79217371E-03  3.15571113E+00
 -3.39900000E-01  2.05226500E+00 -1.35806941E+00  0.00000000E+00  1.49905220E+00  0.00000000E+00  4.79217371E-03  3.15571113E+00
 -3.39900000E-01  2.05250000E+00 -1.35806941E+00  0.00000000E+00  1.49905508E+00  0.00000000E+00  4.79217371E-03  3.15571113E+00
 -3.39900000E-01  2.05273500E+00 -1.35806941E+00  0.00000000E+00  1.49906000E+00  0.00000000E+00  4.79217371E-03  3.15571113E+00
 -3.39900000E-01  2.05297000E+00 -1.35806941E+00  0.00000000E+00  1.49906695E+00  0.00000000E+00  4.79217371E-03  3.15571113E+00
 -3.39900000E-01  2.05320500E+00 -1.35806941E+00  0.00000000E+00  1.49907593E+00  0.00000000E+00  4.79217371E-03  3.15571113E+00
 -3.39900000E-01  2.05344000E+00 -1.35806941E+00  0.00000000E+00  1.49908695E+00  0.00000000E+00  4.79217371E-03  3.15571113E+00
 -3.39900000E-01  2.05367500E+00 -1.35806941E+00  0.00000000E+00  1.49910002E+00  0.00000000E+00  4.79217371E-03  3.15571113E+00
 -3.39900000E-01  2.05391000E+00 -1.35806941E+00  0.00000000E+00  1.49911512E+00  0.00000000E+00  4.79217371E-03  3.15571113E+00
 -3.39900000E-01  2.05414500E+00 -1.35806941E+00  0.00000000E+00  1.49913227E+00  0.00000000E+00  4.79217371E-03  3.15571113E+00
 -3.39900000E-01  2.05438000E+00 -1.35806941E+00  0.00000000E+00  1.49915147E+00  0.00000000E+00  4.79217371E-03  3.15571113E+00
 -3.39900000E-01  2.05461500E+00 -1.35806941E+00  0.00000000E+00  1.49917273E+00  0.00000000E+00  4.79217371E-03  3.15571113E+00
 -3.39900000E-01  2.05485000E+00 -1.35806941E+00  0.00000000E+00  1.49919605E+00  0.00000000E+00  4.79217371E-03  3.15571113E+00
 -3.39900000E-01  2.05508500E+00 -1.35806941E+00  0.00000000E+00  1.49922143E+00  0.00000000E+00  4.79217371E-03  3.15571113E+00
 -3.39900000E-01  2.05532000E+00 -1.35806941E+00  0.00000000E+00  1.49924889E+00  0.00000000E+00  4.79217371E-03  3.15571113E+00
 -3.39900000E-01  2.05555500E+00 -1.35806941E+00  0.00000000E+00  1.49927843E+00  0.00000000E+00  4.79217371E-03  3.15571113E+00
 -3.39900000E-01  2.05579000E+00 -1.35806941E+00  0.00000000E+00  1.49931006E+00  0.00000000E+00  4.79217371E-03  3.15571113E+00
 -3.39900000E-01  2.05602500E+00 -1.35806941E+00  0.00000000E+00  1.49934379E+00  0.00000000E+00  4.79217371E-03  3.15571113E+00
 -3.39900000E-01  2.05626000E+00 -1.35806941E+00  0.00000000E+00  1.49937962E+00  0.00000000E+00  4.79217371E-03  3.15571113E+00
 -3.39900000E-01  2.05649500E+00 -1.35806941E+00  0.00000000E+00  1.49941758E+00  0.00000000E+00  4.79217371E-03  3.15571113E+00
 -3.39900000E-01  2.05673000E+00 -1.35806941E+00  0.00000000E+00  1.49945766E+00  0.00000000E+00  4.79217371E-03  3.15571113E+00
 -3.39900000E-01  2.05696500E+00 -1.35806941E+00  0.00000000E+00  1.49949988E+00  0.00000000E+00  4.79217371E-03  3.15571113E+00
 -3.39900000E-01  2.05720000E+00 -1.35806941E+00  0.00000000E+00  1.49954425E+00  0.00000000E+00  4.79217371E-03  3.15571113E+00
 -3.39900000E-01  2.05743500E+00 -1.35806941E+00  0.00000000E+00  1.49959079E+00  0.00000000E+00  4.79217371E-03  3.15571113E+00
 -3.39900000E-01  2.05767000E+00 -1.35806941E+00  0.00000000E+00  1.49963950E+00  0.00000000E+00  4.79217371E-03  3.15571113E+00
 -3.39900000E-01  2.05790500E+00 -1.35806941E+00  0.00000000E+00  1.49969041E+00  0.00000000E+00  4.79217371E-03  3.15571113E+00
 -3.39900000E-01  2.05814000E+00 -1.35806941E+00  0.00000000E+00  1.49974352E+00  0.00000000E+00  4.79217371E-03  3.15571113E+00
 -3.39900000E-01  2.05837500E+00 -1.35806941E+00  0.00000000E+00  1.49979885E+00  0.00000000E+00  4.79217371E-03  3.15571113E+00
 -3.39900000E-01  2.05861000E+00 -1.35806941E+00  0.00000000E+00  1.49985642E+00  0.00000000E+00  4.79217371E-03  3.15571113E+00
 -3.39900000E-01  2.05884500E+00 -1.35806941E+00  0.00000000E+00  1.49991623E+00  0.00000000E+00  4.79217371E-03  3.15571113E+00
 -3.39900000E-01  2.05908000E+00 -1.35806941E+00  0.00000000E+00  1.49997825E+00  0.00000000E+00  4.79217371E-03  3.15571113E+00
 -3.39900000E-01  2.05931500E+00 -1.35806941E+00  0.00000000E+00  1.50004251E+00  0.00000000E+00  4.79217371E-03  3.15571113E+00
 -3.39900000E-01  2.05955000E+00 -1.35806941E+00  0.00000000E+00  1.50010905E+00  0.00000000E+00  4.79217371E-03  3.15571113E+00
 -3.39900000E-01  2.05978500E+00 -1.35806941E+00  0.00000000E+00  1.50017790E+00  0.00000000E+00  4.79217371E-03  3.15571113E+00
 -3.39900000E-01  2.06002000E+00 -1.35806941E+00  0.00000000E+00  1.50024910E+00  0.00000000E+00  4.79217371E-03  3.15571113E+00
 -3.39900000E-01  2.06025500E+00 -1.35806941E+00  0.00000000E+00  1.50032268E+00  0.00000000E+00  4.79217371E-03  3.15571113E+00
 -3.39900000E-01  2.06049000E+00 -1.35806941E+00  0.00000000E+00  1.50039865E+00  0.00000000E+00  4.79217371E-03  3.15571113E+00
 -3.39900000E-01  2.06072500E+00 -1.35806941E+00  0.00000000E+00  1.50047704E+00  0.00000000E+00  4.79217371E-03  3.15571113E+00
 -3.39900000E-01  2.06096000E+00 -1.35806941E+00  0.00000000E+00  1.50055788E+00  0.00000000E+00  4.79217371E-03  3.15571113E+00
 -3.39900000E-01  2.06119500E+00 -1.35806941E+00  0.00000000E+00  1.50064117E+00  0.00000000E+00  4.79217371E-03  3.15571113E+00
 -3.39900000E-01  2.06143000E+00 -1.35806941E+00  0.00000000E+00  1.50072695E+00  0.00000000E+00  4.79217371E-03  3.15571113E+00
 -3.39900000E-01  2.06166500E+00 -1.35806941E+00  0.00000000E+00  1.50081521E+00  0.00000000E+00  4.79217371E-03  3.15571113E+00
 -3.39900000E-01  2.06190000E+00 -1.35806941E+00  0.00000000E+00  1.50090598E+00  0.00000000E+00  4.79217371E-03  3.15571113E+00
 -3.39900000E-01  2.06213500E+00 -1.35806941E+00  0.00000000E+00  1.50099926E+00  0.00000000E+00  4.79217371E-03  3.15571113E+00
 -3.39900000E-01  2.06237000E+00 -1.35806941E+00  0.00000000E+00  1.50109507E+00  0.00000000E+00  4.79217371E-03  3.15571113E+00
 -3.39900000E-01  2.06260500E+00 -1.35806941E+00  0.00000000E+00  1.50119342E+00  0.00000000E+00  4.79217371E-03  3.15571113E+00
 -3.39900000E-01  2.06284000E+00 -1.35806941E+00  0.00000000E+00  1.50129431E+00  0.00000000E+00  4.79217371E-03  3.15571113E+00
 -3.39900000E-01  2.06307500E+00 -1.35806941E+00  0.00000000E+00  1.50139777E+00  0.00000000E+00  4.79217371E-03  3.15571113E+00
 -3.39900000E-01  2.06331000E+00 -1.35806941E+00  0.00000000E+00  1.50150380E+00  0.00000000E+00  4.79217371E-03  3.15571113E+00
 -3.39900000E-01  2.06354500E+00 -1.35806941E+00  0.00000000E+00  1.50161242E+00  0.00000000E+00  4.79217371E-03  3.15571113E+00
 -3.39900000E-01  2.06378000E+00 -1.35806941E+00  0.00000000E+00  1.50172363E+00  0.00000000E+00  4.79217371E-03  3.15571113E+00
 -3.39900000E-01  2.06401500E+00 -1.35806941E+00  0.00000000E+00  1.50183745E+00  0.00000000E+00  4.79217371E-03  3.15571113E+00
 -3.39900000E-01  2.06425000E+00 -1.35806941E+00  0.00000000E+00  1.50195389E+00  0.00000000E+00  4.79217371E-03  3.15571113E+00
 -3.39900000E-01  2.06448500E+00 -1.35806941E+00  0.00000000E+00  1.50207298E+00  0.00000000E+00  4.79217371E-03  3.15571113E+00
 -3.39900000E-01  2.06472000E+00 -1.35806941E+00  0.00000000E+00  1.50219473E+00  0.00000000E+00  4.79217371E-03  3.15571113E+00
 -3.39900000E-01  2.06495500E+00 -1.35806941E+00  0.00000000E+00  1.50231917E+00  0.00000000E+00  4.79217371E-03  3.15571113E+00
 -3.39900000E-01  2.06519000E+00 -1.35806941E+00  0.00000000E+00  1.50244631E+00  0.00000000E+00  4.79217371E-03  3.15571113E+00
 -3.39900000E-01  2.06542500E+00 -1.35806941E+00  0.00000000E+00  1.50257618E+00  0.00000000E+00  4.79217371E-03  3.15571113E+00
 -3.39900000E-01  2.06566000E+00 -1.35806941E+00  0.00000000E+00  1.50270881E+00  0.00000000E+00  4.79217371E-03  3.15571113E+00
 -3.39900000E-01  2.06589500E+00 -1.35806941E+00  0.00000000E+00  1.50284425E+00  0.00000000E+00  4.79217371E-03  3.15571113E+00
 -3.39900000E-01  2.06613000E+00 -1.35806941E+00  0.00000000E+00  1.50298251E+00  0.00000000E+00  4.79217371E-03  3.15571113E+00
 -3.39900000E-01  2.06636500E+00 -1.35806941E+00  0.00000000E+00  1.50312364E+00  0.00000000E+00  4.79217371E-03  3.15571113E+00
 -3.39900000E-01  2.06660000E+00 -1.35806941E+00  0.00000000E+00  1.50326770E+00  0.00000000E+00  4.79217371E-03  3.15571113E+00
 -3.39900000E-01  2.06683500E+00 -1.35806941E+00  0.00000000E+00  1.50341471E+00  0.00000000E+00  4.79217371E-03  3.15571113E+00
 -3.39900000E-01  2.06707000E+00 -1.35806941E+00  0.00000000E+00  1.50356475E+00  0.00000000E+00  4.79217371E-03  3.15571113E+00
 -3.39900000E-01  2.06730500E+00 -1.35806941E+00  0.00000000E+00  1.50371786E+00  0.00000000E+00  4.79217371E-03  3.15571113E+00
 -3.39900000E-01  2.06754000E+00 -1.35806941E+00  0.00000000E+00  1.50387412E+00  0.00000000E+00  4.79217371E-03  3.15571113E+00
 -3.39900000E-01  2.06777500E+00 -1.35806941E+00  0.00000000E+00  1.50403359E+00  0.00000000E+00  4.79217371E-03  3.15571113E+00
 -3.39900000E-01  2.06801000E+00 -1.35806941E+00  0.00000000E+00  1.50419634E+00  0.00000000E+00  4.79217371E-03  3.15571113E+00
 -3.39900000E-01  2.06824500E+00 -1.35806941E+00  0.00000000E+00  1.50436246E+00  0.00000000E+00  4.79217371E-03  3.15571113E+00
 -3.39900000E-01  2.06848000E+00 -1.35806941E+00  0.00000000E+00  1.50453203E+00  0.00000000E+00  4.79217371E-03  3.15571113E+00
 -3.39900000E-01  2.06871500E+00 -1.35806941E+00  0.00000000E+00  1.50470515E+00  0.00000000E+00  4.79217371E-03  3.15571113E+00
 -3.39900000E-01  2.06895000E+00 -1.35806941E+00  0.00000000E+00  1.50488192E+00  0.00000000E+00  4.79217371E-03  3.15571113E+00
 -3.39900000E-01  2.06918500E+00 -1.35806941E+00  0.00000000E+00  1.50506244E+00  0.00000000E+00  4.79217371E-03  3.15571113E+00
 -3.39900000E-01  2.06942000E+00 -1.35806941E+00  0.00000000E+00  1.50524684E+00  0.00000000E+00  4.79217371E-03  3.15571113E+00
 -3.39900000E-01  2.06965500E+00 -1.35806941E+00  0.00000000E+00  1.50543523E+00  0.00000000E+00  4.79217371E-03  3.15571113E+00
 -3.39900000E-01  2.06989000E+00 -1.35806941E+00  0.00000000E+00  1.50562774E+00  0.00000000E+00  4.79217371E-03  3.15571113E+00
 -3.39900000E-01  2.07012500E+00 -1.35806941E+00  0.00000000E+00  1.50582452E+00  0.00000000E+00  4.79217371E-03  3.15571113E+00
 -3.39900000E-01  2.07036000E+00 -1.35806941E+00  0.00000000E+00  1.50602571E+00  0.00000000E+00  4.79217371E-03  3.15571113E+00
 -3.39900000E-01  2.07059500E+00 -1.35806941E+00  0.00000000E+00  1.50623146E+00  0.00000000E+00  4.79217371E-03  3.15571113E+00
 -3.39900000E-01  2.07083000E+00 -1.35806941E+00  0.00000000E+00  1.50644195E+00  0.00000000E+00  4.79217371E-03  3.15571113E+00
 -3.39900000E-01  2.07106500E+00 -1.35806935E+00  0.00000000E+00  1.50665970E+00  0.00000000E+00  4.79181723E-03  3.15632337E+00
 -3.39900000E-01  2.07130000E+00 -1.35806925E+00  0.00000000E+00  1.50688845E+00  0.00000000E+00  4.79093785E-03  3.15783336E+00
 -3.39900000E-01  2.07153500E+00 -1.35806928E+00  0.00000000E+00  1.50712196E+00  0.00000000E+00  4.79059622E-03  3.15841963E+00
 -3.39900000E-01  2.07177000E+00 -1.35806936E+00  0.00000000E+00  1.50736062E+00  0.00000000E+00  4.79066374E-03  3.15830332E+00
 -3.39900000E-01  2.07200500E+00 -1.35806944E+00  0.00000000E+00  1.50760515E+00  0.00000000E+00  4.79102648E-03  3.15768031E+00
 -3.39900000E-01  2.07224000E+00 -1.35806946E+00  0.00000000E+00  1.50785662E+00  0.00000000E+00  4.79158451E-03  3.15672232E+00
 -3.39900000E-01  2.07247500E+00 -1.35806940E+00  0.00000000E+00  1.50811637E+00  0.00000000E+00  4.79225122E-03  3.15557813E+00
 -3.39900000E-01  2.07271000E+00 -1.35806926E+00  0.00000000E+00  1.50838602E+00  0.00000000E+00  4.79295274E-03  3.15437462E+00
 -3.39900000E-01  2.07294500E+00 -1.35806905E+00  0.00000000E+00  1.50866739E+00  0.00000000E+00  4.79362718E-03  3.15321794E+00
 -3.39900000E-01  2.07318000E+00 -1.35806877E+00  0.00000000E+00  1.50896253E+00  0.00000000E+00  4.79422411E-03  3.15219464E+00
 -3.39900000E-01  2.07341500E+00 -1.35806846E+00  0.00000000E+00  1.50927362E+00  0.00000000E+00  4.79470382E-03  3.15137272E+00
 -3.39900000E-01  2.07365000E+00 -1.35806814E+00  0.00000000E+00  1.50960299E+00  0.00000000E+00  4.79503671E-03  3.15080284E+00
 -3.39900000E-01  2.07388500E+00 -1.35806786E+00  0.00000000E+00  1.50995307E+00  0.00000000E+00  4.79520267E-03  3.15051936E+00
 -3.39900000E-01  2.07412000E+00 -1.35806765E+00  0.00000000E+00  1.51032636E+00  0.00000000E+00  4.79519039E-03  3.15054146E+00
 -3.39900000E-01  2.07435500E+00 -1.35806755E+00  0.00000000E+00  1.51072537E+00  0.00000000E+00  4.79499678E-03  3.15087428E+00
 -3.39900000E-01  2.07459000E+00 -1.35806760E+00  0.00000000E+00  1.51115264E+00  0.00000000E+00  4.79462629E-03  3.15150999E+00
 -3.39900000E-01  2.07482500E+00 -1.35806784E+00  0.00000000E+00  1.51161068E+00  0.00000000E+00  4.79409026E-03  3.15242894E+00
 -3.39900000E-01  2.07506000E+00 -1.35806830E+00  0.00000000E+00  1.51210193E+00  0.00000000E+00  4.79340633E-03  3.15360071E+00
 -3.39900000E-01  2.07529500E+00 -1.35806899E+00  0.00000000E+00  1.51262873E+00  0.00000000E+00  4.79259776E-03  3.15498528E+00
 -3.39900000E-01  2.07553000E+00 -1.35806993E+00  0.00000000E+00  1.51319332E+00  0.00000000E+00  4.79169280E-03  3.15653410E+00
 -3.39900000E-01  2.07576500E+00 -1.35807111E+00  0.00000000E+00  1.51379775E+00  0.00000000E+00  4.79072406E-03  3.15819122E+00
 -3.39900000E-01  2.07600000E+00 -1.35807252E+00  0.00000000E+00  1.51444392E+00  0.00000000E+00  4.78972786E-03  3.15989435E+00
 -3.39900000E-01  2.07623500E+00 -1.35807413E+00  0.00000000E+00  1.51513347E+00  0.00000000E+00  4.78874358E-03  3.16157605E+00
 -3.39900000E-01  2.07647000E+00 -1.35807589E+00  0.00000000E+00  1.51586782E+00  0.00000000E+00  4.78781306E-03  3.16316477E+00
 -3.39900000E-01  2.07670500E+00 -1.35807771E+00  0.00000000E+00  1.51664809E+00  0.00000000E+00  4.78697991E-03  3.16458598E+00
 -3.39900000E-01  2.07694000E+00 -1.35807951E+00  0.00000000E+00  1.51747507E+00  0.00000000E+00  4.78628890E-03  3.16576331E+00
 -3.39900000E-01  2.07717500E+00 -1.35808117E+00  0.00000000E+00  1.51834923E+00  0.00000000E+00  4.78578532E-03  3.16661962E+00
 -3.39900000E-01  2.07741000E+00 -1.35808255E+00  0.00000000E+00  1.51927063E+00  0.00000000E+00  4.78551431E-03  3.16707811E+00
 -3.39900000E-01  2.07764500E+00 -1.35808345E+00  0.00000000E+00  1.52023893E+00  0.00000000E+00  4.78552026E-03  3.16706346E+00
 -3.39900000E-01  2.07788000E+00 -1.35808368E+00  0.00000000E+00  1.52125336E+00  0.00000000E+00  4.78584615E-03  3.16650294E+00
 -3.39900000E-01  2.07811500E+00 -1.35808300E+00  0.00000000E+00  1.52231264E+00  0.00000000E+00  4.78653288E-03  3.16532747E+00
 -3.39900000E-01  2.07835000E+00 -1.35808112E+00  0.00000000E+00  1.52341501E+00  0.00000000E+00  4.78761869E-03  3.16347280E+00
 -3.39900000E-01  2.07858500E+00 -1.35807773E+00  0.00000000E+00  1.52455815E+00  0.00000000E+00  4.78913849E-03  3.16088056E+00
 -3.39900000E-01  2.07882000E+00 -1.35807248E+00  0.00000000E+00  1.52573917E+00  0.00000000E+00  4.79112319E-03  3.15749939E+00
 -3.39900000E-01  2.07905500E+00 -1.35806497E+00  0.00000000E+00  1.52695460E+00  0.00000000E+00  4.79359912E-03  3.15328608E+00
 -3.39900000E-01  2.07929000E+00 -1.35805476E+00  0.00000000E+00  1.52820029E+00  0.00000000E+00  4.79658733E-03  3.14820660E+00
 -3.39900000E-01  2.07952500E+00 -1.35804136E+00  0.00000000E+00  1.52947146E+00  0.00000000E+00  4.80010301E-03  3.14223731E+00
 -3.39900000E-01  2.07976000E+00 -1.35802423E+00  0.00000000E+00  1.53076261E+00  0.00000000E+00  4.80415481E-03  3.13536598E+00
 -3.39900000E-01  2.07999500E+00 -1.35800279E+00  0.00000000E+00  1.53206751E+00  0.00000000E+00  4.80874421E-03  3.12759292E+00
 -3.39900000E-01  2.08023000E+00 -1.35797640E+00  0.00000000E+00  1.53337916E+00  0.00000000E+00  4.81386489E-03  3.11893212E+00
 -3.39900000E-01  2.08046500E+00 -1.35794436E+00  0.00000000E+00  1.53468978E+00  0.00000000E+00  4.81950208E-03  3.10941232E+00
 -3.39900000E-01  2.08070000E+00 -1.35790593E+00  0.00000000E+00  1.53599075E+00  0.00000000E+00  4.82563195E-03  3.09907814E+00
 -3.39900000E-01  2.08093500E+00 -1.35786028E+00  0.00000000E+00  1.53727260E+00  0.00000000E+00  4.83222091E-03  3.08799116E+00
 -3.39900000E-01  2.08117000E+00 -1.35780656E+00  0.00000000E+00  1.53852494E+00  0.00000000E+00  4.83922504E-03  3.07623105E+00
 -3.39900000E-01  2.08140500E+00 -1.35774382E+00  0.00000000E+00  1.53973649E+00  0.00000000E+00  4.84658941E-03  3.06389667E+00
 -3.39900000E-01  2.08164000E+00 -1.35767107E+00  0.00000000E+00  1.54089498E+00  0.00000000E+00  4.85424746E-03  3.05110722E+00
 -3.39900000E-01  2.08187500E+00 -1.35758723E+00  0.00000000E+00  1.54198718E+00  0.00000000E+00  4.86212031E-03  3.03800327E+00
 -3.39900000E-01  2.08211000E+00 -1.35749117E+00  0.00000000E+00  1.54299882E+00  0.00000000E+00  4.87011619E-03  3.02474796E+00
 -3.39900000E-01  2.08234500E+00 -1.35738167E+00  0.00000000E+00  1.54391457E+00  0.00000000E+00  4.87812973E-03  3.01152809E+00
 -3.39900000E-01  2.08258000E+00 -1.35725745E+00  0.00000000E+00  1.54471801E+00  0.00000000E+00  4.88604134E-03  2.99855525E+00
 -3.39900000E-01  2.08281500E+00 -1.35711714E+00  0.00000000E+00  1.54539160E+00  0.00000000E+00  4.89371653E-03  2.98606693E+00
 -3.39900000E-01  2.08305000E+00 -1.35695931E+00  0.00000000E+00  1.54591665E+00  0.00000000E+00  4.90100530E-03  2.97432771E+00
 -3.39900000E-01  2.08328500E+00 -1.35678242E+00  0.00000000E+00  1.54627326E+00  0.00000000E+00  4.90774143E-03  2.96363036E+00
 -3.39900000E-01  2.08352000E+00 -1.35660529E+00  0.00000000E+00  1.54659491E+00  0.00000000E+00  4.91509091E-03  2.95188230E+00
 -3.39900000E-01  2.08375500E+00 -1.35642150E+00  0.00000000E+00  1.54690393E+00  0.00000000E+00  4.92272039E-03  2.93968694E+00
 -3.39900000E-01  2.08399000E+00 -1.35622684E+00  0.00000000E+00  1.54717889E+00  0.00000000E+00  4.93036649E-03  2.92751679E+00
 -3.39900000E-01  2.08422500E+00 -1.35602132E+00  0.00000000E+00  1.54742164E+00  0.00000000E+00  4.93802924E-03  2.91537188E+00
 -3.39900000E-01  2.08446000E+00 -1.35580494E+00  0.00000000E+00  1.54763398E+00  0.00000000E+00  4.94570866E-03  2.90325220E+00
 -3.39900000E-01  2.08469500E+00 -1.35557769E+00  0.00000000E+00  1.54781759E+00  0.00000000E+00  4.95340480E-03  2.89115777E+00
 -3.39900000E-01  2.08493000E+00 -1.35533958E+00  0.00000000E+00  1.54797409E+00  0.00000000E+00  4.96111770E-03  2.87908859E+00
 -3.39900000E-01  2.08516500E+00 -1.35509061E+00  0.00000000E+00  1.54810501E+00  0.00000000E+00  4.96884737E-03  2.86704466E+00
 -3.39900000E-01  2.08540000E+00 -1.35483077E+00  0.00000000E+00  1.54821179E+00  0.00000000E+00  4.97659386E-03  2.85502599E+00
 -3.39900000E-01  2.08563500E+00 -1.35456007E+00  0.00000000E+00  1.54829579E+00  0.00000000E+00  4.98435720E-03  2.84303258E+00
 -3.39900000E-01  2.08587000E+00 -1.35427850E+00  0.00000000E+00  1.54835833E+00  0.00000000E+00  4.99213744E-03  2.83106442E+00
 -3.39900000E-01  2.08610500E+00 -1.35398607E+00  0.00000000E+00  1.54840061E+00  0.00000000E+00  4.99993460E-03  2.81912152E+00
 -3.39900000E-01  2.08634000E+00 -1.35368278E+00  0.00000000E+00  1.54842378E+00  0.00000000E+00  5.00774874E-03  2.80720387E+00
 -3.39900000E-01  2.08657500E+00 -1.35336862E+00  0.00000000E+00  1.54842893E+00  0.00000000E+00  5.01557987E-03  2.79531147E+00
 -3.39900000E-01  2.08681000E+00 -1.35304360E+00  0.00000000E+00  1.54841707E+00  0.00000000E+00  5.02342806E-03  2.78344432E+00
 -3.39900000E-01  2.08704500E+00 -1.35270772E+00  0.00000000E+00  1.54838913E+00  0.00000000E+00  5.03129333E-03  2.77160241E+00
 -3.39900000E-01  2.08728000E+00 -1.35236097E+00  0.00000000E+00  1.54834601E+00  0.00000000E+00  5.03917572E-03  2.75978574E+00
 -3.39900000E-01  2.08751500E+00 -1.35200336E+00  0.00000000E+00  1.54828852E+00  0.00000000E+00  5.04707528E-03  2.74799430E+00
 -3.39900000E-01  2.08775000E+00 -1.35163488E+00  0.00000000E+00  1.54821743E+00  0.00000000E+00  5.05499204E-03  2.73622810E+00
 -3.39900000E-01  2.08798500E+00 -1.35125554E+00  0.00000000E+00  1.54813344E+00  0.00000000E+00  5.06292605E-03  2.72448711E+00
 -3.39900000E-01  2.08822000E+00 -1.35086534E+00  0.00000000E+00  1.54803721E+00  0.00000000E+00  5.07087734E-03  2.71277134E+00
 -3.39900000E-01  2.08845500E+00 -1.35046427E+00  0.00000000E+00  1.54792933E+00  0.00000000E+00  5.07884596E-03  2.70108078E+00
 -3.39900000E-01  2.08869000E+00 -1.35005233E+00  0.00000000E+00  1.54781035E+00  0.00000000E+00  5.08683195E-03  2.68941543E+00
 -3.39900000E-01  2.08892500E+00 -1.34962953E+00  0.00000000E+00  1.54768076E+00  0.00000000E+00  5.09483534E-03  2.67777528E+00
 -3.39900000E-01  2.08916000E+00 -1.34919586E+00  0.00000000E+00  1.54754103E+00  0.00000000E+00  5.10285618E-03  2.66616032E+00
 -3.39900000E-01  2.08939500E+00 -1.34875133E+00  0.00000000E+00  1.54739156E+00  0.00000000E+00  5.11089450E-03  2.65457056E+00
 -3.39900000E-01  2.08963000E+00 -1.34829593E+00  0.00000000E+00  1.54723271E+00  0.00000000E+00  5.11895035E-03  2.64300598E+00
 -3.39900000E-01  2.08986500E+00 -1.34782966E+00  0.00000000E+00  1.54706481E+00  0.00000000E+00  5.12702376E-03  2.63146660E+00
 -3.39900000E-01  2.09010000E+00 -1.34735252E+00  0.00000000E+00  1.54688815E+00  0.00000000E+00  5.13511477E-03  2.61995239E+00
 -3.39900000E-01  2.09033500E+00 -1.34686452E+00  0.00000000E+00  1.54670298E+00  0.00000000E+00  5.14322342E-03  2.60846337E+00
 -3.39900000E-01  2.09057000E+00 -1.34636565E+00  0.00000000E+00  1.54650952E+00  0.00000000E+00  5.15134975E-03  2.59699952E+00
 -3.39900000E-01  2.09080500E+00 -1.34585591E+00  0.00000000E+00  1.54630796E+00  0.00000000E+00  5.15949379E-03  2.58556086E+00
 -3.39900000E-01  2.09104000E+00 -1.34533531E+00  0.00000000E+00  1.54609845E+00  0.00000000E+00  5.16765557E-03  2.57414738E+00
 -3.39900000E-01  2.09127500E+00 -1.34480384E+00  0.00000000E+00  1.54588112E+00  0.00000000E+00  5.17583513E-03  2.56275909E+00
 -3.39900000E-01  2.09151000E+00 -1.34426149E+00  0.00000000E+00  1.54565608E+00  0.00000000E+00  5.18403250E-03  2.55139599E+00
 -3.39900000E-01  2.09174500E+00 -1.34370828E+00  0.00000000E+00  1.54542342E+00  0.00000000E+00  5.19224772E-03  2.54005808E+00
 -3.39900000E-01  2.09198000E+00 -1.34314421E+00  0.00000000E+00  1.54518318E+00  0.00000000E+00  5.20048082E-03  2.52874537E+00
 -3.39900000E-01  2.09221500E+00 -1.34256926E+00  0.00000000E+00  1.54493542E+00  0.00000000E+00  5.20873181E-03  2.51745787E+00
 -3.39900000E-01  2.09245000E+00 -1.34198345E+00  0.00000000E+00  1.54468015E+00  0.00000000E+00  5.21700074E-03  2.50619559E+00
 -3.39900000E-01  2.09268500E+00 -1.34138677E+00  0.00000000E+00  1.54441740E+00  0.00000000E+00  5.22528763E-03  2.49495854E+00
 -3.39900000E-01  2.09292000E+00 -1.34077922E+00  0.00000000E+00  1.54414714E+00  0.00000000E+00  5.23359250E-03  2.48374673E+00
 -3.39900000E-01  2.09315500E+00 -1.34016081E+00  0.00000000E+00  1.54386938E+00  0.00000000E+00  5.24191538E-03  2.47256018E+00
 -3.39900000E-01  2.09339000E+00 -1.33953154E+00  0.00000000E+00  1.54358410E+00  0.00000000E+00  5.25025629E-03  2.46139891E+00
 -3.39900000E-01  2.09362500E+00 -1.33889140E+00  0.00000000E+00  1.54329125E+00  0.00000000E+00  5.25861524E-03  2.45026293E+00
 -3.39900000E-01  2.09386000E+00 -1.33824040E+00  0.00000000E+00  1.54299082E+00  0.00000000E+00  5.26699226E-03  2.43915226E+00
 -3.39900000E-01  2.09409500E+00 -1.33757854E+00  0.00000000E+00  1.54268277E+00  0.00000000E+00  5.27538737E-03  2.42806693E+00
 -3.39900000E-01  2.09433000E+00 -1.33690583E+00  0.00000000E+00  1.54236706E+00  0.00000000E+00  5.28380056E-03  2.41700696E+00
 -3.39900000E-01  2.09456500E+00 -1.33622225E+00  0.00000000E+00  1.54204367E+00  0.00000000E+00  5.29223186E-03  2.40597238E+00
 -3.39900000E-01  2.09480000E+00 -1.33552782E+00  0.00000000E+00  1.54171257E+00  0.00000000E+00  5.30068128E-03  2.39496322E+00
 -3.39900000E-01  2.09503500E+00 -1.33482254E+00  0.00000000E+00  1.54137373E+00  0.00000000E+00  5.30914882E-03  2.38397951E+00
 -3.39900000E-01  2.09527000E+00 -1.33410642E+00  0.00000000E+00  1.54102715E+00  0.00000000E+00  5.31763448E-03  2.37302128E+00
 -3.39900000E-01  2.09550500E+00 -1.33337944E+00  0.00000000E+00  1.54067283E+00  0.00000000E+00  5.32613827E-03  2.36208857E+00
 -3.39900000E-01  2.09574000E+00 -1.33264163E+00  0.00000000E+00  1.54031158E+00  0.00000000E+00  5.33466022E-03  2.35118139E+00
 -3.39900000E-01  2.09597500E+00 -1.33189294E+00  0.00000000E+00  1.53994442E+00  0.00000000E+00  5.34320070E-03  2.34029928E+00
 -3.39900000E-01  2.09621000E+00 -1.33113337E+00  0.00000000E+00  1.53956966E+00  0.00000000E+00  5.35175985E-03  2.32944213E+00
 -3.39900000E-01  2.09644500E+00 -1.33036291E+00  0.00000000E+00  1.53918737E+00  0.00000000E+00  5.36033767E-03  2.31860996E+00
 -3.39900000E-01  2.09668000E+00 -1.32958158E+00  0.00000000E+00  1.53879762E+00  0.00000000E+00  5.36893416E-03  2.30780282E+00
 -3.39900000E-01  2.09691500E+00 -1.32878936E+00  0.00000000E+00  1.53840045E+00  0.00000000E+00  5.37754933E-03  2.29702075E+00
 -3.39900000E-01  2.09715000E+00 -1.32798628E+00  0.00000000E+00  1.53799595E+00  0.00000000E+00  5.38618319E-03  2.28626378E+00
 -3.39900000E-01  2.09738500E+00 -1.32717231E+00  0.00000000E+00  1.53758416E+00  0.00000000E+00  5.39483575E-03  2.27553193E+00
 -3.39900000E-01  2.09762000E+00 -1.32634748E+00  0.00000000E+00  1.53716513E+00  0.00000000E+00  5.40350701E-03  2.26482524E+00
 -3.39900000E-01  2.09785500E+00 -1.32551177E+00  0.00000000E+00  1.53673892E+00  0.00000000E+00  5.41219699E-03  2.25414372E+00
 -3.39900000E-01  2.09809000E+00 -1.32466520E+00  0.00000000E+00  1.53630557E+00  0.00000000E+00  5.42090570E-03  2.24348739E+00
 -3.39900000E-01  2.09832500E+00 -1.32380776E+00  0.00000000E+00  1.53586514E+00  0.00000000E+00  5.42963315E-03  2.23285629E+00
 -3.39900000E-01  2.09856000E+00 -1.32293945E+00  0.00000000E+00  1.53541766E+00  0.00000000E+00  5.43837937E-03  2.22225042E+00
 -3.39900000E-01  2.09879500E+00 -1.32206027E+00  0.00000000E+00  1.53496318E+00  0.00000000E+00  5.44714437E-03  2.21166979E+00
 -3.39900000E-01  2.09903000E+00 -1.32117023E+00  0.00000000E+00  1.53450173E+00  0.00000000E+00  5.45592816E-03  2.20111443E+00
 -3.39900000E-01  2.09926500E+00 -1.32026932E+00  0.00000000E+00  1.53403336E+00  0.00000000E+00  5.46473076E-03  2.19058434E+00
 -3.39900000E-01  2.09950000E+00 -1.31935756E+00  0.00000000E+00  1.53355810E+00  0.00000000E+00  5.47355221E-03  2.18007953E+00
 -3.39900000E-01  2.09973500E+00 -1.31843493E+00  0.00000000E+00  1.53307598E+00  0.00000000E+00  5.48239251E-03  2.16960001E+00
 -3.39900000E-01  2.09997000E+00 -1.31750144E+00  0.00000000E+00  1.53258704E+00  0.00000000E+00  5.49125169E-03  2.15914579E+00
 -3.39900000E-01  2.10020500E+00 -1.31655709E+00  0.00000000E+00  1.53209131E+00  0.00000000E+00  5.50012977E-03  2.14871686E+00
 -3.39900000E-01  2.10044000E+00 -1.31560187E+00  0.00000000E+00  1.53158881E+00  0.00000000E+00  5.50902678E-03  2.13831324E+00
 -3.39900000E-01  2.10067500E+00 -1.31463580E+00  0.00000000E+00  1.53107958E+00  0.00000000E+00  5.51794274E-03  2.12793492E+00
 -3.39900000E-01  2.10091000E+00 -1.31365887E+00  0.00000000E+00  1.53056363E+00  0.00000000E+00  5.52687767E-03  2.11758191E+00
 -3.39900000E-01  2.10114500E+00 -1.31267108E+00  0.00000000E+00  1.53004100E+00  0.00000000E+00  5.53583161E-03  2.10725421E+00
 -3.39900000E-01  2.10138000E+00 -1.31167243E+00  0.00000000E+00  1.52951170E+00  0.00000000E+00  5.54480457E-03  2.09695181E+00
 -3.39900000E-01  2.10161500E+00 -1.31066292E+00  0.00000000E+00  1.52897577E+00  0.00000000E+00  5.55379659E-03  2.08667471E+00
 -3.39900000E-01  2.10185000E+00 -1.30964256E+00  0.00000000E+00  1.52843322E+00  0.00000000E+00  5.56280769E-03  2.07642291E+00
 -3.39900000E-01  2.10208500E+00 -1.30861133E+00  0.00000000E+00  1.52788407E+00  0.00000000E+00  5.57183789E-03  2.06619641E+00
 -3.39900000E-01  2.10232000E+00 -1.30756924E+00  0.00000000E+00  1.52732835E+00  0.00000000E+00  5.58088723E-03  2.05599520E+00
 -3.39900000E-01  2.10255500E+00 -1.30651630E+00  0.00000000E+00  1.52676608E+00  0.00000000E+00  5.58995572E-03  2.04581928E+00
 -3.39900000E-01  2.10279000E+00 -1.30545249E+00  0.00000000E+00  1.52619727E+00  0.00000000E+00  5.59904341E-03  2.03566864E+00
 -3.39900000E-01  2.10302500E+00 -1.30437783E+00  0.00000000E+00  1.52562195E+00  0.00000000E+00  5.60815030E-03  2.02554328E+00
 -3.39900000E-01  2.10326000E+00 -1.30329230E+00  0.00000000E+00  1.52504013E+00  0.00000000E+00  5.61727644E-03  2.01544320E+00
 -3.39900000E-01  2.10349500E+00 -1.30219591E+00  0.00000000E+00  1.52445183E+00  0.00000000E+00  5.62642185E-03  2.00536839E+00
 -3.39900000E-01  2.10373000E+00 -1.30108866E+00  0.00000000E+00  1.52385708E+00  0.00000000E+00  5.63558655E-03  1.99531884E+00
 -3.39900000E-01  2.10396500E+00 -1.29997055E+00  0.00000000E+00  1.52325589E+00  0.00000000E+00  5.64477056E-03  1.98529455E+00
 -3.39900000E-01  2.10420000E+00 -1.29884157E+00  0.00000000E+00  1.52264828E+00  0.00000000E+00  5.65397391E-03  1.97529552E+00
 -3.39900000E-01  2.10443500E+00 -1.29770174E+00  0.00000000E+00  1.52203426E+00  0.00000000E+00  5.66319664E-03  1.96532174E+00
 -3.39900000E-01  2.10467000E+00 -1.29655103E+00  0.00000000E+00  1.52141387E+00  0.00000000E+00  5.67243875E-03  1.95537320E+00
 -3.39900000E-01  2.10490500E+00 -1.29538947E+00  0.00000000E+00  1.52078712E+00  0.00000000E+00  5.68170028E-03  1.94544991E+00
 -3.39900000E-01  2.10514000E+00 -1.29421704E+00  0.00000000E+00  1.52015403E+00  0.00000000E+00  5.69098124E-03  1.93555185E+00
 -3.39900000E-01  2.10537500E+00 -1.29303375E+00  0.00000000E+00  1.51951463E+00  0.00000000E+00  5.70028166E-03  1.92567903E+00
 -3.39900000E-01  2.10561000E+00 -1.29183959E+00  0.00000000E+00  1.51886893E+00  0.00000000E+00  5.70960155E-03  1.91583145E+00
 -3.39900000E-01  2.10584500E+00 -1.29063456E+00  0.00000000E+00  1.51821697E+00  0.00000000E+00  5.71894094E-03  1.90600910E+00
 -3.39900000E-01  2.10608000E+00 -1.28941867E+00  0.00000000E+00  1.51755876E+00  0.00000000E+00  5.72829984E-03  1.89621199E+00
 -3.39900000E-01  2.10631500E+00 -1.28819192E+00  0.00000000E+00  1.51689433E+00  0.00000000E+00  5.73767826E-03  1.88644010E+00
 -3.39900000E-01  2.10655000E+00 -1.28695430E+00  0.00000000E+00  1.51622372E+00  0.00000000E+00  5.74707622E-03  1.87669346E+00
 -3.39900000E-01  2.10678500E+00 -1.28570582E+00  0.00000000E+00  1.51554694E+00  0.00000000E+00  5.75649373E-03  1.86697205E+00
 -3.39900000E-01  2.10702000E+00 -1.28444647E+00  0.00000000E+00  1.51486403E+00  0.00000000E+00  5.76593081E-03  1.85727588E+00
 -3.39900000E-01  2.10725500E+00 -1.28317626E+00  0.00000000E+00  1.51417502E+00  0.00000000E+00  5.77538747E-03  1.84760496E+00
 -3.39900000E-01  2.10749000E+00 -1.28189518E+00  0.00000000E+00  1.51347995E+00  0.00000000E+00  5.78486370E-03  1.83795930E+00
 -3.39900000E-01  2.10772500E+00 -1.28060324E+00  0.00000000E+00  1.51277885E+00  0.00000000E+00  5.79435951E-03  1.82833889E+00
 -3.39900000E-01  2.10796000E+00 -1.27930045E+00  0.00000000E+00  1.51207176E+00  0.00000000E+00  5.80387492E-03  1.81874375E+00
 -3.39900000E-01  2.10819500E+00 -1.27798685E+00  0.00000000E+00  1.51135883E+00  0.00000000E+00  5.81340947E-03  1.80917432E+00
 -3.39900000E-01  2.10843000E+00 -1.27666237E+00  0.00000000E+00  1.51063957E+00  0.00000000E+00  5.82296382E-03  1.79962999E+00
 -3.39900000E-01  2.10866500E+00 -1.27532699E+00  0.00000000E+00  1.50991398E+00  0.00000000E+00  5.83253804E-03  1.79011065E+00
 -3.39900000E-01  2.10890000E+00 -1.27398072E+00  0.00000000E+00  1.50918214E+00  0.00000000E+00  5.84213212E-03  1.78061636E+00
 -3.39900000E-01  2.10913500E+00 -1.27262357E+00  0.00000000E+00  1.50844411E+00  0.00000000E+00  5.85174604E-03  1.77114714E+00
 -3.39900000E-01  2.10937000E+00 -1.27125552E+00  0.00000000E+00  1.50769994E+00  0.00000000E+00  5.86137978E-03  1.76170302E+00
 -3.39900000E-01  2.10960500E+00 -1.26987660E+00  0.00000000E+00  1.50694972E+00  0.00000000E+00  5.87103331E-03  1.75228403E+00
 -3.39900000E-01  2.10984000E+00 -1.26848679E+00  0.00000000E+00  1.50619349E+00  0.00000000E+00  5.88070663E-03  1.74289019E+00
 -3.39900000E-01  2.11007500E+00 -1.26708611E+00  0.00000000E+00  1.50543132E+00  0.00000000E+00  5.89039970E-03  1.73352153E+00
 -3.39900000E-01  2.11031000E+00 -1.26567455E+00  0.00000000E+00  1.50466326E+00  0.00000000E+00  5.90011253E-03  1.72417806E+00
 -3.39900000E-01  2.11054500E+00 -1.26425213E+00  0.00000000E+00  1.50388938E+00  0.00000000E+00  5.90984509E-03  1.71485980E+00
 -3.39900000E-01  2.11078000E+00 -1.26281883E+00  0.00000000E+00  1.50310974E+00  0.00000000E+00  5.91959736E-03  1.70556678E+00
 -3.39900000E-01  2.11101500E+00 -1.26137467E+00  0.00000000E+00  1.50232438E+00  0.00000000E+00  5.92936935E-03  1.69629899E+00
 -3.39900000E-01  2.11125000E+00 -1.25991965E+00  0.00000000E+00  1.50153336E+00  0.00000000E+00  5.93916103E-03  1.68705646E+00
 -3.39900000E-01  2.11148500E+00 -1.25845376E+00  0.00000000E+00  1.50073673E+00  0.00000000E+00  5.94897240E-03  1.67783920E+00
 -3.39900000E-01  2.11172000E+00 -1.25697700E+00  0.00000000E+00  1.49993455E+00  0.00000000E+00  5.95880344E-03  1.66864721E+00
 -3.39900000E-01  2.11195500E+00 -1.25548939E+00  0.00000000E+00  1.49912686E+00  0.00000000E+00  5.96865415E-03  1.65948050E+00
 -3.39900000E-01  2.11219000E+00 -1.25399092E+00  0.00000000E+00  1.49831371E+00  0.00000000E+00  5.97852451E-03  1.65033908E+00
 -3.39900000E-01  2.11242500E+00 -1.25248159E+00  0.00000000E+00  1.49749516E+00  0.00000000E+00  5.98841452E-03  1.64122295E+00
 -3.39900000E-01  2.11266000E+00 -1.25096141E+00  0.00000000E+00  1.49667124E+00  0.00000000E+00  5.99832417E-03  1.63213211E+00
 -3.39900000E-01  2.11289500E+00 -1.24943036E+00  0.00000000E+00  1.49584201E+00  0.00000000E+00  6.00825345E-03  1.62306657E+00
 -3.39900000E-01  2.11313000E+00 -1.24788847E+00  0.00000000E+00  1.49500750E+00  0.00000000E+00  6.01820236E-03  1.61402632E+00
 -3.39900000E-01  2.11336500E+00 -1.24633571E+00  0.00000000E+00  1.49416776E+00  0.00000000E+00  6.02817087E-03  1.60501138E+00
 -3.39900000E-01  2.11360000E+00 -1.24477210E+00  0.00000000E+00  1.49332283E+00  0.00000000E+00  6.03815899E-03  1.59602173E+00
 -3.39900000E-01  2.11383500E+00 -1.24319763E+00  0.00000000E+00  1.49247275E+00  0.00000000E+00  6.04816670E-03  1.58705738E+00
 -3.39900000E-01  2.11407000E+00 -1.24161231E+00  0.00000000E+00  1.49161756E+00  0.00000000E+00  6.05819401E-03  1.57811833E+00
 -3.39900000E-01  2.11430500E+00 -1.24001613E+00  0.00000000E+00  1.49075730E+00  0.00000000E+00  6.06824088E-03  1.56920456E+00
 -3.39900000E-01  2.11454000E+00 -1.23840909E+00  0.00000000E+00  1.48989200E+00  0.00000000E+00  6.07830733E-03  1.56031608E+00
 -3.39900000E-01  2.11477500E+00 -1.23679120E+00  0.00000000E+00  1.48902169E+00  0.00000000E+00  6.08839333E-03  1.55145289E+00
 -3.39900000E-01  2.11501000E+00 -1.23516244E+00  0.00000000E+00  1.48814643E+00  0.00000000E+00  6.09849887E-03  1.54261498E+00
 -3.39900000E-01  2.11524500E+00 -1.23352284E+00  0.00000000E+00  1.48726622E+00  0.00000000E+00  6.10862395E-03  1.53380235E+00
 -3.39900000E-01  2.11548000E+00 -1.23187237E+00  0.00000000E+00  1.48638112E+00  0.00000000E+00  6.11876854E-03  1.52501499E+00
 -3.39900000E-01  2.11571500E+00 -1.23021104E+00  0.00000000E+00  1.48549115E+00  0.00000000E+00  6.12893264E-03  1.51625289E+00
 -3.39900000E-01  2.11595000E+00 -1.22853885E+00  0.00000000E+00  1.48459633E+00  0.00000000E+00  6.13911623E-03  1.50751607E+00
 -3.39900000E-01  2.11618500E+00 -1.22685580E+00  0.00000000E+00  1.48369671E+00  0.00000000E+00  6.14931929E-03  1.49880450E+00
 -3.39900000E-01  2.11642000E+00 -1.22516189E+00  0.00000000E+00  1.48279230E+00  0.00000000E+00  6.15954180E-03  1.49011818E+00
 -3.39900000E-01  2.11665500E+00 -1.22345712E+00  0.00000000E+00  1.48188314E+00  0.00000000E+00  6.16978374E-03  1.48145712E+00
 -3.39900000E-01  2.11689000E+00 -1.22174149E+00  0.00000000E+00  1.48096925E+00  0.00000000E+00  6.18004510E-03  1.47282131E+00
 -3.39900000E-01  2.11712500E+00 -1.22001499E+00  0.00000000E+00  1.48005065E+00  0.00000000E+00  6.19032585E-03  1.46421074E+00
 -3.39900000E-01  2.11736000E+00 -1.21827762E+00  0.00000000E+00  1.47912737E+00  0.00000000E+00  6.20062596E-03  1.45562541E+00
 -3.39900000E-01  2.11759500E+00 -1.21652940E+00  0.00000000E+00  1.47819943E+00  0.00000000E+00  6.21094540E-03  1.44706532E+00
 -3.39900000E-01  2.11783000E+00 -1.21477030E+00  0.00000000E+00  1.47726685E+00  0.00000000E+00  6.22128416E-03  1.43853046E+00
 -3.39900000E-01  2.11806500E+00 -1.21300034E+00  0.00000000E+00  1.47632966E+00  0.00000000E+00  6.23164219E-03  1.43002085E+00
 -3.39900000E-01  2.11830000E+00 -1.21121952E+00  0.00000000E+00  1.47538787E+00  0.00000000E+00  6.24201947E-03  1.42153646E+00
 -3.39900000E-01  2.11853500E+00 -1.20942783E+00  0.00000000E+00  1.47444151E+00  0.00000000E+00  6.25241595E-03  1.41307732E+00
 -3.39900000E-01  2.11877000E+00 -1.20762527E+00  0.00000000E+00  1.47349059E+00  0.00000000E+00  6.26283160E-03  1.40464340E+00
 -3.39900000E-01  2.11900500E+00 -1.20581185E+00  0.00000000E+00  1.47253513E+00  0.00000000E+00  6.27326638E-03  1.39623473E+00
 -3.39900000E-01  2.11924000E+00 -1.20398757E+00  0.00000000E+00  1.47157515E+00  0.00000000E+00  6.28372025E-03  1.38785130E+00
 -3.39900000E-01  2.11947500E+00 -1.20215242E+00  0.00000000E+00  1.47061066E+00  0.00000000E+00  6.29419315E-03  1.37949311E+00
 -3.39900000E-01  2.11971000E+00 -1.20030640E+00  0.00000000E+00  1.46964168E+00  0.00000000E+00  6.30468504E-03  1.37116017E+00
 -3.39900000E-01  2.11994500E+00 -1.19844953E+00  0.00000000E+00  1.46866822E+00  0.00000000E+00  6.31519586E-03  1.36285248E+00
 -3.39900000E-01  2.12018000E+00 -1.19658179E+00  0.00000000E+00  1.46769029E+00  0.00000000E+00  6.32572557E-03  1.35457005E+00
 -3.39900000E-01  2.12041500E+00 -1.19470298E+00  0.00000000E+00  1.46670721E+00  0.00000000E+00  6.33627529E-03  1.34631195E+00
 -3.39900000E-01  2.12065000E+00 -1.19281299E+00  0.00000000E+00  1.46571942E+00  0.00000000E+00  6.34684558E-03  1.33807773E+00
 -3.39900000E-01  2.12088500E+00 -1.19091225E+00  0.00000000E+00  1.46472867E+00  0.00000000E+00  6.35743397E-03  1.32986926E+00
 -3.39900000E-01  2.12112000E+00 -1.18900073E+00  0.00000000E+00  1.46373486E+00  0.00000000E+00  6.36804051E-03  1.32168648E+00
 -3.39900000E-01  2.12135500E+00 -1.18707844E+00  0.00000000E+00  1.46273791E+00  0.00000000E+00  6.37866523E-03  1.31352931E+00
 -3.39900000E-01  2.12159000E+00 -1.18514535E+00  0.00000000E+00  1.46173776E+00  0.00000000E+00  6.38930813E-03  1.30539768E+00
 -3.39900000E-01  2.12182500E+00 -1.18320145E+00  0.00000000E+00  1.46073434E+00  0.00000000E+00  6.39996923E-03  1.29729154E+00
 -3.39900000E-01  2.12206000E+00 -1.18124673E+00  0.00000000E+00  1.45972763E+00  0.00000000E+00  6.41064853E-03  1.28921084E+00
 -3.39900000E-01  2.12229500E+00 -1.17928118E+00  0.00000000E+00  1.45871758E+00  0.00000000E+00  6.42134602E-03  1.28115552E+00
 -3.39900000E-01  2.12253000E+00 -1.17730479E+00  0.00000000E+00  1.45770418E+00  0.00000000E+00  6.43206167E-03  1.27312555E+00
 -3.39900000E-01  2.12276500E+00 -1.17531756E+00  0.00000000E+00  1.45668742E+00  0.00000000E+00  6.44279548E-03  1.26512090E+00
 -3.39900000E-01  2.12300000E+00 -1.17331947E+00  0.00000000E+00  1.45566731E+00  0.00000000E+00  6.45354739E-03  1.25714154E+00
 -3.39900000E-01  2.12323500E+00 -1.17131053E+00  0.00000000E+00  1.45464385E+00  0.00000000E+00  6.46431737E-03  1.24918743E+00
 -3.39900000E-01  2.12347000E+00 -1.16929072E+00  0.00000000E+00  1.45361706E+00  0.00000000E+00  6.47510536E-03  1.24125857E+00
 -3.39900000E-01  2.12370500E+00 -1.16726004E+00  0.00000000E+00  1.45258699E+00  0.00000000E+00  6.48591131E-03  1.23335494E+00
 -3.39900000E-01  2.12394000E+00 -1.16521849E+00  0.00000000E+00  1.45155365E+00  0.00000000E+00  6.49673516E-03  1.22547652E+00
 -3.39900000E-01  2.12417500E+00 -1.16316607E+00  0.00000000E+00  1.45051710E+00  0.00000000E+00  6.50757683E-03  1.21762331E+00
 -3.39900000E-01  2.12441000E+00 -1.16110278E+00  0.00000000E+00  1.44947739E+00  0.00000000E+00  6.51843624E-03  1.20979530E+00
 -3.39900000E-01  2.12464500E+00 -1.15902860E+00  0.00000000E+00  1.44843458E+00  0.00000000E+00  6.52931331E-03  1.20199248E+00
 -3.39900000E-01  2.12488000E+00 -1.15694355E+00  0.00000000E+00  1.44738872E+00  0.00000000E+00  6.54020794E-03  1.19421487E+00
 -3.39900000E-01  2.12511500E+00 -1.15484763E+00  0.00000000E+00  1.44633989E+00  0.00000000E+00  6.55112005E-03  1.18646245E+00
 -3.39900000E-01  2.12535000E+00 -1.15274083E+00  0.00000000E+00  1.44528816E+00  0.00000000E+00  6.56204953E-03  1.17873523E+00
 -3.39900000E-01  2.12558500E+00 -1.15062315E+00  0.00000000E+00  1.44423361E+00  0.00000000E+00  6.57299628E-03  1.17103323E+00
 -3.39900000E-01  2.12582000E+00 -1.14849460E+00  0.00000000E+00  1.44317631E+00  0.00000000E+00  6.58396017E-03  1.16335643E+00
 -3.39900000E-01  2.12605500E+00 -1.14635518E+00  0.00000000E+00  1.44211635E+00  0.00000000E+00  6.59494110E-03  1.15570486E+00
 -3.39900000E-01  2.12629000E+00 -1.14420489E+00  0.00000000E+00  1.44105380E+00  0.00000000E+00  6.60593895E-03  1.14807852E+00
 -3.39900000E-01  2.12652500E+00 -1.14204374E+00  0.00000000E+00  1.43998876E+00  0.00000000E+00  6.61695359E-03  1.14047742E+00
 -3.39900000E-01  2.12676000E+00 -1.13987172E+00  0.00000000E+00  1.43892131E+00  0.00000000E+00  6.62798489E-03  1.13290156E+00
 -3.39900000E-01  2.12699500E+00 -1.13768883E+00  0.00000000E+00  1.43785154E+00  0.00000000E+00  6.63903273E-03  1.12535096E+00
 -3.39900000E-01  2.12723000E+00 -1.13549509E+00  0.00000000E+00  1.43677953E+00  0.00000000E+00  6.65009696E-03  1.11782563E+00
 -3.39900000E-01  2.12746500E+00 -1.13329049E+00  0.00000000E+00  1.43570536E+00  0.00000000E+00  6.66117746E-03  1.11032556E+00
 -3.39900000E-01  2.12770000E+00 -1.13107504E+00  0.00000000E+00  1.43462913E+00  0.00000000E+00  6.67227408E-03  1.10285077E+00
 -3.39900000E-01  2.12793500E+00 -1.12884873E+00  0.00000000E+00  1.43355090E+00  0.00000000E+00  6.68338669E-03  1.09540127E+00
 -3.39900000E-01  2.12817000E+00 -1.12661157E+00  0.00000000E+00  1.43247077E+00  0.00000000E+00  6.69451514E-03  1.08797704E+00
 -3.39900000E-01  2.12840500E+00 -1.12436356E+00  0.00000000E+00  1.43138880E+00  0.00000000E+00  6.70565929E-03  1.08057812E+00
 -3.39900000E-01  2.12864000E+00 -1.12210470E+00  0.00000000E+00  1.43030506E+00  0.00000000E+00  6.71681899E-03  1.07320447E+00
 -3.39900000E-01  2.12887500E+00 -1.11983499E+00  0.00000000E+00  1.42921963E+00  0.00000000E+00  6.72799410E-03  1.06585612E+00
 -3.39900000E-01  2.12911000E+00 -1.11755442E+00  0.00000000E+00  1.42813256E+00  0.00000000E+00  6.73918448E-03  1.05853305E+00
 -3.39900000E-01  2.12934500E+00 -1.11526301E+00  0.00000000E+00  1.42704390E+00  0.00000000E+00  6.75038998E-03  1.05123526E+00
 -3.39900000E-01  2.12958000E+00 -1.11296073E+00  0.00000000E+00  1.42595371E+00  0.00000000E+00  6.76161045E-03  1.04396273E+00
 -3.39900000E-01  2.12981500E+00 -1.11064760E+00  0.00000000E+00  1.42486203E+00  0.00000000E+00  6.77284576E-03  1.03671546E+00
 -3.39900000E-01  2.13005000E+00 -1.10832361E+00  0.00000000E+00  1.42376889E+00  0.00000000E+00  6.78409577E-03  1.02949343E+00
 -3.39900000E-01  2.13028500E+00 -1.10598874E+00  0.00000000E+00  1.42267432E+00  0.00000000E+00  6.79536032E-03  1.02229662E+00
 -3.39900000E-01  2.13052000E+00 -1.10364300E+00  0.00000000E+00  1.42157833E+00  0.00000000E+00  6.80663929E-03  1.01512501E+00
 -3.39900000E-01  2.13075500E+00 -1.10128636E+00  0.00000000E+00  1.42048094E+00  0.00000000E+00  6.81793253E-03  1.00797858E+00
 -3.39900000E-01  2.13099000E+00 -1.09891884E+00  0.00000000E+00  1.41938214E+00  0.00000000E+00  6.82923992E-03  1.00085729E+00
 -3.39900000E-01  2.13122500E+00 -1.09654040E+00  0.00000000E+00  1.41828193E+00  0.00000000E+00  6.84056133E-03  9.93761112E-01
 -3.39900000E-01  2.13146000E+00 -1.09415104E+00  0.00000000E+00  1.41718026E+00  0.00000000E+00  6.85189662E-03  9.86690006E-01
 -3.39900000E-01  2.13169500E+00 -1.09175074E+00  0.00000000E+00  1.41607712E+00  0.00000000E+00  6.86324569E-03  9.79643930E-01
 -3.39900000E-01  2.13193000E+00 -1.08933948E+00  0.00000000E+00  1.41497245E+00  0.00000000E+00  6.87460839E-03  9.72622837E-01
 -3.39900000E-01  2.13216500E+00 -1.08691724E+00  0.00000000E+00  1.41386620E+00  0.00000000E+00  6.88598463E-03  9.65626677E-01
 -3.39900000E-01  2.13240000E+00 -1.08448401E+00  0.00000000E+00  1.41275828E+00  0.00000000E+00  6.89737430E-03  9.58655392E-01
 -3.39900000E-01  2.13263500E+00 -1.08203975E+00  0.00000000E+00  1.41164862E+00  0.00000000E+00  6.90877729E-03  9.51708921E-01
 -3.39900000E-01  2.13287000E+00 -1.07958523E+00  0.00000000E+00  1.41054020E+00  0.00000000E+00  6.92018974E-03  9.44789439E-01
 -3.39900000E-01  2.13310500E+00 -1.07711996E+00  0.00000000E+00  1.40943208E+00  0.00000000E+00  6.93161386E-03  9.37895495E-01
 -3.39900000E-01  2.13334000E+00 -1.07464381E+00  0.00000000E+00  1.40832395E+00  0.00000000E+00  6.94304992E-03  9.31026782E-01
 -3.39900000E-01  2.13357500E+00 -1.07215681E+00  0.00000000E+00  1.40721584E+00  0.00000000E+00  6.95449768E-03  9.24183306E-01
 -3.39900000E-01  2.13381000E+00 -1.06965893E+00  0.00000000E+00  1.40610782E+00  0.00000000E+00  6.96595687E-03  9.17365071E-01
 -3.39900000E-01  2.13404500E+00 -1.06715019E+00  0.00000000E+00  1.40499992E+00  0.00000000E+00  6.97742725E-03  9.10572081E-01
 -3.39900000E-01  2.13428000E+00 -1.06463059E+00  0.00000000E+00  1.40389219E+00  0.00000000E+00  6.98890855E-03  9.03804339E-01
 -3.39900000E-01  2.13451500E+00 -1.06210013E+00  0.00000000E+00  1.40278468E+00  0.00000000E+00  7.00040050E-03  8.97061848E-01
 -3.39900000E-01  2.13475000E+00 -1.05955881E+00  0.00000000E+00  1.40167744E+00  0.00000000E+00  7.01190284E-03  8.90344607E-01
 -3.39900000E-01  2.13498500E+00 -1.05700662E+00  0.00000000E+00  1.40057053E+00  0.00000000E+00  7.02341530E-03  8.83652617E-01
 -3.39900000E-01  2.13522000E+00 -1.05444358E+00  0.00000000E+00  1.39946398E+00  0.00000000E+00  7.03493760E-03  8.76985878E-01
 -3.39900000E-01  2.13545500E+00 -1.05186967E+00  0.00000000E+00  1.39835786E+00  0.00000000E+00  7.04646945E-03  8.70344390E-01
 -3.39900000E-01  2.13569000E+00 -1.04928490E+00  0.00000000E+00  1.39725221E+00  0.00000000E+00  7.05801057E-03  8.63728150E-01
 -3.39900000E-01  2.13592500E+00 -1.04668927E+00  0.00000000E+00  1.39614709E+00  0.00000000E+00  7.06956066E-03  8.57137158E-01
 -3.39900000E-01  2.13616000E+00 -1.04408277E+00  0.00000000E+00  1.39504256E+00  0.00000000E+00  7.08111943E-03  8.50571412E-01
 -3.39900000E-01  2.13639500E+00 -1.04146541E+00  0.00000000E+00  1.39393867E+00  0.00000000E+00  7.09268657E-03  8.44030908E-01
 -3.39900000E-01  2.13663000E+00 -1.03883719E+00  0.00000000E+00  1.39283548E+00  0.00000000E+00  7.10426176E-03  8.37515646E-01
 -3.39900000E-01  2.13686500E+00 -1.03619810E+00  0.00000000E+00  1.39173304E+00  0.00000000E+00  7.11584469E-03  8.31025620E-01
 -3.39900000E-01  2.13710000E+00 -1.03354814E+00  0.00000000E+00  1.39063143E+00  0.00000000E+00  7.12743504E-03  8.24560830E-01
 -3.39900000E-01  2.13733500E+00 -1.03088731E+00  0.00000000E+00  1.38953071E+00  0.00000000E+00  7.13903246E-03  8.18121272E-01
 -3.39900000E-01  2.13757000E+00 -1.02821562E+00  0.00000000E+00  1.38843093E+00  0.00000000E+00  7.15063663E-03  8.11706942E-01
 -3.39900000E-01  2.13780500E+00 -1.02553305E+00  0.00000000E+00  1.38733217E+00  0.00000000E+00  7.16224718E-03  8.05317839E-01
 -3.39900000E-01  2.13804000E+00 -1.02283961E+00  0.00000000E+00  1.38623449E+00  0.00000000E+00  7.17386378E-03  7.98953959E-01
 -3.39900000E-01  2.13827500E+00 -1.02013529E+00  0.00000000E+00  1.38513797E+00  0.00000000E+00  7.18548604E-03  7.92615300E-01
 -3.39900000E-01  2.13851000E+00 -1.01742010E+00  0.00000000E+00  1.38404269E+00  0.00000000E+00  7.19711360E-03  7.86301859E-01
 -3.39900000E-01  2.13874500E+00 -1.01469403E+00  0.00000000E+00  1.38294871E+00  0.00000000E+00  7.20874608E-03  7.80013634E-01
 -3.39900000E-01  2.13898000E+00 -1.01195709E+00  0.00000000E+00  1.38185612E+00  0.00000000E+00  7.22038308E-03  7.73750624E-01
 -3.39900000E-01  2.13921500E+00 -1.00920926E+00  0.00000000E+00  1.38076501E+00  0.00000000E+00  7.23202420E-03  7.67512827E-01
 -3.39900000E-01  2.13945000E+00 -1.00645056E+00  0.00000000E+00  1.37967544E+00  0.00000000E+00  7.24366903E-03  7.61300242E-01
 -3.39900000E-01  2.13968500E+00 -1.00368097E+00  0.00000000E+00  1.37858752E+00  0.00000000E+00  7.25531716E-03  7.55112868E-01
 -3.39900000E-01  2.13992000E+00 -1.00090051E+00  0.00000000E+00  1.37750133E+00  0.00000000E+00  7.26696815E-03  7.48950705E-01
 -3.39900000E-01  2.14015500E+00 -9.98109162E-01  0.00000000E+00  1.37641696E+00  0.00000000E+00  7.27862155E-03  7.42813754E-01
 -3.39900000E-01  2.14039000E+00 -9.95306935E-01  0.00000000E+00  1.37533452E+00  0.00000000E+00  7.29027692E-03  7.36702015E-01
 -3.39900000E-01  2.14062500E+00 -9.92493828E-01  0.00000000E+00  1.37425411E+00  0.00000000E+00  7.30193380E-03  7.30615491E-01
 -3.39900000E-01  2.14086000E+00 -9.89669840E-01  0.00000000E+00  1.37317582E+00  0.00000000E+00  7.31359169E-03  7.24554183E-01
 -3.39900000E-01  2.14109500E+00 -9.86834975E-01  0.00000000E+00  1.37209976E+00  0.00000000E+00  7.32525013E-03  7.18518095E-01
 -3.39900000E-01  2.14133000E+00 -9.83989232E-01  0.00000000E+00  1.37102605E+00  0.00000000E+00  7.33690861E-03  7.12507230E-01
 -3.39900000E-01  2.14156500E+00 -9.81132614E-01  0.00000000E+00  1.36995481E+00  0.00000000E+00  7.34856661E-03  7.06521593E-01
 -3.39900000E-01  2.14180000E+00 -9.78265123E-01  0.00000000E+00  1.36888614E+00  0.00000000E+00  7.36022361E-03  7.00561189E-01
 -3.39900000E-01  2.14203500E+00 -9.75386761E-01  0.00000000E+00  1.36782017E+00  0.00000000E+00  7.37187908E-03  6.94626025E-01
 -3.39900000E-01  2.14227000E+00 -9.72497533E-01  0.00000000E+00  1.36675703E+00  0.00000000E+00  7.38353247E-03  6.88716106E-01
 -3.39900000E-01  2.14250500E+00 -9.69597442E-01  0.00000000E+00  1.36569685E+00  0.00000000E+00  7.39518320E-03  6.82831442E-01
 -3.39900000E-01  2.14274000E+00 -9.66686492E-01  0.00000000E+00  1.36463977E+00  0.00000000E+00  7.40683071E-03  6.76972040E-01
 -3.39900000E-01  2.14297500E+00 -9.63764689E-01  0.00000000E+00  1.36358591E+00  0.00000000E+00  7.41847440E-03  6.71137911E-01
 -3.39900000E-01  2.14321000E+00 -9.60832038E-01  0.00000000E+00  1.36253544E+00  0.00000000E+00  7.43011366E-03  6.65329065E-01
 -3.39900000E-01  2.14344500E+00 -9.57888546E-01  0.00000000E+00  1.36148850E+00  0.00000000E+00  7.44174787E-03  6.59545515E-01
 -3.39900000E-01  2.14368000E+00 -9.54934219E-01  0.00000000E+00  1.36044523E+00  0.00000000E+00  7.45337641E-03  6.53787272E-01
 -3.39900000E-01  2.14391500E+00 -9.51969067E-01  0.00000000E+00  1.35940580E+00  0.00000000E+00  7.46499861E-03  6.48054351E-01
 -3.39900000E-01  2.14415000E+00 -9.48993097E-01  0.00000000E+00  1.35837038E+00  0.00000000E+00  7.47661381E-03  6.42346766E-01
 -3.39900000E-01  2.14438500E+00 -9.46006319E-01  0.00000000E+00  1.35733912E+00  0.00000000E+00  7.48822134E-03  6.36664534E-01
 -3.39900000E-01  2.14462000E+00 -9.43008743E-01  0.00000000E+00  1.35631221E+00  0.00000000E+00  7.49982048E-03  6.31007671E-01
 -3.39900000E-01  2.14485500E+00 -9.40000381E-01  0.00000000E+00  1.35528981E+00  0.00000000E+00  7.51141054E-03  6.25376195E-01
 -3.39900000E-01  2.14509000E+00 -9.36981216E-01  0.00000000E+00  1.35426809E+00  0.00000000E+00  7.52299079E-03  6.19770073E-01
 -3.39900000E-01  2.14532500E+00 -9.33951098E-01  0.00000000E+00  1.35324656E+00  0.00000000E+00  7.53456109E-03  6.14189025E-01
 -3.39900000E-01  2.14556000E+00 -9.30910024E-01  0.00000000E+00  1.35223215E+00  0.00000000E+00  7.54612088E-03  6.08633051E-01
 -3.39900000E-01  2.14579500E+00 -9.27858012E-01  0.00000000E+00  1.35122434E+00  0.00000000E+00  7.55766932E-03  6.03102187E-01
 -3.39900000E-01  2.14603000E+00 -9.24795076E-01  0.00000000E+00  1.35022268E+00  0.00000000E+00  7.56920558E-03  5.97596463E-01
 -3.39900000E-01  2.14626500E+00 -9.21721232E-01  0.00000000E+00  1.34922680E+00  0.00000000E+00  7.58072882E-03  5.92115906E-01
 -3.39900000E-01  2.14650000E+00 -9.18636490E-01  0.00000000E+00  1.34823637E+00  0.00000000E+00  7.59223817E-03  5.86660540E-01
 -3.39900000E-01  2.14673500E+00 -9.15540863E-01  0.00000000E+00  1.34725113E+00  0.00000000E+00  7.60373279E-03  5.81230386E-01
 -3.39900000E-01  2.14697000E+00 -9.12434360E-01  0.00000000E+00  1.34627086E+00  0.00000000E+00  7.61521180E-03  5.75825462E-01
 -3.39900000E-01  2.14720500E+00 -9.09316990E-01  0.00000000E+00  1.34529541E+00  0.00000000E+00  7.62667432E-03  5.70445784E-01
 -3.39900000E-01  2.14744000E+00 -9.06188760E-01  0.00000000E+00  1.34432467E+00  0.00000000E+00  7.63811945E-03  5.65091364E-01
 -3.39900000E-01  2.14767500E+00 -9.03049677E-01  0.00000000E+00  1.34335856E+00  0.00000000E+00  7.64954629E-03  5.59762212E-01
 -3.39900000E-01  2.14791000E+00 -8.99899745E-01  0.00000000E+00  1.34239707E+00  0.00000000E+00  7.66095393E-03  5.54458337E-01
 -3.39900000E-01  2.14814500E+00 -8.96738970E-01  0.00000000E+00  1.34144021E+00  0.00000000E+00  7.67234143E-03  5.49179744E-01
 -3.39900000E-01  2.14838000E+00 -8.93567354E-01  0.00000000E+00  1.34048803E+00  0.00000000E+00  7.68370784E-03  5.43926439E-01
 -3.39900000E-01  2.14861500E+00 -8.90384899E-01  0.00000000E+00  1.33954063E+00  0.00000000E+00  7.69505219E-03  5.38698424E-01
 -3.39900000E-01  2.14885000E+00 -8.87191606E-01  0.00000000E+00  1.33859813E+00  0.00000000E+00  7.70637352E-03  5.33495699E-01
 -3.39900000E-01  2.14908500E+00 -8.83987477E-01  0.00000000E+00  1.33766067E+00  0.00000000E+00  7.71767082E-03  5.28318265E-01
 -3.39900000E-01  2.14932000E+00 -8.80772511E-01  0.00000000E+00  1.33672842E+00  0.00000000E+00  7.72894306E-03  5.23166121E-01
 -3.39900000E-01  2.14955500E+00 -8.77546707E-01  0.00000000E+00  1.33580159E+00  0.00000000E+00  7.74018922E-03  5.18039263E-01
 -3.39900000E-01  2.14979000E+00 -8.74310063E-01  0.00000000E+00  1.33488040E+00  0.00000000E+00  7.75140823E-03  5.12937688E-01
 -3.39900000E-01  2.15002500E+00 -8.71062577E-01  0.00000000E+00  1.33396507E+00  0.00000000E+00  7.76259902E-03  5.07861392E-01
 -3.39900000E-01  2.15026000E+00 -8.67804248E-01  0.00000000E+00  1.33305587E+00  0.00000000E+00  7.77376048E-03  5.02810370E-01
 -3.39900000E-01  2.15049500E+00 -8.64535071E-01  0.00000000E+00  1.33215305E+00  0.00000000E+00  7.78489148E-03  4.97784617E-01
 -3.39900000E-01  2.15073000E+00 -8.61255043E-01  0.00000000E+00  1.33125688E+00  0.00000000E+00  7.79599087E-03  4.92784127E-01
 -3.39900000E-01  2.15096500E+00 -8.57964161E-01  0.00000000E+00  1.33036765E+00  0.00000000E+00  7.80705748E-03  4.87808893E-01
 -3.39900000E-01  2.15120000E+00 -8.54662420E-01  0.00000000E+00  1.32948563E+00  0.00000000E+00  7.81809010E-03  4.82858909E-01
 -3.39900000E-01  2.15143500E+00 -8.51349817E-01  0.00000000E+00  1.32861110E+00  0.00000000E+00  7.82908750E-03  4.77934170E-01
 -3.39900000E-01  2.15167000E+00 -8.48026347E-01  0.00000000E+00  1.32774436E+00  0.00000000E+00  7.84004843E-03  4.73034669E-01
 -3.39900000E-01  2.15190500E+00 -8.44692007E-01  0.00000000E+00  1.32688566E+00  0.00000000E+00  7.85097158E-03  4.68160400E-01
 -3.39900000E-01  2.15214000E+00 -8.41346791E-01  0.00000000E+00  1.32603529E+00  0.00000000E+00  7.86185565E-03  4.63311358E-01
 -3.39900000E-01  2.15237500E+00 -8.37990697E-01  0.00000000E+00  1.32519348E+00  0.00000000E+00  7.87269929E-03  4.58487537E-01
 -3.39900000E-01  2.15261000E+00 -8.34623721E-01  0.00000000E+00  1.32436050E+00  0.00000000E+00  7.88350111E-03  4.53688933E-01
 -3.39900000E-01  2.15284500E+00 -8.31245859E-01  0.00000000E+00  1.32353657E+00  0.00000000E+00  7.89425970E-03  4.48915542E-01
 -3.39900000E-01  2.15308000E+00 -8.27857108E-01  0.00000000E+00  1.32272189E+00  0.00000000E+00  7.90497360E-03  4.44167361E-01
 -3.39900000E-01  2.15331500E+00 -8.24457466E-01  0.00000000E+00  1.32191665E+00  0.00000000E+00  7.91564135E-03  4.39444386E-01
 -3.39900000E-01  2.15355000E+00 -8.21046932E-01  0.00000000E+00  1.32112102E+00  0.00000000E+00  7.92626142E-03  4.34746617E-01
 -3.39900000E-01  2.15378500E+00 -8.17625503E-01  0.00000000E+00  1.32033512E+00  0.00000000E+00  7.93683225E-03  4.30074053E-01
 -3.39900000E-01  2.15402000E+00 -8.14193180E-01  0.00000000E+00  1.31955907E+00  0.00000000E+00  7.94735225E-03  4.25426695E-01
 -3.39900000E-01  2.15425500E+00 -8.10749964E-01  0.00000000E+00  1.31879293E+00  0.00000000E+00  7.95781979E-03  4.20804544E-01
 -3.39900000E-01  2.15449000E+00 -8.07295855E-01  0.00000000E+00  1.31803674E+00  0.00000000E+00  7.96823321E-03  4.16207604E-01
 -3.39900000E-01  2.15472500E+00 -8.03830856E-01  0.00000000E+00  1.31729050E+00  0.00000000E+00  7.97859079E-03  4.11635877E-01
 -3.39900000E-01  2.15496000E+00 -8.00354970E-01  0.00000000E+00  1.31655416E+00  0.00000000E+00  7.98889078E-03  4.07089371E-01
 -3.39900000E-01  2.15519500E+00 -7.96868204E-01  0.00000000E+00  1.31582762E+00  0.00000000E+00  7.99913139E-03  4.02568092E-01
 -3.39900000E-01  2.15543000E+00 -7.93370562E-01  0.00000000E+00  1.31511077E+00  0.00000000E+00  8.00931080E-03  3.98072048E-01
 -3.39900000E-01  2.15566500E+00 -7.89862052E-01  0.00000000E+00  1.31440340E+00  0.00000000E+00  8.01942712E-03  3.93601249E-01
 -3.39900000E-01  2.15590000E+00 -7.86342685E-01  0.00000000E+00  1.31370527E+00  0.00000000E+00  8.02947844E-03  3.89155708E-01
 -3.39900000E-01  2.15613500E+00 -7.82812470E-01  0.00000000E+00  1.31301610E+00  0.00000000E+00  8.03946279E-03  3.84735437E-01
 -3.39900000E-01  2.15637000E+00 -7.79271420E-01  0.00000000E+00  1.31233553E+00  0.00000000E+00  8.04937816E-03  3.80340452E-01
 -3.39900000E-01  2.15660500E+00 -7.75719549E-01  0.00000000E+00  1.31166313E+00  0.00000000E+00  8.05922250E-03  3.75970769E-01
 -3.39900000E-01  2.15684000E+00 -7.72156875E-01  0.00000000E+00  1.31099844E+00  0.00000000E+00  8.06899371E-03  3.71626406E-01
 -3.39900000E-01  2.15707500E+00 -7.68583415E-01  0.00000000E+00  1.31034091E+00  0.00000000E+00  8.07868965E-03  3.67307385E-01
 -3.39900000E-01  2.15731000E+00 -7.64999191E-01  0.00000000E+00  1.30968991E+00  0.00000000E+00  8.08830811E-03  3.63013726E-01
 -3.39900000E-01  2.15754500E+00 -7.61404163E-01  0.00000000E+00  1.30905034E+00  0.00000000E+00  8.09784674E-03  3.58425064E-01
 -3.39900000E-01  2.15778000E+00 -7.57798075E-01  0.00000000E+00  1.30840472E+00  0.00000000E+00  8.10730337E-03  3.53004695E-01
 -3.39900000E-01  2.15801500E+00 -7.54181129E-01  0.00000000E+00  1.30771821E+00  0.00000000E+00  8.11667633E-03  3.48305809E-01
 -3.39900000E-01  2.15825000E+00 -7.50553320E-01  0.00000000E+00  1.30700647E+00  0.00000000E+00  8.12596314E-03  3.44157417E-01
 -3.39900000E-01  2.15848500E+00 -7.46914643E-01  0.00000000E+00  1.30628334E+00  0.00000000E+00  8.13516124E-03  3.40409702E-01
 -3.39900000E-01  2.15872000E+00 -7.43265094E-01  0.00000000E+00  1.30556092E+00  0.00000000E+00  8.14426808E-03  3.36932899E-01
 -3.39900000E-01  2.15895500E+00 -7.39604670E-01  0.00000000E+00  1.30484960E+00  0.00000000E+00  8.15328101E-03  3.33616190E-01
 -3.39900000E-01  2.15919000E+00 -7.35933367E-01  0.00000000E+00  1.30415811E+00  0.00000000E+00  8.16219738E-03  3.30366593E-01
 -3.39900000E-01  2.15942500E+00 -7.32251184E-01  0.00000000E+00  1.30349363E+00  0.00000000E+00  8.17101446E-03  3.27107853E-01
 -3.39900000E-01  2.15966000E+00 -7.28558119E-01  0.00000000E+00  1.30286174E+00  0.00000000E+00  8.17972948E-03  3.23779331E-01
 -3.39900000E-01  2.15989500E+00 -7.24854171E-01  0.00000000E+00  1.30226657E+00  0.00000000E+00  8.18833962E-03  3.20334900E-01
 -3.39900000E-01  2.16013000E+00 -7.21139339E-01  0.00000000E+00  1.30171082E+00  0.00000000E+00  8.19684199E-03  3.16741833E-01
 -3.39900000E-01  2.16036500E+00 -7.17413625E-01  0.00000000E+00  1.30119576E+00  0.00000000E+00  8.20523364E-03  3.12979696E-01
 -3.39900000E-01  2.16060000E+00 -7.13677028E-01  0.00000000E+00  1.30072139E+00  0.00000000E+00  8.21351157E-03  3.09039238E-01
 -3.39900000E-01  2.16083500E+00 -7.09929549E-01  0.00000000E+00  1.30028640E+00  0.00000000E+00  8.22167270E-03  3.04921287E-01
 -3.39900000E-01  2.16107000E+00 -7.06171190E-01  0.00000000E+00  1.29988824E+00  0.00000000E+00  8.22971388E-03  3.00635637E-01
 -3.39900000E-01  2.16130500E+00 -7.02401952E-01  0.00000000E+00  1.29952324E+00  0.00000000E+00  8.23763190E-03  2.96199940E-01
 -3.39900000E-01  2.16154000E+00 -6.98621838E-01  0.00000000E+00  1.29918656E+00  0.00000000E+00  8.24542346E-03  2.91638599E-01
 -3.39900000E-01  2.16177500E+00 -6.94830850E-01  0.00000000E+00  1.29887232E+00  0.00000000E+00  8.25308518E-03  2.86981658E-01
 -3.39900000E-01  2.16201000E+00 -6.91028990E-01  0.00000000E+00  1.29857363E+00  0.00000000E+00  8.26061362E-03  2.82263691E-01
 -3.39900000E-01  2.16224500E+00 -6.87216262E-01  0.00000000E+00  1.29828264E+00  0.00000000E+00  8.26800524E-03  2.77522697E-01
 -3.39900000E-01  2.16248000E+00 -6.83392667E-01  0.00000000E+00  1.29799058E+00  0.00000000E+00  8.27525640E-03  2.72798986E-01
 -3.39900000E-01  2.16271500E+00 -6.79558210E-01  0.00000000E+00  1.29768784E+00  0.00000000E+00  8.28236340E-03  2.68134071E-01
 -3.39900000E-01  2.16295000E+00 -6.75712893E-01  0.00000000E+00  1.29736401E+00  0.00000000E+00  8.28932243E-03  2.63569560E-01
 -3.39900000E-01  2.16318500E+00 -6.71856720E-01  0.00000000E+00  1.29700792E+00  0.00000000E+00  8.29612958E-03  2.59146045E-01
 -3.39900000E-01  2.16342000E+00 -6.67989693E-01  0.00000000E+00  1.29660774E+00  0.00000000E+00  8.30278086E-03  2.54901993E-01
 -3.39900000E-01  2.16365500E+00 -6.64111817E-01  0.00000000E+00  1.29615095E+00  0.00000000E+00  8.30927215E-03  2.50872636E-01
 -3.39900000E-01  2.16389000E+00 -6.60223092E-01  0.00000000E+00  1.29562449E+00  0.00000000E+00  8.31559925E-03  2.47088863E-01
 -3.39900000E-01  2.16412500E+00 -6.56323524E-01  0.00000000E+00  1.29501473E+00  0.00000000E+00  8.32175784E-03  2.43576108E-01
 -3.39900000E-01  2.16436000E+00 -6.52413113E-01  0.00000000E+00  1.29430759E+00  0.00000000E+00  8.32774349E-03  2.40353246E-01
 -3.39900000E-01  2.16459500E+00 -6.48491863E-01  0.00000000E+00  1.29348854E+00  0.00000000E+00  8.33355166E-03  2.37431480E-01
 -3.39900000E-01  2.16483000E+00 -6.44559775E-01  0.00000000E+00  1.29254267E+00  0.00000000E+00  8.33917769E-03  2.34813233E-01
 -3.39900000E-01  2.16506500E+00 -6.40616852E-01  0.00000000E+00  1.29145478E+00  0.00000000E+00  8.34461682E-03  2.32491043E-01
 -3.39900000E-01  2.16530000E+00 -6.36663094E-01  0.00000000E+00  1.29020937E+00  0.00000000E+00  8.34986412E-03  2.30446451E-01
 -3.39900000E-01  2.16553500E+00 -6.32698503E-01  0.00000000E+00  1.28879073E+00  0.00000000E+00  8.35491459E-03  2.28648895E-01
 -3.39900000E-01  2.16577000E+00 -6.28723078E-01  0.00000000E+00  1.28718300E+00  0.00000000E+00  8.35976306E-03  2.27054603E-01
 -3.39900000E-01  2.16600500E+00 -6.24736820E-01  0.00000000E+00  1.28537021E+00  0.00000000E+00  8.36440424E-03  2.25605485E-01
 -3.39900000E-01  2.16624000E+00 -6.20739728E-01  0.00000000E+00  1.28333631E+00  0.00000000E+00  8.36883272E-03  2.24228023E-01
 -3.39900000E-01  2.16647500E+00 -6.16731800E-01  0.00000000E+00  1.28106527E+00  0.00000000E+00  8.37304293E-03  2.22832167E-01
 -3.39900000E-01  2.16671000E+00 -6.12713035E-01  0.00000000E+00  1.27854110E+00  0.00000000E+00  8.37702917E-03  2.21310225E-01
 -3.39900000E-01  2.16694500E+00 -6.08683428E-01  0.00000000E+00  1.27574790E+00  0.00000000E+00  8.38078560E-03  2.19535755E-01
 -3.39900000E-01  2.16718000E+00 -6.04642977E-01  0.00000000E+00  1.27266995E+00  0.00000000E+00  8.38430621E-03  2.17362457E-01
 -3.39900000E-01  2.16741500E+00 -6.00591676E-01  0.00000000E+00  1.26929171E+00  0.00000000E+00  8.38758486E-03  2.14623063E-01
 -3.39900000E-01  2.16765000E+00 -5.96529521E-01  0.00000000E+00  1.26559790E+00  0.00000000E+00  8.39061525E-03  2.11128228E-01
 -3.39900000E-01  2.16788500E+00 -5.92456504E-01  0.00000000E+00  1.26157358E+00  0.00000000E+00  8.39339092E-03  2.06665416E-01
 -3.39900000E-01  2.16812000E+00 -5.88372617E-01  0.00000000E+00  1.25720414E+00  0.00000000E+00  8.39590525E-03  2.00997789E-01
 -3.39900000E-01  2.16835500E+00 -5.84277853E-01  0.00000000E+00  1.25247540E+00  0.00000000E+00  8.39815145E-03  1.93863094E-01
 -3.39900000E-01  2.16859000E+00 -5.80172201E-01  0.00000000E+00  1.24737365E+00  0.00000000E+00  8.40012257E-03  1.84972543E-01
 -3.39900000E-01  2.16882500E+00 -5.76055649E-01  0.00000000E+00  1.24188569E+00  0.00000000E+00  8.40181148E-03  1.74009695E-01
 -3.39900000E-01  2.16906000E+00 -5.71928186E-01  0.00000000E+00  1.23599890E+00  0.00000000E+00  8.40321089E-03  1.60629334E-01
 -3.39900000E-01  2.16929500E+00 -5.67789796E-01  0.00000000E+00  1.22970128E+00  0.00000000E+00  8.40431330E-03  1.44456345E-01
 -3.39900000E-01  2.16953000E+00 -5.63640466E-01  0.00000000E+00  1.22298151E+00  0.00000000E+00  8.40511106E-03  1.25084582E-01
 -3.39900000E-01  2.16976500E+00 -5.59480177E-01  0.00000000E+00  1.21582900E+00  0.00000000E+00  8.40559632E-03  1.02075737E-01
 -3.39900000E-01  2.17000000E+00 -5.55308912E-01  0.00000000E+00  1.20823392E+00  0.00000000E+00  8.40576102E-03  7.49581974E-02
