               X               Y            VELX            VELY            PRES            TEMP            PS 1            PS 2  2.06250000E+03
  2.50000000E+00 -1.00000000E+00 -1.96972558E-14 -2.83496264E-20 -9.71359272E-02  9.99999975E-05 -3.17510685E-19  2.31863747E-17
  2.50000000E+00 -9.97000000E-01 -8.22225960E-02  5.86509850E-05 -9.71356063E-02  9.99999975E-05  1.60543743E-04  1.23042983E-02
  2.50000000E+00 -9.94000000E-01 -1.20987495E-01  1.67756339E-04 -9.71346614E-02  9.99999975E-05  4.67532107E-04  3.81514291E-02
  2.50000000E+00 -9.91000000E-01 -1.33790740E-01  2.71355008E-04 -9.71328157E-02  9.99999975E-05  6.84446482E-04  7.42531921E-02
  2.50000000E+00 -9.88000000E-01 -1.39089484E-01  3.68361425E-04 -9.71302292E-02  9.99999975E-05  8.75541824E-04  1.12022736E-01
  2.50000000E+00 -9.85000000E-01 -1.41732228E-01  4.61523501E-04 -9.71271549E-02  9.99999975E-05  1.04853187E-03  1.47966335E-01
  2.50000000E+00 -9.82000000E-01 -1.43180525E-01  5.52231512E-04 -9.71237685E-02  9.99999975E-05  1.20677772E-03  1.81445064E-01
  2.50000000E+00 -9.79000000E-01 -1.43991986E-01  6.41167432E-04 -9.71201807E-02  9.99999975E-05  1.35313044E-03  2.12557554E-01
  2.50000000E+00 -9.76000000E-01 -1.44422124E-01  7.28702520E-04 -9.71164623E-02  9.99999975E-05  1.48981358E-03  2.41549686E-01
  2.50000000E+00 -9.73000000E-01 -1.44604474E-01  8.15059491E-04 -9.71126615E-02  9.99999975E-05  1.61851102E-03  2.68669274E-01
  2.50000000E+00 -9.70000000E-01 -1.44615956E-01  9.00383527E-04 -9.71088121E-02  9.99999975E-05  1.74050251E-03  2.94133594E-01
  2.50000000E+00 -9.67000000E-01 -1.44503970E-01  9.84774871E-04 -9.71049403E-02  9.99999975E-05  1.85677447E-03  3.18126371E-01
  2.50000000E+00 -9.64000000E-01 -1.44299547E-01  1.06830622E-03 -9.71010647E-02  9.99999975E-05  1.96810086E-03  3.40801649E-01
  2.50000000E+00 -9.61000000E-01 -1.44023841E-01  1.15103263E-03 -9.70971996E-02  9.99999975E-05  2.07509943E-03  3.62289123E-01
  2.50000000E+00 -9.58000000E-01 -1.43691812E-01  1.23299681E-03 -9.70933588E-02  9.99999975E-05  2.17827093E-03  3.82698625E-01
  2.50000000E+00 -9.55000000E-01 -1.43314370E-01  1.31423266E-03 -9.70895509E-02  9.99999975E-05  2.27802733E-03  4.02123993E-01
  2.50000000E+00 -9.52000000E-01 -1.42899651E-01  1.39476785E-03 -9.70857830E-02  9.99999975E-05  2.37471168E-03  4.20645997E-01
  2.50000000E+00 -9.49000000E-01 -1.42453877E-01  1.47462526E-03 -9.70820612E-02  9.99999975E-05  2.46861320E-03  4.38334779E-01
  2.50000000E+00 -9.46000000E-01 -1.41981873E-01  1.55382403E-03 -9.70783907E-02  9.99999975E-05  2.55997803E-03  4.55251678E-01
  2.50000000E+00 -9.43000000E-01 -1.41487443E-01  1.63238027E-03 -9.70747758E-02  9.99999975E-05  2.64901756E-03  4.71450703E-01
  2.50000000E+00 -9.40000000E-01 -1.40973634E-01  1.71030773E-03 -9.70712202E-02  9.99999975E-05  2.73591492E-03  4.86979720E-01
  2.50000000E+00 -9.37000000E-01 -1.40442917E-01  1.78761817E-03 -9.70677267E-02  9.99999975E-05  2.82082997E-03  5.01881413E-01
  2.50000000E+00 -9.34000000E-01 -1.39897314E-01  1.86432175E-03 -9.70642977E-02  9.99999975E-05  2.90390310E-03  5.16194043E-01
  2.50000000E+00 -9.31000000E-01 -1.39338489E-01  1.94042726E-03 -9.70609353E-02  9.99999975E-05  2.98525837E-03  5.29952070E-01
  2.50000000E+00 -9.28000000E-01 -1.38767836E-01  2.01594228E-03 -9.70576418E-02  9.99999975E-05  3.06500604E-03  5.43186671E-01
  2.50000000E+00 -9.25000000E-01 -1.38186528E-01  2.09087332E-03 -9.70544185E-02  9.99999975E-05  3.14324474E-03  5.55926221E-01
  2.50000000E+00 -9.22000000E-01 -1.37595552E-01  2.16522615E-03 -9.70512663E-02  9.99999975E-05  3.22006282E-03  5.68196557E-01
  2.50000000E+00 -9.19000000E-01 -1.36995750E-01  2.23900561E-03 -9.70481865E-02  9.99999975E-05  3.29553994E-03  5.80021339E-01
  2.50000000E+00 -9.16000000E-01 -1.36387846E-01  2.31221589E-03 -9.70451799E-02  9.99999975E-05  3.36974827E-03  5.91422332E-01
  2.50000000E+00 -9.13000000E-01 -1.35772461E-01  2.38486063E-03 -9.70422472E-02  9.99999975E-05  3.44275340E-03  6.02419597E-01
  2.50000000E+00 -9.10000000E-01 -1.35150133E-01  2.45694289E-03 -9.70393888E-02  9.99999975E-05  3.51461504E-03  6.13031662E-01
  2.50000000E+00 -9.07000000E-01 -1.34521331E-01  2.52846522E-03 -9.70366053E-02  9.99999975E-05  3.58538777E-03  6.23275690E-01
  2.50000000E+00 -9.04000000E-01 -1.33886460E-01  2.59942972E-03 -9.70338970E-02  9.99999975E-05  3.65512166E-03  6.33167627E-01
  2.50000000E+00 -9.01000000E-01 -1.33245878E-01  2.66983808E-03 -9.70312642E-02  9.99999975E-05  3.72386275E-03  6.42722323E-01
  2.50000000E+00 -8.98000000E-01 -1.32599900E-01  2.73969160E-03 -9.70287072E-02  9.99999975E-05  3.79165351E-03  6.51953646E-01
  2.50000000E+00 -8.95000000E-01 -1.31948802E-01  2.80899126E-03 -9.70262260E-02  9.99999975E-05  3.85853322E-03  6.60874569E-01
  2.50000000E+00 -8.92000000E-01 -1.31292830E-01  2.87773770E-03 -9.70238207E-02  9.99999975E-05  3.92453828E-03  6.69497249E-01
  2.50000000E+00 -8.89000000E-01 -1.30632200E-01  2.94593128E-03 -9.70214911E-02  9.99999975E-05  3.98970245E-03  6.77833093E-01
  2.50000000E+00 -8.86000000E-01 -1.29967105E-01  3.01357208E-03 -9.70192372E-02  9.99999975E-05  4.05405712E-03  6.85892822E-01
  2.50000000E+00 -8.83000000E-01 -1.29297715E-01  3.08065992E-03 -9.70170587E-02  9.99999975E-05  4.11763154E-03  6.93686530E-01
  2.50000000E+00 -8.80000000E-01 -1.28624184E-01  3.14719443E-03 -9.70149559E-02  9.99999975E-05  4.18045308E-03  7.01223756E-01
  2.50000000E+00 -8.77000000E-01 -1.27946649E-01  3.21317477E-03 -9.70129282E-02  9.99999975E-05  4.24254739E-03  7.08513519E-01
  2.50000000E+00 -8.74000000E-01 -1.27265232E-01  3.27860035E-03 -9.70109753E-02  9.99999975E-05  4.30393839E-03  7.15564325E-01
  2.50000000E+00 -8.71000000E-01 -1.26580042E-01  3.34346995E-03 -9.70090970E-02  9.99999975E-05  4.36464861E-03  7.22384248E-01
  2.50000000E+00 -8.68000000E-01 -1.25891177E-01  3.40778233E-03 -9.70072932E-02  9.99999975E-05  4.42469920E-03  7.28980941E-01
  2.50000000E+00 -8.65000000E-01 -1.25198726E-01  3.47153605E-03 -9.70055635E-02  9.99999975E-05  4.48411008E-03  7.35361672E-01
  2.50000000E+00 -8.62000000E-01 -1.24502767E-01  3.53472952E-03 -9.70039075E-02  9.99999975E-05  4.54290002E-03  7.41533351E-01
  2.50000000E+00 -8.59000000E-01 -1.23803372E-01  3.59736098E-03 -9.70023250E-02  9.99999975E-05  4.60108677E-03  7.47502549E-01
  2.50000000E+00 -8.56000000E-01 -1.23100604E-01  3.65942849E-03 -9.70008154E-02  9.99999975E-05  4.65868707E-03  7.53275530E-01
  2.50000000E+00 -8.53000000E-01 -1.22394521E-01  3.72092999E-03 -9.69993784E-02  9.99999975E-05  4.71571677E-03  7.58858262E-01
  2.50000000E+00 -8.50000000E-01 -1.21685174E-01  3.78186326E-03 -9.69980136E-02  9.99999975E-05  4.77219091E-03  7.64256443E-01
  2.50000000E+00 -8.47000000E-01 -1.20972609E-01  3.84222593E-03 -9.69967204E-02  9.99999975E-05  4.82812373E-03  7.69475514E-01
  2.50000000E+00 -8.44000000E-01 -1.20256868E-01  3.90201552E-03 -9.69954985E-02  9.99999975E-05  4.88352876E-03  7.74520674E-01
  2.50000000E+00 -8.41000000E-01 -1.19537987E-01  3.96122941E-03 -9.69943473E-02  9.99999975E-05  4.93841888E-03  7.79396899E-01
  2.50000000E+00 -8.38000000E-01 -1.18815999E-01  4.01986485E-03 -9.69932664E-02  9.99999975E-05  4.99280633E-03  7.84108951E-01
  2.50000000E+00 -8.35000000E-01 -1.18090935E-01  4.07791898E-03 -9.69922553E-02  9.99999975E-05  5.04670276E-03  7.88661392E-01
  2.50000000E+00 -8.32000000E-01 -1.17362819E-01  4.13538883E-03 -9.69913134E-02  9.99999975E-05  5.10011931E-03  7.93058594E-01
  2.50000000E+00 -8.29000000E-01 -1.16631675E-01  4.19227129E-03 -9.69904402E-02  9.99999975E-05  5.15306659E-03  7.97304751E-01
  2.50000000E+00 -8.26000000E-01 -1.15897524E-01  4.24856318E-03 -9.69896352E-02  9.99999975E-05  5.20555474E-03  8.01403890E-01
  2.50000000E+00 -8.23000000E-01 -1.15160383E-01  4.30426120E-03 -9.69888979E-02  9.99999975E-05  5.25759347E-03  8.05359874E-01
  2.50000000E+00 -8.20000000E-01 -1.14420267E-01  4.35936194E-03 -9.69882277E-02  9.99999975E-05  5.30919206E-03  8.09176419E-01
  2.50000000E+00 -8.17000000E-01 -1.13677190E-01  4.41386190E-03 -9.69876240E-02  9.99999975E-05  5.36035941E-03  8.12857095E-01
  2.50000000E+00 -8.14000000E-01 -1.12931163E-01  4.46775748E-03 -9.69870864E-02  9.99999975E-05  5.41110403E-03  8.16405334E-01
  2.50000000E+00 -8.11000000E-01 -1.12182196E-01  4.52104496E-03 -9.69866142E-02  9.99999975E-05  5.46143413E-03  8.19824442E-01
  2.50000000E+00 -8.08000000E-01 -1.11430295E-01  4.57372054E-03 -9.69862068E-02  9.99999975E-05  5.51135755E-03  8.23117598E-01
  2.50000000E+00 -8.05000000E-01 -1.10675467E-01  4.62578029E-03 -9.69858638E-02  9.99999975E-05  5.56088187E-03  8.26287864E-01
  2.50000000E+00 -8.02000000E-01 -1.09917717E-01  4.67722034E-03 -9.69855837E-02  9.99999975E-05  5.61001435E-03  8.29338191E-01
  2.50000000E+00 -7.99000000E-01 -1.09157048E-01  4.72803658E-03 -9.69853666E-02  9.99999975E-05  5.65876200E-03  8.32271423E-01
  2.50000000E+00 -7.96000000E-01 -1.08393461E-01  4.77822479E-03 -9.69852123E-02  9.99999975E-05  5.70713155E-03  8.35090300E-01
  2.50000000E+00 -7.93000000E-01 -1.07626958E-01  4.82778077E-03 -9.69851198E-02  9.99999975E-05  5.75512953E-03  8.37797466E-01
  2.50000000E+00 -7.90000000E-01 -1.06857537E-01  4.87670019E-03 -9.69850885E-02  9.99999975E-05  5.80276222E-03  8.40395472E-01
  2.50000000E+00 -7.87000000E-01 -1.06085198E-01  4.92497865E-03 -9.69851177E-02  9.99999975E-05  5.85003568E-03  8.42886779E-01
  2.50000000E+00 -7.84000000E-01 -1.05309938E-01  4.97261168E-03 -9.69852068E-02  9.99999975E-05  5.89695579E-03  8.45273760E-01
  2.50000000E+00 -7.81000000E-01 -1.04531752E-01  5.01959470E-03 -9.69853550E-02  9.99999975E-05  5.94352823E-03  8.47558710E-01
  2.50000000E+00 -7.78000000E-01 -1.03750637E-01  5.06592305E-03 -9.69855619E-02  9.99999975E-05  5.98975849E-03  8.49743843E-01
  2.50000000E+00 -7.75000000E-01 -1.02966588E-01  5.11159200E-03 -9.69858267E-02  9.99999975E-05  6.03565192E-03  8.51831296E-01
  2.50000000E+00 -7.72000000E-01 -1.02179597E-01  5.15659673E-03 -9.69861489E-02  9.99999975E-05  6.08121368E-03  8.53823138E-01
  2.50000000E+00 -7.69000000E-01 -1.01389658E-01  5.20093236E-03 -9.69865278E-02  9.99999975E-05  6.12644880E-03  8.55721362E-01
  2.50000000E+00 -7.66000000E-01 -1.00596764E-01  5.24459392E-03 -9.69869628E-02  9.99999975E-05  6.17136215E-03  8.57527900E-01
  2.50000000E+00 -7.63000000E-01 -9.98009049E-02  5.28757637E-03 -9.69874531E-02  9.99999975E-05  6.21595848E-03  8.59244614E-01
  2.50000000E+00 -7.60000000E-01 -9.90020725E-02  5.32987460E-03 -9.69879982E-02  9.99999975E-05  6.26024242E-03  8.60873309E-01
  2.50000000E+00 -7.57000000E-01 -9.82002568E-02  5.37148340E-03 -9.69885974E-02  9.99999975E-05  6.30421846E-03  8.62415725E-01
  2.50000000E+00 -7.54000000E-01 -9.73954470E-02  5.41239752E-03 -9.69892499E-02  9.99999975E-05  6.34789100E-03  8.63873549E-01
  2.50000000E+00 -7.51000000E-01 -9.65876320E-02  5.45261162E-03 -9.69899550E-02  9.99999975E-05  6.39126430E-03  8.65248408E-01
  2.50000000E+00 -7.48000000E-01 -9.57768000E-02  5.49212027E-03 -9.69907121E-02  9.99999975E-05  6.43434256E-03  8.66541877E-01
  2.50000000E+00 -7.45000000E-01 -9.49629385E-02  5.53091800E-03 -9.69915204E-02  9.99999975E-05  6.47712985E-03  8.67755480E-01
  2.50000000E+00 -7.42000000E-01 -9.41460345E-02  5.56899923E-03 -9.69923792E-02  9.99999975E-05  6.51963019E-03  8.68890690E-01
  2.50000000E+00 -7.39000000E-01 -9.33260743E-02  5.60635832E-03 -9.69932879E-02  9.99999975E-05  6.56184748E-03  8.69948930E-01
  2.50000000E+00 -7.36000000E-01 -9.25030437E-02  5.64298957E-03 -9.69942456E-02  9.99999975E-05  6.60378555E-03  8.70931578E-01
  2.50000000E+00 -7.33000000E-01 -9.16769280E-02  5.67888720E-03 -9.69952518E-02  9.99999975E-05  6.64544818E-03  8.71839967E-01
  2.50000000E+00 -7.30000000E-01 -9.08477119E-02  5.71404533E-03 -9.69963056E-02  9.99999975E-05  6.68683905E-03  8.72675383E-01
  2.50000000E+00 -7.27000000E-01 -9.00153793E-02  5.74845805E-03 -9.69974065E-02  9.99999975E-05  6.72796180E-03  8.73439073E-01
  2.50000000E+00 -7.24000000E-01 -8.91799140E-02  5.78211934E-03 -9.69985536E-02  9.99999975E-05  6.76882000E-03  8.74132241E-01
  2.50000000E+00 -7.21000000E-01 -8.83412988E-02  5.81502313E-03 -9.69997463E-02  9.99999975E-05  6.80941715E-03  8.74756050E-01
  2.50000000E+00 -7.18000000E-01 -8.74995164E-02  5.84716328E-03 -9.70009839E-02  9.99999975E-05  6.84975673E-03  8.75311626E-01
  2.50000000E+00 -7.15000000E-01 -8.66545485E-02  5.87853356E-03 -9.70022656E-02  9.99999975E-05  6.88984214E-03  8.75800055E-01
  2.50000000E+00 -7.12000000E-01 -8.58063767E-02  5.90912768E-03 -9.70035906E-02  9.99999975E-05  6.92967676E-03  8.76222389E-01
  2.50000000E+00 -7.09000000E-01 -8.49549817E-02  5.93893928E-03 -9.70049582E-02  9.99999975E-05  6.96926391E-03  8.76579641E-01
  2.50000000E+00 -7.06000000E-01 -8.41003439E-02  5.96796191E-03 -9.70063674E-02  9.99999975E-05  7.00860689E-03  8.76872790E-01
  2.50000000E+00 -7.03000000E-01 -8.32424430E-02  5.99618906E-03 -9.70078174E-02  9.99999975E-05  7.04770895E-03  8.77102781E-01
  2.50000000E+00 -7.00000000E-01 -8.23812581E-02  6.02361414E-03 -9.70093071E-02  9.99999975E-05  7.08657331E-03  8.77270526E-01
  2.50000000E+00 -6.97000000E-01 -8.15167679E-02  6.05023038E-03 -9.70108376E-02  9.99999975E-05  7.12520318E-03  8.77376973E-01
  2.50000000E+00 -6.94000000E-01 -8.06489508E-02  6.07603118E-03 -9.70124065E-02  9.99999975E-05  7.16360171E-03  8.77423095E-01
  2.50000000E+00 -6.91000000E-01 -7.97777844E-02  6.10100975E-03 -9.70140129E-02  9.99999975E-05  7.20177206E-03  8.77409792E-01
  2.50000000E+00 -6.88000000E-01 -7.89032460E-02  6.12515919E-03 -9.70156560E-02  9.99999975E-05  7.23971734E-03  8.77337933E-01
  2.50000000E+00 -6.85000000E-01 -7.80253122E-02  6.14847254E-03 -9.70173351E-02  9.99999975E-05  7.27744063E-03  8.77208358E-01
  2.50000000E+00 -6.82000000E-01 -7.71439592E-02  6.17094280E-03 -9.70190496E-02  9.99999975E-05  7.31494502E-03  8.77021875E-01
  2.50000000E+00 -6.79000000E-01 -7.62591628E-02  6.19256287E-03 -9.70207985E-02  9.99999975E-05  7.35223357E-03  8.76779262E-01
  2.50000000E+00 -6.76000000E-01 -7.53708980E-02  6.21332561E-03 -9.70225812E-02  9.99999975E-05  7.38930934E-03  8.76481270E-01
  2.50000000E+00 -6.73000000E-01 -7.44791396E-02  6.23322380E-03 -9.70243967E-02  9.99999975E-05  7.42617538E-03  8.76128622E-01
  2.50000000E+00 -6.70000000E-01 -7.35838617E-02  6.25225015E-03 -9.70262442E-02  9.99999975E-05  7.46283471E-03  8.75722011E-01
  2.50000000E+00 -6.67000000E-01 -7.26850376E-02  6.27039730E-03 -9.70281228E-02  9.99999975E-05  7.49929037E-03  8.75262105E-01
  2.50000000E+00 -6.64000000E-01 -7.17826404E-02  6.28765782E-03 -9.70300315E-02  9.99999975E-05  7.53554539E-03  8.74749547E-01
  2.50000000E+00 -6.61000000E-01 -7.08766423E-02  6.30402419E-03 -9.70319696E-02  9.99999975E-05  7.57160280E-03  8.74184952E-01
  2.50000000E+00 -6.58000000E-01 -6.99670152E-02  6.31948886E-03 -9.70339360E-02  9.99999975E-05  7.60746564E-03  8.73568915E-01
  2.50000000E+00 -6.55000000E-01 -6.90537301E-02  6.33404415E-03 -9.70359299E-02  9.99999975E-05  7.64313694E-03  8.72902001E-01
  2.50000000E+00 -6.52000000E-01 -6.81367574E-02  6.34768235E-03 -9.70379504E-02  9.99999975E-05  7.67861975E-03  8.72184757E-01
  2.50000000E+00 -6.49000000E-01 -6.72160671E-02  6.36039565E-03 -9.70399964E-02  9.99999975E-05  7.71391711E-03  8.71417705E-01
  2.50000000E+00 -6.46000000E-01 -6.62916282E-02  6.37217617E-03 -9.70420672E-02  9.99999975E-05  7.74903211E-03  8.70601344E-01
  2.50000000E+00 -6.43000000E-01 -6.53634093E-02  6.38301597E-03 -9.70441618E-02  9.99999975E-05  7.78396781E-03  8.69736153E-01
  2.50000000E+00 -6.40000000E-01 -6.44313781E-02  6.39290701E-03 -9.70462793E-02  9.99999975E-05  7.81872730E-03  8.68822590E-01
  2.50000000E+00 -6.37000000E-01 -6.34955017E-02  6.40184118E-03 -9.70484188E-02  9.99999975E-05  7.85331370E-03  8.67861092E-01
  2.50000000E+00 -6.34000000E-01 -6.25557465E-02  6.40981031E-03 -9.70505792E-02  9.99999975E-05  7.88773014E-03  8.66852076E-01
  2.50000000E+00 -6.31000000E-01 -6.16120780E-02  6.41680613E-03 -9.70527597E-02  9.99999975E-05  7.92197977E-03  8.65795940E-01
  2.50000000E+00 -6.28000000E-01 -6.06644610E-02  6.42282029E-03 -9.70549594E-02  9.99999975E-05  7.95606577E-03  8.64693064E-01
  2.50000000E+00 -6.25000000E-01 -5.97128598E-02  6.42784439E-03 -9.70571772E-02  9.99999975E-05  7.98999132E-03  8.63543809E-01
  2.50000000E+00 -6.22000000E-01 -5.87572374E-02  6.43186991E-03 -9.70594122E-02  9.99999975E-05  8.02375967E-03  8.62348516E-01
  2.50000000E+00 -6.19000000E-01 -5.77975563E-02  6.43488829E-03 -9.70616635E-02  9.99999975E-05  8.05737406E-03  8.61107512E-01
  2.50000000E+00 -6.16000000E-01 -5.68337782E-02  6.43689086E-03 -9.70639299E-02  9.99999975E-05  8.09083779E-03  8.59821106E-01
  2.50000000E+00 -6.13000000E-01 -5.58658637E-02  6.43786888E-03 -9.70662105E-02  9.99999975E-05  8.12415416E-03  8.58489590E-01
  2.50000000E+00 -6.10000000E-01 -5.48937727E-02  6.43781352E-03 -9.70685043E-02  9.99999975E-05  8.15732653E-03  8.57113240E-01
  2.50000000E+00 -6.07000000E-01 -5.39174641E-02  6.43671588E-03 -9.70708101E-02  9.99999975E-05  8.19035830E-03  8.55692316E-01
  2.50000000E+00 -6.04000000E-01 -5.29368960E-02  6.43456696E-03 -9.70731270E-02  9.99999975E-05  8.22325288E-03  8.54227064E-01
  2.50000000E+00 -6.01000000E-01 -5.19520252E-02  6.43135768E-03 -9.70754539E-02  9.99999975E-05  8.25601374E-03  8.52717714E-01
  2.50000000E+00 -5.98000000E-01 -5.09628080E-02  6.42707887E-03 -9.70777896E-02  9.99999975E-05  8.28864439E-03  8.51164484E-01
  2.50000000E+00 -5.95000000E-01 -4.99691993E-02  6.42172129E-03 -9.70801331E-02  9.99999975E-05  8.32114838E-03  8.49567576E-01
  2.50000000E+00 -5.92000000E-01 -4.89711532E-02  6.41527560E-03 -9.70824832E-02  9.99999975E-05  8.35352930E-03  8.47927179E-01
  2.50000000E+00 -5.89000000E-01 -4.79686225E-02  6.40773237E-03 -9.70848389E-02  9.99999975E-05  8.38579079E-03  8.46243469E-01
  2.50000000E+00 -5.86000000E-01 -4.69615593E-02  6.39908207E-03 -9.70871991E-02  9.99999975E-05  8.41793654E-03  8.44516610E-01
  2.50000000E+00 -5.83000000E-01 -4.59499142E-02  6.38931512E-03 -9.70895627E-02  9.99999975E-05  8.44997029E-03  8.42746755E-01
  2.50000000E+00 -5.80000000E-01 -4.49336369E-02  6.37842181E-03 -9.70919285E-02  9.99999975E-05  8.48189583E-03  8.40934042E-01
  2.50000000E+00 -5.77000000E-01 -4.39126759E-02  6.36639236E-03 -9.70942956E-02  9.99999975E-05  8.51371701E-03  8.39078602E-01
  2.50000000E+00 -5.74000000E-01 -4.28869784E-02  6.35321690E-03 -9.70966631E-02  9.99999975E-05  8.54543772E-03  8.37180553E-01
  2.50000000E+00 -5.71000000E-01 -4.18564905E-02  6.33888547E-03 -9.70990298E-02  9.99999975E-05  8.57706192E-03  8.35240004E-01
  2.50000000E+00 -5.68000000E-01 -4.08211571E-02  6.32338803E-03 -9.71013930E-02  9.99999975E-05  8.60859362E-03  8.33257051E-01
  2.50000000E+00 -5.65000000E-01 -3.97809215E-02  6.30671435E-03 -9.71037521E-02  9.99999975E-05  8.64003691E-03  8.31231781E-01
  2.50000000E+00 -5.62000000E-01 -3.87357259E-02  6.28885418E-03 -9.71061068E-02  9.99999975E-05  8.67139591E-03  8.29164274E-01
  2.50000000E+00 -5.59000000E-01 -3.76855110E-02  6.26979718E-03 -9.71084557E-02  9.99999975E-05  8.70267482E-03  8.27054601E-01
  2.50000000E+00 -5.56000000E-01 -3.66302164E-02  6.24953292E-03 -9.71107973E-02  9.99999975E-05  8.73387791E-03  8.24902823E-01
  2.50000000E+00 -5.53000000E-01 -3.55697800E-02  6.22805087E-03 -9.71131304E-02  9.99999975E-05  8.76500951E-03  8.22708993E-01
  2.50000000E+00 -5.50000000E-01 -3.45041383E-02  6.20534037E-03 -9.71154535E-02  9.99999975E-05  8.79607402E-03  8.20473160E-01
  2.50000000E+00 -5.47000000E-01 -3.34332264E-02  6.18139070E-03 -9.71177653E-02  9.99999975E-05  8.82707591E-03  8.18195362E-01
  2.50000000E+00 -5.44000000E-01 -3.23569776E-02  6.15619101E-03 -9.71200644E-02  9.99999975E-05  8.85801973E-03  8.15875631E-01
  2.50000000E+00 -5.41000000E-01 -3.12753240E-02  6.12973036E-03 -9.71223496E-02  9.99999975E-05  8.88891008E-03  8.13513996E-01
  2.50000000E+00 -5.38000000E-01 -3.01881956E-02  6.10199771E-03 -9.71246195E-02  9.99999975E-05  8.91975167E-03  8.11110477E-01
  2.50000000E+00 -5.35000000E-01 -2.90955212E-02  6.07298192E-03 -9.71268726E-02  9.99999975E-05  8.95054927E-03  8.08665089E-01
  2.50000000E+00 -5.32000000E-01 -2.79972276E-02  6.04267173E-03 -9.71291078E-02  9.99999975E-05  8.98130772E-03  8.06177845E-01
  2.50000000E+00 -5.29000000E-01 -2.68932398E-02  6.01105580E-03 -9.71313234E-02  9.99999975E-05  9.01203196E-03  8.03648750E-01
  2.50000000E+00 -5.26000000E-01 -2.57834813E-02  5.97812268E-03 -9.71335182E-02  9.99999975E-05  9.04272699E-03  8.01077808E-01
  2.50000000E+00 -5.23000000E-01 -2.46678736E-02  5.94386080E-03 -9.71356907E-02  9.99999975E-05  9.07339792E-03  7.98465019E-01
  2.50000000E+00 -5.20000000E-01 -2.35463362E-02  5.90825851E-03 -9.71378395E-02  9.99999975E-05  9.10404992E-03  7.95810378E-01
  2.50000000E+00 -5.17000000E-01 -2.24187867E-02  5.87130404E-03 -9.71399630E-02  9.99999975E-05  9.13468827E-03  7.93113881E-01
  2.50000000E+00 -5.14000000E-01 -2.12851410E-02  5.83298553E-03 -9.71420598E-02  9.99999975E-05  9.16531833E-03  7.90375519E-01
  2.50000000E+00 -5.11000000E-01 -2.01453125E-02  5.79329098E-03 -9.71441283E-02  9.99999975E-05  9.19594554E-03  7.87595284E-01
  2.50000000E+00 -5.08000000E-01 -1.89992129E-02  5.75220832E-03 -9.71461670E-02  9.99999975E-05  9.22657546E-03  7.84773166E-01
  2.50000000E+00 -5.05000000E-01 -1.78467515E-02  5.70972535E-03 -9.71481743E-02  9.99999975E-05  9.25721372E-03  7.81909155E-01
  2.50000000E+00 -5.02000000E-01 -1.66878356E-02  5.66582977E-03 -9.71501485E-02  9.99999975E-05  9.28786605E-03  7.79003240E-01
  2.50000000E+00 -4.99000000E-01 -1.55223700E-02  5.62050919E-03 -9.71520882E-02  9.99999975E-05  9.31853829E-03  7.76055413E-01
  2.50000000E+00 -4.96000000E-01 -1.43502573E-02  5.57375106E-03 -9.71539915E-02  9.99999975E-05  9.34923637E-03  7.73065664E-01
  2.50000000E+00 -4.93000000E-01 -1.31713979E-02  5.52554279E-03 -9.71558568E-02  9.99999975E-05  9.37996633E-03  7.70033989E-01
  2.50000000E+00 -4.90000000E-01 -1.19856894E-02  5.47587162E-03 -9.71576825E-02  9.99999975E-05  9.41073429E-03  7.66960383E-01
  2.50000000E+00 -4.87000000E-01 -1.07930273E-02  5.42472473E-03 -9.71594668E-02  9.99999975E-05  9.44154651E-03  7.63844845E-01
  2.50000000E+00 -4.84000000E-01 -9.59330415E-03  5.37208915E-03 -9.71612080E-02  9.99999975E-05  9.47240933E-03  7.60687378E-01
  2.50000000E+00 -4.81000000E-01 -8.38641013E-03  5.31795183E-03 -9.71629043E-02  9.99999975E-05  9.50332921E-03  7.57487988E-01
  2.50000000E+00 -4.78000000E-01 -7.17223263E-03  5.26229961E-03 -9.71645540E-02  9.99999975E-05  9.53431271E-03  7.54246687E-01
  2.50000000E+00 -4.75000000E-01 -5.95065629E-03  5.20511920E-03 -9.71661552E-02  9.99999975E-05  9.56536651E-03  7.50963492E-01
  2.50000000E+00 -4.72000000E-01 -4.72156290E-03  5.14639723E-03 -9.71677062E-02  9.99999975E-05  9.59649740E-03  7.47638425E-01
  2.50000000E+00 -4.69000000E-01 -3.48483135E-03  5.08612021E-03 -9.71692051E-02  9.99999975E-05  9.62771228E-03  7.44271515E-01
  2.50000000E+00 -4.66000000E-01 -2.24033757E-03  5.02427454E-03 -9.71706501E-02  9.99999975E-05  9.65901817E-03  7.40862798E-01
  2.50000000E+00 -4.63000000E-01 -9.87954404E-04  4.96084652E-03 -9.71720393E-02  9.99999975E-05  9.69042220E-03  7.37412320E-01
  2.50000000E+00 -4.60000000E-01  2.72448433E-04  4.89582236E-03 -9.71733708E-02  9.99999975E-05  9.72193164E-03  7.33920132E-01
  2.50000000E+00 -4.57000000E-01  1.54100443E-03  4.82918813E-03 -9.71746427E-02  9.99999975E-05  9.75355384E-03  7.30386296E-01
  2.50000000E+00 -4.54000000E-01  2.81785039E-03  4.76092982E-03 -9.71758529E-02  9.99999975E-05  9.78529631E-03  7.26810885E-01
  2.50000000E+00 -4.51000000E-01  4.10312647E-03  4.69103333E-03 -9.71769996E-02  9.99999975E-05  9.81716666E-03  7.23193979E-01
  2.50000000E+00 -4.48000000E-01  5.39697631E-03  4.61948443E-03 -9.71780807E-02  9.99999975E-05  9.84917262E-03  7.19535673E-01
  2.50000000E+00 -4.45000000E-01  6.69954711E-03  4.54626882E-03 -9.71790941E-02  9.99999975E-05  9.88132207E-03  7.15836070E-01
  2.50000000E+00 -4.42000000E-01  8.01098971E-03  4.47137207E-03 -9.71800376E-02  9.99999975E-05  9.91362298E-03  7.12095289E-01
  2.50000000E+00 -4.39000000E-01  9.33145870E-03  4.39477967E-03 -9.71809092E-02  9.99999975E-05  9.94608346E-03  7.08313461E-01
  2.50000000E+00 -4.36000000E-01  1.06611125E-02  4.31647701E-03 -9.71817064E-02  9.99999975E-05  9.97871177E-03  7.04490728E-01
  2.50000000E+00 -4.33000000E-01  1.20001135E-02  4.23644938E-03 -9.71824271E-02  9.99999975E-05  1.00115163E-02  7.00627251E-01
  2.50000000E+00 -4.30000000E-01  1.33486280E-02  4.15468192E-03 -9.71830689E-02  9.99999975E-05  1.00445054E-02  6.96723204E-01
  2.50000000E+00 -4.27000000E-01  1.47068265E-02  4.07115999E-03 -9.71836322E-02  9.99999975E-05  1.00776879E-02  6.92778777E-01
  2.50000000E+00 -4.24000000E-01  1.60748836E-02  3.98586851E-03 -9.71841123E-02  9.99999975E-05  1.01110724E-02  6.88794178E-01
  2.50000000E+00 -4.21000000E-01  1.74529785E-02  3.89879242E-03 -9.71845071E-02  9.99999975E-05  1.01446679E-02  6.84769631E-01
  2.50000000E+00 -4.18000000E-01  1.88412944E-02  3.80991663E-03 -9.71848144E-02  9.99999975E-05  1.01784832E-02  6.80705379E-01
  2.50000000E+00 -4.15000000E-01  2.02400196E-02  3.71922594E-03 -9.71850322E-02  9.99999975E-05  1.02125277E-02  6.76601681E-01
  2.50000000E+00 -4.12000000E-01  2.16493465E-02  3.62670509E-03 -9.71851581E-02  9.99999975E-05  1.02468104E-02  6.72458820E-01
  2.50000000E+00 -4.09000000E-01  2.30694727E-02  3.53233875E-03 -9.71851899E-02  9.99999975E-05  1.02813408E-02  6.68277095E-01
  2.50000000E+00 -4.06000000E-01  2.45006004E-02  3.43611155E-03 -9.71851252E-02  9.99999975E-05  1.03161284E-02  6.64056830E-01
  2.50000000E+00 -4.03000000E-01  2.59429370E-02  3.33800803E-03 -9.71849617E-02  9.99999975E-05  1.03511828E-02  6.59798367E-01
  2.50000000E+00 -4.00000000E-01  2.73966948E-02  3.23801271E-03 -9.71846970E-02  9.99999975E-05  1.03865137E-02  6.55502072E-01
  2.50000000E+00 -3.97000000E-01  2.88620916E-02  3.13611004E-03 -9.71843287E-02  9.99999975E-05  1.04221311E-02  6.51168334E-01
  2.50000000E+00 -3.94000000E-01  3.03393502E-02  3.03228444E-03 -9.71838542E-02  9.99999975E-05  1.04580449E-02  6.46797565E-01
  2.50000000E+00 -3.91000000E-01  3.18286994E-02  2.92652028E-03 -9.71832712E-02  9.99999975E-05  1.04942653E-02  6.42390201E-01
  2.50000000E+00 -3.88000000E-01  3.33303730E-02  2.81880193E-03 -9.71825771E-02  9.99999975E-05  1.05308024E-02  6.37946703E-01
  2.50000000E+00 -3.85000000E-01  3.48446112E-02  2.70911369E-03 -9.71817695E-02  9.99999975E-05  1.05676665E-02  6.33467557E-01
  2.50000000E+00 -3.82000000E-01  3.63716595E-02  2.59743991E-03 -9.71808458E-02  9.99999975E-05  1.06048681E-02  6.28953277E-01
  2.50000000E+00 -3.79000000E-01  3.79117699E-02  2.48376487E-03 -9.71798036E-02  9.99999975E-05  1.06424176E-02  6.24404401E-01
  2.50000000E+00 -3.76000000E-01  3.94652001E-02  2.36807289E-03 -9.71786402E-02  9.99999975E-05  1.06803258E-02  6.19821495E-01
  2.50000000E+00 -3.73000000E-01  4.10322144E-02  2.25034830E-03 -9.71773532E-02  9.99999975E-05  1.07186032E-02  6.15205154E-01
  2.50000000E+00 -3.70000000E-01  4.26130834E-02  2.13057543E-03 -9.71759400E-02  9.99999975E-05  1.07572607E-02  6.10555999E-01
  2.50000000E+00 -3.67000000E-01  4.42080844E-02  2.00873865E-03 -9.71743981E-02  9.99999975E-05  1.07963091E-02  6.05874682E-01
  2.50000000E+00 -3.64000000E-01  4.58175013E-02  1.88482238E-03 -9.71727249E-02  9.99999975E-05  1.08357594E-02  6.01161881E-01
  2.50000000E+00 -3.61000000E-01  4.74416247E-02  1.75881107E-03 -9.71709179E-02  9.99999975E-05  1.08756225E-02  5.96418307E-01
  2.50000000E+00 -3.58000000E-01  4.90807526E-02  1.63068926E-03 -9.71689744E-02  9.99999975E-05  1.09159095E-02  5.91644699E-01
  2.50000000E+00 -3.55000000E-01  5.07351898E-02  1.50044153E-03 -9.71668918E-02  9.99999975E-05  1.09566314E-02  5.86841825E-01
  2.50000000E+00 -3.52000000E-01  5.24052485E-02  1.36805259E-03 -9.71646677E-02  9.99999975E-05  1.09977993E-02  5.82010487E-01
  2.50000000E+00 -3.49000000E-01  5.40912484E-02  1.23350721E-03 -9.71622994E-02  9.99999975E-05  1.10394245E-02  5.77151515E-01
  2.50000000E+00 -3.46000000E-01  5.57935167E-02  1.09679031E-03 -9.71597843E-02  9.99999975E-05  1.10815180E-02  5.72265770E-01
  2.50000000E+00 -3.43000000E-01  5.75123884E-02  9.57886906E-04 -9.71571198E-02  9.99999975E-05  1.11240909E-02  5.67354146E-01
  2.50000000E+00 -3.40000000E-01  5.92482064E-02  8.16782186E-04 -9.71543034E-02  9.99999975E-05  1.11671543E-02  5.62417567E-01
  2.50000000E+00 -3.37000000E-01  6.10013216E-02  6.73461490E-04 -9.71513323E-02  9.99999975E-05  1.12107194E-02  5.57456989E-01
  2.50000000E+00 -3.34000000E-01  6.27720932E-02  5.27910339E-04 -9.71482041E-02  9.99999975E-05  1.12547971E-02  5.52473398E-01
  2.50000000E+00 -3.31000000E-01  6.45608886E-02  3.80114451E-04 -9.71449161E-02  9.99999975E-05  1.12993984E-02  5.47467814E-01
  2.50000000E+00 -3.28000000E-01  6.63680837E-02  2.30059762E-04 -9.71414658E-02  9.99999975E-05  1.13445341E-02  5.42441285E-01
  2.50000000E+00 -3.25000000E-01  6.81940631E-02  7.77324430E-05 -9.71378506E-02  9.99999975E-05  1.13902149E-02  5.37394894E-01
  2.50000000E+00 -3.22000000E-01  7.00392201E-02 -7.68810738E-05 -9.71340680E-02  9.99999975E-05  1.14364516E-02  5.32329751E-01
  2.50000000E+00 -3.19000000E-01  7.19039572E-02 -2.33794078E-04 -9.71301154E-02  9.99999975E-05  1.14832544E-02  5.27246999E-01
  2.50000000E+00 -3.16000000E-01  7.37886856E-02 -3.93019552E-04 -9.71259904E-02  9.99999975E-05  1.15306336E-02  5.22147811E-01
  2.50000000E+00 -3.13000000E-01  7.56938258E-02 -5.54570153E-04 -9.71216905E-02  9.99999975E-05  1.15785994E-02  5.17033390E-01
  2.50000000E+00 -3.10000000E-01  7.76198079E-02 -7.18458180E-04 -9.71172134E-02  9.99999975E-05  1.16271614E-02  5.11904969E-01
  2.50000000E+00 -3.07000000E-01  7.95670710E-02 -8.84695549E-04 -9.71125568E-02  9.99999975E-05  1.16763293E-02  5.06763808E-01
  2.50000000E+00 -3.04000000E-01  8.15360643E-02 -1.05329377E-03 -9.71077183E-02  9.99999975E-05  1.17261123E-02  5.01611199E-01
  2.50000000E+00 -3.01000000E-01  8.35272462E-02 -1.22426390E-03 -9.71026959E-02  9.99999975E-05  1.17765192E-02  4.96448457E-01
  2.50000000E+00 -2.98000000E-01  8.55410854E-02 -1.39761674E-03 -9.70974858E-02  9.99999975E-05  1.18275586E-02  4.91276929E-01
  2.50000000E+00 -2.95000000E-01  8.75780604E-02 -1.57336231E-03 -9.70920867E-02  9.99999975E-05  1.18792385E-02  4.86097983E-01
  2.50000000E+00 -2.92000000E-01  8.96386597E-02 -1.75151019E-03 -9.70864964E-02  9.99999975E-05  1.19315665E-02  4.80913016E-01
  2.50000000E+00 -2.89000000E-01  9.17233819E-02 -1.93206945E-03 -9.70807126E-02  9.99999975E-05  1.19845498E-02  4.75723449E-01
  2.50000000E+00 -2.86000000E-01  9.38327358E-02 -2.11504855E-03 -9.70747332E-02  9.99999975E-05  1.20381950E-02  4.70530725E-01
  2.50000000E+00 -2.83000000E-01  9.59672405E-02 -2.30045532E-03 -9.70685560E-02  9.99999975E-05  1.20925079E-02  4.65336309E-01
  2.50000000E+00 -2.80000000E-01  9.81274258E-02 -2.48829694E-03 -9.70621789E-02  9.99999975E-05  1.21474939E-02  4.60141689E-01
  2.50000000E+00 -2.77000000E-01  1.00313832E-01 -2.67857986E-03 -9.70555999E-02  9.99999975E-05  1.22031576E-02  4.54948371E-01
  2.50000000E+00 -2.74000000E-01  1.02527009E-01 -2.87130980E-03 -9.70488170E-02  9.99999975E-05  1.22595027E-02  4.49757879E-01
  2.50000000E+00 -2.71000000E-01  1.04767518E-01 -3.06649168E-03 -9.70418284E-02  9.99999975E-05  1.23165323E-02  4.44571756E-01
  2.50000000E+00 -2.68000000E-01  1.07035931E-01 -3.26412962E-03 -9.70346320E-02  9.99999975E-05  1.23742484E-02  4.39391560E-01
  2.50000000E+00 -2.65000000E-01  1.09332829E-01 -3.46422684E-03 -9.70272262E-02  9.99999975E-05  1.24326522E-02  4.34218862E-01
  2.50000000E+00 -2.62000000E-01  1.11658807E-01 -3.66678566E-03 -9.70196092E-02  9.99999975E-05  1.24917436E-02  4.29055247E-01
  2.50000000E+00 -2.59000000E-01  1.14014466E-01 -3.87180745E-03 -9.70117793E-02  9.99999975E-05  1.25515217E-02  4.23902310E-01
  2.50000000E+00 -2.56000000E-01  1.16400420E-01 -4.07929254E-03 -9.70037349E-02  9.99999975E-05  1.26119843E-02  4.18761656E-01
  2.50000000E+00 -2.53000000E-01  1.18817294E-01 -4.28924023E-03 -9.69954744E-02  9.99999975E-05  1.26731278E-02  4.13634898E-01
  2.50000000E+00 -2.50000000E-01  1.21265721E-01 -4.50164868E-03 -9.69869964E-02  9.99999975E-05  1.27349473E-02  4.08523653E-01
  2.50000000E+00 -2.47000000E-01  1.23746348E-01 -4.71651493E-03 -9.69782994E-02  9.99999975E-05  1.27974365E-02  4.03429543E-01
  2.50000000E+00 -2.44000000E-01  1.26259827E-01 -4.93383476E-03 -9.69693820E-02  9.99999975E-05  1.28605875E-02  3.98354193E-01
  2.50000000E+00 -2.41000000E-01  1.28806824E-01 -5.15360271E-03 -9.69602431E-02  9.99999975E-05  1.29243909E-02  3.93299227E-01
  2.50000000E+00 -2.38000000E-01  1.31388014E-01 -5.37581198E-03 -9.69508813E-02  9.99999975E-05  1.29888353E-02  3.88266267E-01
  2.50000000E+00 -2.35000000E-01  1.34004079E-01 -5.60045440E-03 -9.69412956E-02  9.99999975E-05  1.30539077E-02  3.83256932E-01
  2.50000000E+00 -2.32000000E-01  1.36655715E-01 -5.82752034E-03 -9.69314849E-02  9.99999975E-05  1.31195929E-02  3.78272835E-01
  2.50000000E+00 -2.29000000E-01  1.39343622E-01 -6.05699868E-03 -9.69214481E-02  9.99999975E-05  1.31858739E-02  3.73315582E-01
  2.50000000E+00 -2.26000000E-01  1.42068513E-01 -6.28887673E-03 -9.69111846E-02  9.99999975E-05  1.32527312E-02  3.68386770E-01
  2.50000000E+00 -2.23000000E-01  1.44831107E-01 -6.52314018E-03 -9.69006933E-02  9.99999975E-05  1.33201433E-02  3.63487982E-01
  2.50000000E+00 -2.20000000E-01  1.47632131E-01 -6.75977304E-03 -9.68899736E-02  9.99999975E-05  1.33880861E-02  3.58620791E-01
  2.50000000E+00 -2.17000000E-01  1.50472321E-01 -6.99875756E-03 -9.68790248E-02  9.99999975E-05  1.34565329E-02  3.53786752E-01
  2.50000000E+00 -2.14000000E-01  1.53352419E-01 -7.24007418E-03 -9.68678463E-02  9.99999975E-05  1.35254545E-02  3.48987404E-01
  2.50000000E+00 -2.11000000E-01  1.56273175E-01 -7.48370145E-03 -9.68564376E-02  9.99999975E-05  1.35948188E-02  3.44224267E-01
  2.50000000E+00 -2.08000000E-01  1.59235344E-01 -7.72961600E-03 -9.68447983E-02  9.99999975E-05  1.36645906E-02  3.39498839E-01
  2.50000000E+00 -2.05000000E-01  1.62239687E-01 -7.97779242E-03 -9.68329279E-02  9.99999975E-05  1.37347318E-02  3.34812596E-01
  2.50000000E+00 -2.02000000E-01  1.65286970E-01 -8.22820325E-03 -9.68208261E-02  9.99999975E-05  1.38052010E-02  3.30166990E-01
  2.50000000E+00 -1.99000000E-01  1.68377965E-01 -8.48081885E-03 -9.68084928E-02  9.99999975E-05  1.38759533E-02  3.25563444E-01
  2.50000000E+00 -1.96000000E-01  1.71513444E-01 -8.73560742E-03 -9.67959275E-02  9.99999975E-05  1.39469404E-02  3.21003356E-01
  2.50000000E+00 -1.93000000E-01  1.74694186E-01 -8.99253477E-03 -9.67831309E-02  9.99999975E-05  1.40181104E-02  3.16488095E-01
  2.50000000E+00 -1.90000000E-01  1.77920970E-01 -9.25156448E-03 -9.67701024E-02  9.99999975E-05  1.40894075E-02  3.12018998E-01
  2.50000000E+00 -1.87000000E-01  1.81194575E-01 -9.51265768E-03 -9.67568423E-02  9.99999975E-05  1.41607718E-02  3.07597371E-01
  2.50000000E+00 -1.84000000E-01  1.84515783E-01 -9.77577299E-03 -9.67433505E-02  9.99999975E-05  1.42321394E-02  3.03224485E-01
  2.50000000E+00 -1.81000000E-01  1.87885374E-01 -1.00408665E-02 -9.67296274E-02  9.99999975E-05  1.43034423E-02  2.98901579E-01
  2.50000000E+00 -1.78000000E-01  1.91304126E-01 -1.03078917E-02 -9.67156732E-02  9.99999975E-05  1.43746077E-02  2.94629854E-01
  2.50000000E+00 -1.75000000E-01  1.94772813E-01 -1.05767994E-02 -9.67014883E-02  9.99999975E-05  1.44455586E-02  2.90410478E-01
  2.50000000E+00 -1.72000000E-01  1.98292209E-01 -1.08475377E-02 -9.66870729E-02  9.99999975E-05  1.45162131E-02  2.86244579E-01
  2.50000000E+00 -1.69000000E-01  2.01863077E-01 -1.11200518E-02 -9.66724277E-02  9.99999975E-05  1.45864846E-02  2.82133248E-01
  2.50000000E+00 -1.66000000E-01  2.05486179E-01 -1.13942842E-02 -9.66575530E-02  9.99999975E-05  1.46562813E-02  2.78077540E-01
  2.50000000E+00 -1.63000000E-01  2.09162265E-01 -1.16701744E-02 -9.66424494E-02  9.99999975E-05  1.47255065E-02  2.74078469E-01
  2.50000000E+00 -1.60000000E-01  2.12892078E-01 -1.19476589E-02 -9.66271175E-02  9.99999975E-05  1.47940581E-02  2.70137012E-01
  2.50000000E+00 -1.57000000E-01  2.16676348E-01 -1.22266712E-02 -9.66115581E-02  9.99999975E-05  1.48618288E-02  2.66254105E-01
  2.50000000E+00 -1.54000000E-01  2.20515795E-01 -1.25071418E-02 -9.65957717E-02  9.99999975E-05  1.49287057E-02  2.62430650E-01
  2.50000000E+00 -1.51000000E-01  2.24411122E-01 -1.27889980E-02 -9.65797591E-02  9.99999975E-05  1.49945702E-02  2.58667505E-01
  2.50000000E+00 -1.48000000E-01  2.28363017E-01 -1.30721640E-02 -9.65635211E-02  9.99999975E-05  1.50592984E-02  2.54965494E-01
  2.50000000E+00 -1.45000000E-01  2.32372152E-01 -1.33565609E-02 -9.65470584E-02  9.99999975E-05  1.51227603E-02  2.51325404E-01
  2.50000000E+00 -1.42000000E-01  2.36439177E-01 -1.36421062E-02 -9.65303720E-02  9.99999975E-05  1.51848200E-02  2.47747983E-01
  2.50000000E+00 -1.39000000E-01  2.40564721E-01 -1.39287147E-02 -9.65134626E-02  9.99999975E-05  1.52453360E-02  2.44233945E-01
  2.50000000E+00 -1.36000000E-01  2.44749389E-01 -1.42162975E-02 -9.64963312E-02  9.99999975E-05  1.53041607E-02  2.40783971E-01
  2.50000000E+00 -1.33000000E-01  2.48993761E-01 -1.45047625E-02 -9.64789787E-02  9.99999975E-05  1.53611404E-02  2.37398706E-01
  2.50000000E+00 -1.30000000E-01  2.53298389E-01 -1.47940143E-02 -9.64614059E-02  9.99999975E-05  1.54161155E-02  2.34078765E-01
  2.50000000E+00 -1.27000000E-01  2.57663791E-01 -1.50839543E-02 -9.64436140E-02  9.99999975E-05  1.54689205E-02  2.30824735E-01
  2.50000000E+00 -1.24000000E-01  2.62090458E-01 -1.53744805E-02 -9.64256037E-02  9.99999975E-05  1.55193838E-02  2.27637171E-01
  2.50000000E+00 -1.21000000E-01  2.66578839E-01 -1.56654874E-02 -9.64073762E-02  9.99999975E-05  1.55673278E-02  2.24516606E-01
  2.50000000E+00 -1.18000000E-01  2.71129351E-01 -1.59568666E-02 -9.63889329E-02  9.99999975E-05  1.56125692E-02  2.21463545E-01
  2.50000000E+00 -1.15000000E-01  2.75742366E-01 -1.62485061E-02 -9.63702737E-02  9.99999975E-05  1.56549187E-02  2.18478480E-01
  2.50000000E+00 -1.12000000E-01  2.80418215E-01 -1.65402907E-02 -9.63514004E-02  9.99999975E-05  1.56941816E-02  2.15561866E-01
  2.50000000E+00 -1.09000000E-01  2.85157182E-01 -1.68321024E-02 -9.63323141E-02  9.99999975E-05  1.57301576E-02  2.12714157E-01
  2.50000000E+00 -1.06000000E-01  2.89959502E-01 -1.71238195E-02 -9.63130158E-02  9.99999975E-05  1.57626409E-02  2.09935799E-01
  2.50000000E+00 -1.03000000E-01  2.94825356E-01 -1.74153175E-02 -9.62935062E-02  9.99999975E-05  1.57914207E-02  2.07227222E-01
  2.50000000E+00 -1.00000000E-01  2.99754874E-01 -1.77064689E-02 -9.62737862E-02  9.99999975E-05  1.58162814E-02  2.04588844E-01
  2.50000000E+00 -9.70000000E-02  3.04748123E-01 -1.79971431E-02 -9.62538568E-02  9.99999975E-05  1.58370026E-02  2.02021075E-01
  2.50000000E+00 -9.40000000E-02  3.09805111E-01 -1.82872068E-02 -9.62337193E-02  9.99999975E-05  1.58533597E-02  1.99524324E-01
  2.50000000E+00 -9.10000000E-02  3.14925781E-01 -1.85765242E-02 -9.62133749E-02  9.99999975E-05  1.58651242E-02  1.97099010E-01
  2.50000000E+00 -8.80000000E-02  3.20110009E-01 -1.88649566E-02 -9.61928245E-02  9.99999975E-05  1.58720639E-02  1.94745574E-01
  2.50000000E+00 -8.50000000E-02  3.25357597E-01 -1.91523631E-02 -9.61720692E-02  9.99999975E-05  1.58739437E-02  1.92464490E-01
  2.50000000E+00 -8.20000000E-02  3.30668271E-01 -1.94386004E-02 -9.61511098E-02  9.99999975E-05  1.58705257E-02  1.90256283E-01
  2.50000000E+00 -7.90000000E-02  3.36041678E-01 -1.97235226E-02 -9.61299471E-02  9.99999975E-05  1.58615701E-02  1.88121538E-01
  2.50000000E+00 -7.60000000E-02  3.41477377E-01 -2.00069820E-02 -9.61085816E-02  9.99999975E-05  1.58468356E-02  1.86060915E-01
  2.50000000E+00 -7.30000000E-02  3.46974837E-01 -2.02888283E-02 -9.60870143E-02  9.99999975E-05  1.58260799E-02  1.84075161E-01
  2.50000000E+00 -7.00000000E-02  3.52533429E-01 -2.05689096E-02 -9.60652464E-02  9.99999975E-05  1.57990609E-02  1.82165084E-01
  2.50000000E+00 -6.70000000E-02  3.58152426E-01 -2.08470719E-02 -9.60432780E-02  9.99999975E-05  1.57655373E-02  1.80331413E-01
  2.50000000E+00 -6.40000000E-02  3.63831000E-01 -2.11231604E-02 -9.60211102E-02  9.99999975E-05  1.57252692E-02  1.78574961E-01
  2.50000000E+00 -6.10000000E-02  3.69568215E-01 -2.13970186E-02 -9.59987439E-02  9.99999975E-05  1.56780192E-02  1.76896607E-01
  2.50000000E+00 -5.80000000E-02  3.75363027E-01 -2.16684897E-02 -9.59761798E-02  9.99999975E-05  1.56235538E-02  1.75297291E-01
  2.50000000E+00 -5.50000000E-02  3.81214278E-01 -2.19374163E-02 -9.59534189E-02  9.99999975E-05  1.55616436E-02  1.73778007E-01
  2.50000000E+00 -5.20000000E-02  3.87120691E-01 -2.22036408E-02 -9.59304620E-02  9.99999975E-05  1.54920652E-02  1.72339812E-01
  2.50000000E+00 -4.90000000E-02  3.93080874E-01 -2.24670059E-02 -9.59073099E-02  9.99999975E-05  1.54146019E-02  1.70983837E-01
  2.50000000E+00 -4.60000000E-02  3.99093308E-01 -2.27273552E-02 -9.58839634E-02  9.99999975E-05  1.53290453E-02  1.69711301E-01
  2.50000000E+00 -4.30000000E-02  4.05156352E-01 -2.29845330E-02 -9.58604237E-02  9.99999975E-05  1.52351963E-02  1.68523521E-01
  2.50000000E+00 -4.00000000E-02  4.11268238E-01 -2.32383855E-02 -9.58366914E-02  9.99999975E-05  1.51328667E-02  1.67421915E-01
  2.50000000E+00 -3.70000000E-02  4.17427066E-01 -2.34887607E-02 -9.58127675E-02  9.99999975E-05  1.50218805E-02  1.66408008E-01
  2.50000000E+00 -3.40000000E-02  4.23630808E-01 -2.37355092E-02 -9.57886527E-02  9.99999975E-05  1.49020755E-02  1.65483450E-01
  2.50000000E+00 -3.10000000E-02  4.29877300E-01 -2.39784845E-02 -9.57643479E-02  9.99999975E-05  1.47733050E-02  1.64650022E-01
  2.50000000E+00 -2.80000000E-02  4.36164249E-01 -2.42175434E-02 -9.57398540E-02  9.99999975E-05  1.46354389E-02  1.63909649E-01
  2.50000000E+00 -2.50000000E-02  4.42489227E-01 -2.44525470E-02 -9.57151717E-02  9.99999975E-05  1.44883660E-02  1.63264408E-01
  2.50000000E+00 -2.20000000E-02  4.48849672E-01 -2.46833608E-02 -9.56903018E-02  9.99999975E-05  1.43319950E-02  1.62716549E-01
  2.50000000E+00 -1.90000000E-02  4.55242889E-01 -2.49098553E-02 -9.56652454E-02  9.99999975E-05  1.41662570E-02  1.62268499E-01
  2.50000000E+00 -1.60000000E-02  4.61666055E-01 -2.51319067E-02 -9.56400034E-02  9.99999975E-05  1.39911065E-02  1.61922884E-01
  2.50000000E+00 -1.30000000E-02  4.68116215E-01 -2.53493972E-02 -9.56145765E-02  9.99999975E-05  1.38065234E-02  1.61682539E-01
  2.50000000E+00 -1.00000000E-02  4.74590288E-01 -2.55622160E-02 -9.55889656E-02  9.99999975E-05  1.36125151E-02  1.61550527E-01
  2.50000000E+00 -7.00000000E-03  4.81085069E-01 -2.57702593E-02 -9.55631711E-02  9.99999975E-05  1.34091177E-02  1.61530158E-01
  2.50000000E+00 -4.00000000E-03  4.87597232E-01 -2.59734311E-02 -9.55371936E-02  9.99999975E-05  1.31963980E-02  1.61625167E-01
  2.50000000E+00 -1.00000000E-03  4.94123323E-01 -2.61716435E-02 -9.55110344E-02  9.99999975E-05  1.29744557E-02  1.61839865E-01
  2.50000000E+00  2.00000000E-03  5.00659758E-01 -2.63648171E-02 -9.54846950E-02  9.99999975E-05  1.27434252E-02  1.62178950E-01
  2.50000000E+00  5.00000000E-03  5.07202826E-01 -2.65528815E-02 -9.54581746E-02  9.99999975E-05  1.25034774E-02  1.62647513E-01
  2.50000000E+00  8.00000000E-03  5.13748695E-01 -2.67357757E-02 -9.54314761E-02  9.99999975E-05  1.22548212E-02  1.63251073E-01
  2.50000000E+00  1.10000000E-02  5.20293419E-01 -2.69134487E-02 -9.54045997E-02  9.99999975E-05  1.19977054E-02  1.63995607E-01
  2.50000000E+00  1.40000000E-02  5.26832936E-01 -2.70858602E-02 -9.53775459E-02  9.99999975E-05  1.17324201E-02  1.64887583E-01
  2.50000000E+00  1.70000000E-02  5.33363085E-01 -2.72529802E-02 -9.53503158E-02  9.99999975E-05  1.14592978E-02  1.65934002E-01
  2.50000000E+00  2.00000000E-02  5.39879607E-01 -2.74147903E-02 -9.53229110E-02  9.99999975E-05  1.11787147E-02  1.67142430E-01
  2.50000000E+00  2.30000000E-02  5.46378154E-01 -2.75712835E-02 -9.52953321E-02  9.99999975E-05  1.08910912E-02  1.68521043E-01
  2.50000000E+00  2.60000000E-02  5.52854299E-01 -2.77224648E-02 -9.52675799E-02  9.99999975E-05  1.05968930E-02  1.70078667E-01
  2.50000000E+00  2.90000000E-02  5.59303547E-01 -2.78683509E-02 -9.52396551E-02  9.99999975E-05  1.02966315E-02  1.71824821E-01
  2.50000000E+00  3.20000000E-02  5.65721339E-01 -2.80089710E-02 -9.52115584E-02  9.99999975E-05  9.99086312E-03  1.73769757E-01
  2.50000000E+00  3.50000000E-02  5.72103071E-01 -2.81443666E-02 -9.51832909E-02  9.99999975E-05  9.68018976E-03  1.75924506E-01
  2.50000000E+00  3.80000000E-02  5.78444099E-01 -2.82745916E-02 -9.51548534E-02  9.99999975E-05  9.36525757E-03  1.78300914E-01
  2.50000000E+00  4.10000000E-02  5.84739751E-01 -2.83997124E-02 -9.51262471E-02  9.99999975E-05  9.04675602E-03  1.80911684E-01
  2.50000000E+00  4.40000000E-02  5.90985340E-01 -2.85198075E-02 -9.50974729E-02  9.99999975E-05  8.72541615E-03  1.83770401E-01
  2.50000000E+00  4.70000000E-02  5.97176176E-01 -2.86349677E-02 -9.50685321E-02  9.99999975E-05  8.40200849E-03  1.86891561E-01
  2.50000000E+00  5.00000000E-02  6.03307574E-01 -2.87452959E-02 -9.50394258E-02  9.99999975E-05  8.07734042E-03  1.90290576E-01
  2.50000000E+00  5.30000000E-02  6.09374870E-01 -2.88509062E-02 -9.50101551E-02  9.99999975E-05  7.75225291E-03  1.93983777E-01
  2.50000000E+00  5.60000000E-02  6.15373426E-01 -2.89519243E-02 -9.49807216E-02  9.99999975E-05  7.42761675E-03  1.97988381E-01
  2.50000000E+00  5.90000000E-02  6.21298644E-01 -2.90484866E-02 -9.49511269E-02  9.99999975E-05  7.10432811E-03  2.02322441E-01
  2.50000000E+00  6.20000000E-02  6.27145972E-01 -2.91407399E-02 -9.49213729E-02  9.99999975E-05  6.78330350E-03  2.07004753E-01
  2.50000000E+00  6.50000000E-02  6.32910913E-01 -2.92288405E-02 -9.48914616E-02  9.99999975E-05  6.46547414E-03  2.12054718E-01
  2.50000000E+00  6.80000000E-02  6.38589036E-01 -2.93129543E-02 -9.48613956E-02  9.99999975E-05  6.15177948E-03  2.17492157E-01
  2.50000000E+00  7.10000000E-02  6.44175974E-01 -2.93932552E-02 -9.48311781E-02  9.99999975E-05  5.84316041E-03  2.23337031E-01
  2.50000000E+00  7.40000000E-02  6.49667433E-01 -2.94699250E-02 -9.48008122E-02  9.99999975E-05  5.54055152E-03  2.29609100E-01
  2.50000000E+00  7.70000000E-02  6.55059198E-01 -2.95431526E-02 -9.47703016E-02  9.99999975E-05  5.24487278E-03  2.36327471E-01
  2.50000000E+00  8.00000000E-02  6.60347135E-01 -2.96131330E-02 -9.47396507E-02  9.99999975E-05  4.95702065E-03  2.43510028E-01
  2.50000000E+00  8.30000000E-02  6.65527190E-01 -2.96800666E-02 -9.47088647E-02  9.99999975E-05  4.67785860E-03  2.51172726E-01
  2.50000000E+00  8.60000000E-02  6.70595400E-01 -2.97441582E-02 -9.46779491E-02  9.99999975E-05  4.40820703E-03  2.59328754E-01
  2.50000000E+00  8.90000000E-02  6.75547899E-01 -2.98056161E-02 -9.46469101E-02  9.99999975E-05  4.14883267E-03  2.67987554E-01
  2.50000000E+00  9.20000000E-02  6.80380930E-01 -2.98646512E-02 -9.46157546E-02  9.99999975E-05  3.90043756E-03  2.77153703E-01
  2.50000000E+00  9.50000000E-02  6.85090859E-01 -2.99214754E-02 -9.45844900E-02  9.99999975E-05  3.66364691E-03  2.86825505E-01
  2.50000000E+00  9.80000000E-02  6.89674192E-01 -2.99763007E-02 -9.45531240E-02  9.99999975E-05  3.43900372E-03  2.96994762E-01
  2.50000000E+00  1.01000000E-01  6.94127637E-01 -3.00293379E-02 -9.45216661E-02  9.99999975E-05  3.22694545E-03  3.07643229E-01
  2.50000000E+00  1.04000000E-01  6.98448144E-01 -3.00807939E-02 -9.44901241E-02  9.99999975E-05  3.02780293E-03  3.18743478E-01
  2.50000000E+00  1.07000000E-01  7.02632943E-01 -3.01308702E-02 -9.44585064E-02  9.99999975E-05  2.84179353E-03  3.30258200E-01
  2.50000000E+00  1.10000000E-01  7.06679636E-01 -3.01797614E-02 -9.44268219E-02  9.99999975E-05  2.66900920E-03  3.42138902E-01
  2.50000000E+00  1.13000000E-01  7.10586295E-01 -3.02276513E-02 -9.43950787E-02  9.99999975E-05  2.50941002E-03  3.54325934E-01
  2.50000000E+00  1.16000000E-01  7.14351569E-01 -3.02747113E-02 -9.43632844E-02  9.99999975E-05  2.36282308E-03  3.66749627E-01
  2.50000000E+00  1.19000000E-01  7.17974787E-01 -3.03210964E-02 -9.43314451E-02  9.99999975E-05  2.22894601E-03  3.79332317E-01
  2.50000000E+00  1.22000000E-01  7.21456051E-01 -3.03669435E-02 -9.42995658E-02  9.99999975E-05  2.10735490E-03  3.91991033E-01
  2.50000000E+00  1.25000000E-01  7.24796313E-01 -3.04123687E-02 -9.42676499E-02  9.99999975E-05  1.99751605E-03  4.04640626E-01
  2.50000000E+00  1.28000000E-01  7.27997424E-01 -3.04574657E-02 -9.42356993E-02  9.99999975E-05  1.89880115E-03  4.17197103E-01
  2.50000000E+00  1.31000000E-01  7.31062165E-01 -3.05023048E-02 -9.42037147E-02  9.99999975E-05  1.81050539E-03  4.29580964E-01
  2.50000000E+00  1.34000000E-01  7.33994222E-01 -3.05469329E-02 -9.41716955E-02  9.99999975E-05  1.73186821E-03  4.41720297E-01
  2.50000000E+00  1.37000000E-01  7.36798136E-01 -3.05913742E-02 -9.41396398E-02  9.99999975E-05  1.66209607E-03  4.53553417E-01
  2.50000000E+00  1.40000000E-01  7.39479185E-01 -3.06356327E-02 -9.41075454E-02  9.99999975E-05  1.60038681E-03  4.65030826E-01
  2.50000000E+00  1.43000000E-01  7.42043217E-01 -3.06796957E-02 -9.40754090E-02  9.99999975E-05  1.54595533E-03  4.76116267E-01
  2.50000000E+00  1.46000000E-01  7.44496516E-01 -3.07235343E-02 -9.40432256E-02  9.99999975E-05  1.49804403E-03  4.86785833E-01
  2.50000000E+00  1.49000000E-01  7.46845514E-01 -3.07671104E-02 -9.40109938E-02  9.99999975E-05  1.45594446E-03  4.97024760E-01
  2.50000000E+00  1.52000000E-01  7.49096910E-01 -3.08103789E-02 -9.39787106E-02  9.99999975E-05  1.41898681E-03  5.06829994E-01
  2.50000000E+00  1.55000000E-01  7.51257336E-01 -3.08532898E-02 -9.39463727E-02  9.99999975E-05  1.38656294E-03  5.16206143E-01
  2.50000000E+00  1.58000000E-01  7.53333206E-01 -3.08957925E-02 -9.39139773E-02  9.99999975E-05  1.35813056E-03  5.25163385E-01
  2.50000000E+00  1.61000000E-01  7.55330650E-01 -3.09378382E-02 -9.38815228E-02  9.99999975E-05  1.33320853E-03  5.33715911E-01
  2.50000000E+00  1.64000000E-01  7.57255464E-01 -3.09793812E-02 -9.38490080E-02  9.99999975E-05  1.31137215E-03  5.41880619E-01
  2.50000000E+00  1.67000000E-01  7.59113079E-01 -3.10203805E-02 -9.38164321E-02  9.99999975E-05  1.29224836E-03  5.49676051E-01
  2.50000000E+00  1.70000000E-01  7.60908538E-01 -3.10608001E-02 -9.37837952E-02  9.99999975E-05  1.27551103E-03  5.57121535E-01
  2.50000000E+00  1.73000000E-01  7.62646492E-01 -3.11006099E-02 -9.37510972E-02  9.99999975E-05  1.26087628E-03  5.64236527E-01
  2.50000000E+00  1.76000000E-01  7.64331199E-01 -3.11397856E-02 -9.37183388E-02  9.99999975E-05  1.24809788E-03  5.71040126E-01
  2.50000000E+00  1.79000000E-01  7.65966536E-01 -3.11783088E-02 -9.36855208E-02  9.99999975E-05  1.23696286E-03  5.77550729E-01
  2.50000000E+00  1.82000000E-01  7.67556022E-01 -3.12161666E-02 -9.36526439E-02  9.99999975E-05  1.22728727E-03  5.83785827E-01
  2.50000000E+00  1.85000000E-01  7.69102835E-01 -3.12533511E-02 -9.36197094E-02  9.99999975E-05  1.21891220E-03  5.89761900E-01
  2.50000000E+00  1.88000000E-01  7.70609846E-01 -3.12898591E-02 -9.35867186E-02  9.99999975E-05  1.21170003E-03  5.95494401E-01
  2.50000000E+00  1.91000000E-01  7.72079646E-01 -3.13256911E-02 -9.35536727E-02  9.99999975E-05  1.20553106E-03  6.00997805E-01
  2.50000000E+00  1.94000000E-01  7.73514582E-01 -3.13608510E-02 -9.35205731E-02  9.99999975E-05  1.20030049E-03  6.06285700E-01
  2.50000000E+00  1.97000000E-01  7.74916784E-01 -3.13953453E-02 -9.34874214E-02  9.99999975E-05  1.19591580E-03  6.11370900E-01
  2.50000000E+00  2.00000000E-01  7.76288196E-01 -3.14291825E-02 -9.34542191E-02  9.99999975E-05  1.19229455E-03  6.16265558E-01
  2.50000000E+00  2.03000000E-01  7.77630599E-01 -3.14623728E-02 -9.34209678E-02  9.99999975E-05  1.18936273E-03  6.20981260E-01
  2.50000000E+00  2.06000000E-01  7.78945634E-01 -3.14949279E-02 -9.33876691E-02  9.99999975E-05  1.18705365E-03  6.25529071E-01
  2.50000000E+00  2.09000000E-01  7.80234809E-01 -3.15268606E-02 -9.33543249E-02  9.99999975E-05  1.18530731E-03  6.29919523E-01
  2.50000000E+00  2.12000000E-01  7.81499506E-01 -3.15581854E-02 -9.33209369E-02  9.99999975E-05  1.18407054E-03  6.34162517E-01
  2.50000000E+00  2.15000000E-01  7.82740973E-01 -3.15889185E-02 -9.32875072E-02  9.99999975E-05  1.18329770E-03  6.38267112E-01
  2.50000000E+00  2.18000000E-01  7.83960306E-01 -3.16190792E-02 -9.32540377E-02  9.99999975E-05  1.18295212E-03  6.42241191E-01
  2.50000000E+00  2.21000000E-01  7.85158569E-01 -3.16486696E-02 -9.32205191E-02  9.99999975E-05  1.18299443E-03  6.46092852E-01
  2.50000000E+00  2.24000000E-01  7.86336832E-01 -3.16777092E-02 -9.31869630E-02  9.99999975E-05  1.18338352E-03  6.49830727E-01
  2.50000000E+00  2.27000000E-01  7.87495990E-01 -3.17062182E-02 -9.31533741E-02  9.99999975E-05  1.18409041E-03  6.53461888E-01
  2.50000000E+00  2.30000000E-01  7.88636897E-01 -3.17342093E-02 -9.31197509E-02  9.99999975E-05  1.18508633E-03  6.56993219E-01
  2.50000000E+00  2.33000000E-01  7.89760353E-01 -3.17616951E-02 -9.30860933E-02  9.99999975E-05  1.18634491E-03  6.60431146E-01
  2.50000000E+00  2.36000000E-01  7.90867106E-01 -3.17886884E-02 -9.30524012E-02  9.99999975E-05  1.18784205E-03  6.63781661E-01
  2.50000000E+00  2.39000000E-01  7.91957855E-01 -3.18152020E-02 -9.30186756E-02  9.99999975E-05  1.18955566E-03  6.67050350E-01
  2.50000000E+00  2.42000000E-01  7.93033254E-01 -3.18412485E-02 -9.29849175E-02  9.99999975E-05  1.19146555E-03  6.70242416E-01
  2.50000000E+00  2.45000000E-01  7.94093918E-01 -3.18668399E-02 -9.29511280E-02  9.99999975E-05  1.19355324E-03  6.73362706E-01
  2.50000000E+00  2.48000000E-01  7.95140422E-01 -3.18919883E-02 -9.29173086E-02  9.99999975E-05  1.19580182E-03  6.76415728E-01
  2.50000000E+00  2.51000000E-01  7.96173306E-01 -3.19167050E-02 -9.28834605E-02  9.99999975E-05  1.19819581E-03  6.79405678E-01
  2.50000000E+00  2.54000000E-01  7.97193076E-01 -3.19410012E-02 -9.28495852E-02  9.99999975E-05  1.20072106E-03  6.82336455E-01
  2.50000000E+00  2.57000000E-01  7.98200208E-01 -3.19648871E-02 -9.28156837E-02  9.99999975E-05  1.20336459E-03  6.85211687E-01
  2.50000000E+00  2.60000000E-01  7.99195151E-01 -3.19883730E-02 -9.27817572E-02  9.99999975E-05  1.20611452E-03  6.88034741E-01
  2.50000000E+00  2.63000000E-01  8.00178326E-01 -3.20114683E-02 -9.27478068E-02  9.99999975E-05  1.20895998E-03  6.90808747E-01
  2.50000000E+00  2.66000000E-01  8.01150130E-01 -3.20341821E-02 -9.27138331E-02  9.99999975E-05  1.21189098E-03  6.93536613E-01
  2.50000000E+00  2.69000000E-01  8.02110937E-01 -3.20565229E-02 -9.26798371E-02  9.99999975E-05  1.21489837E-03  6.96221037E-01
  2.50000000E+00  2.72000000E-01  8.03061101E-01 -3.20784991E-02 -9.26458193E-02  9.99999975E-05  1.21797374E-03  6.98864528E-01
  2.50000000E+00  2.75000000E-01  8.04000955E-01 -3.21001183E-02 -9.26117803E-02  9.99999975E-05  1.22110937E-03  7.01469413E-01
  2.50000000E+00  2.78000000E-01  8.04930816E-01 -3.21213881E-02 -9.25777208E-02  9.99999975E-05  1.22429818E-03  7.04037854E-01
  2.50000000E+00  2.81000000E-01  8.05850981E-01 -3.21423156E-02 -9.25436412E-02  9.99999975E-05  1.22753365E-03  7.06571860E-01
  2.50000000E+00  2.84000000E-01  8.06761733E-01 -3.21629077E-02 -9.25095420E-02  9.99999975E-05  1.23080978E-03  7.09073297E-01
  2.50000000E+00  2.87000000E-01  8.07663340E-01 -3.21831709E-02 -9.24754240E-02  9.99999975E-05  1.23412107E-03  7.11543900E-01
  2.50000000E+00  2.90000000E-01  8.08556057E-01 -3.22031118E-02 -9.24412877E-02  9.99999975E-05  1.23746244E-03  7.13985283E-01
  2.50000000E+00  2.93000000E-01  8.09440123E-01 -3.22227367E-02 -9.24071338E-02  9.99999975E-05  1.24082925E-03  7.16398945E-01
  2.50000000E+00  2.96000000E-01  8.10315767E-01 -3.22420515E-02 -9.23729633E-02  9.99999975E-05  1.24421720E-03  7.18786285E-01
  2.50000000E+00  2.99000000E-01  8.11183207E-01 -3.22610624E-02 -9.23387769E-02  9.99999975E-05  1.24762235E-03  7.21148604E-01
  2.50000000E+00  3.02000000E-01  8.12042650E-01 -3.22797751E-02 -9.23045756E-02  9.99999975E-05  1.25104107E-03  7.23487116E-01
  2.50000000E+00  3.05000000E-01  8.12894291E-01 -3.22981952E-02 -9.22703603E-02  9.99999975E-05  1.25447005E-03  7.25802954E-01
  2.50000000E+00  3.08000000E-01  8.13738318E-01 -3.23163284E-02 -9.22361320E-02  9.99999975E-05  1.25790622E-03  7.28097175E-01
  2.50000000E+00  3.11000000E-01  8.14574909E-01 -3.23341799E-02 -9.22018915E-02  9.99999975E-05  1.26134675E-03  7.30370769E-01
  2.50000000E+00  3.14000000E-01  8.15404235E-01 -3.23517546E-02 -9.21676393E-02  9.99999975E-05  1.26478906E-03  7.32624660E-01
  2.50000000E+00  3.17000000E-01  8.16226458E-01 -3.23690572E-02 -9.21333756E-02  9.99999975E-05  1.26823073E-03  7.34859716E-01
  2.50000000E+00  3.20000000E-01  8.17041734E-01 -3.23860918E-02 -9.20991004E-02  9.99999975E-05  1.27166953E-03  7.37076747E-01
  2.50000000E+00  3.23000000E-01  8.17850213E-01 -3.24028620E-02 -9.20648126E-02  9.99999975E-05  1.27510337E-03  7.39276516E-01
  2.50000000E+00  3.26000000E-01  8.18652039E-01 -3.24193707E-02 -9.20305106E-02  9.99999975E-05  1.27853027E-03  7.41459740E-01
  2.50000000E+00  3.29000000E-01  8.19447351E-01 -3.24356197E-02 -9.19961916E-02  9.99999975E-05  1.28194834E-03  7.43627090E-01
  2.50000000E+00  3.32000000E-01  8.20236284E-01 -3.24516157E-02 -9.19618621E-02  9.99999975E-05  1.28535584E-03  7.45779196E-01
  2.50000000E+00  3.35000000E-01  8.21018958E-01 -3.24673802E-02 -9.19275522E-02  9.99999975E-05  1.28875161E-03  7.47916658E-01
  2.50000000E+00  3.38000000E-01  8.21795499E-01 -3.24828975E-02 -9.18932245E-02  9.99999975E-05  1.29213402E-03  7.50040052E-01
  2.50000000E+00  3.41000000E-01  8.22566023E-01 -3.24981726E-02 -9.18588826E-02  9.99999975E-05  1.29550175E-03  7.52149907E-01
  2.50000000E+00  3.44000000E-01  8.23330644E-01 -3.25132101E-02 -9.18245290E-02  9.99999975E-05  1.29885360E-03  7.54246722E-01
  2.50000000E+00  3.47000000E-01  8.24089471E-01 -3.25280145E-02 -9.17901660E-02  9.99999975E-05  1.30218841E-03  7.56330974E-01
  2.50000000E+00  3.50000000E-01  8.24842610E-01 -3.25425898E-02 -9.17557953E-02  9.99999975E-05  1.30550514E-03  7.58403115E-01
  2.50000000E+00  3.53000000E-01  8.25590162E-01 -3.25569399E-02 -9.17214183E-02  9.99999975E-05  1.30880278E-03  7.60463575E-01
  2.50000000E+00  3.56000000E-01  8.26332228E-01 -3.25710685E-02 -9.16870360E-02  9.99999975E-05  1.31208040E-03  7.62512763E-01
  2.50000000E+00  3.59000000E-01  8.27068901E-01 -3.25849788E-02 -9.16526493E-02  9.99999975E-05  1.31533715E-03  7.64551069E-01
  2.50000000E+00  3.62000000E-01  8.27800275E-01 -3.25986742E-02 -9.16182586E-02  9.99999975E-05  1.31857220E-03  7.66578863E-01
  2.50000000E+00  3.65000000E-01  8.28526438E-01 -3.26121579E-02 -9.15838645E-02  9.99999975E-05  1.32178481E-03  7.68596500E-01
  2.50000000E+00  3.68000000E-01  8.29247479E-01 -3.26254327E-02 -9.15494673E-02  9.99999975E-05  1.32497427E-03  7.70604317E-01
  2.50000000E+00  3.71000000E-01  8.29963480E-01 -3.26385017E-02 -9.15150671E-02  9.99999975E-05  1.32813991E-03  7.72602636E-01
  2.50000000E+00  3.74000000E-01  8.30674524E-01 -3.26513677E-02 -9.14806641E-02  9.99999975E-05  1.33128112E-03  7.74591765E-01
  2.50000000E+00  3.77000000E-01  8.31380690E-01 -3.26640333E-02 -9.14462585E-02  9.99999975E-05  1.33439733E-03  7.76571999E-01
  2.50000000E+00  3.80000000E-01  8.32082054E-01 -3.26765013E-02 -9.14118504E-02  9.99999975E-05  1.33748799E-03  7.78543620E-01
  2.50000000E+00  3.83000000E-01  8.32778693E-01 -3.26887742E-02 -9.13774398E-02  9.99999975E-05  1.34055261E-03  7.80506897E-01
  2.50000000E+00  3.86000000E-01  8.33470679E-01 -3.27008546E-02 -9.13430270E-02  9.99999975E-05  1.34359071E-03  7.82462091E-01
  2.50000000E+00  3.89000000E-01  8.34158082E-01 -3.27127451E-02 -9.13086122E-02  9.99999975E-05  1.34660185E-03  7.84409450E-01
  2.50000000E+00  3.92000000E-01  8.34840972E-01 -3.27244481E-02 -9.12741955E-02  9.99999975E-05  1.34958564E-03  7.86349213E-01
  2.50000000E+00  3.95000000E-01  8.35519416E-01 -3.27359662E-02 -9.12397772E-02  9.99999975E-05  1.35254167E-03  7.88281610E-01
  2.50000000E+00  3.98000000E-01  8.36193479E-01 -3.27473016E-02 -9.12053576E-02  9.99999975E-05  1.35546959E-03  7.90206862E-01
  2.50000000E+00  4.01000000E-01  8.36863226E-01 -3.27584568E-02 -9.11709371E-02  9.99999975E-05  1.35836908E-03  7.92125183E-01
  2.50000000E+00  4.04000000E-01  8.37528719E-01 -3.27694342E-02 -9.11365159E-02  9.99999975E-05  1.36123980E-03  7.94036777E-01
  2.50000000E+00  4.07000000E-01  8.38190019E-01 -3.27802361E-02 -9.11020947E-02  9.99999975E-05  1.36408148E-03  7.95941843E-01
  2.50000000E+00  4.10000000E-01  8.38847186E-01 -3.27908648E-02 -9.10676737E-02  9.99999975E-05  1.36689384E-03  7.97840573E-01
  2.50000000E+00  4.13000000E-01  8.39500276E-01 -3.28013225E-02 -9.10332534E-02  9.99999975E-05  1.36967662E-03  7.99733152E-01
  2.50000000E+00  4.16000000E-01  8.40149347E-01 -3.28116116E-02 -9.09988343E-02  9.99999975E-05  1.37242958E-03  8.01619759E-01
  2.50000000E+00  4.19000000E-01  8.40794455E-01 -3.28217340E-02 -9.09644168E-02  9.99999975E-05  1.37515250E-03  8.03500567E-01
  2.50000000E+00  4.22000000E-01  8.41435654E-01 -3.28316921E-02 -9.09300014E-02  9.99999975E-05  1.37784518E-03  8.05375744E-01
  2.50000000E+00  4.25000000E-01  8.42072996E-01 -3.28414879E-02 -9.08955885E-02  9.99999975E-05  1.38050742E-03  8.07245452E-01
  2.50000000E+00  4.28000000E-01  8.42706533E-01 -3.28511234E-02 -9.08611786E-02  9.99999975E-05  1.38313905E-03  8.09109849E-01
  2.50000000E+00  4.31000000E-01  8.43336316E-01 -3.28606007E-02 -9.08267719E-02  9.99999975E-05  1.38573988E-03  8.10969088E-01
  2.50000000E+00  4.34000000E-01  8.43962395E-01 -3.28699217E-02 -9.07923689E-02  9.99999975E-05  1.38830979E-03  8.12823317E-01
  2.50000000E+00  4.37000000E-01  8.44584818E-01 -3.28790883E-02 -9.07579698E-02  9.99999975E-05  1.39084861E-03  8.14672678E-01
  2.50000000E+00  4.40000000E-01  8.45203633E-01 -3.28881023E-02 -9.07235749E-02  9.99999975E-05  1.39335623E-03  8.16517313E-01
  2.50000000E+00  4.43000000E-01  8.45818885E-01 -3.28969656E-02 -9.06891844E-02  9.99999975E-05  1.39583252E-03  8.18357357E-01
  2.50000000E+00  4.46000000E-01  8.46430621E-01 -3.29056798E-02 -9.06547984E-02  9.99999975E-05  1.39827737E-03  8.20192941E-01
  2.50000000E+00  4.49000000E-01  8.47038885E-01 -3.29142466E-02 -9.06204169E-02  9.99999975E-05  1.40069069E-03  8.22024192E-01
  2.50000000E+00  4.52000000E-01  8.47643720E-01 -3.29226678E-02 -9.05860401E-02  9.99999975E-05  1.40307238E-03  8.23851236E-01
  2.50000000E+00  4.55000000E-01  8.48245169E-01 -3.29309447E-02 -9.05516680E-02  9.99999975E-05  1.40542237E-03  8.25674192E-01
  2.50000000E+00  4.58000000E-01  8.48843275E-01 -3.29390791E-02 -9.05173005E-02  9.99999975E-05  1.40774059E-03  8.27493179E-01
  2.50000000E+00  4.61000000E-01  8.49438077E-01 -3.29470724E-02 -9.04829377E-02  9.99999975E-05  1.41002698E-03  8.29308310E-01
  2.50000000E+00  4.64000000E-01  8.50029617E-01 -3.29549262E-02 -9.04485796E-02  9.99999975E-05  1.41228148E-03  8.31119697E-01
  2.50000000E+00  4.67000000E-01  8.50617933E-01 -3.29626418E-02 -9.04142262E-02  9.99999975E-05  1.41450404E-03  8.32927447E-01
  2.50000000E+00  4.70000000E-01  8.51203064E-01 -3.29702208E-02 -9.03798776E-02  9.99999975E-05  1.41669463E-03  8.34731666E-01
  2.50000000E+00  4.73000000E-01  8.51785048E-01 -3.29776647E-02 -9.03455340E-02  9.99999975E-05  1.41885322E-03  8.36532457E-01
  2.50000000E+00  4.76000000E-01  8.52363922E-01 -3.29849751E-02 -9.03111959E-02  9.99999975E-05  1.42097977E-03  8.38329921E-01
  2.50000000E+00  4.79000000E-01  8.52939723E-01 -3.29921534E-02 -9.02768638E-02  9.99999975E-05  1.42307428E-03  8.40124155E-01
  2.50000000E+00  4.82000000E-01  8.53512487E-01 -3.29992015E-02 -9.02425384E-02  9.99999975E-05  1.42513672E-03  8.41915255E-01
  2.50000000E+00  4.85000000E-01  8.54082248E-01 -3.30061209E-02 -9.02082209E-02  9.99999975E-05  1.42716709E-03  8.43703317E-01
  2.50000000E+00  4.88000000E-01  8.54649042E-01 -3.30129137E-02 -9.01739127E-02  9.99999975E-05  1.42916537E-03  8.45488431E-01
  2.50000000E+00  4.91000000E-01  8.55212903E-01 -3.30195818E-02 -9.01396156E-02  9.99999975E-05  1.43113156E-03  8.47270691E-01
  2.50000000E+00  4.94000000E-01  8.55773865E-01 -3.30261275E-02 -9.01053321E-02  9.99999975E-05  1.43306567E-03  8.49050186E-01
  2.50000000E+00  4.97000000E-01  8.56331961E-01 -3.30325533E-02 -9.00710651E-02  9.99999975E-05  1.43496768E-03  8.50827005E-01
  2.50000000E+00  5.00000000E-01  8.56887223E-01 -3.30388618E-02 -9.00368183E-02  9.99999975E-05  1.43683760E-03  8.52601239E-01
  2.50000000E+00  5.03000000E-01  8.57439677E-01 -3.30450290E-02 -9.00025239E-02  9.99999975E-05  1.43867552E-03  8.54372939E-01
  2.50000000E+00  5.06000000E-01  8.57989360E-01 -3.30510796E-02 -8.99682471E-02  9.99999975E-05  1.44048142E-03  8.56142214E-01
  2.50000000E+00  5.09000000E-01  8.58536301E-01 -3.30570144E-02 -8.99339863E-02  9.99999975E-05  1.44225532E-03  8.57909141E-01
  2.50000000E+00  5.12000000E-01  8.59080531E-01 -3.30628340E-02 -8.98997399E-02  9.99999975E-05  1.44399725E-03  8.59673795E-01
  2.50000000E+00  5.15000000E-01  8.59622078E-01 -3.30685390E-02 -8.98655066E-02  9.99999975E-05  1.44570726E-03  8.61436253E-01
  2.50000000E+00  5.18000000E-01  8.60160971E-01 -3.30741303E-02 -8.98312855E-02  9.99999975E-05  1.44738537E-03  8.63196587E-01
  2.50000000E+00  5.21000000E-01  8.60697239E-01 -3.30796086E-02 -8.97970758E-02  9.99999975E-05  1.44903164E-03  8.64954872E-01
  2.50000000E+00  5.24000000E-01  8.61230908E-01 -3.30849749E-02 -8.97628769E-02  9.99999975E-05  1.45064611E-03  8.66711177E-01
  2.50000000E+00  5.27000000E-01  8.61762008E-01 -3.30902300E-02 -8.97286882E-02  9.99999975E-05  1.45222882E-03  8.68465575E-01
  2.50000000E+00  5.30000000E-01  8.62290563E-01 -3.30953748E-02 -8.96945095E-02  9.99999975E-05  1.45377983E-03  8.70218134E-01
  2.50000000E+00  5.33000000E-01  8.62816602E-01 -3.31004104E-02 -8.96603405E-02  9.99999975E-05  1.45529919E-03  8.71968922E-01
  2.50000000E+00  5.36000000E-01  8.63340149E-01 -3.31053377E-02 -8.96261811E-02  9.99999975E-05  1.45678696E-03  8.73718008E-01
  2.50000000E+00  5.39000000E-01  8.63861231E-01 -3.31101577E-02 -8.95920314E-02  9.99999975E-05  1.45824319E-03  8.75465457E-01
  2.50000000E+00  5.42000000E-01  8.64379873E-01 -3.31148713E-02 -8.95578913E-02  9.99999975E-05  1.45966795E-03  8.77211335E-01
  2.50000000E+00  5.45000000E-01  8.64896099E-01 -3.31194797E-02 -8.95237610E-02  9.99999975E-05  1.46106130E-03  8.78955706E-01
  2.50000000E+00  5.48000000E-01  8.65409935E-01 -3.31239837E-02 -8.94896408E-02  9.99999975E-05  1.46242330E-03  8.80698634E-01
  2.50000000E+00  5.51000000E-01  8.65921403E-01 -3.31283844E-02 -8.94555307E-02  9.99999975E-05  1.46375402E-03  8.82440182E-01
  2.50000000E+00  5.54000000E-01  8.66430528E-01 -3.31326828E-02 -8.94214310E-02  9.99999975E-05  1.46505354E-03  8.84180411E-01
  2.50000000E+00  5.57000000E-01  8.66937334E-01 -3.31368800E-02 -8.93873420E-02  9.99999975E-05  1.46632192E-03  8.85919382E-01
  2.50000000E+00  5.60000000E-01  8.67441842E-01 -3.31409768E-02 -8.93532640E-02  9.99999975E-05  1.46755924E-03  8.87657154E-01
  2.50000000E+00  5.63000000E-01  8.67944076E-01 -3.31449742E-02 -8.93191973E-02  9.99999975E-05  1.46876558E-03  8.89393789E-01
  2.50000000E+00  5.66000000E-01  8.68444058E-01 -3.31488733E-02 -8.92851422E-02  9.99999975E-05  1.46994100E-03  8.91129343E-01
  2.50000000E+00  5.69000000E-01  8.68941809E-01 -3.31526750E-02 -8.92510989E-02  9.99999975E-05  1.47108560E-03  8.92863874E-01
  2.50000000E+00  5.72000000E-01  8.69437351E-01 -3.31563802E-02 -8.92170677E-02  9.99999975E-05  1.47219944E-03  8.94597440E-01
  2.50000000E+00  5.75000000E-01  8.69930705E-01 -3.31599898E-02 -8.91830489E-02  9.99999975E-05  1.47328262E-03  8.96330096E-01
  2.50000000E+00  5.78000000E-01  8.70421893E-01 -3.31635048E-02 -8.91490427E-02  9.99999975E-05  1.47433521E-03  8.98061899E-01
  2.50000000E+00  5.81000000E-01  8.70910934E-01 -3.31669259E-02 -8.91150494E-02  9.99999975E-05  1.47535731E-03  8.99792902E-01
  2.50000000E+00  5.84000000E-01  8.71397849E-01 -3.31702542E-02 -8.90810692E-02  9.99999975E-05  1.47634899E-03  9.01523160E-01
  2.50000000E+00  5.87000000E-01  8.71882657E-01 -3.31734903E-02 -8.90471023E-02  9.99999975E-05  1.47731034E-03  9.03252728E-01
  2.50000000E+00  5.90000000E-01  8.72365378E-01 -3.31766353E-02 -8.90131489E-02  9.99999975E-05  1.47824146E-03  9.04981657E-01
  2.50000000E+00  5.93000000E-01  8.72846032E-01 -3.31796898E-02 -8.89792090E-02  9.99999975E-05  1.47914243E-03  9.06709999E-01
  2.50000000E+00  5.96000000E-01  8.73324638E-01 -3.31826547E-02 -8.89452829E-02  9.99999975E-05  1.48001334E-03  9.08437808E-01
  2.50000000E+00  5.99000000E-01  8.73801213E-01 -3.31855307E-02 -8.89113707E-02  9.99999975E-05  1.48085429E-03  9.10165134E-01
  2.50000000E+00  6.02000000E-01  8.74275777E-01 -3.31883187E-02 -8.88774724E-02  9.99999975E-05  1.48166536E-03  9.11892028E-01
  2.50000000E+00  6.05000000E-01  8.74748347E-01 -3.31910193E-02 -8.88435882E-02  9.99999975E-05  1.48244666E-03  9.13618541E-01
  2.50000000E+00  6.08000000E-01  8.75218942E-01 -3.31936333E-02 -8.88097180E-02  9.99999975E-05  1.48319827E-03  9.15344721E-01
  2.50000000E+00  6.11000000E-01  8.75687579E-01 -3.31961614E-02 -8.87758620E-02  9.99999975E-05  1.48392030E-03  9.17070619E-01
  2.50000000E+00  6.14000000E-01  8.76154275E-01 -3.31986043E-02 -8.87420202E-02  9.99999975E-05  1.48461284E-03  9.18796283E-01
  2.50000000E+00  6.17000000E-01  8.76619048E-01 -3.32009627E-02 -8.87081926E-02  9.99999975E-05  1.48527598E-03  9.20521762E-01
  2.50000000E+00  6.20000000E-01  8.77081914E-01 -3.32032373E-02 -8.86743793E-02  9.99999975E-05  1.48590982E-03  9.22247104E-01
  2.50000000E+00  6.23000000E-01  8.77542889E-01 -3.32054287E-02 -8.86405802E-02  9.99999975E-05  1.48651447E-03  9.23972357E-01
  2.50000000E+00  6.26000000E-01  8.78001991E-01 -3.32075377E-02 -8.86067954E-02  9.99999975E-05  1.48709002E-03  9.25697568E-01
  2.50000000E+00  6.29000000E-01  8.78459235E-01 -3.32095648E-02 -8.85730249E-02  9.99999975E-05  1.48763657E-03  9.27422784E-01
  2.50000000E+00  6.32000000E-01  8.78914637E-01 -3.32115107E-02 -8.85392688E-02  9.99999975E-05  1.48815421E-03  9.29148053E-01
  2.50000000E+00  6.35000000E-01  8.79368213E-01 -3.32133761E-02 -8.85055269E-02  9.99999975E-05  1.48864307E-03  9.30873421E-01
  2.50000000E+00  6.38000000E-01  8.79819979E-01 -3.32151615E-02 -8.84717995E-02  9.99999975E-05  1.48910322E-03  9.32598933E-01
  2.50000000E+00  6.41000000E-01  8.80269948E-01 -3.32168677E-02 -8.84380866E-02  9.99999975E-05  1.48953478E-03  9.34324637E-01
  2.50000000E+00  6.44000000E-01  8.80718137E-01 -3.32184951E-02 -8.84043881E-02  9.99999975E-05  1.48993785E-03  9.36050578E-01
  2.50000000E+00  6.47000000E-01  8.81164560E-01 -3.32200445E-02 -8.83707043E-02  9.99999975E-05  1.49031252E-03  9.37776802E-01
  2.50000000E+00  6.50000000E-01  8.81609233E-01 -3.32215165E-02 -8.83370351E-02  9.99999975E-05  1.49065891E-03  9.39503354E-01
  2.50000000E+00  6.53000000E-01  8.82052168E-01 -3.32229117E-02 -8.83033807E-02  9.99999975E-05  1.49097711E-03  9.41230279E-01
  2.50000000E+00  6.56000000E-01  8.82493381E-01 -3.32242306E-02 -8.82697412E-02  9.99999975E-05  1.49126723E-03  9.42957624E-01
  2.50000000E+00  6.59000000E-01  8.82932885E-01 -3.32254740E-02 -8.82361168E-02  9.99999975E-05  1.49152938E-03  9.44685432E-01
  2.50000000E+00  6.62000000E-01  8.83370694E-01 -3.32266423E-02 -8.82025076E-02  9.99999975E-05  1.49176365E-03  9.46413750E-01
  2.50000000E+00  6.65000000E-01  8.83806823E-01 -3.32277363E-02 -8.81689138E-02  9.99999975E-05  1.49197015E-03  9.48142621E-01
  2.50000000E+00  6.68000000E-01  8.84241284E-01 -3.32287566E-02 -8.81353356E-02  9.99999975E-05  1.49214899E-03  9.49872092E-01
  2.50000000E+00  6.71000000E-01  8.84674091E-01 -3.32297037E-02 -8.81017732E-02  9.99999975E-05  1.49230027E-03  9.51602207E-01
  2.50000000E+00  6.74000000E-01  8.85105256E-01 -3.32305782E-02 -8.80682268E-02  9.99999975E-05  1.49242409E-03  9.53333011E-01
  2.50000000E+00  6.77000000E-01  8.85534794E-01 -3.32313808E-02 -8.80346967E-02  9.99999975E-05  1.49252056E-03  9.55064549E-01
  2.50000000E+00  6.80000000E-01  8.85962715E-01 -3.32321120E-02 -8.80011830E-02  9.99999975E-05  1.49258979E-03  9.56796866E-01
  2.50000000E+00  6.83000000E-01  8.86389034E-01 -3.32327724E-02 -8.79676861E-02  9.99999975E-05  1.49263187E-03  9.58530007E-01
  2.50000000E+00  6.86000000E-01  8.86813763E-01 -3.32333627E-02 -8.79342061E-02  9.99999975E-05  1.49264692E-03  9.60264018E-01
  2.50000000E+00  6.89000000E-01  8.87236913E-01 -3.32338833E-02 -8.79007432E-02  9.99999975E-05  1.49263505E-03  9.61998943E-01
  2.50000000E+00  6.92000000E-01  8.87658498E-01 -3.32343348E-02 -8.78672977E-02  9.99999975E-05  1.49259634E-03  9.63734829E-01
  2.50000000E+00  6.95000000E-01  8.88078528E-01 -3.32347179E-02 -8.78338697E-02  9.99999975E-05  1.49253092E-03  9.65471720E-01
  2.50000000E+00  6.98000000E-01  8.88497016E-01 -3.32350329E-02 -8.78004594E-02  9.99999975E-05  1.49243889E-03  9.67209663E-01
  2.50000000E+00  7.01000000E-01  8.88913974E-01 -3.32352805E-02 -8.77670668E-02  9.99999975E-05  1.49232034E-03  9.68948704E-01
  2.50000000E+00  7.04000000E-01  8.89329412E-01 -3.32354611E-02 -8.77336920E-02  9.99999975E-05  1.49217540E-03  9.70688888E-01
  2.50000000E+00  7.07000000E-01  8.89743342E-01 -3.32355751E-02 -8.77003349E-02  9.99999975E-05  1.49200415E-03  9.72430263E-01
  2.50000000E+00  7.10000000E-01  8.90155776E-01 -3.32356230E-02 -8.76669954E-02  9.99999975E-05  1.49180671E-03  9.74172874E-01
  2.50000000E+00  7.13000000E-01  8.90566723E-01 -3.32356052E-02 -8.76336734E-02  9.99999975E-05  1.49158319E-03  9.75916770E-01
  2.50000000E+00  7.16000000E-01  8.90976196E-01 -3.32355219E-02 -8.76003684E-02  9.99999975E-05  1.49133368E-03  9.77661997E-01
  2.50000000E+00  7.19000000E-01  8.91384204E-01 -3.32353736E-02 -8.75670800E-02  9.99999975E-05  1.49105830E-03  9.79408604E-01
  2.50000000E+00  7.22000000E-01  8.91790759E-01 -3.32351605E-02 -8.75338077E-02  9.99999975E-05  1.49075714E-03  9.81156637E-01
  2.50000000E+00  7.25000000E-01  8.92195869E-01 -3.32348826E-02 -8.75005507E-02  9.99999975E-05  1.49043032E-03  9.82906146E-01
  2.50000000E+00  7.28000000E-01  8.92599547E-01 -3.32345403E-02 -8.74673079E-02  9.99999975E-05  1.49007793E-03  9.84657179E-01
  2.50000000E+00  7.31000000E-01  8.93001801E-01 -3.32341334E-02 -8.74340784E-02  9.99999975E-05  1.48970009E-03  9.86409786E-01
  2.50000000E+00  7.34000000E-01  8.93402641E-01 -3.32336620E-02 -8.74008606E-02  9.99999975E-05  1.48929689E-03  9.88164016E-01
  2.50000000E+00  7.37000000E-01  8.93802077E-01 -3.32331260E-02 -8.73676529E-02  9.99999975E-05  1.48886844E-03  9.89919920E-01
  2.50000000E+00  7.40000000E-01  8.94200119E-01 -3.32325252E-02 -8.73344535E-02  9.99999975E-05  1.48841484E-03  9.91677547E-01
  2.50000000E+00  7.43000000E-01  8.94596779E-01 -3.32318738E-02 -8.73013084E-02  9.99999975E-05  1.48793620E-03  9.93436912E-01
  2.50000000E+00  7.46000000E-01  8.94992068E-01 -3.32311697E-02 -8.72682077E-02  9.99999975E-05  1.48743263E-03  9.95198038E-01
  2.50000000E+00  7.49000000E-01  8.95385991E-01 -3.32304016E-02 -8.72351126E-02  9.99999975E-05  1.48690423E-03  9.96960991E-01
  2.50000000E+00  7.52000000E-01  8.95778557E-01 -3.32295705E-02 -8.72020258E-02  9.99999975E-05  1.48635111E-03  9.98725818E-01
  2.50000000E+00  7.55000000E-01  8.96169777E-01 -3.32286776E-02 -8.71689498E-02  9.99999975E-05  1.48577336E-03  1.00049256E+00
  2.50000000E+00  7.58000000E-01  8.96559660E-01 -3.32277238E-02 -8.71358867E-02  9.99999975E-05  1.48517109E-03  1.00226127E+00
  2.50000000E+00  7.61000000E-01  8.96948215E-01 -3.32267101E-02 -8.71028380E-02  9.99999975E-05  1.48454440E-03  1.00403198E+00
  2.50000000E+00  7.64000000E-01  8.97335452E-01 -3.32256372E-02 -8.70698053E-02  9.99999975E-05  1.48389339E-03  1.00580474E+00
  2.50000000E+00  7.67000000E-01  8.97721378E-01 -3.32245058E-02 -8.70367897E-02  9.99999975E-05  1.48321817E-03  1.00757959E+00
  2.50000000E+00  7.70000000E-01  8.98106003E-01 -3.32233165E-02 -8.70037922E-02  9.99999975E-05  1.48251884E-03  1.00935659E+00
  2.50000000E+00  7.73000000E-01  8.98489335E-01 -3.32220700E-02 -8.69708134E-02  9.99999975E-05  1.48179549E-03  1.01113576E+00
  2.50000000E+00  7.76000000E-01  8.98871384E-01 -3.32207667E-02 -8.69378540E-02  9.99999975E-05  1.48104823E-03  1.01291717E+00
  2.50000000E+00  7.79000000E-01  8.99252157E-01 -3.32194071E-02 -8.69049142E-02  9.99999975E-05  1.48027717E-03  1.01470084E+00
  2.50000000E+00  7.82000000E-01  8.99631662E-01 -3.32179916E-02 -8.68719945E-02  9.99999975E-05  1.47948239E-03  1.01648683E+00
  2.50000000E+00  7.85000000E-01  9.00009908E-01 -3.32165207E-02 -8.68390949E-02  9.99999975E-05  1.47866401E-03  1.01827518E+00
  2.50000000E+00  7.88000000E-01  9.00386903E-01 -3.32149947E-02 -8.68062155E-02  9.99999975E-05  1.47782212E-03  1.02006594E+00
  2.50000000E+00  7.91000000E-01  9.00762655E-01 -3.32134140E-02 -8.67733564E-02  9.99999975E-05  1.47695683E-03  1.02185914E+00
  2.50000000E+00  7.94000000E-01  9.01137171E-01 -3.32117788E-02 -8.67405173E-02  9.99999975E-05  1.47606823E-03  1.02365484E+00
  2.50000000E+00  7.97000000E-01  9.01510459E-01 -3.32100895E-02 -8.67076984E-02  9.99999975E-05  1.47515642E-03  1.02545308E+00
  2.50000000E+00  8.00000000E-01  9.01882528E-01 -3.32083464E-02 -8.66748993E-02  9.99999975E-05  1.47422151E-03  1.02725391E+00
  2.50000000E+00  8.03000000E-01  9.02253384E-01 -3.32065497E-02 -8.66421200E-02  9.99999975E-05  1.47326360E-03  1.02905736E+00
  2.50000000E+00  8.06000000E-01  9.02623035E-01 -3.32046998E-02 -8.66093603E-02  9.99999975E-05  1.47228278E-03  1.03086349E+00
  2.50000000E+00  8.09000000E-01  9.02991489E-01 -3.32027968E-02 -8.65766200E-02  9.99999975E-05  1.47127915E-03  1.03267233E+00
  2.50000000E+00  8.12000000E-01  9.03358752E-01 -3.32008411E-02 -8.65438990E-02  9.99999975E-05  1.47025281E-03  1.03448394E+00
  2.50000000E+00  8.15000000E-01  9.03724832E-01 -3.31988330E-02 -8.65111970E-02  9.99999975E-05  1.46920387E-03  1.03629837E+00
  2.50000000E+00  8.18000000E-01  9.04089736E-01 -3.31967726E-02 -8.64785141E-02  9.99999975E-05  1.46813241E-03  1.03811565E+00
  2.50000000E+00  8.21000000E-01  9.04453472E-01 -3.31946604E-02 -8.64458500E-02  9.99999975E-05  1.46703854E-03  1.03993583E+00
  2.50000000E+00  8.24000000E-01  9.04816046E-01 -3.31924965E-02 -8.64132047E-02  9.99999975E-05  1.46592236E-03  1.04175896E+00
  2.50000000E+00  8.27000000E-01  9.05177465E-01 -3.31902813E-02 -8.63805781E-02  9.99999975E-05  1.46478396E-03  1.04358509E+00
  2.50000000E+00  8.30000000E-01  9.05537735E-01 -3.31880151E-02 -8.63479702E-02  9.99999975E-05  1.46362344E-03  1.04541426E+00
  2.50000000E+00  8.33000000E-01  9.05896865E-01 -3.31856980E-02 -8.63153809E-02  9.99999975E-05  1.46244089E-03  1.04724652E+00
  2.50000000E+00  8.36000000E-01  9.06254860E-01 -3.31833305E-02 -8.62828104E-02  9.99999975E-05  1.46123642E-03  1.04908192E+00
  2.50000000E+00  8.39000000E-01  9.06611727E-01 -3.31809129E-02 -8.62502586E-02  9.99999975E-05  1.46001012E-03  1.05092050E+00
  2.50000000E+00  8.42000000E-01  9.06967473E-01 -3.31784454E-02 -8.62177256E-02  9.99999975E-05  1.45876209E-03  1.05276231E+00
  2.50000000E+00  8.45000000E-01  9.07322104E-01 -3.31759283E-02 -8.61852116E-02  9.99999975E-05  1.45749241E-03  1.05460740E+00
  2.50000000E+00  8.48000000E-01  9.07675626E-01 -3.31733621E-02 -8.61527166E-02  9.99999975E-05  1.45620119E-03  1.05645581E+00
  2.50000000E+00  8.51000000E-01  9.08028047E-01 -3.31707469E-02 -8.61202408E-02  9.99999975E-05  1.45488853E-03  1.05830761E+00
  2.50000000E+00  8.54000000E-01  9.08379372E-01 -3.31680832E-02 -8.60877844E-02  9.99999975E-05  1.45355451E-03  1.06016282E+00
  2.50000000E+00  8.57000000E-01  9.08729607E-01 -3.31653712E-02 -8.60553475E-02  9.99999975E-05  1.45219924E-03  1.06202151E+00
  2.50000000E+00  8.60000000E-01  9.09078759E-01 -3.31626112E-02 -8.60229303E-02  9.99999975E-05  1.45082280E-03  1.06388371E+00
  2.50000000E+00  8.63000000E-01  9.09426834E-01 -3.31598036E-02 -8.59905329E-02  9.99999975E-05  1.44942529E-03  1.06574949E+00
  2.50000000E+00  8.66000000E-01  9.09773838E-01 -3.31569487E-02 -8.59581557E-02  9.99999975E-05  1.44800680E-03  1.06761889E+00
  2.50000000E+00  8.69000000E-01  9.10119777E-01 -3.31540469E-02 -8.59257986E-02  9.99999975E-05  1.44656743E-03  1.06949196E+00
  2.50000000E+00  8.72000000E-01  9.10464656E-01 -3.31510983E-02 -8.58934620E-02  9.99999975E-05  1.44510727E-03  1.07136874E+00
  2.50000000E+00  8.75000000E-01  9.10808482E-01 -3.31481034E-02 -8.58611460E-02  9.99999975E-05  1.44362641E-03  1.07324930E+00
  2.50000000E+00  8.78000000E-01  9.11151260E-01 -3.31450624E-02 -8.58288507E-02  9.99999975E-05  1.44212495E-03  1.07513367E+00
  2.50000000E+00  8.81000000E-01  9.11492996E-01 -3.31419756E-02 -8.57965762E-02  9.99999975E-05  1.44060298E-03  1.07702192E+00
  2.50000000E+00  8.84000000E-01  9.11833696E-01 -3.31388433E-02 -8.57643228E-02  9.99999975E-05  1.43906058E-03  1.07891409E+00
  2.50000000E+00  8.87000000E-01  9.12173365E-01 -3.31356657E-02 -8.57320904E-02  9.99999975E-05  1.43749785E-03  1.08081023E+00
  2.50000000E+00  8.90000000E-01  9.12512008E-01 -3.31324432E-02 -8.56998791E-02  9.99999975E-05  1.43591489E-03  1.08271039E+00
  2.50000000E+00  8.93000000E-01  9.12849632E-01 -3.31291760E-02 -8.56676890E-02  9.99999975E-05  1.43431178E-03  1.08461464E+00
  2.50000000E+00  8.96000000E-01  9.13186241E-01 -3.31258643E-02 -8.56355201E-02  9.99999975E-05  1.43268861E-03  1.08652301E+00
  2.50000000E+00  8.99000000E-01  9.13521841E-01 -3.31225083E-02 -8.56033723E-02  9.99999975E-05  1.43104548E-03  1.08843556E+00
  2.50000000E+00  9.02000000E-01  9.13856437E-01 -3.31191084E-02 -8.55712456E-02  9.99999975E-05  1.42938247E-03  1.09035235E+00
  2.50000000E+00  9.05000000E-01  9.14190035E-01 -3.31156646E-02 -8.55391400E-02  9.99999975E-05  1.42769968E-03  1.09227342E+00
  2.50000000E+00  9.08000000E-01  9.14522638E-01 -3.31121772E-02 -8.55070552E-02  9.99999975E-05  1.42599719E-03  1.09419884E+00
  2.50000000E+00  9.11000000E-01  9.14854253E-01 -3.31086464E-02 -8.54749913E-02  9.99999975E-05  1.42427509E-03  1.09612865E+00
  2.50000000E+00  9.14000000E-01  9.15184885E-01 -3.31050724E-02 -8.54429479E-02  9.99999975E-05  1.42253347E-03  1.09806290E+00
  2.50000000E+00  9.17000000E-01  9.15514537E-01 -3.31014553E-02 -8.54109250E-02  9.99999975E-05  1.42077243E-03  1.10000166E+00
  2.50000000E+00  9.20000000E-01  9.15843216E-01 -3.30977954E-02 -8.53789224E-02  9.99999975E-05  1.41899204E-03  1.10194498E+00
  2.50000000E+00  9.23000000E-01  9.16170926E-01 -3.30940927E-02 -8.53469399E-02  9.99999975E-05  1.41719240E-03  1.10389291E+00
  2.50000000E+00  9.26000000E-01  9.16497672E-01 -3.30903475E-02 -8.53149772E-02  9.99999975E-05  1.41537359E-03  1.10584551E+00
  2.50000000E+00  9.29000000E-01  9.16823458E-01 -3.30865598E-02 -8.52830343E-02  9.99999975E-05  1.41353571E-03  1.10780283E+00
  2.50000000E+00  9.32000000E-01  9.17148289E-01 -3.30827300E-02 -8.52511110E-02  9.99999975E-05  1.41167884E-03  1.10976493E+00
  2.50000000E+00  9.35000000E-01  9.17472170E-01 -3.30788582E-02 -8.52192071E-02  9.99999975E-05  1.40980306E-03  1.11173187E+00
  2.50000000E+00  9.38000000E-01  9.17795106E-01 -3.30749445E-02 -8.51873226E-02  9.99999975E-05  1.40790847E-03  1.11370369E+00
  2.50000000E+00  9.41000000E-01  9.18117100E-01 -3.30709891E-02 -8.51554574E-02  9.99999975E-05  1.40599514E-03  1.11568047E+00
  2.50000000E+00  9.44000000E-01  9.18438158E-01 -3.30669924E-02 -8.51236117E-02  9.99999975E-05  1.40406318E-03  1.11766225E+00
  2.50000000E+00  9.47000000E-01  9.18758283E-01 -3.30629545E-02 -8.50917855E-02  9.99999975E-05  1.40211265E-03  1.11964910E+00
  2.50000000E+00  9.50000000E-01  9.19077481E-01 -3.30588757E-02 -8.50599791E-02  9.99999975E-05  1.40014366E-03  1.12164107E+00
  2.50000000E+00  9.53000000E-01  9.19395756E-01 -3.30547563E-02 -8.50281930E-02  9.99999975E-05  1.39815627E-03  1.12363822E+00
  2.50000000E+00  9.56000000E-01  9.19713111E-01 -3.30505966E-02 -8.49964277E-02  9.99999975E-05  1.39615059E-03  1.12564062E+00
  2.50000000E+00  9.59000000E-01  9.20029552E-01 -3.30463972E-02 -8.49646838E-02  9.99999975E-05  1.39412669E-03  1.12764831E+00
  2.50000000E+00  9.62000000E-01  9.20345083E-01 -3.30421584E-02 -8.49329625E-02  9.99999975E-05  1.39208465E-03  1.12966135E+00
  2.50000000E+00  9.65000000E-01  9.20659708E-01 -3.30378808E-02 -8.49012648E-02  9.99999975E-05  1.39002457E-03  1.13167982E+00
  2.50000000E+00  9.68000000E-01  9.20973432E-01 -3.30335650E-02 -8.48695921E-02  9.99999975E-05  1.38794653E-03  1.13370376E+00
  2.50000000E+00  9.71000000E-01  9.21286258E-01 -3.30292116E-02 -8.48379463E-02  9.99999975E-05  1.38585060E-03  1.13573325E+00
  2.50000000E+00  9.74000000E-01  9.21598192E-01 -3.30248214E-02 -8.48063294E-02  9.99999975E-05  1.38373688E-03  1.13776833E+00
  2.50000000E+00  9.77000000E-01  9.21909238E-01 -3.30203954E-02 -8.47747439E-02  9.99999975E-05  1.38160544E-03  1.13980908E+00
  2.50000000E+00  9.80000000E-01  9.22219400E-01 -3.30159345E-02 -8.47431925E-02  9.99999975E-05  1.37945637E-03  1.14185555E+00
  2.50000000E+00  9.83000000E-01  9.22528681E-01 -3.30114368E-02 -8.47116677E-02  9.99999975E-05  1.37728976E-03  1.14390781E+00
  2.50000000E+00  9.86000000E-01  9.22837078E-01 -3.30068730E-02 -8.46800607E-02  9.99999975E-05  1.37510567E-03  1.14596591E+00
  2.50000000E+00  9.89000000E-01  9.23144604E-01 -3.30022767E-02 -8.46484957E-02  9.99999975E-05  1.37290420E-03  1.14802994E+00
  2.50000000E+00  9.92000000E-01  9.23451261E-01 -3.29976468E-02 -8.46169682E-02  9.99999975E-05  1.37068541E-03  1.15009994E+00
  2.50000000E+00  9.95000000E-01  9.23757053E-01 -3.29929826E-02 -8.45854746E-02  9.99999975E-05  1.36844940E-03  1.15217599E+00
  2.50000000E+00  9.98000000E-01  9.24061983E-01 -3.29882833E-02 -8.45540115E-02  9.99999975E-05  1.36619624E-03  1.15425814E+00
  2.50000000E+00  1.00100000E+00  9.24366055E-01 -3.29835486E-02 -8.45225765E-02  9.99999975E-05  1.36392602E-03  1.15634646E+00
  2.50000000E+00  1.00400000E+00  9.24669272E-01 -3.29787780E-02 -8.44911672E-02  9.99999975E-05  1.36163882E-03  1.15844102E+00
  2.50000000E+00  1.00700000E+00  9.24971637E-01 -3.29739711E-02 -8.44597818E-02  9.99999975E-05  1.35933472E-03  1.16054188E+00
  2.50000000E+00  1.01000000E+00  9.25273155E-01 -3.29691279E-02 -8.44284189E-02  9.99999975E-05  1.35701380E-03  1.16264910E+00
  2.50000000E+00  1.01300000E+00  9.25573828E-01 -3.29642481E-02 -8.43970774E-02  9.99999975E-05  1.35467614E-03  1.16476276E+00
  2.50000000E+00  1.01600000E+00  9.25873660E-01 -3.29593318E-02 -8.43657565E-02  9.99999975E-05  1.35232183E-03  1.16688292E+00
  2.50000000E+00  1.01900000E+00  9.26172654E-01 -3.29543789E-02 -8.43344556E-02  9.99999975E-05  1.34995093E-03  1.16900965E+00
  2.50000000E+00  1.02200000E+00  9.26470814E-01 -3.29493895E-02 -8.43031742E-02  9.99999975E-05  1.34756353E-03  1.17114301E+00
  2.50000000E+00  1.02500000E+00  9.26768144E-01 -3.29443637E-02 -8.42719122E-02  9.99999975E-05  1.34515972E-03  1.17328308E+00
  2.50000000E+00  1.02800000E+00  9.27064646E-01 -3.29393017E-02 -8.42406695E-02  9.99999975E-05  1.34273956E-03  1.17542992E+00
  2.50000000E+00  1.03100000E+00  9.27360324E-01 -3.29342037E-02 -8.42094462E-02  9.99999975E-05  1.34030314E-03  1.17758361E+00
  2.50000000E+00  1.03400000E+00  9.27655182E-01 -3.29290698E-02 -8.41782424E-02  9.99999975E-05  1.33785054E-03  1.17974421E+00
  2.50000000E+00  1.03700000E+00  9.27949223E-01 -3.29239002E-02 -8.41470584E-02  9.99999975E-05  1.33538183E-03  1.18191179E+00
  2.50000000E+00  1.04000000E+00  9.28242450E-01 -3.29186953E-02 -8.41158944E-02  9.99999975E-05  1.33289709E-03  1.18408642E+00
  2.50000000E+00  1.04300000E+00  9.28534866E-01 -3.29134552E-02 -8.40847508E-02  9.99999975E-05  1.33039640E-03  1.18626818E+00
  2.50000000E+00  1.04600000E+00  9.28826476E-01 -3.29081802E-02 -8.40536280E-02  9.99999975E-05  1.32787983E-03  1.18845714E+00
  2.50000000E+00  1.04900000E+00  9.29117281E-01 -3.29028705E-02 -8.40225262E-02  9.99999975E-05  1.32534747E-03  1.19065337E+00
  2.50000000E+00  1.05200000E+00  9.29407286E-01 -3.28975264E-02 -8.39914458E-02  9.99999975E-05  1.32279940E-03  1.19285694E+00
  2.50000000E+00  1.05500000E+00  9.29696493E-01 -3.28921482E-02 -8.39603871E-02  9.99999975E-05  1.32023567E-03  1.19506793E+00
  2.50000000E+00  1.05800000E+00  9.29984905E-01 -3.28867359E-02 -8.39293504E-02  9.99999975E-05  1.31765638E-03  1.19728641E+00
  2.50000000E+00  1.06100000E+00  9.30272526E-01 -3.28812899E-02 -8.38983361E-02  9.99999975E-05  1.31506161E-03  1.19951246E+00
  2.50000000E+00  1.06400000E+00  9.30559359E-01 -3.28758105E-02 -8.38673443E-02  9.99999975E-05  1.31245142E-03  1.20174614E+00
  2.50000000E+00  1.06700000E+00  9.30845407E-01 -3.28702976E-02 -8.38363753E-02  9.99999975E-05  1.30982589E-03  1.20398755E+00
  2.50000000E+00  1.07000000E+00  9.31130672E-01 -3.28647517E-02 -8.38054291E-02  9.99999975E-05  1.30718510E-03  1.20623674E+00
  2.50000000E+00  1.07300000E+00  9.31415157E-01 -3.28591728E-02 -8.37745060E-02  9.99999975E-05  1.30452912E-03  1.20849381E+00
  2.50000000E+00  1.07600000E+00  9.31698866E-01 -3.28535610E-02 -8.37436060E-02  9.99999975E-05  1.30185804E-03  1.21075882E+00
  2.50000000E+00  1.07900000E+00  9.31981802E-01 -3.28479167E-02 -8.37127291E-02  9.99999975E-05  1.29917192E-03  1.21303185E+00
  2.50000000E+00  1.08200000E+00  9.32263966E-01 -3.28422398E-02 -8.36818752E-02  9.99999975E-05  1.29647084E-03  1.21531300E+00
  2.50000000E+00  1.08500000E+00  9.32545363E-01 -3.28365306E-02 -8.36510445E-02  9.99999975E-05  1.29375488E-03  1.21760232E+00
  2.50000000E+00  1.08800000E+00  9.32825994E-01 -3.28307890E-02 -8.36202366E-02  9.99999975E-05  1.29102411E-03  1.21989991E+00
  2.50000000E+00  1.09100000E+00  9.33105863E-01 -3.28250154E-02 -8.35894517E-02  9.99999975E-05  1.28827860E-03  1.22220583E+00
  2.50000000E+00  1.09400000E+00  9.33384972E-01 -3.28192097E-02 -8.35586894E-02  9.99999975E-05  1.28551844E-03  1.22452019E+00
  2.50000000E+00  1.09700000E+00  9.33663323E-01 -3.28133720E-02 -8.35279496E-02  9.99999975E-05  1.28274369E-03  1.22684305E+00
  2.50000000E+00  1.10000000E+00  9.33940921E-01 -3.28075024E-02 -8.34972322E-02  9.99999975E-05  1.27995443E-03  1.22917450E+00
  2.50000000E+00  1.10300000E+00  9.34217766E-01 -3.28016011E-02 -8.34665369E-02  9.99999975E-05  1.27715074E-03  1.23151461E+00
  2.50000000E+00  1.10600000E+00  9.34493861E-01 -3.27956680E-02 -8.34358636E-02  9.99999975E-05  1.27433269E-03  1.23386349E+00
  2.50000000E+00  1.10900000E+00  9.34769210E-01 -3.27897034E-02 -8.34052120E-02  9.99999975E-05  1.27150035E-03  1.23622120E+00
  2.50000000E+00  1.11200000E+00  9.35043815E-01 -3.27837072E-02 -8.33745819E-02  9.99999975E-05  1.26865379E-03  1.23858784E+00
  2.50000000E+00  1.11500000E+00  9.35317678E-01 -3.27776795E-02 -8.33439733E-02  9.99999975E-05  1.26579310E-03  1.24096348E+00
  2.50000000E+00  1.11800000E+00  9.35590802E-01 -3.27716205E-02 -8.33133858E-02  9.99999975E-05  1.26291834E-03  1.24334823E+00
  2.50000000E+00  1.12100000E+00  9.35863189E-01 -3.27655302E-02 -8.32828194E-02  9.99999975E-05  1.26002959E-03  1.24574215E+00
  2.50000000E+00  1.12400000E+00  9.36134841E-01 -3.27594087E-02 -8.32522740E-02  9.99999975E-05  1.25712692E-03  1.24814535E+00
  2.50000000E+00  1.12700000E+00  9.36405762E-01 -3.27532561E-02 -8.32217494E-02  9.99999975E-05  1.25421041E-03  1.25055791E+00
  2.50000000E+00  1.13000000E+00  9.36675954E-01 -3.27470727E-02 -8.31912456E-02  9.99999975E-05  1.25128012E-03  1.25297991E+00
  2.50000000E+00  1.13300000E+00  9.36945418E-01 -3.27408583E-02 -8.31607627E-02  9.99999975E-05  1.24833614E-03  1.25541145E+00
  2.50000000E+00  1.13600000E+00  9.37214158E-01 -3.27346133E-02 -8.31303006E-02  9.99999975E-05  1.24537853E-03  1.25785263E+00
  2.50000000E+00  1.13900000E+00  9.37482176E-01 -3.27283378E-02 -8.30998594E-02  9.99999975E-05  1.24240737E-03  1.26030352E+00
  2.50000000E+00  1.14200000E+00  9.37749473E-01 -3.27220318E-02 -8.30694393E-02  9.99999975E-05  1.23942274E-03  1.26276423E+00
  2.50000000E+00  1.14500000E+00  9.38016054E-01 -3.27156957E-02 -8.30390404E-02  9.99999975E-05  1.23642469E-03  1.26523484E+00
  2.50000000E+00  1.14800000E+00  9.38281919E-01 -3.27093294E-02 -8.30086629E-02  9.99999975E-05  1.23341331E-03  1.26771546E+00
  2.50000000E+00  1.15100000E+00  9.38547072E-01 -3.27029333E-02 -8.29783071E-02  9.99999975E-05  1.23038867E-03  1.27020617E+00
  2.50000000E+00  1.15400000E+00  9.38811514E-01 -3.26965076E-02 -8.29479732E-02  9.99999975E-05  1.22735084E-03  1.27270707E+00
  2.50000000E+00  1.15700000E+00  9.39075249E-01 -3.26900524E-02 -8.29176616E-02  9.99999975E-05  1.22429990E-03  1.27521826E+00
  2.50000000E+00  1.16000000E+00  9.39338277E-01 -3.26835678E-02 -8.28873725E-02  9.99999975E-05  1.22123590E-03  1.27773983E+00
  2.50000000E+00  1.16300000E+00  9.39600603E-01 -3.26770543E-02 -8.28571063E-02  9.99999975E-05  1.21815894E-03  1.28027188E+00
  2.50000000E+00  1.16600000E+00  9.39862227E-01 -3.26705119E-02 -8.28268634E-02  9.99999975E-05  1.21506908E-03  1.28281452E+00
  2.50000000E+00  1.16900000E+00  9.40123152E-01 -3.26639408E-02 -8.27966440E-02  9.99999975E-05  1.21196638E-03  1.28536784E+00
  2.50000000E+00  1.17200000E+00  9.40383380E-01 -3.26573412E-02 -8.27664485E-02  9.99999975E-05  1.20885093E-03  1.28793194E+00
  2.50000000E+00  1.17500000E+00  9.40642914E-01 -3.26507134E-02 -8.27362771E-02  9.99999975E-05  1.20572280E-03  1.29050692E+00
  2.50000000E+00  1.17800000E+00  9.40901756E-01 -3.26440575E-02 -8.27061301E-02  9.99999975E-05  1.20258205E-03  1.29309289E+00
  2.50000000E+00  1.18100000E+00  9.41159908E-01 -3.26373736E-02 -8.26760076E-02  9.99999975E-05  1.19942875E-03  1.29568995E+00
  2.50000000E+00  1.18400000E+00  9.41417372E-01 -3.26306619E-02 -8.26459095E-02  9.99999975E-05  1.19626299E-03  1.29829820E+00
  2.50000000E+00  1.18700000E+00  9.41674150E-01 -3.26239224E-02 -8.26158359E-02  9.99999975E-05  1.19308483E-03  1.30091775E+00
  2.50000000E+00  1.19000000E+00  9.41930244E-01 -3.26171552E-02 -8.25857863E-02  9.99999975E-05  1.18989434E-03  1.30354871E+00
  2.50000000E+00  1.19300000E+00  9.42185656E-01 -3.26103603E-02 -8.25557604E-02  9.99999975E-05  1.18669159E-03  1.30619117E+00
  2.50000000E+00  1.19600000E+00  9.42440389E-01 -3.26035376E-02 -8.25257576E-02  9.99999975E-05  1.18347665E-03  1.30884526E+00
  2.50000000E+00  1.19900000E+00  9.42694444E-01 -3.25966869E-02 -8.24957768E-02  9.99999975E-05  1.18024960E-03  1.31151108E+00
  2.50000000E+00  1.20200000E+00  9.42947822E-01 -3.25898082E-02 -8.24658169E-02  9.99999975E-05  1.17701051E-03  1.31418874E+00
  2.50000000E+00  1.20500000E+00  9.43200527E-01 -3.25829011E-02 -8.24358763E-02  9.99999975E-05  1.17375944E-03  1.31687835E+00
  2.50000000E+00  1.20800000E+00  9.43452558E-01 -3.25759651E-02 -8.24059532E-02  9.99999975E-05  1.17049647E-03  1.31958003E+00
  2.50000000E+00  1.21100000E+00  9.43703919E-01 -3.25689999E-02 -8.23760451E-02  9.99999975E-05  1.16722167E-03  1.32229388E+00
  2.50000000E+00  1.21400000E+00  9.43954610E-01 -3.25620048E-02 -8.23461493E-02  9.99999975E-05  1.16393511E-03  1.32502001E+00
  2.50000000E+00  1.21700000E+00  9.44204634E-01 -3.25549789E-02 -8.23162624E-02  9.99999975E-05  1.16063686E-03  1.32775856E+00
  2.50000000E+00  1.22000000E+00  9.44453990E-01 -3.25479215E-02 -8.22863805E-02  9.99999975E-05  1.15732699E-03  1.33050963E+00
  2.50000000E+00  1.22300000E+00  9.44702681E-01 -3.25408313E-02 -8.22564989E-02  9.99999975E-05  1.15400558E-03  1.33327333E+00
  2.50000000E+00  1.22600000E+00  9.44950717E-01 -3.25337386E-02 -8.22267360E-02  9.99999975E-05  1.15067268E-03  1.33604980E+00
  2.50000000E+00  1.22900000E+00  9.45198096E-01 -3.25266302E-02 -8.21970389E-02  9.99999975E-05  1.14732839E-03  1.33883916E+00
  2.50000000E+00  1.23200000E+00  9.45444814E-01 -3.25194885E-02 -8.21673377E-02  9.99999975E-05  1.14397277E-03  1.34164151E+00
  2.50000000E+00  1.23500000E+00  9.45690876E-01 -3.25123151E-02 -8.21376383E-02  9.99999975E-05  1.14060589E-03  1.34445699E+00
  2.50000000E+00  1.23800000E+00  9.45936282E-01 -3.25051113E-02 -8.21079456E-02  9.99999975E-05  1.13722783E-03  1.34728570E+00
  2.50000000E+00  1.24100000E+00  9.46181036E-01 -3.24978783E-02 -8.20782640E-02  9.99999975E-05  1.13383865E-03  1.35012778E+00
  2.50000000E+00  1.24400000E+00  9.46425140E-01 -3.24906172E-02 -8.20485970E-02  9.99999975E-05  1.13043842E-03  1.35298334E+00
  2.50000000E+00  1.24700000E+00  9.46668595E-01 -3.24833286E-02 -8.20189476E-02  9.99999975E-05  1.12702722E-03  1.35585252E+00
  2.50000000E+00  1.25000000E+00  9.46911404E-01 -3.24760133E-02 -8.19893181E-02  9.99999975E-05  1.12360510E-03  1.35873544E+00
  2.50000000E+00  1.25300000E+00  9.47153569E-01 -3.24686719E-02 -8.19597103E-02  9.99999975E-05  1.12017215E-03  1.36163223E+00
  2.50000000E+00  1.25600000E+00  9.47395091E-01 -3.24613048E-02 -8.19301257E-02  9.99999975E-05  1.11672842E-03  1.36454301E+00
  2.50000000E+00  1.25900000E+00  9.47635972E-01 -3.24539124E-02 -8.19005654E-02  9.99999975E-05  1.11327400E-03  1.36746792E+00
  2.50000000E+00  1.26200000E+00  9.47876214E-01 -3.24464949E-02 -8.18710301E-02  9.99999975E-05  1.10980895E-03  1.37040710E+00
  2.50000000E+00  1.26500000E+00  9.48115819E-01 -3.24390526E-02 -8.18415202E-02  9.99999975E-05  1.10633334E-03  1.37336068E+00
  2.50000000E+00  1.26800000E+00  9.48354788E-01 -3.24315856E-02 -8.18120359E-02  9.99999975E-05  1.10284725E-03  1.37632878E+00
  2.50000000E+00  1.27100000E+00  9.48593123E-01 -3.24240940E-02 -8.17825773E-02  9.99999975E-05  1.09935074E-03  1.37931155E+00
  2.50000000E+00  1.27400000E+00  9.48830825E-01 -3.24165779E-02 -8.17531443E-02  9.99999975E-05  1.09584389E-03  1.38230913E+00
  2.50000000E+00  1.27700000E+00  9.49067896E-01 -3.24090373E-02 -8.17237365E-02  9.99999975E-05  1.09232676E-03  1.38532166E+00
  2.50000000E+00  1.28000000E+00  9.49304337E-01 -3.24014721E-02 -8.16943537E-02  9.99999975E-05  1.08879942E-03  1.38834927E+00
  2.50000000E+00  1.28300000E+00  9.49540151E-01 -3.23938825E-02 -8.16649954E-02  9.99999975E-05  1.08526196E-03  1.39139211E+00
  2.50000000E+00  1.28600000E+00  9.49775337E-01 -3.23862684E-02 -8.16356612E-02  9.99999975E-05  1.08171443E-03  1.39445032E+00
  2.50000000E+00  1.28900000E+00  9.50009899E-01 -3.23786297E-02 -8.16063506E-02  9.99999975E-05  1.07815691E-03  1.39752404E+00
  2.50000000E+00  1.29200000E+00  9.50243836E-01 -3.23709664E-02 -8.15770631E-02  9.99999975E-05  1.07458947E-03  1.40061343E+00
  2.50000000E+00  1.29500000E+00  9.50477152E-01 -3.23632786E-02 -8.15477983E-02  9.99999975E-05  1.07101219E-03  1.40371862E+00
  2.50000000E+00  1.29800000E+00  9.50709847E-01 -3.23555661E-02 -8.15185557E-02  9.99999975E-05  1.06742512E-03  1.40683977E+00
  2.50000000E+00  1.30100000E+00  9.50941922E-01 -3.23478290E-02 -8.14893349E-02  9.99999975E-05  1.06382835E-03  1.40997702E+00
  2.50000000E+00  1.30400000E+00  9.51173380E-01 -3.23400673E-02 -8.14601357E-02  9.99999975E-05  1.06022194E-03  1.41313054E+00
  2.50000000E+00  1.30700000E+00  9.51404221E-01 -3.23322810E-02 -8.14309577E-02  9.99999975E-05  1.05660597E-03  1.41630046E+00
  2.50000000E+00  1.31000000E+00  9.51634448E-01 -3.23244701E-02 -8.14018007E-02  9.99999975E-05  1.05298051E-03  1.41948695E+00
  2.50000000E+00  1.31300000E+00  9.51864061E-01 -3.23166348E-02 -8.13726646E-02  9.99999975E-05  1.04934562E-03  1.42269015E+00
  2.50000000E+00  1.31600000E+00  9.52093062E-01 -3.23087749E-02 -8.13435491E-02  9.99999975E-05  1.04570139E-03  1.42591024E+00
  2.50000000E+00  1.31900000E+00  9.52321453E-01 -3.23008907E-02 -8.13144543E-02  9.99999975E-05  1.04204787E-03  1.42914735E+00
  2.50000000E+00  1.32200000E+00  9.52549235E-01 -3.22929822E-02 -8.12853802E-02  9.99999975E-05  1.03838514E-03  1.43240167E+00
  2.50000000E+00  1.32500000E+00  9.52776410E-01 -3.22850496E-02 -8.12563269E-02  9.99999975E-05  1.03471328E-03  1.43567334E+00
  2.50000000E+00  1.32800000E+00  9.53002979E-01 -3.22770928E-02 -8.12272944E-02  9.99999975E-05  1.03103235E-03  1.43896253E+00
  2.50000000E+00  1.33100000E+00  9.53228943E-01 -3.22691122E-02 -8.11982831E-02  9.99999975E-05  1.02734243E-03  1.44226941E+00
  2.50000000E+00  1.33400000E+00  9.53454304E-01 -3.22611077E-02 -8.11692930E-02  9.99999975E-05  1.02364358E-03  1.44559414E+00
  2.50000000E+00  1.33700000E+00  9.53679064E-01 -3.22530797E-02 -8.11403245E-02  9.99999975E-05  1.01993588E-03  1.44893689E+00
  2.50000000E+00  1.34000000E+00  9.53903224E-01 -3.22450281E-02 -8.11113777E-02  9.99999975E-05  1.01621940E-03  1.45229783E+00
  2.50000000E+00  1.34300000E+00  9.54126786E-01 -3.22369532E-02 -8.10824531E-02  9.99999975E-05  1.01249421E-03  1.45567714E+00
  2.50000000E+00  1.34600000E+00  9.54349751E-01 -3.22288552E-02 -8.10535510E-02  9.99999975E-05  1.00876039E-03  1.45907498E+00
  2.50000000E+00  1.34900000E+00  9.54572120E-01 -3.22207342E-02 -8.10246715E-02  9.99999975E-05  1.00501799E-03  1.46249153E+00
  2.50000000E+00  1.35200000E+00  9.54793895E-01 -3.22125903E-02 -8.09958152E-02  9.99999975E-05  1.00126710E-03  1.46592697E+00
  2.50000000E+00  1.35500000E+00  9.55015078E-01 -3.22044238E-02 -8.09669821E-02  9.99999975E-05  9.97507794E-04  1.46938149E+00
  2.50000000E+00  1.35800000E+00  9.55235669E-01 -3.21962347E-02 -8.09381727E-02  9.99999975E-05  9.93740132E-04  1.47285525E+00
  2.50000000E+00  1.36100000E+00  9.55455670E-01 -3.21880232E-02 -8.09093871E-02  9.99999975E-05  9.89964191E-04  1.47634845E+00
  2.50000000E+00  1.36400000E+00  9.55675084E-01 -3.21797895E-02 -8.08806256E-02  9.99999975E-05  9.86180042E-04  1.47986126E+00
  2.50000000E+00  1.36700000E+00  9.55893910E-01 -3.21715336E-02 -8.08518883E-02  9.99999975E-05  9.82387759E-04  1.48339389E+00
  2.50000000E+00  1.37000000E+00  9.56112150E-01 -3.21632557E-02 -8.08231754E-02  9.99999975E-05  9.78587413E-04  1.48694651E+00
  2.50000000E+00  1.37300000E+00  9.56329807E-01 -3.21549559E-02 -8.07944868E-02  9.99999975E-05  9.74779076E-04  1.49051932E+00
  2.50000000E+00  1.37600000E+00  9.56546880E-01 -3.21466342E-02 -8.07658226E-02  9.99999975E-05  9.70962820E-04  1.49411251E+00
  2.50000000E+00  1.37900000E+00  9.56763371E-01 -3.21382908E-02 -8.07371827E-02  9.99999975E-05  9.67138719E-04  1.49772627E+00
  2.50000000E+00  1.38200000E+00  9.56979283E-01 -3.21299256E-02 -8.07085671E-02  9.99999975E-05  9.63306845E-04  1.50136082E+00
  2.50000000E+00  1.38500000E+00  9.57194615E-01 -3.21215386E-02 -8.06799754E-02  9.99999975E-05  9.59467270E-04  1.50501634E+00
  2.50000000E+00  1.38800000E+00  9.57409369E-01 -3.21131300E-02 -8.06514075E-02  9.99999975E-05  9.55620068E-04  1.50869304E+00
  2.50000000E+00  1.39100000E+00  9.57623546E-01 -3.21046997E-02 -8.06228630E-02  9.99999975E-05  9.51765311E-04  1.51239113E+00
  2.50000000E+00  1.39400000E+00  9.57837148E-01 -3.20962477E-02 -8.05943417E-02  9.99999975E-05  9.47903074E-04  1.51611080E+00
  2.50000000E+00  1.39700000E+00  9.58050175E-01 -3.20877739E-02 -8.05658429E-02  9.99999975E-05  9.44033428E-04  1.51985228E+00
  2.50000000E+00  1.40000000E+00  9.58262630E-01 -3.20792784E-02 -8.05373665E-02  9.99999975E-05  9.40156448E-04  1.52361577E+00
  2.50000000E+00  1.40300000E+00  9.58474512E-01 -3.20707610E-02 -8.05089118E-02  9.99999975E-05  9.36272207E-04  1.52740148E+00
  2.50000000E+00  1.40600000E+00  9.58685823E-01 -3.20622218E-02 -8.04804784E-02  9.99999975E-05  9.32380780E-04  1.53120964E+00
  2.50000000E+00  1.40900000E+00  9.58896565E-01 -3.20536607E-02 -8.04520658E-02  9.99999975E-05  9.28482239E-04  1.53504046E+00
  2.50000000E+00  1.41200000E+00  9.59106738E-01 -3.20450777E-02 -8.04236735E-02  9.99999975E-05  9.24576660E-04  1.53889416E+00
  2.50000000E+00  1.41500000E+00  9.59316343E-01 -3.20364727E-02 -8.03953013E-02  9.99999975E-05  9.20664116E-04  1.54277097E+00
  2.50000000E+00  1.41800000E+00  9.59525382E-01 -3.20278458E-02 -8.03669487E-02  9.99999975E-05  9.16744683E-04  1.54667111E+00
  2.50000000E+00  1.42100000E+00  9.59733856E-01 -3.20191969E-02 -8.03386155E-02  9.99999975E-05  9.12818434E-04  1.55059482E+00
  2.50000000E+00  1.42400000E+00  9.59941766E-01 -3.20105262E-02 -8.03103016E-02  9.99999975E-05  9.08885444E-04  1.55454231E+00
  2.50000000E+00  1.42700000E+00  9.60149112E-01 -3.20018336E-02 -8.02820071E-02  9.99999975E-05  9.04945789E-04  1.55851382E+00
  2.50000000E+00  1.43000000E+00  9.60355897E-01 -3.19931194E-02 -8.02537323E-02  9.99999975E-05  9.00999543E-04  1.56250960E+00
  2.50000000E+00  1.43300000E+00  9.60562121E-01 -3.19843838E-02 -8.02254776E-02  9.99999975E-05  8.97046783E-04  1.56652987E+00
  2.50000000E+00  1.43600000E+00  9.60767786E-01 -3.19756270E-02 -8.01972440E-02  9.99999975E-05  8.93087582E-04  1.57057487E+00
  2.50000000E+00  1.43900000E+00  9.60972893E-01 -3.19668494E-02 -8.01690325E-02  9.99999975E-05  8.89122018E-04  1.57464486E+00
  2.50000000E+00  1.44200000E+00  9.61177443E-01 -3.19580515E-02 -8.01408448E-02  9.99999975E-05  8.85150164E-04  1.57874006E+00
  2.50000000E+00  1.44500000E+00  9.61381438E-01 -3.19492339E-02 -8.01126827E-02  9.99999975E-05  8.81172099E-04  1.58286073E+00
  2.50000000E+00  1.44800000E+00  9.61584879E-01 -3.19403972E-02 -8.00845488E-02  9.99999975E-05  8.77187897E-04  1.58700712E+00
  2.50000000E+00  1.45100000E+00  9.61787769E-01 -3.19315424E-02 -8.00564463E-02  9.99999975E-05  8.73197634E-04  1.59117947E+00
  2.50000000E+00  1.45400000E+00  9.61990108E-01 -3.19226704E-02 -8.00283789E-02  9.99999975E-05  8.69201387E-04  1.59537805E+00
  2.50000000E+00  1.45700000E+00  9.62191899E-01 -3.19137825E-02 -8.00003509E-02  9.99999975E-05  8.65199232E-04  1.59960310E+00
  2.50000000E+00  1.46000000E+00  9.62393143E-01 -3.19048800E-02 -7.99723679E-02  9.99999975E-05  8.61191246E-04  1.60385487E+00
  2.50000000E+00  1.46300000E+00  9.62593843E-01 -3.18959646E-02 -7.99444358E-02  9.99999975E-05  8.57177505E-04  1.60813364E+00
  2.50000000E+00  1.46600000E+00  9.62793998E-01 -3.18870268E-02 -7.99165162E-02  9.99999975E-05  8.53158085E-04  1.61243948E+00
  2.50000000E+00  1.46900000E+00  9.62993594E-01 -3.18780204E-02 -7.98884263E-02  9.99999975E-05  8.49133056E-04  1.61677235E+00
  2.50000000E+00  1.47200000E+00  9.63192649E-01 -3.18690046E-02 -7.98604003E-02  9.99999975E-05  8.45102494E-04  1.62113354E+00
  2.50000000E+00  1.47500000E+00  9.63391165E-01 -3.18599771E-02 -7.98324295E-02  9.99999975E-05  8.41066479E-04  1.62552323E+00
  2.50000000E+00  1.47800000E+00  9.63589141E-01 -3.18509361E-02 -7.98045063E-02  9.99999975E-05  8.37025090E-04  1.62994158E+00
  2.50000000E+00  1.48100000E+00  9.63786577E-01 -3.18418800E-02 -7.97766241E-02  9.99999975E-05  8.32978407E-04  1.63438880E+00
  2.50000000E+00  1.48400000E+00  9.63983474E-01 -3.18328077E-02 -7.97487777E-02  9.99999975E-05  8.28926509E-04  1.63886510E+00
  2.50000000E+00  1.48700000E+00  9.64179832E-01 -3.18237179E-02 -7.97209625E-02  9.99999975E-05  8.24869476E-04  1.64337072E+00
  2.50000000E+00  1.49000000E+00  9.64375652E-01 -3.18146099E-02 -7.96931749E-02  9.99999975E-05  8.20807386E-04  1.64790590E+00
  2.50000000E+00  1.49300000E+00  9.64570935E-01 -3.18054831E-02 -7.96654119E-02  9.99999975E-05  8.16740319E-04  1.65247092E+00
  2.50000000E+00  1.49600000E+00  9.64765681E-01 -3.17963368E-02 -7.96376713E-02  9.99999975E-05  8.12668356E-04  1.65706606E+00
  2.50000000E+00  1.49900000E+00  9.64959892E-01 -3.17871708E-02 -7.96099514E-02  9.99999975E-05  8.08591574E-04  1.66169159E+00
  2.50000000E+00  1.50200000E+00  9.65153568E-01 -3.17779849E-02 -7.95822509E-02  9.99999975E-05  8.04510054E-04  1.66634783E+00
  2.50000000E+00  1.50500000E+00  9.65346712E-01 -3.17687789E-02 -7.95545690E-02  9.99999975E-05  8.00423876E-04  1.67103507E+00
  2.50000000E+00  1.50800000E+00  9.65539324E-01 -3.17595527E-02 -7.95269053E-02  9.99999975E-05  7.96333119E-04  1.67575365E+00
  2.50000000E+00  1.51100000E+00  9.65731404E-01 -3.17503065E-02 -7.94992597E-02  9.99999975E-05  7.92237863E-04  1.68050388E+00
  2.50000000E+00  1.51400000E+00  9.65922956E-01 -3.17410402E-02 -7.94716321E-02  9.99999975E-05  7.88138190E-04  1.68528609E+00
  2.50000000E+00  1.51700000E+00  9.66113979E-01 -3.17317541E-02 -7.94440230E-02  9.99999975E-05  7.84034177E-04  1.69010063E+00
  2.50000000E+00  1.52000000E+00  9.66304475E-01 -3.17224483E-02 -7.94164327E-02  9.99999975E-05  7.79925908E-04  1.69494783E+00
  2.50000000E+00  1.52300000E+00  9.66494446E-01 -3.17131231E-02 -7.93888618E-02  9.99999975E-05  7.75813461E-04  1.69982804E+00
  2.50000000E+00  1.52600000E+00  9.66683893E-01 -3.17037786E-02 -7.93613108E-02  9.99999975E-05  7.71696917E-04  1.70474161E+00
  2.50000000E+00  1.52900000E+00  9.66872816E-01 -3.16944151E-02 -7.93337805E-02  9.99999975E-05  7.67576359E-04  1.70968890E+00
  2.50000000E+00  1.53200000E+00  9.67061218E-01 -3.16850329E-02 -7.93062714E-02  9.99999975E-05  7.63451867E-04  1.71467026E+00
  2.50000000E+00  1.53500000E+00  9.67249099E-01 -3.16756320E-02 -7.92787843E-02  9.99999975E-05  7.59323522E-04  1.71968607E+00
  2.50000000E+00  1.53800000E+00  9.67436461E-01 -3.16662129E-02 -7.92513197E-02  9.99999975E-05  7.55191407E-04  1.72473668E+00
  2.50000000E+00  1.54100000E+00  9.67623305E-01 -3.16567757E-02 -7.92238782E-02  9.99999975E-05  7.51055604E-04  1.72982247E+00
  2.50000000E+00  1.54400000E+00  9.67809632E-01 -3.16473206E-02 -7.91964604E-02  9.99999975E-05  7.46916194E-04  1.73494381E+00
  2.50000000E+00  1.54700000E+00  9.67995444E-01 -3.16378477E-02 -7.91690667E-02  9.99999975E-05  7.42773260E-04  1.74010107E+00
  2.50000000E+00  1.55000000E+00  9.68180741E-01 -3.16283572E-02 -7.91416974E-02  9.99999975E-05  7.38626885E-04  1.74529465E+00
  2.50000000E+00  1.55300000E+00  9.68365525E-01 -3.16188494E-02 -7.91143529E-02  9.99999975E-05  7.34477152E-04  1.75052491E+00
  2.50000000E+00  1.55600000E+00  9.68549796E-01 -3.16093241E-02 -7.90870333E-02  9.99999975E-05  7.30324145E-04  1.75579225E+00
  2.50000000E+00  1.55900000E+00  9.68733557E-01 -3.15997817E-02 -7.90597387E-02  9.99999975E-05  7.26167947E-04  1.76109707E+00
  2.50000000E+00  1.56200000E+00  9.68916807E-01 -3.15902221E-02 -7.90324691E-02  9.99999975E-05  7.22008643E-04  1.76643976E+00
  2.50000000E+00  1.56500000E+00  9.69099549E-01 -3.15806453E-02 -7.90052245E-02  9.99999975E-05  7.17846315E-04  1.77182072E+00
  2.50000000E+00  1.56800000E+00  9.69281783E-01 -3.15710515E-02 -7.89780048E-02  9.99999975E-05  7.13681050E-04  1.77724037E+00
  2.50000000E+00  1.57100000E+00  9.69463510E-01 -3.15614406E-02 -7.89508097E-02  9.99999975E-05  7.09512932E-04  1.78269911E+00
  2.50000000E+00  1.57400000E+00  9.69644731E-01 -3.15518126E-02 -7.89236390E-02  9.99999975E-05  7.05342046E-04  1.78819737E+00
  2.50000000E+00  1.57700000E+00  9.69825447E-01 -3.15421675E-02 -7.88964923E-02  9.99999975E-05  7.01168478E-04  1.79373558E+00
  2.50000000E+00  1.58000000E+00  9.70005660E-01 -3.15325053E-02 -7.88693692E-02  9.99999975E-05  6.96992314E-04  1.79931416E+00
  2.50000000E+00  1.58300000E+00  9.70185370E-01 -3.15228259E-02 -7.88422694E-02  9.99999975E-05  6.92813639E-04  1.80493356E+00
  2.50000000E+00  1.58600000E+00  9.70364578E-01 -3.15131293E-02 -7.88151925E-02  9.99999975E-05  6.88632541E-04  1.81059424E+00
  2.50000000E+00  1.58900000E+00  9.70543285E-01 -3.15034154E-02 -7.87881379E-02  9.99999975E-05  6.84449106E-04  1.81629664E+00
  2.50000000E+00  1.59200000E+00  9.70721492E-01 -3.14936842E-02 -7.87611053E-02  9.99999975E-05  6.80263422E-04  1.82204124E+00
  2.50000000E+00  1.59500000E+00  9.70899201E-01 -3.14839358E-02 -7.87340942E-02  9.99999975E-05  6.76075577E-04  1.82782852E+00
  2.50000000E+00  1.59800000E+00  9.71076412E-01 -3.14741699E-02 -7.87071043E-02  9.99999975E-05  6.71885657E-04  1.83365895E+00
  2.50000000E+00  1.60100000E+00  9.71253126E-01 -3.14643867E-02 -7.86801352E-02  9.99999975E-05  6.67693752E-04  1.83953305E+00
  2.50000000E+00  1.60400000E+00  9.71429345E-01 -3.14545860E-02 -7.86531866E-02  9.99999975E-05  6.63499949E-04  1.84545131E+00
  2.50000000E+00  1.60700000E+00  9.71605069E-01 -3.14447680E-02 -7.86262581E-02  9.99999975E-05  6.59304339E-04  1.85141425E+00
  2.50000000E+00  1.61000000E+00  9.71780300E-01 -3.14349326E-02 -7.85993498E-02  9.99999975E-05  6.55107010E-04  1.85742241E+00
  2.50000000E+00  1.61300000E+00  9.71955038E-01 -3.14250799E-02 -7.85724613E-02  9.99999975E-05  6.50908052E-04  1.86347633E+00
  2.50000000E+00  1.61600000E+00  9.72129286E-01 -3.14152099E-02 -7.85455926E-02  9.99999975E-05  6.46707555E-04  1.86957657E+00
  2.50000000E+00  1.61900000E+00  9.72303043E-01 -3.14053228E-02 -7.85187439E-02  9.99999975E-05  6.42505610E-04  1.87572369E+00
  2.50000000E+00  1.62200000E+00  9.72476312E-01 -3.13954185E-02 -7.84919153E-02  9.99999975E-05  6.38302307E-04  1.88191826E+00
  2.50000000E+00  1.62500000E+00  9.72649093E-01 -3.13854974E-02 -7.84651069E-02  9.99999975E-05  6.34097737E-04  1.88816089E+00
  2.50000000E+00  1.62800000E+00  9.72821387E-01 -3.13755594E-02 -7.84383190E-02  9.99999975E-05  6.29891993E-04  1.89445218E+00
  2.50000000E+00  1.63100000E+00  9.72993197E-01 -3.13656049E-02 -7.84115521E-02  9.99999975E-05  6.25685165E-04  1.90079275E+00
  2.50000000E+00  1.63400000E+00  9.73164523E-01 -3.13556339E-02 -7.83848067E-02  9.99999975E-05  6.21477346E-04  1.90718322E+00
  2.50000000E+00  1.63700000E+00  9.73335367E-01 -3.13456467E-02 -7.83580831E-02  9.99999975E-05  6.17268629E-04  1.91362425E+00
  2.50000000E+00  1.64000000E+00  9.73505730E-01 -3.13356435E-02 -7.83313821E-02  9.99999975E-05  6.13059107E-04  1.92011648E+00
  2.50000000E+00  1.64300000E+00  9.73675613E-01 -3.13256246E-02 -7.83047043E-02  9.99999975E-05  6.08848872E-04  1.92666060E+00
  2.50000000E+00  1.64600000E+00  9.73845018E-01 -3.13155902E-02 -7.82780502E-02  9.99999975E-05  6.04638020E-04  1.93325727E+00
  2.50000000E+00  1.64900000E+00  9.74013947E-01 -3.13055405E-02 -7.82514207E-02  9.99999975E-05  6.00426643E-04  1.93990720E+00
  2.50000000E+00  1.65200000E+00  9.74182400E-01 -3.12954758E-02 -7.82248162E-02  9.99999975E-05  5.96214837E-04  1.94661109E+00
  2.50000000E+00  1.65500000E+00  9.74350379E-01 -3.12853963E-02 -7.81982375E-02  9.99999975E-05  5.92002696E-04  1.95336965E+00
  2.50000000E+00  1.65800000E+00  9.74517885E-01 -3.12753021E-02 -7.81716850E-02  9.99999975E-05  5.87790316E-04  1.96018361E+00
  2.50000000E+00  1.66100000E+00  9.74684920E-01 -3.12651936E-02 -7.81451590E-02  9.99999975E-05  5.83577792E-04  1.96705371E+00
  2.50000000E+00  1.66400000E+00  9.74851485E-01 -3.12550708E-02 -7.81186599E-02  9.99999975E-05  5.79365221E-04  1.97398068E+00
  2.50000000E+00  1.66700000E+00  9.75017582E-01 -3.12449337E-02 -7.80921876E-02  9.99999975E-05  5.75152699E-04  1.98096529E+00
  2.50000000E+00  1.67000000E+00  9.75183212E-01 -3.12347824E-02 -7.80657420E-02  9.99999975E-05  5.70940322E-04  1.98800828E+00
  2.50000000E+00  1.67300000E+00  9.75348376E-01 -3.12246168E-02 -7.80393224E-02  9.99999975E-05  5.66728189E-04  1.99511043E+00
  2.50000000E+00  1.67600000E+00  9.75513075E-01 -3.12144368E-02 -7.80129279E-02  9.99999975E-05  5.62516397E-04  2.00227250E+00
  2.50000000E+00  1.67900000E+00  9.75677310E-01 -3.12042420E-02 -7.79865572E-02  9.99999975E-05  5.58305044E-04  2.00949526E+00
  2.50000000E+00  1.68200000E+00  9.75841083E-01 -3.11940320E-02 -7.79602084E-02  9.99999975E-05  5.54094229E-04  2.01677948E+00
  2.50000000E+00  1.68500000E+00  9.76004393E-01 -3.11838063E-02 -7.79338791E-02  9.99999975E-05  5.49884051E-04  2.02412593E+00
  2.50000000E+00  1.68800000E+00  9.76167243E-01 -3.11735641E-02 -7.79075661E-02  9.99999975E-05  5.45674610E-04  2.03153539E+00
  2.50000000E+00  1.69100000E+00  9.76329632E-01 -3.11633045E-02 -7.78812655E-02  9.99999975E-05  5.41466004E-04  2.03900862E+00
  2.50000000E+00  1.69400000E+00  9.76491562E-01 -3.11530262E-02 -7.78549725E-02  9.99999975E-05  5.37258336E-04  2.04654637E+00
  2.50000000E+00  1.69700000E+00  9.76653031E-01 -3.11427280E-02 -7.78286816E-02  9.99999975E-05  5.33051705E-04  2.05414940E+00
  2.50000000E+00  1.70000000E+00  9.76814041E-01 -3.11324081E-02 -7.78023859E-02  9.99999975E-05  5.28846212E-04  2.06181844E+00
  2.50000000E+00  1.70300000E+00  9.76974591E-01 -3.11220645E-02 -7.77760774E-02  9.99999975E-05  5.24641961E-04  2.06955422E+00
  2.50000000E+00  1.70600000E+00  9.77134681E-01 -3.11116949E-02 -7.77497470E-02  9.99999975E-05  5.20439053E-04  2.07735745E+00
  2.50000000E+00  1.70900000E+00  9.77294334E-01 -3.11013669E-02 -7.77236511E-02  9.99999975E-05  5.16237703E-04  2.08524395E+00
  2.50000000E+00  1.71200000E+00  9.77453540E-01 -3.10910387E-02 -7.76976318E-02  9.99999975E-05  5.12037879E-04  2.09319548E+00
  2.50000000E+00  1.71500000E+00  9.77612292E-01 -3.10806833E-02 -7.76715865E-02  9.99999975E-05  5.07839633E-04  2.10120841E+00
  2.50000000E+00  1.71800000E+00  9.77770594E-01 -3.10703038E-02 -7.76455259E-02  9.99999975E-05  5.03643079E-04  2.10928726E+00
  2.50000000E+00  1.72100000E+00  9.77928449E-01 -3.10599027E-02 -7.76194593E-02  9.99999975E-05  4.99448332E-04  2.11743605E+00
  2.50000000E+00  1.72400000E+00  9.78085859E-01 -3.10494822E-02 -7.75933942E-02  9.99999975E-05  4.95255506E-04  2.12565828E+00
  2.50000000E+00  1.72700000E+00  9.78242827E-01 -3.10390441E-02 -7.75673373E-02  9.99999975E-05  4.91064713E-04  2.13395705E+00
  2.50000000E+00  1.73000000E+00  9.78399354E-01 -3.10285899E-02 -7.75412938E-02  9.99999975E-05  4.86876069E-04  2.14233505E+00
  2.50000000E+00  1.73300000E+00  9.78555443E-01 -3.10181209E-02 -7.75152680E-02  9.99999975E-05  4.82689686E-04  2.15079462E+00
  2.50000000E+00  1.73600000E+00  9.78711095E-01 -3.10076381E-02 -7.74892632E-02  9.99999975E-05  4.78505677E-04  2.15933780E+00
  2.50000000E+00  1.73900000E+00  9.78866313E-01 -3.09971422E-02 -7.74632821E-02  9.99999975E-05  4.74324157E-04  2.16796634E+00
  2.50000000E+00  1.74200000E+00  9.79021097E-01 -3.09866338E-02 -7.74373266E-02  9.99999975E-05  4.70145236E-04  2.17668174E+00
  2.50000000E+00  1.74500000E+00  9.79175448E-01 -3.09761133E-02 -7.74113979E-02  9.99999975E-05  4.65969029E-04  2.18548532E+00
  2.50000000E+00  1.74800000E+00  9.79329369E-01 -3.09655810E-02 -7.73854969E-02  9.99999975E-05  4.61795648E-04  2.19437817E+00
  2.50000000E+00  1.75100000E+00  9.79482861E-01 -3.09550370E-02 -7.73596240E-02  9.99999975E-05  4.57625204E-04  2.20336129E+00
  2.50000000E+00  1.75400000E+00  9.79635924E-01 -3.09444815E-02 -7.73337792E-02  9.99999975E-05  4.53457810E-04  2.21243552E+00
  2.50000000E+00  1.75700000E+00  9.79788561E-01 -3.09339145E-02 -7.73079621E-02  9.99999975E-05  4.49293577E-04  2.22160162E+00
  2.50000000E+00  1.76000000E+00  9.79940771E-01 -3.09233357E-02 -7.72821725E-02  9.99999975E-05  4.45132619E-04  2.23086026E+00
  2.50000000E+00  1.76300000E+00  9.80092558E-01 -3.09127453E-02 -7.72564095E-02  9.99999975E-05  4.40975045E-04  2.24021210E+00
  2.50000000E+00  1.76600000E+00  9.80243921E-01 -3.09021429E-02 -7.72306724E-02  9.99999975E-05  4.36820969E-04  2.24965772E+00
  2.50000000E+00  1.76900000E+00  9.80394863E-01 -3.08915284E-02 -7.72049604E-02  9.99999975E-05  4.32670501E-04  2.25919775E+00
  2.50000000E+00  1.77200000E+00  9.80545384E-01 -3.08809018E-02 -7.71792727E-02  9.99999975E-05  4.28523754E-04  2.26883279E+00
  2.50000000E+00  1.77500000E+00  9.80695486E-01 -3.08702627E-02 -7.71536082E-02  9.99999975E-05  4.24380839E-04  2.27856348E+00
  2.50000000E+00  1.77800000E+00  9.80845172E-01 -3.08596111E-02 -7.71279663E-02  9.99999975E-05  4.20241870E-04  2.28839051E+00
  2.50000000E+00  1.78100000E+00  9.80994441E-01 -3.08489467E-02 -7.71023460E-02  9.99999975E-05  4.16106957E-04  2.29831462E+00
  2.50000000E+00  1.78400000E+00  9.81143297E-01 -3.08382695E-02 -7.70767467E-02  9.99999975E-05  4.11976214E-04  2.30833663E+00
  2.50000000E+00  1.78700000E+00  9.81291741E-01 -3.08275794E-02 -7.70511677E-02  9.99999975E-05  4.07849754E-04  2.31845745E+00
  2.50000000E+00  1.79000000E+00  9.81439774E-01 -3.08168762E-02 -7.70256085E-02  9.99999975E-05  4.03727691E-04  2.32867805E+00
  2.50000000E+00  1.79300000E+00  9.81587399E-01 -3.08061600E-02 -7.70000686E-02  9.99999975E-05  3.99610137E-04  2.33899955E+00
  2.50000000E+00  1.79600000E+00  9.81734617E-01 -3.07954307E-02 -7.69745477E-02  9.99999975E-05  3.95497209E-04  2.34942315E+00
  2.50000000E+00  1.79900000E+00  9.81881431E-01 -3.07846884E-02 -7.69490456E-02  9.99999975E-05  3.91389020E-04  2.35995017E+00
  2.50000000E+00  1.80200000E+00  9.82027843E-01 -3.07739331E-02 -7.69235622E-02  9.99999975E-05  3.87285687E-04  2.37058208E+00
  2.50000000E+00  1.80500000E+00  9.82173855E-01 -3.07631649E-02 -7.68980976E-02  9.99999975E-05  3.83187327E-04  2.38132045E+00
  2.50000000E+00  1.80800000E+00  9.82319469E-01 -3.07523839E-02 -7.68726517E-02  9.99999975E-05  3.79094057E-04  2.39216700E+00
  2.50000000E+00  1.81100000E+00  9.82464688E-01 -3.07415903E-02 -7.68472249E-02  9.99999975E-05  3.75005995E-04  2.40312360E+00
  2.50000000E+00  1.81400000E+00  9.82609514E-01 -3.07307842E-02 -7.68218175E-02  9.99999975E-05  3.70923262E-04  2.41419224E+00
  2.50000000E+00  1.81700000E+00  9.82753949E-01 -3.07199658E-02 -7.67964297E-02  9.99999975E-05  3.66845977E-04  2.42537506E+00
  2.50000000E+00  1.82000000E+00  9.82897997E-01 -3.07091353E-02 -7.67710622E-02  9.99999975E-05  3.62774262E-04  2.43667435E+00
  2.50000000E+00  1.82300000E+00  9.83041658E-01 -3.06982930E-02 -7.67457153E-02  9.99999975E-05  3.58708241E-04  2.44809253E+00
  2.50000000E+00  1.82600000E+00  9.83184937E-01 -3.06874390E-02 -7.67203896E-02  9.99999975E-05  3.54648037E-04  2.45963218E+00
  2.50000000E+00  1.82900000E+00  9.83327836E-01 -3.06765737E-02 -7.66950856E-02  9.99999975E-05  3.50593776E-04  2.47129602E+00
  2.50000000E+00  1.83200000E+00  9.83470357E-01 -3.06656973E-02 -7.66698039E-02  9.99999975E-05  3.46545585E-04  2.48308688E+00
  2.50000000E+00  1.83500000E+00  9.83612502E-01 -3.06548100E-02 -7.66445451E-02  9.99999975E-05  3.42503593E-04  2.49500778E+00
  2.50000000E+00  1.83800000E+00  9.83754276E-01 -3.06439120E-02 -7.66193096E-02  9.99999975E-05  3.38467930E-04  2.50706184E+00
  2.50000000E+00  1.84100000E+00  9.83895679E-01 -3.06330037E-02 -7.65940980E-02  9.99999975E-05  3.34438727E-04  2.51925230E+00
  2.50000000E+00  1.84400000E+00  9.84036716E-01 -3.06220851E-02 -7.65689106E-02  9.99999975E-05  3.30416119E-04  2.53158257E+00
  2.50000000E+00  1.84700000E+00  9.84177388E-01 -3.06111565E-02 -7.65437478E-02  9.99999975E-05  3.26400239E-04  2.54405615E+00
  2.50000000E+00  1.85000000E+00  9.84317698E-01 -3.06002180E-02 -7.65186100E-02  9.99999975E-05  3.22391226E-04  2.55667667E+00
  2.50000000E+00  1.85300000E+00  9.84457649E-01 -3.05892699E-02 -7.64934972E-02  9.99999975E-05  3.18389218E-04  2.56944787E+00
  2.50000000E+00  1.85600000E+00  9.84597244E-01 -3.05783123E-02 -7.64684096E-02  9.99999975E-05  3.14394355E-04  2.58237361E+00
  2.50000000E+00  1.85900000E+00  9.84736485E-01 -3.05673451E-02 -7.64433472E-02  9.99999975E-05  3.10406781E-04  2.59545783E+00
  2.50000000E+00  1.86200000E+00  9.84875375E-01 -3.05563686E-02 -7.64183098E-02  9.99999975E-05  3.06426640E-04  2.60870459E+00
  2.50000000E+00  1.86500000E+00  9.85013916E-01 -3.05453827E-02 -7.63932972E-02  9.99999975E-05  3.02454079E-04  2.62211802E+00
  2.50000000E+00  1.86800000E+00  9.85152111E-01 -3.05343874E-02 -7.63683090E-02  9.99999975E-05  2.98489247E-04  2.63570236E+00
  2.50000000E+00  1.87100000E+00  9.85289963E-01 -3.05233828E-02 -7.63433448E-02  9.99999975E-05  2.94532294E-04  2.64946191E+00
  2.50000000E+00  1.87400000E+00  9.85427474E-01 -3.05123687E-02 -7.63184040E-02  9.99999975E-05  2.90583374E-04  2.66340104E+00
  2.50000000E+00  1.87700000E+00  9.85564648E-01 -3.05013451E-02 -7.62934859E-02  9.99999975E-05  2.86642641E-04  2.67752421E+00
  2.50000000E+00  1.88000000E+00  9.85701485E-01 -3.04903119E-02 -7.62685898E-02  9.99999975E-05  2.82710253E-04  2.69183591E+00
  2.50000000E+00  1.88300000E+00  9.85837990E-01 -3.04792690E-02 -7.62437149E-02  9.99999975E-05  2.78786369E-04  2.70634070E+00
  2.50000000E+00  1.88600000E+00  9.85974164E-01 -3.04682163E-02 -7.62188602E-02  9.99999975E-05  2.74871151E-04  2.72104319E+00
  2.50000000E+00  1.88900000E+00  9.86110011E-01 -3.04571535E-02 -7.61940250E-02  9.99999975E-05  2.70964761E-04  2.73594803E+00
  2.50000000E+00  1.89200000E+00  9.86245534E-01 -3.04460806E-02 -7.61692083E-02  9.99999975E-05  2.67067366E-04  2.75105991E+00
  2.50000000E+00  1.89500000E+00  9.86380734E-01 -3.04349975E-02 -7.61444093E-02  9.99999975E-05  2.63179133E-04  2.76638353E+00
  2.50000000E+00  1.89800000E+00  9.86515615E-01 -3.04239041E-02 -7.61196272E-02  9.99999975E-05  2.59300233E-04  2.78192364E+00
  2.50000000E+00  1.90100000E+00  9.86650180E-01 -3.04128003E-02 -7.60948616E-02  9.99999975E-05  2.55430836E-04  2.79768501E+00
  2.50000000E+00  1.90400000E+00  9.86784432E-01 -3.04016862E-02 -7.60701118E-02  9.99999975E-05  2.51571117E-04  2.81367241E+00
  2.50000000E+00  1.90700000E+00  9.86918374E-01 -3.03905617E-02 -7.60453778E-02  9.99999975E-05  2.47721251E-04  2.82989064E+00
  2.50000000E+00  1.91000000E+00  9.87052009E-01 -3.03794270E-02 -7.60206597E-02  9.99999975E-05  2.43881415E-04  2.84634449E+00
  2.50000000E+00  1.91300000E+00  9.87185342E-01 -3.03682825E-02 -7.59959578E-02  9.99999975E-05  2.40051790E-04  2.86303878E+00
  2.50000000E+00  1.91600000E+00  9.87318375E-01 -3.03571284E-02 -7.59712732E-02  9.99999975E-05  2.36232556E-04  2.87997832E+00
  2.50000000E+00  1.91900000E+00  9.87451113E-01 -3.03459653E-02 -7.59466074E-02  9.99999975E-05  2.32423895E-04  2.89716791E+00
  2.50000000E+00  1.92200000E+00  9.87583560E-01 -3.03347938E-02 -7.59219623E-02  9.99999975E-05  2.28625992E-04  2.91461238E+00
  2.50000000E+00  1.92500000E+00  9.87715721E-01 -3.03236150E-02 -7.58973408E-02  9.99999975E-05  2.24839032E-04  2.93231652E+00
  2.50000000E+00  1.92800000E+00  9.87847601E-01 -3.03124298E-02 -7.58727464E-02  9.99999975E-05  2.21063202E-04  2.95028517E+00
  2.50000000E+00  1.93100000E+00  9.87979205E-01 -3.03012397E-02 -7.58481838E-02  9.99999975E-05  2.17298690E-04  2.96852311E+00
  2.50000000E+00  1.93400000E+00  9.88110538E-01 -3.02900463E-02 -7.58236585E-02  9.99999975E-05  2.13545685E-04  2.98703518E+00
  2.50000000E+00  1.93700000E+00  9.88241608E-01 -3.02788516E-02 -7.57991773E-02  9.99999975E-05  2.09804378E-04  3.00582617E+00
  2.50000000E+00  1.94000000E+00  9.88372421E-01 -3.02676580E-02 -7.57747484E-02  9.99999975E-05  2.06074958E-04  3.02490093E+00
  2.50000000E+00  1.94300000E+00  9.88502983E-01 -3.02564683E-02 -7.57503812E-02  9.99999975E-05  2.02357618E-04  3.04426427E+00
  2.50000000E+00  1.94600000E+00  9.88633304E-01 -3.02452857E-02 -7.57260869E-02  9.99999975E-05  1.98652548E-04  3.06392106E+00
  2.50000000E+00  1.94900000E+00  9.88764158E-01 -3.02340792E-02 -7.57017608E-02  9.99999975E-05  1.94958427E-04  3.08475537E+00
  2.50000000E+00  1.95200000E+00  9.88895906E-01 -3.02227736E-02 -7.56771641E-02  9.99999975E-05  1.91276757E-04  3.10736418E+00
  2.50000000E+00  1.95500000E+00  9.89025819E-01 -3.02114748E-02 -7.56526578E-02  9.99999975E-05  1.87613025E-04  3.12864854E+00
  2.50000000E+00  1.95800000E+00  9.89154429E-01 -3.02001823E-02 -7.56282269E-02  9.99999975E-05  1.83965000E-04  3.14913081E+00
  2.50000000E+00  1.96100000E+00  9.89282166E-01 -3.01888953E-02 -7.56038586E-02  9.99999975E-05  1.80331086E-04  3.16924052E+00
  2.50000000E+00  1.96400000E+00  9.89409371E-01 -3.01776127E-02 -7.55795421E-02  9.99999975E-05  1.76710224E-04  3.18932484E+00
  2.50000000E+00  1.96700000E+00  9.89536310E-01 -3.01663335E-02 -7.55552684E-02  9.99999975E-05  1.73101810E-04  3.20965825E+00
  2.50000000E+00  1.97000000E+00  9.89663177E-01 -3.01550563E-02 -7.55310298E-02  9.99999975E-05  1.69505618E-04  3.23045172E+00
  2.50000000E+00  1.97300000E+00  9.89790113E-01 -3.01437797E-02 -7.55068203E-02  9.99999975E-05  1.65921726E-04  3.25186118E+00
  2.50000000E+00  1.97600000E+00  9.89917204E-01 -3.01325024E-02 -7.54826349E-02  9.99999975E-05  1.62350454E-04  3.27399539E+00
  2.50000000E+00  1.97900000E+00  9.90044498E-01 -3.01212229E-02 -7.54584699E-02  9.99999975E-05  1.58792307E-04  3.29692328E+00
  2.50000000E+00  1.98200000E+00  9.90172008E-01 -3.01099400E-02 -7.54343224E-02  9.99999975E-05  1.55247927E-04  3.32068066E+00
  2.50000000E+00  1.98500000E+00  9.90299717E-01 -3.00986522E-02 -7.54101903E-02  9.99999975E-05  1.51718042E-04  3.34527641E+00
  2.50000000E+00  1.98800000E+00  9.90427590E-01 -3.00873585E-02 -7.53860725E-02  9.99999975E-05  1.48203436E-04  3.37069816E+00
  2.50000000E+00  1.99100000E+00  9.90555574E-01 -3.00760577E-02 -7.53619681E-02  9.99999975E-05  1.44704908E-04  3.39691742E+00
  2.50000000E+00  1.99400000E+00  9.90683604E-01 -3.00647490E-02 -7.53378770E-02  9.99999975E-05  1.41223249E-04  3.42389421E+00
  2.50000000E+00  1.99700000E+00  9.90811612E-01 -3.00534313E-02 -7.53137994E-02  9.99999975E-05  1.37759218E-04  3.45158125E+00
  2.50000000E+00  2.00000000E+00  9.90939523E-01 -3.00421042E-02 -7.52897357E-02  9.99999975E-05  1.34313523E-04  3.47992767E+00
