               X               Y            VELX            VELY            PRES            TEMP            PS 1            PS 2  2.06250000E+03
 -4.00000000E+00  0.00000000E+00  0.00000000E+00  0.00000000E+00 -8.30344849E-02  1.00000005E-03  0.00000000E+00  0.00000000E+00
 -4.00000000E+00  2.00000000E-03  8.52502136E-02  0.00000000E+00 -8.38936421E-02  1.00000005E-03  8.84940638E-04  8.11284969E-04
 -4.00000000E+00  4.00000000E-03  1.60721829E-01 -4.80820659E-17 -8.38858163E-02  1.00000005E-03  1.66162441E-03  1.69159171E-03
 -4.00000000E+00  6.00000000E-03  2.27002330E-01  0.00000000E+00 -8.28375382E-02  1.00000005E-03  2.33660294E-03  2.63693303E-03
 -4.00000000E+00  8.00000000E-03  2.84679201E-01  0.00000000E+00 -8.27169093E-02  1.00000005E-03  2.91642785E-03  3.64332175E-03
 -4.00000000E+00  1.00000000E-02  3.34339927E-01  0.00000000E+00 -8.29155540E-02  1.00000005E-03  3.40765076E-03  4.70677067E-03
 -4.00000000E+00  1.20000000E-02  3.76571991E-01 -1.53317935E-16 -8.25356192E-02  1.00000005E-03  3.81682331E-03  5.82329261E-03
 -4.00000000E+00  1.40000000E-02  4.11962606E-01  0.00000000E+00 -8.15950156E-02  1.00000005E-03  4.15049415E-03  6.98890119E-03
 -4.00000000E+00  1.60000000E-02  4.41099980E-01 -9.25152128E-17 -8.06278260E-02  1.00000005E-03  4.41522280E-03  8.19960706E-03
 -4.00000000E+00  1.80000000E-02  4.64599902E-01  0.00000000E+00 -8.00471916E-02  1.00000005E-03  4.61787009E-03  9.45133849E-03
 -4.00000000E+00  2.00000000E-02  4.83194158E-01 -7.67398050E-17 -7.99013088E-02  1.00000005E-03  4.76656408E-03  1.07396773E-02
 -4.00000000E+00  2.20000000E-02  4.97643342E-01 -7.31765112E-17 -8.00169431E-02  1.00000005E-03  4.86974749E-03  1.20601191E-02
 -4.00000000E+00  2.40000000E-02  5.08709286E-01  0.00000000E+00 -8.02262801E-02  1.00000005E-03  4.93587658E-03  1.34081560E-02
 -4.00000000E+00  2.60000000E-02  5.17148127E-01  0.00000000E+00 -8.04708533E-02  1.00000005E-03  4.97334541E-03  1.47792971E-02
 -4.00000000E+00  2.80000000E-02  5.23727149E-01  0.00000000E+00 -8.07580187E-02  1.00000005E-03  4.99066979E-03  1.61690180E-02
 -4.00000000E+00  3.00000000E-02  5.29204213E-01  0.00000000E+00 -8.10753275E-02  1.00000005E-03  4.99626261E-03  1.75728228E-02
 -4.00000000E+00  3.20000000E-02  5.34347998E-01 -5.83261074E-17 -8.13369814E-02  1.00000005E-03  4.99865493E-03  1.89861829E-02
 -4.00000000E+00  3.40000000E-02  5.39725776E-01  0.00000000E+00 -8.14506494E-02  1.00000005E-03  5.00417758E-03  2.04051715E-02
 -4.00000000E+00  3.60000000E-02  5.45471774E-01  0.00000000E+00 -8.14153292E-02  1.00000005E-03  5.01443063E-03  2.18271554E-02
 -4.00000000E+00  3.80000000E-02  5.51389631E-01  0.00000000E+00 -8.13174455E-02  1.00000005E-03  5.02740268E-03  2.32504887E-02
 -4.00000000E+00  4.00000000E-02  5.57428473E-01  0.00000000E+00 -8.11834334E-02  1.00000005E-03  5.04267188E-03  2.46730877E-02
 -4.00000000E+00  4.20000000E-02  5.63455100E-01  0.00000000E+00 -8.10329245E-02  1.00000005E-03  5.05892625E-03  2.60929378E-02
 -4.00000000E+00  4.40000000E-02  5.69392899E-01  0.00000000E+00 -8.08603847E-02  1.00000005E-03  5.07542305E-03  2.75087916E-02
 -4.00000000E+00  4.60000000E-02  5.75109905E-01  0.00000000E+00 -8.06946873E-02  1.00000005E-03  5.09090043E-03  2.89179297E-02
 -4.00000000E+00  4.80000000E-02  5.80496284E-01  0.00000000E+00 -8.05654599E-02  1.00000005E-03  5.10430051E-03  3.03182902E-02
 -4.00000000E+00  5.00000000E-02  5.85500461E-01  0.00000000E+00 -8.04857708E-02  1.00000005E-03  5.11510235E-03  3.17095405E-02
 -4.00000000E+00  5.20000000E-02  5.90129056E-01  0.00000000E+00 -8.04508076E-02  1.00000005E-03  5.12332136E-03  3.30930756E-02
 -4.00000000E+00  5.40000000E-02  5.94425633E-01  0.00000000E+00 -8.04458703E-02  1.00000005E-03  5.12931347E-03  3.44713875E-02
 -4.00000000E+00  5.60000000E-02  5.98443248E-01  0.00000000E+00 -8.04570027E-02  1.00000005E-03  5.13352208E-03  3.58472498E-02
 -4.00000000E+00  5.80000000E-02  6.02225796E-01  0.00000000E+00 -8.04775850E-02  1.00000005E-03  5.13630615E-03  3.72231643E-02
 -4.00000000E+00  6.00000000E-02  6.05813138E-01  0.00000000E+00 -8.05042122E-02  1.00000005E-03  5.13798748E-03  3.86015128E-02
 -4.00000000E+00  6.20000000E-02  6.09259319E-01  0.00000000E+00 -8.05250307E-02  1.00000005E-03  5.13901994E-03  3.99850013E-02
 -4.00000000E+00  6.40000000E-02  6.12615630E-01  0.00000000E+00 -8.05273462E-02  1.00000005E-03  5.13982451E-03  4.13767913E-02
 -4.00000000E+00  6.60000000E-02  6.15906295E-01 -1.82653745E-17 -8.05096049E-02  1.00000005E-03  5.14059271E-03  4.27778000E-02
 -4.00000000E+00  6.80000000E-02  6.19138021E-01 -4.36940315E-17 -8.04753742E-02  1.00000005E-03  5.14136504E-03  4.41876499E-02
 -4.00000000E+00  7.00000000E-02  6.22310651E-01  0.00000000E+00 -8.04294171E-02  1.00000005E-03  5.14212313E-03  4.56054320E-02
 -4.00000000E+00  7.20000000E-02  6.25419659E-01  0.00000000E+00 -8.03768678E-02  1.00000005E-03  5.14281090E-03  4.70299229E-02
 -4.00000000E+00  7.40000000E-02  6.28458319E-01  0.00000000E+00 -8.03225767E-02  1.00000005E-03  5.14335317E-03  4.84597545E-02
 -4.00000000E+00  7.60000000E-02  6.31419522E-01  0.00000000E+00 -8.02706223E-02  1.00000005E-03  5.14367138E-03  4.98935396E-02
 -4.00000000E+00  7.80000000E-02  6.34297232E-01  0.00000000E+00 -8.02239827E-02  1.00000005E-03  5.14369627E-03  5.13299593E-02
 -4.00000000E+00  8.00000000E-02  6.37087538E-01  0.00000000E+00 -8.01843646E-02  1.00000005E-03  5.14337729E-03  5.27678152E-02
 -4.00000000E+00  8.20000000E-02  6.39789304E-01  0.00000000E+00 -8.01521838E-02  1.00000005E-03  5.14268836E-03  5.42060524E-02
 -4.00000000E+00  8.40000000E-02  6.42404387E-01  0.00000000E+00 -8.01266933E-02  1.00000005E-03  5.14162992E-03  5.56437567E-02
 -4.00000000E+00  8.60000000E-02  6.44937389E-01  0.00000000E+00 -8.01062533E-02  1.00000005E-03  5.14022690E-03  5.70801312E-02
 -4.00000000E+00  8.80000000E-02  6.47394943E-01 -1.33022657E-17 -8.00887399E-02  1.00000005E-03  5.13852242E-03  5.85144561E-02
 -4.00000000E+00  9.00000000E-02  6.49784498E-01  0.00000000E+00 -8.00720871E-02  1.00000005E-03  5.13656697E-03  5.99460378E-02
 -4.00000000E+00  9.20000000E-02  6.52112587E-01  0.00000000E+00 -8.00549571E-02  1.00000005E-03  5.13440278E-03  6.13741491E-02
 -4.00000000E+00  9.40000000E-02  6.54382545E-01  0.00000000E+00 -8.00375358E-02  1.00000005E-03  5.13204324E-03  6.27979681E-02
 -4.00000000E+00  9.60000000E-02  6.56600956E-01  0.00000000E+00 -8.00189320E-02  1.00000005E-03  5.12953000E-03  6.42167995E-02
 -4.00000000E+00  9.80000000E-02  6.58773509E-01  0.00000000E+00 -7.99970839E-02  1.00000005E-03  5.12690349E-03  6.56300986E-02
 -4.00000000E+00  1.00000000E-01  6.60901928E-01  0.00000000E+00 -7.99735820E-02  1.00000005E-03  5.12416942E-03  6.70385239E-02
 -4.00000000E+00  1.02000000E-01  6.62987831E-01 -2.26006547E-17 -7.99495433E-02  1.00000005E-03  5.12133609E-03  6.84429021E-02
 -4.00000000E+00  1.04000000E-01  6.65032728E-01  0.00000000E+00 -7.99257011E-02  1.00000005E-03  5.11841283E-03  6.98441315E-02
 -4.00000000E+00  1.06000000E-01  6.67038057E-01 -2.13419737E-17 -7.99024967E-02  1.00000005E-03  5.11540908E-03  7.12431163E-02
 -4.00000000E+00  1.08000000E-01  6.69005214E-01  0.00000000E+00 -7.98801562E-02  1.00000005E-03  5.11233379E-03  7.26407152E-02
 -4.00000000E+00  1.10000000E-01  6.70935573E-01  0.00000000E+00 -7.98587529E-02  1.00000005E-03  5.10919498E-03  7.40377033E-02
 -4.00000000E+00  1.12000000E-01  6.72830489E-01  0.00000000E+00 -7.98382561E-02  1.00000005E-03  5.10599945E-03  7.54347445E-02
 -4.00000000E+00  1.14000000E-01  6.74691306E-01  0.00000000E+00 -7.98185705E-02  1.00000005E-03  5.10275268E-03  7.68323755E-02
 -4.00000000E+00  1.16000000E-01  6.76519341E-01  0.00000000E+00 -7.97995643E-02  1.00000005E-03  5.09945888E-03  7.82309969E-02
 -4.00000000E+00  1.18000000E-01  6.78315882E-01  0.00000000E+00 -7.97810905E-02  1.00000005E-03  5.09612102E-03  7.96308718E-02
 -4.00000000E+00  1.20000000E-01  6.80082165E-01  0.00000000E+00 -7.97630008E-02  1.00000005E-03  5.09274113E-03  8.10321303E-02
 -4.00000000E+00  1.22000000E-01  6.81819364E-01  0.00000000E+00 -7.97451548E-02  1.00000005E-03  5.08932042E-03  8.24347774E-02
 -4.00000000E+00  1.24000000E-01  6.83528567E-01  0.00000000E+00 -7.97274260E-02  1.00000005E-03  5.08585967E-03  8.38387041E-02
 -4.00000000E+00  1.26000000E-01  6.85210766E-01  0.00000000E+00 -7.97097050E-02  1.00000005E-03  5.08235936E-03  8.52436991E-02
 -4.00000000E+00  1.28000000E-01  6.86866834E-01  0.00000000E+00 -7.96919030E-02  1.00000005E-03  5.07882003E-03  8.66494600E-02
 -4.00000000E+00  1.30000000E-01  6.88497521E-01  0.00000000E+00 -7.96739559E-02  1.00000005E-03  5.07524237E-03  8.80556034E-02
 -4.00000000E+00  1.32000000E-01  6.90103445E-01  0.00000000E+00 -7.96558313E-02  1.00000005E-03  5.07162741E-03  8.94616704E-02
 -4.00000000E+00  1.34000000E-01  6.91685090E-01 -6.91102371E-18 -7.96375393E-02  1.00000005E-03  5.06797644E-03  9.08671285E-02
 -4.00000000E+00  1.36000000E-01  6.93242822E-01  0.00000000E+00 -7.96191488E-02  1.00000005E-03  5.06429097E-03  9.22713660E-02
 -4.00000000E+00  1.38000000E-01  6.94776897E-01  0.00000000E+00 -7.96008116E-02  1.00000005E-03  5.06057240E-03  9.36736794E-02
 -4.00000000E+00  1.40000000E-01  6.96287499E-01  0.00000000E+00 -7.95827946E-02  1.00000005E-03  5.05682161E-03  9.50732507E-02
 -4.00000000E+00  1.42000000E-01  6.97774774E-01  0.00000000E+00 -7.95655221E-02  1.00000005E-03  5.05303827E-03  9.64691148E-02
 -4.00000000E+00  1.44000000E-01  6.99238892E-01  0.00000000E+00 -7.95496301E-02  1.00000005E-03  5.04921999E-03  9.78601136E-02
 -4.00000000E+00  1.46000000E-01  7.00680542E-01 -1.38341563E-17 -7.95348841E-02  1.00000005E-03  5.04537111E-03  9.92457794E-02
 -4.00000000E+00  1.48000000E-01  7.02100108E-01  0.00000000E+00 -7.95213065E-02  1.00000005E-03  5.04149144E-03  1.00627556E-01
 -4.00000000E+00  1.50000000E-01  7.03498749E-01  0.00000000E+00 -7.95086074E-02  1.00000005E-03  5.03758267E-03  1.02005787E-01
 -4.00000000E+00  1.52000000E-01  7.04877590E-01 -3.43033798E-18 -7.94965296E-02  1.00000005E-03  5.03364649E-03  1.03381039E-01
 -4.00000000E+00  1.54000000E-01  7.06237689E-01  0.00000000E+00 -7.94848562E-02  1.00000005E-03  5.02968444E-03  1.04754020E-01
 -4.00000000E+00  1.56000000E-01  7.07580032E-01  0.00000000E+00 -7.94734089E-02  1.00000005E-03  5.02569799E-03  1.06125504E-01
 -4.00000000E+00  1.58000000E-01  7.08905516E-01  0.00000000E+00 -7.94620459E-02  1.00000005E-03  5.02168845E-03  1.07496270E-01
 -4.00000000E+00  1.60000000E-01  7.10214951E-01 -2.16168894E-17 -7.94506593E-02  1.00000005E-03  5.01765698E-03  1.08867049E-01
 -4.00000000E+00  1.62000000E-01  7.11509049E-01 -9.89489312E-18 -7.94391726E-02  1.00000005E-03  5.01360464E-03  1.10238487E-01
 -4.00000000E+00  1.64000000E-01  7.12788429E-01  0.00000000E+00 -7.94275376E-02  1.00000005E-03  5.00953232E-03  1.11611115E-01
 -4.00000000E+00  1.66000000E-01  7.14053617E-01  0.00000000E+00 -7.94157314E-02  1.00000005E-03  5.00544079E-03  1.12985329E-01
 -4.00000000E+00  1.68000000E-01  7.15305048E-01 -2.59881055E-17 -7.94037531E-02  1.00000005E-03  5.00133069E-03  1.14361381E-01
 -4.00000000E+00  1.70000000E-01  7.16543075E-01  0.00000000E+00 -7.93916203E-02  1.00000005E-03  4.99720255E-03  1.15739370E-01
 -4.00000000E+00  1.72000000E-01  7.17767976E-01  0.00000000E+00 -7.93793659E-02  1.00000005E-03  4.99305680E-03  1.17119251E-01
 -4.00000000E+00  1.74000000E-01  7.18979960E-01  0.00000000E+00 -7.93670349E-02  1.00000005E-03  4.98889377E-03  1.18500842E-01
 -4.00000000E+00  1.76000000E-01  7.20179179E-01  0.00000000E+00 -7.93546804E-02  1.00000005E-03  4.98471370E-03  1.19883836E-01
 -4.00000000E+00  1.78000000E-01  7.21365739E-01  0.00000000E+00 -7.93423612E-02  1.00000005E-03  4.98051679E-03  1.21267823E-01
 -4.00000000E+00  1.80000000E-01  7.22539710E-01  0.00000000E+00 -7.93301382E-02  1.00000005E-03  4.97630316E-03  1.22652307E-01
 -4.00000000E+00  1.82000000E-01  7.23701137E-01  0.00000000E+00 -7.93180717E-02  1.00000005E-03  4.97207293E-03  1.24036734E-01
 -4.00000000E+00  1.84000000E-01  7.24850053E-01  0.00000000E+00 -7.93062188E-02  1.00000005E-03  4.96782618E-03  1.25420516E-01
 -4.00000000E+00  1.86000000E-01  7.25986487E-01  0.00000000E+00 -7.92946310E-02  1.00000005E-03  4.96356297E-03  1.26803056E-01
 -4.00000000E+00  1.88000000E-01  7.27110477E-01  0.00000000E+00 -7.92833523E-02  1.00000005E-03  4.95928341E-03  1.28183774E-01
 -4.00000000E+00  1.90000000E-01  7.28222079E-01  0.00000000E+00 -7.92724177E-02  1.00000005E-03  4.95498759E-03  1.29562135E-01
 -4.00000000E+00  1.92000000E-01  7.29321373E-01  0.00000000E+00 -7.92618516E-02  1.00000005E-03  4.95067566E-03  1.30937667E-01
 -4.00000000E+00  1.94000000E-01  7.30408473E-01  0.00000000E+00 -7.92516679E-02  1.00000005E-03  4.94634779E-03  1.32309987E-01
 -4.00000000E+00  1.96000000E-01  7.31483533E-01 -5.98977107E-18 -7.92418692E-02  1.00000005E-03  4.94200421E-03  1.33678811E-01
 -4.00000000E+00  1.98000000E-01  7.32546744E-01  0.00000000E+00 -7.92324476E-02  1.00000005E-03  4.93764520E-03  1.35043972E-01
 -4.00000000E+00  2.00000000E-01  7.33598343E-01  0.00000000E+00 -7.92233856E-02  1.00000005E-03  4.93327108E-03  1.36405422E-01
 -4.00000000E+00  2.02000000E-01  7.34638608E-01  0.00000000E+00 -7.92146581E-02  1.00000005E-03  4.92888225E-03  1.37763237E-01
 -4.00000000E+00  2.04000000E-01  7.35667851E-01 -5.95197348E-18 -7.92062347E-02  1.00000005E-03  4.92447912E-03  1.39117604E-01
 -4.00000000E+00  2.06000000E-01  7.36686416E-01 -5.81054414E-18 -7.91980830E-02  1.00000005E-03  4.92006215E-03  1.40468813E-01
 -4.00000000E+00  2.08000000E-01  7.37694667E-01  0.00000000E+00 -7.91901730E-02  1.00000005E-03  4.91563183E-03  1.41817228E-01
 -4.00000000E+00  2.10000000E-01  7.38692971E-01  0.00000000E+00 -7.91824814E-02  1.00000005E-03  4.91118866E-03  1.43163256E-01
 -4.00000000E+00  2.12000000E-01  7.39681683E-01  0.00000000E+00 -7.91749983E-02  1.00000005E-03  4.90673309E-03  1.44507304E-01
 -4.00000000E+00  2.14000000E-01  7.40661124E-01  0.00000000E+00 -7.91677333E-02  1.00000005E-03  4.90226555E-03  1.45849720E-01
 -4.00000000E+00  2.16000000E-01  7.41631553E-01  0.00000000E+00 -7.91607239E-02  1.00000005E-03  4.89778639E-03  1.47190730E-01
 -4.00000000E+00  2.18000000E-01  7.42593137E-01  0.00000000E+00 -7.91540441E-02  1.00000005E-03  4.89329581E-03  1.48530353E-01
 -4.00000000E+00  2.20000000E-01  7.43546121E-01  0.00000000E+00 -7.91475027E-02  1.00000005E-03  4.88879420E-03  1.49869251E-01
 -4.00000000E+00  2.22000000E-01  7.44491391E-01  0.00000000E+00 -7.91407341E-02  1.00000005E-03  4.88428262E-03  1.51208803E-01
 -4.00000000E+00  2.24000000E-01  7.45429207E-01  0.00000000E+00 -7.91338522E-02  1.00000005E-03  4.87976136E-03  1.52549042E-01
 -4.00000000E+00  2.26000000E-01  7.46359718E-01 -4.66616305E-18 -7.91268354E-02  1.00000005E-03  4.87523066E-03  1.53890251E-01
 -4.00000000E+00  2.28000000E-01  7.47283036E-01  0.00000000E+00 -7.91196811E-02  1.00000005E-03  4.87069066E-03  1.55232544E-01
 -4.00000000E+00  2.30000000E-01  7.48199240E-01  0.00000000E+00 -7.91124018E-02  1.00000005E-03  4.86614148E-03  1.56575897E-01
 -4.00000000E+00  2.32000000E-01  7.49108385E-01  0.00000000E+00 -7.91050212E-02  1.00000005E-03  4.86158318E-03  1.57920179E-01
 -4.00000000E+00  2.34000000E-01  7.50010512E-01  0.00000000E+00 -7.90975707E-02  1.00000005E-03  4.85701582E-03  1.59265182E-01
 -4.00000000E+00  2.36000000E-01  7.50905647E-01 -4.24389464E-18 -7.90900871E-02  1.00000005E-03  4.85243943E-03  1.60610637E-01
 -4.00000000E+00  2.38000000E-01  7.51793812E-01  0.00000000E+00 -7.90826096E-02  1.00000005E-03  4.84785401E-03  1.61956243E-01
 -4.00000000E+00  2.40000000E-01  7.52675023E-01  0.00000000E+00 -7.90751780E-02  1.00000005E-03  4.84325958E-03  1.63301681E-01
 -4.00000000E+00  2.42000000E-01  7.53549302E-01 -4.00808655E-18 -7.90678305E-02  1.00000005E-03  4.83865614E-03  1.64646630E-01
 -4.00000000E+00  2.44000000E-01  7.54416672E-01  0.00000000E+00 -7.90606029E-02  1.00000005E-03  4.83404372E-03  1.65990780E-01
 -4.00000000E+00  2.46000000E-01  7.55277163E-01  0.00000000E+00 -7.90535266E-02  1.00000005E-03  4.82942234E-03  1.67333845E-01
 -4.00000000E+00  2.48000000E-01  7.56130814E-01  0.00000000E+00 -7.90466285E-02  1.00000005E-03  4.82479202E-03  1.68675565E-01
 -4.00000000E+00  2.50000000E-01  7.56977672E-01  0.00000000E+00 -7.90399298E-02  1.00000005E-03  4.82015281E-03  1.70015721E-01
 -4.00000000E+00  2.52000000E-01  7.57817797E-01 -4.26585244E-18 -7.90334458E-02  1.00000005E-03  4.81550478E-03  1.71354133E-01
 -4.00000000E+00  2.54000000E-01  7.58651258E-01  0.00000000E+00 -7.90271857E-02  1.00000005E-03  4.81084799E-03  1.72690664E-01
 -4.00000000E+00  2.56000000E-01  7.59478135E-01  0.00000000E+00 -7.90211528E-02  1.00000005E-03  4.80618254E-03  1.74025224E-01
 -4.00000000E+00  2.58000000E-01  7.60298520E-01  0.00000000E+00 -7.90153443E-02  1.00000005E-03  4.80150852E-03  1.75357766E-01
 -4.00000000E+00  2.60000000E-01  7.61112514E-01  0.00000000E+00 -7.90097522E-02  1.00000005E-03  4.79682606E-03  1.76688288E-01
 -4.00000000E+00  2.62000000E-01  7.61920226E-01 -4.29966050E-19 -7.90043632E-02  1.00000005E-03  4.79213528E-03  1.78016827E-01
 -4.00000000E+00  2.64000000E-01  7.62721775E-01  0.00000000E+00 -7.89991599E-02  1.00000005E-03  4.78743632E-03  1.79343455E-01
 -4.00000000E+00  2.66000000E-01  7.63517284E-01  0.00000000E+00 -7.89941210E-02  1.00000005E-03  4.78272934E-03  1.80668279E-01
 -4.00000000E+00  2.68000000E-01  7.64306883E-01  0.00000000E+00 -7.89892227E-02  1.00000005E-03  4.77801448E-03  1.81991430E-01
 -4.00000000E+00  2.70000000E-01  7.65090704E-01  0.00000000E+00 -7.89844388E-02  1.00000005E-03  4.77329190E-03  1.83313061E-01
 -4.00000000E+00  2.72000000E-01  7.65868881E-01  0.00000000E+00 -7.89797424E-02  1.00000005E-03  4.76856178E-03  1.84633338E-01
 -4.00000000E+00  2.74000000E-01  7.66641547E-01  0.00000000E+00 -7.89751061E-02  1.00000005E-03  4.76382426E-03  1.85952436E-01
 -4.00000000E+00  2.76000000E-01  7.67408835E-01  0.00000000E+00 -7.89705037E-02  1.00000005E-03  4.75907952E-03  1.87270528E-01
 -4.00000000E+00  2.78000000E-01  7.68170870E-01  0.00000000E+00 -7.89659102E-02  1.00000005E-03  4.75432769E-03  1.88587785E-01
 -4.00000000E+00  2.80000000E-01  7.68927777E-01  0.00000000E+00 -7.89613035E-02  1.00000005E-03  4.74956893E-03  1.89904362E-01
 -4.00000000E+00  2.82000000E-01  7.69679668E-01  0.00000000E+00 -7.89566646E-02  1.00000005E-03  4.74480337E-03  1.91220397E-01
 -4.00000000E+00  2.84000000E-01  7.70426650E-01  0.00000000E+00 -7.89519787E-02  1.00000005E-03  4.74003113E-03  1.92536003E-01
 -4.00000000E+00  2.86000000E-01  7.71168819E-01  0.00000000E+00 -7.89472357E-02  1.00000005E-03  4.73525233E-03  1.93851265E-01
 -4.00000000E+00  2.88000000E-01  7.71906259E-01  0.00000000E+00 -7.89424306E-02  1.00000005E-03  4.73046705E-03  1.95166231E-01
 -4.00000000E+00  2.90000000E-01  7.72639044E-01  0.00000000E+00 -7.89375642E-02  1.00000005E-03  4.72567538E-03  1.96480913E-01
 -4.00000000E+00  2.92000000E-01  7.73367232E-01  0.00000000E+00 -7.89326428E-02  1.00000005E-03  4.72087736E-03  1.97795285E-01
 -4.00000000E+00  2.94000000E-01  7.74090872E-01 -2.52445161E-18 -7.89276788E-02  1.00000005E-03  4.71607304E-03  1.99109276E-01
 -4.00000000E+00  2.96000000E-01  7.74809999E-01 -7.56584944E-19 -7.89226900E-02  1.00000005E-03  4.71126245E-03  2.00422777E-01
 -4.00000000E+00  2.98000000E-01  7.75524636E-01 -2.44778998E-18 -7.89176997E-02  1.00000005E-03  4.70644559E-03  2.01735638E-01
 -4.00000000E+00  3.00000000E-01  7.76234793E-01  0.00000000E+00 -7.89127357E-02  1.00000005E-03  4.70162245E-03  2.03047675E-01
 -4.00000000E+00  3.02000000E-01  7.76940475E-01  0.00000000E+00 -7.89078296E-02  1.00000005E-03  4.69679300E-03  2.04358672E-01
 -4.00000000E+00  3.04000000E-01  7.77641675E-01  0.00000000E+00 -7.89030156E-02  1.00000005E-03  4.69195723E-03  2.05668387E-01
 -4.00000000E+00  3.06000000E-01  7.78338383E-01  0.00000000E+00 -7.88983292E-02  1.00000005E-03  4.68711508E-03  2.06976567E-01
 -4.00000000E+00  3.08000000E-01  7.79030588E-01  0.00000000E+00 -7.88938050E-02  1.00000005E-03  4.68226651E-03  2.08282954E-01
 -4.00000000E+00  3.10000000E-01  7.79718281E-01  0.00000000E+00 -7.88894751E-02  1.00000005E-03  4.67741150E-03  2.09587300E-01
 -4.00000000E+00  3.12000000E-01  7.80401457E-01 -2.19087835E-18 -7.88853663E-02  1.00000005E-03  4.67255000E-03  2.10889384E-01
 -4.00000000E+00  3.14000000E-01  7.81080125E-01 -1.03126262E-18 -7.88814975E-02  1.00000005E-03  4.66768201E-03  2.12189031E-01
 -4.00000000E+00  3.16000000E-01  7.81754312E-01  0.00000000E+00 -7.88778760E-02  1.00000005E-03  4.66280755E-03  2.13486134E-01
 -4.00000000E+00  3.18000000E-01  7.82424067E-01  0.00000000E+00 -7.88744944E-02  1.00000005E-03  4.65792665E-03  2.14780677E-01
 -4.00000000E+00  3.20000000E-01  7.83089474E-01  0.00000000E+00 -7.88713261E-02  1.00000005E-03  4.65303943E-03  2.16072767E-01
 -4.00000000E+00  3.22000000E-01  7.83750654E-01 -2.38063104E-18 -7.88683210E-02  1.00000005E-03  4.64814602E-03  2.17362659E-01
 -4.00000000E+00  3.24000000E-01  7.84407781E-01  0.00000000E+00 -7.88654003E-02  1.00000005E-03  4.64324666E-03  2.18650798E-01
 -4.00000000E+00  3.26000000E-01  7.85061086E-01  0.00000000E+00 -7.88624509E-02  1.00000005E-03  4.63834165E-03  2.19937850E-01
 -4.00000000E+00  3.28000000E-01  7.85710873E-01  0.00000000E+00 -7.88593197E-02  1.00000005E-03  4.63343141E-03  2.21224750E-01
 -4.00000000E+00  3.30000000E-01  7.86357529E-01  0.00000000E+00 -7.88558066E-02  1.00000005E-03  4.62851647E-03  2.22512743E-01
 -4.00000000E+00  3.32000000E-01  7.87000912E-01  0.00000000E+00 -7.88522695E-02  1.00000005E-03  4.62359658E-03  2.23801068E-01
 -4.00000000E+00  3.34000000E-01  7.87640083E-01  0.00000000E+00 -7.88495862E-02  1.00000005E-03  4.61867037E-03  2.25086303E-01
 -4.00000000E+00  3.36000000E-01  7.88276169E-01 -5.81130798E-18 -7.88465938E-02  1.00000005E-03  4.61373948E-03  2.26372718E-01
 -4.00000000E+00  3.38000000E-01  7.88909141E-01  0.00000000E+00 -7.88433651E-02  1.00000005E-03  4.60880384E-03  2.27660013E-01
 -4.00000000E+00  3.40000000E-01  7.89538978E-01  0.00000000E+00 -7.88399627E-02  1.00000005E-03  4.60386340E-03  2.28947925E-01
 -4.00000000E+00  3.42000000E-01  7.90165663E-01 -8.59651790E-19 -7.88364402E-02  1.00000005E-03  4.59891814E-03  2.30236217E-01
 -4.00000000E+00  3.44000000E-01  7.90789187E-01  0.00000000E+00 -7.88328427E-02  1.00000005E-03  4.59396800E-03  2.31524678E-01
 -4.00000000E+00  3.46000000E-01  7.91409543E-01  0.00000000E+00 -7.88292078E-02  1.00000005E-03  4.58901298E-03  2.32813125E-01
 -4.00000000E+00  3.48000000E-01  7.92026730E-01  0.00000000E+00 -7.88255666E-02  1.00000005E-03  4.58405304E-03  2.34101392E-01
 -4.00000000E+00  3.50000000E-01  7.92640752E-01  0.00000000E+00 -7.88219441E-02  1.00000005E-03  4.57908818E-03  2.35389337E-01
 -4.00000000E+00  3.52000000E-01  7.93251616E-01  0.00000000E+00 -7.88183597E-02  1.00000005E-03  4.57411838E-03  2.36676835E-01
 -4.00000000E+00  3.54000000E-01  7.93859331E-01  0.00000000E+00 -7.88148286E-02  1.00000005E-03  4.56914365E-03  2.37963776E-01
 -4.00000000E+00  3.56000000E-01  7.94463912E-01  0.00000000E+00 -7.88113615E-02  1.00000005E-03  4.56416398E-03  2.39250068E-01
 -4.00000000E+00  3.58000000E-01  7.95065373E-01  0.00000000E+00 -7.88079659E-02  1.00000005E-03  4.55917938E-03  2.40535628E-01
 -4.00000000E+00  3.60000000E-01  7.95663732E-01 -7.80765172E-19 -7.88046460E-02  1.00000005E-03  4.55418984E-03  2.41820387E-01
 -4.00000000E+00  3.62000000E-01  7.96259010E-01  0.00000000E+00 -7.88014036E-02  1.00000005E-03  4.54919539E-03  2.43104288E-01
 -4.00000000E+00  3.64000000E-01  7.96851228E-01 -1.59765508E-18 -7.87982384E-02  1.00000005E-03  4.54419602E-03  2.44387280E-01
 -4.00000000E+00  3.66000000E-01  7.97440410E-01  0.00000000E+00 -7.87951481E-02  1.00000005E-03  4.53919177E-03  2.45669323E-01
 -4.00000000E+00  3.68000000E-01  7.98026580E-01 -1.83543337E-18 -7.87921295E-02  1.00000005E-03  4.53418263E-03  2.46950382E-01
 -4.00000000E+00  3.70000000E-01  7.98609764E-01 -4.70747618E-19 -7.87891780E-02  1.00000005E-03  4.52916863E-03  2.48230430E-01
 -4.00000000E+00  3.72000000E-01  7.99189988E-01  0.00000000E+00 -7.87862882E-02  1.00000005E-03  4.52414978E-03  2.49509444E-01
 -4.00000000E+00  3.74000000E-01  7.99767280E-01  0.00000000E+00 -7.87834546E-02  1.00000005E-03  4.51912611E-03  2.50787406E-01
 -4.00000000E+00  3.76000000E-01  8.00341666E-01  0.00000000E+00 -7.87806710E-02  1.00000005E-03  4.51409763E-03  2.52064303E-01
 -4.00000000E+00  3.78000000E-01  8.00913176E-01 -2.83484993E-18 -7.87779314E-02  1.00000005E-03  4.50906437E-03  2.53340125E-01
 -4.00000000E+00  3.80000000E-01  8.01481838E-01  0.00000000E+00 -7.87752298E-02  1.00000005E-03  4.50402634E-03  2.54614864E-01
 -4.00000000E+00  3.82000000E-01  8.02047680E-01  0.00000000E+00 -7.87725606E-02  1.00000005E-03  4.49898357E-03  2.55888515E-01
 -4.00000000E+00  3.84000000E-01  8.02610732E-01  0.00000000E+00 -7.87699185E-02  1.00000005E-03  4.49393608E-03  2.57161076E-01
 -4.00000000E+00  3.86000000E-01  8.03171021E-01  0.00000000E+00 -7.87672987E-02  1.00000005E-03  4.48888388E-03  2.58432547E-01
 -4.00000000E+00  3.88000000E-01  8.03728577E-01  0.00000000E+00 -7.87646969E-02  1.00000005E-03  4.48382701E-03  2.59702926E-01
 -4.00000000E+00  3.90000000E-01  8.04283428E-01  0.00000000E+00 -7.87621095E-02  1.00000005E-03  4.47876549E-03  2.60972218E-01
 -4.00000000E+00  3.92000000E-01  8.04835603E-01  0.00000000E+00 -7.87595336E-02  1.00000005E-03  4.47369934E-03  2.62240424E-01
 -4.00000000E+00  3.94000000E-01  8.05385130E-01  0.00000000E+00 -7.87569670E-02  1.00000005E-03  4.46862858E-03  2.63507550E-01
 -4.00000000E+00  3.96000000E-01  8.05932037E-01  0.00000000E+00 -7.87544081E-02  1.00000005E-03  4.46355323E-03  2.64773601E-01
 -4.00000000E+00  3.98000000E-01  8.06476352E-01  0.00000000E+00 -7.87518559E-02  1.00000005E-03  4.45847333E-03  2.66038583E-01
 -4.00000000E+00  4.00000000E-01  8.07018103E-01  0.00000000E+00 -7.87493103E-02  1.00000005E-03  4.45338889E-03  2.67302504E-01
 -4.00000000E+00  4.02000000E-01  8.07557316E-01  0.00000000E+00 -7.87467717E-02  1.00000005E-03  4.44829993E-03  2.68565372E-01
 -4.00000000E+00  4.04000000E-01  8.08094020E-01  0.00000000E+00 -7.87442410E-02  1.00000005E-03  4.44320648E-03  2.69827197E-01
 -4.00000000E+00  4.06000000E-01  8.08628240E-01  0.00000000E+00 -7.87417196E-02  1.00000005E-03  4.43810857E-03  2.71087990E-01
 -4.00000000E+00  4.08000000E-01  8.09160004E-01  0.00000000E+00 -7.87392095E-02  1.00000005E-03  4.43300621E-03  2.72347762E-01
 -4.00000000E+00  4.10000000E-01  8.09689338E-01  0.00000000E+00 -7.87367128E-02  1.00000005E-03  4.42789944E-03  2.73606527E-01
 -4.00000000E+00  4.12000000E-01  8.10216268E-01  0.00000000E+00 -7.87342323E-02  1.00000005E-03  4.42278828E-03  2.74864300E-01
 -4.00000000E+00  4.14000000E-01  8.10740820E-01  0.00000000E+00 -7.87317704E-02  1.00000005E-03  4.41767275E-03  2.76121096E-01
 -4.00000000E+00  4.16000000E-01  8.11263021E-01  0.00000000E+00 -7.87293303E-02  1.00000005E-03  4.41255289E-03  2.77376936E-01
 -4.00000000E+00  4.18000000E-01  8.11782896E-01  0.00000000E+00 -7.87269145E-02  1.00000005E-03  4.40742871E-03  2.78631837E-01
 -4.00000000E+00  4.20000000E-01  8.12300471E-01  0.00000000E+00 -7.87245261E-02  1.00000005E-03  4.40230024E-03  2.79885822E-01
 -4.00000000E+00  4.22000000E-01  8.12815772E-01  0.00000000E+00 -7.87221676E-02  1.00000005E-03  4.39716752E-03  2.81138916E-01
 -4.00000000E+00  4.24000000E-01  8.13328824E-01 -1.19391453E-18 -7.87198413E-02  1.00000005E-03  4.39203056E-03  2.82391142E-01
 -4.00000000E+00  4.26000000E-01  8.13839652E-01  0.00000000E+00 -7.87175493E-02  1.00000005E-03  4.38688940E-03  2.83642531E-01
 -4.00000000E+00  4.28000000E-01  8.14348283E-01  0.00000000E+00 -7.87152932E-02  1.00000005E-03  4.38174408E-03  2.84893111E-01
 -4.00000000E+00  4.30000000E-01  8.14854742E-01  0.00000000E+00 -7.87130741E-02  1.00000005E-03  4.37659460E-03  2.86142916E-01
 -4.00000000E+00  4.32000000E-01  8.15359054E-01  0.00000000E+00 -7.87108927E-02  1.00000005E-03  4.37144102E-03  2.87391978E-01
 -4.00000000E+00  4.34000000E-01  8.15861245E-01  0.00000000E+00 -7.87087488E-02  1.00000005E-03  4.36628335E-03  2.88640336E-01
 -4.00000000E+00  4.36000000E-01  8.16361340E-01  0.00000000E+00 -7.87066418E-02  1.00000005E-03  4.36112164E-03  2.89888028E-01
 -4.00000000E+00  4.38000000E-01  8.16859365E-01  0.00000000E+00 -7.87045702E-02  1.00000005E-03  4.35595590E-03  2.91135093E-01
 -4.00000000E+00  4.40000000E-01  8.17355345E-01  0.00000000E+00 -7.87025319E-02  1.00000005E-03  4.35078618E-03  2.92381573E-01
 -4.00000000E+00  4.42000000E-01  8.17849304E-01  0.00000000E+00 -7.87005242E-02  1.00000005E-03  4.34561250E-03  2.93627511E-01
 -4.00000000E+00  4.44000000E-01  8.18341270E-01  0.00000000E+00 -7.86985433E-02  1.00000005E-03  4.34043490E-03  2.94872952E-01
 -4.00000000E+00  4.46000000E-01  8.18831265E-01 -1.10473669E-18 -7.86965851E-02  1.00000005E-03  4.33525341E-03  2.96117940E-01
 -4.00000000E+00  4.48000000E-01  8.19319316E-01  0.00000000E+00 -7.86946447E-02  1.00000005E-03  4.33006806E-03  2.97362520E-01
 -4.00000000E+00  4.50000000E-01  8.19805445E-01  0.00000000E+00 -7.86927165E-02  1.00000005E-03  4.32487888E-03  2.98606737E-01
 -4.00000000E+00  4.52000000E-01  8.20289677E-01 -8.96450089E-19 -7.86907946E-02  1.00000005E-03  4.31968590E-03  2.99850633E-01
 -4.00000000E+00  4.54000000E-01  8.20772036E-01 -1.07910119E-18 -7.86888725E-02  1.00000005E-03  4.31448915E-03  3.01094252E-01
 -4.00000000E+00  4.56000000E-01  8.21252544E-01 -1.07324420E-18 -7.86869435E-02  1.00000005E-03  4.30928867E-03  3.02337632E-01
 -4.00000000E+00  4.58000000E-01  8.21731223E-01  0.00000000E+00 -7.86850010E-02  1.00000005E-03  4.30408447E-03  3.03580811E-01
 -4.00000000E+00  4.60000000E-01  8.22208093E-01  0.00000000E+00 -7.86830381E-02  1.00000005E-03  4.29887658E-03  3.04823821E-01
 -4.00000000E+00  4.62000000E-01  8.22683175E-01  0.00000000E+00 -7.86810483E-02  1.00000005E-03  4.29366502E-03  3.06066689E-01
 -4.00000000E+00  4.64000000E-01  8.23156487E-01  0.00000000E+00 -7.86790259E-02  1.00000005E-03  4.28844982E-03  3.07309437E-01
 -4.00000000E+00  4.66000000E-01  8.23628047E-01 -5.00738762E-19 -7.86769655E-02  1.00000005E-03  4.28323099E-03  3.08552079E-01
 -4.00000000E+00  4.68000000E-01  8.24097869E-01  0.00000000E+00 -7.86748631E-02  1.00000005E-03  4.27800854E-03  3.09794618E-01
 -4.00000000E+00  4.70000000E-01  8.24565967E-01 -1.03767828E-18 -7.86727161E-02  1.00000005E-03  4.27278248E-03  3.11037052E-01
 -4.00000000E+00  4.72000000E-01  8.25032352E-01  0.00000000E+00 -7.86705236E-02  1.00000005E-03  4.26755282E-03  3.12279362E-01
 -4.00000000E+00  4.74000000E-01  8.25497033E-01  0.00000000E+00 -7.86682868E-02  1.00000005E-03  4.26231955E-03  3.13521518E-01
 -4.00000000E+00  4.76000000E-01  8.25960016E-01  0.00000000E+00 -7.86660096E-02  1.00000005E-03  4.25708268E-03  3.14763476E-01
 -4.00000000E+00  4.78000000E-01  8.26421303E-01 -1.01991054E-18 -7.86636992E-02  1.00000005E-03  4.25184217E-03  3.16005174E-01
 -4.00000000E+00  4.80000000E-01  8.26880894E-01  0.00000000E+00 -7.86613661E-02  1.00000005E-03  4.24659802E-03  3.17246529E-01
 -4.00000000E+00  4.82000000E-01  8.27338784E-01  0.00000000E+00 -7.86590251E-02  1.00000005E-03  4.24135020E-03  3.18487439E-01
 -4.00000000E+00  4.84000000E-01  8.27794964E-01  0.00000000E+00 -7.86566960E-02  1.00000005E-03  4.23609866E-03  3.19727778E-01
 -4.00000000E+00  4.86000000E-01  8.28249420E-01  0.00000000E+00 -7.86544036E-02  1.00000005E-03  4.23084336E-03  3.20967395E-01
 -4.00000000E+00  4.88000000E-01  8.28702134E-01  0.00000000E+00 -7.86521792E-02  1.00000005E-03  4.22558425E-03  3.22206107E-01
 -4.00000000E+00  4.90000000E-01  8.29153082E-01  0.00000000E+00 -7.86500609E-02  1.00000005E-03  4.22032124E-03  3.23443702E-01
 -4.00000000E+00  4.92000000E-01  8.29602232E-01  0.00000000E+00 -7.86480941E-02  1.00000005E-03  4.21505426E-03  3.24679936E-01
 -4.00000000E+00  4.94000000E-01  8.30049548E-01  0.00000000E+00 -7.86463332E-02  1.00000005E-03  4.20978321E-03  3.25914522E-01
 -4.00000000E+00  4.96000000E-01  8.30494984E-01  0.00000000E+00 -7.86448417E-02  1.00000005E-03  4.20450798E-03  3.27147137E-01
 -4.00000000E+00  4.98000000E-01  8.30938489E-01  0.00000000E+00 -7.86436933E-02  1.00000005E-03  4.19922844E-03  3.28377413E-01
 -4.00000000E+00  5.00000000E-01  8.31380001E-01  0.00000000E+00 -7.86429732E-02  1.00000005E-03  4.19394445E-03  3.29604934E-01
 -4.00000000E+00  5.02000000E-01  8.31820252E-01  0.00000000E+00 -7.86411182E-02  1.00000005E-03  4.18865748E-03  3.30833684E-01
 -4.00000000E+00  5.04000000E-01  8.32258973E-01  0.00000000E+00 -7.86392856E-02  1.00000005E-03  4.18336694E-03  3.32062145E-01
 -4.00000000E+00  5.06000000E-01  8.32696174E-01  0.00000000E+00 -7.86374722E-02  1.00000005E-03  4.17807288E-03  3.33290335E-01
 -4.00000000E+00  5.08000000E-01  8.33131870E-01  0.00000000E+00 -7.86356750E-02  1.00000005E-03  4.17277530E-03  3.34518269E-01
 -4.00000000E+00  5.10000000E-01  8.33566070E-01  0.00000000E+00 -7.86338915E-02  1.00000005E-03  4.16747425E-03  3.35745957E-01
 -4.00000000E+00  5.12000000E-01  8.33998788E-01  0.00000000E+00 -7.86321193E-02  1.00000005E-03  4.16216975E-03  3.36973409E-01
 -4.00000000E+00  5.14000000E-01  8.34430033E-01 -4.43913228E-19 -7.86303564E-02  1.00000005E-03  4.15686181E-03  3.38200630E-01
 -4.00000000E+00  5.16000000E-01  8.34859817E-01  0.00000000E+00 -7.86286010E-02  1.00000005E-03  4.15155045E-03  3.39427626E-01
 -4.00000000E+00  5.18000000E-01  8.35288149E-01 -9.22033959E-19 -7.86268517E-02  1.00000005E-03  4.14623569E-03  3.40654397E-01
 -4.00000000E+00  5.20000000E-01  8.35715039E-01  0.00000000E+00 -7.86251071E-02  1.00000005E-03  4.14091755E-03  3.41880945E-01
 -4.00000000E+00  5.22000000E-01  8.36140497E-01 -1.07487771E-18 -7.86233662E-02  1.00000005E-03  4.13559604E-03  3.43107268E-01
 -4.00000000E+00  5.24000000E-01  8.36564532E-01 -9.12402183E-19 -7.86216280E-02  1.00000005E-03  4.13027117E-03  3.44333362E-01
 -4.00000000E+00  5.26000000E-01  8.36987153E-01 -2.76703581E-19 -7.86198919E-02  1.00000005E-03  4.12494295E-03  3.45559226E-01
 -4.00000000E+00  5.28000000E-01  8.37408369E-01 -1.81190427E-18 -7.86181573E-02  1.00000005E-03  4.11961140E-03  3.46784852E-01
 -4.00000000E+00  5.30000000E-01  8.37828189E-01  0.00000000E+00 -7.86164237E-02  1.00000005E-03  4.11427651E-03  3.48010236E-01
 -4.00000000E+00  5.32000000E-01  8.38246620E-01  0.00000000E+00 -7.86146910E-02  1.00000005E-03  4.10893830E-03  3.49235372E-01
 -4.00000000E+00  5.34000000E-01  8.38663672E-01  0.00000000E+00 -7.86129588E-02  1.00000005E-03  4.10359678E-03  3.50460253E-01
 -4.00000000E+00  5.36000000E-01  8.39079351E-01 -4.27316373E-19 -7.86112272E-02  1.00000005E-03  4.09825194E-03  3.51684872E-01
 -4.00000000E+00  5.38000000E-01  8.39493667E-01 -8.90500810E-19 -7.86094961E-02  1.00000005E-03  4.09290381E-03  3.52909220E-01
 -4.00000000E+00  5.40000000E-01  8.39906627E-01  0.00000000E+00 -7.86077657E-02  1.00000005E-03  4.08755237E-03  3.54133292E-01
 -4.00000000E+00  5.42000000E-01  8.40318238E-01  0.00000000E+00 -7.86060360E-02  1.00000005E-03  4.08219764E-03  3.55357079E-01
 -4.00000000E+00  5.44000000E-01  8.40728509E-01  0.00000000E+00 -7.86043075E-02  1.00000005E-03  4.07683962E-03  3.56580574E-01
 -4.00000000E+00  5.46000000E-01  8.41137448E-01 -8.79270656E-19 -7.86025802E-02  1.00000005E-03  4.07147832E-03  3.57803771E-01
 -4.00000000E+00  5.48000000E-01  8.41545061E-01  0.00000000E+00 -7.86008545E-02  1.00000005E-03  4.06611373E-03  3.59026662E-01
 -4.00000000E+00  5.50000000E-01  8.41951357E-01  0.00000000E+00 -7.85991308E-02  1.00000005E-03  4.06074587E-03  3.60249241E-01
 -4.00000000E+00  5.52000000E-01  8.42356343E-01 -2.72846356E-18 -7.85974094E-02  1.00000005E-03  4.05537474E-03  3.61471503E-01
 -4.00000000E+00  5.54000000E-01  8.42760026E-01 -8.69170302E-19 -7.85956907E-02  1.00000005E-03  4.05000033E-03  3.62693441E-01
 -4.00000000E+00  5.56000000E-01  8.43162415E-01  0.00000000E+00 -7.85939751E-02  1.00000005E-03  4.04462267E-03  3.63915053E-01
 -4.00000000E+00  5.58000000E-01  8.43563517E-01  0.00000000E+00 -7.85922629E-02  1.00000005E-03  4.03924174E-03  3.65136333E-01
 -4.00000000E+00  5.60000000E-01  8.43963338E-01 -8.62283100E-19 -7.85905546E-02  1.00000005E-03  4.03385756E-03  3.66357278E-01
 -4.00000000E+00  5.62000000E-01  8.44361888E-01  0.00000000E+00 -7.85888505E-02  1.00000005E-03  4.02847013E-03  3.67577886E-01
 -4.00000000E+00  5.64000000E-01  8.44759173E-01  0.00000000E+00 -7.85871510E-02  1.00000005E-03  4.02307945E-03  3.68798156E-01
 -4.00000000E+00  5.66000000E-01  8.45155200E-01  0.00000000E+00 -7.85854565E-02  1.00000005E-03  4.01768554E-03  3.70018085E-01
 -4.00000000E+00  5.68000000E-01  8.45549979E-01  0.00000000E+00 -7.85837672E-02  1.00000005E-03  4.01228839E-03  3.71237675E-01
 -4.00000000E+00  5.70000000E-01  8.45943516E-01  0.00000000E+00 -7.85820834E-02  1.00000005E-03  4.00688801E-03  3.72456927E-01
 -4.00000000E+00  5.72000000E-01  8.46335819E-01  0.00000000E+00 -7.85804055E-02  1.00000005E-03  4.00148442E-03  3.73675841E-01
 -4.00000000E+00  5.74000000E-01  8.46726896E-01  0.00000000E+00 -7.85787336E-02  1.00000005E-03  3.99607761E-03  3.74894420E-01
 -4.00000000E+00  5.76000000E-01  8.47116755E-01  0.00000000E+00 -7.85770680E-02  1.00000005E-03  3.99066760E-03  3.76112668E-01
 -4.00000000E+00  5.78000000E-01  8.47505403E-01 -8.44340543E-19 -7.85754089E-02  1.00000005E-03  3.98525439E-03  3.77330590E-01
 -4.00000000E+00  5.80000000E-01  8.47892848E-01  0.00000000E+00 -7.85737563E-02  1.00000005E-03  3.97983800E-03  3.78548190E-01
 -4.00000000E+00  5.82000000E-01  8.48279099E-01  0.00000000E+00 -7.85721105E-02  1.00000005E-03  3.97441842E-03  3.79765474E-01
 -4.00000000E+00  5.84000000E-01  8.48664162E-01  0.00000000E+00 -7.85704713E-02  1.00000005E-03  3.96899567E-03  3.80982450E-01
 -4.00000000E+00  5.86000000E-01  8.49048047E-01  0.00000000E+00 -7.85688390E-02  1.00000005E-03  3.96356976E-03  3.82199125E-01
 -4.00000000E+00  5.88000000E-01  8.49430760E-01  0.00000000E+00 -7.85672134E-02  1.00000005E-03  3.95814070E-03  3.83415507E-01
 -4.00000000E+00  5.90000000E-01  8.49812310E-01  0.00000000E+00 -7.85655945E-02  1.00000005E-03  3.95270851E-03  3.84631605E-01
 -4.00000000E+00  5.92000000E-01  8.50192705E-01 -1.44747299E-19 -7.85639822E-02  1.00000005E-03  3.94727318E-03  3.85847431E-01
 -4.00000000E+00  5.94000000E-01  8.50571953E-01  0.00000000E+00 -7.85623764E-02  1.00000005E-03  3.94183474E-03  3.87062993E-01
 -4.00000000E+00  5.96000000E-01  8.50950062E-01  0.00000000E+00 -7.85607770E-02  1.00000005E-03  3.93639319E-03  3.88278304E-01
 -4.00000000E+00  5.98000000E-01  8.51327039E-01  0.00000000E+00 -7.85591837E-02  1.00000005E-03  3.93094854E-03  3.89493376E-01
 -4.00000000E+00  6.00000000E-01  8.51702894E-01  0.00000000E+00 -7.85575963E-02  1.00000005E-03  3.92550082E-03  3.90708220E-01
 -4.00000000E+00  6.02000000E-01  8.52077633E-01  0.00000000E+00 -7.85560146E-02  1.00000005E-03  3.92005003E-03  3.91922850E-01
 -4.00000000E+00  6.04000000E-01  8.52451266E-01  0.00000000E+00 -7.85544382E-02  1.00000005E-03  3.91459618E-03  3.93137279E-01
 -4.00000000E+00  6.06000000E-01  8.52823799E-01  0.00000000E+00 -7.85528669E-02  1.00000005E-03  3.90913929E-03  3.94351521E-01
 -4.00000000E+00  6.08000000E-01  8.53195240E-01  0.00000000E+00 -7.85513003E-02  1.00000005E-03  3.90367938E-03  3.95565591E-01
 -4.00000000E+00  6.10000000E-01  8.53565599E-01  0.00000000E+00 -7.85497380E-02  1.00000005E-03  3.89821645E-03  3.96779502E-01
 -4.00000000E+00  6.12000000E-01  8.53934882E-01  0.00000000E+00 -7.85481797E-02  1.00000005E-03  3.89275051E-03  3.97993270E-01
 -4.00000000E+00  6.14000000E-01  8.54303097E-01  0.00000000E+00 -7.85466250E-02  1.00000005E-03  3.88728160E-03  3.99206910E-01
 -4.00000000E+00  6.16000000E-01  8.54670253E-01  0.00000000E+00 -7.85450734E-02  1.00000005E-03  3.88180970E-03  4.00420437E-01
 -4.00000000E+00  6.18000000E-01  8.55036356E-01  0.00000000E+00 -7.85435246E-02  1.00000005E-03  3.87633486E-03  4.01633866E-01
 -4.00000000E+00  6.20000000E-01  8.55401415E-01  0.00000000E+00 -7.85419780E-02  1.00000005E-03  3.87085706E-03  4.02847213E-01
 -4.00000000E+00  6.22000000E-01  8.55765436E-01  0.00000000E+00 -7.85404332E-02  1.00000005E-03  3.86537634E-03  4.04060493E-01
 -4.00000000E+00  6.24000000E-01  8.56128429E-01  0.00000000E+00 -7.85388899E-02  1.00000005E-03  3.85989270E-03  4.05273721E-01
 -4.00000000E+00  6.26000000E-01  8.56490399E-01  0.00000000E+00 -7.85373475E-02  1.00000005E-03  3.85440616E-03  4.06486913E-01
 -4.00000000E+00  6.28000000E-01  8.56851354E-01  0.00000000E+00 -7.85358056E-02  1.00000005E-03  3.84891674E-03  4.07700084E-01
 -4.00000000E+00  6.30000000E-01  8.57211302E-01  0.00000000E+00 -7.85342637E-02  1.00000005E-03  3.84342444E-03  4.08913248E-01
 -4.00000000E+00  6.32000000E-01  8.57570249E-01  0.00000000E+00 -7.85327215E-02  1.00000005E-03  3.83792928E-03  4.10126420E-01
 -4.00000000E+00  6.34000000E-01  8.57928203E-01  0.00000000E+00 -7.85311786E-02  1.00000005E-03  3.83243128E-03  4.11339614E-01
 -4.00000000E+00  6.36000000E-01  8.58285170E-01  0.00000000E+00 -7.85296344E-02  1.00000005E-03  3.82693044E-03  4.12552845E-01
 -4.00000000E+00  6.38000000E-01  8.58641158E-01  0.00000000E+00 -7.85280887E-02  1.00000005E-03  3.82142679E-03  4.13766125E-01
 -4.00000000E+00  6.40000000E-01  8.58996172E-01  0.00000000E+00 -7.85265410E-02  1.00000005E-03  3.81592033E-03  4.14979468E-01
 -4.00000000E+00  6.42000000E-01  8.59350219E-01  0.00000000E+00 -7.85249911E-02  1.00000005E-03  3.81041108E-03  4.16192886E-01
 -4.00000000E+00  6.44000000E-01  8.59703306E-01  0.00000000E+00 -7.85234386E-02  1.00000005E-03  3.80489905E-03  4.17406392E-01
 -4.00000000E+00  6.46000000E-01  8.60055439E-01  0.00000000E+00 -7.85218833E-02  1.00000005E-03  3.79938425E-03  4.18619996E-01
 -4.00000000E+00  6.48000000E-01  8.60406624E-01  0.00000000E+00 -7.85203248E-02  1.00000005E-03  3.79386670E-03  4.19833709E-01
 -4.00000000E+00  6.50000000E-01  8.60756867E-01  0.00000000E+00 -7.85187630E-02  1.00000005E-03  3.78834640E-03  4.21047543E-01
 -4.00000000E+00  6.52000000E-01  8.61106173E-01  0.00000000E+00 -7.85171977E-02  1.00000005E-03  3.78282337E-03  4.22261506E-01
 -4.00000000E+00  6.54000000E-01  8.61454548E-01  0.00000000E+00 -7.85156287E-02  1.00000005E-03  3.77729761E-03  4.23475607E-01
 -4.00000000E+00  6.56000000E-01  8.61801998E-01  0.00000000E+00 -7.85140560E-02  1.00000005E-03  3.77176914E-03  4.24689854E-01
 -4.00000000E+00  6.58000000E-01  8.62148529E-01  0.00000000E+00 -7.85124794E-02  1.00000005E-03  3.76623798E-03  4.25904255E-01
 -4.00000000E+00  6.60000000E-01  8.62494144E-01  0.00000000E+00 -7.85108990E-02  1.00000005E-03  3.76070411E-03  4.27118817E-01
 -4.00000000E+00  6.62000000E-01  8.62838849E-01  0.00000000E+00 -7.85093148E-02  1.00000005E-03  3.75516757E-03  4.28333545E-01
 -4.00000000E+00  6.64000000E-01  8.63182650E-01 -1.59825837E-18 -7.85077268E-02  1.00000005E-03  3.74962834E-03  4.29548445E-01
 -4.00000000E+00  6.66000000E-01  8.63525550E-01 -2.43193649E-19 -7.85061352E-02  1.00000005E-03  3.74408646E-03  4.30763521E-01
 -4.00000000E+00  6.68000000E-01  8.63867554E-01 -7.29545343E-19 -7.85045401E-02  1.00000005E-03  3.73854191E-03  4.31978777E-01
 -4.00000000E+00  6.70000000E-01  8.64208667E-01  0.00000000E+00 -7.85029417E-02  1.00000005E-03  3.73299471E-03  4.33194217E-01
 -4.00000000E+00  6.72000000E-01  8.64548893E-01 -2.43175434E-19 -7.85013403E-02  1.00000005E-03  3.72744486E-03  4.34409842E-01
 -4.00000000E+00  6.74000000E-01  8.64888235E-01  0.00000000E+00 -7.84997362E-02  1.00000005E-03  3.72189238E-03  4.35625654E-01
 -4.00000000E+00  6.76000000E-01  8.65226698E-01  0.00000000E+00 -7.84981297E-02  1.00000005E-03  3.71633726E-03  4.36841655E-01
 -4.00000000E+00  6.78000000E-01  8.65564286E-01  0.00000000E+00 -7.84965213E-02  1.00000005E-03  3.71077952E-03  4.38057845E-01
 -4.00000000E+00  6.80000000E-01  8.65901003E-01  0.00000000E+00 -7.84949113E-02  1.00000005E-03  3.70521915E-03  4.39274223E-01
 -4.00000000E+00  6.82000000E-01  8.66236851E-01  0.00000000E+00 -7.84933002E-02  1.00000005E-03  3.69965618E-03  4.40490790E-01
 -4.00000000E+00  6.84000000E-01  8.66571835E-01  0.00000000E+00 -7.84916885E-02  1.00000005E-03  3.69409059E-03  4.41707544E-01
 -4.00000000E+00  6.86000000E-01  8.66905957E-01 -7.98996062E-19 -7.84900768E-02  1.00000005E-03  3.68852239E-03  4.42924485E-01
 -4.00000000E+00  6.88000000E-01  8.67239222E-01 -9.37880069E-19 -7.84884657E-02  1.00000005E-03  3.68295159E-03  4.44141609E-01
 -4.00000000E+00  6.90000000E-01  8.67571631E-01 -7.98844826E-19 -7.84868557E-02  1.00000005E-03  3.67737820E-03  4.45358916E-01
 -4.00000000E+00  6.92000000E-01  8.67903189E-01 -3.81997598E-19 -7.84852475E-02  1.00000005E-03  3.67180222E-03  4.46576404E-01
 -4.00000000E+00  6.94000000E-01  8.68233899E-01  0.00000000E+00 -7.84836417E-02  1.00000005E-03  3.66622364E-03  4.47794070E-01
 -4.00000000E+00  6.96000000E-01  8.68563763E-01  0.00000000E+00 -7.84820390E-02  1.00000005E-03  3.66064249E-03  4.49011912E-01
 -4.00000000E+00  6.98000000E-01  8.68892785E-01 -3.81715572E-19 -7.84804401E-02  1.00000005E-03  3.65505876E-03  4.50229929E-01
 -4.00000000E+00  7.00000000E-01  8.69220967E-01 -3.81583902E-19 -7.84788457E-02  1.00000005E-03  3.64947245E-03  4.51448118E-01
 -4.00000000E+00  7.02000000E-01  8.69548313E-01 -3.81433489E-19 -7.84772564E-02  1.00000005E-03  3.64388358E-03  4.52666480E-01
 -4.00000000E+00  7.04000000E-01  8.69874826E-01 -7.97191024E-19 -7.84756729E-02  1.00000005E-03  3.63829214E-03  4.53885014E-01
 -4.00000000E+00  7.06000000E-01  8.70200509E-01  0.00000000E+00 -7.84740960E-02  1.00000005E-03  3.63269815E-03  4.55103719E-01
 -4.00000000E+00  7.08000000E-01  8.70525365E-01 -7.96391215E-19 -7.84725261E-02  1.00000005E-03  3.62710161E-03  4.56322597E-01
 -4.00000000E+00  7.10000000E-01  8.70849398E-01  0.00000000E+00 -7.84709639E-02  1.00000005E-03  3.62150253E-03  4.57541650E-01
 -4.00000000E+00  7.12000000E-01  8.71172610E-01  0.00000000E+00 -7.84694100E-02  1.00000005E-03  3.61590092E-03  4.58760881E-01
 -4.00000000E+00  7.14000000E-01  8.71495006E-01  0.00000000E+00 -7.84678649E-02  1.00000005E-03  3.61029678E-03  4.59980296E-01
 -4.00000000E+00  7.16000000E-01  8.71816590E-01  0.00000000E+00 -7.84663290E-02  1.00000005E-03  3.60469013E-03  4.61199900E-01
 -4.00000000E+00  7.18000000E-01  8.72137365E-01  0.00000000E+00 -7.84648027E-02  1.00000005E-03  3.59908098E-03  4.62419703E-01
 -4.00000000E+00  7.20000000E-01  8.72457336E-01  0.00000000E+00 -7.84632863E-02  1.00000005E-03  3.59346934E-03  4.63639713E-01
 -4.00000000E+00  7.22000000E-01  8.72776507E-01  0.00000000E+00 -7.84617800E-02  1.00000005E-03  3.58785522E-03  4.64859944E-01
 -4.00000000E+00  7.24000000E-01  8.73094884E-01  0.00000000E+00 -7.84602839E-02  1.00000005E-03  3.58223865E-03  4.66080412E-01
 -4.00000000E+00  7.26000000E-01  8.73412471E-01  0.00000000E+00 -7.84587979E-02  1.00000005E-03  3.57661964E-03  4.67301133E-01
 -4.00000000E+00  7.28000000E-01  8.73729274E-01  0.00000000E+00 -7.84573218E-02  1.00000005E-03  3.57099820E-03  4.68522129E-01
 -4.00000000E+00  7.30000000E-01  8.74045299E-01  0.00000000E+00 -7.84558553E-02  1.00000005E-03  3.56537437E-03  4.69743424E-01
 -4.00000000E+00  7.32000000E-01  8.74360552E-01  0.00000000E+00 -7.84543980E-02  1.00000005E-03  3.55974817E-03  4.70965047E-01
 -4.00000000E+00  7.34000000E-01  8.74675041E-01  0.00000000E+00 -7.84529491E-02  1.00000005E-03  3.55411962E-03  4.72187029E-01
 -4.00000000E+00  7.36000000E-01  8.74988774E-01  0.00000000E+00 -7.84515077E-02  1.00000005E-03  3.54848875E-03  4.73409405E-01
 -4.00000000E+00  7.38000000E-01  8.75301757E-01 -3.81445780E-19 -7.84500728E-02  1.00000005E-03  3.54285559E-03  4.74632218E-01
 -4.00000000E+00  7.40000000E-01  8.75614000E-01  0.00000000E+00 -7.84486430E-02  1.00000005E-03  3.53722019E-03  4.75855512E-01
 -4.00000000E+00  7.42000000E-01  8.75925572E-01 -1.60277162E-18 -7.84471503E-02  1.00000005E-03  3.53158276E-03  4.77079769E-01
 -4.00000000E+00  7.44000000E-01  8.76236583E-01 -8.01987286E-19 -7.84454977E-02  1.00000005E-03  3.52594355E-03  4.78305838E-01
 -4.00000000E+00  7.46000000E-01  8.76546918E-01 -8.02629935E-19 -7.84438286E-02  1.00000005E-03  3.52030220E-03  4.79532858E-01
 -4.00000000E+00  7.48000000E-01  8.76856568E-01 -4.88965521E-19 -7.84421470E-02  1.00000005E-03  3.51465868E-03  4.80760755E-01
 -4.00000000E+00  7.50000000E-01  8.77165530E-01  0.00000000E+00 -7.84404562E-02  1.00000005E-03  3.50901300E-03  4.81989463E-01
 -4.00000000E+00  7.52000000E-01  8.77473796E-01  0.00000000E+00 -7.84387592E-02  1.00000005E-03  3.50336514E-03  4.83218925E-01
 -4.00000000E+00  7.54000000E-01  8.77781365E-01  0.00000000E+00 -7.84370587E-02  1.00000005E-03  3.49771509E-03  4.84449090E-01
 -4.00000000E+00  7.56000000E-01  8.78088232E-01  0.00000000E+00 -7.84353567E-02  1.00000005E-03  3.49206285E-03  4.85679913E-01
 -4.00000000E+00  7.58000000E-01  8.78394394E-01  0.00000000E+00 -7.84336554E-02  1.00000005E-03  3.48640842E-03  4.86911356E-01
 -4.00000000E+00  7.60000000E-01  8.78699851E-01  0.00000000E+00 -7.84319563E-02  1.00000005E-03  3.48075180E-03  4.88143388E-01
 -4.00000000E+00  7.62000000E-01  8.79004601E-01 -4.91835761E-19 -7.84302608E-02  1.00000005E-03  3.47509299E-03  4.89375980E-01
 -4.00000000E+00  7.64000000E-01  8.79308643E-01  0.00000000E+00 -7.84285700E-02  1.00000005E-03  3.46943198E-03  4.90609112E-01
 -4.00000000E+00  7.66000000E-01  8.79611977E-01 -8.09212229E-19 -7.84268848E-02  1.00000005E-03  3.46376879E-03  4.91842765E-01
 -4.00000000E+00  7.68000000E-01  8.79914604E-01  0.00000000E+00 -7.84252057E-02  1.00000005E-03  3.45810341E-03  4.93076928E-01
 -4.00000000E+00  7.70000000E-01  8.80216525E-01  0.00000000E+00 -7.84235333E-02  1.00000005E-03  3.45243585E-03  4.94311592E-01
 -4.00000000E+00  7.72000000E-01  8.80517742E-01  0.00000000E+00 -7.84218678E-02  1.00000005E-03  3.44676613E-03  4.95546750E-01
 -4.00000000E+00  7.74000000E-01  8.80818255E-01  0.00000000E+00 -7.84202095E-02  1.00000005E-03  3.44109424E-03  4.96782403E-01
 -4.00000000E+00  7.76000000E-01  8.81118067E-01 -8.11792131E-19 -7.84185581E-02  1.00000005E-03  3.43542020E-03  4.98018550E-01
 -4.00000000E+00  7.78000000E-01  8.81417181E-01  0.00000000E+00 -7.84169137E-02  1.00000005E-03  3.42974401E-03  4.99255198E-01
 -4.00000000E+00  7.80000000E-01  8.81715599E-01  0.00000000E+00 -7.84152759E-02  1.00000005E-03  3.42406569E-03  5.00492351E-01
 -4.00000000E+00  7.82000000E-01  8.82013324E-01  0.00000000E+00 -7.84136445E-02  1.00000005E-03  3.41838524E-03  5.01730020E-01
 -4.00000000E+00  7.84000000E-01  8.82310360E-01  0.00000000E+00 -7.84120189E-02  1.00000005E-03  3.41270268E-03  5.02968217E-01
 -4.00000000E+00  7.86000000E-01  8.82606709E-01 -3.89278916E-19 -7.84103988E-02  1.00000005E-03  3.40701802E-03  5.04206953E-01
 -4.00000000E+00  7.88000000E-01  8.82902376E-01  0.00000000E+00 -7.84087835E-02  1.00000005E-03  3.40133128E-03  5.05446245E-01
 -4.00000000E+00  7.90000000E-01  8.83197365E-01  0.00000000E+00 -7.84071725E-02  1.00000005E-03  3.39564246E-03  5.06686108E-01
 -4.00000000E+00  7.92000000E-01  8.83491679E-01  0.00000000E+00 -7.84055651E-02  1.00000005E-03  3.38995157E-03  5.07926560E-01
 -4.00000000E+00  7.94000000E-01  8.83785321E-01 -1.77304590E-18 -7.84039607E-02  1.00000005E-03  3.38425864E-03  5.09167620E-01
 -4.00000000E+00  7.96000000E-01  8.84078297E-01  0.00000000E+00 -7.84023586E-02  1.00000005E-03  3.37856368E-03  5.10409308E-01
 -4.00000000E+00  7.98000000E-01  8.84370610E-01 -8.16475593E-19 -7.84007581E-02  1.00000005E-03  3.37286669E-03  5.11651643E-01
 -4.00000000E+00  8.00000000E-01  8.84662265E-01  0.00000000E+00 -7.83991586E-02  1.00000005E-03  3.36716770E-03  5.12894647E-01
 -4.00000000E+00  8.02000000E-01  8.84953266E-01  0.00000000E+00 -7.83975593E-02  1.00000005E-03  3.36146673E-03  5.14138341E-01
 -4.00000000E+00  8.04000000E-01  8.85243616E-01  0.00000000E+00 -7.83959596E-02  1.00000005E-03  3.35576377E-03  5.15382746E-01
 -4.00000000E+00  8.06000000E-01  8.85533320E-01 -6.76099801E-19 -7.83943589E-02  1.00000005E-03  3.35005886E-03  5.16627885E-01
 -4.00000000E+00  8.08000000E-01  8.85822383E-01 -7.47769351E-19 -7.83927565E-02  1.00000005E-03  3.34435200E-03  5.17873780E-01
 -4.00000000E+00  8.10000000E-01  8.86110808E-01  0.00000000E+00 -7.83911518E-02  1.00000005E-03  3.33864321E-03  5.19120453E-01
 -4.00000000E+00  8.12000000E-01  8.86398599E-01  0.00000000E+00 -7.83895443E-02  1.00000005E-03  3.33293251E-03  5.20367924E-01
 -4.00000000E+00  8.14000000E-01  8.86685761E-01  0.00000000E+00 -7.83879335E-02  1.00000005E-03  3.32721991E-03  5.21616217E-01
 -4.00000000E+00  8.16000000E-01  8.86972297E-01  0.00000000E+00 -7.83863188E-02  1.00000005E-03  3.32150542E-03  5.22865352E-01
 -4.00000000E+00  8.18000000E-01  8.87258212E-01  0.00000000E+00 -7.83846998E-02  1.00000005E-03  3.31578906E-03  5.24115350E-01
 -4.00000000E+00  8.20000000E-01  8.87543509E-01  0.00000000E+00 -7.83830762E-02  1.00000005E-03  3.31007084E-03  5.25366232E-01
 -4.00000000E+00  8.22000000E-01  8.87828192E-01  0.00000000E+00 -7.83814475E-02  1.00000005E-03  3.30435079E-03  5.26618017E-01
 -4.00000000E+00  8.24000000E-01  8.88112265E-01  0.00000000E+00 -7.83798134E-02  1.00000005E-03  3.29862891E-03  5.27870726E-01
 -4.00000000E+00  8.26000000E-01  8.88395731E-01  0.00000000E+00 -7.83781737E-02  1.00000005E-03  3.29290522E-03  5.29124377E-01
 -4.00000000E+00  8.28000000E-01  8.88678593E-01  0.00000000E+00 -7.83765281E-02  1.00000005E-03  3.28717973E-03  5.30378988E-01
 -4.00000000E+00  8.30000000E-01  8.88960855E-01 -8.27068791E-19 -7.83748765E-02  1.00000005E-03  3.28145246E-03  5.31634578E-01
 -4.00000000E+00  8.32000000E-01  8.89242520E-01  0.00000000E+00 -7.83732187E-02  1.00000005E-03  3.27572342E-03  5.32891163E-01
 -4.00000000E+00  8.34000000E-01  8.89523592E-01  0.00000000E+00 -7.83715547E-02  1.00000005E-03  3.26999263E-03  5.34148759E-01
 -4.00000000E+00  8.36000000E-01  8.89804072E-01  0.00000000E+00 -7.83698844E-02  1.00000005E-03  3.26426009E-03  5.35407382E-01
 -4.00000000E+00  8.38000000E-01  8.90083965E-01  0.00000000E+00 -7.83682078E-02  1.00000005E-03  3.25852583E-03  5.36667047E-01
 -4.00000000E+00  8.40000000E-01  8.90363273E-01  0.00000000E+00 -7.83665249E-02  1.00000005E-03  3.25278986E-03  5.37927767E-01
 -4.00000000E+00  8.42000000E-01  8.90641998E-01  0.00000000E+00 -7.83648359E-02  1.00000005E-03  3.24705219E-03  5.39189558E-01
 -4.00000000E+00  8.44000000E-01  8.90920143E-01  0.00000000E+00 -7.83631409E-02  1.00000005E-03  3.24131283E-03  5.40452430E-01
 -4.00000000E+00  8.46000000E-01  8.91197710E-01  0.00000000E+00 -7.83614400E-02  1.00000005E-03  3.23557179E-03  5.41716397E-01
 -4.00000000E+00  8.48000000E-01  8.91474703E-01  0.00000000E+00 -7.83597334E-02  1.00000005E-03  3.22982910E-03  5.42981469E-01
 -4.00000000E+00  8.50000000E-01  8.91751122E-01  0.00000000E+00 -7.83580213E-02  1.00000005E-03  3.22408475E-03  5.44247657E-01
 -4.00000000E+00  8.52000000E-01  8.92026970E-01  0.00000000E+00 -7.83563040E-02  1.00000005E-03  3.21833877E-03  5.45514972E-01
 -4.00000000E+00  8.54000000E-01  8.92302250E-01  0.00000000E+00 -7.83545817E-02  1.00000005E-03  3.21259117E-03  5.46783423E-01
 -4.00000000E+00  8.56000000E-01  8.92576963E-01  0.00000000E+00 -7.83528548E-02  1.00000005E-03  3.20684196E-03  5.48053019E-01
 -4.00000000E+00  8.58000000E-01  8.92851110E-01  0.00000000E+00 -7.83511235E-02  1.00000005E-03  3.20109114E-03  5.49323769E-01
 -4.00000000E+00  8.60000000E-01  8.93124694E-01 -8.43310892E-19 -7.83493882E-02  1.00000005E-03  3.19533875E-03  5.50595680E-01
 -4.00000000E+00  8.62000000E-01  8.93397717E-01  0.00000000E+00 -7.83476492E-02  1.00000005E-03  3.18958477E-03  5.51868759E-01
 -4.00000000E+00  8.64000000E-01  8.93670179E-01  0.00000000E+00 -7.83459068E-02  1.00000005E-03  3.18382923E-03  5.53143015E-01
 -4.00000000E+00  8.66000000E-01  8.93942083E-01  0.00000000E+00 -7.83441614E-02  1.00000005E-03  3.17807215E-03  5.54418453E-01
 -4.00000000E+00  8.68000000E-01  8.94213430E-01  0.00000000E+00 -7.83424134E-02  1.00000005E-03  3.17231352E-03  5.55695081E-01
 -4.00000000E+00  8.70000000E-01  8.94484221E-01  0.00000000E+00 -7.83406630E-02  1.00000005E-03  3.16655336E-03  5.56972903E-01
 -4.00000000E+00  8.72000000E-01  8.94754457E-01  0.00000000E+00 -7.83389106E-02  1.00000005E-03  3.16079169E-03  5.58251927E-01
 -4.00000000E+00  8.74000000E-01  8.95024141E-01  0.00000000E+00 -7.83371566E-02  1.00000005E-03  3.15502852E-03  5.59532159E-01
 -4.00000000E+00  8.76000000E-01  8.95293273E-01  0.00000000E+00 -7.83354012E-02  1.00000005E-03  3.14926385E-03  5.60813603E-01
 -4.00000000E+00  8.78000000E-01  8.95561855E-01  0.00000000E+00 -7.83336447E-02  1.00000005E-03  3.14349770E-03  5.62096265E-01
 -4.00000000E+00  8.80000000E-01  8.95829888E-01  0.00000000E+00 -7.83318876E-02  1.00000005E-03  3.13773007E-03  5.63380152E-01
 -4.00000000E+00  8.82000000E-01  8.96097373E-01  0.00000000E+00 -7.83301299E-02  1.00000005E-03  3.13196100E-03  5.64665268E-01
 -4.00000000E+00  8.84000000E-01  8.96364311E-01  0.00000000E+00 -7.83283719E-02  1.00000005E-03  3.12619047E-03  5.65951621E-01
 -4.00000000E+00  8.86000000E-01  8.96630704E-01  0.00000000E+00 -7.83266139E-02  1.00000005E-03  3.12041851E-03  5.67239215E-01
 -4.00000000E+00  8.88000000E-01  8.96896552E-01 -8.58736121E-19 -7.83248560E-02  1.00000005E-03  3.11464512E-03  5.68528057E-01
 -4.00000000E+00  8.90000000E-01  8.97161858E-01  0.00000000E+00 -7.83230983E-02  1.00000005E-03  3.10887033E-03  5.69818154E-01
 -4.00000000E+00  8.92000000E-01  8.97426622E-01  0.00000000E+00 -7.83213411E-02  1.00000005E-03  3.10309413E-03  5.71109513E-01
 -4.00000000E+00  8.94000000E-01  8.97690845E-01  0.00000000E+00 -7.83195843E-02  1.00000005E-03  3.09731655E-03  5.72402140E-01
 -4.00000000E+00  8.96000000E-01  8.97954530E-01  0.00000000E+00 -7.83178280E-02  1.00000005E-03  3.09153759E-03  5.73696044E-01
 -4.00000000E+00  8.98000000E-01  8.98217677E-01  0.00000000E+00 -7.83160722E-02  1.00000005E-03  3.08575727E-03  5.74991232E-01
 -4.00000000E+00  9.00000000E-01  8.98480287E-01  0.00000000E+00 -7.83143169E-02  1.00000005E-03  3.07997560E-03  5.76287714E-01
 -4.00000000E+00  9.02000000E-01  8.98742363E-01  0.00000000E+00 -7.83125621E-02  1.00000005E-03  3.07419259E-03  5.77585499E-01
 -4.00000000E+00  9.04000000E-01  8.99003906E-01  0.00000000E+00 -7.83108075E-02  1.00000005E-03  3.06840826E-03  5.78884597E-01
 -4.00000000E+00  9.06000000E-01  8.99264917E-01  0.00000000E+00 -7.83090531E-02  1.00000005E-03  3.06262261E-03  5.80185018E-01
 -4.00000000E+00  9.08000000E-01  8.99525398E-01  0.00000000E+00 -7.83072986E-02  1.00000005E-03  3.05683566E-03  5.81486774E-01
 -4.00000000E+00  9.10000000E-01  8.99785351E-01 -8.30800379E-19 -7.83055439E-02  1.00000005E-03  3.05104743E-03  5.82789877E-01
 -4.00000000E+00  9.12000000E-01  9.00044778E-01  0.00000000E+00 -7.83037887E-02  1.00000005E-03  3.04525792E-03  5.84094340E-01
 -4.00000000E+00  9.14000000E-01  9.00303680E-01 -7.18888623E-19 -7.83020326E-02  1.00000005E-03  3.03946716E-03  5.85400176E-01
 -4.00000000E+00  9.16000000E-01  9.00562059E-01  0.00000000E+00 -7.83002755E-02  1.00000005E-03  3.03367515E-03  5.86707400E-01
 -4.00000000E+00  9.18000000E-01  9.00819918E-01  0.00000000E+00 -7.82985169E-02  1.00000005E-03  3.02788191E-03  5.88016028E-01
 -4.00000000E+00  9.20000000E-01  9.01077259E-01 -1.36609119E-18 -7.82967564E-02  1.00000005E-03  3.02208746E-03  5.89326076E-01
 -4.00000000E+00  9.22000000E-01  9.01334084E-01  0.00000000E+00 -7.82949937E-02  1.00000005E-03  3.01629180E-03  5.90637560E-01
 -4.00000000E+00  9.24000000E-01  9.01590394E-01  0.00000000E+00 -7.82932283E-02  1.00000005E-03  3.01049496E-03  5.91950499E-01
 -4.00000000E+00  9.26000000E-01  9.01846194E-01  0.00000000E+00 -7.82914599E-02  1.00000005E-03  3.00469694E-03  5.93264912E-01
 -4.00000000E+00  9.28000000E-01  9.02101484E-01  0.00000000E+00 -7.82896879E-02  1.00000005E-03  2.99889777E-03  5.94580819E-01
 -4.00000000E+00  9.30000000E-01  9.02356269E-01  0.00000000E+00 -7.82879120E-02  1.00000005E-03  2.99309746E-03  5.95898240E-01
 -4.00000000E+00  9.32000000E-01  9.02610549E-01 -1.75677547E-18 -7.82861318E-02  1.00000005E-03  2.98729602E-03  5.97217198E-01
 -4.00000000E+00  9.34000000E-01  9.02864329E-01  0.00000000E+00 -7.82843468E-02  1.00000005E-03  2.98149348E-03  5.98537714E-01
 -4.00000000E+00  9.36000000E-01  9.03117611E-01 -4.21116617E-19 -7.82825567E-02  1.00000005E-03  2.97568984E-03  5.99859812E-01
 -4.00000000E+00  9.38000000E-01  9.03370397E-01  0.00000000E+00 -7.82807611E-02  1.00000005E-03  2.96988513E-03  6.01183516E-01
 -4.00000000E+00  9.40000000E-01  9.03622692E-01  0.00000000E+00 -7.82789597E-02  1.00000005E-03  2.96407936E-03  6.02508851E-01
 -4.00000000E+00  9.42000000E-01  9.03874497E-01  0.00000000E+00 -7.82771522E-02  1.00000005E-03  2.95827254E-03  6.03835843E-01
 -4.00000000E+00  9.44000000E-01  9.04125817E-01  0.00000000E+00 -7.82753385E-02  1.00000005E-03  2.95246470E-03  6.05164518E-01
 -4.00000000E+00  9.46000000E-01  9.04376653E-01  0.00000000E+00 -7.82735185E-02  1.00000005E-03  2.94665585E-03  6.06494903E-01
 -4.00000000E+00  9.48000000E-01  9.04627010E-01 -8.88007063E-19 -7.82716921E-02  1.00000005E-03  2.94084601E-03  6.07827025E-01
 -4.00000000E+00  9.50000000E-01  9.04876891E-01 -8.89430787E-19 -7.82698593E-02  1.00000005E-03  2.93503519E-03  6.09160913E-01
 -4.00000000E+00  9.52000000E-01  9.05126298E-01 -4.64819394E-19 -7.82680204E-02  1.00000005E-03  2.92922342E-03  6.10496595E-01
 -4.00000000E+00  9.54000000E-01  9.05375235E-01  0.00000000E+00 -7.82661757E-02  1.00000005E-03  2.92341071E-03  6.11834100E-01
 -4.00000000E+00  9.56000000E-01  9.05623706E-01  0.00000000E+00 -7.82643256E-02  1.00000005E-03  2.91759708E-03  6.13173457E-01
 -4.00000000E+00  9.58000000E-01  9.05871714E-01 -2.72571277E-19 -7.82624708E-02  1.00000005E-03  2.91178255E-03  6.14514695E-01
 -4.00000000E+00  9.60000000E-01  9.06119261E-01  0.00000000E+00 -7.82606121E-02  1.00000005E-03  2.90596713E-03  6.15857842E-01
 -4.00000000E+00  9.62000000E-01  9.06366351E-01  0.00000000E+00 -7.82587504E-02  1.00000005E-03  2.90015084E-03  6.17202929E-01
 -4.00000000E+00  9.64000000E-01  9.06612987E-01 -1.01803900E-18 -7.82568870E-02  1.00000005E-03  2.89433371E-03  6.18549984E-01
 -4.00000000E+00  9.66000000E-01  9.06859173E-01  0.00000000E+00 -7.82550233E-02  1.00000005E-03  2.88851573E-03  6.19899035E-01
 -4.00000000E+00  9.68000000E-01  9.07104910E-01 -4.32321687E-19 -7.82531611E-02  1.00000005E-03  2.88269695E-03  6.21250110E-01
 -4.00000000E+00  9.70000000E-01  9.07350203E-01  0.00000000E+00 -7.82513024E-02  1.00000005E-03  2.87687736E-03  6.22603237E-01
 -4.00000000E+00  9.72000000E-01  9.07595053E-01  0.00000000E+00 -7.82494494E-02  1.00000005E-03  2.87105699E-03  6.23958441E-01
 -4.00000000E+00  9.74000000E-01  9.07839463E-01 -9.08815760E-19 -7.82476048E-02  1.00000005E-03  2.86523586E-03  6.25315748E-01
 -4.00000000E+00  9.76000000E-01  9.08083435E-01  0.00000000E+00 -7.82457716E-02  1.00000005E-03  2.85941398E-03  6.26675182E-01
 -4.00000000E+00  9.78000000E-01  9.08326971E-01  0.00000000E+00 -7.82439532E-02  1.00000005E-03  2.85359136E-03  6.28036765E-01
 -4.00000000E+00  9.80000000E-01  9.08570074E-01  0.00000000E+00 -7.82421533E-02  1.00000005E-03  2.84776803E-03  6.29400518E-01
 -4.00000000E+00  9.82000000E-01  9.08812745E-01 -9.14122853E-19 -7.82403762E-02  1.00000005E-03  2.84194399E-03  6.30766461E-01
 -4.00000000E+00  9.84000000E-01  9.09055076E-01 -3.97884161E-20 -7.82382844E-02  1.00000005E-03  2.83611928E-03  6.32135311E-01
 -4.00000000E+00  9.86000000E-01  9.09296942E-01  0.00000000E+00 -7.82360576E-02  1.00000005E-03  2.83029373E-03  6.33506040E-01
 -4.00000000E+00  9.88000000E-01  9.09538273E-01 -1.03650884E-18 -7.82339053E-02  1.00000005E-03  2.82446731E-03  6.34878117E-01
 -4.00000000E+00  9.90000000E-01  9.09779078E-01  0.00000000E+00 -7.82318173E-02  1.00000005E-03  2.81864005E-03  6.36251623E-01
 -4.00000000E+00  9.92000000E-01  9.10019366E-01  0.00000000E+00 -7.82297841E-02  1.00000005E-03  2.81281199E-03  6.37626637E-01
 -4.00000000E+00  9.94000000E-01  9.10259147E-01 -9.19123904E-19 -7.82277972E-02  1.00000005E-03  2.80698316E-03  6.39003231E-01
 -4.00000000E+00  9.96000000E-01  9.10498428E-01 -1.83961104E-18 -7.82258489E-02  1.00000005E-03  2.80115359E-03  6.40381477E-01
 -4.00000000E+00  9.98000000E-01  9.10737216E-01 -1.36071152E-18 -7.82239321E-02  1.00000005E-03  2.79532330E-03  6.41761441E-01
 -4.00000000E+00  1.00000000E+00  9.10975520E-01  0.00000000E+00 -7.82220406E-02  1.00000005E-03  2.78949233E-03  6.43143187E-01
 -4.00000000E+00  1.00200000E+00  9.11213345E-01  0.00000000E+00 -7.82201688E-02  1.00000005E-03  2.78366070E-03  6.44526777E-01
 -4.00000000E+00  1.00400000E+00  9.11450699E-01  0.00000000E+00 -7.82183116E-02  1.00000005E-03  2.77782844E-03  6.45912266E-01
 -4.00000000E+00  1.00600000E+00  9.11687586E-01 -1.12404443E-18 -7.82164646E-02  1.00000005E-03  2.77199558E-03  6.47299711E-01
 -4.00000000E+00  1.00800000E+00  9.11924014E-01  0.00000000E+00 -7.82146240E-02  1.00000005E-03  2.76616213E-03  6.48689162E-01
 -4.00000000E+00  1.01000000E+00  9.12159987E-01  0.00000000E+00 -7.82127862E-02  1.00000005E-03  2.76032812E-03  6.50080670E-01
 -4.00000000E+00  1.01200000E+00  9.12395510E-01  0.00000000E+00 -7.82109484E-02  1.00000005E-03  2.75449357E-03  6.51474280E-01
 -4.00000000E+00  1.01400000E+00  9.12630587E-01  0.00000000E+00 -7.82091080E-02  1.00000005E-03  2.74865850E-03  6.52870037E-01
 -4.00000000E+00  1.01600000E+00  9.12865224E-01  0.00000000E+00 -7.82072630E-02  1.00000005E-03  2.74282294E-03  6.54267984E-01
 -4.00000000E+00  1.01800000E+00  9.13099424E-01  0.00000000E+00 -7.82054114E-02  1.00000005E-03  2.73698691E-03  6.55668159E-01
 -4.00000000E+00  1.02000000E+00  9.13333191E-01 -9.29719143E-19 -7.82035518E-02  1.00000005E-03  2.73115042E-03  6.57070601E-01
 -4.00000000E+00  1.02200000E+00  9.13566528E-01  0.00000000E+00 -7.82016831E-02  1.00000005E-03  2.72531349E-03  6.58475346E-01
 -4.00000000E+00  1.02400000E+00  9.13799438E-01 -4.45727602E-19 -7.81998044E-02  1.00000005E-03  2.71947614E-03  6.59882428E-01
 -4.00000000E+00  1.02600000E+00  9.14031926E-01  0.00000000E+00 -7.81979150E-02  1.00000005E-03  2.71363840E-03  6.61291880E-01
 -4.00000000E+00  1.02800000E+00  9.14263993E-01 -9.34420281E-19 -7.81960145E-02  1.00000005E-03  2.70780028E-03  6.62703731E-01
 -4.00000000E+00  1.03000000E+00  9.14495642E-01 -1.38322142E-18 -7.81941026E-02  1.00000005E-03  2.70196179E-03  6.64118012E-01
 -4.00000000E+00  1.03200000E+00  9.14726876E-01  0.00000000E+00 -7.81921792E-02  1.00000005E-03  2.69612296E-03  6.65534750E-01
 -4.00000000E+00  1.03400000E+00  9.14957696E-01 -9.38406171E-19 -7.81902445E-02  1.00000005E-03  2.69028380E-03  6.66953972E-01
 -4.00000000E+00  1.03600000E+00  9.15188106E-01 -2.04306544E-19 -7.81882986E-02  1.00000005E-03  2.68444433E-03  6.68375702E-01
 -4.00000000E+00  1.03800000E+00  9.15418106E-01  0.00000000E+00 -7.81863418E-02  1.00000005E-03  2.67860456E-03  6.69799966E-01
 -4.00000000E+00  1.04000000E+00  9.15647698E-01  0.00000000E+00 -7.81843745E-02  1.00000005E-03  2.67276453E-03  6.71226786E-01
 -4.00000000E+00  1.04200000E+00  9.15876885E-01  0.00000000E+00 -7.81823972E-02  1.00000005E-03  2.66692423E-03  6.72656184E-01
 -4.00000000E+00  1.04400000E+00  9.16105667E-01 -9.45724011E-19 -7.81804104E-02  1.00000005E-03  2.66108368E-03  6.74088182E-01
 -4.00000000E+00  1.04600000E+00  9.16334046E-01 -7.00149592E-19 -7.81784148E-02  1.00000005E-03  2.65524292E-03  6.75522799E-01
 -4.00000000E+00  1.04800000E+00  9.16562023E-01  0.00000000E+00 -7.81764109E-02  1.00000005E-03  2.64940194E-03  6.76960055E-01
 -4.00000000E+00  1.05000000E+00  9.16789599E-01  0.00000000E+00 -7.81743994E-02  1.00000005E-03  2.64356077E-03  6.78399970E-01
 -4.00000000E+00  1.05200000E+00  9.17016776E-01  0.00000000E+00 -7.81723809E-02  1.00000005E-03  2.63771942E-03  6.79842561E-01
 -4.00000000E+00  1.05400000E+00  9.17243554E-01 -1.11938364E-18 -7.81703562E-02  1.00000005E-03  2.63187791E-03  6.81287847E-01
 -4.00000000E+00  1.05600000E+00  9.17469935E-01  0.00000000E+00 -7.81683258E-02  1.00000005E-03  2.62603626E-03  6.82735844E-01
 -4.00000000E+00  1.05800000E+00  9.17695918E-01 -8.73539436E-19 -7.81662905E-02  1.00000005E-03  2.62019448E-03  6.84186569E-01
 -4.00000000E+00  1.06000000E+00  9.17921506E-01  0.00000000E+00 -7.81642507E-02  1.00000005E-03  2.61435259E-03  6.85640039E-01
 -4.00000000E+00  1.06200000E+00  9.18146698E-01 -9.59915613E-19 -7.81622072E-02  1.00000005E-03  2.60851061E-03  6.87096271E-01
 -4.00000000E+00  1.06400000E+00  9.18371495E-01  0.00000000E+00 -7.81601604E-02  1.00000005E-03  2.60266855E-03  6.88555279E-01
 -4.00000000E+00  1.06600000E+00  9.18595898E-01  0.00000000E+00 -7.81581109E-02  1.00000005E-03  2.59682643E-03  6.90017081E-01
 -4.00000000E+00  1.06800000E+00  9.18819907E-01  0.00000000E+00 -7.81560592E-02  1.00000005E-03  2.59098427E-03  6.91481690E-01
 -4.00000000E+00  1.07000000E+00  9.19043524E-01 -9.66196581E-19 -7.81540056E-02  1.00000005E-03  2.58514208E-03  6.92949124E-01
 -4.00000000E+00  1.07200000E+00  9.19266748E-01 -1.93547661E-18 -7.81519506E-02  1.00000005E-03  2.57929988E-03  6.94419397E-01
 -4.00000000E+00  1.07400000E+00  9.19489580E-01  0.00000000E+00 -7.81498946E-02  1.00000005E-03  2.57345769E-03  6.95892526E-01
 -4.00000000E+00  1.07600000E+00  9.19712020E-01  0.00000000E+00 -7.81478377E-02  1.00000005E-03  2.56761552E-03  6.97368524E-01
 -4.00000000E+00  1.07800000E+00  9.19934070E-01  0.00000000E+00 -7.81457802E-02  1.00000005E-03  2.56177340E-03  6.98847409E-01
 -4.00000000E+00  1.08000000E+00  9.20155729E-01  0.00000000E+00 -7.81437223E-02  1.00000005E-03  2.55593133E-03  7.00329195E-01
 -4.00000000E+00  1.08200000E+00  9.20376999E-01  0.00000000E+00 -7.81416641E-02  1.00000005E-03  2.55008934E-03  7.01813899E-01
 -4.00000000E+00  1.08400000E+00  9.20597879E-01  0.00000000E+00 -7.81396057E-02  1.00000005E-03  2.54424744E-03  7.03301536E-01
 -4.00000000E+00  1.08600000E+00  9.20818370E-01  0.00000000E+00 -7.81375471E-02  1.00000005E-03  2.53840566E-03  7.04792122E-01
 -4.00000000E+00  1.08800000E+00  9.21038473E-01  0.00000000E+00 -7.81354884E-02  1.00000005E-03  2.53256400E-03  7.06285675E-01
 -4.00000000E+00  1.09000000E+00  9.21258188E-01  0.00000000E+00 -7.81334293E-02  1.00000005E-03  2.52672249E-03  7.07782210E-01
 -4.00000000E+00  1.09200000E+00  9.21477515E-01  0.00000000E+00 -7.81313698E-02  1.00000005E-03  2.52088114E-03  7.09281745E-01
 -4.00000000E+00  1.09400000E+00  9.21696456E-01  0.00000000E+00 -7.81293099E-02  1.00000005E-03  2.51503997E-03  7.10784297E-01
 -4.00000000E+00  1.09600000E+00  9.21915011E-01  0.00000000E+00 -7.81272492E-02  1.00000005E-03  2.50919900E-03  7.12289882E-01
 -4.00000000E+00  1.09800000E+00  9.22133180E-01  0.00000000E+00 -7.81251875E-02  1.00000005E-03  2.50335825E-03  7.13798520E-01
 -4.00000000E+00  1.10000000E+00  9.22350964E-01  0.00000000E+00 -7.81231247E-02  1.00000005E-03  2.49751773E-03  7.15310228E-01
 -4.00000000E+00  1.10200000E+00  9.22568364E-01  0.00000000E+00 -7.81210604E-02  1.00000005E-03  2.49167746E-03  7.16825025E-01
 -4.00000000E+00  1.10400000E+00  9.22785380E-01  0.00000000E+00 -7.81189943E-02  1.00000005E-03  2.48583747E-03  7.18342929E-01
 -4.00000000E+00  1.10600000E+00  9.23002014E-01  0.00000000E+00 -7.81169261E-02  1.00000005E-03  2.47999776E-03  7.19863960E-01
 -4.00000000E+00  1.10800000E+00  9.23218265E-01  0.00000000E+00 -7.81148556E-02  1.00000005E-03  2.47415835E-03  7.21388138E-01
 -4.00000000E+00  1.11000000E+00  9.23434135E-01  0.00000000E+00 -7.81127823E-02  1.00000005E-03  2.46831927E-03  7.22915482E-01
 -4.00000000E+00  1.11200000E+00  9.23649624E-01  0.00000000E+00 -7.81107058E-02  1.00000005E-03  2.46248052E-03  7.24446013E-01
 -4.00000000E+00  1.11400000E+00  9.23864733E-01  0.00000000E+00 -7.81086260E-02  1.00000005E-03  2.45664214E-03  7.25979752E-01
 -4.00000000E+00  1.11600000E+00  9.24079464E-01  0.00000000E+00 -7.81065423E-02  1.00000005E-03  2.45080413E-03  7.27516719E-01
 -4.00000000E+00  1.11800000E+00  9.24293816E-01  0.00000000E+00 -7.81044546E-02  1.00000005E-03  2.44496652E-03  7.29056937E-01
 -4.00000000E+00  1.12000000E+00  9.24507791E-01  0.00000000E+00 -7.81023624E-02  1.00000005E-03  2.43912931E-03  7.30600426E-01
 -4.00000000E+00  1.12200000E+00  9.24721390E-01  0.00000000E+00 -7.81002654E-02  1.00000005E-03  2.43329254E-03  7.32147210E-01
 -4.00000000E+00  1.12400000E+00  9.24934614E-01  0.00000000E+00 -7.80981634E-02  1.00000005E-03  2.42745621E-03  7.33697311E-01
 -4.00000000E+00  1.12600000E+00  9.25147463E-01 -1.00375847E-18 -7.80960562E-02  1.00000005E-03  2.42162035E-03  7.35250751E-01
 -4.00000000E+00  1.12800000E+00  9.25359938E-01  0.00000000E+00 -7.80939434E-02  1.00000005E-03  2.41578497E-03  7.36807554E-01
 -4.00000000E+00  1.13000000E+00  9.25572041E-01  0.00000000E+00 -7.80918249E-02  1.00000005E-03  2.40995009E-03  7.38367744E-01
 -4.00000000E+00  1.13200000E+00  9.25783773E-01  0.00000000E+00 -7.80897005E-02  1.00000005E-03  2.40411573E-03  7.39931343E-01
 -4.00000000E+00  1.13400000E+00  9.25995134E-01 -1.00877667E-18 -7.80875701E-02  1.00000005E-03  2.39828190E-03  7.41498378E-01
 -4.00000000E+00  1.13600000E+00  9.26206126E-01 -1.01005349E-18 -7.80854335E-02  1.00000005E-03  2.39244863E-03  7.43068870E-01
 -4.00000000E+00  1.13800000E+00  9.26416749E-01  0.00000000E+00 -7.80832908E-02  1.00000005E-03  2.38661593E-03  7.44642846E-01
 -4.00000000E+00  1.14000000E+00  9.26627005E-01  0.00000000E+00 -7.80811419E-02  1.00000005E-03  2.38078382E-03  7.46220330E-01
 -4.00000000E+00  1.14200000E+00  9.26836894E-01  0.00000000E+00 -7.80789868E-02  1.00000005E-03  2.37495231E-03  7.47801347E-01
 -4.00000000E+00  1.14400000E+00  9.27046418E-01  0.00000000E+00 -7.80768256E-02  1.00000005E-03  2.36912144E-03  7.49385922E-01
 -4.00000000E+00  1.14600000E+00  9.27255578E-01  0.00000000E+00 -7.80746585E-02  1.00000005E-03  2.36329120E-03  7.50974080E-01
 -4.00000000E+00  1.14800000E+00  9.27464374E-01  0.00000000E+00 -7.80724856E-02  1.00000005E-03  2.35746162E-03  7.52565846E-01
 -4.00000000E+00  1.15000000E+00  9.27672808E-01  0.00000000E+00 -7.80703070E-02  1.00000005E-03  2.35163273E-03  7.54161246E-01
 -4.00000000E+00  1.15200000E+00  9.27880881E-01  0.00000000E+00 -7.80681231E-02  1.00000005E-03  2.34580453E-03  7.55760306E-01
 -4.00000000E+00  1.15400000E+00  9.28088593E-01  0.00000000E+00 -7.80659341E-02  1.00000005E-03  2.33997705E-03  7.57363050E-01
 -4.00000000E+00  1.15600000E+00  9.28295946E-01  0.00000000E+00 -7.80637404E-02  1.00000005E-03  2.33415030E-03  7.58969504E-01
 -4.00000000E+00  1.15800000E+00  9.28502940E-01  0.00000000E+00 -7.80615422E-02  1.00000005E-03  2.32832431E-03  7.60579693E-01
 -4.00000000E+00  1.16000000E+00  9.28709576E-01  0.00000000E+00 -7.80593400E-02  1.00000005E-03  2.32249909E-03  7.62193642E-01
 -4.00000000E+00  1.16200000E+00  9.28915855E-01 -1.02769736E-18 -7.80571341E-02  1.00000005E-03  2.31667467E-03  7.63811377E-01
 -4.00000000E+00  1.16400000E+00  9.29121778E-01  0.00000000E+00 -7.80549250E-02  1.00000005E-03  2.31085105E-03  7.65432921E-01
 -4.00000000E+00  1.16600000E+00  9.29327345E-01  0.00000000E+00 -7.80527131E-02  1.00000005E-03  2.30502827E-03  7.67058300E-01
 -4.00000000E+00  1.16800000E+00  9.29532558E-01 -3.14076637E-19 -7.80504987E-02  1.00000005E-03  2.29920634E-03  7.68687538E-01
 -4.00000000E+00  1.17000000E+00  9.29737416E-01  0.00000000E+00 -7.80482824E-02  1.00000005E-03  2.29338528E-03  7.70320658E-01
 -4.00000000E+00  1.17200000E+00  9.29941920E-01  0.00000000E+00 -7.80460645E-02  1.00000005E-03  2.28756512E-03  7.71957685E-01
 -4.00000000E+00  1.17400000E+00  9.30146071E-01 -4.50527795E-20 -7.80438454E-02  1.00000005E-03  2.28174587E-03  7.73598640E-01
 -4.00000000E+00  1.17600000E+00  9.30349869E-01  0.00000000E+00 -7.80416253E-02  1.00000005E-03  2.27592756E-03  7.75243546E-01
 -4.00000000E+00  1.17800000E+00  9.30553314E-01 -1.03899694E-18 -7.80394047E-02  1.00000005E-03  2.27011022E-03  7.76892426E-01
 -4.00000000E+00  1.18000000E+00  9.30756406E-01 -1.04036413E-18 -7.80371837E-02  1.00000005E-03  2.26429385E-03  7.78545301E-01
 -4.00000000E+00  1.18200000E+00  9.30959146E-01 -1.04171043E-18 -7.80349624E-02  1.00000005E-03  2.25847850E-03  7.80202192E-01
 -4.00000000E+00  1.18400000E+00  9.31161533E-01 -1.04303218E-18 -7.80327409E-02  1.00000005E-03  2.25266418E-03  7.81863118E-01
 -4.00000000E+00  1.18600000E+00  9.31363567E-01 -1.04432560E-18 -7.80305190E-02  1.00000005E-03  2.24685091E-03  7.83528098E-01
 -4.00000000E+00  1.18800000E+00  9.31565248E-01 -1.04558682E-18 -7.80282967E-02  1.00000005E-03  2.24103873E-03  7.85197152E-01
 -4.00000000E+00  1.19000000E+00  9.31766575E-01  0.00000000E+00 -7.80260735E-02  1.00000005E-03  2.23522767E-03  7.86870297E-01
 -4.00000000E+00  1.19200000E+00  9.31967548E-01  0.00000000E+00 -7.80238490E-02  1.00000005E-03  2.22941775E-03  7.88547549E-01
 -4.00000000E+00  1.19400000E+00  9.32168167E-01  0.00000000E+00 -7.80216223E-02  1.00000005E-03  2.22360899E-03  7.90228924E-01
 -4.00000000E+00  1.19600000E+00  9.32368430E-01  0.00000000E+00 -7.80193926E-02  1.00000005E-03  2.21780144E-03  7.91914436E-01
 -4.00000000E+00  1.19800000E+00  9.32568336E-01  0.00000000E+00 -7.80171587E-02  1.00000005E-03  2.21199513E-03  7.93604099E-01
 -4.00000000E+00  1.20000000E+00  9.32767884E-01  0.00000000E+00 -7.80149191E-02  1.00000005E-03  2.20619008E-03  7.95297925E-01
 -4.00000000E+00  1.20200000E+00  9.32967073E-01  0.00000000E+00 -7.80126722E-02  1.00000005E-03  2.20038633E-03  7.96995924E-01
 -4.00000000E+00  1.20400000E+00  9.33165902E-01  0.00000000E+00 -7.80104158E-02  1.00000005E-03  2.19458392E-03  7.98698107E-01
 -4.00000000E+00  1.20600000E+00  9.33364368E-01  0.00000000E+00 -7.80081476E-02  1.00000005E-03  2.18878288E-03  8.00404481E-01
 -4.00000000E+00  1.20800000E+00  9.33562469E-01  0.00000000E+00 -7.80058648E-02  1.00000005E-03  2.18298326E-03  8.02115053E-01
 -4.00000000E+00  1.21000000E+00  9.33760205E-01  0.00000000E+00 -7.80035641E-02  1.00000005E-03  2.17718510E-03  8.03829828E-01
 -4.00000000E+00  1.21200000E+00  9.33957571E-01 -1.05680846E-18 -7.80012419E-02  1.00000005E-03  2.17138844E-03  8.05548810E-01
 -4.00000000E+00  1.21400000E+00  9.34154566E-01  0.00000000E+00 -7.79988940E-02  1.00000005E-03  2.16559332E-03  8.07272001E-01
 -4.00000000E+00  1.21600000E+00  9.34351187E-01  0.00000000E+00 -7.79965158E-02  1.00000005E-03  2.15979980E-03  8.08999399E-01
 -4.00000000E+00  1.21800000E+00  9.34547430E-01  0.00000000E+00 -7.79941020E-02  1.00000005E-03  2.15400792E-03  8.10731005E-01
 -4.00000000E+00  1.22000000E+00  9.34743293E-01  0.00000000E+00 -7.79916468E-02  1.00000005E-03  2.14821774E-03  8.12466813E-01
 -4.00000000E+00  1.22200000E+00  9.34938773E-01  0.00000000E+00 -7.79891436E-02  1.00000005E-03  2.14242930E-03  8.14206819E-01
 -4.00000000E+00  1.22400000E+00  9.35133864E-01  0.00000000E+00 -7.79865853E-02  1.00000005E-03  2.13664267E-03  8.15951014E-01
 -4.00000000E+00  1.22600000E+00  9.35328279E-01  0.00000000E+00 -7.79848848E-02  1.00000005E-03  2.13085945E-03  8.17697047E-01
 -4.00000000E+00  1.22800000E+00  9.35522444E-01  0.00000000E+00 -7.79831128E-02  1.00000005E-03  2.12507718E-03  8.19448466E-01
 -4.00000000E+00  1.23000000E+00  9.35716375E-01 -2.26766772E-18 -7.79812170E-02  1.00000005E-03  2.11929584E-03  8.21205421E-01
 -4.00000000E+00  1.23200000E+00  9.35910060E-01 -1.06636891E-18 -7.79792144E-02  1.00000005E-03  2.11351551E-03  8.22967841E-01
 -4.00000000E+00  1.23400000E+00  9.36103490E-01 -1.06830903E-18 -7.79771206E-02  1.00000005E-03  2.10773630E-03  8.24735668E-01
 -4.00000000E+00  1.23600000E+00  9.36296654E-01 -1.07022935E-18 -7.79749495E-02  1.00000005E-03  2.10195829E-03  8.26508849E-01
 -4.00000000E+00  1.23800000E+00  9.36489544E-01 -5.12755152E-19 -7.79727136E-02  1.00000005E-03  2.09618157E-03  8.28287341E-01
 -4.00000000E+00  1.24000000E+00  9.36682152E-01 -1.07398967E-18 -7.79704241E-02  1.00000005E-03  2.09040622E-03  8.30071107E-01
 -4.00000000E+00  1.24200000E+00  9.36874472E-01  0.00000000E+00 -7.79680910E-02  1.00000005E-03  2.08463229E-03  8.31860116E-01
 -4.00000000E+00  1.24400000E+00  9.37066497E-01 -6.55940699E-19 -7.79657231E-02  1.00000005E-03  2.07885986E-03  8.33654343E-01
 -4.00000000E+00  1.24600000E+00  9.37258223E-01 -1.26709088E-18 -7.79633281E-02  1.00000005E-03  2.07308898E-03  8.35453772E-01
 -4.00000000E+00  1.24800000E+00  9.37449643E-01 -1.31611015E-18 -7.79609127E-02  1.00000005E-03  2.06731972E-03  8.37258388E-01
 -4.00000000E+00  1.25000000E+00  9.37640755E-01  0.00000000E+00 -7.79584828E-02  1.00000005E-03  2.06155211E-03  8.39068185E-01
 -4.00000000E+00  1.25200000E+00  9.37831554E-01  0.00000000E+00 -7.79560434E-02  1.00000005E-03  2.05578621E-03  8.40883160E-01
 -4.00000000E+00  1.25400000E+00  9.38022037E-01  0.00000000E+00 -7.79535986E-02  1.00000005E-03  2.05002206E-03  8.42703314E-01
 -4.00000000E+00  1.25600000E+00  9.38212202E-01 -5.20130548E-19 -7.79511520E-02  1.00000005E-03  2.04425970E-03  8.44528653E-01
 -4.00000000E+00  1.25800000E+00  9.38402046E-01 -1.08905788E-18 -7.79487064E-02  1.00000005E-03  2.03849916E-03  8.46359187E-01
 -4.00000000E+00  1.26000000E+00  9.38591568E-01  0.00000000E+00 -7.79462642E-02  1.00000005E-03  2.03274048E-03  8.48194929E-01
 -4.00000000E+00  1.26200000E+00  9.38780766E-01  0.00000000E+00 -7.79438271E-02  1.00000005E-03  2.02698369E-03  8.50035895E-01
 -4.00000000E+00  1.26400000E+00  9.38969640E-01  0.00000000E+00 -7.79413965E-02  1.00000005E-03  2.02122882E-03  8.51882105E-01
 -4.00000000E+00  1.26600000E+00  9.39158187E-01  0.00000000E+00 -7.79389732E-02  1.00000005E-03  2.01547590E-03  8.53733581E-01
 -4.00000000E+00  1.26800000E+00  9.39346409E-01  0.00000000E+00 -7.79365578E-02  1.00000005E-03  2.00972494E-03  8.55590348E-01
 -4.00000000E+00  1.27000000E+00  9.39534304E-01  0.00000000E+00 -7.79341505E-02  1.00000005E-03  2.00397599E-03  8.57452433E-01
 -4.00000000E+00  1.27200000E+00  9.39721873E-01 -1.09865658E-18 -7.79317512E-02  1.00000005E-03  1.99822905E-03  8.59319864E-01
 -4.00000000E+00  1.27400000E+00  9.39909115E-01  0.00000000E+00 -7.79293596E-02  1.00000005E-03  1.99248415E-03  8.61192673E-01
 -4.00000000E+00  1.27600000E+00  9.40096032E-01 -6.70261842E-19 -7.79269752E-02  1.00000005E-03  1.98674131E-03  8.63070892E-01
 -4.00000000E+00  1.27800000E+00  9.40282623E-01 -1.10235780E-18 -7.79245974E-02  1.00000005E-03  1.98100056E-03  8.64954556E-01
 -4.00000000E+00  1.28000000E+00  9.40468889E-01  0.00000000E+00 -7.79222252E-02  1.00000005E-03  1.97526190E-03  8.66843700E-01
 -4.00000000E+00  1.28200000E+00  9.40654831E-01 -5.28351809E-19 -7.79198579E-02  1.00000005E-03  1.96952537E-03  8.68738360E-01
 -4.00000000E+00  1.28400000E+00  9.40840450E-01  0.00000000E+00 -7.79174944E-02  1.00000005E-03  1.96379097E-03  8.70638574E-01
 -4.00000000E+00  1.28600000E+00  9.41025746E-01 -1.10706417E-18 -7.79151336E-02  1.00000005E-03  1.95805873E-03  8.72544382E-01
 -4.00000000E+00  1.28800000E+00  9.41210721E-01  0.00000000E+00 -7.79127745E-02  1.00000005E-03  1.95232866E-03  8.74455822E-01
 -4.00000000E+00  1.29000000E+00  9.41395376E-01  0.00000000E+00 -7.79104160E-02  1.00000005E-03  1.94660078E-03  8.76372935E-01
 -4.00000000E+00  1.29200000E+00  9.41579711E-01  0.00000000E+00 -7.79080569E-02  1.00000005E-03  1.94087511E-03  8.78295760E-01
 -4.00000000E+00  1.29400000E+00  9.41763728E-01  0.00000000E+00 -7.79056964E-02  1.00000005E-03  1.93515167E-03  8.80224341E-01
 -4.00000000E+00  1.29600000E+00  9.41947428E-01  0.00000000E+00 -7.79033332E-02  1.00000005E-03  1.92943048E-03  8.82158717E-01
 -4.00000000E+00  1.29800000E+00  9.42130812E-01  0.00000000E+00 -7.79009665E-02  1.00000005E-03  1.92371156E-03  8.84098930E-01
 -4.00000000E+00  1.30000000E+00  9.42313881E-01  0.00000000E+00 -7.78985954E-02  1.00000005E-03  1.91799491E-03  8.86045024E-01
 -4.00000000E+00  1.30200000E+00  9.42496637E-01  0.00000000E+00 -7.78962191E-02  1.00000005E-03  1.91228057E-03  8.87997039E-01
 -4.00000000E+00  1.30400000E+00  9.42679079E-01  0.00000000E+00 -7.78938367E-02  1.00000005E-03  1.90656856E-03  8.89955019E-01
 -4.00000000E+00  1.30600000E+00  9.42861209E-01  0.00000000E+00 -7.78914476E-02  1.00000005E-03  1.90085888E-03  8.91919006E-01
 -4.00000000E+00  1.30800000E+00  9.43043029E-01  0.00000000E+00 -7.78890513E-02  1.00000005E-03  1.89515158E-03  8.93889042E-01
 -4.00000000E+00  1.31000000E+00  9.43224539E-01  0.00000000E+00 -7.78866474E-02  1.00000005E-03  1.88944665E-03  8.95865170E-01
 -4.00000000E+00  1.31200000E+00  9.43405740E-01  0.00000000E+00 -7.78842353E-02  1.00000005E-03  1.88374413E-03  8.97847433E-01
 -4.00000000E+00  1.31400000E+00  9.43586633E-01  0.00000000E+00 -7.78818148E-02  1.00000005E-03  1.87804404E-03  8.99835872E-01
 -4.00000000E+00  1.31600000E+00  9.43767219E-01  0.00000000E+00 -7.78793859E-02  1.00000005E-03  1.87234639E-03  9.01830529E-01
 -4.00000000E+00  1.31800000E+00  9.43947499E-01  0.00000000E+00 -7.78769483E-02  1.00000005E-03  1.86665122E-03  9.03831448E-01
 -4.00000000E+00  1.32000000E+00  9.44127473E-01  0.00000000E+00 -7.78745021E-02  1.00000005E-03  1.86095855E-03  9.05838671E-01
 -4.00000000E+00  1.32200000E+00  9.44307142E-01  0.00000000E+00 -7.78720473E-02  1.00000005E-03  1.85526839E-03  9.07852238E-01
 -4.00000000E+00  1.32400000E+00  9.44486507E-01  0.00000000E+00 -7.78695843E-02  1.00000005E-03  1.84958078E-03  9.09872193E-01
 -4.00000000E+00  1.32600000E+00  9.44665568E-01  0.00000000E+00 -7.78671131E-02  1.00000005E-03  1.84389573E-03  9.11898576E-01
 -4.00000000E+00  1.32800000E+00  9.44844326E-01  0.00000000E+00 -7.78646343E-02  1.00000005E-03  1.83821327E-03  9.13931431E-01
 -4.00000000E+00  1.33000000E+00  9.45022781E-01  0.00000000E+00 -7.78621481E-02  1.00000005E-03  1.83253343E-03  9.15970798E-01
 -4.00000000E+00  1.33200000E+00  9.45200935E-01  0.00000000E+00 -7.78596551E-02  1.00000005E-03  1.82685622E-03  9.18016719E-01
 -4.00000000E+00  1.33400000E+00  9.45378786E-01  0.00000000E+00 -7.78571557E-02  1.00000005E-03  1.82118169E-03  9.20069236E-01
 -4.00000000E+00  1.33600000E+00  9.45556337E-01  0.00000000E+00 -7.78546506E-02  1.00000005E-03  1.81550984E-03  9.22128391E-01
 -4.00000000E+00  1.33800000E+00  9.45733586E-01  0.00000000E+00 -7.78521402E-02  1.00000005E-03  1.80984072E-03  9.24194225E-01
 -4.00000000E+00  1.34000000E+00  9.45910536E-01  0.00000000E+00 -7.78496254E-02  1.00000005E-03  1.80417433E-03  9.26266779E-01
 -4.00000000E+00  1.34200000E+00  9.46087184E-01  0.00000000E+00 -7.78471066E-02  1.00000005E-03  1.79851071E-03  9.28346097E-01
 -4.00000000E+00  1.34400000E+00  9.46263533E-01  0.00000000E+00 -7.78445846E-02  1.00000005E-03  1.79284989E-03  9.30432219E-01
 -4.00000000E+00  1.34600000E+00  9.46439583E-01  0.00000000E+00 -7.78420600E-02  1.00000005E-03  1.78719189E-03  9.32525187E-01
 -4.00000000E+00  1.34800000E+00  9.46615333E-01  0.00000000E+00 -7.78395334E-02  1.00000005E-03  1.78153673E-03  9.34625045E-01
 -4.00000000E+00  1.35000000E+00  9.46790783E-01  0.00000000E+00 -7.78370056E-02  1.00000005E-03  1.77588445E-03  9.36731834E-01
 -4.00000000E+00  1.35200000E+00  9.46965935E-01  0.00000000E+00 -7.78344769E-02  1.00000005E-03  1.77023506E-03  9.38845597E-01
 -4.00000000E+00  1.35400000E+00  9.47140788E-01  0.00000000E+00 -7.78319481E-02  1.00000005E-03  1.76458860E-03  9.40966377E-01
 -4.00000000E+00  1.35600000E+00  9.47315343E-01  0.00000000E+00 -7.78294197E-02  1.00000005E-03  1.75894509E-03  9.43094217E-01
 -4.00000000E+00  1.35800000E+00  9.47489600E-01  0.00000000E+00 -7.78268921E-02  1.00000005E-03  1.75330455E-03  9.45229162E-01
 -4.00000000E+00  1.36000000E+00  9.47663558E-01  0.00000000E+00 -7.78243656E-02  1.00000005E-03  1.74766701E-03  9.47371254E-01
 -4.00000000E+00  1.36200000E+00  9.47837219E-01  0.00000000E+00 -7.78218407E-02  1.00000005E-03  1.74203249E-03  9.49520538E-01
 -4.00000000E+00  1.36400000E+00  9.48010583E-01  0.00000000E+00 -7.78193176E-02  1.00000005E-03  1.73640102E-03  9.51677060E-01
 -4.00000000E+00  1.36600000E+00  9.48183650E-01  0.00000000E+00 -7.78167965E-02  1.00000005E-03  1.73077262E-03  9.53840864E-01
 -4.00000000E+00  1.36800000E+00  9.48356419E-01  0.00000000E+00 -7.78142774E-02  1.00000005E-03  1.72514732E-03  9.56011997E-01
 -4.00000000E+00  1.37000000E+00  9.48528892E-01  0.00000000E+00 -7.78117603E-02  1.00000005E-03  1.71952514E-03  9.58190503E-01
 -4.00000000E+00  1.37200000E+00  9.48701070E-01  0.00000000E+00 -7.78092452E-02  1.00000005E-03  1.71390610E-03  9.60376431E-01
 -4.00000000E+00  1.37400000E+00  9.48872951E-01  0.00000000E+00 -7.78067318E-02  1.00000005E-03  1.70829023E-03  9.62569828E-01
 -4.00000000E+00  1.37600000E+00  9.49044537E-01  0.00000000E+00 -7.78042199E-02  1.00000005E-03  1.70267755E-03  9.64770741E-01
 -4.00000000E+00  1.37800000E+00  9.49215828E-01  0.00000000E+00 -7.78017091E-02  1.00000005E-03  1.69706808E-03  9.66979218E-01
 -4.00000000E+00  1.38000000E+00  9.49386825E-01  0.00000000E+00 -7.77991988E-02  1.00000005E-03  1.69146184E-03  9.69195310E-01
 -4.00000000E+00  1.38200000E+00  9.49557528E-01  0.00000000E+00 -7.77966885E-02  1.00000005E-03  1.68585886E-03  9.71419064E-01
 -4.00000000E+00  1.38400000E+00  9.49727938E-01  0.00000000E+00 -7.77941776E-02  1.00000005E-03  1.68025916E-03  9.73650532E-01
 -4.00000000E+00  1.38600000E+00  9.49898054E-01  0.00000000E+00 -7.77916651E-02  1.00000005E-03  1.67466276E-03  9.75889764E-01
 -4.00000000E+00  1.38800000E+00  9.50067879E-01  0.00000000E+00 -7.77891504E-02  1.00000005E-03  1.66906967E-03  9.78136811E-01
 -4.00000000E+00  1.39000000E+00  9.50237412E-01 -3.56489173E-19 -7.77866323E-02  1.00000005E-03  1.66347994E-03  9.80391725E-01
 -4.00000000E+00  1.39200000E+00  9.50406654E-01  0.00000000E+00 -7.77841101E-02  1.00000005E-03  1.65789356E-03  9.82654557E-01
 -4.00000000E+00  1.39400000E+00  9.50575605E-01  0.00000000E+00 -7.77815825E-02  1.00000005E-03  1.65231058E-03  9.84925361E-01
 -4.00000000E+00  1.39600000E+00  9.50744267E-01 -3.57536374E-19 -7.77790486E-02  1.00000005E-03  1.64673100E-03  9.87204189E-01
 -4.00000000E+00  1.39800000E+00  9.50912640E-01  0.00000000E+00 -7.77765071E-02  1.00000005E-03  1.64115486E-03  9.89491096E-01
 -4.00000000E+00  1.40000000E+00  9.51080724E-01  0.00000000E+00 -7.77739571E-02  1.00000005E-03  1.63558217E-03  9.91786133E-01
 -4.00000000E+00  1.40200000E+00  9.51248520E-01 -1.17814036E-18 -7.77713973E-02  1.00000005E-03  1.63001296E-03  9.94089356E-01
 -4.00000000E+00  1.40400000E+00  9.51416029E-01  0.00000000E+00 -7.77688266E-02  1.00000005E-03  1.62444725E-03  9.96400819E-01
 -4.00000000E+00  1.40600000E+00  9.51583251E-01  0.00000000E+00 -7.77662441E-02  1.00000005E-03  1.61888507E-03  9.98720575E-01
 -4.00000000E+00  1.40800000E+00  9.51750187E-01  0.00000000E+00 -7.77636487E-02  1.00000005E-03  1.61332644E-03  1.00104868E+00
 -4.00000000E+00  1.41000000E+00  9.51916838E-01  0.00000000E+00 -7.77610395E-02  1.00000005E-03  1.60777139E-03  1.00338518E+00
 -4.00000000E+00  1.41200000E+00  9.52083203E-01 -1.38954160E-18 -7.77584160E-02  1.00000005E-03  1.60221995E-03  1.00573015E+00
 -4.00000000E+00  1.41400000E+00  9.52249283E-01  0.00000000E+00 -7.77557774E-02  1.00000005E-03  1.59667215E-03  1.00808362E+00
 -4.00000000E+00  1.41600000E+00  9.52415078E-01  0.00000000E+00 -7.77531235E-02  1.00000005E-03  1.59112802E-03  1.01044565E+00
 -4.00000000E+00  1.41800000E+00  9.52580588E-01 -5.67688942E-19 -7.77504540E-02  1.00000005E-03  1.58558759E-03  1.01281630E+00
 -4.00000000E+00  1.42000000E+00  9.52745814E-01  0.00000000E+00 -7.77477692E-02  1.00000005E-03  1.58005090E-03  1.01519562E+00
 -4.00000000E+00  1.42200000E+00  9.52910755E-01  0.00000000E+00 -7.77450695E-02  1.00000005E-03  1.57451799E-03  1.01758366E+00
 -4.00000000E+00  1.42400000E+00  9.53075410E-01 -1.19028057E-18 -7.77423557E-02  1.00000005E-03  1.56898890E-03  1.01998046E+00
 -4.00000000E+00  1.42600000E+00  9.53239780E-01  0.00000000E+00 -7.77396290E-02  1.00000005E-03  1.56346367E-03  1.02238609E+00
 -4.00000000E+00  1.42800000E+00  9.53403864E-01  0.00000000E+00 -7.77368912E-02  1.00000005E-03  1.55794235E-03  1.02480058E+00
 -4.00000000E+00  1.43000000E+00  9.53567659E-01  0.00000000E+00 -7.77341445E-02  1.00000005E-03  1.55242500E-03  1.02722398E+00
 -4.00000000E+00  1.43200000E+00  9.53731167E-01  0.00000000E+00 -7.77313916E-02  1.00000005E-03  1.54691165E-03  1.02965634E+00
 -4.00000000E+00  1.43400000E+00  9.53894383E-01 -1.19571251E-18 -7.77286360E-02  1.00000005E-03  1.54140238E-03  1.03209770E+00
 -4.00000000E+00  1.43600000E+00  9.54057308E-01  0.00000000E+00 -7.77258817E-02  1.00000005E-03  1.53589725E-03  1.03454809E+00
 -4.00000000E+00  1.43800000E+00  9.54219938E-01  0.00000000E+00 -7.77231337E-02  1.00000005E-03  1.53039632E-03  1.03700757E+00
 -4.00000000E+00  1.44000000E+00  9.54382271E-01  0.00000000E+00 -7.77203977E-02  1.00000005E-03  1.52489967E-03  1.03947616E+00
 -4.00000000E+00  1.44200000E+00  9.54544303E-01 -1.19986185E-18 -7.77176803E-02  1.00000005E-03  1.51940738E-03  1.04195389E+00
 -4.00000000E+00  1.44400000E+00  9.54706033E-01 -2.61052365E-19 -7.77149891E-02  1.00000005E-03  1.51391953E-03  1.04444079E+00
 -4.00000000E+00  1.44600000E+00  9.54867454E-01  0.00000000E+00 -7.77123327E-02  1.00000005E-03  1.50843621E-03  1.04693690E+00
 -4.00000000E+00  1.44800000E+00  9.55028564E-01 -1.20268803E-18 -7.77097210E-02  1.00000005E-03  1.50295753E-03  1.04944222E+00
 -4.00000000E+00  1.45000000E+00  9.55189356E-01  0.00000000E+00 -7.77071651E-02  1.00000005E-03  1.49748359E-03  1.05195678E+00
 -4.00000000E+00  1.45200000E+00  9.55349825E-01 -1.20433492E-18 -7.77046773E-02  1.00000005E-03  1.49201451E-03  1.05448059E+00
 -4.00000000E+00  1.45400000E+00  9.55509965E-01 -1.20505972E-18 -7.77022714E-02  1.00000005E-03  1.48655040E-03  1.05701366E+00
 -4.00000000E+00  1.45600000E+00  9.55669768E-01  0.00000000E+00 -7.76999628E-02  1.00000005E-03  1.48109141E-03  1.05955599E+00
 -4.00000000E+00  1.45800000E+00  9.55829227E-01  0.00000000E+00 -7.76977685E-02  1.00000005E-03  1.47563767E-03  1.06210757E+00
 -4.00000000E+00  1.46000000E+00  9.55988333E-01  0.00000000E+00 -7.76957071E-02  1.00000005E-03  1.47018933E-03  1.06466841E+00
 -4.00000000E+00  1.46200000E+00  9.56147076E-01  0.00000000E+00 -7.76937992E-02  1.00000005E-03  1.46474657E-03  1.06723847E+00
 -4.00000000E+00  1.46400000E+00  9.56305447E-01  0.00000000E+00 -7.76920673E-02  1.00000005E-03  1.45930955E-03  1.06981775E+00
 -4.00000000E+00  1.46600000E+00  9.56463783E-01  0.00000000E+00 -7.76899589E-02  1.00000005E-03  1.45387283E-03  1.07240929E+00
 -4.00000000E+00  1.46800000E+00  9.56622819E-01 -1.21335470E-18 -7.76862426E-02  1.00000005E-03  1.44842478E-03  1.07501958E+00
 -4.00000000E+00  1.47000000E+00  9.56781462E-01  0.00000000E+00 -7.76827084E-02  1.00000005E-03  1.44298316E-03  1.07763900E+00
 -4.00000000E+00  1.47200000E+00  9.56939725E-01  0.00000000E+00 -7.76793341E-02  1.00000005E-03  1.43754775E-03  1.08026776E+00
 -4.00000000E+00  1.47400000E+00  9.57097621E-01  0.00000000E+00 -7.76760988E-02  1.00000005E-03  1.43211836E-03  1.08290603E+00
 -4.00000000E+00  1.47600000E+00  9.57255163E-01  0.00000000E+00 -7.76729840E-02  1.00000005E-03  1.42669483E-03  1.08555399E+00
 -4.00000000E+00  1.47800000E+00  9.57412361E-01 -1.22599259E-18 -7.76699724E-02  1.00000005E-03  1.42127699E-03  1.08821182E+00
 -4.00000000E+00  1.48000000E+00  9.57569225E-01  0.00000000E+00 -7.76670486E-02  1.00000005E-03  1.41586470E-03  1.09087967E+00
 -4.00000000E+00  1.48200000E+00  9.57725765E-01 -1.22777557E-18 -7.76641986E-02  1.00000005E-03  1.41045784E-03  1.09355770E+00
 -4.00000000E+00  1.48400000E+00  9.57881989E-01  0.00000000E+00 -7.76614098E-02  1.00000005E-03  1.40505628E-03  1.09624605E+00
 -4.00000000E+00  1.48600000E+00  9.58037906E-01  0.00000000E+00 -7.76586708E-02  1.00000005E-03  1.39965994E-03  1.09894487E+00
 -4.00000000E+00  1.48800000E+00  9.58193523E-01  0.00000000E+00 -7.76559716E-02  1.00000005E-03  1.39426871E-03  1.10165429E+00
 -4.00000000E+00  1.49000000E+00  9.58348845E-01 -1.22917157E-18 -7.76533031E-02  1.00000005E-03  1.38888251E-03  1.10437444E+00
 -4.00000000E+00  1.49200000E+00  9.58503880E-01 -1.60352854E-18 -7.76506575E-02  1.00000005E-03  1.38350128E-03  1.10710545E+00
 -4.00000000E+00  1.49400000E+00  9.58658632E-01  0.00000000E+00 -7.76480278E-02  1.00000005E-03  1.37812496E-03  1.10984743E+00
 -4.00000000E+00  1.49600000E+00  9.58813106E-01  0.00000000E+00 -7.76454079E-02  1.00000005E-03  1.37275348E-03  1.11260051E+00
 -4.00000000E+00  1.49800000E+00  9.58967308E-01 -5.88343955E-19 -7.76427927E-02  1.00000005E-03  1.36738682E-03  1.11536479E+00
 -4.00000000E+00  1.50000000E+00  9.59121240E-01  0.00000000E+00 -7.76401777E-02  1.00000005E-03  1.36202493E-03  1.11814039E+00
 -4.00000000E+00  1.50200000E+00  9.59274906E-01  0.00000000E+00 -7.76375591E-02  1.00000005E-03  1.35666779E-03  1.12092740E+00
 -4.00000000E+00  1.50400000E+00  9.59428309E-01  0.00000000E+00 -7.76349337E-02  1.00000005E-03  1.35131538E-03  1.12372594E+00
 -4.00000000E+00  1.50600000E+00  9.59581453E-01 -1.23241283E-18 -7.76322991E-02  1.00000005E-03  1.34596768E-03  1.12653609E+00
 -4.00000000E+00  1.50800000E+00  9.59734339E-01 -2.46648966E-18 -7.76296533E-02  1.00000005E-03  1.34062468E-03  1.12935796E+00
 -4.00000000E+00  1.51000000E+00  9.59886969E-01 -5.90264726E-19 -7.76269945E-02  1.00000005E-03  1.33528638E-03  1.13219163E+00
 -4.00000000E+00  1.51200000E+00  9.60039346E-01  0.00000000E+00 -7.76243218E-02  1.00000005E-03  1.32995278E-03  1.13503721E+00
 -4.00000000E+00  1.51400000E+00  9.60191470E-01  0.00000000E+00 -7.76216343E-02  1.00000005E-03  1.32462388E-03  1.13789478E+00
 -4.00000000E+00  1.51600000E+00  9.60343343E-01  0.00000000E+00 -7.76189317E-02  1.00000005E-03  1.31929971E-03  1.14076443E+00
 -4.00000000E+00  1.51800000E+00  9.60494965E-01 -2.15482647E-19 -7.76162138E-02  1.00000005E-03  1.31398026E-03  1.14364624E+00
 -4.00000000E+00  1.52000000E+00  9.60646338E-01  0.00000000E+00 -7.76134807E-02  1.00000005E-03  1.30866556E-03  1.14654031E+00
 -4.00000000E+00  1.52200000E+00  9.60797462E-01  0.00000000E+00 -7.76107328E-02  1.00000005E-03  1.30335563E-03  1.14944672E+00
 -4.00000000E+00  1.52400000E+00  9.60948338E-01  0.00000000E+00 -7.76079705E-02  1.00000005E-03  1.29805049E-03  1.15236555E+00
 -4.00000000E+00  1.52600000E+00  9.61098965E-01  0.00000000E+00 -7.76051946E-02  1.00000005E-03  1.29275018E-03  1.15529689E+00
 -4.00000000E+00  1.52800000E+00  9.61249344E-01 -1.24686441E-18 -7.76024058E-02  1.00000005E-03  1.28745471E-03  1.15824082E+00
 -4.00000000E+00  1.53000000E+00  9.61399475E-01 -1.03142857E-18 -7.75996051E-02  1.00000005E-03  1.28216412E-03  1.16119742E+00
 -4.00000000E+00  1.53200000E+00  9.61549358E-01 -1.14157768E-18 -7.75967933E-02  1.00000005E-03  1.27687844E-03  1.16416678E+00
 -4.00000000E+00  1.53400000E+00  9.61698991E-01  0.00000000E+00 -7.75939714E-02  1.00000005E-03  1.27159770E-03  1.16714897E+00
 -4.00000000E+00  1.53600000E+00  9.61848376E-01  0.00000000E+00 -7.75911406E-02  1.00000005E-03  1.26632195E-03  1.17014408E+00
 -4.00000000E+00  1.53800000E+00  9.61997511E-01  0.00000000E+00 -7.75883019E-02  1.00000005E-03  1.26105121E-03  1.17315220E+00
 -4.00000000E+00  1.54000000E+00  9.62146397E-01  0.00000000E+00 -7.75854562E-02  1.00000005E-03  1.25578553E-03  1.17617340E+00
 -4.00000000E+00  1.54200000E+00  9.62295032E-01  0.00000000E+00 -7.75826046E-02  1.00000005E-03  1.25052494E-03  1.17920778E+00
 -4.00000000E+00  1.54400000E+00  9.62443416E-01  0.00000000E+00 -7.75797482E-02  1.00000005E-03  1.24526950E-03  1.18225540E+00
 -4.00000000E+00  1.54600000E+00  9.62591549E-01  0.00000000E+00 -7.75768877E-02  1.00000005E-03  1.24001922E-03  1.18531636E+00
 -4.00000000E+00  1.54800000E+00  9.62739429E-01  0.00000000E+00 -7.75740242E-02  1.00000005E-03  1.23477417E-03  1.18839075E+00
 -4.00000000E+00  1.55000000E+00  9.62887057E-01  0.00000000E+00 -7.75711583E-02  1.00000005E-03  1.22953437E-03  1.19147864E+00
 -4.00000000E+00  1.55200000E+00  9.63034432E-01  0.00000000E+00 -7.75682909E-02  1.00000005E-03  1.22429987E-03  1.19458012E+00
 -4.00000000E+00  1.55400000E+00  9.63181552E-01 -3.85907377E-19 -7.75654226E-02  1.00000005E-03  1.21907072E-03  1.19769528E+00
 -4.00000000E+00  1.55600000E+00  9.63328417E-01 -2.75931296E-19 -7.75625540E-02  1.00000005E-03  1.21384696E-03  1.20082421E+00
 -4.00000000E+00  1.55800000E+00  9.63475028E-01  0.00000000E+00 -7.75596855E-02  1.00000005E-03  1.20862862E-03  1.20396700E+00
 -4.00000000E+00  1.56000000E+00  9.63621382E-01  0.00000000E+00 -7.75568177E-02  1.00000005E-03  1.20341576E-03  1.20712374E+00
 -4.00000000E+00  1.56200000E+00  9.63767479E-01  0.00000000E+00 -7.75539507E-02  1.00000005E-03  1.19820841E-03  1.21029451E+00
 -4.00000000E+00  1.56400000E+00  9.63913320E-01  0.00000000E+00 -7.75510850E-02  1.00000005E-03  1.19300662E-03  1.21347941E+00
 -4.00000000E+00  1.56600000E+00  9.64058903E-01  0.00000000E+00 -7.75482205E-02  1.00000005E-03  1.18781043E-03  1.21667853E+00
 -4.00000000E+00  1.56800000E+00  9.64204227E-01  0.00000000E+00 -7.75453575E-02  1.00000005E-03  1.18261988E-03  1.21989197E+00
 -4.00000000E+00  1.57000000E+00  9.64349293E-01  0.00000000E+00 -7.75424958E-02  1.00000005E-03  1.17743503E-03  1.22311981E+00
 -4.00000000E+00  1.57200000E+00  9.64494099E-01  0.00000000E+00 -7.75396354E-02  1.00000005E-03  1.17225590E-03  1.22636216E+00
 -4.00000000E+00  1.57400000E+00  9.64638646E-01  0.00000000E+00 -7.75367761E-02  1.00000005E-03  1.16708254E-03  1.22961912E+00
 -4.00000000E+00  1.57600000E+00  9.64782932E-01  0.00000000E+00 -7.75339178E-02  1.00000005E-03  1.16191500E-03  1.23289077E+00
 -4.00000000E+00  1.57800000E+00  9.64926958E-01  0.00000000E+00 -7.75310601E-02  1.00000005E-03  1.15675332E-03  1.23617722E+00
 -4.00000000E+00  1.58000000E+00  9.65070723E-01  0.00000000E+00 -7.75282027E-02  1.00000005E-03  1.15159754E-03  1.23947857E+00
 -4.00000000E+00  1.58200000E+00  9.65214227E-01  0.00000000E+00 -7.75253453E-02  1.00000005E-03  1.14644770E-03  1.24279493E+00
 -4.00000000E+00  1.58400000E+00  9.65357470E-01  0.00000000E+00 -7.75224874E-02  1.00000005E-03  1.14130385E-03  1.24612638E+00
 -4.00000000E+00  1.58600000E+00  9.65500450E-01  0.00000000E+00 -7.75196286E-02  1.00000005E-03  1.13616602E-03  1.24947305E+00
 -4.00000000E+00  1.58800000E+00  9.65643169E-01  0.00000000E+00 -7.75167685E-02  1.00000005E-03  1.13103426E-03  1.25283503E+00
 -4.00000000E+00  1.59000000E+00  9.65785626E-01  0.00000000E+00 -7.75139064E-02  1.00000005E-03  1.12590862E-03  1.25621243E+00
 -4.00000000E+00  1.59200000E+00  9.65927821E-01  0.00000000E+00 -7.75110421E-02  1.00000005E-03  1.12078912E-03  1.25960535E+00
 -4.00000000E+00  1.59400000E+00  9.66069753E-01  0.00000000E+00 -7.75081749E-02  1.00000005E-03  1.11567581E-03  1.26301391E+00
 -4.00000000E+00  1.59600000E+00  9.66211423E-01  0.00000000E+00 -7.75053044E-02  1.00000005E-03  1.11056874E-03  1.26643821E+00
 -4.00000000E+00  1.59800000E+00  9.66352831E-01  0.00000000E+00 -7.75024301E-02  1.00000005E-03  1.10546794E-03  1.26987837E+00
 -4.00000000E+00  1.60000000E+00  9.66493976E-01  0.00000000E+00 -7.74995516E-02  1.00000005E-03  1.10037346E-03  1.27333450E+00
 -4.00000000E+00  1.60200000E+00  9.66634859E-01  0.00000000E+00 -7.74966686E-02  1.00000005E-03  1.09528533E-03  1.27680671E+00
 -4.00000000E+00  1.60400000E+00  9.66775480E-01  0.00000000E+00 -7.74937805E-02  1.00000005E-03  1.09020360E-03  1.28029512E+00
 -4.00000000E+00  1.60600000E+00  9.66915838E-01  0.00000000E+00 -7.74908871E-02  1.00000005E-03  1.08512830E-03  1.28379984E+00
 -4.00000000E+00  1.60800000E+00  9.67055935E-01  0.00000000E+00 -7.74879882E-02  1.00000005E-03  1.08005948E-03  1.28732099E+00
 -4.00000000E+00  1.61000000E+00  9.67195769E-01  0.00000000E+00 -7.74850835E-02  1.00000005E-03  1.07499718E-03  1.29085869E+00
 -4.00000000E+00  1.61200000E+00  9.67335342E-01  0.00000000E+00 -7.74821729E-02  1.00000005E-03  1.06994142E-03  1.29441306E+00
 -4.00000000E+00  1.61400000E+00  9.67474654E-01  0.00000000E+00 -7.74792562E-02  1.00000005E-03  1.06489226E-03  1.29798422E+00
 -4.00000000E+00  1.61600000E+00  9.67613705E-01 -1.29070004E-18 -7.74763336E-02  1.00000005E-03  1.05984973E-03  1.30157229E+00
 -4.00000000E+00  1.61800000E+00  9.67752494E-01  0.00000000E+00 -7.74734050E-02  1.00000005E-03  1.05481387E-03  1.30517740E+00
 -4.00000000E+00  1.62000000E+00  9.67891024E-01  0.00000000E+00 -7.74704707E-02  1.00000005E-03  1.04978470E-03  1.30879968E+00
 -4.00000000E+00  1.62200000E+00  9.68029293E-01  0.00000000E+00 -7.74675307E-02  1.00000005E-03  1.04476228E-03  1.31243924E+00
 -4.00000000E+00  1.62400000E+00  9.68167302E-01  0.00000000E+00 -7.74645855E-02  1.00000005E-03  1.03974663E-03  1.31609623E+00
 -4.00000000E+00  1.62600000E+00  9.68305052E-01  0.00000000E+00 -7.74616354E-02  1.00000005E-03  1.03473779E-03  1.31977076E+00
 -4.00000000E+00  1.62800000E+00  9.68442543E-01  0.00000000E+00 -7.74586808E-02  1.00000005E-03  1.02973579E-03  1.32346298E+00
 -4.00000000E+00  1.63000000E+00  9.68579776E-01 -1.29842309E-18 -7.74557223E-02  1.00000005E-03  1.02474066E-03  1.32717301E+00
 -4.00000000E+00  1.63200000E+00  9.68716751E-01  0.00000000E+00 -7.74527605E-02  1.00000005E-03  1.01975243E-03  1.33090100E+00
 -4.00000000E+00  1.63400000E+00  9.68853469E-01  0.00000000E+00 -7.74497960E-02  1.00000005E-03  1.01477113E-03  1.33464707E+00
 -4.00000000E+00  1.63600000E+00  9.68989931E-01  0.00000000E+00 -7.74468296E-02  1.00000005E-03  1.00979679E-03  1.33841138E+00
 -4.00000000E+00  1.63800000E+00  9.69126137E-01 -3.96760257E-19 -7.74438619E-02  1.00000005E-03  1.00482942E-03  1.34219405E+00
 -4.00000000E+00  1.64000000E+00  9.69262087E-01  0.00000000E+00 -7.74408937E-02  1.00000005E-03  9.99869062E-04  1.34599524E+00
 -4.00000000E+00  1.64200000E+00  9.69397784E-01  0.00000000E+00 -7.74379260E-02  1.00000005E-03  9.94915725E-04  1.34981509E+00
 -4.00000000E+00  1.64400000E+00  9.69533227E-01  0.00000000E+00 -7.74349594E-02  1.00000005E-03  9.89969427E-04  1.35365375E+00
 -4.00000000E+00  1.64600000E+00  9.69668419E-01  0.00000000E+00 -7.74319949E-02  1.00000005E-03  9.85030184E-04  1.35751137E+00
 -4.00000000E+00  1.64800000E+00  9.69803359E-01 -5.12692554E-19 -7.74290331E-02  1.00000005E-03  9.80098006E-04  1.36138810E+00
 -4.00000000E+00  1.65000000E+00  9.69938049E-01 -3.99137899E-19 -7.74260749E-02  1.00000005E-03  9.75172900E-04  1.36528411E+00
 -4.00000000E+00  1.65200000E+00  9.70072490E-01 -2.85358062E-19 -7.74231210E-02  1.00000005E-03  9.70254871E-04  1.36919955E+00
 -4.00000000E+00  1.65400000E+00  9.70206684E-01  0.00000000E+00 -7.74201718E-02  1.00000005E-03  9.65343917E-04  1.37313458E+00
 -4.00000000E+00  1.65600000E+00  9.70340632E-01  0.00000000E+00 -7.74172280E-02  1.00000005E-03  9.60440034E-04  1.37708937E+00
 -4.00000000E+00  1.65800000E+00  9.70474336E-01 -1.31588749E-18 -7.74142898E-02  1.00000005E-03  9.55543212E-04  1.38106409E+00
 -4.00000000E+00  1.66000000E+00  9.70607797E-01 -1.31683393E-18 -7.74113575E-02  1.00000005E-03  9.50653435E-04  1.38505891E+00
 -4.00000000E+00  1.66200000E+00  9.70741018E-01 -1.31770667E-18 -7.74084311E-02  1.00000005E-03  9.45770682E-04  1.38907401E+00
 -4.00000000E+00  1.66400000E+00  9.70874001E-01 -1.31850399E-18 -7.74055102E-02  1.00000005E-03  9.40894926E-04  1.39310958E+00
 -4.00000000E+00  1.66600000E+00  9.71006747E-01  0.00000000E+00 -7.74025943E-02  1.00000005E-03  9.36026133E-04  1.39716579E+00
 -4.00000000E+00  1.66800000E+00  9.71139259E-01  0.00000000E+00 -7.73996827E-02  1.00000005E-03  9.31164262E-04  1.40124283E+00
 -4.00000000E+00  1.67000000E+00  9.71271540E-01  0.00000000E+00 -7.73967740E-02  1.00000005E-03  9.26309264E-04  1.40534090E+00
 -4.00000000E+00  1.67200000E+00  9.71403593E-01  0.00000000E+00 -7.73938668E-02  1.00000005E-03  9.21461082E-04  1.40946021E+00
 -4.00000000E+00  1.67400000E+00  9.71535421E-01  0.00000000E+00 -7.73909590E-02  1.00000005E-03  9.16619651E-04  1.41360095E+00
 -4.00000000E+00  1.67600000E+00  9.71667027E-01  0.00000000E+00 -7.73880481E-02  1.00000005E-03  9.11784894E-04  1.41776334E+00
 -4.00000000E+00  1.67800000E+00  9.71798415E-01  0.00000000E+00 -7.73851310E-02  1.00000005E-03  9.06956729E-04  1.42194758E+00
 -4.00000000E+00  1.68000000E+00  9.71929589E-01  0.00000000E+00 -7.73822040E-02  1.00000005E-03  9.02135057E-04  1.42615392E+00
 -4.00000000E+00  1.68200000E+00  9.72060552E-01 -4.02734629E-19 -7.73792628E-02  1.00000005E-03  8.97319773E-04  1.43038257E+00
 -4.00000000E+00  1.68400000E+00  9.72191311E-01  0.00000000E+00 -7.73763023E-02  1.00000005E-03  8.92510756E-04  1.43463377E+00
 -4.00000000E+00  1.68600000E+00  9.72321870E-01 -2.30351944E-19 -7.73733168E-02  1.00000005E-03  8.87707877E-04  1.43890776E+00
 -4.00000000E+00  1.68800000E+00  9.72452233E-01  0.00000000E+00 -7.73702993E-02  1.00000005E-03  8.82910987E-04  1.44320480E+00
 -4.00000000E+00  1.69000000E+00  9.72582407E-01  0.00000000E+00 -7.73672425E-02  1.00000005E-03  8.78119929E-04  1.44752515E+00
 -4.00000000E+00  1.69200000E+00  9.72712399E-01  0.00000000E+00 -7.73641375E-02  1.00000005E-03  8.73334527E-04  1.45186906E+00
 -4.00000000E+00  1.69400000E+00  9.72842214E-01 -1.32954807E-18 -7.73609748E-02  1.00000005E-03  8.68554591E-04  1.45623683E+00
 -4.00000000E+00  1.69600000E+00  9.72971861E-01  0.00000000E+00 -7.73577433E-02  1.00000005E-03  8.63779912E-04  1.46062873E+00
 -4.00000000E+00  1.69800000E+00  9.73101346E-01  0.00000000E+00 -7.73544311E-02  1.00000005E-03  8.59010264E-04  1.46504505E+00
 -4.00000000E+00  1.70000000E+00  9.73230678E-01  0.00000000E+00 -7.73510246E-02  1.00000005E-03  8.54245405E-04  1.46948611E+00
 -4.00000000E+00  1.70200000E+00  9.73359866E-01  0.00000000E+00 -7.73475089E-02  1.00000005E-03  8.49485068E-04  1.47395222E+00
 -4.00000000E+00  1.70400000E+00  9.73488920E-01  0.00000000E+00 -7.73438676E-02  1.00000005E-03  8.44728970E-04  1.47844370E+00
 -4.00000000E+00  1.70600000E+00  9.73617849E-01  0.00000000E+00 -7.73400827E-02  1.00000005E-03  8.39976804E-04  1.48296090E+00
 -4.00000000E+00  1.70800000E+00  9.73745918E-01  0.00000000E+00 -7.73369893E-02  1.00000005E-03  8.35254045E-04  1.48749400E+00
 -4.00000000E+00  1.71000000E+00  9.73873252E-01  0.00000000E+00 -7.73344791E-02  1.00000005E-03  8.30555990E-04  1.49204487E+00
 -4.00000000E+00  1.71200000E+00  9.74000443E-01  0.00000000E+00 -7.73318831E-02  1.00000005E-03  8.25862175E-04  1.49662177E+00
 -4.00000000E+00  1.71400000E+00  9.74127481E-01  0.00000000E+00 -7.73292098E-02  1.00000005E-03  8.21173055E-04  1.50122476E+00
 -4.00000000E+00  1.71600000E+00  9.74254357E-01  0.00000000E+00 -7.73264671E-02  1.00000005E-03  8.16489047E-04  1.50585396E+00
 -4.00000000E+00  1.71800000E+00  9.74381063E-01 -1.33485661E-18 -7.73236623E-02  1.00000005E-03  8.11810532E-04  1.51050947E+00
 -4.00000000E+00  1.72000000E+00  9.74507591E-01 -1.97341645E-18 -7.73208023E-02  1.00000005E-03  8.07137858E-04  1.51519139E+00
 -4.00000000E+00  1.72200000E+00  9.74633934E-01  0.00000000E+00 -7.73178931E-02  1.00000005E-03  8.02471340E-04  1.51989986E+00
 -4.00000000E+00  1.72400000E+00  9.74760086E-01  0.00000000E+00 -7.73149406E-02  1.00000005E-03  7.97811266E-04  1.52463502E+00
 -4.00000000E+00  1.72600000E+00  9.74886042E-01  0.00000000E+00 -7.73119500E-02  1.00000005E-03  7.93157895E-04  1.52939701E+00
 -4.00000000E+00  1.72800000E+00  9.75011796E-01 -1.34098986E-18 -7.73089262E-02  1.00000005E-03  7.88511463E-04  1.53418598E+00
 -4.00000000E+00  1.73000000E+00  9.75137344E-01 -2.92019099E-19 -7.73058736E-02  1.00000005E-03  7.83872181E-04  1.53900211E+00
 -4.00000000E+00  1.73200000E+00  9.75262682E-01  0.00000000E+00 -7.73027962E-02  1.00000005E-03  7.79240239E-04  1.54384556E+00
 -4.00000000E+00  1.73400000E+00  9.75387807E-01  0.00000000E+00 -7.72996977E-02  1.00000005E-03  7.74615806E-04  1.54871652E+00
 -4.00000000E+00  1.73600000E+00  9.75512716E-01  0.00000000E+00 -7.72965814E-02  1.00000005E-03  7.69999035E-04  1.55361518E+00
 -4.00000000E+00  1.73800000E+00  9.75637405E-01  0.00000000E+00 -7.72934502E-02  1.00000005E-03  7.65390060E-04  1.55854172E+00
 -4.00000000E+00  1.74000000E+00  9.75761872E-01  0.00000000E+00 -7.72903069E-02  1.00000005E-03  7.60789000E-04  1.56349637E+00
 -4.00000000E+00  1.74200000E+00  9.75886117E-01 -1.35748598E-18 -7.72871537E-02  1.00000005E-03  7.56195963E-04  1.56847933E+00
 -4.00000000E+00  1.74400000E+00  9.76010136E-01 -1.35948300E-18 -7.72839928E-02  1.00000005E-03  7.51611039E-04  1.57349081E+00
 -4.00000000E+00  1.74600000E+00  9.76133930E-01  0.00000000E+00 -7.72808262E-02  1.00000005E-03  7.47034313E-04  1.57853105E+00
 -4.00000000E+00  1.74800000E+00  9.76257495E-01  0.00000000E+00 -7.72776553E-02  1.00000005E-03  7.42465853E-04  1.58360028E+00
 -4.00000000E+00  1.75000000E+00  9.76380833E-01 -1.36436938E-18 -7.72744816E-02  1.00000005E-03  7.37905724E-04  1.58869873E+00
 -4.00000000E+00  1.75200000E+00  9.76503942E-01  0.00000000E+00 -7.72713063E-02  1.00000005E-03  7.33353979E-04  1.59382664E+00
 -4.00000000E+00  1.75400000E+00  9.76626822E-01  0.00000000E+00 -7.72681304E-02  1.00000005E-03  7.28810665E-04  1.59898427E+00
 -4.00000000E+00  1.75600000E+00  9.76749473E-01 -6.54035124E-19 -7.72649548E-02  1.00000005E-03  7.24275824E-04  1.60417187E+00
 -4.00000000E+00  1.75800000E+00  9.76871894E-01  0.00000000E+00 -7.72617802E-02  1.00000005E-03  7.19749490E-04  1.60938970E+00
 -4.00000000E+00  1.76000000E+00  9.76994086E-01 -3.03506143E-18 -7.72586072E-02  1.00000005E-03  7.15231694E-04  1.61463802E+00
 -4.00000000E+00  1.76200000E+00  9.77116049E-01  0.00000000E+00 -7.72554360E-02  1.00000005E-03  7.10722465E-04  1.61991712E+00
 -4.00000000E+00  1.76400000E+00  9.77237783E-01  0.00000000E+00 -7.72522672E-02  1.00000005E-03  7.06221825E-04  1.62522726E+00
 -4.00000000E+00  1.76600000E+00  9.77359288E-01 -7.14543608E-19 -7.72491008E-02  1.00000005E-03  7.01729796E-04  1.63056872E+00
 -4.00000000E+00  1.76800000E+00  9.77480565E-01  0.00000000E+00 -7.72459369E-02  1.00000005E-03  6.97246398E-04  1.63594179E+00
 -4.00000000E+00  1.77000000E+00  9.77601615E-01  0.00000000E+00 -7.72427756E-02  1.00000005E-03  6.92771648E-04  1.64134676E+00
 -4.00000000E+00  1.77200000E+00  9.77722438E-01 -4.16802237E-19 -7.72396169E-02  1.00000005E-03  6.88305564E-04  1.64678393E+00
 -4.00000000E+00  1.77400000E+00  9.77843035E-01  0.00000000E+00 -7.72364605E-02  1.00000005E-03  6.83848161E-04  1.65225360E+00
 -4.00000000E+00  1.77600000E+00  9.77963407E-01  0.00000000E+00 -7.72333063E-02  1.00000005E-03  6.79399456E-04  1.65775607E+00
 -4.00000000E+00  1.77800000E+00  9.78083553E-01 -1.60721547E-18 -7.72301542E-02  1.00000005E-03  6.74959465E-04  1.66329165E+00
 -4.00000000E+00  1.78000000E+00  9.78203476E-01  0.00000000E+00 -7.72270037E-02  1.00000005E-03  6.70528205E-04  1.66886065E+00
 -4.00000000E+00  1.78200000E+00  9.78323175E-01  0.00000000E+00 -7.72238546E-02  1.00000005E-03  6.66105694E-04  1.67446339E+00
 -4.00000000E+00  1.78400000E+00  9.78442651E-01  0.00000000E+00 -7.72207066E-02  1.00000005E-03  6.61691950E-04  1.68010019E+00
 -4.00000000E+00  1.78600000E+00  9.78561905E-01  0.00000000E+00 -7.72175594E-02  1.00000005E-03  6.57286991E-04  1.68577139E+00
 -4.00000000E+00  1.78800000E+00  9.78680939E-01  0.00000000E+00 -7.72144124E-02  1.00000005E-03  6.52890840E-04  1.69147731E+00
 -4.00000000E+00  1.79000000E+00  9.78799751E-01  0.00000000E+00 -7.72112655E-02  1.00000005E-03  6.48503518E-04  1.69721829E+00
 -4.00000000E+00  1.79200000E+00  9.78918345E-01  0.00000000E+00 -7.72081182E-02  1.00000005E-03  6.44125049E-04  1.70299467E+00
 -4.00000000E+00  1.79400000E+00  9.79036719E-01  0.00000000E+00 -7.72049700E-02  1.00000005E-03  6.39755456E-04  1.70880680E+00
 -4.00000000E+00  1.79600000E+00  9.79154874E-01  0.00000000E+00 -7.72018208E-02  1.00000005E-03  6.35394768E-04  1.71465502E+00
 -4.00000000E+00  1.79800000E+00  9.79272812E-01  0.00000000E+00 -7.71986700E-02  1.00000005E-03  6.31043011E-04  1.72053970E+00
 -4.00000000E+00  1.80000000E+00  9.79390533E-01  0.00000000E+00 -7.71955173E-02  1.00000005E-03  6.26700216E-04  1.72646118E+00
 -4.00000000E+00  1.80200000E+00  9.79508038E-01  0.00000000E+00 -7.71923623E-02  1.00000005E-03  6.22366412E-04  1.73241985E+00
 -4.00000000E+00  1.80400000E+00  9.79625326E-01  0.00000000E+00 -7.71892049E-02  1.00000005E-03  6.18041632E-04  1.73841605E+00
 -4.00000000E+00  1.80600000E+00  9.79742400E-01  0.00000000E+00 -7.71860445E-02  1.00000005E-03  6.13725909E-04  1.74445018E+00
 -4.00000000E+00  1.80800000E+00  9.79859258E-01  0.00000000E+00 -7.71828810E-02  1.00000005E-03  6.09419278E-04  1.75052260E+00
 -4.00000000E+00  1.81000000E+00  9.79975903E-01  0.00000000E+00 -7.71797141E-02  1.00000005E-03  6.05121774E-04  1.75663371E+00
 -4.00000000E+00  1.81200000E+00  9.80092334E-01  0.00000000E+00 -7.71765436E-02  1.00000005E-03  6.00833433E-04  1.76278389E+00
 -4.00000000E+00  1.81400000E+00  9.80208552E-01  0.00000000E+00 -7.71733692E-02  1.00000005E-03  5.96554293E-04  1.76897355E+00
 -4.00000000E+00  1.81600000E+00  9.80324558E-01  0.00000000E+00 -7.71701907E-02  1.00000005E-03  5.92284390E-04  1.77520308E+00
 -4.00000000E+00  1.81800000E+00  9.80440351E-01  0.00000000E+00 -7.71670081E-02  1.00000005E-03  5.88023762E-04  1.78147288E+00
 -4.00000000E+00  1.82000000E+00  9.80555933E-01  0.00000000E+00 -7.71638211E-02  1.00000005E-03  5.83772448E-04  1.78778338E+00
 -4.00000000E+00  1.82200000E+00  9.80671304E-01  0.00000000E+00 -7.71606296E-02  1.00000005E-03  5.79530486E-04  1.79413499E+00
 -4.00000000E+00  1.82400000E+00  9.80786465E-01  0.00000000E+00 -7.71574336E-02  1.00000005E-03  5.75297912E-04  1.80052814E+00
 -4.00000000E+00  1.82600000E+00  9.80901415E-01  0.00000000E+00 -7.71542330E-02  1.00000005E-03  5.71074766E-04  1.80696325E+00
 -4.00000000E+00  1.82800000E+00  9.81016156E-01  0.00000000E+00 -7.71510279E-02  1.00000005E-03  5.66861082E-04  1.81344077E+00
 -4.00000000E+00  1.83000000E+00  9.81130688E-01  0.00000000E+00 -7.71478181E-02  1.00000005E-03  5.62656898E-04  1.81996114E+00
 -4.00000000E+00  1.83200000E+00  9.81245011E-01  0.00000000E+00 -7.71446037E-02  1.00000005E-03  5.58462247E-04  1.82652481E+00
 -4.00000000E+00  1.83400000E+00  9.81359127E-01  0.00000000E+00 -7.71413847E-02  1.00000005E-03  5.54277165E-04  1.83313224E+00
 -4.00000000E+00  1.83600000E+00  9.81473035E-01  0.00000000E+00 -7.71381613E-02  1.00000005E-03  5.50101682E-04  1.83978390E+00
 -4.00000000E+00  1.83800000E+00  9.81586736E-01  0.00000000E+00 -7.71349335E-02  1.00000005E-03  5.45935831E-04  1.84648025E+00
 -4.00000000E+00  1.84000000E+00  9.81700231E-01  0.00000000E+00 -7.71317013E-02  1.00000005E-03  5.41779639E-04  1.85322178E+00
 -4.00000000E+00  1.84200000E+00  9.81813520E-01  0.00000000E+00 -7.71284650E-02  1.00000005E-03  5.37633135E-04  1.86000898E+00
 -4.00000000E+00  1.84400000E+00  9.81926605E-01  0.00000000E+00 -7.71252246E-02  1.00000005E-03  5.33496343E-04  1.86684234E+00
 -4.00000000E+00  1.84600000E+00  9.82039485E-01  0.00000000E+00 -7.71219804E-02  1.00000005E-03  5.29369286E-04  1.87372236E+00
 -4.00000000E+00  1.84800000E+00  9.82152162E-01  0.00000000E+00 -7.71187324E-02  1.00000005E-03  5.25251986E-04  1.88064956E+00
 -4.00000000E+00  1.85000000E+00  9.82264636E-01  0.00000000E+00 -7.71154808E-02  1.00000005E-03  5.21144461E-04  1.88762445E+00
 -4.00000000E+00  1.85200000E+00  9.82376909E-01  0.00000000E+00 -7.71122258E-02  1.00000005E-03  5.17046726E-04  1.89464757E+00
 -4.00000000E+00  1.85400000E+00  9.82488980E-01  0.00000000E+00 -7.71089676E-02  1.00000005E-03  5.12958796E-04  1.90171945E+00
 -4.00000000E+00  1.85600000E+00  9.82600851E-01  0.00000000E+00 -7.71057064E-02  1.00000005E-03  5.08880681E-04  1.90884063E+00
 -4.00000000E+00  1.85800000E+00  9.82712524E-01  0.00000000E+00 -7.71024423E-02  1.00000005E-03  5.04812390E-04  1.91601169E+00
 -4.00000000E+00  1.86000000E+00  9.82823998E-01  0.00000000E+00 -7.70991756E-02  1.00000005E-03  5.00753928E-04  1.92323317E+00
 -4.00000000E+00  1.86200000E+00  9.82935275E-01  0.00000000E+00 -7.70959064E-02  1.00000005E-03  4.96705301E-04  1.93050565E+00
 -4.00000000E+00  1.86400000E+00  9.83046355E-01  0.00000000E+00 -7.70926349E-02  1.00000005E-03  4.92666509E-04  1.93782972E+00
 -4.00000000E+00  1.86600000E+00  9.83157241E-01  0.00000000E+00 -7.70893612E-02  1.00000005E-03  4.88637550E-04  1.94520597E+00
 -4.00000000E+00  1.86800000E+00  9.83267934E-01  0.00000000E+00 -7.70860856E-02  1.00000005E-03  4.84618423E-04  1.95263501E+00
 -4.00000000E+00  1.87000000E+00  9.83378433E-01  0.00000000E+00 -7.70828081E-02  1.00000005E-03  4.80609121E-04  1.96011745E+00
 -4.00000000E+00  1.87200000E+00  9.83488742E-01  0.00000000E+00 -7.70795290E-02  1.00000005E-03  4.76609639E-04  1.96765392E+00
 -4.00000000E+00  1.87400000E+00  9.83598860E-01  0.00000000E+00 -7.70762482E-02  1.00000005E-03  4.72619967E-04  1.97524504E+00
 -4.00000000E+00  1.87600000E+00  9.83708790E-01  0.00000000E+00 -7.70729660E-02  1.00000005E-03  4.68640098E-04  1.98289147E+00
 -4.00000000E+00  1.87800000E+00  9.83818532E-01  0.00000000E+00 -7.70696825E-02  1.00000005E-03  4.64670021E-04  1.99059387E+00
 -4.00000000E+00  1.88000000E+00  9.83928088E-01  0.00000000E+00 -7.70663976E-02  1.00000005E-03  4.60709724E-04  1.99835291E+00
 -4.00000000E+00  1.88200000E+00  9.84037460E-01  0.00000000E+00 -7.70631115E-02  1.00000005E-03  4.56759199E-04  2.00616926E+00
 -4.00000000E+00  1.88400000E+00  9.84146648E-01  0.00000000E+00 -7.70598242E-02  1.00000005E-03  4.52818434E-04  2.01404362E+00
 -4.00000000E+00  1.88600000E+00  9.84255655E-01  0.00000000E+00 -7.70565357E-02  1.00000005E-03  4.48887421E-04  2.02197670E+00
 -4.00000000E+00  1.88800000E+00  9.84364480E-01  0.00000000E+00 -7.70532459E-02  1.00000005E-03  4.44966151E-04  2.02996920E+00
 -4.00000000E+00  1.89000000E+00  9.84473127E-01  0.00000000E+00 -7.70499549E-02  1.00000005E-03  4.41054621E-04  2.03802186E+00
 -4.00000000E+00  1.89200000E+00  9.84581595E-01  0.00000000E+00 -7.70466626E-02  1.00000005E-03  4.37152827E-04  2.04613542E+00
 -4.00000000E+00  1.89400000E+00  9.84689887E-01 -3.06255769E-19 -7.70433689E-02  1.00000005E-03  4.33260770E-04  2.05431064E+00
 -4.00000000E+00  1.89600000E+00  9.84798003E-01  0.00000000E+00 -7.70400737E-02  1.00000005E-03  4.29378456E-04  2.06254827E+00
 -4.00000000E+00  1.89800000E+00  9.84905945E-01  0.00000000E+00 -7.70367769E-02  1.00000005E-03  4.25505896E-04  2.07084911E+00
 -4.00000000E+00  1.90000000E+00  9.85013714E-01  0.00000000E+00 -7.70334784E-02  1.00000005E-03  4.21643106E-04  2.07921393E+00
 -4.00000000E+00  1.90200000E+00  9.85121310E-01 -1.41226071E-18 -7.70301779E-02  1.00000005E-03  4.17790110E-04  2.08764355E+00
 -4.00000000E+00  1.90400000E+00  9.85228735E-01 -2.82718030E-18 -7.70268753E-02  1.00000005E-03  4.13946942E-04  2.09613879E+00
 -4.00000000E+00  1.90600000E+00  9.85335988E-01  0.00000000E+00 -7.70235704E-02  1.00000005E-03  4.10113641E-04  2.10470048E+00
 -4.00000000E+00  1.90800000E+00  9.85443072E-01  0.00000000E+00 -7.70202629E-02  1.00000005E-03  4.06290261E-04  2.11332947E+00
 -4.00000000E+00  1.91000000E+00  9.85549986E-01  0.00000000E+00 -7.70169528E-02  1.00000005E-03  4.02476863E-04  2.12202661E+00
 -4.00000000E+00  1.91200000E+00  9.85656730E-01  0.00000000E+00 -7.70136396E-02  1.00000005E-03  3.98673526E-04  2.13079278E+00
 -4.00000000E+00  1.91400000E+00  9.85763304E-01 -6.80548825E-19 -7.70103232E-02  1.00000005E-03  3.94880339E-04  2.13962887E+00
 -4.00000000E+00  1.91600000E+00  9.85869708E-01  0.00000000E+00 -7.70070033E-02  1.00000005E-03  3.91097410E-04  2.14853579E+00
 -4.00000000E+00  1.91800000E+00  9.85975942E-01  0.00000000E+00 -7.70036796E-02  1.00000005E-03  3.87324862E-04  2.15751444E+00
 -4.00000000E+00  1.92000000E+00  9.86082004E-01  0.00000000E+00 -7.70003520E-02  1.00000005E-03  3.83562838E-04  2.16656577E+00
 -4.00000000E+00  1.92200000E+00  9.86187894E-01  0.00000000E+00 -7.69970202E-02  1.00000005E-03  3.79811502E-04  2.17569071E+00
 -4.00000000E+00  1.92400000E+00  9.86293610E-01 -1.87151257E-18 -7.69936840E-02  1.00000005E-03  3.76071040E-04  2.18489023E+00
 -4.00000000E+00  1.92600000E+00  9.86399149E-01 -3.12385058E-19 -7.69903431E-02  1.00000005E-03  3.72341662E-04  2.19416531E+00
 -4.00000000E+00  1.92800000E+00  9.86504511E-01 -2.50235359E-19 -7.69869973E-02  1.00000005E-03  3.68623605E-04  2.20351693E+00
 -4.00000000E+00  1.93000000E+00  9.86609692E-01  0.00000000E+00 -7.69836466E-02  1.00000005E-03  3.64917133E-04  2.21294611E+00
 -4.00000000E+00  1.93200000E+00  9.86714688E-01 -1.44138402E-18 -7.69802909E-02  1.00000005E-03  3.61222542E-04  2.22245385E+00
 -4.00000000E+00  1.93400000E+00  9.86819496E-01 -1.44177010E-18 -7.69769300E-02  1.00000005E-03  3.57540158E-04  2.23204121E+00
 -4.00000000E+00  1.93600000E+00  9.86924112E-01 -1.44136558E-18 -7.69735639E-02  1.00000005E-03  3.53870345E-04  2.24170922E+00
 -4.00000000E+00  1.93800000E+00  9.87028531E-01  0.00000000E+00 -7.69701927E-02  1.00000005E-03  3.50213503E-04  2.25145896E+00
 -4.00000000E+00  1.94000000E+00  9.87132748E-01 -6.87478198E-19 -7.69668166E-02  1.00000005E-03  3.46570070E-04  2.26129150E+00
 -4.00000000E+00  1.94200000E+00  9.87236755E-01  0.00000000E+00 -7.69634356E-02  1.00000005E-03  3.42940528E-04  2.27120795E+00
 -4.00000000E+00  1.94400000E+00  9.87340546E-01  0.00000000E+00 -7.69600502E-02  1.00000005E-03  3.39325404E-04  2.28120941E+00
 -4.00000000E+00  1.94600000E+00  9.87444113E-01  0.00000000E+00 -7.69566607E-02  1.00000005E-03  3.35725273E-04  2.29129702E+00
 -4.00000000E+00  1.94800000E+00  9.87547449E-01  0.00000000E+00 -7.69532675E-02  1.00000005E-03  3.32140759E-04  2.30147191E+00
 -4.00000000E+00  1.95000000E+00  9.87649006E-01  0.00000000E+00 -7.69501947E-02  1.00000005E-03  3.28607160E-04  2.31035559E+00
 -4.00000000E+00  1.95200000E+00  9.87751109E-01  0.00000000E+00 -7.69470704E-02  1.00000005E-03  3.25060590E-04  2.31978202E+00
 -4.00000000E+00  1.95400000E+00  9.87853875E-01  0.00000000E+00 -7.69438528E-02  1.00000005E-03  3.21499199E-04  2.32987740E+00
 -4.00000000E+00  1.95600000E+00  9.87957115E-01  0.00000000E+00 -7.69405586E-02  1.00000005E-03  3.17928826E-04  2.34050882E+00
 -4.00000000E+00  1.95800000E+00  9.88060664E-01  0.00000000E+00 -7.69372025E-02  1.00000005E-03  3.14354587E-04  2.35156111E+00
 -4.00000000E+00  1.96000000E+00  9.88164383E-01  0.00000000E+00 -7.69337975E-02  1.00000005E-03  3.10780935E-04  2.36293537E+00
 -4.00000000E+00  1.96200000E+00  9.88268149E-01  0.00000000E+00 -7.69303548E-02  1.00000005E-03  3.07211708E-04  2.37454766E+00
 -4.00000000E+00  1.96400000E+00  9.88371863E-01  0.00000000E+00 -7.69268845E-02  1.00000005E-03  3.03650182E-04  2.38632766E+00
 -4.00000000E+00  1.96600000E+00  9.88475441E-01 -1.45682232E-18 -7.69233951E-02  1.00000005E-03  3.00099120E-04  2.39821753E+00
 -4.00000000E+00  1.96800000E+00  9.88578815E-01  0.00000000E+00 -7.69198939E-02  1.00000005E-03  2.96560813E-04  2.41017065E+00
 -4.00000000E+00  1.97000000E+00  9.88681931E-01  0.00000000E+00 -7.69163871E-02  1.00000005E-03  2.93037129E-04  2.42215060E+00
 -4.00000000E+00  1.97200000E+00  9.88784749E-01 -3.16491114E-19 -7.69128799E-02  1.00000005E-03  2.89529548E-04  2.43413006E+00
 -4.00000000E+00  1.97400000E+00  9.88887239E-01  0.00000000E+00 -7.69093763E-02  1.00000005E-03  2.86039207E-04  2.44608987E+00
 -4.00000000E+00  1.97600000E+00  9.88989383E-01  0.00000000E+00 -7.69058797E-02  1.00000005E-03  2.82566933E-04  2.45801806E+00
 -4.00000000E+00  1.97800000E+00  9.89091170E-01  0.00000000E+00 -7.69023927E-02  1.00000005E-03  2.79113280E-04  2.46990902E+00
 -4.00000000E+00  1.98000000E+00  9.89192599E-01  0.00000000E+00 -7.68989172E-02  1.00000005E-03  2.75678560E-04  2.48176264E+00
 -4.00000000E+00  1.98200000E+00  9.89293672E-01  0.00000000E+00 -7.68954543E-02  1.00000005E-03  2.72262873E-04  2.49358358E+00
 -4.00000000E+00  1.98400000E+00  9.89394401E-01 -6.93271141E-19 -7.68920049E-02  1.00000005E-03  2.68866141E-04  2.50538052E+00
 -4.00000000E+00  1.98600000E+00  9.89494800E-01  0.00000000E+00 -7.68885691E-02  1.00000005E-03  2.65488129E-04  2.51716552E+00
 -4.00000000E+00  1.98800000E+00  9.89594888E-01  0.00000000E+00 -7.68851468E-02  1.00000005E-03  2.62128474E-04  2.52895338E+00
 -4.00000000E+00  1.99000000E+00  9.89694686E-01  0.00000000E+00 -7.68817374E-02  1.00000005E-03  2.58786706E-04  2.54076109E+00
 -4.00000000E+00  1.99200000E+00  9.89794218E-01  0.00000000E+00 -7.68783401E-02  1.00000005E-03  2.55462274E-04  2.55260728E+00
 -4.00000000E+00  1.99400000E+00  9.89893510E-01  0.00000000E+00 -7.68749538E-02  1.00000005E-03  2.52154561E-04  2.56451176E+00
 -4.00000000E+00  1.99600000E+00  9.89992589E-01  0.00000000E+00 -7.68715773E-02  1.00000005E-03  2.48862905E-04  2.57649507E+00
 -4.00000000E+00  1.99800000E+00  9.90091481E-01 -1.44757425E-18 -7.68682092E-02  1.00000005E-03  2.45586618E-04  2.58857807E+00
 -4.00000000E+00  2.00000000E+00  9.90190214E-01  0.00000000E+00 -7.68648478E-02  1.00000005E-03  2.42324996E-04  2.60078159E+00
