               X               Y            VELX            VELY            PRES            TEMP            PS 1            PS 2  2.06250000E+03
  0.00000000E+00  0.00000000E+00  0.00000000E+00  0.00000000E+00 -9.51945823E-02  1.00000005E-03  0.00000000E+00  0.00000000E+00
  0.00000000E+00  2.00000000E-03  2.52771954E-01 -2.48548300E-03 -9.45354095E-02  1.00000005E-03  1.37514024E-03  4.21603888E-03
  0.00000000E+00  4.00000000E-03  3.43485489E-01 -2.56185576E-03 -9.42502257E-02  1.00000005E-03  2.26285688E-03  1.06881238E-02
  0.00000000E+00  6.00000000E-03  3.87403901E-01 -2.59475041E-03 -9.41052520E-02  1.00000005E-03  2.51425993E-03  1.79470117E-02
  0.00000000E+00  8.00000000E-03  4.15677317E-01 -2.63840490E-03 -9.39963774E-02  1.00000005E-03  2.62012688E-03  2.55111206E-02
  0.00000000E+00  1.00000000E-02  4.36390614E-01 -2.68800836E-03 -9.39036346E-02  1.00000005E-03  2.67604826E-03  3.31895071E-02
  0.00000000E+00  1.20000000E-02  4.52713881E-01 -2.73948901E-03 -9.38219696E-02  1.00000005E-03  2.70990656E-03  4.08765786E-02
  0.00000000E+00  1.40000000E-02  4.66195915E-01 -2.79227802E-03 -9.37482777E-02  1.00000005E-03  2.73227107E-03  4.85026143E-02
  0.00000000E+00  1.60000000E-02  4.77703163E-01 -2.84543927E-03 -9.36810780E-02  1.00000005E-03  2.74785691E-03  5.60175670E-02
  0.00000000E+00  1.80000000E-02  4.87766992E-01 -2.89872162E-03 -9.36190073E-02  1.00000005E-03  2.75901545E-03  6.33842439E-02
  0.00000000E+00  2.00000000E-02  4.96735509E-01 -2.95187450E-03 -9.35611632E-02  1.00000005E-03  2.76701044E-03  7.05748771E-02
  0.00000000E+00  2.20000000E-02  5.04848496E-01 -3.00470666E-03 -9.35068744E-02  1.00000005E-03  2.77256171E-03  7.75690135E-02
  0.00000000E+00  2.40000000E-02  5.12277680E-01 -3.05711022E-03 -9.34555842E-02  1.00000005E-03  2.77609477E-03  8.43521415E-02
  0.00000000E+00  2.60000000E-02  5.19150005E-01 -3.10898608E-03 -9.34068731E-02  1.00000005E-03  2.77786937E-03  9.09146769E-02
  0.00000000E+00  2.80000000E-02  5.25561718E-01 -3.16026582E-03 -9.33604062E-02  1.00000005E-03  2.77804629E-03  9.72510565E-02
  0.00000000E+00  3.00000000E-02  5.31587404E-01 -3.21089188E-03 -9.33159022E-02  1.00000005E-03  2.77672594E-03  1.03359698E-01
  0.00000000E+00  3.20000000E-02  5.37285845E-01 -3.26081687E-03 -9.32731306E-02  1.00000005E-03  2.77397055E-03  1.09242248E-01
  0.00000000E+00  3.40000000E-02  5.42704106E-01 -3.31000067E-03 -9.32318981E-02  1.00000005E-03  2.76981817E-03  1.14902802E-01
  0.00000000E+00  3.60000000E-02  5.47880370E-01 -3.35840855E-03 -9.31920422E-02  1.00000005E-03  2.76429115E-03  1.20347451E-01
  0.00000000E+00  3.80000000E-02  5.52845947E-01 -3.40601018E-03 -9.31534244E-02  1.00000005E-03  2.75740161E-03  1.25583966E-01
  0.00000000E+00  4.00000000E-02  5.57626788E-01 -3.45277876E-03 -9.31159218E-02  1.00000005E-03  2.74915569E-03  1.30621463E-01
  0.00000000E+00  4.20000000E-02  5.62244565E-01 -3.49869047E-03 -9.30794331E-02  1.00000005E-03  2.73955570E-03  1.35470165E-01
  0.00000000E+00  4.40000000E-02  5.66717513E-01 -3.54372434E-03 -9.30438684E-02  1.00000005E-03  2.72860240E-03  1.40141158E-01
  0.00000000E+00  4.60000000E-02  5.71061076E-01 -3.58786175E-03 -9.30091488E-02  1.00000005E-03  2.71629616E-03  1.44646200E-01
  0.00000000E+00  4.80000000E-02  5.75288393E-01 -3.63108642E-03 -9.29752049E-02  1.00000005E-03  2.70263813E-03  1.48997547E-01
  0.00000000E+00  5.00000000E-02  5.79410691E-01 -3.67338430E-03 -9.29419757E-02  1.00000005E-03  2.68763112E-03  1.53207806E-01
  0.00000000E+00  5.20000000E-02  5.83437599E-01 -3.71474349E-03 -9.29094066E-02  1.00000005E-03  2.67128027E-03  1.57289806E-01
  0.00000000E+00  5.40000000E-02  5.87377397E-01 -3.75515417E-03 -9.28774491E-02  1.00000005E-03  2.65359367E-03  1.61256493E-01
  0.00000000E+00  5.60000000E-02  5.91237218E-01 -3.79460852E-03 -9.28460595E-02  1.00000005E-03  2.63458277E-03  1.65120835E-01
  0.00000000E+00  5.80000000E-02  5.95023205E-01 -3.83310081E-03 -9.28151987E-02  1.00000005E-03  2.61426289E-03  1.68895743E-01
  0.00000000E+00  6.00000000E-02  5.98740657E-01 -3.87062740E-03 -9.27848318E-02  1.00000005E-03  2.59265356E-03  1.72594000E-01
  0.00000000E+00  6.20000000E-02  6.02394142E-01 -3.90718652E-03 -9.27549276E-02  1.00000005E-03  2.56977895E-03  1.76228203E-01
  0.00000000E+00  6.40000000E-02  6.05987585E-01 -3.94277892E-03 -9.27254572E-02  1.00000005E-03  2.54566793E-03  1.79810713E-01
  0.00000000E+00  6.60000000E-02  6.09524354E-01 -3.97740708E-03 -9.26963941E-02  1.00000005E-03  2.52035456E-03  1.83353611E-01
  0.00000000E+00  6.80000000E-02  6.13007326E-01 -4.01107556E-03 -9.26677142E-02  1.00000005E-03  2.49387811E-03  1.86868653E-01
  0.00000000E+00  7.00000000E-02  6.16438945E-01 -4.04379117E-03 -9.26393959E-02  1.00000005E-03  2.46628324E-03  1.90367236E-01
  0.00000000E+00  7.20000000E-02  6.19821276E-01 -4.07556288E-03 -9.26114197E-02  1.00000005E-03  2.43762010E-03  1.93860365E-01
  0.00000000E+00  7.40000000E-02  6.23156042E-01 -4.10640180E-03 -9.25837675E-02  1.00000005E-03  2.40794440E-03  1.97358621E-01
  0.00000000E+00  7.60000000E-02  6.26444671E-01 -4.13632112E-03 -9.25564229E-02  1.00000005E-03  2.37731737E-03  2.00872122E-01
  0.00000000E+00  7.80000000E-02  6.29688322E-01 -4.16533615E-03 -9.25293706E-02  1.00000005E-03  2.34580570E-03  2.04410496E-01
  0.00000000E+00  8.00000000E-02  6.32887923E-01 -4.19346426E-03 -9.25025968E-02  1.00000005E-03  2.31348139E-03  2.07982843E-01
  0.00000000E+00  8.20000000E-02  6.36044190E-01 -4.22072491E-03 -9.24760884E-02  1.00000005E-03  2.28042159E-03  2.11597698E-01
  0.00000000E+00  8.40000000E-02  6.39157660E-01 -4.24713964E-03 -9.24498339E-02  1.00000005E-03  2.24670832E-03  2.15262994E-01
  0.00000000E+00  8.60000000E-02  6.42228707E-01 -4.27273199E-03 -9.24238226E-02  1.00000005E-03  2.21242813E-03  2.18986018E-01
  0.00000000E+00  8.80000000E-02  6.45257563E-01 -4.29752746E-03 -9.23980445E-02  1.00000005E-03  2.17767178E-03  2.22773371E-01
  0.00000000E+00  9.00000000E-02  6.48244339E-01 -4.32155337E-03 -9.23724907E-02  1.00000005E-03  2.14253371E-03  2.26630917E-01
  0.00000000E+00  9.20000000E-02  6.51189043E-01 -4.34483865E-03 -9.23471525E-02  1.00000005E-03  2.10711160E-03  2.30563736E-01
  0.00000000E+00  9.40000000E-02  6.54091594E-01 -4.36741360E-03 -9.23220215E-02  1.00000005E-03  2.07150569E-03  2.34576067E-01
  0.00000000E+00  9.60000000E-02  6.56951839E-01 -4.38931197E-03 -9.22970938E-02  1.00000005E-03  2.03581809E-03  2.38671213E-01
  0.00000000E+00  9.80000000E-02  6.59769565E-01 -4.41056592E-03 -9.22723591E-02  1.00000005E-03  2.00015290E-03  2.42851784E-01
  0.00000000E+00  1.00000000E-01  6.62544516E-01 -4.43121082E-03 -9.22478121E-02  1.00000005E-03  1.96461375E-03  2.47119028E-01
  0.00000000E+00  1.02000000E-01  6.65276405E-01 -4.45128305E-03 -9.22234479E-02  1.00000005E-03  1.92930437E-03  2.51473296E-01
  0.00000000E+00  1.04000000E-01  6.67964925E-01 -4.47081980E-03 -9.21992614E-02  1.00000005E-03  1.89432767E-03  2.55913934E-01
  0.00000000E+00  1.06000000E-01  6.70609760E-01 -4.48985899E-03 -9.21752481E-02  1.00000005E-03  1.85978476E-03  2.60439205E-01
  0.00000000E+00  1.08000000E-01  6.73210600E-01 -4.50843908E-03 -9.21514035E-02  1.00000005E-03  1.82577411E-03  2.65046237E-01
  0.00000000E+00  1.10000000E-01  6.75767147E-01 -4.52659896E-03 -9.21277235E-02  1.00000005E-03  1.79239062E-03  2.69731001E-01
  0.00000000E+00  1.12000000E-01  6.78279128E-01 -4.54437771E-03 -9.21042044E-02  1.00000005E-03  1.75972485E-03  2.74488322E-01
  0.00000000E+00  1.14000000E-01  6.80746304E-01 -4.56181440E-03 -9.20808427E-02  1.00000005E-03  1.72786226E-03  2.79311906E-01
  0.00000000E+00  1.16000000E-01  6.83168480E-01 -4.57894789E-03 -9.20576352E-02  1.00000005E-03  1.69688248E-03  2.84194399E-01
  0.00000000E+00  1.18000000E-01  6.85545509E-01 -4.59581656E-03 -9.20345792E-02  1.00000005E-03  1.66685875E-03  2.89127463E-01
  0.00000000E+00  1.20000000E-01  6.87877302E-01 -4.61245811E-03 -9.20116718E-02  1.00000005E-03  1.63785734E-03  2.94101872E-01
  0.00000000E+00  1.22000000E-01  6.90163835E-01 -4.62890932E-03 -9.19889106E-02  1.00000005E-03  1.60993705E-03  2.99107626E-01
  0.00000000E+00  1.24000000E-01  6.92405152E-01 -4.64520579E-03 -9.19662933E-02  1.00000005E-03  1.58314891E-03  3.04134079E-01
  0.00000000E+00  1.26000000E-01  6.94601373E-01 -4.66138177E-03 -9.19438176E-02  1.00000005E-03  1.55753582E-03  3.09170086E-01
  0.00000000E+00  1.28000000E-01  6.96752693E-01 -4.67746993E-03 -9.19214814E-02  1.00000005E-03  1.53313242E-03  3.14204150E-01
  0.00000000E+00  1.30000000E-01  6.98859387E-01 -4.69350117E-03 -9.18992826E-02  1.00000005E-03  1.50996501E-03  3.19224594E-01
  0.00000000E+00  1.32000000E-01  7.00921811E-01 -4.70950449E-03 -9.18772189E-02  1.00000005E-03  1.48805156E-03  3.24219725E-01
  0.00000000E+00  1.34000000E-01  7.02940403E-01 -4.72550682E-03 -9.18552885E-02  1.00000005E-03  1.46740193E-03  3.29178013E-01
  0.00000000E+00  1.36000000E-01  7.04915679E-01 -4.74153296E-03 -9.18334893E-02  1.00000005E-03  1.44801810E-03  3.34088274E-01
  0.00000000E+00  1.38000000E-01  7.06848237E-01 -4.75760552E-03 -9.18118194E-02  1.00000005E-03  1.42989464E-03  3.38939847E-01
  0.00000000E+00  1.40000000E-01  7.08738746E-01 -4.77374485E-03 -9.17902772E-02  1.00000005E-03  1.41301925E-03  3.43722780E-01
  0.00000000E+00  1.42000000E-01  7.10587946E-01 -4.78996915E-03 -9.17688614E-02  1.00000005E-03  1.39737346E-03  3.48428005E-01
  0.00000000E+00  1.44000000E-01  7.12396642E-01 -4.80629450E-03 -9.17475710E-02  1.00000005E-03  1.38293354E-03  3.53047514E-01
  0.00000000E+00  1.46000000E-01  7.14165693E-01 -4.82273121E-03 -9.17263972E-02  1.00000005E-03  1.36966939E-03  3.57573598E-01
  0.00000000E+00  1.48000000E-01  7.15896036E-01 -4.83929316E-03 -9.17053453E-02  1.00000005E-03  1.35754742E-03  3.62000966E-01
  0.00000000E+00  1.50000000E-01  7.17588625E-01 -4.85598897E-03 -9.16844133E-02  1.00000005E-03  1.34653003E-03  3.66324181E-01
  0.00000000E+00  1.52000000E-01  7.19244458E-01 -4.87282509E-03 -9.16635991E-02  1.00000005E-03  1.33657640E-03  3.70539114E-01
  0.00000000E+00  1.54000000E-01  7.20864570E-01 -4.88980600E-03 -9.16429007E-02  1.00000005E-03  1.32764327E-03  3.74642850E-01
  0.00000000E+00  1.56000000E-01  7.22450023E-01 -4.90693437E-03 -9.16223159E-02  1.00000005E-03  1.31968557E-03  3.78633571E-01
  0.00000000E+00  1.58000000E-01  7.24001895E-01 -4.92421123E-03 -9.16018429E-02  1.00000005E-03  1.31265704E-03  3.82510450E-01
  0.00000000E+00  1.60000000E-01  7.25521276E-01 -4.94163612E-03 -9.15814796E-02  1.00000005E-03  1.30651078E-03  3.86273549E-01
  0.00000000E+00  1.62000000E-01  7.27009259E-01 -4.95920722E-03 -9.15612241E-02  1.00000005E-03  1.30119973E-03  3.89923715E-01
  0.00000000E+00  1.64000000E-01  7.28466934E-01 -4.97692152E-03 -9.15410745E-02  1.00000005E-03  1.29667707E-03  3.93462486E-01
  0.00000000E+00  1.66000000E-01  7.29895382E-01 -4.99477493E-03 -9.15210290E-02  1.00000005E-03  1.29289659E-03  3.96892001E-01
  0.00000000E+00  1.68000000E-01  7.31295670E-01 -5.01276245E-03 -9.15010858E-02  1.00000005E-03  1.28981299E-03  4.00214910E-01
  0.00000000E+00  1.70000000E-01  7.32668848E-01 -5.03087831E-03 -9.14812432E-02  1.00000005E-03  1.28738217E-03  4.03434294E-01
  0.00000000E+00  1.72000000E-01  7.34015944E-01 -5.04911605E-03 -9.14614994E-02  1.00000005E-03  1.28556143E-03  4.06553584E-01
  0.00000000E+00  1.74000000E-01  7.35337962E-01 -5.06746867E-03 -9.14418528E-02  1.00000005E-03  1.28430965E-03  4.09576492E-01
  0.00000000E+00  1.76000000E-01  7.36635876E-01 -5.08592878E-03 -9.14223018E-02  1.00000005E-03  1.28358740E-03  4.12506938E-01
  0.00000000E+00  1.78000000E-01  7.37910631E-01 -5.10448864E-03 -9.14028448E-02  1.00000005E-03  1.28335708E-03  4.15348988E-01
  0.00000000E+00  1.80000000E-01  7.39163142E-01 -5.12314032E-03 -9.13834804E-02  1.00000005E-03  1.28358295E-03  4.18106796E-01
  0.00000000E+00  1.82000000E-01  7.40394289E-01 -5.14187576E-03 -9.13642070E-02  1.00000005E-03  1.28423121E-03  4.20784551E-01
  0.00000000E+00  1.84000000E-01  7.41604919E-01 -5.16068689E-03 -9.13450233E-02  1.00000005E-03  1.28526993E-03  4.23386424E-01
  0.00000000E+00  1.86000000E-01  7.42795845E-01 -5.17956566E-03 -9.13259277E-02  1.00000005E-03  1.28666913E-03  4.25916531E-01
  0.00000000E+00  1.88000000E-01  7.43967843E-01 -5.19850417E-03 -9.13069190E-02  1.00000005E-03  1.28840067E-03  4.28378893E-01
  0.00000000E+00  1.90000000E-01  7.45121658E-01 -5.21749469E-03 -9.12879958E-02  1.00000005E-03  1.29043825E-03  4.30777400E-01
  0.00000000E+00  1.92000000E-01  7.46257998E-01 -5.23652970E-03 -9.12691567E-02  1.00000005E-03  1.29275730E-03  4.33115791E-01
  0.00000000E+00  1.94000000E-01  7.47377538E-01 -5.25560198E-03 -9.12504005E-02  1.00000005E-03  1.29533493E-03  4.35397627E-01
  0.00000000E+00  1.96000000E-01  7.48480919E-01 -5.27470460E-03 -9.12317258E-02  1.00000005E-03  1.29814985E-03  4.37626278E-01
  0.00000000E+00  1.98000000E-01  7.49568752E-01 -5.29383096E-03 -9.12131313E-02  1.00000005E-03  1.30118224E-03  4.39804916E-01
  0.00000000E+00  2.00000000E-01  7.50641616E-01 -5.31297477E-03 -9.11946157E-02  1.00000005E-03  1.30441370E-03  4.41936508E-01
  0.00000000E+00  2.02000000E-01  7.51700060E-01 -5.33213009E-03 -9.11761776E-02  1.00000005E-03  1.30782715E-03  4.44023820E-01
  0.00000000E+00  2.04000000E-01  7.52744605E-01 -5.35129126E-03 -9.11578156E-02  1.00000005E-03  1.31140671E-03  4.46069426E-01
  0.00000000E+00  2.06000000E-01  7.53775746E-01 -5.37045291E-03 -9.11395284E-02  1.00000005E-03  1.31513768E-03  4.48075724E-01
  0.00000000E+00  2.08000000E-01  7.54793951E-01 -5.38960992E-03 -9.11213143E-02  1.00000005E-03  1.31900642E-03  4.50044956E-01
  0.00000000E+00  2.10000000E-01  7.55799665E-01 -5.40875733E-03 -9.11031718E-02  1.00000005E-03  1.32300033E-03  4.51979239E-01
  0.00000000E+00  2.12000000E-01  7.56793309E-01 -5.42789028E-03 -9.10850992E-02  1.00000005E-03  1.32710778E-03  4.53880594E-01
  0.00000000E+00  2.14000000E-01  7.57775285E-01 -5.44700396E-03 -9.10670948E-02  1.00000005E-03  1.33131815E-03  4.55750995E-01
  0.00000000E+00  2.16000000E-01  7.58745971E-01 -5.46609345E-03 -9.10491566E-02  1.00000005E-03  1.33562177E-03  4.57592410E-01
  0.00000000E+00  2.18000000E-01  7.59705729E-01 -5.48515366E-03 -9.10312826E-02  1.00000005E-03  1.34001001E-03  4.59406859E-01
  0.00000000E+00  2.20000000E-01  7.60654891E-01 -5.50418779E-03 -9.10134810E-02  1.00000005E-03  1.34447472E-03  4.61195766E-01
  0.00000000E+00  2.22000000E-01  7.61593778E-01 -5.52319372E-03 -9.09957512E-02  1.00000005E-03  1.34900720E-03  4.62959989E-01
  0.00000000E+00  2.24000000E-01  7.62522700E-01 -5.54216190E-03 -9.09780837E-02  1.00000005E-03  1.35360054E-03  4.64701213E-01
  0.00000000E+00  2.26000000E-01  7.63441944E-01 -5.56109033E-03 -9.09604783E-02  1.00000005E-03  1.35824831E-03  4.66420675E-01
  0.00000000E+00  2.28000000E-01  7.64351784E-01 -5.57997710E-03 -9.09429347E-02  1.00000005E-03  1.36294453E-03  4.68119533E-01
  0.00000000E+00  2.30000000E-01  7.65252479E-01 -5.59882038E-03 -9.09254524E-02  1.00000005E-03  1.36768368E-03  4.69798865E-01
  0.00000000E+00  2.32000000E-01  7.66144278E-01 -5.61761845E-03 -9.09080307E-02  1.00000005E-03  1.37246061E-03  4.71459680E-01
  0.00000000E+00  2.34000000E-01  7.67027415E-01 -5.63636970E-03 -9.08906691E-02  1.00000005E-03  1.37727059E-03  4.73102922E-01
  0.00000000E+00  2.36000000E-01  7.67902115E-01 -5.65507260E-03 -9.08733668E-02  1.00000005E-03  1.38210922E-03  4.74729469E-01
  0.00000000E+00  2.38000000E-01  7.68768591E-01 -5.67372575E-03 -9.08561230E-02  1.00000005E-03  1.38697242E-03  4.76340144E-01
  0.00000000E+00  2.40000000E-01  7.69627047E-01 -5.69232785E-03 -9.08389368E-02  1.00000005E-03  1.39185644E-03  4.77935715E-01
  0.00000000E+00  2.42000000E-01  7.70477678E-01 -5.71087770E-03 -9.08218074E-02  1.00000005E-03  1.39675777E-03  4.79516899E-01
  0.00000000E+00  2.44000000E-01  7.71320669E-01 -5.72937421E-03 -9.08047340E-02  1.00000005E-03  1.40167321E-03  4.81084369E-01
  0.00000000E+00  2.46000000E-01  7.72156197E-01 -5.74781642E-03 -9.07877157E-02  1.00000005E-03  1.40659975E-03  4.82638750E-01
  0.00000000E+00  2.48000000E-01  7.72984432E-01 -5.76620342E-03 -9.07707516E-02  1.00000005E-03  1.41153464E-03  4.84180632E-01
  0.00000000E+00  2.50000000E-01  7.73805535E-01 -5.78453447E-03 -9.07538408E-02  1.00000005E-03  1.41647532E-03  4.85710563E-01
  0.00000000E+00  2.52000000E-01  7.74619664E-01 -5.80280886E-03 -9.07369827E-02  1.00000005E-03  1.42141941E-03  4.87229059E-01
  0.00000000E+00  2.54000000E-01  7.75426965E-01 -5.82102602E-03 -9.07201763E-02  1.00000005E-03  1.42636472E-03  4.88736603E-01
  0.00000000E+00  2.56000000E-01  7.76227582E-01 -5.83918546E-03 -9.07034208E-02  1.00000005E-03  1.43130920E-03  4.90233648E-01
  0.00000000E+00  2.58000000E-01  7.77021652E-01 -5.85728676E-03 -9.06867157E-02  1.00000005E-03  1.43625096E-03  4.91720622E-01
  0.00000000E+00  2.60000000E-01  7.77809306E-01 -5.87532959E-03 -9.06700601E-02  1.00000005E-03  1.44118824E-03  4.93197924E-01
  0.00000000E+00  2.62000000E-01  7.78590673E-01 -5.89331371E-03 -9.06534533E-02  1.00000005E-03  1.44611941E-03  4.94665933E-01
  0.00000000E+00  2.64000000E-01  7.79365873E-01 -5.91123892E-03 -9.06368948E-02  1.00000005E-03  1.45104294E-03  4.96125004E-01
  0.00000000E+00  2.66000000E-01  7.80135024E-01 -5.92910512E-03 -9.06203838E-02  1.00000005E-03  1.45595742E-03  4.97575472E-01
  0.00000000E+00  2.68000000E-01  7.80898239E-01 -5.94691224E-03 -9.06039198E-02  1.00000005E-03  1.46086151E-03  4.99017656E-01
  0.00000000E+00  2.70000000E-01  7.81655629E-01 -5.96466027E-03 -9.05875023E-02  1.00000005E-03  1.46575398E-03  5.00451855E-01
  0.00000000E+00  2.72000000E-01  7.82407298E-01 -5.98234927E-03 -9.05711305E-02  1.00000005E-03  1.47063368E-03  5.01878353E-01
  0.00000000E+00  2.74000000E-01  7.83153349E-01 -5.99997930E-03 -9.05548040E-02  1.00000005E-03  1.47549952E-03  5.03297422E-01
  0.00000000E+00  2.76000000E-01  7.83893881E-01 -6.01755051E-03 -9.05385223E-02  1.00000005E-03  1.48035049E-03  5.04709316E-01
  0.00000000E+00  2.78000000E-01  7.84628990E-01 -6.03506304E-03 -9.05222848E-02  1.00000005E-03  1.48518563E-03  5.06114279E-01
  0.00000000E+00  2.80000000E-01  7.85358769E-01 -6.05251706E-03 -9.05060909E-02  1.00000005E-03  1.49000405E-03  5.07512543E-01
  0.00000000E+00  2.82000000E-01  7.86083307E-01 -6.06991279E-03 -9.04899403E-02  1.00000005E-03  1.49480492E-03  5.08904328E-01
  0.00000000E+00  2.84000000E-01  7.86802691E-01 -6.08725044E-03 -9.04738323E-02  1.00000005E-03  1.49958745E-03  5.10289846E-01
  0.00000000E+00  2.86000000E-01  7.87517008E-01 -6.10453025E-03 -9.04577664E-02  1.00000005E-03  1.50435090E-03  5.11669296E-01
  0.00000000E+00  2.88000000E-01  7.88226338E-01 -6.12175246E-03 -9.04417421E-02  1.00000005E-03  1.50909456E-03  5.13042870E-01
  0.00000000E+00  2.90000000E-01  7.88930763E-01 -6.13891731E-03 -9.04257589E-02  1.00000005E-03  1.51381779E-03  5.14410753E-01
  0.00000000E+00  2.92000000E-01  7.89630359E-01 -6.15602506E-03 -9.04098161E-02  1.00000005E-03  1.51851997E-03  5.15773117E-01
  0.00000000E+00  2.94000000E-01  7.90325202E-01 -6.17307598E-03 -9.03939133E-02  1.00000005E-03  1.52320053E-03  5.17130132E-01
  0.00000000E+00  2.96000000E-01  7.91015367E-01 -6.19007030E-03 -9.03780499E-02  1.00000005E-03  1.52785892E-03  5.18481956E-01
  0.00000000E+00  2.98000000E-01  7.91700923E-01 -6.20700830E-03 -9.03622252E-02  1.00000005E-03  1.53249464E-03  5.19828744E-01
  0.00000000E+00  3.00000000E-01  7.92381942E-01 -6.22389022E-03 -9.03464388E-02  1.00000005E-03  1.53710720E-03  5.21170640E-01
  0.00000000E+00  3.02000000E-01  7.93058491E-01 -6.24071633E-03 -9.03306900E-02  1.00000005E-03  1.54169618E-03  5.22507786E-01
  0.00000000E+00  3.04000000E-01  7.93730636E-01 -6.25748689E-03 -9.03149783E-02  1.00000005E-03  1.54626114E-03  5.23840316E-01
  0.00000000E+00  3.06000000E-01  7.94398441E-01 -6.27420216E-03 -9.02993032E-02  1.00000005E-03  1.55080171E-03  5.25168358E-01
  0.00000000E+00  3.08000000E-01  7.95061970E-01 -6.29086243E-03 -9.02836640E-02  1.00000005E-03  1.55531752E-03  5.26492035E-01
  0.00000000E+00  3.10000000E-01  7.95721283E-01 -6.30746799E-03 -9.02680604E-02  1.00000005E-03  1.55980824E-03  5.27811465E-01
  0.00000000E+00  3.12000000E-01  7.96376441E-01 -6.32401915E-03 -9.02524919E-02  1.00000005E-03  1.56427354E-03  5.29126762E-01
  0.00000000E+00  3.14000000E-01  7.97027501E-01 -6.34051625E-03 -9.02369580E-02  1.00000005E-03  1.56871314E-03  5.30438034E-01
  0.00000000E+00  3.16000000E-01  7.97674521E-01 -6.35695968E-03 -9.02214585E-02  1.00000005E-03  1.57312675E-03  5.31745386E-01
  0.00000000E+00  3.18000000E-01  7.98317557E-01 -6.37334985E-03 -9.02059932E-02  1.00000005E-03  1.57751412E-03  5.33048919E-01
  0.00000000E+00  3.20000000E-01  7.98956662E-01 -6.38968726E-03 -9.01905619E-02  1.00000005E-03  1.58187499E-03  5.34348732E-01
  0.00000000E+00  3.22000000E-01  7.99591891E-01 -6.40597244E-03 -9.01751647E-02  1.00000005E-03  1.58620912E-03  5.35644920E-01
  0.00000000E+00  3.24000000E-01  8.00223296E-01 -6.42220604E-03 -9.01598018E-02  1.00000005E-03  1.59051628E-03  5.36937577E-01
  0.00000000E+00  3.26000000E-01  8.00850928E-01 -6.43838879E-03 -9.01444737E-02  1.00000005E-03  1.59479622E-03  5.38226794E-01
  0.00000000E+00  3.28000000E-01  8.01474839E-01 -6.45452153E-03 -9.01291808E-02  1.00000005E-03  1.59904872E-03  5.39512664E-01
  0.00000000E+00  3.30000000E-01  8.02095078E-01 -6.47060525E-03 -9.01139241E-02  1.00000005E-03  1.60327351E-03  5.40795278E-01
  0.00000000E+00  3.32000000E-01  8.02711693E-01 -6.48663687E-03 -9.00986953E-02  1.00000005E-03  1.60747045E-03  5.42074714E-01
  0.00000000E+00  3.34000000E-01  8.03324727E-01 -6.50261093E-03 -9.00834815E-02  1.00000005E-03  1.61163962E-03  5.43351017E-01
  0.00000000E+00  3.36000000E-01  8.03934229E-01 -6.51853640E-03 -9.00683022E-02  1.00000005E-03  1.61578071E-03  5.44624285E-01
  0.00000000E+00  3.38000000E-01  8.04540243E-01 -6.53441331E-03 -9.00531563E-02  1.00000005E-03  1.61989360E-03  5.45894588E-01
  0.00000000E+00  3.40000000E-01  8.05142814E-01 -6.55024175E-03 -9.00380427E-02  1.00000005E-03  1.62397815E-03  5.47161997E-01
  0.00000000E+00  3.42000000E-01  8.05741985E-01 -6.56602181E-03 -9.00229605E-02  1.00000005E-03  1.62803425E-03  5.48426579E-01
  0.00000000E+00  3.44000000E-01  8.06337799E-01 -6.58175364E-03 -9.00079090E-02  1.00000005E-03  1.63206179E-03  5.49688399E-01
  0.00000000E+00  3.46000000E-01  8.06930296E-01 -6.59743742E-03 -8.99928874E-02  1.00000005E-03  1.63606068E-03  5.50947521E-01
  0.00000000E+00  3.48000000E-01  8.07519518E-01 -6.61307332E-03 -8.99778951E-02  1.00000005E-03  1.64003083E-03  5.52204006E-01
  0.00000000E+00  3.50000000E-01  8.08105504E-01 -6.62866157E-03 -8.99629314E-02  1.00000005E-03  1.64397215E-03  5.53457914E-01
  0.00000000E+00  3.52000000E-01  8.08688293E-01 -6.64420240E-03 -8.99479959E-02  1.00000005E-03  1.64788457E-03  5.54709303E-01
  0.00000000E+00  3.54000000E-01  8.09267925E-01 -6.65969606E-03 -8.99330880E-02  1.00000005E-03  1.65176802E-03  5.55958230E-01
  0.00000000E+00  3.56000000E-01  8.09844436E-01 -6.67514282E-03 -8.99182074E-02  1.00000005E-03  1.65562244E-03  5.57204749E-01
  0.00000000E+00  3.58000000E-01  8.10417864E-01 -6.69054295E-03 -8.99033536E-02  1.00000005E-03  1.65944778E-03  5.58448912E-01
  0.00000000E+00  3.60000000E-01  8.10988246E-01 -6.70589674E-03 -8.98885263E-02  1.00000005E-03  1.66324398E-03  5.59690773E-01
  0.00000000E+00  3.62000000E-01  8.11555616E-01 -6.72120449E-03 -8.98737252E-02  1.00000005E-03  1.66701100E-03  5.60930380E-01
  0.00000000E+00  3.64000000E-01  8.12120011E-01 -6.73646648E-03 -8.98589500E-02  1.00000005E-03  1.67074881E-03  5.62167783E-01
  0.00000000E+00  3.66000000E-01  8.12681464E-01 -6.75168304E-03 -8.98442003E-02  1.00000005E-03  1.67445738E-03  5.63403029E-01
  0.00000000E+00  3.68000000E-01  8.13240009E-01 -6.76685445E-03 -8.98294760E-02  1.00000005E-03  1.67813669E-03  5.64636164E-01
  0.00000000E+00  3.70000000E-01  8.13795679E-01 -6.78198104E-03 -8.98147769E-02  1.00000005E-03  1.68178670E-03  5.65867232E-01
  0.00000000E+00  3.72000000E-01  8.14348508E-01 -6.79706311E-03 -8.98001025E-02  1.00000005E-03  1.68540741E-03  5.67096277E-01
  0.00000000E+00  3.74000000E-01  8.14898527E-01 -6.81210097E-03 -8.97854529E-02  1.00000005E-03  1.68899881E-03  5.68323342E-01
  0.00000000E+00  3.76000000E-01  8.15445767E-01 -6.82709492E-03 -8.97708277E-02  1.00000005E-03  1.69256089E-03  5.69548467E-01
  0.00000000E+00  3.78000000E-01  8.15990260E-01 -6.84204527E-03 -8.97562267E-02  1.00000005E-03  1.69609365E-03  5.70771693E-01
  0.00000000E+00  3.80000000E-01  8.16532036E-01 -6.85695231E-03 -8.97416497E-02  1.00000005E-03  1.69959710E-03  5.71993059E-01
  0.00000000E+00  3.82000000E-01  8.17071125E-01 -6.87181635E-03 -8.97270966E-02  1.00000005E-03  1.70307124E-03  5.73212603E-01
  0.00000000E+00  3.84000000E-01  8.17607556E-01 -6.88663767E-03 -8.97125671E-02  1.00000005E-03  1.70651608E-03  5.74430361E-01
  0.00000000E+00  3.86000000E-01  8.18141358E-01 -6.90141656E-03 -8.96980610E-02  1.00000005E-03  1.70993163E-03  5.75646371E-01
  0.00000000E+00  3.88000000E-01  8.18672560E-01 -6.91615330E-03 -8.96835780E-02  1.00000005E-03  1.71331793E-03  5.76860666E-01
  0.00000000E+00  3.90000000E-01  8.19201189E-01 -6.93084817E-03 -8.96691181E-02  1.00000005E-03  1.71667498E-03  5.78073282E-01
  0.00000000E+00  3.92000000E-01  8.19727273E-01 -6.94550144E-03 -8.96546809E-02  1.00000005E-03  1.72000282E-03  5.79284252E-01
  0.00000000E+00  3.94000000E-01  8.20250839E-01 -6.96011337E-03 -8.96402663E-02  1.00000005E-03  1.72330147E-03  5.80493608E-01
  0.00000000E+00  3.96000000E-01  8.20771913E-01 -6.97468422E-03 -8.96258740E-02  1.00000005E-03  1.72657096E-03  5.81701383E-01
  0.00000000E+00  3.98000000E-01  8.21290523E-01 -6.98921424E-03 -8.96115038E-02  1.00000005E-03  1.72981134E-03  5.82907607E-01
  0.00000000E+00  4.00000000E-01  8.21806692E-01 -7.00370369E-03 -8.95971555E-02  1.00000005E-03  1.73302263E-03  5.84112311E-01
  0.00000000E+00  4.02000000E-01  8.22320447E-01 -7.01815280E-03 -8.95828287E-02  1.00000005E-03  1.73620487E-03  5.85315525E-01
  0.00000000E+00  4.04000000E-01  8.22831813E-01 -7.03256181E-03 -8.95685234E-02  1.00000005E-03  1.73935812E-03  5.86517277E-01
  0.00000000E+00  4.06000000E-01  8.23340813E-01 -7.04693095E-03 -8.95542392E-02  1.00000005E-03  1.74248241E-03  5.87717595E-01
  0.00000000E+00  4.08000000E-01  8.23847473E-01 -7.06126045E-03 -8.95399759E-02  1.00000005E-03  1.74557780E-03  5.88916509E-01
  0.00000000E+00  4.10000000E-01  8.24351815E-01 -7.07555054E-03 -8.95257333E-02  1.00000005E-03  1.74864432E-03  5.90114043E-01
  0.00000000E+00  4.12000000E-01  8.24853864E-01 -7.08980144E-03 -8.95115111E-02  1.00000005E-03  1.75168204E-03  5.91310226E-01
  0.00000000E+00  4.14000000E-01  8.25353642E-01 -7.10401335E-03 -8.94973091E-02  1.00000005E-03  1.75469101E-03  5.92505083E-01
  0.00000000E+00  4.16000000E-01  8.25851172E-01 -7.11818650E-03 -8.94831270E-02  1.00000005E-03  1.75767129E-03  5.93698638E-01
  0.00000000E+00  4.18000000E-01  8.26346476E-01 -7.13232109E-03 -8.94689645E-02  1.00000005E-03  1.76062293E-03  5.94890918E-01
  0.00000000E+00  4.20000000E-01  8.26839576E-01 -7.14641733E-03 -8.94548216E-02  1.00000005E-03  1.76354599E-03  5.96081947E-01
  0.00000000E+00  4.22000000E-01  8.27330494E-01 -7.16047542E-03 -8.94406978E-02  1.00000005E-03  1.76644053E-03  5.97271747E-01
  0.00000000E+00  4.24000000E-01  8.27819252E-01 -7.17449558E-03 -8.94265930E-02  1.00000005E-03  1.76930662E-03  5.98460343E-01
  0.00000000E+00  4.26000000E-01  8.28305869E-01 -7.18847800E-03 -8.94125070E-02  1.00000005E-03  1.77214433E-03  5.99647757E-01
  0.00000000E+00  4.28000000E-01  8.28790367E-01 -7.20242288E-03 -8.93984396E-02  1.00000005E-03  1.77495372E-03  6.00834012E-01
  0.00000000E+00  4.30000000E-01  8.29272766E-01 -7.21633044E-03 -8.93843905E-02  1.00000005E-03  1.77773485E-03  6.02019130E-01
  0.00000000E+00  4.32000000E-01  8.29753086E-01 -7.23020086E-03 -8.93703595E-02  1.00000005E-03  1.78048780E-03  6.03203132E-01
  0.00000000E+00  4.34000000E-01  8.30231347E-01 -7.24403435E-03 -8.93563465E-02  1.00000005E-03  1.78321264E-03  6.04386039E-01
  0.00000000E+00  4.36000000E-01  8.30707568E-01 -7.25783112E-03 -8.93423512E-02  1.00000005E-03  1.78590944E-03  6.05567872E-01
  0.00000000E+00  4.38000000E-01  8.31181769E-01 -7.27159136E-03 -8.93283735E-02  1.00000005E-03  1.78857827E-03  6.06748651E-01
  0.00000000E+00  4.40000000E-01  8.31653969E-01 -7.28531528E-03 -8.93144132E-02  1.00000005E-03  1.79121921E-03  6.07928397E-01
  0.00000000E+00  4.42000000E-01  8.32124186E-01 -7.29900308E-03 -8.93004702E-02  1.00000005E-03  1.79383233E-03  6.09107128E-01
  0.00000000E+00  4.44000000E-01  8.32592438E-01 -7.31265496E-03 -8.92865443E-02  1.00000005E-03  1.79641772E-03  6.10284865E-01
  0.00000000E+00  4.46000000E-01  8.33058744E-01 -7.32627114E-03 -8.92726354E-02  1.00000005E-03  1.79897544E-03  6.11461625E-01
  0.00000000E+00  4.48000000E-01  8.33523122E-01 -7.33985181E-03 -8.92587433E-02  1.00000005E-03  1.80150558E-03  6.12637428E-01
  0.00000000E+00  4.50000000E-01  8.33985589E-01 -7.35339719E-03 -8.92448679E-02  1.00000005E-03  1.80400822E-03  6.13812291E-01
  0.00000000E+00  4.52000000E-01  8.34446162E-01 -7.36690747E-03 -8.92310092E-02  1.00000005E-03  1.80648344E-03  6.14986233E-01
  0.00000000E+00  4.54000000E-01  8.34904859E-01 -7.38038288E-03 -8.92171669E-02  1.00000005E-03  1.80893132E-03  6.16159271E-01
  0.00000000E+00  4.56000000E-01  8.35361696E-01 -7.39382360E-03 -8.92033410E-02  1.00000005E-03  1.81135194E-03  6.17331422E-01
  0.00000000E+00  4.58000000E-01  8.35816690E-01 -7.40722984E-03 -8.91895314E-02  1.00000005E-03  1.81374539E-03  6.18502704E-01
  0.00000000E+00  4.60000000E-01  8.36269858E-01 -7.42060181E-03 -8.91757379E-02  1.00000005E-03  1.81611174E-03  6.19673132E-01
  0.00000000E+00  4.62000000E-01  8.36721216E-01 -7.43393970E-03 -8.91619605E-02  1.00000005E-03  1.81845110E-03  6.20842724E-01
  0.00000000E+00  4.64000000E-01  8.37170779E-01 -7.44724371E-03 -8.91481991E-02  1.00000005E-03  1.82076353E-03  6.22011495E-01
  0.00000000E+00  4.66000000E-01  8.37618563E-01 -7.46051404E-03 -8.91344536E-02  1.00000005E-03  1.82304913E-03  6.23179462E-01
  0.00000000E+00  4.68000000E-01  8.38064585E-01 -7.47375085E-03 -8.91207238E-02  1.00000005E-03  1.82530798E-03  6.24346639E-01
  0.00000000E+00  4.70000000E-01  8.38508858E-01 -7.48695434E-03 -8.91070096E-02  1.00000005E-03  1.82754017E-03  6.25513044E-01
  0.00000000E+00  4.72000000E-01  8.38951399E-01 -7.50012467E-03 -8.90933108E-02  1.00000005E-03  1.82974580E-03  6.26678689E-01
  0.00000000E+00  4.74000000E-01  8.39392222E-01 -7.51326199E-03 -8.90796273E-02  1.00000005E-03  1.83192493E-03  6.27843592E-01
  0.00000000E+00  4.76000000E-01  8.39831342E-01 -7.52636646E-03 -8.90659588E-02  1.00000005E-03  1.83407768E-03  6.29007765E-01
  0.00000000E+00  4.78000000E-01  8.40268774E-01 -7.53943821E-03 -8.90523052E-02  1.00000005E-03  1.83620412E-03  6.30171225E-01
  0.00000000E+00  4.80000000E-01  8.40704531E-01 -7.55247736E-03 -8.90386662E-02  1.00000005E-03  1.83830434E-03  6.31333984E-01
  0.00000000E+00  4.82000000E-01  8.41138628E-01 -7.56548400E-03 -8.90250415E-02  1.00000005E-03  1.84037844E-03  6.32496058E-01
  0.00000000E+00  4.84000000E-01  8.41571079E-01 -7.57845821E-03 -8.90114307E-02  1.00000005E-03  1.84242651E-03  6.33657459E-01
  0.00000000E+00  4.86000000E-01  8.42001897E-01 -7.59140005E-03 -8.89978335E-02  1.00000005E-03  1.84444863E-03  6.34818203E-01
  0.00000000E+00  4.88000000E-01  8.42431096E-01 -7.60430954E-03 -8.89842492E-02  1.00000005E-03  1.84644489E-03  6.35978302E-01
  0.00000000E+00  4.90000000E-01  8.42858690E-01 -7.61718670E-03 -8.89706776E-02  1.00000005E-03  1.84841539E-03  6.37137770E-01
  0.00000000E+00  4.92000000E-01  8.43284692E-01 -7.63003148E-03 -8.89571178E-02  1.00000005E-03  1.85036022E-03  6.38296620E-01
  0.00000000E+00  4.94000000E-01  8.43709114E-01 -7.64284383E-03 -8.89435692E-02  1.00000005E-03  1.85227947E-03  6.39454866E-01
  0.00000000E+00  4.96000000E-01  8.44131971E-01 -7.65562363E-03 -8.89300311E-02  1.00000005E-03  1.85417323E-03  6.40612520E-01
  0.00000000E+00  4.98000000E-01  8.44553274E-01 -7.66837075E-03 -8.89165026E-02  1.00000005E-03  1.85604159E-03  6.41769596E-01
  0.00000000E+00  5.00000000E-01  8.44973036E-01 -7.68108499E-03 -8.89029826E-02  1.00000005E-03  1.85788464E-03  6.42926106E-01
  0.00000000E+00  5.02000000E-01  8.45391270E-01 -7.69377887E-03 -8.88895065E-02  1.00000005E-03  1.85970248E-03  6.44082048E-01
  0.00000000E+00  5.04000000E-01  8.45807988E-01 -7.70644080E-03 -8.88760399E-02  1.00000005E-03  1.86149521E-03  6.45237456E-01
  0.00000000E+00  5.06000000E-01  8.46223202E-01 -7.71907107E-03 -8.88625831E-02  1.00000005E-03  1.86326290E-03  6.46392339E-01
  0.00000000E+00  5.08000000E-01  8.46636923E-01 -7.73166997E-03 -8.88491365E-02  1.00000005E-03  1.86500567E-03  6.47546709E-01
  0.00000000E+00  5.10000000E-01  8.47049164E-01 -7.74423776E-03 -8.88357004E-02  1.00000005E-03  1.86672360E-03  6.48700574E-01
  0.00000000E+00  5.12000000E-01  8.47459936E-01 -7.75677468E-03 -8.88222750E-02  1.00000005E-03  1.86841678E-03  6.49853947E-01
  0.00000000E+00  5.14000000E-01  8.47869251E-01 -7.76928096E-03 -8.88088605E-02  1.00000005E-03  1.87008530E-03  6.51006838E-01
  0.00000000E+00  5.16000000E-01  8.48277120E-01 -7.78175684E-03 -8.87954572E-02  1.00000005E-03  1.87172927E-03  6.52159258E-01
  0.00000000E+00  5.18000000E-01  8.48683554E-01 -7.79420252E-03 -8.87820650E-02  1.00000005E-03  1.87334876E-03  6.53311217E-01
  0.00000000E+00  5.20000000E-01  8.49088565E-01 -7.80661821E-03 -8.87686843E-02  1.00000005E-03  1.87494389E-03  6.54462726E-01
  0.00000000E+00  5.22000000E-01  8.49492164E-01 -7.81900409E-03 -8.87553150E-02  1.00000005E-03  1.87651473E-03  6.55613796E-01
  0.00000000E+00  5.24000000E-01  8.49894361E-01 -7.83136035E-03 -8.87419572E-02  1.00000005E-03  1.87806138E-03  6.56764437E-01
  0.00000000E+00  5.26000000E-01  8.50295167E-01 -7.84368716E-03 -8.87286109E-02  1.00000005E-03  1.87958394E-03  6.57914661E-01
  0.00000000E+00  5.28000000E-01  8.50694592E-01 -7.85598468E-03 -8.87152762E-02  1.00000005E-03  1.88108249E-03  6.59064479E-01
  0.00000000E+00  5.30000000E-01  8.51092648E-01 -7.86825308E-03 -8.87019531E-02  1.00000005E-03  1.88255714E-03  6.60213900E-01
  0.00000000E+00  5.32000000E-01  8.51489345E-01 -7.88049250E-03 -8.86886416E-02  1.00000005E-03  1.88400797E-03  6.61362936E-01
  0.00000000E+00  5.34000000E-01  8.51884692E-01 -7.89270309E-03 -8.86753415E-02  1.00000005E-03  1.88543508E-03  6.62511597E-01
  0.00000000E+00  5.36000000E-01  8.52278700E-01 -7.90488499E-03 -8.86620529E-02  1.00000005E-03  1.88683856E-03  6.63659894E-01
  0.00000000E+00  5.38000000E-01  8.52671378E-01 -7.91703832E-03 -8.86487758E-02  1.00000005E-03  1.88821850E-03  6.64807838E-01
  0.00000000E+00  5.40000000E-01  8.53062737E-01 -7.92916323E-03 -8.86355099E-02  1.00000005E-03  1.88957500E-03  6.65955439E-01
  0.00000000E+00  5.42000000E-01  8.53452787E-01 -7.94125982E-03 -8.86222553E-02  1.00000005E-03  1.89090815E-03  6.67102708E-01
  0.00000000E+00  5.44000000E-01  8.53841537E-01 -7.95332823E-03 -8.86090119E-02  1.00000005E-03  1.89221803E-03  6.68249655E-01
  0.00000000E+00  5.46000000E-01  8.54228996E-01 -7.96536857E-03 -8.85957795E-02  1.00000005E-03  1.89350475E-03  6.69396291E-01
  0.00000000E+00  5.48000000E-01  8.54615174E-01 -7.97738094E-03 -8.85825580E-02  1.00000005E-03  1.89476840E-03  6.70542626E-01
  0.00000000E+00  5.50000000E-01  8.55000080E-01 -7.98936547E-03 -8.85693474E-02  1.00000005E-03  1.89600906E-03  6.71688670E-01
  0.00000000E+00  5.52000000E-01  8.55383724E-01 -8.00132225E-03 -8.85561475E-02  1.00000005E-03  1.89722683E-03  6.72834434E-01
  0.00000000E+00  5.54000000E-01  8.55766114E-01 -8.01325139E-03 -8.85429582E-02  1.00000005E-03  1.89842181E-03  6.73979927E-01
  0.00000000E+00  5.56000000E-01  8.56147260E-01 -8.02515300E-03 -8.85297794E-02  1.00000005E-03  1.89959408E-03  6.75125161E-01
  0.00000000E+00  5.58000000E-01  8.56527170E-01 -8.03702717E-03 -8.85166109E-02  1.00000005E-03  1.90074373E-03  6.76270144E-01
  0.00000000E+00  5.60000000E-01  8.56905853E-01 -8.04887400E-03 -8.85034527E-02  1.00000005E-03  1.90187086E-03  6.77414887E-01
  0.00000000E+00  5.62000000E-01  8.57283318E-01 -8.06069360E-03 -8.84903045E-02  1.00000005E-03  1.90297556E-03  6.78559400E-01
  0.00000000E+00  5.64000000E-01  8.57659573E-01 -8.07248605E-03 -8.84771664E-02  1.00000005E-03  1.90405792E-03  6.79703693E-01
  0.00000000E+00  5.66000000E-01  8.58034627E-01 -8.08425145E-03 -8.84640381E-02  1.00000005E-03  1.90511802E-03  6.80847775E-01
  0.00000000E+00  5.68000000E-01  8.58408489E-01 -8.09598990E-03 -8.84509195E-02  1.00000005E-03  1.90615597E-03  6.81991656E-01
  0.00000000E+00  5.70000000E-01  8.58781166E-01 -8.10770149E-03 -8.84378106E-02  1.00000005E-03  1.90717185E-03  6.83135347E-01
  0.00000000E+00  5.72000000E-01  8.59152667E-01 -8.11938632E-03 -8.84247111E-02  1.00000005E-03  1.90816575E-03  6.84278856E-01
  0.00000000E+00  5.74000000E-01  8.59523000E-01 -8.13104447E-03 -8.84116211E-02  1.00000005E-03  1.90913776E-03  6.85422192E-01
  0.00000000E+00  5.76000000E-01  8.59892172E-01 -8.14267605E-03 -8.83985403E-02  1.00000005E-03  1.91008797E-03  6.86565367E-01
  0.00000000E+00  5.78000000E-01  8.60260193E-01 -8.15428113E-03 -8.83854687E-02  1.00000005E-03  1.91101647E-03  6.87708388E-01
  0.00000000E+00  5.80000000E-01  8.60627069E-01 -8.16585982E-03 -8.83724061E-02  1.00000005E-03  1.91192335E-03  6.88851266E-01
  0.00000000E+00  5.82000000E-01  8.60992809E-01 -8.17741220E-03 -8.83593525E-02  1.00000005E-03  1.91280870E-03  6.89994010E-01
  0.00000000E+00  5.84000000E-01  8.61357419E-01 -8.18893838E-03 -8.83463077E-02  1.00000005E-03  1.91367260E-03  6.91136629E-01
  0.00000000E+00  5.86000000E-01  8.61720909E-01 -8.20043843E-03 -8.83332717E-02  1.00000005E-03  1.91451516E-03  6.92279132E-01
  0.00000000E+00  5.88000000E-01  8.62083285E-01 -8.21191246E-03 -8.83202444E-02  1.00000005E-03  1.91533644E-03  6.93421528E-01
  0.00000000E+00  5.90000000E-01  8.62444555E-01 -8.22336055E-03 -8.83072256E-02  1.00000005E-03  1.91613655E-03  6.94563827E-01
  0.00000000E+00  5.92000000E-01  8.62804725E-01 -8.23478279E-03 -8.82942154E-02  1.00000005E-03  1.91691557E-03  6.95706038E-01
  0.00000000E+00  5.94000000E-01  8.63163805E-01 -8.24617929E-03 -8.82812136E-02  1.00000005E-03  1.91767359E-03  6.96848170E-01
  0.00000000E+00  5.96000000E-01  8.63521799E-01 -8.25755012E-03 -8.82682201E-02  1.00000005E-03  1.91841070E-03  6.97990232E-01
  0.00000000E+00  5.98000000E-01  8.63878717E-01 -8.26889539E-03 -8.82552349E-02  1.00000005E-03  1.91912698E-03  6.99132232E-01
  0.00000000E+00  6.00000000E-01  8.64234564E-01 -8.28021519E-03 -8.82422579E-02  1.00000005E-03  1.91982251E-03  7.00274181E-01
  0.00000000E+00  6.02000000E-01  8.64589348E-01 -8.29150960E-03 -8.82292891E-02  1.00000005E-03  1.92049740E-03  7.01416087E-01
  0.00000000E+00  6.04000000E-01  8.64943076E-01 -8.30277872E-03 -8.82163283E-02  1.00000005E-03  1.92115171E-03  7.02557958E-01
  0.00000000E+00  6.06000000E-01  8.65295754E-01 -8.31402265E-03 -8.82033756E-02  1.00000005E-03  1.92178554E-03  7.03699805E-01
  0.00000000E+00  6.08000000E-01  8.65647390E-01 -8.32524147E-03 -8.81904308E-02  1.00000005E-03  1.92239898E-03  7.04841635E-01
  0.00000000E+00  6.10000000E-01  8.65997989E-01 -8.33643527E-03 -8.81774940E-02  1.00000005E-03  1.92299210E-03  7.05983458E-01
  0.00000000E+00  6.12000000E-01  8.66347559E-01 -8.34760416E-03 -8.81645650E-02  1.00000005E-03  1.92356500E-03  7.07125283E-01
  0.00000000E+00  6.14000000E-01  8.66696107E-01 -8.35874821E-03 -8.81516439E-02  1.00000005E-03  1.92411776E-03  7.08267119E-01
  0.00000000E+00  6.16000000E-01  8.67043638E-01 -8.36986752E-03 -8.81387305E-02  1.00000005E-03  1.92465046E-03  7.09408974E-01
  0.00000000E+00  6.18000000E-01  8.67390159E-01 -8.38096218E-03 -8.81258249E-02  1.00000005E-03  1.92516319E-03  7.10550859E-01
  0.00000000E+00  6.20000000E-01  8.67735676E-01 -8.39203228E-03 -8.81129269E-02  1.00000005E-03  1.92565603E-03  7.11692780E-01
  0.00000000E+00  6.22000000E-01  8.68080197E-01 -8.40307791E-03 -8.81000366E-02  1.00000005E-03  1.92612906E-03  7.12834749E-01
  0.00000000E+00  6.24000000E-01  8.68423726E-01 -8.41409915E-03 -8.80871539E-02  1.00000005E-03  1.92658237E-03  7.13976773E-01
  0.00000000E+00  6.26000000E-01  8.68766270E-01 -8.42509610E-03 -8.80742788E-02  1.00000005E-03  1.92701604E-03  7.15118862E-01
  0.00000000E+00  6.28000000E-01  8.69107836E-01 -8.43606885E-03 -8.80614112E-02  1.00000005E-03  1.92743016E-03  7.16261025E-01
  0.00000000E+00  6.30000000E-01  8.69448429E-01 -8.44701747E-03 -8.80485511E-02  1.00000005E-03  1.92782480E-03  7.17403270E-01
  0.00000000E+00  6.32000000E-01  8.69788055E-01 -8.45794205E-03 -8.80356984E-02  1.00000005E-03  1.92820005E-03  7.18545608E-01
  0.00000000E+00  6.34000000E-01  8.70126721E-01 -8.46884268E-03 -8.80228532E-02  1.00000005E-03  1.92855599E-03  7.19688047E-01
  0.00000000E+00  6.36000000E-01  8.70464431E-01 -8.47971944E-03 -8.80100153E-02  1.00000005E-03  1.92889269E-03  7.20830597E-01
  0.00000000E+00  6.38000000E-01  8.70801192E-01 -8.49057242E-03 -8.79971847E-02  1.00000005E-03  1.92921025E-03  7.21973266E-01
  0.00000000E+00  6.40000000E-01  8.71137010E-01 -8.50140168E-03 -8.79843615E-02  1.00000005E-03  1.92950875E-03  7.23116065E-01
  0.00000000E+00  6.42000000E-01  8.71471891E-01 -8.51220732E-03 -8.79715454E-02  1.00000005E-03  1.92978825E-03  7.24259001E-01
  0.00000000E+00  6.44000000E-01  8.71805839E-01 -8.52298941E-03 -8.79587366E-02  1.00000005E-03  1.93004885E-03  7.25402086E-01
  0.00000000E+00  6.46000000E-01  8.72138861E-01 -8.53374802E-03 -8.79459349E-02  1.00000005E-03  1.93029062E-03  7.26545328E-01
  0.00000000E+00  6.48000000E-01  8.72470962E-01 -8.54448324E-03 -8.79331403E-02  1.00000005E-03  1.93051364E-03  7.27688736E-01
  0.00000000E+00  6.50000000E-01  8.72802147E-01 -8.55519513E-03 -8.79203527E-02  1.00000005E-03  1.93071800E-03  7.28832321E-01
  0.00000000E+00  6.52000000E-01  8.73132423E-01 -8.56588377E-03 -8.79075722E-02  1.00000005E-03  1.93090376E-03  7.29976092E-01
  0.00000000E+00  6.54000000E-01  8.73461793E-01 -8.57654923E-03 -8.78947985E-02  1.00000005E-03  1.93107101E-03  7.31120059E-01
  0.00000000E+00  6.56000000E-01  8.73790264E-01 -8.58719158E-03 -8.78820318E-02  1.00000005E-03  1.93121983E-03  7.32264231E-01
  0.00000000E+00  6.58000000E-01  8.74117842E-01 -8.59781089E-03 -8.78692718E-02  1.00000005E-03  1.93135029E-03  7.33408618E-01
  0.00000000E+00  6.60000000E-01  8.74444530E-01 -8.60840722E-03 -8.78565186E-02  1.00000005E-03  1.93146247E-03  7.34553230E-01
  0.00000000E+00  6.62000000E-01  8.74770334E-01 -8.61898064E-03 -8.78437721E-02  1.00000005E-03  1.93155645E-03  7.35698077E-01
  0.00000000E+00  6.64000000E-01  8.75095260E-01 -8.62953122E-03 -8.78310322E-02  1.00000005E-03  1.93163231E-03  7.36843169E-01
  0.00000000E+00  6.66000000E-01  8.75419312E-01 -8.64005901E-03 -8.78182988E-02  1.00000005E-03  1.93169011E-03  7.37988516E-01
  0.00000000E+00  6.68000000E-01  8.75742495E-01 -8.65056407E-03 -8.78055720E-02  1.00000005E-03  1.93172995E-03  7.39134128E-01
  0.00000000E+00  6.70000000E-01  8.76064815E-01 -8.66104648E-03 -8.77928515E-02  1.00000005E-03  1.93175189E-03  7.40280015E-01
  0.00000000E+00  6.72000000E-01  8.76386276E-01 -8.67150628E-03 -8.77801374E-02  1.00000005E-03  1.93175601E-03  7.41426187E-01
  0.00000000E+00  6.74000000E-01  8.76706884E-01 -8.68194353E-03 -8.77674295E-02  1.00000005E-03  1.93174238E-03  7.42572655E-01
  0.00000000E+00  6.76000000E-01  8.77026642E-01 -8.69235830E-03 -8.77547278E-02  1.00000005E-03  1.93171108E-03  7.43719428E-01
  0.00000000E+00  6.78000000E-01  8.77345555E-01 -8.70275063E-03 -8.77420321E-02  1.00000005E-03  1.93166219E-03  7.44866518E-01
  0.00000000E+00  6.80000000E-01  8.77663630E-01 -8.71312058E-03 -8.77293425E-02  1.00000005E-03  1.93159577E-03  7.46013934E-01
  0.00000000E+00  6.82000000E-01  8.77980869E-01 -8.72346821E-03 -8.77166589E-02  1.00000005E-03  1.93151191E-03  7.47161687E-01
  0.00000000E+00  6.84000000E-01  8.78297278E-01 -8.73379357E-03 -8.77039811E-02  1.00000005E-03  1.93141067E-03  7.48309787E-01
  0.00000000E+00  6.86000000E-01  8.78612861E-01 -8.74409672E-03 -8.76913091E-02  1.00000005E-03  1.93129212E-03  7.49458245E-01
  0.00000000E+00  6.88000000E-01  8.78927624E-01 -8.75437772E-03 -8.76786428E-02  1.00000005E-03  1.93115635E-03  7.50607071E-01
  0.00000000E+00  6.90000000E-01  8.79241569E-01 -8.76463660E-03 -8.76659821E-02  1.00000005E-03  1.93100343E-03  7.51756276E-01
  0.00000000E+00  6.92000000E-01  8.79554702E-01 -8.77487344E-03 -8.76533271E-02  1.00000005E-03  1.93083341E-03  7.52905870E-01
  0.00000000E+00  6.94000000E-01  8.79867028E-01 -8.78508829E-03 -8.76406775E-02  1.00000005E-03  1.93064639E-03  7.54055864E-01
  0.00000000E+00  6.96000000E-01  8.80178550E-01 -8.79528120E-03 -8.76280334E-02  1.00000005E-03  1.93044242E-03  7.55206268E-01
  0.00000000E+00  6.98000000E-01  8.80489274E-01 -8.80545223E-03 -8.76153947E-02  1.00000005E-03  1.93022159E-03  7.56357093E-01
  0.00000000E+00  7.00000000E-01  8.80799202E-01 -8.81560145E-03 -8.76027614E-02  1.00000005E-03  1.92998395E-03  7.57508349E-01
  0.00000000E+00  7.02000000E-01  8.81108340E-01 -8.82572891E-03 -8.75901334E-02  1.00000005E-03  1.92972959E-03  7.58660046E-01
  0.00000000E+00  7.04000000E-01  8.81416692E-01 -8.83583468E-03 -8.75775107E-02  1.00000005E-03  1.92945857E-03  7.59812196E-01
  0.00000000E+00  7.06000000E-01  8.81724262E-01 -8.84591884E-03 -8.75648932E-02  1.00000005E-03  1.92917096E-03  7.60964808E-01
  0.00000000E+00  7.08000000E-01  8.82031054E-01 -8.85598144E-03 -8.75522811E-02  1.00000005E-03  1.92886683E-03  7.62117892E-01
  0.00000000E+00  7.10000000E-01  8.82337072E-01 -8.86602256E-03 -8.75396742E-02  1.00000005E-03  1.92854625E-03  7.63271460E-01
  0.00000000E+00  7.12000000E-01  8.82642320E-01 -8.87604229E-03 -8.75270727E-02  1.00000005E-03  1.92820929E-03  7.64425520E-01
  0.00000000E+00  7.14000000E-01  8.82946803E-01 -8.88604071E-03 -8.75144765E-02  1.00000005E-03  1.92785602E-03  7.65580084E-01
  0.00000000E+00  7.16000000E-01  8.83250524E-01 -8.89601789E-03 -8.75018857E-02  1.00000005E-03  1.92748650E-03  7.66735160E-01
  0.00000000E+00  7.18000000E-01  8.83553487E-01 -8.90597395E-03 -8.74893005E-02  1.00000005E-03  1.92710081E-03  7.67890760E-01
  0.00000000E+00  7.20000000E-01  8.83855697E-01 -8.91590897E-03 -8.74767208E-02  1.00000005E-03  1.92669900E-03  7.69046891E-01
  0.00000000E+00  7.22000000E-01  8.84157156E-01 -8.92582307E-03 -8.74641468E-02  1.00000005E-03  1.92628116E-03  7.70203565E-01
  0.00000000E+00  7.24000000E-01  8.84457870E-01 -8.93571636E-03 -8.74515787E-02  1.00000005E-03  1.92584734E-03  7.71360790E-01
  0.00000000E+00  7.26000000E-01  8.84757841E-01 -8.94558896E-03 -8.74390166E-02  1.00000005E-03  1.92539761E-03  7.72518576E-01
  0.00000000E+00  7.28000000E-01  8.85057074E-01 -8.95544101E-03 -8.74264608E-02  1.00000005E-03  1.92493204E-03  7.73676931E-01
  0.00000000E+00  7.30000000E-01  8.85355573E-01 -8.96527264E-03 -8.74139115E-02  1.00000005E-03  1.92445070E-03  7.74835865E-01
  0.00000000E+00  7.32000000E-01  8.85653341E-01 -8.97508401E-03 -8.74013690E-02  1.00000005E-03  1.92395364E-03  7.75995385E-01
  0.00000000E+00  7.34000000E-01  8.85950382E-01 -8.98487527E-03 -8.73888335E-02  1.00000005E-03  1.92344093E-03  7.77155500E-01
  0.00000000E+00  7.36000000E-01  8.86246699E-01 -8.99464660E-03 -8.73763055E-02  1.00000005E-03  1.92291265E-03  7.78316219E-01
  0.00000000E+00  7.38000000E-01  8.86542297E-01 -9.00439820E-03 -8.73637853E-02  1.00000005E-03  1.92236885E-03  7.79477547E-01
  0.00000000E+00  7.40000000E-01  8.86837178E-01 -9.01413025E-03 -8.73512733E-02  1.00000005E-03  1.92180959E-03  7.80639495E-01
  0.00000000E+00  7.42000000E-01  8.87131347E-01 -9.02383896E-03 -8.73387561E-02  1.00000005E-03  1.92123495E-03  7.81802078E-01
  0.00000000E+00  7.44000000E-01  8.87424805E-01 -9.03351965E-03 -8.73262173E-02  1.00000005E-03  1.92064499E-03  7.82965332E-01
  0.00000000E+00  7.46000000E-01  8.87717557E-01 -9.04318124E-03 -8.73136881E-02  1.00000005E-03  1.92003977E-03  7.84129246E-01
  0.00000000E+00  7.48000000E-01  8.88009608E-01 -9.05282357E-03 -8.73011676E-02  1.00000005E-03  1.91941936E-03  7.85293831E-01
  0.00000000E+00  7.50000000E-01  8.88300960E-01 -9.06244654E-03 -8.72886552E-02  1.00000005E-03  1.91878381E-03  7.86459095E-01
  0.00000000E+00  7.52000000E-01  8.88591617E-01 -9.07205004E-03 -8.72761504E-02  1.00000005E-03  1.91813319E-03  7.87625051E-01
  0.00000000E+00  7.54000000E-01  8.88881582E-01 -9.08163398E-03 -8.72636526E-02  1.00000005E-03  1.91746756E-03  7.88791706E-01
  0.00000000E+00  7.56000000E-01  8.89170859E-01 -9.09119828E-03 -8.72511614E-02  1.00000005E-03  1.91678698E-03  7.89959073E-01
  0.00000000E+00  7.58000000E-01  8.89459450E-01 -9.10074290E-03 -8.72386763E-02  1.00000005E-03  1.91609152E-03  7.91127161E-01
  0.00000000E+00  7.60000000E-01  8.89747360E-01 -9.11026778E-03 -8.72261970E-02  1.00000005E-03  1.91538124E-03  7.92295980E-01
  0.00000000E+00  7.62000000E-01  8.90034590E-01 -9.11977288E-03 -8.72137231E-02  1.00000005E-03  1.91465619E-03  7.93465541E-01
  0.00000000E+00  7.64000000E-01  8.90321145E-01 -9.12925818E-03 -8.72012544E-02  1.00000005E-03  1.91391645E-03  7.94635854E-01
  0.00000000E+00  7.66000000E-01  8.90607028E-01 -9.13872367E-03 -8.71887905E-02  1.00000005E-03  1.91316206E-03  7.95806929E-01
  0.00000000E+00  7.68000000E-01  8.90892242E-01 -9.14816934E-03 -8.71763313E-02  1.00000005E-03  1.91239310E-03  7.96978777E-01
  0.00000000E+00  7.70000000E-01  8.91176790E-01 -9.15759518E-03 -8.71638765E-02  1.00000005E-03  1.91160962E-03  7.98151408E-01
  0.00000000E+00  7.72000000E-01  8.91460675E-01 -9.16700122E-03 -8.71514260E-02  1.00000005E-03  1.91081167E-03  7.99324833E-01
  0.00000000E+00  7.74000000E-01  8.91743900E-01 -9.17638746E-03 -8.71389797E-02  1.00000005E-03  1.90999933E-03  8.00499062E-01
  0.00000000E+00  7.76000000E-01  8.92026468E-01 -9.18575392E-03 -8.71265374E-02  1.00000005E-03  1.90917266E-03  8.01674105E-01
  0.00000000E+00  7.78000000E-01  8.92308383E-01 -9.19510063E-03 -8.71140991E-02  1.00000005E-03  1.90833169E-03  8.02849974E-01
  0.00000000E+00  7.80000000E-01  8.92589647E-01 -9.20442763E-03 -8.71016646E-02  1.00000005E-03  1.90747651E-03  8.04026678E-01
  0.00000000E+00  7.82000000E-01  8.92870264E-01 -9.21373496E-03 -8.70892338E-02  1.00000005E-03  1.90660717E-03  8.05204229E-01
  0.00000000E+00  7.84000000E-01  8.93150236E-01 -9.22302264E-03 -8.70768069E-02  1.00000005E-03  1.90572372E-03  8.06382636E-01
  0.00000000E+00  7.86000000E-01  8.93429567E-01 -9.23229072E-03 -8.70643836E-02  1.00000005E-03  1.90482622E-03  8.07561912E-01
  0.00000000E+00  7.88000000E-01  8.93708258E-01 -9.24153926E-03 -8.70519640E-02  1.00000005E-03  1.90391474E-03  8.08742065E-01
  0.00000000E+00  7.90000000E-01  8.93986314E-01 -9.25076830E-03 -8.70395481E-02  1.00000005E-03  1.90298932E-03  8.09923108E-01
  0.00000000E+00  7.92000000E-01  8.94263737E-01 -9.25997789E-03 -8.70271359E-02  1.00000005E-03  1.90205003E-03  8.11105051E-01
  0.00000000E+00  7.94000000E-01  8.94540531E-01 -9.26916808E-03 -8.70147273E-02  1.00000005E-03  1.90109693E-03  8.12287905E-01
  0.00000000E+00  7.96000000E-01  8.94816696E-01 -9.27833893E-03 -8.70023224E-02  1.00000005E-03  1.90013006E-03  8.13471680E-01
  0.00000000E+00  7.98000000E-01  8.95092238E-01 -9.28749050E-03 -8.69899212E-02  1.00000005E-03  1.89914949E-03  8.14656388E-01
  0.00000000E+00  8.00000000E-01  8.95367158E-01 -9.29662283E-03 -8.69775238E-02  1.00000005E-03  1.89815527E-03  8.15842040E-01
  0.00000000E+00  8.02000000E-01  8.95641459E-01 -9.30573598E-03 -8.69651300E-02  1.00000005E-03  1.89714747E-03  8.17028646E-01
  0.00000000E+00  8.04000000E-01  8.95915144E-01 -9.31483002E-03 -8.69527400E-02  1.00000005E-03  1.89612612E-03  8.18216217E-01
  0.00000000E+00  8.06000000E-01  8.96188216E-01 -9.32390499E-03 -8.69403537E-02  1.00000005E-03  1.89509130E-03  8.19404765E-01
  0.00000000E+00  8.08000000E-01  8.96460677E-01 -9.33296096E-03 -8.69279712E-02  1.00000005E-03  1.89404305E-03  8.20594300E-01
  0.00000000E+00  8.10000000E-01  8.96732530E-01 -9.34199797E-03 -8.69155925E-02  1.00000005E-03  1.89298144E-03  8.21784834E-01
  0.00000000E+00  8.12000000E-01  8.97003778E-01 -9.35101608E-03 -8.69032176E-02  1.00000005E-03  1.89190651E-03  8.22976379E-01
  0.00000000E+00  8.14000000E-01  8.97274423E-01 -9.36001535E-03 -8.68908466E-02  1.00000005E-03  1.89081832E-03  8.24168944E-01
  0.00000000E+00  8.16000000E-01  8.97544468E-01 -9.36899582E-03 -8.68784794E-02  1.00000005E-03  1.88971692E-03  8.25362541E-01
  0.00000000E+00  8.18000000E-01  8.97813916E-01 -9.37795756E-03 -8.68661160E-02  1.00000005E-03  1.88860237E-03  8.26557182E-01
  0.00000000E+00  8.20000000E-01  8.98082769E-01 -9.38690060E-03 -8.68537565E-02  1.00000005E-03  1.88747473E-03  8.27752878E-01
  0.00000000E+00  8.22000000E-01  8.98351030E-01 -9.39582501E-03 -8.68414009E-02  1.00000005E-03  1.88633404E-03  8.28949640E-01
  0.00000000E+00  8.24000000E-01  8.98618701E-01 -9.40473082E-03 -8.68290491E-02  1.00000005E-03  1.88518037E-03  8.30147480E-01
  0.00000000E+00  8.26000000E-01  8.98885785E-01 -9.41361809E-03 -8.68167012E-02  1.00000005E-03  1.88401375E-03  8.31346409E-01
  0.00000000E+00  8.28000000E-01  8.99152284E-01 -9.42248686E-03 -8.68043572E-02  1.00000005E-03  1.88283425E-03  8.32546439E-01
  0.00000000E+00  8.30000000E-01  8.99418200E-01 -9.43133718E-03 -8.67920170E-02  1.00000005E-03  1.88164192E-03  8.33747581E-01
  0.00000000E+00  8.32000000E-01  8.99683537E-01 -9.44016908E-03 -8.67796806E-02  1.00000005E-03  1.88043681E-03  8.34949846E-01
  0.00000000E+00  8.34000000E-01  8.99948297E-01 -9.44898260E-03 -8.67673480E-02  1.00000005E-03  1.87921898E-03  8.36153247E-01
  0.00000000E+00  8.36000000E-01  9.00212482E-01 -9.45777780E-03 -8.67550192E-02  1.00000005E-03  1.87798847E-03  8.37357795E-01
  0.00000000E+00  8.38000000E-01  9.00476094E-01 -9.46655471E-03 -8.67426941E-02  1.00000005E-03  1.87674534E-03  8.38563501E-01
  0.00000000E+00  8.40000000E-01  9.00739136E-01 -9.47531335E-03 -8.67303728E-02  1.00000005E-03  1.87548964E-03  8.39770378E-01
  0.00000000E+00  8.42000000E-01  9.01001610E-01 -9.48405378E-03 -8.67180552E-02  1.00000005E-03  1.87422142E-03  8.40978437E-01
  0.00000000E+00  8.44000000E-01  9.01263518E-01 -9.49277603E-03 -8.67057412E-02  1.00000005E-03  1.87294073E-03  8.42187691E-01
  0.00000000E+00  8.46000000E-01  9.01524864E-01 -9.50148012E-03 -8.66934308E-02  1.00000005E-03  1.87164762E-03  8.43398150E-01
  0.00000000E+00  8.48000000E-01  9.01785649E-01 -9.51016609E-03 -8.66811240E-02  1.00000005E-03  1.87034215E-03  8.44609827E-01
  0.00000000E+00  8.50000000E-01  9.02045875E-01 -9.51883398E-03 -8.66688207E-02  1.00000005E-03  1.86902436E-03  8.45822733E-01
  0.00000000E+00  8.52000000E-01  9.02305544E-01 -9.52748382E-03 -8.66565209E-02  1.00000005E-03  1.86769431E-03  8.47036882E-01
  0.00000000E+00  8.54000000E-01  9.02564660E-01 -9.53611562E-03 -8.66442246E-02  1.00000005E-03  1.86635204E-03  8.48252284E-01
  0.00000000E+00  8.56000000E-01  9.02823224E-01 -9.54472944E-03 -8.66319316E-02  1.00000005E-03  1.86499761E-03  8.49468953E-01
  0.00000000E+00  8.58000000E-01  9.03081238E-01 -9.55332528E-03 -8.66196419E-02  1.00000005E-03  1.86363106E-03  8.50686900E-01
  0.00000000E+00  8.60000000E-01  9.03338705E-01 -9.56190319E-03 -8.66073556E-02  1.00000005E-03  1.86225245E-03  8.51906137E-01
  0.00000000E+00  8.62000000E-01  9.03595627E-01 -9.57046319E-03 -8.65950725E-02  1.00000005E-03  1.86086182E-03  8.53126677E-01
  0.00000000E+00  8.64000000E-01  9.03852005E-01 -9.57900531E-03 -8.65827925E-02  1.00000005E-03  1.85945923E-03  8.54348532E-01
  0.00000000E+00  8.66000000E-01  9.04107843E-01 -9.58752957E-03 -8.65705157E-02  1.00000005E-03  1.85804471E-03  8.55571714E-01
  0.00000000E+00  8.68000000E-01  9.04363142E-01 -9.59603600E-03 -8.65582420E-02  1.00000005E-03  1.85661833E-03  8.56796236E-01
  0.00000000E+00  8.70000000E-01  9.04617904E-01 -9.60452464E-03 -8.65459713E-02  1.00000005E-03  1.85518013E-03  8.58022110E-01
  0.00000000E+00  8.72000000E-01  9.04872132E-01 -9.61299551E-03 -8.65337036E-02  1.00000005E-03  1.85373015E-03  8.59249350E-01
  0.00000000E+00  8.74000000E-01  9.05125827E-01 -9.62144863E-03 -8.65214388E-02  1.00000005E-03  1.85226845E-03  8.60477966E-01
  0.00000000E+00  8.76000000E-01  9.05378992E-01 -9.62988403E-03 -8.65091769E-02  1.00000005E-03  1.85079508E-03  8.61707973E-01
  0.00000000E+00  8.78000000E-01  9.05631628E-01 -9.63830175E-03 -8.64969180E-02  1.00000005E-03  1.84931007E-03  8.62939382E-01
  0.00000000E+00  8.80000000E-01  9.05883738E-01 -9.64670182E-03 -8.64846618E-02  1.00000005E-03  1.84781349E-03  8.64172206E-01
  0.00000000E+00  8.82000000E-01  9.06135324E-01 -9.65508426E-03 -8.64724084E-02  1.00000005E-03  1.84630537E-03  8.65406459E-01
  0.00000000E+00  8.84000000E-01  9.06386388E-01 -9.66344910E-03 -8.64601579E-02  1.00000005E-03  1.84478577E-03  8.66642153E-01
  0.00000000E+00  8.86000000E-01  9.06636931E-01 -9.67179638E-03 -8.64479100E-02  1.00000005E-03  1.84325472E-03  8.67879301E-01
  0.00000000E+00  8.88000000E-01  9.06886956E-01 -9.68012612E-03 -8.64356649E-02  1.00000005E-03  1.84171229E-03  8.69117915E-01
  0.00000000E+00  8.90000000E-01  9.07136465E-01 -9.68843836E-03 -8.64234225E-02  1.00000005E-03  1.84015851E-03  8.70358010E-01
  0.00000000E+00  8.92000000E-01  9.07385459E-01 -9.69673314E-03 -8.64111828E-02  1.00000005E-03  1.83859343E-03  8.71599598E-01
  0.00000000E+00  8.94000000E-01  9.07633941E-01 -9.70501049E-03 -8.63989458E-02  1.00000005E-03  1.83701710E-03  8.72842692E-01
  0.00000000E+00  8.96000000E-01  9.07881912E-01 -9.71327045E-03 -8.63867115E-02  1.00000005E-03  1.83542956E-03  8.74087305E-01
  0.00000000E+00  8.98000000E-01  9.08129375E-01 -9.72151304E-03 -8.63744799E-02  1.00000005E-03  1.83383086E-03  8.75333451E-01
  0.00000000E+00  9.00000000E-01  9.08376331E-01 -9.72973832E-03 -8.63622510E-02  1.00000005E-03  1.83222104E-03  8.76581142E-01
  0.00000000E+00  9.02000000E-01  9.08622782E-01 -9.73794632E-03 -8.63500248E-02  1.00000005E-03  1.83060016E-03  8.77830393E-01
  0.00000000E+00  9.04000000E-01  9.08868731E-01 -9.74613707E-03 -8.63378013E-02  1.00000005E-03  1.82896826E-03  8.79081217E-01
  0.00000000E+00  9.06000000E-01  9.09114178E-01 -9.75431063E-03 -8.63255805E-02  1.00000005E-03  1.82732537E-03  8.80333627E-01
  0.00000000E+00  9.08000000E-01  9.09359126E-01 -9.76246702E-03 -8.63133626E-02  1.00000005E-03  1.82567155E-03  8.81587637E-01
  0.00000000E+00  9.10000000E-01  9.09603576E-01 -9.77060630E-03 -8.63011474E-02  1.00000005E-03  1.82400684E-03  8.82843261E-01
  0.00000000E+00  9.12000000E-01  9.09847531E-01 -9.77872851E-03 -8.62889350E-02  1.00000005E-03  1.82233129E-03  8.84100511E-01
  0.00000000E+00  9.14000000E-01  9.10090992E-01 -9.78683368E-03 -8.62767255E-02  1.00000005E-03  1.82064494E-03  8.85359402E-01
  0.00000000E+00  9.16000000E-01  9.10333961E-01 -9.79492187E-03 -8.62645190E-02  1.00000005E-03  1.81894783E-03  8.86619948E-01
  0.00000000E+00  9.18000000E-01  9.10576440E-01 -9.80299312E-03 -8.62523153E-02  1.00000005E-03  1.81724002E-03  8.87882163E-01
  0.00000000E+00  9.20000000E-01  9.10818431E-01 -9.81104747E-03 -8.62401146E-02  1.00000005E-03  1.81552153E-03  8.89146060E-01
  0.00000000E+00  9.22000000E-01  9.11059934E-01 -9.81908497E-03 -8.62279169E-02  1.00000005E-03  1.81379242E-03  8.90411654E-01
  0.00000000E+00  9.24000000E-01  9.11300953E-01 -9.82710567E-03 -8.62157223E-02  1.00000005E-03  1.81205273E-03  8.91678958E-01
  0.00000000E+00  9.26000000E-01  9.11541489E-01 -9.83510959E-03 -8.62035307E-02  1.00000005E-03  1.81030251E-03  8.92947987E-01
  0.00000000E+00  9.28000000E-01  9.11781543E-01 -9.84309680E-03 -8.61913423E-02  1.00000005E-03  1.80854179E-03  8.94218755E-01
  0.00000000E+00  9.30000000E-01  9.12021117E-01 -9.85106733E-03 -8.61791570E-02  1.00000005E-03  1.80677063E-03  8.95491277E-01
  0.00000000E+00  9.32000000E-01  9.12260213E-01 -9.85902123E-03 -8.61669748E-02  1.00000005E-03  1.80498906E-03  8.96765566E-01
  0.00000000E+00  9.34000000E-01  9.12498833E-01 -9.86695852E-03 -8.61547959E-02  1.00000005E-03  1.80319712E-03  8.98041637E-01
  0.00000000E+00  9.36000000E-01  9.12736978E-01 -9.87487926E-03 -8.61426202E-02  1.00000005E-03  1.80139486E-03  8.99319505E-01
  0.00000000E+00  9.38000000E-01  9.12974650E-01 -9.88278347E-03 -8.61304477E-02  1.00000005E-03  1.79958232E-03  9.00599184E-01
  0.00000000E+00  9.40000000E-01  9.13211851E-01 -9.89067119E-03 -8.61182784E-02  1.00000005E-03  1.79775955E-03  9.01880689E-01
  0.00000000E+00  9.42000000E-01  9.13448581E-01 -9.89854245E-03 -8.61061124E-02  1.00000005E-03  1.79592658E-03  9.03164034E-01
  0.00000000E+00  9.44000000E-01  9.13684844E-01 -9.90639728E-03 -8.60939495E-02  1.00000005E-03  1.79408346E-03  9.04449235E-01
  0.00000000E+00  9.46000000E-01  9.13920640E-01 -9.91423569E-03 -8.60817897E-02  1.00000005E-03  1.79223023E-03  9.05736306E-01
  0.00000000E+00  9.48000000E-01  9.14155971E-01 -9.92205770E-03 -8.60696329E-02  1.00000005E-03  1.79036694E-03  9.07025262E-01
  0.00000000E+00  9.50000000E-01  9.14390838E-01 -9.92986334E-03 -8.60574792E-02  1.00000005E-03  1.78849361E-03  9.08316119E-01
  0.00000000E+00  9.52000000E-01  9.14625244E-01 -9.93765259E-03 -8.60453283E-02  1.00000005E-03  1.78661030E-03  9.09608890E-01
  0.00000000E+00  9.54000000E-01  9.14859189E-01 -9.94542547E-03 -8.60331802E-02  1.00000005E-03  1.78471704E-03  9.10903593E-01
  0.00000000E+00  9.56000000E-01  9.15092676E-01 -9.95318197E-03 -8.60210347E-02  1.00000005E-03  1.78281388E-03  9.12200241E-01
  0.00000000E+00  9.58000000E-01  9.15325705E-01 -9.96092207E-03 -8.60088916E-02  1.00000005E-03  1.78090086E-03  9.13498850E-01
  0.00000000E+00  9.60000000E-01  9.15558279E-01 -9.96864576E-03 -8.59967507E-02  1.00000005E-03  1.77897802E-03  9.14799435E-01
  0.00000000E+00  9.62000000E-01  9.15790399E-01 -9.97635300E-03 -8.59846118E-02  1.00000005E-03  1.77704539E-03  9.16102012E-01
  0.00000000E+00  9.64000000E-01  9.16022066E-01 -9.98404375E-03 -8.59724745E-02  1.00000005E-03  1.77510302E-03  9.17406597E-01
  0.00000000E+00  9.66000000E-01  9.16253281E-01 -9.99171796E-03 -8.59603387E-02  1.00000005E-03  1.77315096E-03  9.18713205E-01
  0.00000000E+00  9.68000000E-01  9.16484047E-01 -9.99937556E-03 -8.59482037E-02  1.00000005E-03  1.77118923E-03  9.20021852E-01
  0.00000000E+00  9.70000000E-01  9.16714365E-01 -1.00070165E-02 -8.59360694E-02  1.00000005E-03  1.76921788E-03  9.21332554E-01
  0.00000000E+00  9.72000000E-01  9.16944236E-01 -1.00146407E-02 -8.59239352E-02  1.00000005E-03  1.76723695E-03  9.22645326E-01
  0.00000000E+00  9.74000000E-01  9.17173661E-01 -1.00222480E-02 -8.59118005E-02  1.00000005E-03  1.76524649E-03  9.23960185E-01
  0.00000000E+00  9.76000000E-01  9.17402642E-01 -1.00298383E-02 -8.58996649E-02  1.00000005E-03  1.76324652E-03  9.25277146E-01
  0.00000000E+00  9.78000000E-01  9.17631181E-01 -1.00374115E-02 -8.58875276E-02  1.00000005E-03  1.76123708E-03  9.26596226E-01
  0.00000000E+00  9.80000000E-01  9.17859278E-01 -1.00449674E-02 -8.58753880E-02  1.00000005E-03  1.75921823E-03  9.27917442E-01
  0.00000000E+00  9.82000000E-01  9.18086936E-01 -1.00525059E-02 -8.58632453E-02  1.00000005E-03  1.75718999E-03  9.29240808E-01
  0.00000000E+00  9.84000000E-01  9.18314156E-01 -1.00600376E-02 -8.58511403E-02  1.00000005E-03  1.75515241E-03  9.30566342E-01
  0.00000000E+00  9.86000000E-01  9.18540941E-01 -1.00675577E-02 -8.58390556E-02  1.00000005E-03  1.75310552E-03  9.31894060E-01
  0.00000000E+00  9.88000000E-01  9.18767289E-01 -1.00750601E-02 -8.58269664E-02  1.00000005E-03  1.75104937E-03  9.33223978E-01
  0.00000000E+00  9.90000000E-01  9.18993204E-01 -1.00825452E-02 -8.58148739E-02  1.00000005E-03  1.74898398E-03  9.34556114E-01
  0.00000000E+00  9.92000000E-01  9.19218685E-01 -1.00900131E-02 -8.58027788E-02  1.00000005E-03  1.74690941E-03  9.35890483E-01
  0.00000000E+00  9.94000000E-01  9.19443735E-01 -1.00974642E-02 -8.57906820E-02  1.00000005E-03  1.74482569E-03  9.37227103E-01
  0.00000000E+00  9.96000000E-01  9.19668354E-01 -1.01048986E-02 -8.57785842E-02  1.00000005E-03  1.74273286E-03  9.38565989E-01
  0.00000000E+00  9.98000000E-01  9.19892545E-01 -1.01123166E-02 -8.57664860E-02  1.00000005E-03  1.74063095E-03  9.39907161E-01
  0.00000000E+00  1.00000000E+00  9.20116309E-01 -1.01197182E-02 -8.57543880E-02  1.00000005E-03  1.73852000E-03  9.41250633E-01
  0.00000000E+00  1.00200000E+00  9.20339646E-01 -1.01271036E-02 -8.57422906E-02  1.00000005E-03  1.73640006E-03  9.42596424E-01
  0.00000000E+00  1.00400000E+00  9.20562559E-01 -1.01344730E-02 -8.57301944E-02  1.00000005E-03  1.73427115E-03  9.43944550E-01
  0.00000000E+00  1.00600000E+00  9.20785048E-01 -1.01418265E-02 -8.57180997E-02  1.00000005E-03  1.73213332E-03  9.45295029E-01
  0.00000000E+00  1.00800000E+00  9.21007116E-01 -1.01491642E-02 -8.57060068E-02  1.00000005E-03  1.72998660E-03  9.46647879E-01
  0.00000000E+00  1.01000000E+00  9.21228762E-01 -1.01564861E-02 -8.56939159E-02  1.00000005E-03  1.72783104E-03  9.48003116E-01
  0.00000000E+00  1.01200000E+00  9.21449989E-01 -1.01637924E-02 -8.56818274E-02  1.00000005E-03  1.72566666E-03  9.49360758E-01
  0.00000000E+00  1.01400000E+00  9.21670798E-01 -1.01710832E-02 -8.56697414E-02  1.00000005E-03  1.72349350E-03  9.50720823E-01
  0.00000000E+00  1.01600000E+00  9.21891190E-01 -1.01783585E-02 -8.56576581E-02  1.00000005E-03  1.72131160E-03  9.52083329E-01
  0.00000000E+00  1.01800000E+00  9.22111166E-01 -1.01856183E-02 -8.56455776E-02  1.00000005E-03  1.71912101E-03  9.53448294E-01
  0.00000000E+00  1.02000000E+00  9.22330728E-01 -1.01928628E-02 -8.56334999E-02  1.00000005E-03  1.71692174E-03  9.54815734E-01
  0.00000000E+00  1.02200000E+00  9.22549877E-01 -1.02000919E-02 -8.56214251E-02  1.00000005E-03  1.71471385E-03  9.56185669E-01
  0.00000000E+00  1.02400000E+00  9.22768614E-01 -1.02073057E-02 -8.56093534E-02  1.00000005E-03  1.71249737E-03  9.57558117E-01
  0.00000000E+00  1.02600000E+00  9.22986939E-01 -1.02145043E-02 -8.55972846E-02  1.00000005E-03  1.71027232E-03  9.58933094E-01
  0.00000000E+00  1.02800000E+00  9.23204856E-01 -1.02216875E-02 -8.55852188E-02  1.00000005E-03  1.70803876E-03  9.60310621E-01
  0.00000000E+00  1.03000000E+00  9.23422364E-01 -1.02288556E-02 -8.55731559E-02  1.00000005E-03  1.70579671E-03  9.61690715E-01
  0.00000000E+00  1.03200000E+00  9.23639464E-01 -1.02360084E-02 -8.55610960E-02  1.00000005E-03  1.70354621E-03  9.63073394E-01
  0.00000000E+00  1.03400000E+00  9.23856159E-01 -1.02431461E-02 -8.55490389E-02  1.00000005E-03  1.70128730E-03  9.64458677E-01
  0.00000000E+00  1.03600000E+00  9.24072449E-01 -1.02502685E-02 -8.55369847E-02  1.00000005E-03  1.69902001E-03  9.65846583E-01
  0.00000000E+00  1.03800000E+00  9.24288335E-01 -1.02573758E-02 -8.55249333E-02  1.00000005E-03  1.69674438E-03  9.67237130E-01
  0.00000000E+00  1.04000000E+00  9.24503818E-01 -1.02644679E-02 -8.55128845E-02  1.00000005E-03  1.69446045E-03  9.68630336E-01
  0.00000000E+00  1.04200000E+00  9.24718900E-01 -1.02715449E-02 -8.55008383E-02  1.00000005E-03  1.69216824E-03  9.70026222E-01
  0.00000000E+00  1.04400000E+00  9.24933582E-01 -1.02786067E-02 -8.54887947E-02  1.00000005E-03  1.68986779E-03  9.71424805E-01
  0.00000000E+00  1.04600000E+00  9.25147865E-01 -1.02856534E-02 -8.54767535E-02  1.00000005E-03  1.68755915E-03  9.72826105E-01
  0.00000000E+00  1.04800000E+00  9.25361749E-01 -1.02926849E-02 -8.54647147E-02  1.00000005E-03  1.68524233E-03  9.74230141E-01
  0.00000000E+00  1.05000000E+00  9.25575237E-01 -1.02997013E-02 -8.54526782E-02  1.00000005E-03  1.68291739E-03  9.75636932E-01
  0.00000000E+00  1.05200000E+00  9.25788328E-01 -1.03067025E-02 -8.54406440E-02  1.00000005E-03  1.68058434E-03  9.77046497E-01
  0.00000000E+00  1.05400000E+00  9.26001025E-01 -1.03136887E-02 -8.54286118E-02  1.00000005E-03  1.67824324E-03  9.78458855E-01
  0.00000000E+00  1.05600000E+00  9.26213329E-01 -1.03206597E-02 -8.54165818E-02  1.00000005E-03  1.67589411E-03  9.79874026E-01
  0.00000000E+00  1.05800000E+00  9.26425239E-01 -1.03276156E-02 -8.54045537E-02  1.00000005E-03  1.67353698E-03  9.81292030E-01
  0.00000000E+00  1.06000000E+00  9.26636758E-01 -1.03345565E-02 -8.53925276E-02  1.00000005E-03  1.67117189E-03  9.82712886E-01
  0.00000000E+00  1.06200000E+00  9.26847887E-01 -1.03414822E-02 -8.53805034E-02  1.00000005E-03  1.66879888E-03  9.84136614E-01
  0.00000000E+00  1.06400000E+00  9.27058626E-01 -1.03483929E-02 -8.53684810E-02  1.00000005E-03  1.66641798E-03  9.85563234E-01
  0.00000000E+00  1.06600000E+00  9.27268977E-01 -1.03552885E-02 -8.53564604E-02  1.00000005E-03  1.66402922E-03  9.86992765E-01
  0.00000000E+00  1.06800000E+00  9.27478941E-01 -1.03621691E-02 -8.53444415E-02  1.00000005E-03  1.66163264E-03  9.88425227E-01
  0.00000000E+00  1.07000000E+00  9.27688518E-01 -1.03690346E-02 -8.53324243E-02  1.00000005E-03  1.65922827E-03  9.89860641E-01
  0.00000000E+00  1.07200000E+00  9.27897710E-01 -1.03758851E-02 -8.53204088E-02  1.00000005E-03  1.65681614E-03  9.91299026E-01
  0.00000000E+00  1.07400000E+00  9.28106518E-01 -1.03827207E-02 -8.53083950E-02  1.00000005E-03  1.65439629E-03  9.92740403E-01
  0.00000000E+00  1.07600000E+00  9.28314943E-01 -1.03895412E-02 -8.52963828E-02  1.00000005E-03  1.65196875E-03  9.94184793E-01
  0.00000000E+00  1.07800000E+00  9.28522986E-01 -1.03963468E-02 -8.52843722E-02  1.00000005E-03  1.64953356E-03  9.95632215E-01
  0.00000000E+00  1.08000000E+00  9.28730647E-01 -1.04031375E-02 -8.52723633E-02  1.00000005E-03  1.64709074E-03  9.97082690E-01
  0.00000000E+00  1.08200000E+00  9.28937928E-01 -1.04099133E-02 -8.52603560E-02  1.00000005E-03  1.64464034E-03  9.98536239E-01
  0.00000000E+00  1.08400000E+00  9.29144830E-01 -1.04166742E-02 -8.52483504E-02  1.00000005E-03  1.64218238E-03  9.99992882E-01
  0.00000000E+00  1.08600000E+00  9.29351354E-01 -1.04234203E-02 -8.52363464E-02  1.00000005E-03  1.63971690E-03  1.00145264E+00
  0.00000000E+00  1.08800000E+00  9.29557501E-01 -1.04301515E-02 -8.52243441E-02  1.00000005E-03  1.63724392E-03  1.00291554E+00
  0.00000000E+00  1.09000000E+00  9.29763272E-01 -1.04368679E-02 -8.52123434E-02  1.00000005E-03  1.63476349E-03  1.00438159E+00
  0.00000000E+00  1.09200000E+00  9.29968667E-01 -1.04435696E-02 -8.52003445E-02  1.00000005E-03  1.63227564E-03  1.00585082E+00
  0.00000000E+00  1.09400000E+00  9.30173688E-01 -1.04502565E-02 -8.51883474E-02  1.00000005E-03  1.62978040E-03  1.00732325E+00
  0.00000000E+00  1.09600000E+00  9.30378336E-01 -1.04569288E-02 -8.51763520E-02  1.00000005E-03  1.62727779E-03  1.00879890E+00
  0.00000000E+00  1.09800000E+00  9.30582611E-01 -1.04635863E-02 -8.51643584E-02  1.00000005E-03  1.62476786E-03  1.01027779E+00
  0.00000000E+00  1.10000000E+00  9.30786515E-01 -1.04702293E-02 -8.51523667E-02  1.00000005E-03  1.62225064E-03  1.01175995E+00
  0.00000000E+00  1.10200000E+00  9.30990048E-01 -1.04768576E-02 -8.51403769E-02  1.00000005E-03  1.61972615E-03  1.01324539E+00
  0.00000000E+00  1.10400000E+00  9.31193212E-01 -1.04834713E-02 -8.51283891E-02  1.00000005E-03  1.61719444E-03  1.01473413E+00
  0.00000000E+00  1.10600000E+00  9.31396008E-01 -1.04900706E-02 -8.51164032E-02  1.00000005E-03  1.61465553E-03  1.01622621E+00
  0.00000000E+00  1.10800000E+00  9.31598435E-01 -1.04966553E-02 -8.51044194E-02  1.00000005E-03  1.61210945E-03  1.01772164E+00
  0.00000000E+00  1.11000000E+00  9.31800496E-01 -1.05032255E-02 -8.50924376E-02  1.00000005E-03  1.60955624E-03  1.01922044E+00
  0.00000000E+00  1.11200000E+00  9.32002191E-01 -1.05097813E-02 -8.50804579E-02  1.00000005E-03  1.60699593E-03  1.02072263E+00
  0.00000000E+00  1.11400000E+00  9.32203521E-01 -1.05163227E-02 -8.50684803E-02  1.00000005E-03  1.60442856E-03  1.02222824E+00
  0.00000000E+00  1.11600000E+00  9.32404487E-01 -1.05228497E-02 -8.50565049E-02  1.00000005E-03  1.60185414E-03  1.02373730E+00
  0.00000000E+00  1.11800000E+00  9.32605090E-01 -1.05293623E-02 -8.50445318E-02  1.00000005E-03  1.59927272E-03  1.02524981E+00
  0.00000000E+00  1.12000000E+00  9.32805331E-01 -1.05358606E-02 -8.50325608E-02  1.00000005E-03  1.59668433E-03  1.02676581E+00
  0.00000000E+00  1.12200000E+00  9.33005210E-01 -1.05423446E-02 -8.50205921E-02  1.00000005E-03  1.59408899E-03  1.02828531E+00
  0.00000000E+00  1.12400000E+00  9.33204729E-01 -1.05488144E-02 -8.50086257E-02  1.00000005E-03  1.59148674E-03  1.02980834E+00
  0.00000000E+00  1.12600000E+00  9.33403888E-01 -1.05552699E-02 -8.49966616E-02  1.00000005E-03  1.58887762E-03  1.03133493E+00
  0.00000000E+00  1.12800000E+00  9.33602688E-01 -1.05617112E-02 -8.49846998E-02  1.00000005E-03  1.58626165E-03  1.03286509E+00
  0.00000000E+00  1.13000000E+00  9.33801130E-01 -1.05681383E-02 -8.49727403E-02  1.00000005E-03  1.58363886E-03  1.03439886E+00
  0.00000000E+00  1.13200000E+00  9.33999216E-01 -1.05745512E-02 -8.49607831E-02  1.00000005E-03  1.58100929E-03  1.03593624E+00
  0.00000000E+00  1.13400000E+00  9.34196945E-01 -1.05809499E-02 -8.49488282E-02  1.00000005E-03  1.57837296E-03  1.03747727E+00
  0.00000000E+00  1.13600000E+00  9.34394318E-01 -1.05873346E-02 -8.49368756E-02  1.00000005E-03  1.57572991E-03  1.03902197E+00
  0.00000000E+00  1.13800000E+00  9.34591338E-01 -1.05937051E-02 -8.49249252E-02  1.00000005E-03  1.57308018E-03  1.04057036E+00
  0.00000000E+00  1.14000000E+00  9.34788003E-01 -1.06000614E-02 -8.49129772E-02  1.00000005E-03  1.57042378E-03  1.04212247E+00
  0.00000000E+00  1.14200000E+00  9.34984316E-01 -1.06064037E-02 -8.49010313E-02  1.00000005E-03  1.56776075E-03  1.04367832E+00
  0.00000000E+00  1.14400000E+00  9.35180276E-01 -1.06127320E-02 -8.48890876E-02  1.00000005E-03  1.56509113E-03  1.04523793E+00
  0.00000000E+00  1.14600000E+00  9.35375885E-01 -1.06190461E-02 -8.48771461E-02  1.00000005E-03  1.56241493E-03  1.04680133E+00
  0.00000000E+00  1.14800000E+00  9.35571144E-01 -1.06253462E-02 -8.48652067E-02  1.00000005E-03  1.55973220E-03  1.04836855E+00
  0.00000000E+00  1.15000000E+00  9.35766053E-01 -1.06316322E-02 -8.48532693E-02  1.00000005E-03  1.55704297E-03  1.04993960E+00
  0.00000000E+00  1.15200000E+00  9.35960613E-01 -1.06379042E-02 -8.48413340E-02  1.00000005E-03  1.55434726E-03  1.05151451E+00
  0.00000000E+00  1.15400000E+00  9.36154825E-01 -1.06441621E-02 -8.48294005E-02  1.00000005E-03  1.55164511E-03  1.05309331E+00
  0.00000000E+00  1.15600000E+00  9.36348690E-01 -1.06504060E-02 -8.48174689E-02  1.00000005E-03  1.54893655E-03  1.05467603E+00
  0.00000000E+00  1.15800000E+00  9.36542208E-01 -1.06566358E-02 -8.48055392E-02  1.00000005E-03  1.54622160E-03  1.05626268E+00
  0.00000000E+00  1.16000000E+00  9.36735381E-01 -1.06628516E-02 -8.47936111E-02  1.00000005E-03  1.54350030E-03  1.05785329E+00
  0.00000000E+00  1.16200000E+00  9.36928208E-01 -1.06690534E-02 -8.47816847E-02  1.00000005E-03  1.54077268E-03  1.05944788E+00
  0.00000000E+00  1.16400000E+00  9.37120692E-01 -1.06752411E-02 -8.47697599E-02  1.00000005E-03  1.53803876E-03  1.06104649E+00
  0.00000000E+00  1.16600000E+00  9.37312832E-01 -1.06814148E-02 -8.47578366E-02  1.00000005E-03  1.53529859E-03  1.06264914E+00
  0.00000000E+00  1.16800000E+00  9.37504629E-01 -1.06875745E-02 -8.47459148E-02  1.00000005E-03  1.53255219E-03  1.06425585E+00
  0.00000000E+00  1.17000000E+00  9.37696084E-01 -1.06937202E-02 -8.47339944E-02  1.00000005E-03  1.52979959E-03  1.06586665E+00
  0.00000000E+00  1.17200000E+00  9.37887198E-01 -1.06998518E-02 -8.47220753E-02  1.00000005E-03  1.52704081E-03  1.06748157E+00
  0.00000000E+00  1.17400000E+00  9.38077971E-01 -1.07059694E-02 -8.47101574E-02  1.00000005E-03  1.52427590E-03  1.06910063E+00
  0.00000000E+00  1.17600000E+00  9.38268405E-01 -1.07120730E-02 -8.46982408E-02  1.00000005E-03  1.52150488E-03  1.07072385E+00
  0.00000000E+00  1.17800000E+00  9.38458500E-01 -1.07181626E-02 -8.46863254E-02  1.00000005E-03  1.51872778E-03  1.07235127E+00
  0.00000000E+00  1.18000000E+00  9.38648257E-01 -1.07242382E-02 -8.46744112E-02  1.00000005E-03  1.51594463E-03  1.07398291E+00
  0.00000000E+00  1.18200000E+00  9.38837676E-01 -1.07302999E-02 -8.46624981E-02  1.00000005E-03  1.51315546E-03  1.07561880E+00
  0.00000000E+00  1.18400000E+00  9.39026758E-01 -1.07363476E-02 -8.46505862E-02  1.00000005E-03  1.51036030E-03  1.07725896E+00
  0.00000000E+00  1.18600000E+00  9.39215504E-01 -1.07423814E-02 -8.46386756E-02  1.00000005E-03  1.50755918E-03  1.07890343E+00
  0.00000000E+00  1.18800000E+00  9.39403914E-01 -1.07484013E-02 -8.46267662E-02  1.00000005E-03  1.50475213E-03  1.08055222E+00
  0.00000000E+00  1.19000000E+00  9.39591990E-01 -1.07544073E-02 -8.46148581E-02  1.00000005E-03  1.50193918E-03  1.08220537E+00
  0.00000000E+00  1.19200000E+00  9.39779732E-01 -1.07603996E-02 -8.46029515E-02  1.00000005E-03  1.49912037E-03  1.08386290E+00
  0.00000000E+00  1.19400000E+00  9.39967141E-01 -1.07663781E-02 -8.45910465E-02  1.00000005E-03  1.49629571E-03  1.08552485E+00
  0.00000000E+00  1.19600000E+00  9.40154217E-01 -1.07723428E-02 -8.45791433E-02  1.00000005E-03  1.49346525E-03  1.08719123E+00
  0.00000000E+00  1.19800000E+00  9.40340962E-01 -1.07782940E-02 -8.45672420E-02  1.00000005E-03  1.49062900E-03  1.08886208E+00
  0.00000000E+00  1.20000000E+00  9.40527375E-01 -1.07842316E-02 -8.45553429E-02  1.00000005E-03  1.48778700E-03  1.09053743E+00
  0.00000000E+00  1.20200000E+00  9.40713458E-01 -1.07901557E-02 -8.45434464E-02  1.00000005E-03  1.48493928E-03  1.09221730E+00
  0.00000000E+00  1.20400000E+00  9.40899211E-01 -1.07960665E-02 -8.45315527E-02  1.00000005E-03  1.48208587E-03  1.09390173E+00
  0.00000000E+00  1.20600000E+00  9.41084635E-01 -1.08019641E-02 -8.45196622E-02  1.00000005E-03  1.47922680E-03  1.09559074E+00
  0.00000000E+00  1.20800000E+00  9.41269731E-01 -1.08078485E-02 -8.45077755E-02  1.00000005E-03  1.47636210E-03  1.09728435E+00
  0.00000000E+00  1.21000000E+00  9.41454499E-01 -1.08137200E-02 -8.44958930E-02  1.00000005E-03  1.47349179E-03  1.09898261E+00
  0.00000000E+00  1.21200000E+00  9.41638940E-01 -1.08195787E-02 -8.44840154E-02  1.00000005E-03  1.47061591E-03  1.10068554E+00
  0.00000000E+00  1.21400000E+00  9.41823056E-01 -1.08254247E-02 -8.44721433E-02  1.00000005E-03  1.46773449E-03  1.10239317E+00
  0.00000000E+00  1.21600000E+00  9.42006845E-01 -1.08312584E-02 -8.44602773E-02  1.00000005E-03  1.46484755E-03  1.10410552E+00
  0.00000000E+00  1.21800000E+00  9.42190310E-01 -1.08370798E-02 -8.44484185E-02  1.00000005E-03  1.46195512E-03  1.10582264E+00
  0.00000000E+00  1.22000000E+00  9.42373451E-01 -1.08428893E-02 -8.44365676E-02  1.00000005E-03  1.45905724E-03  1.10754454E+00
  0.00000000E+00  1.22200000E+00  9.42556269E-01 -1.08486870E-02 -8.44247257E-02  1.00000005E-03  1.45615393E-03  1.10927126E+00
  0.00000000E+00  1.22400000E+00  9.42738764E-01 -1.08544734E-02 -8.44128939E-02  1.00000005E-03  1.45324522E-03  1.11100283E+00
  0.00000000E+00  1.22600000E+00  9.42920933E-01 -1.08602272E-02 -8.44009826E-02  1.00000005E-03  1.45033115E-03  1.11273928E+00
  0.00000000E+00  1.22800000E+00  9.43102781E-01 -1.08659685E-02 -8.43890770E-02  1.00000005E-03  1.44741174E-03  1.11448064E+00
  0.00000000E+00  1.23000000E+00  9.43284309E-01 -1.08716986E-02 -8.43771825E-02  1.00000005E-03  1.44448701E-03  1.11622694E+00
  0.00000000E+00  1.23200000E+00  9.43465516E-01 -1.08774173E-02 -8.43652976E-02  1.00000005E-03  1.44155700E-03  1.11797822E+00
  0.00000000E+00  1.23400000E+00  9.43646404E-01 -1.08831243E-02 -8.43534212E-02  1.00000005E-03  1.43862174E-03  1.11973450E+00
  0.00000000E+00  1.23600000E+00  9.43826973E-01 -1.08888192E-02 -8.43415521E-02  1.00000005E-03  1.43568125E-03  1.12149582E+00
  0.00000000E+00  1.23800000E+00  9.44007224E-01 -1.08945020E-02 -8.43296894E-02  1.00000005E-03  1.43273557E-03  1.12326221E+00
  0.00000000E+00  1.24000000E+00  9.44187156E-01 -1.09001724E-02 -8.43178322E-02  1.00000005E-03  1.42978472E-03  1.12503369E+00
  0.00000000E+00  1.24200000E+00  9.44366772E-01 -1.09058302E-02 -8.43059796E-02  1.00000005E-03  1.42682873E-03  1.12681031E+00
  0.00000000E+00  1.24400000E+00  9.44546070E-01 -1.09114752E-02 -8.42941311E-02  1.00000005E-03  1.42386763E-03  1.12859210E+00
  0.00000000E+00  1.24600000E+00  9.44725053E-01 -1.09171075E-02 -8.42822859E-02  1.00000005E-03  1.42090145E-03  1.13037908E+00
  0.00000000E+00  1.24800000E+00  9.44903720E-01 -1.09227268E-02 -8.42704437E-02  1.00000005E-03  1.41793022E-03  1.13217129E+00
  0.00000000E+00  1.25000000E+00  9.45082072E-01 -1.09283331E-02 -8.42586038E-02  1.00000005E-03  1.41495397E-03  1.13396877E+00
  0.00000000E+00  1.25200000E+00  9.45260109E-01 -1.09339263E-02 -8.42467660E-02  1.00000005E-03  1.41197273E-03  1.13577154E+00
  0.00000000E+00  1.25400000E+00  9.45437833E-01 -1.09395063E-02 -8.42349299E-02  1.00000005E-03  1.40898652E-03  1.13757964E+00
  0.00000000E+00  1.25600000E+00  9.45615243E-01 -1.09450730E-02 -8.42230953E-02  1.00000005E-03  1.40599537E-03  1.13939311E+00
  0.00000000E+00  1.25800000E+00  9.45792340E-01 -1.09506266E-02 -8.42112620E-02  1.00000005E-03  1.40299932E-03  1.14121197E+00
  0.00000000E+00  1.26000000E+00  9.45969126E-01 -1.09561668E-02 -8.41994297E-02  1.00000005E-03  1.39999838E-03  1.14303626E+00
  0.00000000E+00  1.26200000E+00  9.46145600E-01 -1.09616938E-02 -8.41875984E-02  1.00000005E-03  1.39699260E-03  1.14486602E+00
  0.00000000E+00  1.26400000E+00  9.46321763E-01 -1.09672075E-02 -8.41757680E-02  1.00000005E-03  1.39398200E-03  1.14670127E+00
  0.00000000E+00  1.26600000E+00  9.46497615E-01 -1.09727079E-02 -8.41639385E-02  1.00000005E-03  1.39096660E-03  1.14854206E+00
  0.00000000E+00  1.26800000E+00  9.46673158E-01 -1.09781951E-02 -8.41521097E-02  1.00000005E-03  1.38794643E-03  1.15038842E+00
  0.00000000E+00  1.27000000E+00  9.46848391E-01 -1.09836690E-02 -8.41402818E-02  1.00000005E-03  1.38492153E-03  1.15224039E+00
  0.00000000E+00  1.27200000E+00  9.47023316E-01 -1.09891296E-02 -8.41284546E-02  1.00000005E-03  1.38189193E-03  1.15409799E+00
  0.00000000E+00  1.27400000E+00  9.47197933E-01 -1.09945771E-02 -8.41166284E-02  1.00000005E-03  1.37885764E-03  1.15596127E+00
  0.00000000E+00  1.27600000E+00  9.47372242E-01 -1.10000114E-02 -8.41048031E-02  1.00000005E-03  1.37581870E-03  1.15783026E+00
  0.00000000E+00  1.27800000E+00  9.47546244E-01 -1.10054325E-02 -8.40929789E-02  1.00000005E-03  1.37277514E-03  1.15970499E+00
  0.00000000E+00  1.28000000E+00  9.47719940E-01 -1.10108406E-02 -8.40811557E-02  1.00000005E-03  1.36972698E-03  1.16158551E+00
  0.00000000E+00  1.28200000E+00  9.47893330E-01 -1.10162355E-02 -8.40693337E-02  1.00000005E-03  1.36667425E-03  1.16347185E+00
  0.00000000E+00  1.28400000E+00  9.48066415E-01 -1.10216175E-02 -8.40575130E-02  1.00000005E-03  1.36361699E-03  1.16536405E+00
  0.00000000E+00  1.28600000E+00  9.48239195E-01 -1.10269864E-02 -8.40456937E-02  1.00000005E-03  1.36055522E-03  1.16726214E+00
  0.00000000E+00  1.28800000E+00  9.48411671E-01 -1.10323424E-02 -8.40338758E-02  1.00000005E-03  1.35748897E-03  1.16916615E+00
  0.00000000E+00  1.29000000E+00  9.48583843E-01 -1.10376855E-02 -8.40220595E-02  1.00000005E-03  1.35441826E-03  1.17107614E+00
  0.00000000E+00  1.29200000E+00  9.48755712E-01 -1.10430158E-02 -8.40102450E-02  1.00000005E-03  1.35134313E-03  1.17299213E+00
  0.00000000E+00  1.29400000E+00  9.48927279E-01 -1.10483332E-02 -8.39984322E-02  1.00000005E-03  1.34826360E-03  1.17491416E+00
  0.00000000E+00  1.29600000E+00  9.49098544E-01 -1.10536378E-02 -8.39866212E-02  1.00000005E-03  1.34517970E-03  1.17684228E+00
  0.00000000E+00  1.29800000E+00  9.49269507E-01 -1.10589297E-02 -8.39748123E-02  1.00000005E-03  1.34209146E-03  1.17877651E+00
  0.00000000E+00  1.30000000E+00  9.49440169E-01 -1.10642088E-02 -8.39630053E-02  1.00000005E-03  1.33899891E-03  1.18071690E+00
  0.00000000E+00  1.30200000E+00  9.49610531E-01 -1.10694753E-02 -8.39512005E-02  1.00000005E-03  1.33590207E-03  1.18266349E+00
  0.00000000E+00  1.30400000E+00  9.49780594E-01 -1.10747291E-02 -8.39393979E-02  1.00000005E-03  1.33280098E-03  1.18461632E+00
  0.00000000E+00  1.30600000E+00  9.49950357E-01 -1.10799703E-02 -8.39275974E-02  1.00000005E-03  1.32969565E-03  1.18657542E+00
  0.00000000E+00  1.30800000E+00  9.50119821E-01 -1.10851990E-02 -8.39157993E-02  1.00000005E-03  1.32658613E-03  1.18854083E+00
  0.00000000E+00  1.31000000E+00  9.50288987E-01 -1.10904150E-02 -8.39040035E-02  1.00000005E-03  1.32347244E-03  1.19051259E+00
  0.00000000E+00  1.31200000E+00  9.50457855E-01 -1.10956185E-02 -8.38922101E-02  1.00000005E-03  1.32035460E-03  1.19249076E+00
  0.00000000E+00  1.31400000E+00  9.50626426E-01 -1.11008096E-02 -8.38804190E-02  1.00000005E-03  1.31723264E-03  1.19447535E+00
  0.00000000E+00  1.31600000E+00  9.50794700E-01 -1.11059881E-02 -8.38686304E-02  1.00000005E-03  1.31410660E-03  1.19646642E+00
  0.00000000E+00  1.31800000E+00  9.50962678E-01 -1.11111541E-02 -8.38568441E-02  1.00000005E-03  1.31097649E-03  1.19846400E+00
  0.00000000E+00  1.32000000E+00  9.51130360E-01 -1.11163077E-02 -8.38450602E-02  1.00000005E-03  1.30784236E-03  1.20046815E+00
  0.00000000E+00  1.32200000E+00  9.51297747E-01 -1.11214488E-02 -8.38332787E-02  1.00000005E-03  1.30470422E-03  1.20247888E+00
  0.00000000E+00  1.32400000E+00  9.51464839E-01 -1.11265775E-02 -8.38214996E-02  1.00000005E-03  1.30156210E-03  1.20449626E+00
  0.00000000E+00  1.32600000E+00  9.51631637E-01 -1.11316937E-02 -8.38097228E-02  1.00000005E-03  1.29841604E-03  1.20652032E+00
  0.00000000E+00  1.32800000E+00  9.51798141E-01 -1.11367976E-02 -8.37979483E-02  1.00000005E-03  1.29526605E-03  1.20855110E+00
  0.00000000E+00  1.33000000E+00  9.51964352E-01 -1.11418890E-02 -8.37861761E-02  1.00000005E-03  1.29211218E-03  1.21058865E+00
  0.00000000E+00  1.33200000E+00  9.52130269E-01 -1.11469680E-02 -8.37744061E-02  1.00000005E-03  1.28895444E-03  1.21263301E+00
  0.00000000E+00  1.33400000E+00  9.52295895E-01 -1.11520346E-02 -8.37626382E-02  1.00000005E-03  1.28579286E-03  1.21468421E+00
  0.00000000E+00  1.33600000E+00  9.52461229E-01 -1.11570888E-02 -8.37508725E-02  1.00000005E-03  1.28262747E-03  1.21674231E+00
  0.00000000E+00  1.33800000E+00  9.52626271E-01 -1.11621307E-02 -8.37391088E-02  1.00000005E-03  1.27945831E-03  1.21880735E+00
  0.00000000E+00  1.34000000E+00  9.52791023E-01 -1.11671601E-02 -8.37273470E-02  1.00000005E-03  1.27628539E-03  1.22087937E+00
  0.00000000E+00  1.34200000E+00  9.52955484E-01 -1.11721771E-02 -8.37155872E-02  1.00000005E-03  1.27310875E-03  1.22295841E+00
  0.00000000E+00  1.34400000E+00  9.53119655E-01 -1.11771817E-02 -8.37038292E-02  1.00000005E-03  1.26992841E-03  1.22504452E+00
  0.00000000E+00  1.34600000E+00  9.53283536E-01 -1.11821740E-02 -8.36920730E-02  1.00000005E-03  1.26674440E-03  1.22713775E+00
  0.00000000E+00  1.34800000E+00  9.53447129E-01 -1.11871538E-02 -8.36803185E-02  1.00000005E-03  1.26355675E-03  1.22923814E+00
  0.00000000E+00  1.35000000E+00  9.53610433E-01 -1.11921212E-02 -8.36685657E-02  1.00000005E-03  1.26036549E-03  1.23134573E+00
  0.00000000E+00  1.35200000E+00  9.53773448E-01 -1.11970763E-02 -8.36568144E-02  1.00000005E-03  1.25717065E-03  1.23346057E+00
  0.00000000E+00  1.35400000E+00  9.53936176E-01 -1.12020189E-02 -8.36450647E-02  1.00000005E-03  1.25397224E-03  1.23558270E+00
  0.00000000E+00  1.35600000E+00  9.54098617E-01 -1.12069491E-02 -8.36333163E-02  1.00000005E-03  1.25077031E-03  1.23771218E+00
  0.00000000E+00  1.35800000E+00  9.54260771E-01 -1.12118670E-02 -8.36215694E-02  1.00000005E-03  1.24756488E-03  1.23984904E+00
  0.00000000E+00  1.36000000E+00  9.54422639E-01 -1.12167724E-02 -8.36098239E-02  1.00000005E-03  1.24435598E-03  1.24199334E+00
  0.00000000E+00  1.36200000E+00  9.54584221E-01 -1.12216655E-02 -8.35980797E-02  1.00000005E-03  1.24114363E-03  1.24414512E+00
  0.00000000E+00  1.36400000E+00  9.54745517E-01 -1.12265462E-02 -8.35863367E-02  1.00000005E-03  1.23792786E-03  1.24630443E+00
  0.00000000E+00  1.36600000E+00  9.54906528E-01 -1.12314145E-02 -8.35745949E-02  1.00000005E-03  1.23470870E-03  1.24847131E+00
  0.00000000E+00  1.36800000E+00  9.55067255E-01 -1.12362704E-02 -8.35628544E-02  1.00000005E-03  1.23148619E-03  1.25064582E+00
  0.00000000E+00  1.37000000E+00  9.55227697E-01 -1.12411140E-02 -8.35511151E-02  1.00000005E-03  1.22826034E-03  1.25282801E+00
  0.00000000E+00  1.37200000E+00  9.55387856E-01 -1.12459453E-02 -8.35393770E-02  1.00000005E-03  1.22503118E-03  1.25501791E+00
  0.00000000E+00  1.37400000E+00  9.55547732E-01 -1.12507642E-02 -8.35276400E-02  1.00000005E-03  1.22179875E-03  1.25721559E+00
  0.00000000E+00  1.37600000E+00  9.55707325E-01 -1.12555708E-02 -8.35159043E-02  1.00000005E-03  1.21856307E-03  1.25942108E+00
  0.00000000E+00  1.37800000E+00  9.55866635E-01 -1.12603652E-02 -8.35041697E-02  1.00000005E-03  1.21532416E-03  1.26163445E+00
  0.00000000E+00  1.38000000E+00  9.56025664E-01 -1.12651472E-02 -8.34924365E-02  1.00000005E-03  1.21208207E-03  1.26385573E+00
  0.00000000E+00  1.38200000E+00  9.56184411E-01 -1.12699170E-02 -8.34807045E-02  1.00000005E-03  1.20883680E-03  1.26608499E+00
  0.00000000E+00  1.38400000E+00  9.56342877E-01 -1.12746746E-02 -8.34689738E-02  1.00000005E-03  1.20558840E-03  1.26832227E+00
  0.00000000E+00  1.38600000E+00  9.56501063E-01 -1.12794200E-02 -8.34572446E-02  1.00000005E-03  1.20233689E-03  1.27056762E+00
  0.00000000E+00  1.38800000E+00  9.56658968E-01 -1.12841532E-02 -8.34455168E-02  1.00000005E-03  1.19908230E-03  1.27282109E+00
  0.00000000E+00  1.39000000E+00  9.56816594E-01 -1.12888743E-02 -8.34337905E-02  1.00000005E-03  1.19582466E-03  1.27508274E+00
  0.00000000E+00  1.39200000E+00  9.56973940E-01 -1.12935832E-02 -8.34220658E-02  1.00000005E-03  1.19256399E-03  1.27735262E+00
  0.00000000E+00  1.39400000E+00  9.57131008E-01 -1.12982801E-02 -8.34103428E-02  1.00000005E-03  1.18930032E-03  1.27963077E+00
  0.00000000E+00  1.39600000E+00  9.57287797E-01 -1.13029650E-02 -8.33986217E-02  1.00000005E-03  1.18603368E-03  1.28191726E+00
  0.00000000E+00  1.39800000E+00  9.57444308E-01 -1.13076379E-02 -8.33869024E-02  1.00000005E-03  1.18276410E-03  1.28421214E+00
  0.00000000E+00  1.40000000E+00  9.57600541E-01 -1.13122988E-02 -8.33751851E-02  1.00000005E-03  1.17949160E-03  1.28651546E+00
  0.00000000E+00  1.40200000E+00  9.57756498E-01 -1.13169477E-02 -8.33634699E-02  1.00000005E-03  1.17621622E-03  1.28882727E+00
  0.00000000E+00  1.40400000E+00  9.57912177E-01 -1.13215848E-02 -8.33517569E-02  1.00000005E-03  1.17293798E-03  1.29114763E+00
  0.00000000E+00  1.40600000E+00  9.58067581E-01 -1.13262101E-02 -8.33400462E-02  1.00000005E-03  1.16965691E-03  1.29347660E+00
  0.00000000E+00  1.40800000E+00  9.58222708E-01 -1.13308235E-02 -8.33283379E-02  1.00000005E-03  1.16637304E-03  1.29581423E+00
  0.00000000E+00  1.41000000E+00  9.58377560E-01 -1.13354252E-02 -8.33166322E-02  1.00000005E-03  1.16308640E-03  1.29816057E+00
  0.00000000E+00  1.41200000E+00  9.58532138E-01 -1.13400151E-02 -8.33049291E-02  1.00000005E-03  1.15979700E-03  1.30051568E+00
  0.00000000E+00  1.41400000E+00  9.58686440E-01 -1.13445933E-02 -8.32932287E-02  1.00000005E-03  1.15650490E-03  1.30287963E+00
  0.00000000E+00  1.41600000E+00  9.58840468E-01 -1.13491599E-02 -8.32815311E-02  1.00000005E-03  1.15321010E-03  1.30525245E+00
  0.00000000E+00  1.41800000E+00  9.58994223E-01 -1.13537148E-02 -8.32698364E-02  1.00000005E-03  1.14991263E-03  1.30763422E+00
  0.00000000E+00  1.42000000E+00  9.59147704E-01 -1.13582581E-02 -8.32581446E-02  1.00000005E-03  1.14661254E-03  1.31002500E+00
  0.00000000E+00  1.42200000E+00  9.59300913E-01 -1.13627899E-02 -8.32464557E-02  1.00000005E-03  1.14330983E-03  1.31242483E+00
  0.00000000E+00  1.42400000E+00  9.59453848E-01 -1.13673100E-02 -8.32347698E-02  1.00000005E-03  1.14000455E-03  1.31483377E+00
  0.00000000E+00  1.42600000E+00  9.59606512E-01 -1.13718186E-02 -8.32230868E-02  1.00000005E-03  1.13669672E-03  1.31725190E+00
  0.00000000E+00  1.42800000E+00  9.59758904E-01 -1.13763156E-02 -8.32114067E-02  1.00000005E-03  1.13338637E-03  1.31967926E+00
  0.00000000E+00  1.43000000E+00  9.59911025E-01 -1.13808010E-02 -8.31997293E-02  1.00000005E-03  1.13007352E-03  1.32211592E+00
  0.00000000E+00  1.43200000E+00  9.60062875E-01 -1.13852749E-02 -8.31880547E-02  1.00000005E-03  1.12675821E-03  1.32456194E+00
  0.00000000E+00  1.43400000E+00  9.60214454E-01 -1.13897371E-02 -8.31763826E-02  1.00000005E-03  1.12344046E-03  1.32701737E+00
  0.00000000E+00  1.43600000E+00  9.60365763E-01 -1.13941877E-02 -8.31647129E-02  1.00000005E-03  1.12012030E-03  1.32948229E+00
  0.00000000E+00  1.43800000E+00  9.60516802E-01 -1.13986267E-02 -8.31530452E-02  1.00000005E-03  1.11679776E-03  1.33195674E+00
  0.00000000E+00  1.44000000E+00  9.60667572E-01 -1.14030538E-02 -8.31413792E-02  1.00000005E-03  1.11347286E-03  1.33444080E+00
  0.00000000E+00  1.44200000E+00  9.60818073E-01 -1.14074692E-02 -8.31297146E-02  1.00000005E-03  1.11014564E-03  1.33693453E+00
  0.00000000E+00  1.44400000E+00  9.60968306E-01 -1.14118726E-02 -8.31180509E-02  1.00000005E-03  1.10681612E-03  1.33943799E+00
  0.00000000E+00  1.44600000E+00  9.61118270E-01 -1.14162640E-02 -8.31063876E-02  1.00000005E-03  1.10348433E-03  1.34195124E+00
  0.00000000E+00  1.44800000E+00  9.61267966E-01 -1.14206433E-02 -8.30947241E-02  1.00000005E-03  1.10015029E-03  1.34447435E+00
  0.00000000E+00  1.45000000E+00  9.61417394E-01 -1.14250103E-02 -8.30830597E-02  1.00000005E-03  1.09681405E-03  1.34700739E+00
  0.00000000E+00  1.45200000E+00  9.61566555E-01 -1.14293649E-02 -8.30713937E-02  1.00000005E-03  1.09347562E-03  1.34955041E+00
  0.00000000E+00  1.45400000E+00  9.61715450E-01 -1.14337068E-02 -8.30597250E-02  1.00000005E-03  1.09013503E-03  1.35210349E+00
  0.00000000E+00  1.45600000E+00  9.61864077E-01 -1.14380358E-02 -8.30480528E-02  1.00000005E-03  1.08679232E-03  1.35466669E+00
  0.00000000E+00  1.45800000E+00  9.62012438E-01 -1.14423517E-02 -8.30363760E-02  1.00000005E-03  1.08344750E-03  1.35724008E+00
  0.00000000E+00  1.46000000E+00  9.62160533E-01 -1.14466542E-02 -8.30246932E-02  1.00000005E-03  1.08010061E-03  1.35982373E+00
  0.00000000E+00  1.46200000E+00  9.62308363E-01 -1.14509431E-02 -8.30130031E-02  1.00000005E-03  1.07675167E-03  1.36241769E+00
  0.00000000E+00  1.46400000E+00  9.62455926E-01 -1.14552179E-02 -8.30013042E-02  1.00000005E-03  1.07340072E-03  1.36502205E+00
  0.00000000E+00  1.46600000E+00  9.62603226E-01 -1.14594861E-02 -8.29896281E-02  1.00000005E-03  1.07004778E-03  1.36763687E+00
  0.00000000E+00  1.46800000E+00  9.62750266E-01 -1.14637635E-02 -8.29780431E-02  1.00000005E-03  1.06669288E-03  1.37026221E+00
  0.00000000E+00  1.47000000E+00  9.62897041E-01 -1.14680261E-02 -8.29664456E-02  1.00000005E-03  1.06333605E-03  1.37289815E+00
  0.00000000E+00  1.47200000E+00  9.63043552E-01 -1.14722743E-02 -8.29548377E-02  1.00000005E-03  1.05997732E-03  1.37554477E+00
  0.00000000E+00  1.47400000E+00  9.63189798E-01 -1.14765085E-02 -8.29432212E-02  1.00000005E-03  1.05661672E-03  1.37820212E+00
  0.00000000E+00  1.47600000E+00  9.63335782E-01 -1.14807293E-02 -8.29315977E-02  1.00000005E-03  1.05325427E-03  1.38087030E+00
  0.00000000E+00  1.47800000E+00  9.63481503E-01 -1.14849369E-02 -8.29199688E-02  1.00000005E-03  1.04989000E-03  1.38354935E+00
  0.00000000E+00  1.48000000E+00  9.63626962E-01 -1.14891317E-02 -8.29083358E-02  1.00000005E-03  1.04652395E-03  1.38623937E+00
  0.00000000E+00  1.48200000E+00  9.63772159E-01 -1.14933140E-02 -8.28966999E-02  1.00000005E-03  1.04315614E-03  1.38894042E+00
  0.00000000E+00  1.48400000E+00  9.63917095E-01 -1.14974840E-02 -8.28850621E-02  1.00000005E-03  1.03978660E-03  1.39165258E+00
  0.00000000E+00  1.48600000E+00  9.64061770E-01 -1.15016419E-02 -8.28734234E-02  1.00000005E-03  1.03641535E-03  1.39437592E+00
  0.00000000E+00  1.48800000E+00  9.64206185E-01 -1.15057881E-02 -8.28617846E-02  1.00000005E-03  1.03304243E-03  1.39711052E+00
  0.00000000E+00  1.49000000E+00  9.64350339E-01 -1.15099225E-02 -8.28501464E-02  1.00000005E-03  1.02966786E-03  1.39985645E+00
  0.00000000E+00  1.49200000E+00  9.64494234E-01 -1.15140455E-02 -8.28385094E-02  1.00000005E-03  1.02629168E-03  1.40261378E+00
  0.00000000E+00  1.49400000E+00  9.64637869E-01 -1.15181571E-02 -8.28268741E-02  1.00000005E-03  1.02291390E-03  1.40538261E+00
  0.00000000E+00  1.49600000E+00  9.64781246E-01 -1.15222575E-02 -8.28152410E-02  1.00000005E-03  1.01953457E-03  1.40816299E+00
  0.00000000E+00  1.49800000E+00  9.64924365E-01 -1.15263466E-02 -8.28036104E-02  1.00000005E-03  1.01615371E-03  1.41095502E+00
  0.00000000E+00  1.50000000E+00  9.65067225E-01 -1.15304247E-02 -8.27919826E-02  1.00000005E-03  1.01277134E-03  1.41375876E+00
  0.00000000E+00  1.50200000E+00  9.65209827E-01 -1.15344918E-02 -8.27803577E-02  1.00000005E-03  1.00938750E-03  1.41657431E+00
  0.00000000E+00  1.50400000E+00  9.65352172E-01 -1.15385479E-02 -8.27687361E-02  1.00000005E-03  1.00600221E-03  1.41940174E+00
  0.00000000E+00  1.50600000E+00  9.65494260E-01 -1.15425931E-02 -8.27571177E-02  1.00000005E-03  1.00261551E-03  1.42224112E+00
  0.00000000E+00  1.50800000E+00  9.65636092E-01 -1.15466274E-02 -8.27455027E-02  1.00000005E-03  9.99227418E-04  1.42509255E+00
  0.00000000E+00  1.51000000E+00  9.65777667E-01 -1.15506508E-02 -8.27338910E-02  1.00000005E-03  9.95837968E-04  1.42795610E+00
  0.00000000E+00  1.51200000E+00  9.65918986E-01 -1.15546633E-02 -8.27222828E-02  1.00000005E-03  9.92447189E-04  1.43083185E+00
  0.00000000E+00  1.51400000E+00  9.66060049E-01 -1.15586649E-02 -8.27106779E-02  1.00000005E-03  9.89055110E-04  1.43371990E+00
  0.00000000E+00  1.51600000E+00  9.66200858E-01 -1.15626557E-02 -8.26990762E-02  1.00000005E-03  9.85661758E-04  1.43662032E+00
  0.00000000E+00  1.51800000E+00  9.66341411E-01 -1.15666356E-02 -8.26874778E-02  1.00000005E-03  9.82267165E-04  1.43953320E+00
  0.00000000E+00  1.52000000E+00  9.66481709E-01 -1.15706046E-02 -8.26758825E-02  1.00000005E-03  9.78871357E-04  1.44245862E+00
  0.00000000E+00  1.52200000E+00  9.66621754E-01 -1.15745627E-02 -8.26642901E-02  1.00000005E-03  9.75474366E-04  1.44539667E+00
  0.00000000E+00  1.52400000E+00  9.66761544E-01 -1.15785099E-02 -8.26527007E-02  1.00000005E-03  9.72076219E-04  1.44834743E+00
  0.00000000E+00  1.52600000E+00  9.66901080E-01 -1.15824461E-02 -8.26411139E-02  1.00000005E-03  9.68676947E-04  1.45131100E+00
  0.00000000E+00  1.52800000E+00  9.67040364E-01 -1.15863714E-02 -8.26295298E-02  1.00000005E-03  9.65276578E-04  1.45428747E+00
  0.00000000E+00  1.53000000E+00  9.67179394E-01 -1.15902856E-02 -8.26179481E-02  1.00000005E-03  9.61875142E-04  1.45727691E+00
  0.00000000E+00  1.53200000E+00  9.67318172E-01 -1.15941889E-02 -8.26063687E-02  1.00000005E-03  9.58472668E-04  1.46027943E+00
  0.00000000E+00  1.53400000E+00  9.67456697E-01 -1.15980812E-02 -8.25947916E-02  1.00000005E-03  9.55069185E-04  1.46329510E+00
  0.00000000E+00  1.53600000E+00  9.67594970E-01 -1.16019624E-02 -8.25832165E-02  1.00000005E-03  9.51664723E-04  1.46632403E+00
  0.00000000E+00  1.53800000E+00  9.67732992E-01 -1.16058326E-02 -8.25716433E-02  1.00000005E-03  9.48259312E-04  1.46936630E+00
  0.00000000E+00  1.54000000E+00  9.67870762E-01 -1.16096917E-02 -8.25600720E-02  1.00000005E-03  9.44852981E-04  1.47242201E+00
  0.00000000E+00  1.54200000E+00  9.68008282E-01 -1.16135397E-02 -8.25485024E-02  1.00000005E-03  9.41445759E-04  1.47549125E+00
  0.00000000E+00  1.54400000E+00  9.68145550E-01 -1.16173767E-02 -8.25369343E-02  1.00000005E-03  9.38037677E-04  1.47857412E+00
  0.00000000E+00  1.54600000E+00  9.68282569E-01 -1.16212025E-02 -8.25253678E-02  1.00000005E-03  9.34628763E-04  1.48167070E+00
  0.00000000E+00  1.54800000E+00  9.68419337E-01 -1.16250172E-02 -8.25138028E-02  1.00000005E-03  9.31219047E-04  1.48478110E+00
  0.00000000E+00  1.55000000E+00  9.68555856E-01 -1.16288208E-02 -8.25022391E-02  1.00000005E-03  9.27808559E-04  1.48790542E+00
  0.00000000E+00  1.55200000E+00  9.68692125E-01 -1.16326133E-02 -8.24906767E-02  1.00000005E-03  9.24397329E-04  1.49104374E+00
  0.00000000E+00  1.55400000E+00  9.68828145E-01 -1.16363947E-02 -8.24791156E-02  1.00000005E-03  9.20985386E-04  1.49419617E+00
  0.00000000E+00  1.55600000E+00  9.68963917E-01 -1.16401650E-02 -8.24675558E-02  1.00000005E-03  9.17572761E-04  1.49736281E+00
  0.00000000E+00  1.55800000E+00  9.69099440E-01 -1.16439242E-02 -8.24559972E-02  1.00000005E-03  9.14159482E-04  1.50054376E+00
  0.00000000E+00  1.56000000E+00  9.69234716E-01 -1.16476723E-02 -8.24444398E-02  1.00000005E-03  9.10745581E-04  1.50373912E+00
  0.00000000E+00  1.56200000E+00  9.69369743E-01 -1.16514093E-02 -8.24328837E-02  1.00000005E-03  9.07331086E-04  1.50694898E+00
  0.00000000E+00  1.56400000E+00  9.69504524E-01 -1.16551353E-02 -8.24213288E-02  1.00000005E-03  9.03916027E-04  1.51017346E+00
  0.00000000E+00  1.56600000E+00  9.69639057E-01 -1.16588503E-02 -8.24097751E-02  1.00000005E-03  9.00500435E-04  1.51341266E+00
  0.00000000E+00  1.56800000E+00  9.69773344E-01 -1.16625542E-02 -8.23982228E-02  1.00000005E-03  8.97084340E-04  1.51666668E+00
  0.00000000E+00  1.57000000E+00  9.69907385E-01 -1.16662472E-02 -8.23866719E-02  1.00000005E-03  8.93667771E-04  1.51993563E+00
  0.00000000E+00  1.57200000E+00  9.70041180E-01 -1.16699292E-02 -8.23751223E-02  1.00000005E-03  8.90250758E-04  1.52321961E+00
  0.00000000E+00  1.57400000E+00  9.70174729E-01 -1.16736003E-02 -8.23635743E-02  1.00000005E-03  8.86833332E-04  1.52651873E+00
  0.00000000E+00  1.57600000E+00  9.70308033E-01 -1.16772604E-02 -8.23520278E-02  1.00000005E-03  8.83415522E-04  1.52983310E+00
  0.00000000E+00  1.57800000E+00  9.70441093E-01 -1.16809097E-02 -8.23404829E-02  1.00000005E-03  8.79997359E-04  1.53316283E+00
  0.00000000E+00  1.58000000E+00  9.70573907E-01 -1.16845482E-02 -8.23289398E-02  1.00000005E-03  8.76578872E-04  1.53650803E+00
  0.00000000E+00  1.58200000E+00  9.70706478E-01 -1.16881758E-02 -8.23173984E-02  1.00000005E-03  8.73160093E-04  1.53986880E+00
  0.00000000E+00  1.58400000E+00  9.70838805E-01 -1.16917927E-02 -8.23058590E-02  1.00000005E-03  8.69741050E-04  1.54324528E+00
  0.00000000E+00  1.58600000E+00  9.70970888E-01 -1.16953989E-02 -8.22943215E-02  1.00000005E-03  8.66321774E-04  1.54663755E+00
  0.00000000E+00  1.58800000E+00  9.71102729E-01 -1.16989943E-02 -8.22827861E-02  1.00000005E-03  8.62902296E-04  1.55004575E+00
  0.00000000E+00  1.59000000E+00  9.71234326E-01 -1.17025791E-02 -8.22712529E-02  1.00000005E-03  8.59482645E-04  1.55346998E+00
  0.00000000E+00  1.59200000E+00  9.71365682E-01 -1.17061533E-02 -8.22597219E-02  1.00000005E-03  8.56062851E-04  1.55691037E+00
  0.00000000E+00  1.59400000E+00  9.71496795E-01 -1.17097169E-02 -8.22481933E-02  1.00000005E-03  8.52642946E-04  1.56036703E+00
  0.00000000E+00  1.59600000E+00  9.71627666E-01 -1.17132699E-02 -8.22366671E-02  1.00000005E-03  8.49222959E-04  1.56384007E+00
  0.00000000E+00  1.59800000E+00  9.71758297E-01 -1.17168123E-02 -8.22251435E-02  1.00000005E-03  8.45802921E-04  1.56732963E+00
  0.00000000E+00  1.60000000E+00  9.71888686E-01 -1.17203443E-02 -8.22136224E-02  1.00000005E-03  8.42382862E-04  1.57083581E+00
  0.00000000E+00  1.60200000E+00  9.72018834E-01 -1.17238658E-02 -8.22021040E-02  1.00000005E-03  8.38962811E-04  1.57435875E+00
  0.00000000E+00  1.60400000E+00  9.72148743E-01 -1.17273769E-02 -8.21905883E-02  1.00000005E-03  8.35542801E-04  1.57789856E+00
  0.00000000E+00  1.60600000E+00  9.72278411E-01 -1.17308775E-02 -8.21790754E-02  1.00000005E-03  8.32122860E-04  1.58145537E+00
  0.00000000E+00  1.60800000E+00  9.72407840E-01 -1.17343677E-02 -8.21675653E-02  1.00000005E-03  8.28703020E-04  1.58502931E+00
  0.00000000E+00  1.61000000E+00  9.72537030E-01 -1.17378476E-02 -8.21560580E-02  1.00000005E-03  8.25283311E-04  1.58862050E+00
  0.00000000E+00  1.61200000E+00  9.72665981E-01 -1.17413171E-02 -8.21445536E-02  1.00000005E-03  8.21863763E-04  1.59222907E+00
  0.00000000E+00  1.61400000E+00  9.72794693E-01 -1.17447763E-02 -8.21330522E-02  1.00000005E-03  8.18444407E-04  1.59585515E+00
  0.00000000E+00  1.61600000E+00  9.72923167E-01 -1.17482251E-02 -8.21215535E-02  1.00000005E-03  8.15025273E-04  1.59949888E+00
  0.00000000E+00  1.61800000E+00  9.73051404E-01 -1.17516637E-02 -8.21100578E-02  1.00000005E-03  8.11606392E-04  1.60316037E+00
  0.00000000E+00  1.62000000E+00  9.73179402E-01 -1.17550919E-02 -8.20985649E-02  1.00000005E-03  8.08187794E-04  1.60683977E+00
  0.00000000E+00  1.62200000E+00  9.73307164E-01 -1.17585098E-02 -8.20870748E-02  1.00000005E-03  8.04769510E-04  1.61053721E+00
  0.00000000E+00  1.62400000E+00  9.73434689E-01 -1.17619174E-02 -8.20755875E-02  1.00000005E-03  8.01351571E-04  1.61425283E+00
  0.00000000E+00  1.62600000E+00  9.73561977E-01 -1.17653147E-02 -8.20641029E-02  1.00000005E-03  7.97934006E-04  1.61798677E+00
  0.00000000E+00  1.62800000E+00  9.73689029E-01 -1.17687017E-02 -8.20526209E-02  1.00000005E-03  7.94516848E-04  1.62173915E+00
  0.00000000E+00  1.63000000E+00  9.73815846E-01 -1.17720784E-02 -8.20411415E-02  1.00000005E-03  7.91100125E-04  1.62551013E+00
  0.00000000E+00  1.63200000E+00  9.73942427E-01 -1.17754447E-02 -8.20296645E-02  1.00000005E-03  7.87683870E-04  1.62929985E+00
  0.00000000E+00  1.63400000E+00  9.74068773E-01 -1.17788007E-02 -8.20181899E-02  1.00000005E-03  7.84268113E-04  1.63310844E+00
  0.00000000E+00  1.63600000E+00  9.74194884E-01 -1.17821464E-02 -8.20067174E-02  1.00000005E-03  7.80852885E-04  1.63693605E+00
  0.00000000E+00  1.63800000E+00  9.74320760E-01 -1.17854817E-02 -8.19952471E-02  1.00000005E-03  7.77438215E-04  1.64078283E+00
  0.00000000E+00  1.64000000E+00  9.74446403E-01 -1.17888066E-02 -8.19837788E-02  1.00000005E-03  7.74024136E-04  1.64464892E+00
  0.00000000E+00  1.64200000E+00  9.74571811E-01 -1.17921211E-02 -8.19723124E-02  1.00000005E-03  7.70610678E-04  1.64853448E+00
  0.00000000E+00  1.64400000E+00  9.74696986E-01 -1.17954251E-02 -8.19608476E-02  1.00000005E-03  7.67197872E-04  1.65243966E+00
  0.00000000E+00  1.64600000E+00  9.74821929E-01 -1.17987188E-02 -8.19493844E-02  1.00000005E-03  7.63785748E-04  1.65636460E+00
  0.00000000E+00  1.64800000E+00  9.74946638E-01 -1.18020019E-02 -8.19379227E-02  1.00000005E-03  7.60374338E-04  1.66030946E+00
  0.00000000E+00  1.65000000E+00  9.75071115E-01 -1.18052746E-02 -8.19264622E-02  1.00000005E-03  7.56963674E-04  1.66427439E+00
  0.00000000E+00  1.65200000E+00  9.75195359E-01 -1.18085367E-02 -8.19150030E-02  1.00000005E-03  7.53553784E-04  1.66825956E+00
  0.00000000E+00  1.65400000E+00  9.75319372E-01 -1.18117884E-02 -8.19035447E-02  1.00000005E-03  7.50144702E-04  1.67226511E+00
  0.00000000E+00  1.65600000E+00  9.75443153E-01 -1.18150295E-02 -8.18920874E-02  1.00000005E-03  7.46736458E-04  1.67629122E+00
  0.00000000E+00  1.65800000E+00  9.75566704E-01 -1.18182600E-02 -8.18806310E-02  1.00000005E-03  7.43329082E-04  1.68033804E+00
  0.00000000E+00  1.66000000E+00  9.75690023E-01 -1.18214800E-02 -8.18691753E-02  1.00000005E-03  7.39922607E-04  1.68440573E+00
  0.00000000E+00  1.66200000E+00  9.75813112E-01 -1.18246895E-02 -8.18577204E-02  1.00000005E-03  7.36517064E-04  1.68849446E+00
  0.00000000E+00  1.66400000E+00  9.75935971E-01 -1.18278884E-02 -8.18462662E-02  1.00000005E-03  7.33112484E-04  1.69260441E+00
  0.00000000E+00  1.66600000E+00  9.76058600E-01 -1.18310768E-02 -8.18348126E-02  1.00000005E-03  7.29708897E-04  1.69673572E+00
  0.00000000E+00  1.66800000E+00  9.76181000E-01 -1.18342547E-02 -8.18233599E-02  1.00000005E-03  7.26306337E-04  1.70088859E+00
  0.00000000E+00  1.67000000E+00  9.76303171E-01 -1.18374221E-02 -8.18119079E-02  1.00000005E-03  7.22904833E-04  1.70506317E+00
  0.00000000E+00  1.67200000E+00  9.76425113E-01 -1.18405791E-02 -8.18004569E-02  1.00000005E-03  7.19504419E-04  1.70925965E+00
  0.00000000E+00  1.67400000E+00  9.76546826E-01 -1.18437257E-02 -8.17890071E-02  1.00000005E-03  7.16105125E-04  1.71347820E+00
  0.00000000E+00  1.67600000E+00  9.76668312E-01 -1.18468620E-02 -8.17775587E-02  1.00000005E-03  7.12706982E-04  1.71771899E+00
  0.00000000E+00  1.67800000E+00  9.76789570E-01 -1.18499881E-02 -8.17661120E-02  1.00000005E-03  7.09310024E-04  1.72198222E+00
  0.00000000E+00  1.68000000E+00  9.76910601E-01 -1.18531040E-02 -8.17546674E-02  1.00000005E-03  7.05914281E-04  1.72626805E+00
  0.00000000E+00  1.68200000E+00  9.77031405E-01 -1.18562100E-02 -8.17432253E-02  1.00000005E-03  7.02519785E-04  1.73057667E+00
  0.00000000E+00  1.68400000E+00  9.77151983E-01 -1.18593061E-02 -8.17317864E-02  1.00000005E-03  6.99126569E-04  1.73490827E+00
  0.00000000E+00  1.68600000E+00  9.77272335E-01 -1.18623925E-02 -8.17203512E-02  1.00000005E-03  6.95734665E-04  1.73926304E+00
  0.00000000E+00  1.68800000E+00  9.77392461E-01 -1.18654695E-02 -8.17089205E-02  1.00000005E-03  6.92344104E-04  1.74364117E+00
  0.00000000E+00  1.69000000E+00  9.77512362E-01 -1.18685371E-02 -8.16974951E-02  1.00000005E-03  6.88954920E-04  1.74804284E+00
  0.00000000E+00  1.69200000E+00  9.77632039E-01 -1.18715957E-02 -8.16860762E-02  1.00000005E-03  6.85567143E-04  1.75246825E+00
  0.00000000E+00  1.69400000E+00  9.77751491E-01 -1.18746455E-02 -8.16746647E-02  1.00000005E-03  6.82180808E-04  1.75691761E+00
  0.00000000E+00  1.69600000E+00  9.77870720E-01 -1.18776869E-02 -8.16632619E-02  1.00000005E-03  6.78795946E-04  1.76139110E+00
  0.00000000E+00  1.69800000E+00  9.77989725E-01 -1.18807201E-02 -8.16518692E-02  1.00000005E-03  6.75412589E-04  1.76588892E+00
  0.00000000E+00  1.70000000E+00  9.78108508E-01 -1.18837456E-02 -8.16404882E-02  1.00000005E-03  6.72030772E-04  1.77041128E+00
  0.00000000E+00  1.70200000E+00  9.78227069E-01 -1.18867638E-02 -8.16291207E-02  1.00000005E-03  6.68650526E-04  1.77495839E+00
  0.00000000E+00  1.70400000E+00  9.78345407E-01 -1.18897752E-02 -8.16177686E-02  1.00000005E-03  6.65271885E-04  1.77953045E+00
  0.00000000E+00  1.70600000E+00  9.78463525E-01 -1.18927802E-02 -8.16064339E-02  1.00000005E-03  6.61894882E-04  1.78412767E+00
  0.00000000E+00  1.70800000E+00  9.78581417E-01 -1.18957551E-02 -8.15950179E-02  1.00000005E-03  6.58519549E-04  1.78875068E+00
  0.00000000E+00  1.71000000E+00  9.78699084E-01 -1.18987054E-02 -8.15835422E-02  1.00000005E-03  6.55145920E-04  1.79339941E+00
  0.00000000E+00  1.71200000E+00  9.78816531E-01 -1.19016501E-02 -8.15720869E-02  1.00000005E-03  6.51774027E-04  1.79807369E+00
  0.00000000E+00  1.71400000E+00  9.78933759E-01 -1.19045887E-02 -8.15606494E-02  1.00000005E-03  6.48403902E-04  1.80277380E+00
  0.00000000E+00  1.71600000E+00  9.79050768E-01 -1.19075207E-02 -8.15492273E-02  1.00000005E-03  6.45035578E-04  1.80750001E+00
  0.00000000E+00  1.71800000E+00  9.79167558E-01 -1.19104454E-02 -8.15378184E-02  1.00000005E-03  6.41669088E-04  1.81225257E+00
  0.00000000E+00  1.72000000E+00  9.79284129E-01 -1.19133626E-02 -8.15264208E-02  1.00000005E-03  6.38304467E-04  1.81703175E+00
  0.00000000E+00  1.72200000E+00  9.79400481E-01 -1.19162717E-02 -8.15150328E-02  1.00000005E-03  6.34941746E-04  1.82183779E+00
  0.00000000E+00  1.72400000E+00  9.79516615E-01 -1.19191724E-02 -8.15036528E-02  1.00000005E-03  6.31580960E-04  1.82667096E+00
  0.00000000E+00  1.72600000E+00  9.79632530E-01 -1.19220644E-02 -8.14922795E-02  1.00000005E-03  6.28222142E-04  1.83153151E+00
  0.00000000E+00  1.72800000E+00  9.79748228E-01 -1.19249474E-02 -8.14809117E-02  1.00000005E-03  6.24865326E-04  1.83641970E+00
  0.00000000E+00  1.73000000E+00  9.79863708E-01 -1.19278213E-02 -8.14695484E-02  1.00000005E-03  6.21510547E-04  1.84133578E+00
  0.00000000E+00  1.73200000E+00  9.79978970E-01 -1.19306857E-02 -8.14581887E-02  1.00000005E-03  6.18157837E-04  1.84628000E+00
  0.00000000E+00  1.73400000E+00  9.80094016E-01 -1.19335405E-02 -8.14468319E-02  1.00000005E-03  6.14807232E-04  1.85125261E+00
  0.00000000E+00  1.73600000E+00  9.80208845E-01 -1.19363857E-02 -8.14354772E-02  1.00000005E-03  6.11458765E-04  1.85625388E+00
  0.00000000E+00  1.73800000E+00  9.80323457E-01 -1.19392209E-02 -8.14241243E-02  1.00000005E-03  6.08112471E-04  1.86128406E+00
  0.00000000E+00  1.74000000E+00  9.80437854E-01 -1.19420463E-02 -8.14127726E-02  1.00000005E-03  6.04768385E-04  1.86634340E+00
  0.00000000E+00  1.74200000E+00  9.80552035E-01 -1.19448616E-02 -8.14014218E-02  1.00000005E-03  6.01426540E-04  1.87143216E+00
  0.00000000E+00  1.74400000E+00  9.80666001E-01 -1.19476669E-02 -8.13900717E-02  1.00000005E-03  5.98086972E-04  1.87655061E+00
  0.00000000E+00  1.74600000E+00  9.80779752E-01 -1.19504621E-02 -8.13787221E-02  1.00000005E-03  5.94749715E-04  1.88169901E+00
  0.00000000E+00  1.74800000E+00  9.80893289E-01 -1.19532473E-02 -8.13673729E-02  1.00000005E-03  5.91414804E-04  1.88687761E+00
  0.00000000E+00  1.75000000E+00  9.81006612E-01 -1.19560223E-02 -8.13560240E-02  1.00000005E-03  5.88082274E-04  1.89208670E+00
  0.00000000E+00  1.75200000E+00  9.81119721E-01 -1.19587872E-02 -8.13446754E-02  1.00000005E-03  5.84752160E-04  1.89732654E+00
  0.00000000E+00  1.75400000E+00  9.81232617E-01 -1.19615420E-02 -8.13333272E-02  1.00000005E-03  5.81424497E-04  1.90259740E+00
  0.00000000E+00  1.75600000E+00  9.81345301E-01 -1.19642868E-02 -8.13219794E-02  1.00000005E-03  5.78099319E-04  1.90789957E+00
  0.00000000E+00  1.75800000E+00  9.81457772E-01 -1.19670216E-02 -8.13106321E-02  1.00000005E-03  5.74776663E-04  1.91323331E+00
  0.00000000E+00  1.76000000E+00  9.81570032E-01 -1.19697465E-02 -8.12992855E-02  1.00000005E-03  5.71456562E-04  1.91859892E+00
  0.00000000E+00  1.76200000E+00  9.81682080E-01 -1.19724614E-02 -8.12879397E-02  1.00000005E-03  5.68139053E-04  1.92399668E+00
  0.00000000E+00  1.76400000E+00  9.81793918E-01 -1.19751665E-02 -8.12765950E-02  1.00000005E-03  5.64824170E-04  1.92942688E+00
  0.00000000E+00  1.76600000E+00  9.81905545E-01 -1.19778617E-02 -8.12652514E-02  1.00000005E-03  5.61511948E-04  1.93488982E+00
  0.00000000E+00  1.76800000E+00  9.82016962E-01 -1.19805472E-02 -8.12539092E-02  1.00000005E-03  5.58202424E-04  1.94038580E+00
  0.00000000E+00  1.77000000E+00  9.82128170E-01 -1.19832231E-02 -8.12425685E-02  1.00000005E-03  5.54895632E-04  1.94591512E+00
  0.00000000E+00  1.77200000E+00  9.82239169E-01 -1.19858892E-02 -8.12312297E-02  1.00000005E-03  5.51591607E-04  1.95147809E+00
  0.00000000E+00  1.77400000E+00  9.82349959E-01 -1.19885459E-02 -8.12198927E-02  1.00000005E-03  5.48290386E-04  1.95707502E+00
  0.00000000E+00  1.77600000E+00  9.82460541E-01 -1.19911930E-02 -8.12085580E-02  1.00000005E-03  5.44992002E-04  1.96270623E+00
  0.00000000E+00  1.77800000E+00  9.82570916E-01 -1.19938306E-02 -8.11972256E-02  1.00000005E-03  5.41696493E-04  1.96837204E+00
  0.00000000E+00  1.78000000E+00  9.82681083E-01 -1.19964589E-02 -8.11858957E-02  1.00000005E-03  5.38403893E-04  1.97407278E+00
  0.00000000E+00  1.78200000E+00  9.82791044E-01 -1.19990778E-02 -8.11745685E-02  1.00000005E-03  5.35114239E-04  1.97980879E+00
  0.00000000E+00  1.78400000E+00  9.82900799E-01 -1.20016874E-02 -8.11632441E-02  1.00000005E-03  5.31827564E-04  1.98558038E+00
  0.00000000E+00  1.78600000E+00  9.83010348E-01 -1.20042878E-02 -8.11519227E-02  1.00000005E-03  5.28543906E-04  1.99138792E+00
  0.00000000E+00  1.78800000E+00  9.83119691E-01 -1.20068789E-02 -8.11406043E-02  1.00000005E-03  5.25263299E-04  1.99723174E+00
  0.00000000E+00  1.79000000E+00  9.83228830E-01 -1.20094609E-02 -8.11292892E-02  1.00000005E-03  5.21985779E-04  2.00311221E+00
  0.00000000E+00  1.79200000E+00  9.83337765E-01 -1.20120338E-02 -8.11179774E-02  1.00000005E-03  5.18711382E-04  2.00902966E+00
  0.00000000E+00  1.79400000E+00  9.83446496E-01 -1.20145975E-02 -8.11066689E-02  1.00000005E-03  5.15440144E-04  2.01498448E+00
  0.00000000E+00  1.79600000E+00  9.83555023E-01 -1.20171522E-02 -8.10953639E-02  1.00000005E-03  5.12172099E-04  2.02097703E+00
  0.00000000E+00  1.79800000E+00  9.83663348E-01 -1.20196979E-02 -8.10840624E-02  1.00000005E-03  5.08907285E-04  2.02700768E+00
  0.00000000E+00  1.80000000E+00  9.83771470E-01 -1.20222345E-02 -8.10727643E-02  1.00000005E-03  5.05645737E-04  2.03307681E+00
  0.00000000E+00  1.80200000E+00  9.83879391E-01 -1.20247620E-02 -8.10614697E-02  1.00000005E-03  5.02387489E-04  2.03918482E+00
  0.00000000E+00  1.80400000E+00  9.83987110E-01 -1.20272806E-02 -8.10501787E-02  1.00000005E-03  4.99132580E-04  2.04533208E+00
  0.00000000E+00  1.80600000E+00  9.84094628E-01 -1.20297902E-02 -8.10388911E-02  1.00000005E-03  4.95881043E-04  2.05151900E+00
  0.00000000E+00  1.80800000E+00  9.84201946E-01 -1.20322908E-02 -8.10276069E-02  1.00000005E-03  4.92632915E-04  2.05774598E+00
  0.00000000E+00  1.81000000E+00  9.84309064E-01 -1.20347825E-02 -8.10163261E-02  1.00000005E-03  4.89388232E-04  2.06401343E+00
  0.00000000E+00  1.81200000E+00  9.84415982E-01 -1.20372651E-02 -8.10050486E-02  1.00000005E-03  4.86147031E-04  2.07032177E+00
  0.00000000E+00  1.81400000E+00  9.84522701E-01 -1.20397388E-02 -8.09937743E-02  1.00000005E-03  4.82909346E-04  2.07667141E+00
  0.00000000E+00  1.81600000E+00  9.84629222E-01 -1.20422034E-02 -8.09825032E-02  1.00000005E-03  4.79675214E-04  2.08306279E+00
  0.00000000E+00  1.81800000E+00  9.84735545E-01 -1.20446591E-02 -8.09712351E-02  1.00000005E-03  4.76444671E-04  2.08949633E+00
  0.00000000E+00  1.82000000E+00  9.84841671E-01 -1.20471057E-02 -8.09599700E-02  1.00000005E-03  4.73217754E-04  2.09597249E+00
  0.00000000E+00  1.82200000E+00  9.84947599E-01 -1.20495433E-02 -8.09487077E-02  1.00000005E-03  4.69994498E-04  2.10249170E+00
  0.00000000E+00  1.82400000E+00  9.85053331E-01 -1.20519719E-02 -8.09374481E-02  1.00000005E-03  4.66774940E-04  2.10905442E+00
  0.00000000E+00  1.82600000E+00  9.85158868E-01 -1.20543914E-02 -8.09261911E-02  1.00000005E-03  4.63559116E-04  2.11566111E+00
  0.00000000E+00  1.82800000E+00  9.85264208E-01 -1.20568019E-02 -8.09149365E-02  1.00000005E-03  4.60347063E-04  2.12231224E+00
  0.00000000E+00  1.83000000E+00  9.85369354E-01 -1.20592032E-02 -8.09036843E-02  1.00000005E-03  4.57138816E-04  2.12900828E+00
  0.00000000E+00  1.83200000E+00  9.85474306E-01 -1.20615955E-02 -8.08924343E-02  1.00000005E-03  4.53934414E-04  2.13574971E+00
  0.00000000E+00  1.83400000E+00  9.85579064E-01 -1.20639787E-02 -8.08811864E-02  1.00000005E-03  4.50733892E-04  2.14253701E+00
  0.00000000E+00  1.83600000E+00  9.85683629E-01 -1.20663527E-02 -8.08699405E-02  1.00000005E-03  4.47537286E-04  2.14937069E+00
  0.00000000E+00  1.83800000E+00  9.85788001E-01 -1.20687176E-02 -8.08586964E-02  1.00000005E-03  4.44344635E-04  2.15625125E+00
  0.00000000E+00  1.84000000E+00  9.85892181E-01 -1.20710734E-02 -8.08474541E-02  1.00000005E-03  4.41155974E-04  2.16317919E+00
  0.00000000E+00  1.84200000E+00  9.85996169E-01 -1.20734200E-02 -8.08362135E-02  1.00000005E-03  4.37971341E-04  2.17015503E+00
  0.00000000E+00  1.84400000E+00  9.86099966E-01 -1.20757575E-02 -8.08249744E-02  1.00000005E-03  4.34790774E-04  2.17717931E+00
  0.00000000E+00  1.84600000E+00  9.86203574E-01 -1.20780858E-02 -8.08137368E-02  1.00000005E-03  4.31614308E-04  2.18425254E+00
  0.00000000E+00  1.84800000E+00  9.86306991E-01 -1.20804049E-02 -8.08025007E-02  1.00000005E-03  4.28441982E-04  2.19137528E+00
  0.00000000E+00  1.85000000E+00  9.86410219E-01 -1.20827149E-02 -8.07912659E-02  1.00000005E-03  4.25273833E-04  2.19854807E+00
  0.00000000E+00  1.85200000E+00  9.86513258E-01 -1.20850157E-02 -8.07800324E-02  1.00000005E-03  4.22109898E-04  2.20577148E+00
  0.00000000E+00  1.85400000E+00  9.86616110E-01 -1.20873074E-02 -8.07688003E-02  1.00000005E-03  4.18950216E-04  2.21304606E+00
  0.00000000E+00  1.85600000E+00  9.86718774E-01 -1.20895900E-02 -8.07575694E-02  1.00000005E-03  4.15794825E-04  2.22037240E+00
  0.00000000E+00  1.85800000E+00  9.86821251E-01 -1.20918634E-02 -8.07463399E-02  1.00000005E-03  4.12643762E-04  2.22775108E+00
  0.00000000E+00  1.86000000E+00  9.86923543E-01 -1.20941277E-02 -8.07351116E-02  1.00000005E-03  4.09497065E-04  2.23518270E+00
  0.00000000E+00  1.86200000E+00  9.87025649E-01 -1.20963830E-02 -8.07238848E-02  1.00000005E-03  4.06354774E-04  2.24266785E+00
  0.00000000E+00  1.86400000E+00  9.87127570E-01 -1.20986293E-02 -8.07126593E-02  1.00000005E-03  4.03216926E-04  2.25020717E+00
  0.00000000E+00  1.86600000E+00  9.87229308E-01 -1.21008665E-02 -8.07014354E-02  1.00000005E-03  4.00083560E-04  2.25780126E+00
  0.00000000E+00  1.86800000E+00  9.87330861E-01 -1.21030948E-02 -8.06902131E-02  1.00000005E-03  3.96954716E-04  2.26545076E+00
  0.00000000E+00  1.87000000E+00  9.87432233E-01 -1.21053141E-02 -8.06789924E-02  1.00000005E-03  3.93830432E-04  2.27315633E+00
  0.00000000E+00  1.87200000E+00  9.87533422E-01 -1.21075246E-02 -8.06677736E-02  1.00000005E-03  3.90710748E-04  2.28091862E+00
  0.00000000E+00  1.87400000E+00  9.87634430E-01 -1.21097262E-02 -8.06565567E-02  1.00000005E-03  3.87595703E-04  2.28873830E+00
  0.00000000E+00  1.87600000E+00  9.87735258E-01 -1.21119190E-02 -8.06453419E-02  1.00000005E-03  3.84485338E-04  2.29661604E+00
  0.00000000E+00  1.87800000E+00  9.87835906E-01 -1.21141031E-02 -8.06341294E-02  1.00000005E-03  3.81379691E-04  2.30455255E+00
  0.00000000E+00  1.88000000E+00  9.87936375E-01 -1.21162786E-02 -8.06229193E-02  1.00000005E-03  3.78278803E-04  2.31254853E+00
  0.00000000E+00  1.88200000E+00  9.88036665E-01 -1.21184454E-02 -8.06117118E-02  1.00000005E-03  3.75182716E-04  2.32060470E+00
  0.00000000E+00  1.88400000E+00  9.88136779E-01 -1.21206037E-02 -8.06005072E-02  1.00000005E-03  3.72091469E-04  2.32872179E+00
  0.00000000E+00  1.88600000E+00  9.88236715E-01 -1.21227535E-02 -8.05893056E-02  1.00000005E-03  3.69005103E-04  2.33690055E+00
  0.00000000E+00  1.88800000E+00  9.88336476E-01 -1.21248949E-02 -8.05781072E-02  1.00000005E-03  3.65923661E-04  2.34514174E+00
  0.00000000E+00  1.89000000E+00  9.88436061E-01 -1.21270279E-02 -8.05669121E-02  1.00000005E-03  3.62847182E-04  2.35344613E+00
  0.00000000E+00  1.89200000E+00  9.88535473E-01 -1.21291525E-02 -8.05557207E-02  1.00000005E-03  3.59775710E-04  2.36181453E+00
  0.00000000E+00  1.89400000E+00  9.88634711E-01 -1.21312690E-02 -8.05445330E-02  1.00000005E-03  3.56709287E-04  2.37024773E+00
  0.00000000E+00  1.89600000E+00  9.88733776E-01 -1.21333773E-02 -8.05333493E-02  1.00000005E-03  3.53647955E-04  2.37874656E+00
  0.00000000E+00  1.89800000E+00  9.88832669E-01 -1.21354774E-02 -8.05221697E-02  1.00000005E-03  3.50591756E-04  2.38731186E+00
  0.00000000E+00  1.90000000E+00  9.88931392E-01 -1.21375694E-02 -8.05109943E-02  1.00000005E-03  3.47540734E-04  2.39594449E+00
  0.00000000E+00  1.90200000E+00  9.89029944E-01 -1.21396534E-02 -8.04998232E-02  1.00000005E-03  3.44494933E-04  2.40464534E+00
  0.00000000E+00  1.90400000E+00  9.89128328E-01 -1.21417294E-02 -8.04886566E-02  1.00000005E-03  3.41454397E-04  2.41341529E+00
  0.00000000E+00  1.90600000E+00  9.89226543E-01 -1.21437974E-02 -8.04774943E-02  1.00000005E-03  3.38419169E-04  2.42225526E+00
  0.00000000E+00  1.90800000E+00  9.89324590E-01 -1.21458574E-02 -8.04663365E-02  1.00000005E-03  3.35389294E-04  2.43116619E+00
  0.00000000E+00  1.91000000E+00  9.89422471E-01 -1.21479095E-02 -8.04551831E-02  1.00000005E-03  3.32364817E-04  2.44014903E+00
  0.00000000E+00  1.91200000E+00  9.89520186E-01 -1.21499535E-02 -8.04440339E-02  1.00000005E-03  3.29345785E-04  2.44920477E+00
  0.00000000E+00  1.91400000E+00  9.89617736E-01 -1.21519896E-02 -8.04328889E-02  1.00000005E-03  3.26332241E-04  2.45833440E+00
  0.00000000E+00  1.91600000E+00  9.89715123E-01 -1.21540176E-02 -8.04217476E-02  1.00000005E-03  3.23324234E-04  2.46753896E+00
  0.00000000E+00  1.91800000E+00  9.89812346E-01 -1.21560374E-02 -8.04106098E-02  1.00000005E-03  3.20321809E-04  2.47681948E+00
  0.00000000E+00  1.92000000E+00  9.89909407E-01 -1.21580491E-02 -8.03994751E-02  1.00000005E-03  3.17325014E-04  2.48617705E+00
  0.00000000E+00  1.92200000E+00  9.90006307E-01 -1.21600525E-02 -8.03883429E-02  1.00000005E-03  3.14333897E-04  2.49561277E+00
  0.00000000E+00  1.92400000E+00  9.90103046E-01 -1.21620474E-02 -8.03772126E-02  1.00000005E-03  3.11348505E-04  2.50512775E+00
  0.00000000E+00  1.92600000E+00  9.90199626E-01 -1.21640337E-02 -8.03660834E-02  1.00000005E-03  3.08368887E-04  2.51472316E+00
  0.00000000E+00  1.92800000E+00  9.90296048E-01 -1.21660112E-02 -8.03549545E-02  1.00000005E-03  3.05395093E-04  2.52440017E+00
  0.00000000E+00  1.93000000E+00  9.90392311E-01 -1.21679797E-02 -8.03438248E-02  1.00000005E-03  3.02427171E-04  2.53416000E+00
  0.00000000E+00  1.93200000E+00  9.90488418E-01 -1.21699389E-02 -8.03326931E-02  1.00000005E-03  2.99465172E-04  2.54400389E+00
  0.00000000E+00  1.93400000E+00  9.90584369E-01 -1.21718885E-02 -8.03215581E-02  1.00000005E-03  2.96509148E-04  2.55393312E+00
  0.00000000E+00  1.93600000E+00  9.90680164E-01 -1.21738281E-02 -8.03104183E-02  1.00000005E-03  2.93559148E-04  2.56394898E+00
  0.00000000E+00  1.93800000E+00  9.90775805E-01 -1.21757574E-02 -8.02992719E-02  1.00000005E-03  2.90615226E-04  2.57405283E+00
  0.00000000E+00  1.94000000E+00  9.90871293E-01 -1.21776759E-02 -8.02881170E-02  1.00000005E-03  2.87677432E-04  2.58424603E+00
  0.00000000E+00  1.94200000E+00  9.90966628E-01 -1.21795832E-02 -8.02769514E-02  1.00000005E-03  2.84745822E-04  2.59453000E+00
  0.00000000E+00  1.94400000E+00  9.91061811E-01 -1.21814786E-02 -8.02657728E-02  1.00000005E-03  2.81820447E-04  2.60490618E+00
  0.00000000E+00  1.94600000E+00  9.91156843E-01 -1.21833616E-02 -8.02545785E-02  1.00000005E-03  2.78901363E-04  2.61537606E+00
  0.00000000E+00  1.94800000E+00  9.91251724E-01 -1.21852315E-02 -8.02433655E-02  1.00000005E-03  2.75988625E-04  2.62594117E+00
  0.00000000E+00  1.95000000E+00  9.91346295E-01 -1.21871430E-02 -8.02323368E-02  1.00000005E-03  2.73078249E-04  2.63650834E+00
  0.00000000E+00  1.95200000E+00  9.91440781E-01 -1.21890467E-02 -8.02213176E-02  1.00000005E-03  2.70175466E-04  2.64721443E+00
  0.00000000E+00  1.95400000E+00  9.91535194E-01 -1.21909347E-02 -8.02102782E-02  1.00000005E-03  2.67280763E-04  2.65806457E+00
  0.00000000E+00  1.95600000E+00  9.91629518E-01 -1.21928085E-02 -8.01992223E-02  1.00000005E-03  2.64393873E-04  2.66904636E+00
  0.00000000E+00  1.95800000E+00  9.91723739E-01 -1.21946692E-02 -8.01881528E-02  1.00000005E-03  2.61514562E-04  2.68014979E+00
  0.00000000E+00  1.96000000E+00  9.91817846E-01 -1.21965177E-02 -8.01770725E-02  1.00000005E-03  2.58642632E-04  2.69136696E+00
  0.00000000E+00  1.96200000E+00  9.91911828E-01 -1.21983551E-02 -8.01659838E-02  1.00000005E-03  2.55777917E-04  2.70269190E+00
  0.00000000E+00  1.96400000E+00  9.92005678E-01 -1.22001821E-02 -8.01548890E-02  1.00000005E-03  2.52920279E-04  2.71412040E+00
  0.00000000E+00  1.96600000E+00  9.92099390E-01 -1.22019994E-02 -8.01437899E-02  1.00000005E-03  2.50069610E-04  2.72564975E+00
  0.00000000E+00  1.96800000E+00  9.92192959E-01 -1.22038077E-02 -8.01326883E-02  1.00000005E-03  2.47225826E-04  2.73727863E+00
  0.00000000E+00  1.97000000E+00  9.92286382E-01 -1.22056074E-02 -8.01215855E-02  1.00000005E-03  2.44388869E-04  2.74900689E+00
  0.00000000E+00  1.97200000E+00  9.92379657E-01 -1.22073991E-02 -8.01104830E-02  1.00000005E-03  2.41558703E-04  2.76083545E+00
  0.00000000E+00  1.97400000E+00  9.92472784E-01 -1.22091830E-02 -8.00993817E-02  1.00000005E-03  2.38735312E-04  2.77276611E+00
  0.00000000E+00  1.97600000E+00  9.92565762E-01 -1.22109595E-02 -8.00882827E-02  1.00000005E-03  2.35918700E-04  2.78480144E+00
  0.00000000E+00  1.97800000E+00  9.92658593E-01 -1.22127288E-02 -8.00771865E-02  1.00000005E-03  2.33108888E-04  2.79694465E+00
  0.00000000E+00  1.98000000E+00  9.92751279E-01 -1.22144912E-02 -8.00660940E-02  1.00000005E-03  2.30305913E-04  2.80919950E+00
  0.00000000E+00  1.98200000E+00  9.92843820E-01 -1.22162467E-02 -8.00550054E-02  1.00000005E-03  2.27509827E-04  2.82157015E+00
  0.00000000E+00  1.98400000E+00  9.92936222E-01 -1.22179955E-02 -8.00439214E-02  1.00000005E-03  2.24720695E-04  2.83406109E+00
  0.00000000E+00  1.98600000E+00  9.93028485E-01 -1.22197377E-02 -8.00328420E-02  1.00000005E-03  2.21938593E-04  2.84667708E+00
  0.00000000E+00  1.98800000E+00  9.93120615E-01 -1.22214732E-02 -8.00217675E-02  1.00000005E-03  2.19163608E-04  2.85942301E+00
  0.00000000E+00  1.99000000E+00  9.93212613E-01 -1.22232022E-02 -8.00106980E-02  1.00000005E-03  2.16395837E-04  2.87230391E+00
  0.00000000E+00  1.99200000E+00  9.93304486E-01 -1.22249245E-02 -7.99996335E-02  1.00000005E-03  2.13635382E-04  2.88532482E+00
  0.00000000E+00  1.99400000E+00  9.93396235E-01 -1.22266402E-02 -7.99885741E-02  1.00000005E-03  2.10882355E-04  2.89849076E+00
  0.00000000E+00  1.99600000E+00  9.93487866E-01 -1.22283491E-02 -7.99775195E-02  1.00000005E-03  2.08136873E-04  2.91180671E+00
  0.00000000E+00  1.99800000E+00  9.93579381E-01 -1.22300513E-02 -7.99664697E-02  1.00000005E-03  2.05399057E-04  2.92527754E+00
  0.00000000E+00  2.00000000E+00  9.93670785E-01 -1.22317467E-02 -7.99554246E-02  1.00000005E-03  2.02669031E-04  2.93890798E+00
