               X               Y            VELX            VELY            PRES            TEMP            PS 1            PS 2  1.01000000E+01
 -9.40000000E-01  5.00000000E-01  1.20872238E-01 -3.52902946E-01  1.12002788E+00  0.00000000E+00  4.13902190E-03  2.65939908E-02
 -9.38120000E-01  5.00000000E-01  1.29869100E-01 -3.66444426E-01  1.12044722E+00  0.00000000E+00  4.91508478E-03  2.69690117E-02
 -9.36240000E-01  5.00000000E-01  1.38893315E-01 -3.79590583E-01  1.12084260E+00  0.00000000E+00  5.62823853E-03  2.73867470E-02
 -9.34360000E-01  5.00000000E-01  1.47912244E-01 -3.92299649E-01  1.12121197E+00  0.00000000E+00  6.29136045E-03  2.78417336E-02
 -9.32480000E-01  5.00000000E-01  1.56900669E-01 -4.04542591E-01  1.12155792E+00  0.00000000E+00  6.91363256E-03  2.83289759E-02
 -9.30600000E-01  5.00000000E-01  1.65837211E-01 -4.16301789E-01  1.12187874E+00  0.00000000E+00  7.50205128E-03  2.88439834E-02
 -9.28720000E-01  5.00000000E-01  1.74704157E-01 -4.27567925E-01  1.12217072E+00  0.00000000E+00  8.06220394E-03  2.93827179E-02
 -9.26840000E-01  5.00000000E-01  1.83489041E-01 -4.38338450E-01  1.12243759E+00  0.00000000E+00  8.59868921E-03  2.99415273E-02
 -9.24960000E-01  5.00000000E-01  1.92180204E-01 -4.48616604E-01  1.12267483E+00  0.00000000E+00  9.11540507E-03  3.05170631E-02
 -9.23080000E-01  5.00000000E-01  2.00771854E-01 -4.58408202E-01  1.12289147E+00  0.00000000E+00  9.61563691E-03  3.11062311E-02
 -9.21200000E-01  5.00000000E-01  2.09254635E-01 -4.67729221E-01  1.12306821E+00  0.00000000E+00  1.01015269E-02  3.17066888E-02
 -9.19320000E-01  5.00000000E-01  2.17628243E-01 -4.76583602E-01  1.12323299E+00  0.00000000E+00  1.05759064E-02  3.23160560E-02
 -9.17440000E-01  5.00000000E-01  2.25883705E-01 -4.84981889E-01  1.12336570E+00  0.00000000E+00  1.10414775E-02  3.29314453E-02
 -9.15560000E-01  5.00000000E-01  2.34020480E-01 -4.92941877E-01  1.12346809E+00  0.00000000E+00  1.14997593E-02  3.35508389E-02
 -9.13680000E-01  5.00000000E-01  2.42038497E-01 -5.00481049E-01  1.12354154E+00  0.00000000E+00  1.19521042E-02  3.41723985E-02
 -9.11800000E-01  5.00000000E-01  2.49938119E-01 -5.07616563E-01  1.12358713E+00  0.00000000E+00  1.23997073E-02  3.47944579E-02
 -9.09920000E-01  5.00000000E-01  2.57720113E-01 -5.14365231E-01  1.12360569E+00  0.00000000E+00  1.28436153E-02  3.54155148E-02
 -9.08040000E-01  5.00000000E-01  2.65385613E-01 -5.20743507E-01  1.12359780E+00  0.00000000E+00  1.32847362E-02  3.60342228E-02
 -9.06160000E-01  5.00000000E-01  2.72936085E-01 -5.26767469E-01  1.12356386E+00  0.00000000E+00  1.37238483E-02  3.66493839E-02
 -9.04280000E-01  5.00000000E-01  2.80373291E-01 -5.32452807E-01  1.12350410E+00  0.00000000E+00  1.41616097E-02  3.72599400E-02
 -9.02400000E-01  5.00000000E-01  2.87699259E-01 -5.37814800E-01  1.12341863E+00  0.00000000E+00  1.45985675E-02  3.78649657E-02
 -9.00520000E-01  5.00000000E-01  2.94916242E-01 -5.42868311E-01  1.12330747E+00  0.00000000E+00  1.50351672E-02  3.84636596E-02
 -8.98640000E-01  5.00000000E-01  3.02026690E-01 -5.47627759E-01  1.12317059E+00  0.00000000E+00  1.54717619E-02  3.90553371E-02
 -8.96760000E-01  5.00000000E-01  3.09033208E-01 -5.52107114E-01  1.12300794E+00  0.00000000E+00  1.59086217E-02  3.96394223E-02
 -8.94880000E-01  5.00000000E-01  3.15938529E-01 -5.56319874E-01  1.12281951E+00  0.00000000E+00  1.63459427E-02  4.02154396E-02
 -8.93000000E-01  5.00000000E-01  3.22745473E-01 -5.60279054E-01  1.12260532E+00  0.00000000E+00  1.67838570E-02  4.07830065E-02
 -8.91120000E-01  5.00000000E-01  3.29456917E-01 -5.63997165E-01  1.12236551E+00  0.00000000E+00  1.72224411E-02  4.13418252E-02
 -8.89240000E-01  5.00000000E-01  3.36075757E-01 -5.67486205E-01  1.12210031E+00  0.00000000E+00  1.76617259E-02  4.18916752E-02
 -8.87360000E-01  5.00000000E-01  3.42604875E-01 -5.70757638E-01  1.12181015E+00  0.00000000E+00  1.81017058E-02  4.24324046E-02
 -8.85480000E-01  5.00000000E-01  3.49047103E-01 -5.73822379E-01  1.12149566E+00  0.00000000E+00  1.85423478E-02  4.29639230E-02
 -8.83600000E-01  5.00000000E-01  3.55405191E-01 -5.76690781E-01  1.12115767E+00  0.00000000E+00  1.89836011E-02  4.34861932E-02
 -8.81720000E-01  5.00000000E-01  3.61681769E-01 -5.79372615E-01  1.12079732E+00  0.00000000E+00  1.94254061E-02  4.39992232E-02
 -8.79840000E-01  5.00000000E-01  3.67879315E-01 -5.81877060E-01  1.12041604E+00  0.00000000E+00  1.98677041E-02  4.45030585E-02
 -8.77960000E-01  5.00000000E-01  3.74000120E-01 -5.84212680E-01  1.12001562E+00  0.00000000E+00  2.03104461E-02  4.49977743E-02
 -8.76080000E-01  5.00000000E-01  3.80046250E-01 -5.86387416E-01  1.11959821E+00  0.00000000E+00  2.07536027E-02  4.54834673E-02
 -8.74200000E-01  5.00000000E-01  3.86022557E-01 -5.88407005E-01  1.11914173E+00  0.00000000E+00  2.11969256E-02  4.59603013E-02
 -8.72320000E-01  5.00000000E-01  3.91929169E-01 -5.90281265E-01  1.11866639E+00  0.00000000E+00  2.16403560E-02  4.64283619E-02
 -8.70440000E-01  5.00000000E-01  3.97768199E-01 -5.92016898E-01  1.11817261E+00  0.00000000E+00  2.20837856E-02  4.68878250E-02
 -8.68560000E-01  5.00000000E-01  4.03541835E-01 -5.93620149E-01  1.11765943E+00  0.00000000E+00  2.25270976E-02  4.73388751E-02
 -8.66680000E-01  5.00000000E-01  4.09252155E-01 -5.95096981E-01  1.11712620E+00  0.00000000E+00  2.29701768E-02  4.77817005E-02
 -8.64800000E-01  5.00000000E-01  4.14901139E-01 -5.96453076E-01  1.11657248E+00  0.00000000E+00  2.34129098E-02  4.82164927E-02
 -8.62920000E-01  5.00000000E-01  4.20490667E-01 -5.97693849E-01  1.11599807E+00  0.00000000E+00  2.38551849E-02  4.86434454E-02
 -8.61040000E-01  5.00000000E-01  4.26022527E-01 -5.98824457E-01  1.11540296E+00  0.00000000E+00  2.42968926E-02  4.90627542E-02
 -8.59160000E-01  5.00000000E-01  4.31498421E-01 -5.99849802E-01  1.11478728E+00  0.00000000E+00  2.47379254E-02  4.94746163E-02
 -8.57280000E-01  5.00000000E-01  4.36919966E-01 -6.00774545E-01  1.11415130E+00  0.00000000E+00  2.51781781E-02  4.98792290E-02
 -8.55400000E-01  5.00000000E-01  4.42288704E-01 -6.01603111E-01  1.11349538E+00  0.00000000E+00  2.56175480E-02  5.02767903E-02
 -8.53520000E-01  5.00000000E-01  4.47606106E-01 -6.02339699E-01  1.11281994E+00  0.00000000E+00  2.60559350E-02  5.06674970E-02
 -8.51640000E-01  5.00000000E-01  4.52873572E-01 -6.02988290E-01  1.11212548E+00  0.00000000E+00  2.64932417E-02  5.10515452E-02
 -8.49760000E-01  5.00000000E-01  4.58092444E-01 -6.03552655E-01  1.11141247E+00  0.00000000E+00  2.69293735E-02  5.14291290E-02
 -8.47880000E-01  5.00000000E-01  4.63264003E-01 -6.04036362E-01  1.11068136E+00  0.00000000E+00  2.73642390E-02  5.18004403E-02
 -8.46000000E-01  5.00000000E-01  4.68389481E-01 -6.04442789E-01  1.10993259E+00  0.00000000E+00  2.77977497E-02  5.21656678E-02
 -8.44120000E-01  5.00000000E-01  4.73470061E-01 -6.04775128E-01  1.10916649E+00  0.00000000E+00  2.82298206E-02  5.25249970E-02
 -8.42240000E-01  5.00000000E-01  4.78506885E-01 -6.05036394E-01  1.10838329E+00  0.00000000E+00  2.86603701E-02  5.28786087E-02
 -8.40360000E-01  5.00000000E-01  4.83501057E-01 -6.05229434E-01  1.10758308E+00  0.00000000E+00  2.90893202E-02  5.32266794E-02
 -8.38480000E-01  5.00000000E-01  4.88453649E-01 -6.05356937E-01  1.10676580E+00  0.00000000E+00  2.95165965E-02  5.35693799E-02
 -8.36600000E-01  5.00000000E-01  4.93365706E-01 -6.05421441E-01  1.10593117E+00  0.00000000E+00  2.99421287E-02  5.39068752E-02
 -8.34720000E-01  5.00000000E-01  4.98238253E-01 -6.05425339E-01  1.10507871E+00  0.00000000E+00  3.03658504E-02  5.42393235E-02
 -8.32840000E-01  5.00000000E-01  5.03072295E-01 -6.05370892E-01  1.10420766E+00  0.00000000E+00  3.07876993E-02  5.45668759E-02
 -8.30960000E-01  5.00000000E-01  5.07868826E-01 -6.05260234E-01  1.10331701E+00  0.00000000E+00  3.12076175E-02  5.48896758E-02
 -8.29080000E-01  5.00000000E-01  5.12628134E-01 -6.05095726E-01  1.10241257E+00  0.00000000E+00  3.16255426E-02  5.52078737E-02
 -8.27200000E-01  5.00000000E-01  5.17350670E-01 -6.04879667E-01  1.10149835E+00  0.00000000E+00  3.20414120E-02  5.55216270E-02
 -8.25320000E-01  5.00000000E-01  5.22038069E-01 -6.04613578E-01  1.10056586E+00  0.00000000E+00  3.24551827E-02  5.58310574E-02
 -8.23440000E-01  5.00000000E-01  5.26690994E-01 -6.04299307E-01  1.09961612E+00  0.00000000E+00  3.28668046E-02  5.61362972E-02
 -8.21560000E-01  5.00000000E-01  5.31310094E-01 -6.03938619E-01  1.09865002E+00  0.00000000E+00  3.32762304E-02  5.64374742E-02
 -8.19680000E-01  5.00000000E-01  5.35896006E-01 -6.03533198E-01  1.09766826E+00  0.00000000E+00  3.36834154E-02  5.67347118E-02
 -8.17800000E-01  5.00000000E-01  5.40449357E-01 -6.03084653E-01  1.09667138E+00  0.00000000E+00  3.40883172E-02  5.70281289E-02
 -8.15920000E-01  5.00000000E-01  5.44970757E-01 -6.02594520E-01  1.09565982E+00  0.00000000E+00  3.44908961E-02  5.73178403E-02
 -8.14040000E-01  5.00000000E-01  5.49460806E-01 -6.02064262E-01  1.09463389E+00  0.00000000E+00  3.48911145E-02  5.76039566E-02
 -8.12160000E-01  5.00000000E-01  5.53920086E-01 -6.01495278E-01  1.09359381E+00  0.00000000E+00  3.52889372E-02  5.78865846E-02
 -8.10280000E-01  5.00000000E-01  5.58349167E-01 -6.00888902E-01  1.09253973E+00  0.00000000E+00  3.56843310E-02  5.81658271E-02
 -8.08400000E-01  5.00000000E-01  5.62748599E-01 -6.00246408E-01  1.09147174E+00  0.00000000E+00  3.60772650E-02  5.84417833E-02
 -8.06520000E-01  5.00000000E-01  5.67118917E-01 -5.99569016E-01  1.09038988E+00  0.00000000E+00  3.64677100E-02  5.87145489E-02
 -8.04640000E-01  5.00000000E-01  5.71460639E-01 -5.98857889E-01  1.08929419E+00  0.00000000E+00  3.68556387E-02  5.89842160E-02
 -8.02760000E-01  5.00000000E-01  5.75774265E-01 -5.98114142E-01  1.08818469E+00  0.00000000E+00  3.72410259E-02  5.92508737E-02
 -8.00880000E-01  5.00000000E-01  5.80060273E-01 -5.97338843E-01  1.08706142E+00  0.00000000E+00  3.76238476E-02  5.95146077E-02
 -7.99000000E-01  5.00000000E-01  5.84319123E-01 -5.96533016E-01  1.08592445E+00  0.00000000E+00  3.80040818E-02  5.97755008E-02
 -7.97120000E-01  5.00000000E-01  5.88551256E-01 -5.95697646E-01  1.08477390E+00  0.00000000E+00  3.83817079E-02  6.00336327E-02
 -7.95240000E-01  5.00000000E-01  5.92757089E-01 -5.94833682E-01  1.08360996E+00  0.00000000E+00  3.87567067E-02  6.02890807E-02
 -7.93360000E-01  5.00000000E-01  5.96937019E-01 -5.93942038E-01  1.08243292E+00  0.00000000E+00  3.91290602E-02  6.05419191E-02
 -7.91480000E-01  5.00000000E-01  6.01091418E-01 -5.93023599E-01  1.08124314E+00  0.00000000E+00  3.94987519E-02  6.07922201E-02
 -7.89600000E-01  5.00000000E-01  6.05220637E-01 -5.92079223E-01  1.08004114E+00  0.00000000E+00  3.98657663E-02  6.10400531E-02
 -7.87720000E-01  5.00000000E-01  6.09325002E-01 -5.91109746E-01  1.07882755E+00  0.00000000E+00  4.02300889E-02  6.12854857E-02
 -7.85840000E-01  5.00000000E-01  6.13404813E-01 -5.90115983E-01  1.07760318E+00  0.00000000E+00  4.05917064E-02  6.15285831E-02
 -7.83960000E-01  5.00000000E-01  6.17460346E-01 -5.89098733E-01  1.07636901E+00  0.00000000E+00  4.09506060E-02  6.17694087E-02
 -7.82080000E-01  5.00000000E-01  6.21492613E-01 -5.88058471E-01  1.07511691E+00  0.00000000E+00  4.13067841E-02  6.20080160E-02
 -7.80200000E-01  5.00000000E-01  6.25501397E-01 -5.86996073E-01  1.07385356E+00  0.00000000E+00  4.16602261E-02  6.22444689E-02
 -7.78320000E-01  5.00000000E-01  6.29486958E-01 -5.85912232E-01  1.07257969E+00  0.00000000E+00  4.20109232E-02  6.24788236E-02
 -7.76440000E-01  5.00000000E-01  6.33449629E-01 -5.84807586E-01  1.07129501E+00  0.00000000E+00  4.23588685E-02  6.27111340E-02
 -7.74560000E-01  5.00000000E-01  6.37389729E-01 -5.83682756E-01  1.06999935E+00  0.00000000E+00  4.27040557E-02  6.29414523E-02
 -7.72680000E-01  5.00000000E-01  6.41307557E-01 -5.82538342E-01  1.06869262E+00  0.00000000E+00  4.30464794E-02  6.31698289E-02
 -7.70800000E-01  5.00000000E-01  6.45203401E-01 -5.81374926E-01  1.06737479E+00  0.00000000E+00  4.33861349E-02  6.33963128E-02
 -7.68920000E-01  5.00000000E-01  6.49077535E-01 -5.80193074E-01  1.06604590E+00  0.00000000E+00  4.37230185E-02  6.36209514E-02
 -7.67040000E-01  5.00000000E-01  6.52930219E-01 -5.78993332E-01  1.06470604E+00  0.00000000E+00  4.40571268E-02  6.38437905E-02
 -7.65160000E-01  5.00000000E-01  6.56761704E-01 -5.77776230E-01  1.06335536E+00  0.00000000E+00  4.43884574E-02  6.40648747E-02
 -7.63280000E-01  5.00000000E-01  6.60572230E-01 -5.76542281E-01  1.06199401E+00  0.00000000E+00  4.47170085E-02  6.42842468E-02
 -7.61400000E-01  5.00000000E-01  6.64362026E-01 -5.75291982E-01  1.06062219E+00  0.00000000E+00  4.50427791E-02  6.45019485E-02
 -7.59520000E-01  5.00000000E-01  6.68131316E-01 -5.74025815E-01  1.05924012E+00  0.00000000E+00  4.53657687E-02  6.47180203E-02
 -7.57640000E-01  5.00000000E-01  6.71880313E-01 -5.72744245E-01  1.05784800E+00  0.00000000E+00  4.56859774E-02  6.49325009E-02
 -7.55760000E-01  5.00000000E-01  6.75609228E-01 -5.71447724E-01  1.05644605E+00  0.00000000E+00  4.60034062E-02  6.51454283E-02
 -7.53880000E-01  5.00000000E-01  6.79318263E-01 -5.70136688E-01  1.05503446E+00  0.00000000E+00  4.63180563E-02  6.53568390E-02
 -7.52000000E-01  5.00000000E-01  6.83007617E-01 -5.68811561E-01  1.05361341E+00  0.00000000E+00  4.66299299E-02  6.55667683E-02
 -7.50120000E-01  5.00000000E-01  6.86677488E-01 -5.67472750E-01  1.05218302E+00  0.00000000E+00  4.69390293E-02  6.57752506E-02
 -7.48240000E-01  5.00000000E-01  6.90328069E-01 -5.66120652E-01  1.05074341E+00  0.00000000E+00  4.72453578E-02  6.59823189E-02
 -7.46360000E-01  5.00000000E-01  6.93959554E-01 -5.64755651E-01  1.04929462E+00  0.00000000E+00  4.75489190E-02  6.61880056E-02
 -7.44480000E-01  5.00000000E-01  6.97572134E-01 -5.63378118E-01  1.04783662E+00  0.00000000E+00  4.78497169E-02  6.63923416E-02
 -7.42600000E-01  5.00000000E-01  7.01166004E-01 -5.61988412E-01  1.04636933E+00  0.00000000E+00  4.81477562E-02  6.65953572E-02
 -7.40720000E-01  5.00000000E-01  7.04741360E-01 -5.60586881E-01  1.04489259E+00  0.00000000E+00  4.84430419E-02  6.67970817E-02
 -7.38840000E-01  5.00000000E-01  7.08298400E-01 -5.59173862E-01  1.04340613E+00  0.00000000E+00  4.87355796E-02  6.69975434E-02
 -7.36960000E-01  5.00000000E-01  7.11837184E-01 -5.57749704E-01  1.04191146E+00  0.00000000E+00  4.90253743E-02  6.71967705E-02
 -7.35080000E-01  5.00000000E-01  7.15357743E-01 -5.56314754E-01  1.04041035E+00  0.00000000E+00  4.93124312E-02  6.73947906E-02
 -7.33200000E-01  5.00000000E-01  7.18860444E-01 -5.54869295E-01  1.03890020E+00  0.00000000E+00  4.95967582E-02  6.75916287E-02
 -7.31320000E-01  5.00000000E-01  7.22345421E-01 -5.53413631E-01  1.03738134E+00  0.00000000E+00  4.98783621E-02  6.77873101E-02
 -7.29440000E-01  5.00000000E-01  7.25812807E-01 -5.51948060E-01  1.03585408E+00  0.00000000E+00  5.01572498E-02  6.79818595E-02
 -7.27560000E-01  5.00000000E-01  7.29262736E-01 -5.50472872E-01  1.03431869E+00  0.00000000E+00  5.04334290E-02  6.81753006E-02
 -7.25680000E-01  5.00000000E-01  7.32695340E-01 -5.48988347E-01  1.03277539E+00  0.00000000E+00  5.07069072E-02  6.83676569E-02
 -7.23800000E-01  5.00000000E-01  7.36110753E-01 -5.47494760E-01  1.03122436E+00  0.00000000E+00  5.09776925E-02  6.85589508E-02
 -7.21920000E-01  5.00000000E-01  7.39509106E-01 -5.45992378E-01  1.02966576E+00  0.00000000E+00  5.12457934E-02  6.87492042E-02
 -7.20040000E-01  5.00000000E-01  7.42890527E-01 -5.44481460E-01  1.02809973E+00  0.00000000E+00  5.15112185E-02  6.89384385E-02
 -7.18160000E-01  5.00000000E-01  7.46255146E-01 -5.42962259E-01  1.02652638E+00  0.00000000E+00  5.17739766E-02  6.91266744E-02
 -7.16280000E-01  5.00000000E-01  7.49603089E-01 -5.41435020E-01  1.02494581E+00  0.00000000E+00  5.20340770E-02  6.93139321E-02
 -7.14400000E-01  5.00000000E-01  7.52934481E-01 -5.39899985E-01  1.02335809E+00  0.00000000E+00  5.22915291E-02  6.95002311E-02
 -7.12520000E-01  5.00000000E-01  7.56249444E-01 -5.38357385E-01  1.02176333E+00  0.00000000E+00  5.25463426E-02  6.96855904E-02
 -7.10640000E-01  5.00000000E-01  7.59548097E-01 -5.36807450E-01  1.02016158E+00  0.00000000E+00  5.27985273E-02  6.98700286E-02
 -7.08760000E-01  5.00000000E-01  7.62830557E-01 -5.35250400E-01  1.01855294E+00  0.00000000E+00  5.30480935E-02  7.00535637E-02
 -7.06880000E-01  5.00000000E-01  7.66096939E-01 -5.33686453E-01  1.01693748E+00  0.00000000E+00  5.32950513E-02  7.02362132E-02
 -7.05000000E-01  5.00000000E-01  7.69347352E-01 -5.32115819E-01  1.01531533E+00  0.00000000E+00  5.35394114E-02  7.04179942E-02
 -7.03120000E-01  5.00000000E-01  7.72581903E-01 -5.30538704E-01  1.01368659E+00  0.00000000E+00  5.37811843E-02  7.05989233E-02
 -7.01240000E-01  5.00000000E-01  7.75800696E-01 -5.28955310E-01  1.01205140E+00  0.00000000E+00  5.40203809E-02  7.07790169E-02
 -6.99360000E-01  5.00000000E-01  7.79003829E-01 -5.27365834E-01  1.01040993E+00  0.00000000E+00  5.42570123E-02  7.09582905E-02
 -6.97480000E-01  5.00000000E-01  7.82191397E-01 -5.25770467E-01  1.00876238E+00  0.00000000E+00  5.44910895E-02  7.11367598E-02
 -6.95600000E-01  5.00000000E-01  7.85363490E-01 -5.24169398E-01  1.00710898E+00  0.00000000E+00  5.47226237E-02  7.13144398E-02
 -6.93720000E-01  5.00000000E-01  7.88520192E-01 -5.22562811E-01  1.00545000E+00  0.00000000E+00  5.49516265E-02  7.14913451E-02
 -6.91840000E-01  5.00000000E-01  7.91661585E-01 -5.20950887E-01  1.00378577E+00  0.00000000E+00  5.51781091E-02  7.16674903E-02
 -6.89960000E-01  5.00000000E-01  7.94787888E-01 -5.19333786E-01  1.00211451E+00  0.00000000E+00  5.54020845E-02  7.18428882E-02
 -6.88080000E-01  5.00000000E-01  7.97899103E-01 -5.17711689E-01  1.00043767E+00  0.00000000E+00  5.56235637E-02  7.20175531E-02
 -6.86200000E-01  5.00000000E-01  8.00995302E-01 -5.16084763E-01  9.98755585E-01  0.00000000E+00  5.58425586E-02  7.21914983E-02
 -6.84320000E-01  5.00000000E-01  8.04076578E-01 -5.14453172E-01  9.97068284E-01  0.00000000E+00  5.60590816E-02  7.23647365E-02
 -6.82440000E-01  5.00000000E-01  8.07143023E-01 -5.12817075E-01  9.95375797E-01  0.00000000E+00  5.62731448E-02  7.25372804E-02
 -6.80560000E-01  5.00000000E-01  8.10194723E-01 -5.11176627E-01  9.93678175E-01  0.00000000E+00  5.64847605E-02  7.27091420E-02
 -6.78680000E-01  5.00000000E-01  8.13231765E-01 -5.09531982E-01  9.91975488E-01  0.00000000E+00  5.66939414E-02  7.28803335E-02
 -6.76800000E-01  5.00000000E-01  8.16254232E-01 -5.07883288E-01  9.90267817E-01  0.00000000E+00  5.69006998E-02  7.30508665E-02
 -6.74920000E-01  5.00000000E-01  8.19262204E-01 -5.06230691E-01  9.88555257E-01  0.00000000E+00  5.71050485E-02  7.32207523E-02
 -6.73040000E-01  5.00000000E-01  8.22255758E-01 -5.04574334E-01  9.86837910E-01  0.00000000E+00  5.73070001E-02  7.33900021E-02
 -6.71160000E-01  5.00000000E-01  8.25234973E-01 -5.02914358E-01  9.85115888E-01  0.00000000E+00  5.75065674E-02  7.35586267E-02
 -6.69280000E-01  5.00000000E-01  8.28199922E-01 -5.01250898E-01  9.83389307E-01  0.00000000E+00  5.77037633E-02  7.37266369E-02
 -6.67400000E-01  5.00000000E-01  8.31150679E-01 -4.99584090E-01  9.81658287E-01  0.00000000E+00  5.78986006E-02  7.38940430E-02
 -6.65520000E-01  5.00000000E-01  8.34087316E-01 -4.97914063E-01  9.79922949E-01  0.00000000E+00  5.80910925E-02  7.40608551E-02
 -6.63640000E-01  5.00000000E-01  8.37009903E-01 -4.96240947E-01  9.78183413E-01  0.00000000E+00  5.82812519E-02  7.42270830E-02
 -6.61760000E-01  5.00000000E-01  8.39918509E-01 -4.94564867E-01  9.76439795E-01  0.00000000E+00  5.84690920E-02  7.43927366E-02
 -6.59880000E-01  5.00000000E-01  8.42813203E-01 -4.92885947E-01  9.74692206E-01  0.00000000E+00  5.86546259E-02  7.45578251E-02
 -6.58000000E-01  5.00000000E-01  8.45694054E-01 -4.91204307E-01  9.72940751E-01  0.00000000E+00  5.88378669E-02  7.47223580E-02
 -6.56120000E-01  5.00000000E-01  8.48561129E-01 -4.89520064E-01  9.71185524E-01  0.00000000E+00  5.90188282E-02  7.48863440E-02
 -6.54240000E-01  5.00000000E-01  8.51414495E-01 -4.87833336E-01  9.69426608E-01  0.00000000E+00  5.91975232E-02  7.50497922E-02
 -6.52360000E-01  5.00000000E-01  8.54254219E-01 -4.86144236E-01  9.67664073E-01  0.00000000E+00  5.93739653E-02  7.52127111E-02
 -6.50480000E-01  5.00000000E-01  8.57080368E-01 -4.84452874E-01  9.65897971E-01  0.00000000E+00  5.95481679E-02  7.53751090E-02
 -6.48600000E-01  5.00000000E-01  8.59893009E-01 -4.82759360E-01  9.64128338E-01  0.00000000E+00  5.97201445E-02  7.55369944E-02
 -6.46720000E-01  5.00000000E-01  8.62692211E-01 -4.81063802E-01  9.62355189E-01  0.00000000E+00  5.98899084E-02  7.56983751E-02
 -6.44840000E-01  5.00000000E-01  8.65478020E-01 -4.79366304E-01  9.60578859E-01  0.00000000E+00  6.00574733E-02  7.58592592E-02
 -6.42960000E-01  5.00000000E-01  8.68250465E-01 -4.77666970E-01  9.58799895E-01  0.00000000E+00  6.02228523E-02  7.60196544E-02
 -6.41080000E-01  5.00000000E-01  8.71009649E-01 -4.75965901E-01  9.57017773E-01  0.00000000E+00  6.03860593E-02  7.61795683E-02
 -6.39200000E-01  5.00000000E-01  8.73755624E-01 -4.74263195E-01  9.55232637E-01  0.00000000E+00  6.05471079E-02  7.63390081E-02
 -6.37320000E-01  5.00000000E-01  8.76488449E-01 -4.72558948E-01  9.53444620E-01  0.00000000E+00  6.07060116E-02  7.64979811E-02
 -6.35440000E-01  5.00000000E-01  8.79208176E-01 -4.70853255E-01  9.51653846E-01  0.00000000E+00  6.08627840E-02  7.66564944E-02
 -6.33560000E-01  5.00000000E-01  8.81914862E-01 -4.69146210E-01  9.49860431E-01  0.00000000E+00  6.10174387E-02  7.68145550E-02
 -6.31680000E-01  5.00000000E-01  8.84608560E-01 -4.67437903E-01  9.48064484E-01  0.00000000E+00  6.11699893E-02  7.69721695E-02
 -6.29800000E-01  5.00000000E-01  8.87289325E-01 -4.65728426E-01  9.46266106E-01  0.00000000E+00  6.13204495E-02  7.71293447E-02
 -6.27920000E-01  5.00000000E-01  8.89957211E-01 -4.64017865E-01  9.44465396E-01  0.00000000E+00  6.14688329E-02  7.72860870E-02
 -6.26040000E-01  5.00000000E-01  8.92612271E-01 -4.62306307E-01  9.42662445E-01  0.00000000E+00  6.16151531E-02  7.74424029E-02
 -6.24160000E-01  5.00000000E-01  8.95254558E-01 -4.60593837E-01  9.40857343E-01  0.00000000E+00  6.17594237E-02  7.75982984E-02
 -6.22280000E-01  5.00000000E-01  8.97884124E-01 -4.58880539E-01  9.39050177E-01  0.00000000E+00  6.19016585E-02  7.77537799E-02
 -6.20400000E-01  5.00000000E-01  9.00501021E-01 -4.57166494E-01  9.37241031E-01  0.00000000E+00  6.20418710E-02  7.79088531E-02
 -6.18520000E-01  5.00000000E-01  9.03105301E-01 -4.55451781E-01  9.35429989E-01  0.00000000E+00  6.21800749E-02  7.80635240E-02
 -6.16640000E-01  5.00000000E-01  9.05697013E-01 -4.53736481E-01  9.33617136E-01  0.00000000E+00  6.23162838E-02  7.82177983E-02
 -6.14760000E-01  5.00000000E-01  9.08276207E-01 -4.52020669E-01  9.31802557E-01  0.00000000E+00  6.24505113E-02  7.83716816E-02
 -6.12880000E-01  5.00000000E-01  9.10842934E-01 -4.50304423E-01  9.29986340E-01  0.00000000E+00  6.25827711E-02  7.85251794E-02
 -6.11000000E-01  5.00000000E-01  9.13397240E-01 -4.48587815E-01  9.28168574E-01  0.00000000E+00  6.27130767E-02  7.86782972E-02
 -6.09120000E-01  5.00000000E-01  9.15939174E-01 -4.46870920E-01  9.26349354E-01  0.00000000E+00  6.28414417E-02  7.88310401E-02
 -6.07240000E-01  5.00000000E-01  9.18468783E-01 -4.45153808E-01  9.24528778E-01  0.00000000E+00  6.29678796E-02  7.89834134E-02
 -6.05360000E-01  5.00000000E-01  9.20986111E-01 -4.43436550E-01  9.22706952E-01  0.00000000E+00  6.30924041E-02  7.91354221E-02
 -6.03480000E-01  5.00000000E-01  9.23491203E-01 -4.41719216E-01  9.20883987E-01  0.00000000E+00  6.32150286E-02  7.92870713E-02
 -6.01600000E-01  5.00000000E-01  9.25984104E-01 -4.40001872E-01  9.19060000E-01  0.00000000E+00  6.33357667E-02  7.94383658E-02
 -5.99720000E-01  5.00000000E-01  9.28464857E-01 -4.38284585E-01  9.17235121E-01  0.00000000E+00  6.34546317E-02  7.95893104E-02
 -5.97840000E-01  5.00000000E-01  9.30933525E-01 -4.36567421E-01  9.15409099E-01  0.00000000E+00  6.35716373E-02  7.97399097E-02
 -5.95960000E-01  5.00000000E-01  9.33390142E-01 -4.34850444E-01  9.13582230E-01  0.00000000E+00  6.36867969E-02  7.98901683E-02
 -5.94080000E-01  5.00000000E-01  9.35834746E-01 -4.33133717E-01  9.11754666E-01  0.00000000E+00  6.38001238E-02  8.00400908E-02
 -5.92200000E-01  5.00000000E-01  9.38267382E-01 -4.31417301E-01  9.09926474E-01  0.00000000E+00  6.39116314E-02  8.01896816E-02
 -5.90320000E-01  5.00000000E-01  9.40688095E-01 -4.29701259E-01  9.08097724E-01  0.00000000E+00  6.40213331E-02  8.03389450E-02
 -5.88440000E-01  5.00000000E-01  9.43096927E-01 -4.27985648E-01  9.06268492E-01  0.00000000E+00  6.41292423E-02  8.04878853E-02
 -5.86560000E-01  5.00000000E-01  9.45493921E-01 -4.26270529E-01  9.04438852E-01  0.00000000E+00  6.42353721E-02  8.06365066E-02
 -5.84680000E-01  5.00000000E-01  9.47879119E-01 -4.24555958E-01  9.02608883E-01  0.00000000E+00  6.43397359E-02  8.07848129E-02
 -5.82800000E-01  5.00000000E-01  9.50252562E-01 -4.22841992E-01  9.00778666E-01  0.00000000E+00  6.44423470E-02  8.09328084E-02
 -5.80920000E-01  5.00000000E-01  9.52614292E-01 -4.21128687E-01  8.98948282E-01  0.00000000E+00  6.45432184E-02  8.10804969E-02
 -5.79040000E-01  5.00000000E-01  9.54964350E-01 -4.19416096E-01  8.97117812E-01  0.00000000E+00  6.46423635E-02  8.12278823E-02
 -5.77160000E-01  5.00000000E-01  9.57302775E-01 -4.17704275E-01  8.95287342E-01  0.00000000E+00  6.47397952E-02  8.13749683E-02
 -5.75280000E-01  5.00000000E-01  9.59629607E-01 -4.15993274E-01  8.93456953E-01  0.00000000E+00  6.48355267E-02  8.15217587E-02
 -5.73400000E-01  5.00000000E-01  9.61944886E-01 -4.14283146E-01  8.91626730E-01  0.00000000E+00  6.49295710E-02  8.16682571E-02
 -5.71520000E-01  5.00000000E-01  9.64248651E-01 -4.12573941E-01  8.89796754E-01  0.00000000E+00  6.50219412E-02  8.18144671E-02
 -5.69640000E-01  5.00000000E-01  9.66540941E-01 -4.10865710E-01  8.87967109E-01  0.00000000E+00  6.51126502E-02  8.19603922E-02
 -5.67760000E-01  5.00000000E-01  9.68821793E-01 -4.09158500E-01  8.86137873E-01  0.00000000E+00  6.52017109E-02  8.21060358E-02
 -5.65880000E-01  5.00000000E-01  9.71091247E-01 -4.07452359E-01  8.84309126E-01  0.00000000E+00  6.52891362E-02  8.22514013E-02
 -5.64000000E-01  5.00000000E-01  9.73349341E-01 -4.05747336E-01  8.82480945E-01  0.00000000E+00  6.53749390E-02  8.23964919E-02
 -5.62120000E-01  5.00000000E-01  9.75596112E-01 -4.04043475E-01  8.80653403E-01  0.00000000E+00  6.54591321E-02  8.25413110E-02
 -5.60240000E-01  5.00000000E-01  9.77831599E-01 -4.02340823E-01  8.78826572E-01  0.00000000E+00  6.55417282E-02  8.26858618E-02
 -5.58360000E-01  5.00000000E-01  9.80055839E-01 -4.00639424E-01  8.77000519E-01  0.00000000E+00  6.56227400E-02  8.28301473E-02
 -5.56480000E-01  5.00000000E-01  9.82268869E-01 -3.98939321E-01  8.75175309E-01  0.00000000E+00  6.57021802E-02  8.29741705E-02
 -5.54600000E-01  5.00000000E-01  9.84470727E-01 -3.97240559E-01  8.73351003E-01  0.00000000E+00  6.57800614E-02  8.31179346E-02
 -5.52720000E-01  5.00000000E-01  9.86661448E-01 -3.95543179E-01  8.71527707E-01  0.00000000E+00  6.58563962E-02  8.32614425E-02
 -5.50840000E-01  5.00000000E-01  9.88841062E-01 -3.93847221E-01  8.69705592E-01  0.00000000E+00  6.59311971E-02  8.34046971E-02
 -5.48960000E-01  5.00000000E-01  9.91009612E-01 -3.92152728E-01  8.67884615E-01  0.00000000E+00  6.60044765E-02  8.35477012E-02
 -5.47080000E-01  5.00000000E-01  9.93167133E-01 -3.90459739E-01  8.66064857E-01  0.00000000E+00  6.60762470E-02  8.36904576E-02
 -5.45200000E-01  5.00000000E-01  9.95313660E-01 -3.88768293E-01  8.64246396E-01  0.00000000E+00  6.61465208E-02  8.38329691E-02
 -5.43320000E-01  5.00000000E-01  9.97449229E-01 -3.87078428E-01  8.62429311E-01  0.00000000E+00  6.62153102E-02  8.39752384E-02
 -5.41440000E-01  5.00000000E-01  9.99573872E-01 -3.85390182E-01  8.60613676E-01  0.00000000E+00  6.62826276E-02  8.41172680E-02
 -5.39560000E-01  5.00000000E-01  1.00168763E+00 -3.83703592E-01  8.58799565E-01  0.00000000E+00  6.63484852E-02  8.42590606E-02
 -5.37680000E-01  5.00000000E-01  1.00379053E+00 -3.82018694E-01  8.56987050E-01  0.00000000E+00  6.64128952E-02  8.44006187E-02
 -5.35800000E-01  5.00000000E-01  1.00588260E+00 -3.80335523E-01  8.55176203E-01  0.00000000E+00  6.64758695E-02  8.45419449E-02
 -5.33920000E-01  5.00000000E-01  1.00796389E+00 -3.78654115E-01  8.53367092E-01  0.00000000E+00  6.65374204E-02  8.46830416E-02
 -5.32040000E-01  5.00000000E-01  1.01003443E+00 -3.76974505E-01  8.51559787E-01  0.00000000E+00  6.65975598E-02  8.48239111E-02
 -5.30160000E-01  5.00000000E-01  1.01209425E+00 -3.75296724E-01  8.49754355E-01  0.00000000E+00  6.66562996E-02  8.49645559E-02
 -5.28280000E-01  5.00000000E-01  1.01414338E+00 -3.73620807E-01  8.47950864E-01  0.00000000E+00  6.67136518E-02  8.51049783E-02
 -5.26400000E-01  5.00000000E-01  1.01618186E+00 -3.71946786E-01  8.46149379E-01  0.00000000E+00  6.67696282E-02  8.52451805E-02
 -5.24520000E-01  5.00000000E-01  1.01820972E+00 -3.70274693E-01  8.44349968E-01  0.00000000E+00  6.68242406E-02  8.53851649E-02
 -5.22640000E-01  5.00000000E-01  1.02022700E+00 -3.68604557E-01  8.42552695E-01  0.00000000E+00  6.68775007E-02  8.55249335E-02
 -5.20760000E-01  5.00000000E-01  1.02223372E+00 -3.66936411E-01  8.40757627E-01  0.00000000E+00  6.69294202E-02  8.56644886E-02
 -5.18880000E-01  5.00000000E-01  1.02422992E+00 -3.65270283E-01  8.38964829E-01  0.00000000E+00  6.69800106E-02  8.58038322E-02
 -5.17000000E-01  5.00000000E-01  1.02621563E+00 -3.63606204E-01  8.37174368E-01  0.00000000E+00  6.70292837E-02  8.59429665E-02
 -5.15120000E-01  5.00000000E-01  1.02819089E+00 -3.61944201E-01  8.35386310E-01  0.00000000E+00  6.70772508E-02  8.60818934E-02
 -5.13240000E-01  5.00000000E-01  1.03015572E+00 -3.60284303E-01  8.33600722E-01  0.00000000E+00  6.71239234E-02  8.62206150E-02
 -5.11360000E-01  5.00000000E-01  1.03211016E+00 -3.58626537E-01  8.31817672E-01  0.00000000E+00  6.71693128E-02  8.63591333E-02
 -5.09480000E-01  5.00000000E-01  1.03405424E+00 -3.56970930E-01  8.30037229E-01  0.00000000E+00  6.72134305E-02  8.64974502E-02
 -5.07600000E-01  5.00000000E-01  1.03598799E+00 -3.55317508E-01  8.28259462E-01  0.00000000E+00  6.72562877E-02  8.66355675E-02
 -5.05720000E-01  5.00000000E-01  1.03791144E+00 -3.53666298E-01  8.26484381E-01  0.00000000E+00  6.72978955E-02  8.67734872E-02
 -5.03840000E-01  5.00000000E-01  1.03982463E+00 -3.52017324E-01  8.24712076E-01  0.00000000E+00  6.73382652E-02  8.69112111E-02
 -5.01960000E-01  5.00000000E-01  1.04172758E+00 -3.50370611E-01  8.22942623E-01  0.00000000E+00  6.73774078E-02  8.70487409E-02
 -5.00080000E-01  5.00000000E-01  1.04362032E+00 -3.48726184E-01  8.21176080E-01  0.00000000E+00  6.74153344E-02  8.71860784E-02
 -4.98200000E-01  5.00000000E-01  1.04550289E+00 -3.47084067E-01  8.19412505E-01  0.00000000E+00  6.74520559E-02  8.73232254E-02
 -4.96320000E-01  5.00000000E-01  1.04737532E+00 -3.45444281E-01  8.17651957E-01  0.00000000E+00  6.74875832E-02  8.74601835E-02
 -4.94440000E-01  5.00000000E-01  1.04923764E+00 -3.43806851E-01  8.15894492E-01  0.00000000E+00  6.75219272E-02  8.75969545E-02
 -4.92560000E-01  5.00000000E-01  1.05108988E+00 -3.42171798E-01  8.14140170E-01  0.00000000E+00  6.75550987E-02  8.77335399E-02
 -4.90680000E-01  5.00000000E-01  1.05293206E+00 -3.40539144E-01  8.12389049E-01  0.00000000E+00  6.75871083E-02  8.78699413E-02
 -4.88800000E-01  5.00000000E-01  1.05476423E+00 -3.38908910E-01  8.10641186E-01  0.00000000E+00  6.76179669E-02  8.80061604E-02
 -4.86920000E-01  5.00000000E-01  1.05658640E+00 -3.37281117E-01  8.08896639E-01  0.00000000E+00  6.76476849E-02  8.81421987E-02
 -4.85040000E-01  5.00000000E-01  1.05839862E+00 -3.35655786E-01  8.07155465E-01  0.00000000E+00  6.76762729E-02  8.82780577E-02
 -4.83160000E-01  5.00000000E-01  1.06020090E+00 -3.34032935E-01  8.05417722E-01  0.00000000E+00  6.77037414E-02  8.84137389E-02
 -4.81280000E-01  5.00000000E-01  1.06199328E+00 -3.32412584E-01  8.03683465E-01  0.00000000E+00  6.77301008E-02  8.85492438E-02
 -4.79400000E-01  5.00000000E-01  1.06377578E+00 -3.30794752E-01  8.01952750E-01  0.00000000E+00  6.77553615E-02  8.86845738E-02
 -4.77520000E-01  5.00000000E-01  1.06554845E+00 -3.29179457E-01  8.00225634E-01  0.00000000E+00  6.77795337E-02  8.88197303E-02
 -4.75640000E-01  5.00000000E-01  1.06731130E+00 -3.27566718E-01  7.98502171E-01  0.00000000E+00  6.78026278E-02  8.89547147E-02
 -4.73760000E-01  5.00000000E-01  1.06906437E+00 -3.25956551E-01  7.96782415E-01  0.00000000E+00  6.78246539E-02  8.90895284E-02
 -4.71880000E-01  5.00000000E-01  1.07080768E+00 -3.24348975E-01  7.95066420E-01  0.00000000E+00  6.78456220E-02  8.92241727E-02
 -4.70000000E-01  5.00000000E-01  1.07254127E+00 -3.22744004E-01  7.93354238E-01  0.00000000E+00  6.78655423E-02  8.93586489E-02
 -4.68120000E-01  5.00000000E-01  1.07426516E+00 -3.21141656E-01  7.91645920E-01  0.00000000E+00  6.78844247E-02  8.94929583E-02
 -4.66240000E-01  5.00000000E-01  1.07597938E+00 -3.19541947E-01  7.89941519E-01  0.00000000E+00  6.79022791E-02  8.96271022E-02
 -4.64360000E-01  5.00000000E-01  1.07768396E+00 -3.17944891E-01  7.88241083E-01  0.00000000E+00  6.79191155E-02  8.97610818E-02
 -4.62480000E-01  5.00000000E-01  1.07937893E+00 -3.16350504E-01  7.86544661E-01  0.00000000E+00  6.79349436E-02  8.98948983E-02
 -4.60600000E-01  5.00000000E-01  1.08106432E+00 -3.14758800E-01  7.84852309E-01  0.00000000E+00  6.79497731E-02  9.00285530E-02
 -4.58720000E-01  5.00000000E-01  1.08274016E+00 -3.13169793E-01  7.83164093E-01  0.00000000E+00  6.79636138E-02  9.01620469E-02
 -4.56840000E-01  5.00000000E-01  1.08440647E+00 -3.11583497E-01  7.81480045E-01  0.00000000E+00  6.79764752E-02  9.02953813E-02
 -4.54960000E-01  5.00000000E-01  1.08606328E+00 -3.09999925E-01  7.79800214E-01  0.00000000E+00  6.79883669E-02  9.04285573E-02
 -4.53080000E-01  5.00000000E-01  1.08771062E+00 -3.08419091E-01  7.78124650E-01  0.00000000E+00  6.79992983E-02  9.05615760E-02
 -4.51200000E-01  5.00000000E-01  1.08934852E+00 -3.06841006E-01  7.76453403E-01  0.00000000E+00  6.80092790E-02  9.06944385E-02
 -4.49320000E-01  5.00000000E-01  1.09097700E+00 -3.05265683E-01  7.74786521E-01  0.00000000E+00  6.80183183E-02  9.08271458E-02
 -4.47440000E-01  5.00000000E-01  1.09259610E+00 -3.03693134E-01  7.73124052E-01  0.00000000E+00  6.80264254E-02  9.09596990E-02
 -4.45560000E-01  5.00000000E-01  1.09420584E+00 -3.02123370E-01  7.71466043E-01  0.00000000E+00  6.80336096E-02  9.10920992E-02
 -4.43680000E-01  5.00000000E-01  1.09580625E+00 -3.00556402E-01  7.69812540E-01  0.00000000E+00  6.80398801E-02  9.12243473E-02
 -4.41800000E-01  5.00000000E-01  1.09739736E+00 -2.98992241E-01  7.68163590E-01  0.00000000E+00  6.80452460E-02  9.13564444E-02
 -4.39920000E-01  5.00000000E-01  1.09897918E+00 -2.97430897E-01  7.66519239E-01  0.00000000E+00  6.80497164E-02  9.14883913E-02
 -4.38040000E-01  5.00000000E-01  1.10055177E+00 -2.95872380E-01  7.64879530E-01  0.00000000E+00  6.80533002E-02  9.16201891E-02
 -4.36160000E-01  5.00000000E-01  1.10211512E+00 -2.94316700E-01  7.63244510E-01  0.00000000E+00  6.80560063E-02  9.17518388E-02
 -4.34280000E-01  5.00000000E-01  1.10366929E+00 -2.92763865E-01  7.61614221E-01  0.00000000E+00  6.80578437E-02  9.18833411E-02
 -4.32400000E-01  5.00000000E-01  1.10521428E+00 -2.91213886E-01  7.59988707E-01  0.00000000E+00  6.80588212E-02  9.20146971E-02
 -4.30520000E-01  5.00000000E-01  1.10675014E+00 -2.89666769E-01  7.58368012E-01  0.00000000E+00  6.80589474E-02  9.21459075E-02
 -4.28640000E-01  5.00000000E-01  1.10827688E+00 -2.88122525E-01  7.56752178E-01  0.00000000E+00  6.80582311E-02  9.22769734E-02
 -4.26760000E-01  5.00000000E-01  1.10979453E+00 -2.86581160E-01  7.55141247E-01  0.00000000E+00  6.80566809E-02  9.24078955E-02
 -4.24880000E-01  5.00000000E-01  1.11130313E+00 -2.85042682E-01  7.53535263E-01  0.00000000E+00  6.80543053E-02  9.25386746E-02
 -4.23000000E-01  5.00000000E-01  1.11280269E+00 -2.83507098E-01  7.51934266E-01  0.00000000E+00  6.80511128E-02  9.26693117E-02
 -4.21120000E-01  5.00000000E-01  1.11429324E+00 -2.81974415E-01  7.50338299E-01  0.00000000E+00  6.80471120E-02  9.27998074E-02
 -4.19240000E-01  5.00000000E-01  1.11577481E+00 -2.80444640E-01  7.48747402E-01  0.00000000E+00  6.80423111E-02  9.29301627E-02
 -4.17360000E-01  5.00000000E-01  1.11724743E+00 -2.78917779E-01  7.47161616E-01  0.00000000E+00  6.80367184E-02  9.30603781E-02
 -4.15480000E-01  5.00000000E-01  1.11871111E+00 -2.77393838E-01  7.45580983E-01  0.00000000E+00  6.80303422E-02  9.31904546E-02
 -4.13600000E-01  5.00000000E-01  1.12016590E+00 -2.75872823E-01  7.44005534E-01  0.00000000E+00  6.80231908E-02  9.33203929E-02
 -4.11720000E-01  5.00000000E-01  1.12161181E+00 -2.74354739E-01  7.42435312E-01  0.00000000E+00  6.80152722E-02  9.34501937E-02
 -4.09840000E-01  5.00000000E-01  1.12304886E+00 -2.72839590E-01  7.40870357E-01  0.00000000E+00  6.80065945E-02  9.35798576E-02
 -4.07960000E-01  5.00000000E-01  1.12447710E+00 -2.71327382E-01  7.39310708E-01  0.00000000E+00  6.79971657E-02  9.37093855E-02
 -4.06080000E-01  5.00000000E-01  1.12589653E+00 -2.69818120E-01  7.37756401E-01  0.00000000E+00  6.79869938E-02  9.38387780E-02
 -4.04200000E-01  5.00000000E-01  1.12730719E+00 -2.68311806E-01  7.36207474E-01  0.00000000E+00  6.79760866E-02  9.39680358E-02
 -4.02320000E-01  5.00000000E-01  1.12870910E+00 -2.66808446E-01  7.34663963E-01  0.00000000E+00  6.79644520E-02  9.40971595E-02
 -4.00440000E-01  5.00000000E-01  1.13010229E+00 -2.65308043E-01  7.33125905E-01  0.00000000E+00  6.79520978E-02  9.42261498E-02
 -3.98560000E-01  5.00000000E-01  1.13148678E+00 -2.63810599E-01  7.31593335E-01  0.00000000E+00  6.79390316E-02  9.43550073E-02
 -3.96680000E-01  5.00000000E-01  1.13286261E+00 -2.62316118E-01  7.30066289E-01  0.00000000E+00  6.79252611E-02  9.44837327E-02
 -3.94800000E-01  5.00000000E-01  1.13422978E+00 -2.60824603E-01  7.28544802E-01  0.00000000E+00  6.79107940E-02  9.46123266E-02
 -3.92920000E-01  5.00000000E-01  1.13558834E+00 -2.59336056E-01  7.27028909E-01  0.00000000E+00  6.78956377E-02  9.47407895E-02
 -3.91040000E-01  5.00000000E-01  1.13693829E+00 -2.57850480E-01  7.25518645E-01  0.00000000E+00  6.78797997E-02  9.48691221E-02
 -3.89160000E-01  5.00000000E-01  1.13827968E+00 -2.56367875E-01  7.24014043E-01  0.00000000E+00  6.78632874E-02  9.49973250E-02
 -3.87280000E-01  5.00000000E-01  1.13961252E+00 -2.54888244E-01  7.22515137E-01  0.00000000E+00  6.78461082E-02  9.51253986E-02
 -3.85400000E-01  5.00000000E-01  1.14093684E+00 -2.53411588E-01  7.21021960E-01  0.00000000E+00  6.78282694E-02  9.52533437E-02
 -3.83520000E-01  5.00000000E-01  1.14225267E+00 -2.51937908E-01  7.19534545E-01  0.00000000E+00  6.78097782E-02  9.53811606E-02
 -3.81640000E-01  5.00000000E-01  1.14356002E+00 -2.50467205E-01  7.18052925E-01  0.00000000E+00  6.77906419E-02  9.55088499E-02
 -3.79760000E-01  5.00000000E-01  1.14485893E+00 -2.48999480E-01  7.16577131E-01  0.00000000E+00  6.77708674E-02  9.56364123E-02
 -3.77880000E-01  5.00000000E-01  1.14614941E+00 -2.47534732E-01  7.15107194E-01  0.00000000E+00  6.77504620E-02  9.57638481E-02
 -3.76000000E-01  5.00000000E-01  1.14743149E+00 -2.46072963E-01  7.13643147E-01  0.00000000E+00  6.77294326E-02  9.58911578E-02
 -3.74120000E-01  5.00000000E-01  1.14870520E+00 -2.44614171E-01  7.12185018E-01  0.00000000E+00  6.77077861E-02  9.60183421E-02
 -3.72240000E-01  5.00000000E-01  1.14997056E+00 -2.43158356E-01  7.10732840E-01  0.00000000E+00  6.76855295E-02  9.61454013E-02
 -3.70360000E-01  5.00000000E-01  1.15122760E+00 -2.41705518E-01  7.09286640E-01  0.00000000E+00  6.76626696E-02  9.62723359E-02
 -3.68480000E-01  5.00000000E-01  1.15247633E+00 -2.40255656E-01  7.07846450E-01  0.00000000E+00  6.76392132E-02  9.63991465E-02
 -3.66600000E-01  5.00000000E-01  1.15371678E+00 -2.38808768E-01  7.06412301E-01  0.00000000E+00  6.76151670E-02  9.65258333E-02
 -3.64720000E-01  5.00000000E-01  1.15494899E+00 -2.37364853E-01  7.04984219E-01  0.00000000E+00  6.75905377E-02  9.66523970E-02
 -3.62840000E-01  5.00000000E-01  1.15617296E+00 -2.35923910E-01  7.03562234E-01  0.00000000E+00  6.75653319E-02  9.67788378E-02
 -3.60960000E-01  5.00000000E-01  1.15738872E+00 -2.34485936E-01  7.02146372E-01  0.00000000E+00  6.75395562E-02  9.69051564E-02
 -3.59080000E-01  5.00000000E-01  1.15859631E+00 -2.33050930E-01  7.00736663E-01  0.00000000E+00  6.75132170E-02  9.70313530E-02
 -3.57200000E-01  5.00000000E-01  1.15979573E+00 -2.31618889E-01  6.99333133E-01  0.00000000E+00  6.74863208E-02  9.71574280E-02
 -3.55320000E-01  5.00000000E-01  1.16098702E+00 -2.30189810E-01  6.97935811E-01  0.00000000E+00  6.74588741E-02  9.72833820E-02
 -3.53440000E-01  5.00000000E-01  1.16217020E+00 -2.28763691E-01  6.96544721E-01  0.00000000E+00  6.74308830E-02  9.74092152E-02
 -3.51560000E-01  5.00000000E-01  1.16334529E+00 -2.27340529E-01  6.95159892E-01  0.00000000E+00  6.74023541E-02  9.75349281E-02
 -3.49680000E-01  5.00000000E-01  1.16451231E+00 -2.25920321E-01  6.93781348E-01  0.00000000E+00  6.73732934E-02  9.76605210E-02
 -3.47800000E-01  5.00000000E-01  1.16567129E+00 -2.24503063E-01  6.92409116E-01  0.00000000E+00  6.73437072E-02  9.77859943E-02
 -3.45920000E-01  5.00000000E-01  1.16682226E+00 -2.23088752E-01  6.91043221E-01  0.00000000E+00  6.73136015E-02  9.79113484E-02
 -3.44040000E-01  5.00000000E-01  1.16796522E+00 -2.21677383E-01  6.89683687E-01  0.00000000E+00  6.72829825E-02  9.80365836E-02
 -3.42160000E-01  5.00000000E-01  1.16910021E+00 -2.20268952E-01  6.88330540E-01  0.00000000E+00  6.72518562E-02  9.81617002E-02
 -3.40280000E-01  5.00000000E-01  1.17022726E+00 -2.18863456E-01  6.86983803E-01  0.00000000E+00  6.72202285E-02  9.82866987E-02
 -3.38400000E-01  5.00000000E-01  1.17134637E+00 -2.17460890E-01  6.85643500E-01  0.00000000E+00  6.71881053E-02  9.84115793E-02
 -3.36520000E-01  5.00000000E-01  1.17245758E+00 -2.16061249E-01  6.84309656E-01  0.00000000E+00  6.71554926E-02  9.85363423E-02
 -3.34640000E-01  5.00000000E-01  1.17356090E+00 -2.14664528E-01  6.82982293E-01  0.00000000E+00  6.71223961E-02  9.86609881E-02
 -3.32760000E-01  5.00000000E-01  1.17465637E+00 -2.13270723E-01  6.81661434E-01  0.00000000E+00  6.70888215E-02  9.87855171E-02
 -3.30880000E-01  5.00000000E-01  1.17574399E+00 -2.11879827E-01  6.80347101E-01  0.00000000E+00  6.70547747E-02  9.89099294E-02
 -3.29000000E-01  5.00000000E-01  1.17682380E+00 -2.10491836E-01  6.79039318E-01  0.00000000E+00  6.70202612E-02  9.90342254E-02
 -3.27120000E-01  5.00000000E-01  1.17789582E+00 -2.09106743E-01  6.77738106E-01  0.00000000E+00  6.69852866E-02  9.91584053E-02
 -3.25240000E-01  5.00000000E-01  1.17896006E+00 -2.07724544E-01  6.76443487E-01  0.00000000E+00  6.69498566E-02  9.92824696E-02
 -3.23360000E-01  5.00000000E-01  1.18001656E+00 -2.06345231E-01  6.75155483E-01  0.00000000E+00  6.69139766E-02  9.94064184E-02
 -3.21480000E-01  5.00000000E-01  1.18106533E+00 -2.04968799E-01  6.73874113E-01  0.00000000E+00  6.68776520E-02  9.95302520E-02
 -3.19600000E-01  5.00000000E-01  1.18210639E+00 -2.03595241E-01  6.72599398E-01  0.00000000E+00  6.68408883E-02  9.96539706E-02
 -3.17720000E-01  5.00000000E-01  1.18313977E+00 -2.02224550E-01  6.71331360E-01  0.00000000E+00  6.68036908E-02  9.97775747E-02
 -3.15840000E-01  5.00000000E-01  1.18416548E+00 -2.00856721E-01  6.70070018E-01  0.00000000E+00  6.67660648E-02  9.99010643E-02
 -3.13960000E-01  5.00000000E-01  1.18518355E+00 -1.99491745E-01  6.68815392E-01  0.00000000E+00  6.67280156E-02  1.00024440E-01
 -3.12080000E-01  5.00000000E-01  1.18619401E+00 -1.98129615E-01  6.67567501E-01  0.00000000E+00  6.66895484E-02  1.00147701E-01
 -3.10200000E-01  5.00000000E-01  1.18719686E+00 -1.96770325E-01  6.66326365E-01  0.00000000E+00  6.66506684E-02  1.00270849E-01
 -3.08320000E-01  5.00000000E-01  1.18819214E+00 -1.95413867E-01  6.65092003E-01  0.00000000E+00  6.66113806E-02  1.00393884E-01
 -3.06440000E-01  5.00000000E-01  1.18917986E+00 -1.94060233E-01  6.63864433E-01  0.00000000E+00  6.65716901E-02  1.00516805E-01
 -3.04560000E-01  5.00000000E-01  1.19016005E+00 -1.92709415E-01  6.62643673E-01  0.00000000E+00  6.65316020E-02  1.00639613E-01
 -3.02680000E-01  5.00000000E-01  1.19113272E+00 -1.91361406E-01  6.61429741E-01  0.00000000E+00  6.64911212E-02  1.00762309E-01
 -3.00800000E-01  5.00000000E-01  1.19209790E+00 -1.90016197E-01  6.60222656E-01  0.00000000E+00  6.64502526E-02  1.00884892E-01
 -2.98920000E-01  5.00000000E-01  1.19305561E+00 -1.88673779E-01  6.59022434E-01  0.00000000E+00  6.64090011E-02  1.01007362E-01
 -2.97040000E-01  5.00000000E-01  1.19400586E+00 -1.87334145E-01  6.57829093E-01  0.00000000E+00  6.63673715E-02  1.01129721E-01
 -2.95160000E-01  5.00000000E-01  1.19494869E+00 -1.85997285E-01  6.56642649E-01  0.00000000E+00  6.63253686E-02  1.01251967E-01
 -2.93280000E-01  5.00000000E-01  1.19588410E+00 -1.84663192E-01  6.55463120E-01  0.00000000E+00  6.62829972E-02  1.01374102E-01
 -2.91400000E-01  5.00000000E-01  1.19681212E+00 -1.83331855E-01  6.54290522E-01  0.00000000E+00  6.62402620E-02  1.01496125E-01
 -2.89520000E-01  5.00000000E-01  1.19773278E+00 -1.82003265E-01  6.53124870E-01  0.00000000E+00  6.61971675E-02  1.01618037E-01
 -2.87640000E-01  5.00000000E-01  1.19864608E+00 -1.80677414E-01  6.51966180E-01  0.00000000E+00  6.61537184E-02  1.01739838E-01
 -2.85760000E-01  5.00000000E-01  1.19955205E+00 -1.79354292E-01  6.50814469E-01  0.00000000E+00  6.61099192E-02  1.01861527E-01
 -2.83880000E-01  5.00000000E-01  1.20045072E+00 -1.78033890E-01  6.49669751E-01  0.00000000E+00  6.60657744E-02  1.01983106E-01
 -2.82000000E-01  5.00000000E-01  1.20134209E+00 -1.76716196E-01  6.48532041E-01  0.00000000E+00  6.60212886E-02  1.02104574E-01
 -2.80120000E-01  5.00000000E-01  1.20222619E+00 -1.75401203E-01  6.47401354E-01  0.00000000E+00  6.59764661E-02  1.02225932E-01
 -2.78240000E-01  5.00000000E-01  1.20310305E+00 -1.74088899E-01  6.46277705E-01  0.00000000E+00  6.59313114E-02  1.02347179E-01
 -2.76360000E-01  5.00000000E-01  1.20397267E+00 -1.72779275E-01  6.45161108E-01  0.00000000E+00  6.58858286E-02  1.02468316E-01
 -2.74480000E-01  5.00000000E-01  1.20483508E+00 -1.71472320E-01  6.44051576E-01  0.00000000E+00  6.58400222E-02  1.02589343E-01
 -2.72600000E-01  5.00000000E-01  1.20569030E+00 -1.70168023E-01  6.42949125E-01  0.00000000E+00  6.57938965E-02  1.02710260E-01
 -2.70720000E-01  5.00000000E-01  1.20653835E+00 -1.68866374E-01  6.41853766E-01  0.00000000E+00  6.57474555E-02  1.02831067E-01
 -2.68840000E-01  5.00000000E-01  1.20737924E+00 -1.67567363E-01  6.40765514E-01  0.00000000E+00  6.57007034E-02  1.02951765E-01
 -2.66960000E-01  5.00000000E-01  1.20821300E+00 -1.66270978E-01  6.39684382E-01  0.00000000E+00  6.56536445E-02  1.03072353E-01
 -2.65080000E-01  5.00000000E-01  1.20903964E+00 -1.64977208E-01  6.38610381E-01  0.00000000E+00  6.56062827E-02  1.03192832E-01
 -2.63200000E-01  5.00000000E-01  1.20985919E+00 -1.63686043E-01  6.37543526E-01  0.00000000E+00  6.55586221E-02  1.03313201E-01
 -2.61320000E-01  5.00000000E-01  1.21067166E+00 -1.62397470E-01  6.36483828E-01  0.00000000E+00  6.55106667E-02  1.03433461E-01
 -2.59440000E-01  5.00000000E-01  1.21147707E+00 -1.61111479E-01  6.35431299E-01  0.00000000E+00  6.54624205E-02  1.03553613E-01
 -2.57560000E-01  5.00000000E-01  1.21227544E+00 -1.59828058E-01  6.34385952E-01  0.00000000E+00  6.54138873E-02  1.03673655E-01
 -2.55680000E-01  5.00000000E-01  1.21306679E+00 -1.58547195E-01  6.33347798E-01  0.00000000E+00  6.53650711E-02  1.03793589E-01
 -2.53800000E-01  5.00000000E-01  1.21385114E+00 -1.57268879E-01  6.32316848E-01  0.00000000E+00  6.53159757E-02  1.03913414E-01
 -2.51920000E-01  5.00000000E-01  1.21462850E+00 -1.55993097E-01  6.31293114E-01  0.00000000E+00  6.52666049E-02  1.04033131E-01
 -2.50040000E-01  5.00000000E-01  1.21539889E+00 -1.54719837E-01  6.30276606E-01  0.00000000E+00  6.52169624E-02  1.04152739E-01
 -2.48160000E-01  5.00000000E-01  1.21616234E+00 -1.53449088E-01  6.29267336E-01  0.00000000E+00  6.51670520E-02  1.04272239E-01
 -2.46280000E-01  5.00000000E-01  1.21691885E+00 -1.52180837E-01  6.28265314E-01  0.00000000E+00  6.51168774E-02  1.04391631E-01
 -2.44400000E-01  5.00000000E-01  1.21766845E+00 -1.50915071E-01  6.27270550E-01  0.00000000E+00  6.50664421E-02  1.04510914E-01
 -2.42520000E-01  5.00000000E-01  1.21841116E+00 -1.49651778E-01  6.26283055E-01  0.00000000E+00  6.50157498E-02  1.04630090E-01
 -2.40640000E-01  5.00000000E-01  1.21914699E+00 -1.48390945E-01  6.25302839E-01  0.00000000E+00  6.49648041E-02  1.04749157E-01
 -2.38760000E-01  5.00000000E-01  1.21987596E+00 -1.47132560E-01  6.24329911E-01  0.00000000E+00  6.49136085E-02  1.04868117E-01
 -2.36880000E-01  5.00000000E-01  1.22059808E+00 -1.45876610E-01  6.23364282E-01  0.00000000E+00  6.48621664E-02  1.04986969E-01
 -2.35000000E-01  5.00000000E-01  1.22131338E+00 -1.44623081E-01  6.22405959E-01  0.00000000E+00  6.48104814E-02  1.05105713E-01
 -2.33120000E-01  5.00000000E-01  1.22202188E+00 -1.43371961E-01  6.21454954E-01  0.00000000E+00  6.47585568E-02  1.05224350E-01
 -2.31240000E-01  5.00000000E-01  1.22272358E+00 -1.42123236E-01  6.20511274E-01  0.00000000E+00  6.47063960E-02  1.05342879E-01
 -2.29360000E-01  5.00000000E-01  1.22341851E+00 -1.40876893E-01  6.19574928E-01  0.00000000E+00  6.46540024E-02  1.05461300E-01
 -2.27480000E-01  5.00000000E-01  1.22410668E+00 -1.39632918E-01  6.18645925E-01  0.00000000E+00  6.46013793E-02  1.05579614E-01
 -2.25600000E-01  5.00000000E-01  1.22478811E+00 -1.38391299E-01  6.17724274E-01  0.00000000E+00  6.45485299E-02  1.05697821E-01
 -2.23720000E-01  5.00000000E-01  1.22546282E+00 -1.37152020E-01  6.16809983E-01  0.00000000E+00  6.44954575E-02  1.05815921E-01
 -2.21840000E-01  5.00000000E-01  1.22613082E+00 -1.35915070E-01  6.15903060E-01  0.00000000E+00  6.44421653E-02  1.05933913E-01
 -2.19960000E-01  5.00000000E-01  1.22679213E+00 -1.34680433E-01  6.15003512E-01  0.00000000E+00  6.43886564E-02  1.06051798E-01
 -2.18080000E-01  5.00000000E-01  1.22744677E+00 -1.33448095E-01  6.14111348E-01  0.00000000E+00  6.43349341E-02  1.06169577E-01
 -2.16200000E-01  5.00000000E-01  1.22809474E+00 -1.32218044E-01  6.13226575E-01  0.00000000E+00  6.42810012E-02  1.06287248E-01
 -2.14320000E-01  5.00000000E-01  1.22873608E+00 -1.30990264E-01  6.12349200E-01  0.00000000E+00  6.42268611E-02  1.06404812E-01
 -2.12440000E-01  5.00000000E-01  1.22937079E+00 -1.29764741E-01  6.11479231E-01  0.00000000E+00  6.41725166E-02  1.06522269E-01
 -2.10560000E-01  5.00000000E-01  1.22999890E+00 -1.28541461E-01  6.10616675E-01  0.00000000E+00  6.41179707E-02  1.06639619E-01
 -2.08680000E-01  5.00000000E-01  1.23062041E+00 -1.27320409E-01  6.09761538E-01  0.00000000E+00  6.40632265E-02  1.06756863E-01
 -2.06800000E-01  5.00000000E-01  1.23123534E+00 -1.26101571E-01  6.08913828E-01  0.00000000E+00  6.40082869E-02  1.06873999E-01
 -2.04920000E-01  5.00000000E-01  1.23184371E+00 -1.24884932E-01  6.08073551E-01  0.00000000E+00  6.39531547E-02  1.06991029E-01
 -2.03040000E-01  5.00000000E-01  1.23244553E+00 -1.23670478E-01  6.07240713E-01  0.00000000E+00  6.38978328E-02  1.07107952E-01
 -2.01160000E-01  5.00000000E-01  1.23304082E+00 -1.22458193E-01  6.06415321E-01  0.00000000E+00  6.38423240E-02  1.07224769E-01
 -1.99280000E-01  5.00000000E-01  1.23362959E+00 -1.21248063E-01  6.05597380E-01  0.00000000E+00  6.37866313E-02  1.07341478E-01
 -1.97400000E-01  5.00000000E-01  1.23421187E+00 -1.20040073E-01  6.04786897E-01  0.00000000E+00  6.37307572E-02  1.07458082E-01
 -1.95520000E-01  5.00000000E-01  1.23478766E+00 -1.18834207E-01  6.03983877E-01  0.00000000E+00  6.36747046E-02  1.07574578E-01
 -1.93640000E-01  5.00000000E-01  1.23535697E+00 -1.17630451E-01  6.03188327E-01  0.00000000E+00  6.36184761E-02  1.07690968E-01
 -1.91760000E-01  5.00000000E-01  1.23591983E+00 -1.16428789E-01  6.02400251E-01  0.00000000E+00  6.35620745E-02  1.07807251E-01
 -1.89880000E-01  5.00000000E-01  1.23647625E+00 -1.15229205E-01  6.01619656E-01  0.00000000E+00  6.35055023E-02  1.07923428E-01
 -1.88000000E-01  5.00000000E-01  1.23702624E+00 -1.14031685E-01  6.00846545E-01  0.00000000E+00  6.34487623E-02  1.08039499E-01
 -1.86120000E-01  5.00000000E-01  1.23756982E+00 -1.12836213E-01  6.00080925E-01  0.00000000E+00  6.33918569E-02  1.08155462E-01
 -1.84240000E-01  5.00000000E-01  1.23810701E+00 -1.11642773E-01  5.99322800E-01  0.00000000E+00  6.33347888E-02  1.08271320E-01
 -1.82360000E-01  5.00000000E-01  1.23863781E+00 -1.10451349E-01  5.98572175E-01  0.00000000E+00  6.32775604E-02  1.08387071E-01
 -1.80480000E-01  5.00000000E-01  1.23916223E+00 -1.09261927E-01  5.97829055E-01  0.00000000E+00  6.32201742E-02  1.08502715E-01
 -1.78600000E-01  5.00000000E-01  1.23968031E+00 -1.08074489E-01  5.97093444E-01  0.00000000E+00  6.31626328E-02  1.08618253E-01
 -1.76720000E-01  5.00000000E-01  1.24019204E+00 -1.06889020E-01  5.96365347E-01  0.00000000E+00  6.31049385E-02  1.08733684E-01
 -1.74840000E-01  5.00000000E-01  1.24069745E+00 -1.05705503E-01  5.95644769E-01  0.00000000E+00  6.30470938E-02  1.08849009E-01
 -1.72960000E-01  5.00000000E-01  1.24119654E+00 -1.04523924E-01  5.94931712E-01  0.00000000E+00  6.29891010E-02  1.08964228E-01
 -1.71080000E-01  5.00000000E-01  1.24168933E+00 -1.03344266E-01  5.94226182E-01  0.00000000E+00  6.29309625E-02  1.09079340E-01
 -1.69200000E-01  5.00000000E-01  1.24217583E+00 -1.02166512E-01  5.93528182E-01  0.00000000E+00  6.28726806E-02  1.09194345E-01
 -1.67320000E-01  5.00000000E-01  1.24265606E+00 -1.00990646E-01  5.92837716E-01  0.00000000E+00  6.28142576E-02  1.09309244E-01
 -1.65440000E-01  5.00000000E-01  1.24313003E+00 -9.98166525E-02  5.92154787E-01  0.00000000E+00  6.27556958E-02  1.09424037E-01
 -1.63560000E-01  5.00000000E-01  1.24359775E+00 -9.86445140E-02  5.91479400E-01  0.00000000E+00  6.26969974E-02  1.09538723E-01
 -1.61680000E-01  5.00000000E-01  1.24405924E+00 -9.74742144E-02  5.90811558E-01  0.00000000E+00  6.26381647E-02  1.09653302E-01
 -1.59800000E-01  5.00000000E-01  1.24451451E+00 -9.63057372E-02  5.90151264E-01  0.00000000E+00  6.25791998E-02  1.09767775E-01
 -1.57920000E-01  5.00000000E-01  1.24496357E+00 -9.51390656E-02  5.89498521E-01  0.00000000E+00  6.25201048E-02  1.09882142E-01
 -1.56040000E-01  5.00000000E-01  1.24540643E+00 -9.39741829E-02  5.88853333E-01  0.00000000E+00  6.24608820E-02  1.09996402E-01
 -1.54160000E-01  5.00000000E-01  1.24584311E+00 -9.28110724E-02  5.88215702E-01  0.00000000E+00  6.24015335E-02  1.10110555E-01
 -1.52280000E-01  5.00000000E-01  1.24627362E+00 -9.16497172E-02  5.87585631E-01  0.00000000E+00  6.23420612E-02  1.10224601E-01
 -1.50400000E-01  5.00000000E-01  1.24669797E+00 -9.04901004E-02  5.86963124E-01  0.00000000E+00  6.22824673E-02  1.10338541E-01
 -1.48520000E-01  5.00000000E-01  1.24711618E+00 -8.93322050E-02  5.86348183E-01  0.00000000E+00  6.22227539E-02  1.10452375E-01
 -1.46640000E-01  5.00000000E-01  1.24752825E+00 -8.81760140E-02  5.85740810E-01  0.00000000E+00  6.21629228E-02  1.10566101E-01
 -1.44760000E-01  5.00000000E-01  1.24793420E+00 -8.70215102E-02  5.85141009E-01  0.00000000E+00  6.21029762E-02  1.10679721E-01
 -1.42880000E-01  5.00000000E-01  1.24833404E+00 -8.58686766E-02  5.84548780E-01  0.00000000E+00  6.20429159E-02  1.10793234E-01
 -1.41000000E-01  5.00000000E-01  1.24872778E+00 -8.47174958E-02  5.83964128E-01  0.00000000E+00  6.19827439E-02  1.10906640E-01
 -1.39120000E-01  5.00000000E-01  1.24911543E+00 -8.35679506E-02  5.83387053E-01  0.00000000E+00  6.19224621E-02  1.11019939E-01
 -1.37240000E-01  5.00000000E-01  1.24949701E+00 -8.24200236E-02  5.82817559E-01  0.00000000E+00  6.18620725E-02  1.11133131E-01
 -1.35360000E-01  5.00000000E-01  1.24987253E+00 -8.12736975E-02  5.82255647E-01  0.00000000E+00  6.18015768E-02  1.11246216E-01
 -1.33480000E-01  5.00000000E-01  1.25024199E+00 -8.01289548E-02  5.81701319E-01  0.00000000E+00  6.17409768E-02  1.11359194E-01
 -1.31600000E-01  5.00000000E-01  1.25060541E+00 -7.89857779E-02  5.81154577E-01  0.00000000E+00  6.16802746E-02  1.11472065E-01
 -1.29720000E-01  5.00000000E-01  1.25096281E+00 -7.78441493E-02  5.80615422E-01  0.00000000E+00  6.16194717E-02  1.11584829E-01
 -1.27840000E-01  5.00000000E-01  1.25131418E+00 -7.67040514E-02  5.80083857E-01  0.00000000E+00  6.15585700E-02  1.11697486E-01
 -1.25960000E-01  5.00000000E-01  1.25165954E+00 -7.55654665E-02  5.79559883E-01  0.00000000E+00  6.14975713E-02  1.11810035E-01
 -1.24080000E-01  5.00000000E-01  1.25199891E+00 -7.44283768E-02  5.79043502E-01  0.00000000E+00  6.14364772E-02  1.11922477E-01
 -1.22200000E-01  5.00000000E-01  1.25233229E+00 -7.32927645E-02  5.78534714E-01  0.00000000E+00  6.13752895E-02  1.12034812E-01
 -1.20320000E-01  5.00000000E-01  1.25265969E+00 -7.21586119E-02  5.78033522E-01  0.00000000E+00  6.13140098E-02  1.12147039E-01
 -1.18440000E-01  5.00000000E-01  1.25298113E+00 -7.10259009E-02  5.77539926E-01  0.00000000E+00  6.12526399E-02  1.12259158E-01
 -1.16560000E-01  5.00000000E-01  1.25329661E+00 -6.98946138E-02  5.77053929E-01  0.00000000E+00  6.11911813E-02  1.12371170E-01
 -1.14680000E-01  5.00000000E-01  1.25360614E+00 -6.87647324E-02  5.76575530E-01  0.00000000E+00  6.11296357E-02  1.12483074E-01
 -1.12800000E-01  5.00000000E-01  1.25390974E+00 -6.76362388E-02  5.76104731E-01  0.00000000E+00  6.10680047E-02  1.12594870E-01
 -1.10920000E-01  5.00000000E-01  1.25420741E+00 -6.65091148E-02  5.75641533E-01  0.00000000E+00  6.10062898E-02  1.12706559E-01
 -1.09040000E-01  5.00000000E-01  1.25449917E+00 -6.53833423E-02  5.75185937E-01  0.00000000E+00  6.09444927E-02  1.12818139E-01
 -1.07160000E-01  5.00000000E-01  1.25478502E+00 -6.42589031E-02  5.74737944E-01  0.00000000E+00  6.08826148E-02  1.12929612E-01
 -1.05280000E-01  5.00000000E-01  1.25506497E+00 -6.31357790E-02  5.74297554E-01  0.00000000E+00  6.08206576E-02  1.13040976E-01
 -1.03400000E-01  5.00000000E-01  1.25533904E+00 -6.20139517E-02  5.73864768E-01  0.00000000E+00  6.07586228E-02  1.13152232E-01
 -1.01520000E-01  5.00000000E-01  1.25560722E+00 -6.08934030E-02  5.73439588E-01  0.00000000E+00  6.06965116E-02  1.13263379E-01
 -9.96400000E-02  5.00000000E-01  1.25586954E+00 -5.97741143E-02  5.73022012E-01  0.00000000E+00  6.06343257E-02  1.13374418E-01
 -9.77600000E-02  5.00000000E-01  1.25612600E+00 -5.86560673E-02  5.72612042E-01  0.00000000E+00  6.05720664E-02  1.13485348E-01
 -9.58800000E-02  5.00000000E-01  1.25637661E+00 -5.75392436E-02  5.72209679E-01  0.00000000E+00  6.05097352E-02  1.13596170E-01
 -9.40000000E-02  5.00000000E-01  1.25662137E+00 -5.64236246E-02  5.71814922E-01  0.00000000E+00  6.04473334E-02  1.13706883E-01
 -9.21200000E-02  5.00000000E-01  1.25686031E+00 -5.53091918E-02  5.71427773E-01  0.00000000E+00  6.03848625E-02  1.13817487E-01
 -9.02400000E-02  5.00000000E-01  1.25709341E+00 -5.41959267E-02  5.71048230E-01  0.00000000E+00  6.03223238E-02  1.13927982E-01
 -8.83600000E-02  5.00000000E-01  1.25732071E+00 -5.30838106E-02  5.70676295E-01  0.00000000E+00  6.02597187E-02  1.14038368E-01
 -8.64800000E-02  5.00000000E-01  1.25754219E+00 -5.19728248E-02  5.70311967E-01  0.00000000E+00  6.01970484E-02  1.14148644E-01
 -8.46000000E-02  5.00000000E-01  1.25775787E+00 -5.08629507E-02  5.69955247E-01  0.00000000E+00  6.01343143E-02  1.14258811E-01
 -8.27200000E-02  5.00000000E-01  1.25796777E+00 -4.97541694E-02  5.69606135E-01  0.00000000E+00  6.00715177E-02  1.14368868E-01
 -8.08400000E-02  5.00000000E-01  1.25817187E+00 -4.86464623E-02  5.69264631E-01  0.00000000E+00  6.00086599E-02  1.14478816E-01
 -7.89600000E-02  5.00000000E-01  1.25837021E+00 -4.75398105E-02  5.68930733E-01  0.00000000E+00  5.99457421E-02  1.14588654E-01
 -7.70800000E-02  5.00000000E-01  1.25856277E+00 -4.64341952E-02  5.68604444E-01  0.00000000E+00  5.98827655E-02  1.14698382E-01
 -7.52000000E-02  5.00000000E-01  1.25874958E+00 -4.53295974E-02  5.68285761E-01  0.00000000E+00  5.98197314E-02  1.14807999E-01
 -7.33200000E-02  5.00000000E-01  1.25893063E+00 -4.42259983E-02  5.67974685E-01  0.00000000E+00  5.97566410E-02  1.14917506E-01
 -7.14400000E-02  5.00000000E-01  1.25910594E+00 -4.31233788E-02  5.67671216E-01  0.00000000E+00  5.96934955E-02  1.15026903E-01
 -6.95600000E-02  5.00000000E-01  1.25927551E+00 -4.20217201E-02  5.67375354E-01  0.00000000E+00  5.96302961E-02  1.15136189E-01
 -6.76800000E-02  5.00000000E-01  1.25943935E+00 -4.09210030E-02  5.67087097E-01  0.00000000E+00  5.95670438E-02  1.15245365E-01
 -6.58000000E-02  5.00000000E-01  1.25959747E+00 -3.98212084E-02  5.66806445E-01  0.00000000E+00  5.95037399E-02  1.15354429E-01
 -6.39200000E-02  5.00000000E-01  1.25974987E+00 -3.87223174E-02  5.66533399E-01  0.00000000E+00  5.94403855E-02  1.15463383E-01
 -6.20400000E-02  5.00000000E-01  1.25989656E+00 -3.76243107E-02  5.66267957E-01  0.00000000E+00  5.93769817E-02  1.15572224E-01
 -6.01600000E-02  5.00000000E-01  1.26003755E+00 -3.65271693E-02  5.66010119E-01  0.00000000E+00  5.93135296E-02  1.15680955E-01
 -5.82800000E-02  5.00000000E-01  1.26017284E+00 -3.54308738E-02  5.65759884E-01  0.00000000E+00  5.92500302E-02  1.15789574E-01
 -5.64000000E-02  5.00000000E-01  1.26030245E+00 -3.43354052E-02  5.65517251E-01  0.00000000E+00  5.91864846E-02  1.15898080E-01
 -5.45200000E-02  5.00000000E-01  1.26042637E+00 -3.32407440E-02  5.65282221E-01  0.00000000E+00  5.91228940E-02  1.16006475E-01
 -5.26400000E-02  5.00000000E-01  1.26054461E+00 -3.21468711E-02  5.65054791E-01  0.00000000E+00  5.90592592E-02  1.16114758E-01
 -5.07600000E-02  5.00000000E-01  1.26065718E+00 -3.10537672E-02  5.64834962E-01  0.00000000E+00  5.89955814E-02  1.16222928E-01
 -4.88800000E-02  5.00000000E-01  1.26076409E+00 -2.99614128E-02  5.64622732E-01  0.00000000E+00  5.89318615E-02  1.16330985E-01
 -4.70000000E-02  5.00000000E-01  1.26086534E+00 -2.88697886E-02  5.64418101E-01  0.00000000E+00  5.88681005E-02  1.16438929E-01
 -4.51200000E-02  5.00000000E-01  1.26096093E+00 -2.77788752E-02  5.64221067E-01  0.00000000E+00  5.88042995E-02  1.16546760E-01
 -4.32400000E-02  5.00000000E-01  1.26105088E+00 -2.66886532E-02  5.64031630E-01  0.00000000E+00  5.87404593E-02  1.16654478E-01
 -4.13600000E-02  5.00000000E-01  1.26113519E+00 -2.55991032E-02  5.63849788E-01  0.00000000E+00  5.86765810E-02  1.16762082E-01
 -3.94800000E-02  5.00000000E-01  1.26121386E+00 -2.45102056E-02  5.63675542E-01  0.00000000E+00  5.86126654E-02  1.16869573E-01
 -3.76000000E-02  5.00000000E-01  1.26128690E+00 -2.34219409E-02  5.63508888E-01  0.00000000E+00  5.85487134E-02  1.16976949E-01
 -3.57200000E-02  5.00000000E-01  1.26135431E+00 -2.23342897E-02  5.63349828E-01  0.00000000E+00  5.84847261E-02  1.17084211E-01
 -3.38400000E-02  5.00000000E-01  1.26141610E+00 -2.12472323E-02  5.63198358E-01  0.00000000E+00  5.84207043E-02  1.17191358E-01
 -3.19600000E-02  5.00000000E-01  1.26147228E+00 -2.01607491E-02  5.63054479E-01  0.00000000E+00  5.83566488E-02  1.17298391E-01
 -3.00800000E-02  5.00000000E-01  1.26152285E+00 -1.90748206E-02  5.62918188E-01  0.00000000E+00  5.82925606E-02  1.17405308E-01
 -2.82000000E-02  5.00000000E-01  1.26156781E+00 -1.79894272E-02  5.62789485E-01  0.00000000E+00  5.82284405E-02  1.17512110E-01
 -2.63200000E-02  5.00000000E-01  1.26160717E+00 -1.69045491E-02  5.62668369E-01  0.00000000E+00  5.81642893E-02  1.17618797E-01
 -2.44400000E-02  5.00000000E-01  1.26164093E+00 -1.58201667E-02  5.62554837E-01  0.00000000E+00  5.81001079E-02  1.17725368E-01
 -2.25600000E-02  5.00000000E-01  1.26166910E+00 -1.47362603E-02  5.62448890E-01  0.00000000E+00  5.80358972E-02  1.17831822E-01
 -2.06800000E-02  5.00000000E-01  1.26169169E+00 -1.36528102E-02  5.62350524E-01  0.00000000E+00  5.79716578E-02  1.17938160E-01
 -1.88000000E-02  5.00000000E-01  1.26170869E+00 -1.25697965E-02  5.62259739E-01  0.00000000E+00  5.79073906E-02  1.18044381E-01
 -1.69200000E-02  5.00000000E-01  1.26172011E+00 -1.14871997E-02  5.62176534E-01  0.00000000E+00  5.78430965E-02  1.18150485E-01
 -1.50400000E-02  5.00000000E-01  1.26172595E+00 -1.04049998E-02  5.62100907E-01  0.00000000E+00  5.77787761E-02  1.18256472E-01
 -1.31600000E-02  5.00000000E-01  1.26172622E+00 -9.32317712E-03  5.62032856E-01  0.00000000E+00  5.77144303E-02  1.18362341E-01
 -1.12800000E-02  5.00000000E-01  1.26172093E+00 -8.24171176E-03  5.61972380E-01  0.00000000E+00  5.76500597E-02  1.18468092E-01
 -9.40000000E-03  5.00000000E-01  1.26171007E+00 -7.16058390E-03  5.61919477E-01  0.00000000E+00  5.75856652E-02  1.18573725E-01
 -7.52000000E-03  5.00000000E-01  1.26169364E+00 -6.07977367E-03  5.61874146E-01  0.00000000E+00  5.75212474E-02  1.18679239E-01
 -5.64000000E-03  5.00000000E-01  1.26167166E+00 -4.99926119E-03  5.61836385E-01  0.00000000E+00  5.74568071E-02  1.18784634E-01
 -3.76000000E-03  5.00000000E-01  1.26164413E+00 -3.91902655E-03  5.61806193E-01  0.00000000E+00  5.73923450E-02  1.18889909E-01
 -1.88000000E-03  5.00000000E-01  1.26161105E+00 -2.83904985E-03  5.61783567E-01  0.00000000E+00  5.73278618E-02  1.18995065E-01
 -2.85839061E-15  5.00000000E-01  1.26157241E+00 -1.75931114E-03  5.61768506E-01  0.00000000E+00  5.72633582E-02  1.19100101E-01
  1.88000000E-03  5.00000000E-01  1.26152823E+00 -6.79790465E-04  5.61761008E-01  0.00000000E+00  5.71988348E-02  1.19205017E-01
  3.76000000E-03  5.00000000E-01  1.26147851E+00  3.99532138E-04  5.61761072E-01  0.00000000E+00  5.71342923E-02  1.19309811E-01
  5.64000000E-03  5.00000000E-01  1.26142325E+00  1.47867666E-03  5.61768696E-01  0.00000000E+00  5.70697315E-02  1.19414485E-01
  7.52000000E-03  5.00000000E-01  1.26136245E+00  2.55766310E-03  5.61783877E-01  0.00000000E+00  5.70051528E-02  1.19519036E-01
  9.40000000E-03  5.00000000E-01  1.26129612E+00  3.63651148E-03  5.61806614E-01  0.00000000E+00  5.69405570E-02  1.19623466E-01
  1.12800000E-02  5.00000000E-01  1.26122426E+00  4.71524183E-03  5.61836905E-01  0.00000000E+00  5.68759447E-02  1.19727774E-01
  1.31600000E-02  5.00000000E-01  1.26114686E+00  5.79387419E-03  5.61874748E-01  0.00000000E+00  5.68113165E-02  1.19831959E-01
  1.50400000E-02  5.00000000E-01  1.26106394E+00  6.87242864E-03  5.61920141E-01  0.00000000E+00  5.67466731E-02  1.19936020E-01
  1.69200000E-02  5.00000000E-01  1.26097549E+00  7.95092524E-03  5.61973083E-01  0.00000000E+00  5.66820149E-02  1.20039958E-01
  1.88000000E-02  5.00000000E-01  1.26088151E+00  9.02938409E-03  5.62033570E-01  0.00000000E+00  5.66173427E-02  1.20143772E-01
  2.06800000E-02  5.00000000E-01  1.26078202E+00  1.01078253E-02  5.62101602E-01  0.00000000E+00  5.65526570E-02  1.20247462E-01
  2.25600000E-02  5.00000000E-01  1.26067700E+00  1.11862689E-02  5.62177176E-01  0.00000000E+00  5.64879584E-02  1.20351026E-01
  2.44400000E-02  5.00000000E-01  1.26056646E+00  1.22647352E-02  5.62260290E-01  0.00000000E+00  5.64232474E-02  1.20454465E-01
  2.63200000E-02  5.00000000E-01  1.26045041E+00  1.33432441E-02  5.62350942E-01  0.00000000E+00  5.63585246E-02  1.20557778E-01
  2.82000000E-02  5.00000000E-01  1.26032884E+00  1.44218159E-02  5.62449129E-01  0.00000000E+00  5.62937906E-02  1.20660965E-01
  3.00800000E-02  5.00000000E-01  1.26020176E+00  1.55004708E-02  5.62554850E-01  0.00000000E+00  5.62290458E-02  1.20764025E-01
  3.19600000E-02  5.00000000E-01  1.26006916E+00  1.65792289E-02  5.62668102E-01  0.00000000E+00  5.61642909E-02  1.20866958E-01
  3.38400000E-02  5.00000000E-01  1.25993104E+00  1.76581104E-02  5.62788883E-01  0.00000000E+00  5.60995263E-02  1.20969763E-01
  3.57200000E-02  5.00000000E-01  1.25978742E+00  1.87371354E-02  5.62917192E-01  0.00000000E+00  5.60347526E-02  1.21072440E-01
  3.76000000E-02  5.00000000E-01  1.25963828E+00  1.98163242E-02  5.63053024E-01  0.00000000E+00  5.59699703E-02  1.21174988E-01
  3.94800000E-02  5.00000000E-01  1.25948363E+00  2.08956970E-02  5.63196379E-01  0.00000000E+00  5.59051799E-02  1.21277406E-01
  4.13600000E-02  5.00000000E-01  1.25932348E+00  2.19752741E-02  5.63347254E-01  0.00000000E+00  5.58403818E-02  1.21379695E-01
  4.32400000E-02  5.00000000E-01  1.25915781E+00  2.30550756E-02  5.63505647E-01  0.00000000E+00  5.57755766E-02  1.21481853E-01
  4.51200000E-02  5.00000000E-01  1.25898663E+00  2.41351217E-02  5.63671555E-01  0.00000000E+00  5.57107647E-02  1.21583880E-01
  4.70000000E-02  5.00000000E-01  1.25880994E+00  2.52154328E-02  5.63844975E-01  0.00000000E+00  5.56459467E-02  1.21685776E-01
  4.88800000E-02  5.00000000E-01  1.25862775E+00  2.62960290E-02  5.64025906E-01  0.00000000E+00  5.55811229E-02  1.21787539E-01
  5.07600000E-02  5.00000000E-01  1.25844004E+00  2.73769307E-02  5.64214344E-01  0.00000000E+00  5.55162939E-02  1.21889170E-01
  5.26400000E-02  5.00000000E-01  1.25824683E+00  2.84581581E-02  5.64410288E-01  0.00000000E+00  5.54514600E-02  1.21990668E-01
  5.45200000E-02  5.00000000E-01  1.25804810E+00  2.95397314E-02  5.64613735E-01  0.00000000E+00  5.53866218E-02  1.22092032E-01
  5.64000000E-02  5.00000000E-01  1.25784386E+00  3.06216710E-02  5.64824682E-01  0.00000000E+00  5.53217797E-02  1.22193261E-01
  5.82800000E-02  5.00000000E-01  1.25763412E+00  3.17039971E-02  5.65043126E-01  0.00000000E+00  5.52569341E-02  1.22294355E-01
  6.01600000E-02  5.00000000E-01  1.25741886E+00  3.27867300E-02  5.65269066E-01  0.00000000E+00  5.51920854E-02  1.22395313E-01
  6.20400000E-02  5.00000000E-01  1.25719809E+00  3.38698900E-02  5.65502497E-01  0.00000000E+00  5.51272341E-02  1.22496135E-01
  6.39200000E-02  5.00000000E-01  1.25697181E+00  3.49534974E-02  5.65743419E-01  0.00000000E+00  5.50623806E-02  1.22596820E-01
  6.58000000E-02  5.00000000E-01  1.25674001E+00  3.60375725E-02  5.65991827E-01  0.00000000E+00  5.49975252E-02  1.22697367E-01
  6.76800000E-02  5.00000000E-01  1.25650270E+00  3.71221356E-02  5.66247720E-01  0.00000000E+00  5.49326685E-02  1.22797776E-01
  6.95600000E-02  5.00000000E-01  1.25625987E+00  3.82072070E-02  5.66511094E-01  0.00000000E+00  5.48678107E-02  1.22898046E-01
  7.14400000E-02  5.00000000E-01  1.25601153E+00  3.92928070E-02  5.66781946E-01  0.00000000E+00  5.48029523E-02  1.22998176E-01
  7.33200000E-02  5.00000000E-01  1.25575766E+00  4.03789559E-02  5.67060275E-01  0.00000000E+00  5.47380936E-02  1.23098165E-01
  7.52000000E-02  5.00000000E-01  1.25549828E+00  4.14656741E-02  5.67346076E-01  0.00000000E+00  5.46732351E-02  1.23198013E-01
  7.70800000E-02  5.00000000E-01  1.25523338E+00  4.25529818E-02  5.67639347E-01  0.00000000E+00  5.46083771E-02  1.23297720E-01
  7.89600000E-02  5.00000000E-01  1.25496295E+00  4.36408993E-02  5.67940086E-01  0.00000000E+00  5.45435200E-02  1.23397283E-01
  8.08400000E-02  5.00000000E-01  1.25468699E+00  4.47294470E-02  5.68248288E-01  0.00000000E+00  5.44786641E-02  1.23496704E-01
  8.27200000E-02  5.00000000E-01  1.25440551E+00  4.58186452E-02  5.68563951E-01  0.00000000E+00  5.44138099E-02  1.23595980E-01
  8.46000000E-02  5.00000000E-01  1.25411850E+00  4.69085143E-02  5.68887073E-01  0.00000000E+00  5.43489576E-02  1.23695111E-01
  8.64800000E-02  5.00000000E-01  1.25382595E+00  4.79990744E-02  5.69217649E-01  0.00000000E+00  5.42841076E-02  1.23794096E-01
  8.83600000E-02  5.00000000E-01  1.25352788E+00  4.90903459E-02  5.69555678E-01  0.00000000E+00  5.42192603E-02  1.23892935E-01
  9.02400000E-02  5.00000000E-01  1.25322426E+00  5.01823492E-02  5.69901155E-01  0.00000000E+00  5.41544160E-02  1.23991626E-01
  9.21200000E-02  5.00000000E-01  1.25291511E+00  5.12751045E-02  5.70254077E-01  0.00000000E+00  5.40895750E-02  1.24090169E-01
  9.40000000E-02  5.00000000E-01  1.25260042E+00  5.23686322E-02  5.70614442E-01  0.00000000E+00  5.40247377E-02  1.24188563E-01
  9.58800000E-02  5.00000000E-01  1.25228018E+00  5.34629525E-02  5.70982246E-01  0.00000000E+00  5.39599043E-02  1.24286807E-01
  9.77600000E-02  5.00000000E-01  1.25195440E+00  5.45580858E-02  5.71357485E-01  0.00000000E+00  5.38950753E-02  1.24384900E-01
  9.96400000E-02  5.00000000E-01  1.25162306E+00  5.56540524E-02  5.71740157E-01  0.00000000E+00  5.38302510E-02  1.24482842E-01
  1.01520000E-01  5.00000000E-01  1.25128618E+00  5.67508724E-02  5.72130259E-01  0.00000000E+00  5.37654316E-02  1.24580631E-01
  1.03400000E-01  5.00000000E-01  1.25094373E+00  5.78485664E-02  5.72527785E-01  0.00000000E+00  5.37006174E-02  1.24678266E-01
  1.05280000E-01  5.00000000E-01  1.25059573E+00  5.89471544E-02  5.72932734E-01  0.00000000E+00  5.36358088E-02  1.24775747E-01
  1.07160000E-01  5.00000000E-01  1.25024216E+00  6.00466568E-02  5.73345102E-01  0.00000000E+00  5.35710061E-02  1.24873073E-01
  1.09040000E-01  5.00000000E-01  1.24988303E+00  6.11470939E-02  5.73764885E-01  0.00000000E+00  5.35062096E-02  1.24970242E-01
  1.10920000E-01  5.00000000E-01  1.24951833E+00  6.22484859E-02  5.74192079E-01  0.00000000E+00  5.34414196E-02  1.25067255E-01
  1.12800000E-01  5.00000000E-01  1.24914805E+00  6.33508530E-02  5.74626681E-01  0.00000000E+00  5.33766363E-02  1.25164108E-01
  1.14680000E-01  5.00000000E-01  1.24877220E+00  6.44542157E-02  5.75068688E-01  0.00000000E+00  5.33118601E-02  1.25260803E-01
  1.16560000E-01  5.00000000E-01  1.24839077E+00  6.55585939E-02  5.75518095E-01  0.00000000E+00  5.32470912E-02  1.25357337E-01
  1.18440000E-01  5.00000000E-01  1.24800374E+00  6.66640081E-02  5.75974900E-01  0.00000000E+00  5.31823299E-02  1.25453710E-01
  1.20320000E-01  5.00000000E-01  1.24761113E+00  6.77704784E-02  5.76439097E-01  0.00000000E+00  5.31175765E-02  1.25549921E-01
  1.22200000E-01  5.00000000E-01  1.24721293E+00  6.88780251E-02  5.76910683E-01  0.00000000E+00  5.30528314E-02  1.25645968E-01
  1.24080000E-01  5.00000000E-01  1.24680913E+00  6.99866683E-02  5.77389655E-01  0.00000000E+00  5.29880946E-02  1.25741851E-01
  1.25960000E-01  5.00000000E-01  1.24639972E+00  7.10964283E-02  5.77876008E-01  0.00000000E+00  5.29233666E-02  1.25837568E-01
  1.27840000E-01  5.00000000E-01  1.24598471E+00  7.22073252E-02  5.78369739E-01  0.00000000E+00  5.28586476E-02  1.25933119E-01
  1.29720000E-01  5.00000000E-01  1.24556408E+00  7.33193792E-02  5.78870843E-01  0.00000000E+00  5.27939379E-02  1.26028501E-01
  1.31600000E-01  5.00000000E-01  1.24513784E+00  7.44326104E-02  5.79379316E-01  0.00000000E+00  5.27292376E-02  1.26123715E-01
  1.33480000E-01  5.00000000E-01  1.24470598E+00  7.55470391E-02  5.79895155E-01  0.00000000E+00  5.26645472E-02  1.26218759E-01
  1.35360000E-01  5.00000000E-01  1.24426849E+00  7.66626853E-02  5.80418354E-01  0.00000000E+00  5.25998668E-02  1.26313631E-01
  1.37240000E-01  5.00000000E-01  1.24382536E+00  7.77795691E-02  5.80948911E-01  0.00000000E+00  5.25351967E-02  1.26408331E-01
  1.39120000E-01  5.00000000E-01  1.24337660E+00  7.88977107E-02  5.81486819E-01  0.00000000E+00  5.24705371E-02  1.26502857E-01
  1.41000000E-01  5.00000000E-01  1.24292220E+00  8.00171302E-02  5.82032076E-01  0.00000000E+00  5.24058883E-02  1.26597209E-01
  1.42880000E-01  5.00000000E-01  1.24246215E+00  8.11378477E-02  5.82584677E-01  0.00000000E+00  5.23412506E-02  1.26691384E-01
  1.44760000E-01  5.00000000E-01  1.24199644E+00  8.22598831E-02  5.83144617E-01  0.00000000E+00  5.22766242E-02  1.26785382E-01
  1.46640000E-01  5.00000000E-01  1.24152508E+00  8.33832566E-02  5.83711891E-01  0.00000000E+00  5.22120093E-02  1.26879201E-01
  1.48520000E-01  5.00000000E-01  1.24104804E+00  8.45079881E-02  5.84286496E-01  0.00000000E+00  5.21474063E-02  1.26972840E-01
  1.50400000E-01  5.00000000E-01  1.24056534E+00  8.56340977E-02  5.84868426E-01  0.00000000E+00  5.20828152E-02  1.27066298E-01
  1.52280000E-01  5.00000000E-01  1.24007696E+00  8.67616054E-02  5.85457677E-01  0.00000000E+00  5.20182364E-02  1.27159573E-01
  1.54160000E-01  5.00000000E-01  1.23958290E+00  8.78905311E-02  5.86054244E-01  0.00000000E+00  5.19536701E-02  1.27252664E-01
  1.56040000E-01  5.00000000E-01  1.23908314E+00  8.90208949E-02  5.86658123E-01  0.00000000E+00  5.18891165E-02  1.27345570E-01
  1.57920000E-01  5.00000000E-01  1.23857769E+00  9.01527165E-02  5.87269308E-01  0.00000000E+00  5.18245759E-02  1.27438289E-01
  1.59800000E-01  5.00000000E-01  1.23806654E+00  9.12860160E-02  5.87887794E-01  0.00000000E+00  5.17600486E-02  1.27530820E-01
  1.61680000E-01  5.00000000E-01  1.23754968E+00  9.24208132E-02  5.88513577E-01  0.00000000E+00  5.16955346E-02  1.27623161E-01
  1.63560000E-01  5.00000000E-01  1.23702710E+00  9.35571280E-02  5.89146651E-01  0.00000000E+00  5.16310343E-02  1.27715312E-01
  1.65440000E-01  5.00000000E-01  1.23649880E+00  9.46949803E-02  5.89787012E-01  0.00000000E+00  5.15665479E-02  1.27807269E-01
  1.67320000E-01  5.00000000E-01  1.23596477E+00  9.58343898E-02  5.90434653E-01  0.00000000E+00  5.15020757E-02  1.27899033E-01
  1.69200000E-01  5.00000000E-01  1.23542500E+00  9.69753763E-02  5.91089571E-01  0.00000000E+00  5.14376178E-02  1.27990601E-01
  1.71080000E-01  5.00000000E-01  1.23487949E+00  9.81179597E-02  5.91751758E-01  0.00000000E+00  5.13731744E-02  1.28081973E-01
  1.72960000E-01  5.00000000E-01  1.23432823E+00  9.92621597E-02  5.92421211E-01  0.00000000E+00  5.13087459E-02  1.28173145E-01
  1.74840000E-01  5.00000000E-01  1.23377121E+00  1.00407996E-01  5.93097924E-01  0.00000000E+00  5.12443324E-02  1.28264117E-01
  1.76720000E-01  5.00000000E-01  1.23320842E+00  1.01555488E-01  5.93781890E-01  0.00000000E+00  5.11799341E-02  1.28354888E-01
  1.78600000E-01  5.00000000E-01  1.23263986E+00  1.02704656E-01  5.94473105E-01  0.00000000E+00  5.11155513E-02  1.28445455E-01
  1.80480000E-01  5.00000000E-01  1.23206552E+00  1.03855520E-01  5.95171563E-01  0.00000000E+00  5.10511842E-02  1.28535817E-01
  1.82360000E-01  5.00000000E-01  1.23148539E+00  1.05008098E-01  5.95877257E-01  0.00000000E+00  5.09868331E-02  1.28625973E-01
  1.84240000E-01  5.00000000E-01  1.23089946E+00  1.06162410E-01  5.96590183E-01  0.00000000E+00  5.09224980E-02  1.28715920E-01
  1.86120000E-01  5.00000000E-01  1.23030773E+00  1.07318477E-01  5.97310333E-01  0.00000000E+00  5.08581793E-02  1.28805657E-01
  1.88000000E-01  5.00000000E-01  1.22971019E+00  1.08476317E-01  5.98037703E-01  0.00000000E+00  5.07938771E-02  1.28895182E-01
  1.89880000E-01  5.00000000E-01  1.22910682E+00  1.09635951E-01  5.98772285E-01  0.00000000E+00  5.07295918E-02  1.28984493E-01
  1.91760000E-01  5.00000000E-01  1.22849762E+00  1.10797396E-01  5.99514075E-01  0.00000000E+00  5.06653234E-02  1.29073589E-01
  1.93640000E-01  5.00000000E-01  1.22788259E+00  1.11960674E-01  6.00263065E-01  0.00000000E+00  5.06010723E-02  1.29162468E-01
  1.95520000E-01  5.00000000E-01  1.22726171E+00  1.13125803E-01  6.01019249E-01  0.00000000E+00  5.05368386E-02  1.29251128E-01
  1.97400000E-01  5.00000000E-01  1.22663497E+00  1.14292803E-01  6.01782621E-01  0.00000000E+00  5.04726226E-02  1.29339567E-01
  1.99280000E-01  5.00000000E-01  1.22600237E+00  1.15461692E-01  6.02553174E-01  0.00000000E+00  5.04084244E-02  1.29427783E-01
  2.01160000E-01  5.00000000E-01  1.22536390E+00  1.16632491E-01  6.03330902E-01  0.00000000E+00  5.03442443E-02  1.29515775E-01
  2.03040000E-01  5.00000000E-01  1.22471954E+00  1.17805218E-01  6.04115797E-01  0.00000000E+00  5.02800826E-02  1.29603540E-01
  2.04920000E-01  5.00000000E-01  1.22406930E+00  1.18979893E-01  6.04907854E-01  0.00000000E+00  5.02159394E-02  1.29691076E-01
  2.06800000E-01  5.00000000E-01  1.22341315E+00  1.20156535E-01  6.05707065E-01  0.00000000E+00  5.01518149E-02  1.29778382E-01
  2.08680000E-01  5.00000000E-01  1.22275110E+00  1.21335162E-01  6.06513423E-01  0.00000000E+00  5.00877093E-02  1.29865456E-01
  2.10560000E-01  5.00000000E-01  1.22208312E+00  1.22515795E-01  6.07326922E-01  0.00000000E+00  5.00236230E-02  1.29952295E-01
  2.12440000E-01  5.00000000E-01  1.22140922E+00  1.23698452E-01  6.08147553E-01  0.00000000E+00  4.99595560E-02  1.30038897E-01
  2.14320000E-01  5.00000000E-01  1.22072937E+00  1.24883152E-01  6.08975310E-01  0.00000000E+00  4.98955087E-02  1.30125261E-01
  2.16200000E-01  5.00000000E-01  1.22004358E+00  1.26069913E-01  6.09810186E-01  0.00000000E+00  4.98314811E-02  1.30211384E-01
  2.18080000E-01  5.00000000E-01  1.21935184E+00  1.27258756E-01  6.10652173E-01  0.00000000E+00  4.97674737E-02  1.30297264E-01
  2.19960000E-01  5.00000000E-01  1.21865412E+00  1.28449698E-01  6.11501263E-01  0.00000000E+00  4.97034864E-02  1.30382899E-01
  2.21840000E-01  5.00000000E-01  1.21795043E+00  1.29642759E-01  6.12357449E-01  0.00000000E+00  4.96395197E-02  1.30468287E-01
  2.23720000E-01  5.00000000E-01  1.21724074E+00  1.30837957E-01  6.13220722E-01  0.00000000E+00  4.95755737E-02  1.30553426E-01
  2.25600000E-01  5.00000000E-01  1.21652506E+00  1.32035311E-01  6.14091076E-01  0.00000000E+00  4.95116486E-02  1.30638312E-01
  2.27480000E-01  5.00000000E-01  1.21580337E+00  1.33234840E-01  6.14968502E-01  0.00000000E+00  4.94477446E-02  1.30722945E-01
  2.29360000E-01  5.00000000E-01  1.21507566E+00  1.34436562E-01  6.15852991E-01  0.00000000E+00  4.93838620E-02  1.30807321E-01
  2.31240000E-01  5.00000000E-01  1.21434192E+00  1.35640495E-01  6.16744537E-01  0.00000000E+00  4.93200010E-02  1.30891439E-01
  2.33120000E-01  5.00000000E-01  1.21360214E+00  1.36846660E-01  6.17643130E-01  0.00000000E+00  4.92561618E-02  1.30975296E-01
  2.35000000E-01  5.00000000E-01  1.21285631E+00  1.38055072E-01  6.18548762E-01  0.00000000E+00  4.91923447E-02  1.31058889E-01
  2.36880000E-01  5.00000000E-01  1.21210441E+00  1.39265752E-01  6.19461425E-01  0.00000000E+00  4.91285498E-02  1.31142216E-01
  2.38760000E-01  5.00000000E-01  1.21134644E+00  1.40478717E-01  6.20381109E-01  0.00000000E+00  4.90647774E-02  1.31225276E-01
  2.40640000E-01  5.00000000E-01  1.21058239E+00  1.41693987E-01  6.21307806E-01  0.00000000E+00  4.90010276E-02  1.31308064E-01
  2.42520000E-01  5.00000000E-01  1.20981224E+00  1.42911577E-01  6.22241508E-01  0.00000000E+00  4.89373009E-02  1.31390579E-01
  2.44400000E-01  5.00000000E-01  1.20903598E+00  1.44131509E-01  6.23182205E-01  0.00000000E+00  4.88735973E-02  1.31472819E-01
  2.46280000E-01  5.00000000E-01  1.20825360E+00  1.45353798E-01  6.24129888E-01  0.00000000E+00  4.88099170E-02  1.31554780E-01
  2.48160000E-01  5.00000000E-01  1.20746509E+00  1.46578463E-01  6.25084548E-01  0.00000000E+00  4.87462604E-02  1.31636460E-01
  2.50040000E-01  5.00000000E-01  1.20667044E+00  1.47805523E-01  6.26046175E-01  0.00000000E+00  4.86826277E-02  1.31717856E-01
  2.51920000E-01  5.00000000E-01  1.20586963E+00  1.49034994E-01  6.27014760E-01  0.00000000E+00  4.86190190E-02  1.31798966E-01
  2.53800000E-01  5.00000000E-01  1.20506266E+00  1.50266896E-01  6.27990294E-01  0.00000000E+00  4.85554346E-02  1.31879787E-01
  2.55680000E-01  5.00000000E-01  1.20424951E+00  1.51501245E-01  6.28972766E-01  0.00000000E+00  4.84918748E-02  1.31960316E-01
  2.57560000E-01  5.00000000E-01  1.20343016E+00  1.52738059E-01  6.29962166E-01  0.00000000E+00  4.84283397E-02  1.32040551E-01
  2.59440000E-01  5.00000000E-01  1.20260462E+00  1.53977357E-01  6.30958486E-01  0.00000000E+00  4.83648297E-02  1.32120489E-01
  2.61320000E-01  5.00000000E-01  1.20177286E+00  1.55219154E-01  6.31961713E-01  0.00000000E+00  4.83013449E-02  1.32200126E-01
  2.63200000E-01  5.00000000E-01  1.20093486E+00  1.56463470E-01  6.32971839E-01  0.00000000E+00  4.82378856E-02  1.32279460E-01
  2.65080000E-01  5.00000000E-01  1.20009063E+00  1.57710321E-01  6.33988853E-01  0.00000000E+00  4.81744521E-02  1.32358488E-01
  2.66960000E-01  5.00000000E-01  1.19924015E+00  1.58959725E-01  6.35012743E-01  0.00000000E+00  4.81110445E-02  1.32437208E-01
  2.68840000E-01  5.00000000E-01  1.19838339E+00  1.60211699E-01  6.36043501E-01  0.00000000E+00  4.80476631E-02  1.32515615E-01
  2.70720000E-01  5.00000000E-01  1.19752036E+00  1.61466260E-01  6.37081114E-01  0.00000000E+00  4.79843082E-02  1.32593708E-01
  2.72600000E-01  5.00000000E-01  1.19665103E+00  1.62723425E-01  6.38125572E-01  0.00000000E+00  4.79209800E-02  1.32671482E-01
  2.74480000E-01  5.00000000E-01  1.19577540E+00  1.63983211E-01  6.39176864E-01  0.00000000E+00  4.78576787E-02  1.32748936E-01
  2.76360000E-01  5.00000000E-01  1.19489345E+00  1.65245635E-01  6.40234978E-01  0.00000000E+00  4.77944046E-02  1.32826065E-01
  2.78240000E-01  5.00000000E-01  1.19400517E+00  1.66510714E-01  6.41299901E-01  0.00000000E+00  4.77311579E-02  1.32902867E-01
  2.80120000E-01  5.00000000E-01  1.19311054E+00  1.67778465E-01  6.42371625E-01  0.00000000E+00  4.76679390E-02  1.32979339E-01
  2.82000000E-01  5.00000000E-01  1.19220955E+00  1.69048904E-01  6.43450136E-01  0.00000000E+00  4.76047479E-02  1.33055477E-01
  2.83880000E-01  5.00000000E-01  1.19130218E+00  1.70322048E-01  6.44535423E-01  0.00000000E+00  4.75415851E-02  1.33131277E-01
  2.85760000E-01  5.00000000E-01  1.19038843E+00  1.71597914E-01  6.45627475E-01  0.00000000E+00  4.74784507E-02  1.33206738E-01
  2.87640000E-01  5.00000000E-01  1.18946827E+00  1.72876517E-01  6.46726277E-01  0.00000000E+00  4.74153450E-02  1.33281854E-01
  2.89520000E-01  5.00000000E-01  1.18854170E+00  1.74157875E-01  6.47831819E-01  0.00000000E+00  4.73522682E-02  1.33356624E-01
  2.91400000E-01  5.00000000E-01  1.18760870E+00  1.75442002E-01  6.48944088E-01  0.00000000E+00  4.72892207E-02  1.33431043E-01
  2.93280000E-01  5.00000000E-01  1.18666925E+00  1.76728916E-01  6.50063070E-01  0.00000000E+00  4.72262026E-02  1.33505108E-01
  2.95160000E-01  5.00000000E-01  1.18572334E+00  1.78018632E-01  6.51188754E-01  0.00000000E+00  4.71632142E-02  1.33578816E-01
  2.97040000E-01  5.00000000E-01  1.18477096E+00  1.79311167E-01  6.52321125E-01  0.00000000E+00  4.71002559E-02  1.33652163E-01
  2.98920000E-01  5.00000000E-01  1.18381209E+00  1.80606535E-01  6.53460172E-01  0.00000000E+00  4.70373277E-02  1.33725145E-01
  3.00800000E-01  5.00000000E-01  1.18284672E+00  1.81904753E-01  6.54605881E-01  0.00000000E+00  4.69744301E-02  1.33797758E-01
  3.02680000E-01  5.00000000E-01  1.18187483E+00  1.83205837E-01  6.55758238E-01  0.00000000E+00  4.69115633E-02  1.33870000E-01
  3.04560000E-01  5.00000000E-01  1.18089640E+00  1.84509801E-01  6.56917229E-01  0.00000000E+00  4.68487276E-02  1.33941866E-01
  3.06440000E-01  5.00000000E-01  1.17991143E+00  1.85816661E-01  6.58082842E-01  0.00000000E+00  4.67859231E-02  1.34013353E-01
  3.08320000E-01  5.00000000E-01  1.17891989E+00  1.87126433E-01  6.59255062E-01  0.00000000E+00  4.67231503E-02  1.34084457E-01
  3.10200000E-01  5.00000000E-01  1.17792177E+00  1.88439131E-01  6.60433875E-01  0.00000000E+00  4.66604093E-02  1.34155173E-01
  3.12080000E-01  5.00000000E-01  1.17691705E+00  1.89754770E-01  6.61619267E-01  0.00000000E+00  4.65977004E-02  1.34225499E-01
  3.13960000E-01  5.00000000E-01  1.17590572E+00  1.91073366E-01  6.62811222E-01  0.00000000E+00  4.65350239E-02  1.34295430E-01
  3.15840000E-01  5.00000000E-01  1.17488777E+00  1.92394933E-01  6.64009726E-01  0.00000000E+00  4.64723801E-02  1.34364962E-01
  3.17720000E-01  5.00000000E-01  1.17386317E+00  1.93719486E-01  6.65214765E-01  0.00000000E+00  4.64097693E-02  1.34434091E-01
  3.19600000E-01  5.00000000E-01  1.17283192E+00  1.95047040E-01  6.66426322E-01  0.00000000E+00  4.63471917E-02  1.34502813E-01
  3.21480000E-01  5.00000000E-01  1.17179398E+00  1.96377608E-01  6.67644383E-01  0.00000000E+00  4.62846476E-02  1.34571124E-01
  3.23360000E-01  5.00000000E-01  1.17074936E+00  1.97711205E-01  6.68868933E-01  0.00000000E+00  4.62221372E-02  1.34639020E-01
  3.25240000E-01  5.00000000E-01  1.16969803E+00  1.99047845E-01  6.70099960E-01  0.00000000E+00  4.61596610E-02  1.34706497E-01
  3.27120000E-01  5.00000000E-01  1.16863997E+00  2.00387543E-01  6.71337442E-01  0.00000000E+00  4.60972191E-02  1.34773550E-01
  3.29000000E-01  5.00000000E-01  1.16757517E+00  2.01730311E-01  6.72581364E-01  0.00000000E+00  4.60348119E-02  1.34840175E-01
  3.30880000E-01  5.00000000E-01  1.16650361E+00  2.03076164E-01  6.73831711E-01  0.00000000E+00  4.59724396E-02  1.34906368E-01
  3.32760000E-01  5.00000000E-01  1.16542528E+00  2.04425116E-01  6.75088467E-01  0.00000000E+00  4.59101024E-02  1.34972124E-01
  3.34640000E-01  5.00000000E-01  1.16434015E+00  2.05777179E-01  6.76351614E-01  0.00000000E+00  4.58478008E-02  1.35037439E-01
  3.36520000E-01  5.00000000E-01  1.16324821E+00  2.07132368E-01  6.77621138E-01  0.00000000E+00  4.57855350E-02  1.35102309E-01
  3.38400000E-01  5.00000000E-01  1.16214945E+00  2.08490695E-01  6.78897021E-01  0.00000000E+00  4.57233052E-02  1.35166729E-01
  3.40280000E-01  5.00000000E-01  1.16104384E+00  2.09852173E-01  6.80179245E-01  0.00000000E+00  4.56611118E-02  1.35230694E-01
  3.42160000E-01  5.00000000E-01  1.15993137E+00  2.11216815E-01  6.81467794E-01  0.00000000E+00  4.55989550E-02  1.35294199E-01
  3.44040000E-01  5.00000000E-01  1.15881202E+00  2.12584635E-01  6.82762649E-01  0.00000000E+00  4.55368352E-02  1.35357241E-01
  3.45920000E-01  5.00000000E-01  1.15768577E+00  2.13955643E-01  6.84063793E-01  0.00000000E+00  4.54747526E-02  1.35419814E-01
  3.47800000E-01  5.00000000E-01  1.15655261E+00  2.15329854E-01  6.85371208E-01  0.00000000E+00  4.54127076E-02  1.35481914E-01
  3.49680000E-01  5.00000000E-01  1.15541251E+00  2.16707279E-01  6.86684875E-01  0.00000000E+00  4.53507004E-02  1.35543535E-01
  3.51560000E-01  5.00000000E-01  1.15426545E+00  2.18087930E-01  6.88004777E-01  0.00000000E+00  4.52887312E-02  1.35604674E-01
  3.53440000E-01  5.00000000E-01  1.15311143E+00  2.19471819E-01  6.89330893E-01  0.00000000E+00  4.52268005E-02  1.35665324E-01
  3.55320000E-01  5.00000000E-01  1.15195042E+00  2.20858957E-01  6.90663206E-01  0.00000000E+00  4.51649086E-02  1.35725481E-01
  3.57200000E-01  5.00000000E-01  1.15078240E+00  2.22249357E-01  6.92001697E-01  0.00000000E+00  4.51030556E-02  1.35785140E-01
  3.59080000E-01  5.00000000E-01  1.14960735E+00  2.23643030E-01  6.93346346E-01  0.00000000E+00  4.50412419E-02  1.35844296E-01
  3.60960000E-01  5.00000000E-01  1.14842525E+00  2.25039987E-01  6.94697135E-01  0.00000000E+00  4.49794678E-02  1.35902943E-01
  3.62840000E-01  5.00000000E-01  1.14723609E+00  2.26440238E-01  6.96054043E-01  0.00000000E+00  4.49177337E-02  1.35961077E-01
  3.64720000E-01  5.00000000E-01  1.14603984E+00  2.27843795E-01  6.97417053E-01  0.00000000E+00  4.48560397E-02  1.36018692E-01
  3.66600000E-01  5.00000000E-01  1.14483649E+00  2.29250669E-01  6.98786144E-01  0.00000000E+00  4.47943862E-02  1.36075783E-01
  3.68480000E-01  5.00000000E-01  1.14362602E+00  2.30660870E-01  7.00161296E-01  0.00000000E+00  4.47327735E-02  1.36132344E-01
  3.70360000E-01  5.00000000E-01  1.14240840E+00  2.32074408E-01  7.01542477E-01  0.00000000E+00  4.46712019E-02  1.36188371E-01
  3.72240000E-01  5.00000000E-01  1.14118362E+00  2.33491293E-01  7.02929677E-01  0.00000000E+00  4.46096718E-02  1.36243857E-01
  3.74120000E-01  5.00000000E-01  1.13995166E+00  2.34911535E-01  7.04322878E-01  0.00000000E+00  4.45481833E-02  1.36298798E-01
  3.76000000E-01  5.00000000E-01  1.13871249E+00  2.36335145E-01  7.05722056E-01  0.00000000E+00  4.44867368E-02  1.36353187E-01
  3.77880000E-01  5.00000000E-01  1.13746610E+00  2.37762130E-01  7.07127191E-01  0.00000000E+00  4.44253325E-02  1.36407019E-01
  3.79760000E-01  5.00000000E-01  1.13621246E+00  2.39192501E-01  7.08538257E-01  0.00000000E+00  4.43639709E-02  1.36460288E-01
  3.81640000E-01  5.00000000E-01  1.13495156E+00  2.40626267E-01  7.09955235E-01  0.00000000E+00  4.43026522E-02  1.36512989E-01
  3.83520000E-01  5.00000000E-01  1.13368337E+00  2.42063436E-01  7.11378100E-01  0.00000000E+00  4.42413766E-02  1.36565115E-01
  3.85400000E-01  5.00000000E-01  1.13240788E+00  2.43504018E-01  7.12806831E-01  0.00000000E+00  4.41801446E-02  1.36616661E-01
  3.87280000E-01  5.00000000E-01  1.13112506E+00  2.44948020E-01  7.14241404E-01  0.00000000E+00  4.41189563E-02  1.36667621E-01
  3.89160000E-01  5.00000000E-01  1.12983489E+00  2.46395450E-01  7.15681798E-01  0.00000000E+00  4.40578121E-02  1.36717988E-01
  3.91040000E-01  5.00000000E-01  1.12853734E+00  2.47846317E-01  7.17127990E-01  0.00000000E+00  4.39967123E-02  1.36767758E-01
  3.92920000E-01  5.00000000E-01  1.12723241E+00  2.49300629E-01  7.18579956E-01  0.00000000E+00  4.39356572E-02  1.36816923E-01
  3.94800000E-01  5.00000000E-01  1.12592006E+00  2.50758392E-01  7.20037674E-01  0.00000000E+00  4.38746470E-02  1.36865478E-01
  3.96680000E-01  5.00000000E-01  1.12460028E+00  2.52219614E-01  7.21501119E-01  0.00000000E+00  4.38136820E-02  1.36913416E-01
  3.98560000E-01  5.00000000E-01  1.12327304E+00  2.53684303E-01  7.22970269E-01  0.00000000E+00  4.37527627E-02  1.36960730E-01
  4.00440000E-01  5.00000000E-01  1.12193832E+00  2.55152464E-01  7.24445098E-01  0.00000000E+00  4.36918891E-02  1.37007416E-01
  4.02320000E-01  5.00000000E-01  1.12059610E+00  2.56624105E-01  7.25925583E-01  0.00000000E+00  4.36310617E-02  1.37053466E-01
  4.04200000E-01  5.00000000E-01  1.11924635E+00  2.58099231E-01  7.27411698E-01  0.00000000E+00  4.35702807E-02  1.37098873E-01
  4.06080000E-01  5.00000000E-01  1.11788905E+00  2.59577849E-01  7.28903418E-01  0.00000000E+00  4.35095464E-02  1.37143632E-01
  4.07960000E-01  5.00000000E-01  1.11652419E+00  2.61059964E-01  7.30400716E-01  0.00000000E+00  4.34488591E-02  1.37187735E-01
  4.09840000E-01  5.00000000E-01  1.11515173E+00  2.62545582E-01  7.31903567E-01  0.00000000E+00  4.33882191E-02  1.37231176E-01
  4.11720000E-01  5.00000000E-01  1.11377165E+00  2.64034708E-01  7.33411943E-01  0.00000000E+00  4.33276266E-02  1.37273949E-01
  4.13600000E-01  5.00000000E-01  1.11238393E+00  2.65527347E-01  7.34925816E-01  0.00000000E+00  4.32670820E-02  1.37316045E-01
  4.15480000E-01  5.00000000E-01  1.11098855E+00  2.67023504E-01  7.36445171E-01  0.00000000E+00  4.32065855E-02  1.37357459E-01
  4.17360000E-01  5.00000000E-01  1.10958548E+00  2.68523183E-01  7.37969993E-01  0.00000000E+00  4.31461373E-02  1.37398184E-01
  4.19240000E-01  5.00000000E-01  1.10817470E+00  2.70026388E-01  7.39500228E-01  0.00000000E+00  4.30857378E-02  1.37438212E-01
  4.21120000E-01  5.00000000E-01  1.10675618E+00  2.71533122E-01  7.41035852E-01  0.00000000E+00  4.30253872E-02  1.37477537E-01
  4.23000000E-01  5.00000000E-01  1.10532990E+00  2.73043390E-01  7.42576842E-01  0.00000000E+00  4.29650859E-02  1.37516151E-01
  4.24880000E-01  5.00000000E-01  1.10389583E+00  2.74557194E-01  7.44123171E-01  0.00000000E+00  4.29048339E-02  1.37554047E-01
  4.26760000E-01  5.00000000E-01  1.10245396E+00  2.76074537E-01  7.45674815E-01  0.00000000E+00  4.28446317E-02  1.37591218E-01
  4.28640000E-01  5.00000000E-01  1.10100425E+00  2.77595422E-01  7.47231744E-01  0.00000000E+00  4.27844795E-02  1.37627657E-01
  4.30520000E-01  5.00000000E-01  1.09954668E+00  2.79119852E-01  7.48793933E-01  0.00000000E+00  4.27243774E-02  1.37663355E-01
  4.32400000E-01  5.00000000E-01  1.09808122E+00  2.80647828E-01  7.50361351E-01  0.00000000E+00  4.26643259E-02  1.37698307E-01
  4.34280000E-01  5.00000000E-01  1.09660786E+00  2.82179352E-01  7.51933970E-01  0.00000000E+00  4.26043251E-02  1.37732503E-01
  4.36160000E-01  5.00000000E-01  1.09512655E+00  2.83714425E-01  7.53511761E-01  0.00000000E+00  4.25443753E-02  1.37765937E-01
  4.38040000E-01  5.00000000E-01  1.09363729E+00  2.85253048E-01  7.55094693E-01  0.00000000E+00  4.24844766E-02  1.37798601E-01
  4.39920000E-01  5.00000000E-01  1.09214003E+00  2.86795222E-01  7.56682737E-01  0.00000000E+00  4.24246294E-02  1.37830486E-01
  4.41800000E-01  5.00000000E-01  1.09063476E+00  2.88340947E-01  7.58275860E-01  0.00000000E+00  4.23648339E-02  1.37861586E-01
  4.43680000E-01  5.00000000E-01  1.08912145E+00  2.89890222E-01  7.59874034E-01  0.00000000E+00  4.23050903E-02  1.37891892E-01
  4.45560000E-01  5.00000000E-01  1.08760007E+00  2.91443049E-01  7.61477226E-01  0.00000000E+00  4.22453988E-02  1.37921397E-01
  4.47440000E-01  5.00000000E-01  1.08607059E+00  2.92999424E-01  7.63085406E-01  0.00000000E+00  4.21857597E-02  1.37950091E-01
  4.49320000E-01  5.00000000E-01  1.08453299E+00  2.94559348E-01  7.64698544E-01  0.00000000E+00  4.21261731E-02  1.37977968E-01
  4.51200000E-01  5.00000000E-01  1.08298724E+00  2.96122819E-01  7.66316609E-01  0.00000000E+00  4.20666393E-02  1.38005019E-01
  4.53080000E-01  5.00000000E-01  1.08143330E+00  2.97689835E-01  7.67939571E-01  0.00000000E+00  4.20071585E-02  1.38031235E-01
  4.54960000E-01  5.00000000E-01  1.07987117E+00  2.99260394E-01  7.69567401E-01  0.00000000E+00  4.19477308E-02  1.38056608E-01
  4.56840000E-01  5.00000000E-01  1.07830079E+00  3.00834493E-01  7.71200068E-01  0.00000000E+00  4.18883564E-02  1.38081131E-01
  4.58720000E-01  5.00000000E-01  1.07672216E+00  3.02412130E-01  7.72837545E-01  0.00000000E+00  4.18290356E-02  1.38104793E-01
  4.60600000E-01  5.00000000E-01  1.07513523E+00  3.03993300E-01  7.74479803E-01  0.00000000E+00  4.17697686E-02  1.38127588E-01
  4.62480000E-01  5.00000000E-01  1.07353998E+00  3.05577998E-01  7.76126743E-01  0.00000000E+00  4.17105554E-02  1.38149506E-01
  4.64360000E-01  5.00000000E-01  1.07193637E+00  3.07166223E-01  7.77778389E-01  0.00000000E+00  4.16513962E-02  1.38170537E-01
  4.66240000E-01  5.00000000E-01  1.07032439E+00  3.08757969E-01  7.79434722E-01  0.00000000E+00  4.15922913E-02  1.38190675E-01
  4.68120000E-01  5.00000000E-01  1.06870400E+00  3.10353231E-01  7.81095701E-01  0.00000000E+00  4.15332408E-02  1.38209909E-01
  4.70000000E-01  5.00000000E-01  1.06707517E+00  3.11952003E-01  7.82761285E-01  0.00000000E+00  4.14742447E-02  1.38228231E-01
  4.71880000E-01  5.00000000E-01  1.06543787E+00  3.13554279E-01  7.84431435E-01  0.00000000E+00  4.14153033E-02  1.38245631E-01
  4.73760000E-01  5.00000000E-01  1.06379207E+00  3.15160053E-01  7.86106116E-01  0.00000000E+00  4.13564167E-02  1.38262101E-01
  4.75640000E-01  5.00000000E-01  1.06213773E+00  3.16769317E-01  7.87785290E-01  0.00000000E+00  4.12975850E-02  1.38277631E-01
  4.77520000E-01  5.00000000E-01  1.06047484E+00  3.18382065E-01  7.89468922E-01  0.00000000E+00  4.12388083E-02  1.38292213E-01
  4.79400000E-01  5.00000000E-01  1.05880335E+00  3.19998287E-01  7.91156976E-01  0.00000000E+00  4.11800867E-02  1.38305835E-01
  4.81280000E-01  5.00000000E-01  1.05712323E+00  3.21617977E-01  7.92849418E-01  0.00000000E+00  4.11214204E-02  1.38318490E-01
  4.83160000E-01  5.00000000E-01  1.05543446E+00  3.23241125E-01  7.94546214E-01  0.00000000E+00  4.10628093E-02  1.38330168E-01
  4.85040000E-01  5.00000000E-01  1.05373699E+00  3.24867723E-01  7.96247329E-01  0.00000000E+00  4.10042536E-02  1.38340858E-01
  4.86920000E-01  5.00000000E-01  1.05203080E+00  3.26497759E-01  7.97952728E-01  0.00000000E+00  4.09457534E-02  1.38350552E-01
  4.88800000E-01  5.00000000E-01  1.05031586E+00  3.28131225E-01  7.99662376E-01  0.00000000E+00  4.08873087E-02  1.38359239E-01
  4.90680000E-01  5.00000000E-01  1.04859213E+00  3.29768109E-01  8.01376236E-01  0.00000000E+00  4.08289196E-02  1.38366910E-01
  4.92560000E-01  5.00000000E-01  1.04685958E+00  3.31408401E-01  8.03094273E-01  0.00000000E+00  4.07705861E-02  1.38373554E-01
  4.94440000E-01  5.00000000E-01  1.04511817E+00  3.33052087E-01  8.04816448E-01  0.00000000E+00  4.07123082E-02  1.38379162E-01
  4.96320000E-01  5.00000000E-01  1.04336787E+00  3.34699157E-01  8.06542723E-01  0.00000000E+00  4.06540860E-02  1.38383724E-01
  4.98200000E-01  5.00000000E-01  1.04160864E+00  3.36349597E-01  8.08273056E-01  0.00000000E+00  4.05959194E-02  1.38387228E-01
  5.00080000E-01  5.00000000E-01  1.03984046E+00  3.38003393E-01  8.10007406E-01  0.00000000E+00  4.05378085E-02  1.38389665E-01
  5.01960000E-01  5.00000000E-01  1.03806328E+00  3.39660532E-01  8.11745729E-01  0.00000000E+00  4.04797532E-02  1.38391025E-01
  5.03840000E-01  5.00000000E-01  1.03627707E+00  3.41320998E-01  8.13487978E-01  0.00000000E+00  4.04217536E-02  1.38391297E-01
  5.05720000E-01  5.00000000E-01  1.03448179E+00  3.42984777E-01  8.15234105E-01  0.00000000E+00  4.03638095E-02  1.38390470E-01
  5.07600000E-01  5.00000000E-01  1.03267741E+00  3.44651853E-01  8.16984113E-01  0.00000000E+00  4.03059210E-02  1.38388533E-01
  5.09480000E-01  5.00000000E-01  1.03086390E+00  3.46322212E-01  8.18738045E-01  0.00000000E+00  4.02480880E-02  1.38385477E-01
  5.11360000E-01  5.00000000E-01  1.02904121E+00  3.47995831E-01  8.20495711E-01  0.00000000E+00  4.01903103E-02  1.38381289E-01
  5.13240000E-01  5.00000000E-01  1.02720930E+00  3.49672696E-01  8.22257088E-01  0.00000000E+00  4.01325880E-02  1.38375960E-01
  5.15120000E-01  5.00000000E-01  1.02536814E+00  3.51352788E-01  8.24022150E-01  0.00000000E+00  4.00749208E-02  1.38369477E-01
  5.17000000E-01  5.00000000E-01  1.02351769E+00  3.53036088E-01  8.25790869E-01  0.00000000E+00  4.00173087E-02  1.38361830E-01
  5.18880000E-01  5.00000000E-01  1.02165791E+00  3.54722577E-01  8.27563210E-01  0.00000000E+00  3.99597516E-02  1.38353008E-01
  5.20760000E-01  5.00000000E-01  1.01978877E+00  3.56412236E-01  8.29339136E-01  0.00000000E+00  3.99022493E-02  1.38342999E-01
  5.22640000E-01  5.00000000E-01  1.01791022E+00  3.58105043E-01  8.31118609E-01  0.00000000E+00  3.98448017E-02  1.38331792E-01
  5.24520000E-01  5.00000000E-01  1.01602223E+00  3.59800978E-01  8.32901586E-01  0.00000000E+00  3.97874085E-02  1.38319375E-01
  5.26400000E-01  5.00000000E-01  1.01412475E+00  3.61500017E-01  8.34688023E-01  0.00000000E+00  3.97300696E-02  1.38305737E-01
  5.28280000E-01  5.00000000E-01  1.01221774E+00  3.63202137E-01  8.36477876E-01  0.00000000E+00  3.96727849E-02  1.38290866E-01
  5.30160000E-01  5.00000000E-01  1.01030117E+00  3.64907316E-01  8.38271098E-01  0.00000000E+00  3.96155539E-02  1.38274749E-01
  5.32040000E-01  5.00000000E-01  1.00837498E+00  3.66615528E-01  8.40067642E-01  0.00000000E+00  3.95583766E-02  1.38257376E-01
  5.33920000E-01  5.00000000E-01  1.00643915E+00  3.68326749E-01  8.41867461E-01  0.00000000E+00  3.95012527E-02  1.38238733E-01
  5.35800000E-01  5.00000000E-01  1.00449362E+00  3.70040951E-01  8.43670509E-01  0.00000000E+00  3.94441819E-02  1.38218810E-01
  5.37680000E-01  5.00000000E-01  1.00253836E+00  3.71758109E-01  8.45476739E-01  0.00000000E+00  3.93871638E-02  1.38197593E-01
  5.39560000E-01  5.00000000E-01  1.00057331E+00  3.73478195E-01  8.47286108E-01  0.00000000E+00  3.93301983E-02  1.38175071E-01
  5.41440000E-01  5.00000000E-01  9.98598441E-01  3.75201180E-01  8.49098571E-01  0.00000000E+00  3.92732849E-02  1.38151230E-01
  5.43320000E-01  5.00000000E-01  9.96613703E-01  3.76927035E-01  8.50914088E-01  0.00000000E+00  3.92164234E-02  1.38126059E-01
  5.45200000E-01  5.00000000E-01  9.94619052E-01  3.78655732E-01  8.52732619E-01  0.00000000E+00  3.91596134E-02  1.38099544E-01
  5.47080000E-01  5.00000000E-01  9.92614443E-01  3.80387238E-01  8.54554130E-01  0.00000000E+00  3.91028544E-02  1.38071672E-01
  5.48960000E-01  5.00000000E-01  9.90599831E-01  3.82121524E-01  8.56378587E-01  0.00000000E+00  3.90461462E-02  1.38042432E-01
  5.50840000E-01  5.00000000E-01  9.88575170E-01  3.83858556E-01  8.58205963E-01  0.00000000E+00  3.89894883E-02  1.38011810E-01
  5.52720000E-01  5.00000000E-01  9.86540416E-01  3.85598302E-01  8.60036233E-01  0.00000000E+00  3.89328802E-02  1.37979792E-01
  5.54600000E-01  5.00000000E-01  9.84495502E-01  3.87340722E-01  8.61869045E-01  0.00000000E+00  3.88763215E-02  1.37946365E-01
  5.56480000E-01  5.00000000E-01  9.82440394E-01  3.89085787E-01  8.63704596E-01  0.00000000E+00  3.88198117E-02  1.37911517E-01
  5.58360000E-01  5.00000000E-01  9.80375051E-01  3.90833464E-01  8.65542925E-01  0.00000000E+00  3.87633503E-02  1.37875233E-01
  5.60240000E-01  5.00000000E-01  9.78299419E-01  3.92583713E-01  8.67383946E-01  0.00000000E+00  3.87069368E-02  1.37837500E-01
  5.62120000E-01  5.00000000E-01  9.76213447E-01  3.94336496E-01  8.69227583E-01  0.00000000E+00  3.86505706E-02  1.37798305E-01
  5.64000000E-01  5.00000000E-01  9.74117084E-01  3.96091773E-01  8.71073768E-01  0.00000000E+00  3.85942513E-02  1.37757632E-01
  5.65880000E-01  5.00000000E-01  9.72010277E-01  3.97849503E-01  8.72922437E-01  0.00000000E+00  3.85379781E-02  1.37715470E-01
  5.67760000E-01  5.00000000E-01  9.69892975E-01  3.99609646E-01  8.74773535E-01  0.00000000E+00  3.84817505E-02  1.37671803E-01
  5.69640000E-01  5.00000000E-01  9.67765124E-01  4.01372158E-01  8.76627010E-01  0.00000000E+00  3.84255679E-02  1.37626616E-01
  5.71520000E-01  5.00000000E-01  9.65626671E-01  4.03136998E-01  8.78482814E-01  0.00000000E+00  3.83694296E-02  1.37579897E-01
  5.73400000E-01  5.00000000E-01  9.63477564E-01  4.04904122E-01  8.80340900E-01  0.00000000E+00  3.83133349E-02  1.37531630E-01
  5.75280000E-01  5.00000000E-01  9.61317748E-01  4.06673483E-01  8.82201226E-01  0.00000000E+00  3.82572831E-02  1.37481801E-01
  5.77160000E-01  5.00000000E-01  9.59147168E-01  4.08445037E-01  8.84063750E-01  0.00000000E+00  3.82012735E-02  1.37430395E-01
  5.79040000E-01  5.00000000E-01  9.56965770E-01  4.10218736E-01  8.85928428E-01  0.00000000E+00  3.81453054E-02  1.37377397E-01
  5.80920000E-01  5.00000000E-01  9.54773497E-01  4.11994532E-01  8.87795216E-01  0.00000000E+00  3.80893780E-02  1.37322792E-01
  5.82800000E-01  5.00000000E-01  9.52570292E-01  4.13772376E-01  8.89664070E-01  0.00000000E+00  3.80334905E-02  1.37266564E-01
  5.84680000E-01  5.00000000E-01  9.50356097E-01  4.15552216E-01  8.91534939E-01  0.00000000E+00  3.79776421E-02  1.37208700E-01
  5.86560000E-01  5.00000000E-01  9.48130854E-01  4.17334002E-01  8.93407772E-01  0.00000000E+00  3.79218319E-02  1.37149183E-01
  5.88440000E-01  5.00000000E-01  9.45894503E-01  4.19117679E-01  8.95282511E-01  0.00000000E+00  3.78660591E-02  1.37087997E-01
  5.90320000E-01  5.00000000E-01  9.43646982E-01  4.20903193E-01  8.97159092E-01  0.00000000E+00  3.78103228E-02  1.37025127E-01
  5.92200000E-01  5.00000000E-01  9.41388230E-01  4.22690488E-01  8.99037444E-01  0.00000000E+00  3.77546220E-02  1.36960557E-01
  5.94080000E-01  5.00000000E-01  9.39118183E-01  4.24479506E-01  9.00917490E-01  0.00000000E+00  3.76989558E-02  1.36894271E-01
  5.95960000E-01  5.00000000E-01  9.36836776E-01  4.26270188E-01  9.02799143E-01  0.00000000E+00  3.76433232E-02  1.36826253E-01
  5.97840000E-01  5.00000000E-01  9.34543943E-01  4.28062472E-01  9.04682306E-01  0.00000000E+00  3.75877232E-02  1.36756486E-01
  5.99720000E-01  5.00000000E-01  9.32239629E-01  4.29856302E-01  9.06567078E-01  0.00000000E+00  3.75321548E-02  1.36684955E-01
  6.01600000E-01  5.00000000E-01  9.29923798E-01  4.31651622E-01  9.08453900E-01  0.00000000E+00  3.74766171E-02  1.36611641E-01
  6.03480000E-01  5.00000000E-01  9.27596335E-01  4.33448348E-01  9.10341940E-01  0.00000000E+00  3.74211088E-02  1.36536528E-01
  6.05360000E-01  5.00000000E-01  9.25257180E-01  4.35246420E-01  9.12231237E-01  0.00000000E+00  3.73656288E-02  1.36459600E-01
  6.07240000E-01  5.00000000E-01  9.22906268E-01  4.37045772E-01  9.14121804E-01  0.00000000E+00  3.73101760E-02  1.36380840E-01
  6.09120000E-01  5.00000000E-01  9.20543534E-01  4.38846338E-01  9.16013640E-01  0.00000000E+00  3.72547494E-02  1.36300229E-01
  6.11000000E-01  5.00000000E-01  9.18168909E-01  4.40648048E-01  9.17906725E-01  0.00000000E+00  3.71993477E-02  1.36217750E-01
  6.12880000E-01  5.00000000E-01  9.15782325E-01  4.42450832E-01  9.19801027E-01  0.00000000E+00  3.71439698E-02  1.36133386E-01
  6.14760000E-01  5.00000000E-01  9.13383709E-01  4.44254618E-01  9.21696499E-01  0.00000000E+00  3.70886143E-02  1.36047118E-01
  6.16640000E-01  5.00000000E-01  9.10972988E-01  4.46059329E-01  9.23593087E-01  0.00000000E+00  3.70332802E-02  1.35958928E-01
  6.18520000E-01  5.00000000E-01  9.08550087E-01  4.47864890E-01  9.25490727E-01  0.00000000E+00  3.69779660E-02  1.35868799E-01
  6.20400000E-01  5.00000000E-01  9.06114931E-01  4.49671221E-01  9.27389349E-01  0.00000000E+00  3.69226704E-02  1.35776711E-01
  6.22280000E-01  5.00000000E-01  9.03667441E-01  4.51478240E-01  9.29288880E-01  0.00000000E+00  3.68673922E-02  1.35682646E-01
  6.24160000E-01  5.00000000E-01  9.01207539E-01  4.53285866E-01  9.31189243E-01  0.00000000E+00  3.68121300E-02  1.35586585E-01
  6.26040000E-01  5.00000000E-01  8.98735145E-01  4.55094013E-01  9.33090365E-01  0.00000000E+00  3.67568824E-02  1.35488509E-01
  6.27920000E-01  5.00000000E-01  8.96250178E-01  4.56902595E-01  9.34992171E-01  0.00000000E+00  3.67016479E-02  1.35388398E-01
  6.29800000E-01  5.00000000E-01  8.93752556E-01  4.58711523E-01  9.36894593E-01  0.00000000E+00  3.66464252E-02  1.35286233E-01
  6.31680000E-01  5.00000000E-01  8.91242196E-01  4.60520706E-01  9.38797568E-01  0.00000000E+00  3.65912128E-02  1.35181994E-01
  6.33560000E-01  5.00000000E-01  8.88719014E-01  4.62330053E-01  9.40701041E-01  0.00000000E+00  3.65360092E-02  1.35075661E-01
  6.35440000E-01  5.00000000E-01  8.86182927E-01  4.64139469E-01  9.42604970E-01  0.00000000E+00  3.64808130E-02  1.34967213E-01
  6.37320000E-01  5.00000000E-01  8.83633850E-01  4.65948858E-01  9.44509323E-01  0.00000000E+00  3.64256227E-02  1.34856631E-01
  6.39200000E-01  5.00000000E-01  8.81071696E-01  4.67758123E-01  9.46414082E-01  0.00000000E+00  3.63704368E-02  1.34743893E-01
  6.41080000E-01  5.00000000E-01  8.78496382E-01  4.69567165E-01  9.48319249E-01  0.00000000E+00  3.63152537E-02  1.34628978E-01
  6.42960000E-01  5.00000000E-01  8.75907822E-01  4.71375883E-01  9.50224840E-01  0.00000000E+00  3.62600720E-02  1.34511864E-01
  6.44840000E-01  5.00000000E-01  8.73305929E-01  4.73184173E-01  9.52130896E-01  0.00000000E+00  3.62048901E-02  1.34392531E-01
  6.46720000E-01  5.00000000E-01  8.70690527E-01  4.74991901E-01  9.54036037E-01  0.00000000E+00  3.61497061E-02  1.34270956E-01
  6.48600000E-01  5.00000000E-01  8.68061582E-01  4.76798987E-01  9.55941128E-01  0.00000000E+00  3.60945186E-02  1.34147118E-01
  6.50480000E-01  5.00000000E-01  8.65419030E-01  4.78605328E-01  9.57846613E-01  0.00000000E+00  3.60393260E-02  1.34020992E-01
  6.52360000E-01  5.00000000E-01  8.62762760E-01  4.80410802E-01  9.59752250E-01  0.00000000E+00  3.59841268E-02  1.33892558E-01
  6.54240000E-01  5.00000000E-01  8.60092665E-01  4.82215285E-01  9.61657843E-01  0.00000000E+00  3.59289193E-02  1.33761791E-01
  6.56120000E-01  5.00000000E-01  8.57408636E-01  4.84018653E-01  9.63563227E-01  0.00000000E+00  3.58737018E-02  1.33628669E-01
  6.58000000E-01  5.00000000E-01  8.54710566E-01  4.85820780E-01  9.65468271E-01  0.00000000E+00  3.58184727E-02  1.33493167E-01
  6.59880000E-01  5.00000000E-01  8.51998348E-01  4.87621539E-01  9.67372871E-01  0.00000000E+00  3.57632303E-02  1.33355261E-01
  6.61760000E-01  5.00000000E-01  8.49271873E-01  4.89420801E-01  9.69276943E-01  0.00000000E+00  3.57079730E-02  1.33214928E-01
  6.63640000E-01  5.00000000E-01  8.46531034E-01  4.91218432E-01  9.71180425E-01  0.00000000E+00  3.56526992E-02  1.33072141E-01
  6.65520000E-01  5.00000000E-01  8.43775723E-01  4.93014300E-01  9.73083265E-01  0.00000000E+00  3.55974072E-02  1.32926877E-01
  6.67400000E-01  5.00000000E-01  8.41005828E-01  4.94808268E-01  9.74985423E-01  0.00000000E+00  3.55420955E-02  1.32779108E-01
  6.69280000E-01  5.00000000E-01  8.38221238E-01  4.96600195E-01  9.76886862E-01  0.00000000E+00  3.54867625E-02  1.32628810E-01
  6.71160000E-01  5.00000000E-01  8.35421840E-01  4.98389938E-01  9.78787548E-01  0.00000000E+00  3.54314065E-02  1.32475956E-01
  6.73040000E-01  5.00000000E-01  8.32607517E-01  5.00177352E-01  9.80687439E-01  0.00000000E+00  3.53760262E-02  1.32320519E-01
  6.74920000E-01  5.00000000E-01  8.29778152E-01  5.01962286E-01  9.82586488E-01  0.00000000E+00  3.53206199E-02  1.32162471E-01
  6.76800000E-01  5.00000000E-01  8.26933623E-01  5.03744587E-01  9.84484635E-01  0.00000000E+00  3.52651862E-02  1.32001785E-01
  6.78680000E-01  5.00000000E-01  8.24073806E-01  5.05524097E-01  9.86381802E-01  0.00000000E+00  3.52097236E-02  1.31838432E-01
  6.80560000E-01  5.00000000E-01  8.21198574E-01  5.07300654E-01  9.88277889E-01  0.00000000E+00  3.51542306E-02  1.31672384E-01
  6.82440000E-01  5.00000000E-01  8.18307794E-01  5.09074092E-01  9.90172770E-01  0.00000000E+00  3.50987058E-02  1.31503612E-01
  6.84320000E-01  5.00000000E-01  8.15401331E-01  5.10844238E-01  9.92066290E-01  0.00000000E+00  3.50431480E-02  1.31332086E-01
  6.86200000E-01  5.00000000E-01  8.12479045E-01  5.12610918E-01  9.93958259E-01  0.00000000E+00  3.49875556E-02  1.31157776E-01
  6.88080000E-01  5.00000000E-01  8.09540790E-01  5.14373948E-01  9.95848446E-01  0.00000000E+00  3.49319275E-02  1.30980652E-01
  6.89960000E-01  5.00000000E-01  8.06586417E-01  5.16133144E-01  9.97736577E-01  0.00000000E+00  3.48762624E-02  1.30800681E-01
  6.91840000E-01  5.00000000E-01  8.03615817E-01  5.17888326E-01  9.99623053E-01  0.00000000E+00  3.48205593E-02  1.30617832E-01
  6.93720000E-01  5.00000000E-01  8.00629015E-01  5.19639346E-01  1.00151045E+00  0.00000000E+00  3.47648186E-02  1.30432070E-01
  6.95600000E-01  5.00000000E-01  7.97625620E-01  5.21385919E-01  1.00339496E+00  0.00000000E+00  3.47090373E-02  1.30243365E-01
  6.97480000E-01  5.00000000E-01  7.94605512E-01  5.23127860E-01  1.00527690E+00  0.00000000E+00  3.46532152E-02  1.30051682E-01
  6.99360000E-01  5.00000000E-01  7.91568561E-01  5.24864975E-01  1.00715652E+00  0.00000000E+00  3.45973517E-02  1.29856987E-01
  7.01240000E-01  5.00000000E-01  7.88514631E-01  5.26597062E-01  1.00903396E+00  0.00000000E+00  3.45414464E-02  1.29659244E-01
  7.03120000E-01  5.00000000E-01  7.85443575E-01  5.28323909E-01  1.01090930E+00  0.00000000E+00  3.44854990E-02  1.29458417E-01
  7.05000000E-01  5.00000000E-01  7.82355242E-01  5.30045301E-01  1.01278257E+00  0.00000000E+00  3.44295092E-02  1.29254469E-01
  7.06880000E-01  5.00000000E-01  7.79249472E-01  5.31761011E-01  1.01465371E+00  0.00000000E+00  3.43734768E-02  1.29047362E-01
  7.08760000E-01  5.00000000E-01  7.76126099E-01  5.33470808E-01  1.01652267E+00  0.00000000E+00  3.43174020E-02  1.28837058E-01
  7.10640000E-01  5.00000000E-01  7.72984954E-01  5.35174449E-01  1.01838930E+00  0.00000000E+00  3.42612848E-02  1.28623518E-01
  7.12520000E-01  5.00000000E-01  7.69825861E-01  5.36871688E-01  1.02025348E+00  0.00000000E+00  3.42051255E-02  1.28406702E-01
  7.14400000E-01  5.00000000E-01  7.66648638E-01  5.38562270E-01  1.02211503E+00  0.00000000E+00  3.41489248E-02  1.28186568E-01
  7.16280000E-01  5.00000000E-01  7.63453102E-01  5.40245932E-01  1.02397379E+00  0.00000000E+00  3.40926833E-02  1.27963076E-01
  7.18160000E-01  5.00000000E-01  7.60239065E-01  5.41922404E-01  1.02582958E+00  0.00000000E+00  3.40364021E-02  1.27736182E-01
  7.20040000E-01  5.00000000E-01  7.57006337E-01  5.43591410E-01  1.02768224E+00  0.00000000E+00  3.39800826E-02  1.27505843E-01
  7.21920000E-01  5.00000000E-01  7.53754723E-01  5.45252665E-01  1.02953163E+00  0.00000000E+00  3.39237263E-02  1.27272013E-01
  7.23800000E-01  5.00000000E-01  7.50484030E-01  5.46905880E-01  1.03137763E+00  0.00000000E+00  3.38673352E-02  1.27034646E-01
  7.25680000E-01  5.00000000E-01  7.47194062E-01  5.48550755E-01  1.03322016E+00  0.00000000E+00  3.38109115E-02  1.26793695E-01
  7.27560000E-01  5.00000000E-01  7.43884620E-01  5.50186987E-01  1.03505918E+00  0.00000000E+00  3.37544579E-02  1.26549112E-01
  7.29440000E-01  5.00000000E-01  7.40555508E-01  5.51814265E-01  1.03689471E+00  0.00000000E+00  3.36979774E-02  1.26300846E-01
  7.31320000E-01  5.00000000E-01  7.37206530E-01  5.53432269E-01  1.03872685E+00  0.00000000E+00  3.36414736E-02  1.26048847E-01
  7.33200000E-01  5.00000000E-01  7.33837488E-01  5.55040676E-01  1.04055574E+00  0.00000000E+00  3.35849503E-02  1.25793062E-01
  7.35080000E-01  5.00000000E-01  7.30448189E-01  5.56639154E-01  1.04238162E+00  0.00000000E+00  3.35284119E-02  1.25533437E-01
  7.36960000E-01  5.00000000E-01  7.27038439E-01  5.58227366E-01  1.04420483E+00  0.00000000E+00  3.34718633E-02  1.25269916E-01
  7.38840000E-01  5.00000000E-01  7.23607651E-01  5.59804844E-01  1.04601994E+00  0.00000000E+00  3.34153083E-02  1.25002449E-01
  7.40720000E-01  5.00000000E-01  7.20155822E-01  5.61371329E-01  1.04783002E+00  0.00000000E+00  3.33587528E-02  1.24730974E-01
  7.42600000E-01  5.00000000E-01  7.16682898E-01  5.62926489E-01  1.04963760E+00  0.00000000E+00  3.33022043E-02  1.24455429E-01
  7.44480000E-01  5.00000000E-01  7.13188580E-01  5.64469900E-01  1.05144178E+00  0.00000000E+00  3.32456698E-02  1.24175754E-01
  7.46360000E-01  5.00000000E-01  7.09672580E-01  5.66001131E-01  1.05324188E+00  0.00000000E+00  3.31891570E-02  1.23891885E-01
  7.48240000E-01  5.00000000E-01  7.06134616E-01  5.67519750E-01  1.05503734E+00  0.00000000E+00  3.31326741E-02  1.23603760E-01
  7.50120000E-01  5.00000000E-01  7.02574410E-01  5.69025315E-01  1.05682773E+00  0.00000000E+00  3.30762304E-02  1.23311311E-01
  7.52000000E-01  5.00000000E-01  6.98991686E-01  5.70517377E-01  1.05861276E+00  0.00000000E+00  3.30198359E-02  1.23014471E-01
  7.53880000E-01  5.00000000E-01  6.95386173E-01  5.71995478E-01  1.06039221E+00  0.00000000E+00  3.29635013E-02  1.22713169E-01
  7.55760000E-01  5.00000000E-01  6.91757597E-01  5.73459148E-01  1.06216596E+00  0.00000000E+00  3.29072385E-02  1.22407332E-01
  7.57640000E-01  5.00000000E-01  6.88105684E-01  5.74907907E-01  1.06393393E+00  0.00000000E+00  3.28510602E-02  1.22096886E-01
  7.59520000E-01  5.00000000E-01  6.84430157E-01  5.76341260E-01  1.06569609E+00  0.00000000E+00  3.27949804E-02  1.21781754E-01
  7.61400000E-01  5.00000000E-01  6.80730736E-01  5.77758699E-01  1.06745243E+00  0.00000000E+00  3.27390141E-02  1.21461856E-01
  7.63280000E-01  5.00000000E-01  6.77007133E-01  5.79159699E-01  1.06920294E+00  0.00000000E+00  3.26831775E-02  1.21137112E-01
  7.65160000E-01  5.00000000E-01  6.73259056E-01  5.80543719E-01  1.07094759E+00  0.00000000E+00  3.26274881E-02  1.20807436E-01
  7.67040000E-01  5.00000000E-01  6.69486202E-01  5.81910200E-01  1.07268632E+00  0.00000000E+00  3.25719647E-02  1.20472743E-01
  7.68920000E-01  5.00000000E-01  6.65688257E-01  5.83258563E-01  1.07441902E+00  0.00000000E+00  3.25166276E-02  1.20132945E-01
  7.70800000E-01  5.00000000E-01  6.61864899E-01  5.84588208E-01  1.07614550E+00  0.00000000E+00  3.24614984E-02  1.19787949E-01
  7.72680000E-01  5.00000000E-01  6.58015790E-01  5.85898514E-01  1.07786548E+00  0.00000000E+00  3.24066003E-02  1.19437663E-01
  7.74560000E-01  5.00000000E-01  6.54140578E-01  5.87188836E-01  1.07957857E+00  0.00000000E+00  3.23519581E-02  1.19081989E-01
  7.76440000E-01  5.00000000E-01  6.50238896E-01  5.88458504E-01  1.08128426E+00  0.00000000E+00  3.22975981E-02  1.18720829E-01
  7.78320000E-01  5.00000000E-01  6.46310359E-01  5.89706824E-01  1.08298189E+00  0.00000000E+00  3.22435486E-02  1.18354082E-01
  7.80200000E-01  5.00000000E-01  6.42354563E-01  5.90933073E-01  1.08467061E+00  0.00000000E+00  3.21898394E-02  1.17981644E-01
  7.82080000E-01  5.00000000E-01  6.38371083E-01  5.92136501E-01  1.08634942E+00  0.00000000E+00  3.21365021E-02  1.17603406E-01
  7.83960000E-01  5.00000000E-01  6.34359629E-01  5.93316377E-01  1.08801921E+00  0.00000000E+00  3.20835700E-02  1.17219263E-01
  7.85840000E-01  5.00000000E-01  6.30320733E-01  5.94472129E-01  1.08969264E+00  0.00000000E+00  3.20310824E-02  1.16829097E-01
  7.87720000E-01  5.00000000E-01  6.26252790E-01  5.95602538E-01  1.09135303E+00  0.00000000E+00  3.19790846E-02  1.16432774E-01
  7.89600000E-01  5.00000000E-01  6.22155538E-01  5.96706851E-01  1.09300184E+00  0.00000000E+00  3.19276141E-02  1.16030185E-01
  7.91480000E-01  5.00000000E-01  6.18028677E-01  5.97784270E-01  1.09464016E+00  0.00000000E+00  3.18767121E-02  1.15621215E-01
  7.93360000E-01  5.00000000E-01  6.13871873E-01  5.98833954E-01  1.09626873E+00  0.00000000E+00  3.18264233E-02  1.15205745E-01
  7.95240000E-01  5.00000000E-01  6.09684760E-01  5.99855016E-01  1.09788801E+00  0.00000000E+00  3.17767961E-02  1.14783649E-01
  7.97120000E-01  5.00000000E-01  6.05466945E-01  6.00846529E-01  1.09949818E+00  0.00000000E+00  3.17278819E-02  1.14354800E-01
  7.99000000E-01  5.00000000E-01  6.01218009E-01  6.01807527E-01  1.10109922E+00  0.00000000E+00  3.16797353E-02  1.13919066E-01
  8.00880000E-01  5.00000000E-01  5.96937513E-01  6.02737000E-01  1.10269091E+00  0.00000000E+00  3.16324141E-02  1.13476315E-01
  8.02760000E-01  5.00000000E-01  5.92624999E-01  6.03633904E-01  1.10427288E+00  0.00000000E+00  3.15859787E-02  1.13026412E-01
  8.04640000E-01  5.00000000E-01  5.88279995E-01  6.04497155E-01  1.10584466E+00  0.00000000E+00  3.15404922E-02  1.12569222E-01
  8.06520000E-01  5.00000000E-01  5.83902016E-01  6.05325634E-01  1.10740570E+00  0.00000000E+00  3.14960203E-02  1.12104611E-01
  8.08400000E-01  5.00000000E-01  5.79490571E-01  6.06118186E-01  1.10895539E+00  0.00000000E+00  3.14526311E-02  1.11632446E-01
  8.10280000E-01  5.00000000E-01  5.75045162E-01  6.06873623E-01  1.11049315E+00  0.00000000E+00  3.14103948E-02  1.11152596E-01
  8.12160000E-01  5.00000000E-01  5.70565291E-01  6.07590725E-01  1.11201842E+00  0.00000000E+00  3.13693838E-02  1.10664931E-01
  8.14040000E-01  5.00000000E-01  5.66050461E-01  6.08268239E-01  1.11353070E+00  0.00000000E+00  3.13296722E-02  1.10169328E-01
  8.15920000E-01  5.00000000E-01  5.61500180E-01  6.08904884E-01  1.11502961E+00  0.00000000E+00  3.12913360E-02  1.09665665E-01
  8.17800000E-01  5.00000000E-01  5.56913965E-01  6.09499347E-01  1.11651492E+00  0.00000000E+00  3.12544530E-02  1.09153829E-01
  8.19680000E-01  5.00000000E-01  5.52291343E-01  6.10050288E-01  1.11798657E+00  0.00000000E+00  3.12191021E-02  1.08633708E-01
  8.21560000E-01  5.00000000E-01  5.47631859E-01  6.10556343E-01  1.11944472E+00  0.00000000E+00  3.11853636E-02  1.08105203E-01
  8.23440000E-01  5.00000000E-01  5.42935073E-01  6.11016118E-01  1.12088980E+00  0.00000000E+00  3.11533191E-02  1.07568217E-01
  8.25320000E-01  5.00000000E-01  5.38200569E-01  6.11428198E-01  1.12232252E+00  0.00000000E+00  3.11230511E-02  1.07022665E-01
  8.27200000E-01  5.00000000E-01  5.33427953E-01  6.11791143E-01  1.12374391E+00  0.00000000E+00  3.10946430E-02  1.06468470E-01
  8.29080000E-01  5.00000000E-01  5.28616862E-01  6.12103490E-01  1.12515537E+00  0.00000000E+00  3.10681786E-02  1.05905566E-01
  8.30960000E-01  5.00000000E-01  5.23765451E-01  6.12363345E-01  1.12653791E+00  0.00000000E+00  3.10437680E-02  1.05333643E-01
  8.32840000E-01  5.00000000E-01  5.18873977E-01  6.12569503E-01  1.12789970E+00  0.00000000E+00  3.10214029E-02  1.04753135E-01
  8.34720000E-01  5.00000000E-01  5.13942831E-01  6.12720578E-01  1.12925230E+00  0.00000000E+00  3.10011543E-02  1.04164107E-01
  8.36600000E-01  5.00000000E-01  5.08971324E-01  6.12814820E-01  1.13059257E+00  0.00000000E+00  3.09831207E-02  1.03566400E-01
  8.38480000E-01  5.00000000E-01  5.03958836E-01  6.12850481E-01  1.13191800E+00  0.00000000E+00  3.09673831E-02  1.02959940E-01
  8.40360000E-01  5.00000000E-01  4.98904810E-01  6.12825815E-01  1.13322664E+00  0.00000000E+00  3.09540070E-02  1.02344722E-01
  8.42240000E-01  5.00000000E-01  4.93808748E-01  6.12739066E-01  1.13451703E+00  0.00000000E+00  3.09430439E-02  1.01720803E-01
  8.44120000E-01  5.00000000E-01  4.88670205E-01  6.12588475E-01  1.13578814E+00  0.00000000E+00  3.09345327E-02  1.01088290E-01
  8.46000000E-01  5.00000000E-01  4.83488785E-01  6.12372269E-01  1.13703928E+00  0.00000000E+00  3.09285016E-02  1.00447324E-01
  8.47880000E-01  5.00000000E-01  4.78264132E-01  6.12088665E-01  1.13827009E+00  0.00000000E+00  3.09249694E-02  9.97980763E-02
  8.49760000E-01  5.00000000E-01  4.72995930E-01  6.11735861E-01  1.13948041E+00  0.00000000E+00  3.09239472E-02  9.91407291E-02
  8.51640000E-01  5.00000000E-01  4.67683891E-01  6.11312034E-01  1.14067026E+00  0.00000000E+00  3.09254400E-02  9.84754688E-02
  8.53520000E-01  5.00000000E-01  4.62327755E-01  6.10815340E-01  1.14183976E+00  0.00000000E+00  3.09294481E-02  9.78024731E-02
  8.55400000E-01  5.00000000E-01  4.56927285E-01  6.10243908E-01  1.14298905E+00  0.00000000E+00  3.09359691E-02  9.71218993E-02
  8.57280000E-01  5.00000000E-01  4.51482257E-01  6.09595839E-01  1.14411825E+00  0.00000000E+00  3.09449990E-02  9.64338731E-02
  8.59160000E-01  5.00000000E-01  4.45992457E-01  6.08869201E-01  1.14522739E+00  0.00000000E+00  3.09565340E-02  9.57384767E-02
  8.61040000E-01  5.00000000E-01  4.40457676E-01  6.08062026E-01  1.14631633E+00  0.00000000E+00  3.09705723E-02  9.50357376E-02
  8.62920000E-01  5.00000000E-01  4.34877707E-01  6.07172308E-01  1.14738470E+00  0.00000000E+00  3.09871152E-02  9.43256171E-02
  8.64800000E-01  5.00000000E-01  4.29252333E-01  6.06198000E-01  1.14843184E+00  0.00000000E+00  3.10061690E-02  9.36079985E-02
  8.66680000E-01  5.00000000E-01  4.23581330E-01  6.05137010E-01  1.14945673E+00  0.00000000E+00  3.10277467E-02  9.28826759E-02
  8.68560000E-01  5.00000000E-01  4.17864453E-01  6.03987198E-01  1.15045794E+00  0.00000000E+00  3.10518693E-02  9.21493421E-02
  8.70440000E-01  5.00000000E-01  4.12101438E-01  6.02746374E-01  1.15143354E+00  0.00000000E+00  3.10785674E-02  9.14075781E-02
  8.72320000E-01  5.00000000E-01  4.06291994E-01  6.01412293E-01  1.15238105E+00  0.00000000E+00  3.11078829E-02  9.06568404E-02
  8.74200000E-01  5.00000000E-01  4.00435794E-01  5.99982654E-01  1.15329736E+00  0.00000000E+00  3.11398707E-02  8.98964503E-02
  8.76080000E-01  5.00000000E-01  3.94532751E-01  5.98455259E-01  1.15418268E+00  0.00000000E+00  3.11745574E-02  8.91252647E-02
  8.77960000E-01  5.00000000E-01  3.88585642E-01  5.96829453E-01  1.15508442E+00  0.00000000E+00  3.12118796E-02  8.83397483E-02
  8.79840000E-01  5.00000000E-01  3.82590432E-01  5.95100937E-01  1.15594798E+00  0.00000000E+00  3.12525955E-02  8.75434909E-02
  8.81720000E-01  5.00000000E-01  3.76547492E-01  5.93268367E-01  1.15677809E+00  0.00000000E+00  3.12964951E-02  8.67336245E-02
  8.83600000E-01  5.00000000E-01  3.70457017E-01  5.91330362E-01  1.15757852E+00  0.00000000E+00  3.13434884E-02  8.59073489E-02
  8.85480000E-01  5.00000000E-01  3.64319058E-01  5.89285590E-01  1.15835222E+00  0.00000000E+00  3.13935358E-02  8.50619862E-02
  8.87360000E-01  5.00000000E-01  3.58133559E-01  5.87132853E-01  1.15910140E+00  0.00000000E+00  3.14465796E-02  8.41950355E-02
  8.89240000E-01  5.00000000E-01  3.51900388E-01  5.84871170E-01  1.15982766E+00  0.00000000E+00  3.15024751E-02  8.33042273E-02
  8.91120000E-01  5.00000000E-01  3.45619377E-01  5.82499862E-01  1.16053205E+00  0.00000000E+00  3.15609213E-02  8.23875780E-02
  8.93000000E-01  5.00000000E-01  3.39290353E-01  5.80018637E-01  1.16121520E+00  0.00000000E+00  3.16213925E-02  8.14434449E-02
  8.94880000E-01  5.00000000E-01  3.32913174E-01  5.77427671E-01  1.16187741E+00  0.00000000E+00  3.16830690E-02  8.04705802E-02
  8.96760000E-01  5.00000000E-01  3.26487767E-01  5.74727698E-01  1.16251873E+00  0.00000000E+00  3.17447684E-02  7.94681856E-02
  8.98640000E-01  5.00000000E-01  3.20014157E-01  5.71920089E-01  1.16313913E+00  0.00000000E+00  3.18048766E-02  7.84359672E-02
  9.00520000E-01  5.00000000E-01  3.13492509E-01  5.69006938E-01  1.16373849E+00  0.00000000E+00  3.18612789E-02  7.73741901E-02
  9.02400000E-01  5.00000000E-01  3.06923156E-01  5.65991149E-01  1.16431682E+00  0.00000000E+00  3.19112912E-02  7.62837322E-02
  9.04280000E-01  5.00000000E-01  3.00306641E-01  5.62876516E-01  1.16487426E+00  0.00000000E+00  3.19515910E-02  7.51661398E-02
  9.06160000E-01  5.00000000E-01  2.93643745E-01  5.59667810E-01  1.16541125E+00  0.00000000E+00  3.19781484E-02  7.40236813E-02
  9.08040000E-01  5.00000000E-01  2.86935527E-01  5.56370863E-01  1.16592858E+00  0.00000000E+00  3.19861573E-02  7.28594021E-02
  9.09920000E-01  5.00000000E-01  2.80183358E-01  5.52992651E-01  1.16642754E+00  0.00000000E+00  3.19699666E-02  7.16771794E-02
  9.11800000E-01  5.00000000E-01  2.73388953E-01  5.49541381E-01  1.16690997E+00  0.00000000E+00  3.19230110E-02  7.04817762E-02
  9.13680000E-01  5.00000000E-01  2.66554412E-01  5.46026572E-01  1.16737840E+00  0.00000000E+00  3.18377425E-02  6.92788962E-02
  9.15560000E-01  5.00000000E-01  2.59682247E-01  5.42459143E-01  1.16783612E+00  0.00000000E+00  3.17055610E-02  6.80752384E-02
  9.17440000E-01  5.00000000E-01  2.52775425E-01  5.38851492E-01  1.16828732E+00  0.00000000E+00  3.15167457E-02  6.68785514E-02
  9.19320000E-01  5.00000000E-01  2.45837397E-01  5.35217587E-01  1.16873713E+00  0.00000000E+00  3.12603863E-02  6.56976882E-02
  9.21200000E-01  5.00000000E-01  2.38872135E-01  5.31573045E-01  1.16919179E+00  0.00000000E+00  3.09243137E-02  6.45426607E-02
  9.23080000E-01  5.00000000E-01  2.31887642E-01  5.27931982E-01  1.16961135E+00  0.00000000E+00  3.04957433E-02  6.34196255E-02
  9.24960000E-01  5.00000000E-01  2.24885396E-01  5.24311857E-01  1.17004293E+00  0.00000000E+00  2.99608342E-02  6.23319023E-02
  9.26840000E-01  5.00000000E-01  2.17873654E-01  5.20731679E-01  1.17047281E+00  0.00000000E+00  2.93034196E-02  6.12883744E-02
  9.28720000E-01  5.00000000E-01  2.10858778E-01  5.17211088E-01  1.17090891E+00  0.00000000E+00  2.85059723E-02  6.02949496E-02
  9.30600000E-01  5.00000000E-01  2.03848132E-01  5.13770020E-01  1.17135660E+00  0.00000000E+00  2.75486288E-02  5.93566687E-02
  9.32480000E-01  5.00000000E-01  1.96849744E-01  5.10428322E-01  1.17182008E+00  0.00000000E+00  2.64083718E-02  5.84775229E-02
  9.34360000E-01  5.00000000E-01  1.89871820E-01  5.07205077E-01  1.17230739E+00  0.00000000E+00  2.50574159E-02  5.76602416E-02
  9.36240000E-01  5.00000000E-01  1.82922524E-01  5.04116912E-01  1.17282937E+00  0.00000000E+00  2.34604836E-02  5.69060227E-02
  9.38120000E-01  5.00000000E-01  1.76009233E-01  5.01175128E-01  1.17340206E+00  0.00000000E+00  2.15695354E-02  5.62141047E-02
  9.40000000E-01  5.00000000E-01  1.69137127E-01  4.98379400E-01  1.17404891E+00  0.00000000E+00  1.93129895E-02  5.55809980E-02
