               X               Y            VELX            VELY            PRES            TEMP            PS 1            PS 2  8.13000000E+00
  5.00000000E-01  1.93500000E+00  5.38349277E-02  7.17902271E-16  4.82755538E-01  0.00000000E+00  1.69991439E-11  1.00000000E-01
  5.00000000E-01  1.93523500E+00  5.33894199E-02 -5.16895702E-04  4.82755025E-01  0.00000000E+00  2.56783927E-10  6.49650308E-03
  5.00000000E-01  1.93547000E+00  5.19799247E-02 -1.03558759E-03  4.82753723E-01  0.00000000E+00  4.75557089E-09  1.50576715E-03
  5.00000000E-01  1.93570500E+00  4.96100965E-02 -1.55742668E-03  4.82751660E-01  0.00000000E+00 -9.96765882E-08 -1.18310596E-04
  5.00000000E-01  1.93594000E+00  4.62856794E-02 -2.08374935E-03  4.82748884E-01  0.00000000E+00  9.44196502E-07  6.91012770E-05
  5.00000000E-01  1.93617500E+00  4.20143815E-02 -2.61584423E-03  4.82745461E-01  0.00000000E+00  9.26416924E-06  3.01239844E-05
  5.00000000E-01  1.93641000E+00  3.68057525E-02 -3.15491613E-03  4.82741473E-01  0.00000000E+00  5.13970318E-05  6.11549221E-05
  5.00000000E-01  1.93664500E+00  3.06720378E-02 -3.70204907E-03  4.82736948E-01  0.00000000E+00  1.65736663E-04  1.36774305E-04
  5.00000000E-01  1.93688000E+00  2.36300228E-02 -4.25812600E-03  4.82731894E-01  0.00000000E+00  4.03458173E-04  2.32625834E-04
  5.00000000E-01  1.93711500E+00  1.57064703E-02 -4.82378057E-03  4.82726117E-01  0.00000000E+00  8.14934095E-04  3.47339969E-04
  5.00000000E-01  1.93735000E+00  6.94728682E-03 -5.39931685E-03  4.82719247E-01  0.00000000E+00  1.45478478E-03  4.81205166E-04
  5.00000000E-01  1.93758500E+00 -2.57064419E-03 -5.98461987E-03  4.82710713E-01  0.00000000E+00  2.38624296E-03  6.19578143E-04
  5.00000000E-01  1.93782000E+00 -1.27289463E-02 -6.57904442E-03  4.82699515E-01  0.00000000E+00  3.66503555E-03  7.80558427E-04
  5.00000000E-01  1.93805500E+00 -2.33274305E-02 -7.18120410E-03  4.82683810E-01  0.00000000E+00  5.31885950E-03  9.83366861E-04
  5.00000000E-01  1.93829000E+00 -3.40968383E-02 -7.78894095E-03  4.82661430E-01  0.00000000E+00  7.33222804E-03  1.23450267E-03
  5.00000000E-01  1.93852500E+00 -4.47424768E-02 -8.39963422E-03  4.82630276E-01  0.00000000E+00  9.65582173E-03  1.53133883E-03
  5.00000000E-01  1.93876000E+00 -5.49876752E-02 -9.01052357E-03  4.82588665E-01  0.00000000E+00  1.22173165E-02  1.86618687E-03
  5.00000000E-01  1.93899500E+00 -6.46172394E-02 -9.61903215E-03  4.82535689E-01  0.00000000E+00  1.49322116E-02  2.23036177E-03
  5.00000000E-01  1.93923000E+00 -7.35243159E-02 -1.02233644E-02  4.82470901E-01  0.00000000E+00  1.77178198E-02  2.61819155E-03
  5.00000000E-01  1.93946500E+00 -8.16670947E-02 -1.08225877E-02  4.82394201E-01  0.00000000E+00  2.05022473E-02  3.02701855E-03
  5.00000000E-01  1.93970000E+00 -8.90875553E-02 -1.14163160E-02  4.82306366E-01  0.00000000E+00  2.32352392E-02  3.45227442E-03
  5.00000000E-01  1.93993500E+00 -9.58587275E-02 -1.20046758E-02  4.82207941E-01  0.00000000E+00  2.58860698E-02  3.88951439E-03
  5.00000000E-01  1.94017000E+00 -1.02054762E-01 -1.25879029E-02  4.82099760E-01  0.00000000E+00  2.84360059E-02  4.33480240E-03
  5.00000000E-01  1.94040500E+00 -1.07748717E-01 -1.31663123E-02  4.81982834E-01  0.00000000E+00  3.08760759E-02  4.78471080E-03
  5.00000000E-01  1.94064000E+00 -1.13010350E-01 -1.37402695E-02  4.81858248E-01  0.00000000E+00  3.32048380E-02  5.23631990E-03
  5.00000000E-01  1.94087500E+00 -1.17903901E-01 -1.43101611E-02  4.81727043E-01  0.00000000E+00  3.54261489E-02  5.68721772E-03
  5.00000000E-01  1.94111000E+00 -1.22485884E-01 -1.48763650E-02  4.81590115E-01  0.00000000E+00  3.75469319E-02  6.13549955E-03
  5.00000000E-01  1.94134500E+00 -1.26802876E-01 -1.54392216E-02  4.81448100E-01  0.00000000E+00  3.95749462E-02  6.57976763E-03
  5.00000000E-01  1.94158000E+00 -1.30889301E-01 -1.59990044E-02  4.81301269E-01  0.00000000E+00  4.15165547E-02  7.01913079E-03
  5.00000000E-01  1.94181500E+00 -1.34770937E-01 -1.65559837E-02  4.81150199E-01  0.00000000E+00  4.33767165E-02  7.45298516E-03
  5.00000000E-01  1.94205000E+00 -1.38480661E-01 -1.71104775E-02  4.80995807E-01  0.00000000E+00  4.51635673E-02  7.88048871E-03
  5.00000000E-01  1.94228500E+00 -1.42038571E-01 -1.76626757E-02  4.80838126E-01  0.00000000E+00  4.68826273E-02  8.30129631E-03
  5.00000000E-01  1.94252000E+00 -1.45462251E-01 -1.82127816E-02  4.80677549E-01  0.00000000E+00  4.85392600E-02  8.71512780E-03
  5.00000000E-01  1.94275500E+00 -1.48767164E-01 -1.87609751E-02  4.80514420E-01  0.00000000E+00  5.01383476E-02  9.12176808E-03
  5.00000000E-01  1.94299000E+00 -1.51966833E-01 -1.93074139E-02  4.80349046E-01  0.00000000E+00  5.16843218E-02  9.52106074E-03
  5.00000000E-01  1.94322500E+00 -1.55073016E-01 -1.98522357E-02  4.80181697E-01  0.00000000E+00  5.31811962E-02  9.91290168E-03
  5.00000000E-01  1.94346000E+00 -1.58095885E-01 -2.03955596E-02  4.80012609E-01  0.00000000E+00  5.46325970E-02  1.02972328E-02
  5.00000000E-01  1.94369500E+00 -1.61044205E-01 -2.09374882E-02  4.79841995E-01  0.00000000E+00  5.60417953E-02  1.06740354E-02
  5.00000000E-01  1.94393000E+00 -1.63925514E-01 -2.14781094E-02  4.79670043E-01  0.00000000E+00  5.74117381E-02  1.10433244E-02
  5.00000000E-01  1.94416500E+00 -1.66746296E-01 -2.20174978E-02  4.79496927E-01  0.00000000E+00  5.87450799E-02  1.14051411E-02
  5.00000000E-01  1.94440000E+00 -1.69512166E-01 -2.25557170E-02  4.79322805E-01  0.00000000E+00  6.00442144E-02  1.17595477E-02
  5.00000000E-01  1.94463500E+00 -1.72228043E-01 -2.30928211E-02  4.79147828E-01  0.00000000E+00  6.13113062E-02  1.21066204E-02
  5.00000000E-01  1.94487000E+00 -1.74898329E-01 -2.36288564E-02  4.78972146E-01  0.00000000E+00  6.25483219E-02  1.24464430E-02
  5.00000000E-01  1.94510500E+00 -1.77527092E-01 -2.41638636E-02  4.78795908E-01  0.00000000E+00  6.37570617E-02  1.27791010E-02
  5.00000000E-01  1.94534000E+00 -1.80118237E-01 -2.46978791E-02  4.78619270E-01  0.00000000E+00  6.49391913E-02  1.31046747E-02
  5.00000000E-01  1.94557500E+00 -1.82675529E-01 -2.52309326E-02  4.78442401E-01  0.00000000E+00  6.60962497E-02  1.34232392E-02
  5.00000000E-01  1.94581000E+00 -1.85200940E-01 -2.57630188E-02  4.78265370E-01  0.00000000E+00  6.72295323E-02  1.37349422E-02
  5.00000000E-01  1.94604500E+00 -1.87697715E-01 -2.62941814E-02  4.78088210E-01  0.00000000E+00  6.83404337E-02  1.40398765E-02
  5.00000000E-01  1.94628000E+00 -1.90168086E-01 -2.68244311E-02  4.77911035E-01  0.00000000E+00  6.94300663E-02  1.43381538E-02
  5.00000000E-01  1.94651500E+00 -1.92614131E-01 -2.73537763E-02  4.77733954E-01  0.00000000E+00  7.04994723E-02  1.46298857E-02
  5.00000000E-01  1.94675000E+00 -1.95037780E-01 -2.78822240E-02  4.77557062E-01  0.00000000E+00  7.15496266E-02  1.49151838E-02
  5.00000000E-01  1.94698500E+00 -1.97440822E-01 -2.84097796E-02  4.77380449E-01  0.00000000E+00  7.25814403E-02  1.51941597E-02
  5.00000000E-01  1.94722000E+00 -1.99824916E-01 -2.89364468E-02  4.77204197E-01  0.00000000E+00  7.35957637E-02  1.54669245E-02
  5.00000000E-01  1.94745500E+00 -2.02191592E-01 -2.94622282E-02  4.77028380E-01  0.00000000E+00  7.45933896E-02  1.57335890E-02
  5.00000000E-01  1.94769000E+00 -2.04542267E-01 -2.99871248E-02  4.76853067E-01  0.00000000E+00  7.55750565E-02  1.59942634E-02
  5.00000000E-01  1.94792500E+00 -2.06878243E-01 -3.05111368E-02  4.76678321E-01  0.00000000E+00  7.65414519E-02  1.62490574E-02
  5.00000000E-01  1.94816000E+00 -2.09200726E-01 -3.10342631E-02  4.76504198E-01  0.00000000E+00  7.74932152E-02  1.64980796E-02
  5.00000000E-01  1.94839500E+00 -2.11510821E-01 -3.15565020E-02  4.76330753E-01  0.00000000E+00  7.84309411E-02  1.67414381E-02
  5.00000000E-01  1.94863000E+00 -2.13809551E-01 -3.20778507E-02  4.76158032E-01  0.00000000E+00  7.93551828E-02  1.69792397E-02
  5.00000000E-01  1.94886500E+00 -2.16097856E-01 -3.25983059E-02  4.75986082E-01  0.00000000E+00  8.02664552E-02  1.72115902E-02
  5.00000000E-01  1.94910000E+00 -2.18376607E-01 -3.31178638E-02  4.75814945E-01  0.00000000E+00  8.11652381E-02  1.74385940E-02
  5.00000000E-01  1.94933500E+00 -2.20646608E-01 -3.36365201E-02  4.75644661E-01  0.00000000E+00  8.20519792E-02  1.76603541E-02
  5.00000000E-01  1.94957000E+00 -2.22908609E-01 -3.41542701E-02  4.75475268E-01  0.00000000E+00  8.29270977E-02  1.78769722E-02
  5.00000000E-01  1.94980500E+00 -2.25163308E-01 -3.46711091E-02  4.75306804E-01  0.00000000E+00  8.37909870E-02  1.80885481E-02
  5.00000000E-01  1.95004000E+00 -2.27411364E-01 -3.51870321E-02  4.75139306E-01  0.00000000E+00  8.46440184E-02  1.82951799E-02
  5.00000000E-01  1.95027500E+00 -2.29653400E-01 -3.57020343E-02  4.74972810E-01  0.00000000E+00  8.54865439E-02  1.84969639E-02
  5.00000000E-01  1.95051000E+00 -2.31890015E-01 -3.62161111E-02  4.74807354E-01  0.00000000E+00  8.63188996E-02  1.86939944E-02
  5.00000000E-01  1.95074500E+00 -2.34121787E-01 -3.67292581E-02  4.74642976E-01  0.00000000E+00  8.71414089E-02  1.88863634E-02
  5.00000000E-01  1.95098000E+00 -2.36349284E-01 -3.72414711E-02  4.74479717E-01  0.00000000E+00  8.79543855E-02  1.90741607E-02
  5.00000000E-01  1.95121500E+00 -2.38573069E-01 -3.77527469E-02  4.74317620E-01  0.00000000E+00  8.87581369E-02  1.92574738E-02
  5.00000000E-01  1.95145000E+00 -2.40793531E-01 -3.82630762E-02  4.74156640E-01  0.00000000E+00  8.95528934E-02  1.94363926E-02
  5.00000000E-01  1.95168500E+00 -2.43011036E-01 -3.87724513E-02  4.73996764E-01  0.00000000E+00  9.03388824E-02  1.96110107E-02
  5.00000000E-01  1.95192000E+00 -2.45226105E-01 -3.92808712E-02  4.73838076E-01  0.00000000E+00  9.11163848E-02  1.97814118E-02
  5.00000000E-01  1.95215500E+00 -2.47439117E-01 -3.97883306E-02  4.73680594E-01  0.00000000E+00  9.18856172E-02  1.99476797E-02
  5.00000000E-01  1.95239000E+00 -2.49650437E-01 -4.02948244E-02  4.73524330E-01  0.00000000E+00  9.26467871E-02  2.01098968E-02
  5.00000000E-01  1.95262500E+00 -2.51860411E-01 -4.08003475E-02  4.73369299E-01  0.00000000E+00  9.34000931E-02  2.02681442E-02
  5.00000000E-01  1.95286000E+00 -2.54069376E-01 -4.13048948E-02  4.73215514E-01  0.00000000E+00  9.41457253E-02  2.04225016E-02
  5.00000000E-01  1.95309500E+00 -2.56277651E-01 -4.18084613E-02  4.73062985E-01  0.00000000E+00  9.48838653E-02  2.05730474E-02
  5.00000000E-01  1.95333000E+00 -2.58485542E-01 -4.23110421E-02  4.72911724E-01  0.00000000E+00  9.56146867E-02  2.07198587E-02
  5.00000000E-01  1.95356500E+00 -2.60693345E-01 -4.28126321E-02  4.72761741E-01  0.00000000E+00  9.63383550E-02  2.08630112E-02
  5.00000000E-01  1.95380000E+00 -2.62901341E-01 -4.33132265E-02  4.72613044E-01  0.00000000E+00  9.70550285E-02  2.10025796E-02
  5.00000000E-01  1.95403500E+00 -2.65109797E-01 -4.38128202E-02  4.72465641E-01  0.00000000E+00  9.77648578E-02  2.11386369E-02
  5.00000000E-01  1.95427000E+00 -2.67318973E-01 -4.43114084E-02  4.72319541E-01  0.00000000E+00  9.84679866E-02  2.12712552E-02
  5.00000000E-01  1.95450500E+00 -2.69529113E-01 -4.48089862E-02  4.72174750E-01  0.00000000E+00  9.91645518E-02  2.14005053E-02
  5.00000000E-01  1.95474000E+00 -2.71740454E-01 -4.53055486E-02  4.72031273E-01  0.00000000E+00  9.98546836E-02  2.15264567E-02
  5.00000000E-01  1.95497500E+00 -2.73953219E-01 -4.58010907E-02  4.71889115E-01  0.00000000E+00  1.00538506E-01  2.16491778E-02
  5.00000000E-01  1.95521000E+00 -2.76167624E-01 -4.62956076E-02  4.71748281E-01  0.00000000E+00  1.01216137E-01  2.17687358E-02
  5.00000000E-01  1.95544500E+00 -2.78383874E-01 -4.67890944E-02  4.71608776E-01  0.00000000E+00  1.01887689E-01  2.18851967E-02
  5.00000000E-01  1.95568000E+00 -2.80602164E-01 -4.72815462E-02  4.71470600E-01  0.00000000E+00  1.02553268E-01  2.19986255E-02
  5.00000000E-01  1.95591500E+00 -2.82822684E-01 -4.77729578E-02  4.71333758E-01  0.00000000E+00  1.03212976E-01  2.21090859E-02
  5.00000000E-01  1.95615000E+00 -2.85045611E-01 -4.82633244E-02  4.71198251E-01  0.00000000E+00  1.03866908E-01  2.22166407E-02
  5.00000000E-01  1.95638500E+00 -2.87271117E-01 -4.87526409E-02  4.71064079E-01  0.00000000E+00  1.04515158E-01  2.23213515E-02
  5.00000000E-01  1.95662000E+00 -2.89499367E-01 -4.92409022E-02  4.70931244E-01  0.00000000E+00  1.05157810E-01  2.24232787E-02
  5.00000000E-01  1.95685500E+00 -2.91730517E-01 -4.97281033E-02  4.70799746E-01  0.00000000E+00  1.05794950E-01  2.25224819E-02
  5.00000000E-01  1.95709000E+00 -2.93964719E-01 -5.02142389E-02  4.70669584E-01  0.00000000E+00  1.06426655E-01  2.26190196E-02
  5.00000000E-01  1.95732500E+00 -2.96202116E-01 -5.06993038E-02  4.70540758E-01  0.00000000E+00  1.07053000E-01  2.27129492E-02
  5.00000000E-01  1.95756000E+00 -2.98442849E-01 -5.11832928E-02  4.70413265E-01  0.00000000E+00  1.07674057E-01  2.28043273E-02
  5.00000000E-01  1.95779500E+00 -3.00687051E-01 -5.16662006E-02  4.70287104E-01  0.00000000E+00  1.08289895E-01  2.28932092E-02
  5.00000000E-01  1.95803000E+00 -3.02934851E-01 -5.21480217E-02  4.70162274E-01  0.00000000E+00  1.08900578E-01  2.29796495E-02
  5.00000000E-01  1.95826500E+00 -3.05186374E-01 -5.26287506E-02  4.70038770E-01  0.00000000E+00  1.09506171E-01  2.30637019E-02
  5.00000000E-01  1.95850000E+00 -3.07441742E-01 -5.31083819E-02  4.69916591E-01  0.00000000E+00  1.10106733E-01  2.31454190E-02
  5.00000000E-01  1.95873500E+00 -3.09701071E-01 -5.35869099E-02  4.69795732E-01  0.00000000E+00  1.10702322E-01  2.32248526E-02
  5.00000000E-01  1.95897000E+00 -3.11964478E-01 -5.40643288E-02  4.69676191E-01  0.00000000E+00  1.11292995E-01  2.33020535E-02
  5.00000000E-01  1.95920500E+00 -3.14232073E-01 -5.45406330E-02  4.69557963E-01  0.00000000E+00  1.11878806E-01  2.33770719E-02
  5.00000000E-01  1.95944000E+00 -3.16503968E-01 -5.50158164E-02  4.69441043E-01  0.00000000E+00  1.12459809E-01  2.34499568E-02
  5.00000000E-01  1.95967500E+00 -3.18780270E-01 -5.54898732E-02  4.69325429E-01  0.00000000E+00  1.13036055E-01  2.35207566E-02
  5.00000000E-01  1.95991000E+00 -3.21061087E-01 -5.59627971E-02  4.69211113E-01  0.00000000E+00  1.13607595E-01  2.35895189E-02
  5.00000000E-01  1.96014500E+00 -3.23346466E-01 -5.64345840E-02  4.69098089E-01  0.00000000E+00  1.14174448E-01  2.36562900E-02
  5.00000000E-01  1.96038000E+00 -3.25636497E-01 -5.69052271E-02  4.68986359E-01  0.00000000E+00  1.14736655E-01  2.37211171E-02
  5.00000000E-01  1.96061500E+00 -3.27931291E-01 -5.73747193E-02  4.68875919E-01  0.00000000E+00  1.15294268E-01  2.37840454E-02
  5.00000000E-01  1.96085000E+00 -3.30230929E-01 -5.78430543E-02  4.68766765E-01  0.00000000E+00  1.15847324E-01  2.38451192E-02
  5.00000000E-01  1.96108500E+00 -3.32535487E-01 -5.83102260E-02  4.68658890E-01  0.00000000E+00  1.16395855E-01  2.39043821E-02
  5.00000000E-01  1.96132000E+00 -3.34845039E-01 -5.87762278E-02  4.68552288E-01  0.00000000E+00  1.16939894E-01  2.39618767E-02
  5.00000000E-01  1.96155500E+00 -3.37159658E-01 -5.92410535E-02  4.68446953E-01  0.00000000E+00  1.17479472E-01  2.40176453E-02
  5.00000000E-01  1.96179000E+00 -3.39479413E-01 -5.97046963E-02  4.68342880E-01  0.00000000E+00  1.18014618E-01  2.40717292E-02
  5.00000000E-01  1.96202500E+00 -3.41804371E-01 -6.01671497E-02  4.68240061E-01  0.00000000E+00  1.18545359E-01  2.41241692E-02
  5.00000000E-01  1.96226000E+00 -3.44134596E-01 -6.06284070E-02  4.68138492E-01  0.00000000E+00  1.19071722E-01  2.41750054E-02
  5.00000000E-01  1.96249500E+00 -3.46470151E-01 -6.10884613E-02  4.68038166E-01  0.00000000E+00  1.19593733E-01  2.42242772E-02
  5.00000000E-01  1.96273000E+00 -3.48811095E-01 -6.15473058E-02  4.67939076E-01  0.00000000E+00  1.20111414E-01  2.42720232E-02
  5.00000000E-01  1.96296500E+00 -3.51157487E-01 -6.20049334E-02  4.67841216E-01  0.00000000E+00  1.20624790E-01  2.43182818E-02
  5.00000000E-01  1.96320000E+00 -3.53509381E-01 -6.24613372E-02  4.67744581E-01  0.00000000E+00  1.21133880E-01  2.43630902E-02
  5.00000000E-01  1.96343500E+00 -3.55866831E-01 -6.29165099E-02  4.67649163E-01  0.00000000E+00  1.21638706E-01  2.44064855E-02
  5.00000000E-01  1.96367000E+00 -3.58229888E-01 -6.33704443E-02  4.67554957E-01  0.00000000E+00  1.22139286E-01  2.44485038E-02
  5.00000000E-01  1.96390500E+00 -3.60598600E-01 -6.38231332E-02  4.67461956E-01  0.00000000E+00  1.22635638E-01  2.44891807E-02
  5.00000000E-01  1.96414000E+00 -3.62973013E-01 -6.42745692E-02  4.67370155E-01  0.00000000E+00  1.23127779E-01  2.45285513E-02
  5.00000000E-01  1.96437500E+00 -3.65353174E-01 -6.47247447E-02  4.67279545E-01  0.00000000E+00  1.23615724E-01  2.45666501E-02
  5.00000000E-01  1.96461000E+00 -3.67739123E-01 -6.51736524E-02  4.67190122E-01  0.00000000E+00  1.24099488E-01  2.46035108E-02
  5.00000000E-01  1.96484500E+00 -3.70130902E-01 -6.56212846E-02  4.67101879E-01  0.00000000E+00  1.24579085E-01  2.46391669E-02
  5.00000000E-01  1.96508000E+00 -3.72528548E-01 -6.60676336E-02  4.67014809E-01  0.00000000E+00  1.25054527E-01  2.46736509E-02
  5.00000000E-01  1.96531500E+00 -3.74932100E-01 -6.65126917E-02  4.66928905E-01  0.00000000E+00  1.25525826E-01  2.47069952E-02
  5.00000000E-01  1.96555000E+00 -3.77341590E-01 -6.69564510E-02  4.66844163E-01  0.00000000E+00  1.25992993E-01  2.47392312E-02
  5.00000000E-01  1.96578500E+00 -3.79757052E-01 -6.73989038E-02  4.66760574E-01  0.00000000E+00  1.26456037E-01  2.47703902E-02
  5.00000000E-01  1.96602000E+00 -3.82178517E-01 -6.78400421E-02  4.66678133E-01  0.00000000E+00  1.26914967E-01  2.48005026E-02
  5.00000000E-01  1.96625500E+00 -3.84606014E-01 -6.82798579E-02  4.66596834E-01  0.00000000E+00  1.27369792E-01  2.48295985E-02
  5.00000000E-01  1.96649000E+00 -3.87039569E-01 -6.87183431E-02  4.66516669E-01  0.00000000E+00  1.27820518E-01  2.48577075E-02
  5.00000000E-01  1.96672500E+00 -3.89479210E-01 -6.91554897E-02  4.66437632E-01  0.00000000E+00  1.28267153E-01  2.48848585E-02
  5.00000000E-01  1.96696000E+00 -3.91924959E-01 -6.95912893E-02  4.66359718E-01  0.00000000E+00  1.28709701E-01  2.49110802E-02
  5.00000000E-01  1.96719500E+00 -3.94376838E-01 -7.00257339E-02  4.66282919E-01  0.00000000E+00  1.29148169E-01  2.49364006E-02
  5.00000000E-01  1.96743000E+00 -3.96834869E-01 -7.04588150E-02  4.66207229E-01  0.00000000E+00  1.29582560E-01  2.49608472E-02
  5.00000000E-01  1.96766500E+00 -3.99299069E-01 -7.08905244E-02  4.66132641E-01  0.00000000E+00  1.30012879E-01  2.49844472E-02
  5.00000000E-01  1.96790000E+00 -4.01769457E-01 -7.13208536E-02  4.66059150E-01  0.00000000E+00  1.30439127E-01  2.50072273E-02
  5.00000000E-01  1.96813500E+00 -4.04246048E-01 -7.17497943E-02  4.65986749E-01  0.00000000E+00  1.30861309E-01  2.50292137E-02
  5.00000000E-01  1.96837000E+00 -4.06728856E-01 -7.21773378E-02  4.65915431E-01  0.00000000E+00  1.31279425E-01  2.50504321E-02
  5.00000000E-01  1.96860500E+00 -4.09217895E-01 -7.26034757E-02  4.65845190E-01  0.00000000E+00  1.31693477E-01  2.50709079E-02
  5.00000000E-01  1.96884000E+00 -4.11713175E-01 -7.30281993E-02  4.65776020E-01  0.00000000E+00  1.32103467E-01  2.50906661E-02
  5.00000000E-01  1.96907500E+00 -4.14214706E-01 -7.34515000E-02  4.65707915E-01  0.00000000E+00  1.32509394E-01  2.51097311E-02
  5.00000000E-01  1.96931000E+00 -4.16722498E-01 -7.38733691E-02  4.65640867E-01  0.00000000E+00  1.32911259E-01  2.51281270E-02
  5.00000000E-01  1.96954500E+00 -4.19236556E-01 -7.42937979E-02  4.65574872E-01  0.00000000E+00  1.33309061E-01  2.51458777E-02
  5.00000000E-01  1.96978000E+00 -4.21756888E-01 -7.47127775E-02  4.65509922E-01  0.00000000E+00  1.33702800E-01  2.51630064E-02
  5.00000000E-01  1.97001500E+00 -4.24283498E-01 -7.51302992E-02  4.65446011E-01  0.00000000E+00  1.34092474E-01  2.51795361E-02
  5.00000000E-01  1.97025000E+00 -4.26816390E-01 -7.55463542E-02  4.65383133E-01  0.00000000E+00  1.34478083E-01  2.51954893E-02
  5.00000000E-01  1.97048500E+00 -4.29355565E-01 -7.59609334E-02  4.65321283E-01  0.00000000E+00  1.34859623E-01  2.52108884E-02
  5.00000000E-01  1.97072000E+00 -4.31901024E-01 -7.63740280E-02  4.65260453E-01  0.00000000E+00  1.35237094E-01  2.52257552E-02
  5.00000000E-01  1.97095500E+00 -4.34452769E-01 -7.67856291E-02  4.65200638E-01  0.00000000E+00  1.35610494E-01  2.52401113E-02
  5.00000000E-01  1.97119000E+00 -4.37010796E-01 -7.71957276E-02  4.65141831E-01  0.00000000E+00  1.35979819E-01  2.52539778E-02
  5.00000000E-01  1.97142500E+00 -4.39575105E-01 -7.76043144E-02  4.65084027E-01  0.00000000E+00  1.36345067E-01  2.52673757E-02
  5.00000000E-01  1.97166000E+00 -4.42145693E-01 -7.80113806E-02  4.65027220E-01  0.00000000E+00  1.36706236E-01  2.52803255E-02
  5.00000000E-01  1.97189500E+00 -4.44722554E-01 -7.84169171E-02  4.64971404E-01  0.00000000E+00  1.37063324E-01  2.52928475E-02
  5.00000000E-01  1.97213000E+00 -4.47305683E-01 -7.88209146E-02  4.64916572E-01  0.00000000E+00  1.37416326E-01  2.53049618E-02
  5.00000000E-01  1.97236500E+00 -4.49895073E-01 -7.92233642E-02  4.64862721E-01  0.00000000E+00  1.37765238E-01  2.53166875E-02
  5.00000000E-01  1.97260000E+00 -4.52490694E-01 -7.96242574E-02  4.64809852E-01  0.00000000E+00  1.38110043E-01  2.53280415E-02
  5.00000000E-01  1.97283500E+00 -4.55092551E-01 -8.00235844E-02  4.64757953E-01  0.00000000E+00  1.38450746E-01  2.53390445E-02
  5.00000000E-01  1.97307000E+00 -4.57700630E-01 -8.04213360E-02  4.64707017E-01  0.00000000E+00  1.38787342E-01  2.53497151E-02
  5.00000000E-01  1.97330500E+00 -4.60314920E-01 -8.08175031E-02  4.64657039E-01  0.00000000E+00  1.39119826E-01  2.53600713E-02
  5.00000000E-01  1.97354000E+00 -4.62935405E-01 -8.12120766E-02  4.64608013E-01  0.00000000E+00  1.39448192E-01  2.53701311E-02
  5.00000000E-01  1.97377500E+00 -4.65562071E-01 -8.16050471E-02  4.64559934E-01  0.00000000E+00  1.39772435E-01  2.53799120E-02
  5.00000000E-01  1.97401000E+00 -4.68194901E-01 -8.19964056E-02  4.64512797E-01  0.00000000E+00  1.40092550E-01  2.53894314E-02
  5.00000000E-01  1.97424500E+00 -4.70833877E-01 -8.23861427E-02  4.64466597E-01  0.00000000E+00  1.40408530E-01  2.53987064E-02
  5.00000000E-01  1.97448000E+00 -4.73478981E-01 -8.27742494E-02  4.64421327E-01  0.00000000E+00  1.40720370E-01  2.54077536E-02
  5.00000000E-01  1.97471500E+00 -4.76130194E-01 -8.31607163E-02  4.64376984E-01  0.00000000E+00  1.41028063E-01  2.54165898E-02
  5.00000000E-01  1.97495000E+00 -4.78787493E-01 -8.35455342E-02  4.64333561E-01  0.00000000E+00  1.41331605E-01  2.54252310E-02
  5.00000000E-01  1.97518500E+00 -4.81450858E-01 -8.39286940E-02  4.64291054E-01  0.00000000E+00  1.41630988E-01  2.54336934E-02
  5.00000000E-01  1.97542000E+00 -4.84120264E-01 -8.43101863E-02  4.64249458E-01  0.00000000E+00  1.41926208E-01  2.54419928E-02
  5.00000000E-01  1.97565500E+00 -4.86795689E-01 -8.46900020E-02  4.64208767E-01  0.00000000E+00  1.42217257E-01  2.54501446E-02
  5.00000000E-01  1.97589000E+00 -4.89477106E-01 -8.50681319E-02  4.64168976E-01  0.00000000E+00  1.42504129E-01  2.54581642E-02
  5.00000000E-01  1.97612500E+00 -4.92164489E-01 -8.54445668E-02  4.64130082E-01  0.00000000E+00  1.42786819E-01  2.54660666E-02
  5.00000000E-01  1.97636000E+00 -4.94857812E-01 -8.58192974E-02  4.64092078E-01  0.00000000E+00  1.43065321E-01  2.54738665E-02
  5.00000000E-01  1.97659500E+00 -4.97557045E-01 -8.61923146E-02  4.64054960E-01  0.00000000E+00  1.43339627E-01  2.54815787E-02
  5.00000000E-01  1.97683000E+00 -5.00262159E-01 -8.65636092E-02  4.64018723E-01  0.00000000E+00  1.43609732E-01  2.54892175E-02
  5.00000000E-01  1.97706500E+00 -5.02973123E-01 -8.69331720E-02  4.63983362E-01  0.00000000E+00  1.43875630E-01  2.54967970E-02
  5.00000000E-01  1.97730000E+00 -5.05689907E-01 -8.73009939E-02  4.63948873E-01  0.00000000E+00  1.44137314E-01  2.55043311E-02
  5.00000000E-01  1.97753500E+00 -5.08412477E-01 -8.76670657E-02  4.63915251E-01  0.00000000E+00  1.44394779E-01  2.55118335E-02
  5.00000000E-01  1.97777000E+00 -5.11140800E-01 -8.80313784E-02  4.63882491E-01  0.00000000E+00  1.44648019E-01  2.55193178E-02
  5.00000000E-01  1.97800500E+00 -5.13874842E-01 -8.83939228E-02  4.63850589E-01  0.00000000E+00  1.44897027E-01  2.55267972E-02
  5.00000000E-01  1.97824000E+00 -5.16614566E-01 -8.87546899E-02  4.63819539E-01  0.00000000E+00  1.45141798E-01  2.55342848E-02
  5.00000000E-01  1.97847500E+00 -5.19359936E-01 -8.91136707E-02  4.63789339E-01  0.00000000E+00  1.45382326E-01  2.55417936E-02
  5.00000000E-01  1.97871000E+00 -5.22110915E-01 -8.94708561E-02  4.63759982E-01  0.00000000E+00  1.45618604E-01  2.55493361E-02
  5.00000000E-01  1.97894500E+00 -5.24867463E-01 -8.98262371E-02  4.63731464E-01  0.00000000E+00  1.45850629E-01  2.55569250E-02
  5.00000000E-01  1.97918000E+00 -5.27629543E-01 -9.01798047E-02  4.63703782E-01  0.00000000E+00  1.46078393E-01  2.55645726E-02
  5.00000000E-01  1.97941500E+00 -5.30397112E-01 -9.05315501E-02  4.63676931E-01  0.00000000E+00  1.46301892E-01  2.55722909E-02
  5.00000000E-01  1.97965000E+00 -5.33170130E-01 -9.08814644E-02  4.63650906E-01  0.00000000E+00  1.46521121E-01  2.55800920E-02
  5.00000000E-01  1.97988500E+00 -5.35948553E-01 -9.12295386E-02  4.63625703E-01  0.00000000E+00  1.46736074E-01  2.55879876E-02
  5.00000000E-01  1.98012000E+00 -5.38732340E-01 -9.15757639E-02  4.63601318E-01  0.00000000E+00  1.46946746E-01  2.55959893E-02
  5.00000000E-01  1.98035500E+00 -5.41521445E-01 -9.19201316E-02  4.63577747E-01  0.00000000E+00  1.47153133E-01  2.56041086E-02
  5.00000000E-01  1.98059000E+00 -5.44315824E-01 -9.22626329E-02  4.63554985E-01  0.00000000E+00  1.47355230E-01  2.56123568E-02
  5.00000000E-01  1.98082500E+00 -5.47115429E-01 -9.26032591E-02  4.63533028E-01  0.00000000E+00  1.47553032E-01  2.56207451E-02
  5.00000000E-01  1.98106000E+00 -5.49920215E-01 -9.29420016E-02  4.63511873E-01  0.00000000E+00  1.47746535E-01  2.56292842E-02
  5.00000000E-01  1.98129500E+00 -5.52730133E-01 -9.32788517E-02  4.63491514E-01  0.00000000E+00  1.47935736E-01  2.56379852E-02
  5.00000000E-01  1.98153000E+00 -5.55545134E-01 -9.36138008E-02  4.63471949E-01  0.00000000E+00  1.48120631E-01  2.56468586E-02
  5.00000000E-01  1.98176500E+00 -5.58365169E-01 -9.39468404E-02  4.63453172E-01  0.00000000E+00  1.48301215E-01  2.56559151E-02
  5.00000000E-01  1.98200000E+00 -5.61190187E-01 -9.42779620E-02  4.63435181E-01  0.00000000E+00  1.48477485E-01  2.56651649E-02
  5.00000000E-01  1.98223500E+00 -5.64020136E-01 -9.46071573E-02  4.63417971E-01  0.00000000E+00  1.48649439E-01  2.56746183E-02
  5.00000000E-01  1.98247000E+00 -5.66854964E-01 -9.49344179E-02  4.63401538E-01  0.00000000E+00  1.48817073E-01  2.56842854E-02
  5.00000000E-01  1.98270500E+00 -5.69694617E-01 -9.52597354E-02  4.63385878E-01  0.00000000E+00  1.48980385E-01  2.56941763E-02
  5.00000000E-01  1.98294000E+00 -5.72539043E-01 -9.55831015E-02  4.63370987E-01  0.00000000E+00  1.49139373E-01  2.57043008E-02
  5.00000000E-01  1.98317500E+00 -5.75388185E-01 -9.59045082E-02  4.63356863E-01  0.00000000E+00  1.49294034E-01  2.57146687E-02
  5.00000000E-01  1.98341000E+00 -5.78241987E-01 -9.62239472E-02  4.63343500E-01  0.00000000E+00  1.49444367E-01  2.57252895E-02
  5.00000000E-01  1.98364500E+00 -5.81100395E-01 -9.65414105E-02  4.63330895E-01  0.00000000E+00  1.49590370E-01  2.57361729E-02
  5.00000000E-01  1.98388000E+00 -5.83963348E-01 -9.68568901E-02  4.63319044E-01  0.00000000E+00  1.49732042E-01  2.57473281E-02
  5.00000000E-01  1.98411500E+00 -5.86830791E-01 -9.71703780E-02  4.63307945E-01  0.00000000E+00  1.49869382E-01  2.57587646E-02
  5.00000000E-01  1.98435000E+00 -5.89702663E-01 -9.74818663E-02  4.63297592E-01  0.00000000E+00  1.50002391E-01  2.57704915E-02
  5.00000000E-01  1.98458500E+00 -5.92578904E-01 -9.77913474E-02  4.63287983E-01  0.00000000E+00  1.50131067E-01  2.57825179E-02
  5.00000000E-01  1.98482000E+00 -5.95459454E-01 -9.80988131E-02  4.63279114E-01  0.00000000E+00  1.50255408E-01  2.57948517E-02
  5.00000000E-01  1.98505500E+00 -5.98344251E-01 -9.84042559E-02  4.63270982E-01  0.00000000E+00  1.50375416E-01  2.58075020E-02
  5.00000000E-01  1.98529000E+00 -6.01233232E-01 -9.87076685E-02  4.63263582E-01  0.00000000E+00  1.50491093E-01  2.58204779E-02
  5.00000000E-01  1.98552500E+00 -6.04126335E-01 -9.90090431E-02  4.63256911E-01  0.00000000E+00  1.50602440E-01  2.58337880E-02
  5.00000000E-01  1.98576000E+00 -6.07023495E-01 -9.93083723E-02  4.63250964E-01  0.00000000E+00  1.50709457E-01  2.58474406E-02
  5.00000000E-01  1.98599500E+00 -6.09924648E-01 -9.96056489E-02  4.63245739E-01  0.00000000E+00  1.50812146E-01  2.58614442E-02
  5.00000000E-01  1.98623000E+00 -6.12829729E-01 -9.99008654E-02  4.63241232E-01  0.00000000E+00  1.50910509E-01  2.58758068E-02
  5.00000000E-01  1.98646500E+00 -6.15738672E-01 -1.00194015E-01  4.63237439E-01  0.00000000E+00  1.51004548E-01  2.58905367E-02
  5.00000000E-01  1.98670000E+00 -6.18651410E-01 -1.00485090E-01  4.63234358E-01  0.00000000E+00  1.51094267E-01  2.59056419E-02
  5.00000000E-01  1.98693500E+00 -6.21567875E-01 -1.00774083E-01  4.63231985E-01  0.00000000E+00  1.51179668E-01  2.59211303E-02
  5.00000000E-01  1.98717000E+00 -6.24488000E-01 -1.01060989E-01  4.63230317E-01  0.00000000E+00  1.51260754E-01  2.59370098E-02
  5.00000000E-01  1.98740500E+00 -6.27411714E-01 -1.01345799E-01  4.63229349E-01  0.00000000E+00  1.51337530E-01  2.59532883E-02
  5.00000000E-01  1.98764000E+00 -6.30338949E-01 -1.01628507E-01  4.63229079E-01  0.00000000E+00  1.51410000E-01  2.59699734E-02
  5.00000000E-01  1.98787500E+00 -6.33269634E-01 -1.01909106E-01  4.63229504E-01  0.00000000E+00  1.51478169E-01  2.59870728E-02
  5.00000000E-01  1.98811000E+00 -6.36203699E-01 -1.02187590E-01  4.63230620E-01  0.00000000E+00  1.51542042E-01  2.60045940E-02
  5.00000000E-01  1.98834500E+00 -6.39141070E-01 -1.02463953E-01  4.63232424E-01  0.00000000E+00  1.51601624E-01  2.60225446E-02
  5.00000000E-01  1.98858000E+00 -6.42081677E-01 -1.02738187E-01  4.63234912E-01  0.00000000E+00  1.51656922E-01  2.60409318E-02
  5.00000000E-01  1.98881500E+00 -6.45025446E-01 -1.03010287E-01  4.63238081E-01  0.00000000E+00  1.51707941E-01  2.60597631E-02
  5.00000000E-01  1.98905000E+00 -6.47972302E-01 -1.03280246E-01  4.63241929E-01  0.00000000E+00  1.51754689E-01  2.60790458E-02
  5.00000000E-01  1.98928500E+00 -6.50922173E-01 -1.03548058E-01  4.63246451E-01  0.00000000E+00  1.51797173E-01  2.60987869E-02
  5.00000000E-01  1.98952000E+00 -6.53874983E-01 -1.03813718E-01  4.63251644E-01  0.00000000E+00  1.51835401E-01  2.61189936E-02
  5.00000000E-01  1.98975500E+00 -6.56830656E-01 -1.04077219E-01  4.63257505E-01  0.00000000E+00  1.51869380E-01  2.61396731E-02
  5.00000000E-01  1.98999000E+00 -6.59789116E-01 -1.04338556E-01  4.63264032E-01  0.00000000E+00  1.51899120E-01  2.61608322E-02
  5.00000000E-01  1.99022500E+00 -6.62750287E-01 -1.04597722E-01  4.63271220E-01  0.00000000E+00  1.51924629E-01  2.61824779E-02
  5.00000000E-01  1.99046000E+00 -6.65714091E-01 -1.04854713E-01  4.63279066E-01  0.00000000E+00  1.51945917E-01  2.62046171E-02
  5.00000000E-01  1.99069500E+00 -6.68680450E-01 -1.05109523E-01  4.63287568E-01  0.00000000E+00  1.51962994E-01  2.62272566E-02
  5.00000000E-01  1.99093000E+00 -6.71649286E-01 -1.05362147E-01  4.63296721E-01  0.00000000E+00  1.51975870E-01  2.62504031E-02
  5.00000000E-01  1.99116500E+00 -6.74620520E-01 -1.05612578E-01  4.63306523E-01  0.00000000E+00  1.51984556E-01  2.62740633E-02
  5.00000000E-01  1.99140000E+00 -6.77594072E-01 -1.05860813E-01  4.63316971E-01  0.00000000E+00  1.51989062E-01  2.62982438E-02
  5.00000000E-01  1.99163500E+00 -6.80569861E-01 -1.06106846E-01  4.63328061E-01  0.00000000E+00  1.51989402E-01  2.63229513E-02
  5.00000000E-01  1.99187000E+00 -6.83547809E-01 -1.06350672E-01  4.63339790E-01  0.00000000E+00  1.51985587E-01  2.63481922E-02
  5.00000000E-01  1.99210500E+00 -6.86527832E-01 -1.06592287E-01  4.63352155E-01  0.00000000E+00  1.51977630E-01  2.63739730E-02
  5.00000000E-01  1.99234000E+00 -6.89509850E-01 -1.06831686E-01  4.63365153E-01  0.00000000E+00  1.51965543E-01  2.64003001E-02
  5.00000000E-01  1.99257500E+00 -6.92493780E-01 -1.07068864E-01  4.63378781E-01  0.00000000E+00  1.51949341E-01  2.64271800E-02
  5.00000000E-01  1.99281000E+00 -6.95479540E-01 -1.07303816E-01  4.63393035E-01  0.00000000E+00  1.51929037E-01  2.64546189E-02
  5.00000000E-01  1.99304500E+00 -6.98467047E-01 -1.07536540E-01  4.63407912E-01  0.00000000E+00  1.51904647E-01  2.64826232E-02
  5.00000000E-01  1.99328000E+00 -7.01456217E-01 -1.07767030E-01  4.63423409E-01  0.00000000E+00  1.51876184E-01  2.65111990E-02
  5.00000000E-01  1.99351500E+00 -7.04446967E-01 -1.07995282E-01  4.63439523E-01  0.00000000E+00  1.51843665E-01  2.65403526E-02
  5.00000000E-01  1.99375000E+00 -7.07439211E-01 -1.08221293E-01  4.63456251E-01  0.00000000E+00  1.51807105E-01  2.65700901E-02
  5.00000000E-01  1.99398500E+00 -7.10432864E-01 -1.08445059E-01  4.63473589E-01  0.00000000E+00  1.51766522E-01  2.66004176E-02
  5.00000000E-01  1.99422000E+00 -7.13427842E-01 -1.08666576E-01  4.63491535E-01  0.00000000E+00  1.51721932E-01  2.66313413E-02
  5.00000000E-01  1.99445500E+00 -7.16424059E-01 -1.08885840E-01  4.63510085E-01  0.00000000E+00  1.51673352E-01  2.66628672E-02
  5.00000000E-01  1.99469000E+00 -7.19421429E-01 -1.09102849E-01  4.63529237E-01  0.00000000E+00  1.51620800E-01  2.66950012E-02
  5.00000000E-01  1.99492500E+00 -7.22419864E-01 -1.09317599E-01  4.63548986E-01  0.00000000E+00  1.51564296E-01  2.67277494E-02
  5.00000000E-01  1.99516000E+00 -7.25419279E-01 -1.09530087E-01  4.63569330E-01  0.00000000E+00  1.51503857E-01  2.67611178E-02
  5.00000000E-01  1.99539500E+00 -7.28419586E-01 -1.09740309E-01  4.63590265E-01  0.00000000E+00  1.51439504E-01  2.67951122E-02
  5.00000000E-01  1.99563000E+00 -7.31420697E-01 -1.09948264E-01  4.63611789E-01  0.00000000E+00  1.51371256E-01  2.68297385E-02
  5.00000000E-01  1.99586500E+00 -7.34422524E-01 -1.10153949E-01  4.63633899E-01  0.00000000E+00  1.51299134E-01  2.68650026E-02
  5.00000000E-01  1.99610000E+00 -7.37424980E-01 -1.10357360E-01  4.63656590E-01  0.00000000E+00  1.51223158E-01  2.69009104E-02
  5.00000000E-01  1.99633500E+00 -7.40427974E-01 -1.10558497E-01  4.63679861E-01  0.00000000E+00  1.51143352E-01  2.69374676E-02
  5.00000000E-01  1.99657000E+00 -7.43431419E-01 -1.10757355E-01  4.63703707E-01  0.00000000E+00  1.51059735E-01  2.69746801E-02
  5.00000000E-01  1.99680500E+00 -7.46435225E-01 -1.10953934E-01  4.63728126E-01  0.00000000E+00  1.50972332E-01  2.70125537E-02
  5.00000000E-01  1.99704000E+00 -7.49439303E-01 -1.11148231E-01  4.63753118E-01  0.00000000E+00  1.50881165E-01  2.70510937E-02
  5.00000000E-01  1.99727500E+00 -7.52443564E-01 -1.11340243E-01  4.63778693E-01  0.00000000E+00  1.50786253E-01  2.70903041E-02
  5.00000000E-01  1.99751000E+00 -7.55447917E-01 -1.11529970E-01  4.63804826E-01  0.00000000E+00  1.50687624E-01  2.71301918E-02
  5.00000000E-01  1.99774500E+00 -7.58452272E-01 -1.11717411E-01  4.63831516E-01  0.00000000E+00  1.50585303E-01  2.71707623E-02
  5.00000000E-01  1.99798000E+00 -7.61456539E-01 -1.11902563E-01  4.63858761E-01  0.00000000E+00  1.50479314E-01  2.72120208E-02
  5.00000000E-01  1.99821500E+00 -7.64460628E-01 -1.12085427E-01  4.63886557E-01  0.00000000E+00  1.50369682E-01  2.72539729E-02
  5.00000000E-01  1.99845000E+00 -7.67464447E-01 -1.12266000E-01  4.63914903E-01  0.00000000E+00  1.50256432E-01  2.72966236E-02
  5.00000000E-01  1.99868500E+00 -7.70467905E-01 -1.12444281E-01  4.63943795E-01  0.00000000E+00  1.50139591E-01  2.73399785E-02
  5.00000000E-01  1.99892000E+00 -7.73470913E-01 -1.12620270E-01  4.63973231E-01  0.00000000E+00  1.50019185E-01  2.73840426E-02
  5.00000000E-01  1.99915500E+00 -7.76473378E-01 -1.12793967E-01  4.64003208E-01  0.00000000E+00  1.49895240E-01  2.74288213E-02
  5.00000000E-01  1.99939000E+00 -7.79475209E-01 -1.12965370E-01  4.64033724E-01  0.00000000E+00  1.49767786E-01  2.74743196E-02
  5.00000000E-01  1.99962500E+00 -7.82476315E-01 -1.13134480E-01  4.64064775E-01  0.00000000E+00  1.49636849E-01  2.75205428E-02
  5.00000000E-01  1.99986000E+00 -7.85476605E-01 -1.13301295E-01  4.64096359E-01  0.00000000E+00  1.49502459E-01  2.75674959E-02
  5.00000000E-01  2.00009500E+00 -7.88475985E-01 -1.13465818E-01  4.64128473E-01  0.00000000E+00  1.49364643E-01  2.76151840E-02
  5.00000000E-01  2.00033000E+00 -7.91474366E-01 -1.13628046E-01  4.64161114E-01  0.00000000E+00  1.49223432E-01  2.76636121E-02
  5.00000000E-01  2.00056500E+00 -7.94471655E-01 -1.13787981E-01  4.64194278E-01  0.00000000E+00  1.49078855E-01  2.77127852E-02
  5.00000000E-01  2.00080000E+00 -7.97467760E-01 -1.13945624E-01  4.64227963E-01  0.00000000E+00  1.48930943E-01  2.77627082E-02
  5.00000000E-01  2.00103500E+00 -8.00462590E-01 -1.14100974E-01  4.64262165E-01  0.00000000E+00  1.48779726E-01  2.78133861E-02
  5.00000000E-01  2.00127000E+00 -8.03456052E-01 -1.14254033E-01  4.64296882E-01  0.00000000E+00  1.48625235E-01  2.78648237E-02
  5.00000000E-01  2.00150500E+00 -8.06448055E-01 -1.14404801E-01  4.64332111E-01  0.00000000E+00  1.48467503E-01  2.79170258E-02
  5.00000000E-01  2.00174000E+00 -8.09438507E-01 -1.14553280E-01  4.64367847E-01  0.00000000E+00  1.48306561E-01  2.79699972E-02
  5.00000000E-01  2.00197500E+00 -8.12427317E-01 -1.14699472E-01  4.64404088E-01  0.00000000E+00  1.48142441E-01  2.80237426E-02
  5.00000000E-01  2.00221000E+00 -8.15414392E-01 -1.14843376E-01  4.64440831E-01  0.00000000E+00  1.47975176E-01  2.80782667E-02
  5.00000000E-01  2.00244500E+00 -8.18399641E-01 -1.14984996E-01  4.64478072E-01  0.00000000E+00  1.47804799E-01  2.81335741E-02
  5.00000000E-01  2.00268000E+00 -8.21382973E-01 -1.15124332E-01  4.64515809E-01  0.00000000E+00  1.47631345E-01  2.81896694E-02
  5.00000000E-01  2.00291500E+00 -8.24364295E-01 -1.15261387E-01  4.64554037E-01  0.00000000E+00  1.47454846E-01  2.82465572E-02
  5.00000000E-01  2.00315000E+00 -8.27343517E-01 -1.15396163E-01  4.64592754E-01  0.00000000E+00  1.47275338E-01  2.83042419E-02
  5.00000000E-01  2.00338500E+00 -8.30320548E-01 -1.15528662E-01  4.64631956E-01  0.00000000E+00  1.47092855E-01  2.83627280E-02
  5.00000000E-01  2.00362000E+00 -8.33295295E-01 -1.15658887E-01  4.64671640E-01  0.00000000E+00  1.46907431E-01  2.84220198E-02
  5.00000000E-01  2.00385500E+00 -8.36267670E-01 -1.15786839E-01  4.64711803E-01  0.00000000E+00  1.46719103E-01  2.84821218E-02
  5.00000000E-01  2.00409000E+00 -8.39237580E-01 -1.15912523E-01  4.64752441E-01  0.00000000E+00  1.46527907E-01  2.85430381E-02
  5.00000000E-01  2.00432500E+00 -8.42204935E-01 -1.16035939E-01  4.64793551E-01  0.00000000E+00  1.46333877E-01  2.86047730E-02
  5.00000000E-01  2.00456000E+00 -8.45169645E-01 -1.16157093E-01  4.64835130E-01  0.00000000E+00  1.46137051E-01  2.86673307E-02
  5.00000000E-01  2.00479500E+00 -8.48131620E-01 -1.16275987E-01  4.64877175E-01  0.00000000E+00  1.45937466E-01  2.87307153E-02
  5.00000000E-01  2.00503000E+00 -8.51090770E-01 -1.16392623E-01  4.64919682E-01  0.00000000E+00  1.45735158E-01  2.87949309E-02
  5.00000000E-01  2.00526500E+00 -8.54047005E-01 -1.16507007E-01  4.64962647E-01  0.00000000E+00  1.45530165E-01  2.88599814E-02
  5.00000000E-01  2.00550000E+00 -8.57000237E-01 -1.16619141E-01  4.65006069E-01  0.00000000E+00  1.45322524E-01  2.89258708E-02
  5.00000000E-01  2.00573500E+00 -8.59950375E-01 -1.16729030E-01  4.65049943E-01  0.00000000E+00  1.45112274E-01  2.89926031E-02
  5.00000000E-01  2.00597000E+00 -8.62897332E-01 -1.16836677E-01  4.65094266E-01  0.00000000E+00  1.44899453E-01  2.90601819E-02
  5.00000000E-01  2.00620500E+00 -8.65841019E-01 -1.16942086E-01  4.65139036E-01  0.00000000E+00  1.44684099E-01  2.91286112E-02
  5.00000000E-01  2.00644000E+00 -8.68781348E-01 -1.17045263E-01  4.65184249E-01  0.00000000E+00  1.44466251E-01  2.91978946E-02
  5.00000000E-01  2.00667500E+00 -8.71718231E-01 -1.17146211E-01  4.65229902E-01  0.00000000E+00  1.44245948E-01  2.92680357E-02
  5.00000000E-01  2.00691000E+00 -8.74651581E-01 -1.17244935E-01  4.65275991E-01  0.00000000E+00  1.44023231E-01  2.93390382E-02
  5.00000000E-01  2.00714500E+00 -8.77581310E-01 -1.17341440E-01  4.65322515E-01  0.00000000E+00  1.43798137E-01  2.94109055E-02
  5.00000000E-01  2.00738000E+00 -8.80507333E-01 -1.17435731E-01  4.65369470E-01  0.00000000E+00  1.43570708E-01  2.94836412E-02
  5.00000000E-01  2.00761500E+00 -8.83429563E-01 -1.17527813E-01  4.65416852E-01  0.00000000E+00  1.43340983E-01  2.95572485E-02
  5.00000000E-01  2.00785000E+00 -8.86347915E-01 -1.17617692E-01  4.65464660E-01  0.00000000E+00  1.43109002E-01  2.96317309E-02
  5.00000000E-01  2.00808500E+00 -8.89262302E-01 -1.17705372E-01  4.65512890E-01  0.00000000E+00  1.42874807E-01  2.97070916E-02
  5.00000000E-01  2.00832000E+00 -8.92172641E-01 -1.17790861E-01  4.65561539E-01  0.00000000E+00  1.42638438E-01  2.97833338E-02
  5.00000000E-01  2.00855500E+00 -8.95078847E-01 -1.17874162E-01  4.65610606E-01  0.00000000E+00  1.42399936E-01  2.98604605E-02
  5.00000000E-01  2.00879000E+00 -8.97980836E-01 -1.17955283E-01  4.65660086E-01  0.00000000E+00  1.42159342E-01  2.99384749E-02
  5.00000000E-01  2.00902500E+00 -9.00878525E-01 -1.18034230E-01  4.65709978E-01  0.00000000E+00  1.41916698E-01  3.00173799E-02
  5.00000000E-01  2.00926000E+00 -9.03771830E-01 -1.18111009E-01  4.65760279E-01  0.00000000E+00  1.41672045E-01  3.00971785E-02
  5.00000000E-01  2.00949500E+00 -9.06660669E-01 -1.18185624E-01  4.65810983E-01  0.00000000E+00  1.41425424E-01  3.01778731E-02
  5.00000000E-01  2.00973000E+00 -9.09544961E-01 -1.18258082E-01  4.65862082E-01  0.00000000E+00  1.41176876E-01  3.02594664E-02
  5.00000000E-01  2.00996500E+00 -9.12424626E-01 -1.18328393E-01  4.65913573E-01  0.00000000E+00  1.40926443E-01  3.03419610E-02
  5.00000000E-01  2.01020000E+00 -9.15299583E-01 -1.18396561E-01  4.65965453E-01  0.00000000E+00  1.40674167E-01  3.04253595E-02
  5.00000000E-01  2.01043500E+00 -9.18169752E-01 -1.18462594E-01  4.66017720E-01  0.00000000E+00  1.40420090E-01  3.05096644E-02
  5.00000000E-01  2.01067000E+00 -9.21035053E-01 -1.18526500E-01  4.66070371E-01  0.00000000E+00  1.40164254E-01  3.05948780E-02
  5.00000000E-01  2.01090500E+00 -9.23895408E-01 -1.18588285E-01  4.66123404E-01  0.00000000E+00  1.39906701E-01  3.06810025E-02
  5.00000000E-01  2.01114000E+00 -9.26750738E-01 -1.18647957E-01  4.66176815E-01  0.00000000E+00  1.39647475E-01  3.07680402E-02
  5.00000000E-01  2.01137500E+00 -9.29600965E-01 -1.18705523E-01  4.66230601E-01  0.00000000E+00  1.39386616E-01  3.08559930E-02
  5.00000000E-01  2.01161000E+00 -9.32446013E-01 -1.18760991E-01  4.66284760E-01  0.00000000E+00  1.39124167E-01  3.09448630E-02
  5.00000000E-01  2.01184500E+00 -9.35285805E-01 -1.18814369E-01  4.66339289E-01  0.00000000E+00  1.38860172E-01  3.10346521E-02
  5.00000000E-01  2.01208000E+00 -9.38120266E-01 -1.18865665E-01  4.66394184E-01  0.00000000E+00  1.38594671E-01  3.11253619E-02
  5.00000000E-01  2.01231500E+00 -9.40949322E-01 -1.18914886E-01  4.66449443E-01  0.00000000E+00  1.38327708E-01  3.12169943E-02
  5.00000000E-01  2.01255000E+00 -9.43772898E-01 -1.18962042E-01  4.66505062E-01  0.00000000E+00  1.38059325E-01  3.13095506E-02
  5.00000000E-01  2.01278500E+00 -9.46590922E-01 -1.19007140E-01  4.66561039E-01  0.00000000E+00  1.37789564E-01  3.14030324E-02
  5.00000000E-01  2.01302000E+00 -9.49403320E-01 -1.19050189E-01  4.66617370E-01  0.00000000E+00  1.37518468E-01  3.14974411E-02
  5.00000000E-01  2.01325500E+00 -9.52210021E-01 -1.19091197E-01  4.66674053E-01  0.00000000E+00  1.37246080E-01  3.15927779E-02
  5.00000000E-01  2.01349000E+00 -9.55010955E-01 -1.19130174E-01  4.66731083E-01  0.00000000E+00  1.36972440E-01  3.16890438E-02
  5.00000000E-01  2.01372500E+00 -9.57806050E-01 -1.19167128E-01  4.66788457E-01  0.00000000E+00  1.36697592E-01  3.17862400E-02
  5.00000000E-01  2.01396000E+00 -9.60595238E-01 -1.19202069E-01  4.66846173E-01  0.00000000E+00  1.36421578E-01  3.18843673E-02
  5.00000000E-01  2.01419500E+00 -9.63378451E-01 -1.19235005E-01  4.66904228E-01  0.00000000E+00  1.36144440E-01  3.19834264E-02
  5.00000000E-01  2.01443000E+00 -9.66155619E-01 -1.19265945E-01  4.66962617E-01  0.00000000E+00  1.35866220E-01  3.20834181E-02
  5.00000000E-01  2.01466500E+00 -9.68926678E-01 -1.19294900E-01  4.67021337E-01  0.00000000E+00  1.35586960E-01  3.21843430E-02
  5.00000000E-01  2.01490000E+00 -9.71691560E-01 -1.19321878E-01  4.67080386E-01  0.00000000E+00  1.35306701E-01  3.22862013E-02
  5.00000000E-01  2.01513500E+00 -9.74450200E-01 -1.19346889E-01  4.67139760E-01  0.00000000E+00  1.35025486E-01  3.23889935E-02
  5.00000000E-01  2.01537000E+00 -9.77202535E-01 -1.19369943E-01  4.67199456E-01  0.00000000E+00  1.34743356E-01  3.24927196E-02
  5.00000000E-01  2.01560500E+00 -9.79948500E-01 -1.19391050E-01  4.67259470E-01  0.00000000E+00  1.34460352E-01  3.25973798E-02
  5.00000000E-01  2.01584000E+00 -9.82688033E-01 -1.19410219E-01  4.67319799E-01  0.00000000E+00  1.34176516E-01  3.27029739E-02
  5.00000000E-01  2.01607500E+00 -9.85421073E-01 -1.19427461E-01  4.67380440E-01  0.00000000E+00  1.33891888E-01  3.28095018E-02
  5.00000000E-01  2.01631000E+00 -9.88147557E-01 -1.19442786E-01  4.67441389E-01  0.00000000E+00  1.33606511E-01  3.29169631E-02
  5.00000000E-01  2.01654500E+00 -9.90867428E-01 -1.19456205E-01  4.67502644E-01  0.00000000E+00  1.33320424E-01  3.30253572E-02
  5.00000000E-01  2.01678000E+00 -9.93580625E-01 -1.19467726E-01  4.67564201E-01  0.00000000E+00  1.33033668E-01  3.31346836E-02
  5.00000000E-01  2.01701500E+00 -9.96287090E-01 -1.19477362E-01  4.67626057E-01  0.00000000E+00  1.32746283E-01  3.32449416E-02
  5.00000000E-01  2.01725000E+00 -9.98986766E-01 -1.19485122E-01  4.67688209E-01  0.00000000E+00  1.32458311E-01  3.33561302E-02
  5.00000000E-01  2.01748500E+00 -1.00167960E+00 -1.19491017E-01  4.67750653E-01  0.00000000E+00  1.32169790E-01  3.34682484E-02
  5.00000000E-01  2.01772000E+00 -1.00436553E+00 -1.19495057E-01  4.67813387E-01  0.00000000E+00  1.31880761E-01  3.35812950E-02
  5.00000000E-01  2.01795500E+00 -1.00704451E+00 -1.19497255E-01  4.67876407E-01  0.00000000E+00  1.31591262E-01  3.36952687E-02
  5.00000000E-01  2.01819000E+00 -1.00971648E+00 -1.19497620E-01  4.67939710E-01  0.00000000E+00  1.31301334E-01  3.38101681E-02
  5.00000000E-01  2.01842500E+00 -1.01238139E+00 -1.19496163E-01  4.68003294E-01  0.00000000E+00  1.31011015E-01  3.39259914E-02
  5.00000000E-01  2.01866000E+00 -1.01503918E+00 -1.19492896E-01  4.68067155E-01  0.00000000E+00  1.30720344E-01  3.40427371E-02
  5.00000000E-01  2.01889500E+00 -1.01768982E+00 -1.19487830E-01  4.68131290E-01  0.00000000E+00  1.30429360E-01  3.41604030E-02
  5.00000000E-01  2.01913000E+00 -1.02033324E+00 -1.19480976E-01  4.68195697E-01  0.00000000E+00  1.30138100E-01  3.42789872E-02
  5.00000000E-01  2.01936500E+00 -1.02296941E+00 -1.19472345E-01  4.68260373E-01  0.00000000E+00  1.29846602E-01  3.43984874E-02
  5.00000000E-01  2.01960000E+00 -1.02559827E+00 -1.19461949E-01  4.68325314E-01  0.00000000E+00  1.29554904E-01  3.45189013E-02
  5.00000000E-01  2.01983500E+00 -1.02821977E+00 -1.19449799E-01  4.68390519E-01  0.00000000E+00  1.29263044E-01  3.46402263E-02
  5.00000000E-01  2.02007000E+00 -1.03083388E+00 -1.19435906E-01  4.68455984E-01  0.00000000E+00  1.28971057E-01  3.47624597E-02
  5.00000000E-01  2.02030500E+00 -1.03344054E+00 -1.19420283E-01  4.68521708E-01  0.00000000E+00  1.28678981E-01  3.48855986E-02
  5.00000000E-01  2.02054000E+00 -1.03603972E+00 -1.19402940E-01  4.68587686E-01  0.00000000E+00  1.28386852E-01  3.50096401E-02
  5.00000000E-01  2.02077500E+00 -1.03863138E+00 -1.19383890E-01  4.68653918E-01  0.00000000E+00  1.28094705E-01  3.51345808E-02
  5.00000000E-01  2.02101000E+00 -1.04121546E+00 -1.19363145E-01  4.68720400E-01  0.00000000E+00  1.27802577E-01  3.52604176E-02
  5.00000000E-01  2.02124500E+00 -1.04379193E+00 -1.19340715E-01  4.68787131E-01  0.00000000E+00  1.27510501E-01  3.53871468E-02
  5.00000000E-01  2.02148000E+00 -1.04636076E+00 -1.19316614E-01  4.68854108E-01  0.00000000E+00  1.27218513E-01  3.55147647E-02
  5.00000000E-01  2.02171500E+00 -1.04892191E+00 -1.19290853E-01  4.68921320E-01  0.00000000E+00  1.26926648E-01  3.56432678E-02
  5.00000000E-01  2.02195000E+00 -1.05147532E+00 -1.19263443E-01  4.68988739E-01  0.00000000E+00  1.26634942E-01  3.57726523E-02
  5.00000000E-01  2.02218500E+00 -1.05402098E+00 -1.19234397E-01  4.69056395E-01  0.00000000E+00  1.26343424E-01  3.59029133E-02
  5.00000000E-01  2.02242000E+00 -1.05655884E+00 -1.19203727E-01  4.69124285E-01  0.00000000E+00  1.26052130E-01  3.60340466E-02
  5.00000000E-01  2.02265500E+00 -1.05908888E+00 -1.19171444E-01  4.69192405E-01  0.00000000E+00  1.25761091E-01  3.61660476E-02
  5.00000000E-01  2.02289000E+00 -1.06161106E+00 -1.19137562E-01  4.69260752E-01  0.00000000E+00  1.25470341E-01  3.62989118E-02
  5.00000000E-01  2.02312500E+00 -1.06412535E+00 -1.19102091E-01  4.69329322E-01  0.00000000E+00  1.25179911E-01  3.64326345E-02
  5.00000000E-01  2.02336000E+00 -1.06663171E+00 -1.19065046E-01  4.69398111E-01  0.00000000E+00  1.24889834E-01  3.65672106E-02
  5.00000000E-01  2.02359500E+00 -1.06913012E+00 -1.19026436E-01  4.69467118E-01  0.00000000E+00  1.24600141E-01  3.67026350E-02
  5.00000000E-01  2.02383000E+00 -1.07162055E+00 -1.18986276E-01  4.69536337E-01  0.00000000E+00  1.24310862E-01  3.68389024E-02
  5.00000000E-01  2.02406500E+00 -1.07410297E+00 -1.18944576E-01  4.69605767E-01  0.00000000E+00  1.24022028E-01  3.69760072E-02
  5.00000000E-01  2.02430000E+00 -1.07657735E+00 -1.18901350E-01  4.69675405E-01  0.00000000E+00  1.23733670E-01  3.71139437E-02
  5.00000000E-01  2.02453500E+00 -1.07904368E+00 -1.18856610E-01  4.69745246E-01  0.00000000E+00  1.23445816E-01  3.72527061E-02
  5.00000000E-01  2.02477000E+00 -1.08150191E+00 -1.18810367E-01  4.69815288E-01  0.00000000E+00  1.23158495E-01  3.73922883E-02
  5.00000000E-01  2.02500500E+00 -1.08395204E+00 -1.18762635E-01  4.69885529E-01  0.00000000E+00  1.22871736E-01  3.75326841E-02
  5.00000000E-01  2.02524000E+00 -1.08639404E+00 -1.18713425E-01  4.69955965E-01  0.00000000E+00  1.22585567E-01  3.76738871E-02
  5.00000000E-01  2.02547500E+00 -1.08882789E+00 -1.18662751E-01  4.70026594E-01  0.00000000E+00  1.22300016E-01  3.78158906E-02
  5.00000000E-01  2.02571000E+00 -1.09125356E+00 -1.18610623E-01  4.70097412E-01  0.00000000E+00  1.22015110E-01  3.79586880E-02
  5.00000000E-01  2.02594500E+00 -1.09367104E+00 -1.18557056E-01  4.70168418E-01  0.00000000E+00  1.21730875E-01  3.81022723E-02
  5.00000000E-01  2.02618000E+00 -1.09608032E+00 -1.18502060E-01  4.70239607E-01  0.00000000E+00  1.21447337E-01  3.82466364E-02
  5.00000000E-01  2.02641500E+00 -1.09848136E+00 -1.18445648E-01  4.70310978E-01  0.00000000E+00  1.21164523E-01  3.83917730E-02
  5.00000000E-01  2.02665000E+00 -1.10087416E+00 -1.18387834E-01  4.70382528E-01  0.00000000E+00  1.20882458E-01  3.85376746E-02
  5.00000000E-01  2.02688500E+00 -1.10325871E+00 -1.18328628E-01  4.70454254E-01  0.00000000E+00  1.20601166E-01  3.86843338E-02
  5.00000000E-01  2.02712000E+00 -1.10563498E+00 -1.18268043E-01  4.70526154E-01  0.00000000E+00  1.20320672E-01  3.88317426E-02
  5.00000000E-01  2.02735500E+00 -1.10800297E+00 -1.18206093E-01  4.70598225E-01  0.00000000E+00  1.20040999E-01  3.89798931E-02
  5.00000000E-01  2.02759000E+00 -1.11036266E+00 -1.18142788E-01  4.70670465E-01  0.00000000E+00  1.19762171E-01  3.91287773E-02
  5.00000000E-01  2.02782500E+00 -1.11271405E+00 -1.18078141E-01  4.70742871E-01  0.00000000E+00  1.19484212E-01  3.92783868E-02
  5.00000000E-01  2.02806000E+00 -1.11505711E+00 -1.18012165E-01  4.70815440E-01  0.00000000E+00  1.19207142E-01  3.94287131E-02
  5.00000000E-01  2.02829500E+00 -1.11739185E+00 -1.17944872E-01  4.70888171E-01  0.00000000E+00  1.18930985E-01  3.95797478E-02
  5.00000000E-01  2.02853000E+00 -1.11971825E+00 -1.17876274E-01  4.70961060E-01  0.00000000E+00  1.18655761E-01  3.97314820E-02
  5.00000000E-01  2.02876500E+00 -1.12203631E+00 -1.17806382E-01  4.71034106E-01  0.00000000E+00  1.18381492E-01  3.98839067E-02
  5.00000000E-01  2.02900000E+00 -1.12434602E+00 -1.17735211E-01  4.71107305E-01  0.00000000E+00  1.18108198E-01  4.00370130E-02
  5.00000000E-01  2.02923500E+00 -1.12664738E+00 -1.17662770E-01  4.71180655E-01  0.00000000E+00  1.17835900E-01  4.01907915E-02
  5.00000000E-01  2.02947000E+00 -1.12894038E+00 -1.17589074E-01  4.71254155E-01  0.00000000E+00  1.17564616E-01  4.03452328E-02
  5.00000000E-01  2.02970500E+00 -1.13122502E+00 -1.17514133E-01  4.71327801E-01  0.00000000E+00  1.17294366E-01  4.05003274E-02
  5.00000000E-01  2.02994000E+00 -1.13350129E+00 -1.17437960E-01  4.71401591E-01  0.00000000E+00  1.17025168E-01  4.06560655E-02
  5.00000000E-01  2.03017500E+00 -1.13576920E+00 -1.17360567E-01  4.71475523E-01  0.00000000E+00  1.16757042E-01  4.08124373E-02
  5.00000000E-01  2.03041000E+00 -1.13802874E+00 -1.17281965E-01  4.71549594E-01  0.00000000E+00  1.16490003E-01  4.09694328E-02
  5.00000000E-01  2.03064500E+00 -1.14027991E+00 -1.17202168E-01  4.71623801E-01  0.00000000E+00  1.16224070E-01  4.11270417E-02
  5.00000000E-01  2.03088000E+00 -1.14252272E+00 -1.17121185E-01  4.71698143E-01  0.00000000E+00  1.15959259E-01  4.12852537E-02
  5.00000000E-01  2.03111500E+00 -1.14475717E+00 -1.17039031E-01  4.71772617E-01  0.00000000E+00  1.15695586E-01  4.14440583E-02
  5.00000000E-01  2.03135000E+00 -1.14698326E+00 -1.16955715E-01  4.71847221E-01  0.00000000E+00  1.15433067E-01  4.16034450E-02
  5.00000000E-01  2.03158500E+00 -1.14920099E+00 -1.16871250E-01  4.71921951E-01  0.00000000E+00  1.15171717E-01  4.17634028E-02
  5.00000000E-01  2.03182000E+00 -1.15141037E+00 -1.16785648E-01  4.71996806E-01  0.00000000E+00  1.14911551E-01  4.19239209E-02
  5.00000000E-01  2.03205500E+00 -1.15361140E+00 -1.16698921E-01  4.72071783E-01  0.00000000E+00  1.14652583E-01  4.20849883E-02
  5.00000000E-01  2.03229000E+00 -1.15580410E+00 -1.16611079E-01  4.72146879E-01  0.00000000E+00  1.14394826E-01  4.22465935E-02
  5.00000000E-01  2.03252500E+00 -1.15798846E+00 -1.16522134E-01  4.72222092E-01  0.00000000E+00  1.14138295E-01  4.24087254E-02
  5.00000000E-01  2.03276000E+00 -1.16016450E+00 -1.16432098E-01  4.72297419E-01  0.00000000E+00  1.13883002E-01  4.25713724E-02
  5.00000000E-01  2.03299500E+00 -1.16233223E+00 -1.16340982E-01  4.72372858E-01  0.00000000E+00  1.13628959E-01  4.27345227E-02
  5.00000000E-01  2.03323000E+00 -1.16449165E+00 -1.16248798E-01  4.72448406E-01  0.00000000E+00  1.13376178E-01  4.28981647E-02
  5.00000000E-01  2.03346500E+00 -1.16664278E+00 -1.16155557E-01  4.72524060E-01  0.00000000E+00  1.13124669E-01  4.30622863E-02
  5.00000000E-01  2.03370000E+00 -1.16878562E+00 -1.16061269E-01  4.72599817E-01  0.00000000E+00  1.12874445E-01  4.32268756E-02
  5.00000000E-01  2.03393500E+00 -1.17092020E+00 -1.15965947E-01  4.72675675E-01  0.00000000E+00  1.12625515E-01  4.33919202E-02
  5.00000000E-01  2.03417000E+00 -1.17304652E+00 -1.15869602E-01  4.72751631E-01  0.00000000E+00  1.12377892E-01  4.35574088E-02
  5.00000000E-01  2.03440500E+00 -1.17516459E+00 -1.15772245E-01  4.72827688E-01  0.00000000E+00  1.12131584E-01  4.37233289E-02
  5.00000000E-01  2.03464000E+00 -1.17727443E+00 -1.15673886E-01  4.72903847E-01  0.00000000E+00  1.11886601E-01  4.38896678E-02
  5.00000000E-01  2.03487500E+00 -1.17937606E+00 -1.15574536E-01  4.72980103E-01  0.00000000E+00  1.11642950E-01  4.40564129E-02
  5.00000000E-01  2.03511000E+00 -1.18146949E+00 -1.15474206E-01  4.73056455E-01  0.00000000E+00  1.11400642E-01  4.42235517E-02
  5.00000000E-01  2.03534500E+00 -1.18355473E+00 -1.15372906E-01  4.73132899E-01  0.00000000E+00  1.11159683E-01  4.43910713E-02
  5.00000000E-01  2.03558000E+00 -1.18563181E+00 -1.15270648E-01  4.73209434E-01  0.00000000E+00  1.10920082E-01  4.45589589E-02
  5.00000000E-01  2.03581500E+00 -1.18770074E+00 -1.15167442E-01  4.73286056E-01  0.00000000E+00  1.10681845E-01  4.47272016E-02
  5.00000000E-01  2.03605000E+00 -1.18976154E+00 -1.15063299E-01  4.73362763E-01  0.00000000E+00  1.10444979E-01  4.48957862E-02
  5.00000000E-01  2.03628500E+00 -1.19181424E+00 -1.14958228E-01  4.73439553E-01  0.00000000E+00  1.10209490E-01  4.50646996E-02
  5.00000000E-01  2.03652000E+00 -1.19385884E+00 -1.14852242E-01  4.73516424E-01  0.00000000E+00  1.09975386E-01  4.52339287E-02
  5.00000000E-01  2.03675500E+00 -1.19589537E+00 -1.14745348E-01  4.73593373E-01  0.00000000E+00  1.09742670E-01  4.54034601E-02
  5.00000000E-01  2.03699000E+00 -1.19792385E+00 -1.14637559E-01  4.73670397E-01  0.00000000E+00  1.09511348E-01  4.55732805E-02
  5.00000000E-01  2.03722500E+00 -1.19994431E+00 -1.14528884E-01  4.73747496E-01  0.00000000E+00  1.09281426E-01  4.57433762E-02
  5.00000000E-01  2.03746000E+00 -1.20195676E+00 -1.14419332E-01  4.73824667E-01  0.00000000E+00  1.09052907E-01  4.59137339E-02
  5.00000000E-01  2.03769500E+00 -1.20396123E+00 -1.14308915E-01  4.73901907E-01  0.00000000E+00  1.08825795E-01  4.60843399E-02
  5.00000000E-01  2.03793000E+00 -1.20595774E+00 -1.14197642E-01  4.73979215E-01  0.00000000E+00  1.08600094E-01  4.62551806E-02
  5.00000000E-01  2.03816500E+00 -1.20794632E+00 -1.14085522E-01  4.74056589E-01  0.00000000E+00  1.08375807E-01  4.64262422E-02
  5.00000000E-01  2.03840000E+00 -1.20992698E+00 -1.13972566E-01  4.74134027E-01  0.00000000E+00  1.08152938E-01  4.65975108E-02
  5.00000000E-01  2.03863500E+00 -1.21189976E+00 -1.13858783E-01  4.74211526E-01  0.00000000E+00  1.07931488E-01  4.67689727E-02
  5.00000000E-01  2.03887000E+00 -1.21386468E+00 -1.13744182E-01  4.74289087E-01  0.00000000E+00  1.07711460E-01  4.69406140E-02
  5.00000000E-01  2.03910500E+00 -1.21582177E+00 -1.13628773E-01  4.74366705E-01  0.00000000E+00  1.07492856E-01  4.71124207E-02
  5.00000000E-01  2.03934000E+00 -1.21777105E+00 -1.13512566E-01  4.74444380E-01  0.00000000E+00  1.07275678E-01  4.72843788E-02
  5.00000000E-01  2.03957500E+00 -1.21971256E+00 -1.13395569E-01  4.74522110E-01  0.00000000E+00  1.07059925E-01  4.74564743E-02
  5.00000000E-01  2.03981000E+00 -1.22164631E+00 -1.13277792E-01  4.74599893E-01  0.00000000E+00  1.06845601E-01  4.76286930E-02
  5.00000000E-01  2.04004500E+00 -1.22357233E+00 -1.13159244E-01  4.74677728E-01  0.00000000E+00  1.06632704E-01  4.78010210E-02
  5.00000000E-01  2.04028000E+00 -1.22549066E+00 -1.13039934E-01  4.74755612E-01  0.00000000E+00  1.06421235E-01  4.79734440E-02
  5.00000000E-01  2.04051500E+00 -1.22740133E+00 -1.12919871E-01  4.74833544E-01  0.00000000E+00  1.06211194E-01  4.81459479E-02
  5.00000000E-01  2.04075000E+00 -1.22930435E+00 -1.12799063E-01  4.74911523E-01  0.00000000E+00  1.06002581E-01  4.83185185E-02
  5.00000000E-01  2.04098500E+00 -1.23119977E+00 -1.12677520E-01  4.74989546E-01  0.00000000E+00  1.05795395E-01  4.84911416E-02
  5.00000000E-01  2.04122000E+00 -1.23308762E+00 -1.12555249E-01  4.75067613E-01  0.00000000E+00  1.05589635E-01  4.86638029E-02
  5.00000000E-01  2.04145500E+00 -1.23496791E+00 -1.12432261E-01  4.75145721E-01  0.00000000E+00  1.05385300E-01  4.88364882E-02
  5.00000000E-01  2.04169000E+00 -1.23684069E+00 -1.12308562E-01  4.75223869E-01  0.00000000E+00  1.05182387E-01  4.90091833E-02
  5.00000000E-01  2.04192500E+00 -1.23870599E+00 -1.12184162E-01  4.75302055E-01  0.00000000E+00  1.04980896E-01  4.91818739E-02
  5.00000000E-01  2.04216000E+00 -1.24056383E+00 -1.12059068E-01  4.75380277E-01  0.00000000E+00  1.04780824E-01  4.93545457E-02
  5.00000000E-01  2.04239500E+00 -1.24241425E+00 -1.11933290E-01  4.75458534E-01  0.00000000E+00  1.04582169E-01  4.95271846E-02
  5.00000000E-01  2.04263000E+00 -1.24425729E+00 -1.11806835E-01  4.75536824E-01  0.00000000E+00  1.04384928E-01  4.96997761E-02
  5.00000000E-01  2.04286500E+00 -1.24609296E+00 -1.11679710E-01  4.75615146E-01  0.00000000E+00  1.04189098E-01  4.98723062E-02
  5.00000000E-01  2.04310000E+00 -1.24792132E+00 -1.11551925E-01  4.75693498E-01  0.00000000E+00  1.03994676E-01  5.00447604E-02
  5.00000000E-01  2.04333500E+00 -1.24974239E+00 -1.11423487E-01  4.75771877E-01  0.00000000E+00  1.03801659E-01  5.02171247E-02
  5.00000000E-01  2.04357000E+00 -1.25155620E+00 -1.11294403E-01  4.75850283E-01  0.00000000E+00  1.03610043E-01  5.03893848E-02
  5.00000000E-01  2.04380500E+00 -1.25336279E+00 -1.11164681E-01  4.75928713E-01  0.00000000E+00  1.03419824E-01  5.05615266E-02
  5.00000000E-01  2.04404000E+00 -1.25516219E+00 -1.11034330E-01  4.76007166E-01  0.00000000E+00  1.03230998E-01  5.07335358E-02
  5.00000000E-01  2.04427500E+00 -1.25695444E+00 -1.10903355E-01  4.76085639E-01  0.00000000E+00  1.03043560E-01  5.09053984E-02
  5.00000000E-01  2.04451000E+00 -1.25873958E+00 -1.10771765E-01  4.76164132E-01  0.00000000E+00  1.02857507E-01  5.10771003E-02
  5.00000000E-01  2.04474500E+00 -1.26051763E+00 -1.10639567E-01  4.76242642E-01  0.00000000E+00  1.02672832E-01  5.12486273E-02
  5.00000000E-01  2.04498000E+00 -1.26228863E+00 -1.10506768E-01  4.76321166E-01  0.00000000E+00  1.02489533E-01  5.14199655E-02
  5.00000000E-01  2.04521500E+00 -1.26405262E+00 -1.10373376E-01  4.76399704E-01  0.00000000E+00  1.02307602E-01  5.15911009E-02
  5.00000000E-01  2.04545000E+00 -1.26580963E+00 -1.10239396E-01  4.76478253E-01  0.00000000E+00  1.02127035E-01  5.17620196E-02
  5.00000000E-01  2.04568500E+00 -1.26755970E+00 -1.10104837E-01  4.76556811E-01  0.00000000E+00  1.01947826E-01  5.19327076E-02
  5.00000000E-01  2.04592000E+00 -1.26930286E+00 -1.09969704E-01  4.76635376E-01  0.00000000E+00  1.01769970E-01  5.21031512E-02
  5.00000000E-01  2.04615500E+00 -1.27103916E+00 -1.09834005E-01  4.76713945E-01  0.00000000E+00  1.01593460E-01  5.22733366E-02
  5.00000000E-01  2.04639000E+00 -1.27276862E+00 -1.09697747E-01  4.76792522E-01  0.00000000E+00  1.01418290E-01  5.24432499E-02
  5.00000000E-01  2.04662500E+00 -1.27449128E+00 -1.09560936E-01  4.76871120E-01  0.00000000E+00  1.01244454E-01  5.26128772E-02
  5.00000000E-01  2.04686000E+00 -1.27620719E+00 -1.09423579E-01  4.76949721E-01  0.00000000E+00  1.01071946E-01  5.27822055E-02
  5.00000000E-01  2.04709500E+00 -1.27791637E+00 -1.09285682E-01  4.77028324E-01  0.00000000E+00  1.00900759E-01  5.29512213E-02
  5.00000000E-01  2.04733000E+00 -1.27961887E+00 -1.09147251E-01  4.77106929E-01  0.00000000E+00  1.00730887E-01  5.31199109E-02
  5.00000000E-01  2.04756500E+00 -1.28131472E+00 -1.09008292E-01  4.77185533E-01  0.00000000E+00  1.00562322E-01  5.32882609E-02
  5.00000000E-01  2.04780000E+00 -1.28300396E+00 -1.08868812E-01  4.77264135E-01  0.00000000E+00  1.00395057E-01  5.34562579E-02
  5.00000000E-01  2.04803500E+00 -1.28468662E+00 -1.08728817E-01  4.77342734E-01  0.00000000E+00  1.00229085E-01  5.36238887E-02
  5.00000000E-01  2.04827000E+00 -1.28636274E+00 -1.08588312E-01  4.77421329E-01  0.00000000E+00  1.00064399E-01  5.37911400E-02
  5.00000000E-01  2.04850500E+00 -1.28803237E+00 -1.08447304E-01  4.77499917E-01  0.00000000E+00  9.99009906E-02  5.39579987E-02
  5.00000000E-01  2.04874000E+00 -1.28969553E+00 -1.08305799E-01  4.77578498E-01  0.00000000E+00  9.97388527E-02  5.41244517E-02
  5.00000000E-01  2.04897500E+00 -1.29135227E+00 -1.08163801E-01  4.77657070E-01  0.00000000E+00  9.95779774E-02  5.42904862E-02
  5.00000000E-01  2.04921000E+00 -1.29300262E+00 -1.08021317E-01  4.77735633E-01  0.00000000E+00  9.94183569E-02  5.44560893E-02
  5.00000000E-01  2.04944500E+00 -1.29464663E+00 -1.07878353E-01  4.77814184E-01  0.00000000E+00  9.92599831E-02  5.46212483E-02
  5.00000000E-01  2.04968000E+00 -1.29628432E+00 -1.07734913E-01  4.77892722E-01  0.00000000E+00  9.91028479E-02  5.47859504E-02
  5.00000000E-01  2.04991500E+00 -1.29791574E+00 -1.07591003E-01  4.77971246E-01  0.00000000E+00  9.89469431E-02  5.49501832E-02
  5.00000000E-01  2.05015000E+00 -1.29954093E+00 -1.07446629E-01  4.78049755E-01  0.00000000E+00  9.87922604E-02  5.51139342E-02
  5.00000000E-01  2.05038500E+00 -1.30115992E+00 -1.07301796E-01  4.78128248E-01  0.00000000E+00  9.86387914E-02  5.52771911E-02
  5.00000000E-01  2.05062000E+00 -1.30277274E+00 -1.07156509E-01  4.78206722E-01  0.00000000E+00  9.84865276E-02  5.54399415E-02
  5.00000000E-01  2.05085500E+00 -1.30437945E+00 -1.07010772E-01  4.78285177E-01  0.00000000E+00  9.83354603E-02  5.56021733E-02
  5.00000000E-01  2.05109000E+00 -1.30598008E+00 -1.06864592E-01  4.78363612E-01  0.00000000E+00  9.81855809E-02  5.57638745E-02
  5.00000000E-01  2.05132500E+00 -1.30757465E+00 -1.06717973E-01  4.78442025E-01  0.00000000E+00  9.80368806E-02  5.59250331E-02
  5.00000000E-01  2.05156000E+00 -1.30916323E+00 -1.06570919E-01  4.78520415E-01  0.00000000E+00  9.78893505E-02  5.60856373E-02
  5.00000000E-01  2.05179500E+00 -1.31074583E+00 -1.06423436E-01  4.78598781E-01  0.00000000E+00  9.77429817E-02  5.62456754E-02
  5.00000000E-01  2.05203000E+00 -1.31232250E+00 -1.06275528E-01  4.78677121E-01  0.00000000E+00  9.75977651E-02  5.64051357E-02
  5.00000000E-01  2.05226500E+00 -1.31389327E+00 -1.06127200E-01  4.78755435E-01  0.00000000E+00  9.74536917E-02  5.65640067E-02
  5.00000000E-01  2.05250000E+00 -1.31545819E+00 -1.05978457E-01  4.78833721E-01  0.00000000E+00  9.73107523E-02  5.67222770E-02
  5.00000000E-01  2.05273500E+00 -1.31701729E+00 -1.05829302E-01  4.78911977E-01  0.00000000E+00  9.71689377E-02  5.68799354E-02
  5.00000000E-01  2.05297000E+00 -1.31857062E+00 -1.05679741E-01  4.78990203E-01  0.00000000E+00  9.70282385E-02  5.70369706E-02
  5.00000000E-01  2.05320500E+00 -1.32011820E+00 -1.05529777E-01  4.79068398E-01  0.00000000E+00  9.68886455E-02  5.71933716E-02
  5.00000000E-01  2.05344000E+00 -1.32166007E+00 -1.05379416E-01  4.79146560E-01  0.00000000E+00  9.67501491E-02  5.73491275E-02
  5.00000000E-01  2.05367500E+00 -1.32319628E+00 -1.05228660E-01  4.79224688E-01  0.00000000E+00  9.66127400E-02  5.75042275E-02
  5.00000000E-01  2.05391000E+00 -1.32472686E+00 -1.05077515E-01  4.79302780E-01  0.00000000E+00  9.64764086E-02  5.76586607E-02
  5.00000000E-01  2.05414500E+00 -1.32625184E+00 -1.04925984E-01  4.79380837E-01  0.00000000E+00  9.63411454E-02  5.78124167E-02
  5.00000000E-01  2.05438000E+00 -1.32777128E+00 -1.04774071E-01  4.79458856E-01  0.00000000E+00  9.62069407E-02  5.79654850E-02
  5.00000000E-01  2.05461500E+00 -1.32928519E+00 -1.04621781E-01  4.79536836E-01  0.00000000E+00  9.60737849E-02  5.81178553E-02
  5.00000000E-01  2.05485000E+00 -1.33079363E+00 -1.04469117E-01  4.79614776E-01  0.00000000E+00  9.59416683E-02  5.82695173E-02
  5.00000000E-01  2.05508500E+00 -1.33229662E+00 -1.04316082E-01  4.79692676E-01  0.00000000E+00  9.58105813E-02  5.84204610E-02
  5.00000000E-01  2.05532000E+00 -1.33379421E+00 -1.04162681E-01  4.79770533E-01  0.00000000E+00  9.56805139E-02  5.85706763E-02
  5.00000000E-01  2.05555500E+00 -1.33528643E+00 -1.04008917E-01  4.79848347E-01  0.00000000E+00  9.55514565E-02  5.87201536E-02
  5.00000000E-01  2.05579000E+00 -1.33677332E+00 -1.03854794E-01  4.79926116E-01  0.00000000E+00  9.54233993E-02  5.88688830E-02
  5.00000000E-01  2.05602500E+00 -1.33825492E+00 -1.03700316E-01  4.80003840E-01  0.00000000E+00  9.52963324E-02  5.90168550E-02
  5.00000000E-01  2.05626000E+00 -1.33973126E+00 -1.03545485E-01  4.80081518E-01  0.00000000E+00  9.51702460E-02  5.91640602E-02
  5.00000000E-01  2.05649500E+00 -1.34120238E+00 -1.03390306E-01  4.80159147E-01  0.00000000E+00  9.50451303E-02  5.93104893E-02
  5.00000000E-01  2.05673000E+00 -1.34266831E+00 -1.03234781E-01  4.80236728E-01  0.00000000E+00  9.49209753E-02  5.94561331E-02
  5.00000000E-01  2.05696500E+00 -1.34412909E+00 -1.03078914E-01  4.80314258E-01  0.00000000E+00  9.47977713E-02  5.96009825E-02
  5.00000000E-01  2.05720000E+00 -1.34558477E+00 -1.02922708E-01  4.80391738E-01  0.00000000E+00  9.46755082E-02  5.97450288E-02
  5.00000000E-01  2.05743500E+00 -1.34703536E+00 -1.02766167E-01  4.80469165E-01  0.00000000E+00  9.45541763E-02  5.98882631E-02
  5.00000000E-01  2.05767000E+00 -1.34848092E+00 -1.02609293E-01  4.80546538E-01  0.00000000E+00  9.44337656E-02  6.00306768E-02
  5.00000000E-01  2.05790500E+00 -1.34992148E+00 -1.02452089E-01  4.80623858E-01  0.00000000E+00  9.43142664E-02  6.01722615E-02
  5.00000000E-01  2.05814000E+00 -1.35135706E+00 -1.02294559E-01  4.80701121E-01  0.00000000E+00  9.41956686E-02  6.03130089E-02
  5.00000000E-01  2.05837500E+00 -1.35278771E+00 -1.02136705E-01  4.80778328E-01  0.00000000E+00  9.40779626E-02  6.04529107E-02
  5.00000000E-01  2.05861000E+00 -1.35421347E+00 -1.01978531E-01  4.80855478E-01  0.00000000E+00  9.39611383E-02  6.05919589E-02
  5.00000000E-01  2.05884500E+00 -1.35563436E+00 -1.01820038E-01  4.80932572E-01  0.00000000E+00  9.38451851E-02  6.07301447E-02
  5.00000000E-01  2.05908000E+00 -1.35705043E+00 -1.01661231E-01  4.81009608E-01  0.00000000E+00  9.37300934E-02  6.08674607E-02
  5.00000000E-01  2.05931500E+00 -1.35846170E+00 -1.01502111E-01  4.81086583E-01  0.00000000E+00  9.36158536E-02  6.10038992E-02
  5.00000000E-01  2.05955000E+00 -1.35986822E+00 -1.01342682E-01  4.81163496E-01  0.00000000E+00  9.35024557E-02  6.11394528E-02
  5.00000000E-01  2.05978500E+00 -1.36127002E+00 -1.01182945E-01  4.81240345E-01  0.00000000E+00  9.33898898E-02  6.12741138E-02
  5.00000000E-01  2.06002000E+00 -1.36266713E+00 -1.01022905E-01  4.81317131E-01  0.00000000E+00  9.32781459E-02  6.14078749E-02
  5.00000000E-01  2.06025500E+00 -1.36405959E+00 -1.00862562E-01  4.81393851E-01  0.00000000E+00  9.31672142E-02  6.15407289E-02
  5.00000000E-01  2.06049000E+00 -1.36544742E+00 -1.00701919E-01  4.81470506E-01  0.00000000E+00  9.30570847E-02  6.16726687E-02
  5.00000000E-01  2.06072500E+00 -1.36683068E+00 -1.00540980E-01  4.81547095E-01  0.00000000E+00  9.29477476E-02  6.18036873E-02
  5.00000000E-01  2.06096000E+00 -1.36820938E+00 -1.00379746E-01  4.81623616E-01  0.00000000E+00  9.28391930E-02  6.19337780E-02
  5.00000000E-01  2.06119500E+00 -1.36958356E+00 -1.00218220E-01  4.81700068E-01  0.00000000E+00  9.27314112E-02  6.20629339E-02
  5.00000000E-01  2.06143000E+00 -1.37095326E+00 -1.00056404E-01  4.81776451E-01  0.00000000E+00  9.26243922E-02  6.21911486E-02
  5.00000000E-01  2.06166500E+00 -1.37231852E+00 -9.98943000E-02  4.81852764E-01  0.00000000E+00  9.25181263E-02  6.23184155E-02
  5.00000000E-01  2.06190000E+00 -1.37367935E+00 -9.97319104E-02  4.81929006E-01  0.00000000E+00  9.24126038E-02  6.24447284E-02
  5.00000000E-01  2.06213500E+00 -1.37503580E+00 -9.95692375E-02  4.82005175E-01  0.00000000E+00  9.23078149E-02  6.25700812E-02
  5.00000000E-01  2.06237000E+00 -1.37638790E+00 -9.94062832E-02  4.82081271E-01  0.00000000E+00  9.22037498E-02  6.26944676E-02
  5.00000000E-01  2.06260500E+00 -1.37773568E+00 -9.92430497E-02  4.82157294E-01  0.00000000E+00  9.21003990E-02  6.28178819E-02
  5.00000000E-01  2.06284000E+00 -1.37907918E+00 -9.90795391E-02  4.82233241E-01  0.00000000E+00  9.19977528E-02  6.29403181E-02
  5.00000000E-01  2.06307500E+00 -1.38041842E+00 -9.89157532E-02  4.82309113E-01  0.00000000E+00  9.18958014E-02  6.30617707E-02
  5.00000000E-01  2.06331000E+00 -1.38175344E+00 -9.87516940E-02  4.82384908E-01  0.00000000E+00  9.17945354E-02  6.31822340E-02
  5.00000000E-01  2.06354500E+00 -1.38308427E+00 -9.85873635E-02  4.82460625E-01  0.00000000E+00  9.16939451E-02  6.33017026E-02
  5.00000000E-01  2.06378000E+00 -1.38441095E+00 -9.84227635E-02  4.82536263E-01  0.00000000E+00  9.15940210E-02  6.34201712E-02
  5.00000000E-01  2.06401500E+00 -1.38573350E+00 -9.82578958E-02  4.82611822E-01  0.00000000E+00  9.14947535E-02  6.35376345E-02
  5.00000000E-01  2.06425000E+00 -1.38705195E+00 -9.80927623E-02  4.82687301E-01  0.00000000E+00  9.13961332E-02  6.36540875E-02
  5.00000000E-01  2.06448500E+00 -1.38836634E+00 -9.79273646E-02  4.82762698E-01  0.00000000E+00  9.12981506E-02  6.37695252E-02
  5.00000000E-01  2.06472000E+00 -1.38967670E+00 -9.77617045E-02  4.82838013E-01  0.00000000E+00  9.12007962E-02  6.38839428E-02
  5.00000000E-01  2.06495500E+00 -1.39098306E+00 -9.75957837E-02  4.82913244E-01  0.00000000E+00  9.11040608E-02  6.39973354E-02
  5.00000000E-01  2.06519000E+00 -1.39228545E+00 -9.74296038E-02  4.82988392E-01  0.00000000E+00  9.10079348E-02  6.41096986E-02
  5.00000000E-01  2.06542500E+00 -1.39358390E+00 -9.72631664E-02  4.83063454E-01  0.00000000E+00  9.09124091E-02  6.42210277E-02
  5.00000000E-01  2.06566000E+00 -1.39487844E+00 -9.70964731E-02  4.83138431E-01  0.00000000E+00  9.08174742E-02  6.43313184E-02
  5.00000000E-01  2.06589500E+00 -1.39616909E+00 -9.69295255E-02  4.83213320E-01  0.00000000E+00  9.07231209E-02  6.44405664E-02
  5.00000000E-01  2.06613000E+00 -1.39745590E+00 -9.67623249E-02  4.83288122E-01  0.00000000E+00  9.06293401E-02  6.45487675E-02
  5.00000000E-01  2.06636500E+00 -1.39873889E+00 -9.65948730E-02  4.83362836E-01  0.00000000E+00  9.05361225E-02  6.46559177E-02
  5.00000000E-01  2.06660000E+00 -1.40001809E+00 -9.64271710E-02  4.83437460E-01  0.00000000E+00  9.04434589E-02  6.47620129E-02
  5.00000000E-01  2.06683500E+00 -1.40129353E+00 -9.62592206E-02  4.83511993E-01  0.00000000E+00  9.03513402E-02  6.48670493E-02
  5.00000000E-01  2.06707000E+00 -1.40256523E+00 -9.60910229E-02  4.83586436E-01  0.00000000E+00  9.02597575E-02  6.49710232E-02
  5.00000000E-01  2.06730500E+00 -1.40383324E+00 -9.59225795E-02  4.83660786E-01  0.00000000E+00  9.01687016E-02  6.50739309E-02
  5.00000000E-01  2.06754000E+00 -1.40509757E+00 -9.57538915E-02  4.83735044E-01  0.00000000E+00  9.00781635E-02  6.51757689E-02
  5.00000000E-01  2.06777500E+00 -1.40635825E+00 -9.55849602E-02  4.83809208E-01  0.00000000E+00  8.99881343E-02  6.52765337E-02
  5.00000000E-01  2.06801000E+00 -1.40761532E+00 -9.54157870E-02  4.83883277E-01  0.00000000E+00  8.98986050E-02  6.53762221E-02
  5.00000000E-01  2.06824500E+00 -1.40886880E+00 -9.52463731E-02  4.83957252E-01  0.00000000E+00  8.98095669E-02  6.54748307E-02
  5.00000000E-01  2.06848000E+00 -1.41011871E+00 -9.50767196E-02  4.84031130E-01  0.00000000E+00  8.97210110E-02  6.55723564E-02
  5.00000000E-01  2.06871500E+00 -1.41136510E+00 -9.49068277E-02  4.84104911E-01  0.00000000E+00  8.96329285E-02  6.56687963E-02
  5.00000000E-01  2.06895000E+00 -1.41260798E+00 -9.47366986E-02  4.84178595E-01  0.00000000E+00  8.95453109E-02  6.57641473E-02
  5.00000000E-01  2.06918500E+00 -1.41384738E+00 -9.45663335E-02  4.84252180E-01  0.00000000E+00  8.94581492E-02  6.58584067E-02
  5.00000000E-01  2.06942000E+00 -1.41508333E+00 -9.43957333E-02  4.84325666E-01  0.00000000E+00  8.93714350E-02  6.59515716E-02
  5.00000000E-01  2.06965500E+00 -1.41631586E+00 -9.42248992E-02  4.84399052E-01  0.00000000E+00  8.92851595E-02  6.60436395E-02
  5.00000000E-01  2.06989000E+00 -1.41754499E+00 -9.40538322E-02  4.84472338E-01  0.00000000E+00  8.91993142E-02  6.61346078E-02
  5.00000000E-01  2.07012500E+00 -1.41877075E+00 -9.38825334E-02  4.84545522E-01  0.00000000E+00  8.91138906E-02  6.62244739E-02
  5.00000000E-01  2.07036000E+00 -1.41999317E+00 -9.37110038E-02  4.84618605E-01  0.00000000E+00  8.90288803E-02  6.63132357E-02
  5.00000000E-01  2.07059500E+00 -1.42121227E+00 -9.35392442E-02  4.84691585E-01  0.00000000E+00  8.89442748E-02  6.64008906E-02
  5.00000000E-01  2.07083000E+00 -1.42242808E+00 -9.33672558E-02  4.84764461E-01  0.00000000E+00  8.88600658E-02  6.64874367E-02
  5.00000000E-01  2.07106500E+00 -1.42364063E+00 -9.31950393E-02  4.84837233E-01  0.00000000E+00  8.87762447E-02  6.65728717E-02
  5.00000000E-01  2.07130000E+00 -1.42484993E+00 -9.30225956E-02  4.84909899E-01  0.00000000E+00  8.86928031E-02  6.66571933E-02
  5.00000000E-01  2.07153500E+00 -1.42605603E+00 -9.28499256E-02  4.84982457E-01  0.00000000E+00  8.86097328E-02  6.67403998E-02
  5.00000000E-01  2.07177000E+00 -1.42725893E+00 -9.26770303E-02  4.85054909E-01  0.00000000E+00  8.85270258E-02  6.68224892E-02
  5.00000000E-01  2.07200500E+00 -1.42845867E+00 -9.25039105E-02  4.85127252E-01  0.00000000E+00  8.84446736E-02  6.69034597E-02
  5.00000000E-01  2.07224000E+00 -1.42965527E+00 -9.23305670E-02  4.85199486E-01  0.00000000E+00  8.83626684E-02  6.69833097E-02
  5.00000000E-01  2.07247500E+00 -1.43084876E+00 -9.21570006E-02  4.85271611E-01  0.00000000E+00  8.82810018E-02  6.70620374E-02
  5.00000000E-01  2.07271000E+00 -1.43203916E+00 -9.19832122E-02  4.85343626E-01  0.00000000E+00  8.81996658E-02  6.71396414E-02
  5.00000000E-01  2.07294500E+00 -1.43322650E+00 -9.18092024E-02  4.85415530E-01  0.00000000E+00  8.81186525E-02  6.72161200E-02
  5.00000000E-01  2.07318000E+00 -1.43441080E+00 -9.16349720E-02  4.85487322E-01  0.00000000E+00  8.80379539E-02  6.72914719E-02
  5.00000000E-01  2.07341500E+00 -1.43559208E+00 -9.14605217E-02  4.85559002E-01  0.00000000E+00  8.79575619E-02  6.73656957E-02
  5.00000000E-01  2.07365000E+00 -1.43677037E+00 -9.12858523E-02  4.85630569E-01  0.00000000E+00  8.78774688E-02  6.74387902E-02
  5.00000000E-01  2.07388500E+00 -1.43794569E+00 -9.11109644E-02  4.85702023E-01  0.00000000E+00  8.77976667E-02  6.75107541E-02
  5.00000000E-01  2.07412000E+00 -1.43911806E+00 -9.09358587E-02  4.85773362E-01  0.00000000E+00  8.77181479E-02  6.75815863E-02
  5.00000000E-01  2.07435500E+00 -1.44028752E+00 -9.07605358E-02  4.85844586E-01  0.00000000E+00  8.76389044E-02  6.76512856E-02
  5.00000000E-01  2.07459000E+00 -1.44145408E+00 -9.05849965E-02  4.85915693E-01  0.00000000E+00  8.75599287E-02  6.77198511E-02
  5.00000000E-01  2.07482500E+00 -1.44261776E+00 -9.04092413E-02  4.85986685E-01  0.00000000E+00  8.74812131E-02  6.77872818E-02
  5.00000000E-01  2.07506000E+00 -1.44377859E+00 -9.02332708E-02  4.86057559E-01  0.00000000E+00  8.74027499E-02  6.78535768E-02
  5.00000000E-01  2.07529500E+00 -1.44493659E+00 -9.00570857E-02  4.86128315E-01  0.00000000E+00  8.73245316E-02  6.79187352E-02
  5.00000000E-01  2.07553000E+00 -1.44609178E+00 -8.98806866E-02  4.86198952E-01  0.00000000E+00  8.72465506E-02  6.79827564E-02
  5.00000000E-01  2.07576500E+00 -1.44724419E+00 -8.97040739E-02  4.86269470E-01  0.00000000E+00  8.71687994E-02  6.80456395E-02
  5.00000000E-01  2.07600000E+00 -1.44839383E+00 -8.95272482E-02  4.86339868E-01  0.00000000E+00  8.70912707E-02  6.81073840E-02
  5.00000000E-01  2.07623500E+00 -1.44954074E+00 -8.93502102E-02  4.86410145E-01  0.00000000E+00  8.70139569E-02  6.81679892E-02
  5.00000000E-01  2.07647000E+00 -1.45068492E+00 -8.91729602E-02  4.86480300E-01  0.00000000E+00  8.69368506E-02  6.82274545E-02
  5.00000000E-01  2.07670500E+00 -1.45182641E+00 -8.89954989E-02  4.86550334E-01  0.00000000E+00  8.68599447E-02  6.82857795E-02
  5.00000000E-01  2.07694000E+00 -1.45296522E+00 -8.88178268E-02  4.86620244E-01  0.00000000E+00  8.67832317E-02  6.83429637E-02
  5.00000000E-01  2.07717500E+00 -1.45410138E+00 -8.86399442E-02  4.86690030E-01  0.00000000E+00  8.67067045E-02  6.83990068E-02
  5.00000000E-01  2.07741000E+00 -1.45523490E+00 -8.84618518E-02  4.86759693E-01  0.00000000E+00  8.66303558E-02  6.84539083E-02
  5.00000000E-01  2.07764500E+00 -1.45636581E+00 -8.82835499E-02  4.86829230E-01  0.00000000E+00  8.65541785E-02  6.85076680E-02
  5.00000000E-01  2.07788000E+00 -1.45749413E+00 -8.81050391E-02  4.86898641E-01  0.00000000E+00  8.64781653E-02  6.85602857E-02
  5.00000000E-01  2.07811500E+00 -1.45861987E+00 -8.79263197E-02  4.86967926E-01  0.00000000E+00  8.64023094E-02  6.86117611E-02
  5.00000000E-01  2.07835000E+00 -1.45974307E+00 -8.77473922E-02  4.87037084E-01  0.00000000E+00  8.63266035E-02  6.86620942E-02
  5.00000000E-01  2.07858500E+00 -1.46086373E+00 -8.75682570E-02  4.87106114E-01  0.00000000E+00  8.62510408E-02  6.87112846E-02
  5.00000000E-01  2.07882000E+00 -1.46198189E+00 -8.73889146E-02  4.87175015E-01  0.00000000E+00  8.61756142E-02  6.87593325E-02
  5.00000000E-01  2.07905500E+00 -1.46309755E+00 -8.72093652E-02  4.87243788E-01  0.00000000E+00  8.61003167E-02  6.88062378E-02
  5.00000000E-01  2.07929000E+00 -1.46421074E+00 -8.70296094E-02  4.87312430E-01  0.00000000E+00  8.60251417E-02  6.88520004E-02
  5.00000000E-01  2.07952500E+00 -1.46532149E+00 -8.68496476E-02  4.87380943E-01  0.00000000E+00  8.59500820E-02  6.88966205E-02
  5.00000000E-01  2.07976000E+00 -1.46642979E+00 -8.66694799E-02  4.87449324E-01  0.00000000E+00  8.58751311E-02  6.89400981E-02
  5.00000000E-01  2.07999500E+00 -1.46753569E+00 -8.64891070E-02  4.87517573E-01  0.00000000E+00  8.58002820E-02  6.89824333E-02
  5.00000000E-01  2.08023000E+00 -1.46863919E+00 -8.63085290E-02  4.87585690E-01  0.00000000E+00  8.57255281E-02  6.90236263E-02
  5.00000000E-01  2.08046500E+00 -1.46974032E+00 -8.61277464E-02  4.87653673E-01  0.00000000E+00  8.56508626E-02  6.90636773E-02
  5.00000000E-01  2.08070000E+00 -1.47083910E+00 -8.59467595E-02  4.87721523E-01  0.00000000E+00  8.55762790E-02  6.91025865E-02
  5.00000000E-01  2.08093500E+00 -1.47193553E+00 -8.57655686E-02  4.87789239E-01  0.00000000E+00  8.55017705E-02  6.91403542E-02
  5.00000000E-01  2.08117000E+00 -1.47302965E+00 -8.55841740E-02  4.87856820E-01  0.00000000E+00  8.54273307E-02  6.91769806E-02
  5.00000000E-01  2.08140500E+00 -1.47412147E+00 -8.54025761E-02  4.87924265E-01  0.00000000E+00  8.53529529E-02  6.92124661E-02
  5.00000000E-01  2.08164000E+00 -1.47521101E+00 -8.52207752E-02  4.87991574E-01  0.00000000E+00  8.52786306E-02  6.92468110E-02
  5.00000000E-01  2.08187500E+00 -1.47629828E+00 -8.50387716E-02  4.88058747E-01  0.00000000E+00  8.52043575E-02  6.92800156E-02
  5.00000000E-01  2.08211000E+00 -1.47738331E+00 -8.48565656E-02  4.88125782E-01  0.00000000E+00  8.51301269E-02  6.93120804E-02
  5.00000000E-01  2.08234500E+00 -1.47846610E+00 -8.46741575E-02  4.88192679E-01  0.00000000E+00  8.50559326E-02  6.93430058E-02
  5.00000000E-01  2.08258000E+00 -1.47954669E+00 -8.44915476E-02  4.88259438E-01  0.00000000E+00  8.49817682E-02  6.93727922E-02
  5.00000000E-01  2.08281500E+00 -1.48062509E+00 -8.43087362E-02  4.88326057E-01  0.00000000E+00  8.49076273E-02  6.94014400E-02
  5.00000000E-01  2.08305000E+00 -1.48170131E+00 -8.41257235E-02  4.88392537E-01  0.00000000E+00  8.48335037E-02  6.94289498E-02
  5.00000000E-01  2.08328500E+00 -1.48277537E+00 -8.39425098E-02  4.88458877E-01  0.00000000E+00  8.47593911E-02  6.94553221E-02
  5.00000000E-01  2.08352000E+00 -1.48384729E+00 -8.37590953E-02  4.88525075E-01  0.00000000E+00  8.46852832E-02  6.94805562E-02
  5.00000000E-01  2.08375500E+00 -1.48491708E+00 -8.35754803E-02  4.88591130E-01  0.00000000E+00  8.46111738E-02  6.95046544E-02
  5.00000000E-01  2.08399000E+00 -1.48598477E+00 -8.33916651E-02  4.88657043E-01  0.00000000E+00  8.45370568E-02  6.95276175E-02
  5.00000000E-01  2.08422500E+00 -1.48705036E+00 -8.32076499E-02  4.88722813E-01  0.00000000E+00  8.44629260E-02  6.95494458E-02
  5.00000000E-01  2.08446000E+00 -1.48811389E+00 -8.30234350E-02  4.88788439E-01  0.00000000E+00  8.43887754E-02  6.95701399E-02
  5.00000000E-01  2.08469500E+00 -1.48917535E+00 -8.28390207E-02  4.88853921E-01  0.00000000E+00  8.43145988E-02  6.95897001E-02
  5.00000000E-01  2.08493000E+00 -1.49023477E+00 -8.26544072E-02  4.88919258E-01  0.00000000E+00  8.42403902E-02  6.96081269E-02
  5.00000000E-01  2.08516500E+00 -1.49129216E+00 -8.24695946E-02  4.88984449E-01  0.00000000E+00  8.41661437E-02  6.96254209E-02
  5.00000000E-01  2.08540000E+00 -1.49234755E+00 -8.22845834E-02  4.89049494E-01  0.00000000E+00  8.40918532E-02  6.96415826E-02
  5.00000000E-01  2.08563500E+00 -1.49340094E+00 -8.20993735E-02  4.89114393E-01  0.00000000E+00  8.40175128E-02  6.96566127E-02
  5.00000000E-01  2.08587000E+00 -1.49445235E+00 -8.19139654E-02  4.89179144E-01  0.00000000E+00  8.39431166E-02  6.96705117E-02
  5.00000000E-01  2.08610500E+00 -1.49550180E+00 -8.17283592E-02  4.89243747E-01  0.00000000E+00  8.38686587E-02  6.96832803E-02
  5.00000000E-01  2.08634000E+00 -1.49654930E+00 -8.15425552E-02  4.89308201E-01  0.00000000E+00  8.37941332E-02  6.96949193E-02
  5.00000000E-01  2.08657500E+00 -1.49759487E+00 -8.13565535E-02  4.89372506E-01  0.00000000E+00  8.37195343E-02  6.97054293E-02
  5.00000000E-01  2.08681000E+00 -1.49863852E+00 -8.11703545E-02  4.89436662E-01  0.00000000E+00  8.36448562E-02  6.97148110E-02
  5.00000000E-01  2.08704500E+00 -1.49968027E+00 -8.09839582E-02  4.89500667E-01  0.00000000E+00  8.35700931E-02  6.97230652E-02
  5.00000000E-01  2.08728000E+00 -1.50072013E+00 -8.07973649E-02  4.89564522E-01  0.00000000E+00  8.34952393E-02  6.97301927E-02
  5.00000000E-01  2.08751500E+00 -1.50175812E+00 -8.06105749E-02  4.89628225E-01  0.00000000E+00  8.34202891E-02  6.97361943E-02
  5.00000000E-01  2.08775000E+00 -1.50279425E+00 -8.04235883E-02  4.89691776E-01  0.00000000E+00  8.33452367E-02  6.97410708E-02
  5.00000000E-01  2.08798500E+00 -1.50382854E+00 -8.02364054E-02  4.89755174E-01  0.00000000E+00  8.32700766E-02  6.97448231E-02
  5.00000000E-01  2.08822000E+00 -1.50486099E+00 -8.00490264E-02  4.89818419E-01  0.00000000E+00  8.31948030E-02  6.97474520E-02
  5.00000000E-01  2.08845500E+00 -1.50589164E+00 -7.98614514E-02  4.89881510E-01  0.00000000E+00  8.31194104E-02  6.97489583E-02
  5.00000000E-01  2.08869000E+00 -1.50692048E+00 -7.96736807E-02  4.89944447E-01  0.00000000E+00  8.30438931E-02  6.97493430E-02
  5.00000000E-01  2.08892500E+00 -1.50794754E+00 -7.94857145E-02  4.90007228E-01  0.00000000E+00  8.29682457E-02  6.97486070E-02
  5.00000000E-01  2.08916000E+00 -1.50897282E+00 -7.92975529E-02  4.90069855E-01  0.00000000E+00  8.28924626E-02  6.97467512E-02
  5.00000000E-01  2.08939500E+00 -1.50999635E+00 -7.91091963E-02  4.90132325E-01  0.00000000E+00  8.28165382E-02  6.97437764E-02
  5.00000000E-01  2.08963000E+00 -1.51101813E+00 -7.89206448E-02  4.90194639E-01  0.00000000E+00  8.27404671E-02  6.97396837E-02
  5.00000000E-01  2.08986500E+00 -1.51203817E+00 -7.87318986E-02  4.90256795E-01  0.00000000E+00  8.26642438E-02  6.97344739E-02
  5.00000000E-01  2.09010000E+00 -1.51305650E+00 -7.85429579E-02  4.90318794E-01  0.00000000E+00  8.25878628E-02  6.97281480E-02
  5.00000000E-01  2.09033500E+00 -1.51407313E+00 -7.83538230E-02  4.90380634E-01  0.00000000E+00  8.25113189E-02  6.97207070E-02
  5.00000000E-01  2.09057000E+00 -1.51508806E+00 -7.81644939E-02  4.90442315E-01  0.00000000E+00  8.24346064E-02  6.97121518E-02
  5.00000000E-01  2.09080500E+00 -1.51610131E+00 -7.79749710E-02  4.90503837E-01  0.00000000E+00  8.23577202E-02  6.97024833E-02
  5.00000000E-01  2.09104000E+00 -1.51711290E+00 -7.77852545E-02  4.90565199E-01  0.00000000E+00  8.22806548E-02  6.96917026E-02
  5.00000000E-01  2.09127500E+00 -1.51812284E+00 -7.75953445E-02  4.90626401E-01  0.00000000E+00  8.22034048E-02  6.96798105E-02
  5.00000000E-01  2.09151000E+00 -1.51913113E+00 -7.74052413E-02  4.90687441E-01  0.00000000E+00  8.21259651E-02  6.96668080E-02
  5.00000000E-01  2.09174500E+00 -1.52013780E+00 -7.72149450E-02  4.90748320E-01  0.00000000E+00  8.20483302E-02  6.96526961E-02
  5.00000000E-01  2.09198000E+00 -1.52114286E+00 -7.70244560E-02  4.90809037E-01  0.00000000E+00  8.19704950E-02  6.96374756E-02
  5.00000000E-01  2.09221500E+00 -1.52214631E+00 -7.68337743E-02  4.90869591E-01  0.00000000E+00  8.18924541E-02  6.96211477E-02
  5.00000000E-01  2.09245000E+00 -1.52314817E+00 -7.66429002E-02  4.90929982E-01  0.00000000E+00  8.18142023E-02  6.96037131E-02
  5.00000000E-01  2.09268500E+00 -1.52414845E+00 -7.64518340E-02  4.90990209E-01  0.00000000E+00  8.17357344E-02  6.95851727E-02
  5.00000000E-01  2.09292000E+00 -1.52514717E+00 -7.62605758E-02  4.91050272E-01  0.00000000E+00  8.16570453E-02  6.95655276E-02
  5.00000000E-01  2.09315500E+00 -1.52614433E+00 -7.60691259E-02  4.91110170E-01  0.00000000E+00  8.15781297E-02  6.95447786E-02
  5.00000000E-01  2.09339000E+00 -1.52713995E+00 -7.58774845E-02  4.91169902E-01  0.00000000E+00  8.14989825E-02  6.95229266E-02
  5.00000000E-01  2.09362500E+00 -1.52813404E+00 -7.56856518E-02  4.91229469E-01  0.00000000E+00  8.14195985E-02  6.94999725E-02
  5.00000000E-01  2.09386000E+00 -1.52912661E+00 -7.54936281E-02  4.91288869E-01  0.00000000E+00  8.13399726E-02  6.94759170E-02
  5.00000000E-01  2.09409500E+00 -1.53011767E+00 -7.53014135E-02  4.91348103E-01  0.00000000E+00  8.12600997E-02  6.94507612E-02
  5.00000000E-01  2.09433000E+00 -1.53110724E+00 -7.51090083E-02  4.91407169E-01  0.00000000E+00  8.11799748E-02  6.94245057E-02
  5.00000000E-01  2.09456500E+00 -1.53209533E+00 -7.49164127E-02  4.91466067E-01  0.00000000E+00  8.10995926E-02  6.93971514E-02
  5.00000000E-01  2.09480000E+00 -1.53308194E+00 -7.47236270E-02  4.91524797E-01  0.00000000E+00  8.10189482E-02  6.93686991E-02
  5.00000000E-01  2.09503500E+00 -1.53406708E+00 -7.45306515E-02  4.91583357E-01  0.00000000E+00  8.09380365E-02  6.93391496E-02
  5.00000000E-01  2.09527000E+00 -1.53505078E+00 -7.43374863E-02  4.91641748E-01  0.00000000E+00  8.08568525E-02  6.93085035E-02
  5.00000000E-01  2.09550500E+00 -1.53603304E+00 -7.41441317E-02  4.91699970E-01  0.00000000E+00  8.07753911E-02  6.92767616E-02
  5.00000000E-01  2.09574000E+00 -1.53701387E+00 -7.39505880E-02  4.91758020E-01  0.00000000E+00  8.06936474E-02  6.92439247E-02
  5.00000000E-01  2.09597500E+00 -1.53799328E+00 -7.37568553E-02  4.91815898E-01  0.00000000E+00  8.06116162E-02  6.92099940E-02
  5.00000000E-01  2.09621000E+00 -1.53897128E+00 -7.35629340E-02  4.91873604E-01  0.00000000E+00  8.05292927E-02  6.91749699E-02
  5.00000000E-01  2.09644500E+00 -1.53994789E+00 -7.33688243E-02  4.91931138E-01  0.00000000E+00  8.04466719E-02  6.91388530E-02
  5.00000000E-01  2.09668000E+00 -1.54092311E+00 -7.31745265E-02  4.91988499E-01  0.00000000E+00  8.03637489E-02  6.91016440E-02
  5.00000000E-01  2.09691500E+00 -1.54189695E+00 -7.29800408E-02  4.92045687E-01  0.00000000E+00  8.02805185E-02  6.90633436E-02
  5.00000000E-01  2.09715000E+00 -1.54286943E+00 -7.27853675E-02  4.92102701E-01  0.00000000E+00  8.01969760E-02  6.90239525E-02
  5.00000000E-01  2.09738500E+00 -1.54384055E+00 -7.25905069E-02  4.92159540E-01  0.00000000E+00  8.01131164E-02  6.89834713E-02
  5.00000000E-01  2.09762000E+00 -1.54481033E+00 -7.23954593E-02  4.92216204E-01  0.00000000E+00  8.00289347E-02  6.89419005E-02
  5.00000000E-01  2.09785500E+00 -1.54577877E+00 -7.22002249E-02  4.92272692E-01  0.00000000E+00  7.99444261E-02  6.88992409E-02
  5.00000000E-01  2.09809000E+00 -1.54674588E+00 -7.20048041E-02  4.92329004E-01  0.00000000E+00  7.98595856E-02  6.88554929E-02
  5.00000000E-01  2.09832500E+00 -1.54771168E+00 -7.18091971E-02  4.92385139E-01  0.00000000E+00  7.97744084E-02  6.88106571E-02
  5.00000000E-01  2.09856000E+00 -1.54867617E+00 -7.16134042E-02  4.92441097E-01  0.00000000E+00  7.96888895E-02  6.87647341E-02
  5.00000000E-01  2.09879500E+00 -1.54963937E+00 -7.14174257E-02  4.92496877E-01  0.00000000E+00  7.96030240E-02  6.87177244E-02
  5.00000000E-01  2.09903000E+00 -1.55060128E+00 -7.12212619E-02  4.92552478E-01  0.00000000E+00  7.95168071E-02  6.86696283E-02
  5.00000000E-01  2.09926500E+00 -1.55156191E+00 -7.10249132E-02  4.92607901E-01  0.00000000E+00  7.94302340E-02  6.86204465E-02
  5.00000000E-01  2.09950000E+00 -1.55252127E+00 -7.08283797E-02  4.92663143E-01  0.00000000E+00  7.93432997E-02  6.85701794E-02
  5.00000000E-01  2.09973500E+00 -1.55347938E+00 -7.06316620E-02  4.92718206E-01  0.00000000E+00  7.92559994E-02  6.85188273E-02
  5.00000000E-01  2.09997000E+00 -1.55443623E+00 -7.04347602E-02  4.92773088E-01  0.00000000E+00  7.91683282E-02  6.84663907E-02
  5.00000000E-01  2.10020500E+00 -1.55539185E+00 -7.02376747E-02  4.92827788E-01  0.00000000E+00  7.90802813E-02  6.84128700E-02
  5.00000000E-01  2.10044000E+00 -1.55634623E+00 -7.00404059E-02  4.92882306E-01  0.00000000E+00  7.89918539E-02  6.83582655E-02
  5.00000000E-01  2.10067500E+00 -1.55729939E+00 -6.98429541E-02  4.92936642E-01  0.00000000E+00  7.89030411E-02  6.83025776E-02
  5.00000000E-01  2.10091000E+00 -1.55825134E+00 -6.96453195E-02  4.92990795E-01  0.00000000E+00  7.88138380E-02  6.82458065E-02
  5.00000000E-01  2.10114500E+00 -1.55920208E+00 -6.94475027E-02  4.93044763E-01  0.00000000E+00  7.87242398E-02  6.81879526E-02
  5.00000000E-01  2.10138000E+00 -1.56015163E+00 -6.92495038E-02  4.93098548E-01  0.00000000E+00  7.86342418E-02  6.81290161E-02
  5.00000000E-01  2.10161500E+00 -1.56109999E+00 -6.90513233E-02  4.93152148E-01  0.00000000E+00  7.85438389E-02  6.80689973E-02
  5.00000000E-01  2.10185000E+00 -1.56204717E+00 -6.88529616E-02  4.93205562E-01  0.00000000E+00  7.84530265E-02  6.80078963E-02
  5.00000000E-01  2.10208500E+00 -1.56299318E+00 -6.86544190E-02  4.93258790E-01  0.00000000E+00  7.83617997E-02  6.79457134E-02
  5.00000000E-01  2.10232000E+00 -1.56393803E+00 -6.84556959E-02  4.93311832E-01  0.00000000E+00  7.82701536E-02  6.78824487E-02
  5.00000000E-01  2.10255500E+00 -1.56488173E+00 -6.82567926E-02  4.93364686E-01  0.00000000E+00  7.81780834E-02  6.78181023E-02
  5.00000000E-01  2.10279000E+00 -1.56582428E+00 -6.80577096E-02  4.93417352E-01  0.00000000E+00  7.80855843E-02  6.77526745E-02
  5.00000000E-01  2.10302500E+00 -1.56676569E+00 -6.78584472E-02  4.93469829E-01  0.00000000E+00  7.79926515E-02  6.76861651E-02
  5.00000000E-01  2.10326000E+00 -1.56770598E+00 -6.76590059E-02  4.93522118E-01  0.00000000E+00  7.78992800E-02  6.76185744E-02
  5.00000000E-01  2.10349500E+00 -1.56864514E+00 -6.74593860E-02  4.93574217E-01  0.00000000E+00  7.78054650E-02  6.75499024E-02
  5.00000000E-01  2.10373000E+00 -1.56958319E+00 -6.72595879E-02  4.93626125E-01  0.00000000E+00  7.77112017E-02  6.74801490E-02
  5.00000000E-01  2.10396500E+00 -1.57052014E+00 -6.70596122E-02  4.93677842E-01  0.00000000E+00  7.76164853E-02  6.74093142E-02
  5.00000000E-01  2.10420000E+00 -1.57145598E+00 -6.68594591E-02  4.93729367E-01  0.00000000E+00  7.75213108E-02  6.73373981E-02
  5.00000000E-01  2.10443500E+00 -1.57239074E+00 -6.66591292E-02  4.93780700E-01  0.00000000E+00  7.74256735E-02  6.72644004E-02
  5.00000000E-01  2.10467000E+00 -1.57332442E+00 -6.64586228E-02  4.93831840E-01  0.00000000E+00  7.73295683E-02  6.71903212E-02
  5.00000000E-01  2.10490500E+00 -1.57425702E+00 -6.62579404E-02  4.93882786E-01  0.00000000E+00  7.72329906E-02  6.71151602E-02
  5.00000000E-01  2.10514000E+00 -1.57518855E+00 -6.60570824E-02  4.93933538E-01  0.00000000E+00  7.71359353E-02  6.70389174E-02
  5.00000000E-01  2.10537500E+00 -1.57611902E+00 -6.58560494E-02  4.93984094E-01  0.00000000E+00  7.70383976E-02  6.69615925E-02
  5.00000000E-01  2.10561000E+00 -1.57704844E+00 -6.56548417E-02  4.94034455E-01  0.00000000E+00  7.69403726E-02  6.68831853E-02
  5.00000000E-01  2.10584500E+00 -1.57797682E+00 -6.54534598E-02  4.94084620E-01  0.00000000E+00  7.68418554E-02  6.68036956E-02
  5.00000000E-01  2.10608000E+00 -1.57890416E+00 -6.52519042E-02  4.94134587E-01  0.00000000E+00  7.67428411E-02  6.67231231E-02
  5.00000000E-01  2.10631500E+00 -1.57983046E+00 -6.50501754E-02  4.94184356E-01  0.00000000E+00  7.66433247E-02  6.66414674E-02
  5.00000000E-01  2.10655000E+00 -1.58075575E+00 -6.48482738E-02  4.94233927E-01  0.00000000E+00  7.65433013E-02  6.65587283E-02
  5.00000000E-01  2.10678500E+00 -1.58168001E+00 -6.46462000E-02  4.94283298E-01  0.00000000E+00  7.64427659E-02  6.64749054E-02
  5.00000000E-01  2.10702000E+00 -1.58260327E+00 -6.44439545E-02  4.94332470E-01  0.00000000E+00  7.63417137E-02  6.63899983E-02
  5.00000000E-01  2.10725500E+00 -1.58352552E+00 -6.42415377E-02  4.94381440E-01  0.00000000E+00  7.62401396E-02  6.63040065E-02
  5.00000000E-01  2.10749000E+00 -1.58444678E+00 -6.40389502E-02  4.94430209E-01  0.00000000E+00  7.61380386E-02  6.62169296E-02
  5.00000000E-01  2.10772500E+00 -1.58536704E+00 -6.38361925E-02  4.94478775E-01  0.00000000E+00  7.60354058E-02  6.61287671E-02
  5.00000000E-01  2.10796000E+00 -1.58628633E+00 -6.36332652E-02  4.94527139E-01  0.00000000E+00  7.59322362E-02  6.60395185E-02
  5.00000000E-01  2.10819500E+00 -1.58720463E+00 -6.34301684E-02  4.94575304E-01  0.00000000E+00  7.58285245E-02  6.59491832E-02
  5.00000000E-01  2.10843000E+00 -1.58812197E+00 -6.32269030E-02  4.94623264E-01  0.00000000E+00  7.57242658E-02  6.58577607E-02
  5.00000000E-01  2.10866500E+00 -1.58903834E+00 -6.30234695E-02  4.94671017E-01  0.00000000E+00  7.56194553E-02  6.57652504E-02
  5.00000000E-01  2.10890000E+00 -1.58995375E+00 -6.28198686E-02  4.94718563E-01  0.00000000E+00  7.55140877E-02  6.56716516E-02
  5.00000000E-01  2.10913500E+00 -1.59086822E+00 -6.26161007E-02  4.94765902E-01  0.00000000E+00  7.54081579E-02  6.55769636E-02
  5.00000000E-01  2.10937000E+00 -1.59178174E+00 -6.24121664E-02  4.94813033E-01  0.00000000E+00  7.53016609E-02  6.54811857E-02
  5.00000000E-01  2.10960500E+00 -1.59269431E+00 -6.22080663E-02  4.94859954E-01  0.00000000E+00  7.51945914E-02  6.53843172E-02
  5.00000000E-01  2.10984000E+00 -1.59360596E+00 -6.20038010E-02  4.94906666E-01  0.00000000E+00  7.50869443E-02  6.52863572E-02
  5.00000000E-01  2.11007500E+00 -1.59451668E+00 -6.17993709E-02  4.94953168E-01  0.00000000E+00  7.49787144E-02  6.51873051E-02
  5.00000000E-01  2.11031000E+00 -1.59542647E+00 -6.15947768E-02  4.94999458E-01  0.00000000E+00  7.48698966E-02  6.50871599E-02
  5.00000000E-01  2.11054500E+00 -1.59633535E+00 -6.13900192E-02  4.95045537E-01  0.00000000E+00  7.47604855E-02  6.49859208E-02
  5.00000000E-01  2.11078000E+00 -1.59724332E+00 -6.11850987E-02  4.95091403E-01  0.00000000E+00  7.46504760E-02  6.48835868E-02
  5.00000000E-01  2.11101500E+00 -1.59815039E+00 -6.09800159E-02  4.95137056E-01  0.00000000E+00  7.45398628E-02  6.47801570E-02
  5.00000000E-01  2.11125000E+00 -1.59905656E+00 -6.07747714E-02  4.95182495E-01  0.00000000E+00  7.44286406E-02  6.46756305E-02
  5.00000000E-01  2.11148500E+00 -1.59996183E+00 -6.05693659E-02  4.95227718E-01  0.00000000E+00  7.43168040E-02  6.45700061E-02
  5.00000000E-01  2.11172000E+00 -1.60086622E+00 -6.03637999E-02  4.95272726E-01  0.00000000E+00  7.42043478E-02  6.44632830E-02
  5.00000000E-01  2.11195500E+00 -1.60176973E+00 -6.01580742E-02  4.95317516E-01  0.00000000E+00  7.40912666E-02  6.43554599E-02
  5.00000000E-01  2.11219000E+00 -1.60267235E+00 -5.99521893E-02  4.95362089E-01  0.00000000E+00  7.39775549E-02  6.42465358E-02
  5.00000000E-01  2.11242500E+00 -1.60357411E+00 -5.97461460E-02  4.95406442E-01  0.00000000E+00  7.38632074E-02  6.41365096E-02
  5.00000000E-01  2.11266000E+00 -1.60447500E+00 -5.95399448E-02  4.95450576E-01  0.00000000E+00  7.37482186E-02  6.40253800E-02
  5.00000000E-01  2.11289500E+00 -1.60537503E+00 -5.93335864E-02  4.95494489E-01  0.00000000E+00  7.36325830E-02  6.39131458E-02
  5.00000000E-01  2.11313000E+00 -1.60627420E+00 -5.91270716E-02  4.95538180E-01  0.00000000E+00  7.35162951E-02  6.37998057E-02
  5.00000000E-01  2.11336500E+00 -1.60717251E+00 -5.89204009E-02  4.95581649E-01  0.00000000E+00  7.33993494E-02  6.36853585E-02
  5.00000000E-01  2.11360000E+00 -1.60806999E+00 -5.87135751E-02  4.95624893E-01  0.00000000E+00  7.32817402E-02  6.35698029E-02
  5.00000000E-01  2.11383500E+00 -1.60896662E+00 -5.85065948E-02  4.95667913E-01  0.00000000E+00  7.31634620E-02  6.34531374E-02
  5.00000000E-01  2.11407000E+00 -1.60986241E+00 -5.82994608E-02  4.95710706E-01  0.00000000E+00  7.30445091E-02  6.33353606E-02
  5.00000000E-01  2.11430500E+00 -1.61075737E+00 -5.80921737E-02  4.95753272E-01  0.00000000E+00  7.29248758E-02  6.32164712E-02
  5.00000000E-01  2.11454000E+00 -1.61165150E+00 -5.78847342E-02  4.95795610E-01  0.00000000E+00  7.28045563E-02  6.30964676E-02
  5.00000000E-01  2.11477500E+00 -1.61254481E+00 -5.76771431E-02  4.95837718E-01  0.00000000E+00  7.26835450E-02  6.29753483E-02
  5.00000000E-01  2.11501000E+00 -1.61343730E+00 -5.74694011E-02  4.95879596E-01  0.00000000E+00  7.25618360E-02  6.28531118E-02
  5.00000000E-01  2.11524500E+00 -1.61432897E+00 -5.72615089E-02  4.95921242E-01  0.00000000E+00  7.24394235E-02  6.27297564E-02
  5.00000000E-01  2.11548000E+00 -1.61521983E+00 -5.70534673E-02  4.95962655E-01  0.00000000E+00  7.23163015E-02  6.26052806E-02
  5.00000000E-01  2.11571500E+00 -1.61610989E+00 -5.68452768E-02  4.96003833E-01  0.00000000E+00  7.21924641E-02  6.24796827E-02
  5.00000000E-01  2.11595000E+00 -1.61699914E+00 -5.66369384E-02  4.96044777E-01  0.00000000E+00  7.20679055E-02  6.23529608E-02
  5.00000000E-01  2.11618500E+00 -1.61788760E+00 -5.64284528E-02  4.96085484E-01  0.00000000E+00  7.19426195E-02  6.22251134E-02
  5.00000000E-01  2.11642000E+00 -1.61877525E+00 -5.62198206E-02  4.96125953E-01  0.00000000E+00  7.18166000E-02  6.20961386E-02
  5.00000000E-01  2.11665500E+00 -1.61966212E+00 -5.60110426E-02  4.96166184E-01  0.00000000E+00  7.16898410E-02  6.19660346E-02
  5.00000000E-01  2.11689000E+00 -1.62054820E+00 -5.58021197E-02  4.96206174E-01  0.00000000E+00  7.15623364E-02  6.18347995E-02
  5.00000000E-01  2.11712500E+00 -1.62143350E+00 -5.55930525E-02  4.96245923E-01  0.00000000E+00  7.14340798E-02  6.17024314E-02
  5.00000000E-01  2.11736000E+00 -1.62231802E+00 -5.53838419E-02  4.96285430E-01  0.00000000E+00  7.13050650E-02  6.15689283E-02
  5.00000000E-01  2.11759500E+00 -1.62320176E+00 -5.51744886E-02  4.96324692E-01  0.00000000E+00  7.11752858E-02  6.14342883E-02
  5.00000000E-01  2.11783000E+00 -1.62408472E+00 -5.49649933E-02  4.96363710E-01  0.00000000E+00  7.10447358E-02  6.12985093E-02
  5.00000000E-01  2.11806500E+00 -1.62496692E+00 -5.47553570E-02  4.96402481E-01  0.00000000E+00  7.09134084E-02  6.11615893E-02
  5.00000000E-01  2.11830000E+00 -1.62584835E+00 -5.45455802E-02  4.96441005E-01  0.00000000E+00  7.07812974E-02  6.10235262E-02
  5.00000000E-01  2.11853500E+00 -1.62672902E+00 -5.43356639E-02  4.96479280E-01  0.00000000E+00  7.06483961E-02  6.08843177E-02
  5.00000000E-01  2.11877000E+00 -1.62760892E+00 -5.41256088E-02  4.96517304E-01  0.00000000E+00  7.05146980E-02  6.07439618E-02
  5.00000000E-01  2.11900500E+00 -1.62848807E+00 -5.39154158E-02  4.96555078E-01  0.00000000E+00  7.03801964E-02  6.06024561E-02
  5.00000000E-01  2.11924000E+00 -1.62936646E+00 -5.37050855E-02  4.96592599E-01  0.00000000E+00  7.02448846E-02  6.04597983E-02
  5.00000000E-01  2.11947500E+00 -1.63024411E+00 -5.34946189E-02  4.96629867E-01  0.00000000E+00  7.01087559E-02  6.03159862E-02
  5.00000000E-01  2.11971000E+00 -1.63112100E+00 -5.32840167E-02  4.96666879E-01  0.00000000E+00  6.99718034E-02  6.01710174E-02
  5.00000000E-01  2.11994500E+00 -1.63199714E+00 -5.30732798E-02  4.96703636E-01  0.00000000E+00  6.98340204E-02  6.00248895E-02
  5.00000000E-01  2.12018000E+00 -1.63287254E+00 -5.28624089E-02  4.96740135E-01  0.00000000E+00  6.96953997E-02  5.98776000E-02
  5.00000000E-01  2.12041500E+00 -1.63374720E+00 -5.26514053E-02  4.96776363E-01  0.00000000E+00  6.95559342E-02  5.97291463E-02
  5.00000000E-01  2.12065000E+00 -1.63462111E+00 -5.24402699E-02  4.96812313E-01  0.00000000E+00  6.94156165E-02  5.95795258E-02
  5.00000000E-01  2.12088500E+00 -1.63549429E+00 -5.22290029E-02  4.96848003E-01  0.00000000E+00  6.92744402E-02  5.94287362E-02
  5.00000000E-01  2.12112000E+00 -1.63636673E+00 -5.20176051E-02  4.96883433E-01  0.00000000E+00  6.91323979E-02  5.92767747E-02
  5.00000000E-01  2.12135500E+00 -1.63723844E+00 -5.18060773E-02  4.96918598E-01  0.00000000E+00  6.89894823E-02  5.91236387E-02
  5.00000000E-01  2.12159000E+00 -1.63810942E+00 -5.15944205E-02  4.96953498E-01  0.00000000E+00  6.88456857E-02  5.89693253E-02
  5.00000000E-01  2.12182500E+00 -1.63897967E+00 -5.13826355E-02  4.96988129E-01  0.00000000E+00  6.87010008E-02  5.88138319E-02
  5.00000000E-01  2.12206000E+00 -1.63984919E+00 -5.11707232E-02  4.97022489E-01  0.00000000E+00  6.85554199E-02  5.86571555E-02
  5.00000000E-01  2.12229500E+00 -1.64071798E+00 -5.09586844E-02  4.97056575E-01  0.00000000E+00  6.84089353E-02  5.84992932E-02
  5.00000000E-01  2.12253000E+00 -1.64158604E+00 -5.07465199E-02  4.97090386E-01  0.00000000E+00  6.82615393E-02  5.83402422E-02
  5.00000000E-01  2.12276500E+00 -1.64245338E+00 -5.05342307E-02  4.97123919E-01  0.00000000E+00  6.81132241E-02  5.81799994E-02
  5.00000000E-01  2.12300000E+00 -1.64331999E+00 -5.03218176E-02  4.97157173E-01  0.00000000E+00  6.79639816E-02  5.80185618E-02
  5.00000000E-01  2.12323500E+00 -1.64418588E+00 -5.01092814E-02  4.97190144E-01  0.00000000E+00  6.78138041E-02  5.78559263E-02
  5.00000000E-01  2.12347000E+00 -1.64505105E+00 -4.98966230E-02  4.97222831E-01  0.00000000E+00  6.76626832E-02  5.76920899E-02
  5.00000000E-01  2.12370500E+00 -1.64591549E+00 -4.96838433E-02  4.97255231E-01  0.00000000E+00  6.75106110E-02  5.75270492E-02
  5.00000000E-01  2.12394000E+00 -1.64677922E+00 -4.94709430E-02  4.97287344E-01  0.00000000E+00  6.73575791E-02  5.73608011E-02
  5.00000000E-01  2.12417500E+00 -1.64764222E+00 -4.92579230E-02  4.97319166E-01  0.00000000E+00  6.72035791E-02  5.71933423E-02
  5.00000000E-01  2.12441000E+00 -1.64850450E+00 -4.90447842E-02  4.97350695E-01  0.00000000E+00  6.70486027E-02  5.70246695E-02
  5.00000000E-01  2.12464500E+00 -1.64936606E+00 -4.88315274E-02  4.97381931E-01  0.00000000E+00  6.68926411E-02  5.68547793E-02
  5.00000000E-01  2.12488000E+00 -1.65022689E+00 -4.86181534E-02  4.97412869E-01  0.00000000E+00  6.67356858E-02  5.66836682E-02
  5.00000000E-01  2.12511500E+00 -1.65108701E+00 -4.84046632E-02  4.97443510E-01  0.00000000E+00  6.65777280E-02  5.65113327E-02
  5.00000000E-01  2.12535000E+00 -1.65194640E+00 -4.81910574E-02  4.97473850E-01  0.00000000E+00  6.64187588E-02  5.63377694E-02
  5.00000000E-01  2.12558500E+00 -1.65280507E+00 -4.79773369E-02  4.97503888E-01  0.00000000E+00  6.62587692E-02  5.61629744E-02
  5.00000000E-01  2.12582000E+00 -1.65366302E+00 -4.77635026E-02  4.97533622E-01  0.00000000E+00  6.60977500E-02  5.59869443E-02
  5.00000000E-01  2.12605500E+00 -1.65452024E+00 -4.75495552E-02  4.97563049E-01  0.00000000E+00  6.59356920E-02  5.58096753E-02
  5.00000000E-01  2.12629000E+00 -1.65537674E+00 -4.73354957E-02  4.97592167E-01  0.00000000E+00  6.57725859E-02  5.56311635E-02
  5.00000000E-01  2.12652500E+00 -1.65623251E+00 -4.71213247E-02  4.97620975E-01  0.00000000E+00  6.56084221E-02  5.54514051E-02
  5.00000000E-01  2.12676000E+00 -1.65708755E+00 -4.69070432E-02  4.97649470E-01  0.00000000E+00  6.54431911E-02  5.52703962E-02
  5.00000000E-01  2.12699500E+00 -1.65794187E+00 -4.66926520E-02  4.97677649E-01  0.00000000E+00  6.52768830E-02  5.50881329E-02
  5.00000000E-01  2.12723000E+00 -1.65879545E+00 -4.64781517E-02  4.97705512E-01  0.00000000E+00  6.51094880E-02  5.49046110E-02
  5.00000000E-01  2.12746500E+00 -1.65964829E+00 -4.62635434E-02  4.97733055E-01  0.00000000E+00  6.49409960E-02  5.47198266E-02
  5.00000000E-01  2.12770000E+00 -1.66050040E+00 -4.60488277E-02  4.97760277E-01  0.00000000E+00  6.47713969E-02  5.45337754E-02
  5.00000000E-01  2.12793500E+00 -1.66135177E+00 -4.58340055E-02  4.97787174E-01  0.00000000E+00  6.46006804E-02  5.43464531E-02
  5.00000000E-01  2.12817000E+00 -1.66220240E+00 -4.56190775E-02  4.97813744E-01  0.00000000E+00  6.44288359E-02  5.41578556E-02
  5.00000000E-01  2.12840500E+00 -1.66305228E+00 -4.54040446E-02  4.97839986E-01  0.00000000E+00  6.42558529E-02  5.39679783E-02
  5.00000000E-01  2.12864000E+00 -1.66390141E+00 -4.51889075E-02  4.97865895E-01  0.00000000E+00  6.40817206E-02  5.37768169E-02
  5.00000000E-01  2.12887500E+00 -1.66474979E+00 -4.49736671E-02  4.97891470E-01  0.00000000E+00  6.39064281E-02  5.35843669E-02
  5.00000000E-01  2.12911000E+00 -1.66559742E+00 -4.47583241E-02  4.97916708E-01  0.00000000E+00  6.37299642E-02  5.33906237E-02
  5.00000000E-01  2.12934500E+00 -1.66644428E+00 -4.45428793E-02  4.97941606E-01  0.00000000E+00  6.35523177E-02  5.31955827E-02
  5.00000000E-01  2.12958000E+00 -1.66729038E+00 -4.43273335E-02  4.97966160E-01  0.00000000E+00  6.33734773E-02  5.29992390E-02
  5.00000000E-01  2.12981500E+00 -1.66813571E+00 -4.41116875E-02  4.97990369E-01  0.00000000E+00  6.31934312E-02  5.28015880E-02
  5.00000000E-01  2.13005000E+00 -1.66898026E+00 -4.38959420E-02  4.98014229E-01  0.00000000E+00  6.30121678E-02  5.26026247E-02
  5.00000000E-01  2.13028500E+00 -1.66982404E+00 -4.36800978E-02  4.98037736E-01  0.00000000E+00  6.28296751E-02  5.24023442E-02
  5.00000000E-01  2.13052000E+00 -1.67066703E+00 -4.34641557E-02  4.98060887E-01  0.00000000E+00  6.26459410E-02  5.22007416E-02
  5.00000000E-01  2.13075500E+00 -1.67150922E+00 -4.32481164E-02  4.98083679E-01  0.00000000E+00  6.24609533E-02  5.19978116E-02
  5.00000000E-01  2.13099000E+00 -1.67235062E+00 -4.30319808E-02  4.98106108E-01  0.00000000E+00  6.22746993E-02  5.17935491E-02
  5.00000000E-01  2.13122500E+00 -1.67319121E+00 -4.28157494E-02  4.98128171E-01  0.00000000E+00  6.20871665E-02  5.15879489E-02
  5.00000000E-01  2.13146000E+00 -1.67403100E+00 -4.25994232E-02  4.98149863E-01  0.00000000E+00  6.18983420E-02  5.13810056E-02
  5.00000000E-01  2.13169500E+00 -1.67486996E+00 -4.23830029E-02  4.98171181E-01  0.00000000E+00  6.17082128E-02  5.11727139E-02
  5.00000000E-01  2.13193000E+00 -1.67570810E+00 -4.21664891E-02  4.98192120E-01  0.00000000E+00  6.15167655E-02  5.09630682E-02
  5.00000000E-01  2.13216500E+00 -1.67654540E+00 -4.19498827E-02  4.98212676E-01  0.00000000E+00  6.13239868E-02  5.07520629E-02
  5.00000000E-01  2.13240000E+00 -1.67738186E+00 -4.17331843E-02  4.98232845E-01  0.00000000E+00  6.11298630E-02  5.05396925E-02
  5.00000000E-01  2.13263500E+00 -1.67821747E+00 -4.15163948E-02  4.98252623E-01  0.00000000E+00  6.09343803E-02  5.03259511E-02
  5.00000000E-01  2.13287000E+00 -1.67905219E+00 -4.12995083E-02  4.98272132E-01  0.00000000E+00  6.07375200E-02  5.01108313E-02
  5.00000000E-01  2.13310500E+00 -1.67988604E+00 -4.10825319E-02  4.98291247E-01  0.00000000E+00  6.05392730E-02  4.98943290E-02
  5.00000000E-01  2.13334000E+00 -1.68071903E+00 -4.08654669E-02  4.98309948E-01  0.00000000E+00  6.03396248E-02  4.96764381E-02
  5.00000000E-01  2.13357500E+00 -1.68155114E+00 -4.06483137E-02  4.98328236E-01  0.00000000E+00  6.01385599E-02  4.94571521E-02
  5.00000000E-01  2.13381000E+00 -1.68238234E+00 -4.04310727E-02  4.98346110E-01  0.00000000E+00  5.99360626E-02  4.92364647E-02
  5.00000000E-01  2.13404500E+00 -1.68321263E+00 -4.02137441E-02  4.98363569E-01  0.00000000E+00  5.97321170E-02  4.90143693E-02
  5.00000000E-01  2.13428000E+00 -1.68404199E+00 -3.99963285E-02  4.98380614E-01  0.00000000E+00  5.95267070E-02  4.87908592E-02
  5.00000000E-01  2.13451500E+00 -1.68487040E+00 -3.97788261E-02  4.98397242E-01  0.00000000E+00  5.93198164E-02  4.85659278E-02
  5.00000000E-01  2.13475000E+00 -1.68569786E+00 -3.95612374E-02  4.98413454E-01  0.00000000E+00  5.91114286E-02  4.83395683E-02
  5.00000000E-01  2.13498500E+00 -1.68652434E+00 -3.93435629E-02  4.98429245E-01  0.00000000E+00  5.89015268E-02  4.81117738E-02
  5.00000000E-01  2.13522000E+00 -1.68734983E+00 -3.91258030E-02  4.98444616E-01  0.00000000E+00  5.86900942E-02  4.78825372E-02
  5.00000000E-01  2.13545500E+00 -1.68817432E+00 -3.89079581E-02  4.98459562E-01  0.00000000E+00  5.84771133E-02  4.76518515E-02
  5.00000000E-01  2.13569000E+00 -1.68899778E+00 -3.86900286E-02  4.98474082E-01  0.00000000E+00  5.82625665E-02  4.74197095E-02
  5.00000000E-01  2.13592500E+00 -1.68982020E+00 -3.84720151E-02  4.98488173E-01  0.00000000E+00  5.80464362E-02  4.71861038E-02
  5.00000000E-01  2.13616000E+00 -1.69064156E+00 -3.82539178E-02  4.98501831E-01  0.00000000E+00  5.78287040E-02  4.69510269E-02
  5.00000000E-01  2.13639500E+00 -1.69146185E+00 -3.80357373E-02  4.98515053E-01  0.00000000E+00  5.76093514E-02  4.67144712E-02
  5.00000000E-01  2.13663000E+00 -1.69228104E+00 -3.78174738E-02  4.98527834E-01  0.00000000E+00  5.73883596E-02  4.64764291E-02
  5.00000000E-01  2.13686500E+00 -1.69309911E+00 -3.75991279E-02  4.98540172E-01  0.00000000E+00  5.71657093E-02  4.62368926E-02
  5.00000000E-01  2.13710000E+00 -1.69391605E+00 -3.73806998E-02  4.98552063E-01  0.00000000E+00  5.69413810E-02  4.59958537E-02
  5.00000000E-01  2.13733500E+00 -1.69473183E+00 -3.71621899E-02  4.98563501E-01  0.00000000E+00  5.67153546E-02  4.57533042E-02
  5.00000000E-01  2.13757000E+00 -1.69554643E+00 -3.69435985E-02  4.98574482E-01  0.00000000E+00  5.64876099E-02  4.55092358E-02
  5.00000000E-01  2.13780500E+00 -1.69635982E+00 -3.67249258E-02  4.98585002E-01  0.00000000E+00  5.62581259E-02  4.52636400E-02
  5.00000000E-01  2.13804000E+00 -1.69717198E+00 -3.65061720E-02  4.98595056E-01  0.00000000E+00  5.60268814E-02  4.50165080E-02
  5.00000000E-01  2.13827500E+00 -1.69798288E+00 -3.62873373E-02  4.98604638E-01  0.00000000E+00  5.57938547E-02  4.47678311E-02
  5.00000000E-01  2.13851000E+00 -1.69879250E+00 -3.60684219E-02  4.98613745E-01  0.00000000E+00  5.55590237E-02  4.45176002E-02
  5.00000000E-01  2.13874500E+00 -1.69960081E+00 -3.58494258E-02  4.98622370E-01  0.00000000E+00  5.53223658E-02  4.42658060E-02
  5.00000000E-01  2.13898000E+00 -1.70040777E+00 -3.56303490E-02  4.98630509E-01  0.00000000E+00  5.50838577E-02  4.40124391E-02
  5.00000000E-01  2.13921500E+00 -1.70121335E+00 -3.54111916E-02  4.98638156E-01  0.00000000E+00  5.48434759E-02  4.37574900E-02
  5.00000000E-01  2.13945000E+00 -1.70201753E+00 -3.51919534E-02  4.98645306E-01  0.00000000E+00  5.46011961E-02  4.35009487E-02
  5.00000000E-01  2.13968500E+00 -1.70282025E+00 -3.49726343E-02  4.98651953E-01  0.00000000E+00  5.43569937E-02  4.32428052E-02
  5.00000000E-01  2.13992000E+00 -1.70362150E+00 -3.47532340E-02  4.98658092E-01  0.00000000E+00  5.41108434E-02  4.29830493E-02
  5.00000000E-01  2.14015500E+00 -1.70442122E+00 -3.45337523E-02  4.98663717E-01  0.00000000E+00  5.38627195E-02  4.27216705E-02
  5.00000000E-01  2.14039000E+00 -1.70521938E+00 -3.43141887E-02  4.98668823E-01  0.00000000E+00  5.36125954E-02  4.24586581E-02
  5.00000000E-01  2.14062500E+00 -1.70601594E+00 -3.40945429E-02  4.98673404E-01  0.00000000E+00  5.33604441E-02  4.21940010E-02
  5.00000000E-01  2.14086000E+00 -1.70681084E+00 -3.38748142E-02  4.98677456E-01  0.00000000E+00  5.31062381E-02  4.19276881E-02
  5.00000000E-01  2.14109500E+00 -1.70760405E+00 -3.36550021E-02  4.98680971E-01  0.00000000E+00  5.28499491E-02  4.16597081E-02
  5.00000000E-01  2.14133000E+00 -1.70839551E+00 -3.34351059E-02  4.98683946E-01  0.00000000E+00  5.25915482E-02  4.13900491E-02
  5.00000000E-01  2.14156500E+00 -1.70918517E+00 -3.32151247E-02  4.98686373E-01  0.00000000E+00  5.23310058E-02  4.11186992E-02
  5.00000000E-01  2.14180000E+00 -1.70997298E+00 -3.29950576E-02  4.98688250E-01  0.00000000E+00  5.20682918E-02  4.08456463E-02
  5.00000000E-01  2.14203500E+00 -1.71075889E+00 -3.27749036E-02  4.98689569E-01  0.00000000E+00  5.18033751E-02  4.05708778E-02
  5.00000000E-01  2.14227000E+00 -1.71154283E+00 -3.25546615E-02  4.98690326E-01  0.00000000E+00  5.15362243E-02  4.02943809E-02
  5.00000000E-01  2.14250500E+00 -1.71232474E+00 -3.23343303E-02  4.98690517E-01  0.00000000E+00  5.12668069E-02  4.00161427E-02
  5.00000000E-01  2.14274000E+00 -1.71310456E+00 -3.21139084E-02  4.98690135E-01  0.00000000E+00  5.09950898E-02  3.97361499E-02
  5.00000000E-01  2.14297500E+00 -1.71388223E+00 -3.18933945E-02  4.98689177E-01  0.00000000E+00  5.07210394E-02  3.94543887E-02
  5.00000000E-01  2.14321000E+00 -1.71465767E+00 -3.16727870E-02  4.98687638E-01  0.00000000E+00  5.04446210E-02  3.91708453E-02
  5.00000000E-01  2.14344500E+00 -1.71543081E+00 -3.14520842E-02  4.98685513E-01  0.00000000E+00  5.01657992E-02  3.88855054E-02
  5.00000000E-01  2.14368000E+00 -1.71620158E+00 -3.12312841E-02  4.98682798E-01  0.00000000E+00  4.98845380E-02  3.85983545E-02
  5.00000000E-01  2.14391500E+00 -1.71696991E+00 -3.10103849E-02  4.98679490E-01  0.00000000E+00  4.96008003E-02  3.83093779E-02
  5.00000000E-01  2.14415000E+00 -1.71773570E+00 -3.07893845E-02  4.98675584E-01  0.00000000E+00  4.93145484E-02  3.80185602E-02
  5.00000000E-01  2.14438500E+00 -1.71849888E+00 -3.05682806E-02  4.98671077E-01  0.00000000E+00  4.90257436E-02  3.77258861E-02
  5.00000000E-01  2.14462000E+00 -1.71925936E+00 -3.03470708E-02  4.98665965E-01  0.00000000E+00  4.87343466E-02  3.74313396E-02
  5.00000000E-01  2.14485500E+00 -1.72001706E+00 -3.01257526E-02  4.98660246E-01  0.00000000E+00  4.84403170E-02  3.71349046E-02
  5.00000000E-01  2.14509000E+00 -1.72077176E+00 -2.99043131E-02  4.98653886E-01  0.00000000E+00  4.81436078E-02  3.68365632E-02
  5.00000000E-01  2.14532500E+00 -1.72152339E+00 -2.96827434E-02  4.98646830E-01  0.00000000E+00  4.78441709E-02  3.65362942E-02
  5.00000000E-01  2.14556000E+00 -1.72227198E+00 -2.94610554E-02  4.98639110E-01  0.00000000E+00  4.75419688E-02  3.62340810E-02
  5.00000000E-01  2.14579500E+00 -1.72301737E+00 -2.92392433E-02  4.98630724E-01  0.00000000E+00  4.72369542E-02  3.59299052E-02
  5.00000000E-01  2.14603000E+00 -1.72375940E+00 -2.90173012E-02  4.98621666E-01  0.00000000E+00  4.69290789E-02  3.56237481E-02
  5.00000000E-01  2.14626500E+00 -1.72449791E+00 -2.87952230E-02  4.98611934E-01  0.00000000E+00  4.66182937E-02  3.53155903E-02
  5.00000000E-01  2.14650000E+00 -1.72523275E+00 -2.85730025E-02  4.98601521E-01  0.00000000E+00  4.63045483E-02  3.50054118E-02
  5.00000000E-01  2.14673500E+00 -1.72596376E+00 -2.83506332E-02  4.98590422E-01  0.00000000E+00  4.59877910E-02  3.46931921E-02
  5.00000000E-01  2.14697000E+00 -1.72669078E+00 -2.81281081E-02  4.98578631E-01  0.00000000E+00  4.56679689E-02  3.43789101E-02
  5.00000000E-01  2.14720500E+00 -1.72741365E+00 -2.79054199E-02  4.98566139E-01  0.00000000E+00  4.53450277E-02  3.40625440E-02
  5.00000000E-01  2.14744000E+00 -1.72813220E+00 -2.76825610E-02  4.98552940E-01  0.00000000E+00  4.50189114E-02  3.37440714E-02
  5.00000000E-01  2.14767500E+00 -1.72884625E+00 -2.74595232E-02  4.98539025E-01  0.00000000E+00  4.46895625E-02  3.34234690E-02
  5.00000000E-01  2.14791000E+00 -1.72955561E+00 -2.72362976E-02  4.98524388E-01  0.00000000E+00  4.43569219E-02  3.31007132E-02
  5.00000000E-01  2.14814500E+00 -1.73026009E+00 -2.70128749E-02  4.98509018E-01  0.00000000E+00  4.40209286E-02  3.27757791E-02
  5.00000000E-01  2.14838000E+00 -1.73095949E+00 -2.67892451E-02  4.98492907E-01  0.00000000E+00  4.36815195E-02  3.24486415E-02
  5.00000000E-01  2.14861500E+00 -1.73165358E+00 -2.65653974E-02  4.98476047E-01  0.00000000E+00  4.33386299E-02  3.21192741E-02
  5.00000000E-01  2.14885000E+00 -1.73234213E+00 -2.63413202E-02  4.98458429E-01  0.00000000E+00  4.29921928E-02  3.17876501E-02
  5.00000000E-01  2.14908500E+00 -1.73302489E+00 -2.61170013E-02  4.98440044E-01  0.00000000E+00  4.26421389E-02  3.14537415E-02
  5.00000000E-01  2.14932000E+00 -1.73370159E+00 -2.58924275E-02  4.98420882E-01  0.00000000E+00  4.22883968E-02  3.11175197E-02
  5.00000000E-01  2.14955500E+00 -1.73437195E+00 -2.56675845E-02  4.98400936E-01  0.00000000E+00  4.19308927E-02  3.07789551E-02
  5.00000000E-01  2.14979000E+00 -1.73503566E+00 -2.54424573E-02  4.98380197E-01  0.00000000E+00  4.15695503E-02  3.04380171E-02
  5.00000000E-01  2.15002500E+00 -1.73569239E+00 -2.52170297E-02  4.98358657E-01  0.00000000E+00  4.12042908E-02  3.00946744E-02
  5.00000000E-01  2.15026000E+00 -1.73634179E+00 -2.49912843E-02  4.98336308E-01  0.00000000E+00  4.08350326E-02  2.97488944E-02
  5.00000000E-01  2.15049500E+00 -1.73698349E+00 -2.47652029E-02  4.98313143E-01  0.00000000E+00  4.04616915E-02  2.94006439E-02
  5.00000000E-01  2.15073000E+00 -1.73761708E+00 -2.45387657E-02  4.98289154E-01  0.00000000E+00  4.00841804E-02  2.90498883E-02
  5.00000000E-01  2.15096500E+00 -1.73824214E+00 -2.43119519E-02  4.98264335E-01  0.00000000E+00  3.97024093E-02  2.86965923E-02
  5.00000000E-01  2.15120000E+00 -1.73885821E+00 -2.40847392E-02  4.98238681E-01  0.00000000E+00  3.93162850E-02  2.83407192E-02
  5.00000000E-01  2.15143500E+00 -1.73946480E+00 -2.38571042E-02  4.98212186E-01  0.00000000E+00  3.89257113E-02  2.79822315E-02
  5.00000000E-01  2.15167000E+00 -1.74006139E+00 -2.36290219E-02  4.98184845E-01  0.00000000E+00  3.85305888E-02  2.76210903E-02
  5.00000000E-01  2.15190500E+00 -1.74064743E+00 -2.34004658E-02  4.98156656E-01  0.00000000E+00  3.81308148E-02  2.72572559E-02
  5.00000000E-01  2.15214000E+00 -1.74122232E+00 -2.31714079E-02  4.98127616E-01  0.00000000E+00  3.77262831E-02  2.68906872E-02
  5.00000000E-01  2.15237500E+00 -1.74178545E+00 -2.29418186E-02  4.98097722E-01  0.00000000E+00  3.73168840E-02  2.65213419E-02
  5.00000000E-01  2.15261000E+00 -1.74233615E+00 -2.27116668E-02  4.98066974E-01  0.00000000E+00  3.69025043E-02  2.61491766E-02
  5.00000000E-01  2.15284500E+00 -1.74287373E+00 -2.24809196E-02  4.98035372E-01  0.00000000E+00  3.64830269E-02  2.57741466E-02
  5.00000000E-01  2.15308000E+00 -1.74339744E+00 -2.22495423E-02  4.98002918E-01  0.00000000E+00  3.60583310E-02  2.53962060E-02
  5.00000000E-01  2.15331500E+00 -1.74390649E+00 -2.20174986E-02  4.97969613E-01  0.00000000E+00  3.56282921E-02  2.50153074E-02
  5.00000000E-01  2.15355000E+00 -1.74440007E+00 -2.17847500E-02  4.97935463E-01  0.00000000E+00  3.51927814E-02  2.46314023E-02
  5.00000000E-01  2.15378500E+00 -1.74487659E+00 -2.15512462E-02  4.97900461E-01  0.00000000E+00  3.47516754E-02  2.42444519E-02
  5.00000000E-01  2.15402000E+00 -1.74533555E+00 -2.13169446E-02  4.97864583E-01  0.00000000E+00  3.43047985E-02  2.38543791E-02
  5.00000000E-01  2.15425500E+00 -1.74577622E+00 -2.10818090E-02  4.97827845E-01  0.00000000E+00  3.38519996E-02  2.34611270E-02
  5.00000000E-01  2.15449000E+00 -1.74619689E+00 -2.08457893E-02  4.97790264E-01  0.00000000E+00  3.33931436E-02  2.30646564E-02
  5.00000000E-01  2.15472500E+00 -1.74659592E+00 -2.06088334E-02  4.97751854E-01  0.00000000E+00  3.29280846E-02  2.26649216E-02
  5.00000000E-01  2.15496000E+00 -1.74697170E+00 -2.03708872E-02  4.97712631E-01  0.00000000E+00  3.24566668E-02  2.22618721E-02
  5.00000000E-01  2.15519500E+00 -1.74732257E+00 -2.01318937E-02  4.97672612E-01  0.00000000E+00  3.19787256E-02  2.18554532E-02
  5.00000000E-01  2.15543000E+00 -1.74764682E+00 -1.98917940E-02  4.97631814E-01  0.00000000E+00  3.14940882E-02  2.14456077E-02
  5.00000000E-01  2.15566500E+00 -1.74794258E+00 -1.96505259E-02  4.97590254E-01  0.00000000E+00  3.10025746E-02  2.10322767E-02
  5.00000000E-01  2.15590000E+00 -1.74820784E+00 -1.94080249E-02  4.97547955E-01  0.00000000E+00  3.05039983E-02  2.06154013E-02
  5.00000000E-01  2.15613500E+00 -1.74844038E+00 -1.91642232E-02  4.97504937E-01  0.00000000E+00  2.99981672E-02  2.01949233E-02
  5.00000000E-01  2.15637000E+00 -1.74863768E+00 -1.89190499E-02  4.97461228E-01  0.00000000E+00  2.94848845E-02  1.97707870E-02
  5.00000000E-01  2.15660500E+00 -1.74879695E+00 -1.86724311E-02  4.97416855E-01  0.00000000E+00  2.89639496E-02  1.93429398E-02
  5.00000000E-01  2.15684000E+00 -1.74891501E+00 -1.84242890E-02  4.97371851E-01  0.00000000E+00  2.84351585E-02  1.89113341E-02
  5.00000000E-01  2.15707500E+00 -1.74898830E+00 -1.81745428E-02  4.97326251E-01  0.00000000E+00  2.78983054E-02  1.84759278E-02
  5.00000000E-01  2.15731000E+00 -1.74901280E+00 -1.79231075E-02  4.97280098E-01  0.00000000E+00  2.73531829E-02  1.80366862E-02
  5.00000000E-01  2.15754500E+00 -1.74898399E+00 -1.76698944E-02  4.97233436E-01  0.00000000E+00  2.67995830E-02  1.75935827E-02
  5.00000000E-01  2.15778000E+00 -1.74889680E+00 -1.74148109E-02  4.97186316E-01  0.00000000E+00  2.62372983E-02  1.71466003E-02
  5.00000000E-01  2.15801500E+00 -1.74874558E+00 -1.71577602E-02  4.97138795E-01  0.00000000E+00  2.56661222E-02  1.66957329E-02
  5.00000000E-01  2.15825000E+00 -1.74852403E+00 -1.68986411E-02  4.97090937E-01  0.00000000E+00  2.50858504E-02  1.62409861E-02
  5.00000000E-01  2.15848500E+00 -1.74822518E+00 -1.66373479E-02  4.97042811E-01  0.00000000E+00  2.44962814E-02  1.57823790E-02
  5.00000000E-01  2.15872000E+00 -1.74784131E+00 -1.63737704E-02  4.96994493E-01  0.00000000E+00  2.38972171E-02  1.53199450E-02
  5.00000000E-01  2.15895500E+00 -1.74736393E+00 -1.61077937E-02  4.96946068E-01  0.00000000E+00  2.32884643E-02  1.48537330E-02
  5.00000000E-01  2.15919000E+00 -1.74678371E+00 -1.58392980E-02  4.96897628E-01  0.00000000E+00  2.26698351E-02  1.43838092E-02
  5.00000000E-01  2.15942500E+00 -1.74609048E+00 -1.55681581E-02  4.96849274E-01  0.00000000E+00  2.20411475E-02  1.39102574E-02
  5.00000000E-01  2.15966000E+00 -1.74526889E+00 -1.52942630E-02  4.96800838E-01  0.00000000E+00  2.14023222E-02  1.34332974E-02
  5.00000000E-01  2.15989500E+00 -1.74430352E+00 -1.50174462E-02  4.96752759E-01  0.00000000E+00  2.07533526E-02  1.29532403E-02
  5.00000000E-01  2.16013000E+00 -1.74317825E+00 -1.47375698E-02  4.96705099E-01  0.00000000E+00  2.00941459E-02  1.24702867E-02
  5.00000000E-01  2.16036500E+00 -1.74187419E+00 -1.44544913E-02  4.96657911E-01  0.00000000E+00  1.94246828E-02  1.19847350E-02
  5.00000000E-01  2.16060000E+00 -1.74036946E+00 -1.41680588E-02  4.96611283E-01  0.00000000E+00  1.87450268E-02  1.14969898E-02
  5.00000000E-01  2.16083500E+00 -1.73863869E+00 -1.38781107E-02  4.96565331E-01  0.00000000E+00  1.80553324E-02  1.10075681E-02
  5.00000000E-01  2.16107000E+00 -1.73665253E+00 -1.35844755E-02  4.96520190E-01  0.00000000E+00  1.73558525E-02  1.05171048E-02
  5.00000000E-01  2.16130500E+00 -1.73437725E+00 -1.32869708E-02  4.96476008E-01  0.00000000E+00  1.66469461E-02  1.00263585E-02
  5.00000000E-01  2.16154000E+00 -1.73177418E+00 -1.29854032E-02  4.96432942E-01  0.00000000E+00  1.59290863E-02  9.53621788E-03
  5.00000000E-01  2.16177500E+00 -1.72879932E+00 -1.26795677E-02  4.96391148E-01  0.00000000E+00  1.52028680E-02  9.04770680E-03
  5.00000000E-01  2.16201000E+00 -1.72540279E+00 -1.23692473E-02  4.96350778E-01  0.00000000E+00  1.44690156E-02  8.56199071E-03
  5.00000000E-01  2.16224500E+00 -1.72152842E+00 -1.20542121E-02  4.96311968E-01  0.00000000E+00  1.37283905E-02  8.08038224E-03
  5.00000000E-01  2.16248000E+00 -1.71711323E+00 -1.17342197E-02  4.96274837E-01  0.00000000E+00  1.29819993E-02  7.60434710E-03
  5.00000000E-01  2.16271500E+00 -1.71208700E+00 -1.14090137E-02  4.96239478E-01  0.00000000E+00  1.22310012E-02  7.13550994E-03
  5.00000000E-01  2.16295000E+00 -1.70637176E+00 -1.10783241E-02  4.96205950E-01  0.00000000E+00  1.14767161E-02  6.67566017E-03
  5.00000000E-01  2.16318500E+00 -1.69988135E+00 -1.07418660E-02  4.96174273E-01  0.00000000E+00  1.07206320E-02  6.22675782E-03
  5.00000000E-01  2.16342000E+00 -1.69252326E+00 -1.03992948E-02  4.96144823E-01  0.00000000E+00  9.96433570E-03  5.79077594E-03
  5.00000000E-01  2.16365500E+00 -1.68420897E+00 -1.00503960E-02  4.96117407E-01  0.00000000E+00  9.20988658E-03  5.36911088E-03
  5.00000000E-01  2.16389000E+00 -1.67484118E+00 -9.69492125E-03  4.96091823E-01  0.00000000E+00  8.45916539E-03  4.96359593E-03
  5.00000000E-01  2.16412500E+00 -1.66432641E+00 -9.33266323E-03  4.96068250E-01  0.00000000E+00  7.71444478E-03  4.57555584E-03
  5.00000000E-01  2.16436000E+00 -1.65258017E+00 -8.96357014E-03  4.96046699E-01  0.00000000E+00  6.97867012E-03  4.20570926E-03
  5.00000000E-01  2.16459500E+00 -1.63953061E+00 -8.58775489E-03  4.96027075E-01  0.00000000E+00  6.25545072E-03  3.85421619E-03
  5.00000000E-01  2.16483000E+00 -1.62512210E+00 -8.20550402E-03  4.96009229E-01  0.00000000E+00  5.54905100E-03  3.52072553E-03
  5.00000000E-01  2.16506500E+00 -1.60931885E+00 -7.81728670E-03  4.95993014E-01  0.00000000E+00  4.86438173E-03  3.20442248E-03
  5.00000000E-01  2.16530000E+00 -1.59210852E+00 -7.42376369E-03  4.95978343E-01  0.00000000E+00  4.20699126E-03  2.90407607E-03
  5.00000000E-01  2.16553500E+00 -1.57350583E+00 -7.02579629E-03  4.95965244E-01  0.00000000E+00  3.58305666E-03  2.61808661E-03
  5.00000000E-01  2.16577000E+00 -1.55355615E+00 -6.62445534E-03  4.95953914E-01  0.00000000E+00  2.99937501E-03  2.34453319E-03
  5.00000000E-01  2.16600500E+00 -1.53233317E+00 -6.22070295E-03  4.95944063E-01  0.00000000E+00  2.46271013E-03  2.08174261E-03
  5.00000000E-01  2.16624000E+00 -1.50992607E+00 -5.81560028E-03  4.95935540E-01  0.00000000E+00  1.97814631E-03  1.82958053E-03
  5.00000000E-01  2.16647500E+00 -1.48644817E+00 -5.41016480E-03  4.95928340E-01  0.00000000E+00  1.55012734E-03  1.58508702E-03
  5.00000000E-01  2.16671000E+00 -1.46201901E+00 -5.00535768E-03  4.95922117E-01  0.00000000E+00  1.18069577E-03  1.34643223E-03
  5.00000000E-01  2.16694500E+00 -1.43675953E+00 -4.60228949E-03  4.95916649E-01  0.00000000E+00  8.69735522E-04  1.11390828E-03
  5.00000000E-01  2.16718000E+00 -1.41078703E+00 -4.20215010E-03  4.95911779E-01  0.00000000E+00  6.15261869E-04  8.90373542E-04
  5.00000000E-01  2.16741500E+00 -1.38421022E+00 -3.80613860E-03  4.95907358E-01  0.00000000E+00  4.13711443E-04  6.81696918E-04
  5.00000000E-01  2.16765000E+00 -1.35712471E+00 -3.41540825E-03  4.95903228E-01  0.00000000E+00  2.60209171E-04  4.94926298E-04
  5.00000000E-01  2.16788500E+00 -1.32961494E+00 -3.03104887E-03  4.95899395E-01  0.00000000E+00  1.48528915E-04  3.38836930E-04
  5.00000000E-01  2.16812000E+00 -1.30175295E+00 -2.65398759E-03  4.95895785E-01  0.00000000E+00  7.37959549E-05  2.25296741E-04
  5.00000000E-01  2.16835500E+00 -1.27360126E+00 -2.28507907E-03  4.95892345E-01  0.00000000E+00  3.00965882E-05  1.41692415E-04
  5.00000000E-01  2.16859000E+00 -1.24521629E+00 -1.92513328E-03  4.95888996E-01  0.00000000E+00  9.44951213E-06  7.78449505E-05
  5.00000000E-01  2.16882500E+00 -1.21665214E+00 -1.57497381E-03  4.95885719E-01  0.00000000E+00  2.12689715E-06  4.64500650E-05
  5.00000000E-01  2.16906000E+00 -1.18796372E+00 -1.23542525E-03  4.95882469E-01  0.00000000E+00  3.54635894E-07  3.50187845E-05
  5.00000000E-01  2.16929500E+00 -1.15920783E+00 -9.07321372E-04  4.95879232E-01  0.00000000E+00  5.58212638E-09 -1.61543436E-05
  5.00000000E-01  2.16953000E+00 -1.13044394E+00 -5.91496282E-04  4.95875996E-01  0.00000000E+00  1.82654836E-11  4.04609419E-04
  5.00000000E-01  2.16976500E+00 -1.10173441E+00 -2.88780923E-04  4.95872746E-01  0.00000000E+00  2.03051917E-11  3.50964738E-04
  5.00000000E-01  2.17000000E+00 -1.07314451E+00 -1.13042690E-14  4.95869472E-01  0.00000000E+00  1.97522820E-12  3.21449731E-02
