y,U_x,U_y,U_z,k
0,1.08951,1.55537e-25,0,0.00144431
0.00020004,1.08951,8.03522e-12,0,0.00144431
0.00040008,1.08951,1.60704e-11,0,0.00144431
0.00060012,1.08951,2.41057e-11,0,0.00144431
0.00080016,1.08951,3.21409e-11,0,0.00144431
0.0010002,1.08951,4.01761e-11,0,0.00144431
0.00120024,1.08951,4.82113e-11,0,0.00144431
0.00140028,1.08951,5.62465e-11,0,0.00144431
0.00160032,1.08951,6.42817e-11,0,0.00144431
0.00180036,1.08951,7.2317e-11,0,0.00144431
0.0020004,1.08951,8.03522e-11,0,0.00144431
0.00220044,1.08951,8.83874e-11,0,0.00144431
0.00240048,1.08951,9.64226e-11,0,0.00144431
0.00260052,1.08951,1.04458e-10,0,0.00144431
0.00280056,1.08951,1.12493e-10,0,0.00144431
0.0030006,1.08951,1.20528e-10,0,0.00144431
0.00320064,1.08951,1.28563e-10,0,0.00144431
0.00340068,1.08951,1.36599e-10,0,0.00144431
0.00360072,1.08951,1.44634e-10,0,0.00144431
0.00380076,1.08951,1.52669e-10,0,0.00144431
0.0040008,1.08951,1.60704e-10,0,0.00144431
0.00420084,1.08951,1.6874e-10,0,0.00144431
0.00440088,1.08951,1.76775e-10,0,0.00144431
0.00460092,1.08951,1.8481e-10,0,0.00144431
0.00480096,1.08951,1.92845e-10,0,0.00144431
0.005001,1.08951,2.0088e-10,0,0.00144431
0.00520104,1.08951,2.08916e-10,0,0.00144431
0.00540108,1.08951,2.16951e-10,0,0.00144431
0.00560112,1.08951,2.24986e-10,0,0.00144431
0.00580116,1.08951,2.33021e-10,0,0.00144431
0.0060012,1.08951,2.41057e-10,0,0.00144431
0.00620124,1.08951,2.49092e-10,0,0.00144431
0.00640128,1.08951,2.57127e-10,0,0.00144431
0.00660132,1.08951,2.65162e-10,0,0.00144431
0.00680136,1.08951,2.73197e-10,0,0.00144431
0.0070014,1.08951,2.81233e-10,0,0.00144431
0.00720144,1.08951,2.89268e-10,0,0.00144431
0.00740148,1.08951,2.97303e-10,0,0.00144431
0.00760152,1.08951,3.05338e-10,0,0.00144431
0.00780156,1.08951,3.13373e-10,0,0.00144431
0.0080016,1.08951,3.21409e-10,0,0.00144431
0.00820164,1.08951,3.29444e-10,0,0.00144431
0.00840168,1.08951,3.37479e-10,0,0.00144431
0.00860172,1.08951,3.45514e-10,0,0.00144431
0.00880176,1.08951,3.5355e-10,0,0.00144431
0.0090018,1.08951,3.61585e-10,0,0.00144431
0.00920184,1.08951,3.6962e-10,0,0.00144431
0.00940188,1.08951,3.77655e-10,0,0.00144431
0.00960192,1.08951,3.8569e-10,0,0.00144431
0.00980196,1.08951,3.93726e-10,0,0.00144431
0.010002,1.08951,4.01761e-10,0,0.00144431
0.010202,1.08951,4.09796e-10,0,0.00144431
0.0104021,1.08951,4.17831e-10,0,0.00144431
0.0106021,1.08951,4.25866e-10,0,0.00144431
0.0108022,1.08951,4.33902e-10,0,0.00144431
0.0110022,1.08951,4.41937e-10,0,0.00144431
0.0112022,1.08951,4.49972e-10,0,0.00144431
0.0114023,1.08951,4.58007e-10,0,0.00144431
0.0116023,1.08951,4.66043e-10,0,0.00144431
0.0118024,1.08951,4.74078e-10,0,0.00144431
0.0120024,1.08951,4.82113e-10,0,0.00144431
0.0122024,1.08951,4.90148e-10,0,0.00144431
0.0124025,1.08951,4.98183e-10,0,0.00144431
0.0126025,1.08951,5.06219e-10,0,0.00144431
0.0128026,1.08951,5.14254e-10,0,0.00144431
0.0130026,1.08951,5.22289e-10,0,0.00144431
0.0132026,1.08951,5.30324e-10,0,0.00144431
0.0134027,1.08951,5.3836e-10,0,0.00144431
0.0136027,1.08951,5.46395e-10,0,0.00144431
0.0138028,1.08951,5.5443e-10,0,0.00144431
0.0140028,1.08951,5.62465e-10,0,0.00144431
0.0142028,1.08951,5.705e-10,0,0.00144431
0.0144029,1.08951,5.78536e-10,0,0.00144431
0.0146029,1.08951,5.86571e-10,0,0.00144431
0.014803,1.08951,5.94606e-10,0,0.00144431
0.015003,1.08951,6.02641e-10,0,0.00144431
0.015203,1.08951,6.10676e-10,0,0.00144431
0.0154031,1.08951,6.18712e-10,0,0.00144431
0.0156031,1.08951,6.26747e-10,0,0.00144431
0.0158032,1.08951,6.34782e-10,0,0.00144431
0.0160032,1.08951,6.42817e-10,0,0.00144431
0.0162032,1.08951,6.50853e-10,0,0.00144431
0.0164033,1.08951,6.58888e-10,0,0.00144431
0.0166033,1.08951,6.66923e-10,0,0.00144431
0.0168034,1.08951,6.74958e-10,0,0.00144431
0.0170034,1.08951,6.82993e-10,0,0.00144431
0.0172034,1.08951,6.91029e-10,0,0.00144431
0.0174035,1.08951,6.99064e-10,0,0.00144431
0.0176035,1.08951,7.07099e-10,0,0.00144431
0.0178036,1.08951,7.15134e-10,0,0.00144431
0.0180036,1.08951,7.2317e-10,0,0.00144431
0.0182036,1.08951,7.31205e-10,0,0.00144431
0.0184037,1.08951,7.3924e-10,0,0.00144431
0.0186037,1.08951,7.47275e-10,0,0.00144431
0.0188038,1.08951,7.5531e-10,0,0.00144431
0.0190038,1.08951,7.63346e-10,0,0.00144431
0.0192038,1.08951,7.71381e-10,0,0.00144431
0.0194039,1.08951,7.79416e-10,0,0.00144431
0.0196039,1.08951,7.87451e-10,0,0.00144431
0.019804,1.08951,7.95486e-10,0,0.00144431
0.020004,1.08951,8.03522e-10,0,0.00144431
0.020204,1.08951,8.11557e-10,0,0.00144431
0.0204041,1.08951,8.19592e-10,0,0.00144431
0.0206041,1.08951,8.27627e-10,0,0.00144431
0.0208042,1.08951,8.35663e-10,0,0.00144431
0.0210042,1.08951,8.43698e-10,0,0.00144431
0.0212042,1.08951,8.51733e-10,0,0.00144431
0.0214043,1.08951,8.59768e-10,0,0.00144431
0.0216043,1.08951,8.67803e-10,0,0.00144431
0.0218044,1.08951,8.75839e-10,0,0.00144431
0.0220044,1.08951,8.83874e-10,0,0.00144431
0.0222044,1.08951,8.91909e-10,0,0.00144431
0.0224045,1.08951,8.99944e-10,0,0.00144431
0.0226045,1.08951,9.07979e-10,0,0.00144431
0.0228046,1.08951,9.16015e-10,0,0.00144431
0.0230046,1.08951,9.2405e-10,0,0.00144431
0.0232046,1.08951,9.32085e-10,0,0.00144431
0.0234047,1.08951,9.4012e-10,0,0.00144431
0.0236047,1.08951,9.48156e-10,0,0.00144431
0.0238048,1.08951,9.56191e-10,0,0.00144431
0.0240048,1.08951,9.64226e-10,0,0.00144431
0.0242048,1.08951,9.72261e-10,0,0.00144431
0.0244049,1.08951,9.80296e-10,0,0.00144431
0.0246049,1.08951,9.88332e-10,0,0.00144431
0.024805,1.08951,9.9255e-10,0,0.00144433
0.025005,1.0895,9.6969e-10,0,0.00144446
0.025205,1.0895,9.46829e-10,0,0.00144459
0.0254051,1.08949,9.23969e-10,0,0.00144472
0.0256051,1.08949,9.01109e-10,0,0.00144485
0.0258052,1.08949,8.78249e-10,0,0.00144498
0.0260052,1.08948,8.55389e-10,0,0.00144511
0.0262052,1.08948,8.32529e-10,0,0.00144524
0.0264053,1.08947,8.09669e-10,0,0.00144537
0.0266053,1.08947,7.86809e-10,0,0.0014455
0.0268054,1.08947,7.63949e-10,0,0.00144563
0.0270054,1.08946,7.41089e-10,0,0.00144576
0.0272054,1.08946,7.18229e-10,0,0.00144589
0.0274055,1.08945,6.95369e-10,0,0.00144602
0.0276055,1.08945,6.72509e-10,0,0.00144616
0.0278056,1.08945,6.49648e-10,0,0.00144629
0.0280056,1.08944,6.26788e-10,0,0.00144642
0.0282056,1.08944,6.03928e-10,0,0.00144655
0.0284057,1.08943,5.81068e-10,0,0.00144668
0.0286057,1.08943,5.58208e-10,0,0.00144681
0.0288058,1.08943,5.35348e-10,0,0.00144694
0.0290058,1.08942,5.12488e-10,0,0.00144707
0.0292058,1.08942,4.89628e-10,0,0.0014472
0.0294059,1.08941,4.66768e-10,0,0.00144733
0.0296059,1.08941,4.43908e-10,0,0.00144746
0.029806,1.08941,4.21048e-10,0,0.00144759
0.030006,1.0894,3.98188e-10,0,0.00144772
0.030206,1.0894,3.75328e-10,0,0.00144785
0.0304061,1.08939,3.52467e-10,0,0.00144798
0.0306061,1.08939,3.29607e-10,0,0.00144811
0.0308062,1.08939,3.06747e-10,0,0.00144824
0.0310062,1.08938,2.83887e-10,0,0.00144837
0.0312062,1.08938,2.61027e-10,0,0.0014485
0.0314063,1.08937,2.38167e-10,0,0.00144863
0.0316063,1.08937,2.15307e-10,0,0.00144876
0.0318064,1.08937,1.92447e-10,0,0.00144889
0.0320064,1.08936,1.69587e-10,0,0.00144902
0.0322064,1.08936,1.46727e-10,0,0.00144915
0.0324065,1.08935,1.23867e-10,0,0.00144928
0.0326065,1.08935,1.01007e-10,0,0.00144941
0.0328066,1.08935,7.81466e-11,0,0.00144954
0.0330066,1.08934,5.52865e-11,0,0.00144967
0.0332066,1.08934,3.24264e-11,0,0.00144981
0.0334067,1.08933,9.56636e-12,0,0.00144994
0.0336067,1.08933,-1.32937e-11,0,0.00145007
0.0338068,1.08933,-3.61538e-11,0,0.0014502
0.0340068,1.08932,-5.90139e-11,0,0.00145033
0.0342068,1.08932,-8.18739e-11,0,0.00145046
0.0344069,1.08931,-1.04734e-10,0,0.00145059
0.0346069,1.08931,-1.27594e-10,0,0.00145072
0.034807,1.08931,-1.50454e-10,0,0.00145085
0.035007,1.0893,-1.73314e-10,0,0.00145098
0.035207,1.0893,-1.96174e-10,0,0.00145111
0.0354071,1.08929,-2.19034e-10,0,0.00145124
0.0356071,1.08929,-2.41894e-10,0,0.00145137
0.0358072,1.08929,-2.64755e-10,0,0.0014515
0.0360072,1.08928,-2.87615e-10,0,0.00145163
0.0362072,1.08928,-3.10475e-10,0,0.00145176
0.0364073,1.08927,-3.33335e-10,0,0.00145189
0.0366073,1.08927,-3.56195e-10,0,0.00145202
0.0368074,1.08927,-3.79055e-10,0,0.00145215
0.0370074,1.08926,-4.01915e-10,0,0.00145228
0.0372074,1.08926,-4.24775e-10,0,0.00145241
0.0374075,1.08925,-4.47635e-10,0,0.00145254
0.0376075,1.08925,-4.70495e-10,0,0.00145267
0.0378076,1.08925,-4.93355e-10,0,0.0014528
0.0380076,1.08924,-5.16215e-10,0,0.00145293
0.0382076,1.08924,-5.39075e-10,0,0.00145306
0.0384077,1.08923,-5.61936e-10,0,0.00145319
0.0386077,1.08923,-5.84796e-10,0,0.00145332
0.0388078,1.08923,-6.07656e-10,0,0.00145346
0.0390078,1.08922,-6.30516e-10,0,0.00145359
0.0392078,1.08922,-6.53376e-10,0,0.00145372
0.0394079,1.08921,-6.76236e-10,0,0.00145385
0.0396079,1.08921,-6.99096e-10,0,0.00145398
0.039808,1.08921,-7.21956e-10,0,0.00145411
0.040008,1.0892,-7.44816e-10,0,0.00145424
0.040208,1.0892,-7.67676e-10,0,0.00145437
0.0404081,1.08919,-7.90536e-10,0,0.0014545
0.0406081,1.08919,-8.13396e-10,0,0.00145463
0.0408082,1.08919,-8.36256e-10,0,0.00145476
0.0410082,1.08918,-8.59117e-10,0,0.00145489
0.0412082,1.08918,-8.81977e-10,0,0.00145502
0.0414083,1.08917,-9.04837e-10,0,0.00145515
0.0416083,1.08917,-9.27697e-10,0,0.00145528
0.0418084,1.08917,-9.50557e-10,0,0.00145541
0.0420084,1.08916,-9.73417e-10,0,0.00145554
0.0422084,1.08916,-9.96277e-10,0,0.00145567
0.0424085,1.08915,-1.01914e-09,0,0.0014558
0.0426085,1.08915,-1.042e-09,0,0.00145593
0.0428086,1.08915,-1.06486e-09,0,0.00145606
0.0430086,1.08914,-1.08772e-09,0,0.00145619
0.0432086,1.08914,-1.11058e-09,0,0.00145632
0.0434087,1.08913,-1.13344e-09,0,0.00145645
0.0436087,1.08913,-1.1563e-09,0,0.00145658
0.0438088,1.08913,-1.17916e-09,0,0.00145671
0.0440088,1.08912,-1.20202e-09,0,0.00145684
0.0442088,1.08912,-1.22488e-09,0,0.00145697
0.0444089,1.08911,-1.24774e-09,0,0.00145711
0.0446089,1.08911,-1.2706e-09,0,0.00145724
0.044809,1.08911,-1.29346e-09,0,0.00145737
0.045009,1.0891,-1.31632e-09,0,0.0014575
0.045209,1.0891,-1.33918e-09,0,0.00145763
0.0454091,1.08909,-1.36204e-09,0,0.00145776
0.0456091,1.08909,-1.3849e-09,0,0.00145789
0.0458092,1.08909,-1.40776e-09,0,0.00145802
0.0460092,1.08908,-1.43062e-09,0,0.00145815
0.0462092,1.08908,-1.45348e-09,0,0.00145828
0.0464093,1.08907,-1.47634e-09,0,0.00145841
0.0466093,1.08907,-1.4992e-09,0,0.00145854
0.0468094,1.08907,-1.52206e-09,0,0.00145867
0.0470094,1.08906,-1.54492e-09,0,0.0014588
0.0472094,1.08906,-1.56778e-09,0,0.00145893
0.0474095,1.08905,-1.59064e-09,0,0.00145906
0.0476095,1.08905,-1.6135e-09,0,0.00145919
0.0478096,1.08905,-1.63636e-09,0,0.00145932
0.0480096,1.08904,-1.65922e-09,0,0.00145945
0.0482096,1.08904,-1.68208e-09,0,0.00145958
0.0484097,1.08903,-1.70494e-09,0,0.00145971
0.0486097,1.08903,-1.7278e-09,0,0.00145984
0.0488098,1.08903,-1.75066e-09,0,0.00145997
0.0490098,1.08902,-1.77352e-09,0,0.0014601
0.0492098,1.08902,-1.79638e-09,0,0.00146023
0.0494099,1.08901,-1.81924e-09,0,0.00146036
0.0496099,1.08901,-1.8421e-09,0,0.00146049
0.04981,1.08901,-1.86496e-09,0,0.00146062
0.05001,1.089,-1.88782e-09,0,0.00146076
0.05021,1.089,-1.91068e-09,0,0.00146089
0.0504101,1.08899,-1.93354e-09,0,0.00146102
0.0506101,1.08899,-1.9564e-09,0,0.00146115
0.0508102,1.08899,-1.97926e-09,0,0.00146128
0.0510102,1.08898,-2.00212e-09,0,0.00146141
0.0512102,1.08898,-2.02498e-09,0,0.00146154
0.0514103,1.08897,-2.04784e-09,0,0.00146167
0.0516103,1.08897,-2.0707e-09,0,0.0014618
0.0518104,1.08897,-2.09356e-09,0,0.00146193
0.0520104,1.08896,-2.11642e-09,0,0.00146206
0.0522104,1.08896,-2.13928e-09,0,0.00146219
0.0524105,1.08895,-2.16214e-09,0,0.00146232
0.0526105,1.08895,-2.185e-09,0,0.00146245
0.0528106,1.08895,-2.20786e-09,0,0.00146258
0.0530106,1.08894,-2.23072e-09,0,0.00146271
0.0532106,1.08894,-2.25358e-09,0,0.00146284
0.0534107,1.08893,-2.27644e-09,0,0.00146297
0.0536107,1.08893,-2.2993e-09,0,0.0014631
0.0538108,1.08893,-2.32216e-09,0,0.00146323
0.0540108,1.08892,-2.34502e-09,0,0.00146336
0.0542108,1.08892,-2.36788e-09,0,0.00146349
0.0544109,1.08891,-2.39074e-09,0,0.00146362
0.0546109,1.08891,-2.4136e-09,0,0.00146375
0.054811,1.08891,-2.43646e-09,0,0.00146388
0.055011,1.0889,-2.45932e-09,0,0.00146401
0.055211,1.0889,-2.48218e-09,0,0.00146414
0.0554111,1.08889,-2.50504e-09,0,0.00146427
0.0556111,1.08889,-2.5279e-09,0,0.00146441
0.0558112,1.08889,-2.55076e-09,0,0.00146454
0.0560112,1.08888,-2.57362e-09,0,0.00146467
0.0562112,1.08888,-2.59648e-09,0,0.0014648
0.0564113,1.08887,-2.61934e-09,0,0.00146493
0.0566113,1.08887,-2.6422e-09,0,0.00146506
0.0568114,1.08887,-2.66506e-09,0,0.00146519
0.0570114,1.08886,-2.68792e-09,0,0.00146532
0.0572114,1.08886,-2.71078e-09,0,0.00146545
0.0574115,1.08885,-2.73364e-09,0,0.00146558
0.0576115,1.08885,-2.7565e-09,0,0.00146571
0.0578116,1.08885,-2.77936e-09,0,0.00146584
0.0580116,1.08884,-2.80222e-09,0,0.00146597
0.0582116,1.08884,-2.82508e-09,0,0.0014661
0.0584117,1.08883,-2.84794e-09,0,0.00146623
0.0586117,1.08883,-2.8708e-09,0,0.00146636
0.0588118,1.08883,-2.89366e-09,0,0.00146649
0.0590118,1.08882,-2.91652e-09,0,0.00146662
0.0592118,1.08882,-2.93938e-09,0,0.00146675
0.0594119,1.08881,-2.96224e-09,0,0.00146688
0.0596119,1.08881,-2.9851e-09,0,0.00146701
0.059812,1.08881,-3.00796e-09,0,0.00146714
0.060012,1.0888,-3.03082e-09,0,0.00146727
0.060212,1.0888,-3.05368e-09,0,0.0014674
0.0604121,1.08879,-3.07654e-09,0,0.00146753
0.0606121,1.08879,-3.0994e-09,0,0.00146766
0.0608122,1.08879,-3.12226e-09,0,0.00146779
0.0610122,1.08878,-3.14512e-09,0,0.00146792
0.0612122,1.08878,-3.16798e-09,0,0.00146806
0.0614123,1.08877,-3.19084e-09,0,0.00146819
0.0616123,1.08877,-3.2137e-09,0,0.00146832
0.0618124,1.08877,-3.23656e-09,0,0.00146845
0.0620124,1.08876,-3.25942e-09,0,0.00146858
0.0622124,1.08876,-3.28228e-09,0,0.00146871
0.0624125,1.08875,-3.30514e-09,0,0.00146884
0.0626125,1.08875,-3.328e-09,0,0.00146897
0.0628126,1.08875,-3.35086e-09,0,0.0014691
0.0630126,1.08874,-3.37372e-09,0,0.00146923
0.0632126,1.08874,-3.39658e-09,0,0.00146936
0.0634127,1.08873,-3.41944e-09,0,0.00146949
0.0636127,1.08873,-3.44231e-09,0,0.00146962
0.0638128,1.08873,-3.46517e-09,0,0.00146975
0.0640128,1.08872,-3.48803e-09,0,0.00146988
0.0642128,1.08872,-3.51089e-09,0,0.00147001
0.0644129,1.08871,-3.53375e-09,0,0.00147014
0.0646129,1.08871,-3.55661e-09,0,0.00147027
0.064813,1.08871,-3.57947e-09,0,0.0014704
0.065013,1.0887,-3.60233e-09,0,0.00147053
0.065213,1.0887,-3.62519e-09,0,0.00147066
0.0654131,1.08869,-3.64805e-09,0,0.00147079
0.0656131,1.08869,-3.67091e-09,0,0.00147092
0.0658132,1.08869,-3.69377e-09,0,0.00147105
0.0660132,1.08868,-3.71663e-09,0,0.00147118
0.0662132,1.08868,-3.73949e-09,0,0.00147131
0.0664133,1.08867,-3.76235e-09,0,0.00147144
0.0666133,1.08867,-3.78521e-09,0,0.00147157
0.0668134,1.08867,-3.80807e-09,0,0.00147171
0.0670134,1.08866,-3.83093e-09,0,0.00147184
0.0672134,1.08866,-3.85379e-09,0,0.00147197
0.0674135,1.08865,-3.87665e-09,0,0.0014721
0.0676135,1.08865,-3.89951e-09,0,0.00147223
0.0678136,1.08865,-3.92237e-09,0,0.00147236
0.0680136,1.08864,-3.94523e-09,0,0.00147249
0.0682136,1.08864,-3.96809e-09,0,0.00147262
0.0684137,1.08863,-3.99095e-09,0,0.00147275
0.0686137,1.08863,-4.01381e-09,0,0.00147288
0.0688138,1.08863,-4.03667e-09,0,0.00147301
0.0690138,1.08862,-4.05953e-09,0,0.00147314
0.0692138,1.08862,-4.08239e-09,0,0.00147327
0.0694139,1.08861,-4.10525e-09,0,0.0014734
0.0696139,1.08861,-4.12811e-09,0,0.00147353
0.069814,1.08861,-4.15097e-09,0,0.00147366
0.070014,1.0886,-4.17383e-09,0,0.00147379
0.070214,1.0886,-4.19669e-09,0,0.00147392
0.0704141,1.08859,-4.21955e-09,0,0.00147405
0.0706141,1.08859,-4.24241e-09,0,0.00147418
0.0708142,1.08859,-4.26527e-09,0,0.00147431
0.0710142,1.08858,-4.28813e-09,0,0.00147444
0.0712142,1.08858,-4.31099e-09,0,0.00147457
0.0714143,1.08857,-4.33385e-09,0,0.0014747
0.0716143,1.08857,-4.35671e-09,0,0.00147483
0.0718144,1.08857,-4.37957e-09,0,0.00147496
0.0720144,1.08856,-4.40243e-09,0,0.00147509
0.0722144,1.08856,-4.42529e-09,0,0.00147522
0.0724145,1.08855,-4.44815e-09,0,0.00147536
0.0726145,1.08855,-4.47101e-09,0,0.00147549
0.0728146,1.08855,-4.49387e-09,0,0.00147562
0.0730146,1.08854,-4.51673e-09,0,0.00147575
0.0732146,1.08854,-4.53959e-09,0,0.00147588
0.0734147,1.08853,-4.56245e-09,0,0.00147601
0.0736147,1.08853,-4.58531e-09,0,0.00147614
0.0738148,1.08853,-4.60817e-09,0,0.00147627
0.0740148,1.08852,-4.63103e-09,0,0.0014764
0.0742148,1.08852,-4.65389e-09,0,0.00147653
0.0744149,1.08851,-4.66934e-09,-3.3064e-28,0.0014767
0.0746149,1.08851,-4.67222e-09,-1.22266e-27,0.00147694
0.074815,1.0885,-4.67511e-09,-2.11468e-27,0.00147719
0.075015,1.08849,-4.67799e-09,-3.0067e-27,0.00147743
0.075215,1.08848,-4.68087e-09,-3.89872e-27,0.00147768
0.0754151,1.08848,-4.68375e-09,-4.79074e-27,0.00147792
0.0756151,1.08847,-4.68663e-09,-5.68275e-27,0.00147816
0.0758152,1.08846,-4.68951e-09,-6.57477e-27,0.00147841
0.0760152,1.08845,-4.69239e-09,-7.46679e-27,0.00147865
0.0762152,1.08844,-4.69527e-09,-8.35881e-27,0.0014789
0.0764153,1.08844,-4.69815e-09,-9.25083e-27,0.00147914
0.0766153,1.08843,-4.70103e-09,-1.01428e-26,0.00147938
0.0768154,1.08842,-4.70391e-09,-1.10349e-26,0.00147963
0.0770154,1.08841,-4.70679e-09,-1.19269e-26,0.00147987
0.0772154,1.08841,-4.70968e-09,-1.28189e-26,0.00148012
0.0774155,1.0884,-4.71256e-09,-1.37109e-26,0.00148036
0.0776155,1.08839,-4.71544e-09,-1.46029e-26,0.0014806
0.0778156,1.08838,-4.71832e-09,-1.5495e-26,0.00148085
0.0780156,1.08838,-4.7212e-09,-1.6387e-26,0.00148109
0.0782156,1.08837,-4.72408e-09,-1.7279e-26,0.00148134
0.0784157,1.08836,-4.72696e-09,-1.8171e-26,0.00148158
0.0786157,1.08835,-4.72984e-09,-1.9063e-26,0.00148182
0.0788158,1.08835,-4.73272e-09,-1.99551e-26,0.00148207
0.0790158,1.08834,-4.7356e-09,-2.08471e-26,0.00148231
0.0792158,1.08833,-4.73848e-09,-2.17391e-26,0.00148256
0.0794159,1.08832,-4.74137e-09,-2.26311e-26,0.0014828
0.0796159,1.08832,-4.74425e-09,-2.35231e-26,0.00148304
0.079816,1.08831,-4.74713e-09,-2.44152e-26,0.00148329
0.080016,1.0883,-4.75001e-09,-2.53072e-26,0.00148353
0.080216,1.08829,-4.75289e-09,-2.61992e-26,0.00148378
0.0804161,1.08828,-4.75577e-09,-2.70912e-26,0.00148402
0.0806161,1.08828,-4.75865e-09,-2.79832e-26,0.00148426
0.0808162,1.08827,-4.76153e-09,-2.88752e-26,0.00148451
0.0810162,1.08826,-4.76441e-09,-2.97673e-26,0.00148475
0.0812162,1.08825,-4.76729e-09,-3.06593e-26,0.001485
0.0814163,1.08825,-4.77017e-09,-3.15513e-26,0.00148524
0.0816163,1.08824,-4.77306e-09,-3.24433e-26,0.00148548
0.0818164,1.08823,-4.77594e-09,-3.33353e-26,0.00148573
0.0820164,1.08822,-4.77882e-09,-3.42274e-26,0.00148597
0.0822164,1.08822,-4.7817e-09,-3.51194e-26,0.00148622
0.0824165,1.08821,-4.78458e-09,-3.60114e-26,0.00148646
0.0826165,1.0882,-4.78746e-09,-3.69034e-26,0.0014867
0.0828166,1.08819,-4.79034e-09,-3.77954e-26,0.00148695
0.0830166,1.08819,-4.79322e-09,-3.86875e-26,0.00148719
0.0832166,1.08818,-4.7961e-09,-3.95795e-26,0.00148744
0.0834167,1.08817,-4.79898e-09,-4.04715e-26,0.00148768
0.0836167,1.08816,-4.80186e-09,-4.13635e-26,0.00148792
0.0838168,1.08816,-4.80474e-09,-4.22555e-26,0.00148817
0.0840168,1.08815,-4.80763e-09,-4.31476e-26,0.00148841
0.0842168,1.08814,-4.81051e-09,-4.40396e-26,0.00148866
0.0844169,1.08813,-4.81339e-09,-4.49316e-26,0.0014889
0.0846169,1.08813,-4.81627e-09,-4.58236e-26,0.00148914
0.084817,1.08812,-4.81915e-09,-4.67156e-26,0.00148939
0.085017,1.08811,-4.82203e-09,-4.76076e-26,0.00148963
0.085217,1.0881,-4.82491e-09,-4.84997e-26,0.00148988
0.0854171,1.08809,-4.82779e-09,-4.93917e-26,0.00149012
0.0856171,1.08809,-4.83067e-09,-5.02837e-26,0.00149036
0.0858172,1.08808,-4.83355e-09,-5.11757e-26,0.00149061
0.0860172,1.08807,-4.83643e-09,-5.20677e-26,0.00149085
0.0862172,1.08806,-4.83932e-09,-5.29598e-26,0.0014911
0.0864173,1.08806,-4.8422e-09,-5.38518e-26,0.00149134
0.0866173,1.08805,-4.84508e-09,-5.47438e-26,0.00149158
0.0868174,1.08804,-4.84796e-09,-5.56358e-26,0.00149183
0.0870174,1.08803,-4.85084e-09,-5.65278e-26,0.00149207
0.0872174,1.08803,-4.85372e-09,-5.74199e-26,0.00149232
0.0874175,1.08802,-4.8566e-09,-5.83119e-26,0.00149256
0.0876175,1.08801,-4.85948e-09,-5.92039e-26,0.0014928
0.0878176,1.088,-4.86236e-09,-6.00959e-26,0.00149305
0.0880176,1.088,-4.86524e-09,-6.09879e-26,0.00149329
0.0882176,1.08799,-4.86812e-09,-6.18799e-26,0.00149354
0.0884177,1.08798,-4.87101e-09,-6.2772e-26,0.00149378
0.0886177,1.08797,-4.87389e-09,-6.3664e-26,0.00149402
0.0888178,1.08797,-4.87677e-09,-6.4556e-26,0.00149427
0.0890178,1.08796,-4.87965e-09,-6.5448e-26,0.00149451
0.0892178,1.08795,-4.88253e-09,-6.634e-26,0.00149476
0.0894179,1.08794,-4.88541e-09,-6.72321e-26,0.001495
0.0896179,1.08793,-4.88829e-09,-6.81241e-26,0.00149524
0.089818,1.08793,-4.89117e-09,-6.90161e-26,0.00149549
0.090018,1.08792,-4.89405e-09,-6.99081e-26,0.00149573
0.090218,1.08791,-4.89693e-09,-7.08001e-26,0.00149598
0.0904181,1.0879,-4.89981e-09,-7.16922e-26,0.00149622
0.0906181,1.0879,-4.90269e-09,-7.25842e-26,0.00149646
0.0908182,1.08789,-4.90558e-09,-7.34762e-26,0.00149671
0.0910182,1.08788,-4.90846e-09,-7.43682e-26,0.00149695
0.0912182,1.08787,-4.91134e-09,-7.52602e-26,0.0014972
0.0914183,1.08787,-4.91422e-09,-7.61523e-26,0.00149744
0.0916183,1.08786,-4.9171e-09,-7.70443e-26,0.00149768
0.0918184,1.08785,-4.91998e-09,-7.79363e-26,0.00149793
0.0920184,1.08784,-4.92286e-09,-7.88283e-26,0.00149817
0.0922184,1.08784,-4.92574e-09,-7.97203e-26,0.00149842
0.0924185,1.08783,-4.92862e-09,-8.06123e-26,0.00149866
0.0926185,1.08782,-4.9315e-09,-8.15044e-26,0.0014989
0.0928186,1.08781,-4.93438e-09,-8.23964e-26,0.00149915
0.0930186,1.08781,-4.93727e-09,-8.32884e-26,0.00149939
0.0932186,1.0878,-4.94015e-09,-8.41804e-26,0.00149964
0.0934187,1.08779,-4.94303e-09,-8.50724e-26,0.00149988
0.0936187,1.08778,-4.94591e-09,-8.59645e-26,0.00150012
0.0938188,1.08777,-4.94879e-09,-8.68565e-26,0.00150037
0.0940188,1.08777,-4.95167e-09,-8.77485e-26,0.00150061
0.0942188,1.08776,-4.95455e-09,-8.86405e-26,0.00150086
0.0944189,1.08775,-4.95743e-09,-8.95325e-26,0.0015011
0.0946189,1.08774,-4.96031e-09,-9.04246e-26,0.00150134
0.094819,1.08774,-4.96319e-09,-9.13166e-26,0.00150159
0.095019,1.08773,-4.96607e-09,-9.22086e-26,0.00150183
0.095219,1.08772,-4.96895e-09,-9.31006e-26,0.00150208
0.0954191,1.08771,-4.97184e-09,-9.39926e-26,0.00150232
0.0956191,1.08771,-4.97472e-09,-9.48846e-26,0.00150256
0.0958192,1.0877,-4.9776e-09,-9.57767e-26,0.00150281
0.0960192,1.08769,-4.98048e-09,-9.66687e-26,0.00150305
0.0962192,1.08768,-4.98336e-09,-9.75607e-26,0.0015033
0.0964193,1.08768,-4.98624e-09,-9.84527e-26,0.00150354
0.0966193,1.08767,-4.98912e-09,-9.93447e-26,0.00150378
0.0968194,1.08766,-4.992e-09,-1.00237e-25,0.00150403
0.0970194,1.08765,-4.99488e-09,-1.01129e-25,0.00150427
0.0972194,1.08765,-4.99776e-09,-1.02021e-25,0.00150451
0.0974195,1.08764,-5.00064e-09,-1.02913e-25,0.00150476
0.0976195,1.08763,-5.00353e-09,-1.03805e-25,0.001505
0.0978196,1.08762,-5.00641e-09,-1.04697e-25,0.00150525
0.0980196,1.08762,-5.00929e-09,-1.05589e-25,0.00150549
0.0982196,1.08761,-5.01217e-09,-1.06481e-25,0.00150573
0.0984197,1.0876,-5.01505e-09,-1.07373e-25,0.00150598
0.0986197,1.08759,-5.01793e-09,-1.08265e-25,0.00150622
0.0988198,1.08758,-5.02081e-09,-1.09157e-25,0.00150647
0.0990198,1.08758,-5.02369e-09,-1.10049e-25,0.00150671
0.0992198,1.08757,-5.02672e-09,-1.10987e-25,0.00150697
0.0994199,1.08756,-5.0299e-09,-1.11972e-25,0.00150724
0.0996199,1.08755,-5.03309e-09,-1.12958e-25,0.00150751
0.09982,1.08754,-5.03627e-09,-1.13943e-25,0.00150778
0.10002,1.08754,-5.03945e-09,-1.14928e-25,0.00150805
0.10022,1.08753,-5.04263e-09,-1.15914e-25,0.00150831
0.10042,1.08752,-5.04581e-09,-1.16899e-25,0.00150858
0.10062,1.08751,-5.049e-09,-1.17884e-25,0.00150885
0.10082,1.0875,-5.05218e-09,-1.1887e-25,0.00150912
0.10102,1.08749,-5.05536e-09,-1.19855e-25,0.00150939
0.10122,1.08748,-5.05854e-09,-1.2084e-25,0.00150966
0.10142,1.08748,-5.06173e-09,-1.21826e-25,0.00150993
0.10162,1.08747,-5.06491e-09,-1.22811e-25,0.0015102
0.10182,1.08746,-5.06809e-09,-1.23796e-25,0.00151047
0.10202,1.08745,-5.07127e-09,-1.24782e-25,0.00151074
0.10222,1.08744,-5.07445e-09,-1.25767e-25,0.00151101
0.10242,1.08743,-5.07764e-09,-1.26752e-25,0.00151128
0.102621,1.08743,-5.08082e-09,-1.27738e-25,0.00151155
0.102821,1.08742,-5.084e-09,-1.28723e-25,0.00151182
0.103021,1.08741,-5.08718e-09,-1.29708e-25,0.00151209
0.103221,1.0874,-5.09037e-09,-1.30693e-25,0.00151236
0.103421,1.08739,-5.09355e-09,-1.31679e-25,0.00151263
0.103621,1.08738,-5.09673e-09,-1.32664e-25,0.0015129
0.103821,1.08738,-5.09991e-09,-1.33649e-25,0.00151317
0.104021,1.08737,-5.10309e-09,-1.34635e-25,0.00151344
0.104221,1.08736,-5.10628e-09,-1.3562e-25,0.0015137
0.104421,1.08735,-5.10946e-09,-1.36605e-25,0.00151397
0.104621,1.08734,-5.11264e-09,-1.37591e-25,0.00151424
0.104821,1.08733,-5.11582e-09,-1.38576e-25,0.00151451
0.105021,1.08733,-5.11901e-09,-1.39561e-25,0.00151478
0.105221,1.08732,-5.12219e-09,-1.40547e-25,0.00151505
0.105421,1.08731,-5.12537e-09,-1.41532e-25,0.00151532
0.105621,1.0873,-5.12855e-09,-1.42517e-25,0.00151559
0.105821,1.08729,-5.13173e-09,-1.43503e-25,0.00151586
0.106021,1.08728,-5.13492e-09,-1.44488e-25,0.00151613
0.106221,1.08727,-5.1381e-09,-1.45473e-25,0.0015164
0.106421,1.08727,-5.14128e-09,-1.46459e-25,0.00151667
0.106621,1.08726,-5.14446e-09,-1.47444e-25,0.00151694
0.106821,1.08725,-5.14764e-09,-1.48429e-25,0.00151721
0.107021,1.08724,-5.15083e-09,-1.49414e-25,0.00151748
0.107221,1.08723,-5.15401e-09,-1.504e-25,0.00151775
0.107421,1.08722,-5.15719e-09,-1.51385e-25,0.00151802
0.107622,1.08722,-5.16037e-09,-1.5237e-25,0.00151829
0.107822,1.08721,-5.16356e-09,-1.53356e-25,0.00151856
0.108022,1.0872,-5.16674e-09,-1.54341e-25,0.00151883
0.108222,1.08719,-5.16992e-09,-1.55326e-25,0.00151909
0.108422,1.08718,-5.1731e-09,-1.56312e-25,0.00151936
0.108622,1.08717,-5.17628e-09,-1.57297e-25,0.00151963
0.108822,1.08717,-5.17947e-09,-1.58282e-25,0.0015199
0.109022,1.08716,-5.18265e-09,-1.59268e-25,0.00152017
0.109222,1.08715,-5.18583e-09,-1.60253e-25,0.00152044
0.109422,1.08714,-5.18901e-09,-1.61238e-25,0.00152071
0.109622,1.08713,-5.1922e-09,-1.62224e-25,0.00152098
0.109822,1.08712,-5.19538e-09,-1.63209e-25,0.00152125
0.110022,1.08712,-5.19856e-09,-1.64194e-25,0.00152152
0.110222,1.08711,-5.20174e-09,-1.6518e-25,0.00152179
0.110422,1.0871,-5.20492e-09,-1.66165e-25,0.00152206
0.110622,1.08709,-5.20811e-09,-1.6715e-25,0.00152233
0.110822,1.08708,-5.21129e-09,-1.68136e-25,0.0015226
0.111022,1.08707,-5.21447e-09,-1.69121e-25,0.00152287
0.111222,1.08706,-5.21765e-09,-1.70106e-25,0.00152314
0.111422,1.08706,-5.22084e-09,-1.71091e-25,0.00152341
0.111622,1.08705,-5.22402e-09,-1.72077e-25,0.00152368
0.111822,1.08704,-5.2272e-09,-1.73062e-25,0.00152395
0.112022,1.08703,-5.23038e-09,-1.74047e-25,0.00152422
0.112222,1.08702,-5.23356e-09,-1.75033e-25,0.00152448
0.112422,1.08701,-5.23675e-09,-1.76018e-25,0.00152475
0.112623,1.08701,-5.23993e-09,-1.77003e-25,0.00152502
0.112823,1.087,-5.24311e-09,-1.77989e-25,0.00152529
0.113023,1.08699,-5.24629e-09,-1.78974e-25,0.00152556
0.113223,1.08698,-5.24948e-09,-1.79959e-25,0.00152583
0.113423,1.08697,-5.25266e-09,-1.80945e-25,0.0015261
0.113623,1.08696,-5.25584e-09,-1.8193e-25,0.00152637
0.113823,1.08696,-5.25902e-09,-1.82915e-25,0.00152664
0.114023,1.08695,-5.2622e-09,-1.83901e-25,0.00152691
0.114223,1.08694,-5.26539e-09,-1.84886e-25,0.00152718
0.114423,1.08693,-5.26857e-09,-1.85871e-25,0.00152745
0.114623,1.08692,-5.27175e-09,-1.86857e-25,0.00152772
0.114823,1.08691,-5.27493e-09,-1.87842e-25,0.00152799
0.115023,1.0869,-5.27811e-09,-1.88827e-25,0.00152826
0.115223,1.0869,-5.2813e-09,-1.89813e-25,0.00152853
0.115423,1.08689,-5.28448e-09,-1.90798e-25,0.0015288
0.115623,1.08688,-5.28766e-09,-1.91783e-25,0.00152907
0.115823,1.08687,-5.29084e-09,-1.92768e-25,0.00152934
0.116023,1.08686,-5.29403e-09,-1.93754e-25,0.00152961
0.116223,1.08685,-5.29721e-09,-1.94739e-25,0.00152988
0.116423,1.08685,-5.30039e-09,-1.95724e-25,0.00153014
0.116623,1.08684,-5.30357e-09,-1.9671e-25,0.00153041
0.116823,1.08683,-5.30675e-09,-1.97695e-25,0.00153068
0.117023,1.08682,-5.30994e-09,-1.9868e-25,0.00153095
0.117223,1.08681,-5.31312e-09,-1.99666e-25,0.00153122
0.117423,1.0868,-5.3163e-09,-2.00651e-25,0.00153149
0.117624,1.0868,-5.31948e-09,-2.01636e-25,0.00153176
0.117824,1.08679,-5.32267e-09,-2.02622e-25,0.00153203
0.118024,1.08678,-5.32585e-09,-2.03607e-25,0.0015323
0.118224,1.08677,-5.32903e-09,-2.04592e-25,0.00153257
0.118424,1.08676,-5.33221e-09,-2.05578e-25,0.00153284
0.118624,1.08675,-5.33539e-09,-2.06563e-25,0.00153311
0.118824,1.08675,-5.33858e-09,-2.07548e-25,0.00153338
0.119024,1.08674,-5.34176e-09,-2.08534e-25,0.00153365
0.119224,1.08673,-5.34494e-09,-2.09519e-25,0.00153392
0.119424,1.08672,-5.34812e-09,-2.10504e-25,0.00153419
0.119624,1.08671,-5.35131e-09,-2.1149e-25,0.00153446
0.119824,1.0867,-5.35449e-09,-2.12475e-25,0.00153473
0.120024,1.08669,-5.35767e-09,-2.1346e-25,0.001535
0.120224,1.08669,-5.36085e-09,-2.14445e-25,0.00153527
0.120424,1.08668,-5.36403e-09,-2.15431e-25,0.00153553
0.120624,1.08667,-5.36722e-09,-2.16416e-25,0.0015358
0.120824,1.08666,-5.3704e-09,-2.17401e-25,0.00153607
0.121024,1.08665,-5.37358e-09,-2.18387e-25,0.00153634
0.121224,1.08664,-5.37676e-09,-2.19372e-25,0.00153661
0.121424,1.08664,-5.37995e-09,-2.20357e-25,0.00153688
0.121624,1.08662,-5.3921e-09,-2.21367e-25,0.00153723
0.121824,1.08661,-5.40595e-09,-2.22381e-25,0.00153759
0.122024,1.0866,-5.4198e-09,-2.23395e-25,0.00153796
0.122224,1.08659,-5.43364e-09,-2.24409e-25,0.00153832
0.122424,1.08658,-5.44749e-09,-2.25423e-25,0.00153868
0.122625,1.08657,-5.46134e-09,-2.26438e-25,0.00153905
0.122825,1.08656,-5.47519e-09,-2.27452e-25,0.00153941
0.123025,1.08654,-5.48904e-09,-2.28466e-25,0.00153977
0.123225,1.08653,-5.50288e-09,-2.2948e-25,0.00154014
0.123425,1.08652,-5.51673e-09,-2.30494e-25,0.0015405
0.123625,1.08651,-5.53058e-09,-2.31508e-25,0.00154086
0.123825,1.0865,-5.54443e-09,-2.32522e-25,0.00154123
0.124025,1.08649,-5.55827e-09,-2.33536e-25,0.00154159
0.124225,1.08647,-5.57212e-09,-2.3455e-25,0.00154195
0.124425,1.08646,-5.58597e-09,-2.35565e-25,0.00154232
0.124625,1.08645,-5.59982e-09,-2.36579e-25,0.00154268
0.124825,1.08644,-5.61367e-09,-2.37593e-25,0.00154304
0.125025,1.08643,-5.62751e-09,-2.38607e-25,0.00154341
0.125225,1.08642,-5.64136e-09,-2.39621e-25,0.00154377
0.125425,1.08641,-5.65521e-09,-2.40635e-25,0.00154413
0.125625,1.08639,-5.66906e-09,-2.41649e-25,0.0015445
0.125825,1.08638,-5.68291e-09,-2.42663e-25,0.00154486
0.126025,1.08637,-5.69675e-09,-2.43678e-25,0.00154522
0.126225,1.08636,-5.7106e-09,-2.44692e-25,0.00154559
0.126425,1.08635,-5.72445e-09,-2.45706e-25,0.00154595
0.126625,1.08634,-5.7383e-09,-2.4672e-25,0.00154632
0.126825,1.08632,-5.75215e-09,-2.47734e-25,0.00154668
0.127025,1.08631,-5.76599e-09,-2.48748e-25,0.00154704
0.127225,1.0863,-5.77984e-09,-2.49762e-25,0.00154741
0.127425,1.08629,-5.79369e-09,-2.50776e-25,0.00154777
0.127626,1.08628,-5.80754e-09,-2.51791e-25,0.00154813
0.127826,1.08627,-5.82139e-09,-2.52805e-25,0.0015485
0.128026,1.08625,-5.83523e-09,-2.53819e-25,0.00154886
0.128226,1.08624,-5.84908e-09,-2.54833e-25,0.00154922
0.128426,1.08623,-5.86293e-09,-2.55847e-25,0.00154959
0.128626,1.08622,-5.87678e-09,-2.56861e-25,0.00154995
0.128826,1.08621,-5.89063e-09,-2.57875e-25,0.00155031
0.129026,1.0862,-5.90447e-09,-2.58889e-25,0.00155068
0.129226,1.08619,-5.91832e-09,-2.59904e-25,0.00155104
0.129426,1.08617,-5.93217e-09,-2.60918e-25,0.0015514
0.129626,1.08616,-5.94602e-09,-2.61932e-25,0.00155177
0.129826,1.08615,-5.95986e-09,-2.62946e-25,0.00155213
0.130026,1.08614,-5.97371e-09,-2.6396e-25,0.00155249
0.130226,1.08613,-5.98756e-09,-2.64974e-25,0.00155286
0.130426,1.08612,-6.00141e-09,-2.65988e-25,0.00155322
0.130626,1.0861,-6.01526e-09,-2.67002e-25,0.00155358
0.130826,1.08609,-6.0291e-09,-2.68017e-25,0.00155395
0.131026,1.08608,-6.04295e-09,-2.69031e-25,0.00155431
0.131226,1.08607,-6.0568e-09,-2.70045e-25,0.00155467
0.131426,1.08606,-6.07065e-09,-2.71059e-25,0.00155504
0.131626,1.08605,-6.0845e-09,-2.72073e-25,0.0015554
0.131826,1.08603,-6.09834e-09,-2.73087e-25,0.00155576
0.132026,1.08602,-6.11219e-09,-2.74101e-25,0.00155613
0.132226,1.08601,-6.12604e-09,-2.75115e-25,0.00155649
0.132426,1.086,-6.13989e-09,-2.76129e-25,0.00155685
0.132627,1.08599,-6.15374e-09,-2.77144e-25,0.00155722
0.132827,1.08598,-6.16758e-09,-2.78158e-25,0.00155758
0.133027,1.08597,-6.18143e-09,-2.79172e-25,0.00155794
0.133227,1.08595,-6.19528e-09,-2.80186e-25,0.00155831
0.133427,1.08594,-6.20913e-09,-2.812e-25,0.00155867
0.133627,1.08593,-6.22298e-09,-2.82214e-25,0.00155903
0.133827,1.08592,-6.23682e-09,-2.83228e-25,0.0015594
0.134027,1.08591,-6.25067e-09,-2.84242e-25,0.00155976
0.134227,1.0859,-6.26452e-09,-2.85257e-25,0.00156012
0.134427,1.08588,-6.27837e-09,-2.86271e-25,0.00156049
0.134627,1.08587,-6.29222e-09,-2.87285e-25,0.00156085
0.134827,1.08586,-6.30606e-09,-2.88299e-25,0.00156121
0.135027,1.08585,-6.31991e-09,-2.89313e-25,0.00156158
0.135227,1.08584,-6.33376e-09,-2.90327e-25,0.00156194
0.135427,1.08583,-6.34761e-09,-2.91341e-25,0.0015623
0.135627,1.08581,-6.36145e-09,-2.92355e-25,0.00156267
0.135827,1.0858,-6.3753e-09,-2.9337e-25,0.00156303
0.136027,1.08579,-6.38915e-09,-2.94384e-25,0.00156339
0.136227,1.08578,-6.403e-09,-2.95398e-25,0.00156376
0.136427,1.08577,-6.41685e-09,-2.96412e-25,0.00156412
0.136627,1.08576,-6.43069e-09,-2.97426e-25,0.00156448
0.136827,1.08575,-6.44454e-09,-2.9844e-25,0.00156485
0.137027,1.08573,-6.45839e-09,-2.99454e-25,0.00156521
0.137227,1.08572,-6.47224e-09,-3.00468e-25,0.00156557
0.137427,1.08571,-6.48609e-09,-3.01483e-25,0.00156594
0.137628,1.0857,-6.49993e-09,-3.02497e-25,0.0015663
0.137828,1.08569,-6.51378e-09,-3.03511e-25,0.00156666
0.138028,1.08568,-6.52763e-09,-3.04525e-25,0.00156703
0.138228,1.08566,-6.54148e-09,-3.05539e-25,0.00156739
0.138428,1.08565,-6.55533e-09,-3.06553e-25,0.00156775
0.138628,1.08564,-6.56917e-09,-3.07567e-25,0.00156812
0.138828,1.08563,-6.58302e-09,-3.08581e-25,0.00156848
0.139028,1.08562,-6.59687e-09,-3.09596e-25,0.00156884
0.139228,1.08561,-6.61072e-09,-3.1061e-25,0.00156921
0.139428,1.0856,-6.62457e-09,-3.11624e-25,0.00156957
0.139628,1.08558,-6.63841e-09,-3.12638e-25,0.00156993
0.139828,1.08557,-6.65226e-09,-3.13652e-25,0.0015703
0.140028,1.08556,-6.66611e-09,-3.14666e-25,0.00157066
0.140228,1.08555,-6.67996e-09,-3.1568e-25,0.00157102
0.140428,1.08554,-6.69381e-09,-3.16694e-25,0.00157139
0.140628,1.08553,-6.70765e-09,-3.17708e-25,0.00157175
0.140828,1.08551,-6.7215e-09,-3.18723e-25,0.00157212
0.141028,1.0855,-6.73535e-09,-3.19737e-25,0.00157248
0.141228,1.08549,-6.7492e-09,-3.20751e-25,0.00157284
0.141428,1.08548,-6.76305e-09,-3.21765e-25,0.00157321
0.141628,1.08547,-6.77689e-09,-3.22779e-25,0.00157357
0.141828,1.08546,-6.79074e-09,-3.23793e-25,0.00157393
0.142028,1.08544,-6.80459e-09,-3.24807e-25,0.0015743
0.142228,1.08543,-6.81844e-09,-3.25821e-25,0.00157466
0.142428,1.08542,-6.83228e-09,-3.26836e-25,0.00157502
0.142629,1.08541,-6.84613e-09,-3.2785e-25,0.00157539
0.142829,1.0854,-6.85998e-09,-3.28864e-25,0.00157575
0.143029,1.08539,-6.87383e-09,-3.29878e-25,0.00157611
0.143229,1.08538,-6.88768e-09,-3.30892e-25,0.00157648
0.143429,1.08536,-6.90152e-09,-3.31906e-25,0.00157684
0.143629,1.08535,-6.91537e-09,-3.3292e-25,0.0015772
0.143829,1.08534,-6.92922e-09,-3.33934e-25,0.00157757
0.144029,1.08533,-6.94307e-09,-3.34949e-25,0.00157793
0.144229,1.08532,-6.95692e-09,-3.35963e-25,0.00157829
0.144429,1.08531,-6.97076e-09,-3.36977e-25,0.00157866
0.144629,1.08529,-6.98461e-09,-3.37991e-25,0.00157902
0.144829,1.08528,-6.99846e-09,-3.39005e-25,0.00157938
0.145029,1.08527,-7.01231e-09,-3.40019e-25,0.00157975
0.145229,1.08526,-7.02616e-09,-3.41033e-25,0.00158011
0.145429,1.08525,-7.04e-09,-3.42047e-25,0.00158047
0.145629,1.08524,-7.05385e-09,-3.43062e-25,0.00158084
0.145829,1.08522,-7.0677e-09,-3.44076e-25,0.0015812
0.146029,1.08521,-7.08155e-09,-3.4509e-25,0.00158156
0.146229,1.0852,-7.0954e-09,-3.46104e-25,0.00158193
0.146429,1.08519,-7.10924e-09,-3.47118e-25,0.00158229
0.146629,1.08518,-7.12309e-09,-3.48132e-25,0.00158265
0.146829,1.08517,-7.13694e-09,-3.49146e-25,0.00158302
0.147029,1.08516,-7.15079e-09,-3.5016e-25,0.00158338
0.147229,1.08514,-7.16464e-09,-3.51175e-25,0.00158374
0.147429,1.08513,-7.17848e-09,-3.52189e-25,0.00158411
0.14763,1.08512,-7.19233e-09,-3.53203e-25,0.00158447
0.14783,1.08511,-7.20618e-09,-3.54217e-25,0.00158483
0.14803,1.0851,-7.22003e-09,-3.55231e-25,0.0015852
0.14823,1.08509,-7.23387e-09,-3.56245e-25,0.00158556
0.14843,1.08507,-7.24772e-09,-3.57259e-25,0.00158592
0.14863,1.08506,-7.26157e-09,-3.58273e-25,0.00158629
0.14883,1.08505,-7.27542e-09,-3.59287e-25,0.00158665
0.14903,1.08504,-7.28927e-09,-3.60302e-25,0.00158701
0.14923,1.08503,-7.30311e-09,-3.61316e-25,0.00158738
0.14943,1.08502,-7.31696e-09,-3.6233e-25,0.00158774
0.14963,1.08501,-7.33081e-09,-3.63344e-25,0.0015881
0.14983,1.08499,-7.34466e-09,-3.64358e-25,0.00158847
0.15003,1.08498,-7.35851e-09,-3.65372e-25,0.00158883
0.15023,1.08497,-7.37235e-09,-3.66386e-25,0.00158919
0.15043,1.08496,-7.3862e-09,-3.674e-25,0.00158956
0.15063,1.08495,-7.40005e-09,-3.68415e-25,0.00158992
0.15083,1.08494,-7.4139e-09,-3.69429e-25,0.00159028
0.15103,1.08492,-7.42775e-09,-3.70443e-25,0.00159065
0.15123,1.08491,-7.44159e-09,-3.71457e-25,0.00159101
0.15143,1.0849,-7.45544e-09,-3.72471e-25,0.00159137
0.15163,1.08489,-7.46929e-09,-3.73485e-25,0.00159174
0.15183,1.08488,-7.48314e-09,-3.74499e-25,0.0015921
0.15203,1.08487,-7.49699e-09,-3.75513e-25,0.00159246
0.15223,1.08485,-7.51083e-09,-3.76528e-25,0.00159283
0.15243,1.08484,-7.52468e-09,-3.77542e-25,0.00159319
0.152631,1.08483,-7.53853e-09,-3.78556e-25,0.00159355
0.152831,1.08482,-7.55238e-09,-3.7957e-25,0.00159392
0.153031,1.08481,-7.56623e-09,-3.80584e-25,0.00159428
0.153231,1.0848,-7.58007e-09,-3.81598e-25,0.00159464
0.153431,1.08479,-7.59392e-09,-3.82612e-25,0.00159501
0.153631,1.08477,-7.60777e-09,-3.83626e-25,0.00159537
0.153831,1.08476,-7.62162e-09,-3.84641e-25,0.00159573
0.154031,1.08475,-7.63546e-09,-3.85655e-25,0.0015961
0.154231,1.08474,-7.64931e-09,-3.86669e-25,0.00159646
0.154431,1.08473,-7.66316e-09,-3.87683e-25,0.00159683
0.154631,1.08472,-7.67701e-09,-3.88697e-25,0.00159719
0.154831,1.0847,-7.69086e-09,-3.89711e-25,0.00159755
0.155031,1.08469,-7.7047e-09,-3.90725e-25,0.00159792
0.155231,1.08468,-7.71855e-09,-3.91739e-25,0.00159828
0.155431,1.08467,-7.7324e-09,-3.92754e-25,0.00159864
0.155631,1.08466,-7.74625e-09,-3.93768e-25,0.00159901
0.155831,1.08465,-7.7601e-09,-3.94782e-25,0.00159937
0.156031,1.08463,-7.77394e-09,-3.95796e-25,0.00159973
0.156231,1.08462,-7.78779e-09,-3.9681e-25,0.0016001
0.156431,1.08461,-7.80164e-09,-3.97824e-25,0.00160046
0.156631,1.0846,-7.81549e-09,-3.98838e-25,0.00160082
0.156831,1.08459,-7.82934e-09,-3.99852e-25,0.00160119
0.157031,1.08458,-7.84318e-09,-4.00866e-25,0.00160155
0.157231,1.08457,-7.85703e-09,-4.01881e-25,0.00160191
0.157431,1.08455,-7.87088e-09,-4.02895e-25,0.00160228
0.157632,1.08454,-7.88473e-09,-4.03909e-25,0.00160264
0.157832,1.08453,-7.89858e-09,-4.04923e-25,0.001603
0.158032,1.08452,-7.91242e-09,-4.05937e-25,0.00160337
0.158232,1.08451,-7.92627e-09,-4.06951e-25,0.00160373
0.158432,1.0845,-7.94012e-09,-4.07965e-25,0.00160409
0.158632,1.08448,-7.95397e-09,-4.08979e-25,0.00160446
0.158832,1.08447,-7.96782e-09,-4.09994e-25,0.00160482
0.159032,1.08446,-7.98166e-09,-4.11008e-25,0.00160518
0.159232,1.08445,-7.99551e-09,-4.12022e-25,0.00160555
0.159432,1.08444,-8.00936e-09,-4.13036e-25,0.00160591
0.159632,1.08443,-8.02321e-09,-4.1405e-25,0.00160627
0.159832,1.08442,-8.03706e-09,-4.15064e-25,0.00160664
0.160032,1.0844,-8.0509e-09,-4.16078e-25,0.001607
0.160232,1.08439,-8.06475e-09,-4.17092e-25,0.00160736
0.160432,1.08438,-8.0786e-09,-4.18107e-25,0.00160773
0.160632,1.08437,-8.09245e-09,-4.19121e-25,0.00160809
0.160832,1.08436,-8.10629e-09,-4.20135e-25,0.00160845
0.161032,1.08435,-8.12014e-09,-4.21149e-25,0.00160882
0.161232,1.08433,-8.13399e-09,-4.22163e-25,0.00160918
0.161432,1.08432,-8.14784e-09,-4.23177e-25,0.00160954
0.161632,1.08431,-8.16169e-09,-4.24191e-25,0.00160991
0.161832,1.0843,-8.17553e-09,-4.25205e-25,0.00161027
0.162032,1.08429,-8.18938e-09,-4.2622e-25,0.00161063
0.162232,1.08428,-8.20323e-09,-4.27234e-25,0.001611
0.162432,1.08426,-8.21708e-09,-4.28248e-25,0.00161136
0.162633,1.08425,-8.23093e-09,-4.29262e-25,0.00161172
0.162833,1.08424,-8.24477e-09,-4.30276e-25,0.00161209
0.163033,1.08423,-8.25862e-09,-4.3129e-25,0.00161245
0.163233,1.08422,-8.27247e-09,-4.32304e-25,0.00161281
0.163433,1.08421,-8.28632e-09,-4.33318e-25,0.00161318
0.163633,1.0842,-8.30017e-09,-4.34333e-25,0.00161354
0.163833,1.08418,-8.31401e-09,-4.35347e-25,0.0016139
0.164033,1.08417,-8.32786e-09,-4.36361e-25,0.00161427
0.164233,1.08416,-8.34171e-09,-4.37375e-25,0.00161463
0.164433,1.08415,-8.35556e-09,-4.38389e-25,0.00161499
0.164633,1.08414,-8.36941e-09,-4.39403e-25,0.00161536
0.164833,1.08413,-8.38325e-09,-4.40417e-25,0.00161572
0.165033,1.08411,-8.3971e-09,-4.41431e-25,0.00161608
0.165233,1.0841,-8.41095e-09,-4.42445e-25,0.00161645
0.165433,1.08409,-8.4248e-09,-4.4346e-25,0.00161681
0.165633,1.08408,-8.43865e-09,-4.44474e-25,0.00161717
0.165833,1.08407,-8.45249e-09,-4.45488e-25,0.00161754
0.166033,1.08406,-8.46634e-09,-4.46502e-25,0.0016179
0.166233,1.08404,-8.47479e-09,-4.46962e-25,0.00161831
0.166433,1.08403,-8.47856e-09,-4.46939e-25,0.00161875
0.166633,1.08401,-8.48233e-09,-4.46917e-25,0.00161919
0.166833,1.084,-8.48609e-09,-4.46895e-25,0.00161963
0.167033,1.08399,-8.48986e-09,-4.46873e-25,0.00162007
0.167233,1.08397,-8.49363e-09,-4.4685e-25,0.00162051
0.167433,1.08396,-8.49739e-09,-4.46828e-25,0.00162095
0.167634,1.08394,-8.50116e-09,-4.46806e-25,0.00162139
0.167834,1.08393,-8.50493e-09,-4.46784e-25,0.00162183
0.168034,1.08391,-8.50869e-09,-4.46761e-25,0.00162227
0.168234,1.0839,-8.51246e-09,-4.46739e-25,0.00162271
0.168434,1.08388,-8.51623e-09,-4.46717e-25,0.00162315
0.168634,1.08387,-8.51999e-09,-4.46695e-25,0.00162359
0.168834,1.08386,-8.52376e-09,-4.46672e-25,0.00162403
0.169034,1.08384,-8.52753e-09,-4.4665e-25,0.00162448
0.169234,1.08383,-8.53129e-09,-4.46628e-25,0.00162492
0.169434,1.08381,-8.53506e-09,-4.46606e-25,0.00162536
0.169634,1.0838,-8.53883e-09,-4.46583e-25,0.0016258
0.169834,1.08378,-8.54259e-09,-4.46561e-25,0.00162624
0.170034,1.08377,-8.54636e-09,-4.46539e-25,0.00162668
0.170234,1.08376,-8.55013e-09,-4.46517e-25,0.00162712
0.170434,1.08374,-8.55389e-09,-4.46494e-25,0.00162756
0.170634,1.08373,-8.55766e-09,-4.46472e-25,0.001628
0.170834,1.08371,-8.56143e-09,-4.4645e-25,0.00162844
0.171034,1.0837,-8.56519e-09,-4.46428e-25,0.00162888
0.171234,1.08368,-8.56896e-09,-4.46405e-25,0.00162932
0.171434,1.08367,-8.57273e-09,-4.46383e-25,0.00162976
0.171634,1.08365,-8.57649e-09,-4.46361e-25,0.0016302
0.171834,1.08364,-8.58026e-09,-4.46339e-25,0.00163065
0.172034,1.08363,-8.58403e-09,-4.46316e-25,0.00163109
0.172234,1.08361,-8.58779e-09,-4.46294e-25,0.00163153
0.172434,1.0836,-8.59156e-09,-4.46272e-25,0.00163197
0.172635,1.08358,-8.59533e-09,-4.4625e-25,0.00163241
0.172835,1.08357,-8.59909e-09,-4.46227e-25,0.00163285
0.173035,1.08355,-8.60286e-09,-4.46205e-25,0.00163329
0.173235,1.08354,-8.60663e-09,-4.46183e-25,0.00163373
0.173435,1.08352,-8.61039e-09,-4.46161e-25,0.00163417
0.173635,1.08351,-8.61416e-09,-4.46138e-25,0.00163461
0.173835,1.0835,-8.61793e-09,-4.46116e-25,0.00163505
0.174035,1.08348,-8.6217e-09,-4.46094e-25,0.00163549
0.174235,1.08347,-8.62546e-09,-4.46072e-25,0.00163593
0.174435,1.08345,-8.62923e-09,-4.46049e-25,0.00163637
0.174635,1.08344,-8.633e-09,-4.46027e-25,0.00163682
0.174835,1.08342,-8.63676e-09,-4.46005e-25,0.00163726
0.175035,1.08341,-8.64053e-09,-4.45983e-25,0.0016377
0.175235,1.08339,-8.6443e-09,-4.4596e-25,0.00163814
0.175435,1.08338,-8.64806e-09,-4.45938e-25,0.00163858
0.175635,1.08337,-8.65183e-09,-4.45916e-25,0.00163902
0.175835,1.08335,-8.6556e-09,-4.45894e-25,0.00163946
0.176035,1.08334,-8.65936e-09,-4.45871e-25,0.0016399
0.176235,1.08332,-8.66313e-09,-4.45849e-25,0.00164034
0.176435,1.08331,-8.6669e-09,-4.45827e-25,0.00164078
0.176635,1.08329,-8.67066e-09,-4.45805e-25,0.00164122
0.176835,1.08328,-8.67443e-09,-4.45782e-25,0.00164166
0.177035,1.08326,-8.6782e-09,-4.4576e-25,0.0016421
0.177235,1.08325,-8.68196e-09,-4.45738e-25,0.00164254
0.177435,1.08324,-8.68573e-09,-4.45716e-25,0.00164298
0.177636,1.08322,-8.6895e-09,-4.45693e-25,0.00164343
0.177836,1.08321,-8.69326e-09,-4.45671e-25,0.00164387
0.178036,1.08319,-8.69703e-09,-4.45649e-25,0.00164431
0.178236,1.08318,-8.7008e-09,-4.45627e-25,0.00164475
0.178436,1.08316,-8.70456e-09,-4.45604e-25,0.00164519
0.178636,1.08315,-8.70833e-09,-4.45582e-25,0.00164563
0.178836,1.08313,-8.7121e-09,-4.4556e-25,0.00164607
0.179036,1.08312,-8.71586e-09,-4.45538e-25,0.00164651
0.179236,1.08311,-8.71963e-09,-4.45515e-25,0.00164695
0.179436,1.08309,-8.7234e-09,-4.45493e-25,0.00164739
0.179636,1.08308,-8.72716e-09,-4.45471e-25,0.00164783
0.179836,1.08306,-8.73093e-09,-4.45449e-25,0.00164827
0.180036,1.08305,-8.7347e-09,-4.45426e-25,0.00164871
0.180236,1.08303,-8.73846e-09,-4.45404e-25,0.00164915
0.180436,1.08302,-8.74223e-09,-4.45382e-25,0.0016496
0.180636,1.08301,-8.746e-09,-4.4536e-25,0.00165004
0.180836,1.08299,-8.74976e-09,-4.45337e-25,0.00165048
0.181036,1.08298,-8.75353e-09,-4.45315e-25,0.00165092
0.181236,1.08296,-8.7573e-09,-4.45293e-25,0.00165136
0.181436,1.08295,-8.76106e-09,-4.45271e-25,0.0016518
0.181636,1.08293,-8.76483e-09,-4.45248e-25,0.00165224
0.181836,1.08292,-8.7686e-09,-4.45226e-25,0.00165268
0.182036,1.0829,-8.77236e-09,-4.45204e-25,0.00165312
0.182236,1.08289,-8.77613e-09,-4.45182e-25,0.00165356
0.182436,1.08288,-8.7799e-09,-4.45159e-25,0.001654
0.182637,1.08286,-8.78366e-09,-4.45137e-25,0.00165444
0.182837,1.08285,-8.78743e-09,-4.45115e-25,0.00165488
0.183037,1.08283,-8.7912e-09,-4.45093e-25,0.00165532
0.183237,1.08282,-8.79496e-09,-4.4507e-25,0.00165577
0.183437,1.0828,-8.79873e-09,-4.45048e-25,0.00165621
0.183637,1.08279,-8.8025e-09,-4.45026e-25,0.00165665
0.183837,1.08277,-8.80626e-09,-4.45004e-25,0.00165709
0.184037,1.08276,-8.81003e-09,-4.44981e-25,0.00165753
0.184237,1.08275,-8.8138e-09,-4.44959e-25,0.00165797
0.184437,1.08273,-8.81756e-09,-4.44937e-25,0.00165841
0.184637,1.08272,-8.82133e-09,-4.44915e-25,0.00165885
0.184837,1.0827,-8.8251e-09,-4.44892e-25,0.00165929
0.185037,1.08269,-8.82886e-09,-4.4487e-25,0.00165973
0.185237,1.08267,-8.83263e-09,-4.44848e-25,0.00166017
0.185437,1.08266,-8.8364e-09,-4.44826e-25,0.00166061
0.185637,1.08264,-8.84016e-09,-4.44803e-25,0.00166105
0.185837,1.08263,-8.84393e-09,-4.44781e-25,0.00166149
0.186037,1.08262,-8.8477e-09,-4.44759e-25,0.00166193
0.186237,1.0826,-8.85146e-09,-4.44737e-25,0.00166238
0.186437,1.08259,-8.85523e-09,-4.44714e-25,0.00166282
0.186637,1.08257,-8.859e-09,-4.44692e-25,0.00166326
0.186837,1.08256,-8.86276e-09,-4.4467e-25,0.0016637
0.187037,1.08254,-8.86653e-09,-4.44648e-25,0.00166414
0.187237,1.08253,-8.8703e-09,-4.44625e-25,0.00166458
0.187437,1.08251,-8.87406e-09,-4.44603e-25,0.00166502
0.187638,1.0825,-8.87783e-09,-4.44581e-25,0.00166546
0.187838,1.08249,-8.8816e-09,-4.44559e-25,0.0016659
0.188038,1.08247,-8.88536e-09,-4.44536e-25,0.00166634
0.188238,1.08246,-8.88913e-09,-4.44514e-25,0.00166678
0.188438,1.08244,-8.8929e-09,-4.44492e-25,0.00166722
0.188638,1.08243,-8.89701e-09,-4.44467e-25,0.00166771
0.188838,1.08241,-8.90118e-09,-4.44443e-25,0.00166819
0.189038,1.0824,-8.90534e-09,-4.44418e-25,0.00166868
0.189238,1.08238,-8.90951e-09,-4.44394e-25,0.00166917
0.189438,1.08236,-8.91367e-09,-4.44369e-25,0.00166965
0.189638,1.08235,-8.91783e-09,-4.44344e-25,0.00167014
0.189838,1.08233,-8.922e-09,-4.4432e-25,0.00167063
0.190038,1.08232,-8.92616e-09,-4.44295e-25,0.00167112
0.190238,1.0823,-8.93033e-09,-4.44271e-25,0.0016716
0.190438,1.08228,-8.93449e-09,-4.44246e-25,0.00167209
0.190638,1.08227,-8.93865e-09,-4.44221e-25,0.00167258
0.190838,1.08225,-8.94282e-09,-4.44197e-25,0.00167306
0.191038,1.08224,-8.94698e-09,-4.44172e-25,0.00167355
0.191238,1.08222,-8.95115e-09,-4.44148e-25,0.00167404
0.191438,1.0822,-8.95531e-09,-4.44123e-25,0.00167453
0.191638,1.08219,-8.95947e-09,-4.44098e-25,0.00167501
0.191838,1.08217,-8.96364e-09,-4.44074e-25,0.0016755
0.192038,1.08216,-8.9678e-09,-4.44049e-25,0.00167599
0.192238,1.08214,-8.97197e-09,-4.44025e-25,0.00167647
0.192438,1.08212,-8.97613e-09,-4.44e-25,0.00167696
0.192639,1.08211,-8.98029e-09,-4.43976e-25,0.00167745
0.192839,1.08209,-8.98446e-09,-4.43951e-25,0.00167794
0.193039,1.08208,-8.98862e-09,-4.43926e-25,0.00167842
0.193239,1.08206,-8.99279e-09,-4.43902e-25,0.00167891
0.193439,1.08204,-8.99695e-09,-4.43877e-25,0.0016794
0.193639,1.08203,-9.00111e-09,-4.43853e-25,0.00167988
0.193839,1.08201,-9.00528e-09,-4.43828e-25,0.00168037
0.194039,1.082,-9.00944e-09,-4.43803e-25,0.00168086
0.194239,1.08198,-9.01361e-09,-4.43779e-25,0.00168135
0.194439,1.08196,-9.01777e-09,-4.43754e-25,0.00168183
0.194639,1.08195,-9.02193e-09,-4.4373e-25,0.00168232
0.194839,1.08193,-9.0261e-09,-4.43705e-25,0.00168281
0.195039,1.08192,-9.03026e-09,-4.4368e-25,0.00168329
0.195239,1.0819,-9.03443e-09,-4.43656e-25,0.00168378
0.195439,1.08189,-9.03859e-09,-4.43631e-25,0.00168427
0.195639,1.08187,-9.04275e-09,-4.43607e-25,0.00168476
0.195839,1.08185,-9.04692e-09,-4.43582e-25,0.00168524
0.196039,1.08184,-9.05108e-09,-4.43557e-25,0.00168573
0.196239,1.08182,-9.05525e-09,-4.43533e-25,0.00168622
0.196439,1.08181,-9.05941e-09,-4.43508e-25,0.00168671
0.196639,1.08179,-9.06357e-09,-4.43484e-25,0.00168719
0.196839,1.08177,-9.06774e-09,-4.43459e-25,0.00168768
0.197039,1.08176,-9.0719e-09,-4.43434e-25,0.00168817
0.197239,1.08174,-9.07607e-09,-4.4341e-25,0.00168865
0.197439,1.08173,-9.08023e-09,-4.43385e-25,0.00168914
0.19764,1.08171,-9.08439e-09,-4.43361e-25,0.00168963
0.19784,1.08169,-9.08856e-09,-4.43336e-25,0.00169012
0.19804,1.08168,-9.09272e-09,-4.43311e-25,0.0016906
0.19824,1.08166,-9.09689e-09,-4.43287e-25,0.00169109
0.19844,1.08165,-9.10105e-09,-4.43262e-25,0.00169158
0.19864,1.08163,-9.10521e-09,-4.43238e-25,0.00169206
0.19884,1.08161,-9.10938e-09,-4.43213e-25,0.00169255
0.19904,1.0816,-9.11354e-09,-4.43188e-25,0.00169304
0.19924,1.08158,-9.11771e-09,-4.43164e-25,0.00169353
0.19944,1.08157,-9.12187e-09,-4.43139e-25,0.00169401
0.19964,1.08155,-9.12603e-09,-4.43115e-25,0.0016945
0.19984,1.08153,-9.1302e-09,-4.4309e-25,0.00169499
0.20004,1.08152,-9.13436e-09,-4.43065e-25,0.00169547
0.20024,1.0815,-9.13853e-09,-4.43041e-25,0.00169596
0.20044,1.08149,-9.14269e-09,-4.43016e-25,0.00169645
0.20064,1.08147,-9.14685e-09,-4.42992e-25,0.00169694
0.20084,1.08145,-9.15102e-09,-4.42967e-25,0.00169742
0.20104,1.08144,-9.15518e-09,-4.42942e-25,0.00169791
0.20124,1.08142,-9.15934e-09,-4.42918e-25,0.0016984
0.20144,1.08141,-9.16351e-09,-4.42893e-25,0.00169888
0.20164,1.08139,-9.16767e-09,-4.42869e-25,0.00169937
0.20184,1.08138,-9.17184e-09,-4.42844e-25,0.00169986
0.20204,1.08136,-9.176e-09,-4.42819e-25,0.00170035
0.20224,1.08134,-9.18016e-09,-4.42795e-25,0.00170083
0.20244,1.08133,-9.18433e-09,-4.4277e-25,0.00170132
0.202641,1.08131,-9.18849e-09,-4.42746e-25,0.00170181
0.202841,1.0813,-9.19266e-09,-4.42721e-25,0.00170229
0.203041,1.08128,-9.19682e-09,-4.42696e-25,0.00170278
0.203241,1.08126,-9.20098e-09,-4.42672e-25,0.00170327
0.203441,1.08125,-9.20515e-09,-4.42647e-25,0.00170376
0.203641,1.08123,-9.20931e-09,-4.42623e-25,0.00170424
0.203841,1.08122,-9.21348e-09,-4.42598e-25,0.00170473
0.204041,1.0812,-9.21764e-09,-4.42573e-25,0.00170522
0.204241,1.08118,-9.2218e-09,-4.42549e-25,0.00170571
0.204441,1.08117,-9.22597e-09,-4.42524e-25,0.00170619
0.204641,1.08115,-9.23013e-09,-4.425e-25,0.00170668
0.204841,1.08114,-9.2343e-09,-4.42475e-25,0.00170717
0.205041,1.08112,-9.23846e-09,-4.42451e-25,0.00170765
0.205241,1.0811,-9.24262e-09,-4.42426e-25,0.00170814
0.205441,1.08109,-9.24679e-09,-4.42401e-25,0.00170863
0.205641,1.08107,-9.25095e-09,-4.42377e-25,0.00170912
0.205841,1.08106,-9.25512e-09,-4.42352e-25,0.0017096
0.206041,1.08104,-9.25928e-09,-4.42328e-25,0.00171009
0.206241,1.08102,-9.26344e-09,-4.42303e-25,0.00171058
0.206441,1.08101,-9.26761e-09,-4.42278e-25,0.00171106
0.206641,1.08099,-9.27177e-09,-4.42254e-25,0.00171155
0.206841,1.08098,-9.27594e-09,-4.42229e-25,0.00171204
0.207041,1.08096,-9.2801e-09,-4.42205e-25,0.00171253
0.207241,1.08094,-9.28426e-09,-4.4218e-25,0.00171301
0.207441,1.08093,-9.28843e-09,-4.42155e-25,0.0017135
0.207642,1.08091,-9.29259e-09,-4.42131e-25,0.00171399
0.207842,1.0809,-9.29676e-09,-4.42106e-25,0.00171447
0.208042,1.08088,-9.30092e-09,-4.42082e-25,0.00171496
0.208242,1.08086,-9.30508e-09,-4.42057e-25,0.00171545
0.208442,1.08085,-9.30925e-09,-4.42032e-25,0.00171594
0.208642,1.08083,-9.31674e-09,-4.42021e-25,0.00171644
0.208842,1.08081,-9.33439e-09,-4.42052e-25,0.00171698
0.209042,1.0808,-9.35205e-09,-4.42083e-25,0.00171753
0.209242,1.08078,-9.36971e-09,-4.42114e-25,0.00171807
0.209442,1.08076,-9.38736e-09,-4.42145e-25,0.00171862
0.209642,1.08074,-9.40502e-09,-4.42176e-25,0.00171916
0.209842,1.08072,-9.42268e-09,-4.42207e-25,0.0017197
0.210042,1.0807,-9.44033e-09,-4.42238e-25,0.00172025
0.210242,1.08069,-9.45799e-09,-4.42269e-25,0.00172079
0.210442,1.08067,-9.47565e-09,-4.423e-25,0.00172134
0.210642,1.08065,-9.4933e-09,-4.42331e-25,0.00172188
0.210842,1.08063,-9.51096e-09,-4.42362e-25,0.00172243
0.211042,1.08061,-9.52862e-09,-4.42393e-25,0.00172297
0.211242,1.08059,-9.54627e-09,-4.42424e-25,0.00172352
0.211442,1.08058,-9.56393e-09,-4.42455e-25,0.00172406
0.211642,1.08056,-9.58158e-09,-4.42486e-25,0.00172461
0.211842,1.08054,-9.59924e-09,-4.42516e-25,0.00172515
0.212042,1.08052,-9.6169e-09,-4.42547e-25,0.00172569
0.212242,1.0805,-9.63455e-09,-4.42578e-25,0.00172624
0.212442,1.08048,-9.65221e-09,-4.42609e-25,0.00172678
0.212643,1.08047,-9.66987e-09,-4.4264e-25,0.00172733
0.212843,1.08045,-9.68752e-09,-4.42671e-25,0.00172787
0.213043,1.08043,-9.70518e-09,-4.42702e-25,0.00172842
0.213243,1.08041,-9.72284e-09,-4.42733e-25,0.00172896
0.213443,1.08039,-9.74049e-09,-4.42764e-25,0.00172951
0.213643,1.08037,-9.75815e-09,-4.42795e-25,0.00173005
0.213843,1.08036,-9.77581e-09,-4.42826e-25,0.00173059
0.214043,1.08034,-9.79346e-09,-4.42857e-25,0.00173114
0.214243,1.08032,-9.81112e-09,-4.42888e-25,0.00173168
0.214443,1.0803,-9.82878e-09,-4.42919e-25,0.00173223
0.214643,1.08028,-9.84643e-09,-4.4295e-25,0.00173277
0.214843,1.08026,-9.86409e-09,-4.42981e-25,0.00173332
0.215043,1.08024,-9.88175e-09,-4.43012e-25,0.00173386
0.215243,1.08023,-9.8994e-09,-4.43042e-25,0.00173441
0.215443,1.08021,-9.91706e-09,-4.43073e-25,0.00173495
0.215643,1.08019,-9.93472e-09,-4.43104e-25,0.0017355
0.215843,1.08017,-9.95237e-09,-4.43135e-25,0.00173604
0.216043,1.08015,-9.97003e-09,-4.43166e-25,0.00173658
0.216243,1.08013,-9.98769e-09,-4.43197e-25,0.00173713
0.216443,1.08012,-1.00053e-08,-4.43228e-25,0.00173767
0.216643,1.0801,-1.0023e-08,-4.43259e-25,0.00173822
0.216843,1.08008,-1.00407e-08,-4.4329e-25,0.00173876
0.217043,1.08006,-1.00583e-08,-4.43321e-25,0.00173931
0.217243,1.08004,-1.0076e-08,-4.43352e-25,0.00173985
0.217443,1.08002,-1.00936e-08,-4.43383e-25,0.0017404
0.217644,1.08001,-1.01113e-08,-4.43414e-25,0.00174094
0.217844,1.07999,-1.01289e-08,-4.43445e-25,0.00174149
0.218044,1.07997,-1.01466e-08,-4.43476e-25,0.00174203
0.218244,1.07995,-1.01643e-08,-4.43507e-25,0.00174257
0.218444,1.07993,-1.01819e-08,-4.43537e-25,0.00174312
0.218644,1.07991,-1.01996e-08,-4.43568e-25,0.00174366
0.218844,1.0799,-1.02172e-08,-4.43599e-25,0.00174421
0.219044,1.07988,-1.02349e-08,-4.4363e-25,0.00174475
0.219244,1.07986,-1.02525e-08,-4.43661e-25,0.0017453
0.219444,1.07984,-1.02702e-08,-4.43692e-25,0.00174584
0.219644,1.07982,-1.02878e-08,-4.43723e-25,0.00174639
0.219844,1.0798,-1.03055e-08,-4.43754e-25,0.00174693
0.220044,1.07979,-1.03232e-08,-4.43785e-25,0.00174748
0.220244,1.07977,-1.03408e-08,-4.43816e-25,0.00174802
0.220444,1.07975,-1.03585e-08,-4.43847e-25,0.00174856
0.220644,1.07973,-1.03761e-08,-4.43878e-25,0.00174911
0.220844,1.07971,-1.03938e-08,-4.43909e-25,0.00174965
0.221044,1.07969,-1.04114e-08,-4.4394e-25,0.0017502
0.221244,1.07968,-1.04291e-08,-4.43971e-25,0.00175074
0.221444,1.07966,-1.04468e-08,-4.44002e-25,0.00175129
0.221644,1.07964,-1.04644e-08,-4.44033e-25,0.00175183
0.221844,1.07962,-1.04821e-08,-4.44063e-25,0.00175238
0.222044,1.0796,-1.04997e-08,-4.44094e-25,0.00175292
0.222244,1.07958,-1.05174e-08,-4.44125e-25,0.00175346
0.222444,1.07957,-1.0535e-08,-4.44156e-25,0.00175401
0.222645,1.07955,-1.05527e-08,-4.44187e-25,0.00175455
0.222845,1.07953,-1.05704e-08,-4.44218e-25,0.0017551
0.223045,1.07951,-1.0588e-08,-4.44249e-25,0.00175564
0.223245,1.07949,-1.06057e-08,-4.4428e-25,0.00175619
0.223445,1.07947,-1.06233e-08,-4.44311e-25,0.00175673
0.223645,1.07946,-1.0641e-08,-4.44342e-25,0.00175728
0.223845,1.07944,-1.06586e-08,-4.44373e-25,0.00175782
0.224045,1.07942,-1.06763e-08,-4.44404e-25,0.00175837
0.224245,1.0794,-1.06939e-08,-4.44435e-25,0.00175891
0.224445,1.07938,-1.07116e-08,-4.44466e-25,0.00175945
0.224645,1.07936,-1.07293e-08,-4.44497e-25,0.00176
0.224845,1.07935,-1.07469e-08,-4.44528e-25,0.00176054
0.225045,1.07933,-1.07646e-08,-4.44558e-25,0.00176109
0.225245,1.07931,-1.07822e-08,-4.44589e-25,0.00176163
0.225445,1.07929,-1.07999e-08,-4.4462e-25,0.00176218
0.225645,1.07927,-1.08175e-08,-4.44651e-25,0.00176272
0.225845,1.07925,-1.08352e-08,-4.44682e-25,0.00176327
0.226045,1.07923,-1.08529e-08,-4.44713e-25,0.00176381
0.226245,1.07922,-1.08705e-08,-4.44744e-25,0.00176436
0.226445,1.0792,-1.08882e-08,-4.44775e-25,0.0017649
0.226645,1.07918,-1.09058e-08,-4.44806e-25,0.00176544
0.226845,1.07916,-1.09235e-08,-4.44837e-25,0.00176599
0.227045,1.07914,-1.09411e-08,-4.44868e-25,0.00176653
0.227245,1.07912,-1.09588e-08,-4.44899e-25,0.00176708
0.227445,1.07911,-1.09765e-08,-4.4493e-25,0.00176762
0.227646,1.07909,-1.09941e-08,-4.44961e-25,0.00176817
0.227846,1.07907,-1.10118e-08,-4.44992e-25,0.00176871
0.228046,1.07905,-1.10294e-08,-4.45023e-25,0.00176926
0.228246,1.07903,-1.10471e-08,-4.45054e-25,0.0017698
0.228446,1.07901,-1.10647e-08,-4.45084e-25,0.00177035
0.228646,1.079,-1.10824e-08,-4.45115e-25,0.00177089
0.228846,1.07898,-1.11e-08,-4.45146e-25,0.00177143
0.229046,1.07896,-1.11177e-08,-4.45177e-25,0.00177198
0.229246,1.07894,-1.11354e-08,-4.45208e-25,0.00177252
0.229446,1.07892,-1.1153e-08,-4.45239e-25,0.00177307
0.229646,1.0789,-1.11707e-08,-4.4527e-25,0.00177361
0.229846,1.07889,-1.11883e-08,-4.45301e-25,0.00177416
0.230046,1.07887,-1.1206e-08,-4.45332e-25,0.0017747
0.230246,1.07885,-1.12236e-08,-4.45363e-25,0.00177525
0.230446,1.07883,-1.12413e-08,-4.45394e-25,0.00177579
0.230646,1.07881,-1.1259e-08,-4.45425e-25,0.00177633
0.230846,1.07879,-1.12766e-08,-4.45456e-25,0.00177688
0.231046,1.07878,-1.12943e-08,-4.45487e-25,0.00177742
0.231246,1.07876,-1.13119e-08,-4.45518e-25,0.00177797
0.231446,1.07874,-1.13296e-08,-4.45549e-25,0.00177851
0.231646,1.07872,-1.13472e-08,-4.45579e-25,0.00177906
0.231846,1.0787,-1.13649e-08,-4.4561e-25,0.0017796
0.232046,1.07868,-1.13826e-08,-4.45641e-25,0.00178015
0.232246,1.07867,-1.14002e-08,-4.45672e-25,0.00178069
0.232446,1.07865,-1.14179e-08,-4.45703e-25,0.00178124
0.232647,1.07863,-1.14355e-08,-4.45734e-25,0.00178178
0.232847,1.07861,-1.14532e-08,-4.45765e-25,0.00178232
0.233047,1.07859,-1.14708e-08,-4.45796e-25,0.00178287
0.233247,1.07857,-1.14885e-08,-4.45827e-25,0.00178341
0.233447,1.07856,-1.15061e-08,-4.45858e-25,0.00178396
0.233647,1.07854,-1.15238e-08,-4.45889e-25,0.0017845
0.233847,1.07852,-1.15415e-08,-4.4592e-25,0.00178505
0.234047,1.0785,-1.15591e-08,-4.45951e-25,0.00178559
0.234247,1.07848,-1.15768e-08,-4.45982e-25,0.00178614
0.234447,1.07846,-1.15944e-08,-4.46013e-25,0.00178668
0.234647,1.07845,-1.16121e-08,-4.46044e-25,0.00178723
0.234847,1.07843,-1.16297e-08,-4.46075e-25,0.00178777
0.235047,1.07841,-1.16474e-08,-4.46105e-25,0.00178831
0.235247,1.07839,-1.16651e-08,-4.46136e-25,0.00178886
0.235447,1.07837,-1.16827e-08,-4.46167e-25,0.0017894
0.235647,1.07835,-1.17004e-08,-4.46198e-25,0.00178995
0.235847,1.07834,-1.1718e-08,-4.46229e-25,0.00179049
0.236047,1.07832,-1.17357e-08,-4.4626e-25,0.00179104
0.236247,1.0783,-1.17533e-08,-4.46291e-25,0.00179158
0.236447,1.07828,-1.1771e-08,-4.46322e-25,0.00179213
0.236647,1.07826,-1.17887e-08,-4.46353e-25,0.00179267
0.236847,1.07824,-1.18063e-08,-4.46384e-25,0.00179322
0.237047,1.07822,-1.1824e-08,-4.46415e-25,0.00179376
0.237247,1.07821,-1.18416e-08,-4.46446e-25,0.0017943
0.237447,1.07819,-1.18593e-08,-4.46477e-25,0.00179485
0.237648,1.07817,-1.18769e-08,-4.46508e-25,0.00179539
0.237848,1.07815,-1.18946e-08,-4.46539e-25,0.00179594
0.238048,1.07813,-1.19123e-08,-4.4657e-25,0.00179648
0.238248,1.07811,-1.19299e-08,-4.466e-25,0.00179703
0.238448,1.0781,-1.19476e-08,-4.46631e-25,0.00179757
0.238648,1.07808,-1.19652e-08,-4.46662e-25,0.00179812
0.238848,1.07806,-1.19829e-08,-4.46693e-25,0.00179866
0.239048,1.07804,-1.20005e-08,-4.46724e-25,0.0017992
0.239248,1.07802,-1.20182e-08,-4.46755e-25,0.00179975
0.239448,1.078,-1.20358e-08,-4.46786e-25,0.00180029
0.239648,1.07799,-1.20535e-08,-4.46817e-25,0.00180084
0.239848,1.07797,-1.20712e-08,-4.46848e-25,0.00180138
0.240048,1.07795,-1.20888e-08,-4.46879e-25,0.00180193
0.240248,1.07793,-1.21065e-08,-4.4691e-25,0.00180247
0.240448,1.07791,-1.21241e-08,-4.46941e-25,0.00180302
0.240648,1.07789,-1.21418e-08,-4.46972e-25,0.00180356
0.240848,1.07788,-1.21594e-08,-4.47003e-25,0.00180411
0.241048,1.07786,-1.21771e-08,-4.47034e-25,0.00180465
0.241248,1.07784,-1.21948e-08,-4.47065e-25,0.00180519
0.241448,1.07782,-1.22124e-08,-4.47096e-25,0.00180574
0.241648,1.0778,-1.22301e-08,-4.47126e-25,0.00180628
0.241848,1.07778,-1.22477e-08,-4.47157e-25,0.00180683
0.242048,1.07777,-1.22654e-08,-4.47188e-25,0.00180737
0.242248,1.07775,-1.2283e-08,-4.47219e-25,0.00180792
0.242448,1.07773,-1.23007e-08,-4.4725e-25,0.00180846
0.242649,1.07771,-1.23184e-08,-4.47281e-25,0.00180901
0.242849,1.07769,-1.2336e-08,-4.47312e-25,0.00180955
0.243049,1.07767,-1.23537e-08,-4.47343e-25,0.0018101
0.243249,1.07766,-1.23713e-08,-4.47374e-25,0.00181064
0.243449,1.07764,-1.2389e-08,-4.47405e-25,0.00181118
0.243649,1.07762,-1.24066e-08,-4.47436e-25,0.00181173
0.243849,1.0776,-1.24243e-08,-4.47467e-25,0.00181227
0.244049,1.07758,-1.24419e-08,-4.47498e-25,0.00181282
0.244249,1.07756,-1.24596e-08,-4.47529e-25,0.00181336
0.244449,1.07755,-1.24773e-08,-4.4756e-25,0.00181391
0.244649,1.07753,-1.24949e-08,-4.47591e-25,0.00181445
0.244849,1.07751,-1.25126e-08,-4.47621e-25,0.001815
0.245049,1.07749,-1.25302e-08,-4.47652e-25,0.00181554
0.245249,1.07747,-1.25479e-08,-4.47683e-25,0.00181609
0.245449,1.07745,-1.25655e-08,-4.47714e-25,0.00181663
0.245649,1.07744,-1.25832e-08,-4.47745e-25,0.00181717
0.245849,1.07742,-1.26009e-08,-4.47776e-25,0.00181772
0.246049,1.0774,-1.26185e-08,-4.47807e-25,0.00181826
0.246249,1.07738,-1.26362e-08,-4.47838e-25,0.00181881
0.246449,1.07736,-1.26538e-08,-4.47869e-25,0.00181935
0.246649,1.07734,-1.26715e-08,-4.479e-25,0.0018199
0.246849,1.07733,-1.26891e-08,-4.47931e-25,0.00182044
0.247049,1.07731,-1.27068e-08,-4.47962e-25,0.00182099
0.247249,1.07729,-1.27245e-08,-4.47993e-25,0.00182153
0.247449,1.07727,-1.27421e-08,-4.48024e-25,0.00182207
0.24765,1.07725,-1.27598e-08,-4.48055e-25,0.00182262
0.24785,1.07723,-1.27774e-08,-4.48086e-25,0.00182316
0.24805,1.07721,-1.27951e-08,-4.48117e-25,0.00182371
0.24825,1.0772,-1.28127e-08,-4.48147e-25,0.00182425
0.24845,1.07718,-1.28304e-08,-4.48178e-25,0.0018248
0.24865,1.07716,-1.2848e-08,-4.48209e-25,0.00182534
0.24885,1.07714,-1.28657e-08,-4.4824e-25,0.00182589
0.24905,1.07712,-1.28664e-08,-4.48219e-25,0.00182647
0.24925,1.0771,-1.28667e-08,-4.48197e-25,0.00182706
0.24945,1.07708,-1.28669e-08,-4.48175e-25,0.00182765
0.24965,1.07706,-1.28672e-08,-4.48153e-25,0.00182824
0.24985,1.07704,-1.28675e-08,-4.48131e-25,0.00182883
0.25005,1.07702,-1.28677e-08,-4.48109e-25,0.00182942
0.25025,1.077,-1.2868e-08,-4.48087e-25,0.00183001
0.25045,1.07698,-1.28683e-08,-4.48064e-25,0.0018306
0.25065,1.07696,-1.28685e-08,-4.48042e-25,0.00183118
0.25085,1.07694,-1.28688e-08,-4.4802e-25,0.00183177
0.25105,1.07692,-1.2869e-08,-4.47998e-25,0.00183236
0.25125,1.07689,-1.28693e-08,-4.47976e-25,0.00183295
0.25145,1.07687,-1.28696e-08,-4.47954e-25,0.00183354
0.25165,1.07685,-1.28698e-08,-4.47931e-25,0.00183413
0.25185,1.07683,-1.28701e-08,-4.47909e-25,0.00183472
0.25205,1.07681,-1.28704e-08,-4.47887e-25,0.0018353
0.25225,1.07679,-1.28706e-08,-4.47865e-25,0.00183589
0.25245,1.07677,-1.28709e-08,-4.47843e-25,0.00183648
0.252651,1.07675,-1.28712e-08,-4.47821e-25,0.00183707
0.252851,1.07673,-1.28714e-08,-4.47799e-25,0.00183766
0.253051,1.07671,-1.28717e-08,-4.47776e-25,0.00183825
0.253251,1.07669,-1.28719e-08,-4.47754e-25,0.00183884
0.253451,1.07667,-1.28722e-08,-4.47732e-25,0.00183943
0.253651,1.07665,-1.28725e-08,-4.4771e-25,0.00184001
0.253851,1.07663,-1.28727e-08,-4.47688e-25,0.0018406
0.254051,1.07661,-1.2873e-08,-4.47666e-25,0.00184119
0.254251,1.07659,-1.28733e-08,-4.47643e-25,0.00184178
0.254451,1.07657,-1.28735e-08,-4.47621e-25,0.00184237
0.254651,1.07654,-1.28738e-08,-4.47599e-25,0.00184296
0.254851,1.07652,-1.28741e-08,-4.47577e-25,0.00184355
0.255051,1.0765,-1.28743e-08,-4.47555e-25,0.00184414
0.255251,1.07648,-1.28746e-08,-4.47533e-25,0.00184472
0.255451,1.07646,-1.28748e-08,-4.47511e-25,0.00184531
0.255651,1.07644,-1.28751e-08,-4.47488e-25,0.0018459
0.255851,1.07642,-1.28754e-08,-4.47466e-25,0.00184649
0.256051,1.0764,-1.28756e-08,-4.47444e-25,0.00184708
0.256251,1.07638,-1.28759e-08,-4.47422e-25,0.00184767
0.256451,1.07636,-1.28762e-08,-4.474e-25,0.00184826
0.256651,1.07634,-1.28764e-08,-4.47378e-25,0.00184885
0.256851,1.07632,-1.28767e-08,-4.47355e-25,0.00184943
0.257051,1.0763,-1.2877e-08,-4.47333e-25,0.00185002
0.257251,1.07628,-1.28772e-08,-4.47311e-25,0.00185061
0.257451,1.07626,-1.28775e-08,-4.47289e-25,0.0018512
0.257652,1.07624,-1.28777e-08,-4.47267e-25,0.00185179
0.257852,1.07622,-1.2878e-08,-4.47245e-25,0.00185238
0.258052,1.0762,-1.28783e-08,-4.47223e-25,0.00185297
0.258252,1.07617,-1.28785e-08,-4.472e-25,0.00185355
0.258452,1.07615,-1.28788e-08,-4.47178e-25,0.00185414
0.258652,1.07613,-1.28791e-08,-4.47156e-25,0.00185473
0.258852,1.07611,-1.28793e-08,-4.47134e-25,0.00185532
0.259052,1.07609,-1.28796e-08,-4.47112e-25,0.00185591
0.259252,1.07607,-1.28799e-08,-4.4709e-25,0.0018565
0.259452,1.07605,-1.28801e-08,-4.47067e-25,0.00185709
0.259652,1.07603,-1.28804e-08,-4.47045e-25,0.00185768
0.259852,1.07601,-1.28806e-08,-4.47023e-25,0.00185826
0.260052,1.07599,-1.28809e-08,-4.47001e-25,0.00185885
0.260252,1.07597,-1.28812e-08,-4.46979e-25,0.00185944
0.260452,1.07595,-1.28814e-08,-4.46957e-25,0.00186003
0.260652,1.07593,-1.28817e-08,-4.46935e-25,0.00186062
0.260852,1.07591,-1.2882e-08,-4.46912e-25,0.00186121
0.261052,1.07589,-1.28822e-08,-4.4689e-25,0.0018618
0.261252,1.07587,-1.28825e-08,-4.46868e-25,0.00186239
0.261452,1.07585,-1.28828e-08,-4.46846e-25,0.00186297
0.261652,1.07582,-1.2883e-08,-4.46824e-25,0.00186356
0.261852,1.0758,-1.28833e-08,-4.46802e-25,0.00186415
0.262052,1.07578,-1.28835e-08,-4.46779e-25,0.00186474
0.262252,1.07576,-1.28838e-08,-4.46757e-25,0.00186533
0.262452,1.07574,-1.28841e-08,-4.46735e-25,0.00186592
0.262653,1.07572,-1.28843e-08,-4.46713e-25,0.00186651
0.262853,1.0757,-1.28846e-08,-4.46691e-25,0.0018671
0.263053,1.07568,-1.28849e-08,-4.46669e-25,0.00186768
0.263253,1.07566,-1.28851e-08,-4.46647e-25,0.00186827
0.263453,1.07564,-1.28854e-08,-4.46624e-25,0.00186886
0.263653,1.07562,-1.28857e-08,-4.46602e-25,0.00186945
0.263853,1.0756,-1.28859e-08,-4.4658e-25,0.00187004
0.264053,1.07558,-1.28862e-08,-4.46558e-25,0.00187063
0.264253,1.07556,-1.28864e-08,-4.46536e-25,0.00187122
0.264453,1.07554,-1.28867e-08,-4.46514e-25,0.0018718
0.264653,1.07552,-1.2887e-08,-4.46491e-25,0.00187239
0.264853,1.0755,-1.28872e-08,-4.46469e-25,0.00187298
0.265053,1.07547,-1.28875e-08,-4.46447e-25,0.00187357
0.265253,1.07545,-1.28878e-08,-4.46425e-25,0.00187416
0.265453,1.07543,-1.2888e-08,-4.46403e-25,0.00187475
0.265653,1.07541,-1.28883e-08,-4.46381e-25,0.00187534
0.265853,1.07539,-1.28886e-08,-4.46359e-25,0.00187593
0.266053,1.07537,-1.28888e-08,-4.46336e-25,0.00187651
0.266253,1.07535,-1.28891e-08,-4.46314e-25,0.0018771
0.266453,1.07533,-1.28893e-08,-4.46292e-25,0.00187769
0.266653,1.07531,-1.28896e-08,-4.4627e-25,0.00187828
0.266853,1.07529,-1.28899e-08,-4.46248e-25,0.00187887
0.267053,1.07527,-1.28901e-08,-4.46226e-25,0.00187946
0.267253,1.07525,-1.28904e-08,-4.46203e-25,0.00188005
0.267453,1.07523,-1.28907e-08,-4.46181e-25,0.00188064
0.267654,1.07521,-1.28909e-08,-4.46159e-25,0.00188122
0.267854,1.07519,-1.28912e-08,-4.46137e-25,0.00188181
0.268054,1.07517,-1.28915e-08,-4.46115e-25,0.0018824
0.268254,1.07515,-1.28917e-08,-4.46093e-25,0.00188299
0.268454,1.07513,-1.2892e-08,-4.46071e-25,0.00188358
0.268654,1.0751,-1.28923e-08,-4.46048e-25,0.00188417
0.268854,1.07508,-1.28925e-08,-4.46026e-25,0.00188476
0.269054,1.07506,-1.28928e-08,-4.46003e-25,0.00188537
0.269254,1.07504,-1.28931e-08,-4.45979e-25,0.00188602
0.269454,1.07502,-1.28934e-08,-4.45954e-25,0.00188667
0.269654,1.07499,-1.28937e-08,-4.4593e-25,0.00188732
0.269854,1.07497,-1.2894e-08,-4.45905e-25,0.00188797
0.270054,1.07495,-1.28942e-08,-4.45881e-25,0.00188862
0.270254,1.07493,-1.28945e-08,-4.45856e-25,0.00188927
0.270454,1.0749,-1.28948e-08,-4.45832e-25,0.00188992
0.270654,1.07488,-1.28951e-08,-4.45807e-25,0.00189058
0.270854,1.07486,-1.28954e-08,-4.45783e-25,0.00189123
0.271054,1.07484,-1.28957e-08,-4.45758e-25,0.00189188
0.271254,1.07481,-1.2896e-08,-4.45734e-25,0.00189253
0.271454,1.07479,-1.28963e-08,-4.45709e-25,0.00189318
0.271654,1.07477,-1.28966e-08,-4.45685e-25,0.00189383
0.271854,1.07474,-1.28969e-08,-4.4566e-25,0.00189448
0.272054,1.07472,-1.28972e-08,-4.45636e-25,0.00189513
0.272254,1.0747,-1.28975e-08,-4.45611e-25,0.00189579
0.272454,1.07468,-1.28977e-08,-4.45587e-25,0.00189644
0.272655,1.07465,-1.2898e-08,-4.45562e-25,0.00189709
0.272855,1.07463,-1.28983e-08,-4.45538e-25,0.00189774
0.273055,1.07461,-1.28986e-08,-4.45513e-25,0.00189839
0.273255,1.07458,-1.28989e-08,-4.45489e-25,0.00189904
0.273455,1.07456,-1.28992e-08,-4.45464e-25,0.00189969
0.273655,1.07454,-1.28995e-08,-4.4544e-25,0.00190034
0.273855,1.07452,-1.28998e-08,-4.45415e-25,0.001901
0.274055,1.07449,-1.29001e-08,-4.45391e-25,0.00190165
0.274255,1.07447,-1.29004e-08,-4.45366e-25,0.0019023
0.274455,1.07445,-1.29007e-08,-4.45342e-25,0.00190295
0.274655,1.07443,-1.2901e-08,-4.45317e-25,0.0019036
0.274855,1.0744,-1.29012e-08,-4.45293e-25,0.00190425
0.275055,1.07438,-1.29015e-08,-4.45268e-25,0.0019049
0.275255,1.07436,-1.29018e-08,-4.45244e-25,0.00190555
0.275455,1.07433,-1.29021e-08,-4.45219e-25,0.00190621
0.275655,1.07431,-1.29024e-08,-4.45195e-25,0.00190686
0.275855,1.07429,-1.29027e-08,-4.4517e-25,0.00190751
0.276055,1.07427,-1.2903e-08,-4.45146e-25,0.00190816
0.276255,1.07424,-1.29033e-08,-4.45121e-25,0.00190881
0.276455,1.07422,-1.29036e-08,-4.45097e-25,0.00190946
0.276655,1.0742,-1.29039e-08,-4.45072e-25,0.00191011
0.276855,1.07418,-1.29042e-08,-4.45048e-25,0.00191076
0.277055,1.07415,-1.29045e-08,-4.45023e-25,0.00191142
0.277255,1.07413,-1.29047e-08,-4.44999e-25,0.00191207
0.277455,1.07411,-1.2905e-08,-4.44974e-25,0.00191272
0.277656,1.07408,-1.29053e-08,-4.4495e-25,0.00191337
0.277856,1.07406,-1.29056e-08,-4.44925e-25,0.00191402
0.278056,1.07404,-1.29059e-08,-4.449e-25,0.00191467
0.278256,1.07402,-1.29062e-08,-4.44876e-25,0.00191532
0.278456,1.07399,-1.29065e-08,-4.44851e-25,0.00191597
0.278656,1.07397,-1.29068e-08,-4.44827e-25,0.00191663
0.278856,1.07395,-1.29071e-08,-4.44802e-25,0.00191728
0.279056,1.07392,-1.29074e-08,-4.44778e-25,0.00191793
0.279256,1.0739,-1.29077e-08,-4.44753e-25,0.00191858
0.279456,1.07388,-1.2908e-08,-4.44729e-25,0.00191923
0.279656,1.07386,-1.29083e-08,-4.44704e-25,0.00191988
0.279856,1.07383,-1.29085e-08,-4.4468e-25,0.00192053
0.280056,1.07381,-1.29088e-08,-4.44655e-25,0.00192118
0.280256,1.07379,-1.29091e-08,-4.44631e-25,0.00192184
0.280456,1.07377,-1.29094e-08,-4.44606e-25,0.00192249
0.280656,1.07374,-1.29097e-08,-4.44582e-25,0.00192314
0.280856,1.07372,-1.291e-08,-4.44557e-25,0.00192379
0.281056,1.0737,-1.29103e-08,-4.44533e-25,0.00192444
0.281256,1.07367,-1.29106e-08,-4.44508e-25,0.00192509
0.281456,1.07365,-1.29109e-08,-4.44484e-25,0.00192574
0.281656,1.07363,-1.29112e-08,-4.44459e-25,0.00192639
0.281856,1.07361,-1.29115e-08,-4.44435e-25,0.00192705
0.282056,1.07358,-1.29118e-08,-4.4441e-25,0.0019277
0.282256,1.07356,-1.2912e-08,-4.44386e-25,0.00192835
0.282456,1.07354,-1.29123e-08,-4.44361e-25,0.001929
0.282657,1.07351,-1.29126e-08,-4.44337e-25,0.00192965
0.282857,1.07349,-1.29129e-08,-4.44312e-25,0.0019303
0.283057,1.07347,-1.29132e-08,-4.44288e-25,0.00193095
0.283257,1.07345,-1.29135e-08,-4.44263e-25,0.0019316
0.283457,1.07342,-1.29138e-08,-4.44239e-25,0.00193226
0.283657,1.0734,-1.29141e-08,-4.44214e-25,0.00193291
0.283857,1.07338,-1.29144e-08,-4.4419e-25,0.00193356
0.284057,1.07336,-1.29147e-08,-4.44165e-25,0.00193421
0.284257,1.07333,-1.2915e-08,-4.44141e-25,0.00193486
0.284457,1.07331,-1.29153e-08,-4.44116e-25,0.00193551
0.284657,1.07329,-1.29155e-08,-4.44092e-25,0.00193616
0.284857,1.07326,-1.29158e-08,-4.44067e-25,0.00193681
0.285057,1.07324,-1.29161e-08,-4.44043e-25,0.00193746
0.285257,1.07322,-1.29164e-08,-4.44018e-25,0.00193812
0.285457,1.0732,-1.29167e-08,-4.43994e-25,0.00193877
0.285657,1.07317,-1.2917e-08,-4.43969e-25,0.00193942
0.285857,1.07315,-1.29173e-08,-4.43945e-25,0.00194007
0.286057,1.07313,-1.29176e-08,-4.4392e-25,0.00194072
0.286257,1.07311,-1.29179e-08,-4.43896e-25,0.00194137
0.286457,1.07308,-1.29182e-08,-4.43871e-25,0.00194202
0.286657,1.07306,-1.29185e-08,-4.43847e-25,0.00194267
0.286857,1.07304,-1.29188e-08,-4.43822e-25,0.00194333
0.287057,1.07301,-1.2919e-08,-4.43798e-25,0.00194398
0.287257,1.07299,-1.29323e-08,-4.43795e-25,0.00194465
0.287457,1.07297,-1.2953e-08,-4.43806e-25,0.00194532
0.287658,1.07294,-1.29738e-08,-4.43816e-25,0.001946
0.287858,1.07292,-1.29945e-08,-4.43827e-25,0.00194668
0.288058,1.07289,-1.30153e-08,-4.43837e-25,0.00194736
0.288258,1.07287,-1.3036e-08,-4.43847e-25,0.00194804
0.288458,1.07284,-1.30568e-08,-4.43858e-25,0.00194872
0.288658,1.07282,-1.30775e-08,-4.43868e-25,0.00194939
0.288858,1.07279,-1.30983e-08,-4.43879e-25,0.00195007
0.289058,1.07277,-1.3119e-08,-4.43889e-25,0.00195075
0.289258,1.07274,-1.31398e-08,-4.43899e-25,0.00195143
0.289458,1.07272,-1.31605e-08,-4.4391e-25,0.00195211
0.289658,1.0727,-1.31813e-08,-4.4392e-25,0.00195279
0.289858,1.07267,-1.3202e-08,-4.43931e-25,0.00195346
0.290058,1.07265,-1.32228e-08,-4.43941e-25,0.00195414
0.290258,1.07262,-1.32435e-08,-4.43951e-25,0.00195482
0.290458,1.0726,-1.32643e-08,-4.43962e-25,0.0019555
0.290658,1.07257,-1.3285e-08,-4.43972e-25,0.00195618
0.290858,1.07255,-1.33058e-08,-4.43983e-25,0.00195686
0.291058,1.07252,-1.33265e-08,-4.43993e-25,0.00195753
0.291258,1.0725,-1.33473e-08,-4.44003e-25,0.00195821
0.291458,1.07247,-1.3368e-08,-4.44014e-25,0.00195889
0.291658,1.07245,-1.33888e-08,-4.44024e-25,0.00195957
0.291858,1.07242,-1.34095e-08,-4.44035e-25,0.00196025
0.292058,1.0724,-1.34303e-08,-4.44045e-25,0.00196092
0.292258,1.07238,-1.3451e-08,-4.44056e-25,0.0019616
0.292458,1.07235,-1.34718e-08,-4.44066e-25,0.00196228
0.292659,1.07233,-1.34925e-08,-4.44076e-25,0.00196296
0.292859,1.0723,-1.35133e-08,-4.44087e-25,0.00196364
0.293059,1.07228,-1.3534e-08,-4.44097e-25,0.00196432
0.293259,1.07225,-1.35548e-08,-4.44108e-25,0.00196499
0.293459,1.07223,-1.35755e-08,-4.44118e-25,0.00196567
0.293659,1.0722,-1.35963e-08,-4.44128e-25,0.00196635
0.293859,1.07218,-1.3617e-08,-4.44139e-25,0.00196703
0.294059,1.07215,-1.36378e-08,-4.44149e-25,0.00196771
0.294259,1.07213,-1.36585e-08,-4.4416e-25,0.00196839
0.294459,1.07211,-1.36792e-08,-4.4417e-25,0.00196906
0.294659,1.07208,-1.37e-08,-4.4418e-25,0.00196974
0.294859,1.07206,-1.37207e-08,-4.44191e-25,0.00197042
0.295059,1.07203,-1.37415e-08,-4.44201e-25,0.0019711
0.295259,1.07201,-1.37622e-08,-4.44212e-25,0.00197178
0.295459,1.07198,-1.3783e-08,-4.44222e-25,0.00197246
0.295659,1.07196,-1.38037e-08,-4.44232e-25,0.00197313
0.295859,1.07193,-1.38245e-08,-4.44243e-25,0.00197381
0.296059,1.07191,-1.38452e-08,-4.44253e-25,0.00197449
0.296259,1.07188,-1.3866e-08,-4.44264e-25,0.00197517
0.296459,1.07186,-1.38867e-08,-4.44274e-25,0.00197585
0.296659,1.07183,-1.39075e-08,-4.44284e-25,0.00197653
0.296859,1.07181,-1.39282e-08,-4.44295e-25,0.0019772
0.297059,1.07179,-1.3949e-08,-4.44305e-25,0.00197788
0.297259,1.07176,-1.39697e-08,-4.44316e-25,0.00197856
0.297459,1.07174,-1.39905e-08,-4.44326e-25,0.00197924
0.29766,1.07171,-1.40112e-08,-4.44337e-25,0.00197992
0.29786,1.07169,-1.4032e-08,-4.44347e-25,0.0019806
0.29806,1.07166,-1.40527e-08,-4.44357e-25,0.00198127
0.29826,1.07164,-1.40735e-08,-4.44368e-25,0.00198195
0.29846,1.07161,-1.40942e-08,-4.44378e-25,0.00198263
0.29866,1.07159,-1.4115e-08,-4.44389e-25,0.00198331
0.29886,1.07156,-1.41357e-08,-4.44399e-25,0.00198399
0.29906,1.07154,-1.41565e-08,-4.44409e-25,0.00198467
0.29926,1.07152,-1.41772e-08,-4.4442e-25,0.00198534
0.29946,1.07149,-1.4198e-08,-4.4443e-25,0.00198602
0.29966,1.07147,-1.42187e-08,-4.44441e-25,0.0019867
0.29986,1.07144,-1.42395e-08,-4.44451e-25,0.00198738
0.30006,1.07142,-1.42602e-08,-4.44461e-25,0.00198806
0.30026,1.07139,-1.4281e-08,-4.44472e-25,0.00198874
0.30046,1.07137,-1.43017e-08,-4.44482e-25,0.00198941
0.30066,1.07134,-1.43225e-08,-4.44493e-25,0.00199009
0.30086,1.07132,-1.43432e-08,-4.44503e-25,0.00199077
0.30106,1.07129,-1.4364e-08,-4.44513e-25,0.00199145
0.30126,1.07127,-1.43847e-08,-4.44524e-25,0.00199213
0.30146,1.07124,-1.44054e-08,-4.44534e-25,0.00199281
0.30166,1.07122,-1.44262e-08,-4.44545e-25,0.00199348
0.30186,1.0712,-1.44469e-08,-4.44555e-25,0.00199416
0.30206,1.07117,-1.44677e-08,-4.44566e-25,0.00199484
0.30226,1.07115,-1.44884e-08,-4.44576e-25,0.00199552
0.30246,1.07112,-1.45092e-08,-4.44586e-25,0.0019962
0.302661,1.0711,-1.45299e-08,-4.44597e-25,0.00199688
0.302861,1.07107,-1.45507e-08,-4.44607e-25,0.00199755
0.303061,1.07105,-1.45714e-08,-4.44618e-25,0.00199823
0.303261,1.07102,-1.45922e-08,-4.44628e-25,0.00199891
0.303461,1.071,-1.46129e-08,-4.44638e-25,0.00199959
0.303661,1.07097,-1.46337e-08,-4.44649e-25,0.00200027
0.303861,1.07095,-1.46544e-08,-4.44659e-25,0.00200095
0.304061,1.07093,-1.46752e-08,-4.4467e-25,0.00200162
0.304261,1.0709,-1.46959e-08,-4.4468e-25,0.0020023
0.304461,1.07088,-1.47167e-08,-4.4469e-25,0.00200298
0.304661,1.07085,-1.47374e-08,-4.44701e-25,0.00200366
0.304861,1.07083,-1.47582e-08,-4.44711e-25,0.00200434
0.305061,1.0708,-1.47789e-08,-4.44722e-25,0.00200501
0.305261,1.07078,-1.47997e-08,-4.44732e-25,0.00200569
0.305461,1.07075,-1.48204e-08,-4.44742e-25,0.00200637
0.305661,1.07073,-1.48412e-08,-4.44753e-25,0.00200705
0.305861,1.0707,-1.48619e-08,-4.44763e-25,0.00200773
0.306061,1.07068,-1.48827e-08,-4.44774e-25,0.00200841
0.306261,1.07065,-1.49034e-08,-4.44784e-25,0.00200908
0.306461,1.07063,-1.49242e-08,-4.44794e-25,0.00200976
0.306661,1.07061,-1.49449e-08,-4.44805e-25,0.00201044
0.306861,1.07058,-1.49657e-08,-4.44815e-25,0.00201112
0.307061,1.07056,-1.49864e-08,-4.44826e-25,0.0020118
0.307261,1.07053,-1.50072e-08,-4.44836e-25,0.00201248
0.307461,1.07051,-1.50279e-08,-4.44847e-25,0.00201315
0.307662,1.07048,-1.50487e-08,-4.44857e-25,0.00201383
0.307862,1.07046,-1.50694e-08,-4.44867e-25,0.00201451
0.308062,1.07043,-1.50902e-08,-4.44878e-25,0.00201519
0.308262,1.07041,-1.51109e-08,-4.44888e-25,0.00201587
0.308462,1.07038,-1.51317e-08,-4.44899e-25,0.00201655
0.308662,1.07036,-1.51524e-08,-4.44909e-25,0.00201722
0.308862,1.07034,-1.51731e-08,-4.44919e-25,0.0020179
0.309062,1.07031,-1.51939e-08,-4.4493e-25,0.00201858
0.309262,1.07029,-1.52146e-08,-4.4494e-25,0.00201926
0.309462,1.07026,-1.52354e-08,-4.44951e-25,0.00201994
0.309662,1.07024,-1.52561e-08,-4.44961e-25,0.00202062
0.309862,1.07021,-1.52769e-08,-4.44971e-25,0.00202129
0.310062,1.07019,-1.52976e-08,-4.44982e-25,0.00202197
0.310262,1.07016,-1.53184e-08,-4.44992e-25,0.00202265
0.310462,1.07014,-1.53391e-08,-4.45003e-25,0.00202333
0.310662,1.07011,-1.53599e-08,-4.45013e-25,0.00202401
0.310862,1.07009,-1.53806e-08,-4.45023e-25,0.00202469
0.311062,1.07007,-1.54014e-08,-4.45034e-25,0.00202536
0.311262,1.07004,-1.54221e-08,-4.45044e-25,0.00202604
0.311462,1.07002,-1.54429e-08,-4.45055e-25,0.00202672
0.311662,1.06999,-1.54636e-08,-4.45065e-25,0.0020274
0.311862,1.06997,-1.54844e-08,-4.45076e-25,0.00202808
0.312062,1.06994,-1.55051e-08,-4.45086e-25,0.00202876
0.312262,1.06992,-1.55259e-08,-4.45096e-25,0.00202943
0.312462,1.06989,-1.55466e-08,-4.45107e-25,0.00203011
0.312663,1.06987,-1.55674e-08,-4.45117e-25,0.00203079
0.312863,1.06984,-1.55881e-08,-4.45128e-25,0.00203147
0.313063,1.06982,-1.56089e-08,-4.45138e-25,0.00203215
0.313263,1.06979,-1.56296e-08,-4.45148e-25,0.00203283
0.313463,1.06977,-1.56504e-08,-4.45159e-25,0.0020335
0.313663,1.06975,-1.56711e-08,-4.45169e-25,0.00203418
0.313863,1.06972,-1.56919e-08,-4.4518e-25,0.00203486
0.314063,1.0697,-1.57126e-08,-4.4519e-25,0.00203554
0.314263,1.06967,-1.57334e-08,-4.452e-25,0.00203622
0.314463,1.06965,-1.57541e-08,-4.45211e-25,0.0020369
0.314663,1.06962,-1.57749e-08,-4.45221e-25,0.00203757
0.314863,1.0696,-1.57956e-08,-4.45232e-25,0.00203825
0.315063,1.06957,-1.58164e-08,-4.45242e-25,0.00203893
0.315263,1.06955,-1.58371e-08,-4.45252e-25,0.00203961
0.315463,1.06952,-1.58579e-08,-4.45263e-25,0.00204029
0.315663,1.0695,-1.58786e-08,-4.45273e-25,0.00204097
0.315863,1.06948,-1.58993e-08,-4.45284e-25,0.00204164
0.316063,1.06945,-1.59201e-08,-4.45294e-25,0.00204232
0.316263,1.06943,-1.59408e-08,-4.45304e-25,0.002043
0.316463,1.0694,-1.59616e-08,-4.45315e-25,0.00204368
0.316663,1.06938,-1.59823e-08,-4.45325e-25,0.00204436
0.316863,1.06935,-1.60031e-08,-4.45336e-25,0.00204504
0.317063,1.06933,-1.60238e-08,-4.45346e-25,0.00204571
0.317263,1.0693,-1.60446e-08,-4.45357e-25,0.00204639
0.317463,1.06928,-1.60653e-08,-4.45367e-25,0.00204707
0.317664,1.06925,-1.60861e-08,-4.45377e-25,0.00204775
0.317864,1.06923,-1.61068e-08,-4.45388e-25,0.00204843
0.318064,1.0692,-1.61276e-08,-4.45398e-25,0.0020491
0.318264,1.06918,-1.61483e-08,-4.45409e-25,0.00204978
0.318464,1.06916,-1.61691e-08,-4.45419e-25,0.00205046
0.318664,1.06913,-1.61898e-08,-4.45429e-25,0.00205114
0.318864,1.06911,-1.62106e-08,-4.4544e-25,0.00205182
0.319064,1.06908,-1.62313e-08,-4.4545e-25,0.0020525
0.319264,1.06906,-1.62521e-08,-4.45461e-25,0.00205317
0.319464,1.06903,-1.62728e-08,-4.45471e-25,0.00205385
0.319664,1.06901,-1.62936e-08,-4.45481e-25,0.00205453
0.319864,1.06898,-1.63143e-08,-4.45492e-25,0.00205521
0.320064,1.06896,-1.63351e-08,-4.45502e-25,0.00205589
0.320264,1.06893,-1.63558e-08,-4.45513e-25,0.00205657
0.320464,1.06891,-1.63766e-08,-4.45523e-25,0.00205724
0.320664,1.06889,-1.63973e-08,-4.45533e-25,0.00205792
0.320864,1.06886,-1.64181e-08,-4.45544e-25,0.0020586
0.321064,1.06884,-1.64388e-08,-4.45554e-25,0.00205928
0.321264,1.06881,-1.64596e-08,-4.45565e-25,0.00205996
0.321464,1.06879,-1.64803e-08,-4.45575e-25,0.00206064
0.321664,1.06876,-1.65011e-08,-4.45586e-25,0.00206131
0.321864,1.06874,-1.65218e-08,-4.45596e-25,0.00206199
0.322064,1.06871,-1.65426e-08,-4.45606e-25,0.00206267
0.322264,1.06869,-1.65633e-08,-4.45617e-25,0.00206335
0.322464,1.06866,-1.65841e-08,-4.45627e-25,0.00206403
0.322665,1.06864,-1.66048e-08,-4.45638e-25,0.00206471
0.322865,1.06861,-1.66256e-08,-4.45648e-25,0.00206538
0.323065,1.06859,-1.66463e-08,-4.45658e-25,0.00206606
0.323265,1.06857,-1.6667e-08,-4.45669e-25,0.00206674
0.323465,1.06854,-1.66825e-08,-4.45007e-25,0.00206742
0.323665,1.06851,-1.66792e-08,-4.41997e-25,0.00206812
0.323865,1.06849,-1.6676e-08,-4.38986e-25,0.00206882
0.324065,1.06846,-1.66728e-08,-4.35975e-25,0.00206951
0.324265,1.06844,-1.66696e-08,-4.32964e-25,0.00207021
0.324465,1.06841,-1.66663e-08,-4.29954e-25,0.00207091
0.324665,1.06838,-1.66631e-08,-4.26943e-25,0.0020716
0.324865,1.06836,-1.66599e-08,-4.23932e-25,0.0020723
0.325065,1.06833,-1.66567e-08,-4.20922e-25,0.002073
0.325265,1.0683,-1.66534e-08,-4.17911e-25,0.0020737
0.325465,1.06828,-1.66502e-08,-4.149e-25,0.00207439
0.325665,1.06825,-1.6647e-08,-4.11889e-25,0.00207509
0.325865,1.06822,-1.66437e-08,-4.08879e-25,0.00207579
0.326065,1.0682,-1.66405e-08,-4.05868e-25,0.00207648
0.326265,1.06817,-1.66373e-08,-4.02857e-25,0.00207718
0.326465,1.06815,-1.66341e-08,-3.99846e-25,0.00207788
0.326665,1.06812,-1.66308e-08,-3.96836e-25,0.00207857
0.326865,1.06809,-1.66276e-08,-3.93825e-25,0.00207927
0.327065,1.06807,-1.66244e-08,-3.90814e-25,0.00207997
0.327265,1.06804,-1.66212e-08,-3.87803e-25,0.00208066
0.327465,1.06801,-1.66179e-08,-3.84793e-25,0.00208136
0.327666,1.06799,-1.66147e-08,-3.81782e-25,0.00208206
0.327866,1.06796,-1.66115e-08,-3.78771e-25,0.00208276
0.328066,1.06794,-1.66082e-08,-3.75761e-25,0.00208345
0.328266,1.06791,-1.6605e-08,-3.7275e-25,0.00208415
0.328466,1.06788,-1.66018e-08,-3.69739e-25,0.00208485
0.328666,1.06786,-1.65986e-08,-3.66728e-25,0.00208554
0.328866,1.06783,-1.65953e-08,-3.63718e-25,0.00208624
0.329066,1.0678,-1.65921e-08,-3.60707e-25,0.00208694
0.329266,1.06778,-1.65889e-08,-3.57696e-25,0.00208763
0.329466,1.06775,-1.65857e-08,-3.54685e-25,0.00208833
0.329666,1.06773,-1.65824e-08,-3.51675e-25,0.00208903
0.329866,1.0677,-1.65792e-08,-3.48664e-25,0.00208972
0.330066,1.06767,-1.6576e-08,-3.45653e-25,0.00209042
0.330266,1.06765,-1.65728e-08,-3.42643e-25,0.00209112
0.330466,1.06762,-1.65695e-08,-3.39632e-25,0.00209181
0.330666,1.06759,-1.65663e-08,-3.36621e-25,0.00209251
0.330866,1.06757,-1.65631e-08,-3.3361e-25,0.00209321
0.331066,1.06754,-1.65598e-08,-3.306e-25,0.00209391
0.331266,1.06752,-1.65566e-08,-3.27589e-25,0.0020946
0.331466,1.06749,-1.65534e-08,-3.24578e-25,0.0020953
0.331666,1.06746,-1.65502e-08,-3.21567e-25,0.002096
0.331866,1.06744,-1.65469e-08,-3.18557e-25,0.00209669
0.332066,1.06741,-1.65437e-08,-3.15546e-25,0.00209739
0.332266,1.06738,-1.65405e-08,-3.12535e-25,0.00209809
0.332466,1.06736,-1.65373e-08,-3.09525e-25,0.00209878
0.332667,1.06733,-1.6534e-08,-3.06514e-25,0.00209948
0.332867,1.0673,-1.65308e-08,-3.03503e-25,0.00210018
0.333067,1.06728,-1.65276e-08,-3.00492e-25,0.00210087
0.333267,1.06725,-1.65244e-08,-2.97482e-25,0.00210157
0.333467,1.06723,-1.65211e-08,-2.94471e-25,0.00210227
0.333667,1.0672,-1.65179e-08,-2.9146e-25,0.00210297
0.333867,1.06717,-1.65147e-08,-2.88449e-25,0.00210366
0.334067,1.06715,-1.65114e-08,-2.85439e-25,0.00210436
0.334267,1.06712,-1.65082e-08,-2.82428e-25,0.00210506
0.334467,1.06709,-1.6505e-08,-2.79417e-25,0.00210575
0.334667,1.06707,-1.65018e-08,-2.76407e-25,0.00210645
0.334867,1.06704,-1.64985e-08,-2.73396e-25,0.00210715
0.335067,1.06702,-1.64953e-08,-2.70385e-25,0.00210784
0.335267,1.06699,-1.64921e-08,-2.67374e-25,0.00210854
0.335467,1.06696,-1.64889e-08,-2.64364e-25,0.00210924
0.335667,1.06694,-1.64856e-08,-2.61353e-25,0.00210993
0.335867,1.06691,-1.64824e-08,-2.58342e-25,0.00211063
0.336067,1.06688,-1.64792e-08,-2.55331e-25,0.00211133
0.336267,1.06686,-1.64759e-08,-2.52321e-25,0.00211202
0.336467,1.06683,-1.64727e-08,-2.4931e-25,0.00211272
0.336667,1.06681,-1.64695e-08,-2.46299e-25,0.00211342
0.336867,1.06678,-1.64663e-08,-2.43289e-25,0.00211412
0.337067,1.06675,-1.6463e-08,-2.40278e-25,0.00211481
0.337267,1.06673,-1.64598e-08,-2.37267e-25,0.00211551
0.337467,1.0667,-1.64566e-08,-2.34256e-25,0.00211621
0.337668,1.06667,-1.64534e-08,-2.31246e-25,0.0021169
0.337868,1.06665,-1.64501e-08,-2.28235e-25,0.0021176
0.338068,1.06662,-1.64469e-08,-2.25224e-25,0.0021183
0.338268,1.06659,-1.64437e-08,-2.22213e-25,0.00211899
0.338468,1.06657,-1.64405e-08,-2.19203e-25,0.00211969
0.338668,1.06654,-1.64372e-08,-2.16192e-25,0.00212039
0.338868,1.06652,-1.6434e-08,-2.13181e-25,0.00212108
0.339068,1.06649,-1.64308e-08,-2.10171e-25,0.00212178
0.339268,1.06646,-1.64275e-08,-2.0716e-25,0.00212248
0.339468,1.06644,-1.64243e-08,-2.04149e-25,0.00212318
0.339668,1.06641,-1.64211e-08,-2.01138e-25,0.00212387
0.339868,1.06638,-1.64179e-08,-1.98128e-25,0.00212457
0.340068,1.06636,-1.64146e-08,-1.95117e-25,0.00212527
0.340268,1.06633,-1.64114e-08,-1.92106e-25,0.00212596
0.340468,1.06631,-1.64082e-08,-1.89095e-25,0.00212666
0.340668,1.06628,-1.6405e-08,-1.86085e-25,0.00212736
0.340868,1.06625,-1.64017e-08,-1.83074e-25,0.00212805
0.341068,1.06623,-1.63985e-08,-1.80063e-25,0.00212875
0.341268,1.0662,-1.63953e-08,-1.77053e-25,0.00212945
0.341468,1.06617,-1.63921e-08,-1.74042e-25,0.00213014
0.341668,1.06615,-1.63886e-08,-1.70865e-25,0.00213088
0.341868,1.06612,-1.63851e-08,-1.67533e-25,0.00213165
0.342068,1.06609,-1.63815e-08,-1.642e-25,0.00213242
0.342268,1.06606,-1.63779e-08,-1.60868e-25,0.00213319
0.342468,1.06603,-1.63744e-08,-1.57536e-25,0.00213396
0.342669,1.066,-1.63708e-08,-1.54204e-25,0.00213474
0.342869,1.06597,-1.63672e-08,-1.50871e-25,0.00213551
0.343069,1.06594,-1.63636e-08,-1.47539e-25,0.00213628
0.343269,1.06591,-1.63601e-08,-1.44207e-25,0.00213705
0.343469,1.06588,-1.63565e-08,-1.40874e-25,0.00213782
0.343669,1.06586,-1.63529e-08,-1.37542e-25,0.00213859
0.343869,1.06583,-1.63494e-08,-1.3421e-25,0.00213936
0.344069,1.0658,-1.63458e-08,-1.30878e-25,0.00214014
0.344269,1.06577,-1.63422e-08,-1.27545e-25,0.00214091
0.344469,1.06574,-1.63386e-08,-1.24213e-25,0.00214168
0.344669,1.06571,-1.63351e-08,-1.20881e-25,0.00214245
0.344869,1.06568,-1.63315e-08,-1.17548e-25,0.00214322
0.345069,1.06565,-1.63279e-08,-1.14216e-25,0.00214399
0.345269,1.06562,-1.63244e-08,-1.10884e-25,0.00214476
0.345469,1.06559,-1.63208e-08,-1.07552e-25,0.00214553
0.345669,1.06556,-1.63172e-08,-1.04219e-25,0.00214631
0.345869,1.06554,-1.63136e-08,-1.00887e-25,0.00214708
0.346069,1.06551,-1.63101e-08,-9.75547e-26,0.00214785
0.346269,1.06548,-1.63065e-08,-9.42224e-26,0.00214862
0.346469,1.06545,-1.63029e-08,-9.08902e-26,0.00214939
0.346669,1.06542,-1.62994e-08,-8.75579e-26,0.00215016
0.346869,1.06539,-1.62958e-08,-8.42256e-26,0.00215093
0.347069,1.06536,-1.62922e-08,-8.08933e-26,0.00215171
0.347269,1.06533,-1.62886e-08,-7.7561e-26,0.00215248
0.347469,1.0653,-1.62851e-08,-7.42287e-26,0.00215325
0.34767,1.06527,-1.62815e-08,-7.08965e-26,0.00215402
0.34787,1.06524,-1.62779e-08,-6.75642e-26,0.00215479
0.34807,1.06521,-1.62744e-08,-6.42319e-26,0.00215556
0.34827,1.06519,-1.62708e-08,-6.08996e-26,0.00215633
0.34847,1.06516,-1.62672e-08,-5.75673e-26,0.0021571
0.34867,1.06513,-1.62636e-08,-5.42351e-26,0.00215788
0.34887,1.0651,-1.62601e-08,-5.09028e-26,0.00215865
0.34907,1.06507,-1.62565e-08,-4.75705e-26,0.00215942
0.34927,1.06504,-1.62529e-08,-4.42382e-26,0.00216019
0.34947,1.06501,-1.62494e-08,-4.09059e-26,0.00216096
0.34967,1.06498,-1.62458e-08,-3.75736e-26,0.00216173
0.34987,1.06495,-1.62422e-08,-3.42414e-26,0.0021625
0.35007,1.06492,-1.62386e-08,-3.09091e-26,0.00216328
0.35027,1.06489,-1.62351e-08,-2.75768e-26,0.00216405
0.35047,1.06487,-1.62315e-08,-2.42445e-26,0.00216482
0.35067,1.06484,-1.62279e-08,-2.09122e-26,0.00216559
0.35087,1.06481,-1.62244e-08,-1.758e-26,0.00216636
0.35107,1.06478,-1.62208e-08,-1.42477e-26,0.00216713
0.35127,1.06475,-1.62172e-08,-1.09154e-26,0.0021679
0.35147,1.06472,-1.62136e-08,-7.58311e-27,0.00216867
0.35167,1.06469,-1.62101e-08,-4.25083e-27,0.00216945
0.35187,1.06466,-1.62065e-08,-9.18547e-28,0.00217022
0.35207,1.06463,-1.62029e-08,2.41373e-27,0.00217099
0.35227,1.0646,-1.61994e-08,5.74602e-27,0.00217176
0.35247,1.06457,-1.61958e-08,9.0783e-27,0.00217253
0.352671,1.06455,-1.61922e-08,1.24106e-26,0.0021733
0.352871,1.06452,-1.61886e-08,1.57429e-26,0.00217407
0.353071,1.06449,-1.61851e-08,1.90751e-26,0.00217485
0.353271,1.06446,-1.61815e-08,2.24074e-26,0.00217562
0.353471,1.06443,-1.61779e-08,2.57397e-26,0.00217639
0.353671,1.0644,-1.61744e-08,2.9072e-26,0.00217716
0.353871,1.06437,-1.61708e-08,3.24043e-26,0.00217793
0.354071,1.06434,-1.61672e-08,3.57366e-26,0.0021787
0.354271,1.06431,-1.61636e-08,3.90688e-26,0.00217947
0.354471,1.06428,-1.61601e-08,4.24011e-26,0.00218024
0.354671,1.06425,-1.61565e-08,4.57334e-26,0.00218102
0.354871,1.06423,-1.61529e-08,4.90657e-26,0.00218179
0.355071,1.0642,-1.61494e-08,5.2398e-26,0.00218256
0.355271,1.06417,-1.61458e-08,5.57302e-26,0.00218333
0.355471,1.06414,-1.61422e-08,5.90625e-26,0.0021841
0.355671,1.06411,-1.61386e-08,6.23948e-26,0.00218487
0.355871,1.06408,-1.61351e-08,6.57271e-26,0.00218564
0.356071,1.06405,-1.61315e-08,6.90594e-26,0.00218642
0.356271,1.06402,-1.61279e-08,7.23917e-26,0.00218719
0.356471,1.06399,-1.61244e-08,7.57239e-26,0.00218796
0.356671,1.06396,-1.61208e-08,7.90562e-26,0.00218873
0.356871,1.06393,-1.61172e-08,8.23885e-26,0.0021895
0.357071,1.06391,-1.61136e-08,8.57208e-26,0.00219027
0.357271,1.06388,-1.61101e-08,8.90531e-26,0.00219104
0.357471,1.06385,-1.61065e-08,9.23853e-26,0.00219181
0.357672,1.06382,-1.61029e-08,9.57176e-26,0.00219259
0.357872,1.06379,-1.60994e-08,9.90499e-26,0.00219336
0.358072,1.06376,-1.6114e-08,1.02013e-25,0.00219413
0.358272,1.06373,-1.61342e-08,1.0486e-25,0.00219491
0.358472,1.0637,-1.61545e-08,1.07708e-25,0.00219568
0.358672,1.06367,-1.61748e-08,1.10555e-25,0.00219646
0.358872,1.06364,-1.61951e-08,1.13403e-25,0.00219724
0.359072,1.06361,-1.62154e-08,1.1625e-25,0.00219801
0.359272,1.06358,-1.62357e-08,1.19097e-25,0.00219879
0.359472,1.06355,-1.6256e-08,1.21945e-25,0.00219956
0.359672,1.06352,-1.62762e-08,1.24792e-25,0.00220034
0.359872,1.06348,-1.62965e-08,1.2764e-25,0.00220111
0.360072,1.06345,-1.63168e-08,1.30487e-25,0.00220189
0.360272,1.06342,-1.63371e-08,1.33334e-25,0.00220267
0.360472,1.06339,-1.63574e-08,1.36182e-25,0.00220344
0.360672,1.06336,-1.63777e-08,1.39029e-25,0.00220422
0.360872,1.06333,-1.6398e-08,1.41877e-25,0.00220499
0.361072,1.0633,-1.64183e-08,1.44724e-25,0.00220577
0.361272,1.06327,-1.64385e-08,1.47571e-25,0.00220655
0.361472,1.06324,-1.64588e-08,1.50419e-25,0.00220732
0.361672,1.06321,-1.64791e-08,1.53266e-25,0.0022081
0.361872,1.06318,-1.64994e-08,1.56114e-25,0.00220887
0.362072,1.06315,-1.65197e-08,1.58961e-25,0.00220965
0.362272,1.06312,-1.654e-08,1.61808e-25,0.00221042
0.362472,1.06309,-1.65603e-08,1.64656e-25,0.0022112
0.362673,1.06306,-1.65805e-08,1.67503e-25,0.00221198
0.362873,1.06303,-1.66008e-08,1.70351e-25,0.00221275
0.363073,1.063,-1.66211e-08,1.73198e-25,0.00221353
0.363273,1.06297,-1.66414e-08,1.76045e-25,0.0022143
0.363473,1.06294,-1.66617e-08,1.78893e-25,0.00221508
0.363673,1.06291,-1.6682e-08,1.8174e-25,0.00221586
0.363873,1.06288,-1.67023e-08,1.84588e-25,0.00221663
0.364073,1.06284,-1.67226e-08,1.87435e-25,0.00221741
0.364273,1.06281,-1.67428e-08,1.90282e-25,0.00221818
0.364473,1.06278,-1.67631e-08,1.9313e-25,0.00221896
0.364673,1.06275,-1.67834e-08,1.95977e-25,0.00221973
0.364873,1.06272,-1.68037e-08,1.98825e-25,0.00222051
0.365073,1.06269,-1.6824e-08,2.01672e-25,0.00222129
0.365273,1.06266,-1.68443e-08,2.04519e-25,0.00222206
0.365473,1.06263,-1.68646e-08,2.07367e-25,0.00222284
0.365673,1.0626,-1.68849e-08,2.10214e-25,0.00222361
0.365873,1.06257,-1.69051e-08,2.13062e-25,0.00222439
0.366073,1.06254,-1.69254e-08,2.15909e-25,0.00222517
0.366273,1.06251,-1.69457e-08,2.18756e-25,0.00222594
0.366473,1.06248,-1.6966e-08,2.21604e-25,0.00222672
0.366673,1.06245,-1.69863e-08,2.24451e-25,0.00222749
0.366873,1.06242,-1.70066e-08,2.27299e-25,0.00222827
0.367073,1.06239,-1.70269e-08,2.30146e-25,0.00222904
0.367273,1.06236,-1.70471e-08,2.32993e-25,0.00222982
0.367473,1.06233,-1.70674e-08,2.35841e-25,0.0022306
0.367674,1.0623,-1.70877e-08,2.38688e-25,0.00223137
0.367874,1.06227,-1.7108e-08,2.41536e-25,0.00223215
0.368074,1.06224,-1.71283e-08,2.44383e-25,0.00223292
0.368274,1.06221,-1.71486e-08,2.4723e-25,0.0022337
0.368474,1.06217,-1.71689e-08,2.50078e-25,0.00223448
0.368674,1.06214,-1.71892e-08,2.52925e-25,0.00223525
0.368874,1.06211,-1.72094e-08,2.55773e-25,0.00223603
0.369074,1.06208,-1.72297e-08,2.5862e-25,0.0022368
0.369274,1.06205,-1.725e-08,2.61467e-25,0.00223758
0.369474,1.06202,-1.72703e-08,2.64315e-25,0.00223835
0.369674,1.06199,-1.72906e-08,2.67162e-25,0.00223913
0.369874,1.06196,-1.73109e-08,2.7001e-25,0.00223991
0.370074,1.06193,-1.73312e-08,2.72857e-25,0.00224068
0.370274,1.0619,-1.73514e-08,2.75704e-25,0.00224146
0.370474,1.06187,-1.73717e-08,2.78552e-25,0.00224223
0.370674,1.06184,-1.7392e-08,2.81399e-25,0.00224301
0.370874,1.06181,-1.74123e-08,2.84247e-25,0.00224379
0.371074,1.06178,-1.74326e-08,2.87094e-25,0.00224456
0.371274,1.06175,-1.74529e-08,2.89941e-25,0.00224534
0.371474,1.06172,-1.74732e-08,2.92789e-25,0.00224611
0.371674,1.06169,-1.74935e-08,2.95636e-25,0.00224689
0.371874,1.06166,-1.75137e-08,2.98484e-25,0.00224767
0.372074,1.06163,-1.7534e-08,3.01331e-25,0.00224844
0.372274,1.0616,-1.75543e-08,3.04178e-25,0.00224922
0.372474,1.06157,-1.75746e-08,3.07026e-25,0.00224999
0.372675,1.06154,-1.75949e-08,3.09873e-25,0.00225077
0.372875,1.0615,-1.76152e-08,3.12721e-25,0.00225154
0.373075,1.06147,-1.76355e-08,3.15568e-25,0.00225232
0.373275,1.06144,-1.76557e-08,3.18415e-25,0.0022531
0.373475,1.06141,-1.7676e-08,3.21263e-25,0.00225387
0.373675,1.06138,-1.76963e-08,3.2411e-25,0.00225465
0.373875,1.06135,-1.77166e-08,3.26958e-25,0.00225542
0.374075,1.06132,-1.77369e-08,3.29805e-25,0.0022562
0.374275,1.06129,-1.77572e-08,3.32652e-25,0.00225698
0.374475,1.06126,-1.77775e-08,3.355e-25,0.00225775
0.374675,1.06123,-1.77978e-08,3.38347e-25,0.00225853
0.374875,1.0612,-1.7818e-08,3.41195e-25,0.0022593
0.375075,1.06117,-1.78383e-08,3.44042e-25,0.00226008
0.375275,1.06114,-1.78586e-08,3.46889e-25,0.00226085
0.375475,1.06111,-1.78789e-08,3.49737e-25,0.00226163
0.375675,1.06108,-1.78992e-08,3.52584e-25,0.00226241
0.375875,1.06105,-1.79195e-08,3.55432e-25,0.00226318
0.376075,1.06102,-1.79398e-08,3.58279e-25,0.00226396
0.376275,1.06099,-1.79601e-08,3.61126e-25,0.00226473
0.376475,1.06096,-1.79803e-08,3.63974e-25,0.00226551
0.376675,1.06093,-1.80006e-08,3.66821e-25,0.00226629
0.376875,1.0609,-1.80209e-08,3.69669e-25,0.00226706
0.377075,1.06087,-1.80412e-08,3.72516e-25,0.00226784
0.377275,1.06083,-1.80615e-08,3.75363e-25,0.00226861
0.377475,1.0608,-1.80818e-08,3.78211e-25,0.00226939
0.377676,1.06077,-1.81021e-08,3.81058e-25,0.00227016
0.377876,1.06074,-1.81223e-08,3.83906e-25,0.00227094
0.378076,1.06071,-1.81426e-08,3.86753e-25,0.00227172
0.378276,1.06068,-1.81629e-08,3.896e-25,0.00227249
0.378476,1.06065,-1.81832e-08,3.92448e-25,0.00227327
0.378676,1.06062,-1.82035e-08,3.95295e-25,0.00227404
0.378876,1.06059,-1.82238e-08,3.98143e-25,0.00227482
0.379076,1.06056,-1.82441e-08,4.0099e-25,0.0022756
0.379276,1.06053,-1.82644e-08,4.03837e-25,0.00227637
0.379476,1.0605,-1.82846e-08,4.06685e-25,0.00227715
0.379676,1.06047,-1.83049e-08,4.09532e-25,0.00227792
0.379876,1.06044,-1.83252e-08,4.1238e-25,0.0022787
0.380076,1.06041,-1.83455e-08,4.15227e-25,0.00227947
0.380276,1.06038,-1.83658e-08,4.18074e-25,0.00228025
0.380476,1.06035,-1.83861e-08,4.20922e-25,0.00228103
0.380676,1.06032,-1.84064e-08,4.23769e-25,0.0022818
0.380876,1.06029,-1.84266e-08,4.26617e-25,0.00228258
0.381076,1.06026,-1.84469e-08,4.29464e-25,0.00228335
0.381276,1.06023,-1.84672e-08,4.32311e-25,0.00228413
0.381476,1.06019,-1.84875e-08,4.35159e-25,0.00228491
0.381676,1.06016,-1.85078e-08,4.38006e-25,0.00228568
0.381876,1.06013,-1.85281e-08,4.40854e-25,0.00228646
0.382076,1.0601,-1.85484e-08,4.43701e-25,0.00228723
0.382276,1.06007,-1.85687e-08,4.46548e-25,0.00228801
0.382476,1.06004,-1.85889e-08,4.49396e-25,0.00228878
0.382677,1.06001,-1.86092e-08,4.52243e-25,0.00228956
0.382877,1.05998,-1.86295e-08,4.55091e-25,0.00229034
0.383077,1.05995,-1.86498e-08,4.57938e-25,0.00229111
0.383277,1.05992,-1.86701e-08,4.60785e-25,0.00229189
0.383477,1.05989,-1.86904e-08,4.63633e-25,0.00229266
0.383677,1.05986,-1.87107e-08,4.6648e-25,0.00229344
0.383877,1.05983,-1.87309e-08,4.69328e-25,0.00229422
0.384077,1.0598,-1.87512e-08,4.72175e-25,0.00229499
0.384277,1.05977,-1.87715e-08,4.75022e-25,0.00229577
0.384477,1.05974,-1.87918e-08,4.7787e-25,0.00229654
0.384677,1.05971,-1.88121e-08,4.80717e-25,0.00229732
0.384877,1.05968,-1.88324e-08,4.83565e-25,0.0022981
0.385077,1.05965,-1.88527e-08,4.86412e-25,0.00229887
0.385277,1.05962,-1.8873e-08,4.89259e-25,0.00229965
0.385477,1.05959,-1.88932e-08,4.92107e-25,0.00230042
0.385677,1.05956,-1.89135e-08,4.94954e-25,0.0023012
0.385877,1.05952,-1.89338e-08,4.97802e-25,0.00230197
0.386077,1.05949,-1.89541e-08,5.00649e-25,0.00230275
0.386277,1.05946,-1.89744e-08,5.03496e-25,0.00230353
0.386477,1.05943,-1.89947e-08,5.06344e-25,0.0023043
0.386677,1.0594,-1.9015e-08,5.09191e-25,0.00230508
0.386877,1.05937,-1.90353e-08,5.12039e-25,0.00230585
0.387077,1.05934,-1.90555e-08,5.14886e-25,0.00230663
0.387277,1.05931,-1.90758e-08,5.17733e-25,0.00230741
0.387477,1.05928,-1.90961e-08,5.20581e-25,0.00230818
0.387678,1.05925,-1.91164e-08,5.23428e-25,0.00230896
0.387878,1.05922,-1.91367e-08,5.26276e-25,0.00230973
0.388078,1.05919,-1.9157e-08,5.29123e-25,0.00231051
0.388278,1.05916,-1.91773e-08,5.3197e-25,0.00231128
0.388478,1.05913,-1.91975e-08,5.34818e-25,0.00231206
0.388678,1.0591,-1.92178e-08,5.37665e-25,0.00231284
0.388878,1.05907,-1.92381e-08,5.40513e-25,0.00231361
0.389078,1.05904,-1.92584e-08,5.4336e-25,0.00231439
0.389278,1.05901,-1.92787e-08,5.46207e-25,0.00231516
0.389478,1.05898,-1.9299e-08,5.49055e-25,0.00231594
0.389678,1.05895,-1.93193e-08,5.51902e-25,0.00231672
0.389878,1.05892,-1.93396e-08,5.5475e-25,0.00231749
0.390078,1.05889,-1.93598e-08,5.57597e-25,0.00231827
0.390278,1.05885,-1.93801e-08,5.60444e-25,0.00231904
0.390478,1.05882,-1.94004e-08,5.63292e-25,0.00231982
0.390678,1.05879,-1.94138e-08,5.65299e-25,0.00232059
0.390878,1.05876,-1.94065e-08,5.648e-25,0.00232137
0.391078,1.05873,-1.93992e-08,5.64302e-25,0.00232215
0.391278,1.0587,-1.93919e-08,5.63803e-25,0.00232292
0.391478,1.05867,-1.93846e-08,5.63304e-25,0.0023237
0.391678,1.05863,-1.93773e-08,5.62805e-25,0.00232447
0.391878,1.0586,-1.937e-08,5.62306e-25,0.00232525
0.392078,1.05857,-1.93627e-08,5.61807e-25,0.00232602
0.392278,1.05854,-1.93554e-08,5.61308e-25,0.0023268
0.392478,1.05851,-1.93481e-08,5.60809e-25,0.00232758
0.392679,1.05848,-1.93408e-08,5.6031e-25,0.00232835
0.392879,1.05844,-1.93335e-08,5.59812e-25,0.00232913
0.393079,1.05841,-1.93262e-08,5.59313e-25,0.0023299
0.393279,1.05838,-1.93189e-08,5.58814e-25,0.00233068
0.393479,1.05835,-1.93116e-08,5.58315e-25,0.00233145
0.393679,1.05832,-1.93043e-08,5.57816e-25,0.00233223
0.393879,1.05828,-1.9297e-08,5.57317e-25,0.002333
0.394079,1.05825,-1.92897e-08,5.56818e-25,0.00233378
0.394279,1.05822,-1.92824e-08,5.56319e-25,0.00233456
0.394479,1.05819,-1.92751e-08,5.55821e-25,0.00233533
0.394679,1.05816,-1.92678e-08,5.55322e-25,0.00233611
0.394879,1.05813,-1.92605e-08,5.54823e-25,0.00233688
0.395079,1.05809,-1.92532e-08,5.54324e-25,0.00233766
0.395279,1.05806,-1.92459e-08,5.53825e-25,0.00233843
0.395479,1.05803,-1.92386e-08,5.53326e-25,0.00233921
0.395679,1.058,-1.92313e-08,5.52827e-25,0.00233999
0.395879,1.05797,-1.9224e-08,5.52328e-25,0.00234076
0.396079,1.05793,-1.92167e-08,5.51829e-25,0.00234154
0.396279,1.0579,-1.92094e-08,5.51331e-25,0.00234231
0.396479,1.05787,-1.92021e-08,5.50832e-25,0.00234309
0.396679,1.05784,-1.91948e-08,5.50333e-25,0.00234386
0.396879,1.05781,-1.91875e-08,5.49834e-25,0.00234464
0.397079,1.05778,-1.91802e-08,5.49335e-25,0.00234541
0.397279,1.05774,-1.91729e-08,5.48836e-25,0.00234619
0.397479,1.05771,-1.91656e-08,5.48337e-25,0.00234697
0.39768,1.05768,-1.91583e-08,5.47838e-25,0.00234774
0.39788,1.05765,-1.9151e-08,5.47339e-25,0.00234852
0.39808,1.05762,-1.91437e-08,5.46841e-25,0.00234929
0.39828,1.05759,-1.91364e-08,5.46342e-25,0.00235007
0.39848,1.05755,-1.91291e-08,5.45843e-25,0.00235084
0.39868,1.05752,-1.91218e-08,5.45344e-25,0.00235162
0.39888,1.05749,-1.91145e-08,5.44845e-25,0.0023524
0.39908,1.05746,-1.91073e-08,5.44346e-25,0.00235317
0.39928,1.05743,-1.91e-08,5.43847e-25,0.00235395
0.39948,1.05739,-1.90927e-08,5.43348e-25,0.00235472
0.39968,1.05736,-1.90854e-08,5.4285e-25,0.0023555
0.39988,1.05733,-1.90781e-08,5.42351e-25,0.00235627
0.40008,1.0573,-1.90708e-08,5.41852e-25,0.00235705
0.40028,1.05727,-1.90635e-08,5.41353e-25,0.00235783
0.40048,1.05724,-1.90562e-08,5.40854e-25,0.0023586
0.40068,1.0572,-1.90489e-08,5.40355e-25,0.00235938
0.40088,1.05717,-1.90416e-08,5.39856e-25,0.00236015
0.40108,1.05714,-1.90343e-08,5.39357e-25,0.00236093
0.40128,1.05711,-1.9027e-08,5.38858e-25,0.0023617
0.40148,1.05708,-1.90197e-08,5.3836e-25,0.00236248
0.40168,1.05704,-1.90124e-08,5.37861e-25,0.00236325
0.40188,1.05701,-1.90051e-08,5.37362e-25,0.00236403
0.40208,1.05698,-1.89978e-08,5.36863e-25,0.00236481
0.40228,1.05695,-1.89905e-08,5.36364e-25,0.00236558
0.40248,1.05692,-1.89832e-08,5.35865e-25,0.00236636
0.402681,1.05689,-1.89759e-08,5.35366e-25,0.00236713
0.402881,1.05685,-1.89686e-08,5.34867e-25,0.00236791
0.403081,1.05682,-1.89613e-08,5.34368e-25,0.00236868
0.403281,1.05679,-1.8954e-08,5.3387e-25,0.00236946
0.403481,1.05676,-1.89467e-08,5.33371e-25,0.00237024
0.403681,1.05673,-1.89394e-08,5.32872e-25,0.00237101
0.403881,1.05669,-1.89321e-08,5.32373e-25,0.00237179
0.404081,1.05666,-1.89248e-08,5.31874e-25,0.00237256
0.404281,1.05663,-1.89175e-08,5.31375e-25,0.00237334
0.404481,1.0566,-1.89102e-08,5.30876e-25,0.00237411
0.404681,1.05657,-1.89029e-08,5.30377e-25,0.00237489
0.404881,1.05654,-1.88956e-08,5.29879e-25,0.00237566
0.405081,1.0565,-1.88883e-08,5.2938e-25,0.00237644
0.405281,1.05647,-1.8881e-08,5.28881e-25,0.00237722
0.405481,1.05644,-1.88737e-08,5.28382e-25,0.00237799
0.405681,1.05641,-1.88664e-08,5.27883e-25,0.00237877
0.405881,1.05638,-1.88591e-08,5.27384e-25,0.00237954
0.406081,1.05635,-1.88518e-08,5.26885e-25,0.00238032
0.406281,1.05631,-1.88445e-08,5.26386e-25,0.00238109
0.406481,1.05628,-1.88372e-08,5.25887e-25,0.00238187
0.406681,1.05625,-1.88299e-08,5.25389e-25,0.00238265
0.406881,1.05622,-1.88226e-08,5.2489e-25,0.00238342
0.407081,1.05618,-1.88149e-08,5.24364e-25,0.00238424
0.407281,1.05615,-1.88069e-08,5.23812e-25,0.0023851
0.407481,1.05611,-1.87988e-08,5.23259e-25,0.00238596
0.407682,1.05608,-1.87907e-08,5.22707e-25,0.00238681
0.407882,1.05604,-1.87826e-08,5.22155e-25,0.00238767
0.408082,1.05601,-1.87745e-08,5.21602e-25,0.00238853
0.408282,1.05597,-1.87664e-08,5.2105e-25,0.00238939
0.408482,1.05594,-1.87584e-08,5.20497e-25,0.00239025
0.408682,1.0559,-1.87503e-08,5.19945e-25,0.00239111
0.408882,1.05587,-1.87422e-08,5.19393e-25,0.00239197
0.409082,1.05583,-1.87341e-08,5.1884e-25,0.00239283
0.409282,1.0558,-1.8726e-08,5.18288e-25,0.00239369
0.409482,1.05576,-1.8718e-08,5.17735e-25,0.00239454
0.409682,1.05573,-1.87099e-08,5.17183e-25,0.0023954
0.409882,1.05569,-1.87018e-08,5.1663e-25,0.00239626
0.410082,1.05566,-1.86937e-08,5.16078e-25,0.00239712
0.410282,1.05562,-1.86856e-08,5.15526e-25,0.00239798
0.410482,1.05559,-1.86776e-08,5.14973e-25,0.00239884
0.410682,1.05555,-1.86695e-08,5.14421e-25,0.0023997
0.410882,1.05552,-1.86614e-08,5.13868e-25,0.00240056
0.411082,1.05548,-1.86533e-08,5.13316e-25,0.00240142
0.411282,1.05545,-1.86452e-08,5.12764e-25,0.00240227
0.411482,1.05541,-1.86371e-08,5.12211e-25,0.00240313
0.411682,1.05537,-1.86291e-08,5.11659e-25,0.00240399
0.411882,1.05534,-1.8621e-08,5.11106e-25,0.00240485
0.412082,1.0553,-1.86129e-08,5.10554e-25,0.00240571
0.412282,1.05527,-1.86048e-08,5.10002e-25,0.00240657
0.412482,1.05523,-1.85967e-08,5.09449e-25,0.00240743
0.412683,1.0552,-1.85887e-08,5.08897e-25,0.00240829
0.412883,1.05516,-1.85806e-08,5.08344e-25,0.00240914
0.413083,1.05513,-1.85725e-08,5.07792e-25,0.00241
0.413283,1.05509,-1.85644e-08,5.07239e-25,0.00241086
0.413483,1.05506,-1.85563e-08,5.06687e-25,0.00241172
0.413683,1.05502,-1.85483e-08,5.06135e-25,0.00241258
0.413883,1.05499,-1.85402e-08,5.05582e-25,0.00241344
0.414083,1.05495,-1.85321e-08,5.0503e-25,0.0024143
0.414283,1.05492,-1.8524e-08,5.04477e-25,0.00241516
0.414483,1.05488,-1.85159e-08,5.03925e-25,0.00241602
0.414683,1.05485,-1.85078e-08,5.03373e-25,0.00241687
0.414883,1.05481,-1.84998e-08,5.0282e-25,0.00241773
0.415083,1.05478,-1.84917e-08,5.02268e-25,0.00241859
0.415283,1.05474,-1.84836e-08,5.01715e-25,0.00241945
0.415483,1.05471,-1.84755e-08,5.01163e-25,0.00242031
0.415683,1.05467,-1.84674e-08,5.00611e-25,0.00242117
0.415883,1.05464,-1.84594e-08,5.00058e-25,0.00242203
0.416083,1.0546,-1.84513e-08,4.99506e-25,0.00242289
0.416283,1.05456,-1.84432e-08,4.98953e-25,0.00242375
0.416483,1.05453,-1.84351e-08,4.98401e-25,0.0024246
0.416683,1.05449,-1.8427e-08,4.97848e-25,0.00242546
0.416883,1.05446,-1.8419e-08,4.97296e-25,0.00242632
0.417083,1.05442,-1.84109e-08,4.96744e-25,0.00242718
0.417283,1.05439,-1.84028e-08,4.96191e-25,0.00242804
0.417483,1.05435,-1.83947e-08,4.95639e-25,0.0024289
0.417684,1.05432,-1.83866e-08,4.95086e-25,0.00242976
0.417884,1.05428,-1.83785e-08,4.94534e-25,0.00243062
0.418084,1.05425,-1.83705e-08,4.93982e-25,0.00243148
0.418284,1.05421,-1.83624e-08,4.93429e-25,0.00243233
0.418484,1.05418,-1.83543e-08,4.92877e-25,0.00243319
0.418684,1.05414,-1.83462e-08,4.92324e-25,0.00243405
0.418884,1.05411,-1.83381e-08,4.91772e-25,0.00243491
0.419084,1.05407,-1.83301e-08,4.9122e-25,0.00243577
0.419284,1.05404,-1.8322e-08,4.90667e-25,0.00243663
0.419484,1.054,-1.83139e-08,4.90115e-25,0.00243749
0.419684,1.05397,-1.83058e-08,4.89562e-25,0.00243835
0.419884,1.05393,-1.82977e-08,4.8901e-25,0.0024392
0.420084,1.0539,-1.82897e-08,4.88457e-25,0.00244006
0.420284,1.05386,-1.82816e-08,4.87905e-25,0.00244092
0.420484,1.05383,-1.82735e-08,4.87353e-25,0.00244178
0.420684,1.05379,-1.82654e-08,4.868e-25,0.00244264
0.420884,1.05376,-1.82573e-08,4.86248e-25,0.0024435
0.421084,1.05372,-1.82492e-08,4.85695e-25,0.00244436
0.421284,1.05368,-1.82412e-08,4.85143e-25,0.00244522
0.421484,1.05365,-1.82331e-08,4.84591e-25,0.00244608
0.421684,1.05361,-1.8225e-08,4.84038e-25,0.00244693
0.421884,1.05358,-1.82387e-08,4.82352e-25,0.00244778
0.422084,1.05354,-1.82576e-08,4.80397e-25,0.00244863
0.422284,1.05351,-1.82765e-08,4.78441e-25,0.00244948
0.422484,1.05347,-1.82954e-08,4.76485e-25,0.00245033
0.422685,1.05343,-1.83143e-08,4.74529e-25,0.00245117
0.422885,1.0534,-1.83332e-08,4.72573e-25,0.00245202
0.423085,1.05336,-1.83521e-08,4.70617e-25,0.00245287
0.423285,1.05332,-1.8371e-08,4.68661e-25,0.00245371
0.423485,1.05329,-1.83899e-08,4.66705e-25,0.00245456
0.423685,1.05325,-1.84088e-08,4.64749e-25,0.00245541
0.423885,1.05322,-1.84277e-08,4.62794e-25,0.00245626
0.424085,1.05318,-1.84466e-08,4.60838e-25,0.0024571
0.424285,1.05314,-1.84655e-08,4.58882e-25,0.00245795
0.424485,1.05311,-1.84844e-08,4.56926e-25,0.0024588
0.424685,1.05307,-1.85033e-08,4.5497e-25,0.00245964
0.424885,1.05304,-1.85222e-08,4.53014e-25,0.00246049
0.425085,1.053,-1.85412e-08,4.51058e-25,0.00246134
0.425285,1.05296,-1.85601e-08,4.49102e-25,0.00246219
0.425485,1.05293,-1.8579e-08,4.47147e-25,0.00246303
0.425685,1.05289,-1.85979e-08,4.45191e-25,0.00246388
0.425885,1.05285,-1.86168e-08,4.43235e-25,0.00246473
0.426085,1.05282,-1.86357e-08,4.41279e-25,0.00246557
0.426285,1.05278,-1.86546e-08,4.39323e-25,0.00246642
0.426485,1.05275,-1.86735e-08,4.37367e-25,0.00246727
0.426685,1.05271,-1.86924e-08,4.35411e-25,0.00246812
0.426885,1.05267,-1.87113e-08,4.33455e-25,0.00246896
0.427085,1.05264,-1.87302e-08,4.31499e-25,0.00246981
0.427285,1.0526,-1.87491e-08,4.29544e-25,0.00247066
0.427485,1.05256,-1.8768e-08,4.27588e-25,0.0024715
0.427686,1.05253,-1.87869e-08,4.25632e-25,0.00247235
0.427886,1.05249,-1.88058e-08,4.23676e-25,0.0024732
0.428086,1.05246,-1.88247e-08,4.2172e-25,0.00247404
0.428286,1.05242,-1.88436e-08,4.19764e-25,0.00247489
0.428486,1.05238,-1.88625e-08,4.17808e-25,0.00247574
0.428686,1.05235,-1.88814e-08,4.15852e-25,0.00247659
0.428886,1.05231,-1.89003e-08,4.13897e-25,0.00247743
0.429086,1.05227,-1.89192e-08,4.11941e-25,0.00247828
0.429286,1.05224,-1.89381e-08,4.09985e-25,0.00247913
0.429486,1.0522,-1.8957e-08,4.08029e-25,0.00247997
0.429686,1.05217,-1.89759e-08,4.06073e-25,0.00248082
0.429886,1.05213,-1.89948e-08,4.04117e-25,0.00248167
0.430086,1.05209,-1.90137e-08,4.02161e-25,0.00248252
0.430286,1.05206,-1.90326e-08,4.00205e-25,0.00248336
0.430486,1.05202,-1.90515e-08,3.98249e-25,0.00248421
0.430686,1.05199,-1.90704e-08,3.96294e-25,0.00248506
0.430886,1.05195,-1.90893e-08,3.94338e-25,0.0024859
0.431086,1.05191,-1.91082e-08,3.92382e-25,0.00248675
0.431286,1.05188,-1.91271e-08,3.90426e-25,0.0024876
0.431486,1.05184,-1.9146e-08,3.8847e-25,0.00248845
0.431686,1.0518,-1.91649e-08,3.86514e-25,0.00248929
0.431886,1.05177,-1.91838e-08,3.84558e-25,0.00249014
0.432086,1.05173,-1.92027e-08,3.82602e-25,0.00249099
0.432286,1.0517,-1.92216e-08,3.80647e-25,0.00249183
0.432486,1.05166,-1.92405e-08,3.78691e-25,0.00249268
0.432687,1.05162,-1.92594e-08,3.76735e-25,0.00249353
0.432887,1.05159,-1.92783e-08,3.74779e-25,0.00249438
0.433087,1.05155,-1.92973e-08,3.72823e-25,0.00249522
0.433287,1.05151,-1.93162e-08,3.70867e-25,0.00249607
0.433487,1.05148,-1.93351e-08,3.68911e-25,0.00249692
0.433687,1.05144,-1.9354e-08,3.66955e-25,0.00249776
0.433887,1.05141,-1.93729e-08,3.64999e-25,0.00249861
0.434087,1.05137,-1.93918e-08,3.63044e-25,0.00249946
0.434287,1.05133,-1.94107e-08,3.61088e-25,0.00250031
0.434487,1.0513,-1.94296e-08,3.59132e-25,0.00250115
0.434687,1.05126,-1.94485e-08,3.57176e-25,0.002502
0.434887,1.05122,-1.94674e-08,3.5522e-25,0.00250285
0.435087,1.05119,-1.94863e-08,3.53264e-25,0.00250369
0.435287,1.05115,-1.95052e-08,3.51308e-25,0.00250454
0.435487,1.05112,-1.95241e-08,3.49352e-25,0.00250539
0.435687,1.05108,-1.9543e-08,3.47397e-25,0.00250624
0.435887,1.05104,-1.95619e-08,3.45441e-25,0.00250708
0.436087,1.05101,-1.95808e-08,3.43485e-25,0.00250793
0.436287,1.05097,-1.95997e-08,3.41529e-25,0.00250878
0.436487,1.05094,-1.96186e-08,3.39573e-25,0.00250962
0.436687,1.0509,-1.96375e-08,3.37617e-25,0.00251047
0.436887,1.05086,-1.96564e-08,3.35661e-25,0.00251132
0.437087,1.05083,-1.96753e-08,3.33705e-25,0.00251217
0.437287,1.05079,-1.96942e-08,3.31749e-25,0.00251301
0.437487,1.05075,-1.97131e-08,3.29794e-25,0.00251386
0.437688,1.05072,-1.9732e-08,3.27838e-25,0.00251471
0.437888,1.05068,-1.97509e-08,3.25882e-25,0.00251555
0.438088,1.05065,-1.97698e-08,3.23926e-25,0.0025164
0.438288,1.05061,-1.97887e-08,3.2197e-25,0.00251725
0.438488,1.05057,-1.98076e-08,3.20014e-25,0.0025181
0.438688,1.05054,-1.98265e-08,3.18058e-25,0.00251894
0.438888,1.0505,-1.98454e-08,3.16102e-25,0.00251979
0.439088,1.05046,-1.98643e-08,3.14147e-25,0.00252064
0.439288,1.05043,-1.98832e-08,3.12191e-25,0.00252148
0.439488,1.05039,-1.99021e-08,3.10235e-25,0.00252233
0.439688,1.05036,-1.9921e-08,3.08279e-25,0.00252318
0.439888,1.05032,-1.99399e-08,3.06323e-25,0.00252403
0.440088,1.05028,-1.99588e-08,3.04367e-25,0.00252487
0.440288,1.05025,-1.99777e-08,3.02411e-25,0.00252572
0.440488,1.05021,-1.99966e-08,3.00455e-25,0.00252657
0.440688,1.05017,-2.00155e-08,2.98499e-25,0.00252741
0.440888,1.05014,-2.00344e-08,2.96544e-25,0.00252826
0.441088,1.0501,-2.00534e-08,2.94588e-25,0.00252911
0.441288,1.05007,-2.00723e-08,2.92632e-25,0.00252996
0.441488,1.05003,-2.00912e-08,2.90676e-25,0.0025308
0.441688,1.04999,-2.01101e-08,2.8872e-25,0.00253165
0.441888,1.04996,-2.0129e-08,2.86764e-25,0.0025325
0.442088,1.04992,-2.01479e-08,2.84808e-25,0.00253334
0.442288,1.04989,-2.01668e-08,2.82852e-25,0.00253419
0.442488,1.04985,-2.01857e-08,2.80897e-25,0.00253504
0.442689,1.04981,-2.02046e-08,2.78941e-25,0.00253589
0.442889,1.04978,-2.02235e-08,2.76985e-25,0.00253673
0.443089,1.04974,-2.02424e-08,2.75029e-25,0.00253758
0.443289,1.0497,-2.02613e-08,2.73073e-25,0.00253843
0.443489,1.04967,-2.02802e-08,2.71117e-25,0.00253927
0.443689,1.04963,-2.02991e-08,2.69161e-25,0.00254012
0.443889,1.0496,-2.0318e-08,2.67205e-25,0.00254097
0.444089,1.04956,-2.03369e-08,2.65249e-25,0.00254182
0.444289,1.04952,-2.03558e-08,2.63294e-25,0.00254266
0.444489,1.04949,-2.03747e-08,2.61338e-25,0.00254351
0.444689,1.04945,-2.03936e-08,2.59382e-25,0.00254436
0.444889,1.04941,-2.04125e-08,2.57426e-25,0.0025452
0.445089,1.04938,-2.04314e-08,2.5547e-25,0.00254605
0.445289,1.04934,-2.04503e-08,2.53514e-25,0.0025469
0.445489,1.04931,-2.04692e-08,2.51558e-25,0.00254775
0.445689,1.04927,-2.04881e-08,2.49602e-25,0.00254859
0.445889,1.04923,-2.0507e-08,2.47647e-25,0.00254944
0.446089,1.0492,-2.05259e-08,2.45691e-25,0.00255029
0.446289,1.04916,-2.05448e-08,2.43735e-25,0.00255113
0.446489,1.04912,-2.05637e-08,2.41779e-25,0.00255198
0.446689,1.04909,-2.05826e-08,2.39823e-25,0.00255283
0.446889,1.04905,-2.06015e-08,2.37867e-25,0.00255368
0.447089,1.04902,-2.06204e-08,2.35911e-25,0.00255452
0.447289,1.04898,-2.06393e-08,2.33955e-25,0.00255537
0.447489,1.04894,-2.06582e-08,2.31999e-25,0.00255622
0.44769,1.04891,-2.06771e-08,2.30044e-25,0.00255706
0.44789,1.04887,-2.0696e-08,2.28088e-25,0.00255791
0.44809,1.04884,-2.07149e-08,2.26132e-25,0.00255876
0.44829,1.0488,-2.07338e-08,2.24176e-25,0.00255961
0.44849,1.04876,-2.07527e-08,2.2222e-25,0.00256045
0.44869,1.04873,-2.07716e-08,2.20264e-25,0.0025613
0.44889,1.04869,-2.07905e-08,2.18308e-25,0.00256215
0.44909,1.04865,-2.08094e-08,2.16352e-25,0.00256299
0.44929,1.04862,-2.08284e-08,2.14397e-25,0.00256384
0.44949,1.04858,-2.08473e-08,2.12441e-25,0.00256469
0.44969,1.04855,-2.08662e-08,2.10485e-25,0.00256554
0.44989,1.04851,-2.08851e-08,2.08529e-25,0.00256638
0.45009,1.04847,-2.0904e-08,2.06573e-25,0.00256723
0.45029,1.04844,-2.09229e-08,2.04617e-25,0.00256808
0.45049,1.0484,-2.09418e-08,2.02661e-25,0.00256892
0.45069,1.04836,-2.09607e-08,2.00705e-25,0.00256977
0.45089,1.04833,-2.09796e-08,1.98749e-25,0.00257062
0.45109,1.04829,-2.09985e-08,1.96794e-25,0.00257147
0.45129,1.04826,-2.10034e-08,1.95173e-25,0.00257231
0.45149,1.04822,-2.09898e-08,1.93994e-25,0.00257314
0.45169,1.04818,-2.09762e-08,1.92815e-25,0.00257397
0.45189,1.04814,-2.09626e-08,1.91636e-25,0.00257481
0.45209,1.04811,-2.09491e-08,1.90457e-25,0.00257564
0.45229,1.04807,-2.09355e-08,1.89278e-25,0.00257647
0.45249,1.04803,-2.09219e-08,1.88099e-25,0.00257731
0.452691,1.04799,-2.09084e-08,1.8692e-25,0.00257814
0.452891,1.04796,-2.08948e-08,1.85741e-25,0.00257898
0.453091,1.04792,-2.08812e-08,1.84562e-25,0.00257981
0.453291,1.04788,-2.08676e-08,1.83383e-25,0.00258064
0.453491,1.04785,-2.08541e-08,1.82204e-25,0.00258148
0.453691,1.04781,-2.08405e-08,1.81025e-25,0.00258231
0.453891,1.04777,-2.08269e-08,1.79846e-25,0.00258314
0.454091,1.04773,-2.08133e-08,1.78667e-25,0.00258398
0.454291,1.0477,-2.07998e-08,1.77488e-25,0.00258481
0.454491,1.04766,-2.07862e-08,1.76309e-25,0.00258564
0.454691,1.04762,-2.07726e-08,1.7513e-25,0.00258648
0.454891,1.04758,-2.0759e-08,1.73951e-25,0.00258731
0.455091,1.04755,-2.07455e-08,1.72772e-25,0.00258815
0.455291,1.04751,-2.07319e-08,1.71594e-25,0.00258898
0.455491,1.04747,-2.07183e-08,1.70415e-25,0.00258981
0.455691,1.04744,-2.07048e-08,1.69236e-25,0.00259065
0.455891,1.0474,-2.06912e-08,1.68057e-25,0.00259148
0.456091,1.04736,-2.06776e-08,1.66878e-25,0.00259231
0.456291,1.04732,-2.0664e-08,1.65699e-25,0.00259315
0.456491,1.04729,-2.06505e-08,1.6452e-25,0.00259398
0.456691,1.04725,-2.06369e-08,1.63341e-25,0.00259481
0.456891,1.04721,-2.06233e-08,1.62162e-25,0.00259565
0.457091,1.04717,-2.06097e-08,1.60983e-25,0.00259648
0.457291,1.04714,-2.05962e-08,1.59804e-25,0.00259732
0.457491,1.0471,-2.05826e-08,1.58625e-25,0.00259815
0.457692,1.04706,-2.0569e-08,1.57446e-25,0.00259898
0.457892,1.04703,-2.05554e-08,1.56267e-25,0.00259982
0.458092,1.04699,-2.05419e-08,1.55088e-25,0.00260065
0.458292,1.04695,-2.05283e-08,1.53909e-25,0.00260148
0.458492,1.04691,-2.05147e-08,1.5273e-25,0.00260232
0.458692,1.04688,-2.05012e-08,1.51551e-25,0.00260315
0.458892,1.04684,-2.04876e-08,1.50372e-25,0.00260398
0.459092,1.0468,-2.0474e-08,1.49193e-25,0.00260482
0.459292,1.04677,-2.04604e-08,1.48014e-25,0.00260565
0.459492,1.04673,-2.04469e-08,1.46835e-25,0.00260648
0.459692,1.04669,-2.04333e-08,1.45656e-25,0.00260732
0.459892,1.04665,-2.04197e-08,1.44477e-25,0.00260815
0.460092,1.04662,-2.04061e-08,1.43298e-25,0.00260899
0.460292,1.04658,-2.03926e-08,1.42119e-25,0.00260982
0.460492,1.04654,-2.0379e-08,1.4094e-25,0.00261065
0.460692,1.0465,-2.03654e-08,1.39762e-25,0.00261149
0.460892,1.04647,-2.03518e-08,1.38583e-25,0.00261232
0.461092,1.04643,-2.03383e-08,1.37404e-25,0.00261315
0.461292,1.04639,-2.03247e-08,1.36225e-25,0.00261399
0.461492,1.04636,-2.03111e-08,1.35046e-25,0.00261482
0.461692,1.04632,-2.02975e-08,1.33867e-25,0.00261565
0.461892,1.04628,-2.0284e-08,1.32688e-25,0.00261649
0.462092,1.04624,-2.02704e-08,1.31509e-25,0.00261732
0.462292,1.04621,-2.02568e-08,1.3033e-25,0.00261816
0.462492,1.04617,-2.02433e-08,1.29151e-25,0.00261899
0.462693,1.04613,-2.02297e-08,1.27972e-25,0.00261982
0.462893,1.04609,-2.02161e-08,1.26793e-25,0.00262066
0.463093,1.04606,-2.02025e-08,1.25614e-25,0.00262149
0.463293,1.04602,-2.0189e-08,1.24435e-25,0.00262232
0.463493,1.04598,-2.01754e-08,1.23256e-25,0.00262316
0.463693,1.04595,-2.01618e-08,1.22077e-25,0.00262399
0.463893,1.04591,-2.01482e-08,1.20898e-25,0.00262482
0.464093,1.04587,-2.01347e-08,1.19719e-25,0.00262566
0.464293,1.04583,-2.01211e-08,1.1854e-25,0.00262649
0.464493,1.0458,-2.01075e-08,1.17361e-25,0.00262733
0.464693,1.04576,-2.00939e-08,1.16182e-25,0.00262816
0.464893,1.04572,-2.00804e-08,1.15003e-25,0.00262899
0.465093,1.04568,-2.00668e-08,1.13824e-25,0.00262983
0.465293,1.04565,-2.00532e-08,1.12645e-25,0.00263066
0.465493,1.04561,-2.00397e-08,1.11466e-25,0.00263149
0.465693,1.04557,-2.00261e-08,1.10287e-25,0.00263233
0.465893,1.04554,-2.00125e-08,1.09109e-25,0.00263316
0.466093,1.0455,-1.99978e-08,1.07835e-25,0.00263406
0.466293,1.04545,-1.99828e-08,1.06529e-25,0.00263498
0.466493,1.04541,-1.99678e-08,1.05223e-25,0.00263591
0.466693,1.04537,-1.99527e-08,1.03917e-25,0.00263683
0.466893,1.04533,-1.99377e-08,1.02611e-25,0.00263775
0.467093,1.04529,-1.99227e-08,1.01306e-25,0.00263868
0.467293,1.04525,-1.99076e-08,9.99996e-26,0.0026396
0.467493,1.04521,-1.98926e-08,9.86937e-26,0.00264053
0.467694,1.04517,-1.98776e-08,9.73877e-26,0.00264145
0.467894,1.04512,-1.98625e-08,9.60818e-26,0.00264237
0.468094,1.04508,-1.98475e-08,9.47758e-26,0.0026433
0.468294,1.04504,-1.98325e-08,9.34699e-26,0.00264422
0.468494,1.045,-1.98174e-08,9.2164e-26,0.00264514
0.468694,1.04496,-1.98024e-08,9.0858e-26,0.00264607
0.468894,1.04492,-1.97874e-08,8.95521e-26,0.00264699
0.469094,1.04488,-1.97723e-08,8.82462e-26,0.00264791
0.469294,1.04484,-1.97573e-08,8.69402e-26,0.00264884
0.469494,1.04479,-1.97422e-08,8.56343e-26,0.00264976
0.469694,1.04475,-1.97272e-08,8.43284e-26,0.00265068
0.469894,1.04471,-1.97122e-08,8.30224e-26,0.00265161
0.470094,1.04467,-1.96971e-08,8.17165e-26,0.00265253
0.470294,1.04463,-1.96821e-08,8.04106e-26,0.00265345
0.470494,1.04459,-1.96671e-08,7.91046e-26,0.00265438
0.470694,1.04455,-1.9652e-08,7.77987e-26,0.0026553
0.470894,1.0445,-1.9637e-08,7.64928e-26,0.00265622
0.471094,1.04446,-1.9622e-08,7.51868e-26,0.00265715
0.471294,1.04442,-1.96069e-08,7.38809e-26,0.00265807
0.471494,1.04438,-1.95919e-08,7.2575e-26,0.00265899
0.471694,1.04434,-1.95769e-08,7.1269e-26,0.00265992
0.471894,1.0443,-1.95618e-08,6.99631e-26,0.00266084
0.472094,1.04426,-1.95468e-08,6.86572e-26,0.00266176
0.472294,1.04422,-1.95318e-08,6.73512e-26,0.00266269
0.472494,1.04417,-1.95167e-08,6.60453e-26,0.00266361
0.472695,1.04413,-1.95017e-08,6.47394e-26,0.00266453
0.472895,1.04409,-1.94866e-08,6.34334e-26,0.00266546
0.473095,1.04405,-1.94716e-08,6.21275e-26,0.00266638
0.473295,1.04401,-1.94566e-08,6.08216e-26,0.0026673
0.473495,1.04397,-1.94415e-08,5.95156e-26,0.00266823
0.473695,1.04393,-1.94265e-08,5.82097e-26,0.00266915
0.473895,1.04389,-1.94115e-08,5.69038e-26,0.00267007
0.474095,1.04384,-1.93964e-08,5.55978e-26,0.002671
0.474295,1.0438,-1.93814e-08,5.42919e-26,0.00267192
0.474495,1.04376,-1.93664e-08,5.2986e-26,0.00267284
0.474695,1.04372,-1.93513e-08,5.168e-26,0.00267377
0.474895,1.04368,-1.93363e-08,5.03741e-26,0.00267469
0.475095,1.04364,-1.93213e-08,4.90682e-26,0.00267561
0.475295,1.0436,-1.93062e-08,4.77622e-26,0.00267654
0.475495,1.04356,-1.92912e-08,4.64563e-26,0.00267746
0.475695,1.04351,-1.92761e-08,4.51504e-26,0.00267838
0.475895,1.04347,-1.92611e-08,4.38444e-26,0.00267931
0.476095,1.04343,-1.92461e-08,4.25385e-26,0.00268023
0.476295,1.04339,-1.9231e-08,4.12326e-26,0.00268115
0.476495,1.04335,-1.9216e-08,3.99266e-26,0.00268208
0.476695,1.04331,-1.9201e-08,3.86207e-26,0.002683
0.476895,1.04327,-1.91859e-08,3.73148e-26,0.00268393
0.477095,1.04323,-1.91709e-08,3.60088e-26,0.00268485
0.477295,1.04318,-1.91559e-08,3.47029e-26,0.00268577
0.477495,1.04314,-1.91408e-08,3.3397e-26,0.0026867
0.477696,1.0431,-1.91258e-08,3.2091e-26,0.00268762
0.477896,1.04306,-1.91108e-08,3.07851e-26,0.00268854
0.478096,1.04302,-1.90957e-08,2.94792e-26,0.00268947
0.478296,1.04298,-1.90807e-08,2.81732e-26,0.00269039
0.478496,1.04294,-1.90657e-08,2.68673e-26,0.00269131
0.478696,1.0429,-1.90506e-08,2.55614e-26,0.00269224
0.478896,1.04285,-1.90356e-08,2.42554e-26,0.00269316
0.479096,1.04281,-1.90205e-08,2.29495e-26,0.00269408
0.479296,1.04277,-1.90163e-08,2.1546e-26,0.002695
0.479496,1.04273,-1.90342e-08,1.99407e-26,0.0026959
0.479696,1.04269,-1.90521e-08,1.83354e-26,0.0026968
0.479896,1.04265,-1.907e-08,1.67302e-26,0.0026977
0.480096,1.0426,-1.9088e-08,1.51249e-26,0.0026986
0.480296,1.04256,-1.91059e-08,1.35197e-26,0.0026995
0.480496,1.04252,-1.91238e-08,1.19144e-26,0.0027004
0.480696,1.04248,-1.91417e-08,1.03092e-26,0.0027013
0.480896,1.04244,-1.91596e-08,8.70392e-27,0.0027022
0.481096,1.04239,-1.91776e-08,7.09867e-27,0.0027031
0.481296,1.04235,-1.91955e-08,5.49341e-27,0.002704
0.481496,1.04231,-1.92134e-08,3.88816e-27,0.0027049
0.481696,1.04227,-1.92313e-08,2.28291e-27,0.0027058
0.481896,1.04223,-1.92493e-08,6.77651e-28,0.0027067
0.482096,1.04218,-1.92672e-08,-9.27603e-28,0.0027076
0.482296,1.04214,-1.92851e-08,-2.53286e-27,0.0027085
0.482496,1.0421,-1.9303e-08,-4.13811e-27,0.0027094
0.482697,1.04206,-1.9321e-08,-5.74337e-27,0.0027103
0.482897,1.04202,-1.93389e-08,-7.34862e-27,0.0027112
0.483097,1.04197,-1.93568e-08,-8.95387e-27,0.0027121
0.483297,1.04193,-1.93747e-08,-1.05591e-26,0.002713
0.483497,1.04189,-1.93926e-08,-1.21644e-26,0.0027139
0.483697,1.04185,-1.94106e-08,-1.37696e-26,0.0027148
0.483897,1.04181,-1.94285e-08,-1.53749e-26,0.0027157
0.484097,1.04176,-1.94464e-08,-1.69801e-26,0.0027166
0.484297,1.04172,-1.94643e-08,-1.85854e-26,0.0027175
0.484497,1.04168,-1.94823e-08,-2.01907e-26,0.0027184
0.484697,1.04164,-1.95002e-08,-2.17959e-26,0.0027193
0.484897,1.0416,-1.95181e-08,-2.34012e-26,0.0027202
0.485097,1.04155,-1.9536e-08,-2.50064e-26,0.0027211
0.485297,1.04151,-1.95539e-08,-2.66117e-26,0.002722
0.485497,1.04147,-1.95719e-08,-2.82169e-26,0.0027229
0.485697,1.04143,-1.95898e-08,-2.98222e-26,0.0027238
0.485897,1.04139,-1.96077e-08,-3.14274e-26,0.0027247
0.486097,1.04134,-1.96256e-08,-3.30327e-26,0.0027256
0.486297,1.0413,-1.96436e-08,-3.46379e-26,0.0027265
0.486497,1.04126,-1.96615e-08,-3.62432e-26,0.0027274
0.486697,1.04122,-1.96794e-08,-3.78484e-26,0.0027283
0.486897,1.04118,-1.96973e-08,-3.94537e-26,0.00272921
0.487097,1.04113,-1.97153e-08,-4.1059e-26,0.00273011
0.487297,1.04109,-1.97332e-08,-4.26642e-26,0.00273101
0.487497,1.04105,-1.97511e-08,-4.42695e-26,0.00273191
0.487698,1.04101,-1.9769e-08,-4.58747e-26,0.00273281
0.487898,1.04097,-1.97869e-08,-4.748e-26,0.00273371
0.488098,1.04092,-1.98049e-08,-4.90852e-26,0.00273461
0.488298,1.04088,-1.98228e-08,-5.06905e-26,0.00273551
0.488498,1.04084,-1.98407e-08,-5.22957e-26,0.00273641
0.488698,1.0408,-1.98586e-08,-5.3901e-26,0.00273731
0.488898,1.04076,-1.98766e-08,-5.55062e-26,0.00273821
0.489098,1.04071,-1.98945e-08,-5.71115e-26,0.00273911
0.489298,1.04067,-1.99124e-08,-5.87168e-26,0.00274001
0.489498,1.04063,-1.99303e-08,-6.0322e-26,0.00274091
0.489698,1.04059,-1.99482e-08,-6.19273e-26,0.00274181
0.489898,1.04055,-1.99662e-08,-6.35325e-26,0.00274271
0.490098,1.0405,-1.99841e-08,-6.51378e-26,0.00274361
0.490298,1.04046,-2.0002e-08,-6.6743e-26,0.00274451
0.490498,1.04042,-2.00199e-08,-6.83483e-26,0.00274541
0.490698,1.04038,-2.00379e-08,-6.99535e-26,0.00274631
0.490898,1.04034,-2.00558e-08,-7.15588e-26,0.00274721
0.491098,1.04029,-2.00737e-08,-7.3164e-26,0.00274811
0.491298,1.04025,-2.00916e-08,-7.47693e-26,0.00274901
0.491498,1.04021,-2.01096e-08,-7.63745e-26,0.00274991
0.491698,1.04017,-2.01275e-08,-7.79798e-26,0.00275081
0.491898,1.04013,-2.01454e-08,-7.95851e-26,0.00275171
0.492098,1.04008,-2.01633e-08,-8.11903e-26,0.00275261
0.492298,1.04004,-2.01812e-08,-8.27956e-26,0.00275351
0.492498,1.04,-2.01992e-08,-8.44008e-26,0.00275441
0.492699,1.03996,-2.02171e-08,-8.60061e-26,0.00275531
0.492899,1.03992,-2.0235e-08,-8.76113e-26,0.00275621
0.493099,1.03987,-2.02529e-08,-8.92166e-26,0.00275711
0.493299,1.03983,-2.02709e-08,-9.08218e-26,0.00275801
0.493499,1.03979,-2.02888e-08,-9.24271e-26,0.00275891
0.493699,1.03975,-2.03067e-08,-9.40323e-26,0.00275981
0.493899,1.03971,-2.03246e-08,-9.56376e-26,0.00276071
0.494099,1.03966,-2.03425e-08,-9.72429e-26,0.00276161
0.494299,1.03962,-2.03605e-08,-9.88481e-26,0.00276251
0.494499,1.03958,-2.03784e-08,-1.00453e-25,0.00276341
0.494699,1.03954,-2.03963e-08,-1.02059e-25,0.00276431
0.494899,1.0395,-2.04142e-08,-1.03664e-25,0.00276521
0.495099,1.03945,-2.04322e-08,-1.05269e-25,0.00276611
0.495299,1.03941,-2.04501e-08,-1.06874e-25,0.00276701
0.495499,1.03937,-2.0468e-08,-1.0848e-25,0.00276791
0.495699,1.03933,-2.04859e-08,-1.10085e-25,0.00276881
0.495899,1.03929,-2.05039e-08,-1.1169e-25,0.00276971
0.496099,1.03924,-2.05218e-08,-1.13295e-25,0.00277061
0.496299,1.0392,-2.05397e-08,-1.14901e-25,0.00277151
0.496499,1.03916,-2.05576e-08,-1.16506e-25,0.00277241
0.496699,1.03912,-2.05755e-08,-1.18111e-25,0.00277331
0.496899,1.03908,-2.05935e-08,-1.19716e-25,0.00277421
0.497099,1.03903,-2.06114e-08,-1.21322e-25,0.00277511
0.497299,1.03899,-2.06293e-08,-1.22927e-25,0.00277601
0.497499,1.03895,-2.06472e-08,-1.24532e-25,0.00277691
0.4977,1.03891,-2.06652e-08,-1.26137e-25,0.00277781
0.4979,1.03887,-2.06831e-08,-1.27743e-25,0.00277872
0.4981,1.03882,-2.0701e-08,-1.29348e-25,0.00277962
0.4983,1.03878,-2.07189e-08,-1.30953e-25,0.00278052
0.4985,1.03874,-2.07369e-08,-1.32558e-25,0.00278142
0.4987,1.0387,-2.07548e-08,-1.34164e-25,0.00278232
0.4989,1.03866,-2.07727e-08,-1.35769e-25,0.00278322
0.4991,1.03861,-2.07906e-08,-1.37374e-25,0.00278412
0.4993,1.03857,-2.08085e-08,-1.38979e-25,0.00278502
0.4995,1.03853,-2.08265e-08,-1.40585e-25,0.00278592
0.4997,1.03849,-2.08444e-08,-1.4219e-25,0.00278682
0.4999,1.03845,-2.08623e-08,-1.43795e-25,0.00278772
0.5001,1.0384,-2.08802e-08,-1.454e-25,0.00278862
0.5003,1.03836,-2.08982e-08,-1.47006e-25,0.00278952
0.5005,1.03832,-2.09161e-08,-1.48611e-25,0.00279042
0.5007,1.03828,-2.0934e-08,-1.50216e-25,0.00279132
0.5009,1.03824,-2.09519e-08,-1.51821e-25,0.00279222
0.5011,1.03819,-2.09698e-08,-1.53427e-25,0.00279312
0.5013,1.03815,-2.09878e-08,-1.55032e-25,0.00279402
0.5015,1.03811,-2.10057e-08,-1.56637e-25,0.00279492
0.5017,1.03807,-2.10236e-08,-1.58243e-25,0.00279582
0.5019,1.03803,-2.10415e-08,-1.59848e-25,0.00279672
0.5021,1.03798,-2.10595e-08,-1.61453e-25,0.00279762
0.5023,1.03794,-2.10774e-08,-1.63058e-25,0.00279852
0.502501,1.0379,-2.10953e-08,-1.64664e-25,0.00279942
0.502701,1.03786,-2.11132e-08,-1.66269e-25,0.00280032
0.502901,1.03782,-2.11312e-08,-1.67874e-25,0.00280122
0.503101,1.03778,-2.11491e-08,-1.69479e-25,0.00280212
0.503301,1.03773,-2.1167e-08,-1.71085e-25,0.00280302
0.503501,1.03769,-2.11849e-08,-1.7269e-25,0.00280392
0.503701,1.03765,-2.12028e-08,-1.74295e-25,0.00280482
0.503901,1.03761,-2.12208e-08,-1.759e-25,0.00280572
0.504101,1.03757,-2.12387e-08,-1.77506e-25,0.00280662
0.504301,1.03752,-2.12566e-08,-1.79111e-25,0.00280752
0.504501,1.03748,-2.12745e-08,-1.80716e-25,0.00280842
0.504701,1.03744,-2.12925e-08,-1.82321e-25,0.00280932
0.504901,1.0374,-2.13104e-08,-1.83927e-25,0.00281022
0.505101,1.03736,-2.13283e-08,-1.85532e-25,0.00281112
0.505301,1.03731,-2.13462e-08,-1.87137e-25,0.00281202
0.505501,1.03727,-2.13641e-08,-1.88742e-25,0.00281292
0.505701,1.03723,-2.13821e-08,-1.90348e-25,0.00281382
0.505901,1.03719,-2.13826e-08,-1.91787e-25,0.00281471
0.506101,1.03714,-2.1365e-08,-1.93054e-25,0.00281559
0.506301,1.0371,-2.13475e-08,-1.94322e-25,0.00281647
0.506501,1.03706,-2.133e-08,-1.9559e-25,0.00281734
0.506701,1.03702,-2.13125e-08,-1.96857e-25,0.00281822
0.506901,1.03697,-2.1295e-08,-1.98125e-25,0.0028191
0.507101,1.03693,-2.12775e-08,-1.99392e-25,0.00281997
0.507301,1.03689,-2.126e-08,-2.0066e-25,0.00282085
0.507502,1.03684,-2.12425e-08,-2.01928e-25,0.00282173
0.507702,1.0368,-2.1225e-08,-2.03195e-25,0.00282261
0.507902,1.03676,-2.12074e-08,-2.04463e-25,0.00282348
0.508102,1.03672,-2.11899e-08,-2.0573e-25,0.00282436
0.508302,1.03667,-2.11724e-08,-2.06998e-25,0.00282524
0.508502,1.03663,-2.11549e-08,-2.08266e-25,0.00282611
0.508702,1.03659,-2.11374e-08,-2.09533e-25,0.00282699
0.508902,1.03654,-2.11199e-08,-2.10801e-25,0.00282787
0.509102,1.0365,-2.11024e-08,-2.12068e-25,0.00282875
0.509302,1.03646,-2.10849e-08,-2.13336e-25,0.00282962
0.509502,1.03642,-2.10674e-08,-2.14604e-25,0.0028305
0.509702,1.03637,-2.10499e-08,-2.15871e-25,0.00283138
0.509902,1.03633,-2.10323e-08,-2.17139e-25,0.00283226
0.510102,1.03629,-2.10148e-08,-2.18407e-25,0.00283313
0.510302,1.03624,-2.09973e-08,-2.19674e-25,0.00283401
0.510502,1.0362,-2.09798e-08,-2.20942e-25,0.00283489
0.510702,1.03616,-2.09623e-08,-2.22209e-25,0.00283576
0.510902,1.03612,-2.09448e-08,-2.23477e-25,0.00283664
0.511102,1.03607,-2.09273e-08,-2.24745e-25,0.00283752
0.511302,1.03603,-2.09098e-08,-2.26012e-25,0.0028384
0.511502,1.03599,-2.08923e-08,-2.2728e-25,0.00283927
0.511702,1.03595,-2.08747e-08,-2.28547e-25,0.00284015
0.511902,1.0359,-2.08572e-08,-2.29815e-25,0.00284103
0.512102,1.03586,-2.08397e-08,-2.31083e-25,0.00284191
0.512302,1.03582,-2.08222e-08,-2.3235e-25,0.00284278
0.512503,1.03577,-2.08047e-08,-2.33618e-25,0.00284366
0.512703,1.03573,-2.07872e-08,-2.34886e-25,0.00284454
0.512903,1.03569,-2.07697e-08,-2.36153e-25,0.00284541
0.513103,1.03565,-2.07522e-08,-2.37421e-25,0.00284629
0.513303,1.0356,-2.07347e-08,-2.38688e-25,0.00284717
0.513503,1.03556,-2.07172e-08,-2.39956e-25,0.00284805
0.513703,1.03552,-2.06996e-08,-2.41224e-25,0.00284892
0.513903,1.03547,-2.06821e-08,-2.42491e-25,0.0028498
0.514103,1.03543,-2.06646e-08,-2.43759e-25,0.00285068
0.514303,1.03539,-2.06471e-08,-2.45026e-25,0.00285155
0.514503,1.03535,-2.06296e-08,-2.46294e-25,0.00285243
0.514703,1.0353,-2.06121e-08,-2.47562e-25,0.00285331
0.514903,1.03526,-2.05946e-08,-2.48829e-25,0.00285419
0.515103,1.03522,-2.05771e-08,-2.50097e-25,0.00285506
0.515303,1.03517,-2.05596e-08,-2.51364e-25,0.00285594
0.515503,1.03513,-2.0542e-08,-2.52632e-25,0.00285682
0.515703,1.03509,-2.05245e-08,-2.539e-25,0.0028577
0.515903,1.03505,-2.0507e-08,-2.55167e-25,0.00285857
0.516103,1.035,-2.04895e-08,-2.56435e-25,0.00285945
0.516303,1.03496,-2.0472e-08,-2.57703e-25,0.00286033
0.516503,1.03492,-2.04545e-08,-2.5897e-25,0.0028612
0.516703,1.03487,-2.0437e-08,-2.60238e-25,0.00286208
0.516903,1.03483,-2.04195e-08,-2.61505e-25,0.00286296
0.517103,1.03479,-2.0402e-08,-2.62773e-25,0.00286384
0.517303,1.03475,-2.03844e-08,-2.64041e-25,0.00286471
0.517504,1.0347,-2.03669e-08,-2.65308e-25,0.00286559
0.517704,1.03466,-2.03494e-08,-2.66576e-25,0.00286647
0.517904,1.03462,-2.03319e-08,-2.67843e-25,0.00286735
0.518104,1.03457,-2.03144e-08,-2.69111e-25,0.00286822
0.518304,1.03453,-2.02969e-08,-2.70379e-25,0.0028691
0.518504,1.03449,-2.02794e-08,-2.71646e-25,0.00286998
0.518704,1.03445,-2.02619e-08,-2.72914e-25,0.00287085
0.518904,1.0344,-2.02444e-08,-2.74182e-25,0.00287173
0.519104,1.03436,-2.02267e-08,-2.75459e-25,0.00287262
0.519304,1.03431,-2.02073e-08,-2.76864e-25,0.00287359
0.519504,1.03427,-2.01879e-08,-2.78269e-25,0.00287456
0.519704,1.03422,-2.01685e-08,-2.79673e-25,0.00287553
0.519904,1.03417,-2.01491e-08,-2.81078e-25,0.0028765
0.520104,1.03412,-2.01297e-08,-2.82482e-25,0.00287748
0.520304,1.03408,-2.01103e-08,-2.83887e-25,0.00287845
0.520504,1.03403,-2.00909e-08,-2.85291e-25,0.00287942
0.520704,1.03398,-2.00715e-08,-2.86696e-25,0.00288039
0.520904,1.03393,-2.00521e-08,-2.881e-25,0.00288136
0.521104,1.03389,-2.00327e-08,-2.89505e-25,0.00288234
0.521304,1.03384,-2.00133e-08,-2.90909e-25,0.00288331
0.521504,1.03379,-1.99939e-08,-2.92314e-25,0.00288428
0.521704,1.03374,-1.99745e-08,-2.93719e-25,0.00288525
0.521904,1.0337,-1.99551e-08,-2.95123e-25,0.00288622
0.522104,1.03365,-1.99357e-08,-2.96528e-25,0.0028872
0.522304,1.0336,-1.99163e-08,-2.97932e-25,0.00288817
0.522505,1.03355,-1.98969e-08,-2.99337e-25,0.00288914
0.522705,1.03351,-1.98775e-08,-3.00741e-25,0.00289011
0.522905,1.03346,-1.98581e-08,-3.02146e-25,0.00289108
0.523105,1.03341,-1.98387e-08,-3.0355e-25,0.00289206
0.523305,1.03336,-1.98193e-08,-3.04955e-25,0.00289303
0.523505,1.03332,-1.97999e-08,-3.06359e-25,0.002894
0.523705,1.03327,-1.97805e-08,-3.07764e-25,0.00289497
0.523905,1.03322,-1.97611e-08,-3.09169e-25,0.00289594
0.524105,1.03317,-1.97417e-08,-3.10573e-25,0.00289692
0.524305,1.03313,-1.97223e-08,-3.11978e-25,0.00289789
0.524505,1.03308,-1.97029e-08,-3.13382e-25,0.00289886
0.524705,1.03303,-1.96834e-08,-3.14787e-25,0.00289983
0.524905,1.03298,-1.9664e-08,-3.16191e-25,0.0029008
0.525105,1.03294,-1.96446e-08,-3.17596e-25,0.00290178
0.525305,1.03289,-1.96252e-08,-3.19e-25,0.00290275
0.525505,1.03284,-1.96058e-08,-3.20405e-25,0.00290372
0.525705,1.03279,-1.95864e-08,-3.2181e-25,0.00290469
0.525905,1.03275,-1.9567e-08,-3.23214e-25,0.00290566
0.526105,1.0327,-1.95476e-08,-3.24619e-25,0.00290664
0.526305,1.03265,-1.95282e-08,-3.26023e-25,0.00290761
0.526505,1.03261,-1.95088e-08,-3.27428e-25,0.00290858
0.526705,1.03256,-1.94894e-08,-3.28832e-25,0.00290955
0.526905,1.03251,-1.947e-08,-3.30237e-25,0.00291052
0.527105,1.03246,-1.94506e-08,-3.31641e-25,0.0029115
0.527305,1.03242,-1.94312e-08,-3.33046e-25,0.00291247
0.527506,1.03237,-1.94118e-08,-3.3445e-25,0.00291344
0.527706,1.03232,-1.93924e-08,-3.35855e-25,0.00291441
0.527906,1.03227,-1.9373e-08,-3.3726e-25,0.00291538
0.528106,1.03223,-1.93536e-08,-3.38664e-25,0.00291636
0.528306,1.03218,-1.93342e-08,-3.40069e-25,0.00291733
0.528506,1.03213,-1.93148e-08,-3.41473e-25,0.0029183
0.528706,1.03208,-1.92954e-08,-3.42878e-25,0.00291927
0.528906,1.03204,-1.9276e-08,-3.44282e-25,0.00292024
0.529106,1.03199,-1.92566e-08,-3.45687e-25,0.00292122
0.529306,1.03194,-1.92372e-08,-3.47091e-25,0.00292219
0.529506,1.03189,-1.92178e-08,-3.48496e-25,0.00292316
0.529706,1.03185,-1.91984e-08,-3.499e-25,0.00292413
0.529906,1.0318,-1.9179e-08,-3.51305e-25,0.0029251
0.530106,1.03175,-1.91596e-08,-3.5271e-25,0.00292608
0.530306,1.0317,-1.91402e-08,-3.54114e-25,0.00292705
0.530506,1.03166,-1.91208e-08,-3.55519e-25,0.00292802
0.530706,1.03161,-1.91014e-08,-3.56923e-25,0.00292899
0.530906,1.03156,-1.9082e-08,-3.58328e-25,0.00292996
0.531106,1.03151,-1.90701e-08,-3.59427e-25,0.00293093
0.531306,1.03147,-1.90863e-08,-3.59389e-25,0.00293187
0.531506,1.03142,-1.91026e-08,-3.59352e-25,0.00293281
0.531706,1.03137,-1.91188e-08,-3.59314e-25,0.00293375
0.531906,1.03132,-1.9135e-08,-3.59276e-25,0.00293469
0.532106,1.03127,-1.91513e-08,-3.59239e-25,0.00293563
0.532306,1.03123,-1.91675e-08,-3.59201e-25,0.00293657
0.532507,1.03118,-1.91837e-08,-3.59164e-25,0.00293751
0.532707,1.03113,-1.91999e-08,-3.59126e-25,0.00293845
0.532907,1.03108,-1.92162e-08,-3.59088e-25,0.00293939
0.533107,1.03103,-1.92324e-08,-3.59051e-25,0.00294033
0.533307,1.03099,-1.92486e-08,-3.59013e-25,0.00294127
0.533507,1.03094,-1.92648e-08,-3.58976e-25,0.00294222
0.533707,1.03089,-1.92811e-08,-3.58938e-25,0.00294316
0.533907,1.03084,-1.92973e-08,-3.589e-25,0.0029441
0.534107,1.03079,-1.93135e-08,-3.58863e-25,0.00294504
0.534307,1.03075,-1.93297e-08,-3.58825e-25,0.00294598
0.534507,1.0307,-1.9346e-08,-3.58788e-25,0.00294692
0.534707,1.03065,-1.93622e-08,-3.5875e-25,0.00294786
0.534907,1.0306,-1.93784e-08,-3.58712e-25,0.0029488
0.535107,1.03056,-1.93946e-08,-3.58675e-25,0.00294974
0.535307,1.03051,-1.94109e-08,-3.58637e-25,0.00295068
0.535507,1.03046,-1.94271e-08,-3.586e-25,0.00295162
0.535707,1.03041,-1.94433e-08,-3.58562e-25,0.00295256
0.535907,1.03036,-1.94596e-08,-3.58524e-25,0.0029535
0.536107,1.03032,-1.94758e-08,-3.58487e-25,0.00295444
0.536307,1.03027,-1.9492e-08,-3.58449e-25,0.00295538
0.536507,1.03022,-1.95082e-08,-3.58412e-25,0.00295632
0.536707,1.03017,-1.95245e-08,-3.58374e-25,0.00295726
0.536907,1.03012,-1.95407e-08,-3.58336e-25,0.0029582
0.537107,1.03008,-1.95569e-08,-3.58299e-25,0.00295915
0.537307,1.03003,-1.95731e-08,-3.58261e-25,0.00296009
0.537508,1.02998,-1.95894e-08,-3.58223e-25,0.00296103
0.537708,1.02993,-1.96056e-08,-3.58186e-25,0.00296197
0.537908,1.02988,-1.96218e-08,-3.58148e-25,0.00296291
0.538108,1.02984,-1.9638e-08,-3.58111e-25,0.00296385
0.538308,1.02979,-1.96543e-08,-3.58073e-25,0.00296479
0.538508,1.02974,-1.96705e-08,-3.58035e-25,0.00296573
0.538708,1.02969,-1.96867e-08,-3.57998e-25,0.00296667
0.538908,1.02964,-1.9703e-08,-3.5796e-25,0.00296761
0.539108,1.0296,-1.97192e-08,-3.57923e-25,0.00296855
0.539308,1.02955,-1.97354e-08,-3.57885e-25,0.00296949
0.539508,1.0295,-1.97516e-08,-3.57847e-25,0.00297043
0.539708,1.02945,-1.97679e-08,-3.5781e-25,0.00297137
0.539908,1.0294,-1.97841e-08,-3.57772e-25,0.00297231
0.540108,1.02936,-1.98003e-08,-3.57735e-25,0.00297325
0.540308,1.02931,-1.98165e-08,-3.57697e-25,0.00297419
0.540508,1.02926,-1.98328e-08,-3.57659e-25,0.00297513
0.540708,1.02921,-1.9849e-08,-3.57622e-25,0.00297608
0.540908,1.02917,-1.98652e-08,-3.57584e-25,0.00297702
0.541108,1.02912,-1.98814e-08,-3.57547e-25,0.00297796
0.541308,1.02907,-1.98977e-08,-3.57509e-25,0.0029789
0.541508,1.02902,-1.99139e-08,-3.57471e-25,0.00297984
0.541708,1.02897,-1.99301e-08,-3.57434e-25,0.00298078
0.541908,1.02893,-1.99463e-08,-3.57396e-25,0.00298172
0.542108,1.02888,-1.99626e-08,-3.57358e-25,0.00298266
0.542308,1.02883,-1.99788e-08,-3.57321e-25,0.0029836
0.542509,1.02878,-1.9995e-08,-3.57283e-25,0.00298454
0.542709,1.02873,-2.00113e-08,-3.57246e-25,0.00298548
0.542909,1.02869,-2.00275e-08,-3.57208e-25,0.00298642
0.543109,1.02864,-2.00437e-08,-3.5717e-25,0.00298736
0.543309,1.02859,-2.00599e-08,-3.57133e-25,0.0029883
0.543509,1.02854,-2.00762e-08,-3.57095e-25,0.00298924
0.543709,1.02849,-2.00924e-08,-3.57058e-25,0.00299018
0.543909,1.02845,-2.01086e-08,-3.5702e-25,0.00299112
0.544109,1.0284,-2.01248e-08,-3.56982e-25,0.00299206
0.544309,1.02835,-2.01411e-08,-3.56945e-25,0.00299301
0.544509,1.0283,-2.01573e-08,-3.56907e-25,0.00299395
0.544709,1.02825,-2.01735e-08,-3.5687e-25,0.00299489
0.544909,1.02821,-2.01897e-08,-3.56832e-25,0.00299583
0.545109,1.02816,-2.0206e-08,-3.56794e-25,0.00299677
0.545309,1.02811,-2.02222e-08,-3.56757e-25,0.00299771
0.545509,1.02806,-2.02384e-08,-3.56719e-25,0.00299865
0.545709,1.02801,-2.02547e-08,-3.56682e-25,0.00299959
0.545909,1.02797,-2.02709e-08,-3.56644e-25,0.00300053
0.546109,1.02792,-2.02871e-08,-3.56606e-25,0.00300147
0.546309,1.02787,-2.03033e-08,-3.56569e-25,0.00300241
0.546509,1.02782,-2.03196e-08,-3.56531e-25,0.00300335
0.546709,1.02778,-2.03358e-08,-3.56493e-25,0.00300429
0.546909,1.02773,-2.0352e-08,-3.56456e-25,0.00300523
0.547109,1.02768,-2.03682e-08,-3.56418e-25,0.00300617
0.547309,1.02763,-2.03845e-08,-3.56381e-25,0.00300711
0.54751,1.02758,-2.04007e-08,-3.56343e-25,0.00300805
0.54771,1.02754,-2.04169e-08,-3.56305e-25,0.00300899
0.54791,1.02749,-2.04331e-08,-3.56268e-25,0.00300994
0.54811,1.02744,-2.04494e-08,-3.5623e-25,0.00301088
0.54831,1.02739,-2.04656e-08,-3.56193e-25,0.00301182
0.54851,1.02734,-2.04818e-08,-3.56155e-25,0.00301276
0.54871,1.0273,-2.0498e-08,-3.56117e-25,0.0030137
0.54891,1.02725,-2.05143e-08,-3.5608e-25,0.00301464
0.54911,1.0272,-2.05305e-08,-3.56042e-25,0.00301558
0.54931,1.02715,-2.05467e-08,-3.56005e-25,0.00301652
0.54951,1.0271,-2.0563e-08,-3.55967e-25,0.00301746
0.54971,1.02706,-2.05792e-08,-3.55929e-25,0.0030184
0.54991,1.02701,-2.05954e-08,-3.55892e-25,0.00301934
0.55011,1.02696,-2.06116e-08,-3.55854e-25,0.00302028
0.55031,1.02691,-2.06279e-08,-3.55817e-25,0.00302122
0.55051,1.02686,-2.06441e-08,-3.55779e-25,0.00302216
0.55071,1.02682,-2.06603e-08,-3.55741e-25,0.0030231
0.55091,1.02677,-2.06765e-08,-3.55704e-25,0.00302404
0.55111,1.02672,-2.06928e-08,-3.55666e-25,0.00302498
0.55131,1.02667,-2.0709e-08,-3.55628e-25,0.00302592
0.55151,1.02662,-2.07252e-08,-3.55591e-25,0.00302687
0.55171,1.02658,-2.07414e-08,-3.55553e-25,0.00302781
0.55191,1.02653,-2.07577e-08,-3.55516e-25,0.00302875
0.55211,1.02648,-2.07739e-08,-3.55478e-25,0.00302969
0.55231,1.02643,-2.07901e-08,-3.5544e-25,0.00303063
0.552511,1.02638,-2.08063e-08,-3.55403e-25,0.00303157
0.552711,1.02634,-2.08226e-08,-3.55365e-25,0.00303251
0.552911,1.02629,-2.08388e-08,-3.55328e-25,0.00303345
0.553111,1.02624,-2.0855e-08,-3.5529e-25,0.00303439
0.553311,1.02619,-2.08713e-08,-3.55252e-25,0.00303533
0.553511,1.02615,-2.08875e-08,-3.55215e-25,0.00303627
0.553711,1.0261,-2.09037e-08,-3.55177e-25,0.00303721
0.553911,1.02605,-2.09199e-08,-3.5514e-25,0.00303815
0.554111,1.026,-2.09362e-08,-3.55102e-25,0.00303909
0.554311,1.02595,-2.09524e-08,-3.55064e-25,0.00304003
0.554511,1.02591,-2.09686e-08,-3.55027e-25,0.00304097
0.554711,1.02586,-2.09848e-08,-3.54989e-25,0.00304191
0.554911,1.02581,-2.10011e-08,-3.54952e-25,0.00304285
0.555111,1.02576,-2.09998e-08,-3.54402e-25,0.00304378
0.555311,1.02571,-2.098e-08,-3.53311e-25,0.00304469
0.555511,1.02566,-2.09603e-08,-3.52219e-25,0.0030456
0.555711,1.02562,-2.09405e-08,-3.51127e-25,0.00304651
0.555911,1.02557,-2.09207e-08,-3.50035e-25,0.00304742
0.556111,1.02552,-2.09009e-08,-3.48943e-25,0.00304834
0.556311,1.02547,-2.08811e-08,-3.47851e-25,0.00304925
0.556511,1.02542,-2.08613e-08,-3.46759e-25,0.00305016
0.556711,1.02537,-2.08416e-08,-3.45667e-25,0.00305107
0.556911,1.02532,-2.08218e-08,-3.44575e-25,0.00305198
0.557111,1.02528,-2.0802e-08,-3.43483e-25,0.00305289
0.557311,1.02523,-2.07822e-08,-3.42391e-25,0.0030538
0.557512,1.02518,-2.07624e-08,-3.41299e-25,0.00305471
0.557712,1.02513,-2.07427e-08,-3.40207e-25,0.00305562
0.557912,1.02508,-2.07229e-08,-3.39115e-25,0.00305653
0.558112,1.02503,-2.07031e-08,-3.38023e-25,0.00305744
0.558312,1.02498,-2.06833e-08,-3.36931e-25,0.00305835
0.558512,1.02494,-2.06635e-08,-3.35839e-25,0.00305927
0.558712,1.02489,-2.06437e-08,-3.34747e-25,0.00306018
0.558912,1.02484,-2.0624e-08,-3.33655e-25,0.00306109
0.559112,1.02479,-2.06042e-08,-3.32563e-25,0.003062
0.559312,1.02474,-2.05844e-08,-3.31471e-25,0.00306291
0.559512,1.02469,-2.05646e-08,-3.30379e-25,0.00306382
0.559712,1.02464,-2.05448e-08,-3.29287e-25,0.00306473
0.559912,1.0246,-2.0525e-08,-3.28195e-25,0.00306564
0.560112,1.02455,-2.05053e-08,-3.27103e-25,0.00306655
0.560312,1.0245,-2.04855e-08,-3.26011e-25,0.00306746
0.560512,1.02445,-2.04657e-08,-3.24919e-25,0.00306837
0.560712,1.0244,-2.04459e-08,-3.23827e-25,0.00306928
0.560912,1.02435,-2.04261e-08,-3.22735e-25,0.0030702
0.561112,1.0243,-2.04063e-08,-3.21643e-25,0.00307111
0.561312,1.02426,-2.03866e-08,-3.20551e-25,0.00307202
0.561512,1.02421,-2.03668e-08,-3.19459e-25,0.00307293
0.561712,1.02416,-2.0347e-08,-3.18367e-25,0.00307384
0.561912,1.02411,-2.03272e-08,-3.17275e-25,0.00307475
0.562112,1.02406,-2.03074e-08,-3.16183e-25,0.00307566
0.562312,1.02401,-2.02877e-08,-3.15091e-25,0.00307657
0.562513,1.02396,-2.02679e-08,-3.13999e-25,0.00307748
0.562713,1.02392,-2.02481e-08,-3.12907e-25,0.00307839
0.562913,1.02387,-2.02283e-08,-3.11815e-25,0.0030793
0.563113,1.02382,-2.02085e-08,-3.10723e-25,0.00308021
0.563313,1.02377,-2.01887e-08,-3.09631e-25,0.00308113
0.563513,1.02372,-2.0169e-08,-3.08539e-25,0.00308204
0.563713,1.02367,-2.01492e-08,-3.07447e-25,0.00308295
0.563913,1.02362,-2.01294e-08,-3.06355e-25,0.00308386
0.564113,1.02357,-2.01096e-08,-3.05263e-25,0.00308477
0.564313,1.02353,-2.00898e-08,-3.04171e-25,0.00308568
0.564513,1.02348,-2.007e-08,-3.03079e-25,0.00308659
0.564713,1.02343,-2.00503e-08,-3.01987e-25,0.0030875
0.564913,1.02338,-2.00305e-08,-3.00895e-25,0.00308841
0.565113,1.02333,-2.00107e-08,-2.99803e-25,0.00308932
0.565313,1.02328,-1.99909e-08,-2.98711e-25,0.00309023
0.565513,1.02323,-1.99711e-08,-2.97619e-25,0.00309114
0.565713,1.02319,-1.99513e-08,-2.96527e-25,0.00309206
0.565913,1.02314,-1.99316e-08,-2.95435e-25,0.00309297
0.566113,1.02309,-1.99118e-08,-2.94343e-25,0.00309388
0.566313,1.02304,-1.9892e-08,-2.93251e-25,0.00309479
0.566513,1.02299,-1.98722e-08,-2.92159e-25,0.0030957
0.566713,1.02294,-1.98524e-08,-2.91067e-25,0.00309661
0.566913,1.02289,-1.98327e-08,-2.89975e-25,0.00309752
0.567113,1.02284,-1.98115e-08,-2.8881e-25,0.00309849
0.567313,1.02279,-1.97896e-08,-2.87599e-25,0.0030995
0.567514,1.02274,-1.97677e-08,-2.86389e-25,0.00310051
0.567714,1.02268,-1.97458e-08,-2.85179e-25,0.00310152
0.567914,1.02263,-1.97238e-08,-2.83969e-25,0.00310253
0.568114,1.02257,-1.97019e-08,-2.82758e-25,0.00310354
0.568314,1.02252,-1.968e-08,-2.81548e-25,0.00310455
0.568514,1.02247,-1.96581e-08,-2.80338e-25,0.00310556
0.568714,1.02241,-1.96361e-08,-2.79128e-25,0.00310657
0.568914,1.02236,-1.96142e-08,-2.77917e-25,0.00310758
0.569114,1.0223,-1.95923e-08,-2.76707e-25,0.00310859
0.569314,1.02225,-1.95704e-08,-2.75497e-25,0.0031096
0.569514,1.0222,-1.95484e-08,-2.74287e-25,0.00311061
0.569714,1.02214,-1.95265e-08,-2.73076e-25,0.00311162
0.569914,1.02209,-1.95046e-08,-2.71866e-25,0.00311263
0.570114,1.02203,-1.94827e-08,-2.70656e-25,0.00311363
0.570314,1.02198,-1.94607e-08,-2.69446e-25,0.00311464
0.570514,1.02193,-1.94388e-08,-2.68235e-25,0.00311565
0.570714,1.02187,-1.94169e-08,-2.67025e-25,0.00311666
0.570914,1.02182,-1.9395e-08,-2.65815e-25,0.00311767
0.571114,1.02177,-1.9373e-08,-2.64605e-25,0.00311868
0.571314,1.02171,-1.93511e-08,-2.63394e-25,0.00311969
0.571514,1.02166,-1.93292e-08,-2.62184e-25,0.0031207
0.571714,1.0216,-1.93073e-08,-2.60974e-25,0.00312171
0.571914,1.02155,-1.92853e-08,-2.59764e-25,0.00312272
0.572114,1.0215,-1.92634e-08,-2.58553e-25,0.00312373
0.572314,1.02144,-1.92415e-08,-2.57343e-25,0.00312474
0.572515,1.02139,-1.92196e-08,-2.56133e-25,0.00312575
0.572715,1.02133,-1.91976e-08,-2.54923e-25,0.00312676
0.572915,1.02128,-1.91757e-08,-2.53712e-25,0.00312777
0.573115,1.02123,-1.91538e-08,-2.52502e-25,0.00312878
0.573315,1.02117,-1.91319e-08,-2.51292e-25,0.00312979
0.573515,1.02112,-1.91099e-08,-2.50082e-25,0.0031308
0.573715,1.02107,-1.9088e-08,-2.48871e-25,0.00313181
0.573915,1.02101,-1.90661e-08,-2.47661e-25,0.00313281
0.574115,1.02096,-1.90442e-08,-2.46451e-25,0.00313382
0.574315,1.0209,-1.90222e-08,-2.45241e-25,0.00313483
0.574515,1.02085,-1.90003e-08,-2.4403e-25,0.00313584
0.574715,1.0208,-1.89784e-08,-2.4282e-25,0.00313685
0.574915,1.02074,-1.89565e-08,-2.4161e-25,0.00313786
0.575115,1.02069,-1.89345e-08,-2.404e-25,0.00313887
0.575315,1.02063,-1.89126e-08,-2.39189e-25,0.00313988
0.575515,1.02058,-1.88907e-08,-2.37979e-25,0.00314089
0.575715,1.02053,-1.88688e-08,-2.36769e-25,0.0031419
0.575915,1.02047,-1.88468e-08,-2.35559e-25,0.00314291
0.576115,1.02042,-1.88249e-08,-2.34348e-25,0.00314392
0.576315,1.02037,-1.8803e-08,-2.33138e-25,0.00314493
0.576515,1.02031,-1.87811e-08,-2.31928e-25,0.00314594
0.576715,1.02026,-1.87591e-08,-2.30718e-25,0.00314695
0.576915,1.0202,-1.87372e-08,-2.29507e-25,0.00314796
0.577115,1.02015,-1.87153e-08,-2.28297e-25,0.00314897
0.577315,1.0201,-1.86934e-08,-2.27087e-25,0.00314998
0.577516,1.02004,-1.86714e-08,-2.25877e-25,0.00315099
0.577716,1.01999,-1.86495e-08,-2.24666e-25,0.00315199
0.577916,1.01993,-1.86509e-08,-2.23703e-25,0.00315298
0.578116,1.01988,-1.86641e-08,-2.22865e-25,0.00315395
0.578316,1.01983,-1.86773e-08,-2.22026e-25,0.00315492
0.578516,1.01977,-1.86905e-08,-2.21188e-25,0.0031559
0.578716,1.01972,-1.87037e-08,-2.20349e-25,0.00315687
0.578916,1.01966,-1.87169e-08,-2.1951e-25,0.00315784
0.579116,1.01961,-1.873e-08,-2.18672e-25,0.00315881
0.579316,1.01956,-1.87432e-08,-2.17833e-25,0.00315978
0.579516,1.0195,-1.87564e-08,-2.16994e-25,0.00316076
0.579716,1.01945,-1.87696e-08,-2.16156e-25,0.00316173
0.579916,1.01939,-1.87828e-08,-2.15317e-25,0.0031627
0.580116,1.01934,-1.87959e-08,-2.14479e-25,0.00316367
0.580316,1.01928,-1.88091e-08,-2.1364e-25,0.00316464
0.580516,1.01923,-1.88223e-08,-2.12801e-25,0.00316562
0.580716,1.01918,-1.88355e-08,-2.11963e-25,0.00316659
0.580916,1.01912,-1.88487e-08,-2.11124e-25,0.00316756
0.581116,1.01907,-1.88619e-08,-2.10285e-25,0.00316853
0.581316,1.01901,-1.8875e-08,-2.09447e-25,0.0031695
0.581516,1.01896,-1.88882e-08,-2.08608e-25,0.00317048
0.581716,1.01891,-1.89014e-08,-2.0777e-25,0.00317145
0.581916,1.01885,-1.89146e-08,-2.06931e-25,0.00317242
0.582116,1.0188,-1.89278e-08,-2.06092e-25,0.00317339
0.582316,1.01874,-1.89409e-08,-2.05254e-25,0.00317436
0.582517,1.01869,-1.89541e-08,-2.04415e-25,0.00317534
0.582717,1.01863,-1.89673e-08,-2.03576e-25,0.00317631
0.582917,1.01858,-1.89805e-08,-2.02738e-25,0.00317728
0.583117,1.01853,-1.89937e-08,-2.01899e-25,0.00317825
0.583317,1.01847,-1.90068e-08,-2.01061e-25,0.00317923
0.583517,1.01842,-1.902e-08,-2.00222e-25,0.0031802
0.583717,1.01836,-1.90332e-08,-1.99383e-25,0.00318117
0.583917,1.01831,-1.90464e-08,-1.98545e-25,0.00318214
0.584117,1.01826,-1.90596e-08,-1.97706e-25,0.00318311
0.584317,1.0182,-1.90728e-08,-1.96867e-25,0.00318409
0.584517,1.01815,-1.90859e-08,-1.96029e-25,0.00318506
0.584717,1.01809,-1.90991e-08,-1.9519e-25,0.00318603
0.584917,1.01804,-1.91123e-08,-1.94352e-25,0.003187
0.585117,1.01798,-1.91255e-08,-1.93513e-25,0.00318797
0.585317,1.01793,-1.91387e-08,-1.92674e-25,0.00318895
0.585517,1.01788,-1.91518e-08,-1.91836e-25,0.00318992
0.585717,1.01782,-1.9165e-08,-1.90997e-25,0.00319089
0.585917,1.01777,-1.91782e-08,-1.90158e-25,0.00319186
0.586117,1.01771,-1.91914e-08,-1.8932e-25,0.00319283
0.586317,1.01766,-1.92046e-08,-1.88481e-25,0.00319381
0.586517,1.01761,-1.92178e-08,-1.87643e-25,0.00319478
0.586717,1.01755,-1.92309e-08,-1.86804e-25,0.00319575
0.586917,1.0175,-1.92441e-08,-1.85965e-25,0.00319672
0.587117,1.01744,-1.92573e-08,-1.85127e-25,0.00319769
0.587317,1.01739,-1.92705e-08,-1.84288e-25,0.00319867
0.587518,1.01733,-1.92837e-08,-1.83449e-25,0.00319964
0.587718,1.01728,-1.92968e-08,-1.82611e-25,0.00320061
0.587918,1.01723,-1.931e-08,-1.81772e-25,0.00320158
0.588118,1.01717,-1.93232e-08,-1.80934e-25,0.00320255
0.588318,1.01712,-1.93364e-08,-1.80095e-25,0.00320353
0.588518,1.01706,-1.93496e-08,-1.79256e-25,0.0032045
0.588718,1.01701,-1.93628e-08,-1.78418e-25,0.00320547
0.588918,1.01696,-1.93759e-08,-1.77579e-25,0.00320644
0.589118,1.0169,-1.93891e-08,-1.7674e-25,0.00320742
0.589318,1.01685,-1.94023e-08,-1.75902e-25,0.00320839
0.589518,1.01679,-1.94155e-08,-1.75063e-25,0.00320936
0.589718,1.01674,-1.94287e-08,-1.74225e-25,0.00321033
0.589918,1.01668,-1.94418e-08,-1.73386e-25,0.0032113
0.590118,1.01663,-1.9455e-08,-1.72547e-25,0.00321228
0.590318,1.01658,-1.94682e-08,-1.71709e-25,0.00321325
0.590518,1.01652,-1.94814e-08,-1.7087e-25,0.00321422
0.590718,1.01647,-1.94946e-08,-1.70031e-25,0.00321519
0.590918,1.01641,-1.95078e-08,-1.69193e-25,0.00321616
0.591118,1.01636,-1.95209e-08,-1.68354e-25,0.00321714
0.591318,1.01631,-1.95341e-08,-1.67516e-25,0.00321811
0.591518,1.01625,-1.95473e-08,-1.66677e-25,0.00321908
0.591718,1.0162,-1.95605e-08,-1.65838e-25,0.00322005
0.591918,1.01614,-1.95737e-08,-1.65e-25,0.00322102
0.592118,1.01609,-1.95868e-08,-1.64161e-25,0.003222
0.592318,1.01603,-1.96e-08,-1.63322e-25,0.00322297
0.592519,1.01598,-1.96132e-08,-1.62484e-25,0.00322394
0.592719,1.01593,-1.96264e-08,-1.61645e-25,0.00322491
0.592919,1.01587,-1.96396e-08,-1.60807e-25,0.00322588
0.593119,1.01582,-1.96528e-08,-1.59968e-25,0.00322686
0.593319,1.01576,-1.96659e-08,-1.59129e-25,0.00322783
0.593519,1.01571,-1.96791e-08,-1.58291e-25,0.0032288
0.593719,1.01566,-1.96923e-08,-1.57452e-25,0.00322977
0.593919,1.0156,-1.97055e-08,-1.56613e-25,0.00323074
0.594119,1.01555,-1.97187e-08,-1.55775e-25,0.00323172
0.594319,1.01549,-1.97318e-08,-1.54936e-25,0.00323269
0.594519,1.01544,-1.9745e-08,-1.54098e-25,0.00323366
0.594719,1.01538,-1.97582e-08,-1.53259e-25,0.00323463
0.594919,1.01533,-1.97714e-08,-1.5242e-25,0.00323561
0.595119,1.01528,-1.97846e-08,-1.51582e-25,0.00323658
0.595319,1.01522,-1.97978e-08,-1.50743e-25,0.00323755
0.595519,1.01517,-1.98109e-08,-1.49904e-25,0.00323852
0.595719,1.01511,-1.98241e-08,-1.49066e-25,0.00323949
0.595919,1.01506,-1.98373e-08,-1.48227e-25,0.00324047
0.596119,1.01501,-1.98505e-08,-1.47389e-25,0.00324144
0.596319,1.01495,-1.98637e-08,-1.4655e-25,0.00324241
0.596519,1.0149,-1.98768e-08,-1.45711e-25,0.00324338
0.596719,1.01484,-1.989e-08,-1.44873e-25,0.00324435
0.596919,1.01479,-1.99032e-08,-1.44034e-25,0.00324533
0.597119,1.01474,-1.99164e-08,-1.43195e-25,0.0032463
0.597319,1.01468,-1.99296e-08,-1.42357e-25,0.00324727
0.59752,1.01463,-1.99428e-08,-1.41518e-25,0.00324824
0.59772,1.01457,-1.99559e-08,-1.4068e-25,0.00324921
0.59792,1.01452,-1.99691e-08,-1.39841e-25,0.00325019
0.59812,1.01446,-1.99823e-08,-1.39002e-25,0.00325116
0.59832,1.01441,-1.99955e-08,-1.38164e-25,0.00325213
0.59852,1.01436,-2.00087e-08,-1.37325e-25,0.0032531
0.59872,1.0143,-2.00218e-08,-1.36486e-25,0.00325407
0.59892,1.01425,-2.0035e-08,-1.35648e-25,0.00325505
0.59912,1.01419,-2.00482e-08,-1.34809e-25,0.00325602
0.59932,1.01414,-2.00614e-08,-1.33971e-25,0.00325699
0.59952,1.01408,-2.00486e-08,-1.33816e-25,0.00325794
0.59972,1.01403,-2.00272e-08,-1.33885e-25,0.00325887
0.59992,1.01398,-2.00058e-08,-1.33955e-25,0.00325981
0.60012,1.01392,-1.99844e-08,-1.34025e-25,0.00326075
0.60032,1.01387,-1.99631e-08,-1.34095e-25,0.00326169
0.60052,1.01381,-1.99417e-08,-1.34165e-25,0.00326262
0.60072,1.01376,-1.99203e-08,-1.34235e-25,0.00326356
0.60092,1.0137,-1.98989e-08,-1.34305e-25,0.0032645
0.60112,1.01365,-1.98775e-08,-1.34374e-25,0.00326544
0.60132,1.01359,-1.98562e-08,-1.34444e-25,0.00326637
0.60152,1.01354,-1.98348e-08,-1.34514e-25,0.00326731
0.60172,1.01348,-1.98134e-08,-1.34584e-25,0.00326825
0.60192,1.01343,-1.9792e-08,-1.34654e-25,0.00326919
0.60212,1.01337,-1.97707e-08,-1.34724e-25,0.00327012
0.60232,1.01332,-1.97493e-08,-1.34793e-25,0.00327106
0.602521,1.01326,-1.97279e-08,-1.34863e-25,0.003272
0.602721,1.01321,-1.97065e-08,-1.34933e-25,0.00327294
0.602921,1.01316,-1.96852e-08,-1.35003e-25,0.00327387
0.603121,1.0131,-1.96638e-08,-1.35073e-25,0.00327481
0.603321,1.01305,-1.96424e-08,-1.35143e-25,0.00327575
0.603521,1.01299,-1.9621e-08,-1.35213e-25,0.00327668
0.603721,1.01294,-1.95996e-08,-1.35282e-25,0.00327762
0.603921,1.01288,-1.95783e-08,-1.35352e-25,0.00327856
0.604121,1.01283,-1.95569e-08,-1.35422e-25,0.0032795
0.604321,1.01277,-1.95355e-08,-1.35492e-25,0.00328043
0.604521,1.01272,-1.95141e-08,-1.35562e-25,0.00328137
0.604721,1.01266,-1.94928e-08,-1.35632e-25,0.00328231
0.604921,1.01261,-1.94714e-08,-1.35702e-25,0.00328325
0.605121,1.01255,-1.945e-08,-1.35771e-25,0.00328418
0.605321,1.0125,-1.94286e-08,-1.35841e-25,0.00328512
0.605521,1.01244,-1.94073e-08,-1.35911e-25,0.00328606
0.605721,1.01239,-1.93859e-08,-1.35981e-25,0.003287
0.605921,1.01233,-1.93645e-08,-1.36051e-25,0.00328793
0.606121,1.01228,-1.93431e-08,-1.36121e-25,0.00328887
0.606321,1.01223,-1.93217e-08,-1.36191e-25,0.00328981
0.606521,1.01217,-1.93004e-08,-1.3626e-25,0.00329075
0.606721,1.01212,-1.9279e-08,-1.3633e-25,0.00329168
0.606921,1.01206,-1.92576e-08,-1.364e-25,0.00329262
0.607121,1.01201,-1.92362e-08,-1.3647e-25,0.00329356
0.607321,1.01195,-1.92149e-08,-1.3654e-25,0.0032945
0.607522,1.0119,-1.91935e-08,-1.3661e-25,0.00329543
0.607722,1.01184,-1.91721e-08,-1.3668e-25,0.00329637
0.607922,1.01179,-1.91507e-08,-1.36749e-25,0.00329731
0.608122,1.01173,-1.91294e-08,-1.36819e-25,0.00329825
0.608322,1.01168,-1.9108e-08,-1.36889e-25,0.00329918
0.608522,1.01162,-1.90866e-08,-1.36959e-25,0.00330012
0.608722,1.01157,-1.90652e-08,-1.37029e-25,0.00330106
0.608922,1.01151,-1.90438e-08,-1.37099e-25,0.00330199
0.609122,1.01146,-1.90225e-08,-1.37168e-25,0.00330293
0.609322,1.01141,-1.90011e-08,-1.37238e-25,0.00330387
0.609522,1.01135,-1.89797e-08,-1.37308e-25,0.00330481
0.609722,1.0113,-1.89583e-08,-1.37378e-25,0.00330574
0.609922,1.01124,-1.8937e-08,-1.37448e-25,0.00330668
0.610122,1.01119,-1.89156e-08,-1.37518e-25,0.00330762
0.610322,1.01113,-1.88924e-08,-1.37594e-25,0.00330864
0.610522,1.01107,-1.88687e-08,-1.37671e-25,0.00330968
0.610722,1.01101,-1.8845e-08,-1.37748e-25,0.00331072
0.610922,1.01095,-1.88213e-08,-1.37826e-25,0.00331176
0.611122,1.01088,-1.87976e-08,-1.37903e-25,0.00331279
0.611322,1.01082,-1.87739e-08,-1.37981e-25,0.00331383
0.611522,1.01076,-1.87502e-08,-1.38058e-25,0.00331487
0.611722,1.0107,-1.87265e-08,-1.38136e-25,0.00331591
0.611922,1.01064,-1.87028e-08,-1.38213e-25,0.00331695
0.612122,1.01058,-1.86791e-08,-1.38291e-25,0.00331799
0.612322,1.01052,-1.86554e-08,-1.38368e-25,0.00331903
0.612523,1.01046,-1.86317e-08,-1.38445e-25,0.00332007
0.612723,1.0104,-1.8608e-08,-1.38523e-25,0.00332111
0.612923,1.01034,-1.85843e-08,-1.386e-25,0.00332215
0.613123,1.01028,-1.85606e-08,-1.38678e-25,0.00332319
0.613323,1.01022,-1.85369e-08,-1.38755e-25,0.00332422
0.613523,1.01016,-1.85132e-08,-1.38833e-25,0.00332526
0.613723,1.0101,-1.84895e-08,-1.3891e-25,0.0033263
0.613923,1.01004,-1.84658e-08,-1.38987e-25,0.00332734
0.614123,1.00998,-1.84421e-08,-1.39065e-25,0.00332838
0.614323,1.00991,-1.84184e-08,-1.39142e-25,0.00332942
0.614523,1.00985,-1.83947e-08,-1.3922e-25,0.00333046
0.614723,1.00979,-1.8371e-08,-1.39297e-25,0.0033315
0.614923,1.00973,-1.83473e-08,-1.39375e-25,0.00333254
0.615123,1.00967,-1.83236e-08,-1.39452e-25,0.00333358
0.615323,1.00961,-1.82999e-08,-1.39529e-25,0.00333462
0.615523,1.00955,-1.82763e-08,-1.39607e-25,0.00333566
0.615723,1.00949,-1.82526e-08,-1.39684e-25,0.00333669
0.615923,1.00943,-1.82289e-08,-1.39762e-25,0.00333773
0.616123,1.00937,-1.82052e-08,-1.39839e-25,0.00333877
0.616323,1.00931,-1.81815e-08,-1.39917e-25,0.00333981
0.616523,1.00925,-1.81578e-08,-1.39994e-25,0.00334085
0.616723,1.00919,-1.81341e-08,-1.40071e-25,0.00334189
0.616923,1.00913,-1.81104e-08,-1.40149e-25,0.00334293
0.617123,1.00907,-1.80867e-08,-1.40226e-25,0.00334397
0.617323,1.00901,-1.8063e-08,-1.40304e-25,0.00334501
0.617524,1.00895,-1.80393e-08,-1.40381e-25,0.00334605
0.617724,1.00888,-1.80156e-08,-1.40459e-25,0.00334709
0.617924,1.00882,-1.79919e-08,-1.40536e-25,0.00334812
0.618124,1.00876,-1.79682e-08,-1.40614e-25,0.00334916
0.618324,1.0087,-1.79445e-08,-1.40691e-25,0.0033502
0.618524,1.00864,-1.79208e-08,-1.40768e-25,0.00335124
0.618724,1.00858,-1.78971e-08,-1.40846e-25,0.00335228
0.618924,1.00852,-1.78734e-08,-1.40923e-25,0.00335332
0.619124,1.00846,-1.78497e-08,-1.41001e-25,0.00335436
0.619324,1.0084,-1.7826e-08,-1.41078e-25,0.0033554
0.619524,1.00834,-1.78023e-08,-1.41156e-25,0.00335644
0.619724,1.00828,-1.77786e-08,-1.41233e-25,0.00335748
0.619924,1.00822,-1.776e-08,-1.41189e-25,0.00335851
0.620124,1.00816,-1.77674e-08,-1.40524e-25,0.00335951
0.620324,1.0081,-1.77748e-08,-1.3986e-25,0.0033605
0.620524,1.00804,-1.77822e-08,-1.39196e-25,0.0033615
0.620724,1.00797,-1.77896e-08,-1.38531e-25,0.0033625
0.620924,1.00791,-1.7797e-08,-1.37867e-25,0.0033635
0.621124,1.00785,-1.78045e-08,-1.37202e-25,0.00336449
0.621324,1.00779,-1.78119e-08,-1.36538e-25,0.00336549
0.621524,1.00773,-1.78193e-08,-1.35874e-25,0.00336649
0.621724,1.00767,-1.78267e-08,-1.35209e-25,0.00336748
0.621924,1.00761,-1.78341e-08,-1.34545e-25,0.00336848
0.622124,1.00755,-1.78415e-08,-1.3388e-25,0.00336948
0.622324,1.00749,-1.78489e-08,-1.33216e-25,0.00337048
0.622525,1.00743,-1.78563e-08,-1.32552e-25,0.00337147
0.622725,1.00737,-1.78637e-08,-1.31887e-25,0.00337247
0.622925,1.00731,-1.78711e-08,-1.31223e-25,0.00337347
0.623125,1.00725,-1.78785e-08,-1.30558e-25,0.00337447
0.623325,1.00718,-1.78859e-08,-1.29894e-25,0.00337546
0.623525,1.00712,-1.78933e-08,-1.2923e-25,0.00337646
0.623725,1.00706,-1.79007e-08,-1.28565e-25,0.00337746
0.623925,1.007,-1.79081e-08,-1.27901e-25,0.00337846
0.624125,1.00694,-1.79155e-08,-1.27236e-25,0.00337945
0.624325,1.00688,-1.79229e-08,-1.26572e-25,0.00338045
0.624525,1.00682,-1.79303e-08,-1.25907e-25,0.00338145
0.624725,1.00676,-1.79377e-08,-1.25243e-25,0.00338244
0.624925,1.0067,-1.79451e-08,-1.24579e-25,0.00338344
0.625125,1.00664,-1.79525e-08,-1.23914e-25,0.00338444
0.625325,1.00658,-1.79599e-08,-1.2325e-25,0.00338544
0.625525,1.00652,-1.79674e-08,-1.22585e-25,0.00338643
0.625725,1.00646,-1.79748e-08,-1.21921e-25,0.00338743
0.625925,1.00639,-1.79822e-08,-1.21257e-25,0.00338843
0.626125,1.00633,-1.79896e-08,-1.20592e-25,0.00338943
0.626325,1.00627,-1.7997e-08,-1.19928e-25,0.00339042
0.626525,1.00621,-1.80044e-08,-1.19263e-25,0.00339142
0.626725,1.00615,-1.80118e-08,-1.18599e-25,0.00339242
0.626925,1.00609,-1.80192e-08,-1.17935e-25,0.00339342
0.627125,1.00603,-1.80266e-08,-1.1727e-25,0.00339441
0.627325,1.00597,-1.8034e-08,-1.16606e-25,0.00339541
0.627526,1.00591,-1.80414e-08,-1.15941e-25,0.00339641
0.627726,1.00585,-1.80488e-08,-1.15277e-25,0.0033974
0.627926,1.00579,-1.80562e-08,-1.14613e-25,0.0033984
0.628126,1.00573,-1.80636e-08,-1.13948e-25,0.0033994
0.628326,1.00567,-1.8071e-08,-1.13284e-25,0.0034004
0.628526,1.0056,-1.80784e-08,-1.12619e-25,0.00340139
0.628726,1.00554,-1.80858e-08,-1.11955e-25,0.00340239
0.628926,1.00548,-1.80932e-08,-1.11291e-25,0.00340339
0.629126,1.00542,-1.81006e-08,-1.10626e-25,0.00340439
0.629326,1.00536,-1.8108e-08,-1.09962e-25,0.00340538
0.629526,1.0053,-1.81154e-08,-1.09297e-25,0.00340638
0.629726,1.00524,-1.81229e-08,-1.08633e-25,0.00340738
0.629926,1.00518,-1.81303e-08,-1.07968e-25,0.00340838
0.630126,1.00512,-1.81377e-08,-1.07304e-25,0.00340937
0.630326,1.00506,-1.81451e-08,-1.0664e-25,0.00341037
0.630526,1.005,-1.81525e-08,-1.05975e-25,0.00341137
0.630726,1.00494,-1.81599e-08,-1.05311e-25,0.00341236
0.630926,1.00488,-1.81673e-08,-1.04646e-25,0.00341336
0.631126,1.00481,-1.81747e-08,-1.03982e-25,0.00341436
0.631326,1.00475,-1.81821e-08,-1.03318e-25,0.00341536
0.631526,1.00469,-1.81895e-08,-1.02653e-25,0.00341635
0.631726,1.00463,-1.81969e-08,-1.01989e-25,0.00341735
0.631926,1.00457,-1.82043e-08,-1.01324e-25,0.00341835
0.632126,1.00451,-1.82117e-08,-1.0066e-25,0.00341935
0.632326,1.00445,-1.82191e-08,-9.99956e-26,0.00342034
0.632527,1.00439,-1.82265e-08,-9.93312e-26,0.00342134
0.632727,1.00433,-1.82339e-08,-9.86668e-26,0.00342234
0.632927,1.00427,-1.82413e-08,-9.80023e-26,0.00342333
0.633127,1.00421,-1.82487e-08,-9.73379e-26,0.00342433
0.633327,1.00415,-1.82561e-08,-9.66735e-26,0.00342533
0.633527,1.00409,-1.82635e-08,-9.60091e-26,0.00342633
0.633727,1.00403,-1.82709e-08,-9.53447e-26,0.00342732
0.633927,1.00396,-1.82784e-08,-9.46803e-26,0.00342832
0.634127,1.0039,-1.82858e-08,-9.40159e-26,0.00342932
0.634327,1.00384,-1.82932e-08,-9.33515e-26,0.00343032
0.634527,1.00378,-1.83006e-08,-9.26871e-26,0.00343131
0.634727,1.00372,-1.8308e-08,-9.20227e-26,0.00343231
0.634927,1.00366,-1.83154e-08,-9.13583e-26,0.00343331
0.635127,1.0036,-1.83228e-08,-9.06939e-26,0.00343431
0.635327,1.00354,-1.83302e-08,-9.00295e-26,0.0034353
0.635527,1.00348,-1.83376e-08,-8.9365e-26,0.0034363
0.635727,1.00342,-1.8345e-08,-8.87006e-26,0.0034373
0.635927,1.00336,-1.83524e-08,-8.80362e-26,0.00343829
0.636127,1.0033,-1.83598e-08,-8.73718e-26,0.00343929
0.636327,1.00324,-1.83672e-08,-8.67074e-26,0.00344029
0.636527,1.00317,-1.83746e-08,-8.6043e-26,0.00344129
0.636727,1.00311,-1.8382e-08,-8.53786e-26,0.00344228
0.636927,1.00305,-1.83894e-08,-8.47142e-26,0.00344328
0.637127,1.00299,-1.83968e-08,-8.40498e-26,0.00344428
0.637327,1.00293,-1.84042e-08,-8.33854e-26,0.00344528
0.637528,1.00287,-1.84116e-08,-8.2721e-26,0.00344627
0.637728,1.00281,-1.8419e-08,-8.20566e-26,0.00344727
0.637928,1.00275,-1.84264e-08,-8.13922e-26,0.00344827
0.638128,1.00269,-1.84339e-08,-8.07277e-26,0.00344927
0.638328,1.00263,-1.84413e-08,-8.00633e-26,0.00345026
0.638528,1.00257,-1.84487e-08,-7.93989e-26,0.00345126
0.638728,1.00251,-1.84561e-08,-7.87345e-26,0.00345226
0.638928,1.00245,-1.84635e-08,-7.80701e-26,0.00345325
0.639128,1.00238,-1.84709e-08,-7.74057e-26,0.00345425
0.639328,1.00232,-1.84783e-08,-7.67413e-26,0.00345525
0.639528,1.00226,-1.84599e-08,-7.7273e-26,0.00345621
0.639728,1.0022,-1.84386e-08,-7.79387e-26,0.00345717
0.639928,1.00214,-1.84173e-08,-7.86044e-26,0.00345813
0.640128,1.00208,-1.8396e-08,-7.927e-26,0.00345909
0.640328,1.00202,-1.83747e-08,-7.99357e-26,0.00346005
0.640528,1.00196,-1.83534e-08,-8.06014e-26,0.00346101
0.640728,1.0019,-1.83321e-08,-8.1267e-26,0.00346197
0.640928,1.00183,-1.83108e-08,-8.19327e-26,0.00346292
0.641128,1.00177,-1.82895e-08,-8.25984e-26,0.00346388
0.641328,1.00171,-1.82682e-08,-8.3264e-26,0.00346484
0.641528,1.00165,-1.82469e-08,-8.39297e-26,0.0034658
0.641728,1.00159,-1.82256e-08,-8.45954e-26,0.00346676
0.641928,1.00153,-1.82043e-08,-8.5261e-26,0.00346772
0.642128,1.00147,-1.8183e-08,-8.59267e-26,0.00346868
0.642328,1.00141,-1.81617e-08,-8.65924e-26,0.00346964
0.642529,1.00134,-1.81404e-08,-8.72581e-26,0.0034706
0.642729,1.00128,-1.81191e-08,-8.79237e-26,0.00347156
0.642929,1.00122,-1.80978e-08,-8.85894e-26,0.00347251
0.643129,1.00116,-1.80765e-08,-8.92551e-26,0.00347347
0.643329,1.0011,-1.80552e-08,-8.99207e-26,0.00347443
0.643529,1.00104,-1.80339e-08,-9.05864e-26,0.00347539
0.643729,1.00098,-1.80126e-08,-9.12521e-26,0.00347635
0.643929,1.00092,-1.79913e-08,-9.19177e-26,0.00347731
0.644129,1.00086,-1.797e-08,-9.25834e-26,0.00347827
0.644329,1.00079,-1.79487e-08,-9.32491e-26,0.00347923
0.644529,1.00073,-1.79274e-08,-9.39147e-26,0.00348019
0.644729,1.00067,-1.79061e-08,-9.45804e-26,0.00348114
0.644929,1.00061,-1.78848e-08,-9.52461e-26,0.0034821
0.645129,1.00055,-1.78635e-08,-9.59117e-26,0.00348306
0.645329,1.00049,-1.78422e-08,-9.65774e-26,0.00348402
0.645529,1.00043,-1.78209e-08,-9.72431e-26,0.00348498
0.645729,1.00037,-1.77996e-08,-9.79087e-26,0.00348594
0.645929,1.0003,-1.77783e-08,-9.85744e-26,0.0034869
0.646129,1.00024,-1.7757e-08,-9.92401e-26,0.00348786
0.646329,1.00018,-1.77357e-08,-9.99058e-26,0.00348882
0.646529,1.00012,-1.77144e-08,-1.00571e-25,0.00348978
0.646729,1.00006,-1.76931e-08,-1.01237e-25,0.00349073
0.646929,0.999999,-1.76718e-08,-1.01903e-25,0.00349169
0.647129,0.999938,-1.76505e-08,-1.02568e-25,0.00349265
0.647329,0.999877,-1.76292e-08,-1.03234e-25,0.00349361
0.64753,0.999816,-1.76079e-08,-1.039e-25,0.00349457
0.64773,0.999754,-1.75866e-08,-1.04565e-25,0.00349553
0.64793,0.999693,-1.75653e-08,-1.05231e-25,0.00349649
0.64813,0.999632,-1.75441e-08,-1.05897e-25,0.00349745
0.64833,0.999571,-1.75228e-08,-1.06562e-25,0.00349841
0.64853,0.99951,-1.75015e-08,-1.07228e-25,0.00349937
0.64873,0.999448,-1.74802e-08,-1.07894e-25,0.00350032
0.64893,0.999387,-1.74589e-08,-1.08559e-25,0.00350128
0.64913,0.999324,-1.74369e-08,-1.09244e-25,0.00350227
0.64933,0.999257,-1.74133e-08,-1.09982e-25,0.00350333
0.64953,0.999189,-1.73897e-08,-1.1072e-25,0.0035044
0.64973,0.999121,-1.73661e-08,-1.11458e-25,0.00350546
0.64993,0.999053,-1.73425e-08,-1.12197e-25,0.00350652
0.65013,0.998985,-1.73189e-08,-1.12935e-25,0.00350759
0.65033,0.998917,-1.72953e-08,-1.13673e-25,0.00350865
0.65053,0.99885,-1.72716e-08,-1.14411e-25,0.00350971
0.65073,0.998782,-1.7248e-08,-1.15149e-25,0.00351078
0.65093,0.998714,-1.72244e-08,-1.15887e-25,0.00351184
0.65113,0.998646,-1.72008e-08,-1.16625e-25,0.0035129
0.65133,0.998578,-1.71772e-08,-1.17363e-25,0.00351396
0.65153,0.99851,-1.71536e-08,-1.18101e-25,0.00351503
0.65173,0.998443,-1.713e-08,-1.18839e-25,0.00351609
0.65193,0.998375,-1.71064e-08,-1.19577e-25,0.00351715
0.65213,0.998307,-1.70827e-08,-1.20315e-25,0.00351822
0.65233,0.998239,-1.70591e-08,-1.21053e-25,0.00351928
0.652531,0.998171,-1.70355e-08,-1.21791e-25,0.00352034
0.652731,0.998104,-1.70119e-08,-1.22529e-25,0.00352141
0.652931,0.998036,-1.69883e-08,-1.23267e-25,0.00352247
0.653131,0.997968,-1.69647e-08,-1.24005e-25,0.00352353
0.653331,0.9979,-1.69411e-08,-1.24743e-25,0.0035246
0.653531,0.997832,-1.69175e-08,-1.25481e-25,0.00352566
0.653731,0.997764,-1.68938e-08,-1.26219e-25,0.00352672
0.653931,0.997697,-1.68702e-08,-1.26957e-25,0.00352779
0.654131,0.997629,-1.68466e-08,-1.27695e-25,0.00352885
0.654331,0.997561,-1.6823e-08,-1.28433e-25,0.00352991
0.654531,0.997493,-1.67994e-08,-1.29171e-25,0.00353098
0.654731,0.997425,-1.67758e-08,-1.29909e-25,0.00353204
0.654931,0.997357,-1.67522e-08,-1.30647e-25,0.0035331
0.655131,0.99729,-1.67285e-08,-1.31385e-25,0.00353417
0.655331,0.997222,-1.67049e-08,-1.32123e-25,0.00353523
0.655531,0.997154,-1.66813e-08,-1.32861e-25,0.00353629
0.655731,0.997086,-1.66577e-08,-1.33599e-25,0.00353736
0.655931,0.997018,-1.66341e-08,-1.34337e-25,0.00353842
0.656131,0.996951,-1.66105e-08,-1.35075e-25,0.00353948
0.656331,0.996883,-1.65869e-08,-1.35813e-25,0.00354054
0.656531,0.996815,-1.65633e-08,-1.36551e-25,0.00354161
0.656731,0.996747,-1.65396e-08,-1.37289e-25,0.00354267
0.656931,0.996679,-1.6516e-08,-1.38027e-25,0.00354373
0.657131,0.996611,-1.64924e-08,-1.38765e-25,0.0035448
0.657331,0.996544,-1.64688e-08,-1.39503e-25,0.00354586
0.657532,0.996476,-1.64452e-08,-1.40241e-25,0.00354692
0.657732,0.996408,-1.64216e-08,-1.40979e-25,0.00354799
0.657932,0.99634,-1.64081e-08,-1.42096e-25,0.00354903
0.658132,0.996272,-1.6408e-08,-1.43706e-25,0.00355005
0.658332,0.996204,-1.64079e-08,-1.45316e-25,0.00355107
0.658532,0.996137,-1.64078e-08,-1.46927e-25,0.00355208
0.658732,0.996069,-1.64077e-08,-1.48537e-25,0.0035531
0.658932,0.996001,-1.64076e-08,-1.50147e-25,0.00355412
0.659132,0.995933,-1.64074e-08,-1.51758e-25,0.00355514
0.659332,0.995865,-1.64073e-08,-1.53368e-25,0.00355616
0.659532,0.995797,-1.64072e-08,-1.54978e-25,0.00355718
0.659732,0.99573,-1.64071e-08,-1.56589e-25,0.00355819
0.659932,0.995662,-1.6407e-08,-1.58199e-25,0.00355921
0.660132,0.995594,-1.64069e-08,-1.59809e-25,0.00356023
0.660332,0.995526,-1.64067e-08,-1.6142e-25,0.00356125
0.660532,0.995458,-1.64066e-08,-1.6303e-25,0.00356227
0.660732,0.99539,-1.64065e-08,-1.6464e-25,0.00356328
0.660932,0.995323,-1.64064e-08,-1.66251e-25,0.0035643
0.661132,0.995255,-1.64063e-08,-1.67861e-25,0.00356532
0.661332,0.995187,-1.64061e-08,-1.69471e-25,0.00356634
0.661532,0.995119,-1.6406e-08,-1.71082e-25,0.00356736
0.661732,0.995051,-1.64059e-08,-1.72692e-25,0.00356837
0.661932,0.994983,-1.64058e-08,-1.74302e-25,0.00356939
0.662132,0.994916,-1.64057e-08,-1.75913e-25,0.00357041
0.662332,0.994848,-1.64056e-08,-1.77523e-25,0.00357143
0.662533,0.99478,-1.64054e-08,-1.79133e-25,0.00357245
0.662733,0.994712,-1.64053e-08,-1.80744e-25,0.00357346
0.662933,0.994644,-1.64052e-08,-1.82354e-25,0.00357448
0.663133,0.994576,-1.64051e-08,-1.83964e-25,0.0035755
0.663333,0.994509,-1.6405e-08,-1.85575e-25,0.00357652
0.663533,0.994441,-1.64048e-08,-1.87185e-25,0.00357754
0.663733,0.994373,-1.64047e-08,-1.88795e-25,0.00357855
0.663933,0.994305,-1.64046e-08,-1.90406e-25,0.00357957
0.664133,0.994237,-1.64045e-08,-1.92016e-25,0.00358059
0.664333,0.994169,-1.64044e-08,-1.93626e-25,0.00358161
0.664533,0.994102,-1.64043e-08,-1.95237e-25,0.00358263
0.664733,0.994034,-1.64041e-08,-1.96847e-25,0.00358364
0.664933,0.993966,-1.6404e-08,-1.98457e-25,0.00358466
0.665133,0.993898,-1.64039e-08,-2.00068e-25,0.00358568
0.665333,0.99383,-1.64038e-08,-2.01678e-25,0.0035867
0.665533,0.993762,-1.64037e-08,-2.03288e-25,0.00358772
0.665733,0.993695,-1.64035e-08,-2.04899e-25,0.00358873
0.665933,0.993627,-1.64034e-08,-2.06509e-25,0.00358975
0.666133,0.993559,-1.64033e-08,-2.08119e-25,0.00359077
0.666333,0.993491,-1.64032e-08,-2.0973e-25,0.00359179
0.666533,0.993423,-1.64031e-08,-2.1134e-25,0.00359281
0.666733,0.993355,-1.6403e-08,-2.1295e-25,0.00359382
0.666933,0.993288,-1.64028e-08,-2.14561e-25,0.00359484
0.667133,0.99322,-1.64027e-08,-2.16171e-25,0.00359586
0.667333,0.993152,-1.64026e-08,-2.17781e-25,0.00359688
0.667534,0.993084,-1.64025e-08,-2.19392e-25,0.0035979
0.667734,0.993016,-1.64024e-08,-2.21002e-25,0.00359891
0.667934,0.992948,-1.64023e-08,-2.22612e-25,0.00359993
0.668134,0.992881,-1.64021e-08,-2.24223e-25,0.00360095
0.668334,0.992813,-1.6402e-08,-2.25833e-25,0.00360197
0.668534,0.992745,-1.64019e-08,-2.27443e-25,0.00360299
0.668734,0.992677,-1.64018e-08,-2.29054e-25,0.003604
0.668934,0.992609,-1.64017e-08,-2.30664e-25,0.00360502
0.669134,0.992541,-1.64015e-08,-2.32274e-25,0.00360604
0.669334,0.992473,-1.64014e-08,-2.33885e-25,0.00360706
0.669534,0.992406,-1.64013e-08,-2.35495e-25,0.00360808
0.669734,0.992338,-1.64012e-08,-2.37105e-25,0.0036091
0.669934,0.99227,-1.64011e-08,-2.38716e-25,0.00361011
0.670134,0.992202,-1.6401e-08,-2.40326e-25,0.00361113
0.670334,0.992134,-1.64008e-08,-2.41936e-25,0.00361215
0.670534,0.992066,-1.64007e-08,-2.43547e-25,0.00361317
0.670734,0.991999,-1.64006e-08,-2.45157e-25,0.00361419
0.670934,0.991931,-1.64005e-08,-2.46767e-25,0.0036152
0.671134,0.991863,-1.64004e-08,-2.48378e-25,0.00361622
0.671334,0.991795,-1.64002e-08,-2.49988e-25,0.00361724
0.671534,0.991727,-1.64001e-08,-2.51598e-25,0.00361826
0.671734,0.991659,-1.64e-08,-2.53209e-25,0.00361928
0.671934,0.991592,-1.63999e-08,-2.54819e-25,0.00362029
0.672134,0.991524,-1.63998e-08,-2.56429e-25,0.00362131
0.672334,0.991456,-1.63997e-08,-2.5804e-25,0.00362233
0.672535,0.991388,-1.63995e-08,-2.5965e-25,0.00362335
0.672735,0.99132,-1.63994e-08,-2.6126e-25,0.00362437
0.672935,0.991252,-1.63993e-08,-2.62871e-25,0.00362538
0.673135,0.991185,-1.63992e-08,-2.64481e-25,0.0036264
0.673335,0.991117,-1.63991e-08,-2.66091e-25,0.00362742
0.673535,0.991049,-1.6399e-08,-2.67702e-25,0.00362844
0.673735,0.990981,-1.63988e-08,-2.69312e-25,0.00362946
0.673935,0.990913,-1.63987e-08,-2.70922e-25,0.00363047
0.674135,0.990845,-1.63986e-08,-2.72533e-25,0.00363149
0.674335,0.990778,-1.63985e-08,-2.74143e-25,0.00363251
0.674535,0.99071,-1.63984e-08,-2.75753e-25,0.00363353
0.674735,0.990642,-1.63982e-08,-2.77364e-25,0.00363455
0.674935,0.990574,-1.63981e-08,-2.78974e-25,0.00363556
0.675135,0.990506,-1.6398e-08,-2.80584e-25,0.00363658
0.675335,0.990438,-1.63979e-08,-2.82195e-25,0.0036376
0.675535,0.99037,-1.63823e-08,-2.81254e-25,0.00363859
0.675735,0.990302,-1.63621e-08,-2.79536e-25,0.00363956
0.675935,0.990234,-1.63418e-08,-2.77818e-25,0.00364054
0.676135,0.990166,-1.63215e-08,-2.761e-25,0.00364152
0.676335,0.990098,-1.63013e-08,-2.74382e-25,0.00364249
0.676535,0.99003,-1.6281e-08,-2.72664e-25,0.00364347
0.676735,0.989961,-1.62607e-08,-2.70946e-25,0.00364445
0.676935,0.989893,-1.62405e-08,-2.69228e-25,0.00364542
0.677135,0.989825,-1.62202e-08,-2.6751e-25,0.0036464
0.677335,0.989757,-1.61999e-08,-2.65792e-25,0.00364738
0.677536,0.989689,-1.61796e-08,-2.64074e-25,0.00364835
0.677736,0.989621,-1.61594e-08,-2.62356e-25,0.00364933
0.677936,0.989552,-1.61391e-08,-2.60639e-25,0.00365031
0.678136,0.989484,-1.61188e-08,-2.58921e-25,0.00365129
0.678336,0.989416,-1.60986e-08,-2.57203e-25,0.00365226
0.678536,0.989348,-1.60783e-08,-2.55485e-25,0.00365324
0.678736,0.98928,-1.6058e-08,-2.53767e-25,0.00365422
0.678936,0.989212,-1.60378e-08,-2.52049e-25,0.00365519
0.679136,0.989144,-1.60175e-08,-2.50331e-25,0.00365617
0.679336,0.989075,-1.59972e-08,-2.48613e-25,0.00365715
0.679536,0.989007,-1.5977e-08,-2.46895e-25,0.00365812
0.679736,0.988939,-1.59567e-08,-2.45177e-25,0.0036591
0.679936,0.988871,-1.59364e-08,-2.43459e-25,0.00366008
0.680136,0.988803,-1.59162e-08,-2.41741e-25,0.00366105
0.680336,0.988735,-1.58959e-08,-2.40023e-25,0.00366203
0.680536,0.988666,-1.58756e-08,-2.38305e-25,0.00366301
0.680736,0.988598,-1.58554e-08,-2.36587e-25,0.00366398
0.680936,0.98853,-1.58351e-08,-2.34869e-25,0.00366496
0.681136,0.988462,-1.58148e-08,-2.33151e-25,0.00366594
0.681336,0.988394,-1.57946e-08,-2.31433e-25,0.00366691
0.681536,0.988326,-1.57743e-08,-2.29715e-25,0.00366789
0.681736,0.988258,-1.5754e-08,-2.27997e-25,0.00366887
0.681936,0.988189,-1.57338e-08,-2.26279e-25,0.00366985
0.682136,0.988121,-1.57135e-08,-2.24561e-25,0.00367082
0.682336,0.988053,-1.56932e-08,-2.22843e-25,0.0036718
0.682537,0.987985,-1.56729e-08,-2.21125e-25,0.00367278
0.682737,0.987917,-1.56527e-08,-2.19407e-25,0.00367375
0.682937,0.987849,-1.56324e-08,-2.17689e-25,0.00367473
0.683137,0.98778,-1.56121e-08,-2.15971e-25,0.00367571
0.683337,0.987712,-1.55919e-08,-2.14253e-25,0.00367668
0.683537,0.987644,-1.55716e-08,-2.12535e-25,0.00367766
0.683737,0.987576,-1.55513e-08,-2.10817e-25,0.00367864
0.683937,0.987508,-1.55311e-08,-2.09099e-25,0.00367961
0.684137,0.98744,-1.55108e-08,-2.07381e-25,0.00368059
0.684337,0.987365,-1.54885e-08,-2.05489e-25,0.00368167
0.684537,0.987289,-1.5466e-08,-2.03584e-25,0.00368275
0.684737,0.987213,-1.54435e-08,-2.01679e-25,0.00368383
0.684937,0.987138,-1.54211e-08,-1.99774e-25,0.00368492
0.685137,0.987062,-1.53986e-08,-1.97869e-25,0.003686
0.685337,0.986987,-1.53761e-08,-1.95964e-25,0.00368708
0.685537,0.986911,-1.53536e-08,-1.94059e-25,0.00368817
0.685737,0.986836,-1.53312e-08,-1.92154e-25,0.00368925
0.685937,0.98676,-1.53087e-08,-1.90249e-25,0.00369033
0.686137,0.986684,-1.52862e-08,-1.88344e-25,0.00369141
0.686337,0.986609,-1.52637e-08,-1.8644e-25,0.0036925
0.686537,0.986533,-1.52413e-08,-1.84535e-25,0.00369358
0.686737,0.986458,-1.52188e-08,-1.8263e-25,0.00369466
0.686937,0.986382,-1.51963e-08,-1.80725e-25,0.00369575
0.687137,0.986307,-1.51738e-08,-1.7882e-25,0.00369683
0.687337,0.986231,-1.51514e-08,-1.76915e-25,0.00369791
0.687538,0.986155,-1.51289e-08,-1.7501e-25,0.003699
0.687738,0.98608,-1.51064e-08,-1.73105e-25,0.00370008
0.687938,0.986004,-1.50839e-08,-1.712e-25,0.00370116
0.688138,0.985929,-1.50615e-08,-1.69295e-25,0.00370225
0.688338,0.985853,-1.5039e-08,-1.6739e-25,0.00370333
0.688538,0.985778,-1.50165e-08,-1.65485e-25,0.00370441
0.688738,0.985702,-1.4994e-08,-1.6358e-25,0.0037055
0.688938,0.985626,-1.49716e-08,-1.61675e-25,0.00370658
0.689138,0.985551,-1.49491e-08,-1.5977e-25,0.00370766
0.689338,0.985475,-1.49266e-08,-1.57865e-25,0.00370874
0.689538,0.9854,-1.49042e-08,-1.5596e-25,0.00370983
0.689738,0.985324,-1.48817e-08,-1.54055e-25,0.00371091
0.689938,0.985248,-1.48592e-08,-1.5215e-25,0.00371199
0.690138,0.985173,-1.48367e-08,-1.50245e-25,0.00371308
0.690338,0.985097,-1.48143e-08,-1.4834e-25,0.00371416
0.690538,0.985022,-1.47918e-08,-1.46436e-25,0.00371524
0.690738,0.984946,-1.47693e-08,-1.44531e-25,0.00371633
0.690938,0.984871,-1.47468e-08,-1.42626e-25,0.00371741
0.691138,0.984795,-1.47244e-08,-1.40721e-25,0.00371849
0.691338,0.984719,-1.47019e-08,-1.38816e-25,0.00371958
0.691538,0.984644,-1.46794e-08,-1.36911e-25,0.00372066
0.691738,0.984568,-1.46569e-08,-1.35006e-25,0.00372174
0.691938,0.984493,-1.46345e-08,-1.33101e-25,0.00372283
0.692138,0.984417,-1.46199e-08,-1.31295e-25,0.00372389
0.692338,0.984342,-1.46159e-08,-1.29625e-25,0.00372492
0.692539,0.984266,-1.4612e-08,-1.27954e-25,0.00372596
0.692739,0.984191,-1.4608e-08,-1.26284e-25,0.00372699
0.692939,0.984115,-1.46041e-08,-1.24613e-25,0.00372803
0.693139,0.98404,-1.46001e-08,-1.22942e-25,0.00372907
0.693339,0.983964,-1.45962e-08,-1.21272e-25,0.0037301
0.693539,0.983889,-1.45923e-08,-1.19601e-25,0.00373114
0.693739,0.983814,-1.45883e-08,-1.17931e-25,0.00373217
0.693939,0.983738,-1.45844e-08,-1.1626e-25,0.00373321
0.694139,0.983663,-1.45804e-08,-1.14589e-25,0.00373424
0.694339,0.983587,-1.45765e-08,-1.12919e-25,0.00373528
0.694539,0.983512,-1.45725e-08,-1.11248e-25,0.00373631
0.694739,0.983436,-1.45686e-08,-1.09578e-25,0.00373735
0.694939,0.983361,-1.45647e-08,-1.07907e-25,0.00373838
0.695139,0.983285,-1.45607e-08,-1.06236e-25,0.00373942
0.695339,0.98321,-1.45568e-08,-1.04566e-25,0.00374045
0.695539,0.983134,-1.45528e-08,-1.02895e-25,0.00374149
0.695739,0.983059,-1.45489e-08,-1.01225e-25,0.00374252
0.695939,0.982983,-1.4545e-08,-9.95541e-26,0.00374356
0.696139,0.982908,-1.4541e-08,-9.78835e-26,0.0037446
0.696339,0.982833,-1.45371e-08,-9.62129e-26,0.00374563
0.696539,0.982757,-1.45331e-08,-9.45423e-26,0.00374667
0.696739,0.982682,-1.45292e-08,-9.28717e-26,0.0037477
0.696939,0.982606,-1.45252e-08,-9.12011e-26,0.00374874
0.697139,0.982531,-1.45213e-08,-8.95305e-26,0.00374977
0.697339,0.982455,-1.45174e-08,-8.78599e-26,0.00375081
0.69754,0.98238,-1.45134e-08,-8.61893e-26,0.00375184
0.69774,0.982304,-1.45095e-08,-8.45187e-26,0.00375288
0.69794,0.982229,-1.45055e-08,-8.28481e-26,0.00375391
0.69814,0.982153,-1.45016e-08,-8.11775e-26,0.00375495
0.69834,0.982078,-1.44976e-08,-7.95069e-26,0.00375598
0.69854,0.982002,-1.44937e-08,-7.78363e-26,0.00375702
0.69874,0.981927,-1.44898e-08,-7.61657e-26,0.00375806
0.69894,0.981852,-1.44858e-08,-7.44951e-26,0.00375909
0.69914,0.981776,-1.44819e-08,-7.28245e-26,0.00376013
0.69934,0.981701,-1.44779e-08,-7.11539e-26,0.00376116
0.69954,0.981625,-1.4474e-08,-6.94833e-26,0.0037622
0.69974,0.98155,-1.447e-08,-6.78127e-26,0.00376323
0.69994,0.981474,-1.44661e-08,-6.61421e-26,0.00376427
0.70014,0.981399,-1.44622e-08,-6.44715e-26,0.0037653
0.70034,0.981323,-1.44582e-08,-6.28009e-26,0.00376634
0.70054,0.981248,-1.44543e-08,-6.11303e-26,0.00376737
0.70074,0.981172,-1.44503e-08,-5.94597e-26,0.00376841
0.70094,0.981097,-1.44464e-08,-5.77892e-26,0.00376944
0.70114,0.981021,-1.44424e-08,-5.61186e-26,0.00377048
0.70134,0.980946,-1.44385e-08,-5.4448e-26,0.00377151
0.70154,0.980871,-1.44346e-08,-5.27774e-26,0.00377255
0.70174,0.980795,-1.44306e-08,-5.11068e-26,0.00377359
0.70194,0.98072,-1.44267e-08,-4.94362e-26,0.00377462
0.70214,0.980644,-1.44227e-08,-4.77656e-26,0.00377566
0.70234,0.980569,-1.44188e-08,-4.6095e-26,0.00377669
0.702541,0.980493,-1.44148e-08,-4.44244e-26,0.00377773
0.702741,0.980418,-1.44109e-08,-4.27538e-26,0.00377876
0.702941,0.980342,-1.4407e-08,-4.10832e-26,0.0037798
0.703141,0.980267,-1.4403e-08,-3.94126e-26,0.00378083
0.703341,0.980191,-1.43991e-08,-3.7742e-26,0.00378187
0.703541,0.980116,-1.43951e-08,-3.60714e-26,0.0037829
0.703741,0.98004,-1.43912e-08,-3.44008e-26,0.00378394
0.703941,0.979965,-1.43872e-08,-3.27302e-26,0.00378497
0.704141,0.97989,-1.43833e-08,-3.10596e-26,0.00378601
0.704341,0.979814,-1.43794e-08,-2.9389e-26,0.00378705
0.704541,0.979739,-1.43754e-08,-2.77184e-26,0.00378808
0.704741,0.979663,-1.43715e-08,-2.60478e-26,0.00378912
0.704941,0.979588,-1.43675e-08,-2.43772e-26,0.00379015
0.705141,0.979512,-1.43636e-08,-2.27066e-26,0.00379119
0.705341,0.979437,-1.43596e-08,-2.1036e-26,0.00379222
0.705541,0.979361,-1.43557e-08,-1.93654e-26,0.00379326
0.705741,0.979286,-1.43518e-08,-1.76948e-26,0.00379429
0.705941,0.97921,-1.43478e-08,-1.60242e-26,0.00379533
0.706141,0.979135,-1.43439e-08,-1.43536e-26,0.00379636
0.706341,0.979059,-1.43399e-08,-1.2683e-26,0.0037974
0.706541,0.978984,-1.4336e-08,-1.10124e-26,0.00379843
0.706741,0.978909,-1.4332e-08,-9.34184e-27,0.00379947
0.706941,0.978833,-1.43281e-08,-7.67124e-27,0.0038005
0.707141,0.978758,-1.43242e-08,-6.00065e-27,0.00380154
0.707341,0.978682,-1.43202e-08,-4.33005e-27,0.00380258
0.707542,0.978607,-1.43163e-08,-2.65945e-27,0.00380361
0.707742,0.978531,-1.43123e-08,-9.88856e-28,0.00380465
0.707942,0.978456,-1.43028e-08,0,0.00380566
0.708142,0.97838,-1.4285e-08,0,0.00380666
0.708342,0.978304,-1.42673e-08,0,0.00380765
0.708542,0.978229,-1.42496e-08,0,0.00380864
0.708742,0.978153,-1.42318e-08,0,0.00380963
0.708942,0.978077,-1.42141e-08,0,0.00381062
0.709142,0.978001,-1.41963e-08,0,0.00381162
0.709342,0.977926,-1.41786e-08,0,0.00381261
0.709542,0.97785,-1.41609e-08,0,0.0038136
0.709742,0.977774,-1.41431e-08,0,0.00381459
0.709942,0.977699,-1.41254e-08,0,0.00381558
0.710142,0.977623,-1.41077e-08,0,0.00381657
0.710342,0.977547,-1.40899e-08,0,0.00381757
0.710542,0.977472,-1.40722e-08,0,0.00381856
0.710742,0.977396,-1.40544e-08,0,0.00381955
0.710942,0.97732,-1.40367e-08,0,0.00382054
0.711142,0.977244,-1.4019e-08,0,0.00382153
0.711342,0.977169,-1.40012e-08,0,0.00382253
0.711542,0.977093,-1.39835e-08,0,0.00382352
0.711742,0.977017,-1.39657e-08,0,0.00382451
0.711942,0.976942,-1.3948e-08,0,0.0038255
0.712142,0.976866,-1.39303e-08,0,0.00382649
0.712342,0.97679,-1.39125e-08,0,0.00382748
0.712543,0.976714,-1.38948e-08,0,0.00382848
0.712743,0.976639,-1.38771e-08,0,0.00382947
0.712943,0.976563,-1.38593e-08,0,0.00383046
0.713143,0.976487,-1.38416e-08,0,0.00383145
0.713343,0.976412,-1.38238e-08,0,0.00383244
0.713543,0.976336,-1.38061e-08,0,0.00383344
0.713743,0.97626,-1.37884e-08,0,0.00383443
0.713943,0.976185,-1.37706e-08,0,0.00383542
0.714143,0.976109,-1.37529e-08,0,0.00383641
0.714343,0.976033,-1.37352e-08,0,0.0038374
0.714543,0.975957,-1.37174e-08,0,0.0038384
0.714743,0.975882,-1.36997e-08,0,0.00383939
0.714943,0.975806,-1.36819e-08,0,0.00384038
0.715143,0.97573,-1.36642e-08,0,0.00384137
0.715343,0.975655,-1.36465e-08,0,0.00384236
0.715543,0.975579,-1.36287e-08,0,0.00384335
0.715743,0.975503,-1.3611e-08,0,0.00384435
0.715943,0.97542,-1.35915e-08,0,0.00384544
0.716143,0.975336,-1.35719e-08,0,0.00384654
0.716343,0.975252,-1.35522e-08,0,0.00384764
0.716543,0.975168,-1.35325e-08,0,0.00384874
0.716743,0.975084,-1.35128e-08,0,0.00384984
0.716943,0.975,-1.34932e-08,0,0.00385094
0.717143,0.974916,-1.34735e-08,0,0.00385204
0.717343,0.974832,-1.34538e-08,0,0.00385314
0.717544,0.974748,-1.34342e-08,0,0.00385424
0.717744,0.974664,-1.34145e-08,0,0.00385534
0.717944,0.974581,-1.33948e-08,0,0.00385644
0.718144,0.974497,-1.33751e-08,0,0.00385754
0.718344,0.974413,-1.33555e-08,0,0.00385863
0.718544,0.974329,-1.33358e-08,0,0.00385973
0.718744,0.974245,-1.33161e-08,0,0.00386083
0.718944,0.974161,-1.32965e-08,0,0.00386193
0.719144,0.974077,-1.32768e-08,0,0.00386303
0.719344,0.973993,-1.32571e-08,0,0.00386413
0.719544,0.973909,-1.32375e-08,0,0.00386523
0.719744,0.973825,-1.32178e-08,0,0.00386633
0.719944,0.973741,-1.31981e-08,0,0.00386743
0.720144,0.973657,-1.31784e-08,0,0.00386853
0.720344,0.973573,-1.31588e-08,0,0.00386963
0.720544,0.973489,-1.31391e-08,0,0.00387073
0.720744,0.973405,-1.31194e-08,0,0.00387183
0.720944,0.973321,-1.30998e-08,0,0.00387293
0.721144,0.973237,-1.30801e-08,0,0.00387403
0.721344,0.973153,-1.30604e-08,0,0.00387513
0.721544,0.973069,-1.30408e-08,0,0.00387623
0.721744,0.972985,-1.30211e-08,0,0.00387733
0.721944,0.972901,-1.30014e-08,0,0.00387843
0.722144,0.972817,-1.29817e-08,0,0.00387953
0.722344,0.972734,-1.29621e-08,0,0.00388063
0.722545,0.97265,-1.29424e-08,0,0.00388173
0.722745,0.972566,-1.29227e-08,0,0.00388283
0.722945,0.972482,-1.29081e-08,-5.14292e-28,0.00388392
0.723145,0.972398,-1.29057e-08,-2.2879e-27,0.00388497
0.723345,0.972314,-1.29032e-08,-4.06151e-27,0.00388602
0.723545,0.972231,-1.29008e-08,-5.83511e-27,0.00388707
0.723745,0.972147,-1.28984e-08,-7.60872e-27,0.00388812
0.723945,0.972063,-1.2896e-08,-9.38233e-27,0.00388917
0.724145,0.971979,-1.28936e-08,-1.11559e-26,0.00389022
0.724345,0.971896,-1.28912e-08,-1.29295e-26,0.00389127
0.724545,0.971812,-1.28888e-08,-1.47032e-26,0.00389232
0.724745,0.971728,-1.28864e-08,-1.64768e-26,0.00389337
0.724945,0.971644,-1.2884e-08,-1.82504e-26,0.00389442
0.725145,0.971561,-1.28816e-08,-2.0024e-26,0.00389547
0.725345,0.971477,-1.28791e-08,-2.17976e-26,0.00389652
0.725545,0.971393,-1.28767e-08,-2.35712e-26,0.00389757
0.725745,0.97131,-1.28743e-08,-2.53448e-26,0.00389862
0.725945,0.971226,-1.28719e-08,-2.71184e-26,0.00389967
0.726145,0.971142,-1.28695e-08,-2.8892e-26,0.00390072
0.726345,0.971058,-1.28671e-08,-3.06656e-26,0.00390177
0.726545,0.970975,-1.28647e-08,-3.24392e-26,0.00390282
0.726745,0.970891,-1.28623e-08,-3.42128e-26,0.00390387
0.726945,0.970807,-1.28599e-08,-3.59864e-26,0.00390492
0.727145,0.970723,-1.28574e-08,-3.776e-26,0.00390597
0.727345,0.97064,-1.2855e-08,-3.95337e-26,0.00390702
0.727546,0.970556,-1.28526e-08,-4.13073e-26,0.00390807
0.727746,0.970472,-1.28502e-08,-4.30809e-26,0.00390912
0.727946,0.970389,-1.28478e-08,-4.48545e-26,0.00391017
0.728146,0.970305,-1.28454e-08,-4.66281e-26,0.00391122
0.728346,0.970221,-1.2843e-08,-4.84017e-26,0.00391227
0.728546,0.970137,-1.28406e-08,-5.01753e-26,0.00391332
0.728746,0.970054,-1.28382e-08,-5.19489e-26,0.00391437
0.728946,0.96997,-1.28358e-08,-5.37225e-26,0.00391542
0.729146,0.969886,-1.28333e-08,-5.54961e-26,0.00391647
0.729346,0.969802,-1.28309e-08,-5.72697e-26,0.00391752
0.729546,0.969719,-1.28285e-08,-5.90433e-26,0.00391857
0.729746,0.969635,-1.28261e-08,-6.08169e-26,0.00391962
0.729946,0.969551,-1.28237e-08,-6.25906e-26,0.00392067
0.730146,0.969468,-1.28213e-08,-6.43642e-26,0.00392172
0.730346,0.969384,-1.28189e-08,-6.61378e-26,0.00392277
0.730546,0.9693,-1.28165e-08,-6.79114e-26,0.00392382
0.730746,0.969216,-1.28141e-08,-6.9685e-26,0.00392487
0.730946,0.969133,-1.28116e-08,-7.14586e-26,0.00392592
0.731146,0.969049,-1.28092e-08,-7.32322e-26,0.00392697
0.731346,0.968965,-1.28068e-08,-7.50058e-26,0.00392802
0.731546,0.968882,-1.28044e-08,-7.67794e-26,0.00392907
0.731746,0.968798,-1.2802e-08,-7.8553e-26,0.00393012
0.731946,0.968714,-1.27996e-08,-8.03266e-26,0.00393117
0.732146,0.96863,-1.27972e-08,-8.21002e-26,0.00393222
0.732346,0.968547,-1.27948e-08,-8.38738e-26,0.00393327
0.732547,0.968463,-1.27924e-08,-8.56475e-26,0.00393432
0.732747,0.968379,-1.279e-08,-8.74211e-26,0.00393537
0.732947,0.968295,-1.27875e-08,-8.91947e-26,0.00393642
0.733147,0.968212,-1.27851e-08,-9.09683e-26,0.00393747
0.733347,0.968128,-1.27827e-08,-9.27419e-26,0.00393852
0.733547,0.968044,-1.27803e-08,-9.45155e-26,0.00393957
0.733747,0.967961,-1.27779e-08,-9.62891e-26,0.00394062
0.733947,0.967877,-1.27755e-08,-9.80627e-26,0.00394167
0.734147,0.967793,-1.27731e-08,-9.98363e-26,0.00394272
0.734347,0.967709,-1.27707e-08,-1.0161e-25,0.00394377
0.734547,0.967626,-1.27683e-08,-1.03384e-25,0.00394482
0.734747,0.967542,-1.27658e-08,-1.05157e-25,0.00394587
0.734947,0.967458,-1.27634e-08,-1.06931e-25,0.00394692
0.735147,0.967374,-1.2761e-08,-1.08704e-25,0.00394797
0.735347,0.967291,-1.27586e-08,-1.10478e-25,0.00394902
0.735547,0.967207,-1.27562e-08,-1.12252e-25,0.00395007
0.735747,0.967123,-1.27538e-08,-1.14025e-25,0.00395112
0.735947,0.96704,-1.27514e-08,-1.15799e-25,0.00395217
0.736147,0.966956,-1.2749e-08,-1.17572e-25,0.00395322
0.736347,0.966872,-1.27466e-08,-1.19346e-25,0.00395427
0.736547,0.966788,-1.27442e-08,-1.2112e-25,0.00395532
0.736747,0.966705,-1.27417e-08,-1.22893e-25,0.00395637
0.736947,0.966621,-1.27393e-08,-1.24667e-25,0.00395742
0.737147,0.966537,-1.27362e-08,-1.26425e-25,0.00395847
0.737347,0.966453,-1.27242e-08,-1.27986e-25,0.00395947
0.737548,0.966369,-1.27121e-08,-1.29547e-25,0.00396048
0.737748,0.966285,-1.27e-08,-1.31108e-25,0.00396148
0.737948,0.966202,-1.2688e-08,-1.32669e-25,0.00396248
0.738148,0.966118,-1.26759e-08,-1.3423e-25,0.00396349
0.738348,0.966034,-1.26638e-08,-1.35791e-25,0.00396449
0.738548,0.96595,-1.26517e-08,-1.37352e-25,0.0039655
0.738748,0.965866,-1.26397e-08,-1.38913e-25,0.0039665
0.738948,0.965782,-1.26276e-08,-1.40474e-25,0.00396751
0.739148,0.965698,-1.26155e-08,-1.42035e-25,0.00396851
0.739348,0.965614,-1.26035e-08,-1.43596e-25,0.00396952
0.739548,0.96553,-1.25914e-08,-1.45157e-25,0.00397052
0.739748,0.965446,-1.25793e-08,-1.46718e-25,0.00397153
0.739948,0.965363,-1.25672e-08,-1.48279e-25,0.00397253
0.740148,0.965279,-1.25552e-08,-1.4984e-25,0.00397354
0.740348,0.965195,-1.25431e-08,-1.51401e-25,0.00397454
0.740548,0.965111,-1.2531e-08,-1.52962e-25,0.00397554
0.740748,0.965027,-1.25189e-08,-1.54523e-25,0.00397655
0.740948,0.964943,-1.25069e-08,-1.56084e-25,0.00397755
0.741148,0.964859,-1.24948e-08,-1.57645e-25,0.00397856
0.741348,0.964775,-1.24827e-08,-1.59206e-25,0.00397956
0.741548,0.964691,-1.24707e-08,-1.60767e-25,0.00398057
0.741748,0.964607,-1.24586e-08,-1.62328e-25,0.00398157
0.741948,0.964523,-1.24465e-08,-1.63889e-25,0.00398258
0.742148,0.96444,-1.24344e-08,-1.6545e-25,0.00398358
0.742348,0.964356,-1.24224e-08,-1.67011e-25,0.00398459
0.742549,0.964272,-1.24103e-08,-1.68572e-25,0.00398559
0.742749,0.964188,-1.23982e-08,-1.70133e-25,0.0039866
0.742949,0.964104,-1.23862e-08,-1.71694e-25,0.0039876
0.743149,0.96402,-1.23741e-08,-1.73255e-25,0.0039886
0.743349,0.963936,-1.2362e-08,-1.74816e-25,0.00398961
0.743549,0.963852,-1.23499e-08,-1.76377e-25,0.00399061
0.743749,0.963768,-1.23379e-08,-1.77938e-25,0.00399162
0.743949,0.963684,-1.23258e-08,-1.79499e-25,0.00399262
0.744149,0.963601,-1.23137e-08,-1.81059e-25,0.00399363
0.744349,0.963512,-1.2301e-08,-1.82699e-25,0.00399468
0.744549,0.963419,-1.22877e-08,-1.8443e-25,0.0039958
0.744749,0.963326,-1.22743e-08,-1.86161e-25,0.00399691
0.744949,0.963233,-1.22609e-08,-1.87892e-25,0.00399803
0.745149,0.96314,-1.22475e-08,-1.89624e-25,0.00399914
0.745349,0.963047,-1.22341e-08,-1.91355e-25,0.00400025
0.745549,0.962954,-1.22207e-08,-1.93086e-25,0.00400137
0.745749,0.962861,-1.22073e-08,-1.94817e-25,0.00400248
0.745949,0.962768,-1.21939e-08,-1.96548e-25,0.0040036
0.746149,0.962675,-1.21806e-08,-1.9828e-25,0.00400471
0.746349,0.962582,-1.21672e-08,-2.00011e-25,0.00400582
0.746549,0.962489,-1.21538e-08,-2.01742e-25,0.00400694
0.746749,0.962396,-1.21404e-08,-2.03473e-25,0.00400805
0.746949,0.962303,-1.2127e-08,-2.05205e-25,0.00400917
0.747149,0.96221,-1.21136e-08,-2.06936e-25,0.00401028
0.747349,0.962117,-1.21002e-08,-2.08667e-25,0.0040114
0.74755,0.962024,-1.20868e-08,-2.10398e-25,0.00401251
0.74775,0.96193,-1.20734e-08,-2.12129e-25,0.00401362
0.74795,0.961837,-1.20601e-08,-2.13861e-25,0.00401474
0.74815,0.961744,-1.20467e-08,-2.15592e-25,0.00401585
0.74835,0.961651,-1.20333e-08,-2.17323e-25,0.00401697
0.74855,0.961558,-1.20199e-08,-2.19054e-25,0.00401808
0.74875,0.961465,-1.20065e-08,-2.20785e-25,0.0040192
0.74895,0.961372,-1.19931e-08,-2.22517e-25,0.00402031
0.74915,0.961279,-1.19797e-08,-2.24248e-25,0.00402142
0.74935,0.961186,-1.19663e-08,-2.25979e-25,0.00402254
0.74955,0.961093,-1.1953e-08,-2.2771e-25,0.00402365
0.74975,0.961,-1.19396e-08,-2.29441e-25,0.00402477
0.74995,0.960907,-1.19262e-08,-2.31173e-25,0.00402588
0.75015,0.960814,-1.19128e-08,-2.32904e-25,0.00402699
0.75035,0.960721,-1.18994e-08,-2.34635e-25,0.00402811
0.75055,0.960628,-1.1886e-08,-2.36366e-25,0.00402922
0.75075,0.960535,-1.1878e-08,-2.44014e-25,0.00403032
0.75095,0.960442,-1.18795e-08,-2.61982e-25,0.00403138
0.75115,0.960349,-1.1881e-08,-2.7995e-25,0.00403244
0.75135,0.960257,-1.18824e-08,-2.97918e-25,0.00403351
0.75155,0.960164,-1.18839e-08,-3.15886e-25,0.00403457
0.75175,0.960071,-1.18854e-08,-3.33854e-25,0.00403563
0.75195,0.959978,-1.18869e-08,-3.51822e-25,0.00403669
0.75215,0.959886,-1.18883e-08,-3.69789e-25,0.00403776
0.75235,0.959793,-1.18898e-08,-3.87757e-25,0.00403882
0.752551,0.9597,-1.18913e-08,-4.05725e-25,0.00403988
0.752751,0.959608,-1.18927e-08,-4.23693e-25,0.00404094
0.752951,0.959515,-1.18942e-08,-4.41661e-25,0.00404201
0.753151,0.959422,-1.18957e-08,-4.59629e-25,0.00404307
0.753351,0.959329,-1.18972e-08,-4.77597e-25,0.00404413
0.753551,0.959237,-1.18986e-08,-4.95564e-25,0.00404519
0.753751,0.959144,-1.19001e-08,-5.13532e-25,0.00404626
0.753951,0.959051,-1.19016e-08,-5.315e-25,0.00404732
0.754151,0.958959,-1.1903e-08,-5.49468e-25,0.00404838
0.754351,0.958866,-1.19045e-08,-5.67436e-25,0.00404944
0.754551,0.958773,-1.1906e-08,-5.85404e-25,0.0040505
0.754751,0.95868,-1.19074e-08,-6.03372e-25,0.00405157
0.754951,0.958588,-1.19089e-08,-6.21339e-25,0.00405263
0.755151,0.958495,-1.19104e-08,-6.39307e-25,0.00405369
0.755351,0.958402,-1.19119e-08,-6.57275e-25,0.00405475
0.755551,0.958309,-1.19133e-08,-6.75243e-25,0.00405582
0.755751,0.958217,-1.19148e-08,-6.93211e-25,0.00405688
0.755951,0.958124,-1.19163e-08,-7.11179e-25,0.00405794
0.756151,0.958031,-1.19177e-08,-7.29147e-25,0.004059
0.756351,0.957939,-1.19192e-08,-7.47114e-25,0.00406007
0.756551,0.957846,-1.19207e-08,-7.65082e-25,0.00406113
0.756751,0.957753,-1.19221e-08,-7.8305e-25,0.00406219
0.756951,0.95766,-1.19236e-08,-8.01018e-25,0.00406325
0.757151,0.957568,-1.19251e-08,-8.18986e-25,0.00406432
0.757351,0.957475,-1.19266e-08,-8.36954e-25,0.00406538
0.757552,0.957382,-1.1928e-08,-8.54922e-25,0.00406644
0.757752,0.95729,-1.19295e-08,-8.72889e-25,0.0040675
0.757952,0.957197,-1.1931e-08,-8.90857e-25,0.00406857
0.758152,0.957104,-1.19324e-08,-9.08825e-25,0.00406963
0.758352,0.957011,-1.19339e-08,-9.26793e-25,0.00407069
0.758552,0.956919,-1.19354e-08,-9.44761e-25,0.00407175
0.758752,0.956826,-1.19369e-08,-9.62729e-25,0.00407282
0.758952,0.956733,-1.19383e-08,-9.80697e-25,0.00407388
0.759152,0.956641,-1.19398e-08,-9.98664e-25,0.00407494
0.759352,0.956548,-1.19413e-08,-1.01663e-24,0.004076
0.759552,0.956455,-1.19427e-08,-1.0346e-24,0.00407707
0.759752,0.956362,-1.19442e-08,-1.05257e-24,0.00407813
0.759952,0.95627,-1.19457e-08,-1.07054e-24,0.00407919
0.760152,0.956177,-1.19471e-08,-1.0885e-24,0.00408025
0.760352,0.956084,-1.19486e-08,-1.10647e-24,0.00408132
0.760552,0.955991,-1.19501e-08,-1.12444e-24,0.00408238
0.760752,0.955899,-1.19516e-08,-1.14241e-24,0.00408344
0.760952,0.955806,-1.1953e-08,-1.16038e-24,0.0040845
0.761152,0.955713,-1.19545e-08,-1.17834e-24,0.00408557
0.761352,0.955621,-1.1956e-08,-1.19631e-24,0.00408663
0.761552,0.955528,-1.19574e-08,-1.21428e-24,0.00408769
0.761752,0.955435,-1.19589e-08,-1.23225e-24,0.00408875
0.761952,0.955342,-1.19604e-08,-1.25021e-24,0.00408982
0.762152,0.95525,-1.19619e-08,-1.26818e-24,0.00409088
0.762352,0.955157,-1.19633e-08,-1.28615e-24,0.00409194
0.762553,0.955064,-1.19648e-08,-1.30412e-24,0.004093
0.762753,0.954972,-1.19663e-08,-1.32209e-24,0.00409407
0.762953,0.954879,-1.19677e-08,-1.34005e-24,0.00409513
0.763153,0.954786,-1.19692e-08,-1.35802e-24,0.00409619
0.763353,0.954693,-1.19707e-08,-1.37599e-24,0.00409725
0.763553,0.954601,-1.1971e-08,-1.38368e-24,0.00409831
0.763753,0.954508,-1.19657e-08,-1.34199e-24,0.00409932
0.763953,0.954415,-1.19604e-08,-1.30031e-24,0.00410034
0.764153,0.954322,-1.19551e-08,-1.25863e-24,0.00410135
0.764353,0.954229,-1.19498e-08,-1.21694e-24,0.00410237
0.764553,0.954136,-1.19445e-08,-1.17526e-24,0.00410338
0.764753,0.954044,-1.19392e-08,-1.13357e-24,0.0041044
0.764953,0.953951,-1.19339e-08,-1.09189e-24,0.00410542
0.765153,0.953858,-1.19286e-08,-1.05021e-24,0.00410643
0.765353,0.953765,-1.19233e-08,-1.00852e-24,0.00410745
0.765553,0.953672,-1.1918e-08,-9.66839e-25,0.00410846
0.765753,0.953579,-1.19127e-08,-9.25155e-25,0.00410948
0.765953,0.953487,-1.19074e-08,-8.83471e-25,0.00411049
0.766153,0.953394,-1.19021e-08,-8.41787e-25,0.00411151
0.766353,0.953301,-1.18969e-08,-8.00103e-25,0.00411252
0.766553,0.953208,-1.18916e-08,-7.58418e-25,0.00411354
0.766753,0.953115,-1.18863e-08,-7.16734e-25,0.00411456
0.766953,0.953022,-1.1881e-08,-6.7505e-25,0.00411557
0.767153,0.952929,-1.18757e-08,-6.33366e-25,0.00411659
0.767353,0.952837,-1.18704e-08,-5.91682e-25,0.0041176
0.767554,0.952744,-1.18651e-08,-5.49998e-25,0.00411862
0.767754,0.952651,-1.18598e-08,-5.08314e-25,0.00411963
0.767954,0.952558,-1.18545e-08,-4.6663e-25,0.00412065
0.768154,0.952465,-1.18492e-08,-4.24946e-25,0.00412166
0.768354,0.952372,-1.18439e-08,-3.83262e-25,0.00412268
0.768554,0.95228,-1.18386e-08,-3.41578e-25,0.00412369
0.768754,0.952187,-1.18333e-08,-2.99894e-25,0.00412471
0.768954,0.952094,-1.1828e-08,-2.5821e-25,0.00412573
0.769154,0.952001,-1.18227e-08,-2.16526e-25,0.00412674
0.769354,0.951908,-1.18174e-08,-1.74842e-25,0.00412776
0.769554,0.951815,-1.18121e-08,-1.33158e-25,0.00412877
0.769754,0.951722,-1.18068e-08,-9.1474e-26,0.00412979
0.769954,0.951629,-1.18015e-08,-4.94431e-26,0.00413081
0.770154,0.951526,-1.17956e-08,-3.20987e-27,0.00413194
0.770354,0.951423,-1.17898e-08,4.30233e-26,0.00413306
0.770554,0.95132,-1.17839e-08,8.92565e-26,0.00413419
0.770754,0.951217,-1.1778e-08,1.3549e-25,0.00413532
0.770954,0.951114,-1.17721e-08,1.81723e-25,0.00413644
0.771154,0.951011,-1.17663e-08,2.27956e-25,0.00413757
0.771354,0.950908,-1.17604e-08,2.74189e-25,0.0041387
0.771554,0.950805,-1.17545e-08,3.20423e-25,0.00413982
0.771754,0.950702,-1.17487e-08,3.66656e-25,0.00414095
0.771954,0.950599,-1.17428e-08,4.12889e-25,0.00414207
0.772154,0.950496,-1.17369e-08,4.59122e-25,0.0041432
0.772354,0.950393,-1.1731e-08,5.05355e-25,0.00414433
0.772555,0.95029,-1.17252e-08,5.51589e-25,0.00414545
0.772755,0.950187,-1.17193e-08,5.97822e-25,0.00414658
0.772955,0.950084,-1.17134e-08,6.44055e-25,0.00414771
0.773155,0.949981,-1.17076e-08,6.90288e-25,0.00414883
0.773355,0.949878,-1.17017e-08,7.36521e-25,0.00414996
0.773555,0.949775,-1.16958e-08,7.82755e-25,0.00415109
0.773755,0.949672,-1.16899e-08,8.28988e-25,0.00415221
0.773955,0.949569,-1.16841e-08,8.75221e-25,0.00415334
0.774155,0.949466,-1.16782e-08,9.21454e-25,0.00415446
0.774355,0.949363,-1.16723e-08,9.67687e-25,0.00415559
0.774555,0.94926,-1.16664e-08,1.01392e-24,0.00415672
0.774755,0.949157,-1.16606e-08,1.06015e-24,0.00415784
0.774955,0.949054,-1.16547e-08,1.10639e-24,0.00415897
0.775155,0.948951,-1.16488e-08,1.15262e-24,0.0041601
0.775355,0.948848,-1.1643e-08,1.19885e-24,0.00416122
0.775555,0.948745,-1.16371e-08,1.24509e-24,0.00416235
0.775755,0.948643,-1.16329e-08,1.28124e-24,0.00416347
0.775955,0.94854,-1.16387e-08,1.25904e-24,0.00416454
0.776155,0.948437,-1.16444e-08,1.23684e-24,0.00416561
0.776355,0.948335,-1.16502e-08,1.21464e-24,0.00416669
0.776555,0.948232,-1.16559e-08,1.19244e-24,0.00416776
0.776755,0.94813,-1.16617e-08,1.17024e-24,0.00416883
0.776955,0.948027,-1.16674e-08,1.14804e-24,0.00416991
0.777155,0.947925,-1.16732e-08,1.12584e-24,0.00417098
0.777355,0.947822,-1.16789e-08,1.10363e-24,0.00417205
0.777556,0.94772,-1.16847e-08,1.08143e-24,0.00417312
0.777756,0.947617,-1.16904e-08,1.05923e-24,0.0041742
0.777956,0.947515,-1.16962e-08,1.03703e-24,0.00417527
0.778156,0.947412,-1.17019e-08,1.01483e-24,0.00417634
0.778356,0.94731,-1.17077e-08,9.92628e-25,0.00417742
0.778556,0.947207,-1.17135e-08,9.70427e-25,0.00417849
0.778756,0.947104,-1.17192e-08,9.48226e-25,0.00417956
0.778956,0.947002,-1.1725e-08,9.26025e-25,0.00418064
0.779156,0.946899,-1.17307e-08,9.03824e-25,0.00418171
0.779356,0.946797,-1.17365e-08,8.81623e-25,0.00418278
0.779556,0.946694,-1.17422e-08,8.59422e-25,0.00418385
0.779756,0.946592,-1.1748e-08,8.37221e-25,0.00418493
0.779956,0.946489,-1.17537e-08,8.1502e-25,0.004186
0.780156,0.946387,-1.17595e-08,7.92818e-25,0.00418707
0.780356,0.946284,-1.17652e-08,7.70617e-25,0.00418815
0.780556,0.946182,-1.1771e-08,7.48416e-25,0.00418922
0.780756,0.946079,-1.17767e-08,7.26215e-25,0.00419029
0.780956,0.945976,-1.17825e-08,7.04014e-25,0.00419137
0.781156,0.945874,-1.17882e-08,6.81813e-25,0.00419244
0.781356,0.945771,-1.1794e-08,6.59612e-25,0.00419351
0.781556,0.945669,-1.17997e-08,6.37411e-25,0.00419459
0.781756,0.945566,-1.18055e-08,6.1521e-25,0.00419566
0.781956,0.945464,-1.18112e-08,5.93008e-25,0.00419673
0.782156,0.945361,-1.1817e-08,5.70807e-25,0.0041978
0.782356,0.945259,-1.18227e-08,5.48606e-25,0.00419888
0.782557,0.945156,-1.18285e-08,5.26405e-25,0.00419995
0.782757,0.945054,-1.18342e-08,5.04204e-25,0.00420102
0.782957,0.944951,-1.184e-08,4.82003e-25,0.0042021
0.783157,0.944848,-1.18458e-08,4.59802e-25,0.00420317
0.783357,0.944746,-1.18515e-08,4.37601e-25,0.00420424
0.783557,0.944643,-1.18573e-08,4.154e-25,0.00420532
0.783757,0.944541,-1.1863e-08,3.93198e-25,0.00420639
0.783957,0.944438,-1.18688e-08,3.70997e-25,0.00420746
0.784157,0.944336,-1.18745e-08,3.48796e-25,0.00420854
0.784357,0.944233,-1.18803e-08,3.26595e-25,0.00420961
0.784557,0.944131,-1.1886e-08,3.04394e-25,0.00421068
0.784757,0.944028,-1.18918e-08,2.82193e-25,0.00421175
0.784957,0.943926,-1.18975e-08,2.59992e-25,0.00421283
0.785157,0.943823,-1.19033e-08,2.37791e-25,0.0042139
0.785357,0.94372,-1.1909e-08,2.1559e-25,0.00421497
0.785557,0.943618,-1.19148e-08,1.93388e-25,0.00421605
0.785757,0.943515,-1.19205e-08,1.71187e-25,0.00421712
0.785957,0.943413,-1.19263e-08,1.48986e-25,0.00421819
0.786157,0.94331,-1.1932e-08,1.26785e-25,0.00421927
0.786357,0.943208,-1.19378e-08,1.04584e-25,0.00422034
0.786557,0.943105,-1.19435e-08,8.23828e-26,0.00422141
0.786757,0.943003,-1.19493e-08,6.01817e-26,0.00422249
0.786957,0.9429,-1.1955e-08,3.79806e-26,0.00422356
0.787157,0.942798,-1.19608e-08,1.57795e-26,0.00422463
0.787357,0.942695,-1.19651e-08,0,0.00422569
0.787558,0.942592,-1.1966e-08,0,0.00422672
0.787758,0.94249,-1.19669e-08,0,0.00422774
0.787958,0.942387,-1.19678e-08,0,0.00422876
0.788158,0.942284,-1.19687e-08,0,0.00422979
0.788358,0.942182,-1.19696e-08,0,0.00423081
0.788558,0.942079,-1.19705e-08,0,0.00423184
0.788758,0.941977,-1.19714e-08,0,0.00423286
0.788958,0.941874,-1.19723e-08,0,0.00423389
0.789158,0.941771,-1.19732e-08,0,0.00423491
0.789358,0.941669,-1.19741e-08,0,0.00423594
0.789558,0.941566,-1.1975e-08,0,0.00423696
0.789758,0.941463,-1.19759e-08,0,0.00423799
0.789958,0.941361,-1.19768e-08,0,0.00423901
0.790158,0.941258,-1.19777e-08,0,0.00424004
0.790358,0.941156,-1.19786e-08,0,0.00424106
0.790558,0.941053,-1.19795e-08,0,0.00424209
0.790758,0.94095,-1.19804e-08,0,0.00424311
0.790958,0.940848,-1.19813e-08,0,0.00424414
0.791158,0.940745,-1.19822e-08,0,0.00424516
0.791358,0.940642,-1.1983e-08,0,0.00424618
0.791558,0.94054,-1.19839e-08,0,0.00424721
0.791758,0.940437,-1.19848e-08,0,0.00424823
0.791958,0.940335,-1.19857e-08,0,0.00424926
0.792158,0.940232,-1.19866e-08,0,0.00425028
0.792358,0.940129,-1.19875e-08,0,0.00425131
0.792559,0.940027,-1.19884e-08,0,0.00425233
0.792759,0.939924,-1.19893e-08,0,0.00425336
0.792959,0.939821,-1.19902e-08,0,0.00425438
0.793159,0.939715,-1.19911e-08,0,0.00425545
0.793359,0.939601,-1.19921e-08,0,0.00425658
0.793559,0.939487,-1.19931e-08,0,0.00425772
0.793759,0.939373,-1.19941e-08,0,0.00425886
0.793959,0.939259,-1.19951e-08,0,0.00425999
0.794159,0.939146,-1.19961e-08,0,0.00426113
0.794359,0.939032,-1.19971e-08,0,0.00426227
0.794559,0.938918,-1.19981e-08,0,0.0042634
0.794759,0.938804,-1.19991e-08,0,0.00426454
0.794959,0.93869,-1.20001e-08,0,0.00426568
0.795159,0.938576,-1.20011e-08,0,0.00426681
0.795359,0.938462,-1.20021e-08,0,0.00426795
0.795559,0.938349,-1.20031e-08,0,0.00426909
0.795759,0.938235,-1.2004e-08,0,0.00427022
0.795959,0.938121,-1.2005e-08,0,0.00427136
0.796159,0.938007,-1.2006e-08,0,0.0042725
0.796359,0.937893,-1.2007e-08,0,0.00427363
0.796559,0.937779,-1.2008e-08,0,0.00427477
0.796759,0.937666,-1.2009e-08,0,0.00427591
0.796959,0.937552,-1.201e-08,0,0.00427704
0.797159,0.937438,-1.2011e-08,0,0.00427818
0.797359,0.937324,-1.2012e-08,0,0.00427932
0.79756,0.93721,-1.2013e-08,0,0.00428045
0.79776,0.937096,-1.2014e-08,0,0.00428159
0.79796,0.936983,-1.2015e-08,0,0.00428273
0.79816,0.936869,-1.2016e-08,0,0.00428386
0.79836,0.936755,-1.20192e-08,-3.09864e-26,0.00428498
0.79856,0.936642,-1.20281e-08,-1.39409e-25,0.00428607
0.79876,0.936528,-1.2037e-08,-2.47832e-25,0.00428715
0.79896,0.936415,-1.2046e-08,-3.56254e-25,0.00428823
0.79916,0.936302,-1.20549e-08,-4.64677e-25,0.00428931
0.79936,0.936188,-1.20638e-08,-5.73099e-25,0.00429039
0.79956,0.936075,-1.20727e-08,-6.81522e-25,0.00429148
0.79976,0.935962,-1.20816e-08,-7.89944e-25,0.00429256
0.79996,0.935849,-1.20905e-08,-8.98367e-25,0.00429364
0.80016,0.935735,-1.20994e-08,-1.00679e-24,0.00429472
0.80036,0.935622,-1.21083e-08,-1.11521e-24,0.0042958
0.80056,0.935509,-1.21173e-08,-1.22363e-24,0.00429689
0.80076,0.935395,-1.21262e-08,-1.33206e-24,0.00429797
0.80096,0.935282,-1.21351e-08,-1.44048e-24,0.00429905
0.80116,0.935169,-1.2144e-08,-1.5489e-24,0.00430013
0.80136,0.935055,-1.21529e-08,-1.65732e-24,0.00430122
0.80156,0.934942,-1.21618e-08,-1.76575e-24,0.0043023
0.80176,0.934829,-1.21707e-08,-1.87417e-24,0.00430338
0.80196,0.934715,-1.21796e-08,-1.98259e-24,0.00430446
0.80216,0.934602,-1.21886e-08,-2.09102e-24,0.00430554
0.80236,0.934489,-1.21975e-08,-2.19944e-24,0.00430663
0.802561,0.934375,-1.22064e-08,-2.30786e-24,0.00430771
0.802761,0.934262,-1.22153e-08,-2.41628e-24,0.00430879
0.802961,0.934149,-1.22242e-08,-2.52471e-24,0.00430987
0.803161,0.934035,-1.22331e-08,-2.63313e-24,0.00431095
0.803361,0.933922,-1.2242e-08,-2.74155e-24,0.00431204
0.803561,0.933809,-1.22509e-08,-2.84997e-24,0.00431312
0.803761,0.933696,-1.22598e-08,-2.9584e-24,0.0043142
0.803961,0.933582,-1.22688e-08,-3.06682e-24,0.00431528
0.804161,0.933469,-1.22777e-08,-3.17524e-24,0.00431636
0.804361,0.933356,-1.22866e-08,-3.28366e-24,0.00431745
0.804561,0.933242,-1.22955e-08,-3.39209e-24,0.00431853
0.804761,0.933129,-1.23044e-08,-3.50051e-24,0.00431961
0.804961,0.933016,-1.23133e-08,-3.60893e-24,0.00432069
0.805161,0.932902,-1.23222e-08,-3.71735e-24,0.00432177
0.805361,0.932789,-1.23311e-08,-3.82578e-24,0.00432286
0.805561,0.932676,-1.23401e-08,-3.9342e-24,0.00432394
0.805761,0.932562,-1.2349e-08,-4.04262e-24,0.00432502
0.805961,0.932449,-1.23579e-08,-4.15104e-24,0.0043261
0.806161,0.932336,-1.23668e-08,-4.25947e-24,0.00432718
0.806361,0.932222,-1.23757e-08,-4.36789e-24,0.00432827
0.806561,0.932109,-1.23846e-08,-4.47631e-24,0.00432935
0.806761,0.931996,-1.23935e-08,-4.58473e-24,0.00433043
0.806961,0.931882,-1.24024e-08,-4.69316e-24,0.00433151
0.807161,0.931769,-1.24114e-08,-4.80158e-24,0.00433259
0.807361,0.931656,-1.24203e-08,-4.91e-24,0.00433368
0.807562,0.931543,-1.24292e-08,-5.01842e-24,0.00433476
0.807762,0.931429,-1.24381e-08,-5.12685e-24,0.00433584
0.807962,0.931316,-1.2447e-08,-5.23527e-24,0.00433692
0.808162,0.931203,-1.24559e-08,-5.34369e-24,0.00433801
0.808362,0.931089,-1.24648e-08,-5.45211e-24,0.00433909
0.808562,0.930976,-1.24737e-08,-5.56054e-24,0.00434017
0.808762,0.930863,-1.24823e-08,-5.64029e-24,0.00434124
0.808962,0.930749,-1.24883e-08,-5.53925e-24,0.00434228
0.809162,0.930636,-1.24943e-08,-5.43822e-24,0.00434331
0.809362,0.930522,-1.25004e-08,-5.33718e-24,0.00434434
0.809562,0.930409,-1.25064e-08,-5.23615e-24,0.00434537
0.809762,0.930296,-1.25124e-08,-5.13512e-24,0.00434641
0.809962,0.930182,-1.25185e-08,-5.03408e-24,0.00434744
0.810162,0.930069,-1.25245e-08,-4.93305e-24,0.00434847
0.810362,0.929956,-1.25306e-08,-4.83201e-24,0.0043495
0.810562,0.929842,-1.25366e-08,-4.73098e-24,0.00435054
0.810762,0.929729,-1.25426e-08,-4.62994e-24,0.00435157
0.810962,0.929615,-1.25487e-08,-4.52891e-24,0.0043526
0.811162,0.929502,-1.25547e-08,-4.42787e-24,0.00435363
0.811362,0.929389,-1.25608e-08,-4.32684e-24,0.00435467
0.811562,0.929275,-1.25668e-08,-4.22581e-24,0.0043557
0.811762,0.929162,-1.25728e-08,-4.12477e-24,0.00435673
0.811962,0.929048,-1.25789e-08,-4.02374e-24,0.00435776
0.812162,0.928935,-1.25849e-08,-3.9227e-24,0.0043588
0.812362,0.928822,-1.25909e-08,-3.82167e-24,0.00435983
0.812563,0.928708,-1.2597e-08,-3.72063e-24,0.00436086
0.812763,0.928595,-1.2603e-08,-3.6196e-24,0.00436189
0.812963,0.928482,-1.26091e-08,-3.51856e-24,0.00436293
0.813163,0.928368,-1.26151e-08,-3.41753e-24,0.00436396
0.813363,0.928255,-1.26211e-08,-3.31649e-24,0.00436499
0.813563,0.928141,-1.26272e-08,-3.21546e-24,0.00436602
0.813763,0.928028,-1.26332e-08,-3.11443e-24,0.00436706
0.813963,0.927914,-1.26393e-08,-3.0127e-24,0.0043681
0.814163,0.927788,-1.2646e-08,-2.90063e-24,0.00436924
0.814363,0.927662,-1.26527e-08,-2.78856e-24,0.00437039
0.814563,0.927537,-1.26594e-08,-2.67648e-24,0.00437153
0.814763,0.927411,-1.26661e-08,-2.56441e-24,0.00437268
0.814963,0.927285,-1.26728e-08,-2.45234e-24,0.00437382
0.815163,0.927159,-1.26795e-08,-2.34027e-24,0.00437497
0.815363,0.927034,-1.26862e-08,-2.22819e-24,0.00437611
0.815563,0.926908,-1.26929e-08,-2.11612e-24,0.00437726
0.815763,0.926782,-1.26996e-08,-2.00405e-24,0.0043784
0.815963,0.926656,-1.27063e-08,-1.89198e-24,0.00437955
0.816163,0.92653,-1.2713e-08,-1.7799e-24,0.0043807
0.816363,0.926405,-1.27197e-08,-1.66783e-24,0.00438184
0.816563,0.926279,-1.27264e-08,-1.55576e-24,0.00438299
0.816763,0.926153,-1.27331e-08,-1.44369e-24,0.00438413
0.816963,0.926027,-1.27398e-08,-1.33161e-24,0.00438528
0.817163,0.925902,-1.27465e-08,-1.21954e-24,0.00438642
0.817363,0.925776,-1.27531e-08,-1.10747e-24,0.00438757
0.817564,0.92565,-1.27598e-08,-9.95395e-25,0.00438871
0.817764,0.925524,-1.27665e-08,-8.83323e-25,0.00438986
0.817964,0.925399,-1.27732e-08,-7.7125e-25,0.004391
0.818164,0.925273,-1.27799e-08,-6.59178e-25,0.00439215
0.818364,0.925147,-1.27866e-08,-5.47105e-25,0.00439329
0.818564,0.925021,-1.27933e-08,-4.35033e-25,0.00439444
0.818764,0.924896,-1.28025e-08,-3.14272e-25,0.00439555
0.818964,0.924771,-1.28135e-08,-1.86709e-25,0.00439664
0.819164,0.924645,-1.28246e-08,-5.91467e-26,0.00439773
0.819364,0.92452,-1.28356e-08,6.8416e-26,0.00439882
0.819564,0.924395,-1.28467e-08,1.95979e-25,0.00439991
0.819764,0.92427,-1.28577e-08,3.23541e-25,0.004401
0.819964,0.924145,-1.28688e-08,4.51104e-25,0.00440209
0.820164,0.92402,-1.28799e-08,5.78667e-25,0.00440318
0.820364,0.923894,-1.28909e-08,7.0623e-25,0.00440427
0.820564,0.923769,-1.2902e-08,8.33792e-25,0.00440536
0.820764,0.923644,-1.2913e-08,9.61355e-25,0.00440645
0.820964,0.923519,-1.29241e-08,1.08892e-24,0.00440754
0.821164,0.923394,-1.29351e-08,1.21648e-24,0.00440863
0.821364,0.923268,-1.29462e-08,1.34404e-24,0.00440972
0.821564,0.923143,-1.29572e-08,1.47161e-24,0.00441081
0.821764,0.923018,-1.29683e-08,1.59917e-24,0.0044119
0.821964,0.922893,-1.29793e-08,1.72673e-24,0.00441299
0.822164,0.922768,-1.29904e-08,1.85429e-24,0.00441408
0.822364,0.922643,-1.30015e-08,1.98186e-24,0.00441517
0.822565,0.922517,-1.30125e-08,2.10942e-24,0.00441626
0.822765,0.922392,-1.30236e-08,2.23698e-24,0.00441734
0.822965,0.922267,-1.30346e-08,2.36455e-24,0.00441843
0.823165,0.922142,-1.30457e-08,2.49211e-24,0.00441952
0.823365,0.922017,-1.30567e-08,2.61967e-24,0.00442061
0.823565,0.921892,-1.30678e-08,2.74723e-24,0.0044217
0.823765,0.921766,-1.30788e-08,2.8748e-24,0.00442279
0.823965,0.921641,-1.30899e-08,3.00236e-24,0.00442388
0.824165,0.921516,-1.31009e-08,3.12992e-24,0.00442497
0.824365,0.921391,-1.3112e-08,3.25748e-24,0.00442606
0.824565,0.921266,-1.3123e-08,3.38505e-24,0.00442715
0.824765,0.921141,-1.31341e-08,3.51261e-24,0.00442824
0.824965,0.921015,-1.31452e-08,3.64017e-24,0.00442933
0.825165,0.92089,-1.31562e-08,3.76774e-24,0.00443042
0.825365,0.920765,-1.31673e-08,3.8953e-24,0.00443151
0.825565,0.92064,-1.31783e-08,4.02286e-24,0.0044326
0.825765,0.920515,-1.31894e-08,4.15042e-24,0.00443369
0.825965,0.920389,-1.32004e-08,4.27799e-24,0.00443478
0.826165,0.920264,-1.32115e-08,4.40555e-24,0.00443587
0.826365,0.920139,-1.32225e-08,4.53311e-24,0.00443696
0.826565,0.920014,-1.32336e-08,4.66067e-24,0.00443805
0.826765,0.919889,-1.32446e-08,4.78824e-24,0.00443914
0.826965,0.919764,-1.32557e-08,4.9158e-24,0.00444023
0.827165,0.919638,-1.32667e-08,5.04336e-24,0.00444132
0.827365,0.919513,-1.32778e-08,5.17092e-24,0.00444241
0.827566,0.919388,-1.32889e-08,5.29849e-24,0.00444349
0.827766,0.919263,-1.32999e-08,5.42605e-24,0.00444458
0.827966,0.919138,-1.3311e-08,5.55361e-24,0.00444567
0.828166,0.919013,-1.33227e-08,5.54346e-24,0.00444674
0.828366,0.918887,-1.3335e-08,5.4241e-24,0.00444777
0.828566,0.918762,-1.33472e-08,5.30473e-24,0.00444881
0.828766,0.918637,-1.33595e-08,5.18537e-24,0.00444985
0.828966,0.918512,-1.33718e-08,5.06601e-24,0.00445089
0.829166,0.918386,-1.3384e-08,4.94664e-24,0.00445193
0.829366,0.918261,-1.33963e-08,4.82728e-24,0.00445297
0.829566,0.918136,-1.34086e-08,4.70791e-24,0.00445401
0.829766,0.918011,-1.34208e-08,4.58855e-24,0.00445505
0.829966,0.917885,-1.34331e-08,4.46918e-24,0.00445609
0.830166,0.91776,-1.34454e-08,4.34982e-24,0.00445712
0.830366,0.917635,-1.34576e-08,4.23046e-24,0.00445816
0.830566,0.91751,-1.34699e-08,4.11109e-24,0.0044592
0.830766,0.917384,-1.34822e-08,3.99173e-24,0.00446024
0.830966,0.917259,-1.34944e-08,3.87236e-24,0.00446128
0.831166,0.917134,-1.35067e-08,3.753e-24,0.00446232
0.831366,0.917009,-1.3519e-08,3.63363e-24,0.00446336
0.831566,0.916883,-1.35312e-08,3.51427e-24,0.0044644
0.831766,0.916758,-1.35435e-08,3.39491e-24,0.00446544
0.831966,0.916633,-1.35558e-08,3.27554e-24,0.00446648
0.832166,0.916508,-1.3568e-08,3.15618e-24,0.00446751
0.832366,0.916382,-1.35803e-08,3.03681e-24,0.00446855
0.832567,0.916257,-1.35926e-08,2.91745e-24,0.00446959
0.832767,0.916131,-1.36049e-08,2.79735e-24,0.00447064
0.832967,0.915992,-1.36185e-08,2.66494e-24,0.00447179
0.833167,0.915853,-1.36321e-08,2.53253e-24,0.00447294
0.833367,0.915714,-1.36457e-08,2.40012e-24,0.0044741
0.833567,0.915576,-1.36593e-08,2.26771e-24,0.00447525
0.833767,0.915437,-1.36729e-08,2.1353e-24,0.0044764
0.833967,0.915298,-1.36865e-08,2.00289e-24,0.00447755
0.834167,0.915159,-1.37001e-08,1.87048e-24,0.00447871
0.834367,0.91502,-1.37138e-08,1.73807e-24,0.00447986
0.834567,0.914881,-1.37274e-08,1.60566e-24,0.00448101
0.834767,0.914742,-1.3741e-08,1.47325e-24,0.00448216
0.834967,0.914603,-1.37546e-08,1.34084e-24,0.00448332
0.835167,0.914464,-1.37682e-08,1.20843e-24,0.00448447
0.835367,0.914325,-1.37818e-08,1.07602e-24,0.00448562
0.835567,0.914186,-1.37954e-08,9.43612e-25,0.00448677
0.835767,0.914047,-1.3809e-08,8.11202e-25,0.00448792
0.835967,0.913908,-1.38226e-08,6.78792e-25,0.00448908
0.836167,0.913769,-1.38362e-08,5.46382e-25,0.00449023
0.836367,0.913631,-1.38498e-08,4.13972e-25,0.00449138
0.836567,0.913492,-1.38634e-08,2.81562e-25,0.00449253
0.836767,0.913353,-1.3877e-08,1.49152e-25,0.00449369
0.836967,0.913214,-1.38906e-08,1.6742e-26,0.00449484
0.837167,0.913075,-1.39026e-08,0,0.00449594
0.837367,0.912937,-1.39143e-08,0,0.00449704
0.837568,0.912799,-1.3926e-08,0,0.00449813
0.837768,0.912661,-1.39377e-08,0,0.00449923
0.837968,0.912522,-1.39494e-08,0,0.00450033
0.838168,0.912384,-1.39612e-08,0,0.00450142
0.838368,0.912246,-1.39729e-08,0,0.00450252
0.838568,0.912107,-1.39846e-08,0,0.00450361
0.838768,0.911969,-1.39963e-08,0,0.00450471
0.838968,0.911831,-1.4008e-08,0,0.0045058
0.839168,0.911693,-1.40197e-08,0,0.0045069
0.839368,0.911554,-1.40314e-08,0,0.004508
0.839568,0.911416,-1.40431e-08,0,0.00450909
0.839768,0.911278,-1.40549e-08,0,0.00451019
0.839968,0.91114,-1.40666e-08,0,0.00451128
0.840168,0.911001,-1.40783e-08,0,0.00451238
0.840368,0.910863,-1.409e-08,0,0.00451347
0.840568,0.910725,-1.41017e-08,0,0.00451457
0.840768,0.910586,-1.41134e-08,0,0.00451567
0.840968,0.910448,-1.41251e-08,0,0.00451676
0.841168,0.91031,-1.41368e-08,0,0.00451786
0.841368,0.910172,-1.41486e-08,0,0.00451895
0.841568,0.910033,-1.41603e-08,0,0.00452005
0.841768,0.909895,-1.4172e-08,0,0.00452114
0.841968,0.909757,-1.41837e-08,0,0.00452224
0.842168,0.909619,-1.41954e-08,0,0.00452334
0.842368,0.90948,-1.42071e-08,0,0.00452443
0.842569,0.909342,-1.42188e-08,0,0.00452553
0.842769,0.909204,-1.42306e-08,0,0.00452662
0.842969,0.909065,-1.42423e-08,0,0.00452772
0.843169,0.908927,-1.4254e-08,0,0.00452881
0.843369,0.908789,-1.42657e-08,0,0.00452991
0.843569,0.908651,-1.42774e-08,0,0.004531
0.843769,0.908512,-1.42891e-08,0,0.0045321
0.843969,0.908374,-1.43008e-08,0,0.0045332
0.844169,0.908236,-1.43125e-08,0,0.00453429
0.844369,0.908098,-1.43243e-08,0,0.00453539
0.844569,0.907959,-1.4336e-08,0,0.00453648
0.844769,0.907821,-1.43477e-08,0,0.00453758
0.844969,0.907683,-1.43594e-08,0,0.00453867
0.845169,0.907544,-1.43711e-08,0,0.00453977
0.845369,0.907406,-1.43828e-08,0,0.00454087
0.845569,0.907268,-1.4397e-08,-1.04201e-27,0.00454194
0.845769,0.907129,-1.44136e-08,-3.09154e-27,0.00454298
0.845969,0.906991,-1.44301e-08,-5.14108e-27,0.00454402
0.846169,0.906853,-1.44467e-08,-7.19061e-27,0.00454507
0.846369,0.906714,-1.44632e-08,-9.24014e-27,0.00454611
0.846569,0.906576,-1.44798e-08,-1.12897e-26,0.00454716
0.846769,0.906438,-1.44964e-08,-1.33392e-26,0.0045482
0.846969,0.906299,-1.45129e-08,-1.53887e-26,0.00454924
0.847169,0.906161,-1.45295e-08,-1.74383e-26,0.00455029
0.847369,0.906023,-1.4546e-08,-1.94878e-26,0.00455133
0.84757,0.905884,-1.45626e-08,-2.15374e-26,0.00455238
0.84777,0.905746,-1.45792e-08,-2.35869e-26,0.00455342
0.84797,0.905607,-1.45957e-08,-2.56364e-26,0.00455446
0.84817,0.905469,-1.46123e-08,-2.7686e-26,0.00455551
0.84837,0.905331,-1.46288e-08,-2.97355e-26,0.00455655
0.84857,0.905192,-1.46454e-08,-3.1785e-26,0.0045576
0.84877,0.905054,-1.4662e-08,-3.38346e-26,0.00455864
0.84897,0.904916,-1.46785e-08,-3.58841e-26,0.00455968
0.84917,0.904777,-1.46951e-08,-3.79336e-26,0.00456073
0.84937,0.904639,-1.47116e-08,-3.99832e-26,0.00456177
0.84957,0.904501,-1.47282e-08,-4.20327e-26,0.00456282
0.84977,0.904357,-1.47454e-08,-4.41552e-26,0.0045639
0.84997,0.904204,-1.47637e-08,-4.64288e-26,0.00456505
0.85017,0.90405,-1.47821e-08,-4.87024e-26,0.00456621
0.85037,0.903897,-1.48005e-08,-5.09761e-26,0.00456737
0.85057,0.903743,-1.48188e-08,-5.32497e-26,0.00456853
0.85077,0.90359,-1.48372e-08,-5.55233e-26,0.00456969
0.85097,0.903436,-1.48556e-08,-5.77969e-26,0.00457085
0.85117,0.903283,-1.48739e-08,-6.00705e-26,0.004572
0.85137,0.903129,-1.48923e-08,-6.23441e-26,0.00457316
0.85157,0.902976,-1.49107e-08,-6.46177e-26,0.00457432
0.85177,0.902822,-1.49291e-08,-6.68913e-26,0.00457548
0.85197,0.902669,-1.49474e-08,-6.91649e-26,0.00457664
0.85217,0.902515,-1.49658e-08,-7.14385e-26,0.00457779
0.85237,0.902362,-1.49842e-08,-7.37121e-26,0.00457895
0.852571,0.902208,-1.50025e-08,-7.59857e-26,0.00458011
0.852771,0.902055,-1.50209e-08,-7.82593e-26,0.00458127
0.852971,0.901901,-1.50393e-08,-8.05329e-26,0.00458243
0.853171,0.901748,-1.50577e-08,-8.28065e-26,0.00458358
0.853371,0.901595,-1.5076e-08,-8.50801e-26,0.00458474
0.853571,0.901441,-1.50934e-08,-8.73523e-26,0.00458589
0.853771,0.901288,-1.51077e-08,-8.96196e-26,0.00458699
0.853971,0.901136,-1.5122e-08,-9.1887e-26,0.00458809
0.854171,0.900983,-1.51363e-08,-9.41543e-26,0.00458919
0.854371,0.90083,-1.51506e-08,-9.64217e-26,0.00459029
0.854571,0.900677,-1.51648e-08,-9.8689e-26,0.00459139
0.854771,0.900524,-1.51791e-08,-1.00956e-25,0.00459249
0.854971,0.900372,-1.51934e-08,-1.03224e-25,0.00459359
0.855171,0.900219,-1.52077e-08,-1.05491e-25,0.00459469
0.855371,0.900066,-1.5222e-08,-1.07758e-25,0.00459579
0.855571,0.899913,-1.52362e-08,-1.10026e-25,0.00459689
0.855771,0.89976,-1.52505e-08,-1.12293e-25,0.00459799
0.855971,0.899608,-1.52648e-08,-1.1456e-25,0.00459909
0.856171,0.899455,-1.52791e-08,-1.16828e-25,0.00460019
0.856371,0.899302,-1.52934e-08,-1.19095e-25,0.00460129
0.856571,0.899149,-1.53076e-08,-1.21362e-25,0.00460239
0.856771,0.898996,-1.53219e-08,-1.2363e-25,0.00460349
0.856971,0.898844,-1.53362e-08,-1.25897e-25,0.00460459
0.857171,0.898691,-1.53505e-08,-1.28165e-25,0.00460569
0.857371,0.898538,-1.53648e-08,-1.30432e-25,0.00460679
0.857572,0.898385,-1.5379e-08,-1.32699e-25,0.00460789
0.857772,0.898233,-1.53933e-08,-1.34967e-25,0.00460899
0.857972,0.89808,-1.54076e-08,-1.37234e-25,0.00461009
0.858172,0.897927,-1.54219e-08,-1.39501e-25,0.00461119
0.858372,0.897774,-1.54362e-08,-1.41769e-25,0.00461229
0.858572,0.897621,-1.54504e-08,-1.44036e-25,0.00461339
0.858772,0.897469,-1.54647e-08,-1.46303e-25,0.00461449
0.858972,0.897316,-1.5479e-08,-1.48571e-25,0.0046156
0.859172,0.897163,-1.54933e-08,-1.50838e-25,0.0046167
0.859372,0.89701,-1.55076e-08,-1.53105e-25,0.0046178
0.859572,0.896857,-1.55218e-08,-1.55373e-25,0.0046189
0.859772,0.896705,-1.55361e-08,-1.5764e-25,0.00462
0.859972,0.896552,-1.55504e-08,-1.59907e-25,0.0046211
0.860172,0.896399,-1.55647e-08,-1.62175e-25,0.0046222
0.860372,0.896246,-1.5579e-08,-1.64442e-25,0.0046233
0.860572,0.896093,-1.55932e-08,-1.66709e-25,0.0046244
0.860772,0.895941,-1.56075e-08,-1.68977e-25,0.0046255
0.860972,0.895788,-1.56218e-08,-1.71244e-25,0.0046266
0.861172,0.895635,-1.56363e-08,-1.64286e-25,0.0046277
0.861372,0.895482,-1.56559e-08,2.31026e-26,0.00462874
0.861572,0.895329,-1.56755e-08,2.10492e-25,0.00462979
0.861772,0.895176,-1.56951e-08,3.97881e-25,0.00463084
0.861972,0.895023,-1.57147e-08,5.8527e-25,0.00463189
0.862172,0.89487,-1.57342e-08,7.72659e-25,0.00463293
0.862372,0.894717,-1.57538e-08,9.60048e-25,0.00463398
0.862573,0.894564,-1.57734e-08,1.14744e-24,0.00463503
0.862773,0.894412,-1.5793e-08,1.33483e-24,0.00463608
0.862973,0.894259,-1.58126e-08,1.52222e-24,0.00463712
0.863173,0.894106,-1.58321e-08,1.7096e-24,0.00463817
0.863373,0.893953,-1.58517e-08,1.89699e-24,0.00463922
0.863573,0.8938,-1.58713e-08,2.08438e-24,0.00464027
0.863773,0.893647,-1.58909e-08,2.27177e-24,0.00464131
0.863973,0.893494,-1.59105e-08,2.45916e-24,0.00464236
0.864173,0.893341,-1.593e-08,2.64655e-24,0.00464341
0.864373,0.893188,-1.59496e-08,2.83394e-24,0.00464446
0.864573,0.893035,-1.59692e-08,3.02133e-24,0.0046455
0.864773,0.892882,-1.59888e-08,3.20872e-24,0.00464655
0.864973,0.892729,-1.60083e-08,3.39611e-24,0.0046476
0.865173,0.89256,-1.603e-08,3.60309e-24,0.00464876
0.865373,0.892391,-1.60517e-08,3.81097e-24,0.00464992
0.865573,0.892221,-1.60734e-08,4.01885e-24,0.00465108
0.865773,0.892051,-1.60951e-08,4.22673e-24,0.00465224
0.865973,0.891882,-1.61169e-08,4.43461e-24,0.0046534
0.866173,0.891712,-1.61386e-08,4.6425e-24,0.00465457
0.866373,0.891542,-1.61603e-08,4.85038e-24,0.00465573
0.866573,0.891373,-1.6182e-08,5.05826e-24,0.00465689
0.866773,0.891203,-1.62037e-08,5.26614e-24,0.00465805
0.866973,0.891034,-1.62255e-08,5.47402e-24,0.00465921
0.867173,0.890864,-1.62472e-08,5.6819e-24,0.00466038
0.867373,0.890694,-1.62689e-08,5.88978e-24,0.00466154
0.867574,0.890525,-1.62906e-08,6.09766e-24,0.0046627
0.867774,0.890355,-1.63123e-08,6.30554e-24,0.00466386
0.867974,0.890185,-1.63341e-08,6.51343e-24,0.00466502
0.868174,0.890016,-1.63558e-08,6.72131e-24,0.00466619
0.868374,0.889846,-1.63775e-08,6.92919e-24,0.00466735
0.868574,0.889677,-1.63947e-08,6.82931e-24,0.00466847
0.868774,0.889508,-1.64105e-08,6.62562e-24,0.00466957
0.868974,0.889339,-1.64262e-08,6.42194e-24,0.00467067
0.869174,0.88917,-1.64419e-08,6.21825e-24,0.00467178
0.869374,0.889001,-1.64576e-08,6.01456e-24,0.00467288
0.869574,0.888832,-1.64733e-08,5.81087e-24,0.00467398
0.869774,0.888663,-1.64891e-08,5.60719e-24,0.00467509
0.869974,0.888494,-1.65048e-08,5.4035e-24,0.00467619
0.870174,0.888325,-1.65205e-08,5.19981e-24,0.00467729
0.870374,0.888156,-1.65362e-08,4.99612e-24,0.0046784
0.870574,0.887987,-1.6552e-08,4.79244e-24,0.0046795
0.870774,0.887819,-1.65677e-08,4.58875e-24,0.0046806
0.870974,0.88765,-1.65834e-08,4.38506e-24,0.0046817
0.871174,0.887481,-1.65991e-08,4.18138e-24,0.00468281
0.871374,0.887312,-1.66148e-08,3.97769e-24,0.00468391
0.871574,0.887143,-1.66306e-08,3.774e-24,0.00468501
0.871774,0.886974,-1.66463e-08,3.57031e-24,0.00468612
0.871974,0.886805,-1.6662e-08,3.36663e-24,0.00468722
0.872174,0.886636,-1.66777e-08,3.16294e-24,0.00468832
0.872374,0.886467,-1.66934e-08,2.95925e-24,0.00468943
0.872575,0.886298,-1.67092e-08,2.75557e-24,0.00469053
0.872775,0.886129,-1.67249e-08,2.55188e-24,0.00469163
0.872975,0.88596,-1.67406e-08,2.34819e-24,0.00469274
0.873175,0.885791,-1.67563e-08,2.1445e-24,0.00469384
0.873375,0.885622,-1.67721e-08,1.94082e-24,0.00469494
0.873575,0.885453,-1.67878e-08,1.73713e-24,0.00469605
0.873775,0.885284,-1.68035e-08,1.53344e-24,0.00469715
0.873975,0.885116,-1.68192e-08,1.32975e-24,0.00469825
0.874175,0.884947,-1.68349e-08,1.12607e-24,0.00469936
0.874375,0.884778,-1.68507e-08,9.2238e-25,0.00470046
0.874575,0.884609,-1.68664e-08,7.18692e-25,0.00470156
0.874775,0.88444,-1.68821e-08,5.15005e-25,0.00470266
0.874975,0.884271,-1.68978e-08,3.11318e-25,0.00470377
0.875175,0.884102,-1.69135e-08,1.07631e-25,0.00470487
0.875375,0.883933,-1.69305e-08,-9.57653e-26,0.00470596
0.875575,0.883764,-1.695e-08,-2.98572e-25,0.00470701
0.875775,0.883595,-1.69695e-08,-5.01379e-25,0.00470805
0.875975,0.883425,-1.6989e-08,-7.04186e-25,0.0047091
0.876175,0.883256,-1.70085e-08,-9.06993e-25,0.00471015
0.876375,0.883087,-1.70281e-08,-1.1098e-24,0.0047112
0.876575,0.882918,-1.70476e-08,-1.31261e-24,0.00471225
0.876775,0.882749,-1.70671e-08,-1.51541e-24,0.0047133
0.876975,0.88258,-1.70866e-08,-1.71822e-24,0.00471435
0.877175,0.882411,-1.71061e-08,-1.92103e-24,0.0047154
0.877375,0.882241,-1.71256e-08,-2.12383e-24,0.00471645
0.877576,0.882072,-1.71451e-08,-2.32664e-24,0.0047175
0.877776,0.881903,-1.71646e-08,-2.52945e-24,0.00471855
0.877976,0.881734,-1.71841e-08,-2.73225e-24,0.0047196
0.878176,0.881565,-1.72036e-08,-2.93506e-24,0.00472065
0.878376,0.881396,-1.72231e-08,-3.13787e-24,0.0047217
0.878576,0.881226,-1.72426e-08,-3.34067e-24,0.00472274
0.878776,0.881055,-1.72624e-08,-3.5462e-24,0.00472381
0.878976,0.880867,-1.7284e-08,-3.77119e-24,0.00472497
0.879176,0.88068,-1.73057e-08,-3.99617e-24,0.00472614
0.879376,0.880492,-1.73273e-08,-4.22116e-24,0.0047273
0.879576,0.880304,-1.7349e-08,-4.44615e-24,0.00472846
0.879776,0.880117,-1.73706e-08,-4.67114e-24,0.00472963
0.879976,0.879929,-1.73923e-08,-4.89613e-24,0.00473079
0.880176,0.879741,-1.74139e-08,-5.12112e-24,0.00473196
0.880376,0.879554,-1.74355e-08,-5.34611e-24,0.00473312
0.880576,0.879366,-1.74572e-08,-5.5711e-24,0.00473428
0.880776,0.879178,-1.74788e-08,-5.79609e-24,0.00473545
0.880976,0.878991,-1.75005e-08,-6.02108e-24,0.00473661
0.881176,0.878803,-1.75221e-08,-6.24607e-24,0.00473778
0.881376,0.878616,-1.75437e-08,-6.47106e-24,0.00473894
0.881576,0.878428,-1.75654e-08,-6.69605e-24,0.0047401
0.881776,0.87824,-1.7587e-08,-6.92104e-24,0.00474127
0.881976,0.878053,-1.76051e-08,-6.87148e-24,0.0047424
0.882176,0.877866,-1.76209e-08,-6.6478e-24,0.0047435
0.882376,0.877679,-1.76367e-08,-6.42412e-24,0.0047446
0.882577,0.877492,-1.76525e-08,-6.20044e-24,0.00474571
0.882777,0.877305,-1.76683e-08,-5.97676e-24,0.00474681
0.882977,0.877118,-1.76841e-08,-5.75308e-24,0.00474792
0.883177,0.876931,-1.76999e-08,-5.5294e-24,0.00474902
0.883377,0.876744,-1.77157e-08,-5.30572e-24,0.00475012
0.883577,0.876558,-1.77315e-08,-5.08204e-24,0.00475123
0.883777,0.876371,-1.77473e-08,-4.85837e-24,0.00475233
0.883977,0.876184,-1.77632e-08,-4.63469e-24,0.00475344
0.884177,0.875997,-1.7779e-08,-4.41101e-24,0.00475454
0.884377,0.87581,-1.77948e-08,-4.18733e-24,0.00475564
0.884577,0.875623,-1.78106e-08,-3.96365e-24,0.00475675
0.884777,0.875436,-1.78264e-08,-3.73997e-24,0.00475785
0.884977,0.875249,-1.78422e-08,-3.51629e-24,0.00475896
0.885177,0.875062,-1.7858e-08,-3.29261e-24,0.00476006
0.885377,0.874875,-1.78738e-08,-3.06893e-24,0.00476116
0.885577,0.874688,-1.78896e-08,-2.84525e-24,0.00476227
0.885777,0.874501,-1.79054e-08,-2.62158e-24,0.00476337
0.885977,0.874314,-1.79212e-08,-2.3979e-24,0.00476448
0.886177,0.874127,-1.7937e-08,-2.17422e-24,0.00476558
0.886377,0.87394,-1.79528e-08,-1.95054e-24,0.00476668
0.886577,0.873753,-1.79686e-08,-1.72686e-24,0.00476779
0.886777,0.873567,-1.79844e-08,-1.50318e-24,0.00476889
0.886977,0.87338,-1.80002e-08,-1.2795e-24,0.00477
0.887177,0.873193,-1.80161e-08,-1.05582e-24,0.0047711
0.887377,0.873006,-1.80319e-08,-8.32143e-25,0.0047722
0.887578,0.872819,-1.80477e-08,-6.08464e-25,0.00477331
0.887778,0.872632,-1.80635e-08,-3.84785e-25,0.00477441
0.887978,0.872445,-1.80793e-08,-1.61106e-25,0.00477551
0.888178,0.872258,-1.80945e-08,-7.06825e-26,0.00477659
0.888378,0.87207,-1.81092e-08,-7.24589e-26,0.00477764
0.888578,0.871883,-1.81239e-08,-7.42353e-26,0.00477868
0.888778,0.871696,-1.81387e-08,-7.60117e-26,0.00477973
0.888978,0.871509,-1.81534e-08,-7.77881e-26,0.00478078
0.889178,0.871321,-1.81681e-08,-7.95645e-26,0.00478183
0.889378,0.871134,-1.81829e-08,-8.13409e-26,0.00478288
0.889578,0.870947,-1.81976e-08,-8.31173e-26,0.00478393
0.889778,0.87076,-1.82124e-08,-8.48937e-26,0.00478498
0.889978,0.870572,-1.82271e-08,-8.66701e-26,0.00478603
0.890178,0.870385,-1.82418e-08,-8.84465e-26,0.00478707
0.890378,0.870198,-1.82566e-08,-9.02229e-26,0.00478812
0.890578,0.870011,-1.82713e-08,-9.19993e-26,0.00478917
0.890778,0.869823,-1.8286e-08,-9.37757e-26,0.00479022
0.890978,0.869636,-1.83008e-08,-9.55521e-26,0.00479127
0.891178,0.869447,-1.83156e-08,-9.73442e-26,0.00479233
0.891378,0.869239,-1.8332e-08,-9.93149e-26,0.00479349
0.891578,0.869032,-1.83483e-08,-1.01286e-25,0.00479466
0.891778,0.868824,-1.83647e-08,-1.03256e-25,0.00479582
0.891978,0.868616,-1.8381e-08,-1.05227e-25,0.00479698
0.892178,0.868408,-1.83974e-08,-1.07198e-25,0.00479815
0.892378,0.868201,-1.84137e-08,-1.09169e-25,0.00479931
0.892579,0.867993,-1.84301e-08,-1.11139e-25,0.00480047
0.892779,0.867785,-1.84465e-08,-1.1311e-25,0.00480164
0.892979,0.867577,-1.84628e-08,-1.15081e-25,0.0048028
0.893179,0.86737,-1.84792e-08,-1.17052e-25,0.00480396
0.893379,0.867162,-1.84955e-08,-1.19022e-25,0.00480513
0.893579,0.866954,-1.85119e-08,-1.20993e-25,0.00480629
0.893779,0.866746,-1.85282e-08,-1.22964e-25,0.00480746
0.893979,0.866539,-1.85439e-08,-1.24728e-25,0.00480861
0.894179,0.866332,-1.85543e-08,-1.24644e-25,0.00480971
0.894379,0.866124,-1.85646e-08,-1.24561e-25,0.00481082
0.894579,0.865917,-1.85749e-08,-1.24478e-25,0.00481192
0.894779,0.86571,-1.85852e-08,-1.24394e-25,0.00481302
0.894979,0.865503,-1.85955e-08,-1.24311e-25,0.00481412
0.895179,0.865296,-1.86058e-08,-1.24228e-25,0.00481523
0.895379,0.865089,-1.86161e-08,-1.24144e-25,0.00481633
0.895579,0.864882,-1.86264e-08,-1.24061e-25,0.00481743
0.895779,0.864675,-1.86367e-08,-1.23978e-25,0.00481853
0.895979,0.864468,-1.86471e-08,-1.23895e-25,0.00481964
0.896179,0.864261,-1.86574e-08,-1.23811e-25,0.00482074
0.896379,0.864054,-1.86677e-08,-1.23728e-25,0.00482184
0.896579,0.863847,-1.8678e-08,-1.23645e-25,0.00482294
0.896779,0.86364,-1.86883e-08,-1.23561e-25,0.00482404
0.896979,0.863433,-1.86986e-08,-1.23478e-25,0.00482515
0.897179,0.863226,-1.87089e-08,-1.23395e-25,0.00482625
0.897379,0.863019,-1.87192e-08,-1.23311e-25,0.00482735
0.89758,0.862811,-1.87295e-08,-1.23228e-25,0.00482845
0.89778,0.862604,-1.87399e-08,-1.23145e-25,0.00482956
0.89798,0.862397,-1.87502e-08,-1.23061e-25,0.00483066
0.89818,0.86219,-1.87605e-08,-1.22978e-25,0.00483176
0.89838,0.861983,-1.87708e-08,-1.22895e-25,0.00483286
0.89858,0.861776,-1.87811e-08,-1.22811e-25,0.00483396
0.89878,0.861569,-1.87914e-08,-1.22728e-25,0.00483507
0.89898,0.861362,-1.88017e-08,-1.22645e-25,0.00483617
0.89918,0.861155,-1.8812e-08,-1.22561e-25,0.00483727
0.89938,0.860948,-1.88223e-08,-1.22478e-25,0.00483837
0.89958,0.860741,-1.88322e-08,-1.22064e-25,0.00483947
0.89978,0.860533,-1.88392e-08,-1.19634e-25,0.00484051
0.89998,0.860326,-1.88462e-08,-1.17203e-25,0.00484156
0.90018,0.860118,-1.88533e-08,-1.14773e-25,0.0048426
0.90038,0.85991,-1.88603e-08,-1.12342e-25,0.00484365
0.90058,0.859703,-1.88673e-08,-1.09911e-25,0.0048447
0.90078,0.859495,-1.88743e-08,-1.07481e-25,0.00484574
0.90098,0.859288,-1.88814e-08,-1.0505e-25,0.00484679
0.90118,0.85908,-1.88884e-08,-1.02619e-25,0.00484783
0.90138,0.858873,-1.88954e-08,-1.00189e-25,0.00484888
0.90158,0.858665,-1.89024e-08,-9.77579e-26,0.00484992
0.90178,0.858458,-1.89095e-08,-9.53272e-26,0.00485097
0.90198,0.85825,-1.89165e-08,-9.28966e-26,0.00485202
0.90218,0.858042,-1.89235e-08,-9.04659e-26,0.00485306
0.90238,0.857831,-1.89307e-08,-8.79925e-26,0.00485413
0.902581,0.857601,-1.89385e-08,-8.52959e-26,0.00485529
0.902781,0.857371,-1.89463e-08,-8.25993e-26,0.00485645
0.902981,0.85714,-1.89541e-08,-7.99027e-26,0.00485761
0.903181,0.85691,-1.89619e-08,-7.72061e-26,0.00485877
0.903381,0.85668,-1.89697e-08,-7.45095e-26,0.00485993
0.903581,0.85645,-1.89774e-08,-7.18129e-26,0.00486109
0.903781,0.856219,-1.89852e-08,-6.91163e-26,0.00486225
0.903981,0.855989,-1.8993e-08,-6.64197e-26,0.00486341
0.904181,0.855759,-1.90008e-08,-6.37231e-26,0.00486457
0.904381,0.855529,-1.90086e-08,-6.10265e-26,0.00486573
0.904581,0.855298,-1.90164e-08,-5.83299e-26,0.00486689
0.904781,0.855068,-1.90242e-08,-5.56333e-26,0.00486805
0.904981,0.854838,-1.90274e-08,-5.3237e-26,0.00486917
0.905181,0.854609,-1.9027e-08,-5.10765e-26,0.00487027
0.905381,0.854379,-1.90266e-08,-4.8916e-26,0.00487137
0.905581,0.854149,-1.90262e-08,-4.67554e-26,0.00487246
0.905781,0.85392,-1.90257e-08,-4.45949e-26,0.00487356
0.905981,0.85369,-1.90253e-08,-4.24344e-26,0.00487466
0.906181,0.85346,-1.90249e-08,-4.02738e-26,0.00487576
0.906381,0.853231,-1.90245e-08,-3.81133e-26,0.00487685
0.906581,0.853001,-1.90241e-08,-3.59528e-26,0.00487795
0.906781,0.852771,-1.90236e-08,-3.37922e-26,0.00487905
0.906981,0.852542,-1.90232e-08,-3.16317e-26,0.00488015
0.907181,0.852312,-1.90228e-08,-2.94712e-26,0.00488124
0.907381,0.852082,-1.90224e-08,-2.73106e-26,0.00488234
0.907582,0.851853,-1.9022e-08,-2.51501e-26,0.00488344
0.907782,0.851623,-1.90216e-08,-2.29896e-26,0.00488454
0.907982,0.851394,-1.90211e-08,-2.0829e-26,0.00488563
0.908182,0.851164,-1.90207e-08,-1.86685e-26,0.00488673
0.908382,0.850934,-1.90203e-08,-1.6508e-26,0.00488783
0.908582,0.850705,-1.90199e-08,-1.43474e-26,0.00488893
0.908782,0.850475,-1.90195e-08,-1.21869e-26,0.00489002
0.908982,0.850245,-1.9019e-08,-1.00264e-26,0.00489112
0.909182,0.850016,-1.90186e-08,-7.86583e-27,0.00489222
0.909382,0.849786,-1.90182e-08,-5.7053e-27,0.00489331
0.909582,0.849556,-1.90178e-08,-3.54477e-27,0.00489441
0.909782,0.849327,-1.90174e-08,-1.38423e-27,0.00489551
0.909982,0.849097,-1.90151e-08,0,0.00489659
0.910182,0.848867,-1.90097e-08,0,0.00489763
0.910382,0.848636,-1.90042e-08,0,0.00489866
0.910582,0.848406,-1.89988e-08,0,0.0048997
0.910782,0.848176,-1.89933e-08,0,0.00490074
0.910982,0.847945,-1.89878e-08,0,0.00490178
0.911182,0.847715,-1.89824e-08,0,0.00490282
0.911382,0.847484,-1.89769e-08,0,0.00490386
0.911582,0.847254,-1.89714e-08,0,0.0049049
0.911782,0.847024,-1.8966e-08,0,0.00490594
0.911982,0.846793,-1.89605e-08,0,0.00490698
0.912182,0.846563,-1.8955e-08,0,0.00490802
0.912382,0.846333,-1.89496e-08,0,0.00490906
0.912583,0.846083,-1.89437e-08,0,0.00491018
0.912783,0.845828,-1.89376e-08,0,0.00491133
0.912983,0.845572,-1.89315e-08,0,0.00491249
0.913183,0.845317,-1.89255e-08,0,0.00491364
0.913383,0.845061,-1.89194e-08,0,0.00491479
0.913583,0.844806,-1.89133e-08,0,0.00491595
0.913783,0.84455,-1.89073e-08,0,0.0049171
0.913983,0.844294,-1.89012e-08,0,0.00491825
0.914183,0.844039,-1.88952e-08,0,0.0049194
0.914383,0.843783,-1.88891e-08,0,0.00492056
0.914583,0.843528,-1.8883e-08,0,0.00492171
0.914783,0.843272,-1.88732e-08,0,0.00492284
0.914983,0.843017,-1.88577e-08,0,0.00492393
0.915183,0.842762,-1.88423e-08,0,0.00492501
0.915383,0.842507,-1.88268e-08,0,0.0049261
0.915583,0.842252,-1.88114e-08,0,0.00492719
0.915783,0.841997,-1.87959e-08,0,0.00492828
0.915983,0.841742,-1.87805e-08,0,0.00492937
0.916183,0.841487,-1.8765e-08,0,0.00493046
0.916383,0.841232,-1.87496e-08,0,0.00493155
0.916583,0.840977,-1.87341e-08,0,0.00493263
0.916783,0.840722,-1.87187e-08,0,0.00493372
0.916983,0.840467,-1.87032e-08,0,0.00493481
0.917183,0.840212,-1.86878e-08,0,0.0049359
0.917383,0.839957,-1.86723e-08,0,0.00493699
0.917584,0.839702,-1.86569e-08,0,0.00493808
0.917784,0.839447,-1.86414e-08,0,0.00493916
0.917984,0.839192,-1.8626e-08,0,0.00494025
0.918184,0.838937,-1.86105e-08,0,0.00494134
0.918384,0.838682,-1.85951e-08,0,0.00494243
0.918584,0.838427,-1.85796e-08,0,0.00494352
0.918784,0.838172,-1.85641e-08,0,0.00494461
0.918984,0.837917,-1.85487e-08,0,0.00494569
0.919184,0.837662,-1.85332e-08,0,0.00494678
0.919384,0.837406,-1.85132e-08,-1.21642e-27,0.00494783
0.919584,0.83715,-1.84911e-08,-2.98611e-27,0.00494886
0.919784,0.836894,-1.8469e-08,-4.75579e-27,0.00494989
0.919984,0.836638,-1.8447e-08,-6.52547e-27,0.00495092
0.920184,0.836382,-1.84249e-08,-8.29515e-27,0.00495194
0.920384,0.836126,-1.84028e-08,-1.00648e-26,0.00495297
0.920584,0.83587,-1.83807e-08,-1.18345e-26,0.004954
0.920784,0.835614,-1.83586e-08,-1.36042e-26,0.00495503
0.920984,0.835358,-1.83365e-08,-1.53739e-26,0.00495606
0.921184,0.835102,-1.83144e-08,-1.71436e-26,0.00495708
0.921384,0.834846,-1.82923e-08,-1.89132e-26,0.00495811
0.921584,0.83458,-1.82694e-08,-2.07469e-26,0.00495918
0.921784,0.834296,-1.82449e-08,-2.27102e-26,0.00496032
0.921984,0.834012,-1.82204e-08,-2.46736e-26,0.00496146
0.922184,0.833728,-1.81959e-08,-2.66369e-26,0.0049626
0.922384,0.833444,-1.81714e-08,-2.86002e-26,0.00496374
0.922585,0.83316,-1.81469e-08,-3.05636e-26,0.00496488
0.922785,0.832876,-1.81224e-08,-3.25269e-26,0.00496602
0.922985,0.832592,-1.80979e-08,-3.44903e-26,0.00496716
0.923185,0.832308,-1.80734e-08,-3.64536e-26,0.00496831
0.923385,0.832024,-1.80489e-08,-3.8417e-26,0.00496945
0.923585,0.83174,-1.80234e-08,-4.03688e-26,0.00497058
0.923785,0.831456,-1.7989e-08,-4.22095e-26,0.00497166
0.923985,0.831172,-1.79546e-08,-4.40501e-26,0.00497273
0.924185,0.830889,-1.79201e-08,-4.58908e-26,0.0049738
0.924385,0.830605,-1.78857e-08,-4.77315e-26,0.00497488
0.924585,0.830321,-1.78513e-08,-4.95721e-26,0.00497595
0.924785,0.830038,-1.78168e-08,-5.14128e-26,0.00497703
0.924985,0.829754,-1.77824e-08,-5.32534e-26,0.0049781
0.925185,0.82947,-1.7748e-08,-5.50941e-26,0.00497918
0.925385,0.829186,-1.77135e-08,-5.69348e-26,0.00498025
0.925585,0.828903,-1.76791e-08,-5.87754e-26,0.00498132
0.925785,0.828619,-1.76447e-08,-6.06161e-26,0.0049824
0.925985,0.828335,-1.76103e-08,-6.24567e-26,0.00498347
0.926185,0.828052,-1.75758e-08,-6.42974e-26,0.00498455
0.926385,0.827768,-1.75414e-08,-6.61381e-26,0.00498562
0.926585,0.827484,-1.7507e-08,-6.79787e-26,0.0049867
0.926785,0.827201,-1.74725e-08,-6.98194e-26,0.00498777
0.926985,0.826917,-1.74381e-08,-7.166e-26,0.00498884
0.927185,0.826633,-1.74037e-08,-7.35007e-26,0.00498992
0.927385,0.826349,-1.73692e-08,-7.53414e-26,0.00499099
0.927586,0.826066,-1.73348e-08,-7.7182e-26,0.00499207
0.927786,0.825781,-1.72958e-08,-7.75898e-26,0.0049931
0.927986,0.825496,-1.7254e-08,-7.71222e-26,0.00499412
0.928186,0.825211,-1.72122e-08,-7.66546e-26,0.00499513
0.928386,0.824926,-1.71704e-08,-7.61869e-26,0.00499614
0.928586,0.824641,-1.71286e-08,-7.57193e-26,0.00499715
0.928786,0.824356,-1.70868e-08,-7.52516e-26,0.00499816
0.928986,0.824071,-1.70451e-08,-7.4784e-26,0.00499917
0.929186,0.823786,-1.70033e-08,-7.43164e-26,0.00500019
0.929386,0.823501,-1.69615e-08,-7.38487e-26,0.0050012
0.929586,0.823216,-1.69197e-08,-7.33811e-26,0.00500221
0.929786,0.822919,-1.68761e-08,-7.28938e-26,0.00500326
0.929986,0.822602,-1.68298e-08,-7.2375e-26,0.00500439
0.930186,0.822286,-1.67834e-08,-7.18562e-26,0.00500551
0.930386,0.82197,-1.67371e-08,-7.13374e-26,0.00500663
0.930586,0.821653,-1.66907e-08,-7.08185e-26,0.00500775
0.930786,0.821337,-1.66443e-08,-7.02997e-26,0.00500888
0.930986,0.821021,-1.6598e-08,-6.97809e-26,0.00501
0.931186,0.820705,-1.65516e-08,-6.92621e-26,0.00501112
0.931386,0.820388,-1.65052e-08,-6.87433e-26,0.00501224
0.931586,0.820072,-1.64575e-08,-6.82864e-26,0.00501336
0.931786,0.819756,-1.64026e-08,-6.81597e-26,0.00501441
0.931986,0.81944,-1.63478e-08,-6.80331e-26,0.00501546
0.932186,0.819124,-1.62929e-08,-6.79065e-26,0.00501652
0.932386,0.818808,-1.6238e-08,-6.77798e-26,0.00501757
0.932587,0.818491,-1.61831e-08,-6.76532e-26,0.00501862
0.932787,0.818175,-1.61282e-08,-6.75265e-26,0.00501968
0.932987,0.817859,-1.60733e-08,-6.73999e-26,0.00502073
0.933187,0.817543,-1.60184e-08,-6.72733e-26,0.00502179
0.933387,0.817227,-1.59635e-08,-6.71466e-26,0.00502284
0.933587,0.816911,-1.59086e-08,-6.702e-26,0.00502389
0.933787,0.816594,-1.58537e-08,-6.68933e-26,0.00502495
0.933987,0.816278,-1.57988e-08,-6.67667e-26,0.005026
0.934187,0.815962,-1.57439e-08,-6.66401e-26,0.00502705
0.934387,0.815646,-1.5689e-08,-6.65134e-26,0.00502811
0.934587,0.81533,-1.56341e-08,-6.63868e-26,0.00502916
0.934787,0.815014,-1.55793e-08,-6.62601e-26,0.00503021
0.934987,0.814697,-1.55244e-08,-6.61335e-26,0.00503127
0.935187,0.814381,-1.54695e-08,-6.60069e-26,0.00503232
0.935387,0.814064,-1.54096e-08,-6.56521e-26,0.00503333
0.935587,0.813746,-1.53477e-08,-6.52018e-26,0.00503432
0.935787,0.813428,-1.52857e-08,-6.47515e-26,0.00503531
0.935987,0.81311,-1.52238e-08,-6.43013e-26,0.00503629
0.936187,0.812792,-1.51618e-08,-6.3851e-26,0.00503728
0.936387,0.812474,-1.50999e-08,-6.34008e-26,0.00503827
0.936587,0.812156,-1.50379e-08,-6.29505e-26,0.00503926
0.936787,0.811838,-1.4976e-08,-6.25002e-26,0.00504025
0.936987,0.81152,-1.4914e-08,-6.205e-26,0.00504123
0.937187,0.811185,-1.48489e-08,-6.15761e-26,0.00504227
0.937387,0.810832,-1.47801e-08,-6.10766e-26,0.00504337
0.937588,0.810479,-1.47114e-08,-6.05771e-26,0.00504447
0.937788,0.810127,-1.46427e-08,-6.00775e-26,0.00504556
0.937988,0.809774,-1.4574e-08,-5.9578e-26,0.00504666
0.938188,0.809421,-1.45052e-08,-5.90784e-26,0.00504776
0.938388,0.809068,-1.44365e-08,-5.85789e-26,0.00504885
0.938588,0.808715,-1.43678e-08,-5.80794e-26,0.00504995
0.938788,0.808363,-1.42981e-08,-5.76405e-26,0.00505103
0.938988,0.80801,-1.42236e-08,-5.75142e-26,0.00505206
0.939188,0.807657,-1.41491e-08,-5.73879e-26,0.00505308
0.939388,0.807303,-1.40745e-08,-5.72617e-26,0.00505411
0.939588,0.80695,-1.4e-08,-5.71354e-26,0.00505513
0.939788,0.806597,-1.39255e-08,-5.70091e-26,0.00505616
0.939988,0.806244,-1.3851e-08,-5.68828e-26,0.00505718
0.940188,0.805891,-1.37765e-08,-5.67565e-26,0.0050582
0.940388,0.805538,-1.37019e-08,-5.66302e-26,0.00505923
0.940588,0.805185,-1.36274e-08,-5.65039e-26,0.00506025
0.940788,0.804832,-1.35529e-08,-5.63776e-26,0.00506128
0.940988,0.804479,-1.34784e-08,-5.62514e-26,0.0050623
0.941188,0.804126,-1.34038e-08,-5.61251e-26,0.00506333
0.941388,0.803773,-1.33293e-08,-5.59988e-26,0.00506435
0.941588,0.80342,-1.32548e-08,-5.58725e-26,0.00506537
0.941788,0.803067,-1.31803e-08,-5.57462e-26,0.0050664
0.941988,0.802714,-1.31057e-08,-5.56199e-26,0.00506742
0.942188,0.802359,-1.30287e-08,-5.45609e-26,0.00506841
0.942388,0.802004,-1.29493e-08,-5.26767e-26,0.00506937
0.942589,0.801648,-1.28699e-08,-5.07925e-26,0.00507032
0.942789,0.801293,-1.27906e-08,-4.89083e-26,0.00507128
0.942989,0.800937,-1.27112e-08,-4.70241e-26,0.00507223
0.943189,0.800582,-1.26319e-08,-4.51398e-26,0.00507319
0.943389,0.800226,-1.25525e-08,-4.32556e-26,0.00507414
0.943589,0.799871,-1.24732e-08,-4.13714e-26,0.0050751
0.943789,0.799507,-1.2392e-08,-3.9443e-26,0.00507607
0.943989,0.799113,-1.23039e-08,-3.73525e-26,0.00507713
0.944189,0.798718,-1.22159e-08,-3.52621e-26,0.00507819
0.944389,0.798324,-1.21278e-08,-3.31717e-26,0.00507925
0.944589,0.797929,-1.20398e-08,-3.10812e-26,0.00508031
0.944789,0.797535,-1.19518e-08,-2.89908e-26,0.00508137
0.944989,0.797141,-1.18637e-08,-2.69003e-26,0.00508243
0.945189,0.796746,-1.17757e-08,-2.48099e-26,0.00508349
0.945389,0.796351,-1.16855e-08,-2.30608e-26,0.0050845
0.945589,0.795956,-1.15945e-08,-2.14449e-26,0.00508548
0.945789,0.795561,-1.15036e-08,-1.98291e-26,0.00508647
0.945989,0.795166,-1.14126e-08,-1.82133e-26,0.00508745
0.946189,0.794771,-1.13216e-08,-1.65974e-26,0.00508843
0.946389,0.794376,-1.12306e-08,-1.49816e-26,0.00508942
0.946589,0.793981,-1.11396e-08,-1.33657e-26,0.0050904
0.946789,0.793585,-1.10486e-08,-1.17499e-26,0.00509138
0.946989,0.79319,-1.09576e-08,-1.0134e-26,0.00509237
0.947189,0.792795,-1.08666e-08,-8.51821e-27,0.00509335
0.947389,0.7924,-1.07757e-08,-6.90236e-27,0.00509434
0.94759,0.792005,-1.06847e-08,-5.28652e-27,0.00509532
0.94779,0.79161,-1.05937e-08,-3.67068e-27,0.0050963
0.94799,0.791215,-1.05027e-08,-2.05484e-27,0.00509729
0.94819,0.790819,-1.04117e-08,-4.38995e-28,0.00509827
0.94839,0.790422,-1.032e-08,0,0.0050992
0.94859,0.790024,-1.0228e-08,0,0.00510011
0.94879,0.789625,-1.01359e-08,0,0.00510102
0.94899,0.789227,-1.00439e-08,0,0.00510193
0.94919,0.788829,-9.95192e-09,0,0.00510284
0.94939,0.78843,-9.85991e-09,0,0.00510375
0.94959,0.788032,-9.7679e-09,0,0.00510466
0.94979,0.787623,-9.67354e-09,0,0.0051056
0.94999,0.787182,-9.57146e-09,0,0.00510661
0.95019,0.78674,-9.46937e-09,0,0.00510761
0.95039,0.786298,-9.36729e-09,0,0.00510862
0.95059,0.785856,-9.2652e-09,0,0.00510963
0.95079,0.785414,-9.16312e-09,0,0.00511064
0.95099,0.784972,-9.06104e-09,0,0.00511165
0.95119,0.784529,-8.95942e-09,0,0.00511262
0.95139,0.784086,-8.85832e-09,0,0.00511355
0.95159,0.783643,-8.75722e-09,0,0.00511448
0.95179,0.783199,-8.65611e-09,0,0.00511541
0.95199,0.782756,-8.55501e-09,0,0.00511634
0.95219,0.782313,-8.45391e-09,0,0.00511727
0.95239,0.78187,-8.3528e-09,0,0.0051182
0.952591,0.781426,-8.2517e-09,0,0.00511913
0.952791,0.780983,-8.1506e-09,0,0.00512006
0.952991,0.78054,-8.0495e-09,0,0.00512098
0.953191,0.780096,-7.94839e-09,0,0.00512191
0.953391,0.779653,-7.84729e-09,0,0.00512284
0.953591,0.77921,-7.74619e-09,0,0.00512377
0.953791,0.778766,-7.64508e-09,0,0.0051247
0.953991,0.778319,-7.54715e-09,-7.26046e-26,0.00512555
0.954191,0.777872,-7.44934e-09,-1.47809e-25,0.0051264
0.954391,0.777424,-7.35152e-09,-2.23014e-25,0.00512725
0.954591,0.776977,-7.2537e-09,-2.98218e-25,0.0051281
0.954791,0.776529,-7.15589e-09,-3.73423e-25,0.00512895
0.954991,0.776082,-7.05807e-09,-4.48628e-25,0.0051298
0.955191,0.775624,-6.95801e-09,-5.25558e-25,0.00513067
0.955391,0.775127,-6.84949e-09,-6.08994e-25,0.00513161
0.955591,0.774631,-6.74096e-09,-6.92431e-25,0.00513255
0.955791,0.774135,-6.63244e-09,-7.75868e-25,0.00513349
0.955991,0.773638,-6.52391e-09,-8.59304e-25,0.00513443
0.956191,0.773142,-6.41539e-09,-9.42741e-25,0.00513537
0.956391,0.772645,-6.30744e-09,-1.00615e-24,0.00513631
0.956591,0.772146,-6.20368e-09,-9.23272e-25,0.00513716
0.956791,0.771648,-6.09992e-09,-8.40393e-25,0.00513802
0.956991,0.771149,-5.99616e-09,-7.57514e-25,0.00513887
0.957191,0.77065,-5.8924e-09,-6.74634e-25,0.00513973
0.957391,0.770152,-5.78865e-09,-5.91755e-25,0.00514058
0.957592,0.769653,-5.68489e-09,-5.08876e-25,0.00514144
0.957792,0.769154,-5.58113e-09,-4.25997e-25,0.00514229
0.957992,0.768656,-5.47737e-09,-3.43118e-25,0.00514314
0.958192,0.768157,-5.37361e-09,-2.60238e-25,0.005144
0.958392,0.767659,-5.26985e-09,-1.77359e-25,0.00514485
0.958592,0.76716,-5.16609e-09,-9.44798e-26,0.00514571
0.958792,0.766661,-5.06233e-09,-1.16006e-26,0.00514656
0.958992,0.766157,-4.96772e-09,-6.47877e-27,0.00514734
0.959192,0.765653,-4.87368e-09,-6.14285e-27,0.0051481
0.959392,0.765149,-4.77963e-09,-5.80693e-27,0.00514887
0.959592,0.764645,-4.68559e-09,-5.47101e-27,0.00514964
0.959792,0.764141,-4.59154e-09,-5.13509e-27,0.0051504
0.959992,0.763637,-4.4975e-09,-4.79916e-27,0.00515117
0.960192,0.763086,-4.39467e-09,-4.43188e-27,0.00515201
0.960392,0.762527,-4.29033e-09,-4.05919e-27,0.00515286
0.960592,0.761967,-4.18599e-09,-3.6865e-27,0.00515371
0.960792,0.761408,-4.08165e-09,-3.31381e-27,0.00515456
0.960992,0.760849,-3.97731e-09,-2.94111e-27,0.00515541
0.961192,0.760288,-3.87539e-09,2.86417e-26,0.00515623
0.961392,0.759726,-3.77768e-09,1.14645e-25,0.00515699
0.961592,0.759163,-3.67997e-09,2.00647e-25,0.00515774
0.961792,0.758601,-3.58227e-09,2.8665e-25,0.0051585
0.961992,0.758038,-3.48456e-09,3.72653e-25,0.00515925
0.962192,0.757476,-3.38685e-09,4.58656e-25,0.00516001
0.962392,0.756913,-3.28915e-09,5.44659e-25,0.00516076
0.962593,0.756351,-3.19144e-09,6.30662e-25,0.00516152
0.962793,0.755788,-3.09373e-09,7.16665e-25,0.00516227
0.962993,0.755226,-2.99603e-09,8.02668e-25,0.00516303
0.963193,0.754663,-2.89832e-09,8.8867e-25,0.00516379
0.963393,0.754098,-2.80701e-09,9.07223e-25,0.0051645
0.963593,0.753529,-2.72579e-09,8.19285e-25,0.00516516
0.963793,0.752959,-2.64458e-09,7.31346e-25,0.00516582
0.963993,0.75239,-2.56336e-09,6.43408e-25,0.00516647
0.964193,0.75182,-2.48215e-09,5.5547e-25,0.00516713
0.964393,0.75125,-2.40093e-09,4.67532e-25,0.00516779
0.964593,0.750625,-2.31172e-09,3.70936e-25,0.00516851
0.964793,0.749993,-2.22161e-09,2.73371e-25,0.00516924
0.964993,0.749361,-2.13151e-09,1.75807e-25,0.00516997
0.965193,0.748729,-2.0414e-09,7.82424e-26,0.0051707
0.965393,0.748097,-1.95129e-09,-1.9322e-26,0.00517143
0.965593,0.747461,-1.87181e-09,-2.38657e-26,0.00517206
0.965793,0.746825,-1.79286e-09,-2.37851e-26,0.00517268
0.965993,0.746188,-1.71391e-09,-2.37044e-26,0.0051733
0.966193,0.745551,-1.63495e-09,-2.36238e-26,0.00517393
0.966393,0.744915,-1.556e-09,-2.35431e-26,0.00517455
0.966593,0.744278,-1.47704e-09,-2.34625e-26,0.00517517
0.966793,0.743642,-1.39809e-09,-2.33818e-26,0.00517579
0.966993,0.743005,-1.31914e-09,-2.33011e-26,0.00517642
0.967193,0.742369,-1.24018e-09,-2.32205e-26,0.00517704
0.967393,0.741732,-1.16247e-09,-2.31273e-26,0.00517766
0.967594,0.741086,-1.10456e-09,-2.28351e-26,0.00517817
0.967794,0.740441,-1.04666e-09,-2.25428e-26,0.00517868
0.967994,0.739795,-9.88748e-10,-2.22505e-26,0.00517919
0.968194,0.73915,-9.3084e-10,-2.19583e-26,0.0051797
0.968394,0.738496,-8.7222e-10,-2.16624e-26,0.00518022
0.968594,0.73778,-8.07973e-10,-2.13381e-26,0.00518078
0.968794,0.737064,-7.43726e-10,-2.10139e-26,0.00518135
0.968994,0.736347,-6.79478e-10,-2.06896e-26,0.00518192
0.969194,0.735631,-6.15231e-10,-2.03653e-26,0.00518248
0.969394,0.734911,-5.61899e-10,-2.02088e-26,0.00518297
0.969594,0.734188,-5.14352e-10,-2.0141e-26,0.00518342
0.969794,0.733465,-4.66805e-10,-2.00733e-26,0.00518386
0.969994,0.732743,-4.19258e-10,-2.00056e-26,0.00518431
0.970194,0.73202,-3.71711e-10,-1.99378e-26,0.00518476
0.970394,0.731297,-3.24164e-10,-1.98701e-26,0.0051852
0.970594,0.730574,-2.76616e-10,-1.98024e-26,0.00518565
0.970794,0.729852,-2.29069e-10,-1.97346e-26,0.00518609
0.970994,0.729129,-1.81522e-10,-1.96669e-26,0.00518654
0.971194,0.728398,-1.51196e-10,-1.94521e-26,0.00518689
0.971394,0.727664,-1.27038e-10,-1.91847e-26,0.0051872
0.971594,0.726929,-1.02881e-10,-1.89173e-26,0.00518752
0.971794,0.726195,-7.87232e-11,-1.86498e-26,0.00518783
0.971994,0.725438,-5.38314e-11,-1.83743e-26,0.00518816
0.972194,0.724624,-2.70293e-11,-1.80776e-26,0.00518851
0.972394,0.723809,-2.27095e-13,-1.77808e-26,0.00518886
0.972595,0.722994,2.65751e-11,-1.74841e-26,0.00518921
0.972795,0.722177,4.81065e-11,-1.69793e-26,0.00518952
0.972995,0.721354,5.45494e-11,-1.58784e-26,0.00518973
0.973195,0.72053,6.09922e-11,-1.47776e-26,0.00518994
0.973395,0.719707,6.7435e-11,-1.36768e-26,0.00519015
0.973595,0.718883,7.38779e-11,-1.2576e-26,0.00519036
0.973795,0.71806,8.03207e-11,-1.14752e-26,0.00519056
0.973995,0.717236,8.67635e-11,-1.03744e-26,0.00519077
0.974195,0.716413,9.32064e-11,-9.27359e-27,0.00519098
0.974395,0.715586,9.46157e-11,-8.18466e-27,0.00519116
0.974595,0.714747,7.83296e-11,-7.13748e-27,0.00519121
0.974795,0.713909,6.20434e-11,-6.09031e-27,0.00519126
0.974995,0.71307,4.57573e-11,-5.04314e-27,0.00519132
0.975195,0.712213,2.91097e-11,-3.97272e-27,0.00519137
0.975395,0.711283,1.10407e-11,-2.81091e-27,0.00519143
0.975595,0.710353,-7.02835e-12,-1.6491e-27,0.00519149
0.975795,0.709423,-2.50974e-11,-4.8729e-28,0.00519155
0.975995,0.708486,-5.54366e-11,-8.72387e-26,0.00519151
0.976195,0.707543,-9.46403e-11,-2.37501e-25,0.0051914
0.976395,0.706601,-1.33844e-10,-3.87763e-25,0.00519129
0.976595,0.705659,-1.73048e-10,-5.38025e-25,0.00519118
0.976795,0.704717,-2.12251e-10,-6.88287e-25,0.00519107
0.976995,0.703775,-2.51455e-10,-8.38549e-25,0.00519096
0.977195,0.702832,-2.90659e-10,-9.88811e-25,0.00519085
0.977395,0.701884,-3.36596e-10,-1.03755e-24,0.00519068
0.977596,0.700923,-3.95826e-10,-8.85867e-25,0.00519037
0.977796,0.699961,-4.55056e-10,-7.34186e-25,0.00519007
0.977996,0.699,-5.14286e-10,-5.82504e-25,0.00518977
0.978196,0.697963,-5.78146e-10,-4.18966e-25,0.00518945
0.978396,0.696897,-6.4386e-10,-2.5068e-25,0.00518912
0.978596,0.69583,-7.09574e-10,-8.23933e-26,0.00518878
0.978796,0.694756,-7.83492e-10,1.03547e-26,0.00518836
0.978996,0.693674,-8.67465e-10,1.05223e-26,0.00518782
0.979196,0.692591,-9.51437e-10,1.06899e-26,0.00518728
0.979396,0.691509,-1.03541e-09,1.08574e-26,0.00518674
0.979596,0.690426,-1.11938e-09,1.1025e-26,0.0051862
0.979796,0.689343,-1.20335e-09,1.11926e-26,0.00518566
0.979996,0.688261,-1.28733e-09,1.13602e-26,0.00518512
0.980196,0.687155,-1.38501e-09,1.66259e-25,0.00518436
0.980396,0.686048,-1.48389e-09,3.34648e-25,0.00518358
0.980596,0.684941,-1.58276e-09,5.03038e-25,0.00518281
0.980796,0.683754,-1.68873e-09,6.83502e-25,0.00518197
0.980996,0.682525,-1.79843e-09,8.70326e-25,0.00518111
0.981196,0.681297,-1.90813e-09,1.05715e-24,0.00518024
0.981396,0.680053,-2.02623e-09,9.75693e-25,0.00517919
0.981596,0.678803,-2.14772e-09,7.85954e-25,0.00517807
0.981796,0.677552,-2.26921e-09,5.96216e-25,0.00517695
0.981996,0.676302,-2.3907e-09,4.06477e-25,0.00517582
0.982196,0.675052,-2.51219e-09,2.16739e-25,0.0051747
0.982396,0.673802,-2.63368e-09,2.70004e-26,0.00517357
0.982597,0.672525,-2.76104e-09,-4.96802e-27,0.00517219
0.982797,0.671243,-2.88963e-09,-3.98581e-27,0.00517076
0.982997,0.669961,-3.01822e-09,-3.00359e-27,0.00516933
0.983197,0.668555,-3.15927e-09,-1.92625e-27,0.00516776
0.983397,0.667132,-3.30193e-09,-8.36512e-28,0.00516617
0.983597,0.665703,-3.44509e-09,0,0.0051645
0.983797,0.664251,-3.5899e-09,0,0.00516257
0.983997,0.6628,-3.7347e-09,0,0.00516064
0.984197,0.661348,-3.8795e-09,0,0.00515872
0.984397,0.659897,-4.0243e-09,0,0.00515679
0.984597,0.658445,-4.1691e-09,0,0.00515486
0.984797,0.656955,-4.31089e-09,0,0.00515256
0.984997,0.655461,-4.45244e-09,0,0.00515022
0.985197,0.653923,-4.59826e-09,0,0.00514781
0.985397,0.652266,-4.75531e-09,0,0.00514522
0.985597,0.650609,-4.91236e-09,0,0.00514263
0.985797,0.648917,-5.06153e-09,0,0.00513964
0.985997,0.647221,-5.20968e-09,0,0.00513659
0.986197,0.645525,-5.35783e-09,0,0.00513355
0.986397,0.643829,-5.50597e-09,0,0.0051305
0.986597,0.642127,-5.65258e-09,0,0.0051274
0.986797,0.640375,-5.78594e-09,0,0.0051238
0.986997,0.638624,-5.9193e-09,0,0.00512019
0.987197,0.636736,-6.06307e-09,0,0.00511631
0.987397,0.634792,-6.21103e-09,0,0.00511231
0.987598,0.632819,-6.34757e-09,0,0.00510797
0.987798,0.630822,-6.4751e-09,0,0.00510334
0.987998,0.628826,-6.60263e-09,0,0.00509872
0.988198,0.626829,-6.73015e-09,0,0.0050941
0.988398,0.624814,-6.85129e-09,-2.46326e-28,0.00508928
0.988598,0.622743,-6.95321e-09,-1.23354e-27,0.00508387
0.988798,0.62065,-7.05619e-09,-2.23101e-27,0.00507841
0.988998,0.618353,-7.16927e-09,-3.32629e-27,0.00507241
0.989198,0.616044,-7.2777e-09,-4.4314e-27,0.00506627
0.989398,0.613672,-7.3604e-09,-5.59093e-27,0.00505938
0.989598,0.6113,-7.4431e-09,-6.75046e-27,0.00505249
0.989798,0.608929,-7.5258e-09,-7.90999e-27,0.0050456
0.989998,0.60653,-7.59926e-09,-8.71732e-27,0.0050384
0.990198,0.604057,-7.64758e-09,-8.56622e-27,0.00503036
0.990398,0.601496,-7.69763e-09,-8.40971e-27,0.00502204
0.990598,0.598753,-7.75124e-09,-8.24207e-27,0.00501313
0.990798,0.595949,-7.78313e-09,-8.22231e-27,0.00500345
0.990998,0.593102,-7.79905e-09,-8.31128e-27,0.00499322
0.991198,0.590254,-7.81497e-09,-8.40024e-27,0.00498298
0.991398,0.587396,-7.82794e-09,-8.47171e-27,0.00497262
0.991598,0.584408,-7.80465e-09,-8.32872e-27,0.00496066
0.991798,0.581313,-7.78054e-09,-8.18064e-27,0.00494828
0.991998,0.577998,-7.75471e-09,-8.02199e-27,0.00493501
0.992198,0.57457,-7.69937e-09,4.30459e-25,0.00492023
0.992398,0.571105,-7.63406e-09,1.01714e-24,0.00490493
0.992599,0.56764,-7.56875e-09,1.60382e-24,0.00488963
0.992799,0.564055,-7.48097e-09,1.12894e-24,0.00487273
0.992999,0.560383,-7.37753e-09,-7.9617e-26,0.0048547
0.993199,0.556315,-7.26295e-09,-1.41839e-24,0.00483473
0.993399,0.552115,-7.12517e-09,-1.99449e-24,0.00481283
0.993599,0.547826,-6.9714e-09,-2.04545e-24,0.00478959
0.993799,0.543536,-6.81764e-09,-2.0964e-24,0.00476636
0.993999,0.539024,-6.6463e-09,-1.55766e-24,0.00473981
0.994199,0.534272,-6.4627e-09,-7.94133e-25,0.00471115
0.994399,0.529168,-6.26481e-09,2.96042e-26,0.00468021
0.994599,0.523739,-6.04049e-09,9.78493e-25,0.00464401
0.994799,0.51831,-5.81617e-09,1.92738e-24,0.0046078
0.994999,0.51266,-5.58513e-09,1.47117e-24,0.00456793
0.995199,0.506645,-5.34165e-09,-5.43717e-25,0.00452312
0.995399,0.500089,-5.07672e-09,-2.58442e-24,0.00447404
0.995599,0.493006,-4.79937e-09,-1.44215e-24,0.00441542
0.995799,0.485924,-4.52203e-09,-2.99873e-25,0.0043568
0.995999,0.478276,-4.2472e-09,5.25877e-27,0.00428746
0.996199,0.469926,-3.95593e-09,6.61251e-27,0.0042096
0.996399,0.460692,-3.65496e-09,9.28985e-25,0.00411763
0.996599,0.451008,-3.35651e-09,2.64469e-24,0.0040164
0.996799,0.440717,-3.06514e-09,2.79838e-24,0.00390193
0.996999,0.429201,-2.76947e-09,1.00136e-24,0.00376567
0.997199,0.416183,-2.46873e-09,0,0.00360243
0.997399,0.402287,-2.18248e-09,0,0.00341861
0.9976,0.387028,-1.91601e-09,0,0.00320238
0.9978,0.369684,-1.64457e-09,0,0.00294717
0.998,0.349364,-1.39547e-09,0,0.00262877
0.9982,0.328012,-1.15822e-09,-5.73917e-28,0.00228901
0.9984,0.302388,-9.47746e-10,-5.42564e-27,0.00187273
0.9986,0.272496,-7.40786e-10,-1.13942e-26,0.00141537
0.9988,0.240426,-5.52498e-10,-1.8067e-26,0.000949428
0.999,0.203948,-4.00186e-10,-1.76951e-26,0.000577715
0.9992,0.164014,-2.59425e-10,-1.40321e-26,0.000280064
0.9994,0.123934,-1.46365e-10,-7.66292e-27,9.44816e-05
0.9996,0.0827952,-6.7323e-11,-9.96984e-28,2.49782e-05
0.9998,0.0412511,-1.90099e-11,0,4.7985e-06
1,0,0,0,0