y,U_x,U_y,U_z,k
1.10046e-17,1.0751,-2.67746e-25,0,0.00175567
0.00020004,1.0751,7.10813e-13,0,0.00175567
0.00040008,1.0751,1.42163e-12,0,0.00175567
0.00060012,1.0751,2.13244e-12,0,0.00175567
0.00080016,1.0751,2.84325e-12,0,0.00175567
0.0010002,1.0751,3.55407e-12,0,0.00175567
0.00120024,1.0751,4.26488e-12,0,0.00175567
0.00140028,1.0751,4.97569e-12,0,0.00175567
0.00160032,1.0751,5.68651e-12,0,0.00175567
0.00180036,1.0751,6.39732e-12,0,0.00175567
0.0020004,1.0751,7.10813e-12,0,0.00175567
0.00220044,1.0751,7.81895e-12,0,0.00175567
0.00240048,1.0751,8.52976e-12,0,0.00175567
0.00260052,1.0751,9.24057e-12,0,0.00175567
0.00280056,1.0751,9.95139e-12,0,0.00175567
0.0030006,1.0751,1.06622e-11,0,0.00175567
0.00320064,1.0751,1.1373e-11,0,0.00175567
0.00340068,1.0751,1.20838e-11,0,0.00175567
0.00360072,1.0751,1.27946e-11,0,0.00175567
0.00380076,1.0751,1.35055e-11,0,0.00175567
0.0040008,1.0751,1.42163e-11,0,0.00175567
0.00420084,1.0751,1.49271e-11,0,0.00175567
0.00440088,1.0751,1.56379e-11,0,0.00175567
0.00460092,1.0751,1.63487e-11,0,0.00175567
0.00480096,1.0751,1.70595e-11,0,0.00175567
0.005001,1.0751,1.77703e-11,0,0.00175567
0.00520104,1.0751,1.84811e-11,0,0.00175567
0.00540108,1.0751,1.9192e-11,0,0.00175567
0.00560112,1.0751,1.99028e-11,0,0.00175567
0.00580116,1.0751,2.06136e-11,0,0.00175567
0.0060012,1.0751,2.13244e-11,0,0.00175567
0.00620124,1.0751,2.20352e-11,0,0.00175567
0.00640128,1.0751,2.2746e-11,0,0.00175567
0.00660132,1.0751,2.34568e-11,0,0.00175567
0.00680136,1.0751,2.41677e-11,0,0.00175567
0.0070014,1.0751,2.48785e-11,0,0.00175567
0.00720144,1.0751,2.55893e-11,0,0.00175567
0.00740148,1.0751,2.63001e-11,0,0.00175567
0.00760152,1.0751,2.70109e-11,0,0.00175567
0.00780156,1.0751,2.77217e-11,0,0.00175567
0.0080016,1.0751,2.84325e-11,0,0.00175567
0.00820164,1.0751,2.91433e-11,0,0.00175567
0.00840168,1.0751,2.98542e-11,0,0.00175567
0.00860172,1.0751,3.0565e-11,0,0.00175567
0.00880176,1.0751,3.12758e-11,0,0.00175567
0.0090018,1.0751,3.19866e-11,0,0.00175567
0.00920184,1.0751,3.26974e-11,0,0.00175567
0.00940188,1.0751,3.34082e-11,0,0.00175567
0.00960192,1.0751,3.4119e-11,0,0.00175567
0.00980196,1.0751,3.48299e-11,0,0.00175567
0.010002,1.0751,3.55407e-11,0,0.00175567
0.010202,1.0751,3.62515e-11,0,0.00175567
0.0104021,1.0751,3.69623e-11,0,0.00175567
0.0106021,1.0751,3.76731e-11,0,0.00175567
0.0108022,1.0751,3.83839e-11,0,0.00175567
0.0110022,1.0751,3.90947e-11,0,0.00175567
0.0112022,1.0751,3.98055e-11,0,0.00175567
0.0114023,1.0751,4.05164e-11,0,0.00175567
0.0116023,1.0751,4.12272e-11,0,0.00175567
0.0118024,1.0751,4.1938e-11,0,0.00175567
0.0120024,1.0751,4.26488e-11,0,0.00175567
0.0122024,1.0751,4.33596e-11,0,0.00175567
0.0124025,1.0751,4.40704e-11,0,0.00175567
0.0126025,1.0751,4.47812e-11,0,0.00175567
0.0128026,1.0751,4.54921e-11,0,0.00175567
0.0130026,1.0751,4.62029e-11,0,0.00175567
0.0132026,1.0751,4.69137e-11,0,0.00175567
0.0134027,1.0751,4.76245e-11,0,0.00175567
0.0136027,1.0751,4.83353e-11,0,0.00175567
0.0138028,1.0751,4.90461e-11,0,0.00175567
0.0140028,1.0751,4.97569e-11,0,0.00175567
0.0142028,1.0751,5.04677e-11,0,0.00175567
0.0144029,1.0751,5.11786e-11,0,0.00175567
0.0146029,1.0751,5.18894e-11,0,0.00175567
0.014803,1.0751,5.26002e-11,0,0.00175567
0.015003,1.0751,5.3311e-11,0,0.00175567
0.015203,1.0751,5.40218e-11,0,0.00175567
0.0154031,1.0751,5.47326e-11,0,0.00175567
0.0156031,1.0751,5.54434e-11,0,0.00175567
0.0158032,1.0751,5.61543e-11,0,0.00175567
0.0160032,1.0751,5.68651e-11,0,0.00175567
0.0162032,1.0751,5.75759e-11,0,0.00175567
0.0164033,1.0751,5.82867e-11,0,0.00175567
0.0166033,1.0751,5.89975e-11,0,0.00175567
0.0168034,1.0751,5.97083e-11,0,0.00175567
0.0170034,1.0751,6.04191e-11,0,0.00175567
0.0172034,1.0751,6.11299e-11,0,0.00175567
0.0174035,1.0751,6.18408e-11,0,0.00175567
0.0176035,1.0751,6.25516e-11,0,0.00175567
0.0178036,1.0751,6.32624e-11,0,0.00175567
0.0180036,1.0751,6.39732e-11,0,0.00175567
0.0182036,1.0751,6.4684e-11,0,0.00175567
0.0184037,1.0751,6.53948e-11,0,0.00175567
0.0186037,1.0751,6.61056e-11,0,0.00175567
0.0188038,1.0751,6.68165e-11,0,0.00175567
0.0190038,1.0751,6.75273e-11,0,0.00175567
0.0192038,1.0751,6.82381e-11,0,0.00175567
0.0194039,1.0751,6.89489e-11,0,0.00175567
0.0196039,1.0751,6.96597e-11,0,0.00175567
0.019804,1.0751,7.03705e-11,0,0.00175567
0.020004,1.0751,7.10813e-11,0,0.00175567
0.020204,1.0751,7.17921e-11,0,0.00175567
0.0204041,1.0751,7.2503e-11,0,0.00175567
0.0206041,1.0751,7.32138e-11,0,0.00175567
0.0208042,1.0751,7.39246e-11,0,0.00175567
0.0210042,1.0751,7.46354e-11,0,0.00175567
0.0212042,1.0751,7.53462e-11,0,0.00175567
0.0214043,1.0751,7.6057e-11,0,0.00175567
0.0216043,1.0751,7.67678e-11,0,0.00175567
0.0218044,1.0751,7.74787e-11,0,0.00175567
0.0220044,1.0751,7.81895e-11,0,0.00175567
0.0222044,1.0751,7.89003e-11,0,0.00175567
0.0224045,1.0751,7.96111e-11,0,0.00175567
0.0226045,1.0751,8.03219e-11,0,0.00175567
0.0228046,1.0751,8.10327e-11,0,0.00175567
0.0230046,1.0751,8.17435e-11,0,0.00175567
0.0232046,1.0751,8.24543e-11,0,0.00175567
0.0234047,1.0751,8.31652e-11,0,0.00175567
0.0236047,1.0751,8.3876e-11,0,0.00175567
0.0238048,1.0751,8.45868e-11,0,0.00175567
0.0240048,1.0751,8.52976e-11,0,0.00175567
0.0242048,1.0751,8.60084e-11,0,0.00175567
0.0244049,1.0751,8.67192e-11,0,0.00175567
0.0246049,1.0751,8.743e-11,0,0.00175567
0.024805,1.0751,8.81409e-11,0,0.00175567
0.025005,1.0751,8.88517e-11,0,0.00175567
0.025205,1.0751,8.95625e-11,0,0.00175567
0.0254051,1.0751,9.02733e-11,0,0.00175567
0.0256051,1.0751,9.09841e-11,0,0.00175567
0.0258052,1.0751,9.16949e-11,0,0.00175567
0.0260052,1.0751,9.24057e-11,0,0.00175567
0.0262052,1.0751,9.31165e-11,0,0.00175567
0.0264053,1.0751,9.38274e-11,0,0.00175567
0.0266053,1.0751,9.45382e-11,0,0.00175567
0.0268054,1.0751,9.5249e-11,0,0.00175567
0.0270054,1.0751,9.59598e-11,0,0.00175567
0.0272054,1.0751,9.66706e-11,0,0.00175567
0.0274055,1.0751,9.73814e-11,0,0.00175567
0.0276055,1.0751,9.80922e-11,0,0.00175567
0.0278056,1.0751,9.88031e-11,0,0.00175567
0.0280056,1.0751,9.95139e-11,0,0.00175567
0.0282056,1.0751,1.00225e-10,0,0.00175567
0.0284057,1.0751,1.00935e-10,0,0.00175567
0.0286057,1.0751,1.01646e-10,0,0.00175567
0.0288058,1.0751,1.02357e-10,0,0.00175567
0.0290058,1.0751,1.03068e-10,0,0.00175567
0.0292058,1.0751,1.03779e-10,0,0.00175567
0.0294059,1.0751,1.0449e-10,0,0.00175567
0.0296059,1.0751,1.052e-10,0,0.00175567
0.029806,1.0751,1.05911e-10,0,0.00175567
0.030006,1.0751,1.06622e-10,0,0.00175567
0.030206,1.0751,1.07333e-10,0,0.00175567
0.0304061,1.0751,1.08044e-10,0,0.00175567
0.0306061,1.0751,1.08754e-10,0,0.00175567
0.0308062,1.0751,1.09465e-10,0,0.00175567
0.0310062,1.0751,1.10176e-10,0,0.00175567
0.0312062,1.0751,1.10887e-10,0,0.00175567
0.0314063,1.0751,1.11598e-10,0,0.00175567
0.0316063,1.0751,1.12309e-10,0,0.00175567
0.0318064,1.0751,1.13019e-10,0,0.00175567
0.0320064,1.0751,1.1373e-10,0,0.00175567
0.0322064,1.0751,1.14441e-10,0,0.00175567
0.0324065,1.0751,1.15152e-10,0,0.00175567
0.0326065,1.0751,1.15863e-10,0,0.00175567
0.0328066,1.0751,1.16573e-10,0,0.00175567
0.0330066,1.0751,1.17284e-10,0,0.00175567
0.0332066,1.0751,1.17995e-10,0,0.00175567
0.0334067,1.0751,1.18706e-10,0,0.00175567
0.0336067,1.0751,1.19417e-10,0,0.00175567
0.0338068,1.0751,1.20127e-10,0,0.00175567
0.0340068,1.0751,1.20838e-10,0,0.00175567
0.0342068,1.0751,1.21549e-10,0,0.00175567
0.0344069,1.0751,1.2226e-10,0,0.00175567
0.0346069,1.0751,1.22971e-10,0,0.00175567
0.034807,1.0751,1.23682e-10,0,0.00175567
0.035007,1.0751,1.24392e-10,0,0.00175567
0.035207,1.0751,1.25103e-10,0,0.00175567
0.0354071,1.0751,1.25814e-10,0,0.00175567
0.0356071,1.0751,1.26525e-10,0,0.00175567
0.0358072,1.0751,1.27236e-10,0,0.00175567
0.0360072,1.0751,1.27946e-10,0,0.00175567
0.0362072,1.0751,1.28657e-10,0,0.00175567
0.0364073,1.0751,1.29368e-10,0,0.00175567
0.0366073,1.0751,1.30079e-10,0,0.00175567
0.0368074,1.0751,1.3079e-10,0,0.00175567
0.0370074,1.0751,1.315e-10,0,0.00175567
0.0372074,1.0751,1.32211e-10,0,0.00175567
0.0374075,1.0751,1.32922e-10,0,0.00175567
0.0376075,1.0751,1.33633e-10,0,0.00175567
0.0378076,1.0751,1.34344e-10,0,0.00175567
0.0380076,1.0751,1.35055e-10,0,0.00175567
0.0382076,1.0751,1.35765e-10,0,0.00175567
0.0384077,1.0751,1.36476e-10,0,0.00175567
0.0386077,1.0751,1.37187e-10,0,0.00175567
0.0388078,1.0751,1.37898e-10,0,0.00175567
0.0390078,1.0751,1.38609e-10,0,0.00175567
0.0392078,1.0751,1.39319e-10,0,0.00175567
0.0394079,1.0751,1.4003e-10,0,0.00175567
0.0396079,1.0751,1.40741e-10,0,0.00175567
0.039808,1.0751,1.41452e-10,0,0.00175567
0.040008,1.0751,1.42163e-10,0,0.00175567
0.040208,1.0751,1.42873e-10,0,0.00175567
0.0404081,1.0751,1.43584e-10,0,0.00175567
0.0406081,1.0751,1.44295e-10,0,0.00175567
0.0408082,1.0751,1.45006e-10,0,0.00175567
0.0410082,1.0751,1.45717e-10,0,0.00175567
0.0412082,1.0751,1.46428e-10,0,0.00175567
0.0414083,1.0751,1.47138e-10,0,0.00175567
0.0416083,1.0751,1.47849e-10,0,0.00175567
0.0418084,1.0751,1.4856e-10,0,0.00175567
0.0420084,1.0751,1.49271e-10,0,0.00175567
0.0422084,1.0751,1.49982e-10,0,0.00175567
0.0424085,1.0751,1.50692e-10,0,0.00175567
0.0426085,1.0751,1.51403e-10,0,0.00175567
0.0428086,1.0751,1.52114e-10,0,0.00175567
0.0430086,1.0751,1.52825e-10,0,0.00175567
0.0432086,1.0751,1.53536e-10,0,0.00175567
0.0434087,1.0751,1.54246e-10,0,0.00175567
0.0436087,1.0751,1.54957e-10,0,0.00175567
0.0438088,1.0751,1.55668e-10,0,0.00175567
0.0440088,1.0751,1.56379e-10,0,0.00175567
0.0442088,1.0751,1.5709e-10,0,0.00175567
0.0444089,1.0751,1.57801e-10,0,0.00175567
0.0446089,1.0751,1.58511e-10,0,0.00175567
0.044809,1.0751,1.59222e-10,0,0.00175567
0.045009,1.0751,1.59933e-10,0,0.00175567
0.045209,1.0751,1.60644e-10,0,0.00175567
0.0454091,1.0751,1.61355e-10,0,0.00175567
0.0456091,1.0751,1.62065e-10,0,0.00175567
0.0458092,1.0751,1.62776e-10,0,0.00175567
0.0460092,1.0751,1.63487e-10,0,0.00175567
0.0462092,1.0751,1.64198e-10,0,0.00175567
0.0464093,1.0751,1.64909e-10,0,0.00175567
0.0466093,1.0751,1.6562e-10,0,0.00175567
0.0468094,1.0751,1.6633e-10,0,0.00175567
0.0470094,1.0751,1.67041e-10,0,0.00175567
0.0472094,1.0751,1.67752e-10,0,0.00175567
0.0474095,1.0751,1.68463e-10,0,0.00175567
0.0476095,1.0751,1.69174e-10,0,0.00175567
0.0478096,1.0751,1.69884e-10,0,0.00175567
0.0480096,1.0751,1.70595e-10,0,0.00175567
0.0482096,1.0751,1.71306e-10,0,0.00175567
0.0484097,1.0751,1.72017e-10,0,0.00175567
0.0486097,1.0751,1.72728e-10,0,0.00175567
0.0488098,1.0751,1.73438e-10,0,0.00175567
0.0490098,1.0751,1.74149e-10,0,0.00175567
0.0492098,1.0751,1.7486e-10,0,0.00175567
0.0494099,1.0751,1.75571e-10,0,0.00175567
0.0496099,1.0751,1.78938e-10,4.6727e-28,0.00175571
0.04981,1.07509,1.90397e-10,2.35821e-27,0.00175587
0.05001,1.07509,2.01856e-10,4.24915e-27,0.00175603
0.05021,1.07508,2.13315e-10,6.14009e-27,0.00175619
0.0504101,1.07508,2.24774e-10,8.03102e-27,0.00175635
0.0506101,1.07507,2.36232e-10,9.92196e-27,0.00175651
0.0508102,1.07507,2.47691e-10,1.18129e-26,0.00175667
0.0510102,1.07506,2.5915e-10,1.37038e-26,0.00175683
0.0512102,1.07506,2.70609e-10,1.55948e-26,0.00175699
0.0514103,1.07505,2.82068e-10,1.74857e-26,0.00175715
0.0516103,1.07505,2.93527e-10,1.93767e-26,0.00175731
0.0518104,1.07504,3.04986e-10,2.12676e-26,0.00175747
0.0520104,1.07504,3.16445e-10,2.31585e-26,0.00175763
0.0522104,1.07503,3.27904e-10,2.50495e-26,0.00175779
0.0524105,1.07503,3.39363e-10,2.69404e-26,0.00175795
0.0526105,1.07503,3.50822e-10,2.88314e-26,0.00175811
0.0528106,1.07502,3.62281e-10,3.07223e-26,0.00175827
0.0530106,1.07502,3.7374e-10,3.26132e-26,0.00175843
0.0532106,1.07501,3.85199e-10,3.45042e-26,0.00175859
0.0534107,1.07501,3.96658e-10,3.63951e-26,0.00175875
0.0536107,1.075,4.08117e-10,3.8286e-26,0.00175891
0.0538108,1.075,4.19576e-10,4.0177e-26,0.00175906
0.0540108,1.07499,4.31035e-10,4.20679e-26,0.00175922
0.0542108,1.07499,4.42494e-10,4.39589e-26,0.00175938
0.0544109,1.07498,4.53953e-10,4.58498e-26,0.00175954
0.0546109,1.07498,4.65412e-10,4.77407e-26,0.0017597
0.054811,1.07497,4.76871e-10,4.96317e-26,0.00175986
0.055011,1.07497,4.8833e-10,5.15226e-26,0.00176002
0.055211,1.07496,4.99789e-10,5.34136e-26,0.00176018
0.0554111,1.07496,5.11248e-10,5.53045e-26,0.00176034
0.0556111,1.07495,5.22707e-10,5.71954e-26,0.0017605
0.0558112,1.07495,5.34165e-10,5.90864e-26,0.00176066
0.0560112,1.07494,5.45624e-10,6.09773e-26,0.00176082
0.0562112,1.07494,5.57083e-10,6.28682e-26,0.00176098
0.0564113,1.07493,5.68542e-10,6.47592e-26,0.00176114
0.0566113,1.07493,5.80001e-10,6.66501e-26,0.0017613
0.0568114,1.07492,5.9146e-10,6.85411e-26,0.00176146
0.0570114,1.07492,6.02919e-10,7.0432e-26,0.00176162
0.0572114,1.07491,6.14378e-10,7.23229e-26,0.00176178
0.0574115,1.07491,6.25837e-10,7.42139e-26,0.00176194
0.0576115,1.0749,6.37296e-10,7.61048e-26,0.0017621
0.0578116,1.0749,6.48755e-10,7.79958e-26,0.00176226
0.0580116,1.07489,6.60214e-10,7.98867e-26,0.00176242
0.0582116,1.07489,6.71673e-10,8.17776e-26,0.00176258
0.0584117,1.07488,6.83132e-10,8.36686e-26,0.00176274
0.0586117,1.07488,6.94591e-10,8.55595e-26,0.0017629
0.0588118,1.07487,7.0605e-10,8.74504e-26,0.00176306
0.0590118,1.07487,7.17509e-10,8.93414e-26,0.00176322
0.0592118,1.07486,7.28968e-10,9.12323e-26,0.00176337
0.0594119,1.07486,7.40427e-10,9.31233e-26,0.00176353
0.0596119,1.07485,7.51886e-10,9.50142e-26,0.00176369
0.059812,1.07485,7.63345e-10,9.69051e-26,0.00176385
0.060012,1.07484,7.74804e-10,9.87961e-26,0.00176401
0.060212,1.07484,7.86263e-10,1.00687e-25,0.00176417
0.0604121,1.07483,7.97722e-10,1.02578e-25,0.00176433
0.0606121,1.07483,8.09181e-10,1.04469e-25,0.00176449
0.0608122,1.07482,8.2064e-10,1.0636e-25,0.00176465
0.0610122,1.07482,8.32098e-10,1.08251e-25,0.00176481
0.0612122,1.07481,8.43557e-10,1.10142e-25,0.00176497
0.0614123,1.07481,8.55016e-10,1.12033e-25,0.00176513
0.0616123,1.0748,8.66475e-10,1.13924e-25,0.00176529
0.0618124,1.0748,8.77934e-10,1.15815e-25,0.00176545
0.0620124,1.07479,8.89393e-10,1.17705e-25,0.00176561
0.0622124,1.07479,9.00852e-10,1.19596e-25,0.00176577
0.0624125,1.07478,9.12311e-10,1.21487e-25,0.00176593
0.0626125,1.07478,9.2377e-10,1.23378e-25,0.00176609
0.0628126,1.07477,9.35229e-10,1.25269e-25,0.00176625
0.0630126,1.07477,9.46688e-10,1.2716e-25,0.00176641
0.0632126,1.07476,9.58147e-10,1.29051e-25,0.00176657
0.0634127,1.07476,9.69606e-10,1.30942e-25,0.00176673
0.0636127,1.07475,9.81065e-10,1.32833e-25,0.00176689
0.0638128,1.07475,9.92524e-10,1.34724e-25,0.00176705
0.0640128,1.07474,1.00398e-09,1.36615e-25,0.00176721
0.0642128,1.07474,1.01544e-09,1.38506e-25,0.00176737
0.0644129,1.07473,1.0269e-09,1.40397e-25,0.00176753
0.0646129,1.07473,1.03836e-09,1.42288e-25,0.00176768
0.064813,1.07472,1.04982e-09,1.44179e-25,0.00176784
0.065013,1.07472,1.06128e-09,1.4607e-25,0.001768
0.065213,1.07471,1.07274e-09,1.4796e-25,0.00176816
0.0654131,1.07471,1.0842e-09,1.49851e-25,0.00176832
0.0656131,1.0747,1.09565e-09,1.51742e-25,0.00176848
0.0658132,1.0747,1.10711e-09,1.53633e-25,0.00176864
0.0660132,1.07469,1.11857e-09,1.55524e-25,0.0017688
0.0662132,1.07469,1.13003e-09,1.57415e-25,0.00176896
0.0664133,1.07468,1.14149e-09,1.59306e-25,0.00176912
0.0666133,1.07468,1.15295e-09,1.61197e-25,0.00176928
0.0668134,1.07467,1.16441e-09,1.63088e-25,0.00176944
0.0670134,1.07467,1.17587e-09,1.64979e-25,0.0017696
0.0672134,1.07466,1.18733e-09,1.6687e-25,0.00176976
0.0674135,1.07466,1.19879e-09,1.68761e-25,0.00176992
0.0676135,1.07465,1.21024e-09,1.70652e-25,0.00177008
0.0678136,1.07465,1.2217e-09,1.72543e-25,0.00177024
0.0680136,1.07464,1.23316e-09,1.74434e-25,0.0017704
0.0682136,1.07464,1.24462e-09,1.76325e-25,0.00177056
0.0684137,1.07463,1.25608e-09,1.78216e-25,0.00177072
0.0686137,1.07463,1.26754e-09,1.80106e-25,0.00177088
0.0688138,1.07462,1.279e-09,1.81997e-25,0.00177104
0.0690138,1.07462,1.29046e-09,1.83888e-25,0.0017712
0.0692138,1.07461,1.30192e-09,1.85779e-25,0.00177136
0.0694139,1.07461,1.31337e-09,1.8767e-25,0.00177152
0.0696139,1.0746,1.32483e-09,1.89561e-25,0.00177168
0.069814,1.0746,1.33629e-09,1.91452e-25,0.00177184
0.070014,1.07459,1.34775e-09,1.93343e-25,0.00177199
0.070214,1.07459,1.35921e-09,1.95234e-25,0.00177215
0.0704141,1.07459,1.37067e-09,1.97125e-25,0.00177231
0.0706141,1.07458,1.38213e-09,1.99016e-25,0.00177247
0.0708142,1.07458,1.39359e-09,2.00907e-25,0.00177263
0.0710142,1.07457,1.40505e-09,2.02798e-25,0.00177279
0.0712142,1.07457,1.41651e-09,2.04689e-25,0.00177295
0.0714143,1.07456,1.42796e-09,2.0658e-25,0.00177311
0.0716143,1.07456,1.43942e-09,2.08471e-25,0.00177327
0.0718144,1.07455,1.45088e-09,2.10361e-25,0.00177343
0.0720144,1.07455,1.46234e-09,2.12252e-25,0.00177359
0.0722144,1.07454,1.4738e-09,2.14143e-25,0.00177375
0.0724145,1.07454,1.48526e-09,2.16034e-25,0.00177391
0.0726145,1.07453,1.49672e-09,2.17925e-25,0.00177407
0.0728146,1.07453,1.50818e-09,2.19816e-25,0.00177423
0.0730146,1.07452,1.51964e-09,2.21707e-25,0.00177439
0.0732146,1.07452,1.5311e-09,2.23598e-25,0.00177455
0.0734147,1.07451,1.54255e-09,2.25489e-25,0.00177471
0.0736147,1.07451,1.55401e-09,2.2738e-25,0.00177487
0.0738148,1.0745,1.56547e-09,2.29271e-25,0.00177503
0.0740148,1.0745,1.57693e-09,2.31162e-25,0.00177519
0.0742148,1.07449,1.58839e-09,2.33053e-25,0.00177535
0.0744149,1.07449,1.59985e-09,2.34944e-25,0.00177551
0.0746149,1.07448,1.61131e-09,2.36835e-25,0.00177567
0.074815,1.07448,1.62277e-09,2.38726e-25,0.00177583
0.075015,1.07447,1.63423e-09,2.40616e-25,0.00177599
0.075215,1.07447,1.64568e-09,2.42507e-25,0.00177615
0.0754151,1.07446,1.65714e-09,2.44398e-25,0.0017763
0.0756151,1.07446,1.6686e-09,2.46289e-25,0.00177646
0.0758152,1.07445,1.68006e-09,2.4818e-25,0.00177662
0.0760152,1.07445,1.69152e-09,2.50071e-25,0.00177678
0.0762152,1.07444,1.70298e-09,2.51962e-25,0.00177694
0.0764153,1.07444,1.71444e-09,2.53853e-25,0.0017771
0.0766153,1.07443,1.7259e-09,2.55744e-25,0.00177726
0.0768154,1.07443,1.73736e-09,2.57635e-25,0.00177742
0.0770154,1.07442,1.74882e-09,2.59526e-25,0.00177758
0.0772154,1.07442,1.76027e-09,2.61417e-25,0.00177774
0.0774155,1.07441,1.77173e-09,2.63308e-25,0.0017779
0.0776155,1.07441,1.78319e-09,2.65199e-25,0.00177806
0.0778156,1.0744,1.79465e-09,2.6709e-25,0.00177822
0.0780156,1.0744,1.80611e-09,2.68981e-25,0.00177838
0.0782156,1.07439,1.81757e-09,2.70872e-25,0.00177854
0.0784157,1.07439,1.82903e-09,2.72762e-25,0.0017787
0.0786157,1.07438,1.84049e-09,2.74653e-25,0.00177886
0.0788158,1.07438,1.85195e-09,2.76544e-25,0.00177902
0.0790158,1.07437,1.8634e-09,2.78435e-25,0.00177918
0.0792158,1.07437,1.87486e-09,2.80326e-25,0.00177934
0.0794159,1.07436,1.88632e-09,2.82217e-25,0.0017795
0.0796159,1.07436,1.89778e-09,2.84108e-25,0.00177966
0.079816,1.07435,1.90924e-09,2.85999e-25,0.00177982
0.080016,1.07435,1.9207e-09,2.8789e-25,0.00177998
0.080216,1.07434,1.93216e-09,2.89781e-25,0.00178014
0.0804161,1.07434,1.94362e-09,2.91672e-25,0.0017803
0.0806161,1.07433,1.95508e-09,2.93563e-25,0.00178046
0.0808162,1.07433,1.96654e-09,2.95454e-25,0.00178061
0.0810162,1.07432,1.97799e-09,2.97345e-25,0.00178077
0.0812162,1.07432,1.98945e-09,2.99236e-25,0.00178093
0.0814163,1.07431,2.00091e-09,3.01127e-25,0.00178109
0.0816163,1.07431,2.01237e-09,3.03017e-25,0.00178125
0.0818164,1.0743,2.02383e-09,3.04908e-25,0.00178141
0.0820164,1.0743,2.03529e-09,3.06799e-25,0.00178157
0.0822164,1.07429,2.04675e-09,3.0869e-25,0.00178173
0.0824165,1.07429,2.05821e-09,3.10581e-25,0.00178189
0.0826165,1.07428,2.06967e-09,3.12472e-25,0.00178205
0.0828166,1.07428,2.08113e-09,3.14363e-25,0.00178221
0.0830166,1.07427,2.09258e-09,3.16254e-25,0.00178237
0.0832166,1.07427,2.10404e-09,3.18145e-25,0.00178253
0.0834167,1.07426,2.1155e-09,3.20036e-25,0.00178269
0.0836167,1.07426,2.12696e-09,3.21927e-25,0.00178285
0.0838168,1.07425,2.13842e-09,3.23818e-25,0.00178301
0.0840168,1.07425,2.14988e-09,3.25709e-25,0.00178317
0.0842168,1.07424,2.16134e-09,3.276e-25,0.00178333
0.0844169,1.07424,2.1728e-09,3.29491e-25,0.00178349
0.0846169,1.07423,2.18426e-09,3.31382e-25,0.00178365
0.084817,1.07423,2.19571e-09,3.33272e-25,0.00178381
0.085017,1.07422,2.20717e-09,3.35163e-25,0.00178397
0.085217,1.07422,2.21863e-09,3.37054e-25,0.00178413
0.0854171,1.07421,2.23009e-09,3.38945e-25,0.00178429
0.0856171,1.07421,2.24155e-09,3.40836e-25,0.00178445
0.0858172,1.0742,2.25301e-09,3.42727e-25,0.00178461
0.0860172,1.0742,2.26447e-09,3.44618e-25,0.00178477
0.0862172,1.07419,2.27593e-09,3.46509e-25,0.00178492
0.0864173,1.07419,2.28739e-09,3.484e-25,0.00178508
0.0866173,1.07418,2.29885e-09,3.50291e-25,0.00178524
0.0868174,1.07418,2.3103e-09,3.52182e-25,0.0017854
0.0870174,1.07417,2.32176e-09,3.54073e-25,0.00178556
0.0872174,1.07417,2.33322e-09,3.55964e-25,0.00178572
0.0874175,1.07416,2.34468e-09,3.57855e-25,0.00178588
0.0876175,1.07416,2.35614e-09,3.59746e-25,0.00178604
0.0878176,1.07416,2.3676e-09,3.61637e-25,0.0017862
0.0880176,1.07415,2.37906e-09,3.63527e-25,0.00178636
0.0882176,1.07415,2.39052e-09,3.65418e-25,0.00178652
0.0884177,1.07414,2.40198e-09,3.67309e-25,0.00178668
0.0886177,1.07414,2.41344e-09,3.692e-25,0.00178684
0.0888178,1.07413,2.42489e-09,3.71091e-25,0.001787
0.0890178,1.07413,2.43635e-09,3.72982e-25,0.00178716
0.0892178,1.07412,2.44781e-09,3.74873e-25,0.00178732
0.0894179,1.07412,2.45927e-09,3.76764e-25,0.00178748
0.0896179,1.07411,2.47073e-09,3.78655e-25,0.00178764
0.089818,1.07411,2.48219e-09,3.80546e-25,0.0017878
0.090018,1.0741,2.49365e-09,3.82437e-25,0.00178796
0.090218,1.0741,2.50511e-09,3.84328e-25,0.00178812
0.0904181,1.07409,2.51657e-09,3.86219e-25,0.00178828
0.0906181,1.07409,2.52802e-09,3.8811e-25,0.00178844
0.0908182,1.07408,2.53948e-09,3.90001e-25,0.0017886
0.0910182,1.07408,2.55094e-09,3.91892e-25,0.00178876
0.0912182,1.07407,2.5624e-09,3.93783e-25,0.00178892
0.0914183,1.07407,2.57386e-09,3.95673e-25,0.00178908
0.0916183,1.07406,2.58532e-09,3.97564e-25,0.00178923
0.0918184,1.07406,2.59678e-09,3.99455e-25,0.00178939
0.0920184,1.07405,2.60824e-09,4.01346e-25,0.00178955
0.0922184,1.07405,2.6197e-09,4.03237e-25,0.00178971
0.0924185,1.07404,2.63116e-09,4.05128e-25,0.00178987
0.0926185,1.07404,2.64261e-09,4.07019e-25,0.00179003
0.0928186,1.07403,2.65407e-09,4.0891e-25,0.00179019
0.0930186,1.07403,2.66553e-09,4.10801e-25,0.00179035
0.0932186,1.07402,2.67699e-09,4.12692e-25,0.00179051
0.0934187,1.07402,2.68845e-09,4.14583e-25,0.00179067
0.0936187,1.07401,2.69991e-09,4.16474e-25,0.00179083
0.0938188,1.07401,2.71137e-09,4.18365e-25,0.00179099
0.0940188,1.074,2.72283e-09,4.20256e-25,0.00179115
0.0942188,1.074,2.73429e-09,4.22147e-25,0.00179131
0.0944189,1.07399,2.74574e-09,4.24038e-25,0.00179147
0.0946189,1.07399,2.7572e-09,4.25928e-25,0.00179163
0.094819,1.07398,2.76866e-09,4.27819e-25,0.00179179
0.095019,1.07398,2.78012e-09,4.2971e-25,0.00179195
0.095219,1.07397,2.79158e-09,4.31601e-25,0.00179211
0.0954191,1.07397,2.80304e-09,4.33492e-25,0.00179227
0.0956191,1.07396,2.8145e-09,4.35383e-25,0.00179243
0.0958192,1.07396,2.82596e-09,4.37274e-25,0.00179259
0.0960192,1.07395,2.83742e-09,4.39165e-25,0.00179275
0.0962192,1.07395,2.84888e-09,4.41056e-25,0.00179291
0.0964193,1.07394,2.86033e-09,4.42947e-25,0.00179307
0.0966193,1.07394,2.87179e-09,4.44838e-25,0.00179323
0.0968194,1.07393,2.88325e-09,4.46729e-25,0.00179339
0.0970194,1.07393,2.89471e-09,4.4862e-25,0.00179354
0.0972194,1.07392,2.90617e-09,4.50511e-25,0.0017937
0.0974195,1.07392,2.91763e-09,4.52402e-25,0.00179386
0.0976195,1.07391,2.92909e-09,4.54293e-25,0.00179402
0.0978196,1.07391,2.94055e-09,4.56183e-25,0.00179418
0.0980196,1.0739,2.95201e-09,4.58074e-25,0.00179434
0.0982196,1.0739,2.96347e-09,4.59965e-25,0.0017945
0.0984197,1.07389,2.97492e-09,4.61856e-25,0.00179466
0.0986197,1.07389,2.98638e-09,4.63747e-25,0.00179482
0.0988198,1.07388,2.99784e-09,4.65638e-25,0.00179498
0.0990198,1.07388,3.0093e-09,4.67529e-25,0.00179514
0.0992198,1.07387,3.02132e-09,4.69512e-25,0.00179531
0.0994199,1.07387,3.0339e-09,4.71588e-25,0.00179548
0.0996199,1.07386,3.04648e-09,4.73664e-25,0.00179566
0.09982,1.07386,3.05906e-09,4.75741e-25,0.00179583
0.10002,1.07385,3.07164e-09,4.77817e-25,0.00179601
0.10022,1.07385,3.08423e-09,4.79893e-25,0.00179618
0.10042,1.07384,3.09681e-09,4.8197e-25,0.00179636
0.10062,1.07384,3.10939e-09,4.84046e-25,0.00179654
0.10082,1.07383,3.12197e-09,4.86122e-25,0.00179671
0.10102,1.07382,3.13456e-09,4.88199e-25,0.00179689
0.10122,1.07382,3.14714e-09,4.90275e-25,0.00179706
0.10142,1.07381,3.15972e-09,4.92351e-25,0.00179724
0.10162,1.07381,3.1723e-09,4.94427e-25,0.00179741
0.10182,1.0738,3.18489e-09,4.96504e-25,0.00179759
0.10202,1.0738,3.19747e-09,4.9858e-25,0.00179776
0.10222,1.07379,3.21005e-09,5.00656e-25,0.00179794
0.10242,1.07379,3.22263e-09,5.02733e-25,0.00179811
0.102621,1.07378,3.23521e-09,5.04809e-25,0.00179829
0.102821,1.07378,3.2478e-09,5.06885e-25,0.00179846
0.103021,1.07377,3.26038e-09,5.08962e-25,0.00179864
0.103221,1.07376,3.27296e-09,5.11038e-25,0.00179881
0.103421,1.07376,3.28554e-09,5.13114e-25,0.00179899
0.103621,1.07375,3.29813e-09,5.15191e-25,0.00179916
0.103821,1.07375,3.31071e-09,5.17267e-25,0.00179934
0.104021,1.07374,3.32329e-09,5.19343e-25,0.00179951
0.104221,1.07374,3.33587e-09,5.2142e-25,0.00179969
0.104421,1.07373,3.34846e-09,5.23496e-25,0.00179987
0.104621,1.07373,3.36104e-09,5.25572e-25,0.00180004
0.104821,1.07372,3.37362e-09,5.27649e-25,0.00180022
0.105021,1.07372,3.3862e-09,5.29725e-25,0.00180039
0.105221,1.07371,3.39879e-09,5.31801e-25,0.00180057
0.105421,1.0737,3.41137e-09,5.33877e-25,0.00180074
0.105621,1.0737,3.42395e-09,5.35954e-25,0.00180092
0.105821,1.07369,3.43653e-09,5.3803e-25,0.00180109
0.106021,1.07369,3.44911e-09,5.40106e-25,0.00180127
0.106221,1.07368,3.4617e-09,5.42183e-25,0.00180144
0.106421,1.07368,3.47428e-09,5.44259e-25,0.00180162
0.106621,1.07367,3.48686e-09,5.46335e-25,0.00180179
0.106821,1.07367,3.49944e-09,5.48412e-25,0.00180197
0.107021,1.07366,3.51203e-09,5.50488e-25,0.00180214
0.107221,1.07366,3.52461e-09,5.52564e-25,0.00180232
0.107421,1.07365,3.53719e-09,5.54641e-25,0.00180249
0.107622,1.07365,3.54977e-09,5.56717e-25,0.00180267
0.107822,1.07364,3.56236e-09,5.58793e-25,0.00180285
0.108022,1.07363,3.57494e-09,5.6087e-25,0.00180302
0.108222,1.07363,3.58752e-09,5.62946e-25,0.0018032
0.108422,1.07362,3.6001e-09,5.65022e-25,0.00180337
0.108622,1.07362,3.61268e-09,5.67098e-25,0.00180355
0.108822,1.07361,3.62527e-09,5.69175e-25,0.00180372
0.109022,1.07361,3.63785e-09,5.71251e-25,0.0018039
0.109222,1.0736,3.65043e-09,5.73327e-25,0.00180407
0.109422,1.0736,3.66301e-09,5.75404e-25,0.00180425
0.109622,1.07359,3.6756e-09,5.7748e-25,0.00180442
0.109822,1.07359,3.68818e-09,5.79556e-25,0.0018046
0.110022,1.07358,3.70076e-09,5.81633e-25,0.00180477
0.110222,1.07357,3.71334e-09,5.83709e-25,0.00180495
0.110422,1.07357,3.72593e-09,5.85785e-25,0.00180512
0.110622,1.07356,3.73851e-09,5.87862e-25,0.0018053
0.110822,1.07356,3.75109e-09,5.89938e-25,0.00180547
0.111022,1.07355,3.76367e-09,5.92014e-25,0.00180565
0.111222,1.07355,3.77626e-09,5.94091e-25,0.00180582
0.111422,1.07354,3.78884e-09,5.96167e-25,0.001806
0.111622,1.07354,3.80142e-09,5.98243e-25,0.00180618
0.111822,1.07353,3.814e-09,6.0032e-25,0.00180635
0.112022,1.07353,3.82658e-09,6.02396e-25,0.00180653
0.112222,1.07352,3.83917e-09,6.04472e-25,0.0018067
0.112422,1.07351,3.85175e-09,6.06548e-25,0.00180688
0.112623,1.07351,3.86433e-09,6.08625e-25,0.00180705
0.112823,1.0735,3.87691e-09,6.10701e-25,0.00180723
0.113023,1.0735,3.8895e-09,6.12777e-25,0.0018074
0.113223,1.07349,3.90208e-09,6.14854e-25,0.00180758
0.113423,1.07349,3.91466e-09,6.1693e-25,0.00180775
0.113623,1.07348,3.92724e-09,6.19006e-25,0.00180793
0.113823,1.07348,3.93983e-09,6.21083e-25,0.0018081
0.114023,1.07347,3.95241e-09,6.23159e-25,0.00180828
0.114223,1.07347,3.96499e-09,6.25235e-25,0.00180845
0.114423,1.07346,3.97757e-09,6.27312e-25,0.00180863
0.114623,1.07346,3.99015e-09,6.29388e-25,0.0018088
0.114823,1.07345,4.00274e-09,6.31464e-25,0.00180898
0.115023,1.07344,4.01532e-09,6.33541e-25,0.00180916
0.115223,1.07344,4.0279e-09,6.35617e-25,0.00180933
0.115423,1.07343,4.04048e-09,6.37693e-25,0.00180951
0.115623,1.07343,4.05307e-09,6.3977e-25,0.00180968
0.115823,1.07342,4.06565e-09,6.41846e-25,0.00180986
0.116023,1.07342,4.07823e-09,6.43922e-25,0.00181003
0.116223,1.07341,4.09081e-09,6.45998e-25,0.00181021
0.116423,1.07341,4.1034e-09,6.48075e-25,0.00181038
0.116623,1.0734,4.11598e-09,6.50151e-25,0.00181056
0.116823,1.0734,4.12856e-09,6.52227e-25,0.00181073
0.117023,1.07339,4.14114e-09,6.54304e-25,0.00181091
0.117223,1.07338,4.15373e-09,6.5638e-25,0.00181108
0.117423,1.07338,4.16631e-09,6.58456e-25,0.00181126
0.117624,1.07337,4.17889e-09,6.60533e-25,0.00181143
0.117824,1.07337,4.19147e-09,6.62609e-25,0.00181161
0.118024,1.07336,4.20405e-09,6.64685e-25,0.00181178
0.118224,1.07336,4.21664e-09,6.66762e-25,0.00181196
0.118424,1.07335,4.22922e-09,6.68838e-25,0.00181213
0.118624,1.07335,4.2418e-09,6.70914e-25,0.00181231
0.118824,1.07334,4.25438e-09,6.72991e-25,0.00181249
0.119024,1.07334,4.26697e-09,6.75067e-25,0.00181266
0.119224,1.07333,4.27955e-09,6.77143e-25,0.00181284
0.119424,1.07332,4.29213e-09,6.7922e-25,0.00181301
0.119624,1.07332,4.30471e-09,6.81296e-25,0.00181319
0.119824,1.07331,4.3173e-09,6.83372e-25,0.00181336
0.120024,1.07331,4.32988e-09,6.85448e-25,0.00181354
0.120224,1.0733,4.34246e-09,6.87525e-25,0.00181371
0.120424,1.0733,4.35504e-09,6.89601e-25,0.00181389
0.120624,1.07329,4.36762e-09,6.91677e-25,0.00181406
0.120824,1.07329,4.38021e-09,6.93754e-25,0.00181424
0.121024,1.07328,4.39279e-09,6.9583e-25,0.00181441
0.121224,1.07328,4.40537e-09,6.97906e-25,0.00181459
0.121424,1.07327,4.41795e-09,6.99983e-25,0.00181476
0.121624,1.07327,4.43054e-09,7.02059e-25,0.00181494
0.121824,1.07326,4.44312e-09,7.04135e-25,0.00181511
0.122024,1.07325,4.4557e-09,7.06212e-25,0.00181529
0.122224,1.07325,4.46828e-09,7.08288e-25,0.00181547
0.122424,1.07324,4.48087e-09,7.10364e-25,0.00181564
0.122625,1.07324,4.49345e-09,7.12441e-25,0.00181582
0.122825,1.07323,4.50603e-09,7.14517e-25,0.00181599
0.123025,1.07323,4.51861e-09,7.16593e-25,0.00181617
0.123225,1.07322,4.53119e-09,7.1867e-25,0.00181634
0.123425,1.07322,4.54378e-09,7.20746e-25,0.00181652
0.123625,1.07321,4.55636e-09,7.22822e-25,0.00181669
0.123825,1.07321,4.56894e-09,7.24898e-25,0.00181687
0.124025,1.0732,4.58152e-09,7.26975e-25,0.00181704
0.124225,1.07319,4.59411e-09,7.29051e-25,0.00181722
0.124425,1.07319,4.60669e-09,7.31127e-25,0.00181739
0.124625,1.07318,4.61927e-09,7.33204e-25,0.00181757
0.124825,1.07318,4.63185e-09,7.3528e-25,0.00181774
0.125025,1.07317,4.64444e-09,7.37356e-25,0.00181792
0.125225,1.07317,4.65702e-09,7.39433e-25,0.00181809
0.125425,1.07316,4.6696e-09,7.41509e-25,0.00181827
0.125625,1.07316,4.68218e-09,7.43585e-25,0.00181844
0.125825,1.07315,4.69477e-09,7.45662e-25,0.00181862
0.126025,1.07315,4.70735e-09,7.47738e-25,0.0018188
0.126225,1.07314,4.71993e-09,7.49814e-25,0.00181897
0.126425,1.07313,4.73251e-09,7.51891e-25,0.00181915
0.126625,1.07313,4.74509e-09,7.53967e-25,0.00181932
0.126825,1.07312,4.75768e-09,7.56043e-25,0.0018195
0.127025,1.07312,4.77026e-09,7.58119e-25,0.00181967
0.127225,1.07311,4.78284e-09,7.60196e-25,0.00181985
0.127425,1.07311,4.79542e-09,7.62272e-25,0.00182002
0.127626,1.0731,4.80801e-09,7.64348e-25,0.0018202
0.127826,1.0731,4.82059e-09,7.66425e-25,0.00182037
0.128026,1.07309,4.83317e-09,7.68501e-25,0.00182055
0.128226,1.07309,4.84575e-09,7.70577e-25,0.00182072
0.128426,1.07308,4.85834e-09,7.72654e-25,0.0018209
0.128626,1.07308,4.87092e-09,7.7473e-25,0.00182107
0.128826,1.07307,4.8835e-09,7.76806e-25,0.00182125
0.129026,1.07306,4.89608e-09,7.78883e-25,0.00182142
0.129226,1.07306,4.90866e-09,7.80959e-25,0.0018216
0.129426,1.07305,4.92125e-09,7.83035e-25,0.00182178
0.129626,1.07305,4.93383e-09,7.85112e-25,0.00182195
0.129826,1.07304,4.94641e-09,7.87188e-25,0.00182213
0.130026,1.07304,4.95899e-09,7.89264e-25,0.0018223
0.130226,1.07303,4.97158e-09,7.91341e-25,0.00182248
0.130426,1.07303,4.98416e-09,7.93417e-25,0.00182265
0.130626,1.07302,4.99674e-09,7.95493e-25,0.00182283
0.130826,1.07302,5.00932e-09,7.97569e-25,0.001823
0.131026,1.07301,5.02191e-09,7.99646e-25,0.00182318
0.131226,1.073,5.03449e-09,8.01722e-25,0.00182335
0.131426,1.073,5.04707e-09,8.03798e-25,0.00182353
0.131626,1.07299,5.05965e-09,8.05875e-25,0.0018237
0.131826,1.07299,5.07224e-09,8.07951e-25,0.00182388
0.132026,1.07298,5.08482e-09,8.10027e-25,0.00182405
0.132226,1.07298,5.0974e-09,8.12104e-25,0.00182423
0.132426,1.07297,5.10998e-09,8.1418e-25,0.0018244
0.132627,1.07297,5.12256e-09,8.16256e-25,0.00182458
0.132827,1.07296,5.13515e-09,8.18333e-25,0.00182475
0.133027,1.07296,5.14773e-09,8.20409e-25,0.00182493
0.133227,1.07295,5.16031e-09,8.22485e-25,0.00182511
0.133427,1.07294,5.17289e-09,8.24562e-25,0.00182528
0.133627,1.07294,5.18548e-09,8.26638e-25,0.00182546
0.133827,1.07293,5.19806e-09,8.28714e-25,0.00182563
0.134027,1.07293,5.21064e-09,8.30791e-25,0.00182581
0.134227,1.07292,5.22322e-09,8.32867e-25,0.00182598
0.134427,1.07292,5.23581e-09,8.34943e-25,0.00182616
0.134627,1.07291,5.24839e-09,8.37019e-25,0.00182633
0.134827,1.07291,5.26097e-09,8.39096e-25,0.00182651
0.135027,1.0729,5.27355e-09,8.41172e-25,0.00182668
0.135227,1.0729,5.28613e-09,8.43248e-25,0.00182686
0.135427,1.07289,5.29872e-09,8.45325e-25,0.00182703
0.135627,1.07289,5.3113e-09,8.47401e-25,0.00182721
0.135827,1.07288,5.32388e-09,8.49477e-25,0.00182738
0.136027,1.07287,5.33646e-09,8.51554e-25,0.00182756
0.136227,1.07287,5.34905e-09,8.5363e-25,0.00182773
0.136427,1.07286,5.36163e-09,8.55706e-25,0.00182791
0.136627,1.07286,5.37421e-09,8.57783e-25,0.00182809
0.136827,1.07285,5.38679e-09,8.59859e-25,0.00182826
0.137027,1.07285,5.39938e-09,8.61935e-25,0.00182844
0.137227,1.07284,5.41196e-09,8.64012e-25,0.00182861
0.137427,1.07284,5.42454e-09,8.66088e-25,0.00182879
0.137628,1.07283,5.43712e-09,8.68164e-25,0.00182896
0.137828,1.07283,5.44971e-09,8.70241e-25,0.00182914
0.138028,1.07282,5.46229e-09,8.72317e-25,0.00182931
0.138228,1.07281,5.47487e-09,8.74393e-25,0.00182949
0.138428,1.07281,5.48745e-09,8.76469e-25,0.00182966
0.138628,1.0728,5.50003e-09,8.78546e-25,0.00182984
0.138828,1.0728,5.51262e-09,8.80622e-25,0.00183001
0.139028,1.07279,5.5252e-09,8.82698e-25,0.00183019
0.139228,1.07279,5.53778e-09,8.84775e-25,0.00183036
0.139428,1.07278,5.55036e-09,8.86851e-25,0.00183054
0.139628,1.07278,5.56295e-09,8.88927e-25,0.00183071
0.139828,1.07277,5.57553e-09,8.91004e-25,0.00183089
0.140028,1.07277,5.58811e-09,8.9308e-25,0.00183106
0.140228,1.07276,5.60069e-09,8.95156e-25,0.00183124
0.140428,1.07275,5.61328e-09,8.97233e-25,0.00183142
0.140628,1.07275,5.62586e-09,8.99309e-25,0.00183159
0.140828,1.07274,5.63844e-09,9.01385e-25,0.00183177
0.141028,1.07274,5.65102e-09,9.03462e-25,0.00183194
0.141228,1.07273,5.6636e-09,9.05538e-25,0.00183212
0.141428,1.07273,5.67619e-09,9.07614e-25,0.00183229
0.141628,1.07272,5.68877e-09,9.09691e-25,0.00183247
0.141828,1.07272,5.70135e-09,9.11767e-25,0.00183264
0.142028,1.07271,5.71393e-09,9.13843e-25,0.00183282
0.142228,1.07271,5.72652e-09,9.15919e-25,0.00183299
0.142428,1.0727,5.7391e-09,9.17996e-25,0.00183317
0.142629,1.0727,5.75168e-09,9.20072e-25,0.00183334
0.142829,1.07269,5.76426e-09,9.22148e-25,0.00183352
0.143029,1.07268,5.77685e-09,9.24225e-25,0.00183369
0.143229,1.07268,5.78943e-09,9.26301e-25,0.00183387
0.143429,1.07267,5.80201e-09,9.28377e-25,0.00183404
0.143629,1.07267,5.81459e-09,9.30454e-25,0.00183422
0.143829,1.07266,5.82601e-09,9.32489e-25,0.00183442
0.144029,1.07265,5.83243e-09,9.34347e-25,0.00183472
0.144229,1.07264,5.83884e-09,9.36204e-25,0.00183502
0.144429,1.07263,5.84525e-09,9.38062e-25,0.00183532
0.144629,1.07262,5.85167e-09,9.3992e-25,0.00183562
0.144829,1.07261,5.85808e-09,9.41777e-25,0.00183592
0.145029,1.0726,5.86449e-09,9.43635e-25,0.00183622
0.145229,1.07259,5.8709e-09,9.45493e-25,0.00183651
0.145429,1.07258,5.87732e-09,9.47351e-25,0.00183681
0.145629,1.07257,5.88373e-09,9.49208e-25,0.00183711
0.145829,1.07257,5.89014e-09,9.51066e-25,0.00183741
0.146029,1.07256,5.89655e-09,9.52924e-25,0.00183771
0.146229,1.07255,5.90297e-09,9.54781e-25,0.00183801
0.146429,1.07254,5.90938e-09,9.56639e-25,0.00183831
0.146629,1.07253,5.91579e-09,9.58497e-25,0.00183861
0.146829,1.07252,5.92221e-09,9.60354e-25,0.00183891
0.147029,1.07251,5.92862e-09,9.62212e-25,0.00183921
0.147229,1.0725,5.93503e-09,9.6407e-25,0.00183951
0.147429,1.07249,5.94144e-09,9.65928e-25,0.00183981
0.14763,1.07248,5.94786e-09,9.67785e-25,0.00184011
0.14783,1.07247,5.95427e-09,9.69643e-25,0.00184041
0.14803,1.07246,5.96068e-09,9.71501e-25,0.00184071
0.14823,1.07245,5.9671e-09,9.73358e-25,0.00184101
0.14843,1.07244,5.97351e-09,9.75216e-25,0.00184131
0.14863,1.07243,5.97992e-09,9.77074e-25,0.00184161
0.14883,1.07242,5.98633e-09,9.78932e-25,0.00184191
0.14903,1.07241,5.99275e-09,9.80789e-25,0.00184221
0.14923,1.0724,5.99916e-09,9.82647e-25,0.0018425
0.14943,1.07239,6.00557e-09,9.84505e-25,0.0018428
0.14963,1.07238,6.01198e-09,9.86362e-25,0.0018431
0.14983,1.07237,6.0184e-09,9.8822e-25,0.0018434
0.15003,1.07236,6.02481e-09,9.90078e-25,0.0018437
0.15023,1.07235,6.03122e-09,9.91936e-25,0.001844
0.15043,1.07234,6.03764e-09,9.93793e-25,0.0018443
0.15063,1.07233,6.04405e-09,9.95651e-25,0.0018446
0.15083,1.07232,6.05046e-09,9.97509e-25,0.0018449
0.15103,1.07231,6.05687e-09,9.99366e-25,0.0018452
0.15123,1.0723,6.06329e-09,1.00122e-24,0.0018455
0.15143,1.07229,6.0697e-09,1.00308e-24,0.0018458
0.15163,1.07228,6.07611e-09,1.00494e-24,0.0018461
0.15183,1.07228,6.08253e-09,1.0068e-24,0.0018464
0.15203,1.07227,6.08894e-09,1.00865e-24,0.0018467
0.15223,1.07226,6.09535e-09,1.01051e-24,0.001847
0.15243,1.07225,6.10176e-09,1.01237e-24,0.0018473
0.152631,1.07224,6.10818e-09,1.01423e-24,0.0018476
0.152831,1.07223,6.11459e-09,1.01609e-24,0.0018479
0.153031,1.07222,6.121e-09,1.01794e-24,0.00184819
0.153231,1.07221,6.12741e-09,1.0198e-24,0.00184849
0.153431,1.0722,6.13383e-09,1.02166e-24,0.00184879
0.153631,1.07219,6.14024e-09,1.02352e-24,0.00184909
0.153831,1.07218,6.14665e-09,1.02537e-24,0.00184939
0.154031,1.07217,6.15307e-09,1.02723e-24,0.00184969
0.154231,1.07216,6.15948e-09,1.02909e-24,0.00184999
0.154431,1.07215,6.16589e-09,1.03095e-24,0.00185029
0.154631,1.07214,6.1723e-09,1.03281e-24,0.00185059
0.154831,1.07213,6.17872e-09,1.03466e-24,0.00185089
0.155031,1.07212,6.18513e-09,1.03652e-24,0.00185119
0.155231,1.07211,6.19154e-09,1.03838e-24,0.00185149
0.155431,1.0721,6.19796e-09,1.04024e-24,0.00185179
0.155631,1.07209,6.20437e-09,1.04209e-24,0.00185209
0.155831,1.07208,6.21078e-09,1.04395e-24,0.00185239
0.156031,1.07207,6.21719e-09,1.04581e-24,0.00185269
0.156231,1.07206,6.22361e-09,1.04767e-24,0.00185299
0.156431,1.07205,6.23002e-09,1.04952e-24,0.00185329
0.156631,1.07204,6.23643e-09,1.05138e-24,0.00185359
0.156831,1.07203,6.24284e-09,1.05324e-24,0.00185388
0.157031,1.07202,6.24926e-09,1.0551e-24,0.00185418
0.157231,1.07201,6.25567e-09,1.05696e-24,0.00185448
0.157431,1.072,6.26208e-09,1.05881e-24,0.00185478
0.157632,1.07199,6.2685e-09,1.06067e-24,0.00185508
0.157832,1.07198,6.27491e-09,1.06253e-24,0.00185538
0.158032,1.07198,6.28132e-09,1.06439e-24,0.00185568
0.158232,1.07197,6.28773e-09,1.06624e-24,0.00185598
0.158432,1.07196,6.29415e-09,1.0681e-24,0.00185628
0.158632,1.07195,6.30056e-09,1.06996e-24,0.00185658
0.158832,1.07194,6.30697e-09,1.07182e-24,0.00185688
0.159032,1.07193,6.31339e-09,1.07367e-24,0.00185718
0.159232,1.07192,6.3198e-09,1.07553e-24,0.00185748
0.159432,1.07191,6.32621e-09,1.07739e-24,0.00185778
0.159632,1.0719,6.33262e-09,1.07925e-24,0.00185808
0.159832,1.07189,6.33904e-09,1.08111e-24,0.00185838
0.160032,1.07188,6.34545e-09,1.08296e-24,0.00185868
0.160232,1.07187,6.35186e-09,1.08482e-24,0.00185898
0.160432,1.07186,6.35828e-09,1.08668e-24,0.00185928
0.160632,1.07185,6.36469e-09,1.08854e-24,0.00185957
0.160832,1.07184,6.3711e-09,1.09039e-24,0.00185987
0.161032,1.07183,6.37751e-09,1.09225e-24,0.00186017
0.161232,1.07182,6.38393e-09,1.09411e-24,0.00186047
0.161432,1.07181,6.39034e-09,1.09597e-24,0.00186077
0.161632,1.0718,6.39675e-09,1.09783e-24,0.00186107
0.161832,1.07179,6.40316e-09,1.09968e-24,0.00186137
0.162032,1.07178,6.40958e-09,1.10154e-24,0.00186167
0.162232,1.07177,6.41599e-09,1.1034e-24,0.00186197
0.162432,1.07176,6.4224e-09,1.10526e-24,0.00186227
0.162633,1.07175,6.42882e-09,1.10711e-24,0.00186257
0.162833,1.07174,6.43523e-09,1.10897e-24,0.00186287
0.163033,1.07173,6.44164e-09,1.11083e-24,0.00186317
0.163233,1.07172,6.44805e-09,1.11269e-24,0.00186347
0.163433,1.07171,6.45447e-09,1.11454e-24,0.00186377
0.163633,1.0717,6.46088e-09,1.1164e-24,0.00186407
0.163833,1.07169,6.46729e-09,1.11826e-24,0.00186437
0.164033,1.07169,6.47371e-09,1.12012e-24,0.00186467
0.164233,1.07168,6.48012e-09,1.12198e-24,0.00186497
0.164433,1.07167,6.48653e-09,1.12383e-24,0.00186527
0.164633,1.07166,6.49294e-09,1.12569e-24,0.00186556
0.164833,1.07165,6.49936e-09,1.12755e-24,0.00186586
0.165033,1.07164,6.50577e-09,1.12941e-24,0.00186616
0.165233,1.07163,6.51218e-09,1.13126e-24,0.00186646
0.165433,1.07162,6.51859e-09,1.13312e-24,0.00186676
0.165633,1.07161,6.52501e-09,1.13498e-24,0.00186706
0.165833,1.0716,6.53142e-09,1.13684e-24,0.00186736
0.166033,1.07159,6.53783e-09,1.13869e-24,0.00186766
0.166233,1.07158,6.54425e-09,1.14055e-24,0.00186796
0.166433,1.07157,6.55066e-09,1.14241e-24,0.00186826
0.166633,1.07156,6.55707e-09,1.14427e-24,0.00186856
0.166833,1.07155,6.56348e-09,1.14613e-24,0.00186886
0.167033,1.07154,6.5699e-09,1.14798e-24,0.00186916
0.167233,1.07153,6.57631e-09,1.14984e-24,0.00186946
0.167433,1.07152,6.58272e-09,1.1517e-24,0.00186976
0.167634,1.07151,6.58914e-09,1.15356e-24,0.00187006
0.167834,1.0715,6.59555e-09,1.15541e-24,0.00187036
0.168034,1.07149,6.60196e-09,1.15727e-24,0.00187066
0.168234,1.07148,6.60837e-09,1.15913e-24,0.00187096
0.168434,1.07147,6.61479e-09,1.16099e-24,0.00187125
0.168634,1.07146,6.6212e-09,1.16284e-24,0.00187155
0.168834,1.07145,6.62761e-09,1.1647e-24,0.00187185
0.169034,1.07144,6.63402e-09,1.16656e-24,0.00187215
0.169234,1.07143,6.64044e-09,1.16842e-24,0.00187245
0.169434,1.07142,6.64685e-09,1.17028e-24,0.00187275
0.169634,1.07141,6.65326e-09,1.17213e-24,0.00187305
0.169834,1.0714,6.65968e-09,1.17399e-24,0.00187335
0.170034,1.0714,6.66609e-09,1.17585e-24,0.00187365
0.170234,1.07139,6.6725e-09,1.17771e-24,0.00187395
0.170434,1.07138,6.67891e-09,1.17956e-24,0.00187425
0.170634,1.07137,6.68533e-09,1.18142e-24,0.00187455
0.170834,1.07136,6.69174e-09,1.18328e-24,0.00187485
0.171034,1.07135,6.69815e-09,1.18514e-24,0.00187515
0.171234,1.07134,6.70457e-09,1.187e-24,0.00187545
0.171434,1.07133,6.71098e-09,1.18885e-24,0.00187575
0.171634,1.07132,6.71739e-09,1.19071e-24,0.00187605
0.171834,1.07131,6.7238e-09,1.19257e-24,0.00187635
0.172034,1.0713,6.73022e-09,1.19443e-24,0.00187665
0.172234,1.07129,6.73663e-09,1.19628e-24,0.00187694
0.172434,1.07128,6.74304e-09,1.19814e-24,0.00187724
0.172635,1.07127,6.74945e-09,1.2e-24,0.00187754
0.172835,1.07126,6.75587e-09,1.20186e-24,0.00187784
0.173035,1.07125,6.76228e-09,1.20371e-24,0.00187814
0.173235,1.07124,6.76869e-09,1.20557e-24,0.00187844
0.173435,1.07123,6.77511e-09,1.20743e-24,0.00187874
0.173635,1.07122,6.78152e-09,1.20929e-24,0.00187904
0.173835,1.07121,6.78793e-09,1.21115e-24,0.00187934
0.174035,1.0712,6.79434e-09,1.213e-24,0.00187964
0.174235,1.07119,6.80076e-09,1.21486e-24,0.00187994
0.174435,1.07118,6.80717e-09,1.21672e-24,0.00188024
0.174635,1.07117,6.81358e-09,1.21858e-24,0.00188054
0.174835,1.07116,6.82e-09,1.22043e-24,0.00188084
0.175035,1.07115,6.82641e-09,1.22229e-24,0.00188114
0.175235,1.07114,6.83282e-09,1.22415e-24,0.00188144
0.175435,1.07113,6.83923e-09,1.22601e-24,0.00188174
0.175635,1.07112,6.84565e-09,1.22786e-24,0.00188204
0.175835,1.07111,6.85206e-09,1.22972e-24,0.00188234
0.176035,1.07111,6.85847e-09,1.23158e-24,0.00188263
0.176235,1.0711,6.86488e-09,1.23344e-24,0.00188293
0.176435,1.07109,6.8713e-09,1.2353e-24,0.00188323
0.176635,1.07108,6.87771e-09,1.23715e-24,0.00188353
0.176835,1.07107,6.88412e-09,1.23901e-24,0.00188383
0.177035,1.07106,6.89054e-09,1.24087e-24,0.00188413
0.177235,1.07105,6.89695e-09,1.24273e-24,0.00188443
0.177435,1.07104,6.90336e-09,1.24458e-24,0.00188473
0.177636,1.07103,6.90977e-09,1.24644e-24,0.00188503
0.177836,1.07102,6.91619e-09,1.2483e-24,0.00188533
0.178036,1.07101,6.9226e-09,1.25016e-24,0.00188563
0.178236,1.071,6.92901e-09,1.25201e-24,0.00188593
0.178436,1.07099,6.93543e-09,1.25387e-24,0.00188623
0.178636,1.07098,6.94184e-09,1.25573e-24,0.00188653
0.178836,1.07097,6.94825e-09,1.25759e-24,0.00188683
0.179036,1.07096,6.95466e-09,1.25945e-24,0.00188713
0.179236,1.07095,6.96108e-09,1.2613e-24,0.00188743
0.179436,1.07094,6.96749e-09,1.26316e-24,0.00188773
0.179636,1.07093,6.9739e-09,1.26502e-24,0.00188803
0.179836,1.07092,6.98031e-09,1.26688e-24,0.00188833
0.180036,1.07091,6.98673e-09,1.26873e-24,0.00188862
0.180236,1.0709,6.99314e-09,1.27059e-24,0.00188892
0.180436,1.07089,6.99955e-09,1.27245e-24,0.00188922
0.180636,1.07088,7.00597e-09,1.27431e-24,0.00188952
0.180836,1.07087,7.01238e-09,1.27617e-24,0.00188982
0.181036,1.07086,7.01879e-09,1.27802e-24,0.00189012
0.181236,1.07085,7.0252e-09,1.27988e-24,0.00189042
0.181436,1.07084,7.03162e-09,1.28174e-24,0.00189072
0.181636,1.07083,7.03803e-09,1.2836e-24,0.00189102
0.181836,1.07082,7.04444e-09,1.28545e-24,0.00189132
0.182036,1.07081,7.05086e-09,1.28731e-24,0.00189162
0.182236,1.07081,7.05727e-09,1.28917e-24,0.00189192
0.182436,1.0708,7.06368e-09,1.29103e-24,0.00189222
0.182637,1.07079,7.07009e-09,1.29288e-24,0.00189252
0.182837,1.07078,7.07651e-09,1.29474e-24,0.00189282
0.183037,1.07077,7.08292e-09,1.2966e-24,0.00189312
0.183237,1.07076,7.08933e-09,1.29846e-24,0.00189342
0.183437,1.07075,7.09575e-09,1.30032e-24,0.00189372
0.183637,1.07074,7.10216e-09,1.30217e-24,0.00189402
0.183837,1.07073,7.10857e-09,1.30403e-24,0.00189431
0.184037,1.07072,7.11498e-09,1.30589e-24,0.00189461
0.184237,1.07071,7.1214e-09,1.30775e-24,0.00189491
0.184437,1.0707,7.12781e-09,1.3096e-24,0.00189521
0.184637,1.07069,7.13422e-09,1.31146e-24,0.00189551
0.184837,1.07068,7.14063e-09,1.31332e-24,0.00189581
0.185037,1.07067,7.14705e-09,1.31518e-24,0.00189611
0.185237,1.07066,7.15346e-09,1.31703e-24,0.00189641
0.185437,1.07065,7.15987e-09,1.31889e-24,0.00189671
0.185637,1.07064,7.16629e-09,1.32075e-24,0.00189701
0.185837,1.07063,7.1727e-09,1.32261e-24,0.00189731
0.186037,1.07062,7.17911e-09,1.32447e-24,0.00189761
0.186237,1.07061,7.18552e-09,1.32632e-24,0.00189791
0.186437,1.0706,7.19194e-09,1.32818e-24,0.00189821
0.186637,1.07059,7.19835e-09,1.33004e-24,0.00189851
0.186837,1.07058,7.20476e-09,1.3319e-24,0.00189881
0.187037,1.07057,7.21118e-09,1.33375e-24,0.00189911
0.187237,1.07056,7.21759e-09,1.33561e-24,0.00189941
0.187437,1.07055,7.224e-09,1.33747e-24,0.00189971
0.187638,1.07054,7.23041e-09,1.33933e-24,0.0019
0.187838,1.07053,7.23683e-09,1.34119e-24,0.0019003
0.188038,1.07052,7.24324e-09,1.34304e-24,0.0019006
0.188238,1.07052,7.24965e-09,1.3449e-24,0.0019009
0.188438,1.07051,7.25606e-09,1.34676e-24,0.0019012
0.188638,1.0705,7.26304e-09,1.34878e-24,0.00190153
0.188838,1.07048,7.2701e-09,1.35082e-24,0.00190186
0.189038,1.07047,7.27715e-09,1.35287e-24,0.00190219
0.189238,1.07046,7.28421e-09,1.35491e-24,0.00190252
0.189438,1.07045,7.29126e-09,1.35695e-24,0.00190285
0.189638,1.07044,7.29831e-09,1.359e-24,0.00190318
0.189838,1.07043,7.30537e-09,1.36104e-24,0.00190351
0.190038,1.07042,7.31242e-09,1.36308e-24,0.00190383
0.190238,1.07041,7.31948e-09,1.36513e-24,0.00190416
0.190438,1.0704,7.32653e-09,1.36717e-24,0.00190449
0.190638,1.07039,7.33358e-09,1.36921e-24,0.00190482
0.190838,1.07038,7.34064e-09,1.37126e-24,0.00190515
0.191038,1.07037,7.34769e-09,1.3733e-24,0.00190548
0.191238,1.07036,7.35475e-09,1.37534e-24,0.00190581
0.191438,1.07035,7.3618e-09,1.37739e-24,0.00190614
0.191638,1.07034,7.36885e-09,1.37943e-24,0.00190647
0.191838,1.07032,7.37591e-09,1.38148e-24,0.0019068
0.192038,1.07031,7.38296e-09,1.38352e-24,0.00190713
0.192238,1.0703,7.39002e-09,1.38556e-24,0.00190746
0.192438,1.07029,7.39707e-09,1.38761e-24,0.00190779
0.192639,1.07028,7.40412e-09,1.38965e-24,0.00190812
0.192839,1.07027,7.41118e-09,1.39169e-24,0.00190845
0.193039,1.07026,7.41823e-09,1.39374e-24,0.00190878
0.193239,1.07025,7.42529e-09,1.39578e-24,0.00190911
0.193439,1.07024,7.43234e-09,1.39782e-24,0.00190943
0.193639,1.07023,7.43939e-09,1.39987e-24,0.00190976
0.193839,1.07022,7.44645e-09,1.40191e-24,0.00191009
0.194039,1.07021,7.4535e-09,1.40395e-24,0.00191042
0.194239,1.0702,7.46056e-09,1.406e-24,0.00191075
0.194439,1.07019,7.46761e-09,1.40804e-24,0.00191108
0.194639,1.07018,7.47466e-09,1.41008e-24,0.00191141
0.194839,1.07017,7.48172e-09,1.41213e-24,0.00191174
0.195039,1.07015,7.48877e-09,1.41417e-24,0.00191207
0.195239,1.07014,7.49583e-09,1.41621e-24,0.0019124
0.195439,1.07013,7.50288e-09,1.41826e-24,0.00191273
0.195639,1.07012,7.50993e-09,1.4203e-24,0.00191306
0.195839,1.07011,7.51699e-09,1.42234e-24,0.00191339
0.196039,1.0701,7.52404e-09,1.42439e-24,0.00191372
0.196239,1.07009,7.5311e-09,1.42643e-24,0.00191405
0.196439,1.07008,7.53815e-09,1.42848e-24,0.00191438
0.196639,1.07007,7.5452e-09,1.43052e-24,0.00191471
0.196839,1.07006,7.55226e-09,1.43256e-24,0.00191504
0.197039,1.07005,7.55931e-09,1.43461e-24,0.00191536
0.197239,1.07004,7.56637e-09,1.43665e-24,0.00191569
0.197439,1.07003,7.57342e-09,1.43869e-24,0.00191602
0.19764,1.07002,7.58047e-09,1.44074e-24,0.00191635
0.19784,1.07001,7.58753e-09,1.44278e-24,0.00191668
0.19804,1.07,7.59458e-09,1.44482e-24,0.00191701
0.19824,1.06998,7.60164e-09,1.44687e-24,0.00191734
0.19844,1.06997,7.60869e-09,1.44891e-24,0.00191767
0.19864,1.06996,7.61574e-09,1.45095e-24,0.001918
0.19884,1.06995,7.6228e-09,1.453e-24,0.00191833
0.19904,1.06994,7.62985e-09,1.45504e-24,0.00191866
0.19924,1.06993,7.63691e-09,1.45708e-24,0.00191899
0.19944,1.06992,7.64396e-09,1.45913e-24,0.00191932
0.19964,1.06991,7.65101e-09,1.46117e-24,0.00191965
0.19984,1.0699,7.65807e-09,1.46321e-24,0.00191998
0.20004,1.06989,7.66512e-09,1.46526e-24,0.00192031
0.20024,1.06988,7.67218e-09,1.4673e-24,0.00192064
0.20044,1.06987,7.67923e-09,1.46934e-24,0.00192096
0.20064,1.06986,7.68628e-09,1.47139e-24,0.00192129
0.20084,1.06985,7.69334e-09,1.47343e-24,0.00192162
0.20104,1.06984,7.70039e-09,1.47547e-24,0.00192195
0.20124,1.06982,7.70745e-09,1.47752e-24,0.00192228
0.20144,1.06981,7.7145e-09,1.47956e-24,0.00192261
0.20164,1.0698,7.72155e-09,1.48161e-24,0.00192294
0.20184,1.06979,7.72861e-09,1.48365e-24,0.00192327
0.20204,1.06978,7.73566e-09,1.48569e-24,0.0019236
0.20224,1.06977,7.74272e-09,1.48774e-24,0.00192393
0.20244,1.06976,7.74977e-09,1.48978e-24,0.00192426
0.202641,1.06975,7.75682e-09,1.49182e-24,0.00192459
0.202841,1.06974,7.76388e-09,1.49387e-24,0.00192492
0.203041,1.06973,7.77093e-09,1.49591e-24,0.00192525
0.203241,1.06972,7.77799e-09,1.49795e-24,0.00192558
0.203441,1.06971,7.78504e-09,1.5e-24,0.00192591
0.203641,1.0697,7.7921e-09,1.50204e-24,0.00192624
0.203841,1.06969,7.79915e-09,1.50408e-24,0.00192657
0.204041,1.06968,7.8062e-09,1.50613e-24,0.00192689
0.204241,1.06967,7.81326e-09,1.50817e-24,0.00192722
0.204441,1.06965,7.82031e-09,1.51021e-24,0.00192755
0.204641,1.06964,7.82737e-09,1.51226e-24,0.00192788
0.204841,1.06963,7.83442e-09,1.5143e-24,0.00192821
0.205041,1.06962,7.84147e-09,1.51634e-24,0.00192854
0.205241,1.06961,7.84853e-09,1.51839e-24,0.00192887
0.205441,1.0696,7.85558e-09,1.52043e-24,0.0019292
0.205641,1.06959,7.86264e-09,1.52247e-24,0.00192953
0.205841,1.06958,7.86969e-09,1.52452e-24,0.00192986
0.206041,1.06957,7.87674e-09,1.52656e-24,0.00193019
0.206241,1.06956,7.8838e-09,1.52861e-24,0.00193052
0.206441,1.06955,7.89085e-09,1.53065e-24,0.00193085
0.206641,1.06954,7.89791e-09,1.53269e-24,0.00193118
0.206841,1.06953,7.90496e-09,1.53474e-24,0.00193151
0.207041,1.06952,7.91201e-09,1.53678e-24,0.00193184
0.207241,1.06951,7.91907e-09,1.53882e-24,0.00193217
0.207441,1.0695,7.92612e-09,1.54087e-24,0.00193249
0.207642,1.06948,7.93318e-09,1.54291e-24,0.00193282
0.207842,1.06947,7.94023e-09,1.54495e-24,0.00193315
0.208042,1.06946,7.94728e-09,1.547e-24,0.00193348
0.208242,1.06945,7.95434e-09,1.54904e-24,0.00193381
0.208442,1.06944,7.96139e-09,1.55108e-24,0.00193414
0.208642,1.06943,7.96845e-09,1.55313e-24,0.00193447
0.208842,1.06942,7.9755e-09,1.55517e-24,0.0019348
0.209042,1.06941,7.98255e-09,1.55721e-24,0.00193513
0.209242,1.0694,7.98961e-09,1.55926e-24,0.00193546
0.209442,1.06939,7.99666e-09,1.5613e-24,0.00193579
0.209642,1.06938,8.00372e-09,1.56334e-24,0.00193612
0.209842,1.06937,8.01077e-09,1.56539e-24,0.00193645
0.210042,1.06936,8.01782e-09,1.56743e-24,0.00193678
0.210242,1.06935,8.02488e-09,1.56947e-24,0.00193711
0.210442,1.06934,8.03193e-09,1.57152e-24,0.00193744
0.210642,1.06933,8.03899e-09,1.57356e-24,0.00193777
0.210842,1.06931,8.04604e-09,1.5756e-24,0.0019381
0.211042,1.0693,8.05309e-09,1.57765e-24,0.00193842
0.211242,1.06929,8.06015e-09,1.57969e-24,0.00193875
0.211442,1.06928,8.0672e-09,1.58174e-24,0.00193908
0.211642,1.06927,8.07426e-09,1.58378e-24,0.00193941
0.211842,1.06926,8.08131e-09,1.58582e-24,0.00193974
0.212042,1.06925,8.08836e-09,1.58787e-24,0.00194007
0.212242,1.06924,8.09542e-09,1.58991e-24,0.0019404
0.212442,1.06923,8.10247e-09,1.59195e-24,0.00194073
0.212643,1.06922,8.10953e-09,1.594e-24,0.00194106
0.212843,1.06921,8.11658e-09,1.59604e-24,0.00194139
0.213043,1.0692,8.12363e-09,1.59808e-24,0.00194172
0.213243,1.06919,8.13069e-09,1.60013e-24,0.00194205
0.213443,1.06918,8.13774e-09,1.60217e-24,0.00194238
0.213643,1.06917,8.1448e-09,1.60421e-24,0.00194271
0.213843,1.06915,8.15185e-09,1.60626e-24,0.00194304
0.214043,1.06914,8.1589e-09,1.6083e-24,0.00194337
0.214243,1.06913,8.16596e-09,1.61034e-24,0.0019437
0.214443,1.06912,8.17301e-09,1.61239e-24,0.00194402
0.214643,1.06911,8.18007e-09,1.61443e-24,0.00194435
0.214843,1.0691,8.18712e-09,1.61647e-24,0.00194468
0.215043,1.06909,8.19417e-09,1.61852e-24,0.00194501
0.215243,1.06908,8.20123e-09,1.62056e-24,0.00194534
0.215443,1.06907,8.20828e-09,1.6226e-24,0.00194567
0.215643,1.06906,8.21534e-09,1.62465e-24,0.001946
0.215843,1.06905,8.22239e-09,1.62669e-24,0.00194633
0.216043,1.06904,8.22944e-09,1.62874e-24,0.00194666
0.216243,1.06903,8.2365e-09,1.63078e-24,0.00194699
0.216443,1.06902,8.24355e-09,1.63282e-24,0.00194732
0.216643,1.06901,8.25061e-09,1.63487e-24,0.00194765
0.216843,1.069,8.25766e-09,1.63691e-24,0.00194798
0.217043,1.06898,8.26471e-09,1.63895e-24,0.00194831
0.217243,1.06897,8.27177e-09,1.641e-24,0.00194864
0.217443,1.06896,8.27882e-09,1.64304e-24,0.00194897
0.217644,1.06895,8.28588e-09,1.64508e-24,0.0019493
0.217844,1.06894,8.29293e-09,1.64713e-24,0.00194963
0.218044,1.06893,8.29998e-09,1.64917e-24,0.00194995
0.218244,1.06892,8.30704e-09,1.65121e-24,0.00195028
0.218444,1.06891,8.31409e-09,1.65326e-24,0.00195061
0.218644,1.0689,8.32115e-09,1.6553e-24,0.00195094
0.218844,1.06889,8.3282e-09,1.65734e-24,0.00195127
0.219044,1.06888,8.33526e-09,1.65939e-24,0.0019516
0.219244,1.06887,8.34231e-09,1.66143e-24,0.00195193
0.219444,1.06886,8.34936e-09,1.66347e-24,0.00195226
0.219644,1.06885,8.35642e-09,1.66552e-24,0.00195259
0.219844,1.06884,8.36347e-09,1.66756e-24,0.00195292
0.220044,1.06883,8.37053e-09,1.6696e-24,0.00195325
0.220244,1.06881,8.37758e-09,1.67165e-24,0.00195358
0.220444,1.0688,8.38463e-09,1.67369e-24,0.00195391
0.220644,1.06879,8.39169e-09,1.67574e-24,0.00195424
0.220844,1.06878,8.39874e-09,1.67778e-24,0.00195457
0.221044,1.06877,8.4058e-09,1.67982e-24,0.0019549
0.221244,1.06876,8.41285e-09,1.68187e-24,0.00195523
0.221444,1.06875,8.4199e-09,1.68391e-24,0.00195555
0.221644,1.06874,8.42696e-09,1.68595e-24,0.00195588
0.221844,1.06873,8.43401e-09,1.688e-24,0.00195621
0.222044,1.06872,8.44107e-09,1.69004e-24,0.00195654
0.222244,1.06871,8.44812e-09,1.69208e-24,0.00195687
0.222444,1.0687,8.45517e-09,1.69413e-24,0.0019572
0.222645,1.06869,8.46223e-09,1.69617e-24,0.00195753
0.222845,1.06868,8.46928e-09,1.69821e-24,0.00195786
0.223045,1.06867,8.47634e-09,1.70026e-24,0.00195819
0.223245,1.06865,8.48339e-09,1.7023e-24,0.00195852
0.223445,1.06864,8.49044e-09,1.70434e-24,0.00195885
0.223645,1.06863,8.4975e-09,1.70639e-24,0.00195918
0.223845,1.06862,8.50455e-09,1.70843e-24,0.00195951
0.224045,1.06861,8.51161e-09,1.71047e-24,0.00195984
0.224245,1.0686,8.51866e-09,1.71252e-24,0.00196017
0.224445,1.06859,8.52571e-09,1.71456e-24,0.0019605
0.224645,1.06858,8.53277e-09,1.7166e-24,0.00196083
0.224845,1.06857,8.53982e-09,1.71865e-24,0.00196116
0.225045,1.06856,8.54688e-09,1.72069e-24,0.00196148
0.225245,1.06855,8.55393e-09,1.72273e-24,0.00196181
0.225445,1.06854,8.56098e-09,1.72478e-24,0.00196214
0.225645,1.06853,8.56804e-09,1.72682e-24,0.00196247
0.225845,1.06852,8.57509e-09,1.72887e-24,0.0019628
0.226045,1.06851,8.58215e-09,1.73091e-24,0.00196313
0.226245,1.0685,8.5892e-09,1.73295e-24,0.00196346
0.226445,1.06848,8.59625e-09,1.735e-24,0.00196379
0.226645,1.06847,8.60331e-09,1.73704e-24,0.00196412
0.226845,1.06846,8.61036e-09,1.73908e-24,0.00196445
0.227045,1.06845,8.61742e-09,1.74113e-24,0.00196478
0.227245,1.06844,8.62447e-09,1.74317e-24,0.00196511
0.227445,1.06843,8.63152e-09,1.74521e-24,0.00196544
0.227646,1.06842,8.63858e-09,1.74726e-24,0.00196577
0.227846,1.06841,8.64563e-09,1.7493e-24,0.0019661
0.228046,1.0684,8.65269e-09,1.75134e-24,0.00196643
0.228246,1.06839,8.65974e-09,1.75339e-24,0.00196676
0.228446,1.06838,8.66679e-09,1.75543e-24,0.00196708
0.228646,1.06837,8.67385e-09,1.75747e-24,0.00196741
0.228846,1.06835,8.68064e-09,1.75809e-24,0.0019678
0.229046,1.06834,8.68728e-09,1.75781e-24,0.00196822
0.229246,1.06833,8.69391e-09,1.75752e-24,0.00196865
0.229446,1.06831,8.70054e-09,1.75723e-24,0.00196907
0.229646,1.0683,8.70717e-09,1.75695e-24,0.00196949
0.229846,1.06828,8.71381e-09,1.75666e-24,0.00196992
0.230046,1.06827,8.72044e-09,1.75637e-24,0.00197034
0.230246,1.06825,8.72707e-09,1.75609e-24,0.00197076
0.230446,1.06824,8.7337e-09,1.7558e-24,0.00197119
0.230646,1.06823,8.74034e-09,1.75551e-24,0.00197161
0.230846,1.06821,8.74697e-09,1.75523e-24,0.00197204
0.231046,1.0682,8.7536e-09,1.75494e-24,0.00197246
0.231246,1.06818,8.76023e-09,1.75466e-24,0.00197288
0.231446,1.06817,8.76687e-09,1.75437e-24,0.00197331
0.231646,1.06815,8.7735e-09,1.75408e-24,0.00197373
0.231846,1.06814,8.78013e-09,1.7538e-24,0.00197415
0.232046,1.06812,8.78676e-09,1.75351e-24,0.00197458
0.232246,1.06811,8.7934e-09,1.75322e-24,0.001975
0.232446,1.0681,8.80003e-09,1.75294e-24,0.00197542
0.232647,1.06808,8.80666e-09,1.75265e-24,0.00197585
0.232847,1.06807,8.81329e-09,1.75236e-24,0.00197627
0.233047,1.06805,8.81993e-09,1.75208e-24,0.00197669
0.233247,1.06804,8.82656e-09,1.75179e-24,0.00197712
0.233447,1.06802,8.83319e-09,1.7515e-24,0.00197754
0.233647,1.06801,8.83982e-09,1.75122e-24,0.00197796
0.233847,1.068,8.84646e-09,1.75093e-24,0.00197839
0.234047,1.06798,8.85309e-09,1.75064e-24,0.00197881
0.234247,1.06797,8.85972e-09,1.75036e-24,0.00197923
0.234447,1.06795,8.86635e-09,1.75007e-24,0.00197966
0.234647,1.06794,8.87299e-09,1.74978e-24,0.00198008
0.234847,1.06792,8.87962e-09,1.7495e-24,0.0019805
0.235047,1.06791,8.88625e-09,1.74921e-24,0.00198093
0.235247,1.0679,8.89288e-09,1.74892e-24,0.00198135
0.235447,1.06788,8.89951e-09,1.74864e-24,0.00198177
0.235647,1.06787,8.90615e-09,1.74835e-24,0.0019822
0.235847,1.06785,8.91278e-09,1.74806e-24,0.00198262
0.236047,1.06784,8.91941e-09,1.74778e-24,0.00198304
0.236247,1.06782,8.92604e-09,1.74749e-24,0.00198347
0.236447,1.06781,8.93268e-09,1.7472e-24,0.00198389
0.236647,1.06779,8.93931e-09,1.74692e-24,0.00198431
0.236847,1.06778,8.94594e-09,1.74663e-24,0.00198474
0.237047,1.06777,8.95257e-09,1.74634e-24,0.00198516
0.237247,1.06775,8.95921e-09,1.74606e-24,0.00198558
0.237447,1.06774,8.96584e-09,1.74577e-24,0.00198601
0.237648,1.06772,8.97247e-09,1.74548e-24,0.00198643
0.237848,1.06771,8.9791e-09,1.7452e-24,0.00198685
0.238048,1.06769,8.98574e-09,1.74491e-24,0.00198728
0.238248,1.06768,8.99237e-09,1.74462e-24,0.0019877
0.238448,1.06767,8.999e-09,1.74434e-24,0.00198812
0.238648,1.06765,9.00563e-09,1.74405e-24,0.00198855
0.238848,1.06764,9.01227e-09,1.74376e-24,0.00198897
0.239048,1.06762,9.0189e-09,1.74348e-24,0.00198939
0.239248,1.06761,9.02553e-09,1.74319e-24,0.00198982
0.239448,1.06759,9.03216e-09,1.7429e-24,0.00199024
0.239648,1.06758,9.0388e-09,1.74262e-24,0.00199067
0.239848,1.06756,9.04543e-09,1.74233e-24,0.00199109
0.240048,1.06755,9.05206e-09,1.74204e-24,0.00199151
0.240248,1.06754,9.05869e-09,1.74176e-24,0.00199194
0.240448,1.06752,9.06533e-09,1.74147e-24,0.00199236
0.240648,1.06751,9.07196e-09,1.74118e-24,0.00199278
0.240848,1.06749,9.07859e-09,1.7409e-24,0.00199321
0.241048,1.06748,9.08522e-09,1.74061e-24,0.00199363
0.241248,1.06746,9.09185e-09,1.74032e-24,0.00199405
0.241448,1.06745,9.09849e-09,1.74004e-24,0.00199448
0.241648,1.06744,9.10512e-09,1.73975e-24,0.0019949
0.241848,1.06742,9.11175e-09,1.73946e-24,0.00199532
0.242048,1.06741,9.11838e-09,1.73918e-24,0.00199575
0.242248,1.06739,9.12502e-09,1.73889e-24,0.00199617
0.242448,1.06738,9.13165e-09,1.7386e-24,0.00199659
0.242649,1.06736,9.13828e-09,1.73832e-24,0.00199702
0.242849,1.06735,9.14491e-09,1.73803e-24,0.00199744
0.243049,1.06733,9.15155e-09,1.73774e-24,0.00199786
0.243249,1.06732,9.15818e-09,1.73746e-24,0.00199829
0.243449,1.06731,9.16481e-09,1.73717e-24,0.00199871
0.243649,1.06729,9.17144e-09,1.73688e-24,0.00199913
0.243849,1.06728,9.17808e-09,1.7366e-24,0.00199956
0.244049,1.06726,9.18471e-09,1.73631e-24,0.00199998
0.244249,1.06725,9.19134e-09,1.73602e-24,0.0020004
0.244449,1.06723,9.19797e-09,1.73574e-24,0.00200083
0.244649,1.06722,9.20461e-09,1.73545e-24,0.00200125
0.244849,1.06721,9.21124e-09,1.73516e-24,0.00200167
0.245049,1.06719,9.21787e-09,1.73488e-24,0.0020021
0.245249,1.06718,9.2245e-09,1.73459e-24,0.00200252
0.245449,1.06716,9.23114e-09,1.7343e-24,0.00200294
0.245649,1.06715,9.23777e-09,1.73402e-24,0.00200337
0.245849,1.06713,9.2444e-09,1.73373e-24,0.00200379
0.246049,1.06712,9.25103e-09,1.73345e-24,0.00200421
0.246249,1.0671,9.25767e-09,1.73316e-24,0.00200464
0.246449,1.06709,9.2643e-09,1.73287e-24,0.00200506
0.246649,1.06708,9.27093e-09,1.73259e-24,0.00200548
0.246849,1.06706,9.27756e-09,1.7323e-24,0.00200591
0.247049,1.06705,9.28419e-09,1.73201e-24,0.00200633
0.247249,1.06703,9.29083e-09,1.73173e-24,0.00200675
0.247449,1.06702,9.29746e-09,1.73144e-24,0.00200718
0.24765,1.067,9.30409e-09,1.73115e-24,0.0020076
0.24785,1.06699,9.31072e-09,1.73087e-24,0.00200802
0.24805,1.06698,9.31736e-09,1.73058e-24,0.00200845
0.24825,1.06696,9.32399e-09,1.73029e-24,0.00200887
0.24845,1.06695,9.33062e-09,1.73001e-24,0.0020093
0.24865,1.06693,9.33725e-09,1.72972e-24,0.00200972
0.24885,1.06692,9.34389e-09,1.72943e-24,0.00201014
0.24905,1.0669,9.35052e-09,1.72915e-24,0.00201057
0.24925,1.06689,9.35715e-09,1.72886e-24,0.00201099
0.24945,1.06687,9.36378e-09,1.72857e-24,0.00201141
0.24965,1.06686,9.37042e-09,1.72829e-24,0.00201184
0.24985,1.06685,9.37705e-09,1.728e-24,0.00201226
0.25005,1.06683,9.38368e-09,1.72771e-24,0.00201268
0.25025,1.06682,9.39031e-09,1.72743e-24,0.00201311
0.25045,1.0668,9.39695e-09,1.72714e-24,0.00201353
0.25065,1.06679,9.40358e-09,1.72685e-24,0.00201395
0.25085,1.06677,9.41021e-09,1.72657e-24,0.00201438
0.25105,1.06676,9.41684e-09,1.72628e-24,0.0020148
0.25125,1.06675,9.42348e-09,1.72599e-24,0.00201522
0.25145,1.06673,9.43011e-09,1.72571e-24,0.00201565
0.25165,1.06672,9.43674e-09,1.72542e-24,0.00201607
0.25185,1.0667,9.44337e-09,1.72513e-24,0.00201649
0.25205,1.06669,9.45001e-09,1.72485e-24,0.00201692
0.25225,1.06667,9.45664e-09,1.72456e-24,0.00201734
0.25245,1.06666,9.46327e-09,1.72427e-24,0.00201776
0.252651,1.06665,9.4699e-09,1.72399e-24,0.00201819
0.252851,1.06663,9.47653e-09,1.7237e-24,0.00201861
0.253051,1.06662,9.48317e-09,1.72341e-24,0.00201903
0.253251,1.0666,9.4898e-09,1.72313e-24,0.00201946
0.253451,1.06659,9.49643e-09,1.72284e-24,0.00201988
0.253651,1.06657,9.50306e-09,1.72255e-24,0.0020203
0.253851,1.06656,9.5097e-09,1.72227e-24,0.00202073
0.254051,1.06654,9.51633e-09,1.72198e-24,0.00202115
0.254251,1.06653,9.52296e-09,1.72169e-24,0.00202157
0.254451,1.06652,9.52959e-09,1.72141e-24,0.002022
0.254651,1.0665,9.53623e-09,1.72112e-24,0.00202242
0.254851,1.06649,9.54286e-09,1.72083e-24,0.00202284
0.255051,1.06647,9.54949e-09,1.72055e-24,0.00202327
0.255251,1.06646,9.55612e-09,1.72026e-24,0.00202369
0.255451,1.06644,9.56276e-09,1.71997e-24,0.00202411
0.255651,1.06643,9.56939e-09,1.71969e-24,0.00202454
0.255851,1.06642,9.57602e-09,1.7194e-24,0.00202496
0.256051,1.0664,9.58265e-09,1.71911e-24,0.00202538
0.256251,1.06639,9.58929e-09,1.71883e-24,0.00202581
0.256451,1.06637,9.59592e-09,1.71854e-24,0.00202623
0.256651,1.06636,9.60255e-09,1.71825e-24,0.00202666
0.256851,1.06634,9.60918e-09,1.71797e-24,0.00202708
0.257051,1.06633,9.61582e-09,1.71768e-24,0.0020275
0.257251,1.06631,9.62245e-09,1.71739e-24,0.00202793
0.257451,1.0663,9.62908e-09,1.71711e-24,0.00202835
0.257652,1.06629,9.63571e-09,1.71682e-24,0.00202877
0.257852,1.06627,9.64235e-09,1.71653e-24,0.0020292
0.258052,1.06626,9.64898e-09,1.71625e-24,0.00202962
0.258252,1.06624,9.65561e-09,1.71596e-24,0.00203004
0.258452,1.06623,9.66224e-09,1.71567e-24,0.00203047
0.258652,1.06621,9.66888e-09,1.71539e-24,0.00203089
0.258852,1.0662,9.67551e-09,1.7151e-24,0.00203131
0.259052,1.06619,9.68214e-09,1.71481e-24,0.00203174
0.259252,1.06617,9.68877e-09,1.71453e-24,0.00203216
0.259452,1.06616,9.6954e-09,1.71424e-24,0.00203258
0.259652,1.06614,9.70204e-09,1.71395e-24,0.00203301
0.259852,1.06613,9.70867e-09,1.71367e-24,0.00203343
0.260052,1.06611,9.7153e-09,1.71338e-24,0.00203385
0.260252,1.0661,9.72193e-09,1.71309e-24,0.00203428
0.260452,1.06608,9.72857e-09,1.71281e-24,0.0020347
0.260652,1.06607,9.7352e-09,1.71252e-24,0.00203512
0.260852,1.06606,9.74183e-09,1.71224e-24,0.00203555
0.261052,1.06604,9.74846e-09,1.71195e-24,0.00203597
0.261252,1.06603,9.7551e-09,1.71166e-24,0.00203639
0.261452,1.06601,9.76173e-09,1.71138e-24,0.00203682
0.261652,1.066,9.76836e-09,1.71109e-24,0.00203724
0.261852,1.06598,9.77499e-09,1.7108e-24,0.00203766
0.262052,1.06597,9.78163e-09,1.71052e-24,0.00203809
0.262252,1.06596,9.78826e-09,1.71023e-24,0.00203851
0.262452,1.06594,9.79489e-09,1.70994e-24,0.00203893
0.262653,1.06593,9.80152e-09,1.70966e-24,0.00203936
0.262853,1.06591,9.80816e-09,1.70937e-24,0.00203978
0.263053,1.0659,9.81479e-09,1.70908e-24,0.0020402
0.263253,1.06588,9.82142e-09,1.7088e-24,0.00204063
0.263453,1.06587,9.82805e-09,1.70851e-24,0.00204105
0.263653,1.06585,9.83469e-09,1.70822e-24,0.00204147
0.263853,1.06584,9.84132e-09,1.70794e-24,0.0020419
0.264053,1.06583,9.84795e-09,1.70765e-24,0.00204232
0.264253,1.06581,9.85458e-09,1.70736e-24,0.00204274
0.264453,1.0658,9.86122e-09,1.70708e-24,0.00204317
0.264653,1.06578,9.86785e-09,1.70679e-24,0.00204359
0.264853,1.06577,9.87448e-09,1.7065e-24,0.00204401
0.265053,1.06575,9.88111e-09,1.70622e-24,0.00204444
0.265253,1.06574,9.88774e-09,1.70593e-24,0.00204486
0.265453,1.06573,9.89438e-09,1.70564e-24,0.00204529
0.265653,1.06571,9.90101e-09,1.70536e-24,0.00204571
0.265853,1.0657,9.90764e-09,1.70507e-24,0.00204613
0.266053,1.06568,9.91427e-09,1.70478e-24,0.00204656
0.266253,1.06567,9.92091e-09,1.7045e-24,0.00204698
0.266453,1.06565,9.92754e-09,1.70421e-24,0.0020474
0.266653,1.06564,9.93417e-09,1.70392e-24,0.00204783
0.266853,1.06562,9.9408e-09,1.70364e-24,0.00204825
0.267053,1.06561,9.94744e-09,1.70335e-24,0.00204867
0.267253,1.0656,9.95407e-09,1.70306e-24,0.0020491
0.267453,1.06558,9.9607e-09,1.70278e-24,0.00204952
0.267654,1.06557,9.96733e-09,1.70249e-24,0.00204994
0.267854,1.06555,9.97397e-09,1.7022e-24,0.00205037
0.268054,1.06554,9.9806e-09,1.70192e-24,0.00205079
0.268254,1.06552,9.98723e-09,1.70163e-24,0.00205121
0.268454,1.06551,9.99386e-09,1.70134e-24,0.00205164
0.268654,1.0655,1.00005e-08,1.70106e-24,0.00205206
0.268854,1.06548,1.00071e-08,1.70077e-24,0.00205248
0.269054,1.06547,1.0014e-08,1.70047e-24,0.00205292
0.269254,1.06545,1.00213e-08,1.70016e-24,0.00205339
0.269454,1.06543,1.00286e-08,1.69984e-24,0.00205385
0.269654,1.06542,1.00359e-08,1.69953e-24,0.00205432
0.269854,1.0654,1.00432e-08,1.69921e-24,0.00205479
0.270054,1.06539,1.00505e-08,1.69889e-24,0.00205525
0.270254,1.06537,1.00578e-08,1.69858e-24,0.00205572
0.270454,1.06536,1.00651e-08,1.69826e-24,0.00205619
0.270654,1.06534,1.00724e-08,1.69795e-24,0.00205665
0.270854,1.06532,1.00797e-08,1.69763e-24,0.00205712
0.271054,1.06531,1.00871e-08,1.69732e-24,0.00205759
0.271254,1.06529,1.00944e-08,1.697e-24,0.00205805
0.271454,1.06528,1.01017e-08,1.69668e-24,0.00205852
0.271654,1.06526,1.0109e-08,1.69637e-24,0.00205898
0.271854,1.06524,1.01163e-08,1.69605e-24,0.00205945
0.272054,1.06523,1.01236e-08,1.69574e-24,0.00205992
0.272254,1.06521,1.01309e-08,1.69542e-24,0.00206038
0.272454,1.0652,1.01382e-08,1.69511e-24,0.00206085
0.272655,1.06518,1.01455e-08,1.69479e-24,0.00206132
0.272855,1.06517,1.01528e-08,1.69447e-24,0.00206178
0.273055,1.06515,1.01601e-08,1.69416e-24,0.00206225
0.273255,1.06513,1.01674e-08,1.69384e-24,0.00206272
0.273455,1.06512,1.01747e-08,1.69353e-24,0.00206318
0.273655,1.0651,1.0182e-08,1.69321e-24,0.00206365
0.273855,1.06509,1.01893e-08,1.6929e-24,0.00206412
0.274055,1.06507,1.01967e-08,1.69258e-24,0.00206458
0.274255,1.06505,1.0204e-08,1.69226e-24,0.00206505
0.274455,1.06504,1.02113e-08,1.69195e-24,0.00206552
0.274655,1.06502,1.02186e-08,1.69163e-24,0.00206598
0.274855,1.06501,1.02259e-08,1.69132e-24,0.00206645
0.275055,1.06499,1.02332e-08,1.691e-24,0.00206691
0.275255,1.06498,1.02405e-08,1.69069e-24,0.00206738
0.275455,1.06496,1.02478e-08,1.69037e-24,0.00206785
0.275655,1.06494,1.02551e-08,1.69005e-24,0.00206831
0.275855,1.06493,1.02624e-08,1.68974e-24,0.00206878
0.276055,1.06491,1.02697e-08,1.68942e-24,0.00206925
0.276255,1.0649,1.0277e-08,1.68911e-24,0.00206971
0.276455,1.06488,1.02843e-08,1.68879e-24,0.00207018
0.276655,1.06486,1.02916e-08,1.68847e-24,0.00207065
0.276855,1.06485,1.02989e-08,1.68816e-24,0.00207111
0.277055,1.06483,1.03063e-08,1.68784e-24,0.00207158
0.277255,1.06482,1.03136e-08,1.68753e-24,0.00207205
0.277455,1.0648,1.03209e-08,1.68721e-24,0.00207251
0.277656,1.06479,1.03282e-08,1.6869e-24,0.00207298
0.277856,1.06477,1.03355e-08,1.68658e-24,0.00207344
0.278056,1.06475,1.03428e-08,1.68626e-24,0.00207391
0.278256,1.06474,1.03501e-08,1.68595e-24,0.00207438
0.278456,1.06472,1.03574e-08,1.68563e-24,0.00207484
0.278656,1.06471,1.03647e-08,1.68532e-24,0.00207531
0.278856,1.06469,1.0372e-08,1.685e-24,0.00207578
0.279056,1.06467,1.03793e-08,1.68469e-24,0.00207624
0.279256,1.06466,1.03866e-08,1.68437e-24,0.00207671
0.279456,1.06464,1.03939e-08,1.68405e-24,0.00207718
0.279656,1.06463,1.04012e-08,1.68374e-24,0.00207764
0.279856,1.06461,1.04085e-08,1.68342e-24,0.00207811
0.280056,1.0646,1.04159e-08,1.68311e-24,0.00207858
0.280256,1.06458,1.04232e-08,1.68279e-24,0.00207904
0.280456,1.06456,1.04305e-08,1.68248e-24,0.00207951
0.280656,1.06455,1.04378e-08,1.68216e-24,0.00207998
0.280856,1.06453,1.04451e-08,1.68184e-24,0.00208044
0.281056,1.06452,1.04524e-08,1.68153e-24,0.00208091
0.281256,1.0645,1.04597e-08,1.68121e-24,0.00208137
0.281456,1.06448,1.0467e-08,1.6809e-24,0.00208184
0.281656,1.06447,1.04743e-08,1.68058e-24,0.00208231
0.281856,1.06445,1.04816e-08,1.68027e-24,0.00208277
0.282056,1.06444,1.04889e-08,1.67995e-24,0.00208324
0.282256,1.06442,1.04962e-08,1.67963e-24,0.00208371
0.282456,1.06441,1.05035e-08,1.67932e-24,0.00208417
0.282657,1.06439,1.05108e-08,1.679e-24,0.00208464
0.282857,1.06437,1.05181e-08,1.67869e-24,0.00208511
0.283057,1.06436,1.05254e-08,1.67837e-24,0.00208557
0.283257,1.06434,1.05328e-08,1.67805e-24,0.00208604
0.283457,1.06433,1.05401e-08,1.67774e-24,0.00208651
0.283657,1.06431,1.05474e-08,1.67742e-24,0.00208697
0.283857,1.06429,1.05547e-08,1.67711e-24,0.00208744
0.284057,1.06428,1.0562e-08,1.67679e-24,0.0020879
0.284257,1.06426,1.05693e-08,1.67648e-24,0.00208837
0.284457,1.06425,1.05766e-08,1.67616e-24,0.00208884
0.284657,1.06423,1.05839e-08,1.67584e-24,0.0020893
0.284857,1.06422,1.05912e-08,1.67553e-24,0.00208977
0.285057,1.0642,1.05985e-08,1.67521e-24,0.00209024
0.285257,1.06418,1.06058e-08,1.6749e-24,0.0020907
0.285457,1.06417,1.06131e-08,1.67458e-24,0.00209117
0.285657,1.06415,1.06204e-08,1.67427e-24,0.00209164
0.285857,1.06414,1.06277e-08,1.67395e-24,0.0020921
0.286057,1.06412,1.0635e-08,1.67363e-24,0.00209257
0.286257,1.0641,1.06424e-08,1.67332e-24,0.00209304
0.286457,1.06409,1.06497e-08,1.673e-24,0.0020935
0.286657,1.06407,1.0657e-08,1.67269e-24,0.00209397
0.286857,1.06406,1.06643e-08,1.67237e-24,0.00209444
0.287057,1.06404,1.06716e-08,1.67206e-24,0.0020949
0.287257,1.06403,1.06789e-08,1.67174e-24,0.00209537
0.287457,1.06401,1.06862e-08,1.67142e-24,0.00209583
0.287658,1.06399,1.06935e-08,1.67111e-24,0.0020963
0.287858,1.06398,1.07008e-08,1.67079e-24,0.00209677
0.288058,1.06396,1.07081e-08,1.67048e-24,0.00209723
0.288258,1.06395,1.07154e-08,1.67016e-24,0.0020977
0.288458,1.06393,1.07227e-08,1.66985e-24,0.00209817
0.288658,1.06392,1.073e-08,1.66953e-24,0.00209863
0.288858,1.0639,1.07373e-08,1.66921e-24,0.0020991
0.289058,1.06388,1.07446e-08,1.6689e-24,0.00209957
0.289258,1.06387,1.0752e-08,1.66858e-24,0.00210003
0.289458,1.06385,1.07593e-08,1.66827e-24,0.0021005
0.289658,1.06384,1.07666e-08,1.66795e-24,0.00210097
0.289858,1.06382,1.07739e-08,1.66763e-24,0.00210143
0.290058,1.0638,1.07812e-08,1.66732e-24,0.0021019
0.290258,1.06379,1.07885e-08,1.667e-24,0.00210236
0.290458,1.06377,1.07958e-08,1.66669e-24,0.00210283
0.290658,1.06376,1.08031e-08,1.66637e-24,0.0021033
0.290858,1.06374,1.08104e-08,1.66606e-24,0.00210376
0.291058,1.06373,1.08177e-08,1.66574e-24,0.00210423
0.291258,1.06371,1.0825e-08,1.66542e-24,0.0021047
0.291458,1.06369,1.08323e-08,1.66511e-24,0.00210516
0.291658,1.06368,1.08396e-08,1.66479e-24,0.00210563
0.291858,1.06366,1.08469e-08,1.66448e-24,0.0021061
0.292058,1.06365,1.08542e-08,1.66416e-24,0.00210656
0.292258,1.06363,1.08616e-08,1.66385e-24,0.00210703
0.292458,1.06361,1.08689e-08,1.66353e-24,0.0021075
0.292659,1.0636,1.08762e-08,1.66321e-24,0.00210796
0.292859,1.06358,1.08835e-08,1.6629e-24,0.00210843
0.293059,1.06357,1.08908e-08,1.66258e-24,0.00210889
0.293259,1.06355,1.08981e-08,1.66227e-24,0.00210936
0.293459,1.06354,1.09054e-08,1.66195e-24,0.00210983
0.293659,1.06352,1.09127e-08,1.66164e-24,0.00211029
0.293859,1.0635,1.092e-08,1.66132e-24,0.00211076
0.294059,1.06349,1.09273e-08,1.661e-24,0.00211123
0.294259,1.06347,1.09346e-08,1.66069e-24,0.00211169
0.294459,1.06346,1.09419e-08,1.66037e-24,0.00211216
0.294659,1.06344,1.09492e-08,1.66006e-24,0.00211263
0.294859,1.06342,1.09565e-08,1.65974e-24,0.00211309
0.295059,1.06341,1.09638e-08,1.65943e-24,0.00211356
0.295259,1.06339,1.09712e-08,1.65911e-24,0.00211403
0.295459,1.06338,1.09785e-08,1.65879e-24,0.00211449
0.295659,1.06336,1.09858e-08,1.65848e-24,0.00211496
0.295859,1.06335,1.09931e-08,1.65816e-24,0.00211543
0.296059,1.06333,1.10004e-08,1.65785e-24,0.00211589
0.296259,1.06331,1.10077e-08,1.65753e-24,0.00211636
0.296459,1.0633,1.1015e-08,1.65722e-24,0.00211682
0.296659,1.06328,1.10223e-08,1.6569e-24,0.00211729
0.296859,1.06327,1.10296e-08,1.65658e-24,0.00211776
0.297059,1.06325,1.10369e-08,1.65627e-24,0.00211822
0.297259,1.06323,1.10442e-08,1.65595e-24,0.00211869
0.297459,1.06322,1.10515e-08,1.65564e-24,0.00211916
0.29766,1.0632,1.10588e-08,1.65532e-24,0.00211962
0.29786,1.06319,1.10661e-08,1.655e-24,0.00212009
0.29806,1.06317,1.10734e-08,1.65469e-24,0.00212056
0.29826,1.06316,1.10807e-08,1.65437e-24,0.00212102
0.29846,1.06314,1.10881e-08,1.65406e-24,0.00212149
0.29866,1.06312,1.10954e-08,1.65374e-24,0.00212196
0.29886,1.06311,1.11027e-08,1.65343e-24,0.00212242
0.29906,1.06309,1.111e-08,1.65311e-24,0.00212289
0.29926,1.06308,1.11173e-08,1.65279e-24,0.00212335
0.29946,1.06306,1.11246e-08,1.65248e-24,0.00212382
0.29966,1.06304,1.11319e-08,1.65216e-24,0.00212429
0.29986,1.06303,1.11392e-08,1.65185e-24,0.00212475
0.30006,1.06301,1.11465e-08,1.65153e-24,0.00212522
0.30026,1.063,1.11538e-08,1.65122e-24,0.00212569
0.30046,1.06298,1.11611e-08,1.6509e-24,0.00212615
0.30066,1.06297,1.11684e-08,1.65058e-24,0.00212662
0.30086,1.06295,1.11757e-08,1.65027e-24,0.00212709
0.30106,1.06293,1.1183e-08,1.64995e-24,0.00212755
0.30126,1.06292,1.11903e-08,1.64964e-24,0.00212802
0.30146,1.0629,1.11977e-08,1.64932e-24,0.00212849
0.30166,1.06289,1.1205e-08,1.64901e-24,0.00212895
0.30186,1.06287,1.12123e-08,1.64869e-24,0.00212942
0.30206,1.06285,1.12196e-08,1.64837e-24,0.00212989
0.30226,1.06284,1.12269e-08,1.64806e-24,0.00213035
0.30246,1.06282,1.12342e-08,1.64774e-24,0.00213082
0.302661,1.06281,1.12415e-08,1.64743e-24,0.00213128
0.302861,1.06279,1.12488e-08,1.64711e-24,0.00213175
0.303061,1.06278,1.12561e-08,1.6468e-24,0.00213222
0.303261,1.06276,1.12634e-08,1.64648e-24,0.00213268
0.303461,1.06274,1.12707e-08,1.64616e-24,0.00213315
0.303661,1.06273,1.1278e-08,1.64585e-24,0.00213362
0.303861,1.06271,1.12853e-08,1.64553e-24,0.00213408
0.304061,1.0627,1.12926e-08,1.64522e-24,0.00213455
0.304261,1.06268,1.12999e-08,1.6449e-24,0.00213502
0.304461,1.06266,1.13073e-08,1.64458e-24,0.00213548
0.304661,1.06265,1.13146e-08,1.64427e-24,0.00213595
0.304861,1.06263,1.13219e-08,1.64395e-24,0.00213642
0.305061,1.06262,1.13292e-08,1.64364e-24,0.00213688
0.305261,1.0626,1.13365e-08,1.64332e-24,0.00213735
0.305461,1.06258,1.13425e-08,1.63974e-24,0.00213787
0.305661,1.06256,1.13483e-08,1.6359e-24,0.00213841
0.305861,1.06254,1.13542e-08,1.63206e-24,0.00213894
0.306061,1.06252,1.13601e-08,1.62822e-24,0.00213947
0.306261,1.06251,1.1366e-08,1.62438e-24,0.00214
0.306461,1.06249,1.13718e-08,1.62054e-24,0.00214053
0.306661,1.06247,1.13777e-08,1.61671e-24,0.00214106
0.306861,1.06245,1.13836e-08,1.61287e-24,0.00214159
0.307061,1.06243,1.13894e-08,1.60903e-24,0.00214213
0.307261,1.06241,1.13953e-08,1.60519e-24,0.00214266
0.307461,1.06239,1.14012e-08,1.60135e-24,0.00214319
0.307662,1.06237,1.14071e-08,1.59751e-24,0.00214372
0.307862,1.06235,1.14129e-08,1.59368e-24,0.00214425
0.308062,1.06233,1.14188e-08,1.58984e-24,0.00214478
0.308262,1.06231,1.14247e-08,1.586e-24,0.00214531
0.308462,1.0623,1.14306e-08,1.58216e-24,0.00214584
0.308662,1.06228,1.14364e-08,1.57832e-24,0.00214638
0.308862,1.06226,1.14423e-08,1.57448e-24,0.00214691
0.309062,1.06224,1.14482e-08,1.57064e-24,0.00214744
0.309262,1.06222,1.14541e-08,1.56681e-24,0.00214797
0.309462,1.0622,1.14599e-08,1.56297e-24,0.0021485
0.309662,1.06218,1.14658e-08,1.55913e-24,0.00214903
0.309862,1.06216,1.14717e-08,1.55529e-24,0.00214956
0.310062,1.06214,1.14776e-08,1.55145e-24,0.0021501
0.310262,1.06212,1.14834e-08,1.54761e-24,0.00215063
0.310462,1.0621,1.14893e-08,1.54377e-24,0.00215116
0.310662,1.06208,1.14952e-08,1.53994e-24,0.00215169
0.310862,1.06207,1.15011e-08,1.5361e-24,0.00215222
0.311062,1.06205,1.15069e-08,1.53226e-24,0.00215275
0.311262,1.06203,1.15128e-08,1.52842e-24,0.00215328
0.311462,1.06201,1.15187e-08,1.52458e-24,0.00215381
0.311662,1.06199,1.15246e-08,1.52074e-24,0.00215435
0.311862,1.06197,1.15304e-08,1.51691e-24,0.00215488
0.312062,1.06195,1.15363e-08,1.51307e-24,0.00215541
0.312262,1.06193,1.15422e-08,1.50923e-24,0.00215594
0.312462,1.06191,1.1548e-08,1.50539e-24,0.00215647
0.312663,1.06189,1.15539e-08,1.50155e-24,0.002157
0.312863,1.06187,1.15598e-08,1.49771e-24,0.00215753
0.313063,1.06185,1.15657e-08,1.49387e-24,0.00215806
0.313263,1.06184,1.15715e-08,1.49004e-24,0.0021586
0.313463,1.06182,1.15774e-08,1.4862e-24,0.00215913
0.313663,1.0618,1.15833e-08,1.48236e-24,0.00215966
0.313863,1.06178,1.15892e-08,1.47852e-24,0.00216019
0.314063,1.06176,1.1595e-08,1.47468e-24,0.00216072
0.314263,1.06174,1.16009e-08,1.47084e-24,0.00216125
0.314463,1.06172,1.16068e-08,1.467e-24,0.00216178
0.314663,1.0617,1.16127e-08,1.46317e-24,0.00216232
0.314863,1.06168,1.16185e-08,1.45933e-24,0.00216285
0.315063,1.06166,1.16244e-08,1.45549e-24,0.00216338
0.315263,1.06164,1.16303e-08,1.45165e-24,0.00216391
0.315463,1.06163,1.16362e-08,1.44781e-24,0.00216444
0.315663,1.06161,1.1642e-08,1.44397e-24,0.00216497
0.315863,1.06159,1.16479e-08,1.44014e-24,0.0021655
0.316063,1.06157,1.16538e-08,1.4363e-24,0.00216603
0.316263,1.06155,1.16597e-08,1.43246e-24,0.00216657
0.316463,1.06153,1.16655e-08,1.42862e-24,0.0021671
0.316663,1.06151,1.16714e-08,1.42478e-24,0.00216763
0.316863,1.06149,1.16773e-08,1.42094e-24,0.00216816
0.317063,1.06147,1.16832e-08,1.4171e-24,0.00216869
0.317263,1.06145,1.1689e-08,1.41327e-24,0.00216922
0.317463,1.06143,1.16949e-08,1.40943e-24,0.00216975
0.317664,1.06141,1.17008e-08,1.40559e-24,0.00217029
0.317864,1.0614,1.17066e-08,1.40175e-24,0.00217082
0.318064,1.06138,1.17125e-08,1.39791e-24,0.00217135
0.318264,1.06136,1.17184e-08,1.39407e-24,0.00217188
0.318464,1.06134,1.17243e-08,1.39023e-24,0.00217241
0.318664,1.06132,1.17301e-08,1.3864e-24,0.00217294
0.318864,1.0613,1.1736e-08,1.38256e-24,0.00217347
0.319064,1.06128,1.17419e-08,1.37872e-24,0.002174
0.319264,1.06126,1.17478e-08,1.37488e-24,0.00217454
0.319464,1.06124,1.17536e-08,1.37104e-24,0.00217507
0.319664,1.06122,1.17595e-08,1.3672e-24,0.0021756
0.319864,1.0612,1.17654e-08,1.36337e-24,0.00217613
0.320064,1.06118,1.17713e-08,1.35953e-24,0.00217666
0.320264,1.06117,1.17771e-08,1.35569e-24,0.00217719
0.320464,1.06115,1.1783e-08,1.35185e-24,0.00217772
0.320664,1.06113,1.17889e-08,1.34801e-24,0.00217826
0.320864,1.06111,1.17948e-08,1.34417e-24,0.00217879
0.321064,1.06109,1.18006e-08,1.34033e-24,0.00217932
0.321264,1.06107,1.18065e-08,1.3365e-24,0.00217985
0.321464,1.06105,1.18124e-08,1.33266e-24,0.00218038
0.321664,1.06103,1.18183e-08,1.32882e-24,0.00218091
0.321864,1.06101,1.18241e-08,1.32498e-24,0.00218144
0.322064,1.06099,1.183e-08,1.32114e-24,0.00218197
0.322264,1.06097,1.18359e-08,1.3173e-24,0.00218251
0.322464,1.06096,1.18418e-08,1.31346e-24,0.00218304
0.322665,1.06094,1.18476e-08,1.30963e-24,0.00218357
0.322865,1.06092,1.18535e-08,1.30579e-24,0.0021841
0.323065,1.0609,1.18594e-08,1.30195e-24,0.00218463
0.323265,1.06088,1.18652e-08,1.29811e-24,0.00218516
0.323465,1.06086,1.18711e-08,1.29427e-24,0.00218569
0.323665,1.06084,1.1877e-08,1.29043e-24,0.00218622
0.323865,1.06082,1.18829e-08,1.2866e-24,0.00218676
0.324065,1.0608,1.18887e-08,1.28276e-24,0.00218729
0.324265,1.06078,1.18946e-08,1.27892e-24,0.00218782
0.324465,1.06076,1.19005e-08,1.27508e-24,0.00218835
0.324665,1.06074,1.19064e-08,1.27124e-24,0.00218888
0.324865,1.06073,1.19122e-08,1.2674e-24,0.00218941
0.325065,1.06071,1.19181e-08,1.26356e-24,0.00218994
0.325265,1.06069,1.1924e-08,1.25973e-24,0.00219048
0.325465,1.06067,1.19299e-08,1.25589e-24,0.00219101
0.325665,1.06065,1.19357e-08,1.25205e-24,0.00219154
0.325865,1.06063,1.19416e-08,1.24821e-24,0.00219207
0.326065,1.06061,1.19475e-08,1.24437e-24,0.0021926
0.326265,1.06059,1.19534e-08,1.24053e-24,0.00219313
0.326465,1.06057,1.19592e-08,1.23669e-24,0.00219366
0.326665,1.06055,1.19651e-08,1.23286e-24,0.00219419
0.326865,1.06053,1.1971e-08,1.22902e-24,0.00219473
0.327065,1.06051,1.19769e-08,1.22518e-24,0.00219526
0.327265,1.0605,1.19827e-08,1.22134e-24,0.00219579
0.327465,1.06048,1.19886e-08,1.2175e-24,0.00219632
0.327666,1.06046,1.19945e-08,1.21366e-24,0.00219685
0.327866,1.06044,1.20003e-08,1.20983e-24,0.00219738
0.328066,1.06042,1.20062e-08,1.20599e-24,0.00219791
0.328266,1.0604,1.20121e-08,1.20215e-24,0.00219845
0.328466,1.06038,1.2018e-08,1.19831e-24,0.00219898
0.328666,1.06036,1.20238e-08,1.19447e-24,0.00219951
0.328866,1.06034,1.20297e-08,1.19063e-24,0.00220004
0.329066,1.06032,1.20356e-08,1.18679e-24,0.00220057
0.329266,1.0603,1.20415e-08,1.18296e-24,0.0022011
0.329466,1.06029,1.20473e-08,1.17912e-24,0.00220163
0.329666,1.06027,1.20532e-08,1.17528e-24,0.00220216
0.329866,1.06025,1.20591e-08,1.17144e-24,0.0022027
0.330066,1.06023,1.2065e-08,1.1676e-24,0.00220323
0.330266,1.06021,1.20708e-08,1.16376e-24,0.00220376
0.330466,1.06019,1.20767e-08,1.15992e-24,0.00220429
0.330666,1.06017,1.20826e-08,1.15609e-24,0.00220482
0.330866,1.06015,1.20885e-08,1.15225e-24,0.00220535
0.331066,1.06013,1.20943e-08,1.14841e-24,0.00220588
0.331266,1.06011,1.21002e-08,1.14457e-24,0.00220641
0.331466,1.06009,1.21061e-08,1.14073e-24,0.00220695
0.331666,1.06007,1.2112e-08,1.13689e-24,0.00220748
0.331866,1.06006,1.21178e-08,1.13306e-24,0.00220801
0.332066,1.06004,1.21237e-08,1.12922e-24,0.00220854
0.332266,1.06002,1.21296e-08,1.12538e-24,0.00220907
0.332466,1.06,1.21355e-08,1.12154e-24,0.0022096
0.332667,1.05998,1.21413e-08,1.1177e-24,0.00221013
0.332867,1.05996,1.21472e-08,1.11386e-24,0.00221067
0.333067,1.05994,1.21531e-08,1.11002e-24,0.0022112
0.333267,1.05992,1.21589e-08,1.10619e-24,0.00221173
0.333467,1.0599,1.21648e-08,1.10235e-24,0.00221226
0.333667,1.05988,1.21707e-08,1.09851e-24,0.00221279
0.333867,1.05986,1.21766e-08,1.09467e-24,0.00221332
0.334067,1.05984,1.21824e-08,1.09083e-24,0.00221385
0.334267,1.05983,1.21883e-08,1.08699e-24,0.00221438
0.334467,1.05981,1.21942e-08,1.08315e-24,0.00221492
0.334667,1.05979,1.22001e-08,1.07932e-24,0.00221545
0.334867,1.05977,1.22059e-08,1.07548e-24,0.00221598
0.335067,1.05975,1.22118e-08,1.07164e-24,0.00221651
0.335267,1.05973,1.22177e-08,1.0678e-24,0.00221704
0.335467,1.05971,1.22236e-08,1.06396e-24,0.00221757
0.335667,1.05969,1.22294e-08,1.06012e-24,0.0022181
0.335867,1.05967,1.22353e-08,1.05629e-24,0.00221864
0.336067,1.05965,1.22412e-08,1.05245e-24,0.00221917
0.336267,1.05963,1.22471e-08,1.04861e-24,0.0022197
0.336467,1.05962,1.22529e-08,1.04477e-24,0.00222023
0.336667,1.0596,1.22588e-08,1.04093e-24,0.00222076
0.336867,1.05958,1.22647e-08,1.03709e-24,0.00222129
0.337067,1.05956,1.22706e-08,1.03325e-24,0.00222182
0.337267,1.05954,1.22764e-08,1.02942e-24,0.00222235
0.337467,1.05952,1.22823e-08,1.02558e-24,0.00222289
0.337668,1.0595,1.22882e-08,1.02174e-24,0.00222342
0.337868,1.05948,1.22941e-08,1.0179e-24,0.00222395
0.338068,1.05946,1.22999e-08,1.01406e-24,0.00222448
0.338268,1.05944,1.23058e-08,1.01022e-24,0.00222501
0.338468,1.05942,1.23117e-08,1.00638e-24,0.00222554
0.338668,1.0594,1.23175e-08,1.00255e-24,0.00222607
0.338868,1.05939,1.23234e-08,9.98708e-25,0.0022266
0.339068,1.05937,1.23293e-08,9.94869e-25,0.00222714
0.339268,1.05935,1.23352e-08,9.91031e-25,0.00222767
0.339468,1.05933,1.2341e-08,9.87192e-25,0.0022282
0.339668,1.05931,1.23469e-08,9.83354e-25,0.00222873
0.339868,1.05929,1.23528e-08,9.79515e-25,0.00222926
0.340068,1.05927,1.23587e-08,9.75677e-25,0.00222979
0.340268,1.05925,1.23645e-08,9.71838e-25,0.00223032
0.340468,1.05923,1.23704e-08,9.68e-25,0.00223086
0.340668,1.05921,1.23763e-08,9.64161e-25,0.00223139
0.340868,1.05919,1.23822e-08,9.60323e-25,0.00223192
0.341068,1.05917,1.2388e-08,9.56484e-25,0.00223245
0.341268,1.05916,1.23939e-08,9.52646e-25,0.00223298
0.341468,1.05914,1.23998e-08,9.48807e-25,0.00223351
0.341668,1.05912,1.2406e-08,9.44765e-25,0.00223407
0.341868,1.0591,1.24125e-08,9.40531e-25,0.00223466
0.342068,1.05907,1.24189e-08,9.36297e-25,0.00223524
0.342268,1.05905,1.24254e-08,9.32063e-25,0.00223583
0.342468,1.05903,1.24319e-08,9.27829e-25,0.00223642
0.342669,1.05901,1.24384e-08,9.23595e-25,0.002237
0.342869,1.05899,1.24448e-08,9.19361e-25,0.00223759
0.343069,1.05897,1.24513e-08,9.15127e-25,0.00223817
0.343269,1.05895,1.24578e-08,9.10893e-25,0.00223876
0.343469,1.05893,1.24643e-08,9.06659e-25,0.00223935
0.343669,1.05891,1.24708e-08,9.02425e-25,0.00223993
0.343869,1.05888,1.24772e-08,8.98191e-25,0.00224052
0.344069,1.05886,1.24837e-08,8.93957e-25,0.0022411
0.344269,1.05884,1.24902e-08,8.89723e-25,0.00224169
0.344469,1.05882,1.24967e-08,8.85489e-25,0.00224228
0.344669,1.0588,1.25032e-08,8.81255e-25,0.00224286
0.344869,1.05878,1.25096e-08,8.77021e-25,0.00224345
0.345069,1.05876,1.25161e-08,8.72787e-25,0.00224403
0.345269,1.05874,1.25226e-08,8.68553e-25,0.00224462
0.345469,1.05872,1.25291e-08,8.64319e-25,0.00224521
0.345669,1.05869,1.25356e-08,8.60085e-25,0.00224579
0.345869,1.05867,1.2542e-08,8.55851e-25,0.00224638
0.346069,1.05865,1.25485e-08,8.51617e-25,0.00224696
0.346269,1.05863,1.2555e-08,8.47383e-25,0.00224755
0.346469,1.05861,1.25615e-08,8.43149e-25,0.00224814
0.346669,1.05859,1.2568e-08,8.38915e-25,0.00224872
0.346869,1.05857,1.25744e-08,8.34681e-25,0.00224931
0.347069,1.05855,1.25809e-08,8.30447e-25,0.0022499
0.347269,1.05853,1.25874e-08,8.26213e-25,0.00225048
0.347469,1.0585,1.25939e-08,8.21979e-25,0.00225107
0.34767,1.05848,1.26003e-08,8.17745e-25,0.00225165
0.34787,1.05846,1.26068e-08,8.13511e-25,0.00225224
0.34807,1.05844,1.26133e-08,8.09277e-25,0.00225283
0.34827,1.05842,1.26198e-08,8.05044e-25,0.00225341
0.34847,1.0584,1.26263e-08,8.0081e-25,0.002254
0.34867,1.05838,1.26327e-08,7.96576e-25,0.00225458
0.34887,1.05836,1.26392e-08,7.92342e-25,0.00225517
0.34907,1.05834,1.26457e-08,7.88108e-25,0.00225576
0.34927,1.05831,1.26522e-08,7.83874e-25,0.00225634
0.34947,1.05829,1.26587e-08,7.7964e-25,0.00225693
0.34967,1.05827,1.26651e-08,7.75406e-25,0.00225751
0.34987,1.05825,1.26716e-08,7.71172e-25,0.0022581
0.35007,1.05823,1.26781e-08,7.66938e-25,0.00225869
0.35027,1.05821,1.26846e-08,7.62704e-25,0.00225927
0.35047,1.05819,1.26911e-08,7.5847e-25,0.00225986
0.35067,1.05817,1.26975e-08,7.54236e-25,0.00226044
0.35087,1.05815,1.2704e-08,7.50002e-25,0.00226103
0.35107,1.05812,1.27105e-08,7.45768e-25,0.00226162
0.35127,1.0581,1.2717e-08,7.41534e-25,0.0022622
0.35147,1.05808,1.27235e-08,7.373e-25,0.00226279
0.35167,1.05806,1.27299e-08,7.33066e-25,0.00226337
0.35187,1.05804,1.27364e-08,7.28832e-25,0.00226396
0.35207,1.05802,1.27429e-08,7.24598e-25,0.00226455
0.35227,1.058,1.27494e-08,7.20364e-25,0.00226513
0.35247,1.05798,1.27559e-08,7.1613e-25,0.00226572
0.352671,1.05796,1.27623e-08,7.11896e-25,0.0022663
0.352871,1.05793,1.27688e-08,7.07662e-25,0.00226689
0.353071,1.05791,1.27753e-08,7.03428e-25,0.00226748
0.353271,1.05789,1.27818e-08,6.99194e-25,0.00226806
0.353471,1.05787,1.27882e-08,6.9496e-25,0.00226865
0.353671,1.05785,1.27947e-08,6.90726e-25,0.00226924
0.353871,1.05783,1.28012e-08,6.86492e-25,0.00226982
0.354071,1.05781,1.28077e-08,6.82258e-25,0.00227041
0.354271,1.05779,1.28142e-08,6.78024e-25,0.00227099
0.354471,1.05777,1.28206e-08,6.7379e-25,0.00227158
0.354671,1.05774,1.28271e-08,6.69556e-25,0.00227217
0.354871,1.05772,1.28336e-08,6.65322e-25,0.00227275
0.355071,1.0577,1.28401e-08,6.61088e-25,0.00227334
0.355271,1.05768,1.28466e-08,6.56855e-25,0.00227392
0.355471,1.05766,1.2853e-08,6.52621e-25,0.00227451
0.355671,1.05764,1.28595e-08,6.48387e-25,0.0022751
0.355871,1.05762,1.2866e-08,6.44153e-25,0.00227568
0.356071,1.0576,1.28725e-08,6.39919e-25,0.00227627
0.356271,1.05758,1.2879e-08,6.35685e-25,0.00227685
0.356471,1.05755,1.28854e-08,6.31451e-25,0.00227744
0.356671,1.05753,1.28919e-08,6.27217e-25,0.00227803
0.356871,1.05751,1.28984e-08,6.22983e-25,0.00227861
0.357071,1.05749,1.29049e-08,6.18749e-25,0.0022792
0.357271,1.05747,1.29114e-08,6.14515e-25,0.00227978
0.357471,1.05745,1.29178e-08,6.10281e-25,0.00228037
0.357672,1.05743,1.29243e-08,6.06047e-25,0.00228096
0.357872,1.05741,1.29308e-08,6.01813e-25,0.00228154
0.358072,1.05739,1.29373e-08,5.97579e-25,0.00228213
0.358272,1.05736,1.29437e-08,5.93345e-25,0.00228271
0.358472,1.05734,1.29502e-08,5.89111e-25,0.0022833
0.358672,1.05732,1.29567e-08,5.84877e-25,0.00228389
0.358872,1.0573,1.29632e-08,5.80643e-25,0.00228447
0.359072,1.05728,1.29697e-08,5.76409e-25,0.00228506
0.359272,1.05726,1.29761e-08,5.72175e-25,0.00228564
0.359472,1.05724,1.29826e-08,5.67941e-25,0.00228623
0.359672,1.05722,1.29891e-08,5.63707e-25,0.00228682
0.359872,1.0572,1.29956e-08,5.59473e-25,0.0022874
0.360072,1.05717,1.30021e-08,5.55239e-25,0.00228799
0.360272,1.05715,1.30085e-08,5.51005e-25,0.00228858
0.360472,1.05713,1.3015e-08,5.46771e-25,0.00228916
0.360672,1.05711,1.30215e-08,5.42537e-25,0.00228975
0.360872,1.05709,1.3028e-08,5.38303e-25,0.00229033
0.361072,1.05707,1.30345e-08,5.34069e-25,0.00229092
0.361272,1.05705,1.30409e-08,5.29835e-25,0.00229151
0.361472,1.05703,1.30474e-08,5.25601e-25,0.00229209
0.361672,1.05701,1.30539e-08,5.21367e-25,0.00229268
0.361872,1.05698,1.30604e-08,5.17133e-25,0.00229326
0.362072,1.05696,1.30669e-08,5.12899e-25,0.00229385
0.362272,1.05694,1.30733e-08,5.08666e-25,0.00229444
0.362472,1.05692,1.30798e-08,5.04432e-25,0.00229502
0.362673,1.0569,1.30863e-08,5.00198e-25,0.00229561
0.362873,1.05688,1.30928e-08,4.95964e-25,0.00229619
0.363073,1.05686,1.30993e-08,4.9173e-25,0.00229678
0.363273,1.05684,1.31057e-08,4.87496e-25,0.00229737
0.363473,1.05681,1.31122e-08,4.83262e-25,0.00229795
0.363673,1.05679,1.31187e-08,4.79028e-25,0.00229854
0.363873,1.05677,1.31252e-08,4.74794e-25,0.00229912
0.364073,1.05675,1.31316e-08,4.7056e-25,0.00229971
0.364273,1.05673,1.31381e-08,4.66326e-25,0.0023003
0.364473,1.05671,1.31446e-08,4.62092e-25,0.00230088
0.364673,1.05669,1.31511e-08,4.57858e-25,0.00230147
0.364873,1.05667,1.31576e-08,4.53624e-25,0.00230205
0.365073,1.05665,1.3164e-08,4.4939e-25,0.00230264
0.365273,1.05662,1.31705e-08,4.45156e-25,0.00230323
0.365473,1.0566,1.3177e-08,4.40922e-25,0.00230381
0.365673,1.05658,1.31835e-08,4.36688e-25,0.0023044
0.365873,1.05656,1.319e-08,4.32454e-25,0.00230498
0.366073,1.05654,1.31964e-08,4.2822e-25,0.00230557
0.366273,1.05652,1.32029e-08,4.23986e-25,0.00230616
0.366473,1.0565,1.32094e-08,4.19752e-25,0.00230674
0.366673,1.05648,1.32159e-08,4.15518e-25,0.00230733
0.366873,1.05646,1.32224e-08,4.11284e-25,0.00230791
0.367073,1.05643,1.32288e-08,4.0705e-25,0.0023085
0.367273,1.05641,1.32353e-08,4.02816e-25,0.00230909
0.367473,1.05639,1.32418e-08,3.98582e-25,0.00230967
0.367674,1.05637,1.32483e-08,3.94348e-25,0.00231026
0.367874,1.05635,1.32548e-08,3.90114e-25,0.00231085
0.368074,1.05633,1.32612e-08,3.8588e-25,0.00231143
0.368274,1.05631,1.32677e-08,3.81646e-25,0.00231202
0.368474,1.05629,1.32742e-08,3.77412e-25,0.0023126
0.368674,1.05627,1.32807e-08,3.73178e-25,0.00231319
0.368874,1.05624,1.32871e-08,3.68944e-25,0.00231378
0.369074,1.05622,1.32936e-08,3.6471e-25,0.00231436
0.369274,1.0562,1.33001e-08,3.60476e-25,0.00231495
0.369474,1.05618,1.33066e-08,3.56243e-25,0.00231553
0.369674,1.05616,1.33131e-08,3.52009e-25,0.00231612
0.369874,1.05614,1.33195e-08,3.47775e-25,0.00231671
0.370074,1.05612,1.3326e-08,3.43541e-25,0.00231729
0.370274,1.0561,1.33325e-08,3.39307e-25,0.00231788
0.370474,1.05608,1.3339e-08,3.35073e-25,0.00231846
0.370674,1.05605,1.33455e-08,3.30839e-25,0.00231905
0.370874,1.05603,1.33519e-08,3.26605e-25,0.00231964
0.371074,1.05601,1.33584e-08,3.22371e-25,0.00232022
0.371274,1.05599,1.33649e-08,3.18137e-25,0.00232081
0.371474,1.05597,1.33714e-08,3.13903e-25,0.00232139
0.371674,1.05595,1.33779e-08,3.09669e-25,0.00232198
0.371874,1.05593,1.33843e-08,3.05435e-25,0.00232257
0.372074,1.05591,1.33908e-08,3.01201e-25,0.00232315
0.372274,1.05589,1.33973e-08,2.96967e-25,0.00232374
0.372474,1.05586,1.34038e-08,2.92733e-25,0.00232432
0.372675,1.05584,1.34103e-08,2.88499e-25,0.00232491
0.372875,1.05582,1.34167e-08,2.84265e-25,0.0023255
0.373075,1.0558,1.34232e-08,2.80031e-25,0.00232608
0.373275,1.05578,1.34297e-08,2.75797e-25,0.00232667
0.373475,1.05576,1.34362e-08,2.71563e-25,0.00232725
0.373675,1.05574,1.34426e-08,2.67329e-25,0.00232784
0.373875,1.05572,1.34491e-08,2.63095e-25,0.00232843
0.374075,1.0557,1.34556e-08,2.58861e-25,0.00232901
0.374275,1.05567,1.34621e-08,2.54657e-25,0.0023296
0.374475,1.05565,1.34662e-08,2.55149e-25,0.00233022
0.374675,1.05563,1.34703e-08,2.55642e-25,0.00233085
0.374875,1.0556,1.34745e-08,2.56134e-25,0.00233147
0.375075,1.05558,1.34786e-08,2.56626e-25,0.00233209
0.375275,1.05555,1.34828e-08,2.57119e-25,0.00233272
0.375475,1.05553,1.34869e-08,2.57611e-25,0.00233334
0.375675,1.05551,1.3491e-08,2.58104e-25,0.00233396
0.375875,1.05548,1.34952e-08,2.58596e-25,0.00233459
0.376075,1.05546,1.34993e-08,2.59088e-25,0.00233521
0.376275,1.05543,1.35034e-08,2.59581e-25,0.00233584
0.376475,1.05541,1.35076e-08,2.60073e-25,0.00233646
0.376675,1.05539,1.35117e-08,2.60566e-25,0.00233708
0.376875,1.05536,1.35158e-08,2.61058e-25,0.00233771
0.377075,1.05534,1.352e-08,2.6155e-25,0.00233833
0.377275,1.05531,1.35241e-08,2.62043e-25,0.00233895
0.377475,1.05529,1.35282e-08,2.62535e-25,0.00233958
0.377676,1.05527,1.35324e-08,2.63028e-25,0.0023402
0.377876,1.05524,1.35365e-08,2.6352e-25,0.00234082
0.378076,1.05522,1.35407e-08,2.64013e-25,0.00234145
0.378276,1.05519,1.35448e-08,2.64505e-25,0.00234207
0.378476,1.05517,1.35489e-08,2.64997e-25,0.00234269
0.378676,1.05515,1.35531e-08,2.6549e-25,0.00234332
0.378876,1.05512,1.35572e-08,2.65982e-25,0.00234394
0.379076,1.0551,1.35613e-08,2.66475e-25,0.00234457
0.379276,1.05507,1.35655e-08,2.66967e-25,0.00234519
0.379476,1.05505,1.35696e-08,2.67459e-25,0.00234581
0.379676,1.05503,1.35737e-08,2.67952e-25,0.00234644
0.379876,1.055,1.35779e-08,2.68444e-25,0.00234706
0.380076,1.05498,1.3582e-08,2.68937e-25,0.00234768
0.380276,1.05495,1.35862e-08,2.69429e-25,0.00234831
0.380476,1.05493,1.35903e-08,2.69921e-25,0.00234893
0.380676,1.05491,1.35944e-08,2.70414e-25,0.00234955
0.380876,1.05488,1.35986e-08,2.70906e-25,0.00235018
0.381076,1.05486,1.36027e-08,2.71399e-25,0.0023508
0.381276,1.05483,1.36068e-08,2.71891e-25,0.00235143
0.381476,1.05481,1.3611e-08,2.72383e-25,0.00235205
0.381676,1.05478,1.36151e-08,2.72876e-25,0.00235267
0.381876,1.05476,1.36192e-08,2.73368e-25,0.0023533
0.382076,1.05474,1.36234e-08,2.73861e-25,0.00235392
0.382276,1.05471,1.36275e-08,2.74353e-25,0.00235454
0.382476,1.05469,1.36317e-08,2.74846e-25,0.00235517
0.382677,1.05466,1.36358e-08,2.75338e-25,0.00235579
0.382877,1.05464,1.36399e-08,2.7583e-25,0.00235641
0.383077,1.05462,1.36441e-08,2.76323e-25,0.00235704
0.383277,1.05459,1.36482e-08,2.76815e-25,0.00235766
0.383477,1.05457,1.36523e-08,2.77308e-25,0.00235828
0.383677,1.05454,1.36565e-08,2.778e-25,0.00235891
0.383877,1.05452,1.36606e-08,2.78292e-25,0.00235953
0.384077,1.0545,1.36647e-08,2.78785e-25,0.00236016
0.384277,1.05447,1.36689e-08,2.79277e-25,0.00236078
0.384477,1.05445,1.3673e-08,2.7977e-25,0.0023614
0.384677,1.05442,1.36771e-08,2.80262e-25,0.00236203
0.384877,1.0544,1.36813e-08,2.80754e-25,0.00236265
0.385077,1.05438,1.36854e-08,2.81247e-25,0.00236327
0.385277,1.05435,1.36896e-08,2.81739e-25,0.0023639
0.385477,1.05433,1.36937e-08,2.82232e-25,0.00236452
0.385677,1.0543,1.36978e-08,2.82724e-25,0.00236514
0.385877,1.05428,1.3702e-08,2.83217e-25,0.00236577
0.386077,1.05426,1.37061e-08,2.83709e-25,0.00236639
0.386277,1.05423,1.37102e-08,2.84201e-25,0.00236702
0.386477,1.05421,1.37144e-08,2.84694e-25,0.00236764
0.386677,1.05418,1.37185e-08,2.85186e-25,0.00236826
0.386877,1.05416,1.37226e-08,2.85679e-25,0.00236889
0.387077,1.05414,1.37268e-08,2.86171e-25,0.00236951
0.387277,1.05411,1.37309e-08,2.86663e-25,0.00237013
0.387477,1.05409,1.37351e-08,2.87156e-25,0.00237076
0.387678,1.05406,1.37392e-08,2.87648e-25,0.00237138
0.387878,1.05404,1.37433e-08,2.88141e-25,0.002372
0.388078,1.05401,1.37475e-08,2.88633e-25,0.00237263
0.388278,1.05399,1.37516e-08,2.89125e-25,0.00237325
0.388478,1.05397,1.37557e-08,2.89618e-25,0.00237387
0.388678,1.05394,1.37599e-08,2.9011e-25,0.0023745
0.388878,1.05392,1.3764e-08,2.90603e-25,0.00237512
0.389078,1.05389,1.37681e-08,2.91095e-25,0.00237575
0.389278,1.05387,1.37723e-08,2.91587e-25,0.00237637
0.389478,1.05385,1.37764e-08,2.9208e-25,0.00237699
0.389678,1.05382,1.37805e-08,2.92572e-25,0.00237762
0.389878,1.0538,1.37847e-08,2.93065e-25,0.00237824
0.390078,1.05377,1.37888e-08,2.93557e-25,0.00237886
0.390278,1.05375,1.3793e-08,2.9405e-25,0.00237949
0.390478,1.05373,1.37971e-08,2.94542e-25,0.00238011
0.390678,1.0537,1.38012e-08,2.95034e-25,0.00238073
0.390878,1.05368,1.38054e-08,2.95527e-25,0.00238136
0.391078,1.05365,1.38095e-08,2.96019e-25,0.00238198
0.391278,1.05363,1.38136e-08,2.96512e-25,0.00238261
0.391478,1.05361,1.38178e-08,2.97004e-25,0.00238323
0.391678,1.05358,1.38219e-08,2.97496e-25,0.00238385
0.391878,1.05356,1.3826e-08,2.97989e-25,0.00238448
0.392078,1.05353,1.38302e-08,2.98481e-25,0.0023851
0.392278,1.05351,1.38343e-08,2.98974e-25,0.00238572
0.392478,1.05349,1.38385e-08,2.99466e-25,0.00238635
0.392679,1.05346,1.38426e-08,2.99958e-25,0.00238697
0.392879,1.05344,1.38467e-08,3.00451e-25,0.00238759
0.393079,1.05341,1.38509e-08,3.00943e-25,0.00238822
0.393279,1.05339,1.3855e-08,3.01436e-25,0.00238884
0.393479,1.05337,1.38591e-08,3.01928e-25,0.00238946
0.393679,1.05334,1.38633e-08,3.02421e-25,0.00239009
0.393879,1.05332,1.38674e-08,3.02913e-25,0.00239071
0.394079,1.05329,1.38715e-08,3.03405e-25,0.00239134
0.394279,1.05327,1.38757e-08,3.03898e-25,0.00239196
0.394479,1.05325,1.38798e-08,3.0439e-25,0.00239258
0.394679,1.05322,1.3884e-08,3.04883e-25,0.00239321
0.394879,1.0532,1.38881e-08,3.05375e-25,0.00239383
0.395079,1.05317,1.38922e-08,3.05867e-25,0.00239445
0.395279,1.05315,1.38964e-08,3.0636e-25,0.00239508
0.395479,1.05312,1.39005e-08,3.06852e-25,0.0023957
0.395679,1.0531,1.39046e-08,3.07345e-25,0.00239632
0.395879,1.05308,1.39088e-08,3.07837e-25,0.00239695
0.396079,1.05305,1.39129e-08,3.08329e-25,0.00239757
0.396279,1.05303,1.3917e-08,3.08822e-25,0.0023982
0.396479,1.053,1.39212e-08,3.09314e-25,0.00239882
0.396679,1.05298,1.39253e-08,3.09807e-25,0.00239944
0.396879,1.05296,1.39294e-08,3.10299e-25,0.00240007
0.397079,1.05293,1.39336e-08,3.10791e-25,0.00240069
0.397279,1.05291,1.39377e-08,3.11284e-25,0.00240131
0.397479,1.05288,1.39419e-08,3.11776e-25,0.00240194
0.39768,1.05286,1.3946e-08,3.12269e-25,0.00240256
0.39788,1.05284,1.39501e-08,3.12761e-25,0.00240318
0.39808,1.05281,1.39543e-08,3.13254e-25,0.00240381
0.39828,1.05279,1.39584e-08,3.13746e-25,0.00240443
0.39848,1.05276,1.39625e-08,3.14238e-25,0.00240505
0.39868,1.05274,1.39667e-08,3.14731e-25,0.00240568
0.39888,1.05272,1.39708e-08,3.15223e-25,0.0024063
0.39908,1.05269,1.39749e-08,3.15716e-25,0.00240693
0.39928,1.05267,1.39791e-08,3.16208e-25,0.00240755
0.39948,1.05264,1.39832e-08,3.167e-25,0.00240817
0.39968,1.05262,1.39874e-08,3.17193e-25,0.0024088
0.39988,1.0526,1.39915e-08,3.17685e-25,0.00240942
0.40008,1.05257,1.39956e-08,3.18178e-25,0.00241004
0.40028,1.05255,1.39998e-08,3.1867e-25,0.00241067
0.40048,1.05252,1.40039e-08,3.19162e-25,0.00241129
0.40068,1.0525,1.4008e-08,3.19655e-25,0.00241191
0.40088,1.05248,1.40122e-08,3.20147e-25,0.00241254
0.40108,1.05245,1.40163e-08,3.2064e-25,0.00241316
0.40128,1.05243,1.40204e-08,3.21132e-25,0.00241379
0.40148,1.0524,1.40246e-08,3.21625e-25,0.00241441
0.40168,1.05238,1.40287e-08,3.22117e-25,0.00241503
0.40188,1.05236,1.40328e-08,3.22609e-25,0.00241566
0.40208,1.05233,1.4037e-08,3.23102e-25,0.00241628
0.40228,1.05231,1.40411e-08,3.23594e-25,0.0024169
0.40248,1.05228,1.40453e-08,3.24087e-25,0.00241753
0.402681,1.05226,1.40494e-08,3.24579e-25,0.00241815
0.402881,1.05223,1.40535e-08,3.25071e-25,0.00241877
0.403081,1.05221,1.40577e-08,3.25564e-25,0.0024194
0.403281,1.05219,1.40618e-08,3.26056e-25,0.00242002
0.403481,1.05216,1.40659e-08,3.26549e-25,0.00242064
0.403681,1.05214,1.40701e-08,3.27041e-25,0.00242127
0.403881,1.05211,1.40742e-08,3.27533e-25,0.00242189
0.404081,1.05209,1.40783e-08,3.28026e-25,0.00242252
0.404281,1.05207,1.40825e-08,3.28518e-25,0.00242314
0.404481,1.05204,1.40866e-08,3.29011e-25,0.00242376
0.404681,1.05202,1.40908e-08,3.29503e-25,0.00242439
0.404881,1.05199,1.40949e-08,3.29995e-25,0.00242501
0.405081,1.05197,1.4099e-08,3.30488e-25,0.00242563
0.405281,1.05195,1.41032e-08,3.3098e-25,0.00242626
0.405481,1.05192,1.41073e-08,3.31473e-25,0.00242688
0.405681,1.0519,1.41114e-08,3.31965e-25,0.0024275
0.405881,1.05187,1.41156e-08,3.32458e-25,0.00242813
0.406081,1.05185,1.41197e-08,3.3295e-25,0.00242875
0.406281,1.05183,1.41238e-08,3.33442e-25,0.00242938
0.406481,1.0518,1.4128e-08,3.33935e-25,0.00243
0.406681,1.05178,1.41321e-08,3.34427e-25,0.00243062
0.406881,1.05175,1.41363e-08,3.3492e-25,0.00243125
0.407081,1.05173,1.41406e-08,3.35437e-25,0.0024319
0.407281,1.0517,1.41452e-08,3.35981e-25,0.00243259
0.407481,1.05168,1.41497e-08,3.36525e-25,0.00243328
0.407682,1.05165,1.41543e-08,3.37069e-25,0.00243397
0.407882,1.05162,1.41589e-08,3.37612e-25,0.00243466
0.408082,1.0516,1.41634e-08,3.38156e-25,0.00243534
0.408282,1.05157,1.4168e-08,3.387e-25,0.00243603
0.408482,1.05154,1.41726e-08,3.39243e-25,0.00243672
0.408682,1.05152,1.41771e-08,3.39787e-25,0.00243741
0.408882,1.05149,1.41817e-08,3.40331e-25,0.0024381
0.409082,1.05146,1.41863e-08,3.40875e-25,0.00243879
0.409282,1.05144,1.41908e-08,3.41418e-25,0.00243948
0.409482,1.05141,1.41954e-08,3.41962e-25,0.00244016
0.409682,1.05138,1.42e-08,3.42506e-25,0.00244085
0.409882,1.05136,1.42045e-08,3.43049e-25,0.00244154
0.410082,1.05133,1.42091e-08,3.43593e-25,0.00244223
0.410282,1.0513,1.42137e-08,3.44137e-25,0.00244292
0.410482,1.05128,1.42182e-08,3.4468e-25,0.00244361
0.410682,1.05125,1.42228e-08,3.45224e-25,0.0024443
0.410882,1.05122,1.42274e-08,3.45768e-25,0.00244498
0.411082,1.0512,1.42319e-08,3.46312e-25,0.00244567
0.411282,1.05117,1.42365e-08,3.46855e-25,0.00244636
0.411482,1.05114,1.42411e-08,3.47399e-25,0.00244705
0.411682,1.05112,1.42456e-08,3.47943e-25,0.00244774
0.411882,1.05109,1.42502e-08,3.48486e-25,0.00244843
0.412082,1.05106,1.42548e-08,3.4903e-25,0.00244912
0.412282,1.05104,1.42593e-08,3.49574e-25,0.0024498
0.412482,1.05101,1.42639e-08,3.50118e-25,0.00245049
0.412683,1.05098,1.42685e-08,3.50661e-25,0.00245118
0.412883,1.05096,1.4273e-08,3.51205e-25,0.00245187
0.413083,1.05093,1.42776e-08,3.51749e-25,0.00245256
0.413283,1.05091,1.42822e-08,3.52292e-25,0.00245325
0.413483,1.05088,1.42867e-08,3.52836e-25,0.00245394
0.413683,1.05085,1.42913e-08,3.5338e-25,0.00245462
0.413883,1.05083,1.42959e-08,3.53924e-25,0.00245531
0.414083,1.0508,1.43004e-08,3.54467e-25,0.002456
0.414283,1.05077,1.4305e-08,3.55011e-25,0.00245669
0.414483,1.05075,1.43096e-08,3.55555e-25,0.00245738
0.414683,1.05072,1.43141e-08,3.56098e-25,0.00245807
0.414883,1.05069,1.43187e-08,3.56642e-25,0.00245876
0.415083,1.05067,1.43233e-08,3.57186e-25,0.00245944
0.415283,1.05064,1.43278e-08,3.5773e-25,0.00246013
0.415483,1.05061,1.43324e-08,3.58273e-25,0.00246082
0.415683,1.05059,1.4337e-08,3.58817e-25,0.00246151
0.415883,1.05056,1.43415e-08,3.59361e-25,0.0024622
0.416083,1.05053,1.43461e-08,3.59904e-25,0.00246289
0.416283,1.05051,1.43507e-08,3.60448e-25,0.00246358
0.416483,1.05048,1.43552e-08,3.60992e-25,0.00246426
0.416683,1.05045,1.43598e-08,3.61535e-25,0.00246495
0.416883,1.05043,1.43644e-08,3.62079e-25,0.00246564
0.417083,1.0504,1.43689e-08,3.62623e-25,0.00246633
0.417283,1.05037,1.43735e-08,3.63167e-25,0.00246702
0.417483,1.05035,1.43781e-08,3.6371e-25,0.00246771
0.417684,1.05032,1.43826e-08,3.64254e-25,0.0024684
0.417884,1.05029,1.43872e-08,3.64798e-25,0.00246908
0.418084,1.05027,1.43918e-08,3.65341e-25,0.00246977
0.418284,1.05024,1.43964e-08,3.65885e-25,0.00247046
0.418484,1.05021,1.44009e-08,3.66429e-25,0.00247115
0.418684,1.05019,1.44055e-08,3.66973e-25,0.00247184
0.418884,1.05016,1.44101e-08,3.67516e-25,0.00247253
0.419084,1.05013,1.44146e-08,3.6806e-25,0.00247322
0.419284,1.05011,1.44192e-08,3.68604e-25,0.0024739
0.419484,1.05008,1.44238e-08,3.69147e-25,0.00247459
0.419684,1.05006,1.44283e-08,3.69691e-25,0.00247528
0.419884,1.05003,1.44329e-08,3.70235e-25,0.00247597
0.420084,1.05,1.44375e-08,3.70779e-25,0.00247666
0.420284,1.04998,1.4442e-08,3.71322e-25,0.00247735
0.420484,1.04995,1.44466e-08,3.71866e-25,0.00247804
0.420684,1.04992,1.44512e-08,3.7241e-25,0.00247872
0.420884,1.0499,1.44557e-08,3.72953e-25,0.00247941
0.421084,1.04987,1.44603e-08,3.73497e-25,0.0024801
0.421284,1.04984,1.44649e-08,3.74041e-25,0.00248079
0.421484,1.04982,1.44694e-08,3.74585e-25,0.00248148
0.421684,1.04979,1.4474e-08,3.75128e-25,0.00248217
0.421884,1.04976,1.44786e-08,3.75672e-25,0.00248286
0.422084,1.04974,1.44831e-08,3.76216e-25,0.00248354
0.422284,1.04971,1.44877e-08,3.76759e-25,0.00248423
0.422484,1.04968,1.44923e-08,3.77303e-25,0.00248492
0.422685,1.04966,1.44968e-08,3.77847e-25,0.00248561
0.422885,1.04963,1.45014e-08,3.7839e-25,0.0024863
0.423085,1.0496,1.4506e-08,3.78934e-25,0.00248699
0.423285,1.04958,1.45105e-08,3.79478e-25,0.00248768
0.423485,1.04955,1.45151e-08,3.80022e-25,0.00248836
0.423685,1.04952,1.45197e-08,3.80565e-25,0.00248905
0.423885,1.0495,1.45242e-08,3.81109e-25,0.00248974
0.424085,1.04947,1.45288e-08,3.81653e-25,0.00249043
0.424285,1.04944,1.45334e-08,3.82196e-25,0.00249112
0.424485,1.04942,1.45379e-08,3.8274e-25,0.00249181
0.424685,1.04939,1.45425e-08,3.83284e-25,0.0024925
0.424885,1.04936,1.45471e-08,3.83828e-25,0.00249318
0.425085,1.04934,1.45516e-08,3.84371e-25,0.00249387
0.425285,1.04931,1.45562e-08,3.84915e-25,0.00249456
0.425485,1.04928,1.45608e-08,3.85459e-25,0.00249525
0.425685,1.04926,1.45653e-08,3.86002e-25,0.00249594
0.425885,1.04923,1.45699e-08,3.86546e-25,0.00249663
0.426085,1.04921,1.45745e-08,3.8709e-25,0.00249732
0.426285,1.04918,1.4579e-08,3.87634e-25,0.002498
0.426485,1.04915,1.45836e-08,3.88177e-25,0.00249869
0.426685,1.04913,1.45882e-08,3.88721e-25,0.00249938
0.426885,1.0491,1.45927e-08,3.89265e-25,0.00250007
0.427085,1.04907,1.45973e-08,3.89808e-25,0.00250076
0.427285,1.04905,1.46019e-08,3.90352e-25,0.00250145
0.427485,1.04902,1.46064e-08,3.90896e-25,0.00250214
0.427686,1.04899,1.4611e-08,3.91439e-25,0.00250282
0.427886,1.04897,1.46156e-08,3.91983e-25,0.00250351
0.428086,1.04894,1.46201e-08,3.92527e-25,0.0025042
0.428286,1.04891,1.46247e-08,3.93071e-25,0.00250489
0.428486,1.04889,1.46293e-08,3.93614e-25,0.00250558
0.428686,1.04886,1.46338e-08,3.94158e-25,0.00250627
0.428886,1.04883,1.46384e-08,3.94702e-25,0.00250696
0.429086,1.04881,1.4643e-08,3.95245e-25,0.00250764
0.429286,1.04878,1.46475e-08,3.95789e-25,0.00250833
0.429486,1.04875,1.46521e-08,3.96333e-25,0.00250902
0.429686,1.04873,1.46567e-08,3.96877e-25,0.00250971
0.429886,1.0487,1.46612e-08,3.9742e-25,0.0025104
0.430086,1.04867,1.46658e-08,3.97964e-25,0.00251109
0.430286,1.04865,1.46704e-08,3.98508e-25,0.00251178
0.430486,1.04862,1.46749e-08,3.99051e-25,0.00251246
0.430686,1.04859,1.46795e-08,3.99595e-25,0.00251315
0.430886,1.04857,1.46841e-08,4.00139e-25,0.00251384
0.431086,1.04854,1.46886e-08,4.00683e-25,0.00251453
0.431286,1.04851,1.46932e-08,4.01226e-25,0.00251522
0.431486,1.04849,1.46978e-08,4.0177e-25,0.00251591
0.431686,1.04846,1.47023e-08,4.02314e-25,0.0025166
0.431886,1.04844,1.47069e-08,4.02857e-25,0.00251728
0.432086,1.04841,1.47115e-08,4.03401e-25,0.00251797
0.432286,1.04838,1.4716e-08,4.03945e-25,0.00251866
0.432486,1.04836,1.47206e-08,4.04489e-25,0.00251935
0.432687,1.04833,1.47252e-08,4.05032e-25,0.00252004
0.432887,1.0483,1.47297e-08,4.05576e-25,0.00252073
0.433087,1.04828,1.47343e-08,4.0612e-25,0.00252142
0.433287,1.04825,1.47389e-08,4.06663e-25,0.0025221
0.433487,1.04822,1.47434e-08,4.07207e-25,0.00252279
0.433687,1.0482,1.4748e-08,4.07751e-25,0.00252348
0.433887,1.04817,1.47526e-08,4.08294e-25,0.00252417
0.434087,1.04814,1.47571e-08,4.08838e-25,0.00252486
0.434287,1.04812,1.47617e-08,4.09382e-25,0.00252555
0.434487,1.04809,1.47663e-08,4.09926e-25,0.00252624
0.434687,1.04806,1.47708e-08,4.10469e-25,0.00252692
0.434887,1.04804,1.47754e-08,4.11013e-25,0.00252761
0.435087,1.04801,1.478e-08,4.11557e-25,0.0025283
0.435287,1.04798,1.47845e-08,4.121e-25,0.00252899
0.435487,1.04796,1.47891e-08,4.12644e-25,0.00252968
0.435687,1.04793,1.47937e-08,4.13188e-25,0.00253037
0.435887,1.0479,1.47982e-08,4.13732e-25,0.00253106
0.436087,1.04788,1.48028e-08,4.14275e-25,0.00253174
0.436287,1.04785,1.48074e-08,4.14819e-25,0.00253243
0.436487,1.04782,1.48116e-08,4.14984e-25,0.00253312
0.436687,1.04779,1.48128e-08,4.1236e-25,0.00253382
0.436887,1.04777,1.48141e-08,4.09735e-25,0.00253453
0.437087,1.04774,1.48154e-08,4.07111e-25,0.00253523
0.437287,1.04771,1.48167e-08,4.04486e-25,0.00253593
0.437487,1.04768,1.4818e-08,4.01861e-25,0.00253663
0.437688,1.04765,1.48192e-08,3.99237e-25,0.00253733
0.437888,1.04762,1.48205e-08,3.96612e-25,0.00253803
0.438088,1.04759,1.48218e-08,3.93988e-25,0.00253873
0.438288,1.04756,1.48231e-08,3.91363e-25,0.00253944
0.438488,1.04753,1.48244e-08,3.88739e-25,0.00254014
0.438688,1.0475,1.48257e-08,3.86114e-25,0.00254084
0.438888,1.04747,1.48269e-08,3.83489e-25,0.00254154
0.439088,1.04744,1.48282e-08,3.80865e-25,0.00254224
0.439288,1.04742,1.48295e-08,3.7824e-25,0.00254294
0.439488,1.04739,1.48308e-08,3.75616e-25,0.00254364
0.439688,1.04736,1.48321e-08,3.72991e-25,0.00254435
0.439888,1.04733,1.48334e-08,3.70367e-25,0.00254505
0.440088,1.0473,1.48346e-08,3.67742e-25,0.00254575
0.440288,1.04727,1.48359e-08,3.65117e-25,0.00254645
0.440488,1.04724,1.48372e-08,3.62493e-25,0.00254715
0.440688,1.04721,1.48385e-08,3.59868e-25,0.00254785
0.440888,1.04718,1.48398e-08,3.57244e-25,0.00254855
0.441088,1.04715,1.48411e-08,3.54619e-25,0.00254925
0.441288,1.04712,1.48423e-08,3.51995e-25,0.00254996
0.441488,1.04709,1.48436e-08,3.4937e-25,0.00255066
0.441688,1.04707,1.48449e-08,3.46745e-25,0.00255136
0.441888,1.04704,1.48462e-08,3.44121e-25,0.00255206
0.442088,1.04701,1.48475e-08,3.41496e-25,0.00255276
0.442288,1.04698,1.48487e-08,3.38872e-25,0.00255346
0.442488,1.04695,1.485e-08,3.36247e-25,0.00255416
0.442689,1.04692,1.48513e-08,3.33622e-25,0.00255487
0.442889,1.04689,1.48526e-08,3.30998e-25,0.00255557
0.443089,1.04686,1.48539e-08,3.28373e-25,0.00255627
0.443289,1.04683,1.48552e-08,3.25749e-25,0.00255697
0.443489,1.0468,1.48564e-08,3.23124e-25,0.00255767
0.443689,1.04677,1.48577e-08,3.205e-25,0.00255837
0.443889,1.04674,1.4859e-08,3.17875e-25,0.00255907
0.444089,1.04672,1.48603e-08,3.1525e-25,0.00255978
0.444289,1.04669,1.48616e-08,3.12626e-25,0.00256048
0.444489,1.04666,1.48629e-08,3.10001e-25,0.00256118
0.444689,1.04663,1.48641e-08,3.07377e-25,0.00256188
0.444889,1.0466,1.48654e-08,3.04752e-25,0.00256258
0.445089,1.04657,1.48667e-08,3.02128e-25,0.00256328
0.445289,1.04654,1.4868e-08,2.99503e-25,0.00256398
0.445489,1.04651,1.48693e-08,2.96878e-25,0.00256469
0.445689,1.04648,1.48706e-08,2.94254e-25,0.00256539
0.445889,1.04645,1.48718e-08,2.91629e-25,0.00256609
0.446089,1.04642,1.48731e-08,2.89005e-25,0.00256679
0.446289,1.04639,1.48744e-08,2.8638e-25,0.00256749
0.446489,1.04637,1.48757e-08,2.83756e-25,0.00256819
0.446689,1.04634,1.4877e-08,2.81131e-25,0.00256889
0.446889,1.04631,1.48782e-08,2.78506e-25,0.0025696
0.447089,1.04628,1.48795e-08,2.75882e-25,0.0025703
0.447289,1.04625,1.48808e-08,2.73257e-25,0.002571
0.447489,1.04622,1.48821e-08,2.70633e-25,0.0025717
0.44769,1.04619,1.48834e-08,2.68008e-25,0.0025724
0.44789,1.04616,1.48847e-08,2.65384e-25,0.0025731
0.44809,1.04613,1.48859e-08,2.62759e-25,0.0025738
0.44829,1.0461,1.48872e-08,2.60134e-25,0.00257451
0.44849,1.04607,1.48885e-08,2.5751e-25,0.00257521
0.44869,1.04604,1.48898e-08,2.54885e-25,0.00257591
0.44889,1.04602,1.48911e-08,2.52261e-25,0.00257661
0.44909,1.04599,1.48924e-08,2.49636e-25,0.00257731
0.44929,1.04596,1.48936e-08,2.47012e-25,0.00257801
0.44949,1.04593,1.48949e-08,2.44387e-25,0.00257871
0.44969,1.0459,1.48962e-08,2.41762e-25,0.00257942
0.44989,1.04587,1.48975e-08,2.39138e-25,0.00258012
0.45009,1.04584,1.48988e-08,2.36513e-25,0.00258082
0.45029,1.04581,1.49001e-08,2.33889e-25,0.00258152
0.45049,1.04578,1.49013e-08,2.31264e-25,0.00258222
0.45069,1.04575,1.49026e-08,2.28639e-25,0.00258292
0.45089,1.04572,1.49039e-08,2.26015e-25,0.00258362
0.45109,1.0457,1.49052e-08,2.2339e-25,0.00258433
0.45129,1.04567,1.49065e-08,2.20766e-25,0.00258503
0.45149,1.04564,1.49078e-08,2.18141e-25,0.00258573
0.45169,1.04561,1.4909e-08,2.15517e-25,0.00258643
0.45189,1.04558,1.49103e-08,2.12892e-25,0.00258713
0.45209,1.04555,1.49116e-08,2.10267e-25,0.00258783
0.45229,1.04552,1.49129e-08,2.07643e-25,0.00258853
0.45249,1.04549,1.49142e-08,2.05018e-25,0.00258923
0.452691,1.04546,1.49154e-08,2.02394e-25,0.00258994
0.452891,1.04543,1.49167e-08,1.99769e-25,0.00259064
0.453091,1.0454,1.4918e-08,1.97145e-25,0.00259134
0.453291,1.04537,1.49193e-08,1.9452e-25,0.00259204
0.453491,1.04535,1.49206e-08,1.91895e-25,0.00259274
0.453691,1.04532,1.49219e-08,1.89271e-25,0.00259344
0.453891,1.04529,1.49231e-08,1.86646e-25,0.00259414
0.454091,1.04526,1.49244e-08,1.84022e-25,0.00259485
0.454291,1.04523,1.49257e-08,1.81397e-25,0.00259555
0.454491,1.0452,1.4927e-08,1.78773e-25,0.00259625
0.454691,1.04517,1.49283e-08,1.76148e-25,0.00259695
0.454891,1.04514,1.49296e-08,1.73523e-25,0.00259765
0.455091,1.04511,1.49308e-08,1.70899e-25,0.00259835
0.455291,1.04508,1.49321e-08,1.68274e-25,0.00259905
0.455491,1.04505,1.49334e-08,1.6565e-25,0.00259976
0.455691,1.04502,1.49347e-08,1.63025e-25,0.00260046
0.455891,1.045,1.4936e-08,1.60401e-25,0.00260116
0.456091,1.04497,1.49373e-08,1.57776e-25,0.00260186
0.456291,1.04494,1.49385e-08,1.55151e-25,0.00260256
0.456491,1.04491,1.49398e-08,1.52527e-25,0.00260326
0.456691,1.04488,1.49411e-08,1.49902e-25,0.00260396
0.456891,1.04485,1.49424e-08,1.47278e-25,0.00260467
0.457091,1.04482,1.49437e-08,1.44653e-25,0.00260537
0.457291,1.04479,1.49449e-08,1.42028e-25,0.00260607
0.457491,1.04476,1.49462e-08,1.39404e-25,0.00260677
0.457692,1.04473,1.49475e-08,1.36779e-25,0.00260747
0.457892,1.0447,1.49488e-08,1.34155e-25,0.00260817
0.458092,1.04467,1.49501e-08,1.3153e-25,0.00260887
0.458292,1.04465,1.49514e-08,1.28906e-25,0.00260958
0.458492,1.04462,1.49526e-08,1.26281e-25,0.00261028
0.458692,1.04459,1.49539e-08,1.23656e-25,0.00261098
0.458892,1.04456,1.49552e-08,1.21032e-25,0.00261168
0.459092,1.04453,1.49565e-08,1.18407e-25,0.00261238
0.459292,1.0445,1.49578e-08,1.15783e-25,0.00261308
0.459492,1.04447,1.49591e-08,1.13158e-25,0.00261378
0.459692,1.04444,1.49603e-08,1.10534e-25,0.00261449
0.459892,1.04441,1.49616e-08,1.07909e-25,0.00261519
0.460092,1.04438,1.49629e-08,1.05284e-25,0.00261589
0.460292,1.04435,1.49642e-08,1.0266e-25,0.00261659
0.460492,1.04432,1.49655e-08,1.00035e-25,0.00261729
0.460692,1.0443,1.49668e-08,9.74107e-26,0.00261799
0.460892,1.04427,1.4968e-08,9.47861e-26,0.00261869
0.461092,1.04424,1.49693e-08,9.21616e-26,0.0026194
0.461292,1.04421,1.49706e-08,8.9537e-26,0.0026201
0.461492,1.04418,1.49719e-08,8.69124e-26,0.0026208
0.461692,1.04415,1.49732e-08,8.42878e-26,0.0026215
0.461892,1.04412,1.49744e-08,8.16633e-26,0.0026222
0.462092,1.04409,1.49757e-08,7.90387e-26,0.0026229
0.462292,1.04406,1.4977e-08,7.64141e-26,0.0026236
0.462492,1.04403,1.49783e-08,7.37895e-26,0.00262431
0.462693,1.044,1.49796e-08,7.1165e-26,0.00262501
0.462893,1.04397,1.49809e-08,6.85404e-26,0.00262571
0.463093,1.04395,1.49821e-08,6.59158e-26,0.00262641
0.463293,1.04392,1.49834e-08,6.32912e-26,0.00262711
0.463493,1.04389,1.49847e-08,6.06667e-26,0.00262781
0.463693,1.04386,1.4986e-08,5.80421e-26,0.00262851
0.463893,1.04383,1.49873e-08,5.54175e-26,0.00262922
0.464093,1.0438,1.49886e-08,5.27929e-26,0.00262992
0.464293,1.04377,1.49898e-08,5.01683e-26,0.00263062
0.464493,1.04374,1.49911e-08,4.75438e-26,0.00263132
0.464693,1.04371,1.49924e-08,4.49192e-26,0.00263202
0.464893,1.04368,1.49937e-08,4.22946e-26,0.00263272
0.465093,1.04365,1.4995e-08,3.967e-26,0.00263342
0.465293,1.04362,1.49963e-08,3.70455e-26,0.00263412
0.465493,1.0436,1.49975e-08,3.44209e-26,0.00263483
0.465693,1.04357,1.49988e-08,3.17963e-26,0.00263553
0.465893,1.04354,1.50001e-08,2.91717e-26,0.00263623
0.466093,1.04351,1.50015e-08,2.63421e-26,0.00263699
0.466293,1.04347,1.50029e-08,2.34416e-26,0.00263776
0.466493,1.04344,1.50043e-08,2.05411e-26,0.00263854
0.466693,1.04341,1.50057e-08,1.76406e-26,0.00263931
0.466893,1.04338,1.50072e-08,1.47401e-26,0.00264009
0.467093,1.04334,1.50086e-08,1.18396e-26,0.00264086
0.467293,1.04331,1.501e-08,8.93907e-27,0.00264164
0.467493,1.04328,1.50114e-08,6.03856e-27,0.00264241
0.467694,1.04325,1.50128e-08,3.13805e-27,0.00264319
0.467894,1.04322,1.50142e-08,2.37546e-28,0.00264396
0.468094,1.04318,1.50157e-08,-2.66296e-27,0.00264474
0.468294,1.04315,1.50171e-08,-5.56347e-27,0.00264551
0.468494,1.04312,1.50185e-08,-8.46398e-27,0.00264629
0.468694,1.04309,1.50199e-08,-1.13645e-26,0.00264706
0.468894,1.04305,1.50213e-08,-1.4265e-26,0.00264784
0.469094,1.04302,1.50227e-08,-1.71655e-26,0.00264861
0.469294,1.04299,1.50242e-08,-2.0066e-26,0.00264939
0.469494,1.04296,1.50256e-08,-2.29665e-26,0.00265016
0.469694,1.04293,1.5027e-08,-2.5867e-26,0.00265094
0.469894,1.04289,1.50284e-08,-2.87675e-26,0.00265171
0.470094,1.04286,1.50298e-08,-3.1668e-26,0.00265249
0.470294,1.04283,1.50313e-08,-3.45685e-26,0.00265326
0.470494,1.0428,1.50327e-08,-3.7469e-26,0.00265404
0.470694,1.04276,1.50341e-08,-4.03696e-26,0.00265481
0.470894,1.04273,1.50355e-08,-4.32701e-26,0.00265559
0.471094,1.0427,1.50369e-08,-4.61706e-26,0.00265636
0.471294,1.04267,1.50383e-08,-4.90711e-26,0.00265714
0.471494,1.04264,1.50398e-08,-5.19716e-26,0.00265791
0.471694,1.0426,1.50412e-08,-5.48721e-26,0.00265869
0.471894,1.04257,1.50426e-08,-5.77726e-26,0.00265946
0.472094,1.04254,1.5044e-08,-6.06731e-26,0.00266024
0.472294,1.04251,1.50454e-08,-6.35736e-26,0.00266101
0.472494,1.04247,1.50468e-08,-6.64741e-26,0.00266179
0.472695,1.04244,1.50483e-08,-6.93746e-26,0.00266257
0.472895,1.04241,1.50497e-08,-7.22751e-26,0.00266334
0.473095,1.04238,1.50511e-08,-7.51756e-26,0.00266412
0.473295,1.04235,1.50525e-08,-7.80761e-26,0.00266489
0.473495,1.04231,1.50539e-08,-8.09767e-26,0.00266567
0.473695,1.04228,1.50553e-08,-8.38772e-26,0.00266644
0.473895,1.04225,1.50568e-08,-8.67777e-26,0.00266722
0.474095,1.04222,1.50582e-08,-8.96782e-26,0.00266799
0.474295,1.04218,1.50596e-08,-9.25787e-26,0.00266877
0.474495,1.04215,1.5061e-08,-9.54792e-26,0.00266954
0.474695,1.04212,1.50624e-08,-9.83797e-26,0.00267032
0.474895,1.04209,1.50639e-08,-1.0128e-25,0.00267109
0.475095,1.04206,1.50653e-08,-1.04181e-25,0.00267187
0.475295,1.04202,1.50667e-08,-1.07081e-25,0.00267264
0.475495,1.04199,1.50681e-08,-1.09982e-25,0.00267342
0.475695,1.04196,1.50695e-08,-1.12882e-25,0.00267419
0.475895,1.04193,1.50709e-08,-1.15783e-25,0.00267497
0.476095,1.04189,1.50724e-08,-1.18683e-25,0.00267574
0.476295,1.04186,1.50738e-08,-1.21584e-25,0.00267652
0.476495,1.04183,1.50752e-08,-1.24484e-25,0.00267729
0.476695,1.0418,1.50766e-08,-1.27385e-25,0.00267807
0.476895,1.04177,1.5078e-08,-1.30285e-25,0.00267884
0.477095,1.04173,1.50794e-08,-1.33186e-25,0.00267962
0.477295,1.0417,1.50809e-08,-1.36086e-25,0.00268039
0.477495,1.04167,1.50823e-08,-1.38987e-25,0.00268117
0.477696,1.04164,1.50837e-08,-1.41887e-25,0.00268194
0.477896,1.0416,1.50851e-08,-1.44788e-25,0.00268272
0.478096,1.04157,1.50865e-08,-1.47688e-25,0.00268349
0.478296,1.04154,1.5088e-08,-1.50589e-25,0.00268427
0.478496,1.04151,1.50894e-08,-1.53489e-25,0.00268504
0.478696,1.04148,1.50908e-08,-1.5639e-25,0.00268582
0.478896,1.04144,1.50922e-08,-1.5929e-25,0.00268659
0.479096,1.04141,1.50936e-08,-1.62191e-25,0.00268737
0.479296,1.04138,1.5095e-08,-1.65091e-25,0.00268814
0.479496,1.04135,1.50965e-08,-1.67992e-25,0.00268892
0.479696,1.04131,1.50979e-08,-1.70892e-25,0.0026897
0.479896,1.04128,1.50993e-08,-1.73793e-25,0.00269047
0.480096,1.04125,1.51007e-08,-1.76693e-25,0.00269125
0.480296,1.04122,1.51021e-08,-1.79594e-25,0.00269202
0.480496,1.04119,1.51035e-08,-1.82494e-25,0.0026928
0.480696,1.04115,1.5105e-08,-1.85395e-25,0.00269357
0.480896,1.04112,1.51064e-08,-1.88295e-25,0.00269435
0.481096,1.04109,1.51078e-08,-1.91196e-25,0.00269512
0.481296,1.04106,1.51092e-08,-1.94096e-25,0.0026959
0.481496,1.04102,1.51106e-08,-1.96997e-25,0.00269667
0.481696,1.04099,1.51121e-08,-1.99897e-25,0.00269745
0.481896,1.04096,1.51135e-08,-2.02798e-25,0.00269822
0.482096,1.04093,1.51149e-08,-2.05698e-25,0.002699
0.482296,1.0409,1.51163e-08,-2.08599e-25,0.00269977
0.482496,1.04086,1.51177e-08,-2.11499e-25,0.00270055
0.482697,1.04083,1.51191e-08,-2.144e-25,0.00270132
0.482897,1.0408,1.51206e-08,-2.173e-25,0.0027021
0.483097,1.04077,1.5122e-08,-2.20201e-25,0.00270287
0.483297,1.04073,1.51234e-08,-2.23102e-25,0.00270365
0.483497,1.0407,1.51248e-08,-2.26002e-25,0.00270442
0.483697,1.04067,1.51262e-08,-2.28903e-25,0.0027052
0.483897,1.04064,1.51276e-08,-2.31803e-25,0.00270597
0.484097,1.04061,1.51291e-08,-2.34704e-25,0.00270675
0.484297,1.04057,1.51305e-08,-2.37604e-25,0.00270752
0.484497,1.04054,1.51319e-08,-2.40505e-25,0.0027083
0.484697,1.04051,1.51333e-08,-2.43405e-25,0.00270907
0.484897,1.04048,1.51347e-08,-2.46306e-25,0.00270985
0.485097,1.04044,1.51361e-08,-2.49206e-25,0.00271062
0.485297,1.04041,1.51376e-08,-2.52107e-25,0.0027114
0.485497,1.04038,1.5139e-08,-2.55007e-25,0.00271217
0.485697,1.04035,1.51404e-08,-2.57908e-25,0.00271295
0.485897,1.04032,1.51418e-08,-2.60808e-25,0.00271372
0.486097,1.04028,1.51432e-08,-2.63709e-25,0.0027145
0.486297,1.04025,1.51447e-08,-2.66609e-25,0.00271528
0.486497,1.04022,1.51461e-08,-2.6951e-25,0.00271605
0.486697,1.04019,1.51475e-08,-2.7241e-25,0.00271683
0.486897,1.04015,1.51489e-08,-2.75311e-25,0.0027176
0.487097,1.04012,1.51503e-08,-2.78211e-25,0.00271838
0.487297,1.04009,1.51517e-08,-2.81112e-25,0.00271915
0.487497,1.04006,1.51532e-08,-2.84012e-25,0.00271993
0.487698,1.04003,1.51546e-08,-2.86913e-25,0.0027207
0.487898,1.03999,1.5156e-08,-2.89813e-25,0.00272148
0.488098,1.03996,1.51574e-08,-2.92714e-25,0.00272225
0.488298,1.03993,1.51588e-08,-2.95614e-25,0.00272303
0.488498,1.0399,1.51602e-08,-2.98515e-25,0.0027238
0.488698,1.03986,1.51617e-08,-3.01415e-25,0.00272458
0.488898,1.03983,1.51631e-08,-3.04316e-25,0.00272535
0.489098,1.0398,1.51645e-08,-3.07216e-25,0.00272613
0.489298,1.03977,1.51659e-08,-3.10117e-25,0.0027269
0.489498,1.03974,1.51673e-08,-3.13017e-25,0.00272768
0.489698,1.0397,1.51688e-08,-3.15918e-25,0.00272845
0.489898,1.03967,1.51702e-08,-3.18818e-25,0.00272923
0.490098,1.03964,1.51716e-08,-3.21719e-25,0.00273
0.490298,1.03961,1.5173e-08,-3.24619e-25,0.00273078
0.490498,1.03957,1.51744e-08,-3.2752e-25,0.00273155
0.490698,1.03954,1.51758e-08,-3.3042e-25,0.00273233
0.490898,1.03951,1.51773e-08,-3.33321e-25,0.0027331
0.491098,1.03948,1.51787e-08,-3.36221e-25,0.00273388
0.491298,1.03945,1.51801e-08,-3.39122e-25,0.00273465
0.491498,1.03941,1.51815e-08,-3.42022e-25,0.00273543
0.491698,1.03938,1.51829e-08,-3.44923e-25,0.0027362
0.491898,1.03935,1.51843e-08,-3.47823e-25,0.00273698
0.492098,1.03932,1.51858e-08,-3.50724e-25,0.00273775
0.492298,1.03928,1.51872e-08,-3.53624e-25,0.00273853
0.492498,1.03925,1.51886e-08,-3.56525e-25,0.0027393
0.492699,1.03922,1.51863e-08,-3.51681e-25,0.00274007
0.492899,1.03918,1.51837e-08,-3.46063e-25,0.00274084
0.493099,1.03915,1.51811e-08,-3.40445e-25,0.0027416
0.493299,1.03911,1.51784e-08,-3.34826e-25,0.00274237
0.493499,1.03908,1.51758e-08,-3.29208e-25,0.00274314
0.493699,1.03904,1.51732e-08,-3.2359e-25,0.0027439
0.493899,1.03901,1.51706e-08,-3.17972e-25,0.00274467
0.494099,1.03898,1.51679e-08,-3.12354e-25,0.00274544
0.494299,1.03894,1.51653e-08,-3.06736e-25,0.0027462
0.494499,1.03891,1.51627e-08,-3.01118e-25,0.00274697
0.494699,1.03887,1.516e-08,-2.955e-25,0.00274774
0.494899,1.03884,1.51574e-08,-2.89882e-25,0.0027485
0.495099,1.0388,1.51548e-08,-2.84264e-25,0.00274927
0.495299,1.03877,1.51521e-08,-2.78645e-25,0.00275004
0.495499,1.03873,1.51495e-08,-2.73027e-25,0.0027508
0.495699,1.0387,1.51469e-08,-2.67409e-25,0.00275157
0.495899,1.03867,1.51442e-08,-2.61791e-25,0.00275233
0.496099,1.03863,1.51416e-08,-2.56173e-25,0.0027531
0.496299,1.0386,1.5139e-08,-2.50555e-25,0.00275387
0.496499,1.03856,1.51364e-08,-2.44937e-25,0.00275463
0.496699,1.03853,1.51337e-08,-2.39319e-25,0.0027554
0.496899,1.03849,1.51311e-08,-2.33701e-25,0.00275617
0.497099,1.03846,1.51285e-08,-2.28083e-25,0.00275693
0.497299,1.03842,1.51258e-08,-2.22465e-25,0.0027577
0.497499,1.03839,1.51232e-08,-2.16846e-25,0.00275847
0.4977,1.03835,1.51206e-08,-2.11228e-25,0.00275923
0.4979,1.03832,1.51179e-08,-2.0561e-25,0.00276
0.4981,1.03829,1.51153e-08,-1.99992e-25,0.00276077
0.4983,1.03825,1.51127e-08,-1.94374e-25,0.00276153
0.4985,1.03822,1.51101e-08,-1.88756e-25,0.0027623
0.4987,1.03818,1.51074e-08,-1.83138e-25,0.00276306
0.4989,1.03815,1.51048e-08,-1.7752e-25,0.00276383
0.4991,1.03811,1.51022e-08,-1.71902e-25,0.0027646
0.4993,1.03808,1.50995e-08,-1.66284e-25,0.00276536
0.4995,1.03804,1.50969e-08,-1.60665e-25,0.00276613
0.4997,1.03801,1.50943e-08,-1.55047e-25,0.0027669
0.4999,1.03797,1.50916e-08,-1.49429e-25,0.00276766
0.5001,1.03794,1.5089e-08,-1.43811e-25,0.00276843
0.5003,1.03791,1.50864e-08,-1.38193e-25,0.0027692
0.5005,1.03787,1.50838e-08,-1.32575e-25,0.00276996
0.5007,1.03784,1.50811e-08,-1.26957e-25,0.00277073
0.5009,1.0378,1.50785e-08,-1.21339e-25,0.0027715
0.5011,1.03777,1.50759e-08,-1.15721e-25,0.00277226
0.5013,1.03773,1.50732e-08,-1.10103e-25,0.00277303
0.5015,1.0377,1.50706e-08,-1.04485e-25,0.00277379
0.5017,1.03766,1.5068e-08,-9.88664e-26,0.00277456
0.5019,1.03763,1.50653e-08,-9.32483e-26,0.00277533
0.5021,1.0376,1.50627e-08,-8.76302e-26,0.00277609
0.5023,1.03756,1.50601e-08,-8.20121e-26,0.00277686
0.502501,1.03753,1.50574e-08,-7.6394e-26,0.00277763
0.502701,1.03749,1.50548e-08,-7.07759e-26,0.00277839
0.502901,1.03746,1.50522e-08,-6.51578e-26,0.00277916
0.503101,1.03742,1.50496e-08,-5.95397e-26,0.00277993
0.503301,1.03739,1.50469e-08,-5.39216e-26,0.00278069
0.503501,1.03735,1.50443e-08,-4.83035e-26,0.00278146
0.503701,1.03732,1.50417e-08,-4.26854e-26,0.00278223
0.503901,1.03728,1.5039e-08,-3.70673e-26,0.00278299
0.504101,1.03725,1.50364e-08,-3.14492e-26,0.00278376
0.504301,1.03722,1.50338e-08,-2.58311e-26,0.00278452
0.504501,1.03718,1.50311e-08,-2.02131e-26,0.00278529
0.504701,1.03715,1.50285e-08,-1.4595e-26,0.00278606
0.504901,1.03711,1.50259e-08,-8.97686e-27,0.00278682
0.505101,1.03708,1.50233e-08,-3.35876e-27,0.00278759
0.505301,1.03704,1.50206e-08,2.25933e-27,0.00278836
0.505501,1.03701,1.5018e-08,7.87743e-27,0.00278912
0.505701,1.03697,1.50154e-08,1.34955e-26,0.00278989
0.505901,1.03694,1.50127e-08,1.91136e-26,0.00279066
0.506101,1.0369,1.50101e-08,2.47317e-26,0.00279142
0.506301,1.03687,1.50075e-08,3.03498e-26,0.00279219
0.506501,1.03684,1.50048e-08,3.59679e-26,0.00279296
0.506701,1.0368,1.50022e-08,4.1586e-26,0.00279372
0.506901,1.03677,1.49996e-08,4.72041e-26,0.00279449
0.507101,1.03673,1.49969e-08,5.28222e-26,0.00279525
0.507301,1.0367,1.49943e-08,5.84403e-26,0.00279602
0.507502,1.03666,1.49917e-08,6.40584e-26,0.00279679
0.507702,1.03663,1.49891e-08,6.96765e-26,0.00279755
0.507902,1.03659,1.49864e-08,7.52946e-26,0.00279832
0.508102,1.03656,1.49838e-08,8.09127e-26,0.00279909
0.508302,1.03652,1.49812e-08,8.65308e-26,0.00279985
0.508502,1.03649,1.49785e-08,9.21489e-26,0.00280062
0.508702,1.03646,1.49759e-08,9.7767e-26,0.00280139
0.508902,1.03642,1.49733e-08,1.03385e-25,0.00280215
0.509102,1.03639,1.49706e-08,1.09003e-25,0.00280292
0.509302,1.03635,1.4968e-08,1.14621e-25,0.00280368
0.509502,1.03632,1.49654e-08,1.20239e-25,0.00280445
0.509702,1.03628,1.49628e-08,1.25857e-25,0.00280522
0.509902,1.03625,1.49601e-08,1.31476e-25,0.00280598
0.510102,1.03621,1.49575e-08,1.37094e-25,0.00280675
0.510302,1.03618,1.49549e-08,1.42712e-25,0.00280752
0.510502,1.03615,1.49522e-08,1.4833e-25,0.00280828
0.510702,1.03611,1.49496e-08,1.53948e-25,0.00280905
0.510902,1.03608,1.4947e-08,1.59566e-25,0.00280982
0.511102,1.03604,1.49443e-08,1.65184e-25,0.00281058
0.511302,1.03601,1.49417e-08,1.70802e-25,0.00281135
0.511502,1.03597,1.49391e-08,1.7642e-25,0.00281212
0.511702,1.03594,1.49365e-08,1.82038e-25,0.00281288
0.511902,1.0359,1.49338e-08,1.87657e-25,0.00281365
0.512102,1.03587,1.49312e-08,1.93275e-25,0.00281441
0.512302,1.03583,1.49286e-08,1.98893e-25,0.00281518
0.512503,1.0358,1.49259e-08,2.04511e-25,0.00281595
0.512703,1.03577,1.49233e-08,2.10129e-25,0.00281671
0.512903,1.03573,1.49207e-08,2.15747e-25,0.00281748
0.513103,1.0357,1.4918e-08,2.21365e-25,0.00281825
0.513303,1.03566,1.49154e-08,2.26983e-25,0.00281901
0.513503,1.03563,1.49128e-08,2.32601e-25,0.00281978
0.513703,1.03559,1.49101e-08,2.38219e-25,0.00282055
0.513903,1.03556,1.49075e-08,2.43837e-25,0.00282131
0.514103,1.03552,1.49049e-08,2.49456e-25,0.00282208
0.514303,1.03549,1.49023e-08,2.55074e-25,0.00282285
0.514503,1.03545,1.48996e-08,2.60692e-25,0.00282361
0.514703,1.03542,1.4897e-08,2.6631e-25,0.00282438
0.514903,1.03539,1.48944e-08,2.71928e-25,0.00282514
0.515103,1.03535,1.48917e-08,2.77546e-25,0.00282591
0.515303,1.03532,1.48891e-08,2.83164e-25,0.00282668
0.515503,1.03528,1.48865e-08,2.88782e-25,0.00282744
0.515703,1.03525,1.48838e-08,2.944e-25,0.00282821
0.515903,1.03521,1.48812e-08,3.00018e-25,0.00282898
0.516103,1.03518,1.48786e-08,3.05637e-25,0.00282974
0.516303,1.03514,1.4876e-08,3.11255e-25,0.00283051
0.516503,1.03511,1.48733e-08,3.16873e-25,0.00283128
0.516703,1.03508,1.48707e-08,3.22491e-25,0.00283204
0.516903,1.03504,1.48681e-08,3.28109e-25,0.00283281
0.517103,1.03501,1.48654e-08,3.33727e-25,0.00283358
0.517303,1.03497,1.48628e-08,3.39345e-25,0.00283434
0.517504,1.03494,1.48602e-08,3.44963e-25,0.00283511
0.517704,1.0349,1.48575e-08,3.50581e-25,0.00283587
0.517904,1.03487,1.48549e-08,3.56199e-25,0.00283664
0.518104,1.03483,1.48523e-08,3.61818e-25,0.00283741
0.518304,1.0348,1.48497e-08,3.67436e-25,0.00283817
0.518504,1.03476,1.4847e-08,3.73054e-25,0.00283894
0.518704,1.03473,1.48444e-08,3.78672e-25,0.00283971
0.518904,1.0347,1.48418e-08,3.8429e-25,0.00284047
0.519104,1.03466,1.48391e-08,3.89953e-25,0.00284125
0.519304,1.03462,1.48362e-08,3.96166e-25,0.00284209
0.519504,1.03458,1.48333e-08,4.02379e-25,0.00284294
0.519704,1.03455,1.48304e-08,4.08592e-25,0.00284379
0.519904,1.03451,1.48275e-08,4.14805e-25,0.00284464
0.520104,1.03447,1.48246e-08,4.21019e-25,0.00284548
0.520304,1.03443,1.48217e-08,4.27232e-25,0.00284633
0.520504,1.03439,1.48187e-08,4.33445e-25,0.00284718
0.520704,1.03436,1.48158e-08,4.39658e-25,0.00284803
0.520904,1.03432,1.48129e-08,4.45871e-25,0.00284887
0.521104,1.03428,1.481e-08,4.52084e-25,0.00284972
0.521304,1.03424,1.48071e-08,4.58298e-25,0.00285057
0.521504,1.0342,1.48042e-08,4.64511e-25,0.00285142
0.521704,1.03416,1.48013e-08,4.70724e-25,0.00285226
0.521904,1.03413,1.47984e-08,4.76937e-25,0.00285311
0.522104,1.03409,1.47955e-08,4.8315e-25,0.00285396
0.522304,1.03405,1.47926e-08,4.89364e-25,0.00285481
0.522505,1.03401,1.47897e-08,4.95577e-25,0.00285566
0.522705,1.03397,1.47867e-08,5.0179e-25,0.0028565
0.522905,1.03394,1.47838e-08,5.08003e-25,0.00285735
0.523105,1.0339,1.47809e-08,5.14216e-25,0.0028582
0.523305,1.03386,1.4778e-08,5.20429e-25,0.00285905
0.523505,1.03382,1.47751e-08,5.26643e-25,0.00285989
0.523705,1.03378,1.47722e-08,5.32856e-25,0.00286074
0.523905,1.03374,1.47693e-08,5.39069e-25,0.00286159
0.524105,1.03371,1.47664e-08,5.45282e-25,0.00286244
0.524305,1.03367,1.47635e-08,5.51495e-25,0.00286328
0.524505,1.03363,1.47606e-08,5.57708e-25,0.00286413
0.524705,1.03359,1.47577e-08,5.63922e-25,0.00286498
0.524905,1.03355,1.47548e-08,5.70135e-25,0.00286583
0.525105,1.03352,1.47518e-08,5.76348e-25,0.00286667
0.525305,1.03348,1.47489e-08,5.82561e-25,0.00286752
0.525505,1.03344,1.4746e-08,5.88774e-25,0.00286837
0.525705,1.0334,1.47431e-08,5.94988e-25,0.00286922
0.525905,1.03336,1.47402e-08,6.01201e-25,0.00287006
0.526105,1.03332,1.47373e-08,6.07414e-25,0.00287091
0.526305,1.03329,1.47344e-08,6.13627e-25,0.00287176
0.526505,1.03325,1.47315e-08,6.1984e-25,0.00287261
0.526705,1.03321,1.47286e-08,6.26053e-25,0.00287345
0.526905,1.03317,1.47257e-08,6.32267e-25,0.0028743
0.527105,1.03313,1.47228e-08,6.3848e-25,0.00287515
0.527305,1.0331,1.47198e-08,6.44693e-25,0.002876
0.527506,1.03306,1.47169e-08,6.50906e-25,0.00287685
0.527706,1.03302,1.4714e-08,6.57119e-25,0.00287769
0.527906,1.03298,1.47111e-08,6.63333e-25,0.00287854
0.528106,1.03294,1.47082e-08,6.69546e-25,0.00287939
0.528306,1.0329,1.47053e-08,6.75759e-25,0.00288024
0.528506,1.03287,1.47024e-08,6.81972e-25,0.00288108
0.528706,1.03283,1.46995e-08,6.88185e-25,0.00288193
0.528906,1.03279,1.46966e-08,6.94398e-25,0.00288278
0.529106,1.03275,1.46937e-08,7.00612e-25,0.00288363
0.529306,1.03271,1.46908e-08,7.06825e-25,0.00288447
0.529506,1.03268,1.46878e-08,7.13038e-25,0.00288532
0.529706,1.03264,1.46849e-08,7.19251e-25,0.00288617
0.529906,1.0326,1.4682e-08,7.25464e-25,0.00288702
0.530106,1.03256,1.46791e-08,7.31677e-25,0.00288786
0.530306,1.03252,1.46762e-08,7.37891e-25,0.00288871
0.530506,1.03248,1.46733e-08,7.44104e-25,0.00288956
0.530706,1.03245,1.46704e-08,7.50317e-25,0.00289041
0.530906,1.03241,1.46675e-08,7.5653e-25,0.00289125
0.531106,1.03237,1.46646e-08,7.62743e-25,0.0028921
0.531306,1.03233,1.46617e-08,7.68957e-25,0.00289295
0.531506,1.03229,1.46588e-08,7.7517e-25,0.0028938
0.531706,1.03226,1.46558e-08,7.81383e-25,0.00289465
0.531906,1.03222,1.46529e-08,7.87596e-25,0.00289549
0.532106,1.03218,1.465e-08,7.93809e-25,0.00289634
0.532306,1.03214,1.46471e-08,8.00022e-25,0.00289719
0.532507,1.0321,1.46442e-08,8.06236e-25,0.00289804
0.532707,1.03206,1.46413e-08,8.12449e-25,0.00289888
0.532907,1.03203,1.46384e-08,8.18662e-25,0.00289973
0.533107,1.03199,1.46355e-08,8.24875e-25,0.00290058
0.533307,1.03195,1.46326e-08,8.31088e-25,0.00290143
0.533507,1.03191,1.46297e-08,8.37301e-25,0.00290227
0.533707,1.03187,1.46268e-08,8.43515e-25,0.00290312
0.533907,1.03184,1.46238e-08,8.49728e-25,0.00290397
0.534107,1.0318,1.46209e-08,8.55941e-25,0.00290482
0.534307,1.03176,1.4618e-08,8.62154e-25,0.00290566
0.534507,1.03172,1.46151e-08,8.68367e-25,0.00290651
0.534707,1.03168,1.46122e-08,8.74581e-25,0.00290736
0.534907,1.03164,1.46093e-08,8.80794e-25,0.00290821
0.535107,1.03161,1.46064e-08,8.87007e-25,0.00290905
0.535307,1.03157,1.46035e-08,8.9322e-25,0.0029099
0.535507,1.03153,1.46006e-08,8.99433e-25,0.00291075
0.535707,1.03149,1.45977e-08,9.05646e-25,0.0029116
0.535907,1.03145,1.45948e-08,9.1186e-25,0.00291244
0.536107,1.03142,1.45919e-08,9.18073e-25,0.00291329
0.536307,1.03138,1.45889e-08,9.24286e-25,0.00291414
0.536507,1.03134,1.4586e-08,9.30499e-25,0.00291499
0.536707,1.0313,1.45831e-08,9.36712e-25,0.00291584
0.536907,1.03126,1.45802e-08,9.42926e-25,0.00291668
0.537107,1.03122,1.45773e-08,9.49139e-25,0.00291753
0.537307,1.03119,1.45744e-08,9.55352e-25,0.00291838
0.537508,1.03115,1.45715e-08,9.61565e-25,0.00291923
0.537708,1.03111,1.45686e-08,9.67778e-25,0.00292007
0.537908,1.03107,1.45657e-08,9.73991e-25,0.00292092
0.538108,1.03103,1.45628e-08,9.80205e-25,0.00292177
0.538308,1.031,1.45599e-08,9.86418e-25,0.00292262
0.538508,1.03096,1.45569e-08,9.92631e-25,0.00292346
0.538708,1.03092,1.4554e-08,9.98844e-25,0.00292431
0.538908,1.03088,1.45511e-08,1.00506e-24,0.00292516
0.539108,1.03084,1.45482e-08,1.01127e-24,0.00292601
0.539308,1.0308,1.45453e-08,1.01748e-24,0.00292685
0.539508,1.03077,1.45424e-08,1.0237e-24,0.0029277
0.539708,1.03073,1.45395e-08,1.02991e-24,0.00292855
0.539908,1.03069,1.45366e-08,1.03612e-24,0.0029294
0.540108,1.03065,1.45337e-08,1.04234e-24,0.00293024
0.540308,1.03061,1.45308e-08,1.04855e-24,0.00293109
0.540508,1.03058,1.45279e-08,1.05476e-24,0.00293194
0.540708,1.03054,1.45249e-08,1.06098e-24,0.00293279
0.540908,1.0305,1.4522e-08,1.06719e-24,0.00293363
0.541108,1.03046,1.45191e-08,1.0734e-24,0.00293448
0.541308,1.03042,1.45162e-08,1.07962e-24,0.00293533
0.541508,1.03038,1.45133e-08,1.08583e-24,0.00293618
0.541708,1.03035,1.45104e-08,1.09204e-24,0.00293703
0.541908,1.03031,1.45075e-08,1.09825e-24,0.00293787
0.542108,1.03027,1.45046e-08,1.10447e-24,0.00293872
0.542308,1.03023,1.45017e-08,1.11068e-24,0.00293957
0.542509,1.03019,1.44988e-08,1.11689e-24,0.00294042
0.542709,1.03016,1.44959e-08,1.12311e-24,0.00294126
0.542909,1.03012,1.44929e-08,1.12932e-24,0.00294211
0.543109,1.03008,1.44898e-08,1.13244e-24,0.00294295
0.543309,1.03004,1.4486e-08,1.12976e-24,0.00294377
0.543509,1.03,1.44823e-08,1.12708e-24,0.00294459
0.543709,1.02996,1.44786e-08,1.12441e-24,0.00294541
0.543909,1.02992,1.44749e-08,1.12173e-24,0.00294623
0.544109,1.02988,1.44712e-08,1.11905e-24,0.00294705
0.544309,1.02984,1.44674e-08,1.11638e-24,0.00294787
0.544509,1.0298,1.44637e-08,1.1137e-24,0.00294869
0.544709,1.02976,1.446e-08,1.11103e-24,0.00294951
0.544909,1.02972,1.44563e-08,1.10835e-24,0.00295033
0.545109,1.02968,1.44526e-08,1.10567e-24,0.00295115
0.545309,1.02964,1.44488e-08,1.103e-24,0.00295198
0.545509,1.0296,1.44451e-08,1.10032e-24,0.0029528
0.545709,1.02956,1.44414e-08,1.09764e-24,0.00295362
0.545909,1.02952,1.44377e-08,1.09497e-24,0.00295444
0.546109,1.02948,1.44339e-08,1.09229e-24,0.00295526
0.546309,1.02944,1.44302e-08,1.08961e-24,0.00295608
0.546509,1.0294,1.44265e-08,1.08694e-24,0.0029569
0.546709,1.02936,1.44228e-08,1.08426e-24,0.00295772
0.546909,1.02932,1.44191e-08,1.08158e-24,0.00295854
0.547109,1.02927,1.44153e-08,1.07891e-24,0.00295936
0.547309,1.02923,1.44116e-08,1.07623e-24,0.00296018
0.54751,1.02919,1.44079e-08,1.07356e-24,0.002961
0.54771,1.02915,1.44042e-08,1.07088e-24,0.00296182
0.54791,1.02911,1.44005e-08,1.0682e-24,0.00296264
0.54811,1.02907,1.43967e-08,1.06553e-24,0.00296346
0.54831,1.02903,1.4393e-08,1.06285e-24,0.00296428
0.54851,1.02899,1.43893e-08,1.06017e-24,0.0029651
0.54871,1.02895,1.43856e-08,1.0575e-24,0.00296592
0.54891,1.02891,1.43819e-08,1.05482e-24,0.00296675
0.54911,1.02887,1.43781e-08,1.05214e-24,0.00296757
0.54931,1.02883,1.43744e-08,1.04947e-24,0.00296839
0.54951,1.02879,1.43707e-08,1.04679e-24,0.00296921
0.54971,1.02875,1.4367e-08,1.04411e-24,0.00297003
0.54991,1.02871,1.43633e-08,1.04144e-24,0.00297085
0.55011,1.02867,1.43595e-08,1.03876e-24,0.00297167
0.55031,1.02863,1.43558e-08,1.03608e-24,0.00297249
0.55051,1.02859,1.43521e-08,1.03341e-24,0.00297331
0.55071,1.02855,1.43484e-08,1.03073e-24,0.00297413
0.55091,1.02851,1.43447e-08,1.02806e-24,0.00297495
0.55111,1.02847,1.43409e-08,1.02538e-24,0.00297577
0.55131,1.02843,1.43372e-08,1.0227e-24,0.00297659
0.55151,1.02839,1.43335e-08,1.02003e-24,0.00297741
0.55171,1.02835,1.43298e-08,1.01735e-24,0.00297823
0.55191,1.02831,1.43261e-08,1.01467e-24,0.00297905
0.55211,1.02827,1.43223e-08,1.012e-24,0.00297987
0.55231,1.02823,1.43186e-08,1.00932e-24,0.0029807
0.552511,1.02819,1.43149e-08,1.00664e-24,0.00298152
0.552711,1.02815,1.43112e-08,1.00397e-24,0.00298234
0.552911,1.02811,1.43075e-08,1.00129e-24,0.00298316
0.553111,1.02807,1.43037e-08,9.98615e-25,0.00298398
0.553311,1.02803,1.43e-08,9.95938e-25,0.0029848
0.553511,1.02799,1.42963e-08,9.93262e-25,0.00298562
0.553711,1.02795,1.42926e-08,9.90585e-25,0.00298644
0.553911,1.02791,1.42889e-08,9.87909e-25,0.00298726
0.554111,1.02787,1.42851e-08,9.85232e-25,0.00298808
0.554311,1.02783,1.42814e-08,9.82556e-25,0.0029889
0.554511,1.02779,1.42777e-08,9.79879e-25,0.00298972
0.554711,1.02775,1.4274e-08,9.77203e-25,0.00299054
0.554911,1.02771,1.42703e-08,9.74527e-25,0.00299136
0.555111,1.02767,1.42665e-08,9.7185e-25,0.00299218
0.555311,1.02763,1.42628e-08,9.69174e-25,0.002993
0.555511,1.02759,1.42591e-08,9.66497e-25,0.00299382
0.555711,1.02755,1.42554e-08,9.63821e-25,0.00299464
0.555911,1.02751,1.42516e-08,9.61144e-25,0.00299547
0.556111,1.02747,1.42479e-08,9.58468e-25,0.00299629
0.556311,1.02743,1.42442e-08,9.55791e-25,0.00299711
0.556511,1.02739,1.42405e-08,9.53115e-25,0.00299793
0.556711,1.02735,1.42368e-08,9.50439e-25,0.00299875
0.556911,1.02731,1.4233e-08,9.47762e-25,0.00299957
0.557111,1.02727,1.42293e-08,9.45086e-25,0.00300039
0.557311,1.02722,1.42256e-08,9.42409e-25,0.00300121
0.557512,1.02718,1.42219e-08,9.39733e-25,0.00300203
0.557712,1.02714,1.42182e-08,9.37056e-25,0.00300285
0.557912,1.0271,1.42144e-08,9.3438e-25,0.00300367
0.558112,1.02706,1.42107e-08,9.31703e-25,0.00300449
0.558312,1.02702,1.4207e-08,9.29027e-25,0.00300531
0.558512,1.02698,1.42033e-08,9.26351e-25,0.00300613
0.558712,1.02694,1.41996e-08,9.23674e-25,0.00300695
0.558912,1.0269,1.41958e-08,9.20998e-25,0.00300777
0.559112,1.02686,1.41921e-08,9.18321e-25,0.00300859
0.559312,1.02682,1.41884e-08,9.15645e-25,0.00300941
0.559512,1.02678,1.41847e-08,9.12968e-25,0.00301024
0.559712,1.02674,1.4181e-08,9.10292e-25,0.00301106
0.559912,1.0267,1.41772e-08,9.07615e-25,0.00301188
0.560112,1.02666,1.41735e-08,9.04939e-25,0.0030127
0.560312,1.02662,1.41698e-08,9.02263e-25,0.00301352
0.560512,1.02658,1.41661e-08,8.99586e-25,0.00301434
0.560712,1.02654,1.41624e-08,8.9691e-25,0.00301516
0.560912,1.0265,1.41586e-08,8.94233e-25,0.00301598
0.561112,1.02646,1.41549e-08,8.91557e-25,0.0030168
0.561312,1.02642,1.41512e-08,8.8888e-25,0.00301762
0.561512,1.02638,1.41475e-08,8.86204e-25,0.00301844
0.561712,1.02634,1.41438e-08,8.83527e-25,0.00301926
0.561912,1.0263,1.414e-08,8.80851e-25,0.00302008
0.562112,1.02626,1.41363e-08,8.78175e-25,0.0030209
0.562312,1.02622,1.41326e-08,8.75498e-25,0.00302172
0.562513,1.02618,1.41289e-08,8.72822e-25,0.00302254
0.562713,1.02614,1.41252e-08,8.70145e-25,0.00302336
0.562913,1.0261,1.41214e-08,8.67469e-25,0.00302418
0.563113,1.02606,1.41177e-08,8.64792e-25,0.00302501
0.563313,1.02602,1.4114e-08,8.62116e-25,0.00302583
0.563513,1.02598,1.41103e-08,8.59439e-25,0.00302665
0.563713,1.02594,1.41066e-08,8.56763e-25,0.00302747
0.563913,1.0259,1.41028e-08,8.54087e-25,0.00302829
0.564113,1.02586,1.40991e-08,8.5141e-25,0.00302911
0.564313,1.02582,1.40954e-08,8.48734e-25,0.00302993
0.564513,1.02578,1.40917e-08,8.46057e-25,0.00303075
0.564713,1.02574,1.40879e-08,8.43381e-25,0.00303157
0.564913,1.0257,1.40842e-08,8.40704e-25,0.00303239
0.565113,1.02566,1.40805e-08,8.38028e-25,0.00303321
0.565313,1.02562,1.40768e-08,8.35351e-25,0.00303403
0.565513,1.02558,1.40731e-08,8.32675e-25,0.00303485
0.565713,1.02554,1.40693e-08,8.29998e-25,0.00303567
0.565913,1.0255,1.40656e-08,8.27322e-25,0.00303649
0.566113,1.02546,1.40619e-08,8.24646e-25,0.00303731
0.566313,1.02542,1.40582e-08,8.21969e-25,0.00303813
0.566513,1.02538,1.40545e-08,8.19293e-25,0.00303896
0.566713,1.02534,1.40507e-08,8.16616e-25,0.00303978
0.566913,1.0253,1.4047e-08,8.1394e-25,0.0030406
0.567113,1.02525,1.40431e-08,8.11086e-25,0.00304147
0.567313,1.02521,1.40389e-08,8.08124e-25,0.00304238
0.567514,1.02516,1.40348e-08,8.05163e-25,0.00304329
0.567714,1.02512,1.40307e-08,8.02201e-25,0.0030442
0.567914,1.02507,1.40266e-08,7.99239e-25,0.0030451
0.568114,1.02503,1.40225e-08,7.96278e-25,0.00304601
0.568314,1.02499,1.40184e-08,7.93316e-25,0.00304692
0.568514,1.02494,1.40142e-08,7.90354e-25,0.00304783
0.568714,1.0249,1.40101e-08,7.87393e-25,0.00304874
0.568914,1.02485,1.4006e-08,7.84431e-25,0.00304964
0.569114,1.02481,1.40019e-08,7.81469e-25,0.00305055
0.569314,1.02476,1.39978e-08,7.78508e-25,0.00305146
0.569514,1.02472,1.39937e-08,7.75546e-25,0.00305237
0.569714,1.02467,1.39895e-08,7.72584e-25,0.00305328
0.569914,1.02463,1.39854e-08,7.69623e-25,0.00305418
0.570114,1.02459,1.39813e-08,7.66661e-25,0.00305509
0.570314,1.02454,1.39772e-08,7.63699e-25,0.003056
0.570514,1.0245,1.39731e-08,7.60738e-25,0.00305691
0.570714,1.02445,1.3969e-08,7.57776e-25,0.00305782
0.570914,1.02441,1.39648e-08,7.54814e-25,0.00305872
0.571114,1.02436,1.39607e-08,7.51852e-25,0.00305963
0.571314,1.02432,1.39566e-08,7.48891e-25,0.00306054
0.571514,1.02427,1.39525e-08,7.45929e-25,0.00306145
0.571714,1.02423,1.39484e-08,7.42967e-25,0.00306236
0.571914,1.02419,1.39443e-08,7.40006e-25,0.00306326
0.572114,1.02414,1.39401e-08,7.37044e-25,0.00306417
0.572314,1.0241,1.3936e-08,7.34082e-25,0.00306508
0.572515,1.02405,1.39319e-08,7.31121e-25,0.00306599
0.572715,1.02401,1.39278e-08,7.28159e-25,0.0030669
0.572915,1.02396,1.39237e-08,7.25197e-25,0.0030678
0.573115,1.02392,1.39195e-08,7.22236e-25,0.00306871
0.573315,1.02387,1.39154e-08,7.19274e-25,0.00306962
0.573515,1.02383,1.39113e-08,7.16312e-25,0.00307053
0.573715,1.02378,1.39072e-08,7.13351e-25,0.00307144
0.573915,1.02374,1.39031e-08,7.10389e-25,0.00307234
0.574115,1.0237,1.3899e-08,7.07427e-25,0.00307325
0.574315,1.02365,1.38948e-08,7.04466e-25,0.00307416
0.574515,1.02361,1.38907e-08,7.01504e-25,0.00307507
0.574715,1.02356,1.38866e-08,6.98542e-25,0.00307598
0.574915,1.02352,1.38825e-08,6.95581e-25,0.00307688
0.575115,1.02347,1.38784e-08,6.92619e-25,0.00307779
0.575315,1.02343,1.38743e-08,6.89657e-25,0.0030787
0.575515,1.02338,1.38701e-08,6.86696e-25,0.00307961
0.575715,1.02334,1.3866e-08,6.83734e-25,0.00308052
0.575915,1.0233,1.38619e-08,6.80772e-25,0.00308142
0.576115,1.02325,1.38578e-08,6.77811e-25,0.00308233
0.576315,1.02321,1.38537e-08,6.74849e-25,0.00308324
0.576515,1.02316,1.38496e-08,6.71887e-25,0.00308415
0.576715,1.02312,1.38454e-08,6.68925e-25,0.00308506
0.576915,1.02307,1.38413e-08,6.65964e-25,0.00308596
0.577115,1.02303,1.38372e-08,6.63002e-25,0.00308687
0.577315,1.02298,1.38331e-08,6.6004e-25,0.00308778
0.577516,1.02294,1.3829e-08,6.57079e-25,0.00308869
0.577716,1.0229,1.38249e-08,6.54117e-25,0.0030896
0.577916,1.02285,1.38207e-08,6.51155e-25,0.0030905
0.578116,1.02281,1.38166e-08,6.48194e-25,0.00309141
0.578316,1.02276,1.38125e-08,6.45232e-25,0.00309232
0.578516,1.02272,1.38084e-08,6.4227e-25,0.00309323
0.578716,1.02267,1.38043e-08,6.39309e-25,0.00309414
0.578916,1.02263,1.38002e-08,6.36347e-25,0.00309504
0.579116,1.02258,1.3796e-08,6.33385e-25,0.00309595
0.579316,1.02254,1.37919e-08,6.30424e-25,0.00309686
0.579516,1.0225,1.37878e-08,6.27462e-25,0.00309777
0.579716,1.02245,1.37837e-08,6.245e-25,0.00309868
0.579916,1.02241,1.37796e-08,6.21539e-25,0.00309958
0.580116,1.02236,1.37755e-08,6.18577e-25,0.00310049
0.580316,1.02232,1.37713e-08,6.15615e-25,0.0031014
0.580516,1.02227,1.37672e-08,6.12654e-25,0.00310231
0.580716,1.02223,1.37631e-08,6.09692e-25,0.00310322
0.580916,1.02218,1.3759e-08,6.0673e-25,0.00310412
0.581116,1.02214,1.37549e-08,6.03769e-25,0.00310503
0.581316,1.02209,1.37508e-08,6.00807e-25,0.00310594
0.581516,1.02205,1.37466e-08,5.97845e-25,0.00310685
0.581716,1.02201,1.37425e-08,5.94884e-25,0.00310776
0.581916,1.02196,1.37384e-08,5.91922e-25,0.00310866
0.582116,1.02192,1.37343e-08,5.8896e-25,0.00310957
0.582316,1.02187,1.37302e-08,5.85999e-25,0.00311048
0.582517,1.02183,1.37261e-08,5.83037e-25,0.00311139
0.582717,1.02178,1.37219e-08,5.80075e-25,0.0031123
0.582917,1.02174,1.37178e-08,5.77113e-25,0.0031132
0.583117,1.02169,1.37137e-08,5.74152e-25,0.00311411
0.583317,1.02165,1.37096e-08,5.7119e-25,0.00311502
0.583517,1.02161,1.37055e-08,5.68228e-25,0.00311593
0.583717,1.02156,1.37014e-08,5.65267e-25,0.00311684
0.583917,1.02152,1.36972e-08,5.62305e-25,0.00311774
0.584117,1.02147,1.36931e-08,5.59343e-25,0.00311865
0.584317,1.02143,1.3689e-08,5.56382e-25,0.00311956
0.584517,1.02138,1.36849e-08,5.5342e-25,0.00312047
0.584717,1.02134,1.36808e-08,5.50458e-25,0.00312138
0.584917,1.02129,1.36767e-08,5.47497e-25,0.00312228
0.585117,1.02125,1.36725e-08,5.44535e-25,0.00312319
0.585317,1.02121,1.36684e-08,5.41573e-25,0.0031241
0.585517,1.02116,1.36643e-08,5.38612e-25,0.00312501
0.585717,1.02112,1.36602e-08,5.3565e-25,0.00312592
0.585917,1.02107,1.36561e-08,5.32688e-25,0.00312682
0.586117,1.02103,1.36519e-08,5.29727e-25,0.00312773
0.586317,1.02098,1.36478e-08,5.26765e-25,0.00312864
0.586517,1.02094,1.36437e-08,5.23803e-25,0.00312955
0.586717,1.02089,1.36396e-08,5.20842e-25,0.00313046
0.586917,1.02085,1.36355e-08,5.1788e-25,0.00313136
0.587117,1.0208,1.36314e-08,5.14918e-25,0.00313227
0.587317,1.02076,1.36272e-08,5.11957e-25,0.00313318
0.587518,1.02072,1.36231e-08,5.08995e-25,0.00313409
0.587718,1.02067,1.3619e-08,5.06033e-25,0.003135
0.587918,1.02063,1.36149e-08,5.03072e-25,0.0031359
0.588118,1.02058,1.36108e-08,5.0011e-25,0.00313681
0.588318,1.02054,1.36067e-08,4.97148e-25,0.00313772
0.588518,1.02049,1.36025e-08,4.94186e-25,0.00313863
0.588718,1.02045,1.35985e-08,4.91511e-25,0.00313951
0.588918,1.0204,1.35945e-08,4.88953e-25,0.00314037
0.589118,1.02036,1.35905e-08,4.86395e-25,0.00314124
0.589318,1.02031,1.35866e-08,4.83837e-25,0.0031421
0.589518,1.02026,1.35826e-08,4.8128e-25,0.00314297
0.589718,1.02022,1.35786e-08,4.78722e-25,0.00314383
0.589918,1.02017,1.35746e-08,4.76164e-25,0.0031447
0.590118,1.02012,1.35706e-08,4.73606e-25,0.00314557
0.590318,1.02008,1.35666e-08,4.71048e-25,0.00314643
0.590518,1.02003,1.35626e-08,4.6849e-25,0.0031473
0.590718,1.01999,1.35586e-08,4.65932e-25,0.00314816
0.590918,1.01994,1.35546e-08,4.63375e-25,0.00314903
0.591118,1.01989,1.35507e-08,4.60817e-25,0.00314989
0.591318,1.01985,1.35467e-08,4.58259e-25,0.00315076
0.591518,1.0198,1.35427e-08,4.55701e-25,0.00315163
0.591718,1.01975,1.35387e-08,4.53143e-25,0.00315249
0.591918,1.01971,1.35347e-08,4.50585e-25,0.00315336
0.592118,1.01966,1.35307e-08,4.48027e-25,0.00315422
0.592318,1.01962,1.35267e-08,4.45469e-25,0.00315509
0.592519,1.01957,1.35227e-08,4.42912e-25,0.00315595
0.592719,1.01952,1.35187e-08,4.40354e-25,0.00315682
0.592919,1.01948,1.35148e-08,4.37796e-25,0.00315769
0.593119,1.01943,1.35108e-08,4.35238e-25,0.00315855
0.593319,1.01938,1.35068e-08,4.3268e-25,0.00315942
0.593519,1.01934,1.35028e-08,4.30122e-25,0.00316028
0.593719,1.01929,1.34988e-08,4.27564e-25,0.00316115
0.593919,1.01925,1.34948e-08,4.25007e-25,0.00316201
0.594119,1.0192,1.34908e-08,4.22449e-25,0.00316288
0.594319,1.01915,1.34868e-08,4.19891e-25,0.00316375
0.594519,1.01911,1.34828e-08,4.17333e-25,0.00316461
0.594719,1.01906,1.34789e-08,4.14775e-25,0.00316548
0.594919,1.01901,1.34749e-08,4.12217e-25,0.00316634
0.595119,1.01897,1.34709e-08,4.09659e-25,0.00316721
0.595319,1.01892,1.34669e-08,4.07102e-25,0.00316807
0.595519,1.01888,1.34629e-08,4.04544e-25,0.00316894
0.595719,1.01883,1.34589e-08,4.01986e-25,0.0031698
0.595919,1.01878,1.34549e-08,3.99428e-25,0.00317067
0.596119,1.01874,1.34509e-08,3.9687e-25,0.00317154
0.596319,1.01869,1.34469e-08,3.94312e-25,0.0031724
0.596519,1.01864,1.3443e-08,3.91754e-25,0.00317327
0.596719,1.0186,1.3439e-08,3.89196e-25,0.00317413
0.596919,1.01855,1.3435e-08,3.86639e-25,0.003175
0.597119,1.01851,1.3431e-08,3.84081e-25,0.00317586
0.597319,1.01846,1.3427e-08,3.81523e-25,0.00317673
0.59752,1.01841,1.3423e-08,3.78965e-25,0.0031776
0.59772,1.01837,1.3419e-08,3.76407e-25,0.00317846
0.59792,1.01832,1.3415e-08,3.73849e-25,0.00317933
0.59812,1.01827,1.3411e-08,3.71291e-25,0.00318019
0.59832,1.01823,1.34071e-08,3.68734e-25,0.00318106
0.59852,1.01818,1.34031e-08,3.66176e-25,0.00318192
0.59872,1.01813,1.33991e-08,3.63618e-25,0.00318279
0.59892,1.01809,1.33951e-08,3.6106e-25,0.00318366
0.59912,1.01804,1.33911e-08,3.58502e-25,0.00318452
0.59932,1.018,1.33871e-08,3.55944e-25,0.00318539
0.59952,1.01795,1.33831e-08,3.53386e-25,0.00318625
0.59972,1.0179,1.33791e-08,3.50829e-25,0.00318712
0.59992,1.01786,1.33751e-08,3.48271e-25,0.00318798
0.60012,1.01781,1.33712e-08,3.45713e-25,0.00318885
0.60032,1.01776,1.33672e-08,3.43155e-25,0.00318971
0.60052,1.01772,1.33632e-08,3.40597e-25,0.00319058
0.60072,1.01767,1.33592e-08,3.38039e-25,0.00319145
0.60092,1.01763,1.33552e-08,3.35481e-25,0.00319231
0.60112,1.01758,1.33512e-08,3.32923e-25,0.00319318
0.60132,1.01753,1.33472e-08,3.30366e-25,0.00319404
0.60152,1.01749,1.33432e-08,3.27808e-25,0.00319491
0.60172,1.01744,1.33392e-08,3.2525e-25,0.00319577
0.60192,1.01739,1.33353e-08,3.22692e-25,0.00319664
0.60212,1.01735,1.33313e-08,3.20134e-25,0.00319751
0.60232,1.0173,1.33273e-08,3.17576e-25,0.00319837
0.602521,1.01726,1.33233e-08,3.15018e-25,0.00319924
0.602721,1.01721,1.33193e-08,3.12461e-25,0.0032001
0.602921,1.01716,1.33153e-08,3.09903e-25,0.00320097
0.603121,1.01712,1.33113e-08,3.07345e-25,0.00320183
0.603321,1.01707,1.33073e-08,3.04787e-25,0.0032027
0.603521,1.01702,1.33033e-08,3.02229e-25,0.00320357
0.603721,1.01698,1.32994e-08,2.99671e-25,0.00320443
0.603921,1.01693,1.32954e-08,2.97113e-25,0.0032053
0.604121,1.01689,1.32914e-08,2.94555e-25,0.00320616
0.604321,1.01684,1.32874e-08,2.91998e-25,0.00320703
0.604521,1.01679,1.32834e-08,2.8944e-25,0.00320789
0.604721,1.01675,1.32794e-08,2.86882e-25,0.00320876
0.604921,1.0167,1.32754e-08,2.84324e-25,0.00320963
0.605121,1.01665,1.32714e-08,2.81766e-25,0.00321049
0.605321,1.01661,1.32674e-08,2.79208e-25,0.00321136
0.605521,1.01656,1.32635e-08,2.7665e-25,0.00321222
0.605721,1.01652,1.32595e-08,2.74093e-25,0.00321309
0.605921,1.01647,1.32555e-08,2.71535e-25,0.00321395
0.606121,1.01642,1.32515e-08,2.68977e-25,0.00321482
0.606321,1.01638,1.32475e-08,2.66419e-25,0.00321568
0.606521,1.01633,1.32435e-08,2.63861e-25,0.00321655
0.606721,1.01628,1.32395e-08,2.61303e-25,0.00321742
0.606921,1.01624,1.32355e-08,2.58745e-25,0.00321828
0.607121,1.01619,1.32315e-08,2.56188e-25,0.00321915
0.607321,1.01615,1.32276e-08,2.5363e-25,0.00322001
0.607522,1.0161,1.32236e-08,2.51072e-25,0.00322088
0.607722,1.01605,1.32196e-08,2.48514e-25,0.00322174
0.607922,1.01601,1.32156e-08,2.45956e-25,0.00322261
0.608122,1.01596,1.32116e-08,2.43398e-25,0.00322348
0.608322,1.01591,1.32076e-08,2.4084e-25,0.00322434
0.608522,1.01587,1.32036e-08,2.38282e-25,0.00322521
0.608722,1.01582,1.31996e-08,2.35725e-25,0.00322607
0.608922,1.01578,1.31956e-08,2.33167e-25,0.00322694
0.609122,1.01573,1.31917e-08,2.30609e-25,0.0032278
0.609322,1.01568,1.31877e-08,2.28051e-25,0.00322867
0.609522,1.01564,1.31837e-08,2.25493e-25,0.00322954
0.609722,1.01559,1.31797e-08,2.22935e-25,0.0032304
0.609922,1.01554,1.31757e-08,2.20377e-25,0.00323127
0.610122,1.0155,1.31717e-08,2.1782e-25,0.00323213
0.610322,1.01545,1.31674e-08,2.15044e-25,0.00323307
0.610522,1.0154,1.3163e-08,2.12212e-25,0.00323403
0.610722,1.01535,1.31585e-08,2.0938e-25,0.00323499
0.610922,1.01529,1.31541e-08,2.06548e-25,0.00323595
0.611122,1.01524,1.31497e-08,2.03716e-25,0.00323691
0.611322,1.01519,1.31453e-08,2.00884e-25,0.00323786
0.611522,1.01514,1.31409e-08,1.98053e-25,0.00323882
0.611722,1.01509,1.31365e-08,1.95221e-25,0.00323978
0.611922,1.01504,1.31321e-08,1.92389e-25,0.00324074
0.612122,1.01499,1.31276e-08,1.89557e-25,0.0032417
0.612322,1.01494,1.31232e-08,1.86725e-25,0.00324266
0.612523,1.01488,1.31188e-08,1.83894e-25,0.00324361
0.612723,1.01483,1.31144e-08,1.81062e-25,0.00324457
0.612923,1.01478,1.311e-08,1.7823e-25,0.00324553
0.613123,1.01473,1.31056e-08,1.75398e-25,0.00324649
0.613323,1.01468,1.31011e-08,1.72566e-25,0.00324745
0.613523,1.01463,1.30967e-08,1.69734e-25,0.00324841
0.613723,1.01458,1.30923e-08,1.66903e-25,0.00324936
0.613923,1.01453,1.30879e-08,1.64071e-25,0.00325032
0.614123,1.01448,1.30835e-08,1.61239e-25,0.00325128
0.614323,1.01442,1.30791e-08,1.58407e-25,0.00325224
0.614523,1.01437,1.30746e-08,1.55575e-25,0.0032532
0.614723,1.01432,1.30702e-08,1.52743e-25,0.00325416
0.614923,1.01427,1.30658e-08,1.49912e-25,0.00325511
0.615123,1.01422,1.30614e-08,1.4708e-25,0.00325607
0.615323,1.01417,1.3057e-08,1.44248e-25,0.00325703
0.615523,1.01412,1.30526e-08,1.41416e-25,0.00325799
0.615723,1.01407,1.30481e-08,1.38584e-25,0.00325895
0.615923,1.01401,1.30437e-08,1.35753e-25,0.00325991
0.616123,1.01396,1.30393e-08,1.32921e-25,0.00326086
0.616323,1.01391,1.30349e-08,1.30089e-25,0.00326182
0.616523,1.01386,1.30305e-08,1.27257e-25,0.00326278
0.616723,1.01381,1.30261e-08,1.24425e-25,0.00326374
0.616923,1.01376,1.30216e-08,1.21593e-25,0.0032647
0.617123,1.01371,1.30172e-08,1.18762e-25,0.00326566
0.617323,1.01366,1.30128e-08,1.1593e-25,0.00326662
0.617524,1.0136,1.30084e-08,1.13098e-25,0.00326757
0.617724,1.01355,1.3004e-08,1.10266e-25,0.00326853
0.617924,1.0135,1.29996e-08,1.07434e-25,0.00326949
0.618124,1.01345,1.29952e-08,1.04602e-25,0.00327045
0.618324,1.0134,1.29907e-08,1.01771e-25,0.00327141
0.618524,1.01335,1.29863e-08,9.89388e-26,0.00327237
0.618724,1.0133,1.29819e-08,9.6107e-26,0.00327332
0.618924,1.01325,1.29775e-08,9.32751e-26,0.00327428
0.619124,1.0132,1.29731e-08,9.04433e-26,0.00327524
0.619324,1.01314,1.29687e-08,8.76115e-26,0.0032762
0.619524,1.01309,1.29642e-08,8.47797e-26,0.00327716
0.619724,1.01304,1.29598e-08,8.19478e-26,0.00327812
0.619924,1.01299,1.29554e-08,7.9116e-26,0.00327907
0.620124,1.01294,1.2951e-08,7.62842e-26,0.00328003
0.620324,1.01289,1.29466e-08,7.34524e-26,0.00328099
0.620524,1.01284,1.29422e-08,7.06206e-26,0.00328195
0.620724,1.01279,1.29377e-08,6.77887e-26,0.00328291
0.620924,1.01273,1.29333e-08,6.49569e-26,0.00328387
0.621124,1.01268,1.29289e-08,6.21251e-26,0.00328482
0.621324,1.01263,1.29245e-08,5.92933e-26,0.00328578
0.621524,1.01258,1.29201e-08,5.64614e-26,0.00328674
0.621724,1.01253,1.29157e-08,5.36296e-26,0.0032877
0.621924,1.01248,1.29112e-08,5.07978e-26,0.00328866
0.622124,1.01243,1.29068e-08,4.7966e-26,0.00328962
0.622324,1.01238,1.29024e-08,4.51341e-26,0.00329057
0.622525,1.01232,1.2898e-08,4.23023e-26,0.00329153
0.622725,1.01227,1.28936e-08,3.94705e-26,0.00329249
0.622925,1.01222,1.28892e-08,3.66387e-26,0.00329345
0.623125,1.01217,1.28847e-08,3.38068e-26,0.00329441
0.623325,1.01212,1.28803e-08,3.0975e-26,0.00329537
0.623525,1.01207,1.28759e-08,2.81432e-26,0.00329633
0.623725,1.01202,1.28715e-08,2.53114e-26,0.00329728
0.623925,1.01197,1.28671e-08,2.24796e-26,0.00329824
0.624125,1.01191,1.28627e-08,1.96477e-26,0.0032992
0.624325,1.01186,1.28583e-08,1.68159e-26,0.00330016
0.624525,1.01181,1.28538e-08,1.39841e-26,0.00330112
0.624725,1.01176,1.28494e-08,1.11523e-26,0.00330208
0.624925,1.01171,1.2845e-08,8.32043e-27,0.00330303
0.625125,1.01166,1.28406e-08,5.48861e-27,0.00330399
0.625325,1.01161,1.28362e-08,2.65678e-27,0.00330495
0.625525,1.01156,1.28318e-08,-1.75039e-28,0.00330591
0.625725,1.01151,1.28273e-08,-3.00686e-27,0.00330687
0.625925,1.01145,1.28229e-08,-5.83869e-27,0.00330783
0.626125,1.0114,1.28185e-08,-8.67051e-27,0.00330878
0.626325,1.01135,1.28141e-08,-1.15023e-26,0.00330974
0.626525,1.0113,1.28097e-08,-1.43342e-26,0.0033107
0.626725,1.01125,1.28053e-08,-1.7166e-26,0.00331166
0.626925,1.0112,1.28008e-08,-1.99978e-26,0.00331262
0.627125,1.01115,1.27964e-08,-2.28296e-26,0.00331358
0.627325,1.0111,1.2792e-08,-2.56615e-26,0.00331453
0.627526,1.01104,1.27876e-08,-2.84933e-26,0.00331549
0.627726,1.01099,1.27832e-08,-3.13251e-26,0.00331645
0.627926,1.01094,1.27788e-08,-3.41569e-26,0.00331741
0.628126,1.01089,1.27743e-08,-3.69887e-26,0.00331837
0.628326,1.01084,1.27699e-08,-3.98206e-26,0.00331933
0.628526,1.01079,1.27655e-08,-4.26524e-26,0.00332028
0.628726,1.01074,1.27611e-08,-4.54842e-26,0.00332124
0.628926,1.01069,1.27567e-08,-4.8316e-26,0.0033222
0.629126,1.01063,1.27523e-08,-5.11479e-26,0.00332316
0.629326,1.01058,1.27478e-08,-5.39797e-26,0.00332412
0.629526,1.01053,1.27434e-08,-5.68115e-26,0.00332508
0.629726,1.01048,1.2739e-08,-5.6844e-26,0.00332601
0.629926,1.01043,1.27346e-08,-5.44096e-26,0.00332691
0.630126,1.01037,1.27302e-08,-5.19753e-26,0.00332781
0.630326,1.01032,1.27258e-08,-4.9541e-26,0.00332872
0.630526,1.01027,1.27214e-08,-4.71066e-26,0.00332962
0.630726,1.01022,1.2717e-08,-4.46723e-26,0.00333052
0.630926,1.01016,1.27126e-08,-4.22379e-26,0.00333143
0.631126,1.01011,1.27082e-08,-3.98036e-26,0.00333233
0.631326,1.01006,1.27038e-08,-3.73693e-26,0.00333323
0.631526,1.01001,1.26994e-08,-3.49349e-26,0.00333414
0.631726,1.00995,1.2695e-08,-3.25006e-26,0.00333504
0.631926,1.0099,1.26906e-08,-3.00663e-26,0.00333594
0.632126,1.00985,1.26862e-08,-2.76319e-26,0.00333685
0.632326,1.00979,1.26818e-08,-2.51976e-26,0.00333775
0.632527,1.00974,1.26774e-08,-2.27633e-26,0.00333865
0.632727,1.00969,1.26729e-08,-2.03289e-26,0.00333956
0.632927,1.00964,1.26685e-08,-1.78946e-26,0.00334046
0.633127,1.00958,1.26641e-08,-1.54603e-26,0.00334136
0.633327,1.00953,1.26597e-08,-1.30259e-26,0.00334227
0.633527,1.00948,1.26553e-08,-1.05916e-26,0.00334317
0.633727,1.00942,1.26509e-08,-8.15725e-27,0.00334407
0.633927,1.00937,1.26465e-08,-5.72291e-27,0.00334498
0.634127,1.00932,1.26421e-08,-3.28858e-27,0.00334588
0.634327,1.00927,1.26377e-08,-8.54242e-28,0.00334678
0.634527,1.00921,1.26333e-08,1.58009e-27,0.00334769
0.634727,1.00916,1.26289e-08,4.01443e-27,0.00334859
0.634927,1.00911,1.26245e-08,6.44876e-27,0.00334949
0.635127,1.00906,1.26201e-08,8.8831e-27,0.0033504
0.635327,1.009,1.26157e-08,1.13174e-26,0.0033513
0.635527,1.00895,1.26113e-08,1.37518e-26,0.0033522
0.635727,1.0089,1.26069e-08,1.61861e-26,0.00335311
0.635927,1.00884,1.26025e-08,1.86204e-26,0.00335401
0.636127,1.00879,1.25981e-08,2.10548e-26,0.00335491
0.636327,1.00874,1.25937e-08,2.34891e-26,0.00335582
0.636527,1.00869,1.25893e-08,2.59234e-26,0.00335672
0.636727,1.00863,1.25849e-08,2.83578e-26,0.00335762
0.636927,1.00858,1.25804e-08,3.07921e-26,0.00335853
0.637127,1.00853,1.2576e-08,3.32265e-26,0.00335943
0.637327,1.00847,1.25716e-08,3.56608e-26,0.00336033
0.637528,1.00842,1.25672e-08,3.80951e-26,0.00336124
0.637728,1.00837,1.25628e-08,4.05295e-26,0.00336214
0.637928,1.00832,1.25584e-08,4.29638e-26,0.00336304
0.638128,1.00826,1.2554e-08,4.53981e-26,0.00336395
0.638328,1.00821,1.25496e-08,4.78325e-26,0.00336485
0.638528,1.00816,1.25452e-08,5.02668e-26,0.00336575
0.638728,1.00811,1.25408e-08,5.27011e-26,0.00336666
0.638928,1.00805,1.25364e-08,5.51355e-26,0.00336756
0.639128,1.008,1.2532e-08,5.75698e-26,0.00336846
0.639328,1.00795,1.25276e-08,6.00041e-26,0.00336937
0.639528,1.00789,1.25232e-08,6.24385e-26,0.00337027
0.639728,1.00784,1.25188e-08,6.48728e-26,0.00337117
0.639928,1.00779,1.25144e-08,6.73072e-26,0.00337208
0.640128,1.00774,1.251e-08,6.97415e-26,0.00337298
0.640328,1.00768,1.25056e-08,7.21758e-26,0.00337388
0.640528,1.00763,1.25012e-08,7.46102e-26,0.00337479
0.640728,1.00758,1.24968e-08,7.70445e-26,0.00337569
0.640928,1.00752,1.24923e-08,7.94788e-26,0.00337659
0.641128,1.00747,1.24879e-08,8.19132e-26,0.0033775
0.641328,1.00742,1.24835e-08,8.43475e-26,0.0033784
0.641528,1.00737,1.24791e-08,8.67818e-26,0.0033793
0.641728,1.00731,1.24747e-08,8.92162e-26,0.00338021
0.641928,1.00726,1.24703e-08,9.16505e-26,0.00338111
0.642128,1.00721,1.24659e-08,9.40848e-26,0.00338201
0.642328,1.00716,1.24615e-08,9.65192e-26,0.00338292
0.642529,1.0071,1.24571e-08,9.89535e-26,0.00338382
0.642729,1.00705,1.24527e-08,1.01388e-25,0.00338472
0.642929,1.007,1.24483e-08,1.03822e-25,0.00338563
0.643129,1.00694,1.24439e-08,1.06257e-25,0.00338653
0.643329,1.00689,1.24395e-08,1.08691e-25,0.00338743
0.643529,1.00684,1.24351e-08,1.11125e-25,0.00338834
0.643729,1.00679,1.24307e-08,1.1356e-25,0.00338924
0.643929,1.00673,1.24263e-08,1.15994e-25,0.00339014
0.644129,1.00668,1.24219e-08,1.18428e-25,0.00339105
0.644329,1.00663,1.24175e-08,1.20863e-25,0.00339195
0.644529,1.00657,1.24131e-08,1.23297e-25,0.00339285
0.644729,1.00652,1.24087e-08,1.25731e-25,0.00339376
0.644929,1.00647,1.24043e-08,1.28166e-25,0.00339466
0.645129,1.00642,1.23998e-08,1.306e-25,0.00339556
0.645329,1.00636,1.23954e-08,1.33034e-25,0.00339647
0.645529,1.00631,1.2391e-08,1.35469e-25,0.00339737
0.645729,1.00626,1.23866e-08,1.37903e-25,0.00339827
0.645929,1.00621,1.23822e-08,1.40337e-25,0.00339918
0.646129,1.00615,1.23778e-08,1.42772e-25,0.00340008
0.646329,1.0061,1.23734e-08,1.45206e-25,0.00340098
0.646529,1.00605,1.2369e-08,1.4764e-25,0.00340189
0.646729,1.00599,1.23646e-08,1.50075e-25,0.00340279
0.646929,1.00594,1.23602e-08,1.52509e-25,0.00340369
0.647129,1.00589,1.23558e-08,1.54943e-25,0.0034046
0.647329,1.00584,1.23514e-08,1.57378e-25,0.0034055
0.64753,1.00578,1.2347e-08,1.59812e-25,0.0034064
0.64773,1.00573,1.23426e-08,1.62246e-25,0.00340731
0.64793,1.00568,1.23382e-08,1.64681e-25,0.00340821
0.64813,1.00562,1.23338e-08,1.67115e-25,0.00340911
0.64833,1.00557,1.23294e-08,1.69549e-25,0.00341002
0.64853,1.00552,1.2325e-08,1.71984e-25,0.00341092
0.64873,1.00547,1.23206e-08,1.74418e-25,0.00341182
0.64893,1.00541,1.23162e-08,1.76852e-25,0.00341273
0.64913,1.00536,1.23116e-08,1.79356e-25,0.00341366
0.64933,1.0053,1.23067e-08,1.82053e-25,0.00341466
0.64953,1.00524,1.23019e-08,1.84749e-25,0.00341566
0.64973,1.00518,1.2297e-08,1.87445e-25,0.00341666
0.64993,1.00513,1.22921e-08,1.90141e-25,0.00341766
0.65013,1.00507,1.22872e-08,1.92837e-25,0.00341866
0.65033,1.00501,1.22824e-08,1.95533e-25,0.00341966
0.65053,1.00495,1.22775e-08,1.98229e-25,0.00342066
0.65073,1.00489,1.22726e-08,2.00926e-25,0.00342166
0.65093,1.00483,1.22677e-08,2.03622e-25,0.00342266
0.65113,1.00477,1.22628e-08,2.06318e-25,0.00342366
0.65133,1.00472,1.2258e-08,2.09014e-25,0.00342466
0.65153,1.00466,1.22531e-08,2.1171e-25,0.00342566
0.65173,1.0046,1.22482e-08,2.14406e-25,0.00342666
0.65193,1.00454,1.22433e-08,2.17102e-25,0.00342766
0.65213,1.00448,1.22384e-08,2.19798e-25,0.00342866
0.65233,1.00442,1.22336e-08,2.22495e-25,0.00342966
0.652531,1.00437,1.22287e-08,2.25191e-25,0.00343066
0.652731,1.00431,1.22238e-08,2.27887e-25,0.00343167
0.652931,1.00425,1.22189e-08,2.30583e-25,0.00343267
0.653131,1.00419,1.22141e-08,2.33279e-25,0.00343367
0.653331,1.00413,1.22092e-08,2.35975e-25,0.00343467
0.653531,1.00407,1.22043e-08,2.38671e-25,0.00343567
0.653731,1.00402,1.21994e-08,2.41367e-25,0.00343667
0.653931,1.00396,1.21945e-08,2.44064e-25,0.00343767
0.654131,1.0039,1.21897e-08,2.4676e-25,0.00343867
0.654331,1.00384,1.21848e-08,2.49456e-25,0.00343967
0.654531,1.00378,1.21799e-08,2.52152e-25,0.00344067
0.654731,1.00372,1.2175e-08,2.54848e-25,0.00344167
0.654931,1.00366,1.21701e-08,2.57544e-25,0.00344267
0.655131,1.00361,1.21653e-08,2.6024e-25,0.00344367
0.655331,1.00355,1.21604e-08,2.62936e-25,0.00344467
0.655531,1.00349,1.21555e-08,2.65633e-25,0.00344567
0.655731,1.00343,1.21506e-08,2.68329e-25,0.00344667
0.655931,1.00337,1.21458e-08,2.71025e-25,0.00344767
0.656131,1.00331,1.21409e-08,2.73721e-25,0.00344867
0.656331,1.00326,1.2136e-08,2.76417e-25,0.00344967
0.656531,1.0032,1.21311e-08,2.79113e-25,0.00345067
0.656731,1.00314,1.21262e-08,2.81809e-25,0.00345168
0.656931,1.00308,1.21214e-08,2.84505e-25,0.00345268
0.657131,1.00302,1.21165e-08,2.87202e-25,0.00345368
0.657331,1.00296,1.21116e-08,2.89898e-25,0.00345468
0.657532,1.0029,1.21067e-08,2.92594e-25,0.00345568
0.657732,1.00285,1.21018e-08,2.9529e-25,0.00345668
0.657932,1.00279,1.2097e-08,2.97986e-25,0.00345768
0.658132,1.00273,1.20921e-08,3.00682e-25,0.00345868
0.658332,1.00267,1.20872e-08,3.03378e-25,0.00345968
0.658532,1.00261,1.20823e-08,3.06075e-25,0.00346068
0.658732,1.00255,1.20775e-08,3.08771e-25,0.00346168
0.658932,1.0025,1.20726e-08,3.11467e-25,0.00346268
0.659132,1.00244,1.20677e-08,3.14163e-25,0.00346368
0.659332,1.00238,1.20628e-08,3.16859e-25,0.00346468
0.659532,1.00232,1.20579e-08,3.19555e-25,0.00346568
0.659732,1.00226,1.20531e-08,3.22251e-25,0.00346668
0.659932,1.0022,1.20482e-08,3.24947e-25,0.00346768
0.660132,1.00214,1.20433e-08,3.27644e-25,0.00346868
0.660332,1.00209,1.20384e-08,3.3034e-25,0.00346968
0.660532,1.00203,1.20335e-08,3.33036e-25,0.00347068
0.660732,1.00197,1.20287e-08,3.35732e-25,0.00347169
0.660932,1.00191,1.20238e-08,3.38428e-25,0.00347269
0.661132,1.00185,1.20189e-08,3.41124e-25,0.00347369
0.661332,1.00179,1.2014e-08,3.4382e-25,0.00347469
0.661532,1.00174,1.20092e-08,3.46516e-25,0.00347569
0.661732,1.00168,1.20043e-08,3.49213e-25,0.00347669
0.661932,1.00162,1.19994e-08,3.51909e-25,0.00347769
0.662132,1.00156,1.19945e-08,3.54605e-25,0.00347869
0.662332,1.0015,1.19896e-08,3.57301e-25,0.00347969
0.662533,1.00144,1.19848e-08,3.59997e-25,0.00348069
0.662733,1.00138,1.19799e-08,3.62693e-25,0.00348169
0.662933,1.00133,1.1975e-08,3.65389e-25,0.00348269
0.663133,1.00127,1.19701e-08,3.68085e-25,0.00348369
0.663333,1.00121,1.19652e-08,3.70782e-25,0.00348469
0.663533,1.00115,1.19604e-08,3.73478e-25,0.00348569
0.663733,1.00109,1.19555e-08,3.76174e-25,0.00348669
0.663933,1.00103,1.19506e-08,3.7887e-25,0.00348769
0.664133,1.00098,1.19457e-08,3.81566e-25,0.00348869
0.664333,1.00092,1.19409e-08,3.84262e-25,0.00348969
0.664533,1.00086,1.1936e-08,3.86958e-25,0.00349069
0.664733,1.0008,1.19311e-08,3.89654e-25,0.0034917
0.664933,1.00074,1.19262e-08,3.92351e-25,0.0034927
0.665133,1.00068,1.19213e-08,3.95047e-25,0.0034937
0.665333,1.00063,1.19165e-08,3.97743e-25,0.0034947
0.665533,1.00057,1.19116e-08,4.00439e-25,0.0034957
0.665733,1.00051,1.19067e-08,4.03135e-25,0.0034967
0.665933,1.00045,1.19018e-08,4.05831e-25,0.0034977
0.666133,1.00039,1.18969e-08,4.08527e-25,0.0034987
0.666333,1.00033,1.18921e-08,4.11224e-25,0.0034997
0.666533,1.00027,1.18872e-08,4.1392e-25,0.0035007
0.666733,1.00022,1.18835e-08,4.14864e-25,0.00350166
0.666933,1.00016,1.18806e-08,4.14642e-25,0.0035026
0.667133,1.0001,1.18777e-08,4.14419e-25,0.00350353
0.667333,1.00004,1.18748e-08,4.14196e-25,0.00350447
0.667534,0.999976,1.18719e-08,4.13973e-25,0.0035054
0.667734,0.999916,1.1869e-08,4.1375e-25,0.00350634
0.667934,0.999856,1.18661e-08,4.13528e-25,0.00350727
0.668134,0.999796,1.18632e-08,4.13305e-25,0.00350821
0.668334,0.999736,1.18604e-08,4.13082e-25,0.00350914
0.668534,0.999677,1.18575e-08,4.12859e-25,0.00351008
0.668734,0.999617,1.18546e-08,4.12636e-25,0.00351101
0.668934,0.999557,1.18517e-08,4.12414e-25,0.00351195
0.669134,0.999497,1.18488e-08,4.12191e-25,0.00351288
0.669334,0.999437,1.18459e-08,4.11968e-25,0.00351382
0.669534,0.999377,1.1843e-08,4.11745e-25,0.00351475
0.669734,0.999318,1.18401e-08,4.11522e-25,0.00351569
0.669934,0.999258,1.18372e-08,4.113e-25,0.00351662
0.670134,0.999198,1.18343e-08,4.11077e-25,0.00351756
0.670334,0.999138,1.18314e-08,4.10854e-25,0.00351849
0.670534,0.999078,1.18285e-08,4.10631e-25,0.00351943
0.670734,0.999018,1.18256e-08,4.10408e-25,0.00352036
0.670934,0.998959,1.18227e-08,4.10186e-25,0.0035213
0.671134,0.998899,1.18198e-08,4.09963e-25,0.00352223
0.671334,0.998839,1.18169e-08,4.0974e-25,0.00352317
0.671534,0.998779,1.18141e-08,4.09517e-25,0.0035241
0.671734,0.998719,1.18112e-08,4.09294e-25,0.00352504
0.671934,0.99866,1.18083e-08,4.09072e-25,0.00352597
0.672134,0.9986,1.18054e-08,4.08849e-25,0.00352691
0.672334,0.99854,1.18025e-08,4.08626e-25,0.00352784
0.672535,0.99848,1.17996e-08,4.08403e-25,0.00352878
0.672735,0.99842,1.17967e-08,4.0818e-25,0.00352971
0.672935,0.99836,1.17938e-08,4.07958e-25,0.00353065
0.673135,0.998301,1.17909e-08,4.07735e-25,0.00353158
0.673335,0.998241,1.1788e-08,4.07512e-25,0.00353252
0.673535,0.998181,1.17851e-08,4.07289e-25,0.00353345
0.673735,0.998121,1.17822e-08,4.07066e-25,0.00353439
0.673935,0.998061,1.17793e-08,4.06844e-25,0.00353532
0.674135,0.998001,1.17764e-08,4.06621e-25,0.00353626
0.674335,0.997942,1.17735e-08,4.06398e-25,0.00353719
0.674535,0.997882,1.17707e-08,4.06175e-25,0.00353813
0.674735,0.997822,1.17678e-08,4.05952e-25,0.00353906
0.674935,0.997762,1.17649e-08,4.0573e-25,0.00354
0.675135,0.997702,1.1762e-08,4.05507e-25,0.00354093
0.675335,0.997642,1.17591e-08,4.05284e-25,0.00354187
0.675535,0.997583,1.17562e-08,4.05061e-25,0.0035428
0.675735,0.997523,1.17533e-08,4.04838e-25,0.00354374
0.675935,0.997463,1.17504e-08,4.04616e-25,0.00354467
0.676135,0.997403,1.17475e-08,4.04393e-25,0.0035456
0.676335,0.997343,1.17446e-08,4.0417e-25,0.00354654
0.676535,0.997283,1.17417e-08,4.03947e-25,0.00354747
0.676735,0.997224,1.17388e-08,4.03724e-25,0.00354841
0.676935,0.997164,1.17359e-08,4.03502e-25,0.00354934
0.677135,0.997104,1.1733e-08,4.03279e-25,0.00355028
0.677335,0.997044,1.17301e-08,4.03056e-25,0.00355121
0.677536,0.996984,1.17272e-08,4.02833e-25,0.00355215
0.677736,0.996924,1.17244e-08,4.0261e-25,0.00355308
0.677936,0.996865,1.17215e-08,4.02388e-25,0.00355402
0.678136,0.996805,1.17186e-08,4.02165e-25,0.00355495
0.678336,0.996745,1.17157e-08,4.01942e-25,0.00355589
0.678536,0.996685,1.17128e-08,4.01719e-25,0.00355682
0.678736,0.996625,1.17099e-08,4.01496e-25,0.00355776
0.678936,0.996566,1.1707e-08,4.01274e-25,0.00355869
0.679136,0.996506,1.17041e-08,4.01051e-25,0.00355963
0.679336,0.996446,1.17012e-08,4.00828e-25,0.00356056
0.679536,0.996386,1.16983e-08,4.00605e-25,0.0035615
0.679736,0.996326,1.16954e-08,4.00382e-25,0.00356243
0.679936,0.996266,1.16925e-08,4.0016e-25,0.00356337
0.680136,0.996207,1.16896e-08,3.99937e-25,0.0035643
0.680336,0.996147,1.16867e-08,3.99714e-25,0.00356524
0.680536,0.996087,1.16838e-08,3.99491e-25,0.00356617
0.680736,0.996027,1.1681e-08,3.99268e-25,0.00356711
0.680936,0.995967,1.16781e-08,3.99046e-25,0.00356804
0.681136,0.995907,1.16752e-08,3.98823e-25,0.00356898
0.681336,0.995848,1.16723e-08,3.986e-25,0.00356991
0.681536,0.995788,1.16694e-08,3.98377e-25,0.00357085
0.681736,0.995728,1.16665e-08,3.98154e-25,0.00357178
0.681936,0.995668,1.16636e-08,3.97932e-25,0.00357272
0.682136,0.995608,1.16607e-08,3.97709e-25,0.00357365
0.682336,0.995548,1.16578e-08,3.97486e-25,0.00357459
0.682537,0.995489,1.16549e-08,3.97263e-25,0.00357552
0.682737,0.995429,1.1652e-08,3.9704e-25,0.00357646
0.682937,0.995369,1.16491e-08,3.96818e-25,0.00357739
0.683137,0.995309,1.16462e-08,3.96595e-25,0.00357833
0.683337,0.995249,1.16433e-08,3.96372e-25,0.00357926
0.683537,0.995189,1.16404e-08,3.96149e-25,0.0035802
0.683737,0.99513,1.16375e-08,3.95926e-25,0.00358113
0.683937,0.99507,1.16347e-08,3.95704e-25,0.00358207
0.684137,0.99501,1.16318e-08,3.95481e-25,0.003583
0.684337,0.994944,1.16286e-08,3.95236e-25,0.00358403
0.684537,0.994878,1.16254e-08,3.94989e-25,0.00358507
0.684737,0.994812,1.16222e-08,3.94742e-25,0.00358611
0.684937,0.994745,1.1619e-08,3.94495e-25,0.00358714
0.685137,0.994679,1.16158e-08,3.94248e-25,0.00358818
0.685337,0.994613,1.16125e-08,3.94001e-25,0.00358921
0.685537,0.994546,1.16093e-08,3.93755e-25,0.00359025
0.685737,0.99448,1.16061e-08,3.93508e-25,0.00359128
0.685937,0.994414,1.16029e-08,3.93261e-25,0.00359232
0.686137,0.994348,1.15997e-08,3.93014e-25,0.00359336
0.686337,0.994281,1.15965e-08,3.92767e-25,0.00359439
0.686537,0.994215,1.15933e-08,3.9252e-25,0.00359543
0.686737,0.994149,1.15901e-08,3.92274e-25,0.00359646
0.686937,0.994082,1.15869e-08,3.92027e-25,0.0035975
0.687137,0.994016,1.15837e-08,3.9178e-25,0.00359854
0.687337,0.99395,1.15805e-08,3.91533e-25,0.00359957
0.687538,0.993884,1.15773e-08,3.91286e-25,0.00360061
0.687738,0.993817,1.15741e-08,3.91039e-25,0.00360164
0.687938,0.993751,1.15709e-08,3.90793e-25,0.00360268
0.688138,0.993685,1.15677e-08,3.90546e-25,0.00360371
0.688338,0.993618,1.15645e-08,3.90299e-25,0.00360475
0.688538,0.993552,1.15613e-08,3.90052e-25,0.00360579
0.688738,0.993486,1.15581e-08,3.89805e-25,0.00360682
0.688938,0.99342,1.15548e-08,3.89558e-25,0.00360786
0.689138,0.993353,1.15516e-08,3.89312e-25,0.00360889
0.689338,0.993287,1.15484e-08,3.89065e-25,0.00360993
0.689538,0.993221,1.15452e-08,3.88818e-25,0.00361097
0.689738,0.993154,1.1542e-08,3.88571e-25,0.003612
0.689938,0.993088,1.15388e-08,3.88324e-25,0.00361304
0.690138,0.993022,1.15356e-08,3.88077e-25,0.00361407
0.690338,0.992956,1.15324e-08,3.8783e-25,0.00361511
0.690538,0.992889,1.15292e-08,3.87584e-25,0.00361615
0.690738,0.992823,1.1526e-08,3.87337e-25,0.00361718
0.690938,0.992757,1.15228e-08,3.8709e-25,0.00361822
0.691138,0.99269,1.15196e-08,3.86843e-25,0.00361925
0.691338,0.992624,1.15164e-08,3.86596e-25,0.00362029
0.691538,0.992558,1.15132e-08,3.86349e-25,0.00362132
0.691738,0.992492,1.151e-08,3.86103e-25,0.00362236
0.691938,0.992425,1.15068e-08,3.85856e-25,0.0036234
0.692138,0.992359,1.15036e-08,3.85609e-25,0.00362443
0.692338,0.992293,1.15003e-08,3.85362e-25,0.00362547
0.692539,0.992226,1.14971e-08,3.85115e-25,0.0036265
0.692739,0.99216,1.14939e-08,3.84868e-25,0.00362754
0.692939,0.992094,1.14907e-08,3.84622e-25,0.00362858
0.693139,0.992028,1.14875e-08,3.84375e-25,0.00362961
0.693339,0.991961,1.14843e-08,3.84128e-25,0.00363065
0.693539,0.991895,1.14811e-08,3.83881e-25,0.00363168
0.693739,0.991829,1.14779e-08,3.83634e-25,0.00363272
0.693939,0.991762,1.14747e-08,3.83387e-25,0.00363375
0.694139,0.991696,1.14715e-08,3.83141e-25,0.00363479
0.694339,0.99163,1.14683e-08,3.82894e-25,0.00363583
0.694539,0.991564,1.14651e-08,3.82647e-25,0.00363686
0.694739,0.991497,1.14619e-08,3.824e-25,0.0036379
0.694939,0.991431,1.14587e-08,3.82153e-25,0.00363893
0.695139,0.991365,1.14555e-08,3.81906e-25,0.00363997
0.695339,0.991298,1.14523e-08,3.81659e-25,0.00364101
0.695539,0.991232,1.14491e-08,3.81413e-25,0.00364204
0.695739,0.991166,1.14458e-08,3.81166e-25,0.00364308
0.695939,0.9911,1.14426e-08,3.80919e-25,0.00364411
0.696139,0.991033,1.14394e-08,3.80672e-25,0.00364515
0.696339,0.990967,1.14362e-08,3.80425e-25,0.00364619
0.696539,0.990901,1.1433e-08,3.80178e-25,0.00364722
0.696739,0.990834,1.14298e-08,3.79932e-25,0.00364826
0.696939,0.990768,1.14266e-08,3.79685e-25,0.00364929
0.697139,0.990702,1.14234e-08,3.79438e-25,0.00365033
0.697339,0.990636,1.14202e-08,3.79191e-25,0.00365136
0.69754,0.990569,1.1417e-08,3.78944e-25,0.0036524
0.69774,0.990503,1.14138e-08,3.78697e-25,0.00365344
0.69794,0.990437,1.14106e-08,3.78451e-25,0.00365447
0.69814,0.99037,1.14074e-08,3.78204e-25,0.00365551
0.69834,0.990304,1.14042e-08,3.77957e-25,0.00365654
0.69854,0.990238,1.1401e-08,3.7771e-25,0.00365758
0.69874,0.990172,1.13978e-08,3.77463e-25,0.00365862
0.69894,0.990105,1.13946e-08,3.77216e-25,0.00365965
0.69914,0.990039,1.13914e-08,3.7697e-25,0.00366069
0.69934,0.989973,1.13881e-08,3.76723e-25,0.00366172
0.69954,0.989906,1.13849e-08,3.76476e-25,0.00366276
0.69974,0.98984,1.13817e-08,3.76229e-25,0.00366379
0.69994,0.989774,1.13785e-08,3.75982e-25,0.00366483
0.70014,0.989706,1.13756e-08,3.75759e-25,0.0036658
0.70034,0.989639,1.13727e-08,3.75538e-25,0.00366676
0.70054,0.989571,1.13698e-08,3.75317e-25,0.00366772
0.70074,0.989504,1.13669e-08,3.75096e-25,0.00366868
0.70094,0.989436,1.13641e-08,3.74875e-25,0.00366965
0.70114,0.989369,1.13612e-08,3.74654e-25,0.00367061
0.70134,0.989301,1.13583e-08,3.74433e-25,0.00367157
0.70154,0.989234,1.13554e-08,3.74212e-25,0.00367253
0.70174,0.989166,1.13525e-08,3.73991e-25,0.00367349
0.70194,0.989099,1.13496e-08,3.7377e-25,0.00367445
0.70214,0.989031,1.13467e-08,3.73549e-25,0.00367542
0.70234,0.988964,1.13438e-08,3.73328e-25,0.00367638
0.702541,0.988896,1.1341e-08,3.73107e-25,0.00367734
0.702741,0.988829,1.13381e-08,3.72886e-25,0.0036783
0.702941,0.988761,1.13352e-08,3.72665e-25,0.00367926
0.703141,0.988694,1.13323e-08,3.72444e-25,0.00368022
0.703341,0.988626,1.13294e-08,3.72223e-25,0.00368119
0.703541,0.988559,1.13265e-08,3.72002e-25,0.00368215
0.703741,0.988491,1.13236e-08,3.71781e-25,0.00368311
0.703941,0.988424,1.13207e-08,3.7156e-25,0.00368407
0.704141,0.988356,1.13179e-08,3.71339e-25,0.00368503
0.704341,0.988289,1.1315e-08,3.71118e-25,0.00368599
0.704541,0.988221,1.13121e-08,3.70897e-25,0.00368695
0.704741,0.988154,1.13092e-08,3.70676e-25,0.00368792
0.704941,0.988086,1.13063e-08,3.70455e-25,0.00368888
0.705141,0.988019,1.13034e-08,3.70234e-25,0.00368984
0.705341,0.987951,1.13005e-08,3.70013e-25,0.0036908
0.705541,0.987884,1.12976e-08,3.69792e-25,0.00369176
0.705741,0.987816,1.12948e-08,3.69571e-25,0.00369272
0.705941,0.987749,1.12919e-08,3.6935e-25,0.00369369
0.706141,0.987681,1.1289e-08,3.69129e-25,0.00369465
0.706341,0.987614,1.12861e-08,3.68908e-25,0.00369561
0.706541,0.987546,1.12832e-08,3.68687e-25,0.00369657
0.706741,0.987479,1.12803e-08,3.68466e-25,0.00369753
0.706941,0.987411,1.12774e-08,3.68245e-25,0.00369849
0.707141,0.987344,1.12745e-08,3.68024e-25,0.00369946
0.707341,0.987276,1.12716e-08,3.67803e-25,0.00370042
0.707542,0.987209,1.12688e-08,3.67582e-25,0.00370138
0.707742,0.987141,1.12659e-08,3.67361e-25,0.00370234
0.707942,0.987074,1.1263e-08,3.6714e-25,0.0037033
0.708142,0.987006,1.12601e-08,3.66919e-25,0.00370426
0.708342,0.986939,1.12572e-08,3.66698e-25,0.00370523
0.708542,0.986871,1.12543e-08,3.66477e-25,0.00370619
0.708742,0.986804,1.12514e-08,3.66256e-25,0.00370715
0.708942,0.986736,1.12485e-08,3.66035e-25,0.00370811
0.709142,0.986669,1.12457e-08,3.65814e-25,0.00370907
0.709342,0.986601,1.12428e-08,3.65593e-25,0.00371003
0.709542,0.986534,1.12399e-08,3.65372e-25,0.003711
0.709742,0.986466,1.1237e-08,3.65151e-25,0.00371196
0.709942,0.986399,1.12341e-08,3.6493e-25,0.00371292
0.710142,0.986331,1.12312e-08,3.64709e-25,0.00371388
0.710342,0.986264,1.12283e-08,3.64488e-25,0.00371484
0.710542,0.986196,1.12254e-08,3.64267e-25,0.0037158
0.710742,0.986129,1.12226e-08,3.64046e-25,0.00371677
0.710942,0.986061,1.12197e-08,3.63825e-25,0.00371773
0.711142,0.985994,1.12168e-08,3.63604e-25,0.00371869
0.711342,0.985926,1.12139e-08,3.63383e-25,0.00371965
0.711542,0.985859,1.1211e-08,3.63162e-25,0.00372061
0.711742,0.985791,1.12081e-08,3.62941e-25,0.00372157
0.711942,0.985724,1.12052e-08,3.6272e-25,0.00372254
0.712142,0.985656,1.12023e-08,3.62499e-25,0.0037235
0.712342,0.985589,1.11994e-08,3.62278e-25,0.00372446
0.712543,0.985521,1.11966e-08,3.62057e-25,0.00372542
0.712743,0.985454,1.11937e-08,3.61836e-25,0.00372638
0.712943,0.985386,1.11908e-08,3.61615e-25,0.00372734
0.713143,0.985319,1.11879e-08,3.61394e-25,0.00372831
0.713343,0.985251,1.1185e-08,3.61173e-25,0.00372927
0.713543,0.985184,1.11821e-08,3.60952e-25,0.00373023
0.713743,0.985116,1.11792e-08,3.60731e-25,0.00373119
0.713943,0.985049,1.11763e-08,3.6051e-25,0.00373215
0.714143,0.984981,1.11735e-08,3.60289e-25,0.00373311
0.714343,0.984914,1.11706e-08,3.60068e-25,0.00373408
0.714543,0.984846,1.11677e-08,3.59847e-25,0.00373504
0.714743,0.984779,1.11648e-08,3.59626e-25,0.003736
0.714943,0.984711,1.11619e-08,3.59405e-25,0.00373696
0.715143,0.984644,1.1159e-08,3.59184e-25,0.00373792
0.715343,0.984576,1.11561e-08,3.58963e-25,0.00373888
0.715543,0.984509,1.11532e-08,3.58742e-25,0.00373985
0.715743,0.984441,1.11504e-08,3.58521e-25,0.00374081
0.715943,0.984367,1.11472e-08,3.58278e-25,0.00374186
0.716143,0.984292,1.1144e-08,3.58033e-25,0.00374293
0.716343,0.984218,1.11408e-08,3.57789e-25,0.00374399
0.716543,0.984143,1.11376e-08,3.57544e-25,0.00374506
0.716743,0.984068,1.11344e-08,3.57299e-25,0.00374613
0.716943,0.983993,1.11312e-08,3.57054e-25,0.00374719
0.717143,0.983918,1.1128e-08,3.56809e-25,0.00374826
0.717343,0.983843,1.11248e-08,3.56564e-25,0.00374932
0.717544,0.983769,1.11216e-08,3.56319e-25,0.00375039
0.717744,0.983694,1.11184e-08,3.56074e-25,0.00375145
0.717944,0.983619,1.11152e-08,3.55829e-25,0.00375252
0.718144,0.983544,1.1112e-08,3.55584e-25,0.00375359
0.718344,0.983469,1.11088e-08,3.55339e-25,0.00375465
0.718544,0.983395,1.11056e-08,3.55094e-25,0.00375572
0.718744,0.98332,1.11024e-08,3.5485e-25,0.00375678
0.718944,0.983245,1.10992e-08,3.54605e-25,0.00375785
0.719144,0.98317,1.1096e-08,3.5436e-25,0.00375891
0.719344,0.983095,1.10928e-08,3.54115e-25,0.00375998
0.719544,0.983021,1.10896e-08,3.5387e-25,0.00376105
0.719744,0.982946,1.10864e-08,3.53625e-25,0.00376211
0.719944,0.982871,1.10832e-08,3.5338e-25,0.00376318
0.720144,0.982796,1.108e-08,3.53135e-25,0.00376424
0.720344,0.982721,1.10768e-08,3.5289e-25,0.00376531
0.720544,0.982647,1.10736e-08,3.52645e-25,0.00376637
0.720744,0.982572,1.10704e-08,3.524e-25,0.00376744
0.720944,0.982497,1.10672e-08,3.52156e-25,0.00376851
0.721144,0.982422,1.1064e-08,3.51911e-25,0.00376957
0.721344,0.982347,1.10608e-08,3.51666e-25,0.00377064
0.721544,0.982273,1.10576e-08,3.51421e-25,0.0037717
0.721744,0.982198,1.10544e-08,3.51176e-25,0.00377277
0.721944,0.982123,1.10512e-08,3.50931e-25,0.00377383
0.722144,0.982048,1.1048e-08,3.50686e-25,0.0037749
0.722344,0.981973,1.10448e-08,3.50441e-25,0.00377596
0.722545,0.981898,1.10416e-08,3.50196e-25,0.00377703
0.722745,0.981824,1.10384e-08,3.49951e-25,0.0037781
0.722945,0.981749,1.10352e-08,3.49706e-25,0.00377916
0.723145,0.981674,1.1032e-08,3.49462e-25,0.00378023
0.723345,0.981599,1.10288e-08,3.49217e-25,0.00378129
0.723545,0.981524,1.10256e-08,3.48972e-25,0.00378236
0.723745,0.98145,1.10224e-08,3.48727e-25,0.00378342
0.723945,0.981375,1.10192e-08,3.48482e-25,0.00378449
0.724145,0.9813,1.1016e-08,3.48237e-25,0.00378556
0.724345,0.981225,1.10128e-08,3.47992e-25,0.00378662
0.724545,0.98115,1.10096e-08,3.47747e-25,0.00378769
0.724745,0.981076,1.10064e-08,3.47502e-25,0.00378875
0.724945,0.981001,1.10032e-08,3.47257e-25,0.00378982
0.725145,0.980926,1.1e-08,3.47012e-25,0.00379088
0.725345,0.980851,1.09968e-08,3.46767e-25,0.00379195
0.725545,0.980776,1.09936e-08,3.46523e-25,0.00379302
0.725745,0.980702,1.09904e-08,3.46278e-25,0.00379408
0.725945,0.980627,1.09872e-08,3.46033e-25,0.00379515
0.726145,0.980552,1.0984e-08,3.45788e-25,0.00379621
0.726345,0.980477,1.09808e-08,3.45543e-25,0.00379728
0.726545,0.980402,1.09776e-08,3.45298e-25,0.00379834
0.726745,0.980328,1.09744e-08,3.45053e-25,0.00379941
0.726945,0.980253,1.09712e-08,3.44808e-25,0.00380048
0.727145,0.980178,1.0968e-08,3.44563e-25,0.00380154
0.727345,0.980103,1.09648e-08,3.44318e-25,0.00380261
0.727546,0.980028,1.09616e-08,3.44073e-25,0.00380367
0.727746,0.979954,1.09584e-08,3.43829e-25,0.00380474
0.727946,0.979879,1.09552e-08,3.43584e-25,0.0038058
0.728146,0.979804,1.0952e-08,3.43339e-25,0.00380687
0.728346,0.979729,1.09488e-08,3.43094e-25,0.00380794
0.728546,0.979654,1.09456e-08,3.42849e-25,0.003809
0.728746,0.979579,1.09424e-08,3.42604e-25,0.00381007
0.728946,0.979505,1.09392e-08,3.42359e-25,0.00381113
0.729146,0.97943,1.0936e-08,3.42114e-25,0.0038122
0.729346,0.979355,1.09328e-08,3.41869e-25,0.00381326
0.729546,0.97928,1.09296e-08,3.41624e-25,0.00381433
0.729746,0.979205,1.09264e-08,3.41379e-25,0.0038154
0.729946,0.979131,1.09232e-08,3.41134e-25,0.00381646
0.730146,0.979055,1.09177e-08,3.22293e-25,0.00381747
0.730346,0.978979,1.09111e-08,2.94706e-25,0.00381846
0.730546,0.978903,1.09046e-08,2.67119e-25,0.00381944
0.730746,0.978827,1.0898e-08,2.39531e-25,0.00382042
0.730946,0.978752,1.08915e-08,2.11944e-25,0.00382141
0.731146,0.978676,1.08849e-08,1.84357e-25,0.00382239
0.731346,0.9786,1.08784e-08,1.5677e-25,0.00382338
0.731546,0.978524,1.08718e-08,1.29183e-25,0.00382436
0.731746,0.978448,1.08653e-08,1.01596e-25,0.00382535
0.731946,0.978372,1.08588e-08,7.40083e-26,0.00382633
0.732146,0.978296,1.08522e-08,4.64211e-26,0.00382731
0.732346,0.97822,1.08457e-08,1.88339e-26,0.0038283
0.732547,0.978144,1.08391e-08,-8.75326e-27,0.00382928
0.732747,0.978068,1.08326e-08,-3.63405e-26,0.00383027
0.732947,0.977993,1.0826e-08,-6.39276e-26,0.00383125
0.733147,0.977917,1.08195e-08,-9.15148e-26,0.00383224
0.733347,0.977841,1.08129e-08,-1.19102e-25,0.00383322
0.733547,0.977765,1.08064e-08,-1.46689e-25,0.0038342
0.733747,0.977689,1.07998e-08,-1.74276e-25,0.00383519
0.733947,0.977613,1.07933e-08,-2.01864e-25,0.00383617
0.734147,0.977537,1.07867e-08,-2.29451e-25,0.00383716
0.734347,0.977461,1.07802e-08,-2.57038e-25,0.00383814
0.734547,0.977385,1.07736e-08,-2.84625e-25,0.00383912
0.734747,0.97731,1.07671e-08,-3.12212e-25,0.00384011
0.734947,0.977234,1.07605e-08,-3.398e-25,0.00384109
0.735147,0.977158,1.0754e-08,-3.67387e-25,0.00384208
0.735347,0.977082,1.07474e-08,-3.94974e-25,0.00384306
0.735547,0.977006,1.07409e-08,-4.22561e-25,0.00384405
0.735747,0.97693,1.07344e-08,-4.50148e-25,0.00384503
0.735947,0.976854,1.07278e-08,-4.77736e-25,0.00384601
0.736147,0.976778,1.07213e-08,-5.05323e-25,0.003847
0.736347,0.976702,1.07147e-08,-5.3291e-25,0.00384798
0.736547,0.976627,1.07082e-08,-5.60497e-25,0.00384897
0.736747,0.976551,1.07016e-08,-5.88084e-25,0.00384995
0.736947,0.976475,1.06951e-08,-6.15671e-25,0.00385094
0.737147,0.976399,1.06885e-08,-6.43259e-25,0.00385192
0.737347,0.976323,1.0682e-08,-6.70846e-25,0.0038529
0.737548,0.976247,1.06754e-08,-6.98433e-25,0.00385389
0.737748,0.976171,1.06689e-08,-7.2602e-25,0.00385487
0.737948,0.976095,1.06623e-08,-7.53607e-25,0.00385586
0.738148,0.976019,1.06558e-08,-7.81195e-25,0.00385684
0.738348,0.975944,1.06492e-08,-8.08782e-25,0.00385783
0.738548,0.975868,1.06427e-08,-8.36369e-25,0.00385881
0.738748,0.975792,1.06361e-08,-8.63956e-25,0.00385979
0.738948,0.975716,1.06296e-08,-8.91543e-25,0.00386078
0.739148,0.97564,1.0623e-08,-9.19131e-25,0.00386176
0.739348,0.975564,1.06165e-08,-9.46718e-25,0.00386275
0.739548,0.975488,1.061e-08,-9.74305e-25,0.00386373
0.739748,0.975412,1.06034e-08,-1.00189e-24,0.00386471
0.739948,0.975336,1.05969e-08,-1.02948e-24,0.0038657
0.740148,0.975261,1.05903e-08,-1.05707e-24,0.00386668
0.740348,0.975185,1.05838e-08,-1.08465e-24,0.00386767
0.740548,0.975109,1.05772e-08,-1.11224e-24,0.00386865
0.740748,0.975033,1.05707e-08,-1.13983e-24,0.00386964
0.740948,0.974957,1.05641e-08,-1.16742e-24,0.00387062
0.741148,0.974881,1.05576e-08,-1.195e-24,0.0038716
0.741348,0.974805,1.0551e-08,-1.22259e-24,0.00387259
0.741548,0.974729,1.05445e-08,-1.25018e-24,0.00387357
0.741748,0.974653,1.05379e-08,-1.27776e-24,0.00387456
0.741948,0.974578,1.05314e-08,-1.30535e-24,0.00387554
0.742148,0.974502,1.05248e-08,-1.33294e-24,0.00387653
0.742348,0.974426,1.05183e-08,-1.36053e-24,0.00387751
0.742549,0.97435,1.05117e-08,-1.38811e-24,0.00387849
0.742749,0.974274,1.05052e-08,-1.4157e-24,0.00387948
0.742949,0.974198,1.04986e-08,-1.44329e-24,0.00388046
0.743149,0.974122,1.04921e-08,-1.47087e-24,0.00388145
0.743349,0.974046,1.04856e-08,-1.49846e-24,0.00388243
0.743549,0.97397,1.0479e-08,-1.52605e-24,0.00388342
0.743749,0.973895,1.04725e-08,-1.55364e-24,0.0038844
0.743949,0.973819,1.04659e-08,-1.58122e-24,0.00388538
0.744149,0.973743,1.04594e-08,-1.60881e-24,0.00388637
0.744349,0.973663,1.04525e-08,-1.63777e-24,0.0038874
0.744549,0.973579,1.04452e-08,-1.66835e-24,0.00388849
0.744749,0.973495,1.0438e-08,-1.69893e-24,0.00388958
0.744949,0.973411,1.04307e-08,-1.72951e-24,0.00389067
0.745149,0.973327,1.04235e-08,-1.76009e-24,0.00389176
0.745349,0.973242,1.04162e-08,-1.79067e-24,0.00389286
0.745549,0.973158,1.04089e-08,-1.82125e-24,0.00389395
0.745749,0.973074,1.04017e-08,-1.85182e-24,0.00389504
0.745949,0.97299,1.03944e-08,-1.8824e-24,0.00389613
0.746149,0.972906,1.03872e-08,-1.91298e-24,0.00389722
0.746349,0.972822,1.03799e-08,-1.94356e-24,0.00389831
0.746549,0.972738,1.03727e-08,-1.97414e-24,0.0038994
0.746749,0.972654,1.03654e-08,-2.00472e-24,0.00390049
0.746949,0.972569,1.03581e-08,-2.0353e-24,0.00390158
0.747149,0.972485,1.03509e-08,-2.06587e-24,0.00390267
0.747349,0.972401,1.03436e-08,-2.09645e-24,0.00390377
0.74755,0.972317,1.03364e-08,-2.12703e-24,0.00390486
0.74775,0.972233,1.03291e-08,-2.15761e-24,0.00390595
0.74795,0.972149,1.03219e-08,-2.18819e-24,0.00390704
0.74815,0.972065,1.03146e-08,-2.21877e-24,0.00390813
0.74835,0.971981,1.03073e-08,-2.24934e-24,0.00390922
0.74855,0.971897,1.03001e-08,-2.27992e-24,0.00391031
0.74875,0.971812,1.02928e-08,-2.3105e-24,0.0039114
0.74895,0.971728,1.02856e-08,-2.34108e-24,0.00391249
0.74915,0.971644,1.02783e-08,-2.37166e-24,0.00391358
0.74935,0.97156,1.02711e-08,-2.40224e-24,0.00391467
0.74955,0.971476,1.02638e-08,-2.43282e-24,0.00391577
0.74975,0.971392,1.02565e-08,-2.46339e-24,0.00391686
0.74995,0.971308,1.02493e-08,-2.49397e-24,0.00391795
0.75015,0.971224,1.0242e-08,-2.52455e-24,0.00391904
0.75035,0.971139,1.02348e-08,-2.55513e-24,0.00392013
0.75055,0.971055,1.02275e-08,-2.58571e-24,0.00392122
0.75075,0.970971,1.02203e-08,-2.61629e-24,0.00392231
0.75095,0.970887,1.0213e-08,-2.64687e-24,0.0039234
0.75115,0.970803,1.02057e-08,-2.67744e-24,0.00392449
0.75135,0.970719,1.01985e-08,-2.70802e-24,0.00392558
0.75155,0.970635,1.01912e-08,-2.7386e-24,0.00392668
0.75175,0.970551,1.0184e-08,-2.76918e-24,0.00392777
0.75195,0.970466,1.01767e-08,-2.79976e-24,0.00392886
0.75215,0.970382,1.01695e-08,-2.83034e-24,0.00392995
0.75235,0.970298,1.01622e-08,-2.86091e-24,0.00393104
0.752551,0.970214,1.01549e-08,-2.89149e-24,0.00393213
0.752751,0.97013,1.01477e-08,-2.92207e-24,0.00393322
0.752951,0.970046,1.01404e-08,-2.95265e-24,0.00393431
0.753151,0.969962,1.01332e-08,-2.98323e-24,0.0039354
0.753351,0.969878,1.01259e-08,-3.01381e-24,0.00393649
0.753551,0.969794,1.01187e-08,-3.04439e-24,0.00393758
0.753751,0.969709,1.01114e-08,-3.07496e-24,0.00393868
0.753951,0.969625,1.01041e-08,-3.10554e-24,0.00393977
0.754151,0.969541,1.00969e-08,-3.13612e-24,0.00394086
0.754351,0.969457,1.00896e-08,-3.1667e-24,0.00394195
0.754551,0.969373,1.00824e-08,-3.19728e-24,0.00394304
0.754751,0.969289,1.00751e-08,-3.22786e-24,0.00394413
0.754951,0.969205,1.00679e-08,-3.25843e-24,0.00394522
0.755151,0.969121,1.00606e-08,-3.28901e-24,0.00394631
0.755351,0.969036,1.00533e-08,-3.31959e-24,0.0039474
0.755551,0.968952,1.00461e-08,-3.35017e-24,0.00394849
0.755751,0.968868,1.00388e-08,-3.38075e-24,0.00394959
0.755951,0.968784,1.00316e-08,-3.41133e-24,0.00395068
0.756151,0.9687,1.00243e-08,-3.44191e-24,0.00395177
0.756351,0.968616,1.00171e-08,-3.47248e-24,0.00395286
0.756551,0.968532,1.00098e-08,-3.50306e-24,0.00395395
0.756751,0.968448,1.00025e-08,-3.53364e-24,0.00395504
0.756951,0.968363,9.99528e-09,-3.56422e-24,0.00395613
0.757151,0.968279,9.98751e-09,-3.57073e-24,0.0039572
0.757351,0.968194,9.97832e-09,-3.51161e-24,0.0039582
0.757552,0.968109,9.96913e-09,-3.45249e-24,0.00395921
0.757752,0.968024,9.95994e-09,-3.39337e-24,0.00396021
0.757952,0.967939,9.95075e-09,-3.33425e-24,0.00396121
0.758152,0.967854,9.94156e-09,-3.27513e-24,0.00396222
0.758352,0.967769,9.93237e-09,-3.21601e-24,0.00396322
0.758552,0.967683,9.92317e-09,-3.15689e-24,0.00396422
0.758752,0.967598,9.91398e-09,-3.09777e-24,0.00396523
0.758952,0.967513,9.90479e-09,-3.03865e-24,0.00396623
0.759152,0.967428,9.8956e-09,-2.97953e-24,0.00396723
0.759352,0.967343,9.88641e-09,-2.92041e-24,0.00396824
0.759552,0.967258,9.87722e-09,-2.86129e-24,0.00396924
0.759752,0.967173,9.86803e-09,-2.80217e-24,0.00397024
0.759952,0.967088,9.85884e-09,-2.74305e-24,0.00397125
0.760152,0.967003,9.84965e-09,-2.68393e-24,0.00397225
0.760352,0.966918,9.84046e-09,-2.62481e-24,0.00397325
0.760552,0.966833,9.83127e-09,-2.56569e-24,0.00397426
0.760752,0.966747,9.82208e-09,-2.50657e-24,0.00397526
0.760952,0.966662,9.81289e-09,-2.44745e-24,0.00397626
0.761152,0.966577,9.8037e-09,-2.38833e-24,0.00397727
0.761352,0.966492,9.79451e-09,-2.32921e-24,0.00397827
0.761552,0.966407,9.78532e-09,-2.27009e-24,0.00397927
0.761752,0.966322,9.77613e-09,-2.21098e-24,0.00398028
0.761952,0.966237,9.76694e-09,-2.15186e-24,0.00398128
0.762152,0.966152,9.75775e-09,-2.09274e-24,0.00398228
0.762352,0.966067,9.74856e-09,-2.03362e-24,0.00398329
0.762553,0.965982,9.73937e-09,-1.9745e-24,0.00398429
0.762753,0.965896,9.73018e-09,-1.91538e-24,0.00398529
0.762953,0.965811,9.72099e-09,-1.85626e-24,0.0039863
0.763153,0.965726,9.7118e-09,-1.79714e-24,0.0039873
0.763353,0.965641,9.70261e-09,-1.73802e-24,0.0039883
0.763553,0.965556,9.69342e-09,-1.6789e-24,0.00398931
0.763753,0.965471,9.68423e-09,-1.61978e-24,0.00399031
0.763953,0.965386,9.67504e-09,-1.56066e-24,0.00399131
0.764153,0.965301,9.66585e-09,-1.50154e-24,0.00399232
0.764353,0.965216,9.65666e-09,-1.44242e-24,0.00399332
0.764553,0.965131,9.64747e-09,-1.3833e-24,0.00399432
0.764753,0.965046,9.63828e-09,-1.32418e-24,0.00399533
0.764953,0.96496,9.62909e-09,-1.26506e-24,0.00399633
0.765153,0.964875,9.6199e-09,-1.20594e-24,0.00399733
0.765353,0.96479,9.61071e-09,-1.14682e-24,0.00399834
0.765553,0.964705,9.60152e-09,-1.0877e-24,0.00399934
0.765753,0.96462,9.59232e-09,-1.02858e-24,0.00400034
0.765953,0.964535,9.58313e-09,-9.69463e-25,0.00400135
0.766153,0.96445,9.57394e-09,-9.10343e-25,0.00400235
0.766353,0.964365,9.56475e-09,-8.51224e-25,0.00400335
0.766553,0.96428,9.55556e-09,-7.92104e-25,0.00400436
0.766753,0.964195,9.54637e-09,-7.32984e-25,0.00400536
0.766953,0.96411,9.53718e-09,-6.73865e-25,0.00400636
0.767153,0.964024,9.52799e-09,-6.14745e-25,0.00400737
0.767353,0.963939,9.5188e-09,-5.55625e-25,0.00400837
0.767554,0.963854,9.50961e-09,-4.96506e-25,0.00400937
0.767754,0.963769,9.50042e-09,-4.37386e-25,0.00401038
0.767954,0.963684,9.49123e-09,-3.78266e-25,0.00401138
0.768154,0.963599,9.48204e-09,-3.19147e-25,0.00401238
0.768354,0.963514,9.47285e-09,-2.60027e-25,0.00401339
0.768554,0.963429,9.46366e-09,-2.00908e-25,0.00401439
0.768754,0.963344,9.45447e-09,-1.41788e-25,0.00401539
0.768954,0.963259,9.44528e-09,-8.26683e-26,0.0040164
0.769154,0.963174,9.43609e-09,-2.35487e-26,0.0040174
0.769354,0.963088,9.4269e-09,3.5571e-26,0.00401841
0.769554,0.963003,9.41771e-09,9.46906e-26,0.00401941
0.769754,0.962918,9.40852e-09,1.5381e-25,0.00402041
0.769954,0.962832,9.39925e-09,2.1342e-25,0.00402142
0.770154,0.962738,9.38906e-09,2.78961e-25,0.00402254
0.770354,0.962644,9.37888e-09,3.44503e-25,0.00402365
0.770554,0.962549,9.36869e-09,4.10044e-25,0.00402476
0.770754,0.962455,9.3585e-09,4.75586e-25,0.00402587
0.770954,0.962361,9.34831e-09,5.41127e-25,0.00402699
0.771154,0.962266,9.33812e-09,6.06669e-25,0.0040281
0.771354,0.962172,9.32793e-09,6.7221e-25,0.00402921
0.771554,0.962078,9.31774e-09,7.37752e-25,0.00403032
0.771754,0.961983,9.30756e-09,8.03293e-25,0.00403144
0.771954,0.961889,9.29737e-09,8.68835e-25,0.00403255
0.772154,0.961795,9.28718e-09,9.34376e-25,0.00403366
0.772354,0.9617,9.27699e-09,9.99918e-25,0.00403477
0.772555,0.961606,9.2668e-09,1.06546e-24,0.00403588
0.772755,0.961512,9.25661e-09,1.131e-24,0.004037
0.772955,0.961417,9.24642e-09,1.19654e-24,0.00403811
0.773155,0.961323,9.23624e-09,1.26208e-24,0.00403922
0.773355,0.961229,9.22605e-09,1.32763e-24,0.00404033
0.773555,0.961134,9.21586e-09,1.39317e-24,0.00404145
0.773755,0.96104,9.20567e-09,1.45871e-24,0.00404256
0.773955,0.960946,9.19548e-09,1.52425e-24,0.00404367
0.774155,0.960851,9.18529e-09,1.58979e-24,0.00404478
0.774355,0.960757,9.1751e-09,1.65533e-24,0.0040459
0.774555,0.960663,9.16492e-09,1.72087e-24,0.00404701
0.774755,0.960568,9.15473e-09,1.78642e-24,0.00404812
0.774955,0.960474,9.14454e-09,1.85196e-24,0.00404923
0.775155,0.96038,9.13435e-09,1.9175e-24,0.00405035
0.775355,0.960285,9.12416e-09,1.98304e-24,0.00405146
0.775555,0.960191,9.11397e-09,2.04858e-24,0.00405257
0.775755,0.960097,9.10378e-09,2.11412e-24,0.00405368
0.775955,0.960002,9.0936e-09,2.17967e-24,0.0040548
0.776155,0.959908,9.08341e-09,2.24521e-24,0.00405591
0.776355,0.959814,9.07322e-09,2.31075e-24,0.00405702
0.776555,0.959719,9.06303e-09,2.37629e-24,0.00405813
0.776755,0.959625,9.05284e-09,2.44183e-24,0.00405924
0.776955,0.959531,9.04265e-09,2.50737e-24,0.00406036
0.777155,0.959436,9.03246e-09,2.57291e-24,0.00406147
0.777355,0.959342,9.02228e-09,2.63846e-24,0.00406258
0.777556,0.959248,9.01209e-09,2.704e-24,0.00406369
0.777756,0.959153,9.0019e-09,2.76954e-24,0.00406481
0.777956,0.959059,8.99171e-09,2.83508e-24,0.00406592
0.778156,0.958965,8.98152e-09,2.90062e-24,0.00406703
0.778356,0.95887,8.97133e-09,2.96616e-24,0.00406814
0.778556,0.958776,8.96114e-09,3.03171e-24,0.00406926
0.778756,0.958682,8.95096e-09,3.09725e-24,0.00407037
0.778956,0.958587,8.94077e-09,3.16279e-24,0.00407148
0.779156,0.958493,8.93058e-09,3.22833e-24,0.00407259
0.779356,0.958399,8.92039e-09,3.29387e-24,0.00407371
0.779556,0.958304,8.9102e-09,3.35941e-24,0.00407482
0.779756,0.95821,8.90001e-09,3.42495e-24,0.00407593
0.779956,0.958116,8.88982e-09,3.4905e-24,0.00407704
0.780156,0.958021,8.87964e-09,3.55604e-24,0.00407816
0.780356,0.957927,8.86945e-09,3.62158e-24,0.00407927
0.780556,0.957833,8.85926e-09,3.68712e-24,0.00408038
0.780756,0.957738,8.84907e-09,3.75266e-24,0.00408149
0.780956,0.957644,8.83888e-09,3.8182e-24,0.0040826
0.781156,0.95755,8.82869e-09,3.88375e-24,0.00408372
0.781356,0.957455,8.8185e-09,3.94929e-24,0.00408483
0.781556,0.957361,8.80768e-09,3.99496e-24,0.00408592
0.781756,0.957265,8.79458e-09,3.96949e-24,0.00408694
0.781956,0.95717,8.78148e-09,3.94401e-24,0.00408796
0.782156,0.957075,8.76838e-09,3.91854e-24,0.00408898
0.782356,0.95698,8.75528e-09,3.89306e-24,0.00409
0.782557,0.956885,8.74218e-09,3.86758e-24,0.00409102
0.782757,0.956789,8.72908e-09,3.84211e-24,0.00409204
0.782957,0.956694,8.71598e-09,3.81663e-24,0.00409306
0.783157,0.956599,8.70288e-09,3.79116e-24,0.00409408
0.783357,0.956504,8.68978e-09,3.76568e-24,0.0040951
0.783557,0.956408,8.67668e-09,3.7402e-24,0.00409612
0.783757,0.956313,8.66359e-09,3.71473e-24,0.00409714
0.783957,0.956218,8.65049e-09,3.68925e-24,0.00409816
0.784157,0.956123,8.63739e-09,3.66378e-24,0.00409918
0.784357,0.956028,8.62429e-09,3.6383e-24,0.0041002
0.784557,0.955932,8.61119e-09,3.61282e-24,0.00410122
0.784757,0.955837,8.59809e-09,3.58735e-24,0.00410224
0.784957,0.955742,8.58499e-09,3.56187e-24,0.00410326
0.785157,0.955647,8.57189e-09,3.5364e-24,0.00410427
0.785357,0.955551,8.55879e-09,3.51092e-24,0.00410529
0.785557,0.955456,8.54569e-09,3.48544e-24,0.00410631
0.785757,0.955361,8.53259e-09,3.45997e-24,0.00410733
0.785957,0.955266,8.51949e-09,3.43449e-24,0.00410835
0.786157,0.95517,8.50639e-09,3.40902e-24,0.00410937
0.786357,0.955075,8.49329e-09,3.38354e-24,0.00411039
0.786557,0.95498,8.48019e-09,3.35806e-24,0.00411141
0.786757,0.954885,8.46709e-09,3.33259e-24,0.00411243
0.786957,0.95479,8.45399e-09,3.30711e-24,0.00411345
0.787157,0.954694,8.44089e-09,3.28163e-24,0.00411447
0.787357,0.954599,8.42779e-09,3.25616e-24,0.00411549
0.787558,0.954504,8.41469e-09,3.23068e-24,0.00411651
0.787758,0.954409,8.40159e-09,3.20521e-24,0.00411753
0.787958,0.954313,8.3885e-09,3.17973e-24,0.00411855
0.788158,0.954218,8.3754e-09,3.15425e-24,0.00411957
0.788358,0.954123,8.3623e-09,3.12878e-24,0.00412059
0.788558,0.954028,8.3492e-09,3.1033e-24,0.00412161
0.788758,0.953933,8.3361e-09,3.07783e-24,0.00412263
0.788958,0.953837,8.323e-09,3.05235e-24,0.00412365
0.789158,0.953742,8.3099e-09,3.02687e-24,0.00412467
0.789358,0.953647,8.2968e-09,3.0014e-24,0.00412569
0.789558,0.953552,8.2837e-09,2.97592e-24,0.00412671
0.789758,0.953456,8.2706e-09,2.95045e-24,0.00412773
0.789958,0.953361,8.2575e-09,2.92497e-24,0.00412875
0.790158,0.953266,8.2444e-09,2.89949e-24,0.00412977
0.790358,0.953171,8.2313e-09,2.87402e-24,0.00413079
0.790558,0.953075,8.2182e-09,2.84854e-24,0.0041318
0.790758,0.95298,8.2051e-09,2.82307e-24,0.00413282
0.790958,0.952885,8.192e-09,2.79759e-24,0.00413384
0.791158,0.95279,8.1789e-09,2.77211e-24,0.00413486
0.791358,0.952695,8.1658e-09,2.74664e-24,0.00413588
0.791558,0.952599,8.1527e-09,2.72116e-24,0.0041369
0.791758,0.952504,8.1396e-09,2.69569e-24,0.00413792
0.791958,0.952409,8.1265e-09,2.67021e-24,0.00413894
0.792158,0.952314,8.11341e-09,2.64473e-24,0.00413996
0.792358,0.952218,8.10031e-09,2.61926e-24,0.00414098
0.792559,0.952123,8.08721e-09,2.59378e-24,0.004142
0.792759,0.952028,8.07411e-09,2.56831e-24,0.00414302
0.792959,0.951933,8.06101e-09,2.54283e-24,0.00414404
0.793159,0.951834,8.04739e-09,2.51636e-24,0.0041451
0.793359,0.951728,8.03287e-09,2.48811e-24,0.00414623
0.793559,0.951623,8.01835e-09,2.45986e-24,0.00414736
0.793759,0.951517,8.00382e-09,2.43161e-24,0.00414849
0.793959,0.951411,7.9893e-09,2.40337e-24,0.00414962
0.794159,0.951306,7.97477e-09,2.37512e-24,0.00415075
0.794359,0.9512,7.96025e-09,2.34687e-24,0.00415188
0.794559,0.951095,7.94572e-09,2.31862e-24,0.00415301
0.794759,0.950989,7.9312e-09,2.29038e-24,0.00415414
0.794959,0.950883,7.91667e-09,2.26213e-24,0.00415527
0.795159,0.950778,7.90215e-09,2.23388e-24,0.00415641
0.795359,0.950672,7.88762e-09,2.20563e-24,0.00415754
0.795559,0.950567,7.8731e-09,2.17739e-24,0.00415867
0.795759,0.950461,7.85857e-09,2.14914e-24,0.0041598
0.795959,0.950356,7.84405e-09,2.12089e-24,0.00416093
0.796159,0.95025,7.82953e-09,2.09264e-24,0.00416206
0.796359,0.950144,7.815e-09,2.0644e-24,0.00416319
0.796559,0.950039,7.80048e-09,2.03615e-24,0.00416432
0.796759,0.949933,7.78595e-09,2.0079e-24,0.00416545
0.796959,0.949828,7.77143e-09,1.97965e-24,0.00416658
0.797159,0.949722,7.7569e-09,1.95141e-24,0.00416771
0.797359,0.949616,7.74238e-09,1.92316e-24,0.00416884
0.79756,0.949511,7.72785e-09,1.89491e-24,0.00416997
0.79776,0.949405,7.71333e-09,1.86666e-24,0.0041711
0.79796,0.9493,7.6988e-09,1.83842e-24,0.00417223
0.79816,0.949194,7.68428e-09,1.81017e-24,0.00417336
0.79836,0.949089,7.66976e-09,1.78192e-24,0.00417449
0.79856,0.948983,7.65523e-09,1.75367e-24,0.00417562
0.79876,0.948877,7.64071e-09,1.72543e-24,0.00417676
0.79896,0.948772,7.62618e-09,1.69718e-24,0.00417789
0.79916,0.948666,7.61166e-09,1.66893e-24,0.00417902
0.79936,0.948561,7.59713e-09,1.64069e-24,0.00418015
0.79956,0.948455,7.58261e-09,1.61244e-24,0.00418128
0.79976,0.948349,7.56808e-09,1.58419e-24,0.00418241
0.79996,0.948244,7.55356e-09,1.55594e-24,0.00418354
0.80016,0.948138,7.53903e-09,1.5277e-24,0.00418467
0.80036,0.948033,7.52451e-09,1.49945e-24,0.0041858
0.80056,0.947927,7.50999e-09,1.4712e-24,0.00418693
0.80076,0.947821,7.49546e-09,1.44295e-24,0.00418806
0.80096,0.947716,7.48094e-09,1.41471e-24,0.00418919
0.80116,0.94761,7.46641e-09,1.38646e-24,0.00419032
0.80136,0.947505,7.45189e-09,1.35821e-24,0.00419145
0.80156,0.947399,7.43736e-09,1.32996e-24,0.00419258
0.80176,0.947294,7.42284e-09,1.30172e-24,0.00419371
0.80196,0.947188,7.40831e-09,1.27347e-24,0.00419484
0.80216,0.947082,7.39379e-09,1.24522e-24,0.00419597
0.80236,0.946977,7.37926e-09,1.21697e-24,0.00419711
0.802561,0.946871,7.36474e-09,1.18873e-24,0.00419824
0.802761,0.946766,7.35022e-09,1.16048e-24,0.00419937
0.802961,0.94666,7.33569e-09,1.13223e-24,0.0042005
0.803161,0.946554,7.32117e-09,1.10398e-24,0.00420163
0.803361,0.946449,7.30664e-09,1.07574e-24,0.00420276
0.803561,0.946343,7.29203e-09,1.05017e-24,0.00420387
0.803761,0.946237,7.27709e-09,1.03462e-24,0.0042049
0.803961,0.94613,7.26216e-09,1.01908e-24,0.00420593
0.804161,0.946024,7.24722e-09,1.00353e-24,0.00420697
0.804361,0.945917,7.23229e-09,9.87981e-25,0.004208
0.804561,0.945811,7.21735e-09,9.72433e-25,0.00420903
0.804761,0.945705,7.20241e-09,9.56884e-25,0.00421007
0.804961,0.945598,7.18748e-09,9.41336e-25,0.0042111
0.805161,0.945492,7.17254e-09,9.25788e-25,0.00421213
0.805361,0.945385,7.15761e-09,9.1024e-25,0.00421317
0.805561,0.945279,7.14267e-09,8.94692e-25,0.0042142
0.805761,0.945172,7.12773e-09,8.79144e-25,0.00421523
0.805961,0.945066,7.1128e-09,8.63596e-25,0.00421627
0.806161,0.94496,7.09786e-09,8.48048e-25,0.0042173
0.806361,0.944853,7.08293e-09,8.32499e-25,0.00421833
0.806561,0.944747,7.06799e-09,8.16951e-25,0.00421937
0.806761,0.94464,7.05306e-09,8.01403e-25,0.0042204
0.806961,0.944534,7.03812e-09,7.85855e-25,0.00422143
0.807161,0.944427,7.02318e-09,7.70307e-25,0.00422247
0.807361,0.944321,7.00825e-09,7.54759e-25,0.0042235
0.807562,0.944215,6.99331e-09,7.39211e-25,0.00422453
0.807762,0.944108,6.97838e-09,7.23663e-25,0.00422557
0.807962,0.944002,6.96344e-09,7.08115e-25,0.0042266
0.808162,0.943895,6.9485e-09,6.92566e-25,0.00422763
0.808362,0.943789,6.93357e-09,6.77018e-25,0.00422867
0.808562,0.943682,6.91863e-09,6.6147e-25,0.0042297
0.808762,0.943576,6.9037e-09,6.45922e-25,0.00423073
0.808962,0.94347,6.88876e-09,6.30374e-25,0.00423177
0.809162,0.943363,6.87382e-09,6.14826e-25,0.0042328
0.809362,0.943257,6.85889e-09,5.99278e-25,0.00423383
0.809562,0.94315,6.84395e-09,5.8373e-25,0.00423487
0.809762,0.943044,6.82902e-09,5.68181e-25,0.0042359
0.809962,0.942937,6.81408e-09,5.52633e-25,0.00423693
0.810162,0.942831,6.79914e-09,5.37085e-25,0.00423797
0.810362,0.942725,6.78421e-09,5.21537e-25,0.004239
0.810562,0.942618,6.76927e-09,5.05989e-25,0.00424003
0.810762,0.942512,6.75434e-09,4.90441e-25,0.00424107
0.810962,0.942405,6.7394e-09,4.74893e-25,0.0042421
0.811162,0.942299,6.72446e-09,4.59345e-25,0.00424313
0.811362,0.942192,6.70953e-09,4.43797e-25,0.00424417
0.811562,0.942086,6.69459e-09,4.28248e-25,0.0042452
0.811762,0.94198,6.67966e-09,4.127e-25,0.00424623
0.811962,0.941873,6.66472e-09,3.97152e-25,0.00424727
0.812162,0.941767,6.64978e-09,3.81604e-25,0.0042483
0.812362,0.94166,6.63485e-09,3.66056e-25,0.00424933
0.812563,0.941554,6.61991e-09,3.50508e-25,0.00425037
0.812763,0.941448,6.60498e-09,3.3496e-25,0.0042514
0.812963,0.941341,6.59004e-09,3.19412e-25,0.00425243
0.813163,0.941235,6.5751e-09,3.03864e-25,0.00425347
0.813363,0.941128,6.56017e-09,2.88315e-25,0.0042545
0.813563,0.941022,6.54523e-09,2.72767e-25,0.00425553
0.813763,0.940915,6.5303e-09,2.57219e-25,0.00425657
0.813963,0.940808,6.51526e-09,2.41565e-25,0.00425761
0.814163,0.94069,6.4987e-09,2.24324e-25,0.00425875
0.814363,0.940572,6.48213e-09,2.07082e-25,0.0042599
0.814563,0.940454,6.46557e-09,1.89841e-25,0.00426105
0.814763,0.940336,6.44901e-09,1.72599e-25,0.00426219
0.814963,0.940218,6.43245e-09,1.55358e-25,0.00426334
0.815163,0.9401,6.41588e-09,1.38116e-25,0.00426448
0.815363,0.939982,6.39932e-09,1.20875e-25,0.00426563
0.815563,0.939864,6.38276e-09,1.03633e-25,0.00426677
0.815763,0.939746,6.36619e-09,8.63917e-26,0.00426792
0.815963,0.939628,6.34963e-09,6.91502e-26,0.00426907
0.816163,0.93951,6.33307e-09,5.19086e-26,0.00427021
0.816363,0.939392,6.31651e-09,3.46671e-26,0.00427136
0.816563,0.939274,6.29994e-09,1.74256e-26,0.0042725
0.816763,0.939156,6.28338e-09,1.8409e-28,0.00427365
0.816963,0.939038,6.26682e-09,-1.70574e-26,0.0042748
0.817163,0.93892,6.25026e-09,-3.42989e-26,0.00427594
0.817363,0.938802,6.23369e-09,-5.15405e-26,0.00427709
0.817564,0.938684,6.21713e-09,-6.8782e-26,0.00427823
0.817764,0.938566,6.20057e-09,-8.60235e-26,0.00427938
0.817964,0.938448,6.184e-09,-1.03265e-25,0.00428052
0.818164,0.93833,6.16744e-09,-1.20507e-25,0.00428167
0.818364,0.938212,6.15088e-09,-1.37748e-25,0.00428282
0.818564,0.938094,6.13432e-09,-1.5499e-25,0.00428396
0.818764,0.937976,6.11775e-09,-1.72231e-25,0.00428511
0.818964,0.937858,6.10119e-09,-1.89473e-25,0.00428625
0.819164,0.93774,6.08463e-09,-2.06714e-25,0.0042874
0.819364,0.937622,6.06807e-09,-2.23956e-25,0.00428855
0.819564,0.937504,6.0515e-09,-2.41197e-25,0.00428969
0.819764,0.937386,6.03494e-09,-2.58439e-25,0.00429084
0.819964,0.937268,6.01838e-09,-2.7568e-25,0.00429198
0.820164,0.93715,6.00182e-09,-2.92922e-25,0.00429313
0.820364,0.937032,5.98525e-09,-3.10163e-25,0.00429427
0.820564,0.936914,5.96869e-09,-3.27405e-25,0.00429542
0.820764,0.936796,5.95213e-09,-3.44646e-25,0.00429657
0.820964,0.936678,5.93556e-09,-3.61888e-25,0.00429771
0.821164,0.93656,5.919e-09,-3.79129e-25,0.00429886
0.821364,0.936442,5.90244e-09,-3.96371e-25,0.0043
0.821564,0.936324,5.88588e-09,-4.13612e-25,0.00430115
0.821764,0.936206,5.86931e-09,-4.30854e-25,0.0043023
0.821964,0.936088,5.85275e-09,-4.48095e-25,0.00430344
0.822164,0.93597,5.83619e-09,-4.65337e-25,0.00430459
0.822364,0.935852,5.81963e-09,-4.82578e-25,0.00430573
0.822565,0.935734,5.80306e-09,-4.9982e-25,0.00430688
0.822765,0.935616,5.7865e-09,-5.17061e-25,0.00430803
0.822965,0.935498,5.76994e-09,-5.34303e-25,0.00430917
0.823165,0.935379,5.75337e-09,-5.51544e-25,0.00431032
0.823365,0.935261,5.73692e-09,-5.67406e-25,0.00431146
0.823565,0.935143,5.72223e-09,-5.61365e-25,0.0043125
0.823765,0.935024,5.70753e-09,-5.55324e-25,0.00431355
0.823965,0.934905,5.69283e-09,-5.49283e-25,0.00431459
0.824165,0.934786,5.67814e-09,-5.43242e-25,0.00431564
0.824365,0.934667,5.66344e-09,-5.37201e-25,0.00431668
0.824565,0.934548,5.64874e-09,-5.3116e-25,0.00431772
0.824765,0.93443,5.63404e-09,-5.25119e-25,0.00431877
0.824965,0.934311,5.61935e-09,-5.19079e-25,0.00431981
0.825165,0.934192,5.60465e-09,-5.13038e-25,0.00432086
0.825365,0.934073,5.58995e-09,-5.06997e-25,0.0043219
0.825565,0.933954,5.57526e-09,-5.00956e-25,0.00432295
0.825765,0.933835,5.56056e-09,-4.94915e-25,0.00432399
0.825965,0.933717,5.54586e-09,-4.88874e-25,0.00432504
0.826165,0.933598,5.53117e-09,-4.82833e-25,0.00432608
0.826365,0.933479,5.51647e-09,-4.76792e-25,0.00432713
0.826565,0.93336,5.50177e-09,-4.70752e-25,0.00432817
0.826765,0.933241,5.48708e-09,-4.64711e-25,0.00432922
0.826965,0.933122,5.47238e-09,-4.5867e-25,0.00433026
0.827165,0.933004,5.45768e-09,-4.52629e-25,0.00433131
0.827365,0.932885,5.44299e-09,-4.46588e-25,0.00433235
0.827566,0.932766,5.42829e-09,-4.40547e-25,0.00433339
0.827766,0.932647,5.41359e-09,-4.34506e-25,0.00433444
0.827966,0.932528,5.3989e-09,-4.28465e-25,0.00433548
0.828166,0.932409,5.3842e-09,-4.22424e-25,0.00433653
0.828366,0.932291,5.3695e-09,-4.16384e-25,0.00433757
0.828566,0.932172,5.3548e-09,-4.10343e-25,0.00433862
0.828766,0.932053,5.34011e-09,-4.04302e-25,0.00433966
0.828966,0.931934,5.32541e-09,-3.98261e-25,0.00434071
0.829166,0.931815,5.31071e-09,-3.9222e-25,0.00434175
0.829366,0.931696,5.29602e-09,-3.86179e-25,0.0043428
0.829566,0.931578,5.28132e-09,-3.80138e-25,0.00434384
0.829766,0.931459,5.26662e-09,-3.74097e-25,0.00434489
0.829966,0.93134,5.25193e-09,-3.68057e-25,0.00434593
0.830166,0.931221,5.23723e-09,-3.62016e-25,0.00434698
0.830366,0.931102,5.22253e-09,-3.55975e-25,0.00434802
0.830566,0.930983,5.20784e-09,-3.49934e-25,0.00434906
0.830766,0.930865,5.19314e-09,-3.43893e-25,0.00435011
0.830966,0.930746,5.17844e-09,-3.37852e-25,0.00435115
0.831166,0.930627,5.16375e-09,-3.31811e-25,0.0043522
0.831366,0.930508,5.14905e-09,-3.2577e-25,0.00435324
0.831566,0.930389,5.13435e-09,-3.19729e-25,0.00435429
0.831766,0.93027,5.11966e-09,-3.13689e-25,0.00435533
0.831966,0.930152,5.10496e-09,-3.07648e-25,0.00435638
0.832166,0.930033,5.09026e-09,-3.01607e-25,0.00435742
0.832366,0.929914,5.07556e-09,-2.95566e-25,0.00435847
0.832567,0.929795,5.06087e-09,-2.89525e-25,0.00435951
0.832767,0.929675,5.04608e-09,-2.83447e-25,0.00436056
0.832967,0.929544,5.02978e-09,-2.76748e-25,0.00436172
0.833167,0.929412,5.01348e-09,-2.70048e-25,0.00436288
0.833367,0.92928,4.99718e-09,-2.63349e-25,0.00436404
0.833567,0.929148,4.98089e-09,-2.56649e-25,0.0043652
0.833767,0.929017,4.96459e-09,-2.4995e-25,0.00436635
0.833967,0.928885,4.94829e-09,-2.4325e-25,0.00436751
0.834167,0.928753,4.93199e-09,-2.36551e-25,0.00436867
0.834367,0.928621,4.91569e-09,-2.29852e-25,0.00436983
0.834567,0.928489,4.89939e-09,-2.23152e-25,0.00437099
0.834767,0.928358,4.88309e-09,-2.16453e-25,0.00437215
0.834967,0.928226,4.86679e-09,-2.09753e-25,0.00437331
0.835167,0.928094,4.85049e-09,-2.03054e-25,0.00437446
0.835367,0.927962,4.83419e-09,-1.96354e-25,0.00437562
0.835567,0.92783,4.81789e-09,-1.89655e-25,0.00437678
0.835767,0.927699,4.8016e-09,-1.82955e-25,0.00437794
0.835967,0.927567,4.7853e-09,-1.76256e-25,0.0043791
0.836167,0.927435,4.769e-09,-1.69557e-25,0.00438026
0.836367,0.927303,4.7527e-09,-1.62857e-25,0.00438142
0.836567,0.927171,4.7364e-09,-1.56158e-25,0.00438257
0.836767,0.92704,4.7201e-09,-1.49458e-25,0.00438373
0.836967,0.926908,4.7038e-09,-1.42759e-25,0.00438489
0.837167,0.926776,4.6875e-09,-1.36059e-25,0.00438605
0.837367,0.926644,4.6712e-09,-1.2936e-25,0.00438721
0.837568,0.926513,4.6549e-09,-1.2266e-25,0.00438837
0.837768,0.926381,4.6386e-09,-1.15961e-25,0.00438953
0.837968,0.926249,4.62231e-09,-1.09261e-25,0.00439068
0.838168,0.926117,4.60601e-09,-1.02562e-25,0.00439184
0.838368,0.925985,4.58971e-09,-9.58626e-26,0.004393
0.838568,0.925854,4.57341e-09,-8.91631e-26,0.00439416
0.838768,0.925722,4.55711e-09,-8.24636e-26,0.00439532
0.838968,0.92559,4.54081e-09,-7.57642e-26,0.00439648
0.839168,0.925458,4.52451e-09,-6.90647e-26,0.00439764
0.839368,0.925326,4.50821e-09,-6.23653e-26,0.00439879
0.839568,0.925195,4.49191e-09,-5.56658e-26,0.00439995
0.839768,0.925063,4.47561e-09,-4.89664e-26,0.00440111
0.839968,0.924931,4.45931e-09,-4.22669e-26,0.00440227
0.840168,0.924799,4.44302e-09,-3.55675e-26,0.00440343
0.840368,0.924667,4.42672e-09,-2.8868e-26,0.00440459
0.840568,0.924536,4.41042e-09,-2.21686e-26,0.00440575
0.840768,0.924404,4.39412e-09,-1.54691e-26,0.0044069
0.840968,0.924272,4.37782e-09,-8.76968e-27,0.00440806
0.841168,0.92414,4.36152e-09,-2.07023e-27,0.00440922
0.841368,0.924008,4.34812e-09,1.67614e-27,0.00441031
0.841568,0.923875,4.33602e-09,4.10187e-27,0.00441136
0.841768,0.923743,4.32391e-09,6.52759e-27,0.00441241
0.841968,0.92361,4.31181e-09,8.95332e-27,0.00441347
0.842168,0.923477,4.29971e-09,1.1379e-26,0.00441452
0.842368,0.923345,4.2876e-09,1.38048e-26,0.00441558
0.842569,0.923212,4.2755e-09,1.62305e-26,0.00441663
0.842769,0.92308,4.2634e-09,1.86562e-26,0.00441768
0.842969,0.922947,4.25129e-09,2.10819e-26,0.00441874
0.843169,0.922814,4.23919e-09,2.35077e-26,0.00441979
0.843369,0.922682,4.22708e-09,2.59334e-26,0.00442084
0.843569,0.922549,4.21498e-09,2.83591e-26,0.0044219
0.843769,0.922416,4.20288e-09,3.07848e-26,0.00442295
0.843969,0.922284,4.19077e-09,3.32106e-26,0.00442401
0.844169,0.922151,4.17867e-09,3.56363e-26,0.00442506
0.844369,0.922019,4.16657e-09,3.8062e-26,0.00442611
0.844569,0.921886,4.15446e-09,4.04877e-26,0.00442717
0.844769,0.921753,4.14236e-09,4.29135e-26,0.00442822
0.844969,0.921621,4.13026e-09,4.53392e-26,0.00442927
0.845169,0.921488,4.11815e-09,4.77649e-26,0.00443033
0.845369,0.921356,4.10605e-09,5.01906e-26,0.00443138
0.845569,0.921223,4.09395e-09,5.26164e-26,0.00443244
0.845769,0.92109,4.08184e-09,5.50421e-26,0.00443349
0.845969,0.920958,4.06974e-09,5.74678e-26,0.00443454
0.846169,0.920825,4.05764e-09,5.98936e-26,0.0044356
0.846369,0.920692,4.04553e-09,6.23193e-26,0.00443665
0.846569,0.92056,4.03343e-09,6.4745e-26,0.0044377
0.846769,0.920427,4.02132e-09,6.71707e-26,0.00443876
0.846969,0.920295,4.00922e-09,6.95965e-26,0.00443981
0.847169,0.920162,3.99712e-09,7.20222e-26,0.00444087
0.847369,0.920029,3.98501e-09,7.44479e-26,0.00444192
0.84757,0.919897,3.97291e-09,7.68736e-26,0.00444297
0.84777,0.919764,3.96081e-09,7.92994e-26,0.00444403
0.84797,0.919631,3.9487e-09,8.17251e-26,0.00444508
0.84817,0.919499,3.9366e-09,8.41508e-26,0.00444613
0.84837,0.919366,3.9245e-09,8.65765e-26,0.00444719
0.84857,0.919234,3.91239e-09,8.90023e-26,0.00444824
0.84877,0.919101,3.90029e-09,9.1428e-26,0.0044493
0.84897,0.918968,3.88819e-09,9.38537e-26,0.00445035
0.84917,0.918836,3.87608e-09,9.62794e-26,0.0044514
0.84937,0.918703,3.86398e-09,9.87052e-26,0.00445246
0.84957,0.91857,3.85188e-09,1.01131e-25,0.00445351
0.84977,0.918433,3.83934e-09,1.03643e-25,0.0044546
0.84997,0.918286,3.82592e-09,1.06333e-25,0.00445577
0.85017,0.918139,3.81249e-09,1.09024e-25,0.00445694
0.85037,0.917992,3.79907e-09,1.11714e-25,0.00445811
0.85057,0.917845,3.78565e-09,1.14404e-25,0.00445928
0.85077,0.917698,3.77222e-09,1.17095e-25,0.00446045
0.85097,0.917551,3.7588e-09,1.19785e-25,0.00446161
0.85117,0.917403,3.74537e-09,1.22476e-25,0.00446278
0.85137,0.917256,3.73195e-09,1.25166e-25,0.00446395
0.85157,0.917109,3.71852e-09,1.27856e-25,0.00446512
0.85177,0.916962,3.7051e-09,1.30547e-25,0.00446629
0.85197,0.916815,3.69168e-09,1.33237e-25,0.00446746
0.85217,0.916668,3.67825e-09,1.35927e-25,0.00446863
0.85237,0.916521,3.66483e-09,1.38618e-25,0.0044698
0.852571,0.916374,3.6514e-09,1.41308e-25,0.00447096
0.852771,0.916227,3.63798e-09,1.43999e-25,0.00447213
0.852971,0.91608,3.62456e-09,1.46689e-25,0.0044733
0.853171,0.915932,3.61113e-09,1.49379e-25,0.00447447
0.853371,0.915785,3.59771e-09,1.5207e-25,0.00447564
0.853571,0.915638,3.58428e-09,1.5476e-25,0.00447681
0.853771,0.915491,3.57086e-09,1.5745e-25,0.00447798
0.853971,0.915344,3.55744e-09,1.60141e-25,0.00447915
0.854171,0.915197,3.54401e-09,1.62831e-25,0.00448031
0.854371,0.91505,3.53059e-09,1.65522e-25,0.00448148
0.854571,0.914903,3.51716e-09,1.68212e-25,0.00448265
0.854771,0.914756,3.50374e-09,1.70902e-25,0.00448382
0.854971,0.914609,3.49032e-09,1.73593e-25,0.00448499
0.855171,0.914462,3.47689e-09,1.76283e-25,0.00448616
0.855371,0.914314,3.46347e-09,1.78974e-25,0.00448733
0.855571,0.914167,3.45004e-09,1.81664e-25,0.0044885
0.855771,0.91402,3.43662e-09,1.84354e-25,0.00448966
0.855971,0.913873,3.42319e-09,1.87045e-25,0.00449083
0.856171,0.913726,3.40977e-09,1.89735e-25,0.004492
0.856371,0.913579,3.39635e-09,1.92425e-25,0.00449317
0.856571,0.913432,3.38292e-09,1.95116e-25,0.00449434
0.856771,0.913285,3.3695e-09,1.97806e-25,0.00449551
0.856971,0.913138,3.35607e-09,2.00497e-25,0.00449668
0.857171,0.912991,3.34265e-09,2.03187e-25,0.00449784
0.857371,0.912843,3.33033e-09,2.33838e-25,0.004499
0.857572,0.912695,3.32477e-09,4.34775e-25,0.00450006
0.857772,0.912547,3.3192e-09,6.35712e-25,0.00450112
0.857972,0.912399,3.31363e-09,8.36648e-25,0.00450218
0.858172,0.912251,3.30807e-09,1.03759e-24,0.00450324
0.858372,0.912103,3.3025e-09,1.23852e-24,0.0045043
0.858572,0.911956,3.29693e-09,1.43946e-24,0.00450536
0.858772,0.911808,3.29136e-09,1.6404e-24,0.00450642
0.858972,0.91166,3.2858e-09,1.84133e-24,0.00450748
0.859172,0.911512,3.28023e-09,2.04227e-24,0.00450854
0.859372,0.911364,3.27466e-09,2.24321e-24,0.0045096
0.859572,0.911216,3.26909e-09,2.44414e-24,0.00451066
0.859772,0.911068,3.26353e-09,2.64508e-24,0.00451172
0.859972,0.91092,3.25796e-09,2.84602e-24,0.00451279
0.860172,0.910772,3.25239e-09,3.04695e-24,0.00451385
0.860372,0.910624,3.24683e-09,3.24789e-24,0.00451491
0.860572,0.910476,3.24126e-09,3.44883e-24,0.00451597
0.860772,0.910328,3.23569e-09,3.64976e-24,0.00451703
0.860972,0.91018,3.23012e-09,3.8507e-24,0.00451809
0.861172,0.910032,3.22456e-09,4.05164e-24,0.00451915
0.861372,0.909884,3.21899e-09,4.25257e-24,0.00452021
0.861572,0.909736,3.21342e-09,4.45351e-24,0.00452127
0.861772,0.909588,3.20786e-09,4.65445e-24,0.00452233
0.861972,0.90944,3.20229e-09,4.85539e-24,0.00452339
0.862172,0.909292,3.19672e-09,5.05632e-24,0.00452445
0.862372,0.909144,3.19115e-09,5.25726e-24,0.00452551
0.862573,0.908996,3.18559e-09,5.4582e-24,0.00452657
0.862773,0.908848,3.18002e-09,5.65913e-24,0.00452763
0.862973,0.9087,3.17445e-09,5.86007e-24,0.00452869
0.863173,0.908552,3.16888e-09,6.06101e-24,0.00452975
0.863373,0.908404,3.16332e-09,6.26194e-24,0.00453081
0.863573,0.908256,3.15775e-09,6.46288e-24,0.00453188
0.863773,0.908108,3.15218e-09,6.66382e-24,0.00453294
0.863973,0.90796,3.14662e-09,6.86475e-24,0.004534
0.864173,0.907812,3.14105e-09,7.06569e-24,0.00453506
0.864373,0.907664,3.13548e-09,7.26663e-24,0.00453612
0.864573,0.907516,3.12991e-09,7.46756e-24,0.00453718
0.864773,0.907368,3.12435e-09,7.6685e-24,0.00453824
0.864973,0.90722,3.11878e-09,7.86944e-24,0.0045393
0.865173,0.907057,3.11263e-09,8.09135e-24,0.00454047
0.865373,0.906892,3.10646e-09,8.31423e-24,0.00454165
0.865573,0.906728,3.10028e-09,8.5371e-24,0.00454282
0.865773,0.906564,3.09411e-09,8.75997e-24,0.004544
0.865973,0.9064,3.08793e-09,8.98285e-24,0.00454518
0.866173,0.906236,3.08176e-09,9.20572e-24,0.00454635
0.866373,0.906072,3.07558e-09,9.4286e-24,0.00454753
0.866573,0.905908,3.06941e-09,9.65147e-24,0.0045487
0.866773,0.905743,3.06323e-09,9.87434e-24,0.00454988
0.866973,0.905579,3.05706e-09,1.00972e-23,0.00455106
0.867173,0.905415,3.05088e-09,1.03201e-23,0.00455223
0.867373,0.905251,3.04471e-09,1.0543e-23,0.00455341
0.867574,0.905087,3.03853e-09,1.07658e-23,0.00455459
0.867774,0.904923,3.03236e-09,1.09887e-23,0.00455576
0.867974,0.904759,3.02618e-09,1.12116e-23,0.00455694
0.868174,0.904595,3.02001e-09,1.14345e-23,0.00455812
0.868374,0.90443,3.01383e-09,1.16573e-23,0.00455929
0.868574,0.904266,3.00765e-09,1.18802e-23,0.00456047
0.868774,0.904102,3.00148e-09,1.21031e-23,0.00456164
0.868974,0.903938,2.9953e-09,1.2326e-23,0.00456282
0.869174,0.903774,2.98913e-09,1.25488e-23,0.004564
0.869374,0.90361,2.98295e-09,1.27717e-23,0.00456517
0.869574,0.903446,2.97678e-09,1.29946e-23,0.00456635
0.869774,0.903281,2.9706e-09,1.32175e-23,0.00456753
0.869974,0.903117,2.96443e-09,1.34403e-23,0.0045687
0.870174,0.902953,2.95825e-09,1.36632e-23,0.00456988
0.870374,0.902789,2.95208e-09,1.38861e-23,0.00457105
0.870574,0.902625,2.9459e-09,1.41089e-23,0.00457223
0.870774,0.902461,2.93973e-09,1.43318e-23,0.00457341
0.870974,0.902297,2.93355e-09,1.45547e-23,0.00457458
0.871174,0.902132,2.92738e-09,1.47776e-23,0.00457576
0.871374,0.901968,2.9212e-09,1.50004e-23,0.00457694
0.871574,0.901804,2.91503e-09,1.52233e-23,0.00457811
0.871774,0.90164,2.90885e-09,1.54462e-23,0.00457929
0.871974,0.901475,2.90633e-09,1.53062e-23,0.00458041
0.872174,0.90131,2.90692e-09,1.48561e-23,0.00458147
0.872374,0.901145,2.90751e-09,1.44061e-23,0.00458253
0.872575,0.90098,2.9081e-09,1.3956e-23,0.0045836
0.872775,0.900815,2.90869e-09,1.3506e-23,0.00458466
0.872975,0.90065,2.90928e-09,1.30559e-23,0.00458573
0.873175,0.900485,2.90987e-09,1.26059e-23,0.00458679
0.873375,0.900319,2.91045e-09,1.21558e-23,0.00458786
0.873575,0.900154,2.91104e-09,1.17057e-23,0.00458892
0.873775,0.899989,2.91163e-09,1.12557e-23,0.00458999
0.873975,0.899824,2.91222e-09,1.08056e-23,0.00459105
0.874175,0.899659,2.91281e-09,1.03556e-23,0.00459212
0.874375,0.899494,2.9134e-09,9.90554e-24,0.00459318
0.874575,0.899329,2.91399e-09,9.45549e-24,0.00459425
0.874775,0.899163,2.91458e-09,9.00544e-24,0.00459531
0.874975,0.898998,2.91517e-09,8.55539e-24,0.00459638
0.875175,0.898833,2.91576e-09,8.10534e-24,0.00459744
0.875375,0.898668,2.91635e-09,7.65529e-24,0.00459851
0.875575,0.898503,2.91694e-09,7.20524e-24,0.00459957
0.875775,0.898338,2.91753e-09,6.75519e-24,0.00460064
0.875975,0.898173,2.91812e-09,6.30514e-24,0.0046017
0.876175,0.898008,2.91871e-09,5.85509e-24,0.00460277
0.876375,0.897842,2.9193e-09,5.40504e-24,0.00460383
0.876575,0.897677,2.91989e-09,4.95498e-24,0.0046049
0.876775,0.897512,2.92048e-09,4.50493e-24,0.00460596
0.876975,0.897347,2.92107e-09,4.05488e-24,0.00460703
0.877175,0.897182,2.92166e-09,3.60483e-24,0.00460809
0.877375,0.897017,2.92225e-09,3.15478e-24,0.00460916
0.877576,0.896852,2.92284e-09,2.70473e-24,0.00461022
0.877776,0.896687,2.92343e-09,2.25468e-24,0.00461129
0.877976,0.896521,2.92402e-09,1.80463e-24,0.00461235
0.878176,0.896356,2.92461e-09,1.35458e-24,0.00461342
0.878376,0.896191,2.9252e-09,9.04526e-25,0.00461448
0.878576,0.896026,2.92579e-09,4.54475e-25,0.00461555
0.878776,0.895859,2.92638e-09,-1.59094e-27,0.00461662
0.878976,0.895675,2.92704e-09,-5.00801e-25,0.00461781
0.879176,0.895492,2.92769e-09,-1.00001e-24,0.00461899
0.879376,0.895309,2.92835e-09,-1.49922e-24,0.00462017
0.879576,0.895126,2.929e-09,-1.99843e-24,0.00462135
0.879776,0.894943,2.92965e-09,-2.49764e-24,0.00462253
0.879976,0.89476,2.93031e-09,-2.99685e-24,0.00462371
0.880176,0.894576,2.93096e-09,-3.49606e-24,0.00462489
0.880376,0.894393,2.93162e-09,-3.99527e-24,0.00462607
0.880576,0.89421,2.93227e-09,-4.49448e-24,0.00462726
0.880776,0.894027,2.93292e-09,-4.99369e-24,0.00462844
0.880976,0.893844,2.93358e-09,-5.4929e-24,0.00462962
0.881176,0.893661,2.93423e-09,-5.99211e-24,0.0046308
0.881376,0.893477,2.93489e-09,-6.49132e-24,0.00463198
0.881576,0.893294,2.93554e-09,-6.99054e-24,0.00463316
0.881776,0.893111,2.93619e-09,-7.48975e-24,0.00463434
0.881976,0.892928,2.93685e-09,-7.98896e-24,0.00463552
0.882176,0.892745,2.9375e-09,-8.48817e-24,0.0046367
0.882376,0.892562,2.93816e-09,-8.98738e-24,0.00463789
0.882577,0.892378,2.93881e-09,-9.48659e-24,0.00463907
0.882777,0.892195,2.93946e-09,-9.9858e-24,0.00464025
0.882977,0.892012,2.94012e-09,-1.0485e-23,0.00464143
0.883177,0.891829,2.94077e-09,-1.09842e-23,0.00464261
0.883377,0.891646,2.94143e-09,-1.14834e-23,0.00464379
0.883577,0.891463,2.94208e-09,-1.19826e-23,0.00464497
0.883777,0.891279,2.94273e-09,-1.24818e-23,0.00464615
0.883977,0.891096,2.94339e-09,-1.29811e-23,0.00464734
0.884177,0.890913,2.94404e-09,-1.34803e-23,0.00464852
0.884377,0.89073,2.9447e-09,-1.39795e-23,0.0046497
0.884577,0.890547,2.94535e-09,-1.44787e-23,0.00465088
0.884777,0.890364,2.946e-09,-1.49779e-23,0.00465206
0.884977,0.89018,2.94751e-09,-1.54007e-23,0.00465323
0.885177,0.889996,2.95651e-09,-1.51469e-23,0.0046543
0.885377,0.889812,2.96551e-09,-1.48931e-23,0.00465536
0.885577,0.889627,2.97452e-09,-1.46393e-23,0.00465643
0.885777,0.889443,2.98352e-09,-1.43855e-23,0.0046575
0.885977,0.889259,2.99253e-09,-1.41317e-23,0.00465856
0.886177,0.889074,3.00153e-09,-1.38779e-23,0.00465963
0.886377,0.88889,3.01053e-09,-1.36241e-23,0.00466069
0.886577,0.888706,3.01954e-09,-1.33703e-23,0.00466176
0.886777,0.888521,3.02854e-09,-1.31165e-23,0.00466283
0.886977,0.888337,3.03754e-09,-1.28627e-23,0.00466389
0.887177,0.888153,3.04655e-09,-1.26089e-23,0.00466496
0.887377,0.887968,3.05555e-09,-1.23552e-23,0.00466603
0.887578,0.887784,3.06456e-09,-1.21014e-23,0.00466709
0.887778,0.8876,3.07356e-09,-1.18476e-23,0.00466816
0.887978,0.887416,3.08256e-09,-1.15938e-23,0.00466923
0.888178,0.887231,3.09157e-09,-1.134e-23,0.00467029
0.888378,0.887047,3.10057e-09,-1.10862e-23,0.00467136
0.888578,0.886863,3.10957e-09,-1.08324e-23,0.00467243
0.888778,0.886678,3.11858e-09,-1.05786e-23,0.00467349
0.888978,0.886494,3.12758e-09,-1.03248e-23,0.00467456
0.889178,0.88631,3.13659e-09,-1.0071e-23,0.00467562
0.889378,0.886125,3.14559e-09,-9.81721e-24,0.00467669
0.889578,0.885941,3.15459e-09,-9.56341e-24,0.00467776
0.889778,0.885757,3.1636e-09,-9.30962e-24,0.00467882
0.889978,0.885572,3.1726e-09,-9.05582e-24,0.00467989
0.890178,0.885388,3.1816e-09,-8.80203e-24,0.00468096
0.890378,0.885204,3.19061e-09,-8.54823e-24,0.00468202
0.890578,0.885019,3.19961e-09,-8.29444e-24,0.00468309
0.890778,0.884835,3.20862e-09,-8.04064e-24,0.00468416
0.890978,0.884651,3.21762e-09,-7.78685e-24,0.00468522
0.891178,0.884465,3.2267e-09,-7.53082e-24,0.0046863
0.891378,0.88426,3.23669e-09,-7.24929e-24,0.00468748
0.891578,0.884056,3.24668e-09,-6.96776e-24,0.00468866
0.891778,0.883851,3.25667e-09,-6.68623e-24,0.00468985
0.891978,0.883647,3.26665e-09,-6.4047e-24,0.00469103
0.892178,0.883443,3.27664e-09,-6.12317e-24,0.00469221
0.892378,0.883238,3.28663e-09,-5.84164e-24,0.0046934
0.892579,0.883034,3.29662e-09,-5.56012e-24,0.00469458
0.892779,0.882829,3.3066e-09,-5.27859e-24,0.00469576
0.892979,0.882625,3.31659e-09,-4.99706e-24,0.00469694
0.893179,0.88242,3.32658e-09,-4.71553e-24,0.00469813
0.893379,0.882216,3.33657e-09,-4.434e-24,0.00469931
0.893579,0.882011,3.34656e-09,-4.15247e-24,0.00470049
0.893779,0.881807,3.35654e-09,-3.87094e-24,0.00470168
0.893979,0.881602,3.36653e-09,-3.58942e-24,0.00470286
0.894179,0.881398,3.37652e-09,-3.30789e-24,0.00470404
0.894379,0.881193,3.38651e-09,-3.02636e-24,0.00470522
0.894579,0.880989,3.39649e-09,-2.74483e-24,0.00470641
0.894779,0.880785,3.40648e-09,-2.4633e-24,0.00470759
0.894979,0.88058,3.41647e-09,-2.18177e-24,0.00470877
0.895179,0.880376,3.42646e-09,-1.90024e-24,0.00470996
0.895379,0.880171,3.43644e-09,-1.61872e-24,0.00471114
0.895579,0.879967,3.44643e-09,-1.33719e-24,0.00471232
0.895779,0.879762,3.45642e-09,-1.05566e-24,0.00471351
0.895979,0.879558,3.46641e-09,-7.74129e-25,0.00471469
0.896179,0.879353,3.47639e-09,-4.92601e-25,0.00471587
0.896379,0.879149,3.48638e-09,-2.11072e-25,0.00471705
0.896579,0.878944,3.49637e-09,7.04565e-26,0.00471824
0.896779,0.87874,3.50721e-09,3.17632e-25,0.00471941
0.896979,0.878534,3.52426e-09,3.14548e-25,0.00472047
0.897179,0.878328,3.5413e-09,3.11464e-25,0.00472154
0.897379,0.878122,3.55835e-09,3.08381e-25,0.0047226
0.89758,0.877917,3.57539e-09,3.05297e-25,0.00472366
0.89778,0.877711,3.59244e-09,3.02213e-25,0.00472473
0.89798,0.877505,3.60948e-09,2.9913e-25,0.00472579
0.89818,0.877299,3.62653e-09,2.96046e-25,0.00472686
0.89838,0.877093,3.64357e-09,2.92962e-25,0.00472792
0.89858,0.876887,3.66062e-09,2.89879e-25,0.00472899
0.89878,0.876682,3.67767e-09,2.86795e-25,0.00473005
0.89898,0.876476,3.69471e-09,2.83711e-25,0.00473112
0.89918,0.87627,3.71176e-09,2.80628e-25,0.00473218
0.89938,0.876064,3.7288e-09,2.77544e-25,0.00473325
0.89958,0.875858,3.74585e-09,2.7446e-25,0.00473431
0.89978,0.875652,3.76289e-09,2.71377e-25,0.00473538
0.89998,0.875447,3.77994e-09,2.68293e-25,0.00473644
0.90018,0.875241,3.79698e-09,2.65209e-25,0.00473751
0.90038,0.875035,3.81403e-09,2.62126e-25,0.00473857
0.90058,0.874829,3.83107e-09,2.59042e-25,0.00473964
0.90078,0.874623,3.84812e-09,2.55958e-25,0.0047407
0.90098,0.874417,3.86517e-09,2.52875e-25,0.00474176
0.90118,0.874212,3.88221e-09,2.49791e-25,0.00474283
0.90138,0.874006,3.89926e-09,2.46707e-25,0.00474389
0.90158,0.8738,3.9163e-09,2.43624e-25,0.00474496
0.90178,0.873594,3.93335e-09,2.4054e-25,0.00474602
0.90198,0.873388,3.95039e-09,2.37456e-25,0.00474709
0.90218,0.873182,3.96744e-09,2.34373e-25,0.00474815
0.90238,0.872973,3.98478e-09,2.31235e-25,0.00474924
0.902581,0.872745,4.00369e-09,2.27814e-25,0.00475042
0.902781,0.872516,4.0226e-09,2.24393e-25,0.0047516
0.902981,0.872288,4.04151e-09,2.20973e-25,0.00475278
0.903181,0.87206,4.06042e-09,2.17552e-25,0.00475396
0.903381,0.871831,4.07933e-09,2.14131e-25,0.00475514
0.903581,0.871603,4.09824e-09,2.1071e-25,0.00475632
0.903781,0.871375,4.11715e-09,2.0729e-25,0.0047575
0.903981,0.871146,4.13606e-09,2.03869e-25,0.00475868
0.904181,0.870918,4.15496e-09,2.00448e-25,0.00475987
0.904381,0.87069,4.17387e-09,1.97027e-25,0.00476105
0.904581,0.870461,4.19278e-09,1.93606e-25,0.00476223
0.904781,0.870233,4.21169e-09,1.90186e-25,0.00476341
0.904981,0.870005,4.2306e-09,1.86765e-25,0.00476459
0.905181,0.869776,4.24951e-09,1.83344e-25,0.00476577
0.905381,0.869548,4.26842e-09,1.79923e-25,0.00476695
0.905581,0.86932,4.28733e-09,1.76503e-25,0.00476813
0.905781,0.869091,4.30623e-09,1.73082e-25,0.00476931
0.905981,0.868863,4.32514e-09,1.69661e-25,0.0047705
0.906181,0.868635,4.34405e-09,1.6624e-25,0.00477168
0.906381,0.868407,4.36296e-09,1.6282e-25,0.00477286
0.906581,0.868178,4.38187e-09,1.59399e-25,0.00477404
0.906781,0.86795,4.40078e-09,1.55978e-25,0.00477522
0.906981,0.867722,4.41969e-09,1.52557e-25,0.0047764
0.907181,0.867493,4.4386e-09,1.49137e-25,0.00477758
0.907381,0.867265,4.45751e-09,1.45716e-25,0.00477876
0.907582,0.867035,4.48206e-09,1.42806e-25,0.00477983
0.907782,0.866805,4.50685e-09,1.39917e-25,0.00478089
0.907982,0.866575,4.53164e-09,1.37029e-25,0.00478195
0.908182,0.866345,4.55643e-09,1.3414e-25,0.004783
0.908382,0.866115,4.58123e-09,1.31252e-25,0.00478406
0.908582,0.865885,4.60602e-09,1.28363e-25,0.00478512
0.908782,0.865655,4.63081e-09,1.25475e-25,0.00478618
0.908982,0.865425,4.6556e-09,1.22586e-25,0.00478724
0.909182,0.865195,4.68039e-09,1.19698e-25,0.0047883
0.909382,0.864965,4.70518e-09,1.16809e-25,0.00478936
0.909582,0.864735,4.72998e-09,1.13921e-25,0.00479042
0.909782,0.864505,4.75477e-09,1.11032e-25,0.00479148
0.909982,0.864275,4.77956e-09,1.08144e-25,0.00479254
0.910182,0.864045,4.80435e-09,1.05255e-25,0.0047936
0.910382,0.863815,4.82914e-09,1.02367e-25,0.00479465
0.910582,0.863585,4.85393e-09,9.94782e-26,0.00479571
0.910782,0.863355,4.87872e-09,9.65897e-26,0.00479677
0.910982,0.863125,4.90352e-09,9.37012e-26,0.00479783
0.911182,0.862895,4.92831e-09,9.08126e-26,0.00479889
0.911382,0.862665,4.9531e-09,8.79241e-26,0.00479995
0.911582,0.862435,4.97789e-09,8.50356e-26,0.00480101
0.911782,0.862205,5.00268e-09,8.21471e-26,0.00480207
0.911982,0.861975,5.02747e-09,7.92586e-26,0.00480313
0.912182,0.861745,5.05226e-09,7.637e-26,0.00480419
0.912382,0.861515,5.07706e-09,7.34815e-26,0.00480525
0.912583,0.861266,5.1039e-09,7.03533e-26,0.00480639
0.912783,0.861011,5.13141e-09,6.7149e-26,0.00480757
0.912983,0.860756,5.15891e-09,6.39446e-26,0.00480874
0.913183,0.860501,5.18641e-09,6.07402e-26,0.00480992
0.913383,0.860245,5.21391e-09,5.75359e-26,0.00481109
0.913583,0.85999,5.24142e-09,5.43315e-26,0.00481227
0.913783,0.859735,5.26892e-09,5.11272e-26,0.00481344
0.913983,0.85948,5.29642e-09,4.79228e-26,0.00481462
0.914183,0.859225,5.32392e-09,4.47184e-26,0.00481579
0.914383,0.85897,5.35143e-09,4.15141e-26,0.00481697
0.914583,0.858715,5.37893e-09,3.83097e-26,0.00481814
0.914783,0.85846,5.40643e-09,3.51053e-26,0.00481932
0.914983,0.858204,5.43393e-09,3.1901e-26,0.00482049
0.915183,0.857949,5.46143e-09,2.86966e-26,0.00482167
0.915383,0.857694,5.48894e-09,2.54923e-26,0.00482284
0.915583,0.857439,5.51644e-09,2.22879e-26,0.00482402
0.915783,0.857184,5.54394e-09,1.90835e-26,0.00482519
0.915983,0.856929,5.57144e-09,1.58792e-26,0.00482637
0.916183,0.856674,5.59895e-09,1.26748e-26,0.00482754
0.916383,0.856418,5.62645e-09,9.47044e-27,0.00482872
0.916583,0.856163,5.65395e-09,6.26607e-27,0.00482989
0.916783,0.855908,5.68145e-09,3.06171e-27,0.00483107
0.916983,0.855653,5.70913e-09,1.19272e-28,0.00483223
0.917183,0.855396,5.7406e-09,2.79841e-27,0.00483328
0.917383,0.855138,5.77207e-09,5.47755e-27,0.00483433
0.917584,0.854881,5.80354e-09,8.15669e-27,0.00483538
0.917784,0.854624,5.83501e-09,1.08358e-26,0.00483643
0.917984,0.854367,5.86648e-09,1.3515e-26,0.00483748
0.918184,0.85411,5.89795e-09,1.61941e-26,0.00483853
0.918384,0.853852,5.92942e-09,1.88732e-26,0.00483958
0.918584,0.853595,5.96089e-09,2.15524e-26,0.00484062
0.918784,0.853338,5.99236e-09,2.42315e-26,0.00484167
0.918984,0.853081,6.02382e-09,2.69107e-26,0.00484272
0.919184,0.852824,6.05529e-09,2.95898e-26,0.00484377
0.919384,0.852566,6.08676e-09,3.22689e-26,0.00484482
0.919584,0.852309,6.11823e-09,3.49481e-26,0.00484587
0.919784,0.852052,6.1497e-09,3.76272e-26,0.00484692
0.919984,0.851795,6.18117e-09,4.03064e-26,0.00484797
0.920184,0.851538,6.21264e-09,4.29855e-26,0.00484901
0.920384,0.85128,6.24411e-09,4.56646e-26,0.00485006
0.920584,0.851023,6.27558e-09,4.83438e-26,0.00485111
0.920784,0.850766,6.30705e-09,5.10229e-26,0.00485216
0.920984,0.850509,6.33852e-09,5.37021e-26,0.00485321
0.921184,0.850252,6.36999e-09,5.63812e-26,0.00485426
0.921384,0.849994,6.40146e-09,5.90603e-26,0.00485531
0.921584,0.849728,6.43406e-09,6.18362e-26,0.00485639
0.921784,0.849443,6.46897e-09,6.48084e-26,0.00485756
0.921984,0.849157,6.50389e-09,6.77806e-26,0.00485872
0.922184,0.848872,6.5388e-09,7.07527e-26,0.00485988
0.922384,0.848587,6.57371e-09,7.37249e-26,0.00486105
0.922585,0.848301,6.60862e-09,7.6697e-26,0.00486221
0.922785,0.848016,6.64353e-09,7.96692e-26,0.00486337
0.922985,0.847731,6.67844e-09,8.26413e-26,0.00486454
0.923185,0.847445,6.71335e-09,8.56135e-26,0.0048657
0.923385,0.84716,6.74826e-09,8.85856e-26,0.00486686
0.923585,0.846875,6.78317e-09,9.15578e-26,0.00486803
0.923785,0.846589,6.81809e-09,9.453e-26,0.00486919
0.923985,0.846304,6.853e-09,9.75021e-26,0.00487036
0.924185,0.846019,6.88791e-09,1.00474e-25,0.00487152
0.924385,0.845733,6.92282e-09,1.03446e-25,0.00487268
0.924585,0.845448,6.95773e-09,1.06419e-25,0.00487385
0.924785,0.845163,6.99264e-09,1.09391e-25,0.00487501
0.924985,0.844877,7.02755e-09,1.12363e-25,0.00487617
0.925185,0.844592,7.06246e-09,1.15335e-25,0.00487734
0.925385,0.844307,7.09737e-09,1.18307e-25,0.0048785
0.925585,0.844021,7.13229e-09,1.21279e-25,0.00487966
0.925785,0.843734,7.16882e-09,1.2381e-25,0.00488071
0.925985,0.843446,7.20563e-09,1.26267e-25,0.00488175
0.926185,0.843158,7.24244e-09,1.28724e-25,0.00488278
0.926385,0.84287,7.27924e-09,1.31181e-25,0.00488381
0.926585,0.842582,7.31605e-09,1.33638e-25,0.00488484
0.926785,0.842294,7.35286e-09,1.36094e-25,0.00488588
0.926985,0.842006,7.38967e-09,1.38551e-25,0.00488691
0.927185,0.841718,7.42647e-09,1.41008e-25,0.00488794
0.927385,0.841431,7.46328e-09,1.43465e-25,0.00488897
0.927586,0.841143,7.50009e-09,1.45922e-25,0.00489001
0.927786,0.840855,7.5369e-09,1.48379e-25,0.00489104
0.927986,0.840567,7.5737e-09,1.50836e-25,0.00489207
0.928186,0.840279,7.61051e-09,1.53293e-25,0.0048931
0.928386,0.839991,7.64732e-09,1.5575e-25,0.00489414
0.928586,0.839703,7.68413e-09,1.58207e-25,0.00489517
0.928786,0.839415,7.72093e-09,1.60664e-25,0.0048962
0.928986,0.839127,7.75774e-09,1.63121e-25,0.00489723
0.929186,0.838839,7.79455e-09,1.65578e-25,0.00489827
0.929386,0.838552,7.83135e-09,1.68035e-25,0.0048993
0.929586,0.838264,7.86816e-09,1.70491e-25,0.00490033
0.929786,0.837964,7.90652e-09,1.73052e-25,0.00490141
0.929986,0.837644,7.94735e-09,1.75777e-25,0.00490255
0.930186,0.837325,7.98818e-09,1.78503e-25,0.0049037
0.930386,0.837005,8.02902e-09,1.81229e-25,0.00490484
0.930586,0.836686,8.06985e-09,1.83954e-25,0.00490599
0.930786,0.836367,8.11068e-09,1.8668e-25,0.00490713
0.930986,0.836047,8.15152e-09,1.89406e-25,0.00490828
0.931186,0.835728,8.19235e-09,1.92131e-25,0.00490942
0.931386,0.835408,8.23319e-09,1.94857e-25,0.00491057
0.931586,0.835089,8.27402e-09,1.97583e-25,0.00491172
0.931786,0.83477,8.31485e-09,2.00309e-25,0.00491286
0.931986,0.83445,8.35569e-09,2.03034e-25,0.00491401
0.932186,0.834131,8.39652e-09,2.0576e-25,0.00491515
0.932386,0.833811,8.43735e-09,2.08486e-25,0.0049163
0.932587,0.833492,8.47819e-09,2.11211e-25,0.00491744
0.932787,0.833173,8.51902e-09,2.13937e-25,0.00491859
0.932987,0.832853,8.55986e-09,2.16663e-25,0.00491973
0.933187,0.832534,8.60069e-09,2.19388e-25,0.00492088
0.933387,0.832214,8.64152e-09,2.22114e-25,0.00492202
0.933587,0.831892,8.68198e-09,2.21812e-25,0.00492304
0.933787,0.831569,8.72242e-09,2.21287e-25,0.00492405
0.933987,0.831247,8.76285e-09,2.20763e-25,0.00492506
0.934187,0.830924,8.80328e-09,2.20238e-25,0.00492607
0.934387,0.830601,8.84372e-09,2.19713e-25,0.00492708
0.934587,0.830279,8.88415e-09,2.19188e-25,0.00492809
0.934787,0.829956,8.92458e-09,2.18664e-25,0.0049291
0.934987,0.829634,8.96502e-09,2.18139e-25,0.0049301
0.935187,0.829311,9.00545e-09,2.17614e-25,0.00493111
0.935387,0.828988,9.04588e-09,2.17089e-25,0.00493212
0.935587,0.828666,9.08632e-09,2.16565e-25,0.00493313
0.935787,0.828343,9.12675e-09,2.1604e-25,0.00493414
0.935987,0.82802,9.16718e-09,2.15515e-25,0.00493515
0.936187,0.827698,9.20762e-09,2.1499e-25,0.00493616
0.936387,0.827375,9.24805e-09,2.14466e-25,0.00493717
0.936587,0.827052,9.28848e-09,2.13941e-25,0.00493817
0.936787,0.82673,9.32892e-09,2.13416e-25,0.00493918
0.936987,0.826407,9.36935e-09,2.12891e-25,0.00494019
0.937187,0.826068,9.4119e-09,2.12339e-25,0.00494125
0.937387,0.82571,9.45676e-09,2.11757e-25,0.00494237
0.937588,0.825352,9.50161e-09,2.11175e-25,0.00494349
0.937788,0.824994,9.54647e-09,2.10593e-25,0.00494461
0.937988,0.824636,9.59133e-09,2.10011e-25,0.00494573
0.938188,0.824278,9.63619e-09,2.09428e-25,0.00494685
0.938388,0.82392,9.68104e-09,2.08846e-25,0.00494797
0.938588,0.823562,9.7259e-09,2.08264e-25,0.00494909
0.938788,0.823204,9.77076e-09,2.07682e-25,0.00495021
0.938988,0.822846,9.81561e-09,2.071e-25,0.00495133
0.939188,0.822488,9.86047e-09,2.06518e-25,0.00495245
0.939388,0.82213,9.90533e-09,2.05935e-25,0.00495356
0.939588,0.821772,9.95018e-09,2.05353e-25,0.00495468
0.939788,0.821414,9.99504e-09,2.04771e-25,0.0049558
0.939988,0.821057,1.00399e-08,2.04189e-25,0.00495692
0.940188,0.820699,1.00848e-08,2.03607e-25,0.00495804
0.940388,0.820341,1.01296e-08,2.03025e-25,0.00495916
0.940588,0.819979,1.01718e-08,2.00128e-25,0.00496016
0.940788,0.819617,1.02135e-08,1.96813e-25,0.00496113
0.940988,0.819255,1.02552e-08,1.93497e-25,0.00496211
0.941188,0.818893,1.02969e-08,1.90181e-25,0.00496308
0.941388,0.818531,1.03387e-08,1.86865e-25,0.00496406
0.941588,0.818169,1.03804e-08,1.8355e-25,0.00496504
0.941788,0.817807,1.04221e-08,1.80234e-25,0.00496601
0.941988,0.817445,1.04638e-08,1.76918e-25,0.00496699
0.942188,0.817083,1.05055e-08,1.73602e-25,0.00496796
0.942388,0.816721,1.05472e-08,1.70286e-25,0.00496894
0.942589,0.816359,1.05889e-08,1.66971e-25,0.00496991
0.942789,0.815997,1.06306e-08,1.63655e-25,0.00497089
0.942989,0.815635,1.06724e-08,1.60339e-25,0.00497187
0.943189,0.815273,1.07141e-08,1.57023e-25,0.00497284
0.943389,0.814911,1.07558e-08,1.53708e-25,0.00497382
0.943589,0.814549,1.07975e-08,1.50392e-25,0.00497479
0.943789,0.814178,1.08402e-08,1.46998e-25,0.00497579
0.943989,0.813776,1.08865e-08,1.4332e-25,0.00497687
0.944189,0.813375,1.09327e-08,1.39641e-25,0.00497796
0.944389,0.812973,1.0979e-08,1.35963e-25,0.00497904
0.944589,0.812572,1.10253e-08,1.32284e-25,0.00498012
0.944789,0.81217,1.10716e-08,1.28606e-25,0.0049812
0.944989,0.811768,1.11179e-08,1.24927e-25,0.00498229
0.945189,0.811367,1.11641e-08,1.21248e-25,0.00498337
0.945389,0.810965,1.12104e-08,1.1757e-25,0.00498445
0.945589,0.810563,1.12567e-08,1.13891e-25,0.00498553
0.945789,0.810162,1.1303e-08,1.10213e-25,0.00498662
0.945989,0.80976,1.13492e-08,1.06534e-25,0.0049877
0.946189,0.809358,1.13955e-08,1.02856e-25,0.00498878
0.946389,0.808957,1.14418e-08,9.9177e-26,0.00498986
0.946589,0.808555,1.14881e-08,9.54985e-26,0.00499095
0.946789,0.808152,1.1533e-08,9.19516e-26,0.004992
0.946989,0.807745,1.15732e-08,8.88615e-26,0.00499293
0.947189,0.807338,1.16134e-08,8.57715e-26,0.00499386
0.947389,0.806932,1.16537e-08,8.26814e-26,0.00499479
0.94759,0.806525,1.16939e-08,7.95914e-26,0.00499572
0.94779,0.806118,1.17341e-08,7.65013e-26,0.00499665
0.94799,0.805711,1.17743e-08,7.34113e-26,0.00499758
0.94819,0.805304,1.18145e-08,7.03213e-26,0.00499851
0.94839,0.804897,1.18548e-08,6.72312e-26,0.00499944
0.94859,0.80449,1.1895e-08,6.41412e-26,0.00500037
0.94879,0.804084,1.19352e-08,6.10511e-26,0.0050013
0.94899,0.803677,1.19754e-08,5.79611e-26,0.00500223
0.94919,0.80327,1.20156e-08,5.4871e-26,0.00500316
0.94939,0.802863,1.20559e-08,5.1781e-26,0.00500409
0.94959,0.802456,1.20961e-08,4.86909e-26,0.00500502
0.94979,0.802039,1.21373e-08,4.55221e-26,0.00500598
0.94999,0.801588,1.21819e-08,4.20939e-26,0.00500701
0.95019,0.801136,1.22266e-08,3.86657e-26,0.00500804
0.95039,0.800685,1.22712e-08,3.52375e-26,0.00500907
0.95059,0.800233,1.23158e-08,3.18093e-26,0.00501011
0.95079,0.799782,1.23604e-08,2.83812e-26,0.00501114
0.95099,0.799331,1.2405e-08,2.4953e-26,0.00501217
0.95119,0.798879,1.24497e-08,2.15248e-26,0.0050132
0.95139,0.798428,1.24943e-08,1.80966e-26,0.00501424
0.95159,0.797976,1.25389e-08,1.46684e-26,0.00501527
0.95179,0.797525,1.25835e-08,1.12402e-26,0.0050163
0.95199,0.797074,1.26282e-08,7.812e-27,0.00501733
0.95219,0.796622,1.26728e-08,4.38381e-27,0.00501837
0.95239,0.796171,1.27174e-08,9.55613e-28,0.0050194
0.952591,0.795715,1.27556e-08,2.34714e-25,0.00502031
0.952791,0.795257,1.27914e-08,5.60141e-25,0.00502118
0.952991,0.794799,1.28272e-08,8.85568e-25,0.00502205
0.953191,0.794341,1.2863e-08,1.211e-24,0.00502292
0.953391,0.793883,1.28988e-08,1.53642e-24,0.00502379
0.953591,0.793425,1.29346e-08,1.86185e-24,0.00502466
0.953791,0.792967,1.29703e-08,2.18728e-24,0.00502553
0.953991,0.792509,1.30061e-08,2.5127e-24,0.0050264
0.954191,0.792051,1.30419e-08,2.83813e-24,0.00502727
0.954391,0.791593,1.30777e-08,3.16356e-24,0.00502814
0.954591,0.791135,1.31135e-08,3.48899e-24,0.00502901
0.954791,0.790677,1.31492e-08,3.81441e-24,0.00502988
0.954991,0.790219,1.3185e-08,4.13984e-24,0.00503075
0.955191,0.78975,1.32216e-08,4.47273e-24,0.00503164
0.955391,0.789242,1.32613e-08,4.83377e-24,0.00503261
0.955591,0.788734,1.3301e-08,5.19482e-24,0.00503357
0.955791,0.788226,1.33407e-08,5.55586e-24,0.00503454
0.955991,0.787717,1.33804e-08,5.9169e-24,0.0050355
0.956191,0.787209,1.34201e-08,6.27794e-24,0.00503647
0.956391,0.786701,1.34598e-08,6.63898e-24,0.00503743
0.956591,0.786193,1.34995e-08,7.00002e-24,0.0050384
0.956791,0.785685,1.35392e-08,7.36107e-24,0.00503936
0.956991,0.785177,1.35789e-08,7.72211e-24,0.00504033
0.957191,0.784669,1.36186e-08,8.08315e-24,0.0050413
0.957391,0.78416,1.36583e-08,8.44419e-24,0.00504226
0.957592,0.783652,1.36977e-08,8.77147e-24,0.00504322
0.957792,0.783135,1.37262e-08,8.05108e-24,0.00504401
0.957992,0.782619,1.37547e-08,7.33068e-24,0.0050448
0.958192,0.782102,1.37832e-08,6.61028e-24,0.00504559
0.958392,0.781586,1.38117e-08,5.88988e-24,0.00504638
0.958592,0.781069,1.38402e-08,5.16948e-24,0.00504717
0.958792,0.780552,1.38687e-08,4.44908e-24,0.00504795
0.958992,0.780036,1.38972e-08,3.72868e-24,0.00504874
0.959192,0.779519,1.39257e-08,3.00829e-24,0.00504953
0.959392,0.779002,1.39542e-08,2.28789e-24,0.00505032
0.959592,0.778486,1.39827e-08,1.56749e-24,0.00505111
0.959792,0.777969,1.40112e-08,8.4709e-25,0.0050519
0.959992,0.777453,1.40397e-08,1.26691e-25,0.00505269
0.960192,0.776888,1.40709e-08,-6.60948e-25,0.00505355
0.960392,0.776315,1.41025e-08,-1.46019e-24,0.00505443
0.960592,0.775741,1.41341e-08,-2.25944e-24,0.0050553
0.960792,0.775168,1.41658e-08,-3.05868e-24,0.00505618
0.960992,0.774595,1.41974e-08,-3.85792e-24,0.00505705
0.961192,0.774022,1.4229e-08,-4.65717e-24,0.00505793
0.961392,0.773449,1.42607e-08,-5.45641e-24,0.00505881
0.961592,0.772876,1.42923e-08,-6.25565e-24,0.00505968
0.961792,0.772302,1.43239e-08,-7.0549e-24,0.00506056
0.961992,0.771729,1.43555e-08,-7.85414e-24,0.00506143
0.962192,0.771156,1.43872e-08,-8.65338e-24,0.00506231
0.962392,0.770573,1.44065e-08,-8.39788e-24,0.00506301
0.962593,0.769989,1.44241e-08,-7.99325e-24,0.0050637
0.962793,0.769405,1.44417e-08,-7.58861e-24,0.00506438
0.962993,0.768821,1.44593e-08,-7.18398e-24,0.00506506
0.963193,0.768237,1.44769e-08,-6.77935e-24,0.00506574
0.963393,0.767653,1.44945e-08,-6.37472e-24,0.00506642
0.963593,0.767069,1.45121e-08,-5.97009e-24,0.0050671
0.963793,0.766485,1.45297e-08,-5.56546e-24,0.00506779
0.963993,0.765901,1.45473e-08,-5.16083e-24,0.00506847
0.964193,0.765317,1.45649e-08,-4.7562e-24,0.00506915
0.964393,0.764733,1.45825e-08,-4.35156e-24,0.00506983
0.964593,0.764091,1.46019e-08,-3.9071e-24,0.00507058
0.964793,0.763443,1.46214e-08,-3.45818e-24,0.00507134
0.964993,0.762796,1.46409e-08,-3.00926e-24,0.00507209
0.965193,0.762148,1.46605e-08,-2.56034e-24,0.00507285
0.965393,0.7615,1.468e-08,-2.11142e-24,0.00507361
0.965593,0.760852,1.46995e-08,-1.66251e-24,0.00507436
0.965793,0.760204,1.47191e-08,-1.21359e-24,0.00507512
0.965993,0.759556,1.47386e-08,-7.64668e-25,0.00507588
0.966193,0.758908,1.47581e-08,-3.15749e-25,0.00507663
0.966393,0.75826,1.47776e-08,1.3054e-25,0.00507739
0.966593,0.757598,1.47805e-08,1.30024e-25,0.00507793
0.966793,0.756936,1.47835e-08,1.29508e-25,0.00507847
0.966993,0.756274,1.47865e-08,1.28992e-25,0.00507901
0.967193,0.755612,1.47895e-08,1.28476e-25,0.00507955
0.967393,0.75495,1.47925e-08,1.2796e-25,0.00508009
0.967594,0.754288,1.47954e-08,1.27444e-25,0.00508062
0.967794,0.753626,1.47984e-08,1.26928e-25,0.00508116
0.967994,0.752964,1.48014e-08,1.26412e-25,0.0050817
0.968194,0.752302,1.48044e-08,1.25896e-25,0.00508224
0.968394,0.751632,1.48074e-08,1.25374e-25,0.00508279
0.968594,0.750898,1.48107e-08,1.24801e-25,0.00508339
0.968794,0.750164,1.4814e-08,1.24229e-25,0.00508399
0.968994,0.749429,1.48173e-08,1.23656e-25,0.00508459
0.969194,0.748695,1.48206e-08,1.23084e-25,0.00508518
0.969394,0.74796,1.48239e-08,1.22511e-25,0.00508578
0.969594,0.747226,1.48273e-08,1.21939e-25,0.00508638
0.969794,0.746492,1.48306e-08,1.21367e-25,0.00508698
0.969994,0.745757,1.48339e-08,1.20794e-25,0.00508758
0.970194,0.745019,1.48339e-08,1.19627e-25,0.00508813
0.970394,0.744267,1.48206e-08,1.16003e-25,0.00508848
0.970594,0.743514,1.48072e-08,1.12379e-25,0.00508883
0.970794,0.742762,1.47939e-08,1.08755e-25,0.00508918
0.970994,0.74201,1.47806e-08,1.05131e-25,0.00508953
0.971194,0.741257,1.47672e-08,1.01507e-25,0.00508988
0.971394,0.740505,1.47539e-08,9.78833e-26,0.00509023
0.971594,0.739752,1.47405e-08,9.42594e-26,0.00509058
0.971794,0.739,1.47272e-08,9.06355e-26,0.00509093
0.971994,0.738225,1.47134e-08,8.69014e-26,0.00509129
0.972194,0.73739,1.46986e-08,8.28808e-26,0.00509168
0.972394,0.736555,1.46838e-08,7.88602e-26,0.00509207
0.972595,0.73572,1.4669e-08,7.48396e-26,0.00509246
0.972795,0.734886,1.46542e-08,7.0819e-26,0.00509285
0.972995,0.734051,1.46394e-08,6.67984e-26,0.00509323
0.973195,0.733216,1.46246e-08,6.27778e-26,0.00509362
0.973395,0.732381,1.46098e-08,5.87572e-26,0.00509401
0.973595,0.731541,1.45914e-08,2.00819e-25,0.00509433
0.973795,0.730683,1.45617e-08,8.05039e-25,0.00509443
0.973995,0.729824,1.45319e-08,1.40926e-24,0.00509453
0.974195,0.728966,1.45022e-08,2.01348e-24,0.00509462
0.974395,0.728108,1.44725e-08,2.6177e-24,0.00509472
0.974595,0.72725,1.44427e-08,3.22192e-24,0.00509482
0.974795,0.726392,1.4413e-08,3.82614e-24,0.00509492
0.974995,0.725534,1.43833e-08,4.43036e-24,0.00509501
0.975195,0.724656,1.43529e-08,5.04799e-24,0.00509511
0.975395,0.723704,1.43199e-08,5.71835e-24,0.00509522
0.975595,0.722752,1.42869e-08,6.38871e-24,0.00509533
0.975795,0.7218,1.42539e-08,7.05908e-24,0.00509544
0.975995,0.720848,1.42209e-08,7.72944e-24,0.00509555
0.976195,0.719896,1.41879e-08,8.3998e-24,0.00509566
0.976395,0.718944,1.41549e-08,9.07016e-24,0.00509576
0.976595,0.717992,1.41219e-08,9.74052e-24,0.00509587
0.976795,0.71701,1.40742e-08,9.12681e-24,0.00509565
0.976995,0.716028,1.40259e-08,8.45737e-24,0.0050954
0.977195,0.715045,1.39776e-08,7.78793e-24,0.00509516
0.977395,0.714063,1.39292e-08,7.11849e-24,0.00509492
0.977596,0.71308,1.38809e-08,6.44905e-24,0.00509468
0.977796,0.712098,1.38325e-08,5.77961e-24,0.00509444
0.977996,0.711115,1.37842e-08,5.11018e-24,0.0050942
0.978196,0.710056,1.37321e-08,4.38841e-24,0.00509394
0.978396,0.708965,1.36785e-08,3.64569e-24,0.00509367
0.978596,0.707875,1.36248e-08,2.90297e-24,0.0050934
0.978796,0.706785,1.35712e-08,2.16026e-24,0.00509313
0.978996,0.705695,1.35176e-08,1.41754e-24,0.00509286
0.979196,0.704605,1.34639e-08,6.74818e-25,0.00509259
0.979396,0.703507,1.34079e-08,-8.0188e-26,0.00509225
0.979596,0.702377,1.33413e-08,-8.89483e-25,0.00509155
0.979796,0.701247,1.32747e-08,-1.69878e-24,0.00509084
0.979996,0.700117,1.32081e-08,-2.50807e-24,0.00509014
0.980196,0.698987,1.31415e-08,-3.31737e-24,0.00508944
0.980396,0.697857,1.30749e-08,-4.12666e-24,0.00508874
0.980596,0.696727,1.30083e-08,-4.93596e-24,0.00508804
0.980796,0.695516,1.2937e-08,-5.80329e-24,0.00508729
0.980996,0.694262,1.28631e-08,-6.70117e-24,0.00508651
0.981196,0.693008,1.27892e-08,-7.59906e-24,0.00508573
0.981396,0.691754,1.27153e-08,-8.49695e-24,0.00508495
0.981596,0.6905,1.26414e-08,-9.39483e-24,0.00508417
0.981796,0.689246,1.25675e-08,-1.02927e-23,0.0050834
0.981996,0.687952,1.24867e-08,-9.81267e-24,0.00508219
0.982196,0.686645,1.24038e-08,-8.92066e-24,0.00508086
0.982396,0.685339,1.2321e-08,-8.02864e-24,0.00507953
0.982597,0.684032,1.22381e-08,-7.13662e-24,0.0050782
0.982797,0.682725,1.21552e-08,-6.24461e-24,0.00507687
0.982997,0.681419,1.20723e-08,-5.35259e-24,0.00507554
0.983197,0.679985,1.19814e-08,-4.37419e-24,0.00507408
0.983397,0.678536,1.18894e-08,-3.38453e-24,0.0050726
0.983597,0.677086,1.17975e-08,-2.39486e-24,0.00507112
0.983797,0.675636,1.17055e-08,-1.4052e-24,0.00506965
0.983997,0.674187,1.16136e-08,-4.15532e-25,0.00506817
0.984197,0.672696,1.15188e-08,0,0.00506627
0.984397,0.671176,1.1422e-08,0,0.00506407
0.984597,0.669656,1.13252e-08,0,0.00506186
0.984797,0.668136,1.12284e-08,0,0.00505966
0.984997,0.666615,1.11316e-08,0,0.00505745
0.985197,0.665049,1.10319e-08,0,0.00505518
0.985397,0.663363,1.09245e-08,0,0.00505274
0.985597,0.661676,1.08172e-08,0,0.00505029
0.985797,0.65999,1.07098e-08,0,0.00504784
0.985997,0.658303,1.06024e-08,0,0.0050454
0.986197,0.656569,1.04949e-08,0,0.00504246
0.986397,0.654788,1.03874e-08,0,0.00503903
0.986597,0.653006,1.02798e-08,0,0.00503559
0.986797,0.651225,1.01723e-08,0,0.00503216
0.986997,0.649443,1.00648e-08,0,0.00502872
0.987197,0.647522,9.94884e-09,0,0.00502502
0.987397,0.645546,9.82953e-09,0,0.00502121
0.987598,0.643569,9.71022e-09,0,0.00501739
0.987798,0.641592,9.59092e-09,0,0.00501358
0.987998,0.639563,9.47344e-09,1.74953e-27,0.00500921
0.988198,0.637457,9.35866e-09,6.07823e-27,0.005004
0.988398,0.63535,9.24387e-09,1.04069e-26,0.0049988
0.988598,0.633244,9.12909e-09,1.47356e-26,0.0049936
0.988798,0.631116,9.01312e-09,1.91093e-26,0.00498834
0.988998,0.628779,8.88577e-09,2.39118e-26,0.00498256
0.989198,0.626442,8.75842e-09,2.87144e-26,0.00497679
0.989398,0.624105,8.63108e-09,3.3517e-26,0.00497102
0.989598,0.62173,8.5055e-09,3.82707e-26,0.00496482
0.989798,0.619212,8.38658e-09,4.28412e-26,0.00495701
0.989998,0.616695,8.26765e-09,4.74118e-26,0.00494921
0.990198,0.614178,8.14873e-09,5.19823e-26,0.00494141
0.990398,0.611571,8.02555e-09,5.67163e-26,0.00493333
0.990598,0.608778,7.89361e-09,6.17872e-26,0.00492467
0.990798,0.605985,7.76166e-09,6.68581e-26,0.00491601
0.990998,0.603193,7.62972e-09,7.1929e-26,0.00490735
0.991198,0.600189,7.50656e-09,-8.93849e-25,0.00489616
0.991398,0.597142,7.38526e-09,-2.06435e-24,0.00488443
0.991598,0.594094,7.26395e-09,-3.23485e-24,0.0048727
0.991798,0.590938,7.13833e-09,-4.447e-24,0.00486056
0.991998,0.587557,7.00375e-09,-5.74564e-24,0.00484754
0.992198,0.584176,6.86917e-09,-7.04429e-24,0.00483453
0.992398,0.580732,6.73629e-09,-7.1591e-24,0.0048207
0.992599,0.576982,6.61181e-09,-1.47898e-24,0.00480284
0.992799,0.573231,6.48733e-09,4.20114e-24,0.00478498
0.992999,0.569475,6.36265e-09,9.89012e-24,0.00476709
0.993199,0.565314,6.22454e-09,1.61921e-23,0.00474727
0.993399,0.561153,6.08643e-09,2.2494e-23,0.00472746
0.993599,0.556899,5.94931e-09,2.62609e-23,0.00470628
0.993799,0.552187,5.81708e-09,1.76694e-23,0.00467846
0.993999,0.547476,5.68484e-09,9.07789e-24,0.00465064
0.994199,0.542596,5.54788e-09,1.79579e-25,0.00462183
0.994399,0.537369,5.40116e-09,-9.3525e-24,0.00459096
0.994599,0.532142,5.25445e-09,-1.88846e-23,0.00456009
0.994799,0.526258,5.10874e-09,-1.61095e-23,0.00451829
0.994999,0.520169,4.96335e-09,-9.50696e-24,0.00447309
0.995199,0.513948,4.81479e-09,-2.76028e-24,0.0044269
0.995399,0.507193,4.65348e-09,4.56509e-24,0.00437676
0.995599,0.500438,4.49217e-09,1.18905e-23,0.00432661
0.995799,0.492406,4.32357e-09,7.23931e-24,0.00425149
0.995999,0.484216,4.15406e-09,1.09154e-24,0.00417326
0.996199,0.475506,3.97381e-09,-5.44554e-24,0.00409007
0.996399,0.466419,3.78575e-09,-1.22663e-23,0.00400328
0.996599,0.456111,3.59088e-09,-1.3834e-23,0.00388905
0.996799,0.444565,3.38912e-09,-1.00634e-23,0.00374694
0.996999,0.432495,3.17822e-09,-6.1222e-24,0.0035984
0.997199,0.419684,2.95436e-09,-1.93888e-24,0.00344074
0.997399,0.404605,2.72142e-09,0,0.00322754
0.9976,0.387568,2.48061e-09,0,0.00296636
0.9978,0.369301,2.22242e-09,0,0.00268632
0.998,0.350398,1.95525e-09,0,0.00239655
0.9982,0.324719,1.68797e-09,2.11688e-26,0.00198261
0.9984,0.298031,1.41261e-09,4.37039e-26,0.0015519
0.9986,0.26929,1.11606e-09,6.79727e-26,0.00108806
0.9988,0.235757,8.69244e-10,7.40193e-26,0.000766848
0.999,0.199767,6.33205e-10,7.40286e-26,0.000486111
0.9992,0.160801,3.77657e-10,7.40387e-26,0.00018217
0.9994,0.122489,2.38909e-10,5.10933e-26,9.59293e-05
0.9996,0.0822927,1.14272e-10,2.27493e-26,4.50021e-05
0.9998,0.0403877,1.14934e-11,0,3.33171e-06
1,0,0,0,0