               X               Y               Z            VELX            VELY            VELZ            PRES            TEMP            PS 1            PS 2  9.65050000E+01
 -5.00000000E+00  0.00000000E+00  0.00000000E+00  1.19505806E+00 -1.12746980E-14  2.29247633E-14 -1.47302217E-13  1.00000005E-03  2.74873430E-03  9.53475192E-01
 -5.00000000E+00  5.00000000E-04  0.00000000E+00  1.19505779E+00 -3.77148721E-15 -7.79333639E-15 -1.49734563E-13  1.00000005E-03  2.74874446E-03  9.53471876E-01
 -5.00000000E+00  1.00000000E-03  0.00000000E+00  1.19505701E+00  2.17684866E-15 -2.91647981E-14 -1.51164429E-13  1.00000005E-03  2.74877494E-03  9.53461931E-01
 -5.00000000E+00  1.50000000E-03  0.00000000E+00  1.19505570E+00  6.77668649E-15 -4.25446565E-14 -1.51769470E-13  1.00000005E-03  2.74882573E-03  9.53445356E-01
 -5.00000000E+00  2.00000000E-03  0.00000000E+00  1.19505387E+00  1.02146401E-14 -4.91741074E-14 -1.51708062E-13  1.00000005E-03  2.74889684E-03  9.53422153E-01
 -5.00000000E+00  2.50000000E-03  0.00000000E+00  1.19505153E+00  1.26589300E-14 -5.01861625E-14 -1.51120662E-13  1.00000005E-03  2.74898827E-03  9.53392323E-01
 -5.00000000E+00  3.00000000E-03  0.00000000E+00  1.19504865E+00  1.42606909E-14 -4.66111565E-14 -1.50131112E-13  1.00000005E-03  2.74910001E-03  9.53355866E-01
 -5.00000000E+00  3.50000000E-03  0.00000000E+00  1.19504526E+00  1.51552181E-14 -3.93821105E-14 -1.48847885E-13  1.00000005E-03  2.74923206E-03  9.53312784E-01
 -5.00000000E+00  4.00000000E-03  0.00000000E+00  1.19504135E+00  1.54631547E-14 -2.93399516E-14 -1.47365270E-13  1.00000005E-03  2.74938443E-03  9.53263080E-01
 -5.00000000E+00  4.50000000E-03  0.00000000E+00  1.19503691E+00  1.52916202E-14 -1.72385898E-14 -1.45764508E-13  1.00000005E-03  2.74955710E-03  9.53206755E-01
 -5.00000000E+00  5.00000000E-03  0.00000000E+00  1.19503195E+00  1.47352827E-14 -3.74985424E-15 -1.44114874E-13  1.00000005E-03  2.74975008E-03  9.53143813E-01
 -5.00000000E+00  5.50000000E-03  0.00000000E+00  1.19502647E+00  1.38773759E-14  1.05317112E-14 -1.42474698E-13  1.00000005E-03  2.74996336E-03  9.53074256E-01
 -5.00000000E+00  6.00000000E-03  0.00000000E+00  1.19502046E+00  1.27906617E-14  2.50841909E-14 -1.40892345E-13  1.00000005E-03  2.75019694E-03  9.52998088E-01
 -5.00000000E+00  6.50000000E-03  0.00000000E+00  1.19501393E+00  1.15383406E-14  3.94537777E-14 -1.39407137E-13  1.00000005E-03  2.75045082E-03  9.52915312E-01
 -5.00000000E+00  7.00000000E-03  0.00000000E+00  1.19500689E+00  1.01749106E-14  5.32503910E-14 -1.38050229E-13  1.00000005E-03  2.75072500E-03  9.52825931E-01
 -5.00000000E+00  7.50000000E-03  0.00000000E+00  1.19499931E+00  8.74697705E-15  6.61434285E-14 -1.36845439E-13  1.00000005E-03  2.75101947E-03  9.52729951E-01
 -5.00000000E+00  8.00000000E-03  0.00000000E+00  1.19499122E+00  7.29401307E-15  7.78576534E-14 -1.35810027E-13  1.00000005E-03  2.75133422E-03  9.52627374E-01
 -5.00000000E+00  8.50000000E-03  0.00000000E+00  1.19498260E+00  5.84907393E-15  8.81692140E-14 -1.34955428E-13  1.00000005E-03  2.75166926E-03  9.52518208E-01
 -5.00000000E+00  9.00000000E-03  0.00000000E+00  1.19497346E+00  4.43946531E-15  9.69017957E-14 -1.34287947E-13  1.00000005E-03  2.75202458E-03  9.52402455E-01
 -5.00000000E+00  9.50000000E-03  0.00000000E+00  1.19496380E+00  3.08736756E-15  1.03922903E-13 -1.33809406E-13  1.00000005E-03  2.75240017E-03  9.52280122E-01
 -5.00000000E+00  1.00000000E-02  0.00000000E+00  1.19495362E+00  1.81041708E-15  1.09140271E-13 -1.33517746E-13  1.00000005E-03  2.75279603E-03  9.52151215E-01
 -5.00000000E+00  1.05000000E-02  0.00000000E+00  1.19494291E+00  6.22246372E-16  1.12498407E-13 -1.33407598E-13  1.00000005E-03  2.75321216E-03  9.52015739E-01
 -5.00000000E+00  1.10000000E-02  0.00000000E+00  1.19493168E+00 -4.67016043E-16  1.13975257E-13 -1.33470802E-13  1.00000005E-03  2.75364855E-03  9.51873701E-01
 -5.00000000E+00  1.15000000E-02  0.00000000E+00  1.19491993E+00 -1.45028423E-15  1.13578999E-13 -1.33696899E-13  1.00000005E-03  2.75410519E-03  9.51725107E-01
 -5.00000000E+00  1.20000000E-02  0.00000000E+00  1.19490766E+00 -2.32309073E-15  1.11344962E-13 -1.34073577E-13  1.00000005E-03  2.75458209E-03  9.51569964E-01
 -5.00000000E+00  1.25000000E-02  0.00000000E+00  1.19489486E+00 -3.08319830E-15  1.07332667E-13 -1.34587088E-13  1.00000005E-03  2.75507922E-03  9.51408279E-01
 -5.00000000E+00  1.30000000E-02  0.00000000E+00  1.19488154E+00 -3.73024608E-15  1.01622993E-13 -1.35222625E-13  1.00000005E-03  2.75559659E-03  9.51240061E-01
 -5.00000000E+00  1.35000000E-02  0.00000000E+00  1.19486770E+00 -4.26542881E-15  9.43154643E-14 -1.35964666E-13  1.00000005E-03  2.75613419E-03  9.51065315E-01
 -5.00000000E+00  1.40000000E-02  0.00000000E+00  1.19485334E+00 -4.69120778E-15  8.55256522E-14 -1.36797290E-13  1.00000005E-03  2.75669202E-03  9.50884052E-01
 -5.00000000E+00  1.45000000E-02  0.00000000E+00  1.19483845E+00 -5.01105194E-15  7.53827048E-14 -1.37704459E-13  1.00000005E-03  2.75727006E-03  9.50696279E-01
 -5.00000000E+00  1.50000000E-02  0.00000000E+00  1.19482305E+00 -5.22920801E-15  6.40269884E-14 -1.38670264E-13  1.00000005E-03  2.75786831E-03  9.50502004E-01
 -5.00000000E+00  1.55000000E-02  0.00000000E+00  1.19480712E+00 -5.35049800E-15  5.16078477E-14 -1.39679154E-13  1.00000005E-03  2.75848677E-03  9.50301237E-01
 -5.00000000E+00  1.60000000E-02  0.00000000E+00  1.19479066E+00 -5.38014288E-15  3.82814814E-14 -1.40716130E-13  1.00000005E-03  2.75912542E-03  9.50093986E-01
 -5.00000000E+00  1.65000000E-02  0.00000000E+00  1.19477369E+00 -5.32361086E-15  2.42089323E-14 -1.41766911E-13  1.00000005E-03  2.75978425E-03  9.49880262E-01
 -5.00000000E+00  1.70000000E-02  0.00000000E+00  1.19475620E+00 -5.18648915E-15  9.55419039E-15 -1.42818080E-13  1.00000005E-03  2.76046326E-03  9.49660075E-01
 -5.00000000E+00  1.75000000E-02  0.00000000E+00  1.19473818E+00 -4.97437746E-15 -5.51759155E-15 -1.43857203E-13  1.00000005E-03  2.76116244E-03  9.49433433E-01
 -5.00000000E+00  1.80000000E-02  0.00000000E+00  1.19471964E+00 -4.69280215E-15 -2.08417720E-14 -1.44872925E-13  1.00000005E-03  2.76188178E-03  9.49200348E-01
 -5.00000000E+00  1.85000000E-02  0.00000000E+00  1.19470058E+00 -4.34714945E-15 -3.62557846E-14 -1.45855046E-13  1.00000005E-03  2.76262127E-03  9.48960831E-01
 -5.00000000E+00  1.90000000E-02  0.00000000E+00  1.19468100E+00 -3.94261649E-15 -5.16005934E-14 -1.46794577E-13  1.00000005E-03  2.76338091E-03  9.48714892E-01
 -5.00000000E+00  1.95000000E-02  0.00000000E+00  1.19466089E+00 -3.48417858E-15 -6.67220407E-14 -1.47683770E-13  1.00000005E-03  2.76416067E-03  9.48462542E-01
 -5.00000000E+00  2.00000000E-02  0.00000000E+00  1.19464027E+00 -2.97657156E-15 -8.14720891E-14 -1.48516142E-13  1.00000005E-03  2.76496056E-03  9.48203793E-01
 -5.00000000E+00  2.05000000E-02  0.00000000E+00  1.19461912E+00 -2.42428762E-15 -9.57099577E-14 -1.49286471E-13  1.00000005E-03  2.76578056E-03  9.47938657E-01
 -5.00000000E+00  2.10000000E-02  0.00000000E+00  1.19459745E+00 -1.83158338E-15 -1.09303155E-13 -1.49990783E-13  1.00000005E-03  2.76662066E-03  9.47667145E-01
 -5.00000000E+00  2.15000000E-02  0.00000000E+00  1.19457526E+00 -1.20249870E-15 -1.22128408E-13 -1.50626320E-13  1.00000005E-03  2.76748086E-03  9.47389271E-01
 -5.00000000E+00  2.20000000E-02  0.00000000E+00  1.19455255E+00 -5.40884854E-16 -1.34072493E-13 -1.51191502E-13  1.00000005E-03  2.76836113E-03  9.47105047E-01
 -5.00000000E+00  2.25000000E-02  0.00000000E+00  1.19452931E+00  1.49559210E-16 -1.45032958E-13 -1.51685865E-13  1.00000005E-03  2.76926148E-03  9.46814485E-01
 -5.00000000E+00  2.30000000E-02  0.00000000E+00  1.19450556E+00  8.65244095E-16 -1.54918757E-13 -1.52110001E-13  1.00000005E-03  2.77018188E-03  9.46517598E-01
 -5.00000000E+00  2.35000000E-02  0.00000000E+00  1.19448128E+00  1.60264191E-15 -1.63650778E-13 -1.52465480E-13  1.00000005E-03  2.77112233E-03  9.46214401E-01
 -5.00000000E+00  2.40000000E-02  0.00000000E+00  1.19445648E+00  2.35823445E-15 -1.71162274E-13 -1.52754767E-13  1.00000005E-03  2.77208281E-03  9.45904906E-01
 -5.00000000E+00  2.45000000E-02  0.00000000E+00  1.19443116E+00  3.12845888E-15 -1.77399205E-13 -1.52981128E-13  1.00000005E-03  2.77306332E-03  9.45589129E-01
 -5.00000000E+00  2.50000000E-02  0.00000000E+00  1.19440532E+00  3.90965246E-15 -1.82320478E-13 -1.53148538E-13  1.00000005E-03  2.77406384E-03  9.45267082E-01
 -5.00000000E+00  2.55000000E-02  0.00000000E+00  1.19437896E+00  4.69799759E-15 -1.85898097E-13 -1.53261575E-13  1.00000005E-03  2.77508435E-03  9.44938780E-01
 -5.00000000E+00  2.60000000E-02  0.00000000E+00  1.19435207E+00  5.48946860E-15 -1.88117221E-13 -1.53325312E-13  1.00000005E-03  2.77612485E-03  9.44604238E-01
 -5.00000000E+00  2.65000000E-02  0.00000000E+00  1.19432467E+00  6.27978168E-15 -1.88976128E-13 -1.53345215E-13  1.00000005E-03  2.77718533E-03  9.44263472E-01
 -5.00000000E+00  2.70000000E-02  0.00000000E+00  1.19429674E+00  7.06434935E-15 -1.88486093E-13 -1.53327027E-13  1.00000005E-03  2.77826576E-03  9.43916496E-01
 -5.00000000E+00  2.75000000E-02  0.00000000E+00  1.19426829E+00  7.83824088E-15 -1.86671176E-13 -1.53276664E-13  1.00000005E-03  2.77936614E-03  9.43563325E-01
 -5.00000000E+00  2.80000000E-02  0.00000000E+00  1.19423932E+00  8.59614997E-15 -1.83567918E-13 -1.53200101E-13  1.00000005E-03  2.78048645E-03  9.43203976E-01
 -5.00000000E+00  2.85000000E-02  0.00000000E+00  1.19420983E+00  9.33237121E-15 -1.79224958E-13 -1.53103270E-13  1.00000005E-03  2.78162668E-03  9.42838464E-01
 -5.00000000E+00  2.90000000E-02  0.00000000E+00  1.19417982E+00  1.00407866E-14 -1.73702556E-13 -1.52991952E-13  1.00000005E-03  2.78278681E-03  9.42466806E-01
 -5.00000000E+00  2.95000000E-02  0.00000000E+00  1.19414929E+00  1.07148635E-14 -1.67072043E-13 -1.52871687E-13  1.00000005E-03  2.78396684E-03  9.42089018E-01
 -5.00000000E+00  3.00000000E-02  0.00000000E+00  1.19411823E+00  1.13476656E-14 -1.59415175E-13 -1.52747673E-13  1.00000005E-03  2.78516673E-03  9.41705117E-01
 -5.00000000E+00  3.05000000E-02  0.00000000E+00  1.19408665E+00  1.19318783E-14 -1.50823415E-13 -1.52624685E-13  1.00000005E-03  2.78638649E-03  9.41315120E-01
 -5.00000000E+00  3.10000000E-02  0.00000000E+00  1.19405456E+00  1.24598491E-14 -1.41397134E-13 -1.52507001E-13  1.00000005E-03  2.78762609E-03  9.40919044E-01
 -5.00000000E+00  3.15000000E-02  0.00000000E+00  1.19402194E+00  1.29236461E-14 -1.31244720E-13 -1.52398328E-13  1.00000005E-03  2.78888553E-03  9.40516907E-01
 -5.00000000E+00  3.20000000E-02  0.00000000E+00  1.19398880E+00  1.33151337E-14 -1.20481630E-13 -1.52301750E-13  1.00000005E-03  2.79016477E-03  9.40108725E-01
 -5.00000000E+00  3.25000000E-02  0.00000000E+00  1.19395514E+00  1.36260695E-14 -1.09229344E-13 -1.52219682E-13  1.00000005E-03  2.79146382E-03  9.39694518E-01
 -5.00000000E+00  3.30000000E-02  0.00000000E+00  1.19392095E+00  1.38482215E-14 -9.76142554E-14 -1.52153840E-13  1.00000005E-03  2.79278265E-03  9.39274302E-01
 -5.00000000E+00  3.35000000E-02  0.00000000E+00  1.19388625E+00  1.39735081E-14 -8.57664833E-14 -1.52105219E-13  1.00000005E-03  2.79412125E-03  9.38848098E-01
 -5.00000000E+00  3.40000000E-02  0.00000000E+00  1.19385102E+00  1.39941624E-14 -7.38186099E-14 -1.52074094E-13  1.00000005E-03  2.79547959E-03  9.38415922E-01
 -5.00000000E+00  3.45000000E-02  0.00000000E+00  1.19381528E+00  1.39029215E-14 -6.19043468E-14 -1.52060037E-13  1.00000005E-03  2.79685767E-03  9.37977795E-01
 -5.00000000E+00  3.50000000E-02  0.00000000E+00  1.19377901E+00  1.36932431E-14 -5.01571294E-14 -1.52061945E-13  1.00000005E-03  2.79825547E-03  9.37533734E-01
 -5.00000000E+00  3.55000000E-02  0.00000000E+00  1.19374222E+00  1.33595502E-14 -3.87086406E-14 -1.52078093E-13  1.00000005E-03  2.79967297E-03  9.37083760E-01
 -5.00000000E+00  3.60000000E-02  0.00000000E+00  1.19370491E+00  1.28975047E-14 -2.76872669E-14 -1.52106209E-13  1.00000005E-03  2.80111015E-03  9.36627891E-01
 -5.00000000E+00  3.65000000E-02  0.00000000E+00  1.19366708E+00  1.23043132E-14 -1.72164847E-14 -1.52143562E-13  1.00000005E-03  2.80256699E-03  9.36166148E-01
 -5.00000000E+00  3.70000000E-02  0.00000000E+00  1.19362873E+00  1.15790639E-14 -7.41318167E-15 -1.52187083E-13  1.00000005E-03  2.80404349E-03  9.35698550E-01
 -5.00000000E+00  3.75000000E-02  0.00000000E+00  1.19358986E+00  1.07230985E-14  1.61408878E-15 -1.52233501E-13  1.00000005E-03  2.80553961E-03  9.35225118E-01
 -5.00000000E+00  3.80000000E-02  0.00000000E+00  1.19355046E+00  9.74041821E-15  9.76691659E-15 -1.52279510E-13  1.00000005E-03  2.80705535E-03  9.34745871E-01
 -5.00000000E+00  3.85000000E-02  0.00000000E+00  1.19351055E+00  8.63812685E-15  1.69589077E-14 -1.52321959E-13  1.00000005E-03  2.80859067E-03  9.34260831E-01
 -5.00000000E+00  3.90000000E-02  0.00000000E+00  1.19347012E+00  7.42691196E-15  2.31176189E-14 -1.52358073E-13  1.00000005E-03  2.81014558E-03  9.33770017E-01
 -5.00000000E+00  3.95000000E-02  0.00000000E+00  1.19342916E+00  6.12156496E-15  2.81865531E-14 -1.52385697E-13  1.00000005E-03  2.81172004E-03  9.33273451E-01
 -5.00000000E+00  4.00000000E-02  0.00000000E+00  1.19338768E+00  4.74154225E-15  3.21272149E-14 -1.52403573E-13  1.00000005E-03  2.81331403E-03  9.32771154E-01
 -5.00000000E+00  4.05000000E-02  0.00000000E+00  1.19334569E+00  3.31156834E-15  3.49212244E-14 -1.52411652E-13  1.00000005E-03  2.81492755E-03  9.32263147E-01
 -5.00000000E+00  4.10000000E-02  0.00000000E+00  1.19330317E+00  1.86228252E-15  3.65724883E-14 -1.52411430E-13  1.00000005E-03  2.81656056E-03  9.31749452E-01
 -5.00000000E+00  4.15000000E-02  0.00000000E+00  1.19326013E+00  4.30930436E-16  3.71094278E-14 -1.52406324E-13  1.00000005E-03  2.81821305E-03  9.31230090E-01
 -5.00000000E+00  4.20000000E-02  0.00000000E+00  1.19321657E+00 -9.37897977E-16  3.65872609E-14 -1.52402081E-13  1.00000005E-03  2.81988501E-03  9.30705083E-01
 -5.00000000E+00  4.25000000E-02  0.00000000E+00  1.19317249E+00 -2.19148297E-15  3.50903393E-14 -1.52407217E-13  1.00000005E-03  2.82157640E-03  9.30174453E-01
 -5.00000000E+00  4.30000000E-02  0.00000000E+00  1.19312789E+00 -3.26814028E-15  3.27345373E-14 -1.52433508E-13  1.00000005E-03  2.82328720E-03  9.29638222E-01
 -5.00000000E+00  4.35000000E-02  0.00000000E+00  1.19308277E+00 -4.09633600E-15  2.96696928E-14 -1.52496498E-13  1.00000005E-03  2.82501741E-03  9.29096413E-01
 -5.00000000E+00  4.40000000E-02  0.00000000E+00  1.19303713E+00 -4.59374954E-15  2.60820992E-14 -1.52616067E-13  1.00000005E-03  2.82676699E-03  9.28549048E-01
 -5.00000000E+00  4.45000000E-02  0.00000000E+00  1.19299097E+00 -4.66628332E-15  2.21970450E-14 -1.52817025E-13  1.00000005E-03  2.82853593E-03  9.27996149E-01
 -5.00000000E+00  4.50000000E-02  0.00000000E+00  1.19294429E+00 -4.20701785E-15  1.82814037E-14 -1.53129756E-13  1.00000005E-03  2.83032421E-03  9.27437740E-01
 -5.00000000E+00  4.55000000E-02  0.00000000E+00  1.19289709E+00 -3.09511071E-15  1.46462687E-14 -1.53590901E-13  1.00000005E-03  2.83213180E-03  9.26873844E-01
 -5.00000000E+00  4.60000000E-02  0.00000000E+00  1.19284938E+00 -1.19463807E-15  1.16496350E-14 -1.54244086E-13  1.00000005E-03  2.83395868E-03  9.26304483E-01
 -5.00000000E+00  4.65000000E-02  0.00000000E+00  1.19280114E+00  1.64662264E-15  9.69912591E-15 -1.55140698E-13  1.00000005E-03  2.83580483E-03  9.25729681E-01
 -5.00000000E+00  4.70000000E-02  0.00000000E+00  1.19275238E+00  5.59847024E-15  9.25476200E-15 -1.56340702E-13  1.00000005E-03  2.83767023E-03  9.25149460E-01
 -5.00000000E+00  4.75000000E-02  0.00000000E+00  1.19270310E+00  1.08496190E-14  1.08317737E-14 -1.57913514E-13  1.00000005E-03  2.83955485E-03  9.24563846E-01
 -5.00000000E+00  4.80000000E-02  0.00000000E+00  1.19265330E+00  1.76091010E-14  1.50034543E-14 -1.59938913E-13  1.00000005E-03  2.84145867E-03  9.23972861E-01
 -5.00000000E+00  4.85000000E-02  0.00000000E+00  1.19260298E+00  2.19442475E-15 -3.30386313E-15 -1.63171935E-13  1.00000005E-03  2.84338168E-03  9.23376530E-01
 -5.00000000E+00  4.90000000E-02  0.00000000E+00  1.19255214E+00 -2.16894691E-14 -3.41670945E-14 -1.65772787E-13  1.00000005E-03  2.84532385E-03  9.22774878E-01
 -5.00000000E+00  4.95000000E-02  0.00000000E+00  1.19250078E+00 -3.53705945E-14 -5.66055934E-14 -1.67104193E-13  1.00000005E-03  2.84728515E-03  9.22167930E-01
 -5.00000000E+00  5.00000000E-02  0.00000000E+00  1.19244890E+00 -4.09839325E-14 -7.07274822E-14 -1.67529130E-13  1.00000005E-03  2.84926557E-03  9.21555709E-01
 -5.00000000E+00  5.05000000E-02  0.00000000E+00  1.19239650E+00 -4.03836236E-14 -7.68489939E-14 -1.67352419E-13  1.00000005E-03  2.85126507E-03  9.20938240E-01
 -5.00000000E+00  5.10000000E-02  0.00000000E+00  1.19234359E+00 -3.51670339E-14 -7.54608830E-14 -1.66826358E-13  1.00000005E-03  2.85328364E-03  9.20315547E-01
 -5.00000000E+00  5.15000000E-02  0.00000000E+00  1.19229015E+00 -2.66975680E-14 -6.71971820E-14 -1.66156035E-13  1.00000005E-03  2.85532126E-03  9.19687656E-01
 -5.00000000E+00  5.20000000E-02  0.00000000E+00  1.19223619E+00 -1.61262569E-14 -5.28062396E-14 -1.65504333E-13  1.00000005E-03  2.85737790E-03  9.19054591E-01
 -5.00000000E+00  5.25000000E-02  0.00000000E+00  1.19218171E+00 -4.41215404E-15 -3.31239708E-14 -1.64996638E-13  1.00000005E-03  2.85945353E-03  9.18416377E-01
 -5.00000000E+00  5.30000000E-02  0.00000000E+00  1.19212672E+00  7.65843061E-15 -9.04925479E-15 -1.64725260E-13  1.00000005E-03  2.86154813E-03  9.17773039E-01
 -5.00000000E+00  5.35000000E-02  0.00000000E+00  1.19207120E+00  1.94538287E-14  1.84785873E-14 -1.64753563E-13  1.00000005E-03  2.86366169E-03  9.17124602E-01
 -5.00000000E+00  5.40000000E-02  0.00000000E+00  1.19201516E+00  3.04800120E-14  4.85003014E-14 -1.65119827E-13  1.00000005E-03  2.86579416E-03  9.16471092E-01
 -5.00000000E+00  5.45000000E-02  0.00000000E+00  1.19195861E+00  4.03646611E-14  8.00552628E-14 -1.65840836E-13  1.00000005E-03  2.86794554E-03  9.15812535E-01
 -5.00000000E+00  5.50000000E-02  0.00000000E+00  1.19190153E+00  4.88422742E-14  1.12198158E-13 -1.66915216E-13  1.00000005E-03  2.87011579E-03  9.15148956E-01
 -5.00000000E+00  5.55000000E-02  0.00000000E+00  1.19184393E+00  5.57402840E-14  1.44013853E-13 -1.68326513E-13  1.00000005E-03  2.87230488E-03  9.14480380E-01
 -5.00000000E+00  5.60000000E-02  0.00000000E+00  1.19178582E+00  6.09661538E-14  1.74630515E-13 -1.70046034E-13  1.00000005E-03  2.87451280E-03  9.13806834E-01
 -5.00000000E+00  5.65000000E-02  0.00000000E+00  1.19172718E+00  6.44954206E-14  2.03231057E-13 -1.72035449E-13  1.00000005E-03  2.87673953E-03  9.13128344E-01
 -5.00000000E+00  5.70000000E-02  0.00000000E+00  1.19166803E+00  6.63606558E-14  2.29062960E-13 -1.74249168E-13  1.00000005E-03  2.87898502E-03  9.12444936E-01
 -5.00000000E+00  5.75000000E-02  0.00000000E+00  1.19160836E+00  6.66413118E-14  2.51446562E-13 -1.76636496E-13  1.00000005E-03  2.88124926E-03  9.11756636E-01
 -5.00000000E+00  5.80000000E-02  0.00000000E+00  1.19154816E+00  6.54544247E-14  2.69781853E-13 -1.79143583E-13  1.00000005E-03  2.88353222E-03  9.11063470E-01
 -5.00000000E+00  5.85000000E-02  0.00000000E+00  1.19148745E+00  6.29461423E-14  2.83553867E-13 -1.81715161E-13  1.00000005E-03  2.88583388E-03  9.10365465E-01
 -5.00000000E+00  5.90000000E-02  0.00000000E+00  1.19142622E+00  5.92840464E-14  2.92336723E-13 -1.84296095E-13  1.00000005E-03  2.88815421E-03  9.09662647E-01
 -5.00000000E+00  5.95000000E-02  0.00000000E+00  1.19136447E+00  5.46502387E-14  2.95796385E-13 -1.86832740E-13  1.00000005E-03  2.89049318E-03  9.08955043E-01
 -5.00000000E+00  6.00000000E-02  0.00000000E+00  1.19130219E+00  4.92351609E-14  2.93692210E-13 -1.89274121E-13  1.00000005E-03  2.89285077E-03  9.08242679E-01
 -5.00000000E+00  6.05000000E-02  0.00000000E+00  1.19123940E+00  4.32321163E-14  2.85877350E-13 -1.91572946E-13  1.00000005E-03  2.89522694E-03  9.07525583E-01
 -5.00000000E+00  6.10000000E-02  0.00000000E+00  1.19117609E+00  3.68324647E-14  2.72298073E-13 -1.93686443E-13  1.00000005E-03  2.89762168E-03  9.06803781E-01
 -5.00000000E+00  6.15000000E-02  0.00000000E+00  1.19111227E+00  3.02214569E-14  2.52992071E-13 -1.95577057E-13  1.00000005E-03  2.90003496E-03  9.06077300E-01
 -5.00000000E+00  6.20000000E-02  0.00000000E+00  1.19104792E+00  2.35746821E-14  2.28085819E-13 -1.97212988E-13  1.00000005E-03  2.90246675E-03  9.05346168E-01
 -5.00000000E+00  6.25000000E-02  0.00000000E+00  1.19098305E+00  1.70550935E-14  1.97791060E-13 -1.98568594E-13  1.00000005E-03  2.90491701E-03  9.04610410E-01
 -5.00000000E+00  6.30000000E-02  0.00000000E+00  1.19091767E+00  1.08105847E-14  1.62400470E-13 -1.99624662E-13  1.00000005E-03  2.90738574E-03  9.03870054E-01
 -5.00000000E+00  6.35000000E-02  0.00000000E+00  1.19085176E+00  4.97208422E-15  1.22282577E-13 -2.00368555E-13  1.00000005E-03  2.90987288E-03  9.03125128E-01
 -5.00000000E+00  6.40000000E-02  0.00000000E+00  1.19078534E+00 -3.47861642E-16  7.78760094E-14 -2.00794241E-13  1.00000005E-03  2.91237843E-03  9.02375659E-01
 -5.00000000E+00  6.45000000E-02  0.00000000E+00  1.19071839E+00 -5.05604800E-15  2.96831145E-14 -2.00902220E-13  1.00000005E-03  2.91490235E-03  9.01621674E-01
 -5.00000000E+00  6.50000000E-02  0.00000000E+00  1.19065093E+00 -9.07914406E-15 -2.17369533E-14 -2.00699346E-13  1.00000005E-03  2.91744461E-03  9.00863200E-01
 -5.00000000E+00  6.55000000E-02  0.00000000E+00  1.19058295E+00 -1.23638292E-14 -7.57756350E-14 -2.00198557E-13  1.00000005E-03  2.92000518E-03  9.00100266E-01
 -5.00000000E+00  6.60000000E-02  0.00000000E+00  1.19051445E+00 -1.48765636E-14 -1.31782778E-13 -1.99418526E-13  1.00000005E-03  2.92258405E-03  8.99332897E-01
 -5.00000000E+00  6.65000000E-02  0.00000000E+00  1.19044543E+00 -1.66030234E-14 -1.89074795E-13 -1.98383230E-13  1.00000005E-03  2.92518117E-03  8.98561123E-01
 -5.00000000E+00  6.70000000E-02  0.00000000E+00  1.19037590E+00 -1.75472320E-14 -2.46943103E-13 -1.97121457E-13  1.00000005E-03  2.92779652E-03  8.97784970E-01
 -5.00000000E+00  6.75000000E-02  0.00000000E+00  1.19030584E+00 -1.77304171E-14 -3.04662777E-13 -1.95666247E-13  1.00000005E-03  2.93043006E-03  8.97004466E-01
 -5.00000000E+00  6.80000000E-02  0.00000000E+00  1.19023527E+00 -1.71896247E-14 -3.61501344E-13 -1.94054287E-13  1.00000005E-03  2.93308179E-03  8.96219639E-01
 -5.00000000E+00  6.85000000E-02  0.00000000E+00  1.19016417E+00 -1.59761207E-14 -4.16727668E-13 -1.92325258E-13  1.00000005E-03  2.93575165E-03  8.95430516E-01
 -5.00000000E+00  6.90000000E-02  0.00000000E+00  1.19009256E+00 -1.41536106E-14 -4.69620837E-13 -1.90521144E-13  1.00000005E-03  2.93843963E-03  8.94637126E-01
 -5.00000000E+00  6.95000000E-02  0.00000000E+00  1.19002043E+00 -1.17963073E-14 -5.19479004E-13 -1.88685520E-13  1.00000005E-03  2.94114569E-03  8.93839495E-01
 -5.00000000E+00  7.00000000E-02  0.00000000E+00  1.18994778E+00 -8.98687967E-15 -5.65628107E-13 -1.86862815E-13  1.00000005E-03  2.94386981E-03  8.93037653E-01
 -5.00000000E+00  7.05000000E-02  0.00000000E+00  1.18987461E+00 -5.81430932E-15 -6.07430395E-13 -1.85097560E-13  1.00000005E-03  2.94661195E-03  8.92231626E-01
 -5.00000000E+00  7.10000000E-02  0.00000000E+00  1.18980092E+00 -2.37168950E-15 -6.44292713E-13 -1.83433639E-13  1.00000005E-03  2.94937208E-03  8.91421443E-01
 -5.00000000E+00  7.15000000E-02  0.00000000E+00  1.18972672E+00  1.24600559E-15 -6.75674459E-13 -1.81913539E-13  1.00000005E-03  2.95215019E-03  8.90607132E-01
 -5.00000000E+00  7.20000000E-02  0.00000000E+00  1.18965199E+00  4.94414935E-15 -7.01095151E-13 -1.80577610E-13  1.00000005E-03  2.95494623E-03  8.89788720E-01
 -5.00000000E+00  7.25000000E-02  0.00000000E+00  1.18957675E+00  8.63065877E-15 -7.20141551E-13 -1.79463353E-13  1.00000005E-03  2.95776017E-03  8.88966235E-01
 -5.00000000E+00  7.30000000E-02  0.00000000E+00  1.18950099E+00  1.22181274E-14 -7.32474261E-13 -1.78604723E-13  1.00000005E-03  2.96059199E-03  8.88139706E-01
 -5.00000000E+00  7.35000000E-02  0.00000000E+00  1.18942471E+00  1.56258645E-14 -7.37833732E-13 -1.78031480E-13  1.00000005E-03  2.96344166E-03  8.87309160E-01
 -5.00000000E+00  7.40000000E-02  0.00000000E+00  1.18934791E+00  1.87818095E-14 -7.36045625E-13 -1.77768577E-13  1.00000005E-03  2.96630914E-03  8.86474625E-01
 -5.00000000E+00  7.45000000E-02  0.00000000E+00  1.18927059E+00  2.16242921E-14 -7.27025449E-13 -1.77835597E-13  1.00000005E-03  2.96919441E-03  8.85636130E-01
 -5.00000000E+00  7.50000000E-02  0.00000000E+00  1.18919275E+00  2.41036060E-14 -7.10782410E-13 -1.78246257E-13  1.00000005E-03  2.97209743E-03  8.84793702E-01
 -5.00000000E+00  7.55000000E-02  0.00000000E+00  1.18911439E+00  2.61833666E-14 -6.87422408E-13 -1.79007977E-13  1.00000005E-03  2.97501817E-03  8.83947370E-01
 -5.00000000E+00  7.60000000E-02  0.00000000E+00  1.18903552E+00  2.78416217E-14 -6.57150118E-13 -1.80121517E-13  1.00000005E-03  2.97795661E-03  8.83097162E-01
 -5.00000000E+00  7.65000000E-02  0.00000000E+00  1.18895612E+00  2.90716848E-14 -6.20270077E-13 -1.81580709E-13  1.00000005E-03  2.98091271E-03  8.82243105E-01
 -5.00000000E+00  7.70000000E-02  0.00000000E+00  1.18887621E+00  2.98826601E-14 -5.77186722E-13 -1.83372272E-13  1.00000005E-03  2.98388644E-03  8.81385228E-01
 -5.00000000E+00  7.75000000E-02  0.00000000E+00  1.18879578E+00  3.02996285E-14 -5.28403309E-13 -1.85475730E-13  1.00000005E-03  2.98687777E-03  8.80523558E-01
 -5.00000000E+00  7.80000000E-02  0.00000000E+00  1.18871483E+00  3.03634644E-14 -4.74519638E-13 -1.87863435E-13  1.00000005E-03  2.98988667E-03  8.79658125E-01
 -5.00000000E+00  7.85000000E-02  0.00000000E+00  1.18863336E+00  3.01302520E-14 -4.16228537E-13 -1.90500709E-13  1.00000005E-03  2.99291310E-03  8.78788955E-01
 -5.00000000E+00  7.90000000E-02  0.00000000E+00  1.18855137E+00  2.96702717E-14 -3.54311011E-13 -1.93346105E-13  1.00000005E-03  2.99595704E-03  8.77916078E-01
 -5.00000000E+00  7.95000000E-02  0.00000000E+00  1.18846886E+00  2.90665238E-14 -2.89630015E-13 -1.96351802E-13  1.00000005E-03  2.99901845E-03  8.77039520E-01
 -5.00000000E+00  8.00000000E-02  0.00000000E+00  1.18838583E+00  2.84127619E-14 -2.23122773E-13 -1.99464136E-13  1.00000005E-03  3.00209731E-03  8.76159310E-01
 -5.00000000E+00  8.05000000E-02  0.00000000E+00  1.18830229E+00  2.78110018E-14 -1.55791566E-13 -2.02624283E-13  1.00000005E-03  3.00519358E-03  8.75275477E-01
 -5.00000000E+00  8.10000000E-02  0.00000000E+00  1.18821822E+00  2.73684790E-14 -8.86929470E-14 -2.05769092E-13  1.00000005E-03  3.00830722E-03  8.74388048E-01
 -5.00000000E+00  8.15000000E-02  0.00000000E+00  1.18813364E+00  2.71940207E-14 -2.29252963E-14 -2.08832086E-13  1.00000005E-03  3.01143821E-03  8.73497051E-01
 -5.00000000E+00  8.20000000E-02  0.00000000E+00  1.18804853E+00  2.73938048E-14  4.03853465E-14 -2.11744629E-13  1.00000005E-03  3.01458652E-03  8.72602514E-01
 -5.00000000E+00  8.25000000E-02  0.00000000E+00  1.18796291E+00  2.80664721E-14  1.00101232E-13 -2.14437273E-13  1.00000005E-03  3.01775211E-03  8.71704465E-01
 -5.00000000E+00  8.30000000E-02  0.00000000E+00  1.18787677E+00  2.92975645E-14  1.55090705E-13 -2.16841298E-13  1.00000005E-03  3.02093495E-03  8.70802932E-01
 -5.00000000E+00  8.35000000E-02  0.00000000E+00  1.18779011E+00  3.11532552E-14  2.04247932E-13 -2.18890438E-13  1.00000005E-03  3.02413500E-03  8.69897943E-01
 -5.00000000E+00  8.40000000E-02  0.00000000E+00  1.18770293E+00  3.36733432E-14  2.46514614E-13 -2.20522813E-13  1.00000005E-03  3.02735224E-03  8.68989526E-01
 -5.00000000E+00  8.45000000E-02  0.00000000E+00  1.18761523E+00  3.68634791E-14  2.80903747E-13 -2.21683079E-13  1.00000005E-03  3.03058663E-03  8.68077708E-01
 -5.00000000E+00  8.50000000E-02  0.00000000E+00  1.18752702E+00  4.06865934E-14  3.06525513E-13 -2.22324782E-13  1.00000005E-03  3.03383815E-03  8.67162518E-01
 -5.00000000E+00  8.55000000E-02  0.00000000E+00  1.18743828E+00  4.50534955E-14  3.22615348E-13 -2.22412955E-13  1.00000005E-03  3.03710675E-03  8.66243983E-01
 -5.00000000E+00  8.60000000E-02  0.00000000E+00  1.18734902E+00  4.98126128E-14  3.28564273E-13 -2.21926936E-13  1.00000005E-03  3.04039240E-03  8.65322132E-01
 -5.00000000E+00  8.65000000E-02  0.00000000E+00  1.18725925E+00  5.47388405E-14  3.23951534E-13 -2.20863439E-13  1.00000005E-03  3.04369507E-03  8.64396991E-01
 -5.00000000E+00  8.70000000E-02  0.00000000E+00  1.18716895E+00  5.95214699E-14  3.08579641E-13 -2.19239868E-13  1.00000005E-03  3.04701473E-03  8.63468588E-01
 -5.00000000E+00  8.75000000E-02  0.00000000E+00  1.18707814E+00  6.37511652E-14  2.82511849E-13 -2.17097896E-13  1.00000005E-03  3.05035135E-03  8.62536951E-01
 -5.00000000E+00  8.80000000E-02  0.00000000E+00  1.18698681E+00  6.69059582E-14  2.46112169E-13 -2.14507303E-13  1.00000005E-03  3.05370488E-03  8.61602108E-01
 -5.00000000E+00  8.85000000E-02  0.00000000E+00  1.18689496E+00  6.83362305E-14  2.00087959E-13 -2.11570099E-13  1.00000005E-03  3.05707530E-03  8.60664085E-01
 -5.00000000E+00  8.90000000E-02  0.00000000E+00  1.18680259E+00  6.72486520E-14  1.45535173E-13 -2.08424918E-13  1.00000005E-03  3.06046258E-03  8.59722911E-01
 -5.00000000E+00  8.95000000E-02  0.00000000E+00  1.18670970E+00  6.26890446E-14  8.39863309E-14 -2.05251712E-13  1.00000005E-03  3.06386667E-03  8.58778613E-01
 -5.00000000E+00  9.00000000E-02  0.00000000E+00  1.18661629E+00  5.35241420E-14  1.74612721E-14 -2.02276736E-13  1.00000005E-03  3.06728755E-03  8.57831217E-01
 -5.00000000E+00  9.05000000E-02  0.00000000E+00  1.18652236E+00  3.84222132E-14 -5.14792322E-14 -1.99777846E-13  1.00000005E-03  3.07072519E-03  8.56880752E-01
 -5.00000000E+00  9.10000000E-02  0.00000000E+00  1.18642791E+00  1.58325195E-14 -1.19676947E-13 -1.98090109E-13  1.00000005E-03  3.07417954E-03  8.55927244E-01
 -5.00000000E+00  9.15000000E-02  0.00000000E+00  1.18633295E+00 -1.60364252E-14 -1.83316653E-13 -1.97611732E-13  1.00000005E-03  3.07765057E-03  8.54970721E-01
 -5.00000000E+00  9.20000000E-02  0.00000000E+00  1.18623746E+00 -5.92398226E-14 -2.37863571E-13 -1.98810326E-13  1.00000005E-03  3.08113825E-03  8.54011209E-01
 -5.00000000E+00  9.25000000E-02  0.00000000E+00  1.18614146E+00 -6.36345677E-15 -2.53904677E-13 -2.07642574E-13  1.00000005E-03  3.08464257E-03  8.53048733E-01
 -5.00000000E+00  9.30000000E-02  0.00000000E+00  1.18604493E+00  3.63849535E-14 -2.08478811E-13 -2.14976288E-13  1.00000005E-03  3.08816347E-03  8.52083323E-01
 -5.00000000E+00  9.35000000E-02  0.00000000E+00  1.18594788E+00  6.07072192E-14 -1.20968307E-13 -2.20198337E-13  1.00000005E-03  3.09170092E-03  8.51115006E-01
 -5.00000000E+00  9.40000000E-02  0.00000000E+00  1.18585032E+00  7.10167265E-14 -7.77133561E-15 -2.23571919E-13  1.00000005E-03  3.09525489E-03  8.50143810E-01
 -5.00000000E+00  9.45000000E-02  0.00000000E+00  1.18575223E+00  7.10448708E-14  1.17656150E-13 -2.25343514E-13  1.00000005E-03  3.09882534E-03  8.49169760E-01
 -5.00000000E+00  9.50000000E-02  0.00000000E+00  1.18565362E+00  6.39095811E-14  2.44492423E-13 -2.25743330E-13  1.00000005E-03  3.10241223E-03  8.48192884E-01
 -5.00000000E+00  9.55000000E-02  0.00000000E+00  1.18555449E+00  5.21797016E-14  3.64260489E-13 -2.24985763E-13  1.00000005E-03  3.10601553E-03  8.47213208E-01
 -5.00000000E+00  9.60000000E-02  0.00000000E+00  1.18545484E+00  3.79353454E-14  4.70556572E-13 -2.23269835E-13  1.00000005E-03  3.10963522E-03  8.46230758E-01
 -5.00000000E+00  9.65000000E-02  0.00000000E+00  1.18535467E+00  2.28243370E-14  5.58796100E-13 -2.20779646E-13  1.00000005E-03  3.11327124E-03  8.45245562E-01
 -5.00000000E+00  9.70000000E-02  0.00000000E+00  1.18525398E+00  8.11485954E-15  6.25976669E-13 -2.17684809E-13  1.00000005E-03  3.11692358E-03  8.44257645E-01
 -5.00000000E+00  9.75000000E-02  0.00000000E+00  1.18515277E+00 -5.25557643E-15  6.70457492E-13 -2.14140889E-13  1.00000005E-03  3.12059219E-03  8.43267035E-01
 -5.00000000E+00  9.80000000E-02  0.00000000E+00  1.18505104E+00 -1.66347277E-14  6.91754828E-13 -2.10289843E-13  1.00000005E-03  3.12427704E-03  8.42273756E-01
 -5.00000000E+00  9.85000000E-02  0.00000000E+00  1.18494879E+00 -2.56136593E-14  6.90352888E-13 -2.06260451E-13  1.00000005E-03  3.12797810E-03  8.41277836E-01
 -5.00000000E+00  9.90000000E-02  0.00000000E+00  1.18484602E+00 -3.19881165E-14  6.67529722E-13 -2.02168750E-13  1.00000005E-03  3.13169532E-03  8.40279301E-01
 -5.00000000E+00  9.95000000E-02  0.00000000E+00  1.18474273E+00 -3.57231108E-14  6.25197577E-13 -1.98118466E-13  1.00000005E-03  3.13542869E-03  8.39278177E-01
 -5.00000000E+00  1.00000000E-01  0.00000000E+00  1.18463892E+00 -3.69206054E-14  5.65757226E-13 -1.94201449E-13  1.00000005E-03  3.13917815E-03  8.38274490E-01
 -5.00000000E+00  1.00500000E-01  0.00000000E+00  1.18453459E+00 -3.57901820E-14  4.91965767E-13 -1.90498100E-13  1.00000005E-03  3.14294369E-03  8.37268265E-01
 -5.00000000E+00  1.01000000E-01  0.00000000E+00  1.18442974E+00 -3.26225747E-14  4.06817398E-13 -1.87077811E-13  1.00000005E-03  3.14672526E-03  8.36259529E-01
 -5.00000000E+00  1.01500000E-01  0.00000000E+00  1.18432437E+00 -2.77659542E-14  3.13436646E-13 -1.83999388E-13  1.00000005E-03  3.15052282E-03  8.35248307E-01
 -5.00000000E+00  1.02000000E-01  0.00000000E+00  1.18421848E+00 -2.16048464E-14  2.14983569E-13 -1.81311495E-13  1.00000005E-03  3.15433635E-03  8.34234626E-01
 -5.00000000E+00  1.02500000E-01  0.00000000E+00  1.18411207E+00 -1.45415685E-14  1.14570417E-13 -1.79053086E-13  1.00000005E-03  3.15816580E-03  8.33218510E-01
 -5.00000000E+00  1.03000000E-01  0.00000000E+00  1.18400513E+00 -6.98006830E-15  1.51892562E-14 -1.77253842E-13  1.00000005E-03  3.16201115E-03  8.32199985E-01
 -5.00000000E+00  1.03500000E-01  0.00000000E+00  1.18389768E+00  6.87950991E-16 -8.03499573E-14 -1.75934614E-13  1.00000005E-03  3.16587236E-03  8.31179077E-01
 -5.00000000E+00  1.04000000E-01  0.00000000E+00  1.18378970E+00  8.09473561E-15 -1.69471336E-13 -1.75107865E-13  1.00000005E-03  3.16974939E-03  8.30155810E-01
 -5.00000000E+00  1.04500000E-01  0.00000000E+00  1.18368120E+00  1.49061322E-14 -2.49875573E-13 -1.74778119E-13  1.00000005E-03  3.17364221E-03  8.29130211E-01
 -5.00000000E+00  1.05000000E-01  0.00000000E+00  1.18357218E+00  2.08293007E-14 -3.19573500E-13 -1.74942407E-13  1.00000005E-03  3.17755078E-03  8.28102304E-01
 -5.00000000E+00  1.05500000E-01  0.00000000E+00  1.18346264E+00  2.56186054E-14 -3.76911196E-13 -1.75590726E-13  1.00000005E-03  3.18147507E-03  8.27072114E-01
 -5.00000000E+00  1.06000000E-01  0.00000000E+00  1.18335258E+00  2.90798000E-14 -4.20587148E-13 -1.76706498E-13  1.00000005E-03  3.18541504E-03  8.26039667E-01
 -5.00000000E+00  1.06500000E-01  0.00000000E+00  1.18324199E+00  3.10726234E-14 -4.49661962E-13 -1.78267028E-13  1.00000005E-03  3.18937065E-03  8.25004987E-01
 -5.00000000E+00  1.07000000E-01  0.00000000E+00  1.18313088E+00  3.15119207E-14 -4.63561138E-13 -1.80243983E-13  1.00000005E-03  3.19334188E-03  8.23968099E-01
 -5.00000000E+00  1.07500000E-01  0.00000000E+00  1.18301925E+00  3.03674080E-14 -4.62071397E-13 -1.82603857E-13  1.00000005E-03  3.19732868E-03  8.22929027E-01
 -5.00000000E+00  1.08000000E-01  0.00000000E+00  1.18290710E+00  2.76621943E-14 -4.45331069E-13 -1.85308459E-13  1.00000005E-03  3.20133102E-03  8.21887796E-01
 -5.00000000E+00  1.08500000E-01  0.00000000E+00  1.18279442E+00  2.34701785E-14 -4.13815049E-13 -1.88315398E-13  1.00000005E-03  3.20534887E-03  8.20844432E-01
 -5.00000000E+00  1.09000000E-01  0.00000000E+00  1.18268122E+00  1.79124372E-14 -3.68314808E-13 -1.91578578E-13  1.00000005E-03  3.20938218E-03  8.19798957E-01
 -5.00000000E+00  1.09500000E-01  0.00000000E+00  1.18256750E+00  1.11527181E-14 -3.09913982E-13 -1.95048702E-13  1.00000005E-03  3.21343093E-03  8.18751396E-01
 -5.00000000E+00  1.10000000E-01  0.00000000E+00  1.18245325E+00  3.39215761E-15 -2.39960019E-13 -1.98673778E-13  1.00000005E-03  3.21749508E-03  8.17701773E-01
 -5.00000000E+00  1.10500000E-01  0.00000000E+00  1.18233848E+00 -5.13666451E-15 -1.60032404E-13 -2.02399638E-13  1.00000005E-03  3.22157458E-03  8.16650113E-01
 -5.00000000E+00  1.11000000E-01  0.00000000E+00  1.18222319E+00 -1.41762145E-14 -7.19079555E-14 -2.06170470E-13  1.00000005E-03  3.22566941E-03  8.15596440E-01
 -5.00000000E+00  1.11500000E-01  0.00000000E+00  1.18210738E+00 -2.34509234E-14  2.24763070E-14 -2.09929344E-13  1.00000005E-03  3.22977953E-03  8.14540776E-01
 -5.00000000E+00  1.12000000E-01  0.00000000E+00  1.18199104E+00 -3.26744195E-14  1.21062214E-13 -2.13618768E-13  1.00000005E-03  3.23390491E-03  8.13483147E-01
 -5.00000000E+00  1.12500000E-01  0.00000000E+00  1.18187417E+00 -4.15569570E-14  2.21710919E-13 -2.17181232E-13  1.00000005E-03  3.23804550E-03  8.12423575E-01
 -5.00000000E+00  1.13000000E-01  0.00000000E+00  1.18175679E+00 -4.98129262E-14  3.22244295E-13 -2.20559783E-13  1.00000005E-03  3.24220127E-03  8.11362084E-01
 -5.00000000E+00  1.13500000E-01  0.00000000E+00  1.18163888E+00 -5.71683282E-14  4.20486737E-13 -2.23698592E-13  1.00000005E-03  3.24637219E-03  8.10298697E-01
 -5.00000000E+00  1.14000000E-01  0.00000000E+00  1.18152044E+00 -6.33680991E-14  5.14306894E-13 -2.26543550E-13  1.00000005E-03  3.25055822E-03  8.09233438E-01
 -5.00000000E+00  1.14500000E-01  0.00000000E+00  1.18140148E+00 -6.81831663E-14  6.01658804E-13 -2.29042857E-13  1.00000005E-03  3.25475933E-03  8.08166330E-01
 -5.00000000E+00  1.15000000E-01  0.00000000E+00  1.18128200E+00 -7.14171221E-14  6.80621939E-13 -2.31147640E-13  1.00000005E-03  3.25897547E-03  8.07097397E-01
 -5.00000000E+00  1.15500000E-01  0.00000000E+00  1.18116200E+00 -7.29123976E-14  7.49439668E-13 -2.32812571E-13  1.00000005E-03  3.26320662E-03  8.06026660E-01
 -5.00000000E+00  1.16000000E-01  0.00000000E+00  1.18104146E+00 -7.25558213E-14  8.06555616E-13 -2.33996502E-13  1.00000005E-03  3.26745274E-03  8.04954142E-01
 -5.00000000E+00  1.16500000E-01  0.00000000E+00  1.18092041E+00 -7.02834468E-14  8.50647436E-13 -2.34663119E-13  1.00000005E-03  3.27171379E-03  8.03879868E-01
 -5.00000000E+00  1.17000000E-01  0.00000000E+00  1.18079883E+00 -6.60845323E-14  8.80657478E-13 -2.34781596E-13  1.00000005E-03  3.27598973E-03  8.02803858E-01
 -5.00000000E+00  1.17500000E-01  0.00000000E+00  1.18067672E+00 -6.00045570E-14  8.95819866E-13 -2.34327277E-13  1.00000005E-03  3.28028053E-03  8.01726136E-01
 -5.00000000E+00  1.18000000E-01  0.00000000E+00  1.18055409E+00 -5.21471576E-14  8.95683460E-13 -2.33282362E-13  1.00000005E-03  3.28458616E-03  8.00646724E-01
 -5.00000000E+00  1.18500000E-01  0.00000000E+00  1.18043094E+00 -4.26748696E-14  8.80130234E-13 -2.31636617E-13  1.00000005E-03  3.28890658E-03  7.99565645E-01
 -5.00000000E+00  1.19000000E-01  0.00000000E+00  1.18030726E+00 -3.18085565E-14  8.49388530E-13 -2.29388088E-13  1.00000005E-03  3.29324175E-03  7.98482919E-01
 -5.00000000E+00  1.19500000E-01  0.00000000E+00  1.18018305E+00 -1.98254111E-14  8.04040716E-13 -2.26543840E-13  1.00000005E-03  3.29759163E-03  7.97398571E-01
 -5.00000000E+00  1.20000000E-01  0.00000000E+00  1.18005832E+00 -7.05541343E-15  7.45024730E-13 -2.23120711E-13  1.00000005E-03  3.30195620E-03  7.96312621E-01
 -5.00000000E+00  1.20500000E-01  0.00000000E+00  1.17993306E+00  6.12387161E-15  6.73629013E-13 -2.19146075E-13  1.00000005E-03  3.30633542E-03  7.95225091E-01
 -5.00000000E+00  1.21000000E-01  0.00000000E+00  1.17980728E+00  1.92942726E-14  5.91480327E-13 -2.14658631E-13  1.00000005E-03  3.31072925E-03  7.94136003E-01
 -5.00000000E+00  1.21500000E-01  0.00000000E+00  1.17968097E+00  3.20058820E-14  5.00523962E-13 -2.09709204E-13  1.00000005E-03  3.31513765E-03  7.93045378E-01
 -5.00000000E+00  1.22000000E-01  0.00000000E+00  1.17955413E+00  4.37879344E-14  4.02995816E-13 -2.04361562E-13  1.00000005E-03  3.31956059E-03  7.91953239E-01
 -5.00000000E+00  1.22500000E-01  0.00000000E+00  1.17942677E+00  5.41618093E-14  3.01385865E-13 -1.98693260E-13  1.00000005E-03  3.32399803E-03  7.90859606E-01
 -5.00000000E+00  1.23000000E-01  0.00000000E+00  1.17929888E+00  6.26562742E-14  1.98392502E-13 -1.92796490E-13  1.00000005E-03  3.32844994E-03  7.89764500E-01
 -5.00000000E+00  1.23500000E-01  0.00000000E+00  1.17917046E+00  6.88250837E-14  9.68672585E-14 -1.86778960E-13  1.00000005E-03  3.33291629E-03  7.88667943E-01
 -5.00000000E+00  1.24000000E-01  0.00000000E+00  1.17904151E+00  7.22670512E-14 -2.50604941E-16 -1.80764787E-13  1.00000005E-03  3.33739703E-03  7.87569956E-01
 -5.00000000E+00  1.24500000E-01  0.00000000E+00  1.17891204E+00  7.26487090E-14 -9.00101343E-14 -1.74895411E-13  1.00000005E-03  3.34189213E-03  7.86470560E-01
 -5.00000000E+00  1.25000000E-01  0.00000000E+00  1.17878203E+00  6.97296726E-14 -1.69535849E-13 -1.69330529E-13  1.00000005E-03  3.34640155E-03  7.85369775E-01
 -5.00000000E+00  1.25500000E-01  0.00000000E+00  1.17865150E+00  6.33908263E-14 -2.36126540E-13 -1.64249052E-13  1.00000005E-03  3.35092527E-03  7.84267622E-01
 -5.00000000E+00  1.26000000E-01  0.00000000E+00  1.17852044E+00  5.36654444E-14 -2.87366207E-13 -1.59850077E-13  1.00000005E-03  3.35546323E-03  7.83164121E-01
 -5.00000000E+00  1.26500000E-01  0.00000000E+00  1.17838885E+00  4.07733653E-14 -3.21247622E-13 -1.56353885E-13  1.00000005E-03  3.36001542E-03  7.82059293E-01
 -5.00000000E+00  1.27000000E-01  0.00000000E+00  1.17825673E+00  2.51583344E-14 -3.36309043E-13 -1.54002962E-13  1.00000005E-03  3.36458178E-03  7.80953159E-01
 -5.00000000E+00  1.27500000E-01  0.00000000E+00  1.17812409E+00  7.52863126E-15 -3.31784561E-13 -1.53063037E-13  1.00000005E-03  3.36916228E-03  7.79845738E-01
 -5.00000000E+00  1.28000000E-01  0.00000000E+00  1.17799091E+00 -1.10989030E-14 -3.07768587E-13 -1.53824145E-13  1.00000005E-03  3.37375690E-03  7.78737050E-01
 -5.00000000E+00  1.28500000E-01  0.00000000E+00  1.17785720E+00 -2.93513216E-14 -2.65394987E-13 -1.56601716E-13  1.00000005E-03  3.37836558E-03  7.77627116E-01
 -5.00000000E+00  1.29000000E-01  0.00000000E+00  1.17772296E+00 -4.54483953E-14 -2.07031361E-13 -1.61737680E-13  1.00000005E-03  3.38298830E-03  7.76515954E-01
 -5.00000000E+00  1.29500000E-01  0.00000000E+00  1.17758819E+00 -5.71476887E-14 -1.36488963E-13 -1.69601605E-13  1.00000005E-03  3.38762501E-03  7.75403586E-01
 -5.00000000E+00  1.30000000E-01  0.00000000E+00  1.17745289E+00 -6.16857711E-14 -5.92487791E-14 -1.80591851E-13  1.00000005E-03  3.39227568E-03  7.74290030E-01
 -5.00000000E+00  1.30500000E-01  0.00000000E+00  1.17731706E+00 -5.57154484E-14  1.72957599E-14 -1.95136752E-13  1.00000005E-03  3.39694027E-03  7.73175307E-01
 -5.00000000E+00  1.31000000E-01  0.00000000E+00  1.17718070E+00 -3.52388991E-14  8.35789034E-14 -2.13695824E-13  1.00000005E-03  3.40161874E-03  7.72059434E-01
 -5.00000000E+00  1.31500000E-01  0.00000000E+00  1.17704381E+00  4.46340097E-15  1.27585063E-13 -2.36760998E-13  1.00000005E-03  3.40631106E-03  7.70942432E-01
 -5.00000000E+00  1.32000000E-01  0.00000000E+00  1.17690639E+00  6.14461362E-14  1.22530157E-13 -2.59947615E-13  1.00000005E-03  3.41101718E-03  7.69824319E-01
 -5.00000000E+00  1.32500000E-01  0.00000000E+00  1.17676844E+00  8.30828130E-14  6.07744329E-14 -2.62379274E-13  1.00000005E-03  3.41573712E-03  7.68705114E-01
 -5.00000000E+00  1.33000000E-01  0.00000000E+00  1.17662995E+00  8.34628293E-14  1.47506651E-14 -2.61215503E-13  1.00000005E-03  3.42047081E-03  7.67584837E-01
 -5.00000000E+00  1.33500000E-01  0.00000000E+00  1.17649094E+00  6.95213697E-14 -1.94719126E-14 -2.57809749E-13  1.00000005E-03  3.42521821E-03  7.66463505E-01
 -5.00000000E+00  1.34000000E-01  0.00000000E+00  1.17635139E+00  4.68667369E-14 -4.51938481E-14 -2.53255607E-13  1.00000005E-03  3.42997930E-03  7.65341139E-01
 -5.00000000E+00  1.34500000E-01  0.00000000E+00  1.17621131E+00  1.99401246E-14 -6.51512030E-14 -2.48416446E-13  1.00000005E-03  3.43475402E-03  7.64217755E-01
 -5.00000000E+00  1.35000000E-01  0.00000000E+00  1.17607069E+00 -7.83600561E-15 -8.15770757E-14 -2.43953088E-13  1.00000005E-03  3.43954236E-03  7.63093372E-01
 -5.00000000E+00  1.35500000E-01  0.00000000E+00  1.17592954E+00 -3.39205761E-14 -9.62590411E-14 -2.40349597E-13  1.00000005E-03  3.44434426E-03  7.61968008E-01
 -5.00000000E+00  1.36000000E-01  0.00000000E+00  1.17578786E+00 -5.65272042E-14 -1.10592632E-13 -2.37937225E-13  1.00000005E-03  3.44915970E-03  7.60841681E-01
 -5.00000000E+00  1.36500000E-01  0.00000000E+00  1.17564564E+00 -7.45078012E-14 -1.25630986E-13 -2.36916601E-13  1.00000005E-03  3.45398865E-03  7.59714409E-01
 -5.00000000E+00  1.37000000E-01  0.00000000E+00  1.17550289E+00 -8.72460876E-14 -1.42130794E-13 -2.37378186E-13  1.00000005E-03  3.45883105E-03  7.58586209E-01
 -5.00000000E+00  1.37500000E-01  0.00000000E+00  1.17535961E+00 -9.45606516E-14 -1.60594656E-13 -2.39321074E-13  1.00000005E-03  3.46368688E-03  7.57457100E-01
 -5.00000000E+00  1.38000000E-01  0.00000000E+00  1.17521578E+00 -9.66171773E-14 -1.81310006E-13 -2.42670196E-13  1.00000005E-03  3.46855611E-03  7.56327099E-01
 -5.00000000E+00  1.38500000E-01  0.00000000E+00  1.17507143E+00 -9.38494675E-14 -2.04384691E-13 -2.47291970E-13  1.00000005E-03  3.47343869E-03  7.55196224E-01
 -5.00000000E+00  1.39000000E-01  0.00000000E+00  1.17492654E+00 -8.68888878E-14 -2.29779374E-13 -2.53008481E-13  1.00000005E-03  3.47833460E-03  7.54064491E-01
 -5.00000000E+00  1.39500000E-01  0.00000000E+00  1.17478111E+00 -7.65018564E-14 -2.57336857E-13 -2.59610218E-13  1.00000005E-03  3.48324379E-03  7.52931919E-01
 -5.00000000E+00  1.40000000E-01  0.00000000E+00  1.17463515E+00 -6.35350041E-14 -2.86808469E-13 -2.66867454E-13  1.00000005E-03  3.48816623E-03  7.51798524E-01
 -5.00000000E+00  1.40500000E-01  0.00000000E+00  1.17448865E+00 -4.88676302E-14 -3.17877647E-13 -2.74540313E-13  1.00000005E-03  3.49310188E-03  7.50664323E-01
 -5.00000000E+00  1.41000000E-01  0.00000000E+00  1.17434161E+00 -3.33710784E-14 -3.50180821E-13 -2.82387585E-13  1.00000005E-03  3.49805072E-03  7.49529333E-01
 -5.00000000E+00  1.41500000E-01  0.00000000E+00  1.17419404E+00 -1.78746577E-14 -3.83325761E-13 -2.90174346E-13  1.00000005E-03  3.50301270E-03  7.48393571E-01
 -5.00000000E+00  1.42000000E-01  0.00000000E+00  1.17404593E+00 -3.13773270E-15 -4.16907487E-13 -2.97678449E-13  1.00000005E-03  3.50798779E-03  7.47257053E-01
 -5.00000000E+00  1.42500000E-01  0.00000000E+00  1.17389728E+00  1.01723918E-14 -4.50521882E-13 -3.04695936E-13  1.00000005E-03  3.51297595E-03  7.46119797E-01
 -5.00000000E+00  1.43000000E-01  0.00000000E+00  1.17374809E+00  2.14971665E-14 -4.83777140E-13 -3.11045428E-13  1.00000005E-03  3.51797715E-03  7.44981818E-01
 -5.00000000E+00  1.43500000E-01  0.00000000E+00  1.17359837E+00  3.03984505E-14 -5.16303167E-13 -3.16571563E-13  1.00000005E-03  3.52299135E-03  7.43843133E-01
 -5.00000000E+00  1.44000000E-01  0.00000000E+00  1.17344811E+00  3.65654943E-14 -5.47759072E-13 -3.21147531E-13  1.00000005E-03  3.52801853E-03  7.42703757E-01
 -5.00000000E+00  1.44500000E-01  0.00000000E+00  1.17329731E+00  3.98176302E-14 -5.77838873E-13 -3.24676763E-13  1.00000005E-03  3.53305863E-03  7.41563707E-01
 -5.00000000E+00  1.45000000E-01  0.00000000E+00  1.17314597E+00  4.01030432E-14 -6.06275545E-13 -3.27093840E-13  1.00000005E-03  3.53811164E-03  7.40422999E-01
 -5.00000000E+00  1.45500000E-01  0.00000000E+00  1.17299409E+00  3.74939995E-14 -6.32843541E-13 -3.28364676E-13  1.00000005E-03  3.54317750E-03  7.39281648E-01
 -5.00000000E+00  1.46000000E-01  0.00000000E+00  1.17284166E+00  3.21789059E-14 -6.57359910E-13 -3.28486030E-13  1.00000005E-03  3.54825620E-03  7.38139669E-01
 -5.00000000E+00  1.46500000E-01  0.00000000E+00  1.17268870E+00  2.44515762E-14 -6.79684147E-13 -3.27484416E-13  1.00000005E-03  3.55334769E-03  7.36997080E-01
 -5.00000000E+00  1.47000000E-01  0.00000000E+00  1.17253520E+00  1.46980791E-14 -6.99716896E-13 -3.25414455E-13  1.00000005E-03  3.55845193E-03  7.35853894E-01
 -5.00000000E+00  1.47500000E-01  0.00000000E+00  1.17238116E+00  3.38154349E-15 -7.17397638E-13 -3.22356742E-13  1.00000005E-03  3.56356890E-03  7.34710127E-01
 -5.00000000E+00  1.48000000E-01  0.00000000E+00  1.17222657E+00 -8.97470509E-15 -7.32701494E-13 -3.18415274E-13  1.00000005E-03  3.56869856E-03  7.33565794E-01
 -5.00000000E+00  1.48500000E-01  0.00000000E+00  1.17207145E+00 -2.18053004E-14 -7.45635265E-13 -3.13714504E-13  1.00000005E-03  3.57384087E-03  7.32420910E-01
 -5.00000000E+00  1.49000000E-01  0.00000000E+00  1.17191578E+00 -3.45219097E-14 -7.56232841E-13 -3.08396081E-13  1.00000005E-03  3.57899581E-03  7.31275489E-01
 -5.00000000E+00  1.49500000E-01  0.00000000E+00  1.17175956E+00 -4.65328506E-14 -7.64550115E-13 -3.02615330E-13  1.00000005E-03  3.58416332E-03  7.30129548E-01
 -5.00000000E+00  1.50000000E-01  0.00000000E+00  1.17160281E+00 -5.72628756E-14 -7.70659510E-13 -2.96537528E-13  1.00000005E-03  3.58934339E-03  7.28983099E-01
 -5.00000000E+00  1.50500000E-01  0.00000000E+00  1.17144551E+00 -6.61727490E-14 -7.74644272E-13 -2.90334045E-13  1.00000005E-03  3.59453597E-03  7.27836159E-01
 -5.00000000E+00  1.51000000E-01  0.00000000E+00  1.17128766E+00 -7.27782415E-14 -7.76592635E-13 -2.84178399E-13  1.00000005E-03  3.59974104E-03  7.26688740E-01
 -5.00000000E+00  1.51500000E-01  0.00000000E+00  1.17112928E+00 -7.66681668E-14 -7.76592001E-13 -2.78242281E-13  1.00000005E-03  3.60495855E-03  7.25540858E-01
 -5.00000000E+00  1.52000000E-01  0.00000000E+00  1.17097034E+00 -7.75210850E-14 -7.74723261E-13 -2.72691625E-13  1.00000005E-03  3.61018847E-03  7.24392526E-01
 -5.00000000E+00  1.52500000E-01  0.00000000E+00  1.17081086E+00 -7.51202985E-14 -7.71055374E-13 -2.67682760E-13  1.00000005E-03  3.61543076E-03  7.23243759E-01
 -5.00000000E+00  1.53000000E-01  0.00000000E+00  1.17065083E+00 -6.93667641E-14 -7.65640352E-13 -2.63358716E-13  1.00000005E-03  3.62068540E-03  7.22094570E-01
 -5.00000000E+00  1.53500000E-01  0.00000000E+00  1.17049026E+00 -6.02895474E-14 -7.58508759E-13 -2.59845737E-13  1.00000005E-03  3.62595235E-03  7.20944973E-01
 -5.00000000E+00  1.54000000E-01  0.00000000E+00  1.17032914E+00 -4.80534427E-14 -7.49665864E-13 -2.57250068E-13  1.00000005E-03  3.63123157E-03  7.19794982E-01
 -5.00000000E+00  1.54500000E-01  0.00000000E+00  1.17016747E+00 -3.29633855E-14 -7.39088578E-13 -2.55655058E-13  1.00000005E-03  3.63652303E-03  7.18644610E-01
 -5.00000000E+00  1.55000000E-01  0.00000000E+00  1.17000526E+00 -1.54652802E-14 -7.26723293E-13 -2.55118653E-13  1.00000005E-03  3.64182670E-03  7.17493872E-01
 -5.00000000E+00  1.55500000E-01  0.00000000E+00  1.16984249E+00  3.85712981E-15 -7.12484757E-13 -2.55671331E-13  1.00000005E-03  3.64714253E-03  7.16342780E-01
 -5.00000000E+00  1.56000000E-01  0.00000000E+00  1.16967918E+00  2.42897267E-14 -6.96256120E-13 -2.57314536E-13  1.00000005E-03  3.65247050E-03  7.15191347E-01
 -5.00000000E+00  1.56500000E-01  0.00000000E+00  1.16951532E+00  4.50001915E-14 -6.77890264E-13 -2.60019673E-13  1.00000005E-03  3.65781058E-03  7.14039587E-01
 -5.00000000E+00  1.57000000E-01  0.00000000E+00  1.16935090E+00  6.50552609E-14 -6.57212561E-13 -2.63727718E-13  1.00000005E-03  3.66316272E-03  7.12887512E-01
 -5.00000000E+00  1.57500000E-01  0.00000000E+00  1.16918594E+00  8.34434436E-14 -6.34025173E-13 -2.68349510E-13  1.00000005E-03  3.66852689E-03  7.11735137E-01
 -5.00000000E+00  1.58000000E-01  0.00000000E+00  1.16902043E+00  9.91035701E-14 -6.08113035E-13 -2.73766767E-13  1.00000005E-03  3.67390306E-03  7.10582472E-01
 -5.00000000E+00  1.58500000E-01  0.00000000E+00  1.16885436E+00  1.10959553E-13 -5.79251643E-13 -2.79833908E-13  1.00000005E-03  3.67929120E-03  7.09429532E-01
 -5.00000000E+00  1.59000000E-01  0.00000000E+00  1.16868775E+00  1.17961728E-13 -5.47216767E-13 -2.86380716E-13  1.00000005E-03  3.68469127E-03  7.08276329E-01
 -5.00000000E+00  1.59500000E-01  0.00000000E+00  1.16852058E+00  1.19135161E-13 -5.11796241E-13 -2.93215914E-13  1.00000005E-03  3.69010323E-03  7.07122875E-01
 -5.00000000E+00  1.60000000E-01  0.00000000E+00  1.16835286E+00  1.13635283E-13 -4.72803926E-13 -3.00131707E-13  1.00000005E-03  3.69552706E-03  7.05969182E-01
 -5.00000000E+00  1.60500000E-01  0.00000000E+00  1.16818459E+00  1.00811237E-13 -4.30096008E-13 -3.06909358E-13  1.00000005E-03  3.70096272E-03  7.04815263E-01
 -5.00000000E+00  1.61000000E-01  0.00000000E+00  1.16801576E+00  8.02773147E-14 -3.83589730E-13 -3.13325839E-13  1.00000005E-03  3.70641018E-03  7.03661131E-01
 -5.00000000E+00  1.61500000E-01  0.00000000E+00  1.16784638E+00  5.19928442E-14 -3.33284701E-13 -3.19161632E-13  1.00000005E-03  3.71186939E-03  7.02506796E-01
 -5.00000000E+00  1.62000000E-01  0.00000000E+00  1.16767644E+00  1.63509228E-14 -2.79286919E-13 -3.24209724E-13  1.00000005E-03  3.71734034E-03  7.01352272E-01
 -5.00000000E+00  1.62500000E-01  0.00000000E+00  1.16750596E+00 -2.57236454E-14 -2.21835608E-13 -3.28285877E-13  1.00000005E-03  3.72282298E-03  7.00197569E-01
 -5.00000000E+00  1.63000000E-01  0.00000000E+00  1.16733491E+00 -7.26668236E-14 -1.61333028E-13 -3.31240197E-13  1.00000005E-03  3.72831728E-03  6.99042700E-01
 -5.00000000E+00  1.63500000E-01  0.00000000E+00  1.16716331E+00 -1.22157856E-13 -9.83773694E-14 -3.32970097E-13  1.00000005E-03  3.73382321E-03  6.97887676E-01
 -5.00000000E+00  1.64000000E-01  0.00000000E+00  1.16699115E+00 -1.70991446E-13 -3.37988601E-14 -3.33434684E-13  1.00000005E-03  3.73934073E-03  6.96732509E-01
 -5.00000000E+00  1.64500000E-01  0.00000000E+00  1.16681844E+00 -2.14939225E-13  3.13007801E-14 -3.32670647E-13  1.00000005E-03  3.74486982E-03  6.95577209E-01
 -5.00000000E+00  1.65000000E-01  0.00000000E+00  1.16664517E+00 -2.48600132E-13  9.55054134E-14 -3.30809692E-13  1.00000005E-03  3.75041043E-03  6.94421788E-01
 -5.00000000E+00  1.65500000E-01  0.00000000E+00  1.16647134E+00 -2.65239346E-13  1.57037959E-13 -3.28097592E-13  1.00000005E-03  3.75596254E-03  6.93266258E-01
 -5.00000000E+00  1.66000000E-01  0.00000000E+00  1.16629695E+00 -2.56615379E-13  2.13710142E-13 -3.24914899E-13  1.00000005E-03  3.76152612E-03  6.92110628E-01
 -5.00000000E+00  1.66500000E-01  0.00000000E+00  1.16612200E+00 -2.12794971E-13  2.62868382E-13 -3.21799393E-13  1.00000005E-03  3.76710113E-03  6.90954910E-01
 -5.00000000E+00  1.67000000E-01  0.00000000E+00  1.16594649E+00 -1.21955411E-13  3.01335708E-13 -3.19470305E-13  1.00000005E-03  3.77268753E-03  6.89799113E-01
 -5.00000000E+00  1.67500000E-01  0.00000000E+00  1.16577042E+00  2.98260779E-14  3.25349562E-13 -3.18854388E-13  1.00000005E-03  3.77828531E-03  6.88643250E-01
 -5.00000000E+00  1.68000000E-01  0.00000000E+00  1.16559379E+00  2.58796267E-13  3.30495364E-13 -3.21113889E-13  1.00000005E-03  3.78389441E-03  6.87487329E-01
 -5.00000000E+00  1.68500000E-01  0.00000000E+00  1.16541659E+00  2.35620684E-13  3.58476696E-14 -3.13708407E-13  1.00000005E-03  3.78951481E-03  6.86331364E-01
 -5.00000000E+00  1.69000000E-01  0.00000000E+00  1.16523884E+00  1.17389765E-13 -2.66596799E-13 -3.05229128E-13  1.00000005E-03  3.79514647E-03  6.85175365E-01
 -5.00000000E+00  1.69500000E-01  0.00000000E+00  1.16506052E+00  1.41738158E-14 -4.75704786E-13 -2.99370174E-13  1.00000005E-03  3.80078936E-03  6.84019341E-01
 -5.00000000E+00  1.70000000E-01  0.00000000E+00  1.16488164E+00 -7.31608681E-14 -6.03317504E-13 -2.95292513E-13  1.00000005E-03  3.80644345E-03  6.82863302E-01
 -5.00000000E+00  1.70500000E-01  0.00000000E+00  1.16470219E+00 -1.44315967E-13 -6.60925573E-13 -2.92350165E-13  1.00000005E-03  3.81210871E-03  6.81707258E-01
 -5.00000000E+00  1.71000000E-01  0.00000000E+00  1.16452218E+00 -1.99474540E-13 -6.59562927E-13 -2.90061758E-13  1.00000005E-03  3.81778511E-03  6.80551220E-01
 -5.00000000E+00  1.71500000E-01  0.00000000E+00  1.16434161E+00 -2.39220888E-13 -6.09716042E-13 -2.88084534E-13  1.00000005E-03  3.82347261E-03  6.79395196E-01
 -5.00000000E+00  1.72000000E-01  0.00000000E+00  1.16416046E+00 -2.64466681E-13 -5.21247770E-13 -2.86190713E-13  1.00000005E-03  3.82917118E-03  6.78239197E-01
 -5.00000000E+00  1.72500000E-01  0.00000000E+00  1.16397876E+00 -2.76383139E-13 -4.03335069E-13 -2.84246107E-13  1.00000005E-03  3.83488079E-03  6.77083232E-01
 -5.00000000E+00  1.73000000E-01  0.00000000E+00  1.16379648E+00 -2.76339067E-13 -2.64419921E-13 -2.82190909E-13  1.00000005E-03  3.84060141E-03  6.75927311E-01
 -5.00000000E+00  1.73500000E-01  0.00000000E+00  1.16361363E+00 -2.65844546E-13 -1.12172735E-13 -2.80022539E-13  1.00000005E-03  3.84633299E-03  6.74771443E-01
 -5.00000000E+00  1.74000000E-01  0.00000000E+00  1.16343022E+00 -2.46500061E-13  4.65324959E-14 -2.77780465E-13  1.00000005E-03  3.85207552E-03  6.73615637E-01
 -5.00000000E+00  1.74500000E-01  0.00000000E+00  1.16324624E+00 -2.19950889E-13  2.05631968E-13 -2.75532910E-13  1.00000005E-03  3.85782895E-03  6.72459903E-01
 -5.00000000E+00  1.75000000E-01  0.00000000E+00  1.16306168E+00 -1.87846517E-13  3.59875498E-13 -2.73365328E-13  1.00000005E-03  3.86359326E-03  6.71304250E-01
 -5.00000000E+00  1.75500000E-01  0.00000000E+00  1.16287656E+00 -1.51804911E-13  5.04820320E-13 -2.71370575E-13  1.00000005E-03  3.86936841E-03  6.70148687E-01
 -5.00000000E+00  1.76000000E-01  0.00000000E+00  1.16269086E+00 -1.13381414E-13  6.36815946E-13 -2.69640673E-13  1.00000005E-03  3.87515438E-03  6.68993224E-01
 -5.00000000E+00  1.76500000E-01  0.00000000E+00  1.16250460E+00 -7.40420819E-14  7.52980822E-13 -2.68260059E-13  1.00000005E-03  3.88095112E-03  6.67837868E-01
 -5.00000000E+00  1.77000000E-01  0.00000000E+00  1.16231776E+00 -3.51412583E-14  8.51171464E-13 -2.67300251E-13  1.00000005E-03  3.88675860E-03  6.66682629E-01
 -5.00000000E+00  1.77500000E-01  0.00000000E+00  1.16213034E+00  2.09683022E-15  9.29944813E-13 -2.66815808E-13  1.00000005E-03  3.89257680E-03  6.65527516E-01
 -5.00000000E+00  1.78000000E-01  0.00000000E+00  1.16194236E+00  3.65926453E-14  9.88514489E-13 -2.66841507E-13  1.00000005E-03  3.89840569E-03  6.64372536E-01
 -5.00000000E+00  1.78500000E-01  0.00000000E+00  1.16175379E+00  6.74222845E-14  1.02670168E-12 -2.67390628E-13  1.00000005E-03  3.90424522E-03  6.63217700E-01
 -5.00000000E+00  1.79000000E-01  0.00000000E+00  1.16156466E+00  9.38250067E-14  1.04488136E-12 -2.68454272E-13  1.00000005E-03  3.91009537E-03  6.62063014E-01
 -5.00000000E+00  1.79500000E-01  0.00000000E+00  1.16137494E+00  1.15207537E-13  1.04392457E-12 -2.70001589E-13  1.00000005E-03  3.91595612E-03  6.60908488E-01
 -5.00000000E+00  1.80000000E-01  0.00000000E+00  1.16118465E+00  1.31145356E-13  1.02513740E-12 -2.71980850E-13  1.00000005E-03  3.92182741E-03  6.59754129E-01
 -5.00000000E+00  1.80500000E-01  0.00000000E+00  1.16099379E+00  1.41381171E-13  9.90197549E-13 -2.74321239E-13  1.00000005E-03  3.92770923E-03  6.58599947E-01
 -5.00000000E+00  1.81000000E-01  0.00000000E+00  1.16080234E+00  1.45820780E-13  9.41088914E-13 -2.76935300E-13  1.00000005E-03  3.93360155E-03  6.57445947E-01
 -5.00000000E+00  1.81500000E-01  0.00000000E+00  1.16061032E+00  1.44526518E-13  8.80035194E-13 -2.79721917E-13  1.00000005E-03  3.93950433E-03  6.56292140E-01
 -5.00000000E+00  1.82000000E-01  0.00000000E+00  1.16041772E+00  1.37708509E-13  8.09433030E-13 -2.82569743E-13  1.00000005E-03  3.94541754E-03  6.55138532E-01
 -5.00000000E+00  1.82500000E-01  0.00000000E+00  1.16022454E+00  1.25713899E-13  7.31785459E-13 -2.85360993E-13  1.00000005E-03  3.95134115E-03  6.53985131E-01
 -5.00000000E+00  1.83000000E-01  0.00000000E+00  1.16003077E+00  1.09014299E-13  6.49636407E-13 -2.87975481E-13  1.00000005E-03  3.95727513E-03  6.52831945E-01
 -5.00000000E+00  1.83500000E-01  0.00000000E+00  1.15983643E+00  8.81916218E-14  5.65506892E-13 -2.90294834E-13  1.00000005E-03  3.96321945E-03  6.51678982E-01
 -5.00000000E+00  1.84000000E-01  0.00000000E+00  1.15964150E+00  6.39225236E-14  4.81833677E-13 -2.92206762E-13  1.00000005E-03  3.96917408E-03  6.50526248E-01
 -5.00000000E+00  1.84500000E-01  0.00000000E+00  1.15944599E+00  3.69616550E-14  4.00911077E-13 -2.93609312E-13  1.00000005E-03  3.97513898E-03  6.49373751E-01
 -5.00000000E+00  1.85000000E-01  0.00000000E+00  1.15924990E+00  8.12391648E-15  3.24836621E-13 -2.94414989E-13  1.00000005E-03  3.98111414E-03  6.48221499E-01
 -5.00000000E+00  1.85500000E-01  0.00000000E+00  1.15905322E+00 -2.17340735E-14  2.55461290E-13 -2.94554669E-13  1.00000005E-03  3.98709951E-03  6.47069498E-01
 -5.00000000E+00  1.86000000E-01  0.00000000E+00  1.15885596E+00 -5.17330961E-14  1.94345035E-13 -2.93981189E-13  1.00000005E-03  3.99309506E-03  6.45917756E-01
 -5.00000000E+00  1.86500000E-01  0.00000000E+00  1.15865811E+00 -8.09908341E-14  1.42718297E-13 -2.92672541E-13  1.00000005E-03  3.99910078E-03  6.44766279E-01
 -5.00000000E+00  1.87000000E-01  0.00000000E+00  1.15845967E+00 -1.08641554E-13  1.01450218E-13 -2.90634550E-13  1.00000005E-03  4.00511662E-03  6.43615075E-01
 -5.00000000E+00  1.87500000E-01  0.00000000E+00  1.15826064E+00 -1.33855768E-13  7.10242789E-14 -2.87902963E-13  1.00000005E-03  4.01114255E-03  6.42464150E-01
 -5.00000000E+00  1.88000000E-01  0.00000000E+00  1.15806103E+00 -1.55859669E-13  5.15220533E-14 -2.84544840E-13  1.00000005E-03  4.01717855E-03  6.41313512E-01
 -5.00000000E+00  1.88500000E-01  0.00000000E+00  1.15786082E+00 -1.73954144E-13  4.26158038E-14 -2.80659156E-13  1.00000005E-03  4.02322458E-03  6.40163166E-01
 -5.00000000E+00  1.89000000E-01  0.00000000E+00  1.15766003E+00 -1.87533150E-13  4.35706206E-14 -2.76376519E-13  1.00000005E-03  4.02928062E-03  6.39013119E-01
 -5.00000000E+00  1.89500000E-01  0.00000000E+00  1.15745864E+00 -1.96101267E-13  5.32568183E-14 -2.71857910E-13  1.00000005E-03  4.03534663E-03  6.37863378E-01
 -5.00000000E+00  1.90000000E-01  0.00000000E+00  1.15725666E+00 -1.99290209E-13  7.01732997E-14 -2.67292349E-13  1.00000005E-03  4.04142259E-03  6.36713950E-01
 -5.00000000E+00  1.90500000E-01  0.00000000E+00  1.15705408E+00 -1.96874102E-13  9.24825977E-14 -2.62893384E-13  1.00000005E-03  4.04750846E-03  6.35564840E-01
 -5.00000000E+00  1.91000000E-01  0.00000000E+00  1.15685092E+00 -1.88783320E-13  1.18058305E-13 -2.58894326E-13  1.00000005E-03  4.05360421E-03  6.34416055E-01
 -5.00000000E+00  1.91500000E-01  0.00000000E+00  1.15664715E+00 -1.75116683E-13  1.44545602E-13 -2.55542116E-13  1.00000005E-03  4.05970982E-03  6.33267601E-01
 -5.00000000E+00  1.92000000E-01  0.00000000E+00  1.15644280E+00 -1.56151799E-13  1.69435596E-13 -2.53089735E-13  1.00000005E-03  4.06582524E-03  6.32119484E-01
 -5.00000000E+00  1.92500000E-01  0.00000000E+00  1.15623784E+00 -1.32353376E-13  1.90154180E-13 -2.51787073E-13  1.00000005E-03  4.07195047E-03  6.30971710E-01
 -5.00000000E+00  1.93000000E-01  0.00000000E+00  1.15603229E+00 -1.04379263E-13  2.04166115E-13 -2.51870140E-13  1.00000005E-03  4.07808545E-03  6.29824285E-01
 -5.00000000E+00  1.93500000E-01  0.00000000E+00  1.15582613E+00 -7.30840597E-14  2.09095065E-13 -2.53548544E-13  1.00000005E-03  4.08423017E-03  6.28677216E-01
 -5.00000000E+00  1.94000000E-01  0.00000000E+00  1.15561938E+00 -3.95200512E-14  2.02860272E-13 -2.56991130E-13  1.00000005E-03  4.09038459E-03  6.27530507E-01
 -5.00000000E+00  1.94500000E-01  0.00000000E+00  1.15541203E+00 -4.93529982E-15  1.83830595E-13 -2.62309687E-13  1.00000005E-03  4.09654869E-03  6.26384164E-01
 -5.00000000E+00  1.95000000E-01  0.00000000E+00  1.15520408E+00  2.92313318E-14  1.50996629E-13 -2.69540629E-13  1.00000005E-03  4.10272243E-03  6.25238194E-01
 -5.00000000E+00  1.95500000E-01  0.00000000E+00  1.15499552E+00  6.13584172E-14  1.04161595E-13 -2.78624551E-13  1.00000005E-03  4.10890578E-03  6.24092602E-01
 -5.00000000E+00  1.96000000E-01  0.00000000E+00  1.15478636E+00  8.96536691E-14  4.41517311E-14 -2.89383574E-13  1.00000005E-03  4.11509872E-03  6.22947393E-01
 -5.00000000E+00  1.96500000E-01  0.00000000E+00  1.15457660E+00  1.12169310E-13 -2.69531165E-14 -3.01496371E-13  1.00000005E-03  4.12130121E-03  6.21802572E-01
 -5.00000000E+00  1.97000000E-01  0.00000000E+00  1.15436623E+00  1.26821313E-13 -1.05567982E-13 -3.14470790E-13  1.00000005E-03  4.12751323E-03  6.20658146E-01
 -5.00000000E+00  1.97500000E-01  0.00000000E+00  1.15415526E+00  1.31412717E-13 -1.86329649E-13 -3.27613965E-13  1.00000005E-03  4.13373475E-03  6.19514119E-01
 -5.00000000E+00  1.98000000E-01  0.00000000E+00  1.15394368E+00  1.23661213E-13 -2.61801172E-13 -3.39999845E-13  1.00000005E-03  4.13996573E-03  6.18370496E-01
 -5.00000000E+00  1.98500000E-01  0.00000000E+00  1.15373150E+00  1.01231217E-13 -3.22153357E-13 -3.50434009E-13  1.00000005E-03  4.14620616E-03  6.17227282E-01
 -5.00000000E+00  1.99000000E-01  0.00000000E+00  1.15351870E+00  6.17706136E-14 -3.54822473E-13 -3.57415709E-13  1.00000005E-03  4.15245599E-03  6.16084483E-01
 -5.00000000E+00  1.99500000E-01  0.00000000E+00  1.15330529E+00  2.95238862E-15 -3.44143487E-13 -3.59097015E-13  1.00000005E-03  4.15871521E-03  6.14942103E-01
 -5.00000000E+00  2.00000000E-01  0.00000000E+00  1.15309128E+00 -7.74786523E-14 -2.70958111E-13 -3.53238989E-13  1.00000005E-03  4.16498379E-03  6.13800148E-01
 -5.00000000E+00  2.00500000E-01  0.00000000E+00  1.15287665E+00 -1.81653879E-13 -1.12196942E-13 -3.37164775E-13  1.00000005E-03  4.17126169E-03  6.12658620E-01
 -5.00000000E+00  2.01000000E-01  0.00000000E+00  1.15266141E+00 -3.11523337E-13  1.59565022E-13 -3.07709524E-13  1.00000005E-03  4.17754890E-03  6.11517526E-01
 -5.00000000E+00  2.01500000E-01  0.00000000E+00  1.15244556E+00 -1.21716061E-13  2.51811112E-13 -3.01550979E-13  1.00000005E-03  4.18384539E-03  6.10376870E-01
 -5.00000000E+00  2.02000000E-01  0.00000000E+00  1.15222909E+00  2.72059457E-14  2.71420780E-13 -3.02220568E-13  1.00000005E-03  4.19015111E-03  6.09236656E-01
 -5.00000000E+00  2.02500000E-01  0.00000000E+00  1.15201200E+00  1.04518889E-13  2.52545929E-13 -3.04743067E-13  1.00000005E-03  4.19646605E-03  6.08096890E-01
 -5.00000000E+00  2.03000000E-01  0.00000000E+00  1.15179430E+00  1.29808605E-13  1.98124150E-13 -3.08589112E-13  1.00000005E-03  4.20279017E-03  6.06957577E-01
 -5.00000000E+00  2.03500000E-01  0.00000000E+00  1.15157598E+00  1.19178196E-13  1.12996151E-13 -3.13293452E-13  1.00000005E-03  4.20912344E-03  6.05818720E-01
 -5.00000000E+00  2.04000000E-01  0.00000000E+00  1.15135704E+00  8.56538679E-14  3.34242013E-15 -3.18452044E-13  1.00000005E-03  4.21546583E-03  6.04680324E-01
 -5.00000000E+00  2.04500000E-01  0.00000000E+00  1.15113747E+00  3.95621045E-14 -1.23813172E-13 -3.23719047E-13  1.00000005E-03  4.22181732E-03  6.03542394E-01
 -5.00000000E+00  2.05000000E-01  0.00000000E+00  1.15091729E+00 -1.11208690E-14 -2.61036064E-13 -3.28803712E-13  1.00000005E-03  4.22817788E-03  6.02404933E-01
 -5.00000000E+00  2.05500000E-01  0.00000000E+00  1.15069649E+00 -6.04463926E-14 -4.00853166E-13 -3.33467194E-13  1.00000005E-03  4.23454747E-03  6.01267945E-01
 -5.00000000E+00  2.06000000E-01  0.00000000E+00  1.15047506E+00 -1.04196501E-13 -5.36067724E-13 -3.37519293E-13  1.00000005E-03  4.24092608E-03  6.00131435E-01
 -5.00000000E+00  2.06500000E-01  0.00000000E+00  1.15025300E+00 -1.39611933E-13 -6.60020075E-13 -3.40815137E-13  1.00000005E-03  4.24731366E-03  5.98995407E-01
 -5.00000000E+00  2.07000000E-01  0.00000000E+00  1.15003032E+00 -1.65144084E-13 -7.66797500E-13 -3.43251825E-13  1.00000005E-03  4.25371021E-03  5.97859863E-01
 -5.00000000E+00  2.07500000E-01  0.00000000E+00  1.14980702E+00 -1.80229948E-13 -8.51396383E-13 -3.44765027E-13  1.00000005E-03  4.26011568E-03  5.96724809E-01
 -5.00000000E+00  2.08000000E-01  0.00000000E+00  1.14958309E+00 -1.85089116E-13 -9.09839879E-13 -3.45325574E-13  1.00000005E-03  4.26653005E-03  5.95590247E-01
 -5.00000000E+00  2.08500000E-01  0.00000000E+00  1.14935852E+00 -1.80541898E-13 -9.39254288E-13 -3.44936035E-13  1.00000005E-03  4.27295330E-03  5.94456182E-01
 -5.00000000E+00  2.09000000E-01  0.00000000E+00  1.14913333E+00 -1.67847601E-13 -9.37907353E-13 -3.43627300E-13  1.00000005E-03  4.27938539E-03  5.93322617E-01
 -5.00000000E+00  2.09500000E-01  0.00000000E+00  1.14890751E+00 -1.48562057E-13 -9.05211669E-13 -3.41455181E-13  1.00000005E-03  4.28582631E-03  5.92189556E-01
 -5.00000000E+00  2.10000000E-01  0.00000000E+00  1.14868106E+00 -1.24413425E-13 -8.41696419E-13 -3.38497046E-13  1.00000005E-03  4.29227601E-03  5.91057001E-01
 -5.00000000E+00  2.10500000E-01  0.00000000E+00  1.14845397E+00 -9.71953574E-14 -7.48950644E-13 -3.34848487E-13  1.00000005E-03  4.29873449E-03  5.89924957E-01
 -5.00000000E+00  2.11000000E-01  0.00000000E+00  1.14822625E+00 -6.86765697E-14 -6.29541235E-13 -3.30620053E-13  1.00000005E-03  4.30520170E-03  5.88793427E-01
 -5.00000000E+00  2.11500000E-01  0.00000000E+00  1.14799789E+00 -4.05258789E-14 -4.86908870E-13 -3.25934043E-13  1.00000005E-03  4.31167763E-03  5.87662413E-01
 -5.00000000E+00  2.12000000E-01  0.00000000E+00  1.14776890E+00 -1.42517719E-14 -3.25245090E-13 -3.20921385E-13  1.00000005E-03  4.31816224E-03  5.86531920E-01
 -5.00000000E+00  2.12500000E-01  0.00000000E+00  1.14753927E+00  8.84443932E-15 -1.49353720E-13 -3.15718603E-13  1.00000005E-03  4.32465552E-03  5.85401951E-01
 -5.00000000E+00  2.13000000E-01  0.00000000E+00  1.14730900E+00  2.77028160E-14  3.55001541E-14 -3.10464895E-13  1.00000005E-03  4.33115742E-03  5.84272508E-01
 -5.00000000E+00  2.13500000E-01  0.00000000E+00  1.14707809E+00  4.15272852E-14  2.23750463E-13 -3.05299317E-13  1.00000005E-03  4.33766793E-03  5.83143595E-01
 -5.00000000E+00  2.14000000E-01  0.00000000E+00  1.14684653E+00  4.97973679E-14  4.09696463E-13 -3.00358114E-13  1.00000005E-03  4.34418703E-03  5.82015215E-01
 -5.00000000E+00  2.14500000E-01  0.00000000E+00  1.14661434E+00  5.22700824E-14  5.87671884E-13 -2.95772181E-13  1.00000005E-03  4.35071467E-03  5.80887370E-01
 -5.00000000E+00  2.15000000E-01  0.00000000E+00  1.14638150E+00  4.89729654E-14  7.52213708E-13 -2.91664682E-13  1.00000005E-03  4.35725085E-03  5.79760064E-01
 -5.00000000E+00  2.15500000E-01  0.00000000E+00  1.14614802E+00  4.01891499E-14  8.98227379E-13 -2.88148843E-13  1.00000005E-03  4.36379552E-03  5.78633300E-01
 -5.00000000E+00  2.16000000E-01  0.00000000E+00  1.14591389E+00  2.64354430E-14  1.02114523E-12 -2.85325915E-13  1.00000005E-03  4.37034867E-03  5.77507080E-01
 -5.00000000E+00  2.16500000E-01  0.00000000E+00  1.14567911E+00  8.43434200E-15  1.11707493E-12 -2.83283339E-13  1.00000005E-03  4.37691027E-03  5.76381407E-01
 -5.00000000E+00  2.17000000E-01  0.00000000E+00  1.14544368E+00 -1.29190686E-14  1.18293474E-12 -2.82093115E-13  1.00000005E-03  4.38348029E-03  5.75256284E-01
 -5.00000000E+00  2.17500000E-01  0.00000000E+00  1.14520761E+00 -3.65943989E-14  1.21657240E-12 -2.81810381E-13  1.00000005E-03  4.39005870E-03  5.74131713E-01
 -5.00000000E+00  2.18000000E-01  0.00000000E+00  1.14497088E+00 -6.14664739E-14  1.21686439E-12 -2.82472235E-13  1.00000005E-03  4.39664548E-03  5.73007698E-01
 -5.00000000E+00  2.18500000E-01  0.00000000E+00  1.14473349E+00 -8.63581499E-14  1.18379240E-12 -2.84096788E-13  1.00000005E-03  4.40324061E-03  5.71884240E-01
 -5.00000000E+00  2.19000000E-01  0.00000000E+00  1.14449546E+00 -1.10084488E-13  1.11849383E-12 -2.86682485E-13  1.00000005E-03  4.40984404E-03  5.70761342E-01
 -5.00000000E+00  2.19500000E-01  0.00000000E+00  1.14425676E+00 -1.31497345E-13  1.02328303E-12 -2.90207678E-13  1.00000005E-03  4.41645577E-03  5.69639006E-01
 -5.00000000E+00  2.20000000E-01  0.00000000E+00  1.14401741E+00 -1.49529432E-13  9.01640141E-13 -2.94630500E-13  1.00000005E-03  4.42307577E-03  5.68517235E-01
 -5.00000000E+00  2.20500000E-01  0.00000000E+00  1.14377740E+00 -1.63236917E-13  7.58164376E-13 -2.99889011E-13  1.00000005E-03  4.42970399E-03  5.67396031E-01
 -5.00000000E+00  2.21000000E-01  0.00000000E+00  1.14353673E+00 -1.71839611E-13  5.98488386E-13 -3.05901666E-13  1.00000005E-03  4.43634043E-03  5.66275397E-01
 -5.00000000E+00  2.21500000E-01  0.00000000E+00  1.14329540E+00 -1.74757814E-13  4.29150663E-13 -3.12568094E-13  1.00000005E-03  4.44298506E-03  5.65155334E-01
 -5.00000000E+00  2.22000000E-01  0.00000000E+00  1.14305341E+00 -1.71644863E-13  2.57422699E-13 -3.19770206E-13  1.00000005E-03  4.44963784E-03  5.64035845E-01
 -5.00000000E+00  2.22500000E-01  0.00000000E+00  1.14281075E+00 -1.62414460E-13  9.10876990E-14 -3.27373654E-13  1.00000005E-03  4.45629875E-03  5.62916932E-01
 -5.00000000E+00  2.23000000E-01  0.00000000E+00  1.14256743E+00 -1.47261824E-13 -6.18323340E-14 -3.35229637E-13  1.00000005E-03  4.46296778E-03  5.61798597E-01
 -5.00000000E+00  2.23500000E-01  0.00000000E+00  1.14232344E+00 -1.26677732E-13 -1.93404363E-13 -3.43177079E-13  1.00000005E-03  4.46964488E-03  5.60680841E-01
 -5.00000000E+00  2.24000000E-01  0.00000000E+00  1.14207878E+00 -1.01454506E-13 -2.96170130E-13 -3.51045192E-13  1.00000005E-03  4.47633004E-03  5.59563667E-01
 -5.00000000E+00  2.24500000E-01  0.00000000E+00  1.14183345E+00 -7.26830154E-14 -3.63593211E-13 -3.58656426E-13  1.00000005E-03  4.48302323E-03  5.58447076E-01
 -5.00000000E+00  2.25000000E-01  0.00000000E+00  1.14158745E+00 -4.17397313E-14 -3.90570545E-13 -3.65829826E-13  1.00000005E-03  4.48972442E-03  5.57331071E-01
 -5.00000000E+00  2.25500000E-01  0.00000000E+00  1.14134078E+00 -1.02629197E-14 -3.74011601E-13 -3.72384815E-13  1.00000005E-03  4.49643359E-03  5.56215653E-01
 -5.00000000E+00  2.26000000E-01  0.00000000E+00  1.14109344E+00  1.98829888E-14 -3.13488429E-13 -3.78145392E-13  1.00000005E-03  4.50315072E-03  5.55100824E-01
 -5.00000000E+00  2.26500000E-01  0.00000000E+00  1.14084542E+00  4.66557828E-14 -2.11959764E-13 -3.82944795E-13  1.00000005E-03  4.50987577E-03  5.53986584E-01
 -5.00000000E+00  2.27000000E-01  0.00000000E+00  1.14059673E+00  6.78975509E-14 -7.65724179E-14 -3.86630599E-13  1.00000005E-03  4.51660874E-03  5.52872937E-01
 -5.00000000E+00  2.27500000E-01  0.00000000E+00  1.14034735E+00  8.14114005E-14  8.04568580E-14 -3.89070298E-13  1.00000005E-03  4.52334958E-03  5.51759884E-01
 -5.00000000E+00  2.28000000E-01  0.00000000E+00  1.14009730E+00  8.50537546E-14  2.40875818E-13 -3.90157358E-13  1.00000005E-03  4.53009828E-03  5.50647425E-01
 -5.00000000E+00  2.28500000E-01  0.00000000E+00  1.13984656E+00  7.68431683E-14  3.79344267E-13 -3.89817772E-13  1.00000005E-03  4.53685481E-03  5.49535563E-01
 -5.00000000E+00  2.29000000E-01  0.00000000E+00  1.13959514E+00  5.50866048E-14  4.62291502E-13 -3.88017113E-13  1.00000005E-03  4.54361916E-03  5.48424299E-01
 -5.00000000E+00  2.29500000E-01  0.00000000E+00  1.13934304E+00  1.85241136E-14  4.46680421E-13 -3.84768112E-13  1.00000005E-03  4.55039129E-03  5.47313634E-01
 -5.00000000E+00  2.30000000E-01  0.00000000E+00  1.13909025E+00 -3.35071483E-14  2.78675087E-13 -3.80138764E-13  1.00000005E-03  4.55717119E-03  5.46203569E-01
 -5.00000000E+00  2.30500000E-01  0.00000000E+00  1.13883677E+00 -1.00888610E-13 -1.07791473E-13 -3.74260980E-13  1.00000005E-03  4.56395883E-03  5.45094107E-01
 -5.00000000E+00  2.31000000E-01  0.00000000E+00  1.13858260E+00 -1.82514754E-13 -7.92552476E-13 -3.67339795E-13  1.00000005E-03  4.57075419E-03  5.43985248E-01
 -5.00000000E+00  2.31500000E-01  0.00000000E+00  1.13832775E+00 -1.56164621E-13  8.93513026E-14 -4.03632903E-13  1.00000005E-03  4.57755721E-03  5.42876996E-01
 -5.00000000E+00  2.32000000E-01  0.00000000E+00  1.13807220E+00 -1.26278435E-13  6.63521951E-13 -4.25639981E-13  1.00000005E-03  4.58436789E-03  5.41769350E-01
 -5.00000000E+00  2.32500000E-01  0.00000000E+00  1.13781595E+00 -9.54586833E-14  9.75087637E-13 -4.36249305E-13  1.00000005E-03  4.59118622E-03  5.40662311E-01
 -5.00000000E+00  2.33000000E-01  0.00000000E+00  1.13755901E+00 -6.56436492E-14  1.07334518E-12 -4.38101258E-13  1.00000005E-03  4.59801216E-03  5.39555880E-01
 -5.00000000E+00  2.33500000E-01  0.00000000E+00  1.13730138E+00 -3.84221987E-14  1.00540014E-12 -4.33472108E-13  1.00000005E-03  4.60484570E-03  5.38450059E-01
 -5.00000000E+00  2.34000000E-01  0.00000000E+00  1.13704304E+00 -1.50410276E-14  8.15338543E-13 -4.24302095E-13  1.00000005E-03  4.61168679E-03  5.37344848E-01
 -5.00000000E+00  2.34500000E-01  0.00000000E+00  1.13678401E+00  3.58338911E-15  5.43561080E-13 -4.12222775E-13  1.00000005E-03  4.61853542E-03  5.36240249E-01
 -5.00000000E+00  2.35000000E-01  0.00000000E+00  1.13652427E+00  1.68485915E-14  2.26269817E-13 -3.98583580E-13  1.00000005E-03  4.62539157E-03  5.35136261E-01
 -5.00000000E+00  2.35500000E-01  0.00000000E+00  1.13626383E+00  2.44461183E-14 -1.04902497E-13 -3.84477591E-13  1.00000005E-03  4.63225520E-03  5.34032886E-01
 -5.00000000E+00  2.36000000E-01  0.00000000E+00  1.13600269E+00  2.63381289E-14 -4.23130431E-13 -3.70766471E-13  1.00000005E-03  4.63912630E-03  5.32930125E-01
 -5.00000000E+00  2.36500000E-01  0.00000000E+00  1.13574083E+00  2.27311114E-14 -7.06511118E-13 -3.58104562E-13  1.00000005E-03  4.64600485E-03  5.31827978E-01
 -5.00000000E+00  2.37000000E-01  0.00000000E+00  1.13547827E+00  1.40471275E-14 -9.38066693E-13 -3.46962097E-13  1.00000005E-03  4.65289081E-03  5.30726446E-01
 -5.00000000E+00  2.37500000E-01  0.00000000E+00  1.13521500E+00  8.93043146E-16 -1.10564387E-12 -3.37647499E-13  1.00000005E-03  4.65978417E-03  5.29625530E-01
 -5.00000000E+00  2.38000000E-01  0.00000000E+00  1.13495102E+00 -1.59718033E-14 -1.20172064E-12 -3.30328759E-13  1.00000005E-03  4.66668490E-03  5.28525230E-01
 -5.00000000E+00  2.38500000E-01  0.00000000E+00  1.13468632E+00 -3.56690443E-14 -1.22313004E-12 -3.25053834E-13  1.00000005E-03  4.67359299E-03  5.27425547E-01
 -5.00000000E+00  2.39000000E-01  0.00000000E+00  1.13442091E+00 -5.72353879E-14 -1.17071100E-12 -3.21770059E-13  1.00000005E-03  4.68050840E-03  5.26326482E-01
 -5.00000000E+00  2.39500000E-01  0.00000000E+00  1.13415478E+00 -7.96569311E-14 -1.04889623E-12 -3.20342533E-13  1.00000005E-03  4.68743112E-03  5.25228034E-01
 -5.00000000E+00  2.40000000E-01  0.00000000E+00  1.13388793E+00 -1.01903231E-13 -8.65247192E-13 -3.20571458E-13  1.00000005E-03  4.69436112E-03  5.24130205E-01
 -5.00000000E+00  2.40500000E-01  0.00000000E+00  1.13362037E+00 -1.22960686E-13 -6.29946091E-13 -3.22208381E-13  1.00000005E-03  4.70129838E-03  5.23032996E-01
 -5.00000000E+00  2.41000000E-01  0.00000000E+00  1.13335207E+00 -1.41864768E-13 -3.55254883E-13 -3.24971342E-13  1.00000005E-03  4.70824287E-03  5.21936405E-01
 -5.00000000E+00  2.41500000E-01  0.00000000E+00  1.13308306E+00 -1.57730665E-13 -5.49513424E-14 -3.28558864E-13  1.00000005E-03  4.71519458E-03  5.20840435E-01
 -5.00000000E+00  2.42000000E-01  0.00000000E+00  1.13281332E+00 -1.69781874E-13  2.56247865E-13 -3.32662787E-13  1.00000005E-03  4.72215349E-03  5.19745084E-01
 -5.00000000E+00  2.42500000E-01  0.00000000E+00  1.13254284E+00 -1.77376306E-13  5.63267110E-13 -3.36979890E-13  1.00000005E-03  4.72911956E-03  5.18650355E-01
 -5.00000000E+00  2.43000000E-01  0.00000000E+00  1.13227164E+00 -1.80029433E-13  8.51244734E-13 -3.41222292E-13  1.00000005E-03  4.73609278E-03  5.17556246E-01
 -5.00000000E+00  2.43500000E-01  0.00000000E+00  1.13199971E+00 -1.77434053E-13  1.10608901E-12 -3.45126587E-13  1.00000005E-03  4.74307313E-03  5.16462758E-01
 -5.00000000E+00  2.44000000E-01  0.00000000E+00  1.13172704E+00 -1.69476192E-13  1.31500716E-12 -3.48461703E-13  1.00000005E-03  4.75006057E-03  5.15369892E-01
 -5.00000000E+00  2.44500000E-01  0.00000000E+00  1.13145364E+00 -1.56246730E-13  1.46699743E-12 -3.51035431E-13  1.00000005E-03  4.75705510E-03  5.14277648E-01
 -5.00000000E+00  2.45000000E-01  0.00000000E+00  1.13117950E+00 -1.38048258E-13  1.55329425E-12 -3.52699614E-13  1.00000005E-03  4.76405668E-03  5.13186025E-01
 -5.00000000E+00  2.45500000E-01  0.00000000E+00  1.13090462E+00 -1.15396750E-13  1.56775655E-12 -3.53353968E-13  1.00000005E-03  4.77106529E-03  5.12095025E-01
 -5.00000000E+00  2.46000000E-01  0.00000000E+00  1.13062899E+00 -8.90175879E-14  1.50718909E-12 -3.52948484E-13  1.00000005E-03  4.77808091E-03  5.11004646E-01
 -5.00000000E+00  2.46500000E-01  0.00000000E+00  1.13035263E+00 -5.98354766E-14  1.37158710E-12 -3.51484408E-13  1.00000005E-03  4.78510352E-03  5.09914890E-01
 -5.00000000E+00  2.47000000E-01  0.00000000E+00  1.13007552E+00 -2.89578183E-14  1.16429391E-12 -3.49013757E-13  1.00000005E-03  4.79213310E-03  5.08825756E-01
 -5.00000000E+00  2.47500000E-01  0.00000000E+00  1.12979765E+00  2.34891899E-15  8.92061840E-13 -3.45637333E-13  1.00000005E-03  4.79916962E-03  5.07737244E-01
 -5.00000000E+00  2.48000000E-01  0.00000000E+00  1.12951904E+00  3.26902855E-14  5.65006275E-13 -3.41501232E-13  1.00000005E-03  4.80621306E-03  5.06649354E-01
 -5.00000000E+00  2.48500000E-01  0.00000000E+00  1.12923968E+00  6.05828368E-14  1.96442871E-13 -3.36791786E-13  1.00000005E-03  4.81326340E-03  5.05562086E-01
 -5.00000000E+00  2.49000000E-01  0.00000000E+00  1.12895957E+00  8.45014761E-14 -1.97402013E-13 -3.31728937E-13  1.00000005E-03  4.82032062E-03  5.04475441E-01
 -5.00000000E+00  2.49500000E-01  0.00000000E+00  1.12867869E+00  1.02935603E-13 -5.97817694E-13 -3.26557990E-13  1.00000005E-03  4.82738469E-03  5.03389416E-01
 -5.00000000E+00  2.50000000E-01  0.00000000E+00  1.12839706E+00  1.14454517E-13 -9.84182338E-13 -3.21539740E-13  1.00000005E-03  4.83445559E-03  5.02304014E-01
 -5.00000000E+00  2.50500000E-01  0.00000000E+00  1.12811467E+00  1.17782532E-13 -1.33469291E-12 -3.16938920E-13  1.00000005E-03  4.84153331E-03  5.01219233E-01
 -5.00000000E+00  2.51000000E-01  0.00000000E+00  1.12783152E+00  1.11884240E-13 -1.62726191E-12 -3.13010959E-13  1.00000005E-03  4.84861781E-03  5.00135072E-01
 -5.00000000E+00  2.51500000E-01  0.00000000E+00  1.12754761E+00  9.60603923E-14 -1.84059081E-12 -3.09987005E-13  1.00000005E-03  4.85570908E-03  4.99051532E-01
 -5.00000000E+00  2.52000000E-01  0.00000000E+00  1.12726292E+00  7.00548226E-14 -1.95543024E-12 -3.08057204E-13  1.00000005E-03  4.86280710E-03  4.97968613E-01
 -5.00000000E+00  2.52500000E-01  0.00000000E+00  1.12697747E+00  3.41728870E-14 -1.95603686E-12 -3.07352183E-13  1.00000005E-03  4.86991184E-03  4.96886313E-01
 -5.00000000E+00  2.53000000E-01  0.00000000E+00  1.12669125E+00 -1.05881494E-14 -1.83183685E-12 -3.07922730E-13  1.00000005E-03  4.87702329E-03  4.95804633E-01
 -5.00000000E+00  2.53500000E-01  0.00000000E+00  1.12640426E+00 -6.23963199E-14 -1.57930597E-12 -3.09717621E-13  1.00000005E-03  4.88414141E-03  4.94723572E-01
 -5.00000000E+00  2.54000000E-01  0.00000000E+00  1.12611650E+00 -1.18429310E-13 -1.20407631E-12 -3.12559581E-13  1.00000005E-03  4.89126620E-03  4.93643129E-01
 -5.00000000E+00  2.54500000E-01  0.00000000E+00  1.12582795E+00 -1.74705506E-13 -7.23279449E-13 -3.16119349E-13  1.00000005E-03  4.89839763E-03  4.92563304E-01
 -5.00000000E+00  2.55000000E-01  0.00000000E+00  1.12553863E+00 -2.25901276E-13 -1.68136254E-13 -3.19887800E-13  1.00000005E-03  4.90553567E-03  4.91484097E-01
 -5.00000000E+00  2.55500000E-01  0.00000000E+00  1.12524853E+00 -2.65154039E-13  4.13196708E-13 -3.23146114E-13  1.00000005E-03  4.91268031E-03  4.90405508E-01
 -5.00000000E+00  2.56000000E-01  0.00000000E+00  1.12495764E+00 -2.83850635E-13  9.52514042E-13 -3.24933956E-13  1.00000005E-03  4.91983153E-03  4.89327534E-01
 -5.00000000E+00  2.56500000E-01  0.00000000E+00  1.12466597E+00 -2.71400546E-13  1.35817144E-12 -3.24015619E-13  1.00000005E-03  4.92698930E-03  4.88250177E-01
 -5.00000000E+00  2.57000000E-01  0.00000000E+00  1.12437351E+00 -2.14993462E-13  1.51140832E-12 -3.18844127E-13  1.00000005E-03  4.93415360E-03  4.87173436E-01
 -5.00000000E+00  2.57500000E-01  0.00000000E+00  1.12408025E+00 -9.93407095E-14  1.26237257E-12 -3.07523227E-13  1.00000005E-03  4.94132441E-03  4.86097311E-01
 -5.00000000E+00  2.58000000E-01  0.00000000E+00  1.12378620E+00  9.35999753E-14  4.25836822E-13 -2.87767261E-13  1.00000005E-03  4.94850171E-03  4.85021800E-01
 -5.00000000E+00  2.58500000E-01  0.00000000E+00  1.12349136E+00  1.06068038E-13 -1.68833595E-13 -3.10798224E-13  1.00000005E-03  4.95568547E-03  4.83946904E-01
 -5.00000000E+00  2.59000000E-01  0.00000000E+00  1.12319572E+00 -2.42726798E-14 -3.73626328E-13 -3.45535542E-13  1.00000005E-03  4.96287567E-03  4.82872621E-01
 -5.00000000E+00  2.59500000E-01  0.00000000E+00  1.12289928E+00 -1.03401342E-13 -7.09744969E-13 -3.54623144E-13  1.00000005E-03  4.97007230E-03  4.81798949E-01
 -5.00000000E+00  2.60000000E-01  0.00000000E+00  1.12260204E+00 -1.44880550E-13 -1.04108461E-12 -3.47283826E-13  1.00000005E-03  4.97727535E-03  4.80725888E-01
 -5.00000000E+00  2.60500000E-01  0.00000000E+00  1.12230400E+00 -1.59773777E-13 -1.28042963E-12 -3.30649619E-13  1.00000005E-03  4.98448478E-03  4.79653437E-01
 -5.00000000E+00  2.61000000E-01  0.00000000E+00  1.12200515E+00 -1.56958253E-13 -1.37978421E-12 -3.10072947E-13  1.00000005E-03  4.99170057E-03  4.78581596E-01
 -5.00000000E+00  2.61500000E-01  0.00000000E+00  1.12170549E+00 -1.43413451E-13 -1.32177936E-12 -2.89409292E-13  1.00000005E-03  4.99892272E-03  4.77510363E-01
 -5.00000000E+00  2.62000000E-01  0.00000000E+00  1.12140502E+00 -1.24486137E-13 -1.11210227E-12 -2.71272627E-13  1.00000005E-03  5.00615119E-03  4.76439737E-01
 -5.00000000E+00  2.62500000E-01  0.00000000E+00  1.12110373E+00 -1.04132887E-13 -7.72893631E-13 -2.57264862E-13  1.00000005E-03  5.01338596E-03  4.75369718E-01
 -5.00000000E+00  2.63000000E-01  0.00000000E+00  1.12080163E+00 -8.51409788E-14 -3.37059335E-13 -2.48180548E-13  1.00000005E-03  5.02062702E-03  4.74300305E-01
 -5.00000000E+00  2.63500000E-01  0.00000000E+00  1.12049870E+00 -6.93285819E-14  1.56557503E-13 -2.44188079E-13  1.00000005E-03  5.02787434E-03  4.73231497E-01
 -5.00000000E+00  2.64000000E-01  0.00000000E+00  1.12019496E+00 -5.77251293E-14  6.67197908E-13 -2.44988632E-13  1.00000005E-03  5.03512791E-03  4.72163293E-01
 -5.00000000E+00  2.64500000E-01  0.00000000E+00  1.11989039E+00 -5.07327867E-14  1.15545555E-12 -2.49954074E-13  1.00000005E-03  5.04238770E-03  4.71095692E-01
 -5.00000000E+00  2.65000000E-01  0.00000000E+00  1.11958499E+00 -4.82699110E-14  1.58584614E-12 -2.58245079E-13  1.00000005E-03  5.04965369E-03  4.70028693E-01
 -5.00000000E+00  2.65500000E-01  0.00000000E+00  1.11927877E+00 -4.98973970E-14  1.92873144E-12 -2.68910681E-13  1.00000005E-03  5.05692586E-03  4.68962296E-01
 -5.00000000E+00  2.66000000E-01  0.00000000E+00  1.11897171E+00 -5.49288125E-14  2.16165171E-12 -2.80970500E-13  1.00000005E-03  5.06420420E-03  4.67896498E-01
 -5.00000000E+00  2.66500000E-01  0.00000000E+00  1.11866382E+00 -6.25252162E-14  2.27012020E-12 -2.93480879E-13  1.00000005E-03  5.07148868E-03  4.66831299E-01
 -5.00000000E+00  2.67000000E-01  0.00000000E+00  1.11835509E+00 -7.17755584E-14  2.24793371E-12 -3.05586158E-13  1.00000005E-03  5.07877928E-03  4.65766699E-01
 -5.00000000E+00  2.67500000E-01  0.00000000E+00  1.11804552E+00 -8.17635601E-14  2.09705274E-12 -3.16556323E-13  1.00000005E-03  5.08607598E-03  4.64702695E-01
 -5.00000000E+00  2.68000000E-01  0.00000000E+00  1.11773510E+00 -9.16219704E-14  1.82710523E-12 -3.25812269E-13  1.00000005E-03  5.09337876E-03  4.63639287E-01
 -5.00000000E+00  2.68500000E-01  0.00000000E+00  1.11742384E+00 -1.00575100E-13  1.45456755E-12 -3.32939906E-13  1.00000005E-03  5.10068761E-03  4.62576473E-01
 -5.00000000E+00  2.69000000E-01  0.00000000E+00  1.11711174E+00 -1.07970527E-13  1.00167668E-12 -3.37694342E-13  1.00000005E-03  5.10800249E-03  4.61514252E-01
 -5.00000000E+00  2.69500000E-01  0.00000000E+00  1.11679878E+00 -1.13300881E-13  4.95127182E-13 -3.39995388E-13  1.00000005E-03  5.11532340E-03  4.60452624E-01
 -5.00000000E+00  2.70000000E-01  0.00000000E+00  1.11648497E+00 -1.16216589E-13 -3.53930051E-14 -3.39915606E-13  1.00000005E-03  5.12265030E-03  4.59391586E-01
 -5.00000000E+00  2.70500000E-01  0.00000000E+00  1.11617030E+00 -1.16530503E-13 -5.58774346E-13 -3.37662147E-13  1.00000005E-03  5.12998319E-03  4.58331137E-01
 -5.00000000E+00  2.71000000E-01  0.00000000E+00  1.11585477E+00 -1.14215288E-13 -1.04411119E-12 -3.33553609E-13  1.00000005E-03  5.13732204E-03  4.57271277E-01
 -5.00000000E+00  2.71500000E-01  0.00000000E+00  1.11553838E+00 -1.09394484E-13 -1.46232721E-12 -3.27993147E-13  1.00000005E-03  5.14466683E-03  4.56212003E-01
 -5.00000000E+00  2.72000000E-01  0.00000000E+00  1.11522113E+00 -1.02328129E-13 -1.78774695E-12 -3.21439078E-13  1.00000005E-03  5.15201755E-03  4.55153315E-01
 -5.00000000E+00  2.72500000E-01  0.00000000E+00  1.11490301E+00 -9.33938551E-14 -1.99955986E-12 -3.14374208E-13  1.00000005E-03  5.15937416E-03  4.54095210E-01
 -5.00000000E+00  2.73000000E-01  0.00000000E+00  1.11458402E+00 -8.30643380E-14 -2.08312288E-12 -3.07275118E-13  1.00000005E-03  5.16673667E-03  4.53037688E-01
 -5.00000000E+00  2.73500000E-01  0.00000000E+00  1.11426415E+00 -7.18820177E-14 -2.03104789E-12 -3.00582645E-13  1.00000005E-03  5.17410504E-03  4.51980747E-01
 -5.00000000E+00  2.74000000E-01  0.00000000E+00  1.11394341E+00 -6.04319737E-14 -1.84402027E-12 -2.94674793E-13  1.00000005E-03  5.18147925E-03  4.50924386E-01
 -5.00000000E+00  2.74500000E-01  0.00000000E+00  1.11362179E+00 -4.93138615E-14 -1.53129473E-12 -2.89843306E-13  1.00000005E-03  5.18885930E-03  4.49868603E-01
 -5.00000000E+00  2.75000000E-01  0.00000000E+00  1.11329929E+00 -3.91138044E-14 -1.11081462E-12 -2.86275137E-13  1.00000005E-03  5.19624515E-03  4.48813396E-01
 -5.00000000E+00  2.75500000E-01  0.00000000E+00  1.11297590E+00 -3.03771413E-14 -6.08901010E-13 -2.84040055E-13  1.00000005E-03  5.20363679E-03  4.47758765E-01
 -5.00000000E+00  2.76000000E-01  0.00000000E+00  1.11265162E+00 -2.35829269E-14 -5.94576363E-14 -2.83085612E-13  1.00000005E-03  5.21103421E-03  4.46704708E-01
 -5.00000000E+00  2.76500000E-01  0.00000000E+00  1.11232646E+00 -1.91210843E-14  4.97362028E-13 -2.83240720E-13  1.00000005E-03  5.21843738E-03  4.45651223E-01
 -5.00000000E+00  2.77000000E-01  0.00000000E+00  1.11200039E+00 -1.72731077E-14  1.01707942E-12 -2.84229064E-13  1.00000005E-03  5.22584628E-03  4.44598309E-01
 -5.00000000E+00  2.77500000E-01  0.00000000E+00  1.11167343E+00 -1.81972135E-14  1.45346105E-12 -2.85693584E-13  1.00000005E-03  5.23326091E-03  4.43545964E-01
 -5.00000000E+00  2.78000000E-01  0.00000000E+00  1.11134557E+00 -2.19188407E-14  1.76178801E-12 -2.87233271E-13  1.00000005E-03  5.24068123E-03  4.42494187E-01
 -5.00000000E+00  2.78500000E-01  0.00000000E+00  1.11101681E+00 -2.83273959E-14  1.90287853E-12 -2.88453504E-13  1.00000005E-03  5.24810723E-03  4.41442976E-01
 -5.00000000E+00  2.79000000E-01  0.00000000E+00  1.11068714E+00 -3.71801452E-14  1.84791756E-12 -2.89031162E-13  1.00000005E-03  5.25553889E-03  4.40392329E-01
 -5.00000000E+00  2.79500000E-01  0.00000000E+00  1.11035655E+00 -4.81141499E-14  1.58414688E-12 -2.88795757E-13  1.00000005E-03  5.26297619E-03  4.39342246E-01
 -5.00000000E+00  2.80000000E-01  0.00000000E+00  1.11002506E+00 -6.06671453E-14  1.12146961E-12 -2.87827807E-13  1.00000005E-03  5.27041911E-03  4.38292724E-01
 -5.00000000E+00  2.80500000E-01  0.00000000E+00  1.10969264E+00 -7.43082623E-14  5.00022865E-13 -2.86575691E-13  1.00000005E-03  5.27786763E-03  4.37243762E-01
 -5.00000000E+00  2.81000000E-01  0.00000000E+00  1.10935931E+00 -8.84794865E-14 -2.01228063E-13 -2.85992223E-13  1.00000005E-03  5.28532174E-03  4.36195357E-01
 -5.00000000E+00  2.81500000E-01  0.00000000E+00  1.10902505E+00 -1.02648759E-13 -8.54820095E-13 -2.87692160E-13  1.00000005E-03  5.29278140E-03  4.35147509E-01
 -5.00000000E+00  2.82000000E-01  0.00000000E+00  1.10868987E+00 -1.16375607E-13 -1.27399401E-12 -2.94131901E-13  1.00000005E-03  5.30024660E-03  4.34100216E-01
 -5.00000000E+00  2.82500000E-01  0.00000000E+00  1.10835376E+00 -1.29390215E-13 -1.20071376E-12 -3.08812579E-13  1.00000005E-03  5.30771731E-03  4.33053475E-01
 -5.00000000E+00  2.83000000E-01  0.00000000E+00  1.10801671E+00 -1.21224312E-13 -3.57940991E-13 -3.34095545E-13  1.00000005E-03  5.31519352E-03  4.32007285E-01
 -5.00000000E+00  2.83500000E-01  0.00000000E+00  1.10767873E+00  5.02117224E-14  1.83296016E-13 -3.35195042E-13  1.00000005E-03  5.32267524E-03  4.30961645E-01
 -5.00000000E+00  2.84000000E-01  0.00000000E+00  1.10733981E+00  9.71845528E-14  6.61408161E-13 -3.33836307E-13  1.00000005E-03  5.33016245E-03  4.29916552E-01
 -5.00000000E+00  2.84500000E-01  0.00000000E+00  1.10699995E+00  6.86191554E-14  1.01976718E-12 -3.31799519E-13  1.00000005E-03  5.33765511E-03  4.28872005E-01
 -5.00000000E+00  2.85000000E-01  0.00000000E+00  1.10665914E+00  1.07070892E-15  1.23026630E-12 -3.30197107E-13  1.00000005E-03  5.34515321E-03  4.27828001E-01
 -5.00000000E+00  2.85500000E-01  0.00000000E+00  1.10631737E+00 -7.92195359E-14  1.28682054E-12 -3.29616351E-13  1.00000005E-03  5.35265672E-03  4.26784539E-01
 -5.00000000E+00  2.86000000E-01  0.00000000E+00  1.10597466E+00 -1.54476792E-13  1.19966764E-12 -3.30244675E-13  1.00000005E-03  5.36016562E-03  4.25741618E-01
 -5.00000000E+00  2.86500000E-01  0.00000000E+00  1.10563098E+00 -2.13744078E-13  9.90426605E-13 -3.31978535E-13  1.00000005E-03  5.36767989E-03  4.24699235E-01
 -5.00000000E+00  2.87000000E-01  0.00000000E+00  1.10528635E+00 -2.51422600E-13  6.87870301E-13 -3.34516875E-13  1.00000005E-03  5.37519953E-03  4.23657388E-01
 -5.00000000E+00  2.87500000E-01  0.00000000E+00  1.10494075E+00 -2.65991278E-13  3.24368282E-13 -3.37440093E-13  1.00000005E-03  5.38272449E-03  4.22616076E-01
 -5.00000000E+00  2.88000000E-01  0.00000000E+00  1.10459419E+00 -2.58895443E-13 -6.70440527E-14 -3.40275481E-13  1.00000005E-03  5.39025478E-03  4.21575297E-01
 -5.00000000E+00  2.88500000E-01  0.00000000E+00  1.10424665E+00 -2.33594699E-13 -4.55014086E-13 -3.42550097E-13  1.00000005E-03  5.39779037E-03  4.20535048E-01
 -5.00000000E+00  2.89000000E-01  0.00000000E+00  1.10389813E+00 -1.94759887E-13 -8.11682445E-13 -3.43832043E-13  1.00000005E-03  5.40533124E-03  4.19495329E-01
 -5.00000000E+00  2.89500000E-01  0.00000000E+00  1.10354864E+00 -1.47609089E-13 -1.11399940E-12 -3.43761093E-13  1.00000005E-03  5.41287738E-03  4.18456136E-01
 -5.00000000E+00  2.90000000E-01  0.00000000E+00  1.10319816E+00 -9.73726138E-14 -1.34459122E-12 -3.42069649E-13  1.00000005E-03  5.42042877E-03  4.17417468E-01
 -5.00000000E+00  2.90500000E-01  0.00000000E+00  1.10284670E+00 -4.88768897E-14 -1.49222067E-12 -3.38594981E-13  1.00000005E-03  5.42798540E-03  4.16379322E-01
 -5.00000000E+00  2.91000000E-01  0.00000000E+00  1.10249425E+00 -6.23720221E-15 -1.55188540E-12 -3.33283711E-13  1.00000005E-03  5.43554724E-03  4.15341698E-01
 -5.00000000E+00  2.91500000E-01  0.00000000E+00  1.10214080E+00  2.73507826E-14 -1.52459860E-12 -3.26189511E-13  1.00000005E-03  5.44311428E-03  4.14304592E-01
 -5.00000000E+00  2.92000000E-01  0.00000000E+00  1.10178636E+00  4.97307646E-14 -1.41689553E-12 -3.17464964E-13  1.00000005E-03  5.45068649E-03  4.13268003E-01
 -5.00000000E+00  2.92500000E-01  0.00000000E+00  1.10143091E+00  5.98268812E-14 -1.24011030E-12 -3.07348558E-13  1.00000005E-03  5.45826387E-03  4.12231928E-01
 -5.00000000E+00  2.93000000E-01  0.00000000E+00  1.10107446E+00  5.76161543E-14 -1.00946652E-12 -2.96147774E-13  1.00000005E-03  5.46584640E-03  4.11196366E-01
 -5.00000000E+00  2.93500000E-01  0.00000000E+00  1.10071700E+00  4.40423680E-14 -7.43026168E-13 -2.84219226E-13  1.00000005E-03  5.47343405E-03  4.10161315E-01
 -5.00000000E+00  2.94000000E-01  0.00000000E+00  1.10035852E+00  2.08814287E-14 -4.60540453E-13 -2.71946815E-13  1.00000005E-03  5.48102681E-03  4.09126772E-01
 -5.00000000E+00  2.94500000E-01  0.00000000E+00  1.09999902E+00 -9.43173595E-15 -1.82246781E-13 -2.59718862E-13  1.00000005E-03  5.48862465E-03  4.08092736E-01
 -5.00000000E+00  2.95000000E-01  0.00000000E+00  1.09963851E+00 -4.40046829E-14  7.23441287E-14 -2.47905176E-13  1.00000005E-03  5.49622757E-03  4.07059204E-01
 -5.00000000E+00  2.95500000E-01  0.00000000E+00  1.09927696E+00 -7.97073057E-14  2.85626977E-13 -2.36835033E-13  1.00000005E-03  5.50383554E-03  4.06026174E-01
 -5.00000000E+00  2.96000000E-01  0.00000000E+00  1.09891439E+00 -1.13399973E-13  4.43002432E-13 -2.26777002E-13  1.00000005E-03  5.51144854E-03  4.04993645E-01
 -5.00000000E+00  2.96500000E-01  0.00000000E+00  1.09855078E+00 -1.42159898E-13  5.33855446E-13 -2.17921611E-13  1.00000005E-03  5.51906655E-03  4.03961614E-01
 -5.00000000E+00  2.97000000E-01  0.00000000E+00  1.09818614E+00 -1.63495671E-13  5.52367337E-13 -2.10367793E-13  1.00000005E-03  5.52668956E-03  4.02930078E-01
 -5.00000000E+00  2.97500000E-01  0.00000000E+00  1.09782045E+00 -1.75539910E-13  4.98117612E-13 -2.04114077E-13  1.00000005E-03  5.53431755E-03  4.01899036E-01
 -5.00000000E+00  2.98000000E-01  0.00000000E+00  1.09745371E+00 -1.77209965E-13  3.76431530E-13 -1.99055494E-13  1.00000005E-03  5.54195050E-03  4.00868487E-01
 -5.00000000E+00  2.98500000E-01  0.00000000E+00  1.09708593E+00 -1.68326623E-13  1.98429411E-13 -1.94987155E-13  1.00000005E-03  5.54958839E-03  3.99838426E-01
 -5.00000000E+00  2.99000000E-01  0.00000000E+00  1.09671708E+00 -1.49680762E-13 -1.92663179E-14 -1.91615454E-13  1.00000005E-03  5.55723120E-03  3.98808853E-01
 -5.00000000E+00  2.99500000E-01  0.00000000E+00  1.09634718E+00 -1.23037901E-13 -2.55210322E-13 -1.88577873E-13  1.00000005E-03  5.56487892E-03  3.97779765E-01
 -5.00000000E+00  3.00000000E-01  0.00000000E+00  1.09597622E+00 -9.10705932E-14 -4.84243824E-13 -1.85472338E-13  1.00000005E-03  5.57253153E-03  3.96751160E-01
 -5.00000000E+00  3.00500000E-01  0.00000000E+00  1.09560418E+00 -5.72086013E-14 -6.79078366E-13 -1.81897093E-13  1.00000005E-03  5.58018902E-03  3.95723036E-01
 -5.00000000E+00  3.01000000E-01  0.00000000E+00  1.09523108E+00 -2.53968053E-14 -8.12397896E-13 -1.77502056E-13  1.00000005E-03  5.58785136E-03  3.94695390E-01
 -5.00000000E+00  3.01500000E-01  0.00000000E+00  1.09485689E+00  2.49227545E-16 -8.59523263E-13 -1.72052611E-13  1.00000005E-03  5.59551854E-03  3.93668220E-01
 -5.00000000E+00  3.02000000E-01  0.00000000E+00  1.09448163E+00  1.59000720E-14 -8.01683188E-13 -1.65506813E-13  1.00000005E-03  5.60319054E-03  3.92641525E-01
 -5.00000000E+00  3.02500000E-01  0.00000000E+00  1.09410528E+00  1.85917401E-14 -6.29935763E-13 -1.58106958E-13  1.00000005E-03  5.61086735E-03  3.91615300E-01
 -5.00000000E+00  3.03000000E-01  0.00000000E+00  1.09372783E+00  6.93750424E-15 -3.49784516E-13 -1.50486474E-13  1.00000005E-03  5.61854895E-03  3.90589546E-01
 -5.00000000E+00  3.03500000E-01  0.00000000E+00  1.09334930E+00 -1.80177058E-14  1.34670857E-14 -1.43793106E-13  1.00000005E-03  5.62623532E-03  3.89564258E-01
 -5.00000000E+00  3.04000000E-01  0.00000000E+00  1.09296966E+00 -5.17903091E-14  4.08578958E-13 -1.39829331E-13  1.00000005E-03  5.63392645E-03  3.88539434E-01
 -5.00000000E+00  3.04500000E-01  0.00000000E+00  1.09258891E+00 -8.52885136E-14  7.51412188E-13 -1.41210964E-13  1.00000005E-03  5.64162231E-03  3.87515073E-01
 -5.00000000E+00  3.05000000E-01  0.00000000E+00  1.09220706E+00 -1.03470291E-13  9.17098387E-13 -1.51544870E-13  1.00000005E-03  5.64932289E-03  3.86491171E-01
 -5.00000000E+00  3.05500000E-01  0.00000000E+00  1.09182409E+00 -7.60424585E-14  6.38725367E-13 -1.62395489E-13  1.00000005E-03  5.65702817E-03  3.85467727E-01
 -5.00000000E+00  3.06000000E-01  0.00000000E+00  1.09144000E+00  1.57381497E-14 -5.19165239E-13 -1.01716743E-13  1.00000005E-03  5.66473810E-03  3.84444740E-01
 -5.00000000E+00  3.06500000E-01  0.00000000E+00  1.09105479E+00  4.94574678E-14 -1.14259682E-12 -1.14999650E-13  1.00000005E-03  5.67245270E-03  3.83422205E-01
 -5.00000000E+00  3.07000000E-01  0.00000000E+00  1.09066845E+00  4.88582922E-14 -1.31598465E-12 -1.63504503E-13  1.00000005E-03  5.68017195E-03  3.82400119E-01
 -5.00000000E+00  3.07500000E-01  0.00000000E+00  1.09028098E+00  3.09183183E-14 -1.14140194E-12 -2.21066938E-13  1.00000005E-03  5.68789584E-03  3.81378482E-01
 -5.00000000E+00  3.08000000E-01  0.00000000E+00  1.08989236E+00  7.16922048E-15 -7.27707643E-13 -2.71455792E-13  1.00000005E-03  5.69562434E-03  3.80357289E-01
 -5.00000000E+00  3.08500000E-01  0.00000000E+00  1.08950260E+00 -1.51453576E-14 -1.81759214E-13 -3.06068071E-13  1.00000005E-03  5.70335744E-03  3.79336540E-01
 -5.00000000E+00  3.09000000E-01  0.00000000E+00  1.08911169E+00 -3.20631584E-14  3.98447101E-13 -3.21940208E-13  1.00000005E-03  5.71109512E-03  3.78316231E-01
 -5.00000000E+00  3.09500000E-01  0.00000000E+00  1.08871963E+00 -4.20383769E-14  9.28864905E-13 -3.20055158E-13  1.00000005E-03  5.71883735E-03  3.77296360E-01
 -5.00000000E+00  3.10000000E-01  0.00000000E+00  1.08832640E+00 -4.52091413E-14  1.34287157E-12 -3.03925176E-13  1.00000005E-03  5.72658413E-03  3.76276926E-01
 -5.00000000E+00  3.10500000E-01  0.00000000E+00  1.08793202E+00 -4.27880084E-14  1.59328375E-12 -2.78430251E-13  1.00000005E-03  5.73433541E-03  3.75257925E-01
 -5.00000000E+00  3.11000000E-01  0.00000000E+00  1.08753646E+00 -3.65661695E-14  1.65307110E-12 -2.48892227E-13  1.00000005E-03  5.74209120E-03  3.74239355E-01
 -5.00000000E+00  3.11500000E-01  0.00000000E+00  1.08713972E+00 -2.85222111E-14  1.51492508E-12 -2.20364689E-13  1.00000005E-03  5.74985147E-03  3.73221214E-01
 -5.00000000E+00  3.12000000E-01  0.00000000E+00  1.08674181E+00 -2.05259870E-14  1.18983994E-12 -1.97118654E-13  1.00000005E-03  5.75761620E-03  3.72203499E-01
 -5.00000000E+00  3.12500000E-01  0.00000000E+00  1.08634270E+00 -1.41285085E-14  7.04863139E-13 -1.82304130E-13  1.00000005E-03  5.76538537E-03  3.71186209E-01
 -5.00000000E+00  3.13000000E-01  0.00000000E+00  1.08594241E+00 -1.04284251E-14  1.00172752E-13 -1.77767543E-13  1.00000005E-03  5.77315897E-03  3.70169339E-01
 -5.00000000E+00  3.13500000E-01  0.00000000E+00  1.08554092E+00 -1.00059742E-14 -5.74360942E-13 -1.84005063E-13  1.00000005E-03  5.78093698E-03  3.69152889E-01
 -5.00000000E+00  3.14000000E-01  0.00000000E+00  1.08513823E+00 -1.29148817E-14 -1.26297214E-12 -2.00231812E-13  1.00000005E-03  5.78871938E-03  3.68136855E-01
 -5.00000000E+00  3.14500000E-01  0.00000000E+00  1.08473433E+00 -1.87231614E-14 -1.90799730E-12 -2.24546966E-13  1.00000005E-03  5.79650616E-03  3.67121235E-01
 -5.00000000E+00  3.15000000E-01  0.00000000E+00  1.08432922E+00 -2.65933559E-14 -2.45391672E-12 -2.54174754E-13  1.00000005E-03  5.80429729E-03  3.66106026E-01
 -5.00000000E+00  3.15500000E-01  0.00000000E+00  1.08392288E+00 -3.53929495E-14 -2.85128301E-12 -2.85761349E-13  1.00000005E-03  5.81209278E-03  3.65091226E-01
 -5.00000000E+00  3.16000000E-01  0.00000000E+00  1.08351533E+00 -4.38258535E-14 -3.06037922E-12 -3.15707703E-13  1.00000005E-03  5.81989259E-03  3.64076832E-01
 -5.00000000E+00  3.16500000E-01  0.00000000E+00  1.08310654E+00 -5.05752764E-14 -3.05444976E-12 -3.40518310E-13  1.00000005E-03  5.82769671E-03  3.63062841E-01
 -5.00000000E+00  3.17000000E-01  0.00000000E+00  1.08269651E+00 -5.44492174E-14 -2.82234700E-12 -3.57145965E-13  1.00000005E-03  5.83550513E-03  3.62049252E-01
 -5.00000000E+00  3.17500000E-01  0.00000000E+00  1.08228525E+00 -5.45188585E-14 -2.37043657E-12 -3.63312523E-13  1.00000005E-03  5.84331783E-03  3.61036061E-01
 -5.00000000E+00  3.18000000E-01  0.00000000E+00  1.08187273E+00 -5.02408219E-14 -1.72360409E-12 -3.57785698E-13  1.00000005E-03  5.85113478E-03  3.60023266E-01
 -5.00000000E+00  3.18500000E-01  0.00000000E+00  1.08145896E+00 -4.15539158E-14 -9.25206026E-13 -3.40591916E-13  1.00000005E-03  5.85895598E-03  3.59010865E-01
 -5.00000000E+00  3.19000000E-01  0.00000000E+00  1.08104393E+00 -2.89411330E-14 -3.58075104E-14 -3.13145234E-13  1.00000005E-03  5.86678140E-03  3.57998854E-01
 -5.00000000E+00  3.19500000E-01  0.00000000E+00  1.08062763E+00 -1.34475606E-14  8.69450563E-13 -2.78272335E-13  1.00000005E-03  5.87461102E-03  3.56987231E-01
 -5.00000000E+00  3.20000000E-01  0.00000000E+00  1.08021006E+00  3.35514470E-15  1.70501234E-12 -2.40113589E-13  1.00000005E-03  5.88244482E-03  3.55975993E-01
 -5.00000000E+00  3.20500000E-01  0.00000000E+00  1.07979121E+00  1.94666681E-14  2.38075320E-12 -2.03880183E-13  1.00000005E-03  5.89028279E-03  3.54965139E-01
 -5.00000000E+00  3.21000000E-01  0.00000000E+00  1.07937107E+00  3.26283437E-14  2.80966835E-12 -1.75447335E-13  1.00000005E-03  5.89812489E-03  3.53954664E-01
 -5.00000000E+00  3.21500000E-01  0.00000000E+00  1.07894964E+00  4.05741520E-14  2.91756095E-12 -1.60763594E-13  1.00000005E-03  5.90597111E-03  3.52944568E-01
 -5.00000000E+00  3.22000000E-01  0.00000000E+00  1.07852692E+00  4.13727249E-14  2.65488641E-12 -1.65056290E-13  1.00000005E-03  5.91382144E-03  3.51934846E-01
 -5.00000000E+00  3.22500000E-01  0.00000000E+00  1.07810289E+00  3.38687378E-14  2.01090931E-12 -1.91813169E-13  1.00000005E-03  5.92167584E-03  3.50925497E-01
 -5.00000000E+00  3.23000000E-01  0.00000000E+00  1.07767755E+00  1.82335286E-14  1.03032980E-12 -2.41520294E-13  1.00000005E-03  5.92953430E-03  3.49916518E-01
 -5.00000000E+00  3.23500000E-01  0.00000000E+00  1.07725089E+00 -3.36590184E-15 -1.67463928E-13 -3.10136265E-13  1.00000005E-03  5.93739680E-03  3.48907906E-01
 -5.00000000E+00  3.24000000E-01  0.00000000E+00  1.07682291E+00 -2.59705244E-14 -1.36635902E-12 -3.87282759E-13  1.00000005E-03  5.94526333E-03  3.47899658E-01
 -5.00000000E+00  3.24500000E-01  0.00000000E+00  1.07639359E+00 -4.08959164E-14 -2.22853753E-12 -4.54131273E-13  1.00000005E-03  5.95313388E-03  3.46891772E-01
 -5.00000000E+00  3.25000000E-01  0.00000000E+00  1.07596295E+00 -3.46521445E-14 -2.26638940E-12 -4.80965722E-13  1.00000005E-03  5.96100843E-03  3.45884244E-01
 -5.00000000E+00  3.25500000E-01  0.00000000E+00  1.07553096E+00  1.22920076E-14 -8.11151124E-13 -4.24400162E-13  1.00000005E-03  5.96888699E-03  3.44877073E-01
 -5.00000000E+00  3.26000000E-01  0.00000000E+00  1.07509761E+00  7.97055679E-14  1.56092127E-12 -2.71956907E-13  1.00000005E-03  5.97676953E-03  3.43870256E-01
 -5.00000000E+00  3.26500000E-01  0.00000000E+00  1.07466291E+00 -2.68582036E-15 -4.26192159E-13 -2.60127079E-13  1.00000005E-03  5.98465596E-03  3.42863790E-01
 -5.00000000E+00  3.27000000E-01  0.00000000E+00  1.07422685E+00 -5.54383163E-14 -1.42369797E-12 -2.60332097E-13  1.00000005E-03  5.99254630E-03  3.41857673E-01
 -5.00000000E+00  3.27500000E-01  0.00000000E+00  1.07378941E+00 -8.05236257E-14 -1.66458036E-12 -2.64328313E-13  1.00000005E-03  6.00044055E-03  3.40851901E-01
 -5.00000000E+00  3.28000000E-01  0.00000000E+00  1.07335060E+00 -8.22794054E-14 -1.37170577E-12 -2.67026463E-13  1.00000005E-03  6.00833870E-03  3.39846472E-01
 -5.00000000E+00  3.28500000E-01  0.00000000E+00  1.07291040E+00 -6.63764780E-14 -7.48629628E-13 -2.65768076E-13  1.00000005E-03  6.01624071E-03  3.38841383E-01
 -5.00000000E+00  3.29000000E-01  0.00000000E+00  1.07246881E+00 -3.89827835E-14  2.71381273E-14 -2.59697689E-13  1.00000005E-03  6.02414658E-03  3.37836632E-01
 -5.00000000E+00  3.29500000E-01  0.00000000E+00  1.07202582E+00 -6.10782237E-15  8.08629220E-13 -2.49225195E-13  1.00000005E-03  6.03205628E-03  3.36832215E-01
 -5.00000000E+00  3.30000000E-01  0.00000000E+00  1.07158142E+00  2.68876967E-14  1.48189508E-12 -2.35572572E-13  1.00000005E-03  6.03996979E-03  3.35828131E-01
 -5.00000000E+00  3.30500000E-01  0.00000000E+00  1.07113560E+00  5.56329232E-14  1.96668712E-12 -2.20399266E-13  1.00000005E-03  6.04788709E-03  3.34824376E-01
 -5.00000000E+00  3.31000000E-01  0.00000000E+00  1.07068837E+00  7.69541358E-14  2.21555920E-12 -2.05500421E-13  1.00000005E-03  6.05580815E-03  3.33820948E-01
 -5.00000000E+00  3.31500000E-01  0.00000000E+00  1.07023970E+00  8.89641808E-14  2.21161217E-12 -1.92572196E-13  1.00000005E-03  6.06373297E-03  3.32817843E-01
 -5.00000000E+00  3.32000000E-01  0.00000000E+00  1.06978960E+00  9.10495555E-14  1.96510009E-12 -1.83038367E-13  1.00000005E-03  6.07166151E-03  3.31815059E-01
 -5.00000000E+00  3.32500000E-01  0.00000000E+00  1.06933805E+00  8.37710016E-14  1.50911759E-12 -1.77932434E-13  1.00000005E-03  6.07959375E-03  3.30812594E-01
 -5.00000000E+00  3.33000000E-01  0.00000000E+00  1.06888504E+00  6.86930764E-14  8.94587770E-13 -1.77829453E-13  1.00000005E-03  6.08752968E-03  3.29810443E-01
 -5.00000000E+00  3.33500000E-01  0.00000000E+00  1.06843058E+00  4.81587035E-14  1.84770006E-13 -1.82821803E-13  1.00000005E-03  6.09546928E-03  3.28808606E-01
 -5.00000000E+00  3.34000000E-01  0.00000000E+00  1.06797465E+00  2.50240772E-14 -5.50493010E-13 -1.92533111E-13  1.00000005E-03  6.10341251E-03  3.27807078E-01
 -5.00000000E+00  3.34500000E-01  0.00000000E+00  1.06751724E+00  2.36976067E-15 -1.24056965E-12 -2.06164558E-13  1.00000005E-03  6.11135938E-03  3.26805857E-01
 -5.00000000E+00  3.35000000E-01  0.00000000E+00  1.06705835E+00 -1.67963051E-14 -1.81965573E-12 -2.22567780E-13  1.00000005E-03  6.11930985E-03  3.25804941E-01
 -5.00000000E+00  3.35500000E-01  0.00000000E+00  1.06659796E+00 -2.98283472E-14 -2.23199354E-12 -2.40338589E-13  1.00000005E-03  6.12726391E-03  3.24804325E-01
 -5.00000000E+00  3.36000000E-01  0.00000000E+00  1.06613608E+00 -3.47090138E-14 -2.43647400E-12 -2.57925728E-13  1.00000005E-03  6.13522155E-03  3.23804009E-01
 -5.00000000E+00  3.36500000E-01  0.00000000E+00  1.06567268E+00 -3.02767421E-14 -2.41040258E-12 -2.73748887E-13  1.00000005E-03  6.14318273E-03  3.22803988E-01
 -5.00000000E+00  3.37000000E-01  0.00000000E+00  1.06520777E+00 -1.63985425E-14 -2.15220952E-12 -2.86320193E-13  1.00000005E-03  6.15114744E-03  3.21804260E-01
 -5.00000000E+00  3.37500000E-01  0.00000000E+00  1.06474133E+00  5.92754194E-15 -1.68288497E-12 -2.94363392E-13  1.00000005E-03  6.15911567E-03  3.20804822E-01
 -5.00000000E+00  3.38000000E-01  0.00000000E+00  1.06427335E+00  3.45558874E-14 -1.04591964E-12 -2.96924950E-13  1.00000005E-03  6.16708739E-03  3.19805671E-01
 -5.00000000E+00  3.38500000E-01  0.00000000E+00  1.06380384E+00  6.62784468E-14 -3.05531556E-13 -2.93471279E-13  1.00000005E-03  6.17506259E-03  3.18806805E-01
 -5.00000000E+00  3.39000000E-01  0.00000000E+00  1.06333277E+00  9.70271833E-14  4.57040404E-13 -2.83966331E-13  1.00000005E-03  6.18304123E-03  3.17808220E-01
 -5.00000000E+00  3.39500000E-01  0.00000000E+00  1.06286014E+00  1.22209596E-13  1.14939572E-12 -2.68923751E-13  1.00000005E-03  6.19102331E-03  3.16809913E-01
 -5.00000000E+00  3.40000000E-01  0.00000000E+00  1.06238594E+00  1.37192908E-13  1.67620360E-12 -2.49427836E-13  1.00000005E-03  6.19900879E-03  3.15811882E-01
 -5.00000000E+00  3.40500000E-01  0.00000000E+00  1.06191016E+00  1.37952704E-13  1.95002622E-12 -2.27117504E-13  1.00000005E-03  6.20699767E-03  3.14814123E-01
 -5.00000000E+00  3.41000000E-01  0.00000000E+00  1.06143279E+00  1.21901631E-13  1.90495331E-12 -2.04127497E-13  1.00000005E-03  6.21498990E-03  3.13816635E-01
 -5.00000000E+00  3.41500000E-01  0.00000000E+00  1.06095383E+00  8.89139745E-14  1.51326800E-12 -1.82981024E-13  1.00000005E-03  6.22298547E-03  3.12819413E-01
 -5.00000000E+00  3.42000000E-01  0.00000000E+00  1.06047326E+00  4.25616906E-14  8.05363299E-13 -1.66428070E-13  1.00000005E-03  6.23098436E-03  3.11822455E-01
 -5.00000000E+00  3.42500000E-01  0.00000000E+00  1.05999108E+00 -8.42236596E-15 -1.06871544E-13 -1.57223567E-13  1.00000005E-03  6.23898654E-03  3.10825759E-01
 -5.00000000E+00  3.43000000E-01  0.00000000E+00  1.05950726E+00 -4.84384226E-14 -1.00297623E-12 -1.57839653E-13  1.00000005E-03  6.24699199E-03  3.09829321E-01
 -5.00000000E+00  3.43500000E-01  0.00000000E+00  1.05902182E+00 -5.30554365E-14 -1.52293917E-12 -1.70106223E-13  1.00000005E-03  6.25500069E-03  3.08833139E-01
 -5.00000000E+00  3.44000000E-01  0.00000000E+00  1.05853473E+00  1.32269858E-14 -1.13209676E-12 -1.94774030E-13  1.00000005E-03  6.26301261E-03  3.07837210E-01
 -5.00000000E+00  3.44500000E-01  0.00000000E+00  1.05804599E+00  1.95276434E-13  8.86619523E-13 -2.30842882E-13  1.00000005E-03  6.27102774E-03  3.06841533E-01
 -5.00000000E+00  3.45000000E-01  0.00000000E+00  1.05755558E+00  3.50898532E-14  5.08149613E-13 -2.40154077E-13  1.00000005E-03  6.27904604E-03  3.05846101E-01
 -5.00000000E+00  3.45500000E-01  0.00000000E+00  1.05706350E+00 -3.89224238E-14  1.90509619E-13 -2.32732944E-13  1.00000005E-03  6.28706751E-03  3.04850912E-01
 -5.00000000E+00  3.46000000E-01  0.00000000E+00  1.05656974E+00 -5.39670147E-14 -7.57917490E-14 -2.21321801E-13  1.00000005E-03  6.29509212E-03  3.03855966E-01
 -5.00000000E+00  3.46500000E-01  0.00000000E+00  1.05607428E+00 -3.22041718E-14 -2.92498175E-13 -2.12811813E-13  1.00000005E-03  6.30311986E-03  3.02861257E-01
 -5.00000000E+00  3.47000000E-01  0.00000000E+00  1.05557712E+00  8.86190548E-15 -4.57191906E-13 -2.09944013E-13  1.00000005E-03  6.31115068E-03  3.01866784E-01
 -5.00000000E+00  3.47500000E-01  0.00000000E+00  1.05507825E+00  5.59596688E-14 -5.66098569E-13 -2.12715118E-13  1.00000005E-03  6.31918456E-03  3.00872543E-01
 -5.00000000E+00  3.48000000E-01  0.00000000E+00  1.05457765E+00  9.96004324E-14 -6.16181428E-13 -2.19512365E-13  1.00000005E-03  6.32722149E-03  2.99878532E-01
 -5.00000000E+00  3.48500000E-01  0.00000000E+00  1.05407532E+00  1.33609209E-13 -6.06595307E-13 -2.28001230E-13  1.00000005E-03  6.33526142E-03  2.98884748E-01
 -5.00000000E+00  3.49000000E-01  0.00000000E+00  1.05357124E+00  1.54643411E-13 -5.39570154E-13 -2.35789645E-13  1.00000005E-03  6.34330434E-03  2.97891187E-01
 -5.00000000E+00  3.49500000E-01  0.00000000E+00  1.05306540E+00  1.61706805E-13 -4.20794219E-13 -2.40892332E-13  1.00000005E-03  6.35135023E-03  2.96897847E-01
 -5.00000000E+00  3.50000000E-01  0.00000000E+00  1.05255780E+00  1.55666216E-13 -2.59366859E-13 -2.42018784E-13  1.00000005E-03  6.35939905E-03  2.95904724E-01
 -5.00000000E+00  3.50500000E-01  0.00000000E+00  1.05204842E+00  1.38778529E-13 -6.73910614E-14 -2.38708515E-13  1.00000005E-03  6.36745079E-03  2.94911816E-01
 -5.00000000E+00  3.51000000E-01  0.00000000E+00  1.05153726E+00  1.14235538E-13  1.40724183E-13 -2.31337166E-13  1.00000005E-03  6.37550542E-03  2.93919119E-01
 -5.00000000E+00  3.51500000E-01  0.00000000E+00  1.05102429E+00  8.57342188E-14  3.49181525E-13 -2.21017093E-13  1.00000005E-03  6.38356292E-03  2.92926631E-01
 -5.00000000E+00  3.52000000E-01  0.00000000E+00  1.05050951E+00  5.70799604E-14  5.41862816E-13 -2.09416092E-13  1.00000005E-03  6.39162325E-03  2.91934348E-01
 -5.00000000E+00  3.52500000E-01  0.00000000E+00  1.04999291E+00  3.18302985E-14  7.03476508E-13 -1.98517851E-13  1.00000005E-03  6.39968640E-03  2.90942269E-01
 -5.00000000E+00  3.53000000E-01  0.00000000E+00  1.04947448E+00  1.29866563E-14  8.20714911E-13 -1.90347786E-13  1.00000005E-03  6.40775235E-03  2.89950388E-01
 -5.00000000E+00  3.53500000E-01  0.00000000E+00  1.04895420E+00  2.74160613E-15  8.83351297E-13 -1.86687841E-13  1.00000005E-03  6.41582105E-03  2.88958705E-01
 -5.00000000E+00  3.54000000E-01  0.00000000E+00  1.04843206E+00  2.28915776E-15  8.85206924E-13 -1.88803864E-13  1.00000005E-03  6.42389250E-03  2.87967214E-01
 -5.00000000E+00  3.54500000E-01  0.00000000E+00  1.04790806E+00  1.17055838E-14  8.24917973E-13 -1.97209174E-13  1.00000005E-03  6.43196667E-03  2.86975915E-01
 -5.00000000E+00  3.55000000E-01  0.00000000E+00  1.04738217E+00  2.99083058E-14  7.06432389E-13 -2.11487899E-13  1.00000005E-03  6.44004352E-03  2.85984803E-01
 -5.00000000E+00  3.55500000E-01  0.00000000E+00  1.04685439E+00  5.47003740E-14  5.39166555E-13 -2.30201727E-13  1.00000005E-03  6.44812303E-03  2.84993876E-01
 -5.00000000E+00  3.56000000E-01  0.00000000E+00  1.04632470E+00  8.29080846E-14  3.37751668E-13 -2.50903688E-13  1.00000005E-03  6.45620517E-03  2.84003130E-01
 -5.00000000E+00  3.56500000E-01  0.00000000E+00  1.04579310E+00  1.10619280E-13  1.21299677E-13 -2.70282593E-13  1.00000005E-03  6.46428991E-03  2.83012563E-01
 -5.00000000E+00  3.57000000E-01  0.00000000E+00  1.04525956E+00  1.33529869E-13 -8.78813565E-14 -2.84461782E-13  1.00000005E-03  6.47237723E-03  2.82022171E-01
 -5.00000000E+00  3.57500000E-01  0.00000000E+00  1.04472408E+00  1.47406098E-13 -2.66192530E-13 -2.89475776E-13  1.00000005E-03  6.48046710E-03  2.81031952E-01
 -5.00000000E+00  3.58000000E-01  0.00000000E+00  1.04418664E+00  1.48670061E-13 -3.91339979E-13 -2.81948443E-13  1.00000005E-03  6.48855949E-03  2.80041903E-01
 -5.00000000E+00  3.58500000E-01  0.00000000E+00  1.04364723E+00  1.35115938E-13 -4.45691167E-13 -2.59996234E-13  1.00000005E-03  6.49665436E-03  2.79052020E-01
 -5.00000000E+00  3.59000000E-01  0.00000000E+00  1.04310584E+00  1.06764427E-13 -4.20461342E-13 -2.24380036E-13  1.00000005E-03  6.50475168E-03  2.78062300E-01
 -5.00000000E+00  3.59500000E-01  0.00000000E+00  1.04256246E+00  6.68628507E-14 -3.20799938E-13 -1.79929221E-13  1.00000005E-03  6.51285144E-03  2.77072741E-01
 -5.00000000E+00  3.60000000E-01  0.00000000E+00  1.04201706E+00  2.30385401E-14 -1.71847077E-13 -1.37261570E-13  1.00000005E-03  6.52095358E-03  2.76083339E-01
 -5.00000000E+00  3.60500000E-01  0.00000000E+00  1.04146964E+00 -1.13867549E-14 -2.58312030E-14 -1.14823031E-13  1.00000005E-03  6.52905810E-03  2.75094092E-01
 -5.00000000E+00  3.61000000E-01  0.00000000E+00  1.04092019E+00 -1.59132861E-14  2.97194007E-14 -1.41271766E-13  1.00000005E-03  6.53716494E-03  2.74104997E-01
 -5.00000000E+00  3.61500000E-01  0.00000000E+00  1.04036869E+00  1.19815989E-13 -1.61892281E-13 -2.24485728E-13  1.00000005E-03  6.54527411E-03  2.73116049E-01
 -5.00000000E+00  3.62000000E-01  0.00000000E+00  1.03981512E+00  3.49073605E-13 -6.54135610E-14 -2.31939408E-13  1.00000005E-03  6.55338562E-03  2.72127245E-01
 -5.00000000E+00  3.62500000E-01  0.00000000E+00  1.03925947E+00  3.21093160E-13  3.87484504E-13 -2.40337175E-13  1.00000005E-03  6.56149937E-03  2.71138582E-01
 -5.00000000E+00  3.63000000E-01  0.00000000E+00  1.03870172E+00  1.83221903E-13  7.73474654E-13 -2.44511363E-13  1.00000005E-03  6.56961533E-03  2.70150059E-01
 -5.00000000E+00  3.63500000E-01  0.00000000E+00  1.03814187E+00  2.73843886E-14  8.94731659E-13 -2.41956063E-13  1.00000005E-03  6.57773347E-03  2.69161670E-01
 -5.00000000E+00  3.64000000E-01  0.00000000E+00  1.03757990E+00 -9.56703953E-14  7.08743147E-13 -2.32180141E-13  1.00000005E-03  6.58585375E-03  2.68173415E-01
 -5.00000000E+00  3.64500000E-01  0.00000000E+00  1.03701578E+00 -1.64459379E-13  2.70834701E-13 -2.16138042E-13  1.00000005E-03  6.59397614E-03  2.67185289E-01
 -5.00000000E+00  3.65000000E-01  0.00000000E+00  1.03644952E+00 -1.77003499E-13 -3.11658893E-13 -1.95735084E-13  1.00000005E-03  6.60210059E-03  2.66197289E-01
 -5.00000000E+00  3.65500000E-01  0.00000000E+00  1.03588108E+00 -1.43025104E-13 -9.14639368E-13 -1.73403995E-13  1.00000005E-03  6.61022708E-03  2.65209414E-01
 -5.00000000E+00  3.66000000E-01  0.00000000E+00  1.03531047E+00 -7.79168146E-14 -1.42296932E-12 -1.51749478E-13  1.00000005E-03  6.61835555E-03  2.64221659E-01
 -5.00000000E+00  3.66500000E-01  0.00000000E+00  1.03473765E+00  1.70588155E-15 -1.74773686E-12 -1.33257572E-13  1.00000005E-03  6.62648599E-03  2.63234021E-01
 -5.00000000E+00  3.67000000E-01  0.00000000E+00  1.03416262E+00  8.10560861E-14 -1.83612275E-12 -1.20066596E-13  1.00000005E-03  6.63461836E-03  2.62246498E-01
 -5.00000000E+00  3.67500000E-01  0.00000000E+00  1.03358536E+00  1.49018848E-13 -1.67493288E-12 -1.13796433E-13  1.00000005E-03  6.64275262E-03  2.61259087E-01
 -5.00000000E+00  3.68000000E-01  0.00000000E+00  1.03300586E+00  1.98974328E-13 -1.28885870E-12 -1.15432902E-13  1.00000005E-03  6.65088874E-03  2.60271783E-01
 -5.00000000E+00  3.68500000E-01  0.00000000E+00  1.03242409E+00  2.28788684E-13 -7.34528350E-13 -1.25263995E-13  1.00000005E-03  6.65902668E-03  2.59284584E-01
 -5.00000000E+00  3.69000000E-01  0.00000000E+00  1.03184004E+00  2.40160531E-13 -9.14106531E-14 -1.42864716E-13  1.00000005E-03  6.66716642E-03  2.58297486E-01
 -5.00000000E+00  3.69500000E-01  0.00000000E+00  1.03125370E+00  2.37510813E-13  5.49366240E-13 -1.67127311E-13  1.00000005E-03  6.67530793E-03  2.57310486E-01
 -5.00000000E+00  3.70000000E-01  0.00000000E+00  1.03066505E+00  2.26603846E-13  1.09721982E-12 -1.96333638E-13  1.00000005E-03  6.68345116E-03  2.56323582E-01
 -5.00000000E+00  3.70500000E-01  0.00000000E+00  1.03007407E+00  2.13087325E-13  1.47428021E-12 -2.28266468E-13  1.00000005E-03  6.69159607E-03  2.55336768E-01
 -5.00000000E+00  3.71000000E-01  0.00000000E+00  1.02948074E+00  2.01139090E-13  1.62645698E-12 -2.60356505E-13  1.00000005E-03  6.69974264E-03  2.54350044E-01
 -5.00000000E+00  3.71500000E-01  0.00000000E+00  1.02888505E+00  1.92408505E-13  1.53234356E-12 -2.89861880E-13  1.00000005E-03  6.70789082E-03  2.53363404E-01
 -5.00000000E+00  3.72000000E-01  0.00000000E+00  1.02828697E+00  1.85440343E-13  1.20889591E-12 -3.14076919E-13  1.00000005E-03  6.71604056E-03  2.52376847E-01
 -5.00000000E+00  3.72500000E-01  0.00000000E+00  1.02768650E+00  1.75769128E-13  7.12822541E-13 -3.30566922E-13  1.00000005E-03  6.72419183E-03  2.51390369E-01
 -5.00000000E+00  3.73000000E-01  0.00000000E+00  1.02708360E+00  1.56871791E-13  1.36622770E-13 -3.37425719E-13  1.00000005E-03  6.73234457E-03  2.50403968E-01
 -5.00000000E+00  3.73500000E-01  0.00000000E+00  1.02647827E+00  1.22166443E-13 -4.01788948E-13 -3.33552730E-13  1.00000005E-03  6.74049873E-03  2.49417640E-01
 -5.00000000E+00  3.74000000E-01  0.00000000E+00  1.02587048E+00  6.82449161E-14 -7.76933637E-13 -3.18946268E-13  1.00000005E-03  6.74865427E-03  2.48431382E-01
 -5.00000000E+00  3.74500000E-01  0.00000000E+00  1.02526022E+00 -4.73388767E-16 -8.82153106E-13 -2.95009839E-13  1.00000005E-03  6.75681114E-03  2.47445192E-01
 -5.00000000E+00  3.75000000E-01  0.00000000E+00  1.02464747E+00 -6.54786819E-14 -6.65589458E-13 -2.64868206E-13  1.00000005E-03  6.76496930E-03  2.46459067E-01
 -5.00000000E+00  3.75500000E-01  0.00000000E+00  1.02403220E+00 -8.61107405E-14 -1.76820450E-13 -2.33690075E-13  1.00000005E-03  6.77312869E-03  2.45473002E-01
 -5.00000000E+00  3.76000000E-01  0.00000000E+00  1.02341440E+00  1.04880915E-14  3.74780618E-13 -2.09014357E-13  1.00000005E-03  6.78128928E-03  2.44486994E-01
 -5.00000000E+00  3.76500000E-01  0.00000000E+00  1.02279405E+00  3.41599569E-13  5.48876449E-13 -2.01077125E-13  1.00000005E-03  6.78945106E-03  2.43501039E-01
 -5.00000000E+00  3.77000000E-01  0.00000000E+00  1.02217114E+00  2.35860534E-13 -1.82866823E-14 -2.82387326E-13  1.00000005E-03  6.79761400E-03  2.42515134E-01
 -5.00000000E+00  3.77500000E-01  0.00000000E+00  1.02154562E+00 -2.66829174E-13 -3.49461806E-13 -3.21876451E-13  1.00000005E-03  6.80577801E-03  2.41529275E-01
 -5.00000000E+00  3.78000000E-01  0.00000000E+00  1.02091750E+00 -3.82258464E-13 -3.98968617E-13 -2.84887301E-13  1.00000005E-03  6.81394303E-03  2.40543462E-01
 -5.00000000E+00  3.78500000E-01  0.00000000E+00  1.02028674E+00 -2.56776696E-13 -2.44238504E-13 -2.31973059E-13  1.00000005E-03  6.82210901E-03  2.39557689E-01
 -5.00000000E+00  3.79000000E-01  0.00000000E+00  1.01965332E+00 -1.79514517E-14  2.32069968E-14 -1.93613637E-13  1.00000005E-03  6.83027590E-03  2.38571954E-01
 -5.00000000E+00  3.79500000E-01  0.00000000E+00  1.01901723E+00  2.32921465E-13  3.14679592E-13 -1.80116952E-13  1.00000005E-03  6.83844365E-03  2.37586254E-01
 -5.00000000E+00  3.80000000E-01  0.00000000E+00  1.01837845E+00  4.24562313E-13  5.56088699E-13 -1.89500479E-13  1.00000005E-03  6.84661221E-03  2.36600586E-01
 -5.00000000E+00  3.80500000E-01  0.00000000E+00  1.01773694E+00  5.16244995E-13  6.95159240E-13 -2.13550537E-13  1.00000005E-03  6.85478152E-03  2.35614946E-01
 -5.00000000E+00  3.81000000E-01  0.00000000E+00  1.01709269E+00  4.95667982E-13  7.04715117E-13 -2.42255984E-13  1.00000005E-03  6.86295153E-03  2.34629332E-01
 -5.00000000E+00  3.81500000E-01  0.00000000E+00  1.01644568E+00  3.74699670E-13  5.82641477E-13 -2.66812775E-13  1.00000005E-03  6.87112218E-03  2.33643740E-01
 -5.00000000E+00  3.82000000E-01  0.00000000E+00  1.01579588E+00  1.83539963E-13  3.49139559E-13 -2.81395933E-13  1.00000005E-03  6.87929343E-03  2.32658166E-01
 -5.00000000E+00  3.82500000E-01  0.00000000E+00  1.01514328E+00 -3.61597411E-14  4.18884783E-14 -2.83895585E-13  1.00000005E-03  6.88746522E-03  2.31672607E-01
 -5.00000000E+00  3.83000000E-01  0.00000000E+00  1.01448784E+00 -2.38675974E-13 -2.90271540E-13 -2.75813867E-13  1.00000005E-03  6.89563749E-03  2.30687061E-01
 -5.00000000E+00  3.83500000E-01  0.00000000E+00  1.01382954E+00 -3.81550040E-13 -5.94520058E-13 -2.61519552E-13  1.00000005E-03  6.90381020E-03  2.29701523E-01
 -5.00000000E+00  3.84000000E-01  0.00000000E+00  1.01316837E+00 -4.32340581E-13 -8.21487272E-13 -2.47057247E-13  1.00000005E-03  6.91198328E-03  2.28715990E-01
 -5.00000000E+00  3.84500000E-01  0.00000000E+00  1.01250429E+00 -3.74250415E-13 -9.32320933E-13 -2.38707964E-13  1.00000005E-03  6.92015669E-03  2.27730458E-01
 -5.00000000E+00  3.85000000E-01  0.00000000E+00  1.01183728E+00 -2.10086370E-13 -9.04775688E-13 -2.41497814E-13  1.00000005E-03  6.92833036E-03  2.26744926E-01
 -5.00000000E+00  3.85500000E-01  0.00000000E+00  1.01116732E+00  3.59892194E-14 -7.37711236E-13 -2.57851532E-13  1.00000005E-03  6.93650422E-03  2.25759388E-01
 -5.00000000E+00  3.86000000E-01  0.00000000E+00  1.01049437E+00  3.19456830E-13 -4.53385643E-13 -2.86587529E-13  1.00000005E-03  6.94467822E-03  2.24773843E-01
 -5.00000000E+00  3.86500000E-01  0.00000000E+00  1.00981842E+00  5.79729594E-13 -9.69298747E-14 -3.22451216E-13  1.00000005E-03  6.95285227E-03  2.23788286E-01
 -5.00000000E+00  3.87000000E-01  0.00000000E+00  1.00913944E+00  7.48276623E-13  2.67610572E-13 -3.56383347E-13  1.00000005E-03  6.96102632E-03  2.22802715E-01
 -5.00000000E+00  3.87500000E-01  0.00000000E+00  1.00845740E+00  7.61121811E-13  5.65281308E-13 -3.76720224E-13  1.00000005E-03  6.96920029E-03  2.21817126E-01
 -5.00000000E+00  3.88000000E-01  0.00000000E+00  1.00777228E+00  5.76259974E-13  7.22886257E-13 -3.71522585E-13  1.00000005E-03  6.97737409E-03  2.20831516E-01
 -5.00000000E+00  3.88500000E-01  0.00000000E+00  1.00708404E+00  1.96531766E-13  6.86930441E-13 -3.32229950E-13  1.00000005E-03  6.98554766E-03  2.19845883E-01
 -5.00000000E+00  3.89000000E-01  0.00000000E+00  1.00639266E+00 -3.01501813E-13  4.47451844E-13 -2.58837118E-13  1.00000005E-03  6.99372092E-03  2.18860223E-01
 -5.00000000E+00  3.89500000E-01  0.00000000E+00  1.00569811E+00 -7.32144972E-13  6.83552133E-14 -1.66789348E-13  1.00000005E-03  7.00189381E-03  2.17874532E-01
 -5.00000000E+00  3.90000000E-01  0.00000000E+00  1.00500037E+00 -7.58072308E-13 -2.75139567E-13 -9.57926988E-14  1.00000005E-03  7.01006627E-03  2.16888807E-01
 -5.00000000E+00  3.90500000E-01  0.00000000E+00  1.00429941E+00  1.59788444E-13 -2.51321053E-13 -1.20736170E-13  1.00000005E-03  7.01823825E-03  2.15903043E-01
 -5.00000000E+00  3.91000000E-01  0.00000000E+00  1.00359519E+00  1.10069069E-13  3.32661817E-13 -2.45437899E-13  1.00000005E-03  7.02640968E-03  2.14917238E-01
 -5.00000000E+00  3.91500000E-01  0.00000000E+00  1.00288769E+00 -5.34526989E-13  4.11335651E-13 -2.18329039E-13  1.00000005E-03  7.03458045E-03  2.13931389E-01
 -5.00000000E+00  3.92000000E-01  0.00000000E+00  1.00217688E+00 -3.78063931E-13  1.56294901E-13 -1.46181930E-13  1.00000005E-03  7.04275049E-03  2.12945493E-01
 -5.00000000E+00  3.92500000E-01  0.00000000E+00  1.00146272E+00  4.51933442E-14 -1.90589932E-13 -9.82273024E-14  1.00000005E-03  7.05091972E-03  2.11959546E-01
 -5.00000000E+00  3.93000000E-01  0.00000000E+00  1.00074519E+00  4.30121345E-13 -4.92094544E-13 -9.68414383E-14  1.00000005E-03  7.05908804E-03  2.10973545E-01
 -5.00000000E+00  3.93500000E-01  0.00000000E+00  1.00002425E+00  6.36229915E-13 -6.83472836E-13 -1.36464003E-13  1.00000005E-03  7.06725538E-03  2.09987487E-01
 -5.00000000E+00  3.94000000E-01  0.00000000E+00  9.99299878E-01  6.34166468E-13 -7.47155785E-13 -1.98003354E-13  1.00000005E-03  7.07542165E-03  2.09001368E-01
 -5.00000000E+00  3.94500000E-01  0.00000000E+00  9.98572035E-01  4.62382872E-13 -6.93547746E-13 -2.59229559E-13  1.00000005E-03  7.08358675E-03  2.08015185E-01
 -5.00000000E+00  3.95000000E-01  0.00000000E+00  9.97840690E-01  1.93097019E-13 -5.47142338E-13 -3.01658858E-13  1.00000005E-03  7.09175061E-03  2.07028934E-01
 -5.00000000E+00  3.95500000E-01  0.00000000E+00  9.97105811E-01 -9.33260068E-14 -3.37177078E-13 -3.14434086E-13  1.00000005E-03  7.09991314E-03  2.06042613E-01
 -5.00000000E+00  3.96000000E-01  0.00000000E+00  9.96367363E-01 -3.26449737E-13 -9.20452496E-14 -2.95705401E-13  1.00000005E-03  7.10807423E-03  2.05056217E-01
 -5.00000000E+00  3.96500000E-01  0.00000000E+00  9.95625313E-01 -4.57174946E-13  1.63315992E-13 -2.52015250E-13  1.00000005E-03  7.11623380E-03  2.04069744E-01
 -5.00000000E+00  3.97000000E-01  0.00000000E+00  9.94879626E-01 -4.63355823E-13  4.07842095E-13 -1.96191308E-13  1.00000005E-03  7.12439175E-03  2.03083189E-01
 -5.00000000E+00  3.97500000E-01  0.00000000E+00  9.94130266E-01 -3.50497806E-13  6.23342617E-13 -1.44251118E-13  1.00000005E-03  7.13254799E-03  2.02096550E-01
 -5.00000000E+00  3.98000000E-01  0.00000000E+00  9.93377199E-01 -1.48411178E-13  7.92868211E-13 -1.11822310E-13  1.00000005E-03  7.14070242E-03  2.01109823E-01
 -5.00000000E+00  3.98500000E-01  0.00000000E+00  9.92620387E-01  9.53051021E-14  8.99223601E-13 -1.10582377E-13  1.00000005E-03  7.14885493E-03  2.00123005E-01
 -5.00000000E+00  3.99000000E-01  0.00000000E+00  9.91859794E-01  3.24074493E-13  9.24406988E-13 -1.45221998E-13  1.00000005E-03  7.15700542E-03  1.99136092E-01
 -5.00000000E+00  3.99500000E-01  0.00000000E+00  9.91095383E-01  4.82573911E-13  8.50756476E-13 -2.11435790E-13  1.00000005E-03  7.16515379E-03  1.98149081E-01
 -5.00000000E+00  4.00000000E-01  0.00000000E+00  9.90327116E-01  5.27510040E-13  6.64584118E-13 -2.95444217E-13  1.00000005E-03  7.17329993E-03  1.97161968E-01
 -5.00000000E+00  4.00500000E-01  0.00000000E+00  9.89554954E-01  4.38066677E-13  3.63078155E-13 -3.75550386E-13  1.00000005E-03  7.18144374E-03  1.96174750E-01
 -5.00000000E+00  4.01000000E-01  0.00000000E+00  9.88778857E-01  2.25149367E-13 -3.47450553E-14 -4.26235610E-13  1.00000005E-03  7.18958509E-03  1.95187424E-01
 -5.00000000E+00  4.01500000E-01  0.00000000E+00  9.87998786E-01 -6.14466613E-14 -4.72258451E-13 -4.25298070E-13  1.00000005E-03  7.19772388E-03  1.94199985E-01
 -5.00000000E+00  4.02000000E-01  0.00000000E+00  9.87214701E-01 -3.28820412E-13 -8.33830301E-13 -3.64539157E-13  1.00000005E-03  7.20585998E-03  1.93212431E-01
 -5.00000000E+00  4.02500000E-01  0.00000000E+00  9.86426559E-01 -4.40578534E-13 -9.17041718E-13 -2.64501552E-13  1.00000005E-03  7.21399327E-03  1.92224759E-01
 -5.00000000E+00  4.03000000E-01  0.00000000E+00  9.85634320E-01 -2.21159338E-13 -3.97747335E-13 -1.93760112E-13  1.00000005E-03  7.22212362E-03  1.91236964E-01
 -5.00000000E+00  4.03500000E-01  0.00000000E+00  9.84837941E-01  2.49878801E-13  5.02300009E-13 -2.64302353E-13  1.00000005E-03  7.23025089E-03  1.90249043E-01
 -5.00000000E+00  4.04000000E-01  0.00000000E+00  9.84037380E-01 -1.74528458E-13 -4.88088101E-13 -2.63689388E-13  1.00000005E-03  7.23837496E-03  1.89260995E-01
 -5.00000000E+00  4.04500000E-01  0.00000000E+00  9.83232593E-01 -1.92048622E-13 -2.45929830E-13 -2.33318980E-13  1.00000005E-03  7.24649572E-03  1.88272813E-01
 -5.00000000E+00  4.05000000E-01  0.00000000E+00  9.82423534E-01 -6.99077725E-14  1.76942695E-13 -2.02492299E-13  1.00000005E-03  7.25461304E-03  1.87284496E-01
 -5.00000000E+00  4.05500000E-01  0.00000000E+00  9.81610158E-01  4.77922798E-14  3.36910120E-13 -1.83527198E-13  1.00000005E-03  7.26272676E-03  1.86296040E-01
 -5.00000000E+00  4.06000000E-01  0.00000000E+00  9.80792421E-01  1.01197569E-13  1.63681391E-13 -1.78343996E-13  1.00000005E-03  7.27083674E-03  1.85307442E-01
 -5.00000000E+00  4.06500000E-01  0.00000000E+00  9.79970274E-01  8.35153427E-14 -2.18281945E-13 -1.83440254E-13  1.00000005E-03  7.27894283E-03  1.84318697E-01
 -5.00000000E+00  4.07000000E-01  0.00000000E+00  9.79143671E-01  1.67738410E-14 -6.18603997E-13 -1.93448474E-13  1.00000005E-03  7.28704488E-03  1.83329804E-01
 -5.00000000E+00  4.07500000E-01  0.00000000E+00  9.78312563E-01 -6.61976468E-14 -8.66580453E-13 -2.03468220E-13  1.00000005E-03  7.29514274E-03  1.82340757E-01
 -5.00000000E+00  4.08000000E-01  0.00000000E+00  9.77476902E-01 -1.34287347E-13 -8.59966594E-13 -2.10363330E-13  1.00000005E-03  7.30323626E-03  1.81351554E-01
 -5.00000000E+00  4.08500000E-01  0.00000000E+00  9.76636637E-01 -1.65835061E-13 -5.83418620E-13 -2.13214791E-13  1.00000005E-03  7.31132528E-03  1.80362190E-01
 -5.00000000E+00  4.09000000E-01  0.00000000E+00  9.75791718E-01 -1.52298979E-13 -1.03045685E-13 -2.13120034E-13  1.00000005E-03  7.31940966E-03  1.79372663E-01
 -5.00000000E+00  4.09500000E-01  0.00000000E+00  9.74942093E-01 -9.85735091E-14  4.56463530E-13 -2.12529576E-13  1.00000005E-03  7.32748924E-03  1.78382969E-01
 -5.00000000E+00  4.10000000E-01  0.00000000E+00  9.74087708E-01 -2.06771748E-14  9.45673029E-13 -2.14311997E-13  1.00000005E-03  7.33556384E-03  1.77393103E-01
 -5.00000000E+00  4.10500000E-01  0.00000000E+00  9.73228511E-01  5.84700951E-14  1.22872461E-12 -2.20738260E-13  1.00000005E-03  7.34363331E-03  1.76403064E-01
 -5.00000000E+00  4.11000000E-01  0.00000000E+00  9.72364446E-01  1.14461206E-13  1.21969258E-12 -2.32576249E-13  1.00000005E-03  7.35169746E-03  1.75412846E-01
 -5.00000000E+00  4.11500000E-01  0.00000000E+00  9.71495458E-01  1.27288934E-13  9.10507945E-13 -2.48486378E-13  1.00000005E-03  7.35975611E-03  1.74422448E-01
 -5.00000000E+00  4.12000000E-01  0.00000000E+00  9.70621491E-01  8.69874244E-14  3.83993104E-13 -2.64909072E-13  1.00000005E-03  7.36780907E-03  1.73431864E-01
 -5.00000000E+00  4.12500000E-01  0.00000000E+00  9.69742488E-01 -1.68998830E-15 -1.94452592E-13 -2.76634945E-13  1.00000005E-03  7.37585614E-03  1.72441093E-01
 -5.00000000E+00  4.13000000E-01  0.00000000E+00  9.68858389E-01 -1.16274903E-13 -6.12978395E-13 -2.78248595E-13  1.00000005E-03  7.38389711E-03  1.71450131E-01
 -5.00000000E+00  4.13500000E-01  0.00000000E+00  9.67969136E-01 -2.15988402E-13 -6.83684271E-13 -2.66637019E-13  1.00000005E-03  7.39193179E-03  1.70458974E-01
 -5.00000000E+00  4.14000000E-01  0.00000000E+00  9.67074668E-01 -2.44264858E-13 -3.53768269E-13 -2.44753747E-13  1.00000005E-03  7.39995997E-03  1.69467619E-01
 -5.00000000E+00  4.14500000E-01  0.00000000E+00  9.66174923E-01 -1.35113971E-13  1.36107542E-13 -2.26829967E-13  1.00000005E-03  7.40798146E-03  1.68476061E-01
 -5.00000000E+00  4.15000000E-01  0.00000000E+00  9.65269838E-01  5.19860380E-14 -3.13323900E-14 -2.32710136E-13  1.00000005E-03  7.41599608E-03  1.67484297E-01
 -5.00000000E+00  4.15500000E-01  0.00000000E+00  9.64359350E-01 -4.44736722E-13 -1.19313468E-13 -1.78587646E-13  1.00000005E-03  7.42400348E-03  1.66492326E-01
 -5.00000000E+00  4.16000000E-01  0.00000000E+00  9.63443394E-01 -1.12845226E-13  8.78538139E-13 -1.98324760E-13  1.00000005E-03  7.43200352E-03  1.65500142E-01
 -5.00000000E+00  4.16500000E-01  0.00000000E+00  9.62521903E-01  2.52168042E-13  1.31579419E-12 -2.24722329E-13  1.00000005E-03  7.43999598E-03  1.64507741E-01
 -5.00000000E+00  4.17000000E-01  0.00000000E+00  9.61594810E-01  3.53923941E-13  8.31805774E-13 -2.34720022E-13  1.00000005E-03  7.44798065E-03  1.63515121E-01
 -5.00000000E+00  4.17500000E-01  0.00000000E+00  9.60662046E-01  1.85656739E-13 -2.62501928E-13 -2.29171178E-13  1.00000005E-03  7.45595726E-03  1.62522277E-01
 -5.00000000E+00  4.18000000E-01  0.00000000E+00  9.59723539E-01 -1.24239062E-13 -1.42284415E-12 -2.18489734E-13  1.00000005E-03  7.46392555E-03  1.61529206E-01
 -5.00000000E+00  4.18500000E-01  0.00000000E+00  9.58779218E-01 -4.18624242E-13 -2.15769256E-12 -2.13343658E-13  1.00000005E-03  7.47188525E-03  1.60535905E-01
 -5.00000000E+00  4.19000000E-01  0.00000000E+00  9.57829011E-01 -5.77016932E-13 -2.18623242E-12 -2.19567826E-13  1.00000005E-03  7.47983609E-03  1.59542370E-01
 -5.00000000E+00  4.19500000E-01  0.00000000E+00  9.56872842E-01 -5.47016030E-13 -1.49213030E-12 -2.36468340E-13  1.00000005E-03  7.48777780E-03  1.58548599E-01
 -5.00000000E+00  4.20000000E-01  0.00000000E+00  9.55910637E-01 -3.48784834E-13 -2.97089750E-13 -2.57690013E-13  1.00000005E-03  7.49571010E-03  1.57554587E-01
 -5.00000000E+00  4.20500000E-01  0.00000000E+00  9.54942318E-01 -5.96331382E-14  1.02183245E-12 -2.73818879E-13  1.00000005E-03  7.50363271E-03  1.56560330E-01
 -5.00000000E+00  4.21000000E-01  0.00000000E+00  9.53967806E-01  2.14266473E-13  2.04718611E-12 -2.75891828E-13  1.00000005E-03  7.51154535E-03  1.55565826E-01
 -5.00000000E+00  4.21500000E-01  0.00000000E+00  9.52987021E-01  3.71994238E-13  2.44440516E-12 -2.58985592E-13  1.00000005E-03  7.51944772E-03  1.54571070E-01
 -5.00000000E+00  4.22000000E-01  0.00000000E+00  9.51999881E-01  3.50796738E-13  2.06944192E-12 -2.25057202E-13  1.00000005E-03  7.52733951E-03  1.53576060E-01
 -5.00000000E+00  4.22500000E-01  0.00000000E+00  9.51006303E-01  1.50762608E-13  1.03679064E-12 -1.84207823E-13  1.00000005E-03  7.53522041E-03  1.52580791E-01
 -5.00000000E+00  4.23000000E-01  0.00000000E+00  9.50006200E-01 -1.55777022E-13 -2.76072865E-13 -1.53541776E-13  1.00000005E-03  7.54309009E-03  1.51585260E-01
 -5.00000000E+00  4.23500000E-01  0.00000000E+00  9.48999485E-01 -4.37160605E-13 -1.31180578E-12 -1.52792720E-13  1.00000005E-03  7.55094819E-03  1.50589464E-01
 -5.00000000E+00  4.24000000E-01  0.00000000E+00  9.47986070E-01 -5.44655184E-13 -1.52782585E-12 -1.95889367E-13  1.00000005E-03  7.55879437E-03  1.49593398E-01
 -5.00000000E+00  4.24500000E-01  0.00000000E+00  9.46965863E-01 -3.91094014E-13 -7.26402865E-13 -2.77633181E-13  1.00000005E-03  7.56662828E-03  1.48597060E-01
 -5.00000000E+00  4.25000000E-01  0.00000000E+00  9.45938771E-01 -7.29308447E-14  4.55802166E-13 -3.54658800E-13  1.00000005E-03  7.57444956E-03  1.47600446E-01
 -5.00000000E+00  4.25500000E-01  0.00000000E+00  9.44904701E-01 -9.55608258E-14  1.18750095E-13 -3.25839915E-13  1.00000005E-03  7.58225788E-03  1.46603552E-01
 -5.00000000E+00  4.26000000E-01  0.00000000E+00  9.43863555E-01 -3.88171535E-13  3.86733613E-13 -3.29738210E-13  1.00000005E-03  7.59005281E-03  1.45606374E-01
 -5.00000000E+00  4.26500000E-01  0.00000000E+00  9.42815233E-01 -9.19248343E-14  1.62728566E-13 -3.82672336E-13  1.00000005E-03  7.59783390E-03  1.44608911E-01
 -5.00000000E+00  4.27000000E-01  0.00000000E+00  9.41759637E-01  1.81841550E-13 -3.00618892E-13 -4.24667564E-13  1.00000005E-03  7.60560078E-03  1.43611159E-01
 -5.00000000E+00  4.27500000E-01  0.00000000E+00  9.40696662E-01  2.30963803E-13 -7.11085761E-13 -4.35594143E-13  1.00000005E-03  7.61335305E-03  1.42613112E-01
 -5.00000000E+00  4.28000000E-01  0.00000000E+00  9.39626203E-01  7.94386372E-14 -8.55659678E-13 -4.17956255E-13  1.00000005E-03  7.62109028E-03  1.41614768E-01
 -5.00000000E+00  4.28500000E-01  0.00000000E+00  9.38548153E-01 -1.54387381E-13 -6.55336459E-13 -3.84383752E-13  1.00000005E-03  7.62881203E-03  1.40616123E-01
 -5.00000000E+00  4.29000000E-01  0.00000000E+00  9.37462401E-01 -3.45336353E-13 -1.69328496E-13 -3.49189138E-13  1.00000005E-03  7.63651782E-03  1.39617174E-01
 -5.00000000E+00  4.29500000E-01  0.00000000E+00  9.36368834E-01 -4.11564237E-13  4.37930036E-13 -3.23349465E-13  1.00000005E-03  7.64420717E-03  1.38617918E-01
 -5.00000000E+00  4.30000000E-01  0.00000000E+00  9.35267338E-01 -3.34308491E-13  9.53607340E-13 -3.12273058E-13  1.00000005E-03  7.65187957E-03  1.37618351E-01
 -5.00000000E+00  4.30500000E-01  0.00000000E+00  9.34157795E-01 -1.54147606E-13  1.18375315E-12 -3.15711661E-13  1.00000005E-03  7.65953451E-03  1.36618470E-01
 -5.00000000E+00  4.31000000E-01  0.00000000E+00  9.33040086E-01  4.92991106E-14  1.01765112E-12 -3.29178746E-13  1.00000005E-03  7.66717147E-03  1.35618271E-01
 -5.00000000E+00  4.31500000E-01  0.00000000E+00  9.31914088E-01  1.87300095E-13  4.75857852E-13 -3.46234529E-13  1.00000005E-03  7.67478991E-03  1.34617751E-01
 -5.00000000E+00  4.32000000E-01  0.00000000E+00  9.30779675E-01  1.94634321E-13 -2.71455487E-13 -3.60997928E-13  1.00000005E-03  7.68238930E-03  1.33616907E-01
 -5.00000000E+00  4.32500000E-01  0.00000000E+00  9.29636718E-01  5.79747570E-14 -9.29235361E-13 -3.70245739E-13  1.00000005E-03  7.68996908E-03  1.32615734E-01
 -5.00000000E+00  4.33000000E-01  0.00000000E+00  9.28485086E-01 -1.66897791E-13 -1.15872377E-12 -3.74459470E-13  1.00000005E-03  7.69752867E-03  1.31614229E-01
 -5.00000000E+00  4.33500000E-01  0.00000000E+00  9.27324643E-01 -3.55978414E-13 -7.28461140E-13 -3.77180480E-13  1.00000005E-03  7.70506750E-03  1.30612389E-01
 -5.00000000E+00  4.34000000E-01  0.00000000E+00  9.26155249E-01 -3.42950398E-13  2.51490082E-13 -3.82033889E-13  1.00000005E-03  7.71258493E-03  1.29610210E-01
 -5.00000000E+00  4.34500000E-01  0.00000000E+00  9.24976763E-01  2.29346653E-14  9.98707812E-13 -3.86781424E-13  1.00000005E-03  7.72008029E-03  1.28607689E-01
 -5.00000000E+00  4.35000000E-01  0.00000000E+00  9.23789041E-01  7.78229554E-13 -3.80637733E-13 -3.73811974E-13  1.00000005E-03  7.72755284E-03  1.27604823E-01
 -5.00000000E+00  4.35500000E-01  0.00000000E+00  9.22591933E-01 -9.78838876E-13  6.63252161E-16 -3.69891654E-13  1.00000005E-03  7.73500191E-03  1.26601610E-01
 -5.00000000E+00  4.36000000E-01  0.00000000E+00  9.21385287E-01 -2.22705006E-13 -2.50280966E-13 -3.09473696E-13  1.00000005E-03  7.74242682E-03  1.25598043E-01
 -5.00000000E+00  4.36500000E-01  0.00000000E+00  9.20168950E-01  7.35567629E-13 -2.30341244E-13 -3.00053153E-13  1.00000005E-03  7.74982682E-03  1.24594122E-01
 -5.00000000E+00  4.37000000E-01  0.00000000E+00  9.18942759E-01  1.03243732E-12  1.05228441E-13 -3.48183851E-13  1.00000005E-03  7.75720115E-03  1.23589842E-01
 -5.00000000E+00  4.37500000E-01  0.00000000E+00  9.17706552E-01  6.37811412E-13  4.77688673E-13 -4.18823538E-13  1.00000005E-03  7.76454901E-03  1.22585200E-01
 -5.00000000E+00  4.38000000E-01  0.00000000E+00  9.16460160E-01 -9.72117474E-14  6.13333429E-13 -4.73057740E-13  1.00000005E-03  7.77186958E-03  1.21580193E-01
 -5.00000000E+00  4.38500000E-01  0.00000000E+00  9.15203411E-01 -7.50975698E-13  4.04411777E-13 -4.88081406E-13  1.00000005E-03  7.77916204E-03  1.20574819E-01
 -5.00000000E+00  4.39000000E-01  0.00000000E+00  9.13936127E-01 -1.02016679E-12 -5.89216179E-14 -4.63299063E-13  1.00000005E-03  7.78642551E-03  1.19569073E-01
 -5.00000000E+00  4.39500000E-01  0.00000000E+00  9.12658127E-01 -8.06823402E-13 -5.46998916E-13 -4.16404125E-13  1.00000005E-03  7.79365909E-03  1.18562952E-01
 -5.00000000E+00  4.40000000E-01  0.00000000E+00  9.11369225E-01 -2.23309158E-13 -8.00723610E-13 -3.73300532E-13  1.00000005E-03  7.80086184E-03  1.17556453E-01
 -5.00000000E+00  4.40500000E-01  0.00000000E+00  9.10069229E-01  4.64878046E-13 -6.54687549E-13 -3.55731109E-13  1.00000005E-03  7.80803279E-03  1.16549574E-01
 -5.00000000E+00  4.41000000E-01  0.00000000E+00  9.08757943E-01  9.38584182E-13 -1.34660086E-13 -3.70477083E-13  1.00000005E-03  7.81517092E-03  1.15542310E-01
 -5.00000000E+00  4.41500000E-01  0.00000000E+00  9.07435163E-01  9.46884429E-13  5.09209732E-13 -4.03993162E-13  1.00000005E-03  7.82227518E-03  1.14534660E-01
 -5.00000000E+00  4.42000000E-01  0.00000000E+00  9.06100684E-01  4.31490831E-13  8.72127429E-13 -4.26341771E-13  1.00000005E-03  7.82934449E-03  1.13526619E-01
 -5.00000000E+00  4.42500000E-01  0.00000000E+00  9.04754293E-01 -3.66199433E-13  6.05949117E-13 -4.08287960E-13  1.00000005E-03  7.83637770E-03  1.12518185E-01
 -5.00000000E+00  4.43000000E-01  0.00000000E+00  9.03395770E-01 -8.35263500E-13 -1.89343562E-13 -3.55415419E-13  1.00000005E-03  7.84337365E-03  1.11509355E-01
 -5.00000000E+00  4.43500000E-01  0.00000000E+00  9.02024892E-01  1.76136770E-14 -3.55231900E-13 -3.63135780E-13  1.00000005E-03  7.85033114E-03  1.10500126E-01
 -5.00000000E+00  4.44000000E-01  0.00000000E+00  9.00641426E-01  5.27664309E-14  2.32917739E-13 -4.15049077E-13  1.00000005E-03  7.85724895E-03  1.09490494E-01
 -5.00000000E+00  4.44500000E-01  0.00000000E+00  8.99245133E-01 -1.68880971E-13 -2.90174041E-13 -4.15627402E-13  1.00000005E-03  7.86412584E-03  1.08480457E-01
 -5.00000000E+00  4.45000000E-01  0.00000000E+00  8.97835767E-01 -6.98616065E-14 -4.29117841E-13 -4.38246045E-13  1.00000005E-03  7.87096036E-03  1.07470013E-01
 -5.00000000E+00  4.45500000E-01  0.00000000E+00  8.96413076E-01  4.13082463E-14 -9.47623739E-14 -4.69158990E-13  1.00000005E-03  7.87775108E-03  1.06459159E-01
 -5.00000000E+00  4.46000000E-01  0.00000000E+00  8.94976802E-01  1.63409789E-13  3.34717252E-13 -4.89709824E-13  1.00000005E-03  7.88449654E-03  1.05447893E-01
 -5.00000000E+00  4.46500000E-01  0.00000000E+00  8.93526677E-01  3.29659138E-13  4.97977969E-13 -4.90025137E-13  1.00000005E-03  7.89119525E-03  1.04436210E-01
 -5.00000000E+00  4.47000000E-01  0.00000000E+00  8.92062426E-01  4.99128704E-13  2.72275880E-13 -4.73096478E-13  1.00000005E-03  7.89784562E-03  1.03424110E-01
 -5.00000000E+00  4.47500000E-01  0.00000000E+00  8.90583766E-01  5.63759949E-13 -2.01326265E-13 -4.52002944E-13  1.00000005E-03  7.90444602E-03  1.02411588E-01
 -5.00000000E+00  4.48000000E-01  0.00000000E+00  8.89090403E-01  4.22289475E-13 -6.23520083E-13 -4.43026653E-13  1.00000005E-03  7.91099472E-03  1.01398643E-01
 -5.00000000E+00  4.48500000E-01  0.00000000E+00  8.87582035E-01  7.23804420E-14 -7.07230232E-13 -4.57416438E-13  1.00000005E-03  7.91748993E-03  1.00385272E-01
 -5.00000000E+00  4.49000000E-01  0.00000000E+00  8.86058352E-01 -3.27760474E-13 -3.47110988E-13 -4.94556525E-13  1.00000005E-03  7.92392978E-03  9.93714735E-02
 -5.00000000E+00  4.49500000E-01  0.00000000E+00  8.84519034E-01 -4.76975085E-13  2.77818665E-13 -5.39295240E-13  1.00000005E-03  7.93031234E-03  9.83572446E-02
 -5.00000000E+00  4.50000000E-01  0.00000000E+00  8.82963748E-01 -7.66251763E-14  7.34224106E-13 -5.66186193E-13  1.00000005E-03  7.93663561E-03  9.73425836E-02
 -5.00000000E+00  4.50500000E-01  0.00000000E+00  8.81392153E-01  8.47352356E-13  5.63007612E-13 -5.53395195E-13  1.00000005E-03  7.94289749E-03  9.63274883E-02
 -5.00000000E+00  4.51000000E-01  0.00000000E+00  8.79803895E-01  1.39702630E-12 -2.27720341E-13 -5.09031284E-13  1.00000005E-03  7.94909580E-03  9.53119565E-02
 -5.00000000E+00  4.51500000E-01  0.00000000E+00  8.78198611E-01 -1.01898372E-12 -3.39310104E-13 -5.12660006E-13  1.00000005E-03  7.95522823E-03  9.42959859E-02
 -5.00000000E+00  4.52000000E-01  0.00000000E+00  8.76575923E-01  2.25066189E-12  8.58912146E-13 -5.60431753E-13  1.00000005E-03  7.96129238E-03  9.32795748E-02
 -5.00000000E+00  4.52500000E-01  0.00000000E+00  8.74935441E-01  4.30718967E-13 -1.05637930E-12 -5.87408728E-13  1.00000005E-03  7.96728579E-03  9.22627215E-02
 -5.00000000E+00  4.53000000E-01  0.00000000E+00  8.73276760E-01 -1.18742000E-12 -1.69365508E-12 -5.70970821E-13  1.00000005E-03  7.97320566E-03  9.12454252E-02
 -5.00000000E+00  4.53500000E-01  0.00000000E+00  8.71599465E-01 -9.52383536E-13 -6.57583200E-13 -5.41154160E-13  1.00000005E-03  7.97904921E-03  9.02276847E-02
 -5.00000000E+00  4.54000000E-01  0.00000000E+00  8.69903129E-01  3.29003337E-13  8.13073722E-13 -5.32581860E-13  1.00000005E-03  7.98481364E-03  8.92094984E-02
 -5.00000000E+00  4.54500000E-01  0.00000000E+00  8.68187303E-01  1.38989802E-12  1.53473798E-12 -5.57593048E-13  1.00000005E-03  7.99049598E-03  8.81908648E-02
 -5.00000000E+00  4.55000000E-01  0.00000000E+00  8.66451525E-01  1.51112424E-12  1.11183334E-12 -6.02620967E-13  1.00000005E-03  7.99609316E-03  8.71717827E-02
 -5.00000000E+00  4.55500000E-01  0.00000000E+00  8.64695315E-01  7.82902140E-13 -2.65837405E-14 -6.39647537E-13  1.00000005E-03  8.00160189E-03  8.61522510E-02
 -5.00000000E+00  4.56000000E-01  0.00000000E+00  8.62918174E-01 -1.35274412E-13 -1.02642687E-12 -6.44561860E-13  1.00000005E-03  8.00701871E-03  8.51322688E-02
 -5.00000000E+00  4.56500000E-01  0.00000000E+00  8.61119588E-01 -5.12305490E-13 -1.18417771E-12 -6.14240479E-13  1.00000005E-03  8.01233998E-03  8.41118355E-02
 -5.00000000E+00  4.57000000E-01  0.00000000E+00  8.59299023E-01 -5.61911937E-14 -4.38106565E-13 -5.74169987E-13  1.00000005E-03  8.01756187E-03  8.30909510E-02
 -5.00000000E+00  4.57500000E-01  0.00000000E+00  8.57455925E-01  8.06505104E-13  4.84962675E-13 -5.68442958E-13  1.00000005E-03  8.02268033E-03  8.20696151E-02
 -5.00000000E+00  4.58000000E-01  0.00000000E+00  8.55589715E-01  1.12656538E-12  5.27361557E-13 -6.23949167E-13  1.00000005E-03  8.02769115E-03  8.10478278E-02
 -5.00000000E+00  4.58500000E-01  0.00000000E+00  8.53699794E-01  3.48053120E-13 -3.76580307E-13 -6.80561220E-13  1.00000005E-03  8.03258987E-03  8.00255896E-02
 -5.00000000E+00  4.59000000E-01  0.00000000E+00  8.51785545E-01  8.23900008E-13  7.93190441E-13 -6.56533775E-13  1.00000005E-03  8.03737182E-03  7.90029009E-02
 -5.00000000E+00  4.59500000E-01  0.00000000E+00  8.49846319E-01  7.63590445E-13 -5.60415750E-13 -6.77304884E-13  1.00000005E-03  8.04203225E-03  7.79797614E-02
 -5.00000000E+00  4.60000000E-01  0.00000000E+00  8.47881440E-01  1.43297687E-13 -1.28364056E-12 -7.27277032E-13  1.00000005E-03  8.04656599E-03  7.69561723E-02
 -5.00000000E+00  4.60500000E-01  0.00000000E+00  8.45890207E-01 -1.31084652E-13 -3.67435643E-13 -7.61392465E-13  1.00000005E-03  8.05096751E-03  7.59321355E-02
 -5.00000000E+00  4.61000000E-01  0.00000000E+00  8.43871893E-01  1.10278271E-13  9.45146118E-13 -7.42421384E-13  1.00000005E-03  8.05523107E-03  7.49076528E-02
 -5.00000000E+00  4.61500000E-01  0.00000000E+00  8.41825737E-01  6.24366770E-13  1.40926072E-12 -6.77770721E-13  1.00000005E-03  8.05935058E-03  7.38827260E-02
 -5.00000000E+00  4.62000000E-01  0.00000000E+00  8.39750945E-01  1.03981873E-12  7.15083394E-13 -6.12573215E-13  1.00000005E-03  8.06331967E-03  7.28573566E-02
 -5.00000000E+00  4.62500000E-01  0.00000000E+00  8.37646689E-01  1.08090260E-12 -5.12673553E-13 -5.98174337E-13  1.00000005E-03  8.06713157E-03  7.18315469E-02
 -5.00000000E+00  4.63000000E-01  0.00000000E+00  8.35512103E-01  7.08995935E-13 -1.27612001E-12 -6.55155463E-13  1.00000005E-03  8.07077914E-03  7.08052994E-02
 -5.00000000E+00  4.63500000E-01  0.00000000E+00  8.33346287E-01  1.59677896E-13 -9.49601669E-13 -7.50031285E-13  1.00000005E-03  8.07425478E-03  6.97786177E-02
 -5.00000000E+00  4.64000000E-01  0.00000000E+00  8.31148297E-01 -1.46329935E-13  1.67386605E-13 -8.04732522E-13  1.00000005E-03  8.07755040E-03  6.87515060E-02
 -5.00000000E+00  4.64500000E-01  0.00000000E+00  8.28917145E-01  1.59792656E-13  8.65901519E-13 -7.57991204E-13  1.00000005E-03  8.08065745E-03  6.77239687E-02
 -5.00000000E+00  4.65000000E-01  0.00000000E+00  8.26651798E-01  9.87854179E-13 -1.14072604E-14 -6.97801952E-13  1.00000005E-03  8.08356690E-03  6.66960102E-02
 -5.00000000E+00  4.65500000E-01  0.00000000E+00  8.24351179E-01 -5.82091544E-13  4.70751633E-13 -8.26308986E-13  1.00000005E-03  8.08626935E-03  6.56676342E-02
 -5.00000000E+00  4.66000000E-01  0.00000000E+00  8.22014147E-01  2.91951409E-13  5.90616531E-13 -5.96315732E-13  1.00000005E-03  8.08875438E-03  6.46388476E-02
 -5.00000000E+00  4.66500000E-01  0.00000000E+00  8.19639518E-01  1.59856623E-12 -5.33232704E-13 -6.30571932E-13  1.00000005E-03  8.09101105E-03  6.36096570E-02
 -5.00000000E+00  4.67000000E-01  0.00000000E+00  8.17226041E-01  1.39799929E-12 -1.10036507E-12 -8.51972959E-13  1.00000005E-03  8.09302784E-03  6.25800688E-02
 -5.00000000E+00  4.67500000E-01  0.00000000E+00  8.14772406E-01  2.73792312E-13 -5.42593806E-13 -9.57936489E-13  1.00000005E-03  8.09479238E-03  6.15500906E-02
 -5.00000000E+00  4.68000000E-01  0.00000000E+00  8.12277233E-01 -6.10854488E-13  5.62590503E-13 -8.37452473E-13  1.00000005E-03  8.09629148E-03  6.05197309E-02
 -5.00000000E+00  4.68500000E-01  0.00000000E+00  8.09739073E-01 -5.71437055E-13  1.18162419E-12 -6.24651863E-13  1.00000005E-03  8.09751104E-03  5.94889990E-02
 -5.00000000E+00  4.69000000E-01  0.00000000E+00  8.07156399E-01  2.53291863E-13  6.88153921E-13 -5.40836251E-13  1.00000005E-03  8.09843596E-03  5.84579049E-02
 -5.00000000E+00  4.69500000E-01  0.00000000E+00  8.04527600E-01  1.09888592E-12 -5.29389968E-13 -6.76960952E-13  1.00000005E-03  8.09905012E-03  5.74264588E-02
 -5.00000000E+00  4.70000000E-01  0.00000000E+00  8.01850975E-01  1.14319304E-12 -1.14528828E-12 -8.68561348E-13  1.00000005E-03  8.09933626E-03  5.63946722E-02
 -5.00000000E+00  4.70500000E-01  0.00000000E+00  7.99124730E-01  2.73034867E-13 -8.84119061E-14 -8.15111511E-13  1.00000005E-03  8.09927586E-03  5.53625590E-02
 -5.00000000E+00  4.71000000E-01  0.00000000E+00  7.96346970E-01 -1.22199041E-13  7.22454715E-13 -5.95742347E-13  1.00000005E-03  8.09884894E-03  5.43301390E-02
 -5.00000000E+00  4.71500000E-01  0.00000000E+00  7.93515688E-01  4.82055368E-13 -1.29168259E-13 -6.45652654E-13  1.00000005E-03  8.09803400E-03  5.32974388E-02
 -5.00000000E+00  4.72000000E-01  0.00000000E+00  7.90628763E-01  1.18267127E-12  1.02228885E-13 -5.32392333E-13  1.00000005E-03  8.09680769E-03  5.22644868E-02
 -5.00000000E+00  4.72500000E-01  0.00000000E+00  7.87683934E-01 -4.11048115E-13  1.57874988E-13 -5.52051289E-13  1.00000005E-03  8.09514498E-03  5.12313116E-02
 -5.00000000E+00  4.73000000E-01  0.00000000E+00  7.84678829E-01 -1.28661678E-12  2.73846014E-14 -6.23469491E-13  1.00000005E-03  8.09301921E-03  5.01979425E-02
 -5.00000000E+00  4.73500000E-01  0.00000000E+00  7.81610907E-01  1.20589698E-13 -1.55564009E-13 -6.39295193E-13  1.00000005E-03  8.09040124E-03  4.91644113E-02
 -5.00000000E+00  4.74000000E-01  0.00000000E+00  7.78477458E-01  2.03875772E-12 -2.09118524E-13 -5.93031210E-13  1.00000005E-03  8.08725927E-03  4.81307526E-02
 -5.00000000E+00  4.74500000E-01  0.00000000E+00  7.75275602E-01  1.77472881E-12 -5.62208408E-14 -5.52017987E-13  1.00000005E-03  8.08355885E-03  4.70970039E-02
 -5.00000000E+00  4.75000000E-01  0.00000000E+00  7.72002286E-01 -8.17457984E-13  1.72743189E-13 -5.64679520E-13  1.00000005E-03  8.07926272E-03  4.60632047E-02
 -5.00000000E+00  4.75500000E-01  0.00000000E+00  7.68654241E-01 -2.06860107E-12  1.95077213E-13 -5.90464994E-13  1.00000005E-03  8.07433049E-03  4.50293964E-02
 -5.00000000E+00  4.76000000E-01  0.00000000E+00  7.65227951E-01  1.32330335E-12 -1.04118473E-13 -5.40861488E-13  1.00000005E-03  8.06871796E-03  4.39956225E-02
 -5.00000000E+00  4.76500000E-01  0.00000000E+00  7.61719658E-01 -5.93883478E-13  2.07482305E-14 -5.19880069E-13  1.00000005E-03  8.06237668E-03  4.29619313E-02
 -5.00000000E+00  4.77000000E-01  0.00000000E+00  7.58125358E-01  1.35991028E-12 -2.61414252E-14 -6.38192005E-13  1.00000005E-03  8.05525377E-03  4.19283749E-02
 -5.00000000E+00  4.77500000E-01  0.00000000E+00  7.54440717E-01 -8.80641593E-13  1.50233966E-13 -6.30304381E-13  1.00000005E-03  8.04729125E-03  4.08950072E-02
 -5.00000000E+00  4.78000000E-01  0.00000000E+00  7.50661086E-01 -6.00769473E-14 -1.70397309E-14 -5.60539672E-13  1.00000005E-03  8.03842481E-03  3.98618891E-02
 -5.00000000E+00  4.78500000E-01  0.00000000E+00  7.46781452E-01  1.07544994E-12 -2.13533556E-13 -5.35285294E-13  1.00000005E-03  8.02858417E-03  3.88290843E-02
 -5.00000000E+00  4.79000000E-01  0.00000000E+00  7.42796404E-01  4.14247542E-13 -1.76684990E-13 -5.67318834E-13  1.00000005E-03  8.01769184E-03  3.77966611E-02
 -5.00000000E+00  4.79500000E-01  0.00000000E+00  7.38700084E-01 -6.17310544E-13  1.24859707E-15 -6.00873764E-13  1.00000005E-03  8.00566198E-03  3.67646937E-02
 -5.00000000E+00  4.80000000E-01  0.00000000E+00  7.34486136E-01 -6.55600257E-14  7.08945637E-14 -6.03557813E-13  1.00000005E-03  7.99239923E-03  3.57332632E-02
 -5.00000000E+00  4.80500000E-01  0.00000000E+00  7.30147658E-01  9.94933803E-13 -3.87175084E-14 -6.22012622E-13  1.00000005E-03  7.97779750E-03  3.47024579E-02
 -5.00000000E+00  4.81000000E-01  0.00000000E+00  7.25677142E-01 -2.72560369E-13 -1.09310542E-13 -6.98260000E-13  1.00000005E-03  7.96173865E-03  3.36723732E-02
 -5.00000000E+00  4.81500000E-01  0.00000000E+00  7.21066382E-01 -2.03726256E-13  1.16316768E-13 -6.33245534E-13  1.00000005E-03  7.94409080E-03  3.26431123E-02
 -5.00000000E+00  4.82000000E-01  0.00000000E+00  7.16306405E-01  1.06721360E-12 -3.43736542E-13 -6.22717171E-13  1.00000005E-03  7.92470575E-03  3.16147898E-02
 -5.00000000E+00  4.82500000E-01  0.00000000E+00  7.11387366E-01  1.22139313E-12 -3.86870563E-13 -5.61463412E-13  1.00000005E-03  7.90341605E-03  3.05875308E-02
 -5.00000000E+00  4.83000000E-01  0.00000000E+00  7.06298441E-01 -1.91248347E-12  3.32049933E-13 -6.77240453E-13  1.00000005E-03  7.88003337E-03  2.95614719E-02
 -5.00000000E+00  4.83500000E-01  0.00000000E+00  7.01027688E-01 -1.03696378E-12  4.20366052E-13 -8.20304515E-13  1.00000005E-03  7.85434491E-03  2.85367621E-02
 -5.00000000E+00  4.84000000E-01  0.00000000E+00  6.95561884E-01  1.87596317E-12 -2.12278463E-13 -7.91043399E-13  1.00000005E-03  7.82610831E-03  2.75135670E-02
 -5.00000000E+00  4.84500000E-01  0.00000000E+00  6.89886348E-01  9.54245959E-13 -5.62717132E-13 -6.06135245E-13  1.00000005E-03  7.79504652E-03  2.64920700E-02
 -5.00000000E+00  4.85000000E-01  0.00000000E+00  6.83984733E-01 -2.24090106E-12 -9.86645630E-14 -5.37503050E-13  1.00000005E-03  7.76084204E-03  2.54724749E-02
 -5.00000000E+00  4.85500000E-01  0.00000000E+00  6.77838764E-01  4.41542915E-13  2.14409480E-13 -7.58478960E-13  1.00000005E-03  7.72312988E-03  2.44550074E-02
 -5.00000000E+00  4.86000000E-01  0.00000000E+00  6.71427922E-01 -2.15688394E-13 -3.27951814E-13 -6.14569928E-13  1.00000005E-03  7.68148864E-03  2.34399185E-02
 -5.00000000E+00  4.86500000E-01  0.00000000E+00  6.64729077E-01 -1.62067150E-13  6.03404229E-13 -6.05880503E-13  1.00000005E-03  7.63542795E-03  2.24274910E-02
 -5.00000000E+00  4.87000000E-01  0.00000000E+00  6.57716041E-01 -6.41861964E-13 -6.83736715E-13 -4.94975053E-13  1.00000005E-03  7.58437492E-03  2.14180414E-02
 -5.00000000E+00  4.87500000E-01  0.00000000E+00  6.50359033E-01  3.35363399E-13 -8.79010650E-13 -3.90742269E-13  1.00000005E-03  7.52765848E-03  2.04119257E-02
 -5.00000000E+00  4.88000000E-01  0.00000000E+00  6.42623972E-01  6.26426661E-13  5.24777851E-13 -4.09669884E-13  1.00000005E-03  7.46448525E-03  1.94095478E-02
 -5.00000000E+00  4.88500000E-01  0.00000000E+00  6.34471683E-01 -3.82267994E-13  6.66941276E-13 -4.37291255E-13  1.00000005E-03  7.39391229E-03  1.84113682E-02
 -5.00000000E+00  4.89000000E-01  0.00000000E+00  6.25856877E-01 -5.39045957E-13 -9.51711211E-13 -3.78514664E-13  1.00000005E-03  7.31481288E-03  1.74179119E-02
 -5.00000000E+00  4.89500000E-01  0.00000000E+00  6.16726823E-01  1.37683196E-12 -4.76137181E-13 -3.57519868E-13  1.00000005E-03  7.22583085E-03  1.64297813E-02
 -5.00000000E+00  4.90000000E-01  0.00000000E+00  6.07019740E-01  9.10908743E-13 -3.42303003E-13 -3.67277342E-13  1.00000005E-03  7.12532165E-03  1.54476731E-02
 -5.00000000E+00  4.90500000E-01  0.00000000E+00  5.96662687E-01 -8.42599411E-13 -3.54793851E-13 -4.12433461E-13  1.00000005E-03  7.01128204E-03  1.44723870E-02
 -5.00000000E+00  4.91000000E-01  0.00000000E+00  5.85568869E-01  3.33101945E-13 -2.11626375E-13 -4.11082647E-13  1.00000005E-03  6.88124976E-03  1.35048473E-02
 -5.00000000E+00  4.91500000E-01  0.00000000E+00  5.73634048E-01  1.86817469E-12 -2.54926286E-13 -5.48766678E-13  1.00000005E-03  6.73218746E-03  1.25461157E-02
 -5.00000000E+00  4.92000000E-01  0.00000000E+00  5.60731856E-01 -7.40912742E-13 -4.57822135E-13 -6.14069839E-13  1.00000005E-03  6.56033067E-03  1.15974119E-02
 -5.00000000E+00  4.92500000E-01  0.00000000E+00  5.46707513E-01  3.95314561E-13 -3.28657190E-13 -4.40151991E-13  1.00000005E-03  6.36099739E-03  1.06601513E-02
 -5.00000000E+00  4.93000000E-01  0.00000000E+00  5.31369384E-01  1.99298636E-12 -1.48048824E-13 -4.44639342E-13  1.00000005E-03  6.12836273E-03  9.73603223E-03
 -5.00000000E+00  4.93500000E-01  0.00000000E+00  5.14477927E-01 -1.60298743E-12 -3.11703518E-13 -6.60165662E-13  1.00000005E-03  5.85520198E-03  8.82721075E-03
 -5.00000000E+00  4.94000000E-01  0.00000000E+00  4.95731408E-01 -1.14255594E-12 -5.37071879E-13 -5.41866624E-13  1.00000005E-03  5.53260733E-03  7.93654419E-03
 -5.00000000E+00  4.94500000E-01  0.00000000E+00  4.74752624E-01  2.52496228E-12 -2.28857057E-13 -5.10989643E-13  1.00000005E-03  5.14990438E-03  7.06794212E-03
 -5.00000000E+00  4.95000000E-01  0.00000000E+00  4.51067495E-01  4.38513485E-13  6.99047815E-14 -4.53142119E-13  1.00000005E-03  4.69467885E-03  6.22482055E-03
 -5.00000000E+00  4.95500000E-01  0.00000000E+00  4.24106290E-01 -1.16458189E-12 -4.31099322E-13 -6.87956219E-13  1.00000005E-03  4.15427368E-03  5.40824634E-03
 -5.00000000E+00  4.96000000E-01  0.00000000E+00  3.93192302E-01  2.10222465E-12 -4.81310086E-14 -6.96494021E-13  1.00000005E-03  3.51918960E-03  4.60915861E-03
 -5.00000000E+00  4.96500000E-01  0.00000000E+00  3.57551181E-01 -5.24087774E-13  2.90742785E-13 -6.45016348E-13  1.00000005E-03  2.79116758E-03  3.80775909E-03
 -5.00000000E+00  4.97000000E-01  0.00000000E+00  3.16454235E-01  2.67722989E-13  6.41525935E-14 -7.71300234E-13  1.00000005E-03  2.00140804E-03  3.00719182E-03
 -5.00000000E+00  4.97500000E-01  0.00000000E+00  2.69744521E-01 -1.11393480E-12 -1.77324829E-13 -6.89177029E-13  1.00000005E-03  1.23868143E-03  2.28909313E-03
 -5.00000000E+00  4.98000000E-01  0.00000000E+00  2.18656994E-01 -2.28679753E-12  1.50724694E-13 -4.61597241E-13  1.00000005E-03  6.42477412E-04  1.78602377E-03
 -5.00000000E+00  4.98500000E-01  0.00000000E+00  1.65041794E-01 -3.83357121E-12  5.11369389E-14 -4.09039530E-14  1.00000005E-03  2.71612874E-04  1.20915337E-03
 -5.00000000E+00  4.99000000E-01  0.00000000E+00  1.10290318E-01 -2.21235097E-12  1.48635919E-13  4.06087283E-13  1.00000005E-03  8.07769063E-05  4.98062483E-04
 -5.00000000E+00  4.99500000E-01  0.00000000E+00  5.51782223E-02 -2.24118916E-12  2.98382401E-13  8.26577855E-13  1.00000005E-03  6.53990890E-06  4.72269406E-05
 -5.00000000E+00  5.00000000E-01  0.00000000E+00  0.00000000E+00  0.00000000E+00  0.00000000E+00  1.05387023E-12  1.00000005E-03  0.00000000E+00  0.00000000E+00
