               X               Y            VELX            VELY            PRES            TEMP            PS 1            PS 2  1.10000000E+02
  5.00000000E-01  1.93500000E+00  4.86075947E-01 -8.93784396E-15  3.19754193E-01  0.00000000E+00  1.21139572E-04  4.05516607E-05
  5.00000000E-01  1.93523500E+00  4.59752690E-01 -9.13679842E-04  3.20173932E-01  0.00000000E+00  2.55836247E-03  1.97760535E-04
  5.00000000E-01  1.93547000E+00  4.34475023E-01 -1.80828969E-03  3.20546215E-01  0.00000000E+00  4.95285009E-03  3.71908925E-04
  5.00000000E-01  1.93570500E+00  4.10219460E-01 -2.68432839E-03  3.20872747E-01  0.00000000E+00  7.30503290E-03  5.62344599E-04
  5.00000000E-01  1.93594000E+00  3.86962516E-01 -3.54229479E-03  3.21155237E-01  0.00000000E+00  9.61534139E-03  7.68415327E-04
  5.00000000E-01  1.93617500E+00  3.64680703E-01 -4.38268772E-03  3.21395391E-01  0.00000000E+00  1.18842060E-02  9.89468877E-04
  5.00000000E-01  1.93641000E+00  3.43350535E-01 -5.20600604E-03  3.21594918E-01  0.00000000E+00  1.41120573E-02  1.22485302E-03
  5.00000000E-01  1.93664500E+00  3.22948528E-01 -6.01274858E-03  3.21755525E-01  0.00000000E+00  1.62993256E-02  1.47391552E-03
  5.00000000E-01  1.93688000E+00  3.03451193E-01 -6.80341420E-03  3.21878919E-01  0.00000000E+00  1.84464415E-02  1.73600415E-03
  5.00000000E-01  1.93711500E+00  2.84835046E-01 -7.57850173E-03  3.21966808E-01  0.00000000E+00  2.05538355E-02  2.01046669E-03
  5.00000000E-01  1.93735000E+00  2.67076600E-01 -8.33851002E-03  3.22020900E-01  0.00000000E+00  2.26219379E-02  2.29665089E-03
  5.00000000E-01  1.93758500E+00  2.50152369E-01 -9.08393792E-03  3.22042900E-01  0.00000000E+00  2.46511794E-02  2.59390452E-03
  5.00000000E-01  1.93782000E+00  2.34038867E-01 -9.81528426E-03  3.22034518E-01  0.00000000E+00  2.66419903E-02  2.90157536E-03
  5.00000000E-01  1.93805500E+00  2.18712607E-01 -1.05330479E-02  3.21997461E-01  0.00000000E+00  2.85948011E-02  3.21901118E-03
  5.00000000E-01  1.93829000E+00  2.04150104E-01 -1.12377277E-02  3.21933436E-01  0.00000000E+00  3.05100423E-02  3.54555974E-03
  5.00000000E-01  1.93852500E+00  1.90327872E-01 -1.19298224E-02  3.21844150E-01  0.00000000E+00  3.23881444E-02  3.88056882E-03
  5.00000000E-01  1.93876000E+00  1.77222423E-01 -1.26098310E-02  3.21731312E-01  0.00000000E+00  3.42295378E-02  4.22338618E-03
  5.00000000E-01  1.93899500E+00  1.64810273E-01 -1.32782522E-02  3.21596628E-01  0.00000000E+00  3.60346531E-02  4.57335959E-03
  5.00000000E-01  1.93923000E+00  1.53067935E-01 -1.39355850E-02  3.21441806E-01  0.00000000E+00  3.78039207E-02  4.92983682E-03
  5.00000000E-01  1.93946500E+00  1.41971922E-01 -1.45823281E-02  3.21268553E-01  0.00000000E+00  3.95377710E-02  5.29216564E-03
  5.00000000E-01  1.93970000E+00  1.31498750E-01 -1.52189804E-02  3.21078577E-01  0.00000000E+00  4.12366345E-02  5.65969381E-03
  5.00000000E-01  1.93993500E+00  1.21624931E-01 -1.58460407E-02  3.20873586E-01  0.00000000E+00  4.29009418E-02  6.03176912E-03
  5.00000000E-01  1.94017000E+00  1.12326979E-01 -1.64640080E-02  3.20655286E-01  0.00000000E+00  4.45311233E-02  6.40773932E-03
  5.00000000E-01  1.94040500E+00  1.03581409E-01 -1.70733809E-02  3.20425386E-01  0.00000000E+00  4.61276094E-02  6.78695219E-03
  5.00000000E-01  1.94064000E+00  9.53647336E-02 -1.76746585E-02  3.20185592E-01  0.00000000E+00  4.76908306E-02  7.16875550E-03
  5.00000000E-01  1.94087500E+00  8.76534674E-02 -1.82683395E-02  3.19937613E-01  0.00000000E+00  4.92212174E-02  7.55249701E-03
  5.00000000E-01  1.94111000E+00  8.04241242E-02 -1.88549227E-02  3.19683155E-01  0.00000000E+00  5.07192004E-02  7.93752449E-03
  5.00000000E-01  1.94134500E+00  7.36532177E-02 -1.94349070E-02  3.19423927E-01  0.00000000E+00  5.21852098E-02  8.32318571E-03
  5.00000000E-01  1.94158000E+00  6.73172618E-02 -2.00087913E-02  3.19161635E-01  0.00000000E+00  5.36196763E-02  8.70882845E-03
  5.00000000E-01  1.94181500E+00  6.13927704E-02 -2.05770744E-02  3.18897987E-01  0.00000000E+00  5.50230303E-02  9.09380046E-03
  5.00000000E-01  1.94205000E+00  5.58562574E-02 -2.11402551E-02  3.18634691E-01  0.00000000E+00  5.63957022E-02  9.47744953E-03
  5.00000000E-01  1.94228500E+00  5.06842365E-02 -2.16988323E-02  3.18373454E-01  0.00000000E+00  5.77381226E-02  9.85912341E-03
  5.00000000E-01  1.94252000E+00  4.58532217E-02 -2.22533049E-02  3.18115983E-01  0.00000000E+00  5.90507219E-02  1.02381699E-02
  5.00000000E-01  1.94275500E+00  4.13397268E-02 -2.28041716E-02  3.17863987E-01  0.00000000E+00  6.03339306E-02  1.06139367E-02
  5.00000000E-01  1.94299000E+00  3.71202657E-02 -2.33519313E-02  3.17619171E-01  0.00000000E+00  6.15881792E-02  1.09857717E-02
  5.00000000E-01  1.94322500E+00  3.31713522E-02 -2.38970829E-02  3.17383245E-01  0.00000000E+00  6.28138980E-02  1.13530225E-02
  5.00000000E-01  1.94346000E+00  2.94695003E-02 -2.44401252E-02  3.17157915E-01  0.00000000E+00  6.40115177E-02  1.17150370E-02
  5.00000000E-01  1.94369500E+00  2.59912237E-02 -2.49815570E-02  3.16944888E-01  0.00000000E+00  6.51814687E-02  1.20711630E-02
  5.00000000E-01  1.94393000E+00  2.27130364E-02 -2.55218773E-02  3.16745873E-01  0.00000000E+00  6.63241814E-02  1.24207481E-02
  5.00000000E-01  1.94416500E+00  1.96114521E-02 -2.60615847E-02  3.16562577E-01  0.00000000E+00  6.74400863E-02  1.27631402E-02
  5.00000000E-01  1.94440000E+00  1.66629848E-02 -2.66011783E-02  3.16396707E-01  0.00000000E+00  6.85296140E-02  1.30976871E-02
  5.00000000E-01  1.94463500E+00  1.38441484E-02 -2.71411567E-02  3.16249971E-01  0.00000000E+00  6.95931948E-02  1.34237365E-02
  5.00000000E-01  1.94487000E+00  1.11314566E-02 -2.76820190E-02  3.16124075E-01  0.00000000E+00  7.06312592E-02  1.37406361E-02
  5.00000000E-01  1.94510500E+00  8.50142331E-03 -2.82242638E-02  3.16020729E-01  0.00000000E+00  7.16442378E-02  1.40477338E-02
  5.00000000E-01  1.94534000E+00  5.93056246E-03 -2.87683901E-02  3.15941638E-01  0.00000000E+00  7.26325609E-02  1.43443773E-02
  5.00000000E-01  1.94557500E+00  3.39538787E-03 -2.93148968E-02  3.15888511E-01  0.00000000E+00  7.35966591E-02  1.46299144E-02
  5.00000000E-01  1.94581000E+00  8.72413406E-04 -2.98642825E-02  3.15863055E-01  0.00000000E+00  7.45369628E-02  1.49036929E-02
  5.00000000E-01  1.94604500E+00 -1.66184707E-03 -3.04170463E-02  3.15866978E-01  0.00000000E+00  7.54539026E-02  1.51650605E-02
  5.00000000E-01  1.94628000E+00 -4.23087969E-03 -3.09736868E-02  3.15901986E-01  0.00000000E+00  7.63479088E-02  1.54133649E-02
  5.00000000E-01  1.94651500E+00 -6.85817060E-03 -3.15347031E-02  3.15969788E-01  0.00000000E+00  7.72194120E-02  1.56479541E-02
  5.00000000E-01  1.94675000E+00 -9.56720594E-03 -3.21005939E-02  3.16072091E-01  0.00000000E+00  7.80688426E-02  1.58681756E-02
  5.00000000E-01  1.94698500E+00 -1.23814718E-02 -3.26718580E-02  3.16210602E-01  0.00000000E+00  7.88966311E-02  1.60733774E-02
  5.00000000E-01  1.94722000E+00 -1.53244544E-02 -3.32489943E-02  3.16387028E-01  0.00000000E+00  7.97032079E-02  1.62629071E-02
  5.00000000E-01  1.94745500E+00 -1.84196399E-02 -3.38325017E-02  3.16603078E-01  0.00000000E+00  8.04890036E-02  1.64361126E-02
  5.00000000E-01  1.94769000E+00 -2.12445926E-02 -3.43475608E-02  3.16343970E-01  0.00000000E+00  8.13141729E-02  1.66472774E-02
  5.00000000E-01  1.94792500E+00 -2.39669896E-02 -3.48470519E-02  3.15985881E-01  0.00000000E+00  8.21439823E-02  1.68653637E-02
  5.00000000E-01  1.94816000E+00 -2.66736092E-02 -3.53482254E-02  3.15648490E-01  0.00000000E+00  8.29655300E-02  1.70785951E-02
  5.00000000E-01  1.94839500E+00 -2.93649126E-02 -3.58509957E-02  3.15331081E-01  0.00000000E+00  8.37789365E-02  1.72870298E-02
  5.00000000E-01  1.94863000E+00 -3.20413608E-02 -3.63552771E-02  3.15032934E-01  0.00000000E+00  8.45843226E-02  1.74907262E-02
  5.00000000E-01  1.94886500E+00 -3.47034149E-02 -3.68609840E-02  3.14753334E-01  0.00000000E+00  8.53818090E-02  1.76897425E-02
  5.00000000E-01  1.94910000E+00 -3.73515359E-02 -3.73680307E-02  3.14491563E-01  0.00000000E+00  8.61715163E-02  1.78841369E-02
  5.00000000E-01  1.94933500E+00 -3.99861850E-02 -3.78763315E-02  3.14246903E-01  0.00000000E+00  8.69535653E-02  1.80739676E-02
  5.00000000E-01  1.94957000E+00 -4.26078232E-02 -3.83858008E-02  3.14018638E-01  0.00000000E+00  8.77280765E-02  1.82592930E-02
  5.00000000E-01  1.94980500E+00 -4.52169115E-02 -3.88963530E-02  3.13806050E-01  0.00000000E+00  8.84951708E-02  1.84401712E-02
  5.00000000E-01  1.95004000E+00 -4.78139111E-02 -3.94079023E-02  3.13608422E-01  0.00000000E+00  8.92549687E-02  1.86166605E-02
  5.00000000E-01  1.95027500E+00 -5.03992829E-02 -3.99203632E-02  3.13425036E-01  0.00000000E+00  9.00075910E-02  1.87888192E-02
  5.00000000E-01  1.95051000E+00 -5.29734882E-02 -4.04336499E-02  3.13255176E-01  0.00000000E+00  9.07531584E-02  1.89567055E-02
  5.00000000E-01  1.95074500E+00 -5.55369879E-02 -4.09476768E-02  3.13098124E-01  0.00000000E+00  9.14917915E-02  1.91203777E-02
  5.00000000E-01  1.95098000E+00 -5.80902432E-02 -4.14623582E-02  3.12953162E-01  0.00000000E+00  9.22236110E-02  1.92798940E-02
  5.00000000E-01  1.95121500E+00 -6.06337150E-02 -4.19776086E-02  3.12819574E-01  0.00000000E+00  9.29487376E-02  1.94353127E-02
  5.00000000E-01  1.95145000E+00 -6.31678645E-02 -4.24933422E-02  3.12696641E-01  0.00000000E+00  9.36672920E-02  1.95866919E-02
  5.00000000E-01  1.95168500E+00 -6.56931528E-02 -4.30094733E-02  3.12583648E-01  0.00000000E+00  9.43793948E-02  1.97340900E-02
  5.00000000E-01  1.95192000E+00 -6.82100409E-02 -4.35259164E-02  3.12479876E-01  0.00000000E+00  9.50851668E-02  1.98775653E-02
  5.00000000E-01  1.95215500E+00 -7.07189898E-02 -4.40425857E-02  3.12384608E-01  0.00000000E+00  9.57847287E-02  2.00171759E-02
  5.00000000E-01  1.95239000E+00 -7.32204607E-02 -4.45593956E-02  3.12297128E-01  0.00000000E+00  9.64782011E-02  2.01529801E-02
  5.00000000E-01  1.95262500E+00 -7.57149147E-02 -4.50762605E-02  3.12216717E-01  0.00000000E+00  9.71657046E-02  2.02850362E-02
  5.00000000E-01  1.95286000E+00 -7.82028127E-02 -4.55930947E-02  3.12142658E-01  0.00000000E+00  9.78473601E-02  2.04134024E-02
  5.00000000E-01  1.95309500E+00 -8.06846159E-02 -4.61098125E-02  3.12074235E-01  0.00000000E+00  9.85232881E-02  2.05381369E-02
  5.00000000E-01  1.95333000E+00 -8.31607853E-02 -4.66263283E-02  3.12010729E-01  0.00000000E+00  9.91936094E-02  2.06592981E-02
  5.00000000E-01  1.95356500E+00 -8.56317821E-02 -4.71425563E-02  3.11951424E-01  0.00000000E+00  9.98584447E-02  2.07769441E-02
  5.00000000E-01  1.95380000E+00 -8.80980672E-02 -4.76584111E-02  3.11895602E-01  0.00000000E+00  1.00517915E-01  2.08911333E-02
  5.00000000E-01  1.95403500E+00 -9.05601018E-02 -4.81738068E-02  3.11842546E-01  0.00000000E+00  1.01172140E-01  2.10019237E-02
  5.00000000E-01  1.95427000E+00 -9.30183469E-02 -4.86886579E-02  3.11791539E-01  0.00000000E+00  1.01821241E-01  2.11093739E-02
  5.00000000E-01  1.95450500E+00 -9.54732636E-02 -4.92028787E-02  3.11741863E-01  0.00000000E+00  1.02465339E-01  2.12135418E-02
  5.00000000E-01  1.95474000E+00 -9.79253130E-02 -4.97163835E-02  3.11692802E-01  0.00000000E+00  1.03104554E-01  2.13144859E-02
  5.00000000E-01  1.95497500E+00 -1.00374956E-01 -5.02290867E-02  3.11643637E-01  0.00000000E+00  1.03739007E-01  2.14122643E-02
  5.00000000E-01  1.95521000E+00 -1.02822654E-01 -5.07409026E-02  3.11593651E-01  0.00000000E+00  1.04368819E-01  2.15069354E-02
  5.00000000E-01  1.95544500E+00 -1.05268868E-01 -5.12517456E-02  3.11542128E-01  0.00000000E+00  1.04994111E-01  2.15985573E-02
  5.00000000E-01  1.95568000E+00 -1.07714059E-01 -5.17615300E-02  3.11488350E-01  0.00000000E+00  1.05615002E-01  2.16871883E-02
  5.00000000E-01  1.95591500E+00 -1.10158687E-01 -5.22701701E-02  3.11431600E-01  0.00000000E+00  1.06231614E-01  2.17728867E-02
  5.00000000E-01  1.95615000E+00 -1.12603215E-01 -5.27775803E-02  3.11371160E-01  0.00000000E+00  1.06844068E-01  2.18557107E-02
  5.00000000E-01  1.95638500E+00 -1.15048103E-01 -5.32836749E-02  3.11306313E-01  0.00000000E+00  1.07452484E-01  2.19357186E-02
  5.00000000E-01  1.95662000E+00 -1.17493813E-01 -5.37883683E-02  3.11236342E-01  0.00000000E+00  1.08056983E-01  2.20129685E-02
  5.00000000E-01  1.95685500E+00 -1.19940804E-01 -5.42915748E-02  3.11160529E-01  0.00000000E+00  1.08657685E-01  2.20875188E-02
  5.00000000E-01  1.95709000E+00 -1.22389539E-01 -5.47932088E-02  3.11078158E-01  0.00000000E+00  1.09254711E-01  2.21594278E-02
  5.00000000E-01  1.95732500E+00 -1.24840479E-01 -5.52931846E-02  3.10988511E-01  0.00000000E+00  1.09848183E-01  2.22287535E-02
  5.00000000E-01  1.95756000E+00 -1.27294084E-01 -5.57914165E-02  3.10890870E-01  0.00000000E+00  1.10438220E-01  2.22955544E-02
  5.00000000E-01  1.95779500E+00 -1.29750815E-01 -5.62878189E-02  3.10784519E-01  0.00000000E+00  1.11024943E-01  2.23598887E-02
  5.00000000E-01  1.95803000E+00 -1.32211135E-01 -5.67823061E-02  3.10668739E-01  0.00000000E+00  1.11608473E-01  2.24218146E-02
  5.00000000E-01  1.95826500E+00 -1.34675503E-01 -5.72747925E-02  3.10542815E-01  0.00000000E+00  1.12188930E-01  2.24813903E-02
  5.00000000E-01  1.95850000E+00 -1.37144381E-01 -5.77651925E-02  3.10406028E-01  0.00000000E+00  1.12766436E-01  2.25386741E-02
  5.00000000E-01  1.95873500E+00 -1.39618229E-01 -5.82534203E-02  3.10257662E-01  0.00000000E+00  1.13341111E-01  2.25937243E-02
  5.00000000E-01  1.95897000E+00 -1.42097510E-01 -5.87393902E-02  3.10096998E-01  0.00000000E+00  1.13913076E-01  2.26465991E-02
  5.00000000E-01  1.95920500E+00 -1.44582684E-01 -5.92230168E-02  3.09923320E-01  0.00000000E+00  1.14482451E-01  2.26973567E-02
  5.00000000E-01  1.95944000E+00 -1.47074211E-01 -5.97042142E-02  3.09735911E-01  0.00000000E+00  1.15049357E-01  2.27460555E-02
  5.00000000E-01  1.95967500E+00 -1.49572554E-01 -6.01828968E-02  3.09534052E-01  0.00000000E+00  1.15613915E-01  2.27927536E-02
  5.00000000E-01  1.95991000E+00 -1.52078174E-01 -6.06589790E-02  3.09317028E-01  0.00000000E+00  1.16176245E-01  2.28375093E-02
  5.00000000E-01  1.96014500E+00 -1.54576988E-01 -6.11498314E-02  3.09241766E-01  0.00000000E+00  1.16731690E-01  2.28796830E-02
  5.00000000E-01  1.96038000E+00 -1.57072160E-01 -6.16498710E-02  3.09256594E-01  0.00000000E+00  1.17281273E-01  2.29195614E-02
  5.00000000E-01  1.96061500E+00 -1.59572177E-01 -6.21485381E-02  3.09265876E-01  0.00000000E+00  1.17827766E-01  2.29576019E-02
  5.00000000E-01  1.96085000E+00 -1.62077123E-01 -6.26458555E-02  3.09269852E-01  0.00000000E+00  1.18371172E-01  2.29938340E-02
  5.00000000E-01  1.96108500E+00 -1.64587079E-01 -6.31418457E-02  3.09268761E-01  0.00000000E+00  1.18911498E-01  2.30282870E-02
  5.00000000E-01  1.96132000E+00 -1.67102126E-01 -6.36365317E-02  3.09262844E-01  0.00000000E+00  1.19448748E-01  2.30609903E-02
  5.00000000E-01  1.96155500E+00 -1.69622345E-01 -6.41299360E-02  3.09252340E-01  0.00000000E+00  1.19982926E-01  2.30919733E-02
  5.00000000E-01  1.96179000E+00 -1.72147820E-01 -6.46220815E-02  3.09237490E-01  0.00000000E+00  1.20514039E-01  2.31212652E-02
  5.00000000E-01  1.96202500E+00 -1.74678631E-01 -6.51129908E-02  3.09218534E-01  0.00000000E+00  1.21042090E-01  2.31488954E-02
  5.00000000E-01  1.96226000E+00 -1.77214860E-01 -6.56026867E-02  3.09195712E-01  0.00000000E+00  1.21567085E-01  2.31748934E-02
  5.00000000E-01  1.96249500E+00 -1.79756588E-01 -6.60911920E-02  3.09169263E-01  0.00000000E+00  1.22089029E-01  2.31992884E-02
  5.00000000E-01  1.96273000E+00 -1.82303898E-01 -6.65785293E-02  3.09139428E-01  0.00000000E+00  1.22607927E-01  2.32221098E-02
  5.00000000E-01  1.96296500E+00 -1.84856871E-01 -6.70647214E-02  3.09106447E-01  0.00000000E+00  1.23123784E-01  2.32433869E-02
  5.00000000E-01  1.96320000E+00 -1.87415589E-01 -6.75497911E-02  3.09070559E-01  0.00000000E+00  1.23636604E-01  2.32631492E-02
  5.00000000E-01  1.96343500E+00 -1.89980133E-01 -6.80337610E-02  3.09032006E-01  0.00000000E+00  1.24146392E-01  2.32814259E-02
  5.00000000E-01  1.96367000E+00 -1.92550586E-01 -6.85166538E-02  3.08991026E-01  0.00000000E+00  1.24653155E-01  2.32982465E-02
  5.00000000E-01  1.96390500E+00 -1.95127028E-01 -6.89984924E-02  3.08947860E-01  0.00000000E+00  1.25156895E-01  2.33136402E-02
  5.00000000E-01  1.96414000E+00 -1.97709541E-01 -6.94792995E-02  3.08902748E-01  0.00000000E+00  1.25657619E-01  2.33276365E-02
  5.00000000E-01  1.96437500E+00 -2.00298208E-01 -6.99590977E-02  3.08855930E-01  0.00000000E+00  1.26155332E-01  2.33402646E-02
  5.00000000E-01  1.96461000E+00 -2.02893109E-01 -7.04379098E-02  3.08807647E-01  0.00000000E+00  1.26650038E-01  2.33515540E-02
  5.00000000E-01  1.96484500E+00 -2.05494327E-01 -7.09157585E-02  3.08758137E-01  0.00000000E+00  1.27141742E-01  2.33615340E-02
  5.00000000E-01  1.96508000E+00 -2.08101943E-01 -7.13926667E-02  3.08707641E-01  0.00000000E+00  1.27630449E-01  2.33702339E-02
  5.00000000E-01  1.96531500E+00 -2.10716039E-01 -7.18686569E-02  3.08656399E-01  0.00000000E+00  1.28116165E-01  2.33776832E-02
  5.00000000E-01  1.96555000E+00 -2.13336696E-01 -7.23437519E-02  3.08604651E-01  0.00000000E+00  1.28598893E-01  2.33839111E-02
  5.00000000E-01  1.96578500E+00 -2.15963997E-01 -7.28179745E-02  3.08552637E-01  0.00000000E+00  1.29078640E-01  2.33889470E-02
  5.00000000E-01  1.96602000E+00 -2.18598022E-01 -7.32913475E-02  3.08500597E-01  0.00000000E+00  1.29555410E-01  2.33928203E-02
  5.00000000E-01  1.96625500E+00 -2.21238854E-01 -7.37638934E-02  3.08448772E-01  0.00000000E+00  1.30029208E-01  2.33955603E-02
  5.00000000E-01  1.96649000E+00 -2.23886574E-01 -7.42356351E-02  3.08397401E-01  0.00000000E+00  1.30500039E-01  2.33971964E-02
  5.00000000E-01  1.96672500E+00 -2.26541264E-01 -7.47065952E-02  3.08346723E-01  0.00000000E+00  1.30967907E-01  2.33977579E-02
  5.00000000E-01  1.96696000E+00 -2.29203006E-01 -7.51767966E-02  3.08296981E-01  0.00000000E+00  1.31432819E-01  2.33972742E-02
  5.00000000E-01  1.96719500E+00 -2.31871880E-01 -7.56462620E-02  3.08248412E-01  0.00000000E+00  1.31894778E-01  2.33957747E-02
  5.00000000E-01  1.96743000E+00 -2.34547970E-01 -7.61150140E-02  3.08201258E-01  0.00000000E+00  1.32353790E-01  2.33932886E-02
  5.00000000E-01  1.96766500E+00 -2.37231356E-01 -7.65830754E-02  3.08155758E-01  0.00000000E+00  1.32809860E-01  2.33898454E-02
  5.00000000E-01  1.96790000E+00 -2.39922121E-01 -7.70504690E-02  3.08112152E-01  0.00000000E+00  1.33262993E-01  2.33854744E-02
  5.00000000E-01  1.96813500E+00 -2.42620345E-01 -7.75172174E-02  3.08070680E-01  0.00000000E+00  1.33713193E-01  2.33802050E-02
  5.00000000E-01  1.96837000E+00 -2.45326111E-01 -7.79833434E-02  3.08031583E-01  0.00000000E+00  1.34160465E-01  2.33740665E-02
  5.00000000E-01  1.96860500E+00 -2.48039500E-01 -7.84488698E-02  3.07995101E-01  0.00000000E+00  1.34604816E-01  2.33670882E-02
  5.00000000E-01  1.96884000E+00 -2.50760595E-01 -7.89138192E-02  3.07961473E-01  0.00000000E+00  1.35046248E-01  2.33592996E-02
  5.00000000E-01  1.96907500E+00 -2.53489475E-01 -7.93782145E-02  3.07930939E-01  0.00000000E+00  1.35484768E-01  2.33507300E-02
  5.00000000E-01  1.96931000E+00 -2.56226225E-01 -7.98420782E-02  3.07903740E-01  0.00000000E+00  1.35920381E-01  2.33414087E-02
  5.00000000E-01  1.96954500E+00 -2.58970924E-01 -8.03054333E-02  3.07880115E-01  0.00000000E+00  1.36353091E-01  2.33313651E-02
  5.00000000E-01  1.96978000E+00 -2.61723654E-01 -8.07683023E-02  3.07860305E-01  0.00000000E+00  1.36782903E-01  2.33206285E-02
  5.00000000E-01  1.97001500E+00 -2.64484499E-01 -8.12307080E-02  3.07844549E-01  0.00000000E+00  1.37209822E-01  2.33092284E-02
  5.00000000E-01  1.97025000E+00 -2.67253538E-01 -8.16926732E-02  3.07833088E-01  0.00000000E+00  1.37633853E-01  2.32971939E-02
  5.00000000E-01  1.97048500E+00 -2.70030854E-01 -8.21542205E-02  3.07826162E-01  0.00000000E+00  1.38055002E-01  2.32845546E-02
  5.00000000E-01  1.97072000E+00 -2.72816528E-01 -8.26153728E-02  3.07824010E-01  0.00000000E+00  1.38473273E-01  2.32713398E-02
  5.00000000E-01  1.97095500E+00 -2.75610642E-01 -8.30761527E-02  3.07826873E-01  0.00000000E+00  1.38888670E-01  2.32575788E-02
  5.00000000E-01  1.97119000E+00 -2.78413278E-01 -8.35365830E-02  3.07834990E-01  0.00000000E+00  1.39301200E-01  2.32433010E-02
  5.00000000E-01  1.97142500E+00 -2.81224517E-01 -8.39966864E-02  3.07848602E-01  0.00000000E+00  1.39710866E-01  2.32285356E-02
  5.00000000E-01  1.97166000E+00 -2.84044441E-01 -8.44564856E-02  3.07867949E-01  0.00000000E+00  1.40117675E-01  2.32133122E-02
  5.00000000E-01  1.97189500E+00 -2.86873133E-01 -8.49160034E-02  3.07893271E-01  0.00000000E+00  1.40521630E-01  2.31976600E-02
  5.00000000E-01  1.97213000E+00 -2.89710672E-01 -8.53752625E-02  3.07924808E-01  0.00000000E+00  1.40922737E-01  2.31816084E-02
  5.00000000E-01  1.97236500E+00 -2.92556598E-01 -8.58331870E-02  3.07952374E-01  0.00000000E+00  1.41320813E-01  2.31650659E-02
  5.00000000E-01  1.97260000E+00 -2.95407913E-01 -8.62836035E-02  3.07917414E-01  0.00000000E+00  1.41714745E-01  2.31473641E-02
  5.00000000E-01  1.97283500E+00 -2.98268026E-01 -8.67333801E-02  3.07885137E-01  0.00000000E+00  1.42105655E-01  2.31292629E-02
  5.00000000E-01  1.97307000E+00 -3.01136940E-01 -8.71825036E-02  3.07855473E-01  0.00000000E+00  1.42493523E-01  2.31107743E-02
  5.00000000E-01  1.97330500E+00 -3.04014656E-01 -8.76309611E-02  3.07828352E-01  0.00000000E+00  1.42878329E-01  2.30919104E-02
  5.00000000E-01  1.97354000E+00 -3.06901175E-01 -8.80787396E-02  3.07803701E-01  0.00000000E+00  1.43260054E-01  2.30726829E-02
  5.00000000E-01  1.97377500E+00 -3.09796498E-01 -8.85258259E-02  3.07781449E-01  0.00000000E+00  1.43638678E-01  2.30531039E-02
  5.00000000E-01  1.97401000E+00 -3.12700627E-01 -8.89722070E-02  3.07761526E-01  0.00000000E+00  1.44014182E-01  2.30331853E-02
  5.00000000E-01  1.97424500E+00 -3.15613563E-01 -8.94178699E-02  3.07743859E-01  0.00000000E+00  1.44386547E-01  2.30129391E-02
  5.00000000E-01  1.97448000E+00 -3.18535307E-01 -8.98628015E-02  3.07728378E-01  0.00000000E+00  1.44755752E-01  2.29923771E-02
  5.00000000E-01  1.97471500E+00 -3.21465861E-01 -9.03069888E-02  3.07715012E-01  0.00000000E+00  1.45121778E-01  2.29715114E-02
  5.00000000E-01  1.97495000E+00 -3.24405225E-01 -9.07504187E-02  3.07703689E-01  0.00000000E+00  1.45484607E-01  2.29503538E-02
  5.00000000E-01  1.97518500E+00 -3.27353401E-01 -9.11930781E-02  3.07694337E-01  0.00000000E+00  1.45844217E-01  2.29289164E-02
  5.00000000E-01  1.97542000E+00 -3.30310391E-01 -9.16349541E-02  3.07686887E-01  0.00000000E+00  1.46200590E-01  2.29072110E-02
  5.00000000E-01  1.97565500E+00 -3.33276196E-01 -9.20760336E-02  3.07681266E-01  0.00000000E+00  1.46553707E-01  2.28852496E-02
  5.00000000E-01  1.97589000E+00 -3.36250817E-01 -9.25163035E-02  3.07677404E-01  0.00000000E+00  1.46903547E-01  2.28630442E-02
  5.00000000E-01  1.97612500E+00 -3.39234255E-01 -9.29557508E-02  3.07675229E-01  0.00000000E+00  1.47250091E-01  2.28406066E-02
  5.00000000E-01  1.97636000E+00 -3.42226511E-01 -9.33943624E-02  3.07674670E-01  0.00000000E+00  1.47593320E-01  2.28179489E-02
  5.00000000E-01  1.97659500E+00 -3.45227588E-01 -9.38321254E-02  3.07675655E-01  0.00000000E+00  1.47933214E-01  2.27950830E-02
  5.00000000E-01  1.97683000E+00 -3.48237486E-01 -9.42690265E-02  3.07678114E-01  0.00000000E+00  1.48269754E-01  2.27720207E-02
  5.00000000E-01  1.97706500E+00 -3.51256206E-01 -9.47050529E-02  3.07681975E-01  0.00000000E+00  1.48602920E-01  2.27487741E-02
  5.00000000E-01  1.97730000E+00 -3.54283750E-01 -9.51401914E-02  3.07687167E-01  0.00000000E+00  1.48932692E-01  2.27253551E-02
  5.00000000E-01  1.97753500E+00 -3.57320119E-01 -9.55744290E-02  3.07693619E-01  0.00000000E+00  1.49259052E-01  2.27017757E-02
  5.00000000E-01  1.97777000E+00 -3.60365315E-01 -9.60077526E-02  3.07701260E-01  0.00000000E+00  1.49581979E-01  2.26780477E-02
  5.00000000E-01  1.97800500E+00 -3.63419338E-01 -9.64401492E-02  3.07710018E-01  0.00000000E+00  1.49901454E-01  2.26541832E-02
  5.00000000E-01  1.97824000E+00 -3.66482190E-01 -9.68716058E-02  3.07719822E-01  0.00000000E+00  1.50217458E-01  2.26301940E-02
  5.00000000E-01  1.97847500E+00 -3.69553873E-01 -9.73021093E-02  3.07730601E-01  0.00000000E+00  1.50529970E-01  2.26060921E-02
  5.00000000E-01  1.97871000E+00 -3.72634387E-01 -9.77316467E-02  3.07742284E-01  0.00000000E+00  1.50838972E-01  2.25818895E-02
  5.00000000E-01  1.97894500E+00 -3.75723734E-01 -9.81602049E-02  3.07754799E-01  0.00000000E+00  1.51144444E-01  2.25575981E-02
  5.00000000E-01  1.97918000E+00 -3.78821915E-01 -9.85877708E-02  3.07768075E-01  0.00000000E+00  1.51446367E-01  2.25332298E-02
  5.00000000E-01  1.97941500E+00 -3.81928932E-01 -9.90143315E-02  3.07782041E-01  0.00000000E+00  1.51744720E-01  2.25087966E-02
  5.00000000E-01  1.97965000E+00 -3.85044785E-01 -9.94398738E-02  3.07796627E-01  0.00000000E+00  1.52039485E-01  2.24843104E-02
  5.00000000E-01  1.97988500E+00 -3.88169477E-01 -9.98643847E-02  3.07811759E-01  0.00000000E+00  1.52330642E-01  2.24597832E-02
  5.00000000E-01  1.98012000E+00 -3.91303008E-01 -1.00287851E-01  3.07827368E-01  0.00000000E+00  1.52618171E-01  2.24352269E-02
  5.00000000E-01  1.98035500E+00 -3.94445380E-01 -1.00710260E-01  3.07843382E-01  0.00000000E+00  1.52902053E-01  2.24106534E-02
  5.00000000E-01  1.98059000E+00 -3.97596593E-01 -1.01131599E-01  3.07859730E-01  0.00000000E+00  1.53182268E-01  2.23860747E-02
  5.00000000E-01  1.98082500E+00 -4.00756650E-01 -1.01551854E-01  3.07876341E-01  0.00000000E+00  1.53458797E-01  2.23615028E-02
  5.00000000E-01  1.98106000E+00 -4.03925552E-01 -1.01971012E-01  3.07893143E-01  0.00000000E+00  1.53731621E-01  2.23369495E-02
  5.00000000E-01  1.98129500E+00 -4.07103299E-01 -1.02389061E-01  3.07910066E-01  0.00000000E+00  1.54000719E-01  2.23124269E-02
  5.00000000E-01  1.98153000E+00 -4.10289893E-01 -1.02805987E-01  3.07927037E-01  0.00000000E+00  1.54266073E-01  2.22879468E-02
  5.00000000E-01  1.98176500E+00 -4.13485336E-01 -1.03221777E-01  3.07943986E-01  0.00000000E+00  1.54527662E-01  2.22635212E-02
  5.00000000E-01  1.98200000E+00 -4.16689629E-01 -1.03636418E-01  3.07960842E-01  0.00000000E+00  1.54785467E-01  2.22391620E-02
  5.00000000E-01  1.98223500E+00 -4.19902773E-01 -1.04049898E-01  3.07977533E-01  0.00000000E+00  1.55039470E-01  2.22148813E-02
  5.00000000E-01  1.98247000E+00 -4.23124769E-01 -1.04462202E-01  3.07993988E-01  0.00000000E+00  1.55289649E-01  2.21906909E-02
  5.00000000E-01  1.98270500E+00 -4.26355619E-01 -1.04873319E-01  3.08010136E-01  0.00000000E+00  1.55535986E-01  2.21666027E-02
  5.00000000E-01  1.98294000E+00 -4.29595323E-01 -1.05283234E-01  3.08025905E-01  0.00000000E+00  1.55778462E-01  2.21426288E-02
  5.00000000E-01  1.98317500E+00 -4.32843884E-01 -1.05691936E-01  3.08041225E-01  0.00000000E+00  1.56017055E-01  2.21187810E-02
  5.00000000E-01  1.98341000E+00 -4.36101303E-01 -1.06099410E-01  3.08056025E-01  0.00000000E+00  1.56251749E-01  2.20950714E-02
  5.00000000E-01  1.98364500E+00 -4.39367580E-01 -1.06505645E-01  3.08070232E-01  0.00000000E+00  1.56482521E-01  2.20715117E-02
  5.00000000E-01  1.98388000E+00 -4.42642717E-01 -1.06910626E-01  3.08083776E-01  0.00000000E+00  1.56709354E-01  2.20481141E-02
  5.00000000E-01  1.98411500E+00 -4.45926716E-01 -1.07314341E-01  3.08096585E-01  0.00000000E+00  1.56932227E-01  2.20248904E-02
  5.00000000E-01  1.98435000E+00 -4.49219578E-01 -1.07716776E-01  3.08108589E-01  0.00000000E+00  1.57151122E-01  2.20018525E-02
  5.00000000E-01  1.98458500E+00 -4.52521304E-01 -1.08117920E-01  3.08119716E-01  0.00000000E+00  1.57366018E-01  2.19790125E-02
  5.00000000E-01  1.98482000E+00 -4.55830149E-01 -1.08518949E-01  3.08144213E-01  0.00000000E+00  1.57576795E-01  2.19561577E-02
  5.00000000E-01  1.98505500E+00 -4.59146840E-01 -1.08919393E-01  3.08176209E-01  0.00000000E+00  1.57783375E-01  2.19333757E-02
  5.00000000E-01  1.98529000E+00 -4.62472241E-01 -1.09318629E-01  3.08208277E-01  0.00000000E+00  1.57985770E-01  2.19107863E-02
  5.00000000E-01  1.98552500E+00 -4.65806297E-01 -1.09716651E-01  3.08240440E-01  0.00000000E+00  1.58183959E-01  2.18883945E-02
  5.00000000E-01  1.98576000E+00 -4.69148953E-01 -1.10113449E-01  3.08272718E-01  0.00000000E+00  1.58377922E-01  2.18662057E-02
  5.00000000E-01  1.98599500E+00 -4.72500154E-01 -1.10509017E-01  3.08305134E-01  0.00000000E+00  1.58567638E-01  2.18442252E-02
  5.00000000E-01  1.98623000E+00 -4.75859844E-01 -1.10903347E-01  3.08337711E-01  0.00000000E+00  1.58753086E-01  2.18224582E-02
  5.00000000E-01  1.98646500E+00 -4.79227970E-01 -1.11296432E-01  3.08370471E-01  0.00000000E+00  1.58934245E-01  2.18009101E-02
  5.00000000E-01  1.98670000E+00 -4.82604475E-01 -1.11688262E-01  3.08403435E-01  0.00000000E+00  1.59111095E-01  2.17795860E-02
  5.00000000E-01  1.98693500E+00 -4.85989306E-01 -1.12078832E-01  3.08436625E-01  0.00000000E+00  1.59283615E-01  2.17584914E-02
  5.00000000E-01  1.98717000E+00 -4.89382408E-01 -1.12468133E-01  3.08470064E-01  0.00000000E+00  1.59451785E-01  2.17376314E-02
  5.00000000E-01  1.98740500E+00 -4.92783725E-01 -1.12856157E-01  3.08503775E-01  0.00000000E+00  1.59615583E-01  2.17170113E-02
  5.00000000E-01  1.98764000E+00 -4.96193202E-01 -1.13242898E-01  3.08537778E-01  0.00000000E+00  1.59774990E-01  2.16966365E-02
  5.00000000E-01  1.98787500E+00 -4.99610785E-01 -1.13628346E-01  3.08572096E-01  0.00000000E+00  1.59929983E-01  2.16765121E-02
  5.00000000E-01  1.98811000E+00 -5.03036419E-01 -1.14012496E-01  3.08606751E-01  0.00000000E+00  1.60080544E-01  2.16566435E-02
  5.00000000E-01  1.98834500E+00 -5.06470049E-01 -1.14395338E-01  3.08641765E-01  0.00000000E+00  1.60226650E-01  2.16370360E-02
  5.00000000E-01  1.98858000E+00 -5.09911620E-01 -1.14776866E-01  3.08677161E-01  0.00000000E+00  1.60368282E-01  2.16176947E-02
  5.00000000E-01  1.98881500E+00 -5.13361077E-01 -1.15157071E-01  3.08712960E-01  0.00000000E+00  1.60505419E-01  2.15986251E-02
  5.00000000E-01  1.98905000E+00 -5.16818365E-01 -1.15535946E-01  3.08749185E-01  0.00000000E+00  1.60638040E-01  2.15798324E-02
  5.00000000E-01  1.98928500E+00 -5.20283430E-01 -1.15913484E-01  3.08785857E-01  0.00000000E+00  1.60766124E-01  2.15613218E-02
  5.00000000E-01  1.98952000E+00 -5.23756215E-01 -1.16289676E-01  3.08822999E-01  0.00000000E+00  1.60889650E-01  2.15430987E-02
  5.00000000E-01  1.98975500E+00 -5.27236668E-01 -1.16664516E-01  3.08860633E-01  0.00000000E+00  1.61008599E-01  2.15251683E-02
  5.00000000E-01  1.98999000E+00 -5.30724732E-01 -1.17037995E-01  3.08898781E-01  0.00000000E+00  1.61122949E-01  2.15075358E-02
  5.00000000E-01  1.99022500E+00 -5.34220352E-01 -1.17410105E-01  3.08937464E-01  0.00000000E+00  1.61232679E-01  2.14902067E-02
  5.00000000E-01  1.99046000E+00 -5.37723475E-01 -1.17780840E-01  3.08976706E-01  0.00000000E+00  1.61337770E-01  2.14731861E-02
  5.00000000E-01  1.99069500E+00 -5.41234044E-01 -1.18150191E-01  3.09016528E-01  0.00000000E+00  1.61438199E-01  2.14564793E-02
  5.00000000E-01  1.99093000E+00 -5.44752006E-01 -1.18518151E-01  3.09056952E-01  0.00000000E+00  1.61533948E-01  2.14400916E-02
  5.00000000E-01  1.99116500E+00 -5.48277304E-01 -1.18884712E-01  3.09098001E-01  0.00000000E+00  1.61624994E-01  2.14240283E-02
  5.00000000E-01  1.99140000E+00 -5.51809885E-01 -1.19249867E-01  3.09139696E-01  0.00000000E+00  1.61711317E-01  2.14082947E-02
  5.00000000E-01  1.99163500E+00 -5.55349693E-01 -1.19613607E-01  3.09182060E-01  0.00000000E+00  1.61792897E-01  2.13928960E-02
  5.00000000E-01  1.99187000E+00 -5.58896674E-01 -1.19975925E-01  3.09225114E-01  0.00000000E+00  1.61869713E-01  2.13778375E-02
  5.00000000E-01  1.99210500E+00 -5.62450772E-01 -1.20336814E-01  3.09268881E-01  0.00000000E+00  1.61941744E-01  2.13631245E-02
  5.00000000E-01  1.99234000E+00 -5.66011933E-01 -1.20696266E-01  3.09313383E-01  0.00000000E+00  1.62008970E-01  2.13487623E-02
  5.00000000E-01  1.99257500E+00 -5.69580101E-01 -1.21054273E-01  3.09358642E-01  0.00000000E+00  1.62071369E-01  2.13347562E-02
  5.00000000E-01  1.99281000E+00 -5.73155222E-01 -1.21410828E-01  3.09404680E-01  0.00000000E+00  1.62128922E-01  2.13211113E-02
  5.00000000E-01  1.99304500E+00 -5.76737242E-01 -1.21765922E-01  3.09451519E-01  0.00000000E+00  1.62181607E-01  2.13078331E-02
  5.00000000E-01  1.99328000E+00 -5.80326104E-01 -1.22119549E-01  3.09499182E-01  0.00000000E+00  1.62229403E-01  2.12949267E-02
  5.00000000E-01  1.99351500E+00 -5.83921754E-01 -1.22471701E-01  3.09547689E-01  0.00000000E+00  1.62272291E-01  2.12823976E-02
  5.00000000E-01  1.99375000E+00 -5.87524138E-01 -1.22822369E-01  3.09597065E-01  0.00000000E+00  1.62310250E-01  2.12702508E-02
  5.00000000E-01  1.99398500E+00 -5.91133200E-01 -1.23171546E-01  3.09647329E-01  0.00000000E+00  1.62343258E-01  2.12584918E-02
  5.00000000E-01  1.99422000E+00 -5.94748885E-01 -1.23519225E-01  3.09698506E-01  0.00000000E+00  1.62371295E-01  2.12471257E-02
  5.00000000E-01  1.99445500E+00 -5.98371139E-01 -1.23865398E-01  3.09750616E-01  0.00000000E+00  1.62394341E-01  2.12361580E-02
  5.00000000E-01  1.99469000E+00 -6.01999907E-01 -1.24210058E-01  3.09803682E-01  0.00000000E+00  1.62412375E-01  2.12255938E-02
  5.00000000E-01  1.99492500E+00 -6.05635134E-01 -1.24553196E-01  3.09857725E-01  0.00000000E+00  1.62425375E-01  2.12154384E-02
  5.00000000E-01  1.99516000E+00 -6.09276764E-01 -1.24894805E-01  3.09912769E-01  0.00000000E+00  1.62433322E-01  2.12056971E-02
  5.00000000E-01  1.99539500E+00 -6.12924743E-01 -1.25234877E-01  3.09968835E-01  0.00000000E+00  1.62436195E-01  2.11963752E-02
  5.00000000E-01  1.99563000E+00 -6.16579017E-01 -1.25573406E-01  3.10025945E-01  0.00000000E+00  1.62433972E-01  2.11874780E-02
  5.00000000E-01  1.99586500E+00 -6.20239529E-01 -1.25910382E-01  3.10084122E-01  0.00000000E+00  1.62426634E-01  2.11790107E-02
  5.00000000E-01  1.99610000E+00 -6.23906226E-01 -1.26245798E-01  3.10143387E-01  0.00000000E+00  1.62414160E-01  2.11709787E-02
  5.00000000E-01  1.99633500E+00 -6.27579052E-01 -1.26579647E-01  3.10203762E-01  0.00000000E+00  1.62396528E-01  2.11633871E-02
  5.00000000E-01  1.99657000E+00 -6.31257953E-01 -1.26911922E-01  3.10265270E-01  0.00000000E+00  1.62373719E-01  2.11562413E-02
  5.00000000E-01  1.99680500E+00 -6.34942873E-01 -1.27242614E-01  3.10327933E-01  0.00000000E+00  1.62345712E-01  2.11495465E-02
  5.00000000E-01  1.99704000E+00 -6.38633411E-01 -1.27571530E-01  3.10391001E-01  0.00000000E+00  1.62312678E-01  2.11433008E-02
  5.00000000E-01  1.99727500E+00 -6.42328131E-01 -1.27897933E-01  3.10451232E-01  0.00000000E+00  1.62275278E-01  2.11374696E-02
  5.00000000E-01  1.99751000E+00 -6.46028613E-01 -1.28222695E-01  3.10512197E-01  0.00000000E+00  1.62232520E-01  2.11320861E-02
  5.00000000E-01  1.99774500E+00 -6.49734758E-01 -1.28545802E-01  3.10573899E-01  0.00000000E+00  1.62184412E-01  2.11271547E-02
  5.00000000E-01  1.99798000E+00 -6.53446471E-01 -1.28867237E-01  3.10636343E-01  0.00000000E+00  1.62130961E-01  2.11226801E-02
  5.00000000E-01  1.99821500E+00 -6.57163655E-01 -1.29186985E-01  3.10699531E-01  0.00000000E+00  1.62072173E-01  2.11186668E-02
  5.00000000E-01  1.99845000E+00 -6.60886211E-01 -1.29505030E-01  3.10763467E-01  0.00000000E+00  1.62008057E-01  2.11151195E-02
  5.00000000E-01  1.99868500E+00 -6.64614044E-01 -1.29821355E-01  3.10828155E-01  0.00000000E+00  1.61938617E-01  2.11120428E-02
  5.00000000E-01  1.99892000E+00 -6.68347056E-01 -1.30135945E-01  3.10893598E-01  0.00000000E+00  1.61863862E-01  2.11094412E-02
  5.00000000E-01  1.99915500E+00 -6.72085150E-01 -1.30448784E-01  3.10959800E-01  0.00000000E+00  1.61783798E-01  2.11073193E-02
  5.00000000E-01  1.99939000E+00 -6.75828230E-01 -1.30759856E-01  3.11026764E-01  0.00000000E+00  1.61698432E-01  2.11056817E-02
  5.00000000E-01  1.99962500E+00 -6.79576198E-01 -1.31069145E-01  3.11094494E-01  0.00000000E+00  1.61607771E-01  2.11045331E-02
  5.00000000E-01  1.99986000E+00 -6.83328958E-01 -1.31376635E-01  3.11162994E-01  0.00000000E+00  1.61511822E-01  2.11038780E-02
  5.00000000E-01  2.00009500E+00 -6.87086412E-01 -1.31682311E-01  3.11232265E-01  0.00000000E+00  1.61410591E-01  2.11037210E-02
  5.00000000E-01  2.00033000E+00 -6.90848463E-01 -1.31986156E-01  3.11302314E-01  0.00000000E+00  1.61304086E-01  2.11040667E-02
  5.00000000E-01  2.00056500E+00 -6.94615015E-01 -1.32288154E-01  3.11373142E-01  0.00000000E+00  1.61192313E-01  2.11049197E-02
  5.00000000E-01  2.00080000E+00 -6.98385970E-01 -1.32588290E-01  3.11444753E-01  0.00000000E+00  1.61075279E-01  2.11062845E-02
  5.00000000E-01  2.00103500E+00 -7.02161232E-01 -1.32886548E-01  3.11517152E-01  0.00000000E+00  1.60952991E-01  2.11081659E-02
  5.00000000E-01  2.00127000E+00 -7.05940703E-01 -1.33182912E-01  3.11590340E-01  0.00000000E+00  1.60825456E-01  2.11105683E-02
  5.00000000E-01  2.00150500E+00 -7.09724287E-01 -1.33477366E-01  3.11664323E-01  0.00000000E+00  1.60692681E-01  2.11134964E-02
  5.00000000E-01  2.00174000E+00 -7.13511886E-01 -1.33769893E-01  3.11739103E-01  0.00000000E+00  1.60554673E-01  2.11169547E-02
  5.00000000E-01  2.00197500E+00 -7.17303404E-01 -1.34060479E-01  3.11814684E-01  0.00000000E+00  1.60411438E-01  2.11209479E-02
  5.00000000E-01  2.00221000E+00 -7.21098743E-01 -1.34349107E-01  3.11891070E-01  0.00000000E+00  1.60262983E-01  2.11254806E-02
  5.00000000E-01  2.00244500E+00 -7.24897807E-01 -1.34635761E-01  3.11968263E-01  0.00000000E+00  1.60109316E-01  2.11305573E-02
  5.00000000E-01  2.00268000E+00 -7.28700499E-01 -1.34920426E-01  3.12046268E-01  0.00000000E+00  1.59950442E-01  2.11361826E-02
  5.00000000E-01  2.00291500E+00 -7.32506721E-01 -1.35203085E-01  3.12125088E-01  0.00000000E+00  1.59786370E-01  2.11423611E-02
  5.00000000E-01  2.00315000E+00 -7.36316377E-01 -1.35483723E-01  3.12204727E-01  0.00000000E+00  1.59617106E-01  2.11490975E-02
  5.00000000E-01  2.00338500E+00 -7.40129369E-01 -1.35762324E-01  3.12285187E-01  0.00000000E+00  1.59442656E-01  2.11563963E-02
  5.00000000E-01  2.00362000E+00 -7.43945602E-01 -1.36038871E-01  3.12366474E-01  0.00000000E+00  1.59263028E-01  2.11642621E-02
  5.00000000E-01  2.00385500E+00 -7.47764977E-01 -1.36313349E-01  3.12448589E-01  0.00000000E+00  1.59078228E-01  2.11726995E-02
  5.00000000E-01  2.00409000E+00 -7.51587397E-01 -1.36585743E-01  3.12531537E-01  0.00000000E+00  1.58888264E-01  2.11817130E-02
  5.00000000E-01  2.00432500E+00 -7.55412766E-01 -1.36856035E-01  3.12615322E-01  0.00000000E+00  1.58693141E-01  2.11913074E-02
  5.00000000E-01  2.00456000E+00 -7.59240987E-01 -1.37124211E-01  3.12699945E-01  0.00000000E+00  1.58492868E-01  2.12014871E-02
  5.00000000E-01  2.00479500E+00 -7.63071963E-01 -1.37390254E-01  3.12785413E-01  0.00000000E+00  1.58287450E-01  2.12122569E-02
  5.00000000E-01  2.00503000E+00 -7.66905597E-01 -1.37654148E-01  3.12871726E-01  0.00000000E+00  1.58076896E-01  2.12236211E-02
  5.00000000E-01  2.00526500E+00 -7.70741791E-01 -1.37915878E-01  3.12958890E-01  0.00000000E+00  1.57861211E-01  2.12355846E-02
  5.00000000E-01  2.00550000E+00 -7.74580449E-01 -1.38175427E-01  3.13046908E-01  0.00000000E+00  1.57640402E-01  2.12481518E-02
  5.00000000E-01  2.00573500E+00 -7.78421474E-01 -1.38432780E-01  3.13135783E-01  0.00000000E+00  1.57414477E-01  2.12613273E-02
  5.00000000E-01  2.00597000E+00 -7.82264769E-01 -1.38687921E-01  3.13225519E-01  0.00000000E+00  1.57183441E-01  2.12751158E-02
  5.00000000E-01  2.00620500E+00 -7.86110237E-01 -1.38940834E-01  3.13316120E-01  0.00000000E+00  1.56947303E-01  2.12895218E-02
  5.00000000E-01  2.00644000E+00 -7.89957781E-01 -1.39191502E-01  3.13407588E-01  0.00000000E+00  1.56706069E-01  2.13045499E-02
  5.00000000E-01  2.00667500E+00 -7.93807303E-01 -1.39439911E-01  3.13499927E-01  0.00000000E+00  1.56459746E-01  2.13202048E-02
  5.00000000E-01  2.00691000E+00 -7.97658708E-01 -1.39686044E-01  3.13593142E-01  0.00000000E+00  1.56208340E-01  2.13364909E-02
  5.00000000E-01  2.00714500E+00 -8.01511897E-01 -1.39929886E-01  3.13687234E-01  0.00000000E+00  1.55951859E-01  2.13534130E-02
  5.00000000E-01  2.00738000E+00 -8.05366774E-01 -1.40171419E-01  3.13782209E-01  0.00000000E+00  1.55690309E-01  2.13709756E-02
  5.00000000E-01  2.00761500E+00 -8.09223243E-01 -1.40410630E-01  3.13878069E-01  0.00000000E+00  1.55423698E-01  2.13891832E-02
  5.00000000E-01  2.00785000E+00 -8.13081205E-01 -1.40647500E-01  3.13974818E-01  0.00000000E+00  1.55152031E-01  2.14080406E-02
  5.00000000E-01  2.00808500E+00 -8.16940564E-01 -1.40882016E-01  3.14072460E-01  0.00000000E+00  1.54875317E-01  2.14275522E-02
  5.00000000E-01  2.00832000E+00 -8.20801224E-01 -1.41114160E-01  3.14170998E-01  0.00000000E+00  1.54593561E-01  2.14477227E-02
  5.00000000E-01  2.00855500E+00 -8.24663086E-01 -1.41343917E-01  3.14270435E-01  0.00000000E+00  1.54306771E-01  2.14685567E-02
  5.00000000E-01  2.00879000E+00 -8.28526055E-01 -1.41571272E-01  3.14370775E-01  0.00000000E+00  1.54014954E-01  2.14900587E-02
  5.00000000E-01  2.00902500E+00 -8.32390032E-01 -1.41796207E-01  3.14472022E-01  0.00000000E+00  1.53718116E-01  2.15122334E-02
  5.00000000E-01  2.00926000E+00 -8.36254922E-01 -1.42018707E-01  3.14574179E-01  0.00000000E+00  1.53416264E-01  2.15350853E-02
  5.00000000E-01  2.00949500E+00 -8.40119385E-01 -1.42239069E-01  3.14674371E-01  0.00000000E+00  1.53110941E-01  2.15587108E-02
  5.00000000E-01  2.00973000E+00 -8.43984005E-01 -1.42457076E-01  3.14774276E-01  0.00000000E+00  1.52801332E-01  2.15830670E-02
  5.00000000E-01  2.00996500E+00 -8.47849213E-01 -1.42672567E-01  3.14875209E-01  0.00000000E+00  1.52486796E-01  2.16081205E-02
  5.00000000E-01  2.01020000E+00 -8.51714869E-01 -1.42885533E-01  3.14977157E-01  0.00000000E+00  1.52167390E-01  2.16338796E-02
  5.00000000E-01  2.01043500E+00 -8.55580832E-01 -1.43095961E-01  3.15080107E-01  0.00000000E+00  1.51843173E-01  2.16603526E-02
  5.00000000E-01  2.01067000E+00 -8.59446963E-01 -1.43303840E-01  3.15184047E-01  0.00000000E+00  1.51514203E-01  2.16875477E-02
  5.00000000E-01  2.01090500E+00 -8.63313122E-01 -1.43509159E-01  3.15288963E-01  0.00000000E+00  1.51180538E-01  2.17154730E-02
  5.00000000E-01  2.01114000E+00 -8.67179170E-01 -1.43711907E-01  3.15394844E-01  0.00000000E+00  1.50842236E-01  2.17441369E-02
  5.00000000E-01  2.01137500E+00 -8.71044967E-01 -1.43912072E-01  3.15501676E-01  0.00000000E+00  1.50499355E-01  2.17735476E-02
  5.00000000E-01  2.01161000E+00 -8.74910373E-01 -1.44109644E-01  3.15609447E-01  0.00000000E+00  1.50151952E-01  2.18037133E-02
  5.00000000E-01  2.01184500E+00 -8.78775249E-01 -1.44304611E-01  3.15718145E-01  0.00000000E+00  1.49800087E-01  2.18346422E-02
  5.00000000E-01  2.01208000E+00 -8.82639454E-01 -1.44496961E-01  3.15827757E-01  0.00000000E+00  1.49443816E-01  2.18663427E-02
  5.00000000E-01  2.01231500E+00 -8.86502850E-01 -1.44686684E-01  3.15938270E-01  0.00000000E+00  1.49083199E-01  2.18988228E-02
  5.00000000E-01  2.01255000E+00 -8.90365296E-01 -1.44873769E-01  3.16049671E-01  0.00000000E+00  1.48718293E-01  2.19320910E-02
  5.00000000E-01  2.01278500E+00 -8.94226652E-01 -1.45058203E-01  3.16161949E-01  0.00000000E+00  1.48349155E-01  2.19661553E-02
  5.00000000E-01  2.01302000E+00 -8.98086780E-01 -1.45239975E-01  3.16275090E-01  0.00000000E+00  1.47975845E-01  2.20010241E-02
  5.00000000E-01  2.01325500E+00 -9.01945539E-01 -1.45419076E-01  3.16389082E-01  0.00000000E+00  1.47598420E-01  2.20367056E-02
  5.00000000E-01  2.01349000E+00 -9.05802790E-01 -1.45595492E-01  3.16503912E-01  0.00000000E+00  1.47216938E-01  2.20732079E-02
  5.00000000E-01  2.01372500E+00 -9.09658392E-01 -1.45769214E-01  3.16619568E-01  0.00000000E+00  1.46831458E-01  2.21105394E-02
  5.00000000E-01  2.01396000E+00 -9.13512207E-01 -1.45940229E-01  3.16736036E-01  0.00000000E+00  1.46442036E-01  2.21487083E-02
  5.00000000E-01  2.01419500E+00 -9.17364094E-01 -1.46108526E-01  3.16853305E-01  0.00000000E+00  1.46048732E-01  2.21877229E-02
  5.00000000E-01  2.01443000E+00 -9.21213915E-01 -1.46274095E-01  3.16971362E-01  0.00000000E+00  1.45651603E-01  2.22275912E-02
  5.00000000E-01  2.01466500E+00 -9.25061528E-01 -1.46436923E-01  3.17090194E-01  0.00000000E+00  1.45250707E-01  2.22683217E-02
  5.00000000E-01  2.01490000E+00 -9.28906795E-01 -1.46597000E-01  3.17209788E-01  0.00000000E+00  1.44846103E-01  2.23099225E-02
  5.00000000E-01  2.01513500E+00 -9.32749575E-01 -1.46754314E-01  3.17330132E-01  0.00000000E+00  1.44437848E-01  2.23524019E-02
  5.00000000E-01  2.01537000E+00 -9.36589729E-01 -1.46908855E-01  3.17451214E-01  0.00000000E+00  1.44026000E-01  2.23957681E-02
  5.00000000E-01  2.01560500E+00 -9.40427118E-01 -1.47060610E-01  3.17573020E-01  0.00000000E+00  1.43610618E-01  2.24400293E-02
  5.00000000E-01  2.01584000E+00 -9.44261602E-01 -1.47209569E-01  3.17695538E-01  0.00000000E+00  1.43191760E-01  2.24851938E-02
  5.00000000E-01  2.01607500E+00 -9.48093040E-01 -1.47355720E-01  3.17818756E-01  0.00000000E+00  1.42769482E-01  2.25312699E-02
  5.00000000E-01  2.01631000E+00 -9.51921294E-01 -1.47499053E-01  3.17942661E-01  0.00000000E+00  1.42343844E-01  2.25782656E-02
  5.00000000E-01  2.01654500E+00 -9.55746223E-01 -1.47639555E-01  3.18067240E-01  0.00000000E+00  1.41914904E-01  2.26261894E-02
  5.00000000E-01  2.01678000E+00 -9.59567688E-01 -1.47777216E-01  3.18192480E-01  0.00000000E+00  1.41482719E-01  2.26750494E-02
  5.00000000E-01  2.01701500E+00 -9.63385549E-01 -1.47912024E-01  3.18318370E-01  0.00000000E+00  1.41047348E-01  2.27248539E-02
  5.00000000E-01  2.01725000E+00 -9.67199666E-01 -1.48043967E-01  3.18444896E-01  0.00000000E+00  1.40608849E-01  2.27756110E-02
  5.00000000E-01  2.01748500E+00 -9.71009900E-01 -1.48173036E-01  3.18572046E-01  0.00000000E+00  1.40167279E-01  2.28273291E-02
  5.00000000E-01  2.01772000E+00 -9.74816112E-01 -1.48299218E-01  3.18699807E-01  0.00000000E+00  1.39722697E-01  2.28800164E-02
  5.00000000E-01  2.01795500E+00 -9.78618160E-01 -1.48422503E-01  3.18828167E-01  0.00000000E+00  1.39275160E-01  2.29336810E-02
  5.00000000E-01  2.01819000E+00 -9.82415907E-01 -1.48542878E-01  3.18957112E-01  0.00000000E+00  1.38824727E-01  2.29883314E-02
  5.00000000E-01  2.01842500E+00 -9.86209211E-01 -1.48660333E-01  3.19086631E-01  0.00000000E+00  1.38371456E-01  2.30439756E-02
  5.00000000E-01  2.01866000E+00 -9.89997933E-01 -1.48774857E-01  3.19216711E-01  0.00000000E+00  1.37915405E-01  2.31006219E-02
  5.00000000E-01  2.01889500E+00 -9.93781935E-01 -1.48886438E-01  3.19347339E-01  0.00000000E+00  1.37456631E-01  2.31582786E-02
  5.00000000E-01  2.01913000E+00 -9.97561074E-01 -1.48995065E-01  3.19478502E-01  0.00000000E+00  1.36995193E-01  2.32169538E-02
  5.00000000E-01  2.01936500E+00 -1.00133521E+00 -1.49100726E-01  3.19610189E-01  0.00000000E+00  1.36531149E-01  2.32766559E-02
  5.00000000E-01  2.01960000E+00 -1.00510421E+00 -1.49203411E-01  3.19742386E-01  0.00000000E+00  1.36064557E-01  2.33373931E-02
  5.00000000E-01  2.01983500E+00 -1.00886793E+00 -1.49303108E-01  3.19875080E-01  0.00000000E+00  1.35595475E-01  2.33991736E-02
  5.00000000E-01  2.02007000E+00 -1.01262623E+00 -1.49399806E-01  3.20008259E-01  0.00000000E+00  1.35123961E-01  2.34620056E-02
  5.00000000E-01  2.02030500E+00 -1.01637897E+00 -1.49493494E-01  3.20141911E-01  0.00000000E+00  1.34650072E-01  2.35258974E-02
  5.00000000E-01  2.02054000E+00 -1.02012601E+00 -1.49584160E-01  3.20276023E-01  0.00000000E+00  1.34173868E-01  2.35908572E-02
  5.00000000E-01  2.02077500E+00 -1.02386721E+00 -1.49671793E-01  3.20410583E-01  0.00000000E+00  1.33695406E-01  2.36568932E-02
  5.00000000E-01  2.02101000E+00 -1.02760243E+00 -1.49756382E-01  3.20545576E-01  0.00000000E+00  1.33214744E-01  2.37240138E-02
  5.00000000E-01  2.02124500E+00 -1.03133153E+00 -1.49837915E-01  3.20680992E-01  0.00000000E+00  1.32731939E-01  2.37922270E-02
  5.00000000E-01  2.02148000E+00 -1.03505438E+00 -1.49916382E-01  3.20816817E-01  0.00000000E+00  1.32247051E-01  2.38615412E-02
  5.00000000E-01  2.02171500E+00 -1.03877089E+00 -1.49992216E-01  3.20952086E-01  0.00000000E+00  1.31760333E-01  2.39319463E-02
  5.00000000E-01  2.02195000E+00 -1.04248089E+00 -1.50066668E-01  3.21084448E-01  0.00000000E+00  1.31272595E-01  2.40034401E-02
  5.00000000E-01  2.02218500E+00 -1.04618376E+00 -1.50138016E-01  3.21217819E-01  0.00000000E+00  1.30783282E-01  2.40761281E-02
  5.00000000E-01  2.02242000E+00 -1.04987937E+00 -1.50206275E-01  3.21352170E-01  0.00000000E+00  1.30292474E-01  2.41500162E-02
  5.00000000E-01  2.02265500E+00 -1.05356756E+00 -1.50271460E-01  3.21487468E-01  0.00000000E+00  1.29800256E-01  2.42251101E-02
  5.00000000E-01  2.02289000E+00 -1.05724820E+00 -1.50333584E-01  3.21623686E-01  0.00000000E+00  1.29306708E-01  2.43014156E-02
  5.00000000E-01  2.02312500E+00 -1.06092114E+00 -1.50392662E-01  3.21760792E-01  0.00000000E+00  1.28811913E-01  2.43789384E-02
  5.00000000E-01  2.02336000E+00 -1.06458624E+00 -1.50448708E-01  3.21898756E-01  0.00000000E+00  1.28315953E-01  2.44576843E-02
  5.00000000E-01  2.02359500E+00 -1.06824333E+00 -1.50501736E-01  3.22037549E-01  0.00000000E+00  1.27818910E-01  2.45376591E-02
  5.00000000E-01  2.02383000E+00 -1.07189229E+00 -1.50551761E-01  3.22177139E-01  0.00000000E+00  1.27320867E-01  2.46188685E-02
  5.00000000E-01  2.02406500E+00 -1.07553297E+00 -1.50598796E-01  3.22317497E-01  0.00000000E+00  1.26821906E-01  2.47013184E-02
  5.00000000E-01  2.02430000E+00 -1.07916522E+00 -1.50642855E-01  3.22458592E-01  0.00000000E+00  1.26322108E-01  2.47850144E-02
  5.00000000E-01  2.02453500E+00 -1.08278889E+00 -1.50683954E-01  3.22600395E-01  0.00000000E+00  1.25821557E-01  2.48699624E-02
  5.00000000E-01  2.02477000E+00 -1.08640384E+00 -1.50722105E-01  3.22742876E-01  0.00000000E+00  1.25320333E-01  2.49561681E-02
  5.00000000E-01  2.02500500E+00 -1.09000993E+00 -1.50757324E-01  3.22886003E-01  0.00000000E+00  1.24818520E-01  2.50436373E-02
  5.00000000E-01  2.02524000E+00 -1.09360700E+00 -1.50789625E-01  3.23029747E-01  0.00000000E+00  1.24316200E-01  2.51323757E-02
  5.00000000E-01  2.02547500E+00 -1.09719492E+00 -1.50819021E-01  3.23174078E-01  0.00000000E+00  1.23813454E-01  2.52223892E-02
  5.00000000E-01  2.02571000E+00 -1.10077353E+00 -1.50845526E-01  3.23318966E-01  0.00000000E+00  1.23310365E-01  2.53136834E-02
  5.00000000E-01  2.02594500E+00 -1.10434269E+00 -1.50869156E-01  3.23464380E-01  0.00000000E+00  1.22807015E-01  2.54062642E-02
  5.00000000E-01  2.02618000E+00 -1.10790227E+00 -1.50889924E-01  3.23610290E-01  0.00000000E+00  1.22303487E-01  2.55001374E-02
  5.00000000E-01  2.02641500E+00 -1.11145210E+00 -1.50907844E-01  3.23756667E-01  0.00000000E+00  1.21799862E-01  2.55953086E-02
  5.00000000E-01  2.02665000E+00 -1.11499205E+00 -1.50922931E-01  3.23903479E-01  0.00000000E+00  1.21296223E-01  2.56917837E-02
  5.00000000E-01  2.02688500E+00 -1.11852196E+00 -1.50935199E-01  3.24050697E-01  0.00000000E+00  1.20792651E-01  2.57895684E-02
  5.00000000E-01  2.02712000E+00 -1.12204170E+00 -1.50944662E-01  3.24198291E-01  0.00000000E+00  1.20289230E-01  2.58886686E-02
  5.00000000E-01  2.02735500E+00 -1.12555112E+00 -1.50951333E-01  3.24346230E-01  0.00000000E+00  1.19786040E-01  2.59890899E-02
  5.00000000E-01  2.02759000E+00 -1.12905008E+00 -1.50955229E-01  3.24494484E-01  0.00000000E+00  1.19283165E-01  2.60908381E-02
  5.00000000E-01  2.02782500E+00 -1.13253842E+00 -1.50956361E-01  3.24643023E-01  0.00000000E+00  1.18780687E-01  2.61939190E-02
  5.00000000E-01  2.02806000E+00 -1.13601600E+00 -1.50954745E-01  3.24791817E-01  0.00000000E+00  1.18278687E-01  2.62983385E-02
  5.00000000E-01  2.02829500E+00 -1.13948268E+00 -1.50950396E-01  3.24940836E-01  0.00000000E+00  1.17777248E-01  2.64041021E-02
  5.00000000E-01  2.02853000E+00 -1.14293830E+00 -1.50943326E-01  3.25090050E-01  0.00000000E+00  1.17276452E-01  2.65112158E-02
  5.00000000E-01  2.02876500E+00 -1.14638274E+00 -1.50933550E-01  3.25239428E-01  0.00000000E+00  1.16776382E-01  2.66196853E-02
  5.00000000E-01  2.02900000E+00 -1.14981583E+00 -1.50921083E-01  3.25388940E-01  0.00000000E+00  1.16277118E-01  2.67295163E-02
  5.00000000E-01  2.02923500E+00 -1.15323744E+00 -1.50905939E-01  3.25538556E-01  0.00000000E+00  1.15778745E-01  2.68407146E-02
  5.00000000E-01  2.02947000E+00 -1.15664742E+00 -1.50888131E-01  3.25688246E-01  0.00000000E+00  1.15281343E-01  2.69532860E-02
  5.00000000E-01  2.02970500E+00 -1.16004562E+00 -1.50867675E-01  3.25837980E-01  0.00000000E+00  1.14784995E-01  2.70672363E-02
  5.00000000E-01  2.02994000E+00 -1.16343190E+00 -1.50844583E-01  3.25987727E-01  0.00000000E+00  1.14289784E-01  2.71825712E-02
  5.00000000E-01  2.03017500E+00 -1.16680610E+00 -1.50818872E-01  3.26137458E-01  0.00000000E+00  1.13795790E-01  2.72992964E-02
  5.00000000E-01  2.03041000E+00 -1.17016810E+00 -1.50790553E-01  3.26287142E-01  0.00000000E+00  1.13303097E-01  2.74174179E-02
  5.00000000E-01  2.03064500E+00 -1.17351774E+00 -1.50759643E-01  3.26436749E-01  0.00000000E+00  1.12811787E-01  2.75369412E-02
  5.00000000E-01  2.03088000E+00 -1.17685487E+00 -1.50726154E-01  3.26586249E-01  0.00000000E+00  1.12321942E-01  2.76578723E-02
  5.00000000E-01  2.03111500E+00 -1.18017935E+00 -1.50690101E-01  3.26735611E-01  0.00000000E+00  1.11833644E-01  2.77802168E-02
  5.00000000E-01  2.03135000E+00 -1.18349104E+00 -1.50651499E-01  3.26884807E-01  0.00000000E+00  1.11346975E-01  2.79039806E-02
  5.00000000E-01  2.03158500E+00 -1.18678978E+00 -1.50610361E-01  3.27033804E-01  0.00000000E+00  1.10862017E-01  2.80291694E-02
  5.00000000E-01  2.03182000E+00 -1.19007544E+00 -1.50566702E-01  3.27182574E-01  0.00000000E+00  1.10378853E-01  2.81557889E-02
  5.00000000E-01  2.03205500E+00 -1.19334787E+00 -1.50520536E-01  3.27331086E-01  0.00000000E+00  1.09897565E-01  2.82838450E-02
  5.00000000E-01  2.03229000E+00 -1.19660692E+00 -1.50471877E-01  3.27479309E-01  0.00000000E+00  1.09418234E-01  2.84133433E-02
  5.00000000E-01  2.03252500E+00 -1.19985244E+00 -1.50420740E-01  3.27627215E-01  0.00000000E+00  1.08940944E-01  2.85442898E-02
  5.00000000E-01  2.03276000E+00 -1.20308430E+00 -1.50367137E-01  3.27774772E-01  0.00000000E+00  1.08465776E-01  2.86766901E-02
  5.00000000E-01  2.03299500E+00 -1.20630234E+00 -1.50311085E-01  3.27921950E-01  0.00000000E+00  1.07992813E-01  2.88105500E-02
  5.00000000E-01  2.03323000E+00 -1.20950642E+00 -1.50252596E-01  3.28068720E-01  0.00000000E+00  1.07522136E-01  2.89458753E-02
  5.00000000E-01  2.03346500E+00 -1.21269640E+00 -1.50191685E-01  3.28215050E-01  0.00000000E+00  1.07053828E-01  2.90826717E-02
  5.00000000E-01  2.03370000E+00 -1.21587212E+00 -1.50128366E-01  3.28360912E-01  0.00000000E+00  1.06587971E-01  2.92209450E-02
  5.00000000E-01  2.03393500E+00 -1.21903345E+00 -1.50062654E-01  3.28506274E-01  0.00000000E+00  1.06124647E-01  2.93607011E-02
  5.00000000E-01  2.03417000E+00 -1.22218376E+00 -1.49995259E-01  3.28659067E-01  0.00000000E+00  1.05662257E-01  2.95013304E-02
  5.00000000E-01  2.03440500E+00 -1.22532040E+00 -1.49925852E-01  3.28814622E-01  0.00000000E+00  1.05202098E-01  2.96432330E-02
  5.00000000E-01  2.03464000E+00 -1.22844194E+00 -1.49854204E-01  3.28969944E-01  0.00000000E+00  1.04744872E-01  2.97866314E-02
  5.00000000E-01  2.03487500E+00 -1.23154838E+00 -1.49780338E-01  3.29125043E-01  0.00000000E+00  1.04290599E-01  2.99315082E-02
  5.00000000E-01  2.03511000E+00 -1.23463968E+00 -1.49704280E-01  3.29279930E-01  0.00000000E+00  1.03839301E-01  3.00778461E-02
  5.00000000E-01  2.03534500E+00 -1.23771583E+00 -1.49626054E-01  3.29434613E-01  0.00000000E+00  1.03391001E-01  3.02256279E-02
  5.00000000E-01  2.03558000E+00 -1.24077682E+00 -1.49545685E-01  3.29589102E-01  0.00000000E+00  1.02945720E-01  3.03748361E-02
  5.00000000E-01  2.03581500E+00 -1.24382262E+00 -1.49463196E-01  3.29743407E-01  0.00000000E+00  1.02503480E-01  3.05254536E-02
  5.00000000E-01  2.03605000E+00 -1.24685321E+00 -1.49378612E-01  3.29897538E-01  0.00000000E+00  1.02064304E-01  3.06774631E-02
  5.00000000E-01  2.03628500E+00 -1.24986857E+00 -1.49291959E-01  3.30051504E-01  0.00000000E+00  1.01628213E-01  3.08308472E-02
  5.00000000E-01  2.03652000E+00 -1.25286869E+00 -1.49203259E-01  3.30205315E-01  0.00000000E+00  1.01195228E-01  3.09855886E-02
  5.00000000E-01  2.03675500E+00 -1.25585355E+00 -1.49112539E-01  3.30358981E-01  0.00000000E+00  1.00765373E-01  3.11416701E-02
  5.00000000E-01  2.03699000E+00 -1.25882312E+00 -1.49019822E-01  3.30512511E-01  0.00000000E+00  1.00338668E-01  3.12990744E-02
  5.00000000E-01  2.03722500E+00 -1.26177740E+00 -1.48925132E-01  3.30665916E-01  0.00000000E+00  9.99151357E-02  3.14577841E-02
  5.00000000E-01  2.03746000E+00 -1.26471635E+00 -1.48828495E-01  3.30819204E-01  0.00000000E+00  9.94947983E-02  3.16177820E-02
  5.00000000E-01  2.03769500E+00 -1.26763997E+00 -1.48729934E-01  3.30972385E-01  0.00000000E+00  9.90776774E-02  3.17790508E-02
  5.00000000E-01  2.03793000E+00 -1.27054823E+00 -1.48629474E-01  3.31125470E-01  0.00000000E+00  9.86637950E-02  3.19415731E-02
  5.00000000E-01  2.03816500E+00 -1.27344111E+00 -1.48527140E-01  3.31278468E-01  0.00000000E+00  9.82531729E-02  3.21053317E-02
  5.00000000E-01  2.03840000E+00 -1.27631860E+00 -1.48422956E-01  3.31431388E-01  0.00000000E+00  9.78458331E-02  3.22703093E-02
  5.00000000E-01  2.03863500E+00 -1.27918067E+00 -1.48316946E-01  3.31584240E-01  0.00000000E+00  9.74417975E-02  3.24364887E-02
  5.00000000E-01  2.03887000E+00 -1.28202731E+00 -1.48209136E-01  3.31737035E-01  0.00000000E+00  9.70410879E-02  3.26038523E-02
  5.00000000E-01  2.03910500E+00 -1.28485850E+00 -1.48099549E-01  3.31889781E-01  0.00000000E+00  9.66437264E-02  3.27723831E-02
  5.00000000E-01  2.03934000E+00 -1.28767421E+00 -1.47988209E-01  3.32042488E-01  0.00000000E+00  9.62497348E-02  3.29420637E-02
  5.00000000E-01  2.03957500E+00 -1.29047444E+00 -1.47875143E-01  3.32195166E-01  0.00000000E+00  9.58591350E-02  3.31128769E-02
  5.00000000E-01  2.03981000E+00 -1.29325916E+00 -1.47760373E-01  3.32347825E-01  0.00000000E+00  9.54719490E-02  3.32848052E-02
  5.00000000E-01  2.04004500E+00 -1.29602835E+00 -1.47643924E-01  3.32500474E-01  0.00000000E+00  9.50881987E-02  3.34578314E-02
  5.00000000E-01  2.04028000E+00 -1.29878200E+00 -1.47525821E-01  3.32653123E-01  0.00000000E+00  9.47079059E-02  3.36319383E-02
  5.00000000E-01  2.04051500E+00 -1.30152008E+00 -1.47406089E-01  3.32805782E-01  0.00000000E+00  9.43310926E-02  3.38071085E-02
  5.00000000E-01  2.04075000E+00 -1.30424257E+00 -1.47284751E-01  3.32958460E-01  0.00000000E+00  9.39577807E-02  3.39833247E-02
  5.00000000E-01  2.04098500E+00 -1.30694947E+00 -1.47161832E-01  3.33111167E-01  0.00000000E+00  9.35879922E-02  3.41605697E-02
  5.00000000E-01  2.04122000E+00 -1.30964074E+00 -1.47037357E-01  3.33263914E-01  0.00000000E+00  9.32217488E-02  3.43388261E-02
  5.00000000E-01  2.04145500E+00 -1.31231637E+00 -1.46911350E-01  3.33416708E-01  0.00000000E+00  9.28590726E-02  3.45180766E-02
  5.00000000E-01  2.04169000E+00 -1.31497635E+00 -1.46783836E-01  3.33569561E-01  0.00000000E+00  9.24999855E-02  3.46983040E-02
  5.00000000E-01  2.04192500E+00 -1.31762064E+00 -1.46654839E-01  3.33722481E-01  0.00000000E+00  9.21445093E-02  3.48794910E-02
  5.00000000E-01  2.04216000E+00 -1.32024924E+00 -1.46524383E-01  3.33875480E-01  0.00000000E+00  9.17926660E-02  3.50616202E-02
  5.00000000E-01  2.04239500E+00 -1.32286212E+00 -1.46392494E-01  3.34028565E-01  0.00000000E+00  9.14444774E-02  3.52446743E-02
  5.00000000E-01  2.04263000E+00 -1.32545926E+00 -1.46259194E-01  3.34181747E-01  0.00000000E+00  9.10999656E-02  3.54286362E-02
  5.00000000E-01  2.04286500E+00 -1.32804066E+00 -1.46124510E-01  3.34335036E-01  0.00000000E+00  9.07591524E-02  3.56134884E-02
  5.00000000E-01  2.04310000E+00 -1.33060628E+00 -1.45988466E-01  3.34488441E-01  0.00000000E+00  9.04220597E-02  3.57992137E-02
  5.00000000E-01  2.04333500E+00 -1.33315611E+00 -1.45851085E-01  3.34641972E-01  0.00000000E+00  9.00887095E-02  3.59857948E-02
  5.00000000E-01  2.04357000E+00 -1.33569013E+00 -1.45712392E-01  3.34795638E-01  0.00000000E+00  8.97591236E-02  3.61732143E-02
  5.00000000E-01  2.04380500E+00 -1.33820831E+00 -1.45572412E-01  3.34949450E-01  0.00000000E+00  8.94333240E-02  3.63614551E-02
  5.00000000E-01  2.04404000E+00 -1.34071066E+00 -1.45431170E-01  3.35103417E-01  0.00000000E+00  8.91113326E-02  3.65504997E-02
  5.00000000E-01  2.04427500E+00 -1.34319713E+00 -1.45288689E-01  3.35257549E-01  0.00000000E+00  8.87931712E-02  3.67403309E-02
  5.00000000E-01  2.04451000E+00 -1.34566772E+00 -1.45144995E-01  3.35411855E-01  0.00000000E+00  8.84788619E-02  3.69309315E-02
  5.00000000E-01  2.04474500E+00 -1.34812240E+00 -1.45000111E-01  3.35566345E-01  0.00000000E+00  8.81684265E-02  3.71222841E-02
  5.00000000E-01  2.04498000E+00 -1.35056116E+00 -1.44854063E-01  3.35721029E-01  0.00000000E+00  8.78618869E-02  3.73143713E-02
  5.00000000E-01  2.04521500E+00 -1.35298398E+00 -1.44706874E-01  3.35875916E-01  0.00000000E+00  8.75592650E-02  3.75071760E-02
  5.00000000E-01  2.04545000E+00 -1.35539084E+00 -1.44558569E-01  3.36031017E-01  0.00000000E+00  8.72605829E-02  3.77006808E-02
  5.00000000E-01  2.04568500E+00 -1.35778172E+00 -1.44409173E-01  3.36186340E-01  0.00000000E+00  8.69658622E-02  3.78948685E-02
  5.00000000E-01  2.04592000E+00 -1.36015660E+00 -1.44258709E-01  3.36341896E-01  0.00000000E+00  8.66751251E-02  3.80897216E-02
  5.00000000E-01  2.04615500E+00 -1.36251546E+00 -1.44107204E-01  3.36497694E-01  0.00000000E+00  8.63883934E-02  3.82852230E-02
  5.00000000E-01  2.04639000E+00 -1.36485937E+00 -1.43954402E-01  3.36653651E-01  0.00000000E+00  8.61051373E-02  3.84812186E-02
  5.00000000E-01  2.04662500E+00 -1.36719100E+00 -1.43799725E-01  3.36809328E-01  0.00000000E+00  8.58240135E-02  3.86772898E-02
  5.00000000E-01  2.04686000E+00 -1.36950724E+00 -1.43644062E-01  3.36964868E-01  0.00000000E+00  8.55466322E-02  3.88737767E-02
  5.00000000E-01  2.04709500E+00 -1.37180816E+00 -1.43487424E-01  3.37120278E-01  0.00000000E+00  8.52729650E-02  3.90706515E-02
  5.00000000E-01  2.04733000E+00 -1.37409386E+00 -1.43329822E-01  3.37275564E-01  0.00000000E+00  8.50029837E-02  3.92678868E-02
  5.00000000E-01  2.04756500E+00 -1.37636443E+00 -1.43171267E-01  3.37430732E-01  0.00000000E+00  8.47366599E-02  3.94654550E-02
  5.00000000E-01  2.04780000E+00 -1.37861995E+00 -1.43011770E-01  3.37585787E-01  0.00000000E+00  8.44739655E-02  3.96633285E-02
  5.00000000E-01  2.04803500E+00 -1.38086052E+00 -1.42851343E-01  3.37740737E-01  0.00000000E+00  8.42148722E-02  3.98614797E-02
  5.00000000E-01  2.04827000E+00 -1.38308621E+00 -1.42689996E-01  3.37895586E-01  0.00000000E+00  8.39593516E-02  4.00598812E-02
  5.00000000E-01  2.04850500E+00 -1.38529713E+00 -1.42527740E-01  3.38050342E-01  0.00000000E+00  8.37073756E-02  4.02585052E-02
  5.00000000E-01  2.04874000E+00 -1.38749335E+00 -1.42364587E-01  3.38205009E-01  0.00000000E+00  8.34589157E-02  4.04573242E-02
  5.00000000E-01  2.04897500E+00 -1.38967498E+00 -1.42200548E-01  3.38359594E-01  0.00000000E+00  8.32139439E-02  4.06563107E-02
  5.00000000E-01  2.04921000E+00 -1.39184208E+00 -1.42035634E-01  3.38514103E-01  0.00000000E+00  8.29724317E-02  4.08554371E-02
  5.00000000E-01  2.04944500E+00 -1.39399477E+00 -1.41869856E-01  3.38668543E-01  0.00000000E+00  8.27343510E-02  4.10546759E-02
  5.00000000E-01  2.04968000E+00 -1.39613312E+00 -1.41703225E-01  3.38822918E-01  0.00000000E+00  8.24996734E-02  4.12539993E-02
  5.00000000E-01  2.04991500E+00 -1.39825722E+00 -1.41535752E-01  3.38977235E-01  0.00000000E+00  8.22683707E-02  4.14533800E-02
  5.00000000E-01  2.05015000E+00 -1.40036716E+00 -1.41367449E-01  3.39131501E-01  0.00000000E+00  8.20404146E-02  4.16527903E-02
  5.00000000E-01  2.05038500E+00 -1.40246303E+00 -1.41198326E-01  3.39285720E-01  0.00000000E+00  8.18157769E-02  4.18522027E-02
  5.00000000E-01  2.05062000E+00 -1.40454492E+00 -1.41028395E-01  3.39439900E-01  0.00000000E+00  8.15944292E-02  4.20515896E-02
  5.00000000E-01  2.05085500E+00 -1.40661292E+00 -1.40857667E-01  3.39594046E-01  0.00000000E+00  8.13763433E-02  4.22509233E-02
  5.00000000E-01  2.05109000E+00 -1.40866711E+00 -1.40686152E-01  3.39748164E-01  0.00000000E+00  8.11614909E-02  4.24501764E-02
  5.00000000E-01  2.05132500E+00 -1.41070759E+00 -1.40513862E-01  3.39902260E-01  0.00000000E+00  8.09498438E-02  4.26493213E-02
  5.00000000E-01  2.05156000E+00 -1.41273444E+00 -1.40340809E-01  3.40056340E-01  0.00000000E+00  8.07413736E-02  4.28483304E-02
  5.00000000E-01  2.05179500E+00 -1.41474776E+00 -1.40167002E-01  3.40210411E-01  0.00000000E+00  8.05360522E-02  4.30471762E-02
  5.00000000E-01  2.05203000E+00 -1.41674762E+00 -1.39992454E-01  3.40364478E-01  0.00000000E+00  8.03338512E-02  4.32458310E-02
  5.00000000E-01  2.05226500E+00 -1.41873413E+00 -1.39817176E-01  3.40518547E-01  0.00000000E+00  8.01347423E-02  4.34442673E-02
  5.00000000E-01  2.05250000E+00 -1.42070736E+00 -1.39641178E-01  3.40672624E-01  0.00000000E+00  7.99386974E-02  4.36424576E-02
  5.00000000E-01  2.05273500E+00 -1.42266741E+00 -1.39464472E-01  3.40826716E-01  0.00000000E+00  7.97456880E-02  4.38403742E-02
  5.00000000E-01  2.05297000E+00 -1.42461436E+00 -1.39287068E-01  3.40980828E-01  0.00000000E+00  7.95556861E-02  4.40379896E-02
  5.00000000E-01  2.05320500E+00 -1.42654831E+00 -1.39108979E-01  3.41134966E-01  0.00000000E+00  7.93686631E-02  4.42352763E-02
  5.00000000E-01  2.05344000E+00 -1.42846934E+00 -1.38930214E-01  3.41289137E-01  0.00000000E+00  7.91845910E-02  4.44322066E-02
  5.00000000E-01  2.05367500E+00 -1.43037754E+00 -1.38750786E-01  3.41443346E-01  0.00000000E+00  7.90034415E-02  4.46287530E-02
  5.00000000E-01  2.05391000E+00 -1.43227300E+00 -1.38570705E-01  3.41597599E-01  0.00000000E+00  7.88251862E-02  4.48248879E-02
  5.00000000E-01  2.05414500E+00 -1.43415581E+00 -1.38389982E-01  3.41751903E-01  0.00000000E+00  7.86497968E-02  4.50205838E-02
  5.00000000E-01  2.05438000E+00 -1.43602606E+00 -1.38208629E-01  3.41906264E-01  0.00000000E+00  7.84772452E-02  4.52158131E-02
  5.00000000E-01  2.05461500E+00 -1.43788384E+00 -1.38026656E-01  3.42060687E-01  0.00000000E+00  7.83075031E-02  4.54105482E-02
  5.00000000E-01  2.05485000E+00 -1.43972923E+00 -1.37844076E-01  3.42215178E-01  0.00000000E+00  7.81405421E-02  4.56047615E-02
  5.00000000E-01  2.05508500E+00 -1.44156232E+00 -1.37660898E-01  3.42369744E-01  0.00000000E+00  7.79763340E-02  4.57984255E-02
  5.00000000E-01  2.05532000E+00 -1.44338321E+00 -1.37477134E-01  3.42524390E-01  0.00000000E+00  7.78148506E-02  4.59915126E-02
  5.00000000E-01  2.05555500E+00 -1.44519197E+00 -1.37292795E-01  3.42679123E-01  0.00000000E+00  7.76560635E-02  4.61839953E-02
  5.00000000E-01  2.05579000E+00 -1.44698871E+00 -1.37107892E-01  3.42833949E-01  0.00000000E+00  7.74999445E-02  4.63758459E-02
  5.00000000E-01  2.05602500E+00 -1.44877350E+00 -1.36922437E-01  3.42988873E-01  0.00000000E+00  7.73464653E-02  4.65670370E-02
  5.00000000E-01  2.05626000E+00 -1.45054644E+00 -1.36736441E-01  3.43143902E-01  0.00000000E+00  7.71955976E-02  4.67575409E-02
  5.00000000E-01  2.05649500E+00 -1.45230762E+00 -1.36549913E-01  3.43299041E-01  0.00000000E+00  7.70473132E-02  4.69473300E-02
  5.00000000E-01  2.05673000E+00 -1.45405712E+00 -1.36362867E-01  3.43454297E-01  0.00000000E+00  7.69015839E-02  4.71363769E-02
  5.00000000E-01  2.05696500E+00 -1.45579504E+00 -1.36175312E-01  3.43609676E-01  0.00000000E+00  7.67583812E-02  4.73246539E-02
  5.00000000E-01  2.05720000E+00 -1.45752145E+00 -1.35987261E-01  3.43765184E-01  0.00000000E+00  7.66176770E-02  4.75121334E-02
  5.00000000E-01  2.05743500E+00 -1.45923646E+00 -1.35798723E-01  3.43920826E-01  0.00000000E+00  7.64794430E-02  4.76987879E-02
  5.00000000E-01  2.05767000E+00 -1.46094014E+00 -1.35609710E-01  3.44076609E-01  0.00000000E+00  7.63436510E-02  4.78845899E-02
  5.00000000E-01  2.05790500E+00 -1.46263260E+00 -1.35420234E-01  3.44232538E-01  0.00000000E+00  7.62102725E-02  4.80695117E-02
  5.00000000E-01  2.05814000E+00 -1.46431391E+00 -1.35230305E-01  3.44388621E-01  0.00000000E+00  7.60792794E-02  4.82535258E-02
  5.00000000E-01  2.05837500E+00 -1.46598416E+00 -1.35039935E-01  3.44544862E-01  0.00000000E+00  7.59506435E-02  4.84366046E-02
  5.00000000E-01  2.05861000E+00 -1.46764345E+00 -1.34849135E-01  3.44701268E-01  0.00000000E+00  7.58243363E-02  4.86187206E-02
  5.00000000E-01  2.05884500E+00 -1.46929206E+00 -1.34657436E-01  3.44855982E-01  0.00000000E+00  7.57003092E-02  4.88003610E-02
  5.00000000E-01  2.05908000E+00 -1.47093021E+00 -1.34465154E-01  3.45010099E-01  0.00000000E+00  7.55784612E-02  4.89811332E-02
  5.00000000E-01  2.05931500E+00 -1.47255796E+00 -1.34272441E-01  3.45164187E-01  0.00000000E+00  7.54587613E-02  4.91608605E-02
  5.00000000E-01  2.05955000E+00 -1.47417539E+00 -1.34079303E-01  3.45318242E-01  0.00000000E+00  7.53411843E-02  4.93395329E-02
  5.00000000E-01  2.05978500E+00 -1.47578259E+00 -1.33885741E-01  3.45472263E-01  0.00000000E+00  7.52257048E-02  4.95171402E-02
  5.00000000E-01  2.06002000E+00 -1.47737963E+00 -1.33691761E-01  3.45626247E-01  0.00000000E+00  7.51122977E-02  4.96936727E-02
  5.00000000E-01  2.06025500E+00 -1.47896660E+00 -1.33497366E-01  3.45780192E-01  0.00000000E+00  7.50009375E-02  4.98691203E-02
  5.00000000E-01  2.06049000E+00 -1.48054359E+00 -1.33302561E-01  3.45934096E-01  0.00000000E+00  7.48915991E-02  5.00434729E-02
  5.00000000E-01  2.06072500E+00 -1.48211067E+00 -1.33107348E-01  3.46087957E-01  0.00000000E+00  7.47842570E-02  5.02167207E-02
  5.00000000E-01  2.06096000E+00 -1.48366792E+00 -1.32911731E-01  3.46241773E-01  0.00000000E+00  7.46788862E-02  5.03888537E-02
  5.00000000E-01  2.06119500E+00 -1.48521544E+00 -1.32715716E-01  3.46395541E-01  0.00000000E+00  7.45754611E-02  5.05598618E-02
  5.00000000E-01  2.06143000E+00 -1.48675329E+00 -1.32519305E-01  3.46549258E-01  0.00000000E+00  7.44739567E-02  5.07297350E-02
  5.00000000E-01  2.06166500E+00 -1.48828157E+00 -1.32322502E-01  3.46702924E-01  0.00000000E+00  7.43743475E-02  5.08984635E-02
  5.00000000E-01  2.06190000E+00 -1.48980036E+00 -1.32125312E-01  3.46856536E-01  0.00000000E+00  7.42766083E-02  5.10660372E-02
  5.00000000E-01  2.06213500E+00 -1.49130973E+00 -1.31927737E-01  3.47010091E-01  0.00000000E+00  7.41807139E-02  5.12324461E-02
  5.00000000E-01  2.06237000E+00 -1.49280978E+00 -1.31729783E-01  3.47163587E-01  0.00000000E+00  7.40866389E-02  5.13976802E-02
  5.00000000E-01  2.06260500E+00 -1.49430057E+00 -1.31531452E-01  3.47317022E-01  0.00000000E+00  7.39943580E-02  5.15617296E-02
  5.00000000E-01  2.06284000E+00 -1.49578221E+00 -1.31332749E-01  3.47470394E-01  0.00000000E+00  7.39038460E-02  5.17245843E-02
  5.00000000E-01  2.06307500E+00 -1.49725476E+00 -1.31133677E-01  3.47623701E-01  0.00000000E+00  7.38150775E-02  5.18862342E-02
  5.00000000E-01  2.06331000E+00 -1.49871831E+00 -1.30934240E-01  3.47776940E-01  0.00000000E+00  7.37280274E-02  5.20466695E-02
  5.00000000E-01  2.06354500E+00 -1.50017294E+00 -1.30734443E-01  3.47930109E-01  0.00000000E+00  7.36426702E-02  5.22058801E-02
  5.00000000E-01  2.06378000E+00 -1.50161874E+00 -1.30534289E-01  3.48083206E-01  0.00000000E+00  7.35589808E-02  5.23638560E-02
  5.00000000E-01  2.06401500E+00 -1.50305578E+00 -1.30333782E-01  3.48236230E-01  0.00000000E+00  7.34769338E-02  5.25205873E-02
  5.00000000E-01  2.06425000E+00 -1.50448415E+00 -1.30132925E-01  3.48389176E-01  0.00000000E+00  7.33965039E-02  5.26760640E-02
  5.00000000E-01  2.06448500E+00 -1.50590394E+00 -1.29931724E-01  3.48542044E-01  0.00000000E+00  7.33176659E-02  5.28302760E-02
  5.00000000E-01  2.06472000E+00 -1.50731522E+00 -1.29730180E-01  3.48694832E-01  0.00000000E+00  7.32403944E-02  5.29832135E-02
  5.00000000E-01  2.06495500E+00 -1.50871807E+00 -1.29528299E-01  3.48847536E-01  0.00000000E+00  7.31646643E-02  5.31348663E-02
  5.00000000E-01  2.06519000E+00 -1.51011259E+00 -1.29326084E-01  3.49000155E-01  0.00000000E+00  7.30904501E-02  5.32852247E-02
  5.00000000E-01  2.06542500E+00 -1.51149884E+00 -1.29123540E-01  3.49152686E-01  0.00000000E+00  7.30177267E-02  5.34342784E-02
  5.00000000E-01  2.06566000E+00 -1.51287692E+00 -1.28920669E-01  3.49305128E-01  0.00000000E+00  7.29464687E-02  5.35820177E-02
  5.00000000E-01  2.06589500E+00 -1.51424691E+00 -1.28717476E-01  3.49457478E-01  0.00000000E+00  7.28766508E-02  5.37284324E-02
  5.00000000E-01  2.06613000E+00 -1.51560888E+00 -1.28513964E-01  3.49609734E-01  0.00000000E+00  7.28082478E-02  5.38735127E-02
  5.00000000E-01  2.06636500E+00 -1.51696292E+00 -1.28310138E-01  3.49761893E-01  0.00000000E+00  7.27412344E-02  5.40172485E-02
  5.00000000E-01  2.06660000E+00 -1.51830912E+00 -1.28106002E-01  3.49913954E-01  0.00000000E+00  7.26755853E-02  5.41596298E-02
  5.00000000E-01  2.06683500E+00 -1.51964755E+00 -1.27901559E-01  3.50065914E-01  0.00000000E+00  7.26112751E-02  5.43006466E-02
  5.00000000E-01  2.06707000E+00 -1.52097830E+00 -1.27696812E-01  3.50217772E-01  0.00000000E+00  7.25482787E-02  5.44402891E-02
  5.00000000E-01  2.06730500E+00 -1.52230145E+00 -1.27491767E-01  3.50369524E-01  0.00000000E+00  7.24865707E-02  5.45785471E-02
  5.00000000E-01  2.06754000E+00 -1.52361708E+00 -1.27286426E-01  3.50521169E-01  0.00000000E+00  7.24261259E-02  5.47154107E-02
  5.00000000E-01  2.06777500E+00 -1.52492527E+00 -1.27080794E-01  3.50672704E-01  0.00000000E+00  7.23669189E-02  5.48508700E-02
  5.00000000E-01  2.06801000E+00 -1.52622612E+00 -1.26874875E-01  3.50824128E-01  0.00000000E+00  7.23089245E-02  5.49849149E-02
  5.00000000E-01  2.06824500E+00 -1.52751969E+00 -1.26668672E-01  3.50975437E-01  0.00000000E+00  7.22521174E-02  5.51175354E-02
  5.00000000E-01  2.06848000E+00 -1.52880607E+00 -1.26462189E-01  3.51126631E-01  0.00000000E+00  7.21964723E-02  5.52487216E-02
  5.00000000E-01  2.06871500E+00 -1.53008535E+00 -1.26255430E-01  3.51277705E-01  0.00000000E+00  7.21419639E-02  5.53784635E-02
  5.00000000E-01  2.06895000E+00 -1.53135760E+00 -1.26048399E-01  3.51428660E-01  0.00000000E+00  7.20885669E-02  5.55067511E-02
  5.00000000E-01  2.06918500E+00 -1.53262291E+00 -1.25841100E-01  3.51579491E-01  0.00000000E+00  7.20362561E-02  5.56335745E-02
  5.00000000E-01  2.06942000E+00 -1.53388136E+00 -1.25633537E-01  3.51730198E-01  0.00000000E+00  7.19850061E-02  5.57589235E-02
  5.00000000E-01  2.06965500E+00 -1.53513304E+00 -1.25425713E-01  3.51880777E-01  0.00000000E+00  7.19347917E-02  5.58827884E-02
  5.00000000E-01  2.06989000E+00 -1.53637802E+00 -1.25217632E-01  3.52031227E-01  0.00000000E+00  7.18855876E-02  5.60051589E-02
  5.00000000E-01  2.07012500E+00 -1.53761639E+00 -1.25009299E-01  3.52181545E-01  0.00000000E+00  7.18373685E-02  5.61260253E-02
  5.00000000E-01  2.07036000E+00 -1.53884823E+00 -1.24800716E-01  3.52331729E-01  0.00000000E+00  7.17901092E-02  5.62453775E-02
  5.00000000E-01  2.07059500E+00 -1.54007362E+00 -1.24591889E-01  3.52481778E-01  0.00000000E+00  7.17437842E-02  5.63632055E-02
  5.00000000E-01  2.07083000E+00 -1.54129265E+00 -1.24382820E-01  3.52631687E-01  0.00000000E+00  7.16983684E-02  5.64794993E-02
  5.00000000E-01  2.07106500E+00 -1.54250500E+00 -1.24173472E-01  3.52781443E-01  0.00000000E+00  7.16539773E-02  5.65944215E-02
  5.00000000E-01  2.07130000E+00 -1.54371011E+00 -1.23963777E-01  3.52930991E-01  0.00000000E+00  7.16108300E-02  5.67082811E-02
  5.00000000E-01  2.07153500E+00 -1.54490903E+00 -1.23753848E-01  3.53080354E-01  0.00000000E+00  7.15685509E-02  5.68206496E-02
  5.00000000E-01  2.07177000E+00 -1.54610182E+00 -1.23543686E-01  3.53229530E-01  0.00000000E+00  7.15271258E-02  5.69315298E-02
  5.00000000E-01  2.07200500E+00 -1.54728853E+00 -1.23333294E-01  3.53378518E-01  0.00000000E+00  7.14865404E-02  5.70409246E-02
  5.00000000E-01  2.07224000E+00 -1.54846920E+00 -1.23122674E-01  3.53527317E-01  0.00000000E+00  7.14467806E-02  5.71488369E-02
  5.00000000E-01  2.07247500E+00 -1.54964389E+00 -1.22911827E-01  3.53675925E-01  0.00000000E+00  7.14078320E-02  5.72552695E-02
  5.00000000E-01  2.07271000E+00 -1.55081264E+00 -1.22700756E-01  3.53824343E-01  0.00000000E+00  7.13696803E-02  5.73602253E-02
  5.00000000E-01  2.07294500E+00 -1.55197550E+00 -1.22489462E-01  3.53972568E-01  0.00000000E+00  7.13323114E-02  5.74637070E-02
  5.00000000E-01  2.07318000E+00 -1.55313253E+00 -1.22277947E-01  3.54120600E-01  0.00000000E+00  7.12957109E-02  5.75657176E-02
  5.00000000E-01  2.07341500E+00 -1.55428377E+00 -1.22066214E-01  3.54268438E-01  0.00000000E+00  7.12598647E-02  5.76662600E-02
  5.00000000E-01  2.07365000E+00 -1.55542927E+00 -1.21854265E-01  3.54416080E-01  0.00000000E+00  7.12247584E-02  5.77653369E-02
  5.00000000E-01  2.07388500E+00 -1.55656908E+00 -1.21642101E-01  3.54563526E-01  0.00000000E+00  7.11903779E-02  5.78629513E-02
  5.00000000E-01  2.07412000E+00 -1.55770325E+00 -1.21429724E-01  3.54710774E-01  0.00000000E+00  7.11567087E-02  5.79591059E-02
  5.00000000E-01  2.07435500E+00 -1.55883182E+00 -1.21217137E-01  3.54857824E-01  0.00000000E+00  7.11237368E-02  5.80538036E-02
  5.00000000E-01  2.07459000E+00 -1.55995486E+00 -1.21004341E-01  3.55004674E-01  0.00000000E+00  7.10914478E-02  5.81470474E-02
  5.00000000E-01  2.07482500E+00 -1.56107240E+00 -1.20791338E-01  3.55151324E-01  0.00000000E+00  7.10598275E-02  5.82388400E-02
  5.00000000E-01  2.07506000E+00 -1.56218449E+00 -1.20578131E-01  3.55297771E-01  0.00000000E+00  7.10288617E-02  5.83291842E-02
  5.00000000E-01  2.07529500E+00 -1.56329119E+00 -1.20364720E-01  3.55444016E-01  0.00000000E+00  7.09985360E-02  5.84180830E-02
  5.00000000E-01  2.07553000E+00 -1.56439254E+00 -1.20151109E-01  3.55590057E-01  0.00000000E+00  7.09688363E-02  5.85055392E-02
  5.00000000E-01  2.07576500E+00 -1.56548860E+00 -1.19937299E-01  3.55735893E-01  0.00000000E+00  7.09397482E-02  5.85915557E-02
  5.00000000E-01  2.07600000E+00 -1.56657940E+00 -1.19723293E-01  3.55881523E-01  0.00000000E+00  7.09112575E-02  5.86761352E-02
  5.00000000E-01  2.07623500E+00 -1.56766501E+00 -1.19509091E-01  3.56026946E-01  0.00000000E+00  7.08833500E-02  5.87592807E-02
  5.00000000E-01  2.07647000E+00 -1.56874546E+00 -1.19294697E-01  3.56172161E-01  0.00000000E+00  7.08560114E-02  5.88409950E-02
  5.00000000E-01  2.07670500E+00 -1.56982082E+00 -1.19080111E-01  3.56317166E-01  0.00000000E+00  7.08292275E-02  5.89212810E-02
  5.00000000E-01  2.07694000E+00 -1.57089112E+00 -1.18865337E-01  3.56461962E-01  0.00000000E+00  7.08029839E-02  5.90001415E-02
  5.00000000E-01  2.07717500E+00 -1.57195642E+00 -1.18650376E-01  3.56606546E-01  0.00000000E+00  7.07772665E-02  5.90775793E-02
  5.00000000E-01  2.07741000E+00 -1.57301677E+00 -1.18435229E-01  3.56750917E-01  0.00000000E+00  7.07520610E-02  5.91535973E-02
  5.00000000E-01  2.07764500E+00 -1.57407221E+00 -1.18219900E-01  3.56895076E-01  0.00000000E+00  7.07273532E-02  5.92281985E-02
  5.00000000E-01  2.07788000E+00 -1.57512280E+00 -1.18004390E-01  3.57039019E-01  0.00000000E+00  7.07031287E-02  5.93013855E-02
  5.00000000E-01  2.07811500E+00 -1.57616858E+00 -1.17788700E-01  3.57182747E-01  0.00000000E+00  7.06793733E-02  5.93731613E-02
  5.00000000E-01  2.07835000E+00 -1.57720960E+00 -1.17572834E-01  3.57326259E-01  0.00000000E+00  7.06560728E-02  5.94435288E-02
  5.00000000E-01  2.07858500E+00 -1.57824592E+00 -1.17356792E-01  3.57469553E-01  0.00000000E+00  7.06332129E-02  5.95124907E-02
  5.00000000E-01  2.07882000E+00 -1.57927757E+00 -1.17140577E-01  3.57612628E-01  0.00000000E+00  7.06107794E-02  5.95800499E-02
  5.00000000E-01  2.07905500E+00 -1.58030462E+00 -1.16924191E-01  3.57755484E-01  0.00000000E+00  7.05887580E-02  5.96462094E-02
  5.00000000E-01  2.07929000E+00 -1.58132710E+00 -1.16707636E-01  3.57898118E-01  0.00000000E+00  7.05671345E-02  5.97109719E-02
  5.00000000E-01  2.07952500E+00 -1.58234508E+00 -1.16490913E-01  3.58040531E-01  0.00000000E+00  7.05458945E-02  5.97743402E-02
  5.00000000E-01  2.07976000E+00 -1.58335859E+00 -1.16274025E-01  3.58182720E-01  0.00000000E+00  7.05250239E-02  5.98363173E-02
  5.00000000E-01  2.07999500E+00 -1.58436768E+00 -1.16056974E-01  3.58324686E-01  0.00000000E+00  7.05045084E-02  5.98969061E-02
  5.00000000E-01  2.08023000E+00 -1.58537242E+00 -1.15839762E-01  3.58466427E-01  0.00000000E+00  7.04843337E-02  5.99561092E-02
  5.00000000E-01  2.08046500E+00 -1.58637283E+00 -1.15622390E-01  3.58607941E-01  0.00000000E+00  7.04644856E-02  6.00139297E-02
  5.00000000E-01  2.08070000E+00 -1.58736898E+00 -1.15404861E-01  3.58749228E-01  0.00000000E+00  7.04449499E-02  6.00703703E-02
  5.00000000E-01  2.08093500E+00 -1.58836091E+00 -1.15187177E-01  3.58890287E-01  0.00000000E+00  7.04257122E-02  6.01254339E-02
  5.00000000E-01  2.08117000E+00 -1.58934868E+00 -1.14969339E-01  3.59031116E-01  0.00000000E+00  7.04067583E-02  6.01791234E-02
  5.00000000E-01  2.08140500E+00 -1.59033232E+00 -1.14751349E-01  3.59171716E-01  0.00000000E+00  7.03880740E-02  6.02314416E-02
  5.00000000E-01  2.08164000E+00 -1.59131190E+00 -1.14533210E-01  3.59312083E-01  0.00000000E+00  7.03696450E-02  6.02823914E-02
  5.00000000E-01  2.08187500E+00 -1.59228746E+00 -1.14314924E-01  3.59452218E-01  0.00000000E+00  7.03514571E-02  6.03319756E-02
  5.00000000E-01  2.08211000E+00 -1.59325904E+00 -1.14096492E-01  3.59592120E-01  0.00000000E+00  7.03334959E-02  6.03801970E-02
  5.00000000E-01  2.08234500E+00 -1.59422670E+00 -1.13877917E-01  3.59731787E-01  0.00000000E+00  7.03157474E-02  6.04270586E-02
  5.00000000E-01  2.08258000E+00 -1.59519049E+00 -1.13659200E-01  3.59871218E-01  0.00000000E+00  7.02981971E-02  6.04725632E-02
  5.00000000E-01  2.08281500E+00 -1.59615045E+00 -1.13440343E-01  3.60010413E-01  0.00000000E+00  7.02808308E-02  6.05167135E-02
  5.00000000E-01  2.08305000E+00 -1.59710664E+00 -1.13221349E-01  3.60149370E-01  0.00000000E+00  7.02636343E-02  6.05595126E-02
  5.00000000E-01  2.08328500E+00 -1.59805910E+00 -1.13002219E-01  3.60288087E-01  0.00000000E+00  7.02465934E-02  6.06009632E-02
  5.00000000E-01  2.08352000E+00 -1.59900706E+00 -1.12782973E-01  3.60425804E-01  0.00000000E+00  7.02299292E-02  6.06411679E-02
  5.00000000E-01  2.08375500E+00 -1.59995112E+00 -1.12563595E-01  3.60563111E-01  0.00000000E+00  7.02134760E-02  6.06800832E-02
  5.00000000E-01  2.08399000E+00 -1.60089150E+00 -1.12344082E-01  3.60700205E-01  0.00000000E+00  7.01971668E-02  6.07176912E-02
  5.00000000E-01  2.08422500E+00 -1.60182822E+00 -1.12124435E-01  3.60837082E-01  0.00000000E+00  7.01809933E-02  6.07539967E-02
  5.00000000E-01  2.08446000E+00 -1.60276133E+00 -1.11904655E-01  3.60973736E-01  0.00000000E+00  7.01649472E-02  6.07890046E-02
  5.00000000E-01  2.08469500E+00 -1.60369083E+00 -1.11684745E-01  3.61110164E-01  0.00000000E+00  7.01490204E-02  6.08227197E-02
  5.00000000E-01  2.08493000E+00 -1.60461676E+00 -1.11464705E-01  3.61246360E-01  0.00000000E+00  7.01332044E-02  6.08551467E-02
  5.00000000E-01  2.08516500E+00 -1.60553916E+00 -1.11244538E-01  3.61382321E-01  0.00000000E+00  7.01174910E-02  6.08862906E-02
  5.00000000E-01  2.08540000E+00 -1.60645803E+00 -1.11024245E-01  3.61518041E-01  0.00000000E+00  7.01018719E-02  6.09161560E-02
  5.00000000E-01  2.08563500E+00 -1.60737341E+00 -1.10803828E-01  3.61653516E-01  0.00000000E+00  7.00863390E-02  6.09447479E-02
  5.00000000E-01  2.08587000E+00 -1.60828534E+00 -1.10583289E-01  3.61788742E-01  0.00000000E+00  7.00708838E-02  6.09720710E-02
  5.00000000E-01  2.08610500E+00 -1.60919382E+00 -1.10362629E-01  3.61923714E-01  0.00000000E+00  7.00554982E-02  6.09981302E-02
  5.00000000E-01  2.08634000E+00 -1.61009890E+00 -1.10141849E-01  3.62058427E-01  0.00000000E+00  7.00401738E-02  6.10229303E-02
  5.00000000E-01  2.08657500E+00 -1.61100060E+00 -1.09920952E-01  3.62192877E-01  0.00000000E+00  7.00249024E-02  6.10464761E-02
  5.00000000E-01  2.08681000E+00 -1.61189894E+00 -1.09699939E-01  3.62327059E-01  0.00000000E+00  7.00096757E-02  6.10687724E-02
  5.00000000E-01  2.08704500E+00 -1.61279396E+00 -1.09478812E-01  3.62460969E-01  0.00000000E+00  6.99944855E-02  6.10898241E-02
  5.00000000E-01  2.08728000E+00 -1.61368568E+00 -1.09257572E-01  3.62594602E-01  0.00000000E+00  6.99793234E-02  6.11096359E-02
  5.00000000E-01  2.08751500E+00 -1.61457412E+00 -1.09036221E-01  3.62727954E-01  0.00000000E+00  6.99641812E-02  6.11282127E-02
  5.00000000E-01  2.08775000E+00 -1.61545932E+00 -1.08814760E-01  3.62861019E-01  0.00000000E+00  6.99490506E-02  6.11455593E-02
  5.00000000E-01  2.08798500E+00 -1.61634130E+00 -1.08593192E-01  3.62993794E-01  0.00000000E+00  6.99339233E-02  6.11616805E-02
  5.00000000E-01  2.08822000E+00 -1.61722008E+00 -1.08371518E-01  3.63126274E-01  0.00000000E+00  6.99187912E-02  6.11765812E-02
  5.00000000E-01  2.08845500E+00 -1.61809570E+00 -1.08149739E-01  3.63258454E-01  0.00000000E+00  6.99036458E-02  6.11902661E-02
  5.00000000E-01  2.08869000E+00 -1.61896819E+00 -1.07927858E-01  3.63390330E-01  0.00000000E+00  6.98884789E-02  6.12027401E-02
  5.00000000E-01  2.08892500E+00 -1.61983756E+00 -1.07705875E-01  3.63521897E-01  0.00000000E+00  6.98732823E-02  6.12140079E-02
  5.00000000E-01  2.08916000E+00 -1.62070385E+00 -1.07483793E-01  3.63653151E-01  0.00000000E+00  6.98580477E-02  6.12240745E-02
  5.00000000E-01  2.08939500E+00 -1.62156708E+00 -1.07261613E-01  3.63784087E-01  0.00000000E+00  6.98427668E-02  6.12329446E-02
  5.00000000E-01  2.08963000E+00 -1.62242728E+00 -1.07039337E-01  3.63914700E-01  0.00000000E+00  6.98274313E-02  6.12406230E-02
  5.00000000E-01  2.08986500E+00 -1.62328448E+00 -1.06816966E-01  3.64044987E-01  0.00000000E+00  6.98120330E-02  6.12471146E-02
  5.00000000E-01  2.09010000E+00 -1.62413870E+00 -1.06594502E-01  3.64174941E-01  0.00000000E+00  6.97965635E-02  6.12524242E-02
  5.00000000E-01  2.09033500E+00 -1.62498997E+00 -1.06371947E-01  3.64304560E-01  0.00000000E+00  6.97810147E-02  6.12565566E-02
  5.00000000E-01  2.09057000E+00 -1.62583833E+00 -1.06149303E-01  3.64433838E-01  0.00000000E+00  6.97653782E-02  6.12595166E-02
  5.00000000E-01  2.09080500E+00 -1.62668378E+00 -1.05926570E-01  3.64562770E-01  0.00000000E+00  6.97496458E-02  6.12613090E-02
  5.00000000E-01  2.09104000E+00 -1.62752637E+00 -1.05703751E-01  3.64691353E-01  0.00000000E+00  6.97338091E-02  6.12619387E-02
  5.00000000E-01  2.09127500E+00 -1.62836612E+00 -1.05480847E-01  3.64819581E-01  0.00000000E+00  6.97178600E-02  6.12614105E-02
  5.00000000E-01  2.09151000E+00 -1.62920306E+00 -1.05257860E-01  3.64947450E-01  0.00000000E+00  6.97017902E-02  6.12597291E-02
  5.00000000E-01  2.09174500E+00 -1.63003721E+00 -1.05034792E-01  3.65074956E-01  0.00000000E+00  6.96855913E-02  6.12568994E-02
  5.00000000E-01  2.09198000E+00 -1.63086860E+00 -1.04811644E-01  3.65202094E-01  0.00000000E+00  6.96692551E-02  6.12529263E-02
  5.00000000E-01  2.09221500E+00 -1.63169725E+00 -1.04588417E-01  3.65328859E-01  0.00000000E+00  6.96527733E-02  6.12478145E-02
  5.00000000E-01  2.09245000E+00 -1.63252321E+00 -1.04365114E-01  3.65455246E-01  0.00000000E+00  6.96361377E-02  6.12415689E-02
  5.00000000E-01  2.09268500E+00 -1.63334648E+00 -1.04141737E-01  3.65581252E-01  0.00000000E+00  6.96193400E-02  6.12341943E-02
  5.00000000E-01  2.09292000E+00 -1.63416710E+00 -1.03918286E-01  3.65706872E-01  0.00000000E+00  6.96023719E-02  6.12256954E-02
  5.00000000E-01  2.09315500E+00 -1.63498510E+00 -1.03694763E-01  3.65832101E-01  0.00000000E+00  6.95852251E-02  6.12160772E-02
  5.00000000E-01  2.09339000E+00 -1.63580050E+00 -1.03471171E-01  3.65956934E-01  0.00000000E+00  6.95678914E-02  6.12053444E-02
  5.00000000E-01  2.09362500E+00 -1.63661333E+00 -1.03247510E-01  3.66081367E-01  0.00000000E+00  6.95503625E-02  6.11935018E-02
  5.00000000E-01  2.09386000E+00 -1.63742361E+00 -1.03023782E-01  3.66205396E-01  0.00000000E+00  6.95326300E-02  6.11805543E-02
  5.00000000E-01  2.09409500E+00 -1.63823138E+00 -1.02799990E-01  3.66329015E-01  0.00000000E+00  6.95146859E-02  6.11665068E-02
  5.00000000E-01  2.09433000E+00 -1.63903666E+00 -1.02576134E-01  3.66452221E-01  0.00000000E+00  6.94965217E-02  6.11513639E-02
  5.00000000E-01  2.09456500E+00 -1.63983948E+00 -1.02352216E-01  3.66575009E-01  0.00000000E+00  6.94781292E-02  6.11351305E-02
  5.00000000E-01  2.09480000E+00 -1.64063986E+00 -1.02128239E-01  3.66697373E-01  0.00000000E+00  6.94595001E-02  6.11178115E-02
  5.00000000E-01  2.09503500E+00 -1.64143784E+00 -1.01904202E-01  3.66819311E-01  0.00000000E+00  6.94406262E-02  6.10994117E-02
  5.00000000E-01  2.09527000E+00 -1.64223343E+00 -1.01680109E-01  3.66940816E-01  0.00000000E+00  6.94214992E-02  6.10799358E-02
  5.00000000E-01  2.09550500E+00 -1.64302667E+00 -1.01455961E-01  3.67061885E-01  0.00000000E+00  6.94021107E-02  6.10593887E-02
  5.00000000E-01  2.09574000E+00 -1.64381737E+00 -1.01231646E-01  3.67183703E-01  0.00000000E+00  6.93824879E-02  6.10377437E-02
  5.00000000E-01  2.09597500E+00 -1.64460527E+00 -1.01007041E-01  3.67307559E-01  0.00000000E+00  6.93626733E-02  6.10149705E-02
  5.00000000E-01  2.09621000E+00 -1.64539086E+00 -1.00782401E-01  3.67430761E-01  0.00000000E+00  6.93425869E-02  6.09911436E-02
  5.00000000E-01  2.09644500E+00 -1.64617415E+00 -1.00557728E-01  3.67553323E-01  0.00000000E+00  6.93222229E-02  6.09662652E-02
  5.00000000E-01  2.09668000E+00 -1.64695515E+00 -1.00333021E-01  3.67675256E-01  0.00000000E+00  6.93015752E-02  6.09403380E-02
  5.00000000E-01  2.09691500E+00 -1.64773388E+00 -1.00108279E-01  3.67796573E-01  0.00000000E+00  6.92806380E-02  6.09133643E-02
  5.00000000E-01  2.09715000E+00 -1.64851035E+00 -9.98835031E-02  3.67917286E-01  0.00000000E+00  6.92594053E-02  6.08853466E-02
  5.00000000E-01  2.09738500E+00 -1.64928458E+00 -9.96586922E-02  3.68037407E-01  0.00000000E+00  6.92378712E-02  6.08562873E-02
  5.00000000E-01  2.09762000E+00 -1.65005658E+00 -9.94338464E-02  3.68156949E-01  0.00000000E+00  6.92160296E-02  6.08261889E-02
  5.00000000E-01  2.09785500E+00 -1.65082637E+00 -9.92089656E-02  3.68275924E-01  0.00000000E+00  6.91938747E-02  6.07950538E-02
  5.00000000E-01  2.09809000E+00 -1.65159395E+00 -9.89840495E-02  3.68394344E-01  0.00000000E+00  6.91714005E-02  6.07628845E-02
  5.00000000E-01  2.09832500E+00 -1.65235936E+00 -9.87590979E-02  3.68512221E-01  0.00000000E+00  6.91486010E-02  6.07296834E-02
  5.00000000E-01  2.09856000E+00 -1.65312259E+00 -9.85341107E-02  3.68629568E-01  0.00000000E+00  6.91254704E-02  6.06954530E-02
  5.00000000E-01  2.09879500E+00 -1.65388367E+00 -9.83090877E-02  3.68746397E-01  0.00000000E+00  6.91020026E-02  6.06601957E-02
  5.00000000E-01  2.09903000E+00 -1.65464261E+00 -9.80840287E-02  3.68862721E-01  0.00000000E+00  6.90781917E-02  6.06239140E-02
  5.00000000E-01  2.09926500E+00 -1.65539943E+00 -9.78589335E-02  3.68978551E-01  0.00000000E+00  6.90540318E-02  6.05866104E-02
  5.00000000E-01  2.09950000E+00 -1.65615413E+00 -9.76338019E-02  3.69093899E-01  0.00000000E+00  6.90295169E-02  6.05482872E-02
  5.00000000E-01  2.09973500E+00 -1.65690674E+00 -9.74086337E-02  3.69208779E-01  0.00000000E+00  6.90046411E-02  6.05089469E-02
  5.00000000E-01  2.09997000E+00 -1.65765727E+00 -9.71834288E-02  3.69323203E-01  0.00000000E+00  6.89793984E-02  6.04685920E-02
  5.00000000E-01  2.10020500E+00 -1.65840573E+00 -9.69581870E-02  3.69437181E-01  0.00000000E+00  6.89537829E-02  6.04272249E-02
  5.00000000E-01  2.10044000E+00 -1.65915214E+00 -9.67329080E-02  3.69550728E-01  0.00000000E+00  6.89277887E-02  6.03848481E-02
  5.00000000E-01  2.10067500E+00 -1.65989651E+00 -9.65075918E-02  3.69663855E-01  0.00000000E+00  6.89014097E-02  6.03414641E-02
  5.00000000E-01  2.10091000E+00 -1.66063886E+00 -9.62822380E-02  3.69776575E-01  0.00000000E+00  6.88746401E-02  6.02970752E-02
  5.00000000E-01  2.10114500E+00 -1.66137921E+00 -9.60568466E-02  3.69888899E-01  0.00000000E+00  6.88474738E-02  6.02516839E-02
  5.00000000E-01  2.10138000E+00 -1.66211756E+00 -9.58314173E-02  3.70000841E-01  0.00000000E+00  6.88199050E-02  6.02052927E-02
  5.00000000E-01  2.10161500E+00 -1.66285393E+00 -9.56059499E-02  3.70112412E-01  0.00000000E+00  6.87919277E-02  6.01579040E-02
  5.00000000E-01  2.10185000E+00 -1.66358834E+00 -9.53804443E-02  3.70223624E-01  0.00000000E+00  6.87635360E-02  6.01095203E-02
  5.00000000E-01  2.10208500E+00 -1.66432080E+00 -9.51549003E-02  3.70334490E-01  0.00000000E+00  6.87347238E-02  6.00601440E-02
  5.00000000E-01  2.10232000E+00 -1.66505133E+00 -9.49293177E-02  3.70445023E-01  0.00000000E+00  6.87054853E-02  6.00097776E-02
  5.00000000E-01  2.10255500E+00 -1.66577993E+00 -9.47036963E-02  3.70555234E-01  0.00000000E+00  6.86758145E-02  5.99584235E-02
  5.00000000E-01  2.10279000E+00 -1.66650664E+00 -9.44780359E-02  3.70665136E-01  0.00000000E+00  6.86457055E-02  5.99060841E-02
  5.00000000E-01  2.10302500E+00 -1.66723145E+00 -9.42523364E-02  3.70774740E-01  0.00000000E+00  6.86151523E-02  5.98527620E-02
  5.00000000E-01  2.10326000E+00 -1.66795439E+00 -9.40265975E-02  3.70884060E-01  0.00000000E+00  6.85841490E-02  5.97984596E-02
  5.00000000E-01  2.10349500E+00 -1.66867546E+00 -9.38008190E-02  3.70993108E-01  0.00000000E+00  6.85526896E-02  5.97431792E-02
  5.00000000E-01  2.10373000E+00 -1.66939470E+00 -9.35750009E-02  3.71101895E-01  0.00000000E+00  6.85207682E-02  5.96869235E-02
  5.00000000E-01  2.10396500E+00 -1.67011210E+00 -9.33491428E-02  3.71210435E-01  0.00000000E+00  6.84883788E-02  5.96296947E-02
  5.00000000E-01  2.10420000E+00 -1.67082768E+00 -9.31232446E-02  3.71318739E-01  0.00000000E+00  6.84555154E-02  5.95714954E-02
  5.00000000E-01  2.10443500E+00 -1.67154147E+00 -9.28973062E-02  3.71426820E-01  0.00000000E+00  6.84221722E-02  5.95123280E-02
  5.00000000E-01  2.10467000E+00 -1.67225346E+00 -9.26713273E-02  3.71534689E-01  0.00000000E+00  6.83883432E-02  5.94521950E-02
  5.00000000E-01  2.10490500E+00 -1.67296369E+00 -9.24453077E-02  3.71642360E-01  0.00000000E+00  6.83540225E-02  5.93910988E-02
  5.00000000E-01  2.10514000E+00 -1.67367215E+00 -9.22192473E-02  3.71749845E-01  0.00000000E+00  6.83192040E-02  5.93290419E-02
  5.00000000E-01  2.10537500E+00 -1.67437888E+00 -9.19931459E-02  3.71857155E-01  0.00000000E+00  6.82838819E-02  5.92660267E-02
  5.00000000E-01  2.10561000E+00 -1.67508387E+00 -9.17670032E-02  3.71964303E-01  0.00000000E+00  6.82480502E-02  5.92020556E-02
  5.00000000E-01  2.10584500E+00 -1.67578716E+00 -9.15408192E-02  3.72071302E-01  0.00000000E+00  6.82117029E-02  5.91371312E-02
  5.00000000E-01  2.10608000E+00 -1.67648874E+00 -9.13145936E-02  3.72178163E-01  0.00000000E+00  6.81748341E-02  5.90712558E-02
  5.00000000E-01  2.10631500E+00 -1.67718864E+00 -9.10883262E-02  3.72284899E-01  0.00000000E+00  6.81374379E-02  5.90044319E-02
  5.00000000E-01  2.10655000E+00 -1.67788687E+00 -9.08620169E-02  3.72391523E-01  0.00000000E+00  6.80995083E-02  5.89366620E-02
  5.00000000E-01  2.10678500E+00 -1.67858345E+00 -9.06356654E-02  3.72498046E-01  0.00000000E+00  6.80610394E-02  5.88679485E-02
  5.00000000E-01  2.10702000E+00 -1.67927838E+00 -9.04092716E-02  3.72604480E-01  0.00000000E+00  6.80220252E-02  5.87982938E-02
  5.00000000E-01  2.10725500E+00 -1.67997170E+00 -9.01828353E-02  3.72710839E-01  0.00000000E+00  6.79824597E-02  5.87277005E-02
  5.00000000E-01  2.10749000E+00 -1.68066340E+00 -8.99563563E-02  3.72817134E-01  0.00000000E+00  6.79423371E-02  5.86561709E-02
  5.00000000E-01  2.10772500E+00 -1.68135350E+00 -8.97298344E-02  3.72923378E-01  0.00000000E+00  6.79016514E-02  5.85837075E-02
  5.00000000E-01  2.10796000E+00 -1.68204203E+00 -8.95032694E-02  3.73029582E-01  0.00000000E+00  6.78603966E-02  5.85103128E-02
  5.00000000E-01  2.10819500E+00 -1.68272915E+00 -8.92777966E-02  3.73122874E-01  0.00000000E+00  6.78185644E-02  5.84358630E-02
  5.00000000E-01  2.10843000E+00 -1.68341470E+00 -8.90524456E-02  3.73214226E-01  0.00000000E+00  6.77761600E-02  5.83604574E-02
  5.00000000E-01  2.10866500E+00 -1.68409864E+00 -8.88269823E-02  3.73306298E-01  0.00000000E+00  6.77331786E-02  5.82841207E-02
  5.00000000E-01  2.10890000E+00 -1.68478100E+00 -8.86014122E-02  3.73399037E-01  0.00000000E+00  6.76896142E-02  5.82068523E-02
  5.00000000E-01  2.10913500E+00 -1.68546178E+00 -8.83757408E-02  3.73492388E-01  0.00000000E+00  6.76454607E-02  5.81286513E-02
  5.00000000E-01  2.10937000E+00 -1.68614099E+00 -8.81499735E-02  3.73586298E-01  0.00000000E+00  6.76007118E-02  5.80495169E-02
  5.00000000E-01  2.10960500E+00 -1.68681865E+00 -8.79241159E-02  3.73680714E-01  0.00000000E+00  6.75553617E-02  5.79694482E-02
  5.00000000E-01  2.10984000E+00 -1.68749476E+00 -8.76981734E-02  3.73775581E-01  0.00000000E+00  6.75094041E-02  5.78884445E-02
  5.00000000E-01  2.11007500E+00 -1.68816934E+00 -8.74721515E-02  3.73870845E-01  0.00000000E+00  6.74628330E-02  5.78065050E-02
  5.00000000E-01  2.11031000E+00 -1.68884239E+00 -8.72460558E-02  3.73966454E-01  0.00000000E+00  6.74156422E-02  5.77236287E-02
  5.00000000E-01  2.11054500E+00 -1.68951393E+00 -8.70198916E-02  3.74062353E-01  0.00000000E+00  6.73678258E-02  5.76398150E-02
  5.00000000E-01  2.11078000E+00 -1.69018397E+00 -8.67936645E-02  3.74158489E-01  0.00000000E+00  6.73193775E-02  5.75550629E-02
  5.00000000E-01  2.11101500E+00 -1.69085251E+00 -8.65673800E-02  3.74254807E-01  0.00000000E+00  6.72702913E-02  5.74693717E-02
  5.00000000E-01  2.11125000E+00 -1.69151958E+00 -8.63410436E-02  3.74351255E-01  0.00000000E+00  6.72205612E-02  5.73827406E-02
  5.00000000E-01  2.11148500E+00 -1.69218517E+00 -8.61146607E-02  3.74447778E-01  0.00000000E+00  6.71701809E-02  5.72951687E-02
  5.00000000E-01  2.11172000E+00 -1.69284931E+00 -8.58882368E-02  3.74544323E-01  0.00000000E+00  6.71191445E-02  5.72066553E-02
  5.00000000E-01  2.11195500E+00 -1.69351199E+00 -8.56617774E-02  3.74640836E-01  0.00000000E+00  6.70674457E-02  5.71171994E-02
  5.00000000E-01  2.11219000E+00 -1.69417324E+00 -8.54352881E-02  3.74737263E-01  0.00000000E+00  6.70150786E-02  5.70268003E-02
  5.00000000E-01  2.11242500E+00 -1.69483307E+00 -8.52087742E-02  3.74833551E-01  0.00000000E+00  6.69620371E-02  5.69354572E-02
  5.00000000E-01  2.11266000E+00 -1.69549148E+00 -8.49822413E-02  3.74929645E-01  0.00000000E+00  6.69083149E-02  5.68431693E-02
  5.00000000E-01  2.11289500E+00 -1.69614848E+00 -8.47556949E-02  3.75025493E-01  0.00000000E+00  6.68539062E-02  5.67499357E-02
  5.00000000E-01  2.11313000E+00 -1.69680409E+00 -8.45291404E-02  3.75121040E-01  0.00000000E+00  6.67988046E-02  5.66557556E-02
  5.00000000E-01  2.11336500E+00 -1.69745831E+00 -8.43025833E-02  3.75216233E-01  0.00000000E+00  6.67430043E-02  5.65606282E-02
  5.00000000E-01  2.11360000E+00 -1.69811116E+00 -8.40760292E-02  3.75311017E-01  0.00000000E+00  6.66864990E-02  5.64645528E-02
  5.00000000E-01  2.11383500E+00 -1.69876265E+00 -8.38494835E-02  3.75405340E-01  0.00000000E+00  6.66292826E-02  5.63675283E-02
  5.00000000E-01  2.11407000E+00 -1.69941279E+00 -8.36229516E-02  3.75499148E-01  0.00000000E+00  6.65713492E-02  5.62695542E-02
  5.00000000E-01  2.11430500E+00 -1.70006159E+00 -8.33964392E-02  3.75592386E-01  0.00000000E+00  6.65126925E-02  5.61706295E-02
  5.00000000E-01  2.11454000E+00 -1.70070906E+00 -8.31699516E-02  3.75685001E-01  0.00000000E+00  6.64533065E-02  5.60707534E-02
  5.00000000E-01  2.11477500E+00 -1.70135521E+00 -8.29434944E-02  3.75776940E-01  0.00000000E+00  6.63931851E-02  5.59699251E-02
  5.00000000E-01  2.11501000E+00 -1.70200006E+00 -8.27170730E-02  3.75868148E-01  0.00000000E+00  6.63323222E-02  5.58681439E-02
  5.00000000E-01  2.11524500E+00 -1.70264360E+00 -8.24906929E-02  3.75958572E-01  0.00000000E+00  6.62707117E-02  5.57654088E-02
  5.00000000E-01  2.11548000E+00 -1.70328586E+00 -8.22643596E-02  3.76048159E-01  0.00000000E+00  6.62083476E-02  5.56617190E-02
  5.00000000E-01  2.11571500E+00 -1.70392685E+00 -8.20380787E-02  3.76136853E-01  0.00000000E+00  6.61452236E-02  5.55570738E-02
  5.00000000E-01  2.11595000E+00 -1.70456657E+00 -8.18118555E-02  3.76224603E-01  0.00000000E+00  6.60813338E-02  5.54514723E-02
  5.00000000E-01  2.11618500E+00 -1.70520503E+00 -8.15856956E-02  3.76311353E-01  0.00000000E+00  6.60166720E-02  5.53449138E-02
  5.00000000E-01  2.11642000E+00 -1.70584226E+00 -8.13596044E-02  3.76397051E-01  0.00000000E+00  6.59512321E-02  5.52373973E-02
  5.00000000E-01  2.11665500E+00 -1.70647825E+00 -8.11335875E-02  3.76481643E-01  0.00000000E+00  6.58850081E-02  5.51289221E-02
  5.00000000E-01  2.11689000E+00 -1.70711302E+00 -8.09076504E-02  3.76565074E-01  0.00000000E+00  6.58179939E-02  5.50194874E-02
  5.00000000E-01  2.11712500E+00 -1.70774658E+00 -8.06817984E-02  3.76647291E-01  0.00000000E+00  6.57501833E-02  5.49090923E-02
  5.00000000E-01  2.11736000E+00 -1.70837894E+00 -8.04560371E-02  3.76728241E-01  0.00000000E+00  6.56815702E-02  5.47977361E-02
  5.00000000E-01  2.11759500E+00 -1.70901011E+00 -8.02303721E-02  3.76807869E-01  0.00000000E+00  6.56121487E-02  5.46854178E-02
  5.00000000E-01  2.11783000E+00 -1.70964010E+00 -8.00048087E-02  3.76886123E-01  0.00000000E+00  6.55419125E-02  5.45721368E-02
  5.00000000E-01  2.11806500E+00 -1.71026893E+00 -7.97793525E-02  3.76962947E-01  0.00000000E+00  6.54708556E-02  5.44578921E-02
  5.00000000E-01  2.11830000E+00 -1.71089660E+00 -7.95540089E-02  3.77038290E-01  0.00000000E+00  6.53989718E-02  5.43426830E-02
  5.00000000E-01  2.11853500E+00 -1.71152312E+00 -7.93287835E-02  3.77112096E-01  0.00000000E+00  6.53262552E-02  5.42265087E-02
  5.00000000E-01  2.11877000E+00 -1.71214851E+00 -7.91036816E-02  3.77184312E-01  0.00000000E+00  6.52526996E-02  5.41093682E-02
  5.00000000E-01  2.11900500E+00 -1.71277277E+00 -7.88787089E-02  3.77254884E-01  0.00000000E+00  6.51782989E-02  5.39912609E-02
  5.00000000E-01  2.11924000E+00 -1.71339592E+00 -7.86538708E-02  3.77323759E-01  0.00000000E+00  6.51030470E-02  5.38721859E-02
  5.00000000E-01  2.11947500E+00 -1.71401797E+00 -7.84291728E-02  3.77390883E-01  0.00000000E+00  6.50269378E-02  5.37521424E-02
  5.00000000E-01  2.11971000E+00 -1.71463892E+00 -7.82046203E-02  3.77456202E-01  0.00000000E+00  6.49499652E-02  5.36311295E-02
  5.00000000E-01  2.11994500E+00 -1.71525880E+00 -7.79802189E-02  3.77519663E-01  0.00000000E+00  6.48721232E-02  5.35091465E-02
  5.00000000E-01  2.12018000E+00 -1.71587761E+00 -7.77559740E-02  3.77581211E-01  0.00000000E+00  6.47934056E-02  5.33861925E-02
  5.00000000E-01  2.12041500E+00 -1.71649450E+00 -7.75298879E-02  3.77661635E-01  0.00000000E+00  6.47137439E-02  5.32622099E-02
  5.00000000E-01  2.12065000E+00 -1.71710884E+00 -7.73004038E-02  3.77777220E-01  0.00000000E+00  6.46330898E-02  5.31371466E-02
  5.00000000E-01  2.12088500E+00 -1.71772230E+00 -7.70713637E-02  3.77888038E-01  0.00000000E+00  6.45515572E-02  5.30111048E-02
  5.00000000E-01  2.12112000E+00 -1.71833486E+00 -7.68427483E-02  3.77994283E-01  0.00000000E+00  6.44691361E-02  5.28840801E-02
  5.00000000E-01  2.12135500E+00 -1.71894652E+00 -7.66145382E-02  3.78096151E-01  0.00000000E+00  6.43858168E-02  5.27560681E-02
  5.00000000E-01  2.12159000E+00 -1.71955729E+00 -7.63867142E-02  3.78193839E-01  0.00000000E+00  6.43015894E-02  5.26270644E-02
  5.00000000E-01  2.12182500E+00 -1.72016714E+00 -7.61592569E-02  3.78287541E-01  0.00000000E+00  6.42164438E-02  5.24970646E-02
  5.00000000E-01  2.12206000E+00 -1.72077609E+00 -7.59321469E-02  3.78377454E-01  0.00000000E+00  6.41303702E-02  5.23660641E-02
  5.00000000E-01  2.12229500E+00 -1.72138412E+00 -7.57053650E-02  3.78463773E-01  0.00000000E+00  6.40433588E-02  5.22340587E-02
  5.00000000E-01  2.12253000E+00 -1.72199124E+00 -7.54788917E-02  3.78546694E-01  0.00000000E+00  6.39553996E-02  5.21010438E-02
  5.00000000E-01  2.12276500E+00 -1.72259744E+00 -7.52527078E-02  3.78626412E-01  0.00000000E+00  6.38664828E-02  5.19670151E-02
  5.00000000E-01  2.12300000E+00 -1.72320272E+00 -7.50267940E-02  3.78703124E-01  0.00000000E+00  6.37765983E-02  5.18319681E-02
  5.00000000E-01  2.12323500E+00 -1.72380707E+00 -7.48011308E-02  3.78777025E-01  0.00000000E+00  6.36857364E-02  5.16958984E-02
  5.00000000E-01  2.12347000E+00 -1.72441049E+00 -7.45756990E-02  3.78848311E-01  0.00000000E+00  6.35938871E-02  5.15588015E-02
  5.00000000E-01  2.12370500E+00 -1.72501297E+00 -7.43504792E-02  3.78917177E-01  0.00000000E+00  6.35010406E-02  5.14206731E-02
  5.00000000E-01  2.12394000E+00 -1.72561452E+00 -7.41254521E-02  3.78983820E-01  0.00000000E+00  6.34071869E-02  5.12815087E-02
  5.00000000E-01  2.12417500E+00 -1.72621512E+00 -7.39005983E-02  3.79048435E-01  0.00000000E+00  6.33123161E-02  5.11413039E-02
  5.00000000E-01  2.12441000E+00 -1.72681478E+00 -7.36758986E-02  3.79111217E-01  0.00000000E+00  6.32164184E-02  5.10000543E-02
  5.00000000E-01  2.12464500E+00 -1.72741349E+00 -7.34513336E-02  3.79172363E-01  0.00000000E+00  6.31194838E-02  5.08577554E-02
  5.00000000E-01  2.12488000E+00 -1.72801125E+00 -7.32268839E-02  3.79232069E-01  0.00000000E+00  6.30215025E-02  5.07144028E-02
  5.00000000E-01  2.12511500E+00 -1.72860805E+00 -7.30025302E-02  3.79290529E-01  0.00000000E+00  6.29224645E-02  5.05699921E-02
  5.00000000E-01  2.12535000E+00 -1.72920390E+00 -7.27782533E-02  3.79347940E-01  0.00000000E+00  6.28223600E-02  5.04245189E-02
  5.00000000E-01  2.12558500E+00 -1.72979878E+00 -7.25540336E-02  3.79404497E-01  0.00000000E+00  6.27211790E-02  5.02779787E-02
  5.00000000E-01  2.12582000E+00 -1.73039269E+00 -7.23298520E-02  3.79460396E-01  0.00000000E+00  6.26189117E-02  5.01303672E-02
  5.00000000E-01  2.12605500E+00 -1.73098563E+00 -7.21056891E-02  3.79515833E-01  0.00000000E+00  6.25155481E-02  4.99816798E-02
  5.00000000E-01  2.12629000E+00 -1.73157760E+00 -7.18815255E-02  3.79571004E-01  0.00000000E+00  6.24110784E-02  4.98319121E-02
  5.00000000E-01  2.12652500E+00 -1.73216859E+00 -7.16573420E-02  3.79626104E-01  0.00000000E+00  6.23054926E-02  4.96810599E-02
  5.00000000E-01  2.12676000E+00 -1.73275860E+00 -7.14331191E-02  3.79681330E-01  0.00000000E+00  6.21987809E-02  4.95291185E-02
  5.00000000E-01  2.12699500E+00 -1.73334763E+00 -7.12088376E-02  3.79736875E-01  0.00000000E+00  6.20909334E-02  4.93760836E-02
  5.00000000E-01  2.12723000E+00 -1.73393566E+00 -7.09844780E-02  3.79792938E-01  0.00000000E+00  6.19819401E-02  4.92219508E-02
  5.00000000E-01  2.12746500E+00 -1.73452271E+00 -7.07600212E-02  3.79849713E-01  0.00000000E+00  6.18717913E-02  4.90667156E-02
  5.00000000E-01  2.12770000E+00 -1.73510876E+00 -7.05354477E-02  3.79907395E-01  0.00000000E+00  6.17604768E-02  4.89103736E-02
  5.00000000E-01  2.12793500E+00 -1.73569381E+00 -7.03107383E-02  3.79966181E-01  0.00000000E+00  6.16479870E-02  4.87529204E-02
  5.00000000E-01  2.12817000E+00 -1.73627785E+00 -7.00858735E-02  3.80026267E-01  0.00000000E+00  6.15343118E-02  4.85943515E-02
  5.00000000E-01  2.12840500E+00 -1.73686089E+00 -6.98608340E-02  3.80087848E-01  0.00000000E+00  6.14194414E-02  4.84346626E-02
  5.00000000E-01  2.12864000E+00 -1.73744292E+00 -6.96356006E-02  3.80151120E-01  0.00000000E+00  6.13033659E-02  4.82738492E-02
  5.00000000E-01  2.12887500E+00 -1.73802394E+00 -6.94101538E-02  3.80216278E-01  0.00000000E+00  6.11860753E-02  4.81119069E-02
  5.00000000E-01  2.12911000E+00 -1.73860393E+00 -6.91844744E-02  3.80283519E-01  0.00000000E+00  6.10675599E-02  4.79488312E-02
  5.00000000E-01  2.12934500E+00 -1.73918291E+00 -6.89585430E-02  3.80353037E-01  0.00000000E+00  6.09478096E-02  4.77846178E-02
  5.00000000E-01  2.12958000E+00 -1.73976086E+00 -6.87323403E-02  3.80425030E-01  0.00000000E+00  6.08268146E-02  4.76192621E-02
  5.00000000E-01  2.12981500E+00 -1.74033779E+00 -6.85058469E-02  3.80499692E-01  0.00000000E+00  6.07045650E-02  4.74527599E-02
  5.00000000E-01  2.13005000E+00 -1.74091368E+00 -6.82790435E-02  3.80577219E-01  0.00000000E+00  6.05810509E-02  4.72851066E-02
  5.00000000E-01  2.13028500E+00 -1.74148853E+00 -6.80519108E-02  3.80657807E-01  0.00000000E+00  6.04562624E-02  4.71162978E-02
  5.00000000E-01  2.13052000E+00 -1.74206235E+00 -6.78244294E-02  3.80741652E-01  0.00000000E+00  6.03301896E-02  4.69463291E-02
  5.00000000E-01  2.13075500E+00 -1.74263512E+00 -6.75965801E-02  3.80828949E-01  0.00000000E+00  6.02028226E-02  4.67751961E-02
  5.00000000E-01  2.13099000E+00 -1.74320685E+00 -6.73683434E-02  3.80919894E-01  0.00000000E+00  6.00741514E-02  4.66028944E-02
  5.00000000E-01  2.13122500E+00 -1.74377753E+00 -6.71397000E-02  3.81014684E-01  0.00000000E+00  5.99441663E-02  4.64294195E-02
  5.00000000E-01  2.13146000E+00 -1.74434715E+00 -6.69106307E-02  3.81113512E-01  0.00000000E+00  5.98128573E-02  4.62547670E-02
  5.00000000E-01  2.13169500E+00 -1.74491572E+00 -6.66811160E-02  3.81216577E-01  0.00000000E+00  5.96802145E-02  4.60789324E-02
  5.00000000E-01  2.13193000E+00 -1.74548323E+00 -6.64511367E-02  3.81324072E-01  0.00000000E+00  5.95462280E-02  4.59019115E-02
  5.00000000E-01  2.13216500E+00 -1.74604967E+00 -6.62206734E-02  3.81436194E-01  0.00000000E+00  5.94108879E-02  4.57236996E-02
  5.00000000E-01  2.13240000E+00 -1.74661504E+00 -6.59897067E-02  3.81553138E-01  0.00000000E+00  5.92741843E-02  4.55442924E-02
  5.00000000E-01  2.13263500E+00 -1.74717934E+00 -6.57582174E-02  3.81675101E-01  0.00000000E+00  5.91361073E-02  4.53636855E-02
  5.00000000E-01  2.13287000E+00 -1.74774984E+00 -6.55435600E-02  3.81636949E-01  0.00000000E+00  5.89960496E-02  4.51816463E-02
  5.00000000E-01  2.13310500E+00 -1.74831989E+00 -6.53301953E-02  3.81585356E-01  0.00000000E+00  5.88545668E-02  4.49983651E-02
  5.00000000E-01  2.13334000E+00 -1.74888836E+00 -6.51154132E-02  3.81546045E-01  0.00000000E+00  5.87117323E-02  4.48138671E-02
  5.00000000E-01  2.13357500E+00 -1.74945526E+00 -6.48992743E-02  3.81518461E-01  0.00000000E+00  5.85675208E-02  4.46281417E-02
  5.00000000E-01  2.13381000E+00 -1.75002062E+00 -6.46818396E-02  3.81502047E-01  0.00000000E+00  5.84219075E-02  4.44411780E-02
  5.00000000E-01  2.13404500E+00 -1.75058447E+00 -6.44631697E-02  3.81496249E-01  0.00000000E+00  5.82748674E-02  4.42529654E-02
  5.00000000E-01  2.13428000E+00 -1.75114683E+00 -6.42433253E-02  3.81500510E-01  0.00000000E+00  5.81263753E-02  4.40634931E-02
  5.00000000E-01  2.13451500E+00 -1.75170773E+00 -6.40223673E-02  3.81514274E-01  0.00000000E+00  5.79764062E-02  4.38727503E-02
  5.00000000E-01  2.13475000E+00 -1.75226719E+00 -6.38003564E-02  3.81536987E-01  0.00000000E+00  5.78249353E-02  4.36807263E-02
  5.00000000E-01  2.13498500E+00 -1.75282523E+00 -6.35773533E-02  3.81568092E-01  0.00000000E+00  5.76719373E-02  4.34874105E-02
  5.00000000E-01  2.13522000E+00 -1.75338188E+00 -6.33534189E-02  3.81607033E-01  0.00000000E+00  5.75173874E-02  4.32927920E-02
  5.00000000E-01  2.13545500E+00 -1.75393717E+00 -6.31286138E-02  3.81653255E-01  0.00000000E+00  5.73612605E-02  4.30968600E-02
  5.00000000E-01  2.13569000E+00 -1.75449112E+00 -6.29029988E-02  3.81706201E-01  0.00000000E+00  5.72035316E-02  4.28996040E-02
  5.00000000E-01  2.13592500E+00 -1.75504375E+00 -6.26766347E-02  3.81765317E-01  0.00000000E+00  5.70441756E-02  4.27010131E-02
  5.00000000E-01  2.13616000E+00 -1.75559509E+00 -6.24495823E-02  3.81830046E-01  0.00000000E+00  5.68831676E-02  4.25010765E-02
  5.00000000E-01  2.13639500E+00 -1.75614517E+00 -6.22219022E-02  3.81899833E-01  0.00000000E+00  5.67204824E-02  4.22997836E-02
  5.00000000E-01  2.13663000E+00 -1.75669401E+00 -6.19936553E-02  3.81974122E-01  0.00000000E+00  5.65560952E-02  4.20971236E-02
  5.00000000E-01  2.13686500E+00 -1.75724163E+00 -6.17649023E-02  3.82052356E-01  0.00000000E+00  5.63899809E-02  4.18930858E-02
  5.00000000E-01  2.13710000E+00 -1.75778806E+00 -6.15357040E-02  3.82133982E-01  0.00000000E+00  5.62221144E-02  4.16876595E-02
  5.00000000E-01  2.13733500E+00 -1.75833333E+00 -6.13061210E-02  3.82218442E-01  0.00000000E+00  5.60524708E-02  4.14808338E-02
  5.00000000E-01  2.13757000E+00 -1.75887745E+00 -6.10762143E-02  3.82305180E-01  0.00000000E+00  5.58810250E-02  4.12725980E-02
  5.00000000E-01  2.13780500E+00 -1.75942046E+00 -6.08460444E-02  3.82393642E-01  0.00000000E+00  5.57077520E-02  4.10629415E-02
  5.00000000E-01  2.13804000E+00 -1.75996237E+00 -6.06156723E-02  3.82483272E-01  0.00000000E+00  5.55326268E-02  4.08518535E-02
  5.00000000E-01  2.13827500E+00 -1.76050322E+00 -6.03851586E-02  3.82573513E-01  0.00000000E+00  5.53556244E-02  4.06393232E-02
  5.00000000E-01  2.13851000E+00 -1.76104303E+00 -6.01545641E-02  3.82663809E-01  0.00000000E+00  5.51767197E-02  4.04253398E-02
  5.00000000E-01  2.13874500E+00 -1.76158182E+00 -5.99239496E-02  3.82753606E-01  0.00000000E+00  5.49958878E-02  4.02098928E-02
  5.00000000E-01  2.13898000E+00 -1.76211962E+00 -5.96933758E-02  3.82842348E-01  0.00000000E+00  5.48131035E-02  3.99929712E-02
  5.00000000E-01  2.13921500E+00 -1.76265645E+00 -5.94629034E-02  3.82929478E-01  0.00000000E+00  5.46283420E-02  3.97745645E-02
  5.00000000E-01  2.13945000E+00 -1.76319234E+00 -5.92325933E-02  3.83014441E-01  0.00000000E+00  5.44415781E-02  3.95546618E-02
  5.00000000E-01  2.13968500E+00 -1.76372732E+00 -5.90025062E-02  3.83096681E-01  0.00000000E+00  5.42527869E-02  3.93332524E-02
  5.00000000E-01  2.13992000E+00 -1.76426140E+00 -5.87727028E-02  3.83175643E-01  0.00000000E+00  5.40619434E-02  3.91103255E-02
  5.00000000E-01  2.14015500E+00 -1.76479461E+00 -5.85432439E-02  3.83250770E-01  0.00000000E+00  5.38690224E-02  3.88858705E-02
  5.00000000E-01  2.14039000E+00 -1.76532698E+00 -5.83141903E-02  3.83321507E-01  0.00000000E+00  5.36739991E-02  3.86598765E-02
  5.00000000E-01  2.14062500E+00 -1.76585853E+00 -5.80856026E-02  3.83387298E-01  0.00000000E+00  5.34768483E-02  3.84323329E-02
  5.00000000E-01  2.14086000E+00 -1.76638929E+00 -5.78575418E-02  3.83447588E-01  0.00000000E+00  5.32775451E-02  3.82032290E-02
  5.00000000E-01  2.14109500E+00 -1.76691928E+00 -5.76300684E-02  3.83501820E-01  0.00000000E+00  5.30760644E-02  3.79725538E-02
  5.00000000E-01  2.14133000E+00 -1.76744853E+00 -5.74032434E-02  3.83549439E-01  0.00000000E+00  5.28723813E-02  3.77402968E-02
  5.00000000E-01  2.14156500E+00 -1.76797705E+00 -5.71771274E-02  3.83589889E-01  0.00000000E+00  5.26664707E-02  3.75064472E-02
  5.00000000E-01  2.14180000E+00 -1.76850489E+00 -5.69517812E-02  3.83622615E-01  0.00000000E+00  5.24583075E-02  3.72709943E-02
  5.00000000E-01  2.14203500E+00 -1.76903205E+00 -5.67272655E-02  3.83647061E-01  0.00000000E+00  5.22478668E-02  3.70339272E-02
  5.00000000E-01  2.14227000E+00 -1.76955858E+00 -5.65036411E-02  3.83662670E-01  0.00000000E+00  5.20351236E-02  3.67952354E-02
  5.00000000E-01  2.14250500E+00 -1.77008448E+00 -5.62809688E-02  3.83668887E-01  0.00000000E+00  5.18200528E-02  3.65549079E-02
  5.00000000E-01  2.14274000E+00 -1.77060979E+00 -5.60593094E-02  3.83665157E-01  0.00000000E+00  5.16026294E-02  3.63129342E-02
  5.00000000E-01  2.14297500E+00 -1.77113452E+00 -5.58387235E-02  3.83650924E-01  0.00000000E+00  5.13828284E-02  3.60693034E-02
  5.00000000E-01  2.14321000E+00 -1.77165872E+00 -5.56192719E-02  3.83625631E-01  0.00000000E+00  5.11606248E-02  3.58240048E-02
  5.00000000E-01  2.14344500E+00 -1.77218239E+00 -5.54010154E-02  3.83588724E-01  0.00000000E+00  5.09359935E-02  3.55770277E-02
  5.00000000E-01  2.14368000E+00 -1.77270557E+00 -5.51840148E-02  3.83539646E-01  0.00000000E+00  5.07089096E-02  3.53283614E-02
  5.00000000E-01  2.14391500E+00 -1.77322828E+00 -5.49683308E-02  3.83477842E-01  0.00000000E+00  5.04793479E-02  3.50779950E-02
  5.00000000E-01  2.14415000E+00 -1.77375055E+00 -5.47540242E-02  3.83402755E-01  0.00000000E+00  5.02472836E-02  3.48259179E-02
  5.00000000E-01  2.14438500E+00 -1.77427239E+00 -5.45411556E-02  3.83313831E-01  0.00000000E+00  5.00126916E-02  3.45721194E-02
  5.00000000E-01  2.14462000E+00 -1.77479384E+00 -5.43297860E-02  3.83210513E-01  0.00000000E+00  4.97755468E-02  3.43165886E-02
  5.00000000E-01  2.14485500E+00 -1.77531492E+00 -5.41199759E-02  3.83092246E-01  0.00000000E+00  4.95358242E-02  3.40593148E-02
  5.00000000E-01  2.14509000E+00 -1.77580615E+00 -5.38869573E-02  3.83148064E-01  0.00000000E+00  4.92922492E-02  3.38003426E-02
  5.00000000E-01  2.14532500E+00 -1.77625624E+00 -5.36173383E-02  3.83483107E-01  0.00000000E+00  4.90443409E-02  3.35396284E-02
  5.00000000E-01  2.14556000E+00 -1.77671513E+00 -5.33517311E-02  3.83788308E-01  0.00000000E+00  4.87941572E-02  3.32770233E-02
  5.00000000E-01  2.14579500E+00 -1.77718208E+00 -5.30899213E-02  3.84064965E-01  0.00000000E+00  4.85415878E-02  3.30124922E-02
  5.00000000E-01  2.14603000E+00 -1.77765634E+00 -5.28316944E-02  3.84314376E-01  0.00000000E+00  4.82865220E-02  3.27459997E-02
  5.00000000E-01  2.14626500E+00 -1.77813720E+00 -5.25768361E-02  3.84537840E-01  0.00000000E+00  4.80288496E-02  3.24775105E-02
  5.00000000E-01  2.14650000E+00 -1.77862390E+00 -5.23251319E-02  3.84736653E-01  0.00000000E+00  4.77684599E-02  3.22069896E-02
  5.00000000E-01  2.14673500E+00 -1.77911571E+00 -5.20763675E-02  3.84912116E-01  0.00000000E+00  4.75052425E-02  3.19344015E-02
  5.00000000E-01  2.14697000E+00 -1.77961189E+00 -5.18303286E-02  3.85065525E-01  0.00000000E+00  4.72390870E-02  3.16597111E-02
  5.00000000E-01  2.14720500E+00 -1.78011170E+00 -5.15868005E-02  3.85198179E-01  0.00000000E+00  4.69698830E-02  3.13828831E-02
  5.00000000E-01  2.14744000E+00 -1.78061442E+00 -5.13455691E-02  3.85311376E-01  0.00000000E+00  4.66975199E-02  3.11038822E-02
  5.00000000E-01  2.14767500E+00 -1.78111929E+00 -5.11064199E-02  3.85406415E-01  0.00000000E+00  4.64218872E-02  3.08226732E-02
  5.00000000E-01  2.14791000E+00 -1.78162559E+00 -5.08691385E-02  3.85484593E-01  0.00000000E+00  4.61428746E-02  3.05392209E-02
  5.00000000E-01  2.14814500E+00 -1.78213258E+00 -5.06335104E-02  3.85547209E-01  0.00000000E+00  4.58603715E-02  3.02534900E-02
  5.00000000E-01  2.14838000E+00 -1.78263951E+00 -5.03993214E-02  3.85595561E-01  0.00000000E+00  4.55742675E-02  2.99654452E-02
  5.00000000E-01  2.14861500E+00 -1.78314565E+00 -5.01663570E-02  3.85630947E-01  0.00000000E+00  4.52844522E-02  2.96750513E-02
  5.00000000E-01  2.14885000E+00 -1.78365027E+00 -4.99344027E-02  3.85654665E-01  0.00000000E+00  4.49908150E-02  2.93822730E-02
  5.00000000E-01  2.14908500E+00 -1.78415263E+00 -4.97032443E-02  3.85668014E-01  0.00000000E+00  4.46932455E-02  2.90870752E-02
  5.00000000E-01  2.14932000E+00 -1.78465199E+00 -4.94726673E-02  3.85672291E-01  0.00000000E+00  4.43916333E-02  2.87894225E-02
  5.00000000E-01  2.14955500E+00 -1.78514760E+00 -4.92424574E-02  3.85668795E-01  0.00000000E+00  4.40858678E-02  2.84892797E-02
  5.00000000E-01  2.14979000E+00 -1.78563875E+00 -4.90124000E-02  3.85658825E-01  0.00000000E+00  4.37758386E-02  2.81866115E-02
  5.00000000E-01  2.15002500E+00 -1.78612468E+00 -4.87822809E-02  3.85643677E-01  0.00000000E+00  4.34614353E-02  2.78813828E-02
  5.00000000E-01  2.15026000E+00 -1.78660466E+00 -4.85518856E-02  3.85624651E-01  0.00000000E+00  4.31425474E-02  2.75735581E-02
  5.00000000E-01  2.15049500E+00 -1.78707796E+00 -4.83209997E-02  3.85603045E-01  0.00000000E+00  4.28190644E-02  2.72631024E-02
  5.00000000E-01  2.15073000E+00 -1.78754383E+00 -4.80894089E-02  3.85580157E-01  0.00000000E+00  4.24908759E-02  2.69499803E-02
  5.00000000E-01  2.15096500E+00 -1.78800154E+00 -4.78568987E-02  3.85557284E-01  0.00000000E+00  4.21578713E-02  2.66341566E-02
  5.00000000E-01  2.15120000E+00 -1.78845035E+00 -4.76232547E-02  3.85535726E-01  0.00000000E+00  4.18199403E-02  2.63155961E-02
  5.00000000E-01  2.15143500E+00 -1.78888953E+00 -4.73882626E-02  3.85516780E-01  0.00000000E+00  4.14769724E-02  2.59942634E-02
  5.00000000E-01  2.15167000E+00 -1.78931834E+00 -4.71517080E-02  3.85501745E-01  0.00000000E+00  4.11288570E-02  2.56701234E-02
  5.00000000E-01  2.15190500E+00 -1.78973603E+00 -4.69133764E-02  3.85491918E-01  0.00000000E+00  4.07754838E-02  2.53431408E-02
  5.00000000E-01  2.15214000E+00 -1.79014188E+00 -4.66730534E-02  3.85488598E-01  0.00000000E+00  4.04167423E-02  2.50132803E-02
  5.00000000E-01  2.15237500E+00 -1.79053514E+00 -4.64305247E-02  3.85493084E-01  0.00000000E+00  4.00525220E-02  2.46805067E-02
  5.00000000E-01  2.15261000E+00 -1.79091508E+00 -4.61855759E-02  3.85506673E-01  0.00000000E+00  3.96827125E-02  2.43447848E-02
  5.00000000E-01  2.15284500E+00 -1.79128096E+00 -4.59379925E-02  3.85530663E-01  0.00000000E+00  3.93072032E-02  2.40060792E-02
  5.00000000E-01  2.15308000E+00 -1.79163205E+00 -4.56875603E-02  3.85566353E-01  0.00000000E+00  3.89258838E-02  2.36643548E-02
  5.00000000E-01  2.15331500E+00 -1.79196760E+00 -4.54340646E-02  3.85615041E-01  0.00000000E+00  3.85386437E-02  2.33195762E-02
  5.00000000E-01  2.15355000E+00 -1.79228688E+00 -4.51772913E-02  3.85678025E-01  0.00000000E+00  3.81453726E-02  2.29717084E-02
  5.00000000E-01  2.15378500E+00 -1.79258915E+00 -4.49170258E-02  3.85756604E-01  0.00000000E+00  3.77459598E-02  2.26207159E-02
  5.00000000E-01  2.15402000E+00 -1.79287368E+00 -4.46530539E-02  3.85852075E-01  0.00000000E+00  3.73402951E-02  2.22665635E-02
  5.00000000E-01  2.15425500E+00 -1.79313972E+00 -4.43851610E-02  3.85965736E-01  0.00000000E+00  3.69282678E-02  2.19092160E-02
  5.00000000E-01  2.15449000E+00 -1.79338654E+00 -4.41131328E-02  3.86098886E-01  0.00000000E+00  3.65097676E-02  2.15486382E-02
  5.00000000E-01  2.15472500E+00 -1.79361341E+00 -4.38367549E-02  3.86252824E-01  0.00000000E+00  3.60846840E-02  2.11847948E-02
  5.00000000E-01  2.15496000E+00 -1.79381958E+00 -4.35558129E-02  3.86428846E-01  0.00000000E+00  3.56529065E-02  2.08176504E-02
  5.00000000E-01  2.15519500E+00 -1.79400433E+00 -4.32700924E-02  3.86628252E-01  0.00000000E+00  3.52143247E-02  2.04471700E-02
  5.00000000E-01  2.15543000E+00 -1.79416690E+00 -4.29793790E-02  3.86852340E-01  0.00000000E+00  3.47688281E-02  2.00733182E-02
  5.00000000E-01  2.15566500E+00 -1.79430656E+00 -4.26834583E-02  3.87102407E-01  0.00000000E+00  3.43163061E-02  1.96960598E-02
  5.00000000E-01  2.15590000E+00 -1.79442258E+00 -4.23821159E-02  3.87379752E-01  0.00000000E+00  3.38566485E-02  1.93153596E-02
  5.00000000E-01  2.15613500E+00 -1.79451423E+00 -4.20751375E-02  3.87685674E-01  0.00000000E+00  3.33897447E-02  1.89311822E-02
  5.00000000E-01  2.15637000E+00 -1.79458075E+00 -4.17623085E-02  3.88021470E-01  0.00000000E+00  3.29154842E-02  1.85434925E-02
  5.00000000E-01  2.15660500E+00 -1.79462142E+00 -4.14434147E-02  3.88388438E-01  0.00000000E+00  3.24337566E-02  1.81522551E-02
  5.00000000E-01  2.15684000E+00 -1.79463549E+00 -4.11182416E-02  3.88787877E-01  0.00000000E+00  3.19444514E-02  1.77574349E-02
  5.00000000E-01  2.15707500E+00 -1.79462224E+00 -4.07865748E-02  3.89221085E-01  0.00000000E+00  3.14474581E-02  1.73589966E-02
  5.00000000E-01  2.15731000E+00 -1.79458092E+00 -4.04482000E-02  3.89689360E-01  0.00000000E+00  3.09426663E-02  1.69569049E-02
  5.00000000E-01  2.15754500E+00 -1.79445514E+00 -4.01296430E-02  3.90009594E-01  0.00000000E+00  3.04008980E-02  1.65404311E-02
  5.00000000E-01  2.15778000E+00 -1.79428430E+00 -3.99150745E-02  3.89602522E-01  0.00000000E+00  2.97440407E-02  1.60774652E-02
  5.00000000E-01  2.15801500E+00 -1.79440283E+00 -3.96898869E-02  3.89254700E-01  0.00000000E+00  2.91048328E-02  1.56150066E-02
  5.00000000E-01  2.15825000E+00 -1.79474335E+00 -3.94534772E-02  3.88963872E-01  0.00000000E+00  2.84824688E-02  1.51533878E-02
  5.00000000E-01  2.15848500E+00 -1.79523848E+00 -3.92052424E-02  3.88727780E-01  0.00000000E+00  2.78761434E-02  1.46929410E-02
  5.00000000E-01  2.15872000E+00 -1.79582081E+00 -3.89445797E-02  3.88544167E-01  0.00000000E+00  2.72850510E-02  1.42339986E-02
  5.00000000E-01  2.15895500E+00 -1.79642296E+00 -3.86708861E-02  3.88410777E-01  0.00000000E+00  2.67083863E-02  1.37768928E-02
  5.00000000E-01  2.15919000E+00 -1.79697755E+00 -3.83835587E-02  3.88325352E-01  0.00000000E+00  2.61453438E-02  1.33219560E-02
  5.00000000E-01  2.15942500E+00 -1.79741718E+00 -3.80819945E-02  3.88285636E-01  0.00000000E+00  2.55951181E-02  1.28695204E-02
  5.00000000E-01  2.15966000E+00 -1.79767447E+00 -3.77655906E-02  3.88289370E-01  0.00000000E+00  2.50569038E-02  1.24199184E-02
  5.00000000E-01  2.15989500E+00 -1.79768202E+00 -3.74337440E-02  3.88334298E-01  0.00000000E+00  2.45298954E-02  1.19734823E-02
  5.00000000E-01  2.16013000E+00 -1.79737246E+00 -3.70858519E-02  3.88418163E-01  0.00000000E+00  2.40132876E-02  1.15305444E-02
  5.00000000E-01  2.16036500E+00 -1.79667838E+00 -3.67213113E-02  3.88538708E-01  0.00000000E+00  2.35062748E-02  1.10914370E-02
  5.00000000E-01  2.16060000E+00 -1.79553241E+00 -3.63395193E-02  3.88693675E-01  0.00000000E+00  2.30080517E-02  1.06564924E-02
  5.00000000E-01  2.16083500E+00 -1.79386714E+00 -3.59398729E-02  3.88880808E-01  0.00000000E+00  2.25178128E-02  1.02260430E-02
  5.00000000E-01  2.16107000E+00 -1.79161520E+00 -3.55217692E-02  3.89097850E-01  0.00000000E+00  2.20347527E-02  9.80042094E-03
  5.00000000E-01  2.16130500E+00 -1.78870920E+00 -3.50846053E-02  3.89342543E-01  0.00000000E+00  2.15580659E-02  9.37995864E-03
  5.00000000E-01  2.16154000E+00 -1.78508174E+00 -3.46277783E-02  3.89612630E-01  0.00000000E+00  2.10869471E-02  8.96498839E-03
  5.00000000E-01  2.16177500E+00 -1.78066544E+00 -3.41506851E-02  3.89905854E-01  0.00000000E+00  2.06205909E-02  8.55584249E-03
  5.00000000E-01  2.16201000E+00 -1.77539291E+00 -3.36527230E-02  3.90219959E-01  0.00000000E+00  2.01581917E-02  8.15285325E-03
  5.00000000E-01  2.16224500E+00 -1.76919676E+00 -3.31332888E-02  3.90552686E-01  0.00000000E+00  1.96989441E-02  7.75635299E-03
  5.00000000E-01  2.16248000E+00 -1.76200960E+00 -3.25917798E-02  3.90901780E-01  0.00000000E+00  1.92420428E-02  7.36667401E-03
  5.00000000E-01  2.16271500E+00 -1.75376405E+00 -3.20275929E-02  3.91264982E-01  0.00000000E+00  1.87866823E-02  6.98414862E-03
  5.00000000E-01  2.16295000E+00 -1.74439271E+00 -3.14401253E-02  3.91640037E-01  0.00000000E+00  1.83320572E-02  6.60910913E-03
  5.00000000E-01  2.16318500E+00 -1.73382819E+00 -3.08287741E-02  3.92024685E-01  0.00000000E+00  1.78773620E-02  6.24188784E-03
  5.00000000E-01  2.16342000E+00 -1.72200311E+00 -3.01929362E-02  3.92416672E-01  0.00000000E+00  1.74217913E-02  5.88281707E-03
  5.00000000E-01  2.16365500E+00 -1.70885008E+00 -2.95320087E-02  3.92813739E-01  0.00000000E+00  1.69645397E-02  5.53222912E-03
  5.00000000E-01  2.16389000E+00 -1.69430171E+00 -2.88453887E-02  3.93213629E-01  0.00000000E+00  1.65048017E-02  5.19045631E-03
  5.00000000E-01  2.16412500E+00 -1.67829061E+00 -2.81324734E-02  3.93614086E-01  0.00000000E+00  1.60417720E-02  4.85783094E-03
  5.00000000E-01  2.16436000E+00 -1.66074939E+00 -2.73926597E-02  3.94012852E-01  0.00000000E+00  1.55746450E-02  4.53468532E-03
  5.00000000E-01  2.16459500E+00 -1.64161067E+00 -2.66253447E-02  3.94407670E-01  0.00000000E+00  1.51026155E-02  4.22135176E-03
  5.00000000E-01  2.16483000E+00 -1.62080705E+00 -2.58299254E-02  3.94796283E-01  0.00000000E+00  1.46248778E-02  3.91816256E-03
  5.00000000E-01  2.16506500E+00 -1.59827114E+00 -2.50057991E-02  3.95176434E-01  0.00000000E+00  1.41406267E-02  3.62545004E-03
  5.00000000E-01  2.16530000E+00 -1.57393557E+00 -2.41523626E-02  3.95545866E-01  0.00000000E+00  1.36490567E-02  3.34354651E-03
  5.00000000E-01  2.16553500E+00 -1.54773293E+00 -2.32690132E-02  3.95902321E-01  0.00000000E+00  1.31493623E-02  3.07278427E-03
  5.00000000E-01  2.16577000E+00 -1.51959584E+00 -2.23551477E-02  3.96243544E-01  0.00000000E+00  1.26407381E-02  2.81349563E-03
  5.00000000E-01  2.16600500E+00 -1.48945691E+00 -2.14101634E-02  3.96567276E-01  0.00000000E+00  1.21223788E-02  2.56601290E-03
  5.00000000E-01  2.16624000E+00 -1.45724876E+00 -2.04334573E-02  3.96871260E-01  0.00000000E+00  1.15934788E-02  2.33066840E-03
  5.00000000E-01  2.16647500E+00 -1.42290399E+00 -1.94244265E-02  3.97153240E-01  0.00000000E+00  1.10532327E-02  2.10779442E-03
  5.00000000E-01  2.16671000E+00 -1.38635521E+00 -1.83824680E-02  3.97410958E-01  0.00000000E+00  1.05008352E-02  1.89772327E-03
  5.00000000E-01  2.16694500E+00 -1.34753505E+00 -1.73069788E-02  3.97642157E-01  0.00000000E+00  9.93548070E-03  1.70078728E-03
  5.00000000E-01  2.16718000E+00 -1.30637610E+00 -1.61973561E-02  3.97844581E-01  0.00000000E+00  9.35636388E-03  1.51731873E-03
  5.00000000E-01  2.16741500E+00 -1.26281098E+00 -1.50529970E-02  3.98015971E-01  0.00000000E+00  8.76267929E-03  1.34764995E-03
  5.00000000E-01  2.16765000E+00 -1.21677229E+00 -1.38732984E-02  3.98154072E-01  0.00000000E+00  8.15362149E-03  1.19211324E-03
  5.00000000E-01  2.16788500E+00 -1.16819267E+00 -1.26576575E-02  3.98256625E-01  0.00000000E+00  7.52838506E-03  1.05104091E-03
  5.00000000E-01  2.16812000E+00 -1.11700470E+00 -1.14054713E-02  3.98321375E-01  0.00000000E+00  6.88616456E-03  9.24765271E-04
  5.00000000E-01  2.16835500E+00 -1.06314101E+00 -1.01161369E-02  3.98346063E-01  0.00000000E+00  6.22615457E-03  8.13618627E-04
  5.00000000E-01  2.16859000E+00 -1.00653420E+00 -8.78905138E-03  3.98328432E-01  0.00000000E+00  5.54754966E-03  7.17933290E-04
  5.00000000E-01  2.16882500E+00 -9.47116895E-01 -7.42361177E-03  3.98266226E-01  0.00000000E+00  4.84954441E-03  6.38041567E-04
  5.00000000E-01  2.16906000E+00 -8.84821695E-01 -6.01921516E-03  3.98157187E-01  0.00000000E+00  4.13133337E-03  5.74275767E-04
  5.00000000E-01  2.16929500E+00 -8.19581214E-01 -4.57525861E-03  3.97999059E-01  0.00000000E+00  3.39211113E-03  5.26968199E-04
  5.00000000E-01  2.16953000E+00 -7.51328065E-01 -3.09113919E-03  3.97789584E-01  0.00000000E+00  2.63107225E-03  4.96451171E-04
  5.00000000E-01  2.16976500E+00 -6.79994858E-01 -1.56625396E-03  3.97526505E-01  0.00000000E+00  1.84741131E-03  4.83056993E-04
  5.00000000E-01  2.17000000E+00 -6.05514204E-01 -9.22723928E-14  3.97207566E-01  0.00000000E+00  1.04032288E-03  4.87117973E-04
