               X               Y            VELX            VELY            PRES            TEMP            PS 1            PS 2  1.00000000E+01
 -3.39900000E-01  1.93500000E+00  4.51571493E-15  0.00000000E+00  1.10660537E+00  0.00000000E+00  1.90301984E-16  8.87468518E-31
 -3.39900000E-01  1.93523500E+00 -6.90692115E-03  0.00000000E+00  1.11797133E+00  0.00000000E+00  1.98312467E-04  1.26228445E-05
 -3.39900000E-01  1.93547000E+00 -1.38000146E-02  0.00000000E+00  1.12848704E+00  0.00000000E+00  3.95366508E-04  5.04913781E-05
 -3.39900000E-01  1.93570500E+00 -2.06792804E-02  0.00000000E+00  1.13817543E+00  0.00000000E+00  5.91093602E-04  1.13605601E-04
 -3.39900000E-01  1.93594000E+00 -2.75447186E-02  0.00000000E+00  1.14705940E+00  0.00000000E+00  7.85425230E-04  2.01965512E-04
 -3.39900000E-01  1.93617500E+00 -3.43963291E-02  0.00000000E+00  1.15516187E+00  0.00000000E+00  9.78292872E-04  3.15571113E-04
 -3.39900000E-01  1.93641000E+00 -4.12341119E-02  0.00000000E+00  1.16250575E+00  0.00000000E+00  1.16962801E-03  4.54422403E-04
 -3.39900000E-01  1.93664500E+00 -4.80580670E-02  0.00000000E+00  1.16911397E+00  0.00000000E+00  1.35936212E-03  6.18519381E-04
 -3.39900000E-01  1.93688000E+00 -5.48681945E-02  0.00000000E+00  1.17500944E+00  0.00000000E+00  1.54742669E-03  8.07862049E-04
 -3.39900000E-01  1.93711500E+00 -6.16644943E-02  0.00000000E+00  1.18021507E+00  0.00000000E+00  1.73375320E-03  1.02245041E-03
 -3.39900000E-01  1.93735000E+00 -6.84469664E-02  0.00000000E+00  1.18475379E+00  0.00000000E+00  1.91827312E-03  1.26228445E-03
 -3.39900000E-01  1.93758500E+00 -7.52156108E-02  0.00000000E+00  1.18864849E+00  0.00000000E+00  2.10091794E-03  1.52736419E-03
 -3.39900000E-01  1.93782000E+00 -8.19704276E-02  0.00000000E+00  1.19192211E+00  0.00000000E+00  2.28161914E-03  1.81768961E-03
 -3.39900000E-01  1.93805500E+00 -8.87114167E-02  0.00000000E+00  1.19459755E+00  0.00000000E+00  2.46030820E-03  2.13326072E-03
 -3.39900000E-01  1.93829000E+00 -9.54385782E-02  0.00000000E+00  1.19669774E+00  0.00000000E+00  2.63691660E-03  2.47407753E-03
 -3.39900000E-01  1.93852500E+00 -1.02151912E-01  0.00000000E+00  1.19824558E+00  0.00000000E+00  2.81137581E-03  2.84014002E-03
 -3.39900000E-01  1.93876000E+00 -1.08851418E-01  0.00000000E+00  1.19926400E+00  0.00000000E+00  2.98361733E-03  3.23144820E-03
 -3.39900000E-01  1.93899500E+00 -1.15537096E-01  0.00000000E+00  1.19977591E+00  0.00000000E+00  3.15357263E-03  3.64800207E-03
 -3.39900000E-01  1.93923000E+00 -1.22208947E-01  0.00000000E+00  1.19980422E+00  0.00000000E+00  3.32117319E-03  4.08980162E-03
 -3.39900000E-01  1.93946500E+00 -1.28866970E-01  0.00000000E+00  1.19937185E+00  0.00000000E+00  3.48635049E-03  4.55684687E-03
 -3.39900000E-01  1.93970000E+00 -1.35511166E-01  0.00000000E+00  1.19850172E+00  0.00000000E+00  3.64903601E-03  5.04913781E-03
 -3.39900000E-01  1.93993500E+00 -1.42141534E-01  0.00000000E+00  1.19721674E+00  0.00000000E+00  3.80916123E-03  5.56667443E-03
 -3.39900000E-01  1.94017000E+00 -1.48758074E-01  0.00000000E+00  1.19553983E+00  0.00000000E+00  3.96665764E-03  6.10945675E-03
 -3.39900000E-01  1.94040500E+00 -1.55360786E-01  0.00000000E+00  1.19349391E+00  0.00000000E+00  4.12145671E-03  6.67748475E-03
 -3.39900000E-01  1.94064000E+00 -1.61949671E-01  0.00000000E+00  1.19110188E+00  0.00000000E+00  4.27348993E-03  7.27075844E-03
 -3.39900000E-01  1.94087500E+00 -1.68524728E-01  0.00000000E+00  1.18838666E+00  0.00000000E+00  4.42268877E-03  7.88927783E-03
 -3.39900000E-01  1.94111000E+00 -1.75085957E-01  0.00000000E+00  1.18537118E+00  0.00000000E+00  4.56898472E-03  8.53304290E-03
 -3.39900000E-01  1.94134500E+00 -1.81633359E-01  0.00000000E+00  1.18207834E+00  0.00000000E+00  4.71230925E-03  9.20205366E-03
 -3.39900000E-01  1.94158000E+00 -1.88166933E-01  0.00000000E+00  1.17853107E+00  0.00000000E+00  4.85259385E-03  9.89631010E-03
 -3.39900000E-01  1.94181500E+00 -1.94686679E-01  0.00000000E+00  1.17475227E+00  0.00000000E+00  4.98976999E-03  1.06158122E-02
 -3.39900000E-01  1.94205000E+00 -2.01192598E-01  0.00000000E+00  1.17076487E+00  0.00000000E+00  5.12376917E-03  1.13605601E-02
 -3.39900000E-01  1.94228500E+00 -2.07684689E-01  0.00000000E+00  1.16659177E+00  0.00000000E+00  5.25452285E-03  1.21305536E-02
 -3.39900000E-01  1.94252000E+00 -2.14162953E-01  0.00000000E+00  1.16225590E+00  0.00000000E+00  5.38196252E-03  1.29257928E-02
 -3.39900000E-01  1.94275500E+00 -2.20627388E-01  0.00000000E+00  1.15778017E+00  0.00000000E+00  5.50601965E-03  1.37462777E-02
 -3.39900000E-01  1.94299000E+00 -2.27077996E-01  0.00000000E+00  1.15318750E+00  0.00000000E+00  5.62662574E-03  1.45920083E-02
 -3.39900000E-01  1.94322500E+00 -2.33514777E-01  0.00000000E+00  1.14850080E+00  0.00000000E+00  5.74371226E-03  1.54629845E-02
 -3.39900000E-01  1.94346000E+00 -2.39937729E-01  0.00000000E+00  1.14374298E+00  0.00000000E+00  5.85721069E-03  1.63592065E-02
 -3.39900000E-01  1.94369500E+00 -2.46346854E-01  0.00000000E+00  1.13893697E+00  0.00000000E+00  5.96705251E-03  1.72806741E-02
 -3.39900000E-01  1.94393000E+00 -2.52742152E-01  0.00000000E+00  1.13410568E+00  0.00000000E+00  6.07316919E-03  1.82273875E-02
 -3.39900000E-01  1.94416500E+00 -2.59123622E-01  0.00000000E+00  1.12927202E+00  0.00000000E+00  6.17549224E-03  1.91993465E-02
 -3.39900000E-01  1.94440000E+00 -2.65491264E-01  0.00000000E+00  1.12445892E+00  0.00000000E+00  6.27395311E-03  2.01965512E-02
 -3.39900000E-01  1.94463500E+00 -2.71845078E-01  0.00000000E+00  1.11968927E+00  0.00000000E+00  6.36848330E-03  2.12190016E-02
 -3.39900000E-01  1.94487000E+00 -2.78185065E-01  0.00000000E+00  1.11498601E+00  0.00000000E+00  6.45901428E-03  2.22666977E-02
 -3.39900000E-01  1.94510500E+00 -2.84511224E-01  0.00000000E+00  1.11037205E+00  0.00000000E+00  6.54547753E-03  2.33396395E-02
 -3.39900000E-01  1.94534000E+00 -2.90823555E-01  0.00000000E+00  1.10587030E+00  0.00000000E+00  6.62780454E-03  2.44378270E-02
 -3.39900000E-01  1.94557500E+00 -2.97122059E-01  0.00000000E+00  1.10150368E+00  0.00000000E+00  6.70592679E-03  2.55612602E-02
 -3.39900000E-01  1.94581000E+00 -3.03406735E-01  0.00000000E+00  1.09729510E+00  0.00000000E+00  6.77977575E-03  2.67099390E-02
 -3.39900000E-01  1.94604500E+00 -3.09677583E-01  0.00000000E+00  1.09326749E+00  0.00000000E+00  6.84928290E-03  2.78838635E-02
 -3.39900000E-01  1.94628000E+00 -3.15934604E-01  0.00000000E+00  1.08944375E+00  0.00000000E+00  6.91437973E-03  2.90830338E-02
 -3.39900000E-01  1.94651500E+00 -3.22177797E-01  0.00000000E+00  1.08584680E+00  0.00000000E+00  6.97499772E-03  3.03074497E-02
 -3.39900000E-01  1.94675000E+00 -3.28407162E-01  0.00000000E+00  1.08249956E+00  0.00000000E+00  7.03106835E-03  3.15571113E-02
 -3.39900000E-01  1.94698500E+00 -3.34622700E-01  0.00000000E+00  1.07942494E+00  0.00000000E+00  7.08252309E-03  3.28320186E-02
 -3.39900000E-01  1.94722000E+00 -3.40824410E-01  0.00000000E+00  1.07664586E+00  0.00000000E+00  7.12929344E-03  3.41321716E-02
 -3.39900000E-01  1.94745500E+00 -3.47012292E-01  0.00000000E+00  1.07418523E+00  0.00000000E+00  7.17131086E-03  3.54575703E-02
 -3.39900000E-01  1.94769000E+00 -3.53186347E-01  0.00000000E+00  1.07092811E+00  0.00000000E+00  7.22158298E-03  3.68082146E-02
 -3.39900000E-01  1.94792500E+00 -3.59346573E-01  0.00000000E+00  1.06752599E+00  0.00000000E+00  7.27304394E-03  3.81841047E-02
 -3.39900000E-01  1.94816000E+00 -3.65492973E-01  0.00000000E+00  1.06422301E+00  0.00000000E+00  7.32293251E-03  3.95852404E-02
 -3.39900000E-01  1.94839500E+00 -3.71625544E-01  0.00000000E+00  1.06101766E+00  0.00000000E+00  7.37127478E-03  4.10116218E-02
 -3.39900000E-01  1.94863000E+00 -3.77744288E-01  0.00000000E+00  1.05790843E+00  0.00000000E+00  7.41809682E-03  4.24632490E-02
 -3.39900000E-01  1.94886500E+00 -3.83849205E-01  0.00000000E+00  1.05489381E+00  0.00000000E+00  7.46342472E-03  4.39401218E-02
 -3.39900000E-01  1.94910000E+00 -3.89940293E-01  0.00000000E+00  1.05197228E+00  0.00000000E+00  7.50728456E-03  4.54422403E-02
 -3.39900000E-01  1.94933500E+00 -3.96017554E-01  0.00000000E+00  1.04914234E+00  0.00000000E+00  7.54970241E-03  4.69696045E-02
 -3.39900000E-01  1.94957000E+00 -4.02080988E-01  0.00000000E+00  1.04640246E+00  0.00000000E+00  7.59070437E-03  4.85222143E-02
 -3.39900000E-01  1.94980500E+00 -4.08130593E-01  0.00000000E+00  1.04375113E+00  0.00000000E+00  7.63031651E-03  5.01000699E-02
 -3.39900000E-01  1.95004000E+00 -4.14166371E-01  0.00000000E+00  1.04118685E+00  0.00000000E+00  7.66856491E-03  5.17031712E-02
 -3.39900000E-01  1.95027500E+00 -4.20188321E-01  0.00000000E+00  1.03870810E+00  0.00000000E+00  7.70547566E-03  5.33315181E-02
 -3.39900000E-01  1.95051000E+00 -4.26196444E-01  0.00000000E+00  1.03631337E+00  0.00000000E+00  7.74107483E-03  5.49851107E-02
 -3.39900000E-01  1.95074500E+00 -4.32190739E-01  0.00000000E+00  1.03400114E+00  0.00000000E+00  7.77538850E-03  5.66639491E-02
 -3.39900000E-01  1.95098000E+00 -4.38171206E-01  0.00000000E+00  1.03176990E+00  0.00000000E+00  7.80844276E-03  5.83680331E-02
 -3.39900000E-01  1.95121500E+00 -4.44137846E-01  0.00000000E+00  1.02961814E+00  0.00000000E+00  7.84026369E-03  6.00973628E-02
 -3.39900000E-01  1.95145000E+00 -4.50090658E-01  0.00000000E+00  1.02754435E+00  0.00000000E+00  7.87087736E-03  6.18519381E-02
 -3.39900000E-01  1.95168500E+00 -4.56029642E-01  0.00000000E+00  1.02554701E+00  0.00000000E+00  7.90030987E-03  6.36317592E-02
 -3.39900000E-01  1.95192000E+00 -4.61954799E-01  0.00000000E+00  1.02362461E+00  0.00000000E+00  7.92858728E-03  6.54368260E-02
 -3.39900000E-01  1.95215500E+00 -4.67866127E-01  0.00000000E+00  1.02177564E+00  0.00000000E+00  7.95573568E-03  6.72671384E-02
 -3.39900000E-01  1.95239000E+00 -4.73763629E-01  0.00000000E+00  1.01999858E+00  0.00000000E+00  7.98178116E-03  6.91226966E-02
 -3.39900000E-01  1.95262500E+00 -4.79647302E-01  0.00000000E+00  1.01829193E+00  0.00000000E+00  8.00674979E-03  7.10035004E-02
 -3.39900000E-01  1.95286000E+00 -4.85517148E-01  0.00000000E+00  1.01665417E+00  0.00000000E+00  8.03066765E-03  7.29095499E-02
 -3.39900000E-01  1.95309500E+00 -4.91373166E-01  0.00000000E+00  1.01508378E+00  0.00000000E+00  8.05356083E-03  7.48408452E-02
 -3.39900000E-01  1.95333000E+00 -4.97215357E-01  0.00000000E+00  1.01357926E+00  0.00000000E+00  8.07545541E-03  7.67973861E-02
 -3.39900000E-01  1.95356500E+00 -5.03043720E-01  0.00000000E+00  1.01213909E+00  0.00000000E+00  8.09637746E-03  7.87791726E-02
 -3.39900000E-01  1.95380000E+00 -5.08858255E-01  0.00000000E+00  1.01076176E+00  0.00000000E+00  8.11635307E-03  8.07862049E-02
 -3.39900000E-01  1.95403500E+00 -5.14658963E-01  0.00000000E+00  1.00944576E+00  0.00000000E+00  8.13540832E-03  8.28184829E-02
 -3.39900000E-01  1.95427000E+00 -5.20445843E-01  0.00000000E+00  1.00818957E+00  0.00000000E+00  8.15356928E-03  8.48760066E-02
 -3.39900000E-01  1.95450500E+00 -5.26218895E-01  0.00000000E+00  1.00699168E+00  0.00000000E+00  8.17086205E-03  8.69587759E-02
 -3.39900000E-01  1.95474000E+00 -5.31978119E-01  0.00000000E+00  1.00585058E+00  0.00000000E+00  8.18731270E-03  8.90667909E-02
 -3.39900000E-01  1.95497500E+00 -5.37723516E-01  0.00000000E+00  1.00476475E+00  0.00000000E+00  8.20294731E-03  9.12000517E-02
 -3.39900000E-01  1.95521000E+00 -5.43455085E-01  0.00000000E+00  1.00373269E+00  0.00000000E+00  8.21779197E-03  9.33585581E-02
 -3.39900000E-01  1.95544500E+00 -5.49172827E-01  0.00000000E+00  1.00275288E+00  0.00000000E+00  8.23187275E-03  9.55423102E-02
 -3.39900000E-01  1.95568000E+00 -5.54876741E-01  0.00000000E+00  1.00182380E+00  0.00000000E+00  8.24521574E-03  9.77513080E-02
 -3.39900000E-01  1.95591500E+00 -5.60566827E-01  0.00000000E+00  1.00094395E+00  0.00000000E+00  8.25784701E-03  9.99855514E-02
 -3.39900000E-01  1.95615000E+00 -5.66243086E-01  0.00000000E+00  1.00011181E+00  0.00000000E+00  8.26979265E-03  1.02245041E-01
 -3.39900000E-01  1.95638500E+00 -5.71905516E-01  0.00000000E+00  9.99325873E-01  0.00000000E+00  8.28107874E-03  1.04529775E-01
 -3.39900000E-01  1.95662000E+00 -5.77554120E-01  0.00000000E+00  9.98584619E-01  0.00000000E+00  8.29173135E-03  1.06839756E-01
 -3.39900000E-01  1.95685500E+00 -5.83188895E-01  0.00000000E+00  9.97886539E-01  0.00000000E+00  8.30177658E-03  1.09174982E-01
 -3.39900000E-01  1.95709000E+00 -5.88809843E-01  0.00000000E+00  9.97230120E-01  0.00000000E+00  8.31124050E-03  1.11535454E-01
 -3.39900000E-01  1.95732500E+00 -5.94416963E-01  0.00000000E+00  9.96613849E-01  0.00000000E+00  8.32014920E-03  1.13921172E-01
 -3.39900000E-01  1.95756000E+00 -6.00010256E-01  0.00000000E+00  9.96036213E-01  0.00000000E+00  8.32852874E-03  1.16332135E-01
 -3.39900000E-01  1.95779500E+00 -6.05589720E-01  0.00000000E+00  9.95495700E-01  0.00000000E+00  8.33640522E-03  1.18768344E-01
 -3.39900000E-01  1.95803000E+00 -6.11155358E-01  0.00000000E+00  9.94990798E-01  0.00000000E+00  8.34380472E-03  1.21229799E-01
 -3.39900000E-01  1.95826500E+00 -6.16707167E-01  0.00000000E+00  9.94519992E-01  0.00000000E+00  8.35075331E-03  1.23716499E-01
 -3.39900000E-01  1.95850000E+00 -6.22245149E-01  0.00000000E+00  9.94081771E-01  0.00000000E+00  8.35727708E-03  1.26228445E-01
 -3.39900000E-01  1.95873500E+00 -6.27769303E-01  0.00000000E+00  9.93674622E-01  0.00000000E+00  8.36340210E-03  1.28765637E-01
 -3.39900000E-01  1.95897000E+00 -6.33279630E-01  0.00000000E+00  9.93297032E-01  0.00000000E+00  8.36915447E-03  1.31328074E-01
 -3.39900000E-01  1.95920500E+00 -6.38776128E-01  0.00000000E+00  9.92947489E-01  0.00000000E+00  8.37456026E-03  1.33915758E-01
 -3.39900000E-01  1.95944000E+00 -6.44258800E-01  0.00000000E+00  9.92624479E-01  0.00000000E+00  8.37964554E-03  1.36528686E-01
 -3.39900000E-01  1.95967500E+00 -6.49727643E-01  0.00000000E+00  9.92326490E-01  0.00000000E+00  8.38443641E-03  1.39166861E-01
 -3.39900000E-01  1.95991000E+00 -6.55182659E-01  0.00000000E+00  9.92052010E-01  0.00000000E+00  8.38895894E-03  1.41830281E-01
 -3.39900000E-01  1.96014500E+00 -6.60623847E-01  0.00000000E+00  9.91929323E-01  0.00000000E+00  8.39254491E-03  1.44518947E-01
 -3.39900000E-01  1.96038000E+00 -6.66051207E-01  0.00000000E+00  9.91919883E-01  0.00000000E+00  8.39535994E-03  1.47232858E-01
 -3.39900000E-01  1.96061500E+00 -6.71464740E-01  0.00000000E+00  9.91945577E-01  0.00000000E+00  8.39781393E-03  1.49972016E-01
 -3.39900000E-01  1.96085000E+00 -6.76864445E-01  0.00000000E+00  9.92006122E-01  0.00000000E+00  8.39991251E-03  1.52736419E-01
 -3.39900000E-01  1.96108500E+00 -6.82250323E-01  0.00000000E+00  9.92101234E-01  0.00000000E+00  8.40166132E-03  1.55526067E-01
 -3.39900000E-01  1.96132000E+00 -6.87622373E-01  0.00000000E+00  9.92230632E-01  0.00000000E+00  8.40306600E-03  1.58340962E-01
 -3.39900000E-01  1.96155500E+00 -6.92980595E-01  0.00000000E+00  9.92394033E-01  0.00000000E+00  8.40413218E-03  1.61181102E-01
 -3.39900000E-01  1.96179000E+00 -6.98324989E-01  0.00000000E+00  9.92591154E-01  0.00000000E+00  8.40486551E-03  1.64046487E-01
 -3.39900000E-01  1.96202500E+00 -7.03655556E-01  0.00000000E+00  9.92821712E-01  0.00000000E+00  8.40527162E-03  1.66937119E-01
 -3.39900000E-01  1.96226000E+00 -7.08972295E-01  0.00000000E+00  9.93085425E-01  0.00000000E+00  8.40535616E-03  1.69852996E-01
 -3.39900000E-01  1.96249500E+00 -7.14275206E-01  0.00000000E+00  9.93382010E-01  0.00000000E+00  8.40512475E-03  1.72794119E-01
 -3.39900000E-01  1.96273000E+00 -7.19564290E-01  0.00000000E+00  9.93711186E-01  0.00000000E+00  8.40458304E-03  1.75760487E-01
 -3.39900000E-01  1.96296500E+00 -7.24839546E-01  0.00000000E+00  9.94072668E-01  0.00000000E+00  8.40373667E-03  1.78752101E-01
 -3.39900000E-01  1.96320000E+00 -7.30100975E-01  0.00000000E+00  9.94466174E-01  0.00000000E+00  8.40259127E-03  1.81768961E-01
 -3.39900000E-01  1.96343500E+00 -7.35348575E-01  0.00000000E+00  9.94891422E-01  0.00000000E+00  8.40115248E-03  1.84811067E-01
 -3.39900000E-01  1.96367000E+00 -7.40582349E-01  0.00000000E+00  9.95348129E-01  0.00000000E+00  8.39942594E-03  1.87878418E-01
 -3.39900000E-01  1.96390500E+00 -7.45802294E-01  0.00000000E+00  9.95836013E-01  0.00000000E+00  8.39741730E-03  1.90971015E-01
 -3.39900000E-01  1.96414000E+00 -7.51008412E-01  0.00000000E+00  9.96354790E-01  0.00000000E+00  8.39513218E-03  1.94088857E-01
 -3.39900000E-01  1.96437500E+00 -7.56200702E-01  0.00000000E+00  9.96904179E-01  0.00000000E+00  8.39257622E-03  1.97231946E-01
 -3.39900000E-01  1.96461000E+00 -7.61379164E-01  0.00000000E+00  9.97483896E-01  0.00000000E+00  8.38975507E-03  2.00400280E-01
 -3.39900000E-01  1.96484500E+00 -7.66543799E-01  0.00000000E+00  9.98093660E-01  0.00000000E+00  8.38667436E-03  2.03593859E-01
 -3.39900000E-01  1.96508000E+00 -7.71694606E-01  0.00000000E+00  9.98733186E-01  0.00000000E+00  8.38333973E-03  2.06812685E-01
 -3.39900000E-01  1.96531500E+00 -7.76831585E-01  0.00000000E+00  9.99402193E-01  0.00000000E+00  8.37975682E-03  2.10056756E-01
 -3.39900000E-01  1.96555000E+00 -7.81954737E-01  0.00000000E+00  1.00010040E+00  0.00000000E+00  8.37593126E-03  2.13326072E-01
 -3.39900000E-01  1.96578500E+00 -7.87064061E-01  0.00000000E+00  1.00082752E+00  0.00000000E+00  8.37186870E-03  2.16620635E-01
 -3.39900000E-01  1.96602000E+00 -7.92159558E-01  0.00000000E+00  1.00158327E+00  0.00000000E+00  8.36757478E-03  2.19940443E-01
 -3.39900000E-01  1.96625500E+00 -7.97241226E-01  0.00000000E+00  1.00236738E+00  0.00000000E+00  8.36305512E-03  2.23285497E-01
 -3.39900000E-01  1.96649000E+00 -8.02309067E-01  0.00000000E+00  1.00317955E+00  0.00000000E+00  8.35831537E-03  2.26655796E-01
 -3.39900000E-01  1.96672500E+00 -8.07363081E-01  0.00000000E+00  1.00401950E+00  0.00000000E+00  8.35336117E-03  2.30051341E-01
 -3.39900000E-01  1.96696000E+00 -8.12403266E-01  0.00000000E+00  1.00488696E+00  0.00000000E+00  8.34819816E-03  2.33472132E-01
 -3.39900000E-01  1.96719500E+00 -8.17429624E-01  0.00000000E+00  1.00578164E+00  0.00000000E+00  8.34283197E-03  2.36918169E-01
 -3.39900000E-01  1.96743000E+00 -8.22442155E-01  0.00000000E+00  1.00670326E+00  0.00000000E+00  8.33726824E-03  2.40389451E-01
 -3.39900000E-01  1.96766500E+00 -8.27440858E-01  0.00000000E+00  1.00765153E+00  0.00000000E+00  8.33151261E-03  2.43885979E-01
 -3.39900000E-01  1.96790000E+00 -8.32425733E-01  0.00000000E+00  1.00862617E+00  0.00000000E+00  8.32557072E-03  2.47407753E-01
 -3.39900000E-01  1.96813500E+00 -8.37396780E-01  0.00000000E+00  1.00962690E+00  0.00000000E+00  8.31944821E-03  2.50954772E-01
 -3.39900000E-01  1.96837000E+00 -8.42354000E-01  0.00000000E+00  1.01065344E+00  0.00000000E+00  8.31315071E-03  2.54527037E-01
 -3.39900000E-01  1.96860500E+00 -8.47297392E-01  0.00000000E+00  1.01170550E+00  0.00000000E+00  8.30668387E-03  2.58124548E-01
 -3.39900000E-01  1.96884000E+00 -8.52226956E-01  0.00000000E+00  1.01278280E+00  0.00000000E+00  8.30005332E-03  2.61747304E-01
 -3.39900000E-01  1.96907500E+00 -8.57142693E-01  0.00000000E+00  1.01388506E+00  0.00000000E+00  8.29326470E-03  2.65395306E-01
 -3.39900000E-01  1.96931000E+00 -8.62044602E-01  0.00000000E+00  1.01501200E+00  0.00000000E+00  8.28632364E-03  2.69068554E-01
 -3.39900000E-01  1.96954500E+00 -8.66932683E-01  0.00000000E+00  1.01616333E+00  0.00000000E+00  8.27923579E-03  2.72767047E-01
 -3.39900000E-01  1.96978000E+00 -8.71806937E-01  0.00000000E+00  1.01733877E+00  0.00000000E+00  8.27200679E-03  2.76490786E-01
 -3.39900000E-01  1.97001500E+00 -8.76667363E-01  0.00000000E+00  1.01853804E+00  0.00000000E+00  8.26464227E-03  2.80239771E-01
 -3.39900000E-01  1.97025000E+00 -8.81513961E-01  0.00000000E+00  1.01976085E+00  0.00000000E+00  8.25714787E-03  2.84014002E-01
 -3.39900000E-01  1.97048500E+00 -8.86346732E-01  0.00000000E+00  1.02100693E+00  0.00000000E+00  8.24952922E-03  2.87813478E-01
 -3.39900000E-01  1.97072000E+00 -8.91165675E-01  0.00000000E+00  1.02227599E+00  0.00000000E+00  8.24179198E-03  2.91638200E-01
 -3.39900000E-01  1.97095500E+00 -8.95970790E-01  0.00000000E+00  1.02356774E+00  0.00000000E+00  8.23394177E-03  2.95488167E-01
 -3.39900000E-01  1.97119000E+00 -9.00762078E-01  0.00000000E+00  1.02488191E+00  0.00000000E+00  8.22598424E-03  2.99363381E-01
 -3.39900000E-01  1.97142500E+00 -9.05539538E-01  0.00000000E+00  1.02621822E+00  0.00000000E+00  8.21792501E-03  3.03263840E-01
 -3.39900000E-01  1.97166000E+00 -9.10303170E-01  0.00000000E+00  1.02757637E+00  0.00000000E+00  8.20976974E-03  3.07189544E-01
 -3.39900000E-01  1.97189500E+00 -9.15052974E-01  0.00000000E+00  1.02895609E+00  0.00000000E+00  8.20152406E-03  3.11140495E-01
 -3.39900000E-01  1.97213000E+00 -9.19788951E-01  0.00000000E+00  1.03035709E+00  0.00000000E+00  8.19319360E-03  3.15116691E-01
 -3.39900000E-01  1.97236500E+00 -9.24511101E-01  0.00000000E+00  1.03177634E+00  0.00000000E+00  8.18475706E-03  3.19118132E-01
 -3.39900000E-01  1.97260000E+00 -9.29219422E-01  0.00000000E+00  1.03319606E+00  0.00000000E+00  8.17606119E-03  3.23144820E-01
 -3.39900000E-01  1.97283500E+00 -9.33913916E-01  0.00000000E+00  1.03463176E+00  0.00000000E+00  8.16727209E-03  3.27196753E-01
 -3.39900000E-01  1.97307000E+00 -9.38594583E-01  0.00000000E+00  1.03608322E+00  0.00000000E+00  8.15839137E-03  3.31273932E-01
 -3.39900000E-01  1.97330500E+00 -9.43261421E-01  0.00000000E+00  1.03755021E+00  0.00000000E+00  8.14942065E-03  3.35376356E-01
 -3.39900000E-01  1.97354000E+00 -9.47914432E-01  0.00000000E+00  1.03903250E+00  0.00000000E+00  8.14036156E-03  3.39504026E-01
 -3.39900000E-01  1.97377500E+00 -9.52553615E-01  0.00000000E+00  1.04052988E+00  0.00000000E+00  8.13121572E-03  3.43656942E-01
 -3.39900000E-01  1.97401000E+00 -9.57178971E-01  0.00000000E+00  1.04204211E+00  0.00000000E+00  8.12198474E-03  3.47835104E-01
 -3.39900000E-01  1.97424500E+00 -9.61790499E-01  0.00000000E+00  1.04356897E+00  0.00000000E+00  8.11267026E-03  3.52038511E-01
 -3.39900000E-01  1.97448000E+00 -9.66388199E-01  0.00000000E+00  1.04511024E+00  0.00000000E+00  8.10327389E-03  3.56267164E-01
 -3.39900000E-01  1.97471500E+00 -9.70972072E-01  0.00000000E+00  1.04666568E+00  0.00000000E+00  8.09379725E-03  3.60521062E-01
 -3.39900000E-01  1.97495000E+00 -9.75542117E-01  0.00000000E+00  1.04823509E+00  0.00000000E+00  8.08424196E-03  3.64800207E-01
 -3.39900000E-01  1.97518500E+00 -9.80098334E-01  0.00000000E+00  1.04981822E+00  0.00000000E+00  8.07460965E-03  3.69104597E-01
 -3.39900000E-01  1.97542000E+00 -9.84640724E-01  0.00000000E+00  1.05141486E+00  0.00000000E+00  8.06490194E-03  3.73434232E-01
 -3.39900000E-01  1.97565500E+00 -9.89169286E-01  0.00000000E+00  1.05302478E+00  0.00000000E+00  8.05512044E-03  3.77789114E-01
 -3.39900000E-01  1.97589000E+00 -9.93684020E-01  0.00000000E+00  1.05464776E+00  0.00000000E+00  8.04526679E-03  3.82169241E-01
 -3.39900000E-01  1.97612500E+00 -9.98184926E-01  0.00000000E+00  1.05628357E+00  0.00000000E+00  8.03534259E-03  3.86574613E-01
 -3.39900000E-01  1.97636000E+00 -1.00267201E+00  0.00000000E+00  1.05793198E+00  0.00000000E+00  8.02534948E-03  3.91005232E-01
 -3.39900000E-01  1.97659500E+00 -1.00714526E+00  0.00000000E+00  1.05959278E+00  0.00000000E+00  8.01528907E-03  3.95461096E-01
 -3.39900000E-01  1.97683000E+00 -1.01160468E+00  0.00000000E+00  1.06126573E+00  0.00000000E+00  8.00516299E-03  3.99942206E-01
 -3.39900000E-01  1.97706500E+00 -1.01605028E+00  0.00000000E+00  1.06295061E+00  0.00000000E+00  7.99497285E-03  4.04448561E-01
 -3.39900000E-01  1.97730000E+00 -1.02048204E+00  0.00000000E+00  1.06464720E+00  0.00000000E+00  7.98472027E-03  4.08980162E-01
 -3.39900000E-01  1.97753500E+00 -1.02489998E+00  0.00000000E+00  1.06635527E+00  0.00000000E+00  7.97440689E-03  4.13537009E-01
 -3.39900000E-01  1.97777000E+00 -1.02930410E+00  0.00000000E+00  1.06807459E+00  0.00000000E+00  7.96403432E-03  4.18119102E-01
 -3.39900000E-01  1.97800500E+00 -1.03369438E+00  0.00000000E+00  1.06980495E+00  0.00000000E+00  7.95360418E-03  4.22726440E-01
 -3.39900000E-01  1.97824000E+00 -1.03807084E+00  0.00000000E+00  1.07154611E+00  0.00000000E+00  7.94311809E-03  4.27359024E-01
 -3.39900000E-01  1.97847500E+00 -1.04243347E+00  0.00000000E+00  1.07329786E+00  0.00000000E+00  7.93257767E-03  4.32016854E-01
 -3.39900000E-01  1.97871000E+00 -1.04678227E+00  0.00000000E+00  1.07505996E+00  0.00000000E+00  7.92198455E-03  4.36699929E-01
 -3.39900000E-01  1.97894500E+00 -1.05111725E+00  0.00000000E+00  1.07683219E+00  0.00000000E+00  7.91134035E-03  4.41408250E-01
 -3.39900000E-01  1.97918000E+00 -1.05543839E+00  0.00000000E+00  1.07861433E+00  0.00000000E+00  7.90064668E-03  4.46141817E-01
 -3.39900000E-01  1.97941500E+00 -1.05974571E+00  0.00000000E+00  1.08040615E+00  0.00000000E+00  7.88990517E-03  4.50900629E-01
 -3.39900000E-01  1.97965000E+00 -1.06403920E+00  0.00000000E+00  1.08220742E+00  0.00000000E+00  7.87911745E-03  4.55684687E-01
 -3.39900000E-01  1.97988500E+00 -1.06831887E+00  0.00000000E+00  1.08401793E+00  0.00000000E+00  7.86828512E-03  4.60493991E-01
 -3.39900000E-01  1.98012000E+00 -1.07258470E+00  0.00000000E+00  1.08583744E+00  0.00000000E+00  7.85740982E-03  4.65328540E-01
 -3.39900000E-01  1.98035500E+00 -1.07683671E+00  0.00000000E+00  1.08766574E+00  0.00000000E+00  7.84649316E-03  4.70188336E-01
 -3.39900000E-01  1.98059000E+00 -1.08107489E+00  0.00000000E+00  1.08950259E+00  0.00000000E+00  7.83553677E-03  4.75073376E-01
 -3.39900000E-01  1.98082500E+00 -1.08529925E+00  0.00000000E+00  1.09134777E+00  0.00000000E+00  7.82454227E-03  4.79983663E-01
 -3.39900000E-01  1.98106000E+00 -1.08950977E+00  0.00000000E+00  1.09320106E+00  0.00000000E+00  7.81351127E-03  4.84919195E-01
 -3.39900000E-01  1.98129500E+00 -1.09370647E+00  0.00000000E+00  1.09506223E+00  0.00000000E+00  7.80244541E-03  4.89879973E-01
 -3.39900000E-01  1.98153000E+00 -1.09788934E+00  0.00000000E+00  1.09693106E+00  0.00000000E+00  7.79134629E-03  4.94865997E-01
 -3.39900000E-01  1.98176500E+00 -1.10205838E+00  0.00000000E+00  1.09880731E+00  0.00000000E+00  7.78021555E-03  4.99877266E-01
 -3.39900000E-01  1.98200000E+00 -1.10621360E+00  0.00000000E+00  1.10069078E+00  0.00000000E+00  7.76905480E-03  5.04913781E-01
 -3.39900000E-01  1.98223500E+00 -1.11035499E+00  0.00000000E+00  1.10258123E+00  0.00000000E+00  7.75786567E-03  5.09975541E-01
 -3.39900000E-01  1.98247000E+00 -1.11448254E+00  0.00000000E+00  1.10447843E+00  0.00000000E+00  7.74664977E-03  5.15062548E-01
 -3.39900000E-01  1.98270500E+00 -1.11859628E+00  0.00000000E+00  1.10638217E+00  0.00000000E+00  7.73540873E-03  5.20174800E-01
 -3.39900000E-01  1.98294000E+00 -1.12269618E+00  0.00000000E+00  1.10829221E+00  0.00000000E+00  7.72414417E-03  5.25312298E-01
 -3.39900000E-01  1.98317500E+00 -1.12678226E+00  0.00000000E+00  1.11020833E+00  0.00000000E+00  7.71285772E-03  5.30475041E-01
 -3.39900000E-01  1.98341000E+00 -1.13085451E+00  0.00000000E+00  1.11213031E+00  0.00000000E+00  7.70155098E-03  5.35663030E-01
 -3.39900000E-01  1.98364500E+00 -1.13491293E+00  0.00000000E+00  1.11405792E+00  0.00000000E+00  7.69022558E-03  5.40876265E-01
 -3.39900000E-01  1.98388000E+00 -1.13895752E+00  0.00000000E+00  1.11599094E+00  0.00000000E+00  7.67888315E-03  5.46114745E-01
 -3.39900000E-01  1.98411500E+00 -1.14298829E+00  0.00000000E+00  1.11792914E+00  0.00000000E+00  7.66752531E-03  5.51378471E-01
 -3.39900000E-01  1.98435000E+00 -1.14700522E+00  0.00000000E+00  1.11987230E+00  0.00000000E+00  7.65615367E-03  5.56667443E-01
 -3.39900000E-01  1.98458500E+00 -1.15100833E+00  0.00000000E+00  1.12182019E+00  0.00000000E+00  7.64476986E-03  5.61981661E-01
 -3.39900000E-01  1.98482000E+00 -1.15499762E+00  0.00000000E+00  1.12377638E+00  0.00000000E+00  7.63333956E-03  5.67321124E-01
 -3.39900000E-01  1.98505500E+00 -1.15897307E+00  0.00000000E+00  1.12573895E+00  0.00000000E+00  7.62187648E-03  5.72685833E-01
 -3.39900000E-01  1.98529000E+00 -1.16293470E+00  0.00000000E+00  1.12770570E+00  0.00000000E+00  7.61039939E-03  5.78075788E-01
 -3.39900000E-01  1.98552500E+00 -1.16688250E+00  0.00000000E+00  1.12967647E+00  0.00000000E+00  7.59890882E-03  5.83490988E-01
 -3.39900000E-01  1.98576000E+00 -1.17081647E+00  0.00000000E+00  1.13165111E+00  0.00000000E+00  7.58740529E-03  5.88931434E-01
 -3.39900000E-01  1.98599500E+00 -1.17473662E+00  0.00000000E+00  1.13362943E+00  0.00000000E+00  7.57588931E-03  5.94397126E-01
 -3.39900000E-01  1.98623000E+00 -1.17864293E+00  0.00000000E+00  1.13561129E+00  0.00000000E+00  7.56436140E-03  5.99888063E-01
 -3.39900000E-01  1.98646500E+00 -1.18253542E+00  0.00000000E+00  1.13759650E+00  0.00000000E+00  7.55282208E-03  6.05404246E-01
 -3.39900000E-01  1.98670000E+00 -1.18641408E+00  0.00000000E+00  1.13958492E+00  0.00000000E+00  7.54127186E-03  6.10945675E-01
 -3.39900000E-01  1.98693500E+00 -1.19027892E+00  0.00000000E+00  1.14157637E+00  0.00000000E+00  7.52971127E-03  6.16512349E-01
 -3.39900000E-01  1.98717000E+00 -1.19412992E+00  0.00000000E+00  1.14357069E+00  0.00000000E+00  7.51814083E-03  6.22104269E-01
 -3.39900000E-01  1.98740500E+00 -1.19796710E+00  0.00000000E+00  1.14556771E+00  0.00000000E+00  7.50656104E-03  6.27721435E-01
 -3.39900000E-01  1.98764000E+00 -1.20179045E+00  0.00000000E+00  1.14756727E+00  0.00000000E+00  7.49497242E-03  6.33363847E-01
 -3.39900000E-01  1.98787500E+00 -1.20559998E+00  0.00000000E+00  1.14956920E+00  0.00000000E+00  7.48337551E-03  6.39031504E-01
 -3.39900000E-01  1.98811000E+00 -1.20939567E+00  0.00000000E+00  1.15157334E+00  0.00000000E+00  7.47177080E-03  6.44724407E-01
 -3.39900000E-01  1.98834500E+00 -1.21317754E+00  0.00000000E+00  1.15357952E+00  0.00000000E+00  7.46015882E-03  6.50442555E-01
 -3.39900000E-01  1.98858000E+00 -1.21694558E+00  0.00000000E+00  1.15558759E+00  0.00000000E+00  7.44854009E-03  6.56185950E-01
 -3.39900000E-01  1.98881500E+00 -1.22069979E+00  0.00000000E+00  1.15759736E+00  0.00000000E+00  7.43691513E-03  6.61954589E-01
 -3.39900000E-01  1.98905000E+00 -1.22444018E+00  0.00000000E+00  1.15960869E+00  0.00000000E+00  7.42528445E-03  6.67748475E-01
 -3.39900000E-01  1.98928500E+00 -1.22816673E+00  0.00000000E+00  1.16162140E+00  0.00000000E+00  7.41364857E-03  6.73567606E-01
 -3.39900000E-01  1.98952000E+00 -1.23187946E+00  0.00000000E+00  1.16363532E+00  0.00000000E+00  7.40200800E-03  6.79411983E-01
 -3.39900000E-01  1.98975500E+00 -1.23557836E+00  0.00000000E+00  1.16565030E+00  0.00000000E+00  7.39036328E-03  6.85281606E-01
 -3.39900000E-01  1.98999000E+00 -1.23926344E+00  0.00000000E+00  1.16766617E+00  0.00000000E+00  7.37871490E-03  6.91176475E-01
 -3.39900000E-01  1.99022500E+00 -1.24293468E+00  0.00000000E+00  1.16968277E+00  0.00000000E+00  7.36706340E-03  6.97096589E-01
 -3.39900000E-01  1.99046000E+00 -1.24659210E+00  0.00000000E+00  1.17169992E+00  0.00000000E+00  7.35540929E-03  7.03041948E-01
 -3.39900000E-01  1.99069500E+00 -1.25023569E+00  0.00000000E+00  1.17371746E+00  0.00000000E+00  7.34375308E-03  7.09012554E-01
 -3.39900000E-01  1.99093000E+00 -1.25386546E+00  0.00000000E+00  1.17573524E+00  0.00000000E+00  7.33209529E-03  7.15008405E-01
 -3.39900000E-01  1.99116500E+00 -1.25748139E+00  0.00000000E+00  1.17775308E+00  0.00000000E+00  7.32043645E-03  7.21029502E-01
 -3.39900000E-01  1.99140000E+00 -1.26108350E+00  0.00000000E+00  1.17977081E+00  0.00000000E+00  7.30877707E-03  7.27075844E-01
 -3.39900000E-01  1.99163500E+00 -1.26467178E+00  0.00000000E+00  1.18178828E+00  0.00000000E+00  7.29711766E-03  7.33147433E-01
 -3.39900000E-01  1.99187000E+00 -1.26824623E+00  0.00000000E+00  1.18380532E+00  0.00000000E+00  7.28545875E-03  7.39244266E-01
 -3.39900000E-01  1.99210500E+00 -1.27180686E+00  0.00000000E+00  1.18582177E+00  0.00000000E+00  7.27380085E-03  7.45366346E-01
 -3.39900000E-01  1.99234000E+00 -1.27535366E+00  0.00000000E+00  1.18783745E+00  0.00000000E+00  7.26214448E-03  7.51513671E-01
 -3.39900000E-01  1.99257500E+00 -1.27888663E+00  0.00000000E+00  1.18985221E+00  0.00000000E+00  7.25049015E-03  7.57686242E-01
 -3.39900000E-01  1.99281000E+00 -1.28240577E+00  0.00000000E+00  1.19186587E+00  0.00000000E+00  7.23883840E-03  7.63884059E-01
 -3.39900000E-01  1.99304500E+00 -1.28591108E+00  0.00000000E+00  1.19387828E+00  0.00000000E+00  7.22718972E-03  7.70107121E-01
 -3.39900000E-01  1.99328000E+00 -1.28940257E+00  0.00000000E+00  1.19588927E+00  0.00000000E+00  7.21554465E-03  7.76355429E-01
 -3.39900000E-01  1.99351500E+00 -1.29288023E+00  0.00000000E+00  1.19789867E+00  0.00000000E+00  7.20390369E-03  7.82628983E-01
 -3.39900000E-01  1.99375000E+00 -1.29634406E+00  0.00000000E+00  1.19990632E+00  0.00000000E+00  7.19226737E-03  7.88927782E-01
 -3.39900000E-01  1.99398500E+00 -1.29979406E+00  0.00000000E+00  1.20191206E+00  0.00000000E+00  7.18063620E-03  7.95251828E-01
 -3.39900000E-01  1.99422000E+00 -1.30323024E+00  0.00000000E+00  1.20391571E+00  0.00000000E+00  7.16901070E-03  8.01601118E-01
 -3.39900000E-01  1.99445500E+00 -1.30665259E+00  0.00000000E+00  1.20591712E+00  0.00000000E+00  7.15739139E-03  8.07975655E-01
 -3.39900000E-01  1.99469000E+00 -1.31006111E+00  0.00000000E+00  1.20791612E+00  0.00000000E+00  7.14577879E-03  8.14375437E-01
 -3.39900000E-01  1.99492500E+00 -1.31345580E+00  0.00000000E+00  1.20991254E+00  0.00000000E+00  7.13417341E-03  8.20800465E-01
 -3.39900000E-01  1.99516000E+00 -1.31683667E+00  0.00000000E+00  1.21190622E+00  0.00000000E+00  7.12257578E-03  8.27250738E-01
 -3.39900000E-01  1.99539500E+00 -1.32020370E+00  0.00000000E+00  1.21389699E+00  0.00000000E+00  7.11098640E-03  8.33726258E-01
 -3.39900000E-01  1.99563000E+00 -1.32355691E+00  0.00000000E+00  1.21588470E+00  0.00000000E+00  7.09940580E-03  8.40227023E-01
 -3.39900000E-01  1.99586500E+00 -1.32689630E+00  0.00000000E+00  1.21786916E+00  0.00000000E+00  7.08783449E-03  8.46753033E-01
 -3.39900000E-01  1.99610000E+00 -1.33022185E+00  0.00000000E+00  1.21985023E+00  0.00000000E+00  7.07627300E-03  8.53304290E-01
 -3.39900000E-01  1.99633500E+00 -1.33353358E+00  0.00000000E+00  1.22182773E+00  0.00000000E+00  7.06472183E-03  8.59880792E-01
 -3.39900000E-01  1.99657000E+00 -1.33683148E+00  0.00000000E+00  1.22380151E+00  0.00000000E+00  7.05318151E-03  8.66482539E-01
 -3.39900000E-01  1.99680500E+00 -1.34011555E+00  0.00000000E+00  1.22577138E+00  0.00000000E+00  7.04165256E-03  8.73109533E-01
 -3.39900000E-01  1.99704000E+00 -1.34338579E+00  0.00000000E+00  1.22773785E+00  0.00000000E+00  7.03013253E-03  8.79761772E-01
 -3.39900000E-01  1.99727500E+00 -1.34664221E+00  0.00000000E+00  1.22970316E+00  0.00000000E+00  7.01860952E-03  8.86439256E-01
 -3.39900000E-01  1.99751000E+00 -1.34988480E+00  0.00000000E+00  1.23166397E+00  0.00000000E+00  7.00709757E-03  8.93141987E-01
 -3.39900000E-01  1.99774500E+00 -1.35311356E+00  0.00000000E+00  1.23362018E+00  0.00000000E+00  6.99559684E-03  8.99869963E-01
 -3.39900000E-01  1.99798000E+00 -1.35632849E+00  0.00000000E+00  1.23557170E+00  0.00000000E+00  6.98410748E-03  9.06623185E-01
 -3.39900000E-01  1.99821500E+00 -1.35952960E+00  0.00000000E+00  1.23751843E+00  0.00000000E+00  6.97262964E-03  9.13401652E-01
 -3.39900000E-01  1.99845000E+00 -1.36271688E+00  0.00000000E+00  1.23946028E+00  0.00000000E+00  6.96116349E-03  9.20205366E-01
 -3.39900000E-01  1.99868500E+00 -1.36589033E+00  0.00000000E+00  1.24139715E+00  0.00000000E+00  6.94970918E-03  9.27034324E-01
 -3.39900000E-01  1.99892000E+00 -1.36904995E+00  0.00000000E+00  1.24332896E+00  0.00000000E+00  6.93826687E-03  9.33888529E-01
 -3.39900000E-01  1.99915500E+00 -1.37219574E+00  0.00000000E+00  1.24525559E+00  0.00000000E+00  6.92683672E-03  9.40767979E-01
 -3.39900000E-01  1.99939000E+00 -1.37532771E+00  0.00000000E+00  1.24717697E+00  0.00000000E+00  6.91541887E-03  9.47672675E-01
 -3.39900000E-01  1.99962500E+00 -1.37844585E+00  0.00000000E+00  1.24909299E+00  0.00000000E+00  6.90401350E-03  9.54602617E-01
 -3.39900000E-01  1.99986000E+00 -1.38155016E+00  0.00000000E+00  1.25100356E+00  0.00000000E+00  6.89262074E-03  9.61557804E-01
 -3.39900000E-01  2.00009500E+00 -1.38464065E+00  0.00000000E+00  1.25290859E+00  0.00000000E+00  6.88124077E-03  9.68538237E-01
 -3.39900000E-01  2.00033000E+00 -1.38771730E+00  0.00000000E+00  1.25480798E+00  0.00000000E+00  6.86987373E-03  9.75543916E-01
 -3.39900000E-01  2.00056500E+00 -1.39078013E+00  0.00000000E+00  1.25670163E+00  0.00000000E+00  6.85851979E-03  9.82574840E-01
 -3.39900000E-01  2.00080000E+00 -1.39382913E+00  0.00000000E+00  1.25858946E+00  0.00000000E+00  6.84717910E-03  9.89631010E-01
 -3.39900000E-01  2.00103500E+00 -1.39686431E+00  0.00000000E+00  1.26047137E+00  0.00000000E+00  6.83585181E-03  9.96712426E-01
 -3.39900000E-01  2.00127000E+00 -1.39988565E+00  0.00000000E+00  1.26234726E+00  0.00000000E+00  6.82453809E-03  1.00381909E+00
 -3.39900000E-01  2.00150500E+00 -1.40289317E+00  0.00000000E+00  1.26421703E+00  0.00000000E+00  6.81323809E-03  1.01095099E+00
 -3.39900000E-01  2.00174000E+00 -1.40588686E+00  0.00000000E+00  1.26608061E+00  0.00000000E+00  6.80195196E-03  1.01810815E+00
 -3.39900000E-01  2.00197500E+00 -1.40886672E+00  0.00000000E+00  1.26793788E+00  0.00000000E+00  6.79067987E-03  1.02529055E+00
 -3.39900000E-01  2.00221000E+00 -1.41183276E+00  0.00000000E+00  1.26978875E+00  0.00000000E+00  6.77942196E-03  1.03249819E+00
 -3.39900000E-01  2.00244500E+00 -1.41478497E+00  0.00000000E+00  1.27163314E+00  0.00000000E+00  6.76817840E-03  1.03973108E+00
 -3.39900000E-01  2.00268000E+00 -1.41772335E+00  0.00000000E+00  1.27347094E+00  0.00000000E+00  6.75694935E-03  1.04698922E+00
 -3.39900000E-01  2.00291500E+00 -1.42064790E+00  0.00000000E+00  1.27530207E+00  0.00000000E+00  6.74573495E-03  1.05427260E+00
 -3.39900000E-01  2.00315000E+00 -1.42355862E+00  0.00000000E+00  1.27712642E+00  0.00000000E+00  6.73453536E-03  1.06158122E+00
 -3.39900000E-01  2.00338500E+00 -1.42645552E+00  0.00000000E+00  1.27894390E+00  0.00000000E+00  6.72335075E-03  1.06891510E+00
 -3.39900000E-01  2.00362000E+00 -1.42933859E+00  0.00000000E+00  1.28075442E+00  0.00000000E+00  6.71218127E-03  1.07627422E+00
 -3.39900000E-01  2.00385500E+00 -1.43220783E+00  0.00000000E+00  1.28255788E+00  0.00000000E+00  6.70102707E-03  1.08365858E+00
 -3.39900000E-01  2.00409000E+00 -1.43506325E+00  0.00000000E+00  1.28435419E+00  0.00000000E+00  6.68988831E-03  1.09106819E+00
 -3.39900000E-01  2.00432500E+00 -1.43790483E+00  0.00000000E+00  1.28614326E+00  0.00000000E+00  6.67876516E-03  1.09850304E+00
 -3.39900000E-01  2.00456000E+00 -1.44073259E+00  0.00000000E+00  1.28792499E+00  0.00000000E+00  6.66765775E-03  1.10596315E+00
 -3.39900000E-01  2.00479500E+00 -1.44354652E+00  0.00000000E+00  1.28969927E+00  0.00000000E+00  6.65656626E-03  1.11344849E+00
 -3.39900000E-01  2.00503000E+00 -1.44634662E+00  0.00000000E+00  1.29146603E+00  0.00000000E+00  6.64549083E-03  1.12095908E+00
 -3.39900000E-01  2.00526500E+00 -1.44913290E+00  0.00000000E+00  1.29322517E+00  0.00000000E+00  6.63443163E-03  1.12849492E+00
 -3.39900000E-01  2.00550000E+00 -1.45190535E+00  0.00000000E+00  1.29497659E+00  0.00000000E+00  6.62338881E-03  1.13605601E+00
 -3.39900000E-01  2.00573500E+00 -1.45466397E+00  0.00000000E+00  1.29672019E+00  0.00000000E+00  6.61236252E-03  1.14364234E+00
 -3.39900000E-01  2.00597000E+00 -1.45740876E+00  0.00000000E+00  1.29845588E+00  0.00000000E+00  6.60135293E-03  1.15125391E+00
 -3.39900000E-01  2.00620500E+00 -1.46013972E+00  0.00000000E+00  1.30018358E+00  0.00000000E+00  6.59036019E-03  1.15889073E+00
 -3.39900000E-01  2.00644000E+00 -1.46285686E+00  0.00000000E+00  1.30190317E+00  0.00000000E+00  6.57938445E-03  1.16655280E+00
 -3.39900000E-01  2.00667500E+00 -1.46556017E+00  0.00000000E+00  1.30361458E+00  0.00000000E+00  6.56842588E-03  1.17424011E+00
 -3.39900000E-01  2.00691000E+00 -1.46824965E+00  0.00000000E+00  1.30531769E+00  0.00000000E+00  6.55748463E-03  1.18195267E+00
 -3.39900000E-01  2.00714500E+00 -1.47092531E+00  0.00000000E+00  1.30701243E+00  0.00000000E+00  6.54656085E-03  1.18969047E+00
 -3.39900000E-01  2.00738000E+00 -1.47358713E+00  0.00000000E+00  1.30869869E+00  0.00000000E+00  6.53565471E-03  1.19745352E+00
 -3.39900000E-01  2.00761500E+00 -1.47623513E+00  0.00000000E+00  1.31037638E+00  0.00000000E+00  6.52476636E-03  1.20524182E+00
 -3.39900000E-01  2.00785000E+00 -1.47886930E+00  0.00000000E+00  1.31204541E+00  0.00000000E+00  6.51389595E-03  1.21305536E+00
 -3.39900000E-01  2.00808500E+00 -1.48148965E+00  0.00000000E+00  1.31370567E+00  0.00000000E+00  6.50304364E-03  1.22089414E+00
 -3.39900000E-01  2.00832000E+00 -1.48409616E+00  0.00000000E+00  1.31535709E+00  0.00000000E+00  6.49220959E-03  1.22875818E+00
 -3.39900000E-01  2.00855500E+00 -1.48668885E+00  0.00000000E+00  1.31699955E+00  0.00000000E+00  6.48139396E-03  1.23664745E+00
 -3.39900000E-01  2.00879000E+00 -1.48926771E+00  0.00000000E+00  1.31863297E+00  0.00000000E+00  6.47059690E-03  1.24456198E+00
 -3.39900000E-01  2.00902500E+00 -1.49183274E+00  0.00000000E+00  1.32025726E+00  0.00000000E+00  6.45981857E-03  1.25250175E+00
 -3.39900000E-01  2.00926000E+00 -1.49438395E+00  0.00000000E+00  1.32187231E+00  0.00000000E+00  6.44905912E-03  1.26046676E+00
 -3.39900000E-01  2.00949500E+00 -1.49692133E+00  0.00000000E+00  1.32348120E+00  0.00000000E+00  6.43831437E-03  1.26845702E+00
 -3.39900000E-01  2.00973000E+00 -1.49944488E+00  0.00000000E+00  1.32508231E+00  0.00000000E+00  6.42758634E-03  1.27647253E+00
 -3.39900000E-01  2.00996500E+00 -1.50195460E+00  0.00000000E+00  1.32667424E+00  0.00000000E+00  6.41687696E-03  1.28451328E+00
 -3.39900000E-01  2.01020000E+00 -1.50445049E+00  0.00000000E+00  1.32825701E+00  0.00000000E+00  6.40618625E-03  1.29257928E+00
 -3.39900000E-01  2.01043500E+00 -1.50693256E+00  0.00000000E+00  1.32983063E+00  0.00000000E+00  6.39551424E-03  1.30067052E+00
 -3.39900000E-01  2.01067000E+00 -1.50940080E+00  0.00000000E+00  1.33139511E+00  0.00000000E+00  6.38486096E-03  1.30878701E+00
 -3.39900000E-01  2.01090500E+00 -1.51185521E+00  0.00000000E+00  1.33295047E+00  0.00000000E+00  6.37422643E-03  1.31692875E+00
 -3.39900000E-01  2.01114000E+00 -1.51429579E+00  0.00000000E+00  1.33449671E+00  0.00000000E+00  6.36361069E-03  1.32509573E+00
 -3.39900000E-01  2.01137500E+00 -1.51672255E+00  0.00000000E+00  1.33603387E+00  0.00000000E+00  6.35301376E-03  1.33328795E+00
 -3.39900000E-01  2.01161000E+00 -1.51913548E+00  0.00000000E+00  1.33756194E+00  0.00000000E+00  6.34243566E-03  1.34150542E+00
 -3.39900000E-01  2.01184500E+00 -1.52153458E+00  0.00000000E+00  1.33908095E+00  0.00000000E+00  6.33187643E-03  1.34974814E+00
 -3.39900000E-01  2.01208000E+00 -1.52391985E+00  0.00000000E+00  1.34059091E+00  0.00000000E+00  6.32133610E-03  1.35801610E+00
 -3.39900000E-01  2.01231500E+00 -1.52629130E+00  0.00000000E+00  1.34209183E+00  0.00000000E+00  6.31081468E-03  1.36630931E+00
 -3.39900000E-01  2.01255000E+00 -1.52864892E+00  0.00000000E+00  1.34358372E+00  0.00000000E+00  6.30031222E-03  1.37462777E+00
 -3.39900000E-01  2.01278500E+00 -1.53099271E+00  0.00000000E+00  1.34506660E+00  0.00000000E+00  6.28982872E-03  1.38297147E+00
 -3.39900000E-01  2.01302000E+00 -1.53332267E+00  0.00000000E+00  1.34654049E+00  0.00000000E+00  6.27936423E-03  1.39134041E+00
 -3.39900000E-01  2.01325500E+00 -1.53563880E+00  0.00000000E+00  1.34800539E+00  0.00000000E+00  6.26891877E-03  1.39973461E+00
 -3.39900000E-01  2.01349000E+00 -1.53794111E+00  0.00000000E+00  1.34946133E+00  0.00000000E+00  6.25849237E-03  1.40815404E+00
 -3.39900000E-01  2.01372500E+00 -1.54022959E+00  0.00000000E+00  1.35090831E+00  0.00000000E+00  6.24808505E-03  1.41659873E+00
 -3.39900000E-01  2.01396000E+00 -1.54250424E+00  0.00000000E+00  1.35234635E+00  0.00000000E+00  6.23769685E-03  1.42506865E+00
 -3.39900000E-01  2.01419500E+00 -1.54476507E+00  0.00000000E+00  1.35377546E+00  0.00000000E+00  6.22732779E-03  1.43356383E+00
 -3.39900000E-01  2.01443000E+00 -1.54701206E+00  0.00000000E+00  1.35519567E+00  0.00000000E+00  6.21697789E-03  1.44208425E+00
 -3.39900000E-01  2.01466500E+00 -1.54924523E+00  0.00000000E+00  1.35660697E+00  0.00000000E+00  6.20664719E-03  1.45062992E+00
 -3.39900000E-01  2.01490000E+00 -1.55146457E+00  0.00000000E+00  1.35800939E+00  0.00000000E+00  6.19633571E-03  1.45920083E+00
 -3.39900000E-01  2.01513500E+00 -1.55367008E+00  0.00000000E+00  1.35940294E+00  0.00000000E+00  6.18604348E-03  1.46779698E+00
 -3.39900000E-01  2.01537000E+00 -1.55586177E+00  0.00000000E+00  1.36078763E+00  0.00000000E+00  6.17577052E-03  1.47641839E+00
 -3.39900000E-01  2.01560500E+00 -1.55803963E+00  0.00000000E+00  1.36216348E+00  0.00000000E+00  6.16551688E-03  1.48506503E+00
 -3.39900000E-01  2.01584000E+00 -1.56020366E+00  0.00000000E+00  1.36353050E+00  0.00000000E+00  6.15528256E-03  1.49373693E+00
 -3.39900000E-01  2.01607500E+00 -1.56235386E+00  0.00000000E+00  1.36488870E+00  0.00000000E+00  6.14506761E-03  1.50243407E+00
 -3.39900000E-01  2.01631000E+00 -1.56449024E+00  0.00000000E+00  1.36623811E+00  0.00000000E+00  6.13487204E-03  1.51115645E+00
 -3.39900000E-01  2.01654500E+00 -1.56661278E+00  0.00000000E+00  1.36757873E+00  0.00000000E+00  6.12469588E-03  1.51990409E+00
 -3.39900000E-01  2.01678000E+00 -1.56872150E+00  0.00000000E+00  1.36891058E+00  0.00000000E+00  6.11453917E-03  1.52867696E+00
 -3.39900000E-01  2.01701500E+00 -1.57081640E+00  0.00000000E+00  1.37023367E+00  0.00000000E+00  6.10440193E-03  1.53747509E+00
 -3.39900000E-01  2.01725000E+00 -1.57289746E+00  0.00000000E+00  1.37154801E+00  0.00000000E+00  6.09428419E-03  1.54629845E+00
 -3.39900000E-01  2.01748500E+00 -1.57496470E+00  0.00000000E+00  1.37285362E+00  0.00000000E+00  6.08418597E-03  1.55514707E+00
 -3.39900000E-01  2.01772000E+00 -1.57701811E+00  0.00000000E+00  1.37415052E+00  0.00000000E+00  6.07410730E-03  1.56402093E+00
 -3.39900000E-01  2.01795500E+00 -1.57905769E+00  0.00000000E+00  1.37543872E+00  0.00000000E+00  6.06404821E-03  1.57292003E+00
 -3.39900000E-01  2.01819000E+00 -1.58108344E+00  0.00000000E+00  1.37671822E+00  0.00000000E+00  6.05400873E-03  1.58184438E+00
 -3.39900000E-01  2.01842500E+00 -1.58309537E+00  0.00000000E+00  1.37798905E+00  0.00000000E+00  6.04398888E-03  1.59079398E+00
 -3.39900000E-01  2.01866000E+00 -1.58509346E+00  0.00000000E+00  1.37925122E+00  0.00000000E+00  6.03398869E-03  1.59976882E+00
 -3.39900000E-01  2.01889500E+00 -1.58707774E+00  0.00000000E+00  1.38050475E+00  0.00000000E+00  6.02400819E-03  1.60876891E+00
 -3.39900000E-01  2.01913000E+00 -1.58904818E+00  0.00000000E+00  1.38174964E+00  0.00000000E+00  6.01404742E-03  1.61779425E+00
 -3.39900000E-01  2.01936500E+00 -1.59100479E+00  0.00000000E+00  1.38298591E+00  0.00000000E+00  6.00410638E-03  1.62684482E+00
 -3.39900000E-01  2.01960000E+00 -1.59294758E+00  0.00000000E+00  1.38421358E+00  0.00000000E+00  5.99418512E-03  1.63592065E+00
 -3.39900000E-01  2.01983500E+00 -1.59487654E+00  0.00000000E+00  1.38543266E+00  0.00000000E+00  5.98428365E-03  1.64502172E+00
 -3.39900000E-01  2.02007000E+00 -1.59679167E+00  0.00000000E+00  1.38664316E+00  0.00000000E+00  5.97440201E-03  1.65414804E+00
 -3.39900000E-01  2.02030500E+00 -1.59869298E+00  0.00000000E+00  1.38784510E+00  0.00000000E+00  5.96454023E-03  1.66329960E+00
 -3.39900000E-01  2.02054000E+00 -1.60058046E+00  0.00000000E+00  1.38903849E+00  0.00000000E+00  5.95469833E-03  1.67247641E+00
 -3.39900000E-01  2.02077500E+00 -1.60245410E+00  0.00000000E+00  1.39022335E+00  0.00000000E+00  5.94487633E-03  1.68167846E+00
 -3.39900000E-01  2.02101000E+00 -1.60431393E+00  0.00000000E+00  1.39139968E+00  0.00000000E+00  5.93507427E-03  1.69090576E+00
 -3.39900000E-01  2.02124500E+00 -1.60615992E+00  0.00000000E+00  1.39256751E+00  0.00000000E+00  5.92529218E-03  1.70015831E+00
 -3.39900000E-01  2.02148000E+00 -1.60799209E+00  0.00000000E+00  1.39372684E+00  0.00000000E+00  5.91553008E-03  1.70943610E+00
 -3.39900000E-01  2.02171500E+00 -1.60981042E+00  0.00000000E+00  1.39487789E+00  0.00000000E+00  5.90578754E-03  1.71873913E+00
 -3.39900000E-01  2.02195000E+00 -1.61161494E+00  0.00000000E+00  1.39602181E+00  0.00000000E+00  5.89606313E-03  1.72806741E+00
 -3.39900000E-01  2.02218500E+00 -1.61340562E+00  0.00000000E+00  1.39715834E+00  0.00000000E+00  5.88635857E-03  1.73742094E+00
 -3.39900000E-01  2.02242000E+00 -1.61518247E+00  0.00000000E+00  1.39828753E+00  0.00000000E+00  5.87667381E-03  1.74679972E+00
 -3.39900000E-01  2.02265500E+00 -1.61694550E+00  0.00000000E+00  1.39940941E+00  0.00000000E+00  5.86700885E-03  1.75620374E+00
 -3.39900000E-01  2.02289000E+00 -1.61869470E+00  0.00000000E+00  1.40052404E+00  0.00000000E+00  5.85736367E-03  1.76563300E+00
 -3.39900000E-01  2.02312500E+00 -1.62043008E+00  0.00000000E+00  1.40163147E+00  0.00000000E+00  5.84773825E-03  1.77508751E+00
 -3.39900000E-01  2.02336000E+00 -1.62215162E+00  0.00000000E+00  1.40273174E+00  0.00000000E+00  5.83813256E-03  1.78456727E+00
 -3.39900000E-01  2.02359500E+00 -1.62385934E+00  0.00000000E+00  1.40382491E+00  0.00000000E+00  5.82854659E-03  1.79407227E+00
 -3.39900000E-01  2.02383000E+00 -1.62555323E+00  0.00000000E+00  1.40491102E+00  0.00000000E+00  5.81898031E-03  1.80360252E+00
 -3.39900000E-01  2.02406500E+00 -1.62723329E+00  0.00000000E+00  1.40599012E+00  0.00000000E+00  5.80943372E-03  1.81315801E+00
 -3.39900000E-01  2.02430000E+00 -1.62889952E+00  0.00000000E+00  1.40706226E+00  0.00000000E+00  5.79990679E-03  1.82273875E+00
 -3.39900000E-01  2.02453500E+00 -1.63055193E+00  0.00000000E+00  1.40812749E+00  0.00000000E+00  5.79039950E-03  1.83234473E+00
 -3.39900000E-01  2.02477000E+00 -1.63219051E+00  0.00000000E+00  1.40918585E+00  0.00000000E+00  5.78091183E-03  1.84197596E+00
 -3.39900000E-01  2.02500500E+00 -1.63381526E+00  0.00000000E+00  1.41023739E+00  0.00000000E+00  5.77144376E-03  1.85163244E+00
 -3.39900000E-01  2.02524000E+00 -1.63542618E+00  0.00000000E+00  1.41128217E+00  0.00000000E+00  5.76199527E-03  1.86131416E+00
 -3.39900000E-01  2.02547500E+00 -1.63702328E+00  0.00000000E+00  1.41232023E+00  0.00000000E+00  5.75256635E-03  1.87102113E+00
 -3.39900000E-01  2.02571000E+00 -1.63860655E+00  0.00000000E+00  1.41335161E+00  0.00000000E+00  5.74315698E-03  1.88075334E+00
 -3.39900000E-01  2.02594500E+00 -1.64017599E+00  0.00000000E+00  1.41437637E+00  0.00000000E+00  5.73376712E-03  1.89051080E+00
 -3.39900000E-01  2.02618000E+00 -1.64173160E+00  0.00000000E+00  1.41539456E+00  0.00000000E+00  5.72439678E-03  1.90029351E+00
 -3.39900000E-01  2.02641500E+00 -1.64327339E+00  0.00000000E+00  1.41640622E+00  0.00000000E+00  5.71504592E-03  1.91010146E+00
 -3.39900000E-01  2.02665000E+00 -1.64480134E+00  0.00000000E+00  1.41741140E+00  0.00000000E+00  5.70571453E-03  1.91993465E+00
 -3.39900000E-01  2.02688500E+00 -1.64631547E+00  0.00000000E+00  1.41841015E+00  0.00000000E+00  5.69640259E-03  1.92979309E+00
 -3.39900000E-01  2.02712000E+00 -1.64781578E+00  0.00000000E+00  1.41940251E+00  0.00000000E+00  5.68711007E-03  1.93967678E+00
 -3.39900000E-01  2.02735500E+00 -1.64930225E+00  0.00000000E+00  1.42038855E+00  0.00000000E+00  5.67783697E-03  1.94958571E+00
 -3.39900000E-01  2.02759000E+00 -1.65077490E+00  0.00000000E+00  1.42136830E+00  0.00000000E+00  5.66858325E-03  1.95951989E+00
 -3.39900000E-01  2.02782500E+00 -1.65223372E+00  0.00000000E+00  1.42234181E+00  0.00000000E+00  5.65934891E-03  1.96947932E+00
 -3.39900000E-01  2.02806000E+00 -1.65367871E+00  0.00000000E+00  1.42330913E+00  0.00000000E+00  5.65013392E-03  1.97946399E+00
 -3.39900000E-01  2.02829500E+00 -1.65510987E+00  0.00000000E+00  1.42427031E+00  0.00000000E+00  5.64093826E-03  1.98947390E+00
 -3.39900000E-01  2.02853000E+00 -1.65652721E+00  0.00000000E+00  1.42522540E+00  0.00000000E+00  5.63176191E-03  1.99950906E+00
 -3.39900000E-01  2.02876500E+00 -1.65793072E+00  0.00000000E+00  1.42617445E+00  0.00000000E+00  5.62260486E-03  2.00956947E+00
 -3.39900000E-01  2.02900000E+00 -1.65932040E+00  0.00000000E+00  1.42711750E+00  0.00000000E+00  5.61346708E-03  2.01965512E+00
 -3.39900000E-01  2.02923500E+00 -1.66069625E+00  0.00000000E+00  1.42805460E+00  0.00000000E+00  5.60434856E-03  2.02976602E+00
 -3.39900000E-01  2.02947000E+00 -1.66205828E+00  0.00000000E+00  1.42898580E+00  0.00000000E+00  5.59524927E-03  2.03990217E+00
 -3.39900000E-01  2.02970500E+00 -1.66340647E+00  0.00000000E+00  1.42991115E+00  0.00000000E+00  5.58616920E-03  2.05006356E+00
 -3.39900000E-01  2.02994000E+00 -1.66474084E+00  0.00000000E+00  1.43083070E+00  0.00000000E+00  5.57710833E-03  2.06025019E+00
 -3.39900000E-01  2.03017500E+00 -1.66606139E+00  0.00000000E+00  1.43174449E+00  0.00000000E+00  5.56806663E-03  2.07046207E+00
 -3.39900000E-01  2.03041000E+00 -1.66736810E+00  0.00000000E+00  1.43265258E+00  0.00000000E+00  5.55904410E-03  2.08069920E+00
 -3.39900000E-01  2.03064500E+00 -1.66866099E+00  0.00000000E+00  1.43355501E+00  0.00000000E+00  5.55004070E-03  2.09096157E+00
 -3.39900000E-01  2.03088000E+00 -1.66994005E+00  0.00000000E+00  1.43445183E+00  0.00000000E+00  5.54105643E-03  2.10124919E+00
 -3.39900000E-01  2.03111500E+00 -1.67120528E+00  0.00000000E+00  1.43534309E+00  0.00000000E+00  5.53209125E-03  2.11156205E+00
 -3.39900000E-01  2.03135000E+00 -1.67245668E+00  0.00000000E+00  1.43622884E+00  0.00000000E+00  5.52314516E-03  2.12190016E+00
 -3.39900000E-01  2.03158500E+00 -1.67369426E+00  0.00000000E+00  1.43710912E+00  0.00000000E+00  5.51421813E-03  2.13226352E+00
 -3.39900000E-01  2.03182000E+00 -1.67491801E+00  0.00000000E+00  1.43798398E+00  0.00000000E+00  5.50531015E-03  2.14265212E+00
 -3.39900000E-01  2.03205500E+00 -1.67612793E+00  0.00000000E+00  1.43885348E+00  0.00000000E+00  5.49642119E-03  2.15306597E+00
 -3.39900000E-01  2.03229000E+00 -1.67732402E+00  0.00000000E+00  1.43971766E+00  0.00000000E+00  5.48755123E-03  2.16350506E+00
 -3.39900000E-01  2.03252500E+00 -1.67850629E+00  0.00000000E+00  1.44057656E+00  0.00000000E+00  5.47870026E-03  2.17396940E+00
 -3.39900000E-01  2.03276000E+00 -1.67967473E+00  0.00000000E+00  1.44143024E+00  0.00000000E+00  5.46986825E-03  2.18445898E+00
 -3.39900000E-01  2.03299500E+00 -1.68082934E+00  0.00000000E+00  1.44227875E+00  0.00000000E+00  5.46105519E-03  2.19497381E+00
 -3.39900000E-01  2.03323000E+00 -1.68197012E+00  0.00000000E+00  1.44312213E+00  0.00000000E+00  5.45226106E-03  2.20551389E+00
 -3.39900000E-01  2.03346500E+00 -1.68309708E+00  0.00000000E+00  1.44396043E+00  0.00000000E+00  5.44348584E-03  2.21607921E+00
 -3.39900000E-01  2.03370000E+00 -1.68421020E+00  0.00000000E+00  1.44479370E+00  0.00000000E+00  5.43472951E-03  2.22666977E+00
 -3.39900000E-01  2.03393500E+00 -1.68530950E+00  0.00000000E+00  1.44562199E+00  0.00000000E+00  5.42599204E-03  2.23728559E+00
 -3.39900000E-01  2.03417000E+00 -1.68639497E+00  0.00000000E+00  1.44643956E+00  0.00000000E+00  5.41727288E-03  2.24792664E+00
 -3.39900000E-01  2.03440500E+00 -1.68746662E+00  0.00000000E+00  1.44725073E+00  0.00000000E+00  5.40857227E-03  2.25859295E+00
 -3.39900000E-01  2.03464000E+00 -1.68852444E+00  0.00000000E+00  1.44805769E+00  0.00000000E+00  5.39989037E-03  2.26928450E+00
 -3.39900000E-01  2.03487500E+00 -1.68956843E+00  0.00000000E+00  1.44886031E+00  0.00000000E+00  5.39122715E-03  2.28000129E+00
 -3.39900000E-01  2.03511000E+00 -1.69059859E+00  0.00000000E+00  1.44965844E+00  0.00000000E+00  5.38258258E-03  2.29074333E+00
 -3.39900000E-01  2.03534500E+00 -1.69161492E+00  0.00000000E+00  1.45045192E+00  0.00000000E+00  5.37395662E-03  2.30151062E+00
 -3.39900000E-01  2.03558000E+00 -1.69261743E+00  0.00000000E+00  1.45124062E+00  0.00000000E+00  5.36534923E-03  2.31230315E+00
 -3.39900000E-01  2.03581500E+00 -1.69360610E+00  0.00000000E+00  1.45202438E+00  0.00000000E+00  5.35676038E-03  2.32312093E+00
 -3.39900000E-01  2.03605000E+00 -1.69458096E+00  0.00000000E+00  1.45280306E+00  0.00000000E+00  5.34819004E-03  2.33396395E+00
 -3.39900000E-01  2.03628500E+00 -1.69554198E+00  0.00000000E+00  1.45357651E+00  0.00000000E+00  5.33963817E-03  2.34483222E+00
 -3.39900000E-01  2.03652000E+00 -1.69648917E+00  0.00000000E+00  1.45434458E+00  0.00000000E+00  5.33110473E-03  2.35572574E+00
 -3.39900000E-01  2.03675500E+00 -1.69742254E+00  0.00000000E+00  1.45510714E+00  0.00000000E+00  5.32258970E-03  2.36664450E+00
 -3.39900000E-01  2.03699000E+00 -1.69834208E+00  0.00000000E+00  1.45586402E+00  0.00000000E+00  5.31409304E-03  2.37758850E+00
 -3.39900000E-01  2.03722500E+00 -1.69924779E+00  0.00000000E+00  1.45661509E+00  0.00000000E+00  5.30561471E-03  2.38855775E+00
 -3.39900000E-01  2.03746000E+00 -1.70013968E+00  0.00000000E+00  1.45736019E+00  0.00000000E+00  5.29715469E-03  2.39955225E+00
 -3.39900000E-01  2.03769500E+00 -1.70101774E+00  0.00000000E+00  1.45809919E+00  0.00000000E+00  5.28871292E-03  2.41057200E+00
 -3.39900000E-01  2.03793000E+00 -1.70188197E+00  0.00000000E+00  1.45883193E+00  0.00000000E+00  5.28028939E-03  2.42161698E+00
 -3.39900000E-01  2.03816500E+00 -1.70273237E+00  0.00000000E+00  1.45955827E+00  0.00000000E+00  5.27188405E-03  2.43268722E+00
 -3.39900000E-01  2.03840000E+00 -1.70356894E+00  0.00000000E+00  1.46027806E+00  0.00000000E+00  5.26349687E-03  2.44378270E+00
 -3.39900000E-01  2.03863500E+00 -1.70439169E+00  0.00000000E+00  1.46099115E+00  0.00000000E+00  5.25512782E-03  2.45490343E+00
 -3.39900000E-01  2.03887000E+00 -1.70520061E+00  0.00000000E+00  1.46169740E+00  0.00000000E+00  5.24677686E-03  2.46604940E+00
 -3.39900000E-01  2.03910500E+00 -1.70599570E+00  0.00000000E+00  1.46239666E+00  0.00000000E+00  5.23844396E-03  2.47722061E+00
 -3.39900000E-01  2.03934000E+00 -1.70677696E+00  0.00000000E+00  1.46308879E+00  0.00000000E+00  5.23012909E-03  2.48841708E+00
 -3.39900000E-01  2.03957500E+00 -1.70754440E+00  0.00000000E+00  1.46377363E+00  0.00000000E+00  5.22183220E-03  2.49963879E+00
 -3.39900000E-01  2.03981000E+00 -1.70829800E+00  0.00000000E+00  1.46445104E+00  0.00000000E+00  5.21355326E-03  2.51088574E+00
 -3.39900000E-01  2.04004500E+00 -1.70903778E+00  0.00000000E+00  1.46512088E+00  0.00000000E+00  5.20529225E-03  2.52215794E+00
 -3.39900000E-01  2.04028000E+00 -1.70976374E+00  0.00000000E+00  1.46578299E+00  0.00000000E+00  5.19704912E-03  2.53345539E+00
 -3.39900000E-01  2.04051500E+00 -1.71047586E+00  0.00000000E+00  1.46643723E+00  0.00000000E+00  5.18882383E-03  2.54477808E+00
 -3.39900000E-01  2.04075000E+00 -1.71117416E+00  0.00000000E+00  1.46708346E+00  0.00000000E+00  5.18061637E-03  2.55612602E+00
 -3.39900000E-01  2.04098500E+00 -1.71185863E+00  0.00000000E+00  1.46772152E+00  0.00000000E+00  5.17242669E-03  2.56749920E+00
 -3.39900000E-01  2.04122000E+00 -1.71252927E+00  0.00000000E+00  1.46835127E+00  0.00000000E+00  5.16425475E-03  2.57889763E+00
 -3.39900000E-01  2.04145500E+00 -1.71318609E+00  0.00000000E+00  1.46897256E+00  0.00000000E+00  5.15610053E-03  2.59032130E+00
 -3.39900000E-01  2.04169000E+00 -1.71382907E+00  0.00000000E+00  1.46958526E+00  0.00000000E+00  5.14796398E-03  2.60177022E+00
 -3.39900000E-01  2.04192500E+00 -1.71445823E+00  0.00000000E+00  1.47018920E+00  0.00000000E+00  5.13984508E-03  2.61324439E+00
 -3.39900000E-01  2.04216000E+00 -1.71507356E+00  0.00000000E+00  1.47078424E+00  0.00000000E+00  5.13174379E-03  2.62474380E+00
 -3.39900000E-01  2.04239500E+00 -1.71567507E+00  0.00000000E+00  1.47137024E+00  0.00000000E+00  5.12366007E-03  2.63626846E+00
 -3.39900000E-01  2.04263000E+00 -1.71626274E+00  0.00000000E+00  1.47194705E+00  0.00000000E+00  5.11559389E-03  2.64781836E+00
 -3.39900000E-01  2.04286500E+00 -1.71683659E+00  0.00000000E+00  1.47251452E+00  0.00000000E+00  5.10754521E-03  2.65939351E+00
 -3.39900000E-01  2.04310000E+00 -1.71739661E+00  0.00000000E+00  1.47307251E+00  0.00000000E+00  5.09951401E-03  2.67099390E+00
 -3.39900000E-01  2.04333500E+00 -1.71794280E+00  0.00000000E+00  1.47362087E+00  0.00000000E+00  5.09150024E-03  2.68261954E+00
 -3.39900000E-01  2.04357000E+00 -1.71847517E+00  0.00000000E+00  1.47415945E+00  0.00000000E+00  5.08350388E-03  2.69427043E+00
 -3.39900000E-01  2.04380500E+00 -1.71899371E+00  0.00000000E+00  1.47468810E+00  0.00000000E+00  5.07552488E-03  2.70594656E+00
 -3.39900000E-01  2.04404000E+00 -1.71949842E+00  0.00000000E+00  1.47520668E+00  0.00000000E+00  5.06756321E-03  2.71764793E+00
 -3.39900000E-01  2.04427500E+00 -1.71998930E+00  0.00000000E+00  1.47571505E+00  0.00000000E+00  5.05961885E-03  2.72937456E+00
 -3.39900000E-01  2.04451000E+00 -1.72046635E+00  0.00000000E+00  1.47621305E+00  0.00000000E+00  5.05169174E-03  2.74112642E+00
 -3.39900000E-01  2.04474500E+00 -1.72092958E+00  0.00000000E+00  1.47670054E+00  0.00000000E+00  5.04378187E-03  2.75290354E+00
 -3.39900000E-01  2.04498000E+00 -1.72137898E+00  0.00000000E+00  1.47717737E+00  0.00000000E+00  5.03588919E-03  2.76470590E+00
 -3.39900000E-01  2.04521500E+00 -1.72181455E+00  0.00000000E+00  1.47764340E+00  0.00000000E+00  5.02801367E-03  2.77653350E+00
 -3.39900000E-01  2.04545000E+00 -1.72223630E+00  0.00000000E+00  1.47809848E+00  0.00000000E+00  5.02015528E-03  2.78838635E+00
 -3.39900000E-01  2.04568500E+00 -1.72264421E+00  0.00000000E+00  1.47854246E+00  0.00000000E+00  5.01231397E-03  2.80026445E+00
 -3.39900000E-01  2.04592000E+00 -1.72303830E+00  0.00000000E+00  1.47897519E+00  0.00000000E+00  5.00448973E-03  2.81216779E+00
 -3.39900000E-01  2.04615500E+00 -1.72341856E+00  0.00000000E+00  1.47939653E+00  0.00000000E+00  4.99668250E-03  2.82409638E+00
 -3.39900000E-01  2.04639000E+00 -1.72378499E+00  0.00000000E+00  1.47980837E+00  0.00000000E+00  4.98822683E-03  2.83719352E+00
 -3.39900000E-01  2.04662500E+00 -1.72413760E+00  0.00000000E+00  1.48021224E+00  0.00000000E+00  4.97793393E-03  2.85350141E+00
 -3.39900000E-01  2.04686000E+00 -1.72447638E+00  0.00000000E+00  1.48060002E+00  0.00000000E+00  4.96804467E-03  2.86916978E+00
 -3.39900000E-01  2.04709500E+00 -1.72480133E+00  0.00000000E+00  1.48097173E+00  0.00000000E+00  4.95855906E-03  2.88419862E+00
 -3.39900000E-01  2.04733000E+00 -1.72511245E+00  0.00000000E+00  1.48132736E+00  0.00000000E+00  4.94947709E-03  2.89858794E+00
 -3.39900000E-01  2.04756500E+00 -1.72540975E+00  0.00000000E+00  1.48166694E+00  0.00000000E+00  4.94079876E-03  2.91233773E+00
 -3.39900000E-01  2.04780000E+00 -1.72569321E+00  0.00000000E+00  1.48199046E+00  0.00000000E+00  4.93252408E-03  2.92544799E+00
 -3.39900000E-01  2.04803500E+00 -1.72596285E+00  0.00000000E+00  1.48229794E+00  0.00000000E+00  4.92465304E-03  2.93791874E+00
 -3.39900000E-01  2.04827000E+00 -1.72621866E+00  0.00000000E+00  1.48258939E+00  0.00000000E+00  4.91718564E-03  2.94974995E+00
 -3.39900000E-01  2.04850500E+00 -1.72646065E+00  0.00000000E+00  1.48286480E+00  0.00000000E+00  4.91012189E-03  2.96094164E+00
 -3.39900000E-01  2.04874000E+00 -1.72668881E+00  0.00000000E+00  1.48312419E+00  0.00000000E+00  4.90346178E-03  2.97149381E+00
 -3.39900000E-01  2.04897500E+00 -1.72690313E+00  0.00000000E+00  1.48336757E+00  0.00000000E+00  4.89720531E-03  2.98140645E+00
 -3.39900000E-01  2.04921000E+00 -1.72710364E+00  0.00000000E+00  1.48359494E+00  0.00000000E+00  4.89135248E-03  2.99067956E+00
 -3.39900000E-01  2.04944500E+00 -1.72729031E+00  0.00000000E+00  1.48380632E+00  0.00000000E+00  4.88590330E-03  2.99931315E+00
 -3.39900000E-01  2.04968000E+00 -1.72746315E+00  0.00000000E+00  1.48400171E+00  0.00000000E+00  4.88085776E-03  3.00730722E+00
 -3.39900000E-01  2.04991500E+00 -1.72762217E+00  0.00000000E+00  1.48418112E+00  0.00000000E+00  4.87621587E-03  3.01466176E+00
 -3.39900000E-01  2.05015000E+00 -1.72776736E+00  0.00000000E+00  1.48434455E+00  0.00000000E+00  4.87197761E-03  3.02137677E+00
 -3.39900000E-01  2.05038500E+00 -1.72789873E+00  0.00000000E+00  1.48449202E+00  0.00000000E+00  4.86814300E-03  3.02745226E+00
 -3.39900000E-01  2.05062000E+00 -1.72801626E+00  0.00000000E+00  1.48462353E+00  0.00000000E+00  4.86471204E-03  3.03288823E+00
 -3.39900000E-01  2.05085500E+00 -1.72811997E+00  0.00000000E+00  1.48473909E+00  0.00000000E+00  4.86168471E-03  3.03768466E+00
 -3.39900000E-01  2.05109000E+00 -1.72820985E+00  0.00000000E+00  1.48483871E+00  0.00000000E+00  4.85906103E-03  3.04184158E+00
 -3.39900000E-01  2.05132500E+00 -1.72828590E+00  0.00000000E+00  1.48492239E+00  0.00000000E+00  4.85684100E-03  3.04535897E+00
 -3.39900000E-01  2.05156000E+00 -1.72834813E+00  0.00000000E+00  1.48499015E+00  0.00000000E+00  4.85502460E-03  3.04823683E+00
 -3.39900000E-01  2.05179500E+00 -1.72839652E+00  0.00000000E+00  1.48504199E+00  0.00000000E+00  4.85361185E-03  3.05047517E+00
 -3.39900000E-01  2.05203000E+00 -1.72843109E+00  0.00000000E+00  1.48507793E+00  0.00000000E+00  4.85260274E-03  3.05207398E+00
 -3.39900000E-01  2.05226500E+00 -1.72845183E+00  0.00000000E+00  1.48509796E+00  0.00000000E+00  4.85199728E-03  3.05303327E+00
 -3.39900000E-01  2.05250000E+00 -1.72845875E+00  0.00000000E+00  1.48510209E+00  0.00000000E+00  4.85179546E-03  3.05335303E+00
 -3.39900000E-01  2.05273500E+00 -1.72845183E+00  0.00000000E+00  1.48509034E+00  0.00000000E+00  4.85199728E-03  3.05303327E+00
 -3.39900000E-01  2.05297000E+00 -1.72843109E+00  0.00000000E+00  1.48506272E+00  0.00000000E+00  4.85260274E-03  3.05207398E+00
 -3.39900000E-01  2.05320500E+00 -1.72839652E+00  0.00000000E+00  1.48501922E+00  0.00000000E+00  4.85361185E-03  3.05047517E+00
 -3.39900000E-01  2.05344000E+00 -1.72834813E+00  0.00000000E+00  1.48495986E+00  0.00000000E+00  4.85502460E-03  3.04823683E+00
 -3.39900000E-01  2.05367500E+00 -1.72828590E+00  0.00000000E+00  1.48488465E+00  0.00000000E+00  4.85684100E-03  3.04535897E+00
 -3.39900000E-01  2.05391000E+00 -1.72820985E+00  0.00000000E+00  1.48479359E+00  0.00000000E+00  4.85906103E-03  3.04184158E+00
 -3.39900000E-01  2.05414500E+00 -1.72811997E+00  0.00000000E+00  1.48468669E+00  0.00000000E+00  4.86168471E-03  3.03768466E+00
 -3.39900000E-01  2.05438000E+00 -1.72801626E+00  0.00000000E+00  1.48456396E+00  0.00000000E+00  4.86471204E-03  3.03288823E+00
 -3.39900000E-01  2.05461500E+00 -1.72789873E+00  0.00000000E+00  1.48442541E+00  0.00000000E+00  4.86814300E-03  3.02745226E+00
 -3.39900000E-01  2.05485000E+00 -1.72776736E+00  0.00000000E+00  1.48427104E+00  0.00000000E+00  4.87197761E-03  3.02137677E+00
 -3.39900000E-01  2.05508500E+00 -1.72762217E+00  0.00000000E+00  1.48410087E+00  0.00000000E+00  4.87621587E-03  3.01466176E+00
 -3.39900000E-01  2.05532000E+00 -1.72746315E+00  0.00000000E+00  1.48391490E+00  0.00000000E+00  4.88085776E-03  3.00730722E+00
 -3.39900000E-01  2.05555500E+00 -1.72729031E+00  0.00000000E+00  1.48371314E+00  0.00000000E+00  4.88590330E-03  2.99931315E+00
 -3.39900000E-01  2.05579000E+00 -1.72710364E+00  0.00000000E+00  1.48349559E+00  0.00000000E+00  4.89135248E-03  2.99067956E+00
 -3.39900000E-01  2.05602500E+00 -1.72690313E+00  0.00000000E+00  1.48326227E+00  0.00000000E+00  4.89720531E-03  2.98140645E+00
 -3.39900000E-01  2.05626000E+00 -1.72668881E+00  0.00000000E+00  1.48301319E+00  0.00000000E+00  4.90346178E-03  2.97149381E+00
 -3.39900000E-01  2.05649500E+00 -1.72646065E+00  0.00000000E+00  1.48274834E+00  0.00000000E+00  4.91012189E-03  2.96094164E+00
 -3.39900000E-01  2.05673000E+00 -1.72621866E+00  0.00000000E+00  1.48246775E+00  0.00000000E+00  4.91718564E-03  2.94974995E+00
 -3.39900000E-01  2.05696500E+00 -1.72596285E+00  0.00000000E+00  1.48217141E+00  0.00000000E+00  4.92465304E-03  2.93791874E+00
 -3.39900000E-01  2.05720000E+00 -1.72569321E+00  0.00000000E+00  1.48185934E+00  0.00000000E+00  4.93252408E-03  2.92544799E+00
 -3.39900000E-01  2.05743500E+00 -1.72540975E+00  0.00000000E+00  1.48153154E+00  0.00000000E+00  4.94079876E-03  2.91233773E+00
 -3.39900000E-01  2.05767000E+00 -1.72511245E+00  0.00000000E+00  1.48118802E+00  0.00000000E+00  4.94947709E-03  2.89858794E+00
 -3.39900000E-01  2.05790500E+00 -1.72480133E+00  0.00000000E+00  1.48082878E+00  0.00000000E+00  4.95855906E-03  2.88419862E+00
 -3.39900000E-01  2.05814000E+00 -1.72447638E+00  0.00000000E+00  1.48045385E+00  0.00000000E+00  4.96804467E-03  2.86916978E+00
 -3.39900000E-01  2.05837500E+00 -1.72413760E+00  0.00000000E+00  1.48006322E+00  0.00000000E+00  4.97793393E-03  2.85350141E+00
 -3.39900000E-01  2.05861000E+00 -1.72378499E+00  0.00000000E+00  1.47965690E+00  0.00000000E+00  4.98822683E-03  2.83719352E+00
 -3.39900000E-01  2.05884500E+00 -1.72341856E+00  0.00000000E+00  1.47924255E+00  0.00000000E+00  4.99668250E-03  2.82409638E+00
 -3.39900000E-01  2.05908000E+00 -1.72303830E+00  0.00000000E+00  1.47881913E+00  0.00000000E+00  5.00448972E-03  2.81216779E+00
 -3.39900000E-01  2.05931500E+00 -1.72264421E+00  0.00000000E+00  1.47838493E+00  0.00000000E+00  5.01231397E-03  2.80026445E+00
 -3.39900000E-01  2.05955000E+00 -1.72223630E+00  0.00000000E+00  1.47794009E+00  0.00000000E+00  5.02015528E-03  2.78838635E+00
 -3.39900000E-01  2.05978500E+00 -1.72181455E+00  0.00000000E+00  1.47748476E+00  0.00000000E+00  5.02801367E-03  2.77653350E+00
 -3.39900000E-01  2.06002000E+00 -1.72137898E+00  0.00000000E+00  1.47701908E+00  0.00000000E+00  5.03588919E-03  2.76470590E+00
 -3.39900000E-01  2.06025500E+00 -1.72092958E+00  0.00000000E+00  1.47654322E+00  0.00000000E+00  5.04378187E-03  2.75290354E+00
 -3.39900000E-01  2.06049000E+00 -1.72046635E+00  0.00000000E+00  1.47605731E+00  0.00000000E+00  5.05169174E-03  2.74112642E+00
 -3.39900000E-01  2.06072500E+00 -1.71998930E+00  0.00000000E+00  1.47556150E+00  0.00000000E+00  5.05961885E-03  2.72937456E+00
 -3.39900000E-01  2.06096000E+00 -1.71949842E+00  0.00000000E+00  1.47505595E+00  0.00000000E+00  5.06756321E-03  2.71764793E+00
 -3.39900000E-01  2.06119500E+00 -1.71899371E+00  0.00000000E+00  1.47454079E+00  0.00000000E+00  5.07552488E-03  2.70594656E+00
 -3.39900000E-01  2.06143000E+00 -1.71847517E+00  0.00000000E+00  1.47401619E+00  0.00000000E+00  5.08350388E-03  2.69427043E+00
 -3.39900000E-01  2.06166500E+00 -1.71794280E+00  0.00000000E+00  1.47348227E+00  0.00000000E+00  5.09150024E-03  2.68261954E+00
 -3.39900000E-01  2.06190000E+00 -1.71739661E+00  0.00000000E+00  1.47293920E+00  0.00000000E+00  5.09951401E-03  2.67099390E+00
 -3.39900000E-01  2.06213500E+00 -1.71683659E+00  0.00000000E+00  1.47238713E+00  0.00000000E+00  5.10754521E-03  2.65939351E+00
 -3.39900000E-01  2.06237000E+00 -1.71626274E+00  0.00000000E+00  1.47182619E+00  0.00000000E+00  5.11559389E-03  2.64781836E+00
 -3.39900000E-01  2.06260500E+00 -1.71567507E+00  0.00000000E+00  1.47125654E+00  0.00000000E+00  5.12366007E-03  2.63626846E+00
 -3.39900000E-01  2.06284000E+00 -1.71507356E+00  0.00000000E+00  1.47067832E+00  0.00000000E+00  5.13174379E-03  2.62474380E+00
 -3.39900000E-01  2.06307500E+00 -1.71445823E+00  0.00000000E+00  1.47009169E+00  0.00000000E+00  5.13984508E-03  2.61324439E+00
 -3.39900000E-01  2.06331000E+00 -1.71382907E+00  0.00000000E+00  1.46949679E+00  0.00000000E+00  5.14796398E-03  2.60177022E+00
 -3.39900000E-01  2.06354500E+00 -1.71318609E+00  0.00000000E+00  1.46889377E+00  0.00000000E+00  5.15610053E-03  2.59032130E+00
 -3.39900000E-01  2.06378000E+00 -1.71252927E+00  0.00000000E+00  1.46828278E+00  0.00000000E+00  5.16425475E-03  2.57889763E+00
 -3.39900000E-01  2.06401500E+00 -1.71185863E+00  0.00000000E+00  1.46766396E+00  0.00000000E+00  5.17242669E-03  2.56749920E+00
 -3.39900000E-01  2.06425000E+00 -1.71117416E+00  0.00000000E+00  1.46703747E+00  0.00000000E+00  5.18061637E-03  2.55612602E+00
 -3.39900000E-01  2.06448500E+00 -1.71047586E+00  0.00000000E+00  1.46640345E+00  0.00000000E+00  5.18882383E-03  2.54477808E+00
 -3.39900000E-01  2.06472000E+00 -1.70976374E+00  0.00000000E+00  1.46576205E+00  0.00000000E+00  5.19704912E-03  2.53345539E+00
 -3.39900000E-01  2.06495500E+00 -1.70903778E+00  0.00000000E+00  1.46511341E+00  0.00000000E+00  5.20529225E-03  2.52215794E+00
 -3.39900000E-01  2.06519000E+00 -1.70829800E+00  0.00000000E+00  1.46445770E+00  0.00000000E+00  5.21355326E-03  2.51088574E+00
 -3.39900000E-01  2.06542500E+00 -1.70754440E+00  0.00000000E+00  1.46379504E+00  0.00000000E+00  5.22183220E-03  2.49963879E+00
 -3.39900000E-01  2.06566000E+00 -1.70677696E+00  0.00000000E+00  1.46312560E+00  0.00000000E+00  5.23012909E-03  2.48841708E+00
 -3.39900000E-01  2.06589500E+00 -1.70599570E+00  0.00000000E+00  1.46244952E+00  0.00000000E+00  5.23844396E-03  2.47722061E+00
 -3.39900000E-01  2.06613000E+00 -1.70520061E+00  0.00000000E+00  1.46176695E+00  0.00000000E+00  5.24677686E-03  2.46604940E+00
 -3.39900000E-01  2.06636500E+00 -1.70439169E+00  0.00000000E+00  1.46107803E+00  0.00000000E+00  5.25512782E-03  2.45490343E+00
 -3.39900000E-01  2.06660000E+00 -1.70356894E+00  0.00000000E+00  1.46038292E+00  0.00000000E+00  5.26349687E-03  2.44378270E+00
 -3.39900000E-01  2.06683500E+00 -1.70273237E+00  0.00000000E+00  1.45968176E+00  0.00000000E+00  5.27188405E-03  2.43268722E+00
 -3.39900000E-01  2.06707000E+00 -1.70188197E+00  0.00000000E+00  1.45897471E+00  0.00000000E+00  5.28028939E-03  2.42161698E+00
 -3.39900000E-01  2.06730500E+00 -1.70101774E+00  0.00000000E+00  1.45826190E+00  0.00000000E+00  5.28871292E-03  2.41057200E+00
 -3.39900000E-01  2.06754000E+00 -1.70013968E+00  0.00000000E+00  1.45754348E+00  0.00000000E+00  5.29715469E-03  2.39955225E+00
 -3.39900000E-01  2.06777500E+00 -1.69924779E+00  0.00000000E+00  1.45681961E+00  0.00000000E+00  5.30561471E-03  2.38855775E+00
 -3.39900000E-01  2.06801000E+00 -1.69834208E+00  0.00000000E+00  1.45609044E+00  0.00000000E+00  5.31409304E-03  2.37758850E+00
 -3.39900000E-01  2.06824500E+00 -1.69742254E+00  0.00000000E+00  1.45535610E+00  0.00000000E+00  5.32258970E-03  2.36664450E+00
 -3.39900000E-01  2.06848000E+00 -1.69648917E+00  0.00000000E+00  1.45461676E+00  0.00000000E+00  5.33110473E-03  2.35572574E+00
 -3.39900000E-01  2.06871500E+00 -1.69554198E+00  0.00000000E+00  1.45387255E+00  0.00000000E+00  5.33963817E-03  2.34483222E+00
 -3.39900000E-01  2.06895000E+00 -1.69458096E+00  0.00000000E+00  1.45312362E+00  0.00000000E+00  5.34819004E-03  2.33396395E+00
 -3.39900000E-01  2.06918500E+00 -1.69360610E+00  0.00000000E+00  1.45237013E+00  0.00000000E+00  5.35676038E-03  2.32312093E+00
 -3.39900000E-01  2.06942000E+00 -1.69261743E+00  0.00000000E+00  1.45161222E+00  0.00000000E+00  5.36534923E-03  2.31230315E+00
 -3.39900000E-01  2.06965500E+00 -1.69161492E+00  0.00000000E+00  1.45085004E+00  0.00000000E+00  5.37395662E-03  2.30151062E+00
 -3.39900000E-01  2.06989000E+00 -1.69059859E+00  0.00000000E+00  1.45008373E+00  0.00000000E+00  5.38258258E-03  2.29074333E+00
 -3.39900000E-01  2.07012500E+00 -1.68956843E+00  0.00000000E+00  1.44931345E+00  0.00000000E+00  5.39122715E-03  2.28000129E+00
 -3.39900000E-01  2.07036000E+00 -1.68852444E+00  0.00000000E+00  1.44853934E+00  0.00000000E+00  5.39989037E-03  2.26928450E+00
 -3.39900000E-01  2.07059500E+00 -1.68746662E+00  0.00000000E+00  1.44776156E+00  0.00000000E+00  5.40857227E-03  2.25859295E+00
 -3.39900000E-01  2.07083000E+00 -1.68639497E+00  0.00000000E+00  1.44698024E+00  0.00000000E+00  5.41727288E-03  2.24792664E+00
 -3.39900000E-01  2.07106500E+00 -1.68530950E+00  0.00000000E+00  1.44619305E+00  0.00000000E+00  5.42599204E-03  2.23728559E+00
 -3.39900000E-01  2.07130000E+00 -1.68421020E+00  0.00000000E+00  1.44539534E+00  0.00000000E+00  5.43472951E-03  2.22666977E+00
 -3.39900000E-01  2.07153500E+00 -1.68309708E+00  0.00000000E+00  1.44459317E+00  0.00000000E+00  5.44348584E-03  2.21607921E+00
 -3.39900000E-01  2.07177000E+00 -1.68197012E+00  0.00000000E+00  1.44378648E+00  0.00000000E+00  5.45226106E-03  2.20551389E+00
 -3.39900000E-01  2.07200500E+00 -1.68082934E+00  0.00000000E+00  1.44297521E+00  0.00000000E+00  5.46105519E-03  2.19497381E+00
 -3.39900000E-01  2.07224000E+00 -1.67967473E+00  0.00000000E+00  1.44215930E+00  0.00000000E+00  5.46986825E-03  2.18445898E+00
 -3.39900000E-01  2.07247500E+00 -1.67850629E+00  0.00000000E+00  1.44133869E+00  0.00000000E+00  5.47870026E-03  2.17396940E+00
 -3.39900000E-01  2.07271000E+00 -1.67732402E+00  0.00000000E+00  1.44051332E+00  0.00000000E+00  5.48755123E-03  2.16350506E+00
 -3.39900000E-01  2.07294500E+00 -1.67612793E+00  0.00000000E+00  1.43968313E+00  0.00000000E+00  5.49642119E-03  2.15306597E+00
 -3.39900000E-01  2.07318000E+00 -1.67491801E+00  0.00000000E+00  1.43884806E+00  0.00000000E+00  5.50531015E-03  2.14265212E+00
 -3.39900000E-01  2.07341500E+00 -1.67369426E+00  0.00000000E+00  1.43800805E+00  0.00000000E+00  5.51421813E-03  2.13226352E+00
 -3.39900000E-01  2.07365000E+00 -1.67245668E+00  0.00000000E+00  1.43716304E+00  0.00000000E+00  5.52314516E-03  2.12190016E+00
 -3.39900000E-01  2.07388500E+00 -1.67120528E+00  0.00000000E+00  1.43631297E+00  0.00000000E+00  5.53209125E-03  2.11156205E+00
 -3.39900000E-01  2.07412000E+00 -1.66994005E+00  0.00000000E+00  1.43545778E+00  0.00000000E+00  5.54105643E-03  2.10124919E+00
 -3.39900000E-01  2.07435500E+00 -1.66866099E+00  0.00000000E+00  1.43459741E+00  0.00000000E+00  5.55004070E-03  2.09096157E+00
 -3.39900000E-01  2.07459000E+00 -1.66736810E+00  0.00000000E+00  1.43373180E+00  0.00000000E+00  5.55904410E-03  2.08069920E+00
 -3.39900000E-01  2.07482500E+00 -1.66606139E+00  0.00000000E+00  1.43286089E+00  0.00000000E+00  5.56806663E-03  2.07046207E+00
 -3.39900000E-01  2.07506000E+00 -1.66474084E+00  0.00000000E+00  1.43198462E+00  0.00000000E+00  5.57710833E-03  2.06025019E+00
 -3.39900000E-01  2.07529500E+00 -1.66340647E+00  0.00000000E+00  1.43110293E+00  0.00000000E+00  5.58616920E-03  2.05006356E+00
 -3.39900000E-01  2.07553000E+00 -1.66205828E+00  0.00000000E+00  1.43021576E+00  0.00000000E+00  5.59524927E-03  2.03990217E+00
 -3.39900000E-01  2.07576500E+00 -1.66069625E+00  0.00000000E+00  1.42932305E+00  0.00000000E+00  5.60434856E-03  2.02976602E+00
 -3.39900000E-01  2.07600000E+00 -1.65932040E+00  0.00000000E+00  1.42842474E+00  0.00000000E+00  5.61346708E-03  2.01965512E+00
 -3.39900000E-01  2.07623500E+00 -1.65793072E+00  0.00000000E+00  1.42752078E+00  0.00000000E+00  5.62260486E-03  2.00956947E+00
 -3.39900000E-01  2.07647000E+00 -1.65652721E+00  0.00000000E+00  1.42661109E+00  0.00000000E+00  5.63176191E-03  1.99950906E+00
 -3.39900000E-01  2.07670500E+00 -1.65510987E+00  0.00000000E+00  1.42569562E+00  0.00000000E+00  5.64093826E-03  1.98947390E+00
 -3.39900000E-01  2.07694000E+00 -1.65367871E+00  0.00000000E+00  1.42477431E+00  0.00000000E+00  5.65013392E-03  1.97946399E+00
 -3.39900000E-01  2.07717500E+00 -1.65223372E+00  0.00000000E+00  1.42384710E+00  0.00000000E+00  5.65934891E-03  1.96947932E+00
 -3.39900000E-01  2.07741000E+00 -1.65077490E+00  0.00000000E+00  1.42291393E+00  0.00000000E+00  5.66858325E-03  1.95951989E+00
 -3.39900000E-01  2.07764500E+00 -1.64930225E+00  0.00000000E+00  1.42197475E+00  0.00000000E+00  5.67783697E-03  1.94958571E+00
 -3.39900000E-01  2.07788000E+00 -1.64781578E+00  0.00000000E+00  1.42102948E+00  0.00000000E+00  5.68711007E-03  1.93967678E+00
 -3.39900000E-01  2.07811500E+00 -1.64631547E+00  0.00000000E+00  1.42007807E+00  0.00000000E+00  5.69640259E-03  1.92979309E+00
 -3.39900000E-01  2.07835000E+00 -1.64480134E+00  0.00000000E+00  1.41912046E+00  0.00000000E+00  5.70571453E-03  1.91993465E+00
 -3.39900000E-01  2.07858500E+00 -1.64327339E+00  0.00000000E+00  1.41815660E+00  0.00000000E+00  5.71504592E-03  1.91010146E+00
 -3.39900000E-01  2.07882000E+00 -1.64173160E+00  0.00000000E+00  1.41718641E+00  0.00000000E+00  5.72439678E-03  1.90029351E+00
 -3.39900000E-01  2.07905500E+00 -1.64017599E+00  0.00000000E+00  1.41620984E+00  0.00000000E+00  5.73376712E-03  1.89051080E+00
 -3.39900000E-01  2.07929000E+00 -1.63860655E+00  0.00000000E+00  1.41522684E+00  0.00000000E+00  5.74315698E-03  1.88075334E+00
 -3.39900000E-01  2.07952500E+00 -1.63702328E+00  0.00000000E+00  1.41423733E+00  0.00000000E+00  5.75256635E-03  1.87102113E+00
 -3.39900000E-01  2.07976000E+00 -1.63542618E+00  0.00000000E+00  1.41324127E+00  0.00000000E+00  5.76199527E-03  1.86131416E+00
 -3.39900000E-01  2.07999500E+00 -1.63381526E+00  0.00000000E+00  1.41223858E+00  0.00000000E+00  5.77144376E-03  1.85163244E+00
 -3.39900000E-01  2.08023000E+00 -1.63219051E+00  0.00000000E+00  1.41122922E+00  0.00000000E+00  5.78091183E-03  1.84197596E+00
 -3.39900000E-01  2.08046500E+00 -1.63055193E+00  0.00000000E+00  1.41021311E+00  0.00000000E+00  5.79039950E-03  1.83234473E+00
 -3.39900000E-01  2.08070000E+00 -1.62889952E+00  0.00000000E+00  1.40919021E+00  0.00000000E+00  5.79990679E-03  1.82273875E+00
 -3.39900000E-01  2.08093500E+00 -1.62723329E+00  0.00000000E+00  1.40816045E+00  0.00000000E+00  5.80943372E-03  1.81315801E+00
 -3.39900000E-01  2.08117000E+00 -1.62555323E+00  0.00000000E+00  1.40712376E+00  0.00000000E+00  5.81898031E-03  1.80360252E+00
 -3.39900000E-01  2.08140500E+00 -1.62385934E+00  0.00000000E+00  1.40608010E+00  0.00000000E+00  5.82854659E-03  1.79407227E+00
 -3.39900000E-01  2.08164000E+00 -1.62215162E+00  0.00000000E+00  1.40502940E+00  0.00000000E+00  5.83813256E-03  1.78456727E+00
 -3.39900000E-01  2.08187500E+00 -1.62043008E+00  0.00000000E+00  1.40397159E+00  0.00000000E+00  5.84773825E-03  1.77508751E+00
 -3.39900000E-01  2.08211000E+00 -1.61869470E+00  0.00000000E+00  1.40290663E+00  0.00000000E+00  5.85736367E-03  1.76563300E+00
 -3.39900000E-01  2.08234500E+00 -1.61694550E+00  0.00000000E+00  1.40183445E+00  0.00000000E+00  5.86700885E-03  1.75620374E+00
 -3.39900000E-01  2.08258000E+00 -1.61518247E+00  0.00000000E+00  1.40075499E+00  0.00000000E+00  5.87667381E-03  1.74679972E+00
 -3.39900000E-01  2.08281500E+00 -1.61340562E+00  0.00000000E+00  1.39966819E+00  0.00000000E+00  5.88635857E-03  1.73742094E+00
 -3.39900000E-01  2.08305000E+00 -1.61161494E+00  0.00000000E+00  1.39857399E+00  0.00000000E+00  5.89606313E-03  1.72806741E+00
 -3.39900000E-01  2.08328500E+00 -1.60981042E+00  0.00000000E+00  1.39747233E+00  0.00000000E+00  5.90578754E-03  1.71873913E+00
 -3.39900000E-01  2.08352000E+00 -1.60799209E+00  0.00000000E+00  1.39636387E+00  0.00000000E+00  5.91553008E-03  1.70943610E+00
 -3.39900000E-01  2.08375500E+00 -1.60615992E+00  0.00000000E+00  1.39524709E+00  0.00000000E+00  5.92529218E-03  1.70015831E+00
 -3.39900000E-01  2.08399000E+00 -1.60431393E+00  0.00000000E+00  1.39412170E+00  0.00000000E+00  5.93507427E-03  1.69090576E+00
 -3.39900000E-01  2.08422500E+00 -1.60245410E+00  0.00000000E+00  1.39298768E+00  0.00000000E+00  5.94487633E-03  1.68167846E+00
 -3.39900000E-01  2.08446000E+00 -1.60058046E+00  0.00000000E+00  1.39184502E+00  0.00000000E+00  5.95469833E-03  1.67247641E+00
 -3.39900000E-01  2.08469500E+00 -1.59869298E+00  0.00000000E+00  1.39069371E+00  0.00000000E+00  5.96454023E-03  1.66329960E+00
 -3.39900000E-01  2.08493000E+00 -1.59679167E+00  0.00000000E+00  1.38953374E+00  0.00000000E+00  5.97440201E-03  1.65414804E+00
 -3.39900000E-01  2.08516500E+00 -1.59487654E+00  0.00000000E+00  1.38836509E+00  0.00000000E+00  5.98428365E-03  1.64502172E+00
 -3.39900000E-01  2.08540000E+00 -1.59294758E+00  0.00000000E+00  1.38718775E+00  0.00000000E+00  5.99418512E-03  1.63592065E+00
 -3.39900000E-01  2.08563500E+00 -1.59100479E+00  0.00000000E+00  1.38600172E+00  0.00000000E+00  6.00410638E-03  1.62684482E+00
 -3.39900000E-01  2.08587000E+00 -1.58904818E+00  0.00000000E+00  1.38480698E+00  0.00000000E+00  6.01404742E-03  1.61779425E+00
 -3.39900000E-01  2.08610500E+00 -1.58707774E+00  0.00000000E+00  1.38360353E+00  0.00000000E+00  6.02400819E-03  1.60876891E+00
 -3.39900000E-01  2.08634000E+00 -1.58509346E+00  0.00000000E+00  1.38239133E+00  0.00000000E+00  6.03398869E-03  1.59976882E+00
 -3.39900000E-01  2.08657500E+00 -1.58309537E+00  0.00000000E+00  1.38117040E+00  0.00000000E+00  6.04398888E-03  1.59079398E+00
 -3.39900000E-01  2.08681000E+00 -1.58108344E+00  0.00000000E+00  1.37994071E+00  0.00000000E+00  6.05400873E-03  1.58184438E+00
 -3.39900000E-01  2.08704500E+00 -1.57905769E+00  0.00000000E+00  1.37870226E+00  0.00000000E+00  6.06404821E-03  1.57292003E+00
 -3.39900000E-01  2.08728000E+00 -1.57701811E+00  0.00000000E+00  1.37745503E+00  0.00000000E+00  6.07410730E-03  1.56402093E+00
 -3.39900000E-01  2.08751500E+00 -1.57496470E+00  0.00000000E+00  1.37619901E+00  0.00000000E+00  6.08418597E-03  1.55514707E+00
 -3.39900000E-01  2.08775000E+00 -1.57289746E+00  0.00000000E+00  1.37493418E+00  0.00000000E+00  6.09428419E-03  1.54629845E+00
 -3.39900000E-01  2.08798500E+00 -1.57081640E+00  0.00000000E+00  1.37366055E+00  0.00000000E+00  6.10440193E-03  1.53747509E+00
 -3.39900000E-01  2.08822000E+00 -1.56872150E+00  0.00000000E+00  1.37237809E+00  0.00000000E+00  6.11453917E-03  1.52867696E+00
 -3.39900000E-01  2.08845500E+00 -1.56661278E+00  0.00000000E+00  1.37108680E+00  0.00000000E+00  6.12469588E-03  1.51990409E+00
 -3.39900000E-01  2.08869000E+00 -1.56449024E+00  0.00000000E+00  1.36978666E+00  0.00000000E+00  6.13487204E-03  1.51115645E+00
 -3.39900000E-01  2.08892500E+00 -1.56235386E+00  0.00000000E+00  1.36847767E+00  0.00000000E+00  6.14506761E-03  1.50243407E+00
 -3.39900000E-01  2.08916000E+00 -1.56020366E+00  0.00000000E+00  1.36715980E+00  0.00000000E+00  6.15528256E-03  1.49373693E+00
 -3.39900000E-01  2.08939500E+00 -1.55803963E+00  0.00000000E+00  1.36583306E+00  0.00000000E+00  6.16551688E-03  1.48506503E+00
 -3.39900000E-01  2.08963000E+00 -1.55586177E+00  0.00000000E+00  1.36449742E+00  0.00000000E+00  6.17577052E-03  1.47641839E+00
 -3.39900000E-01  2.08986500E+00 -1.55367008E+00  0.00000000E+00  1.36315288E+00  0.00000000E+00  6.18604348E-03  1.46779698E+00
 -3.39900000E-01  2.09010000E+00 -1.55146457E+00  0.00000000E+00  1.36179942E+00  0.00000000E+00  6.19633571E-03  1.45920083E+00
 -3.39900000E-01  2.09033500E+00 -1.54924523E+00  0.00000000E+00  1.36043704E+00  0.00000000E+00  6.20664719E-03  1.45062992E+00
 -3.39900000E-01  2.09057000E+00 -1.54701206E+00  0.00000000E+00  1.35906571E+00  0.00000000E+00  6.21697789E-03  1.44208425E+00
 -3.39900000E-01  2.09080500E+00 -1.54476507E+00  0.00000000E+00  1.35768544E+00  0.00000000E+00  6.22732779E-03  1.43356383E+00
 -3.39900000E-01  2.09104000E+00 -1.54250424E+00  0.00000000E+00  1.35629621E+00  0.00000000E+00  6.23769685E-03  1.42506865E+00
 -3.39900000E-01  2.09127500E+00 -1.54022959E+00  0.00000000E+00  1.35489800E+00  0.00000000E+00  6.24808505E-03  1.41659873E+00
 -3.39900000E-01  2.09151000E+00 -1.53794111E+00  0.00000000E+00  1.35349081E+00  0.00000000E+00  6.25849237E-03  1.40815404E+00
 -3.39900000E-01  2.09174500E+00 -1.53563880E+00  0.00000000E+00  1.35207463E+00  0.00000000E+00  6.26891877E-03  1.39973461E+00
 -3.39900000E-01  2.09198000E+00 -1.53332267E+00  0.00000000E+00  1.35064943E+00  0.00000000E+00  6.27936423E-03  1.39134041E+00
 -3.39900000E-01  2.09221500E+00 -1.53099271E+00  0.00000000E+00  1.34921522E+00  0.00000000E+00  6.28982872E-03  1.38297147E+00
 -3.39900000E-01  2.09245000E+00 -1.52864892E+00  0.00000000E+00  1.34777198E+00  0.00000000E+00  6.30031222E-03  1.37462777E+00
 -3.39900000E-01  2.09268500E+00 -1.52629130E+00  0.00000000E+00  1.34631970E+00  0.00000000E+00  6.31081468E-03  1.36630931E+00
 -3.39900000E-01  2.09292000E+00 -1.52391985E+00  0.00000000E+00  1.34485836E+00  0.00000000E+00  6.32133610E-03  1.35801610E+00
 -3.39900000E-01  2.09315500E+00 -1.52153458E+00  0.00000000E+00  1.34338796E+00  0.00000000E+00  6.33187643E-03  1.34974814E+00
 -3.39900000E-01  2.09339000E+00 -1.51913548E+00  0.00000000E+00  1.34190848E+00  0.00000000E+00  6.34243566E-03  1.34150542E+00
 -3.39900000E-01  2.09362500E+00 -1.51672255E+00  0.00000000E+00  1.34041992E+00  0.00000000E+00  6.35301376E-03  1.33328795E+00
 -3.39900000E-01  2.09386000E+00 -1.51429579E+00  0.00000000E+00  1.33892226E+00  0.00000000E+00  6.36361069E-03  1.32509573E+00
 -3.39900000E-01  2.09409500E+00 -1.51185521E+00  0.00000000E+00  1.33741548E+00  0.00000000E+00  6.37422643E-03  1.31692875E+00
 -3.39900000E-01  2.09433000E+00 -1.50940080E+00  0.00000000E+00  1.33589959E+00  0.00000000E+00  6.38486096E-03  1.30878701E+00
 -3.39900000E-01  2.09456500E+00 -1.50693256E+00  0.00000000E+00  1.33437456E+00  0.00000000E+00  6.39551424E-03  1.30067052E+00
 -3.39900000E-01  2.09480000E+00 -1.50445049E+00  0.00000000E+00  1.33284038E+00  0.00000000E+00  6.40618625E-03  1.29257928E+00
 -3.39900000E-01  2.09503500E+00 -1.50195460E+00  0.00000000E+00  1.33129705E+00  0.00000000E+00  6.41687696E-03  1.28451328E+00
 -3.39900000E-01  2.09527000E+00 -1.49944488E+00  0.00000000E+00  1.32974455E+00  0.00000000E+00  6.42758634E-03  1.27647253E+00
 -3.39900000E-01  2.09550500E+00 -1.49692133E+00  0.00000000E+00  1.32818288E+00  0.00000000E+00  6.43831437E-03  1.26845702E+00
 -3.39900000E-01  2.09574000E+00 -1.49438395E+00  0.00000000E+00  1.32661356E+00  0.00000000E+00  6.44905912E-03  1.26046676E+00
 -3.39900000E-01  2.09597500E+00 -1.49183274E+00  0.00000000E+00  1.32503844E+00  0.00000000E+00  6.45981857E-03  1.25250175E+00
 -3.39900000E-01  2.09621000E+00 -1.48926771E+00  0.00000000E+00  1.32345416E+00  0.00000000E+00  6.47059690E-03  1.24456198E+00
 -3.39900000E-01  2.09644500E+00 -1.48668885E+00  0.00000000E+00  1.32186082E+00  0.00000000E+00  6.48139396E-03  1.23664745E+00
 -3.39900000E-01  2.09668000E+00 -1.48409616E+00  0.00000000E+00  1.32025855E+00  0.00000000E+00  6.49220959E-03  1.22875818E+00
 -3.39900000E-01  2.09691500E+00 -1.48148965E+00  0.00000000E+00  1.31864744E+00  0.00000000E+00  6.50304364E-03  1.22089414E+00
 -3.39900000E-01  2.09715000E+00 -1.47886930E+00  0.00000000E+00  1.31702760E+00  0.00000000E+00  6.51389595E-03  1.21305536E+00
 -3.39900000E-01  2.09738500E+00 -1.47623513E+00  0.00000000E+00  1.31539914E+00  0.00000000E+00  6.52476636E-03  1.20524182E+00
 -3.39900000E-01  2.09762000E+00 -1.47358713E+00  0.00000000E+00  1.31376217E+00  0.00000000E+00  6.53565471E-03  1.19745352E+00
 -3.39900000E-01  2.09785500E+00 -1.47092531E+00  0.00000000E+00  1.31211679E+00  0.00000000E+00  6.54656085E-03  1.18969047E+00
 -3.39900000E-01  2.09809000E+00 -1.46824965E+00  0.00000000E+00  1.31046311E+00  0.00000000E+00  6.55748463E-03  1.18195267E+00
 -3.39900000E-01  2.09832500E+00 -1.46556017E+00  0.00000000E+00  1.30880125E+00  0.00000000E+00  6.56842588E-03  1.17424011E+00
 -3.39900000E-01  2.09856000E+00 -1.46285686E+00  0.00000000E+00  1.30713129E+00  0.00000000E+00  6.57938445E-03  1.16655280E+00
 -3.39900000E-01  2.09879500E+00 -1.46013972E+00  0.00000000E+00  1.30545336E+00  0.00000000E+00  6.59036019E-03  1.15889073E+00
 -3.39900000E-01  2.09903000E+00 -1.45740876E+00  0.00000000E+00  1.30376757E+00  0.00000000E+00  6.60135293E-03  1.15125391E+00
 -3.39900000E-01  2.09926500E+00 -1.45466397E+00  0.00000000E+00  1.30207401E+00  0.00000000E+00  6.61236252E-03  1.14364234E+00
 -3.39900000E-01  2.09950000E+00 -1.45190535E+00  0.00000000E+00  1.30037279E+00  0.00000000E+00  6.62338881E-03  1.13605601E+00
 -3.39900000E-01  2.09973500E+00 -1.44913290E+00  0.00000000E+00  1.29866403E+00  0.00000000E+00  6.63443163E-03  1.12849492E+00
 -3.39900000E-01  2.09997000E+00 -1.44634662E+00  0.00000000E+00  1.29694784E+00  0.00000000E+00  6.64549083E-03  1.12095908E+00
 -3.39900000E-01  2.10020500E+00 -1.44354652E+00  0.00000000E+00  1.29522430E+00  0.00000000E+00  6.65656626E-03  1.11344849E+00
 -3.39900000E-01  2.10044000E+00 -1.44073259E+00  0.00000000E+00  1.29349355E+00  0.00000000E+00  6.66765775E-03  1.10596315E+00
 -3.39900000E-01  2.10067500E+00 -1.43790483E+00  0.00000000E+00  1.29175568E+00  0.00000000E+00  6.67876516E-03  1.09850304E+00
 -3.39900000E-01  2.10091000E+00 -1.43506325E+00  0.00000000E+00  1.29001079E+00  0.00000000E+00  6.68988831E-03  1.09106819E+00
 -3.39900000E-01  2.10114500E+00 -1.43220783E+00  0.00000000E+00  1.28825901E+00  0.00000000E+00  6.70102707E-03  1.08365858E+00
 -3.39900000E-01  2.10138000E+00 -1.42933859E+00  0.00000000E+00  1.28650043E+00  0.00000000E+00  6.71218127E-03  1.07627422E+00
 -3.39900000E-01  2.10161500E+00 -1.42645552E+00  0.00000000E+00  1.28473516E+00  0.00000000E+00  6.72335075E-03  1.06891510E+00
 -3.39900000E-01  2.10185000E+00 -1.42355862E+00  0.00000000E+00  1.28296332E+00  0.00000000E+00  6.73453536E-03  1.06158122E+00
 -3.39900000E-01  2.10208500E+00 -1.42064790E+00  0.00000000E+00  1.28118500E+00  0.00000000E+00  6.74573495E-03  1.05427260E+00
 -3.39900000E-01  2.10232000E+00 -1.41772335E+00  0.00000000E+00  1.27940031E+00  0.00000000E+00  6.75694935E-03  1.04698922E+00
 -3.39900000E-01  2.10255500E+00 -1.41478497E+00  0.00000000E+00  1.27760937E+00  0.00000000E+00  6.76817840E-03  1.03973108E+00
 -3.39900000E-01  2.10279000E+00 -1.41183276E+00  0.00000000E+00  1.27581228E+00  0.00000000E+00  6.77942196E-03  1.03249819E+00
 -3.39900000E-01  2.10302500E+00 -1.40886672E+00  0.00000000E+00  1.27400914E+00  0.00000000E+00  6.79067987E-03  1.02529055E+00
 -3.39900000E-01  2.10326000E+00 -1.40588686E+00  0.00000000E+00  1.27220007E+00  0.00000000E+00  6.80195196E-03  1.01810815E+00
 -3.39900000E-01  2.10349500E+00 -1.40289317E+00  0.00000000E+00  1.27038518E+00  0.00000000E+00  6.81323809E-03  1.01095099E+00
 -3.39900000E-01  2.10373000E+00 -1.39988565E+00  0.00000000E+00  1.26856456E+00  0.00000000E+00  6.82453809E-03  1.00381909E+00
 -3.39900000E-01  2.10396500E+00 -1.39686431E+00  0.00000000E+00  1.26673832E+00  0.00000000E+00  6.83585181E-03  9.96712426E-01
 -3.39900000E-01  2.10420000E+00 -1.39382913E+00  0.00000000E+00  1.26490659E+00  0.00000000E+00  6.84717910E-03  9.89631010E-01
 -3.39900000E-01  2.10443500E+00 -1.39078013E+00  0.00000000E+00  1.26306945E+00  0.00000000E+00  6.85851979E-03  9.82574840E-01
 -3.39900000E-01  2.10467000E+00 -1.38771730E+00  0.00000000E+00  1.26122702E+00  0.00000000E+00  6.86987373E-03  9.75543916E-01
 -3.39900000E-01  2.10490500E+00 -1.38464065E+00  0.00000000E+00  1.25937941E+00  0.00000000E+00  6.88124077E-03  9.68538237E-01
 -3.39900000E-01  2.10514000E+00 -1.38155016E+00  0.00000000E+00  1.25752672E+00  0.00000000E+00  6.89262074E-03  9.61557804E-01
 -3.39900000E-01  2.10537500E+00 -1.37844585E+00  0.00000000E+00  1.25566907E+00  0.00000000E+00  6.90401350E-03  9.54602617E-01
 -3.39900000E-01  2.10561000E+00 -1.37532771E+00  0.00000000E+00  1.25380655E+00  0.00000000E+00  6.91541887E-03  9.47672675E-01
 -3.39900000E-01  2.10584500E+00 -1.37219574E+00  0.00000000E+00  1.25193928E+00  0.00000000E+00  6.92683672E-03  9.40767979E-01
 -3.39900000E-01  2.10608000E+00 -1.36904995E+00  0.00000000E+00  1.25006736E+00  0.00000000E+00  6.93826687E-03  9.33888529E-01
 -3.39900000E-01  2.10631500E+00 -1.36589033E+00  0.00000000E+00  1.24819091E+00  0.00000000E+00  6.94970918E-03  9.27034324E-01
 -3.39900000E-01  2.10655000E+00 -1.36271688E+00  0.00000000E+00  1.24631002E+00  0.00000000E+00  6.96116349E-03  9.20205366E-01
 -3.39900000E-01  2.10678500E+00 -1.35952960E+00  0.00000000E+00  1.24442481E+00  0.00000000E+00  6.97262964E-03  9.13401652E-01
 -3.39900000E-01  2.10702000E+00 -1.35632849E+00  0.00000000E+00  1.24253538E+00  0.00000000E+00  6.98410748E-03  9.06623185E-01
 -3.39900000E-01  2.10725500E+00 -1.35311356E+00  0.00000000E+00  1.24064184E+00  0.00000000E+00  6.99559684E-03  8.99869963E-01
 -3.39900000E-01  2.10749000E+00 -1.34988480E+00  0.00000000E+00  1.23874430E+00  0.00000000E+00  7.00709757E-03  8.93141987E-01
 -3.39900000E-01  2.10772500E+00 -1.34664221E+00  0.00000000E+00  1.23684287E+00  0.00000000E+00  7.01860952E-03  8.86439256E-01
 -3.39900000E-01  2.10796000E+00 -1.34338579E+00  0.00000000E+00  1.23493765E+00  0.00000000E+00  7.03013253E-03  8.79761772E-01
 -3.39900000E-01  2.10819500E+00 -1.34011555E+00  0.00000000E+00  1.23303195E+00  0.00000000E+00  7.04165256E-03  8.73109533E-01
 -3.39900000E-01  2.10843000E+00 -1.33683148E+00  0.00000000E+00  1.23112360E+00  0.00000000E+00  7.05318151E-03  8.66482539E-01
 -3.39900000E-01  2.10866500E+00 -1.33353358E+00  0.00000000E+00  1.22921214E+00  0.00000000E+00  7.06472183E-03  8.59880792E-01
 -3.39900000E-01  2.10890000E+00 -1.33022185E+00  0.00000000E+00  1.22729776E+00  0.00000000E+00  7.07627300E-03  8.53304290E-01
 -3.39900000E-01  2.10913500E+00 -1.32689630E+00  0.00000000E+00  1.22538063E+00  0.00000000E+00  7.08783449E-03  8.46753033E-01
 -3.39900000E-01  2.10937000E+00 -1.32355691E+00  0.00000000E+00  1.22346092E+00  0.00000000E+00  7.09940580E-03  8.40227023E-01
 -3.39900000E-01  2.10960500E+00 -1.32020370E+00  0.00000000E+00  1.22153883E+00  0.00000000E+00  7.11098640E-03  8.33726258E-01
 -3.39900000E-01  2.10984000E+00 -1.31683667E+00  0.00000000E+00  1.21961452E+00  0.00000000E+00  7.12257578E-03  8.27250738E-01
 -3.39900000E-01  2.11007500E+00 -1.31345580E+00  0.00000000E+00  1.21768818E+00  0.00000000E+00  7.13417341E-03  8.20800465E-01
 -3.39900000E-01  2.11031000E+00 -1.31006111E+00  0.00000000E+00  1.21575999E+00  0.00000000E+00  7.14577879E-03  8.14375437E-01
 -3.39900000E-01  2.11054500E+00 -1.30665259E+00  0.00000000E+00  1.21383013E+00  0.00000000E+00  7.15739139E-03  8.07975655E-01
 -3.39900000E-01  2.11078000E+00 -1.30323024E+00  0.00000000E+00  1.21189877E+00  0.00000000E+00  7.16901070E-03  8.01601118E-01
 -3.39900000E-01  2.11101500E+00 -1.29979406E+00  0.00000000E+00  1.20996610E+00  0.00000000E+00  7.18063620E-03  7.95251828E-01
 -3.39900000E-01  2.11125000E+00 -1.29634406E+00  0.00000000E+00  1.20803229E+00  0.00000000E+00  7.19226737E-03  7.88927783E-01
 -3.39900000E-01  2.11148500E+00 -1.29288023E+00  0.00000000E+00  1.20609753E+00  0.00000000E+00  7.20390369E-03  7.82628983E-01
 -3.39900000E-01  2.11172000E+00 -1.28940257E+00  0.00000000E+00  1.20416199E+00  0.00000000E+00  7.21554465E-03  7.76355429E-01
 -3.39900000E-01  2.11195500E+00 -1.28591108E+00  0.00000000E+00  1.20222585E+00  0.00000000E+00  7.22718972E-03  7.70107121E-01
 -3.39900000E-01  2.11219000E+00 -1.28240577E+00  0.00000000E+00  1.20028929E+00  0.00000000E+00  7.23883840E-03  7.63884059E-01
 -3.39900000E-01  2.11242500E+00 -1.27888663E+00  0.00000000E+00  1.19835250E+00  0.00000000E+00  7.25049015E-03  7.57686242E-01
 -3.39900000E-01  2.11266000E+00 -1.27535366E+00  0.00000000E+00  1.19641564E+00  0.00000000E+00  7.26214448E-03  7.51513671E-01
 -3.39900000E-01  2.11289500E+00 -1.27180686E+00  0.00000000E+00  1.19447891E+00  0.00000000E+00  7.27380085E-03  7.45366346E-01
 -3.39900000E-01  2.11313000E+00 -1.26824623E+00  0.00000000E+00  1.19254247E+00  0.00000000E+00  7.28545875E-03  7.39244266E-01
 -3.39900000E-01  2.11336500E+00 -1.26467178E+00  0.00000000E+00  1.19060651E+00  0.00000000E+00  7.29711766E-03  7.33147433E-01
 -3.39900000E-01  2.11360000E+00 -1.26108350E+00  0.00000000E+00  1.18867121E+00  0.00000000E+00  7.30877707E-03  7.27075844E-01
 -3.39900000E-01  2.11383500E+00 -1.25748139E+00  0.00000000E+00  1.18673675E+00  0.00000000E+00  7.32043645E-03  7.21029502E-01
 -3.39900000E-01  2.11407000E+00 -1.25386546E+00  0.00000000E+00  1.18480330E+00  0.00000000E+00  7.33209529E-03  7.15008405E-01
 -3.39900000E-01  2.11430500E+00 -1.25023569E+00  0.00000000E+00  1.18287105E+00  0.00000000E+00  7.34375308E-03  7.09012554E-01
 -3.39900000E-01  2.11454000E+00 -1.24659210E+00  0.00000000E+00  1.18094017E+00  0.00000000E+00  7.35540929E-03  7.03041948E-01
 -3.39900000E-01  2.11477500E+00 -1.24293468E+00  0.00000000E+00  1.17901085E+00  0.00000000E+00  7.36706340E-03  6.97096589E-01
 -3.39900000E-01  2.11501000E+00 -1.23926344E+00  0.00000000E+00  1.17708326E+00  0.00000000E+00  7.37871490E-03  6.91176475E-01
 -3.39900000E-01  2.11524500E+00 -1.23557836E+00  0.00000000E+00  1.17515758E+00  0.00000000E+00  7.39036328E-03  6.85281606E-01
 -3.39900000E-01  2.11548000E+00 -1.23187946E+00  0.00000000E+00  1.17323400E+00  0.00000000E+00  7.40200800E-03  6.79411983E-01
 -3.39900000E-01  2.11571500E+00 -1.22816673E+00  0.00000000E+00  1.17131269E+00  0.00000000E+00  7.41364857E-03  6.73567606E-01
 -3.39900000E-01  2.11595000E+00 -1.22444018E+00  0.00000000E+00  1.16939382E+00  0.00000000E+00  7.42528445E-03  6.67748475E-01
 -3.39900000E-01  2.11618500E+00 -1.22069979E+00  0.00000000E+00  1.16747759E+00  0.00000000E+00  7.43691513E-03  6.61954589E-01
 -3.39900000E-01  2.11642000E+00 -1.21694558E+00  0.00000000E+00  1.16556417E+00  0.00000000E+00  7.44854009E-03  6.56185950E-01
 -3.39900000E-01  2.11665500E+00 -1.21317754E+00  0.00000000E+00  1.16365374E+00  0.00000000E+00  7.46015882E-03  6.50442555E-01
 -3.39900000E-01  2.11689000E+00 -1.20939567E+00  0.00000000E+00  1.16174647E+00  0.00000000E+00  7.47177080E-03  6.44724407E-01
 -3.39900000E-01  2.11712500E+00 -1.20559998E+00  0.00000000E+00  1.15984255E+00  0.00000000E+00  7.48337551E-03  6.39031504E-01
 -3.39900000E-01  2.11736000E+00 -1.20179045E+00  0.00000000E+00  1.15794216E+00  0.00000000E+00  7.49497242E-03  6.33363847E-01
 -3.39900000E-01  2.11759500E+00 -1.19796710E+00  0.00000000E+00  1.15604548E+00  0.00000000E+00  7.50656104E-03  6.27721435E-01
 -3.39900000E-01  2.11783000E+00 -1.19412992E+00  0.00000000E+00  1.15415268E+00  0.00000000E+00  7.51814083E-03  6.22104269E-01
 -3.39900000E-01  2.11806500E+00 -1.19027892E+00  0.00000000E+00  1.15226394E+00  0.00000000E+00  7.52971127E-03  6.16512349E-01
 -3.39900000E-01  2.11830000E+00 -1.18641408E+00  0.00000000E+00  1.15037945E+00  0.00000000E+00  7.54127186E-03  6.10945675E-01
 -3.39900000E-01  2.11853500E+00 -1.18253542E+00  0.00000000E+00  1.14849938E+00  0.00000000E+00  7.55282208E-03  6.05404246E-01
 -3.39900000E-01  2.11877000E+00 -1.17864293E+00  0.00000000E+00  1.14662391E+00  0.00000000E+00  7.56436140E-03  5.99888063E-01
 -3.39900000E-01  2.11900500E+00 -1.17473662E+00  0.00000000E+00  1.14475323E+00  0.00000000E+00  7.57588931E-03  5.94397126E-01
 -3.39900000E-01  2.11924000E+00 -1.17081647E+00  0.00000000E+00  1.14288750E+00  0.00000000E+00  7.58740529E-03  5.88931434E-01
 -3.39900000E-01  2.11947500E+00 -1.16688250E+00  0.00000000E+00  1.14102692E+00  0.00000000E+00  7.59890882E-03  5.83490988E-01
 -3.39900000E-01  2.11971000E+00 -1.16293470E+00  0.00000000E+00  1.13917166E+00  0.00000000E+00  7.61039939E-03  5.78075788E-01
 -3.39900000E-01  2.11994500E+00 -1.15897307E+00  0.00000000E+00  1.13732189E+00  0.00000000E+00  7.62187648E-03  5.72685833E-01
 -3.39900000E-01  2.12018000E+00 -1.15499762E+00  0.00000000E+00  1.13547781E+00  0.00000000E+00  7.63333956E-03  5.67321124E-01
 -3.39900000E-01  2.12041500E+00 -1.15100833E+00  0.00000000E+00  1.13364255E+00  0.00000000E+00  7.64476986E-03  5.61981661E-01
 -3.39900000E-01  2.12065000E+00 -1.14700522E+00  0.00000000E+00  1.13181875E+00  0.00000000E+00  7.65615367E-03  5.56667443E-01
 -3.39900000E-01  2.12088500E+00 -1.14298829E+00  0.00000000E+00  1.13000099E+00  0.00000000E+00  7.66752531E-03  5.51378471E-01
 -3.39900000E-01  2.12112000E+00 -1.13895752E+00  0.00000000E+00  1.12818951E+00  0.00000000E+00  7.67888315E-03  5.46114745E-01
 -3.39900000E-01  2.12135500E+00 -1.13491293E+00  0.00000000E+00  1.12638454E+00  0.00000000E+00  7.69022558E-03  5.40876265E-01
 -3.39900000E-01  2.12159000E+00 -1.13085451E+00  0.00000000E+00  1.12458632E+00  0.00000000E+00  7.70155098E-03  5.35663030E-01
 -3.39900000E-01  2.12182500E+00 -1.12678226E+00  0.00000000E+00  1.12279510E+00  0.00000000E+00  7.71285772E-03  5.30475041E-01
 -3.39900000E-01  2.12206000E+00 -1.12269618E+00  0.00000000E+00  1.12101112E+00  0.00000000E+00  7.72414417E-03  5.25312298E-01
 -3.39900000E-01  2.12229500E+00 -1.11859628E+00  0.00000000E+00  1.11923460E+00  0.00000000E+00  7.73540873E-03  5.20174800E-01
 -3.39900000E-01  2.12253000E+00 -1.11448254E+00  0.00000000E+00  1.11746580E+00  0.00000000E+00  7.74664977E-03  5.15062548E-01
 -3.39900000E-01  2.12276500E+00 -1.11035499E+00  0.00000000E+00  1.11570495E+00  0.00000000E+00  7.75786567E-03  5.09975541E-01
 -3.39900000E-01  2.12300000E+00 -1.10621360E+00  0.00000000E+00  1.11395230E+00  0.00000000E+00  7.76905480E-03  5.04913781E-01
 -3.39900000E-01  2.12323500E+00 -1.10205838E+00  0.00000000E+00  1.11220807E+00  0.00000000E+00  7.78021555E-03  4.99877266E-01
 -3.39900000E-01  2.12347000E+00 -1.09788934E+00  0.00000000E+00  1.11047251E+00  0.00000000E+00  7.79134629E-03  4.94865997E-01
 -3.39900000E-01  2.12370500E+00 -1.09370647E+00  0.00000000E+00  1.10874586E+00  0.00000000E+00  7.80244541E-03  4.89879973E-01
 -3.39900000E-01  2.12394000E+00 -1.08950977E+00  0.00000000E+00  1.10702836E+00  0.00000000E+00  7.81351127E-03  4.84919195E-01
 -3.39900000E-01  2.12417500E+00 -1.08529925E+00  0.00000000E+00  1.10532025E+00  0.00000000E+00  7.82454227E-03  4.79983663E-01
 -3.39900000E-01  2.12441000E+00 -1.08107489E+00  0.00000000E+00  1.10362176E+00  0.00000000E+00  7.83553677E-03  4.75073376E-01
 -3.39900000E-01  2.12464500E+00 -1.07683671E+00  0.00000000E+00  1.10193314E+00  0.00000000E+00  7.84649316E-03  4.70188336E-01
 -3.39900000E-01  2.12488000E+00 -1.07258470E+00  0.00000000E+00  1.10025463E+00  0.00000000E+00  7.85740982E-03  4.65328540E-01
 -3.39900000E-01  2.12511500E+00 -1.06831887E+00  0.00000000E+00  1.09858646E+00  0.00000000E+00  7.86828512E-03  4.60493991E-01
 -3.39900000E-01  2.12535000E+00 -1.06403920E+00  0.00000000E+00  1.09692888E+00  0.00000000E+00  7.87911745E-03  4.55684687E-01
 -3.39900000E-01  2.12558500E+00 -1.05974571E+00  0.00000000E+00  1.09528211E+00  0.00000000E+00  7.88990517E-03  4.50900629E-01
 -3.39900000E-01  2.12582000E+00 -1.05543839E+00  0.00000000E+00  1.09364642E+00  0.00000000E+00  7.90064668E-03  4.46141817E-01
 -3.39900000E-01  2.12605500E+00 -1.05111725E+00  0.00000000E+00  1.09202202E+00  0.00000000E+00  7.91134035E-03  4.41408250E-01
 -3.39900000E-01  2.12629000E+00 -1.04678227E+00  0.00000000E+00  1.09040917E+00  0.00000000E+00  7.92198455E-03  4.36699929E-01
 -3.39900000E-01  2.12652500E+00 -1.04243347E+00  0.00000000E+00  1.08880809E+00  0.00000000E+00  7.93257767E-03  4.32016854E-01
 -3.39900000E-01  2.12676000E+00 -1.03807084E+00  0.00000000E+00  1.08721904E+00  0.00000000E+00  7.94311809E-03  4.27359024E-01
 -3.39900000E-01  2.12699500E+00 -1.03369438E+00  0.00000000E+00  1.08564225E+00  0.00000000E+00  7.95360418E-03  4.22726440E-01
 -3.39900000E-01  2.12723000E+00 -1.02930410E+00  0.00000000E+00  1.08407796E+00  0.00000000E+00  7.96403432E-03  4.18119102E-01
 -3.39900000E-01  2.12746500E+00 -1.02489998E+00  0.00000000E+00  1.08252640E+00  0.00000000E+00  7.97440689E-03  4.13537009E-01
 -3.39900000E-01  2.12770000E+00 -1.02048204E+00  0.00000000E+00  1.08098782E+00  0.00000000E+00  7.98472027E-03  4.08980162E-01
 -3.39900000E-01  2.12793500E+00 -1.01605028E+00  0.00000000E+00  1.07946246E+00  0.00000000E+00  7.99497285E-03  4.04448561E-01
 -3.39900000E-01  2.12817000E+00 -1.01160468E+00  0.00000000E+00  1.07795056E+00  0.00000000E+00  8.00516299E-03  3.99942206E-01
 -3.39900000E-01  2.12840500E+00 -1.00714526E+00  0.00000000E+00  1.07645235E+00  0.00000000E+00  8.01528907E-03  3.95461096E-01
 -3.39900000E-01  2.12864000E+00 -1.00267201E+00  0.00000000E+00  1.07496808E+00  0.00000000E+00  8.02534948E-03  3.91005232E-01
 -3.39900000E-01  2.12887500E+00 -9.98184926E-01  0.00000000E+00  1.07349798E+00  0.00000000E+00  8.03534259E-03  3.86574613E-01
 -3.39900000E-01  2.12911000E+00 -9.93684020E-01  0.00000000E+00  1.07204229E+00  0.00000000E+00  8.04526679E-03  3.82169241E-01
 -3.39900000E-01  2.12934500E+00 -9.89169286E-01  0.00000000E+00  1.07060126E+00  0.00000000E+00  8.05512044E-03  3.77789114E-01
 -3.39900000E-01  2.12958000E+00 -9.84640724E-01  0.00000000E+00  1.06917512E+00  0.00000000E+00  8.06490194E-03  3.73434232E-01
 -3.39900000E-01  2.12981500E+00 -9.80098334E-01  0.00000000E+00  1.06776411E+00  0.00000000E+00  8.07460965E-03  3.69104597E-01
 -3.39900000E-01  2.13005000E+00 -9.75542117E-01  0.00000000E+00  1.06636847E+00  0.00000000E+00  8.08424196E-03  3.64800207E-01
 -3.39900000E-01  2.13028500E+00 -9.70972072E-01  0.00000000E+00  1.06498845E+00  0.00000000E+00  8.09379725E-03  3.60521062E-01
 -3.39900000E-01  2.13052000E+00 -9.66388199E-01  0.00000000E+00  1.06362427E+00  0.00000000E+00  8.10327389E-03  3.56267164E-01
 -3.39900000E-01  2.13075500E+00 -9.61790499E-01  0.00000000E+00  1.06227618E+00  0.00000000E+00  8.11267026E-03  3.52038511E-01
 -3.39900000E-01  2.13099000E+00 -9.57178971E-01  0.00000000E+00  1.06094442E+00  0.00000000E+00  8.12198474E-03  3.47835104E-01
 -3.39900000E-01  2.13122500E+00 -9.52553615E-01  0.00000000E+00  1.05962923E+00  0.00000000E+00  8.13121572E-03  3.43656942E-01
 -3.39900000E-01  2.13146000E+00 -9.47914432E-01  0.00000000E+00  1.05833084E+00  0.00000000E+00  8.14036156E-03  3.39504026E-01
 -3.39900000E-01  2.13169500E+00 -9.43261421E-01  0.00000000E+00  1.05704951E+00  0.00000000E+00  8.14942065E-03  3.35376356E-01
 -3.39900000E-01  2.13193000E+00 -9.38594583E-01  0.00000000E+00  1.05578545E+00  0.00000000E+00  8.15839137E-03  3.31273932E-01
 -3.39900000E-01  2.13216500E+00 -9.33913916E-01  0.00000000E+00  1.05453892E+00  0.00000000E+00  8.16727209E-03  3.27196753E-01
 -3.39900000E-01  2.13240000E+00 -9.29219422E-01  0.00000000E+00  1.05331016E+00  0.00000000E+00  8.17606119E-03  3.23144820E-01
 -3.39900000E-01  2.13263500E+00 -9.24511101E-01  0.00000000E+00  1.05209940E+00  0.00000000E+00  8.18475706E-03  3.19118132E-01
 -3.39900000E-01  2.13287000E+00 -9.19788951E-01  0.00000000E+00  1.05086242E+00  0.00000000E+00  8.19319360E-03  3.15116691E-01
 -3.39900000E-01  2.13310500E+00 -9.15052974E-01  0.00000000E+00  1.04964472E+00  0.00000000E+00  8.20152406E-03  3.11140495E-01
 -3.39900000E-01  2.13334000E+00 -9.10303170E-01  0.00000000E+00  1.04845391E+00  0.00000000E+00  8.20976974E-03  3.07189544E-01
 -3.39900000E-01  2.13357500E+00 -9.05539538E-01  0.00000000E+00  1.04729011E+00  0.00000000E+00  8.21792501E-03  3.03263840E-01
 -3.39900000E-01  2.13381000E+00 -9.00762078E-01  0.00000000E+00  1.04615343E+00  0.00000000E+00  8.22598424E-03  2.99363381E-01
 -3.39900000E-01  2.13404500E+00 -8.95970790E-01  0.00000000E+00  1.04504402E+00  0.00000000E+00  8.23394177E-03  2.95488167E-01
 -3.39900000E-01  2.13428000E+00 -8.91165675E-01  0.00000000E+00  1.04396198E+00  0.00000000E+00  8.24179198E-03  2.91638200E-01
 -3.39900000E-01  2.13451500E+00 -8.86346732E-01  0.00000000E+00  1.04290744E+00  0.00000000E+00  8.24952922E-03  2.87813478E-01
 -3.39900000E-01  2.13475000E+00 -8.81513961E-01  0.00000000E+00  1.04188052E+00  0.00000000E+00  8.25714787E-03  2.84014002E-01
 -3.39900000E-01  2.13498500E+00 -8.76667363E-01  0.00000000E+00  1.04088136E+00  0.00000000E+00  8.26464227E-03  2.80239771E-01
 -3.39900000E-01  2.13522000E+00 -8.71806937E-01  0.00000000E+00  1.03991006E+00  0.00000000E+00  8.27200679E-03  2.76490786E-01
 -3.39900000E-01  2.13545500E+00 -8.66932683E-01  0.00000000E+00  1.03896675E+00  0.00000000E+00  8.27923579E-03  2.72767047E-01
 -3.39900000E-01  2.13569000E+00 -8.62044602E-01  0.00000000E+00  1.03805155E+00  0.00000000E+00  8.28632364E-03  2.69068554E-01
 -3.39900000E-01  2.13592500E+00 -8.57142693E-01  0.00000000E+00  1.03716460E+00  0.00000000E+00  8.29326470E-03  2.65395306E-01
 -3.39900000E-01  2.13616000E+00 -8.52226956E-01  0.00000000E+00  1.03630600E+00  0.00000000E+00  8.30005332E-03  2.61747304E-01
 -3.39900000E-01  2.13639500E+00 -8.47297392E-01  0.00000000E+00  1.03547588E+00  0.00000000E+00  8.30668387E-03  2.58124548E-01
 -3.39900000E-01  2.13663000E+00 -8.42354000E-01  0.00000000E+00  1.03467438E+00  0.00000000E+00  8.31315071E-03  2.54527037E-01
 -3.39900000E-01  2.13686500E+00 -8.37396780E-01  0.00000000E+00  1.03390159E+00  0.00000000E+00  8.31944821E-03  2.50954772E-01
 -3.39900000E-01  2.13710000E+00 -8.32425733E-01  0.00000000E+00  1.03315766E+00  0.00000000E+00  8.32557072E-03  2.47407753E-01
 -3.39900000E-01  2.13733500E+00 -8.27440858E-01  0.00000000E+00  1.03244271E+00  0.00000000E+00  8.33151261E-03  2.43885979E-01
 -3.39900000E-01  2.13757000E+00 -8.22442155E-01  0.00000000E+00  1.03175685E+00  0.00000000E+00  8.33726824E-03  2.40389451E-01
 -3.39900000E-01  2.13780500E+00 -8.17429624E-01  0.00000000E+00  1.03110021E+00  0.00000000E+00  8.34283197E-03  2.36918169E-01
 -3.39900000E-01  2.13804000E+00 -8.12403266E-01  0.00000000E+00  1.03047291E+00  0.00000000E+00  8.34819816E-03  2.33472132E-01
 -3.39900000E-01  2.13827500E+00 -8.07363081E-01  0.00000000E+00  1.02987507E+00  0.00000000E+00  8.35336117E-03  2.30051341E-01
 -3.39900000E-01  2.13851000E+00 -8.02309067E-01  0.00000000E+00  1.02930683E+00  0.00000000E+00  8.35831537E-03  2.26655796E-01
 -3.39900000E-01  2.13874500E+00 -7.97241226E-01  0.00000000E+00  1.02876829E+00  0.00000000E+00  8.36305512E-03  2.23285497E-01
 -3.39900000E-01  2.13898000E+00 -7.92159558E-01  0.00000000E+00  1.02825959E+00  0.00000000E+00  8.36757478E-03  2.19940443E-01
 -3.39900000E-01  2.13921500E+00 -7.87064061E-01  0.00000000E+00  1.02778084E+00  0.00000000E+00  8.37186870E-03  2.16620635E-01
 -3.39900000E-01  2.13945000E+00 -7.81954737E-01  0.00000000E+00  1.02733217E+00  0.00000000E+00  8.37593126E-03  2.13326072E-01
 -3.39900000E-01  2.13968500E+00 -7.76831585E-01  0.00000000E+00  1.02691370E+00  0.00000000E+00  8.37975682E-03  2.10056756E-01
 -3.39900000E-01  2.13992000E+00 -7.71694606E-01  0.00000000E+00  1.02652556E+00  0.00000000E+00  8.38333973E-03  2.06812685E-01
 -3.39900000E-01  2.14015500E+00 -7.66543799E-01  0.00000000E+00  1.02616786E+00  0.00000000E+00  8.38667436E-03  2.03593859E-01
 -3.39900000E-01  2.14039000E+00 -7.61379164E-01  0.00000000E+00  1.02584073E+00  0.00000000E+00  8.38975507E-03  2.00400280E-01
 -3.39900000E-01  2.14062500E+00 -7.56200702E-01  0.00000000E+00  1.02554430E+00  0.00000000E+00  8.39257622E-03  1.97231946E-01
 -3.39900000E-01  2.14086000E+00 -7.51008412E-01  0.00000000E+00  1.02527868E+00  0.00000000E+00  8.39513218E-03  1.94088857E-01
 -3.39900000E-01  2.14109500E+00 -7.45802294E-01  0.00000000E+00  1.02504400E+00  0.00000000E+00  8.39741730E-03  1.90971015E-01
 -3.39900000E-01  2.14133000E+00 -7.40582349E-01  0.00000000E+00  1.02484037E+00  0.00000000E+00  8.39942594E-03  1.87878418E-01
 -3.39900000E-01  2.14156500E+00 -7.35348575E-01  0.00000000E+00  1.02466794E+00  0.00000000E+00  8.40115248E-03  1.84811067E-01
 -3.39900000E-01  2.14180000E+00 -7.30100975E-01  0.00000000E+00  1.02452680E+00  0.00000000E+00  8.40259127E-03  1.81768961E-01
 -3.39900000E-01  2.14203500E+00 -7.24839546E-01  0.00000000E+00  1.02441710E+00  0.00000000E+00  8.40373667E-03  1.78752101E-01
 -3.39900000E-01  2.14227000E+00 -7.19564290E-01  0.00000000E+00  1.02433895E+00  0.00000000E+00  8.40458304E-03  1.75760487E-01
 -3.39900000E-01  2.14250500E+00 -7.14275206E-01  0.00000000E+00  1.02429247E+00  0.00000000E+00  8.40512475E-03  1.72794119E-01
 -3.39900000E-01  2.14274000E+00 -7.08972295E-01  0.00000000E+00  1.02427779E+00  0.00000000E+00  8.40535616E-03  1.69852996E-01
 -3.39900000E-01  2.14297500E+00 -7.03655556E-01  0.00000000E+00  1.02429503E+00  0.00000000E+00  8.40527162E-03  1.66937119E-01
 -3.39900000E-01  2.14321000E+00 -6.98324989E-01  0.00000000E+00  1.02434431E+00  0.00000000E+00  8.40486551E-03  1.64046487E-01
 -3.39900000E-01  2.14344500E+00 -6.92980595E-01  0.00000000E+00  1.02442576E+00  0.00000000E+00  8.40413218E-03  1.61181102E-01
 -3.39900000E-01  2.14368000E+00 -6.87622373E-01  0.00000000E+00  1.02453949E+00  0.00000000E+00  8.40306600E-03  1.58340962E-01
 -3.39900000E-01  2.14391500E+00 -6.82250323E-01  0.00000000E+00  1.02468564E+00  0.00000000E+00  8.40166132E-03  1.55526067E-01
 -3.39900000E-01  2.14415000E+00 -6.76864445E-01  0.00000000E+00  1.02486432E+00  0.00000000E+00  8.39991251E-03  1.52736419E-01
 -3.39900000E-01  2.14438500E+00 -6.71464740E-01  0.00000000E+00  1.02507565E+00  0.00000000E+00  8.39781393E-03  1.49972016E-01
 -3.39900000E-01  2.14462000E+00 -6.66051207E-01  0.00000000E+00  1.02531977E+00  0.00000000E+00  8.39535994E-03  1.47232858E-01
 -3.39900000E-01  2.14485500E+00 -6.60623847E-01  0.00000000E+00  1.02559679E+00  0.00000000E+00  8.39254491E-03  1.44518947E-01
 -3.39900000E-01  2.14509000E+00 -6.55182659E-01  0.00000000E+00  1.02610215E+00  0.00000000E+00  8.38895894E-03  1.41830281E-01
 -3.39900000E-01  2.14532500E+00 -6.49727643E-01  0.00000000E+00  1.02692171E+00  0.00000000E+00  8.38443641E-03  1.39166861E-01
 -3.39900000E-01  2.14556000E+00 -6.44258800E-01  0.00000000E+00  1.02772841E+00  0.00000000E+00  8.37964554E-03  1.36528686E-01
 -3.39900000E-01  2.14579500E+00 -6.38776128E-01  0.00000000E+00  1.02852551E+00  0.00000000E+00  8.37456026E-03  1.33915758E-01
 -3.39900000E-01  2.14603000E+00 -6.33279630E-01  0.00000000E+00  1.02931630E+00  0.00000000E+00  8.36915447E-03  1.31328074E-01
 -3.39900000E-01  2.14626500E+00 -6.27769303E-01  0.00000000E+00  1.03010403E+00  0.00000000E+00  8.36340210E-03  1.28765637E-01
 -3.39900000E-01  2.14650000E+00 -6.22245149E-01  0.00000000E+00  1.03089198E+00  0.00000000E+00  8.35727708E-03  1.26228445E-01
 -3.39900000E-01  2.14673500E+00 -6.16707167E-01  0.00000000E+00  1.03168343E+00  0.00000000E+00  8.35075331E-03  1.23716499E-01
 -3.39900000E-01  2.14697000E+00 -6.11155358E-01  0.00000000E+00  1.03248164E+00  0.00000000E+00  8.34380472E-03  1.21229799E-01
 -3.39900000E-01  2.14720500E+00 -6.05589720E-01  0.00000000E+00  1.03328989E+00  0.00000000E+00  8.33640522E-03  1.18768344E-01
 -3.39900000E-01  2.14744000E+00 -6.00010256E-01  0.00000000E+00  1.03411144E+00  0.00000000E+00  8.32852874E-03  1.16332135E-01
 -3.39900000E-01  2.14767500E+00 -5.94416963E-01  0.00000000E+00  1.03494958E+00  0.00000000E+00  8.32014920E-03  1.13921172E-01
 -3.39900000E-01  2.14791000E+00 -5.88809843E-01  0.00000000E+00  1.03580756E+00  0.00000000E+00  8.31124050E-03  1.11535454E-01
 -3.39900000E-01  2.14814500E+00 -5.83188895E-01  0.00000000E+00  1.03668867E+00  0.00000000E+00  8.30177658E-03  1.09174982E-01
 -3.39900000E-01  2.14838000E+00 -5.77554120E-01  0.00000000E+00  1.03759617E+00  0.00000000E+00  8.29173135E-03  1.06839756E-01
 -3.39900000E-01  2.14861500E+00 -5.71905516E-01  0.00000000E+00  1.03853333E+00  0.00000000E+00  8.28107874E-03  1.04529775E-01
 -3.39900000E-01  2.14885000E+00 -5.66243086E-01  0.00000000E+00  1.03950343E+00  0.00000000E+00  8.26979265E-03  1.02245041E-01
 -3.39900000E-01  2.14908500E+00 -5.60566827E-01  0.00000000E+00  1.04050974E+00  0.00000000E+00  8.25784701E-03  9.99855514E-02
 -3.39900000E-01  2.14932000E+00 -5.54876741E-01  0.00000000E+00  1.04155554E+00  0.00000000E+00  8.24521574E-03  9.77513080E-02
 -3.39900000E-01  2.14955500E+00 -5.49172827E-01  0.00000000E+00  1.04264408E+00  0.00000000E+00  8.23187275E-03  9.55423102E-02
 -3.39900000E-01  2.14979000E+00 -5.43455085E-01  0.00000000E+00  1.04377864E+00  0.00000000E+00  8.21779197E-03  9.33585581E-02
 -3.39900000E-01  2.15002500E+00 -5.37723516E-01  0.00000000E+00  1.04496250E+00  0.00000000E+00  8.20294731E-03  9.12000517E-02
 -3.39900000E-01  2.15026000E+00 -5.31978119E-01  0.00000000E+00  1.04619893E+00  0.00000000E+00  8.18731270E-03  8.90667909E-02
 -3.39900000E-01  2.15049500E+00 -5.26218895E-01  0.00000000E+00  1.04749119E+00  0.00000000E+00  8.17086205E-03  8.69587759E-02
 -3.39900000E-01  2.15073000E+00 -5.20445843E-01  0.00000000E+00  1.04884257E+00  0.00000000E+00  8.15356928E-03  8.48760066E-02
 -3.39900000E-01  2.15096500E+00 -5.14658963E-01  0.00000000E+00  1.05025632E+00  0.00000000E+00  8.13540832E-03  8.28184829E-02
 -3.39900000E-01  2.15120000E+00 -5.08858255E-01  0.00000000E+00  1.05173573E+00  0.00000000E+00  8.11635307E-03  8.07862049E-02
 -3.39900000E-01  2.15143500E+00 -5.03043720E-01  0.00000000E+00  1.05328406E+00  0.00000000E+00  8.09637746E-03  7.87791726E-02
 -3.39900000E-01  2.15167000E+00 -4.97215357E-01  0.00000000E+00  1.05490458E+00  0.00000000E+00  8.07545541E-03  7.67973861E-02
 -3.39900000E-01  2.15190500E+00 -4.91373166E-01  0.00000000E+00  1.05660058E+00  0.00000000E+00  8.05356083E-03  7.48408452E-02
 -3.39900000E-01  2.15214000E+00 -4.85517148E-01  0.00000000E+00  1.05837531E+00  0.00000000E+00  8.03066765E-03  7.29095499E-02
 -3.39900000E-01  2.15237500E+00 -4.79647302E-01  0.00000000E+00  1.06023205E+00  0.00000000E+00  8.00674979E-03  7.10035004E-02
 -3.39900000E-01  2.15261000E+00 -4.73763629E-01  0.00000000E+00  1.06217408E+00  0.00000000E+00  7.98178116E-03  6.91226966E-02
 -3.39900000E-01  2.15284500E+00 -4.67866127E-01  0.00000000E+00  1.06420465E+00  0.00000000E+00  7.95573568E-03  6.72671384E-02
 -3.39900000E-01  2.15308000E+00 -4.61954799E-01  0.00000000E+00  1.06632705E+00  0.00000000E+00  7.92858728E-03  6.54368260E-02
 -3.39900000E-01  2.15331500E+00 -4.56029642E-01  0.00000000E+00  1.06854455E+00  0.00000000E+00  7.90030987E-03  6.36317592E-02
 -3.39900000E-01  2.15355000E+00 -4.50090658E-01  0.00000000E+00  1.07086042E+00  0.00000000E+00  7.87087736E-03  6.18519381E-02
 -3.39900000E-01  2.15378500E+00 -4.44137846E-01  0.00000000E+00  1.07327793E+00  0.00000000E+00  7.84026369E-03  6.00973628E-02
 -3.39900000E-01  2.15402000E+00 -4.38171206E-01  0.00000000E+00  1.07580034E+00  0.00000000E+00  7.80844276E-03  5.83680331E-02
 -3.39900000E-01  2.15425500E+00 -4.32190739E-01  0.00000000E+00  1.07843094E+00  0.00000000E+00  7.77538850E-03  5.66639491E-02
 -3.39900000E-01  2.15449000E+00 -4.26196444E-01  0.00000000E+00  1.08117300E+00  0.00000000E+00  7.74107483E-03  5.49851107E-02
 -3.39900000E-01  2.15472500E+00 -4.20188321E-01  0.00000000E+00  1.08402978E+00  0.00000000E+00  7.70547566E-03  5.33315181E-02
 -3.39900000E-01  2.15496000E+00 -4.14166371E-01  0.00000000E+00  1.08700456E+00  0.00000000E+00  7.66856491E-03  5.17031712E-02
 -3.39900000E-01  2.15519500E+00 -4.08130593E-01  0.00000000E+00  1.09010060E+00  0.00000000E+00  7.63031651E-03  5.01000699E-02
 -3.39900000E-01  2.15543000E+00 -4.02080988E-01  0.00000000E+00  1.09332119E+00  0.00000000E+00  7.59070437E-03  4.85222143E-02
 -3.39900000E-01  2.15566500E+00 -3.96017554E-01  0.00000000E+00  1.09666959E+00  0.00000000E+00  7.54970241E-03  4.69696045E-02
 -3.39900000E-01  2.15590000E+00 -3.89940293E-01  0.00000000E+00  1.10014907E+00  0.00000000E+00  7.50728456E-03  4.54422403E-02
 -3.39900000E-01  2.15613500E+00 -3.83849205E-01  0.00000000E+00  1.10376291E+00  0.00000000E+00  7.46342472E-03  4.39401218E-02
 -3.39900000E-01  2.15637000E+00 -3.77744288E-01  0.00000000E+00  1.10751437E+00  0.00000000E+00  7.41809682E-03  4.24632490E-02
 -3.39900000E-01  2.15660500E+00 -3.71625544E-01  0.00000000E+00  1.11140673E+00  0.00000000E+00  7.37127478E-03  4.10116218E-02
 -3.39900000E-01  2.15684000E+00 -3.65492973E-01  0.00000000E+00  1.11544327E+00  0.00000000E+00  7.32293251E-03  3.95852404E-02
 -3.39900000E-01  2.15707500E+00 -3.59346573E-01  0.00000000E+00  1.11962724E+00  0.00000000E+00  7.27304394E-03  3.81841047E-02
 -3.39900000E-01  2.15731000E+00 -3.53186347E-01  0.00000000E+00  1.12396193E+00  0.00000000E+00  7.22158298E-03  3.68082146E-02
 -3.39900000E-01  2.15754500E+00 -3.47012292E-01  0.00000000E+00  1.12814794E+00  0.00000000E+00  7.17131086E-03  3.54575703E-02
 -3.39900000E-01  2.15778000E+00 -3.40824410E-01  0.00000000E+00  1.13113709E+00  0.00000000E+00  7.12929344E-03  3.41321716E-02
 -3.39900000E-01  2.15801500E+00 -3.34622700E-01  0.00000000E+00  1.13415107E+00  0.00000000E+00  7.08252309E-03  3.28320186E-02
 -3.39900000E-01  2.15825000E+00 -3.28407162E-01  0.00000000E+00  1.13718254E+00  0.00000000E+00  7.03106835E-03  3.15571113E-02
 -3.39900000E-01  2.15848500E+00 -3.22177797E-01  0.00000000E+00  1.14022414E+00  0.00000000E+00  6.97499772E-03  3.03074497E-02
 -3.39900000E-01  2.15872000E+00 -3.15934604E-01  0.00000000E+00  1.14326852E+00  0.00000000E+00  6.91437973E-03  2.90830338E-02
 -3.39900000E-01  2.15895500E+00 -3.09677583E-01  0.00000000E+00  1.14630834E+00  0.00000000E+00  6.84928290E-03  2.78838635E-02
 -3.39900000E-01  2.15919000E+00 -3.03406735E-01  0.00000000E+00  1.14933625E+00  0.00000000E+00  6.77977575E-03  2.67099390E-02
 -3.39900000E-01  2.15942500E+00 -2.97122059E-01  0.00000000E+00  1.15234491E+00  0.00000000E+00  6.70592679E-03  2.55612602E-02
 -3.39900000E-01  2.15966000E+00 -2.90823555E-01  0.00000000E+00  1.15532695E+00  0.00000000E+00  6.62780454E-03  2.44378270E-02
 -3.39900000E-01  2.15989500E+00 -2.84511224E-01  0.00000000E+00  1.15827504E+00  0.00000000E+00  6.54547753E-03  2.33396395E-02
 -3.39900000E-01  2.16013000E+00 -2.78185065E-01  0.00000000E+00  1.16118183E+00  0.00000000E+00  6.45901428E-03  2.22666977E-02
 -3.39900000E-01  2.16036500E+00 -2.71845078E-01  0.00000000E+00  1.16403997E+00  0.00000000E+00  6.36848330E-03  2.12190016E-02
 -3.39900000E-01  2.16060000E+00 -2.65491264E-01  0.00000000E+00  1.16684210E+00  0.00000000E+00  6.27395311E-03  2.01965512E-02
 -3.39900000E-01  2.16083500E+00 -2.59123622E-01  0.00000000E+00  1.16958089E+00  0.00000000E+00  6.17549224E-03  1.91993465E-02
 -3.39900000E-01  2.16107000E+00 -2.52742152E-01  0.00000000E+00  1.17224898E+00  0.00000000E+00  6.07316919E-03  1.82273875E-02
 -3.39900000E-01  2.16130500E+00 -2.46346854E-01  0.00000000E+00  1.17483903E+00  0.00000000E+00  5.96705251E-03  1.72806741E-02
 -3.39900000E-01  2.16154000E+00 -2.39937729E-01  0.00000000E+00  1.17734369E+00  0.00000000E+00  5.85721069E-03  1.63592065E-02
 -3.39900000E-01  2.16177500E+00 -2.33514777E-01  0.00000000E+00  1.17975561E+00  0.00000000E+00  5.74371226E-03  1.54629845E-02
 -3.39900000E-01  2.16201000E+00 -2.27077996E-01  0.00000000E+00  1.18206744E+00  0.00000000E+00  5.62662574E-03  1.45920083E-02
 -3.39900000E-01  2.16224500E+00 -2.20627388E-01  0.00000000E+00  1.18427183E+00  0.00000000E+00  5.50601965E-03  1.37462777E-02
 -3.39900000E-01  2.16248000E+00 -2.14162953E-01  0.00000000E+00  1.18636144E+00  0.00000000E+00  5.38196252E-03  1.29257928E-02
 -3.39900000E-01  2.16271500E+00 -2.07684689E-01  0.00000000E+00  1.18832891E+00  0.00000000E+00  5.25452285E-03  1.21305536E-02
 -3.39900000E-01  2.16295000E+00 -2.01192598E-01  0.00000000E+00  1.19016691E+00  0.00000000E+00  5.12376917E-03  1.13605601E-02
 -3.39900000E-01  2.16318500E+00 -1.94686679E-01  0.00000000E+00  1.19186807E+00  0.00000000E+00  4.98976999E-03  1.06158122E-02
 -3.39900000E-01  2.16342000E+00 -1.88166933E-01  0.00000000E+00  1.19342506E+00  0.00000000E+00  4.85259385E-03  9.89631010E-03
 -3.39900000E-01  2.16365500E+00 -1.81633359E-01  0.00000000E+00  1.19483052E+00  0.00000000E+00  4.71230925E-03  9.20205366E-03
 -3.39900000E-01  2.16389000E+00 -1.75085957E-01  0.00000000E+00  1.19607711E+00  0.00000000E+00  4.56898472E-03  8.53304290E-03
 -3.39900000E-01  2.16412500E+00 -1.68524728E-01  0.00000000E+00  1.19715748E+00  0.00000000E+00  4.42268877E-03  7.88927783E-03
 -3.39900000E-01  2.16436000E+00 -1.61949671E-01  0.00000000E+00  1.19806428E+00  0.00000000E+00  4.27348993E-03  7.27075844E-03
 -3.39900000E-01  2.16459500E+00 -1.55360786E-01  0.00000000E+00  1.19879016E+00  0.00000000E+00  4.12145671E-03  6.67748475E-03
 -3.39900000E-01  2.16483000E+00 -1.48758074E-01  0.00000000E+00  1.19932777E+00  0.00000000E+00  3.96665764E-03  6.10945675E-03
 -3.39900000E-01  2.16506500E+00 -1.42141534E-01  0.00000000E+00  1.19966977E+00  0.00000000E+00  3.80916123E-03  5.56667443E-03
 -3.39900000E-01  2.16530000E+00 -1.35511166E-01  0.00000000E+00  1.19980881E+00  0.00000000E+00  3.64903601E-03  5.04913781E-03
 -3.39900000E-01  2.16553500E+00 -1.28866970E-01  0.00000000E+00  1.19973754E+00  0.00000000E+00  3.48635049E-03  4.55684687E-03
 -3.39900000E-01  2.16577000E+00 -1.22208947E-01  0.00000000E+00  1.19944861E+00  0.00000000E+00  3.32117319E-03  4.08980162E-03
 -3.39900000E-01  2.16600500E+00 -1.15537096E-01  0.00000000E+00  1.19893467E+00  0.00000000E+00  3.15357263E-03  3.64800207E-03
 -3.39900000E-01  2.16624000E+00 -1.08851418E-01  0.00000000E+00  1.19818838E+00  0.00000000E+00  2.98361733E-03  3.23144820E-03
 -3.39900000E-01  2.16647500E+00 -1.02151912E-01  0.00000000E+00  1.19720238E+00  0.00000000E+00  2.81137581E-03  2.84014002E-03
 -3.39900000E-01  2.16671000E+00 -9.54385782E-02  0.00000000E+00  1.19596933E+00  0.00000000E+00  2.63691660E-03  2.47407753E-03
 -3.39900000E-01  2.16694500E+00 -8.87114167E-02  0.00000000E+00  1.19448189E+00  0.00000000E+00  2.46030820E-03  2.13326072E-03
 -3.39900000E-01  2.16718000E+00 -8.19704276E-02  0.00000000E+00  1.19273269E+00  0.00000000E+00  2.28161914E-03  1.81768961E-03
 -3.39900000E-01  2.16741500E+00 -7.52156108E-02  0.00000000E+00  1.19071440E+00  0.00000000E+00  2.10091794E-03  1.52736419E-03
 -3.39900000E-01  2.16765000E+00 -6.84469664E-02  0.00000000E+00  1.18841967E+00  0.00000000E+00  1.91827312E-03  1.26228445E-03
 -3.39900000E-01  2.16788500E+00 -6.16644943E-02  0.00000000E+00  1.18584114E+00  0.00000000E+00  1.73375320E-03  1.02245041E-03
 -3.39900000E-01  2.16812000E+00 -5.48681945E-02  0.00000000E+00  1.18297148E+00  0.00000000E+00  1.54742669E-03  8.07862049E-04
 -3.39900000E-01  2.16835500E+00 -4.80580670E-02  0.00000000E+00  1.17980333E+00  0.00000000E+00  1.35936212E-03  6.18519381E-04
 -3.39900000E-01  2.16859000E+00 -4.12341119E-02  0.00000000E+00  1.17632934E+00  0.00000000E+00  1.16962801E-03  4.54422403E-04
 -3.39900000E-01  2.16882500E+00 -3.43963291E-02  0.00000000E+00  1.17254216E+00  0.00000000E+00  9.78292872E-04  3.15571113E-04
 -3.39900000E-01  2.16906000E+00 -2.75447186E-02  0.00000000E+00  1.16843446E+00  0.00000000E+00  7.85425230E-04  2.01965512E-04
 -3.39900000E-01  2.16929500E+00 -2.06792804E-02  0.00000000E+00  1.16399887E+00  0.00000000E+00  5.91093602E-04  1.13605601E-04
 -3.39900000E-01  2.16953000E+00 -1.38000146E-02  0.00000000E+00  1.15922805E+00  0.00000000E+00  3.95366508E-04  5.04913781E-05
 -3.39900000E-01  2.16976500E+00 -6.90692115E-03  0.00000000E+00  1.15411466E+00  0.00000000E+00  1.98312467E-04  1.26228445E-05
 -3.39900000E-01  2.17000000E+00 -4.39702430E-13  0.00000000E+00  1.14865134E+00  0.00000000E+00  1.24078068E-14  4.55488287E-26
