               X               Y            VELX            VELY            PRES            TEMP            PS 1            PS 2  1.00000000E+01
 -5.00000000E-01  1.93500000E+00 -7.88948499E-02 -5.84169839E-16  9.12870845E-01  0.00000000E+00  2.27331262E+00  3.87709595E-05
 -5.00000000E-01  1.93523500E+00 -8.65365944E-02 -4.88701705E-05  8.95780320E-01  0.00000000E+00  2.03354353E+00 -3.48162408E-04
 -5.00000000E-01  1.93547000E+00 -9.53607511E-02 -2.34408756E-04  8.80236358E-01  0.00000000E+00  1.80800668E+00 -6.78578537E-04
 -5.00000000E-01  1.93570500E+00 -1.05316685E-01 -5.50819783E-04  8.66181619E-01  0.00000000E+00  1.59632331E+00 -9.54178881E-04
 -5.00000000E-01  1.93594000E+00 -1.16353762E-01 -9.92307282E-04  8.53558762E-01  0.00000000E+00  1.39811465E+00 -1.17666489E-03
 -5.00000000E-01  1.93617500E+00 -1.28421346E-01 -1.55307528E-03  8.42310444E-01  0.00000000E+00  1.21300196E+00 -1.34773801E-03
 -5.00000000E-01  1.93641000E+00 -1.41468803E-01 -2.22732780E-03  8.32379325E-01  0.00000000E+00  1.04060647E+00 -1.46909970E-03
 -5.00000000E-01  1.93664500E+00 -1.55445497E-01 -3.00926888E-03  8.23708063E-01  0.00000000E+00  8.80549425E-01 -1.54245140E-03
 -5.00000000E-01  1.93688000E+00 -1.70300794E-01 -3.89310254E-03  8.16239317E-01  0.00000000E+00  7.32452070E-01 -1.56949457E-03
 -5.00000000E-01  1.93711500E+00 -1.85984059E-01 -4.87303282E-03  8.09915746E-01  0.00000000E+00  5.95935649E-01 -1.55193065E-03
 -5.00000000E-01  1.93735000E+00 -2.02444658E-01 -5.94326373E-03  8.04680008E-01  0.00000000E+00  4.70621401E-01 -1.49146110E-03
 -5.00000000E-01  1.93758500E+00 -2.19631954E-01 -7.09799931E-03  8.00474762E-01  0.00000000E+00  3.56130572E-01 -1.38978737E-03
 -5.00000000E-01  1.93782000E+00 -2.37495313E-01 -8.33144358E-03  7.97242666E-01  0.00000000E+00  2.52084402E-01 -1.24861091E-03
 -5.00000000E-01  1.93805500E+00 -2.55984101E-01 -9.63780058E-03  7.94926380E-01  0.00000000E+00  1.58104136E-01 -1.06963317E-03
 -5.00000000E-01  1.93829000E+00 -2.75047682E-01 -1.10112743E-02  7.93468562E-01  0.00000000E+00  7.38110152E-02 -8.54555599E-04
 -5.00000000E-01  1.93852500E+00 -2.94635421E-01 -1.24460689E-02  7.92811871E-01  0.00000000E+00 -1.17371735E-03 -6.05079646E-04
 -5.00000000E-01  1.93876000E+00 -3.14696684E-01 -1.39363882E-02  7.92898965E-01  0.00000000E+00 -6.72288189E-02 -3.22906764E-04
 -5.00000000E-01  1.93899500E+00 -3.35180836E-01 -1.54764364E-02  7.93672504E-01  0.00000000E+00 -1.24733047E-01 -9.73840403E-06
 -5.00000000E-01  1.93923000E+00 -3.56037241E-01 -1.70604174E-02  7.95075145E-01  0.00000000E+00 -1.74065158E-01  3.32723984E-04
 -5.00000000E-01  1.93946500E+00 -3.77215266E-01 -1.86825353E-02  7.97049547E-01  0.00000000E+00 -2.15603911E-01  7.02778951E-04
 -5.00000000E-01  1.93970000E+00 -3.98664274E-01 -2.03369942E-02  7.99538370E-01  0.00000000E+00 -2.49728061E-01  1.09872504E-03
 -5.00000000E-01  1.93993500E+00 -4.20333631E-01 -2.20179980E-02  8.02484271E-01  0.00000000E+00 -2.76816368E-01  1.51886081E-03
 -5.00000000E-01  1.94017000E+00 -4.42172702E-01 -2.37197508E-02  8.05829910E-01  0.00000000E+00 -2.97247587E-01  1.96148481E-03
 -5.00000000E-01  1.94040500E+00 -4.64130852E-01 -2.54364565E-02  8.09517945E-01  0.00000000E+00 -3.11400476E-01  2.42489558E-03
 -5.00000000E-01  1.94064000E+00 -4.86157446E-01 -2.71623193E-02  8.13491034E-01  0.00000000E+00 -3.19653793E-01  2.90739167E-03
 -5.00000000E-01  1.94087500E+00 -5.08201850E-01 -2.88915432E-02  8.17691838E-01  0.00000000E+00 -3.22386295E-01  3.40727164E-03
 -5.00000000E-01  1.94111000E+00 -5.30213428E-01 -3.06183322E-02  8.22063013E-01  0.00000000E+00 -3.19976738E-01  3.92283404E-03
 -5.00000000E-01  1.94134500E+00 -5.52141546E-01 -3.23368902E-02  8.26547220E-01  0.00000000E+00 -3.12803882E-01  4.45237740E-03
 -5.00000000E-01  1.94158000E+00 -5.73935568E-01 -3.40414215E-02  8.31087116E-01  0.00000000E+00 -3.01246482E-01  4.99420029E-03
 -5.00000000E-01  1.94181500E+00 -5.95544860E-01 -3.57261298E-02  8.35625360E-01  0.00000000E+00 -2.85683296E-01  5.54660125E-03
 -5.00000000E-01  1.94205000E+00 -6.16918787E-01 -3.73852194E-02  8.40104611E-01  0.00000000E+00 -2.66493081E-01  6.10787883E-03
 -5.00000000E-01  1.94228500E+00 -6.38006714E-01 -3.90128943E-02  8.44467528E-01  0.00000000E+00 -2.44054595E-01  6.67633159E-03
 -5.00000000E-01  1.94252000E+00 -6.58758006E-01 -4.06033583E-02  8.48656769E-01  0.00000000E+00 -2.18746595E-01  7.25025806E-03
 -5.00000000E-01  1.94275500E+00 -6.79122027E-01 -4.21508157E-02  8.52614993E-01  0.00000000E+00 -1.90947838E-01  7.82795680E-03
 -5.00000000E-01  1.94299000E+00 -6.99048144E-01 -4.36494704E-02  8.56284859E-01  0.00000000E+00 -1.61037082E-01  8.40772636E-03
 -5.00000000E-01  1.94322500E+00 -7.18485721E-01 -4.50935264E-02  8.59609025E-01  0.00000000E+00 -1.29393084E-01  8.98786529E-03
 -5.00000000E-01  1.94346000E+00 -7.37384124E-01 -4.64771878E-02  8.62530150E-01  0.00000000E+00 -9.63946014E-02  9.56667214E-03
 -5.00000000E-01  1.94369500E+00 -7.55692717E-01 -4.77946586E-02  8.64990892E-01  0.00000000E+00 -6.24203910E-02  1.01424455E-02
 -5.00000000E-01  1.94393000E+00 -7.73360865E-01 -4.90401428E-02  8.66933911E-01  0.00000000E+00 -2.78492105E-02  1.07134838E-02
 -5.00000000E-01  1.94416500E+00 -7.90337934E-01 -5.02078444E-02  8.68301866E-01  0.00000000E+00  6.94018278E-03  1.12780857E-02
 -5.00000000E-01  1.94440000E+00 -8.06573289E-01 -5.12919676E-02  8.69037413E-01  0.00000000E+00  4.15690316E-02  1.18345497E-02
 -5.00000000E-01  1.94463500E+00 -8.22016294E-01 -5.22867162E-02  8.69083214E-01  0.00000000E+00  7.56585787E-02  1.23811744E-02
 -5.00000000E-01  1.94487000E+00 -8.36616315E-01 -5.31862944E-02  8.68381925E-01  0.00000000E+00  1.08830067E-01  1.29162583E-02
 -5.00000000E-01  1.94510500E+00 -8.50322718E-01 -5.39849062E-02  8.66876206E-01  0.00000000E+00  1.40704738E-01  1.34380999E-02
 -5.00000000E-01  1.94534000E+00 -8.63084866E-01 -5.46767555E-02  8.64508716E-01  0.00000000E+00  1.70903836E-01  1.39449979E-02
 -5.00000000E-01  1.94557500E+00 -8.74852125E-01 -5.52560465E-02  8.61222113E-01  0.00000000E+00  1.99048603E-01  1.44352507E-02
 -5.00000000E-01  1.94581000E+00 -8.85573861E-01 -5.57169831E-02  8.56959055E-01  0.00000000E+00  2.24760281E-01  1.49071570E-02
 -5.00000000E-01  1.94604500E+00 -8.95199438E-01 -5.60537694E-02  8.51662202E-01  0.00000000E+00  2.47660114E-01  1.53590152E-02
 -5.00000000E-01  1.94628000E+00 -9.03678221E-01 -5.62606094E-02  8.45274212E-01  0.00000000E+00  2.67369344E-01  1.57891239E-02
 -5.00000000E-01  1.94651500E+00 -9.10959576E-01 -5.63317072E-02  8.37737745E-01  0.00000000E+00  2.83509213E-01  1.61957817E-02
 -5.00000000E-01  1.94675000E+00 -9.16992867E-01 -5.62612667E-02  8.28995457E-01  0.00000000E+00  2.95700965E-01  1.65772871E-02
 -5.00000000E-01  1.94698500E+00 -9.21727460E-01 -5.60434920E-02  8.18990009E-01  0.00000000E+00  3.03565843E-01  1.69319386E-02
 -5.00000000E-01  1.94722000E+00 -9.25112720E-01 -5.56725871E-02  8.07664059E-01  0.00000000E+00  3.06725087E-01  1.72580349E-02
 -5.00000000E-01  1.94745500E+00 -9.27098012E-01 -5.51427560E-02  7.94960265E-01  0.00000000E+00  3.04799943E-01  1.75538744E-02
 -5.00000000E-01  1.94769000E+00 -9.27594143E-01 -5.55145337E-02  7.96120608E-01  0.00000000E+00  3.01420615E-01  1.77523584E-02
 -5.00000000E-01  1.94792500E+00 -9.27986014E-01 -5.61025337E-02  8.00435654E-01  0.00000000E+00  2.98497935E-01  1.79342048E-02
 -5.00000000E-01  1.94816000E+00 -9.28427509E-01 -5.66687288E-02  8.04398261E-01  0.00000000E+00  2.95624095E-01  1.81182462E-02
 -5.00000000E-01  1.94839500E+00 -9.28917667E-01 -5.72138521E-02  8.08020871E-01  0.00000000E+00  2.92798545E-01  1.83044930E-02
 -5.00000000E-01  1.94863000E+00 -9.29455527E-01 -5.77386365E-02  8.11315927E-01  0.00000000E+00  2.90020736E-01  1.84929561E-02
 -5.00000000E-01  1.94886500E+00 -9.30040129E-01 -5.82438154E-02  8.14295872E-01  0.00000000E+00  2.87290118E-01  1.86836459E-02
 -5.00000000E-01  1.94910000E+00 -9.30670514E-01 -5.87301218E-02  8.16973147E-01  0.00000000E+00  2.84606142E-01  1.88765732E-02
 -5.00000000E-01  1.94933500E+00 -9.31345719E-01 -5.91982889E-02  8.19360195E-01  0.00000000E+00  2.81968260E-01  1.90717485E-02
 -5.00000000E-01  1.94957000E+00 -9.32064786E-01 -5.96490498E-02  8.21469458E-01  0.00000000E+00  2.79375922E-01  1.92691825E-02
 -5.00000000E-01  1.94980500E+00 -9.32826753E-01 -6.00831376E-02  8.23313380E-01  0.00000000E+00  2.76828580E-01  1.94688858E-02
 -5.00000000E-01  1.95004000E+00 -9.33630661E-01 -6.05012855E-02  8.24904402E-01  0.00000000E+00  2.74325683E-01  1.96708691E-02
 -5.00000000E-01  1.95027500E+00 -9.34475549E-01 -6.09042266E-02  8.26254966E-01  0.00000000E+00  2.71866683E-01  1.98751429E-02
 -5.00000000E-01  1.95051000E+00 -9.35360456E-01 -6.12926940E-02  8.27377516E-01  0.00000000E+00  2.69451030E-01  2.00817179E-02
 -5.00000000E-01  1.95074500E+00 -9.36284422E-01 -6.16674210E-02  8.28284493E-01  0.00000000E+00  2.67078176E-01  2.02906048E-02
 -5.00000000E-01  1.95098000E+00 -9.37246487E-01 -6.20291405E-02  8.28988341E-01  0.00000000E+00  2.64747572E-01  2.05018141E-02
 -5.00000000E-01  1.95121500E+00 -9.38245690E-01 -6.23785857E-02  8.29501501E-01  0.00000000E+00  2.62458668E-01  2.07153565E-02
 -5.00000000E-01  1.95145000E+00 -9.39281071E-01 -6.27164898E-02  8.29836415E-01  0.00000000E+00  2.60210915E-01  2.09312426E-02
 -5.00000000E-01  1.95168500E+00 -9.40351669E-01 -6.30435860E-02  8.30005528E-01  0.00000000E+00  2.58003764E-01  2.11494831E-02
 -5.00000000E-01  1.95192000E+00 -9.41456525E-01 -6.33606072E-02  8.30021279E-01  0.00000000E+00  2.55836666E-01  2.13700886E-02
 -5.00000000E-01  1.95215500E+00 -9.42594677E-01 -6.36682868E-02  8.29896114E-01  0.00000000E+00  2.53709071E-01  2.15930696E-02
 -5.00000000E-01  1.95239000E+00 -9.43765166E-01 -6.39673577E-02  8.29642472E-01  0.00000000E+00  2.51620431E-01  2.18184369E-02
 -5.00000000E-01  1.95262500E+00 -9.44967031E-01 -6.42585532E-02  8.29272798E-01  0.00000000E+00  2.49570197E-01  2.20462011E-02
 -5.00000000E-01  1.95286000E+00 -9.46199311E-01 -6.45426064E-02  8.28799533E-01  0.00000000E+00  2.47557819E-01  2.22763727E-02
 -5.00000000E-01  1.95309500E+00 -9.47461047E-01 -6.48202504E-02  8.28235120E-01  0.00000000E+00  2.45582748E-01  2.25089625E-02
 -5.00000000E-01  1.95333000E+00 -9.48751277E-01 -6.50922183E-02  8.27592002E-01  0.00000000E+00  2.43644436E-01  2.27439810E-02
 -5.00000000E-01  1.95356500E+00 -9.50069042E-01 -6.53592433E-02  8.26882620E-01  0.00000000E+00  2.41742332E-01  2.29814389E-02
 -5.00000000E-01  1.95380000E+00 -9.51413380E-01 -6.56220586E-02  8.26119418E-01  0.00000000E+00  2.39875888E-01  2.32213468E-02
 -5.00000000E-01  1.95403500E+00 -9.52783333E-01 -6.58813971E-02  8.25314837E-01  0.00000000E+00  2.38044555E-01  2.34637154E-02
 -5.00000000E-01  1.95427000E+00 -9.54177938E-01 -6.61379922E-02  8.24481320E-01  0.00000000E+00  2.36247783E-01  2.37085552E-02
 -5.00000000E-01  1.95450500E+00 -9.55596237E-01 -6.63925769E-02  8.23631309E-01  0.00000000E+00  2.34485024E-01  2.39558769E-02
 -5.00000000E-01  1.95474000E+00 -9.57037268E-01 -6.66458843E-02  8.22777248E-01  0.00000000E+00  2.32755728E-01  2.42056911E-02
 -5.00000000E-01  1.95497500E+00 -9.58500071E-01 -6.68986476E-02  8.21931577E-01  0.00000000E+00  2.31059346E-01  2.44580086E-02
 -5.00000000E-01  1.95521000E+00 -9.59983685E-01 -6.71515999E-02  8.21106741E-01  0.00000000E+00  2.29395329E-01  2.47128397E-02
 -5.00000000E-01  1.95544500E+00 -9.61487151E-01 -6.74054743E-02  8.20315181E-01  0.00000000E+00  2.27763128E-01  2.49701954E-02
 -5.00000000E-01  1.95568000E+00 -9.63009508E-01 -6.76610041E-02  8.19569339E-01  0.00000000E+00  2.26162194E-01  2.52300860E-02
 -5.00000000E-01  1.95591500E+00 -9.64549795E-01 -6.79189223E-02  8.18881658E-01  0.00000000E+00  2.24591977E-01  2.54925223E-02
 -5.00000000E-01  1.95615000E+00 -9.66107053E-01 -6.81799620E-02  8.18264581E-01  0.00000000E+00  2.23051929E-01  2.57575150E-02
 -5.00000000E-01  1.95638500E+00 -9.67680320E-01 -6.84448564E-02  8.17730550E-01  0.00000000E+00  2.21541500E-01  2.60250745E-02
 -5.00000000E-01  1.95662000E+00 -9.69268636E-01 -6.87143386E-02  8.17292007E-01  0.00000000E+00  2.20060141E-01  2.62952116E-02
 -5.00000000E-01  1.95685500E+00 -9.70871042E-01 -6.89891418E-02  8.16961395E-01  0.00000000E+00  2.18607304E-01  2.65679370E-02
 -5.00000000E-01  1.95709000E+00 -9.72486576E-01 -6.92699990E-02  8.16751156E-01  0.00000000E+00  2.17182438E-01  2.68432611E-02
 -5.00000000E-01  1.95732500E+00 -9.74114278E-01 -6.95576435E-02  8.16673732E-01  0.00000000E+00  2.15784996E-01  2.71211947E-02
 -5.00000000E-01  1.95756000E+00 -9.75753188E-01 -6.98528084E-02  8.16741567E-01  0.00000000E+00  2.14414427E-01  2.74017484E-02
 -5.00000000E-01  1.95779500E+00 -9.77402345E-01 -7.01562267E-02  8.16967102E-01  0.00000000E+00  2.13070182E-01  2.76849327E-02
 -5.00000000E-01  1.95803000E+00 -9.79060789E-01 -7.04686317E-02  8.17362780E-01  0.00000000E+00  2.11751713E-01  2.79707584E-02
 -5.00000000E-01  1.95826500E+00 -9.80727560E-01 -7.07907564E-02  8.17941043E-01  0.00000000E+00  2.10458470E-01  2.82592361E-02
 -5.00000000E-01  1.95850000E+00 -9.82401697E-01 -7.11233340E-02  8.18714334E-01  0.00000000E+00  2.09189904E-01  2.85503764E-02
 -5.00000000E-01  1.95873500E+00 -9.84082240E-01 -7.14670976E-02  8.19695096E-01  0.00000000E+00  2.07945467E-01  2.88441899E-02
 -5.00000000E-01  1.95897000E+00 -9.85768228E-01 -7.18227804E-02  8.20895770E-01  0.00000000E+00  2.06724608E-01  2.91406872E-02
 -5.00000000E-01  1.95920500E+00 -9.87458702E-01 -7.21911155E-02  8.22328798E-01  0.00000000E+00  2.05526779E-01  2.94398791E-02
 -5.00000000E-01  1.95944000E+00 -9.89152700E-01 -7.25728360E-02  8.24006625E-01  0.00000000E+00  2.04351430E-01  2.97417760E-02
 -5.00000000E-01  1.95967500E+00 -9.90849262E-01 -7.29686751E-02  8.25941691E-01  0.00000000E+00  2.03198014E-01  3.00463887E-02
 -5.00000000E-01  1.95991000E+00 -9.92547428E-01 -7.33793659E-02  8.28146440E-01  0.00000000E+00  2.02065979E-01  3.03537278E-02
 -5.00000000E-01  1.96014500E+00 -9.94316117E-01 -7.36596497E-02  8.28475530E-01  0.00000000E+00  2.00960396E-01  3.06634899E-02
 -5.00000000E-01  1.96038000E+00 -9.96134052E-01 -7.38534422E-02  8.27576719E-01  0.00000000E+00  1.99877352E-01  3.09756333E-02
 -5.00000000E-01  1.96061500E+00 -9.97959019E-01 -7.40484318E-02  8.26745452E-01  0.00000000E+00  1.98812736E-01  3.12903109E-02
 -5.00000000E-01  1.96085000E+00 -9.99790811E-01 -7.42444661E-02  8.25979345E-01  0.00000000E+00  1.97766248E-01  3.16075194E-02
 -5.00000000E-01  1.96108500E+00 -1.00162922E+00 -7.44413929E-02  8.25276014E-01  0.00000000E+00  1.96737588E-01  3.19272554E-02
 -5.00000000E-01  1.96132000E+00 -1.00347404E+00 -7.46390602E-02  8.24633076E-01  0.00000000E+00  1.95726456E-01  3.22495157E-02
 -5.00000000E-01  1.96155500E+00 -1.00532506E+00 -7.48373156E-02  8.24048147E-01  0.00000000E+00  1.94732555E-01  3.25742970E-02
 -5.00000000E-01  1.96179000E+00 -1.00718208E+00 -7.50360070E-02  8.23518845E-01  0.00000000E+00  1.93755582E-01  3.29015961E-02
 -5.00000000E-01  1.96202500E+00 -1.00904489E+00 -7.52349821E-02  8.23042784E-01  0.00000000E+00  1.92795240E-01  3.32314097E-02
 -5.00000000E-01  1.96226000E+00 -1.01091327E+00 -7.54340888E-02  8.22617582E-01  0.00000000E+00  1.91851229E-01  3.35637344E-02
 -5.00000000E-01  1.96249500E+00 -1.01278703E+00 -7.56331748E-02  8.22240855E-01  0.00000000E+00  1.90923248E-01  3.38985670E-02
 -5.00000000E-01  1.96273000E+00 -1.01466595E+00 -7.58320879E-02  8.21910220E-01  0.00000000E+00  1.90010999E-01  3.42359043E-02
 -5.00000000E-01  1.96296500E+00 -1.01654983E+00 -7.60306759E-02  8.21623293E-01  0.00000000E+00  1.89114182E-01  3.45757429E-02
 -5.00000000E-01  1.96320000E+00 -1.01843846E+00 -7.62287865E-02  8.21377690E-01  0.00000000E+00  1.88232498E-01  3.49180795E-02
 -5.00000000E-01  1.96343500E+00 -1.02033163E+00 -7.64262677E-02  8.21171028E-01  0.00000000E+00  1.87365645E-01  3.52629110E-02
 -5.00000000E-01  1.96367000E+00 -1.02222913E+00 -7.66229672E-02  8.21000924E-01  0.00000000E+00  1.86513326E-01  3.56102340E-02
 -5.00000000E-01  1.96390500E+00 -1.02413076E+00 -7.68187327E-02  8.20864994E-01  0.00000000E+00  1.85675241E-01  3.59600452E-02
 -5.00000000E-01  1.96414000E+00 -1.02603631E+00 -7.70134120E-02  8.20760854E-01  0.00000000E+00  1.84851090E-01  3.63123413E-02
 -5.00000000E-01  1.96437500E+00 -1.02794557E+00 -7.72068530E-02  8.20686120E-01  0.00000000E+00  1.84040573E-01  3.66671192E-02
 -5.00000000E-01  1.96461000E+00 -1.02985833E+00 -7.73989034E-02  8.20638411E-01  0.00000000E+00  1.83243391E-01  3.70243754E-02
 -5.00000000E-01  1.96484500E+00 -1.03177439E+00 -7.75894111E-02  8.20615340E-01  0.00000000E+00  1.82459245E-01  3.73841067E-02
 -5.00000000E-01  1.96508000E+00 -1.03369354E+00 -7.77782237E-02  8.20614526E-01  0.00000000E+00  1.81687834E-01  3.77463099E-02
 -5.00000000E-01  1.96531500E+00 -1.03561557E+00 -7.79651892E-02  8.20633585E-01  0.00000000E+00  1.80928859E-01  3.81109817E-02
 -5.00000000E-01  1.96555000E+00 -1.03754027E+00 -7.81501552E-02  8.20670133E-01  0.00000000E+00  1.80182021E-01  3.84781187E-02
 -5.00000000E-01  1.96578500E+00 -1.03946744E+00 -7.83329696E-02  8.20721786E-01  0.00000000E+00  1.79447020E-01  3.88477178E-02
 -5.00000000E-01  1.96602000E+00 -1.04139687E+00 -7.85134802E-02  8.20786161E-01  0.00000000E+00  1.78723557E-01  3.92197755E-02
 -5.00000000E-01  1.96625500E+00 -1.04332835E+00 -7.86915347E-02  8.20860875E-01  0.00000000E+00  1.78011332E-01  3.95942888E-02
 -5.00000000E-01  1.96649000E+00 -1.04526167E+00 -7.88669810E-02  8.20943544E-01  0.00000000E+00  1.77310044E-01  3.99712542E-02
 -5.00000000E-01  1.96672500E+00 -1.04719662E+00 -7.90396668E-02  8.21031784E-01  0.00000000E+00  1.76619396E-01  4.03506684E-02
 -5.00000000E-01  1.96696000E+00 -1.04913300E+00 -7.92094400E-02  8.21123212E-01  0.00000000E+00  1.75939087E-01  4.07325283E-02
 -5.00000000E-01  1.96719500E+00 -1.05107061E+00 -7.93761483E-02  8.21215445E-01  0.00000000E+00  1.75268818E-01  4.11168305E-02
 -5.00000000E-01  1.96743000E+00 -1.05300922E+00 -7.95396394E-02  8.21306098E-01  0.00000000E+00  1.74608288E-01  4.15035718E-02
 -5.00000000E-01  1.96766500E+00 -1.05494864E+00 -7.96997613E-02  8.21392788E-01  0.00000000E+00  1.73957200E-01  4.18927489E-02
 -5.00000000E-01  1.96790000E+00 -1.05688866E+00 -7.98563617E-02  8.21473132E-01  0.00000000E+00  1.73315252E-01  4.22843584E-02
 -5.00000000E-01  1.96813500E+00 -1.05882907E+00 -8.00092883E-02  8.21544746E-01  0.00000000E+00  1.72682145E-01  4.26783972E-02
 -5.00000000E-01  1.96837000E+00 -1.06076966E+00 -8.01583890E-02  8.21605247E-01  0.00000000E+00  1.72057581E-01  4.30748619E-02
 -5.00000000E-01  1.96860500E+00 -1.06271022E+00 -8.03035115E-02  8.21652251E-01  0.00000000E+00  1.71441258E-01  4.34737493E-02
 -5.00000000E-01  1.96884000E+00 -1.06465055E+00 -8.04445037E-02  8.21683374E-01  0.00000000E+00  1.70832879E-01  4.38750560E-02
 -5.00000000E-01  1.96907500E+00 -1.06659044E+00 -8.05812134E-02  8.21696234E-01  0.00000000E+00  1.70232142E-01  4.42787789E-02
 -5.00000000E-01  1.96931000E+00 -1.06852969E+00 -8.07134882E-02  8.21688446E-01  0.00000000E+00  1.69638749E-01  4.46849146E-02
 -5.00000000E-01  1.96954500E+00 -1.07046807E+00 -8.08411761E-02  8.21657627E-01  0.00000000E+00  1.69052400E-01  4.50934598E-02
 -5.00000000E-01  1.96978000E+00 -1.07240540E+00 -8.09641247E-02  8.21601393E-01  0.00000000E+00  1.68472796E-01  4.55044113E-02
 -5.00000000E-01  1.97001500E+00 -1.07434145E+00 -8.10821820E-02  8.21517361E-01  0.00000000E+00  1.67899636E-01  4.59177658E-02
 -5.00000000E-01  1.97025000E+00 -1.07627602E+00 -8.11951957E-02  8.21403147E-01  0.00000000E+00  1.67332622E-01  4.63335200E-02
 -5.00000000E-01  1.97048500E+00 -1.07820891E+00 -8.13030135E-02  8.21256368E-01  0.00000000E+00  1.66771453E-01  4.67516707E-02
 -5.00000000E-01  1.97072000E+00 -1.08013990E+00 -8.14054832E-02  8.21074640E-01  0.00000000E+00  1.66215830E-01  4.71722145E-02
 -5.00000000E-01  1.97095500E+00 -1.08206879E+00 -8.15024528E-02  8.20855580E-01  0.00000000E+00  1.65665454E-01  4.75951482E-02
 -5.00000000E-01  1.97119000E+00 -1.08399537E+00 -8.15937698E-02  8.20596804E-01  0.00000000E+00  1.65120025E-01  4.80204684E-02
 -5.00000000E-01  1.97142500E+00 -1.08591944E+00 -8.16792822E-02  8.20295929E-01  0.00000000E+00  1.64579244E-01  4.84481720E-02
 -5.00000000E-01  1.97166000E+00 -1.08784078E+00 -8.17588378E-02  8.19950570E-01  0.00000000E+00  1.64042810E-01  4.88782556E-02
 -5.00000000E-01  1.97189500E+00 -1.08975919E+00 -8.18322842E-02  8.19558345E-01  0.00000000E+00  1.63510425E-01  4.93107160E-02
 -5.00000000E-01  1.97213000E+00 -1.09167445E+00 -8.18994693E-02  8.19116871E-01  0.00000000E+00  1.62981789E-01  4.97455499E-02
 -5.00000000E-01  1.97236500E+00 -1.09358587E+00 -8.19653594E-02  8.18704866E-01  0.00000000E+00  1.62457948E-01  5.01827975E-02
 -5.00000000E-01  1.97260000E+00 -1.09549042E+00 -8.20592788E-02  8.18784588E-01  0.00000000E+00  1.61946458E-01  5.06226837E-02
 -5.00000000E-01  1.97283500E+00 -1.09739117E+00 -8.21496590E-02  8.18853875E-01  0.00000000E+00  1.61438960E-01  5.10649282E-02
 -5.00000000E-01  1.97307000E+00 -1.09928805E+00 -8.22365317E-02  8.18913103E-01  0.00000000E+00  1.60935389E-01  5.15095382E-02
 -5.00000000E-01  1.97330500E+00 -1.10118102E+00 -8.23199286E-02  8.18962643E-01  0.00000000E+00  1.60435682E-01  5.19565210E-02
 -5.00000000E-01  1.97354000E+00 -1.10307003E+00 -8.23998813E-02  8.19002871E-01  0.00000000E+00  1.59939775E-01  5.24058839E-02
 -5.00000000E-01  1.97377500E+00 -1.10495502E+00 -8.24764216E-02  8.19034158E-01  0.00000000E+00  1.59447606E-01  5.28576342E-02
 -5.00000000E-01  1.97401000E+00 -1.10683595E+00 -8.25495812E-02  8.19056880E-01  0.00000000E+00  1.58959110E-01  5.33117791E-02
 -5.00000000E-01  1.97424500E+00 -1.10871276E+00 -8.26193918E-02  8.19071408E-01  0.00000000E+00  1.58474224E-01  5.37683260E-02
 -5.00000000E-01  1.97448000E+00 -1.11058540E+00 -8.26858851E-02  8.19078118E-01  0.00000000E+00  1.57992885E-01  5.42272822E-02
 -5.00000000E-01  1.97471500E+00 -1.11245382E+00 -8.27490928E-02  8.19077382E-01  0.00000000E+00  1.57515029E-01  5.46886548E-02
 -5.00000000E-01  1.97495000E+00 -1.11431797E+00 -8.28090466E-02  8.19069573E-01  0.00000000E+00  1.57040592E-01  5.51524513E-02
 -5.00000000E-01  1.97518500E+00 -1.11617779E+00 -8.28657782E-02  8.19055066E-01  0.00000000E+00  1.56569512E-01  5.56186789E-02
 -5.00000000E-01  1.97542000E+00 -1.11803323E+00 -8.29193194E-02  8.19034234E-01  0.00000000E+00  1.56101723E-01  5.60873448E-02
 -5.00000000E-01  1.97565500E+00 -1.11988424E+00 -8.29697017E-02  8.19007450E-01  0.00000000E+00  1.55637164E-01  5.65584564E-02
 -5.00000000E-01  1.97589000E+00 -1.12173078E+00 -8.30169570E-02  8.18975088E-01  0.00000000E+00  1.55175771E-01  5.70320209E-02
 -5.00000000E-01  1.97612500E+00 -1.12357278E+00 -8.30611169E-02  8.18937521E-01  0.00000000E+00  1.54717479E-01  5.75080457E-02
 -5.00000000E-01  1.97636000E+00 -1.12541020E+00 -8.31022132E-02  8.18895124E-01  0.00000000E+00  1.54262226E-01  5.79865380E-02
 -5.00000000E-01  1.97659500E+00 -1.12724298E+00 -8.31402775E-02  8.18848268E-01  0.00000000E+00  1.53809947E-01  5.84675051E-02
 -5.00000000E-01  1.97683000E+00 -1.12907107E+00 -8.31753415E-02  8.18797329E-01  0.00000000E+00  1.53360581E-01  5.89509543E-02
 -5.00000000E-01  1.97706500E+00 -1.13089442E+00 -8.32074370E-02  8.18742679E-01  0.00000000E+00  1.52914062E-01  5.94368928E-02
 -5.00000000E-01  1.97730000E+00 -1.13271298E+00 -8.32365956E-02  8.18684692E-01  0.00000000E+00  1.52470327E-01  5.99253281E-02
 -5.00000000E-01  1.97753500E+00 -1.13452670E+00 -8.32628491E-02  8.18623742E-01  0.00000000E+00  1.52029314E-01  6.04162672E-02
 -5.00000000E-01  1.97777000E+00 -1.13633553E+00 -8.32862292E-02  8.18560201E-01  0.00000000E+00  1.51590958E-01  6.09097176E-02
 -5.00000000E-01  1.97800500E+00 -1.13813940E+00 -8.33067675E-02  8.18494444E-01  0.00000000E+00  1.51155195E-01  6.14056865E-02
 -5.00000000E-01  1.97824000E+00 -1.13993828E+00 -8.33244958E-02  8.18426844E-01  0.00000000E+00  1.50721963E-01  6.19041811E-02
 -5.00000000E-01  1.97847500E+00 -1.14173211E+00 -8.33394458E-02  8.18357774E-01  0.00000000E+00  1.50291198E-01  6.24052089E-02
 -5.00000000E-01  1.97871000E+00 -1.14352084E+00 -8.33516491E-02  8.18287609E-01  0.00000000E+00  1.49862837E-01  6.29087770E-02
 -5.00000000E-01  1.97894500E+00 -1.14530441E+00 -8.33611376E-02  8.18216721E-01  0.00000000E+00  1.49436815E-01  6.34148928E-02
 -5.00000000E-01  1.97918000E+00 -1.14708277E+00 -8.33679428E-02  8.18145484E-01  0.00000000E+00  1.49013069E-01  6.39235635E-02
 -5.00000000E-01  1.97941500E+00 -1.14885588E+00 -8.33720965E-02  8.18074271E-01  0.00000000E+00  1.48591537E-01  6.44347964E-02
 -5.00000000E-01  1.97965000E+00 -1.15062368E+00 -8.33736305E-02  8.18003457E-01  0.00000000E+00  1.48172153E-01  6.49485988E-02
 -5.00000000E-01  1.97988500E+00 -1.15238612E+00 -8.33725763E-02  8.17933414E-01  0.00000000E+00  1.47754856E-01  6.54649781E-02
 -5.00000000E-01  1.98012000E+00 -1.15414315E+00 -8.33689658E-02  8.17864516E-01  0.00000000E+00  1.47339581E-01  6.59839414E-02
 -5.00000000E-01  1.98035500E+00 -1.15589471E+00 -8.33628305E-02  8.17797137E-01  0.00000000E+00  1.46926264E-01  6.65054960E-02
 -5.00000000E-01  1.98059000E+00 -1.15764075E+00 -8.33542023E-02  8.17731650E-01  0.00000000E+00  1.46514843E-01  6.70296493E-02
 -5.00000000E-01  1.98082500E+00 -1.15938123E+00 -8.33431128E-02  8.17668429E-01  0.00000000E+00  1.46105254E-01  6.75564085E-02
 -5.00000000E-01  1.98106000E+00 -1.16111608E+00 -8.33295937E-02  8.17607847E-01  0.00000000E+00  1.45697433E-01  6.80857810E-02
 -5.00000000E-01  1.98129500E+00 -1.16284527E+00 -8.33136768E-02  8.17550277E-01  0.00000000E+00  1.45291317E-01  6.86177739E-02
 -5.00000000E-01  1.98153000E+00 -1.16456873E+00 -8.32953937E-02  8.17496094E-01  0.00000000E+00  1.44886841E-01  6.91523946E-02
 -5.00000000E-01  1.98176500E+00 -1.16628641E+00 -8.32747762E-02  8.17445670E-01  0.00000000E+00  1.44483944E-01  6.96896504E-02
 -5.00000000E-01  1.98200000E+00 -1.16799827E+00 -8.32518559E-02  8.17399380E-01  0.00000000E+00  1.44082561E-01  7.02295486E-02
 -5.00000000E-01  1.98223500E+00 -1.16970425E+00 -8.32266645E-02  8.17357596E-01  0.00000000E+00  1.43682629E-01  7.07720964E-02
 -5.00000000E-01  1.98247000E+00 -1.17140430E+00 -8.31992338E-02  8.17320692E-01  0.00000000E+00  1.43284083E-01  7.13173011E-02
 -5.00000000E-01  1.98270500E+00 -1.17309836E+00 -8.31695955E-02  8.17289042E-01  0.00000000E+00  1.42886862E-01  7.18651700E-02
 -5.00000000E-01  1.98294000E+00 -1.17478639E+00 -8.31377812E-02  8.17263020E-01  0.00000000E+00  1.42490901E-01  7.24157104E-02
 -5.00000000E-01  1.98317500E+00 -1.17646834E+00 -8.31038227E-02  8.17242998E-01  0.00000000E+00  1.42096136E-01  7.29689296E-02
 -5.00000000E-01  1.98341000E+00 -1.17814415E+00 -8.30677517E-02  8.17229350E-01  0.00000000E+00  1.41702504E-01  7.35248348E-02
 -5.00000000E-01  1.98364500E+00 -1.17981376E+00 -8.30295998E-02  8.17222450E-01  0.00000000E+00  1.41309943E-01  7.40834334E-02
 -5.00000000E-01  1.98388000E+00 -1.18147714E+00 -8.29893989E-02  8.17222672E-01  0.00000000E+00  1.40918387E-01  7.46447327E-02
 -5.00000000E-01  1.98411500E+00 -1.18313422E+00 -8.29471805E-02  8.17230388E-01  0.00000000E+00  1.40527774E-01  7.52087398E-02
 -5.00000000E-01  1.98435000E+00 -1.18478496E+00 -8.29029764E-02  8.17245973E-01  0.00000000E+00  1.40138040E-01  7.57754622E-02
 -5.00000000E-01  1.98458500E+00 -1.18642930E+00 -8.28568184E-02  8.17269799E-01  0.00000000E+00  1.39749122E-01  7.63449070E-02
 -5.00000000E-01  1.98482000E+00 -1.18806945E+00 -8.28056369E-02  8.17247310E-01  0.00000000E+00  1.39363019E-01  7.69169717E-02
 -5.00000000E-01  1.98505500E+00 -1.18970465E+00 -8.27505701E-02  8.17198813E-01  0.00000000E+00  1.38979042E-01  7.74917761E-02
 -5.00000000E-01  1.98529000E+00 -1.19133377E+00 -8.26932066E-02  8.17152365E-01  0.00000000E+00  1.38596152E-01  7.80693967E-02
 -5.00000000E-01  1.98552500E+00 -1.19295680E+00 -8.26335526E-02  8.17107929E-01  0.00000000E+00  1.38214347E-01  7.86498380E-02
 -5.00000000E-01  1.98576000E+00 -1.19457374E+00 -8.25716141E-02  8.17065468E-01  0.00000000E+00  1.37833624E-01  7.92331048E-02
 -5.00000000E-01  1.98599500E+00 -1.19618458E+00 -8.25073974E-02  8.17024945E-01  0.00000000E+00  1.37453982E-01  7.98192016E-02
 -5.00000000E-01  1.98623000E+00 -1.19778931E+00 -8.24409086E-02  8.16986322E-01  0.00000000E+00  1.37075418E-01  8.04081331E-02
 -5.00000000E-01  1.98646500E+00 -1.19938794E+00 -8.23721537E-02  8.16949561E-01  0.00000000E+00  1.36697929E-01  8.09999039E-02
 -5.00000000E-01  1.98670000E+00 -1.20098045E+00 -8.23011391E-02  8.16914626E-01  0.00000000E+00  1.36321514E-01  8.15945186E-02
 -5.00000000E-01  1.98693500E+00 -1.20256684E+00 -8.22278707E-02  8.16881478E-01  0.00000000E+00  1.35946169E-01  8.21919820E-02
 -5.00000000E-01  1.98717000E+00 -1.20414710E+00 -8.21523548E-02  8.16850081E-01  0.00000000E+00  1.35571893E-01  8.27922985E-02
 -5.00000000E-01  1.98740500E+00 -1.20572122E+00 -8.20745975E-02  8.16820397E-01  0.00000000E+00  1.35198682E-01  8.33954729E-02
 -5.00000000E-01  1.98764000E+00 -1.20728921E+00 -8.19946049E-02  8.16792388E-01  0.00000000E+00  1.34826536E-01  8.40015098E-02
 -5.00000000E-01  1.98787500E+00 -1.20885105E+00 -8.19123832E-02  8.16766017E-01  0.00000000E+00  1.34455451E-01  8.46104138E-02
 -5.00000000E-01  1.98811000E+00 -1.21040674E+00 -8.18279385E-02  8.16741247E-01  0.00000000E+00  1.34085425E-01  8.52221896E-02
 -5.00000000E-01  1.98834500E+00 -1.21195628E+00 -8.17412769E-02  8.16718040E-01  0.00000000E+00  1.33716456E-01  8.58368417E-02
 -5.00000000E-01  1.98858000E+00 -1.21349965E+00 -8.16524047E-02  8.16696359E-01  0.00000000E+00  1.33348541E-01  8.64543748E-02
 -5.00000000E-01  1.98881500E+00 -1.21503685E+00 -8.15613279E-02  8.16676166E-01  0.00000000E+00  1.32981678E-01  8.70747936E-02
 -5.00000000E-01  1.98905000E+00 -1.21656788E+00 -8.14680526E-02  8.16657424E-01  0.00000000E+00  1.32615864E-01  8.76981027E-02
 -5.00000000E-01  1.98928500E+00 -1.21809273E+00 -8.13725851E-02  8.16640095E-01  0.00000000E+00  1.32251098E-01  8.83243067E-02
 -5.00000000E-01  1.98952000E+00 -1.21961140E+00 -8.12749315E-02  8.16624143E-01  0.00000000E+00  1.31887377E-01  8.89534102E-02
 -5.00000000E-01  1.98975500E+00 -1.22112387E+00 -8.11750978E-02  8.16609529E-01  0.00000000E+00  1.31524698E-01  8.95854179E-02
 -5.00000000E-01  1.98999000E+00 -1.22263015E+00 -8.10730903E-02  8.16596216E-01  0.00000000E+00  1.31163059E-01  9.02203345E-02
 -5.00000000E-01  1.99022500E+00 -1.22413022E+00 -8.09689151E-02  8.16584167E-01  0.00000000E+00  1.30802458E-01  9.08581644E-02
 -5.00000000E-01  1.99046000E+00 -1.22562408E+00 -8.08625784E-02  8.16573344E-01  0.00000000E+00  1.30442893E-01  9.14989125E-02
 -5.00000000E-01  1.99069500E+00 -1.22711173E+00 -8.07540862E-02  8.16563710E-01  0.00000000E+00  1.30084361E-01  9.21425833E-02
 -5.00000000E-01  1.99093000E+00 -1.22859316E+00 -8.06434447E-02  8.16555227E-01  0.00000000E+00  1.29726859E-01  9.27891814E-02
 -5.00000000E-01  1.99116500E+00 -1.23006836E+00 -8.05306601E-02  8.16547858E-01  0.00000000E+00  1.29370386E-01  9.34387115E-02
 -5.00000000E-01  1.99140000E+00 -1.23153734E+00 -8.04157385E-02  8.16541566E-01  0.00000000E+00  1.29014939E-01  9.40911782E-02
 -5.00000000E-01  1.99163500E+00 -1.23300007E+00 -8.02986860E-02  8.16536313E-01  0.00000000E+00  1.28660515E-01  9.47465862E-02
 -5.00000000E-01  1.99187000E+00 -1.23445656E+00 -8.01795088E-02  8.16532062E-01  0.00000000E+00  1.28307113E-01  9.54049401E-02
 -5.00000000E-01  1.99210500E+00 -1.23590680E+00 -8.00582131E-02  8.16528775E-01  0.00000000E+00  1.27954729E-01  9.60662444E-02
 -5.00000000E-01  1.99234000E+00 -1.23735079E+00 -7.99348049E-02  8.16526414E-01  0.00000000E+00  1.27603363E-01  9.67305040E-02
 -5.00000000E-01  1.99257500E+00 -1.23878851E+00 -7.98092904E-02  8.16524943E-01  0.00000000E+00  1.27253010E-01  9.73977233E-02
 -5.00000000E-01  1.99281000E+00 -1.24021997E+00 -7.96816758E-02  8.16524324E-01  0.00000000E+00  1.26903669E-01  9.80679070E-02
 -5.00000000E-01  1.99304500E+00 -1.24164516E+00 -7.95519672E-02  8.16524520E-01  0.00000000E+00  1.26555338E-01  9.87410598E-02
 -5.00000000E-01  1.99328000E+00 -1.24306407E+00 -7.94201707E-02  8.16525493E-01  0.00000000E+00  1.26208014E-01  9.94171862E-02
 -5.00000000E-01  1.99351500E+00 -1.24447669E+00 -7.92862925E-02  8.16527205E-01  0.00000000E+00  1.25861695E-01  1.00096291E-01
 -5.00000000E-01  1.99375000E+00 -1.24588303E+00 -7.91503387E-02  8.16529619E-01  0.00000000E+00  1.25516378E-01  1.00778379E-01
 -5.00000000E-01  1.99398500E+00 -1.24728307E+00 -7.90123154E-02  8.16532698E-01  0.00000000E+00  1.25172061E-01  1.01463454E-01
 -5.00000000E-01  1.99422000E+00 -1.24867681E+00 -7.88722289E-02  8.16536405E-01  0.00000000E+00  1.24828742E-01  1.02151522E-01
 -5.00000000E-01  1.99445500E+00 -1.25006424E+00 -7.87300852E-02  8.16540701E-01  0.00000000E+00  1.24486418E-01  1.02842586E-01
 -5.00000000E-01  1.99469000E+00 -1.25144536E+00 -7.85858906E-02  8.16545550E-01  0.00000000E+00  1.24145087E-01  1.03536652E-01
 -5.00000000E-01  1.99492500E+00 -1.25282016E+00 -7.84396510E-02  8.16550914E-01  0.00000000E+00  1.23804747E-01  1.04233724E-01
 -5.00000000E-01  1.99516000E+00 -1.25418863E+00 -7.82913727E-02  8.16556756E-01  0.00000000E+00  1.23465395E-01  1.04933806E-01
 -5.00000000E-01  1.99539500E+00 -1.25555078E+00 -7.81410618E-02  8.16563037E-01  0.00000000E+00  1.23127029E-01  1.05636905E-01
 -5.00000000E-01  1.99563000E+00 -1.25690659E+00 -7.79887245E-02  8.16569722E-01  0.00000000E+00  1.22789646E-01  1.06343023E-01
 -5.00000000E-01  1.99586500E+00 -1.25825605E+00 -7.78343669E-02  8.16576772E-01  0.00000000E+00  1.22453245E-01  1.07052165E-01
 -5.00000000E-01  1.99610000E+00 -1.25959917E+00 -7.76779952E-02  8.16584149E-01  0.00000000E+00  1.22117823E-01  1.07764337E-01
 -5.00000000E-01  1.99633500E+00 -1.26093594E+00 -7.75196154E-02  8.16591817E-01  0.00000000E+00  1.21783377E-01  1.08479543E-01
 -5.00000000E-01  1.99657000E+00 -1.26226635E+00 -7.73592337E-02  8.16599738E-01  0.00000000E+00  1.21449905E-01  1.09197788E-01
 -5.00000000E-01  1.99680500E+00 -1.26359039E+00 -7.71968563E-02  8.16607875E-01  0.00000000E+00  1.21117405E-01  1.09919076E-01
 -5.00000000E-01  1.99704000E+00 -1.26490812E+00 -7.70325611E-02  8.16617455E-01  0.00000000E+00  1.20785951E-01  1.10643223E-01
 -5.00000000E-01  1.99727500E+00 -1.26621977E+00 -7.68666525E-02  8.16633794E-01  0.00000000E+00  1.20455895E-01  1.11369556E-01
 -5.00000000E-01  1.99751000E+00 -1.26752508E+00 -7.66988031E-02  8.16651036E-01  0.00000000E+00  1.20126898E-01  1.12099018E-01
 -5.00000000E-01  1.99774500E+00 -1.26882403E+00 -7.65290215E-02  8.16669180E-01  0.00000000E+00  1.19798967E-01  1.12831588E-01
 -5.00000000E-01  1.99798000E+00 -1.27011664E+00 -7.63573161E-02  8.16688223E-01  0.00000000E+00  1.19472108E-01  1.13567248E-01
 -5.00000000E-01  1.99821500E+00 -1.27140291E+00 -7.61836954E-02  8.16708165E-01  0.00000000E+00  1.19146328E-01  1.14305977E-01
 -5.00000000E-01  1.99845000E+00 -1.27268284E+00 -7.60081679E-02  8.16729002E-01  0.00000000E+00  1.18821633E-01  1.15047755E-01
 -5.00000000E-01  1.99868500E+00 -1.27395643E+00 -7.58307421E-02  8.16750734E-01  0.00000000E+00  1.18498030E-01  1.15792564E-01
 -5.00000000E-01  1.99892000E+00 -1.27522369E+00 -7.56514265E-02  8.16773359E-01  0.00000000E+00  1.18175524E-01  1.16540383E-01
 -5.00000000E-01  1.99915500E+00 -1.27648462E+00 -7.54702295E-02  8.16796874E-01  0.00000000E+00  1.17854123E-01  1.17291192E-01
 -5.00000000E-01  1.99939000E+00 -1.27773921E+00 -7.52871598E-02  8.16821279E-01  0.00000000E+00  1.17533833E-01  1.18044973E-01
 -5.00000000E-01  1.99962500E+00 -1.27898748E+00 -7.51022257E-02  8.16846572E-01  0.00000000E+00  1.17214659E-01  1.18801704E-01
 -5.00000000E-01  1.99986000E+00 -1.28022943E+00 -7.49154358E-02  8.16872751E-01  0.00000000E+00  1.16896609E-01  1.19561367E-01
 -5.00000000E-01  2.00009500E+00 -1.28146505E+00 -7.47267985E-02  8.16899814E-01  0.00000000E+00  1.16579689E-01  1.20323941E-01
 -5.00000000E-01  2.00033000E+00 -1.28269436E+00 -7.45363224E-02  8.16927759E-01  0.00000000E+00  1.16263906E-01  1.21089408E-01
 -5.00000000E-01  2.00056500E+00 -1.28391734E+00 -7.43440159E-02  8.16956585E-01  0.00000000E+00  1.15949265E-01  1.21857747E-01
 -5.00000000E-01  2.00080000E+00 -1.28513402E+00 -7.41498875E-02  8.16986291E-01  0.00000000E+00  1.15635772E-01  1.22628939E-01
 -5.00000000E-01  2.00103500E+00 -1.28634438E+00 -7.39539457E-02  8.17016874E-01  0.00000000E+00  1.15323436E-01  1.23402963E-01
 -5.00000000E-01  2.00127000E+00 -1.28754843E+00 -7.37561991E-02  8.17048332E-01  0.00000000E+00  1.15012261E-01  1.24179801E-01
 -5.00000000E-01  2.00150500E+00 -1.28874617E+00 -7.35566560E-02  8.17080665E-01  0.00000000E+00  1.14702254E-01  1.24959433E-01
 -5.00000000E-01  2.00174000E+00 -1.28993761E+00 -7.33553251E-02  8.17113870E-01  0.00000000E+00  1.14393422E-01  1.25741838E-01
 -5.00000000E-01  2.00197500E+00 -1.29112275E+00 -7.31522147E-02  8.17147945E-01  0.00000000E+00  1.14085771E-01  1.26526997E-01
 -5.00000000E-01  2.00221000E+00 -1.29230159E+00 -7.29473334E-02  8.17182890E-01  0.00000000E+00  1.13779307E-01  1.27314891E-01
 -5.00000000E-01  2.00244500E+00 -1.29347413E+00 -7.27406897E-02  8.17218701E-01  0.00000000E+00  1.13474037E-01  1.28105499E-01
 -5.00000000E-01  2.00268000E+00 -1.29464038E+00 -7.25322920E-02  8.17255378E-01  0.00000000E+00  1.13169968E-01  1.28898803E-01
 -5.00000000E-01  2.00291500E+00 -1.29580034E+00 -7.23221489E-02  8.17292919E-01  0.00000000E+00  1.12867104E-01  1.29694782E-01
 -5.00000000E-01  2.00315000E+00 -1.29695401E+00 -7.21102689E-02  8.17331322E-01  0.00000000E+00  1.12565454E-01  1.30493416E-01
 -5.00000000E-01  2.00338500E+00 -1.29810139E+00 -7.18966603E-02  8.17370585E-01  0.00000000E+00  1.12265023E-01  1.31294686E-01
 -5.00000000E-01  2.00362000E+00 -1.29924248E+00 -7.16813319E-02  8.17410707E-01  0.00000000E+00  1.11965818E-01  1.32098573E-01
 -5.00000000E-01  2.00385500E+00 -1.30037730E+00 -7.14642919E-02  8.17451686E-01  0.00000000E+00  1.11667845E-01  1.32905056E-01
 -5.00000000E-01  2.00409000E+00 -1.30150583E+00 -7.12455489E-02  8.17493520E-01  0.00000000E+00  1.11371110E-01  1.33714116E-01
 -5.00000000E-01  2.00432500E+00 -1.30262809E+00 -7.10251115E-02  8.17536208E-01  0.00000000E+00  1.11075621E-01  1.34525733E-01
 -5.00000000E-01  2.00456000E+00 -1.30374408E+00 -7.08029880E-02  8.17579747E-01  0.00000000E+00  1.10781382E-01  1.35339887E-01
 -5.00000000E-01  2.00479500E+00 -1.30485379E+00 -7.05791870E-02  8.17624137E-01  0.00000000E+00  1.10488402E-01  1.36156559E-01
 -5.00000000E-01  2.00503000E+00 -1.30595723E+00 -7.03537171E-02  8.17669375E-01  0.00000000E+00  1.10196685E-01  1.36975729E-01
 -5.00000000E-01  2.00526500E+00 -1.30705441E+00 -7.01265865E-02  8.17715460E-01  0.00000000E+00  1.09906239E-01  1.37797377E-01
 -5.00000000E-01  2.00550000E+00 -1.30814533E+00 -6.98978040E-02  8.17762390E-01  0.00000000E+00  1.09617069E-01  1.38621484E-01
 -5.00000000E-01  2.00573500E+00 -1.30922998E+00 -6.96673779E-02  8.17810163E-01  0.00000000E+00  1.09329183E-01  1.39448030E-01
 -5.00000000E-01  2.00597000E+00 -1.31030837E+00 -6.94353168E-02  8.17858777E-01  0.00000000E+00  1.09042587E-01  1.40276995E-01
 -5.00000000E-01  2.00620500E+00 -1.31138051E+00 -6.92016291E-02  8.17908232E-01  0.00000000E+00  1.08757287E-01  1.41108359E-01
 -5.00000000E-01  2.00644000E+00 -1.31244639E+00 -6.89663233E-02  8.17958525E-01  0.00000000E+00  1.08473289E-01  1.41942104E-01
 -5.00000000E-01  2.00667500E+00 -1.31350602E+00 -6.87294080E-02  8.18009654E-01  0.00000000E+00  1.08190600E-01  1.42778208E-01
 -5.00000000E-01  2.00691000E+00 -1.31455940E+00 -6.84908916E-02  8.18061618E-01  0.00000000E+00  1.07909226E-01  1.43616653E-01
 -5.00000000E-01  2.00714500E+00 -1.31560654E+00 -6.82507825E-02  8.18114415E-01  0.00000000E+00  1.07629173E-01  1.44457418E-01
 -5.00000000E-01  2.00738000E+00 -1.31664743E+00 -6.80090894E-02  8.18168044E-01  0.00000000E+00  1.07350449E-01  1.45300484E-01
 -5.00000000E-01  2.00761500E+00 -1.31768208E+00 -6.77658207E-02  8.18222502E-01  0.00000000E+00  1.07073059E-01  1.46145832E-01
 -5.00000000E-01  2.00785000E+00 -1.31871049E+00 -6.75209849E-02  8.18277788E-01  0.00000000E+00  1.06797010E-01  1.46993441E-01
 -5.00000000E-01  2.00808500E+00 -1.31973266E+00 -6.72745904E-02  8.18333901E-01  0.00000000E+00  1.06522308E-01  1.47843292E-01
 -5.00000000E-01  2.00832000E+00 -1.32074860E+00 -6.70266458E-02  8.18390838E-01  0.00000000E+00  1.06248959E-01  1.48695365E-01
 -5.00000000E-01  2.00855500E+00 -1.32175831E+00 -6.67771596E-02  8.18448597E-01  0.00000000E+00  1.05976971E-01  1.49549641E-01
 -5.00000000E-01  2.00879000E+00 -1.32276179E+00 -6.65261403E-02  8.18507178E-01  0.00000000E+00  1.05706348E-01  1.50406099E-01
 -5.00000000E-01  2.00902500E+00 -1.32375905E+00 -6.62735962E-02  8.18566579E-01  0.00000000E+00  1.05437099E-01  1.51264720E-01
 -5.00000000E-01  2.00926000E+00 -1.32475008E+00 -6.60195360E-02  8.18626797E-01  0.00000000E+00  1.05169229E-01  1.52125485E-01
 -5.00000000E-01  2.00949500E+00 -1.32573504E+00 -6.57639713E-02  8.18687281E-01  0.00000000E+00  1.04902668E-01  1.52986998E-01
 -5.00000000E-01  2.00973000E+00 -1.32671386E+00 -6.55069070E-02  8.18748318E-01  0.00000000E+00  1.04637475E-01  1.53850009E-01
 -5.00000000E-01  2.00996500E+00 -1.32768648E+00 -6.52483502E-02  8.18810144E-01  0.00000000E+00  1.04373690E-01  1.54715087E-01
 -5.00000000E-01  2.01020000E+00 -1.32865291E+00 -6.49883095E-02  8.18872749E-01  0.00000000E+00  1.04111316E-01  1.55582167E-01
 -5.00000000E-01  2.01043500E+00 -1.32961316E+00 -6.47267940E-02  8.18936121E-01  0.00000000E+00  1.03850357E-01  1.56451183E-01
 -5.00000000E-01  2.01067000E+00 -1.33056723E+00 -6.44638122E-02  8.19000247E-01  0.00000000E+00  1.03590817E-01  1.57322072E-01
 -5.00000000E-01  2.01090500E+00 -1.33151514E+00 -6.41993731E-02  8.19065117E-01  0.00000000E+00  1.03332699E-01  1.58194769E-01
 -5.00000000E-01  2.01114000E+00 -1.33245688E+00 -6.39334855E-02  8.19130719E-01  0.00000000E+00  1.03076006E-01  1.59069209E-01
 -5.00000000E-01  2.01137500E+00 -1.33339247E+00 -6.36661581E-02  8.19197041E-01  0.00000000E+00  1.02820743E-01  1.59945328E-01
 -5.00000000E-01  2.01161000E+00 -1.33432190E+00 -6.33973998E-02  8.19264072E-01  0.00000000E+00  1.02566911E-01  1.60823060E-01
 -5.00000000E-01  2.01184500E+00 -1.33524520E+00 -6.31272194E-02  8.19331800E-01  0.00000000E+00  1.02314516E-01  1.61702342E-01
 -5.00000000E-01  2.01208000E+00 -1.33616237E+00 -6.28556257E-02  8.19400213E-01  0.00000000E+00  1.02063560E-01  1.62583108E-01
 -5.00000000E-01  2.01231500E+00 -1.33707341E+00 -6.25826274E-02  8.19469301E-01  0.00000000E+00  1.01814047E-01  1.63465295E-01
 -5.00000000E-01  2.01255000E+00 -1.33797834E+00 -6.23082335E-02  8.19539051E-01  0.00000000E+00  1.01565980E-01  1.64348836E-01
 -5.00000000E-01  2.01278500E+00 -1.33887715E+00 -6.20324527E-02  8.19609451E-01  0.00000000E+00  1.01319363E-01  1.65233669E-01
 -5.00000000E-01  2.01302000E+00 -1.33976986E+00 -6.17552937E-02  8.19680491E-01  0.00000000E+00  1.01074200E-01  1.66119727E-01
 -5.00000000E-01  2.01325500E+00 -1.34065647E+00 -6.14767655E-02  8.19752159E-01  0.00000000E+00  1.00830493E-01  1.67006947E-01
 -5.00000000E-01  2.01349000E+00 -1.34153699E+00 -6.11968768E-02  8.19824442E-01  0.00000000E+00  1.00588247E-01  1.67895264E-01
 -5.00000000E-01  2.01372500E+00 -1.34241143E+00 -6.09156365E-02  8.19897330E-01  0.00000000E+00  1.00347465E-01  1.68784613E-01
 -5.00000000E-01  2.01396000E+00 -1.34327980E+00 -6.06330533E-02  8.19970811E-01  0.00000000E+00  1.00108150E-01  1.69674929E-01
 -5.00000000E-01  2.01419500E+00 -1.34414210E+00 -6.03491360E-02  8.20044874E-01  0.00000000E+00  9.98703065E-02  1.70566149E-01
 -5.00000000E-01  2.01443000E+00 -1.34499833E+00 -6.00638935E-02  8.20119506E-01  0.00000000E+00  9.96339369E-02  1.71458206E-01
 -5.00000000E-01  2.01466500E+00 -1.34584852E+00 -5.97773345E-02  8.20194696E-01  0.00000000E+00  9.93990452E-02  1.72351038E-01
 -5.00000000E-01  2.01490000E+00 -1.34669266E+00 -5.94894679E-02  8.20270433E-01  0.00000000E+00  9.91656348E-02  1.73244578E-01
 -5.00000000E-01  2.01513500E+00 -1.34753076E+00 -5.92003025E-02  8.20346705E-01  0.00000000E+00  9.89337093E-02  1.74138763E-01
 -5.00000000E-01  2.01537000E+00 -1.34836283E+00 -5.89098470E-02  8.20423501E-01  0.00000000E+00  9.87032721E-02  1.75033527E-01
 -5.00000000E-01  2.01560500E+00 -1.34918888E+00 -5.86181104E-02  8.20500808E-01  0.00000000E+00  9.84743267E-02  1.75928807E-01
 -5.00000000E-01  2.01584000E+00 -1.35000890E+00 -5.83251013E-02  8.20578615E-01  0.00000000E+00  9.82468767E-02  1.76824537E-01
 -5.00000000E-01  2.01607500E+00 -1.35082292E+00 -5.80308286E-02  8.20656912E-01  0.00000000E+00  9.80209255E-02  1.77720652E-01
 -5.00000000E-01  2.01631000E+00 -1.35163094E+00 -5.77353011E-02  8.20735685E-01  0.00000000E+00  9.77964766E-02  1.78617089E-01
 -5.00000000E-01  2.01654500E+00 -1.35243296E+00 -5.74385277E-02  8.20814924E-01  0.00000000E+00  9.75735336E-02  1.79513783E-01
 -5.00000000E-01  2.01678000E+00 -1.35322900E+00 -5.71405170E-02  8.20894617E-01  0.00000000E+00  9.73520998E-02  1.80410668E-01
 -5.00000000E-01  2.01701500E+00 -1.35401905E+00 -5.68412780E-02  8.20974753E-01  0.00000000E+00  9.71321788E-02  1.81307681E-01
 -5.00000000E-01  2.01725000E+00 -1.35480314E+00 -5.65408194E-02  8.21055319E-01  0.00000000E+00  9.69137741E-02  1.82204757E-01
 -5.00000000E-01  2.01748500E+00 -1.35558125E+00 -5.62391500E-02  8.21136304E-01  0.00000000E+00  9.66968892E-02  1.83101830E-01
 -5.00000000E-01  2.01772000E+00 -1.35635341E+00 -5.59362787E-02  8.21217697E-01  0.00000000E+00  9.64815276E-02  1.83998837E-01
 -5.00000000E-01  2.01795500E+00 -1.35711961E+00 -5.56322142E-02  8.21299487E-01  0.00000000E+00  9.62676928E-02  1.84895712E-01
 -5.00000000E-01  2.01819000E+00 -1.35787987E+00 -5.53269653E-02  8.21381660E-01  0.00000000E+00  9.60553882E-02  1.85792392E-01
 -5.00000000E-01  2.01842500E+00 -1.35863420E+00 -5.50205410E-02  8.21464207E-01  0.00000000E+00  9.58446174E-02  1.86688811E-01
 -5.00000000E-01  2.01866000E+00 -1.35938259E+00 -5.47129499E-02  8.21547115E-01  0.00000000E+00  9.56353838E-02  1.87584905E-01
 -5.00000000E-01  2.01889500E+00 -1.36012506E+00 -5.44042009E-02  8.21630373E-01  0.00000000E+00  9.54276910E-02  1.88480609E-01
 -5.00000000E-01  2.01913000E+00 -1.36086162E+00 -5.40943027E-02  8.21713969E-01  0.00000000E+00  9.52215425E-02  1.89375859E-01
 -5.00000000E-01  2.01936500E+00 -1.36159227E+00 -5.37832643E-02  8.21797891E-01  0.00000000E+00  9.50169416E-02  1.90270590E-01
 -5.00000000E-01  2.01960000E+00 -1.36231702E+00 -5.34710943E-02  8.21882129E-01  0.00000000E+00  9.48138920E-02  1.91164737E-01
 -5.00000000E-01  2.01983500E+00 -1.36303587E+00 -5.31578016E-02  8.21966670E-01  0.00000000E+00  9.46123972E-02  1.92058235E-01
 -5.00000000E-01  2.02007000E+00 -1.36374884E+00 -5.28433951E-02  8.22051503E-01  0.00000000E+00  9.44124605E-02  1.92951021E-01
 -5.00000000E-01  2.02030500E+00 -1.36445593E+00 -5.25278834E-02  8.22136616E-01  0.00000000E+00  9.42140856E-02  1.93843029E-01
 -5.00000000E-01  2.02054000E+00 -1.36515715E+00 -5.22112755E-02  8.22221998E-01  0.00000000E+00  9.40172758E-02  1.94734195E-01
 -5.00000000E-01  2.02077500E+00 -1.36585250E+00 -5.18935801E-02  8.22307638E-01  0.00000000E+00  9.38220348E-02  1.95624454E-01
 -5.00000000E-01  2.02101000E+00 -1.36654200E+00 -5.15748061E-02  8.22393522E-01  0.00000000E+00  9.36283659E-02  1.96513741E-01
 -5.00000000E-01  2.02124500E+00 -1.36722565E+00 -5.12549622E-02  8.22479641E-01  0.00000000E+00  9.34362728E-02  1.97401992E-01
 -5.00000000E-01  2.02148000E+00 -1.36790345E+00 -5.09340572E-02  8.22565982E-01  0.00000000E+00  9.32457588E-02  1.98289143E-01
 -5.00000000E-01  2.02171500E+00 -1.36857543E+00 -5.06121007E-02  8.22652592E-01  0.00000000E+00  9.30567961E-02  1.99174795E-01
 -5.00000000E-01  2.02195000E+00 -1.36924165E+00 -5.02891053E-02  8.22739620E-01  0.00000000E+00  9.28692923E-02  2.00057853E-01
 -5.00000000E-01  2.02218500E+00 -1.36990207E+00 -4.99650776E-02  8.22826829E-01  0.00000000E+00  9.26833654E-02  2.00939453E-01
 -5.00000000E-01  2.02242000E+00 -1.37055670E+00 -4.96400263E-02  8.22914204E-01  0.00000000E+00  9.24990154E-02  2.01819497E-01
 -5.00000000E-01  2.02265500E+00 -1.37120556E+00 -4.93139604E-02  8.23001731E-01  0.00000000E+00  9.23162424E-02  2.02697883E-01
 -5.00000000E-01  2.02289000E+00 -1.37184864E+00 -4.89868886E-02  8.23089394E-01  0.00000000E+00  9.21350463E-02  2.03574512E-01
 -5.00000000E-01  2.02312500E+00 -1.37248596E+00 -4.86588196E-02  8.23177179E-01  0.00000000E+00  9.19554272E-02  2.04449282E-01
 -5.00000000E-01  2.02336000E+00 -1.37311752E+00 -4.83297622E-02  8.23265072E-01  0.00000000E+00  9.17773850E-02  2.05322093E-01
 -5.00000000E-01  2.02359500E+00 -1.37374335E+00 -4.79997253E-02  8.23353057E-01  0.00000000E+00  9.16009197E-02  2.06192844E-01
 -5.00000000E-01  2.02383000E+00 -1.37436343E+00 -4.76687175E-02  8.23441120E-01  0.00000000E+00  9.14260314E-02  2.07061435E-01
 -5.00000000E-01  2.02406500E+00 -1.37497779E+00 -4.73367478E-02  8.23529246E-01  0.00000000E+00  9.12527201E-02  2.07927766E-01
 -5.00000000E-01  2.02430000E+00 -1.37558644E+00 -4.70038248E-02  8.23617420E-01  0.00000000E+00  9.10809857E-02  2.08791736E-01
 -5.00000000E-01  2.02453500E+00 -1.37618937E+00 -4.66699574E-02  8.23705627E-01  0.00000000E+00  9.09108283E-02  2.09653244E-01
 -5.00000000E-01  2.02477000E+00 -1.37678661E+00 -4.63351543E-02  8.23793854E-01  0.00000000E+00  9.07422479E-02  2.10512190E-01
 -5.00000000E-01  2.02500500E+00 -1.37737815E+00 -4.59994243E-02  8.23882085E-01  0.00000000E+00  9.05752445E-02  2.11368474E-01
 -5.00000000E-01  2.02524000E+00 -1.37796401E+00 -4.56627762E-02  8.23970305E-01  0.00000000E+00  9.04098180E-02  2.12221994E-01
 -5.00000000E-01  2.02547500E+00 -1.37854420E+00 -4.53252188E-02  8.24058499E-01  0.00000000E+00  9.02459686E-02  2.13072650E-01
 -5.00000000E-01  2.02571000E+00 -1.37911873E+00 -4.49867608E-02  8.24146654E-01  0.00000000E+00  9.00836961E-02  2.13920343E-01
 -5.00000000E-01  2.02594500E+00 -1.37968760E+00 -4.46474111E-02  8.24234754E-01  0.00000000E+00  8.99230006E-02  2.14764971E-01
 -5.00000000E-01  2.02618000E+00 -1.38025082E+00 -4.43071784E-02  8.24322784E-01  0.00000000E+00  8.97638821E-02  2.15606433E-01
 -5.00000000E-01  2.02641500E+00 -1.38080840E+00 -4.39660716E-02  8.24410730E-01  0.00000000E+00  8.96063407E-02  2.16444630E-01
 -5.00000000E-01  2.02665000E+00 -1.38136036E+00 -4.36240993E-02  8.24498577E-01  0.00000000E+00  8.94503762E-02  2.17279460E-01
 -5.00000000E-01  2.02688500E+00 -1.38190670E+00 -4.32812704E-02  8.24586310E-01  0.00000000E+00  8.92959888E-02  2.18110824E-01
 -5.00000000E-01  2.02712000E+00 -1.38244742E+00 -4.29375936E-02  8.24673915E-01  0.00000000E+00  8.91431783E-02  2.18938620E-01
 -5.00000000E-01  2.02735500E+00 -1.38298255E+00 -4.25930778E-02  8.24761376E-01  0.00000000E+00  8.89919449E-02  2.19762749E-01
 -5.00000000E-01  2.02759000E+00 -1.38351208E+00 -4.22477317E-02  8.24848679E-01  0.00000000E+00  8.88422886E-02  2.20583109E-01
 -5.00000000E-01  2.02782500E+00 -1.38403602E+00 -4.19015641E-02  8.24935810E-01  0.00000000E+00  8.86942092E-02  2.21399600E-01
 -5.00000000E-01  2.02806000E+00 -1.38455439E+00 -4.15545838E-02  8.25022754E-01  0.00000000E+00  8.85477069E-02  2.22212122E-01
 -5.00000000E-01  2.02829500E+00 -1.38506719E+00 -4.12067996E-02  8.25109495E-01  0.00000000E+00  8.84027817E-02  2.23020574E-01
 -5.00000000E-01  2.02853000E+00 -1.38557444E+00 -4.08582202E-02  8.25196019E-01  0.00000000E+00  8.82594334E-02  2.23824856E-01
 -5.00000000E-01  2.02876500E+00 -1.38607614E+00 -4.05088545E-02  8.25282312E-01  0.00000000E+00  8.81176623E-02  2.24624867E-01
 -5.00000000E-01  2.02900000E+00 -1.38657229E+00 -4.01587112E-02  8.25368358E-01  0.00000000E+00  8.79774682E-02  2.25420506E-01
 -5.00000000E-01  2.02923500E+00 -1.38706292E+00 -3.98077990E-02  8.25454143E-01  0.00000000E+00  8.78388511E-02  2.26211673E-01
 -5.00000000E-01  2.02947000E+00 -1.38754802E+00 -3.94561269E-02  8.25539653E-01  0.00000000E+00  8.77018111E-02  2.26998268E-01
 -5.00000000E-01  2.02970500E+00 -1.38802761E+00 -3.91037035E-02  8.25624872E-01  0.00000000E+00  8.75663482E-02  2.27780190E-01
 -5.00000000E-01  2.02994000E+00 -1.38850169E+00 -3.87505377E-02  8.25709785E-01  0.00000000E+00  8.74324624E-02  2.28557338E-01
 -5.00000000E-01  2.03017500E+00 -1.38897028E+00 -3.83966382E-02  8.25794379E-01  0.00000000E+00  8.73001536E-02  2.29329612E-01
 -5.00000000E-01  2.03041000E+00 -1.38943338E+00 -3.80420138E-02  8.25878638E-01  0.00000000E+00  8.71694219E-02  2.30096911E-01
 -5.00000000E-01  2.03064500E+00 -1.38989101E+00 -3.76866732E-02  8.25962547E-01  0.00000000E+00  8.70402673E-02  2.30859136E-01
 -5.00000000E-01  2.03088000E+00 -1.39034316E+00 -3.73306254E-02  8.26046092E-01  0.00000000E+00  8.69126898E-02  2.31616184E-01
 -5.00000000E-01  2.03111500E+00 -1.39078986E+00 -3.69738790E-02  8.26129258E-01  0.00000000E+00  8.67866894E-02  2.32367957E-01
 -5.00000000E-01  2.03135000E+00 -1.39123110E+00 -3.66164429E-02  8.26212031E-01  0.00000000E+00  8.66622660E-02  2.33114353E-01
 -5.00000000E-01  2.03158500E+00 -1.39166690E+00 -3.62583258E-02  8.26294395E-01  0.00000000E+00  8.65394198E-02  2.33855272E-01
 -5.00000000E-01  2.03182000E+00 -1.39209727E+00 -3.58995365E-02  8.26376336E-01  0.00000000E+00  8.64181507E-02  2.34590613E-01
 -5.00000000E-01  2.03205500E+00 -1.39252221E+00 -3.55400838E-02  8.26457839E-01  0.00000000E+00  8.62984587E-02  2.35320276E-01
 -5.00000000E-01  2.03229000E+00 -1.39294174E+00 -3.51799764E-02  8.26538889E-01  0.00000000E+00  8.61803438E-02  2.36044160E-01
 -5.00000000E-01  2.03252500E+00 -1.39335586E+00 -3.48192232E-02  8.26619473E-01  0.00000000E+00  8.60638061E-02  2.36762165E-01
 -5.00000000E-01  2.03276000E+00 -1.39376458E+00 -3.44578330E-02  8.26699574E-01  0.00000000E+00  8.59488454E-02  2.37474190E-01
 -5.00000000E-01  2.03299500E+00 -1.39416791E+00 -3.40958144E-02  8.26779178E-01  0.00000000E+00  8.58354619E-02  2.38180135E-01
 -5.00000000E-01  2.03323000E+00 -1.39456586E+00 -3.37331764E-02  8.26858270E-01  0.00000000E+00  8.57236555E-02  2.38879899E-01
 -5.00000000E-01  2.03346500E+00 -1.39495844E+00 -3.33699276E-02  8.26936837E-01  0.00000000E+00  8.56134263E-02  2.39573381E-01
 -5.00000000E-01  2.03370000E+00 -1.39534566E+00 -3.30060769E-02  8.27014862E-01  0.00000000E+00  8.55047742E-02  2.40260482E-01
 -5.00000000E-01  2.03393500E+00 -1.39572752E+00 -3.26416331E-02  8.27092332E-01  0.00000000E+00  8.53976993E-02  2.40941100E-01
 -5.00000000E-01  2.03417000E+00 -1.39610395E+00 -3.22765883E-02  8.27169345E-01  0.00000000E+00  8.52921696E-02  2.41615881E-01
 -5.00000000E-01  2.03440500E+00 -1.39647502E+00 -3.19109615E-02  8.27245763E-01  0.00000000E+00  8.51881933E-02  2.42284052E-01
 -5.00000000E-01  2.03464000E+00 -1.39684079E+00 -3.15447673E-02  8.27321524E-01  0.00000000E+00  8.50857799E-02  2.42945216E-01
 -5.00000000E-01  2.03487500E+00 -1.39720125E+00 -3.11780142E-02  8.27396618E-01  0.00000000E+00  8.49849286E-02  2.43599298E-01
 -5.00000000E-01  2.03511000E+00 -1.39755642E+00 -3.08107104E-02  8.27471032E-01  0.00000000E+00  8.48856386E-02  2.44246221E-01
 -5.00000000E-01  2.03534500E+00 -1.39790630E+00 -3.04428643E-02  8.27544758E-01  0.00000000E+00  8.47879091E-02  2.44885910E-01
 -5.00000000E-01  2.03558000E+00 -1.39825089E+00 -3.00744842E-02  8.27617784E-01  0.00000000E+00  8.46917393E-02  2.45518290E-01
 -5.00000000E-01  2.03581500E+00 -1.39859021E+00 -2.97055784E-02  8.27690100E-01  0.00000000E+00  8.45971283E-02  2.46143283E-01
 -5.00000000E-01  2.03605000E+00 -1.39892425E+00 -2.93361553E-02  8.27761695E-01  0.00000000E+00  8.45040753E-02  2.46760815E-01
 -5.00000000E-01  2.03628500E+00 -1.39925302E+00 -2.89662233E-02  8.27832559E-01  0.00000000E+00  8.44125796E-02  2.47370809E-01
 -5.00000000E-01  2.03652000E+00 -1.39957653E+00 -2.85957906E-02  8.27902680E-01  0.00000000E+00  8.43226402E-02  2.47973190E-01
 -5.00000000E-01  2.03675500E+00 -1.39989479E+00 -2.82248655E-02  8.27972050E-01  0.00000000E+00  8.42342565E-02  2.48567882E-01
 -5.00000000E-01  2.03699000E+00 -1.40020779E+00 -2.78534565E-02  8.28040656E-01  0.00000000E+00  8.41474275E-02  2.49154809E-01
 -5.00000000E-01  2.03722500E+00 -1.40051555E+00 -2.74815718E-02  8.28108488E-01  0.00000000E+00  8.40621524E-02  2.49733895E-01
 -5.00000000E-01  2.03746000E+00 -1.40081807E+00 -2.71092198E-02  8.28175536E-01  0.00000000E+00  8.39784305E-02  2.50305065E-01
 -5.00000000E-01  2.03769500E+00 -1.40111536E+00 -2.67364088E-02  8.28241790E-01  0.00000000E+00  8.38962609E-02  2.50868243E-01
 -5.00000000E-01  2.03793000E+00 -1.40140742E+00 -2.63631472E-02  8.28307237E-01  0.00000000E+00  8.38156428E-02  2.51423352E-01
 -5.00000000E-01  2.03816500E+00 -1.40169426E+00 -2.59894432E-02  8.28371869E-01  0.00000000E+00  8.37365754E-02  2.51970318E-01
 -5.00000000E-01  2.03840000E+00 -1.40197588E+00 -2.56153053E-02  8.28435675E-01  0.00000000E+00  8.36590579E-02  2.52509063E-01
 -5.00000000E-01  2.03863500E+00 -1.40225230E+00 -2.52407417E-02  8.28498643E-01  0.00000000E+00  8.35830894E-02  2.53039514E-01
 -5.00000000E-01  2.03887000E+00 -1.40252351E+00 -2.48657607E-02  8.28560763E-01  0.00000000E+00  8.35086691E-02  2.53561593E-01
 -5.00000000E-01  2.03910500E+00 -1.40278952E+00 -2.44903708E-02  8.28622025E-01  0.00000000E+00  8.34357962E-02  2.54075224E-01
 -5.00000000E-01  2.03934000E+00 -1.40305033E+00 -2.41145802E-02  8.28682418E-01  0.00000000E+00  8.33644700E-02  2.54580333E-01
 -5.00000000E-01  2.03957500E+00 -1.40330596E+00 -2.37383973E-02  8.28741932E-01  0.00000000E+00  8.32946895E-02  2.55076843E-01
 -5.00000000E-01  2.03981000E+00 -1.40355641E+00 -2.33618304E-02  8.28800555E-01  0.00000000E+00  8.32264540E-02  2.55564678E-01
 -5.00000000E-01  2.04004500E+00 -1.40380169E+00 -2.29848879E-02  8.28858278E-01  0.00000000E+00  8.31597626E-02  2.56043763E-01
 -5.00000000E-01  2.04028000E+00 -1.40404179E+00 -2.26075780E-02  8.28915090E-01  0.00000000E+00  8.30946145E-02  2.56514022E-01
 -5.00000000E-01  2.04051500E+00 -1.40427673E+00 -2.22299091E-02  8.28970980E-01  0.00000000E+00  8.30310090E-02  2.56975379E-01
 -5.00000000E-01  2.04075000E+00 -1.40450651E+00 -2.18518896E-02  8.29025937E-01  0.00000000E+00  8.29689452E-02  2.57427758E-01
 -5.00000000E-01  2.04098500E+00 -1.40473114E+00 -2.14735278E-02  8.29079952E-01  0.00000000E+00  8.29084222E-02  2.57871083E-01
 -5.00000000E-01  2.04122000E+00 -1.40495062E+00 -2.10948319E-02  8.29133012E-01  0.00000000E+00  8.28494394E-02  2.58305278E-01
 -5.00000000E-01  2.04145500E+00 -1.40516496E+00 -2.07158104E-02  8.29185109E-01  0.00000000E+00  8.27919957E-02  2.58730269E-01
 -5.00000000E-01  2.04169000E+00 -1.40537416E+00 -2.03364716E-02  8.29236231E-01  0.00000000E+00  8.27360905E-02  2.59145978E-01
 -5.00000000E-01  2.04192500E+00 -1.40557824E+00 -1.99568238E-02  8.29286368E-01  0.00000000E+00  8.26817229E-02  2.59552330E-01
 -5.00000000E-01  2.04216000E+00 -1.40577719E+00 -1.95768753E-02  8.29335509E-01  0.00000000E+00  8.26288921E-02  2.59949250E-01
 -5.00000000E-01  2.04239500E+00 -1.40597102E+00 -1.91966345E-02  8.29383644E-01  0.00000000E+00  8.25775973E-02  2.60336661E-01
 -5.00000000E-01  2.04263000E+00 -1.40615974E+00 -1.88161097E-02  8.29430761E-01  0.00000000E+00  8.25278376E-02  2.60714488E-01
 -5.00000000E-01  2.04286500E+00 -1.40634336E+00 -1.84353093E-02  8.29476851E-01  0.00000000E+00  8.24796123E-02  2.61082655E-01
 -5.00000000E-01  2.04310000E+00 -1.40652187E+00 -1.80542415E-02  8.29521903E-01  0.00000000E+00  8.24329206E-02  2.61441085E-01
 -5.00000000E-01  2.04333500E+00 -1.40669529E+00 -1.76729148E-02  8.29565906E-01  0.00000000E+00  8.23877615E-02  2.61789704E-01
 -5.00000000E-01  2.04357000E+00 -1.40686362E+00 -1.72913373E-02  8.29608849E-01  0.00000000E+00  8.23441343E-02  2.62128435E-01
 -5.00000000E-01  2.04380500E+00 -1.40702686E+00 -1.69095176E-02  8.29650723E-01  0.00000000E+00  8.23020382E-02  2.62457203E-01
 -5.00000000E-01  2.04404000E+00 -1.40718503E+00 -1.65274639E-02  8.29691516E-01  0.00000000E+00  8.22614724E-02  2.62775932E-01
 -5.00000000E-01  2.04427500E+00 -1.40733812E+00 -1.61451845E-02  8.29731218E-01  0.00000000E+00  8.22224360E-02  2.63084546E-01
 -5.00000000E-01  2.04451000E+00 -1.40748615E+00 -1.57626877E-02  8.29769818E-01  0.00000000E+00  8.21849283E-02  2.63382968E-01
 -5.00000000E-01  2.04474500E+00 -1.40762912E+00 -1.53799820E-02  8.29807307E-01  0.00000000E+00  8.21489483E-02  2.63671125E-01
 -5.00000000E-01  2.04498000E+00 -1.40776703E+00 -1.49970756E-02  8.29843672E-01  0.00000000E+00  8.21144954E-02  2.63948938E-01
 -5.00000000E-01  2.04521500E+00 -1.40789990E+00 -1.46139769E-02  8.29878904E-01  0.00000000E+00  8.20815686E-02  2.64216334E-01
 -5.00000000E-01  2.04545000E+00 -1.40802772E+00 -1.42306942E-02  8.29912992E-01  0.00000000E+00  8.20501672E-02  2.64473235E-01
 -5.00000000E-01  2.04568500E+00 -1.40815050E+00 -1.38472359E-02  8.29945925E-01  0.00000000E+00  8.20202903E-02  2.64719567E-01
 -5.00000000E-01  2.04592000E+00 -1.40826825E+00 -1.34636102E-02  8.29977693E-01  0.00000000E+00  8.19919372E-02  2.64955252E-01
 -5.00000000E-01  2.04615500E+00 -1.40838097E+00 -1.30798255E-02  8.30008286E-01  0.00000000E+00  8.19651070E-02  2.65180217E-01
 -5.00000000E-01  2.04639000E+00 -1.40848861E+00 -1.26958887E-02  8.30037690E-01  0.00000000E+00  8.19398110E-02  2.65395355E-01
 -5.00000000E-01  2.04662500E+00 -1.40859103E+00 -1.23118039E-02  8.30065882E-01  0.00000000E+00  8.19160720E-02  2.65602633E-01
 -5.00000000E-01  2.04686000E+00 -1.40868845E+00 -1.19275826E-02  8.30092864E-01  0.00000000E+00  8.18938503E-02  2.65798955E-01
 -5.00000000E-01  2.04709500E+00 -1.40878085E+00 -1.15432330E-02  8.30118636E-01  0.00000000E+00  8.18731464E-02  2.65984333E-01
 -5.00000000E-01  2.04733000E+00 -1.40886825E+00 -1.11587633E-02  8.30143199E-01  0.00000000E+00  8.18539608E-02  2.66158780E-01
 -5.00000000E-01  2.04756500E+00 -1.40895064E+00 -1.07741816E-02  8.30166555E-01  0.00000000E+00  8.18362939E-02  2.66322308E-01
 -5.00000000E-01  2.04780000E+00 -1.40902801E+00 -1.03894962E-02  8.30188704E-01  0.00000000E+00  8.18201462E-02  2.66474928E-01
 -5.00000000E-01  2.04803500E+00 -1.40910038E+00 -1.00047151E-02  8.30209648E-01  0.00000000E+00  8.18055183E-02  2.66616654E-01
 -5.00000000E-01  2.04827000E+00 -1.40916773E+00 -9.61984657E-03  8.30229388E-01  0.00000000E+00  8.17924104E-02  2.66747496E-01
 -5.00000000E-01  2.04850500E+00 -1.40923007E+00 -9.23489873E-03  8.30247924E-01  0.00000000E+00  8.17808233E-02  2.66867467E-01
 -5.00000000E-01  2.04874000E+00 -1.40928740E+00 -8.84987974E-03  8.30265259E-01  0.00000000E+00  8.17707572E-02  2.66976579E-01
 -5.00000000E-01  2.04897500E+00 -1.40933971E+00 -8.46479776E-03  8.30281392E-01  0.00000000E+00  8.17622128E-02  2.67074844E-01
 -5.00000000E-01  2.04921000E+00 -1.40938701E+00 -8.07966096E-03  8.30296325E-01  0.00000000E+00  8.17551904E-02  2.67162274E-01
 -5.00000000E-01  2.04944500E+00 -1.40942929E+00 -7.69447749E-03  8.30310059E-01  0.00000000E+00  8.17496905E-02  2.67238882E-01
 -5.00000000E-01  2.04968000E+00 -1.40946656E+00 -7.30925553E-03  8.30322595E-01  0.00000000E+00  8.17457136E-02  2.67304679E-01
 -5.00000000E-01  2.04991500E+00 -1.40949881E+00 -6.92400322E-03  8.30333934E-01  0.00000000E+00  8.17432602E-02  2.67359677E-01
 -5.00000000E-01  2.05015000E+00 -1.40952604E+00 -6.53872874E-03  8.30344077E-01  0.00000000E+00  8.17423307E-02  2.67403889E-01
 -5.00000000E-01  2.05038500E+00 -1.40954825E+00 -6.15344023E-03  8.30353025E-01  0.00000000E+00  8.17429257E-02  2.67437327E-01
 -5.00000000E-01  2.05062000E+00 -1.40956545E+00 -5.76814587E-03  8.30360780E-01  0.00000000E+00  8.17450456E-02  2.67460002E-01
 -5.00000000E-01  2.05085500E+00 -1.40957762E+00 -5.38285381E-03  8.30367342E-01  0.00000000E+00  8.17486908E-02  2.67471927E-01
 -5.00000000E-01  2.05109000E+00 -1.40958477E+00 -4.99757221E-03  8.30372713E-01  0.00000000E+00  8.17538619E-02  2.67473114E-01
 -5.00000000E-01  2.05132500E+00 -1.40958690E+00 -4.61230925E-03  8.30376892E-01  0.00000000E+00  8.17605593E-02  2.67463574E-01
 -5.00000000E-01  2.05156000E+00 -1.40958401E+00 -4.22707306E-03  8.30379883E-01  0.00000000E+00  8.17687835E-02  2.67443321E-01
 -5.00000000E-01  2.05179500E+00 -1.40957610E+00 -3.84187183E-03  8.30381685E-01  0.00000000E+00  8.17785349E-02  2.67412366E-01
 -5.00000000E-01  2.05203000E+00 -1.40956316E+00 -3.45671370E-03  8.30382299E-01  0.00000000E+00  8.17898141E-02  2.67370721E-01
 -5.00000000E-01  2.05226500E+00 -1.40954520E+00 -3.07160685E-03  8.30381728E-01  0.00000000E+00  8.18026214E-02  2.67318398E-01
 -5.00000000E-01  2.05250000E+00 -1.40952221E+00 -2.68655942E-03  8.30379971E-01  0.00000000E+00  8.18169575E-02  2.67255410E-01
 -5.00000000E-01  2.05273500E+00 -1.40949420E+00 -2.30157959E-03  8.30377030E-01  0.00000000E+00  8.18328227E-02  2.67181767E-01
 -5.00000000E-01  2.05297000E+00 -1.40946116E+00 -1.91667551E-03  8.30372905E-01  0.00000000E+00  8.18502176E-02  2.67097484E-01
 -5.00000000E-01  2.05320500E+00 -1.40942309E+00 -1.53185535E-03  8.30367599E-01  0.00000000E+00  8.18691425E-02  2.67002571E-01
 -5.00000000E-01  2.05344000E+00 -1.40937999E+00 -1.14712726E-03  8.30361112E-01  0.00000000E+00  8.18895980E-02  2.66897041E-01
 -5.00000000E-01  2.05367500E+00 -1.40933187E+00 -7.62499405E-04  8.30353444E-01  0.00000000E+00  8.19115845E-02  2.66780905E-01
 -5.00000000E-01  2.05391000E+00 -1.40927872E+00 -3.77979950E-04  8.30344598E-01  0.00000000E+00  8.19351026E-02  2.66654176E-01
 -5.00000000E-01  2.05414500E+00 -1.40922053E+00  6.42294622E-06  8.30334574E-01  0.00000000E+00  8.19601527E-02  2.66516866E-01
 -5.00000000E-01  2.05438000E+00 -1.40915732E+00  3.90701123E-04  8.30323373E-01  0.00000000E+00  8.19867352E-02  2.66368987E-01
 -5.00000000E-01  2.05461500E+00 -1.40908907E+00  7.74846419E-04  8.30310997E-01  0.00000000E+00  8.20148506E-02  2.66210552E-01
 -5.00000000E-01  2.05485000E+00 -1.40901579E+00  1.15885067E-03  8.30297446E-01  0.00000000E+00  8.20444995E-02  2.66041571E-01
 -5.00000000E-01  2.05508500E+00 -1.40893748E+00  1.54270572E-03  8.30282721E-01  0.00000000E+00  8.20756823E-02  2.65862057E-01
 -5.00000000E-01  2.05532000E+00 -1.40885413E+00  1.92640341E-03  8.30266824E-01  0.00000000E+00  8.21083994E-02  2.65672023E-01
 -5.00000000E-01  2.05555500E+00 -1.40876575E+00  2.30993557E-03  8.30249755E-01  0.00000000E+00  8.21426513E-02  2.65471480E-01
 -5.00000000E-01  2.05579000E+00 -1.40867233E+00  2.69329405E-03  8.30231516E-01  0.00000000E+00  8.21784385E-02  2.65260441E-01
 -5.00000000E-01  2.05602500E+00 -1.40857388E+00  3.07647068E-03  8.30212108E-01  0.00000000E+00  8.22157616E-02  2.65038917E-01
 -5.00000000E-01  2.05626000E+00 -1.40847039E+00  3.45945730E-03  8.30191531E-01  0.00000000E+00  8.22546208E-02  2.64806921E-01
 -5.00000000E-01  2.05649500E+00 -1.40836186E+00  3.84224575E-03  8.30169787E-01  0.00000000E+00  8.22950168E-02  2.64564464E-01
 -5.00000000E-01  2.05673000E+00 -1.40824830E+00  4.22482787E-03  8.30146877E-01  0.00000000E+00  8.23369500E-02  2.64311560E-01
 -5.00000000E-01  2.05696500E+00 -1.40812969E+00  4.60719550E-03  8.30122802E-01  0.00000000E+00  8.23804208E-02  2.64048219E-01
 -5.00000000E-01  2.05720000E+00 -1.40800605E+00  4.98934047E-03  8.30097563E-01  0.00000000E+00  8.24254298E-02  2.63774454E-01
 -5.00000000E-01  2.05743500E+00 -1.40787736E+00  5.37125463E-03  8.30071160E-01  0.00000000E+00  8.24719774E-02  2.63490277E-01
 -5.00000000E-01  2.05767000E+00 -1.40774364E+00  5.75292982E-03  8.30043596E-01  0.00000000E+00  8.25200641E-02  2.63195700E-01
 -5.00000000E-01  2.05790500E+00 -1.40760487E+00  6.13435787E-03  8.30014871E-01  0.00000000E+00  8.25696903E-02  2.62890736E-01
 -5.00000000E-01  2.05814000E+00 -1.40746106E+00  6.51553062E-03  8.29984987E-01  0.00000000E+00  8.26208566E-02  2.62575396E-01
 -5.00000000E-01  2.05837500E+00 -1.40731220E+00  6.89643992E-03  8.29953943E-01  0.00000000E+00  8.26735633E-02  2.62249692E-01
 -5.00000000E-01  2.05861000E+00 -1.40715830E+00  7.27707760E-03  8.29921742E-01  0.00000000E+00  8.27278111E-02  2.61913636E-01
 -5.00000000E-01  2.05884500E+00 -1.40699916E+00  7.65741276E-03  8.29888415E-01  0.00000000E+00  8.27836309E-02  2.61569990E-01
 -5.00000000E-01  2.05908000E+00 -1.40683489E+00  8.03745412E-03  8.29854022E-01  0.00000000E+00  8.28410093E-02  2.61217110E-01
 -5.00000000E-01  2.05931500E+00 -1.40666555E+00  8.41720055E-03  8.29818575E-01  0.00000000E+00  8.28999391E-02  2.60854234E-01
 -5.00000000E-01  2.05955000E+00 -1.40649113E+00  8.79664347E-03  8.29782086E-01  0.00000000E+00  8.29604215E-02  2.60481454E-01
 -5.00000000E-01  2.05978500E+00 -1.40631163E+00  9.17577429E-03  8.29744567E-01  0.00000000E+00  8.30224581E-02  2.60098856E-01
 -5.00000000E-01  2.06002000E+00 -1.40612704E+00  9.55458443E-03  8.29706028E-01  0.00000000E+00  8.30860504E-02  2.59706531E-01
 -5.00000000E-01  2.06025500E+00 -1.40593736E+00  9.93306532E-03  8.29666482E-01  0.00000000E+00  8.31511998E-02  2.59304567E-01
 -5.00000000E-01  2.06049000E+00 -1.40574257E+00  1.03112084E-02  8.29625940E-01  0.00000000E+00  8.32179078E-02  2.58893054E-01
 -5.00000000E-01  2.06072500E+00 -1.40554267E+00  1.06890050E-02  8.29584415E-01  0.00000000E+00  8.32861758E-02  2.58472079E-01
 -5.00000000E-01  2.06096000E+00 -1.40533765E+00  1.10664466E-02  8.29541917E-01  0.00000000E+00  8.33560054E-02  2.58041734E-01
 -5.00000000E-01  2.06119500E+00 -1.40512751E+00  1.14435246E-02  8.29498458E-01  0.00000000E+00  8.34273978E-02  2.57602106E-01
 -5.00000000E-01  2.06143000E+00 -1.40491223E+00  1.18202305E-02  8.29454049E-01  0.00000000E+00  8.35003548E-02  2.57153284E-01
 -5.00000000E-01  2.06166500E+00 -1.40469182E+00  1.21965556E-02  8.29408704E-01  0.00000000E+00  8.35748776E-02  2.56695358E-01
 -5.00000000E-01  2.06190000E+00 -1.40446626E+00  1.25724914E-02  8.29362432E-01  0.00000000E+00  8.36509677E-02  2.56228416E-01
 -5.00000000E-01  2.06213500E+00 -1.40423555E+00  1.29480293E-02  8.29315247E-01  0.00000000E+00  8.37286267E-02  2.55752548E-01
 -5.00000000E-01  2.06237000E+00 -1.40399969E+00  1.33231607E-02  8.29267158E-01  0.00000000E+00  8.38078559E-02  2.55267843E-01
 -5.00000000E-01  2.06260500E+00 -1.40375865E+00  1.36978770E-02  8.29218179E-01  0.00000000E+00  8.38886569E-02  2.54774389E-01
 -5.00000000E-01  2.06284000E+00 -1.40351245E+00  1.40721696E-02  8.29168320E-01  0.00000000E+00  8.39710311E-02  2.54272276E-01
 -5.00000000E-01  2.06307500E+00 -1.40326106E+00  1.44460300E-02  8.29117594E-01  0.00000000E+00  8.40549799E-02  2.53761592E-01
 -5.00000000E-01  2.06331000E+00 -1.40300449E+00  1.48194496E-02  8.29066012E-01  0.00000000E+00  8.41405049E-02  2.53242427E-01
 -5.00000000E-01  2.06354500E+00 -1.40274272E+00  1.51924198E-02  8.29013585E-01  0.00000000E+00  8.42276074E-02  2.52714870E-01
 -5.00000000E-01  2.06378000E+00 -1.40247576E+00  1.55649320E-02  8.28960325E-01  0.00000000E+00  8.43162890E-02  2.52179010E-01
 -5.00000000E-01  2.06401500E+00 -1.40220358E+00  1.59369777E-02  8.28906245E-01  0.00000000E+00  8.44065511E-02  2.51634935E-01
 -5.00000000E-01  2.06425000E+00 -1.40192620E+00  1.63085481E-02  8.28851355E-01  0.00000000E+00  8.44983952E-02  2.51082735E-01
 -5.00000000E-01  2.06448500E+00 -1.40164359E+00  1.66796349E-02  8.28795667E-01  0.00000000E+00  8.45918227E-02  2.50522499E-01
 -5.00000000E-01  2.06472000E+00 -1.40135576E+00  1.70502294E-02  8.28739193E-01  0.00000000E+00  8.46868351E-02  2.49954316E-01
 -5.00000000E-01  2.06495500E+00 -1.40106269E+00  1.74203229E-02  8.28681944E-01  0.00000000E+00  8.47834339E-02  2.49378275E-01
 -5.00000000E-01  2.06519000E+00 -1.40076438E+00  1.77899070E-02  8.28623932E-01  0.00000000E+00  8.48816205E-02  2.48794465E-01
 -5.00000000E-01  2.06542500E+00 -1.40046082E+00  1.81589731E-02  8.28565169E-01  0.00000000E+00  8.49813963E-02  2.48202974E-01
 -5.00000000E-01  2.06566000E+00 -1.40015200E+00  1.85275125E-02  8.28505667E-01  0.00000000E+00  8.50827630E-02  2.47603893E-01
 -5.00000000E-01  2.06589500E+00 -1.39983793E+00  1.88955167E-02  8.28445436E-01  0.00000000E+00  8.51857218E-02  2.46997309E-01
 -5.00000000E-01  2.06613000E+00 -1.39951858E+00  1.92629770E-02  8.28384489E-01  0.00000000E+00  8.52902742E-02  2.46383313E-01
 -5.00000000E-01  2.06636500E+00 -1.39919396E+00  1.96298850E-02  8.28322838E-01  0.00000000E+00  8.53964219E-02  2.45761993E-01
 -5.00000000E-01  2.06660000E+00 -1.39886406E+00  1.99962321E-02  8.28260493E-01  0.00000000E+00  8.55041661E-02  2.45133437E-01
 -5.00000000E-01  2.06683500E+00 -1.39852886E+00  2.03620096E-02  8.28197467E-01  0.00000000E+00  8.56135083E-02  2.44497736E-01
 -5.00000000E-01  2.06707000E+00 -1.39818838E+00  2.07272090E-02  8.28133771E-01  0.00000000E+00  8.57244501E-02  2.43854978E-01
 -5.00000000E-01  2.06730500E+00 -1.39784258E+00  2.10918216E-02  8.28069417E-01  0.00000000E+00  8.58369928E-02  2.43205252E-01
 -5.00000000E-01  2.06754000E+00 -1.39749148E+00  2.14558390E-02  8.28004416E-01  0.00000000E+00  8.59511380E-02  2.42548647E-01
 -5.00000000E-01  2.06777500E+00 -1.39713506E+00  2.18192525E-02  8.27938781E-01  0.00000000E+00  8.60668871E-02  2.41885253E-01
 -5.00000000E-01  2.06801000E+00 -1.39677332E+00  2.21820535E-02  8.27872522E-01  0.00000000E+00  8.61842416E-02  2.41215157E-01
 -5.00000000E-01  2.06824500E+00 -1.39640624E+00  2.25442336E-02  8.27805651E-01  0.00000000E+00  8.63032029E-02  2.40538450E-01
 -5.00000000E-01  2.06848000E+00 -1.39603383E+00  2.29057840E-02  8.27738181E-01  0.00000000E+00  8.64237724E-02  2.39855221E-01
 -5.00000000E-01  2.06871500E+00 -1.39565608E+00  2.32666962E-02  8.27670122E-01  0.00000000E+00  8.65459517E-02  2.39165557E-01
 -5.00000000E-01  2.06895000E+00 -1.39527297E+00  2.36269616E-02  8.27601487E-01  0.00000000E+00  8.66697423E-02  2.38469549E-01
 -5.00000000E-01  2.06918500E+00 -1.39488450E+00  2.39865716E-02  8.27532286E-01  0.00000000E+00  8.67951455E-02  2.37767285E-01
 -5.00000000E-01  2.06942000E+00 -1.39449067E+00  2.43455178E-02  8.27462533E-01  0.00000000E+00  8.69221628E-02  2.37058854E-01
 -5.00000000E-01  2.06965500E+00 -1.39409147E+00  2.47037914E-02  8.27392237E-01  0.00000000E+00  8.70507958E-02  2.36344346E-01
 -5.00000000E-01  2.06989000E+00 -1.39368689E+00  2.50613839E-02  8.27321411E-01  0.00000000E+00  8.71810458E-02  2.35623850E-01
 -5.00000000E-01  2.07012500E+00 -1.39327692E+00  2.54182867E-02  8.27250067E-01  0.00000000E+00  8.73129143E-02  2.34897454E-01
 -5.00000000E-01  2.07036000E+00 -1.39286156E+00  2.57744912E-02  8.27178216E-01  0.00000000E+00  8.74464028E-02  2.34165247E-01
 -5.00000000E-01  2.07059500E+00 -1.39244080E+00  2.61299889E-02  8.27105869E-01  0.00000000E+00  8.75815128E-02  2.33427319E-01
 -5.00000000E-01  2.07083000E+00 -1.39201463E+00  2.64847711E-02  8.27033039E-01  0.00000000E+00  8.77182456E-02  2.32683758E-01
 -5.00000000E-01  2.07106500E+00 -1.39158302E+00  2.68388183E-02  8.26959798E-01  0.00000000E+00  8.78565820E-02  2.31934750E-01
 -5.00000000E-01  2.07130000E+00 -1.39114589E+00  2.71921034E-02  8.26886321E-01  0.00000000E+00  8.79964982E-02  2.31180697E-01
 -5.00000000E-01  2.07153500E+00 -1.39070331E+00  2.75446459E-02  8.26812504E-01  0.00000000E+00  8.81380544E-02  2.30421534E-01
 -5.00000000E-01  2.07177000E+00 -1.39025526E+00  2.78964365E-02  8.26738359E-01  0.00000000E+00  8.82812501E-02  2.29657356E-01
 -5.00000000E-01  2.07200500E+00 -1.38980174E+00  2.82474662E-02  8.26663902E-01  0.00000000E+00  8.84260852E-02  2.28888257E-01
 -5.00000000E-01  2.07224000E+00 -1.38934274E+00  2.85977259E-02  8.26589146E-01  0.00000000E+00  8.85725596E-02  2.28114335E-01
 -5.00000000E-01  2.07247500E+00 -1.38887824E+00  2.89472063E-02  8.26514105E-01  0.00000000E+00  8.87206731E-02  2.27335685E-01
 -5.00000000E-01  2.07271000E+00 -1.38840825E+00  2.92958984E-02  8.26438795E-01  0.00000000E+00  8.88704253E-02  2.26552402E-01
 -5.00000000E-01  2.07294500E+00 -1.38793275E+00  2.96437931E-02  8.26363228E-01  0.00000000E+00  8.90218162E-02  2.25764581E-01
 -5.00000000E-01  2.07318000E+00 -1.38745172E+00  2.99908812E-02  8.26287418E-01  0.00000000E+00  8.91748455E-02  2.24972318E-01
 -5.00000000E-01  2.07341500E+00 -1.38696517E+00  3.03371535E-02  8.26211381E-01  0.00000000E+00  8.93295130E-02  2.24175710E-01
 -5.00000000E-01  2.07365000E+00 -1.38647308E+00  3.06826010E-02  8.26135130E-01  0.00000000E+00  8.94858186E-02  2.23374850E-01
 -5.00000000E-01  2.07388500E+00 -1.38597544E+00  3.10272145E-02  8.26058679E-01  0.00000000E+00  8.96437620E-02  2.22569836E-01
 -5.00000000E-01  2.07412000E+00 -1.38547225E+00  3.13709849E-02  8.25982043E-01  0.00000000E+00  8.98033431E-02  2.21760762E-01
 -5.00000000E-01  2.07435500E+00 -1.38496349E+00  3.17139030E-02  8.25905235E-01  0.00000000E+00  8.99645616E-02  2.20947724E-01
 -5.00000000E-01  2.07459000E+00 -1.38444915E+00  3.20559597E-02  8.25828271E-01  0.00000000E+00  9.01274173E-02  2.20130817E-01
 -5.00000000E-01  2.07482500E+00 -1.38392923E+00  3.23971459E-02  8.25751162E-01  0.00000000E+00  9.02919100E-02  2.19310138E-01
 -5.00000000E-01  2.07506000E+00 -1.38340371E+00  3.27374525E-02  8.25673925E-01  0.00000000E+00  9.04580396E-02  2.18485781E-01
 -5.00000000E-01  2.07529500E+00 -1.38287259E+00  3.30768702E-02  8.25596574E-01  0.00000000E+00  9.06258058E-02  2.17657843E-01
 -5.00000000E-01  2.07553000E+00 -1.38233586E+00  3.34153900E-02  8.25519121E-01  0.00000000E+00  9.07952085E-02  2.16826418E-01
 -5.00000000E-01  2.07576500E+00 -1.38179351E+00  3.37530028E-02  8.25441582E-01  0.00000000E+00  9.09662474E-02  2.15991603E-01
 -5.00000000E-01  2.07600000E+00 -1.38124552E+00  3.40896993E-02  8.25363970E-01  0.00000000E+00  9.11389223E-02  2.15153492E-01
 -5.00000000E-01  2.07623500E+00 -1.38069189E+00  3.44254705E-02  8.25286300E-01  0.00000000E+00  9.13132331E-02  2.14312182E-01
 -5.00000000E-01  2.07647000E+00 -1.38013261E+00  3.47603073E-02  8.25208586E-01  0.00000000E+00  9.14891795E-02  2.13467769E-01
 -5.00000000E-01  2.07670500E+00 -1.37956767E+00  3.50942005E-02  8.25130842E-01  0.00000000E+00  9.16667614E-02  2.12620346E-01
 -5.00000000E-01  2.07694000E+00 -1.37899706E+00  3.54271409E-02  8.25053082E-01  0.00000000E+00  9.18459785E-02  2.11770011E-01
 -5.00000000E-01  2.07717500E+00 -1.37842078E+00  3.57591195E-02  8.24975320E-01  0.00000000E+00  9.20268306E-02  2.10916859E-01
 -5.00000000E-01  2.07741000E+00 -1.37783880E+00  3.60901271E-02  8.24897570E-01  0.00000000E+00  9.22093176E-02  2.10060985E-01
 -5.00000000E-01  2.07764500E+00 -1.37725113E+00  3.64201546E-02  8.24819848E-01  0.00000000E+00  9.23934392E-02  2.09202484E-01
 -5.00000000E-01  2.07788000E+00 -1.37665775E+00  3.67491928E-02  8.24742165E-01  0.00000000E+00  9.25791952E-02  2.08341453E-01
 -5.00000000E-01  2.07811500E+00 -1.37605866E+00  3.70772326E-02  8.24664538E-01  0.00000000E+00  9.27665855E-02  2.07477987E-01
 -5.00000000E-01  2.07835000E+00 -1.37545383E+00  3.74042649E-02  8.24586979E-01  0.00000000E+00  9.29556099E-02  2.06612182E-01
 -5.00000000E-01  2.07858500E+00 -1.37484328E+00  3.77302805E-02  8.24509504E-01  0.00000000E+00  9.31462680E-02  2.05744132E-01
 -5.00000000E-01  2.07882000E+00 -1.37422698E+00  3.80552704E-02  8.24432126E-01  0.00000000E+00  9.33385599E-02  2.04873934E-01
 -5.00000000E-01  2.07905500E+00 -1.37360493E+00  3.83792253E-02  8.24354859E-01  0.00000000E+00  9.35324851E-02  2.04001683E-01
 -5.00000000E-01  2.07929000E+00 -1.37297711E+00  3.87021361E-02  8.24277718E-01  0.00000000E+00  9.37280437E-02  2.03127475E-01
 -5.00000000E-01  2.07952500E+00 -1.37234352E+00  3.90239937E-02  8.24200716E-01  0.00000000E+00  9.39252352E-02  2.02251406E-01
 -5.00000000E-01  2.07976000E+00 -1.37170415E+00  3.93447891E-02  8.24123868E-01  0.00000000E+00  9.41240596E-02  2.01373570E-01
 -5.00000000E-01  2.07999500E+00 -1.37105899E+00  3.96645129E-02  8.24047188E-01  0.00000000E+00  9.43245167E-02  2.00494063E-01
 -5.00000000E-01  2.08023000E+00 -1.37040802E+00  3.99831562E-02  8.23970690E-01  0.00000000E+00  9.45266062E-02  1.99612982E-01
 -5.00000000E-01  2.08046500E+00 -1.36975125E+00  4.03007097E-02  8.23894388E-01  0.00000000E+00  9.47303279E-02  1.98730420E-01
 -5.00000000E-01  2.08070000E+00 -1.36908866E+00  4.06171644E-02  8.23818297E-01  0.00000000E+00  9.49356817E-02  1.97846475E-01
 -5.00000000E-01  2.08093500E+00 -1.36842024E+00  4.09325111E-02  8.23742430E-01  0.00000000E+00  9.51426674E-02  1.96961242E-01
 -5.00000000E-01  2.08117000E+00 -1.36774598E+00  4.12467406E-02  8.23666801E-01  0.00000000E+00  9.53512847E-02  1.96074816E-01
 -5.00000000E-01  2.08140500E+00 -1.36706587E+00  4.15598439E-02  8.23591426E-01  0.00000000E+00  9.55615334E-02  1.95187292E-01
 -5.00000000E-01  2.08164000E+00 -1.36637991E+00  4.18718118E-02  8.23516317E-01  0.00000000E+00  9.57734134E-02  1.94298767E-01
 -5.00000000E-01  2.08187500E+00 -1.36568808E+00  4.21826352E-02  8.23441489E-01  0.00000000E+00  9.59869245E-02  1.93409336E-01
 -5.00000000E-01  2.08211000E+00 -1.36499038E+00  4.24923049E-02  8.23366957E-01  0.00000000E+00  9.62020664E-02  1.92519094E-01
 -5.00000000E-01  2.08234500E+00 -1.36428679E+00  4.28008118E-02  8.23292733E-01  0.00000000E+00  9.64188389E-02  1.91628137E-01
 -5.00000000E-01  2.08258000E+00 -1.36357731E+00  4.31081468E-02  8.23218833E-01  0.00000000E+00  9.66372419E-02  1.90736561E-01
 -5.00000000E-01  2.08281500E+00 -1.36286192E+00  4.34143007E-02  8.23145271E-01  0.00000000E+00  9.68572752E-02  1.89844460E-01
 -5.00000000E-01  2.08305000E+00 -1.36214062E+00  4.37192644E-02  8.23072060E-01  0.00000000E+00  9.70789385E-02  1.88951932E-01
 -5.00000000E-01  2.08328500E+00 -1.36141340E+00  4.40230288E-02  8.22999216E-01  0.00000000E+00  9.73022317E-02  1.88059070E-01
 -5.00000000E-01  2.08352000E+00 -1.36068028E+00  4.43255743E-02  8.22926880E-01  0.00000000E+00  9.75269786E-02  1.87164491E-01
 -5.00000000E-01  2.08375500E+00 -1.35994123E+00  4.46268979E-02  8.22855005E-01  0.00000000E+00  9.77533169E-02  1.86269410E-01
 -5.00000000E-01  2.08399000E+00 -1.35919621E+00  4.49269928E-02  8.22783571E-01  0.00000000E+00  9.79812881E-02  1.85374270E-01
 -5.00000000E-01  2.08422500E+00 -1.35844522E+00  4.52258498E-02  8.22712586E-01  0.00000000E+00  9.82108870E-02  1.84479123E-01
 -5.00000000E-01  2.08446000E+00 -1.35768824E+00  4.55234597E-02  8.22642063E-01  0.00000000E+00  9.84421085E-02  1.83584024E-01
 -5.00000000E-01  2.08469500E+00 -1.35692529E+00  4.58198134E-02  8.22572009E-01  0.00000000E+00  9.86749471E-02  1.82689025E-01
 -5.00000000E-01  2.08493000E+00 -1.35615634E+00  4.61149016E-02  8.22502436E-01  0.00000000E+00  9.89093978E-02  1.81794181E-01
 -5.00000000E-01  2.08516500E+00 -1.35538138E+00  4.64087152E-02  8.22433353E-01  0.00000000E+00  9.91454553E-02  1.80899545E-01
 -5.00000000E-01  2.08540000E+00 -1.35460042E+00  4.67012448E-02  8.22364770E-01  0.00000000E+00  9.93831144E-02  1.80005170E-01
 -5.00000000E-01  2.08563500E+00 -1.35381343E+00  4.69924814E-02  8.22296698E-01  0.00000000E+00  9.96223698E-02  1.79111110E-01
 -5.00000000E-01  2.08587000E+00 -1.35302042E+00  4.72824158E-02  8.22229146E-01  0.00000000E+00  9.98632164E-02  1.78217418E-01
 -5.00000000E-01  2.08610500E+00 -1.35222138E+00  4.75710386E-02  8.22162124E-01  0.00000000E+00  1.00105649E-01  1.77324148E-01
 -5.00000000E-01  2.08634000E+00 -1.35141630E+00  4.78583408E-02  8.22095642E-01  0.00000000E+00  1.00349662E-01  1.76431353E-01
 -5.00000000E-01  2.08657500E+00 -1.35060516E+00  4.81443131E-02  8.22029711E-01  0.00000000E+00  1.00595251E-01  1.75539088E-01
 -5.00000000E-01  2.08681000E+00 -1.34978797E+00  4.84289464E-02  8.21964339E-01  0.00000000E+00  1.00842410E-01  1.74647404E-01
 -5.00000000E-01  2.08704500E+00 -1.34896471E+00  4.87122313E-02  8.21899537E-01  0.00000000E+00  1.01091133E-01  1.73756357E-01
 -5.00000000E-01  2.08728000E+00 -1.34813538E+00  4.89941588E-02  8.21835316E-01  0.00000000E+00  1.01341417E-01  1.72865998E-01
 -5.00000000E-01  2.08751500E+00 -1.34729997E+00  4.92747196E-02  8.21771684E-01  0.00000000E+00  1.01593255E-01  1.71976383E-01
 -5.00000000E-01  2.08775000E+00 -1.34645847E+00  4.95539046E-02  8.21708653E-01  0.00000000E+00  1.01846643E-01  1.71087564E-01
 -5.00000000E-01  2.08798500E+00 -1.34561088E+00  4.98317044E-02  8.21646231E-01  0.00000000E+00  1.02101575E-01  1.70199595E-01
 -5.00000000E-01  2.08822000E+00 -1.34475718E+00  5.01081100E-02  8.21584429E-01  0.00000000E+00  1.02358045E-01  1.69312529E-01
 -5.00000000E-01  2.08845500E+00 -1.34389737E+00  5.03831121E-02  8.21523257E-01  0.00000000E+00  1.02616050E-01  1.68426420E-01
 -5.00000000E-01  2.08869000E+00 -1.34303143E+00  5.06567016E-02  8.21462725E-01  0.00000000E+00  1.02875582E-01  1.67541321E-01
 -5.00000000E-01  2.08892500E+00 -1.34215937E+00  5.09288691E-02  8.21402843E-01  0.00000000E+00  1.03136638E-01  1.66657287E-01
 -5.00000000E-01  2.08916000E+00 -1.34128117E+00  5.11996056E-02  8.21343620E-01  0.00000000E+00  1.03399212E-01  1.65774369E-01
 -5.00000000E-01  2.08939500E+00 -1.34039683E+00  5.14689018E-02  8.21285067E-01  0.00000000E+00  1.03663299E-01  1.64892623E-01
 -5.00000000E-01  2.08963000E+00 -1.33950634E+00  5.17367485E-02  8.21227194E-01  0.00000000E+00  1.03928893E-01  1.64012100E-01
 -5.00000000E-01  2.08986500E+00 -1.33860969E+00  5.20031365E-02  8.21170010E-01  0.00000000E+00  1.04195990E-01  1.63132856E-01
 -5.00000000E-01  2.09010000E+00 -1.33770687E+00  5.22680566E-02  8.21113526E-01  0.00000000E+00  1.04464584E-01  1.62254943E-01
 -5.00000000E-01  2.09033500E+00 -1.33679788E+00  5.25314997E-02  8.21057752E-01  0.00000000E+00  1.04734669E-01  1.61378415E-01
 -5.00000000E-01  2.09057000E+00 -1.33588270E+00  5.27934564E-02  8.21002697E-01  0.00000000E+00  1.05006242E-01  1.60503325E-01
 -5.00000000E-01  2.09080500E+00 -1.33496133E+00  5.30539177E-02  8.20948372E-01  0.00000000E+00  1.05279295E-01  1.59629727E-01
 -5.00000000E-01  2.09104000E+00 -1.33403377E+00  5.33128743E-02  8.20894786E-01  0.00000000E+00  1.05553825E-01  1.58757674E-01
 -5.00000000E-01  2.09127500E+00 -1.33309999E+00  5.35703170E-02  8.20841950E-01  0.00000000E+00  1.05829826E-01  1.57887220E-01
 -5.00000000E-01  2.09151000E+00 -1.33216001E+00  5.38262366E-02  8.20789873E-01  0.00000000E+00  1.06107293E-01  1.57018419E-01
 -5.00000000E-01  2.09174500E+00 -1.33121380E+00  5.40806240E-02  8.20738566E-01  0.00000000E+00  1.06386220E-01  1.56151323E-01
 -5.00000000E-01  2.09198000E+00 -1.33026136E+00  5.43334698E-02  8.20688038E-01  0.00000000E+00  1.06666603E-01  1.55285987E-01
 -5.00000000E-01  2.09221500E+00 -1.32930268E+00  5.45847649E-02  8.20638299E-01  0.00000000E+00  1.06948435E-01  1.54422464E-01
 -5.00000000E-01  2.09245000E+00 -1.32833776E+00  5.48345002E-02  8.20589360E-01  0.00000000E+00  1.07231713E-01  1.53560807E-01
 -5.00000000E-01  2.09268500E+00 -1.32736658E+00  5.50826664E-02  8.20541230E-01  0.00000000E+00  1.07516430E-01  1.52701070E-01
 -5.00000000E-01  2.09292000E+00 -1.32638915E+00  5.53292543E-02  8.20493919E-01  0.00000000E+00  1.07802582E-01  1.51843306E-01
 -5.00000000E-01  2.09315500E+00 -1.32540544E+00  5.55742546E-02  8.20447437E-01  0.00000000E+00  1.08090162E-01  1.50987569E-01
 -5.00000000E-01  2.09339000E+00 -1.32441546E+00  5.58176583E-02  8.20401795E-01  0.00000000E+00  1.08379167E-01  1.50133912E-01
 -5.00000000E-01  2.09362500E+00 -1.32341919E+00  5.60594561E-02  8.20357001E-01  0.00000000E+00  1.08669591E-01  1.49282390E-01
 -5.00000000E-01  2.09386000E+00 -1.32241663E+00  5.62996388E-02  8.20313067E-01  0.00000000E+00  1.08961428E-01  1.48433054E-01
 -5.00000000E-01  2.09409500E+00 -1.32140776E+00  5.65381972E-02  8.20270002E-01  0.00000000E+00  1.09254673E-01  1.47585960E-01
 -5.00000000E-01  2.09433000E+00 -1.32039259E+00  5.67751221E-02  8.20227816E-01  0.00000000E+00  1.09549321E-01  1.46741160E-01
 -5.00000000E-01  2.09456500E+00 -1.31937111E+00  5.70104044E-02  8.20186519E-01  0.00000000E+00  1.09845368E-01  1.45898707E-01
 -5.00000000E-01  2.09480000E+00 -1.31834329E+00  5.72440347E-02  8.20146120E-01  0.00000000E+00  1.10142806E-01  1.45058656E-01
 -5.00000000E-01  2.09503500E+00 -1.31730915E+00  5.74760039E-02  8.20106631E-01  0.00000000E+00  1.10441633E-01  1.44221060E-01
 -5.00000000E-01  2.09527000E+00 -1.31626867E+00  5.77063028E-02  8.20068061E-01  0.00000000E+00  1.10741841E-01  1.43385972E-01
 -5.00000000E-01  2.09550500E+00 -1.31522184E+00  5.79349222E-02  8.20030420E-01  0.00000000E+00  1.11043427E-01  1.42553447E-01
 -5.00000000E-01  2.09574000E+00 -1.31416869E+00  5.81618644E-02  8.19993811E-01  0.00000000E+00  1.11346279E-01  1.41722960E-01
 -5.00000000E-01  2.09597500E+00 -1.31310926E+00  5.83871328E-02  8.19958310E-01  0.00000000E+00  1.11650270E-01  1.40893806E-01
 -5.00000000E-01  2.09621000E+00 -1.31204346E+00  5.86106927E-02  8.19923694E-01  0.00000000E+00  1.11955620E-01  1.40067241E-01
 -5.00000000E-01  2.09644500E+00 -1.31097129E+00  5.88325353E-02  8.19889969E-01  0.00000000E+00  1.12262316E-01  1.39243280E-01
 -5.00000000E-01  2.09668000E+00 -1.30989275E+00  5.90526520E-02  8.19857144E-01  0.00000000E+00  1.12570345E-01  1.38421936E-01
 -5.00000000E-01  2.09691500E+00 -1.30880782E+00  5.92710339E-02  8.19825226E-01  0.00000000E+00  1.12879696E-01  1.37603221E-01
 -5.00000000E-01  2.09715000E+00 -1.30771651E+00  5.94876723E-02  8.19794222E-01  0.00000000E+00  1.13190356E-01  1.36787148E-01
 -5.00000000E-01  2.09738500E+00 -1.30661880E+00  5.97025583E-02  8.19764140E-01  0.00000000E+00  1.13502311E-01  1.35973731E-01
 -5.00000000E-01  2.09762000E+00 -1.30551469E+00  5.99156833E-02  8.19734986E-01  0.00000000E+00  1.13815550E-01  1.35162983E-01
 -5.00000000E-01  2.09785500E+00 -1.30440418E+00  6.01270385E-02  8.19706770E-01  0.00000000E+00  1.14130060E-01  1.34354917E-01
 -5.00000000E-01  2.09809000E+00 -1.30328726E+00  6.03366150E-02  8.19679497E-01  0.00000000E+00  1.14445829E-01  1.33549545E-01
 -5.00000000E-01  2.09832500E+00 -1.30216393E+00  6.05444042E-02  8.19653176E-01  0.00000000E+00  1.14762843E-01  1.32746882E-01
 -5.00000000E-01  2.09856000E+00 -1.30103419E+00  6.07503972E-02  8.19627813E-01  0.00000000E+00  1.15081091E-01  1.31946940E-01
 -5.00000000E-01  2.09879500E+00 -1.29989801E+00  6.09545853E-02  8.19603417E-01  0.00000000E+00  1.15400559E-01  1.31149732E-01
 -5.00000000E-01  2.09903000E+00 -1.29875541E+00  6.11569597E-02  8.19579994E-01  0.00000000E+00  1.15721236E-01  1.30355272E-01
 -5.00000000E-01  2.09926500E+00 -1.29760638E+00  6.13575116E-02  8.19557553E-01  0.00000000E+00  1.16043109E-01  1.29563572E-01
 -5.00000000E-01  2.09950000E+00 -1.29645091E+00  6.15562324E-02  8.19536100E-01  0.00000000E+00  1.16366164E-01  1.28774646E-01
 -5.00000000E-01  2.09973500E+00 -1.29528899E+00  6.17531131E-02  8.19515643E-01  0.00000000E+00  1.16690390E-01  1.27988507E-01
 -5.00000000E-01  2.09997000E+00 -1.29412062E+00  6.19481451E-02  8.19496190E-01  0.00000000E+00  1.17015774E-01  1.27205168E-01
 -5.00000000E-01  2.10020500E+00 -1.29294581E+00  6.21413195E-02  8.19477747E-01  0.00000000E+00  1.17342304E-01  1.26424641E-01
 -5.00000000E-01  2.10044000E+00 -1.29176453E+00  6.23326277E-02  8.19460323E-01  0.00000000E+00  1.17669967E-01  1.25646940E-01
 -5.00000000E-01  2.10067500E+00 -1.29057678E+00  6.25220608E-02  8.19443925E-01  0.00000000E+00  1.17998750E-01  1.24872079E-01
 -5.00000000E-01  2.10091000E+00 -1.28938257E+00  6.27096101E-02  8.19428559E-01  0.00000000E+00  1.18328640E-01  1.24100070E-01
 -5.00000000E-01  2.10114500E+00 -1.28818188E+00  6.28952667E-02  8.19414235E-01  0.00000000E+00  1.18659626E-01  1.23330926E-01
 -5.00000000E-01  2.10138000E+00 -1.28697472E+00  6.30790220E-02  8.19400958E-01  0.00000000E+00  1.18991695E-01  1.22564661E-01
 -5.00000000E-01  2.10161500E+00 -1.28576107E+00  6.32608672E-02  8.19388737E-01  0.00000000E+00  1.19324834E-01  1.21801288E-01
 -5.00000000E-01  2.10185000E+00 -1.28454093E+00  6.34407934E-02  8.19377578E-01  0.00000000E+00  1.19659031E-01  1.21040819E-01
 -5.00000000E-01  2.10208500E+00 -1.28331429E+00  6.36187920E-02  8.19367490E-01  0.00000000E+00  1.19994272E-01  1.20283268E-01
 -5.00000000E-01  2.10232000E+00 -1.28208115E+00  6.37948541E-02  8.19358480E-01  0.00000000E+00  1.20330547E-01  1.19528648E-01
 -5.00000000E-01  2.10255500E+00 -1.28084151E+00  6.39689710E-02  8.19350555E-01  0.00000000E+00  1.20667841E-01  1.18776972E-01
 -5.00000000E-01  2.10279000E+00 -1.27959536E+00  6.41411340E-02  8.19343723E-01  0.00000000E+00  1.21006142E-01  1.18028253E-01
 -5.00000000E-01  2.10302500E+00 -1.27834269E+00  6.43113342E-02  8.19337990E-01  0.00000000E+00  1.21345439E-01  1.17282504E-01
 -5.00000000E-01  2.10326000E+00 -1.27708351E+00  6.44795628E-02  8.19333366E-01  0.00000000E+00  1.21685717E-01  1.16539739E-01
 -5.00000000E-01  2.10349500E+00 -1.27581779E+00  6.46458112E-02  8.19329856E-01  0.00000000E+00  1.22026966E-01  1.15799970E-01
 -5.00000000E-01  2.10373000E+00 -1.27454555E+00  6.48100705E-02  8.19327468E-01  0.00000000E+00  1.22369172E-01  1.15063211E-01
 -5.00000000E-01  2.10396500E+00 -1.27326677E+00  6.49723321E-02  8.19326210E-01  0.00000000E+00  1.22712322E-01  1.14329474E-01
 -5.00000000E-01  2.10420000E+00 -1.27198145E+00  6.51325870E-02  8.19326090E-01  0.00000000E+00  1.23056405E-01  1.13598773E-01
 -5.00000000E-01  2.10443500E+00 -1.27068959E+00  6.52908265E-02  8.19327114E-01  0.00000000E+00  1.23401407E-01  1.12871121E-01
 -5.00000000E-01  2.10467000E+00 -1.26939117E+00  6.54470419E-02  8.19329290E-01  0.00000000E+00  1.23747316E-01  1.12146531E-01
 -5.00000000E-01  2.10490500E+00 -1.26808619E+00  6.56012245E-02  8.19332626E-01  0.00000000E+00  1.24094119E-01  1.11425016E-01
 -5.00000000E-01  2.10514000E+00 -1.26677466E+00  6.57533653E-02  8.19337128E-01  0.00000000E+00  1.24441805E-01  1.10706590E-01
 -5.00000000E-01  2.10537500E+00 -1.26545656E+00  6.59034558E-02  8.19342805E-01  0.00000000E+00  1.24790360E-01  1.09991264E-01
 -5.00000000E-01  2.10561000E+00 -1.26413188E+00  6.60514870E-02  8.19349664E-01  0.00000000E+00  1.25139771E-01  1.09279053E-01
 -5.00000000E-01  2.10584500E+00 -1.26280063E+00  6.61974502E-02  8.19357712E-01  0.00000000E+00  1.25490027E-01  1.08569970E-01
 -5.00000000E-01  2.10608000E+00 -1.26146280E+00  6.63413368E-02  8.19366957E-01  0.00000000E+00  1.25841115E-01  1.07864027E-01
 -5.00000000E-01  2.10631500E+00 -1.26011838E+00  6.64831378E-02  8.19377406E-01  0.00000000E+00  1.26193022E-01  1.07161238E-01
 -5.00000000E-01  2.10655000E+00 -1.25876737E+00  6.66228445E-02  8.19389066E-01  0.00000000E+00  1.26545735E-01  1.06461616E-01
 -5.00000000E-01  2.10678500E+00 -1.25740977E+00  6.67604482E-02  8.19401946E-01  0.00000000E+00  1.26899242E-01  1.05765174E-01
 -5.00000000E-01  2.10702000E+00 -1.25604555E+00  6.68959401E-02  8.19416052E-01  0.00000000E+00  1.27253531E-01  1.05071925E-01
 -5.00000000E-01  2.10725500E+00 -1.25467474E+00  6.70293113E-02  8.19431391E-01  0.00000000E+00  1.27608589E-01  1.04381882E-01
 -5.00000000E-01  2.10749000E+00 -1.25329731E+00  6.71605533E-02  8.19447973E-01  0.00000000E+00  1.27964404E-01  1.03695059E-01
 -5.00000000E-01  2.10772500E+00 -1.25191326E+00  6.72896571E-02  8.19465802E-01  0.00000000E+00  1.28320962E-01  1.03011467E-01
 -5.00000000E-01  2.10796000E+00 -1.25052259E+00  6.74166140E-02  8.19484888E-01  0.00000000E+00  1.28678251E-01  1.02331122E-01
 -5.00000000E-01  2.10819500E+00 -1.24912537E+00  6.75410970E-02  8.19498805E-01  0.00000000E+00  1.29035910E-01  1.01653251E-01
 -5.00000000E-01  2.10843000E+00 -1.24772154E+00  6.76633833E-02  8.19513236E-01  0.00000000E+00  1.29394205E-01  1.00978400E-01
 -5.00000000E-01  2.10866500E+00 -1.24631107E+00  6.77835302E-02  8.19529519E-01  0.00000000E+00  1.29753188E-01  1.00306716E-01
 -5.00000000E-01  2.10890000E+00 -1.24489396E+00  6.79015263E-02  8.19547619E-01  0.00000000E+00  1.30112837E-01  9.96381927E-02
 -5.00000000E-01  2.10913500E+00 -1.24347021E+00  6.80173603E-02  8.19567502E-01  0.00000000E+00  1.30473129E-01  9.89728236E-02
 -5.00000000E-01  2.10937000E+00 -1.24203981E+00  6.81310208E-02  8.19589132E-01  0.00000000E+00  1.30834045E-01  9.83106029E-02
 -5.00000000E-01  2.10960500E+00 -1.24060277E+00  6.82424964E-02  8.19612474E-01  0.00000000E+00  1.31195560E-01  9.76515245E-02
 -5.00000000E-01  2.10984000E+00 -1.23915907E+00  6.83517758E-02  8.19637493E-01  0.00000000E+00  1.31557655E-01  9.69955822E-02
 -5.00000000E-01  2.11007500E+00 -1.23770872E+00  6.84588477E-02  8.19664155E-01  0.00000000E+00  1.31920306E-01  9.63427700E-02
 -5.00000000E-01  2.11031000E+00 -1.23625171E+00  6.85637007E-02  8.19692423E-01  0.00000000E+00  1.32283493E-01  9.56930817E-02
 -5.00000000E-01  2.11054500E+00 -1.23478805E+00  6.86663234E-02  8.19722264E-01  0.00000000E+00  1.32647194E-01  9.50465113E-02
 -5.00000000E-01  2.11078000E+00 -1.23331771E+00  6.87667046E-02  8.19753642E-01  0.00000000E+00  1.33011386E-01  9.44030525E-02
 -5.00000000E-01  2.11101500E+00 -1.23184072E+00  6.88648328E-02  8.19786521E-01  0.00000000E+00  1.33376049E-01  9.37626994E-02
 -5.00000000E-01  2.11125000E+00 -1.23035705E+00  6.89606967E-02  8.19820868E-01  0.00000000E+00  1.33741160E-01  9.31254459E-02
 -5.00000000E-01  2.11148500E+00 -1.22886671E+00  6.90542850E-02  8.19856646E-01  0.00000000E+00  1.34106698E-01  9.24912857E-02
 -5.00000000E-01  2.11172000E+00 -1.22736969E+00  6.91455863E-02  8.19893821E-01  0.00000000E+00  1.34472641E-01  9.18602128E-02
 -5.00000000E-01  2.11195500E+00 -1.22586599E+00  6.92345892E-02  8.19932359E-01  0.00000000E+00  1.34838967E-01  9.12322211E-02
 -5.00000000E-01  2.11219000E+00 -1.22435561E+00  6.93212825E-02  8.19972223E-01  0.00000000E+00  1.35205655E-01  9.06073045E-02
 -5.00000000E-01  2.11242500E+00 -1.22283855E+00  6.94056547E-02  8.20013378E-01  0.00000000E+00  1.35572682E-01  8.99854568E-02
 -5.00000000E-01  2.11266000E+00 -1.22131480E+00  6.94876946E-02  8.20055791E-01  0.00000000E+00  1.35940027E-01  8.93666721E-02
 -5.00000000E-01  2.11289500E+00 -1.21978436E+00  6.95673907E-02  8.20099425E-01  0.00000000E+00  1.36307669E-01  8.87509440E-02
 -5.00000000E-01  2.11313000E+00 -1.21824722E+00  6.96447317E-02  8.20144246E-01  0.00000000E+00  1.36675585E-01  8.81382666E-02
 -5.00000000E-01  2.11336500E+00 -1.21670339E+00  6.97197063E-02  8.20190218E-01  0.00000000E+00  1.37043755E-01  8.75286338E-02
 -5.00000000E-01  2.11360000E+00 -1.21515285E+00  6.97923031E-02  8.20237307E-01  0.00000000E+00  1.37412155E-01  8.69220394E-02
 -5.00000000E-01  2.11383500E+00 -1.21359561E+00  6.98625107E-02  8.20285478E-01  0.00000000E+00  1.37780764E-01  8.63184773E-02
 -5.00000000E-01  2.11407000E+00 -1.21203167E+00  6.99303179E-02  8.20334695E-01  0.00000000E+00  1.38149562E-01  8.57179414E-02
 -5.00000000E-01  2.11430500E+00 -1.21046101E+00  6.99957132E-02  8.20384923E-01  0.00000000E+00  1.38518525E-01  8.51204256E-02
 -5.00000000E-01  2.11454000E+00 -1.20888365E+00  7.00586854E-02  8.20436128E-01  0.00000000E+00  1.38887632E-01  8.45259238E-02
 -5.00000000E-01  2.11477500E+00 -1.20729956E+00  7.01192230E-02  8.20488274E-01  0.00000000E+00  1.39256862E-01  8.39344299E-02
 -5.00000000E-01  2.11501000E+00 -1.20570876E+00  7.01773148E-02  8.20541327E-01  0.00000000E+00  1.39626193E-01  8.33459378E-02
 -5.00000000E-01  2.11524500E+00 -1.20411123E+00  7.02329493E-02  8.20595251E-01  0.00000000E+00  1.39995602E-01  8.27604414E-02
 -5.00000000E-01  2.11548000E+00 -1.20250699E+00  7.02861152E-02  8.20650011E-01  0.00000000E+00  1.40365069E-01  8.21779345E-02
 -5.00000000E-01  2.11571500E+00 -1.20089601E+00  7.03368012E-02  8.20705572E-01  0.00000000E+00  1.40734571E-01  8.15984110E-02
 -5.00000000E-01  2.11595000E+00 -1.19927830E+00  7.03849960E-02  8.20761900E-01  0.00000000E+00  1.41104087E-01  8.10218650E-02
 -5.00000000E-01  2.11618500E+00 -1.19765386E+00  7.04306881E-02  8.20818959E-01  0.00000000E+00  1.41473595E-01  8.04482901E-02
 -5.00000000E-01  2.11642000E+00 -1.19602267E+00  7.04738662E-02  8.20876714E-01  0.00000000E+00  1.41843074E-01  7.98776804E-02
 -5.00000000E-01  2.11665500E+00 -1.19438475E+00  7.05145190E-02  8.20935130E-01  0.00000000E+00  1.42212501E-01  7.93100297E-02
 -5.00000000E-01  2.11689000E+00 -1.19274009E+00  7.05526351E-02  8.20994172E-01  0.00000000E+00  1.42581854E-01  7.87453320E-02
 -5.00000000E-01  2.11712500E+00 -1.19108868E+00  7.05882032E-02  8.21053805E-01  0.00000000E+00  1.42951113E-01  7.81835810E-02
 -5.00000000E-01  2.11736000E+00 -1.18943052E+00  7.06212119E-02  8.21113994E-01  0.00000000E+00  1.43320256E-01  7.76247707E-02
 -5.00000000E-01  2.11759500E+00 -1.18776560E+00  7.06516499E-02  8.21174704E-01  0.00000000E+00  1.43689260E-01  7.70688951E-02
 -5.00000000E-01  2.11783000E+00 -1.18609393E+00  7.06795058E-02  8.21235900E-01  0.00000000E+00  1.44058103E-01  7.65159479E-02
 -5.00000000E-01  2.11806500E+00 -1.18441550E+00  7.07047683E-02  8.21297546E-01  0.00000000E+00  1.44426765E-01  7.59659230E-02
 -5.00000000E-01  2.11830000E+00 -1.18273031E+00  7.07274260E-02  8.21359609E-01  0.00000000E+00  1.44795224E-01  7.54188145E-02
 -5.00000000E-01  2.11853500E+00 -1.18103836E+00  7.07474676E-02  8.21422052E-01  0.00000000E+00  1.45163457E-01  7.48746161E-02
 -5.00000000E-01  2.11877000E+00 -1.17933964E+00  7.07648818E-02  8.21484841E-01  0.00000000E+00  1.45531443E-01  7.43333217E-02
 -5.00000000E-01  2.11900500E+00 -1.17763414E+00  7.07796571E-02  8.21547941E-01  0.00000000E+00  1.45899161E-01  7.37949253E-02
 -5.00000000E-01  2.11924000E+00 -1.17592187E+00  7.07917822E-02  8.21611317E-01  0.00000000E+00  1.46266588E-01  7.32594208E-02
 -5.00000000E-01  2.11947500E+00 -1.17420282E+00  7.08012458E-02  8.21674933E-01  0.00000000E+00  1.46633702E-01  7.27268019E-02
 -5.00000000E-01  2.11971000E+00 -1.17247700E+00  7.08080366E-02  8.21738754E-01  0.00000000E+00  1.47000483E-01  7.21970627E-02
 -5.00000000E-01  2.11994500E+00 -1.17074439E+00  7.08121431E-02  8.21802747E-01  0.00000000E+00  1.47366908E-01  7.16701970E-02
 -5.00000000E-01  2.12018000E+00 -1.16900499E+00  7.08135540E-02  8.21866874E-01  0.00000000E+00  1.47732956E-01  7.11461986E-02
 -5.00000000E-01  2.12041500E+00 -1.16725910E+00  7.08134064E-02  8.21953101E-01  0.00000000E+00  1.48098507E-01  7.06249535E-02
 -5.00000000E-01  2.12065000E+00 -1.16550692E+00  7.08124985E-02  8.22077387E-01  0.00000000E+00  1.48463428E-01  7.01063426E-02
 -5.00000000E-01  2.12088500E+00 -1.16374784E+00  7.08085786E-02  8.22197040E-01  0.00000000E+00  1.48827857E-01  6.95905493E-02
 -5.00000000E-01  2.12112000E+00 -1.16198188E+00  7.08016501E-02  8.22312347E-01  0.00000000E+00  1.49191764E-01  6.90775617E-02
 -5.00000000E-01  2.12135500E+00 -1.16020905E+00  7.07917165E-02  8.22423593E-01  0.00000000E+00  1.49555118E-01  6.85673676E-02
 -5.00000000E-01  2.12159000E+00 -1.15842936E+00  7.07787813E-02  8.22531063E-01  0.00000000E+00  1.49917889E-01  6.80599550E-02
 -5.00000000E-01  2.12182500E+00 -1.15664280E+00  7.07628481E-02  8.22635042E-01  0.00000000E+00  1.50280045E-01  6.75553119E-02
 -5.00000000E-01  2.12206000E+00 -1.15484940E+00  7.07439203E-02  8.22735816E-01  0.00000000E+00  1.50641557E-01  6.70534261E-02
 -5.00000000E-01  2.12229500E+00 -1.15304916E+00  7.07220014E-02  8.22833671E-01  0.00000000E+00  1.51002394E-01  6.65542857E-02
 -5.00000000E-01  2.12253000E+00 -1.15124208E+00  7.06970948E-02  8.22928891E-01  0.00000000E+00  1.51362524E-01  6.60578786E-02
 -5.00000000E-01  2.12276500E+00 -1.14942818E+00  7.06692042E-02  8.23021762E-01  0.00000000E+00  1.51721917E-01  6.55641928E-02
 -5.00000000E-01  2.12300000E+00 -1.14760747E+00  7.06383328E-02  8.23112569E-01  0.00000000E+00  1.52080543E-01  6.50732162E-02
 -5.00000000E-01  2.12323500E+00 -1.14577995E+00  7.06044844E-02  8.23201599E-01  0.00000000E+00  1.52438371E-01  6.45849367E-02
 -5.00000000E-01  2.12347000E+00 -1.14394563E+00  7.05676622E-02  8.23289135E-01  0.00000000E+00  1.52795371E-01  6.40993423E-02
 -5.00000000E-01  2.12370500E+00 -1.14210452E+00  7.05278699E-02  8.23375464E-01  0.00000000E+00  1.53151511E-01  6.36164210E-02
 -5.00000000E-01  2.12394000E+00 -1.14025663E+00  7.04851110E-02  8.23460871E-01  0.00000000E+00  1.53506760E-01  6.31361607E-02
 -5.00000000E-01  2.12417500E+00 -1.13840197E+00  7.04393888E-02  8.23545641E-01  0.00000000E+00  1.53861090E-01  6.26585493E-02
 -5.00000000E-01  2.12441000E+00 -1.13654054E+00  7.03907069E-02  8.23630059E-01  0.00000000E+00  1.54214467E-01  6.21835748E-02
 -5.00000000E-01  2.12464500E+00 -1.13467236E+00  7.03390688E-02  8.23714411E-01  0.00000000E+00  1.54566863E-01  6.17112252E-02
 -5.00000000E-01  2.12488000E+00 -1.13279742E+00  7.02844780E-02  8.23798983E-01  0.00000000E+00  1.54918246E-01  6.12414884E-02
 -5.00000000E-01  2.12511500E+00 -1.13091575E+00  7.02269379E-02  8.23884060E-01  0.00000000E+00  1.55268586E-01  6.07743523E-02
 -5.00000000E-01  2.12535000E+00 -1.12902735E+00  7.01664521E-02  8.23969926E-01  0.00000000E+00  1.55617852E-01  6.03098049E-02
 -5.00000000E-01  2.12558500E+00 -1.12713222E+00  7.01030240E-02  8.24056868E-01  0.00000000E+00  1.55966013E-01  5.98478342E-02
 -5.00000000E-01  2.12582000E+00 -1.12523038E+00  7.00366571E-02  8.24145171E-01  0.00000000E+00  1.56313038E-01  5.93884281E-02
 -5.00000000E-01  2.12605500E+00 -1.12332183E+00  6.99673550E-02  8.24235120E-01  0.00000000E+00  1.56658898E-01  5.89315745E-02
 -5.00000000E-01  2.12629000E+00 -1.12140658E+00  6.98951211E-02  8.24327001E-01  0.00000000E+00  1.57003561E-01  5.84772614E-02
 -5.00000000E-01  2.12652500E+00 -1.11948465E+00  6.98199588E-02  8.24421098E-01  0.00000000E+00  1.57346997E-01  5.80254768E-02
 -5.00000000E-01  2.12676000E+00 -1.11755603E+00  6.97418718E-02  8.24517698E-01  0.00000000E+00  1.57689175E-01  5.75762086E-02
 -5.00000000E-01  2.12699500E+00 -1.11562074E+00  6.96608634E-02  8.24617085E-01  0.00000000E+00  1.58030065E-01  5.71294447E-02
 -5.00000000E-01  2.12723000E+00 -1.11367879E+00  6.95769372E-02  8.24719546E-01  0.00000000E+00  1.58369635E-01  5.66851732E-02
 -5.00000000E-01  2.12746500E+00 -1.11173018E+00  6.94900966E-02  8.24825364E-01  0.00000000E+00  1.58707855E-01  5.62433819E-02
 -5.00000000E-01  2.12770000E+00 -1.10977492E+00  6.94003452E-02  8.24934827E-01  0.00000000E+00  1.59044694E-01  5.58040587E-02
 -5.00000000E-01  2.12793500E+00 -1.10781302E+00  6.93076864E-02  8.25048219E-01  0.00000000E+00  1.59380123E-01  5.53671918E-02
 -5.00000000E-01  2.12817000E+00 -1.10584450E+00  6.92121237E-02  8.25165825E-01  0.00000000E+00  1.59714109E-01  5.49327689E-02
 -5.00000000E-01  2.12840500E+00 -1.10386934E+00  6.91136607E-02  8.25287931E-01  0.00000000E+00  1.60046623E-01  5.45007781E-02
 -5.00000000E-01  2.12864000E+00 -1.10188758E+00  6.90123007E-02  8.25414822E-01  0.00000000E+00  1.60377634E-01  5.40712073E-02
 -5.00000000E-01  2.12887500E+00 -1.09989921E+00  6.89080473E-02  8.25546784E-01  0.00000000E+00  1.60707111E-01  5.36440444E-02
 -5.00000000E-01  2.12911000E+00 -1.09790424E+00  6.88009040E-02  8.25684102E-01  0.00000000E+00  1.61035023E-01  5.32192774E-02
 -5.00000000E-01  2.12934500E+00 -1.09590269E+00  6.86908742E-02  8.25827062E-01  0.00000000E+00  1.61361340E-01  5.27968943E-02
 -5.00000000E-01  2.12958000E+00 -1.09389455E+00  6.85779615E-02  8.25975948E-01  0.00000000E+00  1.61686032E-01  5.23768830E-02
 -5.00000000E-01  2.12981500E+00 -1.09187984E+00  6.84621693E-02  8.26131046E-01  0.00000000E+00  1.62009067E-01  5.19592314E-02
 -5.00000000E-01  2.13005000E+00 -1.08985856E+00  6.83435012E-02  8.26292642E-01  0.00000000E+00  1.62330414E-01  5.15439275E-02
 -5.00000000E-01  2.13028500E+00 -1.08783073E+00  6.82219606E-02  8.26461020E-01  0.00000000E+00  1.62650044E-01  5.11309593E-02
 -5.00000000E-01  2.13052000E+00 -1.08579636E+00  6.80975510E-02  8.26636467E-01  0.00000000E+00  1.62967926E-01  5.07203147E-02
 -5.00000000E-01  2.13075500E+00 -1.08375544E+00  6.79702758E-02  8.26819267E-01  0.00000000E+00  1.63284028E-01  5.03119816E-02
 -5.00000000E-01  2.13099000E+00 -1.08170800E+00  6.78401387E-02  8.27009706E-01  0.00000000E+00  1.63598320E-01  4.99059480E-02
 -5.00000000E-01  2.13122500E+00 -1.07965403E+00  6.77071431E-02  8.27208070E-01  0.00000000E+00  1.63910772E-01  4.95022018E-02
 -5.00000000E-01  2.13146000E+00 -1.07759355E+00  6.75712924E-02  8.27414643E-01  0.00000000E+00  1.64221353E-01  4.91007311E-02
 -5.00000000E-01  2.13169500E+00 -1.07552656E+00  6.74325901E-02  8.27629711E-01  0.00000000E+00  1.64530033E-01  4.87015237E-02
 -5.00000000E-01  2.13193000E+00 -1.07345307E+00  6.72910398E-02  8.27853560E-01  0.00000000E+00  1.64836779E-01  4.83045676E-02
 -5.00000000E-01  2.13216500E+00 -1.07137310E+00  6.71466450E-02  8.28086474E-01  0.00000000E+00  1.65141563E-01  4.79098508E-02
 -5.00000000E-01  2.13240000E+00 -1.06928665E+00  6.69994090E-02  8.28328740E-01  0.00000000E+00  1.65444353E-01  4.75173611E-02
 -5.00000000E-01  2.13263500E+00 -1.06719372E+00  6.68493355E-02  8.28580642E-01  0.00000000E+00  1.65745119E-01  4.71270866E-02
 -5.00000000E-01  2.13287000E+00 -1.06509431E+00  6.66695812E-02  8.28436231E-01  0.00000000E+00  1.66050891E-01  4.67388506E-02
 -5.00000000E-01  2.13310500E+00 -1.06298835E+00  6.64849368E-02  8.28268811E-01  0.00000000E+00  1.66354162E-01  4.63527709E-02
 -5.00000000E-01  2.13334000E+00 -1.06087588E+00  6.62995801E-02  8.28142011E-01  0.00000000E+00  1.66653830E-01  4.59688516E-02
 -5.00000000E-01  2.13357500E+00 -1.05875696E+00  6.61133469E-02  8.28053929E-01  0.00000000E+00  1.66950006E-01  4.55870713E-02
 -5.00000000E-01  2.13381000E+00 -1.05663166E+00  6.59260731E-02  8.28002658E-01  0.00000000E+00  1.67242804E-01  4.52074088E-02
 -5.00000000E-01  2.13404500E+00 -1.05450002E+00  6.57375946E-02  8.27986295E-01  0.00000000E+00  1.67532334E-01  4.48298427E-02
 -5.00000000E-01  2.13428000E+00 -1.05236212E+00  6.55477474E-02  8.28002934E-01  0.00000000E+00  1.67818711E-01  4.44543518E-02
 -5.00000000E-01  2.13451500E+00 -1.05021800E+00  6.53563674E-02  8.28050671E-01  0.00000000E+00  1.68102046E-01  4.40809147E-02
 -5.00000000E-01  2.13475000E+00 -1.04806774E+00  6.51632903E-02  8.28127602E-01  0.00000000E+00  1.68382452E-01  4.37095101E-02
 -5.00000000E-01  2.13498500E+00 -1.04591137E+00  6.49683522E-02  8.28231821E-01  0.00000000E+00  1.68660041E-01  4.33401168E-02
 -5.00000000E-01  2.13522000E+00 -1.04374897E+00  6.47713890E-02  8.28361425E-01  0.00000000E+00  1.68934925E-01  4.29727133E-02
 -5.00000000E-01  2.13545500E+00 -1.04158060E+00  6.45722364E-02  8.28514508E-01  0.00000000E+00  1.69207218E-01  4.26072784E-02
 -5.00000000E-01  2.13569000E+00 -1.03940630E+00  6.43707306E-02  8.28689166E-01  0.00000000E+00  1.69477031E-01  4.22437908E-02
 -5.00000000E-01  2.13592500E+00 -1.03722614E+00  6.41667072E-02  8.28883494E-01  0.00000000E+00  1.69744477E-01  4.18822291E-02
 -5.00000000E-01  2.13616000E+00 -1.03504018E+00  6.39600023E-02  8.29095588E-01  0.00000000E+00  1.70009669E-01  4.15225721E-02
 -5.00000000E-01  2.13639500E+00 -1.03284848E+00  6.37504518E-02  8.29323543E-01  0.00000000E+00  1.70272719E-01  4.11647984E-02
 -5.00000000E-01  2.13663000E+00 -1.03065109E+00  6.35378915E-02  8.29565454E-01  0.00000000E+00  1.70533739E-01  4.08088868E-02
 -5.00000000E-01  2.13686500E+00 -1.02844807E+00  6.33221573E-02  8.29819417E-01  0.00000000E+00  1.70792841E-01  4.04548159E-02
 -5.00000000E-01  2.13710000E+00 -1.02623949E+00  6.31030852E-02  8.30083527E-01  0.00000000E+00  1.71050139E-01  4.01025644E-02
 -5.00000000E-01  2.13733500E+00 -1.02402539E+00  6.28805111E-02  8.30355880E-01  0.00000000E+00  1.71305744E-01  3.97521110E-02
 -5.00000000E-01  2.13757000E+00 -1.02180585E+00  6.26542708E-02  8.30634570E-01  0.00000000E+00  1.71559770E-01  3.94034343E-02
 -5.00000000E-01  2.13780500E+00 -1.01958091E+00  6.24242002E-02  8.30917694E-01  0.00000000E+00  1.71812328E-01  3.90565132E-02
 -5.00000000E-01  2.13804000E+00 -1.01735063E+00  6.21901353E-02  8.31203346E-01  0.00000000E+00  1.72063531E-01  3.87113262E-02
 -5.00000000E-01  2.13827500E+00 -1.01511508E+00  6.19519120E-02  8.31489622E-01  0.00000000E+00  1.72313491E-01  3.83678521E-02
 -5.00000000E-01  2.13851000E+00 -1.01287431E+00  6.17093661E-02  8.31774618E-01  0.00000000E+00  1.72562321E-01  3.80260695E-02
 -5.00000000E-01  2.13874500E+00 -1.01062839E+00  6.14623336E-02  8.32056428E-01  0.00000000E+00  1.72810134E-01  3.76859571E-02
 -5.00000000E-01  2.13898000E+00 -1.00837736E+00  6.12106503E-02  8.32333148E-01  0.00000000E+00  1.73057041E-01  3.73474937E-02
 -5.00000000E-01  2.13921500E+00 -1.00612129E+00  6.09541522E-02  8.32602874E-01  0.00000000E+00  1.73303155E-01  3.70106579E-02
 -5.00000000E-01  2.13945000E+00 -1.00386024E+00  6.06926751E-02  8.32863700E-01  0.00000000E+00  1.73548589E-01  3.66754283E-02
 -5.00000000E-01  2.13968500E+00 -1.00159426E+00  6.04260551E-02  8.33113723E-01  0.00000000E+00  1.73793455E-01  3.63417838E-02
 -5.00000000E-01  2.13992000E+00 -9.99323415E-01  6.01541278E-02  8.33351037E-01  0.00000000E+00  1.74037865E-01  3.60097029E-02
 -5.00000000E-01  2.14015500E+00 -9.97047762E-01  5.98767294E-02  8.33573738E-01  0.00000000E+00  1.74281933E-01  3.56791644E-02
 -5.00000000E-01  2.14039000E+00 -9.94767359E-01  5.95936956E-02  8.33779921E-01  0.00000000E+00  1.74525769E-01  3.53501470E-02
 -5.00000000E-01  2.14062500E+00 -9.92482265E-01  5.93048624E-02  8.33967682E-01  0.00000000E+00  1.74769488E-01  3.50226293E-02
 -5.00000000E-01  2.14086000E+00 -9.90192538E-01  5.90100656E-02  8.34135116E-01  0.00000000E+00  1.75013201E-01  3.46965901E-02
 -5.00000000E-01  2.14109500E+00 -9.87898237E-01  5.87091412E-02  8.34280319E-01  0.00000000E+00  1.75257020E-01  3.43720079E-02
 -5.00000000E-01  2.14133000E+00 -9.85599420E-01  5.84019251E-02  8.34401385E-01  0.00000000E+00  1.75501059E-01  3.40488616E-02
 -5.00000000E-01  2.14156500E+00 -9.83296146E-01  5.80882532E-02  8.34496410E-01  0.00000000E+00  1.75745429E-01  3.37271298E-02
 -5.00000000E-01  2.14180000E+00 -9.80988473E-01  5.77679613E-02  8.34563490E-01  0.00000000E+00  1.75990243E-01  3.34067912E-02
 -5.00000000E-01  2.14203500E+00 -9.78676459E-01  5.74408855E-02  8.34600719E-01  0.00000000E+00  1.76235613E-01  3.30878244E-02
 -5.00000000E-01  2.14227000E+00 -9.76360164E-01  5.71068614E-02  8.34606194E-01  0.00000000E+00  1.76481653E-01  3.27702083E-02
 -5.00000000E-01  2.14250500E+00 -9.74039646E-01  5.67657252E-02  8.34578009E-01  0.00000000E+00  1.76728473E-01  3.24539213E-02
 -5.00000000E-01  2.14274000E+00 -9.71714962E-01  5.64173127E-02  8.34514261E-01  0.00000000E+00  1.76976188E-01  3.21389424E-02
 -5.00000000E-01  2.14297500E+00 -9.69386172E-01  5.60614597E-02  8.34413043E-01  0.00000000E+00  1.77224908E-01  3.18252501E-02
 -5.00000000E-01  2.14321000E+00 -9.67053335E-01  5.56980022E-02  8.34272453E-01  0.00000000E+00  1.77474748E-01  3.15128231E-02
 -5.00000000E-01  2.14344500E+00 -9.64716508E-01  5.53267761E-02  8.34090584E-01  0.00000000E+00  1.77725818E-01  3.12016401E-02
 -5.00000000E-01  2.14368000E+00 -9.62375750E-01  5.49476173E-02  8.33865533E-01  0.00000000E+00  1.77978232E-01  3.08916798E-02
 -5.00000000E-01  2.14391500E+00 -9.60031119E-01  5.45603616E-02  8.33595395E-01  0.00000000E+00  1.78232102E-01  3.05829209E-02
 -5.00000000E-01  2.14415000E+00 -9.57682675E-01  5.41648451E-02  8.33278265E-01  0.00000000E+00  1.78487540E-01  3.02753421E-02
 -5.00000000E-01  2.14438500E+00 -9.55330475E-01  5.37609035E-02  8.32912238E-01  0.00000000E+00  1.78744659E-01  2.99689221E-02
 -5.00000000E-01  2.14462000E+00 -9.52974578E-01  5.33483728E-02  8.32495410E-01  0.00000000E+00  1.79003572E-01  2.96636395E-02
 -5.00000000E-01  2.14485500E+00 -9.50615042E-01  5.29270889E-02  8.32025877E-01  0.00000000E+00  1.79264390E-01  2.93594731E-02
 -5.00000000E-01  2.14509000E+00 -9.48270530E-01  5.25634566E-02  8.32432309E-01  0.00000000E+00  1.79558721E-01  2.90571056E-02
 -5.00000000E-01  2.14532500E+00 -9.45949162E-01  5.22915525E-02  8.34189157E-01  0.00000000E+00  1.79897833E-01  2.87564432E-02
 -5.00000000E-01  2.14556000E+00 -9.43620029E-01  5.20015013E-02  8.35761840E-01  0.00000000E+00  1.80229213E-01  2.84561610E-02
 -5.00000000E-01  2.14579500E+00 -9.41283796E-01  5.16936575E-02  8.37158244E-01  0.00000000E+00  1.80555144E-01  2.81563072E-02
 -5.00000000E-01  2.14603000E+00 -9.38941127E-01  5.13683757E-02  8.38386253E-01  0.00000000E+00  1.80877914E-01  2.78569301E-02
 -5.00000000E-01  2.14626500E+00 -9.36592684E-01  5.10260102E-02  8.39453753E-01  0.00000000E+00  1.81199806E-01  2.75580777E-02
 -5.00000000E-01  2.14650000E+00 -9.34239133E-01  5.06669155E-02  8.40368628E-01  0.00000000E+00  1.81523107E-01  2.72597983E-02
 -5.00000000E-01  2.14673500E+00 -9.31881138E-01  5.02914463E-02  8.41138762E-01  0.00000000E+00  1.81850100E-01  2.69621400E-02
 -5.00000000E-01  2.14697000E+00 -9.29519361E-01  4.98999569E-02  8.41772042E-01  0.00000000E+00  1.82183072E-01  2.66651511E-02
 -5.00000000E-01  2.14720500E+00 -9.27154469E-01  4.94928018E-02  8.42276352E-01  0.00000000E+00  1.82524307E-01  2.63688797E-02
 -5.00000000E-01  2.14744000E+00 -9.24787123E-01  4.90703355E-02  8.42659577E-01  0.00000000E+00  1.82876091E-01  2.60733740E-02
 -5.00000000E-01  2.14767500E+00 -9.22417989E-01  4.86329126E-02  8.42929602E-01  0.00000000E+00  1.83240709E-01  2.57786822E-02
 -5.00000000E-01  2.14791000E+00 -9.20047730E-01  4.81808875E-02  8.43094312E-01  0.00000000E+00  1.83620445E-01  2.54848524E-02
 -5.00000000E-01  2.14814500E+00 -9.17677010E-01  4.77146147E-02  8.43161591E-01  0.00000000E+00  1.84017586E-01  2.51919330E-02
 -5.00000000E-01  2.14838000E+00 -9.15306493E-01  4.72344486E-02  8.43139326E-01  0.00000000E+00  1.84434416E-01  2.48999719E-02
 -5.00000000E-01  2.14861500E+00 -9.12936844E-01  4.67407438E-02  8.43035400E-01  0.00000000E+00  1.84873220E-01  2.46090175E-02
 -5.00000000E-01  2.14885000E+00 -9.10568725E-01  4.62338548E-02  8.42857698E-01  0.00000000E+00  1.85336284E-01  2.43191180E-02
 -5.00000000E-01  2.14908500E+00 -9.08202802E-01  4.57141360E-02  8.42614106E-01  0.00000000E+00  1.85825892E-01  2.40303214E-02
 -5.00000000E-01  2.14932000E+00 -9.05839738E-01  4.51819420E-02  8.42312509E-01  0.00000000E+00  1.86344331E-01  2.37426760E-02
 -5.00000000E-01  2.14955500E+00 -9.03480197E-01  4.46376272E-02  8.41960791E-01  0.00000000E+00  1.86893884E-01  2.34562299E-02
 -5.00000000E-01  2.14979000E+00 -9.01124843E-01  4.40815461E-02  8.41566837E-01  0.00000000E+00  1.87476838E-01  2.31710314E-02
 -5.00000000E-01  2.15002500E+00 -8.98774340E-01  4.35140532E-02  8.41138533E-01  0.00000000E+00  1.88095476E-01  2.28871287E-02
 -5.00000000E-01  2.15026000E+00 -8.96429352E-01  4.29355030E-02  8.40683763E-01  0.00000000E+00  1.88752086E-01  2.26045699E-02
 -5.00000000E-01  2.15049500E+00 -8.94090544E-01  4.23462500E-02  8.40210412E-01  0.00000000E+00  1.89448951E-01  2.23234031E-02
 -5.00000000E-01  2.15073000E+00 -8.91758578E-01  4.17466487E-02  8.39726366E-01  0.00000000E+00  1.90188357E-01  2.20436767E-02
 -5.00000000E-01  2.15096500E+00 -8.89434119E-01  4.11370535E-02  8.39239508E-01  0.00000000E+00  1.90972588E-01  2.17654387E-02
 -5.00000000E-01  2.15120000E+00 -8.87117831E-01  4.05178189E-02  8.38757725E-01  0.00000000E+00  1.91803931E-01  2.14887374E-02
 -5.00000000E-01  2.15143500E+00 -8.84810378E-01  3.98892995E-02  8.38288900E-01  0.00000000E+00  1.92684670E-01  2.12136209E-02
 -5.00000000E-01  2.15167000E+00 -8.82512424E-01  3.92518498E-02  8.37840920E-01  0.00000000E+00  1.93617091E-01  2.09401375E-02
 -5.00000000E-01  2.15190500E+00 -8.80224632E-01  3.86058241E-02  8.37421668E-01  0.00000000E+00  1.94603478E-01  2.06683352E-02
 -5.00000000E-01  2.15214000E+00 -8.77947668E-01  3.79515770E-02  8.37039030E-01  0.00000000E+00  1.95646117E-01  2.03982624E-02
 -5.00000000E-01  2.15237500E+00 -8.75682194E-01  3.72894631E-02  8.36700891E-01  0.00000000E+00  1.96747292E-01  2.01299671E-02
 -5.00000000E-01  2.15261000E+00 -8.73428875E-01  3.66198367E-02  8.36415135E-01  0.00000000E+00  1.97909290E-01  1.98634976E-02
 -5.00000000E-01  2.15284500E+00 -8.71188375E-01  3.59430524E-02  8.36189648E-01  0.00000000E+00  1.99134395E-01  1.95989021E-02
 -5.00000000E-01  2.15308000E+00 -8.68961357E-01  3.52594646E-02  8.36032315E-01  0.00000000E+00  2.00424893E-01  1.93362286E-02
 -5.00000000E-01  2.15331500E+00 -8.66748487E-01  3.45694279E-02  8.35951020E-01  0.00000000E+00  2.01783067E-01  1.90755255E-02
 -5.00000000E-01  2.15355000E+00 -8.64550427E-01  3.38732968E-02  8.35953649E-01  0.00000000E+00  2.03211205E-01  1.88168409E-02
 -5.00000000E-01  2.15378500E+00 -8.62367841E-01  3.31714256E-02  8.36048086E-01  0.00000000E+00  2.04711590E-01  1.85602230E-02
 -5.00000000E-01  2.15402000E+00 -8.60201395E-01  3.24641690E-02  8.36242216E-01  0.00000000E+00  2.06286508E-01  1.83057199E-02
 -5.00000000E-01  2.15425500E+00 -8.58051751E-01  3.17518814E-02  8.36543925E-01  0.00000000E+00  2.07938245E-01  1.80533799E-02
 -5.00000000E-01  2.15449000E+00 -8.55919573E-01  3.10349172E-02  8.36961096E-01  0.00000000E+00  2.09669085E-01  1.78032511E-02
 -5.00000000E-01  2.15472500E+00 -8.53805526E-01  3.03136311E-02  8.37501616E-01  0.00000000E+00  2.11481313E-01  1.75553818E-02
 -5.00000000E-01  2.15496000E+00 -8.51710274E-01  2.95883774E-02  8.38173369E-01  0.00000000E+00  2.13377214E-01  1.73098201E-02
 -5.00000000E-01  2.15519500E+00 -8.49634480E-01  2.88595107E-02  8.38984240E-01  0.00000000E+00  2.15359075E-01  1.70666141E-02
 -5.00000000E-01  2.15543000E+00 -8.47578809E-01  2.81273854E-02  8.39942115E-01  0.00000000E+00  2.17429179E-01  1.68258121E-02
 -5.00000000E-01  2.15566500E+00 -8.45543924E-01  2.73923560E-02  8.41054877E-01  0.00000000E+00  2.19589813E-01  1.65874623E-02
 -5.00000000E-01  2.15590000E+00 -8.43530490E-01  2.66547771E-02  8.42330411E-01  0.00000000E+00  2.21843261E-01  1.63516129E-02
 -5.00000000E-01  2.15613500E+00 -8.41539170E-01  2.59150031E-02  8.43776604E-01  0.00000000E+00  2.24191808E-01  1.61183119E-02
 -5.00000000E-01  2.15637000E+00 -8.39570629E-01  2.51733885E-02  8.45401339E-01  0.00000000E+00  2.26637739E-01  1.58876077E-02
 -5.00000000E-01  2.15660500E+00 -8.37625530E-01  2.44302878E-02  8.47212503E-01  0.00000000E+00  2.29183341E-01  1.56595484E-02
 -5.00000000E-01  2.15684000E+00 -8.35704537E-01  2.36860555E-02  8.49217978E-01  0.00000000E+00  2.31830897E-01  1.54341821E-02
 -5.00000000E-01  2.15707500E+00 -8.33808315E-01  2.29410460E-02  8.51425651E-01  0.00000000E+00  2.34582693E-01  1.52115571E-02
 -5.00000000E-01  2.15731000E+00 -8.31937527E-01  2.21956139E-02  8.53843407E-01  0.00000000E+00  2.37441014E-01  1.49917216E-02
 -5.00000000E-01  2.15754500E+00 -8.29986513E-01  2.12773265E-02  8.55571421E-01  0.00000000E+00  2.41896950E-01  1.47713389E-02
 -5.00000000E-01  2.15778000E+00 -8.27211871E-01  1.96623851E-02  8.53804097E-01  0.00000000E+00  2.49719655E-01  1.45243929E-02
 -5.00000000E-01  2.15801500E+00 -8.23801405E-01  1.81022083E-02  8.52437440E-01  0.00000000E+00  2.52811699E-01  1.42557810E-02
 -5.00000000E-01  2.15825000E+00 -8.19770339E-01  1.65963200E-02  8.51451963E-01  0.00000000E+00  2.51507576E-01  1.39667070E-02
 -5.00000000E-01  2.15848500E+00 -8.15133900E-01  1.51442443E-02  8.50828180E-01  0.00000000E+00  2.46141781E-01  1.36583744E-02
 -5.00000000E-01  2.15872000E+00 -8.09907312E-01  1.37455050E-02  8.50546607E-01  0.00000000E+00  2.37048808E-01  1.33319867E-02
 -5.00000000E-01  2.15895500E+00 -8.04105801E-01  1.23996263E-02  8.50587757E-01  0.00000000E+00  2.24563151E-01  1.29887476E-02
 -5.00000000E-01  2.15919000E+00 -7.97744591E-01  1.11061320E-02  8.50932145E-01  0.00000000E+00  2.09019303E-01  1.26298606E-02
 -5.00000000E-01  2.15942500E+00 -7.90838910E-01  9.86454626E-03  8.51560284E-01  0.00000000E+00  1.90751761E-01  1.22565294E-02
 -5.00000000E-01  2.15966000E+00 -7.83403981E-01  8.67439298E-03  8.52452688E-01  0.00000000E+00  1.70095016E-01  1.18699576E-02
 -5.00000000E-01  2.15989500E+00 -7.75455030E-01  7.53519617E-03  8.53589873E-01  0.00000000E+00  1.47383564E-01  1.14713486E-02
 -5.00000000E-01  2.16013000E+00 -7.67007282E-01  6.44647982E-03  8.54952352E-01  0.00000000E+00  1.22951899E-01  1.10619062E-02
 -5.00000000E-01  2.16036500E+00 -7.58075964E-01  5.40776793E-03  8.56520639E-01  0.00000000E+00  9.71345149E-02  1.06428339E-02
 -5.00000000E-01  2.16060000E+00 -7.48676299E-01  4.41858449E-03  8.58275249E-01  0.00000000E+00  7.02659058E-02  1.02153353E-02
 -5.00000000E-01  2.16083500E+00 -7.38823514E-01  3.47845348E-03  8.60196695E-01  0.00000000E+00  4.26805660E-02  9.78061391E-03
 -5.00000000E-01  2.16107000E+00 -7.28532834E-01  2.58689891E-03  8.62265492E-01  0.00000000E+00  1.47129897E-02  9.33987343E-03
 -5.00000000E-01  2.16130500E+00 -7.17819484E-01  1.74344476E-03  8.64462154E-01  0.00000000E+00 -1.33023291E-02  8.89431741E-03
 -5.00000000E-01  2.16154000E+00 -7.06698689E-01  9.47615028E-04  8.66767196E-01  0.00000000E+00 -4.10308960E-02  8.44514943E-03
 -5.00000000E-01  2.16177500E+00 -6.95185676E-01  1.98933701E-04  8.69161131E-01  0.00000000E+00 -6.81382170E-02  7.99357310E-03
 -5.00000000E-01  2.16201000E+00 -6.83295668E-01 -5.03075228E-04  8.71624474E-01  0.00000000E+00 -9.42897978E-02  7.54079199E-03
 -5.00000000E-01  2.16224500E+00 -6.71043892E-01 -1.15888777E-03  8.74137738E-01  0.00000000E+00 -1.19151144E-01  7.08800970E-03
 -5.00000000E-01  2.16248000E+00 -6.58445573E-01 -1.76897992E-03  8.76681438E-01  0.00000000E+00 -1.42387762E-01  6.63642982E-03
 -5.00000000E-01  2.16271500E+00 -6.45515935E-01 -2.33382770E-03  8.79236089E-01  0.00000000E+00 -1.63665158E-01  6.18725593E-03
 -5.00000000E-01  2.16295000E+00 -6.32270206E-01 -2.85390712E-03  8.81782204E-01  0.00000000E+00 -1.82648837E-01  5.74169162E-03
 -5.00000000E-01  2.16318500E+00 -6.18723609E-01 -3.32969418E-03  8.84300297E-01  0.00000000E+00 -1.99004304E-01  5.30094049E-03
 -5.00000000E-01  2.16342000E+00 -6.04891370E-01 -3.76166489E-03  8.86770884E-01  0.00000000E+00 -2.12397067E-01  4.86620612E-03
 -5.00000000E-01  2.16365500E+00 -5.90788715E-01 -4.15029526E-03  8.89174477E-01  0.00000000E+00 -2.22492630E-01  4.43869210E-03
 -5.00000000E-01  2.16389000E+00 -5.76430869E-01 -4.49606129E-03  8.91491591E-01  0.00000000E+00 -2.28956500E-01  4.01960203E-03
 -5.00000000E-01  2.16412500E+00 -5.61833057E-01 -4.79943900E-03  8.93702741E-01  0.00000000E+00 -2.31454182E-01  3.61013948E-03
 -5.00000000E-01  2.16436000E+00 -5.47010504E-01 -5.06090439E-03  8.95788440E-01  0.00000000E+00 -2.29651182E-01  3.21150806E-03
 -5.00000000E-01  2.16459500E+00 -5.31978436E-01 -5.28093348E-03  8.97729203E-01  0.00000000E+00 -2.23213006E-01  2.82491134E-03
 -5.00000000E-01  2.16483000E+00 -5.16752079E-01 -5.46000226E-03  8.99505544E-01  0.00000000E+00 -2.11805160E-01  2.45155292E-03
 -5.00000000E-01  2.16506500E+00 -5.01346657E-01 -5.59858675E-03  9.01097976E-01  0.00000000E+00 -1.95093150E-01  2.09263639E-03
 -5.00000000E-01  2.16530000E+00 -4.85777396E-01 -5.69716296E-03  9.02487015E-01  0.00000000E+00 -1.72742482E-01  1.74936534E-03
 -5.00000000E-01  2.16553500E+00 -4.70059521E-01 -5.75620689E-03  9.03653175E-01  0.00000000E+00 -1.44418660E-01  1.42294335E-03
 -5.00000000E-01  2.16577000E+00 -4.54208258E-01 -5.77619455E-03  9.04576969E-01  0.00000000E+00 -1.09787192E-01  1.11457402E-03
 -5.00000000E-01  2.16600500E+00 -4.38238831E-01 -5.75760195E-03  9.05238912E-01  0.00000000E+00 -6.85135828E-02  8.25460935E-04
 -5.00000000E-01  2.16624000E+00 -4.22166467E-01 -5.70090511E-03  9.05619517E-01  0.00000000E+00 -2.02633384E-02  5.56807682E-04
 -5.00000000E-01  2.16647500E+00 -4.06006391E-01 -5.60658001E-03  9.05699300E-01  0.00000000E+00  3.52980353E-02  3.09817852E-04
 -5.00000000E-01  2.16671000E+00 -3.89773827E-01 -5.47510269E-03  9.05458775E-01  0.00000000E+00  9.85050326E-02  8.56950349E-05
 -5.00000000E-01  2.16694500E+00 -3.73484002E-01 -5.30694913E-03  9.04878455E-01  0.00000000E+00  1.69692148E-01 -1.14357181E-04
 -5.00000000E-01  2.16718000E+00 -3.57152140E-01 -5.10259536E-03  9.03938854E-01  0.00000000E+00  2.49193874E-01 -2.89135205E-04
 -5.00000000E-01  2.16741500E+00 -3.40793467E-01 -4.86251738E-03  9.02620488E-01  0.00000000E+00  3.37344707E-01 -4.37435450E-04
 -5.00000000E-01  2.16765000E+00 -3.24423208E-01 -4.58719119E-03  9.00903869E-01  0.00000000E+00  4.34479140E-01 -5.58054324E-04
 -5.00000000E-01  2.16788500E+00 -3.08056589E-01 -4.27709281E-03  8.98769513E-01  0.00000000E+00  5.40931667E-01 -6.49788241E-04
 -5.00000000E-01  2.16812000E+00 -2.91708835E-01 -3.93269825E-03  8.96197934E-01  0.00000000E+00  6.57036783E-01 -7.11433609E-04
 -5.00000000E-01  2.16835500E+00 -2.75395171E-01 -3.55448350E-03  8.93169645E-01  0.00000000E+00  7.83128982E-01 -7.41786840E-04
 -5.00000000E-01  2.16859000E+00 -2.59130823E-01 -3.14292459E-03  8.89665161E-01  0.00000000E+00  9.19542757E-01 -7.39644344E-04
 -5.00000000E-01  2.16882500E+00 -2.42931016E-01 -2.69849751E-03  8.85664996E-01  0.00000000E+00  1.06661260E+00 -7.03802533E-04
 -5.00000000E-01  2.16906000E+00 -2.26810975E-01 -2.22167828E-03  8.81149664E-01  0.00000000E+00  1.22467302E+00 -6.33057817E-04
 -5.00000000E-01  2.16929500E+00 -2.10785925E-01 -1.71294291E-03  8.76099680E-01  0.00000000E+00  1.39405849E+00 -5.26206606E-04
 -5.00000000E-01  2.16953000E+00 -1.94871093E-01 -1.17276740E-03  8.70495557E-01  0.00000000E+00  1.57510351E+00 -3.82045312E-04
 -5.00000000E-01  2.16976500E+00 -1.79081703E-01 -6.01627760E-04  8.64317810E-01  0.00000000E+00  1.76814258E+00 -1.99370346E-04
 -5.00000000E-01  2.17000000E+00 -1.63432980E-01 -4.06195902E-14  8.57546953E-01  0.00000000E+00  1.97351020E+00  2.30218832E-05
