               X               Y            VELX            VELY            PRES            TEMP            PS 1            PS 2  1.00000000E+01
 -3.39900000E-01  1.93500000E+00 -5.55307556E-01  0.00000000E+00  4.35873559E-01  0.00000000E+00  8.40576102E-03  7.49486725E-02
 -3.39900000E-01  1.93523500E+00 -5.59478640E-01  0.00000000E+00  4.42992202E-01  0.00000000E+00  8.40545615E-03  8.81190244E-02
 -3.39900000E-01  1.93547000E+00 -5.63638859E-01  0.00000000E+00  4.49807017E-01  0.00000000E+00  8.40486418E-03  1.00671051E-01
 -3.39900000E-01  1.93570500E+00 -5.67788214E-01  0.00000000E+00  4.56325773E-01  0.00000000E+00  8.40398954E-03  1.12623427E-01
 -3.39900000E-01  1.93594000E+00 -5.71926704E-01  0.00000000E+00  4.62556237E-01  0.00000000E+00  8.40283666E-03  1.23994829E-01
 -3.39900000E-01  1.93617500E+00 -5.76054330E-01  0.00000000E+00  4.68506178E-01  0.00000000E+00  8.40140998E-03  1.34803931E-01
 -3.39900000E-01  1.93641000E+00 -5.80171092E-01  0.00000000E+00  4.74183362E-01  0.00000000E+00  8.39971393E-03  1.45069409E-01
 -3.39900000E-01  1.93664500E+00 -5.84276989E-01  0.00000000E+00  4.79595557E-01  0.00000000E+00  8.39775294E-03  1.54809939E-01
 -3.39900000E-01  1.93688000E+00 -5.88372022E-01  0.00000000E+00  4.84750531E-01  0.00000000E+00  8.39553145E-03  1.64044195E-01
 -3.39900000E-01  1.93711500E+00 -5.92456190E-01  0.00000000E+00  4.89656052E-01  0.00000000E+00  8.39305389E-03  1.72790853E-01
 -3.39900000E-01  1.93735000E+00 -5.96529494E-01  0.00000000E+00  4.94319887E-01  0.00000000E+00  8.39032470E-03  1.81068589E-01
 -3.39900000E-01  1.93758500E+00 -6.00591933E-01  0.00000000E+00  4.98749803E-01  0.00000000E+00  8.38734830E-03  1.88896077E-01
 -3.39900000E-01  1.93782000E+00 -6.04643508E-01  0.00000000E+00  5.02953569E-01  0.00000000E+00  8.38412912E-03  1.96291993E-01
 -3.39900000E-01  1.93805500E+00 -6.08684218E-01  0.00000000E+00  5.06938952E-01  0.00000000E+00  8.38067161E-03  2.03275013E-01
 -3.39900000E-01  1.93829000E+00 -6.12714064E-01  0.00000000E+00  5.10713720E-01  0.00000000E+00  8.37698020E-03  2.09863812E-01
 -3.39900000E-01  1.93852500E+00 -6.16733045E-01  0.00000000E+00  5.14285640E-01  0.00000000E+00  8.37305931E-03  2.16077065E-01
 -3.39900000E-01  1.93876000E+00 -6.20741162E-01  0.00000000E+00  5.17662480E-01  0.00000000E+00  8.36891339E-03  2.21933447E-01
 -3.39900000E-01  1.93899500E+00 -6.24738414E-01  0.00000000E+00  5.20852007E-01  0.00000000E+00  8.36454686E-03  2.27451634E-01
 -3.39900000E-01  1.93923000E+00 -6.28724802E-01  0.00000000E+00  5.23861990E-01  0.00000000E+00  8.35996416E-03  2.32650301E-01
 -3.39900000E-01  1.93946500E+00 -6.32700325E-01  0.00000000E+00  5.26700196E-01  0.00000000E+00  8.35516971E-03  2.37548124E-01
 -3.39900000E-01  1.93970000E+00 -6.36664984E-01  0.00000000E+00  5.29374392E-01  0.00000000E+00  8.35016796E-03  2.42163777E-01
 -3.39900000E-01  1.93993500E+00 -6.40618779E-01  0.00000000E+00  5.31892346E-01  0.00000000E+00  8.34496334E-03  2.46515937E-01
 -3.39900000E-01  1.94017000E+00 -6.44561708E-01  0.00000000E+00  5.34261826E-01  0.00000000E+00  8.33956028E-03  2.50623278E-01
 -3.39900000E-01  1.94040500E+00 -6.48493774E-01  0.00000000E+00  5.36490600E-01  0.00000000E+00  8.33396321E-03  2.54504477E-01
 -3.39900000E-01  1.94064000E+00 -6.52414974E-01  0.00000000E+00  5.38586434E-01  0.00000000E+00  8.32817657E-03  2.58178207E-01
 -3.39900000E-01  1.94087500E+00 -6.56325311E-01  0.00000000E+00  5.40557097E-01  0.00000000E+00  8.32220478E-03  2.61663146E-01
 -3.39900000E-01  1.94111000E+00 -6.60224782E-01  0.00000000E+00  5.42410357E-01  0.00000000E+00  8.31605229E-03  2.64977967E-01
 -3.39900000E-01  1.94134500E+00 -6.64113390E-01  0.00000000E+00  5.44153980E-01  0.00000000E+00  8.30972352E-03  2.68141346E-01
 -3.39900000E-01  1.94158000E+00 -6.67991132E-01  0.00000000E+00  5.45795735E-01  0.00000000E+00  8.30322291E-03  2.71171960E-01
 -3.39900000E-01  1.94181500E+00 -6.71858010E-01  0.00000000E+00  5.47343389E-01  0.00000000E+00  8.29655490E-03  2.74088482E-01
 -3.39900000E-01  1.94205000E+00 -6.75714024E-01  0.00000000E+00  5.48804710E-01  0.00000000E+00  8.28972390E-03  2.76909589E-01
 -3.39900000E-01  1.94228500E+00 -6.79559173E-01  0.00000000E+00  5.50187466E-01  0.00000000E+00  8.28273437E-03  2.79653955E-01
 -3.39900000E-01  1.94252000E+00 -6.83393458E-01  0.00000000E+00  5.51499423E-01  0.00000000E+00  8.27559072E-03  2.82340256E-01
 -3.39900000E-01  1.94275500E+00 -6.87216878E-01  0.00000000E+00  5.52748350E-01  0.00000000E+00  8.26829740E-03  2.84987168E-01
 -3.39900000E-01  1.94299000E+00 -6.91029433E-01  0.00000000E+00  5.53942015E-01  0.00000000E+00  8.26085883E-03  2.87613366E-01
 -3.39900000E-01  1.94322500E+00 -6.94831124E-01  0.00000000E+00  5.55088185E-01  0.00000000E+00  8.25327946E-03  2.90237525E-01
 -3.39900000E-01  1.94346000E+00 -6.98621950E-01  0.00000000E+00  5.56194627E-01  0.00000000E+00  8.24556371E-03  2.92878320E-01
 -3.39900000E-01  1.94369500E+00 -7.02401912E-01  0.00000000E+00  5.57269110E-01  0.00000000E+00  8.23771601E-03  2.95554427E-01
 -3.39900000E-01  1.94393000E+00 -7.06171009E-01  0.00000000E+00  5.58319400E-01  0.00000000E+00  8.22974080E-03  2.98284522E-01
 -3.39900000E-01  1.94416500E+00 -7.09929242E-01  0.00000000E+00  5.59353266E-01  0.00000000E+00  8.22164252E-03  3.01087278E-01
 -3.39900000E-01  1.94440000E+00 -7.13676610E-01  0.00000000E+00  5.60378475E-01  0.00000000E+00  8.21342559E-03  3.03981373E-01
 -3.39900000E-01  1.94463500E+00 -7.17413114E-01  0.00000000E+00  5.61402796E-01  0.00000000E+00  8.20509445E-03  3.06985481E-01
 -3.39900000E-01  1.94487000E+00 -7.21138753E-01  0.00000000E+00  5.62433994E-01  0.00000000E+00  8.19665353E-03  3.10118278E-01
 -3.39900000E-01  1.94510500E+00 -7.24853527E-01  0.00000000E+00  5.63479839E-01  0.00000000E+00  8.18810726E-03  3.13398438E-01
 -3.39900000E-01  1.94534000E+00 -7.28557437E-01  0.00000000E+00  5.64548097E-01  0.00000000E+00  8.17946008E-03  3.16844638E-01
 -3.39900000E-01  1.94557500E+00 -7.32250482E-01  0.00000000E+00  5.65646537E-01  0.00000000E+00  8.17071642E-03  3.20475552E-01
 -3.39900000E-01  1.94581000E+00 -7.35932663E-01  0.00000000E+00  5.66782925E-01  0.00000000E+00  8.16188072E-03  3.24309857E-01
 -3.39900000E-01  1.94604500E+00 -7.39603979E-01  0.00000000E+00  5.67965030E-01  0.00000000E+00  8.15295740E-03  3.28366227E-01
 -3.39900000E-01  1.94628000E+00 -7.43264430E-01  0.00000000E+00  5.69200620E-01  0.00000000E+00  8.14395090E-03  3.32663337E-01
 -3.39900000E-01  1.94651500E+00 -7.46914017E-01  0.00000000E+00  5.70497461E-01  0.00000000E+00  8.13486566E-03  3.37219864E-01
 -3.39900000E-01  1.94675000E+00 -7.50552739E-01  0.00000000E+00  5.71863322E-01  0.00000000E+00  8.12570610E-03  3.42054481E-01
 -3.39900000E-01  1.94698500E+00 -7.54180597E-01  0.00000000E+00  5.73305970E-01  0.00000000E+00  8.11647666E-03  3.47185866E-01
 -3.39900000E-01  1.94722000E+00 -7.57797590E-01  0.00000000E+00  5.74833173E-01  0.00000000E+00  8.10718177E-03  3.52632693E-01
 -3.39900000E-01  1.94745500E+00 -7.61403719E-01  0.00000000E+00  5.76452699E-01  0.00000000E+00  8.09782587E-03  3.58413637E-01
 -3.39900000E-01  1.94769000E+00 -7.64998983E-01  0.00000000E+00  5.77465074E-01  0.00000000E+00  8.08827933E-03  3.63013478E-01
 -3.39900000E-01  1.94792500E+00 -7.68583382E-01  0.00000000E+00  5.78323594E-01  0.00000000E+00  8.07863183E-03  3.67307345E-01
 -3.39900000E-01  1.94816000E+00 -7.72156917E-01  0.00000000E+00  5.79186295E-01  0.00000000E+00  8.06891480E-03  3.71626458E-01
 -3.39900000E-01  1.94839500E+00 -7.75719588E-01  0.00000000E+00  5.80053191E-01  0.00000000E+00  8.05912953E-03  3.75970816E-01
 -3.39900000E-01  1.94863000E+00 -7.79271394E-01  0.00000000E+00  5.80924295E-01  0.00000000E+00  8.04927732E-03  3.80340420E-01
 -3.39900000E-01  1.94886500E+00 -7.82812335E-01  0.00000000E+00  5.81799619E-01  0.00000000E+00  8.03935946E-03  3.84735270E-01
 -3.39900000E-01  1.94910000E+00 -7.86342412E-01  0.00000000E+00  5.82679176E-01  0.00000000E+00  8.02937723E-03  3.89155365E-01
 -3.39900000E-01  1.94933500E+00 -7.89861624E-01  0.00000000E+00  5.83562979E-01  0.00000000E+00  8.01933194E-03  3.93600706E-01
 -3.39900000E-01  1.94957000E+00 -7.93369972E-01  0.00000000E+00  5.84451041E-01  0.00000000E+00  8.00922488E-03  3.98071293E-01
 -3.39900000E-01  1.94980500E+00 -7.96867455E-01  0.00000000E+00  5.85343375E-01  0.00000000E+00  7.99905733E-03  4.02567125E-01
 -3.39900000E-01  1.95004000E+00 -8.00354074E-01  0.00000000E+00  5.86239994E-01  0.00000000E+00  7.98883060E-03  4.07088203E-01
 -3.39900000E-01  1.95027500E+00 -8.03829828E-01  0.00000000E+00  5.87140910E-01  0.00000000E+00  7.97854596E-03  4.11634527E-01
 -3.39900000E-01  1.95051000E+00 -8.07294717E-01  0.00000000E+00  5.88046137E-01  0.00000000E+00  7.96820473E-03  4.16206097E-01
 -3.39900000E-01  1.95074500E+00 -8.10748742E-01  0.00000000E+00  5.88955688E-01  0.00000000E+00  7.95780818E-03  4.20802912E-01
 -3.39900000E-01  1.95098000E+00 -8.14191903E-01  0.00000000E+00  5.89869574E-01  0.00000000E+00  7.94735762E-03  4.25424973E-01
 -3.39900000E-01  1.95121500E+00 -8.17624198E-01  0.00000000E+00  5.90787810E-01  0.00000000E+00  7.93685433E-03  4.30072279E-01
 -3.39900000E-01  1.95145000E+00 -8.21045630E-01  0.00000000E+00  5.91710409E-01  0.00000000E+00  7.92629960E-03  4.34744832E-01
 -3.39900000E-01  1.95168500E+00 -8.24456196E-01  0.00000000E+00  5.92637382E-01  0.00000000E+00  7.91569473E-03  4.39442629E-01
 -3.39900000E-01  1.95192000E+00 -8.27855899E-01  0.00000000E+00  5.93568743E-01  0.00000000E+00  7.90504102E-03  4.44165673E-01
 -3.39900000E-01  1.95215500E+00 -8.31244736E-01  0.00000000E+00  5.94504504E-01  0.00000000E+00  7.89433975E-03  4.48913962E-01
 -3.39900000E-01  1.95239000E+00 -8.34622709E-01  0.00000000E+00  5.95444680E-01  0.00000000E+00  7.88359221E-03  4.53687497E-01
 -3.39900000E-01  1.95262500E+00 -8.37989818E-01  0.00000000E+00  5.96389282E-01  0.00000000E+00  7.87279971E-03  4.58486278E-01
 -3.39900000E-01  1.95286000E+00 -8.41346062E-01  0.00000000E+00  5.97338323E-01  0.00000000E+00  7.86196352E-03  4.63310305E-01
 -3.39900000E-01  1.95309500E+00 -8.44691441E-01  0.00000000E+00  5.98291817E-01  0.00000000E+00  7.85108496E-03  4.68159577E-01
 -3.39900000E-01  1.95333000E+00 -8.48025956E-01  0.00000000E+00  5.99249776E-01  0.00000000E+00  7.84016529E-03  4.73034094E-01
 -3.39900000E-01  1.95356500E+00 -8.51349606E-01  0.00000000E+00  6.00212213E-01  0.00000000E+00  7.82920583E-03  4.77933858E-01
 -3.39900000E-01  1.95380000E+00 -8.54662392E-01  0.00000000E+00  6.01179141E-01  0.00000000E+00  7.81820786E-03  4.82858867E-01
 -3.39900000E-01  1.95403500E+00 -8.57964313E-01  0.00000000E+00  6.02150574E-01  0.00000000E+00  7.80717267E-03  4.87809122E-01
 -3.39900000E-01  1.95427000E+00 -8.61255370E-01  0.00000000E+00  6.03126522E-01  0.00000000E+00  7.79610156E-03  4.92784622E-01
 -3.39900000E-01  1.95450500E+00 -8.64535562E-01  0.00000000E+00  6.04107001E-01  0.00000000E+00  7.78499583E-03  4.97785368E-01
 -3.39900000E-01  1.95474000E+00 -8.67804889E-01  0.00000000E+00  6.05092022E-01  0.00000000E+00  7.77385675E-03  5.02811360E-01
 -3.39900000E-01  1.95497500E+00 -8.71063352E-01  0.00000000E+00  6.06081599E-01  0.00000000E+00  7.76268563E-03  5.07862598E-01
 -3.39900000E-01  1.95521000E+00 -8.74310950E-01  0.00000000E+00  6.07075743E-01  0.00000000E+00  7.75148375E-03  5.12939081E-01
 -3.39900000E-01  1.95544500E+00 -8.77547684E-01  0.00000000E+00  6.08074470E-01  0.00000000E+00  7.74025242E-03  5.18040810E-01
 -3.39900000E-01  1.95568000E+00 -8.80773554E-01  0.00000000E+00  6.09077790E-01  0.00000000E+00  7.72899291E-03  5.23167785E-01
 -3.39900000E-01  1.95591500E+00 -8.83988558E-01  0.00000000E+00  6.10085717E-01  0.00000000E+00  7.71770654E-03  5.28320005E-01
 -3.39900000E-01  1.95615000E+00 -8.87192698E-01  0.00000000E+00  6.11098264E-01  0.00000000E+00  7.70639458E-03  5.33497471E-01
 -3.39900000E-01  1.95638500E+00 -8.90385974E-01  0.00000000E+00  6.12115444E-01  0.00000000E+00  7.69505833E-03  5.38700183E-01
 -3.39900000E-01  1.95662000E+00 -8.93568385E-01  0.00000000E+00  6.13137270E-01  0.00000000E+00  7.68369908E-03  5.43928140E-01
 -3.39900000E-01  1.95685500E+00 -8.96739932E-01  0.00000000E+00  6.14163754E-01  0.00000000E+00  7.67231813E-03  5.49181343E-01
 -3.39900000E-01  1.95709000E+00 -8.99900614E-01  0.00000000E+00  6.15194910E-01  0.00000000E+00  7.66091677E-03  5.54459792E-01
 -3.39900000E-01  1.95732500E+00 -9.03050431E-01  0.00000000E+00  6.16230750E-01  0.00000000E+00  7.64949628E-03  5.59763487E-01
 -3.39900000E-01  1.95756000E+00 -9.06189384E-01  0.00000000E+00  6.17271288E-01  0.00000000E+00  7.63805798E-03  5.65092427E-01
 -3.39900000E-01  1.95779500E+00 -9.09317472E-01  0.00000000E+00  6.18316535E-01  0.00000000E+00  7.62660313E-03  5.70446613E-01
 -3.39900000E-01  1.95803000E+00 -9.12434696E-01  0.00000000E+00  6.19366506E-01  0.00000000E+00  7.61513305E-03  5.75826044E-01
 -3.39900000E-01  1.95826500E+00 -9.15541055E-01  0.00000000E+00  6.20421212E-01  0.00000000E+00  7.60364901E-03  5.81230722E-01
 -3.39900000E-01  1.95850000E+00 -9.18636550E-01  0.00000000E+00  6.21480667E-01  0.00000000E+00  7.59215232E-03  5.86660644E-01
 -3.39900000E-01  1.95873500E+00 -9.21721180E-01  0.00000000E+00  6.22544884E-01  0.00000000E+00  7.58064426E-03  5.92115813E-01
 -3.39900000E-01  1.95897000E+00 -9.24794945E-01  0.00000000E+00  6.23613876E-01  0.00000000E+00  7.56912614E-03  5.97596227E-01
 -3.39900000E-01  1.95920500E+00 -9.27857846E-01  0.00000000E+00  6.24687655E-01  0.00000000E+00  7.55759923E-03  6.03101887E-01
 -3.39900000E-01  1.95944000E+00 -9.30909882E-01  0.00000000E+00  6.25766234E-01  0.00000000E+00  7.54606484E-03  6.08632793E-01
 -3.39900000E-01  1.95967500E+00 -9.33951054E-01  0.00000000E+00  6.26849627E-01  0.00000000E+00  7.53452425E-03  6.14188944E-01
 -3.39900000E-01  1.95991000E+00 -9.36981362E-01  0.00000000E+00  6.27937846E-01  0.00000000E+00  7.52297876E-03  6.19770341E-01
 -3.39900000E-01  1.96014500E+00 -9.40000804E-01  0.00000000E+00  6.29029713E-01  0.00000000E+00  7.51140205E-03  6.25376984E-01
 -3.39900000E-01  1.96038000E+00 -9.43009382E-01  0.00000000E+00  6.30123417E-01  0.00000000E+00  7.49980214E-03  6.31008873E-01
 -3.39900000E-01  1.96061500E+00 -9.46007096E-01  0.00000000E+00  6.31219095E-01  0.00000000E+00  7.48819580E-03  6.36666007E-01
 -3.39900000E-01  1.96085000E+00 -9.48993945E-01  0.00000000E+00  6.32316674E-01  0.00000000E+00  7.47658346E-03  6.42348387E-01
 -3.39900000E-01  1.96108500E+00 -9.51969930E-01  0.00000000E+00  6.33416083E-01  0.00000000E+00  7.46496553E-03  6.48056012E-01
 -3.39900000E-01  1.96132000E+00 -9.54935050E-01  0.00000000E+00  6.34517248E-01  0.00000000E+00  7.45334240E-03  6.53788883E-01
 -3.39900000E-01  1.96155500E+00 -9.57889305E-01  0.00000000E+00  6.35620098E-01  0.00000000E+00  7.44171450E-03  6.59547000E-01
 -3.39900000E-01  1.96179000E+00 -9.60832696E-01  0.00000000E+00  6.36724559E-01  0.00000000E+00  7.43008224E-03  6.65330363E-01
 -3.39900000E-01  1.96202500E+00 -9.63765222E-01  0.00000000E+00  6.37830560E-01  0.00000000E+00  7.41844602E-03  6.71138971E-01
 -3.39900000E-01  1.96226000E+00 -9.66686884E-01  0.00000000E+00  6.38938028E-01  0.00000000E+00  7.40680626E-03  6.76972825E-01
 -3.39900000E-01  1.96249500E+00 -9.69597681E-01  0.00000000E+00  6.40046889E-01  0.00000000E+00  7.39516337E-03  6.82831924E-01
 -3.39900000E-01  1.96273000E+00 -9.72497614E-01  0.00000000E+00  6.41157073E-01  0.00000000E+00  7.38351775E-03  6.88716270E-01
 -3.39900000E-01  1.96296500E+00 -9.75386682E-01  0.00000000E+00  6.42268507E-01  0.00000000E+00  7.37186983E-03  6.94625861E-01
 -3.39900000E-01  1.96320000E+00 -9.78264885E-01  0.00000000E+00  6.43381117E-01  0.00000000E+00  7.36022000E-03  7.00560698E-01
 -3.39900000E-01  1.96343500E+00 -9.81132224E-01  0.00000000E+00  6.44494832E-01  0.00000000E+00  7.34856869E-03  7.06520780E-01
 -3.39900000E-01  1.96367000E+00 -9.83988698E-01  0.00000000E+00  6.45609578E-01  0.00000000E+00  7.33691630E-03  7.12506108E-01
 -3.39900000E-01  1.96390500E+00 -9.86834308E-01  0.00000000E+00  6.46725285E-01  0.00000000E+00  7.32526324E-03  7.18516682E-01
 -3.39900000E-01  1.96414000E+00 -9.89669054E-01  0.00000000E+00  6.47841878E-01  0.00000000E+00  7.31360993E-03  7.24552501E-01
 -3.39900000E-01  1.96437500E+00 -9.92492934E-01  0.00000000E+00  6.48959286E-01  0.00000000E+00  7.30195677E-03  7.30613566E-01
 -3.39900000E-01  1.96461000E+00 -9.95305950E-01  0.00000000E+00  6.50077437E-01  0.00000000E+00  7.29030417E-03  7.36699877E-01
 -3.39900000E-01  1.96484500E+00 -9.98108102E-01  0.00000000E+00  6.51196257E-01  0.00000000E+00  7.27865256E-03  7.42811434E-01
 -3.39900000E-01  1.96508000E+00 -1.00089939E+00  0.00000000E+00  6.52315674E-01  0.00000000E+00  7.26700233E-03  7.48948236E-01
 -3.39900000E-01  1.96531500E+00 -1.00367981E+00  0.00000000E+00  6.53435617E-01  0.00000000E+00  7.25535390E-03  7.55110284E-01
 -3.39900000E-01  1.96555000E+00 -1.00644937E+00  0.00000000E+00  6.54556011E-01  0.00000000E+00  7.24370768E-03  7.61297577E-01
 -3.39900000E-01  1.96578500E+00 -1.00920806E+00  0.00000000E+00  6.55676785E-01  0.00000000E+00  7.23206408E-03  7.67510117E-01
 -3.39900000E-01  1.96602000E+00 -1.01195589E+00  0.00000000E+00  6.56797867E-01  0.00000000E+00  7.22042351E-03  7.73747902E-01
 -3.39900000E-01  1.96625500E+00 -1.01469286E+00  0.00000000E+00  6.57919184E-01  0.00000000E+00  7.20878638E-03  7.80010932E-01
 -3.39900000E-01  1.96649000E+00 -1.01741896E+00  0.00000000E+00  6.59040663E-01  0.00000000E+00  7.19715310E-03  7.86299209E-01
 -3.39900000E-01  1.96672500E+00 -1.02013419E+00  0.00000000E+00  6.60162233E-01  0.00000000E+00  7.18552409E-03  7.92612731E-01
 -3.39900000E-01  1.96696000E+00 -1.02283856E+00  0.00000000E+00  6.61283819E-01  0.00000000E+00  7.17389976E-03  7.98951498E-01
 -3.39900000E-01  1.96719500E+00 -1.02553207E+00  0.00000000E+00  6.62405351E-01  0.00000000E+00  7.16228051E-03  8.05315512E-01
 -3.39900000E-01  1.96743000E+00 -1.02821471E+00  0.00000000E+00  6.63526756E-01  0.00000000E+00  7.15066675E-03  8.11704771E-01
 -3.39900000E-01  1.96766500E+00 -1.03088649E+00  0.00000000E+00  6.64647961E-01  0.00000000E+00  7.13905890E-03  8.18119276E-01
 -3.39900000E-01  1.96790000E+00 -1.03354740E+00  0.00000000E+00  6.65768893E-01  0.00000000E+00  7.12745738E-03  8.24559026E-01
 -3.39900000E-01  1.96813500E+00 -1.03619745E+00  0.00000000E+00  6.66889481E-01  0.00000000E+00  7.11586258E-03  8.31024022E-01
 -3.39900000E-01  1.96837000E+00 -1.03883663E+00  0.00000000E+00  6.68009651E-01  0.00000000E+00  7.10427492E-03  8.37514264E-01
 -3.39900000E-01  1.96860500E+00 -1.04146495E+00  0.00000000E+00  6.69129332E-01  0.00000000E+00  7.09269481E-03  8.44029752E-01
 -3.39900000E-01  1.96884000E+00 -1.04408240E+00  0.00000000E+00  6.70248450E-01  0.00000000E+00  7.08112266E-03  8.50570485E-01
 -3.39900000E-01  1.96907500E+00 -1.04668899E+00  0.00000000E+00  6.71366934E-01  0.00000000E+00  7.06955888E-03  8.57136464E-01
 -3.39900000E-01  1.96931000E+00 -1.04928472E+00  0.00000000E+00  6.72484711E-01  0.00000000E+00  7.05800389E-03  8.63727689E-01
 -3.39900000E-01  1.96954500E+00 -1.05186958E+00  0.00000000E+00  6.73601708E-01  0.00000000E+00  7.04645810E-03  8.70344159E-01
 -3.39900000E-01  1.96978000E+00 -1.05444357E+00  0.00000000E+00  6.74717854E-01  0.00000000E+00  7.03492190E-03  8.76985875E-01
 -3.39900000E-01  1.97001500E+00 -1.05700671E+00  0.00000000E+00  6.75833074E-01  0.00000000E+00  7.02339573E-03  8.83652837E-01
 -3.39900000E-01  1.97025000E+00 -1.05955897E+00  0.00000000E+00  6.76947298E-01  0.00000000E+00  7.01187998E-03  8.90345044E-01
 -3.39900000E-01  1.97048500E+00 -1.06210037E+00  0.00000000E+00  6.78060453E-01  0.00000000E+00  7.00037507E-03  8.97062497E-01
 -3.39900000E-01  1.97072000E+00 -1.06463091E+00  0.00000000E+00  6.79172465E-01  0.00000000E+00  6.98888141E-03  9.03805196E-01
 -3.39900000E-01  1.97095500E+00 -1.06715059E+00  0.00000000E+00  6.80283263E-01  0.00000000E+00  6.97739940E-03  9.10573140E-01
 -3.39900000E-01  1.97119000E+00 -1.06965939E+00  0.00000000E+00  6.81392775E-01  0.00000000E+00  6.96592947E-03  9.17366330E-01
 -3.39900000E-01  1.97142500E+00 -1.07215734E+00  0.00000000E+00  6.82500927E-01  0.00000000E+00  6.95447202E-03  9.24184766E-01
 -3.39900000E-01  1.97166000E+00 -1.07464442E+00  0.00000000E+00  6.83607647E-01  0.00000000E+00  6.94302746E-03  9.31028448E-01
 -3.39900000E-01  1.97189500E+00 -1.07712063E+00  0.00000000E+00  6.84712864E-01  0.00000000E+00  6.93159621E-03  9.37897375E-01
 -3.39900000E-01  1.97213000E+00 -1.07958598E+00  0.00000000E+00  6.85816503E-01  0.00000000E+00  6.92017867E-03  9.44791548E-01
 -3.39900000E-01  1.97236500E+00 -1.08204047E+00  0.00000000E+00  6.86918493E-01  0.00000000E+00  6.90877336E-03  9.51710966E-01
 -3.39900000E-01  1.97260000E+00 -1.08448409E+00  0.00000000E+00  6.88018829E-01  0.00000000E+00  6.89736974E-03  9.58655631E-01
 -3.39900000E-01  1.97283500E+00 -1.08691685E+00  0.00000000E+00  6.89117504E-01  0.00000000E+00  6.88597959E-03  9.65625541E-01
 -3.39900000E-01  1.97307000E+00 -1.08933874E+00  0.00000000E+00  6.90214464E-01  0.00000000E+00  6.87460303E-03  9.72620696E-01
 -3.39900000E-01  1.97330500E+00 -1.09174977E+00  0.00000000E+00  6.91309653E-01  0.00000000E+00  6.86324017E-03  9.79641098E-01
 -3.39900000E-01  1.97354000E+00 -1.09414993E+00  0.00000000E+00  6.92403016E-01  0.00000000E+00  6.85189115E-03  9.86686745E-01
 -3.39900000E-01  1.97377500E+00 -1.09653923E+00  0.00000000E+00  6.93494497E-01  0.00000000E+00  6.84055607E-03  9.93757637E-01
 -3.39900000E-01  1.97401000E+00 -1.09891766E+00  0.00000000E+00  6.94584040E-01  0.00000000E+00  6.82923506E-03  1.00085378E+00
 -3.39900000E-01  1.97424500E+00 -1.10128523E+00  0.00000000E+00  6.95671590E-01  0.00000000E+00  6.81792823E-03  1.00797516E+00
 -3.39900000E-01  1.97448000E+00 -1.10364194E+00  0.00000000E+00  6.96757092E-01  0.00000000E+00  6.80663570E-03  1.01512179E+00
 -3.39900000E-01  1.97471500E+00 -1.10598778E+00  0.00000000E+00  6.97840490E-01  0.00000000E+00  6.79535760E-03  1.02229366E+00
 -3.39900000E-01  1.97495000E+00 -1.10832275E+00  0.00000000E+00  6.98921728E-01  0.00000000E+00  6.78409404E-03  1.02949079E+00
 -3.39900000E-01  1.97518500E+00 -1.11064686E+00  0.00000000E+00  7.00000752E-01  0.00000000E+00  6.77284514E-03  1.03671315E+00
 -3.39900000E-01  1.97542000E+00 -1.11296011E+00  0.00000000E+00  7.01077505E-01  0.00000000E+00  6.76161102E-03  1.04396077E+00
 -3.39900000E-01  1.97565500E+00 -1.11526249E+00  0.00000000E+00  7.02151932E-01  0.00000000E+00  6.75039180E-03  1.05123362E+00
 -3.39900000E-01  1.97589000E+00 -1.11755401E+00  0.00000000E+00  7.03223977E-01  0.00000000E+00  6.73918760E-03  1.05853173E+00
 -3.39900000E-01  1.97612500E+00 -1.11983466E+00  0.00000000E+00  7.04293586E-01  0.00000000E+00  6.72799854E-03  1.06585508E+00
 -3.39900000E-01  1.97636000E+00 -1.12210445E+00  0.00000000E+00  7.05360702E-01  0.00000000E+00  6.71682473E-03  1.07320367E+00
 -3.39900000E-01  1.97659500E+00 -1.12436338E+00  0.00000000E+00  7.06425270E-01  0.00000000E+00  6.70566629E-03  1.08057751E+00
 -3.39900000E-01  1.97683000E+00 -1.12661143E+00  0.00000000E+00  7.07487235E-01  0.00000000E+00  6.69452335E-03  1.08797660E+00
 -3.39900000E-01  1.97706500E+00 -1.12884863E+00  0.00000000E+00  7.08546541E-01  0.00000000E+00  6.68339603E-03  1.09540093E+00
 -3.39900000E-01  1.97730000E+00 -1.13107496E+00  0.00000000E+00  7.09603132E-01  0.00000000E+00  6.67228443E-03  1.10285051E+00
 -3.39900000E-01  1.97753500E+00 -1.13329042E+00  0.00000000E+00  7.10656953E-01  0.00000000E+00  6.66118869E-03  1.11032533E+00
 -3.39900000E-01  1.97777000E+00 -1.13549503E+00  0.00000000E+00  7.11707949E-01  0.00000000E+00  6.65010892E-03  1.11782540E+00
 -3.39900000E-01  1.97800500E+00 -1.13768876E+00  0.00000000E+00  7.12756064E-01  0.00000000E+00  6.63904523E-03  1.12535072E+00
 -3.39900000E-01  1.97824000E+00 -1.13987163E+00  0.00000000E+00  7.13801242E-01  0.00000000E+00  6.62799776E-03  1.13290128E+00
 -3.39900000E-01  1.97847500E+00 -1.14204364E+00  0.00000000E+00  7.14843428E-01  0.00000000E+00  6.61696661E-03  1.14047709E+00
 -3.39900000E-01  1.97871000E+00 -1.14420478E+00  0.00000000E+00  7.15882567E-01  0.00000000E+00  6.60595191E-03  1.14807814E+00
 -3.39900000E-01  1.97894500E+00 -1.14635506E+00  0.00000000E+00  7.16918603E-01  0.00000000E+00  6.59495377E-03  1.15570444E+00
 -3.39900000E-01  1.97918000E+00 -1.14849448E+00  0.00000000E+00  7.17951480E-01  0.00000000E+00  6.58397232E-03  1.16335598E+00
 -3.39900000E-01  1.97941500E+00 -1.15062303E+00  0.00000000E+00  7.18981144E-01  0.00000000E+00  6.57300767E-03  1.17103277E+00
 -3.39900000E-01  1.97965000E+00 -1.15274071E+00  0.00000000E+00  7.20007538E-01  0.00000000E+00  6.56205994E-03  1.17873480E+00
 -3.39900000E-01  1.97988500E+00 -1.15484753E+00  0.00000000E+00  7.21030607E-01  0.00000000E+00  6.55112926E-03  1.18646208E+00
 -3.39900000E-01  1.98012000E+00 -1.15694349E+00  0.00000000E+00  7.22050295E-01  0.00000000E+00  6.54021573E-03  1.19421461E+00
 -3.39900000E-01  1.98035500E+00 -1.15902858E+00  0.00000000E+00  7.23066547E-01  0.00000000E+00  6.52931949E-03  1.20199238E+00
 -3.39900000E-01  1.98059000E+00 -1.16110280E+00  0.00000000E+00  7.24079308E-01  0.00000000E+00  6.51844064E-03  1.20979540E+00
 -3.39900000E-01  1.98082500E+00 -1.16316617E+00  0.00000000E+00  7.25088522E-01  0.00000000E+00  6.50757931E-03  1.21762366E+00
 -3.39900000E-01  1.98106000E+00 -1.16521866E+00  0.00000000E+00  7.26094133E-01  0.00000000E+00  6.49673562E-03  1.22547717E+00
 -3.39900000E-01  1.98129500E+00 -1.16726030E+00  0.00000000E+00  7.27096087E-01  0.00000000E+00  6.48590968E-03  1.23335593E+00
 -3.39900000E-01  1.98153000E+00 -1.16929106E+00  0.00000000E+00  7.28094327E-01  0.00000000E+00  6.47510162E-03  1.24125993E+00
 -3.39900000E-01  1.98176500E+00 -1.17131097E+00  0.00000000E+00  7.29088797E-01  0.00000000E+00  6.46431155E-03  1.24918917E+00
 -3.39900000E-01  1.98200000E+00 -1.17332001E+00  0.00000000E+00  7.30079444E-01  0.00000000E+00  6.45353959E-03  1.25714367E+00
 -3.39900000E-01  1.98223500E+00 -1.17531818E+00  0.00000000E+00  7.31066210E-01  0.00000000E+00  6.44278587E-03  1.26512340E+00
 -3.39900000E-01  1.98247000E+00 -1.17730549E+00  0.00000000E+00  7.32049041E-01  0.00000000E+00  6.43205049E-03  1.27312839E+00
 -3.39900000E-01  1.98270500E+00 -1.17928194E+00  0.00000000E+00  7.33027880E-01  0.00000000E+00  6.42133359E-03  1.28115862E+00
 -3.39900000E-01  1.98294000E+00 -1.18124752E+00  0.00000000E+00  7.34002674E-01  0.00000000E+00  6.41063527E-03  1.28921409E+00
 -3.39900000E-01  1.98317500E+00 -1.18320223E+00  0.00000000E+00  7.34973365E-01  0.00000000E+00  6.39995567E-03  1.29729481E+00
 -3.39900000E-01  1.98341000E+00 -1.18514609E+00  0.00000000E+00  7.35939898E-01  0.00000000E+00  6.38929489E-03  1.30540078E+00
 -3.39900000E-01  1.98364500E+00 -1.18707907E+00  0.00000000E+00  7.36902219E-01  0.00000000E+00  6.37865305E-03  1.31353199E+00
 -3.39900000E-01  1.98388000E+00 -1.18900120E+00  0.00000000E+00  7.37860271E-01  0.00000000E+00  6.36803028E-03  1.32168845E+00
 -3.39900000E-01  1.98411500E+00 -1.19091245E+00  0.00000000E+00  7.38813999E-01  0.00000000E+00  6.35742669E-03  1.32987015E+00
 -3.39900000E-01  1.98435000E+00 -1.19281285E+00  0.00000000E+00  7.39763348E-01  0.00000000E+00  6.34684241E-03  1.33807710E+00
 -3.39900000E-01  1.98458500E+00 -1.19470238E+00  0.00000000E+00  7.40708261E-01  0.00000000E+00  6.33627755E-03  1.34630929E+00
 -3.39900000E-01  1.98482000E+00 -1.19658104E+00  0.00000000E+00  7.41650006E-01  0.00000000E+00  6.32572887E-03  1.35456673E+00
 -3.39900000E-01  1.98505500E+00 -1.19844884E+00  0.00000000E+00  7.42588151E-01  0.00000000E+00  6.31519767E-03  1.36284942E+00
 -3.39900000E-01  1.98529000E+00 -1.20030578E+00  0.00000000E+00  7.43522014E-01  0.00000000E+00  6.30468568E-03  1.37115735E+00
 -3.39900000E-01  1.98552500E+00 -1.20215185E+00  0.00000000E+00  7.44451573E-01  0.00000000E+00  6.29419290E-03  1.37949053E+00
 -3.39900000E-01  1.98576000E+00 -1.20398705E+00  0.00000000E+00  7.45376803E-01  0.00000000E+00  6.28371935E-03  1.38784895E+00
 -3.39900000E-01  1.98599500E+00 -1.20581139E+00  0.00000000E+00  7.46297679E-01  0.00000000E+00  6.27326506E-03  1.39623262E+00
 -3.39900000E-01  1.98623000E+00 -1.20762487E+00  0.00000000E+00  7.47214178E-01  0.00000000E+00  6.26283002E-03  1.40464153E+00
 -3.39900000E-01  1.98646500E+00 -1.20942748E+00  0.00000000E+00  7.48126275E-01  0.00000000E+00  6.25241425E-03  1.41307569E+00
 -3.39900000E-01  1.98670000E+00 -1.21121923E+00  0.00000000E+00  7.49033947E-01  0.00000000E+00  6.24201778E-03  1.42153510E+00
 -3.39900000E-01  1.98693500E+00 -1.21300011E+00  0.00000000E+00  7.49937168E-01  0.00000000E+00  6.23164060E-03  1.43001975E+00
 -3.39900000E-01  1.98717000E+00 -1.21477013E+00  0.00000000E+00  7.50835916E-01  0.00000000E+00  6.22128274E-03  1.43852965E+00
 -3.39900000E-01  1.98740500E+00 -1.21652929E+00  0.00000000E+00  7.51730164E-01  0.00000000E+00  6.21094421E-03  1.44706479E+00
 -3.39900000E-01  1.98764000E+00 -1.21827758E+00  0.00000000E+00  7.52619891E-01  0.00000000E+00  6.20062502E-03  1.45562518E+00
 -3.39900000E-01  1.98787500E+00 -1.22001500E+00  0.00000000E+00  7.53505071E-01  0.00000000E+00  6.19032519E-03  1.46421081E+00
 -3.39900000E-01  1.98811000E+00 -1.22174156E+00  0.00000000E+00  7.54385679E-01  0.00000000E+00  6.18004473E-03  1.47282169E+00
 -3.39900000E-01  1.98834500E+00 -1.22345726E+00  0.00000000E+00  7.55261693E-01  0.00000000E+00  6.16978365E-03  1.48145782E+00
 -3.39900000E-01  1.98858000E+00 -1.22516209E+00  0.00000000E+00  7.56133088E-01  0.00000000E+00  6.15954198E-03  1.49011919E+00
 -3.39900000E-01  1.98881500E+00 -1.22685606E+00  0.00000000E+00  7.56999839E-01  0.00000000E+00  6.14931971E-03  1.49880580E+00
 -3.39900000E-01  1.98905000E+00 -1.22853916E+00  0.00000000E+00  7.57861923E-01  0.00000000E+00  6.13911687E-03  1.50751767E+00
 -3.39900000E-01  1.98928500E+00 -1.23021140E+00  0.00000000E+00  7.58719315E-01  0.00000000E+00  6.12893346E-03  1.51625477E+00
 -3.39900000E-01  1.98952000E+00 -1.23187277E+00  0.00000000E+00  7.59571991E-01  0.00000000E+00  6.11876951E-03  1.52501713E+00
 -3.39900000E-01  1.98975500E+00 -1.23352328E+00  0.00000000E+00  7.60419927E-01  0.00000000E+00  6.10862503E-03  1.53380473E+00
 -3.39900000E-01  1.98999000E+00 -1.23516292E+00  0.00000000E+00  7.61263099E-01  0.00000000E+00  6.09850003E-03  1.54261757E+00
 -3.39900000E-01  1.99022500E+00 -1.23679170E+00  0.00000000E+00  7.62101483E-01  0.00000000E+00  6.08839452E-03  1.55145566E+00
 -3.39900000E-01  1.99046000E+00 -1.23840962E+00  0.00000000E+00  7.62935054E-01  0.00000000E+00  6.07830852E-03  1.56031900E+00
 -3.39900000E-01  1.99069500E+00 -1.24001667E+00  0.00000000E+00  7.63763788E-01  0.00000000E+00  6.06824204E-03  1.56920758E+00
 -3.39900000E-01  1.99093000E+00 -1.24161286E+00  0.00000000E+00  7.64587661E-01  0.00000000E+00  6.05819510E-03  1.57812141E+00
 -3.39900000E-01  1.99116500E+00 -1.24319818E+00  0.00000000E+00  7.65406650E-01  0.00000000E+00  6.04816770E-03  1.58706048E+00
 -3.39900000E-01  1.99140000E+00 -1.24477263E+00  0.00000000E+00  7.66220729E-01  0.00000000E+00  6.03815987E-03  1.59602480E+00
 -3.39900000E-01  1.99163500E+00 -1.24633623E+00  0.00000000E+00  7.67029874E-01  0.00000000E+00  6.02817162E-03  1.60501437E+00
 -3.39900000E-01  1.99187000E+00 -1.24788895E+00  0.00000000E+00  7.67834062E-01  0.00000000E+00  6.01820296E-03  1.61402918E+00
 -3.39900000E-01  1.99210500E+00 -1.24943082E+00  0.00000000E+00  7.68633269E-01  0.00000000E+00  6.00825390E-03  1.62306924E+00
 -3.39900000E-01  1.99234000E+00 -1.25096182E+00  0.00000000E+00  7.69427469E-01  0.00000000E+00  5.99832446E-03  1.63213454E+00
 -3.39900000E-01  1.99257500E+00 -1.25248195E+00  0.00000000E+00  7.70216639E-01  0.00000000E+00  5.98841465E-03  1.64122509E+00
 -3.39900000E-01  1.99281000E+00 -1.25399122E+00  0.00000000E+00  7.71000755E-01  0.00000000E+00  5.97852449E-03  1.65034088E+00
 -3.39900000E-01  1.99304500E+00 -1.25548962E+00  0.00000000E+00  7.71779793E-01  0.00000000E+00  5.96865399E-03  1.65948192E+00
 -3.39900000E-01  1.99328000E+00 -1.25697717E+00  0.00000000E+00  7.72553728E-01  0.00000000E+00  5.95880316E-03  1.66864820E+00
 -3.39900000E-01  1.99351500E+00 -1.25845384E+00  0.00000000E+00  7.73322536E-01  0.00000000E+00  5.94897202E-03  1.67783973E+00
 -3.39900000E-01  1.99375000E+00 -1.25991965E+00  0.00000000E+00  7.74086193E-01  0.00000000E+00  5.93916057E-03  1.68705651E+00
 -3.39900000E-01  1.99398500E+00 -1.26137460E+00  0.00000000E+00  7.74844675E-01  0.00000000E+00  5.92936885E-03  1.69629853E+00
 -3.39900000E-01  1.99422000E+00 -1.26281868E+00  0.00000000E+00  7.75597958E-01  0.00000000E+00  5.91959685E-03  1.70556580E+00
 -3.39900000E-01  1.99445500E+00 -1.26425190E+00  0.00000000E+00  7.76346018E-01  0.00000000E+00  5.90984459E-03  1.71485831E+00
 -3.39900000E-01  1.99469000E+00 -1.26567425E+00  0.00000000E+00  7.77088829E-01  0.00000000E+00  5.90011209E-03  1.72417607E+00
 -3.39900000E-01  1.99492500E+00 -1.26708574E+00  0.00000000E+00  7.77826369E-01  0.00000000E+00  5.89039936E-03  1.73351908E+00
 -3.39900000E-01  1.99516000E+00 -1.26848636E+00  0.00000000E+00  7.78558613E-01  0.00000000E+00  5.88070642E-03  1.74288733E+00
 -3.39900000E-01  1.99539500E+00 -1.26987612E+00  0.00000000E+00  7.79285537E-01  0.00000000E+00  5.87103327E-03  1.75228082E+00
 -3.39900000E-01  1.99563000E+00 -1.27125502E+00  0.00000000E+00  7.80007117E-01  0.00000000E+00  5.86137993E-03  1.76169957E+00
 -3.39900000E-01  1.99586500E+00 -1.27262305E+00  0.00000000E+00  7.80723328E-01  0.00000000E+00  5.85174642E-03  1.77114355E+00
 -3.39900000E-01  1.99610000E+00 -1.27398022E+00  0.00000000E+00  7.81434146E-01  0.00000000E+00  5.84213274E-03  1.78061279E+00
 -3.39900000E-01  1.99633500E+00 -1.27532652E+00  0.00000000E+00  7.82139548E-01  0.00000000E+00  5.83253892E-03  1.79010727E+00
 -3.39900000E-01  1.99657000E+00 -1.27666195E+00  0.00000000E+00  7.82839508E-01  0.00000000E+00  5.82296496E-03  1.79962699E+00
 -3.39900000E-01  1.99680500E+00 -1.27798653E+00  0.00000000E+00  7.83534004E-01  0.00000000E+00  5.81341088E-03  1.80917196E+00
 -3.39900000E-01  1.99704000E+00 -1.27930023E+00  0.00000000E+00  7.84223299E-01  0.00000000E+00  5.80387639E-03  1.81874218E+00
 -3.39900000E-01  1.99727500E+00 -1.28060308E+00  0.00000000E+00  7.84908640E-01  0.00000000E+00  5.79436021E-03  1.82833764E+00
 -3.39900000E-01  1.99751000E+00 -1.28189505E+00  0.00000000E+00  7.85588731E-01  0.00000000E+00  5.78486375E-03  1.83795834E+00
 -3.39900000E-01  1.99774500E+00 -1.28317617E+00  0.00000000E+00  7.86263597E-01  0.00000000E+00  5.77538699E-03  1.84760430E+00
 -3.39900000E-01  1.99798000E+00 -1.28444642E+00  0.00000000E+00  7.86933268E-01  0.00000000E+00  5.76592991E-03  1.85727550E+00
 -3.39900000E-01  1.99821500E+00 -1.28570580E+00  0.00000000E+00  7.87597770E-01  0.00000000E+00  5.75649249E-03  1.86697194E+00
 -3.39900000E-01  1.99845000E+00 -1.28695432E+00  0.00000000E+00  7.88257130E-01  0.00000000E+00  5.74707469E-03  1.87669363E+00
 -3.39900000E-01  1.99868500E+00 -1.28819198E+00  0.00000000E+00  7.88911375E-01  0.00000000E+00  5.73767650E-03  1.88644057E+00
 -3.39900000E-01  1.99892000E+00 -1.28941877E+00  0.00000000E+00  7.89560534E-01  0.00000000E+00  5.72829788E-03  1.89621275E+00
 -3.39900000E-01  1.99915500E+00 -1.29063470E+00  0.00000000E+00  7.90204633E-01  0.00000000E+00  5.71893883E-03  1.90601018E+00
 -3.39900000E-01  1.99939000E+00 -1.29183976E+00  0.00000000E+00  7.90843700E-01  0.00000000E+00  5.70959931E-03  1.91583285E+00
 -3.39900000E-01  1.99962500E+00 -1.29303396E+00  0.00000000E+00  7.91477762E-01  0.00000000E+00  5.70027930E-03  1.92568077E+00
 -3.39900000E-01  1.99986000E+00 -1.29421729E+00  0.00000000E+00  7.92106846E-01  0.00000000E+00  5.69097877E-03  1.93555393E+00
 -3.39900000E-01  2.00009500E+00 -1.29538976E+00  0.00000000E+00  7.92730979E-01  0.00000000E+00  5.68169770E-03  1.94545234E+00
 -3.39900000E-01  2.00033000E+00 -1.29655136E+00  0.00000000E+00  7.93350190E-01  0.00000000E+00  5.67243607E-03  1.95537600E+00
 -3.39900000E-01  2.00056500E+00 -1.29770210E+00  0.00000000E+00  7.93964504E-01  0.00000000E+00  5.66319386E-03  1.96532490E+00
 -3.39900000E-01  2.00080000E+00 -1.29884197E+00  0.00000000E+00  7.94573950E-01  0.00000000E+00  5.65397103E-03  1.97529904E+00
 -3.39900000E-01  2.00103500E+00 -1.29997098E+00  0.00000000E+00  7.95178555E-01  0.00000000E+00  5.64476756E-03  1.98529844E+00
 -3.39900000E-01  2.00127000E+00 -1.30108913E+00  0.00000000E+00  7.95778345E-01  0.00000000E+00  5.63558344E-03  1.99532308E+00
 -3.39900000E-01  2.00150500E+00 -1.30219641E+00  0.00000000E+00  7.96373349E-01  0.00000000E+00  5.62641864E-03  2.00537296E+00
 -3.39900000E-01  2.00174000E+00 -1.30329283E+00  0.00000000E+00  7.96963594E-01  0.00000000E+00  5.61727313E-03  2.01544809E+00
 -3.39900000E-01  2.00197500E+00 -1.30437838E+00  0.00000000E+00  7.97549107E-01  0.00000000E+00  5.60814688E-03  2.02554846E+00
 -3.39900000E-01  2.00221000E+00 -1.30545307E+00  0.00000000E+00  7.98129915E-01  0.00000000E+00  5.59903988E-03  2.03567409E+00
 -3.39900000E-01  2.00244500E+00 -1.30651689E+00  0.00000000E+00  7.98706045E-01  0.00000000E+00  5.58995211E-03  2.04582495E+00
 -3.39900000E-01  2.00268000E+00 -1.30756985E+00  0.00000000E+00  7.99277525E-01  0.00000000E+00  5.58088353E-03  2.05600106E+00
 -3.39900000E-01  2.00291500E+00 -1.30861194E+00  0.00000000E+00  7.99844383E-01  0.00000000E+00  5.57183412E-03  2.06620242E+00
 -3.39900000E-01  2.00315000E+00 -1.30964317E+00  0.00000000E+00  8.00406645E-01  0.00000000E+00  5.56280386E-03  2.07642903E+00
 -3.39900000E-01  2.00338500E+00 -1.31066353E+00  0.00000000E+00  8.00964339E-01  0.00000000E+00  5.55379272E-03  2.08668088E+00
 -3.39900000E-01  2.00362000E+00 -1.31167303E+00  0.00000000E+00  8.01517491E-01  0.00000000E+00  5.54480069E-03  2.09695797E+00
 -3.39900000E-01  2.00385500E+00 -1.31267167E+00  0.00000000E+00  8.02066131E-01  0.00000000E+00  5.53582773E-03  2.10726031E+00
 -3.39900000E-01  2.00409000E+00 -1.31365944E+00  0.00000000E+00  8.02610283E-01  0.00000000E+00  5.52687383E-03  2.11758790E+00
 -3.39900000E-01  2.00432500E+00 -1.31463635E+00  0.00000000E+00  8.03149977E-01  0.00000000E+00  5.51793895E-03  2.12794073E+00
 -3.39900000E-01  2.00456000E+00 -1.31560239E+00  0.00000000E+00  8.03685239E-01  0.00000000E+00  5.50902308E-03  2.13831881E+00
 -3.39900000E-01  2.00479500E+00 -1.31655757E+00  0.00000000E+00  8.04216097E-01  0.00000000E+00  5.50012619E-03  2.14872213E+00
 -3.39900000E-01  2.00503000E+00 -1.31750188E+00  0.00000000E+00  8.04742578E-01  0.00000000E+00  5.49124826E-03  2.15915070E+00
 -3.39900000E-01  2.00526500E+00 -1.31843533E+00  0.00000000E+00  8.05264708E-01  0.00000000E+00  5.48238926E-03  2.16960452E+00
 -3.39900000E-01  2.00550000E+00 -1.31935791E+00  0.00000000E+00  8.05782517E-01  0.00000000E+00  5.47354916E-03  2.18008358E+00
 -3.39900000E-01  2.00573500E+00 -1.32026963E+00  0.00000000E+00  8.06296030E-01  0.00000000E+00  5.46472796E-03  2.19058788E+00
 -3.39900000E-01  2.00597000E+00 -1.32117048E+00  0.00000000E+00  8.06805275E-01  0.00000000E+00  5.45592561E-03  2.20111744E+00
 -3.39900000E-01  2.00620500E+00 -1.32206047E+00  0.00000000E+00  8.07310279E-01  0.00000000E+00  5.44714210E-03  2.21167223E+00
 -3.39900000E-01  2.00644000E+00 -1.32293960E+00  0.00000000E+00  8.07811071E-01  0.00000000E+00  5.43837740E-03  2.22225228E+00
 -3.39900000E-01  2.00667500E+00 -1.32380786E+00  0.00000000E+00  8.08307676E-01  0.00000000E+00  5.42963149E-03  2.23285757E+00
 -3.39900000E-01  2.00691000E+00 -1.32466526E+00  0.00000000E+00  8.08800123E-01  0.00000000E+00  5.42090434E-03  2.24348810E+00
 -3.39900000E-01  2.00714500E+00 -1.32551179E+00  0.00000000E+00  8.09288438E-01  0.00000000E+00  5.41219594E-03  2.25414388E+00
 -3.39900000E-01  2.00738000E+00 -1.32634745E+00  0.00000000E+00  8.09772649E-01  0.00000000E+00  5.40350625E-03  2.26482491E+00
 -3.39900000E-01  2.00761500E+00 -1.32717226E+00  0.00000000E+00  8.10252783E-01  0.00000000E+00  5.39483525E-03  2.27553118E+00
 -3.39900000E-01  2.00785000E+00 -1.32798620E+00  0.00000000E+00  8.10728868E-01  0.00000000E+00  5.38618292E-03  2.28626270E+00
 -3.39900000E-01  2.00808500E+00 -1.32878927E+00  0.00000000E+00  8.11200930E-01  0.00000000E+00  5.37754924E-03  2.29701946E+00
 -3.39900000E-01  2.00832000E+00 -1.32958148E+00  0.00000000E+00  8.11668998E-01  0.00000000E+00  5.36893417E-03  2.30780147E+00
 -3.39900000E-01  2.00855500E+00 -1.33036282E+00  0.00000000E+00  8.12133098E-01  0.00000000E+00  5.36033771E-03  2.31860873E+00
 -3.39900000E-01  2.00879000E+00 -1.33113330E+00  0.00000000E+00  8.12593258E-01  0.00000000E+00  5.35175981E-03  2.32944123E+00
 -3.39900000E-01  2.00902500E+00 -1.33189292E+00  0.00000000E+00  8.13049505E-01  0.00000000E+00  5.34320046E-03  2.34029897E+00
 -3.39900000E-01  2.00926000E+00 -1.33264167E+00  0.00000000E+00  8.13501866E-01  0.00000000E+00  5.33465964E-03  2.35118196E+00
 -3.39900000E-01  2.00949500E+00 -1.33337955E+00  0.00000000E+00  8.13906316E-01  0.00000000E+00  5.32613692E-03  2.36209020E+00
 -3.39900000E-01  2.00973000E+00 -1.33410658E+00  0.00000000E+00  8.14297980E-01  0.00000000E+00  5.31763243E-03  2.37302368E+00
 -3.39900000E-01  2.00996500E+00 -1.33482273E+00  0.00000000E+00  8.14697735E-01  0.00000000E+00  5.30914631E-03  2.38398241E+00
 -3.39900000E-01  2.01020000E+00 -1.33552802E+00  0.00000000E+00  8.15104300E-01  0.00000000E+00  5.30067853E-03  2.39496639E+00
 -3.39900000E-01  2.01043500E+00 -1.33622245E+00  0.00000000E+00  8.15516391E-01  0.00000000E+00  5.29222905E-03  2.40597561E+00
 -3.39900000E-01  2.01067000E+00 -1.33690602E+00  0.00000000E+00  8.15932728E-01  0.00000000E+00  5.28379784E-03  2.41701007E+00
 -3.39900000E-01  2.01090500E+00 -1.33757871E+00  0.00000000E+00  8.16352027E-01  0.00000000E+00  5.27538486E-03  2.42806979E+00
 -3.39900000E-01  2.01114000E+00 -1.33824055E+00  0.00000000E+00  8.16773007E-01  0.00000000E+00  5.26699007E-03  2.43915474E+00
 -3.39900000E-01  2.01137500E+00 -1.33889152E+00  0.00000000E+00  8.17194385E-01  0.00000000E+00  5.25861343E-03  2.45026495E+00
 -3.39900000E-01  2.01161000E+00 -1.33953162E+00  0.00000000E+00  8.17614880E-01  0.00000000E+00  5.25025492E-03  2.46140039E+00
 -3.39900000E-01  2.01184500E+00 -1.34016086E+00  0.00000000E+00  8.18033210E-01  0.00000000E+00  5.24191450E-03  2.47256109E+00
 -3.39900000E-01  2.01208000E+00 -1.34077924E+00  0.00000000E+00  8.18448092E-01  0.00000000E+00  5.23359213E-03  2.48374703E+00
 -3.39900000E-01  2.01231500E+00 -1.34138675E+00  0.00000000E+00  8.18858244E-01  0.00000000E+00  5.22528777E-03  2.49495821E+00
 -3.39900000E-01  2.01255000E+00 -1.34198340E+00  0.00000000E+00  8.19262385E-01  0.00000000E+00  5.21700139E-03  2.50619465E+00
 -3.39900000E-01  2.01278500E+00 -1.34256918E+00  0.00000000E+00  8.19659231E-01  0.00000000E+00  5.20873296E-03  2.51745632E+00
 -3.39900000E-01  2.01302000E+00 -1.34314410E+00  0.00000000E+00  8.20047502E-01  0.00000000E+00  5.20048243E-03  2.52874325E+00
 -3.39900000E-01  2.01325500E+00 -1.34370815E+00  0.00000000E+00  8.20425915E-01  0.00000000E+00  5.19224977E-03  2.54005541E+00
 -3.39900000E-01  2.01349000E+00 -1.34426134E+00  0.00000000E+00  8.20793187E-01  0.00000000E+00  5.18403495E-03  2.55139283E+00
 -3.39900000E-01  2.01372500E+00 -1.34480367E+00  0.00000000E+00  8.21148037E-01  0.00000000E+00  5.17583793E-03  2.56275549E+00
 -3.39900000E-01  2.01396000E+00 -1.34533512E+00  0.00000000E+00  8.21489183E-01  0.00000000E+00  5.16765868E-03  2.57414339E+00
 -3.39900000E-01  2.01419500E+00 -1.34585572E+00  0.00000000E+00  8.21815343E-01  0.00000000E+00  5.15949716E-03  2.58555654E+00
 -3.39900000E-01  2.01443000E+00 -1.34636545E+00  0.00000000E+00  8.22125234E-01  0.00000000E+00  5.15135332E-03  2.59699494E+00
 -3.39900000E-01  2.01466500E+00 -1.34686432E+00  0.00000000E+00  8.22417574E-01  0.00000000E+00  5.14322715E-03  2.60845858E+00
 -3.39900000E-01  2.01490000E+00 -1.34735232E+00  0.00000000E+00  8.22691082E-01  0.00000000E+00  5.13511860E-03  2.61994747E+00
 -3.39900000E-01  2.01513500E+00 -1.34782945E+00  0.00000000E+00  8.22944475E-01  0.00000000E+00  5.12702763E-03  2.63146161E+00
 -3.39900000E-01  2.01537000E+00 -1.34829573E+00  0.00000000E+00  8.23176472E-01  0.00000000E+00  5.11895422E-03  2.64300099E+00
 -3.39900000E-01  2.01560500E+00 -1.34875113E+00  0.00000000E+00  8.23385789E-01  0.00000000E+00  5.11089831E-03  2.65456561E+00
 -3.39900000E-01  2.01584000E+00 -1.34919568E+00  0.00000000E+00  8.23571145E-01  0.00000000E+00  5.10285989E-03  2.66615548E+00
 -3.39900000E-01  2.01607500E+00 -1.34962936E+00  0.00000000E+00  8.23731258E-01  0.00000000E+00  5.09483891E-03  2.67777060E+00
 -3.39900000E-01  2.01631000E+00 -1.35005217E+00  0.00000000E+00  8.23864847E-01  0.00000000E+00  5.08683534E-03  2.68941096E+00
 -3.39900000E-01  2.01654500E+00 -1.35046412E+00  0.00000000E+00  8.23970627E-01  0.00000000E+00  5.07884914E-03  2.70107657E+00
 -3.39900000E-01  2.01678000E+00 -1.35086520E+00  0.00000000E+00  8.24047319E-01  0.00000000E+00  5.07088028E-03  2.71276742E+00
 -3.39900000E-01  2.01701500E+00 -1.35125542E+00  0.00000000E+00  8.24093639E-01  0.00000000E+00  5.06292871E-03  2.72448352E+00
 -3.39900000E-01  2.01725000E+00 -1.35163478E+00  0.00000000E+00  8.24108305E-01  0.00000000E+00  5.05499441E-03  2.73622487E+00
 -3.39900000E-01  2.01748500E+00 -1.35200327E+00  0.00000000E+00  8.24090036E-01  0.00000000E+00  5.04707734E-03  2.74799146E+00
 -3.39900000E-01  2.01772000E+00 -1.35236090E+00  0.00000000E+00  8.24037549E-01  0.00000000E+00  5.03917746E-03  2.75978330E+00
 -3.39900000E-01  2.01795500E+00 -1.35270766E+00  0.00000000E+00  8.23949563E-01  0.00000000E+00  5.03129474E-03  2.77160038E+00
 -3.39900000E-01  2.01819000E+00 -1.35304356E+00  0.00000000E+00  8.23824794E-01  0.00000000E+00  5.02342914E-03  2.78344271E+00
 -3.39900000E-01  2.01842500E+00 -1.35336859E+00  0.00000000E+00  8.23661962E-01  0.00000000E+00  5.01558063E-03  2.79531028E+00
 -3.39900000E-01  2.01866000E+00 -1.35368276E+00  0.00000000E+00  8.23459783E-01  0.00000000E+00  5.00774916E-03  2.80720310E+00
 -3.39900000E-01  2.01889500E+00 -1.35398606E+00  0.00000000E+00  8.23216977E-01  0.00000000E+00  4.99993471E-03  2.81912116E+00
 -3.39900000E-01  2.01913000E+00 -1.35427850E+00  0.00000000E+00  8.22932260E-01  0.00000000E+00  4.99213724E-03  2.83106447E+00
 -3.39900000E-01  2.01936500E+00 -1.35456008E+00  0.00000000E+00  8.22604350E-01  0.00000000E+00  4.98435671E-03  2.84303303E+00
 -3.39900000E-01  2.01960000E+00 -1.35483079E+00  0.00000000E+00  8.22231967E-01  0.00000000E+00  4.97659309E-03  2.85502683E+00
 -3.39900000E-01  2.01983500E+00 -1.35509063E+00  0.00000000E+00  8.21813827E-01  0.00000000E+00  4.96884634E-03  2.86704588E+00
 -3.39900000E-01  2.02007000E+00 -1.35533961E+00  0.00000000E+00  8.21348648E-01  0.00000000E+00  4.96111642E-03  2.87909017E+00
 -3.39900000E-01  2.02030500E+00 -1.35557773E+00  0.00000000E+00  8.20835149E-01  0.00000000E+00  4.95340331E-03  2.89115971E+00
 -3.39900000E-01  2.02054000E+00 -1.35580498E+00  0.00000000E+00  8.20272047E-01  0.00000000E+00  4.94570696E-03  2.90325450E+00
 -3.39900000E-01  2.02077500E+00 -1.35602137E+00  0.00000000E+00  8.19658060E-01  0.00000000E+00  4.93802733E-03  2.91537453E+00
 -3.39900000E-01  2.02101000E+00 -1.35622689E+00  0.00000000E+00  8.18991906E-01  0.00000000E+00  4.93036440E-03  2.92751980E+00
 -3.39900000E-01  2.02124500E+00 -1.35642155E+00  0.00000000E+00  8.18272303E-01  0.00000000E+00  4.92271813E-03  2.93969033E+00
 -3.39900000E-01  2.02148000E+00 -1.35660535E+00  0.00000000E+00  8.17497969E-01  0.00000000E+00  4.91508848E-03  2.95188609E+00
 -3.39900000E-01  2.02171500E+00 -1.35677435E+00  0.00000000E+00  8.16643979E-01  0.00000000E+00  4.90656813E-03  2.96568391E+00
 -3.39900000E-01  2.02195000E+00 -1.35691823E+00  0.00000000E+00  8.15647896E-01  0.00000000E+00  4.89498677E-03  2.98486010E+00
 -3.39900000E-01  2.02218500E+00 -1.35705291E+00  0.00000000E+00  8.14606865E-01  0.00000000E+00  4.88411429E-03  3.00286449E+00
 -3.39900000E-01  2.02242000E+00 -1.35717866E+00  0.00000000E+00  8.13523448E-01  0.00000000E+00  4.87393025E-03  3.01973082E+00
 -3.39900000E-01  2.02265500E+00 -1.35729574E+00  0.00000000E+00  8.12400206E-01  0.00000000E+00  4.86441422E-03  3.03549285E+00
 -3.39900000E-01  2.02289000E+00 -1.35740444E+00  0.00000000E+00  8.11239702E-01  0.00000000E+00  4.85554575E-03  3.05018432E+00
 -3.39900000E-01  2.02312500E+00 -1.35750502E+00  0.00000000E+00  8.10044497E-01  0.00000000E+00  4.84730440E-03  3.06383899E+00
 -3.39900000E-01  2.02336000E+00 -1.35759775E+00  0.00000000E+00  8.08817152E-01  0.00000000E+00  4.83966975E-03  3.07649061E+00
 -3.39900000E-01  2.02359500E+00 -1.35768292E+00  0.00000000E+00  8.07560229E-01  0.00000000E+00  4.83262135E-03  3.08817293E+00
 -3.39900000E-01  2.02383000E+00 -1.35776078E+00  0.00000000E+00  8.06276290E-01  0.00000000E+00  4.82613877E-03  3.09891971E+00
 -3.39900000E-01  2.02406500E+00 -1.35783162E+00  0.00000000E+00  8.04967895E-01  0.00000000E+00  4.82020156E-03  3.10876469E+00
 -3.39900000E-01  2.02430000E+00 -1.35789570E+00  0.00000000E+00  8.03637607E-01  0.00000000E+00  4.81478930E-03  3.11774162E+00
 -3.39900000E-01  2.02453500E+00 -1.35795329E+00  0.00000000E+00  8.02287987E-01  0.00000000E+00  4.80988154E-03  3.12588427E+00
 -3.39900000E-01  2.02477000E+00 -1.35800467E+00  0.00000000E+00  8.00921597E-01  0.00000000E+00  4.80545784E-03  3.13322637E+00
 -3.39900000E-01  2.02500500E+00 -1.35805012E+00  0.00000000E+00  7.99540999E-01  0.00000000E+00  4.80149778E-03  3.13980169E+00
 -3.39900000E-01  2.02524000E+00 -1.35808989E+00  0.00000000E+00  7.98148753E-01  0.00000000E+00  4.79798090E-03  3.14564397E+00
 -3.39900000E-01  2.02547500E+00 -1.35812427E+00  0.00000000E+00  7.96747422E-01  0.00000000E+00  4.79488678E-03  3.15078696E+00
 -3.39900000E-01  2.02571000E+00 -1.35815353E+00  0.00000000E+00  7.95339566E-01  0.00000000E+00  4.79219498E-03  3.15526441E+00
 -3.39900000E-01  2.02594500E+00 -1.35817793E+00  0.00000000E+00  7.93927748E-01  0.00000000E+00  4.78988505E-03  3.15911009E+00
 -3.39900000E-01  2.02618000E+00 -1.35819775E+00  0.00000000E+00  7.92514530E-01  0.00000000E+00  4.78793657E-03  3.16235773E+00
 -3.39900000E-01  2.02641500E+00 -1.35821327E+00  0.00000000E+00  7.91102472E-01  0.00000000E+00  4.78632909E-03  3.16504110E+00
 -3.39900000E-01  2.02665000E+00 -1.35822474E+00  0.00000000E+00  7.89694136E-01  0.00000000E+00  4.78504218E-03  3.16719393E+00
 -3.39900000E-01  2.02688500E+00 -1.35823246E+00  0.00000000E+00  7.88292084E-01  0.00000000E+00  4.78405540E-03  3.16884999E+00
 -3.39900000E-01  2.02712000E+00 -1.35823668E+00  0.00000000E+00  7.86898878E-01  0.00000000E+00  4.78334831E-03  3.17004303E+00
 -3.39900000E-01  2.02735500E+00 -1.35823768E+00  0.00000000E+00  7.85517078E-01  0.00000000E+00  4.78290048E-03  3.17080679E+00
 -3.39900000E-01  2.02759000E+00 -1.35823574E+00  0.00000000E+00  7.84149247E-01  0.00000000E+00  4.78269146E-03  3.17117503E+00
 -3.39900000E-01  2.02782500E+00 -1.35823111E+00  0.00000000E+00  7.82797946E-01  0.00000000E+00  4.78270083E-03  3.17118150E+00
 -3.39900000E-01  2.02806000E+00 -1.35822409E+00  0.00000000E+00  7.81465737E-01  0.00000000E+00  4.78290813E-03  3.17085996E+00
 -3.39900000E-01  2.02829500E+00 -1.35821493E+00  0.00000000E+00  7.80155181E-01  0.00000000E+00  4.78329294E-03  3.17024414E+00
 -3.39900000E-01  2.02853000E+00 -1.35820391E+00  0.00000000E+00  7.78868839E-01  0.00000000E+00  4.78383482E-03  3.16936781E+00
 -3.39900000E-01  2.02876500E+00 -1.35819130E+00  0.00000000E+00  7.77609274E-01  0.00000000E+00  4.78451333E-03  3.16826472E+00
 -3.39900000E-01  2.02900000E+00 -1.35817738E+00  0.00000000E+00  7.76379047E-01  0.00000000E+00  4.78530804E-03  3.16696861E+00
 -3.39900000E-01  2.02923500E+00 -1.35816241E+00  0.00000000E+00  7.75180719E-01  0.00000000E+00  4.78619850E-03  3.16551325E+00
 -3.39900000E-01  2.02947000E+00 -1.35814667E+00  0.00000000E+00  7.74016853E-01  0.00000000E+00  4.78716427E-03  3.16393237E+00
 -3.39900000E-01  2.02970500E+00 -1.35813044E+00  0.00000000E+00  7.72890009E-01  0.00000000E+00  4.78818493E-03  3.16225974E+00
 -3.39900000E-01  2.02994000E+00 -1.35811397E+00  0.00000000E+00  7.71802749E-01  0.00000000E+00  4.78924003E-03  3.16052910E+00
 -3.39900000E-01  2.03017500E+00 -1.35809755E+00  0.00000000E+00  7.70757635E-01  0.00000000E+00  4.79030914E-03  3.15877421E+00
 -3.39900000E-01  2.03041000E+00 -1.35808144E+00  0.00000000E+00  7.69757228E-01  0.00000000E+00  4.79137182E-03  3.15702881E+00
 -3.39900000E-01  2.03064500E+00 -1.35806592E+00  0.00000000E+00  7.68804090E-01  0.00000000E+00  4.79240763E-03  3.15532667E+00
 -3.39900000E-01  2.03088000E+00 -1.35805126E+00  0.00000000E+00  7.67900782E-01  0.00000000E+00  4.79339613E-03  3.15370152E+00
 -3.39900000E-01  2.03111500E+00 -1.35803773E+00  0.00000000E+00  7.67049867E-01  0.00000000E+00  4.79431689E-03  3.15218713E+00
 -3.39900000E-01  2.03135000E+00 -1.35802561E+00  0.00000000E+00  7.66253905E-01  0.00000000E+00  4.79514947E-03  3.15081724E+00
 -3.39900000E-01  2.03158500E+00 -1.35801516E+00  0.00000000E+00  7.65515458E-01  0.00000000E+00  4.79587343E-03  3.14962561E+00
 -3.39900000E-01  2.03182000E+00 -1.35800667E+00  0.00000000E+00  7.64837087E-01  0.00000000E+00  4.79646833E-03  3.14864598E+00
 -3.39900000E-01  2.03205500E+00 -1.35800039E+00  0.00000000E+00  7.64221355E-01  0.00000000E+00  4.79691375E-03  3.14791211E+00
 -3.39900000E-01  2.03229000E+00 -1.35799660E+00  0.00000000E+00  7.63670823E-01  0.00000000E+00  4.79718923E-03  3.14745775E+00
 -3.39900000E-01  2.03252500E+00 -1.35799558E+00  0.00000000E+00  7.63188052E-01  0.00000000E+00  4.79727434E-03  3.14731665E+00
 -3.39900000E-01  2.03276000E+00 -1.35799759E+00  0.00000000E+00  7.62775604E-01  0.00000000E+00  4.79714865E-03  3.14752257E+00
 -3.39900000E-01  2.03299500E+00 -1.35800291E+00  0.00000000E+00  7.62436041E-01  0.00000000E+00  4.79679172E-03  3.14810925E+00
 -3.39900000E-01  2.03323000E+00 -1.35801181E+00  0.00000000E+00  7.62171924E-01  0.00000000E+00  4.79618310E-03  3.14911044E+00
 -3.39900000E-01  2.03346500E+00 -1.35802456E+00  0.00000000E+00  7.61985814E-01  0.00000000E+00  4.79530237E-03  3.15055991E+00
 -3.39900000E-01  2.03370000E+00 -1.35804144E+00  0.00000000E+00  7.61880273E-01  0.00000000E+00  4.79412909E-03  3.15249139E+00
 -3.39900000E-01  2.03393500E+00 -1.35806271E+00  0.00000000E+00  7.61857864E-01  0.00000000E+00  4.79264281E-03  3.15493865E+00
 -3.39900000E-01  2.03417000E+00 -1.35806941E+00  0.00000000E+00  7.61756916E-01  0.00000000E+00  4.79217371E-03  3.15571113E+00
 -3.39900000E-01  2.03440500E+00 -1.35806941E+00  0.00000000E+00  7.61610830E-01  0.00000000E+00  4.79217371E-03  3.15571113E+00
 -3.39900000E-01  2.03464000E+00 -1.35806941E+00  0.00000000E+00  7.61471149E-01  0.00000000E+00  4.79217371E-03  3.15571113E+00
 -3.39900000E-01  2.03487500E+00 -1.35806941E+00  0.00000000E+00  7.61337702E-01  0.00000000E+00  4.79217371E-03  3.15571113E+00
 -3.39900000E-01  2.03511000E+00 -1.35806941E+00  0.00000000E+00  7.61210317E-01  0.00000000E+00  4.79217371E-03  3.15571113E+00
 -3.39900000E-01  2.03534500E+00 -1.35806941E+00  0.00000000E+00  7.61088823E-01  0.00000000E+00  4.79217371E-03  3.15571113E+00
 -3.39900000E-01  2.03558000E+00 -1.35806941E+00  0.00000000E+00  7.60973049E-01  0.00000000E+00  4.79217371E-03  3.15571113E+00
 -3.39900000E-01  2.03581500E+00 -1.35806941E+00  0.00000000E+00  7.60862824E-01  0.00000000E+00  4.79217371E-03  3.15571113E+00
 -3.39900000E-01  2.03605000E+00 -1.35806941E+00  0.00000000E+00  7.60757977E-01  0.00000000E+00  4.79217371E-03  3.15571113E+00
 -3.39900000E-01  2.03628500E+00 -1.35806941E+00  0.00000000E+00  7.60658336E-01  0.00000000E+00  4.79217371E-03  3.15571113E+00
 -3.39900000E-01  2.03652000E+00 -1.35806941E+00  0.00000000E+00  7.60563729E-01  0.00000000E+00  4.79217371E-03  3.15571113E+00
 -3.39900000E-01  2.03675500E+00 -1.35806941E+00  0.00000000E+00  7.60473987E-01  0.00000000E+00  4.79217371E-03  3.15571113E+00
 -3.39900000E-01  2.03699000E+00 -1.35806941E+00  0.00000000E+00  7.60388937E-01  0.00000000E+00  4.79217371E-03  3.15571113E+00
 -3.39900000E-01  2.03722500E+00 -1.35806941E+00  0.00000000E+00  7.60308408E-01  0.00000000E+00  4.79217371E-03  3.15571113E+00
 -3.39900000E-01  2.03746000E+00 -1.35806941E+00  0.00000000E+00  7.60232229E-01  0.00000000E+00  4.79217371E-03  3.15571113E+00
 -3.39900000E-01  2.03769500E+00 -1.35806941E+00  0.00000000E+00  7.60160229E-01  0.00000000E+00  4.79217371E-03  3.15571113E+00
 -3.39900000E-01  2.03793000E+00 -1.35806941E+00  0.00000000E+00  7.60092236E-01  0.00000000E+00  4.79217371E-03  3.15571113E+00
 -3.39900000E-01  2.03816500E+00 -1.35806941E+00  0.00000000E+00  7.60028080E-01  0.00000000E+00  4.79217371E-03  3.15571113E+00
 -3.39900000E-01  2.03840000E+00 -1.35806941E+00  0.00000000E+00  7.59967589E-01  0.00000000E+00  4.79217371E-03  3.15571113E+00
 -3.39900000E-01  2.03863500E+00 -1.35806941E+00  0.00000000E+00  7.59910591E-01  0.00000000E+00  4.79217371E-03  3.15571113E+00
 -3.39900000E-01  2.03887000E+00 -1.35806941E+00  0.00000000E+00  7.59856916E-01  0.00000000E+00  4.79217371E-03  3.15571113E+00
 -3.39900000E-01  2.03910500E+00 -1.35806941E+00  0.00000000E+00  7.59806392E-01  0.00000000E+00  4.79217371E-03  3.15571113E+00
 -3.39900000E-01  2.03934000E+00 -1.35806941E+00  0.00000000E+00  7.59758848E-01  0.00000000E+00  4.79217371E-03  3.15571113E+00
 -3.39900000E-01  2.03957500E+00 -1.35806941E+00  0.00000000E+00  7.59714113E-01  0.00000000E+00  4.79217371E-03  3.15571113E+00
 -3.39900000E-01  2.03981000E+00 -1.35806941E+00  0.00000000E+00  7.59672015E-01  0.00000000E+00  4.79217371E-03  3.15571113E+00
 -3.39900000E-01  2.04004500E+00 -1.35806941E+00  0.00000000E+00  7.59632384E-01  0.00000000E+00  4.79217371E-03  3.15571113E+00
 -3.39900000E-01  2.04028000E+00 -1.35806941E+00  0.00000000E+00  7.59595048E-01  0.00000000E+00  4.79217371E-03  3.15571113E+00
 -3.39900000E-01  2.04051500E+00 -1.35806941E+00  0.00000000E+00  7.59559835E-01  0.00000000E+00  4.79217371E-03  3.15571113E+00
 -3.39900000E-01  2.04075000E+00 -1.35806941E+00  0.00000000E+00  7.59526575E-01  0.00000000E+00  4.79217371E-03  3.15571113E+00
 -3.39900000E-01  2.04098500E+00 -1.35806941E+00  0.00000000E+00  7.59495097E-01  0.00000000E+00  4.79217371E-03  3.15571113E+00
 -3.39900000E-01  2.04122000E+00 -1.35806941E+00  0.00000000E+00  7.59465228E-01  0.00000000E+00  4.79217371E-03  3.15571113E+00
 -3.39900000E-01  2.04145500E+00 -1.35806941E+00  0.00000000E+00  7.59436798E-01  0.00000000E+00  4.79217371E-03  3.15571113E+00
 -3.39900000E-01  2.04169000E+00 -1.35806941E+00  0.00000000E+00  7.59409636E-01  0.00000000E+00  4.79217371E-03  3.15571113E+00
 -3.39900000E-01  2.04192500E+00 -1.35806941E+00  0.00000000E+00  7.59383569E-01  0.00000000E+00  4.79217371E-03  3.15571113E+00
 -3.39900000E-01  2.04216000E+00 -1.35806941E+00  0.00000000E+00  7.59358428E-01  0.00000000E+00  4.79217371E-03  3.15571113E+00
 -3.39900000E-01  2.04239500E+00 -1.35806941E+00  0.00000000E+00  7.59334041E-01  0.00000000E+00  4.79217371E-03  3.15571113E+00
 -3.39900000E-01  2.04263000E+00 -1.35806941E+00  0.00000000E+00  7.59310236E-01  0.00000000E+00  4.79217371E-03  3.15571113E+00
 -3.39900000E-01  2.04286500E+00 -1.35806941E+00  0.00000000E+00  7.59286843E-01  0.00000000E+00  4.79217371E-03  3.15571113E+00
 -3.39900000E-01  2.04310000E+00 -1.35806941E+00  0.00000000E+00  7.59263689E-01  0.00000000E+00  4.79217371E-03  3.15571113E+00
 -3.39900000E-01  2.04333500E+00 -1.35806941E+00  0.00000000E+00  7.59240605E-01  0.00000000E+00  4.79217371E-03  3.15571113E+00
 -3.39900000E-01  2.04357000E+00 -1.35806941E+00  0.00000000E+00  7.59217418E-01  0.00000000E+00  4.79217371E-03  3.15571113E+00
 -3.39900000E-01  2.04380500E+00 -1.35806941E+00  0.00000000E+00  7.59193957E-01  0.00000000E+00  4.79217371E-03  3.15571113E+00
 -3.39900000E-01  2.04404000E+00 -1.35806941E+00  0.00000000E+00  7.59170051E-01  0.00000000E+00  4.79217371E-03  3.15571113E+00
 -3.39900000E-01  2.04427500E+00 -1.35806941E+00  0.00000000E+00  7.59145529E-01  0.00000000E+00  4.79217371E-03  3.15571113E+00
 -3.39900000E-01  2.04451000E+00 -1.35806941E+00  0.00000000E+00  7.59120220E-01  0.00000000E+00  4.79217371E-03  3.15571113E+00
 -3.39900000E-01  2.04474500E+00 -1.35806941E+00  0.00000000E+00  7.59093952E-01  0.00000000E+00  4.79217371E-03  3.15571113E+00
 -3.39900000E-01  2.04498000E+00 -1.35806941E+00  0.00000000E+00  7.59066554E-01  0.00000000E+00  4.79217371E-03  3.15571113E+00
 -3.39900000E-01  2.04521500E+00 -1.35806941E+00  0.00000000E+00  7.59037855E-01  0.00000000E+00  4.79217371E-03  3.15571113E+00
 -3.39900000E-01  2.04545000E+00 -1.35806941E+00  0.00000000E+00  7.59007683E-01  0.00000000E+00  4.79217371E-03  3.15571113E+00
 -3.39900000E-01  2.04568500E+00 -1.35806941E+00  0.00000000E+00  7.58975868E-01  0.00000000E+00  4.79217371E-03  3.15571113E+00
 -3.39900000E-01  2.04592000E+00 -1.35806941E+00  0.00000000E+00  7.58942237E-01  0.00000000E+00  4.79217371E-03  3.15571113E+00
 -3.39900000E-01  2.04615500E+00 -1.35806941E+00  0.00000000E+00  7.58906621E-01  0.00000000E+00  4.79217371E-03  3.15571113E+00
 -3.39900000E-01  2.04639000E+00 -1.35806941E+00  0.00000000E+00  7.58871699E-01  0.00000000E+00  4.79217371E-03  3.15571113E+00
 -3.39900000E-01  2.04662500E+00 -1.35806941E+00  0.00000000E+00  7.58845583E-01  0.00000000E+00  4.79217371E-03  3.15571113E+00
 -3.39900000E-01  2.04686000E+00 -1.35806941E+00  0.00000000E+00  7.58820577E-01  0.00000000E+00  4.79217371E-03  3.15571113E+00
 -3.39900000E-01  2.04709500E+00 -1.35806941E+00  0.00000000E+00  7.58796681E-01  0.00000000E+00  4.79217371E-03  3.15571113E+00
 -3.39900000E-01  2.04733000E+00 -1.35806941E+00  0.00000000E+00  7.58773895E-01  0.00000000E+00  4.79217371E-03  3.15571113E+00
 -3.39900000E-01  2.04756500E+00 -1.35806941E+00  0.00000000E+00  7.58752219E-01  0.00000000E+00  4.79217371E-03  3.15571113E+00
 -3.39900000E-01  2.04780000E+00 -1.35806941E+00  0.00000000E+00  7.58731653E-01  0.00000000E+00  4.79217371E-03  3.15571113E+00
 -3.39900000E-01  2.04803500E+00 -1.35806941E+00  0.00000000E+00  7.58712198E-01  0.00000000E+00  4.79217371E-03  3.15571113E+00
 -3.39900000E-01  2.04827000E+00 -1.35806941E+00  0.00000000E+00  7.58693853E-01  0.00000000E+00  4.79217371E-03  3.15571113E+00
 -3.39900000E-01  2.04850500E+00 -1.35806941E+00  0.00000000E+00  7.58676619E-01  0.00000000E+00  4.79217371E-03  3.15571113E+00
 -3.39900000E-01  2.04874000E+00 -1.35806941E+00  0.00000000E+00  7.58660495E-01  0.00000000E+00  4.79217371E-03  3.15571113E+00
 -3.39900000E-01  2.04897500E+00 -1.35806941E+00  0.00000000E+00  7.58645483E-01  0.00000000E+00  4.79217371E-03  3.15571113E+00
 -3.39900000E-01  2.04921000E+00 -1.35806941E+00  0.00000000E+00  7.58631582E-01  0.00000000E+00  4.79217371E-03  3.15571113E+00
 -3.39900000E-01  2.04944500E+00 -1.35806941E+00  0.00000000E+00  7.58618791E-01  0.00000000E+00  4.79217371E-03  3.15571113E+00
 -3.39900000E-01  2.04968000E+00 -1.35806941E+00  0.00000000E+00  7.58607113E-01  0.00000000E+00  4.79217371E-03  3.15571113E+00
 -3.39900000E-01  2.04991500E+00 -1.35806941E+00  0.00000000E+00  7.58596545E-01  0.00000000E+00  4.79217371E-03  3.15571113E+00
 -3.39900000E-01  2.05015000E+00 -1.35806941E+00  0.00000000E+00  7.58587089E-01  0.00000000E+00  4.79217371E-03  3.15571113E+00
 -3.39900000E-01  2.05038500E+00 -1.35806941E+00  0.00000000E+00  7.58578746E-01  0.00000000E+00  4.79217371E-03  3.15571113E+00
 -3.39900000E-01  2.05062000E+00 -1.35806941E+00  0.00000000E+00  7.58571514E-01  0.00000000E+00  4.79217371E-03  3.15571113E+00
 -3.39900000E-01  2.05085500E+00 -1.35806941E+00  0.00000000E+00  7.58565394E-01  0.00000000E+00  4.79217371E-03  3.15571113E+00
 -3.39900000E-01  2.05109000E+00 -1.35806941E+00  0.00000000E+00  7.58560386E-01  0.00000000E+00  4.79217371E-03  3.15571113E+00
 -3.39900000E-01  2.05132500E+00 -1.35806941E+00  0.00000000E+00  7.58556490E-01  0.00000000E+00  4.79217371E-03  3.15571113E+00
 -3.39900000E-01  2.05156000E+00 -1.35806941E+00  0.00000000E+00  7.58553707E-01  0.00000000E+00  4.79217371E-03  3.15571113E+00
 -3.39900000E-01  2.05179500E+00 -1.35806941E+00  0.00000000E+00  7.58552037E-01  0.00000000E+00  4.79217371E-03  3.15571113E+00
 -3.39900000E-01  2.05203000E+00 -1.35806941E+00  0.00000000E+00  7.58551479E-01  0.00000000E+00  4.79217371E-03  3.15571113E+00
 -3.39900000E-01  2.05226500E+00 -1.35806941E+00  0.00000000E+00  7.58552034E-01  0.00000000E+00  4.79217371E-03  3.15571113E+00
 -3.39900000E-01  2.05250000E+00 -1.35806941E+00  0.00000000E+00  7.58553703E-01  0.00000000E+00  4.79217371E-03  3.15571113E+00
 -3.39900000E-01  2.05273500E+00 -1.35806941E+00  0.00000000E+00  7.58556484E-01  0.00000000E+00  4.79217371E-03  3.15571113E+00
 -3.39900000E-01  2.05297000E+00 -1.35806941E+00  0.00000000E+00  7.58560379E-01  0.00000000E+00  4.79217371E-03  3.15571113E+00
 -3.39900000E-01  2.05320500E+00 -1.35806941E+00  0.00000000E+00  7.58565387E-01  0.00000000E+00  4.79217371E-03  3.15571113E+00
 -3.39900000E-01  2.05344000E+00 -1.35806941E+00  0.00000000E+00  7.58571508E-01  0.00000000E+00  4.79217371E-03  3.15571113E+00
 -3.39900000E-01  2.05367500E+00 -1.35806941E+00  0.00000000E+00  7.58578744E-01  0.00000000E+00  4.79217371E-03  3.15571113E+00
 -3.39900000E-01  2.05391000E+00 -1.35806941E+00  0.00000000E+00  7.58587093E-01  0.00000000E+00  4.79217371E-03  3.15571113E+00
 -3.39900000E-01  2.05414500E+00 -1.35806941E+00  0.00000000E+00  7.58596556E-01  0.00000000E+00  4.79217371E-03  3.15571113E+00
 -3.39900000E-01  2.05438000E+00 -1.35806941E+00  0.00000000E+00  7.58607133E-01  0.00000000E+00  4.79217371E-03  3.15571113E+00
 -3.39900000E-01  2.05461500E+00 -1.35806941E+00  0.00000000E+00  7.58618825E-01  0.00000000E+00  4.79217371E-03  3.15571113E+00
 -3.39900000E-01  2.05485000E+00 -1.35806941E+00  0.00000000E+00  7.58631631E-01  0.00000000E+00  4.79217371E-03  3.15571113E+00
 -3.39900000E-01  2.05508500E+00 -1.35806941E+00  0.00000000E+00  7.58645552E-01  0.00000000E+00  4.79217371E-03  3.15571113E+00
 -3.39900000E-01  2.05532000E+00 -1.35806941E+00  0.00000000E+00  7.58660587E-01  0.00000000E+00  4.79217371E-03  3.15571113E+00
 -3.39900000E-01  2.05555500E+00 -1.35806941E+00  0.00000000E+00  7.58676737E-01  0.00000000E+00  4.79217371E-03  3.15571113E+00
 -3.39900000E-01  2.05579000E+00 -1.35806941E+00  0.00000000E+00  7.58694002E-01  0.00000000E+00  4.79217371E-03  3.15571113E+00
 -3.39900000E-01  2.05602500E+00 -1.35806941E+00  0.00000000E+00  7.58712382E-01  0.00000000E+00  4.79217371E-03  3.15571113E+00
 -3.39900000E-01  2.05626000E+00 -1.35806941E+00  0.00000000E+00  7.58731877E-01  0.00000000E+00  4.79217371E-03  3.15571113E+00
 -3.39900000E-01  2.05649500E+00 -1.35806941E+00  0.00000000E+00  7.58752487E-01  0.00000000E+00  4.79217371E-03  3.15571113E+00
 -3.39900000E-01  2.05673000E+00 -1.35806941E+00  0.00000000E+00  7.58774214E-01  0.00000000E+00  4.79217371E-03  3.15571113E+00
 -3.39900000E-01  2.05696500E+00 -1.35806941E+00  0.00000000E+00  7.58797055E-01  0.00000000E+00  4.79217371E-03  3.15571113E+00
 -3.39900000E-01  2.05720000E+00 -1.35806941E+00  0.00000000E+00  7.58821013E-01  0.00000000E+00  4.79217371E-03  3.15571113E+00
 -3.39900000E-01  2.05743500E+00 -1.35806941E+00  0.00000000E+00  7.58846086E-01  0.00000000E+00  4.79217371E-03  3.15571113E+00
 -3.39900000E-01  2.05767000E+00 -1.35806941E+00  0.00000000E+00  7.58872276E-01  0.00000000E+00  4.79217371E-03  3.15571113E+00
 -3.39900000E-01  2.05790500E+00 -1.35806941E+00  0.00000000E+00  7.58899582E-01  0.00000000E+00  4.79217371E-03  3.15571113E+00
 -3.39900000E-01  2.05814000E+00 -1.35806941E+00  0.00000000E+00  7.58928004E-01  0.00000000E+00  4.79217371E-03  3.15571113E+00
 -3.39900000E-01  2.05837500E+00 -1.35806941E+00  0.00000000E+00  7.58957542E-01  0.00000000E+00  4.79217371E-03  3.15571113E+00
 -3.39900000E-01  2.05861000E+00 -1.35806941E+00  0.00000000E+00  7.58988197E-01  0.00000000E+00  4.79217371E-03  3.15571113E+00
 -3.39900000E-01  2.05884500E+00 -1.35806941E+00  0.00000000E+00  7.59027730E-01  0.00000000E+00  4.79217371E-03  3.15571113E+00
 -3.39900000E-01  2.05908000E+00 -1.35806941E+00  0.00000000E+00  7.59067949E-01  0.00000000E+00  4.79217371E-03  3.15571113E+00
 -3.39900000E-01  2.05931500E+00 -1.35806941E+00  0.00000000E+00  7.59106150E-01  0.00000000E+00  4.79217371E-03  3.15571113E+00
 -3.39900000E-01  2.05955000E+00 -1.35806941E+00  0.00000000E+00  7.59142506E-01  0.00000000E+00  4.79217371E-03  3.15571113E+00
 -3.39900000E-01  2.05978500E+00 -1.35806941E+00  0.00000000E+00  7.59177191E-01  0.00000000E+00  4.79217371E-03  3.15571113E+00
 -3.39900000E-01  2.06002000E+00 -1.35806941E+00  0.00000000E+00  7.59210378E-01  0.00000000E+00  4.79217371E-03  3.15571113E+00
 -3.39900000E-01  2.06025500E+00 -1.35806941E+00  0.00000000E+00  7.59242241E-01  0.00000000E+00  4.79217371E-03  3.15571113E+00
 -3.39900000E-01  2.06049000E+00 -1.35806941E+00  0.00000000E+00  7.59272952E-01  0.00000000E+00  4.79217371E-03  3.15571113E+00
 -3.39900000E-01  2.06072500E+00 -1.35806941E+00  0.00000000E+00  7.59302685E-01  0.00000000E+00  4.79217371E-03  3.15571113E+00
 -3.39900000E-01  2.06096000E+00 -1.35806941E+00  0.00000000E+00  7.59331613E-01  0.00000000E+00  4.79217371E-03  3.15571113E+00
 -3.39900000E-01  2.06119500E+00 -1.35806941E+00  0.00000000E+00  7.59359910E-01  0.00000000E+00  4.79217371E-03  3.15571113E+00
 -3.39900000E-01  2.06143000E+00 -1.35806941E+00  0.00000000E+00  7.59387749E-01  0.00000000E+00  4.79217371E-03  3.15571113E+00
 -3.39900000E-01  2.06166500E+00 -1.35806941E+00  0.00000000E+00  7.59415302E-01  0.00000000E+00  4.79217371E-03  3.15571113E+00
 -3.39900000E-01  2.06190000E+00 -1.35806941E+00  0.00000000E+00  7.59442744E-01  0.00000000E+00  4.79217371E-03  3.15571113E+00
 -3.39900000E-01  2.06213500E+00 -1.35806941E+00  0.00000000E+00  7.59470248E-01  0.00000000E+00  4.79217371E-03  3.15571113E+00
 -3.39900000E-01  2.06237000E+00 -1.35806941E+00  0.00000000E+00  7.59497987E-01  0.00000000E+00  4.79217371E-03  3.15571113E+00
 -3.39900000E-01  2.06260500E+00 -1.35806941E+00  0.00000000E+00  7.59526134E-01  0.00000000E+00  4.79217371E-03  3.15571113E+00
 -3.39900000E-01  2.06284000E+00 -1.35806941E+00  0.00000000E+00  7.59554863E-01  0.00000000E+00  4.79217371E-03  3.15571113E+00
 -3.39900000E-01  2.06307500E+00 -1.35806941E+00  0.00000000E+00  7.59584347E-01  0.00000000E+00  4.79217371E-03  3.15571113E+00
 -3.39900000E-01  2.06331000E+00 -1.35806941E+00  0.00000000E+00  7.59614759E-01  0.00000000E+00  4.79217371E-03  3.15571113E+00
 -3.39900000E-01  2.06354500E+00 -1.35806941E+00  0.00000000E+00  7.59646272E-01  0.00000000E+00  4.79217371E-03  3.15571113E+00
 -3.39900000E-01  2.06378000E+00 -1.35806941E+00  0.00000000E+00  7.59679060E-01  0.00000000E+00  4.79217371E-03  3.15571113E+00
 -3.39900000E-01  2.06401500E+00 -1.35806941E+00  0.00000000E+00  7.59713296E-01  0.00000000E+00  4.79217371E-03  3.15571113E+00
 -3.39900000E-01  2.06425000E+00 -1.35806941E+00  0.00000000E+00  7.59749154E-01  0.00000000E+00  4.79217371E-03  3.15571113E+00
 -3.39900000E-01  2.06448500E+00 -1.35806941E+00  0.00000000E+00  7.59786806E-01  0.00000000E+00  4.79217371E-03  3.15571113E+00
 -3.39900000E-01  2.06472000E+00 -1.35806941E+00  0.00000000E+00  7.59826426E-01  0.00000000E+00  4.79217371E-03  3.15571113E+00
 -3.39900000E-01  2.06495500E+00 -1.35806941E+00  0.00000000E+00  7.59868188E-01  0.00000000E+00  4.79217371E-03  3.15571113E+00
 -3.39900000E-01  2.06519000E+00 -1.35806941E+00  0.00000000E+00  7.59912264E-01  0.00000000E+00  4.79217371E-03  3.15571113E+00
 -3.39900000E-01  2.06542500E+00 -1.35806941E+00  0.00000000E+00  7.59958827E-01  0.00000000E+00  4.79217371E-03  3.15571113E+00
 -3.39900000E-01  2.06566000E+00 -1.35806941E+00  0.00000000E+00  7.60008052E-01  0.00000000E+00  4.79217371E-03  3.15571113E+00
 -3.39900000E-01  2.06589500E+00 -1.35806941E+00  0.00000000E+00  7.60060112E-01  0.00000000E+00  4.79217371E-03  3.15571113E+00
 -3.39900000E-01  2.06613000E+00 -1.35806941E+00  0.00000000E+00  7.60115179E-01  0.00000000E+00  4.79217371E-03  3.15571113E+00
 -3.39900000E-01  2.06636500E+00 -1.35806941E+00  0.00000000E+00  7.60173427E-01  0.00000000E+00  4.79217371E-03  3.15571113E+00
 -3.39900000E-01  2.06660000E+00 -1.35806941E+00  0.00000000E+00  7.60235030E-01  0.00000000E+00  4.79217371E-03  3.15571113E+00
 -3.39900000E-01  2.06683500E+00 -1.35806941E+00  0.00000000E+00  7.60300160E-01  0.00000000E+00  4.79217371E-03  3.15571113E+00
 -3.39900000E-01  2.06707000E+00 -1.35806941E+00  0.00000000E+00  7.60368991E-01  0.00000000E+00  4.79217371E-03  3.15571113E+00
 -3.39900000E-01  2.06730500E+00 -1.35806941E+00  0.00000000E+00  7.60441696E-01  0.00000000E+00  4.79217371E-03  3.15571113E+00
 -3.39900000E-01  2.06754000E+00 -1.35806941E+00  0.00000000E+00  7.60518449E-01  0.00000000E+00  4.79217371E-03  3.15571113E+00
 -3.39900000E-01  2.06777500E+00 -1.35806941E+00  0.00000000E+00  7.60599423E-01  0.00000000E+00  4.79217371E-03  3.15571113E+00
 -3.39900000E-01  2.06801000E+00 -1.35806941E+00  0.00000000E+00  7.60684791E-01  0.00000000E+00  4.79217371E-03  3.15571113E+00
 -3.39900000E-01  2.06824500E+00 -1.35806941E+00  0.00000000E+00  7.60774726E-01  0.00000000E+00  4.79217371E-03  3.15571113E+00
 -3.39900000E-01  2.06848000E+00 -1.35806941E+00  0.00000000E+00  7.60869402E-01  0.00000000E+00  4.79217371E-03  3.15571113E+00
 -3.39900000E-01  2.06871500E+00 -1.35806941E+00  0.00000000E+00  7.60968991E-01  0.00000000E+00  4.79217371E-03  3.15571113E+00
 -3.39900000E-01  2.06895000E+00 -1.35806941E+00  0.00000000E+00  7.61073668E-01  0.00000000E+00  4.79217371E-03  3.15571113E+00
 -3.39900000E-01  2.06918500E+00 -1.35806941E+00  0.00000000E+00  7.61183606E-01  0.00000000E+00  4.79217371E-03  3.15571113E+00
 -3.39900000E-01  2.06942000E+00 -1.35806941E+00  0.00000000E+00  7.61298978E-01  0.00000000E+00  4.79217371E-03  3.15571113E+00
 -3.39900000E-01  2.06965500E+00 -1.35806941E+00  0.00000000E+00  7.61419956E-01  0.00000000E+00  4.79217371E-03  3.15571113E+00
 -3.39900000E-01  2.06989000E+00 -1.35806941E+00  0.00000000E+00  7.61546716E-01  0.00000000E+00  4.79217371E-03  3.15571113E+00
 -3.39900000E-01  2.07012500E+00 -1.35806941E+00  0.00000000E+00  7.61679429E-01  0.00000000E+00  4.79217371E-03  3.15571113E+00
 -3.39900000E-01  2.07036000E+00 -1.35806941E+00  0.00000000E+00  7.61818269E-01  0.00000000E+00  4.79217371E-03  3.15571113E+00
 -3.39900000E-01  2.07059500E+00 -1.35806941E+00  0.00000000E+00  7.61963409E-01  0.00000000E+00  4.79217371E-03  3.15571113E+00
 -3.39900000E-01  2.07083000E+00 -1.35806941E+00  0.00000000E+00  7.62115023E-01  0.00000000E+00  4.79217371E-03  3.15571113E+00
 -3.39900000E-01  2.07106500E+00 -1.35806271E+00  0.00000000E+00  7.62221656E-01  0.00000000E+00  4.79264281E-03  3.15493865E+00
 -3.39900000E-01  2.07130000E+00 -1.35804144E+00  0.00000000E+00  7.62250092E-01  0.00000000E+00  4.79412909E-03  3.15249139E+00
 -3.39900000E-01  2.07153500E+00 -1.35802456E+00  0.00000000E+00  7.62361798E-01  0.00000000E+00  4.79530237E-03  3.15055991E+00
 -3.39900000E-01  2.07177000E+00 -1.35801181E+00  0.00000000E+00  7.62554214E-01  0.00000000E+00  4.79618310E-03  3.14911044E+00
 -3.39900000E-01  2.07200500E+00 -1.35800291E+00  0.00000000E+00  7.62824781E-01  0.00000000E+00  4.79679172E-03  3.14810925E+00
 -3.39900000E-01  2.07224000E+00 -1.35799759E+00  0.00000000E+00  7.63170939E-01  0.00000000E+00  4.79714865E-03  3.14752257E+00
 -3.39900000E-01  2.07247500E+00 -1.35799558E+00  0.00000000E+00  7.63590128E-01  0.00000000E+00  4.79727434E-03  3.14731665E+00
 -3.39900000E-01  2.07271000E+00 -1.35799660E+00  0.00000000E+00  7.64079790E-01  0.00000000E+00  4.79718923E-03  3.14745775E+00
 -3.39900000E-01  2.07294500E+00 -1.35800039E+00  0.00000000E+00  7.64637364E-01  0.00000000E+00  4.79691375E-03  3.14791211E+00
 -3.39900000E-01  2.07318000E+00 -1.35800667E+00  0.00000000E+00  7.65260292E-01  0.00000000E+00  4.79646833E-03  3.14864598E+00
 -3.39900000E-01  2.07341500E+00 -1.35801516E+00  0.00000000E+00  7.65946013E-01  0.00000000E+00  4.79587343E-03  3.14962561E+00
 -3.39900000E-01  2.07365000E+00 -1.35802561E+00  0.00000000E+00  7.66691969E-01  0.00000000E+00  4.79514947E-03  3.15081724E+00
 -3.39900000E-01  2.07388500E+00 -1.35803773E+00  0.00000000E+00  7.67495599E-01  0.00000000E+00  4.79431689E-03  3.15218713E+00
 -3.39900000E-01  2.07412000E+00 -1.35805126E+00  0.00000000E+00  7.68354345E-01  0.00000000E+00  4.79339613E-03  3.15370152E+00
 -3.39900000E-01  2.07435500E+00 -1.35806592E+00  0.00000000E+00  7.69265646E-01  0.00000000E+00  4.79240763E-03  3.15532667E+00
 -3.39900000E-01  2.07459000E+00 -1.35808144E+00  0.00000000E+00  7.70226944E-01  0.00000000E+00  4.79137182E-03  3.15702881E+00
 -3.39900000E-01  2.07482500E+00 -1.35809755E+00  0.00000000E+00  7.71235678E-01  0.00000000E+00  4.79030914E-03  3.15877421E+00
 -3.39900000E-01  2.07506000E+00 -1.35811397E+00  0.00000000E+00  7.72289290E-01  0.00000000E+00  4.78924003E-03  3.16052910E+00
 -3.39900000E-01  2.07529500E+00 -1.35813044E+00  0.00000000E+00  7.73385219E-01  0.00000000E+00  4.78818493E-03  3.16225974E+00
 -3.39900000E-01  2.07553000E+00 -1.35814667E+00  0.00000000E+00  7.74520907E-01  0.00000000E+00  4.78716427E-03  3.16393237E+00
 -3.39900000E-01  2.07576500E+00 -1.35816241E+00  0.00000000E+00  7.75693794E-01  0.00000000E+00  4.78619850E-03  3.16551325E+00
 -3.39900000E-01  2.07600000E+00 -1.35817738E+00  0.00000000E+00  7.76901320E-01  0.00000000E+00  4.78530804E-03  3.16696861E+00
 -3.39900000E-01  2.07623500E+00 -1.35819130E+00  0.00000000E+00  7.78140926E-01  0.00000000E+00  4.78451333E-03  3.16826472E+00
 -3.39900000E-01  2.07647000E+00 -1.35820391E+00  0.00000000E+00  7.79410052E-01  0.00000000E+00  4.78383482E-03  3.16936781E+00
 -3.39900000E-01  2.07670500E+00 -1.35821493E+00  0.00000000E+00  7.80706139E-01  0.00000000E+00  4.78329294E-03  3.17024414E+00
 -3.39900000E-01  2.07694000E+00 -1.35822409E+00  0.00000000E+00  7.82026628E-01  0.00000000E+00  4.78290813E-03  3.17085996E+00
 -3.39900000E-01  2.07717500E+00 -1.35823111E+00  0.00000000E+00  7.83368958E-01  0.00000000E+00  4.78270083E-03  3.17118150E+00
 -3.39900000E-01  2.07741000E+00 -1.35823574E+00  0.00000000E+00  7.84730571E-01  0.00000000E+00  4.78269146E-03  3.17117503E+00
 -3.39900000E-01  2.07764500E+00 -1.35823768E+00  0.00000000E+00  7.86108907E-01  0.00000000E+00  4.78290048E-03  3.17080679E+00
 -3.39900000E-01  2.07788000E+00 -1.35823668E+00  0.00000000E+00  7.87501406E-01  0.00000000E+00  4.78334831E-03  3.17004303E+00
 -3.39900000E-01  2.07811500E+00 -1.35823246E+00  0.00000000E+00  7.88905509E-01  0.00000000E+00  4.78405540E-03  3.16884999E+00
 -3.39900000E-01  2.07835000E+00 -1.35822474E+00  0.00000000E+00  7.90318657E-01  0.00000000E+00  4.78504218E-03  3.16719393E+00
 -3.39900000E-01  2.07858500E+00 -1.35821327E+00  0.00000000E+00  7.91738289E-01  0.00000000E+00  4.78632909E-03  3.16504110E+00
 -3.39900000E-01  2.07882000E+00 -1.35819775E+00  0.00000000E+00  7.93161847E-01  0.00000000E+00  4.78793657E-03  3.16235773E+00
 -3.39900000E-01  2.07905500E+00 -1.35817793E+00  0.00000000E+00  7.94586771E-01  0.00000000E+00  4.78988505E-03  3.15911009E+00
 -3.39900000E-01  2.07929000E+00 -1.35815353E+00  0.00000000E+00  7.96010502E-01  0.00000000E+00  4.79219498E-03  3.15526441E+00
 -3.39900000E-01  2.07952500E+00 -1.35812427E+00  0.00000000E+00  7.97430479E-01  0.00000000E+00  4.79488678E-03  3.15078696E+00
 -3.39900000E-01  2.07976000E+00 -1.35808989E+00  0.00000000E+00  7.98844144E-01  0.00000000E+00  4.79798090E-03  3.14564397E+00
 -3.39900000E-01  2.07999500E+00 -1.35805012E+00  0.00000000E+00  8.00248937E-01  0.00000000E+00  4.80149778E-03  3.13980169E+00
 -3.39900000E-01  2.08023000E+00 -1.35800467E+00  0.00000000E+00  8.01642298E-01  0.00000000E+00  4.80545784E-03  3.13322637E+00
 -3.39900000E-01  2.08046500E+00 -1.35795329E+00  0.00000000E+00  8.03021669E-01  0.00000000E+00  4.80988154E-03  3.12588427E+00
 -3.39900000E-01  2.08070000E+00 -1.35789570E+00  0.00000000E+00  8.04384489E-01  0.00000000E+00  4.81478930E-03  3.11774162E+00
 -3.39900000E-01  2.08093500E+00 -1.35783162E+00  0.00000000E+00  8.05728199E-01  0.00000000E+00  4.82020156E-03  3.10876469E+00
 -3.39900000E-01  2.08117000E+00 -1.35776078E+00  0.00000000E+00  8.07050240E-01  0.00000000E+00  4.82613877E-03  3.09891971E+00
 -3.39900000E-01  2.08140500E+00 -1.35768292E+00  0.00000000E+00  8.08348052E-01  0.00000000E+00  4.83262135E-03  3.08817293E+00
 -3.39900000E-01  2.08164000E+00 -1.35759775E+00  0.00000000E+00  8.09619075E-01  0.00000000E+00  4.83966975E-03  3.07649061E+00
 -3.39900000E-01  2.08187500E+00 -1.35750502E+00  0.00000000E+00  8.10860751E-01  0.00000000E+00  4.84730440E-03  3.06383899E+00
 -3.39900000E-01  2.08211000E+00 -1.35740444E+00  0.00000000E+00  8.12070519E-01  0.00000000E+00  4.85554575E-03  3.05018432E+00
 -3.39900000E-01  2.08234500E+00 -1.35729574E+00  0.00000000E+00  8.13245820E-01  0.00000000E+00  4.86441422E-03  3.03549285E+00
 -3.39900000E-01  2.08258000E+00 -1.35717866E+00  0.00000000E+00  8.14384095E-01  0.00000000E+00  4.87393025E-03  3.01973082E+00
 -3.39900000E-01  2.08281500E+00 -1.35705291E+00  0.00000000E+00  8.15482784E-01  0.00000000E+00  4.88411429E-03  3.00286449E+00
 -3.39900000E-01  2.08305000E+00 -1.35691823E+00  0.00000000E+00  8.16539328E-01  0.00000000E+00  4.89498677E-03  2.98486010E+00
 -3.39900000E-01  2.08328500E+00 -1.35677435E+00  0.00000000E+00  8.17551167E-01  0.00000000E+00  4.90656813E-03  2.96568391E+00
 -3.39900000E-01  2.08352000E+00 -1.35660535E+00  0.00000000E+00  8.18420793E-01  0.00000000E+00  4.91508848E-03  2.95188609E+00
 -3.39900000E-01  2.08375500E+00 -1.35642155E+00  0.00000000E+00  8.19210864E-01  0.00000000E+00  4.92271813E-03  2.93969033E+00
 -3.39900000E-01  2.08399000E+00 -1.35622689E+00  0.00000000E+00  8.19946387E-01  0.00000000E+00  4.93036440E-03  2.92751980E+00
 -3.39900000E-01  2.08422500E+00 -1.35602137E+00  0.00000000E+00  8.20628637E-01  0.00000000E+00  4.93802733E-03  2.91537453E+00
 -3.39900000E-01  2.08446000E+00 -1.35580498E+00  0.00000000E+00  8.21258890E-01  0.00000000E+00  4.94570696E-03  2.90325450E+00
 -3.39900000E-01  2.08469500E+00 -1.35557773E+00  0.00000000E+00  8.21838421E-01  0.00000000E+00  4.95340331E-03  2.89115971E+00
 -3.39900000E-01  2.08493000E+00 -1.35533961E+00  0.00000000E+00  8.22368506E-01  0.00000000E+00  4.96111642E-03  2.87909017E+00
 -3.39900000E-01  2.08516500E+00 -1.35509063E+00  0.00000000E+00  8.22850420E-01  0.00000000E+00  4.96884634E-03  2.86704588E+00
 -3.39900000E-01  2.08540000E+00 -1.35483079E+00  0.00000000E+00  8.23285439E-01  0.00000000E+00  4.97659309E-03  2.85502683E+00
 -3.39900000E-01  2.08563500E+00 -1.35456008E+00  0.00000000E+00  8.23674840E-01  0.00000000E+00  4.98435671E-03  2.84303303E+00
 -3.39900000E-01  2.08587000E+00 -1.35427850E+00  0.00000000E+00  8.24019896E-01  0.00000000E+00  4.99213724E-03  2.83106447E+00
 -3.39900000E-01  2.08610500E+00 -1.35398606E+00  0.00000000E+00  8.24321884E-01  0.00000000E+00  4.99993471E-03  2.81912116E+00
 -3.39900000E-01  2.08634000E+00 -1.35368276E+00  0.00000000E+00  8.24582079E-01  0.00000000E+00  5.00774916E-03  2.80720310E+00
 -3.39900000E-01  2.08657500E+00 -1.35336859E+00  0.00000000E+00  8.24801757E-01  0.00000000E+00  5.01558063E-03  2.79531028E+00
 -3.39900000E-01  2.08681000E+00 -1.35304356E+00  0.00000000E+00  8.24982194E-01  0.00000000E+00  5.02342914E-03  2.78344271E+00
 -3.39900000E-01  2.08704500E+00 -1.35270766E+00  0.00000000E+00  8.25124665E-01  0.00000000E+00  5.03129474E-03  2.77160038E+00
 -3.39900000E-01  2.08728000E+00 -1.35236090E+00  0.00000000E+00  8.25230445E-01  0.00000000E+00  5.03917746E-03  2.75978330E+00
 -3.39900000E-01  2.08751500E+00 -1.35200327E+00  0.00000000E+00  8.25300810E-01  0.00000000E+00  5.04707734E-03  2.74799146E+00
 -3.39900000E-01  2.08775000E+00 -1.35163478E+00  0.00000000E+00  8.25337036E-01  0.00000000E+00  5.05499441E-03  2.73622487E+00
 -3.39900000E-01  2.08798500E+00 -1.35125542E+00  0.00000000E+00  8.25340399E-01  0.00000000E+00  5.06292871E-03  2.72448352E+00
 -3.39900000E-01  2.08822000E+00 -1.35086520E+00  0.00000000E+00  8.25312173E-01  0.00000000E+00  5.07088028E-03  2.71276742E+00
 -3.39900000E-01  2.08845500E+00 -1.35046412E+00  0.00000000E+00  8.25253634E-01  0.00000000E+00  5.07884914E-03  2.70107657E+00
 -3.39900000E-01  2.08869000E+00 -1.35005217E+00  0.00000000E+00  8.25166059E-01  0.00000000E+00  5.08683534E-03  2.68941096E+00
 -3.39900000E-01  2.08892500E+00 -1.34962936E+00  0.00000000E+00  8.25050722E-01  0.00000000E+00  5.09483891E-03  2.67777060E+00
 -3.39900000E-01  2.08916000E+00 -1.34919568E+00  0.00000000E+00  8.24908899E-01  0.00000000E+00  5.10285989E-03  2.66615548E+00
 -3.39900000E-01  2.08939500E+00 -1.34875113E+00  0.00000000E+00  8.24741866E-01  0.00000000E+00  5.11089831E-03  2.65456561E+00
 -3.39900000E-01  2.08963000E+00 -1.34829573E+00  0.00000000E+00  8.24550898E-01  0.00000000E+00  5.11895422E-03  2.64300099E+00
 -3.39900000E-01  2.08986500E+00 -1.34782945E+00  0.00000000E+00  8.24337271E-01  0.00000000E+00  5.12702763E-03  2.63146161E+00
 -3.39900000E-01  2.09010000E+00 -1.34735232E+00  0.00000000E+00  8.24102260E-01  0.00000000E+00  5.13511860E-03  2.61994747E+00
 -3.39900000E-01  2.09033500E+00 -1.34686432E+00  0.00000000E+00  8.23847141E-01  0.00000000E+00  5.14322715E-03  2.60845858E+00
 -3.39900000E-01  2.09057000E+00 -1.34636545E+00  0.00000000E+00  8.23573190E-01  0.00000000E+00  5.15135332E-03  2.59699494E+00
 -3.39900000E-01  2.09080500E+00 -1.34585572E+00  0.00000000E+00  8.23281682E-01  0.00000000E+00  5.15949716E-03  2.58555654E+00
 -3.39900000E-01  2.09104000E+00 -1.34533512E+00  0.00000000E+00  8.22973892E-01  0.00000000E+00  5.16765868E-03  2.57414339E+00
 -3.39900000E-01  2.09127500E+00 -1.34480367E+00  0.00000000E+00  8.22651096E-01  0.00000000E+00  5.17583793E-03  2.56275549E+00
 -3.39900000E-01  2.09151000E+00 -1.34426134E+00  0.00000000E+00  8.22314571E-01  0.00000000E+00  5.18403495E-03  2.55139283E+00
 -3.39900000E-01  2.09174500E+00 -1.34370815E+00  0.00000000E+00  8.21965590E-01  0.00000000E+00  5.19224977E-03  2.54005541E+00
 -3.39900000E-01  2.09198000E+00 -1.34314410E+00  0.00000000E+00  8.21605431E-01  0.00000000E+00  5.20048243E-03  2.52874325E+00
 -3.39900000E-01  2.09221500E+00 -1.34256918E+00  0.00000000E+00  8.21235367E-01  0.00000000E+00  5.20873296E-03  2.51745632E+00
 -3.39900000E-01  2.09245000E+00 -1.34198340E+00  0.00000000E+00  8.20856676E-01  0.00000000E+00  5.21700139E-03  2.50619465E+00
 -3.39900000E-01  2.09268500E+00 -1.34138675E+00  0.00000000E+00  8.20470633E-01  0.00000000E+00  5.22528777E-03  2.49495821E+00
 -3.39900000E-01  2.09292000E+00 -1.34077924E+00  0.00000000E+00  8.20078512E-01  0.00000000E+00  5.23359213E-03  2.48374703E+00
 -3.39900000E-01  2.09315500E+00 -1.34016086E+00  0.00000000E+00  8.19681591E-01  0.00000000E+00  5.24191450E-03  2.47256109E+00
 -3.39900000E-01  2.09339000E+00 -1.33953162E+00  0.00000000E+00  8.19281143E-01  0.00000000E+00  5.25025492E-03  2.46140039E+00
 -3.39900000E-01  2.09362500E+00 -1.33889152E+00  0.00000000E+00  8.18878446E-01  0.00000000E+00  5.25861343E-03  2.45026495E+00
 -3.39900000E-01  2.09386000E+00 -1.33824055E+00  0.00000000E+00  8.18474774E-01  0.00000000E+00  5.26699007E-03  2.43915474E+00
 -3.39900000E-01  2.09409500E+00 -1.33757871E+00  0.00000000E+00  8.18071403E-01  0.00000000E+00  5.27538486E-03  2.42806979E+00
 -3.39900000E-01  2.09433000E+00 -1.33690602E+00  0.00000000E+00  8.17669608E-01  0.00000000E+00  5.28379784E-03  2.41701007E+00
 -3.39900000E-01  2.09456500E+00 -1.33622245E+00  0.00000000E+00  8.17270665E-01  0.00000000E+00  5.29222905E-03  2.40597561E+00
 -3.39900000E-01  2.09480000E+00 -1.33552802E+00  0.00000000E+00  8.16875851E-01  0.00000000E+00  5.30067853E-03  2.39496639E+00
 -3.39900000E-01  2.09503500E+00 -1.33482273E+00  0.00000000E+00  8.16486439E-01  0.00000000E+00  5.30914631E-03  2.38398241E+00
 -3.39900000E-01  2.09527000E+00 -1.33410658E+00  0.00000000E+00  8.16103706E-01  0.00000000E+00  5.31763243E-03  2.37302368E+00
 -3.39900000E-01  2.09550500E+00 -1.33337955E+00  0.00000000E+00  8.15728928E-01  0.00000000E+00  5.32613692E-03  2.36209020E+00
 -3.39900000E-01  2.09574000E+00 -1.33264167E+00  0.00000000E+00  8.15341306E-01  0.00000000E+00  5.33465964E-03  2.35118196E+00
 -3.39900000E-01  2.09597500E+00 -1.33189292E+00  0.00000000E+00  8.14905855E-01  0.00000000E+00  5.34320046E-03  2.34029897E+00
 -3.39900000E-01  2.09621000E+00 -1.33113330E+00  0.00000000E+00  8.14466431E-01  0.00000000E+00  5.35175981E-03  2.32944123E+00
 -3.39900000E-01  2.09644500E+00 -1.33036282E+00  0.00000000E+00  8.14023009E-01  0.00000000E+00  5.36033771E-03  2.31860873E+00
 -3.39900000E-01  2.09668000E+00 -1.32958148E+00  0.00000000E+00  8.13575560E-01  0.00000000E+00  5.36893417E-03  2.30780147E+00
 -3.39900000E-01  2.09691500E+00 -1.32878927E+00  0.00000000E+00  8.13124058E-01  0.00000000E+00  5.37754924E-03  2.29701946E+00
 -3.39900000E-01  2.09715000E+00 -1.32798620E+00  0.00000000E+00  8.12668476E-01  0.00000000E+00  5.38618292E-03  2.28626270E+00
 -3.39900000E-01  2.09738500E+00 -1.32717226E+00  0.00000000E+00  8.12208786E-01  0.00000000E+00  5.39483525E-03  2.27553118E+00
 -3.39900000E-01  2.09762000E+00 -1.32634745E+00  0.00000000E+00  8.11744962E-01  0.00000000E+00  5.40350625E-03  2.26482491E+00
 -3.39900000E-01  2.09785500E+00 -1.32551179E+00  0.00000000E+00  8.11276975E-01  0.00000000E+00  5.41219594E-03  2.25414388E+00
 -3.39900000E-01  2.09809000E+00 -1.32466526E+00  0.00000000E+00  8.10804799E-01  0.00000000E+00  5.42090434E-03  2.24348810E+00
 -3.39900000E-01  2.09832500E+00 -1.32380786E+00  0.00000000E+00  8.10328407E-01  0.00000000E+00  5.42963149E-03  2.23285757E+00
 -3.39900000E-01  2.09856000E+00 -1.32293960E+00  0.00000000E+00  8.09847772E-01  0.00000000E+00  5.43837740E-03  2.22225228E+00
 -3.39900000E-01  2.09879500E+00 -1.32206047E+00  0.00000000E+00  8.09362866E-01  0.00000000E+00  5.44714210E-03  2.21167223E+00
 -3.39900000E-01  2.09903000E+00 -1.32117048E+00  0.00000000E+00  8.08873662E-01  0.00000000E+00  5.45592561E-03  2.20111744E+00
 -3.39900000E-01  2.09926500E+00 -1.32026963E+00  0.00000000E+00  8.08380133E-01  0.00000000E+00  5.46472796E-03  2.19058788E+00
 -3.39900000E-01  2.09950000E+00 -1.31935791E+00  0.00000000E+00  8.07882252E-01  0.00000000E+00  5.47354916E-03  2.18008358E+00
 -3.39900000E-01  2.09973500E+00 -1.31843533E+00  0.00000000E+00  8.07379992E-01  0.00000000E+00  5.48238926E-03  2.16960452E+00
 -3.39900000E-01  2.09997000E+00 -1.31750188E+00  0.00000000E+00  8.06873325E-01  0.00000000E+00  5.49124826E-03  2.15915070E+00
 -3.39900000E-01  2.10020500E+00 -1.31655757E+00  0.00000000E+00  8.06362225E-01  0.00000000E+00  5.50012619E-03  2.14872213E+00
 -3.39900000E-01  2.10044000E+00 -1.31560239E+00  0.00000000E+00  8.05846664E-01  0.00000000E+00  5.50902308E-03  2.13831881E+00
 -3.39900000E-01  2.10067500E+00 -1.31463635E+00  0.00000000E+00  8.05326616E-01  0.00000000E+00  5.51793895E-03  2.12794073E+00
 -3.39900000E-01  2.10091000E+00 -1.31365944E+00  0.00000000E+00  8.04802052E-01  0.00000000E+00  5.52687383E-03  2.11758790E+00
 -3.39900000E-01  2.10114500E+00 -1.31267167E+00  0.00000000E+00  8.04272946E-01  0.00000000E+00  5.53582773E-03  2.10726031E+00
 -3.39900000E-01  2.10138000E+00 -1.31167303E+00  0.00000000E+00  8.03739270E-01  0.00000000E+00  5.54480069E-03  2.09695797E+00
 -3.39900000E-01  2.10161500E+00 -1.31066353E+00  0.00000000E+00  8.03200998E-01  0.00000000E+00  5.55379272E-03  2.08668088E+00
 -3.39900000E-01  2.10185000E+00 -1.30964317E+00  0.00000000E+00  8.02658102E-01  0.00000000E+00  5.56280386E-03  2.07642903E+00
 -3.39900000E-01  2.10208500E+00 -1.30861194E+00  0.00000000E+00  8.02110555E-01  0.00000000E+00  5.57183412E-03  2.06620242E+00
 -3.39900000E-01  2.10232000E+00 -1.30756985E+00  0.00000000E+00  8.01558330E-01  0.00000000E+00  5.58088353E-03  2.05600106E+00
 -3.39900000E-01  2.10255500E+00 -1.30651689E+00  0.00000000E+00  8.01001400E-01  0.00000000E+00  5.58995211E-03  2.04582495E+00
 -3.39900000E-01  2.10279000E+00 -1.30545307E+00  0.00000000E+00  8.00439738E-01  0.00000000E+00  5.59903988E-03  2.03567409E+00
 -3.39900000E-01  2.10302500E+00 -1.30437838E+00  0.00000000E+00  7.99873316E-01  0.00000000E+00  5.60814688E-03  2.02554846E+00
 -3.39900000E-01  2.10326000E+00 -1.30329283E+00  0.00000000E+00  7.99302107E-01  0.00000000E+00  5.61727313E-03  2.01544809E+00
 -3.39900000E-01  2.10349500E+00 -1.30219641E+00  0.00000000E+00  7.98726084E-01  0.00000000E+00  5.62641864E-03  2.00537296E+00
 -3.39900000E-01  2.10373000E+00 -1.30108913E+00  0.00000000E+00  7.98145221E-01  0.00000000E+00  5.63558344E-03  1.99532308E+00
 -3.39900000E-01  2.10396500E+00 -1.29997098E+00  0.00000000E+00  7.97559489E-01  0.00000000E+00  5.64476756E-03  1.98529844E+00
 -3.39900000E-01  2.10420000E+00 -1.29884197E+00  0.00000000E+00  7.96968861E-01  0.00000000E+00  5.65397103E-03  1.97529904E+00
 -3.39900000E-01  2.10443500E+00 -1.29770210E+00  0.00000000E+00  7.96373312E-01  0.00000000E+00  5.66319386E-03  1.96532490E+00
 -3.39900000E-01  2.10467000E+00 -1.29655136E+00  0.00000000E+00  7.95772812E-01  0.00000000E+00  5.67243607E-03  1.95537600E+00
 -3.39900000E-01  2.10490500E+00 -1.29538976E+00  0.00000000E+00  7.95167336E-01  0.00000000E+00  5.68169770E-03  1.94545234E+00
 -3.39900000E-01  2.10514000E+00 -1.29421729E+00  0.00000000E+00  7.94556855E-01  0.00000000E+00  5.69097877E-03  1.93555393E+00
 -3.39900000E-01  2.10537500E+00 -1.29303396E+00  0.00000000E+00  7.93941343E-01  0.00000000E+00  5.70027930E-03  1.92568077E+00
 -3.39900000E-01  2.10561000E+00 -1.29183976E+00  0.00000000E+00  7.93320773E-01  0.00000000E+00  5.70959931E-03  1.91583285E+00
 -3.39900000E-01  2.10584500E+00 -1.29063470E+00  0.00000000E+00  7.92695118E-01  0.00000000E+00  5.71893883E-03  1.90601018E+00
 -3.39900000E-01  2.10608000E+00 -1.28941877E+00  0.00000000E+00  7.92064350E-01  0.00000000E+00  5.72829788E-03  1.89621275E+00
 -3.39900000E-01  2.10631500E+00 -1.28819198E+00  0.00000000E+00  7.91428441E-01  0.00000000E+00  5.73767650E-03  1.88644057E+00
 -3.39900000E-01  2.10655000E+00 -1.28695432E+00  0.00000000E+00  7.90787366E-01  0.00000000E+00  5.74707469E-03  1.87669363E+00
 -3.39900000E-01  2.10678500E+00 -1.28570580E+00  0.00000000E+00  7.90141097E-01  0.00000000E+00  5.75649249E-03  1.86697194E+00
 -3.39900000E-01  2.10702000E+00 -1.28444642E+00  0.00000000E+00  7.89489606E-01  0.00000000E+00  5.76592991E-03  1.85727550E+00
 -3.39900000E-01  2.10725500E+00 -1.28317617E+00  0.00000000E+00  7.88832867E-01  0.00000000E+00  5.77538699E-03  1.84760430E+00
 -3.39900000E-01  2.10749000E+00 -1.28189505E+00  0.00000000E+00  7.88170852E-01  0.00000000E+00  5.78486375E-03  1.83795834E+00
 -3.39900000E-01  2.10772500E+00 -1.28060308E+00  0.00000000E+00  7.87503534E-01  0.00000000E+00  5.79436021E-03  1.82833764E+00
 -3.39900000E-01  2.10796000E+00 -1.27930023E+00  0.00000000E+00  7.86830886E-01  0.00000000E+00  5.80387639E-03  1.81874218E+00
 -3.39900000E-01  2.10819500E+00 -1.27798653E+00  0.00000000E+00  7.86154218E-01  0.00000000E+00  5.81341088E-03  1.80917196E+00
 -3.39900000E-01  2.10843000E+00 -1.27666195E+00  0.00000000E+00  7.85472286E-01  0.00000000E+00  5.82296496E-03  1.79962699E+00
 -3.39900000E-01  2.10866500E+00 -1.27532652E+00  0.00000000E+00  7.84784824E-01  0.00000000E+00  5.83253892E-03  1.79010727E+00
 -3.39900000E-01  2.10890000E+00 -1.27398022E+00  0.00000000E+00  7.84091856E-01  0.00000000E+00  5.84213274E-03  1.78061279E+00
 -3.39900000E-01  2.10913500E+00 -1.27262305E+00  0.00000000E+00  7.83393407E-01  0.00000000E+00  5.85174642E-03  1.77114355E+00
 -3.39900000E-01  2.10937000E+00 -1.27125502E+00  0.00000000E+00  7.82689499E-01  0.00000000E+00  5.86137993E-03  1.76169957E+00
 -3.39900000E-01  2.10960500E+00 -1.26987612E+00  0.00000000E+00  7.81980157E-01  0.00000000E+00  5.87103327E-03  1.75228082E+00
 -3.39900000E-01  2.10984000E+00 -1.26848636E+00  0.00000000E+00  7.81265406E-01  0.00000000E+00  5.88070642E-03  1.74288733E+00
 -3.39900000E-01  2.11007500E+00 -1.26708574E+00  0.00000000E+00  7.80545268E-01  0.00000000E+00  5.89039936E-03  1.73351908E+00
 -3.39900000E-01  2.11031000E+00 -1.26567425E+00  0.00000000E+00  7.79819769E-01  0.00000000E+00  5.90011209E-03  1.72417607E+00
 -3.39900000E-01  2.11054500E+00 -1.26425190E+00  0.00000000E+00  7.79088932E-01  0.00000000E+00  5.90984459E-03  1.71485831E+00
 -3.39900000E-01  2.11078000E+00 -1.26281868E+00  0.00000000E+00  7.78352782E-01  0.00000000E+00  5.91959685E-03  1.70556580E+00
 -3.39900000E-01  2.11101500E+00 -1.26137460E+00  0.00000000E+00  7.77611342E-01  0.00000000E+00  5.92936885E-03  1.69629853E+00
 -3.39900000E-01  2.11125000E+00 -1.25991965E+00  0.00000000E+00  7.76864636E-01  0.00000000E+00  5.93916057E-03  1.68705651E+00
 -3.39900000E-01  2.11148500E+00 -1.25845384E+00  0.00000000E+00  7.76112689E-01  0.00000000E+00  5.94897202E-03  1.67783973E+00
 -3.39900000E-01  2.11172000E+00 -1.25697717E+00  0.00000000E+00  7.75355524E-01  0.00000000E+00  5.95880316E-03  1.66864820E+00
 -3.39900000E-01  2.11195500E+00 -1.25548962E+00  0.00000000E+00  7.74593166E-01  0.00000000E+00  5.96865399E-03  1.65948192E+00
 -3.39900000E-01  2.11219000E+00 -1.25399122E+00  0.00000000E+00  7.73825639E-01  0.00000000E+00  5.97852449E-03  1.65034088E+00
 -3.39900000E-01  2.11242500E+00 -1.25248195E+00  0.00000000E+00  7.73052966E-01  0.00000000E+00  5.98841465E-03  1.64122509E+00
 -3.39900000E-01  2.11266000E+00 -1.25096182E+00  0.00000000E+00  7.72275172E-01  0.00000000E+00  5.99832446E-03  1.63213454E+00
 -3.39900000E-01  2.11289500E+00 -1.24943082E+00  0.00000000E+00  7.71492280E-01  0.00000000E+00  6.00825390E-03  1.62306924E+00
 -3.39900000E-01  2.11313000E+00 -1.24788895E+00  0.00000000E+00  7.70704315E-01  0.00000000E+00  6.01820296E-03  1.61402918E+00
 -3.39900000E-01  2.11336500E+00 -1.24633623E+00  0.00000000E+00  7.69911302E-01  0.00000000E+00  6.02817162E-03  1.60501437E+00
 -3.39900000E-01  2.11360000E+00 -1.24477263E+00  0.00000000E+00  7.69113263E-01  0.00000000E+00  6.03815987E-03  1.59602480E+00
 -3.39900000E-01  2.11383500E+00 -1.24319818E+00  0.00000000E+00  7.68310223E-01  0.00000000E+00  6.04816770E-03  1.58706048E+00
 -3.39900000E-01  2.11407000E+00 -1.24161286E+00  0.00000000E+00  7.67502206E-01  0.00000000E+00  6.05819510E-03  1.57812141E+00
 -3.39900000E-01  2.11430500E+00 -1.24001667E+00  0.00000000E+00  7.66689235E-01  0.00000000E+00  6.06824204E-03  1.56920758E+00
 -3.39900000E-01  2.11454000E+00 -1.23840962E+00  0.00000000E+00  7.65871336E-01  0.00000000E+00  6.07830852E-03  1.56031900E+00
 -3.39900000E-01  2.11477500E+00 -1.23679170E+00  0.00000000E+00  7.65048533E-01  0.00000000E+00  6.08839452E-03  1.55145566E+00
 -3.39900000E-01  2.11501000E+00 -1.23516292E+00  0.00000000E+00  7.64220848E-01  0.00000000E+00  6.09850003E-03  1.54261757E+00
 -3.39900000E-01  2.11524500E+00 -1.23352328E+00  0.00000000E+00  7.63388306E-01  0.00000000E+00  6.10862503E-03  1.53380473E+00
 -3.39900000E-01  2.11548000E+00 -1.23187277E+00  0.00000000E+00  7.62550932E-01  0.00000000E+00  6.11876951E-03  1.52501713E+00
 -3.39900000E-01  2.11571500E+00 -1.23021140E+00  0.00000000E+00  7.61708749E-01  0.00000000E+00  6.12893346E-03  1.51625477E+00
 -3.39900000E-01  2.11595000E+00 -1.22853916E+00  0.00000000E+00  7.60861781E-01  0.00000000E+00  6.13911687E-03  1.50751767E+00
 -3.39900000E-01  2.11618500E+00 -1.22685606E+00  0.00000000E+00  7.60010053E-01  0.00000000E+00  6.14931971E-03  1.49880580E+00
 -3.39900000E-01  2.11642000E+00 -1.22516209E+00  0.00000000E+00  7.59153588E-01  0.00000000E+00  6.15954198E-03  1.49011919E+00
 -3.39900000E-01  2.11665500E+00 -1.22345726E+00  0.00000000E+00  7.58292410E-01  0.00000000E+00  6.16978365E-03  1.48145782E+00
 -3.39900000E-01  2.11689000E+00 -1.22174156E+00  0.00000000E+00  7.57426544E-01  0.00000000E+00  6.18004473E-03  1.47282169E+00
 -3.39900000E-01  2.11712500E+00 -1.22001500E+00  0.00000000E+00  7.56556014E-01  0.00000000E+00  6.19032519E-03  1.46421081E+00
 -3.39900000E-01  2.11736000E+00 -1.21827758E+00  0.00000000E+00  7.55680843E-01  0.00000000E+00  6.20062502E-03  1.45562518E+00
 -3.39900000E-01  2.11759500E+00 -1.21652929E+00  0.00000000E+00  7.54801056E-01  0.00000000E+00  6.21094421E-03  1.44706479E+00
 -3.39900000E-01  2.11783000E+00 -1.21477013E+00  0.00000000E+00  7.53916676E-01  0.00000000E+00  6.22128274E-03  1.43852965E+00
 -3.39900000E-01  2.11806500E+00 -1.21300011E+00  0.00000000E+00  7.53027729E-01  0.00000000E+00  6.23164060E-03  1.43001975E+00
 -3.39900000E-01  2.11830000E+00 -1.21121923E+00  0.00000000E+00  7.52134237E-01  0.00000000E+00  6.24201778E-03  1.42153510E+00
 -3.39900000E-01  2.11853500E+00 -1.20942748E+00  0.00000000E+00  7.51236224E-01  0.00000000E+00  6.25241425E-03  1.41307569E+00
 -3.39900000E-01  2.11877000E+00 -1.20762487E+00  0.00000000E+00  7.50333716E-01  0.00000000E+00  6.26283002E-03  1.40464153E+00
 -3.39900000E-01  2.11900500E+00 -1.20581139E+00  0.00000000E+00  7.49426736E-01  0.00000000E+00  6.27326506E-03  1.39623262E+00
 -3.39900000E-01  2.11924000E+00 -1.20398705E+00  0.00000000E+00  7.48515307E-01  0.00000000E+00  6.28371935E-03  1.38784895E+00
 -3.39900000E-01  2.11947500E+00 -1.20215185E+00  0.00000000E+00  7.47599455E-01  0.00000000E+00  6.29419290E-03  1.37949053E+00
 -3.39900000E-01  2.11971000E+00 -1.20030578E+00  0.00000000E+00  7.46679203E-01  0.00000000E+00  6.30468568E-03  1.37115735E+00
 -3.39900000E-01  2.11994500E+00 -1.19844884E+00  0.00000000E+00  7.45754574E-01  0.00000000E+00  6.31519767E-03  1.36284942E+00
 -3.39900000E-01  2.12018000E+00 -1.19658104E+00  0.00000000E+00  7.44825594E-01  0.00000000E+00  6.32572887E-03  1.35456673E+00
 -3.39900000E-01  2.12041500E+00 -1.19470238E+00  0.00000000E+00  7.43892945E-01  0.00000000E+00  6.33627755E-03  1.34630929E+00
 -3.39900000E-01  2.12065000E+00 -1.19281285E+00  0.00000000E+00  7.42957061E-01  0.00000000E+00  6.34684241E-03  1.33807710E+00
 -3.39900000E-01  2.12088500E+00 -1.19091245E+00  0.00000000E+00  7.42016672E-01  0.00000000E+00  6.35742669E-03  1.32987015E+00
 -3.39900000E-01  2.12112000E+00 -1.18900120E+00  0.00000000E+00  7.41071833E-01  0.00000000E+00  6.36803028E-03  1.32168845E+00
 -3.39900000E-01  2.12135500E+00 -1.18707907E+00  0.00000000E+00  7.40122598E-01  0.00000000E+00  6.37865305E-03  1.31353199E+00
 -3.39900000E-01  2.12159000E+00 -1.18514609E+00  0.00000000E+00  7.39169023E-01  0.00000000E+00  6.38929489E-03  1.30540078E+00
 -3.39900000E-01  2.12182500E+00 -1.18320223E+00  0.00000000E+00  7.38211164E-01  0.00000000E+00  6.39995567E-03  1.29729481E+00
 -3.39900000E-01  2.12206000E+00 -1.18124752E+00  0.00000000E+00  7.37249073E-01  0.00000000E+00  6.41063527E-03  1.28921409E+00
 -3.39900000E-01  2.12229500E+00 -1.17928194E+00  0.00000000E+00  7.36282808E-01  0.00000000E+00  6.42133359E-03  1.28115862E+00
 -3.39900000E-01  2.12253000E+00 -1.17730549E+00  0.00000000E+00  7.35312422E-01  0.00000000E+00  6.43205049E-03  1.27312839E+00
 -3.39900000E-01  2.12276500E+00 -1.17531818E+00  0.00000000E+00  7.34337971E-01  0.00000000E+00  6.44278587E-03  1.26512340E+00
 -3.39900000E-01  2.12300000E+00 -1.17332001E+00  0.00000000E+00  7.33359510E-01  0.00000000E+00  6.45353959E-03  1.25714367E+00
 -3.39900000E-01  2.12323500E+00 -1.17131097E+00  0.00000000E+00  7.32377093E-01  0.00000000E+00  6.46431155E-03  1.24918917E+00
 -3.39900000E-01  2.12347000E+00 -1.16929106E+00  0.00000000E+00  7.31390776E-01  0.00000000E+00  6.47510162E-03  1.24125993E+00
 -3.39900000E-01  2.12370500E+00 -1.16726030E+00  0.00000000E+00  7.30400613E-01  0.00000000E+00  6.48590968E-03  1.23335593E+00
 -3.39900000E-01  2.12394000E+00 -1.16521866E+00  0.00000000E+00  7.29406660E-01  0.00000000E+00  6.49673562E-03  1.22547717E+00
 -3.39900000E-01  2.12417500E+00 -1.16316617E+00  0.00000000E+00  7.28408971E-01  0.00000000E+00  6.50757931E-03  1.21762366E+00
 -3.39900000E-01  2.12441000E+00 -1.16110280E+00  0.00000000E+00  7.27407602E-01  0.00000000E+00  6.51844064E-03  1.20979540E+00
 -3.39900000E-01  2.12464500E+00 -1.15902858E+00  0.00000000E+00  7.26402607E-01  0.00000000E+00  6.52931949E-03  1.20199238E+00
 -3.39900000E-01  2.12488000E+00 -1.15694349E+00  0.00000000E+00  7.25394042E-01  0.00000000E+00  6.54021573E-03  1.19421461E+00
 -3.39900000E-01  2.12511500E+00 -1.15484753E+00  0.00000000E+00  7.24381961E-01  0.00000000E+00  6.55112926E-03  1.18646208E+00
 -3.39900000E-01  2.12535000E+00 -1.15274071E+00  0.00000000E+00  7.23366419E-01  0.00000000E+00  6.56205994E-03  1.17873480E+00
 -3.39900000E-01  2.12558500E+00 -1.15062303E+00  0.00000000E+00  7.22347472E-01  0.00000000E+00  6.57300767E-03  1.17103277E+00
 -3.39900000E-01  2.12582000E+00 -1.14849448E+00  0.00000000E+00  7.21325174E-01  0.00000000E+00  6.58397232E-03  1.16335598E+00
 -3.39900000E-01  2.12605500E+00 -1.14635506E+00  0.00000000E+00  7.20299580E-01  0.00000000E+00  6.59495377E-03  1.15570444E+00
 -3.39900000E-01  2.12629000E+00 -1.14420478E+00  0.00000000E+00  7.19270746E-01  0.00000000E+00  6.60595191E-03  1.14807814E+00
 -3.39900000E-01  2.12652500E+00 -1.14204364E+00  0.00000000E+00  7.18238725E-01  0.00000000E+00  6.61696661E-03  1.14047709E+00
 -3.39900000E-01  2.12676000E+00 -1.13987163E+00  0.00000000E+00  7.17203574E-01  0.00000000E+00  6.62799776E-03  1.13290128E+00
 -3.39900000E-01  2.12699500E+00 -1.13768876E+00  0.00000000E+00  7.16165347E-01  0.00000000E+00  6.63904523E-03  1.12535072E+00
 -3.39900000E-01  2.12723000E+00 -1.13549503E+00  0.00000000E+00  7.15124099E-01  0.00000000E+00  6.65010892E-03  1.11782540E+00
 -3.39900000E-01  2.12746500E+00 -1.13329042E+00  0.00000000E+00  7.14079885E-01  0.00000000E+00  6.66118869E-03  1.11032533E+00
 -3.39900000E-01  2.12770000E+00 -1.13107496E+00  0.00000000E+00  7.13032760E-01  0.00000000E+00  6.67228443E-03  1.10285051E+00
 -3.39900000E-01  2.12793500E+00 -1.12884863E+00  0.00000000E+00  7.11982780E-01  0.00000000E+00  6.68339603E-03  1.09540093E+00
 -3.39900000E-01  2.12817000E+00 -1.12661143E+00  0.00000000E+00  7.10929998E-01  0.00000000E+00  6.69452335E-03  1.08797660E+00
 -3.39900000E-01  2.12840500E+00 -1.12436338E+00  0.00000000E+00  7.09874470E-01  0.00000000E+00  6.70566629E-03  1.08057751E+00
 -3.39900000E-01  2.12864000E+00 -1.12210445E+00  0.00000000E+00  7.08816251E-01  0.00000000E+00  6.71682473E-03  1.07320367E+00
 -3.39900000E-01  2.12887500E+00 -1.11983466E+00  0.00000000E+00  7.07755396E-01  0.00000000E+00  6.72799854E-03  1.06585508E+00
 -3.39900000E-01  2.12911000E+00 -1.11755401E+00  0.00000000E+00  7.06691960E-01  0.00000000E+00  6.73918760E-03  1.05853173E+00
 -3.39900000E-01  2.12934500E+00 -1.11526249E+00  0.00000000E+00  7.05625998E-01  0.00000000E+00  6.75039180E-03  1.05123362E+00
 -3.39900000E-01  2.12958000E+00 -1.11296011E+00  0.00000000E+00  7.04557565E-01  0.00000000E+00  6.76161102E-03  1.04396077E+00
 -3.39900000E-01  2.12981500E+00 -1.11064686E+00  0.00000000E+00  7.03486715E-01  0.00000000E+00  6.77284514E-03  1.03671315E+00
 -3.39900000E-01  2.13005000E+00 -1.10832275E+00  0.00000000E+00  7.02413504E-01  0.00000000E+00  6.78409404E-03  1.02949079E+00
 -3.39900000E-01  2.13028500E+00 -1.10598778E+00  0.00000000E+00  7.01337987E-01  0.00000000E+00  6.79535760E-03  1.02229366E+00
 -3.39900000E-01  2.13052000E+00 -1.10364194E+00  0.00000000E+00  7.00260219E-01  0.00000000E+00  6.80663570E-03  1.01512179E+00
 -3.39900000E-01  2.13075500E+00 -1.10128523E+00  0.00000000E+00  6.99180254E-01  0.00000000E+00  6.81792823E-03  1.00797516E+00
 -3.39900000E-01  2.13099000E+00 -1.09891766E+00  0.00000000E+00  6.98098148E-01  0.00000000E+00  6.82923506E-03  1.00085378E+00
 -3.39900000E-01  2.13122500E+00 -1.09653923E+00  0.00000000E+00  6.97013956E-01  0.00000000E+00  6.84055607E-03  9.93757637E-01
 -3.39900000E-01  2.13146000E+00 -1.09414993E+00  0.00000000E+00  6.95927732E-01  0.00000000E+00  6.85189115E-03  9.86686745E-01
 -3.39900000E-01  2.13169500E+00 -1.09174977E+00  0.00000000E+00  6.94839532E-01  0.00000000E+00  6.86324017E-03  9.79641098E-01
 -3.39900000E-01  2.13193000E+00 -1.08933874E+00  0.00000000E+00  6.93749410E-01  0.00000000E+00  6.87460303E-03  9.72620696E-01
 -3.39900000E-01  2.13216500E+00 -1.08691685E+00  0.00000000E+00  6.92657422E-01  0.00000000E+00  6.88597959E-03  9.65625541E-01
 -3.39900000E-01  2.13240000E+00 -1.08448409E+00  0.00000000E+00  6.91563622E-01  0.00000000E+00  6.89736974E-03  9.58655631E-01
 -3.39900000E-01  2.13263500E+00 -1.08204047E+00  0.00000000E+00  6.90468066E-01  0.00000000E+00  6.90877336E-03  9.51710966E-01
 -3.39900000E-01  2.13287000E+00 -1.07958598E+00  0.00000000E+00  6.89370753E-01  0.00000000E+00  6.92017867E-03  9.44791548E-01
 -3.39900000E-01  2.13310500E+00 -1.07712063E+00  0.00000000E+00  6.88271679E-01  0.00000000E+00  6.93159621E-03  9.37897375E-01
 -3.39900000E-01  2.13334000E+00 -1.07464442E+00  0.00000000E+00  6.87170914E-01  0.00000000E+00  6.94302746E-03  9.31028448E-01
 -3.39900000E-01  2.13357500E+00 -1.07215734E+00  0.00000000E+00  6.86068532E-01  0.00000000E+00  6.95447202E-03  9.24184766E-01
 -3.39900000E-01  2.13381000E+00 -1.06965939E+00  0.00000000E+00  6.84964604E-01  0.00000000E+00  6.96592947E-03  9.17366330E-01
 -3.39900000E-01  2.13404500E+00 -1.06715059E+00  0.00000000E+00  6.83859202E-01  0.00000000E+00  6.97739940E-03  9.10573140E-01
 -3.39900000E-01  2.13428000E+00 -1.06463091E+00  0.00000000E+00  6.82752398E-01  0.00000000E+00  6.98888141E-03  9.03805196E-01
 -3.39900000E-01  2.13451500E+00 -1.06210037E+00  0.00000000E+00  6.81644263E-01  0.00000000E+00  7.00037507E-03  8.97062497E-01
 -3.39900000E-01  2.13475000E+00 -1.05955897E+00  0.00000000E+00  6.80534871E-01  0.00000000E+00  7.01187998E-03  8.90345044E-01
 -3.39900000E-01  2.13498500E+00 -1.05700671E+00  0.00000000E+00  6.79424291E-01  0.00000000E+00  7.02339573E-03  8.83652837E-01
 -3.39900000E-01  2.13522000E+00 -1.05444357E+00  0.00000000E+00  6.78312598E-01  0.00000000E+00  7.03492190E-03  8.76985875E-01
 -3.39900000E-01  2.13545500E+00 -1.05186958E+00  0.00000000E+00  6.77199861E-01  0.00000000E+00  7.04645810E-03  8.70344159E-01
 -3.39900000E-01  2.13569000E+00 -1.04928472E+00  0.00000000E+00  6.76086154E-01  0.00000000E+00  7.05800389E-03  8.63727689E-01
 -3.39900000E-01  2.13592500E+00 -1.04668899E+00  0.00000000E+00  6.74971549E-01  0.00000000E+00  7.06955888E-03  8.57136464E-01
 -3.39900000E-01  2.13616000E+00 -1.04408240E+00  0.00000000E+00  6.73856116E-01  0.00000000E+00  7.08112266E-03  8.50570485E-01
 -3.39900000E-01  2.13639500E+00 -1.04146495E+00  0.00000000E+00  6.72739928E-01  0.00000000E+00  7.09269481E-03  8.44029752E-01
 -3.39900000E-01  2.13663000E+00 -1.03883663E+00  0.00000000E+00  6.71623057E-01  0.00000000E+00  7.10427492E-03  8.37514264E-01
 -3.39900000E-01  2.13686500E+00 -1.03619745E+00  0.00000000E+00  6.70505575E-01  0.00000000E+00  7.11586258E-03  8.31024022E-01
 -3.39900000E-01  2.13710000E+00 -1.03354740E+00  0.00000000E+00  6.69387553E-01  0.00000000E+00  7.12745738E-03  8.24559026E-01
 -3.39900000E-01  2.13733500E+00 -1.03088649E+00  0.00000000E+00  6.68269064E-01  0.00000000E+00  7.13905890E-03  8.18119276E-01
 -3.39900000E-01  2.13757000E+00 -1.02821471E+00  0.00000000E+00  6.67150180E-01  0.00000000E+00  7.15066675E-03  8.11704771E-01
 -3.39900000E-01  2.13780500E+00 -1.02553207E+00  0.00000000E+00  6.66030972E-01  0.00000000E+00  7.16228051E-03  8.05315512E-01
 -3.39900000E-01  2.13804000E+00 -1.02283856E+00  0.00000000E+00  6.64911512E-01  0.00000000E+00  7.17389976E-03  7.98951498E-01
 -3.39900000E-01  2.13827500E+00 -1.02013419E+00  0.00000000E+00  6.63791872E-01  0.00000000E+00  7.18552409E-03  7.92612731E-01
 -3.39900000E-01  2.13851000E+00 -1.01741896E+00  0.00000000E+00  6.62672124E-01  0.00000000E+00  7.19715310E-03  7.86299209E-01
 -3.39900000E-01  2.13874500E+00 -1.01469286E+00  0.00000000E+00  6.61552340E-01  0.00000000E+00  7.20878638E-03  7.80010932E-01
 -3.39900000E-01  2.13898000E+00 -1.01195589E+00  0.00000000E+00  6.60432592E-01  0.00000000E+00  7.22042351E-03  7.73747902E-01
 -3.39900000E-01  2.13921500E+00 -1.00920806E+00  0.00000000E+00  6.59312952E-01  0.00000000E+00  7.23206408E-03  7.67510117E-01
 -3.39900000E-01  2.13945000E+00 -1.00644937E+00  0.00000000E+00  6.58193491E-01  0.00000000E+00  7.24370768E-03  7.61297577E-01
 -3.39900000E-01  2.13968500E+00 -1.00367981E+00  0.00000000E+00  6.57074282E-01  0.00000000E+00  7.25535390E-03  7.55110284E-01
 -3.39900000E-01  2.13992000E+00 -1.00089939E+00  0.00000000E+00  6.55955396E-01  0.00000000E+00  7.26700233E-03  7.48948236E-01
 -3.39900000E-01  2.14015500E+00 -9.98108102E-01  0.00000000E+00  6.54836906E-01  0.00000000E+00  7.27865256E-03  7.42811434E-01
 -3.39900000E-01  2.14039000E+00 -9.95305950E-01  0.00000000E+00  6.53718883E-01  0.00000000E+00  7.29030417E-03  7.36699877E-01
 -3.39900000E-01  2.14062500E+00 -9.92492934E-01  0.00000000E+00  6.52601399E-01  0.00000000E+00  7.30195677E-03  7.30613566E-01
 -3.39900000E-01  2.14086000E+00 -9.89669054E-01  0.00000000E+00  6.51484526E-01  0.00000000E+00  7.31360993E-03  7.24552501E-01
 -3.39900000E-01  2.14109500E+00 -9.86834308E-01  0.00000000E+00  6.50368336E-01  0.00000000E+00  7.32526324E-03  7.18516682E-01
 -3.39900000E-01  2.14133000E+00 -9.83988698E-01  0.00000000E+00  6.49252900E-01  0.00000000E+00  7.33691630E-03  7.12506108E-01
 -3.39900000E-01  2.14156500E+00 -9.81132224E-01  0.00000000E+00  6.48138291E-01  0.00000000E+00  7.34856869E-03  7.06520780E-01
 -3.39900000E-01  2.14180000E+00 -9.78264885E-01  0.00000000E+00  6.47024581E-01  0.00000000E+00  7.36022000E-03  7.00560698E-01
 -3.39900000E-01  2.14203500E+00 -9.75386682E-01  0.00000000E+00  6.45911842E-01  0.00000000E+00  7.37186983E-03  6.94625861E-01
 -3.39900000E-01  2.14227000E+00 -9.72497614E-01  0.00000000E+00  6.44800145E-01  0.00000000E+00  7.38351775E-03  6.88716270E-01
 -3.39900000E-01  2.14250500E+00 -9.69597681E-01  0.00000000E+00  6.43689562E-01  0.00000000E+00  7.39516337E-03  6.82831924E-01
 -3.39900000E-01  2.14274000E+00 -9.66686884E-01  0.00000000E+00  6.42580165E-01  0.00000000E+00  7.40680626E-03  6.76972825E-01
 -3.39900000E-01  2.14297500E+00 -9.63765222E-01  0.00000000E+00  6.41472026E-01  0.00000000E+00  7.41844602E-03  6.71138971E-01
 -3.39900000E-01  2.14321000E+00 -9.60832696E-01  0.00000000E+00  6.40365217E-01  0.00000000E+00  7.43008224E-03  6.65330363E-01
 -3.39900000E-01  2.14344500E+00 -9.57889305E-01  0.00000000E+00  6.39259811E-01  0.00000000E+00  7.44171450E-03  6.59547000E-01
 -3.39900000E-01  2.14368000E+00 -9.54935050E-01  0.00000000E+00  6.38155878E-01  0.00000000E+00  7.45334240E-03  6.53788883E-01
 -3.39900000E-01  2.14391500E+00 -9.51969930E-01  0.00000000E+00  6.37053490E-01  0.00000000E+00  7.46496553E-03  6.48056012E-01
 -3.39900000E-01  2.14415000E+00 -9.48993945E-01  0.00000000E+00  6.35952720E-01  0.00000000E+00  7.47658346E-03  6.42348387E-01
 -3.39900000E-01  2.14438500E+00 -9.46007096E-01  0.00000000E+00  6.34853640E-01  0.00000000E+00  7.48819580E-03  6.36666007E-01
 -3.39900000E-01  2.14462000E+00 -9.43009382E-01  0.00000000E+00  6.33756321E-01  0.00000000E+00  7.49980214E-03  6.31008873E-01
 -3.39900000E-01  2.14485500E+00 -9.40000804E-01  0.00000000E+00  6.32660835E-01  0.00000000E+00  7.51140205E-03  6.25376984E-01
 -3.39900000E-01  2.14509000E+00 -9.36981362E-01  0.00000000E+00  6.31567046E-01  0.00000000E+00  7.52297876E-03  6.19770341E-01
 -3.39900000E-01  2.14532500E+00 -9.33951054E-01  0.00000000E+00  6.30476772E-01  0.00000000E+00  7.53452425E-03  6.14188944E-01
 -3.39900000E-01  2.14556000E+00 -9.30909882E-01  0.00000000E+00  6.29391186E-01  0.00000000E+00  7.54606484E-03  6.08632793E-01
 -3.39900000E-01  2.14579500E+00 -9.27857846E-01  0.00000000E+00  6.28310274E-01  0.00000000E+00  7.55759923E-03  6.03101887E-01
 -3.39900000E-01  2.14603000E+00 -9.24794945E-01  0.00000000E+00  6.27234023E-01  0.00000000E+00  7.56912614E-03  5.97596227E-01
 -3.39900000E-01  2.14626500E+00 -9.21721180E-01  0.00000000E+00  6.26162417E-01  0.00000000E+00  7.58064426E-03  5.92115813E-01
 -3.39900000E-01  2.14650000E+00 -9.18636550E-01  0.00000000E+00  6.25095444E-01  0.00000000E+00  7.59215232E-03  5.86660644E-01
 -3.39900000E-01  2.14673500E+00 -9.15541055E-01  0.00000000E+00  6.24033089E-01  0.00000000E+00  7.60364901E-03  5.81230722E-01
 -3.39900000E-01  2.14697000E+00 -9.12434696E-01  0.00000000E+00  6.22975338E-01  0.00000000E+00  7.61513305E-03  5.75826044E-01
 -3.39900000E-01  2.14720500E+00 -9.09317472E-01  0.00000000E+00  6.21922177E-01  0.00000000E+00  7.62660313E-03  5.70446613E-01
 -3.39900000E-01  2.14744000E+00 -9.06189384E-01  0.00000000E+00  6.20873591E-01  0.00000000E+00  7.63805798E-03  5.65092427E-01
 -3.39900000E-01  2.14767500E+00 -9.03050431E-01  0.00000000E+00  6.19829566E-01  0.00000000E+00  7.64949628E-03  5.59763487E-01
 -3.39900000E-01  2.14791000E+00 -8.99900614E-01  0.00000000E+00  6.18790089E-01  0.00000000E+00  7.66091677E-03  5.54459792E-01
 -3.39900000E-01  2.14814500E+00 -8.96739932E-01  0.00000000E+00  6.17755145E-01  0.00000000E+00  7.67231813E-03  5.49181343E-01
 -3.39900000E-01  2.14838000E+00 -8.93568385E-01  0.00000000E+00  6.16724720E-01  0.00000000E+00  7.68369908E-03  5.43928140E-01
 -3.39900000E-01  2.14861500E+00 -8.90385974E-01  0.00000000E+00  6.15698800E-01  0.00000000E+00  7.69505833E-03  5.38700183E-01
 -3.39900000E-01  2.14885000E+00 -8.87192698E-01  0.00000000E+00  6.14677370E-01  0.00000000E+00  7.70639458E-03  5.33497471E-01
 -3.39900000E-01  2.14908500E+00 -8.83988558E-01  0.00000000E+00  6.13660418E-01  0.00000000E+00  7.71770654E-03  5.28320005E-01
 -3.39900000E-01  2.14932000E+00 -8.80773554E-01  0.00000000E+00  6.12647928E-01  0.00000000E+00  7.72899291E-03  5.23167785E-01
 -3.39900000E-01  2.14955500E+00 -8.77547684E-01  0.00000000E+00  6.11639886E-01  0.00000000E+00  7.74025242E-03  5.18040810E-01
 -3.39900000E-01  2.14979000E+00 -8.74310950E-01  0.00000000E+00  6.10636279E-01  0.00000000E+00  7.75148375E-03  5.12939081E-01
 -3.39900000E-01  2.15002500E+00 -8.71063352E-01  0.00000000E+00  6.09637092E-01  0.00000000E+00  7.76268563E-03  5.07862598E-01
 -3.39900000E-01  2.15026000E+00 -8.67804889E-01  0.00000000E+00  6.08642311E-01  0.00000000E+00  7.77385675E-03  5.02811360E-01
 -3.39900000E-01  2.15049500E+00 -8.64535562E-01  0.00000000E+00  6.07651921E-01  0.00000000E+00  7.78499583E-03  4.97785368E-01
 -3.39900000E-01  2.15073000E+00 -8.61255370E-01  0.00000000E+00  6.06665910E-01  0.00000000E+00  7.79610156E-03  4.92784622E-01
 -3.39900000E-01  2.15096500E+00 -8.57964313E-01  0.00000000E+00  6.05684262E-01  0.00000000E+00  7.80717267E-03  4.87809122E-01
 -3.39900000E-01  2.15120000E+00 -8.54662392E-01  0.00000000E+00  6.04706964E-01  0.00000000E+00  7.81820786E-03  4.82858867E-01
 -3.39900000E-01  2.15143500E+00 -8.51349606E-01  0.00000000E+00  6.03734001E-01  0.00000000E+00  7.82920583E-03  4.77933858E-01
 -3.39900000E-01  2.15167000E+00 -8.48025956E-01  0.00000000E+00  6.02765359E-01  0.00000000E+00  7.84016529E-03  4.73034094E-01
 -3.39900000E-01  2.15190500E+00 -8.44691441E-01  0.00000000E+00  6.01801025E-01  0.00000000E+00  7.85108496E-03  4.68159577E-01
 -3.39900000E-01  2.15214000E+00 -8.41346062E-01  0.00000000E+00  6.00840983E-01  0.00000000E+00  7.86196352E-03  4.63310305E-01
 -3.39900000E-01  2.15237500E+00 -8.37989818E-01  0.00000000E+00  5.99885221E-01  0.00000000E+00  7.87279971E-03  4.58486278E-01
 -3.39900000E-01  2.15261000E+00 -8.34622709E-01  0.00000000E+00  5.98933723E-01  0.00000000E+00  7.88359221E-03  4.53687497E-01
 -3.39900000E-01  2.15284500E+00 -8.31244736E-01  0.00000000E+00  5.97986475E-01  0.00000000E+00  7.89433975E-03  4.48913962E-01
 -3.39900000E-01  2.15308000E+00 -8.27855899E-01  0.00000000E+00  5.97043465E-01  0.00000000E+00  7.90504102E-03  4.44165673E-01
 -3.39900000E-01  2.15331500E+00 -8.24456196E-01  0.00000000E+00  5.96104676E-01  0.00000000E+00  7.91569473E-03  4.39442629E-01
 -3.39900000E-01  2.15355000E+00 -8.21045630E-01  0.00000000E+00  5.95170096E-01  0.00000000E+00  7.92629960E-03  4.34744832E-01
 -3.39900000E-01  2.15378500E+00 -8.17624198E-01  0.00000000E+00  5.94239710E-01  0.00000000E+00  7.93685433E-03  4.30072279E-01
 -3.39900000E-01  2.15402000E+00 -8.14191903E-01  0.00000000E+00  5.93313504E-01  0.00000000E+00  7.94735762E-03  4.25424973E-01
 -3.39900000E-01  2.15425500E+00 -8.10748742E-01  0.00000000E+00  5.92391464E-01  0.00000000E+00  7.95780818E-03  4.20802912E-01
 -3.39900000E-01  2.15449000E+00 -8.07294717E-01  0.00000000E+00  5.91473575E-01  0.00000000E+00  7.96820473E-03  4.16206097E-01
 -3.39900000E-01  2.15472500E+00 -8.03829828E-01  0.00000000E+00  5.90559824E-01  0.00000000E+00  7.97854596E-03  4.11634527E-01
 -3.39900000E-01  2.15496000E+00 -8.00354074E-01  0.00000000E+00  5.89650197E-01  0.00000000E+00  7.98883060E-03  4.07088203E-01
 -3.39900000E-01  2.15519500E+00 -7.96867455E-01  0.00000000E+00  5.88744679E-01  0.00000000E+00  7.99905733E-03  4.02567125E-01
 -3.39900000E-01  2.15543000E+00 -7.93369972E-01  0.00000000E+00  5.87843256E-01  0.00000000E+00  8.00922488E-03  3.98071293E-01
 -3.39900000E-01  2.15566500E+00 -7.89861624E-01  0.00000000E+00  5.86945914E-01  0.00000000E+00  8.01933194E-03  3.93600706E-01
 -3.39900000E-01  2.15590000E+00 -7.86342412E-01  0.00000000E+00  5.86052639E-01  0.00000000E+00  8.02937723E-03  3.89155365E-01
 -3.39900000E-01  2.15613500E+00 -7.82812335E-01  0.00000000E+00  5.85163417E-01  0.00000000E+00  8.03935946E-03  3.84735270E-01
 -3.39900000E-01  2.15637000E+00 -7.79271394E-01  0.00000000E+00  5.84278233E-01  0.00000000E+00  8.04927732E-03  3.80340420E-01
 -3.39900000E-01  2.15660500E+00 -7.75719588E-01  0.00000000E+00  5.83397075E-01  0.00000000E+00  8.05912953E-03  3.75970816E-01
 -3.39900000E-01  2.15684000E+00 -7.72156917E-01  0.00000000E+00  5.82519926E-01  0.00000000E+00  8.06891480E-03  3.71626458E-01
 -3.39900000E-01  2.15707500E+00 -7.68583382E-01  0.00000000E+00  5.81646774E-01  0.00000000E+00  8.07863183E-03  3.67307345E-01
 -3.39900000E-01  2.15731000E+00 -7.64998983E-01  0.00000000E+00  5.80777604E-01  0.00000000E+00  8.08827933E-03  3.63013478E-01
 -3.39900000E-01  2.15754500E+00 -7.61403719E-01  0.00000000E+00  5.79753316E-01  0.00000000E+00  8.09782587E-03  3.58413637E-01
 -3.39900000E-01  2.15778000E+00 -7.57797590E-01  0.00000000E+00  5.78117676E-01  0.00000000E+00  8.10718177E-03  3.52632693E-01
 -3.39900000E-01  2.15801500E+00 -7.54180597E-01  0.00000000E+00  5.76574950E-01  0.00000000E+00  8.11647666E-03  3.47185866E-01
 -3.39900000E-01  2.15825000E+00 -7.50552739E-01  0.00000000E+00  5.75117335E-01  0.00000000E+00  8.12570610E-03  3.42054481E-01
 -3.39900000E-01  2.15848500E+00 -7.46914017E-01  0.00000000E+00  5.73737030E-01  0.00000000E+00  8.13486566E-03  3.37219864E-01
 -3.39900000E-01  2.15872000E+00 -7.43264430E-01  0.00000000E+00  5.72426234E-01  0.00000000E+00  8.14395090E-03  3.32663337E-01
 -3.39900000E-01  2.15895500E+00 -7.39603979E-01  0.00000000E+00  5.71177145E-01  0.00000000E+00  8.15295740E-03  3.28366227E-01
 -3.39900000E-01  2.15919000E+00 -7.35932663E-01  0.00000000E+00  5.69981962E-01  0.00000000E+00  8.16188072E-03  3.24309857E-01
 -3.39900000E-01  2.15942500E+00 -7.32250482E-01  0.00000000E+00  5.68832883E-01  0.00000000E+00  8.17071642E-03  3.20475552E-01
 -3.39900000E-01  2.15966000E+00 -7.28557437E-01  0.00000000E+00  5.67722108E-01  0.00000000E+00  8.17946008E-03  3.16844638E-01
 -3.39900000E-01  2.15989500E+00 -7.24853527E-01  0.00000000E+00  5.66641834E-01  0.00000000E+00  8.18810726E-03  3.13398438E-01
 -3.39900000E-01  2.16013000E+00 -7.21138753E-01  0.00000000E+00  5.65584261E-01  0.00000000E+00  8.19665353E-03  3.10118278E-01
 -3.39900000E-01  2.16036500E+00 -7.17413114E-01  0.00000000E+00  5.64541586E-01  0.00000000E+00  8.20509445E-03  3.06985481E-01
 -3.39900000E-01  2.16060000E+00 -7.13676610E-01  0.00000000E+00  5.63506009E-01  0.00000000E+00  8.21342559E-03  3.03981373E-01
 -3.39900000E-01  2.16083500E+00 -7.09929242E-01  0.00000000E+00  5.62469728E-01  0.00000000E+00  8.22164252E-03  3.01087278E-01
 -3.39900000E-01  2.16107000E+00 -7.06171009E-01  0.00000000E+00  5.61424941E-01  0.00000000E+00  8.22974080E-03  2.98284522E-01
 -3.39900000E-01  2.16130500E+00 -7.02401912E-01  0.00000000E+00  5.60363848E-01  0.00000000E+00  8.23771601E-03  2.95554427E-01
 -3.39900000E-01  2.16154000E+00 -6.98621950E-01  0.00000000E+00  5.59278647E-01  0.00000000E+00  8.24556371E-03  2.92878320E-01
 -3.39900000E-01  2.16177500E+00 -6.94831124E-01  0.00000000E+00  5.58161536E-01  0.00000000E+00  8.25327946E-03  2.90237525E-01
 -3.39900000E-01  2.16201000E+00 -6.91029433E-01  0.00000000E+00  5.57004715E-01  0.00000000E+00  8.26085883E-03  2.87613366E-01
 -3.39900000E-01  2.16224500E+00 -6.87216878E-01  0.00000000E+00  5.55800381E-01  0.00000000E+00  8.26829740E-03  2.84987168E-01
 -3.39900000E-01  2.16248000E+00 -6.83393458E-01  0.00000000E+00  5.54540733E-01  0.00000000E+00  8.27559072E-03  2.82340256E-01
 -3.39900000E-01  2.16271500E+00 -6.79559173E-01  0.00000000E+00  5.53217970E-01  0.00000000E+00  8.28273437E-03  2.79653955E-01
 -3.39900000E-01  2.16295000E+00 -6.75714024E-01  0.00000000E+00  5.51824291E-01  0.00000000E+00  8.28972390E-03  2.76909589E-01
 -3.39900000E-01  2.16318500E+00 -6.71858010E-01  0.00000000E+00  5.50351894E-01  0.00000000E+00  8.29655490E-03  2.74088482E-01
 -3.39900000E-01  2.16342000E+00 -6.67991132E-01  0.00000000E+00  5.48792977E-01  0.00000000E+00  8.30322291E-03  2.71171960E-01
 -3.39900000E-01  2.16365500E+00 -6.64113390E-01  0.00000000E+00  5.47139740E-01  0.00000000E+00  8.30972352E-03  2.68141346E-01
 -3.39900000E-01  2.16389000E+00 -6.60224782E-01  0.00000000E+00  5.45384380E-01  0.00000000E+00  8.31605229E-03  2.64977967E-01
 -3.39900000E-01  2.16412500E+00 -6.56325311E-01  0.00000000E+00  5.43519097E-01  0.00000000E+00  8.32220478E-03  2.61663146E-01
 -3.39900000E-01  2.16436000E+00 -6.52414974E-01  0.00000000E+00  5.41536089E-01  0.00000000E+00  8.32817657E-03  2.58178207E-01
 -3.39900000E-01  2.16459500E+00 -6.48493774E-01  0.00000000E+00  5.39427555E-01  0.00000000E+00  8.33396321E-03  2.54504477E-01
 -3.39900000E-01  2.16483000E+00 -6.44561708E-01  0.00000000E+00  5.37185693E-01  0.00000000E+00  8.33956028E-03  2.50623278E-01
 -3.39900000E-01  2.16506500E+00 -6.40618779E-01  0.00000000E+00  5.34802702E-01  0.00000000E+00  8.34496334E-03  2.46515937E-01
 -3.39900000E-01  2.16530000E+00 -6.36664984E-01  0.00000000E+00  5.32270780E-01  0.00000000E+00  8.35016796E-03  2.42163777E-01
 -3.39900000E-01  2.16553500E+00 -6.32700325E-01  0.00000000E+00  5.29582126E-01  0.00000000E+00  8.35516971E-03  2.37548124E-01
 -3.39900000E-01  2.16577000E+00 -6.28724802E-01  0.00000000E+00  5.26728939E-01  0.00000000E+00  8.35996416E-03  2.32650301E-01
 -3.39900000E-01  2.16600500E+00 -6.24738414E-01  0.00000000E+00  5.23703418E-01  0.00000000E+00  8.36454686E-03  2.27451634E-01
 -3.39900000E-01  2.16624000E+00 -6.20741162E-01  0.00000000E+00  5.20497760E-01  0.00000000E+00  8.36891339E-03  2.21933447E-01
 -3.39900000E-01  2.16647500E+00 -6.16733045E-01  0.00000000E+00  5.17104164E-01  0.00000000E+00  8.37305931E-03  2.16077065E-01
 -3.39900000E-01  2.16671000E+00 -6.12714064E-01  0.00000000E+00  5.13514830E-01  0.00000000E+00  8.37698020E-03  2.09863812E-01
 -3.39900000E-01  2.16694500E+00 -6.08684218E-01  0.00000000E+00  5.09721955E-01  0.00000000E+00  8.38067161E-03  2.03275013E-01
 -3.39900000E-01  2.16718000E+00 -6.04643508E-01  0.00000000E+00  5.05717739E-01  0.00000000E+00  8.38412912E-03  1.96291993E-01
 -3.39900000E-01  2.16741500E+00 -6.00591933E-01  0.00000000E+00  5.01494379E-01  0.00000000E+00  8.38734830E-03  1.88896077E-01
 -3.39900000E-01  2.16765000E+00 -5.96529494E-01  0.00000000E+00  4.97044075E-01  0.00000000E+00  8.39032470E-03  1.81068589E-01
 -3.39900000E-01  2.16788500E+00 -5.92456190E-01  0.00000000E+00  4.92359025E-01  0.00000000E+00  8.39305389E-03  1.72790853E-01
 -3.39900000E-01  2.16812000E+00 -5.88372022E-01  0.00000000E+00  4.87431427E-01  0.00000000E+00  8.39553145E-03  1.64044195E-01
 -3.39900000E-01  2.16835500E+00 -5.84276989E-01  0.00000000E+00  4.82253481E-01  0.00000000E+00  8.39775294E-03  1.54809939E-01
 -3.39900000E-01  2.16859000E+00 -5.80171092E-01  0.00000000E+00  4.76817385E-01  0.00000000E+00  8.39971393E-03  1.45069409E-01
 -3.39900000E-01  2.16882500E+00 -5.76054330E-01  0.00000000E+00  4.71115337E-01  0.00000000E+00  8.40140998E-03  1.34803931E-01
 -3.39900000E-01  2.16906000E+00 -5.71926704E-01  0.00000000E+00  4.65139536E-01  0.00000000E+00  8.40283666E-03  1.23994829E-01
 -3.39900000E-01  2.16929500E+00 -5.67788214E-01  0.00000000E+00  4.58882180E-01  0.00000000E+00  8.40398954E-03  1.12623427E-01
 -3.39900000E-01  2.16953000E+00 -5.63638859E-01  0.00000000E+00  4.52335469E-01  0.00000000E+00  8.40486418E-03  1.00671051E-01
 -3.39900000E-01  2.16976500E+00 -5.59478640E-01  0.00000000E+00  4.45491601E-01  0.00000000E+00  8.40545615E-03  8.81190244E-02
 -3.39900000E-01  2.17000000E+00 -5.55307556E-01  0.00000000E+00  4.38342775E-01  0.00000000E+00  8.40576102E-03  7.49486725E-02
