               X               Y            VELX            VELY            PRES            TEMP            PS 1            PS 2  2.00000000E+01
 -3.39900000E-01  1.93500000E+00 -6.99936762E-05  0.00000000E+00  4.91191194E-01  1.00000005E-03  3.50364189E-09  2.30221582E-08
 -3.39900000E-01  1.93523500E+00 -8.45331407E-02  0.00000000E+00  4.97123645E-01  1.00000005E-03  8.69564836E-04  4.57265794E-04
 -3.39900000E-01  1.93547000E+00 -1.64137387E-01  0.00000000E+00  5.02648332E-01  1.00000005E-03  1.68408142E-03  9.19392712E-04
 -3.39900000E-01  1.93570500E+00 -2.39019672E-01  0.00000000E+00  5.07778319E-01  1.00000005E-03  2.44514097E-03  1.38625780E-03
 -3.39900000E-01  1.93594000E+00 -3.09316931E-01  0.00000000E+00  5.12526669E-01  1.00000005E-03  3.15433120E-03  1.85771509E-03
 -3.39900000E-01  1.93617500E+00 -3.75166103E-01  0.00000000E+00  5.16906444E-01  1.00000005E-03  3.81323984E-03  2.33361861E-03
 -3.39900000E-01  1.93641000E+00 -4.36704127E-01  0.00000000E+00  5.20930706E-01  1.00000005E-03  4.42345459E-03  2.81382239E-03
 -3.39900000E-01  1.93664500E+00 -4.94067938E-01  0.00000000E+00  5.24612518E-01  1.00000005E-03  4.98656318E-03  3.29818044E-03
 -3.39900000E-01  1.93688000E+00 -5.47394477E-01  0.00000000E+00  5.27964943E-01  1.00000005E-03  5.50415332E-03  3.78654681E-03
 -3.39900000E-01  1.93711500E+00 -5.96820679E-01  0.00000000E+00  5.31001044E-01  1.00000005E-03  5.97781274E-03  4.27877552E-03
 -3.39900000E-01  1.93735000E+00 -6.42483483E-01  0.00000000E+00  5.33733881E-01  1.00000005E-03  6.40912913E-03  4.77472059E-03
 -3.39900000E-01  1.93758500E+00 -6.84519827E-01  0.00000000E+00  5.36176520E-01  1.00000005E-03  6.79969023E-03  5.27423606E-03
 -3.39900000E-01  1.93782000E+00 -7.23066648E-01  0.00000000E+00  5.38342021E-01  1.00000005E-03  7.15108375E-03  5.77717595E-03
 -3.39900000E-01  1.93805500E+00 -7.58260884E-01  0.00000000E+00  5.40243447E-01  1.00000005E-03  7.46489741E-03  6.28339429E-03
 -3.39900000E-01  1.93829000E+00 -7.90239474E-01  0.00000000E+00  5.41893862E-01  1.00000005E-03  7.74271892E-03  6.79274510E-03
 -3.39900000E-01  1.93852500E+00 -8.19139354E-01  0.00000000E+00  5.43306327E-01  1.00000005E-03  7.98613601E-03  7.30508242E-03
 -3.39900000E-01  1.93876000E+00 -8.45097463E-01  0.00000000E+00  5.44493905E-01  1.00000005E-03  8.19673638E-03  7.82026027E-03
 -3.39900000E-01  1.93899500E+00 -8.68250738E-01  0.00000000E+00  5.45469659E-01  1.00000005E-03  8.37610775E-03  8.33813267E-03
 -3.39900000E-01  1.93923000E+00 -8.88736117E-01  0.00000000E+00  5.46246651E-01  1.00000005E-03  8.52583785E-03  8.85855367E-03
 -3.39900000E-01  1.93946500E+00 -9.06690538E-01  0.00000000E+00  5.46837944E-01  1.00000005E-03  8.64751438E-03  9.38137728E-03
 -3.39900000E-01  1.93970000E+00 -9.22250938E-01  0.00000000E+00  5.47256600E-01  1.00000005E-03  8.74272508E-03  9.90645753E-03
 -3.39900000E-01  1.93993500E+00 -9.35554256E-01  0.00000000E+00  5.47515683E-01  1.00000005E-03  8.81305764E-03  1.04336485E-02
 -3.39900000E-01  1.94017000E+00 -9.46737429E-01  0.00000000E+00  5.47628253E-01  1.00000005E-03  8.86009979E-03  1.09628041E-02
 -3.39900000E-01  1.94040500E+00 -9.55937395E-01  0.00000000E+00  5.47607375E-01  1.00000005E-03  8.88543925E-03  1.14937784E-02
 -3.39900000E-01  1.94064000E+00 -9.63291092E-01  0.00000000E+00  5.47466111E-01  1.00000005E-03  8.89066374E-03  1.20264255E-02
 -3.39900000E-01  1.94087500E+00 -9.68935457E-01  0.00000000E+00  5.47217522E-01  1.00000005E-03  8.87736096E-03  1.25605994E-02
 -3.39900000E-01  1.94111000E+00 -9.73007429E-01  0.00000000E+00  5.46874673E-01  1.00000005E-03  8.84711864E-03  1.30961541E-02
 -3.39900000E-01  1.94134500E+00 -9.75643945E-01  0.00000000E+00  5.46450624E-01  1.00000005E-03  8.80152449E-03  1.36329436E-02
 -3.39900000E-01  1.94158000E+00 -9.76981942E-01  0.00000000E+00  5.45958440E-01  1.00000005E-03  8.74216624E-03  1.41708220E-02
 -3.39900000E-01  1.94181500E+00 -9.77158359E-01  0.00000000E+00  5.45411182E-01  1.00000005E-03  8.67063159E-03  1.47096432E-02
 -3.39900000E-01  1.94205000E+00 -9.76310134E-01  0.00000000E+00  5.44821913E-01  1.00000005E-03  8.58850827E-03  1.52492614E-02
 -3.39900000E-01  1.94228500E+00 -9.74574203E-01  0.00000000E+00  5.44203695E-01  1.00000005E-03  8.49738400E-03  1.57895306E-02
 -3.39900000E-01  1.94252000E+00 -9.72087506E-01  0.00000000E+00  5.43569592E-01  1.00000005E-03  8.39884648E-03  1.63303047E-02
 -3.39900000E-01  1.94275500E+00 -9.68986979E-01  0.00000000E+00  5.42932665E-01  1.00000005E-03  8.29448343E-03  1.68714378E-02
 -3.39900000E-01  1.94299000E+00 -9.65409560E-01  0.00000000E+00  5.42305978E-01  1.00000005E-03  8.18588258E-03  1.74127839E-02
 -3.39900000E-01  1.94322500E+00 -9.61492188E-01  0.00000000E+00  5.41702592E-01  1.00000005E-03  8.07463164E-03  1.79541971E-02
 -3.39900000E-01  1.94346000E+00 -9.57371800E-01  0.00000000E+00  5.41135571E-01  1.00000005E-03  7.96231833E-03  1.84955314E-02
 -3.39900000E-01  1.94369500E+00 -9.53185334E-01  0.00000000E+00  5.40617977E-01  1.00000005E-03  7.85053035E-03  1.90366408E-02
 -3.39900000E-01  1.94393000E+00 -9.49069727E-01  0.00000000E+00  5.40162872E-01  1.00000005E-03  7.74085544E-03  1.95773793E-02
 -3.39900000E-01  1.94416500E+00 -9.45161918E-01  0.00000000E+00  5.39783319E-01  1.00000005E-03  7.63488131E-03  2.01176010E-02
 -3.39900000E-01  1.94440000E+00 -9.41598843E-01  0.00000000E+00  5.39492381E-01  1.00000005E-03  7.53419567E-03  2.06571599E-02
 -3.39900000E-01  1.94463500E+00 -9.38517442E-01  0.00000000E+00  5.39303120E-01  1.00000005E-03  7.44038625E-03  2.11959100E-02
 -3.39900000E-01  1.94487000E+00 -9.36054651E-01  0.00000000E+00  5.39228599E-01  1.00000005E-03  7.35504075E-03  2.17337054E-02
 -3.39900000E-01  1.94510500E+00 -9.34347409E-01  0.00000000E+00  5.39281880E-01  1.00000005E-03  7.27974690E-03  2.22704000E-02
 -3.39900000E-01  1.94534000E+00 -9.33532653E-01  0.00000000E+00  5.39476026E-01  1.00000005E-03  7.21609241E-03  2.28058480E-02
 -3.39900000E-01  1.94557500E+00 -9.33747321E-01  0.00000000E+00  5.39824099E-01  1.00000005E-03  7.16566499E-03  2.33399032E-02
 -3.39900000E-01  1.94581000E+00 -9.35128350E-01  0.00000000E+00  5.40339162E-01  1.00000005E-03  7.13005238E-03  2.38724199E-02
 -3.39900000E-01  1.94604500E+00 -9.37812680E-01  0.00000000E+00  5.41034278E-01  1.00000005E-03  7.11084228E-03  2.44032519E-02
 -3.39900000E-01  1.94628000E+00 -9.41937246E-01  0.00000000E+00  5.41922509E-01  1.00000005E-03  7.10962241E-03  2.49322533E-02
 -3.39900000E-01  1.94651500E+00 -9.47638988E-01  0.00000000E+00  5.43016918E-01  1.00000005E-03  7.12798048E-03  2.54592782E-02
 -3.39900000E-01  1.94675000E+00 -9.55054842E-01  0.00000000E+00  5.44330567E-01  1.00000005E-03  7.16750422E-03  2.59841806E-02
 -3.39900000E-01  1.94698500E+00 -9.64321747E-01  0.00000000E+00  5.45876518E-01  1.00000005E-03  7.22978134E-03  2.65068144E-02
 -3.39900000E-01  1.94722000E+00 -9.75576641E-01  0.00000000E+00  5.47667835E-01  1.00000005E-03  7.31639956E-03  2.70270338E-02
 -3.39900000E-01  1.94745500E+00 -9.88956460E-01  0.00000000E+00  5.49717580E-01  1.00000005E-03  7.42894659E-03  2.75446927E-02
 -3.39900000E-01  1.94769000E+00 -9.93819911E-01  0.00000000E+00  5.50266555E-01  1.00000005E-03  7.44019745E-03  2.80718842E-02
 -3.39900000E-01  1.94792500E+00 -9.96317548E-01  0.00000000E+00  5.50423574E-01  1.00000005E-03  7.42361457E-03  2.86016363E-02
 -3.39900000E-01  1.94816000E+00 -9.98777208E-01  0.00000000E+00  5.50581857E-01  1.00000005E-03  7.40700980E-03  2.91313144E-02
 -3.39900000E-01  1.94839500E+00 -1.00119949E+00  0.00000000E+00  5.50741217E-01  1.00000005E-03  7.39038387E-03  2.96609261E-02
 -3.39900000E-01  1.94863000E+00 -1.00358497E+00  0.00000000E+00  5.50901467E-01  1.00000005E-03  7.37373751E-03  3.01904790E-02
 -3.39900000E-01  1.94886500E+00 -1.00593426E+00  0.00000000E+00  5.51062421E-01  1.00000005E-03  7.35707144E-03  3.07199808E-02
 -3.39900000E-01  1.94910000E+00 -1.00824794E+00  0.00000000E+00  5.51223893E-01  1.00000005E-03  7.34038639E-03  3.12494390E-02
 -3.39900000E-01  1.94933500E+00 -1.01052661E+00  0.00000000E+00  5.51385696E-01  1.00000005E-03  7.32368310E-03  3.17788614E-02
 -3.39900000E-01  1.94957000E+00 -1.01277086E+00  0.00000000E+00  5.51547643E-01  1.00000005E-03  7.30696229E-03  3.23082554E-02
 -3.39900000E-01  1.94980500E+00 -1.01498129E+00  0.00000000E+00  5.51709548E-01  1.00000005E-03  7.29022468E-03  3.28376288E-02
 -3.39900000E-01  1.95004000E+00 -1.01715848E+00  0.00000000E+00  5.51871224E-01  1.00000005E-03  7.27347101E-03  3.33669892E-02
 -3.39900000E-01  1.95027500E+00 -1.01930303E+00  0.00000000E+00  5.52032485E-01  1.00000005E-03  7.25670200E-03  3.38963441E-02
 -3.39900000E-01  1.95051000E+00 -1.02141553E+00  0.00000000E+00  5.52193144E-01  1.00000005E-03  7.23991838E-03  3.44257012E-02
 -3.39900000E-01  1.95074500E+00 -1.02349658E+00  0.00000000E+00  5.52353016E-01  1.00000005E-03  7.22312088E-03  3.49550682E-02
 -3.39900000E-01  1.95098000E+00 -1.02554677E+00  0.00000000E+00  5.52511912E-01  1.00000005E-03  7.20631023E-03  3.54844525E-02
 -3.39900000E-01  1.95121500E+00 -1.02756668E+00  0.00000000E+00  5.52669647E-01  1.00000005E-03  7.18948715E-03  3.60138620E-02
 -3.39900000E-01  1.95145000E+00 -1.02955692E+00  0.00000000E+00  5.52826035E-01  1.00000005E-03  7.17265237E-03  3.65433041E-02
 -3.39900000E-01  1.95168500E+00 -1.03151808E+00  0.00000000E+00  5.52980888E-01  1.00000005E-03  7.15580663E-03  3.70727865E-02
 -3.39900000E-01  1.95192000E+00 -1.03345074E+00  0.00000000E+00  5.53134020E-01  1.00000005E-03  7.13895064E-03  3.76023169E-02
 -3.39900000E-01  1.95215500E+00 -1.03535551E+00  0.00000000E+00  5.53285245E-01  1.00000005E-03  7.12208514E-03  3.81319028E-02
 -3.39900000E-01  1.95239000E+00 -1.03723297E+00  0.00000000E+00  5.53434376E-01  1.00000005E-03  7.10521085E-03  3.86615518E-02
 -3.39900000E-01  1.95262500E+00 -1.03908372E+00  0.00000000E+00  5.53581227E-01  1.00000005E-03  7.08832850E-03  3.91912717E-02
 -3.39900000E-01  1.95286000E+00 -1.04090836E+00  0.00000000E+00  5.53725611E-01  1.00000005E-03  7.07143883E-03  3.97210699E-02
 -3.39900000E-01  1.95309500E+00 -1.04270746E+00  0.00000000E+00  5.53867341E-01  1.00000005E-03  7.05454255E-03  4.02509542E-02
 -3.39900000E-01  1.95333000E+00 -1.04448163E+00  0.00000000E+00  5.54006232E-01  1.00000005E-03  7.03764039E-03  4.07809322E-02
 -3.39900000E-01  1.95356500E+00 -1.04623146E+00  0.00000000E+00  5.54142095E-01  1.00000005E-03  7.02073309E-03  4.13110114E-02
 -3.39900000E-01  1.95380000E+00 -1.04795755E+00  0.00000000E+00  5.54274746E-01  1.00000005E-03  7.00382137E-03  4.18411995E-02
 -3.39900000E-01  1.95403500E+00 -1.04966047E+00  0.00000000E+00  5.54403998E-01  1.00000005E-03  6.98690596E-03  4.23715041E-02
 -3.39900000E-01  1.95427000E+00 -1.05134084E+00  0.00000000E+00  5.54529663E-01  1.00000005E-03  6.96998759E-03  4.29019328E-02
 -3.39900000E-01  1.95450500E+00 -1.05299924E+00  0.00000000E+00  5.54651556E-01  1.00000005E-03  6.95306698E-03  4.34324934E-02
 -3.39900000E-01  1.95474000E+00 -1.05463626E+00  0.00000000E+00  5.54769490E-01  1.00000005E-03  6.93614487E-03  4.39631932E-02
 -3.39900000E-01  1.95497500E+00 -1.05625249E+00  0.00000000E+00  5.54883278E-01  1.00000005E-03  6.91922198E-03  4.44940401E-02
 -3.39900000E-01  1.95521000E+00 -1.05784854E+00  0.00000000E+00  5.54992734E-01  1.00000005E-03  6.90229903E-03  4.50250416E-02
 -3.39900000E-01  1.95544500E+00 -1.05942499E+00  0.00000000E+00  5.55097671E-01  1.00000005E-03  6.88537676E-03  4.55562054E-02
 -3.39900000E-01  1.95568000E+00 -1.06098243E+00  0.00000000E+00  5.55197903E-01  1.00000005E-03  6.86845590E-03  4.60875390E-02
 -3.39900000E-01  1.95591500E+00 -1.06252147E+00  0.00000000E+00  5.55293244E-01  1.00000005E-03  6.85153717E-03  4.66190500E-02
 -3.39900000E-01  1.95615000E+00 -1.06404268E+00  0.00000000E+00  5.55383506E-01  1.00000005E-03  6.83462130E-03  4.71507462E-02
 -3.39900000E-01  1.95638500E+00 -1.06554667E+00  0.00000000E+00  5.55468504E-01  1.00000005E-03  6.81770901E-03  4.76826351E-02
 -3.39900000E-01  1.95662000E+00 -1.06703402E+00  0.00000000E+00  5.55548050E-01  1.00000005E-03  6.80080105E-03  4.82147244E-02
 -3.39900000E-01  1.95685500E+00 -1.06850533E+00  0.00000000E+00  5.55621959E-01  1.00000005E-03  6.78389812E-03  4.87470216E-02
 -3.39900000E-01  1.95709000E+00 -1.06996120E+00  0.00000000E+00  5.55690043E-01  1.00000005E-03  6.76700097E-03  4.92795344E-02
 -3.39900000E-01  1.95732500E+00 -1.07140221E+00  0.00000000E+00  5.55752116E-01  1.00000005E-03  6.75011032E-03  4.98122704E-02
 -3.39900000E-01  1.95756000E+00 -1.07282896E+00  0.00000000E+00  5.55807992E-01  1.00000005E-03  6.73322690E-03  5.03452373E-02
 -3.39900000E-01  1.95779500E+00 -1.07424204E+00  0.00000000E+00  5.55857484E-01  1.00000005E-03  6.71635143E-03  5.08784426E-02
 -3.39900000E-01  1.95803000E+00 -1.07564204E+00  0.00000000E+00  5.55900406E-01  1.00000005E-03  6.69948465E-03  5.14118939E-02
 -3.39900000E-01  1.95826500E+00 -1.07702956E+00  0.00000000E+00  5.55936571E-01  1.00000005E-03  6.68262727E-03  5.19455990E-02
 -3.39900000E-01  1.95850000E+00 -1.07840519E+00  0.00000000E+00  5.55965793E-01  1.00000005E-03  6.66578004E-03  5.24795654E-02
 -3.39900000E-01  1.95873500E+00 -1.07976952E+00  0.00000000E+00  5.55987884E-01  1.00000005E-03  6.64894367E-03  5.30138007E-02
 -3.39900000E-01  1.95897000E+00 -1.08112315E+00  0.00000000E+00  5.56002659E-01  1.00000005E-03  6.63211890E-03  5.35483125E-02
 -3.39900000E-01  1.95920500E+00 -1.08246666E+00  0.00000000E+00  5.56009931E-01  1.00000005E-03  6.61530645E-03  5.40831086E-02
 -3.39900000E-01  1.95944000E+00 -1.08380066E+00  0.00000000E+00  5.56009514E-01  1.00000005E-03  6.59850706E-03  5.46181964E-02
 -3.39900000E-01  1.95967500E+00 -1.08512573E+00  0.00000000E+00  5.56001220E-01  1.00000005E-03  6.58172144E-03  5.51535837E-02
 -3.39900000E-01  1.95991000E+00 -1.08644247E+00  0.00000000E+00  5.55984864E-01  1.00000005E-03  6.56495033E-03  5.56892780E-02
 -3.39900000E-01  1.96014500E+00 -1.08773431E+00  0.00000000E+00  5.56038067E-01  1.00000005E-03  6.54816892E-03  5.62253242E-02
 -3.39900000E-01  1.96038000E+00 -1.08900501E+00  0.00000000E+00  5.56134916E-01  1.00000005E-03  6.53138169E-03  5.67617164E-02
 -3.39900000E-01  1.96061500E+00 -1.09026459E+00  0.00000000E+00  5.56228098E-01  1.00000005E-03  6.51460325E-03  5.72984400E-02
 -3.39900000E-01  1.96085000E+00 -1.09151318E+00  0.00000000E+00  5.56317737E-01  1.00000005E-03  6.49783369E-03  5.78355036E-02
 -3.39900000E-01  1.96108500E+00 -1.09275088E+00  0.00000000E+00  5.56403957E-01  1.00000005E-03  6.48107311E-03  5.83729162E-02
 -3.39900000E-01  1.96132000E+00 -1.09397783E+00  0.00000000E+00  5.56486883E-01  1.00000005E-03  6.46432162E-03  5.89106863E-02
 -3.39900000E-01  1.96155500E+00 -1.09519413E+00  0.00000000E+00  5.56566638E-01  1.00000005E-03  6.44757932E-03  5.94488227E-02
 -3.39900000E-01  1.96179000E+00 -1.09639991E+00  0.00000000E+00  5.56643348E-01  1.00000005E-03  6.43084630E-03  5.99873341E-02
 -3.39900000E-01  1.96202500E+00 -1.09759528E+00  0.00000000E+00  5.56717135E-01  1.00000005E-03  6.41412268E-03  6.05262292E-02
 -3.39900000E-01  1.96226000E+00 -1.09878036E+00  0.00000000E+00  5.56788124E-01  1.00000005E-03  6.39740854E-03  6.10655168E-02
 -3.39900000E-01  1.96249500E+00 -1.09995527E+00  0.00000000E+00  5.56856440E-01  1.00000005E-03  6.38070400E-03  6.16052055E-02
 -3.39900000E-01  1.96273000E+00 -1.10112013E+00  0.00000000E+00  5.56922206E-01  1.00000005E-03  6.36400914E-03  6.21453041E-02
 -3.39900000E-01  1.96296500E+00 -1.10227506E+00  0.00000000E+00  5.56985547E-01  1.00000005E-03  6.34732408E-03  6.26858213E-02
 -3.39900000E-01  1.96320000E+00 -1.10342017E+00  0.00000000E+00  5.57046587E-01  1.00000005E-03  6.33064891E-03  6.32267659E-02
 -3.39900000E-01  1.96343500E+00 -1.10455559E+00  0.00000000E+00  5.57105449E-01  1.00000005E-03  6.31398374E-03  6.37681464E-02
 -3.39900000E-01  1.96367000E+00 -1.10568142E+00  0.00000000E+00  5.57162259E-01  1.00000005E-03  6.29732866E-03  6.43099718E-02
 -3.39900000E-01  1.96390500E+00 -1.10679779E+00  0.00000000E+00  5.57217141E-01  1.00000005E-03  6.28068377E-03  6.48522506E-02
 -3.39900000E-01  1.96414000E+00 -1.10790482E+00  0.00000000E+00  5.57270218E-01  1.00000005E-03  6.26404918E-03  6.53949916E-02
 -3.39900000E-01  1.96437500E+00 -1.10900263E+00  0.00000000E+00  5.57321615E-01  1.00000005E-03  6.24742498E-03  6.59382035E-02
 -3.39900000E-01  1.96461000E+00 -1.11009133E+00  0.00000000E+00  5.57371455E-01  1.00000005E-03  6.23081129E-03  6.64818950E-02
 -3.39900000E-01  1.96484500E+00 -1.11117104E+00  0.00000000E+00  5.57419864E-01  1.00000005E-03  6.21420819E-03  6.70260749E-02
 -3.39900000E-01  1.96508000E+00 -1.11224188E+00  0.00000000E+00  5.57466965E-01  1.00000005E-03  6.19761579E-03  6.75707519E-02
 -3.39900000E-01  1.96531500E+00 -1.11330397E+00  0.00000000E+00  5.57512883E-01  1.00000005E-03  6.18103419E-03  6.81159347E-02
 -3.39900000E-01  1.96555000E+00 -1.11435743E+00  0.00000000E+00  5.57557741E-01  1.00000005E-03  6.16446349E-03  6.86616320E-02
 -3.39900000E-01  1.96578500E+00 -1.11540237E+00  0.00000000E+00  5.57601664E-01  1.00000005E-03  6.14790379E-03  6.92078525E-02
 -3.39900000E-01  1.96602000E+00 -1.11643891E+00  0.00000000E+00  5.57644776E-01  1.00000005E-03  6.13135519E-03  6.97546049E-02
 -3.39900000E-01  1.96625500E+00 -1.11746717E+00  0.00000000E+00  5.57687201E-01  1.00000005E-03  6.11481780E-03  7.03018980E-02
 -3.39900000E-01  1.96649000E+00 -1.11848728E+00  0.00000000E+00  5.57729063E-01  1.00000005E-03  6.09829171E-03  7.08497405E-02
 -3.39900000E-01  1.96672500E+00 -1.11949933E+00  0.00000000E+00  5.57770487E-01  1.00000005E-03  6.08177703E-03  7.13981411E-02
 -3.39900000E-01  1.96696000E+00 -1.12050347E+00  0.00000000E+00  5.57811597E-01  1.00000005E-03  6.06527385E-03  7.19471086E-02
 -3.39900000E-01  1.96719500E+00 -1.12149980E+00  0.00000000E+00  5.57852516E-01  1.00000005E-03  6.04878227E-03  7.24966516E-02
 -3.39900000E-01  1.96743000E+00 -1.12248844E+00  0.00000000E+00  5.57893370E-01  1.00000005E-03  6.03230240E-03  7.30467788E-02
 -3.39900000E-01  1.96766500E+00 -1.12346951E+00  0.00000000E+00  5.57934282E-01  1.00000005E-03  6.01583434E-03  7.35974990E-02
 -3.39900000E-01  1.96790000E+00 -1.12444313E+00  0.00000000E+00  5.57975376E-01  1.00000005E-03  5.99937819E-03  7.41488210E-02
 -3.39900000E-01  1.96813500E+00 -1.12540941E+00  0.00000000E+00  5.58016777E-01  1.00000005E-03  5.98293405E-03  7.47007533E-02
 -3.39900000E-01  1.96837000E+00 -1.12636848E+00  0.00000000E+00  5.58058608E-01  1.00000005E-03  5.96650202E-03  7.52533048E-02
 -3.39900000E-01  1.96860500E+00 -1.12732045E+00  0.00000000E+00  5.58100995E-01  1.00000005E-03  5.95008220E-03  7.58064841E-02
 -3.39900000E-01  1.96884000E+00 -1.12826544E+00  0.00000000E+00  5.58144060E-01  1.00000005E-03  5.93367468E-03  7.63603000E-02
 -3.39900000E-01  1.96907500E+00 -1.12920357E+00  0.00000000E+00  5.58187929E-01  1.00000005E-03  5.91727959E-03  7.69147612E-02
 -3.39900000E-01  1.96931000E+00 -1.13013496E+00  0.00000000E+00  5.58232726E-01  1.00000005E-03  5.90089700E-03  7.74698765E-02
 -3.39900000E-01  1.96954500E+00 -1.13105973E+00  0.00000000E+00  5.58278574E-01  1.00000005E-03  5.88452703E-03  7.80256544E-02
 -3.39900000E-01  1.96978000E+00 -1.13197798E+00  0.00000000E+00  5.58325597E-01  1.00000005E-03  5.86816977E-03  7.85821038E-02
 -3.39900000E-01  1.97001500E+00 -1.13288985E+00  0.00000000E+00  5.58373921E-01  1.00000005E-03  5.85182533E-03  7.91392334E-02
 -3.39900000E-01  1.97025000E+00 -1.13379545E+00  0.00000000E+00  5.58423669E-01  1.00000005E-03  5.83549380E-03  7.96970519E-02
 -3.39900000E-01  1.97048500E+00 -1.13469490E+00  0.00000000E+00  5.58474966E-01  1.00000005E-03  5.81917529E-03  8.02555680E-02
 -3.39900000E-01  1.97072000E+00 -1.13558831E+00  0.00000000E+00  5.58527934E-01  1.00000005E-03  5.80286990E-03  8.08147904E-02
 -3.39900000E-01  1.97095500E+00 -1.13647581E+00  0.00000000E+00  5.58582700E-01  1.00000005E-03  5.78657773E-03  8.13747279E-02
 -3.39900000E-01  1.97119000E+00 -1.13735751E+00  0.00000000E+00  5.58639386E-01  1.00000005E-03  5.77029888E-03  8.19353891E-02
 -3.39900000E-01  1.97142500E+00 -1.13823353E+00  0.00000000E+00  5.58698118E-01  1.00000005E-03  5.75403344E-03  8.24967828E-02
 -3.39900000E-01  1.97166000E+00 -1.13910399E+00  0.00000000E+00  5.58759019E-01  1.00000005E-03  5.73778153E-03  8.30589177E-02
 -3.39900000E-01  1.97189500E+00 -1.13996901E+00  0.00000000E+00  5.58822213E-01  1.00000005E-03  5.72154324E-03  8.36218026E-02
 -3.39900000E-01  1.97213000E+00 -1.14082870E+00  0.00000000E+00  5.58887825E-01  1.00000005E-03  5.70531867E-03  8.41854461E-02
 -3.39900000E-01  1.97236500E+00 -1.14168267E+00  0.00000000E+00  5.58951561E-01  1.00000005E-03  5.68910793E-03  8.47498624E-02
 -3.39900000E-01  1.97260000E+00 -1.14252800E+00  0.00000000E+00  5.58988082E-01  1.00000005E-03  5.67291089E-03  8.53150923E-02
 -3.39900000E-01  1.97283500E+00 -1.14336789E+00  0.00000000E+00  5.59024610E-01  1.00000005E-03  5.65672741E-03  8.58811122E-02
 -3.39900000E-01  1.97307000E+00 -1.14420237E+00  0.00000000E+00  5.59061129E-01  1.00000005E-03  5.64055759E-03  8.64479319E-02
 -3.39900000E-01  1.97330500E+00 -1.14503149E+00  0.00000000E+00  5.59097622E-01  1.00000005E-03  5.62440154E-03  8.70155612E-02
 -3.39900000E-01  1.97354000E+00 -1.14585529E+00  0.00000000E+00  5.59134075E-01  1.00000005E-03  5.60825938E-03  8.75840100E-02
 -3.39900000E-01  1.97377500E+00 -1.14667380E+00  0.00000000E+00  5.59170470E-01  1.00000005E-03  5.59213119E-03  8.81532879E-02
 -3.39900000E-01  1.97401000E+00 -1.14748708E+00  0.00000000E+00  5.59206793E-01  1.00000005E-03  5.57601710E-03  8.87234049E-02
 -3.39900000E-01  1.97424500E+00 -1.14829516E+00  0.00000000E+00  5.59243025E-01  1.00000005E-03  5.55991720E-03  8.92943706E-02
 -3.39900000E-01  1.97448000E+00 -1.14909808E+00  0.00000000E+00  5.59279153E-01  1.00000005E-03  5.54383160E-03  8.98661950E-02
 -3.39900000E-01  1.97471500E+00 -1.14989588E+00  0.00000000E+00  5.59315159E-01  1.00000005E-03  5.52776041E-03  9.04388877E-02
 -3.39900000E-01  1.97495000E+00 -1.15068862E+00  0.00000000E+00  5.59351027E-01  1.00000005E-03  5.51170373E-03  9.10124587E-02
 -3.39900000E-01  1.97518500E+00 -1.15147632E+00  0.00000000E+00  5.59386742E-01  1.00000005E-03  5.49566167E-03  9.15869176E-02
 -3.39900000E-01  1.97542000E+00 -1.15225903E+00  0.00000000E+00  5.59422287E-01  1.00000005E-03  5.47963434E-03  9.21622744E-02
 -3.39900000E-01  1.97565500E+00 -1.15303679E+00  0.00000000E+00  5.59457646E-01  1.00000005E-03  5.46362183E-03  9.27385387E-02
 -3.39900000E-01  1.97589000E+00 -1.15380964E+00  0.00000000E+00  5.59492804E-01  1.00000005E-03  5.44762427E-03  9.33157204E-02
 -3.39900000E-01  1.97612500E+00 -1.15457762E+00  0.00000000E+00  5.59527744E-01  1.00000005E-03  5.43164175E-03  9.38938293E-02
 -3.39900000E-01  1.97636000E+00 -1.15534078E+00  0.00000000E+00  5.59562449E-01  1.00000005E-03  5.41567437E-03  9.44728752E-02
 -3.39900000E-01  1.97659500E+00 -1.15609916E+00  0.00000000E+00  5.59596905E-01  1.00000005E-03  5.39972226E-03  9.50528679E-02
 -3.39900000E-01  1.97683000E+00 -1.15685279E+00  0.00000000E+00  5.59631095E-01  1.00000005E-03  5.38378550E-03  9.56338172E-02
 -3.39900000E-01  1.97706500E+00 -1.15760173E+00  0.00000000E+00  5.59665002E-01  1.00000005E-03  5.36786421E-03  9.62157329E-02
 -3.39900000E-01  1.97730000E+00 -1.15834600E+00  0.00000000E+00  5.59698612E-01  1.00000005E-03  5.35195849E-03  9.67986247E-02
 -3.39900000E-01  1.97753500E+00 -1.15908566E+00  0.00000000E+00  5.59731907E-01  1.00000005E-03  5.33606845E-03  9.73825026E-02
 -3.39900000E-01  1.97777000E+00 -1.15982074E+00  0.00000000E+00  5.59764871E-01  1.00000005E-03  5.32019420E-03  9.79673762E-02
 -3.39900000E-01  1.97800500E+00 -1.16055128E+00  0.00000000E+00  5.59797490E-01  1.00000005E-03  5.30433583E-03  9.85532553E-02
 -3.39900000E-01  1.97824000E+00 -1.16127733E+00  0.00000000E+00  5.59829745E-01  1.00000005E-03  5.28849347E-03  9.91401499E-02
 -3.39900000E-01  1.97847500E+00 -1.16199893E+00  0.00000000E+00  5.59861623E-01  1.00000005E-03  5.27266720E-03  9.97280696E-02
 -3.39900000E-01  1.97871000E+00 -1.16271612E+00  0.00000000E+00  5.59893105E-01  1.00000005E-03  5.25685715E-03  1.00317024E-01
 -3.39900000E-01  1.97894500E+00 -1.16342894E+00  0.00000000E+00  5.59924177E-01  1.00000005E-03  5.24106341E-03  1.00907024E-01
 -3.39900000E-01  1.97918000E+00 -1.16413743E+00  0.00000000E+00  5.59954822E-01  1.00000005E-03  5.22528609E-03  1.01498078E-01
 -3.39900000E-01  1.97941500E+00 -1.16484164E+00  0.00000000E+00  5.59985025E-01  1.00000005E-03  5.20952529E-03  1.02090196E-01
 -3.39900000E-01  1.97965000E+00 -1.16554160E+00  0.00000000E+00  5.60014768E-01  1.00000005E-03  5.19378113E-03  1.02683389E-01
 -3.39900000E-01  1.97988500E+00 -1.16623735E+00  0.00000000E+00  5.60044036E-01  1.00000005E-03  5.17805371E-03  1.03277665E-01
 -3.39900000E-01  1.98012000E+00 -1.16692895E+00  0.00000000E+00  5.60072814E-01  1.00000005E-03  5.16234313E-03  1.03873036E-01
 -3.39900000E-01  1.98035500E+00 -1.16761642E+00  0.00000000E+00  5.60101084E-01  1.00000005E-03  5.14664950E-03  1.04469510E-01
 -3.39900000E-01  1.98059000E+00 -1.16829982E+00  0.00000000E+00  5.60128831E-01  1.00000005E-03  5.13097293E-03  1.05067097E-01
 -3.39900000E-01  1.98082500E+00 -1.16897917E+00  0.00000000E+00  5.60156039E-01  1.00000005E-03  5.11531352E-03  1.05665807E-01
 -3.39900000E-01  1.98106000E+00 -1.16965453E+00  0.00000000E+00  5.60182692E-01  1.00000005E-03  5.09967138E-03  1.06265650E-01
 -3.39900000E-01  1.98129500E+00 -1.17032594E+00  0.00000000E+00  5.60208773E-01  1.00000005E-03  5.08404661E-03  1.06866637E-01
 -3.39900000E-01  1.98153000E+00 -1.17099343E+00  0.00000000E+00  5.60234267E-01  1.00000005E-03  5.06843933E-03  1.07468775E-01
 -3.39900000E-01  1.98176500E+00 -1.17165705E+00  0.00000000E+00  5.60259158E-01  1.00000005E-03  5.05284963E-03  1.08072076E-01
 -3.39900000E-01  1.98200000E+00 -1.17231684E+00  0.00000000E+00  5.60283428E-01  1.00000005E-03  5.03727762E-03  1.08676549E-01
 -3.39900000E-01  1.98223500E+00 -1.17297284E+00  0.00000000E+00  5.60307064E-01  1.00000005E-03  5.02172341E-03  1.09282204E-01
 -3.39900000E-01  1.98247000E+00 -1.17362509E+00  0.00000000E+00  5.60330047E-01  1.00000005E-03  5.00618710E-03  1.09889051E-01
 -3.39900000E-01  1.98270500E+00 -1.17427364E+00  0.00000000E+00  5.60352363E-01  1.00000005E-03  4.99066880E-03  1.10497100E-01
 -3.39900000E-01  1.98294000E+00 -1.17491852E+00  0.00000000E+00  5.60373994E-01  1.00000005E-03  4.97516862E-03  1.11106359E-01
 -3.39900000E-01  1.98317500E+00 -1.17555978E+00  0.00000000E+00  5.60394926E-01  1.00000005E-03  4.95968666E-03  1.11716840E-01
 -3.39900000E-01  1.98341000E+00 -1.17619746E+00  0.00000000E+00  5.60415142E-01  1.00000005E-03  4.94422303E-03  1.12328552E-01
 -3.39900000E-01  1.98364500E+00 -1.17683159E+00  0.00000000E+00  5.60434626E-01  1.00000005E-03  4.92877784E-03  1.12941504E-01
 -3.39900000E-01  1.98388000E+00 -1.17746223E+00  0.00000000E+00  5.60453362E-01  1.00000005E-03  4.91335118E-03  1.13555708E-01
 -3.39900000E-01  1.98411500E+00 -1.17808941E+00  0.00000000E+00  5.60471334E-01  1.00000005E-03  4.89794317E-03  1.14171171E-01
 -3.39900000E-01  1.98435000E+00 -1.17871317E+00  0.00000000E+00  5.60488525E-01  1.00000005E-03  4.88255391E-03  1.14787904E-01
 -3.39900000E-01  1.98458500E+00 -1.17933356E+00  0.00000000E+00  5.60504920E-01  1.00000005E-03  4.86718351E-03  1.15405918E-01
 -3.39900000E-01  1.98482000E+00 -1.17994988E+00  0.00000000E+00  5.60525114E-01  1.00000005E-03  4.85183358E-03  1.16025196E-01
 -3.39900000E-01  1.98505500E+00 -1.18056242E+00  0.00000000E+00  5.60547417E-01  1.00000005E-03  4.83650344E-03  1.16645774E-01
 -3.39900000E-01  1.98529000E+00 -1.18117159E+00  0.00000000E+00  5.60569476E-01  1.00000005E-03  4.82119240E-03  1.17267678E-01
 -3.39900000E-01  1.98552500E+00 -1.18177740E+00  0.00000000E+00  5.60591296E-01  1.00000005E-03  4.80590063E-03  1.17890918E-01
 -3.39900000E-01  1.98576000E+00 -1.18237988E+00  0.00000000E+00  5.60612883E-01  1.00000005E-03  4.79062829E-03  1.18515503E-01
 -3.39900000E-01  1.98599500E+00 -1.18297903E+00  0.00000000E+00  5.60634240E-01  1.00000005E-03  4.77537554E-03  1.19141440E-01
 -3.39900000E-01  1.98623000E+00 -1.18357489E+00  0.00000000E+00  5.60655373E-01  1.00000005E-03  4.76014254E-03  1.19768739E-01
 -3.39900000E-01  1.98646500E+00 -1.18416746E+00  0.00000000E+00  5.60676286E-01  1.00000005E-03  4.74492946E-03  1.20397409E-01
 -3.39900000E-01  1.98670000E+00 -1.18475676E+00  0.00000000E+00  5.60696985E-01  1.00000005E-03  4.72973646E-03  1.21027460E-01
 -3.39900000E-01  1.98693500E+00 -1.18534282E+00  0.00000000E+00  5.60717474E-01  1.00000005E-03  4.71456370E-03  1.21658899E-01
 -3.39900000E-01  1.98717000E+00 -1.18592564E+00  0.00000000E+00  5.60737757E-01  1.00000005E-03  4.69941134E-03  1.22291735E-01
 -3.39900000E-01  1.98740500E+00 -1.18650526E+00  0.00000000E+00  5.60757840E-01  1.00000005E-03  4.68427954E-03  1.22925979E-01
 -3.39900000E-01  1.98764000E+00 -1.18708168E+00  0.00000000E+00  5.60777728E-01  1.00000005E-03  4.66916848E-03  1.23561637E-01
 -3.39900000E-01  1.98787500E+00 -1.18765493E+00  0.00000000E+00  5.60797425E-01  1.00000005E-03  4.65407830E-03  1.24198721E-01
 -3.39900000E-01  1.98811000E+00 -1.18822503E+00  0.00000000E+00  5.60816937E-01  1.00000005E-03  4.63900917E-03  1.24837238E-01
 -3.39900000E-01  1.98834500E+00 -1.18879198E+00  0.00000000E+00  5.60836267E-01  1.00000005E-03  4.62396126E-03  1.25477197E-01
 -3.39900000E-01  1.98858000E+00 -1.18935582E+00  0.00000000E+00  5.60855421E-01  1.00000005E-03  4.60893472E-03  1.26118607E-01
 -3.39900000E-01  1.98881500E+00 -1.18991656E+00  0.00000000E+00  5.60874403E-01  1.00000005E-03  4.59392972E-03  1.26761477E-01
 -3.39900000E-01  1.98905000E+00 -1.19047421E+00  0.00000000E+00  5.60893219E-01  1.00000005E-03  4.57894642E-03  1.27405817E-01
 -3.39900000E-01  1.98928500E+00 -1.19102880E+00  0.00000000E+00  5.60911874E-01  1.00000005E-03  4.56398499E-03  1.28051634E-01
 -3.39900000E-01  1.98952000E+00 -1.19158034E+00  0.00000000E+00  5.60930371E-01  1.00000005E-03  4.54904558E-03  1.28698939E-01
 -3.39900000E-01  1.98975500E+00 -1.19212885E+00  0.00000000E+00  5.60948716E-01  1.00000005E-03  4.53412835E-03  1.29347739E-01
 -3.39900000E-01  1.98999000E+00 -1.19267436E+00  0.00000000E+00  5.60966914E-01  1.00000005E-03  4.51923347E-03  1.29998044E-01
 -3.39900000E-01  1.99022500E+00 -1.19321687E+00  0.00000000E+00  5.60984969E-01  1.00000005E-03  4.50436111E-03  1.30649862E-01
 -3.39900000E-01  1.99046000E+00 -1.19375641E+00  0.00000000E+00  5.61002886E-01  1.00000005E-03  4.48951141E-03  1.31303203E-01
 -3.39900000E-01  1.99069500E+00 -1.19429300E+00  0.00000000E+00  5.61020671E-01  1.00000005E-03  4.47468456E-03  1.31958076E-01
 -3.39900000E-01  1.99093000E+00 -1.19482664E+00  0.00000000E+00  5.61038328E-01  1.00000005E-03  4.45988070E-03  1.32614489E-01
 -3.39900000E-01  1.99116500E+00 -1.19535737E+00  0.00000000E+00  5.61055861E-01  1.00000005E-03  4.44510000E-03  1.33272451E-01
 -3.39900000E-01  1.99140000E+00 -1.19588520E+00  0.00000000E+00  5.61073276E-01  1.00000005E-03  4.43034262E-03  1.33931972E-01
 -3.39900000E-01  1.99163500E+00 -1.19641015E+00  0.00000000E+00  5.61090577E-01  1.00000005E-03  4.41560872E-03  1.34593060E-01
 -3.39900000E-01  1.99187000E+00 -1.19693223E+00  0.00000000E+00  5.61107769E-01  1.00000005E-03  4.40089847E-03  1.35255724E-01
 -3.39900000E-01  1.99210500E+00 -1.19745147E+00  0.00000000E+00  5.61124858E-01  1.00000005E-03  4.38621203E-03  1.35919972E-01
 -3.39900000E-01  1.99234000E+00 -1.19796788E+00  0.00000000E+00  5.61141847E-01  1.00000005E-03  4.37154956E-03  1.36585815E-01
 -3.39900000E-01  1.99257500E+00 -1.19848148E+00  0.00000000E+00  5.61158741E-01  1.00000005E-03  4.35691122E-03  1.37253261E-01
 -3.39900000E-01  1.99281000E+00 -1.19899229E+00  0.00000000E+00  5.61175547E-01  1.00000005E-03  4.34229718E-03  1.37922318E-01
 -3.39900000E-01  1.99304500E+00 -1.19950033E+00  0.00000000E+00  5.61192267E-01  1.00000005E-03  4.32770760E-03  1.38592996E-01
 -3.39900000E-01  1.99328000E+00 -1.20000562E+00  0.00000000E+00  5.61208908E-01  1.00000005E-03  4.31314263E-03  1.39265304E-01
 -3.39900000E-01  1.99351500E+00 -1.20050817E+00  0.00000000E+00  5.61225473E-01  1.00000005E-03  4.29860245E-03  1.39939250E-01
 -3.39900000E-01  1.99375000E+00 -1.20100800E+00  0.00000000E+00  5.61241968E-01  1.00000005E-03  4.28408720E-03  1.40614843E-01
 -3.39900000E-01  1.99398500E+00 -1.20150513E+00  0.00000000E+00  5.61258398E-01  1.00000005E-03  4.26959707E-03  1.41292093E-01
 -3.39900000E-01  1.99422000E+00 -1.20199958E+00  0.00000000E+00  5.61274766E-01  1.00000005E-03  4.25513220E-03  1.41971008E-01
 -3.39900000E-01  1.99445500E+00 -1.20249137E+00  0.00000000E+00  5.61291079E-01  1.00000005E-03  4.24069276E-03  1.42651597E-01
 -3.39900000E-01  1.99469000E+00 -1.20298052E+00  0.00000000E+00  5.61307341E-01  1.00000005E-03  4.22627892E-03  1.43333870E-01
 -3.39900000E-01  1.99492500E+00 -1.20346703E+00  0.00000000E+00  5.61323557E-01  1.00000005E-03  4.21189082E-03  1.44017834E-01
 -3.39900000E-01  1.99516000E+00 -1.20395094E+00  0.00000000E+00  5.61339731E-01  1.00000005E-03  4.19752865E-03  1.44703499E-01
 -3.39900000E-01  1.99539500E+00 -1.20443226E+00  0.00000000E+00  5.61355869E-01  1.00000005E-03  4.18319255E-03  1.45390875E-01
 -3.39900000E-01  1.99563000E+00 -1.20491101E+00  0.00000000E+00  5.61371975E-01  1.00000005E-03  4.16888270E-03  1.46079969E-01
 -3.39900000E-01  1.99586500E+00 -1.20538721E+00  0.00000000E+00  5.61388054E-01  1.00000005E-03  4.15459925E-03  1.46770790E-01
 -3.39900000E-01  1.99610000E+00 -1.20586087E+00  0.00000000E+00  5.61404111E-01  1.00000005E-03  4.14034236E-03  1.47463348E-01
 -3.39900000E-01  1.99633500E+00 -1.20633201E+00  0.00000000E+00  5.61420150E-01  1.00000005E-03  4.12611220E-03  1.48157652E-01
 -3.39900000E-01  1.99657000E+00 -1.20680066E+00  0.00000000E+00  5.61436177E-01  1.00000005E-03  4.11190893E-03  1.48853710E-01
 -3.39900000E-01  1.99680500E+00 -1.20726682E+00  0.00000000E+00  5.61452196E-01  1.00000005E-03  4.09773271E-03  1.49551532E-01
 -3.39900000E-01  1.99704000E+00 -1.20773045E+00  0.00000000E+00  5.61467996E-01  1.00000005E-03  4.08358420E-03  1.50251052E-01
 -3.39900000E-01  1.99727500E+00 -1.20819123E+00  0.00000000E+00  5.61482679E-01  1.00000005E-03  4.06946549E-03  1.50952021E-01
 -3.39900000E-01  1.99751000E+00 -1.20864955E+00  0.00000000E+00  5.61497256E-01  1.00000005E-03  4.05537439E-03  1.51654823E-01
 -3.39900000E-01  1.99774500E+00 -1.20910541E+00  0.00000000E+00  5.61511727E-01  1.00000005E-03  4.04131113E-03  1.52359457E-01
 -3.39900000E-01  1.99798000E+00 -1.20955883E+00  0.00000000E+00  5.61526093E-01  1.00000005E-03  4.02727594E-03  1.53065923E-01
 -3.39900000E-01  1.99821500E+00 -1.21000980E+00  0.00000000E+00  5.61540353E-01  1.00000005E-03  4.01326908E-03  1.53774219E-01
 -3.39900000E-01  1.99845000E+00 -1.21045834E+00  0.00000000E+00  5.61554507E-01  1.00000005E-03  3.99929076E-03  1.54484345E-01
 -3.39900000E-01  1.99868500E+00 -1.21090446E+00  0.00000000E+00  5.61568557E-01  1.00000005E-03  3.98534124E-03  1.55196300E-01
 -3.39900000E-01  1.99892000E+00 -1.21134816E+00  0.00000000E+00  5.61582502E-01  1.00000005E-03  3.97142073E-03  1.55910084E-01
 -3.39900000E-01  1.99915500E+00 -1.21178946E+00  0.00000000E+00  5.61596342E-01  1.00000005E-03  3.95752949E-03  1.56625697E-01
 -3.39900000E-01  1.99939000E+00 -1.21222836E+00  0.00000000E+00  5.61610077E-01  1.00000005E-03  3.94366775E-03  1.57343136E-01
 -3.39900000E-01  1.99962500E+00 -1.21266487E+00  0.00000000E+00  5.61623708E-01  1.00000005E-03  3.92983574E-03  1.58062403E-01
 -3.39900000E-01  1.99986000E+00 -1.21309900E+00  0.00000000E+00  5.61637236E-01  1.00000005E-03  3.91603370E-03  1.58783496E-01
 -3.39900000E-01  2.00009500E+00 -1.21353076E+00  0.00000000E+00  5.61650660E-01  1.00000005E-03  3.90226187E-03  1.59506414E-01
 -3.39900000E-01  2.00033000E+00 -1.21396015E+00  0.00000000E+00  5.61663980E-01  1.00000005E-03  3.88852048E-03  1.60231157E-01
 -3.39900000E-01  2.00056500E+00 -1.21438719E+00  0.00000000E+00  5.61677196E-01  1.00000005E-03  3.87480977E-03  1.60957725E-01
 -3.39900000E-01  2.00080000E+00 -1.21481188E+00  0.00000000E+00  5.61690310E-01  1.00000005E-03  3.86112998E-03  1.61686116E-01
 -3.39900000E-01  2.00103500E+00 -1.21523424E+00  0.00000000E+00  5.61703321E-01  1.00000005E-03  3.84748135E-03  1.62416330E-01
 -3.39900000E-01  2.00127000E+00 -1.21565427E+00  0.00000000E+00  5.61716229E-01  1.00000005E-03  3.83386410E-03  1.63148366E-01
 -3.39900000E-01  2.00150500E+00 -1.21607197E+00  0.00000000E+00  5.61729035E-01  1.00000005E-03  3.82027847E-03  1.63882225E-01
 -3.39900000E-01  2.00174000E+00 -1.21648737E+00  0.00000000E+00  5.61741738E-01  1.00000005E-03  3.80672471E-03  1.64617904E-01
 -3.39900000E-01  2.00197500E+00 -1.21690046E+00  0.00000000E+00  5.61754340E-01  1.00000005E-03  3.79320305E-03  1.65355404E-01
 -3.39900000E-01  2.00221000E+00 -1.21731125E+00  0.00000000E+00  5.61766840E-01  1.00000005E-03  3.77971372E-03  1.66094723E-01
 -3.39900000E-01  2.00244500E+00 -1.21771976E+00  0.00000000E+00  5.61779238E-01  1.00000005E-03  3.76625697E-03  1.66835862E-01
 -3.39900000E-01  2.00268000E+00 -1.21812599E+00  0.00000000E+00  5.61791535E-01  1.00000005E-03  3.75283302E-03  1.67578819E-01
 -3.39900000E-01  2.00291500E+00 -1.21852995E+00  0.00000000E+00  5.61803730E-01  1.00000005E-03  3.73944212E-03  1.68323595E-01
 -3.39900000E-01  2.00315000E+00 -1.21893165E+00  0.00000000E+00  5.61815825E-01  1.00000005E-03  3.72608450E-03  1.69070187E-01
 -3.39900000E-01  2.00338500E+00 -1.21933110E+00  0.00000000E+00  5.61827819E-01  1.00000005E-03  3.71276039E-03  1.69818596E-01
 -3.39900000E-01  2.00362000E+00 -1.21972830E+00  0.00000000E+00  5.61839713E-01  1.00000005E-03  3.69947004E-03  1.70568822E-01
 -3.39900000E-01  2.00385500E+00 -1.22012327E+00  0.00000000E+00  5.61851507E-01  1.00000005E-03  3.68621369E-03  1.71320862E-01
 -3.39900000E-01  2.00409000E+00 -1.22051601E+00  0.00000000E+00  5.61863200E-01  1.00000005E-03  3.67299155E-03  1.72074717E-01
 -3.39900000E-01  2.00432500E+00 -1.22090654E+00  0.00000000E+00  5.61874794E-01  1.00000005E-03  3.65980388E-03  1.72830387E-01
 -3.39900000E-01  2.00456000E+00 -1.22129485E+00  0.00000000E+00  5.61886288E-01  1.00000005E-03  3.64665092E-03  1.73587870E-01
 -3.39900000E-01  2.00479500E+00 -1.22168096E+00  0.00000000E+00  5.61897683E-01  1.00000005E-03  3.63353288E-03  1.74347165E-01
 -3.39900000E-01  2.00503000E+00 -1.22206488E+00  0.00000000E+00  5.61908979E-01  1.00000005E-03  3.62045002E-03  1.75108273E-01
 -3.39900000E-01  2.00526500E+00 -1.22244661E+00  0.00000000E+00  5.61920176E-01  1.00000005E-03  3.60740257E-03  1.75871192E-01
 -3.39900000E-01  2.00550000E+00 -1.22282617E+00  0.00000000E+00  5.61931274E-01  1.00000005E-03  3.59439077E-03  1.76635923E-01
 -3.39900000E-01  2.00573500E+00 -1.22320356E+00  0.00000000E+00  5.61942273E-01  1.00000005E-03  3.58141484E-03  1.77402463E-01
 -3.39900000E-01  2.00597000E+00 -1.22357880E+00  0.00000000E+00  5.61953175E-01  1.00000005E-03  3.56847504E-03  1.78170813E-01
 -3.39900000E-01  2.00620500E+00 -1.22395188E+00  0.00000000E+00  5.61963978E-01  1.00000005E-03  3.55557159E-03  1.78940972E-01
 -3.39900000E-01  2.00644000E+00 -1.22432282E+00  0.00000000E+00  5.61974684E-01  1.00000005E-03  3.54270473E-03  1.79712940E-01
 -3.39900000E-01  2.00667500E+00 -1.22469163E+00  0.00000000E+00  5.61985292E-01  1.00000005E-03  3.52987470E-03  1.80486715E-01
 -3.39900000E-01  2.00691000E+00 -1.22505831E+00  0.00000000E+00  5.61995803E-01  1.00000005E-03  3.51708174E-03  1.81262297E-01
 -3.39900000E-01  2.00714500E+00 -1.22542288E+00  0.00000000E+00  5.62006216E-01  1.00000005E-03  3.50432607E-03  1.82039686E-01
 -3.39900000E-01  2.00738000E+00 -1.22578534E+00  0.00000000E+00  5.62016533E-01  1.00000005E-03  3.49160795E-03  1.82818881E-01
 -3.39900000E-01  2.00761500E+00 -1.22614570E+00  0.00000000E+00  5.62026753E-01  1.00000005E-03  3.47892759E-03  1.83599880E-01
 -3.39900000E-01  2.00785000E+00 -1.22650397E+00  0.00000000E+00  5.62036876E-01  1.00000005E-03  3.46628525E-03  1.84382685E-01
 -3.39900000E-01  2.00808500E+00 -1.22686016E+00  0.00000000E+00  5.62046904E-01  1.00000005E-03  3.45368116E-03  1.85167293E-01
 -3.39900000E-01  2.00832000E+00 -1.22721427E+00  0.00000000E+00  5.62056835E-01  1.00000005E-03  3.44111554E-03  1.85953704E-01
 -3.39900000E-01  2.00855500E+00 -1.22756632E+00  0.00000000E+00  5.62066670E-01  1.00000005E-03  3.42858865E-03  1.86741918E-01
 -3.39900000E-01  2.00879000E+00 -1.22791632E+00  0.00000000E+00  5.62076410E-01  1.00000005E-03  3.41610071E-03  1.87531934E-01
 -3.39900000E-01  2.00902500E+00 -1.22826426E+00  0.00000000E+00  5.62086055E-01  1.00000005E-03  3.40365197E-03  1.88323752E-01
 -3.39900000E-01  2.00926000E+00 -1.22861017E+00  0.00000000E+00  5.62095604E-01  1.00000005E-03  3.39124265E-03  1.89117370E-01
 -3.39900000E-01  2.00949500E+00 -1.22895392E+00  0.00000000E+00  5.62105269E-01  1.00000005E-03  3.37887417E-03  1.89911858E-01
 -3.39900000E-01  2.00973000E+00 -1.22929557E+00  0.00000000E+00  5.62114951E-01  1.00000005E-03  3.36654628E-03  1.90707799E-01
 -3.39900000E-01  2.00996500E+00 -1.22963520E+00  0.00000000E+00  5.62124559E-01  1.00000005E-03  3.35425881E-03  1.91505599E-01
 -3.39900000E-01  2.01020000E+00 -1.22997278E+00  0.00000000E+00  5.62134094E-01  1.00000005E-03  3.34201204E-03  1.92305226E-01
 -3.39900000E-01  2.01043500E+00 -1.23030835E+00  0.00000000E+00  5.62143555E-01  1.00000005E-03  3.32980629E-03  1.93106647E-01
 -3.39900000E-01  2.01067000E+00 -1.23064188E+00  0.00000000E+00  5.62152944E-01  1.00000005E-03  3.31764185E-03  1.93909830E-01
 -3.39900000E-01  2.01090500E+00 -1.23097340E+00  0.00000000E+00  5.62162262E-01  1.00000005E-03  3.30551904E-03  1.94714744E-01
 -3.39900000E-01  2.01114000E+00 -1.23130289E+00  0.00000000E+00  5.62171507E-01  1.00000005E-03  3.29343815E-03  1.95521354E-01
 -3.39900000E-01  2.01137500E+00 -1.23163038E+00  0.00000000E+00  5.62180682E-01  1.00000005E-03  3.28139950E-03  1.96329629E-01
 -3.39900000E-01  2.01161000E+00 -1.23195585E+00  0.00000000E+00  5.62189787E-01  1.00000005E-03  3.26940338E-03  1.97139536E-01
 -3.39900000E-01  2.01184500E+00 -1.23227931E+00  0.00000000E+00  5.62198822E-01  1.00000005E-03  3.25745010E-03  1.97951044E-01
 -3.39900000E-01  2.01208000E+00 -1.23260078E+00  0.00000000E+00  5.62207788E-01  1.00000005E-03  3.24553997E-03  1.98764118E-01
 -3.39900000E-01  2.01231500E+00 -1.23292024E+00  0.00000000E+00  5.62216685E-01  1.00000005E-03  3.23367328E-03  1.99578728E-01
 -3.39900000E-01  2.01255000E+00 -1.23323771E+00  0.00000000E+00  5.62225515E-01  1.00000005E-03  3.22185035E-03  2.00394841E-01
 -3.39900000E-01  2.01278500E+00 -1.23355318E+00  0.00000000E+00  5.62234276E-01  1.00000005E-03  3.21007148E-03  2.01212424E-01
 -3.39900000E-01  2.01302000E+00 -1.23386667E+00  0.00000000E+00  5.62242971E-01  1.00000005E-03  3.19833696E-03  2.02031445E-01
 -3.39900000E-01  2.01325500E+00 -1.23417817E+00  0.00000000E+00  5.62251599E-01  1.00000005E-03  3.18664712E-03  2.02851871E-01
 -3.39900000E-01  2.01349000E+00 -1.23448769E+00  0.00000000E+00  5.62260161E-01  1.00000005E-03  3.17500225E-03  2.03673670E-01
 -3.39900000E-01  2.01372500E+00 -1.23479523E+00  0.00000000E+00  5.62268658E-01  1.00000005E-03  3.16340265E-03  2.04496809E-01
 -3.39900000E-01  2.01396000E+00 -1.23510080E+00  0.00000000E+00  5.62277090E-01  1.00000005E-03  3.15184863E-03  2.05321257E-01
 -3.39900000E-01  2.01419500E+00 -1.23540440E+00  0.00000000E+00  5.62285458E-01  1.00000005E-03  3.14034050E-03  2.06146981E-01
 -3.39900000E-01  2.01443000E+00 -1.23570603E+00  0.00000000E+00  5.62293762E-01  1.00000005E-03  3.12887855E-03  2.06973948E-01
 -3.39900000E-01  2.01466500E+00 -1.23600569E+00  0.00000000E+00  5.62302003E-01  1.00000005E-03  3.11746310E-03  2.07802125E-01
 -3.39900000E-01  2.01490000E+00 -1.23630340E+00  0.00000000E+00  5.62310181E-01  1.00000005E-03  3.10609444E-03  2.08631482E-01
 -3.39900000E-01  2.01513500E+00 -1.23659915E+00  0.00000000E+00  5.62318297E-01  1.00000005E-03  3.09477289E-03  2.09461984E-01
 -3.39900000E-01  2.01537000E+00 -1.23689295E+00  0.00000000E+00  5.62326351E-01  1.00000005E-03  3.08349874E-03  2.10293600E-01
 -3.39900000E-01  2.01560500E+00 -1.23718480E+00  0.00000000E+00  5.62334345E-01  1.00000005E-03  3.07227230E-03  2.11126297E-01
 -3.39900000E-01  2.01584000E+00 -1.23747470E+00  0.00000000E+00  5.62342278E-01  1.00000005E-03  3.06109388E-03  2.11960043E-01
 -3.39900000E-01  2.01607500E+00 -1.23776267E+00  0.00000000E+00  5.62350151E-01  1.00000005E-03  3.04996378E-03  2.12794805E-01
 -3.39900000E-01  2.01631000E+00 -1.23804869E+00  0.00000000E+00  5.62357965E-01  1.00000005E-03  3.03888230E-03  2.13630551E-01
 -3.39900000E-01  2.01654500E+00 -1.23833278E+00  0.00000000E+00  5.62365720E-01  1.00000005E-03  3.02784975E-03  2.14467249E-01
 -3.39900000E-01  2.01678000E+00 -1.23861494E+00  0.00000000E+00  5.62373417E-01  1.00000005E-03  3.01686643E-03  2.15304865E-01
 -3.39900000E-01  2.01701500E+00 -1.23889517E+00  0.00000000E+00  5.62381055E-01  1.00000005E-03  3.00593265E-03  2.16143369E-01
 -3.39900000E-01  2.01725000E+00 -1.23917348E+00  0.00000000E+00  5.62388637E-01  1.00000005E-03  2.99504871E-03  2.16982726E-01
 -3.39900000E-01  2.01748500E+00 -1.23944987E+00  0.00000000E+00  5.62396162E-01  1.00000005E-03  2.98421492E-03  2.17822906E-01
 -3.39900000E-01  2.01772000E+00 -1.23972434E+00  0.00000000E+00  5.62403631E-01  1.00000005E-03  2.97343157E-03  2.18663875E-01
 -3.39900000E-01  2.01795500E+00 -1.23999690E+00  0.00000000E+00  5.62411045E-01  1.00000005E-03  2.96269898E-03  2.19505601E-01
 -3.39900000E-01  2.01819000E+00 -1.24026755E+00  0.00000000E+00  5.62418403E-01  1.00000005E-03  2.95201745E-03  2.20348051E-01
 -3.39900000E-01  2.01842500E+00 -1.24053630E+00  0.00000000E+00  5.62425707E-01  1.00000005E-03  2.94138729E-03  2.21191194E-01
 -3.39900000E-01  2.01866000E+00 -1.24080314E+00  0.00000000E+00  5.62432957E-01  1.00000005E-03  2.93080879E-03  2.22034996E-01
 -3.39900000E-01  2.01889500E+00 -1.24106808E+00  0.00000000E+00  5.62440153E-01  1.00000005E-03  2.92028226E-03  2.22879426E-01
 -3.39900000E-01  2.01913000E+00 -1.24133113E+00  0.00000000E+00  5.62447297E-01  1.00000005E-03  2.90980801E-03  2.23724451E-01
 -3.39900000E-01  2.01936500E+00 -1.24159229E+00  0.00000000E+00  5.62454388E-01  1.00000005E-03  2.89938634E-03  2.24570038E-01
 -3.39900000E-01  2.01960000E+00 -1.24185156E+00  0.00000000E+00  5.62461428E-01  1.00000005E-03  2.88901755E-03  2.25416155E-01
 -3.39900000E-01  2.01983500E+00 -1.24210895E+00  0.00000000E+00  5.62468417E-01  1.00000005E-03  2.87870195E-03  2.26262769E-01
 -3.39900000E-01  2.02007000E+00 -1.24236446E+00  0.00000000E+00  5.62475354E-01  1.00000005E-03  2.86843985E-03  2.27109849E-01
 -3.39900000E-01  2.02030500E+00 -1.24261809E+00  0.00000000E+00  5.62482242E-01  1.00000005E-03  2.85823155E-03  2.27957362E-01
 -3.39900000E-01  2.02054000E+00 -1.24286985E+00  0.00000000E+00  5.62489080E-01  1.00000005E-03  2.84807735E-03  2.28805275E-01
 -3.39900000E-01  2.02077500E+00 -1.24311974E+00  0.00000000E+00  5.62495869E-01  1.00000005E-03  2.83797756E-03  2.29653556E-01
 -3.39900000E-01  2.02101000E+00 -1.24336776E+00  0.00000000E+00  5.62502610E-01  1.00000005E-03  2.82793247E-03  2.30502172E-01
 -3.39900000E-01  2.02124500E+00 -1.24361392E+00  0.00000000E+00  5.62509303E-01  1.00000005E-03  2.81794241E-03  2.31351092E-01
 -3.39900000E-01  2.02148000E+00 -1.24385822E+00  0.00000000E+00  5.62515948E-01  1.00000005E-03  2.80800766E-03  2.32200282E-01
 -3.39900000E-01  2.02171500E+00 -1.24410064E+00  0.00000000E+00  5.62522540E-01  1.00000005E-03  2.79812865E-03  2.33049162E-01
 -3.39900000E-01  2.02195000E+00 -1.24434111E+00  0.00000000E+00  5.62529059E-01  1.00000005E-03  2.78830627E-03  2.33896149E-01
 -3.39900000E-01  2.02218500E+00 -1.24457971E+00  0.00000000E+00  5.62535526E-01  1.00000005E-03  2.77854055E-03  2.34743298E-01
 -3.39900000E-01  2.02242000E+00 -1.24481646E+00  0.00000000E+00  5.62541943E-01  1.00000005E-03  2.76883185E-03  2.35590515E-01
 -3.39900000E-01  2.02265500E+00 -1.24505134E+00  0.00000000E+00  5.62548309E-01  1.00000005E-03  2.75918047E-03  2.36437707E-01
 -3.39900000E-01  2.02289000E+00 -1.24528437E+00  0.00000000E+00  5.62554624E-01  1.00000005E-03  2.74958676E-03  2.37284779E-01
 -3.39900000E-01  2.02312500E+00 -1.24551554E+00  0.00000000E+00  5.62560889E-01  1.00000005E-03  2.74005103E-03  2.38131638E-01
 -3.39900000E-01  2.02336000E+00 -1.24574485E+00  0.00000000E+00  5.62567104E-01  1.00000005E-03  2.73057362E-03  2.38978190E-01
 -3.39900000E-01  2.02359500E+00 -1.24597230E+00  0.00000000E+00  5.62573269E-01  1.00000005E-03  2.72115484E-03  2.39824342E-01
 -3.39900000E-01  2.02383000E+00 -1.24619790E+00  0.00000000E+00  5.62579385E-01  1.00000005E-03  2.71179504E-03  2.40669999E-01
 -3.39900000E-01  2.02406500E+00 -1.24642165E+00  0.00000000E+00  5.62585451E-01  1.00000005E-03  2.70249453E-03  2.41515068E-01
 -3.39900000E-01  2.02430000E+00 -1.24664353E+00  0.00000000E+00  5.62591467E-01  1.00000005E-03  2.69325364E-03  2.42359456E-01
 -3.39900000E-01  2.02453500E+00 -1.24686357E+00  0.00000000E+00  5.62597435E-01  1.00000005E-03  2.68407270E-03  2.43203067E-01
 -3.39900000E-01  2.02477000E+00 -1.24708175E+00  0.00000000E+00  5.62603353E-01  1.00000005E-03  2.67495204E-03  2.44045810E-01
 -3.39900000E-01  2.02500500E+00 -1.24729808E+00  0.00000000E+00  5.62609223E-01  1.00000005E-03  2.66589198E-03  2.44887590E-01
 -3.39900000E-01  2.02524000E+00 -1.24751256E+00  0.00000000E+00  5.62615044E-01  1.00000005E-03  2.65689285E-03  2.45728313E-01
 -3.39900000E-01  2.02547500E+00 -1.24772519E+00  0.00000000E+00  5.62620817E-01  1.00000005E-03  2.64795498E-03  2.46567886E-01
 -3.39900000E-01  2.02571000E+00 -1.24793597E+00  0.00000000E+00  5.62626542E-01  1.00000005E-03  2.63907869E-03  2.47406214E-01
 -3.39900000E-01  2.02594500E+00 -1.24814490E+00  0.00000000E+00  5.62632219E-01  1.00000005E-03  2.63026432E-03  2.48243205E-01
 -3.39900000E-01  2.02618000E+00 -1.24835198E+00  0.00000000E+00  5.62637849E-01  1.00000005E-03  2.62151218E-03  2.49078764E-01
 -3.39900000E-01  2.02641500E+00 -1.24855722E+00  0.00000000E+00  5.62643431E-01  1.00000005E-03  2.61282261E-03  2.49912797E-01
 -3.39900000E-01  2.02665000E+00 -1.24876061E+00  0.00000000E+00  5.62648965E-01  1.00000005E-03  2.60419594E-03  2.50745212E-01
 -3.39900000E-01  2.02688500E+00 -1.24896215E+00  0.00000000E+00  5.62654453E-01  1.00000005E-03  2.59563248E-03  2.51575914E-01
 -3.39900000E-01  2.02712000E+00 -1.24916185E+00  0.00000000E+00  5.62659894E-01  1.00000005E-03  2.58713257E-03  2.52404809E-01
 -3.39900000E-01  2.02735500E+00 -1.24935970E+00  0.00000000E+00  5.62665288E-01  1.00000005E-03  2.57869654E-03  2.53231803E-01
 -3.39900000E-01  2.02759000E+00 -1.24955571E+00  0.00000000E+00  5.62670636E-01  1.00000005E-03  2.57032471E-03  2.54056804E-01
 -3.39900000E-01  2.02782500E+00 -1.24974987E+00  0.00000000E+00  5.62675937E-01  1.00000005E-03  2.56201740E-03  2.54879717E-01
 -3.39900000E-01  2.02806000E+00 -1.24994220E+00  0.00000000E+00  5.62681192E-01  1.00000005E-03  2.55377496E-03  2.55700449E-01
 -3.39900000E-01  2.02829500E+00 -1.25013268E+00  0.00000000E+00  5.62686402E-01  1.00000005E-03  2.54559769E-03  2.56518905E-01
 -3.39900000E-01  2.02853000E+00 -1.25032132E+00  0.00000000E+00  5.62691566E-01  1.00000005E-03  2.53748594E-03  2.57334993E-01
 -3.39900000E-01  2.02876500E+00 -1.25050812E+00  0.00000000E+00  5.62696684E-01  1.00000005E-03  2.52944002E-03  2.58148618E-01
 -3.39900000E-01  2.02900000E+00 -1.25069308E+00  0.00000000E+00  5.62701757E-01  1.00000005E-03  2.52146027E-03  2.58959686E-01
 -3.39900000E-01  2.02923500E+00 -1.25087621E+00  0.00000000E+00  5.62706785E-01  1.00000005E-03  2.51354701E-03  2.59768104E-01
 -3.39900000E-01  2.02947000E+00 -1.25105750E+00  0.00000000E+00  5.62711769E-01  1.00000005E-03  2.50570056E-03  2.60573778E-01
 -3.39900000E-01  2.02970500E+00 -1.25123695E+00  0.00000000E+00  5.62716707E-01  1.00000005E-03  2.49792127E-03  2.61376615E-01
 -3.39900000E-01  2.02994000E+00 -1.25141456E+00  0.00000000E+00  5.62721602E-01  1.00000005E-03  2.49020944E-03  2.62176520E-01
 -3.39900000E-01  2.03017500E+00 -1.25159034E+00  0.00000000E+00  5.62726452E-01  1.00000005E-03  2.48256542E-03  2.62973401E-01
 -3.39900000E-01  2.03041000E+00 -1.25176428E+00  0.00000000E+00  5.62731258E-01  1.00000005E-03  2.47498952E-03  2.63767162E-01
 -3.39900000E-01  2.03064500E+00 -1.25193639E+00  0.00000000E+00  5.62736020E-01  1.00000005E-03  2.46748208E-03  2.64557711E-01
 -3.39900000E-01  2.03088000E+00 -1.25210667E+00  0.00000000E+00  5.62740738E-01  1.00000005E-03  2.46004341E-03  2.65344954E-01
 -3.39900000E-01  2.03111500E+00 -1.25227511E+00  0.00000000E+00  5.62745414E-01  1.00000005E-03  2.45267386E-03  2.66128796E-01
 -3.39900000E-01  2.03135000E+00 -1.25244173E+00  0.00000000E+00  5.62750046E-01  1.00000005E-03  2.44537374E-03  2.66909145E-01
 -3.39900000E-01  2.03158500E+00 -1.25260651E+00  0.00000000E+00  5.62754635E-01  1.00000005E-03  2.43814338E-03  2.67685907E-01
 -3.39900000E-01  2.03182000E+00 -1.25276946E+00  0.00000000E+00  5.62759181E-01  1.00000005E-03  2.43098312E-03  2.68458987E-01
 -3.39900000E-01  2.03205500E+00 -1.25293058E+00  0.00000000E+00  5.62763684E-01  1.00000005E-03  2.42389327E-03  2.69228292E-01
 -3.39900000E-01  2.03229000E+00 -1.25308988E+00  0.00000000E+00  5.62768146E-01  1.00000005E-03  2.41687416E-03  2.69993729E-01
 -3.39900000E-01  2.03252500E+00 -1.25324735E+00  0.00000000E+00  5.62772565E-01  1.00000005E-03  2.40992613E-03  2.70755203E-01
 -3.39900000E-01  2.03276000E+00 -1.25340299E+00  0.00000000E+00  5.62776942E-01  1.00000005E-03  2.40304949E-03  2.71512621E-01
 -3.39900000E-01  2.03299500E+00 -1.25355680E+00  0.00000000E+00  5.62781277E-01  1.00000005E-03  2.39624458E-03  2.72265889E-01
 -3.39900000E-01  2.03323000E+00 -1.25370879E+00  0.00000000E+00  5.62785571E-01  1.00000005E-03  2.38951172E-03  2.73014914E-01
 -3.39900000E-01  2.03346500E+00 -1.25385895E+00  0.00000000E+00  5.62789823E-01  1.00000005E-03  2.38285124E-03  2.73759601E-01
 -3.39900000E-01  2.03370000E+00 -1.25400729E+00  0.00000000E+00  5.62794034E-01  1.00000005E-03  2.37626347E-03  2.74499857E-01
 -3.39900000E-01  2.03393500E+00 -1.25415381E+00  0.00000000E+00  5.62798204E-01  1.00000005E-03  2.36974873E-03  2.75235589E-01
 -3.39900000E-01  2.03417000E+00 -1.25429847E+00  0.00000000E+00  5.62802346E-01  1.00000005E-03  2.36330433E-03  2.75965980E-01
 -3.39900000E-01  2.03440500E+00 -1.25444129E+00  0.00000000E+00  5.62806452E-01  1.00000005E-03  2.35693293E-03  2.76691008E-01
 -3.39900000E-01  2.03464000E+00 -1.25458228E+00  0.00000000E+00  5.62810517E-01  1.00000005E-03  2.35063599E-03  2.77410774E-01
 -3.39900000E-01  2.03487500E+00 -1.25472144E+00  0.00000000E+00  5.62814543E-01  1.00000005E-03  2.34441373E-03  2.78125159E-01
 -3.39900000E-01  2.03511000E+00 -1.25485876E+00  0.00000000E+00  5.62818528E-01  1.00000005E-03  2.33826640E-03  2.78834046E-01
 -3.39900000E-01  2.03534500E+00 -1.25499426E+00  0.00000000E+00  5.62822472E-01  1.00000005E-03  2.33219420E-03  2.79537316E-01
 -3.39900000E-01  2.03558000E+00 -1.25512792E+00  0.00000000E+00  5.62826377E-01  1.00000005E-03  2.32619739E-03  2.80234852E-01
 -3.39900000E-01  2.03581500E+00 -1.25525975E+00  0.00000000E+00  5.62830242E-01  1.00000005E-03  2.32027618E-03  2.80926535E-01
 -3.39900000E-01  2.03605000E+00 -1.25538974E+00  0.00000000E+00  5.62834067E-01  1.00000005E-03  2.31443081E-03  2.81612247E-01
 -3.39900000E-01  2.03628500E+00 -1.25551791E+00  0.00000000E+00  5.62837852E-01  1.00000005E-03  2.30866150E-03  2.82291871E-01
 -3.39900000E-01  2.03652000E+00 -1.25564423E+00  0.00000000E+00  5.62841597E-01  1.00000005E-03  2.30296850E-03  2.82965289E-01
 -3.39900000E-01  2.03675500E+00 -1.25576873E+00  0.00000000E+00  5.62845303E-01  1.00000005E-03  2.29735201E-03  2.83632383E-01
 -3.39900000E-01  2.03699000E+00 -1.25589139E+00  0.00000000E+00  5.62848970E-01  1.00000005E-03  2.29181229E-03  2.84293034E-01
 -3.39900000E-01  2.03722500E+00 -1.25601222E+00  0.00000000E+00  5.62852597E-01  1.00000005E-03  2.28634955E-03  2.84947125E-01
 -3.39900000E-01  2.03746000E+00 -1.25613121E+00  0.00000000E+00  5.62856185E-01  1.00000005E-03  2.28096402E-03  2.85594538E-01
 -3.39900000E-01  2.03769500E+00 -1.25624837E+00  0.00000000E+00  5.62859733E-01  1.00000005E-03  2.27565594E-03  2.86235154E-01
 -3.39900000E-01  2.03793000E+00 -1.25636369E+00  0.00000000E+00  5.62863243E-01  1.00000005E-03  2.27042554E-03  2.86868856E-01
 -3.39900000E-01  2.03816500E+00 -1.25647717E+00  0.00000000E+00  5.62866713E-01  1.00000005E-03  2.26527304E-03  2.87495527E-01
 -3.39900000E-01  2.03840000E+00 -1.25658882E+00  0.00000000E+00  5.62870145E-01  1.00000005E-03  2.26019868E-03  2.88115047E-01
 -3.39900000E-01  2.03863500E+00 -1.25669864E+00  0.00000000E+00  5.62873538E-01  1.00000005E-03  2.25520268E-03  2.88727299E-01
 -3.39900000E-01  2.03887000E+00 -1.25680661E+00  0.00000000E+00  5.62876892E-01  1.00000005E-03  2.25028528E-03  2.89332165E-01
 -3.39900000E-01  2.03910500E+00 -1.25691275E+00  0.00000000E+00  5.62880208E-01  1.00000005E-03  2.24544670E-03  2.89929527E-01
 -3.39900000E-01  2.03934000E+00 -1.25701705E+00  0.00000000E+00  5.62883485E-01  1.00000005E-03  2.24068718E-03  2.90519267E-01
 -3.39900000E-01  2.03957500E+00 -1.25711952E+00  0.00000000E+00  5.62886723E-01  1.00000005E-03  2.23600694E-03  2.91101267E-01
 -3.39900000E-01  2.03981000E+00 -1.25722014E+00  0.00000000E+00  5.62889923E-01  1.00000005E-03  2.23140621E-03  2.91675409E-01
 -3.39900000E-01  2.04004500E+00 -1.25731893E+00  0.00000000E+00  5.62893086E-01  1.00000005E-03  2.22688524E-03  2.92241576E-01
 -3.39900000E-01  2.04028000E+00 -1.25741588E+00  0.00000000E+00  5.62896210E-01  1.00000005E-03  2.22244423E-03  2.92799649E-01
 -3.39900000E-01  2.04051500E+00 -1.25751099E+00  0.00000000E+00  5.62899295E-01  1.00000005E-03  2.21808343E-03  2.93349510E-01
 -3.39900000E-01  2.04075000E+00 -1.25760427E+00  0.00000000E+00  5.62902343E-01  1.00000005E-03  2.21380306E-03  2.93891041E-01
 -3.39900000E-01  2.04098500E+00 -1.25769570E+00  0.00000000E+00  5.62905354E-01  1.00000005E-03  2.20960336E-03  2.94424124E-01
 -3.39900000E-01  2.04122000E+00 -1.25778529E+00  0.00000000E+00  5.62908326E-01  1.00000005E-03  2.20548455E-03  2.94948642E-01
 -3.39900000E-01  2.04145500E+00 -1.25787304E+00  0.00000000E+00  5.62911261E-01  1.00000005E-03  2.20144686E-03  2.95464476E-01
 -3.39900000E-01  2.04169000E+00 -1.25795896E+00  0.00000000E+00  5.62914158E-01  1.00000005E-03  2.19749053E-03  2.95971509E-01
 -3.39900000E-01  2.04192500E+00 -1.25804303E+00  0.00000000E+00  5.62917018E-01  1.00000005E-03  2.19361578E-03  2.96469622E-01
 -3.39900000E-01  2.04216000E+00 -1.25812526E+00  0.00000000E+00  5.62919840E-01  1.00000005E-03  2.18982284E-03  2.96958698E-01
 -3.39900000E-01  2.04239500E+00 -1.25820565E+00  0.00000000E+00  5.62922625E-01  1.00000005E-03  2.18611195E-03  2.97438618E-01
 -3.39900000E-01  2.04263000E+00 -1.25828420E+00  0.00000000E+00  5.62925373E-01  1.00000005E-03  2.18248333E-03  2.97909265E-01
 -3.39900000E-01  2.04286500E+00 -1.25836090E+00  0.00000000E+00  5.62928084E-01  1.00000005E-03  2.17893721E-03  2.98370520E-01
 -3.39900000E-01  2.04310000E+00 -1.25843577E+00  0.00000000E+00  5.62930758E-01  1.00000005E-03  2.17547383E-03  2.98822266E-01
 -3.39900000E-01  2.04333500E+00 -1.25850879E+00  0.00000000E+00  5.62933395E-01  1.00000005E-03  2.17209340E-03  2.99264384E-01
 -3.39900000E-01  2.04357000E+00 -1.25857997E+00  0.00000000E+00  5.62935995E-01  1.00000005E-03  2.16879617E-03  2.99696758E-01
 -3.39900000E-01  2.04380500E+00 -1.25864930E+00  0.00000000E+00  5.62938559E-01  1.00000005E-03  2.16558237E-03  3.00119268E-01
 -3.39900000E-01  2.04404000E+00 -1.25871679E+00  0.00000000E+00  5.62941085E-01  1.00000005E-03  2.16245221E-03  3.00531796E-01
 -3.39900000E-01  2.04427500E+00 -1.25878244E+00  0.00000000E+00  5.62943576E-01  1.00000005E-03  2.15940594E-03  3.00934226E-01
 -3.39900000E-01  2.04451000E+00 -1.25884624E+00  0.00000000E+00  5.62946030E-01  1.00000005E-03  2.15644377E-03  3.01326438E-01
 -3.39900000E-01  2.04474500E+00 -1.25890820E+00  0.00000000E+00  5.62948448E-01  1.00000005E-03  2.15356595E-03  3.01708316E-01
 -3.39900000E-01  2.04498000E+00 -1.25896832E+00  0.00000000E+00  5.62950829E-01  1.00000005E-03  2.15077270E-03  3.02079740E-01
 -3.39900000E-01  2.04521500E+00 -1.25902659E+00  0.00000000E+00  5.62953175E-01  1.00000005E-03  2.14806426E-03  3.02440593E-01
 -3.39900000E-01  2.04545000E+00 -1.25908301E+00  0.00000000E+00  5.62955484E-01  1.00000005E-03  2.14544084E-03  3.02790757E-01
 -3.39900000E-01  2.04568500E+00 -1.25913759E+00  0.00000000E+00  5.62957757E-01  1.00000005E-03  2.14290269E-03  3.03130114E-01
 -3.39900000E-01  2.04592000E+00 -1.25919032E+00  0.00000000E+00  5.62959995E-01  1.00000005E-03  2.14045002E-03  3.03458547E-01
 -3.39900000E-01  2.04615500E+00 -1.25924121E+00  0.00000000E+00  5.62962197E-01  1.00000005E-03  2.13808308E-03  3.03775936E-01
 -3.39900000E-01  2.04639000E+00 -1.25929025E+00  0.00000000E+00  5.62964362E-01  1.00000005E-03  2.13579956E-03  3.04083388E-01
 -3.39900000E-01  2.04662500E+00 -1.25933745E+00  0.00000000E+00  5.62966487E-01  1.00000005E-03  2.13359441E-03  3.04383133E-01
 -3.39900000E-01  2.04686000E+00 -1.25938280E+00  0.00000000E+00  5.62968577E-01  1.00000005E-03  2.13147574E-03  3.04671124E-01
 -3.39900000E-01  2.04709500E+00 -1.25942629E+00  0.00000000E+00  5.62970630E-01  1.00000005E-03  2.12944355E-03  3.04947360E-01
 -3.39900000E-01  2.04733000E+00 -1.25946794E+00  0.00000000E+00  5.62972648E-01  1.00000005E-03  2.12749783E-03  3.05211842E-01
 -3.39900000E-01  2.04756500E+00 -1.25950773E+00  0.00000000E+00  5.62974630E-01  1.00000005E-03  2.12563858E-03  3.05464568E-01
 -3.39900000E-01  2.04780000E+00 -1.25954568E+00  0.00000000E+00  5.62976575E-01  1.00000005E-03  2.12386582E-03  3.05705540E-01
 -3.39900000E-01  2.04803500E+00 -1.25958177E+00  0.00000000E+00  5.62978485E-01  1.00000005E-03  2.12217953E-03  3.05934758E-01
 -3.39900000E-01  2.04827000E+00 -1.25961601E+00  0.00000000E+00  5.62980358E-01  1.00000005E-03  2.12057971E-03  3.06152220E-01
 -3.39900000E-01  2.04850500E+00 -1.25964840E+00  0.00000000E+00  5.62982196E-01  1.00000005E-03  2.11906637E-03  3.06357928E-01
 -3.39900000E-01  2.04874000E+00 -1.25967894E+00  0.00000000E+00  5.62983998E-01  1.00000005E-03  2.11763951E-03  3.06551881E-01
 -3.39900000E-01  2.04897500E+00 -1.25970763E+00  0.00000000E+00  5.62985763E-01  1.00000005E-03  2.11629913E-03  3.06734080E-01
 -3.39900000E-01  2.04921000E+00 -1.25973447E+00  0.00000000E+00  5.62987493E-01  1.00000005E-03  2.11504522E-03  3.06904524E-01
 -3.39900000E-01  2.04944500E+00 -1.25975946E+00  0.00000000E+00  5.62989186E-01  1.00000005E-03  2.11387779E-03  3.07063213E-01
 -3.39900000E-01  2.04968000E+00 -1.25978259E+00  0.00000000E+00  5.62990844E-01  1.00000005E-03  2.11279683E-03  3.07210147E-01
 -3.39900000E-01  2.04991500E+00 -1.25980388E+00  0.00000000E+00  5.62992466E-01  1.00000005E-03  2.11180235E-03  3.07345327E-01
 -3.39900000E-01  2.05015000E+00 -1.25982331E+00  0.00000000E+00  5.62994051E-01  1.00000005E-03  2.11089434E-03  3.07468751E-01
 -3.39900000E-01  2.05038500E+00 -1.25984090E+00  0.00000000E+00  5.62995601E-01  1.00000005E-03  2.11007282E-03  3.07580422E-01
 -3.39900000E-01  2.05062000E+00 -1.25985663E+00  0.00000000E+00  5.62997114E-01  1.00000005E-03  2.10933776E-03  3.07680337E-01
 -3.39900000E-01  2.05085500E+00 -1.25987051E+00  0.00000000E+00  5.62998591E-01  1.00000005E-03  2.10868919E-03  3.07768498E-01
 -3.39900000E-01  2.05109000E+00 -1.25988254E+00  0.00000000E+00  5.63000033E-01  1.00000005E-03  2.10812709E-03  3.07844904E-01
 -3.39900000E-01  2.05132500E+00 -1.25989272E+00  0.00000000E+00  5.63001438E-01  1.00000005E-03  2.10765147E-03  3.07909556E-01
 -3.39900000E-01  2.05156000E+00 -1.25990105E+00  0.00000000E+00  5.63002807E-01  1.00000005E-03  2.10726232E-03  3.07962452E-01
 -3.39900000E-01  2.05179500E+00 -1.25990753E+00  0.00000000E+00  5.63004140E-01  1.00000005E-03  2.10695965E-03  3.08003594E-01
 -3.39900000E-01  2.05203000E+00 -1.25991216E+00  0.00000000E+00  5.63005437E-01  1.00000005E-03  2.10674346E-03  3.08032981E-01
 -3.39900000E-01  2.05226500E+00 -1.25991494E+00  0.00000000E+00  5.63006698E-01  1.00000005E-03  2.10661374E-03  3.08050614E-01
 -3.39900000E-01  2.05250000E+00 -1.25991586E+00  0.00000000E+00  5.63007923E-01  1.00000005E-03  2.10657050E-03  3.08056492E-01
 -3.39900000E-01  2.05273500E+00 -1.25991494E+00  0.00000000E+00  5.63009112E-01  1.00000005E-03  2.10661373E-03  3.08050615E-01
 -3.39900000E-01  2.05297000E+00 -1.25991216E+00  0.00000000E+00  5.63010264E-01  1.00000005E-03  2.10674344E-03  3.08032983E-01
 -3.39900000E-01  2.05320500E+00 -1.25990753E+00  0.00000000E+00  5.63011381E-01  1.00000005E-03  2.10695963E-03  3.08003597E-01
 -3.39900000E-01  2.05344000E+00 -1.25990105E+00  0.00000000E+00  5.63012461E-01  1.00000005E-03  2.10726229E-03  3.07962456E-01
 -3.39900000E-01  2.05367500E+00 -1.25989272E+00  0.00000000E+00  5.63013505E-01  1.00000005E-03  2.10765143E-03  3.07909560E-01
 -3.39900000E-01  2.05391000E+00 -1.25988254E+00  0.00000000E+00  5.63014514E-01  1.00000005E-03  2.10812705E-03  3.07844910E-01
 -3.39900000E-01  2.05414500E+00 -1.25987051E+00  0.00000000E+00  5.63015486E-01  1.00000005E-03  2.10868914E-03  3.07768505E-01
 -3.39900000E-01  2.05438000E+00 -1.25985663E+00  0.00000000E+00  5.63016421E-01  1.00000005E-03  2.10933771E-03  3.07680345E-01
 -3.39900000E-01  2.05461500E+00 -1.25984090E+00  0.00000000E+00  5.63017321E-01  1.00000005E-03  2.11007275E-03  3.07580430E-01
 -3.39900000E-01  2.05485000E+00 -1.25982332E+00  0.00000000E+00  5.63018185E-01  1.00000005E-03  2.11089427E-03  3.07468761E-01
 -3.39900000E-01  2.05508500E+00 -1.25980388E+00  0.00000000E+00  5.63019012E-01  1.00000005E-03  2.11180227E-03  3.07345337E-01
 -3.39900000E-01  2.05532000E+00 -1.25978260E+00  0.00000000E+00  5.63019803E-01  1.00000005E-03  2.11279674E-03  3.07210158E-01
 -3.39900000E-01  2.05555500E+00 -1.25975946E+00  0.00000000E+00  5.63020558E-01  1.00000005E-03  2.11387769E-03  3.07063225E-01
 -3.39900000E-01  2.05579000E+00 -1.25973447E+00  0.00000000E+00  5.63021277E-01  1.00000005E-03  2.11504512E-03  3.06904537E-01
 -3.39900000E-01  2.05602500E+00 -1.25970763E+00  0.00000000E+00  5.63021960E-01  1.00000005E-03  2.11629902E-03  3.06734094E-01
 -3.39900000E-01  2.05626000E+00 -1.25967895E+00  0.00000000E+00  5.63022606E-01  1.00000005E-03  2.11763940E-03  3.06551897E-01
 -3.39900000E-01  2.05649500E+00 -1.25964841E+00  0.00000000E+00  5.63023217E-01  1.00000005E-03  2.11906626E-03  3.06357944E-01
 -3.39900000E-01  2.05673000E+00 -1.25961601E+00  0.00000000E+00  5.63023791E-01  1.00000005E-03  2.12057959E-03  3.06152237E-01
 -3.39900000E-01  2.05696500E+00 -1.25958177E+00  0.00000000E+00  5.63024329E-01  1.00000005E-03  2.12217939E-03  3.05934776E-01
 -3.39900000E-01  2.05720000E+00 -1.25954568E+00  0.00000000E+00  5.63024831E-01  1.00000005E-03  2.12386568E-03  3.05705559E-01
 -3.39900000E-01  2.05743500E+00 -1.25950774E+00  0.00000000E+00  5.63025296E-01  1.00000005E-03  2.12563844E-03  3.05464588E-01
 -3.39900000E-01  2.05767000E+00 -1.25946794E+00  0.00000000E+00  5.63025725E-01  1.00000005E-03  2.12749767E-03  3.05211863E-01
 -3.39900000E-01  2.05790500E+00 -1.25942630E+00  0.00000000E+00  5.63026118E-01  1.00000005E-03  2.12944338E-03  3.04947382E-01
 -3.39900000E-01  2.05814000E+00 -1.25938280E+00  0.00000000E+00  5.63026475E-01  1.00000005E-03  2.13147557E-03  3.04671147E-01
 -3.39900000E-01  2.05837500E+00 -1.25933745E+00  0.00000000E+00  5.63026796E-01  1.00000005E-03  2.13359424E-03  3.04383157E-01
 -3.39900000E-01  2.05861000E+00 -1.25929026E+00  0.00000000E+00  5.63027080E-01  1.00000005E-03  2.13579938E-03  3.04083412E-01
 -3.39900000E-01  2.05884500E+00 -1.25924121E+00  0.00000000E+00  5.63027324E-01  1.00000005E-03  2.13808289E-03  3.03775961E-01
 -3.39900000E-01  2.05908000E+00 -1.25919033E+00  0.00000000E+00  5.63027532E-01  1.00000005E-03  2.14044983E-03  3.03458572E-01
 -3.39900000E-01  2.05931500E+00 -1.25913759E+00  0.00000000E+00  5.63027703E-01  1.00000005E-03  2.14290249E-03  3.03130141E-01
 -3.39900000E-01  2.05955000E+00 -1.25908302E+00  0.00000000E+00  5.63027839E-01  1.00000005E-03  2.14544064E-03  3.02790784E-01
 -3.39900000E-01  2.05978500E+00 -1.25902659E+00  0.00000000E+00  5.63027938E-01  1.00000005E-03  2.14806405E-03  3.02440621E-01
 -3.39900000E-01  2.06002000E+00 -1.25896832E+00  0.00000000E+00  5.63028000E-01  1.00000005E-03  2.15077249E-03  3.02079768E-01
 -3.39900000E-01  2.06025500E+00 -1.25890821E+00  0.00000000E+00  5.63028027E-01  1.00000005E-03  2.15356574E-03  3.01708345E-01
 -3.39900000E-01  2.06049000E+00 -1.25884625E+00  0.00000000E+00  5.63028017E-01  1.00000005E-03  2.15644355E-03  3.01326468E-01
 -3.39900000E-01  2.06072500E+00 -1.25878244E+00  0.00000000E+00  5.63027970E-01  1.00000005E-03  2.15940570E-03  3.00934257E-01
 -3.39900000E-01  2.06096000E+00 -1.25871680E+00  0.00000000E+00  5.63027886E-01  1.00000005E-03  2.16245197E-03  3.00531828E-01
 -3.39900000E-01  2.06119500E+00 -1.25864931E+00  0.00000000E+00  5.63027766E-01  1.00000005E-03  2.16558212E-03  3.00119300E-01
 -3.39900000E-01  2.06143000E+00 -1.25857997E+00  0.00000000E+00  5.63027609E-01  1.00000005E-03  2.16879592E-03  2.99696791E-01
 -3.39900000E-01  2.06166500E+00 -1.25850879E+00  0.00000000E+00  5.63027415E-01  1.00000005E-03  2.17209314E-03  2.99264419E-01
 -3.39900000E-01  2.06190000E+00 -1.25843577E+00  0.00000000E+00  5.63027183E-01  1.00000005E-03  2.17547355E-03  2.98822302E-01
 -3.39900000E-01  2.06213500E+00 -1.25836091E+00  0.00000000E+00  5.63026915E-01  1.00000005E-03  2.17893693E-03  2.98370557E-01
 -3.39900000E-01  2.06237000E+00 -1.25828420E+00  0.00000000E+00  5.63026609E-01  1.00000005E-03  2.18248303E-03  2.97909303E-01
 -3.39900000E-01  2.06260500E+00 -1.25820566E+00  0.00000000E+00  5.63026265E-01  1.00000005E-03  2.18611165E-03  2.97438657E-01
 -3.39900000E-01  2.06284000E+00 -1.25812527E+00  0.00000000E+00  5.63025885E-01  1.00000005E-03  2.18982253E-03  2.96958738E-01
 -3.39900000E-01  2.06307500E+00 -1.25804304E+00  0.00000000E+00  5.63025466E-01  1.00000005E-03  2.19361546E-03  2.96469664E-01
 -3.39900000E-01  2.06331000E+00 -1.25795896E+00  0.00000000E+00  5.63025010E-01  1.00000005E-03  2.19749020E-03  2.95971552E-01
 -3.39900000E-01  2.06354500E+00 -1.25787305E+00  0.00000000E+00  5.63024516E-01  1.00000005E-03  2.20144652E-03  2.95464520E-01
 -3.39900000E-01  2.06378000E+00 -1.25778530E+00  0.00000000E+00  5.63023983E-01  1.00000005E-03  2.20548420E-03  2.94948687E-01
 -3.39900000E-01  2.06401500E+00 -1.25769571E+00  0.00000000E+00  5.63023413E-01  1.00000005E-03  2.20960300E-03  2.94424170E-01
 -3.39900000E-01  2.06425000E+00 -1.25760427E+00  0.00000000E+00  5.63022805E-01  1.00000005E-03  2.21380269E-03  2.93891087E-01
 -3.39900000E-01  2.06448500E+00 -1.25751100E+00  0.00000000E+00  5.63022158E-01  1.00000005E-03  2.21808305E-03  2.93349557E-01
 -3.39900000E-01  2.06472000E+00 -1.25741589E+00  0.00000000E+00  5.63021474E-01  1.00000005E-03  2.22244384E-03  2.92799697E-01
 -3.39900000E-01  2.06495500E+00 -1.25731894E+00  0.00000000E+00  5.63020750E-01  1.00000005E-03  2.22688484E-03  2.92241625E-01
 -3.39900000E-01  2.06519000E+00 -1.25722015E+00  0.00000000E+00  5.63019988E-01  1.00000005E-03  2.23140581E-03  2.91675459E-01
 -3.39900000E-01  2.06542500E+00 -1.25711953E+00  0.00000000E+00  5.63019188E-01  1.00000005E-03  2.23600653E-03  2.91101318E-01
 -3.39900000E-01  2.06566000E+00 -1.25701706E+00  0.00000000E+00  5.63018348E-01  1.00000005E-03  2.24068676E-03  2.90519318E-01
 -3.39900000E-01  2.06589500E+00 -1.25691276E+00  0.00000000E+00  5.63017470E-01  1.00000005E-03  2.24544628E-03  2.89929578E-01
 -3.39900000E-01  2.06613000E+00 -1.25680662E+00  0.00000000E+00  5.63016553E-01  1.00000005E-03  2.25028485E-03  2.89332217E-01
 -3.39900000E-01  2.06636500E+00 -1.25669864E+00  0.00000000E+00  5.63015596E-01  1.00000005E-03  2.25520225E-03  2.88727351E-01
 -3.39900000E-01  2.06660000E+00 -1.25658883E+00  0.00000000E+00  5.63014601E-01  1.00000005E-03  2.26019825E-03  2.88115099E-01
 -3.39900000E-01  2.06683500E+00 -1.25647718E+00  0.00000000E+00  5.63013566E-01  1.00000005E-03  2.26527261E-03  2.87495579E-01
 -3.39900000E-01  2.06707000E+00 -1.25636370E+00  0.00000000E+00  5.63012492E-01  1.00000005E-03  2.27042510E-03  2.86868909E-01
 -3.39900000E-01  2.06730500E+00 -1.25624838E+00  0.00000000E+00  5.63011378E-01  1.00000005E-03  2.27565551E-03  2.86235207E-01
 -3.39900000E-01  2.06754000E+00 -1.25613122E+00  0.00000000E+00  5.63010225E-01  1.00000005E-03  2.28096359E-03  2.85594590E-01
 -3.39900000E-01  2.06777500E+00 -1.25601223E+00  0.00000000E+00  5.63009032E-01  1.00000005E-03  2.28634911E-03  2.84947177E-01
 -3.39900000E-01  2.06801000E+00 -1.25589140E+00  0.00000000E+00  5.63007799E-01  1.00000005E-03  2.29181185E-03  2.84293086E-01
 -3.39900000E-01  2.06824500E+00 -1.25576874E+00  0.00000000E+00  5.63006526E-01  1.00000005E-03  2.29735158E-03  2.83632434E-01
 -3.39900000E-01  2.06848000E+00 -1.25564424E+00  0.00000000E+00  5.63005213E-01  1.00000005E-03  2.30296807E-03  2.82965340E-01
 -3.39900000E-01  2.06871500E+00 -1.25551791E+00  0.00000000E+00  5.63003860E-01  1.00000005E-03  2.30866109E-03  2.82291921E-01
 -3.39900000E-01  2.06895000E+00 -1.25538975E+00  0.00000000E+00  5.63002467E-01  1.00000005E-03  2.31443040E-03  2.81612296E-01
 -3.39900000E-01  2.06918500E+00 -1.25525976E+00  0.00000000E+00  5.63001034E-01  1.00000005E-03  2.32027578E-03  2.80926582E-01
 -3.39900000E-01  2.06942000E+00 -1.25512793E+00  0.00000000E+00  5.62999560E-01  1.00000005E-03  2.32619700E-03  2.80234898E-01
 -3.39900000E-01  2.06965500E+00 -1.25499426E+00  0.00000000E+00  5.62998046E-01  1.00000005E-03  2.33219382E-03  2.79537361E-01
 -3.39900000E-01  2.06989000E+00 -1.25485877E+00  0.00000000E+00  5.62996491E-01  1.00000005E-03  2.33826603E-03  2.78834089E-01
 -3.39900000E-01  2.07012500E+00 -1.25472144E+00  0.00000000E+00  5.62994895E-01  1.00000005E-03  2.34441338E-03  2.78125201E-01
 -3.39900000E-01  2.07036000E+00 -1.25458229E+00  0.00000000E+00  5.62993259E-01  1.00000005E-03  2.35063565E-03  2.77410814E-01
 -3.39900000E-01  2.07059500E+00 -1.25444130E+00  0.00000000E+00  5.62991581E-01  1.00000005E-03  2.35693261E-03  2.76691046E-01
 -3.39900000E-01  2.07083000E+00 -1.25429848E+00  0.00000000E+00  5.62989863E-01  1.00000005E-03  2.36330403E-03  2.75966015E-01
 -3.39900000E-01  2.07106500E+00 -1.25415381E+00  0.00000000E+00  5.62988108E-01  1.00000005E-03  2.36974845E-03  2.75235620E-01
 -3.39900000E-01  2.07130000E+00 -1.25400730E+00  0.00000000E+00  5.62986323E-01  1.00000005E-03  2.37626324E-03  2.74499884E-01
 -3.39900000E-01  2.07153500E+00 -1.25385895E+00  0.00000000E+00  5.62984497E-01  1.00000005E-03  2.38285105E-03  2.73759623E-01
 -3.39900000E-01  2.07177000E+00 -1.25370879E+00  0.00000000E+00  5.62982629E-01  1.00000005E-03  2.38951157E-03  2.73014932E-01
 -3.39900000E-01  2.07200500E+00 -1.25355680E+00  0.00000000E+00  5.62980720E-01  1.00000005E-03  2.39624446E-03  2.72265904E-01
 -3.39900000E-01  2.07224000E+00 -1.25340299E+00  0.00000000E+00  5.62978769E-01  1.00000005E-03  2.40304939E-03  2.71512633E-01
 -3.39900000E-01  2.07247500E+00 -1.25324735E+00  0.00000000E+00  5.62976775E-01  1.00000005E-03  2.40992605E-03  2.70755213E-01
 -3.39900000E-01  2.07271000E+00 -1.25308988E+00  0.00000000E+00  5.62974739E-01  1.00000005E-03  2.41687410E-03  2.69993736E-01
 -3.39900000E-01  2.07294500E+00 -1.25293059E+00  0.00000000E+00  5.62972661E-01  1.00000005E-03  2.42389322E-03  2.69228298E-01
 -3.39900000E-01  2.07318000E+00 -1.25276946E+00  0.00000000E+00  5.62970540E-01  1.00000005E-03  2.43098308E-03  2.68458992E-01
 -3.39900000E-01  2.07341500E+00 -1.25260651E+00  0.00000000E+00  5.62968375E-01  1.00000005E-03  2.43814335E-03  2.67685911E-01
 -3.39900000E-01  2.07365000E+00 -1.25244173E+00  0.00000000E+00  5.62966168E-01  1.00000005E-03  2.44537370E-03  2.66909150E-01
 -3.39900000E-01  2.07388500E+00 -1.25227511E+00  0.00000000E+00  5.62963918E-01  1.00000005E-03  2.45267382E-03  2.66128801E-01
 -3.39900000E-01  2.07412000E+00 -1.25210667E+00  0.00000000E+00  5.62961624E-01  1.00000005E-03  2.46004337E-03  2.65344959E-01
 -3.39900000E-01  2.07435500E+00 -1.25193639E+00  0.00000000E+00  5.62959286E-01  1.00000005E-03  2.46748202E-03  2.64557717E-01
 -3.39900000E-01  2.07459000E+00 -1.25176428E+00  0.00000000E+00  5.62956904E-01  1.00000005E-03  2.47498945E-03  2.63767169E-01
 -3.39900000E-01  2.07482500E+00 -1.25159034E+00  0.00000000E+00  5.62954479E-01  1.00000005E-03  2.48256533E-03  2.62973409E-01
 -3.39900000E-01  2.07506000E+00 -1.25141456E+00  0.00000000E+00  5.62952009E-01  1.00000005E-03  2.49020933E-03  2.62176531E-01
 -3.39900000E-01  2.07529500E+00 -1.25123695E+00  0.00000000E+00  5.62949494E-01  1.00000005E-03  2.49792114E-03  2.61376627E-01
 -3.39900000E-01  2.07553000E+00 -1.25105750E+00  0.00000000E+00  5.62946935E-01  1.00000005E-03  2.50570041E-03  2.60573793E-01
 -3.39900000E-01  2.07576500E+00 -1.25087621E+00  0.00000000E+00  5.62944331E-01  1.00000005E-03  2.51354683E-03  2.59768121E-01
 -3.39900000E-01  2.07600000E+00 -1.25069309E+00  0.00000000E+00  5.62941682E-01  1.00000005E-03  2.52146006E-03  2.58959705E-01
 -3.39900000E-01  2.07623500E+00 -1.25050813E+00  0.00000000E+00  5.62938988E-01  1.00000005E-03  2.52943979E-03  2.58148640E-01
 -3.39900000E-01  2.07647000E+00 -1.25032133E+00  0.00000000E+00  5.62936249E-01  1.00000005E-03  2.53748567E-03  2.57335018E-01
 -3.39900000E-01  2.07670500E+00 -1.25013269E+00  0.00000000E+00  5.62933464E-01  1.00000005E-03  2.54559740E-03  2.56518933E-01
 -3.39900000E-01  2.07694000E+00 -1.24994220E+00  0.00000000E+00  5.62930633E-01  1.00000005E-03  2.55377463E-03  2.55700480E-01
 -3.39900000E-01  2.07717500E+00 -1.24974988E+00  0.00000000E+00  5.62927756E-01  1.00000005E-03  2.56201704E-03  2.54879751E-01
 -3.39900000E-01  2.07741000E+00 -1.24955572E+00  0.00000000E+00  5.62924833E-01  1.00000005E-03  2.57032431E-03  2.54056842E-01
 -3.39900000E-01  2.07764500E+00 -1.24935971E+00  0.00000000E+00  5.62921864E-01  1.00000005E-03  2.57869611E-03  2.53231844E-01
 -3.39900000E-01  2.07788000E+00 -1.24916186E+00  0.00000000E+00  5.62918848E-01  1.00000005E-03  2.58713211E-03  2.52404852E-01
 -3.39900000E-01  2.07811500E+00 -1.24896216E+00  0.00000000E+00  5.62915785E-01  1.00000005E-03  2.59563199E-03  2.51575960E-01
 -3.39900000E-01  2.07835000E+00 -1.24876062E+00  0.00000000E+00  5.62912676E-01  1.00000005E-03  2.60419541E-03  2.50745262E-01
 -3.39900000E-01  2.07858500E+00 -1.24855723E+00  0.00000000E+00  5.62909519E-01  1.00000005E-03  2.61282205E-03  2.49912850E-01
 -3.39900000E-01  2.07882000E+00 -1.24835200E+00  0.00000000E+00  5.62906315E-01  1.00000005E-03  2.62151159E-03  2.49078820E-01
 -3.39900000E-01  2.07905500E+00 -1.24814492E+00  0.00000000E+00  5.62903063E-01  1.00000005E-03  2.63026369E-03  2.48243263E-01
 -3.39900000E-01  2.07929000E+00 -1.24793599E+00  0.00000000E+00  5.62899764E-01  1.00000005E-03  2.63907804E-03  2.47406276E-01
 -3.39900000E-01  2.07952500E+00 -1.24772521E+00  0.00000000E+00  5.62896417E-01  1.00000005E-03  2.64795429E-03  2.46567950E-01
 -3.39900000E-01  2.07976000E+00 -1.24751258E+00  0.00000000E+00  5.62893022E-01  1.00000005E-03  2.65689214E-03  2.45728380E-01
 -3.39900000E-01  2.07999500E+00 -1.24729810E+00  0.00000000E+00  5.62889579E-01  1.00000005E-03  2.66589124E-03  2.44887659E-01
 -3.39900000E-01  2.08023000E+00 -1.24708177E+00  0.00000000E+00  5.62886087E-01  1.00000005E-03  2.67495128E-03  2.44045881E-01
 -3.39900000E-01  2.08046500E+00 -1.24686359E+00  0.00000000E+00  5.62882547E-01  1.00000005E-03  2.68407192E-03  2.43203140E-01
 -3.39900000E-01  2.08070000E+00 -1.24664355E+00  0.00000000E+00  5.62878958E-01  1.00000005E-03  2.69325284E-03  2.42359530E-01
 -3.39900000E-01  2.08093500E+00 -1.24642167E+00  0.00000000E+00  5.62875319E-01  1.00000005E-03  2.70249371E-03  2.41515144E-01
 -3.39900000E-01  2.08117000E+00 -1.24619792E+00  0.00000000E+00  5.62871632E-01  1.00000005E-03  2.71179420E-03  2.40670076E-01
 -3.39900000E-01  2.08140500E+00 -1.24597232E+00  0.00000000E+00  5.62867895E-01  1.00000005E-03  2.72115400E-03  2.39824419E-01
 -3.39900000E-01  2.08164000E+00 -1.24574487E+00  0.00000000E+00  5.62864109E-01  1.00000005E-03  2.73057276E-03  2.38978268E-01
 -3.39900000E-01  2.08187500E+00 -1.24551556E+00  0.00000000E+00  5.62860273E-01  1.00000005E-03  2.74005017E-03  2.38131716E-01
 -3.39900000E-01  2.08211000E+00 -1.24528439E+00  0.00000000E+00  5.62856387E-01  1.00000005E-03  2.74958590E-03  2.37284856E-01
 -3.39900000E-01  2.08234500E+00 -1.24505136E+00  0.00000000E+00  5.62852450E-01  1.00000005E-03  2.75917962E-03  2.36437784E-01
 -3.39900000E-01  2.08258000E+00 -1.24481648E+00  0.00000000E+00  5.62848464E-01  1.00000005E-03  2.76883100E-03  2.35590591E-01
 -3.39900000E-01  2.08281500E+00 -1.24457973E+00  0.00000000E+00  5.62844427E-01  1.00000005E-03  2.77853971E-03  2.34743372E-01
 -3.39900000E-01  2.08305000E+00 -1.24434113E+00  0.00000000E+00  5.62840339E-01  1.00000005E-03  2.78830544E-03  2.33896221E-01
 -3.39900000E-01  2.08328500E+00 -1.24410066E+00  0.00000000E+00  5.62836200E-01  1.00000005E-03  2.79812785E-03  2.33049232E-01
 -3.39900000E-01  2.08352000E+00 -1.24385824E+00  0.00000000E+00  5.62831993E-01  1.00000005E-03  2.80800686E-03  2.32200351E-01
 -3.39900000E-01  2.08375500E+00 -1.24361394E+00  0.00000000E+00  5.62827733E-01  1.00000005E-03  2.81794160E-03  2.31351161E-01
 -3.39900000E-01  2.08399000E+00 -1.24336778E+00  0.00000000E+00  5.62823427E-01  1.00000005E-03  2.82793166E-03  2.30502242E-01
 -3.39900000E-01  2.08422500E+00 -1.24311976E+00  0.00000000E+00  5.62819073E-01  1.00000005E-03  2.83797673E-03  2.29653625E-01
 -3.39900000E-01  2.08446000E+00 -1.24286987E+00  0.00000000E+00  5.62814672E-01  1.00000005E-03  2.84807652E-03  2.28805344E-01
 -3.39900000E-01  2.08469500E+00 -1.24261811E+00  0.00000000E+00  5.62810222E-01  1.00000005E-03  2.85823072E-03  2.27957431E-01
 -3.39900000E-01  2.08493000E+00 -1.24236448E+00  0.00000000E+00  5.62805723E-01  1.00000005E-03  2.86843901E-03  2.27109919E-01
 -3.39900000E-01  2.08516500E+00 -1.24210897E+00  0.00000000E+00  5.62801175E-01  1.00000005E-03  2.87870111E-03  2.26262839E-01
 -3.39900000E-01  2.08540000E+00 -1.24185159E+00  0.00000000E+00  5.62796577E-01  1.00000005E-03  2.88901670E-03  2.25416224E-01
 -3.39900000E-01  2.08563500E+00 -1.24159231E+00  0.00000000E+00  5.62791929E-01  1.00000005E-03  2.89938549E-03  2.24570107E-01
 -3.39900000E-01  2.08587000E+00 -1.24133116E+00  0.00000000E+00  5.62787231E-01  1.00000005E-03  2.90980715E-03  2.23724519E-01
 -3.39900000E-01  2.08610500E+00 -1.24106811E+00  0.00000000E+00  5.62782481E-01  1.00000005E-03  2.92028140E-03  2.22879495E-01
 -3.39900000E-01  2.08634000E+00 -1.24080316E+00  0.00000000E+00  5.62777680E-01  1.00000005E-03  2.93080793E-03  2.22035065E-01
 -3.39900000E-01  2.08657500E+00 -1.24053632E+00  0.00000000E+00  5.62772827E-01  1.00000005E-03  2.94138642E-03  2.21191262E-01
 -3.39900000E-01  2.08681000E+00 -1.24026757E+00  0.00000000E+00  5.62767921E-01  1.00000005E-03  2.95201659E-03  2.20348120E-01
 -3.39900000E-01  2.08704500E+00 -1.23999692E+00  0.00000000E+00  5.62762963E-01  1.00000005E-03  2.96269812E-03  2.19505669E-01
 -3.39900000E-01  2.08728000E+00 -1.23972436E+00  0.00000000E+00  5.62757951E-01  1.00000005E-03  2.97343070E-03  2.18663943E-01
 -3.39900000E-01  2.08751500E+00 -1.23944989E+00  0.00000000E+00  5.62752885E-01  1.00000005E-03  2.98421405E-03  2.17822974E-01
 -3.39900000E-01  2.08775000E+00 -1.23917350E+00  0.00000000E+00  5.62747765E-01  1.00000005E-03  2.99504784E-03  2.16982794E-01
 -3.39900000E-01  2.08798500E+00 -1.23889520E+00  0.00000000E+00  5.62742591E-01  1.00000005E-03  3.00593178E-03  2.16143436E-01
 -3.39900000E-01  2.08822000E+00 -1.23861496E+00  0.00000000E+00  5.62737361E-01  1.00000005E-03  3.01686556E-03  2.15304933E-01
 -3.39900000E-01  2.08845500E+00 -1.23833280E+00  0.00000000E+00  5.62732075E-01  1.00000005E-03  3.02784887E-03  2.14467316E-01
 -3.39900000E-01  2.08869000E+00 -1.23804871E+00  0.00000000E+00  5.62726734E-01  1.00000005E-03  3.03888142E-03  2.13630618E-01
 -3.39900000E-01  2.08892500E+00 -1.23776269E+00  0.00000000E+00  5.62721336E-01  1.00000005E-03  3.04996290E-03  2.12794872E-01
 -3.39900000E-01  2.08916000E+00 -1.23747473E+00  0.00000000E+00  5.62715881E-01  1.00000005E-03  3.06109300E-03  2.11960109E-01
 -3.39900000E-01  2.08939500E+00 -1.23718482E+00  0.00000000E+00  5.62710369E-01  1.00000005E-03  3.07227141E-03  2.11126363E-01
 -3.39900000E-01  2.08963000E+00 -1.23689297E+00  0.00000000E+00  5.62704798E-01  1.00000005E-03  3.08349785E-03  2.10293666E-01
 -3.39900000E-01  2.08986500E+00 -1.23659918E+00  0.00000000E+00  5.62699170E-01  1.00000005E-03  3.09477199E-03  2.09462050E-01
 -3.39900000E-01  2.09010000E+00 -1.23630342E+00  0.00000000E+00  5.62693482E-01  1.00000005E-03  3.10609354E-03  2.08631548E-01
 -3.39900000E-01  2.09033500E+00 -1.23600572E+00  0.00000000E+00  5.62687736E-01  1.00000005E-03  3.11746219E-03  2.07802191E-01
 -3.39900000E-01  2.09057000E+00 -1.23570605E+00  0.00000000E+00  5.62681929E-01  1.00000005E-03  3.12887764E-03  2.06974014E-01
 -3.39900000E-01  2.09080500E+00 -1.23540442E+00  0.00000000E+00  5.62676063E-01  1.00000005E-03  3.14033958E-03  2.06147047E-01
 -3.39900000E-01  2.09104000E+00 -1.23510082E+00  0.00000000E+00  5.62670136E-01  1.00000005E-03  3.15184771E-03  2.05321323E-01
 -3.39900000E-01  2.09127500E+00 -1.23479526E+00  0.00000000E+00  5.62664148E-01  1.00000005E-03  3.16340172E-03  2.04496875E-01
 -3.39900000E-01  2.09151000E+00 -1.23448771E+00  0.00000000E+00  5.62658098E-01  1.00000005E-03  3.17500131E-03  2.03673736E-01
 -3.39900000E-01  2.09174500E+00 -1.23417819E+00  0.00000000E+00  5.62651987E-01  1.00000005E-03  3.18664618E-03  2.02851937E-01
 -3.39900000E-01  2.09198000E+00 -1.23386669E+00  0.00000000E+00  5.62645813E-01  1.00000005E-03  3.19833602E-03  2.02031511E-01
 -3.39900000E-01  2.09221500E+00 -1.23355321E+00  0.00000000E+00  5.62639576E-01  1.00000005E-03  3.21007052E-03  2.01212490E-01
 -3.39900000E-01  2.09245000E+00 -1.23323773E+00  0.00000000E+00  5.62633276E-01  1.00000005E-03  3.22184939E-03  2.00394908E-01
 -3.39900000E-01  2.09268500E+00 -1.23292027E+00  0.00000000E+00  5.62626912E-01  1.00000005E-03  3.23367231E-03  1.99578795E-01
 -3.39900000E-01  2.09292000E+00 -1.23260080E+00  0.00000000E+00  5.62620484E-01  1.00000005E-03  3.24553899E-03  1.98764185E-01
 -3.39900000E-01  2.09315500E+00 -1.23227934E+00  0.00000000E+00  5.62613991E-01  1.00000005E-03  3.25744911E-03  1.97951111E-01
 -3.39900000E-01  2.09339000E+00 -1.23195587E+00  0.00000000E+00  5.62607433E-01  1.00000005E-03  3.26940238E-03  1.97139604E-01
 -3.39900000E-01  2.09362500E+00 -1.23163040E+00  0.00000000E+00  5.62600809E-01  1.00000005E-03  3.28139848E-03  1.96329697E-01
 -3.39900000E-01  2.09386000E+00 -1.23130292E+00  0.00000000E+00  5.62594120E-01  1.00000005E-03  3.29343712E-03  1.95521422E-01
 -3.39900000E-01  2.09409500E+00 -1.23097342E+00  0.00000000E+00  5.62587364E-01  1.00000005E-03  3.30551800E-03  1.94714813E-01
 -3.39900000E-01  2.09433000E+00 -1.23064191E+00  0.00000000E+00  5.62580541E-01  1.00000005E-03  3.31764080E-03  1.93909900E-01
 -3.39900000E-01  2.09456500E+00 -1.23030837E+00  0.00000000E+00  5.62573650E-01  1.00000005E-03  3.32980522E-03  1.93106717E-01
 -3.39900000E-01  2.09480000E+00 -1.22997281E+00  0.00000000E+00  5.62566692E-01  1.00000005E-03  3.34201096E-03  1.92305296E-01
 -3.39900000E-01  2.09503500E+00 -1.22963523E+00  0.00000000E+00  5.62559665E-01  1.00000005E-03  3.35425771E-03  1.91505670E-01
 -3.39900000E-01  2.09527000E+00 -1.22929561E+00  0.00000000E+00  5.62552570E-01  1.00000005E-03  3.36654517E-03  1.90707871E-01
 -3.39900000E-01  2.09550500E+00 -1.22895395E+00  0.00000000E+00  5.62545406E-01  1.00000005E-03  3.37887303E-03  1.89911931E-01
 -3.39900000E-01  2.09574000E+00 -1.22861020E+00  0.00000000E+00  5.62538255E-01  1.00000005E-03  3.39124157E-03  1.89117440E-01
 -3.39900000E-01  2.09597500E+00 -1.22826429E+00  0.00000000E+00  5.62531207E-01  1.00000005E-03  3.40365107E-03  1.88323810E-01
 -3.39900000E-01  2.09621000E+00 -1.22791633E+00  0.00000000E+00  5.62524071E-01  1.00000005E-03  3.41609999E-03  1.87531983E-01
 -3.39900000E-01  2.09644500E+00 -1.22756634E+00  0.00000000E+00  5.62516847E-01  1.00000005E-03  3.42858807E-03  1.86741958E-01
 -3.39900000E-01  2.09668000E+00 -1.22721428E+00  0.00000000E+00  5.62509535E-01  1.00000005E-03  3.44111509E-03  1.85953736E-01
 -3.39900000E-01  2.09691500E+00 -1.22686017E+00  0.00000000E+00  5.62502135E-01  1.00000005E-03  3.45368081E-03  1.85167318E-01
 -3.39900000E-01  2.09715000E+00 -1.22650397E+00  0.00000000E+00  5.62494646E-01  1.00000005E-03  3.46628500E-03  1.84382704E-01
 -3.39900000E-01  2.09738500E+00 -1.22614570E+00  0.00000000E+00  5.62487069E-01  1.00000005E-03  3.47892742E-03  1.83599895E-01
 -3.39900000E-01  2.09762000E+00 -1.22578534E+00  0.00000000E+00  5.62479403E-01  1.00000005E-03  3.49160783E-03  1.82818891E-01
 -3.39900000E-01  2.09785500E+00 -1.22542288E+00  0.00000000E+00  5.62471649E-01  1.00000005E-03  3.50432599E-03  1.82039694E-01
 -3.39900000E-01  2.09809000E+00 -1.22505831E+00  0.00000000E+00  5.62463807E-01  1.00000005E-03  3.51708169E-03  1.81262303E-01
 -3.39900000E-01  2.09832500E+00 -1.22469163E+00  0.00000000E+00  5.62455875E-01  1.00000005E-03  3.52987466E-03  1.80486719E-01
 -3.39900000E-01  2.09856000E+00 -1.22432282E+00  0.00000000E+00  5.62447855E-01  1.00000005E-03  3.54270470E-03  1.79712943E-01
 -3.39900000E-01  2.09879500E+00 -1.22395188E+00  0.00000000E+00  5.62439745E-01  1.00000005E-03  3.55557154E-03  1.78940976E-01
 -3.39900000E-01  2.09903000E+00 -1.22357880E+00  0.00000000E+00  5.62431547E-01  1.00000005E-03  3.56847497E-03  1.78170817E-01
 -3.39900000E-01  2.09926500E+00 -1.22320357E+00  0.00000000E+00  5.62423260E-01  1.00000005E-03  3.58141475E-03  1.77402468E-01
 -3.39900000E-01  2.09950000E+00 -1.22282618E+00  0.00000000E+00  5.62414883E-01  1.00000005E-03  3.59439064E-03  1.76635929E-01
 -3.39900000E-01  2.09973500E+00 -1.22244662E+00  0.00000000E+00  5.62406417E-01  1.00000005E-03  3.60740240E-03  1.75871201E-01
 -3.39900000E-01  2.09997000E+00 -1.22206489E+00  0.00000000E+00  5.62397862E-01  1.00000005E-03  3.62044980E-03  1.75108284E-01
 -3.39900000E-01  2.10020500E+00 -1.22168097E+00  0.00000000E+00  5.62389217E-01  1.00000005E-03  3.63353260E-03  1.74347179E-01
 -3.39900000E-01  2.10044000E+00 -1.22129486E+00  0.00000000E+00  5.62380483E-01  1.00000005E-03  3.64665057E-03  1.73587886E-01
 -3.39900000E-01  2.10067500E+00 -1.22090655E+00  0.00000000E+00  5.62371658E-01  1.00000005E-03  3.65980348E-03  1.72830407E-01
 -3.39900000E-01  2.10091000E+00 -1.22051603E+00  0.00000000E+00  5.62362745E-01  1.00000005E-03  3.67299108E-03  1.72074741E-01
 -3.39900000E-01  2.10114500E+00 -1.22012329E+00  0.00000000E+00  5.62353741E-01  1.00000005E-03  3.68621315E-03  1.71320889E-01
 -3.39900000E-01  2.10138000E+00 -1.21972832E+00  0.00000000E+00  5.62344647E-01  1.00000005E-03  3.69946944E-03  1.70568852E-01
 -3.39900000E-01  2.10161500E+00 -1.21933112E+00  0.00000000E+00  5.62335464E-01  1.00000005E-03  3.71275972E-03  1.69818630E-01
 -3.39900000E-01  2.10185000E+00 -1.21893168E+00  0.00000000E+00  5.62326190E-01  1.00000005E-03  3.72608376E-03  1.69070224E-01
 -3.39900000E-01  2.10208500E+00 -1.21852998E+00  0.00000000E+00  5.62316826E-01  1.00000005E-03  3.73944132E-03  1.68323635E-01
 -3.39900000E-01  2.10232000E+00 -1.21812602E+00  0.00000000E+00  5.62307372E-01  1.00000005E-03  3.75283217E-03  1.67578863E-01
 -3.39900000E-01  2.10255500E+00 -1.21771979E+00  0.00000000E+00  5.62297827E-01  1.00000005E-03  3.76625606E-03  1.66835908E-01
 -3.39900000E-01  2.10279000E+00 -1.21731128E+00  0.00000000E+00  5.62288192E-01  1.00000005E-03  3.77971277E-03  1.66094772E-01
 -3.39900000E-01  2.10302500E+00 -1.21690049E+00  0.00000000E+00  5.62278466E-01  1.00000005E-03  3.79320206E-03  1.65355455E-01
 -3.39900000E-01  2.10326000E+00 -1.21648740E+00  0.00000000E+00  5.62268649E-01  1.00000005E-03  3.80672369E-03  1.64617957E-01
 -3.39900000E-01  2.10349500E+00 -1.21607201E+00  0.00000000E+00  5.62258742E-01  1.00000005E-03  3.82027742E-03  1.63882279E-01
 -3.39900000E-01  2.10373000E+00 -1.21565430E+00  0.00000000E+00  5.62248744E-01  1.00000005E-03  3.83386303E-03  1.63148422E-01
 -3.39900000E-01  2.10396500E+00 -1.21523427E+00  0.00000000E+00  5.62238655E-01  1.00000005E-03  3.84748028E-03  1.62416386E-01
 -3.39900000E-01  2.10420000E+00 -1.21481192E+00  0.00000000E+00  5.62228475E-01  1.00000005E-03  3.86112893E-03  1.61686171E-01
 -3.39900000E-01  2.10443500E+00 -1.21438722E+00  0.00000000E+00  5.62218204E-01  1.00000005E-03  3.87480874E-03  1.60957779E-01
 -3.39900000E-01  2.10467000E+00 -1.21396018E+00  0.00000000E+00  5.62207841E-01  1.00000005E-03  3.88851948E-03  1.60231210E-01
 -3.39900000E-01  2.10490500E+00 -1.21353079E+00  0.00000000E+00  5.62197388E-01  1.00000005E-03  3.90226092E-03  1.59506465E-01
 -3.39900000E-01  2.10514000E+00 -1.21309902E+00  0.00000000E+00  5.62186842E-01  1.00000005E-03  3.91603282E-03  1.58783543E-01
 -3.39900000E-01  2.10537500E+00 -1.21266489E+00  0.00000000E+00  5.62176206E-01  1.00000005E-03  3.92983494E-03  1.58062446E-01
 -3.39900000E-01  2.10561000E+00 -1.21222838E+00  0.00000000E+00  5.62165477E-01  1.00000005E-03  3.94366705E-03  1.57343175E-01
 -3.39900000E-01  2.10584500E+00 -1.21178947E+00  0.00000000E+00  5.62154658E-01  1.00000005E-03  3.95752891E-03  1.56625729E-01
 -3.39900000E-01  2.10608000E+00 -1.21134817E+00  0.00000000E+00  5.62143746E-01  1.00000005E-03  3.97142029E-03  1.55910110E-01
 -3.39900000E-01  2.10631500E+00 -1.21090446E+00  0.00000000E+00  5.62132742E-01  1.00000005E-03  3.98534095E-03  1.55196318E-01
 -3.39900000E-01  2.10655000E+00 -1.21045834E+00  0.00000000E+00  5.62121647E-01  1.00000005E-03  3.99929066E-03  1.54484353E-01
 -3.39900000E-01  2.10678500E+00 -1.21000979E+00  0.00000000E+00  5.62110459E-01  1.00000005E-03  4.01326918E-03  1.53774217E-01
 -3.39900000E-01  2.10702000E+00 -1.20955881E+00  0.00000000E+00  5.62099180E-01  1.00000005E-03  4.02727628E-03  1.53065909E-01
 -3.39900000E-01  2.10725500E+00 -1.20910539E+00  0.00000000E+00  5.62087808E-01  1.00000005E-03  4.04131171E-03  1.52359430E-01
 -3.39900000E-01  2.10749000E+00 -1.20864952E+00  0.00000000E+00  5.62076343E-01  1.00000005E-03  4.05537525E-03  1.51654782E-01
 -3.39900000E-01  2.10772500E+00 -1.20819119E+00  0.00000000E+00  5.62064787E-01  1.00000005E-03  4.06946666E-03  1.50951964E-01
 -3.39900000E-01  2.10796000E+00 -1.20773040E+00  0.00000000E+00  5.62053138E-01  1.00000005E-03  4.08358571E-03  1.50250977E-01
 -3.39900000E-01  2.10819500E+00 -1.20726678E+00  0.00000000E+00  5.62040530E-01  1.00000005E-03  4.09773415E-03  1.49551461E-01
 -3.39900000E-01  2.10843000E+00 -1.20680061E+00  0.00000000E+00  5.62027741E-01  1.00000005E-03  4.11191022E-03  1.48853647E-01
 -3.39900000E-01  2.10866500E+00 -1.20633197E+00  0.00000000E+00  5.62014953E-01  1.00000005E-03  4.12611334E-03  1.48157597E-01
 -3.39900000E-01  2.10890000E+00 -1.20586083E+00  0.00000000E+00  5.62002162E-01  1.00000005E-03  4.14034335E-03  1.47463301E-01
 -3.39900000E-01  2.10913500E+00 -1.20538718E+00  0.00000000E+00  5.61989365E-01  1.00000005E-03  4.15460010E-03  1.46770750E-01
 -3.39900000E-01  2.10937000E+00 -1.20491099E+00  0.00000000E+00  5.61976557E-01  1.00000005E-03  4.16888341E-03  1.46079935E-01
 -3.39900000E-01  2.10960500E+00 -1.20443224E+00  0.00000000E+00  5.61963735E-01  1.00000005E-03  4.18319313E-03  1.45390847E-01
 -3.39900000E-01  2.10984000E+00 -1.20395093E+00  0.00000000E+00  5.61950893E-01  1.00000005E-03  4.19752910E-03  1.44703479E-01
 -3.39900000E-01  2.11007500E+00 -1.20346702E+00  0.00000000E+00  5.61938030E-01  1.00000005E-03  4.21189115E-03  1.44017819E-01
 -3.39900000E-01  2.11031000E+00 -1.20298051E+00  0.00000000E+00  5.61925140E-01  1.00000005E-03  4.22627912E-03  1.43333861E-01
 -3.39900000E-01  2.11054500E+00 -1.20249137E+00  0.00000000E+00  5.61912220E-01  1.00000005E-03  4.24069285E-03  1.42651593E-01
 -3.39900000E-01  2.11078000E+00 -1.20199958E+00  0.00000000E+00  5.61899265E-01  1.00000005E-03  4.25513218E-03  1.41971009E-01
 -3.39900000E-01  2.11101500E+00 -1.20150514E+00  0.00000000E+00  5.61886273E-01  1.00000005E-03  4.26959695E-03  1.41292099E-01
 -3.39900000E-01  2.11125000E+00 -1.20100801E+00  0.00000000E+00  5.61873238E-01  1.00000005E-03  4.28408700E-03  1.40614853E-01
 -3.39900000E-01  2.11148500E+00 -1.20050818E+00  0.00000000E+00  5.61860157E-01  1.00000005E-03  4.29860215E-03  1.39939263E-01
 -3.39900000E-01  2.11172000E+00 -1.20000563E+00  0.00000000E+00  5.61847026E-01  1.00000005E-03  4.31314226E-03  1.39265321E-01
 -3.39900000E-01  2.11195500E+00 -1.19950035E+00  0.00000000E+00  5.61833841E-01  1.00000005E-03  4.32770716E-03  1.38593016E-01
 -3.39900000E-01  2.11219000E+00 -1.19899231E+00  0.00000000E+00  5.61820598E-01  1.00000005E-03  4.34229669E-03  1.37922340E-01
 -3.39900000E-01  2.11242500E+00 -1.19848150E+00  0.00000000E+00  5.61807294E-01  1.00000005E-03  4.35691068E-03  1.37253285E-01
 -3.39900000E-01  2.11266000E+00 -1.19796790E+00  0.00000000E+00  5.61793923E-01  1.00000005E-03  4.37154898E-03  1.36585841E-01
 -3.39900000E-01  2.11289500E+00 -1.19745149E+00  0.00000000E+00  5.61780483E-01  1.00000005E-03  4.38621142E-03  1.35919999E-01
 -3.39900000E-01  2.11313000E+00 -1.19693226E+00  0.00000000E+00  5.61766970E-01  1.00000005E-03  4.40089785E-03  1.35255751E-01
 -3.39900000E-01  2.11336500E+00 -1.19641017E+00  0.00000000E+00  5.61753378E-01  1.00000005E-03  4.41560809E-03  1.34593088E-01
 -3.39900000E-01  2.11360000E+00 -1.19588523E+00  0.00000000E+00  5.61739705E-01  1.00000005E-03  4.43034199E-03  1.33931999E-01
 -3.39900000E-01  2.11383500E+00 -1.19535740E+00  0.00000000E+00  5.61725947E-01  1.00000005E-03  4.44509939E-03  1.33272478E-01
 -3.39900000E-01  2.11407000E+00 -1.19482667E+00  0.00000000E+00  5.61712100E-01  1.00000005E-03  4.45988012E-03  1.32614514E-01
 -3.39900000E-01  2.11430500E+00 -1.19429302E+00  0.00000000E+00  5.61698159E-01  1.00000005E-03  4.47468402E-03  1.31958099E-01
 -3.39900000E-01  2.11454000E+00 -1.19375643E+00  0.00000000E+00  5.61684120E-01  1.00000005E-03  4.48951094E-03  1.31303224E-01
 -3.39900000E-01  2.11477500E+00 -1.19321689E+00  0.00000000E+00  5.61669981E-01  1.00000005E-03  4.50436070E-03  1.30649879E-01
 -3.39900000E-01  2.11501000E+00 -1.19267437E+00  0.00000000E+00  5.61655736E-01  1.00000005E-03  4.51923315E-03  1.29998057E-01
 -3.39900000E-01  2.11524500E+00 -1.19212886E+00  0.00000000E+00  5.61641383E-01  1.00000005E-03  4.53412813E-03  1.29347748E-01
 -3.39900000E-01  2.11548000E+00 -1.19158035E+00  0.00000000E+00  5.61626916E-01  1.00000005E-03  4.54904547E-03  1.28698943E-01
 -3.39900000E-01  2.11571500E+00 -1.19102880E+00  0.00000000E+00  5.61612332E-01  1.00000005E-03  4.56398502E-03  1.28051633E-01
 -3.39900000E-01  2.11595000E+00 -1.19047420E+00  0.00000000E+00  5.61597628E-01  1.00000005E-03  4.57894660E-03  1.27405809E-01
 -3.39900000E-01  2.11618500E+00 -1.18991655E+00  0.00000000E+00  5.61582799E-01  1.00000005E-03  4.59393007E-03  1.26761462E-01
 -3.39900000E-01  2.11642000E+00 -1.18935580E+00  0.00000000E+00  5.61567841E-01  1.00000005E-03  4.60893525E-03  1.26118584E-01
 -3.39900000E-01  2.11665500E+00 -1.18879196E+00  0.00000000E+00  5.61552750E-01  1.00000005E-03  4.62396199E-03  1.25477166E-01
 -3.39900000E-01  2.11689000E+00 -1.18822499E+00  0.00000000E+00  5.61537522E-01  1.00000005E-03  4.63901012E-03  1.24837198E-01
 -3.39900000E-01  2.11712500E+00 -1.18765489E+00  0.00000000E+00  5.61522154E-01  1.00000005E-03  4.65407948E-03  1.24198671E-01
 -3.39900000E-01  2.11736000E+00 -1.18708163E+00  0.00000000E+00  5.61506642E-01  1.00000005E-03  4.66916991E-03  1.23561577E-01
 -3.39900000E-01  2.11759500E+00 -1.18650519E+00  0.00000000E+00  5.61490981E-01  1.00000005E-03  4.68428125E-03  1.22925907E-01
 -3.39900000E-01  2.11783000E+00 -1.18592557E+00  0.00000000E+00  5.61475168E-01  1.00000005E-03  4.69941334E-03  1.22291652E-01
 -3.39900000E-01  2.11806500E+00 -1.18534273E+00  0.00000000E+00  5.61459198E-01  1.00000005E-03  4.71456601E-03  1.21658802E-01
 -3.39900000E-01  2.11830000E+00 -1.18475666E+00  0.00000000E+00  5.61443068E-01  1.00000005E-03  4.72973911E-03  1.21027350E-01
 -3.39900000E-01  2.11853500E+00 -1.18416734E+00  0.00000000E+00  5.61426774E-01  1.00000005E-03  4.74493247E-03  1.20397285E-01
 -3.39900000E-01  2.11877000E+00 -1.18357475E+00  0.00000000E+00  5.61410312E-01  1.00000005E-03  4.76014593E-03  1.19768600E-01
 -3.39900000E-01  2.11900500E+00 -1.18297889E+00  0.00000000E+00  5.61393678E-01  1.00000005E-03  4.77537932E-03  1.19141285E-01
 -3.39900000E-01  2.11924000E+00 -1.18237971E+00  0.00000000E+00  5.61376867E-01  1.00000005E-03  4.79063250E-03  1.18515331E-01
 -3.39900000E-01  2.11947500E+00 -1.18177722E+00  0.00000000E+00  5.61359877E-01  1.00000005E-03  4.80590528E-03  1.17890729E-01
 -3.39900000E-01  2.11971000E+00 -1.18117139E+00  0.00000000E+00  5.61342703E-01  1.00000005E-03  4.82119753E-03  1.17267470E-01
 -3.39900000E-01  2.11994500E+00 -1.18056220E+00  0.00000000E+00  5.61325341E-01  1.00000005E-03  4.83650906E-03  1.16645546E-01
 -3.39900000E-01  2.12018000E+00 -1.17994963E+00  0.00000000E+00  5.61307787E-01  1.00000005E-03  4.85183972E-03  1.16024948E-01
 -3.39900000E-01  2.12041500E+00 -1.17933331E+00  0.00000000E+00  5.61292036E-01  1.00000005E-03  4.86718973E-03  1.15405667E-01
 -3.39900000E-01  2.12065000E+00 -1.17871295E+00  0.00000000E+00  5.61279505E-01  1.00000005E-03  4.88255941E-03  1.14787683E-01
 -3.39900000E-01  2.12088500E+00 -1.17808921E+00  0.00000000E+00  5.61266291E-01  1.00000005E-03  4.89794797E-03  1.14170978E-01
 -3.39900000E-01  2.12112000E+00 -1.17746206E+00  0.00000000E+00  5.61252406E-01  1.00000005E-03  4.91335530E-03  1.13555543E-01
 -3.39900000E-01  2.12135500E+00 -1.17683145E+00  0.00000000E+00  5.61237863E-01  1.00000005E-03  4.92878131E-03  1.12941366E-01
 -3.39900000E-01  2.12159000E+00 -1.17619734E+00  0.00000000E+00  5.61222675E-01  1.00000005E-03  4.94422588E-03  1.12328439E-01
 -3.39900000E-01  2.12182500E+00 -1.17555969E+00  0.00000000E+00  5.61206853E-01  1.00000005E-03  4.95968890E-03  1.11716751E-01
 -3.39900000E-01  2.12206000E+00 -1.17491845E+00  0.00000000E+00  5.61190411E-01  1.00000005E-03  4.97517028E-03  1.11106293E-01
 -3.39900000E-01  2.12229500E+00 -1.17427359E+00  0.00000000E+00  5.61173361E-01  1.00000005E-03  4.99066991E-03  1.10497056E-01
 -3.39900000E-01  2.12253000E+00 -1.17362507E+00  0.00000000E+00  5.61155714E-01  1.00000005E-03  5.00618767E-03  1.09889028E-01
 -3.39900000E-01  2.12276500E+00 -1.17297284E+00  0.00000000E+00  5.61137485E-01  1.00000005E-03  5.02172347E-03  1.09282201E-01
 -3.39900000E-01  2.12300000E+00 -1.17231686E+00  0.00000000E+00  5.61118685E-01  1.00000005E-03  5.03727719E-03  1.08676565E-01
 -3.39900000E-01  2.12323500E+00 -1.17165709E+00  0.00000000E+00  5.61099327E-01  1.00000005E-03  5.05284874E-03  1.08072110E-01
 -3.39900000E-01  2.12347000E+00 -1.17099349E+00  0.00000000E+00  5.61079424E-01  1.00000005E-03  5.06843800E-03  1.07468826E-01
 -3.39900000E-01  2.12370500E+00 -1.17032601E+00  0.00000000E+00  5.61058987E-01  1.00000005E-03  5.08404488E-03  1.06866703E-01
 -3.39900000E-01  2.12394000E+00 -1.16965462E+00  0.00000000E+00  5.61038029E-01  1.00000005E-03  5.09966925E-03  1.06265732E-01
 -3.39900000E-01  2.12417500E+00 -1.16897928E+00  0.00000000E+00  5.61016563E-01  1.00000005E-03  5.11531103E-03  1.05665903E-01
 -3.39900000E-01  2.12441000E+00 -1.16829994E+00  0.00000000E+00  5.60994601E-01  1.00000005E-03  5.13097009E-03  1.05067205E-01
 -3.39900000E-01  2.12464500E+00 -1.16761656E+00  0.00000000E+00  5.60972156E-01  1.00000005E-03  5.14664634E-03  1.04469630E-01
 -3.39900000E-01  2.12488000E+00 -1.16692910E+00  0.00000000E+00  5.60949241E-01  1.00000005E-03  5.16233967E-03  1.03873168E-01
 -3.39900000E-01  2.12511500E+00 -1.16623752E+00  0.00000000E+00  5.60925867E-01  1.00000005E-03  5.17804997E-03  1.03277807E-01
 -3.39900000E-01  2.12535000E+00 -1.16554177E+00  0.00000000E+00  5.60902047E-01  1.00000005E-03  5.19377713E-03  1.02683540E-01
 -3.39900000E-01  2.12558500E+00 -1.16484183E+00  0.00000000E+00  5.60877794E-01  1.00000005E-03  5.20952106E-03  1.02090356E-01
 -3.39900000E-01  2.12582000E+00 -1.16413763E+00  0.00000000E+00  5.60853121E-01  1.00000005E-03  5.22528165E-03  1.01498245E-01
 -3.39900000E-01  2.12605500E+00 -1.16342915E+00  0.00000000E+00  5.60828039E-01  1.00000005E-03  5.24105878E-03  1.00907198E-01
 -3.39900000E-01  2.12629000E+00 -1.16271634E+00  0.00000000E+00  5.60802561E-01  1.00000005E-03  5.25685235E-03  1.00317204E-01
 -3.39900000E-01  2.12652500E+00 -1.16199916E+00  0.00000000E+00  5.60776700E-01  1.00000005E-03  5.27266227E-03  9.97282540E-02
 -3.39900000E-01  2.12676000E+00 -1.16127757E+00  0.00000000E+00  5.60750468E-01  1.00000005E-03  5.28848841E-03  9.91403383E-02
 -3.39900000E-01  2.12699500E+00 -1.16055152E+00  0.00000000E+00  5.60723878E-01  1.00000005E-03  5.30433067E-03  9.85534470E-02
 -3.39900000E-01  2.12723000E+00 -1.15982098E+00  0.00000000E+00  5.60696941E-01  1.00000005E-03  5.32018896E-03  9.79675701E-02
 -3.39900000E-01  2.12746500E+00 -1.15908590E+00  0.00000000E+00  5.60669672E-01  1.00000005E-03  5.33606315E-03  9.73826981E-02
 -3.39900000E-01  2.12770000E+00 -1.15834625E+00  0.00000000E+00  5.60642082E-01  1.00000005E-03  5.35195316E-03  9.67988210E-02
 -3.39900000E-01  2.12793500E+00 -1.15760198E+00  0.00000000E+00  5.60614183E-01  1.00000005E-03  5.36785886E-03  9.62159291E-02
 -3.39900000E-01  2.12817000E+00 -1.15685305E+00  0.00000000E+00  5.60585988E-01  1.00000005E-03  5.38378016E-03  9.56340126E-02
 -3.39900000E-01  2.12840500E+00 -1.15609941E+00  0.00000000E+00  5.60557510E-01  1.00000005E-03  5.39971694E-03  9.50530617E-02
 -3.39900000E-01  2.12864000E+00 -1.15534103E+00  0.00000000E+00  5.60528762E-01  1.00000005E-03  5.41566911E-03  9.44730667E-02
 -3.39900000E-01  2.12887500E+00 -1.15457787E+00  0.00000000E+00  5.60499754E-01  1.00000005E-03  5.43163655E-03  9.38940177E-02
 -3.39900000E-01  2.12911000E+00 -1.15380988E+00  0.00000000E+00  5.60470501E-01  1.00000005E-03  5.44761916E-03  9.33159049E-02
 -3.39900000E-01  2.12934500E+00 -1.15303703E+00  0.00000000E+00  5.60441014E-01  1.00000005E-03  5.46361684E-03  9.27387186E-02
 -3.39900000E-01  2.12958000E+00 -1.15225926E+00  0.00000000E+00  5.60411307E-01  1.00000005E-03  5.47962947E-03  9.21624490E-02
 -3.39900000E-01  2.12981500E+00 -1.15147655E+00  0.00000000E+00  5.60381391E-01  1.00000005E-03  5.49565696E-03  9.15870863E-02
 -3.39900000E-01  2.13005000E+00 -1.15068884E+00  0.00000000E+00  5.60351279E-01  1.00000005E-03  5.51169919E-03  9.10126207E-02
 -3.39900000E-01  2.13028500E+00 -1.14989610E+00  0.00000000E+00  5.60320984E-01  1.00000005E-03  5.52775606E-03  9.04390424E-02
 -3.39900000E-01  2.13052000E+00 -1.14909828E+00  0.00000000E+00  5.60290517E-01  1.00000005E-03  5.54382746E-03  8.98663417E-02
 -3.39900000E-01  2.13075500E+00 -1.14829535E+00  0.00000000E+00  5.60259892E-01  1.00000005E-03  5.55991329E-03  8.92945087E-02
 -3.39900000E-01  2.13099000E+00 -1.14748726E+00  0.00000000E+00  5.60229121E-01  1.00000005E-03  5.57601345E-03  8.87235336E-02
 -3.39900000E-01  2.13122500E+00 -1.14667397E+00  0.00000000E+00  5.60198217E-01  1.00000005E-03  5.59212781E-03  8.81534067E-02
 -3.39900000E-01  2.13146000E+00 -1.14585545E+00  0.00000000E+00  5.60167192E-01  1.00000005E-03  5.60825629E-03  8.75841183E-02
 -3.39900000E-01  2.13169500E+00 -1.14503163E+00  0.00000000E+00  5.60136058E-01  1.00000005E-03  5.62439877E-03  8.70156584E-02
 -3.39900000E-01  2.13193000E+00 -1.14420250E+00  0.00000000E+00  5.60104828E-01  1.00000005E-03  5.64055514E-03  8.64480173E-02
 -3.39900000E-01  2.13216500E+00 -1.14336800E+00  0.00000000E+00  5.60073515E-01  1.00000005E-03  5.65672531E-03  8.58811852E-02
 -3.39900000E-01  2.13240000E+00 -1.14252809E+00  0.00000000E+00  5.60042130E-01  1.00000005E-03  5.67290916E-03  8.53151524E-02
 -3.39900000E-01  2.13263500E+00 -1.14168274E+00  0.00000000E+00  5.60010687E-01  1.00000005E-03  5.68910659E-03  8.47499090E-02
 -3.39900000E-01  2.13287000E+00 -1.14082872E+00  0.00000000E+00  5.59957202E-01  1.00000005E-03  5.70531824E-03  8.41854615E-02
 -3.39900000E-01  2.13310500E+00 -1.13996898E+00  0.00000000E+00  5.59902190E-01  1.00000005E-03  5.72154374E-03  8.36217860E-02
 -3.39900000E-01  2.13334000E+00 -1.13910391E+00  0.00000000E+00  5.59849125E-01  1.00000005E-03  5.73778291E-03  8.30588712E-02
 -3.39900000E-01  2.13357500E+00 -1.13823341E+00  0.00000000E+00  5.59797914E-01  1.00000005E-03  5.75403564E-03  8.24967083E-02
 -3.39900000E-01  2.13381000E+00 -1.13735735E+00  0.00000000E+00  5.59748464E-01  1.00000005E-03  5.77030184E-03  8.19352885E-02
 -3.39900000E-01  2.13404500E+00 -1.13647561E+00  0.00000000E+00  5.59700680E-01  1.00000005E-03  5.78658140E-03  8.13746031E-02
 -3.39900000E-01  2.13428000E+00 -1.13558807E+00  0.00000000E+00  5.59654468E-01  1.00000005E-03  5.80287423E-03  8.08146434E-02
 -3.39900000E-01  2.13451500E+00 -1.13469462E+00  0.00000000E+00  5.59609735E-01  1.00000005E-03  5.81918022E-03  8.02554004E-02
 -3.39900000E-01  2.13475000E+00 -1.13379514E+00  0.00000000E+00  5.59566387E-01  1.00000005E-03  5.83549929E-03  7.96968656E-02
 -3.39900000E-01  2.13498500E+00 -1.13288952E+00  0.00000000E+00  5.59524329E-01  1.00000005E-03  5.85183132E-03  7.91390300E-02
 -3.39900000E-01  2.13522000E+00 -1.13197762E+00  0.00000000E+00  5.59483469E-01  1.00000005E-03  5.86817622E-03  7.85818850E-02
 -3.39900000E-01  2.13545500E+00 -1.13105934E+00  0.00000000E+00  5.59443711E-01  1.00000005E-03  5.88453389E-03  7.80254218E-02
 -3.39900000E-01  2.13569000E+00 -1.13013455E+00  0.00000000E+00  5.59404963E-01  1.00000005E-03  5.90090423E-03  7.74696315E-02
 -3.39900000E-01  2.13592500E+00 -1.12920314E+00  0.00000000E+00  5.59367131E-01  1.00000005E-03  5.91728714E-03  7.69145055E-02
 -3.39900000E-01  2.13616000E+00 -1.12826499E+00  0.00000000E+00  5.59330120E-01  1.00000005E-03  5.93368253E-03  7.63600350E-02
 -3.39900000E-01  2.13639500E+00 -1.12731998E+00  0.00000000E+00  5.59293837E-01  1.00000005E-03  5.95009028E-03  7.58062112E-02
 -3.39900000E-01  2.13663000E+00 -1.12636800E+00  0.00000000E+00  5.59258187E-01  1.00000005E-03  5.96651030E-03  7.52530253E-02
 -3.39900000E-01  2.13686500E+00 -1.12540892E+00  0.00000000E+00  5.59223078E-01  1.00000005E-03  5.98294250E-03  7.47004686E-02
 -3.39900000E-01  2.13710000E+00 -1.12444262E+00  0.00000000E+00  5.59188415E-01  1.00000005E-03  5.99938677E-03  7.41485322E-02
 -3.39900000E-01  2.13733500E+00 -1.12346900E+00  0.00000000E+00  5.59154104E-01  1.00000005E-03  6.01584302E-03  7.35972075E-02
 -3.39900000E-01  2.13757000E+00 -1.12248792E+00  0.00000000E+00  5.59120051E-01  1.00000005E-03  6.03231114E-03  7.30464857E-02
 -3.39900000E-01  2.13780500E+00 -1.12149927E+00  0.00000000E+00  5.59086163E-01  1.00000005E-03  6.04879103E-03  7.24963580E-02
 -3.39900000E-01  2.13804000E+00 -1.12050294E+00  0.00000000E+00  5.59052346E-01  1.00000005E-03  6.06528260E-03  7.19468156E-02
 -3.39900000E-01  2.13827500E+00 -1.11949881E+00  0.00000000E+00  5.59018506E-01  1.00000005E-03  6.08178575E-03  7.13978497E-02
 -3.39900000E-01  2.13851000E+00 -1.11848675E+00  0.00000000E+00  5.58984548E-01  1.00000005E-03  6.09830037E-03  7.08494517E-02
 -3.39900000E-01  2.13874500E+00 -1.11746665E+00  0.00000000E+00  5.58950380E-01  1.00000005E-03  6.11482637E-03  7.03016127E-02
 -3.39900000E-01  2.13898000E+00 -1.11643839E+00  0.00000000E+00  5.58915907E-01  1.00000005E-03  6.13136364E-03  6.97543239E-02
 -3.39900000E-01  2.13921500E+00 -1.11540185E+00  0.00000000E+00  5.58881035E-01  1.00000005E-03  6.14791210E-03  6.92075766E-02
 -3.39900000E-01  2.13945000E+00 -1.11435692E+00  0.00000000E+00  5.58845671E-01  1.00000005E-03  6.16447163E-03  6.86613621E-02
 -3.39900000E-01  2.13968500E+00 -1.11330347E+00  0.00000000E+00  5.58809721E-01  1.00000005E-03  6.18104214E-03  6.81156715E-02
 -3.39900000E-01  2.13992000E+00 -1.11224139E+00  0.00000000E+00  5.58773090E-01  1.00000005E-03  6.19762353E-03  6.75704961E-02
 -3.39900000E-01  2.14015500E+00 -1.11117056E+00  0.00000000E+00  5.58735686E-01  1.00000005E-03  6.21421571E-03  6.70258272E-02
 -3.39900000E-01  2.14039000E+00 -1.11009086E+00  0.00000000E+00  5.58697413E-01  1.00000005E-03  6.23081856E-03  6.64816558E-02
 -3.39900000E-01  2.14062500E+00 -1.10900217E+00  0.00000000E+00  5.58658179E-01  1.00000005E-03  6.24743199E-03  6.59379734E-02
 -3.39900000E-01  2.14086000E+00 -1.10790438E+00  0.00000000E+00  5.58617889E-01  1.00000005E-03  6.26405591E-03  6.53947711E-02
 -3.39900000E-01  2.14109500E+00 -1.10679737E+00  0.00000000E+00  5.58576449E-01  1.00000005E-03  6.28069021E-03  6.48520401E-02
 -3.39900000E-01  2.14133000E+00 -1.10568101E+00  0.00000000E+00  5.58533766E-01  1.00000005E-03  6.29733479E-03  6.43097718E-02
 -3.39900000E-01  2.14156500E+00 -1.10455519E+00  0.00000000E+00  5.58489746E-01  1.00000005E-03  6.31398956E-03  6.37679572E-02
 -3.39900000E-01  2.14180000E+00 -1.10341980E+00  0.00000000E+00  5.58444295E-01  1.00000005E-03  6.33065441E-03  6.32265877E-02
 -3.39900000E-01  2.14203500E+00 -1.10227470E+00  0.00000000E+00  5.58397319E-01  1.00000005E-03  6.34732924E-03  6.26856545E-02
 -3.39900000E-01  2.14227000E+00 -1.10111980E+00  0.00000000E+00  5.58348724E-01  1.00000005E-03  6.36401396E-03  6.21451487E-02
 -3.39900000E-01  2.14250500E+00 -1.09995496E+00  0.00000000E+00  5.58298417E-01  1.00000005E-03  6.38070847E-03  6.16050618E-02
 -3.39900000E-01  2.14274000E+00 -1.09878007E+00  0.00000000E+00  5.58246303E-01  1.00000005E-03  6.39741266E-03  6.10653848E-02
 -3.39900000E-01  2.14297500E+00 -1.09759501E+00  0.00000000E+00  5.58192289E-01  1.00000005E-03  6.41412644E-03  6.05261090E-02
 -3.39900000E-01  2.14321000E+00 -1.09639966E+00  0.00000000E+00  5.58136280E-01  1.00000005E-03  6.43084971E-03  5.99872257E-02
 -3.39900000E-01  2.14344500E+00 -1.09519390E+00  0.00000000E+00  5.58078183E-01  1.00000005E-03  6.44758236E-03  5.94487260E-02
 -3.39900000E-01  2.14368000E+00 -1.09397763E+00  0.00000000E+00  5.58017905E-01  1.00000005E-03  6.46432430E-03  5.89106013E-02
 -3.39900000E-01  2.14391500E+00 -1.09275071E+00  0.00000000E+00  5.57955350E-01  1.00000005E-03  6.48107544E-03  5.83728427E-02
 -3.39900000E-01  2.14415000E+00 -1.09151303E+00  0.00000000E+00  5.57890426E-01  1.00000005E-03  6.49783566E-03  5.78354415E-02
 -3.39900000E-01  2.14438500E+00 -1.09026447E+00  0.00000000E+00  5.57823038E-01  1.00000005E-03  6.51460487E-03  5.72983889E-02
 -3.39900000E-01  2.14462000E+00 -1.08900491E+00  0.00000000E+00  5.57753093E-01  1.00000005E-03  6.53138297E-03  5.67616761E-02
 -3.39900000E-01  2.14485500E+00 -1.08773424E+00  0.00000000E+00  5.57680497E-01  1.00000005E-03  6.54816987E-03  5.62252944E-02
 -3.39900000E-01  2.14509000E+00 -1.08644241E+00  0.00000000E+00  5.57637679E-01  1.00000005E-03  6.56495100E-03  5.56892566E-02
 -3.39900000E-01  2.14532500E+00 -1.08512569E+00  0.00000000E+00  5.57643874E-01  1.00000005E-03  6.58172193E-03  5.51535680E-02
 -3.39900000E-01  2.14556000E+00 -1.08380063E+00  0.00000000E+00  5.57646412E-01  1.00000005E-03  6.59850737E-03  5.46181865E-02
 -3.39900000E-01  2.14579500E+00 -1.08246664E+00  0.00000000E+00  5.57645282E-01  1.00000005E-03  6.61530658E-03  5.40831044E-02
 -3.39900000E-01  2.14603000E+00 -1.08112314E+00  0.00000000E+00  5.57640472E-01  1.00000005E-03  6.63211885E-03  5.35483140E-02
 -3.39900000E-01  2.14626500E+00 -1.07976953E+00  0.00000000E+00  5.57631973E-01  1.00000005E-03  6.64894344E-03  5.30138079E-02
 -3.39900000E-01  2.14650000E+00 -1.07840521E+00  0.00000000E+00  5.57619771E-01  1.00000005E-03  6.66577963E-03  5.24795782E-02
 -3.39900000E-01  2.14673500E+00 -1.07702960E+00  0.00000000E+00  5.57603857E-01  1.00000005E-03  6.68262669E-03  5.19456174E-02
 -3.39900000E-01  2.14697000E+00 -1.07564209E+00  0.00000000E+00  5.57584220E-01  1.00000005E-03  6.69948389E-03  5.14119178E-02
 -3.39900000E-01  2.14720500E+00 -1.07424211E+00  0.00000000E+00  5.57560847E-01  1.00000005E-03  6.71635050E-03  5.08784719E-02
 -3.39900000E-01  2.14744000E+00 -1.07282904E+00  0.00000000E+00  5.57533729E-01  1.00000005E-03  6.73322580E-03  5.03452719E-02
 -3.39900000E-01  2.14767500E+00 -1.07140231E+00  0.00000000E+00  5.57502854E-01  1.00000005E-03  6.75010906E-03  4.98123103E-02
 -3.39900000E-01  2.14791000E+00 -1.06996132E+00  0.00000000E+00  5.57468210E-01  1.00000005E-03  6.76699955E-03  4.92795794E-02
 -3.39900000E-01  2.14814500E+00 -1.06850547E+00  0.00000000E+00  5.57429788E-01  1.00000005E-03  6.78389654E-03  4.87470716E-02
 -3.39900000E-01  2.14838000E+00 -1.06703417E+00  0.00000000E+00  5.57387575E-01  1.00000005E-03  6.80079931E-03  4.82147793E-02
 -3.39900000E-01  2.14861500E+00 -1.06554684E+00  0.00000000E+00  5.57341561E-01  1.00000005E-03  6.81770712E-03  4.76826947E-02
 -3.39900000E-01  2.14885000E+00 -1.06404287E+00  0.00000000E+00  5.57291735E-01  1.00000005E-03  6.83461926E-03  4.71508104E-02
 -3.39900000E-01  2.14908500E+00 -1.06252167E+00  0.00000000E+00  5.57238085E-01  1.00000005E-03  6.85153499E-03  4.66191186E-02
 -3.39900000E-01  2.14932000E+00 -1.06098265E+00  0.00000000E+00  5.57180600E-01  1.00000005E-03  6.86845359E-03  4.60876117E-02
 -3.39900000E-01  2.14955500E+00 -1.05942523E+00  0.00000000E+00  5.57119270E-01  1.00000005E-03  6.88537433E-03  4.55562821E-02
 -3.39900000E-01  2.14979000E+00 -1.05784879E+00  0.00000000E+00  5.57054083E-01  1.00000005E-03  6.90229647E-03  4.50251222E-02
 -3.39900000E-01  2.15002500E+00 -1.05625276E+00  0.00000000E+00  5.56985028E-01  1.00000005E-03  6.91921930E-03  4.44941242E-02
 -3.39900000E-01  2.15026000E+00 -1.05463654E+00  0.00000000E+00  5.56912094E-01  1.00000005E-03  6.93614209E-03  4.39632807E-02
 -3.39900000E-01  2.15049500E+00 -1.05299953E+00  0.00000000E+00  5.56835270E-01  1.00000005E-03  6.95306411E-03  4.34325840E-02
 -3.39900000E-01  2.15073000E+00 -1.05134115E+00  0.00000000E+00  5.56754545E-01  1.00000005E-03  6.96998462E-03  4.29020263E-02
 -3.39900000E-01  2.15096500E+00 -1.04966080E+00  0.00000000E+00  5.56669907E-01  1.00000005E-03  6.98690291E-03  4.23716002E-02
 -3.39900000E-01  2.15120000E+00 -1.04795788E+00  0.00000000E+00  5.56581347E-01  1.00000005E-03  7.00381825E-03  4.18412979E-02
 -3.39900000E-01  2.15143500E+00 -1.04623181E+00  0.00000000E+00  5.56488851E-01  1.00000005E-03  7.02072990E-03  4.13111119E-02
 -3.39900000E-01  2.15167000E+00 -1.04448199E+00  0.00000000E+00  5.56392411E-01  1.00000005E-03  7.03763714E-03  4.07810344E-02
 -3.39900000E-01  2.15190500E+00 -1.04270782E+00  0.00000000E+00  5.56292013E-01  1.00000005E-03  7.05453925E-03  4.02510579E-02
 -3.39900000E-01  2.15214000E+00 -1.04090873E+00  0.00000000E+00  5.56187648E-01  1.00000005E-03  7.07143549E-03  3.97211747E-02
 -3.39900000E-01  2.15237500E+00 -1.03908410E+00  0.00000000E+00  5.56079304E-01  1.00000005E-03  7.08832514E-03  3.91913773E-02
 -3.39900000E-01  2.15261000E+00 -1.03723336E+00  0.00000000E+00  5.55966970E-01  1.00000005E-03  7.10520748E-03  3.86616579E-02
 -3.39900000E-01  2.15284500E+00 -1.03535590E+00  0.00000000E+00  5.55850635E-01  1.00000005E-03  7.12208176E-03  3.81320089E-02
 -3.39900000E-01  2.15308000E+00 -1.03345113E+00  0.00000000E+00  5.55730289E-01  1.00000005E-03  7.13894727E-03  3.76024227E-02
 -3.39900000E-01  2.15331500E+00 -1.03151847E+00  0.00000000E+00  5.55605918E-01  1.00000005E-03  7.15580328E-03  3.70728917E-02
 -3.39900000E-01  2.15355000E+00 -1.02955731E+00  0.00000000E+00  5.55477514E-01  1.00000005E-03  7.17264906E-03  3.65434083E-02
 -3.39900000E-01  2.15378500E+00 -1.02756707E+00  0.00000000E+00  5.55345064E-01  1.00000005E-03  7.18948388E-03  3.60139647E-02
 -3.39900000E-01  2.15402000E+00 -1.02554715E+00  0.00000000E+00  5.55208558E-01  1.00000005E-03  7.20630702E-03  3.54845534E-02
 -3.39900000E-01  2.15425500E+00 -1.02349696E+00  0.00000000E+00  5.55067984E-01  1.00000005E-03  7.22311774E-03  3.49551668E-02
 -3.39900000E-01  2.15449000E+00 -1.02141591E+00  0.00000000E+00  5.54923332E-01  1.00000005E-03  7.23991533E-03  3.44257971E-02
 -3.39900000E-01  2.15472500E+00 -1.01930339E+00  0.00000000E+00  5.54774590E-01  1.00000005E-03  7.25669905E-03  3.38964368E-02
 -3.39900000E-01  2.15496000E+00 -1.01715883E+00  0.00000000E+00  5.54621747E-01  1.00000005E-03  7.27346817E-03  3.33670783E-02
 -3.39900000E-01  2.15519500E+00 -1.01498163E+00  0.00000000E+00  5.54464792E-01  1.00000005E-03  7.29022198E-03  3.28377139E-02
 -3.39900000E-01  2.15543000E+00 -1.01277119E+00  0.00000000E+00  5.54303714E-01  1.00000005E-03  7.30695973E-03  3.23083359E-02
 -3.39900000E-01  2.15566500E+00 -1.01052692E+00  0.00000000E+00  5.54138502E-01  1.00000005E-03  7.32368070E-03  3.17789368E-02
 -3.39900000E-01  2.15590000E+00 -1.00824823E+00  0.00000000E+00  5.53969145E-01  1.00000005E-03  7.34038417E-03  3.12495089E-02
 -3.39900000E-01  2.15613500E+00 -1.00593452E+00  0.00000000E+00  5.53795632E-01  1.00000005E-03  7.35706941E-03  3.07200446E-02
 -3.39900000E-01  2.15637000E+00 -1.00358521E+00  0.00000000E+00  5.53617951E-01  1.00000005E-03  7.37373569E-03  3.01905362E-02
 -3.39900000E-01  2.15660500E+00 -1.00119970E+00  0.00000000E+00  5.53436091E-01  1.00000005E-03  7.39038228E-03  2.96609761E-02
 -3.39900000E-01  2.15684000E+00 -9.98777392E-01  0.00000000E+00  5.53250042E-01  1.00000005E-03  7.40700846E-03  2.91313568E-02
 -3.39900000E-01  2.15707500E+00 -9.96317700E-01  0.00000000E+00  5.53059793E-01  1.00000005E-03  7.42361349E-03  2.86016704E-02
 -3.39900000E-01  2.15731000E+00 -9.93820028E-01  0.00000000E+00  5.52865332E-01  1.00000005E-03  7.44019666E-03  2.80719095E-02
 -3.39900000E-01  2.15754500E+00 -9.88956637E-01  0.00000000E+00  5.52192983E-01  1.00000005E-03  7.42894627E-03  2.75447065E-02
 -3.39900000E-01  2.15778000E+00 -9.75577226E-01  0.00000000E+00  5.49731676E-01  1.00000005E-03  7.31640040E-03  2.70270271E-02
 -3.39900000E-01  2.15801500E+00 -9.64322637E-01  0.00000000E+00  5.47613616E-01  1.00000005E-03  7.22978321E-03  2.65067878E-02
 -3.39900000E-01  2.15825000E+00 -9.55055939E-01  0.00000000E+00  5.45820010E-01  1.00000005E-03  7.16750701E-03  2.59841346E-02
 -3.39900000E-01  2.15848500E+00 -9.47640201E-01  0.00000000E+00  5.44332067E-01  1.00000005E-03  7.12798408E-03  2.54592135E-02
 -3.39900000E-01  2.15872000E+00 -9.41938491E-01  0.00000000E+00  5.43130993E-01  1.00000005E-03  7.10962670E-03  2.49321704E-02
 -3.39900000E-01  2.15895500E+00 -9.37813878E-01  0.00000000E+00  5.42197996E-01  1.00000005E-03  7.11084717E-03  2.44031513E-02
 -3.39900000E-01  2.15919000E+00 -9.35129429E-01  0.00000000E+00  5.41514282E-01  1.00000005E-03  7.13005776E-03  2.38723023E-02
 -3.39900000E-01  2.15942500E+00 -9.33748213E-01  0.00000000E+00  5.41061059E-01  1.00000005E-03  7.16567078E-03  2.33397693E-02
 -3.39900000E-01  2.15966000E+00 -9.33533299E-01  0.00000000E+00  5.40819535E-01  1.00000005E-03  7.21609850E-03  2.28056983E-02
 -3.39900000E-01  2.15989500E+00 -9.34347754E-01  0.00000000E+00  5.40770916E-01  1.00000005E-03  7.27975322E-03  2.22702353E-02
 -3.39900000E-01  2.16013000E+00 -9.36054648E-01  0.00000000E+00  5.40896410E-01  1.00000005E-03  7.35504722E-03  2.17335263E-02
 -3.39900000E-01  2.16036500E+00 -9.38517049E-01  0.00000000E+00  5.41177224E-01  1.00000005E-03  7.44039278E-03  2.11957172E-02
 -3.39900000E-01  2.16060000E+00 -9.41598024E-01  0.00000000E+00  5.41594566E-01  1.00000005E-03  7.53420221E-03  2.06569541E-02
 -3.39900000E-01  2.16083500E+00 -9.45160643E-01  0.00000000E+00  5.42129642E-01  1.00000005E-03  7.63488778E-03  2.01173829E-02
 -3.39900000E-01  2.16107000E+00 -9.49067973E-01  0.00000000E+00  5.42763660E-01  1.00000005E-03  7.74086178E-03  1.95771496E-02
 -3.39900000E-01  2.16130500E+00 -9.53183084E-01  0.00000000E+00  5.43477827E-01  1.00000005E-03  7.85053651E-03  1.90364003E-02
 -3.39900000E-01  2.16154000E+00 -9.57369043E-01  0.00000000E+00  5.44253350E-01  1.00000005E-03  7.96232424E-03  1.84952808E-02
 -3.39900000E-01  2.16177500E+00 -9.61488919E-01  0.00000000E+00  5.45071437E-01  1.00000005E-03  8.07463727E-03  1.79539372E-02
 -3.39900000E-01  2.16201000E+00 -9.65405780E-01  0.00000000E+00  5.45913295E-01  1.00000005E-03  8.18588788E-03  1.74125155E-02
 -3.39900000E-01  2.16224500E+00 -9.68982695E-01  0.00000000E+00  5.46760132E-01  1.00000005E-03  8.29448836E-03  1.68711616E-02
 -3.39900000E-01  2.16248000E+00 -9.72082732E-01  0.00000000E+00  5.47593153E-01  1.00000005E-03  8.39885100E-03  1.63300216E-02
 -3.39900000E-01  2.16271500E+00 -9.74568959E-01  0.00000000E+00  5.48393568E-01  1.00000005E-03  8.49738808E-03  1.57892414E-02
 -3.39900000E-01  2.16295000E+00 -9.76304444E-01  0.00000000E+00  5.49142582E-01  1.00000005E-03  8.58851190E-03  1.52489670E-02
 -3.39900000E-01  2.16318500E+00 -9.77152257E-01  0.00000000E+00  5.49821404E-01  1.00000005E-03  8.67063475E-03  1.47093444E-02
 -3.39900000E-01  2.16342000E+00 -9.76975466E-01  0.00000000E+00  5.50411240E-01  1.00000005E-03  8.74216890E-03  1.41705196E-02
 -3.39900000E-01  2.16365500E+00 -9.75637138E-01  0.00000000E+00  5.50893298E-01  1.00000005E-03  8.80152665E-03  1.36326385E-02
 -3.39900000E-01  2.16389000E+00 -9.73000342E-01  0.00000000E+00  5.51248785E-01  1.00000005E-03  8.84712028E-03  1.30958472E-02
 -3.39900000E-01  2.16412500E+00 -9.68928147E-01  0.00000000E+00  5.51458909E-01  1.00000005E-03  8.87736208E-03  1.25602917E-02
 -3.39900000E-01  2.16436000E+00 -9.63283621E-01  0.00000000E+00  5.51504876E-01  1.00000005E-03  8.89066435E-03  1.20261179E-02
 -3.39900000E-01  2.16459500E+00 -9.55929832E-01  0.00000000E+00  5.51367893E-01  1.00000005E-03  8.88543936E-03  1.14934718E-02
 -3.39900000E-01  2.16483000E+00 -9.46729849E-01  0.00000000E+00  5.51029169E-01  1.00000005E-03  8.86009941E-03  1.09624994E-02
 -3.39900000E-01  2.16506500E+00 -9.35546740E-01  0.00000000E+00  5.50469910E-01  1.00000005E-03  8.81305678E-03  1.04333467E-02
 -3.39900000E-01  2.16530000E+00 -9.22243573E-01  0.00000000E+00  5.49671324E-01  1.00000005E-03  8.74272376E-03  9.90615972E-03
 -3.39900000E-01  2.16553500E+00 -9.06683417E-01  0.00000000E+00  5.48614618E-01  1.00000005E-03  8.64751265E-03  9.38108437E-03
 -3.39900000E-01  2.16577000E+00 -8.88729341E-01  0.00000000E+00  5.47280999E-01  1.00000005E-03  8.52583571E-03  8.85826667E-03
 -3.39900000E-01  2.16600500E+00 -8.68244411E-01  0.00000000E+00  5.45651674E-01  1.00000005E-03  8.37610525E-03  8.33785260E-03
 -3.39900000E-01  2.16624000E+00 -8.45091698E-01  0.00000000E+00  5.43707851E-01  1.00000005E-03  8.19673355E-03  7.81998815E-03
 -3.39900000E-01  2.16647500E+00 -8.19134269E-01  0.00000000E+00  5.41430737E-01  1.00000005E-03  7.98613290E-03  7.30481932E-03
 -3.39900000E-01  2.16671000E+00 -7.90235193E-01  0.00000000E+00  5.38801539E-01  1.00000005E-03  7.74271559E-03  6.79249208E-03
 -3.39900000E-01  2.16694500E+00 -7.58257538E-01  0.00000000E+00  5.35801465E-01  1.00000005E-03  7.46489390E-03  6.28315242E-03
 -3.39900000E-01  2.16718000E+00 -7.23064372E-01  0.00000000E+00  5.32411721E-01  1.00000005E-03  7.15108013E-03  5.77694633E-03
 -3.39900000E-01  2.16741500E+00 -6.84518764E-01  0.00000000E+00  5.28613515E-01  1.00000005E-03  6.79968655E-03  5.27401980E-03
 -3.39900000E-01  2.16765000E+00 -6.42483783E-01  0.00000000E+00  5.24388055E-01  1.00000005E-03  6.40912546E-03  4.77451881E-03
 -3.39900000E-01  2.16788500E+00 -5.96822495E-01  0.00000000E+00  5.19716547E-01  1.00000005E-03  5.97780915E-03  4.27858934E-03
 -3.39900000E-01  2.16812000E+00 -5.47397971E-01  0.00000000E+00  5.14580198E-01  1.00000005E-03  5.50414990E-03  3.78637739E-03
 -3.39900000E-01  2.16835500E+00 -4.94073278E-01  0.00000000E+00  5.08960217E-01  1.00000005E-03  4.98655999E-03  3.29802894E-03
 -3.39900000E-01  2.16859000E+00 -4.36711484E-01  0.00000000E+00  5.02837811E-01  1.00000005E-03  4.42345173E-03  2.81368998E-03
 -3.39900000E-01  2.16882500E+00 -3.75175659E-01  0.00000000E+00  4.96194185E-01  1.00000005E-03  3.81323739E-03  2.33350649E-03
 -3.39900000E-01  2.16906000E+00 -3.09328870E-01  0.00000000E+00  4.89010549E-01  1.00000005E-03  3.15432927E-03  1.85762447E-03
 -3.39900000E-01  2.16929500E+00 -2.39034186E-01  0.00000000E+00  4.81268109E-01  1.00000005E-03  2.44513965E-03  1.38618989E-03
 -3.39900000E-01  2.16953000E+00 -1.64154675E-01  0.00000000E+00  4.72948072E-01  1.00000005E-03  1.68408081E-03  9.19348737E-04
 -3.39900000E-01  2.16976500E+00 -8.45534054E-02  0.00000000E+00  4.64031645E-01  1.00000005E-03  8.69565057E-04  4.57247009E-04
 -3.39900000E-01  2.17000000E+00 -9.34457382E-05  0.00000000E+00  4.54500037E-01  1.00000005E-03  4.66343407E-09  3.06867786E-08
