               X               Y            VELX            VELY            PRES            TEMP            PS 1            PS 2            PS 3  1.00000000E+02
  0.00000000E+00  1.00000000E+00  0.00000000E+00  0.00000000E+00  3.19257620E-08  4.62126104E+02  0.00000000E+00  0.00000000E+00  0.00000000E+00
  0.00000000E+00  9.99900000E-01  1.01788523E-02 -5.05394344E-10  3.19001492E-08  4.57118879E+02  6.65844461E-06 -1.81149825E-06 -3.04158256E-04
  0.00000000E+00  9.99800000E-01  2.03179059E-02 -1.06729576E-09  3.18881010E-08  4.52127526E+02  8.20261986E-06  1.13172830E-05 -2.94216768E-04
  0.00000000E+00  9.99700000E-01  3.04379103E-02 -1.66419261E-09  3.18852077E-08  4.47141849E+02  6.88481059E-06  3.88474905E-05 -1.62336016E-04
  0.00000000E+00  9.99600000E-01  4.05539867E-02 -2.27890651E-09  3.18879878E-08  4.42154644E+02  4.68089438E-06  8.01654011E-05 -2.54935011E-05
  0.00000000E+00  9.99500000E-01  5.06762494E-02 -2.89805098E-09  3.18937639E-08  4.37161363E+02  3.30826167E-06  1.34597540E-04  6.42339057E-05
  0.00000000E+00  9.99400000E-01  6.08103900E-02 -3.51152976E-09  3.19005486E-08  4.32159789E+02  4.24312126E-06  2.01424610E-04  1.10119491E-04
  0.00000000E+00  9.99300000E-01  7.09582258E-02 -4.11207334E-09  3.19069397E-08  4.27149735E+02  8.73720866E-06  2.79894275E-04  1.61942140E-04
  0.00000000E+00  9.99200000E-01  8.11182135E-02 -4.69481213E-09  3.19120249E-08  4.22132759E+02  1.78339121E-05  3.69232830E-04  3.07822687E-04
  0.00000000E+00  9.99100000E-01  9.12859287E-02 -5.25688506E-09  3.19152944E-08  4.17111910E+02  3.23838290E-05  4.68655817E-04  6.66716930E-04
  0.00000000E+00  9.99000000E-01  1.01454513E-01 -5.79708213E-09  3.19165626E-08  4.12091474E+02  5.30597643E-05  5.77377599E-04  1.38154163E-03
  0.00000000E+00  9.98900000E-01  1.11615088E-01 -6.31551960E-09  3.19158973E-08  4.07076755E+02  8.03711803E-05  6.94619953E-04  2.61291031E-03
  0.00000000E+00  9.98800000E-01  1.21757143E-01 -6.81334656E-09  3.19135567E-08  4.02073861E+02  1.14678106E-04  8.19619707E-04  4.53345605E-03
  0.00000000E+00  9.98700000E-01  1.31868888E-01 -7.29248156E-09  3.19099335E-08  3.97089515E+02  1.56204512E-04  9.51635469E-04  7.32271860E-03
  0.00000000E+00  9.98600000E-01  1.41937577E-01 -7.75537800E-09  3.19055063E-08  3.92130880E+02  2.05051163E-04  1.08995347E-03  1.11625736E-02
  0.00000000E+00  9.98500000E-01  1.51949814E-01 -8.20481703E-09  3.19007967E-08  3.87205394E+02  2.61207944E-04  1.23389259E-03  1.62331814E-02
  0.00000000E+00  9.98400000E-01  1.61891816E-01 -8.64372669E-09  3.18963338E-08  3.82320629E+02  3.24565677E-04  1.38280856E-03  2.27094338E-02
  0.00000000E+00  9.98300000E-01  1.71749667E-01 -9.07502602E-09  3.18926240E-08  3.77484158E+02  3.94927417E-04  1.53609739E-03  3.07578753E-02
  0.00000000E+00  9.98200000E-01  1.81509532E-01 -9.50149292E-09  3.18901257E-08  3.72703437E+02  4.72019256E-04  1.69319817E-03  4.05340793E-02
  0.00000000E+00  9.98100000E-01  1.91157861E-01 -9.92565446E-09  3.18892305E-08  3.67985707E+02  5.55500609E-04  1.85359502E-03  5.21804537E-02
  0.00000000E+00  9.98000000E-01  2.00681555E-01 -1.03496983E-08  3.18902482E-08  3.63337895E+02  6.44974013E-04  2.01681856E-03  6.58244563E-02
  0.00000000E+00  9.97900000E-01  2.10068127E-01 -1.07754043E-08  3.18933970E-08  3.58766543E+02  7.39994425E-04  2.18244665E-03  8.15771978E-02
  0.00000000E+00  9.97800000E-01  2.19305825E-01 -1.12040943E-08  3.18987971E-08  3.54277737E+02  8.40078030E-04  2.35010463E-03  9.95324077E-02
  0.00000000E+00  9.97700000E-01  2.28383748E-01 -1.16366001E-08  3.19064693E-08  3.49877054E+02  9.44710567E-04  2.51946501E-03  1.19765744E-01
  0.00000000E+00  9.97600000E-01  2.37291937E-01 -1.20732468E-08  3.19163357E-08  3.45569516E+02  1.05335516E-03  2.69024665E-03  1.42334423E-01
  0.00000000E+00  9.97500000E-01  2.46021445E-01 -1.25138515E-08  3.19282245E-08  3.41359554E+02  1.16545968E-03  2.86221351E-03  1.67277145E-01
  0.00000000E+00  9.97400000E-01  2.54564398E-01 -1.29577357E-08  3.19418774E-08  3.37250986E+02  1.28046363E-03  3.03517298E-03  1.94614297E-01
  0.00000000E+00  9.97300000E-01  2.62914032E-01 -1.34037493E-08  3.19569592E-08  3.33247000E+02  1.39780455E-03  3.20897382E-03  2.24348411E-01
  0.00000000E+00  9.97200000E-01  2.71064716E-01 -1.38503070E-08  3.19730697E-08  3.29350143E+02  1.51692397E-03  3.38350379E-03  2.56464845E-01
  0.00000000E+00  9.97100000E-01  2.79011968E-01 -1.42954333E-08  3.19897575E-08  3.25562325E+02  1.63727286E-03  3.55868697E-03  2.90932683E-01
  0.00000000E+00  9.97000000E-01  2.86752444E-01 -1.47368167E-08  3.20065349E-08  3.21884825E+02  1.75831669E-03  3.73448081E-03  3.27705811E-01
  0.00000000E+00  9.96900000E-01  2.94283929E-01 -1.51718711E-08  3.20228940E-08  3.18318304E+02  1.87953995E-03  3.91087298E-03  3.66724163E-01
  0.00000000E+00  9.96800000E-01  3.01605307E-01 -1.55978030E-08  3.20383237E-08  3.14862825E+02  2.00045031E-03  4.08787804E-03  4.07915108E-01
  0.00000000E+00  9.96700000E-01  3.08716520E-01 -1.60116840E-08  3.20523268E-08  3.11517884E+02  2.12058221E-03  4.26553395E-03  4.51194949E-01
  0.00000000E+00  9.96600000E-01  3.15618528E-01 -1.64105261E-08  3.20644376E-08  3.08282432E+02  2.23950015E-03  4.44389849E-03  4.96470528E-01
  0.00000000E+00  9.96500000E-01  3.22313245E-01 -1.67913600E-08  3.20742384E-08  3.05154920E+02  2.35680145E-03  4.62304565E-03  5.43640900E-01
  0.00000000E+00  9.96400000E-01  3.28803483E-01 -1.71513136E-08  3.20813765E-08  3.02133329E+02  2.47211858E-03  4.80306192E-03  5.92599056E-01
  0.00000000E+00  9.96300000E-01  3.35092874E-01 -1.74876909E-08  3.20855790E-08  2.99215222E+02  2.58512108E-03  4.98404268E-03  6.43233684E-01
  0.00000000E+00  9.96200000E-01  3.41185802E-01 -1.77980487E-08  3.20866672E-08  2.96397782E+02  2.69551706E-03  5.16608859E-03  6.95430931E-01
  0.00000000E+00  9.96100000E-01  3.47087316E-01 -1.80802712E-08  3.20845689E-08  2.93677863E+02  2.80305427E-03  5.34930209E-03  7.49076147E-01
  0.00000000E+00  9.96000000E-01  3.52803046E-01 -1.83326402E-08  3.20793288E-08  2.91052042E+02  2.90752074E-03  5.53378404E-03  8.04055603E-01
  0.00000000E+00  9.95900000E-01  3.58339121E-01 -1.85538994E-08  3.20711162E-08  2.88516664E+02  3.00874504E-03  5.71963052E-03  8.60258137E-01
  0.00000000E+00  9.95800000E-01  3.63702072E-01 -1.87433133E-08  3.20602310E-08  2.86067898E+02  3.10659607E-03  5.90692984E-03  9.17576728E-01
  0.00000000E+00  9.95700000E-01  3.68898747E-01 -1.89007172E-08  3.20471053E-08  2.83701787E+02  3.20098251E-03  6.09575983E-03  9.75909960E-01
  0.00000000E+00  9.95600000E-01  3.73936220E-01 -1.90265583E-08  3.20323026E-08  2.81414298E+02  3.29185187E-03  6.28618535E-03  1.03516336E+00
  0.00000000E+00  9.95500000E-01  3.78821699E-01 -1.91219272E-08  3.20165130E-08  2.79201373E+02  3.37918906E-03  6.47825623E-03  1.09525060E+00
  0.00000000E+00  9.95400000E-01  3.83562441E-01 -1.91885763E-08  3.20005439E-08  2.77058976E+02  3.46301467E-03  6.67200545E-03  1.15609448E+00
  0.00000000E+00  9.95300000E-01  3.88165667E-01 -1.92289266E-08  3.19853073E-08  2.74983139E+02  3.54338278E-03  6.86744786E-03  1.21762783E+00
  0.00000000E+00  9.95200000E-01  3.92638480E-01 -1.92460598E-08  3.19718011E-08  2.72970009E+02  3.62037847E-03  7.06457922E-03  1.27979403E+00
  0.00000000E+00  9.95100000E-01  3.96987792E-01 -1.92436946E-08  3.19610863E-08  2.71015880E+02  3.69411487E-03  7.26337585E-03  1.34254747E+00
  0.00000000E+00  9.95000000E-01  4.01220249E-01 -1.92261470E-08  3.19542580E-08  2.69117239E+02  3.76472986E-03  7.46379465E-03  1.40585358E+00
  0.00000000E+00  9.94900000E-01  4.05342173E-01 -1.91982718E-08  3.19524112E-08  2.67270788E+02  3.83238243E-03  7.66577385E-03  1.46968874E+00
  0.00000000E+00  9.94800000E-01  4.09359502E-01 -1.91653858E-08  3.19566001E-08  2.65473481E+02  3.89724863E-03  7.86923423E-03  1.53403975E+00
  0.00000000E+00  9.94700000E-01  4.13277744E-01 -1.91331697E-08  3.19677912E-08  2.63722535E+02  3.95951719E-03  8.07408103E-03  1.59890309E+00
  0.00000000E+00  9.94600000E-01  4.17101939E-01 -1.91075482E-08  3.19868090E-08  2.62015453E+02  4.01938473E-03  8.28020659E-03  1.66428368E+00
  0.00000000E+00  9.94500000E-01  4.20836635E-01 -1.90945478E-08  3.20142754E-08  2.60350028E+02  4.07705067E-03  8.48749357E-03  1.73019345E+00
  0.00000000E+00  9.94400000E-01  4.24485865E-01 -1.91001297E-08  3.20505409E-08  2.58724349E+02  4.13271178E-03  8.69581911E-03  1.79664938E+00
  0.00000000E+00  9.94300000E-01  4.28053153E-01 -1.91299967E-08  3.20956080E-08  2.57136789E+02  4.18655632E-03  8.90505962E-03  1.86367118E+00
  0.00000000E+00  9.94200000E-01  4.31541516E-01 -1.91893747E-08  3.21490470E-08  2.55585994E+02  4.23875796E-03  9.11509650E-03  1.93127852E+00
  0.00000000E+00  9.94100000E-01  4.34953494E-01 -1.92827644E-08  3.22099025E-08  2.54070861E+02  4.28946920E-03  9.32582273E-03  1.99948778E+00
  0.00000000E+00  9.94000000E-01  4.38291185E-01 -1.94136651E-08  3.22765916E-08  2.52590500E+02  4.33881460E-03  9.53715033E-03  2.06830837E+00
  0.00000000E+00  9.93900000E-01  4.41556307E-01 -1.95842669E-08  3.23467926E-08  2.51144198E+02  4.38688364E-03  9.74901883E-03  2.13773851E+00
  0.00000000E+00  9.93800000E-01  4.44750267E-01 -1.97951116E-08  3.24173244E-08  2.49731358E+02  4.43372316E-03  9.96140463E-03  2.20776047E+00
  0.00000000E+00  9.93700000E-01  4.47874253E-01 -2.00447204E-08  3.24840155E-08  2.48351443E+02  4.47932966E-03  1.01743315E-02  2.27833526E+00
  0.00000000E+00  9.93600000E-01  4.50929344E-01 -2.03291874E-08  3.25415636E-08  2.47003893E+02  4.52364108E-03  1.03878822E-02  2.34939682E+00
  0.00000000E+00  9.93500000E-01  4.53916644E-01 -2.06417375E-08  3.25833840E-08  2.45688040E+02  4.56652846E-03  1.06022109E-02  2.42084551E+00
  0.00000000E+00  9.93400000E-01  4.56837430E-01 -2.09722472E-08  3.26014474E-08  2.44403008E+02  4.60778716E-03  1.08175570E-02  2.49254108E+00
  0.00000000E+00  9.93300000E-01  4.59693328E-01 -2.13067280E-08  3.25861063E-08  2.43147597E+02  4.64712783E-03  1.10342603E-02  2.56429494E+00
  0.00000000E+00  9.93200000E-01  4.62486508E-01 -2.16267702E-08  3.25259101E-08  2.41920156E+02  4.68416707E-03  1.12527769E-02  2.63586179E+00
  0.00000000E+00  9.93100000E-01  4.65219904E-01 -2.19089462E-08  3.24074083E-08  2.40718441E+02  4.71841783E-03  1.14736968E-02  2.70693060E+00
  0.00000000E+00  9.93000000E-01  4.67910935E-01 -2.20834488E-08  3.23941899E-08  2.39537032E+02  4.75321241E-03  1.16935666E-02  2.77913071E+00
  0.00000000E+00  9.92900000E-01  4.70552435E-01 -2.22510335E-08  3.23941533E-08  2.38378345E+02  4.78716366E-03  1.19138911E-02  2.85173712E+00
  0.00000000E+00  9.92800000E-01  4.73144792E-01 -2.24182128E-08  3.23933401E-08  2.37241962E+02  4.82004457E-03  1.21349352E-02  2.92460389E+00
  0.00000000E+00  9.92700000E-01  4.75689534E-01 -2.25841299E-08  3.23916698E-08  2.36127166E+02  4.85189759E-03  1.23566768E-02  2.99772265E+00
  0.00000000E+00  9.92600000E-01  4.78188135E-01 -2.27480263E-08  3.23890790E-08  2.35033266E+02  4.88276344E-03  1.25790948E-02  3.07108530E+00
  0.00000000E+00  9.92500000E-01  4.80642016E-01 -2.29092358E-08  3.23855204E-08  2.33959596E+02  4.91268112E-03  1.28021688E-02  3.14468404E+00
  0.00000000E+00  9.92400000E-01  4.83052547E-01 -2.30671784E-08  3.23809616E-08  2.32905517E+02  4.94168798E-03  1.30258794E-02  3.21851130E+00
  0.00000000E+00  9.92300000E-01  4.85421048E-01 -2.32213546E-08  3.23753831E-08  2.31870412E+02  4.96981982E-03  1.32502078E-02  3.29255980E+00
  0.00000000E+00  9.92200000E-01  4.87748792E-01 -2.33713405E-08  3.23687774E-08  2.30853686E+02  4.99711090E-03  1.34751363E-02  3.36682251E+00
  0.00000000E+00  9.92100000E-01  4.90037003E-01 -2.35167817E-08  3.23611477E-08  2.29854768E+02  5.02359402E-03  1.37006474E-02  3.44129264E+00
  0.00000000E+00  9.92000000E-01  4.92286864E-01 -2.36573890E-08  3.23525068E-08  2.28873107E+02  5.04930058E-03  1.39267248E-02  3.51596362E+00
  0.00000000E+00  9.91900000E-01  4.94499511E-01 -2.37929332E-08  3.23428756E-08  2.27908176E+02  5.07426062E-03  1.41533527E-02  3.59082914E+00
  0.00000000E+00  9.91800000E-01  4.96676041E-01 -2.39232402E-08  3.23322827E-08  2.26959464E+02  5.09850287E-03  1.43805157E-02  3.66588310E+00
  0.00000000E+00  9.91700000E-01  4.98817510E-01 -2.40481870E-08  3.23207626E-08  2.26026481E+02  5.12205484E-03  1.46081994E-02  3.74111959E+00
  0.00000000E+00  9.91600000E-01  5.00924934E-01 -2.41676974E-08  3.23083554E-08  2.25108755E+02  5.14494280E-03  1.48363898E-02  3.81653295E+00
  0.00000000E+00  9.91500000E-01  5.02999292E-01 -2.42817373E-08  3.22951058E-08  2.24205835E+02  5.16719189E-03  1.50650734E-02  3.89211769E+00
  0.00000000E+00  9.91400000E-01  5.05041528E-01 -2.43903115E-08  3.22810617E-08  2.23317282E+02  5.18882614E-03  1.52942374E-02  3.96786852E+00
  0.00000000E+00  9.91300000E-01  5.07052550E-01 -2.44934595E-08  3.22662744E-08  2.22442677E+02  5.20986854E-03  1.55238693E-02  4.04378036E+00
  0.00000000E+00  9.91200000E-01  5.09033232E-01 -2.45912522E-08  3.22507969E-08  2.21581617E+02  5.23034102E-03  1.57539573E-02  4.11984828E+00
  0.00000000E+00  9.91100000E-01  5.10984416E-01 -2.46837881E-08  3.22346838E-08  2.20733714E+02  5.25026458E-03  1.59844899E-02  4.19606754E+00
  0.00000000E+00  9.91000000E-01  5.12906914E-01 -2.47711908E-08  3.22179905E-08  2.19898594E+02  5.26965926E-03  1.62154562E-02  4.27243357E+00
  0.00000000E+00  9.90900000E-01  5.14801507E-01 -2.48536051E-08  3.22007727E-08  2.19075897E+02  5.28854422E-03  1.64468455E-02  4.34894196E+00
  0.00000000E+00  9.90800000E-01  5.16668948E-01 -2.49311945E-08  3.21830856E-08  2.18265279E+02  5.30693778E-03  1.66786478E-02  4.42558845E+00
  0.00000000E+00  9.90700000E-01  5.18509960E-01 -2.50041387E-08  3.21649837E-08  2.17466407E+02  5.32485741E-03  1.69108532E-02  4.50236895E+00
  0.00000000E+00  9.90600000E-01  5.20325242E-01 -2.50726305E-08  3.21465203E-08  2.16678962E+02  5.34231985E-03  1.71434522E-02  4.57927951E+00
  0.00000000E+00  9.90500000E-01  5.22115466E-01 -2.51368735E-08  3.21277469E-08  2.15902635E+02  5.35934105E-03  1.73764360E-02  4.65631629E+00
  0.00000000E+00  9.90400000E-01  5.23881280E-01 -2.51970801E-08  3.21087132E-08  2.15137130E+02  5.37593629E-03  1.76097956E-02  4.73347564E+00
  0.00000000E+00  9.90300000E-01  5.25623308E-01 -2.52534691E-08  3.20894661E-08  2.14382164E+02  5.39212013E-03  1.78435227E-02  4.81075400E+00
  0.00000000E+00  9.90200000E-01  5.27342152E-01 -2.53062635E-08  3.20700504E-08  2.13637460E+02  5.40790653E-03  1.80776092E-02  4.88814796E+00
  0.00000000E+00  9.90100000E-01  5.29038391E-01 -2.53556891E-08  3.20505076E-08  2.12902757E+02  5.42330880E-03  1.83120471E-02  4.96565420E+00
  0.00000000E+00  9.90000000E-01  5.30712584E-01 -2.54019722E-08  3.20308762E-08  2.12177799E+02  5.43833969E-03  1.85468289E-02  5.04326954E+00
  0.00000000E+00  9.89900000E-01  5.32365270E-01 -2.54453385E-08  3.20111915E-08  2.11462342E+02  5.45301138E-03  1.87819472E-02  5.12099092E+00
  0.00000000E+00  9.89800000E-01  5.33996969E-01 -2.54860112E-08  3.19914853E-08  2.10756151E+02  5.46733552E-03  1.90173951E-02  5.19881536E+00
  0.00000000E+00  9.89700000E-01  5.35608182E-01 -2.55242098E-08  3.19717859E-08  2.10058997E+02  5.48132326E-03  1.92531655E-02  5.27674001E+00
  0.00000000E+00  9.89600000E-01  5.37199392E-01 -2.55601491E-08  3.19521178E-08  2.09370663E+02  5.49498527E-03  1.94892518E-02  5.35476210E+00
  0.00000000E+00  9.89500000E-01  5.38771066E-01 -2.55940375E-08  3.19325020E-08  2.08690937E+02  5.50833177E-03  1.97256477E-02  5.43287896E+00
  0.00000000E+00  9.89400000E-01  5.40323656E-01 -2.56260764E-08  3.19129557E-08  2.08019616E+02  5.52137253E-03  1.99623468E-02  5.51108802E+00
  0.00000000E+00  9.89300000E-01  5.41857596E-01 -2.56564592E-08  3.18934925E-08  2.07356503E+02  5.53411694E-03  2.01993430E-02  5.58938679E+00
  0.00000000E+00  9.89200000E-01  5.43373306E-01 -2.56853705E-08  3.18741222E-08  2.06701410E+02  5.54657397E-03  2.04366305E-02  5.66777286E+00
  0.00000000E+00  9.89100000E-01  5.44871194E-01 -2.57129852E-08  3.18548510E-08  2.06054154E+02  5.55875225E-03  2.06742036E-02  5.74624391E+00
  0.00000000E+00  9.89000000E-01  5.46351651E-01 -2.57394681E-08  3.18356815E-08  2.05414557E+02  5.57066003E-03  2.09120566E-02  5.82479769E+00
  0.00000000E+00  9.88900000E-01  5.47815057E-01 -2.57649735E-08  3.18166129E-08  2.04782450E+02  5.58230527E-03  2.11501841E-02  5.90343202E+00
  0.00000000E+00  9.88800000E-01  5.49261780E-01 -2.57896445E-08  3.17976412E-08  2.04157668E+02  5.59369557E-03  2.13885808E-02  5.98214482E+00
  0.00000000E+00  9.88700000E-01  5.50692175E-01 -2.58136126E-08  3.17787589E-08  2.03540051E+02  5.60483828E-03  2.16272416E-02  6.06093403E+00
  0.00000000E+00  9.88600000E-01  5.52106587E-01 -2.58369978E-08  3.17599556E-08  2.02929446E+02  5.61574042E-03  2.18661614E-02  6.13979770E+00
  0.00000000E+00  9.88500000E-01  5.53505349E-01 -2.58599083E-08  3.17412182E-08  2.02325703E+02  5.62640879E-03  2.21053353E-02  6.21873391E+00
  0.00000000E+00  9.88400000E-01  5.54888784E-01 -2.58824403E-08  3.17225305E-08  2.01728677E+02  5.63684991E-03  2.23447585E-02  6.29774081E+00
  0.00000000E+00  9.88300000E-01  5.56257205E-01 -2.59046779E-08  3.17038742E-08  2.01138230E+02  5.64707007E-03  2.25844264E-02  6.37681662E+00
  0.00000000E+00  9.88200000E-01  5.57610917E-01 -2.59266936E-08  3.16852284E-08  2.00554225E+02  5.65707533E-03  2.28243343E-02  6.45595959E+00
  0.00000000E+00  9.88100000E-01  5.58950213E-01 -2.59485477E-08  3.16665705E-08  1.99976532E+02  5.66687155E-03  2.30644777E-02  6.53516804E+00
  0.00000000E+00  9.88000000E-01  5.60275380E-01 -2.59702894E-08  3.16478757E-08  1.99405021E+02  5.67646437E-03  2.33048523E-02  6.61444034E+00
  0.00000000E+00  9.87900000E-01  5.61586695E-01 -2.59919560E-08  3.16291180E-08  1.98839571E+02  5.68585926E-03  2.35454537E-02  6.69377489E+00
  0.00000000E+00  9.87800000E-01  5.62884430E-01 -2.60135742E-08  3.16102697E-08  1.98280060E+02  5.69506148E-03  2.37862777E-02  6.77317016E+00
  0.00000000E+00  9.87700000E-01  5.64168845E-01 -2.60351599E-08  3.15913022E-08  1.97726373E+02  5.70407614E-03  2.40273203E-02  6.85262465E+00
  0.00000000E+00  9.87600000E-01  5.65440196E-01 -2.60567184E-08  3.15721862E-08  1.97178395E+02  5.71290819E-03  2.42685773E-02  6.93213689E+00
  0.00000000E+00  9.87500000E-01  5.66698732E-01 -2.60782455E-08  3.15528918E-08  1.96636016E+02  5.72156240E-03  2.45100448E-02  7.01170547E+00
  0.00000000E+00  9.87400000E-01  5.67944694E-01 -2.60997277E-08  3.15333886E-08  1.96099129E+02  5.73004342E-03  2.47517189E-02  7.09132901E+00
  0.00000000E+00  9.87300000E-01  5.69178316E-01 -2.61211423E-08  3.15136465E-08  1.95567630E+02  5.73835575E-03  2.49935958E-02  7.17100616E+00
  0.00000000E+00  9.87200000E-01  5.70399829E-01 -2.61424587E-08  3.14936356E-08  1.95041417E+02  5.74650374E-03  2.52356716E-02  7.25073562E+00
  0.00000000E+00  9.87100000E-01  5.71609455E-01 -2.61636387E-08  3.14733263E-08  1.94520391E+02  5.75449163E-03  2.54779429E-02  7.33051610E+00
  0.00000000E+00  9.87000000E-01  5.72807412E-01 -2.61846368E-08  3.14526901E-08  1.94004455E+02  5.76232354E-03  2.57204059E-02  7.41034637E+00
  0.00000000E+00  9.86900000E-01  5.73993912E-01 -2.62054014E-08  3.14316994E-08  1.93493515E+02  5.77000346E-03  2.59630571E-02  7.49022521E+00
  0.00000000E+00  9.86800000E-01  5.75169162E-01 -2.62258753E-08  3.14103280E-08  1.92987480E+02  5.77753528E-03  2.62058931E-02  7.57015143E+00
  0.00000000E+00  9.86700000E-01  5.76333364E-01 -2.62459961E-08  3.13885511E-08  1.92486260E+02  5.78492277E-03  2.64489104E-02  7.65012388E+00
  0.00000000E+00  9.86600000E-01  5.77486714E-01 -2.62656975E-08  3.13663458E-08  1.91989767E+02  5.79216960E-03  2.66921058E-02  7.73014143E+00
  0.00000000E+00  9.86500000E-01  5.78629406E-01 -2.62849093E-08  3.13436914E-08  1.91497917E+02  5.79927934E-03  2.69354759E-02  7.81020296E+00
  0.00000000E+00  9.86400000E-01  5.79761626E-01 -2.63035590E-08  3.13205691E-08  1.91010627E+02  5.80625547E-03  2.71790176E-02  7.89030741E+00
  0.00000000E+00  9.86300000E-01  5.80883559E-01 -2.63215718E-08  3.12969629E-08  1.90527814E+02  5.81310137E-03  2.74227278E-02  7.97045372E+00
  0.00000000E+00  9.86200000E-01  5.81995383E-01 -2.63388716E-08  3.12728593E-08  1.90049401E+02  5.81982031E-03  2.76666033E-02  8.05064084E+00
  0.00000000E+00  9.86100000E-01  5.83097273E-01 -2.63553820E-08  3.12482476E-08  1.89575308E+02  5.82641550E-03  2.79106411E-02  8.13086778E+00
  0.00000000E+00  9.86000000E-01  5.84189401E-01 -2.63710267E-08  3.12231201E-08  1.89105461E+02  5.83289004E-03  2.81548384E-02  8.21113353E+00
  0.00000000E+00  9.85900000E-01  5.85271933E-01 -2.63857304E-08  3.11974725E-08  1.88639785E+02  5.83924696E-03  2.83991923E-02  8.29143714E+00
  0.00000000E+00  9.85800000E-01  5.86345032E-01 -2.63994195E-08  3.11713035E-08  1.88178209E+02  5.84548919E-03  2.86437000E-02  8.37177765E+00
  0.00000000E+00  9.85700000E-01  5.87408858E-01 -2.64120227E-08  3.11446154E-08  1.87720661E+02  5.85161958E-03  2.88883587E-02  8.45215412E+00
  0.00000000E+00  9.85600000E-01  5.88463568E-01 -2.64234719E-08  3.11174137E-08  1.87267074E+02  5.85764091E-03  2.91331657E-02  8.53256566E+00
  0.00000000E+00  9.85500000E-01  5.89509312E-01 -2.64337026E-08  3.10897079E-08  1.86817378E+02  5.86355587E-03  2.93781186E-02  8.61301136E+00
  0.00000000E+00  9.85400000E-01  5.90546241E-01 -2.64426549E-08  3.10615106E-08  1.86371509E+02  5.86936706E-03  2.96232146E-02  8.69349036E+00
  0.00000000E+00  9.85300000E-01  5.91574499E-01 -2.64502738E-08  3.10328383E-08  1.85929402E+02  5.87507703E-03  2.98684515E-02  8.77400178E+00
  0.00000000E+00  9.85200000E-01  5.92594228E-01 -2.64565099E-08  3.10037113E-08  1.85490995E+02  5.88068821E-03  3.01138267E-02  8.85454479E+00
  0.00000000E+00  9.85100000E-01  5.93605568E-01 -2.64613198E-08  3.09741529E-08  1.85056226E+02  5.88620299E-03  3.03593380E-02  8.93511857E+00
  0.00000000E+00  9.85000000E-01  5.94608653E-01 -2.64646669E-08  3.09441906E-08  1.84625035E+02  5.89162365E-03  3.06049831E-02  9.01572231E+00
  0.00000000E+00  9.84900000E-01  5.95603616E-01 -2.64665216E-08  3.09138547E-08  1.84197364E+02  5.89695243E-03  3.08507598E-02  9.09635521E+00
  0.00000000E+00  9.84800000E-01  5.96590587E-01 -2.64668620E-08  3.08831792E-08  1.83773156E+02  5.90219147E-03  3.10966660E-02  9.17701649E+00
  0.00000000E+00  9.84700000E-01  5.97569691E-01 -2.64656738E-08  3.08522012E-08  1.83352356E+02  5.90734282E-03  3.13426995E-02  9.25770540E+00
  0.00000000E+00  9.84600000E-01  5.98541051E-01 -2.64629512E-08  3.08209605E-08  1.82934908E+02  5.91240849E-03  3.15888585E-02  9.33842119E+00
  0.00000000E+00  9.84500000E-01  5.99504788E-01 -2.64586965E-08  3.07894999E-08  1.82520761E+02  5.91739040E-03  3.18351410E-02  9.41916313E+00
  0.00000000E+00  9.84400000E-01  6.00461018E-01 -2.64529211E-08  3.07578645E-08  1.82109862E+02  5.92229039E-03  3.20815452E-02  9.49993049E+00
  0.00000000E+00  9.84300000E-01  6.01409856E-01 -2.64456447E-08  3.07261017E-08  1.81702162E+02  5.92711023E-03  3.23280691E-02  9.58072259E+00
  0.00000000E+00  9.84200000E-01  6.02351413E-01 -2.64368964E-08  3.06942606E-08  1.81297612E+02  5.93185163E-03  3.25747112E-02  9.66153873E+00
  0.00000000E+00  9.84100000E-01  6.03285798E-01 -2.64267137E-08  3.06623917E-08  1.80896163E+02  5.93651622E-03  3.28214697E-02  9.74237823E+00
  0.00000000E+00  9.84000000E-01  6.04213117E-01 -2.64151431E-08  3.06305467E-08  1.80497770E+02  5.94110556E-03  3.30683430E-02  9.82324045E+00
  0.00000000E+00  9.83900000E-01  6.05133472E-01 -2.64022397E-08  3.05987777E-08  1.80102388E+02  5.94562115E-03  3.33153296E-02  9.90412474E+00
  0.00000000E+00  9.83800000E-01  6.06046964E-01 -2.63880671E-08  3.05671370E-08  1.79709971E+02  5.95006441E-03  3.35624279E-02  9.98503047E+00
  0.00000000E+00  9.83700000E-01  6.06953692E-01 -2.63726967E-08  3.05356763E-08  1.79320479E+02  5.95443673E-03  3.38096365E-02  1.00659570E+01
  0.00000000E+00  9.83600000E-01  6.07853749E-01 -2.63562081E-08  3.05044463E-08  1.78933869E+02  5.95873940E-03  3.40569541E-02  1.01469038E+01
  0.00000000E+00  9.83500000E-01  6.08747230E-01 -2.63386875E-08  3.04734957E-08  1.78550100E+02  5.96297367E-03  3.43043792E-02  1.02278702E+01
  0.00000000E+00  9.83400000E-01  6.09634225E-01 -2.63202281E-08  3.04428711E-08  1.78169133E+02  5.96714073E-03  3.45519105E-02  1.03088557E+01
  0.00000000E+00  9.83300000E-01  6.10514821E-01 -2.63009290E-08  3.04126156E-08  1.77790931E+02  5.97124174E-03  3.47995468E-02  1.03898597E+01
  0.00000000E+00  9.83200000E-01  6.11389106E-01 -2.62808942E-08  3.03827686E-08  1.77415455E+02  5.97527777E-03  3.50472869E-02  1.04708816E+01
  0.00000000E+00  9.83100000E-01  6.12257162E-01 -2.62602323E-08  3.03533643E-08  1.77042669E+02  5.97924988E-03  3.52951296E-02  1.05519210E+01
  0.00000000E+00  9.83000000E-01  6.13119071E-01 -2.62390547E-08  3.03244316E-08  1.76672537E+02  5.98315909E-03  3.55430736E-02  1.06329773E+01
  0.00000000E+00  9.82900000E-01  6.13974914E-01 -2.62174755E-08  3.02959922E-08  1.76305026E+02  5.98700635E-03  3.57911179E-02  1.07140500E+01
  0.00000000E+00  9.82800000E-01  6.14824768E-01 -2.61956092E-08  3.02680605E-08  1.75940101E+02  5.99079262E-03  3.60392612E-02  1.07951386E+01
  0.00000000E+00  9.82700000E-01  6.15668711E-01 -2.61735702E-08  3.02406417E-08  1.75577730E+02  5.99451881E-03  3.62875026E-02  1.08762426E+01
  0.00000000E+00  9.82600000E-01  6.16506815E-01 -2.61514709E-08  3.02137313E-08  1.75217879E+02  5.99818583E-03  3.65358408E-02  1.09573617E+01
  0.00000000E+00  9.82500000E-01  6.17339156E-01 -2.61294202E-08  3.01873136E-08  1.74860517E+02  6.00179457E-03  3.67842747E-02  1.10384953E+01
  0.00000000E+00  9.82400000E-01  6.18165805E-01 -2.61075220E-08  3.01613604E-08  1.74505614E+02  6.00534590E-03  3.70328031E-02  1.11196430E+01
  0.00000000E+00  9.82300000E-01  6.18986833E-01 -2.60858729E-08  3.01358298E-08  1.74153138E+02  6.00884073E-03  3.72814250E-02  1.12008043E+01
  0.00000000E+00  9.82200000E-01  6.19802311E-01 -2.60645606E-08  3.01106649E-08  1.73803059E+02  6.01227994E-03  3.75301392E-02  1.12819790E+01
  0.00000000E+00  9.82100000E-01  6.20612307E-01 -2.60436617E-08  3.00857920E-08  1.73455347E+02  6.01566447E-03  3.77789444E-02  1.13631665E+01
  0.00000000E+00  9.82000000E-01  6.21416891E-01 -2.60232393E-08  3.00611193E-08  1.73109971E+02  6.01899526E-03  3.80278393E-02  1.14443665E+01
  0.00000000E+00  9.81900000E-01  6.22216131E-01 -2.60033409E-08  3.00365355E-08  1.72766903E+02  6.02227331E-03  3.82768227E-02  1.15255786E+01
  0.00000000E+00  9.81800000E-01  6.23010095E-01 -2.59839953E-08  3.00119077E-08  1.72426113E+02  6.02549966E-03  3.85258931E-02  1.16068025E+01
  0.00000000E+00  9.81700000E-01  6.23798852E-01 -2.59652105E-08  2.99870801E-08  1.72087569E+02  6.02867542E-03  3.87750491E-02  1.16880378E+01
  0.00000000E+00  9.81600000E-01  6.24582472E-01 -2.59469704E-08  2.99618718E-08  1.71751243E+02  6.03180177E-03  3.90242890E-02  1.17692842E+01
  0.00000000E+00  9.81500000E-01  6.25361022E-01 -2.59292319E-08  2.99360753E-08  1.71417103E+02  6.03487998E-03  3.92736114E-02  1.18505413E+01
  0.00000000E+00  9.81400000E-01  6.26134576E-01 -2.59119218E-08  2.99094540E-08  1.71085118E+02  6.03791142E-03  3.95230143E-02  1.19318088E+01
  0.00000000E+00  9.81300000E-01  6.26903203E-01 -2.58949334E-08  2.98817410E-08  1.70755255E+02  6.04089758E-03  3.97724959E-02  1.20130865E+01
  0.00000000E+00  9.81200000E-01  6.27666978E-01 -2.58781229E-08  2.98526361E-08  1.70427483E+02  6.04384008E-03  4.00220541E-02  1.20943739E+01
  0.00000000E+00  9.81100000E-01  6.28425976E-01 -2.58613057E-08  2.98218043E-08  1.70101767E+02  6.04674069E-03  4.02716868E-02  1.21756710E+01
  0.00000000E+00  9.81000000E-01  6.29180274E-01 -2.58442527E-08  2.97888729E-08  1.69778071E+02  6.04960134E-03  4.05213915E-02  1.22569772E+01
  0.00000000E+00  9.80900000E-01  6.29929953E-01 -2.58266859E-08  2.97534299E-08  1.69456360E+02  6.05242414E-03  4.07711656E-02  1.23382925E+01
  0.00000000E+00  9.80800000E-01  6.30675097E-01 -2.58082747E-08  2.97150209E-08  1.69136594E+02  6.05521141E-03  4.10210065E-02  1.24196164E+01
  0.00000000E+00  9.80700000E-01  6.31415791E-01 -2.57886308E-08  2.96731468E-08  1.68818735E+02  6.05796567E-03  4.12709110E-02  1.25009488E+01
  0.00000000E+00  9.80600000E-01  6.32152127E-01 -2.57673042E-08  2.96272615E-08  1.68502740E+02  6.06068971E-03  4.15208760E-02  1.25822894E+01
  0.00000000E+00  9.80500000E-01  6.32884015E-01 -2.57426456E-08  2.95810872E-08  1.68188657E+02  6.06337584E-03  4.17709073E-02  1.26636365E+01
  0.00000000E+00  9.80400000E-01  6.33611145E-01 -2.57135073E-08  2.95437097E-08  1.67876648E+02  6.06600278E-03  4.20210264E-02  1.27449868E+01
  0.00000000E+00  9.80300000E-01  6.34333931E-01 -2.56830573E-08  2.95068283E-08  1.67566507E+02  6.06859178E-03  4.22712162E-02  1.28263435E+01
  0.00000000E+00  9.80200000E-01  6.35052422E-01 -2.56514230E-08  2.94704226E-08  1.67258214E+02  6.07114345E-03  4.25214757E-02  1.29077061E+01
  0.00000000E+00  9.80100000E-01  6.35766666E-01 -2.56187255E-08  2.94344722E-08  1.66951748E+02  6.07365840E-03  4.27718040E-02  1.29890743E+01
  0.00000000E+00  9.80000000E-01  6.36476711E-01 -2.55850792E-08  2.93989572E-08  1.66647088E+02  6.07613723E-03  4.30222000E-02  1.30704480E+01
  0.00000000E+00  9.79900000E-01  6.37182604E-01 -2.55505923E-08  2.93638579E-08  1.66344213E+02  6.07858052E-03  4.32726627E-02  1.31518267E+01
  0.00000000E+00  9.79800000E-01  6.37884391E-01 -2.55153671E-08  2.93291546E-08  1.66043104E+02  6.08098885E-03  4.35231913E-02  1.32332102E+01
  0.00000000E+00  9.79700000E-01  6.38582117E-01 -2.54794999E-08  2.92948280E-08  1.65743740E+02  6.08336278E-03  4.37737849E-02  1.33145982E+01
  0.00000000E+00  9.79600000E-01  6.39275828E-01 -2.54430816E-08  2.92608592E-08  1.65446103E+02  6.08570286E-03  4.40244424E-02  1.33959904E+01
  0.00000000E+00  9.79500000E-01  6.39965568E-01 -2.54061973E-08  2.92272294E-08  1.65150173E+02  6.08800963E-03  4.42751630E-02  1.34773865E+01
  0.00000000E+00  9.79400000E-01  6.40651379E-01 -2.53689273E-08  2.91939201E-08  1.64855932E+02  6.09028362E-03  4.45259459E-02  1.35587864E+01
  0.00000000E+00  9.79300000E-01  6.41333306E-01 -2.53313466E-08  2.91609133E-08  1.64563360E+02  6.09252536E-03  4.47767901E-02  1.36401896E+01
  0.00000000E+00  9.79200000E-01  6.42011390E-01 -2.52935256E-08  2.91281912E-08  1.64272440E+02  6.09473535E-03  4.50276949E-02  1.37215960E+01
  0.00000000E+00  9.79100000E-01  6.42685673E-01 -2.52555297E-08  2.90957363E-08  1.63983153E+02  6.09691410E-03  4.52786594E-02  1.38030053E+01
  0.00000000E+00  9.79000000E-01  6.43356196E-01 -2.52174201E-08  2.90635315E-08  1.63695481E+02  6.09906210E-03  4.55296828E-02  1.38844172E+01
  0.00000000E+00  9.78900000E-01  6.44023000E-01 -2.51792537E-08  2.90315601E-08  1.63409408E+02  6.10117983E-03  4.57807643E-02  1.39658315E+01
  0.00000000E+00  9.78800000E-01  6.44686124E-01 -2.51410832E-08  2.89998057E-08  1.63124915E+02  6.10326777E-03  4.60319031E-02  1.40472479E+01
  0.00000000E+00  9.78700000E-01  6.45345608E-01 -2.51029572E-08  2.89682524E-08  1.62841987E+02  6.10532638E-03  4.62830984E-02  1.41286662E+01
  0.00000000E+00  9.78600000E-01  6.46001491E-01 -2.50649209E-08  2.89368845E-08  1.62560605E+02  6.10735611E-03  4.65343496E-02  1.42100861E+01
  0.00000000E+00  9.78500000E-01  6.46653810E-01 -2.50270154E-08  2.89056870E-08  1.62280753E+02  6.10935741E-03  4.67856558E-02  1.42915074E+01
  0.00000000E+00  9.78400000E-01  6.47302604E-01 -2.49892787E-08  2.88746449E-08  1.62002416E+02  6.11133073E-03  4.70370163E-02  1.43729299E+01
  0.00000000E+00  9.78300000E-01  6.47947908E-01 -2.49517453E-08  2.88437439E-08  1.61725577E+02  6.11327648E-03  4.72884305E-02  1.44543533E+01
  0.00000000E+00  9.78200000E-01  6.48589760E-01 -2.49144466E-08  2.88129700E-08  1.61450221E+02  6.11519509E-03  4.75398976E-02  1.45357774E+01
  0.00000000E+00  9.78100000E-01  6.49228196E-01 -2.48774109E-08  2.87823098E-08  1.61176331E+02  6.11708698E-03  4.77914169E-02  1.46172020E+01
  0.00000000E+00  9.78000000E-01  6.49863251E-01 -2.48406637E-08  2.87517501E-08  1.60903893E+02  6.11895256E-03  4.80429877E-02  1.46986269E+01
  0.00000000E+00  9.77900000E-01  6.50494961E-01 -2.48042277E-08  2.87212783E-08  1.60632891E+02  6.12079221E-03  4.82946095E-02  1.47800517E+01
  0.00000000E+00  9.77800000E-01  6.51123358E-01 -2.47681232E-08  2.86908820E-08  1.60363311E+02  6.12260633E-03  4.85462815E-02  1.48614764E+01
  0.00000000E+00  9.77700000E-01  6.51748478E-01 -2.47323676E-08  2.86605496E-08  1.60095137E+02  6.12439530E-03  4.87980030E-02  1.49429008E+01
  0.00000000E+00  9.77600000E-01  6.52370354E-01 -2.46969764E-08  2.86302696E-08  1.59828356E+02  6.12615950E-03  4.90497736E-02  1.50243245E+01
  0.00000000E+00  9.77500000E-01  6.52989019E-01 -2.46619626E-08  2.86000311E-08  1.59562953E+02  6.12789929E-03  4.93015925E-02  1.51057474E+01
  0.00000000E+00  9.77400000E-01  6.53604505E-01 -2.46273373E-08  2.85698237E-08  1.59298914E+02  6.12961505E-03  4.95534591E-02  1.51871693E+01
  0.00000000E+00  9.77300000E-01  6.54216844E-01 -2.45931095E-08  2.85396373E-08  1.59036225E+02  6.13130712E-03  4.98053729E-02  1.52685899E+01
  0.00000000E+00  9.77200000E-01  6.54826068E-01 -2.45592862E-08  2.85094624E-08  1.58774873E+02  6.13297584E-03  5.00573332E-02  1.53500092E+01
  0.00000000E+00  9.77100000E-01  6.55432207E-01 -2.45258730E-08  2.84792898E-08  1.58514844E+02  6.13462157E-03  5.03093395E-02  1.54314269E+01
  0.00000000E+00  9.77000000E-01  6.56035294E-01 -2.44928736E-08  2.84491109E-08  1.58256125E+02  6.13624464E-03  5.05613912E-02  1.55128427E+01
  0.00000000E+00  9.76900000E-01  6.56635357E-01 -2.44602902E-08  2.84189174E-08  1.57998702E+02  6.13784537E-03  5.08134877E-02  1.55942566E+01
  0.00000000E+00  9.76800000E-01  6.57232426E-01 -2.44281235E-08  2.83887014E-08  1.57742564E+02  6.13942409E-03  5.10656286E-02  1.56756683E+01
  0.00000000E+00  9.76700000E-01  6.57826532E-01 -2.43963732E-08  2.83584557E-08  1.57487697E+02  6.14098111E-03  5.13178132E-02  1.57570777E+01
  0.00000000E+00  9.76600000E-01  6.58417702E-01 -2.43650373E-08  2.83281734E-08  1.57234089E+02  6.14251675E-03  5.15700411E-02  1.58384845E+01
  0.00000000E+00  9.76500000E-01  6.59005966E-01 -2.43341129E-08  2.82978479E-08  1.56981727E+02  6.14403130E-03  5.18223116E-02  1.59198886E+01
  0.00000000E+00  9.76400000E-01  6.59591351E-01 -2.43035961E-08  2.82674731E-08  1.56730599E+02  6.14552507E-03  5.20746243E-02  1.60012898E+01
  0.00000000E+00  9.76300000E-01  6.60173885E-01 -2.42734818E-08  2.82370436E-08  1.56480694E+02  6.14699836E-03  5.23269788E-02  1.60826880E+01
  0.00000000E+00  9.76200000E-01  6.60753596E-01 -2.42437643E-08  2.82065540E-08  1.56231999E+02  6.14845143E-03  5.25793744E-02  1.61640829E+01
  0.00000000E+00  9.76100000E-01  6.61330511E-01 -2.42144368E-08  2.81759995E-08  1.55984504E+02  6.14988459E-03  5.28318107E-02  1.62454744E+01
  0.00000000E+00  9.76000000E-01  6.61904655E-01 -2.41854920E-08  2.81453759E-08  1.55738195E+02  6.15129811E-03  5.30842872E-02  1.63268623E+01
  0.00000000E+00  9.75900000E-01  6.62476056E-01 -2.41569218E-08  2.81146792E-08  1.55493063E+02  6.15269226E-03  5.33368035E-02  1.64082465E+01
  0.00000000E+00  9.75800000E-01  6.63044738E-01 -2.41287176E-08  2.80839058E-08  1.55249096E+02  6.15406730E-03  5.35893591E-02  1.64896269E+01
  0.00000000E+00  9.75700000E-01  6.63610729E-01 -2.41008703E-08  2.80530525E-08  1.55006282E+02  6.15542350E-03  5.38419534E-02  1.65710031E+01
  0.00000000E+00  9.75600000E-01  6.64174052E-01 -2.40733703E-08  2.80221167E-08  1.54764612E+02  6.15676112E-03  5.40945861E-02  1.66523751E+01
  0.00000000E+00  9.75500000E-01  6.64734732E-01 -2.40462076E-08  2.79910958E-08  1.54524074E+02  6.15808040E-03  5.43472568E-02  1.67337428E+01
  0.00000000E+00  9.75400000E-01  6.65292794E-01 -2.40193721E-08  2.79599880E-08  1.54284658E+02  6.15938160E-03  5.45999649E-02  1.68151060E+01
  0.00000000E+00  9.75300000E-01  6.65848263E-01 -2.39928531E-08  2.79287916E-08  1.54046353E+02  6.16066496E-03  5.48527100E-02  1.68964644E+01
  0.00000000E+00  9.75200000E-01  6.66401161E-01 -2.39666400E-08  2.78975053E-08  1.53809150E+02  6.16193071E-03  5.51054917E-02  1.69778181E+01
  0.00000000E+00  9.75100000E-01  6.66951513E-01 -2.39407218E-08  2.78661282E-08  1.53573038E+02  6.16317910E-03  5.53583097E-02  1.70591668E+01
  0.00000000E+00  9.75000000E-01  6.67499340E-01 -2.39150877E-08  2.78346597E-08  1.53338007E+02  6.16441035E-03  5.56111634E-02  1.71405104E+01
  0.00000000E+00  9.74900000E-01  6.68044667E-01 -2.38897265E-08  2.78030997E-08  1.53104047E+02  6.16562470E-03  5.58640524E-02  1.72218487E+01
  0.00000000E+00  9.74800000E-01  6.68587516E-01 -2.38646273E-08  2.77714482E-08  1.52871148E+02  6.16682235E-03  5.61169765E-02  1.73031817E+01
  0.00000000E+00  9.74700000E-01  6.69127909E-01 -2.38397792E-08  2.77397057E-08  1.52639302E+02  6.16800353E-03  5.63699350E-02  1.73845091E+01
  0.00000000E+00  9.74600000E-01  6.69665867E-01 -2.38151713E-08  2.77078729E-08  1.52408498E+02  6.16916845E-03  5.66229278E-02  1.74658308E+01
  0.00000000E+00  9.74500000E-01  6.70201413E-01 -2.37907928E-08  2.76759508E-08  1.52178728E+02  6.17031733E-03  5.68759543E-02  1.75471467E+01
  0.00000000E+00  9.74400000E-01  6.70734568E-01 -2.37666331E-08  2.76439407E-08  1.51949981E+02  6.17145037E-03  5.71290142E-02  1.76284567E+01
  0.00000000E+00  9.74300000E-01  6.71265352E-01 -2.37426820E-08  2.76118444E-08  1.51722250E+02  6.17256778E-03  5.73821071E-02  1.77097607E+01
  0.00000000E+00  9.74200000E-01  6.71793787E-01 -2.37189292E-08  2.75796636E-08  1.51495524E+02  6.17366975E-03  5.76352327E-02  1.77910584E+01
  0.00000000E+00  9.74100000E-01  6.72319893E-01 -2.36953649E-08  2.75474005E-08  1.51269796E+02  6.17475648E-03  5.78883905E-02  1.78723498E+01
  0.00000000E+00  9.74000000E-01  6.72843691E-01 -2.36719796E-08  2.75150575E-08  1.51045056E+02  6.17582816E-03  5.81415802E-02  1.79536347E+01
  0.00000000E+00  9.73900000E-01  6.73365199E-01 -2.36487639E-08  2.74826373E-08  1.50821296E+02  6.17688499E-03  5.83948015E-02  1.80349131E+01
  0.00000000E+00  9.73800000E-01  6.73884439E-01 -2.36257091E-08  2.74501428E-08  1.50598507E+02  6.17792715E-03  5.86480540E-02  1.81161848E+01
  0.00000000E+00  9.73700000E-01  6.74401429E-01 -2.36028066E-08  2.74175770E-08  1.50376681E+02  6.17895482E-03  5.89013373E-02  1.81974496E+01
  0.00000000E+00  9.73600000E-01  6.74916188E-01 -2.35800483E-08  2.73849432E-08  1.50155810E+02  6.17996818E-03  5.91546511E-02  1.82787075E+01
  0.00000000E+00  9.73500000E-01  6.75428737E-01 -2.35574264E-08  2.73522449E-08  1.49935886E+02  6.18096741E-03  5.94079950E-02  1.83599584E+01
  0.00000000E+00  9.73400000E-01  6.75939092E-01 -2.35349338E-08  2.73194860E-08  1.49716900E+02  6.18195269E-03  5.96613688E-02  1.84412021E+01
  0.00000000E+00  9.73300000E-01  6.76447273E-01 -2.35125636E-08  2.72866701E-08  1.49498844E+02  6.18292418E-03  5.99147720E-02  1.85224385E+01
  0.00000000E+00  9.73200000E-01  6.76953298E-01 -2.34903094E-08  2.72538013E-08  1.49281712E+02  6.18388206E-03  6.01682043E-02  1.86036675E+01
  0.00000000E+00  9.73100000E-01  6.77457186E-01 -2.34681654E-08  2.72208839E-08  1.49065494E+02  6.18482648E-03  6.04216655E-02  1.86848889E+01
  0.00000000E+00  9.73000000E-01  6.77958953E-01 -2.34461262E-08  2.71879221E-08  1.48850184E+02  6.18575762E-03  6.06751552E-02  1.87661028E+01
  0.00000000E+00  9.72900000E-01  6.78458617E-01 -2.34241869E-08  2.71549204E-08  1.48635773E+02  6.18667563E-03  6.09286730E-02  1.88473089E+01
  0.00000000E+00  9.72800000E-01  6.78956196E-01 -2.34023430E-08  2.71218835E-08  1.48422254E+02  6.18758067E-03  6.11822187E-02  1.89285071E+01
  0.00000000E+00  9.72700000E-01  6.79451707E-01 -2.33805908E-08  2.70888158E-08  1.48209621E+02  6.18847290E-03  6.14357919E-02  1.90096974E+01
  0.00000000E+00  9.72600000E-01  6.79945166E-01 -2.33589269E-08  2.70557224E-08  1.47997865E+02  6.18935246E-03  6.16893924E-02  1.90908797E+01
  0.00000000E+00  9.72500000E-01  6.80436591E-01 -2.33373483E-08  2.70226079E-08  1.47786979E+02  6.19021951E-03  6.19430197E-02  1.91720538E+01
  0.00000000E+00  9.72400000E-01  6.80925998E-01 -2.33158528E-08  2.69894774E-08  1.47576957E+02  6.19107420E-03  6.21966737E-02  1.92532196E+01
  0.00000000E+00  9.72300000E-01  6.81413403E-01 -2.32944386E-08  2.69563358E-08  1.47367791E+02  6.19191667E-03  6.24503540E-02  1.93343771E+01
  0.00000000E+00  9.72200000E-01  6.81898823E-01 -2.32731044E-08  2.69231882E-08  1.47159474E+02  6.19274707E-03  6.27040603E-02  1.94155261E+01
  0.00000000E+00  9.72100000E-01  6.82382272E-01 -2.32518494E-08  2.68900397E-08  1.46952000E+02  6.19356554E-03  6.29577923E-02  1.94966665E+01
  0.00000000E+00  9.72000000E-01  6.82863768E-01 -2.32306733E-08  2.68568954E-08  1.46745362E+02  6.19437221E-03  6.32115497E-02  1.95777983E+01
  0.00000000E+00  9.71900000E-01  6.83343325E-01 -2.32095765E-08  2.68237603E-08  1.46539553E+02  6.19516722E-03  6.34653323E-02  1.96589213E+01
  0.00000000E+00  9.71800000E-01  6.83820960E-01 -2.31885596E-08  2.67906397E-08  1.46334566E+02  6.19595071E-03  6.37191397E-02  1.97400354E+01
  0.00000000E+00  9.71700000E-01  6.84296686E-01 -2.31676239E-08  2.67575386E-08  1.46130395E+02  6.19672281E-03  6.39729716E-02  1.98211406E+01
  0.00000000E+00  9.71600000E-01  6.84770519E-01 -2.31467712E-08  2.67244622E-08  1.45927034E+02  6.19748365E-03  6.42268278E-02  1.99022368E+01
  0.00000000E+00  9.71500000E-01  6.85242474E-01 -2.31260036E-08  2.66914155E-08  1.45724476E+02  6.19823337E-03  6.44807080E-02  1.99833238E+01
  0.00000000E+00  9.71400000E-01  6.85712566E-01 -2.31053238E-08  2.66584035E-08  1.45522714E+02  6.19897208E-03  6.47346120E-02  2.00644016E+01
  0.00000000E+00  9.71300000E-01  6.86180808E-01 -2.30847350E-08  2.66254312E-08  1.45321744E+02  6.19969991E-03  6.49885393E-02  2.01454701E+01
  0.00000000E+00  9.71200000E-01  6.86647216E-01 -2.30642407E-08  2.65925035E-08  1.45121557E+02  6.20041699E-03  6.52424899E-02  2.02265291E+01
  0.00000000E+00  9.71100000E-01  6.87111804E-01 -2.30438449E-08  2.65596253E-08  1.44922149E+02  6.20112343E-03  6.54964633E-02  2.03075787E+01
  0.00000000E+00  9.71000000E-01  6.87574585E-01 -2.30235520E-08  2.65268013E-08  1.44723514E+02  6.20181937E-03  6.57504594E-02  2.03886186E+01
  0.00000000E+00  9.70900000E-01  6.88035573E-01 -2.30033669E-08  2.64940362E-08  1.44525645E+02  6.20250490E-03  6.60044778E-02  2.04696489E+01
  0.00000000E+00  9.70800000E-01  6.88494782E-01 -2.29832948E-08  2.64613344E-08  1.44328536E+02  6.20318016E-03  6.62585183E-02  2.05506695E+01
  0.00000000E+00  9.70700000E-01  6.88952225E-01 -2.29633411E-08  2.64287006E-08  1.44132183E+02  6.20384526E-03  6.65125806E-02  2.06316802E+01
  0.00000000E+00  9.70600000E-01  6.89407917E-01 -2.29435118E-08  2.63961389E-08  1.43936578E+02  6.20450031E-03  6.67666645E-02  2.07126810E+01
  0.00000000E+00  9.70500000E-01  6.89861869E-01 -2.29238132E-08  2.63636535E-08  1.43741716E+02  6.20514541E-03  6.70207698E-02  2.07936717E+01
  0.00000000E+00  9.70400000E-01  6.90314095E-01 -2.29042518E-08  2.63312485E-08  1.43547593E+02  6.20578069E-03  6.72748960E-02  2.08746524E+01
  0.00000000E+00  9.70300000E-01  6.90764609E-01 -2.28848345E-08  2.62989277E-08  1.43354201E+02  6.20640625E-03  6.75290431E-02  2.09556229E+01
  0.00000000E+00  9.70200000E-01  6.91213422E-01 -2.28655683E-08  2.62666950E-08  1.43161536E+02  6.20702220E-03  6.77832108E-02  2.10365831E+01
  0.00000000E+00  9.70100000E-01  6.91660548E-01 -2.28464606E-08  2.62345537E-08  1.42969593E+02  6.20762863E-03  6.80373987E-02  2.11175330E+01
  0.00000000E+00  9.70000000E-01  6.92105999E-01 -2.28275190E-08  2.62025073E-08  1.42778365E+02  6.20822567E-03  6.82916067E-02  2.11984725E+01
  0.00000000E+00  9.69900000E-01  6.92549787E-01 -2.28087514E-08  2.61705590E-08  1.42587847E+02  6.20881340E-03  6.85458345E-02  2.12794015E+01
  0.00000000E+00  9.69800000E-01  6.92991925E-01 -2.27901656E-08  2.61387118E-08  1.42398035E+02  6.20939194E-03  6.88000819E-02  2.13603199E+01
  0.00000000E+00  9.69700000E-01  6.93432424E-01 -2.27717700E-08  2.61069684E-08  1.42208924E+02  6.20996138E-03  6.90543486E-02  2.14412277E+01
  0.00000000E+00  9.69600000E-01  6.93871298E-01 -2.27535727E-08  2.60753314E-08  1.42020507E+02  6.21052182E-03  6.93086344E-02  2.15221247E+01
  0.00000000E+00  9.69500000E-01  6.94308556E-01 -2.27355822E-08  2.60438031E-08  1.41832779E+02  6.21107335E-03  6.95629390E-02  2.16030110E+01
  0.00000000E+00  9.69400000E-01  6.94744212E-01 -2.27178069E-08  2.60123858E-08  1.41645737E+02  6.21161608E-03  6.98172623E-02  2.16838864E+01
  0.00000000E+00  9.69300000E-01  6.95178277E-01 -2.27002555E-08  2.59810813E-08  1.41459375E+02  6.21215009E-03  7.00716039E-02  2.17647508E+01
  0.00000000E+00  9.69200000E-01  6.95610763E-01 -2.26829366E-08  2.59498912E-08  1.41273687E+02  6.21267549E-03  7.03259636E-02  2.18456042E+01
  0.00000000E+00  9.69100000E-01  6.96041680E-01 -2.26658588E-08  2.59188170E-08  1.41088670E+02  6.21319237E-03  7.05803413E-02  2.19264465E+01
  0.00000000E+00  9.69000000E-01  6.96471040E-01 -2.26490309E-08  2.58878600E-08  1.40904317E+02  6.21370080E-03  7.08347366E-02  2.20072777E+01
  0.00000000E+00  9.68900000E-01  6.96898854E-01 -2.26324613E-08  2.58570209E-08  1.40720626E+02  6.21420090E-03  7.10891494E-02  2.20880976E+01
  0.00000000E+00  9.68800000E-01  6.97325133E-01 -2.26161587E-08  2.58263004E-08  1.40537589E+02  6.21469274E-03  7.13435794E-02  2.21689062E+01
  0.00000000E+00  9.68700000E-01  6.97749888E-01 -2.26001316E-08  2.57956991E-08  1.40355204E+02  6.21517641E-03  7.15980264E-02  2.22497034E+01
  0.00000000E+00  9.68600000E-01  6.98173130E-01 -2.25843884E-08  2.57652170E-08  1.40173466E+02  6.21565200E-03  7.18524902E-02  2.23304892E+01
  0.00000000E+00  9.68500000E-01  6.98594870E-01 -2.25689373E-08  2.57348540E-08  1.39992369E+02  6.21611959E-03  7.21069706E-02  2.24112635E+01
  0.00000000E+00  9.68400000E-01  6.99015117E-01 -2.25537866E-08  2.57046097E-08  1.39811909E+02  6.21657928E-03  7.23614673E-02  2.24920261E+01
  0.00000000E+00  9.68300000E-01  6.99433883E-01 -2.25389442E-08  2.56744834E-08  1.39632082E+02  6.21703113E-03  7.26159801E-02  2.25727772E+01
  0.00000000E+00  9.68200000E-01  6.99851178E-01 -2.25244179E-08  2.56444742E-08  1.39452884E+02  6.21747524E-03  7.28705088E-02  2.26535165E+01
  0.00000000E+00  9.68100000E-01  7.00267012E-01 -2.25102152E-08  2.56145810E-08  1.39274309E+02  6.21791169E-03  7.31250532E-02  2.27342440E+01
  0.00000000E+00  9.68000000E-01  7.00681395E-01 -2.24963435E-08  2.55848021E-08  1.39096354E+02  6.21834055E-03  7.33796131E-02  2.28149597E+01
  0.00000000E+00  9.67900000E-01  7.01094338E-01 -2.24828098E-08  2.55551358E-08  1.38919015E+02  6.21876190E-03  7.36341882E-02  2.28956634E+01
  0.00000000E+00  9.67800000E-01  7.01505850E-01 -2.24696210E-08  2.55255801E-08  1.38742286E+02  6.21917583E-03  7.38887784E-02  2.29763552E+01
  0.00000000E+00  9.67700000E-01  7.01915941E-01 -2.24567835E-08  2.54961327E-08  1.38566165E+02  6.21958241E-03  7.41433835E-02  2.30570349E+01
  0.00000000E+00  9.67600000E-01  7.02324621E-01 -2.24443034E-08  2.54667908E-08  1.38390645E+02  6.21998171E-03  7.43980032E-02  2.31377025E+01
  0.00000000E+00  9.67500000E-01  7.02731899E-01 -2.24321866E-08  2.54375518E-08  1.38215725E+02  6.22037382E-03  7.46526373E-02  2.32183579E+01
  0.00000000E+00  9.67400000E-01  7.03137785E-01 -2.24204386E-08  2.54084123E-08  1.38041399E+02  6.22075880E-03  7.49072857E-02  2.32990011E+01
  0.00000000E+00  9.67300000E-01  7.03542289E-01 -2.24090643E-08  2.53793690E-08  1.37867663E+02  6.22113673E-03  7.51619481E-02  2.33796320E+01
  0.00000000E+00  9.67200000E-01  7.03945420E-01 -2.23980685E-08  2.53504182E-08  1.37694513E+02  6.22150768E-03  7.54166244E-02  2.34602506E+01
  0.00000000E+00  9.67100000E-01  7.04347187E-01 -2.23874553E-08  2.53215559E-08  1.37521946E+02  6.22187172E-03  7.56713143E-02  2.35408567E+01
  0.00000000E+00  9.67000000E-01  7.04747599E-01 -2.23772286E-08  2.52927780E-08  1.37349957E+02  6.22222892E-03  7.59260176E-02  2.36214503E+01
  0.00000000E+00  9.66900000E-01  7.05146666E-01 -2.23673916E-08  2.52640798E-08  1.37178543E+02  6.22257936E-03  7.61807342E-02  2.37020314E+01
  0.00000000E+00  9.66800000E-01  7.05544396E-01 -2.23579472E-08  2.52354568E-08  1.37007699E+02  6.22292309E-03  7.64354639E-02  2.37825999E+01
  0.00000000E+00  9.66700000E-01  7.05940798E-01 -2.23488977E-08  2.52069040E-08  1.36837422E+02  6.22326020E-03  7.66902065E-02  2.38631557E+01
  0.00000000E+00  9.66600000E-01  7.06335882E-01 -2.23402451E-08  2.51784160E-08  1.36667709E+02  6.22359074E-03  7.69449617E-02  2.39436988E+01
  0.00000000E+00  9.66500000E-01  7.06729655E-01 -2.23319906E-08  2.51499877E-08  1.36498554E+02  6.22391478E-03  7.71997294E-02  2.40242291E+01
  0.00000000E+00  9.66400000E-01  7.07122128E-01 -2.23241350E-08  2.51216131E-08  1.36329955E+02  6.22423238E-03  7.74545095E-02  2.41047465E+01
  0.00000000E+00  9.66300000E-01  7.07513307E-01 -2.23166786E-08  2.50932866E-08  1.36161908E+02  6.22454362E-03  7.77093016E-02  2.41852511E+01
  0.00000000E+00  9.66200000E-01  7.07903202E-01 -2.23096210E-08  2.50650020E-08  1.35994410E+02  6.22484855E-03  7.79641058E-02  2.42657427E+01
  0.00000000E+00  9.66100000E-01  7.08291821E-01 -2.23029615E-08  2.50367530E-08  1.35827456E+02  6.22514723E-03  7.82189216E-02  2.43462213E+01
  0.00000000E+00  9.66000000E-01  7.08679172E-01 -2.22966984E-08  2.50085333E-08  1.35661043E+02  6.22543974E-03  7.84737491E-02  2.44266869E+01
  0.00000000E+00  9.65900000E-01  7.09065265E-01 -2.22908298E-08  2.49803361E-08  1.35495168E+02  6.22572612E-03  7.87285880E-02  2.45071393E+01
  0.00000000E+00  9.65800000E-01  7.09450105E-01 -2.22853530E-08  2.49521547E-08  1.35329826E+02  6.22600644E-03  7.89834382E-02  2.45875785E+01
  0.00000000E+00  9.65700000E-01  7.09833703E-01 -2.22802649E-08  2.49239822E-08  1.35165016E+02  6.22628075E-03  7.92382994E-02  2.46680045E+01
  0.00000000E+00  9.65600000E-01  7.10216066E-01 -2.22755615E-08  2.48958115E-08  1.35000732E+02  6.22654912E-03  7.94931715E-02  2.47484172E+01
  0.00000000E+00  9.65500000E-01  7.10597201E-01 -2.22712386E-08  2.48676355E-08  1.34836973E+02  6.22681161E-03  7.97480543E-02  2.48288166E+01
  0.00000000E+00  9.65400000E-01  7.10977118E-01 -2.22672909E-08  2.48394467E-08  1.34673734E+02  6.22706826E-03  8.00029477E-02  2.49092025E+01
  0.00000000E+00  9.65300000E-01  7.11355822E-01 -2.22637129E-08  2.48112379E-08  1.34511012E+02  6.22731914E-03  8.02578515E-02  2.49895751E+01
  0.00000000E+00  9.65200000E-01  7.11733323E-01 -2.22604983E-08  2.47830016E-08  1.34348803E+02  6.22756430E-03  8.05127655E-02  2.50699341E+01
  0.00000000E+00  9.65100000E-01  7.12109628E-01 -2.22576403E-08  2.47547303E-08  1.34187105E+02  6.22780379E-03  8.07676896E-02  2.51502795E+01
  0.00000000E+00  9.65000000E-01  7.12484744E-01 -2.22551313E-08  2.47264165E-08  1.34025915E+02  6.22803768E-03  8.10226236E-02  2.52306114E+01
  0.00000000E+00  9.64900000E-01  7.12858679E-01 -2.22529635E-08  2.46980525E-08  1.33865229E+02  6.22826600E-03  8.12775674E-02  2.53109296E+01
  0.00000000E+00  9.64800000E-01  7.13231440E-01 -2.22511280E-08  2.46696308E-08  1.33705043E+02  6.22848882E-03  8.15325207E-02  2.53912341E+01
  0.00000000E+00  9.64700000E-01  7.13603034E-01 -2.22496158E-08  2.46411438E-08  1.33545355E+02  6.22870618E-03  8.17874835E-02  2.54715248E+01
  0.00000000E+00  9.64600000E-01  7.13973470E-01 -2.22484170E-08  2.46125841E-08  1.33386162E+02  6.22891814E-03  8.20424556E-02  2.55518017E+01
  0.00000000E+00  9.64500000E-01  7.14342754E-01 -2.22475213E-08  2.45839442E-08  1.33227461E+02  6.22912475E-03  8.22974368E-02  2.56320648E+01
  0.00000000E+00  9.64400000E-01  7.14710892E-01 -2.22469178E-08  2.45552168E-08  1.33069248E+02  6.22932604E-03  8.25524270E-02  2.57123140E+01
  0.00000000E+00  9.64300000E-01  7.15077894E-01 -2.22465951E-08  2.45263945E-08  1.32911520E+02  6.22952209E-03  8.28074261E-02  2.57925492E+01
  0.00000000E+00  9.64200000E-01  7.15443764E-01 -2.22465412E-08  2.44974704E-08  1.32754275E+02  6.22971292E-03  8.30624338E-02  2.58727704E+01
  0.00000000E+00  9.64100000E-01  7.15808511E-01 -2.22467438E-08  2.44684374E-08  1.32597510E+02  6.22989859E-03  8.33174501E-02  2.59529775E+01
  0.00000000E+00  9.64000000E-01  7.16172140E-01 -2.22471899E-08  2.44392888E-08  1.32441221E+02  6.23007914E-03  8.35724748E-02  2.60331706E+01
  0.00000000E+00  9.63900000E-01  7.16534660E-01 -2.22478662E-08  2.44100181E-08  1.32285406E+02  6.23025463E-03  8.38275077E-02  2.61133494E+01
  0.00000000E+00  9.63800000E-01  7.16896076E-01 -2.22487590E-08  2.43806189E-08  1.32130061E+02  6.23042508E-03  8.40825488E-02  2.61935142E+01
  0.00000000E+00  9.63700000E-01  7.17256395E-01 -2.22498540E-08  2.43510853E-08  1.31975185E+02  6.23059056E-03  8.43375979E-02  2.62736646E+01
  0.00000000E+00  9.63600000E-01  7.17615625E-01 -2.22511368E-08  2.43214114E-08  1.31820774E+02  6.23075110E-03  8.45926549E-02  2.63538008E+01
  0.00000000E+00  9.63500000E-01  7.17973770E-01 -2.22525924E-08  2.42915919E-08  1.31666825E+02  6.23090675E-03  8.48477195E-02  2.64339227E+01
  0.00000000E+00  9.63400000E-01  7.18330839E-01 -2.22542056E-08  2.42616218E-08  1.31513335E+02  6.23105754E-03  8.51027918E-02  2.65140301E+01
  0.00000000E+00  9.63300000E-01  7.18686837E-01 -2.22559611E-08  2.42314964E-08  1.31360303E+02  6.23120353E-03  8.53578715E-02  2.65941232E+01
  0.00000000E+00  9.63200000E-01  7.19041770E-01 -2.22578431E-08  2.42012116E-08  1.31207724E+02  6.23134474E-03  8.56129586E-02  2.66742018E+01
  0.00000000E+00  9.63100000E-01  7.19395646E-01 -2.22598356E-08  2.41707636E-08  1.31055597E+02  6.23148123E-03  8.58680529E-02  2.67542659E+01
  0.00000000E+00  9.63000000E-01  7.19748469E-01 -2.22619227E-08  2.41401492E-08  1.30903919E+02  6.23161303E-03  8.61231542E-02  2.68343155E+01
  0.00000000E+00  9.62900000E-01  7.20100248E-01 -2.22640882E-08  2.41093656E-08  1.30752687E+02  6.23174018E-03  8.63782625E-02  2.69143504E+01
  0.00000000E+00  9.62800000E-01  7.20450986E-01 -2.22663158E-08  2.40784109E-08  1.30601898E+02  6.23186272E-03  8.66333777E-02  2.69943708E+01
  0.00000000E+00  9.62700000E-01  7.20800692E-01 -2.22685893E-08  2.40472835E-08  1.30451550E+02  6.23198070E-03  8.68884995E-02  2.70743764E+01
  0.00000000E+00  9.62600000E-01  7.21149370E-01 -2.22708924E-08  2.40159825E-08  1.30301640E+02  6.23209414E-03  8.71436280E-02  2.71543674E+01
  0.00000000E+00  9.62500000E-01  7.21497026E-01 -2.22732090E-08  2.39845079E-08  1.30152166E+02  6.23220308E-03  8.73987629E-02  2.72343436E+01
  0.00000000E+00  9.62400000E-01  7.21843667E-01 -2.22755232E-08  2.39528602E-08  1.30003125E+02  6.23230756E-03  8.76539042E-02  2.73143050E+01
  0.00000000E+00  9.62300000E-01  7.22189299E-01 -2.22778190E-08  2.39210409E-08  1.29854515E+02  6.23240763E-03  8.79090518E-02  2.73942516E+01
  0.00000000E+00  9.62200000E-01  7.22533926E-01 -2.22800810E-08  2.38890522E-08  1.29706333E+02  6.23250330E-03  8.81642055E-02  2.74741834E+01
  0.00000000E+00  9.62100000E-01  7.22877556E-01 -2.22822939E-08  2.38568971E-08  1.29558577E+02  6.23259463E-03  8.84193652E-02  2.75541002E+01
  0.00000000E+00  9.62000000E-01  7.23220193E-01 -2.22844429E-08  2.38245797E-08  1.29411245E+02  6.23268164E-03  8.86745309E-02  2.76340021E+01
  0.00000000E+00  9.61900000E-01  7.23561843E-01 -2.22865136E-08  2.37921050E-08  1.29264333E+02  6.23276437E-03  8.89297024E-02  2.77138890E+01
  0.00000000E+00  9.61800000E-01  7.23902512E-01 -2.22884921E-08  2.37594790E-08  1.29117839E+02  6.23284286E-03  8.91848795E-02  2.77937610E+01
  0.00000000E+00  9.61700000E-01  7.24242206E-01 -2.22903651E-08  2.37267087E-08  1.28971762E+02  6.23291713E-03  8.94400623E-02  2.78736178E+01
  0.00000000E+00  9.61600000E-01  7.24580929E-01 -2.22921202E-08  2.36938023E-08  1.28826099E+02  6.23298723E-03  8.96952506E-02  2.79534596E+01
  0.00000000E+00  9.61500000E-01  7.24918688E-01 -2.22937453E-08  2.36607693E-08  1.28680847E+02  6.23305318E-03  8.99504442E-02  2.80332863E+01
  0.00000000E+00  9.61400000E-01  7.25255488E-01 -2.22952297E-08  2.36276202E-08  1.28536004E+02  6.23311502E-03  9.02056432E-02  2.81130978E+01
  0.00000000E+00  9.61300000E-01  7.25591334E-01 -2.22965631E-08  2.35943668E-08  1.28391568E+02  6.23317278E-03  9.04608473E-02  2.81928942E+01
  0.00000000E+00  9.61200000E-01  7.25926231E-01 -2.22977366E-08  2.35610224E-08  1.28247536E+02  6.23322649E-03  9.07160565E-02  2.82726754E+01
  0.00000000E+00  9.61100000E-01  7.26260185E-01 -2.22987422E-08  2.35276015E-08  1.28103907E+02  6.23327619E-03  9.09712708E-02  2.83524413E+01
  0.00000000E+00  9.61000000E-01  7.26593202E-01 -2.22995730E-08  2.34941202E-08  1.27960678E+02  6.23332191E-03  9.12264899E-02  2.84321919E+01
  0.00000000E+00  9.60900000E-01  7.26925285E-01 -2.23002238E-08  2.34605961E-08  1.27817847E+02  6.23336368E-03  9.14817138E-02  2.85119273E+01
  0.00000000E+00  9.60800000E-01  7.27256441E-01 -2.23006903E-08  2.34270483E-08  1.27675411E+02  6.23340153E-03  9.17369424E-02  2.85916473E+01
  0.00000000E+00  9.60700000E-01  7.27586674E-01 -2.23009701E-08  2.33934976E-08  1.27533369E+02  6.23343550E-03  9.19921756E-02  2.86713519E+01
  0.00000000E+00  9.60600000E-01  7.27915990E-01 -2.23010621E-08  2.33599663E-08  1.27391717E+02  6.23346561E-03  9.22474134E-02  2.87510412E+01
  0.00000000E+00  9.60500000E-01  7.28244394E-01 -2.23009672E-08  2.33264788E-08  1.27250455E+02  6.23349190E-03  9.25026555E-02  2.88307151E+01
  0.00000000E+00  9.60400000E-01  7.28571890E-01 -2.23006878E-08  2.32930610E-08  1.27109580E+02  6.23351440E-03  9.27579020E-02  2.89103735E+01
  0.00000000E+00  9.60300000E-01  7.28898484E-01 -2.23002286E-08  2.32597409E-08  1.26969090E+02  6.23353314E-03  9.30131528E-02  2.89900165E+01
  0.00000000E+00  9.60200000E-01  7.29224181E-01 -2.22995960E-08  2.32265484E-08  1.26828982E+02  6.23354816E-03  9.32684076E-02  2.90696440E+01
  0.00000000E+00  9.60100000E-01  7.29548986E-01 -2.22987990E-08  2.31935155E-08  1.26689255E+02  6.23355947E-03  9.35236666E-02  2.91492560E+01
  0.00000000E+00  9.60000000E-01  7.29872903E-01 -2.22978485E-08  2.31606761E-08  1.26549906E+02  6.23356713E-03  9.37789294E-02  2.92288524E+01
  0.00000000E+00  9.59900000E-01  7.30195937E-01 -2.22967581E-08  2.31280664E-08  1.26410934E+02  6.23357115E-03  9.40341962E-02  2.93084333E+01
  0.00000000E+00  9.59800000E-01  7.30518094E-01 -2.22955440E-08  2.30957250E-08  1.26272336E+02  6.23357157E-03  9.42894668E-02  2.93879987E+01
  0.00000000E+00  9.59700000E-01  7.30839377E-01 -2.22942249E-08  2.30636927E-08  1.26134110E+02  6.23356843E-03  9.45447410E-02  2.94675484E+01
  0.00000000E+00  9.59600000E-01  7.31159793E-01 -2.22928225E-08  2.30320125E-08  1.25996254E+02  6.23356175E-03  9.48000188E-02  2.95470825E+01
  0.00000000E+00  9.59500000E-01  7.31479345E-01 -2.22913615E-08  2.30007302E-08  1.25858766E+02  6.23355158E-03  9.50553002E-02  2.96266010E+01
  0.00000000E+00  9.59400000E-01  7.31798039E-01 -2.22898698E-08  2.29698939E-08  1.25721645E+02  6.23353793E-03  9.53105850E-02  2.97061039E+01
  0.00000000E+00  9.59300000E-01  7.32115879E-01 -2.22883785E-08  2.29395546E-08  1.25584887E+02  6.23352085E-03  9.55658731E-02  2.97855911E+01
  0.00000000E+00  9.59200000E-01  7.32432870E-01 -2.22869221E-08  2.29097658E-08  1.25448491E+02  6.23350037E-03  9.58211644E-02  2.98650626E+01
  0.00000000E+00  9.59100000E-01  7.32749016E-01 -2.22855388E-08  2.28805839E-08  1.25312455E+02  6.23347653E-03  9.60764589E-02  2.99445184E+01
  0.00000000E+00  9.59000000E-01  7.33064323E-01 -2.22842707E-08  2.28520682E-08  1.25176778E+02  6.23344936E-03  9.63317565E-02  3.00239585E+01
  0.00000000E+00  9.58900000E-01  7.33378795E-01 -2.22831637E-08  2.28242809E-08  1.25041456E+02  6.23341889E-03  9.65870570E-02  3.01033829E+01
  0.00000000E+00  9.58800000E-01  7.33692436E-01 -2.22822677E-08  2.27972874E-08  1.24906488E+02  6.23338517E-03  9.68423605E-02  3.01827916E+01
  0.00000000E+00  9.58700000E-01  7.34005252E-01 -2.22816372E-08  2.27711560E-08  1.24771872E+02  6.23334823E-03  9.70976666E-02  3.02621845E+01
  0.00000000E+00  9.58600000E-01  7.34317247E-01 -2.22813308E-08  2.27459586E-08  1.24637606E+02  6.23330810E-03  9.73529755E-02  3.03415617E+01
  0.00000000E+00  9.58500000E-01  7.34628425E-01 -2.22814121E-08  2.27217701E-08  1.24503687E+02  6.23326483E-03  9.76082870E-02  3.04209231E+01
  0.00000000E+00  9.58400000E-01  7.34938792E-01 -2.22819494E-08  2.26986690E-08  1.24370115E+02  6.23321846E-03  9.78636009E-02  3.05002687E+01
  0.00000000E+00  9.58300000E-01  7.35248352E-01 -2.22830159E-08  2.26767374E-08  1.24236886E+02  6.23316903E-03  9.81189173E-02  3.05795986E+01
  0.00000000E+00  9.58200000E-01  7.35557110E-01 -2.22846902E-08  2.26560608E-08  1.24104000E+02  6.23311657E-03  9.83742360E-02  3.06589127E+01
  0.00000000E+00  9.58100000E-01  7.35865070E-01 -2.22870562E-08  2.26367286E-08  1.23971453E+02  6.23306113E-03  9.86295568E-02  3.07382111E+01
  0.00000000E+00  9.58000000E-01  7.36172237E-01 -2.22902035E-08  2.26188340E-08  1.23839244E+02  6.23300276E-03  9.88848798E-02  3.08174936E+01
  0.00000000E+00  9.57900000E-01  7.36478616E-01 -2.22942276E-08  2.26024739E-08  1.23707371E+02  6.23294149E-03  9.91402047E-02  3.08967604E+01
  0.00000000E+00  9.57800000E-01  7.36784211E-01 -2.22992299E-08  2.25877497E-08  1.23575832E+02  6.23287738E-03  9.93955315E-02  3.09760113E+01
  0.00000000E+00  9.57700000E-01  7.37089027E-01 -2.23053181E-08  2.25747664E-08  1.23444624E+02  6.23281047E-03  9.96508601E-02  3.10552465E+01
  0.00000000E+00  9.57600000E-01  7.37393034E-01 -2.23119154E-08  2.25420049E-08  1.23313762E+02  6.23273976E-03  9.99061900E-02  3.11344647E+01
  0.00000000E+00  9.57500000E-01  7.37696262E-01 -2.23181912E-08  2.25074082E-08  1.23183232E+02  6.23266599E-03  1.00161522E-01  3.12136666E+01
  0.00000000E+00  9.57400000E-01  7.37998718E-01 -2.23241569E-08  2.24731242E-08  1.23053031E+02  6.23258926E-03  1.00416856E-01  3.12928525E+01
  0.00000000E+00  9.57300000E-01  7.38300407E-01 -2.23298259E-08  2.24391449E-08  1.22923157E+02  6.23250961E-03  1.00672193E-01  3.13720222E+01
  0.00000000E+00  9.57200000E-01  7.38601332E-01 -2.23352113E-08  2.24054623E-08  1.22793609E+02  6.23242704E-03  1.00927531E-01  3.14511758E+01
  0.00000000E+00  9.57100000E-01  7.38901497E-01 -2.23403257E-08  2.23720688E-08  1.22664385E+02  6.23234160E-03  1.01182871E-01  3.15303132E+01
  0.00000000E+00  9.57000000E-01  7.39200906E-01 -2.23451814E-08  2.23389566E-08  1.22535484E+02  6.23225330E-03  1.01438213E-01  3.16094345E+01
  0.00000000E+00  9.56900000E-01  7.39499562E-01 -2.23497901E-08  2.23061184E-08  1.22406903E+02  6.23216215E-03  1.01693557E-01  3.16885396E+01
  0.00000000E+00  9.56800000E-01  7.39797469E-01 -2.23541634E-08  2.22735468E-08  1.22278641E+02  6.23206819E-03  1.01948903E-01  3.17676285E+01
  0.00000000E+00  9.56700000E-01  7.40094631E-01 -2.23583124E-08  2.22412347E-08  1.22150697E+02  6.23197143E-03  1.02204250E-01  3.18467012E+01
  0.00000000E+00  9.56600000E-01  7.40391052E-01 -2.23622480E-08  2.22091749E-08  1.22023069E+02  6.23187189E-03  1.02459599E-01  3.19257576E+01
  0.00000000E+00  9.56500000E-01  7.40686736E-01 -2.23659805E-08  2.21773606E-08  1.21895756E+02  6.23176960E-03  1.02714950E-01  3.20047978E+01
  0.00000000E+00  9.56400000E-01  7.40981685E-01 -2.23695201E-08  2.21457849E-08  1.21768755E+02  6.23166457E-03  1.02970302E-01  3.20838218E+01
  0.00000000E+00  9.56300000E-01  7.41275903E-01 -2.23728764E-08  2.21144412E-08  1.21642066E+02  6.23155683E-03  1.03225655E-01  3.21628295E+01
  0.00000000E+00  9.56200000E-01  7.41569395E-01 -2.23760590E-08  2.20833231E-08  1.21515687E+02  6.23144640E-03  1.03481010E-01  3.22418208E+01
  0.00000000E+00  9.56100000E-01  7.41862164E-01 -2.23790770E-08  2.20524240E-08  1.21389616E+02  6.23133329E-03  1.03736366E-01  3.23207959E+01
  0.00000000E+00  9.56000000E-01  7.42154212E-01 -2.23819391E-08  2.20217377E-08  1.21263852E+02  6.23121753E-03  1.03991723E-01  3.23997547E+01
  0.00000000E+00  9.55900000E-01  7.42445544E-01 -2.23846539E-08  2.19912582E-08  1.21138393E+02  6.23109914E-03  1.04247082E-01  3.24786971E+01
  0.00000000E+00  9.55800000E-01  7.42736163E-01 -2.23872295E-08  2.19609793E-08  1.21013239E+02  6.23097813E-03  1.04502441E-01  3.25576232E+01
  0.00000000E+00  9.55700000E-01  7.43026073E-01 -2.23896738E-08  2.19308951E-08  1.20888386E+02  6.23085453E-03  1.04757802E-01  3.26365329E+01
  0.00000000E+00  9.55600000E-01  7.43315277E-01 -2.23919944E-08  2.19010000E-08  1.20763835E+02  6.23072836E-03  1.05013164E-01  3.27154263E+01
  0.00000000E+00  9.55500000E-01  7.43603779E-01 -2.23941987E-08  2.18712882E-08  1.20639583E+02  6.23059963E-03  1.05268526E-01  3.27943032E+01
  0.00000000E+00  9.55400000E-01  7.43891581E-01 -2.23962936E-08  2.18417542E-08  1.20515629E+02  6.23046836E-03  1.05523890E-01  3.28731638E+01
  0.00000000E+00  9.55300000E-01  7.44178687E-01 -2.23982860E-08  2.18123927E-08  1.20391971E+02  6.23033457E-03  1.05779254E-01  3.29520079E+01
  0.00000000E+00  9.55200000E-01  7.44465101E-01 -2.24001824E-08  2.17831983E-08  1.20268609E+02  6.23019828E-03  1.06034619E-01  3.30308356E+01
  0.00000000E+00  9.55100000E-01  7.44750826E-01 -2.24019889E-08  2.17541657E-08  1.20145540E+02  6.23005952E-03  1.06289985E-01  3.31096469E+01
  0.00000000E+00  9.55000000E-01  7.45035865E-01 -2.24037116E-08  2.17252901E-08  1.20022764E+02  6.22991828E-03  1.06545352E-01  3.31884417E+01
  0.00000000E+00  9.54900000E-01  7.45320221E-01 -2.24053563E-08  2.16965663E-08  1.19900279E+02  6.22977461E-03  1.06800719E-01  3.32672201E+01
  0.00000000E+00  9.54800000E-01  7.45603898E-01 -2.24069284E-08  2.16679896E-08  1.19778083E+02  6.22962850E-03  1.07056087E-01  3.33459819E+01
  0.00000000E+00  9.54700000E-01  7.45886899E-01 -2.24084332E-08  2.16395552E-08  1.19656175E+02  6.22947999E-03  1.07311455E-01  3.34247273E+01
  0.00000000E+00  9.54600000E-01  7.46169228E-01 -2.24098757E-08  2.16112586E-08  1.19534554E+02  6.22932909E-03  1.07566824E-01  3.35034562E+01
  0.00000000E+00  9.54500000E-01  7.46450886E-01 -2.24112607E-08  2.15830950E-08  1.19413219E+02  6.22917581E-03  1.07822193E-01  3.35821685E+01
  0.00000000E+00  9.54400000E-01  7.46731878E-01 -2.24125928E-08  2.15550603E-08  1.19292167E+02  6.22902017E-03  1.08077563E-01  3.36608643E+01
  0.00000000E+00  9.54300000E-01  7.47012206E-01 -2.24138764E-08  2.15271500E-08  1.19171399E+02  6.22886219E-03  1.08332932E-01  3.37395436E+01
  0.00000000E+00  9.54200000E-01  7.47291875E-01 -2.24151156E-08  2.14993599E-08  1.19050911E+02  6.22870189E-03  1.08588303E-01  3.38182063E+01
  0.00000000E+00  9.54100000E-01  7.47570886E-01 -2.24163144E-08  2.14716859E-08  1.18930704E+02  6.22853929E-03  1.08843673E-01  3.38968524E+01
  0.00000000E+00  9.54000000E-01  7.47849243E-01 -2.24174765E-08  2.14441241E-08  1.18810775E+02  6.22837439E-03  1.09099043E-01  3.39754820E+01
  0.00000000E+00  9.53900000E-01  7.48126949E-01 -2.24186055E-08  2.14166705E-08  1.18691124E+02  6.22820722E-03  1.09354414E-01  3.40540949E+01
  0.00000000E+00  9.53800000E-01  7.48404007E-01 -2.24197047E-08  2.13893213E-08  1.18571749E+02  6.22803779E-03  1.09609785E-01  3.41326913E+01
  0.00000000E+00  9.53700000E-01  7.48680420E-01 -2.24207773E-08  2.13620728E-08  1.18452649E+02  6.22786613E-03  1.09865155E-01  3.42112710E+01
  0.00000000E+00  9.53600000E-01  7.48956191E-01 -2.24218263E-08  2.13349213E-08  1.18333823E+02  6.22769223E-03  1.10120526E-01  3.42898341E+01
  0.00000000E+00  9.53500000E-01  7.49231323E-01 -2.24228545E-08  2.13078634E-08  1.18215268E+02  6.22751613E-03  1.10375897E-01  3.43683806E+01
  0.00000000E+00  9.53400000E-01  7.49505819E-01 -2.24238647E-08  2.12808957E-08  1.18096985E+02  6.22733784E-03  1.10631267E-01  3.44469104E+01
  0.00000000E+00  9.53300000E-01  7.49779682E-01 -2.24248591E-08  2.12540147E-08  1.17978972E+02  6.22715737E-03  1.10886637E-01  3.45254235E+01
  0.00000000E+00  9.53200000E-01  7.50052915E-01 -2.24258402E-08  2.12272172E-08  1.17861227E+02  6.22697473E-03  1.11142008E-01  3.46039200E+01
  0.00000000E+00  9.53100000E-01  7.50325520E-01 -2.24268102E-08  2.12005001E-08  1.17743749E+02  6.22678995E-03  1.11397377E-01  3.46823998E+01
  0.00000000E+00  9.53000000E-01  7.50597502E-01 -2.24277710E-08  2.11738603E-08  1.17626538E+02  6.22660304E-03  1.11652747E-01  3.47608629E+01
  0.00000000E+00  9.52900000E-01  7.50868861E-01 -2.24287244E-08  2.11472948E-08  1.17509591E+02  6.22641401E-03  1.11908116E-01  3.48393093E+01
  0.00000000E+00  9.52800000E-01  7.51139602E-01 -2.24296723E-08  2.11208007E-08  1.17392908E+02  6.22622288E-03  1.12163485E-01  3.49177389E+01
  0.00000000E+00  9.52700000E-01  7.51409728E-01 -2.24306162E-08  2.10943752E-08  1.17276487E+02  6.22602966E-03  1.12418854E-01  3.49961518E+01
  0.00000000E+00  9.52600000E-01  7.51679240E-01 -2.24315574E-08  2.10680156E-08  1.17160328E+02  6.22583437E-03  1.12674222E-01  3.50745480E+01
  0.00000000E+00  9.52500000E-01  7.51948142E-01 -2.24324974E-08  2.10417191E-08  1.17044428E+02  6.22563703E-03  1.12929589E-01  3.51529275E+01
  0.00000000E+00  9.52400000E-01  7.52216436E-01 -2.24334372E-08  2.10154833E-08  1.16928788E+02  6.22543763E-03  1.13184956E-01  3.52312901E+01
  0.00000000E+00  9.52300000E-01  7.52484126E-01 -2.24343780E-08  2.09893055E-08  1.16813405E+02  6.22523621E-03  1.13440322E-01  3.53096360E+01
  0.00000000E+00  9.52200000E-01  7.52751213E-01 -2.24353206E-08  2.09631836E-08  1.16698278E+02  6.22503278E-03  1.13695688E-01  3.53879652E+01
  0.00000000E+00  9.52100000E-01  7.53017702E-01 -2.24362659E-08  2.09371149E-08  1.16583407E+02  6.22482734E-03  1.13951053E-01  3.54662775E+01
  0.00000000E+00  9.52000000E-01  7.53283593E-01 -2.24372145E-08  2.09110974E-08  1.16468791E+02  6.22461992E-03  1.14206418E-01  3.55445730E+01
  0.00000000E+00  9.51900000E-01  7.53548891E-01 -2.24381672E-08  2.08851288E-08  1.16354427E+02  6.22441052E-03  1.14461781E-01  3.56228517E+01
  0.00000000E+00  9.51800000E-01  7.53813598E-01 -2.24391242E-08  2.08592071E-08  1.16240315E+02  6.22419916E-03  1.14717144E-01  3.57011136E+01
  0.00000000E+00  9.51700000E-01  7.54077716E-01 -2.24400861E-08  2.08333300E-08  1.16126454E+02  6.22398586E-03  1.14972506E-01  3.57793587E+01
  0.00000000E+00  9.51600000E-01  7.54341248E-01 -2.24410530E-08  2.08074958E-08  1.16012842E+02  6.22377062E-03  1.15227867E-01  3.58575869E+01
  0.00000000E+00  9.51500000E-01  7.54604197E-01 -2.24420253E-08  2.07817025E-08  1.15899480E+02  6.22355347E-03  1.15483227E-01  3.59357982E+01
  0.00000000E+00  9.51400000E-01  7.54866564E-01 -2.24430029E-08  2.07559482E-08  1.15786364E+02  6.22333440E-03  1.15738586E-01  3.60139927E+01
  0.00000000E+00  9.51300000E-01  7.55128354E-01 -2.24439860E-08  2.07302312E-08  1.15673495E+02  6.22311345E-03  1.15993945E-01  3.60921703E+01
  0.00000000E+00  9.51200000E-01  7.55389568E-01 -2.24449744E-08  2.07045498E-08  1.15560872E+02  6.22289061E-03  1.16249302E-01  3.61703311E+01
  0.00000000E+00  9.51100000E-01  7.55650209E-01 -2.24459679E-08  2.06789024E-08  1.15448492E+02  6.22266591E-03  1.16504658E-01  3.62484749E+01
  0.00000000E+00  9.51000000E-01  7.55910279E-01 -2.24469664E-08  2.06532873E-08  1.15336355E+02  6.22243935E-03  1.16760013E-01  3.63266019E+01
  0.00000000E+00  9.50900000E-01  7.56169782E-01 -2.24479695E-08  2.06277032E-08  1.15224461E+02  6.22221094E-03  1.17015367E-01  3.64047119E+01
  0.00000000E+00  9.50800000E-01  7.56428718E-01 -2.24489768E-08  2.06021485E-08  1.15112808E+02  6.22198071E-03  1.17270720E-01  3.64828051E+01
  0.00000000E+00  9.50700000E-01  7.56687092E-01 -2.24499879E-08  2.05766218E-08  1.15001394E+02  6.22174866E-03  1.17526072E-01  3.65608813E+01
  0.00000000E+00  9.50600000E-01  7.56944905E-01 -2.24510023E-08  2.05511219E-08  1.14890219E+02  6.22151480E-03  1.17781422E-01  3.66389406E+01
  0.00000000E+00  9.50500000E-01  7.57202159E-01 -2.24520194E-08  2.05256474E-08  1.14779282E+02  6.22127915E-03  1.18036772E-01  3.67169829E+01
  0.00000000E+00  9.50400000E-01  7.57458858E-01 -2.24530386E-08  2.05001972E-08  1.14668582E+02  6.22104172E-03  1.18292120E-01  3.67950083E+01
  0.00000000E+00  9.50300000E-01  7.57715004E-01 -2.24540591E-08  2.04747702E-08  1.14558118E+02  6.22080252E-03  1.18547466E-01  3.68730167E+01
  0.00000000E+00  9.50200000E-01  7.57970599E-01 -2.24550802E-08  2.04493651E-08  1.14447888E+02  6.22056156E-03  1.18802811E-01  3.69510081E+01
  0.00000000E+00  9.50100000E-01  7.58225645E-01 -2.24561012E-08  2.04239811E-08  1.14337893E+02  6.22031885E-03  1.19058155E-01  3.70289826E+01
  0.00000000E+00  9.50000000E-01  7.58480145E-01 -2.24571211E-08  2.03986171E-08  1.14228129E+02  6.22007441E-03  1.19313497E-01  3.71069401E+01
  0.00000000E+00  9.49900000E-01  7.58734101E-01 -2.24581391E-08  2.03732721E-08  1.14118598E+02  6.21982825E-03  1.19568838E-01  3.71848806E+01
  0.00000000E+00  9.49800000E-01  7.58987515E-01 -2.24591543E-08  2.03479454E-08  1.14009297E+02  6.21958037E-03  1.19824178E-01  3.72628040E+01
  0.00000000E+00  9.49700000E-01  7.59240391E-01 -2.24601655E-08  2.03226360E-08  1.13900226E+02  6.21933080E-03  1.20079516E-01  3.73407105E+01
  0.00000000E+00  9.49600000E-01  7.59492729E-01 -2.24611720E-08  2.02973432E-08  1.13791384E+02  6.21907953E-03  1.20334852E-01  3.74186000E+01
  0.00000000E+00  9.49500000E-01  7.59744533E-01 -2.24621725E-08  2.02720663E-08  1.13682769E+02  6.21882659E-03  1.20590187E-01  3.74964724E+01
  0.00000000E+00  9.49400000E-01  7.59995804E-01 -2.24631660E-08  2.02468045E-08  1.13574382E+02  6.21857198E-03  1.20845520E-01  3.75743278E+01
  0.00000000E+00  9.49300000E-01  7.60246546E-01 -2.24641514E-08  2.02215574E-08  1.13466220E+02  6.21831571E-03  1.21100851E-01  3.76521662E+01
  0.00000000E+00  9.49200000E-01  7.60496759E-01 -2.24651276E-08  2.01963241E-08  1.13358283E+02  6.21805780E-03  1.21356181E-01  3.77299875E+01
  0.00000000E+00  9.49100000E-01  7.60746447E-01 -2.24660933E-08  2.01711043E-08  1.13250570E+02  6.21779826E-03  1.21611509E-01  3.78077917E+01
  0.00000000E+00  9.49000000E-01  7.60995612E-01 -2.24670473E-08  2.01458975E-08  1.13143079E+02  6.21753709E-03  1.21866836E-01  3.78855789E+01
  0.00000000E+00  9.48900000E-01  7.61244256E-01 -2.24679885E-08  2.01207031E-08  1.13035811E+02  6.21727431E-03  1.22122160E-01  3.79633490E+01
  0.00000000E+00  9.48800000E-01  7.61492380E-01 -2.24689157E-08  2.00955207E-08  1.12928764E+02  6.21700992E-03  1.22377483E-01  3.80411021E+01
  0.00000000E+00  9.48700000E-01  7.61739988E-01 -2.24698274E-08  2.00703501E-08  1.12821937E+02  6.21674394E-03  1.22632804E-01  3.81188380E+01
  0.00000000E+00  9.48600000E-01  7.61987081E-01 -2.24707226E-08  2.00451907E-08  1.12715330E+02  6.21647638E-03  1.22888123E-01  3.81965569E+01
  0.00000000E+00  9.48500000E-01  7.62233662E-01 -2.24715998E-08  2.00200425E-08  1.12608940E+02  6.21620725E-03  1.23143440E-01  3.82742586E+01
  0.00000000E+00  9.48400000E-01  7.62479733E-01 -2.24724579E-08  1.99949050E-08  1.12502768E+02  6.21593655E-03  1.23398755E-01  3.83519433E+01
  0.00000000E+00  9.48300000E-01  7.62725295E-01 -2.24732954E-08  1.99697781E-08  1.12396813E+02  6.21566430E-03  1.23654069E-01  3.84296108E+01
  0.00000000E+00  9.48200000E-01  7.62970351E-01 -2.24741111E-08  1.99446616E-08  1.12291073E+02  6.21539052E-03  1.23909380E-01  3.85072612E+01
  0.00000000E+00  9.48100000E-01  7.63214903E-01 -2.24749036E-08  1.99195554E-08  1.12185548E+02  6.21511519E-03  1.24164689E-01  3.85848945E+01
  0.00000000E+00  9.48000000E-01  7.63458954E-01 -2.24756717E-08  1.98944594E-08  1.12080237E+02  6.21483835E-03  1.24419997E-01  3.86625107E+01
  0.00000000E+00  9.47900000E-01  7.63702504E-01 -2.24764139E-08  1.98693734E-08  1.11975138E+02  6.21455999E-03  1.24675302E-01  3.87401097E+01
  0.00000000E+00  9.47800000E-01  7.63945557E-01 -2.24771290E-08  1.98442975E-08  1.11870252E+02  6.21428013E-03  1.24930605E-01  3.88176915E+01
  0.00000000E+00  9.47700000E-01  7.64188114E-01 -2.24778156E-08  1.98192315E-08  1.11765577E+02  6.21399878E-03  1.25185906E-01  3.88952562E+01
  0.00000000E+00  9.47600000E-01  7.64430177E-01 -2.24784724E-08  1.97941757E-08  1.11661112E+02  6.21371594E-03  1.25441205E-01  3.89728038E+01
  0.00000000E+00  9.47500000E-01  7.64671749E-01 -2.24790981E-08  1.97691299E-08  1.11556857E+02  6.21343163E-03  1.25696502E-01  3.90503342E+01
  0.00000000E+00  9.47400000E-01  7.64912831E-01 -2.24796913E-08  1.97440943E-08  1.11452810E+02  6.21314585E-03  1.25951796E-01  3.91278474E+01
  0.00000000E+00  9.47300000E-01  7.65153425E-01 -2.24802507E-08  1.97190690E-08  1.11348971E+02  6.21285862E-03  1.26207089E-01  3.92053434E+01
  0.00000000E+00  9.47200000E-01  7.65393534E-01 -2.24807751E-08  1.96940542E-08  1.11245339E+02  6.21256993E-03  1.26462379E-01  3.92828222E+01
  0.00000000E+00  9.47100000E-01  7.65633158E-01 -2.24812630E-08  1.96690499E-08  1.11141913E+02  6.21227981E-03  1.26717667E-01  3.93602839E+01
  0.00000000E+00  9.47000000E-01  7.65872302E-01 -2.24817133E-08  1.96440565E-08  1.11038692E+02  6.21198826E-03  1.26972952E-01  3.94377283E+01
  0.00000000E+00  9.46900000E-01  7.66110965E-01 -2.24821247E-08  1.96190740E-08  1.10935676E+02  6.21169529E-03  1.27228236E-01  3.95151555E+01
  0.00000000E+00  9.46800000E-01  7.66349151E-01 -2.24824959E-08  1.95941028E-08  1.10832863E+02  6.21140091E-03  1.27483517E-01  3.95925656E+01
  0.00000000E+00  9.46700000E-01  7.66586860E-01 -2.24828256E-08  1.95691432E-08  1.10730253E+02  6.21110513E-03  1.27738795E-01  3.96699584E+01
  0.00000000E+00  9.46600000E-01  7.66824096E-01 -2.24831126E-08  1.95441953E-08  1.10627845E+02  6.21080795E-03  1.27994071E-01  3.97473340E+01
  0.00000000E+00  9.46500000E-01  7.67060859E-01 -2.24833557E-08  1.95192596E-08  1.10525638E+02  6.21050939E-03  1.28249345E-01  3.98246923E+01
  0.00000000E+00  9.46400000E-01  7.67297153E-01 -2.24835538E-08  1.94943364E-08  1.10423631E+02  6.21020944E-03  1.28504616E-01  3.99020335E+01
  0.00000000E+00  9.46300000E-01  7.67532978E-01 -2.24837055E-08  1.94694260E-08  1.10321824E+02  6.20990814E-03  1.28759885E-01  3.99793573E+01
  0.00000000E+00  9.46200000E-01  7.67768336E-01 -2.24838099E-08  1.94445288E-08  1.10220216E+02  6.20960547E-03  1.29015151E-01  4.00566640E+01
  0.00000000E+00  9.46100000E-01  7.68003230E-01 -2.24838656E-08  1.94196452E-08  1.10118805E+02  6.20930145E-03  1.29270415E-01  4.01339534E+01
  0.00000000E+00  9.46000000E-01  7.68237661E-01 -2.24838717E-08  1.93947756E-08  1.10017592E+02  6.20899608E-03  1.29525676E-01  4.02112255E+01
  0.00000000E+00  9.45900000E-01  7.68471631E-01 -2.24838270E-08  1.93699205E-08  1.09916575E+02  6.20868938E-03  1.29780935E-01  4.02884804E+01
  0.00000000E+00  9.45800000E-01  7.68705142E-01 -2.24837305E-08  1.93450802E-08  1.09815754E+02  6.20838136E-03  1.30036191E-01  4.03657180E+01
  0.00000000E+00  9.45700000E-01  7.68938196E-01 -2.24835811E-08  1.93202554E-08  1.09715127E+02  6.20807201E-03  1.30291445E-01  4.04429383E+01
  0.00000000E+00  9.45600000E-01  7.69170794E-01 -2.24833777E-08  1.92954464E-08  1.09614695E+02  6.20776135E-03  1.30546696E-01  4.05201414E+01
  0.00000000E+00  9.45500000E-01  7.69402938E-01 -2.24831195E-08  1.92706538E-08  1.09514456E+02  6.20744939E-03  1.30801944E-01  4.05973272E+01
  0.00000000E+00  9.45400000E-01  7.69634631E-01 -2.24828054E-08  1.92458780E-08  1.09414409E+02  6.20713614E-03  1.31057190E-01  4.06744957E+01
  0.00000000E+00  9.45300000E-01  7.69865873E-01 -2.24824345E-08  1.92211197E-08  1.09314554E+02  6.20682160E-03  1.31312432E-01  4.07516469E+01
  0.00000000E+00  9.45200000E-01  7.70096667E-01 -2.24820058E-08  1.91963792E-08  1.09214891E+02  6.20650577E-03  1.31567673E-01  4.08287808E+01
  0.00000000E+00  9.45100000E-01  7.70327014E-01 -2.24815186E-08  1.91716573E-08  1.09115417E+02  6.20618868E-03  1.31822910E-01  4.09058974E+01
  0.00000000E+00  9.45000000E-01  7.70556916E-01 -2.24809720E-08  1.91469545E-08  1.09016133E+02  6.20587032E-03  1.32078145E-01  4.09829967E+01
  0.00000000E+00  9.44900000E-01  7.70786376E-01 -2.24803650E-08  1.91222713E-08  1.08917038E+02  6.20555071E-03  1.32333377E-01  4.10600787E+01
  0.00000000E+00  9.44800000E-01  7.71015393E-01 -2.24796971E-08  1.90976083E-08  1.08818131E+02  6.20522985E-03  1.32588606E-01  4.11371433E+01
  0.00000000E+00  9.44700000E-01  7.71243971E-01 -2.24789673E-08  1.90729662E-08  1.08719411E+02  6.20490774E-03  1.32843832E-01  4.12141907E+01
  0.00000000E+00  9.44600000E-01  7.71472111E-01 -2.24781750E-08  1.90483455E-08  1.08620878E+02  6.20458440E-03  1.33099055E-01  4.12912207E+01
  0.00000000E+00  9.44500000E-01  7.71699814E-01 -2.24773194E-08  1.90237468E-08  1.08522531E+02  6.20425984E-03  1.33354276E-01  4.13682334E+01
  0.00000000E+00  9.44400000E-01  7.71927083E-01 -2.24764000E-08  1.89991708E-08  1.08424369E+02  6.20393405E-03  1.33609493E-01  4.14452287E+01
  0.00000000E+00  9.44300000E-01  7.72153919E-01 -2.24754160E-08  1.89746182E-08  1.08326391E+02  6.20360705E-03  1.33864708E-01  4.15222067E+01
  0.00000000E+00  9.44200000E-01  7.72380323E-01 -2.24743670E-08  1.89500895E-08  1.08228598E+02  6.20327885E-03  1.34119920E-01  4.15991674E+01
  0.00000000E+00  9.44100000E-01  7.72606298E-01 -2.24732522E-08  1.89255854E-08  1.08130987E+02  6.20294945E-03  1.34375129E-01  4.16761107E+01
  0.00000000E+00  9.44000000E-01  7.72831844E-01 -2.24720713E-08  1.89011065E-08  1.08033559E+02  6.20261885E-03  1.34630334E-01  4.17530367E+01
  0.00000000E+00  9.43900000E-01  7.73056964E-01 -2.24708237E-08  1.88766536E-08  1.07936312E+02  6.20228708E-03  1.34885537E-01  4.18299453E+01
  0.00000000E+00  9.43800000E-01  7.73281660E-01 -2.24695089E-08  1.88522272E-08  1.07839246E+02  6.20195412E-03  1.35140737E-01  4.19068366E+01
  0.00000000E+00  9.43700000E-01  7.73505932E-01 -2.24681266E-08  1.88278281E-08  1.07742361E+02  6.20162000E-03  1.35395934E-01  4.19837104E+01
  0.00000000E+00  9.43600000E-01  7.73729782E-01 -2.24666763E-08  1.88034568E-08  1.07645655E+02  6.20128471E-03  1.35651128E-01  4.20605670E+01
  0.00000000E+00  9.43500000E-01  7.73953212E-01 -2.24651578E-08  1.87791142E-08  1.07549129E+02  6.20094827E-03  1.35906318E-01  4.21374061E+01
  0.00000000E+00  9.43400000E-01  7.74176224E-01 -2.24635706E-08  1.87548008E-08  1.07452780E+02  6.20061068E-03  1.36161506E-01  4.22142279E+01
  0.00000000E+00  9.43300000E-01  7.74398819E-01 -2.24619145E-08  1.87305173E-08  1.07356609E+02  6.20027194E-03  1.36416690E-01  4.22910323E+01
  0.00000000E+00  9.43200000E-01  7.74620999E-01 -2.24601893E-08  1.87062645E-08  1.07260615E+02  6.19993207E-03  1.36671872E-01  4.23678193E+01
  0.00000000E+00  9.43100000E-01  7.74842765E-01 -2.24583947E-08  1.86820429E-08  1.07164798E+02  6.19959107E-03  1.36927050E-01  4.24445889E+01
  0.00000000E+00  9.43000000E-01  7.75064119E-01 -2.24565307E-08  1.86578533E-08  1.07069155E+02  6.19924894E-03  1.37182225E-01  4.25213411E+01
  0.00000000E+00  9.42900000E-01  7.75285062E-01 -2.24545969E-08  1.86336963E-08  1.06973688E+02  6.19890570E-03  1.37437397E-01  4.25980759E+01
  0.00000000E+00  9.42800000E-01  7.75505596E-01 -2.24525935E-08  1.86095727E-08  1.06878395E+02  6.19856135E-03  1.37692565E-01  4.26747933E+01
  0.00000000E+00  9.42700000E-01  7.75725723E-01 -2.24505202E-08  1.85854831E-08  1.06783276E+02  6.19821590E-03  1.37947731E-01  4.27514933E+01
  0.00000000E+00  9.42600000E-01  7.75945443E-01 -2.24483771E-08  1.85614282E-08  1.06688330E+02  6.19786934E-03  1.38202893E-01  4.28281759E+01
  0.00000000E+00  9.42500000E-01  7.76164759E-01 -2.24461641E-08  1.85374086E-08  1.06593556E+02  6.19752170E-03  1.38458052E-01  4.29048411E+01
  0.00000000E+00  9.42400000E-01  7.76383672E-01 -2.24438814E-08  1.85134250E-08  1.06498954E+02  6.19717297E-03  1.38713207E-01  4.29814889E+01
  0.00000000E+00  9.42300000E-01  7.76602183E-01 -2.24415290E-08  1.84894782E-08  1.06404523E+02  6.19682316E-03  1.38968359E-01  4.30581193E+01
  0.00000000E+00  9.42200000E-01  7.76820294E-01 -2.24391070E-08  1.84655687E-08  1.06310263E+02  6.19647228E-03  1.39223508E-01  4.31347322E+01
  0.00000000E+00  9.42100000E-01  7.77038006E-01 -2.24366155E-08  1.84416973E-08  1.06216172E+02  6.19612034E-03  1.39478654E-01  4.32113277E+01
  0.00000000E+00  9.42000000E-01  7.77255321E-01 -2.24340548E-08  1.84178645E-08  1.06122250E+02  6.19576733E-03  1.39733796E-01  4.32879058E+01
  0.00000000E+00  9.41900000E-01  7.77472241E-01 -2.24314251E-08  1.83940710E-08  1.06028497E+02  6.19541327E-03  1.39988935E-01  4.33644664E+01
  0.00000000E+00  9.41800000E-01  7.77688766E-01 -2.24287266E-08  1.83703176E-08  1.05934913E+02  6.19505816E-03  1.40244071E-01  4.34410096E+01
  0.00000000E+00  9.41700000E-01  7.77904898E-01 -2.24259597E-08  1.83466048E-08  1.05841495E+02  6.19470201E-03  1.40499203E-01  4.35175354E+01
  0.00000000E+00  9.41600000E-01  7.78120639E-01 -2.24231245E-08  1.83229332E-08  1.05748244E+02  6.19434483E-03  1.40754331E-01  4.35940437E+01
  0.00000000E+00  9.41500000E-01  7.78335990E-01 -2.24202216E-08  1.82993036E-08  1.05655159E+02  6.19398661E-03  1.41009456E-01  4.36705346E+01
  0.00000000E+00  9.41400000E-01  7.78550953E-01 -2.24172514E-08  1.82757165E-08  1.05562240E+02  6.19362737E-03  1.41264578E-01  4.37470081E+01
  0.00000000E+00  9.41300000E-01  7.78765528E-01 -2.24142141E-08  1.82521725E-08  1.05469486E+02  6.19326711E-03  1.41519696E-01  4.38234640E+01
  0.00000000E+00  9.41200000E-01  7.78979718E-01 -2.24111103E-08  1.82286722E-08  1.05376896E+02  6.19290583E-03  1.41774811E-01  4.38999026E+01
  0.00000000E+00  9.41100000E-01  7.79193523E-01 -2.24079405E-08  1.82052164E-08  1.05284470E+02  6.19254355E-03  1.42029922E-01  4.39763236E+01
  0.00000000E+00  9.41000000E-01  7.79406945E-01 -2.24047053E-08  1.81818054E-08  1.05192207E+02  6.19218027E-03  1.42285030E-01  4.40527272E+01
  0.00000000E+00  9.40900000E-01  7.79619986E-01 -2.24014051E-08  1.81584400E-08  1.05100107E+02  6.19181599E-03  1.42540134E-01  4.41291134E+01
  0.00000000E+00  9.40800000E-01  7.79832646E-01 -2.23980406E-08  1.81351207E-08  1.05008168E+02  6.19145073E-03  1.42795235E-01  4.42054821E+01
  0.00000000E+00  9.40700000E-01  7.80044928E-01 -2.23946123E-08  1.81118481E-08  1.04916391E+02  6.19108447E-03  1.43050331E-01  4.42818333E+01
  0.00000000E+00  9.40600000E-01  7.80256832E-01 -2.23911210E-08  1.80886227E-08  1.04824775E+02  6.19071724E-03  1.43305425E-01  4.43581670E+01
  0.00000000E+00  9.40500000E-01  7.80468360E-01 -2.23875673E-08  1.80654451E-08  1.04733319E+02  6.19034904E-03  1.43560515E-01  4.44344832E+01
  0.00000000E+00  9.40400000E-01  7.80679513E-01 -2.23839520E-08  1.80423159E-08  1.04642023E+02  6.18997986E-03  1.43815601E-01  4.45107820E+01
  0.00000000E+00  9.40300000E-01  7.80890293E-01 -2.23802757E-08  1.80192354E-08  1.04550886E+02  6.18960973E-03  1.44070683E-01  4.45870633E+01
  0.00000000E+00  9.40200000E-01  7.81100700E-01 -2.23765393E-08  1.79962044E-08  1.04459907E+02  6.18923863E-03  1.44325762E-01  4.46633271E+01
  0.00000000E+00  9.40100000E-01  7.81310737E-01 -2.23727435E-08  1.79732232E-08  1.04369087E+02  6.18886658E-03  1.44580837E-01  4.47395734E+01
  0.00000000E+00  9.40000000E-01  7.81520404E-01 -2.23688892E-08  1.79502924E-08  1.04278423E+02  6.18849359E-03  1.44835908E-01  4.48158023E+01
  0.00000000E+00  9.39900000E-01  7.81729703E-01 -2.23649772E-08  1.79274125E-08  1.04187917E+02  6.18811966E-03  1.45090976E-01  4.48920136E+01
  0.00000000E+00  9.39800000E-01  7.81938636E-01 -2.23610084E-08  1.79045839E-08  1.04097567E+02  6.18774478E-03  1.45346040E-01  4.49682075E+01
  0.00000000E+00  9.39700000E-01  7.82147202E-01 -2.23569838E-08  1.78818071E-08  1.04007373E+02  6.18736898E-03  1.45601100E-01  4.50443838E+01
  0.00000000E+00  9.39600000E-01  7.82355404E-01 -2.23529042E-08  1.78590825E-08  1.03917334E+02  6.18699225E-03  1.45856156E-01  4.51205426E+01
  0.00000000E+00  9.39500000E-01  7.82563244E-01 -2.23487707E-08  1.78364106E-08  1.03827449E+02  6.18661460E-03  1.46111209E-01  4.51966840E+01
  0.00000000E+00  9.39400000E-01  7.82770721E-01 -2.23445841E-08  1.78137918E-08  1.03737719E+02  6.18623604E-03  1.46366258E-01  4.52728078E+01
  0.00000000E+00  9.39300000E-01  7.82977838E-01 -2.23403456E-08  1.77912265E-08  1.03648143E+02  6.18585656E-03  1.46621303E-01  4.53489142E+01
  0.00000000E+00  9.39200000E-01  7.83184596E-01 -2.23360561E-08  1.77687151E-08  1.03558719E+02  6.18547618E-03  1.46876344E-01  4.54250030E+01
  0.00000000E+00  9.39100000E-01  7.83390996E-01 -2.23317167E-08  1.77462581E-08  1.03469448E+02  6.18509490E-03  1.47131381E-01  4.55010743E+01
  0.00000000E+00  9.39000000E-01  7.83597039E-01 -2.23273285E-08  1.77238557E-08  1.03380329E+02  6.18471272E-03  1.47386415E-01  4.55771281E+01
  0.00000000E+00  9.38900000E-01  7.83802726E-01 -2.23228926E-08  1.77015083E-08  1.03291361E+02  6.18432965E-03  1.47641445E-01  4.56531643E+01
  0.00000000E+00  9.38800000E-01  7.84008060E-01 -2.23184101E-08  1.76792163E-08  1.03202544E+02  6.18394569E-03  1.47896470E-01  4.57291831E+01
  0.00000000E+00  9.38700000E-01  7.84213040E-01 -2.23138821E-08  1.76569800E-08  1.03113878E+02  6.18356085E-03  1.48151492E-01  4.58051843E+01
  0.00000000E+00  9.38600000E-01  7.84417668E-01 -2.23093098E-08  1.76347997E-08  1.03025362E+02  6.18317514E-03  1.48406510E-01  4.58811680E+01
  0.00000000E+00  9.38500000E-01  7.84621946E-01 -2.23046944E-08  1.76126757E-08  1.02936995E+02  6.18278856E-03  1.48661524E-01  4.59571342E+01
  0.00000000E+00  9.38400000E-01  7.84825875E-01 -2.23000371E-08  1.75906084E-08  1.02848776E+02  6.18240110E-03  1.48916534E-01  4.60330828E+01
  0.00000000E+00  9.38300000E-01  7.85029455E-01 -2.22953391E-08  1.75685979E-08  1.02760707E+02  6.18201279E-03  1.49171540E-01  4.61090140E+01
  0.00000000E+00  9.38200000E-01  7.85232688E-01 -2.22906016E-08  1.75466445E-08  1.02672785E+02  6.18162362E-03  1.49426542E-01  4.61849275E+01
  0.00000000E+00  9.38100000E-01  7.85435576E-01 -2.22858259E-08  1.75247486E-08  1.02585010E+02  6.18123359E-03  1.49681540E-01  4.62608236E+01
  0.00000000E+00  9.38000000E-01  7.85638119E-01 -2.22810132E-08  1.75029102E-08  1.02497382E+02  6.18084272E-03  1.49936534E-01  4.63367021E+01
  0.00000000E+00  9.37900000E-01  7.85840318E-01 -2.22761648E-08  1.74811297E-08  1.02409901E+02  6.18045101E-03  1.50191524E-01  4.64125631E+01
  0.00000000E+00  9.37800000E-01  7.86042175E-01 -2.22712821E-08  1.74594072E-08  1.02322565E+02  6.18005845E-03  1.50446510E-01  4.64884065E+01
  0.00000000E+00  9.37700000E-01  7.86243692E-01 -2.22663662E-08  1.74377429E-08  1.02235374E+02  6.17966506E-03  1.50701492E-01  4.65642324E+01
  0.00000000E+00  9.37600000E-01  7.86444868E-01 -2.22614187E-08  1.74161369E-08  1.02148329E+02  6.17927084E-03  1.50956470E-01  4.66400407E+01
  0.00000000E+00  9.37500000E-01  7.86645705E-01 -2.22564406E-08  1.73945895E-08  1.02061428E+02  6.17887580E-03  1.51211444E-01  4.67158315E+01
  0.00000000E+00  9.37400000E-01  7.86846205E-01 -2.22514335E-08  1.73731008E-08  1.01974670E+02  6.17847993E-03  1.51466413E-01  4.67916048E+01
  0.00000000E+00  9.37300000E-01  7.87046368E-01 -2.22463987E-08  1.73516708E-08  1.01888056E+02  6.17808325E-03  1.51721379E-01  4.68673604E+01
  0.00000000E+00  9.37200000E-01  7.87246196E-01 -2.22413375E-08  1.73302998E-08  1.01801585E+02  6.17768575E-03  1.51976340E-01  4.69430986E+01
  0.00000000E+00  9.37100000E-01  7.87445690E-01 -2.22362512E-08  1.73089877E-08  1.01715256E+02  6.17728745E-03  1.52231298E-01  4.70188192E+01
  0.00000000E+00  9.37000000E-01  7.87644851E-01 -2.22311414E-08  1.72877347E-08  1.01629070E+02  6.17688835E-03  1.52486251E-01  4.70945222E+01
  0.00000000E+00  9.36900000E-01  7.87843679E-01 -2.22260093E-08  1.72665408E-08  1.01543024E+02  6.17648844E-03  1.52741200E-01  4.71702077E+01
  0.00000000E+00  9.36800000E-01  7.88042177E-01 -2.22208564E-08  1.72454061E-08  1.01457120E+02  6.17608774E-03  1.52996144E-01  4.72458756E+01
  0.00000000E+00  9.36700000E-01  7.88240345E-01 -2.22156841E-08  1.72243305E-08  1.01371356E+02  6.17568625E-03  1.53251085E-01  4.73215259E+01
  0.00000000E+00  9.36600000E-01  7.88438184E-01 -2.22104937E-08  1.72033142E-08  1.01285732E+02  6.17528397E-03  1.53506021E-01  4.73971587E+01
  0.00000000E+00  9.36500000E-01  7.88635696E-01 -2.22052867E-08  1.71823570E-08  1.01200248E+02  6.17488091E-03  1.53760953E-01  4.74727739E+01
  0.00000000E+00  9.36400000E-01  7.88832882E-01 -2.22000644E-08  1.71614591E-08  1.01114902E+02  6.17447708E-03  1.54015881E-01  4.75483715E+01
  0.00000000E+00  9.36300000E-01  7.89029742E-01 -2.21948284E-08  1.71406202E-08  1.01029696E+02  6.17407247E-03  1.54270805E-01  4.76239516E+01
  0.00000000E+00  9.36200000E-01  7.89226278E-01 -2.21895800E-08  1.71198405E-08  1.00944627E+02  6.17366709E-03  1.54525724E-01  4.76995141E+01
  0.00000000E+00  9.36100000E-01  7.89422490E-01 -2.21843207E-08  1.70991199E-08  1.00859696E+02  6.17326094E-03  1.54780640E-01  4.77750590E+01
  0.00000000E+00  9.36000000E-01  7.89618381E-01 -2.21790518E-08  1.70784581E-08  1.00774903E+02  6.17285403E-03  1.55035550E-01  4.78505864E+01
  0.00000000E+00  9.35900000E-01  7.89813950E-01 -2.21737748E-08  1.70578553E-08  1.00690246E+02  6.17244637E-03  1.55290457E-01  4.79260961E+01
  0.00000000E+00  9.35800000E-01  7.90009199E-01 -2.21684912E-08  1.70373112E-08  1.00605726E+02  6.17203795E-03  1.55545359E-01  4.80015883E+01
  0.00000000E+00  9.35700000E-01  7.90204130E-01 -2.21632022E-08  1.70168257E-08  1.00521341E+02  6.17162878E-03  1.55800257E-01  4.80770629E+01
  0.00000000E+00  9.35600000E-01  7.90398742E-01 -2.21579094E-08  1.69963987E-08  1.00437092E+02  6.17121886E-03  1.56055151E-01  4.81525200E+01
  0.00000000E+00  9.35500000E-01  7.90593038E-01 -2.21526142E-08  1.69760300E-08  1.00352978E+02  6.17080821E-03  1.56310040E-01  4.82279594E+01
  0.00000000E+00  9.35400000E-01  7.90787018E-01 -2.21473179E-08  1.69557194E-08  1.00268999E+02  6.17039681E-03  1.56564925E-01  4.83033813E+01
  0.00000000E+00  9.35300000E-01  7.90980683E-01 -2.21420221E-08  1.69354669E-08  1.00185153E+02  6.16998469E-03  1.56819805E-01  4.83787856E+01
  0.00000000E+00  9.35200000E-01  7.91174034E-01 -2.21367279E-08  1.69152721E-08  1.00101441E+02  6.16957183E-03  1.57074681E-01  4.84541723E+01
  0.00000000E+00  9.35100000E-01  7.91367073E-01 -2.21314370E-08  1.68951348E-08  1.00017863E+02  6.16915825E-03  1.57329553E-01  4.85295414E+01
  0.00000000E+00  9.35000000E-01  7.91559800E-01 -2.21261507E-08  1.68750549E-08  9.99344173E+01  6.16874394E-03  1.57584420E-01  4.86048929E+01
  0.00000000E+00  9.34900000E-01  7.91752216E-01 -2.21208702E-08  1.68550320E-08  9.98511040E+01  6.16832892E-03  1.57839283E-01  4.86802268E+01
  0.00000000E+00  9.34800000E-01  7.91944323E-01 -2.21155971E-08  1.68350660E-08  9.97679226E+01  6.16791318E-03  1.58094141E-01  4.87555431E+01
  0.00000000E+00  9.34700000E-01  7.92136121E-01 -2.21103327E-08  1.68151565E-08  9.96848728E+01  6.16749673E-03  1.58348995E-01  4.88308419E+01
  0.00000000E+00  9.34600000E-01  7.92327611E-01 -2.21050784E-08  1.67953033E-08  9.96019540E+01  6.16707957E-03  1.58603844E-01  4.89061230E+01
  0.00000000E+00  9.34500000E-01  7.92518794E-01 -2.20998354E-08  1.67755060E-08  9.95191659E+01  6.16666171E-03  1.58858689E-01  4.89813865E+01
  0.00000000E+00  9.34400000E-01  7.92709672E-01 -2.20946051E-08  1.67557644E-08  9.94365081E+01  6.16624315E-03  1.59113530E-01  4.90566325E+01
  0.00000000E+00  9.34300000E-01  7.92900245E-01 -2.20893889E-08  1.67360781E-08  9.93539800E+01  6.16582389E-03  1.59368365E-01  4.91318608E+01
  0.00000000E+00  9.34200000E-01  7.93090515E-01 -2.20841881E-08  1.67164467E-08  9.92715814E+01  6.16540394E-03  1.59623197E-01  4.92070716E+01
  0.00000000E+00  9.34100000E-01  7.93280482E-01 -2.20790039E-08  1.66968700E-08  9.91893117E+01  6.16498330E-03  1.59878024E-01  4.92822647E+01
  0.00000000E+00  9.34000000E-01  7.93470147E-01 -2.20738377E-08  1.66773476E-08  9.91071707E+01  6.16456198E-03  1.60132846E-01  4.93574402E+01
  0.00000000E+00  9.33900000E-01  7.93659511E-01 -2.20686907E-08  1.66578790E-08  9.90251577E+01  6.16413997E-03  1.60387664E-01  4.94325981E+01
  0.00000000E+00  9.33800000E-01  7.93848575E-01 -2.20635642E-08  1.66384640E-08  9.89432726E+01  6.16371728E-03  1.60642477E-01  4.95077385E+01
  0.00000000E+00  9.33700000E-01  7.94037341E-01 -2.20584594E-08  1.66191020E-08  9.88615147E+01  6.16329392E-03  1.60897286E-01  4.95828612E+01
  0.00000000E+00  9.33600000E-01  7.94225808E-01 -2.20533775E-08  1.65997927E-08  9.87798838E+01  6.16286989E-03  1.61152090E-01  4.96579663E+01
  0.00000000E+00  9.33500000E-01  7.94413979E-01 -2.20483198E-08  1.65805356E-08  9.86983794E+01  6.16244519E-03  1.61406889E-01  4.97330538E+01
  0.00000000E+00  9.33400000E-01  7.94601853E-01 -2.20432875E-08  1.65613304E-08  9.86170012E+01  6.16201983E-03  1.61661684E-01  4.98081237E+01
  0.00000000E+00  9.33300000E-01  7.94789433E-01 -2.20382817E-08  1.65421765E-08  9.85357487E+01  6.16159381E-03  1.61916474E-01  4.98831759E+01
  0.00000000E+00  9.33200000E-01  7.94976718E-01 -2.20333037E-08  1.65230735E-08  9.84546215E+01  6.16116712E-03  1.62171260E-01  4.99582106E+01
  0.00000000E+00  9.33100000E-01  7.95163710E-01 -2.20283544E-08  1.65040210E-08  9.83736192E+01  6.16073979E-03  1.62426041E-01  5.00332276E+01
  0.00000000E+00  9.33000000E-01  7.95350410E-01 -2.20234351E-08  1.64850185E-08  9.82927415E+01  6.16031180E-03  1.62680817E-01  5.01082270E+01
  0.00000000E+00  9.32900000E-01  7.95536819E-01 -2.20185469E-08  1.64660654E-08  9.82119879E+01  6.15988316E-03  1.62935589E-01  5.01832088E+01
  0.00000000E+00  9.32800000E-01  7.95722937E-01 -2.20136909E-08  1.64471613E-08  9.81313580E+01  6.15945388E-03  1.63190356E-01  5.02581730E+01
  0.00000000E+00  9.32700000E-01  7.95908765E-01 -2.20088680E-08  1.64283056E-08  9.80508515E+01  6.15902396E-03  1.63445118E-01  5.03331196E+01
  0.00000000E+00  9.32600000E-01  7.96094305E-01 -2.20040794E-08  1.64094979E-08  9.79704680E+01  6.15859340E-03  1.63699875E-01  5.04080486E+01
  0.00000000E+00  9.32500000E-01  7.96279557E-01 -2.19993261E-08  1.63907377E-08  9.78902071E+01  6.15816221E-03  1.63954628E-01  5.04829599E+01
  0.00000000E+00  9.32400000E-01  7.96464523E-01 -2.19946091E-08  1.63720243E-08  9.78100684E+01  6.15773038E-03  1.64209376E-01  5.05578536E+01
  0.00000000E+00  9.32300000E-01  7.96649202E-01 -2.19899293E-08  1.63533573E-08  9.77300515E+01  6.15729793E-03  1.64464120E-01  5.06327297E+01
  0.00000000E+00  9.32200000E-01  7.96833597E-01 -2.19852878E-08  1.63347361E-08  9.76501560E+01  6.15686485E-03  1.64718858E-01  5.07075881E+01
  0.00000000E+00  9.32100000E-01  7.97017707E-01 -2.19806853E-08  1.63161602E-08  9.75703816E+01  6.15643115E-03  1.64973592E-01  5.07824289E+01
  0.00000000E+00  9.32000000E-01  7.97201534E-01 -2.19761229E-08  1.62976290E-08  9.74907279E+01  6.15599684E-03  1.65228321E-01  5.08572522E+01
  0.00000000E+00  9.31900000E-01  7.97385079E-01 -2.19716015E-08  1.62791419E-08  9.74111945E+01  6.15556190E-03  1.65483045E-01  5.09320577E+01
  0.00000000E+00  9.31800000E-01  7.97568342E-01 -2.19671218E-08  1.62606983E-08  9.73317810E+01  6.15512636E-03  1.65737765E-01  5.10068457E+01
  0.00000000E+00  9.31700000E-01  7.97751325E-01 -2.19626848E-08  1.62422978E-08  9.72524871E+01  6.15469020E-03  1.65992480E-01  5.10816160E+01
  0.00000000E+00  9.31600000E-01  7.97934028E-01 -2.19582912E-08  1.62239396E-08  9.71733124E+01  6.15425344E-03  1.66247190E-01  5.11563687E+01
  0.00000000E+00  9.31500000E-01  7.98116452E-01 -2.19539418E-08  1.62056232E-08  9.70942565E+01  6.15381608E-03  1.66501895E-01  5.12311037E+01
  0.00000000E+00  9.31400000E-01  7.98298598E-01 -2.19496374E-08  1.61873481E-08  9.70153191E+01  6.15337811E-03  1.66756595E-01  5.13058212E+01
  0.00000000E+00  9.31300000E-01  7.98480466E-01 -2.19453788E-08  1.61691136E-08  9.69364998E+01  6.15293955E-03  1.67011290E-01  5.13805210E+01
  0.00000000E+00  9.31200000E-01  7.98662059E-01 -2.19411666E-08  1.61509191E-08  9.68577982E+01  6.15250039E-03  1.67265981E-01  5.14552031E+01
  0.00000000E+00  9.31100000E-01  7.98843376E-01 -2.19370015E-08  1.61327640E-08  9.67792139E+01  6.15206064E-03  1.67520667E-01  5.15298676E+01
  0.00000000E+00  9.31000000E-01  7.99024418E-01 -2.19328842E-08  1.61146478E-08  9.67007467E+01  6.15162031E-03  1.67775348E-01  5.16045145E+01
  0.00000000E+00  9.30900000E-01  7.99205187E-01 -2.19288152E-08  1.60965697E-08  9.66223961E+01  6.15117939E-03  1.68030024E-01  5.16791438E+01
  0.00000000E+00  9.30800000E-01  7.99385683E-01 -2.19247954E-08  1.60785293E-08  9.65441619E+01  6.15073788E-03  1.68284695E-01  5.17537554E+01
  0.00000000E+00  9.30700000E-01  7.99565906E-01 -2.19208251E-08  1.60605259E-08  9.64660435E+01  6.15029580E-03  1.68539361E-01  5.18283494E+01
  0.00000000E+00  9.30600000E-01  7.99745859E-01 -2.19169049E-08  1.60425589E-08  9.63880408E+01  6.14985314E-03  1.68794022E-01  5.19029257E+01
  0.00000000E+00  9.30500000E-01  7.99925541E-01 -2.19130354E-08  1.60246276E-08  9.63101533E+01  6.14940991E-03  1.69048679E-01  5.19774844E+01
  0.00000000E+00  9.30400000E-01  8.00104953E-01 -2.19092171E-08  1.60067316E-08  9.62323807E+01  6.14896610E-03  1.69303330E-01  5.20520255E+01
  0.00000000E+00  9.30300000E-01  8.00284096E-01 -2.19054505E-08  1.59888701E-08  9.61547226E+01  6.14852173E-03  1.69557977E-01  5.21265489E+01
  0.00000000E+00  9.30200000E-01  8.00462972E-01 -2.19017359E-08  1.59710426E-08  9.60771787E+01  6.14807679E-03  1.69812618E-01  5.22010547E+01
  0.00000000E+00  9.30100000E-01  8.00641580E-01 -2.18980739E-08  1.59532485E-08  9.59997486E+01  6.14763129E-03  1.70067255E-01  5.22755428E+01
  0.00000000E+00  9.30000000E-01  8.00819922E-01 -2.18944647E-08  1.59354871E-08  9.59224321E+01  6.14718523E-03  1.70321887E-01  5.23500133E+01
  0.00000000E+00  9.29900000E-01  8.00997998E-01 -2.18909088E-08  1.59177580E-08  9.58452287E+01  6.14673861E-03  1.70576513E-01  5.24244661E+01
  0.00000000E+00  9.29800000E-01  8.01175810E-01 -2.18874066E-08  1.59000604E-08  9.57681382E+01  6.14629143E-03  1.70831135E-01  5.24989013E+01
  0.00000000E+00  9.29700000E-01  8.01353357E-01 -2.18839583E-08  1.58823938E-08  9.56911601E+01  6.14584371E-03  1.71085752E-01  5.25733189E+01
  0.00000000E+00  9.29600000E-01  8.01530642E-01 -2.18805641E-08  1.58647577E-08  9.56142941E+01  6.14539544E-03  1.71340364E-01  5.26477188E+01
  0.00000000E+00  9.29500000E-01  8.01707664E-01 -2.18772245E-08  1.58471514E-08  9.55375400E+01  6.14494662E-03  1.71594970E-01  5.27221011E+01
  0.00000000E+00  9.29400000E-01  8.01884424E-01 -2.18739395E-08  1.58295744E-08  9.54608973E+01  6.14449725E-03  1.71849572E-01  5.27964657E+01
  0.00000000E+00  9.29300000E-01  8.02060924E-01 -2.18707095E-08  1.58120261E-08  9.53843658E+01  6.14404735E-03  1.72104169E-01  5.28708127E+01
  0.00000000E+00  9.29200000E-01  8.02237163E-01 -2.18675346E-08  1.57945060E-08  9.53079451E+01  6.14359690E-03  1.72358760E-01  5.29451420E+01
  0.00000000E+00  9.29100000E-01  8.02413144E-01 -2.18644149E-08  1.57770135E-08  9.52316349E+01  6.14314592E-03  1.72613347E-01  5.30194536E+01
  0.00000000E+00  9.29000000E-01  8.02588865E-01 -2.18613506E-08  1.57595481E-08  9.51554348E+01  6.14269441E-03  1.72867929E-01  5.30937477E+01
  0.00000000E+00  9.28900000E-01  8.02764329E-01 -2.18583419E-08  1.57421093E-08  9.50793446E+01  6.14224236E-03  1.73122505E-01  5.31680240E+01
  0.00000000E+00  9.28800000E-01  8.02939536E-01 -2.18553887E-08  1.57246965E-08  9.50033638E+01  6.14178979E-03  1.73377077E-01  5.32422828E+01
  0.00000000E+00  9.28700000E-01  8.03114487E-01 -2.18524912E-08  1.57073093E-08  9.49274923E+01  6.14133669E-03  1.73631643E-01  5.33165238E+01
  0.00000000E+00  9.28600000E-01  8.03289182E-01 -2.18496493E-08  1.56899471E-08  9.48517296E+01  6.14088307E-03  1.73886204E-01  5.33907473E+01
  0.00000000E+00  9.28500000E-01  8.03463623E-01 -2.18468632E-08  1.56726095E-08  9.47760754E+01  6.14042893E-03  1.74140761E-01  5.34649530E+01
  0.00000000E+00  9.28400000E-01  8.03637810E-01 -2.18441328E-08  1.56552960E-08  9.47005294E+01  6.13997427E-03  1.74395312E-01  5.35391412E+01
  0.00000000E+00  9.28300000E-01  8.03811743E-01 -2.18414580E-08  1.56380061E-08  9.46250913E+01  6.13951909E-03  1.74649858E-01  5.36133116E+01
  0.00000000E+00  9.28200000E-01  8.03985424E-01 -2.18388388E-08  1.56207395E-08  9.45497608E+01  6.13906340E-03  1.74904399E-01  5.36874644E+01
  0.00000000E+00  9.28100000E-01  8.04158854E-01 -2.18362752E-08  1.56034956E-08  9.44745376E+01  6.13860720E-03  1.75158935E-01  5.37615996E+01
  0.00000000E+00  9.28000000E-01  8.04332032E-01 -2.18337671E-08  1.55862741E-08  9.43994213E+01  6.13815049E-03  1.75413465E-01  5.38357171E+01
  0.00000000E+00  9.27900000E-01  8.04504960E-01 -2.18313143E-08  1.55690746E-08  9.43244117E+01  6.13769327E-03  1.75667991E-01  5.39098170E+01
  0.00000000E+00  9.27800000E-01  8.04677639E-01 -2.18289167E-08  1.55518967E-08  9.42495084E+01  6.13723555E-03  1.75922511E-01  5.39838992E+01
  0.00000000E+00  9.27700000E-01  8.04850069E-01 -2.18265741E-08  1.55347401E-08  9.41747111E+01  6.13677733E-03  1.76177027E-01  5.40579637E+01
  0.00000000E+00  9.27600000E-01  8.05022250E-01 -2.18242865E-08  1.55176044E-08  9.41000195E+01  6.13631861E-03  1.76431537E-01  5.41320106E+01
  0.00000000E+00  9.27500000E-01  8.05194185E-01 -2.18220536E-08  1.55004893E-08  9.40254334E+01  6.13585939E-03  1.76686042E-01  5.42060398E+01
  0.00000000E+00  9.27400000E-01  8.05365872E-01 -2.18198753E-08  1.54833945E-08  9.39509523E+01  6.13539968E-03  1.76940541E-01  5.42800514E+01
  0.00000000E+00  9.27300000E-01  8.05537314E-01 -2.18177512E-08  1.54663197E-08  9.38765760E+01  6.13493948E-03  1.77195036E-01  5.43540453E+01
  0.00000000E+00  9.27200000E-01  8.05708511E-01 -2.18156812E-08  1.54492647E-08  9.38023042E+01  6.13447878E-03  1.77449525E-01  5.44280216E+01
  0.00000000E+00  9.27100000E-01  8.05879463E-01 -2.18136651E-08  1.54322293E-08  9.37281366E+01  6.13401760E-03  1.77704010E-01  5.45019802E+01
  0.00000000E+00  9.27000000E-01  8.06050171E-01 -2.18117025E-08  1.54152132E-08  9.36540729E+01  6.13355593E-03  1.77958489E-01  5.45759212E+01
  0.00000000E+00  9.26900000E-01  8.06220637E-01 -2.18097933E-08  1.53982162E-08  9.35801128E+01  6.13309378E-03  1.78212962E-01  5.46498445E+01
  0.00000000E+00  9.26800000E-01  8.06390860E-01 -2.18079371E-08  1.53812383E-08  9.35062560E+01  6.13263115E-03  1.78467431E-01  5.47237501E+01
  0.00000000E+00  9.26700000E-01  8.06560841E-01 -2.18061337E-08  1.53642792E-08  9.34325022E+01  6.13216804E-03  1.78721894E-01  5.47976381E+01
  0.00000000E+00  9.26600000E-01  8.06730581E-01 -2.18043828E-08  1.53473389E-08  9.33588511E+01  6.13170445E-03  1.78976353E-01  5.48715084E+01
  0.00000000E+00  9.26500000E-01  8.06900081E-01 -2.18026841E-08  1.53304173E-08  9.32853024E+01  6.13124039E-03  1.79230806E-01  5.49453611E+01
  0.00000000E+00  9.26400000E-01  8.07069341E-01 -2.18010372E-08  1.53135144E-08  9.32118558E+01  6.13077586E-03  1.79485253E-01  5.50191961E+01
  0.00000000E+00  9.26300000E-01  8.07238362E-01 -2.17994419E-08  1.52966301E-08  9.31385110E+01  6.13031085E-03  1.79739696E-01  5.50930134E+01
  0.00000000E+00  9.26200000E-01  8.07407146E-01 -2.17978979E-08  1.52797644E-08  9.30652678E+01  6.12984538E-03  1.79994133E-01  5.51668131E+01
  0.00000000E+00  9.26100000E-01  8.07575691E-01 -2.17964048E-08  1.52629175E-08  9.29921259E+01  6.12937944E-03  1.80248565E-01  5.52405951E+01
  0.00000000E+00  9.26000000E-01  8.07744000E-01 -2.17949623E-08  1.52460893E-08  9.29190849E+01  6.12891304E-03  1.80502992E-01  5.53143595E+01
  0.00000000E+00  9.25900000E-01  8.07912072E-01 -2.17935702E-08  1.52292800E-08  9.28461446E+01  6.12844617E-03  1.80757413E-01  5.53881062E+01
  0.00000000E+00  9.25800000E-01  8.08079909E-01 -2.17922280E-08  1.52124897E-08  9.27733046E+01  6.12797885E-03  1.81011829E-01  5.54618353E+01
  0.00000000E+00  9.25700000E-01  8.08247511E-01 -2.17909356E-08  1.51957187E-08  9.27005648E+01  6.12751107E-03  1.81266240E-01  5.55355467E+01
  0.00000000E+00  9.25600000E-01  8.08414878E-01 -2.17896925E-08  1.51789670E-08  9.26279249E+01  6.12704283E-03  1.81520646E-01  5.56092405E+01
  0.00000000E+00  9.25500000E-01  8.08582012E-01 -2.17884985E-08  1.51622351E-08  9.25553844E+01  6.12657414E-03  1.81775046E-01  5.56829165E+01
  0.00000000E+00  9.25400000E-01  8.08748913E-01 -2.17873533E-08  1.51455232E-08  9.24829433E+01  6.12610500E-03  1.82029441E-01  5.57565750E+01
  0.00000000E+00  9.25300000E-01  8.08915582E-01 -2.17862566E-08  1.51288315E-08  9.24106011E+01  6.12563541E-03  1.82283831E-01  5.58302157E+01
  0.00000000E+00  9.25200000E-01  8.09082020E-01 -2.17852082E-08  1.51121606E-08  9.23383577E+01  6.12516537E-03  1.82538215E-01  5.59038389E+01
  0.00000000E+00  9.25100000E-01  8.09248226E-01 -2.17842078E-08  1.50955107E-08  9.22662127E+01  6.12469489E-03  1.82792594E-01  5.59774443E+01
  0.00000000E+00  9.25000000E-01  8.09414202E-01 -2.17832551E-08  1.50788824E-08  9.21941658E+01  6.12422396E-03  1.83046968E-01  5.60510321E+01
  0.00000000E+00  9.24900000E-01  8.09579948E-01 -2.17823499E-08  1.50622762E-08  9.21222169E+01  6.12375259E-03  1.83301336E-01  5.61246023E+01
  0.00000000E+00  9.24800000E-01  8.09745465E-01 -2.17814921E-08  1.50456925E-08  9.20503655E+01  6.12328078E-03  1.83555700E-01  5.61981547E+01
  0.00000000E+00  9.24700000E-01  8.09910754E-01 -2.17806814E-08  1.50291320E-08  9.19786116E+01  6.12280854E-03  1.83810057E-01  5.62716896E+01
  0.00000000E+00  9.24600000E-01  8.10075815E-01 -2.17799176E-08  1.50125954E-08  9.19069547E+01  6.12233586E-03  1.84064410E-01  5.63452067E+01
  0.00000000E+00  9.24500000E-01  8.10240649E-01 -2.17792007E-08  1.49960833E-08  9.18353946E+01  6.12186274E-03  1.84318757E-01  5.64187063E+01
  0.00000000E+00  9.24400000E-01  8.10405257E-01 -2.17785305E-08  1.49795963E-08  9.17639310E+01  6.12138919E-03  1.84573099E-01  5.64921881E+01
  0.00000000E+00  9.24300000E-01  8.10569639E-01 -2.17779069E-08  1.49631354E-08  9.16925637E+01  6.12091522E-03  1.84827435E-01  5.65656523E+01
  0.00000000E+00  9.24200000E-01  8.10733795E-01 -2.17773298E-08  1.49467014E-08  9.16212924E+01  6.12044081E-03  1.85081766E-01  5.66390989E+01
  0.00000000E+00  9.24100000E-01  8.10897727E-01 -2.17767993E-08  1.49302950E-08  9.15501169E+01  6.11996598E-03  1.85336092E-01  5.67125278E+01
  0.00000000E+00  9.24000000E-01  8.11061435E-01 -2.17763154E-08  1.49139173E-08  9.14790369E+01  6.11949072E-03  1.85590412E-01  5.67859390E+01
  0.00000000E+00  9.23900000E-01  8.11224919E-01 -2.17758781E-08  1.48975693E-08  9.14080520E+01  6.11901504E-03  1.85844727E-01  5.68593326E+01
  0.00000000E+00  9.23800000E-01  8.11388180E-01 -2.17754874E-08  1.48812519E-08  9.13371622E+01  6.11853894E-03  1.86099037E-01  5.69327085E+01
  0.00000000E+00  9.23700000E-01  8.11551220E-01 -2.17751436E-08  1.48649663E-08  9.12663670E+01  6.11806242E-03  1.86353341E-01  5.70060668E+01
  0.00000000E+00  9.23600000E-01  8.11714038E-01 -2.17748467E-08  1.48487137E-08  9.11956663E+01  6.11758549E-03  1.86607640E-01  5.70794075E+01
  0.00000000E+00  9.23500000E-01  8.11876635E-01 -2.17745970E-08  1.48324952E-08  9.11250597E+01  6.11710814E-03  1.86861933E-01  5.71527304E+01
  0.00000000E+00  9.23400000E-01  8.12039011E-01 -2.17743948E-08  1.48163121E-08  9.10545471E+01  6.11663037E-03  1.87116221E-01  5.72260358E+01
  0.00000000E+00  9.23300000E-01  8.12201168E-01 -2.17742403E-08  1.48001658E-08  9.09841282E+01  6.11615220E-03  1.87370504E-01  5.72993234E+01
  0.00000000E+00  9.23200000E-01  8.12363106E-01 -2.17741340E-08  1.47840576E-08  9.09138026E+01  6.11567361E-03  1.87624781E-01  5.73725935E+01
  0.00000000E+00  9.23100000E-01  8.12524825E-01 -2.17740763E-08  1.47679891E-08  9.08435702E+01  6.11519462E-03  1.87879053E-01  5.74458458E+01
  0.00000000E+00  9.23000000E-01  8.12686326E-01 -2.17740676E-08  1.47519617E-08  9.07734308E+01  6.11471522E-03  1.88133319E-01  5.75190806E+01
  0.00000000E+00  9.22900000E-01  8.12847610E-01 -2.17741086E-08  1.47359770E-08  9.07033840E+01  6.11423541E-03  1.88387580E-01  5.75922976E+01
  0.00000000E+00  9.22800000E-01  8.13008677E-01 -2.17741997E-08  1.47200367E-08  9.06334296E+01  6.11375521E-03  1.88641836E-01  5.76654971E+01
  0.00000000E+00  9.22700000E-01  8.13169528E-01 -2.17743417E-08  1.47041425E-08  9.05635673E+01  6.11327460E-03  1.88896086E-01  5.77386789E+01
  0.00000000E+00  9.22600000E-01  8.13330164E-01 -2.17745354E-08  1.46882962E-08  9.04937970E+01  6.11279359E-03  1.89150331E-01  5.78118430E+01
  0.00000000E+00  9.22500000E-01  8.13490584E-01 -2.17747816E-08  1.46724996E-08  9.04241183E+01  6.11231218E-03  1.89404570E-01  5.78849895E+01
  0.00000000E+00  9.22400000E-01  8.13650790E-01 -2.17750810E-08  1.46567547E-08  9.03545310E+01  6.11183038E-03  1.89658804E-01  5.79581184E+01
  0.00000000E+00  9.22300000E-01  8.13810782E-01 -2.17754349E-08  1.46410635E-08  9.02850349E+01  6.11134819E-03  1.89913033E-01  5.80312296E+01
  0.00000000E+00  9.22200000E-01  8.13970561E-01 -2.17758441E-08  1.46254281E-08  9.02156298E+01  6.11086560E-03  1.90167256E-01  5.81043231E+01
  0.00000000E+00  9.22100000E-01  8.14130127E-01 -2.17763099E-08  1.46098505E-08  9.01463153E+01  6.11038262E-03  1.90421473E-01  5.81773991E+01
  0.00000000E+00  9.22000000E-01  8.14289481E-01 -2.17768334E-08  1.45943332E-08  9.00770912E+01  6.10989925E-03  1.90675685E-01  5.82504574E+01
  0.00000000E+00  9.21900000E-01  8.14448623E-01 -2.17774160E-08  1.45788783E-08  9.00079573E+01  6.10941550E-03  1.90929892E-01  5.83234980E+01
  0.00000000E+00  9.21800000E-01  8.14607555E-01 -2.17780591E-08  1.45634882E-08  8.99389134E+01  6.10893136E-03  1.91184093E-01  5.83965210E+01
  0.00000000E+00  9.21700000E-01  8.14766275E-01 -2.17787643E-08  1.45481655E-08  8.98699592E+01  6.10844683E-03  1.91438289E-01  5.84695264E+01
  0.00000000E+00  9.21600000E-01  8.14924787E-01 -2.17795331E-08  1.45329126E-08  8.98010945E+01  6.10796193E-03  1.91692479E-01  5.85425141E+01
  0.00000000E+00  9.21500000E-01  8.15083088E-01 -2.17803673E-08  1.45177322E-08  8.97323190E+01  6.10747664E-03  1.91946664E-01  5.86154842E+01
  0.00000000E+00  9.21400000E-01  8.15241182E-01 -2.17812687E-08  1.45026270E-08  8.96636325E+01  6.10699097E-03  1.92200844E-01  5.86884367E+01
  0.00000000E+00  9.21300000E-01  8.15399066E-01 -2.17822393E-08  1.44875998E-08  8.95950348E+01  6.10650493E-03  1.92455017E-01  5.87613715E+01
  0.00000000E+00  9.21200000E-01  8.15556744E-01 -2.17832811E-08  1.44726535E-08  8.95265255E+01  6.10601851E-03  1.92709186E-01  5.88342887E+01
  0.00000000E+00  9.21100000E-01  8.15714214E-01 -2.17843963E-08  1.44577911E-08  8.94581046E+01  6.10553172E-03  1.92963349E-01  5.89071883E+01
  0.00000000E+00  9.21000000E-01  8.15871478E-01 -2.17855872E-08  1.44430157E-08  8.93897717E+01  6.10504455E-03  1.93217506E-01  5.89800702E+01
  0.00000000E+00  9.20900000E-01  8.16028535E-01 -2.17868562E-08  1.44283303E-08  8.93215267E+01  6.10455701E-03  1.93471658E-01  5.90529346E+01
  0.00000000E+00  9.20800000E-01  8.16185388E-01 -2.17882060E-08  1.44137384E-08  8.92533692E+01  6.10406911E-03  1.93725805E-01  5.91257813E+01
  0.00000000E+00  9.20700000E-01  8.16342035E-01 -2.17896391E-08  1.43992431E-08  8.91852991E+01  6.10358084E-03  1.93979946E-01  5.91986103E+01
  0.00000000E+00  9.20600000E-01  8.16498478E-01 -2.17911585E-08  1.43848479E-08  8.91173162E+01  6.10309220E-03  1.94234082E-01  5.92714218E+01
  0.00000000E+00  9.20500000E-01  8.16654718E-01 -2.17927672E-08  1.43705564E-08  8.90494201E+01  6.10260320E-03  1.94488212E-01  5.93442156E+01
  0.00000000E+00  9.20400000E-01  8.16810754E-01 -2.17944682E-08  1.43563723E-08  8.89816107E+01  6.10211383E-03  1.94742336E-01  5.94169918E+01
  0.00000000E+00  9.20300000E-01  8.16966587E-01 -2.17962649E-08  1.43422992E-08  8.89138877E+01  6.10162411E-03  1.94996455E-01  5.94897504E+01
  0.00000000E+00  9.20200000E-01  8.17122218E-01 -2.17981606E-08  1.43283409E-08  8.88462509E+01  6.10113402E-03  1.95250569E-01  5.95624914E+01
  0.00000000E+00  9.20100000E-01  8.17277648E-01 -2.18001590E-08  1.43145015E-08  8.87787001E+01  6.10064358E-03  1.95504677E-01  5.96352147E+01
  0.00000000E+00  9.20000000E-01  8.17432876E-01 -2.18022639E-08  1.43007849E-08  8.87112351E+01  6.10015278E-03  1.95758779E-01  5.97079205E+01
  0.00000000E+00  9.19900000E-01  8.17587904E-01 -2.18044792E-08  1.42871954E-08  8.86438556E+01  6.09966163E-03  1.96012876E-01  5.97806086E+01
  0.00000000E+00  9.19800000E-01  8.17742732E-01 -2.18068089E-08  1.42737371E-08  8.85765614E+01  6.09917013E-03  1.96266968E-01  5.98532791E+01
  0.00000000E+00  9.19700000E-01  8.17897360E-01 -2.18092574E-08  1.42604145E-08  8.85093523E+01  6.09867828E-03  1.96521054E-01  5.99259321E+01
  0.00000000E+00  9.19600000E-01  8.18051789E-01 -2.18118292E-08  1.42472319E-08  8.84422280E+01  6.09818607E-03  1.96775135E-01  5.99985674E+01
  0.00000000E+00  9.19500000E-01  8.18206020E-01 -2.18145288E-08  1.42341940E-08  8.83751884E+01  6.09769352E-03  1.97029210E-01  6.00711851E+01
  0.00000000E+00  9.19400000E-01  8.18360053E-01 -2.18173612E-08  1.42213055E-08  8.83082331E+01  6.09720062E-03  1.97283279E-01  6.01437852E+01
  0.00000000E+00  9.19300000E-01  8.18513889E-01 -2.18203313E-08  1.42085712E-08  8.82413621E+01  6.09670738E-03  1.97537343E-01  6.02163677E+01
  0.00000000E+00  9.19200000E-01  8.18667527E-01 -2.18234445E-08  1.41959961E-08  8.81745750E+01  6.09621380E-03  1.97791402E-01  6.02889326E+01
  0.00000000E+00  9.19100000E-01  8.18820969E-01 -2.18267061E-08  1.41835851E-08  8.81078717E+01  6.09571987E-03  1.98045454E-01  6.03614799E+01
  0.00000000E+00  9.19000000E-01  8.18974216E-01 -2.18301219E-08  1.41713434E-08  8.80412519E+01  6.09522561E-03  1.98299502E-01  6.04340096E+01
  0.00000000E+00  9.18900000E-01  8.19127267E-01 -2.18336977E-08  1.41592763E-08  8.79747154E+01  6.09473101E-03  1.98553544E-01  6.05065218E+01
  0.00000000E+00  9.18800000E-01  8.19280123E-01 -2.18374397E-08  1.41473893E-08  8.79082620E+01  6.09423607E-03  1.98807580E-01  6.05790163E+01
  0.00000000E+00  9.18700000E-01  8.19432785E-01 -2.18413541E-08  1.41356878E-08  8.78418915E+01  6.09374080E-03  1.99061611E-01  6.06514933E+01
  0.00000000E+00  9.18600000E-01  8.19585253E-01 -2.18454475E-08  1.41241776E-08  8.77756036E+01  6.09324520E-03  1.99315636E-01  6.07239527E+01
  0.00000000E+00  9.18500000E-01  8.19737528E-01 -2.18497267E-08  1.41128643E-08  8.77093981E+01  6.09274926E-03  1.99569656E-01  6.07963945E+01
  0.00000000E+00  9.18400000E-01  8.19889610E-01 -2.18541987E-08  1.41017540E-08  8.76432749E+01  6.09225300E-03  1.99823670E-01  6.08688187E+01
  0.00000000E+00  9.18300000E-01  8.20041499E-01 -2.18588709E-08  1.40908526E-08  8.75772336E+01  6.09175641E-03  2.00077678E-01  6.09412253E+01
  0.00000000E+00  9.18200000E-01  8.20193197E-01 -2.18637509E-08  1.40801663E-08  8.75112741E+01  6.09125949E-03  2.00331682E-01  6.10136144E+01
  0.00000000E+00  9.18100000E-01  8.20344704E-01 -2.18688463E-08  1.40697015E-08  8.74453962E+01  6.09076225E-03  2.00585679E-01  6.10859859E+01
  0.00000000E+00  9.18000000E-01  8.20496020E-01 -2.18741653E-08  1.40594646E-08  8.73795997E+01  6.09026469E-03  2.00839671E-01  6.11583398E+01
  0.00000000E+00  9.17900000E-01  8.20647146E-01 -2.18797162E-08  1.40494621E-08  8.73138843E+01  6.08976681E-03  2.01093657E-01  6.12306762E+01
  0.00000000E+00  9.17800000E-01  8.20798081E-01 -2.18855076E-08  1.40397009E-08  8.72482498E+01  6.08926861E-03  2.01347638E-01  6.13029950E+01
  0.00000000E+00  9.17700000E-01  8.20948828E-01 -2.18915485E-08  1.40301876E-08  8.71826960E+01  6.08877009E-03  2.01601614E-01  6.13752962E+01
  0.00000000E+00  9.17600000E-01  8.21099386E-01 -2.18978480E-08  1.40209295E-08  8.71172228E+01  6.08827126E-03  2.01855583E-01  6.14475799E+01
  0.00000000E+00  9.17500000E-01  8.21249756E-01 -2.19044156E-08  1.40119335E-08  8.70518298E+01  6.08777211E-03  2.02109547E-01  6.15198461E+01
  0.00000000E+00  9.17400000E-01  8.21399938E-01 -2.19112612E-08  1.40032070E-08  8.69865169E+01  6.08727266E-03  2.02363506E-01  6.15920946E+01
  0.00000000E+00  9.17300000E-01  8.21549932E-01 -2.19183947E-08  1.39947575E-08  8.69212838E+01  6.08677289E-03  2.02617459E-01  6.16643257E+01
  0.00000000E+00  9.17200000E-01  8.21699740E-01 -2.19258267E-08  1.39865925E-08  8.68561304E+01  6.08627282E-03  2.02871407E-01  6.17365392E+01
  0.00000000E+00  9.17100000E-01  8.21849362E-01 -2.19335678E-08  1.39787197E-08  8.67910564E+01  6.08577244E-03  2.03125348E-01  6.18087351E+01
  0.00000000E+00  9.17000000E-01  8.21998798E-01 -2.19416292E-08  1.39711471E-08  8.67260617E+01  6.08527175E-03  2.03379285E-01  6.18809136E+01
  0.00000000E+00  9.16900000E-01  8.22148049E-01 -2.19500221E-08  1.39638827E-08  8.66611459E+01  6.08477077E-03  2.03633215E-01  6.19530744E+01
  0.00000000E+00  9.16800000E-01  8.22297115E-01 -2.19587583E-08  1.39569347E-08  8.65963090E+01  6.08426948E-03  2.03887141E-01  6.20252178E+01
  0.00000000E+00  9.16700000E-01  8.22445996E-01 -2.19678500E-08  1.39503114E-08  8.65315507E+01  6.08376789E-03  2.04141060E-01  6.20973436E+01
  0.00000000E+00  9.16600000E-01  8.22594694E-01 -2.19773094E-08  1.39440214E-08  8.64668707E+01  6.08326601E-03  2.04394974E-01  6.21694519E+01
  0.00000000E+00  9.16500000E-01  8.22743209E-01 -2.19871495E-08  1.39380734E-08  8.64022689E+01  6.08276384E-03  2.04648882E-01  6.22415427E+01
  0.00000000E+00  9.16400000E-01  8.22891541E-01 -2.19973834E-08  1.39324762E-08  8.63377451E+01  6.08226137E-03  2.04902785E-01  6.23136160E+01
  0.00000000E+00  9.16300000E-01  8.23039690E-01 -2.20080245E-08  1.39272388E-08  8.62732990E+01  6.08175861E-03  2.05156682E-01  6.23856717E+01
  0.00000000E+00  9.16200000E-01  8.23187658E-01 -2.20190869E-08  1.39223704E-08  8.62089305E+01  6.08125556E-03  2.05410574E-01  6.24577100E+01
  0.00000000E+00  9.16100000E-01  8.23335438E-01 -2.20298316E-08  1.39067289E-08  8.61446412E+01  6.08075216E-03  2.05664458E-01  6.25297301E+01
  0.00000000E+00  9.16000000E-01  8.23483034E-01 -2.20400908E-08  1.38853009E-08  8.60804302E+01  6.08024843E-03  2.05918336E-01  6.26017323E+01
  0.00000000E+00  9.15900000E-01  8.23630450E-01 -2.20501585E-08  1.38639995E-08  8.60162964E+01  6.07974441E-03  2.06172208E-01  6.26737170E+01
  0.00000000E+00  9.15800000E-01  8.23777684E-01 -2.20600369E-08  1.38428232E-08  8.59522395E+01  6.07924008E-03  2.06426075E-01  6.27456840E+01
  0.00000000E+00  9.15700000E-01  8.23924739E-01 -2.20697285E-08  1.38217701E-08  8.58882595E+01  6.07873546E-03  2.06679935E-01  6.28176334E+01
  0.00000000E+00  9.15600000E-01  8.24071614E-01 -2.20792355E-08  1.38008387E-08  8.58243560E+01  6.07823055E-03  2.06933790E-01  6.28895652E+01
  0.00000000E+00  9.15500000E-01  8.24218310E-01 -2.20885602E-08  1.37800273E-08  8.57605290E+01  6.07772534E-03  2.07187640E-01  6.29614794E+01
  0.00000000E+00  9.15400000E-01  8.24364827E-01 -2.20977049E-08  1.37593343E-08  8.56967782E+01  6.07721984E-03  2.07441483E-01  6.30333761E+01
  0.00000000E+00  9.15300000E-01  8.24511166E-01 -2.21066718E-08  1.37387581E-08  8.56331034E+01  6.07671405E-03  2.07695321E-01  6.31052551E+01
  0.00000000E+00  9.15200000E-01  8.24657327E-01 -2.21154632E-08  1.37182969E-08  8.55695045E+01  6.07620797E-03  2.07949154E-01  6.31771166E+01
  0.00000000E+00  9.15100000E-01  8.24803311E-01 -2.21240811E-08  1.36979494E-08  8.55059812E+01  6.07570160E-03  2.08202980E-01  6.32489604E+01
  0.00000000E+00  9.15000000E-01  8.24949117E-01 -2.21325278E-08  1.36777140E-08  8.54425334E+01  6.07519495E-03  2.08456801E-01  6.33207867E+01
  0.00000000E+00  9.14900000E-01  8.25094747E-01 -2.21408055E-08  1.36575890E-08  8.53791610E+01  6.07468800E-03  2.08710616E-01  6.33925954E+01
  0.00000000E+00  9.14800000E-01  8.25240201E-01 -2.21489161E-08  1.36375731E-08  8.53158636E+01  6.07418078E-03  2.08964426E-01  6.34643865E+01
  0.00000000E+00  9.14700000E-01  8.25385479E-01 -2.21568618E-08  1.36176646E-08  8.52526412E+01  6.07367327E-03  2.09218229E-01  6.35361600E+01
  0.00000000E+00  9.14600000E-01  8.25530582E-01 -2.21646447E-08  1.35978621E-08  8.51894936E+01  6.07316547E-03  2.09472027E-01  6.36079159E+01
  0.00000000E+00  9.14500000E-01  8.25675510E-01 -2.21722667E-08  1.35781642E-08  8.51264205E+01  6.07265740E-03  2.09725820E-01  6.36796543E+01
  0.00000000E+00  9.14400000E-01  8.25820264E-01 -2.21797299E-08  1.35585694E-08  8.50634219E+01  6.07214905E-03  2.09979606E-01  6.37513750E+01
  0.00000000E+00  9.14300000E-01  8.25964844E-01 -2.21870364E-08  1.35390763E-08  8.50004974E+01  6.07164041E-03  2.10233387E-01  6.38230782E+01
  0.00000000E+00  9.14200000E-01  8.26109249E-01 -2.21941880E-08  1.35196834E-08  8.49376470E+01  6.07113150E-03  2.10487162E-01  6.38947638E+01
  0.00000000E+00  9.14100000E-01  8.26253482E-01 -2.22011866E-08  1.35003894E-08  8.48748704E+01  6.07062232E-03  2.10740932E-01  6.39664318E+01
  0.00000000E+00  9.14000000E-01  8.26397542E-01 -2.22080343E-08  1.34811929E-08  8.48121675E+01  6.07011285E-03  2.10994695E-01  6.40380823E+01
  0.00000000E+00  9.13900000E-01  8.26541430E-01 -2.22147329E-08  1.34620926E-08  8.47495382E+01  6.06960312E-03  2.11248453E-01  6.41097151E+01
  0.00000000E+00  9.13800000E-01  8.26685146E-01 -2.22212843E-08  1.34430870E-08  8.46869821E+01  6.06909310E-03  2.11502205E-01  6.41813304E+01
  0.00000000E+00  9.13700000E-01  8.26828690E-01 -2.22276903E-08  1.34241749E-08  8.46244992E+01  6.06858282E-03  2.11755952E-01  6.42529281E+01
  0.00000000E+00  9.13600000E-01  8.26972063E-01 -2.22339528E-08  1.34053550E-08  8.45620893E+01  6.06807227E-03  2.12009692E-01  6.43245083E+01
  0.00000000E+00  9.13500000E-01  8.27115266E-01 -2.22400735E-08  1.33866259E-08  8.44997522E+01  6.06756144E-03  2.12263427E-01  6.43960709E+01
  0.00000000E+00  9.13400000E-01  8.27258298E-01 -2.22460543E-08  1.33679865E-08  8.44374877E+01  6.06705035E-03  2.12517156E-01  6.44676159E+01
  0.00000000E+00  9.13300000E-01  8.27401160E-01 -2.22518968E-08  1.33494353E-08  8.43752956E+01  6.06653899E-03  2.12770880E-01  6.45391433E+01
  0.00000000E+00  9.13200000E-01  8.27543853E-01 -2.22576030E-08  1.33309713E-08  8.43131759E+01  6.06602737E-03  2.13024597E-01  6.46106532E+01
  0.00000000E+00  9.13100000E-01  8.27686377E-01 -2.22631744E-08  1.33125931E-08  8.42511282E+01  6.06551547E-03  2.13278309E-01  6.46821455E+01
  0.00000000E+00  9.13000000E-01  8.27828732E-01 -2.22686128E-08  1.32942996E-08  8.41891525E+01  6.06500332E-03  2.13532015E-01  6.47536202E+01
  0.00000000E+00  9.12900000E-01  8.27970919E-01 -2.22739199E-08  1.32760895E-08  8.41272486E+01  6.06449090E-03  2.13785715E-01  6.48250774E+01
  0.00000000E+00  9.12800000E-01  8.28112938E-01 -2.22790973E-08  1.32579617E-08  8.40654162E+01  6.06397822E-03  2.14039410E-01  6.48965170E+01
  0.00000000E+00  9.12700000E-01  8.28254790E-01 -2.22841466E-08  1.32399150E-08  8.40036553E+01  6.06346528E-03  2.14293098E-01  6.49679391E+01
  0.00000000E+00  9.12600000E-01  8.28396474E-01 -2.22890695E-08  1.32219483E-08  8.39419656E+01  6.06295207E-03  2.14546781E-01  6.50393436E+01
  0.00000000E+00  9.12500000E-01  8.28537992E-01 -2.22938676E-08  1.32040603E-08  8.38803470E+01  6.06243861E-03  2.14800458E-01  6.51107305E+01
  0.00000000E+00  9.12400000E-01  8.28679344E-01 -2.22985424E-08  1.31862501E-08  8.38187994E+01  6.06192489E-03  2.15054129E-01  6.51820999E+01
  0.00000000E+00  9.12300000E-01  8.28820530E-01 -2.23030956E-08  1.31685165E-08  8.37573225E+01  6.06141092E-03  2.15307795E-01  6.52534517E+01
  0.00000000E+00  9.12200000E-01  8.28961550E-01 -2.23075286E-08  1.31508583E-08  8.36959161E+01  6.06089668E-03  2.15561455E-01  6.53247860E+01
  0.00000000E+00  9.12100000E-01  8.29102405E-01 -2.23118430E-08  1.31332746E-08  8.36345802E+01  6.06038220E-03  2.15815109E-01  6.53961027E+01
  0.00000000E+00  9.12000000E-01  8.29243096E-01 -2.23160402E-08  1.31157642E-08  8.35733146E+01  6.05986746E-03  2.16068757E-01  6.54674019E+01
  0.00000000E+00  9.11900000E-01  8.29383622E-01 -2.23201218E-08  1.30983262E-08  8.35121190E+01  6.05935246E-03  2.16322399E-01  6.55386835E+01
  0.00000000E+00  9.11800000E-01  8.29523984E-01 -2.23240893E-08  1.30809594E-08  8.34509933E+01  6.05883722E-03  2.16576035E-01  6.56099476E+01
  0.00000000E+00  9.11700000E-01  8.29664183E-01 -2.23279440E-08  1.30636629E-08  8.33899374E+01  6.05832172E-03  2.16829666E-01  6.56811941E+01
  0.00000000E+00  9.11600000E-01  8.29804218E-01 -2.23316874E-08  1.30464356E-08  8.33289511E+01  6.05780598E-03  2.17083291E-01  6.57524231E+01
  0.00000000E+00  9.11500000E-01  8.29944091E-01 -2.23353209E-08  1.30292766E-08  8.32680342E+01  6.05728998E-03  2.17336910E-01  6.58236345E+01
  0.00000000E+00  9.11400000E-01  8.30083802E-01 -2.23388459E-08  1.30121849E-08  8.32071866E+01  6.05677374E-03  2.17590523E-01  6.58948284E+01
  0.00000000E+00  9.11300000E-01  8.30223350E-01 -2.23422638E-08  1.29951594E-08  8.31464081E+01  6.05625725E-03  2.17844130E-01  6.59660047E+01
  0.00000000E+00  9.11200000E-01  8.30362737E-01 -2.23455759E-08  1.29781994E-08  8.30856985E+01  6.05574052E-03  2.18097732E-01  6.60371635E+01
  0.00000000E+00  9.11100000E-01  8.30501963E-01 -2.23487836E-08  1.29613037E-08  8.30250578E+01  6.05522354E-03  2.18351328E-01  6.61083048E+01
  0.00000000E+00  9.11000000E-01  8.30641027E-01 -2.23518882E-08  1.29444716E-08  8.29644856E+01  6.05470632E-03  2.18604917E-01  6.61794285E+01
  0.00000000E+00  9.10900000E-01  8.30779932E-01 -2.23548910E-08  1.29277020E-08  8.29039819E+01  6.05418886E-03  2.18858502E-01  6.62505347E+01
  0.00000000E+00  9.10800000E-01  8.30918676E-01 -2.23577933E-08  1.29109941E-08  8.28435465E+01  6.05367115E-03  2.19112080E-01  6.63216233E+01
  0.00000000E+00  9.10700000E-01  8.31057260E-01 -2.23605963E-08  1.28943470E-08  8.27831793E+01  6.05315320E-03  2.19365652E-01  6.63926945E+01
  0.00000000E+00  9.10600000E-01  8.31195685E-01 -2.23633014E-08  1.28777599E-08  8.27228800E+01  6.05263502E-03  2.19619219E-01  6.64637480E+01
  0.00000000E+00  9.10500000E-01  8.31333951E-01 -2.23659097E-08  1.28612318E-08  8.26626486E+01  6.05211659E-03  2.19872779E-01  6.65347841E+01
  0.00000000E+00  9.10400000E-01  8.31472059E-01 -2.23684225E-08  1.28447618E-08  8.26024848E+01  6.05159793E-03  2.20126334E-01  6.66058026E+01
  0.00000000E+00  9.10300000E-01  8.31610008E-01 -2.23708410E-08  1.28283493E-08  8.25423885E+01  6.05107903E-03  2.20379883E-01  6.66768036E+01
  0.00000000E+00  9.10200000E-01  8.31747799E-01 -2.23731664E-08  1.28119933E-08  8.24823596E+01  6.05055989E-03  2.20633426E-01  6.67477871E+01
  0.00000000E+00  9.10100000E-01  8.31885433E-01 -2.23753999E-08  1.27956930E-08  8.24223979E+01  6.05004052E-03  2.20886963E-01  6.68187530E+01
  0.00000000E+00  9.10000000E-01  8.32022909E-01 -2.23775425E-08  1.27794477E-08  8.23625033E+01  6.04952092E-03  2.21140495E-01  6.68897014E+01
  0.00000000E+00  9.09900000E-01  8.32160229E-01 -2.23795956E-08  1.27632565E-08  8.23026755E+01  6.04900108E-03  2.21394020E-01  6.69606323E+01
  0.00000000E+00  9.09800000E-01  8.32297393E-01 -2.23815601E-08  1.27471187E-08  8.22429145E+01  6.04848101E-03  2.21647540E-01  6.70315457E+01
  0.00000000E+00  9.09700000E-01  8.32434400E-01 -2.23834372E-08  1.27310334E-08  8.21832201E+01  6.04796071E-03  2.21901054E-01  6.71024415E+01
  0.00000000E+00  9.09600000E-01  8.32571251E-01 -2.23852281E-08  1.27150000E-08  8.21235921E+01  6.04744018E-03  2.22154562E-01  6.71733198E+01
  0.00000000E+00  9.09500000E-01  8.32707948E-01 -2.23869338E-08  1.26990177E-08  8.20640304E+01  6.04691942E-03  2.22408064E-01  6.72441806E+01
  0.00000000E+00  9.09400000E-01  8.32844489E-01 -2.23885553E-08  1.26830858E-08  8.20045348E+01  6.04639843E-03  2.22661560E-01  6.73150239E+01
  0.00000000E+00  9.09300000E-01  8.32980875E-01 -2.23900938E-08  1.26672035E-08  8.19451052E+01  6.04587722E-03  2.22915051E-01  6.73858497E+01
  0.00000000E+00  9.09200000E-01  8.33117108E-01 -2.23915502E-08  1.26513702E-08  8.18857414E+01  6.04535577E-03  2.23168535E-01  6.74566580E+01
  0.00000000E+00  9.09100000E-01  8.33253186E-01 -2.23929257E-08  1.26355850E-08  8.18264432E+01  6.04483410E-03  2.23422014E-01  6.75274487E+01
  0.00000000E+00  9.09000000E-01  8.33389111E-01 -2.23942211E-08  1.26198475E-08  8.17672106E+01  6.04431221E-03  2.23675486E-01  6.75982219E+01
  0.00000000E+00  9.08900000E-01  8.33524882E-01 -2.23954376E-08  1.26041567E-08  8.17080434E+01  6.04379009E-03  2.23928953E-01  6.76689777E+01
  0.00000000E+00  9.08800000E-01  8.33660501E-01 -2.23965761E-08  1.25885122E-08  8.16489414E+01  6.04326775E-03  2.24182414E-01  6.77397159E+01
  0.00000000E+00  9.08700000E-01  8.33795967E-01 -2.23976376E-08  1.25729133E-08  8.15899045E+01  6.04274519E-03  2.24435869E-01  6.78104366E+01
  0.00000000E+00  9.08600000E-01  8.33931281E-01 -2.23986231E-08  1.25573592E-08  8.15309325E+01  6.04222241E-03  2.24689319E-01  6.78811398E+01
  0.00000000E+00  9.08500000E-01  8.34066443E-01 -2.23995334E-08  1.25418494E-08  8.14720253E+01  6.04169940E-03  2.24942762E-01  6.79518255E+01
  0.00000000E+00  9.08400000E-01  8.34201454E-01 -2.24003696E-08  1.25263832E-08  8.14131828E+01  6.04117618E-03  2.25196199E-01  6.80224937E+01
  0.00000000E+00  9.08300000E-01  8.34336313E-01 -2.24011326E-08  1.25109601E-08  8.13544047E+01  6.04065274E-03  2.25449631E-01  6.80931444E+01
  0.00000000E+00  9.08200000E-01  8.34471022E-01 -2.24018232E-08  1.24955793E-08  8.12956909E+01  6.04012908E-03  2.25703057E-01  6.81637776E+01
  0.00000000E+00  9.08100000E-01  8.34605580E-01 -2.24024424E-08  1.24802404E-08  8.12370414E+01  6.03960520E-03  2.25956476E-01  6.82343933E+01
  0.00000000E+00  9.08000000E-01  8.34739988E-01 -2.24029910E-08  1.24649427E-08  8.11784559E+01  6.03908111E-03  2.26209890E-01  6.83049915E+01
  0.00000000E+00  9.07900000E-01  8.34874246E-01 -2.24034700E-08  1.24496856E-08  8.11199343E+01  6.03855680E-03  2.26463298E-01  6.83755722E+01
  0.00000000E+00  9.07800000E-01  8.35008355E-01 -2.24038801E-08  1.24344687E-08  8.10614765E+01  6.03803228E-03  2.26716700E-01  6.84461354E+01
  0.00000000E+00  9.07700000E-01  8.35142315E-01 -2.24042223E-08  1.24192912E-08  8.10030823E+01  6.03750754E-03  2.26970096E-01  6.85166811E+01
  0.00000000E+00  9.07600000E-01  8.35276126E-01 -2.24044974E-08  1.24041528E-08  8.09447516E+01  6.03698259E-03  2.27223487E-01  6.85872093E+01
  0.00000000E+00  9.07500000E-01  8.35409788E-01 -2.24047062E-08  1.23890528E-08  8.08864842E+01  6.03645743E-03  2.27476871E-01  6.86577201E+01
  0.00000000E+00  9.07400000E-01  8.35543303E-01 -2.24048495E-08  1.23739907E-08  8.08282800E+01  6.03593206E-03  2.27730250E-01  6.87282133E+01
  0.00000000E+00  9.07300000E-01  8.35676669E-01 -2.24049281E-08  1.23589659E-08  8.07701388E+01  6.03540648E-03  2.27983622E-01  6.87986891E+01
  0.00000000E+00  9.07200000E-01  8.35809888E-01 -2.24049429E-08  1.23439781E-08  8.07120606E+01  6.03488069E-03  2.28236989E-01  6.88691474E+01
  0.00000000E+00  9.07100000E-01  8.35942960E-01 -2.24048945E-08  1.23290266E-08  8.06540451E+01  6.03435469E-03  2.28490350E-01  6.89395881E+01
  0.00000000E+00  9.07000000E-01  8.36075886E-01 -2.24047838E-08  1.23141110E-08  8.05960923E+01  6.03382848E-03  2.28743704E-01  6.90100114E+01
  0.00000000E+00  9.06900000E-01  8.36208665E-01 -2.24046116E-08  1.22992308E-08  8.05382019E+01  6.03330206E-03  2.28997053E-01  6.90804173E+01
  0.00000000E+00  9.06800000E-01  8.36341297E-01 -2.24043785E-08  1.22843855E-08  8.04803739E+01  6.03277544E-03  2.29250396E-01  6.91508056E+01
  0.00000000E+00  9.06700000E-01  8.36473784E-01 -2.24040854E-08  1.22695747E-08  8.04226081E+01  6.03224862E-03  2.29503734E-01  6.92211765E+01
  0.00000000E+00  9.06600000E-01  8.36606126E-01 -2.24037329E-08  1.22547978E-08  8.03649044E+01  6.03172159E-03  2.29757065E-01  6.92915299E+01
  0.00000000E+00  9.06500000E-01  8.36738322E-01 -2.24033217E-08  1.22400545E-08  8.03072626E+01  6.03119435E-03  2.30010390E-01  6.93618658E+01
  0.00000000E+00  9.06400000E-01  8.36870374E-01 -2.24028527E-08  1.22253442E-08  8.02496826E+01  6.03066692E-03  2.30263709E-01  6.94321842E+01
  0.00000000E+00  9.06300000E-01  8.37002281E-01 -2.24023264E-08  1.22106666E-08  8.01921643E+01  6.03013928E-03  2.30517023E-01  6.95024852E+01
  0.00000000E+00  9.06200000E-01  8.37134044E-01 -2.24017435E-08  1.21960212E-08  8.01347074E+01  6.02961144E-03  2.30770330E-01  6.95727687E+01
  0.00000000E+00  9.06100000E-01  8.37265663E-01 -2.24011048E-08  1.21814076E-08  8.00773120E+01  6.02908339E-03  2.31023632E-01  6.96430347E+01
  0.00000000E+00  9.06000000E-01  8.37397138E-01 -2.24004109E-08  1.21668254E-08  8.00199778E+01  6.02855515E-03  2.31276928E-01  6.97132832E+01
  0.00000000E+00  9.05900000E-01  8.37528471E-01 -2.23996625E-08  1.21522742E-08  7.99627048E+01  6.02802671E-03  2.31530217E-01  6.97835143E+01
  0.00000000E+00  9.05800000E-01  8.37659660E-01 -2.23988602E-08  1.21377536E-08  7.99054927E+01  6.02749807E-03  2.31783501E-01  6.98537279E+01
  0.00000000E+00  9.05700000E-01  8.37790707E-01 -2.23980046E-08  1.21232631E-08  7.98483414E+01  6.02696924E-03  2.32036779E-01  6.99239241E+01
  0.00000000E+00  9.05600000E-01  8.37921611E-01 -2.23970964E-08  1.21088025E-08  7.97912509E+01  6.02644021E-03  2.32290051E-01  6.99941028E+01
  0.00000000E+00  9.05500000E-01  8.38052374E-01 -2.23961362E-08  1.20943713E-08  7.97342210E+01  6.02591098E-03  2.32543317E-01  7.00642640E+01
  0.00000000E+00  9.05400000E-01  8.38182995E-01 -2.23951246E-08  1.20799692E-08  7.96772515E+01  6.02538155E-03  2.32796578E-01  7.01344078E+01
  0.00000000E+00  9.05300000E-01  8.38313474E-01 -2.23940623E-08  1.20655957E-08  7.96203423E+01  6.02485194E-03  2.33049832E-01  7.02045341E+01
  0.00000000E+00  9.05200000E-01  8.38443813E-01 -2.23929498E-08  1.20512507E-08  7.95634933E+01  6.02432212E-03  2.33303080E-01  7.02746430E+01
  0.00000000E+00  9.05100000E-01  8.38574011E-01 -2.23917876E-08  1.20369336E-08  7.95067043E+01  6.02379212E-03  2.33556322E-01  7.03447344E+01
  0.00000000E+00  9.05000000E-01  8.38704068E-01 -2.23905765E-08  1.20226442E-08  7.94499753E+01  6.02326192E-03  2.33809559E-01  7.04148083E+01
  0.00000000E+00  9.04900000E-01  8.38833985E-01 -2.23893169E-08  1.20083821E-08  7.93933060E+01  6.02273153E-03  2.34062789E-01  7.04848648E+01
  0.00000000E+00  9.04800000E-01  8.38963763E-01 -2.23880094E-08  1.19941470E-08  7.93366964E+01  6.02220095E-03  2.34316014E-01  7.05549039E+01
  0.00000000E+00  9.04700000E-01  8.39093401E-01 -2.23866546E-08  1.19799386E-08  7.92801463E+01  6.02167018E-03  2.34569233E-01  7.06249255E+01
  0.00000000E+00  9.04600000E-01  8.39222900E-01 -2.23852530E-08  1.19657566E-08  7.92236556E+01  6.02113922E-03  2.34822445E-01  7.06949296E+01
  0.00000000E+00  9.04500000E-01  8.39352260E-01 -2.23838052E-08  1.19516007E-08  7.91672242E+01  6.02060808E-03  2.35075652E-01  7.07649163E+01
  0.00000000E+00  9.04400000E-01  8.39481481E-01 -2.23823116E-08  1.19374705E-08  7.91108519E+01  6.02007674E-03  2.35328853E-01  7.08348856E+01
  0.00000000E+00  9.04300000E-01  8.39610565E-01 -2.23807729E-08  1.19233657E-08  7.90545387E+01  6.01954522E-03  2.35582048E-01  7.09048374E+01
  0.00000000E+00  9.04200000E-01  8.39739510E-01 -2.23791895E-08  1.19092862E-08  7.89982843E+01  6.01901351E-03  2.35835237E-01  7.09747717E+01
  0.00000000E+00  9.04100000E-01  8.39868317E-01 -2.23775618E-08  1.18952316E-08  7.89420887E+01  6.01848161E-03  2.36088420E-01  7.10446887E+01
  0.00000000E+00  9.04000000E-01  8.39996987E-01 -2.23758906E-08  1.18812015E-08  7.88859517E+01  6.01794953E-03  2.36341597E-01  7.11145882E+01
  0.00000000E+00  9.03900000E-01  8.40125521E-01 -2.23741761E-08  1.18671959E-08  7.88298732E+01  6.01741727E-03  2.36594768E-01  7.11844702E+01
  0.00000000E+00  9.03800000E-01  8.40253917E-01 -2.23724189E-08  1.18532143E-08  7.87738530E+01  6.01688482E-03  2.36847933E-01  7.12543348E+01
  0.00000000E+00  9.03700000E-01  8.40382177E-01 -2.23706195E-08  1.18392566E-08  7.87178911E+01  6.01635219E-03  2.37101092E-01  7.13241820E+01
  0.00000000E+00  9.03600000E-01  8.40510300E-01 -2.23687784E-08  1.18253224E-08  7.86619874E+01  6.01581938E-03  2.37354246E-01  7.13940118E+01
  0.00000000E+00  9.03500000E-01  8.40638288E-01 -2.23668960E-08  1.18114116E-08  7.86061416E+01  6.01528638E-03  2.37607393E-01  7.14638241E+01
  0.00000000E+00  9.03400000E-01  8.40766140E-01 -2.23649727E-08  1.17975238E-08  7.85503537E+01  6.01475321E-03  2.37860534E-01  7.15336190E+01
  0.00000000E+00  9.03300000E-01  8.40893857E-01 -2.23630091E-08  1.17836589E-08  7.84946236E+01  6.01421985E-03  2.38113670E-01  7.16033964E+01
  0.00000000E+00  9.03200000E-01  8.41021439E-01 -2.23610055E-08  1.17698167E-08  7.84389511E+01  6.01368632E-03  2.38366799E-01  7.16731565E+01
  0.00000000E+00  9.03100000E-01  8.41148886E-01 -2.23589625E-08  1.17559968E-08  7.83833361E+01  6.01315260E-03  2.38619923E-01  7.17428991E+01
  0.00000000E+00  9.03000000E-01  8.41276199E-01 -2.23568803E-08  1.17421991E-08  7.83277784E+01  6.01261871E-03  2.38873041E-01  7.18126242E+01
  0.00000000E+00  9.02900000E-01  8.41403377E-01 -2.23547596E-08  1.17284234E-08  7.82722781E+01  6.01208464E-03  2.39126152E-01  7.18823320E+01
  0.00000000E+00  9.02800000E-01  8.41530422E-01 -2.23526006E-08  1.17146695E-08  7.82168348E+01  6.01155039E-03  2.39379258E-01  7.19520223E+01
  0.00000000E+00  9.02700000E-01  8.41657333E-01 -2.23504038E-08  1.17009371E-08  7.81614486E+01  6.01101597E-03  2.39632358E-01  7.20216953E+01
  0.00000000E+00  9.02600000E-01  8.41784111E-01 -2.23481696E-08  1.16872260E-08  7.81061192E+01  6.01048137E-03  2.39885452E-01  7.20913508E+01
  0.00000000E+00  9.02500000E-01  8.41910756E-01 -2.23458984E-08  1.16735361E-08  7.80508467E+01  6.00994660E-03  2.40138540E-01  7.21609889E+01
  0.00000000E+00  9.02400000E-01  8.42037268E-01 -2.23435906E-08  1.16598672E-08  7.79956307E+01  6.00941165E-03  2.40391622E-01  7.22306095E+01
  0.00000000E+00  9.02300000E-01  8.42163648E-01 -2.23412466E-08  1.16462191E-08  7.79404714E+01  6.00887653E-03  2.40644698E-01  7.23002128E+01
  0.00000000E+00  9.02200000E-01  8.42289895E-01 -2.23388667E-08  1.16325916E-08  7.78853684E+01  6.00834124E-03  2.40897768E-01  7.23697986E+01
  0.00000000E+00  9.02100000E-01  8.42416011E-01 -2.23364514E-08  1.16189845E-08  7.78303217E+01  6.00780577E-03  2.41150832E-01  7.24393671E+01
  0.00000000E+00  9.02000000E-01  8.42541995E-01 -2.23340010E-08  1.16053977E-08  7.77753311E+01  6.00727014E-03  2.41403890E-01  7.25089181E+01
  0.00000000E+00  9.01900000E-01  8.42667847E-01 -2.23315159E-08  1.15918309E-08  7.77203966E+01  6.00673433E-03  2.41656942E-01  7.25784517E+01
  0.00000000E+00  9.01800000E-01  8.42793569E-01 -2.23289964E-08  1.15782841E-08  7.76655181E+01  6.00619835E-03  2.41909988E-01  7.26479679E+01
  0.00000000E+00  9.01700000E-01  8.42919160E-01 -2.23264430E-08  1.15647571E-08  7.76106954E+01  6.00566220E-03  2.42163029E-01  7.27174667E+01
  0.00000000E+00  9.01600000E-01  8.43044621E-01 -2.23238558E-08  1.15512497E-08  7.75559283E+01  6.00512588E-03  2.42416063E-01  7.27869482E+01
  0.00000000E+00  9.01500000E-01  8.43169951E-01 -2.23212354E-08  1.15377618E-08  7.75012169E+01  6.00458940E-03  2.42669091E-01  7.28564122E+01
  0.00000000E+00  9.01400000E-01  8.43295151E-01 -2.23185820E-08  1.15242932E-08  7.74465609E+01  6.00405274E-03  2.42922114E-01  7.29258588E+01
  0.00000000E+00  9.01300000E-01  8.43420222E-01 -2.23158960E-08  1.15108438E-08  7.73919602E+01  6.00351592E-03  2.43175130E-01  7.29952880E+01
  0.00000000E+00  9.01200000E-01  8.43545163E-01 -2.23131777E-08  1.14974135E-08  7.73374148E+01  6.00297894E-03  2.43428141E-01  7.30646998E+01
  0.00000000E+00  9.01100000E-01  8.43669975E-01 -2.23104274E-08  1.14840020E-08  7.72829245E+01  6.00244178E-03  2.43681145E-01  7.31340942E+01
  0.00000000E+00  9.01000000E-01  8.43794659E-01 -2.23076455E-08  1.14706094E-08  7.72284891E+01  6.00190446E-03  2.43934144E-01  7.32034712E+01
  0.00000000E+00  9.00900000E-01  8.43919213E-01 -2.23048322E-08  1.14572354E-08  7.71741087E+01  6.00136698E-03  2.44187137E-01  7.32728309E+01
  0.00000000E+00  9.00800000E-01  8.44043640E-01 -2.23019880E-08  1.14438800E-08  7.71197830E+01  6.00082933E-03  2.44440124E-01  7.33421731E+01
  0.00000000E+00  9.00700000E-01  8.44167938E-01 -2.22991130E-08  1.14305430E-08  7.70655120E+01  6.00029152E-03  2.44693104E-01  7.34114980E+01
  0.00000000E+00  9.00600000E-01  8.44292109E-01 -2.22962076E-08  1.14172244E-08  7.70112956E+01  5.99975355E-03  2.44946079E-01  7.34808055E+01
  0.00000000E+00  9.00500000E-01  8.44416152E-01 -2.22932721E-08  1.14039239E-08  7.69571335E+01  5.99921541E-03  2.45199048E-01  7.35500955E+01
  0.00000000E+00  9.00400000E-01  8.44540068E-01 -2.22903068E-08  1.13906415E-08  7.69030258E+01  5.99867711E-03  2.45452011E-01  7.36193682E+01
  0.00000000E+00  9.00300000E-01  8.44663857E-01 -2.22873119E-08  1.13773772E-08  7.68489723E+01  5.99813866E-03  2.45704968E-01  7.36886236E+01
  0.00000000E+00  9.00200000E-01  8.44787519E-01 -2.22842879E-08  1.13641307E-08  7.67949728E+01  5.99760004E-03  2.45957919E-01  7.37578615E+01
  0.00000000E+00  9.00100000E-01  8.44911055E-01 -2.22812348E-08  1.13509020E-08  7.67410273E+01  5.99706126E-03  2.46210864E-01  7.38270821E+01
  0.00000000E+00  9.00000000E-01  8.45034465E-01 -2.22781532E-08  1.13376911E-08  7.66871357E+01  5.99652232E-03  2.46463803E-01  7.38962852E+01
