y,U_x,U_y,U_z,k
0,1.08901,-5.63702e-25,0,0.00150942
0.00020004,1.08901,-5.82429e-11,0,0.00150942
0.00040008,1.08901,-1.16486e-10,0,0.00150942
0.00060012,1.08901,-1.74729e-10,0,0.00150942
0.00080016,1.08901,-2.32972e-10,0,0.00150942
0.0010002,1.08901,-2.91215e-10,0,0.00150942
0.00120024,1.08901,-3.49457e-10,0,0.00150942
0.00140028,1.08901,-4.077e-10,0,0.00150942
0.00160032,1.08901,-4.65943e-10,0,0.00150942
0.00180036,1.08901,-5.24186e-10,0,0.00150942
0.0020004,1.08901,-5.82429e-10,0,0.00150942
0.00220044,1.08901,-6.40672e-10,0,0.00150942
0.00240048,1.08901,-6.98915e-10,0,0.00150942
0.00260052,1.08901,-7.57158e-10,0,0.00150942
0.00280056,1.08901,-8.15401e-10,0,0.00150942
0.0030006,1.08901,-8.73644e-10,0,0.00150942
0.00320064,1.08901,-9.31886e-10,0,0.00150942
0.00340068,1.08901,-9.90129e-10,0,0.00150942
0.00360072,1.08901,-1.04837e-09,0,0.00150942
0.00380076,1.08901,-1.10662e-09,0,0.00150942
0.0040008,1.08901,-1.16486e-09,0,0.00150942
0.00420084,1.08901,-1.2231e-09,0,0.00150942
0.00440088,1.08901,-1.28134e-09,0,0.00150942
0.00460092,1.08901,-1.33959e-09,0,0.00150942
0.00480096,1.08901,-1.39783e-09,0,0.00150942
0.005001,1.08901,-1.45607e-09,0,0.00150942
0.00520104,1.08901,-1.51432e-09,0,0.00150942
0.00540108,1.08901,-1.57256e-09,0,0.00150942
0.00560112,1.08901,-1.6308e-09,0,0.00150942
0.00580116,1.08901,-1.68904e-09,0,0.00150942
0.0060012,1.08901,-1.74729e-09,0,0.00150942
0.00620124,1.08901,-1.80553e-09,0,0.00150942
0.00640128,1.08901,-1.86377e-09,0,0.00150942
0.00660132,1.08901,-1.92202e-09,0,0.00150942
0.00680136,1.08901,-1.98026e-09,0,0.00150942
0.0070014,1.08901,-2.0385e-09,0,0.00150942
0.00720144,1.08901,-2.09674e-09,0,0.00150942
0.00740148,1.08901,-2.15499e-09,0,0.00150942
0.00760152,1.08901,-2.21323e-09,0,0.00150942
0.00780156,1.08901,-2.27147e-09,0,0.00150942
0.0080016,1.08901,-2.32972e-09,0,0.00150942
0.00820164,1.08901,-2.38796e-09,0,0.00150942
0.00840168,1.08901,-2.4462e-09,0,0.00150942
0.00860172,1.08901,-2.50444e-09,0,0.00150942
0.00880176,1.08901,-2.56269e-09,0,0.00150942
0.0090018,1.08901,-2.62093e-09,0,0.00150942
0.00920184,1.08901,-2.67917e-09,0,0.00150942
0.00940188,1.08901,-2.73742e-09,0,0.00150942
0.00960192,1.08901,-2.79566e-09,0,0.00150942
0.00980196,1.08901,-2.8539e-09,0,0.00150942
0.010002,1.08901,-2.91215e-09,0,0.00150942
0.010202,1.08901,-2.97039e-09,0,0.00150942
0.0104021,1.08901,-3.02863e-09,0,0.00150942
0.0106021,1.08901,-3.08687e-09,0,0.00150942
0.0108022,1.08901,-3.14512e-09,0,0.00150942
0.0110022,1.08901,-3.20336e-09,0,0.00150942
0.0112022,1.08901,-3.2616e-09,0,0.00150942
0.0114023,1.08901,-3.31985e-09,0,0.00150942
0.0116023,1.08901,-3.37809e-09,0,0.00150942
0.0118024,1.08901,-3.43633e-09,0,0.00150942
0.0120024,1.08901,-3.49457e-09,0,0.00150942
0.0122024,1.08901,-3.55282e-09,0,0.00150942
0.0124025,1.08901,-3.6115e-09,0,0.00150942
0.0126025,1.08901,-3.67691e-09,0,0.00150949
0.0128026,1.08901,-3.74232e-09,0,0.00150955
0.0130026,1.089,-3.80773e-09,0,0.00150962
0.0132026,1.089,-3.87314e-09,0,0.00150968
0.0134027,1.089,-3.93854e-09,0,0.00150975
0.0136027,1.089,-4.00395e-09,0,0.00150981
0.0138028,1.089,-4.06936e-09,0,0.00150988
0.0140028,1.08899,-4.13477e-09,0,0.00150994
0.0142028,1.08899,-4.20018e-09,0,0.00151
0.0144029,1.08899,-4.26559e-09,0,0.00151007
0.0146029,1.08899,-4.33099e-09,0,0.00151013
0.014803,1.08899,-4.3964e-09,0,0.0015102
0.015003,1.08898,-4.46181e-09,0,0.00151026
0.015203,1.08898,-4.52722e-09,0,0.00151033
0.0154031,1.08898,-4.59263e-09,0,0.00151039
0.0156031,1.08898,-4.65804e-09,0,0.00151045
0.0158032,1.08898,-4.72345e-09,0,0.00151052
0.0160032,1.08897,-4.78885e-09,0,0.00151058
0.0162032,1.08897,-4.85426e-09,0,0.00151065
0.0164033,1.08897,-4.91967e-09,0,0.00151071
0.0166033,1.08897,-4.98508e-09,0,0.00151078
0.0168034,1.08897,-5.05049e-09,0,0.00151084
0.0170034,1.08896,-5.1159e-09,0,0.0015109
0.0172034,1.08896,-5.1813e-09,0,0.00151097
0.0174035,1.08896,-5.24671e-09,0,0.00151103
0.0176035,1.08896,-5.31212e-09,0,0.0015111
0.0178036,1.08896,-5.37753e-09,0,0.00151116
0.0180036,1.08896,-5.44294e-09,0,0.00151123
0.0182036,1.08895,-5.50835e-09,0,0.00151129
0.0184037,1.08895,-5.57375e-09,0,0.00151136
0.0186037,1.08895,-5.63916e-09,0,0.00151142
0.0188038,1.08895,-5.70457e-09,0,0.00151148
0.0190038,1.08895,-5.76998e-09,0,0.00151155
0.0192038,1.08894,-5.83539e-09,0,0.00151161
0.0194039,1.08894,-5.9008e-09,0,0.00151168
0.0196039,1.08894,-5.9662e-09,0,0.00151174
0.019804,1.08894,-6.03161e-09,0,0.00151181
0.020004,1.08894,-6.09702e-09,0,0.00151187
0.020204,1.08893,-6.16243e-09,0,0.00151193
0.0204041,1.08893,-6.22784e-09,0,0.001512
0.0206041,1.08893,-6.29325e-09,0,0.00151206
0.0208042,1.08893,-6.35865e-09,0,0.00151213
0.0210042,1.08893,-6.42406e-09,0,0.00151219
0.0212042,1.08892,-6.48947e-09,0,0.00151226
0.0214043,1.08892,-6.55488e-09,0,0.00151232
0.0216043,1.08892,-6.62029e-09,0,0.00151239
0.0218044,1.08892,-6.6857e-09,0,0.00151245
0.0220044,1.08892,-6.75111e-09,0,0.00151251
0.0222044,1.08891,-6.81651e-09,0,0.00151258
0.0224045,1.08891,-6.88192e-09,0,0.00151264
0.0226045,1.08891,-6.94733e-09,0,0.00151271
0.0228046,1.08891,-7.01274e-09,0,0.00151277
0.0230046,1.08891,-7.07815e-09,0,0.00151284
0.0232046,1.0889,-7.14356e-09,0,0.0015129
0.0234047,1.0889,-7.20896e-09,0,0.00151296
0.0236047,1.0889,-7.27437e-09,0,0.00151303
0.0238048,1.0889,-7.33978e-09,0,0.00151309
0.0240048,1.0889,-7.40519e-09,0,0.00151316
0.0242048,1.08889,-7.4706e-09,0,0.00151322
0.0244049,1.08889,-7.53601e-09,0,0.00151329
0.0246049,1.08889,-7.60141e-09,0,0.00151335
0.024805,1.08889,-7.66682e-09,0,0.00151342
0.025005,1.08889,-7.73223e-09,0,0.00151348
0.025205,1.08888,-7.79764e-09,0,0.00151354
0.0254051,1.08888,-7.86305e-09,0,0.00151361
0.0256051,1.08888,-7.92846e-09,0,0.00151367
0.0258052,1.08888,-7.99386e-09,0,0.00151374
0.0260052,1.08888,-8.05927e-09,0,0.0015138
0.0262052,1.08888,-8.12468e-09,0,0.00151387
0.0264053,1.08887,-8.19009e-09,0,0.00151393
0.0266053,1.08887,-8.2555e-09,0,0.00151399
0.0268054,1.08887,-8.32091e-09,0,0.00151406
0.0270054,1.08887,-8.38631e-09,0,0.00151412
0.0272054,1.08887,-8.45172e-09,0,0.00151419
0.0274055,1.08886,-8.51713e-09,0,0.00151425
0.0276055,1.08886,-8.58254e-09,0,0.00151432
0.0278056,1.08886,-8.64795e-09,0,0.00151438
0.0280056,1.08886,-8.71336e-09,0,0.00151445
0.0282056,1.08886,-8.77877e-09,0,0.00151451
0.0284057,1.08885,-8.84417e-09,0,0.00151457
0.0286057,1.08885,-8.90958e-09,0,0.00151464
0.0288058,1.08885,-8.97499e-09,0,0.0015147
0.0290058,1.08885,-9.0404e-09,0,0.00151477
0.0292058,1.08885,-9.10581e-09,0,0.00151483
0.0294059,1.08884,-9.17122e-09,0,0.0015149
0.0296059,1.08884,-9.23662e-09,0,0.00151496
0.029806,1.08884,-9.30203e-09,0,0.00151502
0.030006,1.08884,-9.36744e-09,0,0.00151509
0.030206,1.08884,-9.43285e-09,0,0.00151515
0.0304061,1.08883,-9.49826e-09,0,0.00151522
0.0306061,1.08883,-9.56367e-09,0,0.00151528
0.0308062,1.08883,-9.62907e-09,0,0.00151535
0.0310062,1.08883,-9.69448e-09,0,0.00151541
0.0312062,1.08883,-9.75989e-09,0,0.00151547
0.0314063,1.08882,-9.8253e-09,0,0.00151554
0.0316063,1.08882,-9.89071e-09,0,0.0015156
0.0318064,1.08882,-9.95612e-09,0,0.00151567
0.0320064,1.08882,-1.00215e-08,0,0.00151573
0.0322064,1.08882,-1.00869e-08,0,0.0015158
0.0324065,1.08881,-1.01523e-08,0,0.00151586
0.0326065,1.08881,-1.02177e-08,0,0.00151593
0.0328066,1.08881,-1.02832e-08,0,0.00151599
0.0330066,1.08881,-1.03486e-08,0,0.00151605
0.0332066,1.08881,-1.0414e-08,0,0.00151612
0.0334067,1.0888,-1.04794e-08,0,0.00151618
0.0336067,1.0888,-1.05448e-08,0,0.00151625
0.0338068,1.0888,-1.06102e-08,0,0.00151631
0.0340068,1.0888,-1.06756e-08,0,0.00151638
0.0342068,1.0888,-1.0741e-08,0,0.00151644
0.0344069,1.0888,-1.08064e-08,0,0.0015165
0.0346069,1.08879,-1.08718e-08,0,0.00151657
0.034807,1.08879,-1.09372e-08,0,0.00151663
0.035007,1.08879,-1.10027e-08,0,0.0015167
0.035207,1.08879,-1.10681e-08,0,0.00151676
0.0354071,1.08879,-1.11335e-08,0,0.00151683
0.0356071,1.08878,-1.11989e-08,0,0.00151689
0.0358072,1.08878,-1.12643e-08,0,0.00151696
0.0360072,1.08878,-1.13297e-08,0,0.00151702
0.0362072,1.08878,-1.13951e-08,0,0.00151708
0.0364073,1.08878,-1.14605e-08,0,0.00151715
0.0366073,1.08877,-1.15259e-08,0,0.00151721
0.0368074,1.08877,-1.15913e-08,0,0.00151728
0.0370074,1.08877,-1.16567e-08,0,0.00151734
0.0372074,1.08877,-1.17148e-08,0,0.00151742
0.0374075,1.08876,-1.17403e-08,0,0.00151755
0.0376075,1.08876,-1.17658e-08,0,0.00151767
0.0378076,1.08876,-1.17914e-08,0,0.0015178
0.0380076,1.08875,-1.18169e-08,0,0.00151793
0.0382076,1.08875,-1.18425e-08,0,0.00151806
0.0384077,1.08874,-1.1868e-08,0,0.00151819
0.0386077,1.08874,-1.18936e-08,0,0.00151832
0.0388078,1.08874,-1.19191e-08,0,0.00151844
0.0390078,1.08873,-1.19447e-08,0,0.00151857
0.0392078,1.08873,-1.19702e-08,0,0.0015187
0.0394079,1.08872,-1.19958e-08,0,0.00151883
0.0396079,1.08872,-1.20213e-08,0,0.00151896
0.039808,1.08872,-1.20469e-08,0,0.00151908
0.040008,1.08871,-1.20724e-08,0,0.00151921
0.040208,1.08871,-1.2098e-08,0,0.00151934
0.0404081,1.0887,-1.21235e-08,0,0.00151947
0.0406081,1.0887,-1.21491e-08,0,0.0015196
0.0408082,1.0887,-1.21746e-08,0,0.00151973
0.0410082,1.08869,-1.22002e-08,0,0.00151985
0.0412082,1.08869,-1.22257e-08,0,0.00151998
0.0414083,1.08869,-1.22513e-08,0,0.00152011
0.0416083,1.08868,-1.22768e-08,0,0.00152024
0.0418084,1.08868,-1.23023e-08,0,0.00152037
0.0420084,1.08867,-1.23279e-08,0,0.0015205
0.0422084,1.08867,-1.23534e-08,0,0.00152062
0.0424085,1.08867,-1.2379e-08,0,0.00152075
0.0426085,1.08866,-1.24045e-08,0,0.00152088
0.0428086,1.08866,-1.24301e-08,0,0.00152101
0.0430086,1.08865,-1.24556e-08,0,0.00152114
0.0432086,1.08865,-1.24812e-08,0,0.00152127
0.0434087,1.08865,-1.25067e-08,0,0.00152139
0.0436087,1.08864,-1.25323e-08,0,0.00152152
0.0438088,1.08864,-1.25578e-08,0,0.00152165
0.0440088,1.08863,-1.25834e-08,0,0.00152178
0.0442088,1.08863,-1.26089e-08,0,0.00152191
0.0444089,1.08863,-1.26345e-08,0,0.00152203
0.0446089,1.08862,-1.266e-08,0,0.00152216
0.044809,1.08862,-1.26856e-08,0,0.00152229
0.045009,1.08862,-1.27111e-08,0,0.00152242
0.045209,1.08861,-1.27367e-08,0,0.00152255
0.0454091,1.08861,-1.27622e-08,0,0.00152268
0.0456091,1.0886,-1.27877e-08,0,0.0015228
0.0458092,1.0886,-1.28133e-08,0,0.00152293
0.0460092,1.0886,-1.28388e-08,0,0.00152306
0.0462092,1.08859,-1.28644e-08,0,0.00152319
0.0464093,1.08859,-1.28899e-08,0,0.00152332
0.0466093,1.08858,-1.29155e-08,0,0.00152345
0.0468094,1.08858,-1.2941e-08,0,0.00152357
0.0470094,1.08858,-1.29666e-08,0,0.0015237
0.0472094,1.08857,-1.29921e-08,0,0.00152383
0.0474095,1.08857,-1.30177e-08,0,0.00152396
0.0476095,1.08856,-1.30432e-08,0,0.00152409
0.0478096,1.08856,-1.30688e-08,0,0.00152421
0.0480096,1.08856,-1.30943e-08,0,0.00152434
0.0482096,1.08855,-1.31199e-08,0,0.00152447
0.0484097,1.08855,-1.31454e-08,0,0.0015246
0.0486097,1.08854,-1.3171e-08,0,0.00152473
0.0488098,1.08854,-1.31965e-08,0,0.00152486
0.0490098,1.08854,-1.32221e-08,0,0.00152498
0.0492098,1.08853,-1.32476e-08,0,0.00152511
0.0494099,1.08853,-1.32731e-08,0,0.00152524
0.0496099,1.08853,-1.32987e-08,0,0.00152537
0.04981,1.08852,-1.33242e-08,0,0.0015255
0.05001,1.08852,-1.33498e-08,0,0.00152563
0.05021,1.08851,-1.33753e-08,0,0.00152575
0.0504101,1.08851,-1.34009e-08,0,0.00152588
0.0506101,1.08851,-1.34264e-08,0,0.00152601
0.0508102,1.0885,-1.3452e-08,0,0.00152614
0.0510102,1.0885,-1.34775e-08,0,0.00152627
0.0512102,1.08849,-1.35031e-08,0,0.00152639
0.0514103,1.08849,-1.35286e-08,0,0.00152652
0.0516103,1.08849,-1.35542e-08,0,0.00152665
0.0518104,1.08848,-1.35797e-08,0,0.00152678
0.0520104,1.08848,-1.36053e-08,0,0.00152691
0.0522104,1.08847,-1.36308e-08,0,0.00152704
0.0524105,1.08847,-1.36564e-08,0,0.00152716
0.0526105,1.08847,-1.36819e-08,0,0.00152729
0.0528106,1.08846,-1.37075e-08,0,0.00152742
0.0530106,1.08846,-1.3733e-08,0,0.00152755
0.0532106,1.08846,-1.37586e-08,0,0.00152768
0.0534107,1.08845,-1.37841e-08,0,0.00152781
0.0536107,1.08845,-1.38096e-08,0,0.00152793
0.0538108,1.08844,-1.38352e-08,0,0.00152806
0.0540108,1.08844,-1.38607e-08,0,0.00152819
0.0542108,1.08844,-1.38863e-08,0,0.00152832
0.0544109,1.08843,-1.39118e-08,0,0.00152845
0.0546109,1.08843,-1.39374e-08,0,0.00152857
0.054811,1.08842,-1.39629e-08,0,0.0015287
0.055011,1.08842,-1.39885e-08,0,0.00152883
0.055211,1.08842,-1.4014e-08,0,0.00152896
0.0554111,1.08841,-1.40396e-08,0,0.00152909
0.0556111,1.08841,-1.40651e-08,0,0.00152922
0.0558112,1.0884,-1.40907e-08,0,0.00152934
0.0560112,1.0884,-1.41162e-08,0,0.00152947
0.0562112,1.0884,-1.41418e-08,0,0.0015296
0.0564113,1.08839,-1.41673e-08,0,0.00152973
0.0566113,1.08839,-1.41929e-08,0,0.00152986
0.0568114,1.08838,-1.42184e-08,0,0.00152999
0.0570114,1.08838,-1.4244e-08,0,0.00153011
0.0572114,1.08838,-1.42695e-08,0,0.00153024
0.0574115,1.08837,-1.4295e-08,0,0.00153037
0.0576115,1.08837,-1.43206e-08,0,0.0015305
0.0578116,1.08837,-1.43461e-08,0,0.00153063
0.0580116,1.08836,-1.43717e-08,0,0.00153075
0.0582116,1.08836,-1.43972e-08,0,0.00153088
0.0584117,1.08835,-1.44228e-08,0,0.00153101
0.0586117,1.08835,-1.44483e-08,0,0.00153114
0.0588118,1.08835,-1.44739e-08,0,0.00153127
0.0590118,1.08834,-1.44994e-08,0,0.0015314
0.0592118,1.08834,-1.4525e-08,0,0.00153152
0.0594119,1.08833,-1.45505e-08,0,0.00153165
0.0596119,1.08833,-1.45761e-08,0,0.00153178
0.059812,1.08833,-1.46016e-08,0,0.00153191
0.060012,1.08832,-1.46272e-08,0,0.00153204
0.060212,1.08832,-1.46527e-08,0,0.00153217
0.0604121,1.08831,-1.46783e-08,0,0.00153229
0.0606121,1.08831,-1.47038e-08,0,0.00153242
0.0608122,1.08831,-1.47294e-08,0,0.00153255
0.0610122,1.0883,-1.47549e-08,0,0.00153268
0.0612122,1.0883,-1.47805e-08,0,0.00153281
0.0614123,1.0883,-1.4806e-08,0,0.00153294
0.0616123,1.08829,-1.48315e-08,0,0.00153306
0.0618124,1.08829,-1.48571e-08,0,0.00153319
0.0620124,1.08828,-1.48934e-08,0,0.00153334
0.0622124,1.08828,-1.49537e-08,0,0.00153353
0.0624125,1.08827,-1.5014e-08,0,0.00153372
0.0626125,1.08827,-1.50743e-08,0,0.00153391
0.0628126,1.08826,-1.51346e-08,0,0.0015341
0.0630126,1.08825,-1.51949e-08,0,0.0015343
0.0632126,1.08825,-1.52552e-08,0,0.00153449
0.0634127,1.08824,-1.53155e-08,0,0.00153468
0.0636127,1.08824,-1.53758e-08,0,0.00153487
0.0638128,1.08823,-1.54361e-08,0,0.00153506
0.0640128,1.08822,-1.54964e-08,0,0.00153525
0.0642128,1.08822,-1.55567e-08,0,0.00153544
0.0644129,1.08821,-1.5617e-08,0,0.00153563
0.0646129,1.08821,-1.56773e-08,0,0.00153583
0.064813,1.0882,-1.57376e-08,0,0.00153602
0.065013,1.0882,-1.57979e-08,0,0.00153621
0.065213,1.08819,-1.58582e-08,0,0.0015364
0.0654131,1.08818,-1.59185e-08,0,0.00153659
0.0656131,1.08818,-1.59788e-08,0,0.00153678
0.0658132,1.08817,-1.60391e-08,0,0.00153697
0.0660132,1.08817,-1.60994e-08,0,0.00153717
0.0662132,1.08816,-1.61597e-08,0,0.00153736
0.0664133,1.08815,-1.622e-08,0,0.00153755
0.0666133,1.08815,-1.62804e-08,0,0.00153774
0.0668134,1.08814,-1.63407e-08,0,0.00153793
0.0670134,1.08814,-1.6401e-08,0,0.00153812
0.0672134,1.08813,-1.64613e-08,0,0.00153831
0.0674135,1.08812,-1.65216e-08,0,0.0015385
0.0676135,1.08812,-1.65819e-08,0,0.0015387
0.0678136,1.08811,-1.66422e-08,0,0.00153889
0.0680136,1.08811,-1.67025e-08,0,0.00153908
0.0682136,1.0881,-1.67628e-08,0,0.00153927
0.0684137,1.0881,-1.68231e-08,0,0.00153946
0.0686137,1.08809,-1.68834e-08,0,0.00153965
0.0688138,1.08808,-1.69437e-08,0,0.00153984
0.0690138,1.08808,-1.7004e-08,0,0.00154003
0.0692138,1.08807,-1.70643e-08,0,0.00154023
0.0694139,1.08807,-1.71246e-08,0,0.00154042
0.0696139,1.08806,-1.71849e-08,0,0.00154061
0.069814,1.08805,-1.72452e-08,0,0.0015408
0.070014,1.08805,-1.73055e-08,0,0.00154099
0.070214,1.08804,-1.73658e-08,0,0.00154118
0.0704141,1.08804,-1.74261e-08,0,0.00154137
0.0706141,1.08803,-1.74864e-08,0,0.00154156
0.0708142,1.08803,-1.75467e-08,0,0.00154176
0.0710142,1.08802,-1.7607e-08,0,0.00154195
0.0712142,1.08801,-1.76673e-08,0,0.00154214
0.0714143,1.08801,-1.77276e-08,0,0.00154233
0.0716143,1.088,-1.77879e-08,0,0.00154252
0.0718144,1.088,-1.78482e-08,0,0.00154271
0.0720144,1.08799,-1.79085e-08,0,0.0015429
0.0722144,1.08798,-1.79688e-08,0,0.0015431
0.0724145,1.08798,-1.80292e-08,0,0.00154329
0.0726145,1.08797,-1.80895e-08,0,0.00154348
0.0728146,1.08797,-1.81498e-08,0,0.00154367
0.0730146,1.08796,-1.82101e-08,0,0.00154386
0.0732146,1.08796,-1.82704e-08,0,0.00154405
0.0734147,1.08795,-1.83307e-08,0,0.00154424
0.0736147,1.08794,-1.8391e-08,0,0.00154443
0.0738148,1.08794,-1.84513e-08,0,0.00154463
0.0740148,1.08793,-1.85116e-08,0,0.00154482
0.0742148,1.08793,-1.85719e-08,0,0.00154501
0.0744149,1.08792,-1.86322e-08,0,0.0015452
0.0746149,1.08791,-1.86925e-08,0,0.00154539
0.074815,1.08791,-1.87528e-08,0,0.00154558
0.075015,1.0879,-1.88131e-08,0,0.00154577
0.075215,1.0879,-1.88734e-08,0,0.00154596
0.0754151,1.08789,-1.89337e-08,0,0.00154616
0.0756151,1.08788,-1.8994e-08,0,0.00154635
0.0758152,1.08788,-1.90543e-08,0,0.00154654
0.0760152,1.08787,-1.91146e-08,0,0.00154673
0.0762152,1.08787,-1.91749e-08,0,0.00154692
0.0764153,1.08786,-1.92352e-08,0,0.00154711
0.0766153,1.08786,-1.92955e-08,0,0.0015473
0.0768154,1.08785,-1.93558e-08,0,0.0015475
0.0770154,1.08784,-1.94161e-08,0,0.00154769
0.0772154,1.08784,-1.94764e-08,0,0.00154788
0.0774155,1.08783,-1.95367e-08,0,0.00154807
0.0776155,1.08783,-1.9597e-08,0,0.00154826
0.0778156,1.08782,-1.96573e-08,0,0.00154845
0.0780156,1.08781,-1.97176e-08,0,0.00154864
0.0782156,1.08781,-1.97779e-08,0,0.00154883
0.0784157,1.0878,-1.98383e-08,0,0.00154903
0.0786157,1.0878,-1.98986e-08,0,0.00154922
0.0788158,1.08779,-1.99589e-08,0,0.00154941
0.0790158,1.08779,-2.00192e-08,0,0.0015496
0.0792158,1.08778,-2.00795e-08,0,0.00154979
0.0794159,1.08777,-2.01398e-08,0,0.00154998
0.0796159,1.08777,-2.02001e-08,0,0.00155017
0.079816,1.08776,-2.02604e-08,0,0.00155036
0.080016,1.08776,-2.03207e-08,0,0.00155056
0.080216,1.08775,-2.0381e-08,0,0.00155075
0.0804161,1.08774,-2.04413e-08,0,0.00155094
0.0806161,1.08774,-2.05016e-08,0,0.00155113
0.0808162,1.08773,-2.05619e-08,0,0.00155132
0.0810162,1.08773,-2.06222e-08,0,0.00155151
0.0812162,1.08772,-2.06825e-08,0,0.0015517
0.0814163,1.08772,-2.07428e-08,0,0.00155189
0.0816163,1.08771,-2.08031e-08,0,0.00155209
0.0818164,1.0877,-2.08634e-08,0,0.00155228
0.0820164,1.0877,-2.09237e-08,0,0.00155247
0.0822164,1.08769,-2.0984e-08,0,0.00155266
0.0824165,1.08769,-2.10443e-08,0,0.00155285
0.0826165,1.08768,-2.11046e-08,0,0.00155304
0.0828166,1.08767,-2.11649e-08,0,0.00155323
0.0830166,1.08767,-2.12252e-08,0,0.00155343
0.0832166,1.08766,-2.12855e-08,0,0.00155362
0.0834167,1.08766,-2.13458e-08,0,0.00155381
0.0836167,1.08765,-2.14061e-08,0,0.001554
0.0838168,1.08764,-2.14664e-08,0,0.00155419
0.0840168,1.08764,-2.15267e-08,0,0.00155438
0.0842168,1.08763,-2.1587e-08,0,0.00155457
0.0844169,1.08763,-2.16474e-08,0,0.00155476
0.0846169,1.08762,-2.17077e-08,0,0.00155496
0.084817,1.08762,-2.1768e-08,0,0.00155515
0.085017,1.08761,-2.18283e-08,0,0.00155534
0.085217,1.0876,-2.18886e-08,0,0.00155553
0.0854171,1.0876,-2.19489e-08,0,0.00155572
0.0856171,1.08759,-2.20092e-08,0,0.00155591
0.0858172,1.08759,-2.20695e-08,0,0.0015561
0.0860172,1.08758,-2.21298e-08,0,0.00155629
0.0862172,1.08757,-2.21901e-08,0,0.00155649
0.0864173,1.08757,-2.22504e-08,0,0.00155668
0.0866173,1.08756,-2.23107e-08,0,0.00155687
0.0868174,1.08756,-2.23671e-08,-6.69679e-29,0.00155708
0.0870174,1.08755,-2.24185e-08,-2.21828e-28,0.00155732
0.0872174,1.08754,-2.24698e-08,-3.76687e-28,0.00155756
0.0874175,1.08753,-2.25211e-08,-5.31547e-28,0.0015578
0.0876175,1.08753,-2.25725e-08,-6.86406e-28,0.00155804
0.0878176,1.08752,-2.26238e-08,-8.41266e-28,0.00155829
0.0880176,1.08751,-2.26751e-08,-9.96126e-28,0.00155853
0.0882176,1.0875,-2.27265e-08,-1.15099e-27,0.00155877
0.0884177,1.0875,-2.27778e-08,-1.30584e-27,0.00155901
0.0886177,1.08749,-2.28292e-08,-1.4607e-27,0.00155925
0.0888178,1.08748,-2.28805e-08,-1.61556e-27,0.00155949
0.0890178,1.08747,-2.29318e-08,-1.77042e-27,0.00155973
0.0892178,1.08747,-2.29832e-08,-1.92528e-27,0.00155997
0.0894179,1.08746,-2.30345e-08,-2.08014e-27,0.00156021
0.0896179,1.08745,-2.30858e-08,-2.235e-27,0.00156045
0.089818,1.08744,-2.31372e-08,-2.38986e-27,0.00156069
0.090018,1.08744,-2.31885e-08,-2.54472e-27,0.00156093
0.090218,1.08743,-2.32399e-08,-2.69958e-27,0.00156117
0.0904181,1.08742,-2.32912e-08,-2.85444e-27,0.00156142
0.0906181,1.08742,-2.33425e-08,-3.0093e-27,0.00156166
0.0908182,1.08741,-2.33939e-08,-3.16416e-27,0.0015619
0.0910182,1.0874,-2.34452e-08,-3.31902e-27,0.00156214
0.0912182,1.08739,-2.34965e-08,-3.47388e-27,0.00156238
0.0914183,1.08739,-2.35479e-08,-3.62874e-27,0.00156262
0.0916183,1.08738,-2.35992e-08,-3.7836e-27,0.00156286
0.0918184,1.08737,-2.36506e-08,-3.93846e-27,0.0015631
0.0920184,1.08736,-2.37019e-08,-4.09332e-27,0.00156334
0.0922184,1.08736,-2.37532e-08,-4.24818e-27,0.00156358
0.0924185,1.08735,-2.38046e-08,-4.40304e-27,0.00156382
0.0926185,1.08734,-2.38559e-08,-4.5579e-27,0.00156406
0.0928186,1.08733,-2.39072e-08,-4.71276e-27,0.00156431
0.0930186,1.08733,-2.39586e-08,-4.86762e-27,0.00156455
0.0932186,1.08732,-2.40099e-08,-5.02248e-27,0.00156479
0.0934187,1.08731,-2.40613e-08,-5.17733e-27,0.00156503
0.0936187,1.0873,-2.41126e-08,-5.33219e-27,0.00156527
0.0938188,1.0873,-2.41639e-08,-5.48705e-27,0.00156551
0.0940188,1.08729,-2.42153e-08,-5.64191e-27,0.00156575
0.0942188,1.08728,-2.42666e-08,-5.79677e-27,0.00156599
0.0944189,1.08727,-2.43179e-08,-5.95163e-27,0.00156623
0.0946189,1.08727,-2.43693e-08,-6.10649e-27,0.00156647
0.094819,1.08726,-2.44206e-08,-6.26135e-27,0.00156671
0.095019,1.08725,-2.4472e-08,-6.41621e-27,0.00156695
0.095219,1.08724,-2.45233e-08,-6.57107e-27,0.00156719
0.0954191,1.08724,-2.45746e-08,-6.72593e-27,0.00156744
0.0956191,1.08723,-2.4626e-08,-6.88079e-27,0.00156768
0.0958192,1.08722,-2.46773e-08,-7.03565e-27,0.00156792
0.0960192,1.08721,-2.47286e-08,-7.19051e-27,0.00156816
0.0962192,1.08721,-2.478e-08,-7.34537e-27,0.0015684
0.0964193,1.0872,-2.48313e-08,-7.50023e-27,0.00156864
0.0966193,1.08719,-2.48827e-08,-7.65509e-27,0.00156888
0.0968194,1.08719,-2.4934e-08,-7.80995e-27,0.00156912
0.0970194,1.08718,-2.49853e-08,-7.96481e-27,0.00156936
0.0972194,1.08717,-2.50367e-08,-8.11967e-27,0.0015696
0.0974195,1.08716,-2.5088e-08,-8.27453e-27,0.00156984
0.0976195,1.08716,-2.51394e-08,-8.42939e-27,0.00157008
0.0978196,1.08715,-2.51907e-08,-8.58425e-27,0.00157033
0.0980196,1.08714,-2.5242e-08,-8.73911e-27,0.00157057
0.0982196,1.08713,-2.52934e-08,-8.89397e-27,0.00157081
0.0984197,1.08713,-2.53447e-08,-9.04882e-27,0.00157105
0.0986197,1.08712,-2.5396e-08,-9.20368e-27,0.00157129
0.0988198,1.08711,-2.54474e-08,-9.35854e-27,0.00157153
0.0990198,1.0871,-2.54987e-08,-9.5134e-27,0.00157177
0.0992198,1.0871,-2.55528e-08,-9.67653e-27,0.00157202
0.0994199,1.08709,-2.56097e-08,-9.84811e-27,0.00157229
0.0996199,1.08708,-2.56666e-08,-1.00197e-26,0.00157256
0.09982,1.08707,-2.57234e-08,-1.01913e-26,0.00157282
0.10002,1.08706,-2.57803e-08,-1.03629e-26,0.00157309
0.10022,1.08705,-2.58372e-08,-1.05344e-26,0.00157336
0.10042,1.08705,-2.58941e-08,-1.0706e-26,0.00157362
0.10062,1.08704,-2.5951e-08,-1.08776e-26,0.00157389
0.10082,1.08703,-2.60078e-08,-1.10492e-26,0.00157416
0.10102,1.08702,-2.60647e-08,-1.12208e-26,0.00157443
0.10122,1.08701,-2.61216e-08,-1.13924e-26,0.00157469
0.10142,1.08701,-2.61785e-08,-1.15639e-26,0.00157496
0.10162,1.087,-2.62354e-08,-1.17355e-26,0.00157523
0.10182,1.08699,-2.62923e-08,-1.19071e-26,0.00157549
0.10202,1.08698,-2.63491e-08,-1.20787e-26,0.00157576
0.10222,1.08697,-2.6406e-08,-1.22503e-26,0.00157603
0.10242,1.08696,-2.64629e-08,-1.24219e-26,0.00157629
0.102621,1.08696,-2.65198e-08,-1.25934e-26,0.00157656
0.102821,1.08695,-2.65767e-08,-1.2765e-26,0.00157683
0.103021,1.08694,-2.66335e-08,-1.29366e-26,0.00157709
0.103221,1.08693,-2.66904e-08,-1.31082e-26,0.00157736
0.103421,1.08692,-2.67473e-08,-1.32798e-26,0.00157763
0.103621,1.08691,-2.68042e-08,-1.34514e-26,0.00157789
0.103821,1.08691,-2.68611e-08,-1.36229e-26,0.00157816
0.104021,1.0869,-2.6918e-08,-1.37945e-26,0.00157843
0.104221,1.08689,-2.69748e-08,-1.39661e-26,0.00157869
0.104421,1.08688,-2.70317e-08,-1.41377e-26,0.00157896
0.104621,1.08687,-2.70886e-08,-1.43093e-26,0.00157923
0.104821,1.08687,-2.71455e-08,-1.44809e-26,0.00157949
0.105021,1.08686,-2.72024e-08,-1.46524e-26,0.00157976
0.105221,1.08685,-2.72592e-08,-1.4824e-26,0.00158003
0.105421,1.08684,-2.73161e-08,-1.49956e-26,0.00158029
0.105621,1.08683,-2.7373e-08,-1.51672e-26,0.00158056
0.105821,1.08682,-2.74299e-08,-1.53388e-26,0.00158083
0.106021,1.08682,-2.74868e-08,-1.55104e-26,0.0015811
0.106221,1.08681,-2.75437e-08,-1.56819e-26,0.00158136
0.106421,1.0868,-2.76005e-08,-1.58535e-26,0.00158163
0.106621,1.08679,-2.76574e-08,-1.60251e-26,0.0015819
0.106821,1.08678,-2.77143e-08,-1.61967e-26,0.00158216
0.107021,1.08677,-2.77712e-08,-1.63683e-26,0.00158243
0.107221,1.08677,-2.78281e-08,-1.65399e-26,0.0015827
0.107421,1.08676,-2.78849e-08,-1.67114e-26,0.00158296
0.107622,1.08675,-2.79418e-08,-1.6883e-26,0.00158323
0.107822,1.08674,-2.79987e-08,-1.70546e-26,0.0015835
0.108022,1.08673,-2.80556e-08,-1.72262e-26,0.00158376
0.108222,1.08673,-2.81125e-08,-1.73978e-26,0.00158403
0.108422,1.08672,-2.81694e-08,-1.75694e-26,0.0015843
0.108622,1.08671,-2.82262e-08,-1.77409e-26,0.00158456
0.108822,1.0867,-2.82831e-08,-1.79125e-26,0.00158483
0.109022,1.08669,-2.834e-08,-1.80841e-26,0.0015851
0.109222,1.08668,-2.83969e-08,-1.82557e-26,0.00158536
0.109422,1.08668,-2.84538e-08,-1.84273e-26,0.00158563
0.109622,1.08667,-2.85106e-08,-1.85989e-26,0.0015859
0.109822,1.08666,-2.85675e-08,-1.87705e-26,0.00158616
0.110022,1.08665,-2.86244e-08,-1.8942e-26,0.00158643
0.110222,1.08664,-2.86813e-08,-1.91136e-26,0.0015867
0.110422,1.08663,-2.87371e-08,-1.88909e-26,0.00158699
0.110622,1.08662,-2.87924e-08,-1.8472e-26,0.0015873
0.110822,1.08661,-2.88477e-08,-1.8053e-26,0.00158761
0.111022,1.08661,-2.8903e-08,-1.76341e-26,0.00158791
0.111222,1.0866,-2.89583e-08,-1.72152e-26,0.00158822
0.111422,1.08659,-2.90136e-08,-1.67962e-26,0.00158853
0.111622,1.08658,-2.90689e-08,-1.63773e-26,0.00158884
0.111822,1.08657,-2.91242e-08,-1.59584e-26,0.00158914
0.112022,1.08656,-2.91795e-08,-1.55394e-26,0.00158945
0.112222,1.08655,-2.92348e-08,-1.51205e-26,0.00158976
0.112422,1.08654,-2.92901e-08,-1.47016e-26,0.00159007
0.112623,1.08653,-2.93454e-08,-1.42826e-26,0.00159037
0.112823,1.08652,-2.94007e-08,-1.38637e-26,0.00159068
0.113023,1.08651,-2.9456e-08,-1.34448e-26,0.00159099
0.113223,1.0865,-2.95112e-08,-1.30258e-26,0.0015913
0.113423,1.08649,-2.95665e-08,-1.26069e-26,0.0015916
0.113623,1.08648,-2.96218e-08,-1.2188e-26,0.00159191
0.113823,1.08647,-2.96771e-08,-1.1769e-26,0.00159222
0.114023,1.08646,-2.97324e-08,-1.13501e-26,0.00159253
0.114223,1.08645,-2.97877e-08,-1.09312e-26,0.00159283
0.114423,1.08644,-2.9843e-08,-1.05123e-26,0.00159314
0.114623,1.08643,-2.98983e-08,-1.00933e-26,0.00159345
0.114823,1.08642,-2.99536e-08,-9.67438e-27,0.00159376
0.115023,1.08641,-3.00089e-08,-9.25545e-27,0.00159406
0.115223,1.0864,-3.00642e-08,-8.83652e-27,0.00159437
0.115423,1.08639,-3.01195e-08,-8.41759e-27,0.00159468
0.115623,1.08639,-3.01748e-08,-7.99865e-27,0.00159499
0.115823,1.08638,-3.02301e-08,-7.57972e-27,0.00159529
0.116023,1.08637,-3.02854e-08,-7.16079e-27,0.0015956
0.116223,1.08636,-3.03407e-08,-6.74185e-27,0.00159591
0.116423,1.08635,-3.0396e-08,-6.32292e-27,0.00159622
0.116623,1.08634,-3.04513e-08,-5.90399e-27,0.00159652
0.116823,1.08633,-3.05066e-08,-5.48506e-27,0.00159683
0.117023,1.08632,-3.05618e-08,-5.06612e-27,0.00159714
0.117223,1.08631,-3.06171e-08,-4.64719e-27,0.00159745
0.117423,1.0863,-3.06724e-08,-4.22826e-27,0.00159775
0.117624,1.08629,-3.07277e-08,-3.80932e-27,0.00159806
0.117824,1.08628,-3.0783e-08,-3.39039e-27,0.00159837
0.118024,1.08627,-3.08383e-08,-2.97146e-27,0.00159868
0.118224,1.08626,-3.08936e-08,-2.55252e-27,0.00159899
0.118424,1.08625,-3.09489e-08,-2.13359e-27,0.00159929
0.118624,1.08624,-3.10042e-08,-1.71466e-27,0.0015996
0.118824,1.08623,-3.10595e-08,-1.29573e-27,0.00159991
0.119024,1.08622,-3.11148e-08,-8.76793e-28,0.00160022
0.119224,1.08621,-3.11701e-08,-4.5786e-28,0.00160052
0.119424,1.0862,-3.12254e-08,-3.89269e-29,0.00160083
0.119624,1.08619,-3.12807e-08,3.80006e-28,0.00160114
0.119824,1.08618,-3.1336e-08,7.98939e-28,0.00160145
0.120024,1.08617,-3.13913e-08,1.21787e-27,0.00160175
0.120224,1.08617,-3.14466e-08,1.6368e-27,0.00160206
0.120424,1.08616,-3.15019e-08,2.05574e-27,0.00160237
0.120624,1.08615,-3.15572e-08,2.47467e-27,0.00160268
0.120824,1.08614,-3.16125e-08,2.8936e-27,0.00160298
0.121024,1.08613,-3.16677e-08,3.31254e-27,0.00160329
0.121224,1.08612,-3.1723e-08,3.73147e-27,0.0016036
0.121424,1.08611,-3.17783e-08,4.1504e-27,0.00160391
0.121624,1.0861,-3.18336e-08,4.56934e-27,0.00160421
0.121824,1.08609,-3.18889e-08,4.98827e-27,0.00160452
0.122024,1.08608,-3.19442e-08,5.4072e-27,0.00160483
0.122224,1.08607,-3.19995e-08,5.82613e-27,0.00160514
0.122424,1.08606,-3.20548e-08,6.24507e-27,0.00160544
0.122625,1.08605,-3.21101e-08,6.664e-27,0.00160575
0.122825,1.08604,-3.21654e-08,7.08293e-27,0.00160606
0.123025,1.08603,-3.22207e-08,7.50187e-27,0.00160637
0.123225,1.08602,-3.2276e-08,7.9208e-27,0.00160667
0.123425,1.08601,-3.23313e-08,8.33973e-27,0.00160698
0.123625,1.086,-3.23866e-08,8.75866e-27,0.00160729
0.123825,1.08599,-3.24419e-08,9.1776e-27,0.0016076
0.124025,1.08598,-3.24972e-08,9.59653e-27,0.0016079
0.124225,1.08597,-3.25525e-08,1.00155e-26,0.00160821
0.124425,1.08596,-3.26078e-08,1.04344e-26,0.00160852
0.124625,1.08595,-3.26631e-08,1.08533e-26,0.00160883
0.124825,1.08595,-3.27183e-08,1.12723e-26,0.00160913
0.125025,1.08594,-3.27736e-08,1.16912e-26,0.00160944
0.125225,1.08593,-3.28289e-08,1.21101e-26,0.00160975
0.125425,1.08592,-3.28842e-08,1.25291e-26,0.00161006
0.125625,1.08591,-3.29395e-08,1.2948e-26,0.00161036
0.125825,1.0859,-3.29948e-08,1.33669e-26,0.00161067
0.126025,1.08589,-3.30501e-08,1.37859e-26,0.00161098
0.126225,1.08588,-3.31054e-08,1.42048e-26,0.00161129
0.126425,1.08587,-3.31607e-08,1.46237e-26,0.00161159
0.126625,1.08586,-3.3216e-08,1.50427e-26,0.0016119
0.126825,1.08585,-3.32713e-08,1.54616e-26,0.00161221
0.127025,1.08584,-3.33266e-08,1.58805e-26,0.00161252
0.127225,1.08583,-3.33819e-08,1.62995e-26,0.00161282
0.127425,1.08582,-3.34372e-08,1.67184e-26,0.00161313
0.127626,1.08581,-3.34925e-08,1.71373e-26,0.00161344
0.127826,1.0858,-3.35478e-08,1.75563e-26,0.00161375
0.128026,1.08579,-3.36031e-08,1.79752e-26,0.00161405
0.128226,1.08578,-3.36584e-08,1.83941e-26,0.00161436
0.128426,1.08577,-3.37137e-08,1.88131e-26,0.00161467
0.128626,1.08576,-3.3769e-08,1.9232e-26,0.00161498
0.128826,1.08575,-3.38242e-08,1.96509e-26,0.00161528
0.129026,1.08574,-3.38795e-08,2.00699e-26,0.00161559
0.129226,1.08573,-3.39348e-08,2.04888e-26,0.0016159
0.129426,1.08573,-3.39901e-08,2.09077e-26,0.00161621
0.129626,1.08572,-3.40454e-08,2.13267e-26,0.00161651
0.129826,1.08571,-3.41007e-08,2.17456e-26,0.00161682
0.130026,1.0857,-3.4156e-08,2.21645e-26,0.00161713
0.130226,1.08569,-3.42113e-08,2.25835e-26,0.00161744
0.130426,1.08568,-3.42666e-08,2.30024e-26,0.00161774
0.130626,1.08567,-3.43219e-08,2.34213e-26,0.00161805
0.130826,1.08566,-3.43772e-08,2.38403e-26,0.00161836
0.131026,1.08565,-3.44325e-08,2.42592e-26,0.00161867
0.131226,1.08564,-3.44878e-08,2.46781e-26,0.00161897
0.131426,1.08563,-3.45431e-08,2.5097e-26,0.00161928
0.131626,1.08562,-3.45984e-08,2.5516e-26,0.00161959
0.131826,1.08561,-3.46537e-08,2.59349e-26,0.0016199
0.132026,1.0856,-3.4709e-08,2.63538e-26,0.0016202
0.132226,1.08559,-3.47643e-08,2.67728e-26,0.00162051
0.132426,1.08558,-3.48196e-08,2.71917e-26,0.00162082
0.132627,1.08557,-3.4874e-08,2.76099e-26,0.00162113
0.132827,1.08556,-3.48693e-08,2.79773e-26,0.00162149
0.133027,1.08555,-3.48646e-08,2.83447e-26,0.00162185
0.133227,1.08554,-3.48599e-08,2.87121e-26,0.00162221
0.133427,1.08553,-3.48552e-08,2.90795e-26,0.00162257
0.133627,1.08552,-3.48505e-08,2.94469e-26,0.00162293
0.133827,1.0855,-3.48458e-08,2.98143e-26,0.00162329
0.134027,1.08549,-3.48411e-08,3.01817e-26,0.00162365
0.134227,1.08548,-3.48364e-08,3.05491e-26,0.00162401
0.134427,1.08547,-3.48317e-08,3.09165e-26,0.00162437
0.134627,1.08546,-3.4827e-08,3.12839e-26,0.00162473
0.134827,1.08545,-3.48223e-08,3.16513e-26,0.00162509
0.135027,1.08544,-3.48176e-08,3.20187e-26,0.00162545
0.135227,1.08543,-3.48129e-08,3.23861e-26,0.00162581
0.135427,1.08541,-3.48082e-08,3.27535e-26,0.00162617
0.135627,1.0854,-3.48035e-08,3.31209e-26,0.00162653
0.135827,1.08539,-3.47988e-08,3.34883e-26,0.00162689
0.136027,1.08538,-3.47942e-08,3.38557e-26,0.00162725
0.136227,1.08537,-3.47895e-08,3.42231e-26,0.00162761
0.136427,1.08536,-3.47848e-08,3.45905e-26,0.00162797
0.136627,1.08535,-3.47801e-08,3.49579e-26,0.00162833
0.136827,1.08533,-3.47754e-08,3.53252e-26,0.00162869
0.137027,1.08532,-3.47707e-08,3.56926e-26,0.00162905
0.137227,1.08531,-3.4766e-08,3.606e-26,0.00162941
0.137427,1.0853,-3.47613e-08,3.64274e-26,0.00162977
0.137628,1.08529,-3.47566e-08,3.67948e-26,0.00163013
0.137828,1.08528,-3.47519e-08,3.71622e-26,0.00163049
0.138028,1.08527,-3.47472e-08,3.75296e-26,0.00163085
0.138228,1.08526,-3.47425e-08,3.7897e-26,0.00163122
0.138428,1.08524,-3.47378e-08,3.82644e-26,0.00163158
0.138628,1.08523,-3.47331e-08,3.86318e-26,0.00163194
0.138828,1.08522,-3.47284e-08,3.89992e-26,0.0016323
0.139028,1.08521,-3.47237e-08,3.93666e-26,0.00163266
0.139228,1.0852,-3.4719e-08,3.9734e-26,0.00163302
0.139428,1.08519,-3.47143e-08,4.01014e-26,0.00163338
0.139628,1.08518,-3.47096e-08,4.04688e-26,0.00163374
0.139828,1.08516,-3.47049e-08,4.08362e-26,0.0016341
0.140028,1.08515,-3.47002e-08,4.12036e-26,0.00163446
0.140228,1.08514,-3.46956e-08,4.1571e-26,0.00163482
0.140428,1.08513,-3.46909e-08,4.19384e-26,0.00163518
0.140628,1.08512,-3.46862e-08,4.23058e-26,0.00163554
0.140828,1.08511,-3.46815e-08,4.26732e-26,0.0016359
0.141028,1.0851,-3.46768e-08,4.30406e-26,0.00163626
0.141228,1.08509,-3.46721e-08,4.3408e-26,0.00163662
0.141428,1.08507,-3.46674e-08,4.37754e-26,0.00163698
0.141628,1.08506,-3.46627e-08,4.41428e-26,0.00163734
0.141828,1.08505,-3.4658e-08,4.45102e-26,0.0016377
0.142028,1.08504,-3.46533e-08,4.48776e-26,0.00163806
0.142228,1.08503,-3.46486e-08,4.5245e-26,0.00163842
0.142428,1.08502,-3.46439e-08,4.56124e-26,0.00163878
0.142629,1.08501,-3.46392e-08,4.59798e-26,0.00163914
0.142829,1.08499,-3.46345e-08,4.63472e-26,0.0016395
0.143029,1.08498,-3.46298e-08,4.67146e-26,0.00163986
0.143229,1.08497,-3.46251e-08,4.7082e-26,0.00164022
0.143429,1.08496,-3.46204e-08,4.74494e-26,0.00164058
0.143629,1.08495,-3.46157e-08,4.78168e-26,0.00164094
0.143829,1.08494,-3.4611e-08,4.81842e-26,0.0016413
0.144029,1.08493,-3.46063e-08,4.85516e-26,0.00164166
0.144229,1.08492,-3.46016e-08,4.8919e-26,0.00164202
0.144429,1.0849,-3.4597e-08,4.92864e-26,0.00164238
0.144629,1.08489,-3.45923e-08,4.96538e-26,0.00164275
0.144829,1.08488,-3.45876e-08,5.00212e-26,0.00164311
0.145029,1.08487,-3.45829e-08,5.03886e-26,0.00164347
0.145229,1.08486,-3.45782e-08,5.0756e-26,0.00164383
0.145429,1.08485,-3.45735e-08,5.11234e-26,0.00164419
0.145629,1.08484,-3.45688e-08,5.14908e-26,0.00164455
0.145829,1.08482,-3.45641e-08,5.18582e-26,0.00164491
0.146029,1.08481,-3.45594e-08,5.22256e-26,0.00164527
0.146229,1.0848,-3.45547e-08,5.2593e-26,0.00164563
0.146429,1.08479,-3.455e-08,5.29604e-26,0.00164599
0.146629,1.08478,-3.45453e-08,5.33278e-26,0.00164635
0.146829,1.08477,-3.45406e-08,5.36951e-26,0.00164671
0.147029,1.08476,-3.45359e-08,5.40625e-26,0.00164707
0.147229,1.08475,-3.45312e-08,5.44299e-26,0.00164743
0.147429,1.08473,-3.45265e-08,5.47973e-26,0.00164779
0.14763,1.08472,-3.45218e-08,5.51647e-26,0.00164815
0.14783,1.08471,-3.45171e-08,5.55321e-26,0.00164851
0.14803,1.0847,-3.45124e-08,5.58995e-26,0.00164887
0.14823,1.08469,-3.45077e-08,5.62669e-26,0.00164923
0.14843,1.08468,-3.4503e-08,5.66343e-26,0.00164959
0.14863,1.08467,-3.44984e-08,5.70017e-26,0.00164995
0.14883,1.08466,-3.44937e-08,5.73691e-26,0.00165031
0.14903,1.08464,-3.4489e-08,5.77365e-26,0.00165067
0.14923,1.08463,-3.44843e-08,5.81039e-26,0.00165103
0.14943,1.08462,-3.44796e-08,5.84713e-26,0.00165139
0.14963,1.08461,-3.44749e-08,5.88387e-26,0.00165175
0.14983,1.0846,-3.44702e-08,5.92061e-26,0.00165211
0.15003,1.08459,-3.44655e-08,5.95735e-26,0.00165247
0.15023,1.08458,-3.44608e-08,5.99409e-26,0.00165283
0.15043,1.08456,-3.44561e-08,6.03083e-26,0.00165319
0.15063,1.08455,-3.44514e-08,6.06757e-26,0.00165355
0.15083,1.08454,-3.44467e-08,6.10431e-26,0.00165392
0.15103,1.08453,-3.4442e-08,6.14105e-26,0.00165428
0.15123,1.08452,-3.44373e-08,6.17779e-26,0.00165464
0.15143,1.08451,-3.44326e-08,6.21453e-26,0.001655
0.15163,1.0845,-3.44279e-08,6.25127e-26,0.00165536
0.15183,1.08449,-3.44232e-08,6.28801e-26,0.00165572
0.15203,1.08447,-3.44185e-08,6.32475e-26,0.00165608
0.15223,1.08446,-3.44138e-08,6.36149e-26,0.00165644
0.15243,1.08445,-3.44091e-08,6.39823e-26,0.0016568
0.152631,1.08444,-3.44045e-08,6.43497e-26,0.00165716
0.152831,1.08443,-3.43998e-08,6.47171e-26,0.00165752
0.153031,1.08442,-3.43951e-08,6.50845e-26,0.00165788
0.153231,1.08441,-3.43904e-08,6.54519e-26,0.00165824
0.153431,1.08439,-3.43857e-08,6.58193e-26,0.0016586
0.153631,1.08438,-3.4381e-08,6.61867e-26,0.00165896
0.153831,1.08437,-3.43763e-08,6.65541e-26,0.00165932
0.154031,1.08436,-3.43716e-08,6.69215e-26,0.00165968
0.154231,1.08435,-3.43669e-08,6.72889e-26,0.00166004
0.154431,1.08434,-3.43622e-08,6.76563e-26,0.0016604
0.154631,1.08433,-3.43575e-08,6.80237e-26,0.00166076
0.154831,1.08432,-3.43528e-08,6.83911e-26,0.00166112
0.155031,1.0843,-3.4378e-08,6.8692e-26,0.0016615
0.155231,1.08429,-3.44561e-08,6.88755e-26,0.00166191
0.155431,1.08428,-3.45342e-08,6.9059e-26,0.00166232
0.155631,1.08426,-3.46123e-08,6.92426e-26,0.00166273
0.155831,1.08425,-3.46904e-08,6.94261e-26,0.00166315
0.156031,1.08424,-3.47684e-08,6.96096e-26,0.00166356
0.156231,1.08422,-3.48465e-08,6.97931e-26,0.00166397
0.156431,1.08421,-3.49246e-08,6.99767e-26,0.00166438
0.156631,1.0842,-3.50027e-08,7.01602e-26,0.00166479
0.156831,1.08419,-3.50807e-08,7.03437e-26,0.0016652
0.157031,1.08417,-3.51588e-08,7.05272e-26,0.00166561
0.157231,1.08416,-3.52369e-08,7.07108e-26,0.00166603
0.157431,1.08415,-3.5315e-08,7.08943e-26,0.00166644
0.157632,1.08413,-3.5393e-08,7.10778e-26,0.00166685
0.157832,1.08412,-3.54711e-08,7.12614e-26,0.00166726
0.158032,1.08411,-3.55492e-08,7.14449e-26,0.00166767
0.158232,1.08409,-3.56273e-08,7.16284e-26,0.00166808
0.158432,1.08408,-3.57054e-08,7.18119e-26,0.00166849
0.158632,1.08407,-3.57834e-08,7.19955e-26,0.0016689
0.158832,1.08405,-3.58615e-08,7.2179e-26,0.00166932
0.159032,1.08404,-3.59396e-08,7.23625e-26,0.00166973
0.159232,1.08403,-3.60177e-08,7.2546e-26,0.00167014
0.159432,1.08402,-3.60957e-08,7.27296e-26,0.00167055
0.159632,1.084,-3.61738e-08,7.29131e-26,0.00167096
0.159832,1.08399,-3.62519e-08,7.30966e-26,0.00167137
0.160032,1.08398,-3.633e-08,7.32802e-26,0.00167178
0.160232,1.08396,-3.64081e-08,7.34637e-26,0.0016722
0.160432,1.08395,-3.64861e-08,7.36472e-26,0.00167261
0.160632,1.08394,-3.65642e-08,7.38307e-26,0.00167302
0.160832,1.08392,-3.66423e-08,7.40143e-26,0.00167343
0.161032,1.08391,-3.67204e-08,7.41978e-26,0.00167384
0.161232,1.0839,-3.67984e-08,7.43813e-26,0.00167425
0.161432,1.08388,-3.68765e-08,7.45648e-26,0.00167466
0.161632,1.08387,-3.69546e-08,7.47484e-26,0.00167507
0.161832,1.08386,-3.70327e-08,7.49319e-26,0.00167549
0.162032,1.08385,-3.71107e-08,7.51154e-26,0.0016759
0.162232,1.08383,-3.71888e-08,7.5299e-26,0.00167631
0.162432,1.08382,-3.72669e-08,7.54825e-26,0.00167672
0.162633,1.08381,-3.7345e-08,7.5666e-26,0.00167713
0.162833,1.08379,-3.74231e-08,7.58495e-26,0.00167754
0.163033,1.08378,-3.75011e-08,7.60331e-26,0.00167795
0.163233,1.08377,-3.75792e-08,7.62166e-26,0.00167837
0.163433,1.08375,-3.76573e-08,7.64001e-26,0.00167878
0.163633,1.08374,-3.77354e-08,7.65836e-26,0.00167919
0.163833,1.08373,-3.78134e-08,7.67672e-26,0.0016796
0.164033,1.08371,-3.78915e-08,7.69507e-26,0.00168001
0.164233,1.0837,-3.79696e-08,7.71342e-26,0.00168042
0.164433,1.08369,-3.80477e-08,7.73178e-26,0.00168083
0.164633,1.08368,-3.81257e-08,7.75013e-26,0.00168125
0.164833,1.08366,-3.82038e-08,7.76848e-26,0.00168166
0.165033,1.08365,-3.82819e-08,7.78683e-26,0.00168207
0.165233,1.08364,-3.836e-08,7.80519e-26,0.00168248
0.165433,1.08362,-3.84381e-08,7.82354e-26,0.00168289
0.165633,1.08361,-3.85161e-08,7.84189e-26,0.0016833
0.165833,1.0836,-3.85942e-08,7.86024e-26,0.00168371
0.166033,1.08358,-3.86723e-08,7.8786e-26,0.00168412
0.166233,1.08357,-3.87504e-08,7.89695e-26,0.00168454
0.166433,1.08356,-3.88284e-08,7.9153e-26,0.00168495
0.166633,1.08354,-3.89065e-08,7.93366e-26,0.00168536
0.166833,1.08353,-3.89846e-08,7.95201e-26,0.00168577
0.167033,1.08352,-3.90627e-08,7.97036e-26,0.00168618
0.167233,1.08351,-3.91408e-08,7.98871e-26,0.00168659
0.167433,1.08349,-3.92188e-08,8.00707e-26,0.001687
0.167634,1.08348,-3.92969e-08,8.02542e-26,0.00168742
0.167834,1.08347,-3.9375e-08,8.04377e-26,0.00168783
0.168034,1.08345,-3.94531e-08,8.06212e-26,0.00168824
0.168234,1.08344,-3.95311e-08,8.08048e-26,0.00168865
0.168434,1.08343,-3.96092e-08,8.09883e-26,0.00168906
0.168634,1.08341,-3.96873e-08,8.11718e-26,0.00168947
0.168834,1.0834,-3.97654e-08,8.13554e-26,0.00168988
0.169034,1.08339,-3.98434e-08,8.15389e-26,0.0016903
0.169234,1.08337,-3.99215e-08,8.17224e-26,0.00169071
0.169434,1.08336,-3.99996e-08,8.19059e-26,0.00169112
0.169634,1.08335,-4.00777e-08,8.20895e-26,0.00169153
0.169834,1.08334,-4.01558e-08,8.2273e-26,0.00169194
0.170034,1.08332,-4.02338e-08,8.24565e-26,0.00169235
0.170234,1.08331,-4.03119e-08,8.264e-26,0.00169276
0.170434,1.0833,-4.039e-08,8.28236e-26,0.00169317
0.170634,1.08328,-4.04681e-08,8.30071e-26,0.00169359
0.170834,1.08327,-4.05461e-08,8.31906e-26,0.001694
0.171034,1.08326,-4.06242e-08,8.33742e-26,0.00169441
0.171234,1.08324,-4.07023e-08,8.35577e-26,0.00169482
0.171434,1.08323,-4.07804e-08,8.37412e-26,0.00169523
0.171634,1.08322,-4.08585e-08,8.39247e-26,0.00169564
0.171834,1.0832,-4.09365e-08,8.41083e-26,0.00169605
0.172034,1.08319,-4.10146e-08,8.42918e-26,0.00169647
0.172234,1.08318,-4.10927e-08,8.44753e-26,0.00169688
0.172434,1.08316,-4.11708e-08,8.46588e-26,0.00169729
0.172635,1.08315,-4.12488e-08,8.48424e-26,0.0016977
0.172835,1.08314,-4.13269e-08,8.50259e-26,0.00169811
0.173035,1.08313,-4.1405e-08,8.52094e-26,0.00169852
0.173235,1.08311,-4.14831e-08,8.5393e-26,0.00169893
0.173435,1.0831,-4.15611e-08,8.55765e-26,0.00169934
0.173635,1.08309,-4.16392e-08,8.576e-26,0.00169976
0.173835,1.08307,-4.17173e-08,8.59435e-26,0.00170017
0.174035,1.08306,-4.17954e-08,8.61271e-26,0.00170058
0.174235,1.08305,-4.18735e-08,8.63106e-26,0.00170099
0.174435,1.08303,-4.19515e-08,8.64941e-26,0.0017014
0.174635,1.08302,-4.20296e-08,8.66776e-26,0.00170181
0.174835,1.08301,-4.21077e-08,8.68612e-26,0.00170222
0.175035,1.08299,-4.21858e-08,8.70447e-26,0.00170264
0.175235,1.08298,-4.22638e-08,8.72282e-26,0.00170305
0.175435,1.08297,-4.23419e-08,8.74118e-26,0.00170346
0.175635,1.08296,-4.242e-08,8.75953e-26,0.00170387
0.175835,1.08294,-4.24981e-08,8.77788e-26,0.00170428
0.176035,1.08293,-4.25762e-08,8.79623e-26,0.00170469
0.176235,1.08292,-4.26542e-08,8.81459e-26,0.0017051
0.176435,1.0829,-4.27323e-08,8.83294e-26,0.00170552
0.176635,1.08289,-4.28104e-08,8.85129e-26,0.00170593
0.176835,1.08288,-4.28885e-08,8.86964e-26,0.00170634
0.177035,1.08286,-4.29665e-08,8.888e-26,0.00170675
0.177235,1.08285,-4.30446e-08,8.90635e-26,0.00170716
0.177435,1.08284,-4.3106e-08,8.94724e-26,0.00170759
0.177636,1.08282,-4.31605e-08,8.9974e-26,0.00170803
0.177836,1.08281,-4.32151e-08,9.04756e-26,0.00170847
0.178036,1.08279,-4.32696e-08,9.09771e-26,0.0017089
0.178236,1.08278,-4.33241e-08,9.14787e-26,0.00170934
0.178436,1.08277,-4.33786e-08,9.19803e-26,0.00170978
0.178636,1.08275,-4.34332e-08,9.24819e-26,0.00171022
0.178836,1.08274,-4.34877e-08,9.29834e-26,0.00171066
0.179036,1.08272,-4.35422e-08,9.3485e-26,0.00171109
0.179236,1.08271,-4.35968e-08,9.39866e-26,0.00171153
0.179436,1.0827,-4.36513e-08,9.44882e-26,0.00171197
0.179636,1.08268,-4.37058e-08,9.49897e-26,0.00171241
0.179836,1.08267,-4.37603e-08,9.54913e-26,0.00171285
0.180036,1.08265,-4.38149e-08,9.59929e-26,0.00171329
0.180236,1.08264,-4.38694e-08,9.64945e-26,0.00171372
0.180436,1.08263,-4.39239e-08,9.6996e-26,0.00171416
0.180636,1.08261,-4.39785e-08,9.74976e-26,0.0017146
0.180836,1.0826,-4.4033e-08,9.79992e-26,0.00171504
0.181036,1.08258,-4.40875e-08,9.85008e-26,0.00171548
0.181236,1.08257,-4.4142e-08,9.90023e-26,0.00171591
0.181436,1.08255,-4.41966e-08,9.95039e-26,0.00171635
0.181636,1.08254,-4.42511e-08,1.00005e-25,0.00171679
0.181836,1.08253,-4.43056e-08,1.00507e-25,0.00171723
0.182036,1.08251,-4.43602e-08,1.01009e-25,0.00171767
0.182236,1.0825,-4.44147e-08,1.0151e-25,0.0017181
0.182436,1.08248,-4.44692e-08,1.02012e-25,0.00171854
0.182637,1.08247,-4.45237e-08,1.02513e-25,0.00171898
0.182837,1.08246,-4.45783e-08,1.03015e-25,0.00171942
0.183037,1.08244,-4.46328e-08,1.03517e-25,0.00171986
0.183237,1.08243,-4.46873e-08,1.04018e-25,0.00172029
0.183437,1.08241,-4.47419e-08,1.0452e-25,0.00172073
0.183637,1.0824,-4.47964e-08,1.05021e-25,0.00172117
0.183837,1.08238,-4.48509e-08,1.05523e-25,0.00172161
0.184037,1.08237,-4.49054e-08,1.06024e-25,0.00172205
0.184237,1.08236,-4.496e-08,1.06526e-25,0.00172248
0.184437,1.08234,-4.50145e-08,1.07028e-25,0.00172292
0.184637,1.08233,-4.5069e-08,1.07529e-25,0.00172336
0.184837,1.08231,-4.51236e-08,1.08031e-25,0.0017238
0.185037,1.0823,-4.51781e-08,1.08532e-25,0.00172424
0.185237,1.08229,-4.52326e-08,1.09034e-25,0.00172467
0.185437,1.08227,-4.52871e-08,1.09535e-25,0.00172511
0.185637,1.08226,-4.53417e-08,1.10037e-25,0.00172555
0.185837,1.08224,-4.53962e-08,1.10539e-25,0.00172599
0.186037,1.08223,-4.54507e-08,1.1104e-25,0.00172643
0.186237,1.08222,-4.55052e-08,1.11542e-25,0.00172686
0.186437,1.0822,-4.55598e-08,1.12043e-25,0.0017273
0.186637,1.08219,-4.56143e-08,1.12545e-25,0.00172774
0.186837,1.08217,-4.56688e-08,1.13046e-25,0.00172818
0.187037,1.08216,-4.57234e-08,1.13548e-25,0.00172862
0.187237,1.08214,-4.57779e-08,1.1405e-25,0.00172905
0.187437,1.08213,-4.58324e-08,1.14551e-25,0.00172949
0.187638,1.08212,-4.58869e-08,1.15053e-25,0.00172993
0.187838,1.0821,-4.59415e-08,1.15554e-25,0.00173037
0.188038,1.08209,-4.5996e-08,1.16056e-25,0.00173081
0.188238,1.08207,-4.60505e-08,1.16557e-25,0.00173124
0.188438,1.08206,-4.61051e-08,1.17059e-25,0.00173168
0.188638,1.08204,-4.61648e-08,1.17609e-25,0.00173216
0.188838,1.08203,-4.62252e-08,1.18164e-25,0.00173265
0.189038,1.08201,-4.62857e-08,1.1872e-25,0.00173313
0.189238,1.082,-4.63461e-08,1.19276e-25,0.00173362
0.189438,1.08198,-4.64065e-08,1.19832e-25,0.0017341
0.189638,1.08197,-4.6467e-08,1.20388e-25,0.00173459
0.189838,1.08195,-4.65274e-08,1.20944e-25,0.00173507
0.190038,1.08193,-4.65878e-08,1.215e-25,0.00173556
0.190238,1.08192,-4.66483e-08,1.22056e-25,0.00173605
0.190438,1.0819,-4.67087e-08,1.22611e-25,0.00173653
0.190638,1.08189,-4.67691e-08,1.23167e-25,0.00173702
0.190838,1.08187,-4.68295e-08,1.23723e-25,0.0017375
0.191038,1.08186,-4.689e-08,1.24279e-25,0.00173799
0.191238,1.08184,-4.69504e-08,1.24835e-25,0.00173847
0.191438,1.08183,-4.70108e-08,1.25391e-25,0.00173896
0.191638,1.08181,-4.70713e-08,1.25947e-25,0.00173944
0.191838,1.08179,-4.71317e-08,1.26503e-25,0.00173993
0.192038,1.08178,-4.71921e-08,1.27059e-25,0.00174041
0.192238,1.08176,-4.72526e-08,1.27614e-25,0.0017409
0.192438,1.08175,-4.7313e-08,1.2817e-25,0.00174138
0.192639,1.08173,-4.73734e-08,1.28726e-25,0.00174187
0.192839,1.08172,-4.74339e-08,1.29282e-25,0.00174236
0.193039,1.0817,-4.74943e-08,1.29838e-25,0.00174284
0.193239,1.08168,-4.75547e-08,1.30394e-25,0.00174333
0.193439,1.08167,-4.76152e-08,1.3095e-25,0.00174381
0.193639,1.08165,-4.76756e-08,1.31506e-25,0.0017443
0.193839,1.08164,-4.7736e-08,1.32061e-25,0.00174478
0.194039,1.08162,-4.77965e-08,1.32617e-25,0.00174527
0.194239,1.08161,-4.78569e-08,1.33173e-25,0.00174575
0.194439,1.08159,-4.79173e-08,1.33729e-25,0.00174624
0.194639,1.08157,-4.79778e-08,1.34285e-25,0.00174672
0.194839,1.08156,-4.80382e-08,1.34841e-25,0.00174721
0.195039,1.08154,-4.80986e-08,1.35397e-25,0.0017477
0.195239,1.08153,-4.81591e-08,1.35953e-25,0.00174818
0.195439,1.08151,-4.82195e-08,1.36508e-25,0.00174867
0.195639,1.0815,-4.82799e-08,1.37064e-25,0.00174915
0.195839,1.08148,-4.83403e-08,1.3762e-25,0.00174964
0.196039,1.08146,-4.84008e-08,1.38176e-25,0.00175012
0.196239,1.08145,-4.84612e-08,1.38732e-25,0.00175061
0.196439,1.08143,-4.85216e-08,1.39288e-25,0.00175109
0.196639,1.08142,-4.85821e-08,1.39844e-25,0.00175158
0.196839,1.0814,-4.86425e-08,1.404e-25,0.00175206
0.197039,1.08139,-4.87029e-08,1.40956e-25,0.00175255
0.197239,1.08137,-4.87634e-08,1.41511e-25,0.00175304
0.197439,1.08136,-4.88238e-08,1.42067e-25,0.00175352
0.19764,1.08134,-4.88842e-08,1.42623e-25,0.00175401
0.19784,1.08132,-4.89447e-08,1.43179e-25,0.00175449
0.19804,1.08131,-4.90051e-08,1.43735e-25,0.00175498
0.19824,1.08129,-4.90655e-08,1.44291e-25,0.00175546
0.19844,1.08128,-4.9126e-08,1.44847e-25,0.00175595
0.19864,1.08126,-4.91964e-08,1.4554e-25,0.00175644
0.19884,1.08124,-4.92747e-08,1.46339e-25,0.00175695
0.19904,1.08123,-4.93529e-08,1.47139e-25,0.00175745
0.19924,1.08121,-4.94311e-08,1.47938e-25,0.00175795
0.19944,1.0812,-4.95093e-08,1.48738e-25,0.00175846
0.19964,1.08118,-4.95875e-08,1.49537e-25,0.00175896
0.19984,1.08116,-4.96658e-08,1.50337e-25,0.00175946
0.20004,1.08115,-4.9744e-08,1.51136e-25,0.00175996
0.20024,1.08113,-4.98222e-08,1.51936e-25,0.00176047
0.20044,1.08111,-4.99004e-08,1.52735e-25,0.00176097
0.20064,1.0811,-4.99786e-08,1.53534e-25,0.00176147
0.20084,1.08108,-5.00569e-08,1.54334e-25,0.00176198
0.20104,1.08106,-5.01351e-08,1.55133e-25,0.00176248
0.20124,1.08105,-5.02133e-08,1.55933e-25,0.00176298
0.20144,1.08103,-5.02915e-08,1.56732e-25,0.00176349
0.20164,1.08101,-5.03697e-08,1.57532e-25,0.00176399
0.20184,1.081,-5.0448e-08,1.58331e-25,0.00176449
0.20204,1.08098,-5.05262e-08,1.5913e-25,0.00176499
0.20224,1.08096,-5.06044e-08,1.5993e-25,0.0017655
0.20244,1.08095,-5.06826e-08,1.60729e-25,0.001766
0.202641,1.08093,-5.07608e-08,1.61529e-25,0.0017665
0.202841,1.08092,-5.08391e-08,1.62328e-25,0.00176701
0.203041,1.0809,-5.09173e-08,1.63128e-25,0.00176751
0.203241,1.08088,-5.09955e-08,1.63927e-25,0.00176801
0.203441,1.08087,-5.10737e-08,1.64726e-25,0.00176852
0.203641,1.08085,-5.11519e-08,1.65526e-25,0.00176902
0.203841,1.08083,-5.12302e-08,1.66325e-25,0.00176952
0.204041,1.08082,-5.13084e-08,1.67125e-25,0.00177003
0.204241,1.0808,-5.13866e-08,1.67924e-25,0.00177053
0.204441,1.08078,-5.14648e-08,1.68724e-25,0.00177103
0.204641,1.08077,-5.1543e-08,1.69523e-25,0.00177153
0.204841,1.08075,-5.16213e-08,1.70323e-25,0.00177204
0.205041,1.08073,-5.16995e-08,1.71122e-25,0.00177254
0.205241,1.08072,-5.17777e-08,1.71921e-25,0.00177304
0.205441,1.0807,-5.18559e-08,1.72721e-25,0.00177355
0.205641,1.08069,-5.19341e-08,1.7352e-25,0.00177405
0.205841,1.08067,-5.20124e-08,1.7432e-25,0.00177455
0.206041,1.08065,-5.20906e-08,1.75119e-25,0.00177506
0.206241,1.08064,-5.21688e-08,1.75919e-25,0.00177556
0.206441,1.08062,-5.2247e-08,1.76718e-25,0.00177606
0.206641,1.0806,-5.23253e-08,1.77517e-25,0.00177656
0.206841,1.08059,-5.24035e-08,1.78317e-25,0.00177707
0.207041,1.08057,-5.24817e-08,1.79116e-25,0.00177757
0.207241,1.08055,-5.25599e-08,1.79916e-25,0.00177807
0.207441,1.08054,-5.26381e-08,1.80715e-25,0.00177858
0.207642,1.08052,-5.27164e-08,1.81515e-25,0.00177908
0.207842,1.0805,-5.27946e-08,1.82314e-25,0.00177958
0.208042,1.08049,-5.28728e-08,1.83114e-25,0.00178009
0.208242,1.08047,-5.2951e-08,1.83913e-25,0.00178059
0.208442,1.08045,-5.30292e-08,1.84712e-25,0.00178109
0.208642,1.08044,-5.31075e-08,1.85512e-25,0.00178159
0.208842,1.08042,-5.31857e-08,1.86311e-25,0.0017821
0.209042,1.08041,-5.32639e-08,1.87111e-25,0.0017826
0.209242,1.08039,-5.33421e-08,1.8791e-25,0.0017831
0.209442,1.08037,-5.34203e-08,1.8871e-25,0.00178361
0.209642,1.08036,-5.34986e-08,1.89509e-25,0.00178411
0.209842,1.08034,-5.35768e-08,1.90308e-25,0.00178461
0.210042,1.08032,-5.3655e-08,1.91108e-25,0.00178512
0.210242,1.08031,-5.37332e-08,1.91907e-25,0.00178562
0.210442,1.08029,-5.38114e-08,1.92707e-25,0.00178612
0.210642,1.08027,-5.38897e-08,1.93506e-25,0.00178662
0.210842,1.08026,-5.39679e-08,1.94306e-25,0.00178713
0.211042,1.08024,-5.40461e-08,1.95105e-25,0.00178763
0.211242,1.08022,-5.41243e-08,1.95905e-25,0.00178813
0.211442,1.08021,-5.42025e-08,1.96704e-25,0.00178864
0.211642,1.08019,-5.42808e-08,1.97503e-25,0.00178914
0.211842,1.08018,-5.4359e-08,1.98303e-25,0.00178964
0.212042,1.08016,-5.44372e-08,1.99102e-25,0.00179015
0.212242,1.08014,-5.45154e-08,1.99902e-25,0.00179065
0.212442,1.08013,-5.45936e-08,2.00701e-25,0.00179115
0.212643,1.08011,-5.46719e-08,2.01501e-25,0.00179166
0.212843,1.08009,-5.47501e-08,2.023e-25,0.00179216
0.213043,1.08008,-5.48283e-08,2.03099e-25,0.00179266
0.213243,1.08006,-5.49065e-08,2.03899e-25,0.00179316
0.213443,1.08004,-5.49847e-08,2.04698e-25,0.00179367
0.213643,1.08003,-5.5063e-08,2.05498e-25,0.00179417
0.213843,1.08001,-5.51412e-08,2.06297e-25,0.00179467
0.214043,1.07999,-5.52194e-08,2.07097e-25,0.00179518
0.214243,1.07998,-5.52976e-08,2.07896e-25,0.00179568
0.214443,1.07996,-5.53759e-08,2.08696e-25,0.00179618
0.214643,1.07994,-5.54541e-08,2.09495e-25,0.00179669
0.214843,1.07993,-5.55323e-08,2.10294e-25,0.00179719
0.215043,1.07991,-5.56105e-08,2.11094e-25,0.00179769
0.215243,1.0799,-5.56887e-08,2.11893e-25,0.00179819
0.215443,1.07988,-5.5767e-08,2.12693e-25,0.0017987
0.215643,1.07986,-5.58452e-08,2.13492e-25,0.0017992
0.215843,1.07985,-5.59234e-08,2.14292e-25,0.0017997
0.216043,1.07983,-5.60016e-08,2.15091e-25,0.00180021
0.216243,1.07981,-5.60798e-08,2.1589e-25,0.00180071
0.216443,1.0798,-5.61581e-08,2.1669e-25,0.00180121
0.216643,1.07978,-5.62363e-08,2.17489e-25,0.00180172
0.216843,1.07976,-5.63145e-08,2.18289e-25,0.00180222
0.217043,1.07975,-5.63927e-08,2.19088e-25,0.00180272
0.217243,1.07973,-5.64709e-08,2.19888e-25,0.00180322
0.217443,1.07971,-5.65492e-08,2.20687e-25,0.00180373
0.217644,1.0797,-5.66274e-08,2.21486e-25,0.00180423
0.217844,1.07968,-5.67056e-08,2.22286e-25,0.00180473
0.218044,1.07966,-5.67838e-08,2.23085e-25,0.00180524
0.218244,1.07965,-5.6862e-08,2.23885e-25,0.00180574
0.218444,1.07963,-5.69403e-08,2.24684e-25,0.00180624
0.218644,1.07962,-5.70185e-08,2.25484e-25,0.00180675
0.218844,1.0796,-5.70223e-08,2.25917e-25,0.00180729
0.219044,1.07958,-5.70204e-08,2.26322e-25,0.00180783
0.219244,1.07956,-5.70185e-08,2.26727e-25,0.00180837
0.219444,1.07954,-5.70166e-08,2.27132e-25,0.00180892
0.219644,1.07953,-5.70147e-08,2.27537e-25,0.00180946
0.219844,1.07951,-5.70128e-08,2.27942e-25,0.00181001
0.220044,1.07949,-5.70109e-08,2.28347e-25,0.00181055
0.220244,1.07947,-5.7009e-08,2.28752e-25,0.00181109
0.220444,1.07945,-5.70071e-08,2.29157e-25,0.00181164
0.220644,1.07944,-5.70052e-08,2.29562e-25,0.00181218
0.220844,1.07942,-5.70033e-08,2.29967e-25,0.00181272
0.221044,1.0794,-5.70014e-08,2.30372e-25,0.00181327
0.221244,1.07938,-5.69995e-08,2.30777e-25,0.00181381
0.221444,1.07936,-5.69976e-08,2.31182e-25,0.00181436
0.221644,1.07934,-5.69957e-08,2.31587e-25,0.0018149
0.221844,1.07933,-5.69938e-08,2.31992e-25,0.00181544
0.222044,1.07931,-5.69919e-08,2.32397e-25,0.00181599
0.222244,1.07929,-5.699e-08,2.32802e-25,0.00181653
0.222444,1.07927,-5.69881e-08,2.33207e-25,0.00181707
0.222645,1.07925,-5.69862e-08,2.33612e-25,0.00181762
0.222845,1.07924,-5.69843e-08,2.34017e-25,0.00181816
0.223045,1.07922,-5.69824e-08,2.34422e-25,0.00181871
0.223245,1.0792,-5.69805e-08,2.34827e-25,0.00181925
0.223445,1.07918,-5.69786e-08,2.35232e-25,0.00181979
0.223645,1.07916,-5.69767e-08,2.35637e-25,0.00182034
0.223845,1.07915,-5.69748e-08,2.36042e-25,0.00182088
0.224045,1.07913,-5.69729e-08,2.36447e-25,0.00182142
0.224245,1.07911,-5.6971e-08,2.36852e-25,0.00182197
0.224445,1.07909,-5.69691e-08,2.37257e-25,0.00182251
0.224645,1.07907,-5.69672e-08,2.37662e-25,0.00182306
0.224845,1.07906,-5.69653e-08,2.38066e-25,0.0018236
0.225045,1.07904,-5.69634e-08,2.38471e-25,0.00182414
0.225245,1.07902,-5.69615e-08,2.38876e-25,0.00182469
0.225445,1.079,-5.69596e-08,2.39281e-25,0.00182523
0.225645,1.07898,-5.69577e-08,2.39686e-25,0.00182577
0.225845,1.07897,-5.69558e-08,2.40091e-25,0.00182632
0.226045,1.07895,-5.69539e-08,2.40496e-25,0.00182686
0.226245,1.07893,-5.6952e-08,2.40901e-25,0.00182741
0.226445,1.07891,-5.69501e-08,2.41306e-25,0.00182795
0.226645,1.07889,-5.69482e-08,2.41711e-25,0.00182849
0.226845,1.07888,-5.69463e-08,2.42116e-25,0.00182904
0.227045,1.07886,-5.69444e-08,2.42521e-25,0.00182958
0.227245,1.07884,-5.69425e-08,2.42926e-25,0.00183012
0.227445,1.07882,-5.69406e-08,2.43331e-25,0.00183067
0.227646,1.0788,-5.69387e-08,2.43736e-25,0.00183121
0.227846,1.07878,-5.69368e-08,2.44141e-25,0.00183176
0.228046,1.07877,-5.69349e-08,2.44546e-25,0.0018323
0.228246,1.07875,-5.6933e-08,2.44951e-25,0.00183284
0.228446,1.07873,-5.69311e-08,2.45356e-25,0.00183339
0.228646,1.07871,-5.69292e-08,2.45761e-25,0.00183393
0.228846,1.07869,-5.69273e-08,2.46166e-25,0.00183447
0.229046,1.07868,-5.69254e-08,2.46571e-25,0.00183502
0.229246,1.07866,-5.69235e-08,2.46976e-25,0.00183556
0.229446,1.07864,-5.69216e-08,2.47381e-25,0.00183611
0.229646,1.07862,-5.69197e-08,2.47786e-25,0.00183665
0.229846,1.0786,-5.69178e-08,2.48191e-25,0.00183719
0.230046,1.07859,-5.69159e-08,2.48596e-25,0.00183774
0.230246,1.07857,-5.6914e-08,2.49001e-25,0.00183828
0.230446,1.07855,-5.69121e-08,2.49406e-25,0.00183882
0.230646,1.07853,-5.69102e-08,2.49811e-25,0.00183937
0.230846,1.07851,-5.69083e-08,2.50216e-25,0.00183991
0.231046,1.0785,-5.69064e-08,2.50621e-25,0.00184045
0.231246,1.07848,-5.69045e-08,2.51026e-25,0.001841
0.231446,1.07846,-5.69026e-08,2.51431e-25,0.00184154
0.231646,1.07844,-5.69007e-08,2.51836e-25,0.00184209
0.231846,1.07842,-5.68988e-08,2.52241e-25,0.00184263
0.232046,1.07841,-5.68969e-08,2.52646e-25,0.00184317
0.232246,1.07839,-5.6895e-08,2.53051e-25,0.00184372
0.232446,1.07837,-5.68931e-08,2.53456e-25,0.00184426
0.232647,1.07835,-5.68912e-08,2.53861e-25,0.0018448
0.232847,1.07833,-5.68893e-08,2.54266e-25,0.00184535
0.233047,1.07832,-5.68874e-08,2.54671e-25,0.00184589
0.233247,1.0783,-5.68855e-08,2.55076e-25,0.00184644
0.233447,1.07828,-5.68836e-08,2.55481e-25,0.00184698
0.233647,1.07826,-5.68817e-08,2.55886e-25,0.00184752
0.233847,1.07824,-5.68798e-08,2.56291e-25,0.00184807
0.234047,1.07823,-5.68779e-08,2.56696e-25,0.00184861
0.234247,1.07821,-5.6876e-08,2.57101e-25,0.00184915
0.234447,1.07819,-5.68741e-08,2.57506e-25,0.0018497
0.234647,1.07817,-5.68722e-08,2.57911e-25,0.00185024
0.234847,1.07815,-5.68703e-08,2.58316e-25,0.00185079
0.235047,1.07813,-5.68684e-08,2.58721e-25,0.00185133
0.235247,1.07812,-5.68665e-08,2.59126e-25,0.00185187
0.235447,1.0781,-5.68646e-08,2.59531e-25,0.00185242
0.235647,1.07808,-5.68627e-08,2.59936e-25,0.00185296
0.235847,1.07806,-5.68608e-08,2.60341e-25,0.0018535
0.236047,1.07804,-5.68589e-08,2.60746e-25,0.00185405
0.236247,1.07803,-5.6857e-08,2.61151e-25,0.00185459
0.236447,1.07801,-5.68551e-08,2.61556e-25,0.00185514
0.236647,1.07799,-5.68532e-08,2.61961e-25,0.00185568
0.236847,1.07797,-5.68513e-08,2.62366e-25,0.00185622
0.237047,1.07795,-5.68494e-08,2.62771e-25,0.00185677
0.237247,1.07794,-5.68475e-08,2.63176e-25,0.00185731
0.237447,1.07792,-5.68456e-08,2.63581e-25,0.00185785
0.237648,1.0779,-5.68437e-08,2.63986e-25,0.0018584
0.237848,1.07788,-5.68418e-08,2.64391e-25,0.00185894
0.238048,1.07786,-5.68399e-08,2.64796e-25,0.00185949
0.238248,1.07785,-5.6838e-08,2.65201e-25,0.00186003
0.238448,1.07783,-5.68361e-08,2.65606e-25,0.00186057
0.238648,1.07781,-5.68342e-08,2.66011e-25,0.00186112
0.238848,1.07779,-5.68671e-08,2.66328e-25,0.00186167
0.239048,1.07777,-5.69841e-08,2.66433e-25,0.00186225
0.239248,1.07775,-5.71012e-08,2.66537e-25,0.00186284
0.239448,1.07773,-5.72182e-08,2.66642e-25,0.00186342
0.239648,1.07771,-5.73352e-08,2.66747e-25,0.001864
0.239848,1.07769,-5.74522e-08,2.66852e-25,0.00186459
0.240048,1.07767,-5.75693e-08,2.66957e-25,0.00186517
0.240248,1.07765,-5.76863e-08,2.67062e-25,0.00186575
0.240448,1.07763,-5.78033e-08,2.67167e-25,0.00186633
0.240648,1.07761,-5.79203e-08,2.67271e-25,0.00186692
0.240848,1.07759,-5.80374e-08,2.67376e-25,0.0018675
0.241048,1.07757,-5.81544e-08,2.67481e-25,0.00186808
0.241248,1.07756,-5.82714e-08,2.67586e-25,0.00186866
0.241448,1.07754,-5.83884e-08,2.67691e-25,0.00186925
0.241648,1.07752,-5.85055e-08,2.67796e-25,0.00186983
0.241848,1.0775,-5.86225e-08,2.679e-25,0.00187041
0.242048,1.07748,-5.87395e-08,2.68005e-25,0.00187099
0.242248,1.07746,-5.88565e-08,2.6811e-25,0.00187158
0.242448,1.07744,-5.89735e-08,2.68215e-25,0.00187216
0.242649,1.07742,-5.90906e-08,2.6832e-25,0.00187274
0.242849,1.0774,-5.92076e-08,2.68425e-25,0.00187332
0.243049,1.07738,-5.93246e-08,2.6853e-25,0.00187391
0.243249,1.07736,-5.94416e-08,2.68634e-25,0.00187449
0.243449,1.07734,-5.95587e-08,2.68739e-25,0.00187507
0.243649,1.07732,-5.96757e-08,2.68844e-25,0.00187565
0.243849,1.0773,-5.97927e-08,2.68949e-25,0.00187624
0.244049,1.07728,-5.99097e-08,2.69054e-25,0.00187682
0.244249,1.07726,-6.00268e-08,2.69159e-25,0.0018774
0.244449,1.07724,-6.01438e-08,2.69263e-25,0.00187798
0.244649,1.07722,-6.02608e-08,2.69368e-25,0.00187857
0.244849,1.0772,-6.03778e-08,2.69473e-25,0.00187915
0.245049,1.07718,-6.04949e-08,2.69578e-25,0.00187973
0.245249,1.07716,-6.06119e-08,2.69683e-25,0.00188032
0.245449,1.07714,-6.07289e-08,2.69788e-25,0.0018809
0.245649,1.07712,-6.08459e-08,2.69893e-25,0.00188148
0.245849,1.0771,-6.0963e-08,2.69997e-25,0.00188206
0.246049,1.07708,-6.108e-08,2.70102e-25,0.00188265
0.246249,1.07706,-6.1197e-08,2.70207e-25,0.00188323
0.246449,1.07704,-6.1314e-08,2.70312e-25,0.00188381
0.246649,1.07702,-6.14311e-08,2.70417e-25,0.00188439
0.246849,1.077,-6.15481e-08,2.70522e-25,0.00188498
0.247049,1.07698,-6.16651e-08,2.70626e-25,0.00188556
0.247249,1.07696,-6.17821e-08,2.70731e-25,0.00188614
0.247449,1.07695,-6.18991e-08,2.70836e-25,0.00188672
0.24765,1.07693,-6.20162e-08,2.70941e-25,0.00188731
0.24785,1.07691,-6.21332e-08,2.71046e-25,0.00188789
0.24805,1.07689,-6.22502e-08,2.71151e-25,0.00188847
0.24825,1.07687,-6.23672e-08,2.71256e-25,0.00188905
0.24845,1.07685,-6.24843e-08,2.7136e-25,0.00188964
0.24865,1.07683,-6.26013e-08,2.71465e-25,0.00189022
0.24885,1.07681,-6.27183e-08,2.7157e-25,0.0018908
0.24905,1.07679,-6.28353e-08,2.71675e-25,0.00189138
0.24925,1.07677,-6.29524e-08,2.7178e-25,0.00189197
0.24945,1.07675,-6.30694e-08,2.71885e-25,0.00189255
0.24965,1.07673,-6.31864e-08,2.71989e-25,0.00189313
0.24985,1.07671,-6.33034e-08,2.72094e-25,0.00189371
0.25005,1.07669,-6.34205e-08,2.72199e-25,0.0018943
0.25025,1.07667,-6.35375e-08,2.72304e-25,0.00189488
0.25045,1.07665,-6.36545e-08,2.72409e-25,0.00189546
0.25065,1.07663,-6.37715e-08,2.72514e-25,0.00189605
0.25085,1.07661,-6.38886e-08,2.72619e-25,0.00189663
0.25105,1.07659,-6.40056e-08,2.72723e-25,0.00189721
0.25125,1.07657,-6.41226e-08,2.72828e-25,0.00189779
0.25145,1.07655,-6.42396e-08,2.72933e-25,0.00189838
0.25165,1.07653,-6.43566e-08,2.73038e-25,0.00189896
0.25185,1.07651,-6.44737e-08,2.73143e-25,0.00189954
0.25205,1.07649,-6.45907e-08,2.73248e-25,0.00190012
0.25225,1.07647,-6.47077e-08,2.73352e-25,0.00190071
0.25245,1.07645,-6.48247e-08,2.73457e-25,0.00190129
0.252651,1.07643,-6.49418e-08,2.73562e-25,0.00190187
0.252851,1.07641,-6.50588e-08,2.73667e-25,0.00190245
0.253051,1.07639,-6.51758e-08,2.73772e-25,0.00190304
0.253251,1.07637,-6.52928e-08,2.73877e-25,0.00190362
0.253451,1.07636,-6.54099e-08,2.73982e-25,0.0019042
0.253651,1.07634,-6.55269e-08,2.74086e-25,0.00190478
0.253851,1.07632,-6.56439e-08,2.74191e-25,0.00190537
0.254051,1.0763,-6.57609e-08,2.74296e-25,0.00190595
0.254251,1.07628,-6.5878e-08,2.74401e-25,0.00190653
0.254451,1.07626,-6.5995e-08,2.74506e-25,0.00190711
0.254651,1.07624,-6.6112e-08,2.74611e-25,0.0019077
0.254851,1.07622,-6.6229e-08,2.74715e-25,0.00190828
0.255051,1.0762,-6.63461e-08,2.7482e-25,0.00190886
0.255251,1.07618,-6.64631e-08,2.74925e-25,0.00190944
0.255451,1.07616,-6.65801e-08,2.7503e-25,0.00191003
0.255651,1.07614,-6.66971e-08,2.75135e-25,0.00191061
0.255851,1.07612,-6.68142e-08,2.7524e-25,0.00191119
0.256051,1.0761,-6.69312e-08,2.75345e-25,0.00191178
0.256251,1.07608,-6.70482e-08,2.75449e-25,0.00191236
0.256451,1.07606,-6.71652e-08,2.75554e-25,0.00191294
0.256651,1.07604,-6.72822e-08,2.75659e-25,0.00191352
0.256851,1.07602,-6.73993e-08,2.75764e-25,0.00191411
0.257051,1.076,-6.75163e-08,2.75869e-25,0.00191469
0.257251,1.07598,-6.76333e-08,2.75974e-25,0.00191527
0.257451,1.07596,-6.77503e-08,2.76078e-25,0.00191585
0.257652,1.07594,-6.78674e-08,2.76183e-25,0.00191644
0.257852,1.07592,-6.79844e-08,2.76288e-25,0.00191702
0.258052,1.0759,-6.81014e-08,2.76393e-25,0.0019176
0.258252,1.07588,-6.82184e-08,2.76498e-25,0.00191818
0.258452,1.07586,-6.83355e-08,2.76603e-25,0.00191877
0.258652,1.07584,-6.84525e-08,2.76708e-25,0.00191935
0.258852,1.07582,-6.85695e-08,2.76812e-25,0.00191993
0.259052,1.0758,-6.867e-08,2.77105e-25,0.00192052
0.259252,1.07578,-6.87618e-08,2.77495e-25,0.00192111
0.259452,1.07576,-6.88535e-08,2.77885e-25,0.0019217
0.259652,1.07574,-6.89453e-08,2.78275e-25,0.00192229
0.259852,1.07572,-6.90371e-08,2.78665e-25,0.00192288
0.260052,1.0757,-6.91289e-08,2.79055e-25,0.00192346
0.260252,1.07568,-6.92207e-08,2.79445e-25,0.00192405
0.260452,1.07566,-6.93125e-08,2.79835e-25,0.00192464
0.260652,1.07564,-6.94043e-08,2.80225e-25,0.00192523
0.260852,1.07562,-6.94961e-08,2.80615e-25,0.00192582
0.261052,1.0756,-6.95879e-08,2.81005e-25,0.00192641
0.261252,1.07558,-6.96797e-08,2.81395e-25,0.001927
0.261452,1.07556,-6.97715e-08,2.81785e-25,0.00192759
0.261652,1.07554,-6.98633e-08,2.82175e-25,0.00192818
0.261852,1.07552,-6.99551e-08,2.82565e-25,0.00192877
0.262052,1.0755,-7.00469e-08,2.82955e-25,0.00192936
0.262252,1.07548,-7.01387e-08,2.83345e-25,0.00192995
0.262452,1.07546,-7.02305e-08,2.83735e-25,0.00193054
0.262653,1.07544,-7.03222e-08,2.84125e-25,0.00193113
0.262853,1.07542,-7.0414e-08,2.84515e-25,0.00193172
0.263053,1.0754,-7.05058e-08,2.84905e-25,0.0019323
0.263253,1.07538,-7.05976e-08,2.85295e-25,0.00193289
0.263453,1.07536,-7.06894e-08,2.85685e-25,0.00193348
0.263653,1.07534,-7.07812e-08,2.86075e-25,0.00193407
0.263853,1.07532,-7.0873e-08,2.86465e-25,0.00193466
0.264053,1.0753,-7.09648e-08,2.86855e-25,0.00193525
0.264253,1.07528,-7.10566e-08,2.87245e-25,0.00193584
0.264453,1.07526,-7.11484e-08,2.87635e-25,0.00193643
0.264653,1.07524,-7.12402e-08,2.88025e-25,0.00193702
0.264853,1.07522,-7.1332e-08,2.88415e-25,0.00193761
0.265053,1.0752,-7.14238e-08,2.88805e-25,0.0019382
0.265253,1.07518,-7.15156e-08,2.89195e-25,0.00193879
0.265453,1.07516,-7.16074e-08,2.89585e-25,0.00193938
0.265653,1.07514,-7.16992e-08,2.89975e-25,0.00193997
0.265853,1.07512,-7.17909e-08,2.90365e-25,0.00194055
0.266053,1.07509,-7.18827e-08,2.90755e-25,0.00194114
0.266253,1.07507,-7.19745e-08,2.91145e-25,0.00194173
0.266453,1.07505,-7.20663e-08,2.91535e-25,0.00194232
0.266653,1.07503,-7.21581e-08,2.91925e-25,0.00194291
0.266853,1.07501,-7.22499e-08,2.92315e-25,0.0019435
0.267053,1.07499,-7.23417e-08,2.92705e-25,0.00194409
0.267253,1.07497,-7.24335e-08,2.93095e-25,0.00194468
0.267453,1.07495,-7.25253e-08,2.93485e-25,0.00194527
0.267654,1.07493,-7.26171e-08,2.93875e-25,0.00194586
0.267854,1.07491,-7.27089e-08,2.94265e-25,0.00194645
0.268054,1.07489,-7.28007e-08,2.94655e-25,0.00194704
0.268254,1.07487,-7.28925e-08,2.95045e-25,0.00194763
0.268454,1.07485,-7.29843e-08,2.95435e-25,0.00194822
0.268654,1.07483,-7.30761e-08,2.95825e-25,0.0019488
0.268854,1.07481,-7.31679e-08,2.96215e-25,0.00194939
0.269054,1.07479,-7.3263e-08,2.96619e-25,0.00195
0.269254,1.07477,-7.33648e-08,2.97052e-25,0.00195066
0.269454,1.07475,-7.34665e-08,2.97484e-25,0.00195131
0.269654,1.07472,-7.35683e-08,2.97916e-25,0.00195196
0.269854,1.0747,-7.367e-08,2.98348e-25,0.00195262
0.270054,1.07468,-7.37718e-08,2.98781e-25,0.00195327
0.270254,1.07466,-7.38735e-08,2.99213e-25,0.00195392
0.270454,1.07463,-7.39753e-08,2.99645e-25,0.00195458
0.270654,1.07461,-7.4077e-08,3.00078e-25,0.00195523
0.270854,1.07459,-7.41788e-08,3.0051e-25,0.00195588
0.271054,1.07457,-7.42806e-08,3.00942e-25,0.00195654
0.271254,1.07454,-7.43823e-08,3.01375e-25,0.00195719
0.271454,1.07452,-7.44841e-08,3.01807e-25,0.00195784
0.271654,1.0745,-7.45858e-08,3.02239e-25,0.0019585
0.271854,1.07448,-7.46876e-08,3.02672e-25,0.00195915
0.272054,1.07445,-7.47893e-08,3.03104e-25,0.0019598
0.272254,1.07443,-7.48911e-08,3.03536e-25,0.00196046
0.272454,1.07441,-7.49928e-08,3.03969e-25,0.00196111
0.272655,1.07439,-7.50946e-08,3.04401e-25,0.00196176
0.272855,1.07436,-7.51963e-08,3.04833e-25,0.00196242
0.273055,1.07434,-7.52981e-08,3.05266e-25,0.00196307
0.273255,1.07432,-7.53998e-08,3.05698e-25,0.00196372
0.273455,1.0743,-7.55016e-08,3.0613e-25,0.00196438
0.273655,1.07427,-7.56033e-08,3.06563e-25,0.00196503
0.273855,1.07425,-7.57051e-08,3.06995e-25,0.00196568
0.274055,1.07423,-7.58068e-08,3.07427e-25,0.00196634
0.274255,1.07421,-7.59086e-08,3.0786e-25,0.00196699
0.274455,1.07418,-7.60103e-08,3.08292e-25,0.00196764
0.274655,1.07416,-7.61121e-08,3.08724e-25,0.0019683
0.274855,1.07414,-7.62139e-08,3.09156e-25,0.00196895
0.275055,1.07412,-7.63156e-08,3.09589e-25,0.0019696
0.275255,1.07409,-7.64174e-08,3.10021e-25,0.00197025
0.275455,1.07407,-7.65191e-08,3.10453e-25,0.00197091
0.275655,1.07405,-7.66209e-08,3.10886e-25,0.00197156
0.275855,1.07403,-7.67226e-08,3.11318e-25,0.00197221
0.276055,1.074,-7.68244e-08,3.1175e-25,0.00197287
0.276255,1.07398,-7.69261e-08,3.12183e-25,0.00197352
0.276455,1.07396,-7.70279e-08,3.12615e-25,0.00197417
0.276655,1.07394,-7.71296e-08,3.13047e-25,0.00197483
0.276855,1.07391,-7.72314e-08,3.1348e-25,0.00197548
0.277055,1.07389,-7.73331e-08,3.13912e-25,0.00197613
0.277255,1.07387,-7.74349e-08,3.14344e-25,0.00197679
0.277455,1.07385,-7.75366e-08,3.14777e-25,0.00197744
0.277656,1.07382,-7.76384e-08,3.15209e-25,0.00197809
0.277856,1.0738,-7.77401e-08,3.15641e-25,0.00197875
0.278056,1.07378,-7.78419e-08,3.16074e-25,0.0019794
0.278256,1.07376,-7.79879e-08,3.16904e-25,0.00198005
0.278456,1.07373,-7.81345e-08,3.17741e-25,0.0019807
0.278656,1.07371,-7.82811e-08,3.18577e-25,0.00198135
0.278856,1.07369,-7.84277e-08,3.19413e-25,0.00198201
0.279056,1.07367,-7.85743e-08,3.20249e-25,0.00198266
0.279256,1.07364,-7.87209e-08,3.21086e-25,0.00198331
0.279456,1.07362,-7.88675e-08,3.21922e-25,0.00198396
0.279656,1.0736,-7.90141e-08,3.22758e-25,0.00198461
0.279856,1.07357,-7.91607e-08,3.23594e-25,0.00198526
0.280056,1.07355,-7.93073e-08,3.24431e-25,0.00198591
0.280256,1.07353,-7.94539e-08,3.25267e-25,0.00198657
0.280456,1.07351,-7.96005e-08,3.26103e-25,0.00198722
0.280656,1.07348,-7.97471e-08,3.26939e-25,0.00198787
0.280856,1.07346,-7.98937e-08,3.27776e-25,0.00198852
0.281056,1.07344,-8.00403e-08,3.28612e-25,0.00198917
0.281256,1.07342,-8.01869e-08,3.29448e-25,0.00198982
0.281456,1.07339,-8.03335e-08,3.30284e-25,0.00199047
0.281656,1.07337,-8.04801e-08,3.31121e-25,0.00199112
0.281856,1.07335,-8.06267e-08,3.31957e-25,0.00199178
0.282056,1.07332,-8.07733e-08,3.32793e-25,0.00199243
0.282256,1.0733,-8.09199e-08,3.33629e-25,0.00199308
0.282456,1.07328,-8.10665e-08,3.34466e-25,0.00199373
0.282657,1.07326,-8.12131e-08,3.35302e-25,0.00199438
0.282857,1.07323,-8.13597e-08,3.36138e-25,0.00199503
0.283057,1.07321,-8.15063e-08,3.36974e-25,0.00199568
0.283257,1.07319,-8.16528e-08,3.37811e-25,0.00199634
0.283457,1.07316,-8.17994e-08,3.38647e-25,0.00199699
0.283657,1.07314,-8.1946e-08,3.39483e-25,0.00199764
0.283857,1.07312,-8.20926e-08,3.40319e-25,0.00199829
0.284057,1.0731,-8.22392e-08,3.41156e-25,0.00199894
0.284257,1.07307,-8.23858e-08,3.41992e-25,0.00199959
0.284457,1.07305,-8.25324e-08,3.42828e-25,0.00200024
0.284657,1.07303,-8.2679e-08,3.43664e-25,0.0020009
0.284857,1.073,-8.28256e-08,3.44501e-25,0.00200155
0.285057,1.07298,-8.29722e-08,3.45337e-25,0.0020022
0.285257,1.07296,-8.31188e-08,3.46173e-25,0.00200285
0.285457,1.07294,-8.32654e-08,3.47009e-25,0.0020035
0.285657,1.07291,-8.3412e-08,3.47846e-25,0.00200415
0.285857,1.07289,-8.35586e-08,3.48682e-25,0.0020048
0.286057,1.07287,-8.37052e-08,3.49518e-25,0.00200546
0.286257,1.07285,-8.38518e-08,3.50354e-25,0.00200611
0.286457,1.07282,-8.39984e-08,3.51191e-25,0.00200676
0.286657,1.0728,-8.4145e-08,3.52027e-25,0.00200741
0.286857,1.07278,-8.42916e-08,3.52863e-25,0.00200806
0.287057,1.07275,-8.44382e-08,3.53699e-25,0.00200871
0.287257,1.07273,-8.45848e-08,3.54536e-25,0.00200936
0.287457,1.07271,-8.47314e-08,3.55372e-25,0.00201001
0.287658,1.07269,-8.4878e-08,3.56208e-25,0.00201067
0.287858,1.07266,-8.50246e-08,3.57044e-25,0.00201132
0.288058,1.07264,-8.51712e-08,3.57881e-25,0.00201197
0.288258,1.07262,-8.53178e-08,3.58717e-25,0.00201262
0.288458,1.07259,-8.54644e-08,3.59553e-25,0.00201327
0.288658,1.07257,-8.5611e-08,3.60389e-25,0.00201392
0.288858,1.07255,-8.57576e-08,3.61226e-25,0.00201457
0.289058,1.07253,-8.59042e-08,3.62062e-25,0.00201523
0.289258,1.0725,-8.60508e-08,3.62898e-25,0.00201588
0.289458,1.07248,-8.61974e-08,3.63735e-25,0.00201653
0.289658,1.07246,-8.6344e-08,3.64571e-25,0.00201718
0.289858,1.07244,-8.64906e-08,3.65407e-25,0.00201783
0.290058,1.07241,-8.66372e-08,3.66243e-25,0.00201848
0.290258,1.07239,-8.67838e-08,3.6708e-25,0.00201913
0.290458,1.07237,-8.69304e-08,3.67916e-25,0.00201979
0.290658,1.07234,-8.7077e-08,3.68752e-25,0.00202044
0.290858,1.07232,-8.72236e-08,3.69588e-25,0.00202109
0.291058,1.0723,-8.73702e-08,3.70425e-25,0.00202174
0.291258,1.07228,-8.75168e-08,3.71261e-25,0.00202239
0.291458,1.07225,-8.76634e-08,3.72097e-25,0.00202304
0.291658,1.07223,-8.781e-08,3.72933e-25,0.00202369
0.291858,1.07221,-8.79566e-08,3.7377e-25,0.00202435
0.292058,1.07218,-8.81032e-08,3.74606e-25,0.002025
0.292258,1.07216,-8.82498e-08,3.75442e-25,0.00202565
0.292458,1.07214,-8.83964e-08,3.76278e-25,0.0020263
0.292659,1.07212,-8.8543e-08,3.77115e-25,0.00202695
0.292859,1.07209,-8.86896e-08,3.77951e-25,0.0020276
0.293059,1.07207,-8.88362e-08,3.78787e-25,0.00202825
0.293259,1.07205,-8.89828e-08,3.79623e-25,0.0020289
0.293459,1.07203,-8.91294e-08,3.8046e-25,0.00202956
0.293659,1.072,-8.9276e-08,3.81296e-25,0.00203021
0.293859,1.07198,-8.94226e-08,3.82132e-25,0.00203086
0.294059,1.07196,-8.95692e-08,3.82968e-25,0.00203151
0.294259,1.07193,-8.97158e-08,3.83805e-25,0.00203216
0.294459,1.07191,-8.98624e-08,3.84641e-25,0.00203281
0.294659,1.07189,-9.0009e-08,3.85477e-25,0.00203346
0.294859,1.07187,-9.01556e-08,3.86313e-25,0.00203412
0.295059,1.07184,-9.03022e-08,3.8715e-25,0.00203477
0.295259,1.07182,-9.04488e-08,3.87986e-25,0.00203542
0.295459,1.0718,-9.05954e-08,3.88822e-25,0.00203607
0.295659,1.07177,-9.0742e-08,3.89658e-25,0.00203672
0.295859,1.07175,-9.08886e-08,3.90495e-25,0.00203737
0.296059,1.07173,-9.10352e-08,3.91331e-25,0.00203802
0.296259,1.07171,-9.1157e-08,3.92031e-25,0.00203868
0.296459,1.07168,-9.12156e-08,3.9238e-25,0.00203937
0.296659,1.07166,-9.12741e-08,3.9273e-25,0.00204005
0.296859,1.07163,-9.13326e-08,3.9308e-25,0.00204073
0.297059,1.07161,-9.13912e-08,3.93429e-25,0.00204141
0.297259,1.07158,-9.14497e-08,3.93779e-25,0.00204209
0.297459,1.07156,-9.15083e-08,3.94129e-25,0.00204277
0.29766,1.07154,-9.15668e-08,3.94478e-25,0.00204346
0.29786,1.07151,-9.16253e-08,3.94828e-25,0.00204414
0.29806,1.07149,-9.16839e-08,3.95178e-25,0.00204482
0.29826,1.07146,-9.17424e-08,3.95528e-25,0.0020455
0.29846,1.07144,-9.1801e-08,3.95877e-25,0.00204618
0.29866,1.07141,-9.18595e-08,3.96227e-25,0.00204686
0.29886,1.07139,-9.1918e-08,3.96577e-25,0.00204754
0.29906,1.07137,-9.19766e-08,3.96926e-25,0.00204823
0.29926,1.07134,-9.20351e-08,3.97276e-25,0.00204891
0.29946,1.07132,-9.20936e-08,3.97626e-25,0.00204959
0.29966,1.07129,-9.21522e-08,3.97976e-25,0.00205027
0.29986,1.07127,-9.22107e-08,3.98325e-25,0.00205095
0.30006,1.07124,-9.22693e-08,3.98675e-25,0.00205163
0.30026,1.07122,-9.23278e-08,3.99025e-25,0.00205232
0.30046,1.0712,-9.23863e-08,3.99374e-25,0.002053
0.30066,1.07117,-9.24449e-08,3.99724e-25,0.00205368
0.30086,1.07115,-9.25034e-08,4.00074e-25,0.00205436
0.30106,1.07112,-9.2562e-08,4.00424e-25,0.00205504
0.30126,1.0711,-9.26205e-08,4.00773e-25,0.00205572
0.30146,1.07107,-9.2679e-08,4.01123e-25,0.00205641
0.30166,1.07105,-9.27376e-08,4.01473e-25,0.00205709
0.30186,1.07103,-9.27961e-08,4.01822e-25,0.00205777
0.30206,1.071,-9.28546e-08,4.02172e-25,0.00205845
0.30226,1.07098,-9.29132e-08,4.02522e-25,0.00205913
0.30246,1.07095,-9.29717e-08,4.02872e-25,0.00205981
0.302661,1.07093,-9.30303e-08,4.03221e-25,0.0020605
0.302861,1.0709,-9.30888e-08,4.03571e-25,0.00206118
0.303061,1.07088,-9.31473e-08,4.03921e-25,0.00206186
0.303261,1.07086,-9.32059e-08,4.0427e-25,0.00206254
0.303461,1.07083,-9.32644e-08,4.0462e-25,0.00206322
0.303661,1.07081,-9.33229e-08,4.0497e-25,0.0020639
0.303861,1.07078,-9.33815e-08,4.0532e-25,0.00206459
0.304061,1.07076,-9.344e-08,4.05669e-25,0.00206527
0.304261,1.07073,-9.34986e-08,4.06019e-25,0.00206595
0.304461,1.07071,-9.35571e-08,4.06369e-25,0.00206663
0.304661,1.07069,-9.36156e-08,4.06718e-25,0.00206731
0.304861,1.07066,-9.36742e-08,4.07068e-25,0.00206799
0.305061,1.07064,-9.37327e-08,4.07418e-25,0.00206868
0.305261,1.07061,-9.37913e-08,4.07767e-25,0.00206936
0.305461,1.07059,-9.38498e-08,4.08117e-25,0.00207004
0.305661,1.07056,-9.39083e-08,4.08467e-25,0.00207072
0.305861,1.07054,-9.39669e-08,4.08817e-25,0.0020714
0.306061,1.07052,-9.40254e-08,4.09166e-25,0.00207208
0.306261,1.07049,-9.40839e-08,4.09516e-25,0.00207276
0.306461,1.07047,-9.41425e-08,4.09866e-25,0.00207345
0.306661,1.07044,-9.4201e-08,4.10215e-25,0.00207413
0.306861,1.07042,-9.42596e-08,4.10565e-25,0.00207481
0.307061,1.07039,-9.43181e-08,4.10915e-25,0.00207549
0.307261,1.07037,-9.43766e-08,4.11265e-25,0.00207617
0.307461,1.07035,-9.44352e-08,4.11614e-25,0.00207685
0.307662,1.07032,-9.44937e-08,4.11964e-25,0.00207754
0.307862,1.0703,-9.45523e-08,4.12314e-25,0.00207822
0.308062,1.07027,-9.46108e-08,4.12663e-25,0.0020789
0.308262,1.07025,-9.46693e-08,4.13013e-25,0.00207958
0.308462,1.07022,-9.47279e-08,4.13363e-25,0.00208026
0.308662,1.0702,-9.47864e-08,4.13713e-25,0.00208094
0.308862,1.07018,-9.48449e-08,4.14062e-25,0.00208163
0.309062,1.07015,-9.49035e-08,4.14412e-25,0.00208231
0.309262,1.07013,-9.4962e-08,4.14762e-25,0.00208299
0.309462,1.0701,-9.50206e-08,4.15111e-25,0.00208367
0.309662,1.07008,-9.50791e-08,4.15461e-25,0.00208435
0.309862,1.07005,-9.51376e-08,4.15811e-25,0.00208503
0.310062,1.07003,-9.51962e-08,4.16161e-25,0.00208572
0.310262,1.07001,-9.52547e-08,4.1651e-25,0.0020864
0.310462,1.06998,-9.53133e-08,4.1686e-25,0.00208708
0.310662,1.06996,-9.53718e-08,4.1721e-25,0.00208776
0.310862,1.06993,-9.54303e-08,4.17559e-25,0.00208844
0.311062,1.06991,-9.54889e-08,4.17909e-25,0.00208912
0.311262,1.06989,-9.55474e-08,4.18259e-25,0.00208981
0.311462,1.06986,-9.56059e-08,4.18609e-25,0.00209049
0.311662,1.06984,-9.56645e-08,4.18958e-25,0.00209117
0.311862,1.06981,-9.5723e-08,4.19308e-25,0.00209185
0.312062,1.06979,-9.57816e-08,4.19658e-25,0.00209253
0.312262,1.06976,-9.58401e-08,4.20007e-25,0.00209321
0.312462,1.06974,-9.58986e-08,4.20357e-25,0.00209389
0.312663,1.06972,-9.59572e-08,4.20707e-25,0.00209458
0.312863,1.06969,-9.60157e-08,4.21056e-25,0.00209526
0.313063,1.06967,-9.60742e-08,4.21406e-25,0.00209594
0.313263,1.06964,-9.61328e-08,4.21756e-25,0.00209662
0.313463,1.06962,-9.61913e-08,4.22106e-25,0.0020973
0.313663,1.06959,-9.62499e-08,4.22455e-25,0.00209798
0.313863,1.06957,-9.63084e-08,4.22805e-25,0.00209867
0.314063,1.06955,-9.63669e-08,4.23155e-25,0.00209935
0.314263,1.06952,-9.64255e-08,4.23504e-25,0.00210003
0.314463,1.0695,-9.65645e-08,4.23651e-25,0.00210073
0.314663,1.06947,-9.67628e-08,4.23647e-25,0.00210144
0.314863,1.06944,-9.69612e-08,4.23643e-25,0.00210215
0.315063,1.06942,-9.71596e-08,4.23639e-25,0.00210286
0.315263,1.06939,-9.7358e-08,4.23635e-25,0.00210357
0.315463,1.06937,-9.75564e-08,4.23631e-25,0.00210428
0.315663,1.06934,-9.77548e-08,4.23627e-25,0.00210499
0.315863,1.06932,-9.79532e-08,4.23624e-25,0.0021057
0.316063,1.06929,-9.81515e-08,4.2362e-25,0.00210641
0.316263,1.06926,-9.83499e-08,4.23616e-25,0.00210712
0.316463,1.06924,-9.85483e-08,4.23612e-25,0.00210783
0.316663,1.06921,-9.87467e-08,4.23608e-25,0.00210854
0.316863,1.06919,-9.89451e-08,4.23604e-25,0.00210925
0.317063,1.06916,-9.91435e-08,4.236e-25,0.00210996
0.317263,1.06913,-9.93419e-08,4.23596e-25,0.00211067
0.317463,1.06911,-9.95402e-08,4.23592e-25,0.00211138
0.317664,1.06908,-9.97386e-08,4.23588e-25,0.00211209
0.317864,1.06906,-9.9937e-08,4.23585e-25,0.0021128
0.318064,1.06903,-1.00135e-07,4.23581e-25,0.00211351
0.318264,1.06901,-1.00334e-07,4.23577e-25,0.00211422
0.318464,1.06898,-1.00532e-07,4.23573e-25,0.00211494
0.318664,1.06895,-1.00731e-07,4.23569e-25,0.00211565
0.318864,1.06893,-1.00929e-07,4.23565e-25,0.00211636
0.319064,1.0689,-1.01127e-07,4.23561e-25,0.00211707
0.319264,1.06888,-1.01326e-07,4.23557e-25,0.00211778
0.319464,1.06885,-1.01524e-07,4.23553e-25,0.00211849
0.319664,1.06883,-1.01722e-07,4.2355e-25,0.0021192
0.319864,1.0688,-1.01921e-07,4.23546e-25,0.00211991
0.320064,1.06877,-1.02119e-07,4.23542e-25,0.00212062
0.320264,1.06875,-1.02318e-07,4.23538e-25,0.00212133
0.320464,1.06872,-1.02516e-07,4.23534e-25,0.00212204
0.320664,1.0687,-1.02714e-07,4.2353e-25,0.00212275
0.320864,1.06867,-1.02913e-07,4.23526e-25,0.00212346
0.321064,1.06864,-1.03111e-07,4.23522e-25,0.00212417
0.321264,1.06862,-1.0331e-07,4.23518e-25,0.00212488
0.321464,1.06859,-1.03508e-07,4.23514e-25,0.00212559
0.321664,1.06857,-1.03706e-07,4.23511e-25,0.0021263
0.321864,1.06854,-1.03905e-07,4.23507e-25,0.00212701
0.322064,1.06852,-1.04103e-07,4.23503e-25,0.00212772
0.322264,1.06849,-1.04302e-07,4.23499e-25,0.00212843
0.322464,1.06846,-1.045e-07,4.23495e-25,0.00212914
0.322665,1.06844,-1.04698e-07,4.23491e-25,0.00212985
0.322865,1.06841,-1.04897e-07,4.23487e-25,0.00213056
0.323065,1.06839,-1.05095e-07,4.23483e-25,0.00213127
0.323265,1.06836,-1.05293e-07,4.23479e-25,0.00213198
0.323465,1.06833,-1.05492e-07,4.23476e-25,0.00213269
0.323665,1.06831,-1.0569e-07,4.23472e-25,0.0021334
0.323865,1.06828,-1.05889e-07,4.23468e-25,0.00213412
0.324065,1.06826,-1.06087e-07,4.23464e-25,0.00213483
0.324265,1.06823,-1.06285e-07,4.2346e-25,0.00213554
0.324465,1.06821,-1.06484e-07,4.23456e-25,0.00213625
0.324665,1.06818,-1.06682e-07,4.23452e-25,0.00213696
0.324865,1.06815,-1.06881e-07,4.23448e-25,0.00213767
0.325065,1.06813,-1.07079e-07,4.23444e-25,0.00213838
0.325265,1.0681,-1.07277e-07,4.2344e-25,0.00213909
0.325465,1.06808,-1.07476e-07,4.23437e-25,0.0021398
0.325665,1.06805,-1.07674e-07,4.23433e-25,0.00214051
0.325865,1.06803,-1.07872e-07,4.23429e-25,0.00214122
0.326065,1.068,-1.08071e-07,4.23425e-25,0.00214193
0.326265,1.06797,-1.08269e-07,4.23421e-25,0.00214264
0.326465,1.06795,-1.08468e-07,4.23417e-25,0.00214335
0.326665,1.06792,-1.08666e-07,4.23413e-25,0.00214406
0.326865,1.0679,-1.08864e-07,4.23409e-25,0.00214477
0.327065,1.06787,-1.09063e-07,4.23405e-25,0.00214548
0.327265,1.06784,-1.09261e-07,4.23401e-25,0.00214619
0.327465,1.06782,-1.0946e-07,4.23398e-25,0.0021469
0.327666,1.06779,-1.09658e-07,4.23394e-25,0.00214761
0.327866,1.06777,-1.09856e-07,4.2339e-25,0.00214832
0.328066,1.06774,-1.10055e-07,4.23386e-25,0.00214903
0.328266,1.06772,-1.10253e-07,4.23382e-25,0.00214974
0.328466,1.06769,-1.10451e-07,4.23378e-25,0.00215045
0.328666,1.06766,-1.1065e-07,4.23374e-25,0.00215116
0.328866,1.06764,-1.10848e-07,4.2337e-25,0.00215187
0.329066,1.06761,-1.11047e-07,4.23366e-25,0.00215259
0.329266,1.06759,-1.11245e-07,4.23363e-25,0.0021533
0.329466,1.06756,-1.11443e-07,4.23359e-25,0.00215401
0.329666,1.06754,-1.11642e-07,4.23355e-25,0.00215472
0.329866,1.06751,-1.1184e-07,4.23351e-25,0.00215543
0.330066,1.06748,-1.12039e-07,4.23347e-25,0.00215614
0.330266,1.06746,-1.12237e-07,4.23343e-25,0.00215685
0.330466,1.06743,-1.12435e-07,4.23339e-25,0.00215756
0.330666,1.06741,-1.12634e-07,4.23335e-25,0.00215827
0.330866,1.06738,-1.12832e-07,4.23331e-25,0.00215898
0.331066,1.06735,-1.1303e-07,4.23327e-25,0.00215969
0.331266,1.06733,-1.13229e-07,4.23324e-25,0.0021604
0.331466,1.0673,-1.13427e-07,4.2332e-25,0.00216111
0.331666,1.06728,-1.13626e-07,4.23316e-25,0.00216182
0.331866,1.06725,-1.13824e-07,4.23312e-25,0.00216253
0.332066,1.06723,-1.14022e-07,4.23308e-25,0.00216324
0.332266,1.0672,-1.14221e-07,4.23304e-25,0.00216395
0.332466,1.06717,-1.14419e-07,4.233e-25,0.00216466
0.332667,1.06715,-1.14604e-07,4.21088e-25,0.00216536
0.332867,1.06712,-1.14786e-07,4.18544e-25,0.00216607
0.333067,1.0671,-1.14968e-07,4.16e-25,0.00216677
0.333267,1.06707,-1.15151e-07,4.13456e-25,0.00216747
0.333467,1.06704,-1.15333e-07,4.10912e-25,0.00216817
0.333667,1.06702,-1.15515e-07,4.08369e-25,0.00216887
0.333867,1.06699,-1.15697e-07,4.05825e-25,0.00216957
0.334067,1.06697,-1.1588e-07,4.03281e-25,0.00217028
0.334267,1.06694,-1.16062e-07,4.00737e-25,0.00217098
0.334467,1.06691,-1.16244e-07,3.98193e-25,0.00217168
0.334667,1.06689,-1.16427e-07,3.9565e-25,0.00217238
0.334867,1.06686,-1.16609e-07,3.93106e-25,0.00217308
0.335067,1.06684,-1.16791e-07,3.90562e-25,0.00217378
0.335267,1.06681,-1.16974e-07,3.88018e-25,0.00217448
0.335467,1.06678,-1.17156e-07,3.85474e-25,0.00217519
0.335667,1.06676,-1.17338e-07,3.8293e-25,0.00217589
0.335867,1.06673,-1.1752e-07,3.80387e-25,0.00217659
0.336067,1.06671,-1.17703e-07,3.77843e-25,0.00217729
0.336267,1.06668,-1.17885e-07,3.75299e-25,0.00217799
0.336467,1.06665,-1.18067e-07,3.72755e-25,0.00217869
0.336667,1.06663,-1.1825e-07,3.70211e-25,0.0021794
0.336867,1.0666,-1.18432e-07,3.67668e-25,0.0021801
0.337067,1.06658,-1.18614e-07,3.65124e-25,0.0021808
0.337267,1.06655,-1.18797e-07,3.6258e-25,0.0021815
0.337467,1.06652,-1.18979e-07,3.60036e-25,0.0021822
0.337668,1.0665,-1.19161e-07,3.57492e-25,0.0021829
0.337868,1.06647,-1.19344e-07,3.54948e-25,0.00218361
0.338068,1.06645,-1.19526e-07,3.52405e-25,0.00218431
0.338268,1.06642,-1.19708e-07,3.49861e-25,0.00218501
0.338468,1.06639,-1.1989e-07,3.47317e-25,0.00218571
0.338668,1.06637,-1.20073e-07,3.44773e-25,0.00218641
0.338868,1.06634,-1.20255e-07,3.42229e-25,0.00218711
0.339068,1.06632,-1.20437e-07,3.39686e-25,0.00218781
0.339268,1.06629,-1.2062e-07,3.37142e-25,0.00218852
0.339468,1.06626,-1.20802e-07,3.34598e-25,0.00218922
0.339668,1.06624,-1.20984e-07,3.32054e-25,0.00218992
0.339868,1.06621,-1.21167e-07,3.2951e-25,0.00219062
0.340068,1.06619,-1.21349e-07,3.26967e-25,0.00219132
0.340268,1.06616,-1.21531e-07,3.24423e-25,0.00219202
0.340468,1.06613,-1.21714e-07,3.21879e-25,0.00219273
0.340668,1.06611,-1.21896e-07,3.19335e-25,0.00219343
0.340868,1.06608,-1.22078e-07,3.16791e-25,0.00219413
0.341068,1.06606,-1.2226e-07,3.14247e-25,0.00219483
0.341268,1.06603,-1.22443e-07,3.11704e-25,0.00219553
0.341468,1.066,-1.22625e-07,3.0916e-25,0.00219623
0.341668,1.06598,-1.22818e-07,3.06473e-25,0.00219697
0.341868,1.06595,-1.2302e-07,3.03653e-25,0.00219775
0.342068,1.06592,-1.23222e-07,3.00833e-25,0.00219853
0.342268,1.06589,-1.23424e-07,2.98012e-25,0.00219931
0.342468,1.06586,-1.23626e-07,2.95192e-25,0.00220009
0.342669,1.06583,-1.23828e-07,2.92372e-25,0.00220086
0.342869,1.0658,-1.2403e-07,2.89552e-25,0.00220164
0.343069,1.06578,-1.24232e-07,2.86731e-25,0.00220242
0.343269,1.06575,-1.24435e-07,2.83911e-25,0.0022032
0.343469,1.06572,-1.24637e-07,2.81091e-25,0.00220397
0.343669,1.06569,-1.24839e-07,2.78271e-25,0.00220475
0.343869,1.06566,-1.25041e-07,2.7545e-25,0.00220553
0.344069,1.06563,-1.25243e-07,2.7263e-25,0.00220631
0.344269,1.0656,-1.25445e-07,2.6981e-25,0.00220709
0.344469,1.06557,-1.25647e-07,2.66989e-25,0.00220786
0.344669,1.06554,-1.25849e-07,2.64169e-25,0.00220864
0.344869,1.06552,-1.26051e-07,2.61349e-25,0.00220942
0.345069,1.06549,-1.26254e-07,2.58529e-25,0.0022102
0.345269,1.06546,-1.26456e-07,2.55708e-25,0.00221098
0.345469,1.06543,-1.26658e-07,2.52888e-25,0.00221175
0.345669,1.0654,-1.2686e-07,2.50068e-25,0.00221253
0.345869,1.06537,-1.27062e-07,2.47248e-25,0.00221331
0.346069,1.06534,-1.27264e-07,2.44427e-25,0.00221409
0.346269,1.06531,-1.27466e-07,2.41607e-25,0.00221486
0.346469,1.06529,-1.27668e-07,2.38787e-25,0.00221564
0.346669,1.06526,-1.27871e-07,2.35967e-25,0.00221642
0.346869,1.06523,-1.28073e-07,2.33146e-25,0.0022172
0.347069,1.0652,-1.28275e-07,2.30326e-25,0.00221798
0.347269,1.06517,-1.28477e-07,2.27506e-25,0.00221875
0.347469,1.06514,-1.28679e-07,2.24685e-25,0.00221953
0.34767,1.06511,-1.28881e-07,2.21865e-25,0.00222031
0.34787,1.06508,-1.29083e-07,2.19045e-25,0.00222109
0.34807,1.06505,-1.29285e-07,2.16225e-25,0.00222186
0.34827,1.06503,-1.29488e-07,2.13404e-25,0.00222264
0.34847,1.065,-1.2969e-07,2.10584e-25,0.00222342
0.34867,1.06497,-1.29892e-07,2.07764e-25,0.0022242
0.34887,1.06494,-1.30094e-07,2.04944e-25,0.00222498
0.34907,1.06491,-1.30296e-07,2.02123e-25,0.00222575
0.34927,1.06488,-1.30498e-07,1.99303e-25,0.00222653
0.34947,1.06485,-1.307e-07,1.96483e-25,0.00222731
0.34967,1.06482,-1.30902e-07,1.93663e-25,0.00222809
0.34987,1.0648,-1.31148e-07,1.91057e-25,0.00222885
0.35007,1.06477,-1.31418e-07,1.88571e-25,0.00222962
0.35027,1.06474,-1.31688e-07,1.86086e-25,0.00223038
0.35047,1.06471,-1.31957e-07,1.83601e-25,0.00223114
0.35067,1.06468,-1.32227e-07,1.81116e-25,0.0022319
0.35087,1.06465,-1.32497e-07,1.78631e-25,0.00223266
0.35107,1.06462,-1.32767e-07,1.76146e-25,0.00223342
0.35127,1.06459,-1.33037e-07,1.73661e-25,0.00223418
0.35147,1.06457,-1.33307e-07,1.71176e-25,0.00223494
0.35167,1.06454,-1.33577e-07,1.68691e-25,0.0022357
0.35187,1.06451,-1.33847e-07,1.66206e-25,0.00223647
0.35207,1.06448,-1.34117e-07,1.63721e-25,0.00223723
0.35227,1.06445,-1.34387e-07,1.61236e-25,0.00223799
0.35247,1.06442,-1.34656e-07,1.58751e-25,0.00223875
0.352671,1.06439,-1.34926e-07,1.56266e-25,0.00223951
0.352871,1.06436,-1.35196e-07,1.5378e-25,0.00224027
0.353071,1.06434,-1.35466e-07,1.51295e-25,0.00224103
0.353271,1.06431,-1.35736e-07,1.4881e-25,0.00224179
0.353471,1.06428,-1.36006e-07,1.46325e-25,0.00224256
0.353671,1.06425,-1.36276e-07,1.4384e-25,0.00224332
0.353871,1.06422,-1.36546e-07,1.41355e-25,0.00224408
0.354071,1.06419,-1.36816e-07,1.3887e-25,0.00224484
0.354271,1.06416,-1.37085e-07,1.36385e-25,0.0022456
0.354471,1.06413,-1.37355e-07,1.339e-25,0.00224636
0.354671,1.06411,-1.37625e-07,1.31415e-25,0.00224712
0.354871,1.06408,-1.37895e-07,1.2893e-25,0.00224788
0.355071,1.06405,-1.38165e-07,1.26445e-25,0.00224864
0.355271,1.06402,-1.38435e-07,1.2396e-25,0.00224941
0.355471,1.06399,-1.38705e-07,1.21475e-25,0.00225017
0.355671,1.06396,-1.38975e-07,1.1899e-25,0.00225093
0.355871,1.06393,-1.39245e-07,1.16504e-25,0.00225169
0.356071,1.0639,-1.39515e-07,1.14019e-25,0.00225245
0.356271,1.06388,-1.39784e-07,1.11534e-25,0.00225321
0.356471,1.06385,-1.40054e-07,1.09049e-25,0.00225397
0.356671,1.06382,-1.40324e-07,1.06564e-25,0.00225473
0.356871,1.06379,-1.40594e-07,1.04079e-25,0.00225549
0.357071,1.06376,-1.40864e-07,1.01594e-25,0.00225626
0.357271,1.06373,-1.41134e-07,9.9109e-26,0.00225702
0.357471,1.0637,-1.41404e-07,9.66239e-26,0.00225778
0.357672,1.06367,-1.41674e-07,9.41389e-26,0.00225854
0.357872,1.06365,-1.41944e-07,9.16538e-26,0.0022593
0.358072,1.06362,-1.42213e-07,8.91687e-26,0.00226006
0.358272,1.06359,-1.42483e-07,8.66837e-26,0.00226082
0.358472,1.06356,-1.42753e-07,8.41986e-26,0.00226158
0.358672,1.06353,-1.43023e-07,8.17135e-26,0.00226234
0.358872,1.0635,-1.43293e-07,7.92284e-26,0.00226311
0.359072,1.06347,-1.43563e-07,7.67434e-26,0.00226387
0.359272,1.06344,-1.43833e-07,7.42583e-26,0.00226463
0.359472,1.06342,-1.44103e-07,7.17732e-26,0.00226539
0.359672,1.06339,-1.44373e-07,6.92882e-26,0.00226615
0.359872,1.06336,-1.44643e-07,6.68031e-26,0.00226691
0.360072,1.06333,-1.44912e-07,6.4318e-26,0.00226767
0.360272,1.0633,-1.45182e-07,6.1833e-26,0.00226843
0.360472,1.06327,-1.45452e-07,5.93479e-26,0.0022692
0.360672,1.06324,-1.45722e-07,5.68628e-26,0.00226996
0.360872,1.06321,-1.45992e-07,5.43778e-26,0.00227072
0.361072,1.06319,-1.46262e-07,5.18927e-26,0.00227148
0.361272,1.06316,-1.46532e-07,4.94076e-26,0.00227224
0.361472,1.06313,-1.46802e-07,4.69226e-26,0.002273
0.361672,1.0631,-1.47072e-07,4.44375e-26,0.00227376
0.361872,1.06307,-1.47341e-07,4.19524e-26,0.00227452
0.362072,1.06304,-1.47611e-07,3.94674e-26,0.00227528
0.362272,1.06301,-1.47881e-07,3.69823e-26,0.00227605
0.362472,1.06298,-1.48151e-07,3.44972e-26,0.00227681
0.362673,1.06296,-1.48421e-07,3.20122e-26,0.00227757
0.362873,1.06293,-1.48691e-07,2.95271e-26,0.00227833
0.363073,1.0629,-1.48961e-07,2.7042e-26,0.00227909
0.363273,1.06287,-1.49231e-07,2.4557e-26,0.00227985
0.363473,1.06284,-1.49501e-07,2.20719e-26,0.00228061
0.363673,1.06281,-1.49771e-07,1.95868e-26,0.00228137
0.363873,1.06278,-1.5004e-07,1.71018e-26,0.00228213
0.364073,1.06275,-1.5031e-07,1.46167e-26,0.0022829
0.364273,1.06273,-1.5058e-07,1.21316e-26,0.00228366
0.364473,1.0627,-1.5085e-07,9.64655e-27,0.00228442
0.364673,1.06267,-1.5112e-07,7.16148e-27,0.00228518
0.364873,1.06264,-1.5139e-07,4.67641e-27,0.00228594
0.365073,1.06261,-1.5166e-07,2.19135e-27,0.0022867
0.365273,1.06258,-1.5193e-07,-2.93722e-28,0.00228746
0.365473,1.06255,-1.522e-07,-2.77879e-27,0.00228822
0.365673,1.06252,-1.52469e-07,-5.26386e-27,0.00228898
0.365873,1.0625,-1.52739e-07,-7.74893e-27,0.00228975
0.366073,1.06247,-1.53009e-07,-1.0234e-26,0.00229051
0.366273,1.06244,-1.53212e-07,-1.04882e-26,0.00229129
0.366473,1.06241,-1.53406e-07,-1.04493e-26,0.00229207
0.366673,1.06238,-1.536e-07,-1.04104e-26,0.00229285
0.366873,1.06235,-1.53794e-07,-1.03715e-26,0.00229364
0.367073,1.06232,-1.53988e-07,-1.03326e-26,0.00229442
0.367273,1.06229,-1.54182e-07,-1.02938e-26,0.0022952
0.367473,1.06226,-1.54376e-07,-1.02549e-26,0.00229599
0.367674,1.06223,-1.5457e-07,-1.0216e-26,0.00229677
0.367874,1.0622,-1.54764e-07,-1.01771e-26,0.00229755
0.368074,1.06217,-1.54958e-07,-1.01382e-26,0.00229834
0.368274,1.06214,-1.55152e-07,-1.00993e-26,0.00229912
0.368474,1.06211,-1.55346e-07,-1.00604e-26,0.0022999
0.368674,1.06208,-1.5554e-07,-1.00216e-26,0.00230069
0.368874,1.06204,-1.55734e-07,-9.98267e-27,0.00230147
0.369074,1.06201,-1.55928e-07,-9.94379e-27,0.00230225
0.369274,1.06198,-1.56122e-07,-9.9049e-27,0.00230304
0.369474,1.06195,-1.56316e-07,-9.86602e-27,0.00230382
0.369674,1.06192,-1.5651e-07,-9.82713e-27,0.00230461
0.369874,1.06189,-1.56704e-07,-9.78825e-27,0.00230539
0.370074,1.06186,-1.56897e-07,-9.74936e-27,0.00230617
0.370274,1.06183,-1.57091e-07,-9.71048e-27,0.00230696
0.370474,1.0618,-1.57285e-07,-9.67159e-27,0.00230774
0.370674,1.06177,-1.57479e-07,-9.63271e-27,0.00230852
0.370874,1.06174,-1.57673e-07,-9.59382e-27,0.00230931
0.371074,1.06171,-1.57867e-07,-9.55494e-27,0.00231009
0.371274,1.06168,-1.58061e-07,-9.51605e-27,0.00231087
0.371474,1.06165,-1.58255e-07,-9.47717e-27,0.00231166
0.371674,1.06162,-1.58449e-07,-9.43828e-27,0.00231244
0.371874,1.06159,-1.58643e-07,-9.3994e-27,0.00231322
0.372074,1.06156,-1.58837e-07,-9.36051e-27,0.00231401
0.372274,1.06153,-1.59031e-07,-9.32163e-27,0.00231479
0.372474,1.0615,-1.59225e-07,-9.28274e-27,0.00231557
0.372675,1.06147,-1.59419e-07,-9.24386e-27,0.00231636
0.372875,1.06144,-1.59613e-07,-9.20497e-27,0.00231714
0.373075,1.06141,-1.59807e-07,-9.16609e-27,0.00231792
0.373275,1.06138,-1.60001e-07,-9.1272e-27,0.00231871
0.373475,1.06135,-1.60195e-07,-9.08832e-27,0.00231949
0.373675,1.06132,-1.60389e-07,-9.04943e-27,0.00232027
0.373875,1.06129,-1.60583e-07,-9.01055e-27,0.00232106
0.374075,1.06126,-1.60777e-07,-8.97166e-27,0.00232184
0.374275,1.06123,-1.60971e-07,-8.93278e-27,0.00232262
0.374475,1.0612,-1.61165e-07,-8.89389e-27,0.00232341
0.374675,1.06117,-1.61359e-07,-8.85501e-27,0.00232419
0.374875,1.06114,-1.61553e-07,-8.81612e-27,0.00232497
0.375075,1.06111,-1.61747e-07,-8.77724e-27,0.00232576
0.375275,1.06108,-1.61941e-07,-8.73835e-27,0.00232654
0.375475,1.06105,-1.62135e-07,-8.69947e-27,0.00232732
0.375675,1.06102,-1.62329e-07,-8.66058e-27,0.00232811
0.375875,1.06099,-1.62523e-07,-8.6217e-27,0.00232889
0.376075,1.06096,-1.62717e-07,-8.58281e-27,0.00232967
0.376275,1.06093,-1.62911e-07,-8.54393e-27,0.00233046
0.376475,1.0609,-1.63105e-07,-8.50504e-27,0.00233124
0.376675,1.06087,-1.63298e-07,-8.46616e-27,0.00233202
0.376875,1.06084,-1.63492e-07,-8.42727e-27,0.00233281
0.377075,1.06081,-1.63686e-07,-8.38839e-27,0.00233359
0.377275,1.06078,-1.6388e-07,-8.3495e-27,0.00233437
0.377475,1.06075,-1.64074e-07,-8.31062e-27,0.00233516
0.377676,1.06072,-1.64268e-07,-8.27173e-27,0.00233594
0.377876,1.06069,-1.64462e-07,-8.23285e-27,0.00233672
0.378076,1.06066,-1.64656e-07,-8.19396e-27,0.00233751
0.378276,1.06063,-1.6485e-07,-8.15508e-27,0.00233829
0.378476,1.0606,-1.65044e-07,-8.11619e-27,0.00233907
0.378676,1.06057,-1.65238e-07,-8.07731e-27,0.00233986
0.378876,1.06054,-1.65432e-07,-8.03842e-27,0.00234064
0.379076,1.06051,-1.65626e-07,-7.99954e-27,0.00234142
0.379276,1.06048,-1.6582e-07,-7.96065e-27,0.00234221
0.379476,1.06045,-1.66014e-07,-7.92177e-27,0.00234299
0.379676,1.06042,-1.66208e-07,-7.88288e-27,0.00234377
0.379876,1.06038,-1.66402e-07,-7.844e-27,0.00234456
0.380076,1.06035,-1.66596e-07,-7.80511e-27,0.00234534
0.380276,1.06032,-1.6679e-07,-7.76623e-27,0.00234612
0.380476,1.06029,-1.66984e-07,-7.72734e-27,0.00234691
0.380676,1.06026,-1.67178e-07,-7.68846e-27,0.00234769
0.380876,1.06023,-1.67372e-07,-7.64957e-27,0.00234847
0.381076,1.0602,-1.67566e-07,-7.61069e-27,0.00234926
0.381276,1.06017,-1.6776e-07,-7.5718e-27,0.00235004
0.381476,1.06014,-1.67954e-07,-7.53292e-27,0.00235082
0.381676,1.06011,-1.68148e-07,-7.49403e-27,0.00235161
0.381876,1.06008,-1.68342e-07,-7.45515e-27,0.00235239
0.382076,1.06005,-1.68536e-07,-7.41626e-27,0.00235317
0.382276,1.06002,-1.6873e-07,-7.37738e-27,0.00235396
0.382476,1.05999,-1.68943e-07,-7.39024e-27,0.00235474
0.382677,1.05996,-1.69286e-07,-7.75373e-27,0.00235555
0.382877,1.05993,-1.6963e-07,-8.11721e-27,0.00235635
0.383077,1.0599,-1.69973e-07,-8.48069e-27,0.00235716
0.383277,1.05987,-1.70317e-07,-8.84418e-27,0.00235796
0.383477,1.05983,-1.7066e-07,-9.20766e-27,0.00235877
0.383677,1.0598,-1.71004e-07,-9.57114e-27,0.00235957
0.383877,1.05977,-1.71347e-07,-9.93463e-27,0.00236037
0.384077,1.05974,-1.71691e-07,-1.02981e-26,0.00236118
0.384277,1.05971,-1.72034e-07,-1.06616e-26,0.00236198
0.384477,1.05968,-1.72378e-07,-1.10251e-26,0.00236279
0.384677,1.05964,-1.72721e-07,-1.13886e-26,0.00236359
0.384877,1.05961,-1.73064e-07,-1.1752e-26,0.0023644
0.385077,1.05958,-1.73408e-07,-1.21155e-26,0.0023652
0.385277,1.05955,-1.73751e-07,-1.2479e-26,0.00236601
0.385477,1.05952,-1.74095e-07,-1.28425e-26,0.00236681
0.385677,1.05949,-1.74438e-07,-1.3206e-26,0.00236762
0.385877,1.05945,-1.74782e-07,-1.35695e-26,0.00236842
0.386077,1.05942,-1.75125e-07,-1.39329e-26,0.00236922
0.386277,1.05939,-1.75469e-07,-1.42964e-26,0.00237003
0.386477,1.05936,-1.75812e-07,-1.46599e-26,0.00237083
0.386677,1.05933,-1.76156e-07,-1.50234e-26,0.00237164
0.386877,1.0593,-1.76499e-07,-1.53869e-26,0.00237244
0.387077,1.05926,-1.76843e-07,-1.57504e-26,0.00237325
0.387277,1.05923,-1.77186e-07,-1.61138e-26,0.00237405
0.387477,1.0592,-1.7753e-07,-1.64773e-26,0.00237486
0.387678,1.05917,-1.77873e-07,-1.68408e-26,0.00237566
0.387878,1.05914,-1.78216e-07,-1.72043e-26,0.00237646
0.388078,1.05911,-1.7856e-07,-1.75678e-26,0.00237727
0.388278,1.05907,-1.78903e-07,-1.79313e-26,0.00237807
0.388478,1.05904,-1.79247e-07,-1.82948e-26,0.00237888
0.388678,1.05901,-1.7959e-07,-1.86582e-26,0.00237968
0.388878,1.05898,-1.79934e-07,-1.90217e-26,0.00238049
0.389078,1.05895,-1.80277e-07,-1.93852e-26,0.00238129
0.389278,1.05892,-1.80621e-07,-1.97487e-26,0.0023821
0.389478,1.05888,-1.80964e-07,-2.01122e-26,0.0023829
0.389678,1.05885,-1.81308e-07,-2.04757e-26,0.00238371
0.389878,1.05882,-1.81651e-07,-2.08391e-26,0.00238451
0.390078,1.05879,-1.81995e-07,-2.12026e-26,0.00238531
0.390278,1.05876,-1.82338e-07,-2.15661e-26,0.00238612
0.390478,1.05873,-1.82682e-07,-2.19296e-26,0.00238692
0.390678,1.05869,-1.83025e-07,-2.22931e-26,0.00238773
0.390878,1.05866,-1.83368e-07,-2.26566e-26,0.00238853
0.391078,1.05863,-1.83712e-07,-2.302e-26,0.00238934
0.391278,1.0586,-1.84055e-07,-2.33835e-26,0.00239014
0.391478,1.05857,-1.84399e-07,-2.3747e-26,0.00239095
0.391678,1.05854,-1.84742e-07,-2.41105e-26,0.00239175
0.391878,1.05851,-1.85086e-07,-2.4474e-26,0.00239255
0.392078,1.05847,-1.85429e-07,-2.48375e-26,0.00239336
0.392278,1.05844,-1.85773e-07,-2.52009e-26,0.00239416
0.392478,1.05841,-1.86116e-07,-2.55644e-26,0.00239497
0.392679,1.05838,-1.8646e-07,-2.59279e-26,0.00239577
0.392879,1.05835,-1.86803e-07,-2.62914e-26,0.00239658
0.393079,1.05832,-1.87147e-07,-2.66549e-26,0.00239738
0.393279,1.05828,-1.8749e-07,-2.70184e-26,0.00239819
0.393479,1.05825,-1.87834e-07,-2.73818e-26,0.00239899
0.393679,1.05822,-1.88177e-07,-2.77453e-26,0.0023998
0.393879,1.05819,-1.88521e-07,-2.81088e-26,0.0024006
0.394079,1.05816,-1.88864e-07,-2.84723e-26,0.0024014
0.394279,1.05813,-1.89207e-07,-2.88358e-26,0.00240221
0.394479,1.05809,-1.89551e-07,-2.91993e-26,0.00240301
0.394679,1.05806,-1.89894e-07,-2.95627e-26,0.00240382
0.394879,1.05803,-1.90238e-07,-2.99262e-26,0.00240462
0.395079,1.058,-1.90581e-07,-3.02897e-26,0.00240543
0.395279,1.05797,-1.90925e-07,-3.06532e-26,0.00240623
0.395479,1.05794,-1.91268e-07,-3.10167e-26,0.00240704
0.395679,1.0579,-1.91612e-07,-3.13802e-26,0.00240784
0.395879,1.05787,-1.91955e-07,-3.17436e-26,0.00240864
0.396079,1.05784,-1.92299e-07,-3.21071e-26,0.00240945
0.396279,1.05781,-1.92642e-07,-3.24706e-26,0.00241025
0.396479,1.05778,-1.92986e-07,-3.28341e-26,0.00241106
0.396679,1.05775,-1.93329e-07,-3.31976e-26,0.00241186
0.396879,1.05771,-1.93673e-07,-3.35611e-26,0.00241267
0.397079,1.05768,-1.94016e-07,-3.39245e-26,0.00241347
0.397279,1.05765,-1.94359e-07,-3.4288e-26,0.00241428
0.397479,1.05762,-1.94703e-07,-3.46515e-26,0.00241508
0.39768,1.05759,-1.95046e-07,-3.5015e-26,0.00241589
0.39788,1.05756,-1.9539e-07,-3.53785e-26,0.00241669
0.39808,1.05752,-1.95733e-07,-3.5742e-26,0.00241749
0.39828,1.05749,-1.96077e-07,-3.61054e-26,0.0024183
0.39848,1.05746,-1.9642e-07,-3.64689e-26,0.0024191
0.39868,1.05743,-1.96764e-07,-3.68324e-26,0.00241991
0.39888,1.0574,-1.97103e-07,-3.69265e-26,0.0024207
0.39908,1.05737,-1.97436e-07,-3.65683e-26,0.00242149
0.39928,1.05733,-1.9777e-07,-3.62101e-26,0.00242227
0.39948,1.0573,-1.98103e-07,-3.58519e-26,0.00242306
0.39968,1.05727,-1.98436e-07,-3.54938e-26,0.00242384
0.39988,1.05724,-1.98769e-07,-3.51356e-26,0.00242463
0.40008,1.05721,-1.99102e-07,-3.47774e-26,0.00242541
0.40028,1.05718,-1.99435e-07,-3.44192e-26,0.00242619
0.40048,1.05715,-1.99768e-07,-3.4061e-26,0.00242698
0.40068,1.05711,-2.00102e-07,-3.37029e-26,0.00242776
0.40088,1.05708,-2.00435e-07,-3.33447e-26,0.00242855
0.40108,1.05705,-2.00768e-07,-3.29865e-26,0.00242933
0.40128,1.05702,-2.01101e-07,-3.26283e-26,0.00243012
0.40148,1.05699,-2.01434e-07,-3.22701e-26,0.0024309
0.40168,1.05696,-2.01767e-07,-3.1912e-26,0.00243168
0.40188,1.05692,-2.021e-07,-3.15538e-26,0.00243247
0.40208,1.05689,-2.02434e-07,-3.11956e-26,0.00243325
0.40228,1.05686,-2.02767e-07,-3.08374e-26,0.00243404
0.40248,1.05683,-2.031e-07,-3.04792e-26,0.00243482
0.402681,1.0568,-2.03433e-07,-3.01211e-26,0.0024356
0.402881,1.05677,-2.03766e-07,-2.97629e-26,0.00243639
0.403081,1.05674,-2.04099e-07,-2.94047e-26,0.00243717
0.403281,1.0567,-2.04432e-07,-2.90465e-26,0.00243796
0.403481,1.05667,-2.04766e-07,-2.86883e-26,0.00243874
0.403681,1.05664,-2.05099e-07,-2.83302e-26,0.00243953
0.403881,1.05661,-2.05432e-07,-2.7972e-26,0.00244031
0.404081,1.05658,-2.05765e-07,-2.76138e-26,0.00244109
0.404281,1.05655,-2.06098e-07,-2.72556e-26,0.00244188
0.404481,1.05651,-2.06431e-07,-2.68974e-26,0.00244266
0.404681,1.05648,-2.06764e-07,-2.65393e-26,0.00244345
0.404881,1.05645,-2.07097e-07,-2.61811e-26,0.00244423
0.405081,1.05642,-2.07431e-07,-2.58229e-26,0.00244501
0.405281,1.05639,-2.07764e-07,-2.54647e-26,0.0024458
0.405481,1.05636,-2.08097e-07,-2.51065e-26,0.00244658
0.405681,1.05633,-2.0843e-07,-2.47484e-26,0.00244737
0.405881,1.05629,-2.08763e-07,-2.43902e-26,0.00244815
0.406081,1.05626,-2.09096e-07,-2.4032e-26,0.00244894
0.406281,1.05623,-2.09429e-07,-2.36738e-26,0.00244972
0.406481,1.0562,-2.09763e-07,-2.33156e-26,0.0024505
0.406681,1.05617,-2.10096e-07,-2.29575e-26,0.00245129
0.406881,1.05614,-2.10429e-07,-2.25993e-26,0.00245207
0.407081,1.0561,-2.1078e-07,-2.22218e-26,0.0024529
0.407281,1.05607,-2.11149e-07,-2.18246e-26,0.00245377
0.407481,1.05603,-2.11519e-07,-2.14275e-26,0.00245464
0.407682,1.056,-2.11888e-07,-2.10303e-26,0.00245551
0.407882,1.05596,-2.12258e-07,-2.06331e-26,0.00245638
0.408082,1.05593,-2.12627e-07,-2.0236e-26,0.00245725
0.408282,1.05589,-2.12996e-07,-1.98388e-26,0.00245812
0.408482,1.05586,-2.13366e-07,-1.94417e-26,0.00245899
0.408682,1.05582,-2.13735e-07,-1.90445e-26,0.00245985
0.408882,1.05579,-2.14105e-07,-1.86473e-26,0.00246072
0.409082,1.05575,-2.14474e-07,-1.82502e-26,0.00246159
0.409282,1.05572,-2.14843e-07,-1.7853e-26,0.00246246
0.409482,1.05568,-2.15213e-07,-1.74559e-26,0.00246333
0.409682,1.05565,-2.15582e-07,-1.70587e-26,0.0024642
0.409882,1.05561,-2.15951e-07,-1.66616e-26,0.00246507
0.410082,1.05558,-2.16321e-07,-1.62644e-26,0.00246594
0.410282,1.05554,-2.1669e-07,-1.58672e-26,0.00246681
0.410482,1.05551,-2.1706e-07,-1.54701e-26,0.00246768
0.410682,1.05547,-2.17429e-07,-1.50729e-26,0.00246855
0.410882,1.05544,-2.17798e-07,-1.46758e-26,0.00246942
0.411082,1.0554,-2.18168e-07,-1.42786e-26,0.00247029
0.411282,1.05537,-2.18537e-07,-1.38814e-26,0.00247116
0.411482,1.05533,-2.18907e-07,-1.34843e-26,0.00247203
0.411682,1.0553,-2.19276e-07,-1.30871e-26,0.0024729
0.411882,1.05526,-2.19645e-07,-1.269e-26,0.00247377
0.412082,1.05523,-2.20015e-07,-1.22928e-26,0.00247464
0.412282,1.05519,-2.20384e-07,-1.18956e-26,0.00247551
0.412482,1.05516,-2.20754e-07,-1.14985e-26,0.00247638
0.412683,1.05512,-2.21123e-07,-1.11013e-26,0.00247725
0.412883,1.05509,-2.21492e-07,-1.07042e-26,0.00247811
0.413083,1.05505,-2.21862e-07,-1.0307e-26,0.00247898
0.413283,1.05502,-2.22231e-07,-9.90985e-27,0.00247985
0.413483,1.05498,-2.22601e-07,-9.51269e-27,0.00248072
0.413683,1.05495,-2.2297e-07,-9.11553e-27,0.00248159
0.413883,1.05491,-2.23339e-07,-8.71837e-27,0.00248246
0.414083,1.05488,-2.23709e-07,-8.32121e-27,0.00248333
0.414283,1.05484,-2.24078e-07,-7.92405e-27,0.0024842
0.414483,1.05481,-2.24508e-07,-7.24459e-27,0.00248505
0.414683,1.05478,-2.2497e-07,-6.41421e-27,0.00248589
0.414883,1.05474,-2.25432e-07,-5.58383e-27,0.00248674
0.415083,1.05471,-2.25894e-07,-4.75344e-27,0.00248758
0.415283,1.05467,-2.26356e-07,-3.92306e-27,0.00248842
0.415483,1.05464,-2.26818e-07,-3.09268e-27,0.00248926
0.415683,1.0546,-2.27281e-07,-2.26229e-27,0.0024901
0.415883,1.05457,-2.27743e-07,-1.43191e-27,0.00249095
0.416083,1.05453,-2.28205e-07,-6.01525e-28,0.00249179
0.416283,1.0545,-2.28667e-07,2.28859e-28,0.00249263
0.416483,1.05446,-2.29129e-07,1.05924e-27,0.00249347
0.416683,1.05443,-2.29591e-07,1.88963e-27,0.00249431
0.416883,1.0544,-2.30053e-07,2.72001e-27,0.00249516
0.417083,1.05436,-2.30515e-07,3.55039e-27,0.002496
0.417283,1.05433,-2.30977e-07,4.38078e-27,0.00249684
0.417483,1.05429,-2.3144e-07,5.21116e-27,0.00249768
0.417684,1.05426,-2.31902e-07,6.04154e-27,0.00249852
0.417884,1.05422,-2.32364e-07,6.87193e-27,0.00249937
0.418084,1.05419,-2.32826e-07,7.70231e-27,0.00250021
0.418284,1.05415,-2.33288e-07,8.53269e-27,0.00250105
0.418484,1.05412,-2.3375e-07,9.36308e-27,0.00250189
0.418684,1.05409,-2.34212e-07,1.01935e-26,0.00250273
0.418884,1.05405,-2.34674e-07,1.10238e-26,0.00250358
0.419084,1.05402,-2.35137e-07,1.18542e-26,0.00250442
0.419284,1.05398,-2.35599e-07,1.26846e-26,0.00250526
0.419484,1.05395,-2.36061e-07,1.3515e-26,0.0025061
0.419684,1.05391,-2.36523e-07,1.43454e-26,0.00250694
0.419884,1.05388,-2.36985e-07,1.51758e-26,0.00250778
0.420084,1.05384,-2.37447e-07,1.60061e-26,0.00250863
0.420284,1.05381,-2.37909e-07,1.68365e-26,0.00250947
0.420484,1.05377,-2.38371e-07,1.76669e-26,0.00251031
0.420684,1.05374,-2.38833e-07,1.84973e-26,0.00251115
0.420884,1.05371,-2.39296e-07,1.93277e-26,0.00251199
0.421084,1.05367,-2.39758e-07,2.01581e-26,0.00251284
0.421284,1.05364,-2.4022e-07,2.09884e-26,0.00251368
0.421484,1.0536,-2.40682e-07,2.18188e-26,0.00251452
0.421684,1.05357,-2.41144e-07,2.26492e-26,0.00251536
0.421884,1.05353,-2.41606e-07,2.34796e-26,0.0025162
0.422084,1.0535,-2.42068e-07,2.431e-26,0.00251705
0.422284,1.05346,-2.4253e-07,2.51404e-26,0.00251789
0.422484,1.05343,-2.42992e-07,2.59708e-26,0.00251873
0.422685,1.05339,-2.43455e-07,2.68011e-26,0.00251957
0.422885,1.05336,-2.43917e-07,2.76315e-26,0.00252041
0.423085,1.05333,-2.44379e-07,2.84619e-26,0.00252126
0.423285,1.05329,-2.44841e-07,2.92923e-26,0.0025221
0.423485,1.05326,-2.45303e-07,3.01227e-26,0.00252294
0.423685,1.05322,-2.45765e-07,3.09531e-26,0.00252378
0.423885,1.05319,-2.46227e-07,3.17834e-26,0.00252462
0.424085,1.05315,-2.46689e-07,3.26138e-26,0.00252546
0.424285,1.05312,-2.47151e-07,3.34442e-26,0.00252631
0.424485,1.05308,-2.47614e-07,3.42746e-26,0.00252715
0.424685,1.05305,-2.48076e-07,3.5105e-26,0.00252799
0.424885,1.05301,-2.48538e-07,3.59354e-26,0.00252883
0.425085,1.05298,-2.49e-07,3.67657e-26,0.00252967
0.425285,1.05295,-2.49462e-07,3.75961e-26,0.00253052
0.425485,1.05291,-2.49924e-07,3.84265e-26,0.00253136
0.425685,1.05288,-2.50386e-07,3.92569e-26,0.0025322
0.425885,1.05284,-2.50848e-07,4.00873e-26,0.00253304
0.426085,1.05281,-2.5131e-07,4.09177e-26,0.00253388
0.426285,1.05277,-2.51773e-07,4.1748e-26,0.00253473
0.426485,1.05274,-2.52235e-07,4.25784e-26,0.00253557
0.426685,1.0527,-2.52697e-07,4.34088e-26,0.00253641
0.426885,1.05267,-2.53159e-07,4.42392e-26,0.00253725
0.427085,1.05263,-2.53621e-07,4.50696e-26,0.00253809
0.427285,1.0526,-2.54083e-07,4.59e-26,0.00253894
0.427485,1.05257,-2.54545e-07,4.67303e-26,0.00253978
0.427686,1.05253,-2.55007e-07,4.75607e-26,0.00254062
0.427886,1.0525,-2.5547e-07,4.83911e-26,0.00254146
0.428086,1.05246,-2.55932e-07,4.92215e-26,0.0025423
0.428286,1.05243,-2.56394e-07,5.00519e-26,0.00254314
0.428486,1.05239,-2.56856e-07,5.08823e-26,0.00254399
0.428686,1.05236,-2.57318e-07,5.17126e-26,0.00254483
0.428886,1.05232,-2.5778e-07,5.2543e-26,0.00254567
0.429086,1.05229,-2.58242e-07,5.33734e-26,0.00254651
0.429286,1.05225,-2.5864e-07,5.36822e-26,0.00254737
0.429486,1.05222,-2.59036e-07,5.39712e-26,0.00254823
0.429686,1.05218,-2.59432e-07,5.42602e-26,0.00254909
0.429886,1.05215,-2.59828e-07,5.45492e-26,0.00254995
0.430086,1.05211,-2.60224e-07,5.48382e-26,0.0025508
0.430286,1.05207,-2.6062e-07,5.51272e-26,0.00255166
0.430486,1.05204,-2.61015e-07,5.54162e-26,0.00255252
0.430686,1.052,-2.61411e-07,5.57053e-26,0.00255338
0.430886,1.05197,-2.61807e-07,5.59943e-26,0.00255424
0.431086,1.05193,-2.62203e-07,5.62833e-26,0.0025551
0.431286,1.05189,-2.62599e-07,5.65723e-26,0.00255595
0.431486,1.05186,-2.62995e-07,5.68613e-26,0.00255681
0.431686,1.05182,-2.6339e-07,5.71503e-26,0.00255767
0.431886,1.05179,-2.63786e-07,5.74393e-26,0.00255853
0.432086,1.05175,-2.64182e-07,5.77283e-26,0.00255939
0.432286,1.05171,-2.64578e-07,5.80173e-26,0.00256025
0.432486,1.05168,-2.64974e-07,5.83063e-26,0.0025611
0.432687,1.05164,-2.65369e-07,5.85954e-26,0.00256196
0.432887,1.05161,-2.65765e-07,5.88844e-26,0.00256282
0.433087,1.05157,-2.66161e-07,5.91734e-26,0.00256368
0.433287,1.05153,-2.66557e-07,5.94624e-26,0.00256454
0.433487,1.0515,-2.66953e-07,5.97514e-26,0.0025654
0.433687,1.05146,-2.67349e-07,6.00404e-26,0.00256625
0.433887,1.05143,-2.67744e-07,6.03294e-26,0.00256711
0.434087,1.05139,-2.6814e-07,6.06184e-26,0.00256797
0.434287,1.05135,-2.68536e-07,6.09074e-26,0.00256883
0.434487,1.05132,-2.68932e-07,6.11965e-26,0.00256969
0.434687,1.05128,-2.69328e-07,6.14855e-26,0.00257055
0.434887,1.05125,-2.69724e-07,6.17745e-26,0.0025714
0.435087,1.05121,-2.70119e-07,6.20635e-26,0.00257226
0.435287,1.05117,-2.70515e-07,6.23525e-26,0.00257312
0.435487,1.05114,-2.70911e-07,6.26415e-26,0.00257398
0.435687,1.0511,-2.71307e-07,6.29305e-26,0.00257484
0.435887,1.05107,-2.71703e-07,6.32195e-26,0.0025757
0.436087,1.05103,-2.72098e-07,6.35085e-26,0.00257655
0.436287,1.05099,-2.72494e-07,6.37975e-26,0.00257741
0.436487,1.05096,-2.7289e-07,6.40866e-26,0.00257827
0.436687,1.05092,-2.73286e-07,6.43756e-26,0.00257913
0.436887,1.05089,-2.73682e-07,6.46646e-26,0.00257999
0.437087,1.05085,-2.74078e-07,6.49536e-26,0.00258085
0.437287,1.05082,-2.74473e-07,6.52426e-26,0.0025817
0.437487,1.05078,-2.74869e-07,6.55316e-26,0.00258256
0.437688,1.05074,-2.75265e-07,6.58206e-26,0.00258342
0.437888,1.05071,-2.75661e-07,6.61096e-26,0.00258428
0.438088,1.05067,-2.76057e-07,6.63986e-26,0.00258514
0.438288,1.05064,-2.76453e-07,6.66876e-26,0.002586
0.438488,1.0506,-2.76848e-07,6.69767e-26,0.00258685
0.438688,1.05056,-2.77244e-07,6.72657e-26,0.00258771
0.438888,1.05053,-2.7764e-07,6.75547e-26,0.00258857
0.439088,1.05049,-2.78036e-07,6.78437e-26,0.00258943
0.439288,1.05046,-2.78432e-07,6.81327e-26,0.00259029
0.439488,1.05042,-2.78827e-07,6.84217e-26,0.00259115
0.439688,1.05038,-2.79223e-07,6.87107e-26,0.002592
0.439888,1.05035,-2.79619e-07,6.89997e-26,0.00259286
0.440088,1.05031,-2.80015e-07,6.92887e-26,0.00259372
0.440288,1.05028,-2.80411e-07,6.95778e-26,0.00259458
0.440488,1.05024,-2.80807e-07,6.98668e-26,0.00259544
0.440688,1.0502,-2.81202e-07,7.01558e-26,0.0025963
0.440888,1.05017,-2.81598e-07,7.04448e-26,0.00259715
0.441088,1.05013,-2.81994e-07,7.07338e-26,0.00259801
0.441288,1.0501,-2.8239e-07,7.10228e-26,0.00259887
0.441488,1.05006,-2.82786e-07,7.13118e-26,0.00259973
0.441688,1.05002,-2.83182e-07,7.16008e-26,0.00260059
0.441888,1.04999,-2.83577e-07,7.18898e-26,0.00260145
0.442088,1.04995,-2.83973e-07,7.21788e-26,0.0026023
0.442288,1.04992,-2.84369e-07,7.24679e-26,0.00260316
0.442488,1.04988,-2.84765e-07,7.27569e-26,0.00260402
0.442689,1.04984,-2.85161e-07,7.30459e-26,0.00260488
0.442889,1.04981,-2.85556e-07,7.33349e-26,0.00260574
0.443089,1.04977,-2.85952e-07,7.36239e-26,0.0026066
0.443289,1.04974,-2.86348e-07,7.39129e-26,0.00260745
0.443489,1.0497,-2.86744e-07,7.42019e-26,0.00260831
0.443689,1.04966,-2.8714e-07,7.44909e-26,0.00260917
0.443889,1.04963,-2.87579e-07,9.55452e-26,0.00261003
0.444089,1.04959,-2.88131e-07,1.71246e-25,0.00261091
0.444289,1.04955,-2.88683e-07,2.46946e-25,0.00261178
0.444489,1.04952,-2.89236e-07,3.22647e-25,0.00261266
0.444689,1.04948,-2.89788e-07,3.98347e-25,0.00261353
0.444889,1.04944,-2.9034e-07,4.74048e-25,0.0026144
0.445089,1.0494,-2.90893e-07,5.49748e-25,0.00261528
0.445289,1.04937,-2.91445e-07,6.25449e-25,0.00261615
0.445489,1.04933,-2.91997e-07,7.01149e-25,0.00261703
0.445689,1.04929,-2.9255e-07,7.7685e-25,0.0026179
0.445889,1.04925,-2.93102e-07,8.5255e-25,0.00261877
0.446089,1.04922,-2.93654e-07,9.28251e-25,0.00261965
0.446289,1.04918,-2.94207e-07,1.00395e-24,0.00262052
0.446489,1.04914,-2.94759e-07,1.07965e-24,0.0026214
0.446689,1.0491,-2.95311e-07,1.15535e-24,0.00262227
0.446889,1.04907,-2.95864e-07,1.23105e-24,0.00262314
0.447089,1.04903,-2.96416e-07,1.30675e-24,0.00262402
0.447289,1.04899,-2.96968e-07,1.38245e-24,0.00262489
0.447489,1.04895,-2.97521e-07,1.45815e-24,0.00262577
0.44769,1.04892,-2.98073e-07,1.53385e-24,0.00262664
0.44789,1.04888,-2.98625e-07,1.60956e-24,0.00262751
0.44809,1.04884,-2.99178e-07,1.68526e-24,0.00262839
0.44829,1.0488,-2.9973e-07,1.76096e-24,0.00262926
0.44849,1.04877,-3.00282e-07,1.83666e-24,0.00263014
0.44869,1.04873,-3.00835e-07,1.91236e-24,0.00263101
0.44889,1.04869,-3.01387e-07,1.98806e-24,0.00263188
0.44909,1.04866,-3.01939e-07,2.06376e-24,0.00263276
0.44929,1.04862,-3.02492e-07,2.13946e-24,0.00263363
0.44949,1.04858,-3.03044e-07,2.21516e-24,0.00263451
0.44969,1.04854,-3.03596e-07,2.29086e-24,0.00263538
0.44989,1.04851,-3.04149e-07,2.36656e-24,0.00263625
0.45009,1.04847,-3.04701e-07,2.44226e-24,0.00263713
0.45029,1.04843,-3.05253e-07,2.51796e-24,0.002638
0.45049,1.04839,-3.05805e-07,2.59366e-24,0.00263888
0.45069,1.04836,-3.06358e-07,2.66936e-24,0.00263975
0.45089,1.04832,-3.0691e-07,2.74506e-24,0.00264062
0.45109,1.04828,-3.07462e-07,2.82076e-24,0.0026415
0.45129,1.04824,-3.08015e-07,2.89646e-24,0.00264237
0.45149,1.04821,-3.08567e-07,2.97216e-24,0.00264325
0.45169,1.04817,-3.09119e-07,3.04787e-24,0.00264412
0.45189,1.04813,-3.09672e-07,3.12357e-24,0.00264499
0.45209,1.04809,-3.10224e-07,3.19927e-24,0.00264587
0.45229,1.04806,-3.10776e-07,3.27497e-24,0.00264674
0.45249,1.04802,-3.11329e-07,3.35067e-24,0.00264762
0.452691,1.04798,-3.11881e-07,3.42637e-24,0.00264849
0.452891,1.04794,-3.12433e-07,3.50207e-24,0.00264936
0.453091,1.04791,-3.12986e-07,3.57777e-24,0.00265024
0.453291,1.04787,-3.13538e-07,3.65347e-24,0.00265111
0.453491,1.04783,-3.1409e-07,3.72917e-24,0.00265199
0.453691,1.04779,-3.14643e-07,3.80487e-24,0.00265286
0.453891,1.04776,-3.15195e-07,3.88057e-24,0.00265373
0.454091,1.04772,-3.15747e-07,3.95627e-24,0.00265461
0.454291,1.04768,-3.163e-07,4.03197e-24,0.00265548
0.454491,1.04765,-3.16852e-07,4.10767e-24,0.00265636
0.454691,1.04761,-3.17404e-07,4.18337e-24,0.00265723
0.454891,1.04757,-3.17957e-07,4.25907e-24,0.0026581
0.455091,1.04753,-3.18509e-07,4.33477e-24,0.00265898
0.455291,1.0475,-3.19061e-07,4.41047e-24,0.00265985
0.455491,1.04746,-3.19614e-07,4.48618e-24,0.00266073
0.455691,1.04742,-3.20166e-07,4.56188e-24,0.0026616
0.455891,1.04738,-3.20718e-07,4.63758e-24,0.00266248
0.456091,1.04735,-3.21271e-07,4.71328e-24,0.00266335
0.456291,1.04731,-3.21823e-07,4.78898e-24,0.00266422
0.456491,1.04727,-3.22375e-07,4.86468e-24,0.0026651
0.456691,1.04723,-3.22928e-07,4.94038e-24,0.00266597
0.456891,1.0472,-3.2348e-07,5.01608e-24,0.00266685
0.457091,1.04716,-3.24032e-07,5.09178e-24,0.00266772
0.457291,1.04712,-3.24585e-07,5.16748e-24,0.00266859
0.457491,1.04708,-3.25137e-07,5.24318e-24,0.00266947
0.457692,1.04705,-3.25689e-07,5.31888e-24,0.00267034
0.457892,1.04701,-3.26242e-07,5.39458e-24,0.00267122
0.458092,1.04697,-3.26794e-07,5.47028e-24,0.00267209
0.458292,1.04693,-3.27346e-07,5.54598e-24,0.00267296
0.458492,1.0469,-3.27899e-07,5.62168e-24,0.00267384
0.458692,1.04686,-3.2844e-07,5.61822e-24,0.00267469
0.458892,1.04682,-3.28973e-07,5.55912e-24,0.00267554
0.459092,1.04679,-3.29507e-07,5.50001e-24,0.00267639
0.459292,1.04675,-3.3004e-07,5.44091e-24,0.00267723
0.459492,1.04671,-3.30574e-07,5.3818e-24,0.00267808
0.459692,1.04667,-3.31107e-07,5.32269e-24,0.00267892
0.459892,1.04664,-3.3164e-07,5.26359e-24,0.00267977
0.460092,1.0466,-3.32174e-07,5.20448e-24,0.00268061
0.460292,1.04656,-3.32707e-07,5.14538e-24,0.00268146
0.460492,1.04653,-3.33241e-07,5.08627e-24,0.0026823
0.460692,1.04649,-3.33774e-07,5.02717e-24,0.00268315
0.460892,1.04645,-3.34308e-07,4.96806e-24,0.00268399
0.461092,1.04642,-3.34841e-07,4.90896e-24,0.00268484
0.461292,1.04638,-3.35375e-07,4.84985e-24,0.00268568
0.461492,1.04634,-3.35908e-07,4.79075e-24,0.00268653
0.461692,1.0463,-3.36442e-07,4.73164e-24,0.00268738
0.461892,1.04627,-3.36975e-07,4.67254e-24,0.00268822
0.462092,1.04623,-3.37508e-07,4.61343e-24,0.00268907
0.462292,1.04619,-3.38042e-07,4.55432e-24,0.00268991
0.462492,1.04616,-3.38575e-07,4.49522e-24,0.00269076
0.462693,1.04612,-3.39109e-07,4.43611e-24,0.0026916
0.462893,1.04608,-3.39642e-07,4.37701e-24,0.00269245
0.463093,1.04605,-3.40176e-07,4.3179e-24,0.00269329
0.463293,1.04601,-3.40709e-07,4.2588e-24,0.00269414
0.463493,1.04597,-3.41243e-07,4.19969e-24,0.00269498
0.463693,1.04593,-3.41776e-07,4.14059e-24,0.00269583
0.463893,1.0459,-3.42309e-07,4.08148e-24,0.00269667
0.464093,1.04586,-3.42843e-07,4.02238e-24,0.00269752
0.464293,1.04582,-3.43376e-07,3.96327e-24,0.00269837
0.464493,1.04579,-3.4391e-07,3.90417e-24,0.00269921
0.464693,1.04575,-3.44443e-07,3.84506e-24,0.00270006
0.464893,1.04571,-3.44977e-07,3.78595e-24,0.0027009
0.465093,1.04568,-3.4551e-07,3.72685e-24,0.00270175
0.465293,1.04564,-3.46044e-07,3.66774e-24,0.00270259
0.465493,1.0456,-3.46577e-07,3.60864e-24,0.00270344
0.465693,1.04556,-3.4711e-07,3.54953e-24,0.00270428
0.465893,1.04553,-3.47644e-07,3.49043e-24,0.00270513
0.466093,1.04549,-3.48221e-07,3.42654e-24,0.00270604
0.466293,1.04545,-3.48812e-07,3.36099e-24,0.00270698
0.466493,1.04541,-3.49404e-07,3.29545e-24,0.00270792
0.466693,1.04536,-3.49995e-07,3.2299e-24,0.00270885
0.466893,1.04532,-3.50587e-07,3.16436e-24,0.00270979
0.467093,1.04528,-3.51178e-07,3.09881e-24,0.00271073
0.467293,1.04524,-3.5177e-07,3.03327e-24,0.00271167
0.467493,1.0452,-3.52362e-07,2.96772e-24,0.0027126
0.467694,1.04516,-3.52953e-07,2.90218e-24,0.00271354
0.467894,1.04512,-3.53545e-07,2.83663e-24,0.00271448
0.468094,1.04508,-3.54136e-07,2.77109e-24,0.00271542
0.468294,1.04504,-3.54728e-07,2.70554e-24,0.00271635
0.468494,1.04499,-3.55319e-07,2.64e-24,0.00271729
0.468694,1.04495,-3.55911e-07,2.57446e-24,0.00271823
0.468894,1.04491,-3.56502e-07,2.50891e-24,0.00271917
0.469094,1.04487,-3.57094e-07,2.44337e-24,0.0027201
0.469294,1.04483,-3.57686e-07,2.37782e-24,0.00272104
0.469494,1.04479,-3.58277e-07,2.31228e-24,0.00272198
0.469694,1.04475,-3.58869e-07,2.24673e-24,0.00272292
0.469894,1.04471,-3.5946e-07,2.18119e-24,0.00272385
0.470094,1.04467,-3.60052e-07,2.11564e-24,0.00272479
0.470294,1.04463,-3.60643e-07,2.0501e-24,0.00272573
0.470494,1.04458,-3.61235e-07,1.98455e-24,0.00272667
0.470694,1.04454,-3.61827e-07,1.91901e-24,0.0027276
0.470894,1.0445,-3.62418e-07,1.85346e-24,0.00272854
0.471094,1.04446,-3.6301e-07,1.78792e-24,0.00272948
0.471294,1.04442,-3.63601e-07,1.72237e-24,0.00273042
0.471494,1.04438,-3.64193e-07,1.65683e-24,0.00273135
0.471694,1.04434,-3.64784e-07,1.59128e-24,0.00273229
0.471894,1.0443,-3.65376e-07,1.52574e-24,0.00273323
0.472094,1.04426,-3.65968e-07,1.46019e-24,0.00273417
0.472294,1.04422,-3.66559e-07,1.39465e-24,0.0027351
0.472494,1.04417,-3.67151e-07,1.3291e-24,0.00273604
0.472695,1.04413,-3.678e-07,1.23257e-24,0.00273696
0.472895,1.04409,-3.68499e-07,1.10906e-24,0.00273786
0.473095,1.04405,-3.69199e-07,9.85548e-25,0.00273876
0.473295,1.04401,-3.69898e-07,8.62038e-25,0.00273967
0.473495,1.04397,-3.70598e-07,7.38527e-25,0.00274057
0.473695,1.04393,-3.71297e-07,6.15017e-25,0.00274147
0.473895,1.04389,-3.71997e-07,4.91507e-25,0.00274237
0.474095,1.04385,-3.72696e-07,3.67996e-25,0.00274327
0.474295,1.04381,-3.73396e-07,2.44486e-25,0.00274418
0.474495,1.04377,-3.74095e-07,1.20976e-25,0.00274508
0.474695,1.04373,-3.74795e-07,-2.5347e-27,0.00274598
0.474895,1.04369,-3.75494e-07,-1.26045e-25,0.00274688
0.475095,1.04365,-3.76194e-07,-2.49555e-25,0.00274778
0.475295,1.04361,-3.76893e-07,-3.73066e-25,0.00274869
0.475495,1.04357,-3.77593e-07,-4.96576e-25,0.00274959
0.475695,1.04353,-3.78292e-07,-6.20086e-25,0.00275049
0.475895,1.04349,-3.78992e-07,-7.43597e-25,0.00275139
0.476095,1.04345,-3.79691e-07,-8.67107e-25,0.00275229
0.476295,1.04341,-3.80391e-07,-9.90617e-25,0.0027532
0.476495,1.04337,-3.8109e-07,-1.11413e-24,0.0027541
0.476695,1.04333,-3.8179e-07,-1.23764e-24,0.002755
0.476895,1.04329,-3.82489e-07,-1.36115e-24,0.0027559
0.477095,1.04325,-3.83188e-07,-1.48466e-24,0.0027568
0.477295,1.04321,-3.83888e-07,-1.60817e-24,0.00275771
0.477495,1.04317,-3.84587e-07,-1.73168e-24,0.00275861
0.477696,1.04313,-3.85287e-07,-1.85519e-24,0.00275951
0.477896,1.04309,-3.85986e-07,-1.9787e-24,0.00276041
0.478096,1.04304,-3.86686e-07,-2.10221e-24,0.00276131
0.478296,1.043,-3.87385e-07,-2.22572e-24,0.00276222
0.478496,1.04296,-3.88085e-07,-2.34923e-24,0.00276312
0.478696,1.04292,-3.88784e-07,-2.47274e-24,0.00276402
0.478896,1.04288,-3.89484e-07,-2.59625e-24,0.00276492
0.479096,1.04284,-3.90183e-07,-2.71976e-24,0.00276582
0.479296,1.0428,-3.90883e-07,-2.84327e-24,0.00276673
0.479496,1.04276,-3.91582e-07,-2.96678e-24,0.00276763
0.479696,1.04272,-3.92282e-07,-3.09029e-24,0.00276853
0.479896,1.04268,-3.92981e-07,-3.2138e-24,0.00276943
0.480096,1.04264,-3.93681e-07,-3.33731e-24,0.00277033
0.480296,1.0426,-3.9438e-07,-3.46082e-24,0.00277124
0.480496,1.04256,-3.9508e-07,-3.58433e-24,0.00277214
0.480696,1.04252,-3.95779e-07,-3.70784e-24,0.00277304
0.480896,1.04248,-3.96479e-07,-3.83136e-24,0.00277394
0.481096,1.04244,-3.97178e-07,-3.95487e-24,0.00277484
0.481296,1.0424,-3.97878e-07,-4.07838e-24,0.00277575
0.481496,1.04236,-3.98577e-07,-4.20189e-24,0.00277665
0.481696,1.04232,-3.99277e-07,-4.3254e-24,0.00277755
0.481896,1.04228,-3.99976e-07,-4.44891e-24,0.00277845
0.482096,1.04224,-4.00675e-07,-4.57242e-24,0.00277935
0.482296,1.0422,-4.01375e-07,-4.69593e-24,0.00278025
0.482496,1.04216,-4.02074e-07,-4.81944e-24,0.00278116
0.482697,1.04212,-4.02774e-07,-4.94295e-24,0.00278206
0.482897,1.04208,-4.03473e-07,-5.06646e-24,0.00278296
0.483097,1.04204,-4.04173e-07,-5.18997e-24,0.00278386
0.483297,1.042,-4.04872e-07,-5.31348e-24,0.00278476
0.483497,1.04196,-4.05572e-07,-5.43699e-24,0.00278567
0.483697,1.04192,-4.06271e-07,-5.5605e-24,0.00278657
0.483897,1.04188,-4.06971e-07,-5.68401e-24,0.00278747
0.484097,1.04184,-4.0767e-07,-5.80752e-24,0.00278837
0.484297,1.04179,-4.0837e-07,-5.93103e-24,0.00278927
0.484497,1.04175,-4.09069e-07,-6.05454e-24,0.00279018
0.484697,1.04171,-4.09769e-07,-6.17805e-24,0.00279108
0.484897,1.04167,-4.10468e-07,-6.30156e-24,0.00279198
0.485097,1.04163,-4.11168e-07,-6.42507e-24,0.00279288
0.485297,1.04159,-4.11867e-07,-6.54858e-24,0.00279378
0.485497,1.04155,-4.12567e-07,-6.67209e-24,0.00279469
0.485697,1.04151,-4.13266e-07,-6.7956e-24,0.00279559
0.485897,1.04147,-4.13959e-07,-6.89235e-24,0.00279649
0.486097,1.04143,-4.14598e-07,-6.7884e-24,0.00279741
0.486297,1.04139,-4.15237e-07,-6.68444e-24,0.00279832
0.486497,1.04135,-4.15877e-07,-6.58048e-24,0.00279923
0.486697,1.04131,-4.16516e-07,-6.47652e-24,0.00280015
0.486897,1.04126,-4.17156e-07,-6.37256e-24,0.00280106
0.487097,1.04122,-4.17795e-07,-6.26861e-24,0.00280198
0.487297,1.04118,-4.18434e-07,-6.16465e-24,0.00280289
0.487497,1.04114,-4.19074e-07,-6.06069e-24,0.00280381
0.487698,1.0411,-4.19713e-07,-5.95673e-24,0.00280472
0.487898,1.04105,-4.20353e-07,-5.85277e-24,0.00280564
0.488098,1.04101,-4.20992e-07,-5.74881e-24,0.00280655
0.488298,1.04097,-4.21631e-07,-5.64486e-24,0.00280746
0.488498,1.04093,-4.22271e-07,-5.5409e-24,0.00280838
0.488698,1.04089,-4.2291e-07,-5.43694e-24,0.00280929
0.488898,1.04085,-4.2355e-07,-5.33298e-24,0.00281021
0.489098,1.0408,-4.24189e-07,-5.22902e-24,0.00281112
0.489298,1.04076,-4.24829e-07,-5.12507e-24,0.00281204
0.489498,1.04072,-4.25468e-07,-5.02111e-24,0.00281295
0.489698,1.04068,-4.26107e-07,-4.91715e-24,0.00281386
0.489898,1.04064,-4.26747e-07,-4.81319e-24,0.00281478
0.490098,1.0406,-4.27386e-07,-4.70923e-24,0.00281569
0.490298,1.04055,-4.28026e-07,-4.60528e-24,0.00281661
0.490498,1.04051,-4.28665e-07,-4.50132e-24,0.00281752
0.490698,1.04047,-4.29304e-07,-4.39736e-24,0.00281844
0.490898,1.04043,-4.29944e-07,-4.2934e-24,0.00281935
0.491098,1.04039,-4.30583e-07,-4.18944e-24,0.00282026
0.491298,1.04034,-4.31223e-07,-4.08549e-24,0.00282118
0.491498,1.0403,-4.31862e-07,-3.98153e-24,0.00282209
0.491698,1.04026,-4.32501e-07,-3.87757e-24,0.00282301
0.491898,1.04022,-4.33141e-07,-3.77361e-24,0.00282392
0.492098,1.04018,-4.3378e-07,-3.66965e-24,0.00282484
0.492298,1.04014,-4.3442e-07,-3.5657e-24,0.00282575
0.492498,1.04009,-4.35059e-07,-3.46174e-24,0.00282666
0.492699,1.04005,-4.35699e-07,-3.35778e-24,0.00282758
0.492899,1.04001,-4.36338e-07,-3.25382e-24,0.00282849
0.493099,1.03997,-4.36977e-07,-3.14986e-24,0.00282941
0.493299,1.03993,-4.37617e-07,-3.04591e-24,0.00283032
0.493499,1.03989,-4.38256e-07,-2.94195e-24,0.00283124
0.493699,1.03984,-4.38896e-07,-2.83799e-24,0.00283215
0.493899,1.0398,-4.39535e-07,-2.73403e-24,0.00283306
0.494099,1.03976,-4.40174e-07,-2.63007e-24,0.00283398
0.494299,1.03972,-4.40814e-07,-2.52612e-24,0.00283489
0.494499,1.03968,-4.41453e-07,-2.42216e-24,0.00283581
0.494699,1.03963,-4.42093e-07,-2.3182e-24,0.00283672
0.494899,1.03959,-4.42732e-07,-2.21424e-24,0.00283764
0.495099,1.03955,-4.43372e-07,-2.11028e-24,0.00283855
0.495299,1.03951,-4.44011e-07,-2.00632e-24,0.00283946
0.495499,1.03947,-4.4465e-07,-1.90237e-24,0.00284038
0.495699,1.03943,-4.4529e-07,-1.79841e-24,0.00284129
0.495899,1.03938,-4.45929e-07,-1.69445e-24,0.00284221
0.496099,1.03934,-4.46569e-07,-1.59049e-24,0.00284312
0.496299,1.0393,-4.47208e-07,-1.48653e-24,0.00284404
0.496499,1.03926,-4.47847e-07,-1.38258e-24,0.00284495
0.496699,1.03922,-4.48487e-07,-1.27862e-24,0.00284586
0.496899,1.03918,-4.49126e-07,-1.17466e-24,0.00284678
0.497099,1.03913,-4.49766e-07,-1.0707e-24,0.00284769
0.497299,1.03909,-4.50405e-07,-9.66744e-25,0.00284861
0.497499,1.03905,-4.51044e-07,-8.62786e-25,0.00284952
0.4977,1.03901,-4.51684e-07,-7.58828e-25,0.00285044
0.4979,1.03897,-4.52323e-07,-6.5487e-25,0.00285135
0.4981,1.03892,-4.52963e-07,-5.50912e-25,0.00285227
0.4983,1.03888,-4.53602e-07,-4.46954e-25,0.00285318
0.4985,1.03884,-4.54242e-07,-3.42996e-25,0.00285409
0.4987,1.0388,-4.54881e-07,-2.39038e-25,0.00285501
0.4989,1.03876,-4.5552e-07,-1.3508e-25,0.00285592
0.4991,1.03872,-4.5616e-07,-3.11216e-26,0.00285684
0.4993,1.03867,-4.56903e-07,5.37024e-27,0.00285776
0.4995,1.03863,-4.57691e-07,1.30351e-26,0.00285869
0.4997,1.03859,-4.58479e-07,2.06999e-26,0.00285961
0.4999,1.03854,-4.59268e-07,2.83648e-26,0.00286054
0.5001,1.0385,-4.60056e-07,3.60296e-26,0.00286146
0.5003,1.03846,-4.60844e-07,4.36945e-26,0.00286239
0.5005,1.03841,-4.61632e-07,5.13593e-26,0.00286332
0.5007,1.03837,-4.6242e-07,5.90242e-26,0.00286424
0.5009,1.03833,-4.63208e-07,6.6689e-26,0.00286517
0.5011,1.03828,-4.63996e-07,7.43539e-26,0.00286609
0.5013,1.03824,-4.64784e-07,8.20187e-26,0.00286702
0.5015,1.0382,-4.65572e-07,8.96835e-26,0.00286795
0.5017,1.03815,-4.6636e-07,9.73484e-26,0.00286887
0.5019,1.03811,-4.67148e-07,1.05013e-25,0.0028698
0.5021,1.03807,-4.67936e-07,1.12678e-25,0.00287073
0.5023,1.03802,-4.68724e-07,1.20343e-25,0.00287165
0.502501,1.03798,-4.69513e-07,1.28008e-25,0.00287258
0.502701,1.03794,-4.70301e-07,1.35673e-25,0.0028735
0.502901,1.03789,-4.71089e-07,1.43337e-25,0.00287443
0.503101,1.03785,-4.71877e-07,1.51002e-25,0.00287536
0.503301,1.03781,-4.72665e-07,1.58667e-25,0.00287628
0.503501,1.03776,-4.73453e-07,1.66332e-25,0.00287721
0.503701,1.03772,-4.74241e-07,1.73997e-25,0.00287813
0.503901,1.03768,-4.75029e-07,1.81662e-25,0.00287906
0.504101,1.03764,-4.75817e-07,1.89327e-25,0.00287999
0.504301,1.03759,-4.76605e-07,1.96991e-25,0.00288091
0.504501,1.03755,-4.77393e-07,2.04656e-25,0.00288184
0.504701,1.03751,-4.78181e-07,2.12321e-25,0.00288277
0.504901,1.03746,-4.78969e-07,2.19986e-25,0.00288369
0.505101,1.03742,-4.79758e-07,2.27651e-25,0.00288462
0.505301,1.03738,-4.80546e-07,2.35316e-25,0.00288554
0.505501,1.03733,-4.81334e-07,2.4298e-25,0.00288647
0.505701,1.03729,-4.82122e-07,2.50645e-25,0.0028874
0.505901,1.03725,-4.8291e-07,2.5831e-25,0.00288832
0.506101,1.0372,-4.83698e-07,2.65975e-25,0.00288925
0.506301,1.03716,-4.84486e-07,2.7364e-25,0.00289018
0.506501,1.03712,-4.85274e-07,2.81305e-25,0.0028911
0.506701,1.03707,-4.86062e-07,2.8897e-25,0.00289203
0.506901,1.03703,-4.8685e-07,2.96634e-25,0.00289295
0.507101,1.03699,-4.87638e-07,3.04299e-25,0.00289388
0.507301,1.03694,-4.88426e-07,3.11964e-25,0.00289481
0.507502,1.0369,-4.89214e-07,3.19629e-25,0.00289573
0.507702,1.03686,-4.90003e-07,3.27294e-25,0.00289666
0.507902,1.03681,-4.90791e-07,3.34959e-25,0.00289758
0.508102,1.03677,-4.91579e-07,3.42623e-25,0.00289851
0.508302,1.03673,-4.92367e-07,3.50288e-25,0.00289944
0.508502,1.03668,-4.93155e-07,3.57953e-25,0.00290036
0.508702,1.03664,-4.93943e-07,3.65618e-25,0.00290129
0.508902,1.0366,-4.94731e-07,3.73283e-25,0.00290222
0.509102,1.03655,-4.95519e-07,3.80948e-25,0.00290314
0.509302,1.03651,-4.96307e-07,3.88613e-25,0.00290407
0.509502,1.03647,-4.97095e-07,3.96277e-25,0.00290499
0.509702,1.03642,-4.97883e-07,4.03942e-25,0.00290592
0.509902,1.03638,-4.98671e-07,4.11607e-25,0.00290685
0.510102,1.03634,-4.99459e-07,4.19272e-25,0.00290777
0.510302,1.03629,-5.00248e-07,4.26937e-25,0.0029087
0.510502,1.03625,-5.01036e-07,4.34602e-25,0.00290962
0.510702,1.03621,-5.01824e-07,4.42266e-25,0.00291055
0.510902,1.03616,-5.02612e-07,4.49931e-25,0.00291148
0.511102,1.03612,-5.034e-07,4.57596e-25,0.0029124
0.511302,1.03608,-5.04188e-07,4.65261e-25,0.00291333
0.511502,1.03603,-5.04976e-07,4.72926e-25,0.00291426
0.511702,1.03599,-5.05764e-07,4.80591e-25,0.00291518
0.511902,1.03595,-5.06552e-07,4.88256e-25,0.00291611
0.512102,1.03591,-5.0734e-07,4.9592e-25,0.00291703
0.512302,1.03586,-5.08128e-07,5.03585e-25,0.00291796
0.512503,1.03582,-5.08905e-07,5.11379e-25,0.00291888
0.512703,1.03578,-5.09651e-07,5.19499e-25,0.00291977
0.512903,1.03573,-5.10397e-07,5.27619e-25,0.00292066
0.513103,1.03569,-5.11144e-07,5.35739e-25,0.00292155
0.513303,1.03565,-5.1189e-07,5.43858e-25,0.00292244
0.513503,1.03561,-5.12636e-07,5.51978e-25,0.00292333
0.513703,1.03556,-5.13383e-07,5.60098e-25,0.00292423
0.513903,1.03552,-5.14129e-07,5.68218e-25,0.00292512
0.514103,1.03548,-5.14875e-07,5.76338e-25,0.00292601
0.514303,1.03544,-5.15622e-07,5.84458e-25,0.0029269
0.514503,1.03539,-5.16368e-07,5.92577e-25,0.00292779
0.514703,1.03535,-5.17115e-07,6.00697e-25,0.00292868
0.514903,1.03531,-5.17861e-07,6.08817e-25,0.00292957
0.515103,1.03527,-5.18607e-07,6.16937e-25,0.00293047
0.515303,1.03522,-5.19354e-07,6.25057e-25,0.00293136
0.515503,1.03518,-5.201e-07,6.33177e-25,0.00293225
0.515703,1.03514,-5.20846e-07,6.41296e-25,0.00293314
0.515903,1.03509,-5.21593e-07,6.49416e-25,0.00293403
0.516103,1.03505,-5.22339e-07,6.57536e-25,0.00293492
0.516303,1.03501,-5.23085e-07,6.65656e-25,0.00293581
0.516503,1.03497,-5.23832e-07,6.73776e-25,0.00293671
0.516703,1.03492,-5.24578e-07,6.81896e-25,0.0029376
0.516903,1.03488,-5.25324e-07,6.90015e-25,0.00293849
0.517103,1.03484,-5.26071e-07,6.98135e-25,0.00293938
0.517303,1.0348,-5.26817e-07,7.06255e-25,0.00294027
0.517504,1.03475,-5.27564e-07,7.14375e-25,0.00294116
0.517704,1.03471,-5.2831e-07,7.22495e-25,0.00294206
0.517904,1.03467,-5.29056e-07,7.30615e-25,0.00294295
0.518104,1.03463,-5.29803e-07,7.38734e-25,0.00294384
0.518304,1.03458,-5.30549e-07,7.46854e-25,0.00294473
0.518504,1.03454,-5.31295e-07,7.54974e-25,0.00294562
0.518704,1.0345,-5.32042e-07,7.63094e-25,0.00294651
0.518904,1.03446,-5.32788e-07,7.71214e-25,0.0029474
0.519104,1.03441,-5.33541e-07,7.794e-25,0.0029483
0.519304,1.03437,-5.34368e-07,7.88405e-25,0.00294929
0.519504,1.03432,-5.35196e-07,7.97411e-25,0.00295028
0.519704,1.03427,-5.36024e-07,8.06416e-25,0.00295127
0.519904,1.03422,-5.36852e-07,8.15421e-25,0.00295226
0.520104,1.03418,-5.37679e-07,8.24426e-25,0.00295325
0.520304,1.03413,-5.38507e-07,8.33432e-25,0.00295424
0.520504,1.03408,-5.39335e-07,8.42437e-25,0.00295522
0.520704,1.03404,-5.40163e-07,8.51442e-25,0.00295621
0.520904,1.03399,-5.4099e-07,8.60447e-25,0.0029572
0.521104,1.03394,-5.41818e-07,8.69453e-25,0.00295819
0.521304,1.03389,-5.42646e-07,8.78458e-25,0.00295918
0.521504,1.03385,-5.43474e-07,8.87463e-25,0.00296017
0.521704,1.0338,-5.44301e-07,8.96468e-25,0.00296116
0.521904,1.03375,-5.45129e-07,9.05474e-25,0.00296214
0.522104,1.0337,-5.45957e-07,9.14479e-25,0.00296313
0.522304,1.03366,-5.46785e-07,9.23484e-25,0.00296412
0.522505,1.03361,-5.47612e-07,9.3249e-25,0.00296511
0.522705,1.03356,-5.4844e-07,9.41495e-25,0.0029661
0.522905,1.03352,-5.49268e-07,9.505e-25,0.00296709
0.523105,1.03347,-5.50095e-07,9.59505e-25,0.00296808
0.523305,1.03342,-5.50923e-07,9.68511e-25,0.00296907
0.523505,1.03337,-5.51751e-07,9.77516e-25,0.00297005
0.523705,1.03333,-5.52579e-07,9.86521e-25,0.00297104
0.523905,1.03328,-5.53406e-07,9.95526e-25,0.00297203
0.524105,1.03323,-5.54234e-07,1.00453e-24,0.00297302
0.524305,1.03318,-5.55062e-07,1.01354e-24,0.00297401
0.524505,1.03314,-5.5589e-07,1.02254e-24,0.002975
0.524705,1.03309,-5.56717e-07,1.03155e-24,0.00297599
0.524905,1.03304,-5.57545e-07,1.04055e-24,0.00297698
0.525105,1.033,-5.58387e-07,1.04859e-24,0.00297796
0.525305,1.03295,-5.59315e-07,1.05088e-24,0.00297891
0.525505,1.0329,-5.60243e-07,1.05317e-24,0.00297985
0.525705,1.03286,-5.61171e-07,1.05545e-24,0.0029808
0.525905,1.03281,-5.62098e-07,1.05774e-24,0.00298175
0.526105,1.03276,-5.63026e-07,1.06002e-24,0.0029827
0.526305,1.03272,-5.63954e-07,1.06231e-24,0.00298364
0.526505,1.03267,-5.64881e-07,1.0646e-24,0.00298459
0.526705,1.03263,-5.65809e-07,1.06688e-24,0.00298554
0.526905,1.03258,-5.66737e-07,1.06917e-24,0.00298649
0.527105,1.03253,-5.67665e-07,1.07146e-24,0.00298743
0.527305,1.03249,-5.68592e-07,1.07374e-24,0.00298838
0.527506,1.03244,-5.6952e-07,1.07603e-24,0.00298933
0.527706,1.0324,-5.70448e-07,1.07831e-24,0.00299027
0.527906,1.03235,-5.71376e-07,1.0806e-24,0.00299122
0.528106,1.0323,-5.72303e-07,1.08289e-24,0.00299217
0.528306,1.03226,-5.73231e-07,1.08517e-24,0.00299312
0.528506,1.03221,-5.74159e-07,1.08746e-24,0.00299406
0.528706,1.03216,-5.75087e-07,1.08974e-24,0.00299501
0.528906,1.03212,-5.76014e-07,1.09203e-24,0.00299596
0.529106,1.03207,-5.76942e-07,1.09432e-24,0.00299691
0.529306,1.03203,-5.7787e-07,1.0966e-24,0.00299785
0.529506,1.03198,-5.78798e-07,1.09889e-24,0.0029988
0.529706,1.03193,-5.79725e-07,1.10118e-24,0.00299975
0.529906,1.03189,-5.80653e-07,1.10346e-24,0.0030007
0.530106,1.03184,-5.81581e-07,1.10575e-24,0.00300164
0.530306,1.03179,-5.82508e-07,1.10803e-24,0.00300259
0.530506,1.03175,-5.83436e-07,1.11032e-24,0.00300354
0.530706,1.0317,-5.84364e-07,1.11261e-24,0.00300449
0.530906,1.03166,-5.85292e-07,1.11489e-24,0.00300543
0.531106,1.03161,-5.86219e-07,1.11718e-24,0.00300638
0.531306,1.03156,-5.87147e-07,1.11946e-24,0.00300733
0.531506,1.03152,-5.88075e-07,1.12175e-24,0.00300828
0.531706,1.03147,-5.89003e-07,1.12404e-24,0.00300922
0.531906,1.03142,-5.8993e-07,1.12632e-24,0.00301017
0.532106,1.03138,-5.90858e-07,1.12861e-24,0.00301112
0.532306,1.03133,-5.91786e-07,1.1309e-24,0.00301207
0.532507,1.03129,-5.92714e-07,1.13318e-24,0.00301301
0.532707,1.03124,-5.93641e-07,1.13547e-24,0.00301396
0.532907,1.03119,-5.94569e-07,1.13775e-24,0.00301491
0.533107,1.03115,-5.95497e-07,1.14004e-24,0.00301586
0.533307,1.0311,-5.96424e-07,1.14233e-24,0.0030168
0.533507,1.03105,-5.97352e-07,1.14461e-24,0.00301775
0.533707,1.03101,-5.9828e-07,1.1469e-24,0.0030187
0.533907,1.03096,-5.99208e-07,1.14918e-24,0.00301965
0.534107,1.03092,-6.00135e-07,1.15147e-24,0.00302059
0.534307,1.03087,-6.01063e-07,1.15376e-24,0.00302154
0.534507,1.03082,-6.01991e-07,1.15604e-24,0.00302249
0.534707,1.03078,-6.02919e-07,1.15833e-24,0.00302344
0.534907,1.03073,-6.03846e-07,1.16062e-24,0.00302438
0.535107,1.03068,-6.04774e-07,1.1629e-24,0.00302533
0.535307,1.03064,-6.05702e-07,1.16519e-24,0.00302628
0.535507,1.03059,-6.0663e-07,1.16747e-24,0.00302723
0.535707,1.03055,-6.07557e-07,1.16976e-24,0.00302817
0.535907,1.0305,-6.08485e-07,1.17205e-24,0.00302912
0.536107,1.03045,-6.09413e-07,1.17433e-24,0.00303007
0.536307,1.03041,-6.10341e-07,1.17662e-24,0.00303102
0.536507,1.03036,-6.11268e-07,1.1789e-24,0.00303196
0.536707,1.03031,-6.12196e-07,1.18119e-24,0.00303291
0.536907,1.03027,-6.13124e-07,1.18348e-24,0.00303386
0.537107,1.03022,-6.14035e-07,1.18582e-24,0.00303481
0.537307,1.03017,-6.14903e-07,1.1883e-24,0.00303576
0.537508,1.03013,-6.15772e-07,1.19078e-24,0.00303672
0.537708,1.03008,-6.1664e-07,1.19326e-24,0.00303768
0.537908,1.03003,-6.17508e-07,1.19574e-24,0.00303864
0.538108,1.02998,-6.18377e-07,1.19822e-24,0.00303959
0.538308,1.02994,-6.19245e-07,1.2007e-24,0.00304055
0.538508,1.02989,-6.20113e-07,1.20318e-24,0.00304151
0.538708,1.02984,-6.20982e-07,1.20566e-24,0.00304246
0.538908,1.02979,-6.2185e-07,1.20814e-24,0.00304342
0.539108,1.02974,-6.22719e-07,1.21062e-24,0.00304438
0.539308,1.0297,-6.23587e-07,1.2131e-24,0.00304533
0.539508,1.02965,-6.24455e-07,1.21558e-24,0.00304629
0.539708,1.0296,-6.25324e-07,1.21806e-24,0.00304725
0.539908,1.02955,-6.26192e-07,1.22054e-24,0.0030482
0.540108,1.02951,-6.2706e-07,1.22302e-24,0.00304916
0.540308,1.02946,-6.27929e-07,1.2255e-24,0.00305012
0.540508,1.02941,-6.28797e-07,1.22798e-24,0.00305108
0.540708,1.02936,-6.29666e-07,1.23046e-24,0.00305203
0.540908,1.02931,-6.30534e-07,1.23294e-24,0.00305299
0.541108,1.02927,-6.31402e-07,1.23542e-24,0.00305395
0.541308,1.02922,-6.32271e-07,1.2379e-24,0.0030549
0.541508,1.02917,-6.33139e-07,1.24038e-24,0.00305586
0.541708,1.02912,-6.34007e-07,1.24286e-24,0.00305682
0.541908,1.02908,-6.34876e-07,1.24534e-24,0.00305777
0.542108,1.02903,-6.35744e-07,1.24782e-24,0.00305873
0.542308,1.02898,-6.36612e-07,1.25031e-24,0.00305969
0.542509,1.02893,-6.37481e-07,1.25279e-24,0.00306064
0.542709,1.02889,-6.38349e-07,1.25527e-24,0.0030616
0.542909,1.02884,-6.39218e-07,1.25775e-24,0.00306256
0.543109,1.02879,-6.40086e-07,1.26023e-24,0.00306352
0.543309,1.02874,-6.40954e-07,1.26271e-24,0.00306447
0.543509,1.02869,-6.41823e-07,1.26519e-24,0.00306543
0.543709,1.02865,-6.42691e-07,1.26767e-24,0.00306639
0.543909,1.0286,-6.43559e-07,1.27015e-24,0.00306734
0.544109,1.02855,-6.44428e-07,1.27263e-24,0.0030683
0.544309,1.0285,-6.45296e-07,1.27511e-24,0.00306926
0.544509,1.02846,-6.46165e-07,1.27759e-24,0.00307021
0.544709,1.02841,-6.47033e-07,1.28007e-24,0.00307117
0.544909,1.02836,-6.47901e-07,1.28255e-24,0.00307213
0.545109,1.02831,-6.4877e-07,1.28503e-24,0.00307308
0.545309,1.02826,-6.49638e-07,1.28751e-24,0.00307404
0.545509,1.02822,-6.50506e-07,1.28999e-24,0.003075
0.545709,1.02817,-6.51375e-07,1.29247e-24,0.00307596
0.545909,1.02812,-6.52243e-07,1.29495e-24,0.00307691
0.546109,1.02807,-6.53112e-07,1.29743e-24,0.00307787
0.546309,1.02803,-6.5398e-07,1.29991e-24,0.00307883
0.546509,1.02798,-6.54848e-07,1.30239e-24,0.00307978
0.546709,1.02793,-6.55717e-07,1.30487e-24,0.00308074
0.546909,1.02788,-6.56585e-07,1.30735e-24,0.0030817
0.547109,1.02784,-6.57453e-07,1.30983e-24,0.00308265
0.547309,1.02779,-6.58322e-07,1.31231e-24,0.00308361
0.54751,1.02774,-6.5919e-07,1.31479e-24,0.00308457
0.54771,1.02769,-6.60059e-07,1.31727e-24,0.00308552
0.54791,1.02764,-6.60927e-07,1.31975e-24,0.00308648
0.54811,1.0276,-6.61795e-07,1.32223e-24,0.00308744
0.54831,1.02755,-6.62664e-07,1.32471e-24,0.0030884
0.54851,1.0275,-6.63532e-07,1.32719e-24,0.00308935
0.54871,1.02745,-6.644e-07,1.32967e-24,0.00309031
0.54891,1.02741,-6.65269e-07,1.33216e-24,0.00309127
0.54911,1.02736,-6.66186e-07,1.33454e-24,0.00309223
0.54931,1.02731,-6.6717e-07,1.33679e-24,0.00309319
0.54951,1.02726,-6.68155e-07,1.33903e-24,0.00309416
0.54971,1.02721,-6.69139e-07,1.34128e-24,0.00309513
0.54991,1.02716,-6.70124e-07,1.34353e-24,0.00309609
0.55011,1.02711,-6.71108e-07,1.34577e-24,0.00309706
0.55031,1.02706,-6.72093e-07,1.34802e-24,0.00309802
0.55051,1.02701,-6.73077e-07,1.35027e-24,0.00309899
0.55071,1.02696,-6.74062e-07,1.35252e-24,0.00309996
0.55091,1.02691,-6.75046e-07,1.35476e-24,0.00310092
0.55111,1.02686,-6.76031e-07,1.35701e-24,0.00310189
0.55131,1.02682,-6.77015e-07,1.35926e-24,0.00310285
0.55151,1.02677,-6.78e-07,1.3615e-24,0.00310382
0.55171,1.02672,-6.78984e-07,1.36375e-24,0.00310479
0.55191,1.02667,-6.79969e-07,1.366e-24,0.00310575
0.55211,1.02662,-6.80953e-07,1.36825e-24,0.00310672
0.55231,1.02657,-6.81938e-07,1.37049e-24,0.00310768
0.552511,1.02652,-6.82922e-07,1.37274e-24,0.00310865
0.552711,1.02647,-6.83907e-07,1.37499e-24,0.00310962
0.552911,1.02642,-6.84891e-07,1.37723e-24,0.00311058
0.553111,1.02637,-6.85876e-07,1.37948e-24,0.00311155
0.553311,1.02632,-6.8686e-07,1.38173e-24,0.00311251
0.553511,1.02627,-6.87845e-07,1.38398e-24,0.00311348
0.553711,1.02622,-6.88829e-07,1.38622e-24,0.00311445
0.553911,1.02618,-6.89814e-07,1.38847e-24,0.00311541
0.554111,1.02613,-6.90798e-07,1.39072e-24,0.00311638
0.554311,1.02608,-6.91783e-07,1.39296e-24,0.00311734
0.554511,1.02603,-6.92767e-07,1.39521e-24,0.00311831
0.554711,1.02598,-6.93752e-07,1.39746e-24,0.00311928
0.554911,1.02593,-6.94736e-07,1.39971e-24,0.00312024
0.555111,1.02588,-6.95721e-07,1.40195e-24,0.00312121
0.555311,1.02583,-6.96705e-07,1.4042e-24,0.00312217
0.555511,1.02578,-6.9769e-07,1.40645e-24,0.00312314
0.555711,1.02573,-6.98674e-07,1.40869e-24,0.00312411
0.555911,1.02568,-6.99659e-07,1.41094e-24,0.00312507
0.556111,1.02563,-7.00643e-07,1.41319e-24,0.00312604
0.556311,1.02558,-7.01628e-07,1.41544e-24,0.00312701
0.556511,1.02553,-7.02612e-07,1.41768e-24,0.00312797
0.556711,1.02549,-7.03597e-07,1.41993e-24,0.00312894
0.556911,1.02544,-7.04581e-07,1.42218e-24,0.0031299
0.557111,1.02539,-7.05566e-07,1.42442e-24,0.00313087
0.557311,1.02534,-7.0655e-07,1.42667e-24,0.00313184
0.557512,1.02529,-7.07535e-07,1.42892e-24,0.0031328
0.557712,1.02524,-7.08519e-07,1.43117e-24,0.00313377
0.557912,1.02519,-7.09504e-07,1.43341e-24,0.00313473
0.558112,1.02514,-7.10488e-07,1.43566e-24,0.0031357
0.558312,1.02509,-7.11473e-07,1.43791e-24,0.00313667
0.558512,1.02504,-7.12457e-07,1.44016e-24,0.00313763
0.558712,1.02499,-7.13442e-07,1.4424e-24,0.0031386
0.558912,1.02494,-7.14426e-07,1.44465e-24,0.00313956
0.559112,1.02489,-7.15411e-07,1.4469e-24,0.00314053
0.559312,1.02484,-7.16395e-07,1.44914e-24,0.0031415
0.559512,1.0248,-7.1738e-07,1.45139e-24,0.00314246
0.559712,1.02475,-7.18365e-07,1.45364e-24,0.00314343
0.559912,1.0247,-7.19349e-07,1.45589e-24,0.00314439
0.560112,1.02465,-7.20334e-07,1.45813e-24,0.00314536
0.560312,1.0246,-7.21318e-07,1.46038e-24,0.00314633
0.560512,1.02455,-7.22303e-07,1.46263e-24,0.00314729
0.560712,1.0245,-7.23287e-07,1.46487e-24,0.00314826
0.560912,1.02445,-7.24272e-07,1.46712e-24,0.00314922
0.561112,1.0244,-7.25215e-07,1.46907e-24,0.00315017
0.561312,1.02435,-7.26124e-07,1.47077e-24,0.0031511
0.561512,1.0243,-7.27034e-07,1.47248e-24,0.00315202
0.561712,1.02426,-7.27943e-07,1.47419e-24,0.00315295
0.561912,1.02421,-7.28853e-07,1.47589e-24,0.00315388
0.562112,1.02416,-7.29762e-07,1.4776e-24,0.0031548
0.562312,1.02411,-7.30672e-07,1.4793e-24,0.00315573
0.562513,1.02406,-7.31581e-07,1.48101e-24,0.00315666
0.562713,1.02401,-7.32491e-07,1.48272e-24,0.00315759
0.562913,1.02397,-7.334e-07,1.48442e-24,0.00315851
0.563113,1.02392,-7.3431e-07,1.48613e-24,0.00315944
0.563313,1.02387,-7.35219e-07,1.48783e-24,0.00316037
0.563513,1.02382,-7.36129e-07,1.48954e-24,0.00316129
0.563713,1.02377,-7.37039e-07,1.49125e-24,0.00316222
0.563913,1.02372,-7.37948e-07,1.49295e-24,0.00316315
0.564113,1.02368,-7.38858e-07,1.49466e-24,0.00316407
0.564313,1.02363,-7.39767e-07,1.49636e-24,0.003165
0.564513,1.02358,-7.40677e-07,1.49807e-24,0.00316593
0.564713,1.02353,-7.41586e-07,1.49978e-24,0.00316685
0.564913,1.02348,-7.42496e-07,1.50148e-24,0.00316778
0.565113,1.02343,-7.43405e-07,1.50319e-24,0.00316871
0.565313,1.02339,-7.44315e-07,1.50489e-24,0.00316964
0.565513,1.02334,-7.45224e-07,1.5066e-24,0.00317056
0.565713,1.02329,-7.46134e-07,1.5083e-24,0.00317149
0.565913,1.02324,-7.47043e-07,1.51001e-24,0.00317242
0.566113,1.02319,-7.47953e-07,1.51172e-24,0.00317334
0.566313,1.02314,-7.48862e-07,1.51342e-24,0.00317427
0.566513,1.0231,-7.49772e-07,1.51513e-24,0.0031752
0.566713,1.02305,-7.50682e-07,1.51683e-24,0.00317612
0.566913,1.023,-7.51591e-07,1.51854e-24,0.00317705
0.567113,1.02295,-7.52562e-07,1.52036e-24,0.00317804
0.567313,1.02289,-7.53571e-07,1.52225e-24,0.00317907
0.567514,1.02284,-7.5458e-07,1.52415e-24,0.0031801
0.567714,1.02279,-7.55589e-07,1.52604e-24,0.00318113
0.567914,1.02273,-7.56597e-07,1.52793e-24,0.00318215
0.568114,1.02268,-7.57606e-07,1.52982e-24,0.00318318
0.568314,1.02262,-7.58615e-07,1.53171e-24,0.00318421
0.568514,1.02257,-7.59624e-07,1.53361e-24,0.00318524
0.568714,1.02252,-7.60633e-07,1.5355e-24,0.00318627
0.568914,1.02246,-7.61641e-07,1.53739e-24,0.00318729
0.569114,1.02241,-7.6265e-07,1.53928e-24,0.00318832
0.569314,1.02236,-7.63659e-07,1.54117e-24,0.00318935
0.569514,1.0223,-7.64668e-07,1.54307e-24,0.00319038
0.569714,1.02225,-7.65677e-07,1.54496e-24,0.00319141
0.569914,1.0222,-7.66685e-07,1.54685e-24,0.00319244
0.570114,1.02214,-7.67694e-07,1.54874e-24,0.00319346
0.570314,1.02209,-7.68703e-07,1.55063e-24,0.00319449
0.570514,1.02203,-7.69712e-07,1.55253e-24,0.00319552
0.570714,1.02198,-7.70721e-07,1.55442e-24,0.00319655
0.570914,1.02193,-7.71729e-07,1.55631e-24,0.00319758
0.571114,1.02187,-7.72738e-07,1.5582e-24,0.0031986
0.571314,1.02182,-7.73747e-07,1.5601e-24,0.00319963
0.571514,1.02177,-7.74756e-07,1.56199e-24,0.00320066
0.571714,1.02171,-7.75764e-07,1.56388e-24,0.00320169
0.571914,1.02166,-7.76773e-07,1.56577e-24,0.00320272
0.572114,1.02161,-7.77782e-07,1.56766e-24,0.00320375
0.572314,1.02155,-7.78791e-07,1.56956e-24,0.00320477
0.572515,1.0215,-7.79841e-07,1.57307e-24,0.00320577
0.572715,1.02145,-7.80915e-07,1.5775e-24,0.00320675
0.572915,1.02139,-7.81988e-07,1.58192e-24,0.00320774
0.573115,1.02134,-7.83062e-07,1.58634e-24,0.00320872
0.573315,1.02129,-7.84135e-07,1.59076e-24,0.0032097
0.573515,1.02124,-7.85208e-07,1.59518e-24,0.00321069
0.573715,1.02118,-7.86282e-07,1.5996e-24,0.00321167
0.573915,1.02113,-7.87355e-07,1.60402e-24,0.00321265
0.574115,1.02108,-7.88429e-07,1.60844e-24,0.00321363
0.574315,1.02103,-7.89502e-07,1.61286e-24,0.00321462
0.574515,1.02097,-7.90576e-07,1.61728e-24,0.0032156
0.574715,1.02092,-7.91649e-07,1.6217e-24,0.00321658
0.574915,1.02087,-7.92723e-07,1.62612e-24,0.00321756
0.575115,1.02082,-7.93796e-07,1.63054e-24,0.00321855
0.575315,1.02077,-7.94869e-07,1.63496e-24,0.00321953
0.575515,1.02071,-7.95943e-07,1.63938e-24,0.00322051
0.575715,1.02066,-7.97016e-07,1.6438e-24,0.00322149
0.575915,1.02061,-7.9809e-07,1.64822e-24,0.00322248
0.576115,1.02056,-7.99163e-07,1.65264e-24,0.00322346
0.576315,1.0205,-8.00237e-07,1.65706e-24,0.00322444
0.576515,1.02045,-8.0131e-07,1.66148e-24,0.00322543
0.576715,1.0204,-8.02383e-07,1.6659e-24,0.00322641
0.576915,1.02035,-8.03457e-07,1.67032e-24,0.00322739
0.577115,1.02029,-8.0453e-07,1.67475e-24,0.00322837
0.577315,1.02024,-8.05604e-07,1.67917e-24,0.00322936
0.577516,1.02019,-8.06677e-07,1.68359e-24,0.00323034
0.577716,1.02014,-8.07751e-07,1.68801e-24,0.00323132
0.577916,1.02008,-8.08824e-07,1.69243e-24,0.0032323
0.578116,1.02003,-8.09898e-07,1.69685e-24,0.00323329
0.578316,1.01998,-8.10971e-07,1.70127e-24,0.00323427
0.578516,1.01993,-8.12044e-07,1.70569e-24,0.00323525
0.578716,1.01987,-8.13118e-07,1.71011e-24,0.00323623
0.578916,1.01982,-8.14191e-07,1.71453e-24,0.00323722
0.579116,1.01977,-8.15265e-07,1.71895e-24,0.0032382
0.579316,1.01972,-8.16338e-07,1.72337e-24,0.00323918
0.579516,1.01967,-8.17412e-07,1.72779e-24,0.00324017
0.579716,1.01961,-8.18485e-07,1.73221e-24,0.00324115
0.579916,1.01956,-8.19559e-07,1.73663e-24,0.00324213
0.580116,1.01951,-8.20632e-07,1.74105e-24,0.00324311
0.580316,1.01946,-8.21705e-07,1.74547e-24,0.0032441
0.580516,1.0194,-8.22779e-07,1.74989e-24,0.00324508
0.580716,1.01935,-8.23852e-07,1.75431e-24,0.00324606
0.580916,1.0193,-8.24926e-07,1.75873e-24,0.00324704
0.581116,1.01925,-8.25999e-07,1.76315e-24,0.00324803
0.581316,1.01919,-8.27073e-07,1.76757e-24,0.00324901
0.581516,1.01914,-8.28146e-07,1.77199e-24,0.00324999
0.581716,1.01909,-8.29219e-07,1.77642e-24,0.00325097
0.581916,1.01904,-8.30293e-07,1.78084e-24,0.00325196
0.582116,1.01898,-8.31366e-07,1.78526e-24,0.00325294
0.582316,1.01893,-8.3244e-07,1.78968e-24,0.00325392
0.582517,1.01888,-8.33513e-07,1.7941e-24,0.0032549
0.582717,1.01883,-8.34587e-07,1.79852e-24,0.00325589
0.582917,1.01877,-8.3566e-07,1.80294e-24,0.00325687
0.583117,1.01872,-8.36734e-07,1.80736e-24,0.00325785
0.583317,1.01867,-8.37757e-07,1.81083e-24,0.00325884
0.583517,1.01861,-8.38759e-07,1.81387e-24,0.00325983
0.583717,1.01856,-8.3976e-07,1.81691e-24,0.00326082
0.583917,1.01851,-8.40761e-07,1.81994e-24,0.00326181
0.584117,1.01845,-8.41762e-07,1.82298e-24,0.0032628
0.584317,1.0184,-8.42764e-07,1.82602e-24,0.00326379
0.584517,1.01834,-8.43765e-07,1.82906e-24,0.00326478
0.584717,1.01829,-8.44766e-07,1.8321e-24,0.00326577
0.584917,1.01824,-8.45767e-07,1.83514e-24,0.00326676
0.585117,1.01818,-8.46768e-07,1.83817e-24,0.00326775
0.585317,1.01813,-8.4777e-07,1.84121e-24,0.00326874
0.585517,1.01807,-8.48771e-07,1.84425e-24,0.00326973
0.585717,1.01802,-8.49772e-07,1.84729e-24,0.00327072
0.585917,1.01797,-8.50773e-07,1.85033e-24,0.00327171
0.586117,1.01791,-8.51775e-07,1.85337e-24,0.0032727
0.586317,1.01786,-8.52776e-07,1.8564e-24,0.00327369
0.586517,1.01781,-8.53777e-07,1.85944e-24,0.00327468
0.586717,1.01775,-8.54778e-07,1.86248e-24,0.00327567
0.586917,1.0177,-8.5578e-07,1.86552e-24,0.00327666
0.587117,1.01764,-8.56781e-07,1.86856e-24,0.00327765
0.587317,1.01759,-8.57782e-07,1.8716e-24,0.00327864
0.587518,1.01754,-8.58783e-07,1.87463e-24,0.00327963
0.587718,1.01748,-8.59785e-07,1.87767e-24,0.00328062
0.587918,1.01743,-8.60786e-07,1.88071e-24,0.00328161
0.588118,1.01737,-8.61787e-07,1.88375e-24,0.0032826
0.588318,1.01732,-8.62788e-07,1.88679e-24,0.00328359
0.588518,1.01727,-8.63789e-07,1.88982e-24,0.00328458
0.588718,1.01721,-8.64791e-07,1.89286e-24,0.00328557
0.588918,1.01716,-8.65792e-07,1.8959e-24,0.00328656
0.589118,1.0171,-8.66793e-07,1.89894e-24,0.00328755
0.589318,1.01705,-8.67794e-07,1.90198e-24,0.00328854
0.589518,1.017,-8.68796e-07,1.90502e-24,0.00328953
0.589718,1.01694,-8.69797e-07,1.90805e-24,0.00329052
0.589918,1.01689,-8.70798e-07,1.91109e-24,0.00329151
0.590118,1.01683,-8.71799e-07,1.91413e-24,0.0032925
0.590318,1.01678,-8.72801e-07,1.91717e-24,0.00329349
0.590518,1.01673,-8.73802e-07,1.92021e-24,0.00329448
0.590718,1.01667,-8.74803e-07,1.92325e-24,0.00329547
0.590918,1.01662,-8.75804e-07,1.92628e-24,0.00329646
0.591118,1.01656,-8.76806e-07,1.92932e-24,0.00329745
0.591318,1.01651,-8.77807e-07,1.93236e-24,0.00329844
0.591518,1.01646,-8.78808e-07,1.9354e-24,0.00329943
0.591718,1.0164,-8.79809e-07,1.93844e-24,0.00330042
0.591918,1.01635,-8.8081e-07,1.94148e-24,0.00330141
0.592118,1.01629,-8.81812e-07,1.94451e-24,0.0033024
0.592318,1.01624,-8.82813e-07,1.94755e-24,0.00330339
0.592519,1.01619,-8.83814e-07,1.95059e-24,0.00330438
0.592719,1.01613,-8.84815e-07,1.95363e-24,0.00330537
0.592919,1.01608,-8.85817e-07,1.95667e-24,0.00330636
0.593119,1.01602,-8.86818e-07,1.95971e-24,0.00330735
0.593319,1.01597,-8.87819e-07,1.96274e-24,0.00330835
0.593519,1.01592,-8.8882e-07,1.96578e-24,0.00330934
0.593719,1.01586,-8.89822e-07,1.96882e-24,0.00331033
0.593919,1.01581,-8.90823e-07,1.97186e-24,0.00331132
0.594119,1.01575,-8.91875e-07,1.97424e-24,0.00331231
0.594319,1.0157,-8.92945e-07,1.97637e-24,0.00331331
0.594519,1.01564,-8.94016e-07,1.9785e-24,0.00331431
0.594719,1.01559,-8.95087e-07,1.98064e-24,0.0033153
0.594919,1.01553,-8.96157e-07,1.98277e-24,0.0033163
0.595119,1.01548,-8.97228e-07,1.9849e-24,0.0033173
0.595319,1.01542,-8.98299e-07,1.98704e-24,0.00331829
0.595519,1.01536,-8.99369e-07,1.98917e-24,0.00331929
0.595719,1.01531,-9.0044e-07,1.9913e-24,0.00332029
0.595919,1.01525,-9.01511e-07,1.99344e-24,0.00332129
0.596119,1.0152,-9.02582e-07,1.99557e-24,0.00332228
0.596319,1.01514,-9.03652e-07,1.9977e-24,0.00332328
0.596519,1.01509,-9.04723e-07,1.99984e-24,0.00332428
0.596719,1.01503,-9.05794e-07,2.00197e-24,0.00332528
0.596919,1.01497,-9.06864e-07,2.0041e-24,0.00332627
0.597119,1.01492,-9.07935e-07,2.00624e-24,0.00332727
0.597319,1.01486,-9.09006e-07,2.00837e-24,0.00332827
0.59752,1.01481,-9.10076e-07,2.0105e-24,0.00332927
0.59772,1.01475,-9.11147e-07,2.01264e-24,0.00333026
0.59792,1.0147,-9.12218e-07,2.01477e-24,0.00333126
0.59812,1.01464,-9.13288e-07,2.0169e-24,0.00333226
0.59832,1.01459,-9.14359e-07,2.01904e-24,0.00333325
0.59852,1.01453,-9.1543e-07,2.02117e-24,0.00333425
0.59872,1.01447,-9.165e-07,2.0233e-24,0.00333525
0.59892,1.01442,-9.17571e-07,2.02544e-24,0.00333625
0.59912,1.01436,-9.18642e-07,2.02757e-24,0.00333724
0.59932,1.01431,-9.19712e-07,2.02971e-24,0.00333824
0.59952,1.01425,-9.20783e-07,2.03184e-24,0.00333924
0.59972,1.0142,-9.21854e-07,2.03397e-24,0.00334024
0.59992,1.01414,-9.22924e-07,2.03611e-24,0.00334123
0.60012,1.01409,-9.23995e-07,2.03824e-24,0.00334223
0.60032,1.01403,-9.25066e-07,2.04037e-24,0.00334323
0.60052,1.01397,-9.26136e-07,2.04251e-24,0.00334422
0.60072,1.01392,-9.27207e-07,2.04464e-24,0.00334522
0.60092,1.01386,-9.28278e-07,2.04677e-24,0.00334622
0.60112,1.01381,-9.29348e-07,2.04891e-24,0.00334722
0.60132,1.01375,-9.30419e-07,2.05104e-24,0.00334821
0.60152,1.0137,-9.3149e-07,2.05317e-24,0.00334921
0.60172,1.01364,-9.3256e-07,2.05531e-24,0.00335021
0.60192,1.01358,-9.33631e-07,2.05744e-24,0.00335121
0.60212,1.01353,-9.34702e-07,2.05957e-24,0.0033522
0.60232,1.01347,-9.35772e-07,2.06171e-24,0.0033532
0.602521,1.01342,-9.36843e-07,2.06384e-24,0.0033542
0.602721,1.01336,-9.37914e-07,2.06597e-24,0.0033552
0.602921,1.01331,-9.38984e-07,2.06811e-24,0.00335619
0.603121,1.01325,-9.40055e-07,2.07024e-24,0.00335719
0.603321,1.0132,-9.41126e-07,2.07237e-24,0.00335819
0.603521,1.01314,-9.42196e-07,2.07451e-24,0.00335918
0.603721,1.01308,-9.43267e-07,2.07664e-24,0.00336018
0.603921,1.01303,-9.44338e-07,2.07877e-24,0.00336118
0.604121,1.01297,-9.45408e-07,2.08091e-24,0.00336218
0.604321,1.01292,-9.46479e-07,2.08304e-24,0.00336317
0.604521,1.01286,-9.4755e-07,2.08517e-24,0.00336417
0.604721,1.01281,-9.4862e-07,2.08731e-24,0.00336517
0.604921,1.01275,-9.49616e-07,2.08687e-24,0.00336613
0.605121,1.0127,-9.50589e-07,2.08569e-24,0.00336709
0.605321,1.01264,-9.51562e-07,2.0845e-24,0.00336804
0.605521,1.01259,-9.52536e-07,2.08331e-24,0.003369
0.605721,1.01253,-9.53509e-07,2.08213e-24,0.00336995
0.605921,1.01248,-9.54483e-07,2.08094e-24,0.00337091
0.606121,1.01243,-9.55456e-07,2.07976e-24,0.00337186
0.606321,1.01237,-9.56429e-07,2.07857e-24,0.00337282
0.606521,1.01232,-9.57403e-07,2.07738e-24,0.00337377
0.606721,1.01226,-9.58376e-07,2.0762e-24,0.00337473
0.606921,1.01221,-9.59349e-07,2.07501e-24,0.00337568
0.607121,1.01215,-9.60323e-07,2.07383e-24,0.00337664
0.607321,1.0121,-9.61296e-07,2.07264e-24,0.00337759
0.607522,1.01204,-9.62269e-07,2.07145e-24,0.00337855
0.607722,1.01199,-9.63243e-07,2.07027e-24,0.0033795
0.607922,1.01193,-9.64216e-07,2.06908e-24,0.00338046
0.608122,1.01188,-9.6519e-07,2.0679e-24,0.00338141
0.608322,1.01183,-9.66163e-07,2.06671e-24,0.00338237
0.608522,1.01177,-9.67136e-07,2.06552e-24,0.00338332
0.608722,1.01172,-9.6811e-07,2.06434e-24,0.00338428
0.608922,1.01166,-9.69083e-07,2.06315e-24,0.00338523
0.609122,1.01161,-9.70056e-07,2.06197e-24,0.00338619
0.609322,1.01155,-9.7103e-07,2.06078e-24,0.00338714
0.609522,1.0115,-9.72003e-07,2.0596e-24,0.0033881
0.609722,1.01144,-9.72977e-07,2.05841e-24,0.00338905
0.609922,1.01139,-9.7395e-07,2.05722e-24,0.00339001
0.610122,1.01134,-9.74923e-07,2.05604e-24,0.00339096
0.610322,1.01128,-9.75981e-07,2.05475e-24,0.003392
0.610522,1.01122,-9.77061e-07,2.05343e-24,0.00339306
0.610722,1.01116,-9.78141e-07,2.05212e-24,0.00339412
0.610922,1.01109,-9.7922e-07,2.0508e-24,0.00339518
0.611122,1.01103,-9.803e-07,2.04949e-24,0.00339624
0.611322,1.01097,-9.8138e-07,2.04817e-24,0.0033973
0.611522,1.01091,-9.82459e-07,2.04686e-24,0.00339835
0.611722,1.01085,-9.83539e-07,2.04554e-24,0.00339941
0.611922,1.01079,-9.84618e-07,2.04423e-24,0.00340047
0.612122,1.01073,-9.85698e-07,2.04291e-24,0.00340153
0.612322,1.01067,-9.86778e-07,2.04159e-24,0.00340259
0.612523,1.01061,-9.87857e-07,2.04028e-24,0.00340365
0.612723,1.01055,-9.88937e-07,2.03896e-24,0.00340471
0.612923,1.01049,-9.90017e-07,2.03765e-24,0.00340577
0.613123,1.01043,-9.91096e-07,2.03633e-24,0.00340683
0.613323,1.01037,-9.92176e-07,2.03502e-24,0.00340789
0.613523,1.01031,-9.93256e-07,2.0337e-24,0.00340895
0.613723,1.01025,-9.94335e-07,2.03239e-24,0.00341001
0.613923,1.01019,-9.95415e-07,2.03107e-24,0.00341107
0.614123,1.01013,-9.96495e-07,2.02976e-24,0.00341212
0.614323,1.01007,-9.97574e-07,2.02844e-24,0.00341318
0.614523,1.01001,-9.98654e-07,2.02713e-24,0.00341424
0.614723,1.00995,-9.99734e-07,2.02581e-24,0.0034153
0.614923,1.00989,-1.00081e-06,2.02449e-24,0.00341636
0.615123,1.00983,-1.0019e-06,2.02511e-24,0.0034174
0.615323,1.00977,-1.00299e-06,2.02781e-24,0.00341841
0.615523,1.00971,-1.00408e-06,2.03051e-24,0.00341942
0.615723,1.00965,-1.00516e-06,2.0332e-24,0.00342043
0.615923,1.00959,-1.00625e-06,2.0359e-24,0.00342144
0.616123,1.00953,-1.00734e-06,2.0386e-24,0.00342245
0.616323,1.00947,-1.00843e-06,2.0413e-24,0.00342346
0.616523,1.00941,-1.00952e-06,2.044e-24,0.00342447
0.616723,1.00936,-1.01061e-06,2.0467e-24,0.00342548
0.616923,1.0093,-1.0117e-06,2.0494e-24,0.00342649
0.617123,1.00924,-1.01279e-06,2.0521e-24,0.0034275
0.617323,1.00918,-1.01388e-06,2.0548e-24,0.00342851
0.617524,1.00912,-1.01496e-06,2.0575e-24,0.00342952
0.617724,1.00906,-1.01605e-06,2.0602e-24,0.00343053
0.617924,1.009,-1.01714e-06,2.0629e-24,0.00343155
0.618124,1.00894,-1.01823e-06,2.0656e-24,0.00343256
0.618324,1.00888,-1.01932e-06,2.0683e-24,0.00343357
0.618524,1.00883,-1.02041e-06,2.071e-24,0.00343458
0.618724,1.00877,-1.0215e-06,2.0737e-24,0.00343559
0.618924,1.00871,-1.02259e-06,2.0764e-24,0.0034366
0.619124,1.00865,-1.02368e-06,2.0791e-24,0.00343761
0.619324,1.00859,-1.02477e-06,2.0818e-24,0.00343862
0.619524,1.00853,-1.02585e-06,2.08449e-24,0.00343963
0.619724,1.00847,-1.02694e-06,2.08719e-24,0.00344064
0.619924,1.00841,-1.02803e-06,2.08989e-24,0.00344165
0.620124,1.00835,-1.02912e-06,2.09259e-24,0.00344266
0.620324,1.0083,-1.03021e-06,2.09529e-24,0.00344367
0.620524,1.00824,-1.0313e-06,2.09799e-24,0.00344468
0.620724,1.00818,-1.03239e-06,2.10069e-24,0.00344569
0.620924,1.00812,-1.03348e-06,2.10339e-24,0.0034467
0.621124,1.00806,-1.03457e-06,2.10609e-24,0.00344771
0.621324,1.008,-1.03566e-06,2.10879e-24,0.00344872
0.621524,1.00794,-1.03674e-06,2.11149e-24,0.00344973
0.621724,1.00788,-1.03783e-06,2.11419e-24,0.00345075
0.621924,1.00782,-1.03892e-06,2.11689e-24,0.00345176
0.622124,1.00776,-1.04001e-06,2.11959e-24,0.00345277
0.622324,1.00771,-1.0411e-06,2.12229e-24,0.00345378
0.622525,1.00765,-1.04219e-06,2.12499e-24,0.00345479
0.622725,1.00759,-1.04328e-06,2.12769e-24,0.0034558
0.622925,1.00753,-1.04437e-06,2.13039e-24,0.00345681
0.623125,1.00747,-1.04546e-06,2.13309e-24,0.00345782
0.623325,1.00741,-1.04654e-06,2.13578e-24,0.00345883
0.623525,1.00735,-1.04763e-06,2.13848e-24,0.00345984
0.623725,1.00729,-1.04872e-06,2.14118e-24,0.00346085
0.623925,1.00723,-1.04981e-06,2.14388e-24,0.00346186
0.624125,1.00718,-1.0509e-06,2.14658e-24,0.00346287
0.624325,1.00712,-1.05199e-06,2.14928e-24,0.00346388
0.624525,1.00706,-1.05308e-06,2.15198e-24,0.00346489
0.624725,1.007,-1.05417e-06,2.15468e-24,0.0034659
0.624925,1.00694,-1.0552e-06,2.15768e-24,0.00346692
0.625125,1.00688,-1.05621e-06,2.16072e-24,0.00346794
0.625325,1.00682,-1.05723e-06,2.16377e-24,0.00346895
0.625525,1.00676,-1.05825e-06,2.16682e-24,0.00346997
0.625725,1.0067,-1.05926e-06,2.16987e-24,0.00347099
0.625925,1.00664,-1.06028e-06,2.17291e-24,0.003472
0.626125,1.00658,-1.0613e-06,2.17596e-24,0.00347302
0.626325,1.00651,-1.06231e-06,2.17901e-24,0.00347403
0.626525,1.00645,-1.06333e-06,2.18206e-24,0.00347505
0.626725,1.00639,-1.06435e-06,2.1851e-24,0.00347607
0.626925,1.00633,-1.06536e-06,2.18815e-24,0.00347708
0.627125,1.00627,-1.06638e-06,2.1912e-24,0.0034781
0.627325,1.00621,-1.0674e-06,2.19425e-24,0.00347912
0.627526,1.00615,-1.06841e-06,2.1973e-24,0.00348013
0.627726,1.00609,-1.06943e-06,2.20034e-24,0.00348115
0.627926,1.00603,-1.07045e-06,2.20339e-24,0.00348217
0.628126,1.00597,-1.07147e-06,2.20644e-24,0.00348318
0.628326,1.00591,-1.07248e-06,2.20949e-24,0.0034842
0.628526,1.00585,-1.0735e-06,2.21253e-24,0.00348522
0.628726,1.00579,-1.07452e-06,2.21558e-24,0.00348623
0.628926,1.00573,-1.07553e-06,2.21863e-24,0.00348725
0.629126,1.00567,-1.07655e-06,2.22168e-24,0.00348827
0.629326,1.00561,-1.07757e-06,2.22472e-24,0.00348928
0.629526,1.00555,-1.07858e-06,2.22777e-24,0.0034903
0.629726,1.00548,-1.0796e-06,2.23082e-24,0.00349132
0.629926,1.00542,-1.08062e-06,2.23387e-24,0.00349233
0.630126,1.00536,-1.08163e-06,2.23692e-24,0.00349335
0.630326,1.0053,-1.08265e-06,2.23996e-24,0.00349436
0.630526,1.00524,-1.08367e-06,2.24301e-24,0.00349538
0.630726,1.00518,-1.08468e-06,2.24606e-24,0.0034964
0.630926,1.00512,-1.0857e-06,2.24911e-24,0.00349741
0.631126,1.00506,-1.08672e-06,2.25215e-24,0.00349843
0.631326,1.005,-1.08773e-06,2.2552e-24,0.00349945
0.631526,1.00494,-1.08875e-06,2.25825e-24,0.00350046
0.631726,1.00488,-1.08977e-06,2.2613e-24,0.00350148
0.631926,1.00482,-1.09079e-06,2.26434e-24,0.0035025
0.632126,1.00476,-1.0918e-06,2.26739e-24,0.00350351
0.632326,1.0047,-1.09282e-06,2.27044e-24,0.00350453
0.632527,1.00464,-1.09384e-06,2.27349e-24,0.00350555
0.632727,1.00458,-1.09485e-06,2.27654e-24,0.00350656
0.632927,1.00452,-1.09587e-06,2.27958e-24,0.00350758
0.633127,1.00446,-1.09689e-06,2.28263e-24,0.0035086
0.633327,1.00439,-1.0979e-06,2.28568e-24,0.00350961
0.633527,1.00433,-1.09892e-06,2.28873e-24,0.00351063
0.633727,1.00427,-1.09994e-06,2.29177e-24,0.00351165
0.633927,1.00421,-1.10095e-06,2.29482e-24,0.00351266
0.634127,1.00415,-1.10197e-06,2.29787e-24,0.00351368
0.634327,1.00409,-1.10299e-06,2.30092e-24,0.0035147
0.634527,1.00403,-1.10401e-06,2.29841e-24,0.00351571
0.634727,1.00397,-1.10506e-06,2.27565e-24,0.00351674
0.634927,1.00391,-1.10611e-06,2.2529e-24,0.00351776
0.635127,1.00384,-1.10716e-06,2.23015e-24,0.00351878
0.635327,1.00378,-1.10821e-06,2.2074e-24,0.0035198
0.635527,1.00372,-1.10927e-06,2.18464e-24,0.00352082
0.635727,1.00366,-1.11032e-06,2.16189e-24,0.00352185
0.635927,1.00359,-1.11137e-06,2.13914e-24,0.00352287
0.636127,1.00353,-1.11242e-06,2.11638e-24,0.00352389
0.636327,1.00347,-1.11347e-06,2.09363e-24,0.00352491
0.636527,1.00341,-1.11452e-06,2.07088e-24,0.00352594
0.636727,1.00335,-1.11557e-06,2.04813e-24,0.00352696
0.636927,1.00328,-1.11662e-06,2.02537e-24,0.00352798
0.637127,1.00322,-1.11767e-06,2.00262e-24,0.003529
0.637327,1.00316,-1.11872e-06,1.97987e-24,0.00353003
0.637528,1.0031,-1.11977e-06,1.95712e-24,0.00353105
0.637728,1.00303,-1.12083e-06,1.93436e-24,0.00353207
0.637928,1.00297,-1.12188e-06,1.91161e-24,0.00353309
0.638128,1.00291,-1.12293e-06,1.88886e-24,0.00353412
0.638328,1.00285,-1.12398e-06,1.86611e-24,0.00353514
0.638528,1.00278,-1.12503e-06,1.84335e-24,0.00353616
0.638728,1.00272,-1.12608e-06,1.8206e-24,0.00353718
0.638928,1.00266,-1.12713e-06,1.79785e-24,0.0035382
0.639128,1.0026,-1.12818e-06,1.77509e-24,0.00353923
0.639328,1.00254,-1.12923e-06,1.75234e-24,0.00354025
0.639528,1.00247,-1.13028e-06,1.72959e-24,0.00354127
0.639728,1.00241,-1.13133e-06,1.70684e-24,0.00354229
0.639928,1.00235,-1.13239e-06,1.68408e-24,0.00354332
0.640128,1.00229,-1.13344e-06,1.66133e-24,0.00354434
0.640328,1.00222,-1.13449e-06,1.63858e-24,0.00354536
0.640528,1.00216,-1.13554e-06,1.61583e-24,0.00354638
0.640728,1.0021,-1.13659e-06,1.59307e-24,0.00354741
0.640928,1.00204,-1.13764e-06,1.57032e-24,0.00354843
0.641128,1.00197,-1.13869e-06,1.54757e-24,0.00354945
0.641328,1.00191,-1.13974e-06,1.52482e-24,0.00355047
0.641528,1.00185,-1.14079e-06,1.50206e-24,0.0035515
0.641728,1.00179,-1.14184e-06,1.47931e-24,0.00355252
0.641928,1.00173,-1.14289e-06,1.45656e-24,0.00355354
0.642128,1.00166,-1.14395e-06,1.4338e-24,0.00355456
0.642328,1.0016,-1.145e-06,1.41105e-24,0.00355558
0.642529,1.00154,-1.14605e-06,1.3883e-24,0.00355661
0.642729,1.00148,-1.1471e-06,1.36555e-24,0.00355763
0.642929,1.00141,-1.14815e-06,1.34279e-24,0.00355865
0.643129,1.00135,-1.1492e-06,1.32004e-24,0.00355967
0.643329,1.00129,-1.15025e-06,1.29729e-24,0.0035607
0.643529,1.00123,-1.1513e-06,1.27454e-24,0.00356172
0.643729,1.00116,-1.15235e-06,1.25178e-24,0.00356274
0.643929,1.0011,-1.1534e-06,1.22903e-24,0.00356376
0.644129,1.00104,-1.15445e-06,1.20628e-24,0.00356479
0.644329,1.00098,-1.15544e-06,1.1978e-24,0.00356578
0.644529,1.00092,-1.15639e-06,1.19953e-24,0.00356676
0.644729,1.00086,-1.15733e-06,1.20127e-24,0.00356774
0.644929,1.0008,-1.15828e-06,1.203e-24,0.00356871
0.645129,1.00073,-1.15922e-06,1.20473e-24,0.00356969
0.645329,1.00067,-1.16017e-06,1.20646e-24,0.00357067
0.645529,1.00061,-1.16111e-06,1.20819e-24,0.00357165
0.645729,1.00055,-1.16206e-06,1.20992e-24,0.00357262
0.645929,1.00049,-1.163e-06,1.21165e-24,0.0035736
0.646129,1.00043,-1.16395e-06,1.21338e-24,0.00357458
0.646329,1.00037,-1.16489e-06,1.21511e-24,0.00357556
0.646529,1.00031,-1.16584e-06,1.21685e-24,0.00357653
0.646729,1.00025,-1.16678e-06,1.21858e-24,0.00357751
0.646929,1.00019,-1.16773e-06,1.22031e-24,0.00357849
0.647129,1.00012,-1.16867e-06,1.22204e-24,0.00357947
0.647329,1.00006,-1.16962e-06,1.22377e-24,0.00358044
0.64753,1,-1.17056e-06,1.2255e-24,0.00358142
0.64773,0.999941,-1.17151e-06,1.22723e-24,0.0035824
0.64793,0.999881,-1.17245e-06,1.22896e-24,0.00358338
0.64813,0.99982,-1.1734e-06,1.23069e-24,0.00358435
0.64833,0.999759,-1.17434e-06,1.23243e-24,0.00358533
0.64853,0.999698,-1.17529e-06,1.23416e-24,0.00358631
0.64873,0.999637,-1.17623e-06,1.23589e-24,0.00358729
0.64893,0.999576,-1.17718e-06,1.23762e-24,0.00358826
0.64913,0.999513,-1.17815e-06,1.2394e-24,0.00358927
0.64933,0.999445,-1.1792e-06,1.24132e-24,0.00359035
0.64953,0.999378,-1.18025e-06,1.24324e-24,0.00359144
0.64973,0.99931,-1.18129e-06,1.24516e-24,0.00359252
0.64993,0.999242,-1.18234e-06,1.24708e-24,0.00359361
0.65013,0.999175,-1.18339e-06,1.249e-24,0.00359469
0.65033,0.999107,-1.18444e-06,1.25092e-24,0.00359578
0.65053,0.999039,-1.18549e-06,1.25284e-24,0.00359686
0.65073,0.998972,-1.18653e-06,1.25476e-24,0.00359794
0.65093,0.998904,-1.18758e-06,1.25668e-24,0.00359903
0.65113,0.998836,-1.18863e-06,1.2586e-24,0.00360011
0.65133,0.998769,-1.18968e-06,1.26052e-24,0.0036012
0.65153,0.998701,-1.19073e-06,1.26244e-24,0.00360228
0.65173,0.998633,-1.19178e-06,1.26436e-24,0.00360337
0.65193,0.998566,-1.19282e-06,1.26628e-24,0.00360445
0.65213,0.998498,-1.19387e-06,1.2682e-24,0.00360553
0.65233,0.998431,-1.19492e-06,1.27013e-24,0.00360662
0.652531,0.998363,-1.19597e-06,1.27205e-24,0.0036077
0.652731,0.998295,-1.19702e-06,1.27397e-24,0.00360879
0.652931,0.998228,-1.19806e-06,1.27589e-24,0.00360987
0.653131,0.99816,-1.19911e-06,1.27781e-24,0.00361096
0.653331,0.998092,-1.20016e-06,1.27973e-24,0.00361204
0.653531,0.998025,-1.2012e-06,1.29259e-24,0.00361311
0.653731,0.997959,-1.20224e-06,1.32574e-24,0.00361414
0.653931,0.997894,-1.20327e-06,1.3589e-24,0.00361517
0.654131,0.997828,-1.20431e-06,1.39205e-24,0.00361621
0.654331,0.997762,-1.20534e-06,1.42521e-24,0.00361724
0.654531,0.997696,-1.20638e-06,1.45836e-24,0.00361827
0.654731,0.99763,-1.20741e-06,1.49152e-24,0.0036193
0.654931,0.997564,-1.20845e-06,1.52467e-24,0.00362034
0.655131,0.997498,-1.20948e-06,1.55783e-24,0.00362137
0.655331,0.997433,-1.21052e-06,1.59098e-24,0.0036224
0.655531,0.997367,-1.21155e-06,1.62414e-24,0.00362344
0.655731,0.997301,-1.21259e-06,1.65729e-24,0.00362447
0.655931,0.997235,-1.21362e-06,1.69045e-24,0.0036255
0.656131,0.997169,-1.21466e-06,1.7236e-24,0.00362654
0.656331,0.997103,-1.21569e-06,1.75676e-24,0.00362757
0.656531,0.997037,-1.21673e-06,1.78991e-24,0.0036286
0.656731,0.996972,-1.21776e-06,1.82307e-24,0.00362964
0.656931,0.996906,-1.2188e-06,1.85622e-24,0.00363067
0.657131,0.99684,-1.21983e-06,1.88938e-24,0.0036317
0.657331,0.996774,-1.22087e-06,1.92253e-24,0.00363273
0.657532,0.996708,-1.2219e-06,1.95569e-24,0.00363377
0.657732,0.996642,-1.22294e-06,1.98884e-24,0.0036348
0.657932,0.996576,-1.22397e-06,2.022e-24,0.00363583
0.658132,0.996511,-1.22501e-06,2.05515e-24,0.00363687
0.658332,0.996445,-1.22604e-06,2.08831e-24,0.0036379
0.658532,0.996379,-1.22708e-06,2.12146e-24,0.00363893
0.658732,0.996313,-1.22811e-06,2.15462e-24,0.00363997
0.658932,0.996247,-1.22915e-06,2.18777e-24,0.003641
0.659132,0.996181,-1.23018e-06,2.22093e-24,0.00364203
0.659332,0.996115,-1.23122e-06,2.25408e-24,0.00364307
0.659532,0.99605,-1.23225e-06,2.28724e-24,0.0036441
0.659732,0.995984,-1.23329e-06,2.32039e-24,0.00364513
0.659932,0.995918,-1.23432e-06,2.35355e-24,0.00364617
0.660132,0.995852,-1.23536e-06,2.3867e-24,0.0036472
0.660332,0.995786,-1.23639e-06,2.41986e-24,0.00364823
0.660532,0.99572,-1.23743e-06,2.45301e-24,0.00364926
0.660732,0.995654,-1.23846e-06,2.48617e-24,0.0036503
0.660932,0.995589,-1.2395e-06,2.51932e-24,0.00365133
0.661132,0.995523,-1.24053e-06,2.55248e-24,0.00365236
0.661332,0.995457,-1.24157e-06,2.58563e-24,0.0036534
0.661532,0.995391,-1.2426e-06,2.61879e-24,0.00365443
0.661732,0.995325,-1.24364e-06,2.65194e-24,0.00365546
0.661932,0.995259,-1.24467e-06,2.6851e-24,0.0036565
0.662132,0.995193,-1.24571e-06,2.71825e-24,0.00365753
0.662332,0.995127,-1.24671e-06,2.73697e-24,0.00365857
0.662533,0.995059,-1.24769e-06,2.74217e-24,0.0036596
0.662733,0.994991,-1.24866e-06,2.74738e-24,0.00366064
0.662933,0.994924,-1.24964e-06,2.75259e-24,0.00366168
0.663133,0.994856,-1.25061e-06,2.7578e-24,0.00366272
0.663333,0.994788,-1.25159e-06,2.763e-24,0.00366376
0.663533,0.994721,-1.25256e-06,2.76821e-24,0.00366479
0.663733,0.994653,-1.25354e-06,2.77342e-24,0.00366583
0.663933,0.994586,-1.25451e-06,2.77863e-24,0.00366687
0.664133,0.994518,-1.25548e-06,2.78383e-24,0.00366791
0.664333,0.99445,-1.25646e-06,2.78904e-24,0.00366895
0.664533,0.994383,-1.25743e-06,2.79425e-24,0.00366998
0.664733,0.994315,-1.25841e-06,2.79946e-24,0.00367102
0.664933,0.994247,-1.25938e-06,2.80467e-24,0.00367206
0.665133,0.99418,-1.26036e-06,2.80987e-24,0.0036731
0.665333,0.994112,-1.26133e-06,2.81508e-24,0.00367414
0.665533,0.994044,-1.26231e-06,2.82029e-24,0.00367517
0.665733,0.993977,-1.26328e-06,2.8255e-24,0.00367621
0.665933,0.993909,-1.26426e-06,2.8307e-24,0.00367725
0.666133,0.993841,-1.26523e-06,2.83591e-24,0.00367829
0.666333,0.993774,-1.26621e-06,2.84112e-24,0.00367933
0.666533,0.993706,-1.26718e-06,2.84633e-24,0.00368036
0.666733,0.993638,-1.26816e-06,2.85153e-24,0.0036814
0.666933,0.993571,-1.26913e-06,2.85674e-24,0.00368244
0.667133,0.993503,-1.27011e-06,2.86195e-24,0.00368348
0.667333,0.993436,-1.27108e-06,2.86716e-24,0.00368452
0.667534,0.993368,-1.27206e-06,2.87236e-24,0.00368555
0.667734,0.9933,-1.27303e-06,2.87757e-24,0.00368659
0.667934,0.993233,-1.27401e-06,2.88278e-24,0.00368763
0.668134,0.993165,-1.27498e-06,2.88799e-24,0.00368867
0.668334,0.993097,-1.27596e-06,2.8932e-24,0.00368971
0.668534,0.99303,-1.27693e-06,2.8984e-24,0.00369074
0.668734,0.992962,-1.2779e-06,2.90361e-24,0.00369178
0.668934,0.992894,-1.27888e-06,2.90882e-24,0.00369282
0.669134,0.992827,-1.27985e-06,2.91403e-24,0.00369386
0.669334,0.992759,-1.28083e-06,2.91923e-24,0.0036949
0.669534,0.992691,-1.2818e-06,2.92444e-24,0.00369593
0.669734,0.992624,-1.28278e-06,2.92965e-24,0.00369697
0.669934,0.992556,-1.28375e-06,2.93486e-24,0.00369801
0.670134,0.992488,-1.28473e-06,2.94006e-24,0.00369905
0.670334,0.992421,-1.2857e-06,2.94527e-24,0.00370009
0.670534,0.992353,-1.28668e-06,2.95048e-24,0.00370112
0.670734,0.992286,-1.28765e-06,2.95569e-24,0.00370216
0.670934,0.992218,-1.28863e-06,2.9609e-24,0.0037032
0.671134,0.992149,-1.28962e-06,2.96521e-24,0.00370424
0.671334,0.992079,-1.29062e-06,2.96911e-24,0.00370528
0.671534,0.99201,-1.29162e-06,2.973e-24,0.00370633
0.671734,0.99194,-1.29262e-06,2.9769e-24,0.00370737
0.671934,0.991871,-1.29362e-06,2.9808e-24,0.00370841
0.672134,0.991801,-1.29462e-06,2.9847e-24,0.00370945
0.672334,0.991732,-1.29562e-06,2.9886e-24,0.0037105
0.672535,0.991662,-1.29662e-06,2.9925e-24,0.00371154
0.672735,0.991593,-1.29761e-06,2.99639e-24,0.00371258
0.672935,0.991523,-1.29861e-06,3.00029e-24,0.00371363
0.673135,0.991454,-1.29961e-06,3.00419e-24,0.00371467
0.673335,0.991384,-1.30061e-06,3.00809e-24,0.00371571
0.673535,0.991315,-1.30161e-06,3.01199e-24,0.00371675
0.673735,0.991245,-1.30261e-06,3.01588e-24,0.0037178
0.673935,0.991176,-1.30361e-06,3.01978e-24,0.00371884
0.674135,0.991106,-1.30461e-06,3.02368e-24,0.00371988
0.674335,0.991037,-1.30561e-06,3.02758e-24,0.00372093
0.674535,0.990967,-1.30661e-06,3.03148e-24,0.00372197
0.674735,0.990898,-1.30761e-06,3.03537e-24,0.00372301
0.674935,0.990828,-1.30861e-06,3.03927e-24,0.00372405
0.675135,0.990759,-1.30961e-06,3.04317e-24,0.0037251
0.675335,0.990689,-1.31061e-06,3.04707e-24,0.00372614
0.675535,0.99062,-1.31161e-06,3.05097e-24,0.00372718
0.675735,0.99055,-1.31261e-06,3.05487e-24,0.00372823
0.675935,0.99048,-1.31361e-06,3.05876e-24,0.00372927
0.676135,0.990411,-1.3146e-06,3.06266e-24,0.00373031
0.676335,0.990341,-1.3156e-06,3.06656e-24,0.00373135
0.676535,0.990272,-1.3166e-06,3.07046e-24,0.0037324
0.676735,0.990202,-1.3176e-06,3.07436e-24,0.00373344
0.676935,0.990133,-1.3186e-06,3.07825e-24,0.00373448
0.677135,0.990063,-1.3196e-06,3.08215e-24,0.00373553
0.677335,0.989994,-1.3206e-06,3.08605e-24,0.00373657
0.677536,0.989924,-1.3216e-06,3.08995e-24,0.00373761
0.677736,0.989855,-1.3226e-06,3.09385e-24,0.00373865
0.677936,0.989785,-1.3236e-06,3.09774e-24,0.0037397
0.678136,0.989716,-1.3246e-06,3.10164e-24,0.00374074
0.678336,0.989646,-1.3256e-06,3.10554e-24,0.00374178
0.678536,0.989577,-1.3266e-06,3.10944e-24,0.00374282
0.678736,0.989507,-1.3276e-06,3.11334e-24,0.00374387
0.678936,0.989438,-1.3286e-06,3.11724e-24,0.00374491
0.679136,0.989368,-1.3296e-06,3.12113e-24,0.00374595
0.679336,0.989299,-1.3306e-06,3.12503e-24,0.003747
0.679536,0.989229,-1.33159e-06,3.12893e-24,0.00374804
0.679736,0.98916,-1.33259e-06,3.13283e-24,0.00374908
0.679936,0.989091,-1.33353e-06,3.10147e-24,0.00375008
0.680136,0.989023,-1.33445e-06,3.06388e-24,0.00375108
0.680336,0.988955,-1.33538e-06,3.02629e-24,0.00375208
0.680536,0.988887,-1.3363e-06,2.9887e-24,0.00375307
0.680736,0.98882,-1.33723e-06,2.95111e-24,0.00375407
0.680936,0.988752,-1.33815e-06,2.91351e-24,0.00375506
0.681136,0.988684,-1.33908e-06,2.87592e-24,0.00375606
0.681336,0.988616,-1.34e-06,2.83833e-24,0.00375706
0.681536,0.988548,-1.34092e-06,2.80074e-24,0.00375805
0.681736,0.98848,-1.34185e-06,2.76315e-24,0.00375905
0.681936,0.988412,-1.34277e-06,2.72555e-24,0.00376004
0.682136,0.988344,-1.3437e-06,2.68796e-24,0.00376104
0.682336,0.988276,-1.34462e-06,2.65037e-24,0.00376204
0.682537,0.988208,-1.34554e-06,2.61278e-24,0.00376303
0.682737,0.98814,-1.34647e-06,2.57519e-24,0.00376403
0.682937,0.988072,-1.34739e-06,2.5376e-24,0.00376502
0.683137,0.988004,-1.34832e-06,2.5e-24,0.00376602
0.683337,0.987936,-1.34924e-06,2.46241e-24,0.00376702
0.683537,0.987868,-1.35017e-06,2.42482e-24,0.00376801
0.683737,0.9878,-1.35109e-06,2.38723e-24,0.00376901
0.683937,0.987732,-1.35201e-06,2.34964e-24,0.00377
0.684137,0.987664,-1.35294e-06,2.31204e-24,0.003771
0.684337,0.987589,-1.35396e-06,2.27062e-24,0.0037721
0.684537,0.987514,-1.35498e-06,2.22892e-24,0.0037732
0.684737,0.987438,-1.35601e-06,2.18722e-24,0.00377431
0.684937,0.987363,-1.35703e-06,2.14552e-24,0.00377541
0.685137,0.987288,-1.35806e-06,2.10382e-24,0.00377652
0.685337,0.987212,-1.35908e-06,2.06212e-24,0.00377762
0.685537,0.987137,-1.36011e-06,2.02042e-24,0.00377873
0.685737,0.987062,-1.36113e-06,1.97872e-24,0.00377983
0.685937,0.986986,-1.36216e-06,1.93702e-24,0.00378094
0.686137,0.986911,-1.36318e-06,1.89532e-24,0.00378204
0.686337,0.986835,-1.36421e-06,1.85362e-24,0.00378315
0.686537,0.98676,-1.36523e-06,1.81192e-24,0.00378425
0.686737,0.986685,-1.36626e-06,1.77022e-24,0.00378535
0.686937,0.986609,-1.36729e-06,1.72852e-24,0.00378646
0.687137,0.986534,-1.36831e-06,1.68682e-24,0.00378756
0.687337,0.986458,-1.36934e-06,1.64512e-24,0.00378867
0.687538,0.986383,-1.37036e-06,1.60342e-24,0.00378977
0.687738,0.986308,-1.37139e-06,1.56172e-24,0.00379088
0.687938,0.986232,-1.37241e-06,1.52002e-24,0.00379198
0.688138,0.986157,-1.37344e-06,1.47905e-24,0.00379308
0.688338,0.986084,-1.37446e-06,1.44144e-24,0.00379413
0.688538,0.986011,-1.37549e-06,1.40383e-24,0.00379518
0.688738,0.985937,-1.37651e-06,1.36623e-24,0.00379623
0.688938,0.985864,-1.37754e-06,1.32862e-24,0.00379729
0.689138,0.985791,-1.37857e-06,1.29101e-24,0.00379834
0.689338,0.985717,-1.37959e-06,1.25341e-24,0.00379939
0.689538,0.985644,-1.38062e-06,1.2158e-24,0.00380044
0.689738,0.985571,-1.38164e-06,1.1782e-24,0.00380149
0.689938,0.985497,-1.38267e-06,1.14059e-24,0.00380254
0.690138,0.985424,-1.3837e-06,1.10298e-24,0.0038036
0.690338,0.985351,-1.38472e-06,1.06538e-24,0.00380465
0.690538,0.985277,-1.38575e-06,1.02777e-24,0.0038057
0.690738,0.985204,-1.38677e-06,9.90162e-25,0.00380675
0.690938,0.98513,-1.3878e-06,9.52556e-25,0.0038078
0.691138,0.985057,-1.38883e-06,9.14949e-25,0.00380885
0.691338,0.984984,-1.38985e-06,8.77343e-25,0.00380991
0.691538,0.98491,-1.39088e-06,8.39736e-25,0.00381096
0.691738,0.984837,-1.3919e-06,8.02129e-25,0.00381201
0.691938,0.984764,-1.39293e-06,7.64523e-25,0.00381306
0.692138,0.98469,-1.39395e-06,7.26916e-25,0.00381411
0.692338,0.984617,-1.39498e-06,6.8931e-25,0.00381516
0.692539,0.984544,-1.39601e-06,6.51703e-25,0.00381622
0.692739,0.98447,-1.39703e-06,6.14096e-25,0.00381727
0.692939,0.984397,-1.39806e-06,5.7649e-25,0.00381832
0.693139,0.984324,-1.39908e-06,5.38883e-25,0.00381937
0.693339,0.98425,-1.40011e-06,5.01277e-25,0.00382042
0.693539,0.984177,-1.40114e-06,4.6367e-25,0.00382148
0.693739,0.984104,-1.40216e-06,4.26064e-25,0.00382253
0.693939,0.98403,-1.40319e-06,3.88457e-25,0.00382358
0.694139,0.983957,-1.40421e-06,3.5085e-25,0.00382463
0.694339,0.983884,-1.40524e-06,3.13244e-25,0.00382568
0.694539,0.98381,-1.40627e-06,2.75637e-25,0.00382673
0.694739,0.983737,-1.40729e-06,2.38031e-25,0.00382779
0.694939,0.983664,-1.40832e-06,2.00424e-25,0.00382884
0.695139,0.98359,-1.40934e-06,1.62817e-25,0.00382989
0.695339,0.983517,-1.41037e-06,1.25211e-25,0.00383094
0.695539,0.983444,-1.41139e-06,8.76043e-26,0.00383199
0.695739,0.98337,-1.41242e-06,4.99977e-26,0.00383304
0.695939,0.983297,-1.41345e-06,1.23912e-26,0.0038341
0.696139,0.983222,-1.41444e-06,0,0.00383515
0.696339,0.983147,-1.41543e-06,0,0.00383621
0.696539,0.983072,-1.41641e-06,0,0.00383726
0.696739,0.982997,-1.41739e-06,0,0.00383832
0.696939,0.982921,-1.41837e-06,0,0.00383937
0.697139,0.982846,-1.41936e-06,0,0.00384043
0.697339,0.982771,-1.42034e-06,0,0.00384148
0.69754,0.982696,-1.42132e-06,0,0.00384254
0.69774,0.98262,-1.4223e-06,0,0.0038436
0.69794,0.982545,-1.42329e-06,0,0.00384465
0.69814,0.98247,-1.42427e-06,0,0.00384571
0.69834,0.982394,-1.42525e-06,0,0.00384676
0.69854,0.982319,-1.42624e-06,0,0.00384782
0.69874,0.982244,-1.42722e-06,0,0.00384888
0.69894,0.982169,-1.4282e-06,0,0.00384993
0.69914,0.982093,-1.42918e-06,0,0.00385099
0.69934,0.982018,-1.43017e-06,0,0.00385204
0.69954,0.981943,-1.43115e-06,0,0.0038531
0.69974,0.981868,-1.43213e-06,0,0.00385415
0.69994,0.981792,-1.43311e-06,0,0.00385521
0.70014,0.981717,-1.4341e-06,0,0.00385627
0.70034,0.981642,-1.43508e-06,0,0.00385732
0.70054,0.981566,-1.43606e-06,0,0.00385838
0.70074,0.981491,-1.43705e-06,0,0.00385943
0.70094,0.981416,-1.43803e-06,0,0.00386049
0.70114,0.981341,-1.43901e-06,0,0.00386154
0.70134,0.981265,-1.43999e-06,0,0.0038626
0.70154,0.98119,-1.44098e-06,0,0.00386366
0.70174,0.981115,-1.44196e-06,0,0.00386471
0.70194,0.98104,-1.44294e-06,0,0.00386577
0.70214,0.980964,-1.44392e-06,0,0.00386682
0.70234,0.980889,-1.44491e-06,0,0.00386788
0.702541,0.980814,-1.44589e-06,0,0.00386893
0.702741,0.980739,-1.44687e-06,0,0.00386999
0.702941,0.980663,-1.44785e-06,0,0.00387105
0.703141,0.980588,-1.44884e-06,0,0.0038721
0.703341,0.980513,-1.44982e-06,0,0.00387316
0.703541,0.980437,-1.4508e-06,0,0.00387421
0.703741,0.980362,-1.45179e-06,0,0.00387527
0.703941,0.980287,-1.45278e-06,0,0.00387633
0.704141,0.980209,-1.45382e-06,0,0.00387739
0.704341,0.980132,-1.45487e-06,0,0.00387844
0.704541,0.980055,-1.45591e-06,0,0.0038795
0.704741,0.979977,-1.45695e-06,0,0.00388056
0.704941,0.9799,-1.458e-06,0,0.00388162
0.705141,0.979823,-1.45904e-06,0,0.00388268
0.705341,0.979745,-1.46008e-06,0,0.00388374
0.705541,0.979668,-1.46113e-06,0,0.0038848
0.705741,0.979591,-1.46217e-06,0,0.00388586
0.705941,0.979514,-1.46321e-06,0,0.00388692
0.706141,0.979436,-1.46426e-06,0,0.00388798
0.706341,0.979359,-1.4653e-06,0,0.00388904
0.706541,0.979282,-1.46634e-06,0,0.0038901
0.706741,0.979204,-1.46739e-06,0,0.00389116
0.706941,0.979127,-1.46843e-06,0,0.00389222
0.707141,0.97905,-1.46948e-06,0,0.00389328
0.707341,0.978973,-1.47052e-06,0,0.00389434
0.707542,0.978895,-1.47156e-06,0,0.0038954
0.707742,0.978818,-1.47261e-06,0,0.00389646
0.707942,0.978741,-1.47365e-06,0,0.00389752
0.708142,0.978663,-1.47469e-06,0,0.00389858
0.708342,0.978586,-1.47574e-06,0,0.00389964
0.708542,0.978509,-1.47678e-06,0,0.0039007
0.708742,0.978431,-1.47782e-06,0,0.00390176
0.708942,0.978354,-1.47887e-06,0,0.00390282
0.709142,0.978277,-1.47991e-06,0,0.00390388
0.709342,0.9782,-1.48096e-06,0,0.00390494
0.709542,0.978122,-1.482e-06,0,0.003906
0.709742,0.978045,-1.48304e-06,0,0.00390706
0.709942,0.977968,-1.48409e-06,0,0.00390812
0.710142,0.97789,-1.48513e-06,0,0.00390918
0.710342,0.977813,-1.48617e-06,0,0.00391024
0.710542,0.977736,-1.48722e-06,0,0.0039113
0.710742,0.977658,-1.48826e-06,0,0.00391236
0.710942,0.977581,-1.4893e-06,0,0.00391342
0.711142,0.977504,-1.49035e-06,0,0.00391448
0.711342,0.977427,-1.49139e-06,0,0.00391554
0.711542,0.977349,-1.49243e-06,0,0.0039166
0.711742,0.977272,-1.49348e-06,0,0.00391766
0.711942,0.977196,-1.49451e-06,0,0.00391868
0.712142,0.97712,-1.49554e-06,0,0.0039197
0.712342,0.977045,-1.49657e-06,0,0.00392071
0.712543,0.976969,-1.4976e-06,0,0.00392172
0.712743,0.976894,-1.49862e-06,0,0.00392273
0.712943,0.976818,-1.49965e-06,0,0.00392374
0.713143,0.976743,-1.50068e-06,0,0.00392475
0.713343,0.976667,-1.50171e-06,0,0.00392576
0.713543,0.976592,-1.50274e-06,0,0.00392677
0.713743,0.976516,-1.50376e-06,0,0.00392779
0.713943,0.976441,-1.50479e-06,0,0.0039288
0.714143,0.976365,-1.50582e-06,0,0.00392981
0.714343,0.97629,-1.50685e-06,0,0.00393082
0.714543,0.976214,-1.50788e-06,0,0.00393183
0.714743,0.976139,-1.5089e-06,0,0.00393284
0.714943,0.976063,-1.50993e-06,0,0.00393385
0.715143,0.975988,-1.51096e-06,0,0.00393487
0.715343,0.975912,-1.51199e-06,0,0.00393588
0.715543,0.975837,-1.51302e-06,0,0.00393689
0.715743,0.975761,-1.51404e-06,0,0.0039379
0.715943,0.975678,-1.51517e-06,0,0.00393901
0.716143,0.975594,-1.51631e-06,0,0.00394013
0.716343,0.975511,-1.51745e-06,0,0.00394125
0.716543,0.975427,-1.51859e-06,0,0.00394238
0.716743,0.975343,-1.51974e-06,0,0.0039435
0.716943,0.975259,-1.52088e-06,0,0.00394462
0.717143,0.975176,-1.52202e-06,0,0.00394574
0.717343,0.975092,-1.52316e-06,0,0.00394686
0.717544,0.975008,-1.5243e-06,0,0.00394798
0.717744,0.974924,-1.52544e-06,0,0.00394911
0.717944,0.974841,-1.52658e-06,0,0.00395023
0.718144,0.974757,-1.52772e-06,0,0.00395135
0.718344,0.974673,-1.52886e-06,0,0.00395247
0.718544,0.974589,-1.53e-06,0,0.00395359
0.718744,0.974505,-1.53114e-06,0,0.00395472
0.718944,0.974422,-1.53228e-06,0,0.00395584
0.719144,0.974338,-1.53342e-06,0,0.00395696
0.719344,0.974254,-1.53456e-06,0,0.00395808
0.719544,0.974173,-1.53575e-06,0,0.00395914
0.719744,0.974092,-1.53694e-06,0,0.00396021
0.719944,0.97401,-1.53812e-06,0,0.00396128
0.720144,0.973929,-1.53931e-06,0,0.00396235
0.720344,0.973847,-1.54049e-06,0,0.00396341
0.720544,0.973766,-1.54168e-06,0,0.00396448
0.720744,0.973684,-1.54287e-06,0,0.00396555
0.720944,0.973603,-1.54405e-06,0,0.00396661
0.721144,0.973522,-1.54524e-06,0,0.00396768
0.721344,0.97344,-1.54642e-06,0,0.00396875
0.721544,0.973359,-1.54761e-06,0,0.00396982
0.721744,0.973277,-1.54879e-06,0,0.00397088
0.721944,0.973196,-1.54998e-06,0,0.00397195
0.722144,0.973114,-1.55117e-06,0,0.00397302
0.722344,0.973033,-1.55235e-06,0,0.00397408
0.722545,0.972951,-1.55354e-06,0,0.00397515
0.722745,0.97287,-1.55472e-06,0,0.00397622
0.722945,0.972789,-1.55591e-06,0,0.00397729
0.723145,0.972707,-1.5571e-06,0,0.00397835
0.723345,0.972626,-1.55828e-06,0,0.00397942
0.723545,0.972544,-1.55947e-06,0,0.00398049
0.723745,0.972463,-1.56065e-06,0,0.00398155
0.723945,0.972381,-1.56184e-06,0,0.00398262
0.724145,0.9723,-1.56302e-06,0,0.00398369
0.724345,0.972219,-1.56421e-06,0,0.00398476
0.724545,0.972137,-1.5654e-06,0,0.00398582
0.724745,0.972056,-1.56658e-06,0,0.00398689
0.724945,0.971974,-1.56777e-06,0,0.00398796
0.725145,0.971893,-1.56895e-06,0,0.00398902
0.725345,0.971811,-1.57014e-06,0,0.00399009
0.725545,0.97173,-1.57133e-06,0,0.00399116
0.725745,0.971649,-1.57251e-06,0,0.00399223
0.725945,0.971567,-1.5737e-06,0,0.00399329
0.726145,0.971486,-1.57488e-06,0,0.00399436
0.726345,0.971404,-1.57607e-06,0,0.00399543
0.726545,0.971322,-1.57727e-06,0,0.0039965
0.726745,0.971238,-1.5785e-06,0,0.00399757
0.726945,0.971155,-1.57972e-06,0,0.00399864
0.727145,0.971071,-1.58094e-06,0,0.00399971
0.727345,0.970988,-1.58217e-06,0,0.00400078
0.727546,0.970904,-1.58339e-06,0,0.00400185
0.727746,0.970821,-1.58462e-06,0,0.00400292
0.727946,0.970737,-1.58584e-06,0,0.00400399
0.728146,0.970654,-1.58706e-06,0,0.00400506
0.728346,0.97057,-1.58829e-06,0,0.00400613
0.728546,0.970487,-1.58951e-06,0,0.0040072
0.728746,0.970403,-1.59073e-06,0,0.00400827
0.728946,0.970319,-1.59196e-06,0,0.00400934
0.729146,0.970236,-1.59318e-06,0,0.00401041
0.729346,0.970152,-1.5944e-06,0,0.00401148
0.729546,0.970069,-1.59563e-06,0,0.00401256
0.729746,0.969985,-1.59685e-06,0,0.00401363
0.729946,0.969902,-1.59808e-06,0,0.0040147
0.730146,0.969818,-1.5993e-06,0,0.00401577
0.730346,0.969735,-1.60052e-06,0,0.00401684
0.730546,0.969651,-1.60175e-06,0,0.00401791
0.730746,0.969568,-1.60297e-06,0,0.00401898
0.730946,0.969484,-1.60419e-06,0,0.00402005
0.731146,0.969401,-1.60542e-06,0,0.00402112
0.731346,0.969317,-1.60664e-06,0,0.00402219
0.731546,0.969234,-1.60787e-06,0,0.00402326
0.731746,0.96915,-1.60909e-06,0,0.00402433
0.731946,0.969066,-1.61031e-06,0,0.0040254
0.732146,0.968983,-1.61154e-06,0,0.00402647
0.732346,0.968899,-1.61276e-06,0,0.00402754
0.732547,0.968816,-1.61398e-06,0,0.00402861
0.732747,0.968732,-1.61521e-06,0,0.00402968
0.732947,0.968649,-1.61643e-06,0,0.00403075
0.733147,0.968565,-1.61765e-06,0,0.00403183
0.733347,0.968482,-1.61888e-06,0,0.0040329
0.733547,0.968398,-1.6201e-06,0,0.00403397
0.733747,0.968313,-1.62143e-06,4.36508e-26,0.00403504
0.733947,0.968227,-1.62278e-06,9.35247e-26,0.00403611
0.734147,0.968141,-1.62413e-06,1.43399e-25,0.00403719
0.734347,0.968056,-1.62547e-06,1.93273e-25,0.00403826
0.734547,0.96797,-1.62682e-06,2.43146e-25,0.00403934
0.734747,0.967884,-1.62817e-06,2.9302e-25,0.00404041
0.734947,0.967798,-1.62951e-06,3.42894e-25,0.00404148
0.735147,0.967713,-1.63086e-06,3.92768e-25,0.00404256
0.735347,0.967627,-1.63221e-06,4.42642e-25,0.00404363
0.735547,0.967541,-1.63355e-06,4.92516e-25,0.00404471
0.735747,0.967455,-1.6349e-06,5.4239e-25,0.00404578
0.735947,0.96737,-1.63625e-06,5.92264e-25,0.00404685
0.736147,0.967284,-1.63759e-06,6.42138e-25,0.00404793
0.736347,0.967198,-1.63894e-06,6.92012e-25,0.004049
0.736547,0.967112,-1.64029e-06,7.41886e-25,0.00405007
0.736747,0.967027,-1.64163e-06,7.91759e-25,0.00405115
0.736947,0.966941,-1.64298e-06,8.41633e-25,0.00405222
0.737147,0.966855,-1.64433e-06,8.91507e-25,0.0040533
0.737347,0.96677,-1.64567e-06,9.41381e-25,0.00405437
0.737548,0.966684,-1.64702e-06,9.91255e-25,0.00405544
0.737748,0.966598,-1.64837e-06,1.04113e-24,0.00405652
0.737948,0.966512,-1.64971e-06,1.091e-24,0.00405759
0.738148,0.966427,-1.65106e-06,1.14088e-24,0.00405867
0.738348,0.966341,-1.65241e-06,1.19075e-24,0.00405974
0.738548,0.966255,-1.65375e-06,1.24062e-24,0.00406081
0.738748,0.966169,-1.6551e-06,1.2905e-24,0.00406189
0.738948,0.966084,-1.65645e-06,1.34037e-24,0.00406296
0.739148,0.965998,-1.65779e-06,1.39025e-24,0.00406404
0.739348,0.965912,-1.65914e-06,1.44012e-24,0.00406511
0.739548,0.965826,-1.66049e-06,1.48999e-24,0.00406618
0.739748,0.965741,-1.66183e-06,1.53987e-24,0.00406726
0.739948,0.965655,-1.66318e-06,1.58974e-24,0.00406833
0.740148,0.965569,-1.66453e-06,1.63962e-24,0.0040694
0.740348,0.965484,-1.66587e-06,1.68949e-24,0.00407048
0.740548,0.965398,-1.66722e-06,1.73936e-24,0.00407155
0.740748,0.965313,-1.66858e-06,1.787e-24,0.00407261
0.740948,0.965229,-1.66997e-06,1.82843e-24,0.00407364
0.741148,0.965145,-1.67137e-06,1.86986e-24,0.00407466
0.741348,0.965061,-1.67276e-06,1.91129e-24,0.00407569
0.741548,0.964978,-1.67416e-06,1.95272e-24,0.00407671
0.741748,0.964894,-1.67555e-06,1.99415e-24,0.00407773
0.741948,0.96481,-1.67695e-06,2.03558e-24,0.00407876
0.742148,0.964727,-1.67834e-06,2.07701e-24,0.00407978
0.742348,0.964643,-1.67973e-06,2.11844e-24,0.00408081
0.742549,0.964559,-1.68113e-06,2.15988e-24,0.00408183
0.742749,0.964476,-1.68252e-06,2.20131e-24,0.00408285
0.742949,0.964392,-1.68392e-06,2.24274e-24,0.00408388
0.743149,0.964308,-1.68531e-06,2.28417e-24,0.0040849
0.743349,0.964224,-1.68671e-06,2.3256e-24,0.00408593
0.743549,0.964141,-1.6881e-06,2.36703e-24,0.00408695
0.743749,0.964057,-1.6895e-06,2.40846e-24,0.00408798
0.743949,0.963973,-1.69089e-06,2.44989e-24,0.004089
0.744149,0.96389,-1.69228e-06,2.49132e-24,0.00409002
0.744349,0.963802,-1.69375e-06,2.53484e-24,0.0040911
0.744549,0.963709,-1.6953e-06,2.5808e-24,0.00409224
0.744749,0.963616,-1.69684e-06,2.62676e-24,0.00409337
0.744949,0.963523,-1.69839e-06,2.67273e-24,0.00409451
0.745149,0.96343,-1.69994e-06,2.71869e-24,0.00409564
0.745349,0.963337,-1.70148e-06,2.76465e-24,0.00409678
0.745549,0.963244,-1.70303e-06,2.81061e-24,0.00409792
0.745749,0.963152,-1.70458e-06,2.85657e-24,0.00409905
0.745949,0.963059,-1.70612e-06,2.90253e-24,0.00410019
0.746149,0.962966,-1.70767e-06,2.94849e-24,0.00410132
0.746349,0.962873,-1.70922e-06,2.99446e-24,0.00410246
0.746549,0.96278,-1.71076e-06,3.04042e-24,0.0041036
0.746749,0.962687,-1.71231e-06,3.08638e-24,0.00410473
0.746949,0.962594,-1.71386e-06,3.13234e-24,0.00410587
0.747149,0.962502,-1.71541e-06,3.1783e-24,0.00410701
0.747349,0.962409,-1.71695e-06,3.22426e-24,0.00410814
0.74755,0.962317,-1.71854e-06,3.25206e-24,0.00410925
0.74775,0.962227,-1.7202e-06,3.25399e-24,0.00411033
0.74795,0.962136,-1.72185e-06,3.25591e-24,0.00411141
0.74815,0.962046,-1.7235e-06,3.25784e-24,0.00411249
0.74835,0.961956,-1.72516e-06,3.25977e-24,0.00411357
0.74855,0.961866,-1.72681e-06,3.26169e-24,0.00411465
0.74875,0.961776,-1.72847e-06,3.26362e-24,0.00411573
0.74895,0.961685,-1.73012e-06,3.26554e-24,0.00411681
0.74915,0.961595,-1.73177e-06,3.26747e-24,0.0041179
0.74935,0.961505,-1.73343e-06,3.2694e-24,0.00411898
0.74955,0.961415,-1.73508e-06,3.27132e-24,0.00412006
0.74975,0.961324,-1.73674e-06,3.27325e-24,0.00412114
0.74995,0.961234,-1.73839e-06,3.27517e-24,0.00412222
0.75015,0.961144,-1.74004e-06,3.2771e-24,0.0041233
0.75035,0.961054,-1.7417e-06,3.27903e-24,0.00412438
0.75055,0.960963,-1.74335e-06,3.28095e-24,0.00412546
0.75075,0.960873,-1.745e-06,3.28288e-24,0.00412654
0.75095,0.960783,-1.74666e-06,3.2848e-24,0.00412762
0.75115,0.960693,-1.74831e-06,3.28673e-24,0.0041287
0.75135,0.960602,-1.74997e-06,3.28866e-24,0.00412978
0.75155,0.960512,-1.75162e-06,3.29058e-24,0.00413086
0.75175,0.960422,-1.75327e-06,3.29251e-24,0.00413194
0.75195,0.960332,-1.75493e-06,3.29443e-24,0.00413302
0.75215,0.960242,-1.75658e-06,3.29636e-24,0.0041341
0.75235,0.960151,-1.75823e-06,3.29829e-24,0.00413518
0.752551,0.960061,-1.75989e-06,3.30021e-24,0.00413626
0.752751,0.959971,-1.76154e-06,3.30214e-24,0.00413734
0.752951,0.959881,-1.7632e-06,3.30406e-24,0.00413842
0.753151,0.95979,-1.76485e-06,3.30599e-24,0.0041395
0.753351,0.9597,-1.7665e-06,3.30792e-24,0.00414058
0.753551,0.95961,-1.76816e-06,3.30984e-24,0.00414166
0.753751,0.95952,-1.76981e-06,3.31177e-24,0.00414274
0.753951,0.959429,-1.7715e-06,3.31438e-24,0.00414382
0.754151,0.959336,-1.77326e-06,3.31849e-24,0.0041449
0.754351,0.959244,-1.77502e-06,3.3226e-24,0.00414598
0.754551,0.959151,-1.77678e-06,3.3267e-24,0.00414707
0.754751,0.959059,-1.77854e-06,3.33081e-24,0.00414815
0.754951,0.958966,-1.7803e-06,3.33492e-24,0.00414923
0.755151,0.958874,-1.78207e-06,3.33903e-24,0.00415032
0.755351,0.958781,-1.78383e-06,3.34313e-24,0.0041514
0.755551,0.958689,-1.78559e-06,3.34724e-24,0.00415248
0.755751,0.958596,-1.78735e-06,3.35135e-24,0.00415356
0.755951,0.958503,-1.78911e-06,3.35546e-24,0.00415465
0.756151,0.958411,-1.79087e-06,3.35956e-24,0.00415573
0.756351,0.958318,-1.79263e-06,3.36367e-24,0.00415681
0.756551,0.958226,-1.79439e-06,3.36778e-24,0.0041579
0.756751,0.958133,-1.79615e-06,3.37188e-24,0.00415898
0.756951,0.958041,-1.79791e-06,3.37599e-24,0.00416006
0.757151,0.957948,-1.79968e-06,3.3801e-24,0.00416115
0.757351,0.957856,-1.80144e-06,3.38421e-24,0.00416223
0.757552,0.957763,-1.8032e-06,3.38831e-24,0.00416331
0.757752,0.957671,-1.80496e-06,3.39242e-24,0.00416439
0.757952,0.957578,-1.80672e-06,3.39653e-24,0.00416548
0.758152,0.957486,-1.80848e-06,3.40064e-24,0.00416656
0.758352,0.957393,-1.81024e-06,3.40474e-24,0.00416764
0.758552,0.957301,-1.812e-06,3.40885e-24,0.00416873
0.758752,0.957208,-1.81376e-06,3.41296e-24,0.00416981
0.758952,0.957116,-1.81553e-06,3.41706e-24,0.00417089
0.759152,0.957023,-1.81729e-06,3.42117e-24,0.00417197
0.759352,0.956931,-1.81905e-06,3.42528e-24,0.00417306
0.759552,0.956838,-1.82081e-06,3.42939e-24,0.00417414
0.759752,0.956746,-1.82257e-06,3.43349e-24,0.00417522
0.759952,0.956653,-1.82433e-06,3.4376e-24,0.00417631
0.760152,0.95656,-1.82609e-06,3.44171e-24,0.00417739
0.760352,0.956467,-1.8279e-06,3.8464e-24,0.00417847
0.760552,0.956372,-1.82986e-06,5.66858e-24,0.00417956
0.760752,0.956278,-1.83182e-06,7.49077e-24,0.00418064
0.760952,0.956183,-1.83378e-06,9.31295e-24,0.00418173
0.761152,0.956088,-1.83575e-06,1.11351e-23,0.00418282
0.761352,0.955993,-1.83771e-06,1.29573e-23,0.0041839
0.761552,0.955898,-1.83967e-06,1.47795e-23,0.00418499
0.761752,0.955803,-1.84163e-06,1.66017e-23,0.00418607
0.761952,0.955708,-1.84359e-06,1.84239e-23,0.00418716
0.762152,0.955613,-1.84556e-06,2.0246e-23,0.00418824
0.762352,0.955518,-1.84752e-06,2.20682e-23,0.00418933
0.762553,0.955423,-1.84948e-06,2.38904e-23,0.00419041
0.762753,0.955328,-1.85144e-06,2.57126e-23,0.0041915
0.762953,0.955233,-1.8534e-06,2.75348e-23,0.00419259
0.763153,0.955138,-1.85537e-06,2.9357e-23,0.00419367
0.763353,0.955044,-1.85733e-06,3.11791e-23,0.00419476
0.763553,0.954949,-1.85929e-06,3.30013e-23,0.00419584
0.763753,0.954854,-1.86125e-06,3.48235e-23,0.00419693
0.763953,0.954759,-1.86322e-06,3.66457e-23,0.00419801
0.764153,0.954664,-1.86518e-06,3.84679e-23,0.0041991
0.764353,0.954569,-1.86714e-06,4.02901e-23,0.00420019
0.764553,0.954474,-1.8691e-06,4.21122e-23,0.00420127
0.764753,0.954379,-1.87106e-06,4.39344e-23,0.00420236
0.764953,0.954284,-1.87303e-06,4.57566e-23,0.00420344
0.765153,0.954189,-1.87499e-06,4.75788e-23,0.00420453
0.765353,0.954094,-1.87695e-06,4.9401e-23,0.00420561
0.765553,0.953999,-1.87891e-06,5.12232e-23,0.0042067
0.765753,0.953904,-1.88087e-06,5.30453e-23,0.00420779
0.765953,0.953809,-1.88284e-06,5.48675e-23,0.00420887
0.766153,0.953715,-1.8848e-06,5.66897e-23,0.00420996
0.766353,0.95362,-1.88676e-06,5.85119e-23,0.00421104
0.766553,0.953525,-1.88872e-06,6.03341e-23,0.00421213
0.766753,0.95343,-1.8907e-06,6.14607e-23,0.00421321
0.766953,0.953337,-1.89275e-06,5.76862e-23,0.00421424
0.767153,0.953245,-1.8948e-06,5.39116e-23,0.00421528
0.767353,0.953152,-1.89685e-06,5.01371e-23,0.00421631
0.767554,0.953059,-1.8989e-06,4.63625e-23,0.00421735
0.767754,0.952967,-1.90095e-06,4.2588e-23,0.00421838
0.767954,0.952874,-1.903e-06,3.88135e-23,0.00421942
0.768154,0.952782,-1.90505e-06,3.50389e-23,0.00422045
0.768354,0.952689,-1.9071e-06,3.12644e-23,0.00422149
0.768554,0.952596,-1.90915e-06,2.74898e-23,0.00422252
0.768754,0.952504,-1.9112e-06,2.37153e-23,0.00422356
0.768954,0.952411,-1.91325e-06,1.99408e-23,0.00422459
0.769154,0.952318,-1.9153e-06,1.61662e-23,0.00422563
0.769354,0.952226,-1.91735e-06,1.23917e-23,0.00422666
0.769554,0.952133,-1.9194e-06,8.61716e-24,0.0042277
0.769754,0.95204,-1.92145e-06,4.84262e-24,0.00422873
0.769954,0.951947,-1.92351e-06,1.0366e-24,0.00422977
0.770154,0.951844,-1.92579e-06,-3.15078e-24,0.00423092
0.770354,0.951741,-1.92806e-06,-7.33817e-24,0.00423207
0.770554,0.951639,-1.93034e-06,-1.15255e-23,0.00423322
0.770754,0.951536,-1.93261e-06,-1.57129e-23,0.00423437
0.770954,0.951433,-1.93489e-06,-1.99003e-23,0.00423551
0.771154,0.95133,-1.93716e-06,-2.40877e-23,0.00423666
0.771354,0.951227,-1.93943e-06,-2.82751e-23,0.00423781
0.771554,0.951125,-1.94171e-06,-3.24625e-23,0.00423896
0.771754,0.951022,-1.94398e-06,-3.66498e-23,0.00424011
0.771954,0.950919,-1.94626e-06,-4.08372e-23,0.00424125
0.772154,0.950816,-1.94853e-06,-4.50246e-23,0.0042424
0.772354,0.950714,-1.95081e-06,-4.9212e-23,0.00424355
0.772555,0.950611,-1.95308e-06,-5.33994e-23,0.0042447
0.772755,0.950508,-1.95535e-06,-5.75868e-23,0.00424585
0.772955,0.950407,-1.95772e-06,-5.79604e-23,0.00424696
0.773155,0.950307,-1.96014e-06,-5.59135e-23,0.00424805
0.773355,0.950207,-1.96256e-06,-5.38667e-23,0.00424914
0.773555,0.950107,-1.96498e-06,-5.18199e-23,0.00425023
0.773755,0.950008,-1.96741e-06,-4.97731e-23,0.00425132
0.773955,0.949908,-1.96983e-06,-4.77263e-23,0.00425241
0.774155,0.949808,-1.97225e-06,-4.56794e-23,0.0042535
0.774355,0.949708,-1.97467e-06,-4.36326e-23,0.00425459
0.774555,0.949608,-1.97709e-06,-4.15858e-23,0.00425569
0.774755,0.949508,-1.97951e-06,-3.9539e-23,0.00425678
0.774955,0.949409,-1.98194e-06,-3.74921e-23,0.00425787
0.775155,0.949309,-1.98436e-06,-3.54453e-23,0.00425896
0.775355,0.949209,-1.98678e-06,-3.33985e-23,0.00426005
0.775555,0.949109,-1.9892e-06,-3.13517e-23,0.00426114
0.775755,0.949009,-1.99162e-06,-2.93049e-23,0.00426223
0.775955,0.948909,-1.99404e-06,-2.7258e-23,0.00426332
0.776155,0.948809,-1.99646e-06,-2.52112e-23,0.00426441
0.776355,0.94871,-1.99889e-06,-2.31644e-23,0.0042655
0.776555,0.94861,-2.00131e-06,-2.11176e-23,0.00426659
0.776755,0.94851,-2.00373e-06,-1.90707e-23,0.00426768
0.776955,0.94841,-2.00615e-06,-1.70239e-23,0.00426878
0.777155,0.94831,-2.00857e-06,-1.49771e-23,0.00426987
0.777355,0.94821,-2.01099e-06,-1.29303e-23,0.00427096
0.777556,0.948111,-2.01342e-06,-1.08835e-23,0.00427205
0.777756,0.948011,-2.01584e-06,-8.83664e-24,0.00427314
0.777956,0.947911,-2.01826e-06,-6.78982e-24,0.00427423
0.778156,0.947811,-2.02068e-06,-4.743e-24,0.00427532
0.778356,0.947711,-2.0231e-06,-2.69618e-24,0.00427641
0.778556,0.947611,-2.02552e-06,-6.49356e-25,0.0042775
0.778756,0.94751,-2.02806e-06,0,0.00427859
0.778956,0.947407,-2.03064e-06,0,0.00427969
0.779156,0.947305,-2.03322e-06,0,0.00428078
0.779356,0.947203,-2.0358e-06,0,0.00428187
0.779556,0.9471,-2.03838e-06,0,0.00428297
0.779756,0.946998,-2.04096e-06,0,0.00428406
0.779956,0.946896,-2.04354e-06,0,0.00428515
0.780156,0.946793,-2.04612e-06,0,0.00428625
0.780356,0.946691,-2.04871e-06,0,0.00428734
0.780556,0.946589,-2.05129e-06,0,0.00428843
0.780756,0.946486,-2.05387e-06,0,0.00428953
0.780956,0.946384,-2.05645e-06,0,0.00429062
0.781156,0.946282,-2.05903e-06,0,0.00429171
0.781356,0.946179,-2.06161e-06,0,0.00429281
0.781556,0.946077,-2.06419e-06,0,0.0042939
0.781756,0.945975,-2.06678e-06,0,0.00429499
0.781956,0.945872,-2.06936e-06,0,0.00429609
0.782156,0.94577,-2.07194e-06,0,0.00429718
0.782356,0.945667,-2.07452e-06,0,0.00429827
0.782557,0.945565,-2.0771e-06,0,0.00429936
0.782757,0.945463,-2.07968e-06,0,0.00430046
0.782957,0.94536,-2.08226e-06,0,0.00430155
0.783157,0.945258,-2.08484e-06,0,0.00430264
0.783357,0.945156,-2.08743e-06,0,0.00430374
0.783557,0.945053,-2.09001e-06,0,0.00430483
0.783757,0.944951,-2.09259e-06,0,0.00430592
0.783957,0.944849,-2.09517e-06,0,0.00430702
0.784157,0.944746,-2.09775e-06,0,0.00430811
0.784357,0.944644,-2.10033e-06,0,0.0043092
0.784557,0.94454,-2.1031e-06,0,0.0043103
0.784757,0.944435,-2.10593e-06,0,0.00431139
0.784957,0.94433,-2.10876e-06,0,0.00431249
0.785157,0.944225,-2.11159e-06,0,0.00431358
0.785357,0.94412,-2.11442e-06,0,0.00431468
0.785557,0.944015,-2.11725e-06,0,0.00431577
0.785757,0.94391,-2.12007e-06,0,0.00431687
0.785957,0.943805,-2.1229e-06,0,0.00431797
0.786157,0.9437,-2.12573e-06,0,0.00431906
0.786357,0.943595,-2.12856e-06,0,0.00432016
0.786557,0.94349,-2.13139e-06,0,0.00432125
0.786757,0.943385,-2.13422e-06,0,0.00432235
0.786957,0.94328,-2.13705e-06,0,0.00432344
0.787157,0.943175,-2.13988e-06,0,0.00432454
0.787357,0.94307,-2.14271e-06,0,0.00432563
0.787558,0.942965,-2.14554e-06,0,0.00432673
0.787758,0.94286,-2.14836e-06,0,0.00432782
0.787958,0.942755,-2.15119e-06,0,0.00432892
0.788158,0.94265,-2.15402e-06,0,0.00433002
0.788358,0.942545,-2.15685e-06,0,0.00433111
0.788558,0.94244,-2.15968e-06,0,0.00433221
0.788758,0.942335,-2.16251e-06,0,0.0043333
0.788958,0.94223,-2.16534e-06,0,0.0043344
0.789158,0.942125,-2.16817e-06,0,0.00433549
0.789358,0.94202,-2.171e-06,0,0.00433659
0.789558,0.941915,-2.17382e-06,0,0.00433768
0.789758,0.94181,-2.17665e-06,0,0.00433878
0.789958,0.941705,-2.17948e-06,0,0.00433987
0.790158,0.9416,-2.18231e-06,0,0.00434097
0.790358,0.941497,-2.18522e-06,0,0.00434202
0.790558,0.941395,-2.18814e-06,0,0.00434307
0.790758,0.941292,-2.19105e-06,0,0.00434411
0.790958,0.94119,-2.19397e-06,0,0.00434515
0.791158,0.941088,-2.19689e-06,0,0.0043462
0.791358,0.940985,-2.19981e-06,0,0.00434724
0.791558,0.940883,-2.20273e-06,0,0.00434828
0.791758,0.94078,-2.20565e-06,0,0.00434933
0.791958,0.940678,-2.20857e-06,0,0.00435037
0.792158,0.940575,-2.21149e-06,0,0.00435142
0.792358,0.940473,-2.21441e-06,0,0.00435246
0.792559,0.940371,-2.21733e-06,0,0.0043535
0.792759,0.940268,-2.22025e-06,0,0.00435455
0.792959,0.940166,-2.22317e-06,0,0.00435559
0.793159,0.940059,-2.22621e-06,0,0.00435667
0.793359,0.939946,-2.22945e-06,0,0.00435783
0.793559,0.939832,-2.23269e-06,0,0.00435899
0.793759,0.939718,-2.23593e-06,0,0.00436015
0.793959,0.939605,-2.23916e-06,0,0.00436131
0.794159,0.939491,-2.2424e-06,0,0.00436246
0.794359,0.939377,-2.24564e-06,0,0.00436362
0.794559,0.939264,-2.24888e-06,0,0.00436478
0.794759,0.93915,-2.25212e-06,0,0.00436594
0.794959,0.939036,-2.25536e-06,0,0.00436709
0.795159,0.938923,-2.2586e-06,0,0.00436825
0.795359,0.938809,-2.26184e-06,0,0.00436941
0.795559,0.938695,-2.26508e-06,0,0.00437057
0.795759,0.938583,-2.26837e-06,0,0.00437171
0.795959,0.938472,-2.27177e-06,0,0.00437281
0.796159,0.938362,-2.27517e-06,0,0.00437391
0.796359,0.938252,-2.27857e-06,0,0.00437501
0.796559,0.938141,-2.28197e-06,0,0.0043761
0.796759,0.938031,-2.28538e-06,0,0.0043772
0.796959,0.937921,-2.28878e-06,0,0.0043783
0.797159,0.93781,-2.29218e-06,0,0.0043794
0.797359,0.9377,-2.29558e-06,0,0.0043805
0.79756,0.937589,-2.29898e-06,0,0.0043816
0.79776,0.937479,-2.30238e-06,0,0.0043827
0.79796,0.937369,-2.30578e-06,0,0.0043838
0.79816,0.937258,-2.30918e-06,0,0.0043849
0.79836,0.937148,-2.31258e-06,0,0.004386
0.79856,0.937038,-2.31598e-06,0,0.0043871
0.79876,0.936927,-2.31939e-06,0,0.0043882
0.79896,0.936817,-2.32279e-06,0,0.0043893
0.79916,0.936706,-2.32619e-06,0,0.0043904
0.79936,0.936596,-2.32959e-06,0,0.0043915
0.79956,0.936486,-2.33299e-06,0,0.0043926
0.79976,0.936375,-2.33639e-06,0,0.0043937
0.79996,0.936265,-2.33979e-06,0,0.0043948
0.80016,0.936155,-2.34319e-06,0,0.0043959
0.80036,0.936044,-2.34659e-06,0,0.004397
0.80056,0.935934,-2.35e-06,0,0.0043981
0.80076,0.935823,-2.3534e-06,0,0.0043992
0.80096,0.935712,-2.35684e-06,0,0.0044003
0.80116,0.935599,-2.3604e-06,0,0.0044014
0.80136,0.935486,-2.36396e-06,0,0.0044025
0.80156,0.935373,-2.36752e-06,0,0.0044036
0.80176,0.93526,-2.37108e-06,0,0.0044047
0.80196,0.935147,-2.37464e-06,0,0.00440581
0.80216,0.935034,-2.3782e-06,0,0.00440691
0.80236,0.93492,-2.38176e-06,0,0.00440801
0.802561,0.934807,-2.38532e-06,0,0.00440911
0.802761,0.934694,-2.38888e-06,0,0.00441021
0.802961,0.934581,-2.39244e-06,0,0.00441131
0.803161,0.934468,-2.396e-06,0,0.00441241
0.803361,0.934355,-2.39956e-06,0,0.00441352
0.803561,0.934242,-2.40312e-06,0,0.00441462
0.803761,0.934129,-2.40668e-06,0,0.00441572
0.803961,0.934015,-2.41024e-06,0,0.00441682
0.804161,0.933902,-2.4138e-06,0,0.00441792
0.804361,0.933789,-2.41736e-06,0,0.00441902
0.804561,0.933676,-2.42092e-06,0,0.00442012
0.804761,0.933563,-2.42448e-06,0,0.00442123
0.804961,0.93345,-2.42805e-06,0,0.00442233
0.805161,0.933337,-2.43161e-06,0,0.00442343
0.805361,0.933224,-2.43517e-06,0,0.00442453
0.805561,0.93311,-2.43873e-06,0,0.00442563
0.805761,0.932997,-2.44229e-06,0,0.00442673
0.805961,0.932884,-2.44585e-06,0,0.00442784
0.806161,0.932771,-2.44946e-06,8.78763e-25,0.00442894
0.806361,0.932655,-2.45331e-06,5.92583e-24,0.00443004
0.806561,0.932539,-2.45716e-06,1.09729e-23,0.00443114
0.806761,0.932422,-2.46101e-06,1.602e-23,0.00443225
0.806961,0.932306,-2.46486e-06,2.1067e-23,0.00443335
0.807161,0.93219,-2.46871e-06,2.61141e-23,0.00443445
0.807361,0.932074,-2.47256e-06,3.11612e-23,0.00443556
0.807562,0.931958,-2.47641e-06,3.62082e-23,0.00443666
0.807762,0.931842,-2.48026e-06,4.12553e-23,0.00443776
0.807962,0.931726,-2.48412e-06,4.63024e-23,0.00443887
0.808162,0.93161,-2.48797e-06,5.13494e-23,0.00443997
0.808362,0.931494,-2.49182e-06,5.63965e-23,0.00444107
0.808562,0.931378,-2.49567e-06,6.14436e-23,0.00444218
0.808762,0.931262,-2.49952e-06,6.64906e-23,0.00444328
0.808962,0.931146,-2.50337e-06,7.15377e-23,0.00444438
0.809162,0.93103,-2.50722e-06,7.65848e-23,0.00444549
0.809362,0.930914,-2.51107e-06,8.16318e-23,0.00444659
0.809562,0.930798,-2.51492e-06,8.66789e-23,0.00444769
0.809762,0.930682,-2.51877e-06,9.1726e-23,0.0044488
0.809962,0.930566,-2.52262e-06,9.6773e-23,0.0044499
0.810162,0.93045,-2.52647e-06,1.0182e-22,0.004451
0.810362,0.930334,-2.53032e-06,1.06867e-22,0.00445211
0.810562,0.930218,-2.53417e-06,1.11914e-22,0.00445321
0.810762,0.930102,-2.53803e-06,1.16961e-22,0.00445431
0.810962,0.929986,-2.54188e-06,1.22008e-22,0.00445542
0.811162,0.92987,-2.54573e-06,1.27055e-22,0.00445652
0.811362,0.929754,-2.54958e-06,1.311e-22,0.00445762
0.811562,0.929641,-2.55345e-06,1.26085e-22,0.00445867
0.811762,0.929528,-2.55732e-06,1.21071e-22,0.00445972
0.811962,0.929415,-2.56119e-06,1.16056e-22,0.00446077
0.812162,0.929302,-2.56505e-06,1.11041e-22,0.00446182
0.812362,0.929188,-2.56892e-06,1.06027e-22,0.00446287
0.812563,0.929075,-2.57279e-06,1.01012e-22,0.00446392
0.812763,0.928962,-2.57666e-06,9.59976e-23,0.00446497
0.812963,0.928849,-2.58053e-06,9.0983e-23,0.00446602
0.813163,0.928736,-2.5844e-06,8.59684e-23,0.00446707
0.813363,0.928622,-2.58827e-06,8.09538e-23,0.00446813
0.813563,0.928509,-2.59214e-06,7.59392e-23,0.00446918
0.813763,0.928396,-2.59601e-06,7.09246e-23,0.00447023
0.813963,0.928282,-2.5999e-06,6.58758e-23,0.00447128
0.814163,0.928156,-2.60419e-06,6.03125e-23,0.00447245
0.814363,0.928031,-2.60848e-06,5.47493e-23,0.00447362
0.814563,0.927905,-2.61278e-06,4.9186e-23,0.00447478
0.814763,0.92778,-2.61707e-06,4.36228e-23,0.00447595
0.814963,0.927654,-2.62136e-06,3.80596e-23,0.00447711
0.815163,0.927528,-2.62565e-06,3.24963e-23,0.00447828
0.815363,0.927403,-2.62995e-06,2.69331e-23,0.00447944
0.815563,0.927277,-2.63424e-06,2.13698e-23,0.00448061
0.815763,0.927152,-2.63853e-06,1.58066e-23,0.00448177
0.815963,0.927026,-2.64282e-06,1.02433e-23,0.00448294
0.816163,0.926901,-2.64711e-06,4.68009e-24,0.00448411
0.816363,0.926776,-2.65144e-06,8.43403e-25,0.00448525
0.816563,0.926654,-2.65585e-06,8.20255e-25,0.00448636
0.816763,0.926532,-2.66026e-06,7.97107e-25,0.00448747
0.816963,0.92641,-2.66467e-06,7.73959e-25,0.00448857
0.817163,0.926288,-2.66908e-06,7.50811e-25,0.00448968
0.817363,0.926166,-2.67349e-06,7.27662e-25,0.00449079
0.817564,0.926044,-2.67791e-06,7.04514e-25,0.00449189
0.817764,0.925922,-2.68232e-06,6.81366e-25,0.004493
0.817964,0.9258,-2.68673e-06,6.58218e-25,0.00449411
0.818164,0.925678,-2.69114e-06,6.3507e-25,0.00449521
0.818364,0.925556,-2.69555e-06,6.11922e-25,0.00449632
0.818564,0.925435,-2.69996e-06,5.88774e-25,0.00449743
0.818764,0.925313,-2.70437e-06,5.65626e-25,0.00449853
0.818964,0.925191,-2.70878e-06,5.42478e-25,0.00449964
0.819164,0.925069,-2.71319e-06,5.1933e-25,0.00450075
0.819364,0.924947,-2.7176e-06,4.96182e-25,0.00450185
0.819564,0.924825,-2.72201e-06,4.73034e-25,0.00450296
0.819764,0.924703,-2.72642e-06,4.49886e-25,0.00450407
0.819964,0.924581,-2.73083e-06,4.26737e-25,0.00450517
0.820164,0.924459,-2.73524e-06,4.03589e-25,0.00450628
0.820364,0.924337,-2.73965e-06,3.80441e-25,0.00450739
0.820564,0.924215,-2.74406e-06,3.57293e-25,0.00450849
0.820764,0.924093,-2.74847e-06,3.34145e-25,0.0045096
0.820964,0.923971,-2.75288e-06,3.10997e-25,0.00451071
0.821164,0.923847,-2.75744e-06,-3.88456e-24,0.00451181
0.821364,0.923722,-2.76202e-06,-9.05838e-24,0.00451292
0.821564,0.923597,-2.76661e-06,-1.42322e-23,0.00451403
0.821764,0.923472,-2.7712e-06,-1.9406e-23,0.00451514
0.821964,0.923347,-2.77579e-06,-2.45798e-23,0.00451625
0.822164,0.923222,-2.78038e-06,-2.97536e-23,0.00451736
0.822364,0.923097,-2.78496e-06,-3.49275e-23,0.00451846
0.822565,0.922972,-2.78955e-06,-4.01013e-23,0.00451957
0.822765,0.922847,-2.79414e-06,-4.52751e-23,0.00452068
0.822965,0.922722,-2.79873e-06,-5.04489e-23,0.00452179
0.823165,0.922597,-2.80331e-06,-5.56227e-23,0.0045229
0.823365,0.922472,-2.8079e-06,-6.07965e-23,0.004524
0.823565,0.922347,-2.81249e-06,-6.59703e-23,0.00452511
0.823765,0.922222,-2.81708e-06,-7.11442e-23,0.00452622
0.823965,0.922097,-2.82167e-06,-7.6318e-23,0.00452733
0.824165,0.921972,-2.82625e-06,-8.14918e-23,0.00452844
0.824365,0.921847,-2.83084e-06,-8.66656e-23,0.00452954
0.824565,0.921722,-2.83543e-06,-9.18394e-23,0.00453065
0.824765,0.921597,-2.84002e-06,-9.70132e-23,0.00453176
0.824965,0.921472,-2.8446e-06,-1.02187e-22,0.00453287
0.825165,0.921347,-2.84919e-06,-1.07361e-22,0.00453398
0.825365,0.921222,-2.85378e-06,-1.12535e-22,0.00453508
0.825565,0.921097,-2.85837e-06,-1.17709e-22,0.00453619
0.825765,0.920971,-2.86304e-06,-1.19674e-22,0.0045373
0.825965,0.920843,-2.8679e-06,-1.14449e-22,0.00453841
0.826165,0.920714,-2.87276e-06,-1.09223e-22,0.00453952
0.826365,0.920586,-2.87763e-06,-1.03998e-22,0.00454063
0.826565,0.920458,-2.88249e-06,-9.87722e-23,0.00454174
0.826765,0.92033,-2.88735e-06,-9.35467e-23,0.00454285
0.826965,0.920202,-2.89221e-06,-8.83213e-23,0.00454396
0.827165,0.920073,-2.89707e-06,-8.30958e-23,0.00454507
0.827365,0.919945,-2.90193e-06,-7.78703e-23,0.00454618
0.827566,0.919817,-2.9068e-06,-7.26448e-23,0.00454729
0.827766,0.919689,-2.91166e-06,-6.74193e-23,0.0045484
0.827966,0.919561,-2.91652e-06,-6.21938e-23,0.00454951
0.828166,0.919432,-2.92138e-06,-5.69684e-23,0.00455061
0.828366,0.919304,-2.92624e-06,-5.17429e-23,0.00455172
0.828566,0.919176,-2.9311e-06,-4.65174e-23,0.00455283
0.828766,0.919048,-2.93596e-06,-4.12919e-23,0.00455394
0.828966,0.91892,-2.94083e-06,-3.60664e-23,0.00455505
0.829166,0.918792,-2.94569e-06,-3.08409e-23,0.00455616
0.829366,0.918663,-2.95055e-06,-2.56154e-23,0.00455727
0.829566,0.918535,-2.95541e-06,-2.039e-23,0.00455838
0.829766,0.918407,-2.96027e-06,-1.51645e-23,0.00455949
0.829966,0.918279,-2.96513e-06,-9.93899e-24,0.0045606
0.830166,0.918151,-2.97e-06,-4.71351e-24,0.00456171
0.830366,0.918022,-2.97486e-06,5.1198e-25,0.00456282
0.830566,0.917897,-2.97967e-06,1.46869e-24,0.00456389
0.830766,0.917772,-2.98447e-06,1.40397e-24,0.00456494
0.830966,0.917647,-2.98927e-06,1.33925e-24,0.004566
0.831166,0.917522,-2.99406e-06,1.27454e-24,0.00456705
0.831366,0.917397,-2.99886e-06,1.20982e-24,0.00456811
0.831566,0.917271,-3.00366e-06,1.1451e-24,0.00456917
0.831766,0.917146,-3.00846e-06,1.08039e-24,0.00457022
0.831966,0.917021,-3.01326e-06,1.01567e-24,0.00457128
0.832166,0.916896,-3.01806e-06,9.50954e-25,0.00457233
0.832366,0.916771,-3.02286e-06,8.86237e-25,0.00457339
0.832567,0.916646,-3.02765e-06,8.2152e-25,0.00457445
0.832767,0.91652,-3.03248e-06,7.56406e-25,0.00457551
0.832967,0.916382,-3.03781e-06,6.84607e-25,0.00457668
0.833167,0.916243,-3.04313e-06,6.12809e-25,0.00457785
0.833367,0.916104,-3.04845e-06,5.41011e-25,0.00457902
0.833567,0.915965,-3.05378e-06,4.69213e-25,0.00458019
0.833767,0.915826,-3.0591e-06,3.97414e-25,0.00458137
0.833967,0.915688,-3.06442e-06,3.25616e-25,0.00458254
0.834167,0.915549,-3.06975e-06,2.53818e-25,0.00458371
0.834367,0.91541,-3.07507e-06,1.8202e-25,0.00458488
0.834567,0.915271,-3.08039e-06,1.10221e-25,0.00458605
0.834767,0.915133,-3.08572e-06,3.84231e-26,0.00458722
0.834967,0.914996,-3.09106e-06,0,0.00458837
0.835167,0.914861,-3.09643e-06,0,0.00458948
0.835367,0.914726,-3.1018e-06,0,0.00459059
0.835567,0.914592,-3.10716e-06,0,0.0045917
0.835767,0.914457,-3.11253e-06,0,0.00459282
0.835967,0.914322,-3.1179e-06,0,0.00459393
0.836167,0.914187,-3.12326e-06,0,0.00459504
0.836367,0.914053,-3.12863e-06,0,0.00459615
0.836567,0.913918,-3.134e-06,0,0.00459726
0.836767,0.913783,-3.13936e-06,0,0.00459838
0.836967,0.913648,-3.14473e-06,0,0.00459949
0.837167,0.913514,-3.1501e-06,0,0.0046006
0.837367,0.913379,-3.15546e-06,0,0.00460171
0.837568,0.913244,-3.16083e-06,0,0.00460282
0.837768,0.913109,-3.1662e-06,0,0.00460394
0.837968,0.912975,-3.17156e-06,0,0.00460505
0.838168,0.91284,-3.17693e-06,0,0.00460616
0.838368,0.912705,-3.1823e-06,0,0.00460727
0.838568,0.91257,-3.18766e-06,0,0.00460838
0.838768,0.912436,-3.19303e-06,0,0.00460949
0.838968,0.912301,-3.1984e-06,0,0.00461061
0.839168,0.912165,-3.20381e-06,0,0.00461172
0.839368,0.912027,-3.20932e-06,0,0.00461283
0.839568,0.911889,-3.21484e-06,0,0.00461394
0.839768,0.911751,-3.22035e-06,0,0.00461506
0.839968,0.911613,-3.22587e-06,0,0.00461617
0.840168,0.911475,-3.23139e-06,0,0.00461728
0.840368,0.911336,-3.2369e-06,0,0.0046184
0.840568,0.911198,-3.24242e-06,0,0.00461951
0.840768,0.91106,-3.24794e-06,0,0.00462062
0.840968,0.910922,-3.25345e-06,0,0.00462174
0.841168,0.910784,-3.25897e-06,0,0.00462285
0.841368,0.910646,-3.26448e-06,0,0.00462396
0.841568,0.910508,-3.27e-06,0,0.00462507
0.841768,0.91037,-3.27552e-06,0,0.00462619
0.841968,0.910232,-3.28103e-06,0,0.0046273
0.842168,0.910094,-3.28655e-06,0,0.00462841
0.842368,0.909955,-3.29207e-06,0,0.00462953
0.842569,0.909817,-3.29758e-06,0,0.00463064
0.842769,0.909679,-3.3031e-06,0,0.00463175
0.842969,0.909541,-3.30861e-06,0,0.00463286
0.843169,0.909403,-3.31413e-06,0,0.00463398
0.843369,0.909265,-3.31967e-06,0,0.00463509
0.843569,0.909123,-3.32543e-06,0,0.0046362
0.843769,0.908981,-3.33119e-06,0,0.00463732
0.843969,0.90884,-3.33695e-06,0,0.00463843
0.844169,0.908698,-3.3427e-06,0,0.00463955
0.844369,0.908556,-3.34846e-06,0,0.00464066
0.844569,0.908415,-3.35422e-06,0,0.00464177
0.844769,0.908273,-3.35998e-06,0,0.00464289
0.844969,0.908131,-3.36574e-06,0,0.004644
0.845169,0.90799,-3.3715e-06,0,0.00464511
0.845369,0.907848,-3.37726e-06,0,0.00464623
0.845569,0.907707,-3.38302e-06,0,0.00464734
0.845769,0.907565,-3.38877e-06,0,0.00464846
0.845969,0.907423,-3.39453e-06,0,0.00464957
0.846169,0.907282,-3.40029e-06,0,0.00465068
0.846369,0.90714,-3.40605e-06,0,0.0046518
0.846569,0.906998,-3.41181e-06,0,0.00465291
0.846769,0.906857,-3.41757e-06,0,0.00465402
0.846969,0.906715,-3.42333e-06,0,0.00465514
0.847169,0.906573,-3.42908e-06,0,0.00465625
0.847369,0.906432,-3.43484e-06,0,0.00465737
0.84757,0.90629,-3.4406e-06,0,0.00465848
0.84777,0.906152,-3.44622e-06,5.74392e-26,0.00465954
0.84797,0.906013,-3.45182e-06,1.20069e-25,0.0046606
0.84817,0.905875,-3.45742e-06,1.82699e-25,0.00466166
0.84837,0.905737,-3.46302e-06,2.45328e-25,0.00466272
0.84857,0.905599,-3.46862e-06,3.07958e-25,0.00466378
0.84877,0.905461,-3.47422e-06,3.70588e-25,0.00466484
0.84897,0.905322,-3.47983e-06,4.33217e-25,0.0046659
0.84917,0.905184,-3.48543e-06,4.95847e-25,0.00466696
0.84937,0.905046,-3.49103e-06,5.58477e-25,0.00466802
0.84957,0.904908,-3.49663e-06,6.21106e-25,0.00466908
0.84977,0.904765,-3.50243e-06,6.85969e-25,0.00467018
0.84997,0.904611,-3.50865e-06,7.55453e-25,0.00467135
0.85017,0.904458,-3.51486e-06,8.24936e-25,0.00467253
0.85037,0.904305,-3.52108e-06,8.9442e-25,0.00467371
0.85057,0.904151,-3.52729e-06,9.63903e-25,0.00467488
0.85077,0.903998,-3.5335e-06,1.03339e-24,0.00467606
0.85097,0.903845,-3.53972e-06,1.10287e-24,0.00467723
0.85117,0.903691,-3.54593e-06,1.17235e-24,0.00467841
0.85137,0.903538,-3.55215e-06,1.24184e-24,0.00467958
0.85157,0.903385,-3.55836e-06,1.31132e-24,0.00468076
0.85177,0.903235,-3.56454e-06,1.38264e-24,0.00468189
0.85197,0.903086,-3.5707e-06,1.45449e-24,0.004683
0.85217,0.902937,-3.57686e-06,1.52633e-24,0.00468412
0.85237,0.902788,-3.58303e-06,1.59817e-24,0.00468523
0.852571,0.902639,-3.58919e-06,1.67002e-24,0.00468635
0.852771,0.90249,-3.59535e-06,1.74186e-24,0.00468747
0.852971,0.902341,-3.60152e-06,1.8137e-24,0.00468858
0.853171,0.902192,-3.60768e-06,1.88555e-24,0.0046897
0.853371,0.902043,-3.61384e-06,1.95739e-24,0.00469081
0.853571,0.901895,-3.62001e-06,2.02923e-24,0.00469193
0.853771,0.901746,-3.62617e-06,2.10108e-24,0.00469304
0.853971,0.901597,-3.63233e-06,2.17292e-24,0.00469416
0.854171,0.901448,-3.6385e-06,2.24476e-24,0.00469527
0.854371,0.901299,-3.64466e-06,2.3166e-24,0.00469639
0.854571,0.90115,-3.65082e-06,2.38845e-24,0.0046975
0.854771,0.901001,-3.65699e-06,2.46029e-24,0.00469862
0.854971,0.900852,-3.66315e-06,2.53213e-24,0.00469973
0.855171,0.900703,-3.66931e-06,2.60398e-24,0.00470085
0.855371,0.900554,-3.67548e-06,2.67582e-24,0.00470196
0.855571,0.900403,-3.68172e-06,2.70251e-24,0.00470308
0.855771,0.90025,-3.688e-06,2.70865e-24,0.0047042
0.855971,0.900098,-3.69428e-06,2.71479e-24,0.00470531
0.856171,0.899945,-3.70056e-06,2.72093e-24,0.00470643
0.856371,0.899792,-3.70684e-06,2.72707e-24,0.00470754
0.856571,0.89964,-3.71312e-06,2.73321e-24,0.00470866
0.856771,0.899487,-3.7194e-06,2.73935e-24,0.00470978
0.856971,0.899334,-3.72568e-06,2.74549e-24,0.00471089
0.857171,0.899182,-3.73196e-06,2.75163e-24,0.00471201
0.857371,0.899029,-3.73824e-06,2.75777e-24,0.00471312
0.857572,0.898876,-3.74452e-06,2.76391e-24,0.00471424
0.857772,0.898724,-3.7508e-06,2.77005e-24,0.00471535
0.857972,0.898571,-3.75708e-06,2.77619e-24,0.00471647
0.858172,0.898419,-3.76336e-06,2.78233e-24,0.00471759
0.858372,0.898266,-3.76964e-06,2.78846e-24,0.0047187
0.858572,0.898113,-3.77592e-06,2.7946e-24,0.00471982
0.858772,0.897961,-3.7822e-06,2.80074e-24,0.00472093
0.858972,0.897808,-3.78848e-06,2.80688e-24,0.00472205
0.859172,0.897655,-3.79476e-06,2.81302e-24,0.00472316
0.859372,0.8975,-3.80116e-06,2.81733e-24,0.00472428
0.859572,0.897344,-3.80764e-06,2.82038e-24,0.0047254
0.859772,0.897187,-3.81412e-06,2.82343e-24,0.00472651
0.859972,0.897031,-3.82061e-06,2.82648e-24,0.00472763
0.860172,0.896874,-3.82709e-06,2.82953e-24,0.00472875
0.860372,0.896718,-3.83357e-06,2.83258e-24,0.00472986
0.860572,0.896561,-3.84006e-06,2.83563e-24,0.00473098
0.860772,0.896404,-3.84654e-06,2.83868e-24,0.00473209
0.860972,0.896248,-3.85302e-06,2.84174e-24,0.00473321
0.861172,0.896091,-3.85951e-06,2.84479e-24,0.00473433
0.861372,0.895935,-3.86599e-06,2.84784e-24,0.00473544
0.861572,0.895778,-3.87247e-06,2.85089e-24,0.00473656
0.861772,0.895622,-3.87895e-06,2.85394e-24,0.00473768
0.861972,0.895465,-3.88544e-06,2.85699e-24,0.00473879
0.862172,0.895308,-3.89192e-06,2.86004e-24,0.00473991
0.862372,0.895152,-3.8984e-06,2.86309e-24,0.00474102
0.862573,0.894995,-3.90489e-06,2.86614e-24,0.00474214
0.862773,0.894839,-3.91137e-06,2.8692e-24,0.00474326
0.862973,0.894682,-3.91785e-06,2.87225e-24,0.00474437
0.863173,0.894527,-3.92422e-06,-4.18106e-24,0.00474546
0.863373,0.894375,-3.93048e-06,-1.82222e-23,0.00474652
0.863573,0.894222,-3.93673e-06,-3.22633e-23,0.00474758
0.863773,0.894069,-3.94298e-06,-4.63044e-23,0.00474865
0.863973,0.893916,-3.94924e-06,-6.03455e-23,0.00474971
0.864173,0.893764,-3.95549e-06,-7.43866e-23,0.00475077
0.864373,0.893611,-3.96175e-06,-8.84277e-23,0.00475183
0.864573,0.893458,-3.968e-06,-1.02469e-22,0.00475289
0.864773,0.893305,-3.97426e-06,-1.1651e-22,0.00475395
0.864973,0.893152,-3.98051e-06,-1.30551e-22,0.00475501
0.865173,0.892984,-3.98742e-06,-1.46061e-22,0.00475619
0.865373,0.892814,-3.99436e-06,-1.61639e-22,0.00475736
0.865573,0.892645,-4.0013e-06,-1.77217e-22,0.00475854
0.865773,0.892475,-4.00824e-06,-1.92795e-22,0.00475972
0.865973,0.892306,-4.01518e-06,-2.08373e-22,0.0047609
0.866173,0.892136,-4.02212e-06,-2.2395e-22,0.00476208
0.866373,0.891967,-4.02906e-06,-2.39528e-22,0.00476325
0.866573,0.891797,-4.03599e-06,-2.55106e-22,0.00476443
0.866773,0.891629,-4.04289e-06,-2.59925e-22,0.00476559
0.866973,0.891465,-4.04969e-06,-2.44938e-22,0.0047667
0.867173,0.8913,-4.0565e-06,-2.29951e-22,0.00476782
0.867373,0.891135,-4.06331e-06,-2.14965e-22,0.00476894
0.867574,0.890971,-4.07011e-06,-1.99978e-22,0.00477005
0.867774,0.890806,-4.07692e-06,-1.84991e-22,0.00477117
0.867974,0.890641,-4.08373e-06,-1.70004e-22,0.00477229
0.868174,0.890477,-4.09053e-06,-1.55018e-22,0.0047734
0.868374,0.890312,-4.09734e-06,-1.40031e-22,0.00477452
0.868574,0.890147,-4.10414e-06,-1.25044e-22,0.00477564
0.868774,0.889983,-4.11095e-06,-1.10057e-22,0.00477675
0.868974,0.889818,-4.11776e-06,-9.50705e-23,0.00477787
0.869174,0.889653,-4.12456e-06,-8.00837e-23,0.00477899
0.869374,0.889489,-4.13137e-06,-6.5097e-23,0.0047801
0.869574,0.889324,-4.13818e-06,-5.01102e-23,0.00478122
0.869774,0.889159,-4.14498e-06,-3.51235e-23,0.00478234
0.869974,0.888995,-4.15179e-06,-2.01367e-23,0.00478345
0.870174,0.88883,-4.15861e-06,-7.30603e-24,0.00478457
0.870374,0.888661,-4.16552e-06,-7.34017e-24,0.00478569
0.870574,0.888492,-4.17243e-06,-7.37432e-24,0.0047868
0.870774,0.888323,-4.17935e-06,-7.40846e-24,0.00478792
0.870974,0.888154,-4.18626e-06,-7.4426e-24,0.00478904
0.871174,0.887986,-4.19317e-06,-7.47674e-24,0.00479015
0.871374,0.887817,-4.20008e-06,-7.51088e-24,0.00479127
0.871574,0.887648,-4.20699e-06,-7.54502e-24,0.00479238
0.871774,0.887479,-4.21391e-06,-7.57916e-24,0.0047935
0.871974,0.88731,-4.22082e-06,-7.6133e-24,0.00479462
0.872174,0.887141,-4.22773e-06,-7.64745e-24,0.00479573
0.872374,0.886973,-4.23464e-06,-7.68159e-24,0.00479685
0.872575,0.886804,-4.24155e-06,-7.71573e-24,0.00479797
0.872775,0.886635,-4.24847e-06,-7.74987e-24,0.00479908
0.872975,0.886466,-4.25538e-06,-7.78401e-24,0.0048002
0.873175,0.886297,-4.26229e-06,-7.81815e-24,0.00480132
0.873375,0.886129,-4.2692e-06,-7.85229e-24,0.00480243
0.873575,0.88596,-4.27611e-06,-7.88643e-24,0.00480355
0.873775,0.885787,-4.2832e-06,-7.92416e-24,0.00480467
0.873975,0.885614,-4.29029e-06,-7.96214e-24,0.00480578
0.874175,0.885441,-4.29738e-06,-8.00012e-24,0.0048069
0.874375,0.885267,-4.30448e-06,-8.0381e-24,0.00480802
0.874575,0.885094,-4.31157e-06,-8.07608e-24,0.00480913
0.874775,0.884921,-4.31866e-06,-8.11406e-24,0.00481025
0.874975,0.884748,-4.32576e-06,-8.15204e-24,0.00481137
0.875175,0.884575,-4.33285e-06,-8.19002e-24,0.00481248
0.875375,0.884402,-4.33994e-06,-8.228e-24,0.0048136
0.875575,0.884228,-4.34704e-06,-8.26597e-24,0.00481471
0.875775,0.884055,-4.35413e-06,-8.30395e-24,0.00481583
0.875975,0.883882,-4.36122e-06,-8.34193e-24,0.00481695
0.876175,0.883709,-4.36832e-06,-8.37991e-24,0.00481806
0.876375,0.883536,-4.37541e-06,-8.41789e-24,0.00481918
0.876575,0.883363,-4.3825e-06,-8.45587e-24,0.0048203
0.876775,0.883189,-4.3896e-06,-8.49385e-24,0.00482141
0.876975,0.883016,-4.39669e-06,-8.53183e-24,0.00482253
0.877175,0.882846,-4.40359e-06,3.9435e-24,0.00482361
0.877375,0.882677,-4.41041e-06,2.11273e-23,0.00482467
0.877576,0.882508,-4.41724e-06,3.83112e-23,0.00482573
0.877776,0.882339,-4.42407e-06,5.5495e-23,0.00482679
0.877976,0.88217,-4.43089e-06,7.26788e-23,0.00482785
0.878176,0.882001,-4.43772e-06,8.98627e-23,0.00482891
0.878376,0.881832,-4.44455e-06,1.07047e-22,0.00482997
0.878576,0.881663,-4.45137e-06,1.2423e-22,0.00483103
0.878776,0.881492,-4.45829e-06,1.41644e-22,0.00483211
0.878976,0.881304,-4.46587e-06,1.60709e-22,0.00483328
0.879176,0.881116,-4.47344e-06,1.79773e-22,0.00483446
0.879376,0.880929,-4.48101e-06,1.98838e-22,0.00483564
0.879576,0.880741,-4.48859e-06,2.17903e-22,0.00483682
0.879776,0.880554,-4.49616e-06,2.36967e-22,0.00483799
0.879976,0.880366,-4.50373e-06,2.56032e-22,0.00483917
0.880176,0.880179,-4.51131e-06,2.75096e-22,0.00484035
0.880376,0.879993,-4.5188e-06,2.80364e-22,0.0048415
0.880576,0.879811,-4.52617e-06,2.6185e-22,0.00484262
0.880776,0.879629,-4.53353e-06,2.43336e-22,0.00484373
0.880976,0.879447,-4.5409e-06,2.24822e-22,0.00484485
0.881176,0.879265,-4.54826e-06,2.06308e-22,0.00484596
0.881376,0.879082,-4.55563e-06,1.87794e-22,0.00484708
0.881576,0.8789,-4.56299e-06,1.6928e-22,0.0048482
0.881776,0.878718,-4.57036e-06,1.50766e-22,0.00484931
0.881976,0.878536,-4.57772e-06,1.32252e-22,0.00485043
0.882176,0.878354,-4.58509e-06,1.13737e-22,0.00485154
0.882376,0.878171,-4.59245e-06,9.52234e-23,0.00485266
0.882577,0.877989,-4.59982e-06,7.67093e-23,0.00485377
0.882777,0.877807,-4.60718e-06,5.81952e-23,0.00485489
0.882977,0.877625,-4.61455e-06,3.96811e-23,0.004856
0.883177,0.877443,-4.62191e-06,2.1167e-23,0.00485712
0.883377,0.87726,-4.62928e-06,2.65296e-24,0.00485824
0.883577,0.877074,-4.63672e-06,0,0.00485935
0.883777,0.876887,-4.64417e-06,0,0.00486046
0.883977,0.876701,-4.65162e-06,0,0.00486158
0.884177,0.876514,-4.65907e-06,0,0.00486269
0.884377,0.876327,-4.66652e-06,0,0.00486381
0.884577,0.87614,-4.67397e-06,0,0.00486492
0.884777,0.875953,-4.68142e-06,0,0.00486604
0.884977,0.875766,-4.68887e-06,0,0.00486715
0.885177,0.87558,-4.69632e-06,0,0.00486827
0.885377,0.875393,-4.70377e-06,0,0.00486938
0.885577,0.875206,-4.71122e-06,0,0.0048705
0.885777,0.875019,-4.71867e-06,0,0.00487161
0.885977,0.874832,-4.72612e-06,0,0.00487273
0.886177,0.874645,-4.73357e-06,0,0.00487384
0.886377,0.874459,-4.74102e-06,0,0.00487496
0.886577,0.87427,-4.74851e-06,3.11774e-26,0.00487607
0.886777,0.874078,-4.75609e-06,1.21216e-25,0.00487719
0.886977,0.873887,-4.76367e-06,2.11254e-25,0.0048783
0.887177,0.873695,-4.77125e-06,3.01292e-25,0.00487941
0.887377,0.873503,-4.77882e-06,3.9133e-25,0.00488053
0.887578,0.873312,-4.7864e-06,4.81368e-25,0.00488164
0.887778,0.87312,-4.79398e-06,5.71407e-25,0.00488276
0.887978,0.872928,-4.80156e-06,6.61445e-25,0.00488387
0.888178,0.872736,-4.80914e-06,7.51483e-25,0.00488498
0.888378,0.872545,-4.81671e-06,8.41521e-25,0.0048861
0.888578,0.872353,-4.82429e-06,9.31559e-25,0.00488721
0.888778,0.872161,-4.83187e-06,1.0216e-24,0.00488833
0.888978,0.87197,-4.83945e-06,1.11164e-24,0.00488944
0.889178,0.871778,-4.84702e-06,1.20167e-24,0.00489055
0.889378,0.871586,-4.8546e-06,1.29171e-24,0.00489167
0.889578,0.871395,-4.86218e-06,1.38175e-24,0.00489278
0.889778,0.871207,-4.86949e-06,1.45721e-24,0.00489385
0.889978,0.871019,-4.87674e-06,1.52981e-24,0.00489491
0.890178,0.870832,-4.88399e-06,1.60241e-24,0.00489596
0.890378,0.870645,-4.89124e-06,1.675e-24,0.00489702
0.890578,0.870458,-4.8985e-06,1.7476e-24,0.00489808
0.890778,0.870271,-4.90575e-06,1.8202e-24,0.00489914
0.890978,0.870084,-4.913e-06,1.8928e-24,0.0049002
0.891178,0.869895,-4.92032e-06,1.96604e-24,0.00490126
0.891378,0.869687,-4.92836e-06,2.04658e-24,0.00490244
0.891578,0.869479,-4.93641e-06,2.12712e-24,0.00490361
0.891778,0.869272,-4.94445e-06,2.20767e-24,0.00490479
0.891978,0.869064,-4.9525e-06,2.28821e-24,0.00490596
0.892178,0.868856,-4.96055e-06,2.36876e-24,0.00490713
0.892378,0.868649,-4.96859e-06,2.4493e-24,0.00490831
0.892579,0.868442,-4.97661e-06,2.52287e-24,0.00490948
0.892779,0.86824,-4.98435e-06,2.52643e-24,0.00491059
0.892979,0.868038,-4.99209e-06,2.53e-24,0.0049117
0.893179,0.867836,-4.99982e-06,2.53357e-24,0.00491281
0.893379,0.867635,-5.00756e-06,2.53714e-24,0.00491392
0.893579,0.867433,-5.0153e-06,2.54071e-24,0.00491503
0.893779,0.867231,-5.02304e-06,2.54427e-24,0.00491615
0.893979,0.867029,-5.03077e-06,2.54784e-24,0.00491726
0.894179,0.866827,-5.03851e-06,2.55141e-24,0.00491837
0.894379,0.866626,-5.04625e-06,2.55498e-24,0.00491948
0.894579,0.866424,-5.05399e-06,2.55854e-24,0.00492059
0.894779,0.866222,-5.06173e-06,2.56211e-24,0.0049217
0.894979,0.86602,-5.06946e-06,2.56568e-24,0.00492282
0.895179,0.865818,-5.0772e-06,2.56925e-24,0.00492393
0.895379,0.865616,-5.08494e-06,2.57338e-24,0.00492504
0.895579,0.865409,-5.09273e-06,2.58202e-24,0.00492615
0.895779,0.865202,-5.10051e-06,2.59066e-24,0.00492726
0.895979,0.864995,-5.1083e-06,2.5993e-24,0.00492837
0.896179,0.864788,-5.11608e-06,2.60793e-24,0.00492948
0.896379,0.864581,-5.12386e-06,2.61657e-24,0.00493059
0.896579,0.864374,-5.13165e-06,2.62521e-24,0.0049317
0.896779,0.864167,-5.13943e-06,2.63385e-24,0.00493281
0.896979,0.86396,-5.14722e-06,2.64249e-24,0.00493392
0.897179,0.863753,-5.155e-06,2.65113e-24,0.00493503
0.897379,0.863546,-5.16278e-06,2.65977e-24,0.00493614
0.89758,0.863339,-5.17057e-06,2.66841e-24,0.00493725
0.89778,0.863132,-5.17835e-06,2.67705e-24,0.00493836
0.89798,0.862925,-5.18614e-06,2.68569e-24,0.00493947
0.89818,0.862718,-5.19393e-06,2.69378e-24,0.00494058
0.89838,0.862505,-5.20176e-06,2.69825e-24,0.00494169
0.89858,0.862293,-5.2096e-06,2.70272e-24,0.0049428
0.89878,0.86208,-5.21744e-06,2.70719e-24,0.00494391
0.89898,0.861868,-5.22528e-06,2.71165e-24,0.00494502
0.89918,0.861655,-5.23311e-06,2.71612e-24,0.00494612
0.89938,0.861443,-5.24095e-06,2.72059e-24,0.00494723
0.89958,0.86123,-5.24879e-06,2.72506e-24,0.00494834
0.89978,0.861018,-5.25663e-06,2.72953e-24,0.00494945
0.89998,0.860805,-5.26447e-06,2.73399e-24,0.00495056
0.90018,0.860593,-5.2723e-06,2.73846e-24,0.00495167
0.90038,0.86038,-5.28014e-06,2.74293e-24,0.00495278
0.90058,0.860168,-5.28798e-06,2.7474e-24,0.00495388
0.90078,0.859956,-5.29582e-06,2.75186e-24,0.00495499
0.90098,0.859744,-5.3036e-06,2.73934e-24,0.00495609
0.90118,0.859536,-5.31105e-06,2.63114e-24,0.00495714
0.90138,0.859329,-5.31851e-06,2.52293e-24,0.0049582
0.90158,0.859121,-5.32596e-06,2.41473e-24,0.00495925
0.90178,0.858914,-5.33342e-06,2.30652e-24,0.0049603
0.90198,0.858706,-5.34087e-06,2.19831e-24,0.00496135
0.90218,0.858499,-5.34833e-06,2.09011e-24,0.0049624
0.90238,0.858288,-5.35591e-06,1.98e-24,0.00496348
0.902581,0.858058,-5.36419e-06,1.85995e-24,0.00496464
0.902781,0.857827,-5.37246e-06,1.7399e-24,0.00496581
0.902981,0.857597,-5.38073e-06,1.61985e-24,0.00496698
0.903181,0.857367,-5.389e-06,1.4998e-24,0.00496814
0.903381,0.857137,-5.39727e-06,1.37975e-24,0.00496931
0.903581,0.856907,-5.40554e-06,1.2597e-24,0.00497048
0.903781,0.856682,-5.41346e-06,1.15807e-24,0.00497159
0.903981,0.856458,-5.42132e-06,1.05943e-24,0.0049727
0.904181,0.856234,-5.42918e-06,9.60783e-25,0.0049738
0.904381,0.856011,-5.43705e-06,8.6214e-25,0.00497491
0.904581,0.855787,-5.44491e-06,7.63496e-25,0.00497601
0.904781,0.855563,-5.45277e-06,6.64853e-25,0.00497711
0.904981,0.855339,-5.46063e-06,5.66209e-25,0.00497822
0.905181,0.855116,-5.46849e-06,4.67565e-25,0.00497932
0.905381,0.854892,-5.47635e-06,3.68922e-25,0.00498043
0.905581,0.854668,-5.48422e-06,2.70278e-25,0.00498153
0.905781,0.854444,-5.49208e-06,1.71635e-25,0.00498264
0.905981,0.85422,-5.49994e-06,7.29912e-26,0.00498374
0.906181,0.853995,-5.5078e-06,0,0.00498485
0.906381,0.853766,-5.51565e-06,0,0.00498595
0.906581,0.853536,-5.5235e-06,0,0.00498705
0.906781,0.853306,-5.53135e-06,0,0.00498815
0.906981,0.853077,-5.5392e-06,0,0.00498925
0.907181,0.852847,-5.54705e-06,0,0.00499036
0.907381,0.852618,-5.5549e-06,0,0.00499146
0.907582,0.852388,-5.56275e-06,0,0.00499256
0.907782,0.852158,-5.5706e-06,0,0.00499366
0.907982,0.851929,-5.57845e-06,0,0.00499477
0.908182,0.851699,-5.5863e-06,0,0.00499587
0.908382,0.85147,-5.59414e-06,0,0.00499697
0.908582,0.85124,-5.60199e-06,0,0.00499807
0.908782,0.851006,-5.60982e-06,0,0.00499917
0.908982,0.850771,-5.61764e-06,0,0.00500027
0.909182,0.850535,-5.62545e-06,0,0.00500137
0.909382,0.850299,-5.63327e-06,0,0.00500247
0.909582,0.850063,-5.64108e-06,0,0.00500357
0.909782,0.849828,-5.6489e-06,0,0.00500467
0.909982,0.849592,-5.65672e-06,0,0.00500577
0.910182,0.849356,-5.66453e-06,0,0.00500687
0.910382,0.84912,-5.67235e-06,0,0.00500797
0.910582,0.848885,-5.68016e-06,0,0.00500907
0.910782,0.848649,-5.68798e-06,0,0.00501017
0.910982,0.848413,-5.69579e-06,0,0.00501127
0.911182,0.848178,-5.70358e-06,0,0.00501236
0.911382,0.847947,-5.71096e-06,0,0.00501341
0.911582,0.847717,-5.71834e-06,0,0.00501445
0.911782,0.847487,-5.72572e-06,0,0.00501549
0.911982,0.847256,-5.7331e-06,0,0.00501653
0.912182,0.847026,-5.74048e-06,0,0.00501758
0.912382,0.846796,-5.74786e-06,0,0.00501862
0.912583,0.846546,-5.75585e-06,0,0.00501975
0.912783,0.846291,-5.76404e-06,0,0.0050209
0.912983,0.846035,-5.77223e-06,0,0.00502206
0.913183,0.84578,-5.78041e-06,0,0.00502322
0.913383,0.845524,-5.7886e-06,0,0.00502437
0.913583,0.845269,-5.79675e-06,0,0.00502553
0.913783,0.845021,-5.80443e-06,0,0.00502662
0.913983,0.844772,-5.81212e-06,0,0.00502771
0.914183,0.844524,-5.81981e-06,0,0.00502881
0.914383,0.844275,-5.82749e-06,0,0.0050299
0.914583,0.844027,-5.83518e-06,0,0.00503099
0.914783,0.843778,-5.84287e-06,0,0.00503209
0.914983,0.84353,-5.85055e-06,0,0.00503318
0.915183,0.843281,-5.85824e-06,0,0.00503428
0.915383,0.843033,-5.86593e-06,0,0.00503537
0.915583,0.842784,-5.87361e-06,0,0.00503646
0.915783,0.842536,-5.8813e-06,0,0.00503756
0.915983,0.842283,-5.88895e-06,0,0.00503865
0.916183,0.842028,-5.89658e-06,0,0.00503974
0.916383,0.841773,-5.90421e-06,0,0.00504083
0.916583,0.841517,-5.91184e-06,0,0.00504192
0.916783,0.841262,-5.91947e-06,0,0.00504301
0.916983,0.841007,-5.9271e-06,0,0.0050441
0.917183,0.840752,-5.93473e-06,0,0.00504519
0.917383,0.840497,-5.94236e-06,0,0.00504628
0.917584,0.840242,-5.94999e-06,0,0.00504737
0.917784,0.839987,-5.95762e-06,0,0.00504846
0.917984,0.839732,-5.96526e-06,0,0.00504955
0.918184,0.839475,-5.97285e-06,0,0.00505064
0.918384,0.839213,-5.9804e-06,0,0.00505172
0.918584,0.838951,-5.98795e-06,0,0.00505281
0.918784,0.838689,-5.99549e-06,0,0.0050539
0.918984,0.838427,-6.00304e-06,0,0.00505498
0.919184,0.838165,-6.01058e-06,0,0.00505607
0.919384,0.837903,-6.01813e-06,0,0.00505716
0.919584,0.837641,-6.02568e-06,0,0.00505824
0.919784,0.837379,-6.03322e-06,0,0.00505933
0.919984,0.837117,-6.04077e-06,0,0.00506042
0.920184,0.836855,-6.04831e-06,0,0.0050615
0.920384,0.836593,-6.05585e-06,9.27935e-28,0.00506259
0.920584,0.836337,-6.0629e-06,1.06434e-25,0.00506362
0.920784,0.836081,-6.06995e-06,2.1194e-25,0.00506465
0.920984,0.835825,-6.077e-06,3.17446e-25,0.00506567
0.921184,0.835568,-6.08405e-06,4.22952e-25,0.0050667
0.921384,0.835312,-6.0911e-06,5.28458e-25,0.00506773
0.921584,0.835047,-6.0984e-06,6.37778e-25,0.0050688
0.921784,0.834763,-6.10622e-06,7.54833e-25,0.00506994
0.921984,0.834479,-6.11404e-06,8.71888e-25,0.00507108
0.922184,0.834195,-6.12186e-06,9.88943e-25,0.00507222
0.922384,0.833911,-6.12968e-06,1.106e-24,0.00507336
0.922585,0.833628,-6.1374e-06,1.22395e-24,0.00507449
0.922785,0.833352,-6.14473e-06,1.34526e-24,0.00507557
0.922985,0.833076,-6.15207e-06,1.46656e-24,0.00507665
0.923185,0.832799,-6.15941e-06,1.58786e-24,0.00507773
0.923385,0.832523,-6.16675e-06,1.70917e-24,0.0050788
0.923585,0.832246,-6.17408e-06,1.83047e-24,0.00507988
0.923785,0.83197,-6.18142e-06,1.95177e-24,0.00508096
0.923985,0.831694,-6.18876e-06,2.07307e-24,0.00508204
0.924185,0.831417,-6.1961e-06,2.19438e-24,0.00508311
0.924385,0.831141,-6.20343e-06,2.31568e-24,0.00508419
0.924585,0.830865,-6.21077e-06,2.43698e-24,0.00508527
0.924785,0.830581,-6.21811e-06,2.45059e-24,0.00508634
0.924985,0.830297,-6.22544e-06,2.46148e-24,0.00508742
0.925185,0.830013,-6.23278e-06,2.47238e-24,0.00508849
0.925385,0.82973,-6.24011e-06,2.48328e-24,0.00508956
0.925585,0.829446,-6.24745e-06,2.49417e-24,0.00509064
0.925785,0.829162,-6.25478e-06,2.50507e-24,0.00509171
0.925985,0.828878,-6.26212e-06,2.51597e-24,0.00509278
0.926185,0.828595,-6.26945e-06,2.52686e-24,0.00509386
0.926385,0.828311,-6.27679e-06,2.53776e-24,0.00509493
0.926585,0.828027,-6.28413e-06,2.54866e-24,0.005096
0.926785,0.827737,-6.29141e-06,2.55546e-24,0.00509707
0.926985,0.827446,-6.29867e-06,2.56081e-24,0.00509814
0.927185,0.827154,-6.30593e-06,2.56616e-24,0.00509921
0.927385,0.826863,-6.3132e-06,2.57152e-24,0.00510028
0.927586,0.826571,-6.32046e-06,2.57687e-24,0.00510134
0.927786,0.826279,-6.32772e-06,2.58222e-24,0.00510241
0.927986,0.825988,-6.33499e-06,2.58757e-24,0.00510348
0.928186,0.825696,-6.34225e-06,2.59293e-24,0.00510455
0.928386,0.825404,-6.34951e-06,2.59828e-24,0.00510562
0.928586,0.825113,-6.35678e-06,2.60363e-24,0.00510668
0.928786,0.824824,-6.36387e-06,2.59335e-24,0.00510772
0.928986,0.824539,-6.3708e-06,2.56758e-24,0.00510873
0.929186,0.824254,-6.37772e-06,2.54181e-24,0.00510974
0.929386,0.823969,-6.38465e-06,2.51604e-24,0.00511075
0.929586,0.823684,-6.39157e-06,2.49027e-24,0.00511176
0.929786,0.823387,-6.39879e-06,2.46341e-24,0.00511282
0.929986,0.82307,-6.40647e-06,2.43482e-24,0.00511394
0.930186,0.822754,-6.41416e-06,2.40623e-24,0.00511506
0.930386,0.822437,-6.42184e-06,2.37764e-24,0.00511618
0.930586,0.822121,-6.42952e-06,2.34905e-24,0.0051173
0.930786,0.821811,-6.43689e-06,2.3459e-24,0.00511837
0.930986,0.821503,-6.44416e-06,2.3503e-24,0.00511942
0.931186,0.821195,-6.45142e-06,2.3547e-24,0.00512048
0.931386,0.820887,-6.45869e-06,2.3591e-24,0.00512154
0.931586,0.820579,-6.46596e-06,2.3635e-24,0.00512259
0.931786,0.820272,-6.47323e-06,2.3679e-24,0.00512365
0.931986,0.819964,-6.4805e-06,2.3723e-24,0.00512471
0.932186,0.819656,-6.48777e-06,2.3767e-24,0.00512576
0.932386,0.819348,-6.49504e-06,2.3811e-24,0.00512682
0.932587,0.819035,-6.50238e-06,2.38944e-24,0.00512787
0.932787,0.818719,-6.50976e-06,2.40106e-24,0.00512892
0.932987,0.818403,-6.51715e-06,2.41269e-24,0.00512997
0.933187,0.818086,-6.52454e-06,2.42432e-24,0.00513102
0.933387,0.81777,-6.53193e-06,2.43594e-24,0.00513207
0.933587,0.817454,-6.53932e-06,2.44757e-24,0.00513312
0.933787,0.817137,-6.5467e-06,2.4592e-24,0.00513417
0.933987,0.816821,-6.55409e-06,2.47082e-24,0.00513522
0.934187,0.816505,-6.56148e-06,2.48245e-24,0.00513627
0.934387,0.816185,-6.5689e-06,2.49216e-24,0.00513732
0.934587,0.81586,-6.57639e-06,2.49775e-24,0.00513836
0.934787,0.815535,-6.58388e-06,2.50334e-24,0.00513941
0.934987,0.81521,-6.59136e-06,2.50893e-24,0.00514045
0.935187,0.814884,-6.59885e-06,2.51451e-24,0.00514149
0.935387,0.814559,-6.60634e-06,2.5201e-24,0.00514253
0.935587,0.814234,-6.61383e-06,2.52569e-24,0.00514358
0.935787,0.813909,-6.62131e-06,2.53128e-24,0.00514462
0.935987,0.813584,-6.6288e-06,2.53687e-24,0.00514566
0.936187,0.813259,-6.63628e-06,2.53936e-24,0.0051467
0.936387,0.812941,-6.64366e-06,2.51119e-24,0.00514768
0.936587,0.812623,-6.65104e-06,2.48301e-24,0.00514867
0.936787,0.812304,-6.65841e-06,2.45484e-24,0.00514965
0.936987,0.811986,-6.66579e-06,2.42666e-24,0.00515064
0.937187,0.811651,-6.67356e-06,2.39701e-24,0.00515167
0.937387,0.811298,-6.68175e-06,2.36575e-24,0.00515276
0.937588,0.810945,-6.68993e-06,2.33449e-24,0.00515386
0.937788,0.810592,-6.69812e-06,2.30324e-24,0.00515495
0.937988,0.810242,-6.70624e-06,2.28346e-24,0.00515602
0.938188,0.809898,-6.71422e-06,2.28803e-24,0.00515705
0.938388,0.809555,-6.72221e-06,2.2926e-24,0.00515807
0.938588,0.809211,-6.73019e-06,2.29716e-24,0.0051591
0.938788,0.808867,-6.73818e-06,2.30173e-24,0.00516013
0.938988,0.808523,-6.74616e-06,2.30629e-24,0.00516115
0.939188,0.80818,-6.75414e-06,2.31086e-24,0.00516218
0.939388,0.807836,-6.76213e-06,2.31543e-24,0.00516321
0.939588,0.807492,-6.77011e-06,2.32003e-24,0.00516423
0.939788,0.807139,-6.77851e-06,2.33242e-24,0.00516525
0.939988,0.806785,-6.78691e-06,2.3448e-24,0.00516627
0.940188,0.806432,-6.79531e-06,2.35719e-24,0.00516729
0.940388,0.806079,-6.8037e-06,2.36958e-24,0.00516831
0.940588,0.805725,-6.8121e-06,2.38197e-24,0.00516933
0.940788,0.805372,-6.8205e-06,2.39435e-24,0.00517035
0.940988,0.805019,-6.8289e-06,2.40674e-24,0.00517136
0.941188,0.804665,-6.8373e-06,2.41913e-24,0.00517238
0.941388,0.804305,-6.84597e-06,2.427e-24,0.00517339
0.941588,0.803942,-6.85477e-06,2.43283e-24,0.0051744
0.941788,0.803578,-6.86357e-06,2.43866e-24,0.00517541
0.941988,0.803215,-6.87237e-06,2.4445e-24,0.00517642
0.942188,0.802851,-6.88117e-06,2.45033e-24,0.00517743
0.942388,0.802488,-6.88997e-06,2.45616e-24,0.00517844
0.942589,0.802124,-6.89877e-06,2.46199e-24,0.00517945
0.942789,0.801761,-6.90757e-06,2.46783e-24,0.00518045
0.942989,0.8014,-6.91645e-06,2.4104e-24,0.00518144
0.943189,0.801044,-6.92547e-06,2.24647e-24,0.00518239
0.943389,0.800689,-6.93449e-06,2.08253e-24,0.00518334
0.943589,0.800333,-6.94351e-06,1.9186e-24,0.00518429
0.943789,0.799969,-6.95274e-06,1.75081e-24,0.00518526
0.943989,0.799574,-6.96274e-06,1.56893e-24,0.00518631
0.944189,0.799179,-6.97275e-06,1.38705e-24,0.00518736
0.944389,0.798784,-6.98275e-06,1.20516e-24,0.00518842
0.944589,0.798394,-6.99281e-06,1.03917e-24,0.00518944
0.944789,0.79801,-7.00291e-06,8.91322e-25,0.00519043
0.944989,0.797625,-7.01302e-06,7.43471e-25,0.00519141
0.945189,0.797241,-7.02312e-06,5.95621e-25,0.0051924
0.945389,0.796856,-7.03323e-06,4.47771e-25,0.00519339
0.945589,0.796472,-7.04333e-06,2.9992e-25,0.00519437
0.945789,0.796087,-7.05344e-06,1.5207e-25,0.00519536
0.945989,0.795702,-7.06355e-06,4.21984e-27,0.00519635
0.946189,0.795307,-7.0745e-06,0,0.00519732
0.946389,0.794912,-7.08547e-06,0,0.0051983
0.946589,0.794516,-7.09645e-06,0,0.00519927
0.946789,0.794121,-7.10743e-06,0,0.00520025
0.946989,0.793725,-7.1184e-06,0,0.00520122
0.947189,0.79333,-7.12938e-06,0,0.0052022
0.947389,0.792934,-7.14035e-06,0,0.00520318
0.94759,0.792533,-7.15177e-06,0,0.00520414
0.94779,0.792126,-7.16367e-06,0,0.00520511
0.94799,0.791719,-7.17557e-06,0,0.00520607
0.94819,0.791312,-7.18747e-06,0,0.00520703
0.94839,0.790905,-7.19937e-06,0,0.00520799
0.94859,0.790498,-7.21127e-06,0,0.00520895
0.94879,0.79009,-7.22318e-06,0,0.00520992
0.94899,0.789683,-7.23508e-06,0,0.00521088
0.94919,0.789284,-7.24758e-06,0,0.00521178
0.94939,0.788886,-7.26009e-06,0,0.00521268
0.94959,0.788487,-7.2726e-06,0,0.00521358
0.94979,0.788078,-7.28543e-06,0,0.00521451
0.94999,0.787636,-7.29931e-06,0,0.00521551
0.95019,0.787193,-7.31319e-06,0,0.0052165
0.95039,0.786751,-7.32707e-06,0,0.0052175
0.95059,0.786318,-7.34133e-06,0,0.00521845
0.95079,0.785887,-7.35565e-06,0,0.00521938
0.95099,0.785455,-7.36998e-06,0,0.00522031
0.95119,0.785024,-7.3843e-06,0,0.00522124
0.95139,0.784593,-7.39863e-06,0,0.00522218
0.95159,0.784162,-7.41296e-06,0,0.00522311
0.95179,0.783729,-7.42743e-06,0,0.00522404
0.95199,0.783285,-7.44323e-06,0,0.00522496
0.95219,0.782842,-7.45903e-06,0,0.00522587
0.95239,0.782398,-7.47484e-06,0,0.00522679
0.952591,0.781954,-7.49064e-06,0,0.00522771
0.952791,0.78151,-7.50644e-06,0,0.00522862
0.952991,0.781066,-7.52224e-06,0,0.00522954
0.953191,0.780618,-7.53857e-06,0,0.00523045
0.953391,0.780161,-7.55588e-06,0,0.00523135
0.953591,0.779704,-7.57319e-06,0,0.00523225
0.953791,0.779247,-7.5905e-06,0,0.00523314
0.953991,0.77879,-7.60781e-06,0,0.00523404
0.954191,0.778333,-7.62512e-06,0,0.00523494
0.954391,0.777876,-7.64244e-06,0,0.00523584
0.954591,0.777424,-7.66032e-06,9.01857e-26,0.0052367
0.954791,0.776976,-7.67861e-06,2.43689e-25,0.00523754
0.954991,0.776528,-7.6969e-06,3.97192e-25,0.00523837
0.955191,0.77607,-7.7156e-06,5.54217e-25,0.00523922
0.955391,0.775572,-7.73589e-06,7.24525e-25,0.00524015
0.955591,0.775075,-7.75618e-06,8.94832e-25,0.00524108
0.955791,0.77458,-7.77659e-06,1.06598e-24,0.00524199
0.955991,0.774096,-7.79759e-06,1.24135e-24,0.00524285
0.956191,0.773611,-7.81859e-06,1.41673e-24,0.00524371
0.956391,0.773126,-7.83959e-06,1.59211e-24,0.00524457
0.956591,0.772641,-7.86059e-06,1.76749e-24,0.00524542
0.956791,0.772156,-7.88159e-06,1.94287e-24,0.00524628
0.956991,0.77167,-7.90274e-06,-8.96751e-24,0.00524714
0.957191,0.771171,-7.9258e-06,-1.55017e-22,0.00524798
0.957391,0.770672,-7.94886e-06,-3.01067e-22,0.00524881
0.957592,0.770173,-7.97192e-06,-4.47116e-22,0.00524965
0.957792,0.769673,-7.99498e-06,-5.93166e-22,0.00525048
0.957992,0.769174,-8.01804e-06,-7.39215e-22,0.00525132
0.958192,0.768675,-8.0411e-06,-8.85265e-22,0.00525216
0.958392,0.768161,-8.06625e-06,-7.46351e-22,0.00525297
0.958592,0.767646,-8.09143e-06,-6.03573e-22,0.00525378
0.958792,0.767132,-8.11661e-06,-4.60794e-22,0.00525459
0.958992,0.766617,-8.14179e-06,-3.18015e-22,0.0052554
0.959192,0.766102,-8.16698e-06,-1.75237e-22,0.00525621
0.959392,0.765588,-8.19216e-06,-3.2458e-23,0.00525703
0.959592,0.765082,-8.21835e-06,-1.75547e-23,0.00525778
0.959792,0.764578,-8.24466e-06,-1.72679e-23,0.00525852
0.959992,0.764073,-8.27097e-06,-1.6981e-23,0.00525927
0.960192,0.763521,-8.29973e-06,-1.66674e-23,0.00526008
0.960392,0.762961,-8.32892e-06,-1.63492e-23,0.00526091
0.960592,0.762403,-8.35818e-06,2.3955e-24,0.00526173
0.960792,0.761856,-8.38809e-06,1.72308e-22,0.00526249
0.960992,0.76131,-8.418e-06,3.4222e-22,0.00526324
0.961192,0.760763,-8.4479e-06,5.12132e-22,0.005264
0.961392,0.760217,-8.47781e-06,6.82045e-22,0.00526476
0.961592,0.75967,-8.50772e-06,8.51957e-22,0.00526552
0.961792,0.759113,-8.53918e-06,8.1313e-22,0.00526625
0.961992,0.75855,-8.57158e-06,6.46531e-22,0.00526698
0.962192,0.757987,-8.60399e-06,4.79931e-22,0.00526771
0.962392,0.757424,-8.6364e-06,3.13331e-22,0.00526843
0.962593,0.756861,-8.66881e-06,1.46731e-22,0.00526916
0.962793,0.756295,-8.70155e-06,2.11598e-24,0.00526988
0.962993,0.755714,-8.73648e-06,2.12293e-24,0.00527058
0.963193,0.755133,-8.7714e-06,2.12988e-24,0.00527127
0.963393,0.754552,-8.80632e-06,2.13683e-24,0.00527197
0.963593,0.753972,-8.84125e-06,2.14379e-24,0.00527266
0.963793,0.753391,-8.87617e-06,2.15074e-24,0.00527335
0.963993,0.752817,-8.91172e-06,2.12649e-24,0.005274
0.964193,0.752246,-8.9476e-06,2.08497e-24,0.00527463
0.964393,0.751676,-8.98349e-06,2.04345e-24,0.00527525
0.964593,0.75105,-9.02291e-06,1.99784e-24,0.00527594
0.964793,0.750417,-9.06273e-06,1.95177e-24,0.00527663
0.964993,0.749791,-9.10271e-06,1.9277e-24,0.00527729
0.965193,0.749173,-9.14292e-06,1.93325e-24,0.00527791
0.965393,0.748555,-9.18313e-06,1.93881e-24,0.00527853
0.965593,0.747937,-9.22335e-06,1.94436e-24,0.00527915
0.965793,0.747319,-9.26356e-06,1.94992e-24,0.00527977
0.965993,0.746692,-9.30505e-06,1.96083e-24,0.00528037
0.966193,0.746055,-9.34793e-06,1.97756e-24,0.00528095
0.966393,0.745418,-9.39082e-06,1.99428e-24,0.00528153
0.966593,0.744781,-9.4337e-06,2.01101e-24,0.00528211
0.966793,0.744143,-9.47658e-06,2.02774e-24,0.00528269
0.966993,0.743495,-9.52085e-06,2.03948e-24,0.00528325
0.967193,0.742837,-9.56634e-06,2.04684e-24,0.00528379
0.967393,0.74218,-9.61183e-06,2.05421e-24,0.00528432
0.967594,0.741522,-9.65732e-06,2.06157e-24,0.00528486
0.967794,0.740864,-9.70281e-06,2.06893e-24,0.00528539
0.967994,0.740213,-9.74856e-06,2.04596e-24,0.00528588
0.968194,0.739567,-9.79449e-06,2.00151e-24,0.00528635
0.968394,0.738913,-9.84099e-06,1.95652e-24,0.00528681
0.968594,0.738196,-9.89196e-06,1.90721e-24,0.00528733
0.968794,0.737479,-9.94292e-06,1.8579e-24,0.00528784
0.968994,0.736776,-9.99366e-06,1.85733e-24,0.00528829
0.969194,0.736075,-1.00444e-05,1.86322e-24,0.00528872
0.969394,0.735374,-1.00951e-05,1.86912e-24,0.00528916
0.969594,0.734673,-1.01458e-05,1.87501e-24,0.0052896
0.969794,0.733963,-1.01975e-05,1.88598e-24,0.00529001
0.969994,0.733239,-1.02508e-05,1.90383e-24,0.00529039
0.970194,0.732516,-1.0304e-05,1.92168e-24,0.00529078
0.970394,0.731793,-1.03572e-05,1.93953e-24,0.00529116
0.970594,0.731069,-1.04104e-05,1.95737e-24,0.00529154
0.970794,0.730323,-1.0466e-05,1.96558e-24,0.00529187
0.970994,0.729575,-1.05216e-05,1.97344e-24,0.00529219
0.971194,0.728828,-1.05772e-05,1.9813e-24,0.00529252
0.971394,0.72808,-1.06328e-05,1.98917e-24,0.00529284
0.971594,0.727339,-1.06882e-05,1.96897e-24,0.00529313
0.971794,0.726604,-1.07435e-05,1.92149e-24,0.00529337
0.971994,0.725847,-1.08004e-05,1.87256e-24,0.00529362
0.972194,0.725032,-1.08617e-05,1.81987e-24,0.0052939
0.972394,0.724221,-1.09227e-05,1.78302e-24,0.00529415
0.972595,0.723423,-1.09829e-05,1.78933e-24,0.00529434
0.972795,0.722625,-1.1043e-05,1.79565e-24,0.00529453
0.972995,0.721827,-1.11032e-05,1.80197e-24,0.00529473
0.973195,0.721023,-1.11639e-05,1.81148e-24,0.0052949
0.973395,0.720199,-1.12262e-05,1.83059e-24,0.00529502
0.973595,0.719375,-1.12884e-05,1.8497e-24,0.00529514
0.973795,0.71855,-1.13507e-05,1.86882e-24,0.00529526
0.973995,0.71772,-1.14134e-05,1.83041e-24,0.00529537
0.974195,0.716867,-1.14776e-05,1.6003e-24,0.00529541
0.974395,0.716015,-1.15418e-05,1.37019e-24,0.00529545
0.974595,0.715163,-1.1606e-05,1.14008e-24,0.00529549
0.974795,0.714313,-1.16699e-05,9.0818e-25,0.00529552
0.974995,0.713474,-1.17329e-05,6.696e-25,0.00529548
0.975195,0.712616,-1.17972e-05,4.25725e-25,0.00529543
0.975395,0.711686,-1.1867e-05,1.61026e-25,0.00529539
0.975595,0.710762,-1.1936e-05,0,0.00529531
0.975795,0.709851,-1.20037e-05,0,0.00529517
0.975995,0.708939,-1.20715e-05,0,0.00529504
0.976195,0.708027,-1.21392e-05,0,0.00529491
0.976395,0.707092,-1.22081e-05,-2.97509e-22,0.00529471
0.976595,0.706149,-1.22774e-05,-6.84139e-22,0.00529448
0.976795,0.705206,-1.23466e-05,-1.07077e-21,0.00529425
0.976995,0.704258,-1.24161e-05,-1.34426e-21,0.00529401
0.977195,0.703282,-1.24866e-05,-9.62909e-22,0.00529368
0.977395,0.702306,-1.25572e-05,-5.81559e-22,0.00529335
0.977596,0.70133,-1.26278e-05,-2.0021e-22,0.00529302
0.977796,0.700362,-1.26972e-05,-1.88292e-23,0.00529264
0.977996,0.6994,-1.27655e-05,-1.82604e-23,0.00529221
0.978196,0.698363,-1.28391e-05,-1.76472e-23,0.00529175
0.978396,0.697297,-1.29147e-05,-1.70738e-23,0.00529127
0.978596,0.696251,-1.29874e-05,-1.71488e-23,0.00529071
0.978796,0.695205,-1.30601e-05,-1.72238e-23,0.00529015
0.978996,0.694158,-1.31328e-05,-1.72988e-23,0.00528959
0.979196,0.693082,-1.32062e-05,-1.74982e-23,0.00528892
0.979396,0.691999,-1.32798e-05,-1.77256e-23,0.00528823
0.979596,0.690916,-1.33534e-05,-1.79529e-23,0.00528754
0.979796,0.689811,-1.34273e-05,-1.79612e-23,0.00528678
0.979996,0.688688,-1.35014e-05,-1.77918e-23,0.00528595
0.980196,0.687565,-1.35756e-05,-1.76224e-23,0.00528512
0.980396,0.686447,-1.36488e-05,-1.727e-23,0.00528426
0.980596,0.685339,-1.37199e-05,-1.64636e-23,0.00528332
0.980796,0.684152,-1.3796e-05,-1.55995e-23,0.00528232
0.980996,0.682927,-1.38741e-05,8.37626e-23,0.00528126
0.981196,0.68172,-1.39489e-05,6.20539e-22,0.00528012
0.981396,0.680514,-1.40238e-05,1.15732e-21,0.00527898
0.981596,0.679296,-1.40988e-05,1.43657e-21,0.0052778
0.981796,0.678046,-1.41738e-05,9.05422e-22,0.00527649
0.981996,0.676795,-1.42489e-05,3.74273e-22,0.00527518
0.982196,0.67553,-1.43239e-05,1.60641e-24,0.00527381
0.982396,0.674232,-1.43989e-05,1.32496e-24,0.00527231
0.982597,0.672934,-1.44739e-05,1.04352e-24,0.00527081
0.982797,0.671642,-1.45475e-05,7.57959e-25,0.00526927
0.982997,0.670359,-1.46186e-05,4.64935e-25,0.00526764
0.983197,0.668952,-1.46967e-05,1.43533e-25,0.00526586
0.983397,0.667543,-1.47732e-05,0,0.00526399
0.983597,0.666144,-1.48476e-05,0,0.00526207
0.983797,0.664745,-1.49221e-05,0,0.00526015
0.983997,0.663298,-1.49963e-05,0,0.00525802
0.984197,0.661846,-1.50704e-05,0,0.00525587
0.984397,0.660379,-1.51443e-05,0,0.00525365
0.984597,0.65887,-1.52178e-05,0,0.00525124
0.984797,0.65736,-1.52913e-05,0,0.00524883
0.984997,0.65586,-1.53622e-05,0,0.00524632
0.985197,0.654321,-1.54336e-05,0,0.00524368
0.985397,0.652666,-1.551e-05,0,0.00524082
0.985597,0.651034,-1.55821e-05,0,0.00523783
0.985797,0.649402,-1.56541e-05,0,0.00523484
0.985997,0.647725,-1.57256e-05,0,0.00523163
0.986197,0.646029,-1.57968e-05,0,0.00522832
0.986397,0.644311,-1.58677e-05,0,0.0052249
0.986597,0.642544,-1.59377e-05,0,0.00522123
0.986797,0.640777,-1.60078e-05,0,0.00521756
0.986997,0.639023,-1.60738e-05,0,0.0052137
0.987197,0.637134,-1.61445e-05,0,0.00520952
0.987397,0.635207,-1.6214e-05,0,0.00520511
0.987598,0.633289,-1.62817e-05,0,0.00520062
0.987798,0.631333,-1.63486e-05,0,0.00519592
0.987998,0.629335,-1.64148e-05,0,0.00519098
0.988198,0.627309,-1.64804e-05,0,0.00518588
0.988398,0.625224,-1.65447e-05,0,0.00518043
0.988598,0.623141,-1.66082e-05,5.82687e-26,0.00517494
0.988798,0.621048,-1.66681e-05,4.00181e-25,0.00516915
0.988998,0.618752,-1.67332e-05,7.77697e-25,0.00516276
0.989198,0.616479,-1.67932e-05,1.16987e-24,0.00515615
0.989398,0.614188,-1.68527e-05,1.49797e-24,0.00514942
0.989598,0.611815,-1.69099e-05,1.53775e-24,0.00514216
0.989798,0.609415,-1.69663e-05,1.57342e-24,0.00513472
0.989998,0.606931,-1.70201e-05,1.59609e-24,0.00512671
0.990198,0.604451,-1.70718e-05,1.58785e-24,0.00511858
0.990398,0.601887,-1.71206e-05,1.50383e-24,0.00510986
0.990598,0.599152,-1.71695e-05,1.46379e-24,0.00510036
0.990798,0.59643,-1.72142e-05,1.48446e-24,0.00509065
0.990998,0.593617,-1.72549e-05,1.52334e-24,0.00508026
0.991198,0.590766,-1.72939e-05,1.56998e-24,0.00506957
0.991398,0.58778,-1.7326e-05,1.59898e-24,0.00505784
0.991598,0.584788,-1.73558e-05,1.6038e-24,0.00504592
0.991798,0.581688,-1.73785e-05,1.51258e-24,0.00503306
0.991998,0.578377,-1.73968e-05,1.48105e-24,0.00501897
0.992198,0.575074,-1.741e-05,1.50679e-24,0.00500461
0.992398,0.571609,-1.7412e-05,1.83541e-21,0.00498883
0.992599,0.568066,-1.74081e-05,2.29599e-21,0.00497233
0.992799,0.564407,-1.73954e-05,3.94138e-22,0.00495478
0.992999,0.560729,-1.73699e-05,1.88452e-23,0.00493639
0.993199,0.556652,-1.73329e-05,-6.74238e-22,0.00491551
0.993399,0.552579,-1.72838e-05,-2.95732e-21,0.00489394
0.993599,0.548303,-1.72148e-05,-1.22679e-21,0.0048703
0.993799,0.543883,-1.71307e-05,-1.15938e-21,0.00484514
0.993999,0.539323,-1.7031e-05,-3.50027e-21,0.00481843
0.994199,0.534554,-1.69019e-05,-8.98057e-22,0.00478905
0.994399,0.529429,-1.67449e-05,-2.20131e-23,0.00475642
0.994599,0.524166,-1.6563e-05,1.25267e-21,0.00472167
0.994799,0.518668,-1.63515e-05,3.64463e-21,0.00468405
0.994999,0.512851,-1.60986e-05,5.02089e-22,0.00464241
0.995199,0.506818,-1.58047e-05,-2.91671e-21,0.0045972
0.995399,0.5002,-1.54521e-05,-2.01548e-21,0.00454561
0.995599,0.493332,-1.50557e-05,-2.33253e-23,0.00448966
0.995799,0.486043,-1.46116e-05,-2.1159e-23,0.00442758
0.995999,0.478349,-1.413e-05,-1.72975e-23,0.00435904
0.996199,0.469965,-1.3607e-05,-1.17297e-23,0.00428049
0.996399,0.461019,-1.30733e-05,-8.79748e-24,0.00419242
0.996599,0.451335,-1.2534e-05,-8.38976e-24,0.00409188
0.996799,0.440799,-1.19947e-05,6.07018e-21,0.00397632
0.996999,0.429329,-1.14509e-05,3.84886e-22,0.00384334
0.997199,0.416717,-1.0884e-05,0,0.00368911
0.997399,0.402775,-1.02796e-05,0,0.00350838
0.9976,0.387417,-9.62691e-06,0,0.00329828
0.9978,0.370016,-8.89562e-06,0,0.00304756
0.998,0.35064,-8.07898e-06,0,0.00275606
0.9982,0.328761,-7.15188e-06,0,0.00241581
0.9984,0.304031,-6.11434e-06,1.35312e-24,0.00202531
0.9986,0.27526,-4.97707e-06,3.44364e-24,0.0015806
0.9988,0.242578,-3.82372e-06,3.84217e-24,0.00111652
0.999,0.206494,-2.72836e-06,3.68061e-24,0.000683343
0.9992,0.166793,-1.75721e-06,3.70913e-24,0.00034159
0.9994,0.125651,-9.87063e-07,2.36379e-24,0.000129141
0.9996,0.0838756,-4.34922e-07,0,3.07656e-05
0.9998,0.0419489,-1.05043e-07,0,2.6117e-06
1,0,0,0,0