               X               Y            VELX            VELY            PRES            TEMP            PS 1            PS 2  1.00500000E+01
 -3.39900000E-01  1.93500000E+00  4.60553928E-15  0.00000000E+00  2.53501638E-01  0.00000000E+00  1.59223535E-36  0.00000000E+00
 -3.39900000E-01  1.93523500E+00 -6.90692115E-03  0.00000000E+00  2.56062695E-01  0.00000000E+00  2.27902281E-05  1.26228445E-05
 -3.39900000E-01  1.93547000E+00 -1.38000146E-02  0.00000000E+00  2.60556420E-01  0.00000000E+00  1.12768171E-04  5.04913781E-05
 -3.39900000E-01  1.93570500E+00 -2.06792804E-02  0.00000000E+00  2.64572249E-01  0.00000000E+00  2.55715446E-04  1.13605601E-04
 -3.39900000E-01  1.93594000E+00 -2.75447186E-02  0.00000000E+00  2.67313857E-01  0.00000000E+00  4.33864053E-04  2.01965512E-04
 -3.39900000E-01  1.93617500E+00 -3.43963291E-02  0.00000000E+00  2.68817241E-01  0.00000000E+00  6.34562659E-04  3.15571113E-04
 -3.39900000E-01  1.93641000E+00 -4.12341119E-02  0.00000000E+00  2.69425544E-01  0.00000000E+00  8.49136943E-04  4.54422403E-04
 -3.39900000E-01  1.93664500E+00 -4.80580670E-02  0.00000000E+00  2.69506311E-01  0.00000000E+00  1.07160284E-03  6.18519381E-04
 -3.39900000E-01  1.93688000E+00 -5.48681945E-02  0.00000000E+00  2.69337586E-01  0.00000000E+00  1.29778360E-03  8.07862049E-04
 -3.39900000E-01  1.93711500E+00 -6.16644943E-02  0.00000000E+00  2.69089085E-01  0.00000000E+00  1.52473526E-03  1.02245041E-03
 -3.39900000E-01  1.93735000E+00 -6.84469664E-02  0.00000000E+00  2.68844017E-01  0.00000000E+00  1.75036980E-03  1.26228445E-03
 -3.39900000E-01  1.93758500E+00 -7.52156108E-02  0.00000000E+00  2.68630769E-01  0.00000000E+00  1.97320416E-03  1.52736419E-03
 -3.39900000E-01  1.93782000E+00 -8.19704276E-02  0.00000000E+00  2.68449432E-01  0.00000000E+00  2.19218915E-03  1.81768961E-03
 -3.39900000E-01  1.93805500E+00 -8.87114167E-02  0.00000000E+00  2.68289508E-01  0.00000000E+00  2.40659061E-03  2.13326072E-03
 -3.39900000E-01  1.93829000E+00 -9.54385782E-02  0.00000000E+00  2.68139325E-01  0.00000000E+00  2.61590577E-03  2.47407753E-03
 -3.39900000E-01  1.93852500E+00 -1.02151912E-01  0.00000000E+00  2.67989910E-01  0.00000000E+00  2.81980305E-03  2.84014002E-03
 -3.39900000E-01  1.93876000E+00 -1.08851418E-01  0.00000000E+00  2.67835807E-01  0.00000000E+00  3.01807819E-03  3.23144820E-03
 -3.39900000E-01  1.93899500E+00 -1.15537096E-01  0.00000000E+00  2.67674325E-01  0.00000000E+00  3.21062223E-03  3.64800207E-03
 -3.39900000E-01  1.93923000E+00 -1.22208947E-01  0.00000000E+00  2.67504626E-01  0.00000000E+00  3.39739754E-03  4.08980162E-03
 -3.39900000E-01  1.93946500E+00 -1.28866970E-01  0.00000000E+00  2.67326871E-01  0.00000000E+00  3.57841974E-03  4.55684687E-03
 -3.39900000E-01  1.93970000E+00 -1.35511166E-01  0.00000000E+00  2.67141690E-01  0.00000000E+00  3.75374436E-03  5.04913781E-03
 -3.39900000E-01  1.93993500E+00 -1.42141534E-01  0.00000000E+00  2.66949831E-01  0.00000000E+00  3.92345625E-03  5.56667443E-03
 -3.39900000E-01  1.94017000E+00 -1.48758074E-01  0.00000000E+00  2.66752063E-01  0.00000000E+00  4.08766184E-03  6.10945675E-03
 -3.39900000E-01  1.94040500E+00 -1.55360786E-01  0.00000000E+00  2.66549135E-01  0.00000000E+00  4.24648304E-03  6.67748475E-03
 -3.39900000E-01  1.94064000E+00 -1.61949671E-01  0.00000000E+00  2.66341748E-01  0.00000000E+00  4.40005257E-03  7.27075844E-03
 -3.39900000E-01  1.94087500E+00 -1.68524728E-01  0.00000000E+00  2.66130546E-01  0.00000000E+00  4.54851029E-03  7.88927782E-03
 -3.39900000E-01  1.94111000E+00 -1.75085957E-01  0.00000000E+00  2.65916092E-01  0.00000000E+00  4.69200041E-03  8.53304290E-03
 -3.39900000E-01  1.94134500E+00 -1.81633359E-01  0.00000000E+00  2.65698856E-01  0.00000000E+00  4.83066945E-03  9.20205366E-03
 -3.39900000E-01  1.94158000E+00 -1.88166933E-01  0.00000000E+00  2.65479178E-01  0.00000000E+00  4.96466451E-03  9.89631010E-03
 -3.39900000E-01  1.94181500E+00 -1.94686679E-01  0.00000000E+00  2.65257232E-01  0.00000000E+00  5.09413190E-03  1.06158122E-02
 -3.39900000E-01  1.94205000E+00 -2.01192598E-01  0.00000000E+00  2.65033027E-01  0.00000000E+00  5.21921634E-03  1.13605601E-02
 -3.39900000E-01  1.94228500E+00 -2.07684689E-01  0.00000000E+00  2.64806448E-01  0.00000000E+00  5.34006014E-03  1.21305536E-02
 -3.39900000E-01  1.94252000E+00 -2.14162953E-01  0.00000000E+00  2.64577231E-01  0.00000000E+00  5.45680269E-03  1.29257928E-02
 -3.39900000E-01  1.94275500E+00 -2.20627388E-01  0.00000000E+00  2.64345005E-01  0.00000000E+00  5.56957997E-03  1.37462777E-02
 -3.39900000E-01  1.94299000E+00 -2.27077996E-01  0.00000000E+00  2.64109338E-01  0.00000000E+00  5.67852442E-03  1.45920083E-02
 -3.39900000E-01  1.94322500E+00 -2.33514777E-01  0.00000000E+00  2.63869785E-01  0.00000000E+00  5.78376464E-03  1.54629845E-02
 -3.39900000E-01  1.94346000E+00 -2.39937729E-01  0.00000000E+00  2.63625927E-01  0.00000000E+00  5.88542534E-03  1.63592065E-02
 -3.39900000E-01  1.94369500E+00 -2.46346854E-01  0.00000000E+00  2.63377395E-01  0.00000000E+00  5.98362726E-03  1.72806741E-02
 -3.39900000E-01  1.94393000E+00 -2.52742152E-01  0.00000000E+00  2.63123905E-01  0.00000000E+00  6.07848714E-03  1.82273875E-02
 -3.39900000E-01  1.94416500E+00 -2.59123622E-01  0.00000000E+00  2.62865265E-01  0.00000000E+00  6.17011776E-03  1.91993465E-02
 -3.39900000E-01  1.94440000E+00 -2.65491264E-01  0.00000000E+00  2.62601394E-01  0.00000000E+00  6.25862798E-03  2.01965512E-02
 -3.39900000E-01  1.94463500E+00 -2.71845078E-01  0.00000000E+00  2.62332317E-01  0.00000000E+00  6.34412281E-03  2.12190016E-02
 -3.39900000E-01  1.94487000E+00 -2.78185065E-01  0.00000000E+00  2.62058168E-01  0.00000000E+00  6.42670352E-03  2.22666977E-02
 -3.39900000E-01  1.94510500E+00 -2.84511224E-01  0.00000000E+00  2.61779175E-01  0.00000000E+00  6.50646770E-03  2.33396395E-02
 -3.39900000E-01  1.94534000E+00 -2.90823555E-01  0.00000000E+00  2.61495642E-01  0.00000000E+00  6.58350940E-03  2.44378270E-02
 -3.39900000E-01  1.94557500E+00 -2.97122059E-01  0.00000000E+00  2.61207925E-01  0.00000000E+00  6.65791915E-03  2.55612602E-02
 -3.39900000E-01  1.94581000E+00 -3.03406735E-01  0.00000000E+00  2.60916436E-01  0.00000000E+00  6.72978420E-03  2.67099390E-02
 -3.39900000E-01  1.94604500E+00 -3.09677583E-01  0.00000000E+00  2.60621604E-01  0.00000000E+00  6.79918853E-03  2.78838635E-02
 -3.39900000E-01  1.94628000E+00 -3.15934604E-01  0.00000000E+00  2.60323920E-01  0.00000000E+00  6.86621303E-03  2.90830338E-02
 -3.39900000E-01  1.94651500E+00 -3.22177797E-01  0.00000000E+00  2.60023871E-01  0.00000000E+00  6.93093558E-03  3.03074497E-02
 -3.39900000E-01  1.94675000E+00 -3.28407162E-01  0.00000000E+00  2.59721941E-01  0.00000000E+00  6.99343117E-03  3.15571113E-02
 -3.39900000E-01  1.94698500E+00 -3.34622700E-01  0.00000000E+00  2.59418611E-01  0.00000000E+00  7.05377198E-03  3.28320186E-02
 -3.39900000E-01  1.94722000E+00 -3.40824410E-01  0.00000000E+00  2.59114357E-01  0.00000000E+00  7.11202754E-03  3.41321716E-02
 -3.39900000E-01  1.94745500E+00 -3.47012292E-01  0.00000000E+00  2.58809652E-01  0.00000000E+00  7.16826482E-03  3.54575703E-02
 -3.39900000E-01  1.94769000E+00 -3.53186347E-01  0.00000000E+00  2.58504967E-01  0.00000000E+00  7.22254830E-03  3.68082146E-02
 -3.39900000E-01  1.94792500E+00 -3.59346573E-01  0.00000000E+00  2.58200766E-01  0.00000000E+00  7.27494011E-03  3.81841047E-02
 -3.39900000E-01  1.94816000E+00 -3.65492973E-01  0.00000000E+00  2.57897508E-01  0.00000000E+00  7.32550007E-03  3.95852404E-02
 -3.39900000E-01  1.94839500E+00 -3.71625544E-01  0.00000000E+00  2.57595650E-01  0.00000000E+00  7.37428587E-03  4.10116218E-02
 -3.39900000E-01  1.94863000E+00 -3.77744288E-01  0.00000000E+00  2.57295637E-01  0.00000000E+00  7.42135306E-03  4.24632490E-02
 -3.39900000E-01  1.94886500E+00 -3.83849205E-01  0.00000000E+00  2.56997911E-01  0.00000000E+00  7.46675519E-03  4.39401218E-02
 -3.39900000E-01  1.94910000E+00 -3.89940293E-01  0.00000000E+00  2.56702902E-01  0.00000000E+00  7.51054389E-03  4.54422403E-02
 -3.39900000E-01  1.94933500E+00 -3.96017554E-01  0.00000000E+00  2.56411029E-01  0.00000000E+00  7.55276893E-03  4.69696045E-02
 -3.39900000E-01  1.94957000E+00 -4.02080988E-01  0.00000000E+00  2.56122700E-01  0.00000000E+00  7.59347831E-03  4.85222143E-02
 -3.39900000E-01  1.94980500E+00 -4.08130593E-01  0.00000000E+00  2.55838306E-01  0.00000000E+00  7.63271832E-03  5.01000699E-02
 -3.39900000E-01  1.95004000E+00 -4.14166371E-01  0.00000000E+00  2.55558220E-01  0.00000000E+00  7.67053363E-03  5.17031712E-02
 -3.39900000E-01  1.95027500E+00 -4.20188321E-01  0.00000000E+00  2.55282792E-01  0.00000000E+00  7.70696731E-03  5.33315181E-02
 -3.39900000E-01  1.95051000E+00 -4.26196444E-01  0.00000000E+00  2.55012350E-01  0.00000000E+00  7.74206097E-03  5.49851107E-02
 -3.39900000E-01  1.95074500E+00 -4.32190739E-01  0.00000000E+00  2.54747191E-01  0.00000000E+00  7.77585473E-03  5.66639491E-02
 -3.39900000E-01  1.95098000E+00 -4.38171206E-01  0.00000000E+00  2.54487578E-01  0.00000000E+00  7.80838735E-03  5.83680331E-02
 -3.39900000E-01  1.95121500E+00 -4.44137846E-01  0.00000000E+00  2.54233735E-01  0.00000000E+00  7.83969624E-03  6.00973628E-02
 -3.39900000E-01  1.95145000E+00 -4.50090658E-01  0.00000000E+00  2.53985913E-01  0.00000000E+00  7.86981754E-03  6.18519381E-02
 -3.39900000E-01  1.95168500E+00 -4.56029642E-01  0.00000000E+00  2.53744319E-01  0.00000000E+00  7.89878617E-03  6.36317592E-02
 -3.39900000E-01  1.95192000E+00 -4.61954799E-01  0.00000000E+00  2.53509198E-01  0.00000000E+00  7.92663587E-03  6.54368260E-02
 -3.39900000E-01  1.95215500E+00 -4.67866127E-01  0.00000000E+00  2.53280862E-01  0.00000000E+00  7.95339921E-03  6.72671384E-02
 -3.39900000E-01  1.95239000E+00 -4.73763629E-01  0.00000000E+00  2.53059616E-01  0.00000000E+00  7.97910771E-03  6.91226966E-02
 -3.39900000E-01  1.95262500E+00 -4.79647302E-01  0.00000000E+00  2.52845760E-01  0.00000000E+00  8.00379182E-03  7.10035004E-02
 -3.39900000E-01  1.95286000E+00 -4.85517148E-01  0.00000000E+00  2.52639587E-01  0.00000000E+00  8.02748101E-03  7.29095499E-02
 -3.39900000E-01  1.95309500E+00 -4.91373166E-01  0.00000000E+00  2.52441388E-01  0.00000000E+00  8.05020374E-03  7.48408452E-02
 -3.39900000E-01  1.95333000E+00 -4.97215357E-01  0.00000000E+00  2.52251451E-01  0.00000000E+00  8.07198758E-03  7.67973861E-02
 -3.39900000E-01  1.95356500E+00 -5.03043720E-01  0.00000000E+00  2.52070057E-01  0.00000000E+00  8.09285919E-03  7.87791726E-02
 -3.39900000E-01  1.95380000E+00 -5.08858255E-01  0.00000000E+00  2.51897490E-01  0.00000000E+00  8.11284436E-03  8.07862049E-02
 -3.39900000E-01  1.95403500E+00 -5.14658963E-01  0.00000000E+00  2.51734025E-01  0.00000000E+00  8.13196806E-03  8.28184829E-02
 -3.39900000E-01  1.95427000E+00 -5.20445843E-01  0.00000000E+00  2.51579939E-01  0.00000000E+00  8.15025445E-03  8.48760066E-02
 -3.39900000E-01  1.95450500E+00 -5.26218895E-01  0.00000000E+00  2.51435504E-01  0.00000000E+00  8.16772694E-03  8.69587759E-02
 -3.39900000E-01  1.95474000E+00 -5.31978119E-01  0.00000000E+00  2.51300989E-01  0.00000000E+00  8.18440820E-03  8.90667909E-02
 -3.39900000E-01  1.95497500E+00 -5.37723516E-01  0.00000000E+00  2.51176662E-01  0.00000000E+00  8.20032015E-03  9.12000517E-02
 -3.39900000E-01  1.95521000E+00 -5.43455085E-01  0.00000000E+00  2.51062784E-01  0.00000000E+00  8.21548408E-03  9.33585581E-02
 -3.39900000E-01  1.95544500E+00 -5.49172827E-01  0.00000000E+00  2.50959616E-01  0.00000000E+00  8.22992057E-03  9.55423102E-02
 -3.39900000E-01  1.95568000E+00 -5.54876741E-01  0.00000000E+00  2.50867412E-01  0.00000000E+00  8.24364959E-03  9.77513080E-02
 -3.39900000E-01  1.95591500E+00 -5.60566827E-01  0.00000000E+00  2.50786422E-01  0.00000000E+00  8.25669049E-03  9.99855514E-02
 -3.39900000E-01  1.95615000E+00 -5.66243086E-01  0.00000000E+00  2.50716892E-01  0.00000000E+00  8.26906204E-03  1.02245041E-01
 -3.39900000E-01  1.95638500E+00 -5.71905516E-01  0.00000000E+00  2.50659062E-01  0.00000000E+00  8.28078240E-03  1.04529775E-01
 -3.39900000E-01  1.95662000E+00 -5.77554120E-01  0.00000000E+00  2.50613163E-01  0.00000000E+00  8.29186923E-03  1.06839756E-01
 -3.39900000E-01  1.95685500E+00 -5.83188895E-01  0.00000000E+00  2.50579423E-01  0.00000000E+00  8.30233963E-03  1.09174982E-01
 -3.39900000E-01  1.95709000E+00 -5.88809843E-01  0.00000000E+00  2.50558061E-01  0.00000000E+00  8.31221018E-03  1.11535454E-01
 -3.39900000E-01  1.95732500E+00 -5.94416963E-01  0.00000000E+00  2.50549287E-01  0.00000000E+00  8.32149699E-03  1.13921172E-01
 -3.39900000E-01  1.95756000E+00 -6.00010256E-01  0.00000000E+00  2.50553305E-01  0.00000000E+00  8.33021568E-03  1.16332135E-01
 -3.39900000E-01  1.95779500E+00 -6.05589720E-01  0.00000000E+00  2.50570306E-01  0.00000000E+00  8.33838140E-03  1.18768344E-01
 -3.39900000E-01  1.95803000E+00 -6.11155358E-01  0.00000000E+00  2.50600476E-01  0.00000000E+00  8.34600888E-03  1.21229799E-01
 -3.39900000E-01  1.95826500E+00 -6.16707167E-01  0.00000000E+00  2.50643988E-01  0.00000000E+00  8.35311238E-03  1.23716499E-01
 -3.39900000E-01  1.95850000E+00 -6.22245149E-01  0.00000000E+00  2.50701005E-01  0.00000000E+00  8.35970579E-03  1.26228445E-01
 -3.39900000E-01  1.95873500E+00 -6.27769303E-01  0.00000000E+00  2.50771679E-01  0.00000000E+00  8.36580257E-03  1.28765637E-01
 -3.39900000E-01  1.95897000E+00 -6.33279630E-01  0.00000000E+00  2.50856152E-01  0.00000000E+00  8.37141579E-03  1.31328074E-01
 -3.39900000E-01  1.95920500E+00 -6.38776128E-01  0.00000000E+00  2.50954554E-01  0.00000000E+00  8.37655816E-03  1.33915758E-01
 -3.39900000E-01  1.95944000E+00 -6.44258800E-01  0.00000000E+00  2.51067002E-01  0.00000000E+00  8.38124203E-03  1.36528686E-01
 -3.39900000E-01  1.95967500E+00 -6.49727643E-01  0.00000000E+00  2.51193604E-01  0.00000000E+00  8.38547939E-03  1.39166861E-01
 -3.39900000E-01  1.95991000E+00 -6.55182659E-01  0.00000000E+00  2.51334455E-01  0.00000000E+00  8.38928189E-03  1.41830281E-01
 -3.39900000E-01  1.96014500E+00 -6.60623847E-01  0.00000000E+00  2.51489693E-01  0.00000000E+00  8.39266086E-03  1.44518947E-01
 -3.39900000E-01  1.96038000E+00 -6.66051207E-01  0.00000000E+00  2.51659425E-01  0.00000000E+00  8.39562731E-03  1.47232858E-01
 -3.39900000E-01  1.96061500E+00 -6.71464740E-01  0.00000000E+00  2.51843716E-01  0.00000000E+00  8.39819195E-03  1.49972016E-01
 -3.39900000E-01  1.96085000E+00 -6.76864445E-01  0.00000000E+00  2.52042659E-01  0.00000000E+00  8.40036517E-03  1.52736419E-01
 -3.39900000E-01  1.96108500E+00 -6.82250323E-01  0.00000000E+00  2.52256344E-01  0.00000000E+00  8.40215710E-03  1.55526067E-01
 -3.39900000E-01  1.96132000E+00 -6.87622373E-01  0.00000000E+00  2.52484860E-01  0.00000000E+00  8.40357758E-03  1.58340962E-01
 -3.39900000E-01  1.96155500E+00 -6.92980595E-01  0.00000000E+00  2.52728295E-01  0.00000000E+00  8.40463617E-03  1.61181102E-01
 -3.39900000E-01  1.96179000E+00 -6.98324989E-01  0.00000000E+00  2.52986736E-01  0.00000000E+00  8.40534219E-03  1.64046487E-01
 -3.39900000E-01  1.96202500E+00 -7.03655556E-01  0.00000000E+00  2.53260265E-01  0.00000000E+00  8.40570469E-03  1.66937119E-01
 -3.39900000E-01  1.96226000E+00 -7.08972295E-01  0.00000000E+00  2.53548961E-01  0.00000000E+00  8.40573249E-03  1.69852996E-01
 -3.39900000E-01  1.96249500E+00 -7.14275206E-01  0.00000000E+00  2.53852903E-01  0.00000000E+00  8.40543417E-03  1.72794119E-01
 -3.39900000E-01  1.96273000E+00 -7.19564290E-01  0.00000000E+00  2.54172164E-01  0.00000000E+00  8.40481807E-03  1.75760487E-01
 -3.39900000E-01  1.96296500E+00 -7.24839546E-01  0.00000000E+00  2.54506813E-01  0.00000000E+00  8.40389232E-03  1.78752101E-01
 -3.39900000E-01  1.96320000E+00 -7.30100975E-01  0.00000000E+00  2.54856915E-01  0.00000000E+00  8.40266482E-03  1.81768961E-01
 -3.39900000E-01  1.96343500E+00 -7.35348575E-01  0.00000000E+00  2.55222533E-01  0.00000000E+00  8.40114329E-03  1.84811067E-01
 -3.39900000E-01  1.96367000E+00 -7.40582349E-01  0.00000000E+00  2.55603723E-01  0.00000000E+00  8.39933520E-03  1.87878418E-01
 -3.39900000E-01  1.96390500E+00 -7.45802294E-01  0.00000000E+00  2.56000537E-01  0.00000000E+00  8.39724787E-03  1.90971015E-01
 -3.39900000E-01  1.96414000E+00 -7.51008412E-01  0.00000000E+00  2.56413025E-01  0.00000000E+00  8.39488840E-03  1.94088857E-01
 -3.39900000E-01  1.96437500E+00 -7.56200702E-01  0.00000000E+00  2.56841229E-01  0.00000000E+00  8.39226372E-03  1.97231946E-01
 -3.39900000E-01  1.96461000E+00 -7.61379164E-01  0.00000000E+00  2.57285189E-01  0.00000000E+00  8.38938056E-03  2.00400280E-01
 -3.39900000E-01  1.96484500E+00 -7.66543799E-01  0.00000000E+00  2.57744940E-01  0.00000000E+00  8.38624551E-03  2.03593859E-01
 -3.39900000E-01  1.96508000E+00 -7.71694606E-01  0.00000000E+00  2.58220511E-01  0.00000000E+00  8.38286496E-03  2.06812685E-01
 -3.39900000E-01  1.96531500E+00 -7.76831585E-01  0.00000000E+00  2.58711927E-01  0.00000000E+00  8.37924515E-03  2.10056756E-01
 -3.39900000E-01  1.96555000E+00 -7.81954737E-01  0.00000000E+00  2.59219211E-01  0.00000000E+00  8.37539215E-03  2.13326072E-01
 -3.39900000E-01  1.96578500E+00 -7.87064061E-01  0.00000000E+00  2.59742378E-01  0.00000000E+00  8.37131189E-03  2.16620635E-01
 -3.39900000E-01  1.96602000E+00 -7.92159558E-01  0.00000000E+00  2.60281441E-01  0.00000000E+00  8.36701014E-03  2.19940443E-01
 -3.39900000E-01  1.96625500E+00 -7.97241226E-01  0.00000000E+00  2.60836407E-01  0.00000000E+00  8.36249253E-03  2.23285497E-01
 -3.39900000E-01  1.96649000E+00 -8.02309067E-01  0.00000000E+00  2.61407282E-01  0.00000000E+00  8.35776454E-03  2.26655796E-01
 -3.39900000E-01  1.96672500E+00 -8.07363081E-01  0.00000000E+00  2.61994065E-01  0.00000000E+00  8.35283153E-03  2.30051341E-01
 -3.39900000E-01  1.96696000E+00 -8.12403266E-01  0.00000000E+00  2.62596753E-01  0.00000000E+00  8.34769870E-03  2.33472132E-01
 -3.39900000E-01  1.96719500E+00 -8.17429624E-01  0.00000000E+00  2.63215337E-01  0.00000000E+00  8.34237115E-03  2.36918169E-01
 -3.39900000E-01  1.96743000E+00 -8.22442155E-01  0.00000000E+00  2.63849807E-01  0.00000000E+00  8.33685382E-03  2.40389451E-01
 -3.39900000E-01  1.96766500E+00 -8.27440858E-01  0.00000000E+00  2.64500147E-01  0.00000000E+00  8.33115156E-03  2.43885979E-01
 -3.39900000E-01  1.96790000E+00 -8.32425733E-01  0.00000000E+00  2.65166341E-01  0.00000000E+00  8.32526909E-03  2.47407753E-01
 -3.39900000E-01  1.96813500E+00 -8.37396780E-01  0.00000000E+00  2.65848366E-01  0.00000000E+00  8.31921100E-03  2.50954772E-01
 -3.39900000E-01  1.96837000E+00 -8.42354000E-01  0.00000000E+00  2.66546198E-01  0.00000000E+00  8.31298178E-03  2.54527037E-01
 -3.39900000E-01  1.96860500E+00 -8.47297392E-01  0.00000000E+00  2.67259809E-01  0.00000000E+00  8.30658581E-03  2.58124548E-01
 -3.39900000E-01  1.96884000E+00 -8.52226956E-01  0.00000000E+00  2.67989169E-01  0.00000000E+00  8.30002736E-03  2.61747304E-01
 -3.39900000E-01  1.96907500E+00 -8.57142693E-01  0.00000000E+00  2.68734243E-01  0.00000000E+00  8.29331061E-03  2.65395306E-01
 -3.39900000E-01  1.96931000E+00 -8.62044602E-01  0.00000000E+00  2.69494997E-01  0.00000000E+00  8.28643961E-03  2.69068554E-01
 -3.39900000E-01  1.96954500E+00 -8.66932683E-01  0.00000000E+00  2.70271389E-01  0.00000000E+00  8.27941834E-03  2.72767047E-01
 -3.39900000E-01  1.96978000E+00 -8.71806937E-01  0.00000000E+00  2.71063379E-01  0.00000000E+00  8.27225067E-03  2.76490786E-01
 -3.39900000E-01  1.97001500E+00 -8.76667363E-01  0.00000000E+00  2.71870920E-01  0.00000000E+00  8.26494038E-03  2.80239771E-01
 -3.39900000E-01  1.97025000E+00 -8.81513961E-01  0.00000000E+00  2.72693966E-01  0.00000000E+00  8.25749116E-03  2.84014002E-01
 -3.39900000E-01  1.97048500E+00 -8.86346732E-01  0.00000000E+00  2.73532465E-01  0.00000000E+00  8.24990661E-03  2.87813478E-01
 -3.39900000E-01  1.97072000E+00 -8.91165675E-01  0.00000000E+00  2.74386363E-01  0.00000000E+00  8.24219025E-03  2.91638200E-01
 -3.39900000E-01  1.97095500E+00 -8.95970790E-01  0.00000000E+00  2.75255605E-01  0.00000000E+00  8.23434552E-03  2.95488167E-01
 -3.39900000E-01  1.97119000E+00 -9.00762078E-01  0.00000000E+00  2.76140129E-01  0.00000000E+00  8.22637577E-03  2.99363381E-01
 -3.39900000E-01  1.97142500E+00 -9.05539538E-01  0.00000000E+00  2.77039872E-01  0.00000000E+00  8.21828426E-03  3.03263840E-01
 -3.39900000E-01  1.97166000E+00 -9.10303170E-01  0.00000000E+00  2.77954767E-01  0.00000000E+00  8.21007420E-03  3.07189544E-01
 -3.39900000E-01  1.97189500E+00 -9.15052974E-01  0.00000000E+00  2.78884742E-01  0.00000000E+00  8.20174871E-03  3.11140495E-01
 -3.39900000E-01  1.97213000E+00 -9.19788951E-01  0.00000000E+00  2.79829723E-01  0.00000000E+00  8.19331085E-03  3.15116691E-01
 -3.39900000E-01  1.97236500E+00 -9.24511101E-01  0.00000000E+00  2.80789633E-01  0.00000000E+00  8.18476359E-03  3.19118132E-01
 -3.39900000E-01  1.97260000E+00 -9.29219422E-01  0.00000000E+00  2.81764424E-01  0.00000000E+00  8.17610983E-03  3.23144820E-01
 -3.39900000E-01  1.97283500E+00 -9.33913916E-01  0.00000000E+00  2.82754003E-01  0.00000000E+00  8.16735242E-03  3.27196753E-01
 -3.39900000E-01  1.97307000E+00 -9.38594583E-01  0.00000000E+00  2.83758290E-01  0.00000000E+00  8.15849414E-03  3.31273932E-01
 -3.39900000E-01  1.97330500E+00 -9.43261421E-01  0.00000000E+00  2.84777204E-01  0.00000000E+00  8.14953769E-03  3.35376356E-01
 -3.39900000E-01  1.97354000E+00 -9.47914432E-01  0.00000000E+00  2.85810661E-01  0.00000000E+00  8.14048572E-03  3.39504026E-01
 -3.39900000E-01  1.97377500E+00 -9.52553615E-01  0.00000000E+00  2.86858574E-01  0.00000000E+00  8.13134083E-03  3.43656942E-01
 -3.39900000E-01  1.97401000E+00 -9.57178971E-01  0.00000000E+00  2.87920856E-01  0.00000000E+00  8.12210554E-03  3.47835104E-01
 -3.39900000E-01  1.97424500E+00 -9.61790499E-01  0.00000000E+00  2.88997416E-01  0.00000000E+00  8.11278232E-03  3.52038511E-01
 -3.39900000E-01  1.97448000E+00 -9.66388199E-01  0.00000000E+00  2.90088162E-01  0.00000000E+00  8.10337359E-03  3.56267164E-01
 -3.39900000E-01  1.97471500E+00 -9.70972072E-01  0.00000000E+00  2.91192999E-01  0.00000000E+00  8.09388171E-03  3.60521062E-01
 -3.39900000E-01  1.97495000E+00 -9.75542117E-01  0.00000000E+00  2.92311833E-01  0.00000000E+00  8.08430899E-03  3.64800207E-01
 -3.39900000E-01  1.97518500E+00 -9.80098334E-01  0.00000000E+00  2.93444564E-01  0.00000000E+00  8.07465768E-03  3.69104597E-01
 -3.39900000E-01  1.97542000E+00 -9.84640724E-01  0.00000000E+00  2.94591094E-01  0.00000000E+00  8.06492997E-03  3.73434232E-01
 -3.39900000E-01  1.97565500E+00 -9.89169286E-01  0.00000000E+00  2.95751321E-01  0.00000000E+00  8.05512804E-03  3.77789114E-01
 -3.39900000E-01  1.97589000E+00 -9.93684020E-01  0.00000000E+00  2.96925141E-01  0.00000000E+00  8.04525398E-03  3.82169241E-01
 -3.39900000E-01  1.97612500E+00 -9.98184926E-01  0.00000000E+00  2.98112449E-01  0.00000000E+00  8.03530985E-03  3.86574613E-01
 -3.39900000E-01  1.97636000E+00 -1.00267201E+00  0.00000000E+00  2.99313141E-01  0.00000000E+00  8.02529766E-03  3.91005232E-01
 -3.39900000E-01  1.97659500E+00 -1.00714526E+00  0.00000000E+00  3.00527106E-01  0.00000000E+00  8.01521939E-03  3.95461096E-01
 -3.39900000E-01  1.97683000E+00 -1.01160468E+00  0.00000000E+00  3.01754236E-01  0.00000000E+00  8.00507694E-03  3.99942206E-01
 -3.39900000E-01  1.97706500E+00 -1.01605028E+00  0.00000000E+00  3.02994419E-01  0.00000000E+00  7.99487221E-03  4.04448561E-01
 -3.39900000E-01  1.97730000E+00 -1.02048204E+00  0.00000000E+00  3.04247544E-01  0.00000000E+00  7.98460703E-03  4.08980162E-01
 -3.39900000E-01  1.97753500E+00 -1.02489998E+00  0.00000000E+00  3.05513495E-01  0.00000000E+00  7.97428320E-03  4.13537009E-01
 -3.39900000E-01  1.97777000E+00 -1.02930410E+00  0.00000000E+00  3.06792158E-01  0.00000000E+00  7.96390248E-03  4.18119102E-01
 -3.39900000E-01  1.97800500E+00 -1.03369438E+00  0.00000000E+00  3.08083416E-01  0.00000000E+00  7.95346658E-03  4.22726440E-01
 -3.39900000E-01  1.97824000E+00 -1.03807084E+00  0.00000000E+00  3.09387151E-01  0.00000000E+00  7.94297719E-03  4.27359024E-01
 -3.39900000E-01  1.97847500E+00 -1.04243347E+00  0.00000000E+00  3.10703243E-01  0.00000000E+00  7.93243594E-03  4.32016854E-01
 -3.39900000E-01  1.97871000E+00 -1.04678227E+00  0.00000000E+00  3.12031572E-01  0.00000000E+00  7.92184446E-03  4.36699929E-01
 -3.39900000E-01  1.97894500E+00 -1.05111725E+00  0.00000000E+00  3.13372016E-01  0.00000000E+00  7.91120431E-03  4.41408250E-01
 -3.39900000E-01  1.97918000E+00 -1.05543839E+00  0.00000000E+00  3.14724453E-01  0.00000000E+00  7.90051703E-03  4.46141817E-01
 -3.39900000E-01  1.97941500E+00 -1.05974571E+00  0.00000000E+00  3.16088757E-01  0.00000000E+00  7.88978412E-03  4.50900629E-01
 -3.39900000E-01  1.97965000E+00 -1.06403920E+00  0.00000000E+00  3.17464806E-01  0.00000000E+00  7.87900705E-03  4.55684687E-01
 -3.39900000E-01  1.97988500E+00 -1.06831887E+00  0.00000000E+00  3.18852471E-01  0.00000000E+00  7.86818727E-03  4.60493991E-01
 -3.39900000E-01  1.98012000E+00 -1.07258470E+00  0.00000000E+00  3.20251626E-01  0.00000000E+00  7.85732619E-03  4.65328540E-01
 -3.39900000E-01  1.98035500E+00 -1.07683671E+00  0.00000000E+00  3.21662143E-01  0.00000000E+00  7.84642517E-03  4.70188336E-01
 -3.39900000E-01  1.98059000E+00 -1.08107489E+00  0.00000000E+00  3.23083893E-01  0.00000000E+00  7.83548557E-03  4.75073376E-01
 -3.39900000E-01  1.98082500E+00 -1.08529925E+00  0.00000000E+00  3.24516746E-01  0.00000000E+00  7.82450870E-03  4.79983663E-01
 -3.39900000E-01  1.98106000E+00 -1.08950977E+00  0.00000000E+00  3.25960571E-01  0.00000000E+00  7.81349586E-03  4.84919195E-01
 -3.39900000E-01  1.98129500E+00 -1.09370647E+00  0.00000000E+00  3.27415236E-01  0.00000000E+00  7.80244830E-03  4.89879973E-01
 -3.39900000E-01  1.98153000E+00 -1.09788934E+00  0.00000000E+00  3.28880609E-01  0.00000000E+00  7.79136726E-03  4.94865997E-01
 -3.39900000E-01  1.98176500E+00 -1.10205838E+00  0.00000000E+00  3.30356557E-01  0.00000000E+00  7.78025395E-03  4.99877266E-01
 -3.39900000E-01  1.98200000E+00 -1.10621360E+00  0.00000000E+00  3.31842946E-01  0.00000000E+00  7.76910955E-03  5.04913781E-01
 -3.39900000E-01  1.98223500E+00 -1.11035499E+00  0.00000000E+00  3.33339640E-01  0.00000000E+00  7.75793522E-03  5.09975541E-01
 -3.39900000E-01  1.98247000E+00 -1.11448254E+00  0.00000000E+00  3.34846505E-01  0.00000000E+00  7.74673208E-03  5.15062548E-01
 -3.39900000E-01  1.98270500E+00 -1.11859628E+00  0.00000000E+00  3.36363404E-01  0.00000000E+00  7.73550125E-03  5.20174800E-01
 -3.39900000E-01  1.98294000E+00 -1.12269618E+00  0.00000000E+00  3.37890201E-01  0.00000000E+00  7.72424380E-03  5.25312298E-01
 -3.39900000E-01  1.98317500E+00 -1.12678226E+00  0.00000000E+00  3.39426759E-01  0.00000000E+00  7.71296080E-03  5.30475041E-01
 -3.39900000E-01  1.98341000E+00 -1.13085451E+00  0.00000000E+00  3.40972940E-01  0.00000000E+00  7.70165328E-03  5.35663030E-01
 -3.39900000E-01  1.98364500E+00 -1.13491293E+00  0.00000000E+00  3.42528605E-01  0.00000000E+00  7.69032225E-03  5.40876265E-01
 -3.39900000E-01  1.98388000E+00 -1.13895752E+00  0.00000000E+00  3.44093616E-01  0.00000000E+00  7.67896872E-03  5.46114745E-01
 -3.39900000E-01  1.98411500E+00 -1.14298829E+00  0.00000000E+00  3.45667833E-01  0.00000000E+00  7.66759365E-03  5.51378471E-01
 -3.39900000E-01  1.98435000E+00 -1.14700522E+00  0.00000000E+00  3.47251116E-01  0.00000000E+00  7.65619800E-03  5.56667443E-01
 -3.39900000E-01  1.98458500E+00 -1.15100833E+00  0.00000000E+00  3.48843326E-01  0.00000000E+00  7.64478269E-03  5.61981661E-01
 -3.39900000E-01  1.98482000E+00 -1.15499762E+00  0.00000000E+00  3.50444321E-01  0.00000000E+00  7.63334863E-03  5.67321124E-01
 -3.39900000E-01  1.98505500E+00 -1.15897307E+00  0.00000000E+00  3.52053961E-01  0.00000000E+00  7.62189672E-03  5.72685833E-01
 -3.39900000E-01  1.98529000E+00 -1.16293470E+00  0.00000000E+00  3.53672105E-01  0.00000000E+00  7.61042783E-03  5.78075788E-01
 -3.39900000E-01  1.98552500E+00 -1.16688250E+00  0.00000000E+00  3.55298611E-01  0.00000000E+00  7.59894281E-03  5.83490988E-01
 -3.39900000E-01  1.98576000E+00 -1.17081647E+00  0.00000000E+00  3.56933337E-01  0.00000000E+00  7.58744250E-03  5.88931434E-01
 -3.39900000E-01  1.98599500E+00 -1.17473662E+00  0.00000000E+00  3.58576140E-01  0.00000000E+00  7.57592772E-03  5.94397126E-01
 -3.39900000E-01  1.98623000E+00 -1.17864293E+00  0.00000000E+00  3.60226880E-01  0.00000000E+00  7.56439926E-03  5.99888063E-01
 -3.39900000E-01  1.98646500E+00 -1.18253542E+00  0.00000000E+00  3.61885412E-01  0.00000000E+00  7.55285791E-03  6.05404246E-01
 -3.39900000E-01  1.98670000E+00 -1.18641408E+00  0.00000000E+00  3.63551594E-01  0.00000000E+00  7.54130443E-03  6.10945675E-01
 -3.39900000E-01  1.98693500E+00 -1.19027892E+00  0.00000000E+00  3.65225284E-01  0.00000000E+00  7.52973958E-03  6.16512349E-01
 -3.39900000E-01  1.98717000E+00 -1.19412992E+00  0.00000000E+00  3.66906338E-01  0.00000000E+00  7.51816409E-03  6.22104269E-01
 -3.39900000E-01  1.98740500E+00 -1.19796710E+00  0.00000000E+00  3.68594613E-01  0.00000000E+00  7.50657868E-03  6.27721435E-01
 -3.39900000E-01  1.98764000E+00 -1.20179045E+00  0.00000000E+00  3.70289966E-01  0.00000000E+00  7.49498405E-03  6.33363847E-01
 -3.39900000E-01  1.98787500E+00 -1.20559998E+00  0.00000000E+00  3.71992253E-01  0.00000000E+00  7.48338089E-03  6.39031504E-01
 -3.39900000E-01  1.98811000E+00 -1.20939567E+00  0.00000000E+00  3.73701331E-01  0.00000000E+00  7.47176987E-03  6.44724407E-01
 -3.39900000E-01  1.98834500E+00 -1.21317754E+00  0.00000000E+00  3.75417057E-01  0.00000000E+00  7.46015166E-03  6.50442555E-01
 -3.39900000E-01  1.98858000E+00 -1.21694558E+00  0.00000000E+00  3.77139287E-01  0.00000000E+00  7.44852690E-03  6.56185950E-01
 -3.39900000E-01  1.98881500E+00 -1.22069979E+00  0.00000000E+00  3.78867878E-01  0.00000000E+00  7.43689621E-03  6.61954589E-01
 -3.39900000E-01  1.98905000E+00 -1.22444018E+00  0.00000000E+00  3.80602686E-01  0.00000000E+00  7.42526023E-03  6.67748475E-01
 -3.39900000E-01  1.98928500E+00 -1.22816673E+00  0.00000000E+00  3.82343569E-01  0.00000000E+00  7.41361955E-03  6.73567606E-01
 -3.39900000E-01  1.98952000E+00 -1.23187946E+00  0.00000000E+00  3.84090383E-01  0.00000000E+00  7.40197476E-03  6.79411983E-01
 -3.39900000E-01  1.98975500E+00 -1.23557836E+00  0.00000000E+00  3.85842985E-01  0.00000000E+00  7.39032645E-03  6.85281606E-01
 -3.39900000E-01  1.98999000E+00 -1.23926344E+00  0.00000000E+00  3.87601231E-01  0.00000000E+00  7.37867518E-03  6.91176475E-01
 -3.39900000E-01  1.99022500E+00 -1.24293468E+00  0.00000000E+00  3.89364980E-01  0.00000000E+00  7.36702151E-03  6.97096589E-01
 -3.39900000E-01  1.99046000E+00 -1.24659210E+00  0.00000000E+00  3.91134089E-01  0.00000000E+00  7.35536597E-03  7.03041948E-01
 -3.39900000E-01  1.99069500E+00 -1.25023569E+00  0.00000000E+00  3.92908414E-01  0.00000000E+00  7.34370911E-03  7.09012554E-01
 -3.39900000E-01  1.99093000E+00 -1.25386546E+00  0.00000000E+00  3.94687814E-01  0.00000000E+00  7.33205144E-03  7.15008405E-01
 -3.39900000E-01  1.99116500E+00 -1.25748139E+00  0.00000000E+00  3.96472147E-01  0.00000000E+00  7.32039347E-03  7.21029502E-01
 -3.39900000E-01  1.99140000E+00 -1.26108350E+00  0.00000000E+00  3.98261271E-01  0.00000000E+00  7.30873570E-03  7.27075844E-01
 -3.39900000E-01  1.99163500E+00 -1.26467178E+00  0.00000000E+00  4.00055044E-01  0.00000000E+00  7.29707862E-03  7.33147433E-01
 -3.39900000E-01  1.99187000E+00 -1.26824623E+00  0.00000000E+00  4.01853325E-01  0.00000000E+00  7.28542270E-03  7.39244266E-01
 -3.39900000E-01  1.99210500E+00 -1.27180686E+00  0.00000000E+00  4.03655974E-01  0.00000000E+00  7.27376842E-03  7.45366346E-01
 -3.39900000E-01  1.99234000E+00 -1.27535366E+00  0.00000000E+00  4.05462848E-01  0.00000000E+00  7.26211621E-03  7.51513671E-01
 -3.39900000E-01  1.99257500E+00 -1.27888663E+00  0.00000000E+00  4.07273809E-01  0.00000000E+00  7.25046655E-03  7.57686242E-01
 -3.39900000E-01  1.99281000E+00 -1.28240577E+00  0.00000000E+00  4.09088716E-01  0.00000000E+00  7.23881985E-03  7.63884059E-01
 -3.39900000E-01  1.99304500E+00 -1.28591108E+00  0.00000000E+00  4.10907429E-01  0.00000000E+00  7.22717656E-03  7.70107121E-01
 -3.39900000E-01  1.99328000E+00 -1.28940257E+00  0.00000000E+00  4.12729809E-01  0.00000000E+00  7.21553708E-03  7.76355429E-01
 -3.39900000E-01  1.99351500E+00 -1.29288023E+00  0.00000000E+00  4.14555718E-01  0.00000000E+00  7.20390183E-03  7.82628983E-01
 -3.39900000E-01  1.99375000E+00 -1.29634406E+00  0.00000000E+00  4.16385016E-01  0.00000000E+00  7.19227121E-03  7.88927782E-01
 -3.39900000E-01  1.99398500E+00 -1.29979406E+00  0.00000000E+00  4.18217566E-01  0.00000000E+00  7.18064562E-03  7.95251828E-01
 -3.39900000E-01  1.99422000E+00 -1.30323024E+00  0.00000000E+00  4.20053230E-01  0.00000000E+00  7.16902542E-03  8.01601118E-01
 -3.39900000E-01  1.99445500E+00 -1.30665259E+00  0.00000000E+00  4.21891872E-01  0.00000000E+00  7.15741101E-03  8.07975655E-01
 -3.39900000E-01  1.99469000E+00 -1.31006111E+00  0.00000000E+00  4.23733353E-01  0.00000000E+00  7.14580274E-03  8.14375437E-01
 -3.39900000E-01  1.99492500E+00 -1.31345580E+00  0.00000000E+00  4.25577539E-01  0.00000000E+00  7.13420098E-03  8.20800465E-01
 -3.39900000E-01  1.99516000E+00 -1.31683667E+00  0.00000000E+00  4.27424293E-01  0.00000000E+00  7.12260608E-03  8.27250738E-01
 -3.39900000E-01  1.99539500E+00 -1.32020370E+00  0.00000000E+00  4.29273481E-01  0.00000000E+00  7.11101837E-03  8.33726258E-01
 -3.39900000E-01  1.99563000E+00 -1.32355691E+00  0.00000000E+00  4.31124967E-01  0.00000000E+00  7.09943821E-03  8.40227023E-01
 -3.39900000E-01  1.99586500E+00 -1.32689630E+00  0.00000000E+00  4.32978618E-01  0.00000000E+00  7.08786591E-03  8.46753033E-01
 -3.39900000E-01  1.99610000E+00 -1.33022185E+00  0.00000000E+00  4.34834300E-01  0.00000000E+00  7.07630180E-03  8.53304290E-01
 -3.39900000E-01  1.99633500E+00 -1.33353358E+00  0.00000000E+00  4.36691880E-01  0.00000000E+00  7.06474618E-03  8.59880792E-01
 -3.39900000E-01  1.99657000E+00 -1.33683148E+00  0.00000000E+00  4.38551226E-01  0.00000000E+00  7.05319938E-03  8.66482539E-01
 -3.39900000E-01  1.99680500E+00 -1.34011555E+00  0.00000000E+00  4.40412206E-01  0.00000000E+00  7.04166169E-03  8.73109533E-01
 -3.39900000E-01  1.99704000E+00 -1.34338579E+00  0.00000000E+00  4.42274688E-01  0.00000000E+00  7.03013340E-03  8.79761772E-01
 -3.39900000E-01  1.99727500E+00 -1.34664221E+00  0.00000000E+00  4.44138543E-01  0.00000000E+00  7.01861480E-03  8.86439256E-01
 -3.39900000E-01  1.99751000E+00 -1.34988480E+00  0.00000000E+00  4.46003639E-01  0.00000000E+00  7.00710617E-03  8.93141987E-01
 -3.39900000E-01  1.99774500E+00 -1.35311356E+00  0.00000000E+00  4.47869849E-01  0.00000000E+00  6.99560779E-03  8.99869963E-01
 -3.39900000E-01  1.99798000E+00 -1.35632849E+00  0.00000000E+00  4.49737043E-01  0.00000000E+00  6.98411992E-03  9.06623185E-01
 -3.39900000E-01  1.99821500E+00 -1.35952960E+00  0.00000000E+00  4.51605094E-01  0.00000000E+00  6.97264283E-03  9.13401652E-01
 -3.39900000E-01  1.99845000E+00 -1.36271688E+00  0.00000000E+00  4.53473873E-01  0.00000000E+00  6.96117678E-03  9.20205366E-01
 -3.39900000E-01  1.99868500E+00 -1.36589033E+00  0.00000000E+00  4.55343255E-01  0.00000000E+00  6.94972201E-03  9.27034324E-01
 -3.39900000E-01  1.99892000E+00 -1.36904995E+00  0.00000000E+00  4.57213114E-01  0.00000000E+00  6.93827877E-03  9.33888529E-01
 -3.39900000E-01  1.99915500E+00 -1.37219574E+00  0.00000000E+00  4.59083324E-01  0.00000000E+00  6.92684729E-03  9.40767979E-01
 -3.39900000E-01  1.99939000E+00 -1.37532771E+00  0.00000000E+00  4.60953761E-01  0.00000000E+00  6.91542783E-03  9.47672675E-01
 -3.39900000E-01  1.99962500E+00 -1.37844585E+00  0.00000000E+00  4.62824301E-01  0.00000000E+00  6.90402059E-03  9.54602617E-01
 -3.39900000E-01  1.99986000E+00 -1.38155016E+00  0.00000000E+00  4.64694822E-01  0.00000000E+00  6.89262580E-03  9.61557804E-01
 -3.39900000E-01  2.00009500E+00 -1.38464065E+00  0.00000000E+00  4.66565201E-01  0.00000000E+00  6.88124369E-03  9.68538237E-01
 -3.39900000E-01  2.00033000E+00 -1.38771730E+00  0.00000000E+00  4.68435316E-01  0.00000000E+00  6.86987447E-03  9.75543916E-01
 -3.39900000E-01  2.00056500E+00 -1.39078013E+00  0.00000000E+00  4.70305048E-01  0.00000000E+00  6.85851834E-03  9.82574840E-01
 -3.39900000E-01  2.00080000E+00 -1.39382913E+00  0.00000000E+00  4.72174275E-01  0.00000000E+00  6.84717551E-03  9.89631010E-01
 -3.39900000E-01  2.00103500E+00 -1.39686431E+00  0.00000000E+00  4.74042880E-01  0.00000000E+00  6.83584618E-03  9.96712426E-01
 -3.39900000E-01  2.00127000E+00 -1.39988565E+00  0.00000000E+00  4.75910743E-01  0.00000000E+00  6.82453053E-03  1.00381909E+00
 -3.39900000E-01  2.00150500E+00 -1.40289317E+00  0.00000000E+00  4.77777748E-01  0.00000000E+00  6.81322876E-03  1.01095099E+00
 -3.39900000E-01  2.00174000E+00 -1.40588686E+00  0.00000000E+00  4.79643777E-01  0.00000000E+00  6.80194106E-03  1.01810815E+00
 -3.39900000E-01  2.00197500E+00 -1.40886672E+00  0.00000000E+00  4.81508714E-01  0.00000000E+00  6.79066761E-03  1.02529055E+00
 -3.39900000E-01  2.00221000E+00 -1.41183276E+00  0.00000000E+00  4.83372446E-01  0.00000000E+00  6.77940857E-03  1.03249819E+00
 -3.39900000E-01  2.00244500E+00 -1.41478497E+00  0.00000000E+00  4.85234857E-01  0.00000000E+00  6.76816413E-03  1.03973108E+00
 -3.39900000E-01  2.00268000E+00 -1.41772335E+00  0.00000000E+00  4.87095834E-01  0.00000000E+00  6.75693444E-03  1.04698922E+00
 -3.39900000E-01  2.00291500E+00 -1.42064790E+00  0.00000000E+00  4.88955265E-01  0.00000000E+00  6.74571968E-03  1.05427260E+00
 -3.39900000E-01  2.00315000E+00 -1.42355862E+00  0.00000000E+00  4.90813038E-01  0.00000000E+00  6.73452001E-03  1.06158122E+00
 -3.39900000E-01  2.00338500E+00 -1.42645552E+00  0.00000000E+00  4.92669042E-01  0.00000000E+00  6.72333557E-03  1.06891510E+00
 -3.39900000E-01  2.00362000E+00 -1.42933859E+00  0.00000000E+00  4.94523168E-01  0.00000000E+00  6.71216652E-03  1.07627422E+00
 -3.39900000E-01  2.00385500E+00 -1.43220783E+00  0.00000000E+00  4.96375307E-01  0.00000000E+00  6.70101301E-03  1.08365858E+00
 -3.39900000E-01  2.00409000E+00 -1.43506325E+00  0.00000000E+00  4.98225351E-01  0.00000000E+00  6.68987519E-03  1.09106819E+00
 -3.39900000E-01  2.00432500E+00 -1.43790483E+00  0.00000000E+00  5.00073192E-01  0.00000000E+00  6.67875319E-03  1.09850304E+00
 -3.39900000E-01  2.00456000E+00 -1.44073259E+00  0.00000000E+00  5.01918724E-01  0.00000000E+00  6.66764714E-03  1.10596315E+00
 -3.39900000E-01  2.00479500E+00 -1.44354652E+00  0.00000000E+00  5.03761842E-01  0.00000000E+00  6.65655720E-03  1.11344849E+00
 -3.39900000E-01  2.00503000E+00 -1.44634662E+00  0.00000000E+00  5.05602441E-01  0.00000000E+00  6.64548347E-03  1.12095908E+00
 -3.39900000E-01  2.00526500E+00 -1.44913290E+00  0.00000000E+00  5.07440419E-01  0.00000000E+00  6.63442610E-03  1.12849492E+00
 -3.39900000E-01  2.00550000E+00 -1.45190535E+00  0.00000000E+00  5.09275672E-01  0.00000000E+00  6.62338521E-03  1.13605601E+00
 -3.39900000E-01  2.00573500E+00 -1.45466397E+00  0.00000000E+00  5.11108099E-01  0.00000000E+00  6.61236091E-03  1.14364234E+00
 -3.39900000E-01  2.00597000E+00 -1.45740876E+00  0.00000000E+00  5.12937599E-01  0.00000000E+00  6.60135332E-03  1.15125391E+00
 -3.39900000E-01  2.00620500E+00 -1.46013972E+00  0.00000000E+00  5.14764072E-01  0.00000000E+00  6.59036255E-03  1.15889073E+00
 -3.39900000E-01  2.00644000E+00 -1.46285686E+00  0.00000000E+00  5.16587420E-01  0.00000000E+00  6.57938873E-03  1.16655280E+00
 -3.39900000E-01  2.00667500E+00 -1.46556017E+00  0.00000000E+00  5.18407545E-01  0.00000000E+00  6.56843195E-03  1.17424011E+00
 -3.39900000E-01  2.00691000E+00 -1.46824965E+00  0.00000000E+00  5.20224350E-01  0.00000000E+00  6.55749232E-03  1.18195267E+00
 -3.39900000E-01  2.00714500E+00 -1.47092531E+00  0.00000000E+00  5.22037738E-01  0.00000000E+00  6.54656994E-03  1.18969047E+00
 -3.39900000E-01  2.00738000E+00 -1.47358713E+00  0.00000000E+00  5.23847616E-01  0.00000000E+00  6.53566492E-03  1.19745352E+00
 -3.39900000E-01  2.00761500E+00 -1.47623513E+00  0.00000000E+00  5.25653889E-01  0.00000000E+00  6.52477734E-03  1.20524182E+00
 -3.39900000E-01  2.00785000E+00 -1.47886930E+00  0.00000000E+00  5.27456464E-01  0.00000000E+00  6.51390731E-03  1.21305536E+00
 -3.39900000E-01  2.00808500E+00 -1.48148965E+00  0.00000000E+00  5.29255249E-01  0.00000000E+00  6.50305490E-03  1.22089414E+00
 -3.39900000E-01  2.00832000E+00 -1.48409616E+00  0.00000000E+00  5.31050153E-01  0.00000000E+00  6.49222022E-03  1.22875818E+00
 -3.39900000E-01  2.00855500E+00 -1.48668885E+00  0.00000000E+00  5.32841085E-01  0.00000000E+00  6.48140335E-03  1.23664745E+00
 -3.39900000E-01  2.00879000E+00 -1.48926771E+00  0.00000000E+00  5.34627958E-01  0.00000000E+00  6.47060437E-03  1.24456198E+00
 -3.39900000E-01  2.00902500E+00 -1.49183274E+00  0.00000000E+00  5.36410682E-01  0.00000000E+00  6.45982336E-03  1.25250175E+00
 -3.39900000E-01  2.00926000E+00 -1.49438395E+00  0.00000000E+00  5.38189171E-01  0.00000000E+00  6.44906040E-03  1.26046676E+00
 -3.39900000E-01  2.00949500E+00 -1.49692133E+00  0.00000000E+00  5.39963338E-01  0.00000000E+00  6.43831557E-03  1.26845702E+00
 -3.39900000E-01  2.00973000E+00 -1.49944488E+00  0.00000000E+00  5.41733099E-01  0.00000000E+00  6.42758894E-03  1.27647253E+00
 -3.39900000E-01  2.00996500E+00 -1.50195460E+00  0.00000000E+00  5.43498369E-01  0.00000000E+00  6.41688058E-03  1.28451328E+00
 -3.39900000E-01  2.01020000E+00 -1.50445049E+00  0.00000000E+00  5.45259065E-01  0.00000000E+00  6.40619056E-03  1.29257928E+00
 -3.39900000E-01  2.01043500E+00 -1.50693256E+00  0.00000000E+00  5.47015105E-01  0.00000000E+00  6.39551895E-03  1.30067052E+00
 -3.39900000E-01  2.01067000E+00 -1.50940080E+00  0.00000000E+00  5.48766408E-01  0.00000000E+00  6.38486581E-03  1.30878701E+00
 -3.39900000E-01  2.01090500E+00 -1.51185521E+00  0.00000000E+00  5.50512893E-01  0.00000000E+00  6.37423121E-03  1.31692875E+00
 -3.39900000E-01  2.01114000E+00 -1.51429579E+00  0.00000000E+00  5.52254482E-01  0.00000000E+00  6.36361521E-03  1.32509573E+00
 -3.39900000E-01  2.01137500E+00 -1.51672255E+00  0.00000000E+00  5.53991096E-01  0.00000000E+00  6.35301786E-03  1.33328795E+00
 -3.39900000E-01  2.01161000E+00 -1.51913548E+00  0.00000000E+00  5.55722659E-01  0.00000000E+00  6.34243923E-03  1.34150542E+00
 -3.39900000E-01  2.01184500E+00 -1.52153458E+00  0.00000000E+00  5.57449094E-01  0.00000000E+00  6.33187936E-03  1.34974814E+00
 -3.39900000E-01  2.01208000E+00 -1.52391985E+00  0.00000000E+00  5.59170325E-01  0.00000000E+00  6.32133831E-03  1.35801610E+00
 -3.39900000E-01  2.01231500E+00 -1.52629130E+00  0.00000000E+00  5.60886279E-01  0.00000000E+00  6.31081613E-03  1.36630931E+00
 -3.39900000E-01  2.01255000E+00 -1.52864892E+00  0.00000000E+00  5.62596883E-01  0.00000000E+00  6.30031287E-03  1.37462777E+00
 -3.39900000E-01  2.01278500E+00 -1.53099271E+00  0.00000000E+00  5.64302063E-01  0.00000000E+00  6.28982858E-03  1.38297147E+00
 -3.39900000E-01  2.01302000E+00 -1.53332267E+00  0.00000000E+00  5.66001750E-01  0.00000000E+00  6.27936330E-03  1.39134041E+00
 -3.39900000E-01  2.01325500E+00 -1.53563880E+00  0.00000000E+00  5.67695873E-01  0.00000000E+00  6.26891707E-03  1.39973461E+00
 -3.39900000E-01  2.01349000E+00 -1.53794111E+00  0.00000000E+00  5.69384363E-01  0.00000000E+00  6.25848994E-03  1.40815404E+00
 -3.39900000E-01  2.01372500E+00 -1.54022959E+00  0.00000000E+00  5.71067150E-01  0.00000000E+00  6.24808195E-03  1.41659873E+00
 -3.39900000E-01  2.01396000E+00 -1.54250424E+00  0.00000000E+00  5.72744169E-01  0.00000000E+00  6.23769314E-03  1.42506865E+00
 -3.39900000E-01  2.01419500E+00 -1.54476507E+00  0.00000000E+00  5.74415353E-01  0.00000000E+00  6.22732354E-03  1.43356383E+00
 -3.39900000E-01  2.01443000E+00 -1.54701206E+00  0.00000000E+00  5.76080636E-01  0.00000000E+00  6.21697319E-03  1.44208425E+00
 -3.39900000E-01  2.01466500E+00 -1.54924523E+00  0.00000000E+00  5.77739954E-01  0.00000000E+00  6.20664212E-03  1.45062992E+00
 -3.39900000E-01  2.01490000E+00 -1.55146457E+00  0.00000000E+00  5.79393243E-01  0.00000000E+00  6.19633036E-03  1.45920083E+00
 -3.39900000E-01  2.01513500E+00 -1.55367008E+00  0.00000000E+00  5.81040442E-01  0.00000000E+00  6.18603796E-03  1.46779698E+00
 -3.39900000E-01  2.01537000E+00 -1.55586177E+00  0.00000000E+00  5.82681489E-01  0.00000000E+00  6.17576492E-03  1.47641839E+00
 -3.39900000E-01  2.01560500E+00 -1.55803963E+00  0.00000000E+00  5.84316322E-01  0.00000000E+00  6.16551129E-03  1.48506503E+00
 -3.39900000E-01  2.01584000E+00 -1.56020366E+00  0.00000000E+00  5.85944883E-01  0.00000000E+00  6.15527709E-03  1.49373693E+00
 -3.39900000E-01  2.01607500E+00 -1.56235386E+00  0.00000000E+00  5.87567113E-01  0.00000000E+00  6.14506234E-03  1.50243407E+00
 -3.39900000E-01  2.01631000E+00 -1.56449024E+00  0.00000000E+00  5.89182954E-01  0.00000000E+00  6.13486707E-03  1.51115645E+00
 -3.39900000E-01  2.01654500E+00 -1.56661278E+00  0.00000000E+00  5.90792349E-01  0.00000000E+00  6.12469130E-03  1.51990409E+00
 -3.39900000E-01  2.01678000E+00 -1.56872150E+00  0.00000000E+00  5.92395242E-01  0.00000000E+00  6.11453505E-03  1.52867696E+00
 -3.39900000E-01  2.01701500E+00 -1.57081640E+00  0.00000000E+00  5.93991578E-01  0.00000000E+00  6.10439834E-03  1.53747509E+00
 -3.39900000E-01  2.01725000E+00 -1.57289746E+00  0.00000000E+00  5.95581304E-01  0.00000000E+00  6.09428119E-03  1.54629845E+00
 -3.39900000E-01  2.01748500E+00 -1.57496470E+00  0.00000000E+00  5.97164366E-01  0.00000000E+00  6.08418362E-03  1.55514707E+00
 -3.39900000E-01  2.01772000E+00 -1.57701811E+00  0.00000000E+00  5.98740711E-01  0.00000000E+00  6.07410564E-03  1.56402093E+00
 -3.39900000E-01  2.01795500E+00 -1.57905769E+00  0.00000000E+00  6.00310289E-01  0.00000000E+00  6.06404727E-03  1.57292003E+00
 -3.39900000E-01  2.01819000E+00 -1.58108344E+00  0.00000000E+00  6.01873048E-01  0.00000000E+00  6.05400851E-03  1.58184438E+00
 -3.39900000E-01  2.01842500E+00 -1.58309537E+00  0.00000000E+00  6.03428939E-01  0.00000000E+00  6.04398940E-03  1.59079398E+00
 -3.39900000E-01  2.01866000E+00 -1.58509346E+00  0.00000000E+00  6.04977913E-01  0.00000000E+00  6.03398992E-03  1.59976882E+00
 -3.39900000E-01  2.01889500E+00 -1.58707774E+00  0.00000000E+00  6.06519923E-01  0.00000000E+00  6.02401010E-03  1.60876891E+00
 -3.39900000E-01  2.01913000E+00 -1.58904818E+00  0.00000000E+00  6.08054920E-01  0.00000000E+00  6.01404995E-03  1.61779425E+00
 -3.39900000E-01  2.01936500E+00 -1.59100479E+00  0.00000000E+00  6.09582858E-01  0.00000000E+00  6.00410946E-03  1.62684482E+00
 -3.39900000E-01  2.01960000E+00 -1.59294758E+00  0.00000000E+00  6.11103693E-01  0.00000000E+00  5.99418866E-03  1.63592065E+00
 -3.39900000E-01  2.01983500E+00 -1.59487654E+00  0.00000000E+00  6.12617378E-01  0.00000000E+00  5.98428754E-03  1.64502172E+00
 -3.39900000E-01  2.02007000E+00 -1.59679167E+00  0.00000000E+00  6.14123871E-01  0.00000000E+00  5.97440611E-03  1.65414804E+00
 -3.39900000E-01  2.02030500E+00 -1.59869298E+00  0.00000000E+00  6.15623127E-01  0.00000000E+00  5.96454438E-03  1.66329960E+00
 -3.39900000E-01  2.02054000E+00 -1.60058046E+00  0.00000000E+00  6.17115105E-01  0.00000000E+00  5.95470235E-03  1.67247641E+00
 -3.39900000E-01  2.02077500E+00 -1.60245410E+00  0.00000000E+00  6.18599763E-01  0.00000000E+00  5.94488001E-03  1.68167846E+00
 -3.39900000E-01  2.02101000E+00 -1.60431393E+00  0.00000000E+00  6.20077059E-01  0.00000000E+00  5.93507737E-03  1.69090576E+00
 -3.39900000E-01  2.02124500E+00 -1.60615992E+00  0.00000000E+00  6.21546953E-01  0.00000000E+00  5.92529444E-03  1.70015831E+00
 -3.39900000E-01  2.02148000E+00 -1.60799209E+00  0.00000000E+00  6.23009406E-01  0.00000000E+00  5.91553120E-03  1.70943610E+00
 -3.39900000E-01  2.02171500E+00 -1.60981042E+00  0.00000000E+00  6.24464379E-01  0.00000000E+00  5.90578767E-03  1.71873913E+00
 -3.39900000E-01  2.02195000E+00 -1.61161494E+00  0.00000000E+00  6.25911834E-01  0.00000000E+00  5.89606383E-03  1.72806741E+00
 -3.39900000E-01  2.02218500E+00 -1.61340562E+00  0.00000000E+00  6.27351733E-01  0.00000000E+00  5.88635969E-03  1.73742094E+00
 -3.39900000E-01  2.02242000E+00 -1.61518247E+00  0.00000000E+00  6.28784040E-01  0.00000000E+00  5.87667523E-03  1.74679972E+00
 -3.39900000E-01  2.02265500E+00 -1.61694550E+00  0.00000000E+00  6.30208717E-01  0.00000000E+00  5.86701046E-03  1.75620374E+00
 -3.39900000E-01  2.02289000E+00 -1.61869470E+00  0.00000000E+00  6.31625730E-01  0.00000000E+00  5.85736537E-03  1.76563300E+00
 -3.39900000E-01  2.02312500E+00 -1.62043008E+00  0.00000000E+00  6.33035043E-01  0.00000000E+00  5.84773996E-03  1.77508751E+00
 -3.39900000E-01  2.02336000E+00 -1.62215162E+00  0.00000000E+00  6.34436622E-01  0.00000000E+00  5.83813421E-03  1.78456727E+00
 -3.39900000E-01  2.02359500E+00 -1.62385934E+00  0.00000000E+00  6.35830432E-01  0.00000000E+00  5.82854811E-03  1.79407227E+00
 -3.39900000E-01  2.02383000E+00 -1.62555323E+00  0.00000000E+00  6.37216441E-01  0.00000000E+00  5.81898167E-03  1.80360252E+00
 -3.39900000E-01  2.02406500E+00 -1.62723329E+00  0.00000000E+00  6.38594616E-01  0.00000000E+00  5.80943487E-03  1.81315801E+00
 -3.39900000E-01  2.02430000E+00 -1.62889952E+00  0.00000000E+00  6.39964924E-01  0.00000000E+00  5.79990769E-03  1.82273875E+00
 -3.39900000E-01  2.02453500E+00 -1.63055193E+00  0.00000000E+00  6.41327333E-01  0.00000000E+00  5.79040014E-03  1.83234473E+00
 -3.39900000E-01  2.02477000E+00 -1.63219051E+00  0.00000000E+00  6.42681811E-01  0.00000000E+00  5.78091219E-03  1.84197596E+00
 -3.39900000E-01  2.02500500E+00 -1.63381526E+00  0.00000000E+00  6.44028329E-01  0.00000000E+00  5.77144384E-03  1.85163244E+00
 -3.39900000E-01  2.02524000E+00 -1.63542618E+00  0.00000000E+00  6.45366855E-01  0.00000000E+00  5.76199508E-03  1.86131416E+00
 -3.39900000E-01  2.02547500E+00 -1.63702328E+00  0.00000000E+00  6.46697358E-01  0.00000000E+00  5.75256588E-03  1.87102113E+00
 -3.39900000E-01  2.02571000E+00 -1.63860655E+00  0.00000000E+00  6.48019810E-01  0.00000000E+00  5.74315624E-03  1.88075334E+00
 -3.39900000E-01  2.02594500E+00 -1.64017599E+00  0.00000000E+00  6.49334180E-01  0.00000000E+00  5.73376615E-03  1.89051080E+00
 -3.39900000E-01  2.02618000E+00 -1.64173160E+00  0.00000000E+00  6.50640439E-01  0.00000000E+00  5.72439558E-03  1.90029351E+00
 -3.39900000E-01  2.02641500E+00 -1.64327339E+00  0.00000000E+00  6.51938559E-01  0.00000000E+00  5.71504452E-03  1.91010146E+00
 -3.39900000E-01  2.02665000E+00 -1.64480134E+00  0.00000000E+00  6.53228511E-01  0.00000000E+00  5.70571295E-03  1.91993465E+00
 -3.39900000E-01  2.02688500E+00 -1.64631547E+00  0.00000000E+00  6.54510266E-01  0.00000000E+00  5.69640086E-03  1.92979309E+00
 -3.39900000E-01  2.02712000E+00 -1.64781578E+00  0.00000000E+00  6.55783797E-01  0.00000000E+00  5.68710824E-03  1.93967678E+00
 -3.39900000E-01  2.02735500E+00 -1.64930225E+00  0.00000000E+00  6.57049075E-01  0.00000000E+00  5.67783506E-03  1.94958571E+00
 -3.39900000E-01  2.02759000E+00 -1.65077490E+00  0.00000000E+00  6.58306072E-01  0.00000000E+00  5.66858130E-03  1.95951989E+00
 -3.39900000E-01  2.02782500E+00 -1.65223372E+00  0.00000000E+00  6.59554762E-01  0.00000000E+00  5.65934694E-03  1.96947932E+00
 -3.39900000E-01  2.02806000E+00 -1.65367871E+00  0.00000000E+00  6.60795115E-01  0.00000000E+00  5.65013197E-03  1.97946399E+00
 -3.39900000E-01  2.02829500E+00 -1.65510987E+00  0.00000000E+00  6.62027106E-01  0.00000000E+00  5.64093637E-03  1.98947390E+00
 -3.39900000E-01  2.02853000E+00 -1.65652721E+00  0.00000000E+00  6.63250707E-01  0.00000000E+00  5.63176012E-03  1.99950906E+00
 -3.39900000E-01  2.02876500E+00 -1.65793072E+00  0.00000000E+00  6.64465889E-01  0.00000000E+00  5.62260318E-03  2.00956947E+00
 -3.39900000E-01  2.02900000E+00 -1.65932040E+00  0.00000000E+00  6.65672627E-01  0.00000000E+00  5.61346556E-03  2.01965512E+00
 -3.39900000E-01  2.02923500E+00 -1.66069625E+00  0.00000000E+00  6.66870893E-01  0.00000000E+00  5.60434721E-03  2.02976602E+00
 -3.39900000E-01  2.02947000E+00 -1.66205828E+00  0.00000000E+00  6.68060658E-01  0.00000000E+00  5.59524812E-03  2.03990217E+00
 -3.39900000E-01  2.02970500E+00 -1.66340647E+00  0.00000000E+00  6.69241896E-01  0.00000000E+00  5.58616827E-03  2.05006356E+00
 -3.39900000E-01  2.02994000E+00 -1.66474084E+00  0.00000000E+00  6.70414580E-01  0.00000000E+00  5.57710763E-03  2.06025019E+00
 -3.39900000E-01  2.03017500E+00 -1.66606139E+00  0.00000000E+00  6.71578680E-01  0.00000000E+00  5.56806618E-03  2.07046207E+00
 -3.39900000E-01  2.03041000E+00 -1.66736810E+00  0.00000000E+00  6.72734170E-01  0.00000000E+00  5.55904390E-03  2.08069920E+00
 -3.39900000E-01  2.03064500E+00 -1.66866099E+00  0.00000000E+00  6.73881021E-01  0.00000000E+00  5.55004076E-03  2.09096157E+00
 -3.39900000E-01  2.03088000E+00 -1.66994005E+00  0.00000000E+00  6.75019205E-01  0.00000000E+00  5.54105674E-03  2.10124919E+00
 -3.39900000E-01  2.03111500E+00 -1.67120528E+00  0.00000000E+00  6.76148693E-01  0.00000000E+00  5.53209181E-03  2.11156205E+00
 -3.39900000E-01  2.03135000E+00 -1.67245668E+00  0.00000000E+00  6.77269456E-01  0.00000000E+00  5.52314594E-03  2.12190016E+00
 -3.39900000E-01  2.03158500E+00 -1.67369426E+00  0.00000000E+00  6.78381465E-01  0.00000000E+00  5.51421912E-03  2.13226352E+00
 -3.39900000E-01  2.03182000E+00 -1.67491801E+00  0.00000000E+00  6.79484689E-01  0.00000000E+00  5.50531131E-03  2.14265212E+00
 -3.39900000E-01  2.03205500E+00 -1.67612793E+00  0.00000000E+00  6.80579099E-01  0.00000000E+00  5.49642249E-03  2.15306597E+00
 -3.39900000E-01  2.03229000E+00 -1.67732402E+00  0.00000000E+00  6.81664664E-01  0.00000000E+00  5.48755263E-03  2.16350506E+00
 -3.39900000E-01  2.03252500E+00 -1.67850629E+00  0.00000000E+00  6.82741353E-01  0.00000000E+00  5.47870170E-03  2.17396940E+00
 -3.39900000E-01  2.03276000E+00 -1.67967473E+00  0.00000000E+00  6.83809134E-01  0.00000000E+00  5.46986968E-03  2.18445898E+00
 -3.39900000E-01  2.03299500E+00 -1.68082934E+00  0.00000000E+00  6.84867975E-01  0.00000000E+00  5.46105654E-03  2.19497381E+00
 -3.39900000E-01  2.03323000E+00 -1.68197012E+00  0.00000000E+00  6.85917843E-01  0.00000000E+00  5.45226224E-03  2.20551389E+00
 -3.39900000E-01  2.03346500E+00 -1.68309708E+00  0.00000000E+00  6.86958705E-01  0.00000000E+00  5.44348677E-03  2.21607921E+00
 -3.39900000E-01  2.03370000E+00 -1.68421020E+00  0.00000000E+00  6.87990526E-01  0.00000000E+00  5.43473010E-03  2.22666977E+00
 -3.39900000E-01  2.03393500E+00 -1.68530950E+00  0.00000000E+00  6.89013271E-01  0.00000000E+00  5.42599219E-03  2.23728559E+00
 -3.39900000E-01  2.03417000E+00 -1.68639497E+00  0.00000000E+00  6.90026911E-01  0.00000000E+00  5.41727301E-03  2.24792664E+00
 -3.39900000E-01  2.03440500E+00 -1.68746662E+00  0.00000000E+00  6.91031398E-01  0.00000000E+00  5.40857254E-03  2.25859295E+00
 -3.39900000E-01  2.03464000E+00 -1.68852444E+00  0.00000000E+00  6.92026695E-01  0.00000000E+00  5.39989074E-03  2.26928450E+00
 -3.39900000E-01  2.03487500E+00 -1.68956843E+00  0.00000000E+00  6.93012766E-01  0.00000000E+00  5.39122759E-03  2.28000129E+00
 -3.39900000E-01  2.03511000E+00 -1.69059859E+00  0.00000000E+00  6.93989575E-01  0.00000000E+00  5.38258305E-03  2.29074333E+00
 -3.39900000E-01  2.03534500E+00 -1.69161492E+00  0.00000000E+00  6.94957083E-01  0.00000000E+00  5.37395710E-03  2.30151062E+00
 -3.39900000E-01  2.03558000E+00 -1.69261743E+00  0.00000000E+00  6.95915248E-01  0.00000000E+00  5.36534970E-03  2.31230315E+00
 -3.39900000E-01  2.03581500E+00 -1.69360610E+00  0.00000000E+00  6.96864029E-01  0.00000000E+00  5.35676083E-03  2.32312093E+00
 -3.39900000E-01  2.03605000E+00 -1.69458096E+00  0.00000000E+00  6.97803384E-01  0.00000000E+00  5.34819044E-03  2.33396395E+00
 -3.39900000E-01  2.03628500E+00 -1.69554198E+00  0.00000000E+00  6.98733267E-01  0.00000000E+00  5.33963852E-03  2.34483222E+00
 -3.39900000E-01  2.03652000E+00 -1.69648917E+00  0.00000000E+00  6.99653631E-01  0.00000000E+00  5.33110502E-03  2.35572574E+00
 -3.39900000E-01  2.03675500E+00 -1.69742254E+00  0.00000000E+00  7.00564431E-01  0.00000000E+00  5.32258992E-03  2.36664450E+00
 -3.39900000E-01  2.03699000E+00 -1.69834208E+00  0.00000000E+00  7.01465617E-01  0.00000000E+00  5.31409318E-03  2.37758850E+00
 -3.39900000E-01  2.03722500E+00 -1.69924779E+00  0.00000000E+00  7.02357140E-01  0.00000000E+00  5.30561478E-03  2.38855775E+00
 -3.39900000E-01  2.03746000E+00 -1.70013968E+00  0.00000000E+00  7.03238947E-01  0.00000000E+00  5.29715467E-03  2.39955225E+00
 -3.39900000E-01  2.03769500E+00 -1.70101774E+00  0.00000000E+00  7.04110986E-01  0.00000000E+00  5.28871283E-03  2.41057200E+00
 -3.39900000E-01  2.03793000E+00 -1.70188197E+00  0.00000000E+00  7.04973204E-01  0.00000000E+00  5.28028922E-03  2.42161698E+00
 -3.39900000E-01  2.03816500E+00 -1.70273237E+00  0.00000000E+00  7.05825545E-01  0.00000000E+00  5.27188381E-03  2.43268722E+00
 -3.39900000E-01  2.03840000E+00 -1.70356894E+00  0.00000000E+00  7.06667951E-01  0.00000000E+00  5.26349657E-03  2.44378270E+00
 -3.39900000E-01  2.03863500E+00 -1.70439169E+00  0.00000000E+00  7.07500365E-01  0.00000000E+00  5.25512746E-03  2.45490343E+00
 -3.39900000E-01  2.03887000E+00 -1.70520061E+00  0.00000000E+00  7.08322726E-01  0.00000000E+00  5.24677645E-03  2.46604940E+00
 -3.39900000E-01  2.03910500E+00 -1.70599570E+00  0.00000000E+00  7.09134974E-01  0.00000000E+00  5.23844351E-03  2.47722061E+00
 -3.39900000E-01  2.03934000E+00 -1.70677696E+00  0.00000000E+00  7.09937043E-01  0.00000000E+00  5.23012860E-03  2.48841708E+00
 -3.39900000E-01  2.03957500E+00 -1.70754440E+00  0.00000000E+00  7.10728870E-01  0.00000000E+00  5.22183168E-03  2.49963879E+00
 -3.39900000E-01  2.03981000E+00 -1.70829800E+00  0.00000000E+00  7.11510387E-01  0.00000000E+00  5.21355273E-03  2.51088574E+00
 -3.39900000E-01  2.04004500E+00 -1.70903778E+00  0.00000000E+00  7.12281525E-01  0.00000000E+00  5.20529171E-03  2.52215794E+00
 -3.39900000E-01  2.04028000E+00 -1.70976374E+00  0.00000000E+00  7.13042214E-01  0.00000000E+00  5.19704858E-03  2.53345539E+00
 -3.39900000E-01  2.04051500E+00 -1.71047586E+00  0.00000000E+00  7.13792379E-01  0.00000000E+00  5.18882332E-03  2.54477808E+00
 -3.39900000E-01  2.04075000E+00 -1.71117416E+00  0.00000000E+00  7.14531946E-01  0.00000000E+00  5.18061587E-03  2.55612602E+00
 -3.39900000E-01  2.04098500E+00 -1.71185863E+00  0.00000000E+00  7.15260837E-01  0.00000000E+00  5.17242622E-03  2.56749920E+00
 -3.39900000E-01  2.04122000E+00 -1.71252927E+00  0.00000000E+00  7.15978971E-01  0.00000000E+00  5.16425432E-03  2.57889763E+00
 -3.39900000E-01  2.04145500E+00 -1.71318609E+00  0.00000000E+00  7.16686265E-01  0.00000000E+00  5.15610014E-03  2.59032130E+00
 -3.39900000E-01  2.04169000E+00 -1.71382907E+00  0.00000000E+00  7.17382634E-01  0.00000000E+00  5.14796365E-03  2.60177022E+00
 -3.39900000E-01  2.04192500E+00 -1.71445823E+00  0.00000000E+00  7.18067990E-01  0.00000000E+00  5.13984480E-03  2.61324439E+00
 -3.39900000E-01  2.04216000E+00 -1.71507356E+00  0.00000000E+00  7.18742241E-01  0.00000000E+00  5.13174357E-03  2.62474380E+00
 -3.39900000E-01  2.04239500E+00 -1.71567507E+00  0.00000000E+00  7.19405292E-01  0.00000000E+00  5.12365992E-03  2.63626846E+00
 -3.39900000E-01  2.04263000E+00 -1.71626274E+00  0.00000000E+00  7.20057047E-01  0.00000000E+00  5.11559380E-03  2.64781836E+00
 -3.39900000E-01  2.04286500E+00 -1.71683659E+00  0.00000000E+00  7.20697404E-01  0.00000000E+00  5.10754520E-03  2.65939351E+00
 -3.39900000E-01  2.04310000E+00 -1.71739661E+00  0.00000000E+00  7.21326259E-01  0.00000000E+00  5.09951406E-03  2.67099390E+00
 -3.39900000E-01  2.04333500E+00 -1.71794280E+00  0.00000000E+00  7.21943505E-01  0.00000000E+00  5.09150036E-03  2.68261954E+00
 -3.39900000E-01  2.04357000E+00 -1.71847517E+00  0.00000000E+00  7.22549029E-01  0.00000000E+00  5.08350406E-03  2.69427043E+00
 -3.39900000E-01  2.04380500E+00 -1.71899371E+00  0.00000000E+00  7.23142717E-01  0.00000000E+00  5.07552511E-03  2.70594656E+00
 -3.39900000E-01  2.04404000E+00 -1.71949842E+00  0.00000000E+00  7.23724450E-01  0.00000000E+00  5.06756350E-03  2.71764793E+00
 -3.39900000E-01  2.04427500E+00 -1.71998930E+00  0.00000000E+00  7.24294105E-01  0.00000000E+00  5.05961917E-03  2.72937456E+00
 -3.39900000E-01  2.04451000E+00 -1.72046635E+00  0.00000000E+00  7.24851554E-01  0.00000000E+00  5.05169210E-03  2.74112642E+00
 -3.39900000E-01  2.04474500E+00 -1.72092958E+00  0.00000000E+00  7.25396667E-01  0.00000000E+00  5.04378224E-03  2.75290354E+00
 -3.39900000E-01  2.04498000E+00 -1.72137898E+00  0.00000000E+00  7.25929307E-01  0.00000000E+00  5.03588957E-03  2.76470590E+00
 -3.39900000E-01  2.04521500E+00 -1.72181455E+00  0.00000000E+00  7.26449336E-01  0.00000000E+00  5.02801403E-03  2.77653350E+00
 -3.39900000E-01  2.04545000E+00 -1.72223630E+00  0.00000000E+00  7.26956608E-01  0.00000000E+00  5.02015560E-03  2.78838635E+00
 -3.39900000E-01  2.04568500E+00 -1.72264421E+00  0.00000000E+00  7.27450974E-01  0.00000000E+00  5.01231425E-03  2.80026445E+00
 -3.39900000E-01  2.04592000E+00 -1.72303830E+00  0.00000000E+00  7.27932282E-01  0.00000000E+00  5.00448992E-03  2.81216779E+00
 -3.39900000E-01  2.04615500E+00 -1.72341856E+00  0.00000000E+00  7.28400371E-01  0.00000000E+00  4.99668260E-03  2.82409638E+00
 -3.39900000E-01  2.04639000E+00 -1.72378499E+00  0.00000000E+00  7.28855370E-01  0.00000000E+00  4.98866952E-03  2.83643251E+00
 -3.39900000E-01  2.04662500E+00 -1.72413760E+00  0.00000000E+00  7.29297154E-01  0.00000000E+00  4.98046858E-03  2.84914543E+00
 -3.39900000E-01  2.04686000E+00 -1.72447638E+00  0.00000000E+00  7.29724543E-01  0.00000000E+00  4.97285115E-03  2.86091091E+00
 -3.39900000E-01  2.04709500E+00 -1.72480133E+00  0.00000000E+00  7.30137634E-01  0.00000000E+00  4.96555635E-03  2.87217676E+00
 -3.39900000E-01  2.04733000E+00 -1.72511245E+00  0.00000000E+00  7.30536438E-01  0.00000000E+00  4.95838077E-03  2.88329206E+00
 -3.39900000E-01  2.04756500E+00 -1.72540975E+00  0.00000000E+00  7.30920891E-01  0.00000000E+00  4.95117262E-03  2.89451732E+00
 -3.39900000E-01  2.04780000E+00 -1.72569321E+00  0.00000000E+00  7.31290866E-01  0.00000000E+00  4.94382614E-03  2.90603402E+00
 -3.39900000E-01  2.04803500E+00 -1.72596285E+00  0.00000000E+00  7.31646178E-01  0.00000000E+00  4.93627620E-03  2.91795387E+00
 -3.39900000E-01  2.04827000E+00 -1.72621866E+00  0.00000000E+00  7.31986596E-01  0.00000000E+00  4.92849327E-03  2.93032751E+00
 -3.39900000E-01  2.04850500E+00 -1.72646065E+00  0.00000000E+00  7.32311850E-01  0.00000000E+00  4.92047850E-03  2.94315291E+00
 -3.39900000E-01  2.04874000E+00 -1.72668881E+00  0.00000000E+00  7.32621641E-01  0.00000000E+00  4.91225912E-03  2.95638322E+00
 -3.39900000E-01  2.04897500E+00 -1.72690313E+00  0.00000000E+00  7.32915645E-01  0.00000000E+00  4.90388413E-03  2.96993432E+00
 -3.39900000E-01  2.04921000E+00 -1.72710364E+00  0.00000000E+00  7.33193523E-01  0.00000000E+00  4.89542011E-03  2.98369182E+00
 -3.39900000E-01  2.04944500E+00 -1.72729031E+00  0.00000000E+00  7.33454927E-01  0.00000000E+00  4.88694742E-03  2.99751770E+00
 -3.39900000E-01  2.04968000E+00 -1.72746315E+00  0.00000000E+00  7.33699507E-01  0.00000000E+00  4.87855658E-03  3.01125654E+00
 -3.39900000E-01  2.04991500E+00 -1.72762217E+00  0.00000000E+00  7.33926914E-01  0.00000000E+00  4.87034489E-03  3.02474125E+00
 -3.39900000E-01  2.05015000E+00 -1.72776736E+00  0.00000000E+00  7.34136808E-01  0.00000000E+00  4.86241333E-03  3.03779847E+00
 -3.39900000E-01  2.05038500E+00 -1.72789873E+00  0.00000000E+00  7.34328862E-01  0.00000000E+00  4.85486366E-03  3.05025342E+00
 -3.39900000E-01  2.05062000E+00 -1.72801626E+00  0.00000000E+00  7.34502768E-01  0.00000000E+00  4.84779587E-03  3.06193442E+00
 -3.39900000E-01  2.05085500E+00 -1.72811997E+00  0.00000000E+00  7.34658239E-01  0.00000000E+00  4.84130577E-03  3.07267700E+00
 -3.39900000E-01  2.05109000E+00 -1.72820985E+00  0.00000000E+00  7.34795012E-01  0.00000000E+00  4.83548287E-03  3.08232744E+00
 -3.39900000E-01  2.05132500E+00 -1.72828590E+00  0.00000000E+00  7.34912855E-01  0.00000000E+00  4.83040853E-03  3.09074607E+00
 -3.39900000E-01  2.05156000E+00 -1.72834813E+00  0.00000000E+00  7.35011566E-01  0.00000000E+00  4.82615433E-03  3.09780996E+00
 -3.39900000E-01  2.05179500E+00 -1.72839652E+00  0.00000000E+00  7.35090978E-01  0.00000000E+00  4.82278070E-03  3.10341537E+00
 -3.39900000E-01  2.05203000E+00 -1.72843109E+00  0.00000000E+00  7.35150958E-01  0.00000000E+00  4.82033582E-03  3.10747959E+00
 -3.39900000E-01  2.05226500E+00 -1.72845183E+00  0.00000000E+00  7.35191412E-01  0.00000000E+00  4.81885470E-03  3.10994247E+00
 -3.39900000E-01  2.05250000E+00 -1.72845875E+00  0.00000000E+00  7.35212282E-01  0.00000000E+00  4.81835862E-03  3.11076752E+00
 -3.39900000E-01  2.05273500E+00 -1.72845183E+00  0.00000000E+00  7.35213552E-01  0.00000000E+00  4.81885470E-03  3.10994247E+00
 -3.39900000E-01  2.05297000E+00 -1.72843109E+00  0.00000000E+00  7.35195243E-01  0.00000000E+00  4.82033582E-03  3.10747959E+00
 -3.39900000E-01  2.05320500E+00 -1.72839652E+00  0.00000000E+00  7.35157414E-01  0.00000000E+00  4.82278070E-03  3.10341537E+00
 -3.39900000E-01  2.05344000E+00 -1.72834813E+00  0.00000000E+00  7.35100165E-01  0.00000000E+00  4.82615433E-03  3.09780996E+00
 -3.39900000E-01  2.05367500E+00 -1.72828590E+00  0.00000000E+00  7.35023630E-01  0.00000000E+00  4.83040853E-03  3.09074607E+00
 -3.39900000E-01  2.05391000E+00 -1.72820985E+00  0.00000000E+00  7.34927981E-01  0.00000000E+00  4.83548287E-03  3.08232744E+00
 -3.39900000E-01  2.05414500E+00 -1.72811997E+00  0.00000000E+00  7.34813422E-01  0.00000000E+00  4.84130577E-03  3.07267700E+00
 -3.39900000E-01  2.05438000E+00 -1.72801626E+00  0.00000000E+00  7.34680189E-01  0.00000000E+00  4.84779587E-03  3.06193442E+00
 -3.39900000E-01  2.05461500E+00 -1.72789873E+00  0.00000000E+00  7.34528546E-01  0.00000000E+00  4.85486366E-03  3.05025342E+00
 -3.39900000E-01  2.05485000E+00 -1.72776736E+00  0.00000000E+00  7.34358782E-01  0.00000000E+00  4.86241333E-03  3.03779847E+00
 -3.39900000E-01  2.05508500E+00 -1.72762217E+00  0.00000000E+00  7.34171208E-01  0.00000000E+00  4.87034489E-03  3.02474125E+00
 -3.39900000E-01  2.05532000E+00 -1.72746315E+00  0.00000000E+00  7.33966151E-01  0.00000000E+00  4.87855658E-03  3.01125654E+00
 -3.39900000E-01  2.05555500E+00 -1.72729031E+00  0.00000000E+00  7.33743954E-01  0.00000000E+00  4.88694742E-03  2.99751770E+00
 -3.39900000E-01  2.05579000E+00 -1.72710364E+00  0.00000000E+00  7.33504963E-01  0.00000000E+00  4.89542011E-03  2.98369182E+00
 -3.39900000E-01  2.05602500E+00 -1.72690313E+00  0.00000000E+00  7.33249530E-01  0.00000000E+00  4.90388413E-03  2.96993432E+00
 -3.39900000E-01  2.05626000E+00 -1.72668881E+00  0.00000000E+00  7.32978002E-01  0.00000000E+00  4.91225912E-03  2.95638322E+00
 -3.39900000E-01  2.05649500E+00 -1.72646065E+00  0.00000000E+00  7.32690717E-01  0.00000000E+00  4.92047850E-03  2.94315291E+00
 -3.39900000E-01  2.05673000E+00 -1.72621866E+00  0.00000000E+00  7.32387997E-01  0.00000000E+00  4.92849327E-03  2.93032751E+00
 -3.39900000E-01  2.05696500E+00 -1.72596285E+00  0.00000000E+00  7.32070140E-01  0.00000000E+00  4.93627620E-03  2.91795387E+00
 -3.39900000E-01  2.05720000E+00 -1.72569321E+00  0.00000000E+00  7.31737412E-01  0.00000000E+00  4.94382614E-03  2.90603402E+00
 -3.39900000E-01  2.05743500E+00 -1.72540975E+00  0.00000000E+00  7.31390042E-01  0.00000000E+00  4.95117262E-03  2.89451732E+00
 -3.39900000E-01  2.05767000E+00 -1.72511245E+00  0.00000000E+00  7.31028210E-01  0.00000000E+00  4.95838077E-03  2.88329206E+00
 -3.39900000E-01  2.05790500E+00 -1.72480133E+00  0.00000000E+00  7.30652041E-01  0.00000000E+00  4.96555635E-03  2.87217676E+00
 -3.39900000E-01  2.05814000E+00 -1.72447638E+00  0.00000000E+00  7.30261593E-01  0.00000000E+00  4.97285115E-03  2.86091091E+00
 -3.39900000E-01  2.05837500E+00 -1.72413760E+00  0.00000000E+00  7.29856850E-01  0.00000000E+00  4.98046858E-03  2.84914543E+00
 -3.39900000E-01  2.05861000E+00 -1.72378499E+00  0.00000000E+00  7.29437712E-01  0.00000000E+00  4.98866952E-03  2.83643251E+00
 -3.39900000E-01  2.05884500E+00 -1.72341856E+00  0.00000000E+00  7.29005368E-01  0.00000000E+00  4.99668260E-03  2.82409638E+00
 -3.39900000E-01  2.05908000E+00 -1.72303830E+00  0.00000000E+00  7.28559937E-01  0.00000000E+00  5.00448992E-03  2.81216779E+00
 -3.39900000E-01  2.05931500E+00 -1.72264421E+00  0.00000000E+00  7.28101288E-01  0.00000000E+00  5.01231425E-03  2.80026445E+00
 -3.39900000E-01  2.05955000E+00 -1.72223630E+00  0.00000000E+00  7.27629577E-01  0.00000000E+00  5.02015560E-03  2.78838635E+00
 -3.39900000E-01  2.05978500E+00 -1.72181455E+00  0.00000000E+00  7.27144956E-01  0.00000000E+00  5.02801403E-03  2.77653350E+00
 -3.39900000E-01  2.06002000E+00 -1.72137898E+00  0.00000000E+00  7.26647572E-01  0.00000000E+00  5.03588957E-03  2.76470590E+00
 -3.39900000E-01  2.06025500E+00 -1.72092958E+00  0.00000000E+00  7.26137566E-01  0.00000000E+00  5.04378224E-03  2.75290354E+00
 -3.39900000E-01  2.06049000E+00 -1.72046635E+00  0.00000000E+00  7.25615078E-01  0.00000000E+00  5.05169210E-03  2.74112642E+00
 -3.39900000E-01  2.06072500E+00 -1.71998930E+00  0.00000000E+00  7.25080242E-01  0.00000000E+00  5.05961917E-03  2.72937456E+00
 -3.39900000E-01  2.06096000E+00 -1.71949842E+00  0.00000000E+00  7.24533187E-01  0.00000000E+00  5.06756350E-03  2.71764793E+00
 -3.39900000E-01  2.06119500E+00 -1.71899371E+00  0.00000000E+00  7.23974038E-01  0.00000000E+00  5.07552511E-03  2.70594656E+00
 -3.39900000E-01  2.06143000E+00 -1.71847517E+00  0.00000000E+00  7.23402918E-01  0.00000000E+00  5.08350406E-03  2.69427043E+00
 -3.39900000E-01  2.06166500E+00 -1.71794280E+00  0.00000000E+00  7.22819943E-01  0.00000000E+00  5.09150036E-03  2.68261954E+00
 -3.39900000E-01  2.06190000E+00 -1.71739661E+00  0.00000000E+00  7.22225228E-01  0.00000000E+00  5.09951406E-03  2.67099390E+00
 -3.39900000E-01  2.06213500E+00 -1.71683659E+00  0.00000000E+00  7.21618883E-01  0.00000000E+00  5.10754520E-03  2.65939351E+00
 -3.39900000E-01  2.06237000E+00 -1.71626274E+00  0.00000000E+00  7.21001014E-01  0.00000000E+00  5.11559380E-03  2.64781836E+00
 -3.39900000E-01  2.06260500E+00 -1.71567507E+00  0.00000000E+00  7.20371725E-01  0.00000000E+00  5.12365992E-03  2.63626846E+00
 -3.39900000E-01  2.06284000E+00 -1.71507356E+00  0.00000000E+00  7.19731114E-01  0.00000000E+00  5.13174357E-03  2.62474380E+00
 -3.39900000E-01  2.06307500E+00 -1.71445823E+00  0.00000000E+00  7.19079279E-01  0.00000000E+00  5.13984480E-03  2.61324439E+00
 -3.39900000E-01  2.06331000E+00 -1.71382907E+00  0.00000000E+00  7.18416313E-01  0.00000000E+00  5.14796365E-03  2.60177022E+00
 -3.39900000E-01  2.06354500E+00 -1.71318609E+00  0.00000000E+00  7.17742306E-01  0.00000000E+00  5.15610014E-03  2.59032130E+00
 -3.39900000E-01  2.06378000E+00 -1.71252927E+00  0.00000000E+00  7.17057346E-01  0.00000000E+00  5.16425432E-03  2.57889763E+00
 -3.39900000E-01  2.06401500E+00 -1.71185863E+00  0.00000000E+00  7.16361517E-01  0.00000000E+00  5.17242622E-03  2.56749920E+00
 -3.39900000E-01  2.06425000E+00 -1.71117416E+00  0.00000000E+00  7.15654901E-01  0.00000000E+00  5.18061587E-03  2.55612602E+00
 -3.39900000E-01  2.06448500E+00 -1.71047586E+00  0.00000000E+00  7.14937578E-01  0.00000000E+00  5.18882332E-03  2.54477808E+00
 -3.39900000E-01  2.06472000E+00 -1.70976374E+00  0.00000000E+00  7.14209624E-01  0.00000000E+00  5.19704858E-03  2.53345539E+00
 -3.39900000E-01  2.06495500E+00 -1.70903778E+00  0.00000000E+00  7.13471114E-01  0.00000000E+00  5.20529171E-03  2.52215794E+00
 -3.39900000E-01  2.06519000E+00 -1.70829800E+00  0.00000000E+00  7.12722121E-01  0.00000000E+00  5.21355273E-03  2.51088574E+00
 -3.39900000E-01  2.06542500E+00 -1.70754440E+00  0.00000000E+00  7.11962714E-01  0.00000000E+00  5.22183168E-03  2.49963879E+00
 -3.39900000E-01  2.06566000E+00 -1.70677696E+00  0.00000000E+00  7.11192963E-01  0.00000000E+00  5.23012860E-03  2.48841708E+00
 -3.39900000E-01  2.06589500E+00 -1.70599570E+00  0.00000000E+00  7.10412932E-01  0.00000000E+00  5.23844351E-03  2.47722061E+00
 -3.39900000E-01  2.06613000E+00 -1.70520061E+00  0.00000000E+00  7.09622687E-01  0.00000000E+00  5.24677645E-03  2.46604940E+00
 -3.39900000E-01  2.06636500E+00 -1.70439169E+00  0.00000000E+00  7.08822290E-01  0.00000000E+00  5.25512746E-03  2.45490343E+00
 -3.39900000E-01  2.06660000E+00 -1.70356894E+00  0.00000000E+00  7.08011802E-01  0.00000000E+00  5.26349657E-03  2.44378270E+00
 -3.39900000E-01  2.06683500E+00 -1.70273237E+00  0.00000000E+00  7.07191282E-01  0.00000000E+00  5.27188381E-03  2.43268722E+00
 -3.39900000E-01  2.06707000E+00 -1.70188197E+00  0.00000000E+00  7.06360788E-01  0.00000000E+00  5.28028922E-03  2.42161698E+00
 -3.39900000E-01  2.06730500E+00 -1.70101774E+00  0.00000000E+00  7.05520376E-01  0.00000000E+00  5.28871283E-03  2.41057200E+00
 -3.39900000E-01  2.06754000E+00 -1.70013968E+00  0.00000000E+00  7.04670101E-01  0.00000000E+00  5.29715467E-03  2.39955225E+00
 -3.39900000E-01  2.06777500E+00 -1.69924779E+00  0.00000000E+00  7.03810015E-01  0.00000000E+00  5.30561478E-03  2.38855775E+00
 -3.39900000E-01  2.06801000E+00 -1.69834208E+00  0.00000000E+00  7.02940172E-01  0.00000000E+00  5.31409318E-03  2.37758850E+00
 -3.39900000E-01  2.06824500E+00 -1.69742254E+00  0.00000000E+00  7.02060622E-01  0.00000000E+00  5.32258992E-03  2.36664450E+00
 -3.39900000E-01  2.06848000E+00 -1.69648917E+00  0.00000000E+00  7.01171413E-01  0.00000000E+00  5.33110502E-03  2.35572574E+00
 -3.39900000E-01  2.06871500E+00 -1.69554198E+00  0.00000000E+00  7.00272594E-01  0.00000000E+00  5.33963852E-03  2.34483222E+00
 -3.39900000E-01  2.06895000E+00 -1.69458096E+00  0.00000000E+00  6.99364212E-01  0.00000000E+00  5.34819044E-03  2.33396395E+00
 -3.39900000E-01  2.06918500E+00 -1.69360610E+00  0.00000000E+00  6.98446312E-01  0.00000000E+00  5.35676083E-03  2.32312093E+00
 -3.39900000E-01  2.06942000E+00 -1.69261743E+00  0.00000000E+00  6.97518938E-01  0.00000000E+00  5.36534970E-03  2.31230315E+00
 -3.39900000E-01  2.06965500E+00 -1.69161492E+00  0.00000000E+00  6.96582132E-01  0.00000000E+00  5.37395710E-03  2.30151062E+00
 -3.39900000E-01  2.06989000E+00 -1.69059859E+00  0.00000000E+00  6.95635935E-01  0.00000000E+00  5.38258305E-03  2.29074333E+00
 -3.39900000E-01  2.07012500E+00 -1.68956843E+00  0.00000000E+00  6.94680389E-01  0.00000000E+00  5.39122759E-03  2.28000129E+00
 -3.39900000E-01  2.07036000E+00 -1.68852444E+00  0.00000000E+00  6.93715530E-01  0.00000000E+00  5.39989074E-03  2.26928450E+00
 -3.39900000E-01  2.07059500E+00 -1.68746662E+00  0.00000000E+00  6.92741395E-01  0.00000000E+00  5.40857254E-03  2.25859295E+00
 -3.39900000E-01  2.07083000E+00 -1.68639497E+00  0.00000000E+00  6.91758020E-01  0.00000000E+00  5.41727301E-03  2.24792664E+00
 -3.39900000E-01  2.07106500E+00 -1.68530950E+00  0.00000000E+00  6.90765441E-01  0.00000000E+00  5.42599219E-03  2.23728559E+00
 -3.39900000E-01  2.07130000E+00 -1.68421020E+00  0.00000000E+00  6.89763704E-01  0.00000000E+00  5.43473010E-03  2.22666977E+00
 -3.39900000E-01  2.07153500E+00 -1.68309708E+00  0.00000000E+00  6.88752839E-01  0.00000000E+00  5.44348677E-03  2.21607921E+00
 -3.39900000E-01  2.07177000E+00 -1.68197012E+00  0.00000000E+00  6.87732880E-01  0.00000000E+00  5.45226224E-03  2.20551389E+00
 -3.39900000E-01  2.07200500E+00 -1.68082934E+00  0.00000000E+00  6.86703860E-01  0.00000000E+00  5.46105654E-03  2.19497381E+00
 -3.39900000E-01  2.07224000E+00 -1.67967473E+00  0.00000000E+00  6.85665814E-01  0.00000000E+00  5.46986968E-03  2.18445898E+00
 -3.39900000E-01  2.07247500E+00 -1.67850629E+00  0.00000000E+00  6.84618772E-01  0.00000000E+00  5.47870170E-03  2.17396940E+00
 -3.39900000E-01  2.07271000E+00 -1.67732402E+00  0.00000000E+00  6.83562768E-01  0.00000000E+00  5.48755263E-03  2.16350506E+00
 -3.39900000E-01  2.07294500E+00 -1.67612793E+00  0.00000000E+00  6.82497831E-01  0.00000000E+00  5.49642249E-03  2.15306597E+00
 -3.39900000E-01  2.07318000E+00 -1.67491801E+00  0.00000000E+00  6.81423993E-01  0.00000000E+00  5.50531131E-03  2.14265212E+00
 -3.39900000E-01  2.07341500E+00 -1.67369426E+00  0.00000000E+00  6.80341284E-01  0.00000000E+00  5.51421912E-03  2.13226352E+00
 -3.39900000E-01  2.07365000E+00 -1.67245668E+00  0.00000000E+00  6.79249733E-01  0.00000000E+00  5.52314594E-03  2.12190016E+00
 -3.39900000E-01  2.07388500E+00 -1.67120528E+00  0.00000000E+00  6.78149370E-01  0.00000000E+00  5.53209181E-03  2.11156205E+00
 -3.39900000E-01  2.07412000E+00 -1.66994005E+00  0.00000000E+00  6.77040223E-01  0.00000000E+00  5.54105674E-03  2.10124919E+00
 -3.39900000E-01  2.07435500E+00 -1.66866099E+00  0.00000000E+00  6.75922321E-01  0.00000000E+00  5.55004076E-03  2.09096157E+00
 -3.39900000E-01  2.07459000E+00 -1.66736810E+00  0.00000000E+00  6.74795693E-01  0.00000000E+00  5.55904390E-03  2.08069920E+00
 -3.39900000E-01  2.07482500E+00 -1.66606139E+00  0.00000000E+00  6.73660366E-01  0.00000000E+00  5.56806618E-03  2.07046207E+00
 -3.39900000E-01  2.07506000E+00 -1.66474084E+00  0.00000000E+00  6.72516367E-01  0.00000000E+00  5.57710763E-03  2.06025019E+00
 -3.39900000E-01  2.07529500E+00 -1.66340647E+00  0.00000000E+00  6.71363726E-01  0.00000000E+00  5.58616827E-03  2.05006356E+00
 -3.39900000E-01  2.07553000E+00 -1.66205828E+00  0.00000000E+00  6.70202468E-01  0.00000000E+00  5.59524812E-03  2.03990217E+00
 -3.39900000E-01  2.07576500E+00 -1.66069625E+00  0.00000000E+00  6.69032620E-01  0.00000000E+00  5.60434721E-03  2.02976602E+00
 -3.39900000E-01  2.07600000E+00 -1.65932040E+00  0.00000000E+00  6.67854211E-01  0.00000000E+00  5.61346556E-03  2.01965512E+00
 -3.39900000E-01  2.07623500E+00 -1.65793072E+00  0.00000000E+00  6.66667267E-01  0.00000000E+00  5.62260318E-03  2.00956947E+00
 -3.39900000E-01  2.07647000E+00 -1.65652721E+00  0.00000000E+00  6.65471815E-01  0.00000000E+00  5.63176012E-03  1.99950906E+00
 -3.39900000E-01  2.07670500E+00 -1.65510987E+00  0.00000000E+00  6.64267882E-01  0.00000000E+00  5.64093637E-03  1.98947390E+00
 -3.39900000E-01  2.07694000E+00 -1.65367871E+00  0.00000000E+00  6.63055494E-01  0.00000000E+00  5.65013197E-03  1.97946399E+00
 -3.39900000E-01  2.07717500E+00 -1.65223372E+00  0.00000000E+00  6.61834679E-01  0.00000000E+00  5.65934694E-03  1.96947932E+00
 -3.39900000E-01  2.07741000E+00 -1.65077490E+00  0.00000000E+00  6.60605464E-01  0.00000000E+00  5.66858130E-03  1.95951989E+00
 -3.39900000E-01  2.07764500E+00 -1.64930225E+00  0.00000000E+00  6.59367876E-01  0.00000000E+00  5.67783506E-03  1.94958571E+00
 -3.39900000E-01  2.07788000E+00 -1.64781578E+00  0.00000000E+00  6.58121942E-01  0.00000000E+00  5.68710824E-03  1.93967678E+00
 -3.39900000E-01  2.07811500E+00 -1.64631547E+00  0.00000000E+00  6.56867690E-01  0.00000000E+00  5.69640086E-03  1.92979309E+00
 -3.39900000E-01  2.07835000E+00 -1.64480134E+00  0.00000000E+00  6.55605147E-01  0.00000000E+00  5.70571295E-03  1.91993465E+00
 -3.39900000E-01  2.07858500E+00 -1.64327339E+00  0.00000000E+00  6.54334340E-01  0.00000000E+00  5.71504452E-03  1.91010146E+00
 -3.39900000E-01  2.07882000E+00 -1.64173160E+00  0.00000000E+00  6.53055299E-01  0.00000000E+00  5.72439558E-03  1.90029351E+00
 -3.39900000E-01  2.07905500E+00 -1.64017599E+00  0.00000000E+00  6.51768051E-01  0.00000000E+00  5.73376615E-03  1.89051080E+00
 -3.39900000E-01  2.07929000E+00 -1.63860655E+00  0.00000000E+00  6.50472624E-01  0.00000000E+00  5.74315624E-03  1.88075334E+00
 -3.39900000E-01  2.07952500E+00 -1.63702328E+00  0.00000000E+00  6.49169048E-01  0.00000000E+00  5.75256588E-03  1.87102113E+00
 -3.39900000E-01  2.07976000E+00 -1.63542618E+00  0.00000000E+00  6.47857352E-01  0.00000000E+00  5.76199508E-03  1.86131416E+00
 -3.39900000E-01  2.07999500E+00 -1.63381526E+00  0.00000000E+00  6.46537566E-01  0.00000000E+00  5.77144384E-03  1.85163244E+00
 -3.39900000E-01  2.08023000E+00 -1.63219051E+00  0.00000000E+00  6.45209719E-01  0.00000000E+00  5.78091219E-03  1.84197596E+00
 -3.39900000E-01  2.08046500E+00 -1.63055193E+00  0.00000000E+00  6.43873841E-01  0.00000000E+00  5.79040014E-03  1.83234473E+00
 -3.39900000E-01  2.08070000E+00 -1.62889952E+00  0.00000000E+00  6.42529964E-01  0.00000000E+00  5.79990769E-03  1.82273875E+00
 -3.39900000E-01  2.08093500E+00 -1.62723329E+00  0.00000000E+00  6.41178118E-01  0.00000000E+00  5.80943487E-03  1.81315801E+00
 -3.39900000E-01  2.08117000E+00 -1.62555323E+00  0.00000000E+00  6.39818335E-01  0.00000000E+00  5.81898167E-03  1.80360252E+00
 -3.39900000E-01  2.08140500E+00 -1.62385934E+00  0.00000000E+00  6.38450647E-01  0.00000000E+00  5.82854811E-03  1.79407227E+00
 -3.39900000E-01  2.08164000E+00 -1.62215162E+00  0.00000000E+00  6.37075087E-01  0.00000000E+00  5.83813421E-03  1.78456727E+00
 -3.39900000E-01  2.08187500E+00 -1.62043008E+00  0.00000000E+00  6.35691689E-01  0.00000000E+00  5.84773996E-03  1.77508751E+00
 -3.39900000E-01  2.08211000E+00 -1.61869470E+00  0.00000000E+00  6.34300484E-01  0.00000000E+00  5.85736537E-03  1.76563300E+00
 -3.39900000E-01  2.08234500E+00 -1.61694550E+00  0.00000000E+00  6.32901509E-01  0.00000000E+00  5.86701046E-03  1.75620374E+00
 -3.39900000E-01  2.08258000E+00 -1.61518247E+00  0.00000000E+00  6.31494797E-01  0.00000000E+00  5.87667523E-03  1.74679972E+00
 -3.39900000E-01  2.08281500E+00 -1.61340562E+00  0.00000000E+00  6.30080384E-01  0.00000000E+00  5.88635969E-03  1.73742094E+00
 -3.39900000E-01  2.08305000E+00 -1.61161494E+00  0.00000000E+00  6.28658307E-01  0.00000000E+00  5.89606383E-03  1.72806741E+00
 -3.39900000E-01  2.08328500E+00 -1.60981042E+00  0.00000000E+00  6.27228601E-01  0.00000000E+00  5.90578767E-03  1.71873913E+00
 -3.39900000E-01  2.08352000E+00 -1.60799209E+00  0.00000000E+00  6.25791304E-01  0.00000000E+00  5.91553120E-03  1.70943610E+00
 -3.39900000E-01  2.08375500E+00 -1.60615992E+00  0.00000000E+00  6.24346454E-01  0.00000000E+00  5.92529444E-03  1.70015831E+00
 -3.39900000E-01  2.08399000E+00 -1.60431393E+00  0.00000000E+00  6.22894089E-01  0.00000000E+00  5.93507737E-03  1.69090576E+00
 -3.39900000E-01  2.08422500E+00 -1.60245410E+00  0.00000000E+00  6.21434250E-01  0.00000000E+00  5.94488001E-03  1.68167846E+00
 -3.39900000E-01  2.08446000E+00 -1.60058046E+00  0.00000000E+00  6.19966975E-01  0.00000000E+00  5.95470235E-03  1.67247641E+00
 -3.39900000E-01  2.08469500E+00 -1.59869298E+00  0.00000000E+00  6.18492306E-01  0.00000000E+00  5.96454438E-03  1.66329960E+00
 -3.39900000E-01  2.08493000E+00 -1.59679167E+00  0.00000000E+00  6.17010284E-01  0.00000000E+00  5.97440611E-03  1.65414804E+00
 -3.39900000E-01  2.08516500E+00 -1.59487654E+00  0.00000000E+00  6.15520952E-01  0.00000000E+00  5.98428754E-03  1.64502172E+00
 -3.39900000E-01  2.08540000E+00 -1.59294758E+00  0.00000000E+00  6.14024352E-01  0.00000000E+00  5.99418866E-03  1.63592065E+00
 -3.39900000E-01  2.08563500E+00 -1.59100479E+00  0.00000000E+00  6.12520529E-01  0.00000000E+00  6.00410946E-03  1.62684482E+00
 -3.39900000E-01  2.08587000E+00 -1.58904818E+00  0.00000000E+00  6.11009526E-01  0.00000000E+00  6.01404995E-03  1.61779425E+00
 -3.39900000E-01  2.08610500E+00 -1.58707774E+00  0.00000000E+00  6.09491389E-01  0.00000000E+00  6.02401010E-03  1.60876891E+00
 -3.39900000E-01  2.08634000E+00 -1.58509346E+00  0.00000000E+00  6.07966165E-01  0.00000000E+00  6.03398992E-03  1.59976882E+00
 -3.39900000E-01  2.08657500E+00 -1.58309537E+00  0.00000000E+00  6.06433900E-01  0.00000000E+00  6.04398940E-03  1.59079398E+00
 -3.39900000E-01  2.08681000E+00 -1.58108344E+00  0.00000000E+00  6.04894643E-01  0.00000000E+00  6.05400851E-03  1.58184438E+00
 -3.39900000E-01  2.08704500E+00 -1.57905769E+00  0.00000000E+00  6.03348441E-01  0.00000000E+00  6.06404727E-03  1.57292003E+00
 -3.39900000E-01  2.08728000E+00 -1.57701811E+00  0.00000000E+00  6.01795344E-01  0.00000000E+00  6.07410564E-03  1.56402093E+00
 -3.39900000E-01  2.08751500E+00 -1.57496470E+00  0.00000000E+00  6.00235404E-01  0.00000000E+00  6.08418362E-03  1.55514707E+00
 -3.39900000E-01  2.08775000E+00 -1.57289746E+00  0.00000000E+00  5.98668670E-01  0.00000000E+00  6.09428119E-03  1.54629845E+00
 -3.39900000E-01  2.08798500E+00 -1.57081640E+00  0.00000000E+00  5.97095195E-01  0.00000000E+00  6.10439834E-03  1.53747509E+00
 -3.39900000E-01  2.08822000E+00 -1.56872150E+00  0.00000000E+00  5.95515032E-01  0.00000000E+00  6.11453505E-03  1.52867696E+00
 -3.39900000E-01  2.08845500E+00 -1.56661278E+00  0.00000000E+00  5.93928235E-01  0.00000000E+00  6.12469130E-03  1.51990409E+00
 -3.39900000E-01  2.08869000E+00 -1.56449024E+00  0.00000000E+00  5.92334859E-01  0.00000000E+00  6.13486707E-03  1.51115645E+00
 -3.39900000E-01  2.08892500E+00 -1.56235386E+00  0.00000000E+00  5.90734960E-01  0.00000000E+00  6.14506234E-03  1.50243407E+00
 -3.39900000E-01  2.08916000E+00 -1.56020366E+00  0.00000000E+00  5.89128594E-01  0.00000000E+00  6.15527709E-03  1.49373693E+00
 -3.39900000E-01  2.08939500E+00 -1.55803963E+00  0.00000000E+00  5.87515818E-01  0.00000000E+00  6.16551129E-03  1.48506503E+00
 -3.39900000E-01  2.08963000E+00 -1.55586177E+00  0.00000000E+00  5.85896691E-01  0.00000000E+00  6.17576492E-03  1.47641839E+00
 -3.39900000E-01  2.08986500E+00 -1.55367008E+00  0.00000000E+00  5.84271273E-01  0.00000000E+00  6.18603796E-03  1.46779698E+00
 -3.39900000E-01  2.09010000E+00 -1.55146457E+00  0.00000000E+00  5.82639625E-01  0.00000000E+00  6.19633036E-03  1.45920083E+00
 -3.39900000E-01  2.09033500E+00 -1.54924523E+00  0.00000000E+00  5.81001806E-01  0.00000000E+00  6.20664212E-03  1.45062992E+00
 -3.39900000E-01  2.09057000E+00 -1.54701206E+00  0.00000000E+00  5.79357880E-01  0.00000000E+00  6.21697319E-03  1.44208425E+00
 -3.39900000E-01  2.09080500E+00 -1.54476507E+00  0.00000000E+00  5.77707910E-01  0.00000000E+00  6.22732354E-03  1.43356383E+00
 -3.39900000E-01  2.09104000E+00 -1.54250424E+00  0.00000000E+00  5.76051959E-01  0.00000000E+00  6.23769314E-03  1.42506865E+00
 -3.39900000E-01  2.09127500E+00 -1.54022959E+00  0.00000000E+00  5.74390094E-01  0.00000000E+00  6.24808195E-03  1.41659873E+00
 -3.39900000E-01  2.09151000E+00 -1.53794111E+00  0.00000000E+00  5.72722381E-01  0.00000000E+00  6.25848994E-03  1.40815404E+00
 -3.39900000E-01  2.09174500E+00 -1.53563880E+00  0.00000000E+00  5.71048885E-01  0.00000000E+00  6.26891707E-03  1.39973461E+00
 -3.39900000E-01  2.09198000E+00 -1.53332267E+00  0.00000000E+00  5.69369676E-01  0.00000000E+00  6.27936330E-03  1.39134041E+00
 -3.39900000E-01  2.09221500E+00 -1.53099271E+00  0.00000000E+00  5.67684823E-01  0.00000000E+00  6.28982858E-03  1.38297147E+00
 -3.39900000E-01  2.09245000E+00 -1.52864892E+00  0.00000000E+00  5.65994395E-01  0.00000000E+00  6.30031287E-03  1.37462777E+00
 -3.39900000E-01  2.09268500E+00 -1.52629130E+00  0.00000000E+00  5.64298464E-01  0.00000000E+00  6.31081613E-03  1.36630931E+00
 -3.39900000E-01  2.09292000E+00 -1.52391985E+00  0.00000000E+00  5.62597102E-01  0.00000000E+00  6.32133831E-03  1.35801610E+00
 -3.39900000E-01  2.09315500E+00 -1.52153458E+00  0.00000000E+00  5.60890381E-01  0.00000000E+00  6.33187936E-03  1.34974814E+00
 -3.39900000E-01  2.09339000E+00 -1.51913548E+00  0.00000000E+00  5.59178376E-01  0.00000000E+00  6.34243923E-03  1.34150542E+00
 -3.39900000E-01  2.09362500E+00 -1.51672255E+00  0.00000000E+00  5.57461161E-01  0.00000000E+00  6.35301786E-03  1.33328795E+00
 -3.39900000E-01  2.09386000E+00 -1.51429579E+00  0.00000000E+00  5.55738813E-01  0.00000000E+00  6.36361521E-03  1.32509573E+00
 -3.39900000E-01  2.09409500E+00 -1.51185521E+00  0.00000000E+00  5.54011409E-01  0.00000000E+00  6.37423121E-03  1.31692875E+00
 -3.39900000E-01  2.09433000E+00 -1.50940080E+00  0.00000000E+00  5.52279026E-01  0.00000000E+00  6.38486581E-03  1.30878701E+00
 -3.39900000E-01  2.09456500E+00 -1.50693256E+00  0.00000000E+00  5.50541744E-01  0.00000000E+00  6.39551895E-03  1.30067052E+00
 -3.39900000E-01  2.09480000E+00 -1.50445049E+00  0.00000000E+00  5.48799642E-01  0.00000000E+00  6.40619056E-03  1.29257928E+00
 -3.39900000E-01  2.09503500E+00 -1.50195460E+00  0.00000000E+00  5.47052802E-01  0.00000000E+00  6.41688058E-03  1.28451328E+00
 -3.39900000E-01  2.09527000E+00 -1.49944488E+00  0.00000000E+00  5.45301305E-01  0.00000000E+00  6.42758894E-03  1.27647253E+00
 -3.39900000E-01  2.09550500E+00 -1.49692133E+00  0.00000000E+00  5.43545234E-01  0.00000000E+00  6.43831557E-03  1.26845702E+00
 -3.39900000E-01  2.09574000E+00 -1.49438395E+00  0.00000000E+00  5.41784674E-01  0.00000000E+00  6.44906040E-03  1.26046676E+00
 -3.39900000E-01  2.09597500E+00 -1.49183274E+00  0.00000000E+00  5.40019709E-01  0.00000000E+00  6.45982336E-03  1.25250175E+00
 -3.39900000E-01  2.09621000E+00 -1.48926771E+00  0.00000000E+00  5.38250425E-01  0.00000000E+00  6.47060437E-03  1.24456198E+00
 -3.39900000E-01  2.09644500E+00 -1.48668885E+00  0.00000000E+00  5.36476909E-01  0.00000000E+00  6.48140335E-03  1.23664745E+00
 -3.39900000E-01  2.09668000E+00 -1.48409616E+00  0.00000000E+00  5.34699249E-01  0.00000000E+00  6.49222022E-03  1.22875818E+00
 -3.39900000E-01  2.09691500E+00 -1.48148965E+00  0.00000000E+00  5.32917534E-01  0.00000000E+00  6.50305490E-03  1.22089414E+00
 -3.39900000E-01  2.09715000E+00 -1.47886930E+00  0.00000000E+00  5.31131853E-01  0.00000000E+00  6.51390731E-03  1.21305536E+00
 -3.39900000E-01  2.09738500E+00 -1.47623513E+00  0.00000000E+00  5.29342298E-01  0.00000000E+00  6.52477734E-03  1.20524182E+00
 -3.39900000E-01  2.09762000E+00 -1.47358713E+00  0.00000000E+00  5.27548961E-01  0.00000000E+00  6.53566492E-03  1.19745352E+00
 -3.39900000E-01  2.09785500E+00 -1.47092531E+00  0.00000000E+00  5.25751933E-01  0.00000000E+00  6.54656994E-03  1.18969047E+00
 -3.39900000E-01  2.09809000E+00 -1.46824965E+00  0.00000000E+00  5.23951310E-01  0.00000000E+00  6.55749232E-03  1.18195267E+00
 -3.39900000E-01  2.09832500E+00 -1.46556017E+00  0.00000000E+00  5.22147186E-01  0.00000000E+00  6.56843195E-03  1.17424011E+00
 -3.39900000E-01  2.09856000E+00 -1.46285686E+00  0.00000000E+00  5.20339656E-01  0.00000000E+00  6.57938873E-03  1.16655280E+00
 -3.39900000E-01  2.09879500E+00 -1.46013972E+00  0.00000000E+00  5.18528817E-01  0.00000000E+00  6.59036255E-03  1.15889073E+00
 -3.39900000E-01  2.09903000E+00 -1.45740876E+00  0.00000000E+00  5.16714767E-01  0.00000000E+00  6.60135332E-03  1.15125391E+00
 -3.39900000E-01  2.09926500E+00 -1.45466397E+00  0.00000000E+00  5.14897604E-01  0.00000000E+00  6.61236091E-03  1.14364234E+00
 -3.39900000E-01  2.09950000E+00 -1.45190535E+00  0.00000000E+00  5.13077428E-01  0.00000000E+00  6.62338521E-03  1.13605601E+00
 -3.39900000E-01  2.09973500E+00 -1.44913290E+00  0.00000000E+00  5.11254340E-01  0.00000000E+00  6.63442610E-03  1.12849492E+00
 -3.39900000E-01  2.09997000E+00 -1.44634662E+00  0.00000000E+00  5.09428440E-01  0.00000000E+00  6.64548347E-03  1.12095908E+00
 -3.39900000E-01  2.10020500E+00 -1.44354652E+00  0.00000000E+00  5.07599831E-01  0.00000000E+00  6.65655720E-03  1.11344849E+00
 -3.39900000E-01  2.10044000E+00 -1.44073259E+00  0.00000000E+00  5.05768617E-01  0.00000000E+00  6.66764714E-03  1.10596315E+00
 -3.39900000E-01  2.10067500E+00 -1.43790483E+00  0.00000000E+00  5.03934902E-01  0.00000000E+00  6.67875319E-03  1.09850304E+00
 -3.39900000E-01  2.10091000E+00 -1.43506325E+00  0.00000000E+00  5.02098790E-01  0.00000000E+00  6.68987519E-03  1.09106819E+00
 -3.39900000E-01  2.10114500E+00 -1.43220783E+00  0.00000000E+00  5.00260388E-01  0.00000000E+00  6.70101301E-03  1.08365858E+00
 -3.39900000E-01  2.10138000E+00 -1.42933859E+00  0.00000000E+00  4.98419802E-01  0.00000000E+00  6.71216652E-03  1.07627422E+00
 -3.39900000E-01  2.10161500E+00 -1.42645552E+00  0.00000000E+00  4.96577141E-01  0.00000000E+00  6.72333557E-03  1.06891510E+00
 -3.39900000E-01  2.10185000E+00 -1.42355862E+00  0.00000000E+00  4.94732514E-01  0.00000000E+00  6.73452001E-03  1.06158122E+00
 -3.39900000E-01  2.10208500E+00 -1.42064790E+00  0.00000000E+00  4.92886029E-01  0.00000000E+00  6.74571968E-03  1.05427260E+00
 -3.39900000E-01  2.10232000E+00 -1.41772335E+00  0.00000000E+00  4.91037798E-01  0.00000000E+00  6.75693444E-03  1.04698922E+00
 -3.39900000E-01  2.10255500E+00 -1.41478497E+00  0.00000000E+00  4.89187931E-01  0.00000000E+00  6.76816413E-03  1.03973108E+00
 -3.39900000E-01  2.10279000E+00 -1.41183276E+00  0.00000000E+00  4.87336541E-01  0.00000000E+00  6.77940857E-03  1.03249819E+00
 -3.39900000E-01  2.10302500E+00 -1.40886672E+00  0.00000000E+00  4.85483742E-01  0.00000000E+00  6.79066761E-03  1.02529055E+00
 -3.39900000E-01  2.10326000E+00 -1.40588686E+00  0.00000000E+00  4.83629647E-01  0.00000000E+00  6.80194106E-03  1.01810815E+00
 -3.39900000E-01  2.10349500E+00 -1.40289317E+00  0.00000000E+00  4.81774370E-01  0.00000000E+00  6.81322876E-03  1.01095099E+00
 -3.39900000E-01  2.10373000E+00 -1.39988565E+00  0.00000000E+00  4.79918028E-01  0.00000000E+00  6.82453053E-03  1.00381909E+00
 -3.39900000E-01  2.10396500E+00 -1.39686431E+00  0.00000000E+00  4.78060737E-01  0.00000000E+00  6.83584618E-03  9.96712426E-01
 -3.39900000E-01  2.10420000E+00 -1.39382913E+00  0.00000000E+00  4.76202614E-01  0.00000000E+00  6.84717551E-03  9.89631010E-01
 -3.39900000E-01  2.10443500E+00 -1.39078013E+00  0.00000000E+00  4.74343777E-01  0.00000000E+00  6.85851834E-03  9.82574840E-01
 -3.39900000E-01  2.10467000E+00 -1.38771730E+00  0.00000000E+00  4.72484346E-01  0.00000000E+00  6.86987447E-03  9.75543916E-01
 -3.39900000E-01  2.10490500E+00 -1.38464065E+00  0.00000000E+00  4.70624439E-01  0.00000000E+00  6.88124369E-03  9.68538237E-01
 -3.39900000E-01  2.10514000E+00 -1.38155016E+00  0.00000000E+00  4.68764178E-01  0.00000000E+00  6.89262580E-03  9.61557804E-01
 -3.39900000E-01  2.10537500E+00 -1.37844585E+00  0.00000000E+00  4.66903684E-01  0.00000000E+00  6.90402059E-03  9.54602617E-01
 -3.39900000E-01  2.10561000E+00 -1.37532771E+00  0.00000000E+00  4.65043078E-01  0.00000000E+00  6.91542783E-03  9.47672675E-01
 -3.39900000E-01  2.10584500E+00 -1.37219574E+00  0.00000000E+00  4.63182483E-01  0.00000000E+00  6.92684729E-03  9.40767979E-01
 -3.39900000E-01  2.10608000E+00 -1.36904995E+00  0.00000000E+00  4.61322023E-01  0.00000000E+00  6.93827877E-03  9.33888529E-01
 -3.39900000E-01  2.10631500E+00 -1.36589033E+00  0.00000000E+00  4.59461822E-01  0.00000000E+00  6.94972201E-03  9.27034324E-01
 -3.39900000E-01  2.10655000E+00 -1.36271688E+00  0.00000000E+00  4.57602005E-01  0.00000000E+00  6.96117678E-03  9.20205366E-01
 -3.39900000E-01  2.10678500E+00 -1.35952960E+00  0.00000000E+00  4.55742698E-01  0.00000000E+00  6.97264283E-03  9.13401652E-01
 -3.39900000E-01  2.10702000E+00 -1.35632849E+00  0.00000000E+00  4.53884027E-01  0.00000000E+00  6.98411992E-03  9.06623185E-01
 -3.39900000E-01  2.10725500E+00 -1.35311356E+00  0.00000000E+00  4.52026119E-01  0.00000000E+00  6.99560779E-03  8.99869963E-01
 -3.39900000E-01  2.10749000E+00 -1.34988480E+00  0.00000000E+00  4.50169102E-01  0.00000000E+00  7.00710617E-03  8.93141987E-01
 -3.39900000E-01  2.10772500E+00 -1.34664221E+00  0.00000000E+00  4.48313105E-01  0.00000000E+00  7.01861480E-03  8.86439256E-01
 -3.39900000E-01  2.10796000E+00 -1.34338579E+00  0.00000000E+00  4.46458255E-01  0.00000000E+00  7.03013340E-03  8.79761772E-01
 -3.39900000E-01  2.10819500E+00 -1.34011555E+00  0.00000000E+00  4.44604684E-01  0.00000000E+00  7.04166169E-03  8.73109533E-01
 -3.39900000E-01  2.10843000E+00 -1.33683148E+00  0.00000000E+00  4.42752521E-01  0.00000000E+00  7.05319938E-03  8.66482539E-01
 -3.39900000E-01  2.10866500E+00 -1.33353358E+00  0.00000000E+00  4.40901897E-01  0.00000000E+00  7.06474618E-03  8.59880792E-01
 -3.39900000E-01  2.10890000E+00 -1.33022185E+00  0.00000000E+00  4.39052945E-01  0.00000000E+00  7.07630180E-03  8.53304290E-01
 -3.39900000E-01  2.10913500E+00 -1.32689630E+00  0.00000000E+00  4.37205795E-01  0.00000000E+00  7.08786591E-03  8.46753033E-01
 -3.39900000E-01  2.10937000E+00 -1.32355691E+00  0.00000000E+00  4.35360582E-01  0.00000000E+00  7.09943821E-03  8.40227023E-01
 -3.39900000E-01  2.10960500E+00 -1.32020370E+00  0.00000000E+00  4.33517438E-01  0.00000000E+00  7.11101837E-03  8.33726258E-01
 -3.39900000E-01  2.10984000E+00 -1.31683667E+00  0.00000000E+00  4.31676497E-01  0.00000000E+00  7.12260608E-03  8.27250738E-01
 -3.39900000E-01  2.11007500E+00 -1.31345580E+00  0.00000000E+00  4.29837894E-01  0.00000000E+00  7.13420098E-03  8.20800465E-01
 -3.39900000E-01  2.11031000E+00 -1.31006111E+00  0.00000000E+00  4.28001763E-01  0.00000000E+00  7.14580274E-03  8.14375437E-01
 -3.39900000E-01  2.11054500E+00 -1.30665259E+00  0.00000000E+00  4.26168241E-01  0.00000000E+00  7.15741101E-03  8.07975655E-01
 -3.39900000E-01  2.11078000E+00 -1.30323024E+00  0.00000000E+00  4.24337463E-01  0.00000000E+00  7.16902542E-03  8.01601118E-01
 -3.39900000E-01  2.11101500E+00 -1.29979406E+00  0.00000000E+00  4.22509565E-01  0.00000000E+00  7.18064562E-03  7.95251828E-01
 -3.39900000E-01  2.11125000E+00 -1.29634406E+00  0.00000000E+00  4.20684685E-01  0.00000000E+00  7.19227121E-03  7.88927783E-01
 -3.39900000E-01  2.11148500E+00 -1.29288023E+00  0.00000000E+00  4.18862960E-01  0.00000000E+00  7.20390183E-03  7.82628983E-01
 -3.39900000E-01  2.11172000E+00 -1.28940257E+00  0.00000000E+00  4.17044527E-01  0.00000000E+00  7.21553708E-03  7.76355429E-01
 -3.39900000E-01  2.11195500E+00 -1.28591108E+00  0.00000000E+00  4.15229526E-01  0.00000000E+00  7.22717656E-03  7.70107121E-01
 -3.39900000E-01  2.11219000E+00 -1.28240577E+00  0.00000000E+00  4.13418095E-01  0.00000000E+00  7.23881985E-03  7.63884059E-01
 -3.39900000E-01  2.11242500E+00 -1.27888663E+00  0.00000000E+00  4.11610373E-01  0.00000000E+00  7.25046655E-03  7.57686242E-01
 -3.39900000E-01  2.11266000E+00 -1.27535366E+00  0.00000000E+00  4.09806499E-01  0.00000000E+00  7.26211621E-03  7.51513671E-01
 -3.39900000E-01  2.11289500E+00 -1.27180686E+00  0.00000000E+00  4.08006613E-01  0.00000000E+00  7.27376842E-03  7.45366346E-01
 -3.39900000E-01  2.11313000E+00 -1.26824623E+00  0.00000000E+00  4.06210855E-01  0.00000000E+00  7.28542270E-03  7.39244266E-01
 -3.39900000E-01  2.11336500E+00 -1.26467178E+00  0.00000000E+00  4.04419367E-01  0.00000000E+00  7.29707862E-03  7.33147433E-01
 -3.39900000E-01  2.11360000E+00 -1.26108350E+00  0.00000000E+00  4.02632288E-01  0.00000000E+00  7.30873570E-03  7.27075844E-01
 -3.39900000E-01  2.11383500E+00 -1.25748139E+00  0.00000000E+00  4.00849760E-01  0.00000000E+00  7.32039347E-03  7.21029502E-01
 -3.39900000E-01  2.11407000E+00 -1.25386546E+00  0.00000000E+00  3.99071925E-01  0.00000000E+00  7.33205144E-03  7.15008405E-01
 -3.39900000E-01  2.11430500E+00 -1.25023569E+00  0.00000000E+00  3.97298923E-01  0.00000000E+00  7.34370911E-03  7.09012554E-01
 -3.39900000E-01  2.11454000E+00 -1.24659210E+00  0.00000000E+00  3.95530897E-01  0.00000000E+00  7.35536597E-03  7.03041948E-01
 -3.39900000E-01  2.11477500E+00 -1.24293468E+00  0.00000000E+00  3.93767990E-01  0.00000000E+00  7.36702151E-03  6.97096589E-01
 -3.39900000E-01  2.11501000E+00 -1.23926344E+00  0.00000000E+00  3.92010342E-01  0.00000000E+00  7.37867518E-03  6.91176475E-01
 -3.39900000E-01  2.11524500E+00 -1.23557836E+00  0.00000000E+00  3.90258098E-01  0.00000000E+00  7.39032645E-03  6.85281606E-01
 -3.39900000E-01  2.11548000E+00 -1.23187946E+00  0.00000000E+00  3.88511399E-01  0.00000000E+00  7.40197476E-03  6.79411983E-01
 -3.39900000E-01  2.11571500E+00 -1.22816673E+00  0.00000000E+00  3.86770389E-01  0.00000000E+00  7.41361955E-03  6.73567606E-01
 -3.39900000E-01  2.11595000E+00 -1.22444018E+00  0.00000000E+00  3.85035210E-01  0.00000000E+00  7.42526023E-03  6.67748475E-01
 -3.39900000E-01  2.11618500E+00 -1.22069979E+00  0.00000000E+00  3.83306006E-01  0.00000000E+00  7.43689621E-03  6.61954589E-01
 -3.39900000E-01  2.11642000E+00 -1.21694558E+00  0.00000000E+00  3.81582919E-01  0.00000000E+00  7.44852690E-03  6.56185950E-01
 -3.39900000E-01  2.11665500E+00 -1.21317754E+00  0.00000000E+00  3.79866094E-01  0.00000000E+00  7.46015166E-03  6.50442555E-01
 -3.39900000E-01  2.11689000E+00 -1.20939567E+00  0.00000000E+00  3.78155672E-01  0.00000000E+00  7.47176987E-03  6.44724407E-01
 -3.39900000E-01  2.11712500E+00 -1.20559998E+00  0.00000000E+00  3.76451799E-01  0.00000000E+00  7.48338089E-03  6.39031504E-01
 -3.39900000E-01  2.11736000E+00 -1.20179045E+00  0.00000000E+00  3.74754616E-01  0.00000000E+00  7.49498405E-03  6.33363847E-01
 -3.39900000E-01  2.11759500E+00 -1.19796710E+00  0.00000000E+00  3.73064267E-01  0.00000000E+00  7.50657868E-03  6.27721435E-01
 -3.39900000E-01  2.11783000E+00 -1.19412992E+00  0.00000000E+00  3.71380896E-01  0.00000000E+00  7.51816409E-03  6.22104269E-01
 -3.39900000E-01  2.11806500E+00 -1.19027892E+00  0.00000000E+00  3.69704646E-01  0.00000000E+00  7.52973958E-03  6.16512349E-01
 -3.39900000E-01  2.11830000E+00 -1.18641408E+00  0.00000000E+00  3.68035659E-01  0.00000000E+00  7.54130443E-03  6.10945675E-01
 -3.39900000E-01  2.11853500E+00 -1.18253542E+00  0.00000000E+00  3.66374080E-01  0.00000000E+00  7.55285791E-03  6.05404246E-01
 -3.39900000E-01  2.11877000E+00 -1.17864293E+00  0.00000000E+00  3.64720050E-01  0.00000000E+00  7.56439926E-03  5.99888063E-01
 -3.39900000E-01  2.11900500E+00 -1.17473662E+00  0.00000000E+00  3.63073712E-01  0.00000000E+00  7.57592772E-03  5.94397126E-01
 -3.39900000E-01  2.11924000E+00 -1.17081647E+00  0.00000000E+00  3.61435209E-01  0.00000000E+00  7.58744250E-03  5.88931434E-01
 -3.39900000E-01  2.11947500E+00 -1.16688250E+00  0.00000000E+00  3.59804684E-01  0.00000000E+00  7.59894281E-03  5.83490988E-01
 -3.39900000E-01  2.11971000E+00 -1.16293470E+00  0.00000000E+00  3.58182278E-01  0.00000000E+00  7.61042783E-03  5.78075788E-01
 -3.39900000E-01  2.11994500E+00 -1.15897307E+00  0.00000000E+00  3.56568134E-01  0.00000000E+00  7.62189672E-03  5.72685833E-01
 -3.39900000E-01  2.12018000E+00 -1.15499762E+00  0.00000000E+00  3.54962392E-01  0.00000000E+00  7.63334863E-03  5.67321124E-01
 -3.39900000E-01  2.12041500E+00 -1.15100833E+00  0.00000000E+00  3.53365195E-01  0.00000000E+00  7.64478269E-03  5.61981661E-01
 -3.39900000E-01  2.12065000E+00 -1.14700522E+00  0.00000000E+00  3.51776682E-01  0.00000000E+00  7.65619800E-03  5.56667443E-01
 -3.39900000E-01  2.12088500E+00 -1.14298829E+00  0.00000000E+00  3.50196996E-01  0.00000000E+00  7.66759365E-03  5.51378471E-01
 -3.39900000E-01  2.12112000E+00 -1.13895752E+00  0.00000000E+00  3.48626275E-01  0.00000000E+00  7.67896872E-03  5.46114745E-01
 -3.39900000E-01  2.12135500E+00 -1.13491293E+00  0.00000000E+00  3.47064660E-01  0.00000000E+00  7.69032225E-03  5.40876265E-01
 -3.39900000E-01  2.12159000E+00 -1.13085451E+00  0.00000000E+00  3.45512290E-01  0.00000000E+00  7.70165328E-03  5.35663030E-01
 -3.39900000E-01  2.12182500E+00 -1.12678226E+00  0.00000000E+00  3.43969304E-01  0.00000000E+00  7.71296080E-03  5.30475041E-01
 -3.39900000E-01  2.12206000E+00 -1.12269618E+00  0.00000000E+00  3.42435841E-01  0.00000000E+00  7.72424380E-03  5.25312298E-01
 -3.39900000E-01  2.12229500E+00 -1.11859628E+00  0.00000000E+00  3.40912038E-01  0.00000000E+00  7.73550125E-03  5.20174800E-01
 -3.39900000E-01  2.12253000E+00 -1.11448254E+00  0.00000000E+00  3.39398033E-01  0.00000000E+00  7.74673208E-03  5.15062548E-01
 -3.39900000E-01  2.12276500E+00 -1.11035499E+00  0.00000000E+00  3.37893962E-01  0.00000000E+00  7.75793522E-03  5.09975541E-01
 -3.39900000E-01  2.12300000E+00 -1.10621360E+00  0.00000000E+00  3.36399962E-01  0.00000000E+00  7.76910955E-03  5.04913781E-01
 -3.39900000E-01  2.12323500E+00 -1.10205838E+00  0.00000000E+00  3.34916168E-01  0.00000000E+00  7.78025395E-03  4.99877266E-01
 -3.39900000E-01  2.12347000E+00 -1.09788934E+00  0.00000000E+00  3.33442714E-01  0.00000000E+00  7.79136726E-03  4.94865997E-01
 -3.39900000E-01  2.12370500E+00 -1.09370647E+00  0.00000000E+00  3.31979736E-01  0.00000000E+00  7.80244830E-03  4.89879973E-01
 -3.39900000E-01  2.12394000E+00 -1.08950977E+00  0.00000000E+00  3.30527366E-01  0.00000000E+00  7.81349586E-03  4.84919195E-01
 -3.39900000E-01  2.12417500E+00 -1.08529925E+00  0.00000000E+00  3.29085738E-01  0.00000000E+00  7.82450870E-03  4.79983663E-01
 -3.39900000E-01  2.12441000E+00 -1.08107489E+00  0.00000000E+00  3.27654982E-01  0.00000000E+00  7.83548557E-03  4.75073376E-01
 -3.39900000E-01  2.12464500E+00 -1.07683671E+00  0.00000000E+00  3.26235230E-01  0.00000000E+00  7.84642517E-03  4.70188336E-01
 -3.39900000E-01  2.12488000E+00 -1.07258470E+00  0.00000000E+00  3.24826612E-01  0.00000000E+00  7.85732619E-03  4.65328540E-01
 -3.39900000E-01  2.12511500E+00 -1.06831887E+00  0.00000000E+00  3.23429257E-01  0.00000000E+00  7.86818727E-03  4.60493991E-01
 -3.39900000E-01  2.12535000E+00 -1.06403920E+00  0.00000000E+00  3.22043293E-01  0.00000000E+00  7.87900705E-03  4.55684687E-01
 -3.39900000E-01  2.12558500E+00 -1.05974571E+00  0.00000000E+00  3.20668849E-01  0.00000000E+00  7.88978412E-03  4.50900629E-01
 -3.39900000E-01  2.12582000E+00 -1.05543839E+00  0.00000000E+00  3.19306049E-01  0.00000000E+00  7.90051703E-03  4.46141817E-01
 -3.39900000E-01  2.12605500E+00 -1.05111725E+00  0.00000000E+00  3.17955021E-01  0.00000000E+00  7.91120431E-03  4.41408250E-01
 -3.39900000E-01  2.12629000E+00 -1.04678227E+00  0.00000000E+00  3.16615886E-01  0.00000000E+00  7.92184446E-03  4.36699929E-01
 -3.39900000E-01  2.12652500E+00 -1.04243347E+00  0.00000000E+00  3.15288770E-01  0.00000000E+00  7.93243594E-03  4.32016854E-01
 -3.39900000E-01  2.12676000E+00 -1.03807084E+00  0.00000000E+00  3.13973794E-01  0.00000000E+00  7.94297719E-03  4.27359024E-01
 -3.39900000E-01  2.12699500E+00 -1.03369438E+00  0.00000000E+00  3.12671078E-01  0.00000000E+00  7.95346658E-03  4.22726440E-01
 -3.39900000E-01  2.12723000E+00 -1.02930410E+00  0.00000000E+00  3.11380742E-01  0.00000000E+00  7.96390248E-03  4.18119102E-01
 -3.39900000E-01  2.12746500E+00 -1.02489998E+00  0.00000000E+00  3.10102905E-01  0.00000000E+00  7.97428320E-03  4.13537009E-01
 -3.39900000E-01  2.12770000E+00 -1.02048204E+00  0.00000000E+00  3.08837684E-01  0.00000000E+00  7.98460703E-03  4.08980162E-01
 -3.39900000E-01  2.12793500E+00 -1.01605028E+00  0.00000000E+00  3.07585194E-01  0.00000000E+00  7.99487221E-03  4.04448561E-01
 -3.39900000E-01  2.12817000E+00 -1.01160468E+00  0.00000000E+00  3.06345549E-01  0.00000000E+00  8.00507694E-03  3.99942206E-01
 -3.39900000E-01  2.12840500E+00 -1.00714526E+00  0.00000000E+00  3.05118863E-01  0.00000000E+00  8.01521939E-03  3.95461096E-01
 -3.39900000E-01  2.12864000E+00 -1.00267201E+00  0.00000000E+00  3.03905247E-01  0.00000000E+00  8.02529766E-03  3.91005232E-01
 -3.39900000E-01  2.12887500E+00 -9.98184926E-01  0.00000000E+00  3.02704811E-01  0.00000000E+00  8.03530985E-03  3.86574613E-01
 -3.39900000E-01  2.12911000E+00 -9.93684020E-01  0.00000000E+00  3.01517664E-01  0.00000000E+00  8.04525398E-03  3.82169241E-01
 -3.39900000E-01  2.12934500E+00 -9.89169286E-01  0.00000000E+00  3.00343911E-01  0.00000000E+00  8.05512804E-03  3.77789114E-01
 -3.39900000E-01  2.12958000E+00 -9.84640724E-01  0.00000000E+00  2.99183659E-01  0.00000000E+00  8.06492997E-03  3.73434232E-01
 -3.39900000E-01  2.12981500E+00 -9.80098334E-01  0.00000000E+00  2.98037011E-01  0.00000000E+00  8.07465768E-03  3.69104597E-01
 -3.39900000E-01  2.13005000E+00 -9.75542117E-01  0.00000000E+00  2.96904069E-01  0.00000000E+00  8.08430899E-03  3.64800207E-01
 -3.39900000E-01  2.13028500E+00 -9.70972072E-01  0.00000000E+00  2.95784933E-01  0.00000000E+00  8.09388171E-03  3.60521062E-01
 -3.39900000E-01  2.13052000E+00 -9.66388199E-01  0.00000000E+00  2.94679701E-01  0.00000000E+00  8.10337359E-03  3.56267164E-01
 -3.39900000E-01  2.13075500E+00 -9.61790499E-01  0.00000000E+00  2.93588471E-01  0.00000000E+00  8.11278232E-03  3.52038511E-01
 -3.39900000E-01  2.13099000E+00 -9.57178971E-01  0.00000000E+00  2.92511335E-01  0.00000000E+00  8.12210554E-03  3.47835104E-01
 -3.39900000E-01  2.13122500E+00 -9.52553615E-01  0.00000000E+00  2.91448388E-01  0.00000000E+00  8.13134083E-03  3.43656942E-01
 -3.39900000E-01  2.13146000E+00 -9.47914432E-01  0.00000000E+00  2.90399719E-01  0.00000000E+00  8.14048572E-03  3.39504026E-01
 -3.39900000E-01  2.13169500E+00 -9.43261421E-01  0.00000000E+00  2.89365418E-01  0.00000000E+00  8.14953769E-03  3.35376356E-01
 -3.39900000E-01  2.13193000E+00 -9.38594583E-01  0.00000000E+00  2.88345571E-01  0.00000000E+00  8.15849414E-03  3.31273932E-01
 -3.39900000E-01  2.13216500E+00 -9.33913916E-01  0.00000000E+00  2.87340262E-01  0.00000000E+00  8.16735242E-03  3.27196753E-01
 -3.39900000E-01  2.13240000E+00 -9.29219422E-01  0.00000000E+00  2.86349575E-01  0.00000000E+00  8.17610983E-03  3.23144820E-01
 -3.39900000E-01  2.13263500E+00 -9.24511101E-01  0.00000000E+00  2.85373588E-01  0.00000000E+00  8.18476359E-03  3.19118132E-01
 -3.39900000E-01  2.13287000E+00 -9.19788951E-01  0.00000000E+00  2.84412396E-01  0.00000000E+00  8.19331085E-03  3.15116691E-01
 -3.39900000E-01  2.13310500E+00 -9.15052974E-01  0.00000000E+00  2.83466046E-01  0.00000000E+00  8.20174871E-03  3.11140495E-01
 -3.39900000E-01  2.13334000E+00 -9.10303170E-01  0.00000000E+00  2.82534617E-01  0.00000000E+00  8.21007420E-03  3.07189544E-01
 -3.39900000E-01  2.13357500E+00 -9.05539538E-01  0.00000000E+00  2.81618184E-01  0.00000000E+00  8.21828426E-03  3.03263840E-01
 -3.39900000E-01  2.13381000E+00 -9.00762078E-01  0.00000000E+00  2.80716819E-01  0.00000000E+00  8.22637577E-03  2.99363381E-01
 -3.39900000E-01  2.13404500E+00 -8.95970790E-01  0.00000000E+00  2.79830588E-01  0.00000000E+00  8.23434552E-03  2.95488167E-01
 -3.39900000E-01  2.13428000E+00 -8.91165675E-01  0.00000000E+00  2.78959558E-01  0.00000000E+00  8.24219025E-03  2.91638200E-01
 -3.39900000E-01  2.13451500E+00 -8.86346732E-01  0.00000000E+00  2.78103788E-01  0.00000000E+00  8.24990661E-03  2.87813478E-01
 -3.39900000E-01  2.13475000E+00 -8.81513961E-01  0.00000000E+00  2.77263336E-01  0.00000000E+00  8.25749116E-03  2.84014002E-01
 -3.39900000E-01  2.13498500E+00 -8.76667363E-01  0.00000000E+00  2.76438256E-01  0.00000000E+00  8.26494038E-03  2.80239771E-01
 -3.39900000E-01  2.13522000E+00 -8.71806937E-01  0.00000000E+00  2.75628600E-01  0.00000000E+00  8.27225067E-03  2.76490786E-01
 -3.39900000E-01  2.13545500E+00 -8.66932683E-01  0.00000000E+00  2.74834417E-01  0.00000000E+00  8.27941834E-03  2.72767047E-01
 -3.39900000E-01  2.13569000E+00 -8.62044602E-01  0.00000000E+00  2.74055752E-01  0.00000000E+00  8.28643961E-03  2.69068554E-01
 -3.39900000E-01  2.13592500E+00 -8.57142693E-01  0.00000000E+00  2.73292647E-01  0.00000000E+00  8.29331061E-03  2.65395306E-01
 -3.39900000E-01  2.13616000E+00 -8.52226956E-01  0.00000000E+00  2.72545143E-01  0.00000000E+00  8.30002736E-03  2.61747304E-01
 -3.39900000E-01  2.13639500E+00 -8.47297392E-01  0.00000000E+00  2.71813278E-01  0.00000000E+00  8.30658581E-03  2.58124548E-01
 -3.39900000E-01  2.13663000E+00 -8.42354000E-01  0.00000000E+00  2.71097085E-01  0.00000000E+00  8.31298178E-03  2.54527037E-01
 -3.39900000E-01  2.13686500E+00 -8.37396780E-01  0.00000000E+00  2.70396596E-01  0.00000000E+00  8.31921100E-03  2.50954772E-01
 -3.39900000E-01  2.13710000E+00 -8.32425733E-01  0.00000000E+00  2.69711839E-01  0.00000000E+00  8.32526909E-03  2.47407753E-01
 -3.39900000E-01  2.13733500E+00 -8.27440858E-01  0.00000000E+00  2.69042840E-01  0.00000000E+00  8.33115156E-03  2.43885979E-01
 -3.39900000E-01  2.13757000E+00 -8.22442155E-01  0.00000000E+00  2.68389620E-01  0.00000000E+00  8.33685382E-03  2.40389451E-01
 -3.39900000E-01  2.13780500E+00 -8.17429624E-01  0.00000000E+00  2.67752199E-01  0.00000000E+00  8.34237115E-03  2.36918169E-01
 -3.39900000E-01  2.13804000E+00 -8.12403266E-01  0.00000000E+00  2.67130592E-01  0.00000000E+00  8.34769870E-03  2.33472132E-01
 -3.39900000E-01  2.13827500E+00 -8.07363081E-01  0.00000000E+00  2.66524811E-01  0.00000000E+00  8.35283153E-03  2.30051341E-01
 -3.39900000E-01  2.13851000E+00 -8.02309067E-01  0.00000000E+00  2.65934865E-01  0.00000000E+00  8.35776454E-03  2.26655796E-01
 -3.39900000E-01  2.13874500E+00 -7.97241226E-01  0.00000000E+00  2.65360757E-01  0.00000000E+00  8.36249253E-03  2.23285497E-01
 -3.39900000E-01  2.13898000E+00 -7.92159558E-01  0.00000000E+00  2.64802489E-01  0.00000000E+00  8.36701014E-03  2.19940443E-01
 -3.39900000E-01  2.13921500E+00 -7.87064061E-01  0.00000000E+00  2.64260058E-01  0.00000000E+00  8.37131189E-03  2.16620635E-01
 -3.39900000E-01  2.13945000E+00 -7.81954737E-01  0.00000000E+00  2.63733455E-01  0.00000000E+00  8.37539215E-03  2.13326072E-01
 -3.39900000E-01  2.13968500E+00 -7.76831585E-01  0.00000000E+00  2.63222671E-01  0.00000000E+00  8.37924515E-03  2.10056756E-01
 -3.39900000E-01  2.13992000E+00 -7.71694606E-01  0.00000000E+00  2.62727688E-01  0.00000000E+00  8.38286496E-03  2.06812685E-01
 -3.39900000E-01  2.14015500E+00 -7.66543799E-01  0.00000000E+00  2.62248487E-01  0.00000000E+00  8.38624551E-03  2.03593859E-01
 -3.39900000E-01  2.14039000E+00 -7.61379164E-01  0.00000000E+00  2.61785043E-01  0.00000000E+00  8.38938056E-03  2.00400280E-01
 -3.39900000E-01  2.14062500E+00 -7.56200702E-01  0.00000000E+00  2.61337327E-01  0.00000000E+00  8.39226372E-03  1.97231946E-01
 -3.39900000E-01  2.14086000E+00 -7.51008412E-01  0.00000000E+00  2.60905305E-01  0.00000000E+00  8.39488840E-03  1.94088857E-01
 -3.39900000E-01  2.14109500E+00 -7.45802294E-01  0.00000000E+00  2.60488939E-01  0.00000000E+00  8.39724787E-03  1.90971015E-01
 -3.39900000E-01  2.14133000E+00 -7.40582349E-01  0.00000000E+00  2.60088187E-01  0.00000000E+00  8.39933520E-03  1.87878418E-01
 -3.39900000E-01  2.14156500E+00 -7.35348575E-01  0.00000000E+00  2.59703001E-01  0.00000000E+00  8.40114329E-03  1.84811067E-01
 -3.39900000E-01  2.14180000E+00 -7.30100975E-01  0.00000000E+00  2.59333330E-01  0.00000000E+00  8.40266482E-03  1.81768961E-01
 -3.39900000E-01  2.14203500E+00 -7.24839546E-01  0.00000000E+00  2.58979117E-01  0.00000000E+00  8.40389232E-03  1.78752101E-01
 -3.39900000E-01  2.14227000E+00 -7.19564290E-01  0.00000000E+00  2.58640302E-01  0.00000000E+00  8.40481807E-03  1.75760487E-01
 -3.39900000E-01  2.14250500E+00 -7.14275206E-01  0.00000000E+00  2.58316821E-01  0.00000000E+00  8.40543417E-03  1.72794119E-01
 -3.39900000E-01  2.14274000E+00 -7.08972295E-01  0.00000000E+00  2.58008604E-01  0.00000000E+00  8.40573249E-03  1.69852996E-01
 -3.39900000E-01  2.14297500E+00 -7.03655556E-01  0.00000000E+00  2.57715581E-01  0.00000000E+00  8.40570469E-03  1.66937119E-01
 -3.39900000E-01  2.14321000E+00 -6.98324989E-01  0.00000000E+00  2.57437675E-01  0.00000000E+00  8.40534219E-03  1.64046487E-01
 -3.39900000E-01  2.14344500E+00 -6.92980595E-01  0.00000000E+00  2.57174807E-01  0.00000000E+00  8.40463617E-03  1.61181102E-01
 -3.39900000E-01  2.14368000E+00 -6.87622373E-01  0.00000000E+00  2.56926895E-01  0.00000000E+00  8.40357758E-03  1.58340962E-01
 -3.39900000E-01  2.14391500E+00 -6.82250323E-01  0.00000000E+00  2.56693856E-01  0.00000000E+00  8.40215710E-03  1.55526067E-01
 -3.39900000E-01  2.14415000E+00 -6.76864445E-01  0.00000000E+00  2.56475603E-01  0.00000000E+00  8.40036517E-03  1.52736419E-01
 -3.39900000E-01  2.14438500E+00 -6.71464740E-01  0.00000000E+00  2.56272047E-01  0.00000000E+00  8.39819195E-03  1.49972016E-01
 -3.39900000E-01  2.14462000E+00 -6.66051207E-01  0.00000000E+00  2.56083100E-01  0.00000000E+00  8.39562731E-03  1.47232858E-01
 -3.39900000E-01  2.14485500E+00 -6.60623847E-01  0.00000000E+00  2.55908672E-01  0.00000000E+00  8.39266086E-03  1.44518947E-01
 -3.39900000E-01  2.14509000E+00 -6.55182659E-01  0.00000000E+00  2.55748697E-01  0.00000000E+00  8.38928189E-03  1.41830281E-01
 -3.39900000E-01  2.14532500E+00 -6.49727643E-01  0.00000000E+00  2.55603071E-01  0.00000000E+00  8.38547939E-03  1.39166861E-01
 -3.39900000E-01  2.14556000E+00 -6.44258800E-01  0.00000000E+00  2.55471655E-01  0.00000000E+00  8.38124203E-03  1.36528686E-01
 -3.39900000E-01  2.14579500E+00 -6.38776128E-01  0.00000000E+00  2.55354356E-01  0.00000000E+00  8.37655816E-03  1.33915758E-01
 -3.39900000E-01  2.14603000E+00 -6.33279630E-01  0.00000000E+00  2.55251067E-01  0.00000000E+00  8.37141579E-03  1.31328074E-01
 -3.39900000E-01  2.14626500E+00 -6.27769303E-01  0.00000000E+00  2.55161671E-01  0.00000000E+00  8.36580257E-03  1.28765637E-01
 -3.39900000E-01  2.14650000E+00 -6.22245149E-01  0.00000000E+00  2.55086039E-01  0.00000000E+00  8.35970579E-03  1.26228445E-01
 -3.39900000E-01  2.14673500E+00 -6.16707167E-01  0.00000000E+00  2.55024031E-01  0.00000000E+00  8.35311238E-03  1.23716499E-01
 -3.39900000E-01  2.14697000E+00 -6.11155358E-01  0.00000000E+00  2.54975494E-01  0.00000000E+00  8.34600888E-03  1.21229799E-01
 -3.39900000E-01  2.14720500E+00 -6.05589720E-01  0.00000000E+00  2.54940266E-01  0.00000000E+00  8.33838140E-03  1.18768344E-01
 -3.39900000E-01  2.14744000E+00 -6.00010256E-01  0.00000000E+00  2.54918175E-01  0.00000000E+00  8.33021568E-03  1.16332135E-01
 -3.39900000E-01  2.14767500E+00 -5.94416963E-01  0.00000000E+00  2.54909039E-01  0.00000000E+00  8.32149699E-03  1.13921172E-01
 -3.39900000E-01  2.14791000E+00 -5.88809843E-01  0.00000000E+00  2.54912664E-01  0.00000000E+00  8.31221018E-03  1.11535454E-01
 -3.39900000E-01  2.14814500E+00 -5.83188895E-01  0.00000000E+00  2.54928850E-01  0.00000000E+00  8.30233963E-03  1.09174982E-01
 -3.39900000E-01  2.14838000E+00 -5.77554120E-01  0.00000000E+00  2.54957387E-01  0.00000000E+00  8.29186923E-03  1.06839756E-01
 -3.39900000E-01  2.14861500E+00 -5.71905516E-01  0.00000000E+00  2.54998058E-01  0.00000000E+00  8.28078240E-03  1.04529775E-01
 -3.39900000E-01  2.14885000E+00 -5.66243086E-01  0.00000000E+00  2.55050639E-01  0.00000000E+00  8.26906204E-03  1.02245041E-01
 -3.39900000E-01  2.14908500E+00 -5.60566827E-01  0.00000000E+00  2.55114898E-01  0.00000000E+00  8.25669049E-03  9.99855514E-02
 -3.39900000E-01  2.14932000E+00 -5.54876741E-01  0.00000000E+00  2.55190597E-01  0.00000000E+00  8.24364959E-03  9.77513080E-02
 -3.39900000E-01  2.14955500E+00 -5.49172827E-01  0.00000000E+00  2.55277494E-01  0.00000000E+00  8.22992057E-03  9.55423102E-02
 -3.39900000E-01  2.14979000E+00 -5.43455085E-01  0.00000000E+00  2.55375339E-01  0.00000000E+00  8.21548408E-03  9.33585581E-02
 -3.39900000E-01  2.15002500E+00 -5.37723516E-01  0.00000000E+00  2.55483881E-01  0.00000000E+00  8.20032015E-03  9.12000517E-02
 -3.39900000E-01  2.15026000E+00 -5.31978119E-01  0.00000000E+00  2.55602861E-01  0.00000000E+00  8.18440820E-03  8.90667909E-02
 -3.39900000E-01  2.15049500E+00 -5.26218895E-01  0.00000000E+00  2.55732020E-01  0.00000000E+00  8.16772694E-03  8.69587759E-02
 -3.39900000E-01  2.15073000E+00 -5.20445843E-01  0.00000000E+00  2.55871092E-01  0.00000000E+00  8.15025445E-03  8.48760066E-02
 -3.39900000E-01  2.15096500E+00 -5.14658963E-01  0.00000000E+00  2.56019810E-01  0.00000000E+00  8.13196806E-03  8.28184829E-02
 -3.39900000E-01  2.15120000E+00 -5.08858255E-01  0.00000000E+00  2.56177905E-01  0.00000000E+00  8.11284436E-03  8.07862049E-02
 -3.39900000E-01  2.15143500E+00 -5.03043720E-01  0.00000000E+00  2.56345102E-01  0.00000000E+00  8.09285919E-03  7.87791726E-02
 -3.39900000E-01  2.15167000E+00 -4.97215357E-01  0.00000000E+00  2.56521126E-01  0.00000000E+00  8.07198758E-03  7.67973861E-02
 -3.39900000E-01  2.15190500E+00 -4.91373166E-01  0.00000000E+00  2.56705698E-01  0.00000000E+00  8.05020374E-03  7.48408452E-02
 -3.39900000E-01  2.15214000E+00 -4.85517148E-01  0.00000000E+00  2.56898536E-01  0.00000000E+00  8.02748101E-03  7.29095499E-02
 -3.39900000E-01  2.15237500E+00 -4.79647302E-01  0.00000000E+00  2.57099357E-01  0.00000000E+00  8.00379182E-03  7.10035004E-02
 -3.39900000E-01  2.15261000E+00 -4.73763629E-01  0.00000000E+00  2.57307872E-01  0.00000000E+00  7.97910771E-03  6.91226966E-02
 -3.39900000E-01  2.15284500E+00 -4.67866127E-01  0.00000000E+00  2.57523788E-01  0.00000000E+00  7.95339921E-03  6.72671384E-02
 -3.39900000E-01  2.15308000E+00 -4.61954799E-01  0.00000000E+00  2.57746809E-01  0.00000000E+00  7.92663587E-03  6.54368260E-02
 -3.39900000E-01  2.15331500E+00 -4.56029642E-01  0.00000000E+00  2.57976633E-01  0.00000000E+00  7.89878617E-03  6.36317592E-02
 -3.39900000E-01  2.15355000E+00 -4.50090658E-01  0.00000000E+00  2.58212951E-01  0.00000000E+00  7.86981754E-03  6.18519381E-02
 -3.39900000E-01  2.15378500E+00 -4.44137846E-01  0.00000000E+00  2.58455520E-01  0.00000000E+00  7.83969624E-03  6.00973628E-02
 -3.39900000E-01  2.15402000E+00 -4.38171206E-01  0.00000000E+00  2.58704133E-01  0.00000000E+00  7.80838735E-03  5.83680331E-02
 -3.39900000E-01  2.15425500E+00 -4.32190739E-01  0.00000000E+00  2.58958545E-01  0.00000000E+00  7.77585473E-03  5.66639491E-02
 -3.39900000E-01  2.15449000E+00 -4.26196444E-01  0.00000000E+00  2.59218532E-01  0.00000000E+00  7.74206097E-03  5.49851107E-02
 -3.39900000E-01  2.15472500E+00 -4.20188321E-01  0.00000000E+00  2.59483832E-01  0.00000000E+00  7.70696731E-03  5.33315181E-02
 -3.39900000E-01  2.15496000E+00 -4.14166371E-01  0.00000000E+00  2.59754148E-01  0.00000000E+00  7.67053363E-03  5.17031712E-02
 -3.39900000E-01  2.15519500E+00 -4.08130593E-01  0.00000000E+00  2.60029153E-01  0.00000000E+00  7.63271832E-03  5.01000699E-02
 -3.39900000E-01  2.15543000E+00 -4.02080988E-01  0.00000000E+00  2.60308496E-01  0.00000000E+00  7.59347831E-03  4.85222143E-02
 -3.39900000E-01  2.15566500E+00 -3.96017554E-01  0.00000000E+00  2.60591805E-01  0.00000000E+00  7.55276893E-03  4.69696045E-02
 -3.39900000E-01  2.15590000E+00 -3.89940293E-01  0.00000000E+00  2.60878688E-01  0.00000000E+00  7.51054389E-03  4.54422403E-02
 -3.39900000E-01  2.15613500E+00 -3.83849205E-01  0.00000000E+00  2.61168740E-01  0.00000000E+00  7.46675519E-03  4.39401218E-02
 -3.39900000E-01  2.15637000E+00 -3.77744288E-01  0.00000000E+00  2.61461542E-01  0.00000000E+00  7.42135306E-03  4.24632490E-02
 -3.39900000E-01  2.15660500E+00 -3.71625544E-01  0.00000000E+00  2.61756664E-01  0.00000000E+00  7.37428587E-03  4.10116218E-02
 -3.39900000E-01  2.15684000E+00 -3.65492973E-01  0.00000000E+00  2.62053667E-01  0.00000000E+00  7.32550007E-03  3.95852404E-02
 -3.39900000E-01  2.15707500E+00 -3.59346573E-01  0.00000000E+00  2.62352104E-01  0.00000000E+00  7.27494011E-03  3.81841047E-02
 -3.39900000E-01  2.15731000E+00 -3.53186347E-01  0.00000000E+00  2.62651522E-01  0.00000000E+00  7.22254830E-03  3.68082146E-02
 -3.39900000E-01  2.15754500E+00 -3.47012292E-01  0.00000000E+00  2.62951463E-01  0.00000000E+00  7.16826482E-03  3.54575703E-02
 -3.39900000E-01  2.15778000E+00 -3.40824410E-01  0.00000000E+00  2.63251463E-01  0.00000000E+00  7.11202754E-03  3.41321716E-02
 -3.39900000E-01  2.15801500E+00 -3.34622700E-01  0.00000000E+00  2.63551053E-01  0.00000000E+00  7.05377198E-03  3.28320186E-02
 -3.39900000E-01  2.15825000E+00 -3.28407162E-01  0.00000000E+00  2.63849762E-01  0.00000000E+00  6.99343117E-03  3.15571113E-02
 -3.39900000E-01  2.15848500E+00 -3.22177797E-01  0.00000000E+00  2.64147113E-01  0.00000000E+00  6.93093558E-03  3.03074497E-02
 -3.39900000E-01  2.15872000E+00 -3.15934604E-01  0.00000000E+00  2.64442630E-01  0.00000000E+00  6.86621303E-03  2.90830338E-02
 -3.39900000E-01  2.15895500E+00 -3.09677583E-01  0.00000000E+00  2.64735829E-01  0.00000000E+00  6.79918853E-03  2.78838635E-02
 -3.39900000E-01  2.15919000E+00 -3.03406735E-01  0.00000000E+00  2.65026226E-01  0.00000000E+00  6.72978420E-03  2.67099390E-02
 -3.39900000E-01  2.15942500E+00 -2.97122059E-01  0.00000000E+00  2.65313335E-01  0.00000000E+00  6.65791915E-03  2.55612602E-02
 -3.39900000E-01  2.15966000E+00 -2.90823555E-01  0.00000000E+00  2.65596728E-01  0.00000000E+00  6.58350940E-03  2.44378270E-02
 -3.39900000E-01  2.15989500E+00 -2.84511224E-01  0.00000000E+00  2.65875997E-01  0.00000000E+00  6.50646770E-03  2.33396395E-02
 -3.39900000E-01  2.16013000E+00 -2.78185065E-01  0.00000000E+00  2.66150788E-01  0.00000000E+00  6.42670352E-03  2.22666977E-02
 -3.39900000E-01  2.16036500E+00 -2.71845078E-01  0.00000000E+00  2.66420802E-01  0.00000000E+00  6.34412281E-03  2.12190016E-02
 -3.39900000E-01  2.16060000E+00 -2.65491264E-01  0.00000000E+00  2.66685814E-01  0.00000000E+00  6.25862798E-03  2.01965512E-02
 -3.39900000E-01  2.16083500E+00 -2.59123622E-01  0.00000000E+00  2.66945694E-01  0.00000000E+00  6.17011776E-03  1.91993465E-02
 -3.39900000E-01  2.16107000E+00 -2.52742152E-01  0.00000000E+00  2.67200419E-01  0.00000000E+00  6.07848714E-03  1.82273875E-02
 -3.39900000E-01  2.16130500E+00 -2.46346854E-01  0.00000000E+00  2.67450074E-01  0.00000000E+00  5.98362726E-03  1.72806741E-02
 -3.39900000E-01  2.16154000E+00 -2.39937729E-01  0.00000000E+00  2.67694852E-01  0.00000000E+00  5.88542534E-03  1.63592065E-02
 -3.39900000E-01  2.16177500E+00 -2.33514777E-01  0.00000000E+00  2.67935043E-01  0.00000000E+00  5.78376464E-03  1.54629845E-02
 -3.39900000E-01  2.16201000E+00 -2.27077996E-01  0.00000000E+00  2.68171016E-01  0.00000000E+00  5.67852442E-03  1.45920083E-02
 -3.39900000E-01  2.16224500E+00 -2.20627388E-01  0.00000000E+00  2.68403195E-01  0.00000000E+00  5.56957997E-03  1.37462777E-02
 -3.39900000E-01  2.16248000E+00 -2.14162953E-01  0.00000000E+00  2.68632029E-01  0.00000000E+00  5.45680269E-03  1.29257928E-02
 -3.39900000E-01  2.16271500E+00 -2.07684689E-01  0.00000000E+00  2.68857954E-01  0.00000000E+00  5.34006014E-03  1.21305536E-02
 -3.39900000E-01  2.16295000E+00 -2.01192598E-01  0.00000000E+00  2.69081347E-01  0.00000000E+00  5.21921634E-03  1.13605601E-02
 -3.39900000E-01  2.16318500E+00 -1.94686679E-01  0.00000000E+00  2.69302479E-01  0.00000000E+00  5.09413190E-03  1.06158122E-02
 -3.39900000E-01  2.16342000E+00 -1.88166933E-01  0.00000000E+00  2.69521474E-01  0.00000000E+00  4.96466451E-03  9.89631010E-03
 -3.39900000E-01  2.16365500E+00 -1.81633359E-01  0.00000000E+00  2.69738331E-01  0.00000000E+00  4.83066945E-03  9.20205366E-03
 -3.39900000E-01  2.16389000E+00 -1.75085957E-01  0.00000000E+00  2.69952884E-01  0.00000000E+00  4.69200041E-03  8.53304290E-03
 -3.39900000E-01  2.16412500E+00 -1.68524728E-01  0.00000000E+00  2.70164805E-01  0.00000000E+00  4.54851029E-03  7.88927783E-03
 -3.39900000E-01  2.16436000E+00 -1.61949671E-01  0.00000000E+00  2.70373634E-01  0.00000000E+00  4.40005257E-03  7.27075844E-03
 -3.39900000E-01  2.16459500E+00 -1.55360786E-01  0.00000000E+00  2.70578815E-01  0.00000000E+00  4.24648304E-03  6.67748475E-03
 -3.39900000E-01  2.16483000E+00 -1.48758074E-01  0.00000000E+00  2.70779718E-01  0.00000000E+00  4.08766184E-03  6.10945675E-03
 -3.39900000E-01  2.16506500E+00 -1.42141534E-01  0.00000000E+00  2.70975647E-01  0.00000000E+00  3.92345625E-03  5.56667443E-03
 -3.39900000E-01  2.16530000E+00 -1.35511166E-01  0.00000000E+00  2.71165864E-01  0.00000000E+00  3.75374436E-03  5.04913781E-03
 -3.39900000E-01  2.16553500E+00 -1.28866970E-01  0.00000000E+00  2.71349606E-01  0.00000000E+00  3.57841974E-03  4.55684687E-03
 -3.39900000E-01  2.16577000E+00 -1.22208947E-01  0.00000000E+00  2.71526131E-01  0.00000000E+00  3.39739754E-03  4.08980162E-03
 -3.39900000E-01  2.16600500E+00 -1.15537096E-01  0.00000000E+00  2.71694815E-01  0.00000000E+00  3.21062223E-03  3.64800207E-03
 -3.39900000E-01  2.16624000E+00 -1.08851418E-01  0.00000000E+00  2.71855503E-01  0.00000000E+00  3.01807819E-03  3.23144820E-03
 -3.39900000E-01  2.16647500E+00 -1.02151912E-01  0.00000000E+00  2.72009042E-01  0.00000000E+00  2.81980305E-03  2.84014002E-03
 -3.39900000E-01  2.16671000E+00 -9.54385782E-02  0.00000000E+00  2.72158134E-01  0.00000000E+00  2.61590577E-03  2.47407753E-03
 -3.39900000E-01  2.16694500E+00 -8.87114167E-02  0.00000000E+00  2.72308248E-01  0.00000000E+00  2.40659061E-03  2.13326072E-03
 -3.39900000E-01  2.16718000E+00 -8.19704276E-02  0.00000000E+00  2.72468369E-01  0.00000000E+00  2.19218915E-03  1.81768961E-03
 -3.39900000E-01  2.16741500E+00 -7.52156108E-02  0.00000000E+00  2.72650182E-01  0.00000000E+00  1.97320416E-03  1.52736419E-03
 -3.39900000E-01  2.16765000E+00 -6.84469664E-02  0.00000000E+00  2.72864186E-01  0.00000000E+00  1.75036980E-03  1.26228445E-03
 -3.39900000E-01  2.16788500E+00 -6.16644943E-02  0.00000000E+00  2.73110277E-01  0.00000000E+00  1.52473526E-03  1.02245041E-03
 -3.39900000E-01  2.16812000E+00 -5.48681945E-02  0.00000000E+00  2.73360034E-01  0.00000000E+00  1.29778360E-03  8.07862049E-04
 -3.39900000E-01  2.16835500E+00 -4.80580670E-02  0.00000000E+00  2.73530170E-01  0.00000000E+00  1.07160284E-03  6.18519381E-04
 -3.39900000E-01  2.16859000E+00 -4.12341119E-02  0.00000000E+00  2.73450857E-01  0.00000000E+00  8.49136943E-04  4.54422403E-04
 -3.39900000E-01  2.16882500E+00 -3.43963291E-02  0.00000000E+00  2.72843891E-01  0.00000000E+00  6.34562659E-04  3.15571113E-04
 -3.39900000E-01  2.16906000E+00 -2.75447186E-02  0.00000000E+00  2.71341583E-01  0.00000000E+00  4.33864053E-04  2.01965512E-04
 -3.39900000E-01  2.16929500E+00 -2.06792804E-02  0.00000000E+00  2.68600686E-01  0.00000000E+00  2.55715446E-04  1.13605601E-04
 -3.39900000E-01  2.16953000E+00 -1.38000146E-02  0.00000000E+00  2.64584958E-01  0.00000000E+00  1.12768171E-04  5.04913781E-05
 -3.39900000E-01  2.16976500E+00 -6.90692115E-03  0.00000000E+00  2.60089871E-01  0.00000000E+00  2.27902281E-05  1.26228445E-05
 -3.39900000E-01  2.17000000E+00 -4.39599972E-13  0.00000000E+00  2.57527730E-01  0.00000000E+00  1.06305705E-17  4.07383549E-26
